date,snowfall_24h,precipitation,hours_with_snow,max_snowfall_1h,temp_min,temp_max,temp_mean,wind_max,wind_mean,wind_u_mean,wind_v_mean,humidity_mean,radiation_mean,radiation_peak,cloud_cover_mean,pressure_mean,pressure_min,dewpoint_mean,dewpoint_min,temp_850_mean,temp_850_min,temp_850_max,wind_dir_mean,wind_dir_consistency,snow_temp_mean,wind_during_snow_mean,wind_during_snow_max,humidity_during_snow,wind_u_during_snow,wind_v_during_snow,wind_dir_during_snow,clear_sky_fraction,freeze_thaw_event,storm_duration_hours,snowfall_48h,snowfall_72h,snowfall_7d,snowfall_14d,snowfall_last_30d,freeze_thaw_count_7d,seasonal_snowfall_total,pressure_tendency_24h,pressure_tendency_3d,pressure_anomaly,temp_850_trend,rain_risk_850,freeze_depth_850,dewpoint_depression,dewpoint_depression_min,wind_dir_sin,wind_dir_cos,wind_dir_snow_sin,wind_dir_snow_cos,moisture_flux_u,moisture_flux_v,days_since_last_snow,days_since_major_snow,snowfall_ratio_1d_3d,snowfall_ratio_3d_7d,wind_loading_index,time_since_storm_peak,snow_quality_index,powder_freshness,melt_risk,wind_damage_score,cold_air_advection,wind_after_storm,temp_trend,day_of_year,month,season_year,days_in_season
2014-06-01,0.0,10.4,0,0.0,2.3,8.1,5.916666666666667,6.8,4.6875,3.898088969951886,0.8403420612102575,98.41666666666667,25.25,138.0,98.58333333333333,,,,,,,,73.74348131723846,0.8044430000376717,0.0,0.0,0.0,0.0,0.0,0.0,,0.0,0,0,0.0,0.0,0.0,0.0,0.0,0.0,0.0,0.0,0.0,0.0,0.0,,,,,0.9600180113323843,0.2799382394697339,0.9600180113323843,0.2799382394697339,3.836369227927648,0.8270366452410951,,,,,0.0,0,0.0,0.0,0.5248888888888888,0.0,-0.0,0.0,0.0,152,6,2014,0
2014-06-02,0.0,5.8,0,0.0,1.2,7.5,4.158333333333333,6.6,3.654166666666667,-1.0846838771212381,-0.023931646185420836,96.41666666666667,62.166666666666664,305.0,99.41666666666667,,,,,,,,185.483887150276,0.1601138089823475,0.0,0.0,0.0,0.0,0.0,0.0,,0.0,0,0,0.0,0.0,0.0,0.0,0.0,0.0,0.0,0.0,0.0,0.0,0.0,,,,,-0.09556582114591312,-0.9954231129668968,-0.09556582114591312,-0.9954231129668968,-1.0458160381910604,-0.023074095530443258,,,,,0.0,1,0.0,0.0,0.5295,0.0,-0.0,3.654166666666667,-1.7583333333333337,153,6,2014,1
2014-06-03,0.0,12.3,0,0.0,4.0,5.6,4.845833333333333,11.6,8.945833333333333,-6.720350277974409,5.860680116810891,98.83333333333333,16.541666666666668,86.0,99.875,,,,,,,,310.95654534064016,0.996734625406099,0.0,0.0,0.0,0.0,0.0,0.0,,0.0,0,0,0.0,0.0,0.0,0.0,0.0,0.0,0.0,0.0,0.0,0.0,0.0,,,,,-0.755206935919544,0.6554864483259846,-0.755206935919544,0.6554864483259846,-6.6419461913980395,5.792305515448097,,,,,0.0,2,0.0,0.0,0.46491666666666664,0.0,-0.0,17.891666666666666,0.6875,154,6,2014,2
2014-06-04,0.0,0.30000000000000004,0,0.0,3.9,9.3,5.9375,7.2,4.7124999999999995,-4.076039701992689,2.178048292022769,90.20833333333333,79.91666666666667,365.0,90.41666666666667,,,,,,,,299.3656937768115,0.977663719737503,0.0,0.0,0.0,0.0,0.0,0.0,,0.0,0,0,0.0,0.0,0.0,0.0,0.0,0.0,0.0,0.0,0.0,0.0,0.0,,,,,-0.8715075867706504,0.4903820206748991,-0.8715075867706504,0.4903820206748991,-3.676927481172571,1.964781063428873,,,,,0.0,3,0.0,0.0,0.5606388888888888,0.0,-0.0,14.1375,1.0916666666666668,155,6,2014,3
2014-06-05,0.0,0.2,0,0.0,1.2,9.6,5.054166666666666,6.5,3.0041666666666664,1.0885386895966707,-2.1069400272223757,85.70833333333333,98.91666666666667,489.0,75.625,,,,,,,,128.01593466113704,0.4843784794900817,0.0,0.0,0.0,0.0,0.0,0.0,,0.0,0,0,0.0,0.0,0.0,0.0,0.0,0.0,0.0,0.0,0.0,0.0,0.0,,,,,0.7878395001038366,-0.6158806069979285,0.7878395001038366,-0.6158806069979285,0.9329683685418131,-1.8058231816651777,,,,,0.0,4,0.0,0.0,0.5649722222222222,0.0,-0.0,12.016666666666666,-0.8833333333333337,156,6,2014,4
2014-06-06,0.0,0.0,0,0.0,1.1,6.9,3.7875,7.7,5.816666666666666,3.126076110493725,-4.835294557758166,86.91666666666667,89.875,397.0,65.41666666666667,,,,,,,,146.10557188602624,0.9878292988701577,0.0,0.0,0.0,0.0,0.0,0.0,,0.0,0,0,0.0,0.0,0.0,0.0,0.0,0.0,0.0,0.0,0.0,0.0,0.0,,,,,0.5576643895097224,-0.8300665206311773,0.5576643895097224,-0.8300665206311773,2.7170811527041296,-4.20267685311814,,,,,0.0,5,0.0,0.0,0.5029722222222223,0.0,-0.0,29.083333333333332,-1.2666666666666662,157,6,2014,5
2014-06-07,0.0,0.8,0,0.0,-1.2,8.7,3.5416666666666665,8.7,4.1125,-1.4550108705018026,-2.3893205676027796,89.20833333333333,91.08333333333333,401.0,68.125,,,,,,,,196.68077060229606,0.38395710747064854,0.0,0.0,0.0,0.0,0.0,0.0,,0.0,1,0,0.0,0.0,0.0,0.0,0.0,1.0,0.0,0.0,0.0,0.0,0.0,,,,,-0.2870390428270915,-0.9579188837750863,-0.2870390428270915,-0.9579188837750863,-1.297990947393483,-2.1314730563489794,,,,,0.0,6,0.0,0.0,0.5514166666666667,0.0,-0.0,24.674999999999997,-0.24583333333333357,158,6,2014,6
2014-06-08,0.0,0.0,0,0.0,0.3,5.6,2.408333333333333,11.5,8.179166666666667,2.56519784799415,-7.536269330933927,86.25,95.125,395.0,79.66666666666667,,,,,,,,158.55808836863022,0.9660862606612682,0.0,0.0,0.0,0.0,0.0,0.0,,0.0,0,0,0.0,0.0,0.0,0.0,0.0,1.0,0.0,0.0,0.0,0.0,0.0,,,,,0.365557750226559,-0.9307886608942423,0.365557750226559,-0.9307886608942423,2.2124831438949544,-6.500032297930512,,,,,0.0,6,0.0,0.0,0.4753611111111111,0.0,-0.0,49.075,-1.1333333333333333,159,6,2014,7
2014-06-09,0.0,0.1,0,0.0,1.2,7.8,4.320833333333334,10.7,8.729166666666666,5.839687859203082,-6.098604880219912,92.54166666666667,66.125,366.0,79.45833333333333,,,,,,,,134.98495282674722,0.9653979305951617,0.0,0.0,0.0,0.0,0.0,0.0,,0.0,0,0,0.0,0.0,0.0,0.0,0.0,1.0,0.0,0.0,0.0,0.0,0.0,,,,,0.7072924591032367,-0.7069210545002153,0.7072924591032367,-0.7069210545002153,5.404144473037519,-5.643750599570177,,,,,0.0,6,0.0,0.0,0.5258888888888889,0.0,-0.0,52.375,1.9125000000000005,160,6,2014,8
2014-06-10,0.0,0.0,0,0.0,1.2,10.2,4.920833333333333,5.5,3.3166666666666664,2.6609250322081106,0.5859390804112031,81.41666666666667,120.45833333333333,507.0,47.125,,,,,,,,72.14967585149854,0.760536655299067,0.0,0.0,0.0,0.0,0.0,0.0,,0.4166666666666667,0,0,0.0,0.0,0.0,0.0,0.0,1.0,0.0,0.0,0.0,0.0,0.0,,,,,0.9518605265792133,0.30653146321437036,0.9518605265792133,0.30653146321437036,2.16643646372277,0.4770520679681212,,,,,0.0,6,0.0,0.0,0.5783611111111111,0.0,-0.0,19.9,0.5999999999999996,161,6,2014,9
2014-06-11,0.0,0.0,0,0.0,0.2,10.5,4.658333333333333,5.5,3.3833333333333333,-1.4411042637862268,2.3521532040202384,79.33333333333333,122.375,497.0,50.083333333333336,,,,,,,,334.46695406911954,0.7557813755173044,0.0,0.0,0.0,0.0,0.0,0.0,,0.375,0,0,0.0,0.0,0.0,0.0,0.0,1.0,0.0,0.0,0.0,0.0,0.0,,,,,-0.43103160053195,0.9023368325314364,-0.43103160053195,0.9023368325314364,-1.1432760492704066,1.8660415418560559,,,,,0.0,6,0.0,0.0,0.5793611111111111,0.0,-0.0,20.3,-0.2625000000000002,162,6,2014,10
2014-06-12,0.0,0.0,0,0.0,1.6,8.8,4.095833333333333,8.7,6.05,-3.1385848658713074,4.920736636432531,78.29166666666667,73.33333333333333,328.0,88.66666666666667,,,,,,,,329.074848557521,0.9601664950622976,0.0,0.0,0.0,0.0,0.0,0.0,,0.0,0,0,0.0,0.0,0.0,0.0,0.0,1.0,0.0,0.0,0.0,0.0,0.0,,,,,-0.5139178720228449,0.8578393910374545,-0.5139178720228449,0.8578393910374545,-2.457250401238411,3.8525267249403026,,,,,0.0,6,0.0,0.0,0.5054166666666667,0.0,-0.0,36.3,-0.5625,163,6,2014,11
2014-06-13,0.0,10.1,0,0.0,1.3,6.8,4.325,9.8,5.5874999999999995,-2.206775594428874,5.080112715464169,95.45833333333333,29.708333333333332,153.0,96.66666666666667,,,,,,,,337.1576423520737,0.9877901667997175,0.0,0.0,0.0,0.0,0.0,0.0,,0.0,0,0,0.0,0.0,0.0,0.0,0.0,1.0,0.0,0.0,0.0,0.0,0.0,,,,,-0.388196995872135,0.921576417013722,-0.388196995872135,0.921576417013722,-2.1065512028485625,4.849390929636838,,,,,0.0,6,0.0,0.0,0.4891111111111111,0.0,-0.0,33.525,0.22916666666666696,164,6,2014,12
2014-06-14,0.0,15.6,0,0.0,3.4,6.9,4.670833333333333,7.8,4.016666666666667,-1.3836661345582109,-3.3237200347673714,95.45833333333333,59.541666666666664,259.0,91.41666666666667,,,,,,,,201.51147104596936,0.6636782032020025,0.0,0.0,0.0,0.0,0.0,0.0,,0.0,0,0,0.0,0.0,0.0,0.0,0.0,0.0,0.0,0.0,0.0,0.0,0.0,,,,,-0.3666874959724157,-0.9303441730335498,-0.3666874959724157,-0.9303441730335498,-1.3208246309470255,-3.1727677498550197,,,,,0.0,6,0.0,0.0,0.5112222222222222,0.0,-0.0,24.1,0.3458333333333332,165,6,2014,13
2014-06-15,0.0,7.6000000000000005,0,0.0,1.8,5.8,3.6791666666666667,15.3,9.391666666666667,-3.890593212271629,-7.923417659453169,92.54166666666667,67.45833333333333,286.0,86.41666666666667,,,,,,,,214.79961990052914,0.922202102555111,0.0,0.0,0.0,0.0,0.0,0.0,,0.0,0,0,0.0,0.0,0.0,0.0,0.0,0.0,0.0,0.0,0.0,0.0,0.0,,,,,-0.570708120178488,-0.8211529952221671,-0.570708120178488,-0.8211529952221671,-3.6004198018563702,-7.332462759018954,,,,,0.0,6,0.0,0.0,0.48233333333333334,0.0,-0.0,56.35000000000001,-0.9916666666666667,166,6,2014,14
2014-06-16,0.0,2.4,0,0.0,-1.4,4.7,2.1083333333333334,11.5,7.454166666666667,-6.0047977468523,4.274840219578704,93.20833333333333,76.54166666666667,342.0,65.83333333333333,,,,,,,,303.7293010523793,0.98337830052273,0.0,0.0,0.0,0.0,0.0,0.0,,0.125,1,0,0.0,0.0,0.0,0.0,0.0,1.0,0.0,0.0,0.0,0.0,0.0,,,,,-0.8316702660019691,0.5552698160788266,-0.8316702660019691,0.5552698160788266,-5.596971899878581,3.9845073213323166,,,,,0.0,6,0.0,0.0,0.4661666666666666,0.0,-0.0,44.725,-1.5708333333333333,167,6,2014,15
2014-06-17,0.0,0.0,0,0.0,2.2,6.2,3.7875,7.6,5.375,-4.625599828699452,-0.25671874900055774,94.08333333333333,33.666666666666664,157.0,88.04166666666667,,,,,,,,269.5138085788833,0.8571441216608122,0.0,0.0,0.0,0.0,0.0,0.0,,0.0,0,0,0.0,0.0,0.0,0.0,0.0,1.0,0.0,0.0,0.0,0.0,0.0,,,,,-0.9999639971636528,-0.008485539257476308,-0.9999639971636528,-0.008485539257476308,-4.351918505501401,-0.2415295563513581,,,,,0.0,6,0.0,0.0,0.47383333333333333,0.0,-0.0,32.25,1.6791666666666667,168,6,2014,16
2014-06-18,0.0,0.0,0,0.0,-0.8,10.2,4.1499999999999995,4.6,1.9583333333333333,-0.6330612482100738,0.7861178312333359,78.91666666666667,121.41666666666667,506.0,26.333333333333332,,,,,,,,355.5772520280918,0.45444847301265207,0.0,0.0,0.0,0.0,0.0,0.0,,0.7083333333333334,1,0,0.0,0.0,0.0,0.0,0.0,2.0,0.0,0.0,0.0,0.0,0.0,,,,,-0.07711487894077655,0.9970222141185969,-0.07711487894077655,0.9970222141185969,-0.49959083504578333,0.6203779884816409,,,,,0.0,6,0.0,0.0,0.5706666666666667,0.0,-0.0,11.75,0.3624999999999994,169,6,2014,17
2014-06-19,0.0,0.0,0,0.0,-0.3,8.7,3.358333333333333,9.9,6.5874999999999995,-3.699593185220985,5.278544814330634,73.875,93.0,416.0,82.04166666666667,,,,,,,,327.36224040960104,0.9751702292998737,0.0,0.0,0.0,0.0,0.0,0.0,,0.16666666666666666,1,0,0.0,0.0,0.0,0.0,0.0,3.0,0.0,0.0,0.0,0.0,0.0,,,,,-0.5393258686769415,0.8420971484192679,-0.5393258686769415,0.8420971484192679,-2.7330744655820025,3.8995249815867563,,,,,0.0,6,0.0,0.0,0.5015833333333334,0.0,-0.0,39.525,-0.7916666666666665,170,6,2014,18
2014-06-20,0.0,0.0,0,0.0,-0.0,6.5,3.533333333333333,15.9,9.4125,-6.499670338124642,6.751737032193399,87.66666666666667,91.91666666666667,396.0,60.208333333333336,,,,,,,,316.96253982687404,0.9965465106723962,0.0,0.0,0.0,0.0,0.0,0.0,,0.16666666666666666,0,0,0.0,0.0,0.0,0.0,0.0,3.0,0.0,0.0,0.0,0.0,0.0,,,,,-0.6824763757723656,0.7309076525202186,-0.6824763757723656,0.7309076525202186,-5.698044329755936,5.919022798222881,,,,,0.0,6,0.0,0.0,0.49794444444444447,0.0,-0.0,56.474999999999994,0.17500000000000027,171,6,2014,19
2014-06-21,0.0,2.5,0,0.0,-1.2,7.6,2.5124999999999997,5.9,3.6166666666666667,-2.2399934156734047,2.355064866040141,91.08333333333333,88.04166666666667,430.0,62.625,,,,,,,,324.66154444661584,0.7256022209325853,0.0,0.0,0.0,0.0,0.0,0.0,,0.0,1,0,0.0,0.0,0.0,0.0,0.0,4.0,0.0,0.0,0.0,0.0,0.0,,,,,-0.5784052661678288,0.8157495621018274,-0.5784052661678288,0.8157495621018274,-2.040260669442526,2.1450715821515614,,,,,0.0,6,0.0,0.0,0.5311944444444444,0.0,-0.0,21.7,-1.0208333333333335,172,6,2014,20
2014-06-22,0.0,0.0,0,0.0,-2.2,9.2,2.5541666666666667,7.2,3.2583333333333333,0.19263614730327225,2.3647607318509256,87.66666666666667,112.20833333333333,482.0,55.5,,,,,,,,24.797796558982487,0.7040180947513099,0.0,0.0,0.0,0.0,0.0,0.0,,0.125,0,0,0.0,0.0,0.0,0.0,0.0,4.0,0.0,0.0,0.0,0.0,0.0,,,,,0.4194171714646122,0.9077936088564538,0.4194171714646122,0.9077936088564538,0.16887768913586867,2.073106908255978,,,,,0.0,6,0.0,0.0,0.5714722222222223,0.0,-0.0,19.55,0.04166666666666696,173,6,2014,21
2014-06-23,2.66,14.9,9,0.49,-1.0,4.7,2.0166666666666666,20.0,14.362499999999999,-8.020474166228377,11.74274002772785,95.75,47.75,278.0,98.125,,,,,,,,326.2167261853426,0.9896319752998589,0.7111111111111111,15.455555555555556,17.7,98.33333333333333,-9.94911200734053,11.626270572670485,318.97084256499903,0.0,0,9,2.66,2.66,2.66,2.66,2.66,3.0,2.66,0.0,0.0,0.0,0.0,,,,,-0.5560530049918565,0.8311468315764228,-0.6564430106285649,0.7543756185063949,-7.6796040141636706,11.243673576549416,0.0,,1.0,1.0,53.2,0,0.4983727561728395,2.66,0.4554444444444445,41.11177777777778,0.0,0.0,-0.5375000000000001,174,6,2014,22
2014-06-24,14.91,24.9,24,2.24,-3.0,1.1,-1.0583333333333333,19.9,15.520833333333334,-11.309006348888609,10.268351954262313,95.04166666666667,37.791666666666664,170.0,97.45833333333333,,,,,,,,311.886823310806,0.9850662784288903,-1.0583333333333333,15.520833333333334,19.9,95.04166666666667,-11.309006348888609,10.268351954262313,311.886823310806,0.0,0,24,17.57,17.57,17.57,17.57,17.57,3.0,17.57,0.0,0.0,0.0,0.0,,,,,-0.7444651124145512,0.6676613635650858,-0.7444651124145512,0.6676613635650858,-10.748268117422883,9.759212836530141,0.0,0.0,0.848605577689243,1.0,100.0,0,3.3222840250651045,17.57,0.3664444444444444,231.415625,0.0,0.0,-3.075,175,6,2014,23
2014-06-25,3.29,10.8,15,0.49,-1.2,2.1,0.6708333333333334,15.3,12.445833333333333,-9.872583623013307,7.4112410763394,95.04166666666667,73.83333333333333,327.0,94.75,,,,,,,,307.16842047406794,0.9921296629180645,0.10000000000000002,12.12,14.0,94.73333333333333,-9.919512470449261,6.78365636721306,305.05729936437035,0.0,0,15,18.2,20.86,20.86,20.86,20.86,2.0,20.86,0.0,0.0,0.0,0.0,,,,,-0.7968630319217314,0.6041600022812713,-0.8185780224337335,0.5743953526870479,-9.383068018372231,7.043767039637572,0.0,1.0,0.15771812080536912,1.0,50.337,1,0.6909123374999999,20.86,0.4126944444444445,39.8748,0.0,12.445833333333333,1.7291666666666667,176,6,2014,24
2014-06-26,0.07,9.5,1,0.07,1.6,3.4,2.4499999999999997,16.9,14.424999999999999,-10.840322277024027,9.458333523306651,95.58333333333333,60.458333333333336,275.0,95.04166666666667,,,,,,,,310.8733227857037,0.9973200549863296,1.8,14.8,14.8,99.0,-9.709673629059509,11.169701787297024,319.0,0.0,0,1,3.36,18.27,20.93,20.93,20.93,1.0,20.93,0.0,0.0,0.0,0.0,,,,,-0.7561582379702718,0.6543888134356316,-0.6560590289905074,0.7547095802227719,-10.361541376455467,9.040590459360606,0.0,2.0,0.0038314176245210735,0.8729096989966555,1.183,2,0.011695249999999997,18.27,0.4344722222222222,1.0360000000000003,0.0,28.849999999999998,1.7791666666666663,177,6,2014,25
2014-06-27,0.0,0.30000000000000004,0,0.0,1.7,4.8,3.0749999999999997,16.6,12.495833333333332,-7.568735731334729,9.84979374082723,90.125,71.45833333333333,316.0,85.91666666666667,,,,,,,,321.4297466126285,0.9931548348046891,0.0,0.0,0.0,0.0,0.0,0.0,,0.125,0,0,0.07,3.36,20.93,20.93,20.93,1.0,20.93,0.0,0.0,0.0,0.0,,,,,-0.6234737657140901,0.7818442705975992,-0.6234737657140901,0.7818442705975992,-6.821323077865425,8.877126608920541,1.0,3.0,0.0,0.1605351170568562,0.0,3,0.0,1.68,0.45472222222222225,0.0,-0.0,37.4875,0.625,178,6,2014,26
2014-06-28,5.6000000000000005,15.2,16,0.63,-1.2,2.6,1.0125,17.1,14.154166666666667,-7.84532046201166,11.693450506392232,90.70833333333333,58.75,238.0,73.66666666666667,,,,,,,,326.2506685178771,0.9950433932710765,0.375,13.2375,17.1,96.1875,-7.65004674397818,10.715271415731744,324.87397697414605,0.20833333333333334,0,16,5.6000000000000005,5.67,26.53,26.53,26.53,0.0,26.53,0.0,0.0,0.0,0.0,,,,,-0.555560531528994,0.8314760945494595,-0.5753767860831116,0.8178884728596371,-7.116359435749742,10.60693406350662,0.0,4.0,0.9876543209876544,0.21372031662269128,95.76000000000002,4,1.1245308593749999,5.67,0.3993055555555555,74.13000000000001,0.0,56.61666666666667,-2.0625,179,6,2014,27
2014-06-29,7.28,13.200000000000001,21,0.77,-2.2,0.7,-0.9833333333333334,18.4,12.654166666666667,-9.789096888743176,7.876362985885049,94.58333333333333,55.416666666666664,268.0,96.75,,,,,,,,307.50020527056336,0.992136555907044,-0.8952380952380953,13.514285714285714,18.4,94.0952380952381,-10.414702542076387,8.453411209902962,307.81240309703753,0.0,1,21,12.88,12.88,33.81,33.81,33.81,1.0,33.81,0.0,0.0,0.0,0.0,,,,,-0.793351159308722,0.6087642713099273,-0.7900223148815019,0.6130780880028849,-9.258854140602919,7.449726657482942,0.0,5.0,0.5652173913043478,0.38095238095238093,100.0,5,1.6479592380952381,12.88,0.36777777777777776,98.384,0.0,63.270833333333336,-1.9958333333333333,180,6,2014,28
2014-06-30,0.77,1.8,7,0.21,-3.2,1.3,-1.2583333333333333,12.3,7.6625000000000005,-6.842825825280239,3.302607821912519,91.75,88.83333333333333,378.0,91.91666666666667,,,,,,,,296.7972431094908,0.9930551736847436,-1.2857142857142858,7.357142857142857,8.0,96.28571428571429,-6.167569367751473,3.968168223824527,302.56884004678056,0.0,1,5,8.05,13.65,31.92,34.58,34.58,2.0,34.58,0.0,0.0,0.0,0.0,,,,,-0.8926075122107379,0.4508345917794658,-0.8427452795477307,0.5383125428596451,-6.278292694694619,3.030142676604736,0.0,6.0,0.05641025641025641,0.4276315789473684,9.471,6,0.19727075892857143,13.65,0.39394444444444443,5.665,0.0,45.975,-0.2749999999999999,181,6,2014,29
2014-07-01,0.0,0.0,0,0.0,-1.1,3.7,1.2125000000000001,6.9,4.770833333333333,-4.334587040145067,0.9451569933022252,93.375,71.375,332.0,89.91666666666667,,,,,,,,283.25009508125373,0.9356799683459042,0.0,0.0,0.0,0.0,0.0,0.0,,0.0,0,0,0.77,8.05,17.01,34.58,34.58,2.0,34.58,0.0,0.0,0.0,0.0,,,,,-0.9733788781054292,0.22920200622642004,-0.9733788781054292,0.22920200622642004,-4.047420648735456,0.8825403424959528,1.0,7.0,0.0,0.4732510288065844,0.0,2,0.0,4.025,0.44105555555555553,0.0,-0.0,9.541666666666666,2.470833333333333,182,7,2014,30
2014-07-02,0.0,0.0,0,0.0,-1.8,5.0,1.4416666666666667,6.3,4.070833333333334,-3.253523804078879,2.078204364060672,92.45833333333333,113.20833333333333,495.0,59.916666666666664,,,,,,,,306.06332251892866,0.9448743078253916,0.0,0.0,0.0,0.0,0.0,0.0,,0.08333333333333333,1,0,0.0,0.77,13.720000000000002,34.58,34.58,3.0,34.58,0.0,0.0,0.0,0.0,,,,,-0.8083668881315936,0.5886790077558767,-0.8083668881315936,0.5886790077558767,-3.008153883854597,1.9214731182710962,2.0,8.0,0.0,0.05612244897959183,0.0,3,0.0,0.25666666666666665,0.49477777777777776,0.0,-0.0,12.212500000000002,0.22916666666666652,183,7,2014,31
2014-07-03,0.0,0.0,0,0.0,-2.2,6.1,1.0125,7.7,5.520833333333333,-3.097887033630388,4.337637051468385,80.58333333333333,123.33333333333333,513.0,15.291666666666666,,,,,,,,326.7595121518645,0.9638030656084986,0.0,0.0,0.0,0.0,0.0,0.0,,0.7916666666666666,1,0,0.0,0.0,13.650000000000002,34.58,34.58,4.0,34.58,0.0,0.0,0.0,0.0,,,,,-0.5481543831008969,0.836377171070131,-0.5481543831008969,0.836377171070131,-2.496380634600487,3.4954125239749403,3.0,9.0,,0.0,0.0,4,0.0,0.0,0.4863888888888888,0.0,-0.0,22.083333333333332,-0.4291666666666667,184,7,2014,32
2014-07-04,0.14,0.6000000000000001,2,0.07,-5.9,3.9,-0.6583333333333333,14.5,9.700000000000001,-6.19704350173869,7.417358769719698,84.91666666666667,90.45833333333333,402.0,52.833333333333336,,,,,,,,321.0007758511493,0.9966916102485044,1.0,7.85,8.0,97.5,-4.66812884830528,6.310814691181867,323.5,0.2916666666666667,0,2,0.14,0.14,13.790000000000001,34.72,34.72,4.0,34.72,0.0,0.0,0.0,0.0,,,,,-0.6293098675366181,0.777154483111977,-0.594822786751341,0.8038568606172175,-5.262322773559771,6.298573821953644,0.0,10.0,1.0,0.010152284263959392,2.0300000000000002,5,0.0284090625,0.14,0.43002777777777784,1.099,0.0,48.50000000000001,-1.6708333333333334,185,7,2014,33
2014-07-05,2.0300000000000002,7.9,24,0.14,-0.5,2.1,0.7041666666666666,12.6,8.904166666666667,-6.871286061997975,5.582634948189409,96.29166666666667,63.458333333333336,252.0,97.875,,,,,,,,309.91549748792823,0.9941979289504097,0.7041666666666666,8.904166666666667,12.6,96.29166666666667,-6.871286061997975,5.582634948189409,309.91549748792823,0.0,1,24,2.1700000000000004,2.1700000000000004,10.22,36.75,36.75,5.0,36.75,0.0,0.0,0.0,0.0,,,,,-0.7669916230530698,0.6416571126126616,-0.7669916230530698,0.6416571126126616,-6.616475870532217,5.375612235527385,0.0,11.0,0.9354838709677419,0.2123287671232877,25.578000000000003,6,0.41925527663845497,2.1700000000000004,0.4099444444444445,18.075458333333337,0.0,53.425,1.3624999999999998,186,7,2014,34
2014-07-06,0.9100000000000001,4.6,13,0.07,0.4,2.6,1.2416666666666667,8.9,6.966666666666666,-6.208146975114055,3.0002256592202428,97.83333333333333,44.5,180.0,96.08333333333333,,,,,,,,295.1652012555446,0.9900703582441882,1.4846153846153847,7.338461538461539,8.9,97.46153846153847,-6.366314218953004,3.5350889760095936,298.6188977655404,0.0,0,10,2.9400000000000004,3.0800000000000005,3.8500000000000005,37.660000000000004,37.660000000000004,4.0,37.660000000000004,0.0,0.0,0.0,0.0,,,,,-0.9050854837530538,0.42522966394585016,-0.8778250415862293,0.4789814154684237,-6.073637123986584,2.9352207699371373,0.0,12.0,0.29545454545454547,0.8,8.099000000000002,1,0.1759544567307692,3.0800000000000005,0.4135555555555555,6.678000000000002,0.0,6.966666666666666,0.5375000000000001,187,7,2014,35
2014-07-07,0.0,0.0,0,0.0,-0.3,5.3,1.6500000000000001,6.4,5.204166666666667,-4.536699174782206,2.0938989437631768,93.83333333333333,79.25,369.0,96.58333333333333,,,,,,,,293.68204127545505,0.9612908042263748,0.0,0.0,0.0,0.0,0.0,0.0,,0.0,1,0,0.9100000000000001,2.9400000000000004,3.0800000000000005,35.0,37.660000000000004,4.0,37.660000000000004,0.0,0.0,0.0,0.0,,,,,-0.9157885344163806,0.40166075266510365,-0.9157885344163806,0.40166075266510365,-4.256936059003969,1.9647751755644476,1.0,13.0,0.0,0.9545454545454545,0.0,2,0.0,1.4700000000000002,0.48338888888888887,0.0,-0.0,10.408333333333333,0.40833333333333344,188,7,2014,36
2014-07-08,0.0,0.0,0,0.0,-1.6,4.6,0.9708333333333333,10.0,7.545833333333333,-4.715207083245932,5.816476803838795,90.375,102.20833333333333,447.0,73.33333333333333,,,,,,,,320.8267678259033,0.9921532473635474,0.0,0.0,0.0,0.0,0.0,0.0,,0.041666666666666664,1,0,0.0,0.9100000000000001,3.0800000000000005,20.090000000000003,37.660000000000004,5.0,37.660000000000004,0.0,0.0,0.0,0.0,,,,,-0.6316671899486263,0.7752396798038695,-0.6316671899486263,0.7752396798038695,-4.261368401483511,5.256640911469312,2.0,14.0,0.0,0.29545454545454547,0.0,3,0.0,0.3033333333333334,0.47161111111111115,0.0,-0.0,22.6375,-0.6791666666666668,189,7,2014,37
2014-07-09,3.92,7.6000000000000005,15,0.56,-4.0,1.7,-1.2791666666666666,12.7,10.245833333333334,-4.955163555957188,8.805973879238472,91.75,72.95833333333333,407.0,66.08333333333333,,,,,,,,331.26559528165205,0.9861955829956964,-0.28,11.0,12.7,90.13333333333334,-6.04392688212413,9.045338528432275,326.18972668333726,0.20833333333333334,1,15,3.92,3.92,7.0,20.720000000000002,41.58,5.0,41.58,0.0,0.0,0.0,0.0,,,,,-0.48075011571490106,0.8768576430870118,-0.5564446047323655,0.8308847103324513,-4.546362562590719,8.079481034201297,0.0,15.0,1.0,0.5599999999999999,49.784,0,0.8689170000000002,3.92,0.39225,43.12,0.0,0.0,-2.25,190,7,2014,38
2014-07-10,2.45,6.5,19,0.28,-2.2,1.6,-0.3125,18.3,11.237499999999999,-9.958385783412009,5.098231179354834,93.0,76.41666666666667,410.0,98.875,,,,,,,,298.129226359811,0.9963729249423434,-0.5421052631578948,10.1,17.6,95.84210526315789,-8.74034863435348,5.029242148817561,300.1575002710573,0.0,0,10,6.37,6.37,9.450000000000001,23.1,44.03,4.0,44.03,0.0,0.0,0.0,0.0,,,,,-0.8818864898901072,0.47146178949020445,-0.8646476843308081,0.5023787236551438,-9.261298778573169,4.741354996799996,0.0,16.0,0.38461538461538464,0.674074074074074,44.83500000000001,1,0.5641838240131579,6.37,0.3965,24.745,0.0,11.237499999999999,0.9666666666666666,191,7,2014,39
2014-07-11,0.21000000000000002,1.9000000000000001,3,0.07,0.3,3.1,1.3583333333333334,10.7,9.2875,-7.4624188259531,5.469020653545486,94.20833333333333,77.75,351.0,96.95833333333333,,,,,,,,306.07856592174727,0.9961233009944852,1.0666666666666667,9.066666666666666,9.9,98.33333333333333,-6.9481467719398085,5.760658039513802,309.0061151618099,0.0,0,2,2.66,6.58,9.52,23.310000000000002,44.24,4.0,44.24,0.0,0.0,0.0,0.0,,,,,-0.8082102429062311,0.588894050964561,-0.7770787898492779,0.6294033320267552,-7.030220402283317,5.152273207360976,0.0,17.0,0.03191489361702128,0.6911764705882353,2.247,2,0.041584666666666686,6.58,0.43474999999999997,1.9040000000000001,0.0,18.575,1.6708333333333334,192,7,2014,40
2014-07-12,3.15,8.0,17,0.35,-3.7,1.4,-0.23750000000000002,9.7,6.883333333333333,-4.47632558542659,1.1118014452238778,95.54166666666667,42.833333333333336,220.0,78.125,,,,,,,,269.5734048856043,0.6276522645389975,0.7529411764705882,7.729411764705882,9.7,97.05882352941177,-5.491943602210726,3.325790635408097,296.5767943658393,0.041666666666666664,0,17,3.36,5.8100000000000005,10.64,20.86,47.39,3.0,47.39,0.0,0.0,0.0,0.0,,,,,-0.9999722824724439,-0.0074454205288141985,-0.8943355125193445,0.44739690549529004,-4.276756069742988,1.0622336307909799,0.0,18.0,0.5421686746987951,0.5460526315789473,30.554999999999996,3,0.6578483434256056,5.8100000000000005,0.37813888888888886,24.34764705882353,0.0,20.65,-1.5958333333333334,193,7,2014,41
2014-07-13,0.0,0.0,0,0.0,-3.6,3.7,-0.48333333333333334,10.8,5.029166666666667,-0.15831829369273387,-4.607883247532052,85.58333333333333,110.16666666666667,437.0,53.875,,,,,,,,170.11613468146695,0.7901983355794729,0.0,0.0,0.0,0.0,0.0,0.0,,0.041666666666666664,1,0,3.15,3.36,9.73,13.58,47.39,4.0,47.39,0.0,0.0,0.0,0.0,,,,,0.1716516834138145,-0.9851577028989844,0.1716516834138145,-0.9851577028989844,-0.13549407301869806,-3.943580079346181,1.0,19.0,0.0,0.3453237410071942,0.0,4,0.0,1.68,0.4409444444444444,0.0,-0.0,20.116666666666667,-0.24583333333333332,194,7,2014,42
2014-07-14,0.0,0.0,0,0.0,-3.1,5.8,0.6458333333333334,5.7,3.0583333333333336,1.8560254266792808,0.8377821424374777,83.16666666666667,121.58333333333333,519.0,55.541666666666664,,,,,,,,43.61814827060114,0.5897369794813723,0.0,0.0,0.0,0.0,0.0,0.0,,0.375,1,0,0.0,3.15,9.73,12.81,47.39,4.0,47.39,0.0,0.0,0.0,0.0,,,,,0.6898488884568085,0.7239533901397975,0.6898488884568085,0.7239533901397975,1.5435944798549353,0.6967554817938357,2.0,20.0,0.0,0.3237410071942446,0.0,5,0.0,1.05,0.4871666666666667,0.0,-0.0,15.291666666666668,1.1291666666666667,195,7,2014,43
2014-07-15,0.0,3.6,0,0.0,-1.0,5.7,1.6916666666666667,14.4,7.766666666666667,-1.306259100528891,7.3290059716570495,90.75,73.75,435.0,97.95833333333333,,,,,,,,354.84962563047446,0.9458339765252944,0.0,0.0,0.0,0.0,0.0,0.0,,0.0,0,0,0.0,0.0,9.73,12.81,47.39,3.0,47.39,0.0,0.0,0.0,0.0,,,,,-0.08976998031347547,0.9959625247139162,-0.08976998031347547,0.9959625247139162,-1.1854301337299686,6.651072919278772,3.0,21.0,,0.0,0.0,6,0.0,0.0,0.47833333333333333,0.0,-0.0,46.6,1.0458333333333334,196,7,2014,44
2014-07-16,0.21000000000000002,10.5,2,0.14,0.8,4.3,2.0208333333333335,12.5,7.6499999999999995,-4.966716491309516,5.496586149742,95.25,76.20833333333333,397.0,93.83333333333333,,,,,,,,320.162899931877,0.9675609654844678,1.45,6.800000000000001,7.2,99.0,-4.348928835547369,5.2154196813516,320.0,0.0,0,2,0.21000000000000002,0.21000000000000002,6.0200000000000005,13.02,47.6,2.0,47.6,0.0,0.0,0.0,0.0,,,,,-0.6406070429305671,0.7678688797885708,-0.6427876096865396,0.7660444431189778,-4.730797457972313,5.235498307629254,0.0,22.0,1.0,0.03488372093023256,2.6250000000000004,4,0.041072062500000006,0.21000000000000002,0.4638611111111111,1.4280000000000004,0.0,30.599999999999998,0.32916666666666683,197,7,2014,45
2014-07-17,2.73,8.9,20,0.35,-3.0,1.4,-0.19166666666666665,15.3,11.804166666666667,-8.854642331322756,7.659420385053171,95.45833333333333,85.58333333333333,376.0,89.75,,,,,,,,310.82498244716544,0.9912612847816421,-0.29500000000000004,12.085,15.3,94.95,-9.178111629538133,7.704643677823031,309.78459105812544,0.0,1,20,2.94,2.94,6.3,15.75,50.33,3.0,50.33,0.0,0.0,0.0,0.0,,,,,-0.7567100753563615,0.6537506113604559,-0.7684556448426316,0.6399030566495953,-8.452493992108513,7.311555042565338,0.0,23.0,0.9285714285714286,0.4666666666666667,41.769,5,0.596492139140625,2.94,0.4063611111111111,32.99205,0.0,59.020833333333336,-2.2125000000000004,198,7,2014,46
2014-07-18,1.96,2.7,10,0.42,-3.7,1.8,-1.5250000000000001,21.3,12.304166666666667,-6.750332049245429,-6.644228844795971,85.91666666666667,108.375,460.0,74.16666666666667,,,,,,,,236.14210588117695,0.7178084728835519,-2.81,9.41,16.4,91.6,-7.993451270313557,1.160169575357865,282.50507869148845,0.0,1,8,4.6899999999999995,4.9,8.05,17.57,52.29,4.0,52.29,0.0,0.0,0.0,0.0,,,,,-0.8304219401488977,-0.557134993802526,-0.9762768181013908,0.21652615185659208,-5.799660285643365,-5.708499949153873,0.0,24.0,0.39999999999999997,0.6086956521739131,41.748,6,0.5538579637499998,4.9,0.39863888888888893,18.4436,0.0,73.825,-1.3333333333333335,199,7,2014,47
2014-07-19,0.0,0.0,0,0.0,-1.2,3.5,0.44166666666666665,13.3,9.658333333333333,0.7793490903750495,-9.533249558962693,88.33333333333333,95.83333333333333,413.0,68.95833333333333,,,,,,,,173.33191766796568,0.9850397246819169,0.0,0.0,0.0,0.0,0.0,0.0,,0.0,1,0,1.96,4.6899999999999995,4.8999999999999995,15.54,52.29,5.0,52.29,0.0,0.0,0.0,0.0,,,,,0.11611745504475886,-0.9932354890125143,0.11611745504475886,-0.9932354890125143,0.6884250298312936,-8.421037110417045,1.0,25.0,0.0,0.9571428571428572,0.0,2,0.0,2.3449999999999998,0.4361111111111111,0.0,-0.0,19.316666666666666,1.9666666666666668,200,7,2014,48
2014-07-20,0.0,0.0,0,0.0,-1.2,5.6,1.5083333333333335,3.6,2.3833333333333333,1.0468397161619463,-0.65752010431893,72.375,135.75,572.0,55.583333333333336,,,,,,,,126.39875524881008,0.48391542251529424,0.0,0.0,0.0,0.0,0.0,0.0,,0.20833333333333334,1,0,0.0,1.96,4.9,14.629999999999999,52.29,5.0,52.29,0.0,0.0,0.0,0.0,,,,,0.8049066891952151,-0.5934014001405772,0.8049066891952151,-0.5934014001405772,0.7576502445722086,-0.4758801755008256,2.0,26.0,0.0,0.39999999999999997,0.0,3,0.0,0.6533333333333333,0.4561944444444445,0.0,-0.0,7.15,1.0666666666666669,201,7,2014,49
2014-07-21,0.0,0.0,0,0.0,-2.3,5.0,1.2583333333333333,5.2,3.1750000000000003,0.1349553044716721,0.8605232083387162,72.95833333333333,111.45833333333333,472.0,97.54166666666667,,,,,,,,29.764175217993056,0.271923191962264,0.0,0.0,0.0,0.0,0.0,0.0,,0.0,0,0,0.0,0.0,4.9,14.629999999999999,52.29,4.0,52.29,0.0,0.0,0.0,0.0,,,,,0.49643128454245355,0.8680760218595659,0.49643128454245355,0.8680760218595659,0.09846114088745742,0.627823390750455,3.0,27.0,,0.0,0.0,4,0.0,0.0,0.42861111111111105,0.0,-0.0,12.700000000000001,-0.2500000000000002,202,7,2014,50
2014-07-22,0.0,0.0,0,0.0,-2.6,6.3,1.2291666666666667,4.6,2.1708333333333334,1.2525629329048693,-0.16665347573656655,72.54166666666667,142.5,563.0,23.25,,,,,,,,92.19732406843413,0.5332552601177859,0.0,0.0,0.0,0.0,0.0,0.0,,0.625,1,0,0.0,0.0,4.9,14.629999999999999,52.29,5.0,52.29,0.0,0.0,0.0,0.0,,,,,0.9992647081779882,-0.03834113965390438,0.9992647081779882,-0.03834113965390438,0.908630027578074,-0.12089320885723433,4.0,28.0,,0.0,0.0,5,0.0,0.0,0.47680555555555554,0.0,-0.0,10.854166666666668,-0.029166666666666563,203,7,2014,51
2014-07-23,0.0,0.0,0,0.0,-3.3,6.4,0.7833333333333333,3.6,2.4541666666666666,0.796880411904476,2.144301577710046,73.66666666666667,131.83333333333334,536.0,39.333333333333336,,,,,,,,21.67842668072831,0.9313881334812747,0.0,0.0,0.0,0.0,0.0,0.0,,0.5416666666666666,1,0,0.0,0.0,4.6899999999999995,10.71,49.629999999999995,6.0,52.29,0.0,0.0,0.0,0.0,,,,,0.36939688901098666,0.929271724733409,0.36939688901098666,0.929271724733409,0.5870352367696308,1.579635495579734,5.0,29.0,,0.0,0.0,6,0.0,0.0,0.4756666666666667,0.0,-0.0,14.725,-0.4458333333333334,204,7,2014,52
2014-07-24,0.0,0.6,0,0.0,-2.4,6.2,0.8333333333333334,8.8,5.675,0.6804985720381675,5.464639275892882,75.875,84.20833333333333,401.0,55.458333333333336,,,,,,,,9.33890111273459,0.9725576002438701,0.0,0.0,0.0,0.0,0.0,0.0,,0.20833333333333334,1,0,0.0,0.0,1.96,8.260000000000002,34.72,6.0,52.29,0.0,0.0,0.0,0.0,,,,,0.16227381195980597,0.9867457676382674,0.16227381195980597,0.9867457676382674,0.5163282915339596,4.146295050583724,6.0,30.0,,0.0,0.0,6,0.0,0.0,0.44683333333333336,0.0,-0.0,34.05,0.050000000000000044,205,7,2014,53
2014-07-25,0.0,0.7,0,0.0,-1.7,6.4,1.55,13.0,7.529166666666666,-3.908833644936115,6.104458199101536,88.875,124.79166666666667,512.0,35.041666666666664,,,,,,,,330.514811159242,0.966982641914681,0.0,0.0,0.0,0.0,0.0,0.0,,0.0,1,0,0.0,0.0,0.0,8.05,31.430000000000003,6.0,52.29,0.0,0.0,0.0,0.0,,,,,-0.4921985536639742,0.8704829600693468,-0.4921985536639742,0.8704829600693468,-3.4739759019369725,5.42533722445149,7.0,31.0,,,0.0,6,0.0,0.0,0.5216666666666666,0.0,-0.0,45.175,0.7166666666666667,206,7,2014,54
2014-07-26,0.0,0.2,0,0.0,-1.6,5.6,1.5833333333333333,8.0,6.0125,-4.362849988704939,4.005250150889359,92.20833333333333,104.0,400.0,75.95833333333333,,,,,,,,313.6032763686113,0.9862825343662092,0.0,0.0,0.0,0.0,0.0,0.0,,0.0,0,0,0.0,0.0,0.0,4.8999999999999995,31.360000000000003,5.0,52.29,0.0,0.0,0.0,0.0,,,,,-0.7241324254496329,0.6896609532316818,-0.7241324254496329,0.6896609532316818,-4.022911260418345,3.693174409965896,8.0,32.0,,,0.0,6,0.0,0.0,0.5011388888888888,0.0,-0.0,36.075,0.033333333333333215,207,7,2014,55
2014-07-27,0.0,0.0,0,0.0,1.3,6.3,3.0083333333333333,7.9,5.920833333333333,-4.872693181231882,3.3262938144403833,93.70833333333333,95.66666666666667,390.0,97.58333333333333,,,,,,,,304.7095079779854,0.9964449706788842,0.0,0.0,0.0,0.0,0.0,0.0,,0.0,0,0,0.0,0.0,0.0,4.9,31.360000000000003,4.0,52.29,0.0,0.0,0.0,0.0,,,,,-0.8220495603239638,0.5694159467131016,-0.8220495603239638,0.5694159467131016,-4.566119568579376,3.1170144952818424,9.0,33.0,,,0.0,6,0.0,0.0,0.5161388888888888,0.0,-0.0,35.525,1.425,208,7,2014,56
2014-07-28,0.0,0.0,0,0.0,0.8,6.7,2.9,14.8,9.829166666666667,-7.265268810686742,6.541550931370863,88.66666666666667,122.375,503.0,69.625,,,,,,,,311.3673171573391,0.9945538228809441,0.0,0.0,0.0,0.0,0.0,0.0,,0.08333333333333333,0,0,0.0,0.0,0.0,4.9,25.76,4.0,52.29,0.0,0.0,0.0,0.0,,,,,-0.7504881752126857,0.6608838769904537,-0.7504881752126857,0.6608838769904537,-6.441871678808911,5.800175159148832,10.0,34.0,,,0.0,6,0.0,0.0,0.5260277777777778,0.0,-0.0,58.97500000000001,-0.10833333333333339,209,7,2014,57
2014-07-29,0.0,1.4,0,0.0,1.2,6.4,3.5416666666666665,23.7,16.245833333333334,-11.50091008053247,11.40600727478895,80.625,133.5,548.0,46.958333333333336,,,,,,,,315.58468965266985,0.9970604174371029,0.0,0.0,0.0,0.0,0.0,0.0,,0.125,0,0,0.0,0.0,0.0,4.9,18.48,3.0,52.29,0.0,0.0,0.0,0.0,,,,,-0.6998542340420905,0.7142856929082081,-0.6998542340420905,0.7142856929082081,-9.272608752429305,9.19609336529859,11.0,35.0,,,0.0,6,0.0,0.0,0.4999722222222222,0.0,-0.0,97.475,0.6416666666666666,210,7,2014,58
2014-07-30,0.0,8.5,0,0.0,3.7,7.0,5.129166666666666,17.6,14.479166666666666,-11.101756092438478,9.256693635452036,96.45833333333333,67.41666666666667,318.0,98.33333333333333,,,,,,,,309.70815926750265,0.9983574146431227,0.0,0.0,0.0,0.0,0.0,0.0,,0.0,0,0,0.0,0.0,0.0,4.6899999999999995,17.71,2.0,52.29,0.0,0.0,0.0,0.0,,,,,-0.7693085828231846,0.638877378214774,-0.7693085828231846,0.638877378214774,-10.708568897497948,8.928852402529776,12.0,36.0,,,0.0,6,0.0,0.0,0.5220277777777778,0.0,-0.0,86.875,1.5875,211,7,2014,59
2014-07-31,0.0,0.6000000000000001,0,0.0,3.9,8.1,5.741666666666667,30.3,23.087500000000002,-15.754588202719512,16.854112970762028,74.875,149.125,577.0,30.875,,,,,,,,317.0420614811956,0.9993088239328348,0.0,0.0,0.0,0.0,0.0,0.0,,0.5,0,0,0.0,0.0,0.0,1.96,17.71,1.0,52.29,0.0,0.0,0.0,0.0,,,,,-0.6814612812972918,0.7318541672305032,-0.6814612812972918,0.7318541672305032,-11.796247916786236,12.619517086858068,13.0,37.0,,,0.0,6,0.0,0.0,0.529,0.0,-0.0,138.525,0.6125000000000007,212,7,2014,60
2014-08-01,7.98,13.7,23,1.19,-4.1,2.7,-1.925,17.0,12.275,-9.764059482394403,7.327554310377011,90.54166666666667,94.95833333333333,384.0,81.58333333333333,,,,,,,,306.0030033096168,0.9940966704955551,-2.126086956521739,12.069565217391306,16.6,90.95652173913044,-9.561765649687237,7.254464172047123,306.177964034801,0.0,1,23,7.98,7.98,7.98,7.98,25.69,1.0,60.27,0.0,0.0,0.0,0.0,,,,,-0.8089861829470318,0.5878276582475441,-0.8071873994828548,0.5902952668928544,-8.8405421896846,6.634489798520519,0.0,38.0,1.0,1.0,100.0,0,2.054177583175804,7.98,0.42511111111111116,96.31513043478263,0.0,0.0,-7.666666666666667,213,8,2014,61
2014-08-02,0.21000000000000002,0.0,3,0.07,-5.6,1.3,-2.6458333333333335,12.6,7.325,-1.8626705209459293,-5.369991611691635,76.875,135.54166666666666,569.0,51.625,,,,,,,,196.63194333208605,0.7027340834508068,-4.266666666666667,7.2,7.7,92.0,-7.095548394942919,-0.11523854847111019,268.32350698632746,0.25,1,3,8.190000000000001,8.190000000000001,8.190000000000001,8.190000000000001,25.900000000000002,2.0,60.480000000000004,0.0,0.0,0.0,0.0,,,,,-0.286222603451924,-0.9581631496113815,-0.9995719472913648,-0.02925614786927975,-1.4319279629771833,-4.128181051487944,0.0,39.0,0.02564102564102564,1.0,2.6460000000000004,1,0.06815900000000001,8.190000000000001,0.3755,1.5120000000000002,0.0,7.325,-0.7208333333333334,214,8,2014,62
2014-08-03,0.0,0.0,0,0.0,-7.6,4.1,-2.220833333333333,6.8,3.2375000000000003,0.15358582001309698,0.943828184508889,71.0,161.79166666666666,600.0,0.0,,,,,,,,44.159951227792966,0.39335878201300867,0.0,0.0,0.0,0.0,0.0,0.0,,1.0,1,0,0.21000000000000002,8.190000000000001,8.190000000000001,8.190000000000001,25.76,3.0,60.480000000000004,0.0,0.0,0.0,0.0,,,,,0.6966638243042411,0.7173977389884844,0.6966638243042411,0.7173977389884844,0.10904593220929887,0.6701180110013111,1.0,40.0,0.0,1.0,0.0,2,0.0,4.095000000000001,0.43563888888888885,0.0,-0.0,6.4750000000000005,0.42500000000000027,215,8,2014,63
2014-08-04,0.0,0.0,0,0.0,-4.9,5.7,-1.0291666666666668,7.1,4.75,-3.143232713620686,3.2455322820529395,65.625,163.66666666666666,600.0,0.0,,,,,,,,318.8877583704209,0.9482912362860058,0.0,0.0,0.0,0.0,0.0,0.0,,1.0,1,0,0.0,0.21000000000000002,8.190000000000001,8.190000000000001,23.730000000000004,4.0,60.480000000000004,0.0,0.0,0.0,0.0,,,,,-0.6575362346878062,0.7534229224496573,-0.6575362346878062,0.7534229224496573,-2.062746468313575,2.1298805600972415,2.0,41.0,0.0,0.02564102564102564,0.0,3,0.0,0.07,0.4545277777777778,0.0,-0.0,14.25,1.1916666666666664,216,8,2014,64
2014-08-05,0.0,0.0,0,0.0,-4.9,6.8,-0.3125,5.7,3.641666666666667,-2.5042342462552636,2.246799426241869,71.33333333333333,153.58333333333334,580.0,1.4583333333333333,,,,,,,,318.7912665960343,0.9059540999330793,0.0,0.0,0.0,0.0,0.0,0.0,,1.0,1,0,0.0,0.0,8.190000000000001,8.190000000000001,22.82,5.0,60.480000000000004,0.0,0.0,0.0,0.0,,,,,-0.658804140553343,0.7523144983248502,-0.658804140553343,0.7523144983248502,-1.7863537623287544,1.6027169240525334,3.0,42.0,,0.0,0.0,4,0.0,0.0,0.49127777777777776,0.0,-0.0,14.566666666666668,0.7166666666666668,217,8,2014,65
2014-08-06,0.0,0.0,0,0.0,-3.3,7.8,0.9666666666666667,10.0,6.75,-4.9396673206275175,4.211923689413885,78.75,157.79166666666666,600.0,29.416666666666668,,,,,,,,316.59921232422687,0.9357428190703496,0.0,0.0,0.0,0.0,0.0,0.0,,0.625,0,0,0.0,0.0,8.190000000000001,8.190000000000001,22.82,5.0,60.480000000000004,0.0,0.0,0.0,0.0,,,,,-0.687097499350708,0.7265652251422469,-0.687097499350708,0.7265652251422469,-3.88998801499417,3.316889905413434,4.0,43.0,,0.0,0.0,5,0.0,0.0,0.5410277777777778,0.0,-0.0,33.75,1.2791666666666668,218,8,2014,66
2014-08-07,0.0,0.0,0,0.0,-0.6,5.6,2.0208333333333335,6.6,4.029166666666667,-3.4834629202380984,1.5607652113583008,92.54166666666667,83.0,348.0,87.29166666666667,,,,,,,,299.8196183184231,0.8980844037965995,0.0,0.0,0.0,0.0,0.0,0.0,,0.0,0,0,0.0,0.0,8.190000000000001,8.190000000000001,22.82,5.0,60.480000000000004,0.0,0.0,0.0,0.0,,,,,-0.8675952365070635,0.4972710584683695,-0.8675952365070635,0.4972710584683695,-3.2236546441036737,1.4443581393444944,5.0,44.0,,0.0,0.0,6,0.0,0.0,0.48825,0.0,-0.0,24.175,1.0541666666666667,219,8,2014,67
2014-08-08,0.0,0.0,0,0.0,-1.0,7.8,2.4875000000000003,5.5,3.3874999999999997,-2.0188985744094277,2.2927999179371805,88.54166666666667,138.16666666666666,536.0,77.875,,,,,,,,327.7333839633155,0.8850029714053853,0.0,0.0,0.0,0.0,0.0,0.0,,0.041666666666666664,1,0,0.0,0.0,0.21000000000000002,8.190000000000001,18.900000000000002,5.0,60.480000000000004,0.0,0.0,0.0,0.0,,,,,-0.5338597583883008,0.8455730355052632,-0.5338597583883008,0.8455730355052632,-1.787566446091681,2.0300832606735453,6.0,45.0,,0.0,0.0,6,0.0,0.0,0.5605833333333333,0.0,-0.0,20.325,0.4666666666666668,220,8,2014,68
2014-08-09,0.0,0.0,0,0.0,-1.6,8.5,2.5458333333333334,8.0,5.854166666666667,-4.23559564421389,3.8413931629558387,83.5,153.125,600.0,72.20833333333333,,,,,,,,314.25797045455425,0.9754101440978494,0.0,0.0,0.0,0.0,0.0,0.0,,0.041666666666666664,1,0,0.0,0.0,0.0,8.190000000000001,16.450000000000003,5.0,60.480000000000004,0.0,0.0,0.0,0.0,,,,,-0.7162048663923347,0.6978900983363627,-0.7162048663923347,0.6978900983363627,-3.5367223629185984,3.207563291068125,7.0,46.0,,,0.0,6,0.0,0.0,0.5693055555555556,0.0,-0.0,35.125,0.058333333333333126,221,8,2014,69
2014-08-10,0.28,1.5,4,0.07,-2.7,4.3,0.7999999999999999,14.2,8.9625,-7.638872689243151,2.146287722065345,88.16666666666667,108.33333333333333,495.0,58.833333333333336,,,,,,,,286.65661768068924,0.8639016343331171,0.39999999999999997,8.225,9.0,92.25,-6.931565257831486,1.4382863861815882,280.5,0.0,1,2,0.28,0.28,0.28,8.47,16.52,5.0,60.760000000000005,0.0,0.0,0.0,0.0,,,,,-0.9580397993952597,0.2866352085398624,-0.9832549075639546,0.18223552549214742,-6.734939421016045,1.8923103416209457,0.0,47.0,1.0,1.0,3.976,0,0.06029100000000001,0.28,0.46166666666666667,2.303,0.0,0.0,-1.7458333333333336,222,8,2014,70
2014-08-11,0.0,0.0,0,0.0,-4.3,1.7,-2.058333333333333,11.4,7.8625,1.1929510884859182,-7.228530404095121,75.41666666666667,121.79166666666667,464.0,55.458333333333336,,,,,,,,169.6694434650392,0.9205459711348695,0.0,0.0,0.0,0.0,0.0,0.0,,0.0,1,0,0.28,0.28,0.28,8.47,13.37,5.0,60.760000000000005,0.0,0.0,0.0,0.0,,,,,0.17932690750196076,-0.983789540626339,0.17932690750196076,-0.983789540626339,0.8996839458997967,-5.451516679755071,1.0,48.0,0.0,1.0,0.0,1,0.0,0.14,0.37036111111111114,0.0,-0.0,7.8625,-2.858333333333333,223,8,2014,71
2014-08-12,0.0,0.0,0,0.0,-5.0,5.8,-0.425,8.0,4.595833333333333,1.8562227708158696,-3.567024015996283,73.625,173.70833333333334,600.0,10.458333333333334,,,,,,,,152.66984079719128,0.8398059638662146,0.0,0.0,0.0,0.0,0.0,0.0,,0.7916666666666666,1,0,0.0,0.28,0.28,8.47,13.37,5.0,60.760000000000005,0.0,0.0,0.0,0.0,,,,,0.4591172389415342,-0.8883756868052514,0.4591172389415342,-0.8883756868052514,1.366644015013184,-2.6262214317772634,2.0,49.0,0.0,1.0,0.0,2,0.0,0.09333333333333334,0.49011111111111116,0.0,-0.0,9.191666666666666,1.633333333333333,224,8,2014,72
2014-08-13,0.0,0.0,0,0.0,-2.9,5.7,0.4791666666666667,7.5,4.916666666666667,3.0411627878083913,-3.6688133565236787,78.16666666666667,148.08333333333334,600.0,22.208333333333332,,,,,,,,138.76402593530156,0.9671757975439746,0.0,0.0,0.0,0.0,0.0,0.0,,0.5833333333333334,1,0,0.0,0.0,0.28,8.47,13.37,6.0,60.760000000000005,0.0,0.0,0.0,0.0,,,,,0.6591617458994499,-0.7520011919822926,0.6591617458994499,-0.7520011919822926,2.3771755791368925,-2.867789107016009,3.0,50.0,,0.0,0.0,3,0.0,0.0,0.48594444444444446,0.0,-0.0,14.75,0.9041666666666667,225,8,2014,73
2014-08-14,0.0,0.0,0,0.0,-1.7,8.5,2.154166666666667,5.2,3.0083333333333333,2.859760166915148,-0.6233576527944228,75.20833333333333,169.95833333333334,600.0,3.3333333333333335,,,,,,,,105.42602266117494,0.9664583275844828,0.0,0.0,0.0,0.0,0.0,0.0,,1.0,1,0,0.0,0.0,0.28,8.47,13.37,7.0,60.760000000000005,0.0,0.0,0.0,0.0,,,,,0.9639746942269888,-0.2659939640104329,0.9639746942269888,-0.2659939640104329,2.150777958867434,-0.4688169013724721,4.0,51.0,,0.0,0.0,4,0.0,0.0,0.5528888888888889,0.0,-0.0,12.033333333333333,1.675,226,8,2014,74
2014-08-15,0.0,0.0,0,0.0,-2.5,8.6,2.5375,3.7,2.6166666666666667,1.1648592037411394,1.0468314308182847,71.45833333333333,177.04166666666666,600.0,2.875,,,,,,,,41.84134513266129,0.48376130751834384,0.0,0.0,0.0,0.0,0.0,0.0,,0.9166666666666666,1,0,0.0,0.0,0.28,0.49000000000000005,13.16,7.0,60.760000000000005,0.0,0.0,0.0,0.0,,,,,0.6670702386276739,0.7449948300070398,0.6670702386276739,0.7449948300070398,0.8323889726733558,0.7480482932722325,5.0,52.0,,0.0,0.0,5,0.0,0.0,0.5473333333333333,0.0,-0.0,13.083333333333334,0.3833333333333333,227,8,2014,75
2014-08-16,0.0,0.0,0,0.0,-2.4,8.7,2.433333333333333,7.6,3.8666666666666667,3.447416154437071,-0.28846515638477027,70.16666666666667,158.75,600.0,88.41666666666667,,,,,,,,83.54594979143916,0.8881574266601516,0.0,0.0,0.0,0.0,0.0,0.0,,0.0,1,0,0.0,0.0,0.28,0.28,10.43,7.0,60.760000000000005,0.0,0.0,0.0,0.0,,,,,0.9936623223164571,0.11240635750999689,0.9936623223164571,0.11240635750999689,2.4189370016966785,-0.20240638472998052,6.0,53.0,,0.0,0.0,6,0.0,0.0,0.5330555555555555,0.0,-0.0,23.2,-0.10416666666666696,228,8,2014,76
2014-08-17,0.28,17.4,4,0.07,-0.5,3.4,1.8958333333333333,12.7,10.279166666666667,6.504273578321765,-7.677235372895865,98.375,31.666666666666668,139.0,99.95833333333333,,,,,,,,137.514219087601,0.9754171765887191,1.4,10.15,11.9,99.25,6.653866909968119,-7.631195721368015,138.49725419268802,0.0,0,3,0.28,0.28,0.28,0.56,8.75,6.0,61.04,0.0,0.0,0.0,0.0,,,,,0.6754072167738547,-0.7374449752556426,0.6626559399430976,-0.7489239649377832,6.398579132674037,-7.552480298086307,0.0,54.0,1.0,1.0,3.556,0,0.05256212500000002,0.28,0.4245833333333333,2.8420000000000005,0.0,0.0,-0.5374999999999999,229,8,2014,77
2014-08-18,0.77,12.9,5,0.21,2.1,6.1,3.4250000000000003,13.2,11.1,5.745604054952488,-9.473939383950595,96.29166666666667,86.25,374.0,98.58333333333333,,,,,,,,148.66641241840384,0.998165720753221,2.2600000000000002,12.2,12.5,98.6,6.392009482811508,-10.38738793943065,148.39997318773158,0.0,0,5,1.05,1.05,1.05,1.33,9.52,5.0,61.81,0.0,0.0,0.0,0.0,,,,,0.5200199182170857,-0.8541541340165109,0.5239863045461713,-0.8517266889372711,5.532537904581334,-9.122614131795762,0.0,55.0,0.7333333333333333,1.0,10.164,0,0.1262732625,1.05,0.5140277777777778,9.394,0.0,0.0,1.529166666666667,230,8,2014,78
2014-08-19,0.0,1.2000000000000002,0,0.0,0.6,6.5,3.283333333333333,12.6,9.345833333333333,4.245132619571055,-8.199591850745536,91.58333333333333,105.875,409.0,93.41666666666667,,,,,,,,150.59983689026868,0.9847877994662756,0.0,0.0,0.0,0.0,0.0,0.0,,0.0,0,0,0.77,1.05,1.05,1.33,9.52,4.0,61.81,0.0,0.0,0.0,0.0,,,,,0.49090623378624393,-0.8712124136109435,0.49090623378624393,-0.8712124136109435,3.8878339574238243,-7.50945953664112,1.0,56.0,0.0,1.0,0.0,1,0.0,0.525,0.5203055555555555,0.0,-0.0,9.345833333333333,-0.14166666666666705,231,8,2014,79
2014-08-20,0.0,0.0,0,0.0,-1.9,9.3,2.654166666666667,6.0,3.4583333333333335,1.7419661394870698,-1.0689572531093712,70.16666666666667,189.875,600.0,19.208333333333332,,,,,,,,126.22944018462083,0.43337479403841084,0.0,0.0,0.0,0.0,0.0,0.0,,0.6666666666666666,1,0,0.0,0.77,1.05,1.33,9.52,4.0,61.81,0.0,0.0,0.0,0.0,,,,,0.8066567358106287,-0.591020228563576,0.8066567358106287,-0.591020228563576,1.222279574540094,-0.7500516725984089,2.0,57.0,0.0,0.7333333333333333,0.0,2,0.0,0.25666666666666665,0.5671388888888889,0.0,-0.0,6.916666666666667,-0.6291666666666664,232,8,2014,80
2014-08-21,0.0,0.0,0,0.0,-2.2,8.5,2.5,6.5,4.841666666666667,4.7577555581467665,0.4528462747792359,76.25,182.25,600.0,24.458333333333332,,,,,,,,84.59909080510849,0.9875081802311543,0.0,0.0,0.0,0.0,0.0,0.0,,0.4583333333333333,0,0,0.0,0.0,1.05,1.33,9.52,3.0,61.81,0.0,0.0,0.0,0.0,,,,,0.9955604711251976,0.09412411132634625,0.9955604711251976,0.09412411132634625,3.627788613086909,0.3452952845191674,3.0,58.0,,0.0,0.0,3,0.0,0.0,0.5645555555555556,0.0,-0.0,14.525,-0.15416666666666679,233,8,2014,81
2014-08-22,0.0,0.0,0,0.0,0.0,9.6,3.7583333333333333,5.8,4.1875,3.4931738084949076,1.593207343145549,78.29166666666667,166.25,600.0,51.625,,,,,,,,64.27514790873347,0.9142746658589577,0.0,0.0,0.0,0.0,0.0,0.0,,0.3333333333333333,0,0,0.0,0.0,1.05,1.33,9.52,2.0,61.81,0.0,0.0,0.0,0.0,,,,,0.9008888365808418,0.4340498866766551,0.9008888365808418,0.4340498866766551,2.7348639942341384,1.2473485824043693,4.0,59.0,,0.0,0.0,4,0.0,0.0,0.5851388888888889,0.0,0.0,16.75,1.2583333333333333,234,8,2014,82
2014-08-23,0.0,0.0,0,0.0,-1.2,10.7,4.1375,6.6,4.170833333333333,1.1558536939653818,3.2518289145688772,74.33333333333333,179.75,600.0,27.125,,,,,,,,16.461256089046746,0.7969915720770833,0.0,0.0,0.0,0.0,0.0,0.0,,0.625,0,0,0.0,0.0,1.05,1.33,9.52,1.0,61.81,0.0,0.0,0.0,0.0,,,,,0.28336691746603904,0.9590115693180115,0.28336691746603904,0.9590115693180115,0.8591845791809338,2.4171928264961986,5.0,60.0,,0.0,0.0,5,0.0,0.0,0.6053888888888889,0.0,-0.0,20.854166666666668,0.3791666666666669,235,8,2014,83
2014-08-24,0.0,1.9,0,0.0,0.3,9.8,4.0249999999999995,10.4,6.2625,-2.8745253207571366,5.264822396501007,81.25,163.83333333333334,600.0,31.208333333333332,,,,,,,,333.94627257296406,0.9586627686398397,0.0,0.0,0.0,0.0,0.0,0.0,,0.4166666666666667,0,0,0.0,0.0,0.77,1.05,9.52,1.0,61.81,0.0,0.0,0.0,0.0,,,,,-0.43921377153422747,0.8983825815846384,-0.43921377153422747,0.8983825815846384,-2.3355518231151735,4.277668197157068,6.0,61.0,,0.0,0.0,6,0.0,0.0,0.5978333333333333,0.0,-0.0,37.575,-0.11250000000000071,236,8,2014,84
2014-08-25,0.0,1.6,0,0.0,0.5,7.5,3.158333333333333,7.8,4.754166666666666,2.7198359005414745,-1.6311273598664275,88.91666666666667,141.875,598.0,86.08333333333333,,,,,,,,108.70575819586435,0.5260344218421618,0.0,0.0,0.0,0.0,0.0,0.0,,0.0,0,0,0.0,0.0,0.0,1.05,9.52,1.0,61.81,0.0,0.0,0.0,0.0,,,,,0.9471780515247911,-0.3207081831037374,0.9471780515247911,-0.3207081831037374,2.4183874215647942,-1.450344077481232,7.0,62.0,,,0.0,6,0.0,0.0,0.5576388888888889,0.0,-0.0,28.525,-0.8666666666666663,237,8,2014,85
2014-08-26,0.0,0.6000000000000001,0,0.0,2.8,9.3,5.079166666666667,13.0,9.183333333333334,7.845218539707105,-4.47794976266295,88.41666666666667,144.54166666666666,600.0,84.0,,,,,,,,119.99334552040277,0.9848197409234773,0.0,0.0,0.0,0.0,0.0,0.0,,0.0,0,0,0.0,0.0,0.0,1.05,9.52,1.0,61.81,0.0,0.0,0.0,0.0,,,,,0.8660834692328463,-0.4998994142040951,0.8660834692328463,-0.4998994142040951,6.9364807255243655,-3.9592539151544925,8.0,63.0,,,0.0,6,0.0,0.0,0.59775,0.0,-0.0,55.1,1.9208333333333334,238,8,2014,86
2014-08-27,0.0,0.0,0,0.0,0.8,9.8,4.758333333333334,7.1,5.758333333333333,5.544138789296949,-1.3317971928301438,77.375,186.79166666666666,600.0,42.166666666666664,,,,,,,,103.00015304798424,0.9899296813093342,0.0,0.0,0.0,0.0,0.0,0.0,,0.2916666666666667,0,0,0.0,0.0,0.0,1.05,9.52,0.0,61.81,0.0,0.0,0.0,0.0,,,,,0.9743694638944735,-0.2249536570718425,0.9743694638944735,-0.2249536570718425,4.289777388218514,-1.0304780779523237,9.0,64.0,,,0.0,6,0.0,0.0,0.6002222222222223,0.0,-0.0,34.55,-0.32083333333333286,239,8,2014,87
2014-08-28,0.0,0.0,0,0.0,-0.8,10.2,4.2625,4.7,2.85,2.6782861806470035,-0.3446541249693001,66.45833333333333,206.70833333333334,600.0,1.75,,,,,,,,94.53647860627164,0.9103406757793318,0.0,0.0,0.0,0.0,0.0,0.0,,1.0,1,0,0.0,0.0,0.0,1.05,9.52,1.0,61.81,0.0,0.0,0.0,0.0,,,,,0.9968671789932055,-0.07909378892257164,0.9968671789932055,-0.07909378892257164,1.7799443575549876,-0.22905138721918067,10.0,65.0,,,0.0,6,0.0,0.0,0.586,0.0,-0.0,17.1,-0.49583333333333357,240,8,2014,88
2014-08-29,0.0,0.0,0,0.0,0.7,11.4,4.9875,8.2,4.55,3.4339983156962544,-2.6288404604192297,65.66666666666667,206.29166666666666,600.0,4.708333333333333,,,,,,,,117.37260802869821,0.8771681790584965,0.0,0.0,0.0,0.0,0.0,0.0,,0.9166666666666666,0,0,0.0,0.0,0.0,1.05,9.52,1.0,61.81,0.0,0.0,0.0,0.0,,,,,0.8880352960217548,-0.4597752853509574,0.8880352960217548,-0.4597752853509574,2.2549922273072074,-1.7262719023419608,11.0,66.0,,,0.0,6,0.0,0.0,0.60975,0.0,-0.0,27.299999999999997,0.7249999999999996,241,8,2014,89
2014-08-30,0.0,0.0,0,0.0,-0.4,11.1,4.8,7.1,3.954166666666667,2.6436374531546583,0.4607394940344469,72.54166666666667,210.29166666666666,600.0,27.458333333333332,,,,,,,,60.78355626209661,0.6211286175415554,0.0,0.0,0.0,0.0,0.0,0.0,,0.6666666666666666,1,0,0.0,0.0,0.0,1.05,9.52,2.0,61.81,0.0,0.0,0.0,0.0,,,,,0.8727820268835284,0.4881101653818326,0.8727820268835284,0.4881101653818326,1.9177386691426086,0.33422810796415503,12.0,67.0,,,0.0,6,0.0,0.0,0.6286666666666667,0.0,-0.0,23.725,-0.1875,242,8,2014,90
2014-08-31,0.0,0.0,0,0.0,0.6,12.1,5.3,7.4,5.595833333333334,-3.689644196505352,3.813076116584654,68.29166666666667,210.95833333333334,600.0,8.583333333333334,,,,,,,,318.85328520901146,0.9459832898816911,0.0,0.0,0.0,0.0,0.0,0.0,,0.8333333333333334,0,0,0.0,0.0,0.0,0.77,1.54,2.0,61.81,0.0,0.0,0.0,0.0,,,,,-0.6579894277420589,0.7530271661631324,-0.6579894277420589,0.7530271661631324,-2.519719515863447,2.60401323128427,13.0,68.0,,,0.0,6,0.0,0.0,0.6371666666666668,0.0,-0.0,33.575,0.5,243,8,2014,91
2014-09-01,0.07,4.6,1,0.07,0.8,11.2,5.170833333333333,23.9,11.370833333333332,-7.361482969193568,8.496061910203155,77.20833333333333,155.25,600.0,94.5,,,,,,,,319.4018226660047,0.9875999075267687,2.5,7.4,7.4,99.0,-5.412017391981861,5.04678786446249,313.0,0.0,0,1,0.07,0.07,0.07,0.07,1.4000000000000001,2.0,61.88,0.0,0.0,0.0,0.0,,,,,-0.6507500633599566,0.7592920090696414,-0.7313537016191703,0.6819983600624987,-5.683678309131533,6.559667799836019,0.0,69.0,1.0,1.0,1.673,0,0.011910937500000001,0.07,0.6097499999999999,0.5180000000000001,0.0,0.0,-0.12916666666666643,244,9,2014,92
2014-09-02,3.1500000000000004,13.9,19,0.42,-0.8,3.0,1.1875,14.0,9.266666666666667,-2.8141031198756408,-7.387192140466088,97.70833333333333,78.70833333333333,396.0,97.45833333333333,,,,,,,,211.9104550933186,0.7895617732321857,0.9368421052631579,10.057894736842105,14.0,97.73684210526316,-2.44317378588068,-8.437412305952124,203.2557956038815,0.0,0,12,3.22,3.22,3.22,3.22,4.550000000000001,2.0,65.03,0.0,0.0,0.0,0.0,,,,,-0.5285932427132577,-0.8488752462864512,-0.39483679227296375,-0.9187512761719553,-2.749613256711824,-7.217902320580407,0.0,70.0,0.9782608695652174,1.0,44.10000000000001,0,0.623991713123269,3.22,0.44483333333333336,31.682368421052633,0.0,0.0,-3.9833333333333334,245,9,2014,93
2014-09-03,0.21000000000000002,0.30000000000000004,3,0.07,-3.1,4.8,0.4791666666666667,17.0,9.970833333333333,0.29087432630974525,-9.897353413320536,81.5,171.125,600.0,56.958333333333336,,,,,,,,179.04468708315449,0.9910786531441672,-0.4666666666666666,12.133333333333333,14.0,92.33333333333333,-0.5579991074738354,-12.094928064064064,182.99898298231741,0.041666666666666664,1,2,3.3600000000000003,3.43,3.43,3.43,4.760000000000001,3.0,65.24000000000001,0.0,0.0,0.0,0.0,,,,,0.016672583262167567,-0.9998610028235755,-0.052318230253766945,-0.9986304635765494,0.2370625759424424,-8.066343031856237,0.0,71.0,0.06122448979591837,1.0,3.5700000000000003,1,0.04661591666666666,3.43,0.49241666666666667,2.548,0.0,9.970833333333333,-0.7083333333333333,246,9,2014,94
2014-09-04,0.0,0.0,0,0.0,-2.4,6.3,1.2874999999999999,9.7,6.5874999999999995,3.4934455090410332,-5.528760107754142,82.25,161.83333333333334,569.0,68.70833333333333,,,,,,,,147.33202156903678,0.9925071882583533,0.0,0.0,0.0,0.0,0.0,0.0,,0.0,1,0,0.21000000000000002,3.3600000000000003,3.43,3.43,4.760000000000001,3.0,65.24000000000001,0.0,0.0,0.0,0.0,,,,,0.5397699310603301,-0.8418125809959878,0.5397699310603301,-0.8418125809959878,2.87335893118625,-4.547405188627781,1.0,72.0,0.0,0.979591836734694,0.0,2,0.0,1.6800000000000002,0.5220555555555556,0.0,-0.0,13.174999999999999,0.8083333333333331,247,9,2014,95
2014-09-05,0.0,0.0,0,0.0,-0.9,6.6,2.095833333333333,8.8,6.283333333333334,4.541895233530485,-4.141643281132343,83.54166666666667,143.125,546.0,55.416666666666664,,,,,,,,132.04898344634404,0.9768609630719504,0.0,0.0,0.0,0.0,0.0,0.0,,0.20833333333333334,1,0,0.0,0.21000000000000002,3.43,3.43,4.760000000000001,4.0,65.24000000000001,0.0,0.0,0.0,0.0,,,,,0.7425724992119354,-0.6697656929211442,0.7425724992119354,-0.6697656929211442,3.794374976345259,-3.459997824445979,2.0,73.0,0.0,0.06122448979591837,0.0,3,0.0,0.07,0.5205555555555555,0.0,-0.0,18.85,0.8083333333333333,248,9,2014,96
2014-09-06,0.0,0.0,0,0.0,-2.2,10.4,3.4583333333333335,5.4,3.841666666666667,3.6140532135705676,0.6563405683129618,69.375,227.04166666666666,600.0,1.875,,,,,,,,79.11946972758156,0.9568132840486621,0.0,0.0,0.0,0.0,0.0,0.0,,1.0,0,0,0.0,0.0,3.43,3.43,4.760000000000001,3.0,65.24000000000001,0.0,0.0,0.0,0.0,,,,,0.982022912684485,0.18876175185317692,0.982022912684485,0.18876175185317692,2.5072494169145814,0.45533626926711723,3.0,74.0,,0.0,0.0,4,0.0,0.0,0.6137222222222222,0.0,-0.0,15.366666666666667,1.3625000000000003,249,9,2014,97
2014-09-07,0.0,0.0,0,0.0,-1.8,11.9,4.720833333333333,7.0,2.733333333333333,1.15222006012203,1.964802862113678,64.41666666666667,231.125,600.0,0.25,,,,,,,,26.053412618320237,0.7271767929890759,0.0,0.0,0.0,0.0,0.0,0.0,,1.0,1,0,0.0,0.0,3.43,3.43,4.760000000000001,4.0,65.24000000000001,0.0,0.0,0.0,0.0,,,,,0.43920883541067723,0.8983849948085713,0.43920883541067723,0.8983849948085713,0.7422217553952745,1.2656605103448944,4.0,75.0,,0.0,0.0,5,0.0,0.0,0.63325,0.0,-0.0,13.666666666666664,1.2624999999999997,250,9,2014,98
2014-09-08,0.0,0.0,0,0.0,-0.0,11.2,5.108333333333333,13.8,8.3,-2.59551023643657,7.682126360212364,70.33333333333333,226.66666666666666,600.0,11.5,,,,,,,,345.4835991765815,0.9716962208853769,0.0,0.0,0.0,0.0,0.0,0.0,,0.75,0,0,0.0,0.0,3.3600000000000003,3.43,4.760000000000001,4.0,65.24000000000001,0.0,0.0,0.0,0.0,,,,,-0.2506571244755331,0.9680759298472703,-0.2506571244755331,0.9680759298472703,-1.8255088662937207,5.403095540016029,5.0,76.0,,0.0,0.0,6,0.0,0.0,0.6344444444444445,0.0,-0.0,49.800000000000004,0.3875000000000002,251,9,2014,99
2014-09-09,0.0,8.2,0,0.0,4.8,9.4,7.358333333333333,20.6,15.633333333333333,-7.773178684949442,13.459364578197901,83.83333333333333,108.54166666666667,394.0,84.375,,,,,,,,330.45344286611373,0.9939579873998252,0.0,0.0,0.0,0.0,0.0,0.0,,0.0,0,0,0.0,0.0,0.21000000000000002,3.43,4.48,4.0,65.24000000000001,0.0,0.0,0.0,0.0,,,,,-0.49313062697765886,0.8699552774347777,-0.49313062697765886,0.8699552774347777,-6.516514797549281,11.28343397138924,6.0,77.0,,0.0,0.0,6,0.0,0.0,0.5606944444444445,0.0,-0.0,93.8,2.25,252,9,2014,100
2014-09-10,0.0,9.9,0,0.0,3.1,10.5,6.758333333333333,14.2,9.045833333333333,-7.569822517874752,4.748702606225319,87.875,158.29166666666666,600.0,87.375,,,,,,,,301.72082083972253,0.9883429886268312,0.0,0.0,0.0,0.0,0.0,0.0,,0.0,0,0,0.0,0.0,0.0,3.43,4.48,3.0,65.24000000000001,0.0,0.0,0.0,0.0,,,,,-0.8506201009492211,0.5257807944962776,-0.8506201009492211,0.5257807944962776,-6.651981537582438,4.172922415220499,7.0,78.0,,,0.0,6,0.0,0.0,0.6317777777777778,0.0,-0.0,54.27499999999999,-0.6000000000000005,253,9,2014,101
2014-09-11,0.0,1.9,0,0.0,2.7,7.7,4.841666666666667,16.9,10.529166666666667,-8.707295454270794,5.485050364551707,87.29166666666667,138.04166666666666,449.0,84.375,,,,,,,,299.3121393968735,0.9545107780034838,0.0,0.0,0.0,0.0,0.0,0.0,,0.0,0,0,0.0,0.0,0.0,3.43,4.48,2.0,65.24000000000001,0.0,0.0,0.0,0.0,,,,,-0.8719655662029109,0.48956720821194405,-0.8719655662029109,0.48956720821194405,-7.600743323623881,4.787991880723261,8.0,79.0,,,0.0,6,0.0,0.0,0.5541111111111111,0.0,-0.0,63.175,-1.916666666666666,254,9,2014,102
2014-09-12,0.0,0.0,0,0.0,0.5,12.0,5.1125,5.8,3.779166666666667,0.3359329264136149,-1.6902842608387072,77.33333333333333,212.5,600.0,50.708333333333336,,,,,,,,162.37747422549901,0.4784797448579151,0.0,0.0,0.0,0.0,0.0,0.0,,0.2916666666666667,0,0,0.0,0.0,0.0,3.43,4.48,1.0,65.24000000000001,0.0,0.0,0.0,0.0,,,,,0.3027446132653839,-0.9530717177310389,0.3027446132653839,-0.9530717177310389,0.25978812975986215,-1.307153161715267,9.0,80.0,,,0.0,6,0.0,0.0,0.6661111111111112,0.0,-0.0,22.675,0.27083333333333304,255,9,2014,103
2014-09-13,0.0,0.0,0,0.0,-0.2,13.3,6.083333333333333,7.3,4.0249999999999995,-2.4588345984687177,1.7569904569405372,77.0,231.66666666666666,600.0,45.916666666666664,,,,,,,,324.58854536683776,0.4775021719707659,0.0,0.0,0.0,0.0,0.0,0.0,,0.2916666666666667,1,0,0.0,0.0,0.0,3.43,4.48,2.0,65.24000000000001,0.0,0.0,0.0,0.0,,,,,-0.5794441219807519,0.8150119689317179,-0.5794441219807519,0.8150119689317179,-1.8933026408209124,1.3528826518442136,10.0,81.0,,,0.0,6,0.0,0.0,0.7066666666666667,0.0,-0.0,24.15,0.9708333333333332,256,9,2014,104
2014-09-14,0.0,0.0,0,0.0,0.9,11.8,6.058333333333334,10.4,5.254166666666666,-4.3460968823113975,2.190880086176484,73.70833333333333,224.375,600.0,26.708333333333332,,,,,,,,305.77454861770894,0.8916943546895886,0.0,0.0,0.0,0.0,0.0,0.0,,0.625,0,0,0.0,0.0,0.0,3.43,4.48,1.0,65.24000000000001,0.0,0.0,0.0,0.0,,,,,-0.8113235832546347,0.5845973342864812,-0.8113235832546347,0.5845973342864812,-3.203435577003692,1.6148611968525832,11.0,82.0,,,0.0,6,0.0,0.0,0.6575,0.0,-0.0,31.525,-0.024999999999999467,257,9,2014,105
2014-09-15,0.0,1.1,0,0.0,0.2,10.1,5.545833333333333,7.3,4.258333333333334,-0.7946396477929646,2.9043889372590646,76.83333333333333,167.66666666666666,600.0,66.04166666666667,,,,,,,,353.57763711671214,0.7501109736508745,0.0,0.0,0.0,0.0,0.0,0.0,,0.3333333333333333,0,0,0.0,0.0,0.0,3.3600000000000003,4.48,1.0,65.24000000000001,0.0,0.0,0.0,0.0,,,,,-0.1118567972313796,0.9937243364802625,-0.1118567972313796,0.9937243364802625,-0.6105481293875944,2.2315388334607142,12.0,83.0,,,0.0,6,0.0,0.0,0.5923333333333333,0.0,-0.0,25.550000000000004,-0.5125000000000002,258,9,2014,106
2014-09-16,0.0,4.4,0,0.0,1.7,10.7,5.858333333333333,11.5,7.1625000000000005,-1.7257171776599154,4.1372856931924415,84.70833333333333,192.91666666666666,600.0,68.66666666666667,,,,,,,,344.3242885933793,0.5993920214747713,0.0,0.0,0.0,0.0,0.0,0.0,,0.0,0,0,0.0,0.0,0.0,0.21000000000000002,4.2,1.0,65.24000000000001,0.0,0.0,0.0,0.0,,,,,-0.27019232131168175,0.962806371761324,-0.27019232131168175,0.962806371761324,-1.4618262592427533,3.5046257559417637,13.0,84.0,,,0.0,6,0.0,0.0,0.64875,0.0,-0.0,42.975,0.3125,259,9,2014,107
2014-09-17,0.07,5.5,1,0.07,0.1,6.3,3.275,15.3,9.200000000000001,-8.486363670336278,3.3559709573052072,92.29166666666667,181.75,600.0,78.375,,,,,,,,291.6346969132582,0.9911267132524975,0.9,9.5,9.5,95.0,-9.38303923565381,1.4861274178821915,279.0,0.0,0,1,0.07,0.07,0.07,0.07,3.500000000000001,1.0,65.31,0.0,0.0,0.0,0.0,,,,,-0.9295533882527105,0.36868753489629347,-0.9876883405951378,0.15643446504023067,-7.832206470747857,3.0972815293462643,0.0,85.0,1.0,1.0,1.0710000000000002,0,0.014033906250000004,0.07,0.5688055555555556,0.665,0.0,0.0,-2.5833333333333335,260,9,2014,108
2014-09-18,0.35000000000000003,1.5,3,0.14,-1.8,5.8,1.1125,12.0,7.5249999999999995,-6.8849381477730125,-1.365528220589125,78.95833333333333,171.16666666666666,600.0,60.75,,,,,,,,265.84711814752916,0.9299049477985838,1.0,5.8,8.2,81.66666666666667,-5.028675965974525,-0.8463084599881632,268.6843472465575,0.125,1,2,0.42000000000000004,0.42000000000000004,0.42000000000000004,0.42000000000000004,3.8500000000000005,2.0,65.66,0.0,0.0,0.0,0.0,,,,,-0.9973743686448697,-0.07241801412802935,-0.9997363740154709,-0.0229604544902406,-5.436232412512441,-1.0781983241734965,0.0,86.0,0.8333333333333334,1.0,4.2,0,0.073040625,0.42000000000000004,0.5061944444444445,2.0300000000000002,0.0,0.0,-2.1624999999999996,261,9,2014,109
2014-09-19,0.0,0.0,0,0.0,-4.0,8.7,2.504166666666667,11.8,5.154166666666667,-3.6636738460333302,-3.2394556117246815,73.29166666666667,213.25,600.0,37.916666666666664,,,,,,,,244.65530547954296,0.8180188206321014,0.0,0.0,0.0,0.0,0.0,0.0,,0.25,0,0,0.35000000000000003,0.42000000000000004,0.42000000000000004,0.42000000000000004,3.8500000000000005,2.0,65.66,0.0,0.0,0.0,0.0,,,,,-0.9037489070561124,-0.42806297783723635,-0.9037489070561124,-0.42806297783723635,-2.6851676229885952,-2.3742510087598814,1.0,87.0,0.0,1.0,0.0,1,0.0,0.21000000000000002,0.5798055555555556,0.0,-0.0,5.154166666666667,1.3916666666666668,262,9,2014,110
2014-09-20,0.0,0.0,0,0.0,-0.8,9.8,3.954166666666667,7.4,5.429166666666667,1.1919957725706218,-5.07733444446166,74.83333333333333,212.58333333333334,600.0,23.375,,,,,,,,168.29354658872447,0.9533958192881908,0.0,0.0,0.0,0.0,0.0,0.0,,0.5833333333333334,1,0,0.0,0.35000000000000003,0.42000000000000004,0.42000000000000004,3.8500000000000005,2.0,65.66,0.0,0.0,0.0,0.0,,,,,0.2028975871418373,-0.9791999638133269,0.2028975871418373,-0.9791999638133269,0.8920101698070152,-3.7995386092721417,2.0,88.0,0.0,0.8333333333333334,0.0,2,0.0,0.11666666666666668,0.6089444444444444,0.0,-0.0,10.858333333333334,1.4500000000000002,263,9,2014,111
2014-09-21,0.0,0.0,0,0.0,0.4,12.7,5.820833333333333,6.4,4.033333333333333,0.025351761554524604,-2.2787862068511853,65.75,256.375,600.0,14.0,,,,,,,,168.57677765549062,0.5753841124607789,0.0,0.0,0.0,0.0,0.0,0.0,,0.6666666666666666,0,0,0.0,0.0,0.42000000000000004,0.42000000000000004,3.8500000000000005,2.0,65.66,0.0,0.0,0.0,0.0,,,,,0.19805463428643003,-0.9801909823282748,0.19805463428643003,-0.9801909823282748,0.016668783222099928,-1.4983019310046544,3.0,89.0,,0.0,0.0,3,0.0,0.0,0.6723055555555556,0.0,-0.0,12.1,1.8666666666666658,264,9,2014,112
2014-09-22,0.0,0.0,0,0.0,0.3,15.2,7.6875,5.5,3.775,-2.216746207585268,2.231874264605604,67.33333333333333,261.5416666666667,600.0,0.2916666666666667,,,,,,,,320.9291545373872,0.8009188657909577,0.0,0.0,0.0,0.0,0.0,0.0,,1.0,0,0,0.0,0.0,0.42000000000000004,0.42000000000000004,3.8500000000000005,2.0,65.66,0.0,0.0,0.0,0.0,,,,,-0.6302808402754922,0.7763672213467152,-0.6302808402754922,0.7763672213467152,-1.492609113107414,1.5027953381677732,4.0,90.0,,0.0,0.0,4,0.0,0.0,0.732138888888889,0.0,-0.0,15.1,1.8666666666666671,265,9,2014,113
2014-09-23,0.0,0.0,0,0.0,1.8,16.8,9.1625,6.1,3.4583333333333335,-1.243363096668438,3.0980996000069694,67.5,265.4166666666667,600.0,0.08333333333333333,,,,,,,,334.02258044072494,0.9627593876516317,0.0,0.0,0.0,0.0,0.0,0.0,,1.0,0,0,0.0,0.0,0.42000000000000004,0.42000000000000004,3.8500000000000005,2.0,65.66,0.0,0.0,0.0,0.0,,,,,-0.43801689529149174,0.8989667398959776,-0.43801689529149174,0.8989667398959776,-0.8392700902511956,2.0912172300047045,5.0,91.0,,0.0,0.0,5,0.0,0.0,0.7352777777777778,0.0,-0.0,17.291666666666668,1.4749999999999996,266,9,2014,114
2014-09-24,0.0,5.4,0,0.0,3.6,13.6,8.229166666666666,12.2,6.795833333333333,-3.4946971608114676,5.6992578569436425,75.16666666666667,198.29166666666666,600.0,64.70833333333333,,,,,,,,329.31055716883304,0.9790904897002426,0.0,0.0,0.0,0.0,0.0,0.0,,0.25,0,0,0.0,0.0,0.35000000000000003,0.42000000000000004,3.8500000000000005,2.0,65.66,0.0,0.0,0.0,0.0,,,,,-0.5103844751398737,0.8599463282881064,-0.5103844751398737,0.8599463282881064,-2.62684736587662,4.283942155802638,6.0,92.0,,0.0,0.0,6,0.0,0.0,0.6849722222222221,0.0,-0.0,40.775,-0.9333333333333336,267,9,2014,115
2014-09-25,0.0,25.5,0,0.0,4.1,8.8,6.654166666666666,12.3,5.858333333333333,0.36640274938181533,-4.868341872328723,94.16666666666667,79.58333333333333,384.0,83.83333333333333,,,,,,,,181.2225829412306,0.5314412701549182,0.0,0.0,0.0,0.0,0.0,0.0,,0.0,0,0,0.0,0.0,0.0,0.42000000000000004,3.8500000000000005,1.0,65.66,0.0,0.0,0.0,0.0,,,,,-0.021336478482813063,-0.9997723514310407,-0.021336478482813063,-0.9997723514310407,0.3450292556678761,-4.584355263109548,7.0,93.0,,,0.0,6,0.0,0.0,0.5625,0.0,-0.0,35.15,-1.5750000000000002,268,9,2014,116
2014-09-26,0.0,0.2,0,0.0,1.8,11.0,5.879166666666666,7.2,3.5583333333333336,-0.8079071366563718,-2.351150882725822,77.20833333333333,191.5,600.0,80.41666666666667,,,,,,,,182.68603927143812,0.7291802979889238,0.0,0.0,0.0,0.0,0.0,0.0,,0.0,0,0,0.0,0.0,0.0,0.42000000000000004,3.8500000000000005,1.0,65.66,0.0,0.0,0.0,0.0,,,,,-0.046863059128122574,-0.9989013232993308,-0.046863059128122574,-0.9989013232993308,-0.6237716350934404,-1.8152844107045616,8.0,94.0,,,0.0,6,0.0,0.0,0.6294722222222222,0.0,-0.0,21.35,-0.7749999999999995,269,9,2014,117
2014-09-27,0.0,0.2,0,0.0,-1.6,12.5,5.429166666666667,10.3,4.7625,-3.5632121064342734,1.2973614501199526,79.08333333333333,207.79166666666666,600.0,47.5,,,,,,,,316.6847701050218,0.3881933434618488,0.0,0.0,0.0,0.0,0.0,0.0,,0.3333333333333333,1,0,0.0,0.0,0.0,0.42000000000000004,3.8500000000000005,1.0,65.66,0.0,0.0,0.0,0.0,,,,,-0.6860117792920465,0.7275904333294663,-0.6860117792920465,0.7275904333294663,-2.8179069075051046,1.0259966801365292,9.0,95.0,,,0.0,6,0.0,0.0,0.6799166666666666,0.0,-0.0,28.575000000000003,-0.4499999999999993,270,9,2014,118
2014-09-28,0.0,0.0,0,0.0,2.1,15.5,8.658333333333333,16.3,10.4,-7.0653036720846,7.522634102878297,75.45833333333333,270.125,600.0,10.791666666666666,,,,,,,,317.0894026030206,0.992936966500299,0.0,0.0,0.0,0.0,0.0,0.0,,0.9166666666666666,0,0,0.0,0.0,0.0,0.42000000000000004,3.8500000000000005,1.0,65.66,0.0,0.0,0.0,0.0,,,,,-0.6808563480603087,0.7324169804871947,-0.6808563480603087,0.7324169804871947,-5.331360395893837,5.676454316796915,10.0,96.0,,,0.0,6,0.0,0.0,0.7649444444444443,0.0,-0.0,62.400000000000006,3.229166666666666,271,9,2014,119
2014-09-29,0.0,0.0,0,0.0,4.9,16.6,10.549999999999999,16.3,11.200000000000001,-7.268653028413827,8.379990326480513,57.458333333333336,282.1666666666667,600.0,2.0416666666666665,,,,,,,,319.8822264117941,0.9908702041212495,0.0,0.0,0.0,0.0,0.0,0.0,,1.0,0,0,0.0,0.0,0.0,0.42000000000000004,3.8500000000000005,1.0,65.66,0.0,0.0,0.0,0.0,,,,,-0.6443608832240081,0.7647215520506638,-0.6443608832240081,0.7647215520506638,-4.176446885909445,4.815002775090261,11.0,97.0,,,0.0,6,0.0,0.0,0.7129722222222222,0.0,-0.0,67.2,1.8916666666666657,272,9,2014,120
2014-09-30,0.0,3.8000000000000003,0,0.0,2.6,14.2,8.325000000000001,27.9,16.154166666666665,-12.508416394380063,9.689135065059125,67.95833333333333,275.0416666666667,600.0,22.5,,,,,,,,310.00819465629144,0.9735799249630168,0.0,0.0,0.0,0.0,0.0,0.0,,0.625,0,0,0.0,0.0,0.0,0.42000000000000004,3.8500000000000005,1.0,65.66,0.0,0.0,0.0,0.0,,,,,-0.7659525014005781,0.6428971656479731,-0.7659525014005781,0.6428971656479731,-8.500511308014119,6.5845747046297625,12.0,98.0,,,0.0,6,0.0,0.0,0.7254444444444444,0.0,-0.0,96.92499999999998,-2.224999999999998,273,9,2014,121
2014-10-01,0.77,1.8,9,0.14,-2.1,7.9,2.4625,16.6,10.491666666666667,-8.876728217774321,-2.5378766758066287,67.375,227.25,600.0,39.125,,,,,,,,265.6484091437917,0.8590348299655524,-1.1777777777777778,10.477777777777778,12.5,88.88888888888889,-10.03837689553703,1.0345814083307534,276.23183611021966,0.3333333333333333,1,9,0.77,0.77,0.77,1.12,4.550000000000001,2.0,66.43,0.0,0.0,0.0,0.0,,,,,-0.9971172161701639,-0.0758765920232491,-0.9940908012116824,0.10855173396273025,-5.980695636725448,-1.709894410324716,0.0,99.0,1.0,1.0,12.782000000000002,0,0.1869906381172839,0.77,0.5516388888888889,8.06788888888889,0.0,0.0,-5.862500000000001,274,10,2014,122
2014-10-02,0.0,0.0,0,0.0,-1.1,14.3,6.6875,9.2,5.3500000000000005,-4.975931922912108,0.8038308291757268,70.41666666666667,288.4166666666667,600.0,5.791666666666667,,,,,,,,284.79410648038584,0.9296588137434377,0.0,0.0,0.0,0.0,0.0,0.0,,0.9583333333333334,1,0,0.77,0.77,0.77,0.77,1.4000000000000006,3.0,66.43,0.0,0.0,0.0,0.0,,,,,-0.9668496589780081,0.2553463078529029,-0.9668496589780081,0.2553463078529029,-3.503885395717276,0.5660308755445743,1.0,100.0,0.0,1.0,0.0,1,0.0,0.385,0.7447777777777778,0.0,-0.0,5.3500000000000005,4.225,275,10,2014,123
2014-10-03,0.0,0.0,0,0.0,0.5,15.6,8.120833333333334,5.5,2.566666666666667,0.18554853170870347,-0.07640135584854679,68.625,288.3333333333333,600.0,30.916666666666668,,,,,,,,166.92066222916037,0.18882615841924993,0.0,0.0,0.0,0.0,0.0,0.0,,0.5833333333333334,0,0,0.0,0.77,0.77,0.77,1.1900000000000006,3.0,66.43,0.0,0.0,0.0,0.0,,,,,0.22630005366580522,-0.9740576398298274,0.22630005366580522,-0.9740576398298274,0.12733267988509775,-0.05243043045106524,2.0,101.0,0.0,1.0,0.0,2,0.0,0.25666666666666665,0.7543055555555555,0.0,-0.0,5.133333333333334,1.4333333333333336,276,10,2014,124
2014-10-04,0.0,0.0,0,0.0,2.7,16.5,9.1,10.7,7.304166666666667,-5.37025153415935,4.684844553922081,68.33333333333333,290.9583333333333,600.0,3.4166666666666665,,,,,,,,313.8472908167287,0.9719762460519656,0.0,0.0,0.0,0.0,0.0,0.0,,1.0,0,0,0.0,0.0,0.77,0.77,1.1900000000000006,2.0,66.43,0.0,0.0,0.0,0.0,,,,,-0.7211887008628539,0.6927386648280497,-0.7211887008628539,0.6927386648280497,-3.6696718816755554,3.2013104451800882,3.0,102.0,,0.0,0.0,3,0.0,0.0,0.7550833333333333,0.0,-0.0,21.9125,0.9791666666666661,277,10,2014,125
2014-10-05,0.0,0.0,0,0.0,5.2,18.1,11.579166666666666,17.4,9.645833333333334,-6.272560062779276,6.990242840282985,58.708333333333336,278.0,600.0,17.708333333333332,,,,,,,,322.9640602782917,0.9691054172958335,0.0,0.0,0.0,0.0,0.0,0.0,,0.5,0,0,0.0,0.0,0.77,0.77,1.1900000000000006,2.0,66.43,0.0,0.0,0.0,0.0,,,,,-0.6023158620052029,0.798257854566386,-0.6023158620052029,0.798257854566386,-3.6825154701900003,4.103855067482803,4.0,103.0,,0.0,0.0,4,0.0,0.0,0.7143611111111111,0.0,-0.0,38.583333333333336,2.479166666666666,278,10,2014,126
2014-10-06,0.0,2.4,0,0.0,8.1,20.0,14.083333333333334,22.7,13.583333333333334,-6.716341479546507,11.553840113734621,52.791666666666664,259.2916666666667,600.0,65.58333333333333,,,,,,,,333.350162999215,0.982566357357122,0.0,0.0,0.0,0.0,0.0,0.0,,0.041666666666666664,0,0,0.0,0.0,0.77,0.77,1.1900000000000006,2.0,66.43,0.0,0.0,0.0,0.0,,,,,-0.44853667137393544,0.8937644289368369,-0.44853667137393544,0.8937644289368369,-3.5456686060772604,6.099464760042402,5.0,104.0,,0.0,0.0,5,0.0,0.0,0.6821666666666667,0.0,-0.0,67.91666666666667,2.504166666666668,279,10,2014,127
2014-10-07,0.0,16.5,0,0.0,4.1,11.1,7.504166666666666,17.4,11.375,-9.955638503888537,4.8593606087418815,78.08333333333333,225.875,600.0,84.29166666666667,,,,,,,,293.80153808899865,0.9741977487682003,0.0,0.0,0.0,0.0,0.0,0.0,,0.0,0,0,0.0,0.0,0.77,0.77,1.1900000000000006,2.0,66.43,0.0,0.0,0.0,0.0,,,,,-0.9149488344607843,0.40356985804052853,-0.9149488344607843,0.40356985804052853,-7.773694398452965,3.7943507419926186,6.0,105.0,,0.0,0.0,6,0.0,0.0,0.6575277777777777,0.0,-0.0,68.25,-6.5791666666666675,280,10,2014,128
2014-10-08,0.0,0.7,0,0.0,1.9,10.6,6.0625,12.0,5.208333333333333,-4.879234997706875,-0.3674959521029495,76.0,203.41666666666666,600.0,63.583333333333336,,,,,,,,264.02022717429094,0.8189159695202897,0.0,0.0,0.0,0.0,0.0,0.0,,0.08333333333333333,0,0,0.0,0.0,0.0,0.77,1.1900000000000006,1.0,66.43,0.0,0.0,0.0,0.0,,,,,-0.9945587351594473,-0.10417735991106934,-0.9945587351594473,-0.10417735991106934,-3.7082185982572247,-0.27929692359824165,7.0,106.0,,,0.0,6,0.0,0.0,0.6244999999999999,0.0,-0.0,31.25,-1.4416666666666664,281,10,2014,129
2014-10-09,0.0,0.0,0,0.0,0.4,13.7,7.1875,10.7,5.216666666666667,-3.848150325633274,2.462574805727543,73.20833333333333,285.4583333333333,600.0,51.875,,,,,,,,322.6794658886027,0.6946669543302972,0.0,0.0,0.0,0.0,0.0,0.0,,0.3333333333333333,0,0,0.0,0.0,0.0,0.77,1.1900000000000006,0.0,66.43,0.0,0.0,0.0,0.0,,,,,-0.6062734493752785,0.7952562508918755,-0.6062734493752785,0.7952562508918755,-2.8171667175573596,1.802809972359705,8.0,107.0,,,0.0,6,0.0,0.0,0.7387777777777776,0.0,-0.0,31.3,1.125,282,10,2014,130
2014-10-10,0.0,0.0,0,0.0,3.4,15.2,9.2125,12.0,5.8125,-4.414934820755318,2.901283705959431,63.333333333333336,253.79166666666666,600.0,82.5,,,,,,,,311.98804407542985,0.8900821209144273,0.0,0.0,0.0,0.0,0.0,0.0,,0.08333333333333333,0,0,0.0,0.0,0.0,0.77,1.1900000000000006,0.0,66.43,0.0,0.0,0.0,0.0,,,,,-0.7432844369470569,0.6689755195762372,-0.7432844369470569,0.6689755195762372,-2.796125386478368,1.8374796804409732,9.0,108.0,,,0.0,6,0.0,0.0,0.7136388888888888,0.0,-0.0,34.875,2.0250000000000004,283,10,2014,131
2014-10-11,0.0,0.0,0,0.0,4.5,18.1,11.083333333333334,14.7,7.870833333333334,-4.538070277634407,5.707876356235329,53.75,297.875,600.0,6.625,,,,,,,,330.7025412764175,0.9312111077281328,0.0,0.0,0.0,0.0,0.0,0.0,,1.0,0,0,0.0,0.0,0.0,0.77,1.1900000000000006,0.0,66.43,0.0,0.0,0.0,0.0,,,,,-0.4893437718203261,0.8720909774677505,-0.4893437718203261,0.8720909774677505,-2.4392127742284937,3.0679835414764893,10.0,109.0,,,0.0,6,0.0,0.0,0.7110833333333333,0.0,-0.0,47.225,1.8708333333333336,284,10,2014,132
2014-10-12,0.0,6.0,0,0.0,5.7,18.2,11.916666666666666,20.5,11.5,-4.693863049200773,9.978421689967972,62.75,271.75,600.0,44.875,,,,,,,,341.2155161069908,0.9535503350389993,0.0,0.0,0.0,0.0,0.0,0.0,,0.25,0,0,0.0,0.0,0.0,0.77,1.1900000000000006,0.0,66.43,0.0,0.0,0.0,0.0,,,,,-0.32200932402467863,0.9467364972584343,-0.32200932402467863,0.9467364972584343,-2.945399063373485,6.261459610454903,11.0,110.0,,,0.0,6,0.0,0.0,0.7236666666666666,0.0,-0.0,69.0,0.8333333333333321,285,10,2014,133
2014-10-13,0.56,28.8,5,0.14,1.3,10.0,6.408333333333334,11.0,7.508333333333333,0.5663332813449576,-2.040397044141701,98.79166666666667,51.75,194.0,93.75,,,,,,,,195.42542685817463,0.1742451180645372,1.52,8.56,9.8,98.4,4.889707478404505,-6.991130396573939,144.3996434256045,0.0,0,5,0.56,0.56,0.56,1.33,1.7500000000000007,0.0,66.99000000000001,0.0,0.0,0.0,0.0,,,,,-0.26598393988921637,-0.9639774601727001,0.5821280303950405,-0.8130971382488017,0.5594900875287061,-2.015742246524989,0.0,111.0,1.0,1.0,6.16,0,0.10601696,0.56,0.5860277777777778,4.7936000000000005,0.0,0.0,-5.508333333333332,286,10,2014,134
2014-10-14,5.39,17.6,16,0.77,0.9,4.6,2.1125000000000003,21.6,15.204166666666667,6.855634637780621,-13.564001097478046,92.375,147.91666666666666,566.0,98.83333333333333,,,,,,,,152.91775691910777,0.9993290452899319,1.73125,14.63125,21.6,95.625,6.670347827582954,-13.013922030474372,152.5013422080797,0.0,0,12,5.949999999999999,5.949999999999999,5.949999999999999,6.72,7.140000000000001,0.0,72.38,0.0,0.0,0.0,0.0,,,,,0.455268993542995,-0.8903539428330446,0.4617278340366993,-0.887021649834872,6.332892496649849,-12.529746013795345,0.0,112.0,0.9058823529411765,1.0,100.0,0,0.9104347562255862,5.949999999999999,0.50875,78.8624375,0.0,0.0,-4.295833333333334,287,10,2014,135
2014-10-15,0.0,0.5,0,0.0,0.3,7.5,3.158333333333333,14.6,10.116666666666667,2.4670087658433757,-9.472011000939043,81.16666666666667,203.125,600.0,73.5,,,,,,,,165.30021748810518,0.9683752910935071,0.0,0.0,0.0,0.0,0.0,0.0,,0.041666666666666664,0,0,5.39,5.95,5.95,5.949999999999999,7.140000000000001,0.0,72.38,0.0,0.0,0.0,0.0,,,,,0.2537542729472559,-0.967268716004508,0.2537542729472559,-0.967268716004508,2.00238878160954,-7.68811559576219,1.0,113.0,0.0,1.0,0.0,1,0.0,2.975,0.5726388888888889,0.0,-0.0,10.116666666666667,1.045833333333333,288,10,2014,136
2014-10-16,0.0,3.4,0,0.0,-1.1,10.5,4.470833333333333,12.6,5.916666666666667,-5.079854826667565,-1.488008878410244,78.83333333333333,235.41666666666666,600.0,61.125,,,,,,,,246.53385747422482,0.878268711483885,0.0,0.0,0.0,0.0,0.0,0.0,,0.125,1,0,0.0,5.390000000000001,5.95,5.949999999999999,7.140000000000001,1.0,72.38,0.0,0.0,0.0,0.0,,,,,-0.9172955448115118,-0.3982070861611478,-0.9172955448115118,-0.3982070861611478,-4.004618888356263,-1.1730469991467423,2.0,114.0,0.0,0.9058823529411766,0.0,2,0.0,1.7966666666666669,0.6530555555555556,0.0,-0.0,11.833333333333334,1.3125,289,10,2014,137
2014-10-17,0.0,0.0,0,0.0,-0.3,11.4,4.925,6.4,3.9875000000000003,2.6786379485052247,-1.7112111329360193,75.45833333333333,234.70833333333334,600.0,40.166666666666664,,,,,,,,130.55032561118844,0.7186226799247782,0.0,0.0,0.0,0.0,0.0,0.0,,0.25,1,0,0.0,0.0,5.95,5.949999999999999,7.07,2.0,72.38,0.0,0.0,0.0,0.0,,,,,0.759835231205653,-0.6501156984865478,0.759835231205653,-0.6501156984865478,2.021255551976234,-1.2912514007279712,3.0,115.0,,0.0,0.0,3,0.0,0.0,0.6613333333333333,0.0,-0.0,11.9625,0.4541666666666666,290,10,2014,138
2014-10-18,0.0,0.0,0,0.0,1.8,15.6,8.65,6.6,4.95,-3.6742325587527644,2.735711234076718,68.29166666666667,317.4583333333333,600.0,20.791666666666668,,,,,,,,309.96104190094275,0.9231150006838521,0.0,0.0,0.0,0.0,0.0,0.0,,0.5833333333333334,0,0,0.0,0.0,5.95,5.949999999999999,6.720000000000001,2.0,72.38,0.0,0.0,0.0,0.0,,,,,-0.7664813275737816,0.6422665914406053,-0.7664813275737816,0.6422665914406053,-2.5091946515815753,1.8682627969382253,4.0,116.0,,0.0,0.0,4,0.0,0.0,0.772611111111111,0.0,-0.0,19.8,3.7250000000000005,291,10,2014,139
2014-10-19,0.0,0.0,0,0.0,5.3,19.7,12.424999999999999,11.9,7.45,-5.589664764847968,4.674026149792066,61.291666666666664,309.0833333333333,600.0,62.25,,,,,,,,313.1183247926755,0.978450927459449,0.0,0.0,0.0,0.0,0.0,0.0,,0.08333333333333333,0,0,0.0,0.0,5.95,5.949999999999999,6.720000000000001,2.0,72.38,0.0,0.0,0.0,0.0,,,,,-0.72994370921846,0.683507265047268,-0.72994370921846,0.683507265047268,-3.4259986954547337,2.8647885276433875,5.0,117.0,,0.0,0.0,5,0.0,0.0,0.7436944444444444,0.0,-0.0,37.25,3.7749999999999986,292,10,2014,140
2014-10-20,0.0,0.0,0,0.0,4.8,18.3,10.416666666666666,8.9,6.845833333333334,5.070385201859852,-2.661997982464148,72.83333333333333,287.9166666666667,600.0,60.625,,,,,,,,114.52676638196623,0.7454657961253796,0.0,0.0,0.0,0.0,0.0,0.0,,0.08333333333333333,0,0,0.0,0.0,5.390000000000001,5.949999999999999,6.720000000000001,2.0,72.38,0.0,0.0,0.0,0.0,,,,,0.9097674428738245,-0.41511829625640745,0.9097674428738245,-0.41511829625640745,3.6929305553545926,-1.938821863894721,6.0,118.0,,0.0,0.0,6,0.0,0.0,0.7680555555555556,0.0,-0.0,41.075,-2.008333333333333,293,10,2014,141
2014-10-21,0.0,0.0,0,0.0,5.1,18.9,11.595833333333333,7.3,4.729166666666667,1.1401804387723262,1.706319000523563,73.41666666666667,274.1666666666667,600.0,41.083333333333336,,,,,,,,15.245275843849909,0.44576589518769627,0.0,0.0,0.0,0.0,0.0,0.0,,0.3333333333333333,0,0,0.0,0.0,0.0,5.949999999999999,6.720000000000001,2.0,72.38,0.0,0.0,0.0,0.0,,,,,0.26295166484314336,0.9648090080198356,0.26295166484314336,0.9648090080198356,0.8370824721320161,1.2527225328843825,7.0,119.0,,,0.0,6,0.0,0.0,0.7608333333333334,0.0,-0.0,28.375,1.1791666666666671,294,10,2014,142
2014-10-22,0.0,0.6000000000000001,0,0.0,6.4,19.9,13.254166666666665,9.8,5.883333333333333,-4.245216785951905,3.2242288808237807,69.20833333333333,316.6666666666667,600.0,28.666666666666668,,,,,,,,314.1026493496628,0.8963797662567801,0.0,0.0,0.0,0.0,0.0,0.0,,0.5,0,0,0.0,0.0,0.0,5.949999999999999,6.720000000000001,2.0,72.38,0.0,0.0,0.0,0.0,,,,,-0.718094118074995,0.6959460019183206,-0.718094118074995,0.6959460019183206,-2.938043783944215,2.2314350712701247,8.0,120.0,,,0.0,6,0.0,0.0,0.7751388888888888,0.0,-0.0,35.3,1.6583333333333314,295,10,2014,143
2014-10-23,0.0,1.7,0,0.0,8.3,21.2,14.216666666666667,7.0,3.9875000000000003,0.8019817755359169,0.9135636268505744,67.20833333333333,279.875,600.0,71.70833333333333,,,,,,,,15.95963473013331,0.3107241489918668,0.0,0.0,0.0,0.0,0.0,0.0,,0.125,0,0,0.0,0.0,0.0,5.949999999999999,6.720000000000001,1.0,72.38,0.0,0.0,0.0,0.0,,,,,0.2749600720079174,0.9614556457795653,0.2749600720079174,0.9614556457795653,0.538998584974764,0.6139908875458234,9.0,121.0,,,0.0,6,0.0,0.0,0.7439444444444444,0.0,-0.0,23.925,0.9625000000000021,296,10,2014,144
2014-10-24,0.0,0.0,0,0.0,9.7,21.4,14.950000000000001,20.8,9.75,-5.302259508275685,6.74279972023928,65.70833333333333,269.0,600.0,75.45833333333333,,,,,,,,329.5205501277525,0.8499424390868323,0.0,0.0,0.0,0.0,0.0,0.0,,0.125,0,0,0.0,0.0,0.0,5.949999999999999,6.720000000000001,0.0,72.38,0.0,0.0,0.0,0.0,,,,,-0.5072292920389065,0.8618111424771147,-0.5072292920389065,0.8618111424771147,-3.484026351896148,4.430581316173893,10.0,122.0,,,0.0,6,0.0,0.0,0.7316944444444444,0.0,-0.0,58.5,0.7333333333333343,297,10,2014,145
2014-10-25,0.0,2.8,0,0.0,9.2,21.4,15.1625,13.3,6.091666666666666,-3.078101638009265,2.9620373718752417,65.66666666666667,268.5,600.0,58.916666666666664,,,,,,,,327.6220750419063,0.6042020045403625,0.0,0.0,0.0,0.0,0.0,0.0,,0.3333333333333333,0,0,0.0,0.0,0.0,5.949999999999999,6.720000000000001,0.0,72.38,0.0,0.0,0.0,0.0,,,,,-0.5355014507272738,0.8445343073368808,-0.5355014507272738,0.8445343073368808,-2.021286742292751,1.945071207531409,11.0,123.0,,,0.0,6,0.0,0.0,0.7312222222222222,0.0,-0.0,36.55,0.21249999999999858,298,10,2014,146
2014-10-26,0.0,0.0,0,0.0,9.5,21.8,14.9375,14.1,6.429166666666667,-5.0942949008289675,2.7130687670223264,62.041666666666664,311.125,600.0,69.70833333333333,,,,,,,,299.730464196104,0.8365413798378205,0.0,0.0,0.0,0.0,0.0,0.0,,0.08333333333333333,0,0,0.0,0.0,0.0,5.949999999999999,6.720000000000001,0.0,72.38,0.0,0.0,0.0,0.0,,,,,-0.8683679560325648,0.4959204502093312,-0.8683679560325648,0.4959204502093312,-3.160585461389305,1.6832330808734348,12.0,124.0,,,0.0,6,0.0,0.0,0.7475555555555555,0.0,-0.0,38.575,-0.22499999999999964,299,10,2014,147
2014-10-27,0.0,11.1,0,0.0,4.9,17.4,10.404166666666667,26.3,12.9125,-9.955683757968469,7.067055149711089,73.75,247.29166666666666,600.0,48.708333333333336,,,,,,,,307.87921412538935,0.9409287735251411,0.0,0.0,0.0,0.0,0.0,0.0,,0.16666666666666666,0,0,0.0,0.0,0.0,5.39,6.720000000000001,0.0,72.38,0.0,0.0,0.0,0.0,,,,,-0.7893068844864952,0.6139988942190552,-0.7893068844864952,0.6139988942190552,-7.342316771501746,5.211953172911928,13.0,125.0,,,0.0,6,0.0,0.0,0.7440277777777778,0.0,-0.0,77.475,-4.533333333333333,300,10,2014,148
2014-10-28,0.0,0.6000000000000001,0,0.0,2.2,10.2,6.3125,18.6,12.979166666666666,-11.502150204989434,5.814557931570743,76.58333333333333,245.95833333333334,600.0,47.666666666666664,,,,,,,,298.2512716809893,0.9931206303607354,0.0,0.0,0.0,0.0,0.0,0.0,,0.375,0,0,0.0,0.0,0.0,0.0,6.720000000000001,0.0,72.38,0.0,0.0,0.0,0.0,,,,,-0.8808802326487939,0.47333921845607374,-0.8808802326487939,0.47333921845607374,-8.808730031987741,4.4529822825945935,14.0,126.0,,,0.0,6,0.0,0.0,0.6459166666666666,0.0,-0.0,77.875,-4.091666666666667,301,10,2014,149
2014-10-29,0.0,0.0,0,0.0,3.5,16.9,9.775,11.3,6.691666666666666,-5.717805304231148,3.322622800891549,69.70833333333333,340.4583333333333,600.0,4.833333333333333,,,,,,,,303.1911771157358,0.9798246278621607,0.0,0.0,0.0,0.0,0.0,0.0,,0.9166666666666666,0,0,0.0,0.0,0.0,0.0,6.720000000000001,0.0,72.38,0.0,0.0,0.0,0.0,,,,,-0.8368486219114708,0.5474343650200197,-0.8368486219114708,0.5474343650200197,-3.9857867808244625,2.316144977454817,15.0,127.0,,,0.0,6,0.0,0.0,0.7926666666666667,0.0,-0.0,40.15,3.4625000000000004,302,10,2014,150
2014-10-30,0.0,0.0,0,0.0,4.0,17.4,10.845833333333333,16.3,8.629166666666666,-6.914067497804791,4.897009133054463,65.33333333333333,341.9166666666667,600.0,18.791666666666668,,,,,,,,310.90346662886793,0.9783703156351495,0.0,0.0,0.0,0.0,0.0,0.0,,0.8333333333333334,0,0,0.0,0.0,0.0,0.0,6.720000000000001,0.0,72.38,0.0,0.0,0.0,0.0,,,,,-0.7558138532885631,0.6547865447434718,-0.7558138532885631,0.6547865447434718,-4.517190765232463,3.199379300262249,16.0,128.0,,,0.0,6,0.0,0.0,0.7790555555555555,0.0,-0.0,51.775,1.0708333333333329,303,10,2014,151
2014-10-31,0.0,0.0,0,0.0,6.5,20.4,13.987499999999999,20.7,10.745833333333332,-6.4792068886226915,8.109849825050828,49.708333333333336,319.875,600.0,47.75,,,,,,,,327.2784082736151,0.9633115374549573,0.0,0.0,0.0,0.0,0.0,0.0,,0.4583333333333333,0,0,0.0,0.0,0.0,0.0,5.95,0.0,72.38,0.0,0.0,0.0,0.0,,,,,-0.5405574026846187,0.8413071344062518,-0.5405574026846187,0.8413071344062518,-3.2207057575528633,4.031271183869016,17.0,129.0,,,0.0,6,0.0,0.0,0.7122777777777779,0.0,-0.0,64.475,3.1416666666666657,304,10,2014,152
2014-11-01,0.07,13.1,1,0.07,0.7,14.0,8.879166666666666,16.8,13.941666666666668,-10.127850074783977,8.096422774860935,79.91666666666667,155.95833333333334,525.0,54.541666666666664,,,,,,,,308.3477171245629,0.9270084672358191,2.6,11.8,11.8,87.0,-11.542141688658907,2.453357951649562,282.0,0.25,0,1,0.0700000000000009,0.07,0.07,0.07,6.0200000000000005,0.0,72.45,0.0,0.0,0.0,0.0,,,,,-0.7842599334843262,0.6204323949723775,-0.9781476007338056,0.20791169081775945,-8.093840184764861,6.470391200909697,0.0,130.0,1.0,1.0,1.1760000000000002,0,0.011039875,0.07,0.6814722222222223,0.8260000000000002,0.0,0.0,-5.1083333333333325,305,11,2014,153
2014-11-02,0.0,0.0,0,0.0,-1.6,10.3,4.125,16.4,10.458333333333334,-9.65017040995566,-1.0103618180138332,66.375,265.0,600.0,43.708333333333336,,,,,,,,266.3417363147918,0.9268497543684633,0.0,0.0,0.0,0.0,0.0,0.0,,0.375,1,0,0.0700000000000009,0.07,0.07,0.07,6.0200000000000005,1.0,72.45,0.0,0.0,0.0,0.0,,,,,-0.9979623611750987,-0.06380537342435896,-0.9979623611750987,-0.06380537342435896,-6.405300609608069,-0.6706276567066817,1.0,131.0,0.0,1.0,0.0,1,0.0,0.035,0.6268055555555555,0.0,-0.0,10.458333333333334,-4.754166666666666,306,11,2014,154
2014-11-03,0.0,0.0,0,0.0,-0.0,15.7,7.841666666666666,6.3,3.4499999999999997,0.7195635515285991,-1.4047026498067974,63.5,346.6666666666667,600.0,30.166666666666668,,,,,,,,165.6387063126818,0.533684860299364,0.0,0.0,0.0,0.0,0.0,0.0,,0.5833333333333334,0,0,0.0,0.07,0.07,0.07,6.0200000000000005,1.0,72.45,0.0,0.0,0.0,0.0,,,,,0.24803550159666557,-0.9687509431983489,0.24803550159666557,-0.9687509431983489,0.45692285522066045,-0.8919861826273163,2.0,132.0,0.0,1.0,0.0,2,0.0,0.023333333333333334,0.7761111111111111,0.0,-0.0,6.8999999999999995,3.716666666666666,307,11,2014,155
2014-11-04,0.0,0.7,0,0.0,4.6,16.9,10.583333333333334,14.1,7.620833333333334,-3.939163101958993,5.302671579223733,58.458333333333336,335.125,600.0,70.54166666666667,,,,,,,,335.23174424962275,0.8376837413302374,0.0,0.0,0.0,0.0,0.0,0.0,,0.125,0,0,0.0,0.0,0.07,0.07,6.0200000000000005,1.0,72.45,0.0,0.0,0.0,0.0,,,,,-0.4189490715396753,0.9080097331284748,-0.4189490715396753,0.9080097331284748,-2.3027690966868612,3.0998534273545406,3.0,133.0,,0.0,0.0,3,0.0,0.0,0.7516111111111111,0.0,-0.0,22.8625,2.741666666666668,308,11,2014,156
2014-11-05,0.0,0.0,0,0.0,5.4,17.2,11.15,13.6,7.45,-1.7267432678942927,1.7847704671896072,59.416666666666664,255.91666666666666,600.0,79.75,,,,,,,,325.06724577400354,0.20788943493607354,0.0,0.0,0.0,0.0,0.0,0.0,,0.0,0,0,0.0,0.0,0.07,0.07,6.0200000000000005,1.0,72.45,0.0,0.0,0.0,0.0,,,,,-0.5726146354043173,0.8198246637670648,-0.5726146354043173,0.8198246637670648,-1.0259732916738589,1.0604511192551582,4.0,134.0,,0.0,0.0,4,0.0,0.0,0.702,0.0,-0.0,29.8,0.5666666666666664,309,11,2014,157
2014-11-06,0.0,0.0,0,0.0,3.5,17.5,10.35,11.3,4.895833333333333,-3.2886183890680134,-0.23725666017385902,66.66666666666667,327.0,600.0,99.08333333333333,,,,,,,,257.2996732327705,0.39525050111187243,0.0,0.0,0.0,0.0,0.0,0.0,,0.0,0,0,0.0,0.0,0.07,0.07,6.0200000000000005,1.0,72.45,0.0,0.0,0.0,0.0,,,,,-0.9755332901110237,-0.21985176798279582,-0.9755332901110237,-0.21985176798279582,-2.192412259378676,-0.15817110678257268,5.0,135.0,,0.0,0.0,5,0.0,0.0,0.7735555555555557,0.0,-0.0,24.479166666666664,-0.8000000000000007,310,11,2014,158
2014-11-07,0.0,0.0,0,0.0,4.8,20.2,12.708333333333334,6.4,4.079166666666667,0.5252261059774344,-1.3217551735520945,54.416666666666664,360.1666666666667,600.0,43.041666666666664,,,,,,,,172.42745613697267,0.19545236109939237,0.0,0.0,0.0,0.0,0.0,0.0,,0.4583333333333333,0,0,0.0,0.0,0.07,0.07,6.0200000000000005,1.0,72.45,0.0,0.0,0.0,0.0,,,,,0.1317813846130826,-0.9912788037022978,0.1317813846130826,-0.9912788037022978,0.2858105393360539,-0.7192551069412647,6.0,136.0,,0.0,0.0,6,0.0,0.0,0.7548333333333334,0.0,-0.0,24.475,2.3583333333333343,311,11,2014,159
2014-11-08,0.0,0.0,0,0.0,6.8,22.4,15.008333333333333,12.5,7.304166666666667,-4.5180333211317345,5.001100068512831,50.541666666666664,361.0,600.0,10.708333333333334,,,,,,,,325.6798047772302,0.9027805339754319,0.0,0.0,0.0,0.0,0.0,0.0,,0.875,0,0,0.0,0.0,0.0,0.07,6.0200000000000005,1.0,72.45,0.0,0.0,0.0,0.0,,,,,-0.5638171913780304,0.825899615393172,-0.5638171913780304,0.825899615393172,-2.2834893410553305,2.527639326294193,7.0,137.0,,,0.0,6,0.0,0.0,0.7424722222222222,0.0,-0.0,43.825,2.299999999999999,312,11,2014,160
2014-11-09,0.0,0.2,0,0.0,7.0,23.6,14.670833333333334,15.4,6.466666666666666,-0.48488898364765093,-0.9449689152896869,61.75,331.9583333333333,600.0,32.708333333333336,,,,,,,,149.95917922196892,0.3175863999313392,0.0,0.0,0.0,0.0,0.0,0.0,,0.375,0,0,0.0,0.0,0.0,0.07,6.0200000000000005,0.0,72.45,0.0,0.0,0.0,0.0,,,,,0.5006168788927395,-0.8656689555295906,0.5006168788927395,-0.8656689555295906,-0.2994189474024245,-0.5835183051913816,8.0,138.0,,,0.0,6,0.0,0.0,0.7604722222222223,0.0,-0.0,38.8,-0.3374999999999986,313,11,2014,161
2014-11-10,0.0,0.0,0,0.0,7.0,21.0,13.3375,8.7,6.004166666666666,-0.35321433062453095,-4.430159771651355,64.91666666666667,361.5416666666667,600.0,24.125,,,,,,,,180.58633657496026,0.6862774277977242,0.0,0.0,0.0,0.0,0.0,0.0,,0.5833333333333334,0,0,0.0,0.0,0.0,0.07,6.0200000000000005,0.0,72.45,0.0,0.0,0.0,0.0,,,,,-0.010233325142261506,-0.9999476381573851,-0.010233325142261506,-0.9999476381573851,-0.22929496963042467,-2.8759120517636716,9.0,139.0,,,0.0,6,0.0,0.0,0.7907500000000001,0.0,-0.0,36.025,-1.333333333333334,314,11,2014,162
2014-11-11,0.0,0.0,0,0.0,3.7,19.4,11.424999999999999,8.4,5.729166666666667,1.4408447732314587,-4.540371440580405,58.208333333333336,369.9583333333333,600.0,28.375,,,,,,,,164.53935474161256,0.8294976416476674,0.0,0.0,0.0,0.0,0.0,0.0,,0.4166666666666667,0,0,0.0,0.0,0.0,0.07,6.0200000000000005,0.0,72.45,0.0,0.0,0.0,0.0,,,,,0.26657642441664164,-0.9638137838531043,0.26657642441664164,-0.9638137838531043,0.8386917284184783,-2.642874542704511,10.0,140.0,,,0.0,6,0.0,0.0,0.774,0.0,-0.0,34.375,-1.9125000000000014,315,11,2014,163
2014-11-12,0.0,0.0,0,0.0,5.7,21.2,13.6,8.7,4.929166666666666,-1.7075425269822244,-0.05108448750934281,61.125,359.5833333333333,600.0,13.916666666666666,,,,,,,,307.13360431757184,0.13541706354749608,0.0,0.0,0.0,0.0,0.0,0.0,,0.7083333333333334,0,0,0.0,0.0,0.0,0.07,5.460000000000001,0.0,72.45,0.0,0.0,0.0,0.0,,,,,-0.7972300065706394,0.6036756717173373,-0.7972300065706394,0.6036756717173373,-1.0437353696178848,-0.031225392990085796,11.0,141.0,,,0.0,6,0.0,0.0,0.7768055555555556,0.0,-0.0,29.574999999999996,2.1750000000000007,316,11,2014,164
2014-11-13,0.0,0.0,0,0.0,8.2,22.8,15.737499999999999,11.0,6.258333333333333,-3.725989296326388,2.8390365028317994,58.416666666666664,338.1666666666667,600.0,65.70833333333333,,,,,,,,321.7719240389934,0.6687646624350576,0.0,0.0,0.0,0.0,0.0,0.0,,0.25,0,0,0.0,0.0,0.0,0.07,0.0700000000000009,0.0,72.45,0.0,0.0,0.0,0.0,,,,,-0.6187934050885985,0.7855537676180147,-0.6187934050885985,0.7855537676180147,-2.176598747270665,1.6584704904042429,12.0,142.0,,,0.0,6,0.0,0.0,0.7535,0.0,-0.0,37.55,2.1374999999999993,317,11,2014,165
2014-11-14,0.0,0.30000000000000004,0,0.0,10.7,25.9,17.808333333333334,22.4,10.1,-5.814736641659798,5.216846053368512,47.5,293.3333333333333,600.0,64.70833333333333,,,,,,,,328.3917182506195,0.558303472975346,0.0,0.0,0.0,0.0,0.0,0.0,,0.16666666666666666,0,0,0.0,0.0,0.0,0.07,0.0700000000000009,0.0,72.45,0.0,0.0,0.0,0.0,,,,,-0.5241090123388077,0.8516511863346634,-0.5241090123388077,0.8516511863346634,-2.761999904788404,2.478001875350043,13.0,143.0,,,0.0,6,0.0,0.0,0.6872222222222222,0.0,-0.0,60.599999999999994,2.0708333333333346,318,11,2014,166
2014-11-15,0.0,0.6000000000000001,0,0.0,11.3,20.6,15.320833333333333,11.8,6.691666666666666,-4.623053291143434,4.012272510262359,68.5,182.25,600.0,99.91666666666667,,,,,,,,314.133723219578,0.8618482649870685,0.0,0.0,0.0,0.0,0.0,0.0,,0.0,0,0,0.0,0.0,0.0,0.0,0.0700000000000009,0.0,72.45,0.0,0.0,0.0,0.0,,,,,-0.7177165721973141,0.696335351675712,-0.7177165721973141,0.696335351675712,-3.1667915044332524,2.748406669529716,14.0,144.0,,,0.0,6,0.0,0.0,0.6831666666666667,0.0,-0.0,40.15,-2.4875000000000007,319,11,2014,167
2014-11-16,0.0,26.5,0,0.0,6.8,11.1,9.520833333333334,11.5,8.741666666666667,-6.801802511941722,1.5805396875664661,88.79166666666667,105.70833333333333,414.0,93.95833333333333,,,,,,,,288.3789236104549,0.8083854127538098,0.0,0.0,0.0,0.0,0.0,0.0,,0.0,0,0,0.0,0.0,0.0,0.0,0.0700000000000009,0.0,72.45,0.0,0.0,0.0,0.0,,,,,-0.9489920596963907,0.31529996928829884,-0.9489920596963907,0.31529996928829884,-6.039433813728254,1.4033875309183914,15.0,145.0,,,0.0,6,0.0,0.0,0.613111111111111,0.0,-0.0,52.45,-5.799999999999999,320,11,2014,168
2014-11-17,0.0,0.0,0,0.0,4.1,14.7,9.058333333333334,15.9,9.174999999999999,-8.451495197271385,3.233691889973541,70.375,321.0416666666667,600.0,65.33333333333333,,,,,,,,294.01663909690933,0.9832988071466452,0.0,0.0,0.0,0.0,0.0,0.0,,0.0,0,0,0.0,0.0,0.0,0.0,0.0700000000000009,0.0,72.45,0.0,0.0,0.0,0.0,,,,,-0.9134272999430381,0.40700192593987944,-0.9134272999430381,0.40700192593987944,-5.947739745079737,2.2757106675688794,16.0,146.0,,,0.0,6,0.0,0.0,0.7752777777777777,0.0,-0.0,55.05,-0.46250000000000036,321,11,2014,169
2014-11-18,0.0,0.0,0,0.0,3.6,17.8,10.641666666666667,10.8,5.745833333333334,-4.4433159887978,0.4578579226660233,66.45833333333333,365.8333333333333,600.0,18.833333333333332,,,,,,,,276.36109644995275,0.6616951407704597,0.0,0.0,0.0,0.0,0.0,0.0,,0.7916666666666666,0,0,0.0,0.0,0.0,0.0,0.0700000000000009,0.0,72.45,0.0,0.0,0.0,0.0,,,,,-0.9938433769262344,0.11079414307561049,-0.9938433769262344,0.11079414307561049,-2.952953750888538,0.3042847444384613,17.0,147.0,,,0.0,6,0.0,0.0,0.79875,0.0,-0.0,34.475,1.583333333333334,322,11,2014,170
2014-11-19,0.0,0.0,0,0.0,5.0,18.9,12.450000000000001,14.2,7.1000000000000005,-3.916405186770941,3.817432660652017,59.958333333333336,382.8333333333333,600.0,13.291666666666666,,,,,,,,334.7577878784892,0.5357602798210258,0.0,0.0,0.0,0.0,0.0,0.0,,0.8333333333333334,0,0,0.0,0.0,0.0,0.0,0.0700000000000009,0.0,72.45,0.0,0.0,0.0,0.0,,,,,-0.4264457986903555,0.9045131180802989,-0.4264457986903555,0.9045131180802989,-2.348211276568077,2.288868999449272,18.0,148.0,,,0.0,6,0.0,0.0,0.7884166666666667,0.0,-0.0,42.6,1.8083333333333336,323,11,2014,171
2014-11-20,0.0,0.30000000000000004,0,0.0,7.9,21.5,14.858333333333334,15.7,8.9625,-5.165014353708397,4.737654498556916,51.0,300.2916666666667,600.0,91.70833333333333,,,,,,,,317.61084102082384,0.6574747701597544,0.0,0.0,0.0,0.0,0.0,0.0,,0.0,0,0,0.0,0.0,0.0,0.0,0.0700000000000009,0.0,72.45,0.0,0.0,0.0,0.0,,,,,-0.6741626512658745,0.7385829131777737,-0.6741626512658745,0.7385829131777737,-2.634157320391283,2.416203794264027,19.0,149.0,,,0.0,6,0.0,0.0,0.7035277777777779,0.0,-0.0,53.775000000000006,2.408333333333333,324,11,2014,172
2014-11-21,0.0,0.6,0,0.0,10.9,19.0,14.616666666666667,16.8,9.458333333333334,-7.0270081309811685,5.066695508247361,65.20833333333333,289.0,600.0,49.541666666666664,,,,,,,,314.53288920004013,0.8506704143464326,0.0,0.0,0.0,0.0,0.0,0.0,,0.2916666666666667,0,0,0.0,0.0,0.0,0.0,0.0700000000000009,0.0,72.45,0.0,0.0,0.0,0.0,,,,,-0.7128479923460452,0.7013185722681332,-0.7128479923460452,0.7013185722681332,-4.582194885410637,3.303907696002966,20.0,150.0,,,0.0,6,0.0,0.0,0.743361111111111,0.0,-0.0,56.75,-0.24166666666666714,325,11,2014,173
2014-11-22,0.0,0.0,0,0.0,9.2,22.5,16.025000000000002,15.9,9.125,-6.204450446310411,5.830624080799258,54.958333333333336,351.7083333333333,600.0,48.083333333333336,,,,,,,,322.19162250339843,0.9180849783019907,0.0,0.0,0.0,0.0,0.0,0.0,,0.125,0,0,0.0,0.0,0.0,0.0,0.0700000000000009,0.0,72.45,0.0,0.0,0.0,0.0,,,,,-0.6130225795361057,0.7900653877869217,-0.6130225795361057,0.7900653877869217,-3.409862557784764,3.204413817739259,21.0,151.0,,,0.0,6,0.0,0.0,0.751,0.0,-0.0,54.75,1.408333333333335,326,11,2014,174
2014-11-23,0.0,0.1,0,0.0,12.2,27.4,19.458333333333332,20.3,10.133333333333333,-7.770326338155119,5.778011882722826,46.375,346.4166666666667,600.0,34.333333333333336,,,,,,,,312.60645530870363,0.9461471562326708,0.0,0.0,0.0,0.0,0.0,0.0,,0.5,0,0,0.0,0.0,0.0,0.0,0.0700000000000009,0.0,72.45,0.0,0.0,0.0,0.0,,,,,-0.7360208212752585,0.6769588987887626,-0.7360208212752585,0.6769588987887626,-3.6034888393194366,2.67955301061271,22.0,152.0,,,0.0,6,0.0,0.0,0.7188611111111111,0.0,-0.0,60.8,3.43333333333333,327,11,2014,175
2014-11-24,0.0,17.4,0,0.0,11.5,18.1,14.441666666666668,13.8,8.7125,-4.796571899796082,6.904372086769818,86.79166666666667,128.91666666666666,457.0,99.41666666666667,,,,,,,,326.0141191837081,0.966226457566878,0.0,0.0,0.0,0.0,0.0,0.0,,0.0,0,0,0.0,0.0,0.0,0.0,0.0700000000000009,0.0,72.45,0.0,0.0,0.0,0.0,,,,,-0.5589885898794283,0.8291753471881615,-0.5589885898794283,0.8291753471881615,-4.1630246946980165,5.992419606975639,23.0,153.0,,,0.0,6,0.0,0.0,0.7085833333333333,0.0,-0.0,52.275000000000006,-5.016666666666664,328,11,2014,176
2014-11-25,0.0,2.0,0,0.0,6.3,15.8,10.775,13.2,8.85,-8.40453925280829,2.381735542644277,64.95833333333333,381.1666666666667,600.0,29.625,,,,,,,,287.7621030612917,0.9837217958961839,0.0,0.0,0.0,0.0,0.0,0.0,,0.625,0,0,0.0,0.0,0.0,0.0,0.0700000000000009,0.0,72.45,0.0,0.0,0.0,0.0,,,,,-0.9523313793882016,0.30506547466497286,-0.9523313793882016,0.30506547466497286,-5.459448622970051,1.5471357129093448,24.0,154.0,,,0.0,6,0.0,0.0,0.8039722222222222,0.0,-0.0,53.099999999999994,-3.666666666666668,329,11,2014,177
2014-11-26,0.0,0.4,0,0.0,4.8,17.4,10.779166666666667,10.4,6.208333333333333,-3.071463797689214,-1.0511409979107302,64.5,364.7083333333333,600.0,29.5,,,,,,,,272.4613879422744,0.4542990634343601,0.0,0.0,0.0,0.0,0.0,0.0,,0.2916666666666667,0,0,0.0,0.0,0.0,0.0,0.0700000000000009,0.0,72.45,0.0,0.0,0.0,0.0,,,,,-0.9990773901540427,0.04294611138376452,-0.9990773901540427,0.04294611138376452,-1.9810941495095429,-0.6779859436524209,25.0,155.0,,,0.0,6,0.0,0.0,0.7914722222222222,0.0,-0.0,37.25,0.00416666666666643,330,11,2014,178
2014-11-27,0.0,0.0,0,0.0,6.4,18.6,11.629166666666668,9.7,6.108333333333333,2.2605947739702805,-4.501510867587495,67.875,340.0416666666667,600.0,43.541666666666664,,,,,,,,160.116361700463,0.7618334418499376,0.0,0.0,0.0,0.0,0.0,0.0,,0.2916666666666667,0,0,0.0,0.0,0.0,0.0,0.0700000000000009,0.0,72.45,0.0,0.0,0.0,0.0,,,,,0.3401110224473257,-0.940385289341467,0.3401110224473257,-0.940385289341467,1.534378702832328,-3.0554005013750123,26.0,156.0,,,0.0,6,0.0,0.0,0.7862777777777777,0.0,-0.0,36.65,0.8500000000000014,331,11,2014,179
2014-11-28,0.0,0.0,0,0.0,5.8,18.9,12.808333333333332,7.6,5.508333333333333,-1.2180507977501362,-0.7787827027360685,66.5,296.4583333333333,600.0,40.625,,,,,,,,229.2993220748283,0.13702973075189812,0.0,0.0,0.0,0.0,0.0,0.0,,0.25,0,0,0.0,0.0,0.0,0.0,0.0700000000000009,0.0,72.45,0.0,0.0,0.0,0.0,,,,,-0.7581266204991011,-0.6521073740501728,-0.7581266204991011,-0.6521073740501728,-0.8100037805038406,-0.5178904973194856,27.0,157.0,,,0.0,6,0.0,0.0,0.7526388888888889,0.0,-0.0,33.05,1.1791666666666636,332,11,2014,180
2014-11-29,0.0,0.1,0,0.0,7.4,19.3,14.320833333333333,12.5,6.404166666666666,-2.162108889075024,1.7983026145969163,63.5,323.0,600.0,47.208333333333336,,,,,,,,330.3904269845985,0.324407284272234,0.0,0.0,0.0,0.0,0.0,0.0,,0.3333333333333333,0,0,0.0,0.0,0.0,0.0,0.0700000000000009,0.0,72.45,0.0,0.0,0.0,0.0,,,,,-0.4940871354567767,0.8694123892469654,-0.4940871354567767,0.8694123892469654,-1.3729391445626404,1.141922160269042,28.0,158.0,,,0.0,6,0.0,0.0,0.7603333333333332,0.0,-0.0,38.425,1.512500000000001,333,11,2014,181
2014-11-30,0.0,2.2,0,0.0,10.1,21.4,15.129166666666665,14.6,7.2875000000000005,-2.538358233885273,5.54227939024333,73.5,285.125,600.0,49.375,,,,,,,,342.5260654354413,0.7246002794854458,0.0,0.0,0.0,0.0,0.0,0.0,,0.125,0,0,0.0,0.0,0.0,0.0,0.0700000000000009,0.0,72.45,0.0,0.0,0.0,0.0,,,,,-0.30027189617263894,0.9538536514418173,-0.30027189617263894,0.9538536514418173,-1.8656933019056756,4.073575351828848,29.0,159.0,,,0.0,6,0.0,0.0,0.7684166666666666,0.0,-0.0,43.725,0.8083333333333318,334,11,2014,182
2014-12-01,0.0,4.8,0,0.0,9.5,22.4,15.045833333333333,12.5,7.1875,-2.9870317406569598,5.597862893701467,78.79166666666667,273.1666666666667,600.0,54.583333333333336,,,,,,,,338.49537146818466,0.86025047794998,0.0,0.0,0.0,0.0,0.0,0.0,,0.25,0,0,0.0,0.0,0.0,0.0,0.0,0.0,72.45,0.0,0.0,0.0,0.0,,,,,-0.3665763875621135,0.9303879578336722,-0.3665763875621135,0.9303879578336722,-2.353532092325963,4.410649471662281,30.0,160.0,,,0.0,6,0.0,0.0,0.7780833333333333,0.0,-0.0,43.125,-0.08333333333333215,335,12,2014,183
2014-12-02,0.0,0.1,0,0.0,9.9,22.5,16.116666666666667,15.6,8.424999999999999,-4.302715100410249,5.061559319069111,69.08333333333333,347.4583333333333,600.0,47.041666666666664,,,,,,,,328.7969411137435,0.621233348398587,0.0,0.0,0.0,0.0,0.0,0.0,,0.25,0,0,0.0,0.0,0.0,0.0,0.0,0.0,72.45,0.0,0.0,0.0,0.0,,,,,-0.5180726745111572,0.8553366027037873,-0.5180726745111572,0.8553366027037873,-2.9724590152000805,3.4966938962569105,31.0,161.0,,,0.0,6,0.0,0.0,0.7952499999999999,0.0,-0.0,50.55,1.0708333333333346,336,12,2014,184
2014-12-03,0.0,4.2,0,0.0,10.8,23.8,15.762500000000001,10.0,5.3875,-1.2459801511236794,3.4014860730686944,70.08333333333333,229.54166666666666,600.0,93.0,,,,,,,,348.832832037273,0.6268321361583526,0.0,0.0,0.0,0.0,0.0,0.0,,0.0,0,0,0.0,0.0,0.0,0.0,0.0,0.0,72.45,0.0,0.0,0.0,0.0,,,,,-0.19367220542383978,0.9810662958466497,-0.19367220542383978,0.9810662958466497,-0.8732244225791785,2.3838748228756432,32.0,162.0,,,0.0,6,0.0,0.0,0.7199722222222222,0.0,-0.0,32.325,-0.3541666666666661,337,12,2014,185
2014-12-04,0.0,7.3,0,0.0,11.4,19.6,15.033333333333333,11.4,7.845833333333334,-4.93512696624301,3.929571525632701,83.25,232.33333333333334,600.0,93.25,,,,,,,,305.6064736085859,0.6930449032587468,0.0,0.0,0.0,0.0,0.0,0.0,,0.0,0,0,0.0,0.0,0.0,0.0,0.0,0.0,72.45,0.0,0.0,0.0,0.0,,,,,-0.8130349842368843,0.5822148352686742,-0.8130349842368843,0.5822148352686742,-4.108493199397306,3.2713682950892236,33.0,163.0,,,0.0,6,0.0,0.0,0.7657222222222222,0.0,-0.0,47.075,-0.7291666666666679,338,12,2014,186
2014-12-05,0.0,7.8,0,0.0,11.3,20.5,14.4625,12.8,5.154166666666667,-0.8222191280720498,1.1451796797149267,80.625,281.3333333333333,600.0,63.333333333333336,,,,,,,,355.69174814835264,0.1936162129643743,0.0,0.0,0.0,0.0,0.0,0.0,,0.0,0,0,0.0,0.0,0.0,0.0,0.0,0.0,72.45,0.0,0.0,0.0,0.0,,,,,-0.07512234262620164,0.9971743245984382,-0.07512234262620164,0.9971743245984382,-0.6629141720080901,0.9233011167701597,34.0,164.0,,,0.0,6,0.0,0.0,0.7896388888888889,0.0,-0.0,30.925,-0.5708333333333329,339,12,2014,187
2014-12-06,0.0,34.7,0,0.0,8.5,15.3,11.966666666666667,10.2,6.733333333333333,5.738620644610471,-2.742257186136211,93.45833333333333,188.04166666666666,600.0,90.91666666666667,,,,,,,,112.29193791086801,0.9420276848794834,0.0,0.0,0.0,0.0,0.0,0.0,,0.0,0,0,0.0,0.0,0.0,0.0,0.0,0.0,72.45,0.0,0.0,0.0,0.0,,,,,0.9252631025025372,-0.37932596951352987,0.9252631025025372,-0.37932596951352987,5.3632192107755365,-2.562867861876467,35.0,165.0,,,0.0,6,0.0,0.0,0.7702222222222223,0.0,-0.0,40.4,-2.4958333333333336,340,12,2014,188
2014-12-07,0.0,6.5,0,0.0,7.6,16.0,11.695833333333333,11.5,6.158333333333334,-1.4024585007963353,1.8877969485171453,83.75,255.08333333333334,600.0,62.791666666666664,,,,,,,,309.7740941420923,0.30068524723688944,0.0,0.0,0.0,0.0,0.0,0.0,,0.041666666666666664,0,0,0.0,0.0,0.0,0.0,0.0,0.0,72.45,0.0,0.0,0.0,0.0,,,,,-0.7685728658625355,0.6397622604216735,-0.7685728658625355,0.6397622604216735,-1.1745589944169308,1.5810299443831093,36.0,166.0,,,0.0,6,0.0,0.0,0.7825555555555556,0.0,-0.0,36.95,-0.2708333333333339,341,12,2014,189
2014-12-08,0.0,5.8,0,0.0,7.9,17.8,12.679166666666667,13.5,6.379166666666666,-3.964100374592375,2.673091793441456,78.625,284.4166666666667,600.0,38.833333333333336,,,,,,,,301.59078545451956,0.5065667560603009,0.0,0.0,0.0,0.0,0.0,0.0,,0.2916666666666667,0,0,0.0,0.0,0.0,0.0,0.0,0.0,72.45,0.0,0.0,0.0,0.0,,,,,-0.8518111927199559,0.5238489209275955,-0.8518111927199559,0.5238489209275955,-3.1167739195232547,2.1017184225933447,37.0,167.0,,,0.0,6,0.0,0.0,0.7850277777777778,0.0,-0.0,38.275,0.9833333333333343,342,12,2014,190
2014-12-09,0.0,0.0,0,0.0,9.1,21.4,14.654166666666667,10.9,4.591666666666667,-1.077250443783601,0.20231810175814222,73.95833333333333,328.1666666666667,600.0,64.41666666666667,,,,,,,,120.18699519615124,0.0590375381721777,0.0,0.0,0.0,0.0,0.0,0.0,,0.0,0,0,0.0,0.0,0.0,0.0,0.0,0.0,72.45,0.0,0.0,0.0,0.0,,,,,0.8643889534699228,-0.5028237634789864,0.8643889534699228,-0.5028237634789864,-0.7967164740482882,0.14963109609195935,38.0,168.0,,,0.0,6,0.0,0.0,0.7986388888888888,0.0,-0.0,27.55,1.9749999999999996,343,12,2014,191
2014-12-10,0.0,3.6,0,0.0,9.5,20.7,15.133333333333333,11.2,5.641666666666667,-1.4734402540129634,1.0367617314906734,71.5,263.75,600.0,81.66666666666667,,,,,,,,330.2393775005939,0.19461833974297466,0.0,0.0,0.0,0.0,0.0,0.0,,0.0,0,0,0.0,0.0,0.0,0.0,0.0,0.0,72.45,0.0,0.0,0.0,0.0,,,,,-0.4963774571135938,0.8681068022250732,-0.4963774571135938,0.8681068022250732,-1.053509781619269,0.7412846380158316,39.0,169.0,,,0.0,6,0.0,0.0,0.7474999999999999,0.0,-0.0,33.85,0.4791666666666661,344,12,2014,192
2014-12-11,0.0,14.7,0,0.0,7.2,15.0,10.958333333333334,15.5,9.741666666666667,4.359984103168945,-8.345964510385857,89.20833333333333,243.625,600.0,78.79166666666667,,,,,,,,155.59474063637563,0.9455804814743319,0.0,0.0,0.0,0.0,0.0,0.0,,0.0,0,0,0.0,0.0,0.0,0.0,0.0,0.0,72.45,0.0,0.0,0.0,0.0,,,,,0.41318802266218024,-0.9106457367870986,0.41318802266218024,-0.9106457367870986,3.889469152035296,-7.4452958403067155,40.0,170.0,,,0.0,6,0.0,0.0,0.7931111111111111,0.0,-0.0,58.45,-4.174999999999999,345,12,2014,193
2014-12-12,0.0,0.0,0,0.0,6.5,16.7,10.933333333333332,11.4,9.487499999999999,7.966055376879869,-5.097270242512854,71.04166666666667,300.8333333333333,600.0,54.0,,,,,,,,122.41709932648874,0.9967296912653867,0.0,0.0,0.0,0.0,0.0,0.0,,0.125,0,0,0.0,0.0,0.0,0.0,0.0,0.0,72.45,0.0,0.0,0.0,0.0,,,,,0.8441679759978461,-0.5360787519569303,0.8441679759978461,-0.5360787519569303,5.6592185073250745,-3.6211857347851737,41.0,171.0,,,0.0,6,0.0,0.0,0.7706944444444445,0.0,-0.0,56.925,-0.02500000000000213,346,12,2014,194
2014-12-13,0.0,0.0,0,0.0,5.2,20.6,13.270833333333334,6.8,3.829166666666667,0.7723304780405549,1.684126898128432,61.791666666666664,392.5833333333333,600.0,24.125,,,,,,,,23.924386861239118,0.5651579031639542,0.0,0.0,0.0,0.0,0.0,0.0,,0.5416666666666666,0,0,0.0,0.0,0.0,0.0,0.0,0.0,72.45,0.0,0.0,0.0,0.0,,,,,0.4055306849161413,0.9140814315975603,0.4055306849161413,0.9140814315975603,0.47723587455589284,1.0406500791351936,42.0,172.0,,,0.0,6,0.0,0.0,0.8010277777777777,0.0,-0.0,22.975,2.337500000000002,347,12,2014,195
2014-12-14,0.0,5.0,0,0.0,7.9,19.2,12.916666666666666,8.6,5.4750000000000005,-3.199450519506153,1.4948166592251144,72.41666666666667,315.1666666666667,600.0,35.375,,,,,,,,304.9882035229455,0.5225402398372563,0.0,0.0,0.0,0.0,0.0,0.0,,0.5,0,0,0.0,0.0,0.0,0.0,0.0,0.0,72.45,0.0,0.0,0.0,0.0,,,,,-0.8192701190673463,0.5734077711396806,-0.8192701190673463,0.5734077711396806,-2.316935417875706,1.0824963973888537,43.0,173.0,,,0.0,6,0.0,0.0,0.7848333333333334,0.0,-0.0,32.85,-0.35416666666666785,348,12,2014,196
2014-12-15,0.0,0.7,0,0.0,7.3,22.3,15.404166666666667,15.3,7.9750000000000005,-2.772212865356716,4.317882378592327,63.25,357.6666666666667,600.0,28.625,,,,,,,,357.3139465617705,0.5445655744260712,0.0,0.0,0.0,0.0,0.0,0.0,,0.625,0,0,0.0,0.0,0.0,0.0,0.0,0.0,72.45,0.0,0.0,0.0,0.0,,,,,-0.04686330611362014,0.9989013117120735,-0.04686330611362014,0.9989013117120735,-1.753424637338123,2.731060604459647,44.0,174.0,,,0.0,6,0.0,0.0,0.7826111111111111,0.0,-0.0,47.85,2.4875000000000007,349,12,2014,197
2014-12-16,0.0,0.5,0,0.0,12.2,23.6,17.533333333333335,26.5,16.208333333333332,-10.406126174443484,9.783804650197702,44.958333333333336,378.0416666666667,600.0,25.0,,,,,,,,322.85692954748663,0.818157346158709,0.0,0.0,0.0,0.0,0.0,0.0,,0.5416666666666666,0,0,0.0,0.0,0.0,0.0,0.0,0.0,72.45,0.0,0.0,0.0,0.0,,,,,-0.6038073780104057,0.7971302592802503,-0.6038073780104057,0.7971302592802503,-4.67842089259355,4.39863550731805,45.0,175.0,,,0.0,6,0.0,0.0,0.7352222222222222,0.0,-0.0,97.25,2.129166666666668,350,12,2014,198
2014-12-17,0.0,0.0,0,0.0,7.5,18.8,13.0,8.4,4.170833333333333,-2.8288526022041083,0.7011723378165408,54.791666666666664,405.2083333333333,600.0,18.541666666666668,,,,,,,,287.37047489600604,0.5204072980820158,0.0,0.0,0.0,0.0,0.0,0.0,,0.7083333333333334,0,0,0.0,0.0,0.0,0.0,0.0,0.0,72.45,0.0,0.0,0.0,0.0,,,,,-0.9543943006061363,0.29854902272578937,-0.9543943006061363,0.29854902272578937,-1.5499754882910008,0.38418401009531294,46.0,176.0,,,0.0,6,0.0,0.0,0.7861111111111111,0.0,-0.0,25.025,-4.533333333333335,351,12,2014,199
2014-12-18,0.0,1.1,0,0.0,6.9,17.7,12.270833333333334,19.0,10.333333333333334,-8.511266039194085,4.509928415101536,53.041666666666664,382.4583333333333,600.0,27.833333333333332,,,,,,,,306.08481914655164,0.8768869291899326,0.0,0.0,0.0,0.0,0.0,0.0,,0.375,0,0,0.0,0.0,0.0,0.0,0.0,0.0,72.45,0.0,0.0,0.0,0.0,,,,,-0.8081459665720675,0.5889822550071426,-0.8081459665720675,0.5889822550071426,-4.514517361622529,2.3921411968434394,47.0,177.0,,,0.0,6,0.0,0.0,0.7651111111111111,0.0,-0.0,62.0,-0.7291666666666661,352,12,2014,200
2014-12-19,0.0,0.0,0,0.0,4.8,16.4,10.129166666666666,10.0,6.8,-3.475600938502511,-4.669756362576303,60.666666666666664,357.4583333333333,600.0,32.416666666666664,,,,,,,,213.07190031368756,0.8401311252418351,0.0,0.0,0.0,0.0,0.0,0.0,,0.25,0,0,0.0,0.0,0.0,0.0,0.0,0.0,72.45,0.0,0.0,0.0,0.0,,,,,-0.5456910512524296,-0.8379864417656281,-0.5456910512524296,-0.8379864417656281,-2.1085312360248567,-2.8329855266296238,48.0,178.0,,,0.0,6,0.0,0.0,0.7738611111111111,0.0,-0.0,40.8,-2.1416666666666675,353,12,2014,201
2014-12-20,0.0,0.0,0,0.0,4.6,19.1,12.266666666666666,8.5,4.991666666666666,-0.9511419371791865,-2.7736818592765125,66.125,327.5416666666667,600.0,34.916666666666664,,,,,,,,184.70023262564857,0.5606364318846968,0.0,0.0,0.0,0.0,0.0,0.0,,0.4583333333333333,0,0,0.0,0.0,0.0,0.0,0.0,0.0,72.45,0.0,0.0,0.0,0.0,,,,,-0.08194255506036748,-0.9966370541326359,-0.08194255506036748,-0.9966370541326359,-0.6289426059597371,-1.834097129446594,49.0,179.0,,,0.0,6,0.0,0.0,0.7721111111111111,0.0,-0.0,29.949999999999996,2.1374999999999993,354,12,2014,202
2014-12-21,0.0,0.5,0,0.0,7.7,21.5,15.299999999999999,11.4,5.6625000000000005,-2.445598432598955,2.266921145808619,64.125,374.0833333333333,600.0,26.833333333333332,,,,,,,,339.61556220828777,0.35717815972867645,0.0,0.0,0.0,0.0,0.0,0.0,,0.625,0,0,0.0,0.0,0.0,0.0,0.0,0.0,72.45,0.0,0.0,0.0,0.0,,,,,-0.34831745764391264,0.9373766311896629,-0.34831745764391264,0.9373766311896629,-1.5682399949040797,1.4536631847497767,50.0,180.0,,,0.0,6,0.0,0.0,0.7964722222222221,0.0,-0.0,33.975,3.033333333333333,355,12,2014,203
2014-12-22,0.0,2.5,0,0.0,10.6,23.4,16.516666666666666,10.9,5.816666666666666,-0.753892182434614,4.609994510222051,66.33333333333333,304.75,600.0,60.333333333333336,,,,,,,,5.559050624577301,0.7817781503519836,0.0,0.0,0.0,0.0,0.0,0.0,,0.3333333333333333,0,0,0.0,0.0,0.0,0.0,0.0,0.0,72.45,0.0,0.0,0.0,0.0,,,,,0.09687158445340921,0.9952968884335397,0.09687158445340921,0.9952968884335397,-0.5000818143482939,3.05796302511396,51.0,181.0,,,0.0,6,0.0,0.0,0.7576111111111112,0.0,-0.0,34.9,1.2166666666666668,356,12,2014,204
2014-12-23,0.0,21.8,0,0.0,12.0,19.3,15.054166666666667,13.0,7.479166666666667,-3.8675210663256805,5.198057614940089,85.75,256.0,600.0,68.41666666666667,,,,,,,,322.13942128943745,0.7426698686831487,0.0,0.0,0.0,0.0,0.0,0.0,,0.0,0,0,0.0,0.0,0.0,0.0,0.0,0.0,72.45,0.0,0.0,0.0,0.0,,,,,-0.6137421401988571,0.7895065454726302,-0.6137421401988571,0.7895065454726302,-3.316399314374271,4.457334404811126,52.0,182.0,,,0.0,6,0.0,0.0,0.7898333333333333,0.0,-0.0,44.875,-1.4624999999999986,357,12,2014,205
2014-12-24,0.0,9.700000000000001,0,0.0,11.1,19.8,14.575000000000001,6.4,4.529166666666667,2.4929453095488308,-0.7787529502250058,89.125,238.04166666666666,600.0,81.16666666666667,,,,,,,,106.0393651250282,0.506941698068597,0.0,0.0,0.0,0.0,0.0,0.0,,0.0,0,0,0.0,0.0,0.0,0.0,0.0,0.0,72.45,0.0,0.0,0.0,0.0,,,,,0.9610720921440734,-0.27629772655925633,0.9610720921440734,-0.27629772655925633,2.2218375071353957,-0.6940635668880364,53.0,183.0,,,0.0,6,0.0,0.0,0.7891111111111111,0.0,-0.0,27.175,-0.4791666666666661,358,12,2014,206
2014-12-25,0.0,0.1,0,0.0,11.2,19.1,15.375,17.9,9.654166666666667,-6.46405921637252,6.620293940283204,72.29166666666667,295.0416666666667,600.0,55.958333333333336,,,,,,,,322.80797638921143,0.9377655643918255,0.0,0.0,0.0,0.0,0.0,0.0,,0.2916666666666667,0,0,0.0,0.0,0.0,0.0,0.0,0.0,72.45,0.0,0.0,0.0,0.0,,,,,-0.6044882206855295,0.7966140791201487,-0.6044882206855295,0.7966140791201487,-4.672976141835967,4.785920827663067,54.0,184.0,,,0.0,6,0.0,0.0,0.771,0.0,-0.0,57.925,0.7999999999999989,359,12,2014,207
2014-12-26,0.0,0.0,0,0.0,7.2,15.8,11.345833333333333,12.7,8.7875,-4.795847193876877,-2.2688834440595484,59.041666666666664,352.25,600.0,17.375,,,,,,,,243.3608051260088,0.5362404007214725,0.0,0.0,0.0,0.0,0.0,0.0,,0.5833333333333334,0,0,0.0,0.0,0.0,0.0,0.0,0.0,72.45,0.0,0.0,0.0,0.0,,,,,-0.8938477247886915,-0.44837065569691303,-0.8938477247886915,-0.44837065569691303,-2.8315481140514733,-1.3395866000968248,55.0,185.0,,,0.0,6,0.0,0.0,0.7649722222222222,0.0,-0.0,52.724999999999994,-4.029166666666667,360,12,2014,208
2014-12-27,0.0,0.0,0,0.0,5.5,20.6,12.954166666666666,6.8,3.0749999999999997,1.3174633989139755,0.295777440168325,61.041666666666664,370.4583333333333,600.0,44.625,,,,,,,,60.545383267954364,0.3494376825394353,0.0,0.0,0.0,0.0,0.0,0.0,,0.375,0,0,0.0,0.0,0.0,0.0,0.0,0.0,72.45,0.0,0.0,0.0,0.0,,,,,0.8707454653900385,0.49173400787690624,0.8707454653900385,0.49173400787690624,0.8042016164204058,0.18054747910274838,56.0,186.0,,,0.0,6,0.0,0.0,0.7837777777777778,0.0,-0.0,18.45,1.6083333333333325,361,12,2014,209
2014-12-28,0.0,0.6,0,0.0,9.1,18.7,14.0875,9.2,5.945833333333333,-2.6892068378232015,4.244707854215178,65.875,278.875,600.0,46.041666666666664,,,,,,,,334.8035199720934,0.8314943157226142,0.0,0.0,0.0,0.0,0.0,0.0,,0.125,0,0,0.0,0.0,0.0,0.0,0.0,0.0,72.45,0.0,0.0,0.0,0.0,,,,,-0.4257237026187932,0.9048532085529373,-0.4257237026187932,0.9048532085529373,-1.771515004416034,2.7962012989642484,57.0,187.0,,,0.0,6,0.0,0.0,0.7388333333333333,0.0,-0.0,35.675,1.1333333333333346,362,12,2014,210
2014-12-29,0.0,8.1,0,0.0,8.3,19.7,13.579166666666666,25.9,13.833333333333334,-9.674369036885894,9.01268557106294,69.16666666666667,332.0,600.0,27.5,,,,,,,,316.7247075929161,0.9522622598500461,0.0,0.0,0.0,0.0,0.0,0.0,,0.375,0,0,0.0,0.0,0.0,0.0,0.0,0.0,72.45,0.0,0.0,0.0,0.0,,,,,-0.6855044525633982,0.7280684346376759,-0.6855044525633982,0.7280684346376759,-6.691438583846077,6.233774186651868,58.0,188.0,,,0.0,6,0.0,0.0,0.7852222222222224,0.0,-0.0,83.0,-0.5083333333333346,363,12,2014,211
2014-12-30,0.0,0.0,0,0.0,5.5,14.3,10.316666666666666,20.8,12.291666666666666,-11.332993964427983,3.637331680224957,63.083333333333336,340.4166666666667,600.0,16.458333333333332,,,,,,,,293.4016466502836,0.9661756536231612,0.0,0.0,0.0,0.0,0.0,0.0,,0.6666666666666666,0,0,0.0,0.0,0.0,0.0,0.0,0.0,72.45,0.0,0.0,0.0,0.0,,,,,-0.9177432114854472,0.3971742662514499,-0.9177432114854472,0.3971742662514499,-7.149230359226652,2.2945500682752438,59.0,189.0,,,0.0,6,0.0,0.0,0.755,0.0,-0.0,73.75,-3.2624999999999993,364,12,2014,212
2014-12-31,0.0,0.0,0,0.0,5.8,21.4,13.883333333333333,9.2,4.2250000000000005,-2.7322944336586374,2.0073899675705973,56.291666666666664,394.75,600.0,27.375,,,,,,,,315.42275005674264,0.6169770040660023,0.0,0.0,0.0,0.0,0.0,0.0,,0.5833333333333334,0,0,0.0,0.0,0.0,0.0,0.0,0.0,72.45,0.0,0.0,0.0,0.0,,,,,-0.701870278172825,0.7123047891300474,-0.701870278172825,0.7123047891300474,-1.538054074947008,1.1299932692449486,60.0,190.0,,,0.0,6,0.0,0.0,0.7841388888888888,0.0,-0.0,25.35,3.5666666666666664,365,12,2014,213
2015-01-01,0.0,0.0,0,0.0,8.6,22.7,15.8125,10.1,6.666666666666667,-2.8868120939293065,1.4572382192529856,51.666666666666664,371.9166666666667,600.0,86.33333333333333,,,,,,,,303.31927869796465,0.42566788106909426,0.0,0.0,0.0,0.0,0.0,0.0,,0.0,0,0,0.0,0.0,0.0,0.0,0.0,0.0,72.45,0.0,0.0,0.0,0.0,,,,,-0.8356225806419098,0.5493040166623171,-0.8356225806419098,0.5493040166623171,-1.4915195818634748,0.7529064132807092,61.0,191.0,,,0.0,6,0.0,0.0,0.7535,0.0,-0.0,40.0,1.9291666666666671,1,1,2014,214
2015-01-02,0.0,0.0,0,0.0,9.6,25.8,18.641666666666666,9.0,4.9375,0.9072666748081707,3.049866000387437,54.5,369.0,600.0,14.375,,,,,,,,10.085539043728913,0.5838892991088639,0.0,0.0,0.0,0.0,0.0,0.0,,0.625,0,0,0.0,0.0,0.0,0.0,0.0,0.0,72.45,0.0,0.0,0.0,0.0,,,,,0.17511824047170846,0.9845474096528277,0.17511824047170846,0.9845474096528277,0.494460337770453,1.662176970211153,62.0,192.0,,,0.0,6,0.0,0.0,0.761,0.0,-0.0,29.625,2.8291666666666657,2,1,2014,215
2015-01-03,0.0,0.0,0,0.0,12.5,25.5,19.441666666666666,13.4,9.0625,-4.4025047224477145,7.597091647304896,55.083333333333336,388.2916666666667,600.0,15.916666666666666,,,,,,,,333.6132477745837,0.9628856651982062,0.0,0.0,0.0,0.0,0.0,0.0,,0.6666666666666666,0,0,0.0,0.0,0.0,0.0,0.0,0.0,72.45,0.0,0.0,0.0,0.0,,,,,-0.4444280632599678,0.8958145436344478,-0.4444280632599678,0.8958145436344478,-2.4250463512816163,4.18473131572378,63.0,193.0,,,0.0,6,0.0,0.0,0.7758055555555555,0.0,-0.0,54.375,0.8000000000000007,3,1,2014,216
2015-01-04,0.0,1.0,0,0.0,13.5,21.1,16.837500000000002,8.2,5.316666666666666,-1.1881752543167123,1.8004192645279342,75.83333333333333,160.33333333333334,557.0,90.41666666666667,,,,,,,,319.4609288977507,0.2519117446342524,0.0,0.0,0.0,0.0,0.0,0.0,,0.0,0,0,0.0,0.0,0.0,0.0,0.0,0.0,72.45,0.0,0.0,0.0,0.0,,,,,-0.649966432850823,0.7599629176263646,-0.649966432850823,0.7599629176263646,-0.9010329011901734,1.3653179422670165,64.0,194.0,,,0.0,6,0.0,0.0,0.693,0.0,-0.0,31.9,-2.6041666666666643,4,1,2014,217
2015-01-05,0.0,6.9,0,0.0,13.0,21.5,16.875,6.2,4.25,1.0622233660486504,-0.5836079039362648,82.41666666666667,258.4583333333333,600.0,41.416666666666664,,,,,,,,97.19045822955287,0.22573841677858528,0.0,0.0,0.0,0.0,0.0,0.0,,0.2916666666666667,0,0,0.0,0.0,0.0,0.0,0.0,0.0,72.45,0.0,0.0,0.0,0.0,,,,,0.9921355599657237,-0.1251680096969666,0.9921355599657237,-0.1251680096969666,0.8754490908517627,-0.48099018082747164,65.0,195.0,,,0.0,6,0.0,0.0,0.7803611111111111,0.0,-0.0,25.5,0.03749999999999787,5,1,2014,218
2015-01-06,0.0,9.3,0,0.0,12.4,21.6,16.4875,6.9,3.970833333333333,1.3370316713164943,-0.6393933755994248,85.41666666666667,262.4583333333333,600.0,60.875,,,,,,,,116.69407861872756,0.2306032595236769,0.0,0.0,0.0,0.0,0.0,0.0,,0.041666666666666664,0,0,0.0,0.0,0.0,0.0,0.0,0.0,72.45,0.0,0.0,0.0,0.0,,,,,0.8934178195967305,-0.4492266684281154,0.8934178195967305,-0.4492266684281154,1.1420478859161722,-0.5461485083245087,66.0,196.0,,,0.0,6,0.0,0.0,0.7930277777777777,0.0,-0.0,23.825,-0.3874999999999993,6,1,2014,219
2015-01-07,0.0,3.9000000000000004,0,0.0,11.9,23.1,17.05,7.1,3.9916666666666667,0.13912822901705485,1.8930863073615594,80.25,277.7083333333333,600.0,64.41666666666667,,,,,,,,17.962794327106515,0.4441548825204193,0.0,0.0,0.0,0.0,0.0,0.0,,0.0,0,0,0.0,0.0,0.0,0.0,0.0,0.0,72.45,0.0,0.0,0.0,0.0,,,,,0.30839934978791156,0.9512569795015401,0.30839934978791156,0.9512569795015401,0.11165040378618653,1.5192017616576512,67.0,197.0,,,0.0,6,0.0,0.0,0.7859722222222222,0.0,-0.0,23.95,0.5625,7,1,2014,220
2015-01-08,0.0,11.8,0,0.0,12.8,23.8,17.470833333333335,13.2,6.8500000000000005,-4.461469022548196,4.872783146243388,78.54166666666667,303.7083333333333,600.0,76.04166666666667,,,,,,,,322.500005573909,0.9504750856294945,0.0,0.0,0.0,0.0,0.0,0.0,,0.0,0,0,0.0,0.0,0.0,0.0,0.0,0.0,72.45,0.0,0.0,0.0,0.0,,,,,-0.608761351828874,0.7933533995134084,-0.608761351828874,0.7933533995134084,-3.5041121281263963,3.8271650961119947,68.0,198.0,,,0.0,6,0.0,0.0,0.7976111111111112,0.0,-0.0,41.1,0.4208333333333343,8,1,2014,221
2015-01-09,0.0,15.8,0,0.0,12.3,20.3,15.854166666666666,7.4,4.304166666666666,-1.5249921033701084,2.0972801272126493,86.95833333333333,178.41666666666666,600.0,97.33333333333333,,,,,,,,329.28378596172655,0.5140782681787746,0.0,0.0,0.0,0.0,0.0,0.0,,0.0,0,0,0.0,0.0,0.0,0.0,0.0,0.0,72.45,0.0,0.0,0.0,0.0,,,,,-0.5107862256436954,0.8597077594698491,-0.5107862256436954,0.8597077594698491,-1.3261077165555901,1.8237598439553329,69.0,199.0,,,0.0,6,0.0,0.0,0.7421388888888889,0.0,-0.0,25.824999999999996,-1.616666666666669,9,1,2014,222
2015-01-10,0.0,14.9,0,0.0,12.5,20.1,15.304166666666667,6.6,3.6,-0.7074176769847926,0.7085349079342164,91.66666666666667,155.95833333333334,600.0,100.0,,,,,,,,298.57234183705293,0.22153650715349263,0.0,0.0,0.0,0.0,0.0,0.0,,0.0,0,0,0.0,0.0,0.0,0.0,0.0,0.0,72.45,0.0,0.0,0.0,0.0,,,,,-0.8782139501331555,0.47826797696638584,-0.8782139501331555,0.47826797696638584,-0.6484662039027266,0.6494903322730318,70.0,200.0,,,0.0,6,0.0,0.0,0.7428611111111111,0.0,-0.0,21.6,-0.5499999999999989,10,1,2014,223
2015-01-11,0.0,8.8,0,0.0,11.8,17.1,13.679166666666667,9.7,7.75,6.733279276837627,-3.69128591483013,89.54166666666667,149.25,600.0,85.08333333333333,,,,,,,,119.93528748517915,0.9895640194004501,0.0,0.0,0.0,0.0,0.0,0.0,,0.0,0,0,0.0,0.0,0.0,0.0,0.0,0.0,72.45,0.0,0.0,0.0,0.0,,,,,0.8665895745175236,-0.49902155197700365,0.8665895745175236,-0.49902155197700365,6.029090485801692,-3.305238929570812,71.0,201.0,,,0.0,6,0.0,0.0,0.7313055555555555,0.0,-0.0,46.5,-1.625,11,1,2014,224
2015-01-12,0.0,0.0,0,0.0,9.6,22.3,15.358333333333334,8.0,6.879166666666666,6.673927050348147,-0.4622116308740168,68.25,380.625,600.0,22.916666666666668,,,,,,,,93.90666806261187,0.9721489493663867,0.0,0.0,0.0,0.0,0.0,0.0,,0.6666666666666666,0,0,0.0,0.0,0.0,0.0,0.0,0.0,72.45,0.0,0.0,0.0,0.0,,,,,0.9976763564836553,-0.06813140034887277,0.9976763564836553,-0.06813140034887277,4.554955211862611,-0.31545943807151644,72.0,202.0,,,0.0,6,0.0,0.0,0.8145833333333333,0.0,-0.0,41.275,1.6791666666666671,12,1,2014,225
2015-01-13,0.0,15.2,0,0.0,9.1,21.2,14.7125,13.1,8.583333333333334,0.33390360489939125,7.149421260149757,84.25,185.04166666666666,600.0,87.29166666666667,,,,,,,,12.831368991283723,0.803391703716601,0.0,0.0,0.0,0.0,0.0,0.0,,0.041666666666666664,0,0,0.0,0.0,0.0,0.0,0.0,0.0,72.45,0.0,0.0,0.0,0.0,,,,,0.22208235103519286,0.9750279120921007,0.22208235103519286,0.9750279120921007,0.28131378712773714,6.023387411676171,73.0,203.0,,,0.0,6,0.0,0.0,0.7375277777777778,0.0,-0.0,51.5,-0.6458333333333339,13,1,2014,226
2015-01-14,0.0,10.1,0,0.0,11.6,16.8,14.200000000000001,15.4,11.745833333333332,-10.461794899436887,4.765645569195988,88.58333333333333,221.83333333333334,600.0,76.83333333333333,,,,,,,,293.50884802095237,0.979573132803267,0.0,0.0,0.0,0.0,0.0,0.0,,0.0,0,0,0.0,0.0,0.0,0.0,0.0,0.0,72.45,0.0,0.0,0.0,0.0,,,,,-0.9169984857889629,0.39889068309594444,-0.9169984857889629,0.39889068309594444,-9.267406648417841,4.221567700046112,74.0,204.0,,,0.0,6,0.0,0.0,0.7765,0.0,-0.0,70.475,-0.5124999999999993,14,1,2014,227
2015-01-15,0.0,0.0,0,0.0,9.1,19.6,13.954166666666666,14.2,6.608333333333333,-6.0884564372110885,2.3128024951208754,71.33333333333333,343.8333333333333,600.0,47.541666666666664,,,,,,,,294.4935895620219,0.946592586808023,0.0,0.0,0.0,0.0,0.0,0.0,,0.125,0,0,0.0,0.0,0.0,0.0,0.0,0.0,72.45,0.0,0.0,0.0,0.0,,,,,-0.9100076624084769,0.4145914306372715,-0.9100076624084769,0.4145914306372715,-4.343098925210576,1.6497991131862244,75.0,205.0,,,0.0,6,0.0,0.0,0.8003333333333332,0.0,-0.0,39.65,-0.24583333333333535,15,1,2014,228
2015-01-16,0.0,0.0,0,0.0,8.3,17.9,12.983333333333334,17.6,10.429166666666667,-8.236693748623066,5.850595896275412,63.875,388.625,600.0,11.958333333333334,,,,,,,,315.39071395477197,0.9181999555188579,0.0,0.0,0.0,0.0,0.0,0.0,,0.7916666666666666,0,0,0.0,0.0,0.0,0.0,0.0,0.0,72.45,0.0,0.0,0.0,0.0,,,,,-0.7022684433035011,0.7119122372456292,-0.7022684433035011,0.7119122372456292,-5.261188131932983,3.7370681287459195,76.0,206.0,,,0.0,6,0.0,0.0,0.8053333333333333,0.0,-0.0,62.575,-0.9708333333333314,16,1,2014,229
2015-01-17,0.0,0.0,0,0.0,8.4,18.2,13.008333333333333,15.3,10.9,-9.521360424141765,5.131672026664622,61.875,385.8333333333333,600.0,7.208333333333333,,,,,,,,300.0782164576638,0.9911463291625181,0.0,0.0,0.0,0.0,0.0,0.0,,0.875,0,0,0.0,0.0,0.0,0.0,0.0,0.0,72.45,0.0,0.0,0.0,0.0,,,,,-0.8653420296794785,0.501181775077866,-0.8653420296794785,0.501181775077866,-5.891341762437716,3.1752220664987347,77.0,207.0,,,0.0,6,0.0,0.0,0.7968055555555554,0.0,-0.0,65.4,0.02499999999999858,17,1,2014,230
2015-01-18,0.0,0.0,0,0.0,7.0,19.6,13.0375,11.9,6.716666666666666,-4.033988603777297,0.3741061506754657,58.625,370.8333333333333,600.0,46.583333333333336,,,,,,,,286.6444189058475,0.5553412580734131,0.0,0.0,0.0,0.0,0.0,0.0,,0.375,0,0,0.0,0.0,0.0,0.0,0.0,0.0,72.45,0.0,0.0,0.0,0.0,,,,,-0.9581008048349429,0.2864312269544555,-0.9581008048349429,0.2864312269544555,-2.3649258189644407,0.21931973083349177,78.0,208.0,,,0.0,6,0.0,0.0,0.7759722222222223,0.0,-0.0,40.3,0.029166666666666785,18,1,2014,231
2015-01-19,0.0,0.2,0,0.0,5.3,19.3,12.0,9.9,5.341666666666666,4.145474580154332,-1.717478914829439,66.79166666666667,345.4166666666667,600.0,58.583333333333336,,,,,,,,123.65970179241368,0.8170682231793163,0.0,0.0,0.0,0.0,0.0,0.0,,0.375,0,0,0.0,0.0,0.0,0.0,0.0,0.0,72.45,0.0,0.0,0.0,0.0,,,,,0.8323441586068654,-0.5542591466390333,0.8323441586068654,-0.5542591466390333,2.7688315633280807,-1.1471327918631629,79.0,209.0,,,0.0,6,0.0,0.0,0.78625,0.0,-0.0,32.05,-1.0374999999999996,19,1,2014,232
2015-01-20,0.0,0.1,0,0.0,7.2,19.7,13.841666666666667,10.6,7.6375,3.138413437105974,5.468008199052048,72.375,294.9166666666667,600.0,64.41666666666667,,,,,,,,37.30097108702979,0.8331686770219434,0.0,0.0,0.0,0.0,0.0,0.0,,0.2916666666666667,0,0,0.0,0.0,0.0,0.0,0.0,0.0,72.45,0.0,0.0,0.0,0.0,,,,,0.6060018823930066,0.7954632100456517,0.6060018823930066,0.7954632100456517,2.2714267251054485,3.95747093406392,80.0,210.0,,,0.0,6,0.0,0.0,0.7711944444444444,0.0,-0.0,45.825,1.8416666666666668,20,1,2014,233
2015-01-21,0.0,10.1,0,0.0,11.3,18.6,14.183333333333332,6.9,4.620833333333334,3.2082256734907504,1.6082864214298738,87.0,196.08333333333334,600.0,74.0,,,,,,,,58.79759052453694,0.6838889401007443,0.0,0.0,0.0,0.0,0.0,0.0,,0.125,0,0,0.0,0.0,0.0,0.0,0.0,0.0,72.45,0.0,0.0,0.0,0.0,,,,,0.8553424746692542,0.5180629797878596,0.8553424746692542,0.5180629797878596,2.791156335936953,1.3992091866439902,81.0,211.0,,,0.0,6,0.0,0.0,0.7540555555555556,0.0,-0.0,27.725,0.341666666666665,21,1,2014,234
2015-01-22,0.0,0.1,0,0.0,9.9,21.6,16.316666666666666,6.6,4.466666666666667,-2.2519429212247197,2.939496511300409,74.20833333333333,269.3333333333333,600.0,30.75,,,,,,,,321.4467914581938,0.8246298774791446,0.0,0.0,0.0,0.0,0.0,0.0,,0.375,0,0,0.0,0.0,0.0,0.0,0.0,0.0,72.45,0.0,0.0,0.0,0.0,,,,,-0.623241148312367,0.7820297123832841,-0.623241148312367,0.7820297123832841,-1.671129309458844,2.1813513694275115,82.0,212.0,,,0.0,6,0.0,0.0,0.76025,0.0,-0.0,26.8,2.1333333333333346,22,1,2014,235
2015-01-23,0.0,3.4,0,0.0,12.7,24.1,17.691666666666666,11.8,6.929166666666667,-3.9598256958491227,3.9571844150725553,76.33333333333333,324.5,600.0,38.291666666666664,,,,,,,,321.7138067233547,0.5920871654977929,0.0,0.0,0.0,0.0,0.0,0.0,,0.25,0,0,0.0,0.0,0.0,0.0,0.0,0.0,72.45,0.0,0.0,0.0,0.0,,,,,-0.6195899040575182,0.7849256976236638,-0.6195899040575182,0.7849256976236638,-3.0226669478314965,3.0206507701720504,83.0,213.0,,,0.0,6,0.0,0.0,0.8041111111111111,0.0,-0.0,41.575,1.375,23,1,2014,236
2015-01-24,0.0,9.9,0,0.0,13.3,23.2,16.929166666666667,11.8,6.454166666666667,-2.674136944250261,5.273597965041351,85.16666666666667,228.83333333333334,600.0,61.208333333333336,,,,,,,,337.737063995619,0.9033904705612534,0.0,0.0,0.0,0.0,0.0,0.0,,0.20833333333333334,0,0,0.0,0.0,0.0,0.0,0.0,0.0,72.45,0.0,0.0,0.0,0.0,,,,,-0.3788575724110276,0.9254549907082585,-0.3788575724110276,0.9254549907082585,-2.2774732975198058,4.491347600226884,84.0,214.0,,,0.0,6,0.0,0.0,0.7697777777777778,0.0,-0.0,38.725,-0.7624999999999993,24,1,2014,237
2015-01-25,0.0,1.1,0,0.0,9.6,19.1,14.629166666666668,16.3,9.479166666666666,-7.3875697455861635,4.993788426724193,68.04166666666667,372.3333333333333,600.0,33.666666666666664,,,,,,,,308.19299228650135,0.831391054317252,0.0,0.0,0.0,0.0,0.0,0.0,,0.5416666666666666,0,0,0.0,0.0,0.0,0.0,0.0,0.0,72.45,0.0,0.0,0.0,0.0,,,,,-0.7859325233894946,0.6183122744039792,-0.7859325233894946,0.6183122744039792,-5.026625581059252,3.397856875350253,85.0,215.0,,,0.0,6,0.0,0.0,0.8083611111111111,0.0,-0.0,56.875,-2.299999999999999,25,1,2014,238
2015-01-26,0.0,0.1,0,0.0,6.3,17.2,10.770833333333334,9.8,5.654166666666666,4.059614628156685,-1.0550861684258566,72.16666666666667,275.0,600.0,56.958333333333336,,,,,,,,96.15420351868688,0.63872223580492,0.0,0.0,0.0,0.0,0.0,0.0,,0.0,0,0,0.0,0.0,0.0,0.0,0.0,0.0,72.45,0.0,0.0,0.0,0.0,,,,,0.9942369702103703,-0.10720469703750492,0.9942369702103703,-0.10720469703750492,2.9296885566530744,-0.7614205182139933,86.0,216.0,,,0.0,6,0.0,0.0,0.7572222222222221,0.0,-0.0,33.925,-3.8583333333333343,26,1,2014,239
2015-01-27,0.0,1.7000000000000002,0,0.0,7.5,13.4,10.058333333333334,9.4,6.2124999999999995,5.1524770621578915,-3.1200550011499835,87.45833333333333,137.75,528.0,84.75,,,,,,,,118.80125643723304,0.9659075837280536,0.0,0.0,0.0,0.0,0.0,0.0,,0.0,0,0,0.0,0.0,0.0,0.0,0.0,0.0,72.45,0.0,0.0,0.0,0.0,,,,,0.8762961154729554,-0.4817728904857649,0.8762961154729554,-0.4817728904857649,4.506270563945589,-2.728748103089089,87.0,217.0,,,0.0,6,0.0,0.0,0.6811388888888888,0.0,-0.0,37.275,-0.7125000000000004,27,1,2014,240
2015-01-28,0.0,1.1,0,0.0,6.0,13.8,9.854166666666666,13.4,9.491666666666667,5.677574661516116,-7.446075356145793,81.41666666666667,223.5,600.0,69.08333333333333,,,,,,,,140.5588712648972,0.985176639296458,0.0,0.0,0.0,0.0,0.0,0.0,,0.0,0,0,0.0,0.0,0.0,0.0,0.0,0.0,72.45,0.0,0.0,0.0,0.0,,,,,0.6352850423884004,-0.7722777446732284,0.6352850423884004,-0.7722777446732284,4.622492036917705,-6.0623463524620345,88.0,218.0,,,0.0,6,0.0,0.0,0.7270555555555557,0.0,-0.0,56.95,-0.2041666666666675,28,1,2014,241
2015-01-29,0.0,1.5,0,0.0,4.5,10.9,7.2,14.9,11.575000000000001,3.3567656539768156,-10.988526354805757,79.54166666666667,275.9166666666667,600.0,63.458333333333336,,,,,,,,161.7490000155326,0.9923282363422771,0.0,0.0,0.0,0.0,0.0,0.0,,0.0,0,0,0.0,0.0,0.0,0.0,0.0,0.0,72.45,0.0,0.0,0.0,0.0,,,,,0.31318038155524935,-0.9496936604026103,0.31318038155524935,-0.9496936604026103,2.6700273472673923,-8.740457004718413,89.0,219.0,,,0.0,6,0.0,0.0,0.6913055555555556,0.0,-0.0,69.45,-2.654166666666666,29,1,2014,242
2015-01-30,0.0,1.4,0,0.0,4.1,9.8,7.05,15.7,10.6,-0.6597210809904073,-10.291407271774373,84.75,145.45833333333334,451.0,92.125,,,,,,,,184.31251676309657,0.9734345693350422,0.0,0.0,0.0,0.0,0.0,0.0,,0.0,0,0,0.0,0.0,0.0,0.0,0.0,0.0,72.45,0.0,0.0,0.0,0.0,,,,,-0.07519656883102296,-0.9971687299730378,-0.07519656883102296,-0.9971687299730378,-0.5591136161393702,-8.721967662828781,90.0,220.0,,,0.0,6,0.0,0.0,0.5972500000000001,0.0,-0.0,63.599999999999994,-0.15000000000000036,30,1,2014,243
2015-01-31,0.0,0.0,0,0.0,4.8,14.0,9.779166666666667,11.7,6.795833333333333,-1.9697198378154488,-6.136537722318429,77.54166666666667,196.45833333333334,600.0,56.416666666666664,,,,,,,,190.55133966450543,0.9467978083242858,0.0,0.0,0.0,0.0,0.0,0.0,,0.125,0,0,0.0,0.0,0.0,0.0,0.0,0.0,72.45,0.0,0.0,0.0,0.0,,,,,-0.18311649402225186,-0.9830912214118274,-0.18311649402225186,-0.9830912214118274,-1.5273535909060627,-4.758373625514415,91.0,221.0,,,0.0,6,0.0,0.0,0.7005555555555555,0.0,-0.0,40.775,2.729166666666667,31,1,2014,244
2015-02-01,0.0,8.6,0,0.0,7.0,15.8,10.433333333333334,8.8,5.558333333333334,3.1112541211298175,-4.36257674929213,84.20833333333333,236.45833333333334,600.0,63.583333333333336,,,,,,,,144.01603393029967,0.9668557153189469,0.0,0.0,0.0,0.0,0.0,0.0,,0.0,0,0,0.0,0.0,0.0,0.0,0.0,0.0,72.45,0.0,0.0,0.0,0.0,,,,,0.5875588300194876,-0.8091814513853681,0.5875588300194876,-0.8091814513853681,2.619935241168067,-3.673653170966414,92.0,222.0,,,0.0,6,0.0,0.0,0.7716666666666666,0.0,-0.0,33.35,0.6541666666666668,32,2,2014,245
2015-02-02,0.0,0.2,0,0.0,6.4,14.5,10.200000000000001,11.3,7.970833333333334,5.138022287352364,-5.9211012122999165,80.91666666666667,192.875,561.0,70.83333333333333,,,,,,,,137.84327887670187,0.98544491938937,0.0,0.0,0.0,0.0,0.0,0.0,,0.0,0,0,0.0,0.0,0.0,0.0,0.0,0.0,72.45,0.0,0.0,0.0,0.0,,,,,0.6711608244041196,-0.7413117750212677,0.6711608244041196,-0.7413117750212677,4.157516367515956,-4.7911577309526825,93.0,223.0,,,0.0,6,0.0,0.0,0.7205277777777778,0.0,-0.0,47.825,-0.2333333333333325,33,2,2014,246
2015-02-03,0.0,0.0,0,0.0,5.4,21.1,13.245833333333332,9.2,5.079166666666667,-0.1138963380938039,-2.79712951911365,67.91666666666667,353.25,600.0,32.416666666666664,,,,,,,,165.92124567955662,0.5144422099754689,0.0,0.0,0.0,0.0,0.0,0.0,,0.5416666666666666,0,0,0.0,0.0,0.0,0.0,0.0,0.0,72.45,0.0,0.0,0.0,0.0,,,,,0.2432553596553429,-0.9699622827713198,0.2432553596553429,-0.9699622827713198,-0.07735459628870849,-1.899717131731354,94.0,224.0,,,0.0,6,0.0,0.0,0.7952222222222223,0.0,-0.0,30.475,3.0458333333333307,34,2,2014,247
2015-02-04,0.0,0.0,0,0.0,8.0,19.1,12.862499999999999,9.9,6.141666666666667,4.308365476102824,-4.088506769976624,68.875,332.9583333333333,600.0,60.916666666666664,,,,,,,,136.9782895134732,0.9647724692062566,0.0,0.0,0.0,0.0,0.0,0.0,,0.0,0,0,0.0,0.0,0.0,0.0,0.0,0.0,72.45,0.0,0.0,0.0,0.0,,,,,0.6822754352537548,-0.7310952266629153,0.6822754352537548,-0.7310952266629153,2.9673867216658203,-2.8159590378214,95.0,225.0,,,0.0,6,0.0,0.0,0.7848888888888889,0.0,-0.0,36.85,-0.38333333333333286,35,2,2014,248
2015-02-05,0.0,0.0,0,0.0,8.6,20.5,13.891666666666666,6.9,5.2250000000000005,1.6521229296662652,-2.44639655838597,69.20833333333333,258.9166666666667,600.0,66.29166666666667,,,,,,,,146.23709477092734,0.557135094479355,0.0,0.0,0.0,0.0,0.0,0.0,,0.16666666666666666,0,0,0.0,0.0,0.0,0.0,0.0,0.0,72.45,0.0,0.0,0.0,0.0,,,,,0.5557574980914837,-0.8313444552741628,0.5557574980914837,-0.8313444552741628,1.143406744239861,-1.6931102847829567,96.0,226.0,,,0.0,6,0.0,0.0,0.7366388888888888,0.0,-0.0,31.35,1.0291666666666668,36,2,2014,249
2015-02-06,0.0,0.0,0,0.0,8.6,23.3,15.983333333333334,6.0,4.220833333333333,2.547981590862245,-1.9763579063180439,64.16666666666667,344.4166666666667,600.0,11.125,,,,,,,,126.75082927845048,0.7225346827448464,0.0,0.0,0.0,0.0,0.0,0.0,,0.8333333333333334,0,0,0.0,0.0,0.0,0.0,0.0,0.0,72.45,0.0,0.0,0.0,0.0,,,,,0.8012451526726362,-0.5983361975667224,0.8012451526726362,-0.5983361975667224,1.6349548541366072,-1.2681629898874116,97.0,227.0,,,0.0,6,0.0,0.0,0.7768333333333334,0.0,-0.0,25.325,2.0916666666666686,37,2,2014,250
2015-02-07,0.0,2.9,0,0.0,11.6,21.7,16.3,7.6,4.6000000000000005,-3.0623696872684483,1.487781310298032,72.66666666666667,275.875,600.0,24.833333333333332,,,,,,,,300.1266685814104,0.7252420407158826,0.0,0.0,0.0,0.0,0.0,0.0,,0.5,0,0,0.0,0.0,0.0,0.0,0.0,0.0,72.45,0.0,0.0,0.0,0.0,,,,,-0.8649178964057861,0.5019133714865445,-0.8649178964057861,0.5019133714865445,-2.225321972748406,1.0811210854832367,98.0,228.0,,,0.0,6,0.0,0.0,0.7594722222222222,0.0,-0.0,27.6,0.31666666666666643,38,2,2014,251
2015-02-08,0.0,0.8999999999999999,0,0.0,11.5,23.5,17.529166666666665,12.8,7.1875,-3.7037355545408484,0.731510322391319,64.83333333333333,279.6666666666667,600.0,16.458333333333332,,,,,,,,288.1582462350114,0.4621341548947074,0.0,0.0,0.0,0.0,0.0,0.0,,0.6666666666666666,0,0,0.0,0.0,0.0,0.0,0.0,0.0,72.45,0.0,0.0,0.0,0.0,,,,,-0.9501994104161068,0.31164255236549937,-0.9501994104161068,0.31164255236549937,-2.40125521786065,0.4742625256837051,99.0,229.0,,,0.0,6,0.0,0.0,0.7358888888888889,0.0,-0.0,43.125,1.2291666666666643,39,2,2014,252
2015-02-09,0.0,0.0,0,0.0,11.3,21.0,15.270833333333334,9.0,8.220833333333333,7.26044396534452,0.172023798600461,78.5,237.45833333333334,600.0,76.45833333333333,,,,,,,,88.95759002605563,0.8810671646610663,0.0,0.0,0.0,0.0,0.0,0.0,,0.0,0,0,0.0,0.0,0.0,0.0,0.0,0.0,72.45,0.0,0.0,0.0,0.0,,,,,0.9998345030950002,0.018192482534664652,0.9998345030950002,0.018192482534664652,5.699448512795449,0.1350386819013619,100.0,230.0,,,0.0,6,0.0,0.0,0.7533055555555556,0.0,-0.0,49.325,-2.258333333333331,40,2,2014,253
2015-02-10,0.0,0.1,0,0.0,11.1,22.0,16.933333333333334,7.6,4.7625,1.8765439311935548,2.2763157743523608,71.25,255.20833333333334,600.0,38.75,,,,,,,,35.82408716821582,0.6344856429688808,0.0,0.0,0.0,0.0,0.0,0.0,,0.16666666666666666,0,0,0.0,0.0,0.0,0.0,0.0,0.0,72.45,0.0,0.0,0.0,0.0,,,,,0.5852985948336169,0.8108178308879211,0.5852985948336169,0.8108178308879211,1.3370375509754078,1.6218749892260569,101.0,231.0,,,0.0,6,0.0,0.0,0.7409722222222223,0.0,-0.0,28.575000000000003,1.6624999999999996,41,2,2014,254
2015-02-11,0.0,6.3,0,0.0,12.1,22.2,16.75,8.2,4.908333333333333,-1.052913468841093,2.1892280811206613,79.0,248.5,600.0,54.0,,,,,,,,336.82751119968634,0.3071898380471196,0.0,0.0,0.0,0.0,0.0,0.0,,0.2916666666666667,0,0,0.0,0.0,0.0,0.0,0.0,0.0,72.45,0.0,0.0,0.0,0.0,,,,,-0.3935005312372881,0.9193243888399633,-0.3935005312372881,0.9193243888399633,-0.8318016403844635,1.7294901840853223,102.0,232.0,,,0.0,6,0.0,0.0,0.7623333333333333,0.0,-0.0,29.45,-0.18333333333333357,42,2,2014,255
2015-02-12,0.0,1.6,0,0.0,11.8,17.7,14.4,7.6,5.675,4.664638501859072,-2.1300615200064152,89.75,150.70833333333334,566.0,99.25,,,,,,,,109.63061713322037,0.8471577581373814,0.0,0.0,0.0,0.0,0.0,0.0,,0.0,0,0,0.0,0.0,0.0,0.0,0.0,0.0,72.45,0.0,0.0,0.0,0.0,,,,,0.9418780631108051,-0.3359549288679036,0.9418780631108051,-0.3359549288679036,4.186513055418517,-1.9117302142057577,103.0,233.0,,,0.0,6,0.0,0.0,0.7329722222222221,0.0,-0.0,34.05,-2.3499999999999996,43,2,2014,256
2015-02-13,0.0,6.6000000000000005,0,0.0,11.1,21.3,14.929166666666667,6.5,3.875,3.5651832490581667,0.9142384333166746,82.125,267.75,600.0,79.625,,,,,,,,73.49426674355654,0.9395137467714175,0.0,0.0,0.0,0.0,0.0,0.0,,0.0,0,0,0.0,0.0,0.0,0.0,0.0,0.0,72.45,0.0,0.0,0.0,0.0,,,,,0.9587913102992174,0.284111286813301,0.9587913102992174,0.284111286813301,2.92790674328902,0.750818313361319,104.0,234.0,,,0.0,6,0.0,0.0,0.7855833333333333,0.0,-0.0,23.25,0.5291666666666668,44,2,2014,257
2015-02-14,0.0,17.2,0,0.0,10.7,14.6,12.270833333333334,9.4,5.5625,-2.2308789534943423,4.474517317808717,95.625,74.25,263.0,91.45833333333333,,,,,,,,332.74114336594045,0.8898296764009387,0.0,0.0,0.0,0.0,0.0,0.0,,0.0,0,0,0.0,0.0,0.0,0.0,0.0,0.0,72.45,0.0,0.0,0.0,0.0,,,,,-0.45801133162664565,0.8889463538940844,-0.45801133162664565,0.8889463538940844,-2.133277999278965,4.278757185154586,105.0,235.0,,,0.0,6,0.0,0.0,0.6926944444444444,0.0,-0.0,33.375,-2.658333333333333,45,2,2014,258
2015-02-15,0.0,0.0,0,0.0,10.4,19.7,15.145833333333334,5.9,3.6374999999999997,-0.7527825269408589,1.3403224368596662,75.79166666666667,222.25,600.0,72.33333333333333,,,,,,,,329.53177705510376,0.49448777950705936,0.0,0.0,0.0,0.0,0.0,0.0,,0.125,0,0,0.0,0.0,0.0,0.0,0.0,0.0,72.45,0.0,0.0,0.0,0.0,,,,,-0.507060413126193,0.8619105159123507,-0.507060413126193,0.8619105159123507,-0.5705464235439259,1.015852713603222,106.0,236.0,,,0.0,6,0.0,0.0,0.7341388888888889,0.0,-0.0,21.825,2.875,46,2,2014,259
2015-02-16,0.0,2.9,0,0.0,11.9,24.8,16.970833333333335,8.8,5.641666666666667,-1.4987723736012655,1.8721592922430916,75.54166666666667,279.2916666666667,600.0,66.33333333333333,,,,,,,,321.7936508210915,0.29690219687691627,0.0,0.0,0.0,0.0,0.0,0.0,,0.125,0,0,0.0,0.0,0.0,0.0,0.0,0.0,72.45,0.0,0.0,0.0,0.0,,,,,-0.6184954755664989,0.7857883599950882,-0.6184954755664989,0.7857883599950882,-1.132197630557956,1.4142603320153022,107.0,237.0,,,0.0,6,0.0,0.0,0.7713333333333333,0.0,-0.0,33.85,1.825000000000001,47,2,2014,260
2015-02-17,0.0,3.4,0,0.0,13.3,23.2,16.575,11.3,5.283333333333333,-0.09742652469499763,3.3279608871360065,84.41666666666667,241.0,600.0,61.416666666666664,,,,,,,,4.670754779189097,0.6074953141189711,0.0,0.0,0.0,0.0,0.0,0.0,,0.08333333333333333,0,0,0.0,0.0,0.0,0.0,0.0,0.0,72.45,0.0,0.0,0.0,0.0,,,,,0.08142978894777739,0.9966790804827401,0.08142978894777739,0.9966790804827401,-0.08224422459669384,2.8093536488906454,108.0,238.0,,,0.0,6,0.0,0.0,0.7753888888888888,0.0,-0.0,31.7,-0.3958333333333357,48,2,2014,261
2015-02-18,0.0,17.1,0,0.0,12.1,20.0,14.862499999999999,7.1,3.9791666666666665,3.4532215578929466,-1.7128349138660524,90.75,171.0,600.0,89.75,,,,,,,,110.93087702950297,0.941783162734479,0.0,0.0,0.0,0.0,0.0,0.0,,0.0,0,0,0.0,0.0,0.0,0.0,0.0,0.0,72.45,0.0,0.0,0.0,0.0,,,,,0.9340120904878194,-0.3572413957292371,0.9340120904878194,-0.3572413957292371,3.133798563787849,-1.5543976843334426,109.0,239.0,,,0.0,6,0.0,0.0,0.7498333333333335,0.0,-0.0,23.875,-1.7125000000000004,49,2,2014,262
2015-02-19,0.0,4.1,0,0.0,11.6,21.5,16.075,10.2,6.045833333333333,-0.17390371268553664,3.832510338684475,77.29166666666667,263.7083333333333,600.0,57.416666666666664,,,,,,,,2.7769917850452255,0.630118277475247,0.0,0.0,0.0,0.0,0.0,0.0,,0.0,0,0,0.0,0.0,0.0,0.0,0.0,0.0,72.45,0.0,0.0,0.0,0.0,,,,,0.04844867618008424,0.9988256733666778,0.04844867618008424,0.9988256733666778,-0.1344130779298627,2.9622111159415425,110.0,240.0,,,0.0,6,0.0,0.0,0.7667777777777779,0.0,-0.0,36.275,1.2125000000000004,50,2,2014,263
2015-02-20,0.0,2.0,0,0.0,11.6,22.3,16.587500000000002,8.7,4.6000000000000005,0.9611795702626349,-0.7093748356124294,68.33333333333333,273.4166666666667,600.0,56.125,,,,,,,,183.14054240329315,0.02038825784013469,0.0,0.0,0.0,0.0,0.0,0.0,,0.25,0,0,0.0,0.0,0.0,0.0,0.0,0.0,72.45,0.0,0.0,0.0,0.0,,,,,-0.054785362361669344,-0.9984981542651447,-0.054785362361669344,-0.9984981542651447,0.656806039679467,-0.4847394710018268,111.0,241.0,,,0.0,6,0.0,0.0,0.7433888888888888,0.0,-0.0,27.6,0.5125000000000028,51,2,2014,264
2015-02-21,0.0,0.4,0,0.0,10.6,23.6,16.650000000000002,9.3,5.404166666666666,5.1796881787276865,-0.40007732121335904,69.54166666666667,289.7083333333333,600.0,70.08333333333333,,,,,,,,92.76906130687982,0.9627368626958696,0.0,0.0,0.0,0.0,0.0,0.0,,0.20833333333333334,0,0,0.0,0.0,0.0,0.0,0.0,0.0,72.45,0.0,0.0,0.0,0.0,,,,,0.99883236972328,-0.04831042530320812,0.99883236972328,-0.04831042530320812,3.602041487623546,-0.27822043712712347,112.0,242.0,,,0.0,6,0.0,0.0,0.7582777777777777,0.0,-0.0,32.425,0.0625,52,2,2014,265
2015-02-22,0.0,0.0,0,0.0,11.1,23.6,17.554166666666667,5.9,3.391666666666667,1.4886882038147302,0.8464950297824693,66.875,278.625,600.0,27.125,,,,,,,,66.00591000514908,0.41164601374837806,0.0,0.0,0.0,0.0,0.0,0.0,,0.5833333333333334,0,0,0.0,0.0,0.0,0.0,0.0,0.0,72.45,0.0,0.0,0.0,0.0,,,,,0.9135874072803786,0.40664240956731945,0.9135874072803786,0.40664240956731945,0.9955602363011009,0.5660935511670263,113.0,243.0,,,0.0,6,0.0,0.0,0.742,0.0,-0.0,20.35,0.904166666666665,53,2,2014,266
2015-02-23,0.0,4.6000000000000005,0,0.0,12.8,24.1,17.458333333333332,11.4,6.3374999999999995,-1.7893521566696686,1.2354449193048598,71.875,270.1666666666667,600.0,39.583333333333336,,,,,,,,339.33953142785487,0.3186197079893723,0.0,0.0,0.0,0.0,0.0,0.0,,0.4583333333333333,0,0,0.0,0.0,0.0,0.0,0.0,0.0,72.45,0.0,0.0,0.0,0.0,,,,,-0.35282934674467825,0.9356876893898538,-0.35282934674467825,0.9356876893898538,-1.2860968626063243,0.887976035750368,114.0,244.0,,,0.0,6,0.0,0.0,0.7530277777777777,0.0,-0.0,38.025,-0.09583333333333499,54,2,2014,267
2015-02-24,0.0,2.4,0,0.0,11.1,16.7,13.325000000000001,9.3,6.458333333333333,4.007506193299284,-4.301291477265296,90.58333333333333,155.5,513.0,83.33333333333333,,,,,,,,140.88661215547543,0.8947721121565516,0.0,0.0,0.0,0.0,0.0,0.0,,0.0,0,0,0.0,0.0,0.0,0.0,0.0,0.0,72.45,0.0,0.0,0.0,0.0,,,,,0.630857122742569,-0.7758990209331156,0.630857122742569,-0.7758990209331156,3.630132693430268,-3.89625319648948,115.0,245.0,,,0.0,6,0.0,0.0,0.7389444444444444,0.0,-0.0,38.75,-4.133333333333331,55,2,2014,268
2015-02-25,0.0,3.4,0,0.0,10.6,15.8,12.674999999999999,7.8,5.058333333333334,4.801687956503015,0.17503920820061739,86.75,146.83333333333334,513.0,77.29166666666667,,,,,,,,82.56988913673949,0.9350983349684039,0.0,0.0,0.0,0.0,0.0,0.0,,0.0,0,0,0.0,0.0,0.0,0.0,0.0,0.0,72.45,0.0,0.0,0.0,0.0,,,,,0.9916033390165303,0.129316735387451,0.9916033390165303,0.129316735387451,4.165464302266365,0.15184651311403558,116.0,246.0,,,0.0,6,0.0,0.0,0.720388888888889,0.0,-0.0,30.35,-0.6500000000000021,56,2,2014,269
2015-02-26,0.0,1.3,0,0.0,9.4,17.7,13.237499999999999,7.4,5.416666666666667,-2.5443433309343386,0.3875211063653718,82.20833333333333,174.125,527.0,79.45833333333333,,,,,,,,280.02027486074167,0.3959687602640064,0.0,0.0,0.0,0.0,0.0,0.0,,0.0,0,0,0.0,0.0,0.0,0.0,0.0,0.0,72.45,0.0,0.0,0.0,0.0,,,,,-0.9847462436769588,0.1739966538877103,-0.9847462436769588,0.1739966538877103,-2.091662246638937,0.3185746428578661,117.0,247.0,,,0.0,6,0.0,0.0,0.7234444444444444,0.0,-0.0,32.5,0.5625,57,2,2014,270
2015-02-27,0.0,0.0,0,0.0,10.3,20.5,15.145833333333334,10.8,5.9875,-2.022224060900314,1.9050498109738125,73.41666666666667,282.5416666666667,600.0,55.291666666666664,,,,,,,,344.9025074517729,0.24917658290661931,0.0,0.0,0.0,0.0,0.0,0.0,,0.0,0,0,0.0,0.0,0.0,0.0,0.0,0.0,72.45,0.0,0.0,0.0,0.0,,,,,-0.26046225613516943,0.9654840304888411,-0.26046225613516943,0.9654840304888411,-1.484649498044314,1.3986240695566077,118.0,248.0,,,0.0,6,0.0,0.0,0.7664166666666667,0.0,-0.0,35.925,1.908333333333335,58,2,2014,271
2015-02-28,0.0,0.0,0,0.0,11.9,22.0,16.516666666666666,14.8,6.991666666666667,-3.712144159147741,5.27369286291506,63.166666666666664,254.08333333333334,600.0,53.791666666666664,,,,,,,,334.3238358519375,0.9052810262861626,0.0,0.0,0.0,0.0,0.0,0.0,,0.25,0,0,0.0,0.0,0.0,0.0,0.0,0.0,72.45,0.0,0.0,0.0,0.0,,,,,-0.4332841863294154,0.9012573516354008,-0.4332841863294154,0.9012573516354008,-2.3448377271949896,3.3312159917413457,119.0,249.0,,,0.0,6,0.0,0.0,0.7132777777777778,0.0,-0.0,41.95,1.3708333333333318,59,2,2014,272
2015-03-01,0.0,3.0,0,0.0,7.8,16.2,13.108333333333334,12.6,8.033333333333333,-0.9938439410905402,-2.0718508875032824,71.45833333333333,176.29166666666666,600.0,59.041666666666664,,,,,,,,252.821119922498,0.2451351100760679,0.0,0.0,0.0,0.0,0.0,0.0,,0.08333333333333333,0,0,0.0,0.0,0.0,0.0,0.0,0.0,72.45,0.0,0.0,0.0,0.0,,,,,-0.9553872988112336,-0.2953559027176783,-0.9553872988112336,-0.2953559027176783,-0.7101843162376151,-1.4805101133617204,120.0,250.0,,,0.0,6,0.0,0.0,0.6890555555555555,0.0,-0.0,48.2,-3.4083333333333314,60,3,2014,273
2015-03-02,0.0,0.0,0,0.0,4.3,20.9,13.108333333333334,7.0,5.083333333333333,-0.2960871137358189,1.2661519604788418,60.708333333333336,315.3333333333333,600.0,47.375,,,,,,,,345.14215397637554,0.28445661554715523,0.0,0.0,0.0,0.0,0.0,0.0,,0.20833333333333334,0,0,0.0,0.0,0.0,0.0,0.0,0.0,72.45,0.0,0.0,0.0,0.0,,,,,-0.2564217359282076,0.9665649969575583,-0.2564217359282076,0.9665649969575583,-0.17974955196378672,0.7686597526740303,121.0,251.0,,,0.0,6,0.0,0.0,0.7459166666666666,0.0,-0.0,30.5,0.0,61,3,2014,274
2015-03-03,0.0,0.0,0,0.0,11.2,19.6,14.9,9.0,4.279166666666667,-2.7468146134056646,1.8996082116788904,61.666666666666664,199.58333333333334,600.0,59.541666666666664,,,,,,,,307.73304729342476,0.6170427317962542,0.0,0.0,0.0,0.0,0.0,0.0,,0.125,0,0,0.0,0.0,0.0,0.0,0.0,0.0,72.45,0.0,0.0,0.0,0.0,,,,,-0.7908706823142388,0.6119833035760128,-0.7908706823142388,0.6119833035760128,-1.6938690116001598,1.1714250638686492,122.0,252.0,,,0.0,6,0.0,0.0,0.6719444444444443,0.0,-0.0,25.675,1.791666666666666,62,3,2014,275
2015-03-04,0.0,0.0,0,0.0,9.3,21.5,14.508333333333333,13.4,7.6875,-6.256263052795837,4.261351875235011,53.791666666666664,313.125,600.0,4.833333333333333,,,,,,,,308.1780465583505,0.9639200662856626,0.0,0.0,0.0,0.0,0.0,0.0,,0.8333333333333334,0,0,0.0,0.0,0.0,0.0,0.0,0.0,72.45,0.0,0.0,0.0,0.0,,,,,-0.786093784744362,0.6181072411695925,-0.786093784744362,0.6181072411695925,-3.3653481671497603,2.2922521962201663,123.0,253.0,,,0.0,6,0.0,0.0,0.7213888888888889,0.0,-0.0,46.125,-0.3916666666666675,63,3,2014,276
2015-03-05,0.0,0.4,0,0.0,6.2,12.1,8.908333333333333,15.8,11.916666666666666,-9.674981173427833,-1.9223943450085457,54.958333333333336,281.375,600.0,45.958333333333336,,,,,,,,264.1876729360113,0.8311293298109901,0.0,0.0,0.0,0.0,0.0,0.0,,0.3333333333333333,0,0,0.0,0.0,0.0,0.0,0.0,0.0,72.45,0.0,0.0,0.0,0.0,,,,,-0.9948589437576966,-0.10127034129161597,-0.9948589437576966,-0.10127034129161597,-5.317208403229713,-1.0565158921109465,124.0,254.0,,,0.0,6,0.0,0.0,0.6396666666666666,0.0,-0.0,71.5,-5.6,64,3,2014,277
2015-03-06,0.0,0.0,0,0.0,3.5,12.9,8.620833333333334,15.7,10.120833333333334,-9.346268853823984,1.9210909673203969,70.375,182.20833333333334,600.0,60.708333333333336,,,,,,,,286.72354238934986,0.9481790395110974,0.0,0.0,0.0,0.0,0.0,0.0,,0.08333333333333333,0,0,0.0,0.0,0.0,0.0,0.0,0.0,72.45,0.0,0.0,0.0,0.0,,,,,-0.9577043397944239,0.2877540573804767,-0.9577043397944239,0.2877540573804767,-6.577436705878629,1.3519677682517293,125.0,255.0,,,0.0,6,0.0,0.0,0.6427222222222223,0.0,-0.0,60.725,-0.28749999999999964,65,3,2014,278
2015-03-07,0.0,0.0,0,0.0,7.0,17.9,12.424999999999999,9.9,5.445833333333333,-4.335509932170215,2.567471616159016,75.29166666666667,242.75,600.0,69.75,,,,,,,,305.90651435761333,0.8796274853157453,0.0,0.0,0.0,0.0,0.0,0.0,,0.125,0,0,0.0,0.0,0.0,0.0,0.0,0.0,72.45,0.0,0.0,0.0,0.0,,,,,-0.8099749664388368,0.5864644522410588,-0.8099749664388368,0.5864644522410588,-3.264277686429825,1.9330921709997257,126.0,256.0,,,0.0,6,0.0,0.0,0.7461388888888889,0.0,-0.0,32.675,3.8041666666666654,66,3,2014,279
2015-03-08,0.0,0.0,0,0.0,7.8,20.1,13.612499999999999,12.6,5.425,-3.7537071185385322,2.370670571694757,68.45833333333333,292.8333333333333,600.0,11.583333333333334,,,,,,,,319.5014338074749,0.4147727633903015,0.0,0.0,0.0,0.0,0.0,0.0,,0.75,0,0,0.0,0.0,0.0,0.0,0.0,0.0,72.45,0.0,0.0,0.0,0.0,,,,,-0.6494290192251105,0.7604222175793597,-0.6494290192251105,0.7604222175793597,-2.5697253315661697,1.6229215622060353,127.0,257.0,,,0.0,6,0.0,0.0,0.7567499999999999,0.0,-0.0,32.55,1.1875,67,3,2014,280
2015-03-09,0.0,0.0,0,0.0,7.8,19.2,13.366666666666667,14.0,7.229166666666667,-5.133648873636128,3.4955974439114605,62.291666666666664,290.7916666666667,600.0,7.875,,,,,,,,308.61182189815173,0.7096105800293226,0.0,0.0,0.0,0.0,0.0,0.0,,0.8333333333333334,0,0,0.0,0.0,0.0,0.0,0.0,0.0,72.45,0.0,0.0,0.0,0.0,,,,,-0.7813917300539609,0.6240408353651851,-0.7813917300539609,0.6240408353651851,-3.1978354442025045,2.1774659077698475,128.0,258.0,,,0.0,6,0.0,0.0,0.7348333333333333,0.0,-0.0,43.375,-0.2458333333333318,68,3,2014,281
2015-03-10,0.0,0.2,0,0.0,8.4,20.2,13.704166666666666,9.8,4.979166666666667,-0.8548290374784889,1.4079530349649458,69.54166666666667,287.7916666666667,600.0,13.375,,,,,,,,21.14503172431407,0.2120961649252464,0.0,0.0,0.0,0.0,0.0,0.0,,0.6666666666666666,0,0,0.0,0.0,0.0,0.0,0.0,0.0,72.45,0.0,0.0,0.0,0.0,,,,,0.36072995341920655,0.9326703065425516,0.36072995341920655,0.9326703065425516,-0.5944623598131659,0.9791140063985395,129.0,259.0,,,0.0,6,0.0,0.0,0.757,0.0,-0.0,29.875,0.3374999999999986,69,3,2014,282
2015-03-11,0.0,0.0,0,0.0,8.0,20.7,14.237499999999999,13.4,7.433333333333334,-4.970301309697899,3.608041614161557,60.333333333333336,288.7083333333333,600.0,14.916666666666666,,,,,,,,305.06363970984967,0.6929876218384567,0.0,0.0,0.0,0.0,0.0,0.0,,0.75,0,0,0.0,0.0,0.0,0.0,0.0,0.0,72.45,0.0,0.0,0.0,0.0,,,,,-0.8185144548870925,0.5744859329355991,-0.8185144548870925,0.5744859329355991,-2.9987484568510663,2.176851773877473,130.0,260.0,,,0.0,6,0.0,0.0,0.7269166666666668,0.0,-0.0,44.6,0.5333333333333332,70,3,2014,283
2015-03-12,0.0,0.4,0,0.0,7.7,20.5,13.029166666666667,10.1,6.175,-1.2886283257373654,-1.3282201121110129,63.875,273.1666666666667,600.0,49.333333333333336,,,,,,,,253.0169775551749,0.24047068382914966,0.0,0.0,0.0,0.0,0.0,0.0,,0.2916666666666667,0,0,0.0,0.0,0.0,0.0,0.0,0.0,72.45,0.0,0.0,0.0,0.0,,,,,-0.9563913478775018,-0.29208832517760003,-0.9563913478775018,-0.29208832517760003,-0.8231113430647422,-0.8484005966109095,131.0,261.0,,,0.0,6,0.0,0.0,0.7283611111111111,0.0,-0.0,37.05,-1.2083333333333321,71,3,2014,284
2015-03-13,0.0,0.0,0,0.0,5.3,16.6,10.325000000000001,8.2,5.2625,3.7366262537553276,-3.390202912568402,72.25,233.83333333333334,600.0,46.291666666666664,,,,,,,,132.86349957498143,0.9498812067477038,0.0,0.0,0.0,0.0,0.0,0.0,,0.2916666666666667,0,0,0.0,0.0,0.0,0.0,0.0,0.0,72.45,0.0,0.0,0.0,0.0,,,,,0.7329764051079163,-0.6802540625053817,0.7329764051079163,-0.6802540625053817,2.699712468338224,-2.4494216043306705,132.0,262.0,,,0.0,6,0.0,0.0,0.7300555555555556,0.0,-0.0,31.575000000000003,-2.7041666666666657,72,3,2014,285
2015-03-14,0.0,0.3,0,0.0,5.9,17.8,11.658333333333333,13.9,7.858333333333333,-5.667408570998159,4.134346412061594,69.79166666666667,273.375,600.0,48.291666666666664,,,,,,,,313.85014296789586,0.8324616085713754,0.0,0.0,0.0,0.0,0.0,0.0,,0.2916666666666667,0,0,0.0,0.0,0.0,0.0,0.0,0.0,72.45,0.0,0.0,0.0,0.0,,,,,-0.7211542158343917,0.6927745643311998,-0.7211542158343917,0.6927745643311998,-3.955378898509132,2.885429266751321,133.0,263.0,,,0.0,6,0.0,0.0,0.7482222222222221,0.0,-0.0,47.15,1.3333333333333321,73,3,2014,286
2015-03-15,0.0,0.5,0,0.0,7.4,16.0,10.875,11.2,7.95,4.788932013364699,-5.790991758456606,69.04166666666667,270.0416666666667,600.0,38.041666666666664,,,,,,,,143.65736886702072,0.8683241485903885,0.0,0.0,0.0,0.0,0.0,0.0,,0.3333333333333333,0,0,0.0,0.0,0.0,0.0,0.0,0.0,72.45,0.0,0.0,0.0,0.0,,,,,0.592612668737397,-0.805487569644585,0.592612668737397,-0.805487569644585,3.3063584775605444,-3.9981972265677483,134.0,264.0,,,0.0,6,0.0,0.0,0.7435,0.0,-0.0,47.7,-0.7833333333333332,74,3,2014,287
2015-03-16,0.0,0.0,0,0.0,6.1,18.3,11.858333333333334,8.8,5.016666666666667,-0.814887617481673,1.1835656488417114,67.66666666666667,254.16666666666666,600.0,76.125,,,,,,,,353.11455970596023,0.27832608425044303,0.0,0.0,0.0,0.0,0.0,0.0,,0.08333333333333333,0,0,0.0,0.0,0.0,0.0,0.0,0.0,72.45,0.0,0.0,0.0,0.0,,,,,-0.11988456061801427,0.992787838425424,-0.11988456061801427,0.992787838425424,-0.5514072878292654,0.8008794223828914,135.0,265.0,,,0.0,6,0.0,0.0,0.7283333333333334,0.0,-0.0,30.1,0.9833333333333343,75,3,2014,288
2015-03-17,0.0,3.2,0,0.0,8.6,16.8,11.975,11.3,6.933333333333334,-2.0868119189331384,6.183374603478415,69.375,134.58333333333334,509.0,90.79166666666667,,,,,,,,345.2132576606122,0.9405637236515261,0.0,0.0,0.0,0.0,0.0,0.0,,0.0,0,0,0.0,0.0,0.0,0.0,0.0,0.0,72.45,0.0,0.0,0.0,0.0,,,,,-0.2552220380009796,0.9668824702716595,-0.2552220380009796,0.9668824702716595,-1.4477257687598648,4.28971613116315,136.0,266.0,,,0.0,6,0.0,0.0,0.6543055555555556,0.0,-0.0,41.6,0.11666666666666536,76,3,2014,289
2015-03-18,0.0,0.4,0,0.0,10.3,19.3,13.987499999999999,15.8,9.891666666666667,-6.5525008912849465,6.126267337345662,70.66666666666667,242.125,600.0,36.083333333333336,,,,,,,,316.0252397512688,0.8990832672317217,0.0,0.0,0.0,0.0,0.0,0.0,,0.3333333333333333,0,0,0.0,0.0,0.0,0.0,0.0,0.0,72.45,0.0,0.0,0.0,0.0,,,,,-0.694341421828635,0.7196457391890745,-0.694341421828635,0.7196457391890745,-4.630433963174696,4.329228918390935,137.0,267.0,,,0.0,6,0.0,0.0,0.7303055555555557,0.0,-0.0,59.35000000000001,2.0124999999999993,77,3,2014,290
2015-03-19,0.0,0.0,0,0.0,8.3,22.8,15.237499999999999,11.7,7.883333333333333,-4.820576245557791,6.051184845931196,66.33333333333333,265.25,600.0,3.0,,,,,,,,322.3760732488932,0.9816261554751672,0.0,0.0,0.0,0.0,0.0,0.0,,0.9583333333333334,0,0,0.0,0.0,0.0,0.0,0.0,0.0,72.45,0.0,0.0,0.0,0.0,,,,,-0.6104759713094097,0.79203477730074,-0.6104759713094097,0.79203477730074,-3.1976489095533345,4.013952614467693,138.0,268.0,,,0.0,6,0.0,0.0,0.7312777777777777,0.0,-0.0,47.3,1.25,78,3,2014,291
2015-03-20,0.0,0.7,0,0.0,7.5,18.2,13.145833333333334,11.5,7.029166666666666,-0.08940384764044947,-1.5846649713495824,70.45833333333333,174.33333333333334,600.0,47.208333333333336,,,,,,,,263.82615145467935,0.2063728147158651,0.0,0.0,0.0,0.0,0.0,0.0,,0.08333333333333333,0,0,0.0,0.0,0.0,0.0,0.0,0.0,72.45,0.0,0.0,0.0,0.0,,,,,-0.9942001544528186,-0.1075455851534204,-0.9942001544528186,-0.1075455851534204,-0.06299246098333335,-1.1165285277300598,139.0,269.0,,,0.0,6,0.0,0.0,0.6844166666666668,0.0,-0.0,42.175,-2.091666666666665,79,3,2014,292
2015-03-21,0.0,0.0,0,0.0,5.7,18.1,10.804166666666667,8.5,6.25,5.880116425271581,-1.0578719287387892,71.83333333333333,251.41666666666666,600.0,23.25,,,,,,,,99.06259352543391,0.9573848563820734,0.0,0.0,0.0,0.0,0.0,0.0,,0.625,0,0,0.0,0.0,0.0,0.0,0.0,0.0,72.45,0.0,0.0,0.0,0.0,,,,,0.9875168523561285,-0.15751338455078787,0.9875168523561285,-0.15751338455078787,4.223883632153419,-0.759904668810697,140.0,270.0,,,0.0,6,0.0,0.0,0.7403888888888889,0.0,-0.0,37.5,-2.341666666666667,80,3,2014,293
2015-03-22,0.0,0.0,0,0.0,5.3,20.2,12.6,9.1,5.925,0.01399770080267769,4.34887171567667,68.79166666666667,270.4166666666667,600.0,5.916666666666667,,,,,,,,8.615222101058633,0.7224957846176446,0.0,0.0,0.0,0.0,0.0,0.0,,0.9166666666666666,0,0,0.0,0.0,0.0,0.0,0.0,0.0,72.45,0.0,0.0,0.0,0.0,,,,,0.14979802678852677,0.9887166182330829,0.14979802678852677,0.9887166182330829,0.009629251677175361,2.9916613344092426,141.0,271.0,,,0.0,6,0.0,0.0,0.7429166666666668,0.0,-0.0,35.55,1.7958333333333325,81,3,2014,294
2015-03-23,0.0,0.2,0,0.0,8.3,17.0,13.195833333333333,17.6,8.904166666666667,-4.68256784941637,7.423435642215197,78.95833333333333,128.70833333333334,456.0,73.45833333333333,,,,,,,,328.485868279962,0.983581680069761,0.0,0.0,0.0,0.0,0.0,0.0,,0.25,0,0,0.0,0.0,0.0,0.0,0.0,0.0,72.45,0.0,0.0,0.0,0.0,,,,,-0.5227088482915765,0.8525112667394453,-0.5227088482915765,0.8525112667394453,-3.697277531101675,5.861421059165749,142.0,272.0,,,0.0,6,0.0,0.0,0.6823333333333332,0.0,-0.0,53.425,0.5958333333333332,82,3,2014,295
2015-03-24,0.0,7.7,0,0.0,6.5,13.9,10.466666666666667,8.0,3.7624999999999997,-0.7540944116551028,-1.6534956836494004,92.625,108.79166666666667,432.0,72.66666666666667,,,,,,,,278.460524087132,0.18459642382547983,0.0,0.0,0.0,0.0,0.0,0.0,,0.0,0,0,0.0,0.0,0.0,0.0,0.0,0.0,72.45,0.0,0.0,0.0,0.0,,,,,-0.9891174670271258,0.1471279593477829,-0.9891174670271258,0.1471279593477829,-0.698479948795539,-1.531550376980257,143.0,273.0,,,0.0,6,0.0,0.0,0.6901666666666667,0.0,-0.0,22.575,-2.729166666666666,83,3,2014,296
2015-03-25,0.0,0.0,0,0.0,5.9,15.8,9.799999999999999,9.8,5.5874999999999995,-1.3470206699031333,2.082354202970703,75.875,199.29166666666666,600.0,59.833333333333336,,,,,,,,344.72115717717674,0.20323205929529328,0.0,0.0,0.0,0.0,0.0,0.0,,0.20833333333333334,0,0,0.0,0.0,0.0,0.0,0.0,0.0,72.45,0.0,0.0,0.0,0.0,,,,,-0.26351685719393664,0.9646547910909012,-0.26351685719393664,0.9646547910909012,-1.0220519332890023,1.5799862515040208,144.0,274.0,,,0.0,6,0.0,0.0,0.7191111111111111,0.0,-0.0,33.525,-0.6666666666666679,84,3,2014,297
2015-03-26,0.0,0.0,0,0.0,3.1,9.6,6.1499999999999995,20.0,12.554166666666667,-9.85114636494328,7.557697814912603,65.04166666666667,223.54166666666666,600.0,33.0,,,,,,,,310.30450057514327,0.9888534576090289,0.0,0.0,0.0,0.0,0.0,0.0,,0.4166666666666667,0,0,0.0,0.0,0.0,0.0,0.0,0.0,72.45,0.0,0.0,0.0,0.0,,,,,-0.7626175220998164,0.6468496850013425,-0.7626175220998164,0.6468496850013425,-6.40734978153186,4.915652620449406,145.0,275.0,,,0.0,6,0.0,0.0,0.5791666666666667,0.0,-0.0,75.325,-3.6499999999999995,85,3,2014,298
2015-03-27,0.0,0.9,0,0.0,2.8,9.5,5.8500000000000005,16.3,11.883333333333333,-10.767068960349766,4.071849669240813,75.41666666666667,125.41666666666667,410.0,85.08333333333333,,,,,,,,289.98695483966094,0.9676406358453201,0.0,0.0,0.0,0.0,0.0,0.0,,0.0,0,0,0.0,0.0,0.0,0.0,0.0,0.0,72.45,0.0,0.0,0.0,0.0,,,,,-0.9397704679170793,0.34180618430758936,-0.9397704679170793,0.34180618430758936,-8.120164507597115,3.070853292219114,146.0,276.0,,,0.0,6,0.0,0.0,0.5461111111111111,0.0,-0.0,71.3,-0.29999999999999893,86,3,2014,299
2015-03-28,0.0,0.0,0,0.0,2.6,16.0,9.204166666666667,4.3,2.3375,-1.3418716894077622,-0.295461708090478,62.416666666666664,256.25,600.0,24.916666666666668,,,,,,,,246.09830509454622,0.5619563897938928,0.0,0.0,0.0,0.0,0.0,0.0,,0.5416666666666666,0,0,0.0,0.0,0.0,0.0,0.0,0.0,72.45,0.0,0.0,0.0,0.0,,,,,-0.914241970065195,-0.4051686317711564,-0.914241970065195,-0.4051686317711564,-0.8375515794720115,-0.18441734946647334,147.0,277.0,,,0.0,6,0.0,0.0,0.7122222222222222,0.0,-0.0,14.024999999999999,3.354166666666667,87,3,2014,300
2015-03-29,0.0,0.0,0,0.0,3.9,17.2,10.241666666666667,8.2,5.7625,-4.811321147042626,3.037064914106326,56.416666666666664,250.91666666666666,600.0,5.208333333333333,,,,,,,,303.447690865381,0.9861422619072728,0.0,0.0,0.0,0.0,0.0,0.0,,0.875,0,0,0.0,0.0,0.0,0.0,0.0,0.0,72.45,0.0,0.0,0.0,0.0,,,,,-0.834389374520246,0.5511754454687842,-0.834389374520246,0.5511754454687842,-2.714387013789881,1.7134107890416521,148.0,278.0,,,0.0,6,0.0,0.0,0.6886666666666666,0.0,-0.0,34.575,1.0374999999999996,88,3,2014,301
2015-03-30,0.0,0.0,0,0.0,4.5,17.8,11.158333333333333,6.3,4.291666666666667,-1.6558577460404367,0.520165399411298,61.458333333333336,246.125,600.0,45.458333333333336,,,,,,,,296.4605502174629,0.46717229458820664,0.0,0.0,0.0,0.0,0.0,0.0,,0.375,0,0,0.0,0.0,0.0,0.0,0.0,0.0,72.45,0.0,0.0,0.0,0.0,,,,,-0.8952413693993807,0.4455815194955033,-0.8952413693993807,0.4455815194955033,-1.0176625730873519,0.31968498505486026,149.0,279.0,,,0.0,6,0.0,0.0,0.7022777777777778,0.0,-0.0,25.75,0.9166666666666661,89,3,2014,302
2015-03-31,0.0,0.0,0,0.0,5.3,19.5,12.025,5.1,3.0375,1.367740857684171,2.1134871280676903,63.875,244.25,600.0,3.7916666666666665,,,,,,,,22.58029986850807,0.7619214589198947,0.0,0.0,0.0,0.0,0.0,0.0,,0.9166666666666666,0,0,0.0,0.0,0.0,0.0,0.0,0.0,72.45,0.0,0.0,0.0,0.0,,,,,0.38397787058937816,0.9233422956291165,0.38397787058937816,0.9233422956291165,0.8736444728457642,1.3499899030532374,150.0,280.0,,,0.0,6,0.0,0.0,0.7090833333333334,0.0,-0.0,18.225,0.8666666666666671,90,3,2014,303
2015-04-01,0.0,0.0,0,0.0,6.3,18.8,12.4125,15.0,7.120833333333334,-3.631570418885507,5.725483970346418,65.66666666666667,213.0,600.0,69.41666666666667,,,,,,,,334.80702984199587,0.9327373173027776,0.0,0.0,0.0,0.0,0.0,0.0,,0.08333333333333333,0,0,0.0,0.0,0.0,0.0,0.0,0.0,0.0,0.0,0.0,0.0,0.0,,,,,-0.4256682716108661,0.90487928617237,-0.4256682716108661,0.90487928617237,-2.3847312417348165,3.759734473860815,151.0,281.0,,,0.0,0,0.0,0.0,0.6942222222222222,0.0,-0.0,0.0,0.3874999999999993,91,4,2015,0
2015-04-02,0.0,0.2,0,0.0,5.0,17.6,12.112499999999999,17.7,9.245833333333334,-4.265067303400694,1.2989979887396719,65.66666666666667,164.625,587.0,76.95833333333333,,,,,,,,282.57243353685294,0.3887345544860279,0.0,0.0,0.0,0.0,0.0,0.0,,0.0,0,0,0.0,0.0,0.0,0.0,0.0,0.0,0.0,0.0,0.0,0.0,0.0,,,,,-0.9760216032671358,0.2176736776825569,-0.9760216032671358,0.2176736776825569,-2.8007275292331224,0.8530086792723846,152.0,282.0,,,0.0,1,0.0,0.0,0.6619722222222223,0.0,-0.0,9.245833333333334,-0.3000000000000007,92,4,2015,1
2015-04-03,0.0,0.0,0,0.0,3.9,17.2,9.629166666666666,7.0,4.983333333333333,3.4567786376471656,-0.7912282639345459,72.33333333333333,218.25,600.0,44.125,,,,,,,,91.63486112271751,0.6217162392750861,0.0,0.0,0.0,0.0,0.0,0.0,,0.25,0,0,0.0,0.0,0.0,0.0,0.0,0.0,0.0,0.0,0.0,0.0,0.0,,,,,0.9995929413329407,-0.028529837667957254,0.9995929413329407,-0.028529837667957254,2.5004032145647828,-0.5723217775793215,153.0,283.0,,,0.0,2,0.0,0.0,0.7199444444444444,0.0,-0.0,9.966666666666667,-2.4833333333333325,93,4,2015,2
2015-04-04,0.0,4.1,0,0.0,7.0,14.3,10.141666666666667,6.1,3.6625,1.2904357031661136,1.9054209069995862,86.875,146.54166666666666,530.0,67.04166666666667,,,,,,,,11.782378315148348,0.6241971442593492,0.0,0.0,0.0,0.0,0.0,0.0,,0.0,0,0,0.0,0.0,0.0,0.0,0.0,0.0,0.0,0.0,0.0,0.0,0.0,,,,,0.2041949852246548,0.9789302365383874,0.2041949852246548,0.9789302365383874,1.121066017125561,1.6553344129558907,154.0,284.0,,,0.0,3,0.0,0.0,0.7050555555555555,0.0,-0.0,10.9875,0.5125000000000011,94,4,2015,3
2015-04-05,0.0,4.2,0,0.0,6.2,13.6,9.308333333333334,8.8,4.379166666666666,-3.850966325206592,1.5972563335679044,88.0,154.41666666666666,600.0,81.75,,,,,,,,294.655752564178,0.9393230721810166,0.0,0.0,0.0,0.0,0.0,0.0,,0.0,0,0,0.0,0.0,0.0,0.0,0.0,0.0,0.0,0.0,0.0,0.0,0.0,,,,,-0.9088306100458416,0.4171653416137339,-0.9088306100458416,0.4171653416137339,-3.388850366181801,1.405585573539756,155.0,285.0,,,0.0,4,0.0,0.0,0.6985,0.0,-0.0,17.516666666666666,-0.8333333333333339,95,4,2015,4
2015-04-06,0.0,2.1,0,0.0,4.3,11.3,7.345833333333334,8.5,5.4375,-2.2846857677061876,2.571639080973766,87.20833333333333,140.83333333333334,532.0,82.41666666666667,,,,,,,,315.4291240109753,0.540925442384404,0.0,0.0,0.0,0.0,0.0,0.0,,0.0,0,0,0.0,0.0,0.0,0.0,0.0,0.0,0.0,0.0,0.0,0.0,0.0,,,,,-0.7017910324239073,0.7123828653255118,-0.7017910324239073,0.7123828653255118,-1.9924363799204377,2.2426835818658715,156.0,286.0,,,0.0,5,0.0,0.0,0.6356944444444445,0.0,-0.0,27.1875,-1.9624999999999995,96,4,2015,5
2015-04-07,0.0,15.1,0,0.0,5.5,10.1,6.820833333333333,13.5,6.004166666666666,-0.48257984414196997,-4.875205097738717,93.66666666666667,106.16666666666667,432.0,94.54166666666667,,,,,,,,179.89863766669745,0.7885107512977748,0.0,0.0,0.0,0.0,0.0,0.0,,0.0,0,0,0.0,0.0,0.0,0.0,0.0,0.0,0.0,0.0,0.0,0.0,0.0,,,,,0.0017691055308271294,-0.999998435131586,0.0017691055308271294,-0.999998435131586,-0.4520164540129785,-4.566442108215265,157.0,287.0,,,0.0,6,0.0,0.0,0.6074444444444445,0.0,-0.0,36.025,-0.5250000000000012,97,4,2015,6
2015-04-08,1.6099999999999999,20.6,5,0.49,2.4,8.4,5.5125,17.7,13.179166666666667,-3.221133806566288,-12.603109561023148,92.79166666666667,89.0,402.0,99.29166666666667,,,,,,,,193.22035178522424,0.9863074423713826,2.88,15.3,17.0,99.0,-5.082346660693196,-14.420449571468797,199.20006825896343,0.0,0,5,1.6099999999999999,1.6099999999999999,1.6099999999999999,1.6099999999999999,1.6099999999999999,0.0,1.6099999999999999,0.0,0.0,0.0,0.0,,,,,-0.22869667643530517,-0.9734977299344079,-0.32886777181514704,-0.9443759784436178,-2.9889437446763014,-11.694635413499398,0.0,288.0,1.0,1.0,28.496999999999996,0,0.2317715749999999,1.6099999999999999,0.5553055555555556,24.633,0.0,0.0,-1.3083333333333327,98,4,2015,7
2015-04-09,0.0,0.1,0,0.0,4.0,11.6,7.041666666666667,10.7,8.808333333333334,4.383981003391421,-7.495480788062989,84.54166666666667,158.20833333333334,571.0,68.83333333333333,,,,,,,,148.33574278168823,0.9848195456778855,0.0,0.0,0.0,0.0,0.0,0.0,,0.0,0,0,1.6099999999999999,1.6099999999999999,1.6099999999999999,1.6099999999999999,1.6099999999999999,0.0,1.6099999999999999,0.0,0.0,0.0,0.0,,,,,0.5249407880252588,-0.8511387484232052,0.5249407880252588,-0.8511387484232052,3.7062906066171637,-6.3368043829082525,1.0,289.0,0.0,1.0,0.0,1,0.0,0.8049999999999999,0.6450555555555556,0.0,-0.0,8.808333333333334,1.5291666666666668,99,4,2015,8
2015-04-10,0.0,0.0,0,0.0,3.5,14.5,8.558333333333334,5.5,4.145833333333333,3.7444210223242007,-0.5536979606007435,79.54166666666667,187.5,600.0,38.083333333333336,,,,,,,,98.34242312680827,0.9175644761428663,0.0,0.0,0.0,0.0,0.0,0.0,,0.2916666666666667,0,0,0.0,1.6099999999999999,1.6099999999999999,1.6099999999999999,1.6099999999999999,0.0,1.6099999999999999,0.0,0.0,0.0,0.0,,,,,0.9894186331502615,-0.14508882925665997,0.9894186331502615,-0.14508882925665997,2.978374888173708,-0.44042058616117474,2.0,290.0,0.0,1.0,0.0,2,0.0,0.5366666666666666,0.7123611111111111,0.0,-0.0,8.291666666666666,1.5166666666666666,100,4,2015,9
2015-04-11,0.0,0.0,0,0.0,3.7,14.6,9.091666666666667,8.4,5.079166666666667,-4.255340829583126,1.900846975500804,77.16666666666667,175.54166666666666,600.0,55.375,,,,,,,,298.416798197742,0.9166483514203158,0.0,0.0,0.0,0.0,0.0,0.0,,0.4166666666666667,0,0,0.0,0.0,1.6099999999999999,1.6099999999999999,1.6099999999999999,0.0,1.6099999999999999,0.0,0.0,0.0,0.0,,,,,-0.8795090897216885,0.47588208738817533,-0.8795090897216885,0.47588208738817533,-3.283704673494979,1.4668202494281204,3.0,291.0,,0.0,0.0,3,0.0,0.0,0.6986944444444445,0.0,-0.0,15.2375,0.5333333333333332,101,4,2015,10
2015-04-12,0.0,0.0,0,0.0,5.6,14.0,9.049999999999999,9.4,4.3875,-0.8145230584846592,-2.737150984810943,77.29166666666667,179.29166666666666,600.0,48.791666666666664,,,,,,,,210.2012016547736,0.36601828894352256,0.0,0.0,0.0,0.0,0.0,0.0,,0.25,0,0,0.0,0.0,1.6099999999999999,1.6099999999999999,1.6099999999999999,0.0,1.6099999999999999,0.0,0.0,0.0,0.0,,,,,-0.5030380728100626,-0.8642642520106556,-0.5030380728100626,-0.8642642520106556,-0.6295584472871013,-2.1155896153434584,4.0,292.0,,0.0,0.0,4,0.0,0.0,0.6882777777777779,0.0,-0.0,17.55,-0.04166666666666785,102,4,2015,11
2015-04-13,0.0,0.0,0,0.0,3.7,15.5,9.004166666666666,5.9,3.983333333333333,0.46436819088309095,0.26337002587445973,75.25,210.125,600.0,48.458333333333336,,,,,,,,46.16881552790688,0.2342922260117432,0.0,0.0,0.0,0.0,0.0,0.0,,0.3333333333333333,0,0,0.0,0.0,1.6099999999999999,1.6099999999999999,1.6099999999999999,0.0,1.6099999999999999,0.0,0.0,0.0,0.0,,,,,0.7213834072615904,0.692535905009739,0.7213834072615904,0.692535905009739,0.3494370636395259,0.19818594447053095,5.0,293.0,,0.0,0.0,5,0.0,0.0,0.72425,0.0,-0.0,19.916666666666664,-0.045833333333332504,103,4,2015,12
2015-04-14,0.0,0.0,0,0.0,4.6,13.5,8.845833333333333,5.8,3.525,-0.6726524705670015,3.1021810072808496,74.0,126.45833333333333,475.0,73.25,,,,,,,,347.40860465137024,0.8981484692284459,0.0,0.0,0.0,0.0,0.0,0.0,,0.0,0,0,0.0,0.0,1.6099999999999999,1.6099999999999999,1.6099999999999999,0.0,1.6099999999999999,0.0,0.0,0.0,0.0,,,,,-0.21799667624829566,0.9759495115756224,-0.21799667624829566,0.9759495115756224,-0.4977628282195811,2.295613945387829,6.0,294.0,,0.0,0.0,6,0.0,0.0,0.6309722222222222,0.0,-0.0,21.15,-0.15833333333333321,104,4,2015,13
2015-04-15,0.0,1.5,0,0.0,5.6,17.0,10.791666666666666,9.1,6.129166666666666,-2.6256723134928666,5.370314858127482,75.16666666666667,177.375,600.0,45.208333333333336,,,,,,,,334.0629154497696,0.977498349536232,0.0,0.0,0.0,0.0,0.0,0.0,,0.125,0,0,0.0,0.0,0.0,1.6099999999999999,1.6099999999999999,0.0,1.6099999999999999,0.0,0.0,0.0,0.0,,,,,-0.43738393335887304,0.8992748716824689,-0.43738393335887304,0.8992748716824689,-1.9736303556421382,4.036686668359158,7.0,295.0,,,0.0,6,0.0,0.0,0.702138888888889,0.0,-0.0,36.775,1.9458333333333329,105,4,2015,14
2015-04-16,0.0,0.0,0,0.0,7.7,17.7,12.316666666666668,10.6,5.75,-3.6490275743551996,3.5347010838435957,73.625,196.16666666666666,600.0,42.166666666666664,,,,,,,,321.56041177821646,0.7330840087930904,0.0,0.0,0.0,0.0,0.0,0.0,,0.5,0,0,0.0,0.0,0.0,1.6099999999999999,1.6099999999999999,0.0,1.6099999999999999,0.0,0.0,0.0,0.0,,,,,-0.6216891208967776,0.7832640914522967,-0.6216891208967776,0.7832640914522967,-2.686596551619016,2.6024236729798473,8.0,296.0,,,0.0,6,0.0,0.0,0.7095277777777778,0.0,-0.0,34.5,1.5250000000000021,106,4,2015,15
2015-04-17,0.0,7.3,0,0.0,9.3,13.6,10.616666666666667,9.2,5.8999999999999995,-1.6118994027348545,5.211588470479254,89.95833333333333,79.20833333333333,446.0,99.91666666666667,,,,,,,,350.2066887571911,0.8376580923782845,0.0,0.0,0.0,0.0,0.0,0.0,,0.0,0,0,0.0,0.0,0.0,1.6099999999999999,1.6099999999999999,0.0,1.6099999999999999,0.0,0.0,0.0,0.0,,,,,-0.17009446066472692,0.9854277621678698,-0.17009446066472692,0.9854277621678698,-1.4500378377102294,4.688258128235295,9.0,297.0,,,0.0,6,0.0,0.0,0.6548888888888889,0.0,-0.0,35.4,-1.700000000000001,107,4,2015,16
2015-04-18,0.0,26.8,0,0.0,8.5,13.4,10.941666666666668,16.2,11.454166666666666,-7.365584504164292,8.51717268077624,96.375,92.20833333333333,390.0,99.625,,,,,,,,317.46733789916533,0.9781691425316826,0.0,0.0,0.0,0.0,0.0,0.0,,0.0,0,0,0.0,0.0,0.0,1.6099999999999999,1.6099999999999999,0.0,1.6099999999999999,0.0,0.0,0.0,0.0,,,,,-0.6760103910231917,0.7368920892699767,-0.6760103910231917,0.7368920892699767,-7.098582065888336,8.208425171098101,10.0,298.0,,,0.0,6,0.0,0.0,0.6805,0.0,-0.0,68.725,0.32500000000000107,108,4,2015,17
2015-04-19,0.28,9.5,4,0.07,0.9,8.0,4.041666666666667,12.6,8.841666666666667,0.701916876793009,-5.828357399437276,92.08333333333333,72.91666666666667,360.0,89.33333333333333,,,,,,,,187.59908673197435,0.47241977980641686,1.025,11.524999999999999,12.6,92.5,5.342677789123431,-10.14341453347982,151.9974783264838,0.0,0,4,0.28,0.28,0.28,1.89,1.89,0.0,1.89,0.0,0.0,0.0,0.0,,,,,-0.1322405907265162,-0.9912176482308525,0.4695104221840474,-0.8829269298535172,0.6463484573802291,-5.366945771981824,0.0,299.0,1.0,1.0,3.528,0,0.053774273437500006,0.28,0.5333333333333333,3.227,0.0,0.0,-6.900000000000001,109,4,2015,18
2015-04-20,0.0,2.0,0,0.0,0.3,6.5,2.716666666666667,18.4,14.075000000000001,8.981726395161688,-10.791964785030041,85.0,135.125,598.0,78.04166666666667,,,,,,,,140.20989452042895,0.9974643750442049,0.0,0.0,0.0,0.0,0.0,0.0,,0.0,0,0,0.28,0.28,0.28,1.89,1.89,0.0,1.89,0.0,0.0,0.0,0.0,,,,,0.639977013553718,-0.7683940539351304,0.639977013553718,-0.7683940539351304,7.634467435887435,-9.173170067275535,1.0,300.0,0.0,1.0,0.0,1,0.0,0.14,0.5178611111111111,0.0,-0.0,14.075000000000001,-1.3250000000000002,110,4,2015,19
2015-04-21,0.0,2.6,0,0.0,1.6,7.0,3.9583333333333335,15.3,12.766666666666666,8.755824830001606,-9.182798469608409,89.25,109.33333333333333,439.0,94.625,,,,,,,,136.54081072896656,0.9937146333432627,0.0,0.0,0.0,0.0,0.0,0.0,,0.0,0,0,0.0,0.28,0.28,1.89,1.89,0.0,1.89,0.0,0.0,0.0,0.0,,,,,0.6878377303100324,-0.7258644892553591,0.6878377303100324,-0.7258644892553591,7.814573660776433,-8.195647634125505,2.0,301.0,0.0,1.0,0.0,2,0.0,0.09333333333333334,0.5259444444444444,0.0,-0.0,25.53333333333333,1.2416666666666667,111,4,2015,20
2015-04-22,0.0,4.1,0,0.0,5.0,8.9,7.1000000000000005,14.5,13.075000000000001,7.095076224854342,-10.837240742057178,94.54166666666667,65.29166666666667,268.0,98.45833333333333,,,,,,,,147.28703584723436,0.9904181231706686,0.0,0.0,0.0,0.0,0.0,0.0,,0.0,0,0,0.0,0.0,0.28,0.28,1.89,0.0,1.89,0.0,0.0,0.0,0.0,,,,,0.5404307128934754,-0.8413885217671144,0.5404307128934754,-0.8413885217671144,6.707803314247709,-10.245708018219892,3.0,302.0,,0.0,0.0,3,0.0,0.0,0.5564444444444444,0.0,-0.0,39.225,3.141666666666667,112,4,2015,21
2015-04-23,0.0,10.0,0,0.0,8.0,12.4,9.487499999999999,11.3,7.2250000000000005,3.2503215181588234,-5.911438656536736,97.83333333333333,59.916666666666664,300.0,91.16666666666667,,,,,,,,144.77609431865721,0.8849038228752291,0.0,0.0,0.0,0.0,0.0,0.0,,0.0,0,0,0.0,0.0,0.28,0.28,1.89,0.0,1.89,0.0,0.0,0.0,0.0,,,,,0.5767732056805723,-0.8169043207187463,0.5767732056805723,-0.8169043207187463,3.1798978852653823,-5.783357485645106,4.0,303.0,,0.0,0.0,4,0.0,0.0,0.6416111111111111,0.0,-0.0,28.900000000000002,2.3874999999999984,113,4,2015,22
2015-04-24,0.0,10.5,0,0.0,6.3,11.0,8.3875,9.5,6.795833333333333,-4.416809192170265,4.918475664394767,96.45833333333333,68.79166666666667,281.0,89.75,,,,,,,,320.99510840009526,0.9547163627102407,0.0,0.0,0.0,0.0,0.0,0.0,,0.0,0,0,0.0,0.0,0.28,0.28,1.89,0.0,1.89,0.0,0.0,0.0,0.0,,,,,-0.6293867372228181,0.7770922306959549,-0.6293867372228181,0.7770922306959549,-4.260380533280902,4.744279651280785,5.0,304.0,,0.0,0.0,5,0.0,0.0,0.6118333333333332,0.0,-0.0,33.979166666666664,-1.0999999999999996,114,4,2015,23
2015-04-25,0.0,5.500000000000001,0,0.0,2.9,10.1,5.9875,6.1,4.154166666666667,-1.9653688734995882,0.49106178718887716,91.54166666666667,120.625,509.0,87.16666666666667,,,,,,,,287.4834577956208,0.4968434458570034,0.0,0.0,0.0,0.0,0.0,0.0,,0.0,0,0,0.0,0.0,0.28,0.28,1.89,0.0,1.89,0.0,0.0,0.0,0.0,,,,,-0.9538037295527302,0.30043043369689165,-0.9538037295527302,0.30043043369689165,-1.7991314229494149,0.449526144355818,6.0,305.0,,0.0,0.0,6,0.0,0.0,0.61,0.0,-0.0,24.925,-2.3999999999999995,115,4,2015,24
2015-04-26,0.0,0.6000000000000001,0,0.0,3.2,7.1,4.920833333333333,9.5,6.8999999999999995,-3.6290497454170603,-5.595673047981634,89.70833333333333,62.25,281.0,84.91666666666667,,,,,,,,212.7695568715541,0.9661144228115233,0.0,0.0,0.0,0.0,0.0,0.0,,0.0,0,0,0.0,0.0,0.0,0.28,1.89,0.0,1.89,0.0,0.0,0.0,0.0,,,,,-0.5412615132088286,-0.8408543121842743,-0.5412615132088286,-0.8408543121842743,-3.2555600424512208,-5.019785030126857,7.0,306.0,,,0.0,6,0.0,0.0,0.49830555555555556,0.0,-0.0,41.4,-1.0666666666666664,116,4,2015,25
2015-04-27,0.0,0.0,0,0.0,1.3,8.0,4.220833333333333,11.7,6.329166666666667,-4.3765933995444675,-4.050800650664625,78.75,104.20833333333333,407.0,68.375,,,,,,,,227.52923988007427,0.9118059159344646,0.0,0.0,0.0,0.0,0.0,0.0,,0.0,0,0,0.0,0.0,0.0,0.28,1.89,0.0,1.89,0.0,0.0,0.0,0.0,,,,,-0.7376220162108624,-0.6752138633063025,-0.7376220162108624,-0.6752138633063025,-3.446567302141268,-3.1900055123983924,8.0,307.0,,,0.0,6,0.0,0.0,0.50975,0.0,-0.0,37.975,-0.7000000000000002,117,4,2015,26
2015-04-28,0.0,0.0,0,0.0,0.9,9.3,4.391666666666667,6.2,3.6,2.2472848510887418,-2.635284352192707,78.375,132.79166666666666,526.0,45.541666666666664,,,,,,,,140.12035323961243,0.956461769022035,0.0,0.0,0.0,0.0,0.0,0.0,,0.20833333333333334,0,0,0.0,0.0,0.0,0.28,1.89,0.0,1.89,0.0,0.0,0.0,0.0,,,,,0.6411770702245908,-0.7673929662293043,0.6411770702245908,-0.7673929662293043,1.7613095020408014,-2.065404111031034,9.0,308.0,,,0.0,6,0.0,0.0,0.5564444444444444,0.0,-0.0,21.6,0.1708333333333334,118,4,2015,27
2015-04-29,0.0,0.0,0,0.0,0.5,10.8,5.016666666666667,5.8,3.2708333333333335,2.6707340983440986,-0.2403896513139833,77.875,168.625,600.0,46.125,,,,,,,,88.96649413928246,0.7696149295120924,0.0,0.0,0.0,0.0,0.0,0.0,,0.16666666666666666,0,0,0.0,0.0,0.0,0.28,1.89,0.0,1.89,0.0,0.0,0.0,0.0,,,,,0.9998373182440891,0.018037101942055003,0.9998373182440891,0.018037101942055003,2.079834179085467,-0.1872034409607645,10.0,309.0,,,0.0,6,0.0,0.0,0.612,0.0,-0.0,19.625,0.625,119,4,2015,28
2015-04-30,0.0,0.0,0,0.0,2.4,11.9,6.216666666666666,6.5,4.766666666666667,4.69917610177074,0.2925897429395651,80.0,144.375,600.0,60.875,,,,,,,,86.79827086476115,0.9890795613824014,0.0,0.0,0.0,0.0,0.0,0.0,,0.16666666666666666,0,0,0.0,0.0,0.0,0.28,1.89,0.0,1.89,0.0,0.0,0.0,0.0,,,,,0.9984390790843461,0.055851637014530386,0.9984390790843461,0.055851637014530386,3.7593408814165916,0.23407179435165204,11.0,310.0,,,0.0,6,0.0,0.0,0.6273611111111111,0.0,-0.0,28.6,1.1999999999999993,120,4,2015,29
2015-05-01,0.0,0.0,0,0.0,-0.1,13.3,6.345833333333334,8.2,5.054166666666666,4.246018295109517,2.367200975804008,82.70833333333333,151.625,600.0,47.333333333333336,,,,,,,,64.42005161259456,0.9662049601216683,0.0,0.0,0.0,0.0,0.0,0.0,,0.16666666666666666,1,0,0.0,0.0,0.0,0.28,1.89,1.0,1.89,0.0,0.0,0.0,0.0,,,,,0.9019836867816975,0.4317701110309707,0.9019836867816975,0.4317701110309707,3.511810964913496,1.9578724737378979,12.0,311.0,,,0.0,6,0.0,0.0,0.6723333333333333,0.0,-0.0,30.324999999999996,0.1291666666666682,121,5,2015,30
2015-05-02,0.0,0.0,0,0.0,2.6,15.0,8.233333333333333,9.8,5.133333333333334,-0.20502210617332706,3.555109137273759,82.95833333333333,124.25,516.0,74.20833333333333,,,,,,,,352.6316087514021,0.6581645946337032,0.0,0.0,0.0,0.0,0.0,0.0,,0.125,0,0,0.0,0.0,0.0,0.28,1.89,1.0,1.89,0.0,0.0,0.0,0.0,,,,,-0.1282484950479626,0.9917420650138487,-0.1282484950479626,0.9917420650138487,-0.17008292224628924,2.949259288463356,13.0,312.0,,,0.0,6,0.0,0.0,0.6926944444444444,0.0,-0.0,30.800000000000004,1.8874999999999984,122,5,2015,31
2015-05-03,0.0,0.0,0,0.0,4.1,16.4,9.35,5.6,3.045833333333333,2.350502688997195,-0.7983393070492059,83.375,159.66666666666666,600.0,21.833333333333332,,,,,,,,106.95168568255401,0.7208445717335735,0.0,0.0,0.0,0.0,0.0,0.0,,0.5416666666666666,0,0,0.0,0.0,0.0,0.0,1.89,1.0,1.89,0.0,0.0,0.0,0.0,,,,,0.9565509565996737,-0.2915652027047279,0.9565509565996737,-0.2915652027047279,1.9597316169514114,-0.6656153972522754,14.0,313.0,,,0.0,6,0.0,0.0,0.7176944444444443,0.0,-0.0,18.275,1.1166666666666671,123,5,2015,32
2015-05-04,0.0,0.0,0,0.0,5.1,16.2,9.512500000000001,8.0,5.220833333333333,-2.6292311172706886,3.8486360192680653,79.95833333333333,164.16666666666666,600.0,25.791666666666668,,,,,,,,334.4172820808084,0.8007641268093562,0.0,0.0,0.0,0.0,0.0,0.0,,0.625,0,0,0.0,0.0,0.0,0.0,1.89,1.0,1.89,0.0,0.0,0.0,0.0,,,,,-0.4318137101164607,0.9019628150624932,-0.4318137101164607,0.9019628150624932,-2.1022893808510212,3.0773052170730906,15.0,314.0,,,0.0,6,0.0,0.0,0.7093055555555555,0.0,-0.0,31.325,0.16250000000000142,124,5,2015,33
2015-05-05,0.0,2.6999999999999997,0,0.0,2.2,11.2,6.291666666666667,27.2,15.504166666666668,-10.893917195838739,10.710589477620639,82.45833333333333,134.66666666666666,572.0,50.625,,,,,,,,315.84663961417357,0.9840240938109626,0.0,0.0,0.0,0.0,0.0,0.0,,0.20833333333333334,0,0,0.0,0.0,0.0,0.0,1.89,1.0,1.89,0.0,0.0,0.0,0.0,,,,,-0.6965812960753758,0.7174778728002347,-0.6965812960753758,0.7174778728002347,-8.982942554402026,8.831773573421351,16.0,315.0,,,0.0,6,0.0,0.0,0.6135277777777778,0.0,-0.0,93.025,-3.220833333333334,125,5,2015,34
2015-05-06,0.0,1.3,0,0.0,0.5,5.0,2.591666666666667,14.9,12.779166666666667,-10.331122401606175,7.439538981100367,88.625,75.54166666666667,320.0,92.5,,,,,,,,305.99963178247197,0.9962858659346275,0.0,0.0,0.0,0.0,0.0,0.0,,0.0,0,0,0.0,0.0,0.0,0.0,1.89,1.0,1.89,0.0,0.0,0.0,0.0,,,,,-0.8090207718237793,0.5877800530450624,-0.8090207718237793,0.5877800530450624,-9.155957228423471,6.5932914220002,17.0,316.0,,,0.0,6,0.0,0.0,0.4568888888888889,0.0,-0.0,76.675,-3.7,126,5,2015,35
2015-05-07,0.0,1.7000000000000002,0,0.0,0.9,4.8,2.7375000000000003,15.4,11.979166666666666,-10.676454038670242,5.2843228269828195,88.75,115.04166666666667,441.0,82.45833333333333,,,,,,,,296.95961061859066,0.9948762142945269,0.0,0.0,0.0,0.0,0.0,0.0,,0.0,0,0,0.0,0.0,0.0,0.0,1.89,1.0,1.89,0.0,0.0,0.0,0.0,,,,,-0.8913263332545879,0.4533622918229211,-0.8913263332545879,0.4533622918229211,-9.475352959319839,4.689836508947253,18.0,317.0,,,0.0,6,0.0,0.0,0.4791944444444445,0.0,-0.0,71.875,0.14583333333333348,127,5,2015,36
2015-05-08,0.0,0.9,0,0.0,0.5,5.8,3.1374999999999997,12.3,9.441666666666666,-7.783517584399054,5.303648010546557,93.0,86.70833333333333,355.0,93.41666666666667,,,,,,,,304.2911904100921,0.9974955545147336,0.0,0.0,0.0,0.0,0.0,0.0,,0.0,0,0,0.0,0.0,0.0,0.0,0.28,0.0,1.89,0.0,0.0,0.0,0.0,,,,,-0.8261849304387351,0.5633990244186996,-0.8261849304387351,0.5633990244186996,-7.23867135349112,4.932392649808298,19.0,318.0,,,0.0,6,0.0,0.0,0.4966944444444444,0.0,-0.0,56.65,0.39999999999999947,128,5,2015,37
2015-05-09,0.0,7.5,0,0.0,3.8,5.6,4.541666666666667,14.9,12.4625,-9.217567619447044,8.336283435766449,93.04166666666667,59.541666666666664,319.0,99.41666666666667,,,,,,,,312.25051627404673,0.9974357546302473,0.0,0.0,0.0,0.0,0.0,0.0,,0.0,0,0,0.0,0.0,0.0,0.0,0.28,0.0,1.89,0.0,0.0,0.0,0.0,,,,,-0.7402120689733213,0.6723734772774987,-0.7402120689733213,0.6723734772774987,-8.57617853926052,7.756217046694367,20.0,319.0,,,0.0,6,0.0,0.0,0.47427777777777774,0.0,-0.0,74.775,1.4041666666666672,129,5,2015,38
2015-05-10,0.7000000000000001,18.5,6,0.21,2.2,4.6,3.2416666666666667,20.2,16.233333333333334,-11.85289486019466,10.893594480955512,98.25,52.666666666666664,252.0,99.5,,,,,,,,312.09975663267244,0.9911219473659967,2.783333333333333,17.966666666666665,20.2,97.66666666666667,-12.420031535977834,12.955355105962136,315.99969514268514,0.0,0,4,0.7000000000000001,0.7000000000000001,0.7000000000000001,0.7000000000000001,0.9800000000000001,0.0,2.59,0.0,0.0,0.0,0.0,,,,,-0.7419786886469888,0.6704234673649893,-0.6946621978864006,0.7193361042152931,-11.645469200141253,10.702956577538792,0.0,320.0,1.0,1.0,14.14,0,0.09792866319444446,0.7000000000000001,0.4648333333333334,12.576666666666666,0.0,0.0,-1.3000000000000003,130,5,2015,39
2015-05-11,0.0,4.5,0,0.0,2.3,7.5,4.3625,16.5,13.670833333333334,-11.681457313579372,6.618487722752261,91.45833333333333,76.04166666666667,439.0,87.79166666666667,,,,,,,,299.625765378649,0.9831749984962199,0.0,0.0,0.0,0.0,0.0,0.0,,0.0,0,0,0.7000000000000001,0.7000000000000001,0.7000000000000001,0.7000000000000001,0.9800000000000001,0.0,2.59,0.0,0.0,0.0,0.0,,,,,-0.8692727205383024,0.49433282040335774,-0.8692727205383024,0.49433282040335774,-10.683666168044468,6.053158563100505,1.0,321.0,0.0,1.0,0.0,1,0.0,0.35000000000000003,0.5222222222222223,0.0,-0.0,13.670833333333334,1.1208333333333331,131,5,2015,40
2015-05-12,0.07,5.9,1,0.07,1.1,6.4,4.391666666666667,21.3,15.291666666666666,-12.913522699034834,7.99149150616162,92.83333333333333,85.25,346.0,90.54166666666667,,,,,,,,302.6267631056803,0.9922380524593246,1.1,12.0,12.0,96.0,-11.202965117966421,4.300415394543604,291.0,0.0,0,1,0.07,0.77,0.77,0.77,1.05,0.0,2.66,0.0,0.0,0.0,0.0,,,,,-0.842200642953503,0.5391642393637638,-0.9335804264972017,0.3583679495453004,-11.98805357227067,7.4187679482200375,0.0,322.0,0.09090909090909091,1.0,1.491,2,0.013238749999999995,0.77,0.5085000000000001,0.8400000000000001,0.0,30.583333333333332,0.029166666666666785,132,5,2015,41
2015-05-13,1.12,2.3,10,0.14,-2.7,2.0,-0.20833333333333334,16.8,9.358333333333333,-7.687177184565577,-1.9859158565362909,77.04166666666667,121.875,512.0,69.41666666666667,,,,,,,,266.50066271222977,0.8626419622249331,0.30999999999999994,10.790000000000001,16.1,78.7,-8.512622316976802,-3.6321994225774707,257.23187800880476,0.0,1,7,1.1900000000000002,1.19,1.8900000000000001,1.8900000000000001,2.17,1.0,3.7800000000000002,0.0,0.0,0.0,0.0,,,,,-0.9981355044736673,-0.06103699459424406,-0.9752724676822949,-0.22100591345230347,-5.922329422609064,-1.5299826744731675,0.0,323.0,0.9411764705882354,0.6296296296296295,18.816000000000003,0,0.23472571500000008,1.19,0.3825,12.084800000000001,0.0,0.0,-4.6,133,5,2015,42
2015-05-14,0.0,0.6000000000000001,0,0.0,-0.5,5.2,2.279166666666667,12.3,6.604166666666667,-5.809214473195851,-1.4339818974982739,87.875,54.333333333333336,214.0,93.0,,,,,,,,258.5392202961043,0.8878872530150326,0.0,0.0,0.0,0.0,0.0,0.0,,0.0,0,0,1.12,1.19,1.8900000000000001,1.8900000000000001,2.17,1.0,3.7800000000000002,0.0,0.0,0.0,0.0,,,,,-0.9800609470239748,-0.1986971064672799,-0.9800609470239748,-0.1986971064672799,-5.104847218320854,-1.2601115924266082,1.0,324.0,0.0,0.6296296296296295,0.0,1,0.0,0.595,0.4446944444444445,0.0,-0.0,6.604166666666667,2.4875000000000003,134,5,2015,43
2015-05-15,0.0,0.0,0,0.0,2.1,10.4,5.320833333333334,5.9,4.616666666666666,2.1115218036278676,-3.8712109763442015,86.25,131.875,509.0,43.75,,,,,,,,152.4146060877629,0.9572624865456839,0.0,0.0,0.0,0.0,0.0,0.0,,0.375,0,0,0.0,1.1199999999999999,1.8900000000000001,1.8900000000000001,2.17,1.0,3.7800000000000002,0.0,0.0,0.0,0.0,,,,,0.4630701052214822,-0.8863216558621173,0.4630701052214822,-0.8863216558621173,1.8211875556290358,-3.338919467096874,2.0,325.0,0.0,0.5925925925925924,0.0,2,0.0,0.3733333333333333,0.6065277777777778,0.0,-0.0,9.233333333333333,3.041666666666667,135,5,2015,44
2015-05-16,0.0,0.0,0,0.0,0.2,12.3,5.825,4.2,2.6750000000000003,-0.16576557799906166,1.1227023241213219,76.75,151.5,581.0,17.75,,,,,,,,352.64285566635556,0.40165349146416757,0.0,0.0,0.0,0.0,0.0,0.0,,0.75,0,0,0.0,0.0,1.8900000000000001,1.8900000000000001,2.17,1.0,3.7800000000000002,0.0,0.0,0.0,0.0,,,,,-0.12805381787884837,0.9917672205344613,-0.12805381787884837,0.9917672205344613,-0.12722508111427983,0.8616740337631146,3.0,326.0,,0.0,0.0,3,0.0,0.0,0.6301666666666667,0.0,-0.0,8.025,0.5041666666666664,136,5,2015,45
2015-05-17,0.0,0.0,0,0.0,0.9,11.5,5.416666666666667,5.2,3.3166666666666664,-0.3432071892306811,1.4827465931219816,68.25,149.95833333333334,578.0,5.25,,,,,,,,357.7360412998736,0.4525637273342181,0.0,0.0,0.0,0.0,0.0,0.0,,0.875,0,0,0.0,0.0,1.19,1.8900000000000001,2.17,1.0,3.7800000000000002,0.0,0.0,0.0,0.0,,,,,-0.03950325204180627,0.9992194419035898,-0.03950325204180627,0.9992194419035898,-0.23423890664993988,1.0119745498057524,4.0,327.0,,0.0,0.0,4,0.0,0.0,0.5830277777777778,0.0,-0.0,13.266666666666666,-0.4083333333333332,137,5,2015,46
2015-05-18,0.0,0.0,0,0.0,-0.1,11.5,5.154166666666667,6.2,2.841666666666667,-0.1922462272481472,2.4288742811478152,64.70833333333333,148.5,575.0,17.833333333333332,,,,,,,,356.550092489817,0.8312795290853445,0.0,0.0,0.0,0.0,0.0,0.0,,0.7083333333333334,1,0,0.0,0.0,1.19,1.8900000000000001,2.17,2.0,3.7800000000000002,0.0,0.0,0.0,0.0,,,,,-0.06017586814290282,0.9981877903947974,-0.06017586814290282,0.9981877903947974,-0.12439932954848856,1.571684066092732,5.0,328.0,,0.0,0.0,5,0.0,0.0,0.57025,0.0,-0.0,14.208333333333334,-0.2625000000000002,138,5,2015,47
2015-05-19,0.0,8.6,0,0.0,1.7,9.3,5.6499999999999995,11.6,8.245833333333334,-3.77520103337868,7.256000153333464,94.16666666666667,56.583333333333336,284.0,97.70833333333333,,,,,,,,332.21453163158526,0.9925698548169237,0.0,0.0,0.0,0.0,0.0,0.0,,0.0,0,0,0.0,0.0,1.12,1.8900000000000001,1.8900000000000001,2.0,3.7800000000000002,0.0,0.0,0.0,0.0,,,,,-0.4661622736541811,0.8846992339894753,-0.4661622736541811,0.8846992339894753,-3.554980973098257,6.832733477722346,6.0,329.0,,0.0,0.0,6,0.0,0.0,0.5582777777777778,0.0,-0.0,49.475,0.4958333333333327,139,5,2015,48
2015-05-20,0.0,3.5,0,0.0,3.5,8.2,5.854166666666667,12.8,8.391666666666667,-5.72993784121888,6.002675522153006,96.125,65.125,276.0,84.91666666666667,,,,,,,,316.43665123858597,0.9890291048198044,0.0,0.0,0.0,0.0,0.0,0.0,,0.0,0,0,0.0,0.0,0.0,1.8900000000000001,1.8900000000000001,1.0,3.7800000000000002,0.0,0.0,0.0,0.0,,,,,-0.6891561609484249,0.7246128523748586,-0.6891561609484249,0.7246128523748586,-5.507902749871648,5.770071845669577,7.0,330.0,,,0.0,6,0.0,0.0,0.5460555555555556,0.0,-0.0,50.35000000000001,0.2041666666666675,140,5,2015,49
2015-05-21,0.0,0.5,0,0.0,1.5,7.5,4.320833333333334,8.2,4.9375,2.19428286971325,-2.9526550956522546,88.75,83.25,326.0,94.66666666666667,,,,,,,,133.18417951173416,0.4855731178092105,0.0,0.0,0.0,0.0,0.0,0.0,,0.0,0,0,0.0,0.0,0.0,1.8900000000000001,1.8900000000000001,1.0,3.7800000000000002,0.0,0.0,0.0,0.0,,,,,0.7291576165095642,-0.684345797302863,0.7291576165095642,-0.684345797302863,1.9474260468705094,-2.6204813973913756,8.0,331.0,,,0.0,6,0.0,0.0,0.5179999999999999,0.0,-0.0,29.625,-1.5333333333333332,141,5,2015,50
2015-05-22,0.0,2.3,0,0.0,1.5,7.2,4.158333333333333,15.2,10.2875,4.811335277439777,-9.05893813979567,89.20833333333333,100.45833333333333,450.0,82.75,,,,,,,,151.128274224214,0.9960304553943926,0.0,0.0,0.0,0.0,0.0,0.0,,0.0,0,0,0.0,0.0,0.0,1.8900000000000001,1.8900000000000001,1.0,3.7800000000000002,0.0,0.0,0.0,0.0,,,,,0.48285030167614135,-0.8757029097652121,0.48285030167614135,-0.8757029097652121,4.292112012082734,-8.081327732209386,9.0,332.0,,,0.0,6,0.0,0.0,0.5243333333333333,0.0,-0.0,61.724999999999994,-0.16250000000000053,142,5,2015,51
2015-05-23,0.0,0.0,0,0.0,0.8,11.1,4.875,5.1,2.2125,-0.6420580885260493,-1.0979516411208305,66.70833333333333,145.79166666666666,572.0,14.291666666666666,,,,,,,,168.70947893480695,0.42999181620571986,0.0,0.0,0.0,0.0,0.0,0.0,,0.6666666666666666,0,0,0.0,0.0,0.0,1.8900000000000001,1.8900000000000001,1.0,3.7800000000000002,0.0,0.0,0.0,0.0,,,,,0.19578391002395387,-0.9806470621868667,0.19578391002395387,-0.9806470621868667,-0.42830624988758537,-0.7324252405976872,10.0,333.0,,,0.0,6,0.0,0.0,0.5662222222222222,0.0,-0.0,13.274999999999999,0.7166666666666668,143,5,2015,52
2015-05-24,0.0,0.0,0,0.0,1.2,10.6,4.5625,4.5,2.0708333333333333,-0.4630458663488999,1.3650011915905216,51.916666666666664,138.83333333333334,552.0,74.58333333333333,,,,,,,,0.2951588410318149,0.66859508184423,0.0,0.0,0.0,0.0,0.0,0.0,,0.125,0,0,0.0,0.0,0.0,1.19,1.8900000000000001,1.0,3.7800000000000002,0.0,0.0,0.0,0.0,,,,,0.00515147080744746,0.9999867310862279,0.00515147080744746,0.9999867310862279,-0.24039797894613715,0.7086631186340792,11.0,334.0,,,0.0,6,0.0,0.0,0.5011666666666666,0.0,-0.0,12.425,-0.3125,144,5,2015,53
2015-05-25,0.0,0.0,0,0.0,-0.2,9.5,3.8375,6.0,4.179166666666666,-2.7018938266616295,2.8995045769598495,57.708333333333336,108.75,487.0,74.08333333333333,,,,,,,,319.19304781531974,0.9400072706507521,0.0,0.0,0.0,0.0,0.0,0.0,,0.08333333333333333,0,0,0.0,0.0,0.0,1.19,1.8900000000000001,0.0,3.7800000000000002,0.0,0.0,0.0,0.0,,,,,-0.6535124518340215,0.756915764994947,-0.6535124518340215,0.756915764994947,-1.5592178958026488,1.6732557662872467,12.0,335.0,,,0.0,6,0.0,0.0,0.47597222222222224,0.0,-0.0,25.074999999999996,-0.7250000000000001,145,5,2015,54
2015-05-26,0.0,0.0,0,0.0,-1.0,9.0,3.220833333333333,5.4,2.5625,-1.0213136743454057,2.008735166682133,62.583333333333336,121.33333333333333,516.0,32.625,,,,,,,,339.83183343337834,0.8451556256625053,0.0,0.0,0.0,0.0,0.0,0.0,,0.5,0,0,0.0,0.0,0.0,1.12,1.8900000000000001,0.0,3.7800000000000002,0.0,0.0,0.0,0.0,,,,,-0.344776720673111,0.9386847249646154,-0.344776720673111,0.9386847249646154,-0.6391721411944997,1.2571334251485684,13.0,336.0,,,0.0,6,0.0,0.0,0.48950000000000005,0.0,-0.0,15.375,-0.6166666666666667,146,5,2015,55
2015-05-27,0.0,0.0,0,0.0,0.5,8.6,3.7708333333333335,10.0,6.141666666666667,-4.077674490497109,4.556718166750464,84.45833333333333,93.33333333333333,393.0,67.45833333333333,,,,,,,,318.8744414492461,0.9960838017827313,0.0,0.0,0.0,0.0,0.0,0.0,,0.0,0,0,0.0,0.0,0.0,0.0,1.8900000000000001,0.0,3.7800000000000002,0.0,0.0,0.0,0.0,,,,,-0.6577113305861433,0.7532700748195198,-0.6577113305861433,0.7532700748195198,-3.4439359134323495,3.8485282183346623,14.0,337.0,,,0.0,6,0.0,0.0,0.5348611111111111,0.0,-0.0,36.85,0.5500000000000003,147,5,2015,56
2015-05-28,0.0,3.6,0,0.0,2.7,8.6,5.558333333333334,11.4,8.275,-4.418459285500853,6.9478008129552,95.04166666666667,73.41666666666667,326.0,89.125,,,,,,,,328.49524276022487,0.9944769789862354,0.0,0.0,0.0,0.0,0.0,0.0,,0.0,0,0,0.0,0.0,0.0,0.0,1.8900000000000001,0.0,3.7800000000000002,0.0,0.0,0.0,0.0,,,,,-0.5225693571991367,0.8525967786219234,-0.5225693571991367,0.8525967786219234,-4.199377345928102,6.603305689312838,15.0,338.0,,,0.0,6,0.0,0.0,0.5568611111111111,0.0,-0.0,49.650000000000006,1.7875,148,5,2015,57
2015-05-29,0.0,0.5,0,0.0,1.4,8.0,5.141666666666667,12.3,8.683333333333334,-7.003013266409746,5.095099781330809,87.20833333333333,112.66666666666667,492.0,69.75,,,,,,,,306.54198002775905,0.9976550151145839,0.0,0.0,0.0,0.0,0.0,0.0,,0.0,0,0,0.0,0.0,0.0,0.0,1.8900000000000001,0.0,3.7800000000000002,0.0,0.0,0.0,0.0,,,,,-0.8034208243554529,0.5954116046836881,-0.8034208243554529,0.5954116046836881,-6.1072111527481665,4.443351600968909,16.0,339.0,,,0.0,6,0.0,0.0,0.5435833333333333,0.0,-0.0,52.1,-0.41666666666666696,149,5,2015,58
2015-05-30,0.0,0.0,0,0.0,-0.9,6.2,2.4125,14.2,8.637500000000001,-6.962136461802607,5.061579474674109,89.875,102.04166666666667,396.0,67.79166666666667,,,,,,,,307.4583665701537,0.996653132425781,0.0,0.0,0.0,0.0,0.0,0.0,,0.0,1,0,0.0,0.0,0.0,0.0,1.8900000000000001,1.0,3.7800000000000002,0.0,0.0,0.0,0.0,,,,,-0.7937954814708998,0.608184785732414,-0.7937954814708998,0.608184785732414,-6.257220145045093,4.549094552863355,17.0,340.0,,,0.0,6,0.0,0.0,0.505388888888889,0.0,-0.0,51.825,-2.7291666666666665,150,5,2015,59
2015-05-31,0.42000000000000004,5.8,5,0.14,-0.4,4.8,2.125,12.8,9.820833333333333,-7.58018035097506,6.227405372281535,92.5,74.83333333333333,334.0,82.125,,,,,,,,309.41670381317743,0.9988340187039372,2.02,10.58,11.0,98.8,-8.295679693900542,6.549079895047887,308.20032430736615,0.0,1,5,0.42000000000000004,0.4199999999999998,0.42000000000000004,0.42000000000000004,2.31,2.0,4.2,0.0,0.0,0.0,0.0,,,,,-0.7725484935251684,0.6349557662955686,-0.7858533928282407,0.6184128434794532,-7.011666824651931,5.760349969360419,0.0,341.0,1.0000000000000004,0.9999999999999994,5.376000000000001,0,0.07270877249999996,0.4199999999999998,0.4648888888888889,4.443600000000001,0.0,0.0,-0.2875000000000001,151,5,2015,60
2015-06-01,2.9400000000000004,6.4,6,1.12,-3.3,1.5,-0.7208333333333333,18.6,10.845833333333333,-7.248709705583938,-7.293755372546202,77.83333333333333,104.58333333333333,431.0,72.91666666666667,,,,,,,,228.5860070469132,0.9315325913252192,-0.01666666666666668,8.283333333333333,11.1,96.33333333333333,-6.326865998674258,-2.5824598124364275,251.97786950444888,0.041666666666666664,1,6,3.3600000000000003,3.3600000000000003,3.3600000000000003,3.3600000000000003,5.25,3.0,7.140000000000001,0.0,0.0,0.0,0.0,,,,,-0.7499495396258142,-0.6614950400532338,-0.9509370875365735,-0.30938431690610824,-5.641912387512831,-5.676972931631793,0.0,342.0,0.875,1.0,54.68400000000001,0,0.6599950364583334,3.3600000000000003,0.3625,24.353,0.0,0.0,-2.845833333333333,152,6,2015,61
2015-06-02,0.0,0.0,0,0.0,-1.8,3.7,0.26666666666666666,7.1,5.55,0.30070484303246076,-4.626143208816934,86.95833333333333,93.95833333333333,380.0,74.125,,,,,,,,173.74315965356277,0.8258289867916632,0.0,0.0,0.0,0.0,0.0,0.0,,0.0,1,0,2.9400000000000004,3.3600000000000003,3.3600000000000003,3.3600000000000003,5.25,4.0,7.140000000000001,0.0,0.0,0.0,0.0,,,,,0.10898555104976451,-0.9940433338956502,0.10898555104976451,-0.9940433338956502,0.261487919753644,-4.022817032000392,1.0,343.0,0.0,1.0,0.0,1,0.0,1.6800000000000002,0.43472222222222223,0.0,-0.0,5.55,0.9875,153,6,2015,62
2015-06-03,0.0,0.0,0,0.0,-2.9,5.8,0.5083333333333333,4.4,2.7125,-0.25310325375865855,0.7202958077696008,78.375,131.0,528.0,10.958333333333334,,,,,,,,356.7586639155907,0.40287068951098515,0.0,0.0,0.0,0.0,0.0,0.0,,0.75,1,0,0.0,2.9400000000000004,3.3600000000000003,3.3600000000000003,5.25,5.0,7.140000000000001,0.0,0.0,0.0,0.0,,,,,-0.056541816264313996,0.9984002318777437,-0.056541816264313996,0.9984002318777437,-0.19836967513334866,0.5645318393394246,2.0,344.0,0.0,0.875,0.0,2,0.0,0.9800000000000001,0.47747222222222224,0.0,-0.0,5.425,0.24166666666666664,154,6,2015,63
2015-06-04,2.17,3.7,6,0.56,-4.0,5.3,-0.39166666666666666,9.2,5.5375000000000005,-3.458556001149016,4.097654378355845,80.125,110.625,501.0,51.916666666666664,,,,,,,,322.2607346977153,0.9596124781626066,-1.1166666666666667,5.166666666666667,6.9,94.16666666666667,-4.246561539553377,2.879233818969508,304.342305278271,0.3333333333333333,1,5,2.17,2.17,5.53,5.53,7.42,6.0,9.31,0.0,0.0,0.0,0.0,,,,,-0.6120691289972977,0.790804262335813,-0.8256819806471514,0.5641358584903085,-2.771167995920649,3.2832455706576207,0.0,345.0,1.0,0.3924050632911392,19.964,3,0.5641303038194445,2.17,0.45861111111111114,11.211666666666668,0.0,16.6125,-0.8999999999999999,155,6,2015,64
2015-06-05,0.28,0.3,2,0.21,-2.2,6.2,1.0333333333333334,5.5,2.7458333333333336,-0.9494637003289079,0.7922673699511367,87.45833333333333,124.5,500.0,36.708333333333336,,,,,,,,308.996022766932,0.35579172489108435,-1.6,3.5,3.6,96.5,-2.7144739696017104,2.1736549553322333,308.5,0.4583333333333333,1,2,2.45,2.45,5.8100000000000005,5.8100000000000005,7.7,7.0,9.59,0.0,0.0,0.0,0.0,,,,,-0.7771896443706267,0.629266443315595,-0.782608156852414,0.6225146366376194,-0.8303851279126573,0.6929038373030982,0.0,346.0,0.11428571428571428,0.4216867469879518,1.54,4,0.07764750000000002,2.45,0.5123055555555555,0.9800000000000001,0.0,10.983333333333334,1.425,156,6,2015,65
2015-06-06,0.0,0.0,0,0.0,-1.7,8.8,2.308333333333333,6.1,3.2583333333333333,-1.6058748852285245,2.508413974941598,83.83333333333333,115.58333333333333,458.0,57.416666666666664,,,,,,,,330.3478531833508,0.9136760490315161,0.0,0.0,0.0,0.0,0.0,0.0,,0.16666666666666666,0,0,0.28,2.45,5.8100000000000005,5.8100000000000005,7.7,6.0,9.59,0.0,0.0,0.0,0.0,,,,,-0.49473301848775325,0.8690450163357456,-0.49473301848775325,0.8690450163357456,-1.3462584454499131,2.1028870489927063,1.0,347.0,0.0,0.4216867469879518,0.0,5,0.0,1.225,0.5520555555555555,0.0,-0.0,16.291666666666668,1.2749999999999997,157,6,2015,66
2015-06-07,0.0,0.0,0,0.0,-0.4,8.4,2.7916666666666665,11.5,8.441666666666666,-5.873162991827509,5.976838041728335,79.0,119.16666666666667,500.0,75.75,,,,,,,,316.15426204098884,0.9921830001597093,0.0,0.0,0.0,0.0,0.0,0.0,,0.0,1,0,0.0,0.28,5.390000000000001,5.8100000000000005,7.7,6.0,9.59,0.0,0.0,0.0,0.0,,,,,-0.6927191185712978,0.7212074755337775,-0.6927191185712978,0.7212074755337775,-4.639798763543732,4.721702052965385,2.0,348.0,0.0,0.051948051948051945,0.0,6,0.0,0.09333333333333334,0.5294444444444445,0.0,-0.0,50.65,0.4833333333333334,158,6,2015,67
2015-06-08,0.0,0.0,0,0.0,0.7,7.1,3.608333333333333,16.8,11.933333333333332,-8.087347077419398,8.739806967739824,91.875,97.16666666666667,425.0,89.125,,,,,,,,316.8725871609731,0.9978282403428617,0.0,0.0,0.0,0.0,0.0,0.0,,0.0,0,0,0.0,0.0,2.45,5.8100000000000005,7.7,5.0,9.59,0.0,0.0,0.0,0.0,,,,,-0.6836230374418438,0.7298352846216655,-0.6836230374418438,0.7298352846216655,-7.430250127379072,8.029697651610963,3.0,349.0,,0.0,0.0,4,0.0,0.0,0.5288055555555555,0.0,-0.0,47.73333333333333,0.8166666666666664,159,6,2015,68
2015-06-09,0.0,2.2,0,0.0,1.1,5.8,3.5666666666666664,17.1,9.620833333333334,-7.840533700510194,5.379337772539842,93.95833333333333,42.208333333333336,281.0,81.25,,,,,,,,300.33389331707303,0.977680817034559,0.0,0.0,0.0,0.0,0.0,0.0,,0.0,0,0,0.0,0.0,2.45,5.8100000000000005,7.0,4.0,9.59,0.0,0.0,0.0,0.0,,,,,-0.8630969462551473,0.5050382771286146,-0.8630969462551473,0.5050382771286146,-7.366834789437702,5.054336115448893,4.0,350.0,,0.0,0.0,5,0.0,0.0,0.47022222222222226,0.0,-0.0,48.10416666666667,-0.04166666666666652,160,6,2015,69
2015-06-10,0.0,0.0,0,0.0,-1.2,6.1,1.7416666666666665,7.0,4.308333333333334,2.534256333134858,-3.3907519004850157,84.79166666666667,110.29166666666667,436.0,15.458333333333334,,,,,,,,141.36615411342805,0.9784206235900377,0.0,0.0,0.0,0.0,0.0,0.0,,0.75,1,0,0.0,0.0,2.45,5.8100000000000005,7.0,4.0,9.59,0.0,0.0,0.0,0.0,,,,,0.6243411492910351,-0.7811517965811443,0.6243411492910351,-0.7811517965811443,2.1488381824705987,-2.8750750489529198,5.0,351.0,,0.0,0.0,6,0.0,0.0,0.4917222222222222,0.0,-0.0,25.85,-1.825,161,6,2015,70
2015-06-11,0.0,0.0,0,0.0,-0.9,9.6,3.4458333333333333,4.3,2.0500000000000003,0.5787614586394307,0.48030075646726617,73.70833333333333,122.95833333333333,498.0,2.0,,,,,,,,35.858970273992135,0.4075515412097657,0.0,0.0,0.0,0.0,0.0,0.0,,0.9583333333333334,1,0,0.0,0.0,0.28,5.8100000000000005,6.93,4.0,9.59,0.0,0.0,0.0,0.0,,,,,0.5857921325331278,0.8104613361921039,0.5857921325331278,0.8104613361921039,0.4265954251388137,0.354021682579414,6.0,352.0,,0.0,0.0,6,0.0,0.0,0.541,0.0,-0.0,12.3,1.7041666666666668,162,6,2015,71
2015-06-12,0.0,0.0,0,0.0,0.2,11.1,4.4,4.0,2.0124999999999997,0.210547754612841,1.27925665097672,65.375,123.625,501.0,13.708333333333334,,,,,,,,9.38325890684708,0.5969972588247299,0.0,0.0,0.0,0.0,0.0,0.0,,0.75,0,0,0.0,0.0,0.0,5.8100000000000005,5.8100000000000005,3.0,9.59,0.0,0.0,0.0,0.0,,,,,0.16303769152042666,0.9866198412477271,0.16303769152042666,0.9866198412477271,0.1376455945781448,0.8363140355760308,7.0,353.0,,,0.0,6,0.0,0.0,0.547,0.0,-0.0,12.075,0.954166666666667,163,6,2015,72
2015-06-13,0.0,0.0,0,0.0,0.5,9.8,4.141666666666667,5.5,3.6999999999999997,-1.5156102191011531,2.19982990988547,73.16666666666667,109.625,471.0,88.79166666666667,,,,,,,,337.1365370168882,0.5342868652462124,0.0,0.0,0.0,0.0,0.0,0.0,,0.0,0,0,0.0,0.0,0.0,5.8100000000000005,5.8100000000000005,3.0,9.59,0.0,0.0,0.0,0.0,,,,,-0.38853643919455066,0.9214333591844932,-0.38853643919455066,0.9214333591844932,-1.108921476975677,1.6095422173995357,8.0,354.0,,,0.0,6,0.0,0.0,0.5347500000000001,0.0,-0.0,22.2,-0.25833333333333375,164,6,2015,73
2015-06-14,0.0,0.0,0,0.0,0.5,10.0,4.270833333333333,4.8,2.725,0.8562191238103242,0.8729424867210481,74.625,114.83333333333333,479.0,60.916666666666664,,,,,,,,26.785389460494393,0.45885744340407736,0.0,0.0,0.0,0.0,0.0,0.0,,0.08333333333333333,0,0,0.0,0.0,0.0,5.390000000000001,5.8100000000000005,2.0,9.59,0.0,0.0,0.0,0.0,,,,,0.4506499148459007,0.8927007641138112,0.4506499148459007,0.8927007641138112,0.6389535211434544,0.6514333307155822,9.0,355.0,,,0.0,6,0.0,0.0,0.5475277777777777,0.0,-0.0,16.35,0.12916666666666643,165,6,2015,74
2015-06-15,0.0,0.2,0,0.0,-0.5,7.8,3.733333333333333,8.3,4.8625,4.697938363299822,0.7953731149688136,88.08333333333333,96.625,430.0,88.25,,,,,,,,80.52641560822127,0.9819679341964779,0.0,0.0,0.0,0.0,0.0,0.0,,0.041666666666666664,1,0,0.0,0.0,0.0,2.45,5.8100000000000005,3.0,9.59,0.0,0.0,0.0,0.0,,,,,0.9863615901522916,0.16459287187555424,0.9863615901522916,0.16459287187555424,4.138100708339927,0.7005911521016966,10.0,356.0,,,0.0,6,0.0,0.0,0.5313611111111111,0.0,-0.0,29.174999999999997,-0.5375000000000001,166,6,2015,75
2015-06-16,0.0,4.7,0,0.0,4.6,7.5,6.0,9.4,5.825,0.44355029761174575,4.516980171116706,98.125,25.25,134.0,99.54166666666667,,,,,,,,5.702219235442305,0.7534515073770283,0.0,0.0,0.0,0.0,0.0,0.0,,0.0,0,0,0.0,0.0,0.0,2.45,5.8100000000000005,3.0,9.59,0.0,0.0,0.0,0.0,,,,,0.09935829112203536,0.9950517222663899,0.09935829112203536,0.9950517222663899,0.4352337295315255,4.432286792908268,11.0,357.0,,,0.0,6,0.0,0.0,0.5105833333333333,0.0,-0.0,34.95,2.266666666666667,167,6,2015,76
2015-06-17,0.0,21.0,0,0.0,3.7,6.2,5.3500000000000005,9.4,5.308333333333334,3.07461363964751,-2.8214635002051422,99.33333333333333,11.791666666666666,45.0,100.0,,,,,,,,124.50875478516247,0.5818623476707195,0.0,0.0,0.0,0.0,0.0,0.0,,0.0,0,0,0.0,0.0,0.0,2.45,5.8100000000000005,2.0,9.59,0.0,0.0,0.0,0.0,,,,,0.824039632226923,-0.5665321566507214,0.824039632226923,-0.5665321566507214,3.054116215383193,-2.802653743537108,12.0,358.0,,,0.0,6,0.0,0.0,0.47675,0.0,-0.0,31.85,-0.6499999999999995,168,6,2015,77
2015-06-18,0.0,20.7,0,0.0,1.2,4.3,3.2416666666666667,8.1,6.966666666666666,4.415337138766066,-5.29611071757389,99.5,17.541666666666668,83.0,99.375,,,,,,,,141.0762989827558,0.9874983829180729,0.0,0.0,0.0,0.0,0.0,0.0,,0.0,0,0,0.0,0.0,0.0,0.28,5.8100000000000005,1.0,9.59,0.0,0.0,0.0,0.0,,,,,0.6282849325864145,-0.7779833182561723,0.6282849325864145,-0.7779833182561723,4.3932604530722354,-5.26963016398602,13.0,359.0,,,0.0,6,0.0,0.0,0.4389166666666667,0.0,-0.0,41.8,-2.108333333333334,169,6,2015,78
2015-06-19,0.0,0.0,0,0.0,-1.0,3.9,0.9208333333333334,9.8,6.7124999999999995,2.5406560545959906,-6.145259343698032,89.5,83.16666666666667,372.0,78.375,,,,,,,,156.86262924160545,0.9908635076482004,0.0,0.0,0.0,0.0,0.0,0.0,,0.0,1,0,0.0,0.0,0.0,0.0,5.8100000000000005,2.0,9.59,0.0,0.0,0.0,0.0,,,,,0.3929369800355057,-0.9195654026335357,0.3929369800355057,-0.9195654026335357,2.273887168863412,-5.5000071126097385,14.0,360.0,,,0.0,6,0.0,0.0,0.44044444444444447,0.0,-0.0,40.275,-2.3208333333333333,170,6,2015,79
2015-06-20,0.0,0.0,0,0.0,-3.1,5.6,0.7083333333333334,5.4,3.025,1.7828752516584325,-1.9199772896746425,77.875,118.70833333333333,507.0,25.833333333333332,,,,,,,,130.23579921123476,0.7351924489971317,0.0,0.0,0.0,0.0,0.0,0.0,,0.5833333333333334,0,0,0.0,0.0,0.0,0.0,5.8100000000000005,2.0,9.59,0.0,0.0,0.0,0.0,,,,,0.7633925885028041,-0.6459347922344704,0.7633925885028041,-0.6459347922344704,1.3884141022290044,-1.4951823143341278,15.0,361.0,,,0.0,6,0.0,0.0,0.46316666666666667,0.0,-0.0,18.15,-0.21250000000000002,171,6,2015,80
2015-06-21,0.0,0.0,0,0.0,-2.1,6.6,1.3875,6.9,3.8041666666666667,-2.2508511544093994,2.9663943287878882,74.79166666666667,123.25,503.0,0.8333333333333334,,,,,,,,325.1251438369303,0.9781692288462953,0.0,0.0,0.0,0.0,0.0,0.0,,1.0,1,0,0.0,0.0,0.0,0.0,5.8100000000000005,3.0,9.59,0.0,0.0,0.0,0.0,,,,,-0.571785900667039,0.8204028789554453,-0.571785900667039,0.8204028789554453,-1.6834490925686967,2.2186157584059414,16.0,362.0,,,0.0,6,0.0,0.0,0.4781388888888889,0.0,-0.0,22.825,0.6791666666666666,172,6,2015,81
2015-06-22,0.0,0.0,0,0.0,-2.4,7.4,1.3291666666666666,10.4,7.041666666666667,-4.960579634330808,4.903065824201543,75.08333333333333,115.45833333333333,482.0,52.0,,,,,,,,315.700698919852,0.9903878604805606,0.0,0.0,0.0,0.0,0.0,0.0,,0.4166666666666667,0,0,0.0,0.0,0.0,0.0,5.8100000000000005,2.0,9.59,0.0,0.0,0.0,0.0,,,,,-0.6984065550351373,0.7157012532362591,-0.6984065550351373,0.7157012532362591,-3.7245685421100485,3.681385256337992,17.0,363.0,,,0.0,6,0.0,0.0,0.49169444444444443,0.0,-0.0,42.25,-0.05833333333333335,173,6,2015,82
2015-06-23,0.0,0.0,0,0.0,-0.7,8.0,2.720833333333333,11.2,7.508333333333333,-5.014122392674278,5.539142042805973,84.25,99.20833333333333,423.0,63.958333333333336,,,,,,,,318.78380178242776,0.9944154198402281,0.0,0.0,0.0,0.0,0.0,0.0,,0.16666666666666666,1,0,0.0,0.0,0.0,0.0,5.8100000000000005,3.0,9.59,0.0,0.0,0.0,0.0,,,,,-0.6589021506890436,0.7522286592634935,-0.6589021506890436,0.7522286592634935,-4.2243981158280794,4.666727171064032,18.0,364.0,,,0.0,6,0.0,0.0,0.52475,0.0,-0.0,45.05,1.3916666666666666,174,6,2015,83
2015-06-24,0.0,1.9000000000000001,0,0.0,1.6,6.4,4.029166666666667,7.4,4.995833333333334,-3.223134824411883,3.6418546883904086,97.08333333333333,31.958333333333332,143.0,90.83333333333333,,,,,,,,318.7827797109815,0.9617528971690636,0.0,0.0,0.0,0.0,0.0,0.0,,0.0,0,0,0.0,0.0,0.0,0.0,5.8100000000000005,3.0,9.59,0.0,0.0,0.0,0.0,,,,,-0.6589155692241176,0.7522169053099359,-0.6589155692241176,0.7522169053099359,-3.1291267253665365,3.5356339266456884,19.0,365.0,,,0.0,6,0.0,0.0,0.48713888888888884,0.0,-0.0,29.975,1.3083333333333336,175,6,2015,84
2015-06-25,0.0,0.0,0,0.0,1.1,7.5,3.654166666666667,6.6,3.454166666666666,-1.2261198725170597,-1.410089976438007,88.20833333333333,78.04166666666667,366.0,57.875,,,,,,,,238.47982113061573,0.3413737235503191,0.0,0.0,0.0,0.0,0.0,0.0,,0.125,0,0,0.0,0.0,0.0,0.0,5.8100000000000005,3.0,9.59,0.0,0.0,0.0,0.0,,,,,-0.8524560939057507,-0.5227988216923886,-0.8524560939057507,-0.5227988216923886,-1.0815399042160896,-1.2438168667163587,20.0,366.0,,,0.0,6,0.0,0.0,0.5127222222222222,0.0,-0.0,20.724999999999998,-0.375,176,6,2015,85
2015-06-26,0.0,0.0,0,0.0,-0.0,9.4,3.5875,6.5,4.1125,-1.4550439871823702,1.5790163437277585,84.20833333333333,118.95833333333333,494.0,11.75,,,,,,,,347.4596642074389,0.32784546506058004,0.0,0.0,0.0,0.0,0.0,0.0,,0.7916666666666666,0,0,0.0,0.0,0.0,0.0,5.8100000000000005,2.0,9.59,0.0,0.0,0.0,0.0,,,,,-0.21712686520309893,0.9761433933634317,-0.21712686520309893,0.9761433933634317,-1.2252682908731543,1.3296633461140832,21.0,367.0,,,0.0,6,0.0,0.0,0.5688888888888889,0.0,-0.0,24.674999999999997,-0.06666666666666687,177,6,2015,86
2015-06-27,0.0,0.0,0,0.0,0.5,9.2,3.341666666666667,6.6,5.479166666666667,-4.208732382178151,3.3894776507602233,86.08333333333333,113.125,467.0,44.458333333333336,,,,,,,,310.2870666142782,0.9835886088098305,0.0,0.0,0.0,0.0,0.0,0.0,,0.25,0,0,0.0,0.0,0.0,0.0,5.8100000000000005,2.0,9.59,0.0,0.0,0.0,0.0,,,,,-0.7628143102270873,0.6466176057862738,-0.7628143102270873,0.6466176057862738,-3.623017125658358,2.9177753443627585,22.0,368.0,,,0.0,6,0.0,0.0,0.5668055555555556,0.0,-0.0,32.875,-0.24583333333333313,178,6,2015,87
2015-06-28,0.0,0.0,0,0.0,0.3,8.9,3.779166666666667,3.7,2.0,0.5877230841621603,0.15335109195159097,69.58333333333333,108.79166666666667,465.0,67.75,,,,,,,,55.83648392717853,0.3485270739850405,0.0,0.0,0.0,0.0,0.0,0.0,,0.041666666666666664,0,0,0.0,0.0,0.0,0.0,5.8100000000000005,1.0,9.59,0.0,0.0,0.0,0.0,,,,,0.8274383213997577,0.5615566082588213,0.8274383213997577,0.5615566082588213,0.4089573127295032,0.10670680148298205,23.0,369.0,,,0.0,6,0.0,0.0,0.50225,0.0,-0.0,12.0,0.4375,179,6,2015,88
2015-06-29,0.0,0.0,0,0.0,-0.8,9.6,3.733333333333333,3.6,2.0791666666666666,1.079729368383909,1.0363538305909146,71.75,123.625,505.0,2.0,,,,,,,,37.45140408956816,0.5842196925261414,0.0,0.0,0.0,0.0,0.0,0.0,,1.0,1,0,0.0,0.0,0.0,0.0,5.8100000000000005,2.0,9.59,0.0,0.0,0.0,0.0,,,,,0.608088320635946,0.7938693811365665,0.608088320635946,0.7938693811365665,0.7747058218154548,0.7435838734489812,24.0,370.0,,,0.0,6,0.0,0.0,0.5349166666666667,0.0,-0.0,12.475,-0.04583333333333384,180,6,2015,89
2015-06-30,0.0,0.0,0,0.0,-1.1,5.6,1.5999999999999999,5.4,3.966666666666667,-2.545509996150112,2.4516690089461255,81.33333333333333,93.54166666666667,411.0,44.916666666666664,,,,,,,,311.80764706690144,0.8781069355722592,0.0,0.0,0.0,0.0,0.0,0.0,,0.25,1,0,0.0,0.0,0.0,0.0,5.39,2.0,9.59,0.0,0.0,0.0,0.0,,,,,-0.7453870332904559,0.6666319603817784,-0.7453870332904559,0.6666319603817784,-2.070348130202091,1.9940241272761818,25.0,371.0,,,0.0,6,0.0,0.0,0.4579166666666666,0.0,-0.0,23.8,-2.133333333333333,181,6,2015,90
2015-07-01,0.0,0.0,0,0.0,-1.6,6.5,1.4249999999999998,7.9,4.1375,-3.3816322490378194,1.7879105473241068,86.75,113.20833333333333,469.0,68.375,,,,,,,,283.3976206638405,0.54218258194677,0.0,0.0,0.0,0.0,0.0,0.0,,0.16666666666666666,1,0,0.0,0.0,0.0,0.0,2.45,3.0,9.59,0.0,0.0,0.0,0.0,,,,,-0.9727855012237361,0.23170750658725867,-0.9727855012237361,0.23170750658725867,-2.933565976040308,1.5510123998036627,26.0,372.0,,,0.0,6,0.0,0.0,0.5090833333333333,0.0,-0.0,24.825000000000003,-0.17500000000000004,182,7,2015,91
2015-07-02,1.54,4.0,9,0.28,-1.9,2.3,0.13333333333333333,11.3,8.470833333333333,-6.479627246673299,1.222156778875394,92.5,57.5,271.0,75.08333333333333,,,,,,,,273.4361407144863,0.7278932914319838,1.1888888888888889,10.377777777777778,11.3,91.77777777777777,-8.868467035205889,4.218992910081323,294.8612758834539,0.0,1,9,1.54,1.54,1.54,1.54,3.99,4.0,11.13,0.0,0.0,0.0,0.0,,,,,-0.998202220392333,0.05993602592611849,-0.9073283697733366,0.4204226794601586,-5.9936552031728025,1.1304950204597395,0.0,373.0,1.0,1.0,17.402,0,0.29522239660493826,1.54,0.3977777777777778,15.98177777777778,0.0,0.0,-1.2916666666666665,183,7,2015,92
2015-07-03,0.0,0.0,0,0.0,-2.8,5.0,0.033333333333333326,6.0,3.3375,-1.296302238626658,0.2989750596101139,83.04166666666667,112.5,455.0,45.25,,,,,,,,247.37078246202023,0.20437183796317712,0.0,0.0,0.0,0.0,0.0,0.0,,0.25,1,0,1.54,1.54,1.54,1.54,3.99,5.0,11.13,0.0,0.0,0.0,0.0,,,,,-0.9230141286686493,-0.38476605655651863,-0.9230141286686493,-0.38476605655651863,-1.0764709839928874,0.24827387241789875,1.0,374.0,0.0,1.0,0.0,1,0.0,0.77,0.46291666666666664,0.0,-0.0,3.3375,-0.1,184,7,2015,93
2015-07-04,0.0,0.0,0,0.0,-2.3,4.8,0.04999999999999999,7.4,5.533333333333334,-4.59757984385709,2.87384014553467,86.58333333333333,110.41666666666667,458.0,59.25,,,,,,,,303.2507258223344,0.9798926009081255,0.0,0.0,0.0,0.0,0.0,0.0,,0.0,1,0,0.0,1.54,1.54,1.54,1.82,6.0,11.13,0.0,0.0,0.0,0.0,,,,,-0.8362792100077716,0.5483038235401768,-0.8362792100077716,0.5483038235401768,-3.9807378814729297,2.4882665926754353,2.0,375.0,0.0,1.0,0.0,2,0.0,0.5133333333333333,0.4688888888888889,0.0,-0.0,11.066666666666668,0.016666666666666663,185,7,2015,94
2015-07-05,0.0,0.0,0,0.0,-2.0,6.3,0.7291666666666666,7.2,5.429166666666667,-4.0145370469647945,3.466689284087197,87.625,109.125,468.0,64.58333333333333,,,,,,,,312.06405528176106,0.977387648081011,0.0,0.0,0.0,0.0,0.0,0.0,,0.041666666666666664,1,0,0.0,0.0,1.54,1.54,1.54,7.0,11.13,0.0,0.0,0.0,0.0,,,,,-0.7423962895452313,0.6699610057827793,-0.7423962895452313,0.6699610057827793,-3.5177380874029014,3.0376864851814065,3.0,376.0,,0.0,0.0,3,0.0,0.0,0.5048333333333334,0.0,-0.0,16.2875,0.6791666666666667,186,7,2015,95
2015-07-06,0.63,1.4,4,0.21,-2.3,4.8,-0.07916666666666668,6.0,5.116666666666666,-4.443390448176316,2.3538289186305814,90.70833333333333,91.5,463.0,84.875,,,,,,,,297.7894197252789,0.9831600513826615,-0.475,5.725,6.0,98.5,-4.866519202500558,2.987881431714409,301.75288447238415,0.0,1,4,0.63,0.63,2.17,2.17,2.17,7.0,11.76,0.0,0.0,0.0,0.0,,,,,-0.8846670833833538,0.46622328510917405,-0.8503257324461128,0.5262567327265104,-4.030525419033266,2.1351189816078233,0.0,377.0,1.0,0.2903225806451613,3.7800000000000002,4,0.15317477929687506,0.63,0.4700277777777777,3.60675,0.0,20.466666666666665,-0.8083333333333333,187,7,2015,96
2015-07-07,0.0,0.2,0,0.0,-1.4,3.8,0.8541666666666666,5.6,3.154166666666667,1.2159976879379628,-1.5579690935211976,92.83333333333333,67.25,247.0,82.54166666666667,,,,,,,,143.04916762301016,0.32029762950823204,0.0,0.0,0.0,0.0,0.0,0.0,,0.0,1,0,0.63,0.63,2.17,2.17,2.17,7.0,11.76,0.0,0.0,0.0,0.0,,,,,0.6011294630418619,-0.7991516556092485,0.6011294630418619,-0.7991516556092485,1.1288511869690754,-1.446314641818845,1.0,378.0,0.0,0.2903225806451613,0.0,5,0.0,0.315,0.4387222222222222,0.0,-0.0,15.770833333333334,0.9333333333333333,188,7,2015,97
2015-07-08,0.0,0.0,0,0.0,-2.0,5.8,1.3375000000000001,4.7,2.4541666666666666,-0.1658982858352917,1.1953312007165242,84.91666666666667,113.875,495.0,44.0,,,,,,,,359.5523533744616,0.5348850652620919,0.0,0.0,0.0,0.0,0.0,0.0,,0.25,1,0,0.0,0.63,2.17,2.17,2.17,7.0,11.76,0.0,0.0,0.0,0.0,,,,,-0.00781282801603364,0.9999694793934423,-0.00781282801603364,0.9999694793934423,-0.14087529438846855,1.0150354112751152,2.0,379.0,0.0,0.2903225806451613,0.0,6,0.0,0.21,0.4878611111111111,0.0,-0.0,14.725,0.4833333333333335,189,7,2015,98
2015-07-09,0.0,0.0,0,0.0,-2.3,5.8,0.9208333333333334,7.9,4.116666666666666,-0.919535018100854,3.693980652791625,79.41666666666667,122.83333333333333,492.0,18.208333333333332,,,,,,,,347.7893318317321,0.9314027196630907,0.0,0.0,0.0,0.0,0.0,0.0,,0.625,1,0,0.0,0.0,0.63,2.17,2.17,7.0,11.76,0.0,0.0,0.0,0.0,,,,,-0.21150678241269974,0.9773765297946472,-0.21150678241269974,0.9773765297946472,-0.7302640602084283,2.9336363017586824,3.0,380.0,,0.0,0.0,3,0.0,0.0,0.4755,0.0,-0.0,12.349999999999998,-0.41666666666666674,190,7,2015,99
2015-07-10,0.98,6.6,4,0.42,-1.1,3.4,0.5791666666666666,12.0,7.858333333333333,-3.5162737308527396,6.624386157654032,94.125,58.0,268.0,72.25,,,,,,,,335.26489054626387,0.9555490913098824,0.975,8.875,10.5,98.5,-4.7907527873016935,7.371007389982616,327.9720802269365,0.0,1,4,0.98,0.98,1.6099999999999999,3.15,3.15,7.0,12.74,0.0,0.0,0.0,0.0,,,,,-0.41842370692591807,0.9082519482403401,-0.5303324483256211,0.8477897700803853,-3.3096926491651413,6.235203470891857,0.0,381.0,1.0,0.6086956521739131,11.76,0,0.19658283203124996,0.98,0.42797222222222225,8.6975,0.0,0.0,-0.3416666666666668,191,7,2015,100
2015-07-11,3.5,14.3,4,1.4,-0.2,4.8,1.633333333333333,11.4,8.316666666666666,-0.6422656814620377,7.711711460956187,97.66666666666667,59.5,270.0,90.41666666666667,,,,,,,,358.23207676862995,0.9154884673878602,0.22499999999999998,4.95,6.7,98.75,1.5270864168656186,3.8618272515613477,17.914878873247975,0.0,1,4,4.48,4.48,5.109999999999999,6.65,6.65,7.0,16.240000000000002,0.0,0.0,0.0,0.0,,,,,-0.0308511852087046,0.9995239888923217,0.3076037225376061,0.9515145557904028,-0.6272794822279235,7.53177152686721,0.0,382.0,0.7812499999999999,0.8767123287671235,39.9,0,0.8023900390625001,4.48,0.47188888888888886,17.325,0.0,0.0,1.0541666666666665,192,7,2015,101
2015-07-12,9.03,14.2,24,1.75,-2.1,1.1,-0.7833333333333333,8.6,6.8875,-6.0880102813793,2.9858042666027997,93.79166666666667,64.91666666666667,333.0,98.33333333333333,,,,,,,,296.98117289764576,0.9831545946845377,-0.7833333333333333,6.8875,8.6,93.79166666666667,-6.0880102813793,2.9858042666027997,296.98117289764576,0.0,1,24,12.53,13.51,14.139999999999999,15.68,15.68,7.0,25.27,0.0,0.0,0.0,0.0,,,,,-0.8911556550567089,0.45369769501337354,-0.8911556550567089,0.45369769501337354,-5.710046309743668,2.8004355850512095,0.0,383.0,0.6683937823834196,0.9554455445544555,77.65799999999999,0,2.224756255859375,13.51,0.38036111111111115,62.194125,0.0,0.0,-2.4166666666666665,193,7,2015,102
2015-07-13,4.0600000000000005,9.7,14,0.84,-1.9,2.8,0.5083333333333334,13.7,9.791666666666666,-8.66709435250127,-1.4124255055035737,93.33333333333333,84.91666666666667,343.0,88.79166666666667,,,,,,,,265.2825533798424,0.8910076977089184,-0.45714285714285713,8.7,11.2,97.92857142857143,-7.613839365686479,0.4863824779084761,277.3034834006524,0.0,1,8,13.09,16.59,17.57,19.740000000000002,19.740000000000002,7.0,29.33,0.0,0.0,0.0,0.0,,,,,-0.9966123902589394,-0.0822419818727839,-0.9918867156339516,0.1271249123849939,-8.089288062334518,-1.3182638051366686,0.0,384.0,0.2447257383966245,0.944223107569721,55.62200000000001,1,0.9459727499999997,16.59,0.4299444444444444,35.322,0.0,9.791666666666666,1.2916666666666667,194,7,2015,103
2015-07-14,1.19,2.6,11,0.35,-3.6,1.6,-0.8916666666666666,11.2,8.329166666666667,-6.777871256435959,4.606635022436181,93.0,87.5,414.0,96.54166666666667,,,,,,,,303.49974343135284,0.9831312230364876,-1.3909090909090909,8.090909090909092,10.4,97.0,-6.4447262777621255,4.670511026934516,304.9158231725741,0.0,1,6,5.25,14.28,18.759999999999998,20.93,20.93,7.0,30.52,0.0,0.0,0.0,0.0,,,,,-0.8338882936147727,0.5519332511927892,-0.819993837099941,0.5723723500642877,-6.303420268485442,4.284170570865648,0.0,385.0,0.08333333333333333,0.7611940298507464,13.328,2,0.30460650051652893,14.28,0.4038888888888889,9.628181818181819,0.0,16.658333333333335,-1.4,195,7,2015,104
2015-07-15,3.64,7.0,23,0.49,-4.2,0.8,-1.3499999999999999,7.9,4.945833333333334,2.089232697011666,0.09783749381074869,95.16666666666667,49.5,243.0,97.875,,,,,,,,80.31147056861693,0.4778639636537338,-1.2391304347826086,4.904347826086957,7.9,95.17391304347827,2.337999453595712,-0.10005059107920397,84.52742374852812,0.0,1,23,4.83,8.89,22.4,24.57,24.57,7.0,34.16,0.0,0.0,0.0,0.0,,,,,0.9857371807724894,0.16829203915427665,0.9954419594506724,0.09536931039388893,1.9882531166561024,0.09310868160989584,0.0,386.0,0.4094488188976378,0.39687500000000003,28.756000000000004,3,0.9600611814744803,8.89,0.36800000000000005,17.85182608695652,0.0,14.837500000000002,-0.45833333333333326,196,7,2015,105
2015-07-16,3.1500000000000004,6.0,24,0.28,-1.1,1.5,-0.029166666666666688,13.0,9.958333333333334,4.143983975463763,-8.804092378873282,96.375,54.5,237.0,99.29166666666667,,,,,,,,152.46800696676877,0.9751768141274144,-0.029166666666666688,9.958333333333334,13.0,96.375,4.143983975463763,-8.804092378873282,152.46800696676877,0.0,1,24,6.790000000000001,7.98,25.549999999999997,26.18,27.72,7.0,37.31,0.0,0.0,0.0,0.0,,,,,0.46224383367535504,-0.8867528619796559,0.46224383367535504,-0.8867528619796559,3.993764556353201,-8.484944030139125,0.0,387.0,0.39473684210526316,0.3123287671232877,40.95,4,0.6914836181640626,7.98,0.39091666666666663,31.368750000000006,0.0,39.833333333333336,1.320833333333333,197,7,2015,106
2015-07-17,0.56,0.4,8,0.07,-2.5,1.8,-0.46666666666666673,16.9,9.741666666666667,-1.633136435958221,-9.137397041898025,90.5,99.83333333333333,484.0,88.91666666666667,,,,,,,,193.18782121858968,0.9442210322881341,-0.6375000000000001,8.125,12.3,95.875,-0.3946536756120067,-7.601956228426669,191.11656562007246,0.0,1,3,3.7100000000000004,7.350000000000001,25.13,26.740000000000002,28.28,7.0,37.87,0.0,0.0,0.0,0.0,,,,,-0.22814392118311722,-0.9736274191019846,-0.1928056743368236,-0.9812369601393552,-1.47798847454219,-8.269344322917712,0.0,388.0,0.07619047619047618,0.2924791086350976,9.464,5,0.13379980468749997,7.350000000000001,0.40822222222222226,4.550000000000001,0.0,48.708333333333336,-0.43750000000000006,198,7,2015,107
2015-07-18,0.6300000000000001,0.6000000000000001,7,0.14,-2.9,1.9,-0.6791666666666667,7.2,5.495833333333334,3.2161083152745995,-4.0603436386660965,89.91666666666667,97.625,372.0,71.29166666666667,,,,,,,,139.40316191082493,0.9261016735219271,-1.1285714285714286,6.185714285714285,7.2,97.28571428571429,2.0753356468766464,-5.708398793106265,161.72400945083047,0.0,1,7,1.1900000000000002,4.340000000000001,22.259999999999998,27.37,28.91,7.0,38.5,0.0,0.0,0.0,0.0,,,,,0.6507323153149132,-0.7593072196449158,0.3135945773908204,-0.9495569709243742,2.891817393484411,-3.6509256551005986,0.0,389.0,0.14516129032258066,0.19496855345911954,4.536000000000001,6,0.1617224866071429,4.340000000000001,0.40702777777777777,3.8970000000000002,0.0,32.975,-0.21249999999999997,199,7,2015,108
2015-07-19,0.0,0.0,0,0.0,-8.9,4.2,-1.9000000000000001,6.0,3.15,-0.7209271872019861,1.8853588373192833,85.625,139.41666666666666,553.0,17.291666666666668,,,,,,,,347.42649972879974,0.6193245083644857,0.0,0.0,0.0,0.0,0.0,0.0,,0.7083333333333334,1,0,0.6300000000000001,1.1900000000000002,13.23,27.37,28.91,7.0,38.5,0.0,0.0,0.0,0.0,,,,,-0.21769184924100574,0.9760175504436542,-0.21769184924100574,0.9760175504436542,-0.6172939040417006,1.6143385044546363,1.0,390.0,0.0,0.08994708994708996,0.0,6,0.0,0.5950000000000001,0.4716944444444444,0.0,-0.0,18.9,-1.2208333333333334,200,7,2015,109
2015-07-20,0.0,0.0,0,0.0,-6.9,4.9,-1.6375,6.9,4.8125,-2.0621502250446757,4.009431651158769,85.625,134.625,544.0,3.9166666666666665,,,,,,,,333.8722268007348,0.930587019357908,0.0,0.0,0.0,0.0,0.0,0.0,,1.0,1,0,0.0,0.6300000000000001,9.17,26.74,28.91,7.0,38.5,0.0,0.0,0.0,0.0,,,,,-0.44037442244656577,0.8978142168928122,-0.44037442244656577,0.8978142168928122,-1.7657161301945035,3.4330758513046957,2.0,391.0,0.0,0.0687022900763359,0.0,5,0.0,0.21000000000000005,0.4840555555555555,0.0,-0.0,24.0625,0.2625000000000002,201,7,2015,110
2015-07-21,0.0,0.0,0,0.0,-4.0,5.0,-0.10000000000000003,13.5,8.795833333333333,-3.993837625516124,7.697348761417396,83.83333333333333,133.58333333333334,540.0,32.791666666666664,,,,,,,,333.9179580252521,0.9860742962769468,0.0,0.0,0.0,0.0,0.0,0.0,,0.6666666666666666,1,0,0.0,0.0,7.980000000000001,26.74,28.91,7.0,38.5,0.0,0.0,0.0,0.0,,,,,-0.43965768246086234,0.8981654203169612,-0.43965768246086234,0.8981654203169612,-3.3481672093910166,6.45294404498825,3.0,392.0,,0.0,0.0,6,0.0,0.0,0.47961111111111104,0.0,-0.0,52.77499999999999,1.5374999999999999,202,7,2015,111
2015-07-22,0.42000000000000004,10.5,3,0.21,0.1,3.4,1.9541666666666666,13.3,8.6125,-2.9456318499610865,7.992828868052231,94.875,45.833333333333336,165.0,98.58333333333333,,,,,,,,336.60947855156786,0.9825916950134861,2.9,10.333333333333334,10.6,96.33333333333333,-3.8173658008811473,9.597396457385678,338.3334650015942,0.0,0,3,0.42000000000000004,0.42000000000000004,4.760000000000001,27.16,29.330000000000002,6.0,38.92,0.0,0.0,0.0,0.0,,,,,-0.396996059279045,0.9178203140685594,-0.3692040116295827,0.9293483726765883,-2.7946682176505804,7.583196388564554,0.0,393.0,1.0,0.08823529411764705,5.586000000000001,6,0.06492062500000001,0.42000000000000004,0.42236111111111113,4.340000000000001,0.0,51.675000000000004,2.0541666666666667,203,7,2015,112
2015-07-23,0.0,0.0,0,0.0,-1.4,5.7,1.8333333333333333,5.2,3.4291666666666667,1.7691565763110848,1.8531276191135893,89.95833333333333,101.79166666666667,452.0,77.75,,,,,,,,41.6701404230963,0.7521906969885056,0.0,0.0,0.0,0.0,0.0,0.0,,0.0,0,0,0.42000000000000004,0.42000000000000004,1.6100000000000003,27.16,29.330000000000002,5.0,38.92,0.0,0.0,0.0,0.0,,,,,0.6648411553919794,0.7469847643004895,0.6648411553919794,0.7469847643004895,1.5915037701065133,1.6670427206942662,1.0,394.0,0.0,0.2608695652173913,0.0,5,0.0,0.21000000000000002,0.4943888888888888,0.0,-0.0,17.145833333333332,-0.12083333333333335,204,7,2015,113
2015-07-24,0.0,6.7,0,0.0,-1.4,5.5,1.825,14.5,8.804166666666667,-4.291667029024259,7.5442192782532755,92.66666666666667,95.875,485.0,94.5,,,,,,,,331.93539981150934,0.987008495107434,0.0,0.0,0.0,0.0,0.0,0.0,,0.0,1,0,0.0,0.42000000000000004,1.0500000000000003,26.180000000000003,29.330000000000002,5.0,38.92,0.0,0.0,0.0,0.0,,,,,-0.4704667752109165,0.8824177091506272,-0.4704667752109165,0.8824177091506272,-3.9769447802291467,6.990976531181369,2.0,395.0,0.0,0.3999999999999999,0.0,6,0.0,0.14,0.4950277777777778,0.0,-0.0,52.825,-0.008333333333333304,205,7,2015,114
2015-07-25,1.8900000000000001,7.7,11,0.42,-0.1,3.3,1.0999999999999999,18.4,15.141666666666666,-11.14461700613846,10.206118801546573,91.54166666666667,96.5,394.0,73.79166666666667,,,,,,,,312.62420292910963,0.9980367040256964,0.8818181818181817,14.954545454545455,15.9,96.27272727272727,-10.961188866784205,10.109031141261593,312.7255475775039,0.0,1,11,1.8900000000000001,1.8900000000000001,2.3100000000000005,24.570000000000004,31.220000000000002,5.0,40.81,0.0,0.0,0.0,0.0,,,,,-0.7358110949642115,0.677186852004355,-0.7346121379332259,0.6784872930285247,-10.201968151035917,9.342851252915759,0.0,396.0,1.0,0.818181818181818,34.775999999999996,0,0.35029749096074375,1.8900000000000001,0.4428055555555556,28.26409090909091,0.0,0.0,-0.7250000000000001,206,7,2015,115
2015-07-26,4.06,11.6,21,0.42,-3.9,1.4,-0.4583333333333333,18.1,15.345833333333333,-11.491181908579875,9.797142237572837,94.25,77.29166666666667,395.0,78.08333333333333,,,,,,,,309.6672282770347,0.9838860584193689,-0.5666666666666667,15.257142857142856,18.1,94.04761904761905,-11.626950516052538,9.486390058043517,308.3668622168283,0.0,0,21,5.949999999999999,5.949999999999999,6.37,19.6,35.28,4.0,44.870000000000005,0.0,0.0,0.0,0.0,,,,,-0.7697647880527508,0.6383276361509845,-0.7840525753879083,0.6206944167846111,-10.830438948836534,9.233806558912399,0.0,397.0,0.6823529411764706,0.934065934065934,73.486,0,0.8679724166666666,5.949999999999999,0.3968055555555556,61.94399999999999,0.0,0.0,-1.5583333333333331,207,7,2015,116
2015-07-27,0.9100000000000001,0.9,13,0.07,-4.1,0.9,-1.8499999999999999,12.0,9.083333333333334,-8.206756175944331,3.0092948463670606,89.16666666666667,80.625,319.0,87.45833333333333,,,,,,,,292.05171635292385,0.9669381532775955,-1.8615384615384616,9.930769230769231,12.0,86.6923076923077,-9.089331778415636,2.520834864823127,287.3476972430443,0.0,1,5,4.97,6.86,7.28,16.450000000000003,36.19,4.0,45.78,0.0,0.0,0.0,0.0,,,,,-0.9268453492717861,0.3754433359819573,-0.95451291186899,0.2981695844236661,-7.317690923550362,2.6832879046772957,0.0,398.0,0.1326530612244898,0.9423076923076923,10.920000000000002,1,0.23635227403846157,6.86,0.37097222222222226,9.037,0.0,9.083333333333334,-1.3916666666666666,208,7,2015,117
2015-07-28,0.0,0.0,0,0.0,-1.2,3.4,0.5624999999999999,7.0,4.520833333333333,-3.8081186423215647,1.6431469276449013,93.33333333333333,65.16666666666667,278.0,91.70833333333333,,,,,,,,301.843945940573,0.8809723083344256,0.0,0.0,0.0,0.0,0.0,0.0,,0.0,1,0,0.910000000000001,4.970000000000001,7.28,15.260000000000002,36.19,4.0,45.78,0.0,0.0,0.0,0.0,,,,,-0.8494882672247226,0.527607509278951,-0.8494882672247226,0.527607509278951,-3.5542440661667936,1.5336037991352414,1.0,399.0,0.0,0.6826923076923077,0.0,2,0.0,2.4850000000000003,0.4301111111111111,0.0,-0.0,9.041666666666666,2.4124999999999996,209,7,2015,118
2015-07-29,0.0,0.0,0,0.0,-3.2,5.8,0.8333333333333334,7.2,4.25,-1.5621230142864053,3.0314321873084964,88.125,142.58333333333334,580.0,74.875,,,,,,,,352.1109872842676,0.6805838661287037,0.0,0.0,0.0,0.0,0.0,0.0,,0.20833333333333334,1,0,0.0,0.9100000000000001,6.86,11.620000000000001,36.19,5.0,45.78,0.0,0.0,0.0,0.0,,,,,-0.13725459917083666,0.9905358019811565,-0.13725459917083666,0.9905358019811565,-1.3766209063398946,2.671449615065612,2.0,400.0,0.0,0.1326530612244898,0.0,3,0.0,0.3033333333333334,0.5176944444444445,0.0,-0.0,12.75,0.2708333333333335,210,7,2015,119
2015-07-30,0.0,0.0,0,0.0,-3.0,4.4,0.6583333333333333,14.6,10.575000000000001,-7.517634554246651,7.4147376982033615,88.25,120.70833333333333,505.0,70.125,,,,,,,,315.0829067783727,0.9983647768648692,0.0,0.0,0.0,0.0,0.0,0.0,,0.0,0,0,0.0,0.0,6.86,8.47,36.19,5.0,45.78,0.0,0.0,0.0,0.0,,,,,-0.7060828604101551,0.7081292214243199,-0.7060828604101551,0.7081292214243199,-6.63431249412267,6.543506018664466,3.0,401.0,,0.0,0.0,4,0.0,0.0,0.4724166666666667,0.0,-0.0,42.300000000000004,-0.17500000000000004,211,7,2015,120
2015-07-31,0.28,0.7000000000000001,4,0.07,-2.4,5.6,1.7708333333333333,12.5,7.4624999999999995,-4.9980426700670435,5.439933776156412,87.16666666666667,126.16666666666667,524.0,59.708333333333336,,,,,,,,317.71028917937304,0.9893749729415586,0.75,7.525,8.7,98.0,-6.023477637210812,4.5089683961452725,306.7499857200616,0.2916666666666667,0,4,0.2800000000000009,0.28,7.140000000000001,8.19,36.47,4.0,46.06,0.0,0.0,0.0,0.0,,,,,-0.6728796796640161,0.7397519426775783,-0.8012539618126379,0.5983244008725968,-4.356627194075106,4.741808941549673,0.0,402.0,1.0,0.0392156862745098,3.5000000000000004,5,0.05865945312499998,0.28,0.49911111111111106,2.107,0.0,37.3125,1.1124999999999998,212,7,2015,121
2015-08-01,0.14,14.0,2,0.07,-2.4,4.4,2.3458333333333337,17.1,10.7875,-7.408368233329199,7.7532034829910685,97.04166666666667,46.875,220.0,97.33333333333333,,,,,,,,316.1250493310985,0.99428139808404,2.8,7.15,7.7,98.0,-5.5652883284172265,4.481982634804058,309.0,0.0,0,1,0.42000000000000093,0.42000000000000004,5.39,7.7,35.07,3.0,46.2,0.0,0.0,0.0,0.0,,,,,-0.6930867418975741,0.720854193444004,-0.7771459614569708,0.6293203910498375,-7.189204006426544,7.523837879952583,0.0,403.0,0.3333333333333333,0.07792207792207793,2.3940000000000006,6,0.02294775000000001,0.42000000000000004,0.45249999999999996,1.0010000000000001,0.0,64.725,0.5750000000000004,213,8,2015,122
2015-08-02,1.05,12.7,8,0.28,-0.8,4.1,1.8666666666666665,16.3,11.3375,-7.815216176846607,7.907939884735619,96.45833333333333,43.166666666666664,245.0,92.83333333333333,,,,,,,,316.38379630411066,0.9781423784455454,0.7124999999999999,13.425,16.3,96.375,-10.02243137197389,8.744311949496279,310.2681300611755,0.0,1,5,1.1900000000000008,1.4700000000000002,2.3800000000000012,8.75,36.120000000000005,4.0,47.25,0.0,0.0,0.0,0.0,,,,,-0.6898243176379667,0.7239768026638103,-0.7630279790422123,0.6463654563780131,-7.5384272705832895,7.627867013817898,0.0,404.0,0.7142857142857142,0.6176470588235292,17.115000000000002,0,0.2028847119140625,1.4700000000000002,0.4414166666666666,14.096250000000001,0.0,0.0,-0.4791666666666672,214,8,2015,123
2015-08-03,1.8900000000000001,6.6,14,0.21,-3.7,1.7,-0.29583333333333334,18.8,13.299999999999999,-11.47343794922738,5.270225989175985,89.625,107.70833333333333,451.0,74.0,,,,,,,,287.6986500750373,0.9374731656552437,0.5142857142857143,16.914285714285715,18.8,93.07142857142857,-13.808425427793665,9.35948175536491,303.5552990405762,0.0,1,14,2.9400000000000013,3.08,3.360000000000001,10.64,38.010000000000005,4.0,49.14,0.0,0.0,0.0,0.0,,,,,-0.9526686442012264,0.3040106155314269,-0.8333527315970561,0.5527415532956834,-10.28306876199504,4.723440042798976,0.0,405.0,0.6136363636363636,0.9166666666666664,35.532000000000004,0,0.35343771428571424,3.08,0.4083333333333334,31.968000000000004,0.0,0.0,-2.1624999999999996,215,8,2015,124
2015-08-04,0.35000000000000003,0.2,4,0.14,-7.0,1.7,-2.9291666666666667,10.8,5.695833333333333,-4.499770846756193,3.0072306532265185,80.875,147.125,579.0,60.75,,,,,,,,314.7404854647368,0.8561643593729339,-3.425,8.45,8.7,92.25,-6.755156724441486,5.048764293232223,306.74907067157034,0.041666666666666664,1,4,2.240000000000001,3.29,3.7100000000000013,10.99,38.36,4.0,49.49,0.0,0.0,0.0,0.0,,,,,-0.7103022744927522,0.703896781389447,-0.8012635173155078,0.5983116042825686,-3.639189672314071,2.4320977907969468,0.0,406.0,0.10638297872340427,0.8867924528301884,3.7800000000000007,1,0.10506111328125003,3.29,0.40544444444444444,2.9575,0.0,5.695833333333333,-2.6333333333333333,216,8,2015,125
2015-08-05,4.34,7.1,17,0.49,-3.6,0.4,-1.8333333333333333,10.6,9.075000000000001,-7.235863935866092,5.149703020894195,92.20833333333333,88.66666666666667,325.0,88.83333333333333,,,,,,,,304.4543717479221,0.9785370886431999,-1.6941176470588235,9.799999999999999,10.6,90.58823529411765,-7.437537936145021,6.115118773545821,309.3414960716905,0.0,1,17,4.690000000000001,6.58,8.05,14.91,42.07,4.0,53.83,0.0,0.0,0.0,0.0,,,,,-0.8245769923469677,0.5657497535943156,-0.7733812851036631,0.6339411548806454,-6.672069537529859,4.748455327182856,0.0,407.0,0.6595744680851063,0.817391304347826,46.004,0,1.1133823235294118,6.58,0.3753611111111111,42.532,0.0,0.0,1.0958333333333334,217,8,2015,126
2015-08-06,0.9100000000000001,1.1,12,0.14,-4.3,1.8,-1.2041666666666666,8.4,5.7875000000000005,-5.285051296681883,1.889328886064315,91.66666666666667,79.79166666666667,359.0,96.41666666666667,,,,,,,,292.0597238170918,0.9750960153330014,-0.6166666666666667,6.375,8.4,86.75,-6.048092191782242,1.2417114095505164,284.32477621412363,0.0,1,12,5.250000000000002,5.6,8.96,15.82,42.98,5.0,54.74,0.0,0.0,0.0,0.0,,,,,-0.9267928695308654,0.3755728650831213,-0.9689088318890748,0.24741801770960115,-4.844630355291726,1.731884812225622,0.0,408.0,0.16250000000000003,0.6249999999999999,7.644000000000002,1,0.22228231119791667,5.6,0.39875,5.801250000000001,0.0,5.7875000000000005,0.6291666666666667,218,8,2015,127
2015-08-07,0.0,0.0,0,0.0,-0.5,4.0,1.2291666666666667,6.0,3.7458333333333336,-3.4349041939011986,0.6849645384733307,92.45833333333333,71.45833333333333,289.0,90.95833333333333,,,,,,,,285.42328356841074,0.9426942455129793,0.0,0.0,0.0,0.0,0.0,0.0,,0.0,0,0,0.9100000000000019,5.25,8.680000000000001,15.82,42.98,5.0,54.74,0.0,0.0,0.0,0.0,,,,,-0.9639874092826864,0.2659478797517558,-0.9639874092826864,0.2659478797517558,-3.175855169277816,0.6333067961968003,1.0,409.0,0.0,0.6048387096774193,0.0,2,0.0,2.625,0.4447222222222222,0.0,-0.0,7.491666666666667,2.4333333333333336,219,8,2015,128
2015-08-08,0.0,0.0,0,0.0,-1.2,5.3,1.5041666666666667,3.2,1.9625000000000001,0.2648667228342057,0.2710698855278661,84.0,130.25,522.0,54.166666666666664,,,,,,,,56.75012886349106,0.31283410415213925,0.0,0.0,0.0,0.0,0.0,0.0,,0.2916666666666667,1,0,0.0,0.9100000000000001,8.540000000000001,13.93,42.98,6.0,54.74,0.0,0.0,0.0,0.0,,,,,0.8362873890076726,0.5482913486338532,0.8362873890076726,0.5482913486338532,0.2224880471807328,0.2276987038434075,2.0,410.0,0.0,0.10655737704918034,0.0,3,0.0,0.3033333333333334,0.4846111111111111,0.0,-0.0,5.8875,0.2749999999999999,220,8,2015,129
2015-08-09,0.0,0.0,0,0.0,-3.2,5.4,0.5083333333333333,8.7,4.4750000000000005,-1.804596315571785,3.7948503872083434,84.66666666666667,140.125,586.0,57.5,,,,,,,,339.9392609472123,0.932991803984003,0.0,0.0,0.0,0.0,0.0,0.0,,0.041666666666666664,1,0,0.0,0.0,7.49,9.870000000000001,42.0,6.0,54.74,0.0,0.0,0.0,0.0,,,,,-0.34301611577394875,0.9393295184967589,-0.34301611577394875,0.9393295184967589,-1.5278915471841115,3.212973327836398,3.0,411.0,,0.0,0.0,4,0.0,0.0,0.4956388888888889,0.0,-0.0,17.900000000000002,-0.9958333333333333,221,8,2015,130
2015-08-10,0.21000000000000002,1.7000000000000002,3,0.07,-1.1,4.9,1.3666666666666665,14.4,8.866666666666667,-5.650819334005628,6.8000846537766515,88.66666666666667,125.20833333333333,545.0,87.08333333333333,,,,,,,,320.5744124034317,0.9961798264637582,0.10000000000000002,6.8,7.4,99.0,-4.541438618009656,5.043179967412863,318.00152529388333,0.0,1,1,0.2100000000000018,0.21000000000000002,5.8100000000000005,9.170000000000002,38.71,6.0,54.95,0.0,0.0,0.0,0.0,,,,,-0.635075543287851,0.7724500335410963,-0.6691108225658565,0.7431626384078003,-5.010393142818324,6.029408393015298,0.0,412.0,1.0,0.03614457831325301,3.0240000000000005,5,0.047557125,0.21000000000000002,0.4879166666666667,1.4280000000000002,0.0,44.333333333333336,0.8583333333333332,222,8,2015,131
2015-08-11,0.35000000000000003,1.1,5,0.07,-1.6,4.1,1.0,13.6,8.8375,-6.267038182473805,6.1664550348322935,86.875,141.0,549.0,75.95833333333333,,,,,,,,315.62065765954,0.9948472362619645,0.7,7.5,7.7,99.0,-5.181334347595438,5.405946229687933,316.1993364020373,0.0,0,5,0.5600000000000018,0.56,5.8100000000000005,9.520000000000001,30.03,5.0,55.300000000000004,0.0,0.0,0.0,0.0,,,,,-0.6994056960809487,0.7147248927311288,-0.6921515332288298,0.7217522116689218,-5.444489421024119,5.357107811510555,0.0,413.0,0.625,0.0963855421686747,4.760000000000001,6,0.07374609375000002,0.56,0.4746944444444445,2.6250000000000004,0.0,53.025000000000006,-0.3666666666666665,223,8,2015,132
2015-08-12,1.4700000000000002,3.0,9,0.28,-3.4,1.4,-1.2083333333333333,7.4,5.629166666666666,-2.7074445184001372,3.638426596266418,92.04166666666667,66.45833333333333,208.0,80.0,,,,,,,,323.8169916930038,0.7892693227497386,0.30000000000000004,4.9,6.2,88.88888888888889,-2.5594819553686623,2.8927139913571476,318.9908001079422,0.0,1,7,1.820000000000002,2.0300000000000002,2.9400000000000013,10.990000000000002,27.439999999999998,5.0,56.77,0.0,0.0,0.0,0.0,,,,,-0.5903663287042438,0.8071354272563389,-0.6561802030478819,0.754604228140845,-2.491977058810793,3.348868479646882,0.0,414.0,0.7241379310344828,0.6904761904761902,10.878000000000002,0,0.3346409062499999,2.0300000000000002,0.38222222222222224,7.203000000000001,0.0,0.0,-2.208333333333333,224,8,2015,133
2015-08-13,0.14,0.1,2,0.07,-2.2,3.2,0.45,8.8,6.866666666666667,-6.106937692729107,2.9401303035368698,94.0,68.08333333333333,277.0,96.70833333333333,,,,,,,,295.91949979211347,0.9884832648396328,-1.9500000000000002,5.9,6.0,97.5,-5.230397032084821,2.717854785222099,297.5,0.0,0,2,1.610000000000002,1.9600000000000004,2.1700000000000013,11.13,26.39,4.0,56.910000000000004,0.0,0.0,0.0,0.0,,,,,-0.8994090676727551,0.43710791457948406,-0.8870108331782216,0.4617486132350341,-5.7405214311653605,2.7637224853246574,0.0,415.0,0.07142857142857142,0.9032258064516125,1.2320000000000002,1,0.038740406250000005,1.9600000000000004,0.4298333333333333,0.8260000000000002,0.0,6.866666666666667,1.6583333333333332,225,8,2015,134
2015-08-14,0.0,0.0,0,0.0,0.3,6.7,2.841666666666667,7.6,5.766666666666667,-4.811862457406474,3.1024426773759353,91.95833333333333,127.375,511.0,79.41666666666667,,,,,,,,303.95789351941613,0.9917557841711141,0.0,0.0,0.0,0.0,0.0,0.0,,0.0,0,0,0.1400000000000018,1.6100000000000003,2.1700000000000013,10.850000000000001,22.75,4.0,56.910000000000004,0.0,0.0,0.0,0.0,,,,,-0.8294482976796475,0.55858349552805,-0.8294482976796475,0.55858349552805,-4.42490851812337,2.8529545787369535,1.0,416.0,0.0,0.7419354838709674,0.0,2,0.0,0.8050000000000002,0.5403333333333333,0.0,-0.0,11.533333333333333,2.3916666666666666,226,8,2015,135
2015-08-15,0.0,0.0,0,0.0,-0.8,7.2,2.9791666666666665,4.5,2.191666666666667,0.4300978845300634,0.10909607478250381,83.66666666666667,103.29166666666667,451.0,75.41666666666667,,,,,,,,63.46238046503168,0.2147276062806825,0.0,0.0,0.0,0.0,0.0,0.0,,0.0,1,0,0.0,0.14,2.1700000000000013,10.71,19.6,4.0,56.910000000000004,0.0,0.0,0.0,0.0,,,,,0.8946412020396022,0.4467853171413937,0.8946412020396022,0.4467853171413937,0.3598485633901531,0.09127704923469486,2.0,417.0,0.0,0.06451612903225803,0.0,3,0.0,0.04666666666666667,0.50775,0.0,-0.0,6.575000000000001,0.13749999999999973,227,8,2015,136
2015-08-16,0.0,0.0,0,0.0,-2.6,6.3,1.4625000000000001,11.8,7.533333333333334,-5.7768093006735866,4.391122776286006,86.95833333333333,141.5,587.0,68.16666666666667,,,,,,,,312.8666589408814,0.9524900192565113,0.0,0.0,0.0,0.0,0.0,0.0,,0.0,0,0,0.0,0.0,2.1700000000000013,9.66,19.04,3.0,56.910000000000004,0.0,0.0,0.0,0.0,,,,,-0.732938893874941,0.6802944787703175,-0.732938893874941,0.6802944787703175,-5.023417087710739,3.818447180878706,3.0,418.0,,0.0,0.0,4,0.0,0.0,0.5241944444444444,0.0,-0.0,30.133333333333336,-1.5166666666666664,228,8,2015,137
2015-08-17,0.9100000000000001,4.5,9,0.14,-0.7,2.8,1.1500000000000001,13.7,9.799999999999999,-8.100915547174944,5.147120072069698,95.29166666666667,86.83333333333333,408.0,84.0,,,,,,,,300.9847274977694,0.9772225806389471,1.7111111111111112,12.11111111111111,13.7,95.33333333333333,-10.211299614000446,6.365831395630929,301.3323774305153,0.0,0,8,0.9100000000000019,0.9100000000000001,2.8700000000000014,8.680000000000001,19.32,2.0,57.82,0.0,0.0,0.0,0.0,,,,,-0.8573045564541236,0.51480957400091,-0.8541651172295053,0.5200018774084432,-7.719497440162124,4.90477650200975,0.0,419.0,1.0,0.3170731707317072,12.467,5,0.16002448302469136,0.9100000000000001,0.43775000000000003,11.021111111111113,0.0,48.99999999999999,-0.3125,229,8,2015,138
2015-08-18,0.0,0.0,0,0.0,-2.9,4.7,0.525,5.2,3.3708333333333336,-2.695712010337811,-0.6276315824147337,82.625,138.83333333333334,512.0,49.083333333333336,,,,,,,,251.6033080254445,0.7130382926470781,0.0,0.0,0.0,0.0,0.0,0.0,,0.2916666666666667,1,0,0.9100000000000019,0.9100000000000001,2.5200000000000014,8.330000000000002,19.32,3.0,57.82,0.0,0.0,0.0,0.0,,,,,-0.9488942343554921,-0.31559425217659504,-0.9488942343554921,-0.31559425217659504,-2.2273320485416166,-0.5185805949701737,1.0,420.0,0.0,0.361111111111111,0.0,6,0.0,0.45500000000000007,0.4724166666666667,0.0,-0.0,20.225,-0.6250000000000001,230,8,2015,139
2015-08-19,0.0,0.0,0,0.0,-3.1,6.7,1.0583333333333333,3.7,2.3666666666666667,-0.030518669647010888,1.7494948388716354,81.25,176.79166666666666,600.0,13.458333333333334,,,,,,,,8.868497815490324,0.7007954904599002,0.0,0.0,0.0,0.0,0.0,0.0,,0.5833333333333334,1,0,0.0,0.9100000000000001,1.0500000000000012,3.9900000000000015,19.32,3.0,57.82,0.0,0.0,0.0,0.0,,,,,0.1541671659697797,0.9880447788115914,0.1541671659697797,0.9880447788115914,-0.024796419088196346,1.4214645565832038,2.0,421.0,0.0,0.8666666666666658,0.0,2,0.0,0.3033333333333334,0.5375833333333333,0.0,-0.0,4.733333333333333,0.5333333333333333,231,8,2015,140
2015-08-20,0.0,0.0,0,0.0,-4.1,8.6,1.3958333333333333,7.9,5.954166666666667,-2.99738747897629,4.786762830226308,78.0,185.125,600.0,12.541666666666666,,,,,,,,330.214524628302,0.9464302540531605,0.0,0.0,0.0,0.0,0.0,0.0,,0.7083333333333334,1,0,0.0,0.0,0.910000000000001,3.0800000000000014,19.32,4.0,57.82,0.0,0.0,0.0,0.0,,,,,-0.4967539642743508,0.8678914096692725,-0.4967539642743508,0.8678914096692725,-2.3379622336015062,3.73367500757652,3.0,422.0,,0.0,0.0,3,0.0,0.0,0.5745277777777779,0.0,-0.0,17.8625,0.3374999999999999,232,8,2015,141
2015-08-21,0.0,2.9000000000000004,0,0.0,-1.6,9.2,3.579166666666667,11.4,7.9375,-3.5337877183111464,6.997453292032901,73.95833333333333,144.54166666666666,511.0,64.66666666666667,,,,,,,,333.84547535888095,0.9875240844868788,0.0,0.0,0.0,0.0,0.0,0.0,,0.2916666666666667,0,0,0.0,0.0,0.910000000000001,3.0800000000000014,18.9,4.0,57.82,0.0,0.0,0.0,0.0,,,,,-0.44079356455359275,0.8976085078964758,-0.44079356455359275,0.8976085078964758,-2.613530500000952,5.175199830565999,4.0,423.0,,0.0,0.0,4,0.0,0.0,0.5473333333333333,0.0,-0.0,31.75,2.1833333333333336,233,8,2015,142
2015-08-22,0.0,2.2,0,0.0,1.6,11.7,6.041666666666667,14.3,9.508333333333333,-5.707764627103049,7.407821281295241,87.91666666666667,172.08333333333334,600.0,36.833333333333336,,,,,,,,323.5804642042384,0.9831833503365597,0.0,0.0,0.0,0.0,0.0,0.0,,0.25,0,0,0.0,0.0,0.910000000000001,3.0800000000000014,18.9,3.0,57.82,0.0,0.0,0.0,0.0,,,,,-0.5936932918789524,0.8046914161204487,-0.5936932918789524,0.8046914161204487,-5.018076401328097,6.512709543138733,5.0,424.0,,0.0,0.0,5,0.0,0.0,0.6677777777777778,0.0,-0.0,47.541666666666664,2.4625,234,8,2015,143
2015-08-23,0.0,1.1,0,0.0,1.3,9.1,4.545833333333333,9.0,5.6125,-3.0971717546950916,2.534507902450324,87.625,126.04166666666667,491.0,87.125,,,,,,,,306.07927302822543,0.6725513599922595,0.0,0.0,0.0,0.0,0.0,0.0,,0.0,0,0,0.0,0.0,0.910000000000001,3.0800000000000014,18.9,3.0,57.82,0.0,0.0,0.0,0.0,,,,,-0.8082029751052098,0.5889040253140471,-0.8082029751052098,0.5889040253140471,-2.7138967500515743,2.220862549522096,6.0,425.0,,0.0,0.0,6,0.0,0.0,0.5783333333333333,0.0,-0.0,33.675,-1.4958333333333336,235,8,2015,144
2015-08-24,0.9100000000000001,9.4,7,0.14,1.7,5.3,3.091666666666667,13.7,9.854166666666666,8.499805284450991,-4.970505140224343,96.875,65.45833333333333,306.0,97.95833333333333,,,,,,,,120.20858131529783,0.9991882472398399,2.1714285714285717,12.828571428571427,13.7,98.57142857142857,10.914326971198534,-6.731291198613157,121.71435233949293,0.0,0,7,0.9100000000000019,0.9100000000000001,0.910000000000001,3.7800000000000016,17.919999999999998,3.0,58.730000000000004,0.0,0.0,0.0,0.0,,,,,0.8641994538532853,-0.5031493853317158,0.8506794544063108,-0.5256847590057957,8.234186369311898,-4.815176854592333,0.0,426.0,1.0,0.999999999999999,12.467,0,0.14954039285714288,0.9100000000000001,0.4843333333333333,11.674000000000001,0.0,0.0,-1.4541666666666666,236,8,2015,145
2015-08-25,4.69,17.1,21,0.56,1.0,3.1,1.6541666666666668,13.9,11.229166666666666,8.328336696371872,-7.478169579018821,98.08333333333333,57.416666666666664,229.0,100.0,,,,,,,,132.29274240263848,0.9967987319991133,1.6,11.2,13.5,97.95238095238095,8.268555673728747,-7.499013519896529,132.57319128259596,0.0,0,12,5.600000000000002,5.6000000000000005,5.600000000000001,8.120000000000001,18.55,2.0,63.42,0.0,0.0,0.0,0.0,,,,,0.739716338846391,-0.6729188198019812,0.7364137170591507,-0.6765314754888535,8.168710243024744,-7.33483799542096,0.0,427.0,0.8375,0.9999999999999999,65.191,0,0.8470139999999999,5.6000000000000005,0.4341111111111111,52.528,0.0,0.0,-1.4375,237,8,2015,146
2015-08-26,0.49000000000000005,3.4,4,0.28,1.4,6.8,3.533333333333333,10.3,7.291666666666667,6.3718658327651845,-3.3932864198551864,92.375,83.41666666666667,334.0,96.33333333333333,,,,,,,,116.47323470518482,0.9891688886958869,1.575,9.625,10.3,99.5,7.663928369989235,-5.821075101786685,127.25001427993841,0.0,0,4,5.180000000000002,6.090000000000001,6.090000000000002,7.1400000000000015,18.13,1.0,63.910000000000004,0.0,0.0,0.0,0.0,,,,,0.8951427019179446,-0.44577970254716814,0.7960018516760011,-0.6052941864320006,5.886011063016839,-3.1345483303412283,0.0,428.0,0.08045977011494253,0.9999999999999999,5.047000000000001,1,0.09078924804687503,6.090000000000001,0.5146388888888889,4.7162500000000005,0.0,7.291666666666667,1.8791666666666664,238,8,2015,147
2015-08-27,0.0,8.8,0,0.0,1.9,6.6,3.65,6.8,4.504166666666666,-0.7542796417458401,1.7404473136798373,97.16666666666667,103.29166666666667,440.0,94.29166666666667,,,,,,,,347.2227171458147,0.39923382563327814,0.0,0.0,0.0,0.0,0.0,0.0,,0.0,0,0,0.4900000000000018,5.180000000000001,6.090000000000002,7.000000000000002,18.13,0.0,63.910000000000004,0.0,0.0,0.0,0.0,,,,,-0.22116184423181304,0.9752371191951131,-0.22116184423181304,0.9752371191951131,-0.732908385229708,1.691134639792242,1.0,429.0,0.0,0.850574712643678,0.0,2,0.0,2.5900000000000003,0.5394166666666667,0.0,-0.0,9.008333333333333,0.1166666666666667,239,8,2015,148
2015-08-28,0.77,8.8,6,0.21,1.2,6.1,2.8666666666666667,6.9,4.3999999999999995,-3.759472378195158,-1.713206656137318,91.41666666666667,120.875,499.0,85.45833333333333,,,,,,,,251.4980578345865,0.9345184884571401,1.4166666666666667,4.433333333333334,5.0,99.66666666666667,-4.134411308931889,-1.3269544015545456,252.31874465701185,0.0,0,6,0.7700000000000018,1.26,6.860000000000001,7.770000000000001,18.900000000000002,0.0,64.68,0.0,0.0,0.0,0.0,,,,,-0.9483128989279835,-0.3173368017214581,-0.9527608965042512,-0.303721375758137,-3.436784332400074,-1.5661564181521985,0.0,430.0,0.6111111111111112,0.18367346938775508,5.313000000000001,3,0.1560727170138889,1.26,0.5208611111111111,3.413666666666667,0.0,13.2,-0.7833333333333332,240,8,2015,149
2015-08-29,0.35000000000000003,0.6000000000000001,5,0.07,-0.5,5.8,1.9875,14.9,7.070833333333333,-6.165123488072294,-2.466080370209411,79.25,165.41666666666666,600.0,85.125,,,,,,,,255.000909386478,0.9118210186447148,-0.06000000000000001,5.5600000000000005,6.1,95.6,-5.275400735660878,-0.7868305230042699,263.04377346380454,0.0,1,5,1.1200000000000019,1.12,7.210000000000002,8.120000000000001,19.25,1.0,65.03,0.0,0.0,0.0,0.0,,,,,-0.9659299340884729,-0.2588037140997756,-0.9926389690563144,-0.12111101151760392,-4.885860364297293,-1.954368693390958,0.0,431.0,0.3125,0.1553398058252427,5.215000000000001,4,0.0819072625,1.12,0.5033333333333333,1.9460000000000004,0.0,28.28333333333333,-0.8791666666666667,241,8,2015,150
2015-08-30,0.0,0.2,0,0.0,-0.4,5.2,1.8291666666666666,9.1,6.3374999999999995,0.13055788089387002,-6.156382009610597,86.125,99.91666666666667,365.0,78.95833333333333,,,,,,,,178.78483206461007,0.9678661256716855,0.0,0.0,0.0,0.0,0.0,0.0,,0.0,1,0,0.3500000000000018,1.12,7.210000000000002,8.120000000000001,18.97,2.0,65.03,0.0,0.0,0.0,0.0,,,,,0.02120709149995008,-0.9997751043460288,0.02120709149995008,-0.9997751043460288,0.11244297491984556,-5.302184005777126,1.0,432.0,0.0,0.1553398058252427,0.0,5,0.0,0.56,0.46925,0.0,-0.0,31.687499999999996,-0.15833333333333344,242,8,2015,151
2015-08-31,0.0,0.0,0,0.0,-2.7,8.1,2.004166666666667,6.9,3.8666666666666667,-0.7969128018718882,-2.5922379392669144,68.33333333333333,207.25,600.0,25.625,,,,,,,,187.0259828113298,0.6364812888953711,0.0,0.0,0.0,0.0,0.0,0.0,,0.5416666666666666,0,0,0.0,0.35000000000000003,6.300000000000002,7.210000000000002,18.83,2.0,65.03,0.0,0.0,0.0,0.0,,,,,-0.12231943625223918,-0.9924907835919357,-0.12231943625223918,-0.9924907835919357,-0.5445570812791235,-1.7713625918323914,2.0,433.0,0.0,0.055555555555555546,0.0,6,0.0,0.11666666666666668,0.5459444444444443,0.0,-0.0,23.2,0.17500000000000027,243,8,2015,152
2015-09-01,0.0,0.0,0,0.0,-1.7,8.7,2.5375,9.5,4.766666666666667,-4.2007050044818355,1.8798616726783575,78.54166666666667,208.625,600.0,40.791666666666664,,,,,,,,296.6515582491712,0.9641502575022449,0.0,0.0,0.0,0.0,0.0,0.0,,0.5,1,0,0.0,0.0,1.610000000000001,7.210000000000002,17.78,3.0,65.03,0.0,0.0,0.0,0.0,,,,,-0.8937509538408358,0.4485635211523517,-0.8937509538408358,0.4485635211523517,-3.2993037222701083,1.4764746887494602,3.0,434.0,,0.0,0.0,4,0.0,0.0,0.5942222222222222,0.0,-0.0,19.066666666666666,0.5333333333333332,244,9,2015,153
2015-09-02,0.0,0.8,0,0.0,-2.1,10.7,3.9583333333333335,7.3,5.0375000000000005,-2.012658329258927,4.358806858569712,65.41666666666667,211.08333333333334,600.0,36.958333333333336,,,,,,,,340.2333681112254,0.8982511163559399,0.0,0.0,0.0,0.0,0.0,0.0,,0.375,0,0,0.0,0.0,1.120000000000001,7.210000000000002,15.89,3.0,65.03,0.0,0.0,0.0,0.0,,,,,-0.33818990948440947,0.9410778847273624,-0.33818990948440947,0.9410778847273624,-1.3166139903902145,2.8513861533143534,4.0,435.0,,0.0,0.0,5,0.0,0.0,0.5965555555555556,0.0,-0.0,25.187500000000004,1.4208333333333334,245,9,2015,154
2015-09-03,1.82,14.700000000000001,7,0.35,0.7,5.4,2.4875000000000003,12.7,6.791666666666667,1.8162138116475364,-5.986622382405855,96.95833333333333,51.583333333333336,194.0,95.54166666666667,,,,,,,,156.3396430329576,0.9103048092098228,1.1428571428571428,5.742857142857143,7.0,97.85714285714286,2.4760734572290497,-5.04738744140716,153.46034912582817,0.0,0,7,1.8200000000000018,1.82,2.9400000000000013,9.030000000000001,17.36,3.0,66.85000000000001,0.0,0.0,0.0,0.0,,,,,0.4013141322181832,-0.9159404823906226,0.4468170350737355,-0.8946253613484899,1.7609706415432569,-5.80452928494101,0.0,436.0,1.0,0.6190476190476188,23.114,0,0.3740703571428571,1.82,0.4775833333333333,10.452,0.0,0.0,-1.4708333333333332,246,9,2015,155
2015-09-04,0.0,0.0,0,0.0,1.8,9.0,4.570833333333334,9.8,4.283333333333333,-1.918086493205245,0.2698979519271522,85.33333333333333,136.70833333333334,512.0,83.45833333333333,,,,,,,,271.0470887329992,0.2109719268318441,0.0,0.0,0.0,0.0,0.0,0.0,,0.0,0,0,1.8200000000000018,1.82,2.170000000000001,9.030000000000001,13.02,3.0,66.85000000000001,0.0,0.0,0.0,0.0,,,,,-0.999833014167813,0.018274128709895407,-0.999833014167813,0.018274128709895407,-1.6367671408684756,0.23031291897783654,1.0,437.0,0.0,0.8387096774193545,0.0,1,0.0,0.91,0.5755833333333333,0.0,-0.0,4.283333333333333,2.0833333333333335,247,9,2015,156
2015-09-05,0.0,0.0,0,0.0,-0.0,10.3,4.275,6.1,3.3833333333333333,-0.0152467832326487,-2.451705716767319,76.83333333333333,208.66666666666666,600.0,47.875,,,,,,,,170.45290051949917,0.756717284098404,0.0,0.0,0.0,0.0,0.0,0.0,,0.375,0,0,0.0,1.82,1.820000000000001,9.030000000000001,12.11,2.0,66.85000000000001,0.0,0.0,0.0,0.0,,,,,0.1658583172165352,-0.9861495924098429,0.1658583172165352,-0.9861495924098429,-0.01171461178375175,-1.8837272257162232,2.0,438.0,0.0,0.9999999999999996,0.0,2,0.0,0.6066666666666667,0.6241111111111112,0.0,-0.0,6.766666666666667,-0.2958333333333334,248,9,2015,157
2015-09-06,0.0,0.2,0,0.0,0.6,8.3,4.016666666666667,14.9,8.583333333333334,-1.1836849462618557,6.839019466694187,82.75,114.33333333333333,426.0,94.5,,,,,,,,8.891001610399918,0.6750304090920624,0.0,0.0,0.0,0.0,0.0,0.0,,0.0,0,0,0.0,0.0,1.820000000000001,9.030000000000001,12.11,1.0,66.85000000000001,0.0,0.0,0.0,0.0,,,,,0.15455522378768036,0.9879841510874251,0.15455522378768036,0.9879841510874251,-0.9794992930316856,5.659288608689439,3.0,439.0,,0.0,0.0,3,0.0,0.0,0.5365000000000001,0.0,-0.0,25.75,-0.25833333333333375,249,9,2015,158
2015-09-07,0.77,4.5,9,0.14,-0.8,4.2,1.7375,17.0,13.25,-10.218560965077353,8.227041978481545,87.375,181.70833333333334,600.0,84.54166666666667,,,,,,,,308.9020913287815,0.9902766056771841,0.3888888888888889,11.833333333333334,13.7,87.22222222222223,-9.687943005000262,6.726158549823538,305.0027130344892,0.0,0,7,0.7700000000000018,0.77,2.5900000000000007,8.89,12.879999999999999,1.0,67.62,0.0,0.0,0.0,0.0,,,,,-0.7782202269961884,0.6279914635518551,-0.8191248837322593,0.5736152236914677,-8.928467643236337,7.18837792869825,0.0,440.0,1.0,0.2972972972972972,13.09,4,0.15764725115740744,0.77,0.5057222222222223,9.111666666666668,0.0,53.0,-2.279166666666667,250,9,2015,159
2015-09-08,0.6300000000000001,3.4,9,0.07,-0.8,3.9,1.3458333333333332,11.7,8.466666666666667,-7.484837662141005,3.4850062877762293,89.91666666666667,114.625,397.0,87.16666666666667,,,,,,,,292.368880236025,0.9639107539404791,1.2777777777777777,9.855555555555554,11.6,86.88888888888889,-8.356030210822619,5.103718383475835,301.997685895679,0.0,0,9,1.400000000000002,1.4000000000000001,3.220000000000001,4.830000000000001,13.51,0.0,68.25,0.0,0.0,0.0,0.0,,,,,-0.9247528726872997,0.38056816006674415,-0.8480694982359219,0.5298850122072446,-6.730116531208454,3.1336014870921263,0.0,441.0,0.45000000000000007,0.43478260869565205,7.371000000000001,5,0.12045116319444447,1.4000000000000001,0.4628055555555555,6.2090000000000005,0.0,42.333333333333336,-0.39166666666666683,251,9,2015,160
2015-09-09,0.0,0.0,0,0.0,-1.4,10.7,4.254166666666666,12.0,6.354166666666667,-3.4612197635083812,-4.4997272987105505,80.54166666666667,197.79166666666666,600.0,51.708333333333336,,,,,,,,213.3908465389683,0.877026683409161,0.0,0.0,0.0,0.0,0.0,0.0,,0.0,1,0,0.6300000000000019,1.4000000000000001,3.220000000000001,4.340000000000001,13.3,1.0,68.25,0.0,0.0,0.0,0.0,,,,,-0.5503473594082526,-0.8349357963294924,-0.5503473594082526,-0.8349357963294924,-2.787724084525709,-3.624155361836456,1.0,442.0,0.0,0.43478260869565205,0.0,6,0.0,0.7000000000000001,0.6381111111111111,0.0,-0.0,38.125,2.908333333333333,252,9,2015,161
2015-09-10,0.0,0.0,0,0.0,0.4,11.5,5.291666666666667,4.9,3.1,1.0622505294098123,-0.8543521503911475,76.79166666666667,180.41666666666666,600.0,32.166666666666664,,,,,,,,125.76680338957479,0.3331796536104532,0.0,0.0,0.0,0.0,0.0,0.0,,0.4583333333333333,0,0,0.0,0.6300000000000001,1.400000000000001,4.340000000000001,12.950000000000001,1.0,68.25,0.0,0.0,0.0,0.0,,,,,0.8114026015526371,-0.5844876544407183,0.8114026015526371,-0.5844876544407183,0.8157198857092851,-0.6560712554878687,2.0,443.0,0.0,0.44999999999999973,0.0,3,0.0,0.21000000000000005,0.6318055555555556,0.0,-0.0,9.3,1.0375000000000005,253,9,2015,162
2015-09-11,0.0,0.0,0,0.0,0.4,14.2,6.7250000000000005,11.0,7.104166666666667,-4.921240368166351,4.932034775101461,77.54166666666667,232.70833333333334,600.0,11.708333333333334,,,,,,,,318.0627035006456,0.9726960581809826,0.0,0.0,0.0,0.0,0.0,0.0,,0.875,0,0,0.0,0.0,1.400000000000001,3.570000000000001,11.48,1.0,68.25,0.0,0.0,0.0,0.0,,,,,-0.6683169211005654,0.7438766651607379,-0.6683169211005654,0.7438766651607379,-3.8160118021489917,3.824381965193258,3.0,444.0,,0.0,0.0,4,0.0,0.0,0.7291666666666666,0.0,-0.0,28.416666666666668,1.4333333333333336,254,9,2015,163
2015-09-12,0.0,0.0,0,0.0,3.1,14.3,8.1625,6.9,5.4750000000000005,-4.468082861255586,2.992079208925252,72.54166666666667,213.54166666666666,600.0,70.375,,,,,,,,303.94276491538466,0.9801778535571171,0.0,0.0,0.0,0.0,0.0,0.0,,0.20833333333333334,0,0,0.0,0.0,1.400000000000001,3.2200000000000015,11.34,1.0,68.25,0.0,0.0,0.0,0.0,,,,,-0.8295957593571409,0.5583644652524449,-0.8295957593571409,0.5583644652524449,-3.2412217756024897,2.1705041261411937,4.0,445.0,,0.0,0.0,5,0.0,0.0,0.7019444444444445,0.0,-0.0,27.375000000000004,1.4374999999999991,255,9,2015,164
2015-09-13,0.0,0.0,0,0.0,1.5,15.7,8.475,3.9,2.7541666666666664,-0.8715463311979285,2.3507049974485423,68.29166666666667,226.79166666666666,600.0,6.041666666666667,,,,,,,,344.5988651544187,0.8970203952909666,0.0,0.0,0.0,0.0,0.0,0.0,,0.8333333333333334,0,0,0.0,0.0,1.400000000000001,3.2200000000000015,11.34,1.0,68.25,0.0,0.0,0.0,0.0,,,,,-0.26557521307175613,0.9640901442302433,-0.26557521307175613,0.9640901442302433,-0.5951935153472521,1.6053356211742338,5.0,446.0,,0.0,0.0,6,0.0,0.0,0.7121666666666667,0.0,-0.0,16.525,0.3125,256,9,2015,165
2015-09-14,0.0,0.0,0,0.0,2.4,15.2,8.433333333333334,16.1,8.516666666666667,-4.546975879437389,6.972353606653272,68.58333333333333,232.95833333333334,600.0,5.541666666666667,,,,,,,,331.24868954867486,0.9797412847563828,0.0,0.0,0.0,0.0,0.0,0.0,,0.9583333333333334,0,0,0.0,0.0,0.630000000000001,3.2200000000000015,11.34,1.0,68.25,0.0,0.0,0.0,0.0,,,,,-0.4810088210164235,0.876715754452029,-0.4810088210164235,0.876715754452029,-3.1184676239808096,4.781872515229702,6.0,447.0,,0.0,0.0,6,0.0,0.0,0.7172499999999999,0.0,-0.0,51.10000000000001,-0.041666666666666075,257,9,2015,166
2015-09-15,0.0,4.4,0,0.0,2.6,8.0,5.791666666666667,20.6,12.566666666666668,-8.606081276371837,7.763885407016456,86.04166666666667,151.375,592.0,60.916666666666664,,,,,,,,314.30891168382203,0.9162762820780221,0.0,0.0,0.0,0.0,0.0,0.0,,0.16666666666666666,0,0,0.0,0.0,0.0,3.2200000000000015,11.34,1.0,68.25,0.0,0.0,0.0,0.0,,,,,-0.7155840947735814,0.6985265945596302,-0.7155840947735814,0.6985265945596302,-7.404815764878268,6.680176402287076,7.0,448.0,,,0.0,6,0.0,0.0,0.5655,0.0,-0.0,75.4,-2.6416666666666666,258,9,2015,167
2015-09-16,0.0,0.0,0,0.0,1.5,10.9,5.1000000000000005,9.3,4.4624999999999995,-3.7646558693859853,1.8843614938830966,76.5,208.16666666666666,600.0,62.583333333333336,,,,,,,,299.4080923011053,0.8921622952947921,0.0,0.0,0.0,0.0,0.0,0.0,,0.08333333333333333,0,0,0.0,0.0,0.0,3.2200000000000015,10.43,0.0,68.25,0.0,0.0,0.0,0.0,,,,,-0.8711444685110341,0.49102679660343174,-0.8711444685110341,0.49102679660343174,-2.8799617400802786,1.4415365428205689,8.0,449.0,,,0.0,6,0.0,0.0,0.636,0.0,-0.0,26.775,-0.6916666666666664,259,9,2015,168
2015-09-17,0.0,0.4,0,0.0,2.0,11.1,5.2,8.9,5.329166666666667,-0.3207292088534664,-4.248438095174067,72.70833333333333,194.125,600.0,51.625,,,,,,,,177.03144238209774,0.7910329402995695,0.0,0.0,0.0,0.0,0.0,0.0,,0.25,0,0,0.0,0.0,0.0,1.400000000000001,10.43,0.0,68.25,0.0,0.0,0.0,0.0,,,,,0.0517879273720886,-0.9986581049480865,0.0517879273720886,-0.9986581049480865,-0.23319686227054118,-3.0889685316994773,9.0,450.0,,,0.0,6,0.0,0.0,0.6184444444444445,0.0,-0.0,31.975,0.09999999999999964,260,9,2015,169
2015-09-18,0.0,0.0,0,0.0,0.1,11.2,5.054166666666666,5.4,4.308333333333334,3.2112958897530657,-2.6113902789361467,75.125,201.08333333333334,600.0,45.625,,,,,,,,130.19996992228747,0.9623523638742595,0.0,0.0,0.0,0.0,0.0,0.0,,0.125,0,0,0.0,0.0,0.0,1.400000000000001,10.43,0.0,68.25,0.0,0.0,0.0,0.0,,,,,0.7637963674708517,-0.6454572867652295,0.7637963674708517,-0.6454572867652295,2.4124860371769907,-1.9618069470507802,10.0,451.0,,,0.0,6,0.0,0.0,0.633361111111111,0.0,-0.0,25.85,-0.14583333333333393,261,9,2015,170
2015-09-19,0.0,0.0,0,0.0,2.6,11.6,6.608333333333333,7.4,4.891666666666667,0.5729551968192367,2.467079542743867,76.125,190.41666666666666,600.0,67.25,,,,,,,,13.054277889085329,0.5128636107584994,0.0,0.0,0.0,0.0,0.0,0.0,,0.041666666666666664,0,0,0.0,0.0,0.0,1.400000000000001,10.43,0.0,68.25,0.0,0.0,0.0,0.0,,,,,0.22587400119037995,0.9741565251982087,0.22587400119037995,0.9741565251982087,0.4361621435786439,1.878064301913769,11.0,452.0,,,0.0,6,0.0,0.0,0.6384722222222222,0.0,-0.0,29.35,1.5541666666666671,262,9,2015,171
2015-09-20,0.0,0.2,0,0.0,1.6,11.0,6.358333333333333,8.5,4.929166666666666,-2.8823154360640815,3.363426439311153,77.83333333333333,184.70833333333334,600.0,38.375,,,,,,,,328.4484079242205,0.8665893798104416,0.0,0.0,0.0,0.0,0.0,0.0,,0.20833333333333334,0,0,0.0,0.0,0.0,1.400000000000001,10.43,0.0,68.25,0.0,0.0,0.0,0.0,,,,,-0.5232661139798181,0.8521693340882784,-0.5232661139798181,0.8521693340882784,-2.2434021810698765,2.6178669119305136,12.0,453.0,,,0.0,6,0.0,0.0,0.6270277777777777,0.0,-0.0,29.574999999999996,-0.25,263,9,2015,172
2015-09-21,0.0,10.200000000000001,0,0.0,1.8,12.2,6.079166666666667,15.9,7.595833333333334,-5.197231986576637,5.380556000259028,82.79166666666667,221.79166666666666,600.0,49.375,,,,,,,,315.19800524523464,0.9537589189241388,0.0,0.0,0.0,0.0,0.0,0.0,,0.25,0,0,0.0,0.0,0.0,0.630000000000001,10.43,0.0,68.25,0.0,0.0,0.0,0.0,,,,,-0.7046589132690085,0.7095462042393996,-0.7046589132690085,0.7095462042393996,-4.302874982219907,4.454651988547787,13.0,454.0,,,0.0,6,0.0,0.0,0.6949444444444445,0.0,-0.0,45.575,-0.2791666666666668,264,9,2015,173
2015-09-22,0.21000000000000002,2.5,3,0.07,-2.0,4.4,1.4333333333333333,15.0,8.6875,-2.089997086714042,-7.96416051860579,86.83333333333333,193.83333333333334,600.0,65.95833333333333,,,,,,,,199.47348214825416,0.9343211130563097,-1.2333333333333334,9.166666666666666,10.8,87.66666666666667,1.5839032049372008,-8.88746149750652,168.64241061683472,0.0,0,2,0.2100000000000018,0.21000000000000002,0.2100000000000009,0.2100000000000009,10.64,0.0,68.46000000000001,0.0,0.0,0.0,0.0,,,,,-0.3333705465585326,-0.9427958838938921,0.19693168476851405,-0.9804172129936493,-1.8148141369633597,-6.9155460503226935,0.0,455.0,1.0,0.9999999999999958,3.1500000000000004,0,0.05221744791666667,0.21000000000000002,0.5164444444444444,1.925,0.0,0.0,-4.645833333333333,265,9,2015,174
2015-09-23,1.12,0.9,16,0.07,-2.7,3.6,-0.225,17.2,11.654166666666667,3.248334282508442,-11.110117343010137,77.16666666666667,208.58333333333334,600.0,59.458333333333336,,,,,,,,162.62214982342843,0.9932131135451414,-0.09375,12.91875,17.2,74.8125,3.692176635796739,-12.27710775924453,161.86776712586268,0.0,1,16,1.3300000000000018,1.33,1.330000000000001,1.330000000000001,10.85,1.0,69.58,0.0,0.0,0.0,0.0,,,,,0.2986718726819482,-0.9543558625945869,0.31121111186740197,-0.9503408040541327,2.506631288002348,-8.573307216356156,0.0,456.0,0.8421052631578948,0.9999999999999993,19.264,0,0.23698547851562501,1.33,0.4762777777777778,14.469000000000001,0.0,0.0,-1.6583333333333334,266,9,2015,175
2015-09-24,1.4700000000000002,2.2,15,0.14,-2.2,4.5,0.6124999999999999,17.9,11.012500000000001,5.04490811743324,-9.679158075394449,83.45833333333333,193.875,600.0,81.41666666666667,,,,,,,,150.43258983339942,0.9902646633502004,-0.30666666666666664,10.346666666666666,17.9,86.0,4.480185817724905,-9.233038031027553,152.0919845051845,0.0,1,13,2.590000000000002,2.8000000000000003,2.800000000000001,2.800000000000001,7.630000000000001,2.0,71.05,0.0,0.0,0.0,0.0,,,,,0.4934472180825382,-0.8697757429168762,0.46805344564334767,-0.8837001595684986,4.210396233007825,-8.078064010422949,0.0,457.0,0.525,0.9999999999999997,26.313000000000002,0,0.3297824133333333,2.8000000000000003,0.5074444444444444,15.2096,0.0,0.0,0.8374999999999999,267,9,2015,176
2015-09-25,0.0,0.1,0,0.0,-0.1,7.2,3.1875,11.2,8.583333333333334,6.375757323907634,-5.728029244871499,84.25,175.08333333333334,600.0,83.20833333333333,,,,,,,,131.70864951038462,0.9983828290462895,0.0,0.0,0.0,0.0,0.0,0.0,,0.0,1,0,1.470000000000002,2.5900000000000003,2.800000000000001,2.800000000000001,7.140000000000001,3.0,71.05,0.0,0.0,0.0,0.0,,,,,0.7465377489838527,-0.665343061391732,0.7465377489838527,-0.665343061391732,5.371575545392181,-4.825864638804238,1.0,458.0,0.0,0.9249999999999997,0.0,1,0.0,1.2950000000000002,0.5575555555555556,0.0,-0.0,8.583333333333334,2.575,268,9,2015,177
2015-09-26,0.0,0.0,0,0.0,2.4,11.6,5.933333333333334,6.4,5.175,4.0173199513059705,-3.151228638763731,78.875,198.08333333333334,600.0,55.583333333333336,,,,,,,,128.09751991143534,0.9863217320151391,0.0,0.0,0.0,0.0,0.0,0.0,,0.20833333333333334,0,0,0.0,1.4700000000000002,2.800000000000001,2.800000000000001,7.140000000000001,3.0,71.05,0.0,0.0,0.0,0.0,,,,,0.7869617300607953,-0.6170018115206146,0.7869617300607953,-0.6170018115206146,3.1686611115925842,-2.485531588824893,2.0,459.0,0.0,0.5249999999999998,0.0,2,0.0,0.49000000000000005,0.65275,0.0,-0.0,10.35,2.7458333333333336,269,9,2015,178
2015-09-27,0.0,0.0,0,0.0,0.9,13.9,7.204166666666667,6.5,2.8208333333333333,-1.0445929318029252,-0.5619648535887256,73.79166666666667,247.91666666666666,600.0,40.458333333333336,,,,,,,,289.5011944615434,0.0876282041841686,0.0,0.0,0.0,0.0,0.0,0.0,,0.16666666666666666,0,0,0.0,0.0,2.800000000000001,2.800000000000001,6.370000000000001,3.0,71.05,0.0,0.0,0.0,0.0,,,,,-0.942634531920035,0.33382651067867064,-0.942634531920035,0.33382651067867064,-0.7708225342595754,-0.4146832315440138,3.0,460.0,,0.0,0.0,3,0.0,0.0,0.7201388888888888,0.0,-0.0,8.4625,1.270833333333333,270,9,2015,179
2015-09-28,0.0,0.0,0,0.0,0.9,12.7,6.770833333333333,10.2,5.795833333333333,-4.323636651223829,3.0505149419222075,73.16666666666667,228.625,600.0,35.333333333333336,,,,,,,,311.6217415272259,0.9148792937330616,0.0,0.0,0.0,0.0,0.0,0.0,,0.16666666666666666,0,0,0.0,0.0,2.800000000000001,2.800000000000001,6.0200000000000005,3.0,71.05,0.0,0.0,0.0,0.0,,,,,-0.747546102406273,0.6642099252323697,-0.747546102406273,0.6642099252323697,-3.1634608164787688,2.231960099173082,4.0,461.0,,0.0,0.0,4,0.0,0.0,0.6785277777777777,0.0,-0.0,23.183333333333334,-0.43333333333333357,271,9,2015,180
2015-09-29,0.0,0.30000000000000004,0,0.0,2.1,11.9,6.558333333333334,22.1,10.908333333333333,-7.165790512192629,7.570706546072246,70.58333333333333,254.91666666666666,600.0,26.458333333333332,,,,,,,,320.90407813184913,0.9523125217911057,0.0,0.0,0.0,0.0,0.0,0.0,,0.375,0,0,0.0,0.0,2.590000000000001,2.800000000000001,6.0200000000000005,3.0,71.05,0.0,0.0,0.0,0.0,,,,,-0.630620569312075,0.7760912946042587,-0.630620569312075,0.7760912946042587,-5.057853803189297,5.34365703710266,5.0,462.0,,0.0,0.0,5,0.0,0.0,0.6696666666666667,0.0,-0.0,54.541666666666664,-0.21249999999999947,272,9,2015,181
2015-09-30,0.0,0.0,0,0.0,0.3,13.2,6.383333333333333,5.1,3.029166666666667,0.6453513891293919,0.6320820093029941,69.75,271.9583333333333,600.0,14.5,,,,,,,,45.532786186484536,0.34065915941373986,0.0,0.0,0.0,0.0,0.0,0.0,,0.625,0,0,0.0,0.0,1.470000000000001,2.800000000000001,6.0200000000000005,2.0,71.05,0.0,0.0,0.0,0.0,,,,,0.7136514114954629,0.7005010084721746,0.7136514114954629,0.7005010084721746,0.45013259391775085,0.4408772014888384,6.0,463.0,,0.0,0.0,6,0.0,0.0,0.7071388888888889,0.0,-0.0,18.175,-0.1750000000000007,273,9,2015,182
2015-10-01,0.0,0.0,0,0.0,0.6,14.9,7.991666666666666,10.6,6.158333333333334,-4.492742954827192,3.1670165244006685,68.25,285.2916666666667,600.0,3.6666666666666665,,,,,,,,313.21983789158514,0.8638081786452169,0.0,0.0,0.0,0.0,0.0,0.0,,0.9583333333333334,0,0,0.0,0.0,0.0,2.800000000000001,6.0200000000000005,1.0,71.05,0.0,0.0,0.0,0.0,,,,,-0.7287315685208375,0.6847994604562417,-0.7287315685208375,0.6847994604562417,-3.066297066669559,2.161488777903456,7.0,464.0,,,0.0,6,0.0,0.0,0.7488055555555556,0.0,-0.0,36.95,1.6083333333333334,274,10,2015,183
2015-10-02,0.0,0.0,0,0.0,1.9,19.7,11.004166666666668,7.3,4.3625,-2.9225864269920385,2.3646585266120854,62.375,285.5833333333333,600.0,0.0,,,,,,,,326.01702302656247,0.7473501456572378,0.0,0.0,0.0,0.0,0.0,0.0,,1.0,0,0,0.0,0.0,0.0,2.800000000000001,6.0200000000000005,0.0,71.05,0.0,0.0,0.0,0.0,,,,,-0.5589465652126908,0.8292036765698373,-0.5589465652126908,0.8292036765698373,-1.8229632838362841,1.4749557559742883,8.0,465.0,,,0.0,6,0.0,0.0,0.731638888888889,0.0,-0.0,26.174999999999997,3.012500000000002,275,10,2015,184
2015-10-03,0.0,0.0,0,0.0,6.4,20.5,12.783333333333333,11.9,8.429166666666667,-5.665365088350803,6.061304954998455,52.625,290.875,600.0,30.833333333333332,,,,,,,,318.91838906822005,0.9841873609847565,0.0,0.0,0.0,0.0,0.0,0.0,,0.5,0,0,0.0,0.0,0.0,2.800000000000001,4.200000000000001,0.0,71.05,0.0,0.0,0.0,0.0,,,,,-0.657133355930432,0.753774337931193,-0.657133355930432,0.753774337931193,-2.98139837774461,3.189761732567937,9.0,466.0,,,0.0,6,0.0,0.0,0.7026666666666667,0.0,-0.0,50.575,1.779166666666665,276,10,2015,185
2015-10-04,0.0,0.0,0,0.0,8.4,21.0,13.829166666666666,16.7,10.058333333333334,-6.973564139015551,7.037014678633546,51.166666666666664,288.0,600.0,45.291666666666664,,,,,,,,318.3327751298338,0.9846658977770393,0.0,0.0,0.0,0.0,0.0,0.0,,0.5,0,0,0.0,0.0,0.0,2.800000000000001,4.200000000000001,0.0,71.05,0.0,0.0,0.0,0.0,,,,,-0.6648031434658995,0.7470185944391603,-0.6648031434658995,0.7470185944391603,-3.56814031779629,3.600605843900831,10.0,467.0,,,0.0,6,0.0,0.0,0.6958888888888889,0.0,-0.0,60.35,1.0458333333333325,277,10,2015,186
2015-10-05,0.0,0.0,0,0.0,9.8,23.2,15.7125,13.6,8.408333333333333,-4.733572233988399,6.655134964739357,42.666666666666664,286.7083333333333,600.0,89.41666666666667,,,,,,,,327.8205493876076,0.9728676707614188,0.0,0.0,0.0,0.0,0.0,0.0,,0.0,0,0,0.0,0.0,0.0,2.800000000000001,4.200000000000001,0.0,71.05,0.0,0.0,0.0,0.0,,,,,-0.5325727508404193,0.8463842301592513,-0.5325727508404193,0.8463842301592513,-2.0196574865017167,2.8395242516221253,11.0,468.0,,,0.0,6,0.0,0.0,0.6666944444444445,0.0,-0.0,50.45,1.8833333333333346,278,10,2015,187
2015-10-06,0.0,0.0,0,0.0,10.7,22.3,16.037499999999998,25.5,12.775,-6.046503870486405,10.552791955164771,41.166666666666664,265.9583333333333,600.0,39.5,,,,,,,,333.02341199010357,0.9053566477300271,0.0,0.0,0.0,0.0,0.0,0.0,,0.3333333333333333,0,0,0.0,0.0,0.0,2.590000000000001,4.200000000000001,0.0,71.05,0.0,0.0,0.0,0.0,,,,,-0.45362638204923644,0.8911919577223081,-0.45362638204923644,0.8911919577223081,-2.4891440933502365,4.344232688209497,12.0,469.0,,,0.0,6,0.0,0.0,0.6478611111111111,0.0,-0.0,76.65,0.3249999999999975,279,10,2015,188
2015-10-07,0.0,0.0,0,0.0,5.7,16.4,10.512500000000001,9.6,7.595833333333334,5.699998127531257,-4.353004500364508,68.41666666666667,263.4583333333333,600.0,72.54166666666667,,,,,,,,127.3523450943119,0.9415222836574298,0.0,0.0,0.0,0.0,0.0,0.0,,0.0,0,0,0.0,0.0,0.0,1.470000000000001,3.4300000000000006,0.0,71.05,0.0,0.0,0.0,0.0,,,,,0.7949195214453836,-0.6067148872617536,0.7949195214453836,-0.6067148872617536,3.8997487189193016,-2.978180578999385,13.0,470.0,,,0.0,6,0.0,0.0,0.7370277777777777,0.0,-0.0,45.575,-5.524999999999997,280,10,2015,189
2015-10-08,0.0,2.4,0,0.0,3.6,18.8,11.304166666666667,9.4,5.191666666666666,-0.4193991377245283,1.7178358540519998,72.79166666666667,265.1666666666667,600.0,22.0,,,,,,,,341.56530521417346,0.4081822273504516,0.0,0.0,0.0,0.0,0.0,0.0,,0.5,0,0,0.0,0.0,0.0,0.0,2.8000000000000007,0.0,71.05,0.0,0.0,0.0,0.0,,,,,-0.3162235597571501,0.9486847001267155,-0.3162235597571501,0.9486847001267155,-0.3052876223353129,1.2504413487620183,14.0,471.0,,,0.0,6,0.0,0.0,0.7527500000000001,0.0,-0.0,31.15,0.7916666666666661,281,10,2015,190
2015-10-09,0.0,6.1,0,0.0,5.4,19.1,10.908333333333333,8.8,5.375,-2.718748739820192,1.7126025598380707,75.625,242.04166666666666,600.0,31.416666666666668,,,,,,,,307.78116186635594,0.5426506064612452,0.0,0.0,0.0,0.0,0.0,0.0,,0.3333333333333333,0,0,0.0,0.0,0.0,0.0,2.8000000000000007,0.0,71.05,0.0,0.0,0.0,0.0,,,,,-0.7903564858152707,0.6126472274724957,-0.7903564858152707,0.6126472274724957,-2.05605373448902,1.295155685877541,15.0,472.0,,,0.0,6,0.0,0.0,0.7467777777777779,0.0,-0.0,32.25,-0.3958333333333339,282,10,2015,191
2015-10-10,0.0,1.7999999999999998,0,0.0,4.5,19.6,11.191666666666668,5.1,3.4958333333333336,-0.2441255707806845,1.5009236903117686,74.91666666666667,261.125,600.0,55.666666666666664,,,,,,,,354.2024402180663,0.457275127372007,0.0,0.0,0.0,0.0,0.0,0.0,,0.20833333333333334,0,0,0.0,0.0,0.0,0.0,2.8000000000000007,0.0,71.05,0.0,0.0,0.0,0.0,,,,,-0.10101392528137369,0.9948850118979826,-0.10101392528137369,0.9948850118979826,-0.18289074010986284,1.1244419979919,16.0,473.0,,,0.0,6,0.0,0.0,0.757138888888889,0.0,-0.0,20.975,0.283333333333335,283,10,2015,192
2015-10-11,0.0,3.6,0,0.0,6.5,14.4,9.770833333333334,10.8,6.695833333333333,-4.0192669064909765,4.885355817506194,83.79166666666667,150.125,521.0,87.79166666666667,,,,,,,,323.7894936021633,0.9392213885206062,0.0,0.0,0.0,0.0,0.0,0.0,,0.0,0,0,0.0,0.0,0.0,0.0,2.8000000000000007,0.0,71.05,0.0,0.0,0.0,0.0,,,,,-0.5907536309983878,0.8068519984868481,-0.5907536309983878,0.8068519984868481,-3.3678107287305643,4.093521062085398,17.0,474.0,,,0.0,6,0.0,0.0,0.699388888888889,0.0,-0.0,40.175,-1.4208333333333343,284,10,2015,193
2015-10-12,0.0,0.1,0,0.0,5.2,16.7,9.625,18.1,8.620833333333334,-3.947368636804928,1.4500698601416475,77.625,252.08333333333334,600.0,67.79166666666667,,,,,,,,292.97955135050086,0.4122350696148487,0.0,0.0,0.0,0.0,0.0,0.0,,0.0,0,0,0.0,0.0,0.0,0.0,2.8000000000000007,0.0,71.05,0.0,0.0,0.0,0.0,,,,,-0.9206442453038041,0.3904025788708227,-0.9206442453038041,0.3904025788708227,-3.0641449043198254,1.125616728934954,18.0,475.0,,,0.0,6,0.0,0.0,0.7601388888888888,0.0,-0.0,51.725,-0.14583333333333393,285,10,2015,194
2015-10-13,0.0,0.0,0,0.0,3.8,18.0,9.820833333333335,7.4,5.508333333333333,4.969533026833841,-1.4009946071726374,73.29166666666667,303.6666666666667,600.0,43.166666666666664,,,,,,,,102.82058935778743,0.9404906017449399,0.0,0.0,0.0,0.0,0.0,0.0,,0.25,0,0,0.0,0.0,0.0,0.0,2.8000000000000007,0.0,71.05,0.0,0.0,0.0,0.0,,,,,0.9750696774304631,-0.22189890526014874,0.9750696774304631,-0.22189890526014874,3.64225358091697,-1.0268122975069456,19.0,476.0,,,0.0,6,0.0,0.0,0.7800833333333334,0.0,-0.0,33.05,0.19583333333333464,286,10,2015,195
2015-10-14,0.0,0.0,0,0.0,4.7,19.6,12.329166666666666,8.7,5.870833333333334,-2.5812266402859185,4.226563783654211,70.20833333333333,303.25,600.0,10.25,,,,,,,,331.7790469905603,0.8237466711249163,0.0,0.0,0.0,0.0,0.0,0.0,,0.7083333333333334,0,0,0.0,0.0,0.0,0.0,2.8000000000000007,0.0,71.05,0.0,0.0,0.0,0.0,,,,,-0.4728730250570965,0.8811305817944073,-0.4728730250570965,0.8811305817944073,-1.8122362037007387,2.967399989773894,20.0,477.0,,,0.0,6,0.0,0.0,0.7695277777777778,0.0,-0.0,35.225,2.508333333333331,287,10,2015,196
2015-10-15,0.0,0.0,0,0.0,7.6,20.3,13.75,17.4,9.983333333333333,-6.53016023466461,7.285028304638407,62.875,311.7916666666667,600.0,0.9166666666666666,,,,,,,,322.4148967521799,0.9814520838825441,0.0,0.0,0.0,0.0,0.0,0.0,,1.0,0,0,0.0,0.0,0.0,0.0,2.8000000000000007,0.0,71.05,0.0,0.0,0.0,0.0,,,,,-0.6099391500548598,0.7924482527145575,-0.6099391500548598,0.7924482527145575,-4.105838247545374,4.580461546541398,21.0,478.0,,,0.0,6,0.0,0.0,0.7507777777777779,0.0,-0.0,59.89999999999999,1.4208333333333343,288,10,2015,197
2015-10-16,0.0,0.2,0,0.0,9.7,20.4,14.85,20.8,9.895833333333334,-7.114367433277775,6.248637539304778,62.333333333333336,244.91666666666666,600.0,41.75,,,,,,,,314.9922047879146,0.9534528224042842,0.0,0.0,0.0,0.0,0.0,0.0,,0.375,0,0,0.0,0.0,0.0,0.0,2.8000000000000007,0.0,71.05,0.0,0.0,0.0,0.0,,,,,-0.7072029780162855,0.7070105712681368,-0.7072029780162855,0.7070105712681368,-4.434622366743147,3.894984066166645,22.0,479.0,,,0.0,6,0.0,0.0,0.704388888888889,0.0,-0.0,59.375,1.0999999999999996,289,10,2015,198
2015-10-17,0.0,3.0999999999999996,0,0.0,10.0,17.6,13.133333333333333,19.1,7.7875000000000005,-6.024190055749355,3.697063637546593,77.75,181.41666666666666,600.0,77.625,,,,,,,,310.0506230919671,0.8065649379370521,0.0,0.0,0.0,0.0,0.0,0.0,,0.0,0,0,0.0,0.0,0.0,0.0,2.8000000000000007,0.0,71.05,0.0,0.0,0.0,0.0,,,,,-0.7654762158611959,0.6434641893305515,-0.7654762158611959,0.6434641893305515,-4.683807768345123,2.8744669781924763,23.0,480.0,,,0.0,6,0.0,0.0,0.7134444444444444,0.0,-0.0,46.725,-1.7166666666666668,290,10,2015,199
2015-10-18,0.0,0.0,0,0.0,7.5,19.3,13.120833333333332,10.9,5.295833333333333,-0.6506296172270726,1.3734472132626054,72.45833333333333,290.25,600.0,39.541666666666664,,,,,,,,40.84703803831911,0.2739559427903389,0.0,0.0,0.0,0.0,0.0,0.0,,0.4583333333333333,0,0,0.0,0.0,0.0,0.0,2.8000000000000007,0.0,71.05,0.0,0.0,0.0,0.0,,,,,0.6540418529240927,0.7564583627825259,0.6540418529240927,0.7564583627825259,-0.47143537681578296,0.9951769599431961,24.0,481.0,,,0.0,6,0.0,0.0,0.768361111111111,0.0,-0.0,31.775,-0.012500000000001066,291,10,2015,200
2015-10-19,0.0,0.1,0,0.0,7.5,19.2,13.616666666666667,12.5,6.583333333333333,-4.397251109942748,4.491388716070232,68.95833333333333,274.2916666666667,600.0,12.625,,,,,,,,322.19857668787415,0.9352504207601801,0.0,0.0,0.0,0.0,0.0,0.0,,0.75,0,0,0.0,0.0,0.0,0.0,2.8000000000000007,0.0,71.05,0.0,0.0,0.0,0.0,,,,,-0.6129266820860745,0.7901397866118097,-0.6129266820860745,0.7901397866118097,-3.03227107789802,3.097186802123431,25.0,482.0,,,0.0,6,0.0,0.0,0.7460555555555556,0.0,-0.0,39.5,0.49583333333333535,292,10,2015,201
2015-10-20,0.0,0.7999999999999999,0,0.0,8.6,20.4,14.283333333333333,17.2,8.816666666666666,-5.895466760608035,5.803510939355834,67.29166666666667,280.9583333333333,600.0,58.5,,,,,,,,322.85179257486493,0.9411320548168284,0.0,0.0,0.0,0.0,0.0,0.0,,0.125,0,0,0.0,0.0,0.0,0.0,2.8000000000000007,0.0,71.05,0.0,0.0,0.0,0.0,,,,,-0.6038788439595665,0.7970761204665823,-0.6038788439595665,0.7970761204665823,-3.9671578409924906,3.9052792362748634,26.0,483.0,,,0.0,6,0.0,0.0,0.7449444444444445,0.0,-0.0,52.9,0.6666666666666661,293,10,2015,202
2015-10-21,0.0,21.5,0,0.0,9.0,16.8,11.970833333333333,12.2,7.120833333333334,-3.4814031395721474,3.8202310927271235,89.29166666666667,176.25,600.0,93.0,,,,,,,,312.81240239893145,0.5882441625970893,0.0,0.0,0.0,0.0,0.0,0.0,,0.0,0,0,0.0,0.0,0.0,0.0,2.8000000000000007,0.0,71.05,0.0,0.0,0.0,0.0,,,,,-0.7335827736173319,0.6796001134872641,-0.7335827736173319,0.6796001134872641,-3.1086028867096305,3.4111480132142606,27.0,484.0,,,0.0,6,0.0,0.0,0.7484722222222223,0.0,-0.0,42.725,-2.3125,294,10,2015,203
2015-10-22,0.0,5.1,0,0.0,5.7,9.3,7.841666666666666,9.7,8.1625,4.784805981418984,-6.538871678362145,93.70833333333333,101.79166666666667,328.0,91.375,,,,,,,,143.50168094539347,0.9922115109366789,0.0,0.0,0.0,0.0,0.0,0.0,,0.0,0,0,0.0,0.0,0.0,0.0,2.59,0.0,71.05,0.0,0.0,0.0,0.0,,,,,0.594799202917328,-0.803874311201018,0.594799202917328,-0.803874311201018,4.483761938421372,-6.127467668598526,28.0,485.0,,,0.0,6,0.0,0.0,0.5868888888888889,0.0,-0.0,48.974999999999994,-4.129166666666667,295,10,2015,204
2015-10-23,0.0,0.0,0,0.0,4.5,11.5,7.795833333333333,6.2,3.595833333333333,1.6210826743423852,-0.12010595653801598,81.08333333333333,113.0,371.0,82.66666666666667,,,,,,,,61.481310952648116,0.3459307657745947,0.0,0.0,0.0,0.0,0.0,0.0,,0.08333333333333333,0,0,0.0,0.0,0.0,0.0,1.4700000000000002,0.0,71.05,0.0,0.0,0.0,0.0,,,,,0.8786614236869897,0.4774453921909313,0.8786614236869897,0.4774453921909313,1.3144278684459505,-0.09738591309290795,29.0,486.0,,,0.0,6,0.0,0.0,0.6011666666666667,0.0,-0.0,21.575,-0.045833333333332504,296,10,2015,205
2015-10-24,0.0,0.0,0,0.0,5.1,15.1,10.325000000000001,11.1,5.9375,-2.88776564025343,3.6614472356648733,70.125,256.375,600.0,58.041666666666664,,,,,,,,337.1050614399807,0.6836750423684509,0.0,0.0,0.0,0.0,0.0,0.0,,0.0,0,0,0.0,0.0,0.0,0.0,0.0,0.0,71.05,0.0,0.0,0.0,0.0,,,,,-0.3890425722155533,0.9212197767112396,-0.3890425722155533,0.9212197767112396,-2.025045655227718,2.5675898740099923,30.0,487.0,,,0.0,6,0.0,0.0,0.738,0.0,-0.0,35.625,2.5291666666666677,297,10,2015,206
2015-10-25,0.0,0.0,0,0.0,5.1,18.8,12.35,12.4,6.316666666666666,-3.685188032125431,4.289300714170241,61.25,330.0833333333333,600.0,45.375,,,,,,,,329.49283738842536,0.8803612614044832,0.0,0.0,0.0,0.0,0.0,0.0,,0.20833333333333334,0,0,0.0,0.0,0.0,0.0,0.0,0.0,71.05,0.0,0.0,0.0,0.0,,,,,-0.5076460722511171,0.8615657057520416,-0.5076460722511171,0.8615657057520416,-2.2571776696768264,2.6271966874292723,31.0,488.0,,,0.0,6,0.0,0.0,0.7575555555555556,0.0,-0.0,37.9,2.0249999999999986,298,10,2015,207
2015-10-26,0.0,3.1,0,0.0,5.4,18.3,12.054166666666667,22.5,12.704166666666666,-4.171659770616018,1.8897895796240889,65.125,300.2916666666667,600.0,53.666666666666664,,,,,,,,301.0569680609082,0.32460866721010395,0.0,0.0,0.0,0.0,0.0,0.0,,0.041666666666666664,0,0,0.0,0.0,0.0,0.0,0.0,0.0,71.05,0.0,0.0,0.0,0.0,,,,,-0.8566547849153866,0.5158900846901137,-0.8566547849153866,0.5158900846901137,-2.7167934256136816,1.2307254637301879,32.0,489.0,,,0.0,6,0.0,0.0,0.7506111111111111,0.0,-0.0,76.225,-0.2958333333333325,299,10,2015,208
2015-10-27,0.0,0.0,0,0.0,3.0,13.1,7.2,13.0,9.799999999999999,8.9954143429132,-3.2742218302829635,68.41666666666667,332.2083333333333,600.0,32.041666666666664,,,,,,,,107.97200380605736,0.9763032217245268,0.0,0.0,0.0,0.0,0.0,0.0,,0.5833333333333334,0,0,0.0,0.0,0.0,0.0,0.0,0.0,71.05,0.0,0.0,0.0,0.0,,,,,0.9512073964187818,-0.30855224678845306,0.9512073964187818,-0.30855224678845306,6.154362646276448,-2.240113435551928,33.0,490.0,,,0.0,6,0.0,0.0,0.7406388888888888,0.0,-0.0,58.8,-4.854166666666667,300,10,2015,209
2015-10-28,0.0,0.0,0,0.0,0.1,17.9,9.683333333333334,6.2,4.070833333333334,1.2281942061002014,-1.8169837193163432,58.541666666666664,346.4166666666667,600.0,8.875,,,,,,,,151.90758138662298,0.45404632340774487,0.0,0.0,0.0,0.0,0.0,0.0,,0.9166666666666666,0,0,0.0,0.0,0.0,0.0,0.0,0.0,71.05,0.0,0.0,0.0,0.0,,,,,0.4708951539296921,-0.8821891826618209,0.4708951539296921,-0.8821891826618209,0.7190053581544928,-1.0636925523497758,34.0,491.0,,,0.0,6,0.0,0.0,0.7594166666666666,0.0,-0.0,24.425000000000004,2.4833333333333334,301,10,2015,210
2015-10-29,0.0,0.0,0,0.0,4.4,17.4,11.25,5.5,2.8833333333333333,1.1381480318596588,-1.2257102213351454,62.916666666666664,283.0,600.0,39.458333333333336,,,,,,,,155.0570770792819,0.43514513294364926,0.0,0.0,0.0,0.0,0.0,0.0,,0.375,0,0,0.0,0.0,0.0,0.0,0.0,0.0,71.05,0.0,0.0,0.0,0.0,,,,,0.421715203816217,-0.9067283423772782,0.421715203816217,-0.9067283423772782,0.7160848033783687,-0.7711760142566956,35.0,492.0,,,0.0,6,0.0,0.0,0.731722222222222,0.0,-0.0,17.3,1.5666666666666664,302,10,2015,211
2015-10-30,0.0,0.5,0,0.0,5.7,17.7,11.674999999999999,10.6,5.741666666666667,-1.6603176978114709,2.2348429462816957,68.66666666666667,285.0833333333333,600.0,64.25,,,,,,,,352.24608738036784,0.3593485704589674,0.0,0.0,0.0,0.0,0.0,0.0,,0.16666666666666666,0,0,0.0,0.0,0.0,0.0,0.0,0.0,71.05,0.0,0.0,0.0,0.0,,,,,-0.13491859430374095,0.9908566863634228,-0.13491859430374095,0.9908566863634228,-1.1400848191638768,1.5345921564467644,36.0,493.0,,,0.0,6,0.0,0.0,0.7522777777777779,0.0,-0.0,34.45,0.42499999999999893,303,10,2015,212
2015-10-31,0.0,12.6,0,0.0,8.0,15.9,10.766666666666666,10.6,7.320833333333333,-2.4932988075320774,6.65344308954922,88.25,150.29166666666666,600.0,92.29166666666667,,,,,,,,341.0557881264956,0.9663336480981742,0.0,0.0,0.0,0.0,0.0,0.0,,0.0,0,0,0.0,0.0,0.0,0.0,0.0,0.0,71.05,0.0,0.0,0.0,0.0,,,,,-0.3246473616087666,0.945835128656399,-0.3246473616087666,0.945835128656399,-2.2003361976470583,5.871663526527186,37.0,494.0,,,0.0,6,0.0,0.0,0.7276944444444444,0.0,-0.0,43.925,-0.9083333333333332,304,10,2015,213
2015-11-01,0.0,13.9,0,0.0,9.7,18.3,13.266666666666666,15.0,9.316666666666666,-6.057309131293377,6.931662464802734,86.83333333333333,221.41666666666666,600.0,86.41666666666667,,,,,,,,318.75823750770314,0.9848826738105355,0.0,0.0,0.0,0.0,0.0,0.0,,0.0,0,0,0.0,0.0,0.0,0.0,0.0,0.0,71.05,0.0,0.0,0.0,0.0,,,,,-0.6592377150502028,0.7519345949318914,-0.6592377150502028,0.7519345949318914,-5.259763429006415,6.018993573603707,38.0,495.0,,,0.0,6,0.0,0.0,0.7703888888888888,0.0,-0.0,55.9,2.5,305,11,2015,214
2015-11-02,0.0,15.2,0,0.0,7.2,15.9,11.804166666666667,12.1,6.5375000000000005,-3.8510191274835255,1.9767619523787499,89.66666666666667,208.125,600.0,79.58333333333333,,,,,,,,290.27827531551793,0.5418483722060872,0.0,0.0,0.0,0.0,0.0,0.0,,0.0,0,0,0.0,0.0,0.0,0.0,0.0,0.0,71.05,0.0,0.0,0.0,0.0,,,,,-0.9380204138345943,0.34658000985281345,-0.9380204138345943,0.34658000985281345,-3.4530804843102283,1.7724965506329458,39.0,496.0,,,0.0,6,0.0,0.0,0.7709722222222223,0.0,-0.0,39.225,-1.4624999999999986,306,11,2015,215
2015-11-03,0.0,0.0,0,0.0,6.0,17.2,10.591666666666667,6.6,4.675,2.934452762576276,-0.4560568559652188,79.20833333333333,218.41666666666666,600.0,94.625,,,,,,,,89.17235998079708,0.5524526731165454,0.0,0.0,0.0,0.0,0.0,0.0,,0.0,0,0,0.0,0.0,0.0,0.0,0.0,0.0,71.05,0.0,0.0,0.0,0.0,,,,,0.999895672175316,0.01444454101288237,0.999895672175316,0.01444454101288237,2.3243311256906254,-0.3612350346624503,40.0,497.0,,,0.0,6,0.0,0.0,0.7429722222222223,0.0,-0.0,28.049999999999997,-1.2125000000000004,307,11,2015,216
2015-11-04,0.0,0.9,0,0.0,7.9,17.9,12.216666666666667,12.0,8.183333333333334,6.816331422432339,2.905784646878089,80.5,213.66666666666666,600.0,95.58333333333333,,,,,,,,71.19192213676938,0.8993358577634478,0.0,0.0,0.0,0.0,0.0,0.0,,0.0,0,0,0.0,0.0,0.0,0.0,0.0,0.0,71.05,0.0,0.0,0.0,0.0,,,,,0.9466038159787283,0.32239915566655847,0.9466038159787283,0.32239915566655847,5.487146795058033,2.339156640736862,41.0,498.0,,,0.0,6,0.0,0.0,0.7441111111111112,0.0,-0.0,49.1,1.625,308,11,2015,217
2015-11-05,0.0,10.6,0,0.0,9.2,14.6,11.608333333333334,13.1,8.470833333333333,3.005601344501477,5.789074644607929,93.95833333333333,128.625,419.0,93.04166666666667,,,,,,,,23.77786189472873,0.7463254070977928,0.0,0.0,0.0,0.0,0.0,0.0,,0.0,0,0,0.0,0.0,0.0,0.0,0.0,0.0,71.05,0.0,0.0,0.0,0.0,,,,,0.40319174153502735,0.9151155225204912,0.40319174153502735,0.9151155225204912,2.8240129299378456,5.4393180514962,42.0,499.0,,,0.0,6,0.0,0.0,0.7233888888888887,0.0,-0.0,50.825,-0.6083333333333325,309,11,2015,218
2015-11-06,0.0,6.7,0,0.0,9.3,15.3,11.758333333333333,10.3,5.8625,-5.0743651095734075,2.4486261752384206,89.58333333333333,205.875,600.0,84.08333333333333,,,,,,,,292.90780444050796,0.9443530962641986,0.0,0.0,0.0,0.0,0.0,0.0,,0.0,0,0,0.0,0.0,0.0,0.0,0.0,0.0,71.05,0.0,0.0,0.0,0.0,,,,,-0.9211323932081492,0.3892494241262633,-0.9211323932081492,0.3892494241262633,-4.54578541065951,2.193560948651085,43.0,500.0,,,0.0,6,0.0,0.0,0.7691944444444445,0.0,-0.0,35.175,0.14999999999999858,310,11,2015,219
2015-11-07,0.0,0.3,0,0.0,5.1,15.7,10.591666666666667,10.8,6.420833333333333,-2.077113967737425,-3.0318312493007373,78.0,222.125,600.0,73.08333333333333,,,,,,,,242.2131337604635,0.560933724487513,0.0,0.0,0.0,0.0,0.0,0.0,,0.0,0,0,0.0,0.0,0.0,0.0,0.0,0.0,71.05,0.0,0.0,0.0,0.0,,,,,-0.8846878605537357,-0.46618385792394607,-0.8846878605537357,-0.46618385792394607,-1.6201488948351914,-2.364828374454575,44.0,501.0,,,0.0,6,0.0,0.0,0.7414166666666667,0.0,-0.0,38.525,-1.166666666666666,311,11,2015,220
2015-11-08,0.0,0.0,0,0.0,3.4,18.5,11.091666666666667,6.5,4.608333333333333,2.826365292496634,-3.2245760294066286,63.708333333333336,351.875,600.0,37.625,,,,,,,,136.6156568456013,0.9315310877388246,0.0,0.0,0.0,0.0,0.0,0.0,,0.16666666666666666,0,0,0.0,0.0,0.0,0.0,0.0,0.0,71.05,0.0,0.0,0.0,0.0,,,,,0.6868889388113512,-0.7267623997831862,0.6868889388113512,-0.7267623997831862,1.8006302217613972,-2.0543236454011398,45.0,502.0,,,0.0,6,0.0,0.0,0.7802777777777777,0.0,-0.0,27.65,0.5,312,11,2015,221
2015-11-09,0.0,0.0,0,0.0,6.8,23.1,15.4375,6.4,2.3583333333333334,-0.387857656829836,-0.9257976206198507,58.041666666666664,338.1666666666667,600.0,56.416666666666664,,,,,,,,180.2253347118854,0.09863732074531918,0.0,0.0,0.0,0.0,0.0,0.0,,0.08333333333333333,0,0,0.0,0.0,0.0,0.0,0.0,0.0,71.05,0.0,0.0,0.0,0.0,,,,,-0.003932822503140919,-0.9999922664236753,-0.003932822503140919,-0.9999922664236753,-0.22511904831831728,-0.537348368968105,46.0,503.0,,,0.0,6,0.0,0.0,0.7522500000000001,0.0,-0.0,14.15,4.345833333333333,313,11,2015,222
2015-11-10,0.0,6.9,0,0.0,9.0,22.3,14.054166666666667,8.9,5.0249999999999995,0.25583197634886007,-1.4138162604987263,76.95833333333333,252.125,600.0,95.45833333333333,,,,,,,,327.44560904167673,0.10254941931515,0.0,0.0,0.0,0.0,0.0,0.0,,0.0,0,0,0.0,0.0,0.0,0.0,0.0,0.0,71.05,0.0,0.0,0.0,0.0,,,,,-0.5380999987276758,0.8428810066487886,-0.5380999987276758,0.8428810066487886,0.19688402513181022,-1.0880494304754782,47.0,504.0,,,0.0,6,0.0,0.0,0.7579444444444444,0.0,-0.0,30.15,-1.3833333333333329,314,11,2015,223
2015-11-11,0.0,22.0,0,0.0,8.4,15.0,11.258333333333333,6.4,4.966666666666667,4.423219017685506,0.9558528072944129,93.25,189.20833333333334,600.0,97.875,,,,,,,,74.58375942482556,0.8919520378378295,0.0,0.0,0.0,0.0,0.0,0.0,,0.0,0,0,0.0,0.0,0.0,0.0,0.0,0.0,71.05,0.0,0.0,0.0,0.0,,,,,0.9640200932228303,0.2658293811124826,0.9640200932228303,0.2658293811124826,4.124651733991734,0.8913327428020401,48.0,505.0,,,0.0,6,0.0,0.0,0.7703055555555555,0.0,-0.0,29.8,-2.7958333333333343,315,11,2015,224
2015-11-12,0.0,26.7,0,0.0,9.5,15.2,11.9625,10.2,6.2,-2.9508703062124018,4.962048470176756,90.75,169.91666666666666,592.0,94.5,,,,,,,,329.8546416048508,0.898676931817066,0.0,0.0,0.0,0.0,0.0,0.0,,0.0,0,0,0.0,0.0,0.0,0.0,0.0,0.0,71.05,0.0,0.0,0.0,0.0,,,,,-0.5021954799464122,0.8647541268599952,-0.5021954799464122,0.8647541268599952,-2.6779148028877544,4.5030589866854065,49.0,506.0,,,0.0,6,0.0,0.0,0.7491111111111112,0.0,-0.0,37.2,0.7041666666666675,316,11,2015,225
2015-11-13,0.0,10.7,0,0.0,7.7,15.0,11.1,9.0,6.595833333333334,-2.2022093851785733,-0.5645656769850161,85.5,210.54166666666666,600.0,78.75,,,,,,,,275.69572161524064,0.41098435929754534,0.0,0.0,0.0,0.0,0.0,0.0,,0.0,0,0,0.0,0.0,0.0,0.0,0.0,0.0,71.05,0.0,0.0,0.0,0.0,,,,,-0.99506298358155,0.09924544677608087,-0.99506298358155,0.09924544677608087,-1.8828890243276803,-0.48270365382218877,50.0,507.0,,,0.0,6,0.0,0.0,0.7586944444444444,0.0,-0.0,39.575,-0.8625000000000007,317,11,2015,226
2015-11-14,0.0,4.0,0,0.0,5.6,13.5,9.0,9.7,6.295833333333333,3.841079204536135,-4.801086186743523,77.58333333333333,246.91666666666666,600.0,74.33333333333333,,,,,,,,142.63410613024186,0.9669458981315443,0.0,0.0,0.0,0.0,0.0,0.0,,0.0,0,0,0.0,0.0,0.0,0.0,0.0,0.0,71.05,0.0,0.0,0.0,0.0,,,,,0.6069028455051265,-0.7947760289023447,0.6069028455051265,-0.7947760289023447,2.980037282852618,-3.7248426998818496,51.0,508.0,,,0.0,6,0.0,0.0,0.7232222222222222,0.0,-0.0,37.775,-2.0999999999999996,318,11,2015,227
2015-11-15,0.0,0.0,0,0.0,3.0,13.9,8.516666666666667,8.9,7.05,5.378932531543225,-4.273190863850094,71.29166666666667,276.875,600.0,44.625,,,,,,,,127.88686684197155,0.9725092959392183,0.0,0.0,0.0,0.0,0.0,0.0,,0.08333333333333333,0,0,0.0,0.0,0.0,0.0,0.0,0.0,71.05,0.0,0.0,0.0,0.0,,,,,0.7892248686218949,-0.6141043125957941,0.7892248686218949,-0.6141043125957941,3.8347306506126917,-3.046428986686463,52.0,509.0,,,0.0,6,0.0,0.0,0.7311111111111112,0.0,-0.0,42.3,-0.4833333333333325,319,11,2015,228
2015-11-16,0.0,0.7000000000000001,0,0.0,2.9,15.1,9.987499999999999,7.9,4.1875,-1.8032495921404286,-0.03496691668230855,75.875,249.16666666666666,600.0,58.958333333333336,,,,,,,,319.25392496292756,0.2983050522557887,0.0,0.0,0.0,0.0,0.0,0.0,,0.08333333333333333,0,0,0.0,0.0,0.0,0.0,0.0,0.0,71.05,0.0,0.0,0.0,0.0,,,,,-0.6527078550584657,0.7576096989512323,-0.6527078550584657,0.7576096989512323,-1.36821562803655,-0.026531148032701613,53.0,510.0,,,0.0,6,0.0,0.0,0.752361111111111,0.0,-0.0,25.125,1.4708333333333314,320,11,2015,229
2015-11-17,0.0,0.8,0,0.0,5.7,17.9,12.108333333333334,15.8,8.85,-6.199124289920167,5.457897469811932,66.91666666666667,334.375,600.0,22.166666666666668,,,,,,,,319.71186127236746,0.9320533858903046,0.0,0.0,0.0,0.0,0.0,0.0,,0.5,0,0,0.0,0.0,0.0,0.0,0.0,0.0,71.05,0.0,0.0,0.0,0.0,,,,,-0.6466318793842559,0.762802210644401,-0.6466318793842559,0.762802210644401,-4.148247337338245,3.6522430568824844,54.0,511.0,,,0.0,6,0.0,0.0,0.7793055555555556,0.0,-0.0,53.099999999999994,2.1208333333333353,321,11,2015,230
2015-11-18,0.0,0.0,0,0.0,7.8,21.4,14.820833333333333,19.1,10.625,-8.73781206385683,4.775165549159852,53.041666666666664,375.75,600.0,3.75,,,,,,,,306.91406471521464,0.9350398179287784,0.0,0.0,0.0,0.0,0.0,0.0,,0.9583333333333334,0,0,0.0,0.0,0.0,0.0,0.0,0.0,71.05,0.0,0.0,0.0,0.0,,,,,-0.7995372458863965,0.6006165102962089,-0.7995372458863965,0.6006165102962089,-4.634681148870727,2.5328273933668712,55.0,512.0,,,0.0,6,0.0,0.0,0.7606388888888889,0.0,-0.0,63.75,2.7124999999999986,322,11,2015,231
2015-11-19,0.0,0.7000000000000001,0,0.0,10.8,25.5,17.8625,17.7,8.4,-6.901963818076303,3.3589474812899733,51.25,307.4166666666667,600.0,41.666666666666664,,,,,,,,309.10622037111347,0.8358679664154919,0.0,0.0,0.0,0.0,0.0,0.0,,0.4583333333333333,0,0,0.0,0.0,0.0,0.0,0.0,0.0,71.05,0.0,0.0,0.0,0.0,,,,,-0.7759779325708647,0.6307600559349384,-0.7759779325708647,0.6307600559349384,-3.5372564567641054,1.7214605841611115,56.0,513.0,,,0.0,6,0.0,0.0,0.7091111111111111,0.0,-0.0,50.400000000000006,3.041666666666668,323,11,2015,232
2015-11-20,0.0,7.1,0,0.0,11.5,24.4,18.008333333333333,20.0,10.558333333333334,-7.320914192516038,5.170804765462809,61.625,335.2083333333333,600.0,32.916666666666664,,,,,,,,309.5231965962431,0.7418818786512328,0.0,0.0,0.0,0.0,0.0,0.0,,0.4166666666666667,0,0,0.0,0.0,0.0,0.0,0.0,0.0,71.05,0.0,0.0,0.0,0.0,,,,,-0.7713669994494685,0.6363905657379937,-0.7713669994494685,0.6363905657379937,-4.511513371138008,3.186508436716456,57.0,514.0,,,0.0,6,0.0,0.0,0.7622222222222222,0.0,-0.0,63.35,0.14583333333333215,324,11,2015,233
2015-11-21,0.0,0.4,0,0.0,6.4,17.0,11.220833333333333,9.0,7.2124999999999995,-1.9308304157376142,-5.789565414252146,67.04166666666667,372.4583333333333,600.0,20.208333333333332,,,,,,,,201.02356041345774,0.8141826933644725,0.0,0.0,0.0,0.0,0.0,0.0,,0.6666666666666666,0,0,0.0,0.0,0.0,0.0,0.0,0.0,71.05,0.0,0.0,0.0,0.0,,,,,-0.35875181384457083,-0.9334329842378779,-0.35875181384457083,-0.9334329842378779,-1.2944608912174254,-3.881421146471543,58.0,515.0,,,0.0,6,0.0,0.0,0.8051111111111111,0.0,-0.0,43.275,-6.7875,325,11,2015,234
2015-11-22,0.0,0.0,0,0.0,6.4,17.2,12.120833333333332,13.0,6.491666666666667,-3.6735371150887803,2.4584514907618336,67.58333333333333,304.5416666666667,600.0,26.875,,,,,,,,308.60498259257827,0.41560516351776433,0.0,0.0,0.0,0.0,0.0,0.0,,0.4583333333333333,0,0,0.0,0.0,0.0,0.0,0.0,0.0,71.05,0.0,0.0,0.0,0.0,,,,,-0.7814662152433863,0.6239475574382654,-0.7814662152433863,0.6239475574382654,-2.482698833614167,1.6615034658398724,59.0,516.0,,,0.0,6,0.0,0.0,0.7616388888888889,0.0,-0.0,38.95,0.8999999999999986,326,11,2015,235
2015-11-23,0.0,0.0,0,0.0,7.7,17.7,12.225,13.1,5.358333333333333,-4.6173580249314075,1.3919892773101215,63.166666666666664,341.25,600.0,22.625,,,,,,,,295.11544880362516,0.6610109692603587,0.0,0.0,0.0,0.0,0.0,0.0,,0.5416666666666666,0,0,0.0,0.0,0.0,0.0,0.0,0.0,71.05,0.0,0.0,0.0,0.0,,,,,-0.9054543881482571,0.4244435780914413,-0.9054543881482571,0.4244435780914413,-2.9166311524150057,0.8792732268342267,60.0,517.0,,,0.0,6,0.0,0.0,0.771388888888889,0.0,-0.0,32.15,0.10416666666666785,327,11,2015,236
2015-11-24,0.0,0.0,0,0.0,5.9,18.3,12.075000000000001,15.1,8.1875,-6.092567958317144,4.874526901591667,58.75,387.9166666666667,600.0,1.4166666666666667,,,,,,,,320.225069702018,0.9009646914119449,0.0,0.0,0.0,0.0,0.0,0.0,,0.9583333333333334,0,0,0.0,0.0,0.0,0.0,0.0,0.0,71.05,0.0,0.0,0.0,0.0,,,,,-0.6397734766548849,0.7685635292992515,-0.6397734766548849,0.7685635292992515,-3.579383675511322,2.8637845546851044,61.0,518.0,,,0.0,6,0.0,0.0,0.7877777777777778,0.0,-0.0,49.125,-0.14999999999999858,328,11,2015,237
2015-11-25,0.0,0.0,0,0.0,6.6,20.8,14.887500000000001,22.1,14.316666666666668,-9.160716794675869,10.971825223818762,42.5,379.5416666666667,600.0,28.333333333333332,,,,,,,,320.16680163111795,0.9980764956818329,0.0,0.0,0.0,0.0,0.0,0.0,,0.5833333333333334,0,0,0.0,0.0,0.0,0.0,0.0,0.0,71.05,0.0,0.0,0.0,0.0,,,,,-0.6405547514956321,0.767912501745068,-0.6405547514956321,0.767912501745068,-3.8933046377372444,4.663025720122974,62.0,519.0,,,0.0,6,0.0,0.0,0.7280277777777777,0.0,-0.0,85.9,2.8125,329,11,2015,238
2015-11-26,0.0,1.4000000000000001,0,0.0,3.6,17.7,10.716666666666667,24.1,16.941666666666666,-14.35725021992709,7.909622769255971,51.25,277.375,600.0,46.041666666666664,,,,,,,,296.4363079519885,0.9661918081288368,0.0,0.0,0.0,0.0,0.0,0.0,,0.2916666666666667,0,0,0.0,0.0,0.0,0.0,0.0,0.0,71.05,0.0,0.0,0.0,0.0,,,,,-0.8954298180769996,0.44520269641882376,-0.8954298180769996,0.44520269641882376,-7.358090737712633,4.053681669243685,63.0,520.0,,,0.0,6,0.0,0.0,0.6890833333333332,0.0,-0.0,101.65,-4.170833333333334,330,11,2015,239
2015-11-27,0.0,0.0,0,0.0,0.9,14.9,8.216666666666667,10.0,5.495833333333334,-4.07055447518712,0.9273749074633412,55.541666666666664,393.5833333333333,600.0,2.875,,,,,,,,284.6355843238536,0.7088525808147292,0.0,0.0,0.0,0.0,0.0,0.0,,0.9583333333333334,0,0,0.0,0.0,0.0,0.0,0.0,0.0,71.05,0.0,0.0,0.0,0.0,,,,,-0.967552432753202,0.25267031854446315,-0.967552432753202,0.25267031854446315,-2.260853798093513,0.5150794798535974,64.0,521.0,,,0.0,6,0.0,0.0,0.778638888888889,0.0,-0.0,32.975,-2.5,331,11,2015,240
2015-11-28,0.0,0.0,0,0.0,3.8,19.5,12.091666666666667,6.6,3.85,-0.08647899104855417,1.1407460346764364,66.41666666666667,357.875,600.0,50.75,,,,,,,,0.7024891883530461,0.26484947130432523,0.0,0.0,0.0,0.0,0.0,0.0,,0.25,0,0,0.0,0.0,0.0,0.0,0.0,0.0,71.05,0.0,0.0,0.0,0.0,,,,,0.012260442113886891,0.9999248379549195,0.012260442113886891,0.9999248379549195,-0.05743646322141473,0.7576454913642665,65.0,522.0,,,0.0,6,0.0,0.0,0.7933055555555555,0.0,-0.0,23.1,3.875,332,11,2015,241
2015-11-29,0.0,0.7000000000000001,0,0.0,9.0,16.8,12.170833333333334,12.4,6.679166666666667,-4.863631390542629,3.638094378874714,68.66666666666667,261.0,600.0,87.70833333333333,,,,,,,,315.4633309015747,0.8844304402905926,0.0,0.0,0.0,0.0,0.0,0.0,,0.0,0,0,0.0,0.0,0.0,0.0,0.0,0.0,71.05,0.0,0.0,0.0,0.0,,,,,-0.7013655985160266,0.712801723635862,-0.7013655985160266,0.712801723635862,-3.3396935548392723,2.498158140160637,66.0,523.0,,,0.0,6,0.0,0.0,0.7362222222222222,0.0,-0.0,40.075,0.0791666666666675,333,11,2015,242
2015-11-30,0.0,0.0,0,0.0,6.0,19.3,13.095833333333333,14.8,8.487499999999999,-5.323782436643135,5.8465677604068915,61.583333333333336,387.4166666666667,600.0,5.25,,,,,,,,326.5419268951532,0.9209943618491506,0.0,0.0,0.0,0.0,0.0,0.0,,0.9583333333333334,0,0,0.0,0.0,0.0,0.0,0.0,0.0,71.05,0.0,0.0,0.0,0.0,,,,,-0.5513266313302105,0.834289485482157,-0.5513266313302105,0.834289485482157,-3.2785626838993975,3.600511312450578,67.0,524.0,,,0.0,6,0.0,0.0,0.7968888888888889,0.0,-0.0,50.925,0.9249999999999989,334,11,2015,243
2015-12-01,0.0,1.3000000000000003,0,0.0,10.4,21.7,15.791666666666666,25.8,13.549999999999999,-8.40864313946853,9.884101588763675,56.833333333333336,320.9166666666667,600.0,46.875,,,,,,,,318.5632712428226,0.937865819148839,0.0,0.0,0.0,0.0,0.0,0.0,,0.3333333333333333,0,0,0.0,0.0,0.0,0.0,0.0,0.0,71.05,0.0,0.0,0.0,0.0,,,,,-0.6617925789214922,0.7496869896726504,-0.6617925789214922,0.7496869896726504,-4.778912184264615,5.6174644029473555,68.0,525.0,,,0.0,6,0.0,0.0,0.7367222222222223,0.0,-0.0,81.3,2.695833333333333,335,12,2015,244
2015-12-02,0.21000000000000002,8.8,2,0.14,2.7,13.7,8.129166666666666,11.5,7.154166666666666,-3.70689195433369,-5.074038329984818,66.0,343.25,600.0,43.125,,,,,,,,216.093985566974,0.7301860055059362,3.45,5.85,6.1,97.0,-3.9404011968662775,-4.316334538835216,222.49999999999997,0.4166666666666667,0,2,0.2100000000000018,0.21000000000000002,0.2100000000000009,0.2100000000000009,0.21000000000000002,0.0,71.26,0.0,0.0,0.0,0.0,,,,,-0.5891115380687828,-0.8080517283653522,-0.6755902076156598,-0.7372773368101244,-2.446548689860235,-3.34886529778998,0.0,526.0,1.0,0.9999999999999958,2.415,0,0.031872914062499993,0.21000000000000002,0.7532777777777778,1.2285000000000001,0.0,0.0,-7.6625,336,12,2015,245
2015-12-03,0.0,0.0,0,0.0,3.0,19.8,11.595833333333333,9.7,5.2749999999999995,2.1310405474320206,-4.147963832449833,60.0,386.75,600.0,5.708333333333333,,,,,,,,154.7883744896087,0.8542341754307803,0.0,0.0,0.0,0.0,0.0,0.0,,0.9166666666666666,0,0,0.2100000000000018,0.21000000000000002,0.2100000000000009,0.2100000000000009,0.21000000000000002,0.0,71.26,0.0,0.0,0.0,0.0,,,,,0.42596287531490507,-0.9047406417606422,0.42596287531490507,-0.9047406417606422,1.2786243284592123,-2.4887782994699,1.0,527.0,0.0,0.9999999999999958,0.0,1,0.0,0.10500000000000001,0.7911666666666667,0.0,-0.0,5.2749999999999995,3.466666666666667,337,12,2015,246
2015-12-04,0.0,0.0,0,0.0,7.0,21.4,14.4,5.7,4.070833333333334,1.4336021544172235,-1.7252716341867445,62.166666666666664,317.7916666666667,600.0,26.375,,,,,,,,137.35964381494958,0.4570177134743596,0.0,0.0,0.0,0.0,0.0,0.0,,0.625,0,0,0.0,0.21000000000000002,0.2100000000000009,0.2100000000000009,0.21000000000000002,0.0,71.26,0.0,0.0,0.0,0.0,,,,,0.6773942704724197,-0.735620148127509,0.6773942704724197,-0.735620148127509,0.8912226726627073,-1.072543865919426,2.0,528.0,0.0,0.9999999999999958,0.0,2,0.0,0.07,0.7524166666666666,0.0,-0.0,8.141666666666667,2.804166666666667,338,12,2015,247
2015-12-05,0.0,0.0,0,0.0,9.1,21.6,15.966666666666667,7.7,5.258333333333334,-0.3280183661902316,-1.950389297494801,59.041666666666664,313.4583333333333,600.0,56.708333333333336,,,,,,,,179.9470296110474,0.1802687552542245,0.0,0.0,0.0,0.0,0.0,0.0,,0.16666666666666666,0,0,0.0,0.0,0.2100000000000009,0.2100000000000009,0.21000000000000002,0.0,71.26,0.0,0.0,0.0,0.0,,,,,0.0009245075615864476,-0.9999995726427929,0.0009245075615864476,-0.9999995726427929,-0.19366751037148258,-1.151542347729222,3.0,529.0,,0.0,0.0,3,0.0,0.0,0.7391111111111112,0.0,-0.0,15.775000000000002,1.5666666666666664,339,12,2015,248
2015-12-06,0.0,0.30000000000000004,0,0.0,10.1,21.9,15.845833333333333,10.2,5.741666666666667,-0.37304313110335285,-1.4875557587244133,62.625,263.3333333333333,600.0,64.04166666666667,,,,,,,,117.30471123004591,0.2605781057934647,0.0,0.0,0.0,0.0,0.0,0.0,,0.25,0,0,0.0,0.0,0.2100000000000009,0.2100000000000009,0.21000000000000002,0.0,71.26,0.0,0.0,0.0,0.0,,,,,0.8885795165142956,-0.4587226207973842,0.8885795165142956,-0.4587226207973842,-0.23361826085347473,-0.9315817939011637,4.0,530.0,,0.0,0.0,4,0.0,0.0,0.7176388888888888,0.0,-0.0,22.96666666666667,-0.12083333333333357,340,12,2015,249
2015-12-07,0.0,0.6,0,0.0,12.1,19.8,15.466666666666667,6.5,4.95,4.233353666546191,1.2962689043863584,77.0,133.25,506.0,99.625,,,,,,,,68.37080726594546,0.8731156886985014,0.0,0.0,0.0,0.0,0.0,0.0,,0.0,0,0,0.0,0.0,0.2100000000000009,0.2100000000000009,0.21000000000000002,0.0,71.26,0.0,0.0,0.0,0.0,,,,,0.9295888023184379,0.3685982346731631,0.9295888023184379,0.3685982346731631,3.259682323240567,0.998127056377496,5.0,531.0,,0.0,0.0,5,0.0,0.0,0.6788333333333334,0.0,-0.0,24.75,-0.37916666666666643,341,12,2015,250
2015-12-08,0.0,9.1,0,0.0,12.9,18.6,15.308333333333332,15.3,8.979166666666666,-2.7837753798923046,6.720375280816803,83.70833333333333,189.54166666666666,600.0,99.33333333333333,,,,,,,,345.11081506274866,0.765915126325693,0.0,0.0,0.0,0.0,0.0,0.0,,0.0,0,0,0.0,0.0,0.2100000000000009,0.2100000000000009,0.21000000000000002,0.0,71.26,0.0,0.0,0.0,0.0,,,,,-0.25695037692049344,0.9664245980936207,-0.25695037692049344,0.9664245980936207,-2.3302519742515164,5.6255141413170655,6.0,532.0,,0.0,0.0,6,0.0,0.0,0.7387222222222222,0.0,-0.0,53.875,-0.158333333333335,342,12,2015,251
2015-12-09,0.0,1.9000000000000001,0,0.0,12.0,20.7,15.529166666666667,17.6,10.395833333333334,-7.29381287930342,6.883503550454901,69.95833333333333,338.75,600.0,41.291666666666664,,,,,,,,317.47206444828186,0.9540702028813145,0.0,0.0,0.0,0.0,0.0,0.0,,0.5416666666666666,0,0,0.0,0.0,0.0,0.2100000000000009,0.21000000000000002,0.0,71.26,0.0,0.0,0.0,0.0,,,,,-0.6759495996617482,0.7369478534585214,-0.6759495996617482,0.7369478534585214,-5.102629926812685,4.815584358839074,7.0,533.0,,,0.0,6,0.0,0.0,0.7923611111111111,0.0,-0.0,62.375,0.220833333333335,343,12,2015,252
2015-12-10,0.0,1.5,0,0.0,10.7,19.0,14.729166666666666,20.2,10.441666666666666,-8.147714984572094,5.191336074970077,58.541666666666664,354.8333333333333,600.0,14.833333333333334,,,,,,,,317.82698949323094,0.8815150281148544,0.0,0.0,0.0,0.0,0.0,0.0,,0.6666666666666666,0,0,0.0,0.0,0.0,0.2100000000000009,0.21000000000000002,0.0,71.26,0.0,0.0,0.0,0.0,,,,,-0.6713715547161839,0.7411209317769767,-0.6713715547161839,0.7411209317769767,-4.769808147218246,3.039094660555399,8.0,534.0,,,0.0,6,0.0,0.0,0.7650277777777778,0.0,-0.0,62.65,-0.8000000000000007,344,12,2015,253
2015-12-11,0.0,0.0,0,0.0,5.7,16.8,11.683333333333332,25.0,14.4625,-12.752410533234231,5.571769448056941,55.166666666666664,386.125,600.0,20.541666666666668,,,,,,,,296.90992942799153,0.939132952167446,0.0,0.0,0.0,0.0,0.0,0.0,,0.5833333333333334,0,0,0.0,0.0,0.0,0.2100000000000009,0.21000000000000002,0.0,71.26,0.0,0.0,0.0,0.0,,,,,-0.8917191087306368,0.45258925210906065,-0.8917191087306368,0.45258925210906065,-7.035079810834218,3.0737594788447455,9.0,535.0,,,0.0,6,0.0,0.0,0.774638888888889,0.0,-0.0,86.775,-3.0458333333333343,345,12,2015,254
2015-12-12,0.0,0.0,0,0.0,1.9,16.8,9.3375,7.9,5.183333333333334,-3.34618085508863,-1.7402611198789495,56.541666666666664,391.7083333333333,600.0,15.583333333333334,,,,,,,,236.38352457005502,0.700302151304511,0.0,0.0,0.0,0.0,0.0,0.0,,0.625,0,0,0.0,0.0,0.0,0.2100000000000009,0.21000000000000002,0.0,71.26,0.0,0.0,0.0,0.0,,,,,-0.8327620782614293,-0.553631033279119,-0.8327620782614293,-0.553631033279119,-1.8919864251480294,-0.9839726415315561,10.0,536.0,,,0.0,6,0.0,0.0,0.7829444444444444,0.0,-0.0,31.1,-2.3458333333333314,346,12,2015,255
2015-12-13,0.0,0.0,0,0.0,4.7,18.0,11.641666666666666,11.4,6.3625,-4.678581047428396,3.1762794747729655,58.583333333333336,353.0,600.0,84.75,,,,,,,,312.1435331727075,0.8122059849957978,0.0,0.0,0.0,0.0,0.0,0.0,,0.041666666666666664,0,0,0.0,0.0,0.0,0.2100000000000009,0.21000000000000002,0.0,71.26,0.0,0.0,0.0,0.0,,,,,-0.7414662385900888,0.6709901765533275,-0.7414662385900888,0.6709901765533275,-2.7408687302851353,1.8607703923044958,11.0,537.0,,,0.0,6,0.0,0.0,0.7639444444444444,0.0,-0.0,38.175,2.3041666666666654,347,12,2015,256
2015-12-14,0.0,0.0,0,0.0,5.9,21.5,14.924999999999999,12.5,6.141666666666667,-4.443707047568363,1.5773027234200196,45.625,384.125,600.0,18.291666666666668,,,,,,,,304.8099730119353,0.627911640645102,0.0,0.0,0.0,0.0,0.0,0.0,,0.7083333333333334,0,0,0.0,0.0,0.0,0.2100000000000009,0.21000000000000002,0.0,71.26,0.0,0.0,0.0,0.0,,,,,-0.8210498572099321,0.5708564898252013,-0.8210498572099321,0.5708564898252013,-2.027441340453066,0.719644367560384,12.0,538.0,,,0.0,6,0.0,0.0,0.7414999999999999,0.0,-0.0,36.85,3.283333333333333,348,12,2015,257
2015-12-15,0.0,3.5,0,0.0,9.5,21.3,14.775,10.5,6.066666666666666,-0.9550582522837026,-0.5236996270535902,62.125,274.6666666666667,600.0,67.58333333333333,,,,,,,,137.07638679293842,0.07745854008028201,0.0,0.0,0.0,0.0,0.0,0.0,,0.0,0,0,0.0,0.0,0.0,0.2100000000000009,0.21000000000000002,0.0,71.26,0.0,0.0,0.0,0.0,,,,,0.6810227127340249,-0.7322622923108835,0.6810227127340249,-0.7322622923108835,-0.5933299392312502,-0.32534839330704296,13.0,539.0,,,0.0,6,0.0,0.0,0.7235277777777777,0.0,-0.0,36.4,-0.14999999999999858,349,12,2015,258
2015-12-16,0.0,0.0,0,0.0,7.2,20.7,14.045833333333334,9.9,5.945833333333333,5.602885959569508,-1.5826385342022082,70.70833333333333,351.4166666666667,600.0,18.541666666666668,,,,,,,,104.87990192699827,0.9764514255755796,0.0,0.0,0.0,0.0,0.0,0.0,,0.625,0,0,0.0,0.0,0.0,0.0,0.21000000000000002,0.0,71.26,0.0,0.0,0.0,0.0,,,,,0.9664662162761462,-0.2567937943114464,0.9664662162761462,-0.2567937943114464,3.9617072805789393,-1.119057330225478,14.0,540.0,,,0.0,6,0.0,0.0,0.8033055555555556,0.0,-0.0,35.675,-0.7291666666666661,350,12,2015,259
2015-12-17,0.0,0.0,0,0.0,7.3,23.1,16.120833333333334,6.1,4.4375,-1.5406605255674852,0.722419626606841,62.916666666666664,338.0833333333333,600.0,27.75,,,,,,,,308.46500652283567,0.4004741827904468,0.0,0.0,0.0,0.0,0.0,0.0,,0.5416666666666666,0,0,0.0,0.0,0.0,0.0,0.21000000000000002,0.0,71.26,0.0,0.0,0.0,0.0,,,,,-0.782988212547243,0.6220365415408273,-0.782988212547243,0.6220365415408273,-0.9693322473362095,0.4545223484068041,15.0,541.0,,,0.0,6,0.0,0.0,0.7684444444444445,0.0,-0.0,26.625,2.0749999999999993,351,12,2015,260
2015-12-18,0.0,0.6,0,0.0,11.4,24.8,18.57916666666667,11.2,6.0249999999999995,-4.022400358209463,3.221962975658362,55.416666666666664,367.9583333333333,600.0,22.25,,,,,,,,311.1283976678779,0.8129750357630736,0.0,0.0,0.0,0.0,0.0,0.0,,0.5416666666666666,0,0,0.0,0.0,0.0,0.0,0.21000000000000002,0.0,71.26,0.0,0.0,0.0,0.0,,,,,-0.7532374830212609,0.6577486557734616,-0.7532374830212609,0.6577486557734616,-2.2290801985077437,1.785504482344009,16.0,542.0,,,0.0,6,0.0,0.0,0.7633611111111112,0.0,-0.0,36.15,2.4583333333333357,352,12,2015,261
2015-12-19,0.0,0.7,0,0.0,13.9,26.4,20.3,14.9,8.966666666666667,-5.212066945262918,6.729451194558842,50.541666666666664,353.75,600.0,43.875,,,,,,,,327.58249783082664,0.9467092273954443,0.0,0.0,0.0,0.0,0.0,0.0,,0.2916666666666667,0,0,0.0,0.0,0.0,0.0,0.21000000000000002,0.0,71.26,0.0,0.0,0.0,0.0,,,,,-0.5360846872306526,0.8441642068441503,-0.5360846872306526,0.8441642068441503,-2.6342655019182994,3.4011767912499478,17.0,543.0,,,0.0,6,0.0,0.0,0.7376388888888888,0.0,-0.0,53.8,1.7208333333333314,353,12,2015,262
2015-12-20,0.0,3.3,0,0.0,14.7,27.9,20.816666666666666,26.0,14.141666666666666,-8.488494076323462,9.953357022984461,47.416666666666664,360.6666666666667,600.0,32.416666666666664,,,,,,,,327.19008685878373,0.89917682006933,0.0,0.0,0.0,0.0,0.0,0.0,,0.5833333333333334,0,0,0.0,0.0,0.0,0.0,0.21000000000000002,0.0,71.26,0.0,0.0,0.0,0.0,,,,,-0.5418536344469324,0.8404728662108315,-0.5418536344469324,0.8404728662108315,-4.0249609411900416,4.719550121731799,18.0,544.0,,,0.0,6,0.0,0.0,0.7318333333333333,0.0,-0.0,84.85,0.5166666666666657,354,12,2015,263
2015-12-21,0.0,4.3,0,0.0,11.8,20.1,15.0625,9.2,6.875,-1.1987516491695274,-1.6461526504797186,74.20833333333333,234.625,600.0,99.91666666666667,,,,,,,,221.24026746511345,0.3374920184142208,0.0,0.0,0.0,0.0,0.0,0.0,,0.0,0,0,0.0,0.0,0.0,0.0,0.21000000000000002,0.0,71.26,0.0,0.0,0.0,0.0,,,,,-0.6592180944860454,-0.7519517962623584,-0.6592180944860454,-0.7519517962623584,-0.8895736196545534,-1.221582446043491,19.0,545.0,,,0.0,6,0.0,0.0,0.737111111111111,0.0,-0.0,41.25,-5.754166666666666,355,12,2015,264
2015-12-22,0.0,0.1,0,0.0,10.3,16.8,13.145833333333334,7.9,6.145833333333333,5.591608331787644,0.944066853242883,70.79166666666667,261.9583333333333,600.0,80.91666666666667,,,,,,,,79.45265887214322,0.9242849397258857,0.0,0.0,0.0,0.0,0.0,0.0,,0.0,0,0,0.0,0.0,0.0,0.0,0.21000000000000002,0.0,71.26,0.0,0.0,0.0,0.0,,,,,0.9831039982839274,0.18304788597018992,0.9831039982839274,0.18304788597018992,3.9583927315446705,0.668320659858191,20.0,546.0,,,0.0,6,0.0,0.0,0.7439444444444444,0.0,-0.0,36.875,-1.916666666666666,356,12,2015,265
2015-12-23,0.0,11.9,0,0.0,8.4,16.7,12.012500000000001,5.1,3.529166666666667,1.3372653475057428,-0.690509400122813,84.75,216.375,600.0,48.541666666666664,,,,,,,,120.9215930238483,0.3113924949290978,0.0,0.0,0.0,0.0,0.0,0.0,,0.20833333333333334,0,0,0.0,0.0,0.0,0.0,0.21000000000000002,0.0,71.26,0.0,0.0,0.0,0.0,,,,,0.8578713068287002,-0.5138645939544951,0.8578713068287002,-0.5138645939544951,1.133332382011117,-0.5852067166040841,21.0,547.0,,,0.0,6,0.0,0.0,0.7600833333333333,0.0,-0.0,21.175,-1.1333333333333329,357,12,2015,266
2015-12-24,0.0,0.0,0,0.0,6.8,21.2,13.958333333333334,7.0,4.929166666666666,4.742425162845352,0.8379211461314866,65.66666666666667,379.625,600.0,38.083333333333336,,,,,,,,81.57268199317245,0.9778768671266587,0.0,0.0,0.0,0.0,0.0,0.0,,0.4583333333333333,0,0,0.0,0.0,0.0,0.0,0.21000000000000002,0.0,71.26,0.0,0.0,0.0,0.0,,,,,0.9892025697159295,0.14655468626898896,0.9892025697159295,0.14655468626898896,3.1141925236017816,0.5502348859596763,22.0,548.0,,,0.0,6,0.0,0.0,0.8053055555555556,0.0,-0.0,29.574999999999996,1.9458333333333329,358,12,2015,267
2015-12-25,0.0,0.0,0,0.0,7.6,22.3,15.3125,9.5,6.441666666666666,-0.33092059448759126,5.59944564653846,56.625,399.4583333333333,600.0,0.7916666666666666,,,,,,,,0.3362371163418283,0.8582504952387963,0.0,0.0,0.0,0.0,0.0,0.0,,1.0,0,0,0.0,0.0,0.0,0.0,0.21000000000000002,0.0,71.26,0.0,0.0,0.0,0.0,,,,,0.005868411064087793,0.9999827807275398,0.005868411064087793,0.9999827807275398,-0.18738378662859856,3.1706860973524034,23.0,549.0,,,0.0,6,0.0,0.0,0.7883888888888889,0.0,-0.0,38.65,1.354166666666666,359,12,2015,268
2015-12-26,0.0,24.8,0,0.0,6.6,15.9,11.691666666666668,11.2,7.970833333333334,-1.996330730122656,2.897562118384815,86.45833333333333,103.41666666666667,421.0,75.58333333333333,,,,,,,,312.6057405718503,0.37833013244228003,0.0,0.0,0.0,0.0,0.0,0.0,,0.125,0,0,0.0,0.0,0.0,0.0,0.21000000000000002,0.0,71.26,0.0,0.0,0.0,0.0,,,,,-0.7360292659494748,0.676949717235983,-0.7360292659494748,0.676949717235983,-1.7259942770852128,2.505183914853538,24.0,550.0,,,0.0,6,0.0,0.0,0.6904722222222223,0.0,-0.0,47.825,-3.620833333333332,360,12,2015,269
2015-12-27,0.0,0.0,0,0.0,3.7,14.3,8.554166666666667,11.5,9.329166666666667,1.8079850473909407,-8.837775951993535,63.583333333333336,388.875,600.0,20.791666666666668,,,,,,,,168.61622729963347,0.9641983653491901,0.0,0.0,0.0,0.0,0.0,0.0,,0.625,0,0,0.0,0.0,0.0,0.0,0.21000000000000002,0.0,71.26,0.0,0.0,0.0,0.0,,,,,0.1973797002422587,-0.9803271157793587,0.1973797002422587,-0.9803271157793587,1.1495771592994064,-5.6193525428092235,25.0,551.0,,,0.0,6,0.0,0.0,0.7889722222222222,0.0,-0.0,55.97500000000001,-3.137500000000001,361,12,2015,270
2015-12-28,0.0,0.0,0,0.0,2.5,19.1,11.058333333333332,9.4,5.766666666666667,3.3156018147956963,-3.8835197071589005,61.083333333333336,388.25,600.0,24.791666666666668,,,,,,,,138.28606549921014,0.8756047181729201,0.0,0.0,0.0,0.0,0.0,0.0,,0.625,0,0,0.0,0.0,0.0,0.0,0.21000000000000002,0.0,71.26,0.0,0.0,0.0,0.0,,,,,0.6654119195640861,-0.7464763742423722,0.6654119195640861,-0.7464763742423722,2.0252801085377046,-2.372183287789562,26.0,552.0,,,0.0,6,0.0,0.0,0.7957777777777778,0.0,-0.0,34.6,2.5041666666666647,362,12,2015,271
2015-12-29,0.0,0.0,0,0.0,6.4,22.3,14.433333333333332,8.4,5.208333333333333,0.8490713633601809,-3.699059198387103,60.125,396.625,600.0,0.0,,,,,,,,160.46029655040363,0.6985683204108947,0.0,0.0,0.0,0.0,0.0,0.0,,1.0,0,0,0.0,0.0,0.0,0.0,0.21000000000000002,0.0,71.26,0.0,0.0,0.0,0.0,,,,,0.33445998803804294,-0.9424099513489829,0.33445998803804294,-0.9424099513489829,0.5105041572203087,-2.2240593430302456,27.0,553.0,,,0.0,6,0.0,0.0,0.7981666666666666,0.0,-0.0,31.25,3.375,363,12,2015,272
2015-12-30,0.0,0.0,0,0.0,9.0,24.2,17.1125,8.7,5.066666666666666,-1.907481182169785,0.319030563398132,60.958333333333336,366.1666666666667,600.0,42.375,,,,,,,,328.8977585502028,0.12812921506610186,0.0,0.0,0.0,0.0,0.0,0.0,,0.5416666666666666,0,0,0.0,0.0,0.0,0.0,0.21000000000000002,0.0,71.26,0.0,0.0,0.0,0.0,,,,,-0.5165668262211119,0.8562468768105653,-0.5165668262211119,0.8562468768105653,-1.1627687372976647,0.19447571427144464,28.0,554.0,,,0.0,6,0.0,0.0,0.780638888888889,0.0,-0.0,30.4,2.679166666666669,364,12,2015,273
2015-12-31,0.0,0.0,0,0.0,12.4,25.8,19.349999999999998,7.2,4.075,-1.4677099858564049,0.8889382385445853,54.375,369.4166666666667,600.0,85.70833333333333,,,,,,,,327.5367236913742,0.3475561952200264,0.0,0.0,0.0,0.0,0.0,0.0,,0.0,0,0,0.0,0.0,0.0,0.0,0.21000000000000002,0.0,71.26,0.0,0.0,0.0,0.0,,,,,-0.5367589268377846,0.8437356543728313,-0.5367589268377846,0.8437356543728313,-0.7980673048094202,0.4833601672086183,29.0,555.0,,,0.0,6,0.0,0.0,0.7608611111111111,0.0,-0.0,24.450000000000003,2.237499999999997,365,12,2015,274
2016-01-01,0.0,1.0,0,0.0,14.4,25.3,18.208333333333332,6.2,3.6958333333333333,1.6366501511111367,-1.0987325872524696,64.33333333333333,208.875,600.0,94.08333333333333,,,,,,,,115.68882658626708,0.46367939787655804,0.0,0.0,0.0,0.0,0.0,0.0,,0.0,0,0,0.0,0.0,0.0,0.0,0.0,0.0,71.26,0.0,0.0,0.0,0.0,,,,,0.9011615732851942,-0.43348335473712657,0.9011615732851942,-0.43348335473712657,1.052911597214831,-0.7068512977990887,30.0,556.0,,,0.0,6,0.0,0.0,0.6870277777777778,0.0,-0.0,22.175,-1.1416666666666657,1,1,2015,275
2016-01-02,0.0,8.3,0,0.0,11.0,18.0,14.225,8.7,5.404166666666666,3.735312972233507,-3.5569874757161943,79.375,160.125,525.0,98.20833333333333,,,,,,,,135.90882405488017,0.9114200771196098,0.0,0.0,0.0,0.0,0.0,0.0,,0.0,0,0,0.0,0.0,0.0,0.0,0.0,0.0,71.26,0.0,0.0,0.0,0.0,,,,,0.6958021905623815,-0.7182334659486366,0.6958021905623815,-0.7182334659486366,2.9649046717103458,-2.8233588088497292,31.0,557.0,,,0.0,6,0.0,0.0,0.7046666666666667,0.0,-0.0,32.425,-3.9833333333333325,2,1,2015,276
2016-01-03,0.0,24.2,0,0.0,9.9,15.0,11.891666666666666,7.6,6.3625,5.324579053459061,-3.244832840469938,92.54166666666667,156.625,509.0,97.29166666666667,,,,,,,,121.260085339262,0.9803824035326189,0.0,0.0,0.0,0.0,0.0,0.0,,0.0,0,0,0.0,0.0,0.0,0.0,0.0,0.0,71.26,0.0,0.0,0.0,0.0,,,,,0.8548205417275124,-0.5189237337419461,0.8548205417275124,-0.5189237337419461,4.92745419905524,-3.0028223911182215,32.0,558.0,,,0.0,6,0.0,0.0,0.7462222222222222,0.0,-0.0,38.175,-2.333333333333334,3,1,2015,277
2016-01-04,0.0,33.6,0,0.0,8.6,9.7,9.329166666666667,8.9,7.158333333333334,5.954939515304711,-3.9418585452588295,98.66666666666667,51.333333333333336,176.0,99.20833333333333,,,,,,,,123.497041632248,0.9974527325139748,0.0,0.0,0.0,0.0,0.0,0.0,,0.0,0,0,0.0,0.0,0.0,0.0,0.0,0.0,71.26,0.0,0.0,0.0,0.0,,,,,0.833914319260217,-0.5518939283347561,0.833914319260217,-0.5518939283347561,5.875540321767315,-3.889300431322045,33.0,559.0,,,0.0,6,0.0,0.0,0.5786666666666667,0.0,-0.0,42.95,-2.5624999999999982,4,1,2015,278
2016-01-05,0.0,12.0,0,0.0,8.3,13.6,10.729166666666666,8.2,6.179166666666667,5.7114414471382595,-1.3404673216909158,92.04166666666667,132.29166666666666,410.0,96.04166666666667,,,,,,,,101.73229724372531,0.9519502343689767,0.0,0.0,0.0,0.0,0.0,0.0,,0.0,0,0,0.0,0.0,0.0,0.0,0.0,0.0,71.26,0.0,0.0,0.0,0.0,,,,,0.9791083452257425,-0.20333924439052123,0.9791083452257425,-0.20333924439052123,5.256905898636839,-1.2337884640063472,34.0,560.0,,,0.0,6,0.0,0.0,0.6972222222222223,0.0,-0.0,37.075,1.3999999999999986,5,1,2015,279
2016-01-06,0.0,5.0,0,0.0,8.2,15.8,11.408333333333333,9.7,7.433333333333334,5.954366137712523,-4.102840246105631,86.95833333333333,209.95833333333334,600.0,80.70833333333333,,,,,,,,121.25200626177956,0.9687678364980439,0.0,0.0,0.0,0.0,0.0,0.0,,0.0,0,0,0.0,0.0,0.0,0.0,0.0,0.0,71.26,0.0,0.0,0.0,0.0,,,,,0.8548937048499498,-0.5188031933285752,0.8548937048499498,-0.5188031933285752,5.177817553919182,-3.5677614973426874,35.0,561.0,,,0.0,6,0.0,0.0,0.7631666666666667,0.0,-0.0,44.6,0.6791666666666671,6,1,2015,280
2016-01-07,0.0,0.0,0,0.0,6.2,15.5,10.879166666666668,11.4,8.779166666666667,3.1512733906922796,-7.866857383463327,74.58333333333333,267.8333333333333,600.0,55.75,,,,,,,,157.8764568319035,0.9657454312652768,0.0,0.0,0.0,0.0,0.0,0.0,,0.25,0,0,0.0,0.0,0.0,0.0,0.0,0.0,71.26,0.0,0.0,0.0,0.0,,,,,0.3766049473550797,-0.926373959925298,0.3766049473550797,-0.926373959925298,2.3503247372246587,-5.867364465166398,36.0,562.0,,,0.0,6,0.0,0.0,0.7605,0.0,-0.0,52.675,-0.529166666666665,7,1,2015,281
2016-01-08,0.0,0.0,0,0.0,7.5,22.2,14.541666666666666,9.8,5.108333333333333,-0.1494455356776947,-4.367609648794947,61.75,371.1666666666667,600.0,50.708333333333336,,,,,,,,174.3372529744319,0.8134249787202981,0.0,0.0,0.0,0.0,0.0,0.0,,0.125,0,0,0.0,0.0,0.0,0.0,0.0,0.0,71.26,0.0,0.0,0.0,0.0,,,,,0.098672756540281,-0.995119936046275,0.098672756540281,-0.995119936046275,-0.09228261828097648,-2.69699895813088,37.0,563.0,,,0.0,6,0.0,0.0,0.7866111111111111,0.0,-0.0,30.65,3.662499999999998,8,1,2015,282
2016-01-09,0.0,0.0,0,0.0,9.5,23.1,16.666666666666668,10.2,5.479166666666667,-0.9975936239609519,-0.02436443674592564,66.58333333333333,296.6666666666667,600.0,44.0,,,,,,,,83.04349950498616,0.05701716094019094,0.0,0.0,0.0,0.0,0.0,0.0,,0.25,0,0,0.0,0.0,0.0,0.0,0.0,0.0,71.26,0.0,0.0,0.0,0.0,,,,,0.9926383899546768,0.12111575780296732,0.9926383899546768,0.12111575780296732,-0.6642310879540004,-0.016222654133328823,38.0,564.0,,,0.0,6,0.0,0.0,0.7530555555555555,0.0,-0.0,32.875,2.1250000000000018,9,1,2015,283
2016-01-10,0.0,0.0,0,0.0,11.1,24.3,18.429166666666667,12.5,6.9125000000000005,-3.530812165747245,3.7084093763996475,63.5,359.9583333333333,600.0,13.625,,,,,,,,332.0515793011979,0.614486140700997,0.0,0.0,0.0,0.0,0.0,0.0,,0.8333333333333334,0,0,0.0,0.0,0.0,0.0,0.0,0.0,71.26,0.0,0.0,0.0,0.0,,,,,-0.4686765179572124,0.8833698667690124,-0.4686765179572124,0.8833698667690124,-2.2420657252495007,2.354839954013776,39.0,565.0,,,0.0,6,0.0,0.0,0.7849722222222223,0.0,-0.0,41.475,1.7624999999999993,10,1,2015,284
2016-01-11,0.0,0.6,0,0.0,12.4,25.4,19.695833333333333,15.8,7.6625000000000005,-5.5327827212187906,3.565163984118653,47.041666666666664,341.2083333333333,600.0,39.291666666666664,,,,,,,,321.7814238559059,0.8046261366128882,0.0,0.0,0.0,0.0,0.0,0.0,,0.4583333333333333,0,0,0.0,0.0,0.0,0.0,0.0,0.0,71.26,0.0,0.0,0.0,0.0,,,,,-0.6186631493467801,0.7856563546744363,-0.6186631493467801,0.7856563546744363,-2.6027132051066726,1.6771125575291495,40.0,566.0,,,0.0,6,0.0,0.0,0.7176111111111111,0.0,-0.0,45.975,1.2666666666666657,11,1,2015,285
2016-01-12,0.0,0.0,0,0.0,14.4,25.3,19.400000000000002,15.1,7.6375,-3.8177033971561136,0.6218085844900317,56.958333333333336,301.125,600.0,32.291666666666664,,,,,,,,290.48365906995934,0.36521810661504955,0.0,0.0,0.0,0.0,0.0,0.0,,0.375,0,0,0.0,0.0,0.0,0.0,0.0,0.0,71.26,0.0,0.0,0.0,0.0,,,,,-0.9367720313592061,0.34994022527161217,-0.9367720313592061,0.34994022527161217,-2.17450022663017,0.35417180624911393,41.0,567.0,,,0.0,6,0.0,0.0,0.7239444444444444,0.0,-0.0,45.825,-0.29583333333333073,12,1,2015,286
2016-01-13,0.0,0.0,0,0.0,13.4,28.4,21.620833333333334,17.1,10.270833333333334,-4.148854056488246,7.852103530888365,52.75,338.375,600.0,23.041666666666668,,,,,,,,345.1282294145668,0.7753817326375799,0.0,0.0,0.0,0.0,0.0,0.0,,0.5416666666666666,0,0,0.0,0.0,0.0,0.0,0.0,0.0,71.26,0.0,0.0,0.0,0.0,,,,,-0.25665663211338025,0.9665026503803376,-0.25665663211338025,0.9665026503803376,-2.18852051479755,4.141984612543612,42.0,568.0,,,0.0,6,0.0,0.0,0.73475,0.0,-0.0,61.625,2.2208333333333314,13,1,2015,287
2016-01-14,0.0,19.7,0,0.0,5.3,22.8,15.279166666666667,15.0,8.429166666666665,-4.7780048338649,0.9685563722260334,74.25,147.04166666666666,600.0,82.66666666666667,,,,,,,,279.08405224810963,0.5741317930109417,0.0,0.0,0.0,0.0,0.0,0.0,,0.0,0,0,0.0,0.0,0.0,0.0,0.0,0.0,71.26,0.0,0.0,0.0,0.0,,,,,-0.9874577903407072,0.157883223603548,-0.9874577903407072,0.157883223603548,-3.547668589144688,0.7191531063778298,43.0,569.0,,,0.0,6,0.0,0.0,0.678861111111111,0.0,-0.0,50.57499999999999,-6.341666666666667,14,1,2015,288
2016-01-15,0.0,0.0,0,0.0,3.2,12.0,7.691666666666666,12.0,9.908333333333333,5.092391524116452,-8.046108184203318,75.625,232.91666666666666,600.0,73.45833333333333,,,,,,,,146.98129843660888,0.9569024444236346,0.0,0.0,0.0,0.0,0.0,0.0,,0.0,0,0,0.0,0.0,0.0,0.0,0.0,0.0,71.26,0.0,0.0,0.0,0.0,,,,,0.5449127513050523,-0.8384927509914193,0.5449127513050523,-0.8384927509914193,3.8511210901130664,-6.084869314303758,44.0,570.0,,,0.0,6,0.0,0.0,0.6740277777777778,0.0,-0.0,59.45,-7.5875,15,1,2015,289
2016-01-16,0.0,0.0,0,0.0,4.4,19.1,11.783333333333333,6.7,5.7625,5.504668306558462,-1.5132899773591726,69.70833333333333,380.8333333333333,600.0,21.333333333333332,,,,,,,,104.79217592523815,0.9903776289027852,0.0,0.0,0.0,0.0,0.0,0.0,,0.6666666666666666,0,0,0.0,0.0,0.0,0.0,0.0,0.0,71.26,0.0,0.0,0.0,0.0,,,,,0.9668582622064967,-0.2553137301498556,0.9668582622064967,-0.2553137301498556,3.8372125320301276,-1.0548892217174564,45.0,571.0,,,0.0,6,0.0,0.0,0.8195833333333334,0.0,-0.0,34.575,4.091666666666667,16,1,2015,290
2016-01-17,0.0,0.0,0,0.0,6.6,20.2,13.816666666666668,5.4,3.1333333333333333,2.233064177175236,-0.3837340981346717,68.45833333333333,295.5,600.0,58.25,,,,,,,,107.35307335164278,0.6502617112192319,0.0,0.0,0.0,0.0,0.0,0.0,,0.2916666666666667,0,0,0.0,0.0,0.0,0.0,0.0,0.0,71.26,0.0,0.0,0.0,0.0,,,,,0.9544849301777152,-0.29825914581726115,0.9544849301777152,-0.29825914581726115,1.5287185179578802,-0.26269796801469397,46.0,572.0,,,0.0,6,0.0,0.0,0.7585277777777778,0.0,-0.0,18.8,2.033333333333335,17,1,2015,291
2016-01-18,0.0,0.0,0,0.0,9.9,21.8,15.975,6.5,4.420833333333333,-2.8780884715273136,1.8766637545061602,59.75,324.0416666666667,600.0,47.416666666666664,,,,,,,,306.4591905908084,0.7905976539538004,0.0,0.0,0.0,0.0,0.0,0.0,,0.3333333333333333,0,0,0.0,0.0,0.0,0.0,0.0,0.0,71.26,0.0,0.0,0.0,0.0,,,,,-0.804280324297466,0.5942500819923906,-0.804280324297466,0.5942500819923906,-1.7196578617375697,1.1213065933174307,47.0,573.0,,,0.0,6,0.0,0.0,0.7485277777777778,0.0,-0.0,26.525,2.1583333333333314,18,1,2015,292
2016-01-19,0.0,0.0,0,0.0,10.7,23.5,17.883333333333333,17.7,9.424999999999999,-6.393626915168816,6.118156271519637,48.458333333333336,341.2083333333333,600.0,38.583333333333336,,,,,,,,323.80730403326606,0.9310583185633442,0.0,0.0,0.0,0.0,0.0,0.0,,0.16666666666666666,0,0,0.0,0.0,0.0,0.0,0.0,0.0,71.26,0.0,0.0,0.0,0.0,,,,,-0.5905027919812826,0.8070355956600118,-0.5905027919812826,0.8070355956600118,-3.0982450426422217,2.964756559907224,48.0,574.0,,,0.0,6,0.0,0.0,0.7223333333333333,0.0,-0.0,56.55,1.9083333333333332,19,1,2015,293
2016-01-20,0.0,0.0,0,0.0,13.5,22.2,17.525,17.9,8.866666666666667,-5.281009778329939,6.6370636128156315,53.375,190.875,600.0,87.58333333333333,,,,,,,,328.5647071545605,0.9601516329351536,0.0,0.0,0.0,0.0,0.0,0.0,,0.0,0,0,0.0,0.0,0.0,0.0,0.0,0.0,71.26,0.0,0.0,0.0,0.0,,,,,-0.5215353000739879,0.8532297057514673,-0.5215353000739879,0.8532297057514673,-2.818738969183605,3.5425327033403433,49.0,575.0,,,0.0,6,0.0,0.0,0.6385,0.0,-0.0,53.2,-0.3583333333333343,20,1,2015,294
2016-01-21,0.0,5.1,0,0.0,13.4,22.4,17.779166666666665,13.0,7.295833333333333,-4.225204427081139,5.57962229662775,72.625,230.54166666666666,600.0,85.5,,,,,,,,328.6026975086393,0.9543927844165189,0.0,0.0,0.0,0.0,0.0,0.0,,0.041666666666666664,0,0,0.0,0.0,0.0,0.0,0.0,0.0,71.26,0.0,0.0,0.0,0.0,,,,,-0.52096944574393,0.8535753256750469,-0.52096944574393,0.8535753256750469,-3.0685547151676773,4.052200692925904,50.0,576.0,,,0.0,6,0.0,0.0,0.729111111111111,0.0,-0.0,43.775,0.25416666666666643,21,1,2015,295
2016-01-22,0.0,21.1,0,0.0,13.3,21.8,16.291666666666668,6.9,3.983333333333333,-2.292388325074323,2.013423591167425,85.66666666666667,152.66666666666666,600.0,95.08333333333333,,,,,,,,327.511222535621,0.696329704840615,0.0,0.0,0.0,0.0,0.0,0.0,,0.0,0,0,0.0,0.0,0.0,0.0,0.0,0.0,71.26,0.0,0.0,0.0,0.0,,,,,-0.5371344027924475,0.8434966706139395,-0.5371344027924475,0.8434966706139395,-1.9638126651470034,1.7248328764334278,51.0,577.0,,,0.0,6,0.0,0.0,0.7206666666666667,0.0,-0.0,23.9,-1.4874999999999972,22,1,2015,296
2016-01-23,0.0,0.7,0,0.0,11.6,20.0,15.237499999999999,9.5,6.7375,-3.126699401915301,-5.104683975928696,77.91666666666667,229.83333333333334,600.0,80.95833333333333,,,,,,,,209.1607571727774,0.8821090017695573,0.0,0.0,0.0,0.0,0.0,0.0,,0.0,0,0,0.0,0.0,0.0,0.0,0.0,0.0,71.26,0.0,0.0,0.0,0.0,,,,,-0.4872616659840766,-0.8732560156462835,-0.4872616659840766,-0.8732560156462835,-2.436219950659005,-3.9773995979111088,52.0,578.0,,,0.0,6,0.0,0.0,0.7462777777777778,0.0,-0.0,40.425,-1.054166666666669,23,1,2015,297
2016-01-24,0.0,0.2,0,0.0,10.5,22.2,15.704166666666666,8.2,6.091666666666666,0.19773787217067365,-2.822646528562149,73.0,307.9166666666667,600.0,65.45833333333333,,,,,,,,168.96109629184937,0.44535635099019294,0.0,0.0,0.0,0.0,0.0,0.0,,0.0,0,0,0.0,0.0,0.0,0.0,0.0,0.0,71.26,0.0,0.0,0.0,0.0,,,,,0.19147547403670404,-0.9814973982861185,0.19147547403670404,-0.9814973982861185,0.14434864668459177,-2.0605319658503687,53.0,579.0,,,0.0,6,0.0,0.0,0.7819444444444444,0.0,-0.0,36.55,0.4666666666666668,24,1,2015,298
2016-01-25,0.0,3.6,0,0.0,11.7,20.1,14.795833333333334,7.9,5.204166666666667,2.3812966006163623,-3.4527391667948777,81.5,238.45833333333334,600.0,79.04166666666667,,,,,,,,154.76397273081415,0.7230681950028096,0.0,0.0,0.0,0.0,0.0,0.0,,0.0,0,0,0.0,0.0,0.0,0.0,0.0,0.0,71.26,0.0,0.0,0.0,0.0,,,,,0.42634815759964906,-0.9045591459442466,0.42634815759964906,-0.9045591459442466,1.9407567295023354,-2.8139824209378252,54.0,580.0,,,0.0,6,0.0,0.0,0.7639722222222222,0.0,-0.0,31.225,-0.9083333333333314,25,1,2015,299
2016-01-26,0.0,4.9,0,0.0,11.6,20.3,14.995833333333332,7.6,5.429166666666667,4.631482986279292,-2.2942931061959144,81.08333333333333,256.625,600.0,81.91666666666667,,,,,,,,120.20785443211196,0.9439259530571338,0.0,0.0,0.0,0.0,0.0,0.0,,0.0,0,0,0.0,0.0,0.0,0.0,0.0,0.0,71.26,0.0,0.0,0.0,0.0,,,,,0.8642058369908677,-0.5031384216206449,0.8642058369908677,-0.5031384216206449,3.7553607880414592,-1.8602893269405205,55.0,581.0,,,0.0,6,0.0,0.0,0.7746944444444445,0.0,-0.0,32.575,0.1999999999999975,26,1,2015,300
2016-01-27,0.0,13.5,0,0.0,11.6,17.7,13.779166666666667,9.5,5.4875,-0.6848084355702663,3.220968924180493,90.625,142.08333333333334,600.0,90.04166666666667,,,,,,,,339.9522512537328,0.6073973650862485,0.0,0.0,0.0,0.0,0.0,0.0,,0.0,0,0,0.0,0.0,0.0,0.0,0.0,0.0,71.26,0.0,0.0,0.0,0.0,,,,,-0.3428031387711858,0.9394072642089921,-0.3428031387711858,0.9394072642089921,-0.6206076447355539,2.919003087538572,56.0,582.0,,,0.0,6,0.0,0.0,0.7301388888888889,0.0,-0.0,32.925,-1.216666666666665,27,1,2015,301
2016-01-28,0.0,1.1,0,0.0,10.2,21.0,15.591666666666667,10.6,6.408333333333334,-4.999477839947617,3.857858530626166,75.04166666666667,286.0416666666667,600.0,66.29166666666667,,,,,,,,308.45390298083424,0.9847932810733702,0.0,0.0,0.0,0.0,0.0,0.0,,0.0,0,0,0.0,0.0,0.0,0.0,0.0,0.0,71.26,0.0,0.0,0.0,0.0,,,,,-0.7831087443990943,0.6218847919395313,-0.7831087443990943,0.6218847919395313,-3.7516914957273575,2.895001339024052,57.0,583.0,,,0.0,6,0.0,0.0,0.7741666666666668,0.0,-0.0,38.45,1.8125,28,1,2015,302
2016-01-29,0.0,15.0,0,0.0,8.6,17.5,13.258333333333333,10.7,5.658333333333334,-1.9308530211936519,4.0962953201104595,86.875,252.875,600.0,54.375,,,,,,,,332.8905177692622,0.6999888149841191,0.0,0.0,0.0,0.0,0.0,0.0,,0.16666666666666666,0,0,0.0,0.0,0.0,0.0,0.0,0.0,71.26,0.0,0.0,0.0,0.0,,,,,-0.4556922277833915,0.8901374014936175,-0.4556922277833915,0.8901374014936175,-1.677428562161985,3.558656559345962,58.0,584.0,,,0.0,6,0.0,0.0,0.7915,0.0,-0.0,33.95,-2.333333333333334,29,1,2015,303
2016-01-30,0.0,18.8,0,0.0,8.1,19.4,12.950000000000001,7.5,3.8958333333333335,2.771840848459483,0.42989180270042177,83.25,245.0,600.0,83.04166666666667,,,,,,,,77.93647374914538,0.7076004944275829,0.0,0.0,0.0,0.0,0.0,0.0,,0.0,0,0,0.0,0.0,0.0,0.0,0.0,0.0,71.26,0.0,0.0,0.0,0.0,,,,,0.977916479084538,0.20899607636245318,0.977916479084538,0.20899607636245318,2.3075575063425195,0.35788492574810116,59.0,585.0,,,0.0,6,0.0,0.0,0.7741666666666666,0.0,-0.0,23.375,-0.3083333333333318,30,1,2015,304
2016-01-31,0.0,10.9,0,0.0,7.1,13.4,9.879166666666666,10.2,6.608333333333333,-3.423648670161285,5.281117635869548,83.625,237.20833333333334,600.0,80.79166666666667,,,,,,,,329.04077154633643,0.91537996779667,0.0,0.0,0.0,0.0,0.0,0.0,,0.0,0,0,0.0,0.0,0.0,0.0,0.0,0.0,71.26,0.0,0.0,0.0,0.0,,,,,-0.5144279862604146,0.8575335835709612,-0.5144279862604146,0.8575335835709612,-2.8630262004223748,4.41633462299591,60.0,586.0,,,0.0,6,0.0,0.0,0.7346666666666667,0.0,-0.0,39.65,-3.0708333333333346,31,1,2015,305
2016-02-01,0.0,4.7,0,0.0,7.0,14.6,10.179166666666667,8.7,4.4125000000000005,2.0897959758495523,-2.658421190388044,86.75,187.91666666666666,557.0,66.41666666666667,,,,,,,,123.90438269537304,0.6847064827345196,0.0,0.0,0.0,0.0,0.0,0.0,,0.125,0,0,0.0,0.0,0.0,0.0,0.0,0.0,71.26,0.0,0.0,0.0,0.0,,,,,0.8299696193692908,-0.5578085970330634,0.8299696193692908,-0.5578085970330634,1.8128980090494866,-2.3061803826616285,61.0,587.0,,,0.0,6,0.0,0.0,0.7388888888888889,0.0,-0.0,26.475,0.3000000000000007,32,2,2015,306
2016-02-02,0.0,0.0,0,0.0,5.0,22.1,14.041666666666666,5.6,2.6458333333333335,-0.5489698428551404,0.363993432325968,69.58333333333333,357.4583333333333,600.0,45.625,,,,,,,,348.779923384762,0.07153571296636836,0.0,0.0,0.0,0.0,0.0,0.0,,0.20833333333333334,0,0,0.0,0.0,0.0,0.0,0.0,0.0,71.26,0.0,0.0,0.0,0.0,,,,,-0.1945780689557931,0.9808870348217651,-0.1945780689557931,0.9808870348217651,-0.3819915156533685,0.25327876332681937,62.0,588.0,,,0.0,6,0.0,0.0,0.8035833333333334,0.0,-0.0,15.875,3.862499999999999,33,2,2015,307
2016-02-03,0.0,6.3,0,0.0,9.5,14.5,12.745833333333332,11.4,6.316666666666666,0.8641614363802953,-3.6804642132614043,90.20833333333333,52.75,182.0,88.83333333333333,,,,,,,,197.05485995029704,0.3555734623747678,0.0,0.0,0.0,0.0,0.0,0.0,,0.0,0,0,0.0,0.0,0.0,0.0,0.0,0.0,71.26,0.0,0.0,0.0,0.0,,,,,-0.29328721970495836,-0.9560243756085592,-0.29328721970495836,-0.9560243756085592,0.779545629068058,-3.320085425712892,63.0,589.0,,,0.0,6,0.0,0.0,0.6580833333333334,0.0,-0.0,37.9,-1.2958333333333343,34,2,2015,308
2016-02-04,0.0,0.0,0,0.0,7.2,18.7,12.262500000000001,12.8,9.870833333333334,6.860344906566424,-7.053382249112281,77.95833333333333,282.4166666666667,600.0,40.541666666666664,,,,,,,,135.54201103427172,0.9966155218404668,0.0,0.0,0.0,0.0,0.0,0.0,,0.375,0,0,0.0,0.0,0.0,0.0,0.0,0.0,71.26,0.0,0.0,0.0,0.0,,,,,0.7003860986851588,-0.7137641856864093,0.7003860986851588,-0.7137641856864093,5.348210550077408,-5.498699245037115,64.0,590.0,,,0.0,6,0.0,0.0,0.7814722222222222,0.0,-0.0,59.225,-0.48333333333333073,35,2,2015,309
2016-02-05,0.0,0.0,0,0.0,7.4,20.0,13.125,10.0,8.5625,7.899661343891334,-3.1002397865535545,73.83333333333333,343.0416666666667,600.0,26.75,,,,,,,,111.66657043531193,0.9910483767450525,0.0,0.0,0.0,0.0,0.0,0.0,,0.5,0,0,0.0,0.0,0.0,0.0,0.0,0.0,71.26,0.0,0.0,0.0,0.0,,,,,0.9293481443271673,-0.36920458642282683,0.9293481443271673,-0.36920458642282683,5.832583292239768,-2.2890103757387075,65.0,591.0,,,0.0,6,0.0,0.0,0.8081388888888889,0.0,-0.0,51.375,0.8624999999999989,36,2,2015,310
2016-02-06,0.0,0.0,0,0.0,9.2,22.8,15.637500000000001,7.0,4.875,4.546121639666819,0.8102299782773694,69.58333333333333,347.0416666666667,600.0,33.666666666666664,,,,,,,,78.16744034741903,0.9472202974420909,0.0,0.0,0.0,0.0,0.0,0.0,,0.5,0,0,0.0,0.0,0.0,0.0,0.0,0.0,71.26,0.0,0.0,0.0,0.0,,,,,0.9787510210993157,0.20505228283793137,0.9787510210993157,0.20505228283793137,3.1633429742681614,0.5637850265513361,66.0,592.0,,,0.0,6,0.0,0.0,0.7966388888888889,0.0,-0.0,29.25,2.512500000000001,37,2,2015,311
2016-02-07,0.0,1.5,0,0.0,10.2,23.1,16.566666666666666,9.6,5.7124999999999995,0.04203105349025216,-3.1627716822310004,67.25,301.75,600.0,20.708333333333332,,,,,,,,202.20108048599275,0.38434089832090196,0.0,0.0,0.0,0.0,0.0,0.0,,0.5833333333333334,0,0,0.0,0.0,0.0,0.0,0.0,0.0,71.26,0.0,0.0,0.0,0.0,,,,,-0.3778582468540408,-0.9258634593094117,-0.3778582468540408,-0.9258634593094117,0.028265883472194577,-2.1269639563003477,67.0,593.0,,,0.0,6,0.0,0.0,0.7586666666666666,0.0,-0.0,34.275,0.9291666666666654,38,2,2015,312
2016-02-08,0.0,0.0,0,0.0,12.0,25.3,17.766666666666666,8.8,6.041666666666667,1.7549214022224078,-4.867990864829296,59.75,324.4166666666667,600.0,20.458333333333332,,,,,,,,154.48675365213833,0.8597448752826257,0.0,0.0,0.0,0.0,0.0,0.0,,0.6666666666666666,0,0,0.0,0.0,0.0,0.0,0.0,0.0,71.26,0.0,0.0,0.0,0.0,,,,,0.4307197561447427,-0.902485729342361,0.4307197561447427,-0.902485729342361,1.0485655378278886,-2.908624541735504,68.0,594.0,,,0.0,6,0.0,0.0,0.7487777777777778,0.0,-0.0,36.25,1.1999999999999993,39,2,2015,313
2016-02-09,0.0,0.1,0,0.0,11.9,23.2,17.508333333333333,7.3,4.7375,-0.6686095684507903,-0.13671042481010962,69.625,297.4583333333333,600.0,47.0,,,,,,,,11.45082924589339,0.019954247814275756,0.0,0.0,0.0,0.0,0.0,0.0,,0.2916666666666667,0,0,0.0,0.0,0.0,0.0,0.0,0.0,71.26,0.0,0.0,0.0,0.0,,,,,0.1985268979980169,0.9800954396237568,0.1985268979980169,0.9800954396237568,-0.46551941203386277,-0.09518463327403882,69.0,595.0,,,0.0,6,0.0,0.0,0.7637222222222223,0.0,-0.0,28.424999999999997,-0.25833333333333286,40,2,2015,314
2016-02-10,0.0,0.6000000000000001,0,0.0,12.0,23.7,17.579166666666666,11.2,6.695833333333333,-3.247732550011935,2.026061017837305,59.833333333333336,330.7083333333333,600.0,34.416666666666664,,,,,,,,304.98070263866595,0.47356616878916435,0.0,0.0,0.0,0.0,0.0,0.0,,0.5833333333333334,0,0,0.0,0.0,0.0,0.0,0.0,0.0,71.26,0.0,0.0,0.0,0.0,,,,,-0.8193451797979528,0.5733005113741486,-0.8193451797979528,0.5733005113741486,-1.943226642423808,1.2122598423393207,70.0,596.0,,,0.0,6,0.0,0.0,0.7532500000000001,0.0,-0.0,40.175,0.07083333333333286,41,2,2015,315
2016-02-11,0.0,5.4,0,0.0,12.1,21.9,15.933333333333332,6.0,4.466666666666667,3.0252554098959688,-2.1723013155192925,78.125,267.2083333333333,600.0,64.20833333333333,,,,,,,,130.9580530807784,0.788232077026635,0.0,0.0,0.0,0.0,0.0,0.0,,0.041666666666666664,0,0,0.0,0.0,0.0,0.0,0.0,0.0,71.26,0.0,0.0,0.0,0.0,,,,,0.7551896865127222,-0.6555063213919575,0.7551896865127222,-0.6555063213919575,2.3634807889812257,-1.6971104027494475,71.0,597.0,,,0.0,6,0.0,0.0,0.7718888888888888,0.0,-0.0,26.8,-1.645833333333334,42,2,2015,316
2016-02-12,0.0,0.0,0,0.0,11.2,22.7,16.883333333333333,10.6,5.708333333333333,-2.2121440214073917,1.7972798050120877,64.625,299.0833333333333,600.0,23.833333333333332,,,,,,,,338.7930878355579,0.47525446631144863,0.0,0.0,0.0,0.0,0.0,0.0,,0.5416666666666666,0,0,0.0,0.0,0.0,0.0,0.0,0.0,71.26,0.0,0.0,0.0,0.0,,,,,-0.3617370430197149,0.9322801680328467,-0.3617370430197149,0.9322801680328467,-1.429598073834527,1.1614920739890617,72.0,598.0,,,0.0,6,0.0,0.0,0.748138888888889,0.0,-0.0,34.25,0.9500000000000011,43,2,2015,317
2016-02-13,0.0,0.0,0,0.0,11.7,24.2,17.958333333333332,14.4,8.479166666666666,-5.301874932959128,6.191504907708481,53.208333333333336,332.6666666666667,600.0,25.041666666666668,,,,,,,,325.20076143264265,0.9577128655756213,0.0,0.0,0.0,0.0,0.0,0.0,,0.5416666666666666,0,0,0.0,0.0,0.0,0.0,0.0,0.0,71.26,0.0,0.0,0.0,0.0,,,,,-0.5707026549661623,0.8211567935629428,-0.5707026549661623,0.8211567935629428,-2.8210392872453367,3.2943965696432214,73.0,599.0,,,0.0,6,0.0,0.0,0.7324722222222223,0.0,-0.0,50.875,1.0749999999999993,44,2,2015,318
2016-02-14,0.0,0.6,0,0.0,11.7,23.3,17.270833333333332,17.3,8.858333333333333,-6.012659870169639,4.5546422499294765,49.791666666666664,351.5833333333333,600.0,7.041666666666667,,,,,,,,317.53582972096507,0.690635596286788,0.0,0.0,0.0,0.0,0.0,0.0,,0.8333333333333334,0,0,0.0,0.0,0.0,0.0,0.0,0.0,71.26,0.0,0.0,0.0,0.0,,,,,-0.6751290216716079,0.7376996706632974,-0.6751290216716079,0.7376996706632974,-2.9938035603552993,2.267832286944052,74.0,600.0,,,0.0,6,0.0,0.0,0.7336944444444445,0.0,-0.0,53.14999999999999,-0.6875,45,2,2015,319
2016-02-15,0.0,0.2,0,0.0,9.8,20.5,14.379166666666668,14.5,8.137500000000001,-4.407201225757564,3.365603740114446,64.25,333.3333333333333,600.0,33.333333333333336,,,,,,,,322.8099451901995,0.41542252597946744,0.0,0.0,0.0,0.0,0.0,0.0,,0.5833333333333334,0,0,0.0,0.0,0.0,0.0,0.0,0.0,71.26,0.0,0.0,0.0,0.0,,,,,-0.6044608470282279,0.7966348501100848,-0.6044608470282279,0.7966348501100848,-2.8316267875492347,2.1624004030235313,75.0,601.0,,,0.0,6,0.0,0.0,0.7697222222222222,0.0,-0.0,48.825,-2.891666666666664,46,2,2015,320
2016-02-16,0.0,0.0,0,0.0,5.9,16.3,11.299999999999999,11.0,6.658333333333334,-3.421264921003521,-3.83846454544228,63.916666666666664,245.41666666666666,600.0,60.416666666666664,,,,,,,,237.56575561381965,0.6663147555868536,0.0,0.0,0.0,0.0,0.0,0.0,,0.25,0,0,0.0,0.0,0.0,0.0,0.0,0.0,71.26,0.0,0.0,0.0,0.0,,,,,-0.844007523210171,-0.5363313348711154,-0.844007523210171,-0.5363313348711154,-2.186758495341417,-2.453418588628524,76.0,602.0,,,0.0,6,0.0,0.0,0.71,0.0,-0.0,39.95,-3.0791666666666693,47,2,2015,321
2016-02-17,0.0,0.0,0,0.0,4.8,15.5,10.158333333333333,14.3,8.416666666666666,-4.274380162492379,-6.526344668921186,70.625,225.95833333333334,600.0,60.916666666666664,,,,,,,,207.17174116181198,0.9189208754000033,0.0,0.0,0.0,0.0,0.0,0.0,,0.125,0,0,0.0,0.0,0.0,0.0,0.0,0.0,71.26,0.0,0.0,0.0,0.0,,,,,-0.4566592026364354,-0.8896417102673722,-0.4566592026364354,-0.8896417102673722,-3.018780989760243,-4.609230922425588,77.0,603.0,,,0.0,6,0.0,0.0,0.719388888888889,0.0,-0.0,50.5,-1.1416666666666657,48,2,2015,322
2016-02-18,0.0,0.0,0,0.0,7.7,21.4,14.445833333333333,9.7,3.9791666666666665,-2.2109170158943,-0.7825060942038832,65.04166666666667,323.6666666666667,600.0,22.875,,,,,,,,215.31391824595767,0.40063175969522175,0.0,0.0,0.0,0.0,0.0,0.0,,0.5833333333333334,0,0,0.0,0.0,0.0,0.0,0.0,0.0,71.26,0.0,0.0,0.0,0.0,,,,,-0.5780558628371543,-0.8159971932792374,-0.5780558628371543,-0.8159971932792374,-1.4380172757545844,-0.5089550054384424,78.0,604.0,,,0.0,6,0.0,0.0,0.7659166666666667,0.0,-0.0,23.875,4.2875,49,2,2015,323
2016-02-19,0.0,0.0,0,0.0,8.9,21.0,15.045833333333334,17.1,7.75,-5.713417092873705,3.403011846358666,61.583333333333336,310.75,600.0,29.833333333333332,,,,,,,,310.46044023748107,0.7000434909275143,0.0,0.0,0.0,0.0,0.0,0.0,,0.5,0,0,0.0,0.0,0.0,0.0,0.0,0.0,71.26,0.0,0.0,0.0,0.0,,,,,-0.7608541944903162,0.648922872710226,-0.7608541944903162,0.648922872710226,-3.518512693028057,2.0956881287158784,79.0,605.0,,,0.0,6,0.0,0.0,0.7457777777777778,0.0,-0.0,46.5,0.6000000000000014,50,2,2015,324
2016-02-20,0.0,0.2,0,0.0,10.2,21.1,14.279166666666667,8.9,5.083333333333333,1.4111993075371394,-1.2937490574241204,75.875,255.58333333333334,600.0,57.916666666666664,,,,,,,,139.84152534505625,0.384658833769839,0.0,0.0,0.0,0.0,0.0,0.0,,0.08333333333333333,0,0,0.0,0.0,0.0,0.0,0.0,0.0,71.26,0.0,0.0,0.0,0.0,,,,,0.6449039540306198,-0.7642636260320599,0.6449039540306198,-0.7642636260320599,1.0707474745938044,-0.9816320973205513,80.0,606.0,,,0.0,6,0.0,0.0,0.7566388888888889,0.0,-0.0,30.5,-0.7666666666666675,51,2,2015,325
2016-02-21,0.0,0.0,0,0.0,10.6,23.2,16.775000000000002,10.2,5.591666666666666,-1.6015565675257797,3.137325467303382,62.833333333333336,331.6666666666667,600.0,21.416666666666668,,,,,,,,349.625592389746,0.5962456488855309,0.0,0.0,0.0,0.0,0.0,0.0,,0.6666666666666666,0,0,0.0,0.0,0.0,0.0,0.0,0.0,71.26,0.0,0.0,0.0,0.0,,,,,-0.18007979394766546,0.9836520054428631,-0.18007979394766546,0.9836520054428631,-1.0063113765953648,1.9712861686222916,81.0,607.0,,,0.0,6,0.0,0.0,0.763888888888889,0.0,-0.0,33.55,2.4958333333333353,52,2,2015,326
2016-02-22,0.0,0.0,0,0.0,11.9,24.2,18.041666666666668,11.1,6.145833333333333,-2.1153485589737167,2.0036001554435936,57.125,286.9583333333333,600.0,43.458333333333336,,,,,,,,323.3814753114042,0.39300608946618953,0.0,0.0,0.0,0.0,0.0,0.0,,0.4583333333333333,0,0,0.0,0.0,0.0,0.0,0.0,0.0,71.26,0.0,0.0,0.0,0.0,,,,,-0.5964844081824913,0.8026246637097462,-0.5964844081824913,0.8026246637097462,-1.2083928643137356,1.144556588797153,82.0,608.0,,,0.0,6,0.0,0.0,0.7150555555555554,0.0,-0.0,36.875,1.2666666666666657,53,2,2015,327
2016-02-23,0.0,0.2,0,0.0,12.4,25.1,19.158333333333335,16.2,8.833333333333334,-3.4282961245114207,5.988567697894105,60.916666666666664,295.9583333333333,600.0,15.708333333333334,,,,,,,,346.4665025345386,0.7201249498534968,0.0,0.0,0.0,0.0,0.0,0.0,,0.75,0,0,0.0,0.0,0.0,0.0,0.0,0.0,71.26,0.0,0.0,0.0,0.0,,,,,-0.23401381131135945,0.9722332724791574,-0.23401381131135945,0.9722332724791574,-2.0884037225148737,3.6480358226338256,83.0,609.0,,,0.0,6,0.0,0.0,0.7336944444444443,0.0,-0.0,53.0,1.1166666666666671,54,2,2015,328
2016-02-24,0.0,0.0,0,0.0,15.5,26.2,20.916666666666668,19.1,11.233333333333334,-5.473496911851426,9.573050396699413,47.666666666666664,260.7916666666667,600.0,48.125,,,,,,,,333.9306431810594,0.982966426277271,0.0,0.0,0.0,0.0,0.0,0.0,,0.3333333333333333,0,0,0.0,0.0,0.0,0.0,0.0,0.0,71.26,0.0,0.0,0.0,0.0,,,,,-0.4394588198974634,0.8982627375185552,-0.4394588198974634,0.8982627375185552,-2.609033527982513,4.56315402242672,84.0,610.0,,,0.0,6,0.0,0.0,0.6660833333333334,0.0,-0.0,67.4,1.7583333333333329,55,2,2015,329
2016-02-25,0.0,0.0,0,0.0,14.4,26.4,20.120833333333334,19.0,11.695833333333333,-7.812145682880519,8.228022297420322,50.833333333333336,285.375,600.0,19.125,,,,,,,,320.1168832126798,0.9668124488025619,0.0,0.0,0.0,0.0,0.0,0.0,,0.7083333333333334,0,0,0.0,0.0,0.0,0.0,0.0,0.0,71.26,0.0,0.0,0.0,0.0,,,,,-0.6412235449720839,0.7673541329617206,-0.6412235449720839,0.7673541329617206,-3.9711740554642643,4.182578001188664,85.0,611.0,,,0.0,6,0.0,0.0,0.6930277777777777,0.0,-0.0,70.175,-0.7958333333333343,56,2,2015,330
2016-02-26,0.0,0.0,0,0.0,12.5,25.1,17.833333333333332,8.4,5.520833333333333,-2.090594685614885,0.37977164097638244,63.125,312.0,600.0,16.25,,,,,,,,298.1983265898046,0.31091100326807447,0.0,0.0,0.0,0.0,0.0,0.0,,0.7916666666666666,0,0,0.0,0.0,0.0,0.0,0.0,0.0,71.26,0.0,0.0,0.0,0.0,,,,,-0.8813172532513583,0.472525024862685,-0.8813172532513583,0.472525024862685,-1.3196878952943962,0.2397308483663414,86.0,612.0,,,0.0,6,0.0,0.0,0.75175,0.0,-0.0,33.125,-2.2875000000000014,57,2,2015,331
2016-02-27,0.0,0.1,0,0.0,12.4,21.7,16.166666666666668,7.1,4.3625,1.1080659654560927,-1.3553763154676652,70.25,250.45833333333334,600.0,50.333333333333336,,,,,,,,134.86047659389826,0.3152069157855268,0.0,0.0,0.0,0.0,0.0,0.0,,0.125,0,0,0.0,0.0,0.0,0.0,0.0,0.0,71.26,0.0,0.0,0.0,0.0,,,,,0.7088265889435028,-0.7053827803446285,0.7088265889435028,-0.7053827803446285,0.7784163407329051,-0.9521518616160348,87.0,613.0,,,0.0,6,0.0,0.0,0.7344722222222222,0.0,-0.0,26.174999999999997,-1.6666666666666643,58,2,2015,332
2016-02-28,0.0,0.2,0,0.0,10.5,22.5,15.9125,9.0,5.416666666666667,-0.9790243566231586,-0.3788557351029767,70.125,265.1666666666667,600.0,39.541666666666664,,,,,,,,258.01229912838517,0.09091016981282886,0.0,0.0,0.0,0.0,0.0,0.0,,0.375,0,0,0.0,0.0,0.0,0.0,0.0,0.0,71.26,0.0,0.0,0.0,0.0,,,,,-0.9781922085803113,-0.2077017165860038,-0.9781922085803113,-0.2077017165860038,-0.68654083008199,-0.2656725842409624,88.0,614.0,,,0.0,6,0.0,0.0,0.7438611111111112,0.0,-0.0,32.5,-0.2541666666666682,59,2,2015,333
2016-02-29,0.0,0.30000000000000004,0,0.0,12.0,21.9,15.966666666666667,8.0,4.891666666666667,1.1978179634332637,0.2638806053192962,72.83333333333333,243.66666666666666,600.0,81.91666666666667,,,,,,,,77.41463405908365,0.2969542721811722,0.0,0.0,0.0,0.0,0.0,0.0,,0.0,0,0,0.0,0.0,0.0,0.0,0.0,0.0,71.26,0.0,0.0,0.0,0.0,,,,,0.9759724466195917,0.21789397293034116,0.9759724466195917,0.21789397293034116,0.8724107500338937,0.1921930408742207,89.0,615.0,,,0.0,6,0.0,0.0,0.7385555555555555,0.0,-0.0,29.35,0.05416666666666714,60,2,2015,334
2016-03-01,0.0,0.0,0,0.0,10.7,22.7,16.837500000000002,14.6,7.6875,-2.6085776652391766,4.529501277600008,64.54166666666667,300.6666666666667,600.0,41.583333333333336,,,,,,,,346.7942063636408,0.6137211039784989,0.0,0.0,0.0,0.0,0.0,0.0,,0.4583333333333333,0,0,0.0,0.0,0.0,0.0,0.0,0.0,71.26,0.0,0.0,0.0,0.0,,,,,-0.22844931532389667,0.9735558075056832,-0.22844931532389667,0.9735558075056832,-1.6836195014397852,2.9234156162510048,90.0,616.0,,,0.0,6,0.0,0.0,0.7489166666666667,0.0,-0.0,46.125,0.8708333333333353,61,3,2015,335
2016-03-02,0.0,0.0,0,0.0,12.3,24.6,18.445833333333333,13.8,7.291666666666667,-4.902949498999812,4.691784459452731,48.416666666666664,297.0833333333333,600.0,34.333333333333336,,,,,,,,322.6204399328696,0.9337501678999054,0.0,0.0,0.0,0.0,0.0,0.0,,0.4583333333333333,0,0,0.0,0.0,0.0,0.0,0.0,0.0,71.26,0.0,0.0,0.0,0.0,,,,,-0.607092398329393,0.7946312477436724,-0.607092398329393,0.7946312477436724,-2.3738447157657423,2.2716056424516973,91.0,617.0,,,0.0,6,0.0,0.0,0.6927777777777777,0.0,-0.0,43.75,1.6083333333333307,62,3,2015,336
2016-03-03,0.0,2.1999999999999997,0,0.0,12.1,24.1,17.483333333333334,10.5,4.3500000000000005,-0.9090496879725384,2.859765012872039,57.791666666666664,226.45833333333334,600.0,30.333333333333332,,,,,,,,3.0322351639909915,0.6956035887943174,0.0,0.0,0.0,0.0,0.0,0.0,,0.5,0,0,0.0,0.0,0.0,0.0,0.0,0.0,71.26,0.0,0.0,0.0,0.0,,,,,0.052897786639820026,0.9985999319890865,0.052897786639820026,0.9985999319890865,-0.5253549655074629,1.6527058636889658,92.0,618.0,,,0.0,6,0.0,0.0,0.6769444444444445,0.0,-0.0,26.1,-0.9624999999999986,63,3,2015,337
2016-03-04,0.0,0.0,0,0.0,11.9,24.4,18.337500000000002,5.5,3.4583333333333335,-1.7066419721685284,2.233445416761241,57.333333333333336,256.6666666666667,600.0,11.791666666666666,,,,,,,,327.5117047854953,0.790414607293429,0.0,0.0,0.0,0.0,0.0,0.0,,0.75,0,0,0.0,0.0,0.0,0.0,0.0,0.0,71.26,0.0,0.0,0.0,0.0,,,,,-0.5371273031900523,0.8435011915627516,-0.5371273031900523,0.8435011915627516,-0.9784747307099564,1.2805087056097784,93.0,619.0,,,0.0,6,0.0,0.0,0.6955555555555556,0.0,-0.0,20.75,0.8541666666666679,64,3,2015,338
2016-03-05,0.0,0.0,0,0.0,13.2,25.3,19.3,6.5,4.9875,-1.0746869290120595,1.4197908662964158,56.166666666666664,238.58333333333334,600.0,48.333333333333336,,,,,,,,321.95800327100153,0.35744815201278285,0.0,0.0,0.0,0.0,0.0,0.0,,0.16666666666666666,0,0,0.0,0.0,0.0,0.0,0.0,0.0,71.26,0.0,0.0,0.0,0.0,,,,,-0.6162389069530737,0.7875592736786743,-0.6162389069530737,0.7875592736786743,-0.6036158251284401,0.7974492032364868,94.0,620.0,,,0.0,6,0.0,0.0,0.679611111111111,0.0,-0.0,29.924999999999997,0.9624999999999986,65,3,2015,339
2016-03-06,0.0,0.6,0,0.0,14.5,27.2,20.166666666666668,6.7,4.2,1.0345955940696907,-0.4322797279452984,61.208333333333336,247.16666666666666,600.0,42.083333333333336,,,,,,,,85.17477527944938,0.15100877582271421,0.0,0.0,0.0,0.0,0.0,0.0,,0.20833333333333334,0,0,0.0,0.0,0.0,0.0,0.0,0.0,71.26,0.0,0.0,0.0,0.0,,,,,0.9964559231376725,0.08411654560102208,0.9964559231376725,0.08411654560102208,0.6332587198701565,-0.26459121681318476,95.0,621.0,,,0.0,6,0.0,0.0,0.7021388888888889,0.0,-0.0,25.200000000000003,0.8666666666666671,66,3,2015,340
2016-03-07,0.0,0.0,0,0.0,14.2,26.6,19.825,10.1,5.295833333333333,1.5807010798528065,-1.6233522268698763,61.083333333333336,245.20833333333334,600.0,35.416666666666664,,,,,,,,117.50725647230884,0.28358562695093115,0.0,0.0,0.0,0.0,0.0,0.0,,0.20833333333333334,0,0,0.0,0.0,0.0,0.0,0.0,0.0,71.26,0.0,0.0,0.0,0.0,,,,,0.8869523459102462,-0.46186094886265394,0.8869523459102462,-0.46186094886265394,0.9655449096100894,-0.9915976519130162,96.0,622.0,,,0.0,6,0.0,0.0,0.7004166666666668,0.0,-0.0,31.775,-0.34166666666666856,67,3,2015,341
2016-03-08,0.0,0.0,0,0.0,13.0,27.8,20.099999999999998,6.7,4.033333333333333,2.7030408455285,1.2773478514673269,59.791666666666664,259.625,600.0,26.25,,,,,,,,59.65249421546476,0.6319810926147504,0.0,0.0,0.0,0.0,0.0,0.0,,0.5833333333333334,0,0,0.0,0.0,0.0,0.0,0.0,0.0,71.26,0.0,0.0,0.0,0.0,,,,,0.8629769337032345,0.5052433194968177,0.8629769337032345,0.5052433194968177,1.6161931722222491,0.7637475695231726,97.0,623.0,,,0.0,6,0.0,0.0,0.7057222222222223,0.0,-0.0,24.2,0.2749999999999986,68,3,2015,342
2016-03-09,0.0,0.30000000000000004,0,0.0,13.2,23.7,18.608333333333334,13.2,7.3374999999999995,-3.266123765973049,4.511591753450943,62.0,234.79166666666666,600.0,66.54166666666667,,,,,,,,332.5881551256055,0.6013355740899036,0.0,0.0,0.0,0.0,0.0,0.0,,0.20833333333333334,0,0,0.0,0.0,0.0,0.0,0.0,0.0,71.26,0.0,0.0,0.0,0.0,,,,,-0.4603833148499014,0.8877202281168411,-0.4603833148499014,0.8877202281168411,-2.0249967349032905,2.7971868871395844,98.0,624.0,,,0.0,6,0.0,0.0,0.6965277777777777,0.0,-0.0,44.025,-1.4916666666666636,69,3,2015,343
2016-03-10,0.0,0.8,0,0.0,15.3,23.7,18.079166666666666,7.1,4.591666666666667,2.1735338935869852,3.496000141588839,68.5,153.54166666666666,600.0,96.875,,,,,,,,33.123950866240676,0.8707541152042697,0.0,0.0,0.0,0.0,0.0,0.0,,0.0,0,0,0.0,0.0,0.0,0.0,0.0,0.0,71.26,0.0,0.0,0.0,0.0,,,,,0.5464520977039949,0.8374903610877582,0.5464520977039949,0.8374903610877582,1.4888707171070847,2.394760096988355,99.0,625.0,,,0.0,6,0.0,0.0,0.6640277777777778,0.0,-0.0,27.55,-0.5291666666666686,70,3,2015,344
2016-03-11,0.0,7.5,0,0.0,13.7,22.2,16.645833333333332,8.5,4.2375,-1.933537848339415,3.1079877134848086,84.91666666666667,201.5,600.0,55.083333333333336,,,,,,,,332.9122848520856,0.845771019617848,0.0,0.0,0.0,0.0,0.0,0.0,,0.0,0,0,0.0,0.0,0.0,0.0,0.0,0.0,71.26,0.0,0.0,0.0,0.0,,,,,-0.4553540252419772,0.8903104580403,-0.4553540252419772,0.8903104580403,-1.64189588954822,2.6391995667008503,100.0,626.0,,,0.0,6,0.0,0.0,0.7507222222222222,0.0,-0.0,25.424999999999997,-1.4333333333333336,71,3,2015,345
2016-03-12,0.0,4.6,0,0.0,13.1,22.3,16.754166666666666,6.2,4.204166666666667,-0.4680583617994843,-0.12849105968175054,83.58333333333333,188.58333333333334,600.0,82.0,,,,,,,,306.6135636558229,0.2788119488159759,0.0,0.0,0.0,0.0,0.0,0.0,,0.041666666666666664,0,0,0.0,0.0,0.0,0.0,0.0,0.0,71.26,0.0,0.0,0.0,0.0,,,,,-0.8026763081123913,0.5964149096015806,-0.8026763081123913,0.5964149096015806,-0.3912187807374023,-0.10739711071732982,101.0,627.0,,,0.0,6,0.0,0.0,0.7376666666666667,0.0,-0.0,25.225,0.10833333333333428,72,3,2015,346
2016-03-13,0.0,1.1,0,0.0,14.1,23.2,17.55,5.9,3.4875000000000003,0.6581238923463381,-0.4016469259399751,78.54166666666667,237.79166666666666,600.0,77.29166666666667,,,,,,,,125.85019938381802,0.27617269662191113,0.0,0.0,0.0,0.0,0.0,0.0,,0.0,0,0,0.0,0.0,0.0,0.0,0.0,0.0,71.26,0.0,0.0,0.0,0.0,,,,,0.8105510002894871,-0.5856680595095756,0.8105510002894871,-0.5856680595095756,0.516901473780353,-0.3154601897486888,102.0,628.0,,,0.0,6,0.0,0.0,0.7536666666666667,0.0,-0.0,20.925,0.7958333333333343,73,3,2015,347
2016-03-14,0.0,0.6000000000000001,0,0.0,13.3,22.1,16.349999999999998,8.7,5.9125000000000005,2.129931947728847,-4.266995632448862,79.0,228.79166666666666,600.0,63.625,,,,,,,,156.30795311872663,0.797000148596909,0.0,0.0,0.0,0.0,0.0,0.0,,0.08333333333333333,0,0,0.0,0.0,0.0,0.0,0.0,0.0,71.26,0.0,0.0,0.0,0.0,,,,,0.4018206713923007,-0.9157183781282544,0.4018206713923007,-0.9157183781282544,1.682646238705789,-3.370926549634601,103.0,629.0,,,0.0,6,0.0,0.0,0.7491944444444445,0.0,-0.0,35.475,-1.2000000000000028,74,3,2015,348
2016-03-15,0.0,1.7000000000000002,0,0.0,11.3,16.3,13.204166666666666,9.6,7.604166666666667,7.119738815197941,-2.5412741360166096,85.125,147.58333333333334,539.0,85.54166666666667,,,,,,,,109.95227503519318,0.9942176548543995,0.0,0.0,0.0,0.0,0.0,0.0,,0.0,0,0,0.0,0.0,0.0,0.0,0.0,0.0,71.26,0.0,0.0,0.0,0.0,,,,,0.9399771831011681,-0.3412373004951146,0.9399771831011681,-0.3412373004951146,6.060677666437248,-2.1632596082841387,104.0,630.0,,,0.0,6,0.0,0.0,0.7154722222222222,0.0,-0.0,45.625,-3.145833333333332,75,3,2015,349
2016-03-16,0.0,0.0,0,0.0,10.4,18.0,13.387500000000001,6.8,5.608333333333333,5.489404211228455,-0.525725188065928,76.66666666666667,182.0,600.0,67.08333333333333,,,,,,,,95.76965188349912,0.9836782425170563,0.0,0.0,0.0,0.0,0.0,0.0,,0.0,0,0,0.0,0.0,0.0,0.0,0.0,0.0,71.26,0.0,0.0,0.0,0.0,,,,,0.9949340962160552,-0.10052932003520802,0.9949340962160552,-0.10052932003520802,4.208543228608482,-0.4030559775172115,105.0,631.0,,,0.0,6,0.0,0.0,0.7102222222222222,0.0,-0.0,33.65,0.18333333333333535,76,3,2015,350
2016-03-17,0.0,0.0,0,0.0,9.0,20.3,14.3375,7.0,4.366666666666666,-0.5767020472598733,2.6730090643135953,68.83333333333333,227.70833333333334,600.0,36.791666666666664,,,,,,,,345.8068326187205,0.6393445450679829,0.0,0.0,0.0,0.0,0.0,0.0,,0.125,0,0,0.0,0.0,0.0,0.0,0.0,0.0,71.26,0.0,0.0,0.0,0.0,,,,,-0.24519177613537718,0.9694745963229666,-0.24519177613537718,0.9694745963229666,-0.39696324253054605,1.8399212392691913,106.0,632.0,,,0.0,6,0.0,0.0,0.7145833333333332,0.0,-0.0,26.199999999999996,0.9499999999999993,77,3,2015,351
2016-03-18,0.0,28.8,0,0.0,5.5,14.4,10.445833333333333,20.4,13.316666666666668,-8.948056358529936,7.513941441948615,86.75,105.79166666666667,446.0,74.375,,,,,,,,311.8915966291009,0.8477096516205999,0.0,0.0,0.0,0.0,0.0,0.0,,0.041666666666666664,0,0,0.0,0.0,0.0,0.0,0.0,0.0,71.26,0.0,0.0,0.0,0.0,,,,,-0.7444094868824612,0.6677233827262534,-0.7444094868824612,0.6677233827262534,-7.762438891024719,6.518344200890422,107.0,633.0,,,0.0,6,0.0,0.0,0.6796944444444445,0.0,-0.0,79.9,-3.8916666666666675,78,3,2015,352
2016-03-19,0.0,0.0,0,0.0,3.4,11.3,6.954166666666667,10.1,7.829166666666667,-2.873530931406958,-5.218468760950583,73.29166666666667,168.70833333333334,553.0,72.5,,,,,,,,211.17139507130656,0.7238714958568935,0.0,0.0,0.0,0.0,0.0,0.0,,0.0,0,0,0.0,0.0,0.0,0.0,0.0,0.0,71.26,0.0,0.0,0.0,0.0,,,,,-0.5175999040638688,-0.8556227786314912,-0.5175999040638688,-0.8556227786314912,-2.1060587118103498,-3.8247027293800318,108.0,634.0,,,0.0,6,0.0,0.0,0.6078888888888889,0.0,-0.0,46.975,-3.4916666666666663,79,3,2015,353
2016-03-20,0.0,0.0,0,0.0,4.1,11.3,7.479166666666667,8.7,6.325,4.702020791131038,-4.1172057147019325,77.04166666666667,146.75,470.0,73.375,,,,,,,,130.20910715731247,0.988682463769774,0.0,0.0,0.0,0.0,0.0,0.0,,0.0,0,0,0.0,0.0,0.0,0.0,0.0,0.0,71.26,0.0,0.0,0.0,0.0,,,,,0.7636934235640004,-0.6455790848572283,0.7636934235640004,-0.6455790848572283,3.6225151845005374,-3.171963902701614,109.0,635.0,,,0.0,6,0.0,0.0,0.60575,0.0,-0.0,37.95,0.5250000000000004,80,3,2015,354
2016-03-21,0.0,0.30000000000000004,0,0.0,4.4,11.8,7.9875,10.0,7.2875000000000005,4.639570466911062,-5.5348536848751335,83.70833333333333,135.5,435.0,74.20833333333333,,,,,,,,139.07034573201994,0.9920317836947532,0.0,0.0,0.0,0.0,0.0,0.0,,0.0,0,0,0.0,0.0,0.0,0.0,0.0,0.0,71.26,0.0,0.0,0.0,0.0,,,,,0.6551319290147891,-0.755514497270146,0.6551319290147891,-0.755514497270146,3.883707111676801,-4.63313377204756,110.0,636.0,,,0.0,6,0.0,0.0,0.6315833333333334,0.0,-0.0,43.725,0.5083333333333329,81,3,2015,355
2016-03-22,0.0,0.0,0,0.0,6.1,14.7,9.670833333333333,7.6,4.829166666666667,3.3334354875160392,-3.2219623641478967,74.75,201.375,600.0,47.708333333333336,,,,,,,,130.78094339638125,0.916151790523163,0.0,0.0,0.0,0.0,0.0,0.0,,0.2916666666666667,0,0,0.0,0.0,0.0,0.0,0.0,0.0,71.26,0.0,0.0,0.0,0.0,,,,,0.7572123417820151,-0.6531687909361535,0.7572123417820151,-0.6531687909361535,2.4917430269182392,-2.408416867200553,111.0,637.0,,,0.0,6,0.0,0.0,0.7100833333333334,0.0,-0.0,28.975,1.6833333333333327,82,3,2015,356
2016-03-23,0.0,0.0,0,0.0,4.8,15.4,10.525,8.6,5.491666666666667,-4.638788538017351,1.2374556916545645,68.20833333333333,190.91666666666666,600.0,56.666666666666664,,,,,,,,293.97235956160375,0.8688267817352725,0.0,0.0,0.0,0.0,0.0,0.0,,0.2916666666666667,0,0,0.0,0.0,0.0,0.0,0.0,0.0,71.26,0.0,0.0,0.0,0.0,,,,,-0.9137415678636933,0.40629588621840557,-0.9137415678636933,0.40629588621840557,-3.1640403486393343,0.8440479030160507,112.0,638.0,,,0.0,6,0.0,0.0,0.6879722222222222,0.0,-0.0,32.95,0.8541666666666679,83,3,2015,357
2016-03-24,0.0,0.7,0,0.0,7.5,13.4,10.575000000000001,9.1,4.295833333333333,-1.884499608449821,3.535825901729615,75.79166666666667,72.45833333333333,322.0,94.20833333333333,,,,,,,,336.4160159980339,0.9397831511882493,0.0,0.0,0.0,0.0,0.0,0.0,,0.0,0,0,0.0,0.0,0.0,0.0,0.0,0.0,71.26,0.0,0.0,0.0,0.0,,,,,-0.4000928643052997,0.9164746040845764,-0.4000928643052997,0.9164746040845764,-1.428293661570927,2.6798613813525707,113.0,639.0,,,0.0,6,0.0,0.0,0.5987222222222223,0.0,-0.0,25.775,0.05000000000000071,84,3,2015,358
2016-03-25,0.0,1.8,0,0.0,8.6,16.6,12.129166666666668,11.4,5.6875,-4.4031313918979125,2.4148352675055142,74.25,188.16666666666666,600.0,68.33333333333333,,,,,,,,310.67605539553887,0.8012143426372565,0.0,0.0,0.0,0.0,0.0,0.0,,0.0,0,0,0.0,0.0,0.0,0.0,0.0,0.0,71.26,0.0,0.0,0.0,0.0,,,,,-0.7584067898548031,0.6517815133172561,-0.7584067898548031,0.6517815133172561,-3.2693250584842004,1.7930151861228445,114.0,640.0,,,0.0,6,0.0,0.0,0.7062777777777778,0.0,-0.0,34.125,1.5541666666666671,85,3,2015,359
2016-03-26,0.0,0.0,0,0.0,8.0,19.0,12.6,6.1,2.8375,-0.7852480231480236,-0.16504957685662097,73.16666666666667,240.0,600.0,26.833333333333332,,,,,,,,351.1091733805208,0.047824561132135804,0.0,0.0,0.0,0.0,0.0,0.0,,0.3333333333333333,0,0,0.0,0.0,0.0,0.0,0.0,0.0,71.26,0.0,0.0,0.0,0.0,,,,,-0.15455220631765001,0.9879846231203938,-0.15455220631765001,0.9879846231203938,-0.5745398036033039,-0.12076127373342768,115.0,641.0,,,0.0,6,0.0,0.0,0.7372222222222223,0.0,-0.0,17.025,0.47083333333333144,86,3,2015,360
2016-03-27,0.0,0.0,0,0.0,8.0,17.8,11.608333333333334,7.0,4.729166666666667,1.8821727550547838,-1.8402370646675488,79.16666666666667,181.5,600.0,66.70833333333333,,,,,,,,133.57342515431264,0.5159210002400403,0.0,0.0,0.0,0.0,0.0,0.0,,0.041666666666666664,0,0,0.0,0.0,0.0,0.0,0.0,0.0,71.26,0.0,0.0,0.0,0.0,,,,,0.7244916418718925,-0.6892835852229251,0.7244916418718925,-0.6892835852229251,1.4900534310850373,-1.4568543428618097,116.0,642.0,,,0.0,6,0.0,0.0,0.7182222222222222,0.0,-0.0,28.375,-0.9916666666666654,87,3,2015,361
2016-03-28,0.0,0.0,0,0.0,8.6,16.8,11.991666666666667,10.4,4.691666666666666,0.4706384311141946,0.9570109667935061,79.79166666666667,144.04166666666666,560.0,98.04166666666667,,,,,,,,94.73760406400572,0.29194344065166267,0.0,0.0,0.0,0.0,0.0,0.0,,0.0,0,0,0.0,0.0,0.0,0.0,0.0,0.0,71.26,0.0,0.0,0.0,0.0,,,,,0.9965833947215258,-0.08259259873208707,0.9965833947215258,-0.08259259873208707,0.3755302481598678,0.7636150005873185,117.0,643.0,,,0.0,6,0.0,0.0,0.6953333333333332,0.0,-0.0,28.15,0.38333333333333286,88,3,2015,362
2016-03-29,0.0,11.1,0,0.0,8.6,12.8,10.2,6.2,4.020833333333333,3.481257671633633,-0.8705631609627534,93.95833333333333,86.625,334.0,88.70833333333333,,,,,,,,100.24107689853749,0.8726363669763368,0.0,0.0,0.0,0.0,0.0,0.0,,0.0,0,0,0.0,0.0,0.0,0.0,0.0,0.0,71.26,0.0,0.0,0.0,0.0,,,,,0.9840683981955493,-0.17779029127836496,0.9840683981955493,-0.17779029127836496,3.2709316873057674,-0.8179666366545871,118.0,644.0,,,0.0,6,0.0,0.0,0.6553888888888889,0.0,-0.0,24.125,-1.7916666666666679,89,3,2015,363
2016-03-30,0.0,15.0,0,0.0,7.2,12.3,9.345833333333333,7.9,5.2250000000000005,-4.049323877499867,-2.9794912668425937,91.875,106.91666666666667,538.0,96.375,,,,,,,,233.58684556878146,0.9618075357405717,0.0,0.0,0.0,0.0,0.0,0.0,,0.0,0,0,0.0,0.0,0.0,0.0,0.0,0.0,71.26,0.0,0.0,0.0,0.0,,,,,-0.8047575342078112,-0.5936036650289178,-0.8047575342078112,-0.5936036650289178,-3.7203163124530025,-2.737407601411633,119.0,645.0,,,0.0,6,0.0,0.0,0.6508611111111111,0.0,-0.0,31.35,-0.8541666666666661,90,3,2015,364
2016-03-31,0.0,0.0,0,0.0,4.6,16.3,10.241666666666667,8.6,4.354166666666667,-2.1472225425206566,-0.6774575517968512,76.29166666666667,232.5,600.0,55.0,,,,,,,,225.04165827415125,0.36544882134521767,0.0,0.0,0.0,0.0,0.0,0.0,,0.20833333333333334,0,0,0.0,0.0,0.0,0.0,0.0,0.0,71.26,0.0,0.0,0.0,0.0,,,,,-0.7076207132273611,-0.7065924753431789,-0.7076207132273611,-0.7065924753431789,-1.6381518647313842,-0.5168436572250144,120.0,646.0,,,0.0,6,0.0,0.0,0.742638888888889,0.0,-0.0,26.125,0.8958333333333339,91,3,2015,365
2016-04-01,0.0,0.0,0,0.0,5.5,17.2,11.220833333333333,10.5,7.1625000000000005,-4.3414791295710735,5.093391047997007,66.125,228.0,600.0,54.0,,,,,,,,326.46449967632793,0.8846372313890838,0.0,0.0,0.0,0.0,0.0,0.0,,0.375,0,0,0.0,0.0,0.0,0.0,0.0,0.0,0.0,0.0,0.0,0.0,0.0,,,,,-0.5524535529330518,0.8335436832294081,-0.5524535529330518,0.8335436832294081,-2.8708030744288724,3.3680048304880206,121.0,647.0,,,0.0,0,0.0,0.0,0.70575,0.0,-0.0,0.0,0.9791666666666661,92,4,2016,0
2016-04-02,0.0,0.0,0,0.0,6.6,16.8,11.737499999999999,18.6,8.716666666666667,-6.392266183895324,3.0969775128355863,59.583333333333336,212.75,600.0,18.291666666666668,,,,,,,,295.57970614915206,0.6857246313024609,0.0,0.0,0.0,0.0,0.0,0.0,,0.5416666666666666,0,0,0.0,0.0,0.0,0.0,0.0,0.0,0.0,0.0,0.0,0.0,0.0,,,,,-0.9019855122351002,0.4317662975707855,-0.9019855122351002,0.4317662975707855,-3.8087252679042973,1.8452824347312038,122.0,648.0,,,0.0,1,0.0,0.0,0.6737777777777777,0.0,-0.0,8.716666666666667,0.5166666666666657,93,4,2016,1
2016-04-03,0.0,0.0,0,0.0,4.7,17.1,9.987499999999999,7.0,5.520833333333333,2.674796924989078,-2.2147652367093222,78.79166666666667,218.875,600.0,48.5,,,,,,,,129.30416730713873,0.5440950802428628,0.0,0.0,0.0,0.0,0.0,0.0,,0.125,0,0,0.0,0.0,0.0,0.0,0.0,0.0,0.0,0.0,0.0,0.0,0.0,,,,,0.773794139842681,-0.6334371548505231,0.773794139842681,-0.6334371548505231,2.1075170771476444,-1.7450504427572202,123.0,649.0,,,0.0,2,0.0,0.0,0.7418888888888889,0.0,-0.0,11.041666666666666,-1.75,94,4,2016,2
2016-04-04,0.0,0.0,0,0.0,7.3,18.3,12.299999999999999,6.9,4.791666666666667,-0.5277669691245959,2.3414503016392705,72.79166666666667,227.125,600.0,24.458333333333332,,,,,,,,355.8266618697374,0.49731216068094614,0.0,0.0,0.0,0.0,0.0,0.0,,0.75,0,0,0.0,0.0,0.0,0.0,0.0,0.0,0.0,0.0,0.0,0.0,0.0,,,,,-0.07277410147748332,0.9973484497176225,-0.07277410147748332,0.9973484497176225,-0.38417037294194545,1.704380698734919,124.0,650.0,,,0.0,3,0.0,0.0,0.727388888888889,0.0,-0.0,14.375,2.3125,95,4,2016,3
2016-04-05,0.0,0.0,0,0.0,7.8,19.1,13.145833333333334,17.8,9.766666666666667,-5.237106074096844,8.037767309349992,67.54166666666667,219.08333333333334,600.0,50.708333333333336,,,,,,,,330.8466127216233,0.9819881989297106,0.0,0.0,0.0,0.0,0.0,0.0,,0.3333333333333333,0,0,0.0,0.0,0.0,0.0,0.0,0.0,0.0,0.0,0.0,0.0,0.0,,,,,-0.4871493359727814,0.8733186843651509,-0.4871493359727814,0.8733186843651509,-3.5372287275462435,5.428842003523474,125.0,651.0,,,0.0,4,0.0,0.0,0.7045277777777778,0.0,-0.0,39.06666666666667,0.845833333333335,96,4,2016,4
2016-04-06,0.0,2.3000000000000003,0,0.0,8.3,19.3,12.704166666666666,19.1,9.858333333333333,-7.021240171098608,6.504036240374151,61.291666666666664,182.5,600.0,66.70833333333333,,,,,,,,313.5218922601666,0.9608530944645978,0.0,0.0,0.0,0.0,0.0,0.0,,0.08333333333333333,0,0,0.0,0.0,0.0,0.0,0.0,0.0,0.0,0.0,0.0,0.0,0.0,,,,,-0.7251113032776986,0.6886316851982033,-0.7251113032776986,0.6886316851982033,-4.303435121535855,3.986432212329323,126.0,652.0,,,0.0,5,0.0,0.0,0.6593055555555556,0.0,-0.0,49.291666666666664,-0.4416666666666682,97,4,2016,5
2016-04-07,0.0,0.30000000000000004,0,0.0,4.2,15.5,9.358333333333333,5.7,3.9250000000000003,0.4839459822466337,-1.6142771357610088,75.45833333333333,215.79166666666666,600.0,57.75,,,,,,,,170.86082305031647,0.3381017010547953,0.0,0.0,0.0,0.0,0.0,0.0,,0.125,0,0,0.0,0.0,0.0,0.0,0.0,0.0,0.0,0.0,0.0,0.0,0.0,,,,,0.1588331909717524,-0.987305432703442,0.1588331909717524,-0.987305432703442,0.365177572436939,-1.218106622026328,127.0,653.0,,,0.0,6,0.0,0.0,0.7287222222222222,0.0,-0.0,23.55,-3.345833333333333,98,4,2016,6
2016-04-08,0.0,0.9000000000000001,0,0.0,6.1,13.3,8.558333333333334,6.8,3.5708333333333333,-2.326477781837506,2.0445771593446604,77.91666666666667,131.625,541.0,63.041666666666664,,,,,,,,316.73351054096884,0.8225801415741886,0.0,0.0,0.0,0.0,0.0,0.0,,0.25,0,0,0.0,0.0,0.0,0.0,0.0,0.0,0.0,0.0,0.0,0.0,0.0,,,,,-0.685392583727566,0.7281737472411729,-0.685392583727566,0.7281737472411729,-1.8127139383483901,1.5930663699893812,128.0,654.0,,,0.0,6,0.0,0.0,0.6430277777777778,0.0,-0.0,21.425,-0.7999999999999989,99,4,2016,7
2016-04-09,0.0,0.0,0,0.0,2.7,15.9,8.987499999999999,9.4,4.925,-3.1181034164240473,2.9968517967833823,73.16666666666667,221.66666666666666,600.0,40.125,,,,,,,,328.05364950872354,0.792650774217446,0.0,0.0,0.0,0.0,0.0,0.0,,0.4583333333333333,0,0,0.0,0.0,0.0,0.0,0.0,0.0,0.0,0.0,0.0,0.0,0.0,,,,,-0.5291249532421934,0.8485439198158494,-0.5291249532421934,0.8485439198158494,-2.2814123330169283,2.192696564646508,129.0,655.0,,,0.0,6,0.0,0.0,0.725,0.0,-0.0,29.549999999999997,0.42916666666666536,100,4,2016,8
2016-04-10,0.0,0.0,0,0.0,4.1,15.6,9.183333333333334,13.0,7.329166666666667,-6.421018154019837,3.4134070695279557,74.95833333333333,207.04166666666666,600.0,51.458333333333336,,,,,,,,299.9656853792647,0.9920919746653879,0.0,0.0,0.0,0.0,0.0,0.0,,0.25,0,0,0.0,0.0,0.0,0.0,0.0,0.0,0.0,0.0,0.0,0.0,0.0,,,,,-0.8663247000081095,0.4994812450491602,-0.8663247000081095,0.4994812450491602,-4.813088191284035,2.55863304920033,130.0,656.0,,,0.0,6,0.0,0.0,0.7212222222222223,0.0,-0.0,43.975,0.19583333333333464,101,4,2016,9
2016-04-11,0.0,0.0,0,0.0,4.9,16.2,9.633333333333333,9.4,5.695833333333333,-3.4612942809674583,-0.21811579031693426,76.25,174.33333333333334,600.0,64.45833333333333,,,,,,,,269.1574255254135,0.5787911551595586,0.0,0.0,0.0,0.0,0.0,0.0,,0.16666666666666666,0,0,0.0,0.0,0.0,0.0,0.0,0.0,0.0,0.0,0.0,0.0,0.0,,,,,-0.9998918731603976,-0.014705168744064072,-0.9998918731603976,-0.014705168744064072,-2.639236889237687,-0.16631329011666238,131.0,657.0,,,0.0,6,0.0,0.0,0.7037222222222222,0.0,-0.0,34.175,0.4499999999999993,102,4,2016,10
2016-04-12,0.0,0.0,0,0.0,5.5,15.1,9.408333333333333,6.9,4.041666666666667,1.615741737232554,-2.765668862003485,76.70833333333333,167.95833333333334,600.0,47.041666666666664,,,,,,,,155.16916420562666,0.7650197069704379,0.0,0.0,0.0,0.0,0.0,0.0,,0.08333333333333333,0,0,0.0,0.0,0.0,0.0,0.0,0.0,0.0,0.0,0.0,0.0,0.0,,,,,0.4199405749331368,-0.9075516037806481,0.4199405749331368,-0.9075516037806481,1.2394085576021383,-2.12149848956184,132.0,658.0,,,0.0,6,0.0,0.0,0.701,0.0,-0.0,24.25,-0.22499999999999964,103,4,2016,11
2016-04-13,0.0,0.0,0,0.0,6.5,16.5,10.654166666666667,6.4,4.1625000000000005,0.44479078845426395,0.334764078334086,76.54166666666667,181.95833333333334,600.0,64.83333333333333,,,,,,,,69.11005560114033,0.19488235587067018,0.0,0.0,0.0,0.0,0.0,0.0,,0.08333333333333333,0,0,0.0,0.0,0.0,0.0,0.0,0.0,0.0,0.0,0.0,0.0,0.0,,,,,0.9342670686465921,0.3565740378133324,0.9342670686465921,0.3565740378133324,0.3404502826627012,0.256234004958215,133.0,659.0,,,0.0,6,0.0,0.0,0.7097777777777777,0.0,-0.0,24.975,1.2458333333333336,104,4,2016,12
2016-04-14,0.0,0.0,0,0.0,6.7,16.9,11.258333333333333,10.0,5.579166666666667,-2.2681769751801624,3.817755848252515,70.04166666666667,197.625,600.0,78.75,,,,,,,,337.17232818652576,0.7776551933168275,0.0,0.0,0.0,0.0,0.0,0.0,,0.041666666666666664,0,0,0.0,0.0,0.0,0.0,0.0,0.0,0.0,0.0,0.0,0.0,0.0,,,,,-0.387960768190256,0.9216758879048679,-0.387960768190256,0.9216758879048679,-1.5886689563657723,2.6740198253801992,134.0,660.0,,,0.0,6,0.0,0.0,0.6985555555555555,0.0,-0.0,33.475,0.6041666666666661,105,4,2016,13
2016-04-15,0.0,0.0,0,0.0,7.5,17.1,11.758333333333333,14.5,7.041666666666667,-4.753611995462482,4.983894748662933,66.70833333333333,166.83333333333334,600.0,96.04166666666667,,,,,,,,320.8038755075154,0.9801161648853682,0.0,0.0,0.0,0.0,0.0,0.0,,0.0,0,0,0.0,0.0,0.0,0.0,0.0,0.0,0.0,0.0,0.0,0.0,0.0,,,,,-0.631976883689954,0.7749872376249395,-0.631976883689954,0.7749872376249395,-3.17105533530643,3.3246731219205645,135.0,661.0,,,0.0,6,0.0,0.0,0.6669166666666667,0.0,-0.0,42.25,0.5,106,4,2016,14
2016-04-16,0.0,6.5,0,0.0,8.2,16.5,11.258333333333333,10.8,5.895833333333333,-2.4928481954606188,2.3154499792634557,77.875,146.45833333333334,512.0,70.91666666666667,,,,,,,,316.7308079629544,0.40720357142948344,0.0,0.0,0.0,0.0,0.0,0.0,,0.0,0,0,0.0,0.0,0.0,0.0,0.0,0.0,0.0,0.0,0.0,0.0,0.0,,,,,-0.6854269301085716,0.7281414172274087,-0.6854269301085716,0.7281414172274087,-1.9413055322149568,1.803156671351416,136.0,662.0,,,0.0,6,0.0,0.0,0.6905555555555556,0.0,-0.0,35.375,-0.5,107,4,2016,15
2016-04-17,0.0,1.4000000000000001,0,0.0,7.3,12.2,8.758333333333333,6.8,5.541666666666667,4.639667483946831,-2.9338937401917824,92.04166666666667,96.70833333333333,419.0,85.29166666666667,,,,,,,,122.39086973793978,0.9906438590170676,0.0,0.0,0.0,0.0,0.0,0.0,,0.0,0,0,0.0,0.0,0.0,0.0,0.0,0.0,0.0,0.0,0.0,0.0,0.0,,,,,0.8444133004608065,-0.535692241874836,0.8444133004608065,-0.535692241874836,4.2704272800160625,-2.70040469670152,137.0,663.0,,,0.0,6,0.0,0.0,0.6423888888888888,0.0,-0.0,33.25,-2.5,108,4,2016,16
2016-04-18,0.0,0.0,0,0.0,6.0,15.2,9.929166666666667,5.4,4.129166666666666,2.4865525715658006,1.97418827536632,77.125,164.20833333333334,600.0,55.208333333333336,,,,,,,,43.95231080970891,0.7535799258279271,0.0,0.0,0.0,0.0,0.0,0.0,,0.08333333333333333,0,0,0.0,0.0,0.0,0.0,0.0,0.0,0.0,0.0,0.0,0.0,0.0,,,,,0.6940593993725468,0.7199177384553179,0.6940593993725468,0.7199177384553179,1.9177536708201237,1.5225927073762742,138.0,664.0,,,0.0,6,0.0,0.0,0.6998888888888889,0.0,-0.0,24.775,1.1708333333333343,109,4,2016,17
2016-04-19,0.0,0.0,0,0.0,5.4,15.8,10.424999999999999,5.4,2.9499999999999997,-1.6267718343795308,1.848803646468667,66.16666666666667,187.83333333333334,600.0,54.666666666666664,,,,,,,,326.69649878154695,0.7513807319169822,0.0,0.0,0.0,0.0,0.0,0.0,,0.20833333333333334,0,0,0.0,0.0,0.0,0.0,0.0,0.0,0.0,0.0,0.0,0.0,0.0,,,,,-0.5490738913136132,0.8357738102367929,-0.5490738913136132,0.8357738102367929,-1.076380697081123,1.2232917460801014,139.0,665.0,,,0.0,6,0.0,0.0,0.6791111111111111,0.0,-0.0,17.7,0.4958333333333318,110,4,2016,18
2016-04-20,0.0,0.0,0,0.0,5.2,16.7,10.875,6.8,3.2624999999999997,-1.7111092835382502,1.9777109845175112,63.75,186.08333333333334,600.0,59.75,,,,,,,,330.21218056400124,0.77741131895207,0.0,0.0,0.0,0.0,0.0,0.0,,0.25,0,0,0.0,0.0,0.0,0.0,0.0,0.0,0.0,0.0,0.0,0.0,0.0,,,,,-0.49678947071946455,0.8678710859236378,-0.49678947071946455,0.8678710859236378,-1.0908321682556346,1.2607907526299134,140.0,666.0,,,0.0,6,0.0,0.0,0.669888888888889,0.0,-0.0,19.575,0.45000000000000107,111,4,2016,19
2016-04-21,0.0,3.7,0,0.0,6.2,17.7,11.045833333333334,9.8,5.825,-3.7535865407200055,4.183118049516271,68.58333333333333,180.5,600.0,65.20833333333333,,,,,,,,321.4815893817098,0.9624531382734421,0.0,0.0,0.0,0.0,0.0,0.0,,0.041666666666666664,0,0,0.0,0.0,0.0,0.0,0.0,0.0,0.0,0.0,0.0,0.0,0.0,,,,,-0.6227660767712975,0.782408086373656,-0.6227660767712975,0.782408086373656,-2.5743347691771366,2.868921795626576,141.0,667.0,,,0.0,6,0.0,0.0,0.6822777777777778,0.0,-0.0,34.95,0.17083333333333428,112,4,2016,20
2016-04-22,0.0,6.1,0,0.0,6.6,11.1,8.65,10.6,6.629166666666666,0.8109517215868709,-4.48365700794895,90.45833333333333,84.08333333333333,347.0,71.70833333333333,,,,,,,,178.84441178984113,0.48828981006895505,0.0,0.0,0.0,0.0,0.0,0.0,,0.041666666666666664,0,0,0.0,0.0,0.0,0.0,0.0,0.0,0.0,0.0,0.0,0.0,0.0,,,,,0.02016745170936444,-0.9997966162633031,0.02016745170936444,-0.9997966162633031,0.7335734114854568,-4.055841401773821,142.0,668.0,,,0.0,6,0.0,0.0,0.60425,0.0,-0.0,39.775,-2.395833333333334,113,4,2016,21
2016-04-23,0.0,0.0,0,0.0,3.9,12.9,7.5249999999999995,8.0,6.7250000000000005,3.7254336382342825,-5.5480889497691,74.58333333333333,186.66666666666666,600.0,25.541666666666668,,,,,,,,145.47621549876052,0.9926419240140115,0.0,0.0,0.0,0.0,0.0,0.0,,0.625,0,0,0.0,0.0,0.0,0.0,0.0,0.0,0.0,0.0,0.0,0.0,0.0,,,,,0.5667482976104347,-0.8238909922773001,0.5667482976104347,-0.8238909922773001,2.778552588516402,-4.13794967503612,143.0,669.0,,,0.0,6,0.0,0.0,0.6597222222222222,0.0,-0.0,40.35,-1.1250000000000009,114,4,2016,22
2016-04-24,0.0,0.0,0,0.0,1.4,15.5,8.266666666666667,4.0,2.0124999999999997,1.3897499534147653,0.014019163528713583,68.45833333333333,188.70833333333334,600.0,15.375,,,,,,,,80.5407439026044,0.5966475525214888,0.0,0.0,0.0,0.0,0.0,0.0,,0.75,0,0,0.0,0.0,0.0,0.0,0.0,0.0,0.0,0.0,0.0,0.0,0.0,,,,,0.9864027200220781,0.16434620145609014,0.9864027200220781,0.16434620145609014,0.9513996556085246,0.00959728569903184,144.0,670.0,,,0.0,6,0.0,0.0,0.6873333333333335,0.0,-0.0,12.075,0.741666666666668,115,4,2016,23
2016-04-25,0.0,0.0,0,0.0,3.0,16.7,9.5875,4.0,2.6625,-0.45719346241647524,1.336395423250144,64.83333333333333,187.79166666666666,600.0,0.0,,,,,,,,353.2600424019249,0.44301119175998244,0.0,0.0,0.0,0.0,0.0,0.0,,1.0,0,0,0.0,0.0,0.0,0.0,0.0,0.0,0.0,0.0,0.0,0.0,0.0,,,,,-0.117363337587114,0.9930890428307086,-0.117363337587114,0.9930890428307086,-0.2964137614666814,0.8664296994071766,145.0,671.0,,,0.0,6,0.0,0.0,0.6746388888888889,0.0,-0.0,15.975000000000001,1.3208333333333329,116,4,2016,24
2016-04-26,0.0,0.0,0,0.0,4.0,17.3,10.158333333333333,5.2,3.3541666666666665,-0.6485965623779911,2.63246744309348,65.125,186.16666666666666,600.0,0.0,,,,,,,,344.0318537634729,0.7790785421199684,0.0,0.0,0.0,0.0,0.0,0.0,,1.0,0,0,0.0,0.0,0.0,0.0,0.0,0.0,0.0,0.0,0.0,0.0,0.0,,,,,-0.27510289687361933,0.9614147888043655,-0.27510289687361933,0.9614147888043655,-0.42239851124866673,1.7143944223146286,146.0,672.0,,,0.0,6,0.0,0.0,0.6745277777777777,0.0,-0.0,20.125,0.5708333333333329,117,4,2016,25
2016-04-27,0.0,0.0,0,0.0,4.8,16.4,9.916666666666666,9.7,7.3125,-4.2535106291105595,5.6671629217249055,63.166666666666664,182.45833333333334,600.0,19.458333333333332,,,,,,,,324.6884489413853,0.9681059219862383,0.0,0.0,0.0,0.0,0.0,0.0,,0.75,0,0,0.0,0.0,0.0,0.0,0.0,0.0,0.0,0.0,0.0,0.0,0.0,,,,,-0.5780221492458418,0.816021075083982,-0.5780221492458418,0.816021075083982,-2.6868008807215036,3.5797579122228984,147.0,673.0,,,0.0,6,0.0,0.0,0.6655277777777778,0.0,-0.0,43.875,-0.24166666666666714,118,4,2016,26
2016-04-28,0.0,0.0,0,0.0,7.2,14.9,10.466666666666667,10.9,6.3374999999999995,-2.560896224834022,5.515396393841893,74.41666666666667,118.75,483.0,97.29166666666667,,,,,,,,338.6782710962206,0.9587687646356131,0.0,0.0,0.0,0.0,0.0,0.0,,0.0,0,0,0.0,0.0,0.0,0.0,0.0,0.0,0.0,0.0,0.0,0.0,0.0,,,,,-0.3636045397749744,0.9315534008606426,-0.3636045397749744,0.9315534008606426,-1.9057336073139848,4.104374149750676,148.0,674.0,,,0.0,6,0.0,0.0,0.6583333333333333,0.0,-0.0,38.025,0.5500000000000007,119,4,2016,27
2016-04-29,0.0,6.4,0,0.0,7.6,16.1,10.575000000000001,14.6,7.920833333333333,-3.0832681227436844,7.076213261135337,81.20833333333333,85.5,394.0,96.08333333333333,,,,,,,,338.77651539813587,0.9746521208325352,0.0,0.0,0.0,0.0,0.0,0.0,,0.0,0,0,0.0,0.0,0.0,0.0,0.0,0.0,0.0,0.0,0.0,0.0,0.0,,,,,-0.36200668395439356,0.9321754989122724,-0.36200668395439356,0.9321754989122724,-2.5038706546781,5.746474852480321,149.0,675.0,,,0.0,6,0.0,0.0,0.6610277777777778,0.0,-0.0,47.525,0.10833333333333428,120,4,2016,28
2016-04-30,0.0,6.1000000000000005,0,0.0,9.4,13.5,10.983333333333334,7.2,6.0874999999999995,-2.7643756255127165,5.349687912721355,93.91666666666667,94.04166666666667,377.0,82.5,,,,,,,,333.0852951262606,0.9894245298221483,0.0,0.0,0.0,0.0,0.0,0.0,,0.0,0,0,0.0,0.0,0.0,0.0,0.0,0.0,0.0,0.0,0.0,0.0,0.0,,,,,-0.45266357287382786,0.8916813835631541,-0.45266357287382786,0.8916813835631541,-2.5962094416273596,5.024248564697473,150.0,676.0,,,0.0,6,0.0,0.0,0.67575,0.0,-0.0,36.525,0.4083333333333332,121,4,2016,29
2016-05-01,0.0,13.2,0,0.0,3.4,10.4,8.179166666666667,21.6,14.783333333333333,-10.093052185093137,10.034672640085201,92.29166666666667,121.45833333333333,542.0,86.16666666666667,,,,,,,,318.0771724422907,0.9494974486332212,0.0,0.0,0.0,0.0,0.0,0.0,,0.0,0,0,0.0,0.0,0.0,0.0,0.0,0.0,0.0,0.0,0.0,0.0,0.0,,,,,-0.6681290481193125,0.7440454119603059,-0.6681290481193125,0.7440454119603059,-9.315046079158876,9.261166624078633,151.0,677.0,,,0.0,6,0.0,0.0,0.6197222222222223,0.0,-0.0,88.7,-2.804166666666667,122,5,2016,30
2016-05-02,0.0,0.0,0,0.0,0.3,8.6,4.45,14.3,10.041666666666666,-7.203004966929399,6.926034055480283,82.25,155.29166666666666,582.0,54.458333333333336,,,,,,,,314.3734131151044,0.9947439657239703,0.0,0.0,0.0,0.0,0.0,0.0,,0.041666666666666664,0,0,0.0,0.0,0.0,0.0,0.0,0.0,0.0,0.0,0.0,0.0,0.0,,,,,-0.7147972665559271,0.6993317293846855,-0.7147972665559271,0.6993317293846855,-5.924471585299431,5.696663010632533,152.0,678.0,,,0.0,6,0.0,0.0,0.5688055555555556,0.0,-0.0,60.25,-3.729166666666667,123,5,2016,31
2016-05-03,0.0,1.3,0,0.0,3.3,9.5,6.45,23.9,16.1875,-11.560012996147359,11.237262146721378,78.45833333333333,143.20833333333334,516.0,48.166666666666664,,,,,,,,314.62888026639564,0.9957339108189001,0.0,0.0,0.0,0.0,0.0,0.0,,0.125,0,0,0.0,0.0,0.0,0.0,0.0,0.0,0.0,0.0,0.0,0.0,0.0,,,,,-0.7116720312780432,0.7025118645948863,-0.7116720312780432,0.7025118645948863,-9.069793529893948,8.816568592615146,153.0,679.0,,,0.0,6,0.0,0.0,0.5681111111111111,0.0,-0.0,97.125,2.0,124,5,2016,32
2016-05-04,0.0,2.4,0,0.0,3.5,10.1,6.4875,10.6,8.233333333333333,-6.605167462025608,4.826498100162744,83.66666666666667,147.625,550.0,44.833333333333336,,,,,,,,306.55337435261004,0.9937894319760061,0.0,0.0,0.0,0.0,0.0,0.0,,0.2916666666666667,0,0,0.0,0.0,0.0,0.0,0.0,0.0,0.0,0.0,0.0,0.0,0.0,,,,,-0.8033023998655281,0.5955713679906743,-0.8033023998655281,0.5955713679906743,-5.526323443228092,4.038170077136162,154.0,680.0,,,0.0,6,0.0,0.0,0.60175,0.0,-0.0,49.39999999999999,0.037499999999999645,125,5,2016,33
2016-05-05,0.0,0.0,0,0.0,2.4,13.1,6.908333333333334,9.8,7.095833333333334,-5.226593469280849,4.7271816296606275,84.625,144.75,566.0,34.333333333333336,,,,,,,,313.1434868145027,0.9921286785942564,0.0,0.0,0.0,0.0,0.0,0.0,,0.5,0,0,0.0,0.0,0.0,0.0,0.0,0.0,0.0,0.0,0.0,0.0,0.0,,,,,-0.7296434697014892,0.6838277612981006,-0.7296434697014892,0.6838277612981006,-4.423004723378918,4.000377454100306,155.0,681.0,,,0.0,6,0.0,0.0,0.6696944444444445,0.0,-0.0,42.575,0.4208333333333343,126,5,2016,34
2016-05-06,0.0,0.0,0,0.0,3.7,14.7,8.416666666666666,9.7,6.391666666666667,-4.225856456842131,4.718357794319618,77.33333333333333,162.5,600.0,17.708333333333332,,,,,,,,319.68371362602824,0.9894861163411515,0.0,0.0,0.0,0.0,0.0,0.0,,0.625,0,0,0.0,0.0,0.0,0.0,0.0,0.0,0.0,0.0,0.0,0.0,0.0,,,,,-0.6470065424979393,0.7624844483429561,-0.6470065424979393,0.7624844483429561,-3.267995659957914,3.6488633609405046,156.0,682.0,,,0.0,6,0.0,0.0,0.6927777777777777,0.0,-0.0,38.35,1.508333333333332,127,5,2016,35
2016-05-07,0.0,0.0,0,0.0,3.7,16.0,9.25,6.2,4.1000000000000005,-1.75933927142374,3.3469760929102343,65.75,158.0,600.0,48.708333333333336,,,,,,,,333.61220802731697,0.9209684567575646,0.0,0.0,0.0,0.0,0.0,0.0,,0.5,0,0,0.0,0.0,0.0,0.0,0.0,0.0,0.0,0.0,0.0,0.0,0.0,,,,,-0.444444319545131,0.8958064784450186,-0.444444319545131,0.8958064784450186,-1.1567655709611089,2.200636781088479,157.0,683.0,,,0.0,6,0.0,0.0,0.6578333333333334,0.0,-0.0,24.6,0.8333333333333339,128,5,2016,36
2016-05-08,0.0,19.3,0,0.0,7.5,10.9,9.333333333333334,13.7,8.766666666666667,-0.39587966263401936,8.422000363992224,91.54166666666667,22.5,101.0,100.0,,,,,,,,359.41004218004605,0.9478029639459354,0.0,0.0,0.0,0.0,0.0,0.0,,0.0,0,0,0.0,0.0,0.0,0.0,0.0,0.0,0.0,0.0,0.0,0.0,0.0,,,,,-0.010296524460535078,0.9999469893869543,-0.010296524460535078,0.9999469893869543,-0.36239484116955856,7.709639499871215,158.0,684.0,,,0.0,6,0.0,0.0,0.5623611111111112,0.0,-0.0,52.60000000000001,0.08333333333333393,129,5,2016,37
2016-05-09,0.0,23.0,0,0.0,6.9,12.2,9.845833333333333,20.5,13.141666666666666,-5.76097964547417,11.497315402138321,98.58333333333333,35.041666666666664,204.0,92.83333333333333,,,,,,,,335.1917617257496,0.9806271896417993,0.0,0.0,0.0,0.0,0.0,0.0,,0.0,0,0,0.0,0.0,0.0,0.0,0.0,0.0,0.0,0.0,0.0,0.0,0.0,,,,,-0.4195826029039725,0.9077171582273452,-0.4195826029039725,0.9077171582273452,-5.679365767163286,11.334436767274694,159.0,685.0,,,0.0,6,0.0,0.0,0.6230833333333333,0.0,-0.0,78.85,0.5124999999999993,130,5,2016,38
2016-05-10,0.0,21.6,0,0.0,3.0,8.3,6.279166666666666,21.2,15.225,-11.230773207120315,9.886131941717958,96.20833333333333,65.0,284.0,86.70833333333333,,,,,,,,309.62478891172964,0.9827315474951882,0.0,0.0,0.0,0.0,0.0,0.0,,0.0,0,0,0.0,0.0,0.0,0.0,0.0,0.0,0.0,0.0,0.0,0.0,0.0,,,,,-0.770237390374668,0.6377572911922069,-0.770237390374668,0.6377572911922069,-10.804939723017004,9.51128277226115,160.0,686.0,,,0.0,6,0.0,0.0,0.5484722222222222,0.0,-0.0,91.35,-3.5666666666666673,131,5,2016,39
2016-05-11,0.0,7.4,0,0.0,1.8,4.9,3.1791666666666667,20.7,16.441666666666666,-13.165374638924106,9.795946850703075,91.79166666666667,77.16666666666667,307.0,90.16666666666667,,,,,,,,306.7922842830853,0.9981609260721948,0.0,0.0,0.0,0.0,0.0,0.0,,0.0,0,0,0.0,0.0,0.0,0.0,0.0,0.0,0.0,0.0,0.0,0.0,0.0,,,,,-0.8008120309998398,0.598915762863119,-0.8008120309998398,0.598915762863119,-12.084716803979086,8.991862880041198,161.0,687.0,,,0.0,6,0.0,0.0,0.4663055555555556,0.0,-0.0,98.65,-3.099999999999999,132,5,2016,40
2016-05-12,0.0,10.3,0,0.0,4.2,9.5,6.95,20.0,16.175,-12.955157063386359,9.628713515539769,92.33333333333333,76.95833333333333,382.0,95.0,,,,,,,,306.6686435241619,0.9978110015901389,0.0,0.0,0.0,0.0,0.0,0.0,,0.0,0,0,0.0,0.0,0.0,0.0,0.0,0.0,0.0,0.0,0.0,0.0,0.0,,,,,-0.8021025887105088,0.5971862667408724,-0.8021025887105088,0.5971862667408724,-11.961928355193404,8.890512146015052,162.0,688.0,,,0.0,6,0.0,0.0,0.5701944444444444,0.0,-0.0,97.05000000000001,3.7708333333333335,133,5,2016,41
2016-05-13,0.0,4.1,0,0.0,4.1,10.8,8.008333333333333,14.8,10.3375,-8.042374647006259,6.467260769601183,90.75,98.41666666666667,392.0,74.83333333333333,,,,,,,,309.0398220248242,0.9978762243232363,0.0,0.0,0.0,0.0,0.0,0.0,,0.08333333333333333,0,0,0.0,0.0,0.0,0.0,0.0,0.0,0.0,0.0,0.0,0.0,0.0,,,,,-0.7767083801012631,0.6298603752265036,-0.7767083801012631,0.6298603752265036,-7.29845499215818,5.869039148413074,163.0,689.0,,,0.0,6,0.0,0.0,0.6081111111111112,0.0,-0.0,62.025000000000006,1.0583333333333327,134,5,2016,42
2016-05-14,0.0,0.0,0,0.0,3.3,13.6,7.608333333333333,13.3,8.595833333333333,-5.717337259270553,6.351849470910401,79.91666666666667,145.45833333333334,567.0,26.541666666666668,,,,,,,,319.2168995229436,0.9922997487030779,0.0,0.0,0.0,0.0,0.0,0.0,,0.5833333333333334,0,0,0.0,0.0,0.0,0.0,0.0,0.0,0.0,0.0,0.0,0.0,0.0,,,,,-0.6531972981246582,0.7571877506422343,-0.6531972981246582,0.7571877506422343,-4.569105359700384,5.076186368835896,164.0,690.0,,,0.0,6,0.0,0.0,0.6655833333333333,0.0,-0.0,51.575,-0.39999999999999947,135,5,2016,43
2016-05-15,0.0,0.0,0,0.0,5.0,12.0,8.404166666666667,17.5,10.904166666666667,-8.012583898104623,7.294190548436705,86.79166666666667,127.66666666666667,508.0,44.625,,,,,,,,313.04685856272874,0.9933312328046807,0.0,0.0,0.0,0.0,0.0,0.0,,0.25,0,0,0.0,0.0,0.0,0.0,0.0,0.0,0.0,0.0,0.0,0.0,0.0,,,,,-0.7307956941473708,0.6825962594503887,-0.7307956941473708,0.6825962594503887,-6.9542551082299715,6.330749546830691,165.0,691.0,,,0.0,6,0.0,0.0,0.6410833333333333,0.0,-0.0,65.425,0.7958333333333334,136,5,2016,44
2016-05-16,0.0,5.8,0,0.0,1.8,11.2,6.308333333333334,13.0,7.6625000000000005,-4.870221448212708,5.7241438461715015,82.125,142.375,574.0,57.958333333333336,,,,,,,,320.06116607766535,0.9788713130399267,0.0,0.0,0.0,0.0,0.0,0.0,,0.20833333333333334,0,0,0.0,0.0,0.0,0.0,0.0,0.0,0.0,0.0,0.0,0.0,0.0,,,,,-0.6419694532409572,0.7667302140293589,-0.6419694532409572,0.7667302140293589,-3.999669364344686,4.700953133668346,166.0,692.0,,,0.0,6,0.0,0.0,0.6175555555555555,0.0,-0.0,45.975,-2.095833333333333,137,5,2016,45
2016-05-17,0.0,2.4,0,0.0,2.1,10.5,6.679166666666667,17.6,11.391666666666666,-8.424116063378294,7.5327303227605595,84.54166666666667,125.125,500.0,41.416666666666664,,,,,,,,312.04915203416346,0.9909039844706711,0.0,0.0,0.0,0.0,0.0,0.0,,0.4583333333333333,0,0,0.0,0.0,0.0,0.0,0.0,0.0,0.0,0.0,0.0,0.0,0.0,,,,,-0.7425705284817553,0.6697678778728692,-0.7425705284817553,0.6697678778728692,-7.1218881219144,6.3682957603671575,167.0,693.0,,,0.0,6,0.0,0.0,0.5985555555555555,0.0,-0.0,68.35,0.37083333333333357,138,5,2016,46
2016-05-18,0.0,0.0,0,0.0,1.0,8.6,4.204166666666667,11.3,7.075,-5.551714957741955,4.157105432865113,84.625,118.58333333333333,496.0,41.916666666666664,,,,,,,,309.09533332701693,0.9822789432131018,0.0,0.0,0.0,0.0,0.0,0.0,,0.25,0,0,0.0,0.0,0.0,0.0,0.0,0.0,0.0,0.0,0.0,0.0,0.0,,,,,-0.7760977722855499,0.6306125972841065,-0.7760977722855499,0.6306125972841065,-4.69813878298913,3.517950472562102,168.0,694.0,,,0.0,6,0.0,0.0,0.55225,0.0,-0.0,42.45,-2.4750000000000005,139,5,2016,47
2016-05-19,0.0,3.1,0,0.0,1.6,7.5,4.741666666666666,17.0,12.245833333333332,-9.48698382219531,7.692291479880272,93.875,63.166666666666664,299.0,94.25,,,,,,,,309.7066299806158,0.9966972790193709,0.0,0.0,0.0,0.0,0.0,0.0,,0.0,0,0,0.0,0.0,0.0,0.0,0.0,0.0,0.0,0.0,0.0,0.0,0.0,,,,,-0.769325634883634,0.6388568443015176,-0.769325634883634,0.6388568443015176,-8.905906063085848,7.221138626737606,169.0,695.0,,,0.0,6,0.0,0.0,0.5216944444444445,0.0,-0.0,73.475,0.5374999999999996,140,5,2016,48
2016-05-20,0.0,1.7,0,0.0,4.7,11.2,7.433333333333334,13.7,7.054166666666667,-6.13214044853693,3.0970252080793244,85.91666666666667,115.08333333333333,501.0,61.916666666666664,,,,,,,,299.3631499070008,0.9547318359564032,0.0,0.0,0.0,0.0,0.0,0.0,,0.08333333333333333,0,0,0.0,0.0,0.0,0.0,0.0,0.0,0.0,0.0,0.0,0.0,0.0,,,,,-0.8715293583358875,0.4903433262099487,-0.8715293583358875,0.4903433262099487,-5.268530668701312,2.660860824608153,170.0,696.0,,,0.0,6,0.0,0.0,0.612,0.0,-0.0,42.325,2.6916666666666673,141,5,2016,49
2016-05-21,0.0,0.0,0,0.0,2.5,13.7,7.279166666666666,4.9,2.875,-0.28194397317372044,2.218905414077811,75.125,120.83333333333333,500.0,99.08333333333333,,,,,,,,1.1026522670473982,0.723883121991266,0.0,0.0,0.0,0.0,0.0,0.0,,0.0,0,0,0.0,0.0,0.0,0.0,0.0,0.0,0.0,0.0,0.0,0.0,0.0,,,,,0.019243724640891927,0.9998148223855984,0.019243724640891927,0.9998148223855984,-0.21181040984675747,1.6669526923259557,171.0,697.0,,,0.0,6,0.0,0.0,0.6354166666666666,0.0,-0.0,17.25,-0.15416666666666767,142,5,2016,50
2016-05-22,0.0,0.0,0,0.0,3.2,14.6,7.895833333333333,9.3,6.541666666666667,-2.2542639145132957,6.092000741049939,69.875,130.95833333333334,532.0,52.0,,,,,,,,340.82683701765706,0.9927139545650017,0.0,0.0,0.0,0.0,0.0,0.0,,0.4166666666666667,0,0,0.0,0.0,0.0,0.0,0.0,0.0,0.0,0.0,0.0,0.0,0.0,,,,,-0.3284242701518799,0.944530305906171,-0.3284242701518799,0.944530305906171,-1.5751669102661654,4.256785517808645,172.0,698.0,,,0.0,6,0.0,0.0,0.6446666666666666,0.0,-0.0,39.25,0.6166666666666671,143,5,2016,51
2016-05-23,0.0,4.5,0,0.0,2.2,7.7,5.129166666666666,16.6,12.575000000000001,-10.032842911970365,6.648585683465576,88.83333333333333,106.0,467.0,70.04166666666667,,,,,,,,305.49750473085965,0.9523788067251409,0.0,0.0,0.0,0.0,0.0,0.0,,0.0,0,0,0.0,0.0,0.0,0.0,0.0,0.0,0.0,0.0,0.0,0.0,0.0,,,,,-0.8141408075825369,0.5806674998903025,-0.8141408075825369,0.5806674998903025,-8.91250878680034,5.906160282145254,173.0,699.0,,,0.0,6,0.0,0.0,0.5378888888888889,0.0,-0.0,75.45,-2.7666666666666666,144,5,2016,52
2016-05-24,0.0,0.0,0,0.0,1.6,6.7,3.766666666666667,14.4,9.6375,-8.999230190863194,2.901505406297117,86.91666666666667,88.54166666666667,325.0,83.125,,,,,,,,290.2178804681989,0.9836987983791725,0.0,0.0,0.0,0.0,0.0,0.0,,0.0,0,0,0.0,0.0,0.0,0.0,0.0,0.0,0.0,0.0,0.0,0.0,0.0,,,,,-0.9383852188022695,0.345591060551943,-0.9383852188022695,0.345591060551943,-7.821830907558593,2.521891782306578,174.0,700.0,,,0.0,6,0.0,0.0,0.49763888888888896,0.0,-0.0,57.824999999999996,-1.3624999999999994,145,5,2016,53
2016-05-25,0.0,1.3,0,0.0,1.4,7.3,3.920833333333333,9.9,7.075,-5.235519469476656,4.550903733900215,87.70833333333333,84.54166666666667,352.0,98.58333333333333,,,,,,,,311.7607295850046,0.9807474499142983,0.0,0.0,0.0,0.0,0.0,0.0,,0.0,0,0,0.0,0.0,0.0,0.0,0.0,0.0,0.0,0.0,0.0,0.0,0.0,,,,,-0.745932664594696,0.6660213659415566,-0.745932664594696,0.6660213659415566,-4.59198686802015,3.9915218166083135,175.0,701.0,,,0.0,6,0.0,0.0,0.5109444444444444,0.0,-0.0,42.45,0.1541666666666659,146,5,2016,54
2016-05-26,0.21000000000000002,15.3,2,0.14,1.8,5.6,3.920833333333333,10.0,8.383333333333333,-6.052422258717016,5.416305883195913,98.91666666666667,28.416666666666668,135.0,99.25,,,,,,,,310.8926972506862,0.9654646839941465,2.15,6.7,6.9,99.0,-6.663296698967432,0.700340703893275,276.0,0.0,0,2,0.21000000000000002,0.21000000000000002,0.21000000000000002,0.21000000000000002,0.21000000000000002,0.0,0.21000000000000002,0.0,0.0,0.0,0.0,,,,,-0.7559369143408553,0.6546444695686556,-0.9945218953682734,0.10452846326765299,-5.986854350914249,5.357629236127958,0.0,702.0,1.0,1.0,2.1,0,0.03776095312500001,0.21000000000000002,0.4731111111111111,1.4070000000000003,0.0,0.0,0.0,147,5,2016,55
2016-05-27,0.28,1.9000000000000001,4,0.07,-0.1,3.0,1.4416666666666667,13.3,8.987499999999999,-8.592698138641355,2.019418548605339,91.70833333333333,80.20833333333333,367.0,95.875,,,,,,,,286.3513172423478,0.9775674350363655,1.15,10.575,11.6,91.25,-10.366734669661216,1.967490211486981,281.0018303058307,0.0,1,2,0.49000000000000005,0.49000000000000005,0.49000000000000005,0.49000000000000005,0.49000000000000005,1.0,0.49000000000000005,0.0,0.0,0.0,0.0,,,,,-0.9595535265352364,0.28152625048792784,-0.9816210875795736,0.1908403532251372,-7.880220251312341,1.851975093950146,0.0,703.0,0.5714285714285714,1.0,3.7240000000000006,0,0.053760984375000015,0.49000000000000005,0.4258333333333333,2.9610000000000003,0.0,0.0,-2.479166666666666,148,5,2016,56
2016-05-28,0.0,0.0,0,0.0,-1.8,5.3,1.0833333333333333,9.5,4.575,-3.657915197791077,-1.2931157748803281,80.875,108.75,498.0,62.75,,,,,,,,245.72702629744725,0.7079361618373831,0.0,0.0,0.0,0.0,0.0,0.0,,0.08333333333333333,1,0,0.28,0.49000000000000005,0.49000000000000005,0.49000000000000005,0.49000000000000005,2.0,0.49000000000000005,0.0,0.0,0.0,0.0,,,,,-0.9115972856836602,-0.41108440585138134,-0.9115972856836602,-0.41108440585138134,-2.9583389162135334,-1.0458073829344654,1.0,704.0,0.0,1.0,0.0,1,0.0,0.24500000000000002,0.45986111111111105,0.0,-0.0,4.575,-0.3583333333333334,149,5,2016,57
2016-05-29,0.0,0.0,0,0.0,-1.1,5.5,1.2249999999999999,10.5,5.7124999999999995,-5.141311803898675,1.7890617977155043,82.5,97.08333333333333,414.0,49.166666666666664,,,,,,,,294.9650913521623,0.9580798813076067,0.0,0.0,0.0,0.0,0.0,0.0,,0.08333333333333333,1,0,0.0,0.28,0.49000000000000005,0.49000000000000005,0.49000000000000005,3.0,0.49000000000000005,0.0,0.0,0.0,0.0,,,,,-0.9065651077892878,0.4220659964259108,-0.9065651077892878,0.4220659964259108,-4.241582238216407,1.4759759831152912,2.0,705.0,0.0,0.5714285714285714,0.0,2,0.0,0.09333333333333334,0.46194444444444444,0.0,-0.0,11.424999999999999,0.1416666666666666,150,5,2016,58
2016-05-30,0.0,0.0,0,0.0,-2.7,6.8,1.5791666666666666,5.2,3.5416666666666665,2.627545035989418,-0.5909501961896658,85.625,114.33333333333333,490.0,33.75,,,,,,,,94.40385364902006,0.6444228404544267,0.0,0.0,0.0,0.0,0.0,0.0,,0.25,1,0,0.0,0.0,0.49000000000000005,0.49000000000000005,0.49000000000000005,4.0,0.49000000000000005,0.0,0.0,0.0,0.0,,,,,0.9970475899370635,-0.07678608858831944,0.9970475899370635,-0.07678608858831944,2.2498354370659395,-0.5060011054874013,3.0,706.0,,0.0,0.0,3,0.0,0.0,0.5127499999999999,0.0,-0.0,10.625,0.35416666666666674,151,5,2016,59
2016-05-31,0.0,0.0,0,0.0,-1.6,7.5,2.6958333333333333,6.3,4.516666666666667,4.42975678243863,-0.4824807966989531,88.5,87.83333333333333,362.0,83.625,,,,,,,,97.01747246869989,0.9886545514250981,0.0,0.0,0.0,0.0,0.0,0.0,,0.0,0,0,0.0,0.0,0.49000000000000005,0.49000000000000005,0.49000000000000005,4.0,0.49000000000000005,0.0,0.0,0.0,0.0,,,,,0.9925089411775104,-0.12217201677428897,0.9925089411775104,-0.12217201677428897,3.9203347524581873,-0.42699550507857353,4.0,707.0,,0.0,0.0,4,0.0,0.0,0.5202222222222223,0.0,-0.0,18.066666666666666,1.1166666666666667,152,5,2016,60
2016-06-01,0.0,0.8,0,0.0,0.8,8.1,3.658333333333333,6.2,4.1000000000000005,3.893452759041289,-0.413226146843447,89.0,99.375,417.0,88.875,,,,,,,,92.70122241644097,0.9581376550768859,0.0,0.0,0.0,0.0,0.0,0.0,,0.0,0,0,0.0,0.0,0.49000000000000005,0.49000000000000005,0.49000000000000005,4.0,0.49000000000000005,0.0,0.0,0.0,0.0,,,,,0.9988888697094701,-0.04712776220591475,0.9988888697094701,-0.04712776220591475,3.465172955546747,-0.3677712706906678,5.0,708.0,,0.0,0.0,5,0.0,0.0,0.5429166666666666,0.0,-0.0,20.500000000000004,0.9624999999999999,153,6,2016,61
2016-06-02,0.0,0.0,0,0.0,-0.3,6.8,2.6916666666666664,7.4,5.554166666666667,5.384639052816887,-1.0929318686313743,89.58333333333333,95.45833333333333,486.0,74.375,,,,,,,,101.01630582980376,0.9877992018805738,0.0,0.0,0.0,0.0,0.0,0.0,,0.0,1,0,0.0,0.0,0.28,0.49000000000000005,0.49000000000000005,5.0,0.49000000000000005,0.0,0.0,0.0,0.0,,,,,0.9815728412849398,-0.19108834933561583,0.9815728412849398,-0.19108834933561583,4.823739151481794,-0.9790847989822727,6.0,709.0,,0.0,0.0,6,0.0,0.0,0.513361111111111,0.0,-0.0,33.325,-0.9666666666666668,154,6,2016,62
2016-06-03,0.0,0.0,0,0.0,1.3,7.1,4.116666666666666,7.8,6.454166666666667,6.11980975985639,-1.8650085269542833,92.70833333333333,56.208333333333336,263.0,99.08333333333333,,,,,,,,106.04467464667768,0.9904789090380125,0.0,0.0,0.0,0.0,0.0,0.0,,0.0,0,0,0.0,0.0,0.0,0.49000000000000005,0.49000000000000005,4.0,0.49000000000000005,0.0,0.0,0.0,0.0,,,,,0.9610464838844857,-0.27638678661120364,0.9610464838844857,-0.27638678661120364,5.673573631533528,-1.7290183218638668,7.0,710.0,,,0.0,6,0.0,0.0,0.5042777777777777,0.0,-0.0,38.725,1.4249999999999998,155,6,2016,63
2016-06-04,0.0,16.9,0,0.0,4.9,7.7,6.520833333333333,10.4,8.316666666666666,7.471686945379125,-3.327267001289844,98.95833333333333,17.625,83.0,98.70833333333333,,,,,,,,113.6419381658216,0.9836149020335738,0.0,0.0,0.0,0.0,0.0,0.0,,0.0,0,0,0.0,0.0,0.0,0.49000000000000005,0.49000000000000005,3.0,0.49000000000000005,0.0,0.0,0.0,0.0,,,,,0.9160694450034144,-0.40101966526734867,0.9160694450034144,-0.40101966526734867,7.393856873031426,-3.292607970026408,8.0,711.0,,,0.0,6,0.0,0.0,0.5127222222222222,0.0,-0.0,49.9,2.404166666666667,156,6,2016,64
2016-06-05,0.0,55.5,0,0.0,6.2,8.4,7.4375,8.7,5.229166666666667,1.2653137478572305,-0.27628031304460304,99.375,8.125,34.0,99.5,,,,,,,,112.14059666277996,0.21332709870709024,0.0,0.0,0.0,0.0,0.0,0.0,,0.0,0,0,0.0,0.0,0.0,0.49000000000000005,0.49000000000000005,2.0,0.49000000000000005,0.0,0.0,0.0,0.0,,,,,0.9262618263358817,-0.37688065627319867,0.9262618263358817,-0.37688065627319867,1.2574055369331227,-0.27455356108807427,9.0,712.0,,,0.0,6,0.0,0.0,0.5233333333333333,0.0,-0.0,31.375,0.916666666666667,157,6,2016,65
2016-06-06,0.0,16.2,0,0.0,2.3,6.1,4.645833333333333,10.1,7.795833333333333,-6.8943409867774905,3.565374742169673,95.83333333333333,36.875,205.0,99.95833333333333,,,,,,,,296.505583262032,0.9947196149494276,0.0,0.0,0.0,0.0,0.0,0.0,,0.0,0,0,0.0,0.0,0.0,0.49000000000000005,0.49000000000000005,1.0,0.49000000000000005,0.0,0.0,0.0,0.0,,,,,-0.8948908770246511,0.4462850190383393,-0.8948908770246511,0.4462850190383393,-6.607076778995094,3.4168174612459365,10.0,713.0,,,0.0,6,0.0,0.0,0.47958333333333325,0.0,-0.0,46.775,-2.791666666666667,158,6,2016,66
2016-06-07,0.0,9.8,0,0.0,1.8,3.9,2.6458333333333335,11.1,9.420833333333333,-7.101630740750914,6.135189660008002,98.08333333333333,50.625,211.0,96.95833333333333,,,,,,,,311.1231158863245,0.996104059059402,0.0,0.0,0.0,0.0,0.0,0.0,,0.0,0,0,0.0,0.0,0.0,0.49000000000000005,0.49000000000000005,1.0,0.49000000000000005,0.0,0.0,0.0,0.0,,,,,-0.7532981140374788,0.6576792161742513,-0.7532981140374788,0.6576792161742513,-6.965516151553188,6.017598524857848,11.0,714.0,,,0.0,6,0.0,0.0,0.4473611111111111,0.0,-0.0,56.52499999999999,-1.9999999999999996,159,6,2016,67
2016-06-08,0.0,3.8000000000000003,0,0.0,3.4,6.0,4.6375,13.3,10.008333333333333,-6.492645061179019,7.468523045141514,96.625,41.041666666666664,178.0,95.75,,,,,,,,319.39386295013173,0.9887253266031075,0.0,0.0,0.0,0.0,0.0,0.0,,0.0,0,0,0.0,0.0,0.0,0.49000000000000005,0.49000000000000005,1.0,0.49000000000000005,0.0,0.0,0.0,0.0,,,,,-0.6508555403932113,0.7592015974294712,-0.6508555403932113,0.7592015974294712,-6.273518290364227,7.2164603923679875,12.0,715.0,,,0.0,6,0.0,0.0,0.4827777777777778,0.0,-0.0,60.05,1.9916666666666667,160,6,2016,68
2016-06-09,0.0,17.6,0,0.0,3.8,7.0,5.029166666666667,16.1,12.720833333333333,-8.488821488107808,9.047283682511337,98.20833333333333,51.416666666666664,283.0,96.66666666666667,,,,,,,,316.84282105822894,0.973724017117165,0.0,0.0,0.0,0.0,0.0,0.0,,0.0,0,0,0.0,0.0,0.0,0.28,0.49000000000000005,0.0,0.49000000000000005,0.0,0.0,0.0,0.0,,,,,-0.6840021066422081,0.7294800327007048,-0.6840021066422081,0.7294800327007048,-8.336730103112544,8.885186516533008,13.0,716.0,,,0.0,6,0.0,0.0,0.5171944444444444,0.0,-0.0,76.325,0.3916666666666666,161,6,2016,69
2016-06-10,0.0,1.7000000000000002,0,0.0,1.9,5.6,3.6625,14.2,10.15,-8.023217751987495,6.148486596170155,91.16666666666667,75.95833333333333,340.0,93.66666666666667,,,,,,,,307.5030430024953,0.9952393671986427,0.0,0.0,0.0,0.0,0.0,0.0,,0.0,0,0,0.0,0.0,0.0,0.0,0.49000000000000005,0.0,0.49000000000000005,0.0,0.0,0.0,0.0,,,,,-0.7933210076016144,0.6088035634734403,-0.7933210076016144,0.6088035634734403,-7.314500183895267,5.6053702801751255,14.0,717.0,,,0.0,6,0.0,0.0,0.4789722222222223,0.0,-0.0,60.900000000000006,-1.3666666666666667,162,6,2016,70
2016-06-11,0.21000000000000002,4.3,2,0.14,0.3,3.8,2.4916666666666667,14.6,10.2125,-8.88166235747852,4.042087726044172,92.16666666666667,86.66666666666667,336.0,80.29166666666667,,,,,,,,288.10966871556883,0.9326174356598733,3.5999999999999996,11.4,12.5,82.5,-10.98156337062381,3.0021014225548814,285.0,0.0,0,2,0.21000000000000002,0.21000000000000002,0.21000000000000002,0.21000000000000002,0.7000000000000001,0.0,0.7000000000000001,0.0,0.0,0.0,0.0,,,,,-0.9504632911605057,0.31083682561167003,-0.9659258262890684,0.2588190451025203,-8.185932139476037,3.7254575208373786,0.0,718.0,1.0,1.0,3.0660000000000003,0,0.028811999999999983,0.21000000000000002,0.4494444444444445,2.394,0.0,0.0,-1.1708333333333334,163,6,2016,71
2016-06-12,0.0,0.0,0,0.0,-1.7,7.4,2.1,5.5,2.4125,-1.0404206974704224,0.43012203803472565,79.95833333333333,123.70833333333333,508.0,18.416666666666668,,,,,,,,293.8358560468191,0.17165570112369505,0.0,0.0,0.0,0.0,0.0,0.0,,0.6666666666666666,0,0,0.21000000000000002,0.21000000000000002,0.21000000000000002,0.21000000000000002,0.7000000000000001,0.0,0.7000000000000001,0.0,0.0,0.0,0.0,,,,,-0.9147069476045163,0.4041178046115125,-0.9147069476045163,0.4041178046115125,-0.8319030493523918,0.34391841291193265,1.0,719.0,0.0,1.0,0.0,1,0.0,0.10500000000000001,0.5134444444444445,0.0,-0.0,2.4125,-0.3916666666666666,164,6,2016,72
2016-06-13,0.0,0.0,0,0.0,-1.2,8.4,2.5083333333333333,7.4,5.920833333333333,-3.857547627462568,4.241446879215521,69.45833333333333,122.375,497.0,5.666666666666667,,,,,,,,319.15671388537436,0.9651695160954218,0.0,0.0,0.0,0.0,0.0,0.0,,0.8333333333333334,1,0,0.0,0.21000000000000002,0.21000000000000002,0.21000000000000002,0.7000000000000001,1.0,0.7000000000000001,0.0,0.0,0.0,0.0,,,,,-0.653992316039842,0.7565011900591059,-0.653992316039842,0.7565011900591059,-2.679388289575042,2.9460383115217805,2.0,720.0,0.0,1.0,0.0,2,0.0,0.07,0.4997777777777778,0.0,-0.0,11.841666666666667,0.4083333333333332,165,6,2016,73
2016-06-14,0.0,0.0,0,0.0,-0.6,8.6,2.5208333333333335,8.1,6.341666666666666,-4.773540413337908,3.9247511026015194,62.75,118.33333333333333,487.0,20.458333333333332,,,,,,,,313.089696854601,0.9624865110301194,0.0,0.0,0.0,0.0,0.0,0.0,,0.6666666666666666,1,0,0.0,0.0,0.21000000000000002,0.21000000000000002,0.7000000000000001,2.0,0.7000000000000001,0.0,0.0,0.0,0.0,,,,,-0.7302851337082208,0.6831424620712477,-0.7302851337082208,0.6831424620712477,-2.995396609369537,2.4627813168824533,3.0,721.0,,0.0,0.0,3,0.0,0.0,0.4791666666666667,0.0,-0.0,19.025,0.012500000000000178,166,6,2016,74
2016-06-15,0.0,0.0,0,0.0,-1.0,9.7,2.970833333333333,5.6,3.3375,-0.9084141290516982,2.6794232272874168,54.916666666666664,125.08333333333333,508.0,0.0,,,,,,,,348.98492012744333,0.8356760196872375,0.0,0.0,0.0,0.0,0.0,0.0,,1.0,0,0,0.0,0.0,0.21000000000000002,0.21000000000000002,0.7000000000000001,2.0,0.7000000000000001,0.0,0.0,0.0,0.0,,,,,-0.19106734658716312,0.9815769297758281,-0.19106734658716312,0.9815769297758281,-0.4988707592042242,1.471449922318673,4.0,722.0,,0.0,0.0,4,0.0,0.0,0.482,0.0,-0.0,13.35,0.44999999999999973,167,6,2016,75
2016-06-16,0.0,0.2,0,0.0,-1.2,7.7,2.5124999999999997,10.4,7.3625,-4.3367319601369125,5.838377836442922,65.54166666666667,103.08333333333333,391.0,71.41666666666667,,,,,,,,324.09586250873923,0.9876229469489218,0.0,0.0,0.0,0.0,0.0,0.0,,0.125,1,0,0.0,0.0,0.21000000000000002,0.21000000000000002,0.7000000000000001,3.0,0.7000000000000001,0.0,0.0,0.0,0.0,,,,,-0.5864308506185079,0.8099992947175036,-0.5864308506185079,0.8099992947175036,-2.842366405539735,3.826570140301966,5.0,723.0,,0.0,0.0,5,0.0,0.0,0.4583055555555556,0.0,-0.0,36.8125,-0.4583333333333335,168,6,2016,76
2016-06-17,0.0,5.9,0,0.0,1.9,6.7,4.233333333333333,10.5,6.845833333333334,-3.0818007497146342,5.984649068197034,97.20833333333333,46.25,257.0,98.5,,,,,,,,331.0229090044684,0.9807144105664997,0.0,0.0,0.0,0.0,0.0,0.0,,0.0,0,0,0.0,0.0,0.21000000000000002,0.21000000000000002,0.7000000000000001,3.0,0.7000000000000001,0.0,0.0,0.0,0.0,,,,,-0.48445987569596277,0.8748134823153175,-0.48445987569596277,0.8748134823153175,-2.9957671454517674,5.8175776150432,6.0,724.0,,0.0,0.0,6,0.0,0.0,0.50375,0.0,-0.0,41.075,1.7208333333333337,169,6,2016,77
2016-06-18,0.0,0.9,0,0.0,2.3,8.3,4.941666666666666,4.7,3.0875,1.462634946160987,-0.8100272270268961,91.91666666666667,74.0,331.0,93.20833333333333,,,,,,,,112.62547003254038,0.560649607400736,0.0,0.0,0.0,0.0,0.0,0.0,,0.0,0,0,0.0,0.0,0.0,0.21000000000000002,0.7000000000000001,3.0,0.7000000000000001,0.0,0.0,0.0,0.0,,,,,0.9230392928217658,-0.384705684786558,0.9230392928217658,-0.384705684786558,1.344405288012974,-0.7445500261755553,7.0,725.0,,,0.0,6,0.0,0.0,0.5401666666666667,0.0,-0.0,18.525,0.708333333333333,170,6,2016,78
2016-06-19,0.0,11.7,0,0.0,2.5,8.3,5.1375,12.3,5.666666666666667,4.514366597116267,-3.028623781821183,94.41666666666667,42.583333333333336,215.0,100.0,,,,,,,,115.58903693672688,0.9595848002052966,0.0,0.0,0.0,0.0,0.0,0.0,,0.0,0,0,0.0,0.0,0.0,0.21000000000000002,0.7000000000000001,3.0,0.7000000000000001,0.0,0.0,0.0,0.0,,,,,0.9019151858528525,-0.43191318285972075,0.9019151858528525,-0.43191318285972075,4.262314462110609,-2.859525620669501,8.0,726.0,,,0.0,6,0.0,0.0,0.5275555555555557,0.0,-0.0,34.0,0.19583333333333375,171,6,2016,79
2016-06-20,0.0,16.6,0,0.0,4.2,7.4,5.6000000000000005,12.7,9.179166666666667,-3.352549947103599,-4.871262053674296,98.58333333333333,26.541666666666668,126.0,97.95833333333333,,,,,,,,215.28839524352276,0.6561194311517958,0.0,0.0,0.0,0.0,0.0,0.0,,0.0,0,0,0.0,0.0,0.0,0.21000000000000002,0.7000000000000001,2.0,0.7000000000000001,0.0,0.0,0.0,0.0,,,,,-0.5776923110373778,-0.816254613321293,-0.5776923110373778,-0.816254613321293,-3.3050554895196314,-4.802252507913909,9.0,727.0,,,0.0,6,0.0,0.0,0.5107499999999999,0.0,-0.0,55.075,0.46250000000000036,172,6,2016,80
2016-06-21,3.08,12.1,13,0.42,0.1,3.6,1.8375000000000001,16.9,14.5875,-11.322300726341426,8.868606936188579,94.5,66.83333333333333,305.0,94.66666666666667,,,,,,,,306.91415160247254,0.9849957140552156,1.2846153846153845,15.992307692307692,16.9,92.61538461538461,-11.35929446750043,11.117463940735668,314.3093039300698,0.0,0,12,3.08,3.08,3.08,3.29,3.7800000000000002,1.0,3.7800000000000002,0.0,0.0,0.0,0.0,,,,,-0.799536335069321,0.6006177227687495,-0.7155793126517778,0.6985314934237463,-10.699574186392647,8.380833554698206,0.0,728.0,1.0,1.0,52.052,0,0.5369322196745562,3.08,0.43955555555555553,49.25630769230769,0.0,0.0,-3.7625,173,6,2016,81
2016-06-22,0.91,9.0,10,0.21,0.9,3.8,2.1416666666666666,15.9,13.241666666666667,-10.404869940794997,8.10490645483034,94.16666666666667,76.95833333333333,356.0,90.54166666666667,,,,,,,,308.0373343276895,0.9961789122440173,1.5,12.65,15.8,98.0,-9.419876411414023,8.365622173957215,311.30082646753453,0.0,0,5,3.99,3.99,3.99,4.2,4.69,1.0,4.69,0.0,0.0,0.0,0.0,,,,,-0.7876094170523731,0.6161748178645579,-0.7512546131787332,0.6600125045615969,-9.797919194248623,7.632120244965238,0.0,729.0,0.22807017543859648,1.0,14.469000000000001,1,0.162797578125,3.99,0.4496388888888889,11.5115,0.0,13.241666666666667,0.3041666666666665,174,6,2016,82
2016-06-23,0.28,7.3,4,0.07,0.8,3.1,2.0166666666666666,20.6,14.183333333333332,-8.277075802861502,11.421544815759091,93.66666666666667,68.41666666666667,331.0,96.125,,,,,,,,323.95196640201317,0.9943969324126607,2.525,16.775,18.2,88.75,-9.587601233779584,13.737519917570237,325.25047162111156,0.0,0,3,1.19,4.2700000000000005,4.2700000000000005,4.48,4.970000000000001,0.0,4.970000000000001,0.0,0.0,0.0,0.0,,,,,-0.5884632805552408,0.808523943639373,-0.5699899993206856,0.8216516297521747,-7.752861002013606,10.698180310761016,0.0,730.0,0.06557377049180328,1.0,5.768000000000001,2,0.04135310156250001,4.2700000000000005,0.4267222222222222,4.697,0.0,28.366666666666664,-0.125,175,6,2016,83
2016-06-24,6.86,16.2,21,0.84,-4.6,2.1,-1.3833333333333335,16.2,9.375,-7.573799734250819,5.2353516203763055,94.29166666666667,69.04166666666667,294.0,87.125,,,,,,,,303.385588176808,0.9818017064551312,-1.276190476190476,9.514285714285714,16.2,94.19047619047619,-7.698120318798084,5.2961316211658795,303.6364168025839,0.0,0,19,7.140000000000001,8.05,11.13,11.34,11.830000000000002,0.0,11.830000000000002,0.0,0.0,0.0,0.0,,,,,-0.8349863013454711,0.5502707302459491,-0.8325693406378086,0.5539208364287487,-7.141461999420669,4.936500298713159,0.0,731.0,0.8521739130434782,0.7232704402515724,100.0,0,1.7038746666666666,8.05,0.40700000000000003,65.268,0.0,0.0,-3.4000000000000004,176,6,2016,84
2016-06-25,0.0,0.0,0,0.0,-5.6,0.5,-2.8375,9.4,5.441666666666666,-4.865922376913582,-0.4209638319466704,88.04166666666667,63.708333333333336,271.0,83.29166666666667,,,,,,,,260.18068840487547,0.7823156978955405,0.0,0.0,0.0,0.0,0.0,0.0,,0.0,1,0,6.86,7.140000000000001,11.13,11.129999999999999,11.620000000000001,1.0,11.830000000000002,0.0,0.0,0.0,0.0,,,,,-0.9853504732437002,-0.17054162212907464,-0.9853504732437002,-0.17054162212907464,-4.284039159341,-0.3706235737097144,1.0,732.0,0.0,0.6415094339622641,0.0,1,0.0,3.5700000000000003,0.3470555555555556,0.0,-0.0,5.441666666666666,-1.4541666666666664,177,6,2016,85
2016-06-26,0.0,0.0,0,0.0,-6.0,3.8,-1.3916666666666666,5.8,2.7875,-1.0511475095475025,1.7091645690169674,87.625,104.91666666666667,474.0,89.83333333333333,,,,,,,,344.3308693823777,0.6463653043874059,0.0,0.0,0.0,0.0,0.0,0.0,,0.041666666666666664,1,0,0.0,6.86,11.13,11.129999999999999,11.34,2.0,11.830000000000002,0.0,0.0,0.0,0.0,,,,,-0.27008173502189375,0.9628373987374834,-0.27008173502189375,0.9628373987374834,-0.9210680052409991,1.497655453601118,2.0,733.0,0.0,0.6163522012578616,0.0,2,0.0,2.2866666666666666,0.4464722222222222,0.0,-0.0,5.575,1.4458333333333333,178,6,2016,86
2016-06-27,0.0,0.0,0,0.0,-4.2,3.1,-0.9249999999999999,8.1,4.745833333333333,-4.018575156713379,1.6343619044846849,86.875,105.41666666666667,470.0,89.79166666666667,,,,,,,,295.43760861395293,0.9295666121867346,0.0,0.0,0.0,0.0,0.0,0.0,,0.0,1,0,0.0,0.0,11.13,11.129999999999999,11.34,3.0,11.830000000000002,0.0,0.0,0.0,0.0,,,,,-0.903053547772785,0.4295279849497426,-0.903053547772785,0.4295279849497426,-3.4911371673947484,1.41985190452107,3.0,734.0,,0.0,0.0,3,0.0,0.0,0.42874999999999996,0.0,-0.0,14.237499999999997,0.4666666666666667,179,6,2016,87
2016-06-28,0.0,0.0,0,0.0,-1.9,3.9,0.2833333333333333,8.2,5.883333333333333,-5.131261863122757,2.660788344308566,91.70833333333333,88.54166666666667,406.0,89.70833333333333,,,,,,,,298.6166756724389,0.9835786943056883,0.0,0.0,0.0,0.0,0.0,0.0,,0.0,1,0,0.0,0.0,8.05,11.129999999999999,11.34,4.0,11.830000000000002,0.0,0.0,0.0,0.0,,,,,-0.8778436171860864,0.4789473705592796,-0.8778436171860864,0.4789473705592796,-4.705794733638828,2.4401646440929805,4.0,735.0,,0.0,0.0,4,0.0,0.0,0.45138888888888884,0.0,-0.0,23.53333333333333,1.2083333333333333,180,6,2016,88
2016-06-29,0.0,0.0,0,0.0,-1.7,6.0,1.7041666666666666,6.5,4.966666666666667,-2.930555685339241,3.690954874739207,91.83333333333333,88.33333333333333,388.0,80.83333333333333,,,,,,,,320.98331335412234,0.9538979893945227,0.0,0.0,0.0,0.0,0.0,0.0,,0.0,1,0,0.0,0.0,7.140000000000001,11.129999999999999,11.34,5.0,11.830000000000002,0.0,0.0,0.0,0.0,,,,,-0.6295466979472335,0.7769626471740677,-0.6295466979472335,0.7769626471740677,-2.691226971036536,3.3895268933021714,5.0,736.0,,0.0,0.0,5,0.0,0.0,0.49833333333333335,0.0,-0.0,24.833333333333336,1.4208333333333334,181,6,2016,89
2016-06-30,2.7300000000000004,8.7,8,1.12,-1.8,1.4,-0.020833333333333332,16.0,11.804166666666667,-5.239757226785304,10.317075837606755,91.79166666666667,63.083333333333336,271.0,90.75,,,,,,,,334.62736499030655,0.979132079358401,0.525,13.875,16.0,95.75,-8.117608703347738,11.066066981912948,324.15838723564855,0.0,0,7,2.7300000000000004,2.7300000000000004,9.59,13.86,14.07,5.0,14.560000000000002,0.0,0.0,0.0,0.0,,,,,-0.4285036432681845,0.9035400531829746,-0.5855465798847413,0.8106387622025499,-4.809660487753344,9.470215862603201,0.0,737.0,1.0,0.28467153284671537,43.68000000000001,6,0.5345121386718752,2.7300000000000004,0.3791388888888889,37.878750000000004,0.0,70.825,-1.7249999999999999,182,6,2016,90
2016-07-01,1.6800000000000002,3.3000000000000003,7,0.77,-3.2,2.1,-0.12916666666666662,11.0,6.2,-5.2912299746084885,3.0004212650258464,94.95833333333333,49.25,202.0,96.625,,,,,,,,298.7046773780376,0.9812011470761188,-1.8428571428571427,7.242857142857143,11.0,98.0,-5.644455792618409,4.496440128353416,308.2945413336705,0.0,0,7,4.41,4.41,4.41,15.540000000000001,15.750000000000002,5.0,16.240000000000002,0.0,0.0,0.0,0.0,,,,,-0.8771069574268407,0.48029510223760374,-0.7848354143735236,0.6197042620033686,-5.024463796721977,2.8491500262474596,0.0,738.0,0.380952380952381,1.0,18.48,1,0.45236753571428573,4.41,0.3960277777777778,12.168000000000001,0.0,6.2,-0.1083333333333333,183,7,2016,91
2016-07-02,0.0,0.30000000000000004,0,0.0,0.2,4.1,1.675,9.5,6.783333333333334,-5.5625164173249635,3.7715932983674616,95.45833333333333,59.083333333333336,262.0,96.95833333333333,,,,,,,,305.16521240984247,0.9908767076703467,0.0,0.0,0.0,0.0,0.0,0.0,,0.0,0,0,1.6800000000000002,4.41,4.41,15.540000000000001,15.750000000000002,4.0,16.240000000000002,0.0,0.0,0.0,0.0,,,,,-0.8174947331819223,0.5759360739004091,-0.8174947331819223,0.5759360739004091,-5.3098854633714545,3.600300102733273,1.0,739.0,0.0,1.0,0.0,2,0.0,2.205,0.44869444444444445,0.0,-0.0,13.566666666666668,1.8041666666666667,184,7,2016,92
2016-07-03,0.0,0.1,0,0.0,0.7,6.2,2.8166666666666664,9.5,6.158333333333334,-4.444409278445531,4.1521435416668355,93.70833333333333,80.125,333.0,92.29166666666667,,,,,,,,314.9179164434282,0.9877397734969438,0.0,0.0,0.0,0.0,0.0,0.0,,0.0,0,0,0.0,1.6800000000000002,4.41,15.540000000000001,15.750000000000002,3.0,16.240000000000002,0.0,0.0,0.0,0.0,,,,,-0.7081190764014802,0.7060930346889953,-0.7081190764014802,0.7060930346889953,-4.164781861343332,3.89090451050363,2.0,740.0,0.0,0.380952380952381,0.0,3,0.0,0.56,0.5035555555555555,0.0,-0.0,18.475,1.1416666666666664,185,7,2016,93
2016-07-04,0.0,0.0,0,0.0,0.5,5.6,2.6041666666666665,5.5,4.2749999999999995,-0.666974286522087,2.6657479157550306,90.83333333333333,70.54166666666667,295.0,96.83333333333333,,,,,,,,351.89180501495275,0.6111651185097228,0.0,0.0,0.0,0.0,0.0,0.0,,0.0,0,0,0.0,0.0,4.41,15.540000000000001,15.750000000000002,2.0,16.240000000000002,0.0,0.0,0.0,0.0,,,,,-0.141042833056126,0.9900034945612575,-0.141042833056126,0.9900034945612575,-0.605834976924229,2.4213876901441527,3.0,741.0,,0.0,0.0,4,0.0,0.0,0.47425,0.0,-0.0,17.099999999999998,-0.2124999999999999,186,7,2016,94
2016-07-05,1.75,8.8,6,0.56,-0.3,3.8,1.0250000000000001,5.9,3.516666666666667,1.5879947633874973,-1.5728761350616027,94.45833333333333,29.75,161.0,99.33333333333333,,,,,,,,120.44086252721853,0.5226548210829448,1.866666666666667,5.05,5.9,98.66666666666667,3.069287376661185,-3.8983653841388892,142.44183924263461,0.0,1,6,1.75,1.75,6.16,14.21,17.5,2.0,17.990000000000002,0.0,0.0,0.0,0.0,,,,,0.8621525538718214,-0.5066487677398377,0.6095664455968319,-0.7927349799286294,1.49999338691644,-1.4857125825769386,0.0,742.0,1.0,0.28409090909090906,10.325000000000001,5,0.33337135416666674,1.75,0.4191388888888889,8.8375,0.0,17.583333333333336,-1.5791666666666664,187,7,2016,95
2016-07-06,1.96,22.6,7,0.56,-0.5,4.6,2.3208333333333333,15.4,9.441666666666666,-1.954873478042486,-6.37132307500488,99.125,20.083333333333332,86.0,100.0,,,,,,,,214.48917233518216,0.6660813575760678,0.028571428571428564,6.142857142857143,7.0,99.0,-6.059086712935139,0.05142454118365521,269.6202099352651,0.0,1,7,3.71,3.71,8.120000000000001,15.260000000000002,19.46,2.0,19.950000000000003,0.0,0.0,0.0,0.0,,,,,-0.5662504847621174,-0.824233212450619,-0.9999780309969954,-0.006628538554765274,-1.937768335109614,-6.3155739980985866,0.0,743.0,0.5283018867924528,0.45689655172413784,30.184,6,0.4510825000000001,3.71,0.44602777777777775,12.040000000000001,0.0,56.65,1.2958333333333332,188,7,2016,96
2016-07-07,0.0,1.6,0,0.0,3.0,6.5,3.9291666666666667,9.7,7.175,5.021129141338574,-4.988402531879776,93.33333333333333,79.875,368.0,93.75,,,,,,,,132.99375628746608,0.9847429466053856,0.0,0.0,0.0,0.0,0.0,0.0,,0.0,0,0,1.96,3.71,5.390000000000001,14.98,19.46,2.0,19.950000000000003,0.0,0.0,0.0,0.0,,,,,0.731428016916575,-0.6819186579567145,0.731428016916575,-0.6819186579567145,4.686387198582668,-4.655842363087791,1.0,744.0,0.0,0.6883116883116882,0.0,1,0.0,1.855,0.5088055555555555,0.0,-0.0,7.175,1.6083333333333334,189,7,2016,97
2016-07-08,0.0,3.0,0,0.0,1.6,5.8,3.3874999999999997,4.6,3.1958333333333333,3.0675582463641486,-0.027637781383654286,93.875,59.0,219.0,97.625,,,,,,,,88.2350423865845,0.958830273315702,0.0,0.0,0.0,0.0,0.0,0.0,,0.0,0,0,0.0,1.96,3.71,8.120000000000001,19.46,2.0,19.950000000000003,0.0,0.0,0.0,0.0,,,,,0.9995255844045244,0.03079945000797698,0.9995255844045244,0.03079945000797698,2.8796703037743447,-0.02594496727390546,2.0,745.0,0.0,0.5283018867924528,0.0,2,0.0,0.6533333333333333,0.48113888888888884,0.0,-0.0,6.391666666666667,-0.541666666666667,190,7,2016,98
2016-07-09,0.0,1.2,0,0.0,-1.3,6.6,2.875,4.0,2.1999999999999997,1.0313018978519508,0.44621177931407546,91.875,81.54166666666667,393.0,64.83333333333333,,,,,,,,65.321596189397,0.6074627488447306,0.0,0.0,0.0,0.0,0.0,0.0,,0.125,1,0,0.0,0.0,3.71,8.120000000000001,19.46,3.0,19.950000000000003,0.0,0.0,0.0,0.0,,,,,0.9086656173703169,0.41752460503426714,0.9086656173703169,0.41752460503426714,0.9475086186514798,0.4099570722448068,3.0,746.0,,0.0,0.0,3,0.0,0.0,0.5072777777777778,0.0,-0.0,6.6,-0.5124999999999997,191,7,2016,99
2016-07-10,0.0,2.1999999999999997,0,0.0,-0.5,7.6,3.5708333333333333,10.3,6.3625,-0.786558267835879,5.710816900812348,88.91666666666667,74.41666666666667,378.0,97.04166666666667,,,,,,,,359.7687203665862,0.8737753863561772,0.0,0.0,0.0,0.0,0.0,0.0,,0.0,1,0,0.0,0.0,3.71,8.120000000000001,19.46,4.0,19.950000000000003,0.0,0.0,0.0,0.0,,,,,-0.004036580133804157,0.9999918529772247,-0.004036580133804157,0.9999918529772247,-0.6993813931507359,5.07786802763898,4.0,747.0,,0.0,0.0,4,0.0,0.0,0.5148888888888888,0.0,-0.0,25.45,0.6958333333333333,192,7,2016,100
2016-07-11,0.0,12.799999999999999,0,0.0,2.8,5.8,3.8249999999999997,18.9,15.8125,-7.430164916510537,13.839881523230943,96.75,50.75,234.0,82.625,,,,,,,,331.90672515271297,0.993672600921253,0.0,0.0,0.0,0.0,0.0,0.0,,0.0,0,0,0.0,0.0,3.71,8.120000000000001,19.25,4.0,19.950000000000003,0.0,0.0,0.0,0.0,,,,,-0.47090833740126625,0.8821821454586208,-0.47090833740126625,0.8821821454586208,-7.188684556723945,13.390085373725938,5.0,748.0,,0.0,0.0,5,0.0,0.0,0.4852222222222222,0.0,-0.0,79.0625,0.25416666666666643,193,7,2016,101
2016-07-12,7.5600000000000005,16.6,15,0.84,-4.0,2.9,0.5041666666666667,27.7,18.508333333333333,-11.772383510174672,13.81192622643553,94.75,55.041666666666664,212.0,91.54166666666667,,,,,,,,321.3826311037696,0.98115879384118,-0.5666666666666667,20.48,27.7,94.13333333333334,-13.754941285941104,14.524440678961403,318.4098789769529,0.0,0,15,7.5600000000000005,7.5600000000000005,9.52,15.680000000000001,26.810000000000002,3.0,27.51,0.0,0.0,0.0,0.0,,,,,-0.6241164816151015,0.7813313108895525,-0.6637972669327905,0.7479125539878025,-11.1543333758905,13.086800099547663,0.0,749.0,1.0,0.7941176470588236,100.0,0,1.4858424000000001,7.5600000000000005,0.41697222222222224,154.8288,0.0,0.0,-3.320833333333333,194,7,2016,102
2016-07-13,6.93,9.7,24,0.77,-5.5,-1.5,-3.845833333333333,20.0,14.704166666666666,-12.408440285871764,7.866855937077976,90.0,108.04166666666667,462.0,81.70833333333333,,,,,,,,302.41695348920086,0.9990875622583626,-3.845833333333333,14.704166666666666,20.0,90.0,-12.408440285871764,7.866855937077976,302.41695348920086,0.0,0,24,14.49,14.49,14.49,22.61,33.74,2.0,34.44,0.0,0.0,0.0,0.0,,,,,-0.8441693404982554,0.5360766032599638,-0.8441693404982554,0.5360766032599638,-11.167596257284588,7.080170343370179,0.0,750.0,0.47826086956521735,1.0,100.0,1,1.9578879106445306,14.49,0.3720277777777778,101.899875,0.0,14.704166666666666,-4.35,195,7,2016,103
2016-07-14,0.07,0.0,1,0.07,-4.0,1.1,-1.0958333333333334,13.9,10.154166666666667,-7.954120790050651,6.255964632934087,92.70833333333333,67.25,267.0,92.125,,,,,,,,308.6252885732919,0.996769449908511,-3.3,8.7,8.7,95.0,-6.855693556378479,5.356254835333228,308.0,0.0,1,1,7.0,14.56,14.56,19.95,33.81,3.0,34.51,0.0,0.0,0.0,0.0,,,,,-0.7812450352743443,0.6242244747358026,-0.7880107536067218,0.6156614753256585,-7.374132815776124,5.799800545115976,0.0,751.0,0.004807692307692308,1.0,0.9730000000000001,2,0.020743843750000004,14.56,0.3783055555555555,0.609,0.0,20.308333333333334,2.75,196,7,2016,104
2016-07-15,0.0,0.0,0,0.0,-2.4,4.0,0.6041666666666666,7.5,4.166666666666667,-3.362143885899609,1.6640795498735812,91.58333333333333,113.25,467.0,50.541666666666664,,,,,,,,303.587066033214,0.7877938693821884,0.0,0.0,0.0,0.0,0.0,0.0,,0.3333333333333333,1,0,0.07,7.0,14.56,18.27,33.81,4.0,34.51,0.0,0.0,0.0,0.0,,,,,-0.8330461422642836,0.5532035112493365,-0.8330461422642836,0.5532035112493365,-3.079163442169725,1.5240195210925547,1.0,752.0,0.0,0.4807692307692307,0.0,3,0.0,3.5,0.4696666666666666,0.0,-0.0,12.5,1.7000000000000002,197,7,2016,105
2016-07-16,0.0,0.0,0,0.0,-3.2,7.2,1.0708333333333333,4.0,2.595833333333333,0.8945704091215186,1.1525608602834123,71.375,136.58333333333334,547.0,0.5833333333333334,,,,,,,,43.40039611955202,0.5718736669844389,0.0,0.0,0.0,0.0,0.0,0.0,,1.0,1,0,0.0,0.07,14.56,18.27,33.81,4.0,34.51,0.0,0.0,0.0,0.0,,,,,0.6870925340276829,0.7265699207119831,0.6870925340276829,0.7265699207119831,0.6384996295104839,0.8226403140272854,2.0,753.0,0.0,0.004807692307692308,0.0,4,0.0,0.023333333333333334,0.4889722222222222,0.0,-0.0,10.383333333333333,0.4666666666666667,198,7,2016,106
2016-07-17,0.0,0.0,0,0.0,-1.8,9.4,2.3333333333333335,8.5,5.391666666666667,-2.6849096259892433,4.2871317974474,68.125,137.79166666666666,548.0,18.416666666666668,,,,,,,,330.4850268948452,0.9355336223786593,0.0,0.0,0.0,0.0,0.0,0.0,,0.7916666666666666,0,0,0.0,0.0,14.56,18.27,33.81,3.0,34.51,0.0,0.0,0.0,0.0,,,,,-0.4926509933265154,0.8702269811804261,-0.4926509933265154,0.8702269811804261,-1.8290946827051722,2.920608537011041,3.0,754.0,,0.0,0.0,5,0.0,0.0,0.5278333333333333,0.0,-0.0,26.958333333333332,1.2625000000000002,199,7,2016,107
2016-07-18,0.0,2.4,0,0.0,0.4,10.9,5.395833333333333,14.4,9.633333333333333,-6.847592692537737,6.719293837009615,83.70833333333333,107.0,486.0,72.25,,,,,,,,314.8350887489478,0.9959986550419225,0.0,0.0,0.0,0.0,0.0,0.0,,0.041666666666666664,0,0,0.0,0.0,14.56,18.27,33.81,3.0,34.51,0.0,0.0,0.0,0.0,,,,,-0.7091390755051719,0.7050686289941357,-0.7091390755051719,0.7050686289941357,-5.732005716378463,5.624608882730131,4.0,755.0,,0.0,0.0,6,0.0,0.0,0.5925833333333334,0.0,-0.0,57.8,3.0624999999999996,200,7,2016,108
2016-07-19,0.0,2.3,0,0.0,4.7,10.7,7.308333333333334,10.1,6.441666666666666,-4.7530668959535065,4.221546858590153,92.0,105.0,483.0,85.625,,,,,,,,313.0971320136972,0.9850778029672209,0.0,0.0,0.0,0.0,0.0,0.0,,0.0,0,0,0.0,0.0,7.0,16.52,33.81,3.0,34.51,0.0,0.0,0.0,0.0,,,,,-0.7301964775240124,0.6832372239650913,-0.7301964775240124,0.6832372239650913,-4.372821544277226,3.8838231099029406,5.0,756.0,,0.0,0.0,6,0.0,0.0,0.6144444444444445,0.0,-0.0,38.65,1.9125000000000005,201,7,2016,109
2016-07-20,0.0,0.0,0,0.0,3.3,9.8,5.875,4.5,2.6999999999999997,0.8849152892883652,0.35754502219634593,92.79166666666667,80.66666666666667,327.0,90.16666666666667,,,,,,,,87.49561240611227,0.37926198869133165,0.0,0.0,0.0,0.0,0.0,0.0,,0.0,0,0,0.0,0.0,0.07,14.56,33.81,3.0,34.51,0.0,0.0,0.0,0.0,,,,,0.9990448783688771,0.04369589231169722,0.9990448783688771,0.04369589231169722,0.8211276455188289,0.33177198517969264,6.0,757.0,,0.0,0.0,6,0.0,0.0,0.5808611111111112,0.0,-0.0,16.2,-1.4333333333333336,202,7,2016,110
2016-07-21,0.0,0.7,0,0.0,1.8,10.5,5.7375,11.2,6.4750000000000005,-2.816839482896239,5.602786716455614,92.25,83.66666666666667,491.0,92.0,,,,,,,,337.65915621596224,0.9634660750467661,0.0,0.0,0.0,0.0,0.0,0.0,,0.0,0,0,0.0,0.0,0.0,14.56,30.73,2.0,34.51,0.0,0.0,0.0,0.0,,,,,-0.380115606681238,0.9249389847754036,-0.380115606681238,0.9249389847754036,-2.5985344229717806,5.168570745930303,7.0,758.0,,,0.0,6,0.0,0.0,0.5966111111111111,0.0,-0.0,38.85,-0.13750000000000018,203,7,2016,111
2016-07-22,0.0,30.9,0,0.0,3.1,10.0,7.166666666666667,22.6,16.245833333333334,-10.821340104246637,11.185721736106869,97.875,34.791666666666664,192.0,95.41666666666667,,,,,,,,319.2639261457463,0.9552850434189397,0.0,0.0,0.0,0.0,0.0,0.0,,0.0,0,0,0.0,0.0,0.0,14.56,29.82,1.0,34.51,0.0,0.0,0.0,0.0,,,,,-0.6525756016384021,0.7577236198946669,-0.6525756016384021,0.7577236198946669,-10.591386627031396,10.948025149214597,8.0,759.0,,,0.0,6,0.0,0.0,0.5716666666666667,0.0,-0.0,97.475,1.4291666666666671,204,7,2016,112
2016-07-23,5.53,15.7,23,0.56,-3.2,3.1,-0.6583333333333333,21.8,16.008333333333333,-13.913793512043364,7.767837785236473,91.08333333333333,97.70833333333333,464.0,81.33333333333333,,,,,,,,298.9593188602805,0.9955211868853271,-0.8217391304347825,15.791304347826086,21.8,90.78260869565217,-13.7992529766652,7.5434441679928925,298.5662562826314,0.0,1,23,5.53,5.53,5.53,20.09,35.07,1.0,40.04,0.0,0.0,0.0,0.0,,,,,-0.8749637110951807,0.4841885007582782,-0.878264743437617,0.4781746965644009,-12.673146923886163,7.075205582719555,0.0,760.0,1.0,1.0,100.0,0,1.200787231568998,5.53,0.4376388888888889,87.32591304347827,0.0,0.0,-7.825,205,7,2016,113
2016-07-24,3.5,5.3,15,0.63,-4.3,0.4,-2.2958333333333334,13.5,8.383333333333333,-5.193220540971127,6.460427100080267,87.95833333333333,87.29166666666667,384.0,87.0,,,,,,,,321.4665928684875,0.9879258551476282,-1.5066666666666668,9.206666666666667,13.5,86.26666666666667,-5.3565183972535,7.385080886901372,325.2871034884012,0.0,1,13,9.030000000000001,9.030000000000001,9.030000000000001,23.59,31.71,2.0,43.54,0.0,0.0,0.0,0.0,,,,,-0.6229708417810131,0.7822450576965354,-0.5694645626065084,0.822015883018922,-4.56787023416252,5.682484003445601,0.0,761.0,0.38759689922480617,1.0,47.25,1,0.8909635972222225,9.030000000000001,0.36027777777777775,32.223333333333336,0.0,8.383333333333333,-1.6375000000000002,206,7,2016,114
2016-07-25,5.53,11.4,19,0.84,-2.7,1.0,-0.9083333333333333,21.6,13.641666666666666,-9.139090784980079,10.050588738472229,92.66666666666667,78.16666666666667,322.0,94.95833333333333,,,,,,,,317.54103423626526,0.995426630906808,-1.2052631578947368,13.663157894736843,21.6,94.94736842105263,-8.874879803719903,10.334982864160082,319.0527128189144,0.0,1,10,9.030000000000001,14.56,14.56,29.12,37.24,3.0,49.07,0.0,0.0,0.0,0.0,,,,,-0.6750620092522602,0.7377609935909469,-0.6553644093793684,0.7553128430781723,-8.46889079408154,9.313545564317598,0.0,762.0,0.3798076923076923,1.0,100.0,2,1.2845529387119112,14.56,0.3832222222222223,75.55726315789474,0.0,27.28333333333333,1.3875000000000002,207,7,2016,115
2016-07-26,4.0600000000000005,7.5,21,1.12,-2.6,0.1,-1.3208333333333333,19.9,14.35,-10.377297848047943,9.755793223252956,90.20833333333333,102.75,468.0,85.66666666666667,,,,,,,,313.9078825076284,0.9922282671630844,-1.480952380952381,14.295238095238094,19.9,91.61904761904762,-10.245285931096362,9.800406369010263,314.4702498347678,0.0,1,14,9.59,13.090000000000002,18.62,25.620000000000005,41.300000000000004,4.0,53.13,0.0,0.0,0.0,0.0,,,,,-0.7204557096118369,0.6935009520452763,-0.7136142919489588,0.70053882285437,-9.361187433759914,8.80053847014277,0.0,763.0,0.31016042780748665,0.7030075187969925,80.79400000000001,3,0.9570856765873019,13.090000000000002,0.3714166666666667,58.03866666666667,0.0,43.05,-0.4125,208,7,2016,116
2016-07-27,3.64,7.4,13,0.84,-1.7,3.2,0.5166666666666667,12.8,10.391666666666667,-8.102774483209851,5.828873699462572,92.45833333333333,93.375,407.0,86.75,,,,,,,,304.5518956854778,0.9648345714031423,-0.38461538461538464,10.86153846153846,12.8,92.92307692307692,-7.453287880385872,7.227656903678613,312.555875706389,0.0,1,13,7.700000000000001,13.23,22.26,22.330000000000002,44.940000000000005,5.0,56.77,0.0,0.0,0.0,0.0,,,,,-0.8236128278650308,0.5671524572600979,-0.7366181405858511,0.6763088901972554,-7.4916902409344415,5.389279474628102,0.0,764.0,0.2751322751322751,0.5943396226415094,46.592000000000006,4,0.8166980769230769,13.23,0.44155555555555553,39.535999999999994,0.0,41.56666666666667,1.8375,209,7,2016,117
2016-07-28,0.0,0.5,0,0.0,-1.3,3.6,0.875,11.6,8.979166666666666,-7.375830929276649,5.086681790961651,94.5,98.91666666666667,392.0,95.83333333333333,,,,,,,,305.00048310038585,0.9978817306995903,0.0,0.0,0.0,0.0,0.0,0.0,,0.0,0,0,3.64,7.700000000000001,22.26,22.26,44.940000000000005,5.0,56.77,0.0,0.0,0.0,0.0,,,,,-0.8191472080398229,0.573583343168683,-0.8191472080398229,0.573583343168683,-6.970160228166434,4.80691429245876,1.0,765.0,0.0,0.3459119496855346,0.0,5,0.0,3.8500000000000005,0.46094444444444443,0.0,-0.0,44.89583333333333,0.3583333333333333,210,7,2016,118
2016-07-29,0.0,0.6000000000000001,0,0.0,-0.1,3.7,1.6624999999999999,11.4,8.270833333333334,-6.866668708298254,4.547356412433967,94.79166666666667,86.75,357.0,99.33333333333333,,,,,,,,304.20961843237717,0.9961228392625621,0.0,0.0,0.0,0.0,0.0,0.0,,0.0,1,0,0.0,3.64,22.26,22.26,44.940000000000005,6.0,56.77,0.0,0.0,0.0,0.0,,,,,-0.8269862038215333,0.5622222146881509,-0.8269862038215333,0.5622222146881509,-6.509029713074386,4.310514932619697,2.0,766.0,0.0,0.16352201257861634,0.0,6,0.0,1.2133333333333334,0.45602777777777775,0.0,-0.0,49.625,0.7874999999999999,211,7,2016,119
2016-07-30,0.0,0.2,0,0.0,-0.0,4.9,2.1416666666666666,7.7,6.175,-4.279631529413181,4.338761197957585,93.16666666666667,101.25,444.0,83.375,,,,,,,,316.13470479503394,0.9864588799208552,0.0,0.0,0.0,0.0,0.0,0.0,,0.0,0,0,0.0,0.0,16.73,22.26,42.21,5.0,56.77,0.0,0.0,0.0,0.0,,,,,-0.6929652539700748,0.7209709819335239,-0.6929652539700748,0.7209709819335239,-3.9871900415699475,4.042279182763817,3.0,767.0,,0.0,0.0,5,0.0,0.0,0.48694444444444446,0.0,-0.0,30.875,0.47916666666666674,212,7,2016,120
2016-07-31,0.21000000000000002,1.2,2,0.14,0.4,4.5,2.245833333333333,12.1,8.608333333333333,-6.357485989981448,5.680571889766178,96.0,55.041666666666664,229.0,84.58333333333333,,,,,,,,313.2127624528705,0.9904434592520401,1.0,8.399999999999999,8.7,97.5,-6.291629241994757,5.541909881472131,311.5,0.0,0,1,0.21000000000000002,0.21000000000000002,13.44,22.470000000000002,40.74,4.0,56.980000000000004,0.0,0.0,0.0,0.0,,,,,-0.7288161286451744,0.6847094643910369,-0.7489557207890021,0.6626200482157375,-6.1031865503821905,5.45334901417553,0.0,768.0,1.0,0.015625000000000003,2.5410000000000004,6,0.04228875,0.21000000000000002,0.45669444444444446,1.7639999999999998,0.0,51.64999999999999,0.10416666666666652,213,7,2016,121
2016-08-01,0.8400000000000001,11.5,9,0.14,1.2,3.9,2.370833333333333,14.5,9.1625,-5.68870848046226,7.103950042521082,99.0,45.416666666666664,164.0,99.33333333333333,,,,,,,,321.9993264320996,0.9912420447507829,2.4555555555555557,10.666666666666666,14.5,99.33333333333333,-7.285057415791851,7.778986006200581,316.4453536370356,0.0,0,5,1.05,1.05,8.75,23.310000000000002,41.58,3.0,57.82,0.0,0.0,0.0,0.0,,,,,-0.6156707391198809,0.7880035158497579,-0.6890460948101367,0.7247175168483926,-5.631821395657638,7.032910542095871,0.0,769.0,0.8,0.12000000000000001,12.180000000000001,6,0.13730888888888887,1.05,0.4469444444444444,8.96,0.0,54.974999999999994,0.125,214,8,2016,122
2016-08-02,1.26,5.1,7,0.42,-3.1,3.4,0.8458333333333333,14.9,8.695833333333333,2.0445466824031278,-7.655532386475545,87.70833333333333,106.33333333333333,466.0,72.20833333333333,,,,,,,,170.6097376118341,0.7852567478757007,0.6571428571428571,9.742857142857144,11.6,95.71428571428571,2.385538650737719,-9.403624338029228,165.9986892895323,0.0,0,7,2.1,2.31,5.95,24.570000000000004,42.839999999999996,2.0,59.080000000000005,0.0,0.0,0.0,0.0,,,,,0.1631582886025024,-0.9865999051592811,0.24194409222826718,-0.970290191765247,1.7932378193577432,-6.714539863971258,0.0,770.0,0.5454545454545454,0.38823529411764707,18.774,6,0.25845846428571423,2.31,0.4388055555555555,12.276000000000002,0.0,52.175,-1.525,215,8,2016,123
2016-08-03,0.0,0.7000000000000001,0,0.0,-2.4,4.2,0.9874999999999999,12.4,7.816666666666666,2.7027758646426974,-7.207424872209427,90.125,106.0,473.0,85.54166666666667,,,,,,,,156.5904542883112,0.9840770683545538,0.0,0.0,0.0,0.0,0.0,0.0,,0.0,0,0,1.26,2.1,2.31,24.570000000000004,42.839999999999996,1.0,59.080000000000005,0.0,0.0,0.0,0.0,,,,,0.39730078680424974,-0.917688446481007,0.39730078680424974,-0.917688446481007,2.435876748009231,-6.495691666078747,1.0,771.0,0.0,0.9090909090909091,0.0,1,0.0,1.05,0.4644166666666667,0.0,-0.0,7.816666666666666,0.1416666666666666,216,8,2016,124
2016-08-04,0.14,0.6000000000000001,2,0.07,-0.5,4.9,1.5833333333333333,9.7,6.891666666666667,4.829895181757064,-4.84036518025166,90.5,107.04166666666667,420.0,86.54166666666667,,,,,,,,134.0535298306526,0.9911437349694358,0.0,8.15,8.4,99.0,6.106233782495432,-5.393601482930334,131.5,0.0,1,2,0.14,1.4,2.45,24.710000000000004,41.23,2.0,59.220000000000006,0.0,0.0,0.0,0.0,,,,,0.7186904867690217,-0.6953301260751664,0.748955720789002,-0.6626200482157376,4.371055139490143,-4.380530488127752,0.0,772.0,0.10000000000000002,0.5714285714285714,1.358,2,0.031434375,1.4,0.4819166666666667,1.1410000000000002,0.0,13.783333333333333,0.5958333333333333,217,8,2016,125
2016-08-05,0.0,0.0,0,0.0,-1.4,6.5,2.091666666666667,7.0,3.9916666666666667,-0.1746915394155026,0.36164458591194615,81.83333333333333,151.79166666666666,600.0,62.916666666666664,,,,,,,,24.660743270388494,0.12920737548426525,0.0,0.0,0.0,0.0,0.0,0.0,,0.16666666666666666,1,0,0.14,0.14,2.45,24.710000000000004,39.269999999999996,2.0,59.220000000000006,0.0,0.0,0.0,0.0,,,,,0.4172445030446342,0.9087942697217211,0.4172445030446342,0.9087942697217211,-0.14295590975501962,0.2959458194712759,1.0,773.0,0.0,0.05714285714285714,0.0,3,0.0,0.07,0.5184166666666666,0.0,-0.0,11.975,0.5083333333333335,218,8,2016,126
2016-08-06,0.0,0.0,0,0.0,-1.9,4.8,1.1791666666666667,4.7,2.0541666666666667,1.0476174621057517,0.9527707900924164,84.125,102.04166666666667,409.0,95.16666666666667,,,,,,,,24.308194211208725,0.660065680889651,0.0,0.0,0.0,0.0,0.0,0.0,,0.0,1,0,0.0,0.14,2.45,19.180000000000003,39.269999999999996,3.0,59.220000000000006,0.0,0.0,0.0,0.0,,,,,0.4116446996154872,0.9113444141917343,0.4116446996154872,0.9113444141917343,0.8813081899964637,0.8015184271652452,2.0,774.0,0.0,0.05714285714285714,0.0,4,0.0,0.04666666666666667,0.4551111111111112,0.0,-0.0,8.216666666666667,-0.9125000000000001,219,8,2016,127
2016-08-07,0.0,0.0,0,0.0,-2.7,4.8,1.3666666666666665,5.0,2.033333333333333,-0.5531995663202156,1.6878792781346572,81.45833333333333,93.375,351.0,77.45833333333333,,,,,,,,339.3273603236307,0.7679638631362847,0.0,0.0,0.0,0.0,0.0,0.0,,0.0,0,0,0.0,0.0,2.24,15.680000000000001,39.269999999999996,3.0,59.220000000000006,0.0,0.0,0.0,0.0,,,,,-0.35302810302807947,0.9356127182079109,-0.35302810302807947,0.9356127182079109,-0.45062714673167564,1.3749183286471895,3.0,775.0,,0.0,0.0,5,0.0,0.0,0.44044444444444447,0.0,-0.0,10.166666666666666,0.18749999999999978,220,8,2016,128
2016-08-08,0.0,0.0,0,0.0,-4.0,7.4,1.4458333333333335,8.4,4.495833333333334,-2.235406057988722,3.2934281039106814,79.0,154.45833333333334,598.0,29.333333333333332,,,,,,,,337.9363351810084,0.8694103725876774,0.0,0.0,0.0,0.0,0.0,0.0,,0.5,1,0,0.0,0.0,1.4,10.15,39.269999999999996,4.0,59.220000000000006,0.0,0.0,0.0,0.0,,,,,-0.3756366122139458,0.9267670341377221,-0.3756366122139458,0.9267670341377221,-1.7659707858110902,2.601808202089438,4.0,776.0,,0.0,0.0,6,0.0,0.0,0.5307499999999999,0.0,-0.0,26.975,0.07916666666666705,221,8,2016,129
2016-08-09,0.0,0.0,0,0.0,-1.0,9.5,3.579166666666667,13.5,9.095833333333333,-3.125898588750229,8.43358159123144,76.91666666666667,158.58333333333334,593.0,35.75,,,,,,,,338.8537002212196,0.9888049621908357,0.0,0.0,0.0,0.0,0.0,0.0,,0.4166666666666667,0,0,0.0,0.0,0.14,6.09,39.269999999999996,4.0,59.220000000000006,0.0,0.0,0.0,0.0,,,,,-0.36075059493409617,0.9326623227378147,-0.36075059493409617,0.9326623227378147,-2.404336997847051,6.486829840588849,5.0,777.0,,0.0,0.0,5,0.0,0.0,0.5732222222222222,0.0,-0.0,45.479166666666664,2.1333333333333337,222,8,2016,130
2016-08-10,0.0,5.1,0,0.0,0.1,5.6,3.5041666666666664,19.6,16.1125,-10.710887074603654,11.802301969099679,87.33333333333333,139.33333333333334,583.0,77.5,,,,,,,,317.82347686074763,0.9886906834272425,0.0,0.0,0.0,0.0,0.0,0.0,,0.0,0,0,0.0,0.0,0.14,2.45,39.269999999999996,4.0,59.220000000000006,0.0,0.0,0.0,0.0,,,,,-0.6714169893570935,0.7410797706068198,-0.6714169893570935,0.7410797706068198,-9.354174711820525,10.307343719680386,6.0,778.0,,0.0,0.0,6,0.0,0.0,0.5084444444444444,0.0,-0.0,96.67500000000001,-0.07500000000000062,223,8,2016,131
2016-08-11,0.77,2.4,5,0.21,-1.6,4.7,1.1125,13.8,9.9125,-8.225867225021423,5.340161239555666,83.875,144.25,564.0,73.45833333333333,,,,,,,,303.9464246833921,0.9893076112510529,0.32,12.66,13.8,97.0,-9.832271417309249,7.834194182890043,308.1913405393448,0.0,1,5,0.77,0.77,0.77,3.22,32.480000000000004,4.0,59.99,0.0,0.0,0.0,0.0,,,,,-0.8295600921336783,0.5584174545437877,-0.7859503480327342,0.6182896169492288,-6.899446134986719,4.479060239677315,0.0,779.0,1.0,1.0,10.626000000000001,0,0.156851695,0.77,0.4801944444444444,9.7482,0.0,0.0,-2.3916666666666666,224,8,2016,132
2016-08-12,0.0,0.0,0,0.0,-2.5,5.2,0.5750000000000001,12.3,7.333333333333333,-5.28672058815888,4.977111951787202,87.0,138.125,541.0,94.125,,,,,,,,315.64449080273204,0.987682734234261,0.0,0.0,0.0,0.0,0.0,0.0,,0.0,1,0,0.77,0.77,0.77,3.22,25.550000000000004,4.0,59.99,0.0,0.0,0.0,0.0,,,,,-0.6991083337403384,0.7150157604520391,-0.6991083337403384,0.7150157604520391,-4.599446911698226,4.330087398054865,1.0,780.0,0.0,1.0,0.0,1,0.0,0.385,0.4976388888888889,0.0,-0.0,7.333333333333333,-0.5375,225,8,2016,133
2016-08-13,0.21000000000000002,0.7000000000000001,3,0.07,-0.6,6.2,1.925,13.8,9.041666666666666,-6.830876761998269,5.836317922844262,88.70833333333333,119.83333333333333,491.0,75.75,,,,,,,,311.58764235139034,0.9938579994916178,-0.2333333333333333,7.266666666666666,7.6,99.0,-5.363629192060376,4.896683249560986,312.3330925501716,0.0,0,3,0.21000000000000002,0.98,0.98,3.43,25.69,3.0,60.2,0.0,0.0,0.0,0.0,,,,,-0.7479412698092058,0.6637649108804959,-0.7392422571313719,0.6734395928896032,-6.059556927622631,5.177300357389763,0.0,781.0,0.2142857142857143,1.0,2.8980000000000006,2,0.04884497916666668,0.98,0.5133611111111112,1.526,0.0,18.083333333333332,1.35,226,8,2016,134
2016-08-14,0.0,0.0,0,0.0,-1.0,8.8,3.095833333333333,8.7,5.6625000000000005,-4.686419725332802,2.981105481656048,83.375,156.29166666666666,566.0,44.666666666666664,,,,,,,,304.9782807429401,0.9712080366514687,0.0,0.0,0.0,0.0,0.0,0.0,,0.2916666666666667,1,0,0.21000000000000002,0.21000000000000002,0.98,3.22,25.69,4.0,60.2,0.0,0.0,0.0,0.0,,,,,-0.819369412509853,0.573265877096534,-0.819369412509853,0.573265877096534,-3.907302445996223,2.48549669533073,1.0,782.0,0.0,0.2142857142857143,0.0,3,0.0,0.10500000000000001,0.5776666666666667,0.0,-0.0,16.9875,1.1708333333333332,227,8,2016,135
2016-08-15,0.0,0.0,0,0.0,-1.7,11.3,4.1000000000000005,6.3,4.404166666666667,-2.31566385567156,3.4636206870940014,75.29166666666667,176.70833333333334,600.0,0.7083333333333334,,,,,,,,329.5870409275479,0.933507800553252,0.0,0.0,0.0,0.0,0.0,0.0,,1.0,1,0,0.0,0.21000000000000002,0.98,2.38,25.69,4.0,60.2,0.0,0.0,0.0,0.0,,,,,-0.5062288332086491,0.8623991931977961,-0.5062288332086491,0.8623991931977961,-1.7435019113327122,2.6078177423245257,2.0,783.0,0.0,0.2142857142857143,0.0,4,0.0,0.07,0.6198888888888889,0.0,-0.0,17.616666666666667,1.0041666666666673,228,8,2016,136
2016-08-16,0.0,0.0,0,0.0,-0.6,9.8,3.6458333333333335,12.7,8.654166666666667,-5.113929415843391,6.8492683898634334,74.33333333333333,179.29166666666666,600.0,10.0,,,,,,,,324.44158383415083,0.9880999242829996,0.0,0.0,0.0,0.0,0.0,0.0,,0.8333333333333334,1,0,0.0,0.0,0.98,1.12,25.69,5.0,60.2,0.0,0.0,0.0,0.0,,,,,-0.5815326888329925,0.8135230370546799,-0.5815326888329925,0.8135230370546799,-3.8013541991102535,5.091289503131819,3.0,784.0,,0.0,0.0,5,0.0,0.0,0.5850833333333334,0.0,-0.0,43.270833333333336,-0.45416666666666705,229,8,2016,137
2016-08-17,0.0,0.8,0,0.0,-0.1,8.6,3.908333333333333,12.2,7.508333333333333,-4.6279488323029705,5.8004340473774585,93.04166666666667,101.58333333333333,434.0,82.125,,,,,,,,322.5143919207447,0.9887975452506332,0.0,0.0,0.0,0.0,0.0,0.0,,0.0,0,0,0.0,0.0,0.98,1.12,25.69,5.0,60.2,0.0,0.0,0.0,0.0,,,,,-0.6085621302344315,0.7935062278549115,-0.6085621302344315,0.7935062278549115,-4.305920726055223,5.396820511580777,4.0,785.0,,0.0,0.0,6,0.0,0.0,0.5689722222222222,0.0,-0.0,45.05,0.26249999999999973,230,8,2016,138
2016-08-18,0.0,0.0,0,0.0,-0.5,11.8,5.695833333333333,10.7,6.8625,-3.7181831959874305,5.54934495036409,82.70833333333333,165.875,600.0,46.791666666666664,,,,,,,,326.99935650490806,0.9746587943643324,0.0,0.0,0.0,0.0,0.0,0.0,,0.2916666666666667,1,0,0.0,0.0,0.21000000000000002,0.98,25.69,5.0,60.2,0.0,0.0,0.0,0.0,,,,,-0.5446484541804647,0.8386644509926663,-0.5446484541804647,0.8386644509926663,-3.0752473516812704,4.589770719363632,5.0,786.0,,0.0,0.0,5,0.0,0.0,0.6485,0.0,-0.0,34.3125,1.7874999999999996,231,8,2016,139
2016-08-19,2.1,14.2,4,1.33,0.1,9.8,4.220833333333333,25.3,12.879166666666668,-5.263727983888348,11.24960838239207,86.375,139.83333333333334,599.0,57.291666666666664,,,,,,,,335.25644745679773,0.9557352072078396,1.425,9.175,10.8,99.5,-7.2835098934108125,5.111960490996331,305.81814278581027,0.25,0,4,2.1,2.1,2.31,3.08,27.790000000000003,4.0,62.300000000000004,0.0,0.0,0.0,0.0,,,,,-0.418557542126326,0.9081902795830666,-0.8108785506942846,0.5852144701081277,-4.54654504608356,9.71684924029115,0.0,787.0,1.0,0.9090909090909091,53.13,0,0.39855662109374995,2.1,0.5989166666666667,19.267500000000002,0.0,0.0,-1.4749999999999996,232,8,2016,140
2016-08-20,2.31,6.6,21,0.21,-2.2,1.6,-0.44166666666666665,13.2,10.3125,-7.811668484376082,6.674552610462015,93.79166666666667,120.08333333333333,402.0,88.5,,,,,,,,310.95198433889465,0.9961935101688207,-0.2571428571428572,10.557142857142857,13.2,93.57142857142857,-7.982329482014558,6.843759570697254,311.13632531863135,0.0,1,19,4.41,4.41,4.41,5.390000000000001,30.1,5.0,64.61,0.0,0.0,0.0,0.0,,,,,-0.7552591131960966,0.6554263283804258,-0.753146467334474,0.657852870132526,-7.3266940659710675,6.2601741358958325,0.0,788.0,0.5238095238095238,1.0,30.491999999999997,0,0.5141809553571429,4.41,0.42825,24.387,0.0,0.0,-4.6625,233,8,2016,141
2016-08-21,0.8400000000000001,4.2,12,0.07,-1.6,4.1,0.8083333333333332,14.3,9.804166666666667,-6.8983767420792885,6.90725637798683,91.95833333333333,99.79166666666667,417.0,90.58333333333333,,,,,,,,316.11979159227377,0.9952461188244719,-0.041666666666666664,10.316666666666666,14.3,94.66666666666667,-7.18257543126219,7.3534812307081205,316.66001834503504,0.0,0,10,3.1500000000000004,5.25,5.25,6.23,30.940000000000005,4.0,65.45,0.0,0.0,0.0,0.0,,,,,-0.6931528880589144,0.7207905894055402,-0.686326034123556,0.7272940085579088,-6.343632279070412,6.351797844257055,0.0,789.0,0.16,1.0,12.012000000000002,1,0.1836809114583334,5.25,0.46416666666666667,8.666,0.0,9.804166666666667,1.25,234,8,2016,142
2016-08-22,0.0,4.2,0,0.0,-1.5,4.5,1.5,7.1,4.625,-2.438125232190698,2.031708379461712,94.79166666666667,102.875,399.0,94.54166666666667,,,,,,,,306.30368092884544,0.679556946519925,0.0,0.0,0.0,0.0,0.0,0.0,,0.0,0,0,0.8400000000000001,3.1500000000000004,5.25,6.23,25.410000000000004,3.0,65.45,0.0,0.0,0.0,0.0,,,,,-0.8058902470966037,0.5920649538982822,-0.8058902470966037,0.5920649538982822,-2.3111395430140993,1.9258902346980813,1.0,790.0,0.0,0.6000000000000001,0.0,2,0.0,1.5750000000000002,0.4845555555555556,0.0,-0.0,9.25,0.6916666666666668,235,8,2016,143
2016-08-23,0.0,0.2,0,0.0,-2.9,5.4,0.8916666666666666,8.7,3.783333333333333,1.282442773181667,-2.773674212222339,86.29166666666667,126.125,486.0,76.25,,,,,,,,154.8984876156076,0.7380625835603078,0.0,0.0,0.0,0.0,0.0,0.0,,0.0,1,0,0.0,0.8400000000000001,5.25,6.23,21.910000000000004,3.0,65.45,0.0,0.0,0.0,0.0,,,,,0.4242233260705937,-0.9055576014907073,0.4242233260705937,-0.9055576014907073,1.1066412430246801,-2.3934497056301938,2.0,791.0,0.0,0.16,0.0,3,0.0,0.28,0.49172222222222217,0.0,-0.0,11.35,-0.6083333333333334,236,8,2016,144
2016-08-24,0.21000000000000002,3.3,3,0.07,-2.5,5.0,0.7125,5.8,3.6833333333333336,2.1141780471887306,-2.2498387771499373,91.79166666666667,113.83333333333333,442.0,75.79166666666667,,,,,,,,134.76896753464308,0.8351014102143327,2.1333333333333333,4.566666666666666,5.8,93.0,1.453847685749868,-4.207355690290538,158.60030598545154,0.041666666666666664,1,2,0.21000000000000002,0.21000000000000002,5.46,6.44,16.59,4.0,65.66,0.0,0.0,0.0,0.0,,,,,0.7099522755028864,-0.7042497898531981,0.3648718120720396,-0.931057764456785,1.9406392658153222,-2.06516451085888,0.0,792.0,1.0,0.038461538461538464,1.218,4,0.03894245833333333,0.21000000000000002,0.4929722222222222,0.9590000000000001,0.0,14.733333333333334,-0.17916666666666659,237,8,2016,145
2016-08-25,1.47,3.5,6,0.56,-2.6,4.7,-0.2041666666666667,8.5,4.45,-2.689138468281611,-2.320800173361785,82.33333333333333,163.125,600.0,56.208333333333336,,,,,,,,216.3932910604542,0.7185031404056761,1.0833333333333333,6.1499999999999995,8.0,75.0,-4.621957526651559,-2.9977629953157545,231.21660048341684,0.041666666666666664,1,6,1.68,1.68,6.93,7.14,14.0,4.0,67.13000000000001,0.0,0.0,0.0,0.0,,,,,-0.5933246350384559,-0.8049632770856587,-0.7795194800784496,-0.6263779850683001,-2.214057338885193,-1.9107921427345362,0.0,793.0,0.875,0.24242424242424243,12.495,5,0.30249652343749994,1.68,0.4876388888888889,9.0405,0.0,22.25,-0.9166666666666667,238,8,2016,146
2016-08-26,0.0,0.0,0,0.0,-2.7,6.5,0.5375,7.9,4.370833333333334,-2.8560195038743053,-0.8049933780371902,77.20833333333333,180.20833333333334,600.0,51.125,,,,,,,,238.88122044410989,0.5400447862334613,0.0,0.0,0.0,0.0,0.0,0.0,,0.2916666666666667,1,0,1.47,1.68,4.83,7.140000000000001,10.36,5.0,67.13000000000001,0.0,0.0,0.0,0.0,,,,,-0.8560977370199255,-0.5168139555675354,-0.8560977370199255,-0.5168139555675354,-2.2050850586162865,-0.621521970626214,1.0,794.0,0.0,0.34782608695652173,0.0,6,0.0,0.84,0.5219444444444444,0.0,-0.0,26.225,0.7416666666666667,239,8,2016,147
2016-08-27,0.0,0.0,0,0.0,-3.4,7.1,0.8249999999999998,11.0,6.583333333333333,-5.09413751443637,4.107745585936203,80.33333333333333,201.20833333333334,600.0,30.041666666666668,,,,,,,,310.5807139148769,0.9932761889759908,0.0,0.0,0.0,0.0,0.0,0.0,,0.5833333333333334,1,0,0.0,1.47,2.52,6.93,10.36,5.0,67.13000000000001,0.0,0.0,0.0,0.0,,,,,-0.7594903186180636,0.6505186053645446,-0.7594903186180636,0.6505186053645446,-4.09229046993055,3.299888954035416,2.0,795.0,0.0,0.5833333333333334,0.0,2,0.0,0.49,0.5596944444444444,0.0,-0.0,13.166666666666666,0.28749999999999987,240,8,2016,148
2016-08-28,0.0,0.0,0,0.0,-1.8,7.1,2.1958333333333333,12.5,7.666666666666667,-6.44619651758508,3.764491170469505,80.45833333333333,164.125,571.0,85.375,,,,,,,,303.79968912144477,0.9745972588889189,0.0,0.0,0.0,0.0,0.0,0.0,,0.0,0,0,0.0,0.0,1.68,6.93,10.36,5.0,67.13000000000001,0.0,0.0,0.0,0.0,,,,,-0.8309874876410885,0.5562911066914082,-0.8309874876410885,0.5562911066914082,-5.186502281440329,3.0288468542402556,3.0,796.0,,0.0,0.0,3,0.0,0.0,0.5353888888888889,0.0,-0.0,23.0,1.3708333333333336,241,8,2016,149
2016-08-29,0.0,0.0,0,0.0,-2.2,10.7,4.141666666666667,6.7,3.8625000000000003,-0.2552686633148326,2.998196117448456,75.95833333333333,177.875,600.0,40.291666666666664,,,,,,,,2.275449330052015,0.7799626797350725,0.0,0.0,0.0,0.0,0.0,0.0,,0.375,1,0,0.0,0.0,1.68,6.93,10.36,6.0,67.13000000000001,0.0,0.0,0.0,0.0,,,,,0.03970364403098259,0.9992114994587787,0.03970364403098259,0.9992114994587787,-0.19389782217622492,2.277379800878556,4.0,797.0,,0.0,0.0,4,0.0,0.0,0.6095555555555555,0.0,-0.0,15.450000000000001,1.9458333333333333,242,8,2016,150
2016-08-30,0.0,1.6,0,0.0,1.3,11.3,5.716666666666666,10.9,6.983333333333333,-1.7328960232281128,6.588237853383359,73.08333333333333,108.25,514.0,97.95833333333333,,,,,,,,347.1105821402555,0.968410157223359,0.0,0.0,0.0,0.0,0.0,0.0,,0.0,0,0,0.0,0.0,1.68,6.93,10.15,5.0,67.13000000000001,0.0,0.0,0.0,0.0,,,,,-0.2230700804504432,0.9748024103416204,-0.2230700804504432,0.9748024103416204,-1.266458176975879,4.814903831181004,5.0,798.0,,0.0,0.0,5,0.0,0.0,0.5668888888888889,0.0,-0.0,34.916666666666664,1.5749999999999993,243,8,2016,151
2016-08-31,0.0,25.5,0,0.0,4.1,9.2,6.7875000000000005,12.9,9.75,-5.727868734128818,7.576440323777137,96.5,99.29166666666667,389.0,90.58333333333333,,,,,,,,321.32921152893636,0.9764249439802332,0.0,0.0,0.0,0.0,0.0,0.0,,0.0,0,0,0.0,0.0,1.47,6.93,9.31,4.0,67.13000000000001,0.0,0.0,0.0,0.0,,,,,-0.6248446825138549,0.7807490779592121,-0.6248446825138549,0.7807490779592121,-5.527393328434309,7.311264912444938,6.0,799.0,,0.0,0.0,6,0.0,0.0,0.5923055555555555,0.0,-0.0,58.5,1.0708333333333346,244,8,2016,152
2016-09-01,0.0,0.1,0,0.0,1.5,9.6,5.3125,8.9,5.6000000000000005,-4.292532297118272,3.297121088510337,83.58333333333333,149.08333333333334,557.0,71.29166666666667,,,,,,,,310.6304498893436,0.9072093645964754,0.0,0.0,0.0,0.0,0.0,0.0,,0.0,0,0,0.0,0.0,0.0,6.93,8.05,3.0,67.13000000000001,0.0,0.0,0.0,0.0,,,,,-0.7589253456316283,0.6511776407079051,-0.7589253456316283,0.6511776407079051,-3.5878415783413558,2.755843709813223,7.0,800.0,,,0.0,6,0.0,0.0,0.5913333333333334,0.0,-0.0,33.6,-1.4750000000000005,245,9,2016,153
2016-09-02,0.84,19.8,5,0.21,-1.2,8.2,3.2083333333333335,12.2,5.8875,5.060006368815007,-2.558316066647823,92.41666666666667,65.875,319.0,95.83333333333333,,,,,,,,107.97625274521602,0.9300940893886683,3.3200000000000003,10.74,12.2,99.0,8.13338782031406,-6.9001462162930265,129.61051650713978,0.0,1,5,0.84,0.84,0.84,5.67,8.89,3.0,67.97,0.0,0.0,0.0,0.0,,,,,0.951184512192525,-0.3086227855571722,0.7703962321056856,-0.6375654049251439,4.6762892191798695,-2.3643104315936965,0.0,801.0,1.0,1.0,10.248,0,0.12144741000000002,0.84,0.5341944444444445,9.0216,0.0,0.0,-2.1041666666666665,246,9,2016,154
2016-09-03,0.35000000000000003,23.1,3,0.14,0.8,4.9,3.1125000000000003,12.6,10.158333333333333,-5.564743538120823,-1.7678417085393667,97.0,64.66666666666667,339.0,89.70833333333333,,,,,,,,252.4772505538245,0.5734437672711449,2.1666666666666665,9.866666666666667,10.5,97.66666666666667,-9.595314302797421,-2.0537043632314105,257.6593983425343,0.0,0,3,1.19,1.19,1.19,3.71,9.100000000000001,2.0,68.32000000000001,0.0,0.0,0.0,0.0,,,,,-0.9535974795129514,-0.3010844517183614,-0.9768943688537504,-0.2137226990795148,-5.397801231977199,-1.7148064572831856,0.0,802.0,0.2941176470588236,1.0,4.41,1,0.06008819444444447,1.19,0.4753333333333334,3.453333333333334,0.0,10.158333333333333,-0.09583333333333321,247,9,2016,155
2016-09-04,0.0,0.30000000000000004,0,0.0,-0.1,8.3,3.404166666666667,11.8,7.908333333333334,-6.8649511502779825,3.760205407631434,87.625,137.70833333333334,543.0,84.16666666666667,,,,,,,,300.32926971841835,0.9900088272228617,0.0,0.0,0.0,0.0,0.0,0.0,,0.0,1,0,0.35000000000000003,1.19,1.19,2.87,9.100000000000001,3.0,68.32000000000001,0.0,0.0,0.0,0.0,,,,,-0.8631376985287127,0.5049686261329085,-0.8631376985287127,0.5049686261329085,-6.015413445431083,3.294879988437044,1.0,803.0,0.0,1.0,0.0,2,0.0,0.595,0.5683333333333334,0.0,-0.0,15.816666666666668,0.2916666666666665,248,9,2016,156
2016-09-05,0.0,0.0,0,0.0,0.5,15.3,7.5,5.5,3.9958333333333336,-2.959821547638375,2.3108305359789556,77.33333333333333,215.41666666666666,600.0,83.54166666666667,,,,,,,,310.71182225427054,0.9275886046464881,0.0,0.0,0.0,0.0,0.0,0.0,,0.0,0,0,0.0,0.35000000000000003,1.19,2.87,9.100000000000001,2.0,68.32000000000001,0.0,0.0,0.0,0.0,,,,,-0.757999767860578,0.6522548213108968,-0.757999767860578,0.6522548213108968,-2.2889286635070096,1.787042281157059,2.0,804.0,0.0,0.2941176470588236,0.0,3,0.0,0.11666666666666668,0.7347222222222222,0.0,-0.0,11.9875,4.095833333333333,249,9,2016,157
2016-09-06,0.0,0.0,0,0.0,3.2,15.8,8.841666666666667,7.1,5.3999999999999995,-1.8336180591844993,2.2667231920746818,73.125,224.04166666666666,600.0,20.583333333333332,,,,,,,,322.82750902180646,0.52486975618088,0.0,0.0,0.0,0.0,0.0,0.0,,0.75,0,0,0.0,0.0,1.19,2.87,9.100000000000001,2.0,68.32000000000001,0.0,0.0,0.0,0.0,,,,,-0.6042166128541134,0.7968201081493252,-0.6042166128541134,0.7968201081493252,-1.3408332057786652,1.657541334204611,3.0,805.0,,0.0,0.0,4,0.0,0.0,0.7264444444444443,0.0,-0.0,21.599999999999998,1.3416666666666668,250,9,2016,158
2016-09-07,0.0,0.0,0,0.0,4.3,14.5,8.866666666666667,8.9,4.75,0.702991216388221,3.721678623628868,77.54166666666667,184.04166666666666,600.0,77.875,,,,,,,,20.341569921419126,0.7907584069889187,0.0,0.0,0.0,0.0,0.0,0.0,,0.125,0,0,0.0,0.0,1.19,2.6599999999999997,9.100000000000001,2.0,68.32000000000001,0.0,0.0,0.0,0.0,,,,,0.3476160286338281,0.9376369748665234,0.3476160286338281,0.9376369748665234,0.5451111057076998,2.885851632738885,4.0,806.0,,0.0,0.0,5,0.0,0.0,0.703388888888889,0.0,-0.0,23.75,0.025000000000000355,251,9,2016,159
2016-09-08,0.0,0.0,0,0.0,3.2,12.4,7.558333333333334,14.3,8.65,-2.5712996611802352,7.966148852693991,80.20833333333333,171.125,600.0,40.833333333333336,,,,,,,,345.1371511588368,0.9635515927818977,0.0,0.0,0.0,0.0,0.0,0.0,,0.20833333333333334,0,0,0.0,0.0,1.19,1.19,9.100000000000001,2.0,68.32000000000001,0.0,0.0,0.0,0.0,,,,,-0.2565061311899254,0.96654260364558,-0.2565061311899254,0.96654260364558,-2.0623966032383136,6.389515225598306,5.0,807.0,,0.0,0.0,6,0.0,0.0,0.6569999999999999,0.0,-0.0,51.900000000000006,-1.3083333333333336,252,9,2016,160
2016-09-09,0.0,12.5,0,0.0,3.8,10.6,7.308333333333334,19.4,10.916666666666666,0.5741705204334777,10.765132286250887,92.08333333333333,85.125,344.0,94.95833333333333,,,,,,,,4.263215494960949,0.9805591852929586,0.0,0.0,0.0,0.0,0.0,0.0,,0.0,0,0,0.0,0.0,0.35000000000000003,1.19,9.100000000000001,1.0,68.32000000000001,0.0,0.0,0.0,0.0,,,,,0.07433850786584859,0.997233065159935,0.07433850786584859,0.997233065159935,0.528715354232494,9.912892646922693,6.0,808.0,,0.0,0.0,6,0.0,0.0,0.59925,0.0,-0.0,65.5,-0.25,253,9,2016,161
2016-09-10,0.0,23.6,0,0.0,4.1,7.5,6.279166666666666,6.2,4.208333333333333,-3.1566189019491673,0.014180839296672207,98.58333333333333,46.583333333333336,193.0,94.95833333333333,,,,,,,,283.6364724428073,0.5457282546020428,0.0,0.0,0.0,0.0,0.0,0.0,,0.0,0,0,0.0,0.0,0.0,1.19,8.330000000000002,1.0,68.32000000000001,0.0,0.0,0.0,0.0,,,,,-0.9718111206083355,0.2357607810089947,-0.9718111206083355,0.2357607810089947,-3.111900134171554,0.013979944073302684,7.0,809.0,,,0.0,6,0.0,0.0,0.5263333333333333,0.0,-0.0,25.25,-1.0291666666666677,254,9,2016,162
2016-09-11,0.0,0.0,0,0.0,1.8,10.4,5.095833333333333,10.5,6.491666666666667,-5.442358436234091,3.465736867459046,85.625,173.66666666666666,600.0,81.33333333333333,,,,,,,,303.6061300016294,0.9928139878083243,0.0,0.0,0.0,0.0,0.0,0.0,,0.0,0,0,0.0,0.0,0.0,1.19,8.330000000000002,0.0,68.32000000000001,0.0,0.0,0.0,0.0,,,,,-0.8328620292943048,0.5534806592463486,-0.8328620292943048,0.5534806592463486,-4.6600194110254405,2.9675371927618084,8.0,810.0,,,0.0,6,0.0,0.0,0.6323055555555556,0.0,-0.0,38.95,-1.1833333333333327,255,9,2016,163
2016-09-12,0.0,0.1,0,0.0,2.8,10.2,5.554166666666666,7.5,4.7250000000000005,-3.3151083059242112,2.097902707076603,78.625,170.95833333333334,600.0,70.0,,,,,,,,300.96584188513566,0.6288497287829469,0.0,0.0,0.0,0.0,0.0,0.0,,0.0,0,0,0.0,0.0,0.0,1.19,8.120000000000001,0.0,68.32000000000001,0.0,0.0,0.0,0.0,,,,,-0.8574741994145623,0.5145269646367967,-0.8574741994145623,0.5145269646367967,-2.6065039055329113,1.649476003438979,9.0,811.0,,,0.0,6,0.0,0.0,0.6027222222222223,0.0,-0.0,28.35,0.45833333333333304,256,9,2016,164
2016-09-13,0.0,0.0,0,0.0,1.6,11.6,6.2,10.1,5.483333333333333,1.8992905934633544,3.899251824096497,76.45833333333333,172.95833333333334,600.0,61.333333333333336,,,,,,,,34.36147222911207,0.7684371043519478,0.0,0.0,0.0,0.0,0.0,0.0,,0.0,0,0,0.0,0.0,0.0,1.19,8.120000000000001,0.0,68.32000000000001,0.0,0.0,0.0,0.0,,,,,0.5644120393398442,0.8254932161127905,0.5644120393398442,0.8254932161127905,1.4521659329188563,2.9813029571737797,10.0,812.0,,,0.0,6,0.0,0.0,0.6279444444444445,0.0,-0.0,32.9,0.6458333333333339,257,9,2016,165
2016-09-14,0.0,17.1,0,0.0,0.9,8.6,4.625,15.5,9.266666666666667,-1.6686998499857426,7.710543577727706,93.75,101.66666666666667,382.0,77.79166666666667,,,,,,,,353.5054755152285,0.8315535162854857,0.0,0.0,0.0,0.0,0.0,0.0,,0.0,0,0,0.0,0.0,0.0,1.19,8.120000000000001,0.0,68.32000000000001,0.0,0.0,0.0,0.0,,,,,-0.1131082617926939,0.9935826694916913,-0.1131082617926939,0.9935826694916913,-1.5644061093616337,7.2286346041197245,11.0,813.0,,,0.0,6,0.0,0.0,0.571388888888889,0.0,-0.0,55.60000000000001,-1.5750000000000002,258,9,2016,166
2016-09-15,6.93,17.1,14,1.68,-0.2,4.2,1.7083333333333333,15.5,11.487499999999999,-7.52349067502361,8.182753132036842,93.41666666666667,131.29166666666666,527.0,90.16666666666667,,,,,,,,317.25102145826025,0.9682619036933513,0.9285714285714286,12.292857142857143,15.5,94.28571428571429,-6.751108703097603,9.936830919186322,326.78024124402214,0.0,1,14,6.93,6.93,6.93,8.12,15.05,1.0,75.25,0.0,0.0,0.0,0.0,,,,,-0.6787876540630307,0.7343346108495822,-0.5478517535757336,0.8365754336005772,-7.028194205584556,7.644055217511084,0.0,814.0,1.0,1.0,100.0,0,1.3301279799107146,6.93,0.49225,85.1895,0.0,0.0,-2.916666666666667,259,9,2016,167
2016-09-16,0.0,0.5,0,0.0,0.7,7.4,3.641666666666667,11.6,7.691666666666666,-6.318566223784157,4.301616065361883,86.04166666666667,162.125,600.0,87.66666666666667,,,,,,,,305.4422209539073,0.9927553832276524,0.0,0.0,0.0,0.0,0.0,0.0,,0.0,0,0,6.93,6.93,6.93,7.279999999999999,15.05,1.0,75.25,0.0,0.0,0.0,0.0,,,,,-0.8147007052524339,0.5798816783285938,-0.8147007052524339,0.5798816783285938,-5.436599688380952,3.701182156238454,1.0,815.0,0.0,1.0,0.0,1,0.0,3.465,0.5593333333333333,0.0,-0.0,7.691666666666666,1.9333333333333338,260,9,2016,168
2016-09-17,0.0,0.0,0,0.0,0.7,8.9,4.220833333333334,11.7,6.154166666666666,-3.791243971693504,4.590942513150904,78.54166666666667,192.125,600.0,82.75,,,,,,,,322.3336939782988,0.9677304531928335,0.0,0.0,0.0,0.0,0.0,0.0,,0.0,0,0,0.0,6.93,6.93,6.929999999999999,15.05,1.0,75.25,0.0,0.0,0.0,0.0,,,,,-0.6110616389682523,0.7915830173654771,-0.6110616389682523,0.7915830173654771,-2.9777062027676067,3.605802765537273,2.0,816.0,0.0,1.0,0.0,2,0.0,2.31,0.5876666666666667,0.0,-0.0,12.308333333333332,0.579166666666667,261,9,2016,169
2016-09-18,0.0,10.4,0,0.0,1.2,7.4,4.166666666666667,9.7,5.4875,1.6645540754575936,-0.5312924035650138,94.45833333333333,86.29166666666667,294.0,91.20833333333333,,,,,,,,80.5860454581006,0.4071907995329063,0.0,0.0,0.0,0.0,0.0,0.0,,0.0,0,0,0.0,0.0,6.93,6.929999999999999,12.95,1.0,75.25,0.0,0.0,0.0,0.0,,,,,0.9865323538672891,0.16356623971060139,0.9865323538672891,0.16356623971060139,1.5723100371093184,-0.5018499495341193,3.0,817.0,,0.0,0.0,3,0.0,0.0,0.5368333333333334,0.0,-0.0,16.4625,-0.05416666666666714,262,9,2016,170
2016-09-19,0.0,0.0,0,0.0,0.1,10.2,4.533333333333333,8.2,5.829166666666667,-4.207053711326083,-0.056856072807476364,80.41666666666667,220.91666666666666,600.0,75.70833333333333,,,,,,,,264.3670641267834,0.7004194307098169,0.0,0.0,0.0,0.0,0.0,0.0,,0.08333333333333333,0,0,0.0,0.0,6.93,6.929999999999999,10.64,1.0,75.25,0.0,0.0,0.0,0.0,,,,,-0.9951711410548288,-0.09815497955595459,-0.9951711410548288,-0.09815497955595459,-3.383172359524725,-0.04572175854934558,4.0,818.0,,0.0,0.0,4,0.0,0.0,0.642,0.0,-0.0,23.316666666666666,0.36666666666666625,263,9,2016,171
2016-09-20,0.0,0.0,0,0.0,1.2,11.2,5.466666666666666,8.7,6.083333333333333,-3.9787488365757517,4.470031767604026,75.75,209.0,600.0,98.95833333333333,,,,,,,,319.3174152431752,0.9794032142989797,0.0,0.0,0.0,0.0,0.0,0.0,,0.0,0,0,0.0,0.0,6.93,6.929999999999999,9.8,1.0,75.25,0.0,0.0,0.0,0.0,,,,,-0.6518679362523434,0.7583325086570605,-0.6518679362523434,0.7583325086570605,-3.0139022437061316,3.38604906396005,5.0,819.0,,0.0,0.0,5,0.0,0.0,0.6407222222222222,0.0,-0.0,30.416666666666664,0.9333333333333327,264,9,2016,172
2016-09-21,0.0,19.9,0,0.0,3.4,8.2,5.358333333333333,9.4,4.679166666666666,1.7550856528716563,1.3966503776153105,96.08333333333333,50.625,198.0,99.70833333333333,,,,,,,,47.294237182624784,0.40263075057221814,0.0,0.0,0.0,0.0,0.0,0.0,,0.0,0,0,0.0,0.0,6.93,6.929999999999999,9.8,1.0,75.25,0.0,0.0,0.0,0.0,,,,,0.7348463820399763,0.67823358424864,0.7348463820399763,0.67823358424864,1.686344798134183,1.3419482378253775,6.0,820.0,,0.0,0.0,6,0.0,0.0,0.53625,0.0,-0.0,28.074999999999996,-0.1083333333333325,265,9,2016,173
2016-09-22,0.0,3.2,0,0.0,2.6,6.0,4.020833333333333,12.2,8.304166666666665,-4.77102374991637,-6.624831164737889,94.58333333333333,54.958333333333336,268.0,99.54166666666667,,,,,,,,216.50786777558582,0.9811701075284616,0.0,0.0,0.0,0.0,0.0,0.0,,0.0,0,0,0.0,0.0,0.0,6.929999999999999,9.8,0.0,75.25,0.0,0.0,0.0,0.0,,,,,-0.5949331656325693,-0.8037751728129017,-0.5949331656325693,-0.8037751728129017,-4.5125932967959,-6.265986143314587,7.0,821.0,,,0.0,6,0.0,0.0,0.48525,0.0,-0.0,49.82499999999999,-1.3375000000000004,266,9,2016,174
2016-09-23,0.0,0.0,0,0.0,3.1,9.8,5.679166666666667,7.9,5.795833333333333,2.3811733987291945,-4.253560298314956,87.125,128.58333333333334,479.0,82.16666666666667,,,,,,,,145.66679742203698,0.7953261669600378,0.0,0.0,0.0,0.0,0.0,0.0,,0.0,0,0,0.0,0.0,0.0,6.929999999999999,9.59,0.0,75.25,0.0,0.0,0.0,0.0,,,,,0.564004673548441,-0.8257715956700838,0.564004673548441,-0.8257715956700838,2.074597323642811,-3.7059144099069057,8.0,822.0,,,0.0,6,0.0,0.0,0.5939166666666668,0.0,-0.0,34.775,1.658333333333334,267,9,2016,175
2016-09-24,0.0,0.4,0,0.0,3.6,12.3,7.2749999999999995,12.3,6.670833333333333,-3.573043322759156,5.375424861547979,79.58333333333333,194.95833333333334,600.0,89.83333333333333,,,,,,,,328.02149357705724,0.9683103420065498,0.0,0.0,0.0,0.0,0.0,0.0,,0.0,0,0,0.0,0.0,0.0,6.929999999999999,8.120000000000001,0.0,75.25,0.0,0.0,0.0,0.0,,,,,-0.5296010955445069,0.848246827048624,-0.5296010955445069,0.848246827048624,-2.843546977695828,4.2779422856486,9.0,823.0,,,0.0,6,0.0,0.0,0.6685833333333333,0.0,-0.0,40.025,1.5958333333333323,268,9,2016,176
2016-09-25,0.0,9.3,0,0.0,2.0,9.4,5.341666666666666,7.9,4.9875,-4.455399528350046,1.690526891881709,93.66666666666667,152.16666666666666,600.0,80.66666666666667,,,,,,,,290.8762736486147,0.9549833292213891,0.0,0.0,0.0,0.0,0.0,0.0,,0.0,0,0,0.0,0.0,0.0,6.929999999999999,8.120000000000001,0.0,75.25,0.0,0.0,0.0,0.0,,,,,-0.9343521204758398,0.35635111191394037,-0.9343521204758398,0.35635111191394037,-4.1732242248878775,1.5834601887292008,10.0,824.0,,,0.0,6,0.0,0.0,0.6225555555555556,0.0,-0.0,29.924999999999997,-1.9333333333333336,269,9,2016,177
2016-09-26,0.0,0.9,0,0.0,0.6,7.4,3.295833333333333,13.7,6.7124999999999995,-5.551240597399297,3.4483249087144743,81.375,179.5,600.0,80.75,,,,,,,,306.1121719118133,0.9653429917635639,0.0,0.0,0.0,0.0,0.0,0.0,,0.0,0,0,0.0,0.0,0.0,6.929999999999999,8.120000000000001,0.0,75.25,0.0,0.0,0.0,0.0,,,,,-0.8078646968291119,0.5893679933769793,-0.8078646968291119,0.5893679933769793,-4.517322036133678,2.8060743944664033,11.0,825.0,,,0.0,6,0.0,0.0,0.5553611111111111,0.0,-0.0,40.275,-2.045833333333333,270,9,2016,178
2016-09-27,2.8,8.7,9,0.7,-0.7,5.8,2.3041666666666667,11.2,7.766666666666667,-6.262196746327525,2.9112478923018563,84.75,208.08333333333334,600.0,72.875,,,,,,,,300.1500813808389,0.8907049218447218,-0.06666666666666665,6.866666666666666,7.6,97.22222222222223,-3.7606743188262706,4.954619272671576,323.7517279221261,0.0,1,9,2.8,2.8,2.8,9.729999999999999,10.92,1.0,78.05,0.0,0.0,0.0,0.0,,,,,-0.8647127271196087,0.5022667613503496,-0.5912853273945067,0.8064624365759209,-5.307211742512578,2.467282588725823,0.0,826.0,1.0,1.0,31.359999999999996,0,0.6441827777777779,2.8,0.5501111111111111,19.226666666666663,0.0,0.0,-0.9916666666666663,271,9,2016,179
2016-09-28,0.0,0.0,0,0.0,-1.6,12.2,5.5375000000000005,8.7,5.033333333333333,-0.5667067490545764,4.693011001723469,70.91666666666667,265.875,600.0,72.75,,,,,,,,348.64469124926916,0.9414061187129813,0.0,0.0,0.0,0.0,0.0,0.0,,0.16666666666666666,1,0,2.8,2.8,2.8,9.729999999999999,10.92,2.0,78.05,0.0,0.0,0.0,0.0,,,,,-0.19689265955143284,0.9804250509930699,-0.19689265955143284,0.9804250509930699,-0.4018895362045371,3.3281269687222266,1.0,827.0,0.0,1.0,0.0,1,0.0,1.4,0.6847499999999999,0.0,-0.0,5.033333333333333,3.233333333333334,272,9,2016,180
2016-09-29,0.56,23.4,4,0.21,0.2,5.9,3.6750000000000003,15.5,12.362499999999999,-1.4202981599585927,10.679039667549,89.08333333333333,118.66666666666667,600.0,88.41666666666667,,,,,,,,352.8743468923005,0.8729599246313299,0.45,11.725,13.1,94.25,-5.401793597148858,10.341705739165683,332.49873925926437,0.0,0,3,0.56,3.36,3.36,3.359999999999999,11.48,2.0,78.61,0.0,0.0,0.0,0.0,,,,,-0.12404576229900305,0.9922764981877074,-0.4617681309777887,0.8870006726115149,-1.2652489441631127,9.513244503841568,0.0,828.0,0.16666666666666669,1.0,8.680000000000001,2,0.11410459375000002,3.36,0.5071666666666667,6.566000000000001,0.0,24.724999999999998,-1.8625000000000003,273,9,2016,181
2016-09-30,5.53,17.3,23,0.49,-0.7,3.2,1.0041666666666667,13.2,9.929166666666665,-4.895390510842003,8.24756984144292,95.16666666666667,114.16666666666667,364.0,98.5,,,,,,,,328.38470666426906,0.9648235208378184,1.0217391304347827,10.060869565217391,13.2,95.0,-4.903634068512036,8.38675372406338,328.8947141481127,0.0,1,23,6.09,6.09,8.89,8.889999999999999,17.009999999999998,3.0,84.14,0.0,0.0,0.0,0.0,,,,,-0.5242132294559276,0.851587041977147,-0.5166123220328706,0.8562194279060746,-4.65877996948464,7.848937299106512,0.0,829.0,0.9080459770114944,0.68503937007874,72.996,0,1.085144569352552,6.09,0.46444444444444444,55.63660869565218,0.0,0.0,-2.6708333333333334,274,9,2016,182
2016-10-01,0.07,8.2,1,0.07,0.9,5.3,3.141666666666667,13.9,10.541666666666666,-8.018644819350525,6.757734345541754,98.125,114.5,393.0,97.70833333333333,,,,,,,,311.2917582496876,0.9944673012825712,1.0,7.9,7.9,99.0,-5.387787044493737,5.777694242791449,317.0,0.0,0,1,5.6000000000000005,6.160000000000001,8.959999999999999,8.959999999999999,17.08,3.0,84.21000000000001,0.0,0.0,0.0,0.0,,,,,-0.7513590641188841,0.6598935950336196,-0.6819983600624984,0.7313537016191707,-7.868295228987702,6.631026826562845,0.0,830.0,0.011363636363636362,0.6875000000000002,0.9730000000000001,1,0.0141946875,6.160000000000001,0.5211944444444444,0.553,0.0,10.541666666666666,2.1375,275,10,2016,183
2016-10-02,0.0,0.0,0,0.0,0.2,15.0,7.620833333333334,12.7,9.529166666666667,-4.366221325118937,8.139189023554058,72.0,282.875,600.0,27.833333333333332,,,,,,,,329.87929358763586,0.9687617571921439,0.0,0.0,0.0,0.0,0.0,0.0,,0.625,0,0,0.0700000000000009,5.600000000000001,8.959999999999999,8.959999999999999,16.24,3.0,84.21000000000001,0.0,0.0,0.0,0.0,,,,,-0.5018233658623503,0.8649701205675151,-0.5018233658623503,0.8649701205675151,-3.1436793540856343,5.860216096958921,1.0,831.0,0.0,0.6250000000000002,0.0,2,0.0,2.8000000000000007,0.7619166666666667,0.0,-0.0,19.058333333333334,4.479166666666666,276,10,2016,184
2016-10-03,2.1,19.7,9,0.42,1.0,7.1,4.454166666666667,18.3,15.679166666666667,-9.86218650229542,11.794366720261722,91.41666666666667,202.75,600.0,88.83333333333333,,,,,,,,320.4449417364455,0.980488921480843,1.7000000000000002,15.988888888888889,18.3,95.77777777777777,-11.495472106405623,11.10512943141331,314.0001015554667,0.0,0,9,2.100000000000001,2.17,11.059999999999999,11.059999999999999,17.99,3.0,86.31,0.0,0.0,0.0,0.0,,,,,-0.6368194175639749,0.771012989134087,-0.7193385690713511,0.6946596454713496,-9.015682160848398,10.782016910105924,0.0,832.0,0.967741935483871,0.19620253164556964,38.43,3,0.34866052083333343,2.17,0.5976666666666667,33.57666666666667,0.0,47.0375,-3.166666666666667,277,10,2016,185
2016-10-04,5.25,21.9,24,0.56,-1.2,3.7,1.1958333333333333,19.9,15.137500000000001,-11.099765417261048,9.831180221819181,95.95833333333333,115.58333333333333,401.0,94.20833333333333,,,,,,,,309.6137565663619,0.9774872545419326,1.1958333333333333,15.137500000000001,19.9,95.95833333333333,-11.099765417261048,9.831180221819181,309.6137565663619,0.0,0,24,7.350000000000001,7.35,13.509999999999998,16.31,23.24,2.0,91.56,0.0,0.0,0.0,0.0,,,,,-0.7703601767406296,0.6376089695825694,-0.7703601767406296,0.6376089695825694,-10.651149898313413,9.433836687853988,0.0,833.0,0.7142857142857143,0.5440414507772021,100.0,4,0.9368957397460937,7.35,0.47913888888888884,79.47187500000001,0.0,60.550000000000004,-3.2583333333333333,278,10,2016,186
2016-10-05,0.07,0.6000000000000001,1,0.07,-2.8,6.5,1.9375,20.6,14.291666666666666,-11.658709611200935,8.160589981945863,84.875,214.08333333333334,600.0,84.25,,,,,,,,305.2545108988931,0.9955899506832213,-1.6,10.8,10.8,96.0,-10.08266860616978,3.870373855089244,291.0,0.0,0,1,5.320000000000002,7.42,13.579999999999998,16.38,23.31,1.0,91.63,0.0,0.0,0.0,0.0,,,,,-0.816596113968092,0.5772094824690696,-0.9335804264972017,0.3583679495453004,-9.895329782506794,6.926300747176551,0.0,834.0,0.009433962264150945,0.5463917525773196,1.4420000000000002,5,0.017559500000000006,7.42,0.5700833333333334,0.7560000000000001,0.0,71.45833333333333,0.7416666666666667,279,10,2016,187
2016-10-06,0.0,0.0,0,0.0,2.1,13.2,7.270833333333333,17.2,11.220833333333333,-9.237486362628262,5.791125536479565,82.70833333333333,264.5833333333333,600.0,73.95833333333333,,,,,,,,305.63141669869816,0.969488429632712,0.0,0.0,0.0,0.0,0.0,0.0,,0.0,0,0,0.07000000000000178,5.32,13.02,16.38,23.31,1.0,91.63,0.0,0.0,0.0,0.0,,,,,-0.8127814463494968,0.582568725962886,-0.8127814463494968,0.582568725962886,-7.640171012423791,4.789743412463307,1.0,835.0,0.0,0.40860215053763443,0.0,6,0.0,2.66,0.7454166666666667,0.0,-0.0,67.325,5.333333333333333,280,10,2016,188
2016-10-07,0.0,2.2,0,0.0,4.8,15.2,10.1,23.0,12.604166666666666,-8.193408004988427,9.324076683717768,75.58333333333333,243.75,600.0,74.79166666666667,,,,,,,,321.7220879140763,0.9862699353022796,0.0,0.0,0.0,0.0,0.0,0.0,,0.041666666666666664,0,0,0.0,0.07,7.489999999999999,16.38,23.31,0.0,91.63,0.0,0.0,0.0,0.0,,,,,-0.6194764491008905,0.7850152412592712,-0.6194764491008905,0.7850152412592712,-6.1928508837704195,7.047447960110013,2.0,836.0,0.0,0.009345794392523366,0.0,3,0.0,0.023333333333333334,0.7477777777777778,0.0,-0.0,37.8125,2.8291666666666666,281,10,2016,189
2016-10-08,0.0,4.5,0,0.0,2.0,11.5,7.483333333333333,9.0,5.966666666666666,1.4784789652434254,-3.2990022055707833,79.41666666666667,211.625,600.0,50.375,,,,,,,,160.0041680963694,0.44740704631999356,0.0,0.0,0.0,0.0,0.0,0.0,,0.375,0,0,0.0,0.0,7.419999999999999,16.38,23.31,0.0,91.63,0.0,0.0,0.0,0.0,,,,,0.34195178259676423,-0.9397174992405405,0.34195178259676423,-0.9397174992405405,1.1741587115641539,-2.6199575849241308,3.0,837.0,,0.0,0.0,4,0.0,0.0,0.6613611111111112,0.0,-0.0,23.866666666666664,-2.6166666666666663,282,10,2016,190
2016-10-09,0.0,0.7,0,0.0,0.4,14.7,8.575000000000001,17.6,10.604166666666666,-2.7137904596133633,9.260290478932232,60.125,168.95833333333334,566.0,77.54166666666667,,,,,,,,352.4544513336132,0.8557874544249339,0.0,0.0,0.0,0.0,0.0,0.0,,0.125,0,0,0.0,0.0,7.419999999999999,16.38,23.31,0.0,91.63,0.0,0.0,0.0,0.0,,,,,-0.13131432397567544,0.991340783141101,-0.13131432397567544,0.991340783141101,-1.6316665138425348,5.567749650458004,4.0,838.0,,0.0,0.0,5,0.0,0.0,0.6397222222222222,0.0,-0.0,53.02083333333333,1.0916666666666677,283,10,2016,191
2016-10-10,1.05,15.2,5,0.35,0.1,10.1,5.9125000000000005,17.9,13.362499999999999,-9.928690952287836,8.634488703670504,90.0,139.83333333333334,586.0,96.75,,,,,,,,310.51913325538635,0.9851653013197411,0.76,9.879999999999999,11.3,95.8,-8.130848457848659,5.549894636900198,304.5992212891494,0.0,0,5,1.0500000000000018,1.05,6.369999999999999,17.43,24.36,0.0,92.68,0.0,0.0,0.0,0.0,,,,,-0.7601890476265845,0.6497019407917654,-0.8231440860615203,0.5678325576980809,-8.935821857059052,7.771039833303454,0.0,839.0,1.0,0.16483516483516486,18.794999999999998,6,0.212595075,1.05,0.6176666666666667,10.373999999999999,0.0,80.175,-2.6625000000000005,284,10,2016,192
2016-10-11,1.1900000000000002,2.9,10,0.28,-2.0,5.7,1.575,14.1,10.158333333333333,-9.413153929677296,3.1699187990391295,77.83333333333333,202.875,600.0,83.16666666666667,,,,,,,,291.2002571243786,0.973604802488971,-0.76,9.690000000000001,10.8,90.9,-8.957472656436606,3.391925302136978,290.92214464399194,0.0,0,10,2.240000000000002,2.24,2.3099999999999996,15.819999999999999,25.549999999999997,0.0,93.87,0.0,0.0,0.0,0.0,,,,,-0.9323221783554769,0.3616287540372008,-0.9340665264003303,0.3570990398452803,-7.326571475265495,2.4672534652521225,0.0,840.0,0.53125,0.96969696969697,16.779000000000003,0,0.28133667625000003,2.24,0.521361111111111,11.531100000000004,0.0,0.0,-4.3375,285,10,2016,193
2016-10-12,0.07,5.9,1,0.07,-0.6,6.7,2.8375,12.2,8.216666666666667,-6.43930503590515,1.1751197044302166,87.25,185.91666666666666,600.0,87.0,,,,,,,,281.0658335630888,0.7688866865171832,0.0,5.9,5.9,98.0,-4.3149868395531055,4.0237903243687425,313.0,0.0,1,1,1.260000000000002,2.31,2.3099999999999996,15.89,25.619999999999997,1.0,93.94,0.0,0.0,0.0,0.0,,,,,-0.9814072936011092,0.19193677101208667,-0.7313537016191703,0.6819983600624987,-5.618293643827243,1.0252919421153641,0.0,841.0,0.030303030303030304,1.0000000000000002,0.854,1,0.016209375,2.31,0.5636666666666666,0.4130000000000001,0.0,8.216666666666667,1.2625,286,10,2016,194
2016-10-13,0.0,0.0,0,0.0,-1.9,8.8,3.095833333333333,7.5,5.625,2.9373284436727185,-4.31273850889166,70.45833333333333,242.75,600.0,39.583333333333336,,,,,,,,143.8747071104556,0.9163893328168286,0.0,0.0,0.0,0.0,0.0,0.0,,0.3333333333333333,0,0,0.07000000000000178,1.2600000000000002,2.3099999999999996,15.33,25.619999999999997,1.0,93.94,0.0,0.0,0.0,0.0,,,,,0.5895529823803521,-0.8077297078642287,0.5895529823803521,-0.8077297078642287,2.069592665937736,-3.0386836743899153,1.0,842.0,0.0,0.5454545454545456,0.0,2,0.0,0.6300000000000001,0.59225,0.0,-0.0,11.25,0.2583333333333333,287,10,2016,195
2016-10-14,0.0,0.0,0,0.0,-1.7,13.4,6.1625000000000005,8.0,5.091666666666667,-3.8158512888308707,2.190233243773657,66.0,307.8333333333333,600.0,10.125,,,,,,,,309.10201139579397,0.7141248849921319,0.0,0.0,0.0,0.0,0.0,0.0,,0.8333333333333334,1,0,0.0,0.07,2.3099999999999996,9.799999999999999,25.619999999999997,2.0,93.94,0.0,0.0,0.0,0.0,,,,,-0.7760242664119349,0.6307030505236345,-0.7760242664119349,0.6307030505236345,-2.5184618506283747,1.4455539408906137,2.0,843.0,0.0,0.03030303030303031,0.0,3,0.0,0.023333333333333334,0.723,0.0,-0.0,15.275,3.0666666666666673,288,10,2016,196
2016-10-15,0.0,0.0,0,0.0,0.8,14.6,7.729166666666667,13.2,9.304166666666667,-6.075782186721265,6.915867142304481,69.125,309.125,600.0,33.125,,,,,,,,318.53967955641264,0.989997100363869,0.0,0.0,0.0,0.0,0.0,0.0,,0.5416666666666666,0,0,0.0,0.0,2.3099999999999996,9.729999999999999,18.689999999999998,2.0,93.94,0.0,0.0,0.0,0.0,,,,,-0.6621012083826919,0.7494144313116602,-0.6621012083826919,0.7494144313116602,-4.199884436571075,4.780593162117972,3.0,844.0,,0.0,0.0,4,0.0,0.0,0.7609444444444445,0.0,-0.0,37.21666666666667,1.5666666666666664,289,10,2016,197
2016-10-16,0.0,6.7,0,0.0,6.3,15.6,10.645833333333334,26.2,16.829166666666666,-8.180020942393027,14.653656729207507,73.45833333333333,255.29166666666666,600.0,94.54166666666667,,,,,,,,331.627209735626,0.9976572253010728,0.0,0.0,0.0,0.0,0.0,0.0,,0.0,0,0,0.0,0.0,2.3099999999999996,9.729999999999999,18.689999999999998,2.0,93.94,0.0,0.0,0.0,0.0,,,,,-0.4752064108066533,0.8798743473520854,-0.4752064108066533,0.8798743473520854,-6.008907050599544,10.76433200566368,4.0,845.0,,0.0,0.0,5,0.0,0.0,0.7483888888888889,0.0,-0.0,84.14583333333333,2.916666666666667,290,10,2016,198
2016-10-17,0.0,13.6,0,0.0,2.1,8.7,5.7375,15.9,10.854166666666666,-8.9615900796215,5.862273113234277,86.20833333333333,215.45833333333334,600.0,74.375,,,,,,,,304.0114799629679,0.9863695571701818,0.0,0.0,0.0,0.0,0.0,0.0,,0.0,0,0,0.0,0.0,1.2599999999999993,7.629999999999999,18.689999999999998,2.0,93.94,0.0,0.0,0.0,0.0,,,,,-0.8289255142621704,0.5593590008261209,-0.8289255142621704,0.5593590008261209,-7.725637447807035,5.053767946367383,5.0,846.0,,0.0,0.0,6,0.0,0.0,0.6243333333333333,0.0,-0.0,65.125,-4.908333333333334,291,10,2016,199
2016-10-18,0.07,11.7,1,0.07,0.8,7.6,3.4583333333333335,18.6,13.0625,-9.173870854864985,9.147287159068426,91.79166666666667,157.875,557.0,80.45833333333333,,,,,,,,314.724760916118,0.9908635497575944,0.8,8.1,8.1,98.0,-5.727564927611036,5.727564927611033,315.0,0.0,0,1,0.07000000000000178,0.07,0.13999999999999913,2.4499999999999993,18.759999999999998,2.0,94.01,0.0,0.0,0.0,0.0,,,,,-0.7104954287957871,0.703701815871105,-0.7071067811865477,0.7071067811865474,-8.420848955528152,8.396447338094895,0.0,847.0,1.0,0.5000000000000032,1.3020000000000003,6,0.014469875,0.07,0.5801111111111111,0.5670000000000001,0.0,78.375,-2.2791666666666663,292,10,2016,200
2016-10-19,0.07,0.5,1,0.07,-1.7,9.0,3.375,12.3,7.2375,-6.681252324899908,1.959601128052484,66.25,289.875,600.0,71.0,,,,,,,,286.5010993151649,0.9435070471829505,0.5,8.5,8.5,97.0,-6.876644452187055,4.99617464448602,306.0,0.041666666666666664,1,1,0.14,0.14,0.13999999999999913,2.4499999999999997,18.83,2.0,94.08,0.0,0.0,0.0,0.0,,,,,-0.9588142853832584,0.2840337412086659,-0.8090169943749476,0.5877852522924729,-4.426329665246189,1.2982357473347708,0.0,848.0,0.5,1.0000000000000064,0.8610000000000001,1,0.014858593750000005,0.14,0.6140833333333333,0.5950000000000001,0.0,7.2375,-0.08333333333333348,293,10,2016,201
2016-10-20,0.0,0.0,0,0.0,-0.8,12.5,5.5874999999999995,14.3,8.220833333333333,-3.7189925882510857,6.881768255029377,64.04166666666667,328.9166666666667,600.0,36.708333333333336,,,,,,,,338.1468586411951,0.9441972452579911,0.0,0.0,0.0,0.0,0.0,0.0,,0.5416666666666666,1,0,0.07000000000000178,0.14,0.13999999999999913,2.4499999999999997,18.83,3.0,94.08,0.0,0.0,0.0,0.0,,,,,-0.3722288385734439,0.9281409869918821,-0.3722288385734439,0.9281409869918821,-2.3817048367258,4.407199086658397,1.0,849.0,0.0,1.0000000000000064,0.0,2,0.0,0.07,0.7105277777777778,0.0,-0.0,16.441666666666666,2.2124999999999995,294,10,2016,202
2016-10-21,0.0,3.0,0,0.0,1.2,16.1,8.779166666666667,13.8,7.683333333333334,-4.656481545017539,5.899185964652324,62.416666666666664,233.875,600.0,74.33333333333333,,,,,,,,323.77027744050633,0.9411263323237541,0.0,0.0,0.0,0.0,0.0,0.0,,0.16666666666666666,0,0,0.0,0.07,0.13999999999999913,2.4499999999999997,18.83,2.0,94.08,0.0,0.0,0.0,0.0,,,,,-0.5910242040602688,0.806653823033726,-0.5910242040602688,0.806653823033726,-2.9064205643484473,3.6820752396038254,2.0,850.0,0.0,0.5000000000000032,0.0,3,0.0,0.023333333333333334,0.6973055555555555,0.0,-0.0,23.05,3.1916666666666673,295,10,2016,203
2016-10-22,3.4299999999999997,15.7,17,0.42,-0.7,6.8,2.5,12.6,8.345833333333333,-4.498903890606106,-5.357224533646989,82.79166666666667,164.875,600.0,87.375,,,,,,,,215.24713110958373,0.7149762212422205,1.1588235294117646,8.711764705882352,10.5,86.94117647058823,-3.809056127759063,-6.718628319910868,209.3828623723313,0.0,1,10,3.4300000000000015,3.4299999999999997,3.569999999999999,5.879999999999999,22.259999999999998,3.0,97.51,0.0,0.0,0.0,0.0,,,,,-0.5771042987778167,-0.8166704527115968,-0.49064314461381664,-0.8713606054002357,-3.724717512764305,-4.435335478481903,0.0,851.0,1.0,0.9607843137254904,43.217999999999996,0,0.6755726590614185,3.4299999999999997,0.537,29.881352941176466,0.0,0.0,-6.279166666666667,296,10,2016,204
2016-10-23,0.63,1.7000000000000002,4,0.35,-1.3,6.6,2.4791666666666665,12.6,9.416666666666666,-3.0733672838686146,-8.692258282213846,78.58333333333333,220.91666666666666,600.0,75.54166666666667,,,,,,,,197.88905385490585,0.980424109692504,0.15000000000000002,10.549999999999999,11.2,90.0,-1.445316968098698,-10.18981419648303,188.22276512197655,0.0,0,2,4.060000000000001,4.06,4.199999999999999,6.51,22.89,3.0,98.14,0.0,0.0,0.0,0.0,,,,,-0.30717481362826077,-0.9516531058492077,-0.14302218659730176,-0.9897194825509532,-2.415154457240086,-6.8306663001063805,0.0,852.0,0.15517241379310345,0.9666666666666668,7.938,1,0.13467874218750003,4.06,0.5558888888888888,6.6465,0.0,9.416666666666666,-0.02083333333333348,297,10,2016,205
2016-10-24,0.0,0.0,0,0.0,-2.0,14.4,6.2,7.8,5.2375,-3.2435273364642234,-1.6275516869689073,66.41666666666667,342.7083333333333,600.0,25.0,,,,,,,,233.03266279732446,0.6113404408965584,0.0,0.0,0.0,0.0,0.0,0.0,,0.6666666666666666,1,0,0.6300000000000018,4.06,4.199999999999999,5.459999999999999,22.89,4.0,98.14,0.0,0.0,0.0,0.0,,,,,-0.7989784589670534,-0.6013596445610833,-0.7989784589670534,-0.6013596445610833,-2.1542427393016554,-1.0809655787618493,1.0,853.0,0.0,0.9666666666666668,0.0,2,0.0,2.03,0.7698611111111111,0.0,-0.0,10.475,3.7208333333333337,298,10,2016,206
2016-10-25,0.0,0.0,0,0.0,1.1,13.8,7.625,12.9,8.0,-5.915892360066884,5.073511178653853,69.25,329.5416666666667,600.0,46.041666666666664,,,,,,,,313.93067199751306,0.9761501483555453,0.0,0.0,0.0,0.0,0.0,0.0,,0.3333333333333333,0,0,0.0,0.63,4.129999999999999,4.27,22.89,4.0,98.14,0.0,0.0,0.0,0.0,,,,,-0.7201798114923756,0.693787459614835,-0.7201798114923756,0.693787459614835,-4.096755459346317,3.5134064912177934,2.0,854.0,0.0,0.15254237288135597,0.0,3,0.0,0.21,0.7571944444444445,0.0,-0.0,24.0,1.4249999999999998,299,10,2016,207
2016-10-26,0.0,0.0,0,0.0,5.1,16.7,10.333333333333334,23.7,11.283333333333333,-6.396203168072894,8.382629546121082,67.79166666666667,257.875,600.0,66.375,,,,,,,,328.84453905928444,0.9122538526268197,0.0,0.0,0.0,0.0,0.0,0.0,,0.041666666666666664,0,0,0.0,0.0,4.06,4.199999999999999,22.89,3.0,98.14,0.0,0.0,0.0,0.0,,,,,-0.5173619327532504,0.8557666916501373,-0.5173619327532504,0.8557666916501373,-4.33609273102275,5.682724279807917,3.0,855.0,,0.0,0.0,4,0.0,0.0,0.7312222222222223,0.0,-0.0,45.13333333333333,2.708333333333334,300,10,2016,208
2016-10-27,0.0,0.4,0,0.0,4.0,11.6,7.420833333333333,9.7,5.891666666666667,1.3873197524095893,-3.6165623243145553,80.54166666666667,213.25,600.0,61.791666666666664,,,,,,,,166.89760022804782,0.4875585283361181,0.0,0.0,0.0,0.0,0.0,0.0,,0.0,0,0,0.0,0.0,4.06,4.199999999999999,20.090000000000003,2.0,98.14,0.0,0.0,0.0,0.0,,,,,0.22669210117134952,-0.9739664733790987,0.22669210117134952,-0.9739664733790987,1.1173704505865567,-2.9128395720416815,4.0,856.0,,0.0,0.0,5,0.0,0.0,0.6684166666666668,0.0,-0.0,29.458333333333332,-2.9125000000000005,301,10,2016,209
2016-10-28,0.0,0.0,0,0.0,3.1,15.3,8.762500000000001,10.4,6.4125000000000005,-0.5754565499120355,0.623884806068233,70.66666666666667,247.54166666666666,600.0,62.666666666666664,,,,,,,,43.49633872551493,0.021794326587143285,0.0,0.0,0.0,0.0,0.0,0.0,,0.125,0,0,0.0,0.0,4.06,4.199999999999999,20.090000000000003,2.0,98.14,0.0,0.0,0.0,0.0,,,,,0.6883082219270149,0.7254183562797892,0.6883082219270149,0.7254183562797892,-0.4066559619378385,0.440878596288218,5.0,857.0,,0.0,0.0,6,0.0,0.0,0.7339166666666667,0.0,-0.0,38.475,1.3416666666666677,302,10,2016,210
2016-10-29,0.0,0.0,0,0.0,4.7,17.1,10.825000000000001,12.0,7.054166666666667,-0.7945781320979108,4.069188106017233,70.79166666666667,314.3333333333333,600.0,57.375,,,,,,,,3.3043277093784997,0.5282153081631245,0.0,0.0,0.0,0.0,0.0,0.0,,0.041666666666666664,0,0,0.0,0.0,0.6299999999999991,4.199999999999999,19.53,1.0,98.14,0.0,0.0,0.0,0.0,,,,,0.057639434325815565,0.9983374657953091,0.057639434325815565,0.9983374657953091,-0.5624951026809795,2.880646080051366,6.0,858.0,,0.0,0.0,6,0.0,0.0,0.7788611111111111,0.0,-0.0,42.325,2.0625,303,10,2016,211
2016-10-30,0.0,10.8,0,0.0,5.1,18.5,11.508333333333333,22.1,15.329166666666666,-7.76914834005214,11.970073302719372,86.08333333333333,227.58333333333334,600.0,70.16666666666667,,,,,,,,332.8828961432544,0.9043967751969864,0.0,0.0,0.0,0.0,0.0,0.0,,0.0,0,0,0.0,0.0,0.0,4.199999999999999,14.0,1.0,98.14,0.0,0.0,0.0,0.0,,,,,-0.455810632025487,0.8900767763134403,-0.455810632025487,0.8900767763134403,-6.687941862728216,10.304238101424259,7.0,859.0,,,0.0,6,0.0,0.0,0.7719999999999999,0.0,-0.0,91.975,0.6833333333333318,304,10,2016,212
2016-10-31,0.14,0.4,2,0.07,-1.3,8.0,2.9125,18.7,12.075000000000001,-10.765728004496053,4.907757501822258,65.95833333333333,304.375,600.0,49.75,,,,,,,,297.8759801105099,0.9782119306930234,-0.95,13.25,13.7,86.5,-11.359781831324533,6.816483291092511,301.0,0.20833333333333334,1,2,0.1400000000000018,0.14,0.13999999999999913,4.339999999999999,14.07,1.0,98.28,0.0,0.0,0.0,0.0,,,,,-0.883961720839835,0.46755927548266807,-0.8571673007021123,0.5150380749100542,-7.100894762965521,3.2370750522435974,0.0,860.0,1.0,1.0000000000000064,2.6180000000000003,0,0.031977421874999995,0.14,0.6005555555555556,1.8550000000000002,0.0,0.0,-8.595833333333333,305,10,2016,213
2016-11-01,0.0,0.5,0,0.0,-1.7,8.0,3.466666666666667,17.3,10.333333333333334,-8.134679218052314,6.100864380165967,71.79166666666667,230.625,600.0,55.541666666666664,,,,,,,,310.4266427447727,0.9803986444223654,0.0,0.0,0.0,0.0,0.0,0.0,,0.20833333333333334,0,0,0.1400000000000018,0.14,0.13999999999999913,4.269999999999999,14.07,1.0,98.28,0.0,0.0,0.0,0.0,,,,,-0.7612368471155819,0.6484739490477072,-0.7612368471155819,0.6484739490477072,-5.840021788626724,4.37991221959415,1.0,861.0,0.0,1.0000000000000064,0.0,1,0.0,0.07,0.5708333333333334,0.0,-0.0,10.333333333333334,0.5541666666666667,306,11,2016,214
2016-11-02,0.0,0.0,0,0.0,1.0,13.5,6.4125000000000005,12.9,8.220833333333333,-6.9321634150173095,4.219518660171937,74.25,287.2916666666667,600.0,46.375,,,,,,,,303.84695007929275,0.9872334556210888,0.0,0.0,0.0,0.0,0.0,0.0,,0.20833333333333334,0,0,0.0,0.14,0.13999999999999913,4.199999999999999,11.97,1.0,98.28,0.0,0.0,0.0,0.0,,,,,-0.8305283430889933,0.5569763651411536,-0.8305283430889933,0.5569763651411536,-5.147131335650353,3.1329926051776638,2.0,862.0,0.0,1.0000000000000064,0.0,2,0.0,0.04666666666666667,0.7390277777777778,0.0,-0.0,16.441666666666666,2.9458333333333337,307,11,2016,215
2016-11-03,0.0,0.0,0,0.0,1.7,15.7,8.4625,11.9,7.033333333333334,-6.004154551695489,3.311222149019065,70.58333333333333,315.125,600.0,29.291666666666668,,,,,,,,302.89556044945647,0.9732536813702368,0.0,0.0,0.0,0.0,0.0,0.0,,0.2916666666666667,0,0,0.0,0.0,0.13999999999999913,4.199999999999999,6.720000000000001,1.0,98.28,0.0,0.0,0.0,0.0,,,,,-0.8396619497635346,0.5431093905644603,-0.8396619497635346,0.5431093905644603,-4.237932421071732,2.33717096684929,3.0,863.0,,0.0,0.0,3,0.0,0.0,0.7786944444444445,0.0,-0.0,21.1,2.05,308,11,2016,216
2016-11-04,0.0,0.0,0,0.0,3.1,15.7,10.170833333333333,19.6,13.3125,-10.097300816023457,8.519944399608631,60.25,349.8333333333333,600.0,27.333333333333332,,,,,,,,311.99309068879785,0.9914302771697275,0.0,0.0,0.0,0.0,0.0,0.0,,0.625,0,0,0.0,0.0,0.13999999999999913,4.199999999999999,6.65,1.0,98.28,0.0,0.0,0.0,0.0,,,,,-0.7432255106871928,0.6690409854887528,-0.7432255106871928,0.6690409854887528,-6.083623741654133,5.133266500764201,4.0,864.0,,0.0,0.0,4,0.0,0.0,0.7673888888888888,0.0,-0.0,53.25,1.7083333333333321,309,11,2016,217
2016-11-05,0.0,1.0,0,0.0,1.9,9.3,5.2749999999999995,22.9,16.4375,-15.696382072189259,4.285628339240735,64.16666666666667,252.5,600.0,53.916666666666664,,,,,,,,286.0278741115026,0.9894972729655486,0.0,0.0,0.0,0.0,0.0,0.0,,0.25,0,0,0.0,0.0,0.13999999999999913,0.7699999999999991,6.65,1.0,98.28,0.0,0.0,0.0,0.0,,,,,-0.9611274859877242,0.2761049722096957,-0.9611274859877242,0.2761049722096957,-10.071845162988108,2.7499448510128053,5.0,865.0,,0.0,0.0,5,0.0,0.0,0.5888888888888889,0.0,-0.0,82.1875,-4.895833333333333,310,11,2016,218
2016-11-06,0.0,0.0,0,0.0,0.4,12.5,5.6625000000000005,14.9,10.941666666666668,-9.866413556958271,3.5560833634005404,73.125,241.0,600.0,81.91666666666667,,,,,,,,293.52056175375753,0.950156137050086,0.0,0.0,0.0,0.0,0.0,0.0,,0.0,0,0,0.0,0.0,0.13999999999999913,0.13999999999999913,6.65,1.0,98.28,0.0,0.0,0.0,0.0,,,,,-0.9169169161358709,0.39907814886796833,-0.9169169161358709,0.39907814886796833,-7.214814913525736,2.6003859594866454,6.0,866.0,,0.0,0.0,6,0.0,0.0,0.6821944444444444,0.0,-0.0,65.65,0.38750000000000107,311,11,2016,219
2016-11-07,0.0,0.0,0,0.0,3.7,17.0,10.820833333333333,25.3,13.083333333333334,-8.569508836880802,9.729407125344283,64.16666666666667,314.25,600.0,73.0,,,,,,,,321.25919605749385,0.9912236548658061,0.0,0.0,0.0,0.0,0.0,0.0,,0.08333333333333333,0,0,0.0,0.0,0.0,0.13999999999999913,6.65,0.0,98.28,0.0,0.0,0.0,0.0,,,,,-0.6257982915075633,0.7799849346918277,-0.6257982915075633,0.7799849346918277,-5.498768170331848,6.243036238762581,7.0,867.0,,,0.0,6,0.0,0.0,0.7567222222222222,0.0,-0.0,78.5,5.158333333333332,312,11,2016,220
2016-11-08,0.0,2.2,0,0.0,7.1,18.6,12.091666666666667,18.2,7.283333333333334,-4.210333173093155,5.151055919292568,64.66666666666667,270.5833333333333,600.0,74.66666666666667,,,,,,,,332.5222239174711,0.8751376830221103,0.0,0.0,0.0,0.0,0.0,0.0,,0.20833333333333334,0,0,0.0,0.0,0.0,0.13999999999999913,6.65,0.0,98.28,0.0,0.0,0.0,0.0,,,,,-0.46140452427395906,0.887189869745773,-0.46140452427395906,0.887189869745773,-2.7226821186002406,3.3310161611425273,8.0,868.0,,,0.0,6,0.0,0.0,0.7292777777777778,0.0,-0.0,43.7,1.270833333333334,313,11,2016,221
2016-11-09,0.0,4.4,0,0.0,7.1,15.9,11.054166666666667,9.4,3.920833333333334,-0.02978063008258225,1.4090246581198975,83.375,232.875,600.0,81.29166666666667,,,,,,,,50.98863613892793,0.3206475613071663,0.0,0.0,0.0,0.0,0.0,0.0,,0.0,0,0,0.0,0.0,0.0,0.13999999999999913,5.6,0.0,98.28,0.0,0.0,0.0,0.0,,,,,0.7770211287851534,0.6294745153073682,0.7770211287851534,0.6294745153073682,-0.02482960033135295,1.1747743087074647,9.0,869.0,,,0.0,6,0.0,0.0,0.7665000000000001,0.0,-0.0,23.525000000000002,-1.0374999999999996,314,11,2016,222
2016-11-10,0.0,0.30000000000000004,0,0.0,6.8,16.0,10.625,13.5,6.304166666666667,-4.098545839967614,2.994017280542139,71.54166666666667,318.625,600.0,57.125,,,,,,,,322.6064863390654,0.7507443545307769,0.0,0.0,0.0,0.0,0.0,0.0,,0.041666666666666664,0,0,0.0,0.0,0.0,0.13999999999999913,4.41,0.0,98.28,0.0,0.0,0.0,0.0,,,,,-0.6072859017624157,0.7944833752323642,-0.6072859017624157,0.7944833752323642,-2.932168003010164,2.141969862787855,10.0,870.0,,,0.0,6,0.0,0.0,0.7842222222222222,0.0,-0.0,37.825,-0.42916666666666714,315,11,2016,223
2016-11-11,0.0,0.0,0,0.0,5.7,18.8,12.145833333333334,10.8,5.6375,-2.3254474506215472,2.192729040077781,60.916666666666664,368.625,600.0,25.875,,,,,,,,352.6523683783153,0.3600953867209217,0.0,0.0,0.0,0.0,0.0,0.0,,0.5833333333333334,0,0,0.0,0.0,0.0,0.13999999999999913,4.34,0.0,98.28,0.0,0.0,0.0,0.0,,,,,-0.12788915484328842,0.9917884674029384,-0.12788915484328842,0.9917884674029384,-1.4165850720036257,1.3357374402473814,11.0,871.0,,,0.0,6,0.0,0.0,0.7821388888888888,0.0,-0.0,33.825,1.520833333333334,316,11,2016,224
2016-11-12,0.0,12.4,0,0.0,8.1,17.2,12.129166666666668,20.5,12.5375,-7.279157571205342,8.222754980542753,79.33333333333333,241.875,600.0,55.75,,,,,,,,329.94047194550615,0.8047228390214579,0.0,0.0,0.0,0.0,0.0,0.0,,0.041666666666666664,0,0,0.0,0.0,0.0,0.13999999999999913,4.34,0.0,98.28,0.0,0.0,0.0,0.0,,,,,-0.5008994962066871,0.8655054561930197,-0.5008994962066871,0.8655054561930197,-5.774798339822905,6.523385617897251,12.0,872.0,,,0.0,6,0.0,0.0,0.7590277777777779,0.0,-0.0,75.225,-0.01666666666666572,317,11,2016,225
2016-11-13,0.07,21.5,1,0.07,3.6,8.4,5.7875000000000005,17.1,11.791666666666666,-7.7309922057027505,8.692653401946622,90.66666666666667,190.66666666666666,600.0,86.0,,,,,,,,317.5797338950312,0.9805888117411721,3.6,7.7,7.7,99.0,-5.051654523226907,5.811263767715344,319.0,0.0,0,1,0.07000000000000178,0.07,0.06999999999999912,0.20999999999999913,4.41,0.0,98.35000000000001,0.0,0.0,0.0,0.0,,,,,-0.6745635446262187,0.7382167867647764,-0.6560590289905074,0.7547095802227719,-7.009432933170494,7.8813390844316045,0.0,873.0,1.0,1.0000000000000127,1.1970000000000003,0,0.010121999999999996,0.07,0.616,0.539,0.0,0.0,-6.341666666666668,318,11,2016,226
2016-11-14,0.0,5.7,0,0.0,4.0,9.1,6.079166666666667,13.0,8.808333333333334,-3.9202726366521183,-7.066710950050907,84.875,217.0,600.0,75.79166666666667,,,,,,,,213.8868222028665,0.8862344132111221,0.0,0.0,0.0,0.0,0.0,0.0,,0.0,0,0,0.07000000000000178,0.07,0.06999999999999912,0.06999999999999912,4.41,0.0,98.35000000000001,0.0,0.0,0.0,0.0,,,,,-0.5575541947670573,-0.8301405422563449,-0.5575541947670573,-0.8301405422563449,-3.327331400358485,-5.997870918855707,1.0,874.0,0.0,1.0000000000000127,0.0,1,0.0,0.035,0.6298055555555555,0.0,-0.0,8.808333333333334,0.2916666666666661,319,11,2016,227
2016-11-15,0.0,0.0,0,0.0,1.6,15.0,8.429166666666667,12.3,6.2124999999999995,-4.060450637440773,-3.690168818218993,69.79166666666667,298.875,600.0,48.291666666666664,,,,,,,,227.01214799057325,0.8245231635593254,0.0,0.0,0.0,0.0,0.0,0.0,,0.2916666666666667,0,0,0.0,0.07,0.06999999999999912,0.06999999999999912,4.41,0.0,98.35000000000001,0.0,0.0,0.0,0.0,,,,,-0.731498284131234,-0.6818432813433454,-0.731498284131234,-0.6818432813433454,-2.833856174047207,-2.5754303210486724,2.0,875.0,0.0,1.0000000000000127,0.0,2,0.0,0.023333333333333334,0.7652222222222221,0.0,-0.0,12.424999999999999,2.3500000000000005,320,11,2016,228
2016-11-16,0.0,0.0,0,0.0,3.4,18.7,11.2125,8.6,5.3500000000000005,0.16765209022515984,-3.789962457957632,66.70833333333333,372.8333333333333,600.0,16.916666666666668,,,,,,,,183.92703916416764,0.5173501192809555,0.0,0.0,0.0,0.0,0.0,0.0,,0.75,0,0,0.0,0.0,0.06999999999999912,0.06999999999999912,4.41,0.0,98.35000000000001,0.0,0.0,0.0,0.0,,,,,-0.06848611267482856,-0.9976520697972268,-0.06848611267482856,-0.9976520697972268,0.11183791518770037,-2.52822078966257,3.0,876.0,,0.0,0.0,3,0.0,0.0,0.80425,0.0,-0.0,16.05,2.783333333333333,321,11,2016,229
2016-11-17,0.0,0.0,0,0.0,5.0,19.8,13.004166666666668,13.5,7.879166666666666,-3.5835903071332864,5.648278669190649,68.25,368.875,600.0,19.0,,,,,,,,337.65802606937723,0.7940318170655277,0.0,0.0,0.0,0.0,0.0,0.0,,0.7916666666666666,0,0,0.0,0.0,0.06999999999999912,0.06999999999999912,4.34,0.0,98.35000000000001,0.0,0.0,0.0,0.0,,,,,-0.3801338508242976,0.9249314868991598,-0.3801338508242976,0.9249314868991598,-2.445800384618468,3.854950191722618,4.0,877.0,,0.0,0.0,4,0.0,0.0,0.8067500000000001,0.0,-0.0,31.516666666666666,1.7916666666666679,322,11,2016,230
2016-11-18,0.0,0.0,0,0.0,8.8,20.8,15.166666666666666,17.1,8.9625,-5.887725187759479,6.438094192224451,64.08333333333333,275.0833333333333,600.0,81.70833333333333,,,,,,,,323.021721636066,0.9761179866825113,0.0,0.0,0.0,0.0,0.0,0.0,,0.08333333333333333,0,0,0.0,0.0,0.06999999999999912,0.06999999999999912,4.27,0.0,98.35000000000001,0.0,0.0,0.0,0.0,,,,,-0.6015122059533439,0.798863609190669,-0.6015122059533439,0.798863609190669,-3.7730505578225326,4.125745361517168,5.0,878.0,,0.0,0.0,5,0.0,0.0,0.7303333333333333,0.0,-0.0,44.8125,2.162499999999998,323,11,2016,231
2016-11-19,0.0,0.2,0,0.0,10.8,21.5,16.099999999999998,13.8,6.408333333333334,-3.540100531041368,2.64251787844449,58.25,329.1666666666667,600.0,46.333333333333336,,,,,,,,319.83907063454666,0.511270914868489,0.0,0.0,0.0,0.0,0.0,0.0,,0.2916666666666667,0,0,0.0,0.0,0.06999999999999912,0.06999999999999912,4.27,0.0,98.35000000000001,0.0,0.0,0.0,0.0,,,,,-0.6449366966175805,0.7642359958520686,-0.6449366966175805,0.7642359958520686,-2.062108559331597,1.5392666641939152,6.0,879.0,,0.0,0.0,6,0.0,0.0,0.7469444444444444,0.0,-0.0,38.45,0.9333333333333318,324,11,2016,232
2016-11-20,0.0,0.4,0,0.0,9.1,22.2,16.066666666666666,11.3,6.170833333333333,-2.9311914891909843,3.5352915738274664,60.791666666666664,294.9583333333333,600.0,44.041666666666664,,,,,,,,333.94001024266817,0.7410532129505234,0.0,0.0,0.0,0.0,0.0,0.0,,0.375,0,0,0.0,0.0,0.0,0.06999999999999912,4.27,0.0,98.35000000000001,0.0,0.0,0.0,0.0,,,,,-0.4393119605837878,0.8983345709077596,-0.4393119605837878,0.8983345709077596,-1.7819201594706857,2.149162669255947,7.0,880.0,,,0.0,6,0.0,0.0,0.7326111111111112,0.0,-0.0,37.025,-0.03333333333333144,325,11,2016,233
2016-11-21,0.0,1.1,0,0.0,10.7,23.6,17.4375,19.1,10.791666666666666,-4.364789836752452,9.353734884452889,56.791666666666664,346.0833333333333,600.0,30.083333333333332,,,,,,,,341.6495934266073,0.9568336878718595,0.0,0.0,0.0,0.0,0.0,0.0,,0.4166666666666667,0,0,0.0,0.0,0.0,0.06999999999999912,0.8400000000000001,0.0,98.35000000000001,0.0,0.0,0.0,0.0,,,,,-0.3148276015425668,0.9491488720464007,-0.3148276015425668,0.9491488720464007,-2.4788368947889965,5.312141936462203,8.0,881.0,,,0.0,6,0.0,0.0,0.753361111111111,0.0,-0.0,64.75,1.3708333333333336,326,11,2016,234
2016-11-22,0.0,5.1000000000000005,0,0.0,11.9,21.0,15.8375,18.8,8.775,-5.648768933376424,5.848021448311438,61.875,294.7916666666667,600.0,79.08333333333333,,,,,,,,320.1027388189546,0.8063409413326955,0.0,0.0,0.0,0.0,0.0,0.0,,0.0,0,0,0.0,0.0,0.0,0.06999999999999912,0.21000000000000002,0.0,98.35000000000001,0.0,0.0,0.0,0.0,,,,,-0.641412959261612,0.7671958131346011,-0.641412959261612,0.7671958131346011,-3.4951757775266623,3.618463271142702,9.0,882.0,,,0.0,6,0.0,0.0,0.7361111111111112,0.0,-0.0,52.650000000000006,-1.5999999999999996,327,11,2016,235
2016-11-23,0.0,32.0,0,0.0,2.6,12.1,8.383333333333333,8.9,5.145833333333333,-2.120821796502026,-1.3171004281018546,92.79166666666667,107.41666666666667,597.0,91.375,,,,,,,,264.997957360514,0.3816049162078189,0.0,0.0,0.0,0.0,0.0,0.0,,0.0,0,0,0.0,0.0,0.0,0.06999999999999912,0.21000000000000002,0.0,98.35000000000001,0.0,0.0,0.0,0.0,,,,,-0.9961915902880759,-0.08719125781472749,-0.9961915902880759,-0.08719125781472749,-1.9679458920041717,-1.2221594389095127,10.0,883.0,,,0.0,6,0.0,0.0,0.6498055555555556,0.0,-0.0,30.875,-7.4541666666666675,328,11,2016,236
2016-11-24,0.0,0.0,0,0.0,2.2,12.4,6.691666666666666,12.4,8.612499999999999,-6.96172376201812,-2.628019181044847,73.125,224.04166666666666,600.0,80.95833333333333,,,,,,,,249.17581876340458,0.8431864509019216,0.0,0.0,0.0,0.0,0.0,0.0,,0.0,0,0,0.0,0.0,0.0,0.06999999999999912,0.21000000000000002,0.0,98.35000000000001,0.0,0.0,0.0,0.0,,,,,-0.9346757230229137,-0.35550146665181787,-0.9346757230229137,-0.35550146665181787,-5.09076050097575,-1.9217390261390446,11.0,884.0,,,0.0,6,0.0,0.0,0.6686666666666667,0.0,-0.0,51.675,-1.6916666666666664,329,11,2016,237
2016-11-25,0.0,0.0,0,0.0,2.1,16.1,9.1125,14.3,7.366666666666667,-6.406111891538349,0.11101971536530768,67.70833333333333,367.5416666666667,600.0,24.75,,,,,,,,270.10378181313513,0.7891723745533001,0.0,0.0,0.0,0.0,0.0,0.0,,0.5,0,0,0.0,0.0,0.0,0.06999999999999912,0.21000000000000002,0.0,98.35000000000001,0.0,0.0,0.0,0.0,,,,,-0.9999983595343976,0.001811333352419855,-0.9999983595343976,0.001811333352419855,-4.33747159322909,0.0751695989452604,12.0,885.0,,,0.0,6,0.0,0.0,0.8040555555555556,0.0,-0.0,44.2,2.4208333333333343,330,11,2016,238
2016-11-26,0.0,0.0,0,0.0,2.4,18.9,10.975,9.5,5.2124999999999995,-3.165581441703599,-0.7775585997494393,67.875,389.0833333333333,600.0,10.708333333333334,,,,,,,,227.7928218664094,0.47357962128511155,0.0,0.0,0.0,0.0,0.0,0.0,,0.8333333333333334,0,0,0.0,0.0,0.0,0.06999999999999912,0.21000000000000002,0.0,98.35000000000001,0.0,0.0,0.0,0.0,,,,,-0.7407204359305479,-0.6718133935810293,-0.7407204359305479,-0.6718133935810293,-2.1486384035563177,-0.527767899579932,13.0,886.0,,,0.0,6,0.0,0.0,0.8189722222222221,0.0,-0.0,31.275,1.862499999999999,331,11,2016,239
2016-11-27,0.0,0.2,0,0.0,5.7,19.8,12.916666666666666,5.7,3.3791666666666664,-0.04640953036971477,0.315121800299556,70.75,340.3333333333333,600.0,29.416666666666668,,,,,,,,13.550963135524087,0.10581804086010269,0.0,0.0,0.0,0.0,0.0,0.0,,0.4166666666666667,0,0,0.0,0.0,0.0,0.0,0.21000000000000002,0.0,98.35000000000001,0.0,0.0,0.0,0.0,,,,,0.23431016965543908,0.9721618920715003,0.23431016965543908,0.9721618920715003,-0.0328347427365732,0.22294867371193586,14.0,887.0,,,0.0,6,0.0,0.0,0.7960555555555556,0.0,-0.0,20.275,1.9416666666666664,332,11,2016,240
2016-11-28,0.0,0.0,0,0.0,7.1,19.2,13.416666666666666,12.4,6.95,-4.861266423720063,4.035821938890808,63.916666666666664,373.2083333333333,600.0,10.708333333333334,,,,,,,,319.0028467845485,0.8228670727289187,0.0,0.0,0.0,0.0,0.0,0.0,,0.75,0,0,0.0,0.0,0.0,0.0,0.21000000000000002,0.0,98.35000000000001,0.0,0.0,0.0,0.0,,,,,-0.6560215298590353,0.754742176084927,-0.6560215298590353,0.754742176084927,-3.10715945582774,2.5795628559410413,15.0,888.0,,,0.0,6,0.0,0.0,0.7951944444444444,0.0,-0.0,41.7,0.5,333,11,2016,241
2016-11-29,0.0,1.8,0,0.0,8.5,18.6,12.987499999999999,13.7,5.020833333333333,-1.6670483739027055,0.725595314265127,64.54166666666667,320.4166666666667,600.0,43.791666666666664,,,,,,,,33.79053394548594,0.15483339693588102,0.0,0.0,0.0,0.0,0.0,0.0,,0.16666666666666666,0,0,0.0,0.0,0.0,0.0,0.21000000000000002,0.0,98.35000000000001,0.0,0.0,0.0,0.0,,,,,0.5561583177914803,0.8310763656556183,0.5561583177914803,0.8310763656556183,-1.0759408046563714,0.4683113090819508,16.0,889.0,,,0.0,6,0.0,0.0,0.7620833333333333,0.0,-0.0,30.125,-0.42916666666666714,334,11,2016,242
2016-11-30,0.0,0.4,0,0.0,7.1,19.9,14.016666666666666,18.2,9.329166666666667,-4.017575514551879,6.073911820964461,57.0,338.9166666666667,600.0,55.25,,,,,,,,337.64777588537015,0.6529269537376504,0.0,0.0,0.0,0.0,0.0,0.0,,0.2916666666666667,0,0,0.0,0.0,0.0,0.0,0.07,0.0,98.35000000000001,0.0,0.0,0.0,0.0,,,,,-0.38029931448373316,0.924863466357712,-0.38029931448373316,0.924863466357712,-2.2900180432945714,3.462129737949742,17.0,890.0,,,0.0,6,0.0,0.0,0.7492777777777778,0.0,-0.0,55.97500000000001,1.0291666666666668,335,11,2016,243
2016-12-01,0.0,0.0,0,0.0,9.2,18.9,13.85,11.3,6.679166666666667,-4.920958798698513,3.956921683862479,58.0,313.625,600.0,63.333333333333336,,,,,,,,319.15247545809444,0.9098944985682852,0.0,0.0,0.0,0.0,0.0,0.0,,0.125,0,0,0.0,0.0,0.0,0.0,0.07,0.0,98.35000000000001,0.0,0.0,0.0,0.0,,,,,-0.6540482760561053,0.7564528092274077,-0.6540482760561053,0.7564528092274077,-2.8541561032451375,2.295014576640238,18.0,891.0,,,0.0,6,0.0,0.0,0.73575,0.0,-0.0,40.075,-0.16666666666666607,336,12,2016,244
2016-12-02,0.0,1.5,0,0.0,8.3,19.8,14.304166666666667,22.0,10.512500000000001,-8.737946041424335,5.118992053282841,55.708333333333336,368.4166666666667,600.0,49.916666666666664,,,,,,,,309.5036097684972,0.9455568874582582,0.0,0.0,0.0,0.0,0.0,0.0,,0.3333333333333333,0,0,0.0,0.0,0.0,0.0,0.07,0.0,98.35000000000001,0.0,0.0,0.0,0.0,,,,,-0.7715845074365376,0.6361268331739478,-0.7715845074365376,0.6361268331739478,-4.867764107243473,2.8517051563496496,19.0,892.0,,,0.0,6,0.0,0.0,0.7646388888888889,0.0,-0.0,63.075,0.4541666666666675,337,12,2016,245
2016-12-03,0.0,0.0,0,0.0,10.4,21.1,15.454166666666666,16.6,7.445833333333334,-5.4266002343161865,3.713401031953385,50.75,384.4583333333333,600.0,24.083333333333332,,,,,,,,326.92004895557136,0.655351652024753,0.0,0.0,0.0,0.0,0.0,0.0,,0.5416666666666666,0,0,0.0,0.0,0.0,0.0,0.07,0.0,98.35000000000001,0.0,0.0,0.0,0.0,,,,,-0.5458087928137371,0.8379097574841882,-0.5458087928137371,0.8379097574841882,-2.7539996189154645,1.884551023716343,20.0,893.0,,,0.0,6,0.0,0.0,0.7588055555555555,0.0,-0.0,44.675000000000004,1.1499999999999986,338,12,2016,246
2016-12-04,0.0,2.1,0,0.0,8.6,23.3,16.337500000000002,15.0,7.341666666666666,-3.517810113078245,4.954592737255963,55.041666666666664,292.3333333333333,600.0,76.875,,,,,,,,339.0410588269561,0.808741439497902,0.0,0.0,0.0,0.0,0.0,0.0,,0.125,0,0,0.0,0.0,0.0,0.0,0.07,0.0,98.35000000000001,0.0,0.0,0.0,0.0,,,,,-0.35769884291304166,0.9338369974351365,-0.35769884291304166,0.9338369974351365,-1.936261316406817,2.7270904191313026,21.0,894.0,,,0.0,6,0.0,0.0,0.7116944444444444,0.0,-0.0,44.05,0.8833333333333364,339,12,2016,247
2016-12-05,0.0,17.1,0,0.0,12.1,22.9,16.3,16.6,7.145833333333333,-4.267841011105319,4.459909683107482,83.54166666666667,265.0416666666667,600.0,86.41666666666667,,,,,,,,323.35047589945896,0.8411666936179423,0.0,0.0,0.0,0.0,0.0,0.0,,0.0,0,0,0.0,0.0,0.0,0.0,0.07,0.0,98.35000000000001,0.0,0.0,0.0,0.0,,,,,-0.5969185743544811,0.8023018232502116,-0.5969185743544811,0.8023018232502116,-3.565425511360902,3.7258828810960427,22.0,895.0,,,0.0,6,0.0,0.0,0.7885,0.0,-0.0,42.875,-0.03750000000000142,340,12,2016,248
2016-12-06,0.0,2.9,0,0.0,10.5,17.8,14.570833333333333,16.3,8.254166666666666,-6.0606880737994855,4.967279450767509,74.5,246.20833333333334,600.0,93.5,,,,,,,,311.8438964116265,0.9291989826941982,0.0,0.0,0.0,0.0,0.0,0.0,,0.0,0,0,0.0,0.0,0.0,0.0,0.07,0.0,98.35000000000001,0.0,0.0,0.0,0.0,,,,,-0.7449651258194159,0.6671034112586008,-0.7449651258194159,0.6671034112586008,-4.515212614980617,3.7006231908217946,23.0,896.0,,,0.0,6,0.0,0.0,0.7458055555555556,0.0,-0.0,49.525,-1.7291666666666679,341,12,2016,249
2016-12-07,0.0,0.0,0,0.0,8.2,18.7,13.325000000000001,12.8,7.1499999999999995,-5.119756644805785,4.775345642187183,59.833333333333336,388.4166666666667,600.0,5.583333333333333,,,,,,,,318.3652379744048,0.9763081016515134,0.0,0.0,0.0,0.0,0.0,0.0,,0.9166666666666666,0,0,0.0,0.0,0.0,0.0,0.07,0.0,98.35000000000001,0.0,0.0,0.0,0.0,,,,,-0.6643797883555479,0.7473951410228978,-0.6643797883555479,0.7473951410228978,-3.0633210591421283,2.8572484759086647,24.0,897.0,,,0.0,6,0.0,0.0,0.7917222222222223,0.0,-0.0,42.9,-1.2458333333333318,342,12,2016,250
2016-12-08,0.0,9.5,0,0.0,5.5,20.8,12.133333333333333,30.1,14.266666666666666,-9.099223043250584,10.363039871552012,68.375,293.125,600.0,62.666666666666664,,,,,,,,320.5992157364457,0.9520315583813741,0.0,0.0,0.0,0.0,0.0,0.0,,0.16666666666666666,0,0,0.0,0.0,0.0,0.0,0.07,0.0,98.35000000000001,0.0,0.0,0.0,0.0,,,,,-0.6347410903054528,0.7727248852456126,-0.6347410903054528,0.7727248852456126,-6.221593755822587,7.085728512173688,25.0,898.0,,,0.0,6,0.0,0.0,0.7566666666666667,0.0,-0.0,85.6,-1.1916666666666682,343,12,2016,251
2016-12-09,0.0,2.2,0,0.0,3.5,12.6,7.3374999999999995,16.9,9.966666666666667,-8.789839514717317,-2.220160783269949,70.125,306.375,600.0,51.5,,,,,,,,252.25459117910486,0.8284008925256149,0.0,0.0,0.0,0.0,0.0,0.0,,0.2916666666666667,0,0,0.0,0.0,0.0,0.0,0.07,0.0,98.35000000000001,0.0,0.0,0.0,0.0,,,,,-0.9524202257252393,-0.30478798143871133,-0.9524202257252393,-0.30478798143871133,-6.163874959695518,-1.5568877492680517,26.0,899.0,,,0.0,6,0.0,0.0,0.718,0.0,-0.0,59.8,-4.795833333333333,344,12,2016,252
2016-12-10,0.0,0.0,0,0.0,2.2,17.9,10.533333333333333,10.6,4.9875,-1.7514396444913791,0.20124901897887618,64.625,381.375,600.0,11.708333333333334,,,,,,,,217.71370640769422,0.11718337154602954,0.0,0.0,0.0,0.0,0.0,0.0,,0.7083333333333334,0,0,0.0,0.0,0.0,0.0,0.07,0.0,98.35000000000001,0.0,0.0,0.0,0.0,,,,,-0.6117163007168676,-0.7910772196424765,-0.6117163007168676,-0.7910772196424765,-1.1318678702525538,0.13005717851509874,27.0,900.0,,,0.0,6,0.0,0.0,0.8029999999999999,0.0,-0.0,29.924999999999997,3.1958333333333337,345,12,2016,253
2016-12-11,0.0,0.0,0,0.0,7.1,19.8,12.945833333333333,7.2,4.5375000000000005,0.9769174934828145,-0.1915213096688966,69.41666666666667,352.125,600.0,36.25,,,,,,,,100.51899124174983,0.3353603075883277,0.0,0.0,0.0,0.0,0.0,0.0,,0.3333333333333333,0,0,0.0,0.0,0.0,0.0,0.07,0.0,98.35000000000001,0.0,0.0,0.0,0.0,,,,,0.9831944498199824,-0.18256142484978052,0.9831944498199824,-0.18256142484978052,0.6781435600593204,-0.1329477091284924,28.0,901.0,,,0.0,6,0.0,0.0,0.7994722222222223,0.0,-0.0,27.225,2.4124999999999996,346,12,2016,254
2016-12-12,0.0,0.0,0,0.0,8.3,21.5,15.237499999999999,12.2,7.125,-3.8110405562326974,4.107500198725007,62.583333333333336,395.0,600.0,31.583333333333332,,,,,,,,325.2083545577068,0.729307590796434,0.0,0.0,0.0,0.0,0.0,0.0,,0.5833333333333334,0,0,0.0,0.0,0.0,0.0,0.07,0.0,98.35000000000001,0.0,0.0,0.0,0.0,,,,,-0.5705938261238183,0.8212324187398973,-0.5705938261238183,0.8212324187398973,-2.38507621477563,2.5706105410354003,29.0,902.0,,,0.0,6,0.0,0.0,0.8052777777777779,0.0,-0.0,42.75,2.291666666666666,347,12,2016,255
2016-12-13,0.0,0.0,0,0.0,9.8,23.4,17.283333333333335,23.7,11.608333333333334,-8.023125790618556,7.783545552519107,44.791666666666664,326.8333333333333,600.0,93.54166666666667,,,,,,,,321.4643442940294,0.9556027070628205,0.0,0.0,0.0,0.0,0.0,0.0,,0.0,0,0,0.0,0.0,0.0,0.0,0.0,0.0,98.35000000000001,0.0,0.0,0.0,0.0,,,,,-0.6230015405302768,0.7822206085861596,-0.6230015405302768,0.7822206085861596,-3.593691760381228,3.4863797787325166,30.0,903.0,,,0.0,6,0.0,0.0,0.7005277777777777,0.0,-0.0,69.65,2.045833333333336,348,12,2016,256
2016-12-14,0.0,5.4,0,0.0,9.6,18.4,14.679166666666667,21.3,9.670833333333333,-7.643083337329569,5.577161686056946,70.875,229.125,600.0,91.75,,,,,,,,307.42633700385784,0.888501114698399,0.0,0.0,0.0,0.0,0.0,0.0,,0.0,0,0,0.0,0.0,0.0,0.0,0.0,0.0,98.35000000000001,0.0,0.0,0.0,0.0,,,,,-0.7941353457249057,0.6077409420718538,-0.7941353457249057,0.6077409420718538,-5.417035315332332,3.95281334499286,31.0,904.0,,,0.0,6,0.0,0.0,0.7223333333333333,0.0,-0.0,58.02499999999999,-2.604166666666668,349,12,2016,257
2016-12-15,0.0,0.0,0,0.0,6.3,18.2,11.829166666666666,6.4,4.4875,3.4907975607155026,-0.5493761932088415,76.0,243.375,600.0,92.04166666666667,,,,,,,,90.37188545703478,0.7255623900684721,0.0,0.0,0.0,0.0,0.0,0.0,,0.0,0,0,0.0,0.0,0.0,0.0,0.0,0.0,98.35000000000001,0.0,0.0,0.0,0.0,,,,,0.9999789359631843,-0.006490580092550767,0.9999789359631843,-0.006490580092550767,2.6530061461437824,-0.4175259068387195,32.0,905.0,,,0.0,6,0.0,0.0,0.7489166666666667,0.0,-0.0,26.924999999999997,-2.8500000000000014,350,12,2016,258
2016-12-16,0.0,9.7,0,0.0,8.8,13.1,10.754166666666668,6.0,4.783333333333333,2.2014115352805654,1.463576653189472,95.20833333333333,74.54166666666667,262.0,87.70833333333333,,,,,,,,51.081252557922255,0.5279985418510406,0.0,0.0,0.0,0.0,0.0,0.0,,0.0,0,0,0.0,0.0,0.0,0.0,0.0,0.0,98.35000000000001,0.0,0.0,0.0,0.0,,,,,0.7780376344740456,0.6282176687598268,0.7780376344740456,0.6282176687598268,2.0959272325483713,1.3934469385574764,33.0,906.0,,,0.0,6,0.0,0.0,0.6581666666666667,0.0,-0.0,28.7,-1.0749999999999975,351,12,2016,259
2016-12-17,0.0,1.9,0,0.0,7.4,18.5,13.029166666666667,26.1,11.5875,-9.889252480112143,5.084080371060194,72.95833333333333,325.2083333333333,600.0,48.583333333333336,,,,,,,,295.3730049369452,0.9207353248973075,0.0,0.0,0.0,0.0,0.0,0.0,,0.2916666666666667,0,0,0.0,0.0,0.0,0.0,0.0,0.0,98.35000000000001,0.0,0.0,0.0,0.0,,,,,-0.9035372865524218,0.42850947691910707,-0.9035372865524218,0.42850947691910707,-7.21503378861515,3.7092603040526666,34.0,907.0,,,0.0,6,0.0,0.0,0.7933333333333333,0.0,-0.0,69.525,2.2749999999999986,352,12,2016,260
2016-12-18,0.0,0.0,0,0.0,2.5,17.1,9.799999999999999,8.7,5.529166666666666,2.004129081035827,-4.175793521666422,62.166666666666664,401.9583333333333,600.0,13.75,,,,,,,,164.3125427026604,0.8297136688766232,0.0,0.0,0.0,0.0,0.0,0.0,,0.7916666666666666,0,0,0.0,0.0,0.0,0.0,0.0,0.0,98.35000000000001,0.0,0.0,0.0,0.0,,,,,0.27038969523934087,-0.9627509608971452,0.27038969523934087,-0.9627509608971452,1.2459002453772725,-2.595951639302625,35.0,908.0,,,0.0,6,0.0,0.0,0.8085277777777776,0.0,-0.0,33.175,-3.229166666666668,353,12,2016,261
2016-12-19,0.0,0.0,0,0.0,5.2,19.0,12.495833333333332,14.3,8.387500000000001,-3.798419400789277,5.992552117529287,63.375,397.2916666666667,600.0,10.666666666666666,,,,,,,,338.7169794587782,0.7788925644459193,0.0,0.0,0.0,0.0,0.0,0.0,,0.8333333333333334,0,0,0.0,0.0,0.0,0.0,0.0,0.0,98.35000000000001,0.0,0.0,0.0,0.0,,,,,-0.36297511019670325,0.9317988352523795,-0.36297511019670325,0.9317988352523795,-2.4072482952502043,3.7977799044841856,36.0,909.0,,,0.0,6,0.0,0.0,0.8094444444444445,0.0,-0.0,50.325,2.695833333333333,354,12,2016,262
2016-12-20,0.0,1.4000000000000001,0,0.0,8.5,17.9,13.137500000000001,22.6,10.704166666666666,-7.035219261926535,7.628293091794866,66.70833333333333,286.9583333333333,600.0,38.75,,,,,,,,319.0380194212013,0.9714987879398788,0.0,0.0,0.0,0.0,0.0,0.0,,0.5,0,0,0.0,0.0,0.0,0.0,0.0,0.0,98.35000000000001,0.0,0.0,0.0,0.0,,,,,-0.6555580864221833,0.7551447512407705,-0.6555580864221833,0.7551447512407705,-4.693077515976825,5.088707183318158,37.0,910.0,,,0.0,6,0.0,0.0,0.7469999999999999,0.0,-0.0,64.225,0.6416666666666693,355,12,2016,263
2016-12-21,0.0,0.0,0,0.0,7.1,21.6,14.129166666666668,8.8,6.591666666666668,-3.8578109990579,0.9682478934119985,60.291666666666664,390.7083333333333,600.0,4.416666666666667,,,,,,,,285.1147867891126,0.5851972963648399,0.0,0.0,0.0,0.0,0.0,0.0,,0.9166666666666666,0,0,0.0,0.0,0.0,0.0,0.0,0.0,98.35000000000001,0.0,0.0,0.0,0.0,,,,,-0.9654053682044692,0.2607536673605824,-0.9654053682044692,0.2607536673605824,-2.325938548181992,0.5837727924029841,38.0,911.0,,,0.0,6,0.0,0.0,0.7947777777777777,0.0,-0.0,39.550000000000004,0.9916666666666671,356,12,2016,264
2016-12-22,0.0,0.1,0,0.0,7.7,22.6,14.966666666666667,7.9,4.545833333333333,1.9932439349869684,-2.0389178147587748,66.58333333333333,352.5833333333333,600.0,23.75,,,,,,,,146.60076714918637,0.4128670625045551,0.0,0.0,0.0,0.0,0.0,0.0,,0.4166666666666667,0,0,0.0,0.0,0.0,0.0,0.0,0.0,98.35000000000001,0.0,0.0,0.0,0.0,,,,,0.5504695620245585,-0.8348552337288727,0.5504695620245585,-0.8348552337288727,1.3271682533788232,-1.3575794449935505,39.0,912.0,,,0.0,6,0.0,0.0,0.7903333333333332,0.0,-0.0,27.275,0.8374999999999986,357,12,2016,265
2016-12-23,0.0,0.8,0,0.0,9.6,23.3,16.6875,10.8,6.204166666666667,-1.3906260467138856,3.3078212708028634,67.33333333333333,353.6666666666667,600.0,28.916666666666668,,,,,,,,358.77316846051497,0.5237992926443663,0.0,0.0,0.0,0.0,0.0,0.0,,0.6666666666666666,0,0,0.0,0.0,0.0,0.0,0.0,0.0,98.35000000000001,0.0,0.0,0.0,0.0,,,,,-0.021410613571616607,0.9997707665392537,-0.021410613571616607,0.9997707665392537,-0.9363548714540163,2.2272663223405944,40.0,913.0,,,0.0,6,0.0,0.0,0.7935555555555555,0.0,-0.0,37.225,1.7208333333333332,358,12,2016,266
2016-12-24,0.0,6.8,0,0.0,11.6,22.8,16.504166666666666,7.9,4.754166666666666,-0.686795476421835,2.4650443462978564,70.375,300.1666666666667,600.0,68.66666666666667,,,,,,,,358.34066102854405,0.4893685598174723,0.0,0.0,0.0,0.0,0.0,0.0,,0.125,0,0,0.0,0.0,0.0,0.0,0.0,0.0,98.35000000000001,0.0,0.0,0.0,0.0,,,,,-0.02895688020246118,0.9995806616221325,-0.02895688020246118,0.9995806616221325,-0.48333231653186637,1.7347749587071164,41.0,914.0,,,0.0,6,0.0,0.0,0.7680277777777778,0.0,-0.0,28.525,-0.18333333333333357,359,12,2016,267
2016-12-25,0.0,0.0,0,0.0,11.8,24.4,18.3625,7.6,3.891666666666667,0.2742277418767389,3.5271130000952713,57.0,331.125,600.0,24.875,,,,,,,,13.17210566727709,0.9073662443167837,0.0,0.0,0.0,0.0,0.0,0.0,,0.5833333333333334,0,0,0.0,0.0,0.0,0.0,0.0,0.0,98.35000000000001,0.0,0.0,0.0,0.0,,,,,0.22787685817568912,0.9736899596421732,0.22787685817568912,0.9736899596421732,0.15630981286974116,2.0104544100543045,42.0,915.0,,,0.0,6,0.0,0.0,0.7440833333333333,0.0,-0.0,23.35,1.8583333333333343,360,12,2016,268
2016-12-26,0.0,0.1,0,0.0,12.0,21.9,17.541666666666668,13.6,8.033333333333333,-3.787302731071574,3.8811602785216626,65.41666666666667,286.0416666666667,600.0,75.0,,,,,,,,313.7777012883043,0.5345582642152759,0.0,0.0,0.0,0.0,0.0,0.0,,0.125,0,0,0.0,0.0,0.0,0.0,0.0,0.0,98.35000000000001,0.0,0.0,0.0,0.0,,,,,-0.7220295458209889,0.6918622225281104,-0.7220295458209889,0.6918622225281104,-2.477527203242655,2.538925682199588,43.0,916.0,,,0.0,6,0.0,0.0,0.7420833333333334,0.0,-0.0,48.2,-0.8208333333333329,361,12,2016,269
2016-12-27,0.0,5.6000000000000005,0,0.0,13.3,19.8,16.404166666666665,10.1,5.333333333333333,2.7067997546635887,2.0551170243187316,85.0,133.375,395.0,88.83333333333333,,,,,,,,62.20575000926352,0.7077556899179333,0.0,0.0,0.0,0.0,0.0,0.0,,0.0,0,0,0.0,0.0,0.0,0.0,0.0,0.0,98.35000000000001,0.0,0.0,0.0,0.0,,,,,0.8846277757350577,0.46629786445794974,0.8846277757350577,0.46629786445794974,2.30077979146405,1.7468494706709219,44.0,917.0,,,0.0,6,0.0,0.0,0.7055833333333333,0.0,-0.0,32.0,-1.1375000000000028,362,12,2016,270
2016-12-28,0.0,0.3,0,0.0,13.5,22.2,18.275000000000002,17.1,10.6125,-2.9765217290338604,9.165687442213338,67.83333333333333,180.41666666666666,550.0,96.75,,,,,,,,347.33740160094754,0.8664110485581623,0.0,0.0,0.0,0.0,0.0,0.0,,0.0,0,0,0.0,0.0,0.0,0.0,0.0,0.0,98.35000000000001,0.0,0.0,0.0,0.0,,,,,-0.21920934706211276,0.975677847529912,-0.21920934706211276,0.975677847529912,-2.019073906194635,6.217391314968047,45.0,918.0,,,0.0,6,0.0,0.0,0.6797222222222222,0.0,-0.0,63.675000000000004,1.8708333333333371,363,12,2016,271
2016-12-29,0.0,21.8,0,0.0,15.6,19.8,17.1875,8.9,7.145833333333333,-4.2077042278672145,5.662750453358094,88.45833333333333,94.25,382.0,91.625,,,,,,,,324.5727660697552,0.9859839978561038,0.0,0.0,0.0,0.0,0.0,0.0,,0.0,0,0,0.0,0.0,0.0,0.0,0.0,0.0,98.35000000000001,0.0,0.0,0.0,0.0,,,,,-0.5796685548605506,0.8148523587165228,-0.5796685548605506,0.8148523587165228,-3.7220650315675403,5.009174671866347,46.0,919.0,,,0.0,6,0.0,0.0,0.6910277777777777,0.0,-0.0,42.875,-1.0875000000000021,364,12,2016,272
2016-12-30,0.0,16.6,0,0.0,15.7,22.5,18.3125,14.3,9.075000000000001,-5.973779811555403,6.7204309543877985,90.45833333333333,216.33333333333334,600.0,77.83333333333333,,,,,,,,319.636392422641,0.9906935457467765,0.0,0.0,0.0,0.0,0.0,0.0,,0.041666666666666664,0,0,0.0,0.0,0.0,0.0,0.0,0.0,98.35000000000001,0.0,0.0,0.0,0.0,,,,,-0.6476360659001222,0.7619498186530479,-0.6476360659001222,0.7619498186530479,-5.403781654536158,6.079189834156629,47.0,920.0,,,0.0,6,0.0,0.0,0.7790833333333333,0.0,-0.0,54.45,1.125,365,12,2016,273
2016-12-31,0.0,0.0,0,0.0,14.1,23.8,18.375,13.7,8.070833333333333,-5.9819865045114575,5.0277689485878,68.33333333333333,387.1666666666667,600.0,28.291666666666668,,,,,,,,313.87214224736994,0.9496513151761148,0.0,0.0,0.0,0.0,0.0,0.0,,0.6666666666666666,0,0,0.0,0.0,0.0,0.0,0.0,0.0,98.35000000000001,0.0,0.0,0.0,0.0,,,,,-0.7208881650581301,0.6930514075298615,-0.7208881650581301,0.6930514075298615,-4.0876907780828295,3.43564211486833,48.0,921.0,,,0.0,6,0.0,0.0,0.8192222222222222,0.0,-0.0,48.425,0.0625,366,12,2016,274
2017-01-01,0.0,0.30000000000000004,0,0.0,10.5,18.5,14.670833333333334,21.2,10.195833333333333,-7.697005054520107,5.113878236614184,66.875,207.5,594.0,65.125,,,,,,,,310.2854722368628,0.7891733025140759,0.0,0.0,0.0,0.0,0.0,0.0,,0.25,0,0,0.0,0.0,0.0,0.0,0.0,0.0,98.35000000000001,0.0,0.0,0.0,0.0,,,,,-0.7628323034474226,0.6465963785988129,-0.7628323034474226,0.6465963785988129,-5.1473721302103215,3.419906070735735,49.0,922.0,,,0.0,6,0.0,0.0,0.6945833333333334,0.0,-0.0,61.175,-3.7041666666666657,1,1,2016,275
2017-01-02,0.0,0.4,0,0.0,8.0,18.5,12.237499999999999,13.1,7.0375000000000005,1.6154052682976203,-5.1108564569344175,82.0,369.9583333333333,600.0,51.833333333333336,,,,,,,,150.7100426311016,0.7077249873113794,0.0,0.0,0.0,0.0,0.0,0.0,,0.2916666666666667,0,0,0.0,0.0,0.0,0.0,0.0,0.0,98.35000000000001,0.0,0.0,0.0,0.0,,,,,0.4892295905652922,-0.8721550365131858,0.4892295905652922,-0.8721550365131858,1.3246323200040486,-4.190902294686222,50.0,923.0,,,0.0,6,0.0,0.0,0.8533055555555555,0.0,-0.0,42.225,-2.4333333333333353,2,1,2016,276
2017-01-03,0.0,0.1,0,0.0,7.2,20.4,13.654166666666667,15.8,8.566666666666666,6.037600448949831,-0.6469572360013061,66.83333333333333,375.0833333333333,600.0,43.875,,,,,,,,88.58216569601719,0.5454173886569483,0.0,0.0,0.0,0.0,0.0,0.0,,0.3333333333333333,0,0,0.0,0.0,0.0,0.0,0.0,0.0,98.35000000000001,0.0,0.0,0.0,0.0,,,,,0.9996938364133733,0.02474335137186843,0.9996938364133733,0.02474335137186843,4.03512963338147,-0.4323830860608729,51.0,924.0,,,0.0,6,0.0,0.0,0.8061666666666666,0.0,-0.0,51.4,1.4166666666666679,3,1,2016,277
2017-01-04,0.0,3.2,0,0.0,9.5,18.8,14.208333333333334,10.5,4.7625,1.019971734622179,1.968847101640956,80.79166666666667,254.0,600.0,91.41666666666667,,,,,,,,15.533932906277169,0.2859226122581041,0.0,0.0,0.0,0.0,0.0,0.0,,0.0,0,0,0.0,0.0,0.0,0.0,0.0,0.0,98.35000000000001,0.0,0.0,0.0,0.0,,,,,0.2678090305828087,0.9634720147146445,0.2678090305828087,0.9634720147146445,0.8240521639301689,1.5906643875340893,52.0,925.0,,,0.0,6,0.0,0.0,0.7719722222222223,0.0,-0.0,28.575000000000003,0.5541666666666671,4,1,2016,278
2017-01-05,0.0,6.0,0,0.0,11.8,19.3,15.091666666666667,11.0,5.604166666666667,0.8150616093739762,-1.0389102306273343,75.33333333333333,278.0416666666667,600.0,51.708333333333336,,,,,,,,163.55319489588655,0.09771446783758451,0.0,0.0,0.0,0.0,0.0,0.0,,0.20833333333333334,0,0,0.0,0.0,0.0,0.0,0.0,0.0,98.35000000000001,0.0,0.0,0.0,0.0,,,,,0.28312502917834903,-0.9590830088437388,0.28312502917834903,-0.9590830088437388,0.6140130790617286,-0.7826457070725918,53.0,926.0,,,0.0,6,0.0,0.0,0.7698055555555556,0.0,-0.0,33.625,0.8833333333333329,5,1,2016,279
2017-01-06,0.0,1.0,0,0.0,10.8,21.3,16.170833333333334,12.3,6.8125,2.2717037420555077,-0.4328762753738576,62.833333333333336,318.9166666666667,600.0,23.375,,,,,,,,85.32172802412518,0.23990557688294506,0.0,0.0,0.0,0.0,0.0,0.0,,0.625,0,0,0.0,0.0,0.0,0.0,0.0,0.0,98.35000000000001,0.0,0.0,0.0,0.0,,,,,0.9966683883299693,0.08156055237516154,0.9966683883299693,0.08156055237516154,1.427387184591544,-0.27199059302657386,54.0,927.0,,,0.0,6,0.0,0.0,0.755388888888889,0.0,-0.0,40.875,1.0791666666666675,6,1,2016,280
2017-01-07,0.0,0.0,0,0.0,11.6,22.7,17.841666666666665,13.1,8.4625,-6.1336445001270015,1.1705918579514742,63.75,315.1666666666667,600.0,42.583333333333336,,,,,,,,286.26107460980546,0.6978370838128962,0.0,0.0,0.0,0.0,0.0,0.0,,0.4583333333333333,0,0,0.0,0.0,0.0,0.0,0.0,0.0,98.35000000000001,0.0,0.0,0.0,0.0,,,,,-0.9599957487486896,0.2800145753071484,-0.9599957487486896,0.2800145753071484,-3.9101983688309634,0.7462523094440648,55.0,928.0,,,0.0,6,0.0,0.0,0.7559444444444444,0.0,-0.0,50.775000000000006,1.6708333333333307,7,1,2016,281
2017-01-08,0.0,0.0,0,0.0,15.5,22.2,18.599999999999998,22.8,15.308333333333332,-12.261039994774391,8.926881665916087,59.791666666666664,245.875,600.0,69.5,,,,,,,,307.8871421532558,0.9878705516539202,0.0,0.0,0.0,0.0,0.0,0.0,,0.2916666666666667,0,0,0.0,0.0,0.0,0.0,0.0,0.0,98.35000000000001,0.0,0.0,0.0,0.0,,,,,-0.7892219177872886,0.6141081048839482,-0.7892219177872886,0.6141081048839482,-7.331080163542188,5.337531329412327,56.0,929.0,,,0.0,6,0.0,0.0,0.6965555555555557,0.0,-0.0,91.85,0.7583333333333329,8,1,2016,282
2017-01-09,0.0,19.3,0,0.0,13.5,23.4,17.204166666666666,23.3,14.770833333333334,-11.609957062604316,8.577796147456011,78.70833333333333,207.16666666666666,600.0,73.375,,,,,,,,310.69080855109763,0.9739654618275575,0.0,0.0,0.0,0.0,0.0,0.0,,0.20833333333333334,0,0,0.0,0.0,0.0,0.0,0.0,0.0,98.35000000000001,0.0,0.0,0.0,0.0,,,,,-0.7582389367502251,0.6519767747365608,-0.7582389367502251,0.6519767747365608,-9.13800370469148,6.751440384393502,57.0,930.0,,,0.0,6,0.0,0.0,0.7338055555555556,0.0,-0.0,88.625,-1.3958333333333321,9,1,2016,283
2017-01-10,0.0,0.2,0,0.0,12.2,21.2,16.920833333333334,17.6,13.004166666666668,-10.911106082767644,6.964944175637989,80.66666666666667,350.2916666666667,600.0,31.375,,,,,,,,303.0792493317365,0.9952242570799329,0.0,0.0,0.0,0.0,0.0,0.0,,0.3333333333333333,0,0,0.0,0.0,0.0,0.0,0.0,0.0,98.35000000000001,0.0,0.0,0.0,0.0,,,,,-0.8379164420490923,0.5457985307270349,-0.8379164420490923,0.5457985307270349,-8.801625573432567,5.618388301681311,58.0,931.0,,,0.0,6,0.0,0.0,0.83575,0.0,-0.0,78.025,-0.28333333333333144,10,1,2016,284
2017-01-11,0.0,0.1,0,0.0,13.0,22.9,18.070833333333333,24.6,16.766666666666666,-14.904297672819453,7.43732476167061,67.08333333333333,368.6666666666667,600.0,19.541666666666668,,,,,,,,299.0199667494036,0.9892131072086118,0.0,0.0,0.0,0.0,0.0,0.0,,0.5833333333333334,0,0,0.0,0.0,0.0,0.0,0.0,0.0,98.35000000000001,0.0,0.0,0.0,0.0,,,,,-0.8744507049033153,0.48511438310371185,-0.8744507049033153,0.48511438310371185,-9.998299688849716,4.989205360954034,59.0,932.0,,,0.0,6,0.0,0.0,0.8027222222222222,0.0,-0.0,100.6,1.1499999999999986,11,1,2016,285
2017-01-12,0.0,0.0,0,0.0,10.8,24.7,17.6875,10.8,6.779166666666666,-4.432695032334024,3.189883726592035,56.0,389.9583333333333,600.0,0.75,,,,,,,,305.5801670818004,0.7468786233230754,0.0,0.0,0.0,0.0,0.0,0.0,,1.0,0,0,0.0,0.0,0.0,0.0,0.0,0.0,98.35000000000001,0.0,0.0,0.0,0.0,,,,,-0.8133022140350786,0.5818414806849364,-0.8133022140350786,0.5818414806849364,-2.4823092181070536,1.7863348868915394,60.0,933.0,,,0.0,6,0.0,0.0,0.7799722222222222,0.0,-0.0,40.675,-0.38333333333333286,12,1,2016,286
2017-01-13,0.0,12.3,0,0.0,15.4,24.5,18.533333333333335,32.1,22.366666666666664,-17.70250181495494,12.967860789208702,59.708333333333336,208.66666666666666,600.0,80.08333333333333,,,,,,,,308.69873608236975,0.9798308814581285,0.0,0.0,0.0,0.0,0.0,0.0,,0.125,0,0,0.0,0.0,0.0,0.0,0.0,0.0,98.35000000000001,0.0,0.0,0.0,0.0,,,,,-0.7804441997039004,0.625225440260182,-0.7804441997039004,0.625225440260182,-10.569868792012677,7.742893546223363,61.0,934.0,,,0.0,6,0.0,0.0,0.6714722222222221,0.0,-0.0,134.2,0.845833333333335,13,1,2016,287
2017-01-14,0.0,1.0,0,0.0,8.2,16.4,13.15,29.4,21.55,-19.181187233903447,9.462201194487497,77.5,375.4166666666667,600.0,33.666666666666664,,,,,,,,296.36972872258696,0.9867213409057353,0.0,0.0,0.0,0.0,0.0,0.0,,0.5,0,0,0.0,0.0,0.0,0.0,0.0,0.0,98.35000000000001,0.0,0.0,0.0,0.0,,,,,-0.895946550858176,0.44416188265691814,-0.895946550858176,0.44416188265691814,-14.865420106275172,7.33320592572781,62.0,935.0,,,0.0,6,0.0,0.0,0.8419444444444445,0.0,-0.0,129.3,-5.383333333333335,14,1,2016,288
2017-01-15,0.0,0.0,0,0.0,6.8,20.7,13.700000000000001,11.4,6.916666666666667,-3.7823083440926304,2.812455961044421,59.5,397.4583333333333,600.0,0.7083333333333334,,,,,,,,312.05030735081635,0.5964532660419631,0.0,0.0,0.0,0.0,0.0,0.0,,1.0,0,0,0.0,0.0,0.0,0.0,0.0,0.0,98.35000000000001,0.0,0.0,0.0,0.0,,,,,-0.7425570230780622,0.6697828509878753,-0.7425570230780622,0.6697828509878753,-2.2504734647351152,1.6734112968214305,63.0,936.0,,,0.0,6,0.0,0.0,0.7966388888888888,0.0,-0.0,41.5,0.5500000000000007,15,1,2016,289
2017-01-16,0.0,0.0,0,0.0,10.8,22.9,16.679166666666667,17.8,12.387500000000001,-9.360422926483691,7.572174940174681,49.541666666666664,394.3333333333333,600.0,0.375,,,,,,,,311.0815531219306,0.9659863246425884,0.0,0.0,0.0,0.0,0.0,0.0,,1.0,0,0,0.0,0.0,0.0,0.0,0.0,0.0,98.35000000000001,0.0,0.0,0.0,0.0,,,,,-0.7537750009601044,0.657132595392737,-0.7537750009601044,0.657132595392737,-4.637309524828795,3.751381668278206,64.0,937.0,,,0.0,6,0.0,0.0,0.761361111111111,0.0,-0.0,74.325,2.979166666666666,16,1,2016,290
2017-01-17,0.0,0.0,0,0.0,16.0,25.3,20.5125,32.2,19.483333333333334,-16.124358723843418,10.429297541586575,41.916666666666664,349.1666666666667,600.0,13.375,,,,,,,,304.5905013708105,0.9835570512876963,0.0,0.0,0.0,0.0,0.0,0.0,,0.625,0,0,0.0,0.0,0.0,0.0,0.0,0.0,98.35000000000001,0.0,0.0,0.0,0.0,,,,,-0.8232304956951936,0.5677072757658175,-0.8232304956951936,0.5677072757658175,-6.758793698411032,4.371613886181706,65.0,938.0,,,0.0,6,0.0,0.0,0.7058333333333332,0.0,-0.0,116.9,3.833333333333332,17,1,2016,291
2017-01-18,0.0,0.0,0,0.0,8.2,23.2,17.054166666666667,20.7,11.387500000000001,-7.14190299926226,1.5129333511548484,61.416666666666664,233.83333333333334,600.0,56.291666666666664,,,,,,,,275.531483347793,0.4327737439021357,0.0,0.0,0.0,0.0,0.0,0.0,,0.375,0,0,0.0,0.0,0.0,0.0,0.0,0.0,98.35000000000001,0.0,0.0,0.0,0.0,,,,,-0.9953433819978996,0.09639269636742893,-0.9953433819978996,0.09639269636742893,-4.38631875871357,0.9291932331676027,66.0,939.0,,,0.0,6,0.0,0.0,0.6939444444444445,0.0,-0.0,68.325,-3.458333333333332,18,1,2016,292
2017-01-19,0.0,0.0,0,0.0,7.8,21.8,15.229166666666666,14.1,8.533333333333333,-3.8750283547464957,3.4579713864340675,63.041666666666664,373.4583333333333,600.0,21.541666666666668,,,,,,,,319.3196004631293,0.5708802497665381,0.0,0.0,0.0,0.0,0.0,0.0,,0.6666666666666666,0,0,0.0,0.0,0.0,0.0,0.0,0.0,98.35000000000001,0.0,0.0,0.0,0.0,,,,,-0.6518390135200295,0.7583573698812685,-0.6518390135200295,0.7583573698812685,-2.442882458638103,2.1799627948644766,67.0,940.0,,,0.0,6,0.0,0.0,0.7924444444444445,0.0,-0.0,51.2,-1.825000000000001,19,1,2016,293
2017-01-20,0.0,11.9,0,0.0,6.4,16.5,13.729166666666666,43.5,24.316666666666666,-19.08740496839266,7.40268645862077,84.20833333333333,203.54166666666666,600.0,71.5,,,,,,,,283.49201351350143,0.7500584439325205,0.0,0.0,0.0,0.0,0.0,0.0,,0.16666666666666666,0,0,0.0,0.0,0.0,0.0,0.0,0.0,98.35000000000001,0.0,0.0,0.0,0.0,,,,,-0.9724024510136441,0.23330982247358883,-0.9724024510136441,0.23330982247358883,-16.07318560046732,6.233678888696907,68.0,941.0,,,0.0,6,0.0,0.0,0.7497222222222222,0.0,-0.0,145.9,-1.5,20,1,2016,294
2017-01-21,0.0,0.0,0,0.0,5.3,20.9,12.612499999999999,9.8,5.654166666666666,-0.02847600795488958,-2.01504608753307,62.916666666666664,388.0833333333333,600.0,0.875,,,,,,,,153.51988091543808,0.18733673339361295,0.0,0.0,0.0,0.0,0.0,0.0,,1.0,0,0,0.0,0.0,0.0,0.0,0.0,0.0,98.35000000000001,0.0,0.0,0.0,0.0,,,,,0.44588725527829803,-0.8950891327573952,0.44588725527829803,-0.8950891327573952,-0.017916155004951362,-1.2677998300728899,69.0,942.0,,,0.0,6,0.0,0.0,0.8017777777777777,0.0,-0.0,33.925,-1.1166666666666671,21,1,2016,295
2017-01-22,0.0,0.0,0,0.0,8.1,23.3,16.3625,10.9,6.320833333333333,-4.166573529580181,2.207901974094425,59.625,383.4583333333333,600.0,1.2916666666666667,,,,,,,,303.4681157816783,0.6950729605307383,0.0,0.0,0.0,0.0,0.0,0.0,,0.9583333333333334,0,0,0.0,0.0,0.0,0.0,0.0,0.0,98.35000000000001,0.0,0.0,0.0,0.0,,,,,-0.8341928373609838,0.5514728552663596,-0.8341928373609838,0.5514728552663596,-2.484319467012183,1.3164615520538008,70.0,943.0,,,0.0,6,0.0,0.0,0.7877222222222221,0.0,-0.0,37.925,3.7500000000000018,22,1,2016,296
2017-01-23,0.0,0.5,0,0.0,14.0,24.1,19.400000000000002,23.9,17.308333333333334,-12.791853619629988,11.51807012541021,65.0,287.0833333333333,600.0,43.833333333333336,,,,,,,,312.8692840426317,0.9935635643712629,0.0,0.0,0.0,0.0,0.0,0.0,,0.25,0,0,0.0,0.0,0.0,0.0,0.0,0.0,98.35000000000001,0.0,0.0,0.0,0.0,,,,,-0.7329077242788902,0.680328058874789,-0.7329077242788902,0.680328058874789,-8.314704852759492,7.486745581516637,71.0,944.0,,,0.0,6,0.0,0.0,0.7413888888888889,0.0,-0.0,103.85,3.0375000000000014,23,1,2016,297
2017-01-24,0.0,3.4,0,0.0,9.6,22.1,17.308333333333334,26.9,19.05,-13.624182845191804,7.193957529829689,85.66666666666667,292.8333333333333,600.0,65.75,,,,,,,,295.70478873101166,0.5322677200164921,0.0,0.0,0.0,0.0,0.0,0.0,,0.08333333333333333,0,0,0.0,0.0,0.0,0.0,0.0,0.0,98.35000000000001,0.0,0.0,0.0,0.0,,,,,-0.9010407733288768,0.43373439430012894,-0.9010407733288768,0.43373439430012894,-11.671383304047646,6.162823617220767,72.0,945.0,,,0.0,6,0.0,0.0,0.814111111111111,0.0,-0.0,114.30000000000001,-2.0916666666666686,24,1,2016,298
2017-01-25,0.0,0.0,0,0.0,9.7,20.1,15.016666666666666,16.6,8.8125,-2.5882461500357348,4.278556289491453,77.16666666666667,336.2083333333333,600.0,61.25,,,,,,,,357.4185577170369,0.43419265546552305,0.0,0.0,0.0,0.0,0.0,0.0,,0.25,0,0,0.0,0.0,0.0,0.0,0.0,0.0,98.35000000000001,0.0,0.0,0.0,0.0,,,,,-0.04503942591703053,0.9989852101573198,-0.04503942591703053,0.9989852101573198,-1.9972632791109088,3.3016192700575715,73.0,946.0,,,0.0,6,0.0,0.0,0.8146944444444445,0.0,-0.0,52.875,-2.291666666666668,25,1,2016,299
2017-01-26,0.0,0.0,0,0.0,11.0,22.9,16.204166666666666,10.7,6.558333333333334,-0.36125017775168305,-0.7526508016530223,67.41666666666667,358.7083333333333,600.0,10.333333333333334,,,,,,,,307.59289649011697,0.11271377006108611,0.0,0.0,0.0,0.0,0.0,0.0,,0.9583333333333334,0,0,0.0,0.0,0.0,0.0,0.0,0.0,98.35000000000001,0.0,0.0,0.0,0.0,,,,,-0.7923652828411456,0.6100469314307477,-0.7923652828411456,0.6100469314307477,-0.243542828167593,-0.5074120821144126,74.0,947.0,,,0.0,6,0.0,0.0,0.7971944444444444,0.0,-0.0,39.35,1.1875,26,1,2016,300
2017-01-27,0.0,0.0,0,0.0,10.8,23.0,17.529166666666665,12.9,8.4,-4.854387993911879,5.253455475990116,61.75,365.4583333333333,600.0,5.125,,,,,,,,320.409359671112,0.8545426950469729,0.0,0.0,0.0,0.0,0.0,0.0,,0.9583333333333334,0,0,0.0,0.0,0.0,0.0,0.0,0.0,98.35000000000001,0.0,0.0,0.0,0.0,,,,,-0.6372981124524972,0.7706173602148372,-0.6372981124524972,0.7706173602148372,-2.997584586240585,3.244008756423897,75.0,948.0,,,0.0,6,0.0,0.0,0.7828055555555555,0.0,-0.0,50.400000000000006,1.3249999999999993,27,1,2016,301
2017-01-28,0.0,0.0,0,0.0,13.5,23.6,18.3875,25.9,15.133333333333333,-9.856683202613604,7.72675714727121,59.208333333333336,373.2916666666667,600.0,0.8333333333333334,,,,,,,,315.77517183905024,0.6721382538020666,0.0,0.0,0.0,0.0,0.0,0.0,,1.0,0,0,0.0,0.0,0.0,0.0,0.0,0.0,98.35000000000001,0.0,0.0,0.0,0.0,,,,,-0.6974756985248713,0.7166084355959277,-0.6974756985248713,0.7166084355959277,-5.8359778462141385,4.574884127613496,76.0,949.0,,,0.0,6,0.0,0.0,0.7795555555555556,0.0,-0.0,90.8,0.8583333333333343,28,1,2016,302
2017-01-29,0.0,0.0,0,0.0,13.1,24.4,19.079166666666666,15.2,10.266666666666667,-7.453652882036885,5.466714996546524,48.291666666666664,368.1666666666667,600.0,0.08333333333333333,,,,,,,,313.16518324741,0.8861008096868281,0.0,0.0,0.0,0.0,0.0,0.0,,1.0,0,0,0.0,0.0,0.0,0.0,0.0,0.0,98.35000000000001,0.0,0.0,0.0,0.0,,,,,-0.7293844694706527,0.6841040094130529,-0.7293844694706527,0.6841040094130529,-3.5994932042836454,2.6399677837489253,77.0,950.0,,,0.0,6,0.0,0.0,0.73975,0.0,-0.0,61.60000000000001,0.6916666666666664,29,1,2016,303
2017-01-30,0.0,0.0,0,0.0,17.2,24.6,21.004166666666666,32.6,19.633333333333333,-16.716915017857357,9.57755930969642,38.041666666666664,228.625,600.0,58.291666666666664,,,,,,,,300.1521514256914,0.9755729212902269,0.0,0.0,0.0,0.0,0.0,0.0,,0.3333333333333333,0,0,0.0,0.0,0.0,0.0,0.0,0.0,98.35000000000001,0.0,0.0,0.0,0.0,,,,,-0.8646945801100392,0.5022980023136893,-0.8646945801100392,0.5022980023136893,-6.359393088043236,3.643463187397013,78.0,951.0,,,0.0,6,0.0,0.0,0.6125555555555555,0.0,-0.0,117.8,1.9250000000000007,30,1,2016,304
2017-01-31,0.0,0.1,0,0.0,12.1,22.3,18.291666666666668,22.5,15.229166666666666,-11.997745926713947,7.860408323280878,58.041666666666664,297.75,600.0,70.20833333333333,,,,,,,,307.5870158264286,0.8088491444795461,0.0,0.0,0.0,0.0,0.0,0.0,,0.041666666666666664,0,0,0.0,0.0,0.0,0.0,0.0,0.0,98.35000000000001,0.0,0.0,0.0,0.0,,,,,-0.7924278920199846,0.6099656022668521,-0.7924278920199846,0.6099656022668521,-6.963691698296887,4.56231199763761,79.0,952.0,,,0.0,6,0.0,0.0,0.7253055555555555,0.0,-0.0,91.375,-2.7124999999999986,31,1,2016,305
2017-02-01,0.0,0.0,0,0.0,10.2,18.4,14.0875,23.3,13.387500000000001,-10.030542624408797,7.568352383223953,55.958333333333336,206.5,600.0,81.625,,,,,,,,319.66646333817204,0.8876011670557543,0.0,0.0,0.0,0.0,0.0,0.0,,0.041666666666666664,0,0,0.0,0.0,0.0,0.0,0.0,0.0,98.35000000000001,0.0,0.0,0.0,0.0,,,,,-0.647236077657077,0.7622896167330906,-0.647236077657077,0.7622896167330906,-5.6129244769087565,4.235123854445737,80.0,953.0,,,0.0,6,0.0,0.0,0.6575277777777778,0.0,-0.0,80.325,-4.2041666666666675,32,2,2016,306
2017-02-02,0.0,0.0,0,0.0,6.8,18.6,13.133333333333333,13.3,9.1625,-7.384048718725391,4.815147610191288,59.25,340.0416666666667,600.0,80.125,,,,,,,,305.8053189861483,0.8719141790061934,0.0,0.0,0.0,0.0,0.0,0.0,,0.041666666666666664,0,0,0.0,0.0,0.0,0.0,0.0,0.0,98.35000000000001,0.0,0.0,0.0,0.0,,,,,-0.8110095116382993,0.5850329666200079,-0.8110095116382993,0.5850329666200079,-4.375048865844795,2.852974959038338,81.0,954.0,,,0.0,6,0.0,0.0,0.7575277777777778,0.0,-0.0,54.974999999999994,-0.9541666666666675,33,2,2016,307
2017-02-03,0.0,0.0,0,0.0,8.4,21.5,14.983333333333334,13.5,10.291666666666666,-7.830816778700551,5.760558876702195,48.708333333333336,370.0833333333333,600.0,30.541666666666668,,,,,,,,310.1655912525292,0.8802988613788576,0.0,0.0,0.0,0.0,0.0,0.0,,0.625,0,0,0.0,0.0,0.0,0.0,0.0,0.0,98.35000000000001,0.0,0.0,0.0,0.0,,,,,-0.7641835178682397,0.644998876757566,-0.7641835178682397,0.644998876757566,-3.81426033929206,2.8058722195270276,82.0,955.0,,,0.0,6,0.0,0.0,0.7424166666666667,0.0,-0.0,61.75,1.8500000000000014,34,2,2016,308
2017-02-04,0.0,0.0,0,0.0,12.8,21.2,16.766666666666666,16.9,13.049999999999999,-9.749432867307972,8.538334675140712,43.166666666666664,181.91666666666666,600.0,51.166666666666664,,,,,,,,311.6265064247517,0.9931046839498727,0.0,0.0,0.0,0.0,0.0,0.0,,0.375,0,0,0.0,0.0,0.0,0.0,0.0,0.0,98.35000000000001,0.0,0.0,0.0,0.0,,,,,-0.747490862031408,0.6642720912243284,-0.747490862031408,0.6642720912243284,-4.208505187721275,3.6857144681024074,83.0,956.0,,,0.0,6,0.0,0.0,0.5985,0.0,-0.0,78.3,1.7833333333333314,35,2,2016,309
2017-02-05,0.0,1.7999999999999998,0,0.0,16.0,22.5,19.329166666666666,28.0,16.0,-12.163158461801858,10.158873050433328,59.083333333333336,310.875,600.0,43.708333333333336,,,,,,,,311.37098829503594,0.9890446673158139,0.0,0.0,0.0,0.0,0.0,0.0,,0.2916666666666667,0,0,0.0,0.0,0.0,0.0,0.0,0.0,98.35000000000001,0.0,0.0,0.0,0.0,,,,,-0.7504458285686769,0.6609319619929664,-0.7504458285686769,0.6609319619929664,-7.186399457847931,6.002200827297692,84.0,957.0,,,0.0,6,0.0,0.0,0.7375277777777778,0.0,-0.0,96.0,2.5625,36,2,2016,310
2017-02-06,0.0,11.3,0,0.0,13.8,21.1,16.866666666666667,14.0,8.525,-4.933586418571796,4.456980630206675,86.25,150.91666666666666,600.0,90.70833333333333,,,,,,,,316.58691031293563,0.6568237679107952,0.0,0.0,0.0,0.0,0.0,0.0,,0.0,0,0,0.0,0.0,0.0,0.0,0.0,0.0,98.35000000000001,0.0,0.0,0.0,0.0,,,,,-0.687253484768319,0.7264176812783414,-0.687253484768319,0.7264176812783414,-4.255218286018174,3.844145793553257,85.0,958.0,,,0.0,6,0.0,0.0,0.7214444444444444,0.0,-0.0,51.150000000000006,-2.4624999999999986,37,2,2016,311
2017-02-07,0.0,2.6,0,0.0,10.5,16.2,13.216666666666667,17.2,12.299999999999999,11.544855364862869,3.947638484274169,95.875,137.91666666666666,473.0,92.33333333333333,,,,,,,,71.23522920686072,0.9909965986170947,0.0,0.0,0.0,0.0,0.0,0.0,,0.0,0,0,0.0,0.0,0.0,0.0,0.0,0.0,98.35000000000001,0.0,0.0,0.0,0.0,,,,,0.9468472312652193,0.32168357223425054,0.9468472312652193,0.32168357223425054,11.068630081062276,3.78479839679786,86.0,959.0,,,0.0,6,0.0,0.0,0.7448611111111111,0.0,-0.0,73.8,-3.6500000000000004,38,2,2016,312
2017-02-08,0.0,0.1,0,0.0,9.9,21.1,15.137500000000001,19.7,13.870833333333332,5.955465659892288,11.680459579713387,84.83333333333333,278.125,600.0,66.83333333333333,,,,,,,,24.10326130377833,0.9472356708106301,0.0,0.0,0.0,0.0,0.0,0.0,,0.041666666666666664,0,0,0.0,0.0,0.0,0.0,0.0,0.0,98.35000000000001,0.0,0.0,0.0,0.0,,,,,0.4083824186874709,0.9128109333848775,0.4083824186874709,0.9128109333848775,5.052220034808624,9.908923210123524,87.0,960.0,,,0.0,6,0.0,0.0,0.8015277777777777,0.0,-0.0,83.225,1.9208333333333343,39,2,2016,313
2017-02-09,0.0,0.0,0,0.0,14.7,24.6,20.420833333333334,20.8,17.4375,-14.093106875070447,9.85538068675822,68.08333333333333,327.0416666666667,600.0,21.625,,,,,,,,305.8365424978251,0.9814648945258511,0.0,0.0,0.0,0.0,0.0,0.0,,0.625,0,0,0.0,0.0,0.0,0.0,0.0,0.0,98.35000000000001,0.0,0.0,0.0,0.0,,,,,-0.8106905757110721,0.5854748418619288,-0.8106905757110721,0.5854748418619288,-9.595056930777128,6.709871684234555,88.0,961.0,,,0.0,6,0.0,0.0,0.7783055555555555,0.0,-0.0,104.625,5.283333333333333,40,2,2016,314
2017-02-10,0.0,0.0,0,0.0,20.7,28.0,23.808333333333334,24.1,18.933333333333334,-16.675397907253316,7.9068322691886905,50.166666666666664,305.0,600.0,44.791666666666664,,,,,,,,295.77813384609817,0.9754274774636118,0.0,0.0,0.0,0.0,0.0,0.0,,0.20833333333333334,0,0,0.0,0.0,0.0,0.0,0.0,0.0,98.35000000000001,0.0,0.0,0.0,0.0,,,,,-0.900484805855475,0.43488747328869753,-0.900484805855475,0.43488747328869753,-8.36549128347208,3.9665941883763263,89.0,962.0,,,0.0,6,0.0,0.0,0.7038888888888888,0.0,-0.0,113.6,3.3874999999999993,41,2,2016,315
2017-02-11,0.0,0.6000000000000001,0,0.0,20.7,27.1,23.895833333333332,26.7,17.2,-15.229099557141998,7.710356313885513,50.958333333333336,302.7916666666667,600.0,17.916666666666668,,,,,,,,297.82909146915654,0.9928923972654148,0.0,0.0,0.0,0.0,0.0,0.0,,0.625,0,0,0.0,0.0,0.0,0.0,0.0,0.0,98.35000000000001,0.0,0.0,0.0,0.0,,,,,-0.8843440571532455,0.4668357190465799,-0.8843440571532455,0.4668357190465799,-7.76049531599361,3.929069071617493,90.0,963.0,,,0.0,6,0.0,0.0,0.7050555555555555,0.0,-0.0,103.19999999999999,0.08749999999999858,42,2,2016,316
2017-02-12,0.0,5.0,0,0.0,4.8,20.7,12.75,30.4,20.695833333333333,-19.21934375561119,7.063867222655932,80.625,116.04166666666667,340.0,56.125,,,,,,,,290.8576149634172,0.9884173971804633,0.0,0.0,0.0,0.0,0.0,0.0,,0.20833333333333334,0,0,0.0,0.0,0.0,0.0,0.0,0.0,98.35000000000001,0.0,0.0,0.0,0.0,,,,,-0.9344681186253117,0.35604681612517,-0.9344681186253117,0.35604681612517,-15.495595902961522,5.695242948266346,91.0,964.0,,,0.0,6,0.0,0.0,0.6794444444444445,0.0,-0.0,124.175,-11.145833333333332,43,2,2016,317
2017-02-13,0.0,0.0,0,0.0,3.6,17.2,9.941666666666666,21.7,12.770833333333334,-12.0180263144697,0.7084838185491632,69.54166666666667,328.625,600.0,18.75,,,,,,,,268.3182699931358,0.9130484333058134,0.0,0.0,0.0,0.0,0.0,0.0,,0.7083333333333334,0,0,0.0,0.0,0.0,0.0,0.0,0.0,98.35000000000001,0.0,0.0,0.0,0.0,,,,,-0.9995692690228483,-0.029347511395837432,-0.9995692690228483,-0.029347511395837432,-8.357535799520805,0.4926914554827306,92.0,965.0,,,0.0,6,0.0,0.0,0.7842222222222222,0.0,-0.0,76.625,-2.8083333333333336,44,2,2016,318
2017-02-14,0.0,0.0,0,0.0,6.6,17.7,10.854166666666666,10.4,5.45,2.8924514983490845,-1.4205593598092154,77.125,324.375,600.0,36.083333333333336,,,,,,,,124.40539611184202,0.6113918631287213,0.0,0.0,0.0,0.0,0.0,0.0,,0.5416666666666666,0,0,0.0,0.0,0.0,0.0,0.0,0.0,98.35000000000001,0.0,0.0,0.0,0.0,,,,,0.8250602860727454,-0.5650447100412139,0.8250602860727454,-0.5650447100412139,2.230803218101731,-1.0956064062528574,93.0,966.0,,,0.0,6,0.0,0.0,0.8066666666666666,0.0,-0.0,32.7,0.9124999999999996,45,2,2016,319
2017-02-15,0.0,0.0,0,0.0,6.5,19.1,13.770833333333334,18.4,14.520833333333334,-11.240799078863951,8.449065082272266,59.875,343.75,600.0,10.0,,,,,,,,310.190114587871,0.9473588464952066,0.0,0.0,0.0,0.0,0.0,0.0,,0.8333333333333334,0,0,0.0,0.0,0.0,0.0,0.0,0.0,98.35000000000001,0.0,0.0,0.0,0.0,,,,,-0.7639073800103924,0.6453258981054906,-0.7639073800103924,0.6453258981054906,-6.730428448469791,5.058877718010519,94.0,967.0,,,0.0,6,0.0,0.0,0.7620833333333333,0.0,-0.0,87.125,2.916666666666668,46,2,2016,320
2017-02-16,0.0,0.0,0,0.0,13.4,21.9,17.629166666666666,18.8,14.700000000000001,-11.203503675304011,9.34414854583613,39.166666666666664,335.75,600.0,1.75,,,,,,,,310.73676962525275,0.9915198265700079,0.0,0.0,0.0,0.0,0.0,0.0,,0.9583333333333334,0,0,0.0,0.0,0.0,0.0,0.0,0.0,98.35000000000001,0.0,0.0,0.0,0.0,,,,,-0.7577156952903904,0.6525848030031042,-0.7577156952903904,0.6525848030031042,-4.388038939494071,3.6597915137858177,95.0,968.0,,,0.0,6,0.0,0.0,0.6877222222222222,0.0,-0.0,88.2,3.8583333333333325,47,2,2016,321
2017-02-17,0.0,1.5999999999999999,0,0.0,12.3,20.3,17.183333333333334,27.5,20.825,-17.252241174464142,11.527185574184905,53.333333333333336,300.7916666666667,600.0,39.041666666666664,,,,,,,,304.33593174233516,0.9964428813748102,0.0,0.0,0.0,0.0,0.0,0.0,,0.25,0,0,0.0,0.0,0.0,0.0,0.0,0.0,98.35000000000001,0.0,0.0,0.0,0.0,,,,,-0.8257447295527606,0.5640440068078361,-0.8257447295527606,0.5640440068078361,-9.201195293047544,6.14783230623195,96.0,969.0,,,0.0,6,0.0,0.0,0.7116388888888889,0.0,-0.0,124.94999999999999,-0.44583333333333286,48,2,2016,322
2017-02-18,0.0,0.1,0,0.0,6.0,15.4,11.345833333333333,20.9,12.229166666666666,-8.502135428343037,6.666654439389402,65.58333333333333,299.0833333333333,600.0,52.958333333333336,,,,,,,,308.7054520571657,0.5701486538268739,0.0,0.0,0.0,0.0,0.0,0.0,,0.20833333333333334,0,0,0.0,0.0,0.0,0.0,0.0,0.0,98.35000000000001,0.0,0.0,0.0,0.0,,,,,-0.7803709079969922,0.6253169164127499,-0.7803709079969922,0.6253169164127499,-5.5759838184216415,4.372214203166216,97.0,970.0,,,0.0,6,0.0,0.0,0.7513333333333333,0.0,-0.0,73.375,-5.8375,49,2,2016,323
2017-02-19,0.98,2.1999999999999997,1,0.98,2.5,11.9,6.875,24.2,14.395833333333334,-11.965888955799029,7.305586872052907,68.95833333333333,307.7083333333333,600.0,44.458333333333336,,,,,,,,304.0528188735303,0.9105166794914817,2.5,18.0,18.0,100.0,-16.178292833385008,7.890680642203393,296.0,0.3333333333333333,0,1,0.9800000000000018,0.98,0.9799999999999991,0.9799999999999991,0.98,0.0,99.33,0.0,0.0,0.0,0.0,,,,,-0.8285217209692757,0.5599569250238001,-0.898794046299167,0.4383711467890774,-8.251477592436412,5.037810947186483,0.0,971.0,1.0,1.0000000000000009,23.715999999999998,0,0.14240625,0.98,0.6994444444444444,17.64,0.0,0.0,-4.470833333333333,50,2,2016,324
2017-02-20,0.91,2.4,3,0.77,0.9,6.9,3.966666666666667,22.9,18.445833333333333,-16.346371370369194,8.29525047432709,85.875,225.20833333333334,600.0,66.66666666666667,,,,,,,,297.63447410888597,0.9914765042295923,2.0333333333333337,19.333333333333332,20.8,98.66666666666667,-17.26154841208574,8.69729734535943,296.66670428043915,0.125,0,3,1.890000000000002,1.8900000000000001,1.8899999999999992,1.8899999999999992,1.8900000000000001,0.0,100.24000000000001,0.0,0.0,0.0,0.0,,,,,-0.8859246597676531,0.4638291681379773,-0.8936323456936608,0.44879976685605083,-14.037446414304545,7.123546344828389,0.0,972.0,0.48148148148148145,1.0000000000000004,20.839,1,0.13744159722222227,1.8900000000000001,0.5897222222222221,17.593333333333334,0.0,18.445833333333333,-2.908333333333333,51,2,2016,325
2017-02-21,0.0,0.0,0,0.0,3.8,18.0,10.637500000000001,13.0,7.4375,-4.444869126135186,3.743701858011924,56.041666666666664,337.9583333333333,600.0,0.16666666666666666,,,,,,,,303.0368544535369,0.6441038088651406,0.0,0.0,0.0,0.0,0.0,0.0,,1.0,0,0,0.9100000000000018,1.8900000000000001,1.8899999999999992,1.8899999999999992,1.8900000000000001,0.0,100.24000000000001,0.0,0.0,0.0,0.0,,,,,-0.8383200654557684,0.5451783816827628,-0.8383200654557684,0.5451783816827628,-2.49097873943826,2.098032916260849,1.0,973.0,0.0,1.0000000000000004,0.0,2,0.0,0.9450000000000001,0.7454444444444445,0.0,-0.0,14.875,6.670833333333334,52,2,2016,326
2017-02-22,0.0,0.0,0,0.0,10.0,20.6,15.575000000000001,17.1,12.741666666666667,-8.563562016283388,9.271109190223191,45.75,333.0,600.0,0.2916666666666667,,,,,,,,318.981919171988,0.9860767250455483,0.0,0.0,0.0,0.0,0.0,0.0,,1.0,0,0,0.0,0.91,1.8899999999999992,1.8899999999999992,1.8900000000000001,0.0,100.24000000000001,0.0,0.0,0.0,0.0,,,,,-0.6562971600072887,0.7545025101127015,-0.6562971600072887,0.7545025101127015,-3.9178296224496503,4.24153245452711,2.0,974.0,0.0,0.4814814814814817,0.0,3,0.0,0.30333333333333334,0.7078333333333333,0.0,-0.0,38.225,4.9375,53,2,2016,327
2017-02-23,0.0,0.0,0,0.0,13.4,23.5,18.6375,19.9,14.325000000000001,-10.627343056613881,9.281364744258841,44.041666666666664,324.25,600.0,7.708333333333333,,,,,,,,314.7247316501952,0.9626234965080193,0.0,0.0,0.0,0.0,0.0,0.0,,0.875,0,0,0.0,0.0,1.8899999999999992,1.8899999999999992,1.8900000000000001,0.0,100.24000000000001,0.0,0.0,0.0,0.0,,,,,-0.7104957882372303,0.7037014529593902,-0.7104957882372303,0.7037014529593902,-4.68045900451703,4.087667722783998,3.0,975.0,,0.0,0.0,4,0.0,0.0,0.6963055555555555,0.0,-0.0,57.300000000000004,3.0624999999999982,54,2,2016,328
2017-02-24,0.0,0.2,0,0.0,8.8,22.2,15.145833333333334,11.6,7.045833333333333,0.3867883977231881,0.17820700629470795,60.0,311.375,600.0,27.125,,,,,,,,19.162597296368986,0.25827824152400886,0.0,0.0,0.0,0.0,0.0,0.0,,0.7083333333333334,0,0,0.0,0.0,1.8899999999999992,1.8899999999999992,1.8900000000000001,0.0,100.24000000000001,0.0,0.0,0.0,0.0,,,,,0.3282500875056132,0.9445908532547609,0.3282500875056132,0.9445908532547609,0.23207303863391288,0.10692420377682478,4.0,976.0,,0.0,0.0,5,0.0,0.0,0.7409166666666667,0.0,-0.0,35.229166666666664,-3.4916666666666654,55,2,2016,329
2017-02-25,0.0,0.5,0,0.0,8.1,14.3,10.379166666666666,16.4,10.179166666666667,10.046910092871949,0.3131883249036636,90.08333333333333,160.5,600.0,96.58333333333333,,,,,,,,89.21941055290075,0.9872602664805039,0.0,0.0,0.0,0.0,0.0,0.0,,0.0,0,0,0.0,0.0,1.8899999999999992,1.8899999999999992,1.8900000000000001,0.0,100.24000000000001,0.0,0.0,0.0,0.0,,,,,0.9999071967098591,0.013623434509377266,0.9999071967098591,0.013623434509377266,9.050591508662146,0.2821304826840503,5.0,977.0,,0.0,0.0,6,0.0,0.0,0.7250555555555556,0.0,-0.0,61.075,-4.7666666666666675,56,2,2016,330
2017-02-26,0.0,0.2,0,0.0,7.7,18.9,11.645833333333334,16.5,10.200000000000001,8.858100419632848,2.725139787998371,79.875,253.0,600.0,61.166666666666664,,,,,,,,71.8181616052862,0.8865236482121501,0.0,0.0,0.0,0.0,0.0,0.0,,0.20833333333333334,0,0,0.0,0.0,0.9099999999999991,1.8899999999999992,1.8900000000000001,0.0,100.24000000000001,0.0,0.0,0.0,0.0,,,,,0.9500710076612343,0.31203378086605743,0.9500710076612343,0.31203378086605743,7.075407710181737,2.1767054056636987,6.0,978.0,,0.0,0.0,6,0.0,0.0,0.76825,0.0,-0.0,61.2,1.2666666666666675,57,2,2016,331
2017-02-27,0.0,0.0,0,0.0,7.4,20.2,13.637500000000001,12.2,8.65,4.508781707680835,3.0068660962171307,60.5,303.0416666666667,600.0,18.375,,,,,,,,54.92438766194289,0.5240060734274282,0.0,0.0,0.0,0.0,0.0,0.0,,0.6666666666666666,0,0,0.0,0.0,0.0,1.8899999999999992,1.8900000000000001,0.0,100.24000000000001,0.0,0.0,0.0,0.0,,,,,0.818394391413265,0.5746569586312443,0.818394391413265,0.5746569586312443,2.727812933146905,1.8191539882113643,7.0,979.0,,,0.0,6,0.0,0.0,0.7370277777777777,0.0,-0.0,51.900000000000006,1.9916666666666671,58,2,2016,332
2017-02-28,0.0,0.0,0,0.0,10.9,21.8,15.816666666666668,10.8,6.958333333333333,3.912957399488666,2.5686956444774536,57.75,303.2083333333333,600.0,19.25,,,,,,,,48.17271286770667,0.6783587940593124,0.0,0.0,0.0,0.0,0.0,0.0,,0.5416666666666666,0,0,0.0,0.0,0.0,1.8899999999999992,1.8900000000000001,0.0,100.24000000000001,0.0,0.0,0.0,0.0,,,,,0.7451584788623234,0.6668874278164106,0.7451584788623234,0.6668874278164106,2.259732898204705,1.4834217346857295,8.0,980.0,,,0.0,6,0.0,0.0,0.7279722222222222,0.0,-0.0,41.75,2.179166666666667,59,2,2016,333
2017-03-01,0.0,0.0,0,0.0,12.0,22.2,16.645833333333332,12.2,5.8875,3.538850200953086,0.7980438696142164,60.5,300.4583333333333,600.0,12.625,,,,,,,,44.10829401650806,0.5493999786158408,0.0,0.0,0.0,0.0,0.0,0.0,,0.7083333333333334,0,0,0.0,0.0,0.0,1.8899999999999992,1.8900000000000001,0.0,100.24000000000001,0.0,0.0,0.0,0.0,,,,,0.6960167437527055,0.7180255513669975,0.6960167437527055,0.7180255513669975,2.141004371576617,0.4828165411166009,9.0,981.0,,,0.0,6,0.0,0.0,0.7353055555555555,0.0,-0.0,35.325,0.8291666666666639,60,3,2016,334
2017-03-02,0.0,0.30000000000000004,0,0.0,11.5,20.8,15.816666666666668,14.3,7.866666666666667,2.9054855842261156,-3.7529674962006525,69.41666666666667,245.83333333333334,600.0,65.29166666666667,,,,,,,,143.1304732359673,0.223698873154129,0.0,0.0,0.0,0.0,0.0,0.0,,0.16666666666666666,0,0,0.0,0.0,0.0,1.8899999999999992,1.8900000000000001,0.0,100.24000000000001,0.0,0.0,0.0,0.0,,,,,0.5999948215004351,-0.8000038838484855,0.5999948215004351,-0.8000038838484855,2.016891243050295,-2.6051849369459528,10.0,982.0,,,0.0,6,0.0,0.0,0.7286111111111112,0.0,-0.0,47.2,-0.8291666666666639,61,3,2016,335
2017-03-03,0.0,11.7,0,0.0,11.2,14.8,12.770833333333334,22.9,17.283333333333335,14.697426641777914,-8.498844395888298,98.33333333333333,110.29166666666667,440.0,99.75,,,,,,,,121.28828170376481,0.9833585174558769,0.0,0.0,0.0,0.0,0.0,0.0,,0.0,0,0,0.0,0.0,0.0,1.8899999999999992,1.8900000000000001,0.0,100.24000000000001,0.0,0.0,0.0,0.0,,,,,0.8545650657916772,-0.5193443446582107,0.8545650657916772,-0.5193443446582107,14.452469531081615,-8.35719698929016,11.0,983.0,,,0.0,6,0.0,0.0,0.7301944444444445,0.0,-0.0,103.70000000000002,-3.0458333333333343,62,3,2016,336
2017-03-04,0.0,13.5,0,0.0,10.9,14.2,12.299999999999999,20.7,9.4625,9.066487467697835,0.9302229153323184,97.875,65.0,237.0,100.0,,,,,,,,78.53975683074279,0.9523973326010244,0.0,0.0,0.0,0.0,0.0,0.0,,0.0,0,0,0.0,0.0,0.0,1.8899999999999992,1.8900000000000001,0.0,100.24000000000001,0.0,0.0,0.0,0.0,,,,,0.9800628076395218,0.1986879288777695,0.9800628076395218,0.1986879288777695,8.873824609009256,0.9104556783815067,12.0,984.0,,,0.0,6,0.0,0.0,0.685138888888889,0.0,-0.0,56.775000000000006,-0.470833333333335,63,3,2016,337
2017-03-05,0.0,3.8000000000000003,0,0.0,8.5,16.5,12.433333333333332,15.0,9.229166666666666,3.0410945175548503,-7.263089450085354,88.04166666666667,208.75,600.0,82.875,,,,,,,,161.02793399425263,0.5407356966707019,0.0,0.0,0.0,0.0,0.0,0.0,,0.0,0,0,0.0,0.0,0.0,0.9099999999999991,1.8900000000000001,0.0,100.24000000000001,0.0,0.0,0.0,0.0,,,,,0.32510713749252257,-0.9456771907746416,0.32510713749252257,-0.9456771907746416,2.6774302981639164,-6.39454500334598,13.0,985.0,,,0.0,6,0.0,0.0,0.7659722222222222,0.0,-0.0,55.375,0.13333333333333286,64,3,2016,338
2017-03-06,0.0,0.8,0,0.0,6.2,15.5,9.975,14.0,9.325000000000001,7.132426712060988,-5.563599492679973,84.66666666666667,280.7083333333333,600.0,53.416666666666664,,,,,,,,122.67101280509631,0.9625303609057728,0.0,0.0,0.0,0.0,0.0,0.0,,0.16666666666666666,0,0,0.0,0.0,0.0,0.0,1.8900000000000001,0.0,100.24000000000001,0.0,0.0,0.0,0.0,,,,,0.8417839936974227,-0.5398145125455756,0.8417839936974227,-0.5398145125455756,6.038787949544971,-4.710514237135711,14.0,986.0,,,0.0,6,0.0,0.0,0.8026944444444445,0.0,-0.0,55.95,-2.458333333333332,65,3,2016,339
2017-03-07,0.0,0.0,0,0.0,5.7,15.9,9.595833333333333,15.2,10.545833333333333,9.83494366826445,-2.722839852248853,81.45833333333333,275.9583333333333,600.0,51.166666666666664,,,,,,,,103.55279793394432,0.9635604590275333,0.0,0.0,0.0,0.0,0.0,0.0,,0.25,0,0,0.0,0.0,0.0,0.0,1.8900000000000001,0.0,100.24000000000001,0.0,0.0,0.0,0.0,,,,,0.9721543881943735,-0.23434130134149073,0.9721543881943735,-0.23434130134149073,8.011381196440418,-2.2179799629777115,15.0,987.0,,,0.0,6,0.0,0.0,0.7888333333333333,0.0,-0.0,63.27499999999999,-0.37916666666666643,66,3,2016,340
2017-03-08,0.0,0.0,0,0.0,6.1,16.7,10.529166666666667,10.4,7.1125,6.29036272518033,1.0239327419789168,73.20833333333333,280.6666666666667,600.0,53.125,,,,,,,,74.9704872332131,0.8732629834672883,0.0,0.0,0.0,0.0,0.0,0.0,,0.2916666666666667,0,0,0.0,0.0,0.0,0.0,1.8900000000000001,0.0,100.24000000000001,0.0,0.0,0.0,0.0,,,,,0.9657923817703263,0.2593165542621609,0.9657923817703263,0.2593165542621609,4.605069711725767,0.7496040948570654,16.0,988.0,,,0.0,6,0.0,0.0,0.7644722222222221,0.0,-0.0,42.675,0.9333333333333336,67,3,2016,341
2017-03-09,0.0,0.0,0,0.0,6.6,18.7,13.575000000000001,13.3,6.604166666666667,1.9050331454359941,-4.753081299628618,46.583333333333336,301.2916666666667,600.0,13.041666666666666,,,,,,,,154.98893261317218,0.47747120255321157,0.0,0.0,0.0,0.0,0.0,0.0,,0.7916666666666666,0,0,0.0,0.0,0.0,0.0,1.8900000000000001,0.0,100.24000000000001,0.0,0.0,0.0,0.0,,,,,0.4227933183879761,-0.9062261361969668,0.4227933183879761,-0.9062261361969668,0.887427940248934,-2.214143705410331,17.0,989.0,,,0.0,6,0.0,0.0,0.6894722222222223,0.0,-0.0,39.625,3.0458333333333343,68,3,2016,342
2017-03-10,0.0,0.0,0,0.0,9.1,18.6,14.1625,15.9,10.066666666666666,2.4697212368744657,-9.086309439464463,47.625,290.3333333333333,600.0,61.458333333333336,,,,,,,,159.8802245317879,0.8749581532795936,0.0,0.0,0.0,0.0,0.0,0.0,,0.25,0,0,0.0,0.0,0.0,0.0,1.8900000000000001,0.0,100.24000000000001,0.0,0.0,0.0,0.0,,,,,0.3439837997030357,-0.938975583038165,0.3439837997030357,-0.938975583038165,1.1762047390614643,-4.3273548705449505,18.0,990.0,,,0.0,6,0.0,0.0,0.6856388888888888,0.0,-0.0,60.4,0.5874999999999986,69,3,2016,343
2017-03-11,0.0,0.5,0,0.0,10.4,18.3,14.441666666666668,12.4,7.595833333333334,-3.324551009886713,0.13043892512863073,54.958333333333336,241.75,600.0,69.16666666666667,,,,,,,,283.18437529359124,0.36697804467401185,0.0,0.0,0.0,0.0,0.0,0.0,,0.125,0,0,0.0,0.0,0.0,0.0,1.8900000000000001,0.0,100.24000000000001,0.0,0.0,0.0,0.0,,,,,-0.9736411385409484,0.2280853641527351,-0.9736411385409484,0.2280853641527351,-1.8271178258502394,0.07168705926860998,19.0,991.0,,,0.0,6,0.0,0.0,0.6776944444444445,0.0,-0.0,45.575,0.27916666666666856,70,3,2016,344
2017-03-12,0.0,1.1,0,0.0,10.0,20.4,15.408333333333333,25.6,14.433333333333332,-9.796930051568184,10.155827243984705,53.583333333333336,256.25,600.0,67.45833333333333,,,,,,,,320.81773199724284,0.9619814057223006,0.0,0.0,0.0,0.0,0.0,0.0,,0.125,0,0,0.0,0.0,0.0,0.0,1.8900000000000001,0.0,100.24000000000001,0.0,0.0,0.0,0.0,,,,,-0.6317894412363592,0.775140053114435,-0.6317894412363592,0.775140053114435,-5.249521685965285,5.441830764901805,20.0,992.0,,,0.0,6,0.0,0.0,0.6827777777777778,0.0,-0.0,86.6,0.966666666666665,71,3,2016,345
2017-03-13,0.0,8.9,0,0.0,9.7,17.2,12.566666666666668,16.1,11.733333333333334,8.108451884228872,5.102092221587356,82.0,172.625,600.0,66.5,,,,,,,,55.8450986911483,0.7870083547561945,0.0,0.0,0.0,0.0,0.0,0.0,,0.08333333333333333,0,0,0.0,0.0,0.0,0.0,1.8900000000000001,0.0,100.24000000000001,0.0,0.0,0.0,0.0,,,,,0.8275227454494165,0.5614321915991816,0.8275227454494165,0.5614321915991816,6.648930545067675,4.183715621701632,21.0,993.0,,,0.0,6,0.0,0.0,0.72175,0.0,-0.0,70.4,-2.841666666666665,72,3,2016,346
2017-03-14,0.0,0.1,0,0.0,10.2,17.8,13.5875,24.0,18.5625,16.861363162534452,7.494950412376984,82.0,239.375,600.0,54.625,,,,,,,,65.42118822423566,0.994063683593803,0.0,0.0,0.0,0.0,0.0,0.0,,0.041666666666666664,0,0,0.0,0.0,0.0,0.0,1.8900000000000001,0.0,100.24000000000001,0.0,0.0,0.0,0.0,,,,,0.9093899892889892,0.4159445244031613,0.9093899892889892,0.4159445244031613,13.826317793278252,6.145859338149126,22.0,994.0,,,0.0,6,0.0,0.0,0.76625,0.0,-0.0,111.375,1.0208333333333321,73,3,2016,347
2017-03-15,0.0,0.3,0,0.0,11.7,19.5,14.870833333333332,19.4,14.579166666666666,8.344684663592604,11.070486107810325,82.75,222.79166666666666,600.0,55.5,,,,,,,,33.72752479196637,0.9487633230837151,0.0,0.0,0.0,0.0,0.0,0.0,,0.2916666666666667,0,0,0.0,0.0,0.0,0.0,1.8900000000000001,0.0,100.24000000000001,0.0,0.0,0.0,0.0,,,,,0.55524403270925,0.8316874798509168,0.55524403270925,0.8316874798509168,6.905226559122879,9.160827254213045,23.0,995.0,,,0.0,6,0.0,0.0,0.7576944444444446,0.0,-0.0,87.475,1.2833333333333314,74,3,2016,348
2017-03-16,0.0,0.4,0,0.0,11.9,18.7,14.833333333333334,20.8,11.825000000000001,-6.312826047824536,5.683235571143338,83.75,166.0,539.0,57.833333333333336,,,,,,,,312.9982346115232,0.5980279812973668,0.0,0.0,0.0,0.0,0.0,0.0,,0.16666666666666666,0,0,0.0,0.0,0.0,0.0,1.8900000000000001,0.0,100.24000000000001,0.0,0.0,0.0,0.0,,,,,-0.7313747148973765,0.6819758253844349,-0.7313747148973765,0.6819758253844349,-5.286991815053049,4.759709790832545,24.0,996.0,,,0.0,6,0.0,0.0,0.7231666666666667,0.0,-0.0,70.95,-0.03749999999999787,75,3,2016,349
2017-03-17,0.0,0.0,0,0.0,7.2,16.0,11.0375,15.0,10.216666666666667,9.252486191798416,-2.4927018382726445,85.0,246.0,600.0,56.833333333333336,,,,,,,,110.26364700593379,0.9392306565240346,0.0,0.0,0.0,0.0,0.0,0.0,,0.375,0,0,0.0,0.0,0.0,0.0,1.8900000000000001,0.0,100.24000000000001,0.0,0.0,0.0,0.0,,,,,0.9381088693546226,-0.3463405105357899,0.9381088693546226,-0.3463405105357899,7.864613263028653,-2.1187965625317475,25.0,997.0,,,0.0,6,0.0,0.0,0.7806666666666667,0.0,-0.0,61.3,-3.7958333333333343,76,3,2016,350
2017-03-18,0.0,0.0,0,0.0,6.1,19.7,12.3375,16.1,11.525,8.565089316380062,7.063306012087355,78.66666666666667,261.8333333333333,600.0,43.833333333333336,,,,,,,,50.53360637503499,0.9639779952477388,0.0,0.0,0.0,0.0,0.0,0.0,,0.4583333333333333,0,0,0.0,0.0,0.0,0.0,1.8900000000000001,0.0,100.24000000000001,0.0,0.0,0.0,0.0,,,,,0.7719975371588582,0.6356255207436666,0.7719975371588582,0.6356255207436666,6.7378702622189826,5.556467396175386,26.0,998.0,,,0.0,6,0.0,0.0,0.7701111111111111,0.0,-0.0,69.15,1.3000000000000007,77,3,2016,351
2017-03-19,0.0,2.3000000000000003,0,0.0,10.4,22.9,16.216666666666665,13.2,8.866666666666667,2.4202371885820013,8.21350328342097,78.29166666666667,237.16666666666666,600.0,31.041666666666668,,,,,,,,13.686446521782269,0.9607376034602211,0.0,0.0,0.0,0.0,0.0,0.0,,0.4583333333333333,0,0,0.0,0.0,0.0,0.0,1.8900000000000001,0.0,100.24000000000001,0.0,0.0,0.0,0.0,,,,,0.23660831675725721,0.9716051175458564,0.23660831675725721,0.9716051175458564,1.8948440322273254,6.4304886123116685,27.0,999.0,,,0.0,6,0.0,0.0,0.7524166666666666,0.0,-0.0,53.2,3.8791666666666647,78,3,2016,352
2017-03-20,0.0,12.1,0,0.0,14.2,21.1,16.783333333333335,8.9,6.466666666666666,-0.4966619099248671,4.20359908031988,84.54166666666667,184.625,600.0,48.083333333333336,,,,,,,,352.40089652852083,0.6589936030093371,0.0,0.0,0.0,0.0,0.0,0.0,,0.041666666666666664,0,0,0.0,0.0,0.0,0.0,1.8900000000000001,0.0,100.24000000000001,0.0,0.0,0.0,0.0,,,,,-0.13224088032013717,0.9912176095954688,-0.13224088032013717,0.9912176095954688,-0.4198862563489814,3.5537927224870987,28.0,1000.0,,,0.0,6,0.0,0.0,0.7382222222222223,0.0,-0.0,38.8,0.56666666666667,79,3,2016,353
2017-03-21,0.0,18.4,0,0.0,12.3,17.8,15.120833333333332,13.0,5.583333333333333,-2.4857024379031043,4.1688096862999116,96.5,100.95833333333333,448.0,92.54166666666667,,,,,,,,330.0495603872794,0.8095214082709214,0.0,0.0,0.0,0.0,0.0,0.0,,0.0,0,0,0.0,0.0,0.0,0.0,0.91,0.0,100.24000000000001,0.0,0.0,0.0,0.0,,,,,-0.4992507080495089,0.8664575757139319,-0.4992507080495089,0.8664575757139319,-2.3987028525764957,4.022901347279414,29.0,1001.0,,,0.0,6,0.0,0.0,0.7223055555555556,0.0,-0.0,33.5,-1.6625000000000032,80,3,2016,354
2017-03-22,0.0,5.1,0,0.0,10.3,16.6,13.612499999999999,19.2,12.891666666666666,-5.52068847255811,0.8207771069172978,96.54166666666667,96.54166666666667,529.0,91.91666666666667,,,,,,,,266.5887640582079,0.35253509674325156,0.0,0.0,0.0,0.0,0.0,0.0,,0.0,0,0,0.0,0.0,0.0,0.0,0.0,0.0,100.24000000000001,0.0,0.0,0.0,0.0,,,,,-0.998228178501571,-0.05950213143607353,-0.998228178501571,-0.05950213143607353,-5.329764662882142,0.7923918986364079,30.0,1002.0,,,0.0,6,0.0,0.0,0.7195,0.0,-0.0,77.35,-1.5083333333333329,81,3,2016,355
2017-03-23,0.0,3.9,0,0.0,8.8,12.2,9.870833333333334,13.0,9.741666666666667,9.221994223049423,-2.5804952663248377,97.79166666666667,66.29166666666667,298.0,100.0,,,,,,,,106.04929274050029,0.9829523476193208,0.0,0.0,0.0,0.0,0.0,0.0,,0.0,0,0,0.0,0.0,0.0,0.0,0.0,0.0,100.24000000000001,0.0,0.0,0.0,0.0,,,,,0.9610242037273252,-0.2764642469656078,0.9610242037273252,-0.2764642469656078,9.018341850623749,-2.5235093291934976,31.0,1003.0,,,0.0,6,0.0,0.0,0.6412777777777777,0.0,-0.0,58.45,-3.7416666666666654,82,3,2016,356
2017-03-24,0.0,0.1,0,0.0,8.7,18.0,12.216666666666667,12.2,8.233333333333333,5.740409328173253,3.8408553270323758,80.20833333333333,245.625,600.0,66.0,,,,,,,,52.287923138688754,0.84057918969448,0.0,0.0,0.0,0.0,0.0,0.0,,0.20833333333333334,0,0,0.0,0.0,0.0,0.0,0.0,0.0,100.24000000000001,0.0,0.0,0.0,0.0,,,,,0.7910946171150652,0.6116938014820555,0.7910946171150652,0.6116938014820555,4.604286648638963,3.080686043557218,32.0,1004.0,,,0.0,6,0.0,0.0,0.7644444444444444,0.0,-0.0,49.39999999999999,2.345833333333333,83,3,2016,357
2017-03-25,0.0,0.5,0,0.0,10.1,16.7,12.629166666666668,12.6,8.416666666666666,-6.789514789773269,3.874365545902967,84.08333333333333,131.875,597.0,68.41666666666667,,,,,,,,305.1885985268679,0.868427767519532,0.0,0.0,0.0,0.0,0.0,0.0,,0.16666666666666666,0,0,0.0,0.0,0.0,0.0,0.0,0.0,100.24000000000001,0.0,0.0,0.0,0.0,,,,,-0.8172595882931324,0.5762696984424391,-0.8172595882931324,0.5762696984424391,-5.708850352401023,3.257695696513411,33.0,1005.0,,,0.0,6,0.0,0.0,0.7015277777777778,0.0,-0.0,50.5,0.4125000000000014,84,3,2016,358
2017-03-26,0.0,0.0,0,0.0,9.7,19.4,14.704166666666666,10.6,4.058333333333334,-2.8064606835797092,1.982046396373029,69.5,177.625,600.0,41.666666666666664,,,,,,,,304.44018793325745,0.8165458677277665,0.0,0.0,0.0,0.0,0.0,0.0,,0.5,0,0,0.0,0.0,0.0,0.0,0.0,0.0,100.24000000000001,0.0,0.0,0.0,0.0,,,,,-0.8247170208444259,0.5655456087085238,-0.8247170208444259,0.5655456087085238,-1.950490175087898,1.3775222454792553,34.0,1006.0,,,0.0,6,0.0,0.0,0.6834166666666667,0.0,-0.0,24.35,2.0749999999999975,85,3,2016,359
2017-03-27,0.0,6.9,0,0.0,13.1,21.3,16.516666666666666,25.5,16.150000000000002,-12.316283129383734,10.053065923630884,78.875,218.83333333333334,600.0,33.541666666666664,,,,,,,,309.8688337375086,0.9625472924585315,0.0,0.0,0.0,0.0,0.0,0.0,,0.625,0,0,0.0,0.0,0.0,0.0,0.0,0.0,100.24000000000001,0.0,0.0,0.0,0.0,,,,,-0.7675139573276321,0.6410322342185905,-0.7675139573276321,0.6410322342185905,-9.71446831830142,7.92935574726386,35.0,1007.0,,,0.0,6,0.0,0.0,0.7421388888888889,0.0,-0.0,96.9,1.8125,86,3,2016,360
2017-03-28,0.0,0.6000000000000001,0,0.0,8.5,20.1,13.954166666666666,11.6,7.8625,-5.308078209455485,5.435728832275271,65.16666666666667,256.4166666666667,600.0,21.166666666666668,,,,,,,,316.4382619866922,0.9555972806487147,0.0,0.0,0.0,0.0,0.0,0.0,,0.7916666666666666,0,0,0.0,0.0,0.0,0.0,0.0,0.0,100.24000000000001,0.0,0.0,0.0,0.0,,,,,-0.6891357897379633,0.7246322262377196,-0.6891357897379633,0.7246322262377196,-3.4590976331618246,3.5422832890327185,36.0,1008.0,,,0.0,6,0.0,0.0,0.7215000000000001,0.0,-0.0,47.175,-2.5625,87,3,2016,361
2017-03-29,0.0,0.0,0,0.0,8.4,18.5,13.179166666666667,23.5,15.504166666666665,-11.425978050201024,10.112275918877737,44.708333333333336,253.375,600.0,14.25,,,,,,,,314.5906951476099,0.9812100728258988,0.0,0.0,0.0,0.0,0.0,0.0,,0.7916666666666666,0,0,0.0,0.0,0.0,0.0,0.0,0.0,100.24000000000001,0.0,0.0,0.0,0.0,,,,,-0.7121400664749662,0.7020374104853891,-0.7121400664749662,0.7020374104853891,-5.108364353277375,4.521030025398256,37.0,1009.0,,,0.0,6,0.0,0.0,0.6512777777777777,0.0,-0.0,93.02499999999999,-0.7749999999999986,88,3,2016,362
2017-03-30,0.0,1.6,0,0.0,2.6,9.8,6.2749999999999995,15.6,9.666666666666666,2.1242945315098636,-5.719669627741086,84.66666666666667,86.0,471.0,79.0,,,,,,,,155.7928091890404,0.4759405386463062,0.0,0.0,0.0,0.0,0.0,0.0,,0.041666666666666664,0,0,0.0,0.0,0.0,0.0,0.0,0.0,100.24000000000001,0.0,0.0,0.0,0.0,,,,,0.41003750472223094,-0.9120686622843515,0.41003750472223094,-0.9120686622843515,1.7985693700116847,-4.84265361815412,38.0,1010.0,,,0.0,6,0.0,0.0,0.5573333333333333,0.0,-0.0,58.0,-6.904166666666668,89,3,2016,363
2017-03-31,0.0,0.1,0,0.0,-0.3,13.0,5.833333333333333,13.0,6.008333333333333,3.622475471891231,-1.5549830431557143,77.66666666666667,241.29166666666666,600.0,31.625,,,,,,,,109.17263017752292,0.562849070483055,0.0,0.0,0.0,0.0,0.0,0.0,,0.5833333333333334,1,0,0.0,0.0,0.0,0.0,0.0,1.0,100.24000000000001,0.0,0.0,0.0,0.0,,,,,0.9445333599477727,-0.3284154867629894,0.9445333599477727,-0.3284154867629894,2.813455949835523,-1.2077034968509381,39.0,1011.0,,,0.0,6,0.0,0.0,0.7086388888888889,0.0,-0.0,36.05,-0.44166666666666643,90,3,2016,364
2017-04-01,0.0,0.0,0,0.0,2.8,14.4,7.266666666666667,14.6,10.0,-4.222344333864418,0.5002294522235963,70.33333333333333,243.54166666666666,600.0,40.416666666666664,,,,,,,,258.14237688093175,0.3438622112375537,0.0,0.0,0.0,0.0,0.0,0.0,,0.5,0,0,0.0,0.0,0.0,0.0,0.0,0.0,0.0,0.0,0.0,0.0,0.0,,,,,-0.9786612293852324,-0.2054804080640914,-0.9786612293852324,-0.2054804080640914,-2.969715514817974,0.35182804806392937,40.0,1012.0,,,0.0,0,0.0,0.0,0.7168055555555556,0.0,-0.0,0.0,1.4333333333333336,91,4,2017,0
2017-04-02,0.0,0.1,0,0.0,2.2,11.0,5.458333333333333,11.9,6.558333333333334,5.120116842336116,-2.8282079122676866,86.79166666666667,162.41666666666666,580.0,84.25,,,,,,,,120.61684984367011,0.8481778943084604,0.0,0.0,0.0,0.0,0.0,0.0,,0.08333333333333333,0,0,0.0,0.0,0.0,0.0,0.0,0.0,0.0,0.0,0.0,0.0,0.0,,,,,0.8605922882127158,-0.5092945252688289,0.8605922882127158,-0.5092945252688289,4.443834742744221,-2.454648783855663,41.0,1013.0,,,0.0,1,0.0,0.0,0.6420277777777778,0.0,-0.0,6.558333333333334,-1.8083333333333336,92,4,2017,1
2017-04-03,0.0,1.9,0,0.0,3.3,9.6,6.1625000000000005,12.9,10.354166666666666,9.61739288977022,1.1251676978513705,91.04166666666667,156.54166666666666,599.0,82.66666666666667,,,,,,,,81.22592850800555,0.9342912405881616,0.0,0.0,0.0,0.0,0.0,0.0,,0.0,0,0,0.0,0.0,0.0,0.0,0.0,0.0,0.0,0.0,0.0,0.0,0.0,,,,,0.9882975121334144,0.15253860990222615,0.9882975121334144,0.15253860990222615,8.755834776728305,1.024371424918852,42.0,1014.0,,,0.0,2,0.0,0.0,0.6211666666666668,0.0,-0.0,20.708333333333332,0.7041666666666675,93,4,2017,2
2017-04-04,0.0,0.0,0,0.0,3.5,11.9,6.6499999999999995,11.9,9.066666666666666,7.141812052323888,3.6506898250176048,78.04166666666667,197.58333333333334,600.0,28.25,,,,,,,,59.487470451644526,0.8882924817006453,0.0,0.0,0.0,0.0,0.0,0.0,,0.625,0,0,0.0,0.0,0.0,0.0,0.0,0.0,0.0,0.0,0.0,0.0,0.0,,,,,0.8615181504004744,0.5077267735017975,0.8615181504004744,0.5077267735017975,5.573589155834435,2.849059184274156,43.0,1015.0,,,0.0,3,0.0,0.0,0.6563055555555556,0.0,-0.0,27.2,0.48749999999999893,94,4,2017,3
2017-04-05,0.0,0.0,0,0.0,3.0,14.3,8.208333333333334,9.7,6.145833333333333,1.2498639804424951,-0.911703472909382,62.208333333333336,220.5,600.0,31.416666666666668,,,,,,,,74.05468393833411,0.12976234190246785,0.0,0.0,0.0,0.0,0.0,0.0,,0.5416666666666666,0,0,0.0,0.0,0.0,0.0,0.0,0.0,0.0,0.0,0.0,0.0,0.0,,,,,0.9615243304522173,0.27471978805396446,0.9615243304522173,0.27471978805396446,0.7775195511669355,-0.5671555354390447,44.0,1016.0,,,0.0,4,0.0,0.0,0.672138888888889,0.0,-0.0,24.583333333333332,1.5583333333333345,95,4,2017,4
2017-04-06,0.0,0.8,0,0.0,5.3,13.8,9.045833333333333,9.0,4.708333333333333,-0.303450671982211,1.6787341006797636,66.08333333333333,188.875,600.0,34.0,,,,,,,,330.4159320316317,0.506807693243748,0.0,0.0,0.0,0.0,0.0,0.0,,0.3333333333333333,0,0,0.0,0.0,0.0,0.0,0.0,0.0,0.0,0.0,0.0,0.0,0.0,,,,,-0.4937000701590643,0.8696322445292234,-0.4937000701590643,0.8696322445292234,-0.2005303190682444,1.1093634515325437,45.0,1017.0,,,0.0,5,0.0,0.0,0.6528611111111111,0.0,-0.0,23.541666666666664,0.8374999999999986,96,4,2017,5
2017-04-07,0.0,0.0,0,0.0,5.7,15.8,9.958333333333334,11.0,5.754166666666666,-3.7614609649813766,3.99227568086858,65.20833333333333,202.29166666666666,600.0,13.75,,,,,,,,316.3595968081004,0.9461409189384415,0.0,0.0,0.0,0.0,0.0,0.0,,0.7083333333333334,0,0,0.0,0.0,0.0,0.0,0.0,0.0,0.0,0.0,0.0,0.0,0.0,,,,,-0.6901300355818688,0.7236853832901203,-0.6901300355818688,0.7236853832901203,-2.4527860042482725,2.6032964335663866,46.0,1018.0,,,0.0,6,0.0,0.0,0.6855555555555556,0.0,-0.0,34.525,0.9125000000000014,97,4,2017,6
2017-04-08,0.0,0.0,0,0.0,6.9,14.1,10.012500000000001,15.7,12.1,-8.169497604218202,8.812229018159028,70.5,189.875,600.0,37.541666666666664,,,,,,,,317.94844720895276,0.992637213989879,0.0,0.0,0.0,0.0,0.0,0.0,,0.3333333333333333,0,0,0.0,0.0,0.0,0.0,0.0,0.0,0.0,0.0,0.0,0.0,0.0,,,,,-0.6697989918159052,0.7425424638109237,-0.6697989918159052,0.7425424638109237,-5.759495810973833,6.212621457802116,47.0,1019.0,,,0.0,6,0.0,0.0,0.6749166666666667,0.0,-0.0,72.6,0.05416666666666714,98,4,2017,7
2017-04-09,3.43,14.8,8,1.33,-0.5,10.4,6.3500000000000005,30.5,24.2,-18.178906777536813,15.604933453859983,88.875,91.79166666666667,409.0,71.25,,,,,,,,311.26544336919454,0.9899562133644471,1.2375,27.025,30.5,96.75,-22.89879037697298,14.224073164051617,301.62938651475207,0.16666666666666666,0,5,3.43,3.43,3.43,3.43,3.43,0.0,3.43,0.0,0.0,0.0,0.0,,,,,-0.7516620616553694,0.6595484402741012,-0.8514580742433373,0.524422680483813,-16.156503398535843,13.868884607118058,0.0,1020.0,1.0,1.0,100.0,0,0.4975573408203124,3.43,0.5885555555555556,92.69575,0.0,0.0,-3.6625000000000005,99,4,2017,8
2017-04-10,6.720000000000001,21.6,11,1.68,-2.3,4.4,1.575,18.7,12.512500000000001,-10.224455097749662,-2.640591900947998,97.375,51.041666666666664,215.0,99.16666666666667,,,,,,,,258.57083304318246,0.8559547898587785,0.6727272727272727,12.127272727272727,18.7,95.27272727272727,-10.61966219230514,1.33597829165993,277.96009709588094,0.0,0,6,10.15,10.15,10.15,10.15,10.15,0.0,10.15,0.0,0.0,0.0,0.0,,,,,-0.9801704282787168,-0.19815633103163005,-0.9903647538865531,0.13848340788421917,-9.956063151433733,-2.5712763635481135,0.0,1021.0,0.6620689655172414,1.0,100.0,0,1.3294416198347108,10.15,0.4563888888888889,81.49527272727273,0.0,0.0,-4.775,100,4,2017,9
2017-04-11,0.0,1.6,0,0.0,3.3,8.4,4.983333333333333,15.8,10.270833333333334,4.998391401223641,-7.3248109701673805,95.41666666666667,149.04166666666666,600.0,95.04166666666667,,,,,,,,139.86538883118715,0.8438457970810364,0.0,0.0,0.0,0.0,0.0,0.0,,0.0,0,0,6.720000000000001,10.15,10.15,10.15,10.15,0.0,10.15,0.0,0.0,0.0,0.0,,,,,0.6445855850523785,-0.7645321599139456,0.6445855850523785,-0.7645321599139456,4.769298462000891,-6.989090467368043,1.0,1022.0,0.0,1.0,0.0,1,0.0,5.075,0.6040833333333334,0.0,-0.0,10.270833333333334,3.408333333333333,101,4,2017,10
2017-04-12,0.0,0.4,0,0.0,5.1,12.0,7.520833333333333,8.7,5.516666666666667,4.9831109988146896,-0.26277663146853586,89.375,158.45833333333334,600.0,83.625,,,,,,,,93.2138333467288,0.8981615909166613,0.0,0.0,0.0,0.0,0.0,0.0,,0.0,0,0,0.0,6.720000000000001,10.15,10.15,10.15,0.0,10.15,0.0,0.0,0.0,0.0,,,,,0.9984272576798846,-0.05606256435291964,0.9984272576798846,-0.05606256435291964,4.453655455190629,-0.23485661437500394,2.0,1023.0,0.0,0.6620689655172414,0.0,2,0.0,2.24,0.6702222222222223,0.0,-0.0,11.033333333333333,2.5374999999999996,102,4,2017,11
2017-04-13,0.0,0.0,0,0.0,4.6,12.6,7.8625,15.0,7.216666666666666,-5.598020256156059,-0.2525920315398384,78.54166666666667,176.29166666666666,600.0,29.916666666666668,,,,,,,,282.61875020194964,0.6333239352475275,0.0,0.0,0.0,0.0,0.0,0.0,,0.5416666666666666,0,0,0.0,0.0,10.15,10.15,10.15,0.0,10.15,0.0,0.0,0.0,0.0,,,,,-0.9758453217047284,0.21846260116320873,-0.9758453217047284,0.21846260116320873,-4.396778409522572,-0.19838999143858144,3.0,1024.0,,0.0,0.0,3,0.0,0.0,0.6593333333333334,0.0,-0.0,21.65,0.3416666666666668,103,4,2017,12
2017-04-14,0.0,0.0,0,0.0,4.4,13.0,8.604166666666666,19.0,8.987499999999999,-8.279343702544603,1.5068462798892899,63.041666666666664,203.45833333333334,600.0,10.083333333333334,,,,,,,,287.0212839275988,0.8771431786889987,0.0,0.0,0.0,0.0,0.0,0.0,,0.8333333333333334,0,0,0.0,0.0,10.15,10.15,10.15,0.0,10.15,0.0,0.0,0.0,0.0,,,,,-0.9561960813174067,0.29272692748231305,-0.9561960813174067,0.29272692748231305,-5.2194362591458265,0.9499410089468731,4.0,1025.0,,0.0,0.0,4,0.0,0.0,0.6346666666666666,0.0,-0.0,35.949999999999996,0.7416666666666663,104,4,2017,13
2017-04-15,0.0,0.0,0,0.0,2.8,13.1,7.1000000000000005,12.1,6.470833333333334,-4.024688969550917,4.696114598186199,73.375,210.16666666666666,600.0,1.875,,,,,,,,323.1003998149149,0.9514427828651908,0.0,0.0,0.0,0.0,0.0,0.0,,0.9583333333333334,0,0,0.0,0.0,10.15,10.15,10.15,0.0,10.15,0.0,0.0,0.0,0.0,,,,,-0.600414645042415,0.7996888482519878,-0.600414645042415,0.7996888482519878,-2.9531155314079856,3.4457740864191235,5.0,1026.0,,0.0,0.0,5,0.0,0.0,0.6758055555555557,0.0,-0.0,32.35416666666667,-1.5041666666666655,105,4,2017,14
2017-04-16,0.0,0.0,0,0.0,3.5,11.3,6.8,15.5,10.654166666666667,-8.288073523602364,5.0084347464338625,71.41666666666667,148.08333333333334,600.0,49.958333333333336,,,,,,,,305.09124889379336,0.88949174470315,0.0,0.0,0.0,0.0,0.0,0.0,,0.2916666666666667,0,0,0.0,0.0,6.720000000000001,10.15,10.15,0.0,10.15,0.0,0.0,0.0,0.0,,,,,-0.8182375316633749,0.5748802847353766,-0.8182375316633749,0.5748802847353766,-5.919065841439355,3.576857148078184,6.0,1027.0,,0.0,0.0,6,0.0,0.0,0.587888888888889,0.0,-0.0,63.925,-0.3000000000000007,106,4,2017,15
2017-04-17,0.0,0.2,0,0.0,6.0,14.1,9.558333333333334,12.2,7.1875,-5.61400175491215,3.9211638272682054,70.33333333333333,169.0,600.0,63.25,,,,,,,,309.31546591093286,0.9503927938738007,0.0,0.0,0.0,0.0,0.0,0.0,,0.08333333333333333,0,0,0.0,0.0,0.0,10.15,10.15,0.0,10.15,0.0,0.0,0.0,0.0,,,,,-0.773669212361363,0.6335897330640295,-0.773669212361363,0.6335897330640295,-3.948514567621545,2.757885225178638,7.0,1028.0,,,0.0,6,0.0,0.0,0.6604444444444444,0.0,-0.0,43.125,2.7583333333333337,107,4,2017,16
2017-04-18,0.0,0.1,0,0.0,6.8,16.0,11.012500000000001,11.8,6.829166666666667,-2.9022620478981835,3.8565390431590836,68.625,170.625,600.0,39.458333333333336,,,,,,,,318.12096791169716,0.5598516042374004,0.0,0.0,0.0,0.0,0.0,0.0,,0.4166666666666667,0,0,0.0,0.0,0.0,10.15,10.15,0.0,10.15,0.0,0.0,0.0,0.0,,,,,-0.6675601231761493,0.7445558957828783,-0.6675601231761493,0.7445558957828783,-1.9916773303701285,2.6465499183679215,8.0,1029.0,,,0.0,6,0.0,0.0,0.6758333333333333,0.0,-0.0,40.975,1.4541666666666675,108,4,2017,17
2017-04-19,0.0,0.0,0,0.0,7.2,16.8,11.670833333333334,9.7,5.8374999999999995,-0.6137920481471988,4.337326663671728,62.666666666666664,180.83333333333334,600.0,41.791666666666664,,,,,,,,349.55891731026986,0.5849147857086481,0.0,0.0,0.0,0.0,0.0,0.0,,0.5,0,0,0.0,0.0,0.0,10.15,10.15,0.0,10.15,0.0,0.0,0.0,0.0,,,,,-0.18122434726765907,0.9834417806649314,-0.18122434726765907,0.9834417806649314,-0.3846430168389112,2.718058042567616,9.0,1030.0,,,0.0,6,0.0,0.0,0.6627777777777778,0.0,-0.0,35.025,0.6583333333333332,109,4,2017,18
2017-04-20,0.0,0.0,0,0.0,6.3,15.8,10.616666666666667,10.7,6.158333333333332,-4.088699015509898,4.306859900544031,73.66666666666667,184.08333333333334,600.0,49.083333333333336,,,,,,,,313.1487188586832,0.9432364630895483,0.0,0.0,0.0,0.0,0.0,0.0,,0.2916666666666667,0,0,0.0,0.0,0.0,10.15,10.15,0.0,10.15,0.0,0.0,0.0,0.0,,,,,-0.7295810219717299,0.6838943868600518,-0.7295810219717299,0.6838943868600518,-3.012008274758959,3.172720126734103,10.0,1031.0,,,0.0,6,0.0,0.0,0.7016111111111112,0.0,-0.0,36.949999999999996,-1.0541666666666671,110,4,2017,19
2017-04-21,0.0,6.6,0,0.0,6.6,12.2,9.083333333333334,17.1,10.958333333333334,-6.711846090205438,8.599437391868985,85.79166666666667,73.54166666666667,422.0,92.45833333333333,,,,,,,,322.58346800050026,0.9953258845021382,0.0,0.0,0.0,0.0,0.0,0.0,,0.0,0,0,0.0,0.0,0.0,10.15,10.15,0.0,10.15,0.0,0.0,0.0,0.0,,,,,-0.607605033102184,0.7942393365660593,-0.607605033102184,0.7942393365660593,-5.758204624888749,7.377600662440934,11.0,1032.0,,,0.0,6,0.0,0.0,0.6061111111111112,0.0,-0.0,65.75,-1.5333333333333332,111,4,2017,20
2017-04-22,0.0,8.9,0,0.0,5.1,11.5,8.470833333333333,15.1,9.191666666666666,-6.6289022626719785,5.691772705757402,94.29166666666667,146.20833333333334,492.0,72.29166666666667,,,,,,,,317.33884276608256,0.9175493039856772,0.0,0.0,0.0,0.0,0.0,0.0,,0.08333333333333333,0,0,0.0,0.0,0.0,10.15,10.15,0.0,10.15,0.0,0.0,0.0,0.0,,,,,-0.6776612903591414,0.7353741738385865,-0.6776612903591414,0.7353741738385865,-6.250502425177786,5.366867347137084,12.0,1033.0,,,0.0,6,0.0,0.0,0.6673333333333334,0.0,-0.0,55.15,-0.6125000000000007,112,4,2017,21
2017-04-23,0.0,0.1,0,0.0,5.1,13.4,9.174999999999999,5.7,2.7624999999999997,-0.6172070323300228,1.5431262890367072,76.70833333333333,134.20833333333334,476.0,33.666666666666664,,,,,,,,332.7502181296264,0.5763520951664783,0.0,0.0,0.0,0.0,0.0,0.0,,0.5,0,0,0.0,0.0,0.0,6.720000000000001,10.15,0.0,10.15,0.0,0.0,0.0,0.0,,,,,-0.45787053055410265,0.8890188846419993,-0.45787053055410265,0.8890188846419993,-0.47344922771648834,1.183706457548574,13.0,1034.0,,,0.0,6,0.0,0.0,0.6429444444444444,0.0,-0.0,16.575,0.7041666666666657,113,4,2017,22
2017-04-24,0.0,0.0,0,0.0,6.8,13.6,9.5875,14.3,9.112499999999999,-6.050742764374193,6.309480931875338,79.5,160.375,600.0,63.75,,,,,,,,320.62555199627417,0.9483429781218695,0.0,0.0,0.0,0.0,0.0,0.0,,0.20833333333333334,0,0,0.0,0.0,0.0,0.0,10.15,0.0,10.15,0.0,0.0,0.0,0.0,,,,,-0.6343858368336565,0.7730165651684713,-0.6343858368336565,0.7730165651684713,-4.810340497677483,5.016037340840894,14.0,1035.0,,,0.0,6,0.0,0.0,0.6741388888888888,0.0,-0.0,54.675,0.4125000000000014,114,4,2017,23
2017-04-25,0.0,14.4,0,0.0,7.1,10.5,8.854166666666666,24.2,17.533333333333335,-14.750431103917734,8.915030740441551,98.5,61.291666666666664,359.0,100.0,,,,,,,,301.9182621364963,0.982132244413077,0.0,0.0,0.0,0.0,0.0,0.0,,0.0,0,0,0.0,0.0,0.0,0.0,10.15,0.0,10.15,0.0,0.0,0.0,0.0,,,,,-0.8488032130267847,0.5287089043655371,-0.8488032130267847,0.5287089043655371,-14.529174637358967,8.781305279334928,15.0,1036.0,,,0.0,6,0.0,0.0,0.6025277777777777,0.0,-0.0,105.20000000000002,-0.7333333333333343,115,4,2017,24
2017-04-26,4.34,11.3,10,1.89,-2.1,6.7,3.2083333333333335,21.6,13.679166666666667,-8.112665902201167,-3.2110543016993494,98.0,46.291666666666664,214.0,85.375,,,,,,,,240.61300455102997,0.6488051790976245,2.65,11.959999999999999,17.2,96.5,-4.141642386567695,-11.03719746445923,202.43392430998122,0.0,0,10,4.34,4.34,4.34,4.34,14.49,0.0,14.49,0.0,0.0,0.0,0.0,,,,,-0.8713252101995882,-0.4907059996277236,-0.38161772482040485,-0.9243202432614455,-7.950412584157143,-3.146833215665362,0.0,1037.0,1.0,1.0,93.744,0,0.6782524875000002,4.34,0.5064166666666666,51.90639999999999,0.0,0.0,-5.645833333333332,116,4,2017,25
2017-04-27,0.28,0.4,4,0.07,-2.7,4.0,0.02083333333333332,16.3,9.7125,-1.6462392913533888,-8.914482499109624,89.25,96.70833333333333,405.0,66.125,,,,,,,,198.98692722882464,0.8579018974520547,1.5499999999999998,13.925,16.3,81.75,1.1733320001794134,-13.863508275508867,175.49897121121649,0.25,1,4,4.62,4.62,4.62,4.62,14.77,1.0,14.77,0.0,0.0,0.0,0.0,,,,,-0.325352413725148,-0.9455928335616869,0.07847699611518626,-0.9969159247803884,-1.4692685675328994,-7.9561756304553395,0.0,1038.0,0.06060606060606061,1.0,4.564000000000001,1,0.04885420312499999,4.62,0.4508611111111111,3.8990000000000005,0.0,9.7125,-3.1875,117,4,2017,26
2017-04-28,0.0,0.0,0,0.0,-1.7,11.8,4.75,11.2,7.2749999999999995,-5.7293694282872005,0.9749819099613785,76.375,175.125,600.0,27.375,,,,,,,,270.8457034240736,0.7664167017215722,0.0,0.0,0.0,0.0,0.0,0.0,,0.5416666666666666,0,0,0.28,4.62,4.62,4.62,14.77,1.0,14.77,0.0,0.0,0.0,0.0,,,,,-0.999891068613221,0.014759773287929328,-0.999891068613221,0.014759773287929328,-4.375805900854349,0.7446424337330028,1.0,1039.0,0.0,1.0,0.0,2,0.0,2.31,0.6335555555555556,0.0,-0.0,14.549999999999999,4.729166666666667,118,4,2017,27
2017-04-29,0.0,0.0,0,0.0,3.0,11.2,6.529166666666666,11.0,6.941666666666666,-5.688289713370719,2.9651517866761026,83.125,162.625,600.0,31.0,,,,,,,,303.0033120483961,0.8860255404391725,0.0,0.0,0.0,0.0,0.0,0.0,,0.3333333333333333,0,0,0.0,0.28,4.62,4.62,14.77,1.0,14.77,0.0,0.0,0.0,0.0,,,,,-0.8386390830587315,0.5446875144212598,-0.8386390830587315,0.5446875144212598,-4.72839082423941,2.4647824226745105,2.0,1040.0,0.0,0.06060606060606061,0.0,3,0.0,0.09333333333333334,0.6343888888888889,0.0,-0.0,20.825,1.779166666666666,119,4,2017,28
2017-04-30,0.0,0.0,0,0.0,3.7,13.2,7.6000000000000005,12.9,6.1625000000000005,-3.376350492654859,4.323621074369705,80.41666666666667,175.875,600.0,15.625,,,,,,,,321.666659313051,0.8489245805598427,0.0,0.0,0.0,0.0,0.0,0.0,,0.7083333333333334,0,0,0.0,0.0,4.62,4.62,14.77,1.0,14.77,0.0,0.0,0.0,0.0,,,,,-0.6202355919439303,0.7844155853155662,-0.6202355919439303,0.7844155853155662,-2.7151485211766158,3.4769119473056382,3.0,1041.0,,0.0,0.0,4,0.0,0.0,0.6786388888888889,0.0,-0.0,24.650000000000002,1.0708333333333346,120,4,2017,29
2017-05-01,0.0,0.0,0,0.0,4.9,9.1,6.629166666666666,25.2,21.462500000000002,-17.20931337485189,12.578298936813747,87.0,86.45833333333333,420.0,82.29166666666667,,,,,,,,306.6250924170588,0.9917483594105365,0.0,0.0,0.0,0.0,0.0,0.0,,0.041666666666666664,0,0,0.0,0.0,4.62,4.62,14.77,1.0,14.77,0.0,0.0,0.0,0.0,,,,,-0.8025562843321107,0.5965764079135517,-0.8025562843321107,0.5965764079135517,-14.972102636121146,10.94312007502796,4.0,1042.0,,0.0,0.0,5,0.0,0.0,0.549861111111111,0.0,-0.0,107.31250000000001,-0.9708333333333341,121,5,2017,30
2017-05-02,0.07,2.0,1,0.07,0.9,6.8,4.25,21.1,13.858333333333334,-11.450895973403917,3.2983568574673328,95.70833333333333,77.0,369.0,86.20833333333333,,,,,,,,280.96824757898446,0.7907360525569657,1.9,10.1,10.1,98.0,-2.952954217699641,-9.658678035226657,197.0,0.0,0,1,0.07,0.07,4.6899999999999995,4.6899999999999995,14.84,1.0,14.84,0.0,0.0,0.0,0.0,,,,,-0.9817327760515204,0.19026496373787588,-0.29237170472273677,-0.9563047559630354,-10.959461687878665,3.156802375667693,0.0,1043.0,1.0,0.014925373134328361,1.4770000000000003,6,0.012385406250000001,0.07,0.5214722222222222,0.7070000000000001,0.0,83.15,-2.3791666666666664,122,5,2017,31
2017-05-03,0.0,0.0,0,0.0,-4.2,7.9,1.0166666666666668,9.0,6.1875,3.7128819355565543,-1.0946118458393708,81.79166666666667,163.41666666666666,600.0,15.75,,,,,,,,104.61477964129107,0.6319169254268323,0.0,0.0,0.0,0.0,0.0,0.0,,0.7916666666666666,1,0,0.07,0.07,0.35000000000000003,4.6899999999999995,14.84,2.0,14.84,0.0,0.0,0.0,0.0,,,,,0.9676441161383301,-0.25231897372744266,0.9676441161383301,-0.25231897372744266,3.0368280164572985,-0.8953012722427854,1.0,1044.0,0.0,0.2,0.0,6,0.0,0.035,0.557138888888889,0.0,-0.0,37.125,-3.2333333333333334,123,5,2017,32
2017-05-04,0.0,0.0,0,0.0,-0.4,10.4,4.691666666666666,9.0,4.366666666666666,-1.5146204958150304,3.3849075379483207,61.833333333333336,168.91666666666666,600.0,4.375,,,,,,,,319.22849950126147,0.684492564941601,0.0,0.0,0.0,0.0,0.0,0.0,,0.9583333333333334,0,0,0.0,0.07,0.07,4.6899999999999995,14.84,1.0,14.84,0.0,0.0,0.0,0.0,,,,,-0.6530439861613059,0.7573199800206991,-0.6530439861613059,0.7573199800206991,-0.9365403399122938,2.0930011609647114,2.0,1045.0,0.0,1.0,0.0,2,0.0,0.023333333333333334,0.5498333333333333,0.0,-0.0,8.733333333333333,3.675,124,5,2017,33
2017-05-05,0.0,0.0,0,0.0,1.5,9.9,5.216666666666667,17.3,10.4625,-6.7016540526624935,7.748225247576804,80.375,156.70833333333334,578.0,45.0,,,,,,,,320.61583231883264,0.9788101738980227,0.0,0.0,0.0,0.0,0.0,0.0,,0.5,0,0,0.0,0.0,0.07,4.6899999999999995,14.84,1.0,14.84,0.0,0.0,0.0,0.0,,,,,-0.6345169625237992,0.7729089365957491,-0.6345169625237992,0.7729089365957491,-5.386454444827479,6.2276360427398565,3.0,1046.0,,0.0,0.0,3,0.0,0.0,0.5923888888888889,0.0,-0.0,31.387500000000003,0.5250000000000004,125,5,2017,34
2017-05-06,0.0,0.4,0,0.0,4.3,9.2,6.891666666666667,35.6,26.47083333333333,-22.055135133436753,14.50015949801447,85.875,124.45833333333333,599.0,71.95833333333333,,,,,,,,303.70896146961866,0.9970138138701062,0.0,0.0,0.0,0.0,0.0,0.0,,0.16666666666666666,0,0,0.0,0.0,0.07,4.6899999999999995,14.84,1.0,14.84,0.0,0.0,0.0,0.0,,,,,-0.8318673303187495,0.554974544234559,-0.8318673303187495,0.554974544234559,-18.93984729583881,12.452011968919926,4.0,1047.0,,0.0,0.0,4,0.0,0.0,0.5736666666666667,0.0,-0.0,105.88333333333333,1.6749999999999998,126,5,2017,35
2017-05-07,0.35,2.1,2,0.21,-1.5,5.6,1.5625,26.7,14.891666666666666,-14.105899266060227,1.0673241803034796,79.41666666666667,157.375,573.0,29.041666666666668,,,,,,,,274.31230985678684,0.9535927531103298,2.4,26.6,26.7,100.0,-25.11802971378649,8.643296062917775,289.0,0.5,1,2,0.35,0.35,0.42,5.04,15.19,2.0,15.19,0.0,0.0,0.0,0.0,,,,,-0.9971690015161107,0.07519296785845685,-0.945518575599317,0.3255681544571563,-11.202435000462831,0.8476332865243468,0.0,1048.0,1.0,0.8333333333333333,9.344999999999999,0,0.04438875000000001,0.35,0.4940833333333334,9.31,0.0,0.0,-5.329166666666667,127,5,2017,36
2017-05-08,0.0,0.0,0,0.0,-1.1,6.5,2.0875,12.4,7.133333333333333,1.1807193881044244,-4.991971788301348,86.95833333333333,122.33333333333333,541.0,68.625,,,,,,,,161.9565964416252,0.5300293302414115,0.0,0.0,0.0,0.0,0.0,0.0,,0.08333333333333333,0,0,0.35,0.35,0.42,5.04,15.19,2.0,15.19,0.0,0.0,0.0,0.0,,,,,0.3097373642386682,-0.9508221522421965,0.3097373642386682,-0.9508221522421965,1.026733901239139,-4.340935467577047,1.0,1049.0,0.0,0.8333333333333333,0.0,1,0.0,0.175,0.5158611111111111,0.0,-0.0,7.133333333333333,0.5249999999999999,128,5,2017,37
2017-05-09,0.0,0.0,0,0.0,0.1,9.4,4.116666666666666,8.0,4.425,1.494749343442724,-1.3268572168216244,75.66666666666667,154.41666666666666,590.0,14.375,,,,,,,,91.27565034290689,0.31554179649999814,0.0,0.0,0.0,0.0,0.0,0.0,,0.8333333333333334,0,0,0.0,0.35,0.35,5.04,11.76,2.0,15.19,0.0,0.0,0.0,0.0,,,,,0.9997521607422536,-0.02226245923511542,0.9997521607422536,-0.02226245923511542,1.1310270032049945,-1.0039886273950291,2.0,1050.0,0.0,1.0,0.0,2,0.0,0.11666666666666665,0.5640555555555555,0.0,-0.0,8.85,2.0291666666666663,129,5,2017,38
2017-05-10,0.0,0.0,0,0.0,1.4,10.7,5.729166666666667,8.7,5.466666666666666,-3.501370085813393,0.42292253082073555,68.875,157.25,596.0,1.4166666666666667,,,,,,,,290.27115073151356,0.6455042671745048,0.0,0.0,0.0,0.0,0.0,0.0,,1.0,0,0,0.0,0.0,0.35,0.7,5.04,1.0,15.19,0.0,0.0,0.0,0.0,,,,,-0.938063502922512,0.34646336672835476,-0.938063502922512,0.34646336672835476,-2.4115686466039743,0.29128789310278164,3.0,1051.0,,0.0,0.0,3,0.0,0.0,0.5721944444444443,0.0,-0.0,16.4,1.6125000000000007,130,5,2017,39
2017-05-11,0.0,0.0,0,0.0,3.1,11.4,6.5249999999999995,6.4,4.6000000000000005,-1.4841606225285089,0.4883929783985019,66.20833333333333,137.83333333333334,515.0,42.875,,,,,,,,297.77733551712925,0.3449612342527372,0.0,0.0,0.0,0.0,0.0,0.0,,0.5416666666666666,0,0,0.0,0.0,0.35,0.42,5.04,1.0,15.19,0.0,0.0,0.0,0.0,,,,,-0.8847653944957069,0.466036690296865,-0.8847653944957069,0.466036690296865,-0.9826380121657502,0.32335685111467477,4.0,1052.0,,0.0,0.0,4,0.0,0.0,0.5659166666666667,0.0,-0.0,18.400000000000002,0.7958333333333325,131,5,2017,40
2017-05-12,0.0,0.0,0,0.0,3.3,10.2,6.1499999999999995,10.6,6.5125,-3.4947184272242757,5.084977383452631,68.29166666666667,131.20833333333334,509.0,87.0,,,,,,,,328.9903475336266,0.9487987424290748,0.0,0.0,0.0,0.0,0.0,0.0,,0.041666666666666664,0,0,0.0,0.0,0.35,0.42,5.04,1.0,15.19,0.0,0.0,0.0,0.0,,,,,-0.5151824722778778,0.8570805214550461,-0.5151824722778778,0.8570805214550461,-2.3866014592585785,3.4726158047828597,5.0,1053.0,,0.0,0.0,5,0.0,0.0,0.5417777777777778,0.0,-0.0,32.5625,-0.375,132,5,2017,41
2017-05-13,0.0,0.0,0,0.0,2.5,9.2,5.608333333333333,13.0,6.1375,-2.869923343123219,4.535133882131227,75.79166666666667,118.125,413.0,67.0,,,,,,,,340.5205775383086,0.8469375532195034,0.0,0.0,0.0,0.0,0.0,0.0,,0.08333333333333333,0,0,0.0,0.0,0.35,0.42,5.04,1.0,15.19,0.0,0.0,0.0,0.0,,,,,-0.3334682919847593,0.9427613156259474,-0.3334682919847593,0.9427613156259474,-2.175162733808807,3.437253554831959,6.0,1054.0,,0.0,0.0,6,0.0,0.0,0.5358333333333333,0.0,-0.0,36.825,-0.5416666666666661,133,5,2017,42
2017-05-14,0.0,6.1,0,0.0,3.2,6.4,4.745833333333334,8.5,5.370833333333334,3.1686958154618323,3.5530679975623287,91.04166666666667,48.625,305.0,85.79166666666667,,,,,,,,40.247016944862025,0.8879300106265744,0.0,0.0,0.0,0.0,0.0,0.0,,0.0,0,0,0.0,0.0,0.0,0.42,5.04,0.0,15.19,0.0,0.0,0.0,0.0,,,,,0.6460842417297424,0.7632661086334854,0.6460842417297424,0.7632661086334854,2.8848334819933767,3.2347723227807035,7.0,1055.0,,,0.0,6,0.0,0.0,0.47811111111111115,0.0,-0.0,32.225,-0.8624999999999998,134,5,2017,43
2017-05-15,0.0,0.0,0,0.0,2.9,7.6,4.554166666666666,10.8,5.8125,2.60946465655627,-4.458214805623426,94.0,91.91666666666667,421.0,88.79166666666667,,,,,,,,138.63178092021195,0.8032443560199983,0.0,0.0,0.0,0.0,0.0,0.0,,0.0,0,0,0.0,0.0,0.0,0.42,5.04,0.0,15.19,0.0,0.0,0.0,0.0,,,,,0.6608956907304387,-0.7504777718053588,0.6608956907304387,-0.7504777718053588,2.4528967771628936,-4.19072191728602,8.0,1056.0,,,0.0,6,0.0,0.0,0.5435,0.0,-0.0,34.875,-0.19166666666666732,135,5,2017,44
2017-05-16,0.0,0.0,0,0.0,-0.0,8.7,3.579166666666667,6.5,4.6375,-2.248006862173078,-1.283392722983847,83.54166666666667,143.83333333333334,575.0,39.208333333333336,,,,,,,,233.64333326100578,0.5624858227109858,0.0,0.0,0.0,0.0,0.0,0.0,,0.5,0,0,0.0,0.0,0.0,0.35,5.04,0.0,15.19,0.0,0.0,0.0,0.0,,,,,-0.805342374611611,-0.5928099692607504,-0.805342374611611,-0.5928099692607504,-1.8780223994404255,-1.0721676706594223,9.0,1057.0,,,0.0,6,0.0,0.0,0.5676944444444444,0.0,-0.0,27.825000000000003,-0.9749999999999992,136,5,2017,45
2017-05-17,0.0,0.0,0,0.0,0.8,11.9,6.1499999999999995,7.7,4.445833333333334,-0.13581198560511512,2.90631476377523,59.375,129.16666666666666,488.0,78.20833333333333,,,,,,,,356.80565570476244,0.5430469469720695,0.0,0.0,0.0,0.0,0.0,0.0,,0.16666666666666666,0,0,0.0,0.0,0.0,0.35,5.04,0.0,15.19,0.0,0.0,0.0,0.0,,,,,-0.055722947964953445,0.9984462694958077,-0.055722947964953445,0.9984462694958077,-0.08063836645303711,1.7256243909915425,10.0,1058.0,,,0.0,6,0.0,0.0,0.5484722222222222,0.0,-0.0,26.675000000000004,2.5708333333333324,137,5,2017,46
2017-05-18,0.0,0.0,0,0.0,5.3,13.8,8.208333333333334,14.5,8.966666666666667,7.042704181011281,5.1123562990958655,62.458333333333336,140.41666666666666,555.0,53.041666666666664,,,,,,,,51.86555387255164,0.9704468621404844,0.0,0.0,0.0,0.0,0.0,0.0,,0.2916666666666667,0,0,0.0,0.0,0.0,0.35,5.04,0.0,15.19,0.0,0.0,0.0,0.0,,,,,0.7865639188260591,0.6175088676294396,0.7865639188260591,0.6175088676294396,4.39875565305663,3.1930925384769595,11.0,1059.0,,,0.0,6,0.0,0.0,0.6084722222222223,0.0,-0.0,53.8,2.0583333333333345,138,5,2017,47
2017-05-19,0.0,5.7,0,0.0,5.2,10.1,7.0625,17.3,11.804166666666667,6.287215324029752,9.768303009800517,88.5,87.16666666666667,486.0,96.54166666666667,,,,,,,,33.426524315079924,0.9816495533673455,0.0,0.0,0.0,0.0,0.0,0.0,,0.0,0,0,0.0,0.0,0.0,0.35,5.04,0.0,15.19,0.0,0.0,0.0,0.0,,,,,0.5508671627407055,0.8345929361155684,0.5508671627407055,0.8345929361155684,5.5641855617663305,8.644948163673456,12.0,1060.0,,,0.0,6,0.0,0.0,0.5775555555555556,0.0,-0.0,70.825,-1.145833333333334,139,5,2017,48
2017-05-20,0.0,15.9,0,0.0,3.1,10.2,6.425,13.3,7.308333333333334,-3.9726256568635354,4.881216011658531,90.125,124.33333333333333,528.0,64.58333333333333,,,,,,,,327.51895334428167,0.8273203726509475,0.0,0.0,0.0,0.0,0.0,0.0,,0.125,0,0,0.0,0.0,0.0,0.35,5.04,0.0,15.19,0.0,0.0,0.0,0.0,,,,,-0.537020586529796,0.8435691374411429,-0.537020586529796,0.8435691374411429,-3.580328873248261,4.399195930507251,13.0,1061.0,,,0.0,6,0.0,0.0,0.6099722222222222,0.0,-0.0,43.85,-0.6375000000000002,140,5,2017,49
2017-05-21,0.0,0.0,0,0.0,1.5,9.7,4.679166666666666,9.0,6.0249999999999995,-4.075293200269797,3.5985515181525223,79.58333333333333,139.0,548.0,9.5,,,,,,,,312.5377622608763,0.9030839732796816,0.0,0.0,0.0,0.0,0.0,0.0,,0.9166666666666666,0,0,0.0,0.0,0.0,0.0,5.04,0.0,15.19,0.0,0.0,0.0,0.0,,,,,-0.7368319115661548,0.676075982488482,-0.7368319115661548,0.676075982488482,-3.2432541718813797,2.8638472498630487,14.0,1062.0,,,0.0,6,0.0,0.0,0.5735,0.0,-0.0,36.15,-1.7458333333333336,141,5,2017,50
2017-05-22,0.0,0.0,0,0.0,2.3,12.3,6.3625,8.1,4.2375,-1.5839068558093423,3.1364713467862395,70.54166666666667,140.08333333333334,549.0,0.041666666666666664,,,,,,,,337.325884425034,0.8047797799370219,0.0,0.0,0.0,0.0,0.0,0.0,,1.0,0,0,0.0,0.0,0.0,0.0,5.04,0.0,15.19,0.0,0.0,0.0,0.0,,,,,-0.385489229362601,0.922712335479172,-0.385489229362601,0.922712335479172,-1.117314294535507,2.21251916254546,15.0,1063.0,,,0.0,6,0.0,0.0,0.6018611111111111,0.0,-0.0,25.424999999999997,1.6833333333333336,142,5,2017,51
2017-05-23,0.0,0.0,0,0.0,4.1,11.5,6.870833333333334,15.5,11.475,-7.140773150510836,8.851864216941527,70.5,107.375,513.0,38.708333333333336,,,,,,,,322.0009834213255,0.9911382771833033,0.0,0.0,0.0,0.0,0.0,0.0,,0.5,0,0,0.0,0.0,0.0,0.0,5.04,0.0,15.19,0.0,0.0,0.0,0.0,,,,,-0.615647949865627,0.7880213206673093,-0.615647949865627,0.7880213206673093,-5.034245071110139,6.240564272943776,16.0,1064.0,,,0.0,6,0.0,0.0,0.5621388888888889,0.0,-0.0,68.85,0.5083333333333337,143,5,2017,52
2017-05-24,0.0,4.1,0,0.0,3.0,5.9,4.2749999999999995,25.5,18.316666666666666,-16.86343082096923,6.673072234290846,96.16666666666667,91.95833333333333,463.0,91.58333333333333,,,,,,,,292.5929652880293,0.9874364190932723,0.0,0.0,0.0,0.0,0.0,0.0,,0.0,0,0,0.0,0.0,0.0,0.0,5.04,0.0,15.19,0.0,0.0,0.0,0.0,,,,,-0.923257393505866,0.3841819690416958,-0.923257393505866,0.3841819690416958,-16.216999306165413,6.4172711319763645,17.0,1065.0,,,0.0,6,0.0,0.0,0.5129722222222223,0.0,-0.0,109.9,-2.595833333333334,144,5,2017,53
2017-05-25,0.0,0.6000000000000001,0,0.0,1.9,8.5,4.1875,16.7,13.120833333333332,-10.926307237837266,7.205487494007361,91.91666666666667,117.5,501.0,67.91666666666667,,,,,,,,303.1662299862072,0.9976201742885821,0.0,0.0,0.0,0.0,0.0,0.0,,0.20833333333333334,0,0,0.0,0.0,0.0,0.0,5.04,0.0,15.19,0.0,0.0,0.0,0.0,,,,,-0.8370869007285301,0.5470699412586146,-0.8370869007285301,0.5470699412586146,-10.043097402778754,6.6230439215751,18.0,1066.0,,,0.0,6,0.0,0.0,0.5736111111111111,0.0,-0.0,78.725,-0.08749999999999947,145,5,2017,54
2017-05-26,0.0,0.2,0,0.0,0.8,7.8,4.195833333333334,13.5,9.320833333333333,-7.538312906808344,4.909309609736842,90.75,109.08333333333333,446.0,54.541666666666664,,,,,,,,307.3895994394447,0.9497504133582056,0.0,0.0,0.0,0.0,0.0,0.0,,0.25,0,0,0.0,0.0,0.0,0.0,0.7,0.0,15.19,0.0,0.0,0.0,0.0,,,,,-0.7945248607540114,0.6072316243772378,-0.7945248607540114,0.6072316243772378,-6.841018962928572,4.455198470836184,19.0,1067.0,,,0.0,6,0.0,0.0,0.5485555555555556,0.0,-0.0,55.925,0.008333333333333748,146,5,2017,55
2017-05-27,0.0,0.0,0,0.0,1.5,8.3,4.2375,23.7,11.645833333333334,-7.299683291006147,8.876396446904602,83.66666666666667,126.70833333333333,502.0,52.375,,,,,,,,322.1315448345564,0.9857364212996113,0.0,0.0,0.0,0.0,0.0,0.0,,0.4166666666666667,0,0,0.0,0.0,0.0,0.0,0.42,0.0,15.19,0.0,0.0,0.0,0.0,,,,,-0.6138506679201672,0.7894221668372156,-0.6138506679201672,0.7894221668372156,-6.107401686808476,7.426585027243517,20.0,1068.0,,,0.0,6,0.0,0.0,0.5478055555555555,0.0,-0.0,69.875,0.041666666666666075,147,5,2017,56
2017-05-28,11.55,22.2,15,1.68,-1.1,4.5,2.1875,29.5,23.8875,-19.989802756041268,12.797786222452949,97.70833333333333,34.25,148.0,96.83333333333333,,,,,,,,302.075511853123,0.9933434321345702,1.1133333333333333,22.586666666666666,29.2,98.33333333333333,-19.740530851987856,10.846372123158925,298.33109957247143,0.0,0,15,11.55,11.55,11.55,11.55,11.97,0.0,26.740000000000002,0.0,0.0,0.0,0.0,,,,,-0.847348963113733,0.5310364721091024,-0.8802198935098272,0.4745660534314991,-19.531703109548655,12.504503621521735,0.0,0.0,1.0,1.0,100.0,0,1.8415506083333333,11.55,0.4485277777777778,260.87600000000003,0.0,0.0,-2.05,148,5,2017,57
2017-05-29,1.54,2.2,4,0.63,-2.8,0.2,-1.55,18.9,15.6,-14.044042741353701,6.620014112282067,94.54166666666667,102.04166666666667,468.0,82.0,,,,,,,,295.7516590676704,0.995358694210053,-1.825,18.775,18.9,95.25,-17.722098760026867,6.107475618768705,288.9992376437861,0.0,1,4,13.09,13.09,13.09,13.09,13.510000000000002,1.0,28.28,0.0,0.0,0.0,0.0,,,,,-0.900685659064111,0.434471338014659,-0.9455229074037221,0.32555557371178934,-13.277472075054812,6.258671675320004,0.0,1.0,0.11764705882352941,1.0,29.105999999999998,1,0.3484180820312501,13.09,0.38761111111111113,28.9135,0.0,15.6,-3.7375,149,5,2017,58
2017-05-30,1.61,2.4,12,0.21,-2.2,2.3,0.13333333333333333,21.3,15.283333333333333,-12.827490484931053,6.172463996879355,96.20833333333333,59.333333333333336,293.0,89.58333333333333,,,,,,,,290.9280462020347,0.8823371505946923,0.5666666666666667,13.766666666666666,20.1,96.91666666666667,-11.518694823618427,5.65637176844183,293.0952803149982,0.08333333333333333,1,9,3.1500000000000004,14.700000000000001,14.700000000000001,14.700000000000001,15.120000000000001,2.0,29.89,0.0,0.0,0.0,0.0,,,,,-0.934029739666292,0.35719524831514593,-0.9198538125954739,0.3922613458570328,-12.341114804044082,5.938424736997678,0.0,2.0,0.10952380952380952,1.0,34.293000000000006,2,0.31435305902777777,14.700000000000001,0.4113611111111111,22.16433333333333,0.0,30.566666666666666,1.6833333333333333,150,5,2017,59
2017-05-31,0.14,0.2,2,0.07,-8.0,1.1,-2.9458333333333333,19.2,10.341666666666667,-1.6472550635608467,-10.119900750016367,90.58333333333333,102.375,402.0,53.583333333333336,,,,,,,,189.95554872278706,0.9892222244552908,0.8,16.25,16.8,74.0,-2.8119001200438145,-16.00235545106332,190.0,0.20833333333333334,1,2,1.75,3.29,14.840000000000002,14.840000000000002,15.260000000000002,3.0,30.03,0.0,0.0,0.0,0.0,,,,,-0.17288409080665035,-0.9849421765494449,-0.17364817766693047,-0.984807753012208,-1.4921385450755336,-9.166943429389825,0.0,3.0,0.04255319148936171,0.22169811320754715,2.688,3,0.025659374999999998,3.29,0.39463888888888893,2.2750000000000004,0.0,31.025,-3.0791666666666666,151,5,2017,60
2017-06-01,0.0,0.0,0,0.0,-7.7,4.4,-0.6541666666666667,11.5,7.4875,-0.19449586794017049,-7.023855356943044,87.375,124.25,501.0,35.083333333333336,,,,,,,,182.22264431094962,0.8991963634520885,0.0,0.0,0.0,0.0,0.0,0.0,,0.3333333333333333,1,0,0.14,1.75,14.840000000000002,14.840000000000002,15.190000000000001,4.0,30.03,0.0,0.0,0.0,0.0,,,,,-0.03878273255358075,-0.9992476668252358,-0.03878273255358075,-0.9992476668252358,-0.16994076461272395,-6.137093618128985,1.0,4.0,0.0,0.11792452830188678,0.0,4,0.0,0.875,0.4718611111111111,0.0,-0.0,29.95,2.2916666666666665,152,6,2017,61
2017-06-02,0.0,0.2,0,0.0,-2.0,3.8,0.9208333333333334,8.0,5.3875,2.1590482954749226,-3.2415198711718407,87.20833333333333,116.54166666666667,508.0,53.375,,,,,,,,144.4561878153966,0.6765998337978483,0.0,0.0,0.0,0.0,0.0,0.0,,0.20833333333333334,1,0,0.0,0.14,14.840000000000002,14.840000000000002,15.190000000000001,5.0,30.03,0.0,0.0,0.0,0.0,,,,,0.5813253130456433,-0.8136712360728902,0.5813253130456433,-0.8136712360728902,1.8828700343454219,-2.826875454317776,2.0,5.0,0.0,0.009433962264150943,0.0,5,0.0,0.04666666666666667,0.45283333333333325,0.0,-0.0,26.9375,1.5750000000000002,153,6,2017,62
2017-06-03,0.0,0.1,0,0.0,-2.5,4.8,1.5708333333333335,7.2,4.108333333333333,0.3461575948705244,2.3245480392639624,82.29166666666667,129.66666666666666,526.0,30.916666666666668,,,,,,,,5.524946471671764,0.49448658680425334,0.0,0.0,0.0,0.0,0.0,0.0,,0.625,1,0,0.0,0.0,14.840000000000002,14.840000000000002,15.190000000000001,6.0,30.03,0.0,0.0,0.0,0.0,,,,,0.09627913700281453,0.9953543729637165,0.09627913700281453,0.9953543729637165,0.28485885411220235,1.9129093239776358,3.0,6.0,,0.0,0.0,6,0.0,0.0,0.46741666666666665,0.0,-0.0,24.65,0.6500000000000001,154,6,2017,63
2017-06-04,0.0,0.0,0,0.0,-5.4,6.8,0.24999999999999992,6.1,3.841666666666667,-1.395899190145154,2.9908649786313575,76.58333333333333,132.20833333333334,528.0,1.875,,,,,,,,333.35751667173105,0.8149894479965349,0.0,0.0,0.0,0.0,0.0,0.0,,0.9583333333333334,1,0,0.0,0.0,3.29,14.840000000000002,15.190000000000001,7.0,30.03,0.0,0.0,0.0,0.0,,,,,-0.448421956771533,0.8938219893721508,-0.448421956771533,0.8938219893721508,-1.0690261297861638,2.290504096135181,4.0,7.0,,0.0,0.0,5,0.0,0.0,0.49452777777777773,0.0,-0.0,19.208333333333336,-1.3208333333333335,155,6,2017,64
2017-06-05,0.0,0.0,0,0.0,0.1,7.3,2.4,14.9,7.804166666666667,-5.819164283189106,4.773881124278237,75.5,128.04166666666666,514.0,49.583333333333336,,,,,,,,313.3125296661513,0.9489095559425769,0.0,0.0,0.0,0.0,0.0,0.0,,0.3333333333333333,0,0,0.0,0.0,1.75,14.840000000000002,15.190000000000001,6.0,30.03,0.0,0.0,0.0,0.0,,,,,-0.7276227628047248,0.6859774887329898,-0.7276227628047248,0.6859774887329898,-4.393469033807775,3.6042802488300687,5.0,8.0,,0.0,0.0,6,0.0,0.0,0.49924999999999997,0.0,-0.0,46.825,2.15,156,6,2017,65
2017-06-06,4.76,6.8,18,1.19,-1.6,2.5,0.008333333333333318,21.5,17.337500000000002,-5.792405630546455,-10.362902315731608,93.33333333333333,77.16666666666667,384.0,90.16666666666667,,,,,,,,217.24863800712177,0.6566760912542932,-0.011111111111111115,17.983333333333334,21.5,94.11111111111111,-4.4171661106498235,-11.449894632357333,207.47563248109128,0.0,1,9,4.76,4.76,4.8999999999999995,19.6,19.6,6.0,34.79,0.0,0.0,0.0,0.0,,,,,-0.6052750659012252,-0.7960163909105562,-0.4613713316025632,-0.8872071316075394,-5.406245255176691,-9.6720421613495,0.0,9.0,1.0,0.9714285714285715,100.0,0,0.923522914351852,4.76,0.4181111111111111,85.60066666666667,0.0,0.0,-2.3916666666666666,157,6,2017,66
2017-06-07,2.03,2.9,11,0.35,-0.9,3.3,1.1375,21.1,13.608333333333334,9.910861879880576,-7.15158940474507,98.54166666666667,58.291666666666664,309.0,99.54166666666667,,,,,,,,117.69092545934225,0.877130860498116,-0.1272727272727273,17.545454545454547,21.1,98.45454545454545,10.534496294062992,-13.89403891702983,142.3543327502489,0.0,0,11,6.789999999999999,6.789999999999999,6.789999999999999,21.63,21.63,5.0,36.82,0.0,0.0,0.0,0.0,,,,,0.8854672366172727,-0.4647018107102348,0.6107764596305354,-0.7918030792824621,9.766328477465652,-7.047295392592538,0.0,10.0,0.29896907216494845,1.0,42.833,1,0.4012385175619834,6.789999999999999,0.4406666666666667,35.61727272727273,0.0,13.608333333333334,1.1291666666666667,158,6,2017,67
2017-06-08,0.0,0.0,0,0.0,-3.1,6.6,2.5625,7.1,5.391666666666667,-1.7662052857936008,4.379887023809851,69.83333333333333,130.16666666666666,524.0,32.083333333333336,,,,,,,,341.21989445697653,0.8757574010162889,0.0,0.0,0.0,0.0,0.0,0.0,,0.5833333333333334,1,0,2.03,6.789999999999999,6.789999999999999,21.63,21.63,5.0,36.82,0.0,0.0,0.0,0.0,,,,,-0.3219369766785179,0.9467611013593109,-0.3219369766785179,0.9467611013593109,-1.2334000245791978,3.0586211049605456,1.0,11.0,0.0,1.0,0.0,2,0.0,3.3949999999999996,0.46622222222222215,0.0,-0.0,10.783333333333333,1.425,159,6,2017,68
2017-06-09,0.63,0.9,6,0.21,-2.5,3.6,1.2291666666666667,9.5,6.6000000000000005,5.648767634559353,0.8195766326719666,95.16666666666667,45.958333333333336,163.0,79.625,,,,,,,,80.88018760176482,0.8623343545950298,1.3499999999999999,6.816666666666666,7.6,99.33333333333333,6.29848016507118,-2.545491959654988,111.66724712464469,0.125,1,6,0.63,2.6599999999999997,7.42,22.26,22.26,5.0,37.45,0.0,0.0,0.0,0.0,,,,,0.9873590579903004,0.15849949717430165,0.9293437837875073,-0.3692155624232528,5.375743865555651,0.7799637620928216,0.0,12.0,0.23684210526315794,0.3584905660377358,5.985,3,0.12462892968749996,2.6599999999999997,0.4278611111111111,4.2945,0.0,19.8,-1.3333333333333333,160,6,2017,69
2017-06-10,0.0,0.0,0,0.0,-0.9,9.3,3.454166666666667,7.9,4.916666666666667,-0.5992097962932518,3.3242810382619132,82.375,118.75,505.0,15.666666666666666,,,,,,,,342.0257803942311,0.7049170795970551,0.0,0.0,0.0,0.0,0.0,0.0,,0.7083333333333334,1,0,0.63,0.63,7.42,22.26,22.26,5.0,37.45,0.0,0.0,0.0,0.0,,,,,-0.3085890326018551,0.9511954630662676,-0.3085890326018551,0.9511954630662676,-0.49359906969656614,2.738376505268251,1.0,13.0,0.0,0.08490566037735849,0.0,4,0.0,0.315,0.5604166666666667,0.0,-0.0,19.666666666666668,2.2250000000000005,161,6,2017,70
2017-06-11,0.0,0.0,0,0.0,2.0,7.9,4.254166666666666,13.4,10.216666666666667,-6.916198395478312,7.166561723850701,76.16666666666667,123.16666666666667,498.0,12.0,,,,,,,,318.2769102623258,0.9737666209307283,0.0,0.0,0.0,0.0,0.0,0.0,,0.8333333333333334,0,0,0.0,0.63,7.42,10.709999999999999,22.26,4.0,37.45,0.0,0.0,0.0,0.0,,,,,-0.6655311898025931,0.7463700391896402,-0.6655311898025931,0.7463700391896402,-5.267837777889315,5.458531179666284,2.0,14.0,0.0,0.08490566037735849,0.0,5,0.0,0.21,0.5115555555555557,0.0,-0.0,51.083333333333336,0.7999999999999994,162,6,2017,71
2017-06-12,0.0,0.0,0,0.0,0.5,6.8,3.4583333333333335,15.0,8.770833333333334,-6.18286645082869,4.318517986787683,80.375,118.5,480.0,24.375,,,,,,,,309.43750899520734,0.7905790327494409,0.0,0.0,0.0,0.0,0.0,0.0,,0.7083333333333334,0,0,0.0,0.0,7.42,9.169999999999998,22.26,4.0,37.45,0.0,0.0,0.0,0.0,,,,,-0.7723178781407878,0.635236251408963,-0.7723178781407878,0.635236251408963,-4.969478909853559,3.4710088318806,3.0,15.0,,0.0,0.0,6,0.0,0.0,0.49802777777777774,0.0,-0.0,52.625,-0.795833333333333,163,6,2017,72
2017-06-13,0.0,0.0,0,0.0,1.6,11.5,6.058333333333334,4.7,2.8249999999999997,-0.08647609163796942,0.49326003171849647,68.91666666666667,124.875,508.0,0.4166666666666667,,,,,,,,341.74385828923556,0.29006242655580233,0.0,0.0,0.0,0.0,0.0,0.0,,1.0,0,0,0.0,0.0,2.6599999999999997,7.56,22.26,3.0,37.45,0.0,0.0,0.0,0.0,,,,,-0.3132656058536028,0.9496655517544981,-0.3132656058536028,0.9496655517544981,-0.0595964398205006,0.3399383718593305,4.0,16.0,,0.0,0.0,6,0.0,0.0,0.5685277777777779,0.0,-0.0,16.95,2.6,164,6,2017,73
2017-06-14,0.0,0.0,0,0.0,-0.2,10.6,4.866666666666666,12.6,7.991666666666667,-4.69035107449678,6.188288042599208,59.708333333333336,125.95833333333333,508.0,11.208333333333334,,,,,,,,325.466631769643,0.9733850140933901,0.0,0.0,0.0,0.0,0.0,0.0,,0.875,1,0,0.0,0.0,0.63,7.42,22.26,4.0,37.45,0.0,0.0,0.0,0.0,,,,,-0.5668860999731977,0.8237961821088865,-0.5668860999731977,0.8237961821088865,-2.800530454064119,3.6949236521019433,5.0,17.0,,0.0,0.0,5,0.0,0.0,0.5185555555555555,0.0,-0.0,39.958333333333336,-1.1916666666666673,165,6,2017,74
2017-06-15,0.0,0.0,0,0.0,0.2,9.0,3.845833333333333,8.4,5.704166666666667,-3.0767237495029947,4.454880016273203,53.833333333333336,92.625,421.0,86.66666666666667,,,,,,,,325.8895175181323,0.939771382940056,0.0,0.0,0.0,0.0,0.0,0.0,,0.041666666666666664,0,0,0.0,0.0,0.63,7.42,22.26,3.0,37.45,0.0,0.0,0.0,0.0,,,,,-0.5607904819828875,0.8279577497175812,-0.5607904819828875,0.8279577497175812,-1.6563029518157788,2.398210408760408,6.0,18.0,,0.0,0.0,6,0.0,0.0,0.44119444444444444,0.0,-0.0,34.225,-1.020833333333333,166,6,2017,75
2017-06-16,0.0,0.0,0,0.0,1.2,9.0,4.616666666666666,4.7,2.8375,-0.25487156217926676,2.0413011077852277,63.5,72.08333333333333,384.0,92.875,,,,,,,,353.40739710048064,0.6843655969615887,0.0,0.0,0.0,0.0,0.0,0.0,,0.0,0,0,0.0,0.0,0.0,7.42,22.26,2.0,37.45,0.0,0.0,0.0,0.0,,,,,-0.11480890137773055,0.9933875961398142,-0.11480890137773055,0.9933875961398142,-0.16184344198383438,1.2962262034436196,7.0,19.0,,,0.0,6,0.0,0.0,0.4597222222222222,0.0,-0.0,17.025,0.770833333333333,167,6,2017,76
2017-06-17,0.0,0.0,0,0.0,1.2,8.6,4.8875,7.1,3.9125,-2.6448067948841447,2.4206268965810005,68.25,81.16666666666667,406.0,67.375,,,,,,,,318.4314188898593,0.9102755529227455,0.0,0.0,0.0,0.0,0.0,0.0,,0.25,0,0,0.0,0.0,0.0,7.42,22.26,1.0,37.45,0.0,0.0,0.0,0.0,,,,,-0.663516047990146,0.7481620506678606,-0.663516047990146,0.7481620506678606,-1.8050806375084287,1.6520778569165326,8.0,20.0,,,0.0,6,0.0,0.0,0.4727222222222222,0.0,-0.0,23.475,0.2708333333333339,168,6,2017,77
2017-06-18,0.0,0.0,0,0.0,-0.3,8.8,4.25,7.4,4.325,1.5948954829032553,-0.4064500193622141,73.79166666666667,121.91666666666667,501.0,2.7083333333333335,,,,,,,,72.15077836029442,0.2613431680457704,0.0,0.0,0.0,0.0,0.0,0.0,,1.0,1,0,0.0,0.0,0.0,7.42,22.26,2.0,37.45,0.0,0.0,0.0,0.0,,,,,0.9518664248066295,0.3065131470685149,0.9518664248066295,0.3065131470685149,1.1768999584256938,-0.2999262434543672,9.0,21.0,,,0.0,6,0.0,0.0,0.5228055555555556,0.0,-0.0,25.950000000000003,-0.6375000000000002,169,6,2017,78
2017-06-19,0.0,0.0,0,0.0,1.6,10.3,4.845833333333333,7.0,4.55,-1.4368671855449937,2.914546068444087,64.875,122.45833333333333,499.0,0.0,,,,,,,,332.75661014984246,0.6642206607738435,0.0,0.0,0.0,0.0,0.0,0.0,,1.0,0,0,0.0,0.0,0.0,7.42,22.26,2.0,37.45,0.0,0.0,0.0,0.0,,,,,-0.45777134715918993,0.8890699599694393,-0.45777134715918993,0.8890699599694393,-0.9321675866223147,1.8908117619031015,10.0,22.0,,,0.0,6,0.0,0.0,0.5267777777777778,0.0,-0.0,27.299999999999997,0.5958333333333332,170,6,2017,79
2017-06-20,0.0,0.0,0,0.0,1.4,10.2,4.8500000000000005,11.7,9.116666666666667,-5.966215962888033,6.65174216130496,46.5,126.33333333333333,513.0,4.541666666666667,,,,,,,,320.4847081077847,0.97930826911903,0.0,0.0,0.0,0.0,0.0,0.0,,0.875,0,0,0.0,0.0,0.0,2.6599999999999997,22.26,2.0,37.45,0.0,0.0,0.0,0.0,,,,,-0.636284139490368,0.7714547905308528,-0.636284139490368,0.7714547905308528,-2.774290422742936,3.0930601050068067,11.0,23.0,,,0.0,6,0.0,0.0,0.46588888888888885,0.0,-0.0,54.7,0.004166666666667318,171,6,2017,80
2017-06-21,0.0,0.0,0,0.0,0.2,9.1,4.191666666666666,8.3,4.354166666666667,-0.10055071427670009,1.4081315890033714,55.791666666666664,121.04166666666667,489.0,51.5,,,,,,,,4.6603838197816,0.23709193344902535,0.0,0.0,0.0,0.0,0.0,0.0,,0.25,0,0,0.0,0.0,0.0,0.63,22.26,1.0,37.45,0.0,0.0,0.0,0.0,,,,,0.08124938133750989,0.9966938035486484,0.08124938133750989,0.9966938035486484,-0.05609891934020893,0.7856200823647975,12.0,24.0,,,0.0,6,0.0,0.0,0.4688888888888889,0.0,-0.0,26.125,-0.6583333333333341,172,6,2017,81
2017-06-22,0.0,0.0,0,0.0,-2.0,6.6,1.5166666666666666,13.5,8.2875,-4.853774923433306,6.196644205097737,73.29166666666667,112.16666666666667,470.0,29.25,,,,,,,,327.0183842889986,0.9486341113882548,0.0,0.0,0.0,0.0,0.0,0.0,,0.6666666666666666,1,0,0.0,0.0,0.0,0.63,22.26,2.0,37.45,0.0,0.0,0.0,0.0,,,,,-0.5443699057990912,0.8388452811217862,-0.5443699057990912,0.8388452811217862,-3.5574125376329944,4.54162381531955,13.0,25.0,,,0.0,6,0.0,0.0,0.46575000000000005,0.0,-0.0,49.724999999999994,-2.675,173,6,2017,82
2017-06-23,0.0,0.0,0,0.0,-2.0,4.6,0.7833333333333332,30.6,18.412499999999998,-15.246805770809162,9.656662831549605,69.95833333333333,118.91666666666667,502.0,21.416666666666668,,,,,,,,306.893353628387,0.9720323138327301,0.0,0.0,0.0,0.0,0.0,0.0,,0.75,1,0,0.0,0.0,0.0,0.0,22.26,3.0,37.45,0.0,0.0,0.0,0.0,,,,,-0.7997543024939182,0.6003274570119764,-0.7997543024939182,0.6003274570119764,-10.666411203828575,6.755640372571578,14.0,26.0,,,0.0,6,0.0,0.0,0.4146944444444444,0.0,-0.0,110.475,-0.7333333333333334,174,6,2017,83
2017-06-24,0.56,1.0,4,0.28,-2.0,3.1,0.2791666666666666,30.4,17.4375,-15.399514215316644,7.881831801048364,95.29166666666667,91.70833333333333,372.0,81.125,,,,,,,,299.2057208086553,0.9912013326504792,0.45,26.2,29.4,99.5,-24.59129859366145,8.979264834328145,290.0,0.0,1,4,0.56,0.56,0.56,0.56,22.82,4.0,38.01,0.0,0.0,0.0,0.0,,,,,-0.8728733616211442,0.48794681531105766,-0.9396926207859083,0.342020143325669,-14.674453754345485,7.510728887082337,0.0,27.0,1.0,1.0,17.024,0,0.08991325000000001,0.56,0.44766666666666666,14.672,0.0,0.0,-0.5041666666666667,175,6,2017,84
2017-06-25,1.05,1.5,10,0.14,-3.6,0.7,-1.2166666666666666,26.1,20.970833333333335,-18.39567676473934,9.84435195825859,91.58333333333333,67.29166666666667,342.0,79.0,,,,,,,,298.90962888515816,0.9939219818394995,-0.33999999999999997,23.84,26.1,95.6,-21.54776189936954,10.102439154343054,294.9993594723319,0.0,1,9,1.61,1.61,1.61,1.61,23.87,4.0,39.06,0.0,0.0,0.0,0.0,,,,,-0.8753832962545994,0.4834295032767779,-0.9063125115634318,0.422608129812459,-16.847373970373777,9.015785668438491,0.0,28.0,0.6521739130434783,1.0,27.405,0,0.19054034999999997,1.61,0.3656944444444444,25.032,0.0,0.0,-1.4958333333333331,176,6,2017,85
2017-06-26,0.14,0.2,2,0.07,-3.9,2.7,-0.2083333333333333,18.0,9.958333333333334,-8.4548084386242,4.177324211920535,94.16666666666667,80.41666666666667,368.0,70.91666666666667,,,,,,,,306.29585145653044,0.8855461023827879,-0.44999999999999996,14.5,15.1,99.0,-13.479315817933127,5.270275226628714,291.5,0.16666666666666666,1,1,1.19,1.75,1.75,1.75,24.01,5.0,39.2,0.0,0.0,0.0,0.0,,,,,-0.8059711452898046,0.5919548234115849,-0.9304175679820247,0.36650122672429686,-7.961611279704456,3.9336469662251705,0.0,29.0,0.08,1.0,2.5200000000000005,1,0.02994578125,1.75,0.42750000000000005,2.0300000000000002,0.0,9.958333333333334,1.0083333333333333,177,6,2017,86
2017-06-27,0.0,0.0,0,0.0,-2.2,5.7,0.8624999999999999,9.2,6.283333333333334,-1.9767106987385341,5.524550079558885,70.70833333333333,101.58333333333333,432.0,68.95833333333333,,,,,,,,342.03565087824217,0.9366987857069218,0.0,0.0,0.0,0.0,0.0,0.0,,0.20833333333333334,1,0,0.14,1.19,1.75,1.75,12.459999999999999,6.0,39.2,0.0,0.0,0.0,0.0,,,,,-0.3084251632556791,0.9512486103383845,-0.3084251632556791,0.9512486103383845,-1.397699189899705,3.9063172854214283,1.0,30.0,0.0,0.6799999999999999,0.0,2,0.0,0.595,0.4300833333333333,0.0,-0.0,12.566666666666668,1.0708333333333333,178,6,2017,87
2017-06-28,0.0,0.0,0,0.0,-3.5,4.7,0.20833333333333334,12.6,6.983333333333333,-4.204343349420141,5.0374524129389995,77.41666666666667,71.875,406.0,55.833333333333336,,,,,,,,323.69514646662003,0.9512624452062761,0.0,0.0,0.0,0.0,0.0,0.0,,0.3333333333333333,1,0,0.0,0.14,1.75,1.75,10.919999999999998,7.0,39.2,0.0,0.0,0.0,0.0,,,,,-0.5920814469709266,0.8058781298390061,-0.5920814469709266,0.8058781298390061,-3.2548624763427596,3.8998277430169423,2.0,31.0,0.0,0.08,0.0,3,0.0,0.04666666666666667,0.41041666666666665,0.0,-0.0,20.95,-0.6541666666666666,179,6,2017,88
2017-06-29,0.63,0.8999999999999999,4,0.21,-1.4,2.9,0.225,18.9,11.4625,-9.835598692843314,5.515343959412037,84.375,95.0,401.0,52.625,,,,,,,,306.7906301073969,0.965752789092417,-0.1,18.075,18.9,99.0,-16.24726651363967,7.8324231366503145,295.7476405766881,0.4583333333333333,1,4,0.63,0.63,2.38,2.38,9.94,7.0,39.83,0.0,0.0,0.0,0.0,,,,,-0.8008293218505838,0.5988926425197876,-0.9007161288865381,0.43440816654806275,-8.298786397086547,4.653571465753906,0.0,32.0,1.0,0.2647058823529412,11.907,4,0.12313399218750004,0.63,0.40902777777777777,11.38725,0.0,45.85,0.016666666666666663,180,6,2017,89
2017-06-30,0.28,0.4,3,0.14,-4.5,0.9,-2.0208333333333335,16.0,10.5,-5.113742278703026,-6.364230064809674,86.20833333333333,110.54166666666667,450.0,55.833333333333336,,,,,,,,205.9637071193738,0.7260584469416593,-0.5333333333333333,14.633333333333333,15.2,99.66666666666667,-14.238057299756449,-1.299545531192545,264.7126742772932,0.041666666666666664,1,3,0.91,0.91,2.66,2.66,10.079999999999998,7.0,40.11,0.0,0.0,0.0,0.0,,,,,-0.43780173553427454,-0.899071543517632,-0.9957451069233709,-0.09215032304970329,-4.4084719894319,-5.486496668371339,0.0,33.0,0.3076923076923077,0.34210526315789475,4.48,5,0.0602462777777778,0.91,0.38105555555555554,4.097333333333333,0.0,52.5,-2.2458333333333336,181,6,2017,90
2017-07-01,0.0,0.0,0,0.0,-4.9,5.4,-0.2583333333333334,8.1,4.441666666666666,-1.635395519097841,2.4094099543826055,41.5,126.875,514.0,9.791666666666666,,,,,,,,339.29560058805043,0.6544935378939871,0.0,0.0,0.0,0.0,0.0,0.0,,0.75,1,0,0.28,0.91,2.1,2.66,10.079999999999998,7.0,40.11,0.0,0.0,0.0,0.0,,,,,-0.35354667008087065,0.9354168867808236,-0.35354667008087065,0.9354168867808236,-0.678689140425604,0.9999051310687812,1.0,34.0,0.0,0.43333333333333335,0.0,6,0.0,0.455,0.3429166666666667,0.0,-0.0,26.65,1.7625000000000002,182,7,2017,91
2017-07-02,0.0,0.0,0,0.0,-2.2,7.9,2.558333333333333,8.8,5.233333333333333,-2.1644617931964585,4.519005508694595,26.541666666666668,116.95833333333333,484.0,49.583333333333336,,,,,,,,336.50475075207635,0.9601917232095633,0.0,0.0,0.0,0.0,0.0,0.0,,0.4166666666666667,1,0,0.0,0.28,1.05,2.66,10.079999999999998,7.0,40.11,0.0,0.0,0.0,0.0,,,,,-0.39867302835784174,0.9170931340163808,-0.39867302835784174,0.9170931340163808,-0.57448423427756,1.199419378766024,2.0,35.0,0.0,0.26666666666666666,0.0,3,0.0,0.09333333333333334,0.342,0.0,-0.0,15.7,2.8166666666666664,183,7,2017,92
2017-07-03,0.14,2.0,2,0.07,1.4,6.2,3.0124999999999997,31.3,18.091666666666665,-11.490713007872765,13.626688672008934,77.95833333333333,42.875,272.0,67.41666666666667,,,,,,,,322.5670980735162,0.984934972918705,2.0,17.299999999999997,20.4,99.5,-11.385764459379345,12.956509828164908,319.5,0.20833333333333334,0,1,0.14,0.14,1.05,2.8000000000000003,10.219999999999999,6.0,40.25,0.0,0.0,0.0,0.0,,,,,-0.607831929725029,0.794065705849804,-0.6494480483301834,0.760405965600031,-8.957968349054143,10.623139377220298,0.0,36.0,1.0,0.13333333333333333,4.382000000000001,4,0.021945,0.14,0.4262222222222222,2.4219999999999997,0.0,72.36666666666666,0.4541666666666666,184,7,2017,93
2017-07-04,4.34,7.3,17,0.49,1.1,2.9,1.6375,34.8,29.912499999999998,-24.037277412195,17.776976741656217,97.20833333333333,41.875,218.0,99.20833333333333,,,,,,,,306.41673125983425,0.9994680685218926,1.5058823529411764,30.705882352941178,34.8,96.3529411764706,-24.61500044978151,18.326467474208354,306.5884209291064,0.0,0,17,4.4799999999999995,4.4799999999999995,5.39,7.140000000000001,14.559999999999999,5.0,44.59,0.0,0.0,0.0,0.0,,,,,-0.8047204754848096,0.5936539028217551,-0.8029379516169814,0.5960626190704513,-23.366236751104555,17.28070280761831,0.0,37.0,0.9687500000000001,0.8311688311688311,100.0,0,0.5678754844290655,4.4799999999999995,0.41638888888888886,133.2635294117647,0.0,0.0,-1.3749999999999998,185,7,2017,94
2017-07-05,6.37,10.0,19,1.26,-0.1,2.5,1.2375,28.5,19.329166666666666,-16.86687118883192,9.213635992092891,98.91666666666667,60.25,263.0,99.58333333333333,,,,,,,,298.6125202692774,0.9928311005910493,1.3157894736842106,19.089473684210525,27.7,98.6842105263158,-16.559947467202882,9.29153229154756,299.72224923666886,0.0,1,17,10.71,10.85,11.76,13.510000000000002,20.93,5.0,50.96,0.0,0.0,0.0,0.0,,,,,-0.8778783507590299,0.4788837032815021,-0.8684390512336537,0.4957959401733654,-16.684146750952905,9.113821602178552,0.0,38.0,0.5870967741935484,0.9226190476190476,100.0,0,1.0529606691481992,10.85,0.4254444444444445,121.59994736842104,0.0,0.0,-0.3999999999999999,186,7,2017,95
2017-07-06,0.35000000000000003,0.5,5,0.07,-4.3,1.6,-0.7875,22.7,14.991666666666667,-12.731181248642486,7.531310259139751,92.45833333333333,106.54166666666667,476.0,71.58333333333333,,,,,,,,302.1514040821594,0.9831287520472987,-0.06000000000000001,16.6,22.7,94.6,-14.786974181322472,7.446049104232107,296.59734197653506,0.0,1,3,6.72,11.059999999999999,11.479999999999999,13.860000000000001,16.52,5.0,51.31,0.0,0.0,0.0,0.0,,,,,-0.8466448253955359,0.5321583783338966,-0.8941750079859192,0.4477176064143349,-11.771037996140697,6.963323943762961,0.0,39.0,0.031645569620253174,0.9634146341463414,7.945,1,0.06975981249999999,11.059999999999999,0.41477777777777775,5.810000000000001,0.0,14.991666666666667,-2.025,187,7,2017,96
2017-07-07,0.35000000000000003,0.5,5,0.07,-4.4,1.2,-1.5708333333333335,19.2,14.179166666666667,-11.489850452404532,7.965593735418878,92.5,104.91666666666667,485.0,58.958333333333336,,,,,,,,306.36186003511483,0.9842687085446538,0.3,15.680000000000001,17.7,89.0,-12.668082982856307,8.590504531882381,306.7390202341866,0.125,1,4,0.7000000000000001,7.07,11.549999999999999,14.21,14.84,5.0,51.66,0.0,0.0,0.0,0.0,,,,,-0.805288638938908,0.5928829631520214,-0.8013684567548423,0.598171042861791,-10.628111668474192,7.368174205262462,0.0,40.0,0.04950495049504951,0.6121212121212122,6.720000000000001,2,0.0682395,7.07,0.4049444444444445,5.488000000000001,0.0,28.358333333333334,-0.7833333333333335,188,7,2017,97
2017-07-08,2.31,3.3,14,0.35,-1.7,1.7,-0.09166666666666667,19.3,17.416666666666668,-15.118894107970895,8.567811249631022,94.16666666666667,90.125,444.0,91.70833333333333,,,,,,,,299.665128663588,0.997709147352367,0.17142857142857143,17.257142857142856,18.2,96.28571428571429,-15.155417322987601,8.179571779923512,298.4977894833301,0.0,0,10,2.66,3.0100000000000002,13.86,15.96,17.15,4.0,53.97,0.0,0.0,0.0,0.0,,,,,-0.8689328994151854,0.4949299105064467,-0.8788355211717744,0.4771248544424567,-14.23695861833926,8.068022260069213,0.0,41.0,0.7674418604651162,0.2171717171717172,44.583000000000006,3,0.4451605714285715,3.0100000000000002,0.41175000000000006,39.864,0.0,52.25,1.479166666666667,189,7,2017,98
2017-07-09,5.74,8.2,21,0.98,-1.6,0.4,-0.6875,28.5,24.150000000000002,-21.435133597761105,11.073580799942157,97.70833333333333,43.166666666666664,185.0,98.66666666666667,,,,,,,,297.333007837559,0.9989891651709252,-0.6333333333333334,24.047619047619047,28.5,97.61904761904762,-21.36140642266145,10.987291976319874,297.2376272769559,0.0,1,15,8.05,8.4,19.6,20.650000000000002,22.26,4.0,59.71,0.0,0.0,0.0,0.0,,,,,-0.8883528592908764,0.45916140668584543,-0.8891159962268017,0.4576819258542137,-20.943911786145744,10.819811239943482,0.0,42.0,0.6833333333333333,0.42857142857142855,100.0,4,1.0672100694444444,8.4,0.3633611111111111,138.03333333333333,0.0,96.60000000000001,-0.5958333333333333,190,7,2017,99
2017-07-10,0.6300000000000001,0.9,8,0.14,-1.5,1.7,-0.29583333333333334,25.9,17.729166666666668,-15.397333939929347,8.738892245698443,95.33333333333333,94.83333333333333,438.0,85.45833333333333,,,,,,,,299.6240899225555,0.9985815932371067,-0.5125,19.85,24.1,95.25,-17.475629506745385,9.352048316191771,297.8729375268026,0.0,1,3,6.37,8.680000000000001,20.09,21.14,22.89,5.0,60.34,0.0,0.0,0.0,0.0,,,,,-0.869287175558349,0.4943074007232626,-0.8839865484420434,0.46751233371272977,-14.67879168939931,8.331077274232515,0.0,43.0,0.07258064516129033,0.4320557491289199,16.317000000000004,5,0.12448935351562503,8.680000000000001,0.41877777777777775,12.505500000000003,0.0,88.64583333333334,0.39166666666666666,191,7,2017,100
2017-07-11,0.07,0.30000000000000004,1,0.07,-2.3,3.6,0.4083333333333334,14.8,8.170833333333333,-4.971437870870981,0.47325576606582453,90.79166666666667,110.25,482.0,67.41666666666667,,,,,,,,258.14857187254984,0.40521852210964704,-0.2,5.4,5.4,100.0,4.012982057577929,-3.6133052743378347,132.0,0.041666666666666664,1,1,0.7000000000000002,6.44,15.819999999999999,21.21,22.96,6.0,60.410000000000004,0.0,0.0,0.0,0.0,,,,,-0.9786834408229684,-0.20537459107424935,0.7431448254773942,-0.6691306063588582,-4.513651300261612,0.4296767976072632,0.0,44.0,0.010869565217391304,0.4070796460176992,1.0360000000000003,6,0.016645125,6.44,0.45613888888888887,0.37800000000000006,0.0,49.02499999999999,0.7041666666666667,192,7,2017,101
2017-07-12,0.0,0.0,0,0.0,-9.4,4.9,-2.05,10.4,4.841666666666667,0.04647091079146979,3.759221504749576,60.375,131.20833333333334,540.0,43.125,,,,,,,,354.9667519999828,0.6666167725844309,0.0,0.0,0.0,0.0,0.0,0.0,,0.4166666666666667,1,0,0.07,0.7000000000000002,9.45,21.21,22.96,6.0,60.410000000000004,0.0,0.0,0.0,0.0,,,,,-0.08773380694361255,0.9961439550181393,-0.08773380694361255,0.9961439550181393,0.028056812390349885,2.2696299834925564,1.0,45.0,0.0,0.0740740740740741,0.0,3,0.0,0.3500000000000001,0.39761111111111114,0.0,-0.0,14.525,-2.458333333333333,193,7,2017,102
2017-07-13,0.0,0.0,0,0.0,-2.5,3.5,0.5083333333333333,25.0,16.245833333333334,-12.385007581709075,10.298953790028772,73.125,132.04166666666666,526.0,46.541666666666664,,,,,,,,311.9157701443439,0.9872637201762949,0.0,0.0,0.0,0.0,0.0,0.0,,0.375,1,0,0.0,0.07,9.1,20.580000000000002,22.96,6.0,60.410000000000004,0.0,0.0,0.0,0.0,,,,,-0.7441277031779788,0.6680373951831333,-0.7441277031779788,0.6680373951831333,-9.05653679412476,7.53110995895854,2.0,46.0,0.0,0.007692307692307694,0.0,4,0.0,0.023333333333333334,0.4095555555555555,0.0,-0.0,64.98333333333333,2.558333333333333,194,7,2017,103
2017-07-14,4.0600000000000005,6.0,12,0.77,0.2,3.1,1.5208333333333333,28.6,21.304166666666667,-16.928766555934708,12.83948776013059,88.54166666666667,103.04166666666667,513.0,87.41666666666667,,,,,,,,306.43119411986214,0.9961411029776138,1.6333333333333335,16.216666666666665,28.0,95.83333333333333,-13.166188393947047,9.332456272631555,304.4370375427033,0.0,0,11,4.0600000000000005,4.0600000000000005,12.810000000000002,24.360000000000003,27.020000000000003,5.0,64.47,0.0,0.0,0.0,0.0,,,,,-0.8045705970432866,0.5938570150915197,-0.8247481159465045,0.5655002610456435,-14.989012054733857,11.368296454282293,0.0,47.0,1.0,0.3169398907103825,100.0,5,0.677073371527778,4.0600000000000005,0.43272222222222223,65.83966666666667,0.0,106.52083333333334,1.0125,195,7,2017,104
2017-07-15,0.77,1.1,5,0.28,-6.8,0.9,-1.625,16.5,10.729166666666666,-9.397638115890823,4.6096506636498455,88.45833333333333,118.04166666666667,507.0,59.25,,,,,,,,304.2936021444052,0.9249973088937369,-0.27999999999999997,14.14,16.5,98.6,-12.77285464845728,6.0114318632362895,295.3987412703117,0.041666666666666664,1,5,4.83,4.83,11.270000000000001,25.130000000000003,27.790000000000003,6.0,65.24,0.0,0.0,0.0,0.0,,,,,-0.8261612147182058,0.5634338002776711,-0.9033447159115837,0.4289152879469559,-8.312994050015089,4.077620149553592,0.0,48.0,0.15942028985507248,0.42857142857142855,12.705,6,0.16291294250000002,4.83,0.3935555555555556,10.8878,0.0,64.375,-3.145833333333333,196,7,2017,105
2017-07-16,0.0,0.0,0,0.0,-8.6,4.4,-2.558333333333333,13.6,6.8374999999999995,-3.340478563782391,5.703904407470028,70.625,140.66666666666666,562.0,35.041666666666664,,,,,,,,331.6708874723281,0.9556147858206001,0.0,0.0,0.0,0.0,0.0,0.0,,0.5416666666666666,1,0,0.77,4.83,5.530000000000001,25.130000000000003,27.790000000000003,6.0,65.24,0.0,0.0,0.0,0.0,,,,,-0.47453552670286525,0.8802363511562302,-0.47453552670286525,0.8802363511562302,-2.3592129856713138,4.0283824877757075,1.0,49.0,0.0,0.8734177215189872,0.0,2,0.0,2.415,0.42697222222222225,0.0,-0.0,13.674999999999999,-0.9333333333333331,197,7,2017,106
2017-07-17,0.35000000000000003,0.6,2,0.28,-1.3,3.3,1.1500000000000001,28.5,21.72083333333333,-16.438325038565647,14.132733111118592,74.33333333333333,124.16666666666667,535.0,66.25,,,,,,,,310.66655182011607,0.9980507653225771,1.8,24.35,24.8,93.5,-17.80011862166035,16.566676974159964,313.0,0.125,0,2,0.35000000000000003,1.12,5.250000000000001,25.34,28.14,5.0,65.59,0.0,0.0,0.0,0.0,,,,,-0.7585148895619657,0.6516557084172585,-0.7313537016191703,0.6819983600624987,-12.219154945333797,10.505331612598152,0.0,50.0,0.3125,0.21333333333333332,9.975000000000001,3,0.04991109374999999,1.12,0.4038888888888889,8.5225,0.0,65.1625,3.708333333333333,198,7,2017,107
2017-07-18,10.08,15.2,24,0.91,-0.6,2.5,0.8583333333333334,28.3,23.400000000000002,-19.568746541814473,12.659783775917779,97.16666666666667,76.66666666666667,337.0,97.875,,,,,,,,302.79060013943564,0.9961852173352327,0.8583333333333334,23.400000000000002,28.3,97.16666666666667,-19.568746541814473,12.659783775917779,302.79060013943564,0.0,0,24,10.43,10.43,15.260000000000002,31.080000000000002,38.22,4.0,75.67,0.0,0.0,0.0,0.0,,,,,-0.8406554640284033,0.541570300883634,-0.8406554640284033,0.541570300883634,-19.01429872312973,12.301089902266776,0.0,0.0,0.9664429530201343,0.68348623853211,100.0,0,1.6298677499999998,10.43,0.4305555555555556,235.872,0.0,0.0,-0.29166666666666674,199,7,2017,108
2017-07-19,2.73,3.9,19,0.28,-1.0,1.0,-0.09999999999999999,25.1,17.208333333333332,-16.18712010389792,2.8558239578412885,96.5,56.833333333333336,244.0,94.33333333333333,,,,,,,,278.54381807091096,0.9553259923197398,-0.05789473684210527,17.378947368421052,25.1,95.94736842105263,-16.40740571873469,4.8826181474468315,285.04548138974064,0.0,1,19,12.81,13.16,17.99,27.44,40.95,4.0,78.4,0.0,0.0,0.0,0.0,,,,,-0.9889025340032366,0.14856573710643237,-0.9657200714289879,0.2595857153989616,-15.620570900261493,2.7558701193168433,0.0,1.0,0.2074468085106383,0.7315175097276265,68.52300000000001,1,0.5373287996883657,13.16,0.38177777777777777,47.444526315789474,0.0,17.208333333333332,-0.9583333333333334,200,7,2017,109
2017-07-20,3.0100000000000002,4.3,11,0.56,-4.3,0.4,-1.7166666666666668,22.6,17.179166666666667,-15.295268930308865,0.3485059478387134,94.70833333333333,87.83333333333333,376.0,63.791666666666664,,,,,,,,266.8408267962419,0.8642777367490516,-0.7090909090909091,19.981818181818184,22.6,93.54545454545455,-19.185781944162194,3.6252229109933207,279.8027873025617,0.041666666666666664,1,10,5.74,15.82,21.0,30.1,43.96,4.0,81.41,0.0,0.0,0.0,0.0,,,,,-0.9984802869863738,-0.05511003991659325,-0.9853996170326507,0.1702574367007371,-14.485894282746688,0.3300641747655815,0.0,2.0,0.19026548672566373,0.7533333333333333,68.02600000000001,2,0.6045774679752068,15.82,0.38313888888888886,60.14527272727274,0.0,34.358333333333334,-1.6166666666666667,201,7,2017,110
2017-07-21,0.0,0.0,0,0.0,-4.4,3.3,-1.3416666666666668,12.1,6.291666666666667,0.17607601329475844,-2.2788850337421556,80.91666666666667,142.5,583.0,37.75,,,,,,,,205.79038255570077,0.22612226735649055,0.0,0.0,0.0,0.0,0.0,0.0,,0.5833333333333334,1,0,3.0100000000000002,5.74,16.939999999999998,29.75,43.96,5.0,81.41,0.0,0.0,0.0,0.0,,,,,-0.43507996927207715,-0.9003918148996071,-0.43507996927207715,-0.9003918148996071,0.1424748407576754,-1.8439978064696942,1.0,3.0,0.0,0.3388429752066116,0.0,3,0.0,2.87,0.4380555555555556,0.0,-0.0,18.875,0.375,202,7,2017,111
2017-07-22,0.0,0.0,0,0.0,-4.1,3.0,-0.28750000000000003,18.9,14.079166666666667,-9.671288770065352,9.902501929268906,49.458333333333336,148.66666666666666,576.0,4.458333333333333,,,,,,,,317.4642999465369,0.9829253691853819,0.0,0.0,0.0,0.0,0.0,0.0,,0.9166666666666666,1,0,0.0,3.0100000000000002,16.169999999999998,27.440000000000005,43.96,5.0,81.41,0.0,0.0,0.0,0.0,,,,,-0.6760494617685736,0.7368562446247042,-0.6760494617685736,0.7368562446247042,-4.783258237528156,4.89761241251758,2.0,4.0,0.0,0.18614718614718617,0.0,4,0.0,1.0033333333333334,0.3306388888888889,0.0,-0.0,56.31666666666667,1.0541666666666667,203,7,2017,112
2017-07-23,1.61,2.4,6,0.42,-0.9,2.2,0.6166666666666667,32.0,26.479166666666668,-21.109329712735626,15.901598343270086,81.375,124.33333333333333,549.0,66.95833333333333,,,,,,,,307.0832783029405,0.9980222333594513,0.5499999999999999,25.46666666666667,27.0,99.83333333333333,-21.231368625924294,14.049987398450616,303.5000761659554,0.041666666666666664,1,6,1.61,1.61,17.779999999999998,23.310000000000002,45.57,5.0,83.02,0.0,0.0,0.0,0.0,,,,,-0.7977599403044493,0.6029751882502642,-0.8338850883508213,0.5519380938349363,-17.177717053738615,12.939925651836033,0.0,5.0,1.0,0.09055118110236222,51.52,5,0.25928043749999996,1.61,0.40302777777777776,41.00133333333334,0.0,132.39583333333334,0.9041666666666668,204,7,2017,113
2017-07-24,1.12,1.6,15,0.14,0.2,2.3,1.0541666666666667,25.3,21.545833333333334,-19.646689443226013,8.793429848541955,96.20833333333333,94.29166666666667,421.0,94.16666666666667,,,,,,,,294.0830180534164,0.9990116527465007,0.7866666666666667,21.353333333333335,25.3,98.66666666666667,-19.359432119288975,8.960187215756871,294.799509138637,0.0,0,4,2.7300000000000004,2.7300000000000004,18.55,23.8,46.13,5.0,84.14,0.0,0.0,0.0,0.0,,,,,-0.9129551625611525,0.40805988672367627,-0.9077810720072259,0.41944430536772315,-18.90175246850369,8.460012300118072,0.0,6.0,0.41025641025641024,0.14716981132075474,28.336000000000002,6,0.18911595111111118,2.7300000000000004,0.4346666666666666,23.91573333333334,0.0,129.275,0.4375,205,7,2017,114
2017-07-25,1.6099999999999999,4.2,3,1.19,0.3,3.9,1.9958333333333333,30.2,24.837500000000002,-21.401856593352004,12.373863690108271,95.33333333333333,87.20833333333333,480.0,94.20833333333333,,,,,,,,299.6663531899021,0.9953274877245976,1.5333333333333332,23.400000000000002,24.5,100.0,-21.02372319332532,10.013582494311388,295.32847239257757,0.0,0,2,2.73,4.34,10.08,25.340000000000003,46.690000000000005,5.0,85.75,0.0,0.0,0.0,0.0,,,,,-0.8689223215667926,0.49494848124120505,-0.9038700681065467,0.42780708266818895,-20.403103285662244,11.796416717903218,0.0,7.0,0.3709677419354839,0.4305555555555555,48.62199999999999,5,0.24110420833333335,4.34,0.46258333333333335,37.674,0.0,124.18750000000001,0.9416666666666667,206,7,2017,115
2017-07-26,4.62,7.4,16,1.26,-0.8,1.9,0.875,28.0,21.695833333333336,-19.81944131480386,8.428371931457365,97.75,97.83333333333333,443.0,87.75,,,,,,,,291.3902009287149,0.9910891962554654,1.26875,24.78125,27.0,97.0,-22.598410540147025,9.92264106525193,293.3812470270911,0.0,0,13,6.23,7.35,11.969999999999999,29.96,51.17,4.0,90.37,0.0,0.0,0.0,0.0,,,,,-0.9311182056834953,0.36471754419653046,-0.917884563474083,0.396847487249185,-19.373503885220774,8.238733562999574,0.0,8.0,0.6285714285714287,0.6140350877192983,100.0,0,0.6960733264160155,7.35,0.4332777777777778,114.48937500000001,0.0,0.0,-1.1208333333333333,207,7,2017,116
2017-07-27,0.28,0.4,1,0.28,-3.2,4.3,0.4666666666666666,28.3,13.325000000000001,-9.6218234783007,9.02043565255455,75.95833333333333,143.95833333333334,566.0,60.416666666666664,,,,,,,,313.5888566956875,0.9864712154655277,0.4,28.0,28.0,98.0,-20.47790364533677,19.095954081749962,313.0,0.08333333333333333,1,1,4.9,6.51,9.24,30.240000000000002,51.45,4.0,90.65,0.0,0.0,0.0,0.0,,,,,-0.7243059700180368,0.6894786884278808,-0.7313537016191703,0.6819983600624987,-7.3085767503925725,6.851772581086226,0.0,9.0,0.043010752688172046,0.7045454545454545,7.924000000000001,1,0.04368000000000001,6.51,0.44472222222222224,7.840000000000001,0.0,13.325000000000001,-0.4083333333333334,208,7,2017,117
2017-07-28,4.6899999999999995,6.7,10,0.91,-1.1,2.1,0.3625,31.5,18.766666666666666,-16.59195594432644,7.755616586140742,91.83333333333333,115.79166666666667,505.0,86.95833333333333,,,,,,,,294.5502057222244,0.9731244722220724,-0.09000000000000001,22.64,31.5,97.7,-19.5425119730994,10.85829599687235,297.2037189910563,0.0,1,10,4.969999999999999,9.59,13.93,30.870000000000005,56.14,4.0,95.34,0.0,0.0,0.0,0.0,,,,,-0.9095975444863247,0.41549044160419457,-0.8893867018134678,0.4571556569018496,-15.236946208873112,7.122241231605915,0.0,10.0,0.4890510948905109,0.6884422110552764,100.0,0,0.8482486424999999,9.59,0.4299722222222222,106.18159999999999,0.0,0.0,-0.10416666666666663,209,7,2017,118
2017-07-29,0.0,0.0,0,0.0,-1.2,7.1,3.4166666666666665,39.1,19.945833333333333,-14.580719752470673,13.505308247214472,56.041666666666664,154.04166666666666,595.0,31.666666666666668,,,,,,,,313.9118591107654,0.9955530998982757,0.0,0.0,0.0,0.0,0.0,0.0,,0.625,1,0,4.689999999999999,4.97,13.93,30.1,55.51,4.0,95.34,0.0,0.0,0.0,0.0,,,,,-0.7204075755694364,0.6935509534721778,-0.7204075755694364,0.6935509534721778,-8.17127836128044,7.568599830209776,1.0,11.0,0.0,0.35678391959798994,0.0,1,0.0,2.485,0.4472777777777777,0.0,-0.0,19.945833333333333,3.0541666666666667,210,7,2017,119
2017-07-30,0.56,1.8,3,0.21,1.0,6.1,3.5,27.0,21.095833333333335,-16.72180390510731,12.5951980053657,80.70833333333333,94.125,393.0,88.83333333333333,,,,,,,,306.49720921824223,0.9922392247126215,3.6333333333333333,20.133333333333333,23.7,74.66666666666667,-15.09330459499949,13.223899835871405,310.6635154357699,0.0,0,2,0.5599999999999992,5.25,12.88,30.660000000000004,55.79,3.0,95.9,0.0,0.0,0.0,0.0,,,,,-0.8038858324884434,0.5947836315202044,-0.7585494229286569,0.6516155100782989,-13.495889235080359,10.165374390163901,0.0,12.0,0.10666666666666667,0.4076086956521739,15.120000000000001,2,0.06670144444444445,5.25,0.4673333333333333,11.274666666666667,0.0,42.19166666666667,0.08333333333333348,211,7,2017,120
2017-07-31,5.95,8.799999999999999,17,1.61,-0.7,2.4,0.9333333333333332,8.9,4.0625,-1.7792865346437348,-0.04721578955951411,96.66666666666667,39.958333333333336,175.0,100.0,,,,,,,,266.0888897504798,0.3955838648088385,1.1235294117647057,3.1941176470588237,5.4,95.52941176470588,-1.4727503748933959,-1.5041558400525168,239.55258087855412,0.0,0,17,6.51,6.51,17.71,36.260000000000005,61.739999999999995,3.0,101.85,0.0,0.0,0.0,0.0,,,,,-0.9976710712040076,-0.06820875077765405,-0.8620945703023045,-0.5067474241229895,-1.7199769834889438,-0.04564192990753031,0.0,13.0,0.913978494623656,0.3675889328063241,52.955000000000005,0,1.2676570863970589,6.51,0.40219444444444447,19.005000000000003,0.0,0.0,-2.566666666666667,212,7,2017,121
2017-08-01,0.0,0.0,0,0.0,-3.2,4.6,0.062499999999999965,10.4,5.258333333333334,-2.0791283379323384,-2.1604123342220536,81.29166666666667,147.79166666666666,574.0,41.166666666666664,,,,,,,,223.19573431420727,0.27472231065239805,0.0,0.0,0.0,0.0,0.0,0.0,,0.4583333333333333,1,0,5.949999999999998,6.51,16.1,26.180000000000003,61.739999999999995,4.0,101.85,0.0,0.0,0.0,0.0,,,,,-0.6844928321263143,-0.7290195901124312,-0.6844928321263143,-0.7290195901124312,-1.6901580780441634,-1.7562351933613445,1.0,14.0,0.0,0.40434782608695646,0.0,1,0.0,3.255,0.4717222222222222,0.0,-0.0,5.258333333333334,-0.8708333333333332,213,8,2017,122
2017-08-02,0.0,0.0,0,0.0,-7.6,4.3,-1.9625000000000001,9.5,5.7124999999999995,4.102169455906729,3.189406303603503,82.16666666666667,155.95833333333334,600.0,12.625,,,,,,,,54.48107296271744,0.9176852282242087,0.0,0.0,0.0,0.0,0.0,0.0,,0.75,1,0,0.0,5.949999999999999,11.479999999999999,23.450000000000003,61.599999999999994,5.0,101.85,0.0,0.0,0.0,0.0,,,,,0.8139236450377226,0.5809718582242235,0.8139236450377226,0.5809718582242235,3.370615902936696,2.6206288461275453,2.0,15.0,0.0,0.5182926829268293,0.0,2,0.0,1.9833333333333332,0.47341666666666676,0.0,-0.0,11.424999999999999,-2.025,214,8,2017,123
2017-08-03,10.43,15.6,12,2.31,-2.5,2.6,0.7208333333333333,23.0,14.637500000000001,10.189290532702092,9.308784014479324,93.29166666666667,48.083333333333336,232.0,97.20833333333333,,,,,,,,42.873964849193825,0.9357825335436671,1.8166666666666667,17.349999999999998,23.0,97.5,13.933672493708444,8.87144017177691,54.028331066137085,0.0,0,12,10.43,10.43,21.63,30.87,67.69,4.0,112.28,0.0,0.0,0.0,0.0,,,,,0.6803879318572599,0.7328521421016662,0.8093075378602068,0.5873851455073152,9.505758959466661,8.684319753508003,0.0,0.0,1.0,0.48220064724919093,100.0,0,1.6710353880208335,10.43,0.4008055555555556,180.96049999999997,0.0,0.0,2.6833333333333336,215,8,2017,124
2017-08-04,6.79,9.7,24,1.19,-1.2,1.6,0.1625,30.6,18.9,-15.887544716762834,10.136035304337561,97.08333333333333,80.375,394.0,98.95833333333333,,,,,,,,302.7082049553059,0.9965584648372701,0.1625,18.9,30.6,97.08333333333333,-15.887544716762834,10.136035304337561,302.7082049553059,0.0,1,24,17.22,17.22,23.729999999999997,37.660000000000004,68.11,4.0,119.07000000000001,0.0,0.0,0.0,0.0,,,,,-0.8414334090203733,0.540360822214521,-0.8414334090203733,0.540360822214521,-15.424157995857252,9.840400941294382,0.0,1.0,0.39430894308943093,0.7256637168141593,100.0,1,1.2753980585937497,17.22,0.41275,128.331,0.0,18.9,-0.5583333333333333,216,8,2017,125
2017-08-05,10.71,15.3,24,1.82,-2.0,-0.3,-1.2958333333333334,36.4,29.025000000000002,-24.087476041248227,16.04260031003329,95.29166666666667,81.04166666666667,365.0,89.875,,,,,,,,304.0373758690482,0.9968266300231079,-1.2958333333333334,29.025000000000002,36.4,95.29166666666667,-24.087476041248227,16.04260031003329,304.0373758690482,0.0,0,24,17.5,27.93,34.44,48.370000000000005,78.47,3.0,129.78,0.0,0.0,0.0,0.0,,,,,-0.8286726167763251,0.559733592171381,-0.8286726167763251,0.559733592171381,-22.95335737763946,15.287261212102557,0.0,0.0,0.3834586466165414,0.8109756097560976,100.0,0,1.9271477080078132,27.93,0.37166666666666665,310.85775000000007,0.0,0.0,-1.4583333333333335,217,8,2017,126
2017-08-06,18.55,26.6,24,2.8,-1.0,1.6,-0.06249999999999998,36.7,25.258333333333336,-17.66612199957965,17.699884714447904,94.75,74.41666666666667,368.0,96.08333333333333,,,,,,,,315.89124720868915,0.9880339756717152,-0.06249999999999998,25.258333333333336,36.7,94.75,-17.66612199957965,17.699884714447904,315.89124720868915,0.0,1,24,29.26,36.05,52.43000000000001,65.31,96.67,4.0,148.33,0.0,0.0,0.0,0.0,,,,,-0.6960224930549254,0.7180199782468496,-0.6960224930549254,0.7180199782468496,-16.73865059460172,16.77064076693939,0.0,0.0,0.5145631067961166,0.6875834445927902,100.0,0,3.193139152018229,36.05,0.401,468.5420833333334,0.0,0.0,1.2333333333333334,218,8,2017,127
2017-08-07,10.85,15.5,23,0.98,-2.3,-0.6,-1.4625000000000001,24.7,19.6375,-16.042236938795376,10.826928970726359,94.75,84.16666666666667,337.0,98.375,,,,,,,,304.0049790877849,0.9845577907974572,-1.4434782608695653,19.756521739130434,24.7,94.56521739130434,-16.03340712477093,11.095131477570666,304.78585612002445,0.0,0,23,29.4,40.11,57.33,75.03999999999999,105.21,4.0,159.18,0.0,0.0,0.0,0.0,,,,,-0.8289889747362603,0.5592649459475572,-0.8212900689083518,0.5705108436414814,-15.200019499508619,10.258515199763224,0.0,0.0,0.27050610820244325,0.6996336996336996,100.0,1,2.3374796975425327,40.11,0.3719444444444444,214.3582608695652,0.0,19.6375,-1.4000000000000001,219,8,2017,128
2017-08-08,0.14,0.2,1,0.14,-3.3,0.5,-1.4166666666666667,19.7,16.441666666666666,-15.667995915572812,3.81203051721582,93.66666666666667,128.91666666666666,567.0,86.79166666666667,,,,,,,,282.81280181045236,0.9781900391744647,-0.5,17.0,17.0,99.0,-15.870867250452429,6.092255142270107,291.0,0.0,1,1,10.99,29.54,57.47,73.57,99.61,4.0,159.32,0.0,0.0,0.0,0.0,,,,,-0.9750998285549687,0.22176637335734806,-0.9335804264972017,0.3583679495453004,-14.675689507586535,3.5706019177921515,0.0,1.0,0.004739336492890996,0.5140073081607796,2.758,2,0.028940624999999998,29.54,0.4092777777777778,2.3800000000000003,0.0,32.88333333333333,0.04583333333333339,220,8,2017,129
2017-08-09,0.8400000000000001,1.7000000000000002,7,0.21,-0.3,4.0,1.5291666666666668,20.7,13.183333333333332,-11.201585936855667,6.080366952601783,90.0,138.33333333333334,585.0,80.375,,,,,,,,300.53407399600883,0.9647544642485814,0.6285714285714287,17.757142857142856,20.7,97.14285714285714,-16.710801430205173,5.8490463432461945,288.7162207382788,0.08333333333333333,0,5,0.9800000000000001,11.83,58.31,69.79,99.82,3.0,160.16,0.0,0.0,0.0,0.0,,,,,-0.8613271732921357,0.5080506869876067,-0.9471194725547504,0.3208811379741903,-10.0814273431701,5.472330257341605,0.0,2.0,0.07100591715976332,0.2028811524609844,17.388,3,0.15311742857142852,11.83,0.4811111111111111,14.916,0.0,39.55,2.9458333333333337,221,8,2017,130
2017-08-10,0.0,0.0,0,0.0,3.5,6.9,5.020833333333333,33.7,26.583333333333332,-20.28870331668546,17.142954996566477,57.958333333333336,112.16666666666667,452.0,81.16666666666667,,,,,,,,310.1669032152028,0.9991414141929715,0.0,0.0,0.0,0.0,0.0,0.0,,0.08333333333333333,0,0,0.8400000000000001,0.9800000000000001,47.88,69.51,99.75,3.0,160.16,0.0,0.0,0.0,0.0,,,,,-0.7641687484395571,0.6450163749148706,-0.7641687484395571,0.6450163749148706,-11.758994297295615,9.93577100009332,1.0,3.0,0.0,0.020467836257309944,0.0,4,0.0,0.49000000000000005,0.4213055555555556,0.0,-0.0,106.33333333333333,3.4916666666666663,222,8,2017,131
2017-08-11,0.77,1.1,9,0.14,-0.1,5.5,1.9166666666666667,37.7,24.825,-20.707981439042843,13.523413937476567,86.08333333333333,125.875,457.0,68.54166666666667,,,,,,,,303.24296329456797,0.9957805566766721,1.4333333333333333,27.022222222222222,37.7,90.77777777777777,-23.084569772351553,13.994023693866568,300.88971302516387,0.041666666666666664,1,5,0.77,1.61,41.86,65.58999999999999,100.52,3.0,160.93,0.0,0.0,0.0,0.0,,,,,-0.8363534874489493,0.5481905180062678,-0.8581570939014942,0.5133871854522102,-17.826120688776044,11.641405497844412,0.0,4.0,0.47826086956521735,0.038461538461538464,29.029000000000003,5,0.10920596296296295,1.61,0.4930833333333333,20.807111111111112,0.0,124.125,-3.104166666666666,223,8,2017,132
2017-08-12,2.24,3.3000000000000003,15,0.28,0.1,2.4,1.1916666666666667,39.6,32.333333333333336,-28.25821410749686,15.583122215700419,98.66666666666667,72.875,311.0,97.83333333333333,,,,,,,,298.75119884309044,0.9981453342308998,0.8933333333333333,35.26,39.6,98.2,-30.59835613637779,17.364584697333765,299.46921369550483,0.0,0,8,3.0100000000000002,3.0100000000000002,33.39,67.83000000000001,102.76,3.0,163.17000000000002,0.0,0.0,0.0,0.0,,,,,-0.8767166914224401,0.48100711323356743,-0.8706201604829309,0.4919558274486396,-27.8814379193969,15.375347252824414,0.0,5.0,0.7441860465116279,0.09014675052410902,88.70400000000001,6,0.2852025866666667,3.0100000000000002,0.4308055555555555,78.9824,0.0,194.0,-0.7250000000000001,224,8,2017,133
2017-08-13,0.14,1.2,2,0.07,0.4,4.2,2.2041666666666666,24.8,16.404166666666665,-14.243623688015935,7.999143350910933,93.58333333333333,131.29166666666666,535.0,72.33333333333333,,,,,,,,299.9584780590918,0.9957867678622481,1.5499999999999998,16.8,17.8,100.0,-15.68415116515299,6.020581552361047,291.0,0.041666666666666664,0,2,2.3800000000000003,3.1500000000000004,14.98,67.41000000000001,98.84,2.0,163.31,0.0,0.0,0.0,0.0,,,,,-0.8663875236324868,0.49937226484253916,-0.9335804264972017,0.3583679495453004,-13.32965783470158,7.485864985894148,0.0,6.0,0.044444444444444446,0.21028037383177572,3.4720000000000004,6,0.023364249999999996,3.1500000000000004,0.49280555555555555,2.3520000000000003,0.0,98.42499999999998,1.0125,225,8,2017,134
2017-08-14,0.0,0.0,0,0.0,0.9,7.3,3.9499999999999997,23.8,17.6375,-13.72105788968908,10.843465140857795,75.0,177.5,600.0,7.333333333333333,,,,,,,,309.23028149158836,0.9898513464344999,0.0,0.0,0.0,0.0,0.0,0.0,,0.875,0,0,0.14,2.3800000000000003,4.13,61.46,98.07000000000001,2.0,163.31,0.0,0.0,0.0,0.0,,,,,-0.7746103455886224,0.6324387816279731,-0.7746103455886224,0.6324387816279731,-10.290793417266809,8.132598855643346,1.0,7.0,0.0,0.5762711864406781,0.0,2,0.0,1.1900000000000002,0.5305555555555556,0.0,-0.0,35.275,1.7458333333333331,226,8,2017,135
2017-08-15,0.0,14.8,0,0.0,3.4,7.3,5.233333333333333,40.0,26.858333333333334,-21.39157391362161,16.09390354137624,90.125,56.125,224.0,77.45833333333333,,,,,,,,306.79226881177317,0.9971108811919713,0.0,0.0,0.0,0.0,0.0,0.0,,0.20833333333333334,0,0,0.0,0.14,3.99,61.46,98.07000000000001,1.0,163.31,0.0,0.0,0.0,0.0,,,,,-0.8008121927222402,0.5989155466235598,-0.8008121927222402,0.5989155466235598,-19.279155989651475,14.504630566665334,2.0,8.0,0.0,0.03508771929824561,0.0,3,0.0,0.04666666666666667,0.5000555555555556,0.0,-0.0,80.575,1.2833333333333337,227,8,2017,136
2017-08-16,18.97,39.0,21,2.24,0.5,5.4,1.9875,34.4,28.804166666666664,-26.339673874919793,11.500418597025366,99.08333333333333,76.79166666666667,327.0,99.29166666666667,,,,,,,,293.625632846047,0.9978219818343292,1.5571428571428574,28.62857142857143,34.4,99.14285714285714,-26.27013972216119,11.216486713987523,293.1905284320414,0.0,0,21,18.97,18.97,22.119999999999997,80.43,116.69,1.0,182.28,0.0,0.0,0.0,0.0,,,,,-0.9161835306913318,0.40075895260114314,-0.9192004492514194,0.39378996190353655,-26.098226864399695,11.394998093219298,0.0,0.0,1.0,0.8575949367088608,100.0,0,2.5711560535714284,18.97,0.5014722222222222,543.084,0.0,0.0,-3.2458333333333336,228,8,2017,137
2017-08-17,26.46,38.0,24,2.31,-0.8,0.6,0.07916666666666666,30.4,27.775000000000002,-24.174753491613206,13.071084014331184,98.41666666666667,42.166666666666664,190.0,99.66666666666667,,,,,,,,298.37945599276657,0.9891692937651657,0.07916666666666666,27.775000000000002,30.4,98.41666666666667,-24.174753491613206,13.071084014331184,298.37945599276657,0.0,1,24,45.43,45.43,48.58,96.46,133.07,2.0,208.74,0.0,0.0,0.0,0.0,,,,,-0.8798190564031069,0.47530877121082726,-0.8798190564031069,0.47530877121082726,-23.79198656132933,12.864125184104275,0.0,0.0,0.5824345146379045,0.9351585014409222,100.0,0,4.284167712890626,45.43,0.3695,734.9265,0.0,0.0,-1.9083333333333334,229,8,2017,138
2017-08-18,9.45,13.6,22,1.12,-3.3,-0.4,-1.7291666666666667,30.0,22.316666666666666,-21.272322865200064,6.6796056926507354,97.0,114.125,446.0,86.41666666666667,,,,,,,,287.04215156202304,0.9989790398988798,-1.6227272727272728,23.013636363636365,30.0,97.0,-21.91278863063512,6.971067296848787,287.36413928546517,0.0,0,18,35.91,54.879999999999995,57.25999999999999,99.12,139.79000000000002,1.0,218.19,0.0,0.0,0.0,0.0,,,,,-0.9560894041405491,0.29307516320932037,-0.954427307505343,0.29844348659017755,-20.634153179244063,6.479217521871213,0.0,1.0,0.17219387755102042,0.958435207823961,100.0,1,1.9559638432980366,54.879999999999995,0.3994166666666667,217.47886363636363,0.0,22.316666666666666,-1.8083333333333333,230,8,2017,139
2017-08-19,0.9800000000000001,1.4000000000000001,10,0.21,-5.3,-0.1,-3.0625,20.2,12.5625,-5.273155382273073,-9.822401662253837,85.70833333333333,137.08333333333334,525.0,74.75,,,,,,,,205.9428294996029,0.8952862427857133,-3.31,15.229999999999999,20.2,87.8,-5.367839486380542,-13.064179380953282,202.4878841394933,0.0,0,6,10.43,36.89,56.0,89.39,137.76,1.0,219.17,0.0,0.0,0.0,0.0,,,,,-0.43747409990640107,-0.8992310114264767,-0.38248805871317804,-0.9239604347274966,-4.519533592223213,-8.418616758023392,0.0,2.0,0.026565464895635677,0.6587500000000001,19.796000000000003,2,0.26401466437500004,36.89,0.3770833333333334,14.9254,0.0,25.125,-1.3333333333333333,231,8,2017,140
2017-08-20,0.0,0.0,0,0.0,-5.6,3.3,-1.7416666666666665,9.0,4.7625,-0.8525032566112903,0.32374316825057853,76.0,182.58333333333334,600.0,55.666666666666664,,,,,,,,306.06161966478516,0.22734831435381705,0.0,0.0,0.0,0.0,0.0,0.0,,0.16666666666666666,1,0,0.9800000000000001,10.43,55.86,70.84,137.76,2.0,219.17,0.0,0.0,0.0,0.0,,,,,-0.8083843835569181,0.5886549824993427,-0.8083843835569181,0.5886549824993427,-0.6479024750245808,0.2460448078704397,1.0,3.0,0.0,0.18671679197994986,0.0,3,0.0,5.215,0.4483888888888889,0.0,-0.0,14.287500000000001,1.3208333333333335,232,8,2017,141
2017-08-21,0.35000000000000003,0.5,5,0.07,-3.6,0.6,-1.5458333333333334,14.3,11.083333333333334,-7.575982040995954,8.001326873644265,75.91666666666667,82.875,332.0,81.29166666666667,,,,,,,,317.26732885122334,0.9934609390615311,-0.2,10.66,13.3,73.6,-6.788254559855581,8.186635782169727,320.9956066441445,0.0,1,4,0.35000000000000003,1.33,56.21,60.339999999999996,138.10999999999999,3.0,219.52,0.0,0.0,0.0,0.0,,,,,-0.6785786219448044,0.734527776084397,-0.629379979605653,0.777097703813097,-5.7514330327894285,6.074340651574938,0.0,4.0,0.2631578947368421,0.023661270236612703,5.005000000000001,4,0.07735743750000001,1.33,0.3216388888888889,3.7310000000000003,0.0,44.333333333333336,0.19583333333333308,233,8,2017,142
2017-08-22,0.0,0.0,0,0.0,-3.5,4.9,0.7166666666666667,11.0,7.154166666666666,-5.025655079345289,4.499995425647857,77.33333333333333,193.29166666666666,600.0,6.0,,,,,,,,312.79257209056954,0.9322938197733825,0.0,0.0,0.0,0.0,0.0,0.0,,0.875,1,0,0.35000000000000003,0.35000000000000003,56.21,60.199999999999996,136.5,4.0,219.52,0.0,0.0,0.0,0.0,,,,,-0.7338179421103717,0.679346176729434,-0.7338179421103717,0.679346176729434,-3.8865065946936896,3.479996462501009,1.0,5.0,0.0,0.006226650062266501,0.0,5,0.0,0.17500000000000002,0.4955277777777778,0.0,-0.0,35.77083333333333,2.2625,234,8,2017,143
2017-08-23,0.0,0.0,0,0.0,-0.1,3.5,1.3958333333333333,17.4,12.866666666666667,-10.01919950860534,7.623333917825032,85.29166666666667,157.91666666666666,582.0,53.666666666666664,,,,,,,,309.65639328191486,0.9753144391686949,0.0,0.0,0.0,0.0,0.0,0.0,,0.20833333333333334,1,0,0.0,0.35000000000000003,37.24,59.36,135.38,5.0,219.52,0.0,0.0,0.0,0.0,,,,,-0.7698854860907051,0.6381820573369945,-0.7698854860907051,0.6381820573369945,-8.54554224754797,6.502068554078266,2.0,6.0,0.0,0.009398496240601505,0.0,6,0.0,0.11666666666666668,0.4673611111111111,0.0,-0.0,77.2,0.6791666666666666,235,8,2017,144
2017-08-24,2.38,3.4,9,0.56,-1.7,2.4,0.13750000000000004,15.3,8.316666666666666,0.37572181320196757,-5.150732845167201,84.0,171.70833333333334,600.0,50.875,,,,,,,,173.7872488469625,0.6676265580118761,-0.14444444444444446,8.466666666666667,12.2,97.77777777777777,-1.8016367079765883,-4.278016133505426,207.30930569447906,0.3333333333333333,1,9,2.38,2.38,13.16,61.74,136.15,5.0,221.9,0.0,0.0,0.0,0.0,,,,,0.10822060093296144,-0.9941269041393602,-0.45879387320921794,-0.8885427293640323,0.31560632308965275,-4.326615589940449,0.0,7.0,1.0,0.18085106382978722,36.414,6,0.5397140324074075,2.38,0.44780555555555557,20.150666666666666,0.0,49.9,-1.2583333333333333,236,8,2017,145
2017-08-25,0.0,0.0,0,0.0,-2.4,4.8,0.39583333333333326,7.2,4.325,-1.8588482325956133,0.5224351106281148,73.66666666666667,200.5,600.0,9.166666666666666,,,,,,,,298.32142576809474,0.3562324840147729,0.0,0.0,0.0,0.0,0.0,0.0,,0.75,1,0,2.38,2.38,3.71,60.97,131.53,6.0,221.9,0.0,0.0,0.0,0.0,,,,,-0.8803000065712152,0.47441743057218966,-0.8803000065712152,0.47441743057218966,-1.3693515313454352,0.3848605314960446,1.0,8.0,0.0,0.6415094339622641,0.0,1,0.0,1.19,0.485888888888889,0.0,-0.0,4.325,0.2583333333333332,237,8,2017,146
2017-08-26,0.0,0.0,0,0.0,-2.8,5.4,0.6208333333333333,18.6,9.549999999999999,-7.396675014424443,5.79161062875048,71.58333333333333,211.54166666666666,600.0,14.875,,,,,,,,313.02222836594444,0.9726510935294603,0.0,0.0,0.0,0.0,0.0,0.0,,0.7916666666666666,1,0,0.0,2.38,2.73,58.730000000000004,131.25,7.0,221.9,0.0,0.0,0.0,0.0,,,,,-0.7310890597494151,0.6822820433770159,-0.7310890597494151,0.6822820433770159,-5.294786531158831,4.145827941747218,2.0,9.0,0.0,0.8717948717948718,0.0,2,0.0,0.7933333333333333,0.4996388888888889,0.0,-0.0,19.099999999999998,0.2250000000000001,238,8,2017,147
2017-08-27,5.18,7.4,19,1.68,-5.6,0.0,-2.2041666666666666,22.3,15.541666666666666,-7.399292060580084,-4.83214870799073,88.75,122.75,532.0,83.91666666666667,,,,,,,,225.37675018464677,0.6023184196159391,-2.473684210526316,14.421052631578947,20.8,91.36842105263158,-5.743283014038654,-5.799477019749728,216.20824545252057,0.0,1,10,5.18,5.18,7.91,63.77,131.73999999999998,7.0,227.08,0.0,0.0,0.0,0.0,,,,,-0.7117410636186815,-0.7024419252571333,-0.590721791400165,-0.8068753095522132,-6.566871703764824,-4.288531978341773,0.0,10.0,1.0,0.654867256637168,100.0,0,1.3241554362880887,5.18,0.37766666666666665,74.70105263157895,0.0,0.0,-2.825,239,8,2017,148
2017-08-28,0.0,0.0,0,0.0,-6.5,1.7,-3.375,14.1,6.933333333333334,3.062186049396812,-4.48540826927456,86.16666666666667,178.5,600.0,64.25,,,,,,,,139.58896260453608,0.5744660864716213,0.0,0.0,0.0,0.0,0.0,0.0,,0.08333333333333333,1,0,5.18,5.18,7.56,63.77,131.73999999999998,7.0,227.08,0.0,0.0,0.0,0.0,,,,,0.6482665909319857,-0.7614134403078405,0.6482665909319857,-0.7614134403078405,2.6385836458969196,-3.864926792024912,1.0,11.0,0.0,0.6851851851851852,0.0,1,0.0,2.59,0.444,0.0,-0.0,6.933333333333334,-1.1708333333333334,240,8,2017,149
2017-08-29,0.0,0.0,0,0.0,-6.0,2.7,-1.9041666666666668,9.0,6.266666666666667,-4.441837073923748,4.130695222800889,73.41666666666667,214.08333333333334,600.0,9.083333333333334,,,,,,,,315.6394116975324,0.9664980497734372,0.0,0.0,0.0,0.0,0.0,0.0,,0.9166666666666666,1,0,0.0,5.18,7.56,63.77,131.17999999999998,7.0,227.08,0.0,0.0,0.0,0.0,,,,,-0.6991717150732528,0.7149537837101964,-0.6991717150732528,0.7149537837101964,-3.2610487184390182,3.032618742739653,2.0,12.0,0.0,0.6851851851851852,0.0,2,0.0,1.7266666666666666,0.4474444444444445,0.0,-0.0,12.533333333333333,1.4708333333333332,241,8,2017,150
2017-08-30,0.21000000000000002,0.30000000000000004,2,0.14,-4.0,3.5,-1.0166666666666666,18.4,10.525,-4.822923901992534,-4.243416058891633,83.83333333333333,168.91666666666666,600.0,51.958333333333336,,,,,,,,246.31439684982013,0.519343975897886,-1.85,11.649999999999999,13.7,97.5,4.318204918114736,-10.815982825921576,158.5,0.25,1,2,0.21000000000000002,0.21000000000000002,7.77,45.01,125.44,7.0,227.29,0.0,0.0,0.0,0.0,,,,,-0.915763562827108,-0.4017176832032683,0.36650122672429714,-0.9304175679820246,-4.043217871170407,-3.5573971293708184,0.0,13.0,1.0,0.027027027027027032,3.864,3,0.053152804687500006,0.21000000000000002,0.4698333333333333,2.4465,0.0,31.575000000000003,0.8875000000000002,242,8,2017,151
2017-08-31,0.0,0.0,0,0.0,-6.0,2.3,-2.0416666666666665,10.0,6.391666666666667,4.770541852227962,-1.2298008387825898,80.5,184.0,600.0,31.416666666666668,,,,,,,,94.94875654923564,0.7339522764418364,0.0,0.0,0.0,0.0,0.0,0.0,,0.5,1,0,0.21000000000000002,0.21000000000000002,5.390000000000001,18.55,125.44,7.0,227.29,0.0,0.0,0.0,0.0,,,,,0.9962722488717771,-0.08626474440912571,0.9962722488717771,-0.08626474440912571,3.8402861910435093,-0.9899896752199848,1.0,14.0,0.0,0.03896103896103896,0.0,4,0.0,0.10500000000000001,0.4421111111111111,0.0,-0.0,25.566666666666666,-1.025,243,8,2017,152
2017-09-01,0.0,0.0,0,0.0,-4.2,6.1,0.2791666666666667,8.4,6.25,-3.9484137750052173,4.09787197264573,55.833333333333336,223.625,600.0,28.333333333333332,,,,,,,,317.0030041104505,0.9121118836830095,0.0,0.0,0.0,0.0,0.0,0.0,,0.5,1,0,0.0,0.21000000000000002,5.390000000000001,9.1,125.44,7.0,227.29,0.0,0.0,0.0,0.0,,,,,-0.6819600130668455,0.7313894588916824,-0.6819600130668455,0.7313894588916824,-2.204531024377913,2.2879785180605325,2.0,15.0,0.0,0.03896103896103896,0.0,5,0.0,0.07,0.47075,0.0,-0.0,31.25,2.3208333333333333,244,9,2017,153
2017-09-02,0.0,0.0,0,0.0,-1.5,7.7,3.7624999999999997,19.1,13.020833333333334,-9.79381648678049,8.40465007006619,60.791666666666664,180.41666666666666,600.0,35.708333333333336,,,,,,,,311.41243089558,0.9893600546027165,0.0,0.0,0.0,0.0,0.0,0.0,,0.4583333333333333,0,0,0.0,0.0,5.390000000000001,8.12,115.00999999999999,6.0,227.29,0.0,0.0,0.0,0.0,,,,,-0.7499675737172052,0.6614745938981544,-0.7499675737172052,0.6614745938981544,-5.953824272588639,5.109326855094404,3.0,16.0,,0.0,0.0,6,0.0,0.0,0.49402777777777773,0.0,-0.0,78.125,3.483333333333333,245,9,2017,154
2017-09-03,1.12,2.4,6,0.28,0.5,11.7,4.820833333333334,39.5,25.958333333333332,-19.533351824162796,16.528440158950048,68.20833333333333,142.875,566.0,66.5,,,,,,,,311.77102784857203,0.9851309626709293,2.1333333333333333,29.833333333333332,35.5,92.83333333333333,-25.454839988941558,15.37535502139586,301.3276325044817,0.20833333333333334,0,4,1.12,1.12,1.330000000000001,9.239999999999998,109.34,5.0,228.41,0.0,0.0,0.0,0.0,,,,,-0.7458129427940953,0.6661554280802728,-0.8542081780385576,0.5199311382981864,-13.323373723397706,11.273773558417176,0.0,17.0,1.0,0.8421052631578942,44.24,0,0.13812555555555556,1.12,0.5826111111111111,33.413333333333334,0.0,0.0,1.058333333333334,246,9,2017,155
2017-09-04,18.62,26.6,22,2.38,-2.6,0.4,-0.9916666666666667,32.2,26.59583333333333,-22.917069511019932,13.073440283661705,97.91666666666667,91.41666666666667,463.0,94.08333333333333,,,,,,,,299.66926552491896,0.9923207504868127,-1.1045454545454545,26.38181818181818,32.2,98.0,-23.02932038664758,12.518194890960093,298.59461268448024,0.0,1,22,19.740000000000002,19.740000000000002,19.950000000000003,27.509999999999998,117.25,5.0,247.03,0.0,0.0,0.0,0.0,,,,,-0.8688971622946805,0.49499264777999646,-0.8780279812158854,0.478609302251802,-22.439630562873685,12.801076944418753,0.0,0.0,0.9432624113475176,0.9894736842105263,100.0,0,3.4645159695247933,19.740000000000002,0.39622222222222225,491.22945454545453,0.0,0.0,-5.8125,247,9,2017,156
2017-09-05,23.52,33.5,24,2.87,-4.6,-1.6,-2.9,34.1,29.808333333333334,-27.291186804382363,11.801349273000861,97.08333333333333,123.625,514.0,95.58333333333333,,,,,,,,293.2512726875134,0.9974603815906026,-2.9,29.808333333333334,34.1,97.08333333333333,-27.291186804382363,11.801349273000861,293.2512726875134,0.0,0,24,42.14,43.260000000000005,43.47,51.03,122.22,4.0,270.55,0.0,0.0,0.0,0.0,,,,,-0.9187824416398004,0.39476426501699324,-0.9187824416398004,0.39476426501699324,-26.49519385592121,11.457143252538335,0.0,0.0,0.5436893203883495,0.995169082125604,100.0,0,4.7589228750000006,43.260000000000005,0.4060277777777778,701.092,0.0,0.0,-1.9083333333333332,248,9,2017,157
2017-09-06,7.21,10.3,24,0.49,-4.5,0.8,-1.6375,36.7,30.03333333333333,-27.532224616933053,11.927851375977559,95.33333333333333,102.29166666666667,396.0,97.29166666666667,,,,,,,,293.2923449030674,0.9989789421962249,-1.6375,30.03333333333333,36.7,95.33333333333333,-27.532224616933053,11.927851375977559,293.2923449030674,0.0,0,24,30.73,49.35,50.47,58.24,118.58,3.0,277.76,0.0,0.0,0.0,0.0,,,,,-0.9184992206534092,0.395422788492368,-0.9184992206534092,0.395422788492368,-26.247387468142843,11.371218311765272,0.0,1.0,0.14609929078014183,0.9778085991678225,100.0,1,1.3101630846354166,49.35,0.40375,216.5403333333333,0.0,30.03333333333333,1.2625,249,9,2017,158
2017-09-07,4.83,6.9,22,0.56,-1.3,1.3,0.25,29.3,25.170833333333334,-23.61221871376104,8.655174069430322,94.70833333333333,147.58333333333334,564.0,93.5,,,,,,,,290.0832137562601,0.9991003361028385,0.2545454545454545,25.54090909090909,29.3,95.4090909090909,-23.975034433216784,8.738347338043955,289.95435360518877,0.0,1,13,12.04,35.56,55.300000000000004,60.69,123.27000000000001,3.0,282.59,0.0,0.0,0.0,0.0,,,,,-0.9391948955653532,0.3433845484933549,-0.9399648031133211,0.3412714006595563,-22.362738806824517,8.1971711082563,0.0,2.0,0.1358267716535433,0.6430379746835443,100.0,2,0.801068473140496,35.56,0.44297222222222227,123.3625909090909,0.0,50.34166666666667,1.8875,250,9,2017,159
2017-09-08,4.0600000000000005,5.7,16,0.63,-2.2,1.5,-0.2708333333333333,25.8,19.054166666666667,-18.464609068467656,4.178530060993471,87.66666666666667,185.625,600.0,81.125,,,,,,,,282.2310437963903,0.9929707819815178,-0.2375,19.0125,25.8,92.4375,-18.264302906895413,4.8269608598913125,283.85279406685765,0.0,1,10,8.89,16.1,59.36,64.75,126.49,3.0,286.65,0.0,0.0,0.0,0.0,,,,,-0.9773012515711321,0.21185434542982293,-0.9709140757243488,0.23942818873376925,-16.187307283356645,3.6631780201376096,0.0,3.0,0.25217391304347825,0.27122641509433965,100.0,3,0.7921561552734377,16.1,0.4493055555555556,77.19075000000001,0.0,57.1625,-0.5208333333333333,251,9,2017,160
2017-09-09,0.9800000000000001,1.4000000000000001,12,0.14,-2.8,2.5,-0.3666666666666667,17.9,13.299999999999999,-12.205979828737988,-2.2340990647859353,92.83333333333333,120.33333333333333,440.0,95.41666666666667,,,,,,,,263.84943735021545,0.9285508408397469,-0.38333333333333336,13.758333333333333,17.9,92.0,-13.482383072500761,-0.8482664840026728,267.5879391899285,0.0,1,6,5.040000000000001,9.87,60.34,65.73,127.47,4.0,287.63,0.0,0.0,0.0,0.0,,,,,-0.9942437805415599,-0.10714151788371494,-0.9991139931025089,-0.042085969001077854,-11.331217941011765,-2.07398863180961,0.0,4.0,0.09929078014184399,0.16357308584686772,17.542,4,0.21064159982638886,9.87,0.4452222222222222,13.483166666666667,0.0,53.199999999999996,-0.09583333333333338,252,9,2017,161
2017-09-10,0.0,0.0,0,0.0,-2.4,6.7,1.929166666666667,11.4,6.9750000000000005,-5.209609243647269,3.0650367523412645,75.20833333333333,239.0,600.0,12.5,,,,,,,,289.4864655099058,0.8049850928804179,0.0,0.0,0.0,0.0,0.0,0.0,,0.8333333333333334,1,0,0.9800000000000001,5.040000000000001,59.220000000000006,60.55,126.7,5.0,287.63,0.0,0.0,0.0,0.0,,,,,-0.9427203171200174,0.3335841778159358,-0.9427203171200174,0.3335841778159358,-3.918060285326383,2.3051630574899926,1.0,5.0,0.0,0.08510638297872342,0.0,5,0.0,2.5200000000000005,0.5589166666666666,0.0,-0.0,34.875,2.2958333333333334,253,9,2017,162
2017-09-11,0.0,0.0,0,0.0,0.3,6.7,3.9958333333333336,28.0,16.904166666666665,-13.72086695609048,9.497417309118733,77.375,200.125,600.0,62.0,,,,,,,,305.5115050610126,0.9863591708195093,0.0,0.0,0.0,0.0,0.0,0.0,,0.16666666666666666,0,0,0.0,0.9800000000000001,40.6,60.55,124.46,4.0,287.63,0.0,0.0,0.0,0.0,,,,,-0.8139988960964498,0.580866419371753,-0.8139988960964498,0.580866419371753,-10.61652080727501,7.348626642930619,2.0,6.0,0.0,0.024137931034482762,0.0,6,0.0,0.3266666666666667,0.5402222222222223,0.0,-0.0,101.42499999999998,2.0666666666666664,254,9,2017,163
2017-09-12,0.0,3.7,0,0.0,6.3,10.3,7.795833333333333,33.2,27.474999999999998,-21.692360120401847,16.735539875169227,62.958333333333336,204.125,600.0,46.375,,,,,,,,307.9978291587214,0.99687043724125,0.0,0.0,0.0,0.0,0.0,0.0,,0.125,0,0,0.0,0.0,17.080000000000002,60.55,124.32,4.0,287.63,0.0,0.0,0.0,0.0,,,,,-0.7880340794249334,0.6156316184739846,-0.7880340794249334,0.6156316184739846,-13.657148392469665,10.53641697974196,3.0,7.0,,0.0,0.0,6,0.0,0.0,0.5748333333333334,0.0,-0.0,164.85,3.8,255,9,2017,164
2017-09-13,6.23,9.9,8,1.47,-0.5,9.7,4.791666666666667,27.1,20.433333333333334,-15.382590715530016,13.005755108391968,74.0,169.25,600.0,63.166666666666664,,,,,,,,309.42087869220813,0.9846383315298421,0.6,16.8375,19.0,98.625,-14.974181491516585,7.683002758482374,297.24975721495105,0.08333333333333333,0,8,6.23,6.23,16.1,66.57,130.54999999999998,4.0,293.86,0.0,0.0,0.0,0.0,,,,,-0.7725022251779964,0.6350120566532923,-0.8890190816719864,0.4578701479929631,-11.383117129492211,9.624258780210056,0.0,8.0,1.0,0.3869565217391304,100.0,0,1.1559132265625,6.23,0.5750555555555555,104.897625,0.0,0.0,-3.0041666666666664,256,9,2017,165
2017-09-14,6.09,8.6,22,0.77,-3.2,1.0,-1.1291666666666667,25.4,20.025000000000002,-18.7034248363005,5.703282855560651,88.125,174.5,600.0,86.41666666666667,,,,,,,,286.5705439612624,0.9767974435902507,-1.1363636363636365,20.163636363636364,25.4,89.9090909090909,-18.7668884405118,6.355389277649234,288.3466782016166,0.0,1,12,12.32,12.32,17.360000000000003,72.66,136.64,4.0,299.95,0.0,0.0,0.0,0.0,,,,,-0.9584693215928037,0.28519565137889213,-0.9491693566128853,0.31476583751589277,-16.482393136989813,5.0260180164628245,0.0,9.0,0.49431818181818177,0.7096774193548386,100.0,1,1.2681654313016528,12.32,0.43230555555555555,122.79654545454545,0.0,20.025000000000002,-5.920833333333333,257,9,2017,166
2017-09-15,5.53,9.0,24,0.49,0.1,2.9,1.4000000000000001,30.0,25.145833333333332,-22.713307125206203,10.665119134588817,97.33333333333333,125.83333333333333,526.0,99.375,,,,,,,,295.12468736254635,0.9977771533902526,1.4000000000000001,25.145833333333332,30.0,97.33333333333333,-22.713307125206203,10.665119134588817,295.12468736254635,0.0,0,24,11.620000000000001,17.85,18.83,78.19,123.2,3.0,305.48,0.0,0.0,0.0,0.0,,,,,-0.9053859377069021,0.42458957100074135,-0.9053859377069021,0.42458957100074135,-22.107618935200705,10.380715957666448,0.0,10.0,0.30980392156862746,0.9479553903345727,100.0,2,0.8152357682291669,17.85,0.47277777777777774,139.05645833333332,0.0,50.291666666666664,2.529166666666667,258,9,2017,167
2017-09-16,10.99,16.9,13,1.96,-2.8,2.5,0.3958333333333333,29.4,18.041666666666668,-16.33037113847791,1.013404303947045,86.125,138.33333333333334,600.0,66.375,,,,,,,,267.58560248231475,0.9105909348641101,1.2999999999999998,21.807692307692307,29.4,96.46153846153847,-19.92956166672696,6.110138319619289,283.02424569808517,0.25,0,13,16.52,22.61,28.84,89.18,107.73,2.0,316.47,0.0,0.0,0.0,0.0,,,,,-0.9991122758693717,-0.0421267160733494,-0.9742747856260626,0.2253633557020523,-14.0645321430141,0.8727944567743926,0.0,0.0,0.48606811145510836,0.7839805825242718,100.0,0,1.7387315985576923,22.61,0.43486111111111114,239.66653846153847,0.0,0.0,-1.0041666666666669,259,9,2017,168
2017-09-17,0.0,0.0,0,0.0,-4.9,6.9,1.2541666666666667,11.6,6.645833333333333,-4.910120073522065,2.8855031668573035,58.458333333333336,260.2916666666667,600.0,14.791666666666666,,,,,,,,296.8414373162577,0.8706750534381864,0.0,0.0,0.0,0.0,0.0,0.0,,0.6666666666666666,1,0,10.989999999999998,16.52,28.84,88.06,98.28,2.0,316.47,0.0,0.0,0.0,0.0,,,,,-0.8922595024761448,0.45152295649393337,-0.8922595024761448,0.45152295649393337,-2.87037435964644,1.6868170596253322,1.0,1.0,0.0,0.5728155339805825,0.0,1,0.0,8.26,0.5217222222222223,0.0,-0.0,6.645833333333333,0.8583333333333334,260,9,2017,169
2017-09-18,0.0,0.0,0,0.0,1.8,9.5,5.691666666666666,37.0,22.724999999999998,-16.728507212596693,15.30964504065183,37.583333333333336,268.75,600.0,39.75,,,,,,,,313.07970765752145,0.9972632961908907,0.0,0.0,0.0,0.0,0.0,0.0,,0.2916666666666667,0,0,0.0,10.989999999999998,28.84,69.44,97.3,2.0,316.47,0.0,0.0,0.0,0.0,,,,,-0.73040422465685,0.6830151305816189,-0.73040422465685,0.6830151305816189,-6.2871306274009235,5.753874927778313,2.0,2.0,0.0,0.3810679611650485,0.0,2,0.0,3.6633333333333327,0.5155555555555557,0.0,-0.0,45.449999999999996,4.4375,261,9,2017,170
2017-09-19,5.8100000000000005,8.4,12,1.96,-1.2,6.8,1.1041666666666667,30.8,19.287499999999998,-17.86134193625053,6.775404206521941,87.16666666666667,187.54166666666666,600.0,72.29166666666667,,,,,,,,290.28834327659627,0.9912594917014315,1.05,20.8,25.3,90.08333333333333,-19.310318586198488,7.286001143286865,290.8413033669567,0.125,1,9,5.8100000000000005,5.8100000000000005,34.65,51.730000000000004,103.11,3.0,322.28000000000003,0.0,0.0,0.0,0.0,,,,,-0.9379594986362544,0.34674483257580957,-0.9345694441021798,0.35578076697671923,-15.569136387765045,5.905894000018292,0.0,3.0,1.0,0.1676767676767677,100.0,3,0.96199075,5.8100000000000005,0.5666944444444444,120.84800000000001,0.0,57.8625,-4.5874999999999995,262,9,2017,171
2017-09-20,0.0,0.0,0,0.0,-1.5,8.8,3.295833333333333,9.7,7.429166666666667,-5.520906407766319,4.199520250913562,70.75,255.0,600.0,19.625,,,,,,,,305.7224717367371,0.9384025177805488,0.0,0.0,0.0,0.0,0.0,0.0,,0.75,0,0,5.8100000000000005,5.8100000000000005,28.42,44.52,102.76,3.0,322.28000000000003,0.0,0.0,0.0,0.0,,,,,-0.8118545961936021,0.5838596703312563,-0.8118545961936021,0.5838596703312563,-3.9060412834946705,2.971160577521345,1.0,4.0,0.0,0.2044334975369458,0.0,4,0.0,2.9050000000000002,0.6013888888888889,0.0,-0.0,29.71666666666667,2.1916666666666664,263,9,2017,172
2017-09-21,0.0,0.0,0,0.0,3.3,12.9,7.683333333333334,23.2,15.875,-10.695494953586193,11.569638971169057,51.458333333333336,231.79166666666666,600.0,56.5,,,,,,,,318.8252549221289,0.991549547851731,0.0,0.0,0.0,0.0,0.0,0.0,,0.125,0,0,0.0,5.8100000000000005,22.33,39.690000000000005,102.76,2.0,322.28000000000003,0.0,0.0,0.0,0.0,,,,,-0.6583577455366866,0.7527051739504993,-0.6583577455366866,0.7527051739504993,-5.503723444866228,5.953543387247411,2.0,5.0,0.0,0.2601880877742947,0.0,5,0.0,1.9366666666666668,0.6127222222222223,0.0,-0.0,79.375,4.387500000000001,264,9,2017,173
2017-09-22,0.0,0.0,0,0.0,6.3,12.4,9.366666666666667,24.0,16.870833333333334,-11.328942251526327,12.357187607536218,43.833333333333336,249.95833333333334,600.0,42.041666666666664,,,,,,,,317.86890050421493,0.9936648998716522,0.0,0.0,0.0,0.0,0.0,0.0,,0.4166666666666667,0,0,0.0,0.0,16.799999999999997,35.63,102.76,2.0,322.28000000000003,0.0,0.0,0.0,0.0,,,,,-0.6708292562045105,0.7416118317692236,-0.6708292562045105,0.7416118317692236,-4.965853020252373,5.416567234636709,3.0,6.0,,0.0,0.0,6,0.0,0.0,0.5883055555555555,0.0,-0.0,101.225,1.6833333333333336,265,9,2017,174
2017-09-23,0.0,0.6000000000000001,0,0.0,8.7,17.8,12.633333333333333,27.2,17.908333333333335,-11.534337116507144,13.297502102195232,39.208333333333336,256.4583333333333,600.0,35.0,,,,,,,,320.9131402058956,0.9779630015276144,0.0,0.0,0.0,0.0,0.0,0.0,,0.5416666666666666,0,0,0.0,0.0,5.8100000000000005,34.650000000000006,100.38000000000001,2.0,322.28000000000003,0.0,0.0,0.0,0.0,,,,,-0.6304978124748611,0.7761910257561697,-0.6304978124748611,0.7761910257561697,-4.5224213444305095,5.213728949235714,4.0,7.0,,0.0,0.0,4,0.0,0.0,0.6349999999999999,0.0,-0.0,71.63333333333334,3.2666666666666657,266,9,2017,175
2017-09-24,0.07,0.8,1,0.07,2.4,8.3,4.629166666666666,33.6,25.508333333333336,-21.210052592595186,14.031187906898756,78.33333333333333,199.5,600.0,72.45833333333333,,,,,,,,303.33510079413736,0.9968725848074605,4.7,32.1,32.1,79.0,-26.92132523104812,17.482913023982356,303.0,0.0,0,1,0.07,0.07,5.880000000000001,34.720000000000006,100.45,1.0,322.35,0.0,0.0,0.0,0.0,,,,,-0.8354708597567272,0.5495347509460662,-0.8386705679454243,0.5446390350150266,-16.614541197532894,10.991097193737357,0.0,8.0,1.0,0.011904761904761904,2.3520000000000003,5,0.0055534062499999984,0.07,0.5785555555555556,2.2470000000000003,0.0,127.54166666666669,-8.004166666666666,267,9,2017,176
2017-09-25,1.54,3.1,10,0.49,0.7,3.9,2.0416666666666665,26.8,23.087500000000002,-20.696540326708416,10.041585206111248,91.29166666666667,200.08333333333334,600.0,72.83333333333333,,,,,,,,295.292089390024,0.9962037826415682,2.6100000000000003,21.57,26.0,90.5,-19.67332077204264,8.676850411873588,293.3955160297349,0.08333333333333333,0,8,1.61,1.61,7.420000000000001,36.260000000000005,101.99000000000001,1.0,323.89,0.0,0.0,0.0,0.0,,,,,-0.9041415447155883,0.4272330360813756,-0.9177857036851624,0.3970760659006423,-18.89421660659089,9.167130494412396,0.0,9.0,0.9565217391304347,0.21698113207547168,41.272000000000006,6,0.20780264312499996,1.61,0.5243611111111112,33.217800000000004,0.0,138.525,-2.5875,268,9,2017,177
2017-09-26,0.0,0.0,0,0.0,-1.7,7.5,2.470833333333333,22.8,10.566666666666666,-8.419138565497168,5.288670514480791,80.08333333333333,278.5833333333333,600.0,22.5,,,,,,,,307.8914094614907,0.9186287235116861,0.0,0.0,0.0,0.0,0.0,0.0,,0.5416666666666666,1,0,1.54,1.61,1.61,36.260000000000005,96.81,1.0,323.89,0.0,0.0,0.0,0.0,,,,,-0.7891761776994604,0.6141668833075176,-0.7891761776994604,0.6141668833075176,-6.742326801202314,4.235343637013367,1.0,10.0,0.0,1.0,0.0,1,0.0,0.805,0.6193333333333333,0.0,-0.0,10.566666666666666,0.4291666666666667,269,9,2017,178
2017-09-27,0.0,2.1999999999999997,0,0.0,1.3,13.8,8.229166666666666,22.4,13.875,-9.126145968779452,10.1929811685943,51.375,223.04166666666666,600.0,43.291666666666664,,,,,,,,319.3256342270027,0.985890854971751,0.0,0.0,0.0,0.0,0.0,0.0,,0.5,0,0,0.0,1.54,1.61,30.03,96.81,1.0,323.89,0.0,0.0,0.0,0.0,,,,,-0.6517591480146737,0.7584260102206324,-0.6517591480146737,0.7584260102206324,-4.688557491460444,5.236644075365322,2.0,11.0,0.0,0.9565217391304347,0.0,2,0.0,0.5133333333333333,0.6266111111111111,0.0,-0.0,27.75,5.758333333333333,270,9,2017,179
2017-09-28,0.0,1.4,0,0.0,3.2,7.6,5.3875,28.2,21.579166666666666,-19.409572832098846,9.302288898509175,85.625,235.375,600.0,79.375,,,,,,,,295.4609867685585,0.9971988689631045,0.0,0.0,0.0,0.0,0.0,0.0,,0.041666666666666664,0,0,0.0,0.0,1.61,23.94,96.81,1.0,323.89,0.0,0.0,0.0,0.0,,,,,-0.9028782141180156,0.4298964183045291,-0.9028782141180156,0.4298964183045291,-16.619446737484637,7.965084869348482,3.0,12.0,,0.0,0.0,3,0.0,0.0,0.6112222222222222,0.0,-0.0,64.7375,-2.841666666666666,271,9,2017,180
2017-09-29,0.07,1.0,1,0.07,1.3,5.9,3.25,31.3,24.429166666666664,-21.895613903109318,10.606904818941072,84.91666666666667,252.66666666666666,600.0,66.125,,,,,,,,295.37735871950485,0.995718367820039,2.1,25.4,25.4,89.0,-23.020217790730904,10.73450384821377,295.0,0.0,0,1,0.07,0.07,1.6800000000000002,18.480000000000004,96.67,1.0,323.96,0.0,0.0,0.0,0.0,,,,,-0.9035047224340526,0.42857813352919166,-0.9063077870366498,0.4226182617406996,-18.593025472723664,9.007030008750794,0.0,13.0,1.0,0.041666666666666664,2.1910000000000003,4,0.009435562500000001,0.07,0.5826111111111111,1.778,0.0,97.71666666666665,-2.1375,272,9,2017,181
2017-09-30,1.33,2.0,11,0.28,0.2,4.4,1.5374999999999999,31.4,24.179166666666664,-22.54738676503617,8.551359393560633,88.29166666666667,212.25,600.0,58.583333333333336,,,,,,,,290.21209352678113,0.9968575654781183,1.9,27.79090909090909,31.4,84.81818181818181,-25.761349177051866,10.349726305074542,291.72646624975556,0.16666666666666666,0,9,1.4000000000000001,1.4000000000000001,3.0100000000000002,8.82,98.00000000000001,1.0,325.29,0.0,0.0,0.0,0.0,,,,,-0.9384201191212479,0.34549628077370526,-0.9289616778093113,0.37017590570120756,-19.90746356462985,7.550137731231242,0.0,14.0,0.95,0.46511627906976744,41.762,5,0.1757651676136364,1.4000000000000001,0.5335833333333334,36.96190909090909,0.0,120.89583333333331,-1.7125000000000001,273,9,2017,182
2017-10-01,0.0,0.0,0,0.0,-0.2,8.1,3.375,15.6,9.891666666666667,-8.393438590605134,4.4155922668142304,76.08333333333333,284.1666666666667,600.0,2.6666666666666665,,,,,,,,306.3382603528315,0.8745359643097809,0.0,0.0,0.0,0.0,0.0,0.0,,1.0,1,0,1.33,1.4000000000000001,2.9400000000000004,8.82,98.00000000000001,2.0,325.29,0.0,0.0,0.0,0.0,,,,,-0.8055327744646149,0.5925512207930551,-0.8055327744646149,0.5925512207930551,-6.386007861018739,3.35952978300116,1.0,15.0,0.0,0.47619047619047616,0.0,6,0.0,0.7000000000000001,0.6230555555555556,0.0,-0.0,59.35000000000001,1.8375000000000001,274,10,2017,183
2017-10-02,0.0,0.0,0,0.0,2.3,11.6,5.9875,9.6,5.566666666666666,-2.1842625940172815,4.0593417672218255,65.95833333333333,293.4583333333333,600.0,5.166666666666667,,,,,,,,339.8769815689453,0.8181354845148119,0.0,0.0,0.0,0.0,0.0,0.0,,0.9166666666666666,0,0,0.0,1.33,1.4000000000000001,8.82,98.00000000000001,2.0,325.29,0.0,0.0,0.0,0.0,,,,,-0.3440369455260006,0.9389561119206477,-0.3440369455260006,0.9389561119206477,-1.4407032026372317,2.6774741739633954,2.0,16.0,0.0,0.95,0.0,2,0.0,0.44333333333333336,0.6732777777777778,0.0,-0.0,11.133333333333333,2.6125,275,10,2017,184
2017-10-03,0.0,0.0,0,0.0,3.0,12.4,7.341666666666666,14.8,9.075000000000001,-6.136203638442005,6.404729233336709,63.166666666666664,298.0833333333333,600.0,14.833333333333334,,,,,,,,318.81342482216695,0.9697344736658878,0.0,0.0,0.0,0.0,0.0,0.0,,0.7083333333333334,0,0,0.0,0.0,1.4000000000000001,3.0100000000000002,96.88000000000001,1.0,325.29,0.0,0.0,0.0,0.0,,,,,-0.6585131456971595,0.7525692240213067,-0.6585131456971595,0.7525692240213067,-3.8760352982825332,4.045653965724354,3.0,17.0,,0.0,0.0,3,0.0,0.0,0.6848333333333333,0.0,-0.0,27.225,1.354166666666666,276,10,2017,185
2017-10-04,0.0,0.0,0,0.0,1.3,13.8,7.366666666666667,8.4,4.566666666666666,-3.0360308592147103,2.579330141398716,49.625,290.1666666666667,600.0,44.75,,,,,,,,312.9303296589628,0.8247758528486331,0.0,0.0,0.0,0.0,0.0,0.0,,0.4166666666666667,0,0,0.0,0.0,1.4000000000000001,3.0100000000000002,78.26,1.0,325.29,0.0,0.0,0.0,0.0,,,,,-0.7321824549373736,0.6811085469158943,-0.7321824549373736,0.6811085469158943,-1.5066303138852999,1.2799925826691128,4.0,18.0,,0.0,0.0,4,0.0,0.0,0.6655277777777778,0.0,-0.0,18.266666666666666,0.025000000000001243,277,10,2017,186
2017-10-05,0.0,2.7,0,0.0,5.0,12.8,8.991666666666667,24.5,14.1625,-10.702425911453751,8.866344601961726,65.91666666666667,238.16666666666666,600.0,75.125,,,,,,,,312.8314221046124,0.9783652245876546,0.0,0.0,0.0,0.0,0.0,0.0,,0.16666666666666666,0,0,0.0,0.0,1.4000000000000001,3.0100000000000002,54.74,1.0,325.29,0.0,0.0,0.0,0.0,,,,,-0.7333571355366938,0.6798435935988625,-0.7333571355366938,0.6798435935988625,-7.054682413299932,5.844398816793105,5.0,19.0,,0.0,0.0,5,0.0,0.0,0.6629444444444444,0.0,-0.0,70.8125,1.625,278,10,2017,187
2017-10-06,0.0,1.7000000000000002,0,0.0,-0.4,5.9,3.2416666666666667,17.9,10.554166666666665,-4.359249100330992,-5.609285205415236,91.79166666666667,163.54166666666666,556.0,87.70833333333333,,,,,,,,212.91461283895873,0.5525258985149745,0.0,0.0,0.0,0.0,0.0,0.0,,0.041666666666666664,0,0,0.0,0.0,1.33,3.0100000000000002,47.53,1.0,325.29,0.0,0.0,0.0,0.0,,,,,-0.5433885707404138,-0.8394813048476364,-0.5433885707404138,-0.8394813048476364,-4.00142740334549,-5.148856378137403,6.0,20.0,,0.0,0.0,6,0.0,0.0,0.5461111111111111,0.0,-0.0,63.32499999999999,-5.75,279,10,2017,188
2017-10-07,0.0,0.0,0,0.0,-1.6,10.9,4.854166666666667,10.6,5.9624999999999995,2.5009262471501508,3.7720031901689084,68.41666666666667,292.6666666666667,600.0,47.083333333333336,,,,,,,,36.890561164898756,0.7992088631971461,0.0,0.0,0.0,0.0,0.0,0.0,,0.3333333333333333,0,0,0.0,0.0,0.0,3.0100000000000002,42.7,1.0,325.29,0.0,0.0,0.0,0.0,,,,,0.6002884781280321,0.7997835601128165,0.6002884781280321,0.7997835601128165,1.711050374091895,2.580678849273895,7.0,21.0,,,0.0,6,0.0,0.0,0.6653888888888889,0.0,-0.0,35.775,1.6125000000000003,280,10,2017,189
2017-10-08,0.0,3.5,0,0.0,5.2,11.9,9.025,19.5,12.795833333333334,-8.819616777546935,9.099933834763684,74.875,157.54166666666666,600.0,83.79166666666667,,,,,,,,318.11626790849084,0.9861012649242805,0.0,0.0,0.0,0.0,0.0,0.0,,0.0,0,0,0.0,0.0,0.0,2.9400000000000004,38.64,0.0,325.29,0.0,0.0,0.0,0.0,,,,,-0.6676211972454168,0.7445011329666305,-0.6676211972454168,0.7445011329666305,-6.603688062188268,6.813575458779309,8.0,22.0,,,0.0,6,0.0,0.0,0.6190555555555556,0.0,-0.0,76.775,4.170833333333333,281,10,2017,190
2017-10-09,0.0,3.2,0,0.0,3.2,11.3,8.112499999999999,27.8,14.725,-12.658138522681526,6.895959919223153,92.58333333333333,222.16666666666666,600.0,71.29166666666667,,,,,,,,303.6732066267908,0.9605174394360508,0.0,0.0,0.0,0.0,0.0,0.0,,0.16666666666666666,0,0,0.0,0.0,0.0,1.4000000000000001,37.660000000000004,0.0,325.29,0.0,0.0,0.0,0.0,,,,,-0.8322134944862944,0.5544553179426727,-0.8322134944862944,0.5544553179426727,-11.719326582249312,6.384509558547436,9.0,23.0,,,0.0,6,0.0,0.0,0.7078333333333333,0.0,-0.0,88.35,-0.9125000000000014,282,10,2017,191
2017-10-10,0.0,0.0,0,0.0,0.9,12.9,6.325,9.2,6.820833333333333,-4.489976692333266,4.582594921460033,62.291666666666664,320.125,600.0,1.5833333333333333,,,,,,,,318.6135159498359,0.9307043328957557,0.0,0.0,0.0,0.0,0.0,0.0,,1.0,0,0,0.0,0.0,0.0,1.4000000000000001,37.660000000000004,0.0,325.29,0.0,0.0,0.0,0.0,,,,,-0.6611348973543104,0.7502670507894542,-0.6611348973543104,0.7502670507894542,-2.7968813145992635,2.8545747531594787,10.0,24.0,,,0.0,6,0.0,0.0,0.7077222222222223,0.0,-0.0,40.925,-1.7874999999999988,283,10,2017,192
2017-10-11,0.0,2.4,0,0.0,4.0,15.0,9.283333333333333,33.9,15.237499999999999,-10.385448023840466,10.993056449214222,53.666666666666664,295.75,600.0,57.416666666666664,,,,,,,,318.19317675134096,0.9896953105633518,0.0,0.0,0.0,0.0,0.0,0.0,,0.2916666666666667,0,0,0.0,0.0,0.0,1.4000000000000001,37.660000000000004,0.0,325.29,0.0,0.0,0.0,0.0,,,,,-0.6666212428841019,0.7453966182748988,-0.6666212428841019,0.7453966182748988,-5.573523772794383,5.899606961078299,11.0,25.0,,,0.0,6,0.0,0.0,0.7093888888888888,0.0,-0.0,91.425,2.958333333333333,284,10,2017,193
2017-10-12,0.0,8.1,0,0.0,1.9,8.2,5.258333333333334,33.6,23.625,-20.75691770364074,11.069295834501233,88.41666666666667,284.6666666666667,600.0,70.5,,,,,,,,297.8266465873829,0.9964605223688483,0.0,0.0,0.0,0.0,0.0,0.0,,0.08333333333333333,0,0,0.0,0.0,0.0,1.4000000000000001,37.660000000000004,0.0,325.29,0.0,0.0,0.0,0.0,,,,,-0.8843639768056183,0.46679798256692573,-0.8843639768056183,0.46679798256692573,-18.352574736302355,9.787102400338174,12.0,26.0,,,0.0,6,0.0,0.0,0.6667222222222223,0.0,-0.0,141.75,-4.0249999999999995,285,10,2017,194
2017-10-13,0.0,0.6000000000000001,0,0.0,1.5,8.5,4.783333333333333,21.6,12.079166666666666,-8.87435653750944,4.851980048952883,87.08333333333333,271.2916666666667,600.0,76.0,,,,,,,,300.6012570823857,0.6132002464223061,0.0,0.0,0.0,0.0,0.0,0.0,,0.041666666666666664,0,0,0.0,0.0,0.0,1.33,31.43,0.0,325.29,0.0,0.0,0.0,0.0,,,,,-0.8607308583127653,0.5090603005029664,-0.8607308583127653,0.5090603005029664,-7.728085484747805,4.225265959296468,13.0,27.0,,,0.0,6,0.0,0.0,0.6600277777777778,0.0,-0.0,72.475,-0.47500000000000053,286,10,2017,195
2017-10-14,0.0,0.30000000000000004,0,0.0,2.0,12.0,6.470833333333334,8.0,4.6499999999999995,2.8695808055339183,0.06830184471069205,78.875,295.0,600.0,39.541666666666664,,,,,,,,93.41116305302192,0.5957520632149808,0.0,0.0,0.0,0.0,0.0,0.0,,0.4583333333333333,0,0,0.0,0.0,0.0,0.0,25.34,0.0,325.29,0.0,0.0,0.0,0.0,,,,,0.9982282541963419,-0.05950086154101934,0.9982282541963419,-0.05950086154101934,2.263381860364878,0.05387308001555836,14.0,28.0,,,0.0,6,0.0,0.0,0.72625,0.0,-0.0,27.9,1.6875000000000009,287,10,2017,196
2017-10-15,0.0,0.1,0,0.0,2.5,14.3,8.387500000000001,8.2,5.9375,0.19188668410070123,0.48055073723743974,73.375,303.8333333333333,600.0,39.291666666666664,,,,,,,,280.13407288751046,0.02219539630950732,0.0,0.0,0.0,0.0,0.0,0.0,,0.3333333333333333,0,0,0.0,0.0,0.0,0.0,19.810000000000002,0.0,325.29,0.0,0.0,0.0,0.0,,,,,-0.9843987180973423,0.17595216340900544,-0.9843987180973423,0.17595216340900544,0.1407968544588895,0.35260410344797144,15.0,29.0,,,0.0,6,0.0,0.0,0.7649166666666667,0.0,-0.0,35.625,1.916666666666667,288,10,2017,197
2017-10-16,0.0,0.0,0,0.0,5.1,16.7,10.75,7.7,5.1499999999999995,0.7105829458229677,2.3995649806000054,55.833333333333336,317.4583333333333,600.0,9.583333333333334,,,,,,,,15.344758201614452,0.39855271815063525,0.0,0.0,0.0,0.0,0.0,0.0,,0.75,0,0,0.0,0.0,0.0,0.0,8.82,0.0,325.29,0.0,0.0,0.0,0.0,,,,,0.2646264603969186,0.9643509923558943,0.2646264603969186,0.9643509923558943,0.396742144751157,1.3397571141683364,16.0,30.0,,,0.0,6,0.0,0.0,0.7310833333333333,0.0,-0.0,30.9,2.362499999999999,289,10,2017,198
2017-10-17,0.0,0.0,0,0.0,5.8,18.6,11.320833333333333,13.0,5.183333333333334,0.1316822921274258,2.974238867272574,55.083333333333336,322.625,600.0,0.25,,,,,,,,2.3682440996254157,0.5338195935155234,0.0,0.0,0.0,0.0,0.0,0.0,,1.0,0,0,0.0,0.0,0.0,0.0,8.82,0.0,325.29,0.0,0.0,0.0,0.0,,,,,0.04132188847428782,0.9991458860111062,0.04132188847428782,0.9991458860111062,0.0725349959135237,1.6383099093893096,17.0,31.0,,,0.0,6,0.0,0.0,0.7320277777777777,0.0,-0.0,31.1,0.5708333333333329,290,10,2017,199
2017-10-18,0.0,0.0,0,0.0,6.3,21.3,13.137500000000001,14.5,6.258333333333333,-3.7930062094808306,4.494483710387798,47.666666666666664,325.0833333333333,600.0,9.375,,,,,,,,318.9026450441523,0.8301500969539531,0.0,0.0,0.0,0.0,0.0,0.0,,0.8333333333333334,0,0,0.0,0.0,0.0,0.0,8.82,0.0,325.29,0.0,0.0,0.0,0.0,,,,,-0.6573404570435857,0.7535937390489188,-0.6573404570435857,0.7535937390489188,-1.8079996265191958,2.1423705686181838,18.0,32.0,,,0.0,6,0.0,0.0,0.7089444444444445,0.0,-0.0,37.55,1.8166666666666682,291,10,2017,200
2017-10-19,0.0,9.1,0,0.0,10.8,14.5,12.35,27.8,19.233333333333334,-14.963220339982096,12.001475325669468,86.125,161.125,600.0,61.458333333333336,,,,,,,,308.99765152364216,0.9970735412370789,0.0,0.0,0.0,0.0,0.0,0.0,,0.3333333333333333,0,0,0.0,0.0,0.0,0.0,3.0100000000000002,0.0,325.29,0.0,0.0,0.0,0.0,,,,,-0.7771717557941397,0.629288536361385,-0.7771717557941397,0.629288536361385,-12.88707351780958,10.33627062423283,19.0,33.0,,,0.0,6,0.0,0.0,0.7167222222222223,0.0,-0.0,115.4,-0.7875000000000014,292,10,2017,201
2017-10-20,0.0,5.0,0,0.0,0.6,10.3,6.104166666666667,11.9,6.641666666666667,2.1287932335371695,-3.8232976871330813,96.375,150.875,526.0,85.66666666666667,,,,,,,,144.6295009362698,0.4759528476760943,0.0,0.0,0.0,0.0,0.0,0.0,,0.0,0,0,0.0,0.0,0.0,0.0,3.0100000000000002,0.0,325.29,0.0,0.0,0.0,0.0,,,,,0.5788613956707043,-0.8154259528627749,0.5788613956707043,-0.8154259528627749,2.051624478821447,-3.684703145974507,20.0,34.0,,,0.0,6,0.0,0.0,0.6507222222222223,0.0,-0.0,39.85,-6.245833333333333,293,10,2017,202
2017-10-21,0.0,0.1,0,0.0,-0.5,13.9,6.05,11.0,5.9125000000000005,-2.540261108929607,-1.0011145655674314,64.58333333333333,296.625,600.0,50.708333333333336,,,,,,,,262.0562538744201,0.27186514406211365,0.0,0.0,0.0,0.0,0.0,0.0,,0.2916666666666667,1,0,0.0,0.0,0.0,0.0,3.0100000000000002,1.0,325.29,0.0,0.0,0.0,0.0,,,,,-0.9904042337130302,-0.1382007736711534,-0.9904042337130302,-0.1382007736711534,-1.6405852995170378,-0.6465531569289661,21.0,35.0,,,0.0,6,0.0,0.0,0.7219166666666667,0.0,-0.0,35.475,-0.05416666666666714,294,10,2017,203
2017-10-22,0.14,1.5,1,0.14,1.8,8.5,4.5874999999999995,12.2,6.4375,-2.4899390867931395,-3.774923528755826,86.0,172.91666666666666,600.0,83.5,,,,,,,,197.5344978717363,0.44043371638677487,7.5,11.8,11.8,65.0,-9.03932442880394,-7.584893794301166,230.0,0.041666666666666664,0,1,0.14,0.14,0.14,0.14,3.1500000000000004,1.0,325.43,0.0,0.0,0.0,0.0,,,,,-0.3012799793185362,-0.9535357224885822,-0.7660444431189779,-0.6427876096865395,-2.1413476146421,-3.246434234730011,0.0,36.0,1.0,1.0,1.708,0,0.007459375000000001,0.14,0.5908333333333333,1.6520000000000004,0.0,0.0,-1.4625000000000004,295,10,2017,204
2017-10-23,0.0,0.0,0,0.0,0.2,15.9,7.9125000000000005,10.6,5.479166666666667,-3.453554481518609,1.626629849302826,65.41666666666667,322.0,600.0,17.166666666666668,,,,,,,,300.9794802513498,0.6252445235199781,0.0,0.0,0.0,0.0,0.0,0.0,,0.6666666666666666,0,0,0.14,0.14,0.14,0.14,3.1500000000000004,1.0,325.43,0.0,0.0,0.0,0.0,,,,,-0.8573517000085612,0.5147310584105353,-0.8573517000085612,0.5147310584105353,-2.259200223326757,1.064087026418932,1.0,37.0,0.0,1.0,0.0,1,0.0,0.07,0.7660555555555556,0.0,-0.0,5.479166666666667,3.325000000000001,296,10,2017,205
2017-10-24,0.0,0.0,0,0.0,5.6,13.3,8.958333333333334,21.6,15.0,-12.11676201898755,8.425176827792653,71.70833333333333,174.875,561.0,74.91666666666667,,,,,,,,307.00974314450394,0.9798521120062125,0.0,0.0,0.0,0.0,0.0,0.0,,0.041666666666666664,0,0,0.0,0.14,0.14,0.14,3.0800000000000005,1.0,325.43,0.0,0.0,0.0,0.0,,,,,-0.798533159885467,0.6019508223794791,-0.798533159885467,0.6019508223794791,-8.688728097782322,6.041553883596314,2.0,38.0,0.0,1.0,0.0,2,0.0,0.04666666666666667,0.6511666666666667,0.0,-0.0,30.0,1.0458333333333334,297,10,2017,206
2017-10-25,0.0,6.2,0,0.0,5.9,11.8,8.929166666666667,25.4,13.674999999999999,-10.75008566842695,6.8318963919669145,84.83333333333333,226.54166666666666,600.0,75.79166666666667,,,,,,,,311.0706089968954,0.8885918235867066,0.0,0.0,0.0,0.0,0.0,0.0,,0.0,0,0,0.0,0.0,0.14,0.14,1.54,1.0,325.43,0.0,0.0,0.0,0.0,,,,,-0.7539005067729615,0.6569886040773248,-0.7539005067729615,0.6569886040773248,-9.119656008715529,5.795725439185265,3.0,39.0,,0.0,0.0,3,0.0,0.0,0.6960277777777778,0.0,-0.0,41.025,-0.029166666666666785,298,10,2017,207
2017-10-26,0.0,13.6,0,0.0,6.2,10.8,7.970833333333334,15.6,9.424999999999999,8.079895465962439,0.32887061418461033,88.70833333333333,136.16666666666666,479.0,91.5,,,,,,,,79.26962335936236,0.806740368821859,0.0,0.0,0.0,0.0,0.0,0.0,,0.0,0,0,0.0,0.0,0.14,0.14,1.54,1.0,325.43,0.0,0.0,0.0,0.0,,,,,0.98251422313635,0.18618754344685587,0.98251422313635,0.18618754344685587,7.167540602930846,0.29173564066626473,4.0,40.0,,0.0,0.0,4,0.0,0.0,0.6264722222222222,0.0,-0.0,37.699999999999996,-0.958333333333333,299,10,2017,208
2017-10-27,0.0,0.30000000000000004,0,0.0,3.5,16.4,10.041666666666666,19.5,9.929166666666667,-4.356222161231305,5.655358558112731,79.95833333333333,258.4166666666667,600.0,56.291666666666664,,,,,,,,335.7514481758111,0.6408397641606443,0.0,0.0,0.0,0.0,0.0,0.0,,0.20833333333333334,0,0,0.0,0.0,0.14,0.14,1.54,1.0,325.43,0.0,0.0,0.0,0.0,,,,,-0.41069580729906,0.9117724243839431,-0.41069580729906,0.9117724243839431,-3.4831626364178634,4.521930447090971,5.0,41.0,,0.0,0.0,5,0.0,0.0,0.772138888888889,0.0,-0.0,49.645833333333336,2.070833333333332,300,10,2017,209
2017-10-28,0.0,1.4,0,0.0,8.0,16.4,11.420833333333334,25.1,17.0,-12.93703170261763,10.485856166614719,73.0,213.33333333333334,600.0,67.08333333333333,,,,,,,,313.0341759757182,0.9680849927082354,0.0,0.0,0.0,0.0,0.0,0.0,,0.20833333333333334,0,0,0.0,0.0,0.14,0.14,1.54,0.0,325.43,0.0,0.0,0.0,0.0,,,,,-0.7309467709049436,0.682434478982148,-0.7309467709049436,0.682434478982148,-9.444033142910868,7.654675001628744,6.0,42.0,,0.0,0.0,6,0.0,0.0,0.7188888888888889,0.0,-0.0,102.0,1.3791666666666682,301,10,2017,210
2017-10-29,0.0,4.2,0,0.0,8.0,14.2,11.0625,25.2,20.941666666666666,-15.480418863213957,14.0124013311205,81.91666666666667,243.33333333333334,600.0,37.958333333333336,,,,,,,,312.4153770015994,0.9970223912537882,0.0,0.0,0.0,0.0,0.0,0.0,,0.4583333333333333,0,0,0.0,0.0,0.0,0.14,1.4700000000000002,0.0,325.43,0.0,0.0,0.0,0.0,,,,,-0.7382743452260438,0.674500549429766,-0.7382743452260438,0.674500549429766,-12.681043118782767,11.478492090409542,7.0,43.0,,,0.0,6,0.0,0.0,0.7508333333333334,0.0,-0.0,125.65,-0.3583333333333343,302,10,2017,211
2017-10-30,1.54,3.1,5,0.63,-0.2,12.0,7.041666666666667,26.7,17.745833333333334,-14.23291395179965,8.172924885055949,71.625,282.5416666666667,600.0,47.083333333333336,,,,,,,,289.65855759197507,0.8192962189926251,2.04,8.18,22.1,85.6,-6.333862103612068,-0.31073292739720315,239.8879865628297,0.2916666666666667,1,4,1.54,1.54,1.54,1.6800000000000002,1.6800000000000002,1.0,326.97,0.0,0.0,0.0,0.0,,,,,-0.9417141216965773,0.3364141985666537,-0.8650462477741576,-0.5016921259217157,-10.194324617976498,5.853857448921323,0.0,44.0,1.0,1.0,41.118,0,0.27512446500000015,1.54,0.6937777777777777,12.597199999999999,0.0,0.0,-4.020833333333333,303,10,2017,212
2017-10-31,3.08,5.3,13,0.56,-1.7,5.3,2.0749999999999997,13.1,9.391666666666667,-3.6110659373202765,-8.333933343767601,83.66666666666667,187.70833333333334,600.0,72.08333333333333,,,,,,,,203.187363155974,0.9617197974006777,3.230769230769231,8.492307692307692,10.6,82.3076923076923,-3.291841886310315,-7.417515776227763,201.67611733440478,0.08333333333333333,1,13,4.62,4.62,4.62,4.76,4.76,2.0,330.05,0.0,0.0,0.0,0.0,,,,,-0.39373918054343915,-0.9192222025739919,-0.36935943376645675,-0.9292866127776309,-3.021258500891298,-6.972724230952227,0.0,45.0,0.6666666666666666,1.0,40.348,0,0.4659001183431951,4.62,0.5218055555555555,26.156307692307692,0.0,0.0,-4.966666666666667,304,10,2017,213
2017-11-01,0.35,1.4000000000000001,3,0.21,-0.2,8.9,4.3,16.4,13.283333333333333,-5.985874833535352,-10.834486443781273,85.875,177.20833333333334,600.0,94.625,,,,,,,,211.57199999646758,0.9262470424116489,0.0,12.833333333333334,14.5,99.0,-2.169733935306082,-12.376383488791914,191.6074327194197,0.0,1,2,3.43,4.97,4.97,5.11,5.11,3.0,330.4,0.0,0.0,0.0,0.0,,,,,-0.5235696110637451,-0.8519829002806093,-0.20120499527046845,-0.9795491564379047,-5.140370013298483,-9.304115233597168,0.0,46.0,0.07042253521126761,1.0,5.739999999999999,1,0.07346354166666666,4.97,0.6021666666666667,4.491666666666666,0.0,13.283333333333333,2.225,305,11,2017,214
2017-11-02,0.0,2.9000000000000004,0,0.0,1.0,13.1,6.8125,16.0,8.991666666666667,-6.536503639248797,1.0933559286356618,80.25,252.25,600.0,76.75,,,,,,,,266.0156568452651,0.6057127419987283,0.0,0.0,0.0,0.0,0.0,0.0,,0.041666666666666664,0,0,0.35,3.43,4.97,5.11,5.11,3.0,330.4,0.0,0.0,0.0,0.0,,,,,-0.9975830749122542,-0.06948387329885909,-0.9975830749122542,-0.06948387329885909,-5.24554417049716,0.8774181327301186,1.0,47.0,0.0,0.6901408450704226,0.0,2,0.0,1.715,0.7267777777777779,0.0,-0.0,17.983333333333334,2.5125,306,11,2017,215
2017-11-03,0.0,4.7,0,0.0,1.2,7.6,4.979166666666667,24.3,16.5,-14.543659183030089,6.989759372413862,90.16666666666667,174.125,600.0,81.79166666666667,,,,,,,,304.12023588886774,0.8593143875649396,0.0,0.0,0.0,0.0,0.0,0.0,,0.041666666666666664,0,0,0.0,0.35,4.97,5.11,5.11,3.0,330.4,0.0,0.0,0.0,0.0,,,,,-0.827862274882135,0.5609314163308884,-0.827862274882135,0.5609314163308884,-13.113532696698796,6.302433034126499,2.0,48.0,0.0,0.07042253521126761,0.0,3,0.0,0.11666666666666665,0.5855277777777778,0.0,-0.0,49.5,-1.833333333333333,307,11,2017,216
2017-11-04,0.07,0.7,1,0.07,-1.1,9.7,3.766666666666666,12.4,6.929166666666667,-0.07197746756558361,-0.8042753549866472,74.54166666666667,298.3333333333333,600.0,56.083333333333336,,,,,,,,91.53945016205823,0.19117370619060825,8.8,7.4,7.4,45.0,-7.180188374442374,-1.7902220274375418,256.0,0.20833333333333334,1,1,0.07,0.07,5.04,5.180000000000001,5.180000000000001,4.0,330.47,0.0,0.0,0.0,0.0,,,,,0.9996390642670259,-0.026865241323033626,-0.9702957262759965,-0.24192189559966779,-0.05365320394784545,-0.5995202541962966,0.0,49.0,1.0,0.01388888888888889,0.8680000000000001,4,0.0019057500000000018,0.07,0.6629166666666667,0.5180000000000001,0.0,27.71666666666667,-1.2125000000000008,308,11,2017,217
2017-11-05,0.0,0.0,0,0.0,-1.1,11.4,5.616666666666667,16.3,7.1499999999999995,3.8065489795053704,3.869501380635747,74.95833333333333,264.0416666666667,600.0,66.75,,,,,,,,34.798008568142265,0.6551864228028786,0.0,0.0,0.0,0.0,0.0,0.0,,0.125,1,0,0.07,0.07,5.04,5.040000000000001,5.180000000000001,5.0,330.47,0.0,0.0,0.0,0.0,,,,,0.5706850266215484,0.8211690449535727,0.5706850266215484,0.8211690449535727,2.853325672554234,2.900513743234878,1.0,50.0,0.0,0.01388888888888889,0.0,5,0.0,0.035,0.6792222222222222,0.0,-0.0,35.75,1.850000000000001,309,11,2017,218
2017-11-06,8.75,25.1,11,1.54,1.8,4.7,3.408333333333333,18.1,12.591666666666667,1.5493012989966555,-5.2442799721104185,99.29166666666667,51.125,177.0,97.83333333333333,,,,,,,,151.06255764953073,0.40681470511797574,3.436363636363636,10.70909090909091,18.1,100.0,2.2866651743065374,-7.3528847926607,142.29205845909098,0.0,0,6,8.75,8.82,12.25,13.790000000000001,13.93,4.0,339.22,0.0,0.0,0.0,0.0,,,,,0.4838543893441563,-0.8751485187740385,0.6116367026691886,-0.7911387640281334,1.538327081462096,-5.207132988974637,0.0,51.0,0.992063492063492,0.72,100.0,0,1.2435946539256195,8.82,0.46950000000000003,93.70454545454547,0.0,0.0,-2.208333333333334,310,11,2017,219
2017-11-07,0.21000000000000002,0.4,3,0.07,-0.9,9.3,2.7541666666666664,13.0,8.829166666666667,-0.7985455991785019,-6.998777209895188,84.625,235.91666666666666,600.0,72.625,,,,,,,,186.3014577306291,0.7546391912805214,0.9333333333333332,10.6,11.8,92.0,-3.6758503182368027,-9.271490681969032,201.71105500008278,0.08333333333333333,1,2,8.96,8.96,9.38,14.000000000000002,14.14,4.0,339.43,0.0,0.0,0.0,0.0,,,,,-0.10975959960803812,-0.9939581632512926,-0.3699260229429628,-0.92906121302614,-0.6757692133048071,-5.922715213873803,0.0,52.0,0.0234375,0.9552238805970149,2.7300000000000004,1,0.041293,8.96,0.6460277777777778,2.226,0.0,8.829166666666667,-0.6541666666666668,311,11,2017,220
2017-11-08,0.07,0.1,1,0.07,-0.8,13.6,6.479166666666667,10.8,6.4125000000000005,4.1545435686741135,-1.9226801833378977,65.70833333333333,369.0,600.0,17.833333333333332,,,,,,,,105.1462444093785,0.6348610709308483,-0.4,5.6,5.6,99.0,5.4091846272187825,-1.4493866525741166,105.00000000000001,0.75,1,1,0.28,9.03,9.1,14.07,14.209999999999999,4.0,339.5,0.0,0.0,0.0,0.0,,,,,0.9652620587584811,-0.26128367327741425,0.9659258262890682,-0.2588190451025211,2.7298813365829484,-1.2633611038016102,0.0,53.0,0.007751937984496126,0.9923076923076922,0.7560000000000001,2,0.016926,9.03,0.7672500000000001,0.392,0.0,12.825000000000001,3.7250000000000005,312,11,2017,221
2017-11-09,0.0,1.7,0,0.0,4.3,17.3,10.345833333333333,10.9,7.454166666666667,-0.47416150969099813,-0.44248566338109296,68.25,316.7083333333333,600.0,35.166666666666664,,,,,,,,213.9773355432009,0.025507996248852156,0.0,0.0,0.0,0.0,0.0,0.0,,0.2916666666666667,0,0,0.07,0.28,9.1,14.07,14.209999999999999,4.0,339.5,0.0,0.0,0.0,0.0,,,,,-0.5588649178389599,-0.8292587072855205,-0.5588649178389599,-0.8292587072855205,-0.3236152303641062,-0.30199646525759594,1.0,54.0,0.0,0.030769230769230774,0.0,3,0.0,0.14,0.7719722222222223,0.0,-0.0,22.3625,3.8666666666666663,313,11,2017,222
2017-11-10,0.0,5.1,0,0.0,6.6,15.4,10.825000000000001,10.6,5.675,-2.091216643117464,1.1170459988697277,73.75,257.4583333333333,600.0,74.29166666666667,,,,,,,,327.1397972048798,0.3717070448581823,0.0,0.0,0.0,0.0,0.0,0.0,,0.0,0,0,0.0,0.07,9.1,14.07,14.209999999999999,4.0,339.5,0.0,0.0,0.0,0.0,,,,,-0.5425911255102579,0.839996946731065,-0.5425911255102579,0.839996946731065,-1.5422722742991297,0.8238214241664241,2.0,55.0,0.0,0.007692307692307694,0.0,4,0.0,0.023333333333333334,0.7508055555555556,0.0,-0.0,22.7,0.47916666666666785,314,11,2017,223
2017-11-11,0.0,4.4,0,0.0,6.3,16.5,11.237499999999999,11.6,6.229166666666667,-3.0494704201067293,0.25502387707209834,71.20833333333333,232.58333333333334,600.0,74.0,,,,,,,,294.6220492763594,0.42415907664289215,0.0,0.0,0.0,0.0,0.0,0.0,,0.041666666666666664,0,0,0.0,0.0,9.03,14.07,14.209999999999999,3.0,339.5,0.0,0.0,0.0,0.0,,,,,-0.9090758433583315,0.41663066500479584,-0.9090758433583315,0.41663066500479584,-2.171477061651,0.18159825246509,3.0,56.0,,0.0,0.0,5,0.0,0.0,0.72575,0.0,-0.0,31.145833333333336,0.41249999999999787,315,11,2017,224
2017-11-12,0.0,4.7,0,0.0,6.7,15.3,10.945833333333333,10.0,5.729166666666667,-2.5749982301081373,0.8472958377132257,72.70833333333333,279.9166666666667,600.0,26.0,,,,,,,,314.2746831699518,0.361666250633523,0.0,0.0,0.0,0.0,0.0,0.0,,0.5833333333333334,0,0,0.0,0.0,9.03,14.07,14.209999999999999,2.0,339.5,0.0,0.0,0.0,0.0,,,,,-0.7160012670301753,0.6980989798095851,-0.7160012670301753,0.6980989798095851,-1.872238296474458,0.6160546820039912,4.0,57.0,,0.0,0.0,6,0.0,0.0,0.7623055555555555,0.0,-0.0,34.375,-0.2916666666666661,316,11,2017,225
2017-11-13,0.0,5.4,0,0.0,7.3,15.5,11.279166666666667,12.3,6.054166666666667,-3.0864002781095827,0.5202572287764414,71.91666666666667,290.75,600.0,18.5,,,,,,,,290.2357137328065,0.3910778444820113,0.0,0.0,0.0,0.0,0.0,0.0,,0.625,0,0,0.0,0.0,0.28,12.53,14.209999999999999,2.0,339.5,0.0,0.0,0.0,0.0,,,,,-0.9382776084149591,0.3458831154409026,-0.9382776084149591,0.3458831154409026,-2.219636200007142,0.3741516570283908,5.0,58.0,,0.0,0.0,6,0.0,0.0,0.766888888888889,0.0,-0.0,36.325,0.3333333333333339,317,11,2017,226
2017-11-14,0.0,2.2,0,0.0,7.5,18.2,12.704166666666666,10.9,7.258333333333333,-5.164174931369536,2.7193268759774196,72.79166666666667,274.375,600.0,33.541666666666664,,,,,,,,302.96413998947685,0.803546082373499,0.0,0.0,0.0,0.0,0.0,0.0,,0.4583333333333333,0,0,0.0,0.0,0.07,9.45,14.209999999999999,1.0,339.5,0.0,0.0,0.0,0.0,,,,,-0.8390112797552947,0.5441140252220877,-0.8390112797552947,0.5441140252220877,-3.759089002126075,1.9794433551385635,6.0,59.0,,0.0,0.0,6,0.0,0.0,0.758888888888889,0.0,-0.0,43.55,1.424999999999999,318,11,2017,227
2017-11-15,0.0,1.5,0,0.0,10.4,18.0,14.120833333333332,13.3,9.395833333333334,-6.796453215904081,6.219326637584522,60.208333333333336,307.2916666666667,600.0,42.916666666666664,,,,,,,,312.9599807201079,0.9803259900873665,0.0,0.0,0.0,0.0,0.0,0.0,,0.4166666666666667,0,0,0.0,0.0,0.0,9.1,14.209999999999999,0.0,339.5,0.0,0.0,0.0,0.0,,,,,-0.7318298773479935,0.6814873664425634,-0.7318298773479935,0.6814873664425634,-4.092031207075582,3.744552913045681,7.0,60.0,,,0.0,6,0.0,0.0,0.7388888888888889,0.0,-0.0,56.375,1.416666666666666,319,11,2017,228
2017-11-16,0.0,4.9,0,0.0,8.5,15.3,12.025,16.1,10.4,0.6860752552569066,8.701610267843021,73.45833333333333,164.83333333333334,600.0,80.58333333333333,,,,,,,,1.9784269238035321,0.8469164640010273,0.0,0.0,0.0,0.0,0.0,0.0,,0.041666666666666664,0,0,0.0,0.0,0.0,9.1,14.209999999999999,0.0,339.5,0.0,0.0,0.0,0.0,,,,,0.03452320239470779,0.9994038965785625,0.03452320239470779,0.9994038965785625,0.503979447924136,6.392057875919686,8.0,61.0,,,0.0,6,0.0,0.0,0.6880833333333333,0.0,-0.0,62.400000000000006,-2.0958333333333314,320,11,2017,229
2017-11-17,0.0,10.0,0,0.0,7.6,16.3,10.804166666666667,16.3,11.854166666666666,5.339782432013169,9.73993009076034,87.70833333333333,240.66666666666666,600.0,85.91666666666667,,,,,,,,26.172220339466275,0.9286090221737207,0.0,0.0,0.0,0.0,0.0,0.0,,0.0,0,0,0.0,0.0,0.0,9.1,14.209999999999999,0.0,339.5,0.0,0.0,0.0,0.0,,,,,0.4410707682977597,0.8974723267896476,0.4410707682977597,0.8974723267896476,4.6834341747448835,8.542730350437715,9.0,62.0,,,0.0,6,0.0,0.0,0.7861388888888889,0.0,-0.0,71.125,-1.2208333333333332,321,11,2017,230
2017-11-18,0.0,3.2,0,0.0,6.8,12.5,10.195833333333333,16.3,13.208333333333334,8.768272089140892,9.505785923672873,88.04166666666667,177.45833333333334,501.0,89.5,,,,,,,,42.48400205370516,0.9784936956918235,0.0,0.0,0.0,0.0,0.0,0.0,,0.0,0,0,0.0,0.0,0.0,9.03,14.209999999999999,0.0,339.5,0.0,0.0,0.0,0.0,,,,,0.6753843210376042,0.7374659442283246,0.6753843210376042,0.7374659442283246,7.719732885147794,8.369052356966993,10.0,63.0,,,0.0,6,0.0,0.0,0.6895555555555556,0.0,-0.0,79.25,-0.6083333333333343,322,11,2017,231
2017-11-19,0.0,0.0,0,0.0,6.0,18.5,11.991666666666667,13.0,9.020833333333334,5.6613289723690405,5.085330334119714,72.0,329.6666666666667,600.0,68.83333333333333,,,,,,,,46.99295651464304,0.8165801224100924,0.0,0.0,0.0,0.0,0.0,0.0,,0.0,0,0,0.0,0.0,0.0,9.03,14.209999999999999,0.0,339.5,0.0,0.0,0.0,0.0,,,,,0.7312698566637507,0.682088261689774,0.7312698566637507,0.682088261689774,4.076156860105709,3.6614378405661943,11.0,64.0,,,0.0,6,0.0,0.0,0.7931111111111111,0.0,-0.0,54.125,1.7958333333333343,323,11,2017,232
2017-11-20,0.0,0.0,0,0.0,7.8,20.4,14.941666666666668,10.2,6.4375,2.753927113169881,1.3994313589531027,54.375,376.7083333333333,600.0,23.666666666666668,,,,,,,,49.81405244427915,0.4300278543003909,0.0,0.0,0.0,0.0,0.0,0.0,,0.7083333333333334,0,0,0.0,0.0,0.0,0.28,14.209999999999999,0.0,339.5,0.0,0.0,0.0,0.0,,,,,0.7639543115301252,0.6452703386136175,0.7639543115301252,0.6452703386136175,1.4974478677861227,0.7609408014307496,12.0,65.0,,,0.0,6,0.0,0.0,0.7657222222222222,0.0,-0.0,38.625,2.950000000000001,324,11,2017,233
2017-11-21,0.0,0.0,0,0.0,9.8,19.6,14.612499999999999,13.2,7.3500000000000005,2.1035912885613985,-0.17077555328489666,54.583333333333336,375.7916666666667,600.0,56.541666666666664,,,,,,,,24.317786886254805,0.11057745612541392,0.0,0.0,0.0,0.0,0.0,0.0,,0.25,0,0,0.0,0.0,0.0,0.07,14.069999999999999,0.0,339.5,0.0,0.0,0.0,0.0,,,,,0.41179727455721177,0.9112754823143506,0.41179727455721177,0.9112754823143506,1.14821024500643,-0.09321498950133943,13.0,66.0,,,0.0,6,0.0,0.0,0.7658055555555556,0.0,-0.0,44.1,-0.32916666666666927,325,11,2017,234
2017-11-22,0.0,0.8,0,0.0,9.8,18.9,14.266666666666666,8.7,5.3,-3.9827819714180226,-0.2721412792960507,61.25,332.3333333333333,600.0,47.041666666666664,,,,,,,,264.12486561092453,0.7531818497183576,0.0,0.0,0.0,0.0,0.0,0.0,,0.2916666666666667,0,0,0.0,0.0,0.0,0.0,14.069999999999999,0.0,339.5,0.0,0.0,0.0,0.0,,,,,-0.9947473340445268,-0.10236083924678772,-0.9947473340445268,-0.10236083924678772,-2.439453957493539,-0.16668653356883106,14.0,67.0,,,0.0,6,0.0,0.0,0.7590555555555557,0.0,-0.0,31.799999999999997,-0.3458333333333332,326,11,2017,235
2017-11-23,0.0,1.9,0,0.0,8.5,15.7,12.783333333333333,15.9,10.483333333333333,-8.119803081367488,5.896832597486454,66.91666666666667,294.5416666666667,600.0,39.25,,,,,,,,310.9721011178897,0.9355822484447727,0.0,0.0,0.0,0.0,0.0,0.0,,0.4583333333333333,0,0,0.0,0.0,0.0,0.0,14.069999999999999,0.0,339.5,0.0,0.0,0.0,0.0,,,,,-0.7550289438247173,0.6556914624935511,-0.7550289438247173,0.6556914624935511,-5.433501561948411,3.945963813151353,15.0,68.0,,,0.0,6,0.0,0.0,0.7527500000000001,0.0,-0.0,62.89999999999999,-1.4833333333333325,327,11,2017,236
2017-11-24,0.0,0.7,0,0.0,10.1,19.1,14.045833333333334,16.6,9.329166666666667,-4.027540972238569,5.050163371016376,61.166666666666664,287.625,600.0,42.875,,,,,,,,332.3465194231418,0.6188903406905432,0.0,0.0,0.0,0.0,0.0,0.0,,0.3333333333333333,0,0,0.0,0.0,0.0,0.0,14.069999999999999,0.0,339.5,0.0,0.0,0.0,0.0,,,,,-0.4641230263645518,0.8857707470887767,-0.4641230263645518,0.8857707470887767,-2.4635125613525912,3.0890165952716835,16.0,69.0,,,0.0,6,0.0,0.0,0.7289722222222222,0.0,-0.0,55.97500000000001,1.262500000000001,328,11,2017,237
2017-11-25,0.0,3.0,0,0.0,11.5,19.6,15.016666666666666,9.8,6.220833333333334,-0.8698216248423992,3.9797566263000426,58.291666666666664,260.0416666666667,600.0,50.875,,,,,,,,343.6911064865094,0.6142637784823793,0.0,0.0,0.0,0.0,0.0,0.0,,0.16666666666666666,0,0,0.0,0.0,0.0,0.0,14.069999999999999,0.0,339.5,0.0,0.0,0.0,0.0,,,,,-0.2808156875650459,0.9597617150196035,-0.2808156875650459,0.9597617150196035,-0.5070335221477152,2.3198664667473996,17.0,70.0,,,0.0,6,0.0,0.0,0.7010000000000001,0.0,-0.0,37.325,0.9708333333333314,329,11,2017,238
2017-11-26,0.0,18.400000000000002,0,0.0,11.1,20.0,15.054166666666667,18.3,8.529166666666667,-4.593084854254287,6.354360446961455,65.83333333333333,267.2083333333333,600.0,69.0,,,,,,,,326.9406628570644,0.9099396465470023,0.0,0.0,0.0,0.0,0.0,0.0,,0.125,0,0,0.0,0.0,0.0,0.0,14.069999999999999,0.0,339.5,0.0,0.0,0.0,0.0,,,,,-0.545507293943058,0.8381060745841914,-0.545507293943058,0.8381060745841914,-3.023780862384072,4.183287294249625,18.0,71.0,,,0.0,6,0.0,0.0,0.7309166666666665,0.0,-0.0,51.175,0.03750000000000142,330,11,2017,239
2017-11-27,0.0,15.1,0,0.0,8.4,16.7,12.583333333333334,13.4,5.566666666666666,-0.19420292769135714,2.194190701382255,88.16666666666667,215.95833333333334,600.0,73.83333333333333,,,,,,,,7.665045995646887,0.406081490715624,0.0,0.0,0.0,0.0,0.0,0.0,,0.08333333333333333,0,0,0.0,0.0,0.0,0.0,14.069999999999999,0.0,339.5,0.0,0.0,0.0,0.0,,,,,0.13338159887122772,0.9910647552418332,0.13338159887122772,0.9910647552418332,-0.17122224791454654,1.934544801718688,19.0,72.0,,,0.0,6,0.0,0.0,0.7711944444444444,0.0,-0.0,33.4,-2.470833333333333,331,11,2017,240
2017-11-28,0.0,2.4,0,0.0,9.7,19.0,14.466666666666667,12.6,7.008333333333333,3.969385020319457,1.3671968844891473,73.125,288.5416666666667,600.0,22.958333333333332,,,,,,,,65.23374452689416,0.4537344352322062,0.0,0.0,0.0,0.0,0.0,0.0,,0.5833333333333334,0,0,0.0,0.0,0.0,0.0,14.069999999999999,0.0,339.5,0.0,0.0,0.0,0.0,,,,,0.9080243586839403,0.41891737137127527,0.9080243586839403,0.41891737137127527,2.902612796108603,0.999762721782689,20.0,73.0,,,0.0,6,0.0,0.0,0.7694444444444445,0.0,-0.0,42.05,1.8833333333333329,332,11,2017,241
2017-11-29,0.0,0.0,0,0.0,10.0,22.0,16.345833333333335,12.9,8.495833333333334,4.845769182166169,1.9221280336087798,52.041666666666664,375.6666666666667,600.0,8.041666666666666,,,,,,,,60.27109173055399,0.5075436132685693,0.0,0.0,0.0,0.0,0.0,0.0,,0.875,0,0,0.0,0.0,0.0,0.0,12.53,0.0,339.5,0.0,0.0,0.0,0.0,,,,,0.8683814229494943,0.4958968685888342,0.8683814229494943,0.4958968685888342,2.5218190452189773,1.0003074641572358,21.0,74.0,,,0.0,6,0.0,0.0,0.75725,0.0,-0.0,50.975,1.8791666666666682,333,11,2017,242
2017-11-30,0.0,0.1,0,0.0,12.5,21.7,17.195833333333333,12.2,7.2625,-0.24681584139105384,3.857232129076691,59.166666666666664,285.125,600.0,34.333333333333336,,,,,,,,352.4580219125757,0.5130671879377389,0.0,0.0,0.0,0.0,0.0,0.0,,0.5,0,0,0.0,0.0,0.0,0.0,9.45,0.0,339.5,0.0,0.0,0.0,0.0,,,,,-0.13125254498981845,0.9913489645093173,-0.13125254498981845,0.9913489645093173,-0.1460327061563735,2.2821956763703755,22.0,75.0,,,0.0,6,0.0,0.0,0.7206388888888889,0.0,-0.0,43.575,0.8499999999999979,334,11,2017,243
2017-12-01,0.0,29.0,0,0.0,13.6,17.6,15.225,26.8,16.9375,-11.40393342164424,12.185965297690993,86.70833333333333,175.83333333333334,600.0,76.58333333333333,,,,,,,,314.4300905913601,0.9697769839108835,0.0,0.0,0.0,0.0,0.0,0.0,,0.125,0,0,0.0,0.0,0.0,0.0,9.1,0.0,339.5,0.0,0.0,0.0,0.0,,,,,-0.7141051320005607,0.700038470693191,-0.7141051320005607,0.700038470693191,-9.888160604350693,10.56624741020623,23.0,76.0,,,0.0,6,0.0,0.0,0.7395833333333334,0.0,-0.0,101.625,-1.9708333333333332,335,12,2017,244
2017-12-02,0.0,64.1,0,0.0,8.4,15.4,12.237499999999999,22.7,7.616666666666667,-4.905419262188422,3.3699572246612433,96.91666666666667,95.83333333333333,462.0,99.58333333333333,,,,,,,,310.8248873611121,0.5649517685279619,0.0,0.0,0.0,0.0,0.0,0.0,,0.0,0,0,0.0,0.0,0.0,0.0,9.1,0.0,339.5,0.0,0.0,0.0,0.0,,,,,-0.7567111602967589,0.6537493555502237,-0.7567111602967589,0.6537493555502237,-4.754168834937613,3.266050210234188,24.0,77.0,,,0.0,6,0.0,0.0,0.7202777777777779,0.0,-0.0,45.7,-2.9875000000000007,336,12,2017,245
2017-12-03,0.0,12.9,0,0.0,4.8,12.0,8.391666666666667,16.1,9.091666666666667,-6.978563798007557,1.920898112108299,96.125,186.20833333333334,600.0,90.04166666666667,,,,,,,,274.0474270800227,0.5636530214822492,0.0,0.0,0.0,0.0,0.0,0.0,,0.0,0,0,0.0,0.0,0.0,0.0,9.1,0.0,339.5,0.0,0.0,0.0,0.0,,,,,-0.9975059669806486,0.07058219207421365,-0.9975059669806486,0.07058219207421365,-6.708144450834765,1.8464633102641026,25.0,78.0,,,0.0,6,0.0,0.0,0.7112222222222222,0.0,-0.0,54.55,-3.8458333333333314,337,12,2017,246
2017-12-04,0.42000000000000004,10.1,2,0.28,3.5,6.8,4.983333333333333,17.5,9.529166666666667,8.520563503330523,-3.429618186226726,97.79166666666667,106.375,364.0,100.0,,,,,,,,116.48235787244056,0.9421354938103346,5.25,17.1,17.5,100.0,16.744242294612025,-3.3888493973592455,101.50000000000001,0.0,0,2,0.42000000000000004,0.42000000000000004,0.42000000000000004,0.42000000000000004,9.45,0.0,339.92,0.0,0.0,0.0,0.0,,,,,0.8950717093775007,-0.44592222984735674,0.9799247046208296,-0.1993679344171975,8.332401059298641,-3.353880784614219,0.0,79.0,1.0,1.0,7.3500000000000005,0,0.039214218750000016,0.42000000000000004,0.548,7.182000000000001,0.0,0.0,-3.408333333333334,338,12,2017,247
2017-12-05,0.0,5.9,0,0.0,4.5,7.8,6.2375,17.2,12.179166666666667,10.87873201250945,-4.320830269518264,97.66666666666667,123.16666666666667,480.0,99.875,,,,,,,,111.64975109268052,0.9546045334656386,0.0,0.0,0.0,0.0,0.0,0.0,,0.0,0,0,0.42000000000000004,0.42000000000000004,0.42000000000000004,0.42000000000000004,9.45,0.0,339.92,0.0,0.0,0.0,0.0,,,,,0.9294564853627081,-0.36893175766962905,0.9294564853627081,-0.36893175766962905,10.624894932217565,-4.220010896562838,1.0,80.0,0.0,1.0,0.0,1,0.0,0.21000000000000002,0.581,0.0,-0.0,12.179166666666667,1.2541666666666664,339,12,2017,248
2017-12-06,0.0,8.6,0,0.0,5.0,10.4,7.6125,20.3,12.895833333333334,-7.830958082003441,-1.7326936714376344,96.79166666666667,126.75,460.0,96.04166666666667,,,,,,,,234.5721577950133,0.5729275705788729,0.0,0.0,0.0,0.0,0.0,0.0,,0.041666666666666664,0,0,0.0,0.42000000000000004,0.42000000000000004,0.42000000000000004,0.7000000000000001,0.0,339.92,0.0,0.0,0.0,0.0,,,,,-0.8148462046790947,-0.5796772056240223,-0.8148462046790947,-0.5796772056240223,-7.579714843539165,-1.6771030828123437,2.0,81.0,0.0,1.0,0.0,2,0.0,0.14,0.6382500000000001,0.0,-0.0,25.791666666666668,1.375,340,12,2017,249
2017-12-07,0.0,5.2,0,0.0,6.6,15.5,10.762500000000001,26.8,20.1375,-17.20677652838625,10.257414606498871,75.625,320.4166666666667,600.0,65.5,,,,,,,,300.5011474749124,0.9948432243356087,0.0,0.0,0.0,0.0,0.0,0.0,,0.16666666666666666,0,0,0.0,0.0,0.42000000000000004,0.42000000000000004,0.49000000000000005,0.0,339.92,0.0,0.0,0.0,0.0,,,,,-0.8616189956886606,0.5075556188916284,-0.8616189956886606,0.5075556188916284,-13.012624749592101,7.757169796164772,3.0,82.0,,0.0,0.0,3,0.0,0.0,0.7990277777777778,0.0,-0.0,60.412499999999994,3.1500000000000012,341,12,2017,250
2017-12-08,0.0,5.300000000000001,0,0.0,4.4,10.4,7.3125,26.8,10.612499999999999,-8.43848771023067,2.878935326853546,88.54166666666667,213.125,572.0,63.25,,,,,,,,284.2145438888154,0.6013175714072013,0.0,0.0,0.0,0.0,0.0,0.0,,0.16666666666666666,0,0,0.0,0.0,0.42000000000000004,0.42000000000000004,0.42000000000000004,0.0,339.92,0.0,0.0,0.0,0.0,,,,,-0.9693830501439493,0.2455534607648883,-0.9693830501439493,0.2455534607648883,-7.471577660100072,2.549057320651577,4.0,83.0,,0.0,0.0,4,0.0,0.0,0.6683333333333333,0.0,-0.0,42.449999999999996,-3.450000000000001,342,12,2017,251
2017-12-09,0.0,0.0,0,0.0,4.0,17.5,10.483333333333333,14.5,9.604166666666666,-6.411024951980817,2.524063681254874,68.91666666666667,355.2083333333333,600.0,55.041666666666664,,,,,,,,289.17584033096534,0.4977206616807421,0.0,0.0,0.0,0.0,0.0,0.0,,0.2916666666666667,0,0,0.0,0.0,0.42000000000000004,0.42000000000000004,0.42000000000000004,0.0,339.92,0.0,0.0,0.0,0.0,,,,,-0.9445149580854617,0.3284684063236806,-0.9445149580854617,0.3284684063236806,-4.418264696073447,1.7395005536648174,5.0,84.0,,0.0,0.0,5,0.0,0.0,0.799861111111111,0.0,-0.0,48.02083333333333,3.1708333333333325,343,12,2017,252
2017-12-10,0.0,0.0,0,0.0,8.5,19.8,14.608333333333334,14.2,7.633333333333333,-4.354463776943243,3.4129462121213194,72.375,361.875,600.0,37.0,,,,,,,,316.3182382226713,0.5063277186312778,0.0,0.0,0.0,0.0,0.0,0.0,,0.4583333333333333,0,0,0.0,0.0,0.42000000000000004,0.42000000000000004,0.42000000000000004,0.0,339.92,0.0,0.0,0.0,0.0,,,,,-0.6906522433201369,0.7231870289191189,-0.6906522433201369,0.7231870289191189,-3.151543158562672,2.470119821022805,6.0,85.0,,0.0,0.0,6,0.0,0.0,0.8158333333333333,0.0,-0.0,45.8,4.125000000000002,344,12,2017,253
2017-12-11,0.0,0.1,0,0.0,10.7,20.5,15.575000000000001,12.7,8.404166666666667,-3.2653369115056203,2.5982233193387865,71.83333333333333,369.75,600.0,63.208333333333336,,,,,,,,318.3285220785689,0.38825443612746935,0.0,0.0,0.0,0.0,0.0,0.0,,0.20833333333333334,0,0,0.0,0.0,0.0,0.42000000000000004,0.42000000000000004,0.0,339.92,0.0,0.0,0.0,0.0,,,,,-0.6648585926361865,0.746969244211453,-0.6648585926361865,0.746969244211453,-2.3456003480982037,1.8663904177250281,7.0,86.0,,,0.0,6,0.0,0.0,0.8192777777777778,0.0,-0.0,50.425,0.9666666666666668,345,12,2017,254
2017-12-12,0.0,0.0,0,0.0,11.4,21.0,16.179166666666667,14.7,9.295833333333333,-5.809315688328429,5.261239898809393,60.75,397.0833333333333,600.0,18.625,,,,,,,,325.3462707780682,0.735933140002034,0.0,0.0,0.0,0.0,0.0,0.0,,0.625,0,0,0.0,0.0,0.0,0.42000000000000004,0.42000000000000004,0.0,339.92,0.0,0.0,0.0,0.0,,,,,-0.5686153928988656,0.8226035101787912,-0.5686153928988656,0.8226035101787912,-3.52915928065952,3.196203238526706,8.0,87.0,,,0.0,6,0.0,0.0,0.8005555555555555,0.0,-0.0,55.77499999999999,0.6041666666666661,346,12,2017,255
2017-12-13,0.0,0.0,0,0.0,12.1,22.5,17.591666666666665,15.3,11.658333333333333,-8.984926225266976,7.020976539153296,41.25,397.8333333333333,600.0,29.125,,,,,,,,310.36050749722085,0.9763048739944022,0.0,0.0,0.0,0.0,0.0,0.0,,0.4583333333333333,0,0,0.0,0.0,0.0,0.42000000000000004,0.42000000000000004,0.0,339.92,0.0,0.0,0.0,0.0,,,,,-0.7619848589268335,0.647594838433919,-0.7619848589268335,0.647594838433919,-3.706282067922628,2.896152822400735,9.0,88.0,,,0.0,6,0.0,0.0,0.7360555555555556,0.0,-0.0,69.95,1.4124999999999979,347,12,2017,256
2017-12-14,0.0,5.0,0,0.0,13.0,21.6,18.054166666666667,24.3,16.191666666666666,-11.859452009413856,10.336693847311262,55.0,302.7916666666667,600.0,74.29166666666667,,,,,,,,312.74219948115723,0.9709193985449468,0.0,0.0,0.0,0.0,0.0,0.0,,0.125,0,0,0.0,0.0,0.0,0.42000000000000004,0.42000000000000004,0.0,339.92,0.0,0.0,0.0,0.0,,,,,-0.734414917779015,0.6787007650972869,-0.734414917779015,0.6787007650972869,-6.52269860517762,5.685181616021193,10.0,89.0,,,0.0,6,0.0,0.0,0.7185277777777778,0.0,-0.0,97.15,0.46250000000000213,348,12,2017,257
2017-12-15,0.0,1.1,0,0.0,12.8,20.1,16.033333333333335,22.9,13.6875,-10.660859901823134,8.11941811997294,70.83333333333333,332.9583333333333,600.0,47.625,,,,,,,,311.7205480314211,0.9710900666956132,0.0,0.0,0.0,0.0,0.0,0.0,,0.2916666666666667,0,0,0.0,0.0,0.0,0.42000000000000004,0.42000000000000004,0.0,339.92,0.0,0.0,0.0,0.0,,,,,-0.7463995621793408,0.6654980793199093,-0.7463995621793408,0.6654980793199093,-7.551442430458053,5.751254501647498,11.0,90.0,,,0.0,6,0.0,0.0,0.7914166666666667,0.0,-0.0,82.125,-2.020833333333332,349,12,2017,258
2017-12-16,0.0,0.0,0,0.0,13.3,21.0,16.904166666666665,19.5,13.533333333333333,-9.248982862432586,6.2705115833025316,65.625,350.75,600.0,37.416666666666664,,,,,,,,308.83725078090106,0.6406780552396223,0.0,0.0,0.0,0.0,0.0,0.0,,0.2916666666666667,0,0,0.0,0.0,0.0,0.42000000000000004,0.42000000000000004,0.0,339.92,0.0,0.0,0.0,0.0,,,,,-0.7789304145488768,0.62711036452184,-0.7789304145488768,0.62711036452184,-6.0696450034713845,4.115023226542286,12.0,91.0,,,0.0,6,0.0,0.0,0.7859166666666667,0.0,-0.0,81.2,0.87083333333333,350,12,2017,259
2017-12-17,0.0,0.7,0,0.0,13.2,22.4,17.60833333333333,10.0,6.858333333333333,0.3087349200217887,2.416172362033495,65.45833333333333,331.5,600.0,48.208333333333336,,,,,,,,356.80022223936487,0.3447543486312853,0.0,0.0,0.0,0.0,0.0,0.0,,0.3333333333333333,0,0,0.0,0.0,0.0,0.42000000000000004,0.42000000000000004,0.0,339.92,0.0,0.0,0.0,0.0,,,,,-0.05581763223207664,0.9984409806954063,-0.05581763223207664,0.9984409806954063,0.2020927330642625,1.5815861586477586,13.0,92.0,,,0.0,6,0.0,0.0,0.7725277777777778,0.0,-0.0,41.15,0.7041666666666657,351,12,2017,260
2017-12-18,0.0,0.3,0,0.0,14.1,22.2,18.395833333333332,18.0,10.65,-5.948445309128496,4.868405891313633,71.375,270.2916666666667,600.0,95.75,,,,,,,,312.8149877873457,0.4735397635670154,0.0,0.0,0.0,0.0,0.0,0.0,,0.041666666666666664,0,0,0.0,0.0,0.0,0.0,0.42000000000000004,0.0,339.92,0.0,0.0,0.0,0.0,,,,,-0.7335521069074166,0.6796332146472023,-0.7335521069074166,0.6796332146472023,-4.2457028393904634,3.4748247049251053,14.0,93.0,,,0.0,6,0.0,0.0,0.7514444444444445,0.0,-0.0,63.900000000000006,0.7875000000000014,352,12,2017,261
2017-12-19,0.0,2.7,0,0.0,14.0,25.5,20.4875,25.4,15.145833333333334,-8.262450773473068,11.84671090238223,60.875,200.25,600.0,86.375,,,,,,,,329.1160727037168,0.9479981579760045,0.0,0.0,0.0,0.0,0.0,0.0,,0.041666666666666664,0,0,0.0,0.0,0.0,0.0,0.42000000000000004,0.0,339.92,0.0,0.0,0.0,0.0,,,,,-0.5133005261155629,0.8582089313736407,-0.5133005261155629,0.8582089313736407,-5.02976690835173,7.211685261825182,15.0,94.0,,,0.0,6,0.0,0.0,0.6697500000000001,0.0,-0.0,90.875,2.0916666666666686,353,12,2017,262
2017-12-20,0.0,2.6,0,0.0,9.1,18.1,13.725,23.7,16.575,-13.90384461896855,8.446935347133154,77.625,193.25,600.0,71.0,,,,,,,,302.6294700547601,0.9786345931694392,0.0,0.0,0.0,0.0,0.0,0.0,,0.08333333333333333,0,0,0.0,0.0,0.0,0.0,0.42000000000000004,0.0,339.92,0.0,0.0,0.0,0.0,,,,,-0.8421751691052006,0.5392040286780382,-0.8421751691052006,0.5392040286780382,-10.792859385474337,6.5569335632121115,16.0,95.0,,,0.0,6,0.0,0.0,0.7209166666666667,0.0,-0.0,99.44999999999999,-6.762500000000001,354,12,2017,263
2017-12-21,0.0,0.0,0,0.0,7.8,18.8,13.2875,13.2,7.741666666666667,-4.44710493865135,3.535542398634052,67.79166666666667,387.25,600.0,18.083333333333332,,,,,,,,323.18312992276367,0.5844586362300249,0.0,0.0,0.0,0.0,0.0,0.0,,0.8333333333333334,0,0,0.0,0.0,0.0,0.0,0.42000000000000004,0.0,339.92,0.0,0.0,0.0,0.0,,,,,-0.5992593386042719,0.8005549606963726,-0.5992593386042719,0.8005549606963726,-3.014766556327394,2.3968031177406677,17.0,96.0,,,0.0,6,0.0,0.0,0.8174722222222223,0.0,-0.0,46.45,-0.4375,355,12,2017,264
2017-12-22,0.0,0.0,0,0.0,9.4,18.8,14.258333333333333,15.7,11.658333333333333,-9.085132115512279,6.5004589509269435,60.125,346.875,600.0,29.333333333333332,,,,,,,,309.2771391648645,0.9372621832538923,0.0,0.0,0.0,0.0,0.0,0.0,,0.4583333333333333,0,0,0.0,0.0,0.0,0.0,0.42000000000000004,0.0,339.92,0.0,0.0,0.0,0.0,,,,,-0.7740928650912217,0.6330720624185399,-0.7740928650912217,0.6330720624185399,-5.462435684451757,3.9084009442448244,18.0,97.0,,,0.0,6,0.0,0.0,0.765,0.0,-0.0,69.95,0.9708333333333332,356,12,2017,265
2017-12-23,0.0,0.0,0,0.0,11.6,20.3,15.5625,21.8,14.779166666666667,-11.67451205919575,8.385622064694902,47.541666666666664,327.5416666666667,600.0,73.91666666666667,,,,,,,,310.11707125926296,0.9636357935084479,0.0,0.0,0.0,0.0,0.0,0.0,,0.041666666666666664,0,0,0.0,0.0,0.0,0.0,0.42000000000000004,0.0,339.92,0.0,0.0,0.0,0.0,,,,,-0.7647294505383018,0.6443515092551481,-0.7647294505383018,0.6443515092551481,-5.550257608142646,3.986664489923701,19.0,98.0,,,0.0,6,0.0,0.0,0.7101666666666667,0.0,-0.0,88.675,1.3041666666666671,357,12,2017,266
2017-12-24,0.0,1.3,0,0.0,6.0,22.2,15.733333333333334,30.6,16.724999999999998,-9.830068819066513,4.904826179945075,55.041666666666664,326.2916666666667,600.0,85.875,,,,,,,,294.3896333516526,0.4201263419976017,0.0,0.0,0.0,0.0,0.0,0.0,,0.041666666666666664,0,0,0.0,0.0,0.0,0.0,0.42000000000000004,0.0,339.92,0.0,0.0,0.0,0.0,,,,,-0.9107583897705326,0.41293965111452624,-0.9107583897705326,0.41293965111452624,-5.410633712494526,2.6996980765447685,20.0,99.0,,,0.0,6,0.0,0.0,0.7343333333333333,0.0,-0.0,100.35,0.17083333333333428,358,12,2017,267
2017-12-25,0.0,0.2,0,0.0,4.8,17.0,9.8375,14.8,10.395833333333334,9.840177977733857,-2.600491149597848,83.20833333333333,285.0833333333333,600.0,83.95833333333333,,,,,,,,104.45553533230502,0.9812415016827991,0.0,0.0,0.0,0.0,0.0,0.0,,0.125,0,0,0.0,0.0,0.0,0.0,0.42000000000000004,0.0,339.92,0.0,0.0,0.0,0.0,,,,,0.9683416574367816,-0.24962859305894167,0.9683416574367816,-0.24962859305894167,8.187848092306046,-2.1638253440612094,21.0,100.0,,,0.0,6,0.0,0.0,0.80075,0.0,-0.0,62.375,-5.895833333333334,359,12,2017,268
2017-12-26,0.0,0.0,0,0.0,5.5,20.1,12.808333333333332,11.0,8.108333333333333,5.496926994134224,4.171654873709476,73.04166666666667,360.9583333333333,600.0,36.75,,,,,,,,59.34917759388724,0.8281868388472474,0.0,0.0,0.0,0.0,0.0,0.0,,0.5,0,0,0.0,0.0,0.0,0.0,0.42000000000000004,0.0,339.92,0.0,0.0,0.0,0.0,,,,,0.860290159384977,0.5098047093401264,0.860290159384977,0.5098047093401264,4.015047091965539,3.0470462473386295,22.0,101.0,,,0.0,6,0.0,0.0,0.8174444444444444,0.0,-0.0,48.64999999999999,2.9708333333333314,360,12,2017,269
2017-12-27,0.0,0.0,0,0.0,8.6,22.2,16.037499999999998,12.7,6.675,-4.011925229794028,3.9814489137649147,62.333333333333336,338.5,600.0,40.458333333333336,,,,,,,,318.8087672749714,0.7566838068829767,0.0,0.0,0.0,0.0,0.0,0.0,,0.375,0,0,0.0,0.0,0.0,0.0,0.42000000000000004,0.0,339.92,0.0,0.0,0.0,0.0,,,,,-0.6585743195226132,0.7525156913083786,-0.6585743195226132,0.7525156913083786,-2.500766726571611,2.4817698229134635,23.0,102.0,,,0.0,6,0.0,0.0,0.7667777777777779,0.0,-0.0,40.05,3.229166666666666,361,12,2017,270
2017-12-28,0.0,3.1,0,0.0,14.4,21.6,17.345833333333335,16.8,9.987499999999999,-5.767395420298816,7.02180907412852,68.0,203.29166666666666,600.0,95.375,,,,,,,,323.9001117162992,0.8991179627222229,0.0,0.0,0.0,0.0,0.0,0.0,,0.041666666666666664,0,0,0.0,0.0,0.0,0.0,0.42000000000000004,0.0,339.92,0.0,0.0,0.0,0.0,,,,,-0.5891947819196095,0.8079910327217151,-0.5891947819196095,0.8079910327217151,-3.9218288858031944,4.7748301704073945,24.0,103.0,,,0.0,6,0.0,0.0,0.6955277777777779,0.0,-0.0,59.925,1.3083333333333371,362,12,2017,271
2017-12-29,0.0,24.6,0,0.0,13.6,20.4,16.108333333333334,25.1,14.754166666666668,-10.843899569568416,9.830412911623382,85.79166666666667,132.25,592.0,98.75,,,,,,,,313.5158777038202,0.9867230093538695,0.0,0.0,0.0,0.0,0.0,0.0,,0.0,0,0,0.0,0.0,0.0,0.0,0.42000000000000004,0.0,339.92,0.0,0.0,0.0,0.0,,,,,-0.7251835875749548,0.6885555637070387,-0.7251835875749548,0.6885555637070387,-9.303162172392238,8.433675077096893,25.0,104.0,,,0.0,6,0.0,0.0,0.7074722222222222,0.0,-0.0,88.525,-1.2375000000000007,363,12,2017,272
2017-12-30,0.0,3.4,0,0.0,9.5,18.1,13.9375,27.7,19.341666666666665,-17.92663044296449,6.589769904211426,77.58333333333333,357.8333333333333,600.0,54.458333333333336,,,,,,,,288.5893859395563,0.9339562859104589,0.0,0.0,0.0,0.0,0.0,0.0,,0.25,0,0,0.0,0.0,0.0,0.0,0.42000000000000004,0.0,339.92,0.0,0.0,0.0,0.0,,,,,-0.9478274810549369,0.3187837294421616,-0.9478274810549369,0.3187837294421616,-13.90807745199995,5.112563150684031,26.0,105.0,,,0.0,6,0.0,0.0,0.8304999999999999,0.0,-0.0,116.04999999999998,-2.1708333333333343,364,12,2017,273
2017-12-31,0.0,0.0,0,0.0,7.4,18.6,13.308333333333332,18.1,10.174999999999999,-7.502915966267097,6.256708130440583,71.375,368.625,600.0,3.0416666666666665,,,,,,,,313.19362328201225,0.9502654445847277,0.0,0.0,0.0,0.0,0.0,0.0,,1.0,0,0,0.0,0.0,0.0,0.0,0.42000000000000004,0.0,339.92,0.0,0.0,0.0,0.0,,,,,-0.7290448093880275,0.6844659713268254,-0.7290448093880275,0.6844659713268254,-5.355206270923141,4.465725428101966,27.0,106.0,,,0.0,6,0.0,0.0,0.8170000000000001,0.0,-0.0,61.05,-0.6291666666666682,365,12,2017,274
2018-01-01,0.0,0.0,0,0.0,8.7,19.2,14.154166666666667,14.1,9.133333333333333,-5.288627300601495,2.8909511022122003,65.58333333333333,347.5833333333333,600.0,24.958333333333332,,,,,,,,299.3098670972784,0.5618594579065878,0.0,0.0,0.0,0.0,0.0,0.0,,0.625,0,0,0.0,0.0,0.0,0.0,0.42000000000000004,0.0,339.92,0.0,0.0,0.0,0.0,,,,,-0.871984981316703,0.4895326264490541,-0.871984981316703,0.4895326264490541,-3.468458071311147,1.8959820978675013,28.0,107.0,,,0.0,6,0.0,0.0,0.7836666666666666,0.0,-0.0,54.8,0.845833333333335,1,1,2017,275
2018-01-02,0.0,1.5,0,0.0,8.9,18.2,13.6875,18.4,10.987499999999999,-4.939952236301164,3.152022791382373,68.95833333333333,313.0,600.0,56.041666666666664,,,,,,,,308.2458807928891,0.36597454425507203,0.0,0.0,0.0,0.0,0.0,0.0,,0.25,0,0,0.0,0.0,0.0,0.0,0.42000000000000004,0.0,339.92,0.0,0.0,0.0,0.0,,,,,-0.7853614378223359,0.6190374883491574,-0.7853614378223359,0.6190374883491574,-3.4065087296160113,2.1735823832240944,29.0,108.0,,,0.0,6,0.0,0.0,0.771861111111111,0.0,-0.0,65.925,-0.4666666666666668,2,1,2017,276
2018-01-03,0.0,0.2,0,0.0,7.4,17.5,10.5625,13.5,7.166666666666667,0.6733907164752594,-3.5681429132985993,85.95833333333333,254.91666666666666,600.0,79.625,,,,,,,,152.0316233619209,0.5421923055924258,0.0,0.0,0.0,0.0,0.0,0.0,,0.08333333333333333,0,0,0.0,0.0,0.0,0.0,0.0,0.0,339.92,0.0,0.0,0.0,0.0,,,,,0.4689841644614474,-0.8832065746383447,0.4689841644614474,-0.8832065746383447,0.578835436703525,-3.067116179222921,30.0,109.0,,,0.0,6,0.0,0.0,0.7898055555555555,0.0,-0.0,43.0,-3.125,3,1,2017,277
2018-01-04,0.0,1.4,0,0.0,6.5,20.6,14.025,10.6,6.833333333333333,-3.4465230539901106,-0.32427881311344064,70.29166666666667,354.125,600.0,50.041666666666664,,,,,,,,285.9276921544207,0.3633015743060632,0.0,0.0,0.0,0.0,0.0,0.0,,0.16666666666666666,0,0,0.0,0.0,0.0,0.0,0.0,0.0,339.92,0.0,0.0,0.0,0.0,,,,,-0.9616087874541472,0.2744240147854498,-0.9616087874541472,0.2744240147854498,-2.422618496700549,-0.22794098238432267,31.0,110.0,,,0.0,6,0.0,0.0,0.8037222222222223,0.0,-0.0,41.0,3.4625000000000004,4,1,2017,278
2018-01-05,0.0,0.0,0,0.0,12.4,21.7,16.825,16.6,11.016666666666666,-9.093835192002093,5.2540232236306625,63.083333333333336,341.9583333333333,600.0,34.0,,,,,,,,307.42311336861087,0.9347381856542298,0.0,0.0,0.0,0.0,0.0,0.0,,0.5,0,0,0.0,0.0,0.0,0.0,0.0,0.0,339.92,0.0,0.0,0.0,0.0,,,,,-0.7941695378263259,0.6076962606341427,-0.7941695378263259,0.6076962606341427,-5.736694366954654,3.3144129835736766,32.0,111.0,,,0.0,6,0.0,0.0,0.7715833333333334,0.0,-0.0,66.1,2.799999999999999,5,1,2017,279
2018-01-06,0.0,0.0,0,0.0,15.2,25.0,20.375,24.2,16.412499999999998,-12.883440997535734,9.848792019143726,43.625,380.0416666666667,600.0,24.75,,,,,,,,310.0719101856673,0.9862221712966883,0.0,0.0,0.0,0.0,0.0,0.0,,0.6666666666666666,0,0,0.0,0.0,0.0,0.0,0.0,0.0,339.92,0.0,0.0,0.0,0.0,,,,,-0.7652370968669514,0.6437485421953514,-0.7652370968669514,0.6437485421953514,-5.620401135174964,4.29653551835145,33.0,112.0,,,0.0,6,0.0,0.0,0.7321111111111112,0.0,-0.0,98.475,3.5500000000000007,6,1,2017,280
2018-01-07,0.0,0.3,0,0.0,17.4,27.7,23.3,19.7,10.029166666666667,-6.508058215869589,5.7552552074484025,40.125,332.0416666666667,600.0,36.208333333333336,,,,,,,,316.327603991429,0.7419969132034632,0.0,0.0,0.0,0.0,0.0,0.0,,0.5,0,0,0.0,0.0,0.0,0.0,0.0,0.0,339.92,0.0,0.0,0.0,0.0,,,,,-0.6905340194092352,0.7232999156909435,-0.6905340194092352,0.7232999156909435,-2.611358359117672,2.309296151988671,34.0,113.0,,,0.0,6,0.0,0.0,0.6884444444444444,0.0,-0.0,60.175,2.9250000000000007,7,1,2017,281
2018-01-08,0.0,8.4,0,0.0,14.7,21.6,18.683333333333334,22.7,15.216666666666667,-10.87119079336433,10.355206749447825,68.08333333333333,232.0,600.0,86.45833333333333,,,,,,,,314.6633549525226,0.9857694979866336,0.0,0.0,0.0,0.0,0.0,0.0,,0.0,0,0,0.0,0.0,0.0,0.0,0.0,0.0,339.92,0.0,0.0,0.0,0.0,,,,,-0.7112492033491343,0.702939948171408,-0.7112492033491343,0.702939948171408,-7.401469065148881,7.050169928582394,35.0,114.0,,,0.0,6,0.0,0.0,0.7149444444444444,0.0,-0.0,91.3,-4.616666666666667,8,1,2017,282
2018-01-09,0.0,9.700000000000001,0,0.0,8.0,18.0,14.0875,29.6,17.333333333333332,-11.636730576291669,5.910591338094092,86.0,248.875,600.0,89.04166666666667,,,,,,,,287.87578264437593,0.44023475847270743,0.0,0.0,0.0,0.0,0.0,0.0,,0.0,0,0,0.0,0.0,0.0,0.0,0.0,0.0,339.92,0.0,0.0,0.0,0.0,,,,,-0.9517242300916346,0.30695437748382937,-0.9517242300916346,0.30695437748382937,-10.007588295610836,5.08310855076092,36.0,115.0,,,0.0,6,0.0,0.0,0.7859166666666666,0.0,-0.0,104.0,-4.595833333333333,9,1,2017,283
2018-01-10,0.0,0.0,0,0.0,8.5,21.3,14.095833333333333,8.0,4.591666666666667,3.14793799599226,0.6747061518466202,74.04166666666667,337.375,600.0,73.33333333333333,,,,,,,,82.51840410888134,0.5585499627840376,0.0,0.0,0.0,0.0,0.0,0.0,,0.16666666666666666,0,0,0.0,0.0,0.0,0.0,0.0,0.0,339.92,0.0,0.0,0.0,0.0,,,,,0.9914867368436434,0.1302077212117001,0.9914867368436434,0.1302077212117001,2.330785757865936,0.49956367992976836,37.0,116.0,,,0.0,6,0.0,0.0,0.8050555555555556,0.0,-0.0,27.55,0.00833333333333286,10,1,2017,284
2018-01-11,0.0,1.5,0,0.0,12.8,20.8,16.841666666666665,18.5,9.112499999999999,-6.819557589065233,5.248381523281272,67.08333333333333,289.7083333333333,600.0,69.45833333333333,,,,,,,,315.77015993571825,0.9258142543269253,0.0,0.0,0.0,0.0,0.0,0.0,,0.16666666666666666,0,0,0.0,0.0,0.0,0.0,0.0,0.0,339.92,0.0,0.0,0.0,0.0,,,,,-0.69753838061666,0.7165474217151909,-0.69753838061666,0.7165474217151909,-4.57478654933126,3.520789271867853,38.0,117.0,,,0.0,6,0.0,0.0,0.7500833333333333,0.0,-0.0,54.675,2.745833333333332,11,1,2017,285
2018-01-12,0.0,8.2,0,0.0,14.7,23.7,18.795833333333334,23.7,12.904166666666667,-9.127866654907718,8.808982351083545,67.25,224.70833333333334,600.0,73.0,,,,,,,,314.23240648165375,0.9794670609692732,0.0,0.0,0.0,0.0,0.0,0.0,,0.125,0,0,0.0,0.0,0.0,0.0,0.0,0.0,339.92,0.0,0.0,0.0,0.0,,,,,-0.7165161765551107,0.6975704758193579,-0.7165161765551107,0.6975704758193579,-6.13849032542544,5.924040631103684,39.0,118.0,,,0.0,6,0.0,0.0,0.7073055555555555,0.0,-0.0,77.425,1.9541666666666693,12,1,2017,286
2018-01-13,0.07,19.7,1,0.07,4.9,14.5,10.6,26.6,20.945833333333333,-18.023575354606674,8.418526345845597,89.58333333333333,215.41666666666666,600.0,89.16666666666667,,,,,,,,293.4059088241411,0.907096688530587,4.9,10.3,10.3,100.0,4.993539088537273,-9.008582983535776,151.0,0.0,0,1,0.07,0.07,0.07,0.07,0.07,0.0,339.99,0.0,0.0,0.0,0.0,,,,,-0.9177136635627814,0.39724253512203117,0.48480962024633717,-0.8746197071393957,-16.14611958850181,7.541596518153348,0.0,119.0,1.0,1.0,1.8620000000000003,0,0.007775906250000003,0.07,0.7644444444444444,0.7210000000000001,0.0,0.0,-8.195833333333335,13,1,2017,287
2018-01-14,0.21,2.6,1,0.21,2.0,10.5,5.770833333333333,25.0,15.045833333333334,1.2581404954010995,-14.140846738336862,81.16666666666667,300.1666666666667,600.0,67.29166666666667,,,,,,,,174.78713803003754,0.8166350474328026,3.9,11.8,11.8,100.0,-2.4533579516495623,-11.542141688658907,192.0,0.125,0,1,0.28,0.28,0.28,0.28,0.28,0.0,340.2,0.0,0.0,0.0,0.0,,,,,0.09085613775089324,-0.9958640279842378,-0.2079116908177595,-0.9781476007338056,1.021190702100559,-11.477653935950086,0.0,120.0,0.7499999999999999,1.0,5.25,0,0.02730131250000002,0.28,0.7040000000000001,2.478,0.0,0.0,-4.829166666666667,14,1,2017,288
2018-01-15,0.0,1.9000000000000001,0,0.0,3.6,13.6,8.591666666666667,16.7,11.070833333333333,2.6214194174210017,-10.313800530576303,89.83333333333333,172.91666666666666,600.0,81.45833333333333,,,,,,,,167.12671931901843,0.9634985087954979,0.0,0.0,0.0,0.0,0.0,0.0,,0.0,0,0,0.21,0.28,0.28,0.28,0.28,0.0,340.2,0.0,0.0,0.0,0.0,,,,,0.22279552152821214,-0.9748651986746537,0.22279552152821214,-0.9748651986746537,2.3549084433165333,-9.265230809967711,1.0,121.0,0.0,1.0,0.0,1,0.0,0.14,0.7169444444444445,0.0,-0.0,11.070833333333333,2.8208333333333337,15,1,2017,289
2018-01-16,0.0,0.6000000000000001,0,0.0,4.7,14.7,8.920833333333333,20.2,11.195833333333333,8.498705521033601,-6.839542032878604,77.75,343.2916666666667,600.0,40.333333333333336,,,,,,,,125.25736499316365,0.963693519550142,0.0,0.0,0.0,0.0,0.0,0.0,,0.5416666666666666,0,0,0.0,0.21,0.28,0.28,0.28,0.0,340.2,0.0,0.0,0.0,0.0,,,,,0.816567360221504,-0.5772501591345685,0.816567360221504,-0.5772501591345685,6.607743542603625,-5.317743930563114,2.0,122.0,0.0,0.7499999999999999,0.0,2,0.0,0.06999999999999999,0.8146944444444445,0.0,-0.0,22.391666666666666,0.3291666666666657,16,1,2017,290
2018-01-17,0.0,0.0,0,0.0,5.4,21.0,13.491666666666667,7.6,5.2749999999999995,1.5381999785288816,-1.471699018635322,46.833333333333336,372.5416666666667,600.0,19.833333333333332,,,,,,,,124.89779998849124,0.3188990037050445,0.0,0.0,0.0,0.0,0.0,0.0,,0.5416666666666666,0,0,0.0,0.0,0.28,0.28,0.28,0.0,340.2,0.0,0.0,0.0,0.0,,,,,0.8201738442085355,-0.5721143812876871,0.8201738442085355,-0.5721143812876871,0.7203903232776929,-0.6892457070608757,3.0,123.0,,0.0,0.0,3,0.0,0.0,0.7378055555555556,0.0,-0.0,15.825,4.570833333333335,17,1,2017,291
2018-01-18,0.0,0.0,0,0.0,11.4,23.8,17.508333333333333,13.3,7.433333333333334,-5.83674203587552,2.541755639777331,47.541666666666664,373.4166666666667,600.0,18.291666666666668,,,,,,,,300.5321120788876,0.858920414413836,0.0,0.0,0.0,0.0,0.0,0.0,,0.75,0,0,0.0,0.0,0.28,0.28,0.28,0.0,340.2,0.0,0.0,0.0,0.0,,,,,-0.8613445694148107,0.5080211931992742,-0.8613445694148107,0.5080211931992742,-2.7748844428891535,1.2083929937441393,4.0,124.0,,0.0,0.0,4,0.0,0.0,0.7407500000000001,0.0,-0.0,29.733333333333334,4.016666666666666,18,1,2017,292
2018-01-19,0.0,0.0,0,0.0,15.5,27.8,21.52916666666667,13.2,6.120833333333334,-2.0368776414597614,2.8560802710446542,43.5,357.625,600.0,13.0,,,,,,,,317.36282323913963,0.506611637169423,0.0,0.0,0.0,0.0,0.0,0.0,,0.75,0,0,0.0,0.0,0.28,0.28,0.28,0.0,340.2,0.0,0.0,0.0,0.0,,,,,-0.6773534488225719,0.7356577365651554,-0.6773534488225719,0.7356577365651554,-0.8860417740349962,1.2423949179044245,5.0,125.0,,0.0,0.0,5,0.0,0.0,0.7167500000000001,0.0,-0.0,30.604166666666668,4.020833333333336,19,1,2017,293
2018-01-20,0.0,0.5,0,0.0,17.7,28.3,21.825,11.4,6.8875,0.28224240028544434,4.841693103014514,41.625,274.875,600.0,41.833333333333336,,,,,,,,5.565984160662721,0.4341780521096975,0.0,0.0,0.0,0.0,0.0,0.0,,0.20833333333333334,0,0,0.0,0.0,0.21,0.28,0.28,0.0,340.2,0.0,0.0,0.0,0.0,,,,,0.09699202763951292,0.9952851584216335,0.09699202763951292,0.9952851584216335,0.11748339911881621,2.0153547541297914,6.0,126.0,,0.0,0.0,6,0.0,0.0,0.6553333333333333,0.0,-0.0,41.325,0.29583333333333073,20,1,2017,294
2018-01-21,0.0,0.2,0,0.0,18.4,27.0,22.1875,20.6,13.137500000000001,-6.931117876139122,9.793226472770767,31.916666666666668,315.5833333333333,600.0,67.04166666666667,,,,,,,,329.5486236706247,0.907667931333112,0.0,0.0,0.0,0.0,0.0,0.0,,0.08333333333333333,0,0,0.0,0.0,0.0,0.28,0.28,0.0,340.2,0.0,0.0,0.0,0.0,,,,,-0.5068069646030434,0.8620595690727233,-0.5068069646030434,0.8620595690727233,-2.2121817888010695,3.125671449226003,7.0,127.0,,,0.0,6,0.0,0.0,0.6501111111111111,0.0,-0.0,78.825,0.3625000000000007,21,1,2017,295
2018-01-22,0.0,1.0,0,0.0,17.7,24.7,20.266666666666666,23.4,14.591666666666667,-11.062826875243744,8.420899684725233,44.958333333333336,240.04166666666666,600.0,72.75,,,,,,,,311.78702658247283,0.9460710180515737,0.0,0.0,0.0,0.0,0.0,0.0,,0.041666666666666664,0,0,0.0,0.0,0.0,0.28,0.28,0.0,340.2,0.0,0.0,0.0,0.0,,,,,-0.7456269027527358,0.6663636558902071,-0.7456269027527358,0.6663636558902071,-4.9736625826616665,3.785896149924386,8.0,128.0,,,0.0,6,0.0,0.0,0.6432222222222223,0.0,-0.0,87.55,-1.9208333333333343,22,1,2017,296
2018-01-23,0.0,0.2,0,0.0,17.0,24.7,20.391666666666666,23.0,13.208333333333334,-8.183158323420242,9.567023129511057,49.708333333333336,293.9166666666667,600.0,46.125,,,,,,,,323.089014321027,0.9521304215871712,0.0,0.0,0.0,0.0,0.0,0.0,,0.3333333333333333,0,0,0.0,0.0,0.0,0.28,0.28,0.0,340.2,0.0,0.0,0.0,0.0,,,,,-0.6005735428408933,0.7995695214548499,-0.6005735428408933,0.7995695214548499,-4.067711616600146,4.755607747294455,9.0,129.0,,,0.0,6,0.0,0.0,0.6949722222222222,0.0,-0.0,79.25,0.125,23,1,2017,297
2018-01-24,0.0,1.6,0,0.0,15.1,22.6,19.162499999999998,23.2,13.416666666666666,-8.950246598327281,9.487828338823833,59.291666666666664,229.375,600.0,42.75,,,,,,,,319.94968064963075,0.9631127357625328,0.0,0.0,0.0,0.0,0.0,0.0,,0.5833333333333334,0,0,0.0,0.0,0.0,0.28,0.28,0.0,340.2,0.0,0.0,0.0,0.0,,,,,-0.6434601313093682,0.7654796270413281,-0.6434601313093682,0.7654796270413281,-5.3067503789248835,5.625491552560964,10.0,130.0,,,0.0,6,0.0,0.0,0.6838888888888889,0.0,-0.0,80.5,-1.2291666666666679,24,1,2017,298
2018-01-25,0.0,19.1,0,0.0,13.6,20.3,16.741666666666667,12.9,5.629166666666666,-2.8049753315527073,4.221474698370499,80.79166666666667,187.33333333333334,600.0,59.708333333333336,,,,,,,,331.419034486308,0.8259976826342396,0.0,0.0,0.0,0.0,0.0,0.0,,0.125,0,0,0.0,0.0,0.0,0.28,0.28,0.0,340.2,0.0,0.0,0.0,0.0,,,,,-0.47840015289233623,0.8781419553310212,-0.47840015289233623,0.8781419553310212,-2.2661863199502914,3.410599766725166,11.0,131.0,,,0.0,6,0.0,0.0,0.7275277777777779,0.0,-0.0,33.775,-2.4208333333333307,25,1,2017,299
2018-01-26,0.0,3.5,0,0.0,14.9,22.9,17.8,10.4,7.391666666666667,-2.579420652461655,3.162961883759305,77.375,234.875,600.0,46.041666666666664,,,,,,,,320.90944134344267,0.44178079768500966,0.0,0.0,0.0,0.0,0.0,0.0,,0.375,0,0,0.0,0.0,0.0,0.28,0.28,0.0,340.2,0.0,0.0,0.0,0.0,,,,,-0.630547919979917,0.7761503208844278,-0.630547919979917,0.7761503208844278,-1.9958267298422059,2.447341757558762,12.0,132.0,,,0.0,6,0.0,0.0,0.7478333333333333,0.0,-0.0,44.35,1.0583333333333336,26,1,2017,300
2018-01-27,0.0,2.6999999999999997,0,0.0,15.5,21.3,17.9375,10.0,6.520833333333333,-0.034777289979274935,4.916901172939703,77.45833333333333,143.375,565.0,87.45833333333333,,,,,,,,354.1559953341563,0.7692422518476012,0.0,0.0,0.0,0.0,0.0,0.0,,0.041666666666666664,0,0,0.0,0.0,0.0,0.21,0.28,0.0,340.2,0.0,0.0,0.0,0.0,,,,,-0.10182036185800242,0.99480280151953,-0.10182036185800242,0.99480280151953,-0.02693790919644671,3.8085497002062114,13.0,133.0,,,0.0,6,0.0,0.0,0.6871111111111111,0.0,-0.0,39.125,0.1374999999999993,27,1,2017,301
2018-01-28,0.0,1.5,0,0.0,14.1,22.2,18.333333333333332,10.0,5.683333333333334,-2.24713063337236,4.025010184828934,76.66666666666667,249.875,600.0,28.166666666666668,,,,,,,,326.6912534472089,0.6819680486687653,0.0,0.0,0.0,0.0,0.0,0.0,,0.4583333333333333,0,0,0.0,0.0,0.0,0.0,0.28,0.0,340.2,0.0,0.0,0.0,0.0,,,,,-0.5491504027297013,0.8357235399232253,-0.5491504027297013,0.8357235399232253,-1.722800152252143,3.085841141702183,14.0,134.0,,,0.0,6,0.0,0.0,0.7554722222222222,0.0,-0.0,34.1,0.39583333333333215,28,1,2017,302
2018-01-29,0.0,0.0,0,0.0,15.7,23.6,19.266666666666666,14.7,9.741666666666667,-7.41959313271786,6.098108901880444,65.29166666666667,345.1666666666667,600.0,6.583333333333333,,,,,,,,310.5905660198281,0.9844410854884437,0.0,0.0,0.0,0.0,0.0,0.0,,0.9166666666666666,0,0,0.0,0.0,0.0,0.0,0.28,0.0,340.2,0.0,0.0,0.0,0.0,,,,,-0.7593784496302162,0.6506491913752059,-0.7593784496302162,0.6506491913752059,-4.844376016237036,3.981556937186107,15.0,135.0,,,0.0,6,0.0,0.0,0.7810833333333332,0.0,-0.0,58.45,0.9333333333333336,29,1,2017,303
2018-01-30,0.0,19.4,0,0.0,5.7,19.9,13.745833333333332,14.5,8.441666666666666,-1.2363686768012274,1.3053902499577903,82.5,80.04166666666667,445.0,79.75,,,,,,,,328.5438761268021,0.24876040339089528,0.0,0.0,0.0,0.0,0.0,0.0,,0.08333333333333333,0,0,0.0,0.0,0.0,0.0,0.28,0.0,340.2,0.0,0.0,0.0,0.0,,,,,-0.5218454743400639,0.8530400347643677,-0.5218454743400639,0.8530400347643677,-1.0200041583610127,1.076946956215177,16.0,136.0,,,0.0,6,0.0,0.0,0.6616944444444445,0.0,-0.0,50.65,-5.520833333333334,30,1,2017,304
2018-01-31,0.0,0.1,0,0.0,2.0,14.4,6.945833333333333,14.8,8.945833333333333,3.998968589435185,-7.232097467757208,81.79166666666667,344.0,600.0,59.333333333333336,,,,,,,,148.8924341201802,0.9231145296876656,0.0,0.0,0.0,0.0,0.0,0.0,,0.3333333333333333,0,0,0.0,0.0,0.0,0.0,0.28,0.0,340.2,0.0,0.0,0.0,0.0,,,,,0.5166463940149876,-0.8561988691602613,0.5166463940149876,-0.8561988691602613,3.2708230587755285,-5.915253053836417,17.0,137.0,,,0.0,6,0.0,0.0,0.8219722222222222,0.0,-0.0,53.675,-6.799999999999999,31,1,2017,305
2018-02-01,0.0,0.0,0,0.0,1.5,14.5,7.829166666666667,13.7,10.429166666666667,10.00797614592986,-1.3772341692942272,72.75,339.5416666666667,600.0,36.166666666666664,,,,,,,,95.76829371677995,0.9645335153854585,0.0,0.0,0.0,0.0,0.0,0.0,,0.375,0,0,0.0,0.0,0.0,0.0,0.28,0.0,340.2,0.0,0.0,0.0,0.0,,,,,0.9949364789318879,-0.1005057356105461,0.9949364789318879,-0.1005057356105461,7.2808026461639725,-1.0019378581615503,18.0,138.0,,,0.0,6,0.0,0.0,0.7910833333333334,0.0,-0.0,62.575,0.8833333333333337,32,2,2017,306
2018-02-02,0.0,0.6000000000000001,0,0.0,5.8,15.5,10.704166666666666,12.2,6.820833333333333,4.625895772510259,-2.9111544069271957,73.95833333333333,233.875,600.0,57.875,,,,,,,,108.91530710245664,0.5491522850685493,0.0,0.0,0.0,0.0,0.0,0.0,,0.3333333333333333,0,0,0.0,0.0,0.0,0.0,0.28,0.0,340.2,0.0,0.0,0.0,0.0,,,,,0.9459987875029476,-0.32417016217251243,0.9459987875029476,-0.32417016217251243,3.4212354150857123,-2.1530412801232384,19.0,139.0,,,0.0,6,0.0,0.0,0.7357777777777779,0.0,-0.0,40.925,2.874999999999999,33,2,2017,307
2018-02-03,0.0,2.3000000000000003,0,0.0,6.9,14.9,10.704166666666666,14.3,9.908333333333333,8.829241417621143,-3.136041785120678,82.375,260.2083333333333,600.0,69.79166666666667,,,,,,,,105.20232820246648,0.9372011874694293,0.0,0.0,0.0,0.0,0.0,0.0,,0.125,0,0,0.0,0.0,0.0,0.0,0.28,0.0,340.2,0.0,0.0,0.0,0.0,,,,,0.9650058396711095,-0.26222839167538065,0.9650058396711095,-0.26222839167538065,7.273087617765416,-2.5833144204931586,20.0,140.0,,,0.0,6,0.0,0.0,0.7791666666666667,0.0,-0.0,59.45,0.0,34,2,2017,308
2018-02-04,0.0,0.0,0,0.0,5.5,19.1,12.6,10.5,6.4125000000000005,2.7111994642733173,-2.572174936848785,64.58333333333333,358.0,600.0,10.291666666666666,,,,,,,,118.38821404400312,0.4816278372992494,0.0,0.0,0.0,0.0,0.0,0.0,,0.9166666666666666,0,0,0.0,0.0,0.0,0.0,0.28,0.0,340.2,0.0,0.0,0.0,0.0,,,,,0.8797463919327076,-0.4754432520095144,0.8797463919327076,-0.4754432520095144,1.7509829873431841,-1.6611963133815069,21.0,141.0,,,0.0,6,0.0,0.0,0.7872777777777777,0.0,-0.0,38.475,1.895833333333334,35,2,2017,309
2018-02-05,0.0,0.5,0,0.0,8.0,19.2,14.216666666666667,13.4,8.320833333333333,-5.3056799950838425,0.6857055472984026,65.58333333333333,296.4166666666667,600.0,34.0,,,,,,,,285.7524136022556,0.490453113309874,0.0,0.0,0.0,0.0,0.0,0.0,,0.4583333333333333,0,0,0.0,0.0,0.0,0.0,0.28,0.0,340.2,0.0,0.0,0.0,0.0,,,,,-0.9624438010876283,0.2714809933457547,-0.9624438010876283,0.2714809933457547,-3.4796417967758195,0.449708554769869,22.0,142.0,,,0.0,6,0.0,0.0,0.7495555555555556,0.0,-0.0,49.925,1.6166666666666671,36,2,2017,310
2018-02-06,0.0,1.5,0,0.0,9.8,19.2,14.458333333333334,12.2,8.345833333333333,-2.554876215185624,3.0630852628149356,72.16666666666667,251.5,600.0,40.375,,,,,,,,324.2154187760589,0.4587932251187338,0.0,0.0,0.0,0.0,0.0,0.0,,0.25,0,0,0.0,0.0,0.0,0.0,0.28,0.0,340.2,0.0,0.0,0.0,0.0,,,,,-0.584739389714918,0.8112212066482393,-0.584739389714918,0.8112212066482393,-1.843769001958959,2.2105265313314453,23.0,143.0,,,0.0,6,0.0,0.0,0.7415555555555556,0.0,-0.0,50.075,0.24166666666666714,37,2,2017,311
2018-02-07,0.0,0.0,0,0.0,10.7,21.8,17.554166666666667,18.1,11.283333333333333,-7.601841164305317,7.2031183714376725,56.75,314.3333333333333,600.0,29.208333333333332,,,,,,,,318.0532524166485,0.9140907111112238,0.0,0.0,0.0,0.0,0.0,0.0,,0.4583333333333333,0,0,0.0,0.0,0.0,0.0,0.28,0.0,340.2,0.0,0.0,0.0,0.0,,,,,-0.6684396163484072,0.7437664144716365,-0.6684396163484072,0.7437664144716365,-4.314044860743268,4.087769675790879,24.0,144.0,,,0.0,6,0.0,0.0,0.7320555555555556,0.0,-0.0,67.7,3.095833333333333,38,2,2017,312
2018-02-08,0.0,0.4,0,0.0,17.1,24.5,19.629166666666666,21.8,13.054166666666667,-8.004279894537673,6.328991818768441,54.0,287.4166666666667,600.0,55.791666666666664,,,,,,,,316.7664937131419,0.5976226273837765,0.0,0.0,0.0,0.0,0.0,0.0,,0.20833333333333334,0,0,0.0,0.0,0.0,0.0,0.28,0.0,340.2,0.0,0.0,0.0,0.0,,,,,-0.6849732860791711,0.7285681830535163,-0.6849732860791711,0.7285681830535163,-4.322311143050343,3.417655582134958,25.0,145.0,,,0.0,6,0.0,0.0,0.7049444444444445,0.0,-0.0,78.325,2.0749999999999993,39,2,2017,313
2018-02-09,0.0,4.699999999999999,0,0.0,14.1,22.6,17.754166666666666,11.5,6.308333333333334,-3.0163594698521248,1.0276258027921112,70.54166666666667,215.70833333333334,600.0,69.875,,,,,,,,309.679533000465,0.4565845580469084,0.0,0.0,0.0,0.0,0.0,0.0,,0.16666666666666666,0,0,0.0,0.0,0.0,0.0,0.28,0.0,340.2,0.0,0.0,0.0,0.0,,,,,-0.7696276843761252,0.638492934527739,-0.7696276843761252,0.638492934527739,-2.12779024269152,0.7249043683862685,26.0,146.0,,,0.0,6,0.0,0.0,0.7122777777777779,0.0,-0.0,37.85,-1.875,40,2,2017,314
2018-02-10,0.0,4.7,0,0.0,13.6,22.8,17.166666666666668,30.0,15.241666666666667,-13.539193782626493,6.136257167275027,65.25,279.4166666666667,600.0,33.833333333333336,,,,,,,,298.97745759822925,0.9589818568264096,0.0,0.0,0.0,0.0,0.0,0.0,,0.5833333333333334,0,0,0.0,0.0,0.0,0.0,0.28,0.0,340.2,0.0,0.0,0.0,0.0,,,,,-0.8748103825176564,0.4844654731137315,-0.8748103825176564,0.4844654731137315,-8.834323943163787,4.003907801646955,27.0,147.0,,,0.0,6,0.0,0.0,0.737111111111111,0.0,-0.0,91.45,-0.5874999999999986,41,2,2017,315
2018-02-11,0.0,0.0,0,0.0,10.2,20.8,15.595833333333333,23.1,11.0,-8.967090912285666,4.350102934952761,70.375,297.25,600.0,14.625,,,,,,,,299.25354616476085,0.7605150865783881,0.0,0.0,0.0,0.0,0.0,0.0,,0.7083333333333334,0,0,0.0,0.0,0.0,0.0,0.28,0.0,340.2,0.0,0.0,0.0,0.0,,,,,-0.8724657635332314,0.4886752413028265,-0.8724657635332314,0.4886752413028265,-6.310590229521037,3.061384940473006,28.0,148.0,,,0.0,6,0.0,0.0,0.7660833333333333,0.0,-0.0,66.0,-1.5708333333333346,42,2,2017,316
2018-02-12,0.0,0.0,0,0.0,7.6,18.4,12.766666666666666,13.2,8.258333333333333,-4.10198974812798,3.5946495884929917,63.041666666666664,347.75,600.0,18.666666666666668,,,,,,,,319.1324102742127,0.5139179893403291,0.0,0.0,0.0,0.0,0.0,0.0,,0.7083333333333334,0,0,0.0,0.0,0.0,0.0,0.21,0.0,340.2,0.0,0.0,0.0,0.0,,,,,-0.6543131483829756,0.7562237128344749,-0.6543131483829756,0.7562237128344749,-2.5859627037156803,2.2661270114124568,29.0,149.0,,,0.0,6,0.0,0.0,0.7753055555555556,0.0,-0.0,49.55,-2.8291666666666675,43,2,2017,317
2018-02-13,0.0,0.0,0,0.0,8.8,19.0,13.616666666666667,12.2,9.083333333333334,-4.933807111579154,5.965399707657312,65.5,338.2083333333333,600.0,16.0,,,,,,,,327.907470860303,0.8110493161026436,0.0,0.0,0.0,0.0,0.0,0.0,,0.8333333333333334,0,0,0.0,0.0,0.0,0.0,0.0,0.0,340.2,0.0,0.0,0.0,0.0,,,,,-0.5312881178331774,0.8471912038313899,-0.5312881178331774,0.8471912038313899,-3.2316436580843457,3.9073368085155393,30.0,150.0,,,0.0,6,0.0,0.0,0.7771388888888889,0.0,-0.0,54.5,0.8500000000000014,44,2,2017,318
2018-02-14,0.0,0.0,0,0.0,9.7,18.5,14.0375,43.0,24.454166666666666,-20.972692211937737,12.077744454257312,47.041666666666664,328.9166666666667,600.0,12.708333333333334,,,,,,,,301.73788821651385,0.9868665515443933,0.0,0.0,0.0,0.0,0.0,0.0,,0.7083333333333334,0,0,0.0,0.0,0.0,0.0,0.0,0.0,340.2,0.0,0.0,0.0,0.0,,,,,-0.8504634426198308,0.5260341555139036,-0.8504634426198308,0.5260341555139036,-9.86590396136571,5.681572287023544,31.0,151.0,,,0.0,6,0.0,0.0,0.7094166666666667,0.0,-0.0,146.725,0.4208333333333325,45,2,2017,319
2018-02-15,0.0,0.0,0,0.0,7.8,17.6,12.004166666666668,25.3,17.870833333333334,-15.420208593895657,8.892348981033814,45.083333333333336,330.375,600.0,29.041666666666668,,,,,,,,300.2944665491283,0.9959510358276817,0.0,0.0,0.0,0.0,0.0,0.0,,0.625,0,0,0.0,0.0,0.0,0.0,0.0,0.0,340.2,0.0,0.0,0.0,0.0,,,,,-0.8634442723125985,0.5044442373648126,-0.8634442723125985,0.5044442373648126,-6.951944041081292,4.008967332282745,32.0,152.0,,,0.0,6,0.0,0.0,0.7038611111111112,0.0,-0.0,107.225,-2.0333333333333314,46,2,2017,320
2018-02-16,0.0,0.0,0,0.0,8.2,18.7,12.362499999999999,18.0,12.279166666666667,-10.243761458257323,4.066977170853328,61.583333333333336,325.625,600.0,21.75,,,,,,,,296.3573974417918,0.7246326739124818,0.0,0.0,0.0,0.0,0.0,0.0,,0.4166666666666667,0,0,0.0,0.0,0.0,0.0,0.0,0.0,340.2,0.0,0.0,0.0,0.0,,,,,-0.8960421232719971,0.4439690454549857,-0.8960421232719971,0.4439690454549857,-6.308449764710136,2.504580107717175,33.0,153.0,,,0.0,6,0.0,0.0,0.7556944444444444,0.0,-0.0,73.675,0.35833333333333073,47,2,2017,321
2018-02-17,0.0,0.0,0,0.0,9.0,19.5,13.85,16.4,11.295833333333334,-8.670505623377222,6.573259780572624,47.25,337.5416666666667,600.0,15.791666666666666,,,,,,,,311.68123969360545,0.944517599495878,0.0,0.0,0.0,0.0,0.0,0.0,,0.7916666666666666,0,0,0.0,0.0,0.0,0.0,0.0,0.0,340.2,0.0,0.0,0.0,0.0,,,,,-0.7468559580444992,0.6649858479196631,-0.7468559580444992,0.6649858479196631,-4.096813907045737,3.1058652463205645,34.0,154.0,,,0.0,6,0.0,0.0,0.7158611111111112,0.0,-0.0,67.775,1.4875000000000007,48,2,2017,322
2018-02-18,0.0,0.2,0,0.0,11.5,23.2,16.879166666666666,11.7,8.170833333333333,-2.9212233371703653,1.7384940977658265,49.791666666666664,332.2916666666667,600.0,49.25,,,,,,,,303.43638010098954,0.4740493076199464,0.0,0.0,0.0,0.0,0.0,0.0,,0.4166666666666667,0,0,0.0,0.0,0.0,0.0,0.0,0.0,340.2,0.0,0.0,0.0,0.0,,,,,-0.8344981658496888,0.5510107178571986,-0.8344981658496888,0.5510107178571986,-1.4545257866327443,0.8656251861792345,35.0,155.0,,,0.0,6,0.0,0.0,0.7208333333333333,0.0,-0.0,49.02499999999999,3.029166666666667,49,2,2017,323
2018-02-19,0.0,5.8,0,0.0,9.1,13.1,11.733333333333334,21.1,14.575000000000001,13.690101203243747,-4.070431507026055,97.91666666666667,84.41666666666667,299.0,99.58333333333333,,,,,,,,105.27184932926086,0.9742493329197762,0.0,0.0,0.0,0.0,0.0,0.0,,0.0,0,0,0.0,0.0,0.0,0.0,0.0,0.0,340.2,0.0,0.0,0.0,0.0,,,,,0.9646869486377583,-0.26339910996047644,0.9646869486377583,-0.26339910996047644,13.404890761509503,-3.985630850629679,36.0,156.0,,,0.0,6,0.0,0.0,0.6737777777777779,0.0,-0.0,87.45,-5.145833333333332,50,2,2017,324
2018-02-20,0.0,0.30000000000000004,0,0.0,6.7,16.8,10.9,17.9,10.854166666666666,10.052244281368779,-0.504492548618673,75.375,325.2083333333333,600.0,35.333333333333336,,,,,,,,86.93754013381071,0.8241170753671664,0.0,0.0,0.0,0.0,0.0,0.0,,0.625,0,0,0.0,0.0,0.0,0.0,0.0,0.0,340.2,0.0,0.0,0.0,0.0,,,,,0.9985718883757164,0.05342456125936604,0.9985718883757164,0.05342456125936604,7.576879127081717,-0.38026125852132475,37.0,157.0,,,0.0,6,0.0,0.0,0.8013888888888889,0.0,-0.0,65.125,-0.8333333333333339,51,2,2017,325
2018-02-21,0.0,0.0,0,0.0,8.9,20.4,15.112499999999999,8.1,4.679166666666666,-1.6518760729476956,-2.4149552151568354,56.791666666666664,270.875,600.0,63.833333333333336,,,,,,,,219.8461778625905,0.4404463554150658,0.0,0.0,0.0,0.0,0.0,0.0,,0.2916666666666667,0,0,0.0,0.0,0.0,0.0,0.0,0.0,340.2,0.0,0.0,0.0,0.0,,,,,-0.6407286940402708,-0.7677673740355532,-0.6407286940402708,-0.7677673740355532,-0.9381279530948787,-1.3714933159411526,38.0,158.0,,,0.0,6,0.0,0.0,0.7032222222222222,0.0,-0.0,28.074999999999996,4.212499999999999,52,2,2017,326
2018-02-22,0.0,0.30000000000000004,0,0.0,11.0,20.8,15.6,11.2,5.445833333333333,-3.1904520735180504,1.3274916395540863,63.958333333333336,234.0,600.0,77.33333333333333,,,,,,,,310.92605494720374,0.581070634964173,0.0,0.0,0.0,0.0,0.0,0.0,,0.041666666666666664,0,0,0.0,0.0,0.0,0.0,0.0,0.0,340.2,0.0,0.0,0.0,0.0,,,,,-0.7555556511660766,0.6550844663026334,-0.7555556511660766,0.6550844663026334,-2.0405599720209198,0.8490415277981345,39.0,159.0,,,0.0,6,0.0,0.0,0.7025277777777778,0.0,-0.0,32.675,0.4875000000000007,53,2,2017,327
2018-02-23,0.0,0.0,0,0.0,12.8,20.8,16.7375,14.5,9.416666666666666,-6.880180812228049,6.07276872123677,53.916666666666664,223.58333333333334,600.0,80.58333333333333,,,,,,,,314.6473837452611,0.9692039107566179,0.0,0.0,0.0,0.0,0.0,0.0,,0.08333333333333333,0,0,0.0,0.0,0.0,0.0,0.0,0.0,340.2,0.0,0.0,0.0,0.0,,,,,-0.7114451203315421,0.7027416600404716,-0.7114451203315421,0.7027416600404716,-3.709564154592956,3.274234468866825,40.0,160.0,,,0.0,6,0.0,0.0,0.6621111111111112,0.0,-0.0,56.5,1.137500000000001,54,2,2017,328
2018-02-24,0.0,2.0,0,0.0,14.7,21.3,17.75,33.5,21.5,-16.854287299243037,13.016465165952624,74.70833333333333,264.4166666666667,600.0,49.458333333333336,,,,,,,,311.17359992652877,0.9491788054951474,0.0,0.0,0.0,0.0,0.0,0.0,,0.2916666666666667,0,0,0.0,0.0,0.0,0.0,0.0,0.0,340.2,0.0,0.0,0.0,0.0,,,,,-0.7527183321734703,0.6583427013417779,-0.7527183321734703,0.6583427013417779,-12.591557136476151,9.724384184397106,41.0,161.0,,,0.0,6,0.0,0.0,0.758638888888889,0.0,-0.0,129.0,1.0124999999999993,55,2,2017,329
2018-02-25,0.0,47.6,0,0.0,7.3,14.9,9.433333333333334,23.5,13.104166666666666,11.972609640385466,-3.9547773736358423,99.83333333333333,66.66666666666667,313.0,100.0,,,,,,,,110.75319476754707,0.8913297188236926,0.0,0.0,0.0,0.0,0.0,0.0,,0.0,0,0,0.0,0.0,0.0,0.0,0.0,0.0,340.2,0.0,0.0,0.0,0.0,,,,,0.9351154532430264,-0.35434317984983066,0.9351154532430264,-0.35434317984983066,11.952655290984824,-3.9481860780131153,42.0,162.0,,,0.0,6,0.0,0.0,0.7083333333333334,0.0,-0.0,78.625,-8.316666666666666,56,2,2017,330
2018-02-26,0.0,2.1,0,0.0,6.5,13.6,9.012500000000001,20.2,13.2125,12.483142556752043,-0.5749877939475366,86.95833333333333,190.04166666666666,600.0,66.04166666666667,,,,,,,,88.19220882994135,0.9114643329574236,0.0,0.0,0.0,0.0,0.0,0.0,,0.3333333333333333,0,0,0.0,0.0,0.0,0.0,0.0,0.0,340.2,0.0,0.0,0.0,0.0,,,,,0.9995022798404755,0.03154667325871142,0.9995022798404755,0.03154667325871142,10.85513271497563,-0.4999998024868787,43.0,163.0,,,0.0,6,0.0,0.0,0.7187777777777778,0.0,-0.0,79.275,-0.4208333333333325,57,2,2017,331
2018-02-27,0.0,0.0,0,0.0,5.5,22.0,14.666666666666666,7.9,3.8249999999999997,-0.29916137933529036,0.5527822477552714,56.25,319.0416666666667,600.0,6.833333333333333,,,,,,,,333.4716218211738,0.14146140329354523,0.0,0.0,0.0,0.0,0.0,0.0,,0.875,0,0,0.0,0.0,0.0,0.0,0.0,0.0,340.2,0.0,0.0,0.0,0.0,,,,,-0.4466410127793355,0.894713253340672,-0.4466410127793355,0.894713253340672,-0.16827827587610084,0.31094001436234014,44.0,164.0,,,0.0,6,0.0,0.0,0.7335277777777778,0.0,-0.0,22.95,5.654166666666665,58,2,2017,332
2018-02-28,0.0,0.0,0,0.0,11.5,20.2,15.545833333333334,31.4,22.670833333333334,-18.968605346324047,11.625618120332,55.708333333333336,284.2083333333333,600.0,20.708333333333332,,,,,,,,303.81101992047115,0.9699067689590859,0.0,0.0,0.0,0.0,0.0,0.0,,0.75,0,0,0.0,0.0,0.0,0.0,0.0,0.0,340.2,0.0,0.0,0.0,0.0,,,,,-0.8308774594021681,0.5564554316900848,-0.8308774594021681,0.5564554316900848,-10.567093895014688,6.476438094534951,45.0,165.0,,,0.0,6,0.0,0.0,0.7085,0.0,-0.0,136.025,0.8791666666666682,59,2,2017,333
2018-03-01,0.0,0.0,0,0.0,7.2,19.6,11.695833333333333,11.5,7.8625,-0.3028067915417346,-4.20770082479444,76.58333333333333,298.3333333333333,600.0,32.458333333333336,,,,,,,,177.34147917069265,0.5379151883800446,0.0,0.0,0.0,0.0,0.0,0.0,,0.625,0,0,0.0,0.0,0.0,0.0,0.0,0.0,340.2,0.0,0.0,0.0,0.0,,,,,0.04638329400187286,-0.9989237158249552,0.04638329400187286,-0.9989237158249552,-0.2318995345223784,-3.2223975483217417,46.0,166.0,,,0.0,6,0.0,0.0,0.7875,0.0,-0.0,47.175,-3.8500000000000014,60,3,2017,334
2018-03-02,0.0,0.0,0,0.0,7.1,17.4,12.254166666666668,12.2,6.079166666666667,-2.5476198552359874,1.74188414782422,78.83333333333333,215.79166666666666,600.0,73.375,,,,,,,,338.89007061038745,0.4650182397490771,0.0,0.0,0.0,0.0,0.0,0.0,,0.08333333333333333,0,0,0.0,0.0,0.0,0.0,0.0,0.0,340.2,0.0,0.0,0.0,0.0,,,,,-0.3601584840660714,0.9328911331743,-0.3601584840660714,0.9328911331743,-2.00837365254437,1.3731853365347602,47.0,167.0,,,0.0,6,0.0,0.0,0.7399722222222221,0.0,-0.0,36.475,0.5583333333333353,61,3,2017,335
2018-03-03,0.0,0.0,0,0.0,10.6,19.9,15.4,17.2,12.762500000000001,-10.985695809886957,6.155035844340582,60.666666666666664,299.1666666666667,600.0,14.791666666666666,,,,,,,,301.0706200620813,0.9854450393845262,0.0,0.0,0.0,0.0,0.0,0.0,,0.8333333333333334,0,0,0.0,0.0,0.0,0.0,0.0,0.0,340.2,0.0,0.0,0.0,0.0,,,,,-0.8565318382456933,0.5160941872095184,-0.8565318382456933,0.5160941872095184,-6.664655457998087,3.734055078899953,48.0,168.0,,,0.0,6,0.0,0.0,0.735,0.0,-0.0,76.575,3.145833333333332,62,3,2017,336
2018-03-04,0.0,0.5,0,0.0,9.6,20.6,14.266666666666666,12.4,6.2124999999999995,-0.7036967540802016,0.9525482977770837,67.45833333333333,284.25,600.0,36.541666666666664,,,,,,,,12.548844392815736,0.26108742634466714,0.0,0.0,0.0,0.0,0.0,0.0,,0.5416666666666666,0,0,0.0,0.0,0.0,0.0,0.0,0.0,340.2,0.0,0.0,0.0,0.0,,,,,0.21727182311779475,0.9761111385897969,0.21727182311779475,0.9761111385897969,-0.47470210202326935,0.6425732058754576,49.0,169.0,,,0.0,6,0.0,0.0,0.7476944444444444,0.0,-0.0,37.275,-1.1333333333333346,63,3,2017,337
2018-03-05,0.0,0.30000000000000004,0,0.0,6.3,14.5,9.9125,13.9,8.016666666666667,6.4400809176234945,-2.5776635085913724,93.04166666666667,156.83333333333334,600.0,92.41666666666667,,,,,,,,105.92999822296538,0.8058025199084221,0.0,0.0,0.0,0.0,0.0,0.0,,0.0,0,0,0.0,0.0,0.0,0.0,0.0,0.0,340.2,0.0,0.0,0.0,0.0,,,,,0.9615977415233676,-0.2744627178637539,0.9615977415233676,-0.2744627178637539,5.99195862043886,-2.3983010894518895,50.0,170.0,,,0.0,6,0.0,0.0,0.7369166666666667,0.0,-0.0,48.10000000000001,-4.354166666666666,64,3,2017,338
2018-03-06,0.0,0.2,0,0.0,3.8,14.4,8.379166666666666,15.9,13.416666666666666,12.760289556243565,1.9259169555874776,80.375,273.1666666666667,600.0,31.166666666666668,,,,,,,,80.67119554690035,0.960486054815941,0.0,0.0,0.0,0.0,0.0,0.0,,0.5833333333333334,0,0,0.0,0.0,0.0,0.0,0.0,0.0,340.2,0.0,0.0,0.0,0.0,,,,,0.9867743482008706,0.16209992514725868,0.9867743482008706,0.16209992514725868,10.256082730830764,1.5479557530534351,51.0,171.0,,,0.0,6,0.0,0.0,0.7700277777777779,0.0,-0.0,80.5,-1.5333333333333332,65,3,2017,339
2018-03-07,0.0,0.0,0,0.0,5.0,19.0,11.558333333333332,11.2,7.370833333333334,4.764658591212441,3.832906813288932,68.20833333333333,293.1666666666667,600.0,5.75,,,,,,,,50.16322868537243,0.8219762829783713,0.0,0.0,0.0,0.0,0.0,0.0,,0.9166666666666666,0,0,0.0,0.0,0.0,0.0,0.0,0.0,340.2,0.0,0.0,0.0,0.0,,,,,0.7678725554708309,0.6406026370182187,0.7678725554708309,0.6406026370182187,3.2498942140894855,2.6143618555641592,52.0,172.0,,,0.0,6,0.0,0.0,0.7561388888888888,0.0,-0.0,44.225,3.1791666666666654,66,3,2017,340
2018-03-08,0.0,0.0,0,0.0,8.8,19.7,15.012500000000001,10.6,6.120833333333334,2.7881415081157477,-2.2059460567799136,48.333333333333336,300.4166666666667,600.0,0.0,,,,,,,,112.3048323229676,0.2587395178773482,0.0,0.0,0.0,0.0,0.0,0.0,,1.0,0,0,0.0,0.0,0.0,0.0,0.0,0.0,340.2,0.0,0.0,0.0,0.0,,,,,0.9251777117830874,-0.3795341903173027,0.9251777117830874,-0.3795341903173027,1.3476017289226114,-1.0662072607769584,53.0,173.0,,,0.0,6,0.0,0.0,0.6947222222222221,0.0,-0.0,36.725,3.4541666666666693,67,3,2017,341
2018-03-09,0.0,0.0,0,0.0,9.5,21.5,15.045833333333334,11.8,6.020833333333333,0.604948310690978,-2.7353948858261283,61.875,292.7083333333333,600.0,1.375,,,,,,,,198.532965915647,0.17386510099653651,0.0,0.0,0.0,0.0,0.0,0.0,,1.0,0,0,0.0,0.0,0.0,0.0,0.0,0.0,340.2,0.0,0.0,0.0,0.0,,,,,-0.31785023492663955,-0.9481409326450789,-0.31785023492663955,-0.9481409326450789,0.3743117672400426,-1.6925255856049168,54.0,174.0,,,0.0,6,0.0,0.0,0.7347222222222222,0.0,-0.0,36.125,0.033333333333333215,68,3,2017,342
2018-03-10,0.0,0.0,0,0.0,10.5,22.8,16.150000000000002,8.4,5.183333333333334,-2.5795059072210758,-1.7535452777214553,62.0,290.75,600.0,2.3333333333333335,,,,,,,,253.25464511180743,0.5120119472942297,0.0,0.0,0.0,0.0,0.0,0.0,,0.9583333333333334,0,0,0.0,0.0,0.0,0.0,0.0,0.0,340.2,0.0,0.0,0.0,0.0,,,,,-0.9575947224484047,-0.28811863448753655,-0.9575947224484047,-0.28811863448753655,-1.599293662477067,-1.0871980721873022,55.0,175.0,,,0.0,6,0.0,0.0,0.7338333333333334,0.0,-0.0,31.1,1.1041666666666679,69,3,2017,343
2018-03-11,0.0,0.0,0,0.0,11.3,22.0,16.154166666666665,12.3,8.262500000000001,-4.710235809968739,1.2525983682430122,61.5,286.2083333333333,600.0,3.0,,,,,,,,296.3044239640337,0.5215799072384807,0.0,0.0,0.0,0.0,0.0,0.0,,1.0,0,0,0.0,0.0,0.0,0.0,0.0,0.0,340.2,0.0,0.0,0.0,0.0,,,,,-0.8964522169711955,0.4431404096755661,-0.8964522169711955,0.4431404096755661,-2.8967950231307746,0.7703479964694524,56.0,176.0,,,0.0,6,0.0,0.0,0.7291388888888889,0.0,-0.0,49.575,0.004166666666662877,70,3,2017,344
2018-03-12,0.0,0.1,0,0.0,6.7,19.5,12.987499999999999,10.3,5.879166666666666,0.5016690347422824,-1.598860655514927,71.58333333333333,256.7083333333333,600.0,28.208333333333332,,,,,,,,115.7465758347989,0.2262758145498397,0.0,0.0,0.0,0.0,0.0,0.0,,0.5416666666666666,0,0,0.0,0.0,0.0,0.0,0.0,0.0,340.2,0.0,0.0,0.0,0.0,,,,,0.9007242014472905,-0.4343914282385657,0.9007242014472905,-0.4343914282385657,0.3591114173696838,-1.1445177525727686,57.0,177.0,,,0.0,6,0.0,0.0,0.7430833333333333,0.0,-0.0,35.275,-3.166666666666666,71,3,2017,345
2018-03-13,0.0,0.0,0,0.0,6.3,17.4,10.704166666666666,10.7,5.804166666666667,2.0145385825380324,-0.9968193079197487,77.95833333333333,232.83333333333334,600.0,66.0,,,,,,,,115.17160850661222,0.4515063401216901,0.0,0.0,0.0,0.0,0.0,0.0,,0.0,0,0,0.0,0.0,0.0,0.0,0.0,0.0,340.2,0.0,0.0,0.0,0.0,,,,,0.9050379256696117,-0.425330874848801,0.9050379256696117,-0.425330874848801,1.5705007033036076,-0.7771037187991041,58.0,178.0,,,0.0,6,0.0,0.0,0.7484166666666666,0.0,-0.0,34.825,-2.283333333333333,72,3,2017,346
2018-03-14,0.0,0.0,0,0.0,7.3,17.8,12.9,15.0,8.479166666666666,-4.608085164681825,5.588471390274605,72.29166666666667,239.5,600.0,37.166666666666664,,,,,,,,332.04469733944273,0.8307281410006147,0.0,0.0,0.0,0.0,0.0,0.0,,0.2916666666666667,0,0,0.0,0.0,0.0,0.0,0.0,0.0,340.2,0.0,0.0,0.0,0.0,,,,,-0.46878261868520527,0.883313566305104,-0.46878261868520527,0.883313566305104,-3.3312615669679024,4.03999910921935,59.0,179.0,,,0.0,6,0.0,0.0,0.7339722222222224,0.0,-0.0,50.875,2.1958333333333346,73,3,2017,347
2018-03-15,0.0,0.2,0,0.0,10.1,18.4,13.520833333333334,17.1,10.933333333333332,-6.606480346172415,4.934085033519826,68.625,217.54166666666666,600.0,58.333333333333336,,,,,,,,311.5103388915706,0.5795412299296883,0.0,0.0,0.0,0.0,0.0,0.0,,0.3333333333333333,0,0,0.0,0.0,0.0,0.0,0.0,0.0,340.2,0.0,0.0,0.0,0.0,,,,,-0.7488361403331835,0.6627551847634998,-0.7488361403331835,0.6627551847634998,-4.53369713756082,3.3860158542529804,60.0,180.0,,,0.0,6,0.0,0.0,0.7071111111111111,0.0,-0.0,65.6,0.6208333333333336,74,3,2017,348
2018-03-16,0.0,0.0,0,0.0,8.5,18.1,13.441666666666668,15.9,11.700000000000001,-5.121377203249998,7.1296478584135095,70.83333333333333,262.25,600.0,55.5,,,,,,,,333.17200899471493,0.7057640565685456,0.0,0.0,0.0,0.0,0.0,0.0,,0.20833333333333334,0,0,0.0,0.0,0.0,0.0,0.0,0.0,340.2,0.0,0.0,0.0,0.0,,,,,-0.45131354646153327,0.8923654423947139,-0.45131354646153327,0.8923654423947139,-3.627642185635415,5.050167233042902,61.0,181.0,,,0.0,6,0.0,0.0,0.7442777777777777,0.0,-0.0,70.2,-0.07916666666666572,75,3,2017,349
2018-03-17,0.0,0.1,0,0.0,9.7,19.7,15.191666666666668,19.1,14.695833333333333,-11.984766841460662,8.151729854397203,60.125,261.4583333333333,600.0,39.208333333333336,,,,,,,,305.38159292882494,0.9847878642899666,0.0,0.0,0.0,0.0,0.0,0.0,,0.4583333333333333,0,0,0.0,0.0,0.0,0.0,0.0,0.0,340.2,0.0,0.0,0.0,0.0,,,,,-0.8153138558456492,0.5790192712389631,-0.8153138558456492,0.5790192712389631,-7.205841063428222,4.9012275749563186,62.0,182.0,,,0.0,6,0.0,0.0,0.7080555555555555,0.0,-0.0,88.175,1.75,76,3,2017,350
2018-03-18,0.0,0.2,0,0.0,8.1,19.8,14.804166666666667,35.2,25.075,-19.02473210723022,15.494690047962727,55.458333333333336,193.08333333333334,600.0,38.916666666666664,,,,,,,,311.81143859003373,0.9676973913554789,0.0,0.0,0.0,0.0,0.0,0.0,,0.4583333333333333,0,0,0.0,0.0,0.0,0.0,0.0,0.0,340.2,0.0,0.0,0.0,0.0,,,,,-0.7453429175802265,0.6666812845828175,-0.7453429175802265,0.6666812845828175,-10.550799347801428,8.593096855765996,63.0,183.0,,,0.0,6,0.0,0.0,0.6469166666666667,0.0,-0.0,150.45,-0.38750000000000107,77,3,2017,351
2018-03-19,0.0,0.0,0,0.0,7.1,16.2,11.25,22.2,19.216666666666665,-15.584336534364043,11.197620932282469,43.583333333333336,275.0,600.0,0.0,,,,,,,,305.79106080513486,0.9986301688344614,0.0,0.0,0.0,0.0,0.0,0.0,,1.0,0,0,0.0,0.0,0.0,0.0,0.0,0.0,340.2,0.0,0.0,0.0,0.0,,,,,-0.8111550732681073,0.5848311270028396,-0.8111550732681073,0.5848311270028396,-6.792173339560329,4.880296456319776,64.0,184.0,,,0.0,6,0.0,0.0,0.6619444444444444,0.0,-0.0,115.29999999999998,-3.554166666666667,78,3,2017,352
2018-03-20,0.0,0.7000000000000001,0,0.0,5.7,17.8,9.8125,17.2,10.458333333333334,7.159389395078404,-1.1801383510604417,74.70833333333333,225.25,600.0,42.166666666666664,,,,,,,,88.72993132773038,0.5617849753762219,0.0,0.0,0.0,0.0,0.0,0.0,,0.5833333333333334,0,0,0.0,0.0,0.0,0.0,0.0,0.0,340.2,0.0,0.0,0.0,0.0,,,,,0.9997543247743025,0.02216506474338422,0.9997543247743025,0.02216506474338422,5.348660493906491,-0.8816616931047383,65.0,185.0,,,0.0,6,0.0,0.0,0.7325277777777778,0.0,-0.0,62.75,-1.4375,79,3,2017,353
2018-03-21,0.0,2.0,0,0.0,4.3,8.1,6.104166666666667,22.8,19.270833333333332,18.929191368013292,3.119749294890463,97.83333333333333,99.5,405.0,99.66666666666667,,,,,,,,80.91359413196687,0.9955340892963188,0.0,0.0,0.0,0.0,0.0,0.0,,0.0,0,0,0.0,0.0,0.0,0.0,0.0,0.0,340.2,0.0,0.0,0.0,0.0,,,,,0.9874513039146755,0.15792378667321508,0.9874513039146755,0.15792378667321508,18.519058888373003,3.052154726834503,66.0,186.0,,,0.0,6,0.0,0.0,0.5724444444444444,0.0,-0.0,115.625,-3.708333333333333,80,3,2017,354
2018-03-22,0.0,0.2,0,0.0,4.1,12.5,7.829166666666667,22.6,18.0625,15.334236423027432,9.400160266180213,89.875,162.75,600.0,98.58333333333333,,,,,,,,58.338104808298425,0.9951290121617967,0.0,0.0,0.0,0.0,0.0,0.0,,0.0,0,0,0.0,0.0,0.0,0.0,0.0,0.0,340.2,0.0,0.0,0.0,0.0,,,,,0.8511603884581348,0.5249056992639697,0.8511603884581348,0.5249056992639697,13.781644985195905,8.448394039229466,67.0,187.0,,,0.0,6,0.0,0.0,0.6858611111111111,0.0,-0.0,108.375,1.7249999999999996,81,3,2017,355
2018-03-23,0.0,0.0,0,0.0,6.9,17.1,11.358333333333334,16.4,8.983333333333333,-1.1739952307298145,5.268915864642042,71.45833333333333,188.20833333333334,600.0,82.25,,,,,,,,323.09512609713715,0.5989063339881373,0.0,0.0,0.0,0.0,0.0,0.0,,0.08333333333333333,0,0,0.0,0.0,0.0,0.0,0.0,0.0,340.2,0.0,0.0,0.0,0.0,,,,,-0.6004882488506038,0.799633580455658,-0.6004882488506038,0.799633580455658,-0.8389174252923465,3.765079461608792,68.0,188.0,,,0.0,6,0.0,0.0,0.697,0.0,-0.0,53.89999999999999,3.5291666666666677,82,3,2017,356
2018-03-24,0.0,3.8000000000000003,0,0.0,10.1,13.9,11.9375,20.9,14.691666666666668,-11.20555978156095,9.364964619424955,89.95833333333333,115.70833333333333,542.0,80.125,,,,,,,,310.4492797242912,0.9932580519730022,0.0,0.0,0.0,0.0,0.0,0.0,,0.041666666666666664,0,0,0.0,0.0,0.0,0.0,0.0,0.0,340.2,0.0,0.0,0.0,0.0,,,,,-0.7609805822500021,0.6487746553607406,-0.7609805822500021,0.6487746553607406,-10.080334820162538,8.424566088891032,69.0,189.0,,,0.0,6,0.0,0.0,0.6858888888888889,0.0,-0.0,88.15,0.5791666666666657,83,3,2017,357
2018-03-25,0.0,20.6,0,0.0,6.3,13.3,9.700000000000001,43.2,31.945833333333336,-25.244510880256787,19.349595732906554,95.375,111.95833333333333,532.0,98.70833333333333,,,,,,,,308.58522754440054,0.9949988895278453,0.0,0.0,0.0,0.0,0.0,0.0,,0.0,0,0,0.0,0.0,0.0,0.0,0.0,0.0,340.2,0.0,0.0,0.0,0.0,,,,,-0.7816813000628262,0.6236780781237142,-0.7816813000628262,0.6236780781237142,-24.07695225204491,18.454676930259623,70.0,190.0,,,0.0,6,0.0,0.0,0.6881111111111111,0.0,-0.0,191.675,-2.237499999999999,84,3,2017,358
2018-03-26,2.03,6.8,5,0.98,0.0,7.2,3.3791666666666664,41.3,26.349999999999998,-23.016557101037645,12.632321659947772,93.04166666666667,161.83333333333334,600.0,93.58333333333333,,,,,,,,298.3746162839308,0.9966819052696337,2.0,28.26,32.7,91.0,-25.47452029386115,12.016340843797602,294.8004561123813,0.0,0,3,2.03,2.03,2.03,2.03,2.03,0.0,342.23,0.0,0.0,0.0,0.0,,,,,-0.8798592020515212,0.47523445220781313,-0.9077741393875502,0.419459308943302,-21.414988336090442,11.753322611109741,0.0,191.0,1.0,1.0,83.83899999999998,0,0.2625804999999999,2.03,0.5780277777777778,57.367799999999995,-0.0,0.0,-6.320833333333335,85,3,2017,359
2018-03-27,0.0,0.0,0,0.0,1.2,13.8,7.808333333333334,16.8,9.308333333333334,-6.064689490124476,6.809743680756406,63.5,223.16666666666666,600.0,55.208333333333336,,,,,,,,319.53343167071785,0.9798766405919669,0.0,0.0,0.0,0.0,0.0,0.0,,0.25,0,0,2.03,2.03,2.03,2.03,2.03,0.0,342.23,0.0,0.0,0.0,0.0,,,,,-0.6490042464469882,0.7607847843469118,-0.6490042464469882,0.7607847843469118,-3.851077826229042,4.324187237280318,1.0,192.0,0.0,1.0,0.0,1,0.0,1.015,0.6671111111111111,0.0,-0.0,9.308333333333334,4.429166666666667,86,3,2017,360
2018-03-28,0.0,0.0,0,0.0,10.2,17.0,12.920833333333334,22.3,13.979166666666666,-11.177337505928557,8.09694895402114,42.583333333333336,196.33333333333334,600.0,16.583333333333332,,,,,,,,309.8092248819148,0.9733327056691611,0.0,0.0,0.0,0.0,0.0,0.0,,0.75,0,0,0.0,2.03,2.03,2.03,2.03,0.0,342.23,0.0,0.0,0.0,0.0,,,,,-0.7681804530539343,0.6402333883404178,-0.7681804530539343,0.6402333883404178,-4.759682887941244,3.4479507629206694,2.0,193.0,0.0,1.0,0.0,2,0.0,0.6766666666666666,0.6061666666666666,0.0,-0.0,27.958333333333332,5.112500000000001,87,3,2017,361
2018-03-29,0.0,0.0,0,0.0,10.4,19.0,14.545833333333334,15.9,10.029166666666667,-7.667296542979287,5.656943118043341,50.333333333333336,246.75,600.0,0.0,,,,,,,,312.69407660068237,0.9372354291262003,0.0,0.0,0.0,0.0,0.0,0.0,,1.0,0,0,0.0,0.0,2.03,2.03,2.03,0.0,342.23,0.0,0.0,0.0,0.0,,,,,-0.73498470128221,0.6780836887000752,-0.73498470128221,0.6780836887000752,-3.859205926632908,2.8473280360818154,3.0,194.0,,0.0,0.0,3,0.0,0.0,0.6656111111111112,0.0,-0.0,30.0875,1.625,88,3,2017,362
2018-03-30,0.0,0.0,0,0.0,7.9,18.0,13.637500000000001,18.9,12.808333333333332,-9.93508107709779,6.676526598866491,53.833333333333336,248.20833333333334,600.0,1.0416666666666667,,,,,,,,312.5313722021756,0.8133119380947353,0.0,0.0,0.0,0.0,0.0,0.0,,1.0,0,0,0.0,0.0,2.03,2.03,2.03,0.0,342.23,0.0,0.0,0.0,0.0,,,,,-0.7369073080907135,0.6759938012160306,-0.7369073080907135,0.6759938012160306,-5.348385313170977,3.594196819056461,4.0,195.0,,0.0,0.0,4,0.0,0.0,0.6782499999999999,0.0,-0.0,51.23333333333333,-0.9083333333333332,89,3,2017,363
2018-03-31,0.0,0.0,0,0.0,7.7,18.1,12.495833333333332,15.5,9.433333333333334,-6.095410462840437,6.67521911630109,52.625,248.95833333333334,600.0,1.75,,,,,,,,326.1624232214119,0.9320512485558106,0.0,0.0,0.0,0.0,0.0,0.0,,0.9583333333333334,0,0,0.0,0.0,2.03,2.03,2.03,0.0,342.23,0.0,0.0,0.0,0.0,,,,,-0.5568404874381948,0.8306194505004043,-0.5568404874381948,0.8306194505004043,-3.2077097560697805,3.5128340599534487,5.0,196.0,,0.0,0.0,5,0.0,0.0,0.6747222222222223,0.0,-0.0,47.16666666666667,-1.1416666666666693,90,3,2017,364
2018-04-01,0.0,0.0,0,0.0,11.0,14.6,12.883333333333333,22.3,16.279166666666665,-12.481788959698804,10.415220068052875,46.625,102.08333333333333,458.0,85.16666666666667,,,,,,,,309.79216031617045,0.998364454265222,0.0,0.0,0.0,0.0,0.0,0.0,,0.0,0,0,0.0,0.0,0.0,0.0,0.0,0.0,0.0,0.0,0.0,0.0,0.0,,,,,-0.7683711015202387,0.6400045705685039,-0.7683711015202387,0.6400045705685039,-5.819634102459568,4.856096356729653,6.0,197.0,,,0.0,0,0.0,0.0,0.5479166666666667,0.0,-0.0,0.0,0.38750000000000107,91,4,2018,0
2018-04-02,0.0,0.1,0,0.0,9.3,17.9,13.262500000000001,21.7,12.070833333333333,-7.06754644052461,4.863992823641869,60.583333333333336,231.04166666666666,600.0,49.75,,,,,,,,311.30228035925916,0.4925855375999464,0.0,0.0,0.0,0.0,0.0,0.0,,0.4166666666666667,0,0,0.0,0.0,0.0,0.0,0.0,0.0,0.0,0.0,0.0,0.0,0.0,,,,,-0.7512378649891718,0.6600315675833323,-0.7512378649891718,0.6600315675833323,-4.28175521855116,2.946768985656366,7.0,198.0,,,0.0,1,0.0,0.0,0.6893055555555555,0.0,-0.0,12.070833333333333,0.3791666666666682,92,4,2018,1
2018-04-03,0.0,0.0,0,0.0,8.8,18.8,12.575000000000001,9.0,4.191666666666666,1.0502611357713243,1.490336449805497,72.16666666666667,219.625,600.0,17.791666666666668,,,,,,,,21.079107919300306,0.32737780496366614,0.0,0.0,0.0,0.0,0.0,0.0,,0.7916666666666666,0,0,0.0,0.0,0.0,0.0,0.0,0.0,0.0,0.0,0.0,0.0,0.0,,,,,0.3596565961271343,0.9330847404508571,0.3596565961271343,0.9330847404508571,0.757938452981639,1.075526137942967,8.0,199.0,,,0.0,2,0.0,0.0,0.7203055555555555,0.0,-0.0,8.383333333333333,-0.6875,93,4,2018,2
2018-04-04,0.0,0.0,0,0.0,9.5,19.3,13.695833333333333,8.2,4.141666666666667,-2.3395680860652552,2.071484536558883,59.666666666666664,230.83333333333334,600.0,4.958333333333333,,,,,,,,295.93547598682505,0.5032971502666581,0.0,0.0,0.0,0.0,0.0,0.0,,0.9166666666666666,0,0,0.0,0.0,0.0,0.0,0.0,0.0,0.0,0.0,0.0,0.0,0.0,,,,,-0.8992871507628752,0.43735868628939994,-0.8992871507628752,0.43735868628939994,-1.395942291352269,1.2359857734801336,9.0,200.0,,,0.0,3,0.0,0.0,0.6861111111111112,0.0,-0.0,12.425,1.1208333333333318,94,4,2018,3
2018-04-05,0.0,0.0,0,0.0,11.2,17.5,13.904166666666667,23.5,15.25,-11.761045610681464,9.341740292278734,70.625,219.375,600.0,5.0,,,,,,,,310.89655778241604,0.9834627385250644,0.0,0.0,0.0,0.0,0.0,0.0,,0.9583333333333334,0,0,0.0,0.0,0.0,0.0,0.0,0.0,0.0,0.0,0.0,0.0,0.0,,,,,-0.7558928033420559,0.6546954023480599,-0.7558928033420559,0.6546954023480599,-8.306238462543783,6.597604081421856,10.0,201.0,,,0.0,4,0.0,0.0,0.715,0.0,-0.0,61.0,0.20833333333333393,95,4,2018,4
2018-04-06,0.0,0.0,0,0.0,9.0,17.7,13.666666666666666,19.5,11.862499999999999,-8.515019102129807,7.514669661756069,48.708333333333336,232.66666666666666,600.0,24.541666666666668,,,,,,,,319.62012586162865,0.9006490103970666,0.0,0.0,0.0,0.0,0.0,0.0,,0.5416666666666666,0,0,0.0,0.0,0.0,0.0,0.0,0.0,0.0,0.0,0.0,0.0,0.0,,,,,-0.647852361196376,0.7617659208000056,-0.647852361196376,0.7617659208000056,-4.147523887662394,3.6602703477470184,11.0,202.0,,,0.0,5,0.0,0.0,0.6508055555555555,0.0,-0.0,59.31249999999999,-0.2375000000000007,96,4,2018,5
2018-04-07,0.0,0.0,0,0.0,6.4,17.0,11.479166666666666,18.3,11.549999999999999,-8.38823748113712,7.278176641437049,46.791666666666664,214.75,600.0,40.458333333333336,,,,,,,,316.8176714902697,0.9476793399219233,0.0,0.0,0.0,0.0,0.0,0.0,,0.375,0,0,0.0,0.0,0.0,0.0,0.0,0.0,0.0,0.0,0.0,0.0,0.0,,,,,-0.6843222407218725,0.7291797246587398,-0.6843222407218725,0.7291797246587398,-3.924996121382077,3.4055801534724193,12.0,203.0,,,0.0,6,0.0,0.0,0.6324722222222222,0.0,-0.0,69.3,-2.1875,97,4,2018,6
2018-04-08,0.0,0.0,0,0.0,7.2,17.3,12.841666666666667,18.2,14.529166666666667,-11.120987567875476,9.032715910757652,34.25,228.66666666666666,600.0,0.125,,,,,,,,310.4739139942713,0.9843868285181305,0.0,0.0,0.0,0.0,0.0,0.0,,1.0,0,0,0.0,0.0,0.0,0.0,0.0,0.0,0.0,0.0,0.0,0.0,0.0,,,,,-0.7607015718304543,0.6491017783172962,-0.7607015718304543,0.6491017783172962,-3.8089382419973505,3.093705199434496,13.0,204.0,,,0.0,6,0.0,0.0,0.5999444444444445,0.0,-0.0,87.175,1.3625000000000007,98,4,2018,7
2018-04-09,0.0,0.0,0,0.0,8.5,18.7,14.216666666666667,20.9,13.408333333333333,-11.487429849721579,4.434610989213043,50.125,216.29166666666666,600.0,9.416666666666666,,,,,,,,296.17983114109825,0.7934782375742119,0.0,0.0,0.0,0.0,0.0,0.0,,0.8333333333333334,0,0,0.0,0.0,0.0,0.0,0.0,0.0,0.0,0.0,0.0,0.0,0.0,,,,,-0.8974137298772651,0.44118997883879346,-0.8974137298772651,0.44118997883879346,-5.758074212172942,2.222848758343038,14.0,205.0,,,0.0,6,0.0,0.0,0.6446111111111111,0.0,-0.0,80.45,1.375,99,4,2018,8
2018-04-10,0.0,0.0,0,0.0,11.4,17.3,14.633333333333333,21.5,12.420833333333334,-10.674321436046363,5.816683445466118,58.708333333333336,160.83333333333334,575.0,43.166666666666664,,,,,,,,302.42816726571857,0.9744090674447603,0.0,0.0,0.0,0.0,0.0,0.0,,0.25,0,0,0.0,0.0,0.0,0.0,0.0,0.0,0.0,0.0,0.0,0.0,0.0,,,,,-0.8440644048537793,0.5362418115541117,-0.8440644048537793,0.5362418115541117,-6.266716209745552,3.4148779061090666,15.0,206.0,,,0.0,6,0.0,0.0,0.6362500000000001,0.0,-0.0,74.525,0.4166666666666661,100,4,2018,9
2018-04-11,0.0,0.0,0,0.0,14.8,21.2,17.837500000000002,19.7,12.616666666666667,-9.271962085346699,8.415074386931165,49.541666666666664,203.33333333333334,600.0,4.25,,,,,,,,313.0336322091408,0.9916261208142488,0.0,0.0,0.0,0.0,0.0,0.0,,0.9583333333333334,0,0,0.0,0.0,0.0,0.0,0.0,0.0,0.0,0.0,0.0,0.0,0.0,,,,,-0.7309532475281434,0.6824275418885588,-0.7309532475281434,0.6824275418885588,-4.593484549782176,4.168968102525481,16.0,207.0,,,0.0,6,0.0,0.0,0.6340277777777777,0.0,-0.0,75.7,3.2041666666666693,101,4,2018,10
2018-04-12,0.0,2.5,0,0.0,14.5,17.9,16.325,30.8,19.6875,-14.367973709164444,12.866176540646576,56.083333333333336,179.16666666666666,600.0,32.166666666666664,,,,,,,,314.08079865734635,0.9766569655752755,0.0,0.0,0.0,0.0,0.0,0.0,,0.25,0,0,0.0,0.0,0.0,0.0,0.0,0.0,0.0,0.0,0.0,0.0,0.0,,,,,-0.7183594763567782,0.695672094257356,-0.7183594763567782,0.695672094257356,-8.058038588556393,7.215780676545956,17.0,208.0,,,0.0,6,0.0,0.0,0.6397222222222223,0.0,-0.0,118.125,-1.5125000000000028,102,4,2018,11
2018-04-13,0.0,1.0,0,0.0,10.9,17.3,13.458333333333334,34.7,23.291666666666668,-18.24297616172429,14.20345710317794,70.04166666666667,184.04166666666666,600.0,37.125,,,,,,,,307.6189310949143,0.9924549752760459,0.0,0.0,0.0,0.0,0.0,0.0,,0.375,0,0,0.0,0.0,0.0,0.0,0.0,0.0,0.0,0.0,0.0,0.0,0.0,,,,,-0.792088002086116,0.6104069109628635,-0.792088002086116,0.6104069109628635,-12.777684553274389,9.948338079350883,18.0,209.0,,,0.0,6,0.0,0.0,0.6895000000000001,0.0,-0.0,139.75,-2.8666666666666654,103,4,2018,12
2018-04-14,5.95,29.0,9,1.82,2.1,10.4,5.75,38.4,32.266666666666666,-25.535437950789927,18.62238556231239,92.70833333333333,119.875,531.0,94.45833333333333,,,,,,,,305.61703640033,0.9788577343784117,3.3333333333333335,30.06666666666667,33.4,99.0,-27.03820631512305,11.992011986351965,294.0953317630458,0.0,0,9,5.95,5.95,5.95,5.95,5.95,0.0,5.95,0.0,0.0,0.0,0.0,,,,,-0.8129276359175533,0.5823647128402423,-0.9128674433786583,0.40825608485276993,-23.673478933544825,17.264503281727112,0.0,210.0,1.0,1.0,100.0,0,0.6189652777777777,5.95,0.6200555555555556,178.8966666666667,0.0,0.0,-7.708333333333334,104,4,2018,13
2018-04-15,2.52,16.2,7,0.56,2.3,7.1,4.5375000000000005,50.0,40.5875,-35.59369075538826,19.343706440251633,100.0,64.95833333333333,374.0,100.0,,,,,,,,298.3321565705336,0.9982286220594014,2.557142857142857,41.32857142857143,43.1,100.0,-37.093847455965665,18.213654213518023,296.14286513630134,0.0,0,7,8.47,8.47,8.47,8.47,8.47,0.0,8.47,0.0,0.0,0.0,0.0,,,,,-0.8802111385197557,0.4745822917321666,-0.8976981893674805,0.4406108950154855,-35.59369075538826,19.343706440251633,0.0,211.0,0.29752066115702475,1.0,100.0,1,0.22666291071428574,8.47,0.5344166666666667,104.148,0.0,40.5875,-1.2124999999999995,105,4,2018,14
2018-04-16,0.0,3.9,0,0.0,6.9,9.0,7.908333333333334,35.9,27.5625,-24.89647686014321,11.321009898024265,99.08333333333333,78.25,303.0,100.0,,,,,,,,292.98924985941426,0.9896834370179075,0.0,0.0,0.0,0.0,0.0,0.0,,0.0,0,0,2.52,8.47,8.47,8.47,8.47,0.0,8.47,0.0,0.0,0.0,0.0,,,,,-0.9205781483136832,0.3905584115690638,-0.9205781483136832,0.3905584115690638,-24.668259155591894,11.217233973959042,1.0,212.0,0.0,1.0,0.0,2,0.0,4.235,0.5824444444444444,0.0,-0.0,55.125,3.3708333333333336,106,4,2018,15
2018-04-17,0.0,0.30000000000000004,0,0.0,4.6,13.9,8.325000000000001,14.2,5.966666666666666,-1.0779804018803847,0.800021146679104,81.875,193.125,600.0,38.833333333333336,,,,,,,,113.78320044926973,0.15797302467888621,0.0,0.0,0.0,0.0,0.0,0.0,,0.5833333333333334,0,0,0.0,2.52,8.47,8.47,8.47,0.0,8.47,0.0,0.0,0.0,0.0,,,,,0.9150779510149283,-0.4032770059975161,0.9150779510149283,-0.4032770059975161,-0.882596454039565,0.6550173138435165,2.0,213.0,0.0,0.29752066115702475,0.0,3,0.0,0.84,0.7105555555555556,0.0,-0.0,17.9,0.41666666666666696,107,4,2018,16
2018-04-18,0.0,0.0,0,0.0,4.7,15.4,9.816666666666666,10.5,6.891666666666667,-4.292023522093,5.022150050100886,60.875,203.45833333333334,600.0,6.708333333333333,,,,,,,,319.0472559571069,0.9539401036647727,0.0,0.0,0.0,0.0,0.0,0.0,,0.8333333333333334,0,0,0.0,0.0,8.47,8.47,8.47,0.0,8.47,0.0,0.0,0.0,0.0,,,,,-0.6554363425572446,0.7552504226117205,-0.6554363425572446,0.7552504226117205,-2.612769319074114,3.0572338429989143,3.0,214.0,,0.0,0.0,4,0.0,0.0,0.6718888888888889,0.0,-0.0,27.566666666666666,1.4916666666666654,108,4,2018,17
2018-04-19,0.0,0.0,0,0.0,7.0,14.1,10.545833333333333,16.1,9.9125,-7.1730489625229445,6.196377754812407,71.83333333333333,138.125,531.0,89.20833333333333,,,,,,,,314.95778785331976,0.9274409328492451,0.0,0.0,0.0,0.0,0.0,0.0,,0.0,0,0,0.0,0.0,8.47,8.47,8.47,0.0,8.47,0.0,0.0,0.0,0.0,,,,,-0.7076275437525802,0.7065856348120094,-0.7076275437525802,0.7065856348120094,-5.152640171412315,4.451064687206912,4.0,215.0,,0.0,0.0,5,0.0,0.0,0.6448611111111111,0.0,-0.0,49.5625,0.7291666666666661,109,4,2018,18
2018-04-20,0.0,0.0,0,0.0,8.2,16.7,11.541666666666666,9.5,6.0874999999999995,-2.0752697059316563,1.0932833108201485,69.41666666666667,186.375,600.0,21.208333333333332,,,,,,,,308.8971641018915,0.32503649577720506,0.0,0.0,0.0,0.0,0.0,0.0,,0.6666666666666666,0,0,0.0,0.0,8.47,8.47,8.47,0.0,8.47,0.0,0.0,0.0,0.0,,,,,-0.7782742290810419,0.6279245371446396,-0.7782742290810419,0.6279245371446396,-1.4405830542008915,0.7589208315943198,5.0,216.0,,0.0,0.0,6,0.0,0.0,0.6889722222222222,0.0,-0.0,36.525,0.9958333333333336,110,4,2018,19
2018-04-21,0.0,0.0,0,0.0,8.0,16.1,11.454166666666666,8.4,5.533333333333334,-3.2537948676639306,2.1330751465663726,70.875,172.91666666666666,600.0,29.583333333333332,,,,,,,,311.24761214406374,0.6159006588176561,0.0,0.0,0.0,0.0,0.0,0.0,,0.4583333333333333,0,0,0.0,0.0,2.52,8.47,8.47,0.0,8.47,0.0,0.0,0.0,0.0,,,,,-0.7518672856880435,0.6593144808906399,-0.7518672856880435,0.6593144808906399,-2.306127112456811,1.5118170101289166,6.0,217.0,,0.0,0.0,6,0.0,0.0,0.6848611111111111,0.0,-0.0,33.2,-0.08750000000000036,111,4,2018,20
2018-04-22,0.0,0.8,0,0.0,7.0,13.5,10.241666666666667,9.3,5.308333333333334,-4.161294595513725,1.8369437472986139,76.0,146.875,505.0,40.458333333333336,,,,,,,,303.60320572859206,0.8350861226328321,0.0,0.0,0.0,0.0,0.0,0.0,,0.08333333333333333,0,0,0.0,0.0,0.0,8.47,8.47,0.0,8.47,0.0,0.0,0.0,0.0,,,,,-0.8328902768620909,0.5534381507527192,-0.8328902768620909,0.5534381507527192,-3.162583892590431,1.3960772479469465,7.0,218.0,,,0.0,6,0.0,0.0,0.65125,0.0,-0.0,31.85,-1.2124999999999986,112,4,2018,21
2018-04-23,0.0,0.0,0,0.0,6.7,15.6,10.333333333333334,7.8,4.7250000000000005,-3.356779935331286,1.4447134352612903,69.375,188.66666666666666,600.0,1.8333333333333333,,,,,,,,299.225723497901,0.796540837240323,0.0,0.0,0.0,0.0,0.0,0.0,,0.9583333333333334,0,0,0.0,0.0,0.0,8.47,8.47,0.0,8.47,0.0,0.0,0.0,0.0,,,,,-0.8727029599594155,0.48825151682106926,-0.8727029599594155,0.48825151682106926,-2.32876608013608,1.0022699457125201,8.0,219.0,,,0.0,6,0.0,0.0,0.6903611111111111,0.0,-0.0,28.35,0.09166666666666679,113,4,2018,22
2018-04-24,0.0,0.0,0,0.0,8.9,16.5,12.358333333333334,14.8,8.645833333333334,-6.719570737365552,4.94882794106026,56.416666666666664,183.45833333333334,600.0,51.625,,,,,,,,312.02042619578975,0.9664457047816502,0.0,0.0,0.0,0.0,0.0,0.0,,0.4583333333333333,0,0,0.0,0.0,0.0,8.47,8.47,0.0,8.47,0.0,0.0,0.0,0.0,,,,,-0.7429062302719227,0.6693954982095122,-0.7429062302719227,0.6693954982095122,-3.7909578243303987,2.7919637634148295,9.0,220.0,,,0.0,6,0.0,0.0,0.6436944444444443,0.0,-0.0,51.875,2.0250000000000004,114,4,2018,23
2018-04-25,0.0,0.2,0,0.0,9.0,16.3,12.0625,14.2,8.091666666666667,-6.1780528823323415,4.8642578108548635,65.125,127.79166666666667,470.0,79.95833333333333,,,,,,,,312.6429006387616,0.9552193289806556,0.0,0.0,0.0,0.0,0.0,0.0,,0.0,0,0,0.0,0.0,0.0,8.47,8.47,0.0,8.47,0.0,0.0,0.0,0.0,,,,,-0.7355900649356771,0.6774269380294279,-0.7355900649356771,0.6774269380294279,-4.023456939618938,3.16784789931923,10.0,221.0,,,0.0,6,0.0,0.0,0.635611111111111,0.0,-0.0,48.55,-0.2958333333333343,115,4,2018,24
2018-04-26,0.0,0.1,0,0.0,4.5,12.3,8.4,20.5,11.1625,-7.708319139274089,1.3813473278274753,75.04166666666667,183.58333333333334,600.0,32.875,,,,,,,,266.44374058768176,0.5413275706218955,0.0,0.0,0.0,0.0,0.0,0.0,,0.5416666666666666,0,0,0.0,0.0,0.0,8.47,8.47,0.0,8.47,0.0,0.0,0.0,0.0,,,,,-0.9980743729627954,-0.06202859046377416,-0.9980743729627954,-0.06202859046377416,-5.7844511540969314,1.0365860572572014,11.0,222.0,,,0.0,6,0.0,0.0,0.6458611111111111,0.0,-0.0,66.975,-3.6624999999999996,116,4,2018,25
2018-04-27,0.0,0.0,0,0.0,2.2,10.3,5.3374999999999995,11.0,6.204166666666667,4.517204417419981,-2.6900290374698415,85.75,173.08333333333334,600.0,36.5,,,,,,,,122.26643079981692,0.7391727820376478,0.0,0.0,0.0,0.0,0.0,0.0,,0.4166666666666667,0,0,0.0,0.0,0.0,8.47,8.47,0.0,8.47,0.0,0.0,0.0,0.0,,,,,0.8455747614658318,-0.5338570246536067,0.8455747614658318,-0.5338570246536067,3.8735027879376336,-2.3066998996303893,12.0,223.0,,,0.0,6,0.0,0.0,0.6301111111111112,0.0,-0.0,37.225,-3.062500000000001,117,4,2018,26
2018-04-28,0.0,0.0,0,0.0,2.8,12.7,7.220833333333334,8.1,4.925,3.7535976192324436,1.0180062748775838,70.75,173.20833333333334,600.0,22.916666666666668,,,,,,,,59.98891073530177,0.7067171192408246,0.0,0.0,0.0,0.0,0.0,0.0,,0.625,0,0,0.0,0.0,0.0,2.52,8.47,0.0,8.47,0.0,0.0,0.0,0.0,,,,,0.865928615474364,0.5001676048112783,0.865928615474364,0.5001676048112783,2.655670315606954,0.7202394394758904,13.0,224.0,,,0.0,6,0.0,0.0,0.6335277777777778,0.0,-0.0,29.549999999999997,1.8833333333333346,118,4,2018,27
2018-04-29,0.0,1.7000000000000002,0,0.0,3.7,8.1,5.370833333333334,8.9,4.408333333333333,0.2616734746319732,-2.084631949021556,90.375,89.16666666666667,403.0,81.29166666666667,,,,,,,,223.12564741894676,0.29021607408312305,0.0,0.0,0.0,0.0,0.0,0.0,,0.08333333333333333,0,0,0.0,0.0,0.0,0.0,8.47,0.0,8.47,0.0,0.0,0.0,0.0,,,,,-0.6836005491456575,-0.7298563483369557,-0.6836005491456575,-0.7298563483369557,0.2364874026986458,-1.8839861239282312,14.0,225.0,,,0.0,6,0.0,0.0,0.5406944444444445,0.0,-0.0,26.45,-1.8500000000000005,119,4,2018,28
2018-04-30,0.0,0.0,0,0.0,1.6,13.3,7.970833333333334,8.1,4.204166666666667,-0.2370854574245674,-0.7098734947315579,59.75,174.79166666666666,600.0,13.375,,,,,,,,47.305873589860965,0.09472027934009797,0.0,0.0,0.0,0.0,0.0,0.0,,0.7083333333333334,0,0,0.0,0.0,0.0,0.0,8.47,0.0,8.47,0.0,0.0,0.0,0.0,,,,,0.7349841117973246,0.678084327650697,0.7349841117973246,0.678084327650697,-0.14165856081117903,-0.42414941310210585,15.0,226.0,,,0.0,6,0.0,0.0,0.6112500000000001,0.0,-0.0,25.225,2.6000000000000005,120,4,2018,29
2018-05-01,0.0,0.0,0,0.0,5.3,15.1,10.654166666666667,8.2,4.129166666666666,-1.7794347074883172,2.6388816834248927,50.916666666666664,170.83333333333334,600.0,17.375,,,,,,,,324.43049152433014,0.6878321637917957,0.0,0.0,0.0,0.0,0.0,0.0,,0.7916666666666666,0,0,0.0,0.0,0.0,0.0,8.47,0.0,8.47,0.0,0.0,0.0,0.0,,,,,-0.5816901738203666,0.8134104386352757,-0.5816901738203666,0.8134104386352757,-0.9060288385628015,1.3436305904771746,16.0,227.0,,,0.0,6,0.0,0.0,0.6169444444444445,0.0,-0.0,24.775,2.6833333333333327,121,5,2018,30
2018-05-02,0.0,0.0,0,0.0,6.2,10.8,8.762500000000001,17.1,13.475,-9.718619035648498,9.258570695624337,66.16666666666667,86.58333333333333,354.0,87.625,,,,,,,,314.28720361007424,0.99564846707466,0.0,0.0,0.0,0.0,0.0,0.0,,0.08333333333333333,0,0,0.0,0.0,0.0,0.0,8.47,0.0,8.47,0.0,0.0,0.0,0.0,,,,,-0.7158486993197479,0.6982554258165311,-0.7158486993197479,0.6982554258165311,-6.430486261920756,6.126087610271437,17.0,228.0,,,0.0,6,0.0,0.0,0.5182777777777778,0.0,-0.0,80.85,-1.8916666666666657,122,5,2018,31
2018-05-03,0.0,0.2,0,0.0,7.7,13.6,10.945833333333333,29.2,21.029166666666665,-14.608708938967984,14.832717894951402,63.75,156.04166666666666,600.0,40.25,,,,,,,,315.4740267032819,0.9900505745170458,0.0,0.0,0.0,0.0,0.0,0.0,,0.4583333333333333,0,0,0.0,0.0,0.0,0.0,8.47,0.0,8.47,0.0,0.0,0.0,0.0,,,,,-0.7012325226401546,0.712932640010068,-0.7012325226401546,0.712932640010068,-9.31305194859209,9.455857658031519,18.0,229.0,,,0.0,6,0.0,0.0,0.61875,0.0,-0.0,126.17499999999998,2.183333333333332,123,5,2018,32
2018-05-04,2.52,24.599999999999998,11,0.42,1.6,9.9,4.3125,36.9,28.079166666666666,-23.3915870531111,15.00133955050459,98.125,60.333333333333336,327.0,97.54166666666667,,,,,,,,302.2602040126986,0.9898449963879135,2.372727272727273,27.027272727272727,30.1,98.45454545454545,-24.172483968464483,12.0646645824521,296.5455287017719,0.0,0,11,2.52,2.52,2.52,2.52,10.99,0.0,10.99,0.0,0.0,0.0,0.0,,,,,-0.8456327749523321,0.5337651261804375,-0.8945795188231889,0.4469088100519747,-22.952994795865266,14.720064433932627,0.0,230.0,1.0,1.0,92.988,0,0.31817948243801647,2.52,0.5873055555555555,68.10872727272728,0.0,0.0,-6.633333333333333,124,5,2018,33
2018-05-05,0.0,0.0,0,0.0,1.3,7.3,3.7375000000000003,24.2,16.483333333333334,-14.468776954049064,7.796964296563741,92.08333333333333,143.95833333333334,562.0,51.208333333333336,,,,,,,,299.03132800759744,0.9960725336172767,0.0,0.0,0.0,0.0,0.0,0.0,,0.08333333333333333,0,0,2.52,2.52,2.52,2.52,10.99,0.0,10.99,0.0,0.0,0.0,0.0,,,,,-0.8743544937204112,0.4852877695872043,-0.8743544937204112,0.4852877695872043,-13.323332111853512,7.179704623085778,1.0,231.0,0.0,1.0,0.0,1,0.0,1.26,0.5651388888888889,0.0,-0.0,16.483333333333334,-0.5749999999999997,125,5,2018,34
2018-05-06,0.0,0.0,0,0.0,3.2,11.7,6.1375,13.0,8.4,-6.3511445140445355,5.138599750590514,71.58333333333333,166.54166666666666,600.0,19.875,,,,,,,,310.23107556213705,0.9703737967085906,0.0,0.0,0.0,0.0,0.0,0.0,,0.5833333333333334,0,0,0.0,2.52,2.52,2.52,10.99,0.0,10.99,0.0,0.0,0.0,0.0,,,,,-0.7634458388586924,0.6458718534890241,-0.7634458388586924,0.6458718534890241,-4.546360947970213,3.678380988131043,2.0,232.0,0.0,1.0,0.0,2,0.0,0.84,0.6096388888888888,0.0,-0.0,16.8,2.4,126,5,2018,35
2018-05-07,0.0,0.0,0,0.0,1.7,9.1,6.366666666666667,30.7,22.358333333333334,-17.289036995075627,13.82298247126613,59.708333333333336,165.375,600.0,41.041666666666664,,,,,,,,311.4294795381525,0.9840425079799924,0.0,0.0,0.0,0.0,0.0,0.0,,0.5,0,0,0.0,0.0,2.52,2.52,10.99,0.0,10.99,0.0,0.0,0.0,0.0,,,,,-0.7497707154824482,0.661697721172544,-0.7497707154824482,0.661697721172544,-10.322995839143072,8.253472450551818,3.0,233.0,,0.0,0.0,3,0.0,0.0,0.5115,0.0,-0.0,67.075,0.22916666666666696,127,5,2018,36
2018-05-08,0.0,0.0,0,0.0,4.9,11.8,7.629166666666666,21.5,13.141666666666666,-9.39306817889348,8.949020999667463,54.833333333333336,146.16666666666666,594.0,37.791666666666664,,,,,,,,315.0817597352941,0.9843939251631247,0.0,0.0,0.0,0.0,0.0,0.0,,0.4583333333333333,0,0,0.0,0.0,2.52,2.52,10.99,0.0,10.99,0.0,0.0,0.0,0.0,,,,,-0.7060970367879265,0.7081150857306386,-0.7060970367879265,0.7081150857306386,-5.1505323847599245,4.907046514817659,4.0,234.0,,0.0,0.0,4,0.0,0.0,0.5424444444444445,0.0,-0.0,52.56666666666666,1.2624999999999993,128,5,2018,37
2018-05-09,0.0,0.0,0,0.0,4.5,10.0,6.941666666666666,23.9,20.7875,-16.828869565532838,11.958875097749837,68.04166666666667,158.08333333333334,600.0,24.208333333333332,,,,,,,,306.5675336157355,0.9897396828045998,0.0,0.0,0.0,0.0,0.0,0.0,,0.625,0,0,0.0,0.0,2.52,2.52,10.99,0.0,10.99,0.0,0.0,0.0,0.0,,,,,-0.8031551943100682,0.5957698665195788,-0.8031551943100682,0.5957698665195788,-11.45064333354797,8.137017931093952,5.0,235.0,,0.0,0.0,5,0.0,0.0,0.5544166666666667,0.0,-0.0,103.9375,-0.6875,129,5,2018,38
2018-05-10,6.16,9.7,14,1.12,-1.9,4.9,1.9416666666666667,34.7,21.45,-18.064605523915052,11.491327275677259,92.83333333333333,96.41666666666667,480.0,85.04166666666667,,,,,,,,302.62499450187056,0.9967364951524283,0.7071428571428572,16.642857142857142,26.7,93.92857142857143,-14.179844761363084,8.606104681654747,301.99707752202,0.0,0,7,6.16,6.16,8.68,8.68,17.15,0.0,17.15,0.0,0.0,0.0,0.0,,,,,-0.842217285452245,0.5391382420914433,-0.848075124572579,0.5298760072707619,-16.769975461367807,10.667782154253722,0.0,236.0,1.0,0.7096774193548387,100.0,0,1.1333800892857142,6.16,0.4826111111111111,102.52,0.0,0.0,-5.0,130,5,2018,39
2018-05-11,8.540000000000001,13.1,23,3.22,-3.0,1.7,-1.3666666666666665,27.5,18.808333333333334,-16.50262295417079,6.8293752576970315,92.70833333333333,82.91666666666667,370.0,97.375,,,,,,,,289.8916964593626,0.9397528366301622,-1.4043478260869564,18.62608695652174,27.5,92.95652173913044,-16.372080203847876,6.596385352494133,289.3346968438137,0.0,0,13,14.700000000000001,14.700000000000001,14.700000000000001,17.22,25.69,0.0,25.69,0.0,0.0,0.0,0.0,,,,,-0.9403374463438484,0.3402432762062023,-0.9436006275628378,0.3310858735479645,-15.299306697095835,6.331399978489956,0.0,237.0,0.580952380952381,1.0,100.0,0,1.8679367244801515,14.700000000000001,0.4020833333333333,159.06678260869566,0.0,0.0,-3.308333333333333,131,5,2018,40
2018-05-12,16.24,32.4,20,3.78,1.4,2.9,2.15,30.3,22.21666666666667,0.39760476349841944,-21.644790835301905,97.70833333333333,47.25,239.0,100.0,,,,,,,,180.32023409504845,0.9681170503962593,2.04,22.44,30.3,97.6,0.3155405902714875,-21.758513025447854,180.85411556343513,0.0,0,11,24.78,30.939999999999998,30.939999999999998,33.46,41.93,0.0,41.93,0.0,0.0,0.0,0.0,,,,,-0.005589110236417054,-0.999984380801403,-0.01490657666406263,-0.9998888908134536,0.3884929876682473,-21.148764378659568,0.0,0.0,0.5248868778280543,1.0,100.0,0,2.325251320000001,30.939999999999998,0.4216388888888889,364.4256,0.0,0.0,3.5166666666666666,132,5,2018,41
2018-05-13,0.0,4.3,0,0.0,2.3,4.6,3.2291666666666665,24.4,20.404166666666665,7.837467946481605,-18.38254295207428,97.70833333333333,48.0,202.0,100.0,,,,,,,,155.9060569382258,0.9796193408743143,0.0,0.0,0.0,0.0,0.0,0.0,,0.0,0,0,16.24,24.78,30.94,33.46,41.93,0.0,41.93,0.0,0.0,0.0,0.0,,,,,0.4082339591907977,-0.9128773381804404,0.4082339591907977,-0.9128773381804404,7.657859306041401,-17.961276342755912,1.0,1.0,0.0,0.8009049773755657,0.0,1,0.0,12.39,0.4599166666666667,0.0,-0.0,20.404166666666665,1.0791666666666666,133,5,2018,42
2018-05-14,0.0,0.7000000000000001,0,0.0,-1.4,9.3,2.9583333333333335,17.7,5.979166666666667,1.377186811036829,0.2729769277111377,75.83333333333333,157.375,600.0,29.25,,,,,,,,30.976932114935277,0.235923587296691,0.0,0.0,0.0,0.0,0.0,0.0,,0.625,1,0,0.0,16.240000000000002,30.94,33.46,35.98,1.0,41.93,0.0,0.0,0.0,0.0,,,,,0.5146929285819436,0.8573745909856102,0.5146929285819436,0.8573745909856102,1.044366665036262,0.20700750351427938,2.0,2.0,0.0,0.5248868778280543,0.0,2,0.0,5.413333333333334,0.5643611111111111,0.0,-0.0,11.958333333333334,-0.27083333333333304,134,5,2018,43
2018-05-15,0.21000000000000002,1.2,2,0.14,-3.1,6.7,1.5583333333333333,11.5,6.5874999999999995,-3.042225533955293,-1.2632803771249301,72.91666666666667,131.875,526.0,63.666666666666664,,,,,,,,260.1749174347528,0.5485499889343595,1.75,11.15,11.5,99.5,0.589557006222228,-11.132703754897108,176.99999999999997,0.2916666666666667,0,2,0.20999999999999647,0.21000000000000002,31.150000000000002,33.67,33.67,1.0,42.14,0.0,0.0,0.0,0.0,,,,,-0.9853332908789936,-0.17064086815758028,0.05233595624294425,-0.9986295347545738,-2.2182894518424012,-0.921141941653595,0.0,3.0,1.0,0.006741573033707865,2.415,3,0.037275820312500006,0.21000000000000002,0.4798611111111111,2.3415000000000004,0.0,19.7625,-1.4000000000000001,135,5,2018,44
2018-05-16,0.0,0.0,0,0.0,-2.9,5.1,0.49583333333333335,6.8,3.725,0.4642320439251384,0.10517787893939945,83.95833333333333,144.45833333333334,588.0,35.958333333333336,,,,,,,,68.61078823779907,0.1467262364360337,0.0,0.0,0.0,0.0,0.0,0.0,,0.5833333333333334,1,0,0.20999999999999647,0.21000000000000002,31.150000000000002,33.67,33.67,2.0,42.14,0.0,0.0,0.0,0.0,,,,,0.9311245021059259,0.36470146911959594,0.9311245021059259,0.36470146911959594,0.38976148687881407,0.08830559419287079,1.0,4.0,0.0,0.006741573033707865,0.0,4,0.0,0.10500000000000001,0.4895,0.0,-0.0,14.9,-1.0625,136,5,2018,45
2018-05-17,0.0,0.0,0,0.0,-3.0,7.2,2.1041666666666665,10.7,8.983333333333333,-6.693257477936656,5.779002748781977,69.58333333333333,145.125,566.0,19.666666666666668,,,,,,,,310.9478852314391,0.9851347675413786,0.0,0.0,0.0,0.0,0.0,0.0,,0.6666666666666666,1,0,0.0,0.21000000000000002,24.990000000000002,33.67,33.67,3.0,42.14,0.0,0.0,0.0,0.0,,,,,-0.7553060023775571,0.6553722932596662,-0.7553060023775571,0.6553722932596662,-4.657391661730923,4.021222746027459,2.0,5.0,0.0,0.008403361344537815,0.0,5,0.0,0.07,0.4886944444444445,0.0,-0.0,44.916666666666664,1.6083333333333332,137,5,2018,46
2018-05-18,0.0,0.0,0,0.0,0.6,4.9,2.6166666666666667,12.8,10.079166666666667,-8.589088735121925,4.95267018395123,94.25,108.29166666666667,496.0,82.125,,,,,,,,300.9374407678004,0.9848417783561697,0.0,0.0,0.0,0.0,0.0,0.0,,0.041666666666666664,0,0,0.0,0.0,16.450000000000003,31.150000000000002,33.67,3.0,42.14,0.0,0.0,0.0,0.0,,,,,-0.8577291414776401,0.5141018574757636,-0.8577291414776401,0.5141018574757636,-8.095216132852414,4.6678916483740345,3.0,6.0,,0.0,0.0,6,0.0,0.0,0.49524999999999997,0.0,-0.0,60.47500000000001,0.5125000000000002,138,5,2018,47
2018-05-19,0.0,0.2,0,0.0,-0.3,4.5,1.8458333333333332,13.4,9.858333333333333,-7.630776287629467,6.11288568804716,92.0,131.08333333333334,505.0,65.375,,,,,,,,310.12170823963896,0.991159880196132,0.0,0.0,0.0,0.0,0.0,0.0,,0.041666666666666664,1,0,0.0,0.0,0.21000000000000002,31.150000000000002,33.67,4.0,42.14,0.0,0.0,0.0,0.0,,,,,-0.7646773002958734,0.6444133971389907,-0.7646773002958734,0.6444133971389907,-7.020314184619109,5.623854833003387,4.0,7.0,,0.0,0.0,4,0.0,0.0,0.4940555555555555,0.0,-0.0,39.43333333333333,-0.7708333333333335,139,5,2018,48
2018-05-20,0.0,0.4,0,0.0,0.2,3.4,1.8958333333333333,20.2,16.816666666666666,-14.35336379449638,8.65509174328079,94.625,101.58333333333333,422.0,74.875,,,,,,,,301.25298935369614,0.9966505708686557,0.0,0.0,0.0,0.0,0.0,0.0,,0.0,0,0,0.0,0.0,0.21000000000000002,31.150000000000002,33.67,4.0,42.14,0.0,0.0,0.0,0.0,,,,,-0.8548848029999327,0.518817861681502,-0.8548848029999327,0.518817861681502,-13.5818704905422,8.189880562079447,5.0,8.0,,0.0,0.0,5,0.0,0.0,0.45869444444444446,0.0,-0.0,84.08333333333333,0.050000000000000044,140,5,2018,49
2018-05-21,0.0,1.0,0,0.0,3.0,4.4,3.4958333333333336,28.7,23.670833333333334,-21.44688124165044,9.855411982651523,97.29166666666667,92.41666666666667,452.0,95.875,,,,,,,,294.41532516516844,0.9971731816179009,0.0,0.0,0.0,0.0,0.0,0.0,,0.0,0,0,0.0,0.0,0.21000000000000002,31.150000000000002,33.67,3.0,42.14,0.0,0.0,0.0,0.0,,,,,-0.9105731332928876,0.4133479997836848,-0.9105731332928876,0.4133479997836848,-20.866028208022406,9.588494574788044,6.0,9.0,,0.0,0.0,6,0.0,0.0,0.4836944444444445,0.0,-0.0,142.025,1.6000000000000003,141,5,2018,50
2018-05-22,0.0,0.8,0,0.0,3.1,5.7,4.345833333333333,27.4,18.904166666666665,-18.096019693953703,4.858610718857715,99.625,46.875,258.0,100.0,,,,,,,,284.37679579646624,0.9911868543107378,0.0,0.0,0.0,0.0,0.0,0.0,,0.0,0,0,0.0,0.0,0.0,31.150000000000002,33.67,3.0,42.14,0.0,0.0,0.0,0.0,,,,,-0.9686837985496921,0.24829760052674604,-0.9686837985496921,0.24829760052674604,-18.028159620101377,4.840390928661999,7.0,10.0,,,0.0,6,0.0,0.0,0.49,0.0,-0.0,113.42499999999998,0.8499999999999996,142,5,2018,51
2018-05-23,0.0,0.1,0,0.0,1.6,10.8,5.895833333333333,13.2,9.379166666666666,-7.923126936853282,4.271293473806072,86.95833333333333,132.79166666666666,508.0,47.666666666666664,,,,,,,,298.3830990271128,0.9541397649721767,0.0,0.0,0.0,0.0,0.0,0.0,,0.125,0,0,0.0,0.0,0.0,31.150000000000002,33.67,2.0,42.14,0.0,0.0,0.0,0.0,,,,,-0.8797888330936324,0.47536471173588873,-0.8797888330936324,0.47536471173588873,-6.889819132171999,3.7142456165971964,8.0,11.0,,,0.0,6,0.0,0.0,0.618388888888889,0.0,-0.0,56.275,1.5499999999999998,143,5,2018,52
2018-05-24,0.0,0.0,0,0.0,1.9,11.1,5.5249999999999995,8.0,5.1499999999999995,-1.6530839740931622,0.6402922080162272,75.04166666666667,139.45833333333334,558.0,28.5,,,,,,,,284.99625043243714,0.256365384251173,0.0,0.0,0.0,0.0,0.0,0.0,,0.7083333333333334,0,0,0.0,0.0,0.0,24.990000000000002,33.67,1.0,42.14,0.0,0.0,0.0,0.0,,,,,-0.965942761934139,0.2587558321411274,-0.965942761934139,0.2587558321411274,-1.2405017655590773,0.48048594443217724,9.0,12.0,,,0.0,6,0.0,0.0,0.5897777777777778,0.0,-0.0,30.9,-0.37083333333333357,144,5,2018,53
2018-05-25,0.0,0.0,0,0.0,1.9,11.3,6.2749999999999995,6.3,3.6750000000000003,-0.9429380351466451,2.1261493867903307,62.583333333333336,139.58333333333334,545.0,0.9583333333333334,,,,,,,,326.44487632432805,0.5420746213457819,0.0,0.0,0.0,0.0,0.0,0.0,,0.9583333333333334,0,0,0.0,0.0,0.0,16.450000000000003,33.67,1.0,42.14,0.0,0.0,0.0,0.0,,,,,-0.5527390026545792,0.8333544233664456,-0.5527390026545792,0.8333544233664456,-0.5901220536626087,1.3306151578996153,10.0,13.0,,,0.0,6,0.0,0.0,0.5527777777777779,0.0,-0.0,22.05,0.75,145,5,2018,54
2018-05-26,0.0,0.0,0,0.0,1.8,11.4,6.066666666666666,12.1,7.825,-5.010480866012426,5.615934149408552,57.791666666666664,139.58333333333334,547.0,7.125,,,,,,,,320.15782590185785,0.9610322650485229,0.0,0.0,0.0,0.0,0.0,0.0,,0.8333333333333334,0,0,0.0,0.0,0.0,0.21000000000000002,33.67,0.0,42.14,0.0,0.0,0.0,0.0,,,,,-0.6406750417578262,0.7678121455594511,-0.6406750417578262,0.7678121455594511,-2.895640400483014,3.2455419438456925,11.0,14.0,,,0.0,6,0.0,0.0,0.5390277777777778,0.0,-0.0,46.95,-0.20833333333333304,146,5,2018,55
2018-05-27,0.0,0.0,0,0.0,2.8,10.2,5.658333333333334,14.4,8.108333333333333,-4.854748710481475,5.715042067206636,77.58333333333333,119.20833333333333,515.0,71.58333333333333,,,,,,,,327.135314515156,0.92562265287957,0.0,0.0,0.0,0.0,0.0,0.0,,0.041666666666666664,0,0,0.0,0.0,0.0,0.21000000000000002,33.67,0.0,42.14,0.0,0.0,0.0,0.0,,,,,-0.5426568432744951,0.8399544930812384,-0.5426568432744951,0.8399544930812384,-3.7664758745485445,4.433920137141149,12.0,15.0,,,0.0,6,0.0,0.0,0.56475,0.0,-0.0,48.64999999999999,-0.4083333333333323,147,5,2018,56
2018-05-28,0.0,0.0,0,0.0,3.2,10.8,6.2875000000000005,12.8,8.254166666666666,-4.818250942439584,6.482880143945927,67.375,105.04166666666667,440.0,78.375,,,,,,,,325.2665073858836,0.9759783023863577,0.0,0.0,0.0,0.0,0.0,0.0,,0.08333333333333333,0,0,0.0,0.0,0.0,0.21000000000000002,33.67,0.0,42.14,0.0,0.0,0.0,0.0,,,,,-0.5697600156941744,0.8218111245999132,-0.5697600156941744,0.8218111245999132,-3.24629657246867,4.367840496983568,13.0,16.0,,,0.0,6,0.0,0.0,0.534611111111111,0.0,-0.0,49.525,0.6291666666666664,148,5,2018,57
2018-05-29,0.0,3.3000000000000003,0,0.0,2.0,6.9,5.2749999999999995,28.2,16.537499999999998,-12.872533743845429,10.12314677907258,87.0,39.375,174.0,71.54166666666667,,,,,,,,307.7335687518379,0.9887876559106862,0.0,0.0,0.0,0.0,0.0,0.0,,0.20833333333333334,0,0,0.0,0.0,0.0,0.0,33.67,0.0,42.14,0.0,0.0,0.0,0.0,,,,,-0.7908651125197138,0.6119905013962066,-0.7908651125197138,0.6119905013962066,-11.199104357145522,8.807137697793145,14.0,17.0,,,0.0,6,0.0,0.0,0.4695833333333333,0.0,-0.0,99.225,-1.012500000000001,149,5,2018,58
2018-05-30,1.19,1.7,7,0.49,-0.9,4.1,1.1416666666666666,24.5,12.533333333333333,-9.310700377084972,1.459297028295784,91.45833333333333,90.16666666666667,376.0,71.75,,,,,,,,272.2454977402923,0.6918123628606324,0.11428571428571425,12.071428571428571,24.5,95.42857142857143,-5.657418309625972,-1.775073630859115,221.07472534879798,0.0,1,5,1.1899999999999964,1.19,1.19,1.19,34.86,1.0,43.33,0.0,0.0,0.0,0.0,,,,,-0.9992321181628507,0.039181296964019806,-0.657042765529738,-0.7538533042078106,-8.515411386542297,1.3346487404621856,0.0,18.0,1.0,1.0,29.154999999999998,0,0.2497224107142857,1.19,0.45608333333333334,14.364999999999998,0.0,0.0,-4.133333333333333,150,5,2018,59
2018-05-31,4.41,6.2,21,0.42,-1.5,2.7,0.05833333333333333,21.6,17.158333333333335,-5.835209866478407,-9.85166654865558,92.75,72.20833333333333,340.0,86.125,,,,,,,,211.45609949315315,0.6843098224266239,0.24285714285714288,17.23333333333333,21.6,91.80952380952381,-6.727285253950008,-9.186439216960247,216.76029997618755,0.0,1,14,5.599999999999996,5.6,5.6,5.6,39.27,2.0,47.74,0.0,0.0,0.0,0.0,,,,,-0.5218451113612005,-0.8530402568158295,-0.5984686310958445,-0.8011462398303234,-5.4121571511587225,-9.13742072387805,0.0,19.0,0.7875000000000001,1.0,95.25600000000001,0,0.84399590625,5.6,0.4173055555555556,75.999,0.0,0.0,-1.0833333333333333,151,5,2018,60
2018-06-01,0.0,0.0,0,0.0,-1.5,2.8,0.12499999999999996,19.6,12.450000000000001,6.03229275914106,-10.553437727019435,95.66666666666667,82.33333333333333,362.0,91.29166666666667,,,,,,,,152.706496601222,0.9733851513777098,0.0,0.0,0.0,0.0,0.0,0.0,,0.0,1,0,4.409999999999997,5.6,5.6,5.6,39.27,3.0,47.74,0.0,0.0,0.0,0.0,,,,,0.45854879382159397,-0.888669231876946,0.45854879382159397,-0.888669231876946,5.770893406244948,-10.096122092181927,1.0,20.0,0.0,1.0,0.0,1,0.0,2.8,0.43599999999999994,0.0,-0.0,12.450000000000001,0.06666666666666662,152,6,2018,61
2018-06-02,2.31,3.9000000000000004,16,0.28,0.8,2.6,1.6125,22.1,15.2875,8.297984772506576,-12.226110740630475,99.20833333333333,44.958333333333336,229.0,100.0,,,,,,,,139.68691151807317,0.9483961998246652,1.5125,18.475,22.1,99.0625,8.820036170212793,-16.030079807940034,150.5752202455813,0.0,0,12,2.3099999999999965,6.720000000000001,7.91,7.91,41.58,3.0,50.05,0.0,0.0,0.0,0.0,,,,,0.6469639843773914,-0.762520559013677,0.49128049747480645,-0.8710014195171594,8.232292393057564,-12.129320697267149,0.0,21.0,0.34375,0.8495575221238939,51.051,2,0.3769583876953125,6.720000000000001,0.4184444444444444,42.67725,0.0,30.575,1.4875,153,6,2018,62
2018-06-03,0.0,1.9000000000000001,0,0.0,2.2,5.1,3.5833333333333335,6.6,4.3500000000000005,3.341509619979932,-2.2413403244766794,99.875,30.5,128.0,100.0,,,,,,,,124.84823301840021,0.9049914122200217,0.0,0.0,0.0,0.0,0.0,0.0,,0.0,0,0,2.3099999999999965,2.31,7.91,7.91,39.059999999999995,3.0,50.05,0.0,0.0,0.0,0.0,,,,,0.8206684772915726,-0.5714046292951535,0.8206684772915726,-0.5714046292951535,3.337332732954957,-2.2385386490710832,1.0,22.0,0.0,0.2920353982300885,0.0,3,0.0,1.155,0.46658333333333335,0.0,-0.0,13.05,1.9708333333333334,154,6,2018,63
2018-06-04,0.0,0.6000000000000001,0,0.0,1.5,5.8,3.3041666666666667,8.2,5.291666666666667,2.0778710144270183,-3.6064098808752836,95.70833333333333,64.75,281.0,95.125,,,,,,,,145.6903821811878,0.7743404673815951,0.0,0.0,0.0,0.0,0.0,0.0,,0.0,0,0,0.0,2.31,7.91,7.91,39.059999999999995,3.0,50.05,0.0,0.0,0.0,0.0,,,,,0.5636647120092528,-0.8260036879067345,0.5636647120092528,-0.8260036879067345,1.9886957167245254,-3.4516347901543853,2.0,23.0,0.0,0.2920353982300885,0.0,4,0.0,0.77,0.4910833333333333,0.0,-0.0,21.166666666666668,-0.2791666666666668,155,6,2018,64
2018-06-05,0.0,0.2,0,0.0,0.4,5.0,2.2291666666666665,14.8,8.9625,8.790183465295454,0.6470487171490534,90.70833333333333,91.0,483.0,73.375,,,,,,,,82.96083572901335,0.9798514015333388,0.0,0.0,0.0,0.0,0.0,0.0,,0.08333333333333333,0,0,0.0,0.0,7.91,7.91,39.059999999999995,3.0,50.05,0.0,0.0,0.0,0.0,,,,,0.9924626165333809,0.122547765315062,0.9924626165333809,0.122547765315062,7.973428918311751,0.5869271071806206,3.0,24.0,,0.0,0.0,5,0.0,0.0,0.47413888888888883,0.0,-0.0,44.8125,-1.0750000000000002,156,6,2018,65
2018-06-06,0.0,0.0,0,0.0,2.3,6.6,3.8375,16.7,13.862499999999999,10.165507696877436,8.239357783242076,92.54166666666667,85.29166666666667,403.0,66.75,,,,,,,,52.03129724106654,0.9401968218201578,0.0,0.0,0.0,0.0,0.0,0.0,,0.20833333333333334,0,0,0.0,0.0,6.720000000000001,7.91,39.059999999999995,2.0,50.05,0.0,0.0,0.0,0.0,,,,,0.7883469348922618,0.6152309405792072,0.7883469348922618,0.6152309405792072,9.407330247818662,7.624839015241938,4.0,25.0,,0.0,0.0,6,0.0,0.0,0.512,0.0,-0.0,83.175,1.6083333333333334,157,6,2018,66
2018-06-07,0.28,1.3,1,0.28,3.2,8.4,5.416666666666667,22.9,16.900000000000002,-8.784488807409524,13.431689110489586,76.33333333333333,113.375,468.0,49.708333333333336,,,,,,,,329.15359466944875,0.9436518614910634,5.2,16.2,16.2,89.0,-8.584692080577922,13.738379157734098,328.0,0.4166666666666667,0,1,0.2799999999999965,0.28,2.59,8.19,39.339999999999996,1.0,50.33,0.0,0.0,0.0,0.0,,,,,-0.5127383906387016,0.8585448985144774,-0.529919264233205,0.8480480961564258,-6.705493122989269,10.252856021007052,0.0,26.0,1.0,0.10810810810810813,6.412,5,0.026795999999999976,0.28,0.5166944444444445,4.5360000000000005,0.0,84.50000000000001,1.579166666666667,158,6,2018,67
2018-06-08,2.2399999999999998,11.1,9,0.49,2.4,5.5,3.420833333333333,39.8,31.995833333333334,-27.011444199451834,16.94880564062033,97.79166666666667,31.5,138.0,94.875,,,,,,,,302.4487037233141,0.9960678119804168,2.711111111111111,32.71111111111111,36.7,100.0,-28.021633860066515,16.823886105102503,301.0002030971515,0.0,0,7,2.519999999999996,2.5199999999999996,4.83,10.43,41.58,0.0,52.57,0.0,0.0,0.0,0.0,,,,,-0.843872146128952,0.5365443140950398,-0.8571654750340549,0.5150411133197454,-26.41494147338061,16.57451951605663,0.0,27.0,0.888888888888889,0.5217391304347825,89.15199999999999,6,0.24127841975308648,2.5199999999999996,0.46919444444444447,73.27288888888887,0.0,191.975,-1.995833333333334,159,6,2018,68
2018-06-09,0.0,0.30000000000000004,0,0.0,1.4,6.0,3.220833333333333,25.1,10.333333333333334,-8.446639553743193,4.594348737915787,96.45833333333333,80.91666666666667,373.0,74.0,,,,,,,,304.22247204769775,0.8179422312811799,0.0,0.0,0.0,0.0,0.0,0.0,,0.08333333333333333,0,0,2.239999999999996,2.52,2.52,10.43,35.42,0.0,52.57,0.0,0.0,0.0,0.0,,,,,-0.8268600552569721,0.5624077248939928,-0.8268600552569721,0.5624077248939928,-8.147487736214789,4.431632220114603,1.0,28.0,0.0,1.0,0.0,1,0.0,1.26,0.5088055555555555,0.0,-0.0,10.333333333333334,-0.19999999999999973,160,6,2018,69
2018-06-10,0.0,0.0,0,0.0,-0.1,6.4,2.6333333333333333,10.5,7.070833333333333,5.505712504598374,3.2992715136755764,88.375,115.79166666666667,489.0,58.875,,,,,,,,55.545453887856986,0.9178464676945219,0.0,0.0,0.0,0.0,0.0,0.0,,0.2916666666666667,1,0,0.0,2.24,2.52,10.43,26.88,1.0,52.57,0.0,0.0,0.0,0.0,,,,,0.8245752706366665,0.5657522629689326,0.8245752706366665,0.5657522629689326,4.865673425938812,2.9157312002107902,2.0,29.0,0.0,0.888888888888889,0.0,2,0.0,0.7466666666666667,0.514,0.0,-0.0,14.141666666666666,-0.5874999999999999,161,6,2018,70
2018-06-11,0.0,0.0,0,0.0,-0.5,6.9,2.1083333333333334,11.8,7.2124999999999995,-1.051768923862955,6.270387580896341,74.91666666666667,124.625,512.0,10.125,,,,,,,,345.5941693963839,0.8692022752203183,0.0,0.0,0.0,0.0,0.0,0.0,,0.8333333333333334,1,0,0.0,0.0,2.52,10.43,10.64,2.0,52.57,0.0,0.0,0.0,0.0,,,,,-0.2487884520284632,0.9685578486271644,-0.2487884520284632,0.9685578486271644,-0.7879502187939973,4.6975653626881755,3.0,30.0,,0.0,0.0,3,0.0,0.0,0.48613888888888895,0.0,-0.0,21.6375,-0.5249999999999999,162,6,2018,71
2018-06-12,2.8000000000000003,10.6,9,0.91,1.0,4.5,2.7083333333333335,25.2,19.695833333333333,-15.837722273519818,11.47743437110344,93.08333333333333,33.25,127.0,89.5,,,,,,,,306.17002935199923,0.9928224128419859,2.6666666666666665,19.733333333333334,25.2,89.44444444444444,-15.494144576783267,12.005754271433345,307.23518242695104,0.08333333333333333,0,4,2.799999999999997,2.8000000000000003,5.32,13.23,13.440000000000001,2.0,55.37,0.0,0.0,0.0,0.0,,,,,-0.8072691395733119,0.5901834768040907,-0.7961585142829425,0.6050881093979436,-14.74227981626803,10.683578493768785,0.0,31.0,1.0,0.5263157894736842,70.56,0,0.38671111111111117,2.8000000000000003,0.4324444444444444,55.253333333333345,0.0,0.0,0.6000000000000001,163,6,2018,72
2018-06-13,1.6800000000000002,6.1,12,0.49,0.4,2.9,1.7750000000000001,26.7,18.079166666666666,-15.201199670298125,9.73671441962459,98.25,65.95833333333333,315.0,99.0,,,,,,,,302.6255855077076,0.9987084850160767,1.55,18.325,26.7,98.08333333333333,-15.403956890740874,9.857386278929859,302.4176428023877,0.0,0,4,4.479999999999997,4.48,7.0,13.72,15.120000000000001,2.0,57.05,0.0,0.0,0.0,0.0,,,,,-0.8422117241976823,0.5391469295321704,-0.8441628910149728,0.5360867592407439,-14.935178676067908,9.56632191728116,0.0,32.0,0.375,0.64,44.856,1,0.27360571874999995,4.48,0.4359166666666667,30.786,0.0,18.079166666666666,-0.9333333333333333,164,6,2018,73
2018-06-14,6.72,10.1,22,0.7,-0.2,1.0,0.6208333333333333,42.6,28.2375,-24.11695916007551,14.573445674266322,96.45833333333333,60.375,357.0,98.125,,,,,,,,300.6273263751296,0.997936529951647,0.6863636363636364,28.454545454545453,42.6,96.68181818181819,-24.269699914445507,14.734048973374128,300.6844452507004,0.0,1,13,8.399999999999997,11.2,13.440000000000001,16.03,21.63,3.0,63.77,0.0,0.0,0.0,0.0,,,,,-0.8604991493389378,0.5094518760265433,-0.85999084291156,0.5103094650388768,-23.262816856489504,14.057302806636056,0.0,33.0,0.6,0.8333333333333331,100.0,0,1.0081588016528922,11.2,0.38399999999999995,191.21454545454543,0.0,0.0,-1.1541666666666668,165,6,2018,74
2018-06-15,18.48,26.4,24,2.03,-1.0,1.0,0.025000000000000005,41.6,27.162499999999998,-21.440571084724862,16.376731820012825,97.91666666666667,52.708333333333336,310.0,98.45833333333333,,,,,,,,306.9360527382117,0.9926311788111668,0.025000000000000005,27.162499999999998,41.6,97.91666666666667,-21.440571084724862,16.376731820012825,306.9360527382117,0.0,1,24,25.199999999999996,26.88,29.680000000000003,34.510000000000005,40.11,4.0,82.25,0.0,0.0,0.0,0.0,,,,,-0.7993066923839252,0.600923299190728,-0.7993066923839252,0.600923299190728,-20.993892520459763,16.03554990709589,0.0,0.0,0.6875,0.9056603773584905,100.0,0,3.0437372109375005,26.88,0.38375000000000004,501.96299999999997,0.0,0.0,-0.5958333333333333,166,6,2018,75
2018-06-16,6.44,9.4,22,1.33,-3.0,-1.5,-2.1374999999999997,32.1,25.958333333333332,-21.363555916446817,14.558759273070534,95.16666666666667,66.54166666666667,299.0,98.625,,,,,,,,304.4113134825187,0.9959078147064944,-2.1045454545454545,25.95909090909091,32.1,95.27272727272727,-21.33281145931327,14.596757205614132,304.49435778462373,0.0,0,21,24.92,31.64,36.120000000000005,38.64,46.55,4.0,88.69,0.0,0.0,0.0,0.0,,,,,-0.8250019252103749,0.5651299172749352,-0.8241819616135223,0.5663250781581957,-20.330984047151887,13.855085908205458,0.0,1.0,0.20353982300884957,0.8759689922480619,100.0,1,1.316458038997934,31.64,0.36158333333333337,167.17654545454548,0.0,25.958333333333332,-2.1624999999999996,167,6,2018,76
2018-06-17,6.51,9.3,24,0.84,-3.8,-0.3,-2.220833333333333,26.1,19.141666666666666,-15.405986092928478,5.830378700231478,96.0,53.25,251.0,97.625,,,,,,,,283.22765933704926,0.8168395497659988,-2.220833333333333,19.141666666666666,26.1,96.0,-15.405986092928478,5.830378700231478,283.22765933704926,0.0,0,24,12.949999999999996,31.43,42.63,45.15,53.06,3.0,95.2,0.0,0.0,0.0,0.0,,,,,-0.9734685538505782,0.2288208352927331,-0.9734685538505782,0.2288208352927331,-14.789746649211338,5.597163552222218,0.0,2.0,0.20712694877505566,0.7372742200328407,100.0,2,1.5130451442057287,31.43,0.3555,124.61224999999999,0.0,38.28333333333333,-0.08333333333333348,168,6,2018,77
2018-06-18,4.550000000000001,6.8,23,0.56,-1.7,1.0,-0.07083333333333333,22.7,17.662499999999998,0.37383084034924563,-17.421489818295733,95.58333333333333,52.833333333333336,225.0,96.04166666666667,,,,,,,,179.30686308234098,0.9858329117460501,-0.08260869565217392,17.830434782608698,22.7,95.65217391304348,0.48394503417117735,-17.586332892994985,178.88141213716474,0.0,1,16,11.059999999999997,17.5,47.18000000000001,49.7,57.61,3.0,99.75,0.0,0.0,0.0,0.0,,,,,0.012097226303677634,-0.999926825880653,0.01952180100457413,-0.9998094314845893,0.3573199782338206,-16.652040684654338,0.0,3.0,0.26000000000000006,0.3709198813056379,100.0,3,0.8912758952622871,17.5,0.37605555555555553,81.12847826086958,0.0,52.9875,2.15,169,6,2018,78
2018-06-19,0.42000000000000004,0.7,3,0.21,-0.8,2.0,0.49583333333333335,21.1,12.887500000000001,8.230790084083813,-7.602186848678946,96.375,53.75,222.0,89.08333333333333,,,,,,,,121.5976657455022,0.7525092333856779,-0.3333333333333333,19.866666666666667,21.1,97.0,8.309441994995948,-17.976865399244897,155.33282069289996,0.0,1,3,4.969999999999997,11.48,44.8,50.12,58.03,4.0,100.17,0.0,0.0,0.0,0.0,,,,,0.851748280845525,-0.5239512058166225,0.41734658530086666,-0.9087473949000935,7.932423943535774,-7.326607575414334,0.0,4.0,0.03658536585365854,0.25625000000000003,8.862000000000002,4,0.08155583333333334,11.48,0.40152777777777776,8.344000000000001,0.0,51.550000000000004,0.5666666666666667,170,6,2018,79
2018-06-20,0.0,0.0,0,0.0,-4.4,4.3,0.37083333333333335,7.3,4.891666666666667,-1.8362118373809933,3.4772840553361557,72.375,115.66666666666667,482.0,85.375,,,,,,,,329.69135794418537,0.8076774773258263,0.0,0.0,0.0,0.0,0.0,0.0,,0.08333333333333333,1,0,0.4199999999999965,4.970000000000001,43.12,50.12,58.03,5.0,100.17,0.0,0.0,0.0,0.0,,,,,-0.5046578460364001,0.8633194417096728,-0.5046578460364001,0.8633194417096728,-1.3289583173044937,2.5166843350495425,1.0,5.0,0.0,0.11525974025974028,0.0,5,0.0,2.4850000000000003,0.4139166666666667,0.0,-0.0,24.458333333333332,-0.125,171,6,2018,80
2018-06-21,0.0,0.0,0,0.0,-5.0,4.8,0.09166666666666663,6.4,4.391666666666667,-2.581594196430119,3.415236578269616,65.41666666666667,125.0,510.0,33.458333333333336,,,,,,,,323.3891855830774,0.9735970142200787,0.0,0.0,0.0,0.0,0.0,0.0,,0.5833333333333334,1,0,0.0,0.42000000000000004,36.4,49.839999999999996,58.03,5.0,100.17,0.0,0.0,0.0,0.0,,,,,-0.596376393880401,0.8027049251264183,-0.596376393880401,0.8027049251264183,-1.6887928701647028,2.2341339282847072,2.0,6.0,0.0,0.01153846153846154,0.0,6,0.0,0.14,0.40805555555555556,0.0,-0.0,26.35,-0.27916666666666673,172,6,2018,81
2018-06-22,0.0,0.0,0,0.0,-3.9,4.1,-0.6416666666666667,10.4,7.8,-4.342797649820883,6.32631932042266,66.58333333333333,129.29166666666666,523.0,9.666666666666666,,,,,,,,326.31146226141976,0.9829458254941976,0.0,0.0,0.0,0.0,0.0,0.0,,0.7916666666666666,1,0,0.0,0.0,17.920000000000005,47.6,58.03,5.0,100.17,0.0,0.0,0.0,0.0,,,,,-0.554677980428619,0.8320651044405291,-0.554677980428619,0.8320651044405291,-2.891579435172405,4.212274280848087,3.0,7.0,,0.0,0.0,5,0.0,0.0,0.39924999999999994,0.0,-0.0,39.0,-0.7333333333333334,173,6,2018,82
2018-06-23,0.0,0.0,0,0.0,-3.7,2.4,-0.5166666666666667,15.0,9.995833333333334,-7.517599889369628,6.188076211030356,69.83333333333333,123.625,500.0,48.708333333333336,,,,,,,,307.0873694555564,0.9700713230113052,0.0,0.0,0.0,0.0,0.0,0.0,,0.16666666666666666,1,0,0.0,0.0,11.480000000000004,47.6,58.03,6.0,100.17,0.0,0.0,0.0,0.0,,,,,-0.7977168833801799,0.6030321500303384,-0.7977168833801799,0.6030321500303384,-5.24979058940979,4.321339887369532,4.0,8.0,,0.0,0.0,6,0.0,0.0,0.36852777777777773,0.0,-0.0,59.975,0.125,174,6,2018,83
2018-06-24,0.0,0.0,0,0.0,-2.5,2.9,-0.12500000000000003,9.0,5.3500000000000005,-4.600534438185931,-1.1332302135731003,82.33333333333333,122.0,517.0,39.416666666666664,,,,,,,,250.73926573068223,0.8927549057455167,0.0,0.0,0.0,0.0,0.0,0.0,,0.375,1,0,0.0,0.0,4.970000000000004,47.6,58.03,7.0,100.17,0.0,0.0,0.0,0.0,,,,,-0.9440272368287742,-0.32986751298882017,-0.9440272368287742,-0.32986751298882017,-3.7877733541064162,-0.9330262091751859,5.0,9.0,,0.0,0.0,6,0.0,0.0,0.4202222222222222,0.0,-0.0,32.1,0.3916666666666667,175,6,2018,84
2018-06-25,0.0,0.0,0,0.0,-3.5,3.3,0.4041666666666666,6.7,4.254166666666666,2.371425750515923,1.1575915312274958,73.45833333333333,117.33333333333333,502.0,11.541666666666666,,,,,,,,66.93428295060734,0.5200313987169628,0.0,0.0,0.0,0.0,0.0,0.0,,0.875,1,0,0.0,0.0,0.4200000000000036,47.6,58.03,7.0,100.17,0.0,0.0,0.0,0.0,,,,,0.9200560877061136,0.3917866708744955,0.9200560877061136,0.3917866708744955,1.7420098325664883,0.8503474456475313,6.0,10.0,,0.0,0.0,6,0.0,0.0,0.39641666666666664,0.0,-0.0,25.525,0.5291666666666667,176,6,2018,85
2018-06-26,0.0,0.0,0,0.0,-5.7,4.8,0.6083333333333333,6.9,4.791666666666667,-0.25648028807287265,4.104199821136562,63.958333333333336,126.75,514.0,7.791666666666667,,,,,,,,350.2095804759485,0.8484058123856879,0.0,0.0,0.0,0.0,0.0,0.0,,0.7916666666666666,1,0,0.0,0.0,0.0,44.8,58.03,7.0,100.17,0.0,0.0,0.0,0.0,,,,,-0.17004472589579397,0.9854363455825162,-0.17004472589579397,0.9854363455825162,-0.16404051757994145,2.624977802268593,7.0,11.0,,,0.0,6,0.0,0.0,0.40436111111111117,0.0,-0.0,28.75,0.20416666666666666,177,6,2018,86
2018-06-27,0.0,0.0,0,0.0,-3.8,5.4,1.3375000000000001,10.6,5.916666666666667,1.579572049819175,4.371897525447687,66.45833333333333,124.625,524.0,85.16666666666667,,,,,,,,21.720781886823524,0.761517112455673,0.0,0.0,0.0,0.0,0.0,0.0,,0.0,1,0,0.0,0.0,0.0,43.12,58.03,7.0,100.17,0.0,0.0,0.0,0.0,,,,,0.3700837408027932,0.9289983987033621,0.3700837408027932,0.9289983987033621,1.0497572581089933,2.905490230453775,8.0,12.0,,,0.0,6,0.0,0.0,0.4246111111111111,0.0,-0.0,35.5,0.7291666666666669,178,6,2018,87
2018-06-28,1.82,7.1,7,0.49,-0.3,5.4,2.3291666666666666,14.7,7.2875000000000005,4.2002944196180385,4.850503070068805,93.29166666666667,59.25,289.0,96.54166666666667,,,,,,,,24.38105037888583,0.769472245088166,2.557142857142857,9.799999999999999,14.7,96.14285714285714,6.319768310916951,6.095176450890375,35.245527745818265,0.0,1,5,1.8199999999999965,1.82,1.8200000000000036,38.22,59.85,7.0,101.99,0.0,0.0,0.0,0.0,,,,,0.4128032138418331,0.9108202383795904,0.5770814448648397,0.8166866020651429,3.918524668968662,4.525115155785023,0.0,13.0,1.0,0.999999999999998,26.754,0,0.297165375,1.82,0.47047222222222224,17.836,0.0,0.0,0.9916666666666665,179,6,2018,88
2018-06-29,0.49,0.7,3,0.35,-0.8,2.4,0.4375,18.0,12.295833333333334,-9.699223673069945,7.468223577003887,94.25,87.41666666666667,433.0,98.375,,,,,,,,307.0901323519543,0.9950486576191435,0.5,7.866666666666667,9.5,99.0,-6.832982058904489,3.864729812977378,300.00152529388333,0.0,1,2,2.3099999999999965,2.31,2.3100000000000036,20.23,59.150000000000006,7.0,102.48,0.0,0.0,0.0,0.0,,,,,-0.79768780325405,0.6030706165448024,-0.8660120927774024,0.5000230546317876,-9.141518311868422,7.038800721326164,0.0,14.0,0.2121212121212121,0.9999999999999984,8.82,1,0.10493145833333335,2.31,0.4257777777777778,3.8546666666666667,0.0,12.295833333333334,-1.8916666666666666,180,6,2018,89
2018-06-30,4.48,6.3,20,0.77,-0.9,0.1,-0.42083333333333334,31.8,25.21666666666667,-21.461770937421335,12.985336820847278,97.04166666666667,39.041666666666664,239.0,100.0,,,,,,,,300.74260050340206,0.9951866179102948,-0.41500000000000004,25.54,31.8,97.2,-21.619246162967833,13.3343123190515,301.2419907816691,0.0,1,13,4.969999999999997,6.790000000000001,6.7900000000000045,18.27,59.22,7.0,106.96000000000001,0.0,0.0,0.0,0.0,,,,,-0.8594724355758775,0.5111820932752527,-0.8549843801969772,0.5186537473297486,-20.82686021385595,12.601187273230545,0.0,15.0,0.6597938144329897,0.9999999999999994,100.0,0,0.7940812600000001,6.790000000000001,0.3517222222222222,114.4192,0.0,0.0,-0.8583333333333334,181,6,2018,90
2018-07-01,0.0,0.0,0,0.0,-3.5,3.3,-0.33749999999999997,25.3,7.595833333333334,-3.4249920657996213,2.965786863836065,86.20833333333333,120.375,502.0,44.625,,,,,,,,315.75724003106274,0.4164925494392857,0.0,0.0,0.0,0.0,0.0,0.0,,0.4166666666666667,1,0,4.479999999999997,4.970000000000001,6.7900000000000045,11.760000000000002,59.22,7.0,106.96000000000001,0.0,0.0,0.0,0.0,,,,,-0.6976999406525899,0.7163901121689025,-0.6976999406525899,0.7163901121689025,-2.9526285767247566,2.5567554255320077,1.0,16.0,0.0,0.7319587628865976,0.0,1,0.0,2.4850000000000003,0.4409444444444444,0.0,-0.0,7.595833333333334,0.08333333333333337,182,7,2018,91
2018-07-02,0.0,0.0,0,0.0,-6.4,3.7,-1.5958333333333332,9.2,5.229166666666667,-1.240991548562848,4.600194813074487,73.25,130.08333333333334,525.0,19.666666666666668,,,,,,,,339.96440504709346,0.8904025406542861,0.0,0.0,0.0,0.0,0.0,0.0,,0.7916666666666666,1,0,0.0,4.48,6.7900000000000045,7.210000000000001,56.910000000000004,7.0,106.96000000000001,0.0,0.0,0.0,0.0,,,,,-0.34260386050542496,0.9394799597472951,-0.34260386050542496,0.9394799597472951,-0.9090263093222862,3.369642700577062,2.0,17.0,0.0,0.6597938144329893,0.0,2,0.0,1.4933333333333334,0.41311111111111115,0.0,-0.0,10.458333333333334,-1.2583333333333333,183,7,2018,92
2018-07-03,0.0,0.0,0,0.0,-2.8,4.9,1.4166666666666667,16.2,12.408333333333333,-8.251223524515714,9.027408081741706,64.45833333333333,119.33333333333333,470.0,37.291666666666664,,,,,,,,319.6142603766193,0.9834615398832278,0.0,0.0,0.0,0.0,0.0,0.0,,0.625,0,0,0.0,0.0,6.7900000000000045,6.790000000000001,56.910000000000004,6.0,106.96000000000001,0.0,0.0,0.0,0.0,,,,,-0.6479303413218588,0.7616995948499249,-0.6479303413218588,0.7616995948499249,-5.3186011635107535,5.8189167926893415,3.0,18.0,,0.0,0.0,3,0.0,0.0,0.40330555555555553,0.0,-0.0,37.225,3.0125,184,7,2018,93
2018-07-04,0.0,0.0,0,0.0,2.0,8.1,5.179166666666666,25.8,18.720833333333335,-13.851810902293792,12.461402870716768,40.625,97.0,458.0,51.791666666666664,,,,,,,,313.32516398817916,0.994141960232132,0.0,0.0,0.0,0.0,0.0,0.0,,0.25,0,0,0.0,0.0,6.7900000000000045,6.790000000000001,56.910000000000004,5.0,106.96000000000001,0.0,0.0,0.0,0.0,,,,,-0.7274714798641879,0.6861379205263388,-0.7274714798641879,0.6861379205263388,-5.6272981790568535,5.062444916228687,4.0,19.0,,0.0,0.0,4,0.0,0.0,0.38008333333333333,0.0,-0.0,74.88333333333334,3.7624999999999993,185,7,2018,94
2018-07-05,0.0,1.9,0,0.0,4.6,7.5,5.995833333333334,33.7,27.325,-20.427434233457188,18.102879215197827,75.04166666666667,123.58333333333333,518.0,39.958333333333336,,,,,,,,311.58263715762223,0.9987453540016367,0.0,0.0,0.0,0.0,0.0,0.0,,0.5,0,0,0.0,0.0,4.970000000000004,6.790000000000001,56.910000000000004,4.0,106.96000000000001,0.0,0.0,0.0,0.0,,,,,-0.7479992515402302,0.6636995703594025,-0.7479992515402302,0.6636995703594025,-15.329087106023499,13.584702277738039,5.0,20.0,,0.0,0.0,5,0.0,0.0,0.4991944444444445,0.0,-0.0,136.625,0.8166666666666673,186,7,2018,95
2018-07-06,11.13,23.9,10,2.73,-1.5,6.5,2.0958333333333337,36.9,28.729166666666668,-23.944214716796946,15.335095069862755,97.5,20.208333333333332,106.0,98.41666666666667,,,,,,,,302.58542362529704,0.9895433280317002,0.82,26.5,36.9,98.2,-23.946320207309885,11.138476698569551,295.2030111288901,0.0,0,10,11.129999999999997,11.13,15.610000000000005,17.92,68.04,3.0,118.09,0.0,0.0,0.0,0.0,,,,,-0.8425894361186596,0.5385564428555649,-0.9048046747633486,0.42582684336052723,-23.345609348877023,14.951717693116187,0.0,0.0,1.0,0.7130044843049326,100.0,0,1.7082115312500001,11.13,0.48291666666666666,294.945,0.0,0.0,-3.9,187,7,2018,96
2018-07-07,9.59,13.9,19,1.96,-2.2,-0.7,-1.4500000000000002,39.1,28.1125,-24.007668055052843,14.098501628622309,95.75,42.833333333333336,256.0,99.79166666666667,,,,,,,,299.75419434841814,0.9895868637920994,-1.4263157894736842,26.563157894736843,39.0,95.94736842105263,-22.672809979604256,13.27665338546771,299.63470883729065,0.0,0,17,20.72,20.72,20.720000000000006,27.51,77.35000000000001,2.0,127.68,0.0,0.0,0.0,0.0,,,,,-0.8681624865394668,0.4962800590046008,-0.8691955481547412,0.49446850159335626,-22.987342162713098,13.49931530940586,0.0,1.0,0.46283783783783783,0.9999999999999997,100.0,1,1.829850616083795,20.72,0.3477222222222222,254.74068421052633,0.0,28.1125,-3.545833333333334,188,7,2018,97
2018-07-08,2.87,4.2,20,0.35,-2.2,1.6,-0.3458333333333334,34.5,26.620833333333334,-24.07988252013568,10.354577549762624,96.70833333333333,27.875,137.0,100.0,,,,,,,,292.0144772708078,0.9829312537014149,-0.32,26.78,34.5,96.85,-24.114717880416915,10.795775811291325,293.00701952451675,0.0,0,18,12.459999999999997,23.59,23.590000000000003,30.380000000000003,77.98,1.0,130.55,0.0,0.0,0.0,0.0,,,,,-0.9270891708582402,0.37484085860186156,-0.9204569765832497,0.39084390011771064,-23.28725305384788,10.013739372082936,0.0,2.0,0.12166172106824927,0.9999999999999999,99.015,2,0.492591015,23.59,0.3765,76.85860000000001,0.0,53.24166666666667,1.1041666666666667,189,7,2018,98
2018-07-09,0.0,0.0,0,0.0,-2.3,2.4,0.12083333333333335,21.3,9.0875,-6.873682488055347,-4.28308279596776,89.66666666666667,111.875,497.0,56.041666666666664,,,,,,,,242.35743493031072,0.811796667261243,0.0,0.0,0.0,0.0,0.0,0.0,,0.125,1,0,2.8699999999999966,12.46,23.590000000000003,30.380000000000003,77.97999999999999,1.0,130.55,0.0,0.0,0.0,0.0,,,,,-0.8858591518062009,-0.463954268394201,-0.8858591518062009,-0.463954268394201,-6.163401964289628,-3.8404975737177587,1.0,3.0,0.0,0.5281899109792284,0.0,3,0.0,6.23,0.4268055555555556,0.0,-0.0,27.262500000000003,0.46666666666666673,190,7,2018,99
2018-07-10,0.0,0.0,0,0.0,-6.7,2.6,-1.3625,8.0,4.754166666666666,-2.5657919272591996,3.5967481034042006,69.5,134.58333333333334,535.0,5.333333333333333,,,,,,,,331.21846544831504,0.9239979443383843,0.0,0.0,0.0,0.0,0.0,0.0,,1.0,1,0,0.0,2.87,23.590000000000003,30.380000000000003,77.97999999999999,2.0,130.55,0.0,0.0,0.0,0.0,,,,,-0.4814712304549503,0.8764618954890144,-0.4814712304549503,0.8764618954890144,-1.7832253894451437,2.4997399318659195,2.0,4.0,0.0,0.12166172106824924,0.0,4,0.0,0.9566666666666667,0.37916666666666665,0.0,-0.0,19.016666666666666,-1.4833333333333334,191,7,2018,100
2018-07-11,0.0,0.0,0,0.0,-6.0,3.4,-2.216666666666667,8.6,4.8,-1.4600209690715802,4.106983462487421,70.29166666666667,137.83333333333334,551.0,0.875,,,,,,,,334.6609525943916,0.7911764251853179,0.0,0.0,0.0,0.0,0.0,0.0,,1.0,1,0,0.0,0.0,23.590000000000003,30.380000000000003,77.97999999999999,3.0,130.55,0.0,0.0,0.0,0.0,,,,,-0.4279739015905383,0.903791092873443,-0.4279739015905383,0.903791092873443,-1.0262730728432317,2.8868671255067837,3.0,5.0,,0.0,0.0,5,0.0,0.0,0.40175,0.0,-0.0,24.0,-0.8541666666666667,192,7,2018,101
2018-07-12,0.21000000000000002,0.30000000000000004,2,0.14,-6.2,1.9,-2.2083333333333335,9.6,5.3,-2.657392216484398,3.6745436381944354,84.95833333333333,112.16666666666667,504.0,54.625,,,,,,,,327.6198301306699,0.861944711978329,0.8999999999999999,6.449999999999999,6.6,79.0,-5.937374911644591,2.5174221839612785,293.0,0.041666666666666664,1,2,0.20999999999999647,0.21000000000000002,23.800000000000004,28.770000000000003,75.39,4.0,130.76,0.0,0.0,0.0,0.0,,,,,-0.5355345400930328,0.8445133251567697,-0.9205048534524405,0.3907311284892735,-2.2576761372548697,3.1218310326160226,0.0,6.0,1.0,0.008823529411764706,2.016,6,0.043923140625000016,0.21000000000000002,0.40019444444444446,1.3545,0.0,31.799999999999997,0.008333333333333304,193,7,2018,102
2018-07-13,0.07,0.1,1,0.07,-3.1,1.3,-1.1041666666666667,12.3,9.983333333333333,-8.65862466796994,-3.6485370267081048,90.0,113.41666666666667,516.0,70.08333333333333,,,,,,,,247.03729150157218,0.9393197447244399,-2.0,10.4,10.4,98.0,-10.091075553270363,-2.515987714236545,256.0,0.041666666666666664,1,1,0.2799999999999965,0.28,12.740000000000004,28.35,73.78,5.0,130.83,0.0,0.0,0.0,0.0,,,,,-0.9207589695244843,-0.39013192645592315,-0.9702957262759965,-0.24192189559966779,-7.7927622011729465,-3.2836833240372942,0.0,7.0,0.25,0.021978021978021973,0.8610000000000001,6,0.018270000000000005,0.28,0.4045,0.7280000000000001,0.0,59.89999999999999,1.1041666666666667,194,7,2018,103
2018-07-14,0.0,0.0,0,0.0,-5.1,3.2,-1.0791666666666666,9.7,5.833333333333333,-3.5910370187229446,0.9813675639816188,75.91666666666667,138.25,553.0,5.541666666666667,,,,,,,,284.988006843927,0.7058069122726811,0.0,0.0,0.0,0.0,0.0,0.0,,0.9583333333333334,1,0,0.06999999999999645,0.28,3.150000000000004,23.869999999999997,67.06,6.0,130.83,0.0,0.0,0.0,0.0,,,,,-0.9659799811460621,0.2586168517808796,-0.9659799811460621,0.2586168517808796,-2.726195603380502,0.7450215423227123,1.0,8.0,0.0,0.08888888888888878,0.0,6,0.0,0.14,0.4163333333333334,0.0,-0.0,35.0,0.025000000000000133,195,7,2018,104
2018-07-15,0.0,0.0,0,0.0,-4.9,1.0,-2.4,13.7,10.75,-7.290677691534516,7.821513103302201,73.125,129.83333333333334,523.0,12.0,,,,,,,,316.79477551359804,0.9940615457115779,0.0,0.0,0.0,0.0,0.0,0.0,,0.9166666666666666,1,0,0.0,0.07,0.2800000000000036,23.869999999999997,48.580000000000005,7.0,130.83,0.0,0.0,0.0,0.0,,,,,-0.6846135737148346,0.7289062043126007,-0.6846135737148346,0.7289062043126007,-5.331308061934615,5.719481456789734,2.0,9.0,0.0,0.24999999999999684,0.0,3,0.0,0.023333333333333334,0.3525277777777778,0.0,-0.0,32.25,-1.3208333333333333,196,7,2018,105
2018-07-16,0.07,0.1,1,0.07,-3.8,1.4,-0.8583333333333334,30.7,22.458333333333332,-18.398370317697175,12.777236922391658,83.79166666666667,105.625,488.0,54.541666666666664,,,,,,,,305.4467549849435,0.996106576866399,0.7,22.7,22.7,88.0,-18.364685772311308,13.342725227039134,306.0,0.2916666666666667,0,1,0.06999999999999645,0.07,0.3500000000000036,23.939999999999998,42.21000000000001,6.0,130.9,0.0,0.0,0.0,0.0,,,,,-0.8146548144782488,0.5799461468510761,-0.8090169943749476,0.5877852522924729,-15.416301128703758,10.706259771220678,0.0,10.0,1.0,0.19999999999999796,2.149,4,0.011656968750000005,0.07,0.38083333333333336,1.5890000000000002,0.0,89.83333333333333,1.5416666666666665,197,7,2018,106
2018-07-17,4.6899999999999995,6.7,5,2.24,-0.3,3.5,1.7333333333333334,40.3,28.183333333333334,-21.856766635446604,17.358772691012977,83.625,136.20833333333334,533.0,52.916666666666664,,,,,,,,308.76572609803543,0.9903588530664658,0.5800000000000001,29.0,34.0,93.4,-25.11593895392589,13.604091206484657,299.31988231740087,0.25,1,5,4.759999999999996,4.76,5.040000000000003,28.63,40.39,6.0,135.59,0.0,0.0,0.0,0.0,,,,,-0.7797126551330588,0.62613750520581,-0.871899398394256,0.4896850406942552,-18.277721098892222,14.5162736628596,0.0,11.0,0.9852941176470588,0.9444444444444439,100.0,0,0.7041155625,4.76,0.44733333333333336,136.01,0.0,0.0,2.591666666666667,198,7,2018,107
2018-07-18,0.49000000000000005,0.7000000000000001,3,0.28,-3.2,0.2,-1.1375,33.2,26.083333333333332,-22.646251835109226,12.748696165525923,93.70833333333333,107.33333333333333,426.0,73.45833333333333,,,,,,,,299.417144077523,0.9962380543588598,-0.5333333333333333,32.93333333333334,33.2,92.66666666666667,-29.299257397512505,14.943465453561567,297.0006098385439,0.0,1,3,5.179999999999996,5.25,5.530000000000003,29.12,36.330000000000005,6.0,136.08,0.0,0.0,0.0,0.0,,,,,-0.871066883605507,0.49116441675450195,-0.8910016920035304,0.45399998331150404,-21.22142515715027,11.946590698444915,0.0,12.0,0.09333333333333334,0.9493670886075944,16.268000000000004,1,0.07591461111111114,5.25,0.3883611111111111,16.137333333333338,0.0,26.083333333333332,-2.8708333333333336,199,7,2018,108
2018-07-19,0.98,1.4,3,0.7,-1.5,3.0,0.9666666666666667,34.3,28.875,-22.150047551983565,18.399583388467992,82.70833333333333,131.20833333333334,541.0,49.833333333333336,,,,,,,,310.0826375498143,0.9971732656350059,1.8,24.900000000000002,28.0,82.33333333333333,-16.89961122993687,18.282125919758844,317.33336342205956,0.2916666666666667,0,3,1.4699999999999964,6.159999999999999,6.3000000000000025,30.099999999999998,36.89,5.0,137.06,0.0,0.0,0.0,0.0,,,,,-0.7651165558162139,0.6438918045882667,-0.6777316130000691,0.7353093639688839,-18.319935162786404,15.217988760878734,0.0,13.0,0.15909090909090912,0.9777777777777773,33.614,2,0.13836987499999998,6.159999999999999,0.4298333333333333,24.402,0.0,57.75,2.1041666666666665,200,7,2018,109
2018-07-20,7.63,10.9,24,0.98,-2.8,1.9,-0.8416666666666667,26.6,21.92916666666667,-18.62426137586842,10.278499720769775,93.875,97.125,431.0,95.41666666666667,,,,,,,,299.4130210923131,0.966688513339425,-0.8416666666666667,21.92916666666667,26.6,93.875,-18.62426137586842,10.278499720769775,299.4130210923131,0.0,0,24,8.609999999999996,9.1,13.860000000000003,26.599999999999998,44.52,4.0,144.69,0.0,0.0,0.0,0.0,,,,,-0.8711022253780345,0.49110173380007116,-0.8711022253780345,0.49110173380007116,-17.48352536659648,9.648941612872626,0.0,14.0,0.8384615384615385,0.6565656565656564,100.0,0,1.501165823676215,9.1,0.4198888888888888,167.3195416666667,0.0,0.0,-1.8083333333333333,201,7,2018,110
2018-07-21,0.0,0.0,0,0.0,-5.7,0.1,-2.4583333333333335,28.0,14.495833333333332,-12.661589658393446,6.386796958469674,90.95833333333333,115.625,520.0,78.375,,,,,,,,301.6276935940286,0.9692787510007786,0.0,0.0,0.0,0.0,0.0,0.0,,0.0,1,0,7.629999999999996,8.61,13.860000000000003,17.009999999999998,44.52,4.0,144.69,0.0,0.0,0.0,0.0,,,,,-0.8514735690098937,0.5243975221886101,-0.8514735690098937,0.5243975221886101,-11.51677092678037,5.809324066808041,1.0,15.0,0.0,0.621212121212121,0.0,1,0.0,4.305,0.3825,0.0,-0.0,14.495833333333332,-1.6166666666666667,202,7,2018,111
2018-07-22,0.0,0.0,0,0.0,-6.6,0.9,-3.5124999999999997,9.0,6.904166666666666,-3.5438898297871546,5.561282750365128,80.70833333333333,132.375,499.0,25.5,,,,,,,,327.96886193213163,0.9552477327680513,0.0,0.0,0.0,0.0,0.0,0.0,,0.4583333333333333,1,0,0.0,7.63,13.860000000000003,14.139999999999997,44.52,4.0,144.69,0.0,0.0,0.0,0.0,,,,,-0.5303800677052685,0.8477599800538799,-0.5303800677052685,0.8477599800538799,-2.8602144167907158,4.488418619773855,2.0,16.0,0.0,0.5505050505050504,0.0,2,0.0,2.5433333333333334,0.37727777777777777,0.0,-0.0,13.808333333333332,-1.0541666666666663,203,7,2018,112
2018-07-23,2.31,3.3,4,0.91,-4.7,3.4,-0.08749999999999998,38.0,18.075,-12.720844271541866,12.726777138202856,59.541666666666664,126.70833333333333,578.0,33.791666666666664,,,,,,,,316.27831324563647,0.9945080319576841,0.8,33.8,38.0,75.0,-25.599355846834694,22.02166443457301,310.5,0.625,1,4,2.3099999999999974,2.31,16.1,16.45,46.83,5.0,147.0,0.0,0.0,0.0,0.0,,,,,-0.6911560084533748,0.7227055914954572,-0.7604059656000308,0.6494480483301839,-7.574202693347218,7.577735221038283,0.0,17.0,1.0,0.14347826086956522,87.78,3,0.30682575,2.31,0.3585,78.07799999999999,0.0,54.224999999999994,3.425,204,7,2018,113
2018-07-24,3.5700000000000003,5.2,12,1.12,-1.0,2.9,0.6333333333333333,38.0,31.891666666666666,-25.2190194843607,19.37293172897262,94.79166666666667,82.29166666666667,387.0,94.91666666666667,,,,,,,,307.4590079832102,0.9972494124440199,0.425,31.916666666666668,38.0,95.83333333333333,-25.684983863061248,18.704253598672405,305.99547204610144,0.0,0,6,5.879999999999997,5.880000000000001,14.980000000000004,20.02,50.4,4.0,150.57,0.0,0.0,0.0,0.0,,,,,-0.793788672932548,0.6081936720519084,-0.8090634431674704,0.587721315701581,-23.905528886216917,18.36392486808863,0.0,18.0,0.6071428571428571,0.39252336448598124,100.0,4,0.5136314257812501,5.880000000000001,0.4352777777777778,113.94250000000001,0.0,127.56666666666666,0.7208333333333333,205,7,2018,114
2018-07-25,0.28,1.2,2,0.21,0.0,2.4,1.4166666666666667,41.1,26.070833333333336,-23.337726597045986,11.499326142197441,95.66666666666667,112.41666666666667,448.0,84.95833333333333,,,,,,,,296.9171178034796,0.9982000090992564,1.9500000000000002,33.95,36.9,98.0,-30.989203899339014,13.853639420699647,294.0,0.0,0,1,3.849999999999998,6.16,14.770000000000005,20.299999999999997,50.68,3.0,150.85,0.0,0.0,0.0,0.0,,,,,-0.8916623194940158,0.4527011243575079,-0.9135454576426011,0.40673664307579976,-22.326425111173993,11.001022009368885,0.0,19.0,0.045454545454545456,0.41706161137440745,11.508000000000001,5,0.03243646875000001,6.16,0.44716666666666666,9.506000000000002,-0.0,130.35416666666669,0.7833333333333334,206,7,2018,115
2018-07-26,0.0,0.0,0,0.0,-0.8,2.4,0.5833333333333334,19.4,15.404166666666667,-13.174828849085081,7.88447312204427,94.08333333333333,107.04166666666667,470.0,82.95833333333333,,,,,,,,301.25264943274476,0.9968925959237819,0.0,0.0,0.0,0.0,0.0,0.0,,0.0,1,0,0.27999999999999736,3.8500000000000005,13.790000000000004,20.089999999999996,50.68,4.0,150.85,0.0,0.0,0.0,0.0,,,,,-0.8548878809962639,0.518812789863278,-0.8548878809962639,0.518812789863278,-12.395318142180878,7.417975128989983,1.0,20.0,0.0,0.2791878172588832,0.0,6,0.0,1.9250000000000003,0.4383055555555555,0.0,-0.0,92.425,-0.8333333333333334,207,7,2018,116
2018-07-27,0.0,0.30000000000000004,0,0.0,-0.5,3.0,1.7541666666666667,21.6,16.5,-14.102823666783019,8.407308117486027,95.41666666666667,91.125,384.0,84.0,,,,,,,,302.15066123558233,0.9932845052142504,0.0,0.0,0.0,0.0,0.0,0.0,,0.0,1,0,0.0,0.28,6.160000000000004,20.02,50.68,5.0,150.85,0.0,0.0,0.0,0.0,,,,,-0.8466517248208705,0.5321474014385911,-0.8466517248208705,0.5321474014385911,-13.456444248722132,8.02197316210125,2.0,21.0,0.0,0.045454545454545435,0.0,3,0.0,0.09333333333333334,0.4454722222222222,0.0,-0.0,49.5,1.1708333333333334,208,7,2018,117
2018-07-28,0.14,2.0,2,0.07,1.5,5.6,3.704166666666667,21.9,13.9,-10.178057824609835,8.818419440210045,84.875,137.375,551.0,44.666666666666664,,,,,,,,314.9713305919697,0.9624886859511272,2.45,9.15,9.3,95.0,-2.5220818057255405,8.79554451783562,344.0,0.375,0,2,0.13999999999999735,0.14,6.300000000000004,20.16,49.0,4.0,150.99,0.0,0.0,0.0,0.0,,,,,-0.7074605116055628,0.7067528737251766,-0.27563735581699894,0.9612616959383189,-8.638626578637597,7.484633499878275,0.0,22.0,1.0,0.02222222222222221,3.0660000000000003,4,0.023402640625,0.14,0.49894444444444447,1.2810000000000001,0.0,55.6,1.9500000000000004,209,7,2018,118
2018-07-29,3.71,8.7,14,0.63,-1.3,3.9,1.5458333333333334,35.9,27.133333333333336,-22.365187459549983,14.878649608183151,97.625,59.0,274.0,99.70833333333333,,,,,,,,305.4878693878751,0.9845106253307846,0.1357142857142857,29.849999999999998,34.2,98.71428571428571,-25.87506959004867,14.642659030748401,299.35236670952946,0.0,0,12,3.8499999999999974,3.85,10.010000000000003,23.87,52.22,3.0,154.7,0.0,0.0,0.0,0.0,,,,,-0.8142384460288882,0.5805305788745855,-0.8716216266421798,0.4901792936973577,-21.83401425738567,14.525281679988803,0.0,23.0,0.9636363636363636,0.38461538461538447,100.0,0,0.5735357734375,3.85,0.45141666666666663,110.7435,0.0,0.0,-2.1583333333333337,210,7,2018,119
2018-07-30,0.63,0.9,6,0.21,-2.8,-0.3,-1.5625,37.8,27.837500000000002,-24.200821217810297,13.638028482390737,96.33333333333333,86.75,365.0,99.75,,,,,,,,299.2937460296626,0.9978383230817395,-1.9333333333333333,33.550000000000004,37.8,96.83333333333333,-29.57370157685318,15.771724950085924,297.9995427372716,0.0,0,4,4.339999999999997,4.48,8.330000000000004,24.43,48.370000000000005,2.0,155.33,0.0,0.0,0.0,0.0,,,,,-0.872122684493253,0.4892872604026001,-0.8829513395613622,0.469464516195629,-23.313457773157253,13.13796743803641,0.0,24.0,0.140625,0.53781512605042,23.814,1,0.10912846875,4.48,0.37894444444444436,21.1365,0.0,27.837500000000002,-3.1083333333333334,211,7,2018,120
2018-07-31,2.24,3.2,17,0.42,-1.6,1.0,-0.5166666666666667,36.8,32.25833333333333,-26.199690772366832,18.677540283154638,95.5,47.125,177.0,93.83333333333333,,,,,,,,305.5846623643506,0.9975408009242253,-0.37058823529411766,31.58823529411765,36.8,95.94117647058823,-25.64788625957279,18.320160142658626,305.5898703983949,0.0,1,7,2.8699999999999974,6.58,7.0000000000000036,21.98,50.61,3.0,157.57,0.0,0.0,0.0,0.0,,,,,-0.8132565617148589,0.5819052885373408,-0.8132036647114278,0.581979208992816,-25.020704687610323,17.83705097041268,0.0,25.0,0.34042553191489366,0.9399999999999995,82.432,2,0.3514409342560554,6.58,0.3719722222222222,70.75764705882354,0.0,64.51666666666667,1.0458333333333334,212,7,2018,121
2018-08-01,1.96,2.8,7,0.63,-2.6,2.4,-0.06666666666666667,30.5,16.616666666666667,-14.216528932902008,7.404639833101455,90.45833333333333,129.375,563.0,65.79166666666667,,,,,,,,304.4701445214498,0.9141946249184323,0.3,28.74285714285714,30.5,98.71428571428571,-24.714743126346,14.543151275740902,300.5740508785244,0.25,1,7,4.1999999999999975,4.83,8.680000000000003,23.45,52.57,4.0,159.53,0.0,0.0,0.0,0.0,,,,,-0.8244212176481719,0.5659767273408913,-0.8609724823594168,0.5086515355524486,-12.860035130554275,6.698113782359691,0.0,26.0,0.40579710144927533,0.5564516129032256,59.78,3,0.30453149999999996,4.83,0.44111111111111106,56.33599999999999,0.0,49.85,0.45000000000000007,213,8,2018,122
2018-08-02,0.0,0.0,0,0.0,-2.5,4.6,0.7333333333333334,14.4,8.358333333333333,-3.9495138288979597,7.0400125402138505,70.04166666666667,164.29166666666666,600.0,6.083333333333333,,,,,,,,331.14158335985826,0.9624328718635897,0.0,0.0,0.0,0.0,0.0,0.0,,0.9583333333333334,1,0,1.9599999999999973,4.2,8.680000000000003,22.47,52.57,4.0,159.53,0.0,0.0,0.0,0.0,,,,,-0.48264687316563576,0.8758150465842858,-0.48264687316563576,0.8758150465842858,-2.766305310990613,4.930942116708119,1.0,27.0,0.0,0.48387096774193533,0.0,4,0.0,2.1,0.4452222222222222,0.0,-0.0,33.43333333333333,0.8,214,8,2018,123
2018-08-03,9.52,21.4,7,2.52,0.5,8.1,4.245833333333334,31.7,23.629166666666666,-16.70314720223421,16.50206328282916,65.95833333333333,133.45833333333334,556.0,93.16666666666667,,,,,,,,315.13177000577605,0.9945209111953137,2.2857142857142856,27.24285714285714,31.7,97.71428571428571,-19.468998979439416,18.476979336150404,314.29946685528415,0.0,0,7,9.519999999999996,11.48,18.200000000000003,24.36,62.09,3.0,169.05,0.0,0.0,0.0,0.0,,,,,-0.705478693975418,0.708731128388431,-0.7156992325182523,0.6984086257863549,-11.01711750880698,10.884485906966065,0.0,28.0,0.8292682926829268,0.6307692307692307,100.0,0,1.2107764285714284,11.48,0.4888333333333333,259.352,0.0,0.0,3.5125,215,8,2018,124
2018-08-04,4.62,6.6000000000000005,10,0.91,-1.1,1.4,0.2625,32.9,25.125,-21.79153764666462,12.20733935656223,97.58333333333333,74.70833333333333,433.0,99.33333333333333,,,,,,,,300.7368186434693,0.9901122790293518,-0.4,30.360000000000003,32.9,99.5,-27.01142045328906,13.806386329370891,297.09989272828375,0.0,1,10,14.139999999999997,14.14,22.680000000000003,28.98,66.71000000000001,4.0,173.67000000000002,0.0,0.0,0.0,0.0,,,,,-0.8595240158589083,0.5110953591667364,-0.8902136575010786,0.4555432405365624,-21.264908820203555,11.912328655445307,0.0,29.0,0.32673267326732675,0.6234567901234567,100.0,1,0.7453445999999999,14.14,0.40619444444444447,140.2632,0.0,25.125,-3.9833333333333334,216,8,2018,125
2018-08-05,0.0,0.0,0,0.0,-0.1,4.3,2.375,31.6,18.933333333333334,-13.352475729180869,13.320591306717661,83.625,158.29166666666666,600.0,36.125,,,,,,,,314.7944168670086,0.9955148047432686,0.0,0.0,0.0,0.0,0.0,0.0,,0.4583333333333333,1,0,4.6199999999999966,14.14,18.970000000000002,28.98,55.58,5.0,173.67000000000002,0.0,0.0,0.0,0.0,,,,,-0.7096393955810998,0.7045650631696773,-0.7096393955810998,0.7045650631696773,-11.166007828527501,11.139344480242643,1.0,30.0,0.0,0.7453874538745386,0.0,2,0.0,7.07,0.4798333333333334,0.0,-0.0,37.86666666666667,2.1125,217,8,2018,126
2018-08-06,13.79,19.7,17,2.24,-2.2,3.7,0.17083333333333328,25.0,20.775000000000002,-16.43151571093576,12.115753723868702,88.95833333333333,85.75,428.0,87.83333333333333,,,,,,,,307.56593028042437,0.9794674934771381,-0.8823529411764706,21.735294117647058,25.0,97.05882352941177,-18.601631006055825,11.182542320325842,301.05732787551733,0.0,1,17,13.789999999999996,18.41,32.13,40.459999999999994,59.779999999999994,6.0,187.46,0.0,0.0,0.0,0.0,,,,,-0.7926523131391338,0.609673937834955,-0.85665154513475,0.515895464428837,-14.617202517853269,10.777972583524866,0.0,0.0,0.7490494296577946,0.5729847494553376,100.0,0,2.732389786980969,18.41,0.4359166666666667,299.7297058823529,0.0,0.0,-2.2041666666666666,218,8,2018,127
2018-08-07,6.44,9.3,22,0.77,-3.3,-1.4,-2.4291666666666667,38.7,27.454166666666666,-23.96427966870552,13.340954243412982,96.375,68.41666666666667,273.0,98.25,,,,,,,,299.12517676448385,0.9990443938998291,-2.4909090909090907,26.727272727272727,34.7,96.31818181818181,-23.370931643535922,12.912007115643384,299.0001246533325,0.0,0,21,20.229999999999997,20.23,36.330000000000005,43.33,63.349999999999994,5.0,193.9,0.0,0.0,0.0,0.0,,,,,-0.8735584344394839,0.4867192842076816,-0.8746186523801466,0.48481152307751146,-23.095574530714945,12.857344652089262,0.0,1.0,0.31833910034602075,0.5568400770712909,100.0,1,1.3391673966942148,20.23,0.3668611111111111,172.12363636363636,0.0,27.454166666666666,-2.6,219,8,2018,128
2018-08-08,4.76,6.9,17,0.91,-1.6,1.2,-0.4875,39.9,29.94583333333333,-25.551376185902527,15.541202528658184,96.20833333333333,92.66666666666667,392.0,97.95833333333333,,,,,,,,301.08342111077667,0.9985927720744485,-0.38235294117647056,28.95294117647059,37.8,95.70588235294117,-24.685475012132326,15.04037617984574,301.1766134862415,0.0,1,16,11.199999999999996,24.99,39.13,47.809999999999995,68.11,5.0,198.66,0.0,0.0,0.0,0.0,,,,,-0.8564165108748037,0.5162855410536181,-0.8555756328483035,0.5176778307753047,-24.582553172187055,14.951931932779894,0.0,2.0,0.1904761904761905,0.6386404293381037,100.0,2,0.7883580147058822,24.99,0.4091388888888889,137.816,0.0,59.89166666666666,1.9416666666666667,220,8,2018,129
2018-08-09,0.0,0.0,0,0.0,-0.5,5.3,1.8458333333333332,21.5,13.262500000000001,-10.240387191084649,8.23056640329722,76.75,160.79166666666666,600.0,46.083333333333336,,,,,,,,309.1755592556119,0.9919554988099715,0.0,0.0,0.0,0.0,0.0,0.0,,0.2916666666666667,1,0,4.759999999999996,11.2,39.13,47.809999999999995,68.11,5.0,198.66,0.0,0.0,0.0,0.0,,,,,-0.7752140238534756,0.6316986759689329,-0.7752140238534756,0.6316986759689329,-7.859497169157468,6.316959714530616,1.0,3.0,0.0,0.28622540250447226,0.0,3,0.0,5.6,0.4808055555555555,0.0,-0.0,39.7875,2.333333333333333,221,8,2018,130
2018-08-10,0.0,0.0,0,0.0,2.2,6.2,4.020833333333333,40.7,28.962500000000002,-22.0013824135974,18.730339607965735,62.416666666666664,158.04166666666666,600.0,55.666666666666664,,,,,,,,310.20884108038695,0.9976411600169763,0.0,0.0,0.0,0.0,0.0,0.0,,0.375,0,0,0.0,4.76,29.610000000000003,47.809999999999995,68.11,5.0,198.66,0.0,0.0,0.0,0.0,,,,,-0.7636964215723656,0.6455755383203143,-0.7636964215723656,0.6455755383203143,-13.73252952315371,11.690853638638611,2.0,4.0,0.0,0.16075650118203308,0.0,4,0.0,1.5866666666666667,0.45119444444444445,0.0,-0.0,115.85000000000001,2.175,222,8,2018,131
2018-08-11,11.34,16.2,14,2.17,-2.4,4.3,1.5,33.4,20.679166666666667,-14.98610708798619,13.434498085239312,80.70833333333333,43.75,198.0,83.83333333333333,,,,,,,,312.0488557077543,0.9724809863571305,-0.06428571428571431,19.285714285714285,24.3,94.21428571428571,-15.670358864411067,10.386028823305429,304.63455798842483,0.041666666666666664,0,14,11.339999999999996,11.34,36.33,59.00999999999999,79.24000000000001,4.0,210.0,0.0,0.0,0.0,0.0,,,,,-0.7425739924252238,0.669764037384558,-0.8227937234890546,0.5683401169959914,-12.095037262262185,10.842759496295228,0.0,0.0,1.0,0.31213872832369943,100.0,5,2.165393973214285,11.34,0.39375,218.7,0.0,103.39583333333334,-2.520833333333333,223,8,2018,132
2018-08-12,0.42000000000000004,0.7,4,0.21,-4.0,-0.5,-2.4375,26.3,19.395833333333332,-17.886320180653975,7.072664514199816,91.79166666666667,140.95833333333334,600.0,91.29166666666667,,,,,,,,290.371433649884,0.9913470445610847,-2.625,20.425,22.8,97.0,-18.81606279849931,7.736171417291063,292.49389137767645,0.0,0,2,11.759999999999996,11.76,36.75,55.72,79.58999999999999,3.0,210.42,0.0,0.0,0.0,0.0,,,,,-0.9374556629489468,0.34810469690159423,-0.9239203272735496,0.38258493024521634,-16.418151399158628,6.492116635325915,0.0,1.0,0.03571428571428572,0.32,11.046000000000001,6,0.09871763671875002,11.76,0.39994444444444444,8.578500000000002,0.0,116.375,-3.9375,224,8,2018,133
2018-08-13,0.63,0.9,6,0.21,-2.2,1.5,0.30416666666666664,27.7,22.6375,-20.403703200148318,9.403347208279609,98.45833333333333,86.41666666666667,353.0,100.0,,,,,,,,294.3854544882597,0.9921538489130335,-1.2,23.3,24.6,97.83333333333333,-19.98552672234384,11.697381247271274,300.00748761923455,0.0,0,4,1.0499999999999965,12.39,23.590000000000003,55.72,80.22,2.0,211.05,0.0,0.0,0.0,0.0,,,,,-0.9107885050706797,0.4128732239212377,-0.8659600545851557,0.5001131710551865,-20.08914610914603,9.25837893881863,0.0,2.0,0.05084745762711864,0.5252225519287833,17.451,2,0.1250235,12.39,0.4191388888888889,14.679,0.0,45.275,2.7416666666666667,225,8,2018,134
2018-08-14,0.0,0.0,0,0.0,0.7,4.6,2.5,28.7,22.125,-18.444251082213405,11.968966720631954,83.0,149.25,555.0,51.375,,,,,,,,302.85564454051945,0.9942542446656631,0.0,0.0,0.0,0.0,0.0,0.0,,0.0,0,0,0.6299999999999965,1.05,17.150000000000002,53.48,80.22,2.0,211.05,0.0,0.0,0.0,0.0,,,,,-0.8400401107512555,0.5425242965333612,-0.8400401107512555,0.5425242965333612,-15.308728398237127,9.934242378124523,1.0,3.0,0.0,0.06122448979591836,0.0,3,0.0,0.525,0.4783888888888888,0.0,-0.0,66.375,2.1958333333333333,226,8,2018,135
2018-08-15,15.82,23.6,13,2.66,0.5,3.0,1.4166666666666667,37.5,31.320833333333336,-24.638699471554208,19.105037318091792,93.875,81.0,415.0,77.75,,,,,,,,307.7975152064641,0.9949869260284394,1.4384615384615385,32.13076923076923,37.5,96.6923076923077,-26.078076226551765,18.488554666189426,305.00329267080775,0.16666666666666666,0,13,15.819999999999997,16.45,28.210000000000004,67.34,95.97,1.0,226.87,0.0,0.0,0.0,0.0,,,,,-0.7901815920805813,0.6128727857696064,-0.8191190806762406,0.5736235103899686,-23.129579128921513,17.934853782358672,0.0,0.0,0.9617021276595745,0.5831265508684862,100.0,0,2.026118124630177,16.45,0.43358333333333327,508.30876923076926,0.0,0.0,-1.0833333333333333,227,8,2018,136
2018-08-16,2.0300000000000002,2.9,5,0.91,-2.5,1.1,-0.5666666666666668,29.0,19.854166666666668,-17.896591162587757,8.30246142475374,89.79166666666667,147.45833333333334,573.0,77.75,,,,,,,,296.5095896454678,0.9899742094391153,0.62,27.9,29.0,95.2,-25.472774174417445,11.348943888627845,294.0001828270706,0.0,1,5,17.849999999999998,17.85,30.240000000000006,69.36999999999999,93.31,1.0,228.9,0.0,0.0,0.0,0.0,,,,,-0.8948596685434831,0.4463475928178034,-0.9135441597680267,0.40673955813730495,-16.069647481406925,7.454918487643463,0.0,1.0,0.11372549019607843,0.5902777777777777,58.870000000000005,1,0.31001779374999994,17.85,0.4220555555555556,56.63700000000001,0.0,19.854166666666668,-1.9833333333333334,228,8,2018,137
2018-08-17,0.14,0.2,2,0.07,-3.3,0.9,-1.0374999999999999,26.6,15.679166666666667,-12.92768777004562,8.749342525434797,91.79166666666667,128.29166666666666,532.0,56.75,,,,,,,,305.37328198066956,0.9945184538230594,-0.7,21.1,22.4,99.5,-18.520449111850553,10.094505947421514,298.5,0.125,1,2,2.169999999999997,17.990000000000002,30.380000000000006,59.99,92.96,2.0,229.04,0.0,0.0,0.0,0.0,,,,,-0.8153978359873812,0.5789010010935339,-0.8788171126619654,0.47715876025960835,-11.86654006558771,8.031167326472024,0.0,2.0,0.007782101167315175,0.5921658986175115,3.7240000000000006,2,0.027572562499999998,17.990000000000002,0.41150000000000003,2.9540000000000006,0.0,31.358333333333334,-0.4708333333333331,229,8,2018,138
2018-08-18,9.45,13.6,17,2.59,-3.0,0.4,-1.0166666666666666,31.4,23.420833333333334,-19.85960805537957,11.839768804533351,94.41666666666667,75.125,342.0,86.75,,,,,,,,300.1461740446456,0.9868767213964114,-1.3647058823529412,20.676470588235293,24.1,95.47058823529412,-18.07418816170155,9.390683707516946,297.5325512986723,0.0,1,17,9.589999999999996,11.62,28.490000000000002,64.82,101.42999999999999,3.0,238.49,0.0,0.0,0.0,0.0,,,,,-0.8647469776333979,0.5022077903357369,-0.8867483580323912,0.4622524737920375,-18.750779938954214,11.17871504628024,0.0,3.0,0.8132530120481928,0.4078624078624078,100.0,3,1.9909805255190307,11.62,0.3736944444444445,195.3926470588235,0.0,70.2625,0.02083333333333326,230,8,2018,139
2018-08-19,3.1500000000000004,4.4,19,0.56,-4.4,-1.1,-3.029166666666667,25.0,19.195833333333333,-16.637207043152905,0.6905580466596065,95.58333333333333,92.875,543.0,93.95833333333333,,,,,,,,267.85472294509,0.8608355348852474,-2.905263157894737,19.88421052631579,25.0,95.15789473684211,-17.52066116286838,2.5902741772528834,274.50512697246927,0.0,0,10,12.599999999999996,12.74,31.220000000000002,67.97,96.94999999999999,3.0,241.64,0.0,0.0,0.0,0.0,,,,,-0.9992991246638288,-0.03743340014085862,-0.9969103090219397,0.07854830211901884,-15.902397065413652,0.6600583995988072,0.0,4.0,0.2472527472527473,0.4080717488789237,78.75000000000001,4,0.7636880505540167,12.74,0.3805277777777778,62.63526315789475,0.0,76.78333333333333,-2.0125,231,8,2018,140
2018-08-20,0.35000000000000003,0.4,5,0.07,-5.0,0.4,-2.5791666666666666,25.6,15.604166666666666,-13.13283209602176,-0.4593276873654373,90.625,151.25,600.0,90.04166666666667,,,,,,,,259.60798208193694,0.8335710831815121,-2.1399999999999997,22.64,25.6,97.2,-20.410808213374374,9.762261270820261,295.6003071723102,0.0,1,5,3.499999999999997,12.95,30.940000000000005,54.53,97.3,4.0,241.99,0.0,0.0,0.0,0.0,,,,,-0.983596610042561,-0.18038211860598044,-0.9018302099077844,0.43209058367162023,-11.90162908701972,-0.41626571667492757,0.0,5.0,0.027027027027027032,0.4185520361990949,8.96,5,0.076163325,12.95,0.41180555555555554,7.924000000000001,0.0,78.02083333333333,0.4500000000000002,232,8,2018,141
2018-08-21,2.0300000000000002,2.9000000000000004,16,0.28,-2.5,-0.2,-1.1083333333333334,26.2,23.75,-21.770285789733105,9.166934938190026,97.08333333333333,63.875,300.0,99.95833333333333,,,,,,,,292.57434704310424,0.9945075668207144,-1.475,24.35625,26.2,98.0625,-21.90776025465923,10.404222581073315,295.3054476825265,0.0,0,11,2.379999999999997,5.530000000000001,32.970000000000006,50.12,99.33,4.0,244.02,0.0,0.0,0.0,0.0,,,,,-0.9233821845651745,0.3838819365737934,-0.9040419123900568,0.4274438216211914,-21.135319120865887,8.899566002492817,0.0,6.0,0.36708860759493667,0.16772823779193205,53.18600000000001,6,0.40505606982421877,5.530000000000001,0.36619444444444443,49.44318750000001,0.0,142.5,1.4708333333333332,233,8,2018,142
2018-08-22,0.42000000000000004,0.6000000000000001,6,0.07,-3.2,2.3,-0.020833333333333353,18.4,6.245833333333334,-4.537805282460799,1.4954584313779309,91.20833333333333,72.70833333333333,348.0,93.41666666666667,,,,,,,,292.6676078563555,0.5410430608792882,-0.3666666666666667,6.433333333333334,8.8,96.0,-6.166704362826551,0.9600780414449993,276.33900874766084,0.0,1,4,2.4499999999999966,2.8000000000000003,17.570000000000004,45.78,97.44,5.0,244.44,0.0,0.0,0.0,0.0,,,,,-0.9227561138243617,0.38538442417897695,-0.9938860145651742,0.11041100512065932,-4.138856568044454,1.3639827109526212,0.0,7.0,0.15,0.15936254980079678,7.728,4,0.10009664583333333,2.8000000000000003,0.4036111111111111,2.7020000000000004,0.0,24.983333333333334,1.0875000000000001,234,8,2018,143
2018-08-23,0.0,0.0,0,0.0,-3.8,3.8,-0.23749999999999996,5.2,3.158333333333333,-1.5896133873460452,2.26341723921302,86.04166666666667,109.79166666666667,450.0,73.79166666666667,,,,,,,,325.94451487657,0.8998901732515263,0.0,0.0,0.0,0.0,0.0,0.0,,0.0,1,0,0.4199999999999965,2.45,15.540000000000003,45.78,93.87,5.0,244.44,0.0,0.0,0.0,0.0,,,,,-0.5599954795427451,0.828495662566613,-0.5599954795427451,0.828495662566613,-1.367729852028993,1.947481916239536,1.0,8.0,0.0,0.15765765765765763,0.0,5,0.0,1.225,0.4444444444444445,0.0,-0.0,15.791666666666666,-0.21666666666666662,235,8,2018,144
2018-08-24,0.0,0.0,0,0.0,-1.6,6.1,1.445833333333333,8.3,4.720833333333333,1.3992292294576458,3.362493354616195,79.625,151.875,600.0,56.708333333333336,,,,,,,,16.67423539266193,0.7475719251131139,0.0,0.0,0.0,0.0,0.0,0.0,,0.16666666666666666,1,0,0.0,0.42000000000000004,15.400000000000004,45.78,93.59,5.0,244.44,0.0,0.0,0.0,0.0,,,,,0.2869297798457904,0.9579516174826609,0.2869297798457904,0.9579516174826609,1.1141362739556504,2.6773853336131452,2.0,9.0,0.0,0.027272727272727268,0.0,6,0.0,0.14,0.5022222222222222,0.0,-0.0,28.325,1.6833333333333331,236,8,2018,145
2018-08-25,0.0,0.0,0,0.0,-0.1,6.0,2.6666666666666665,10.3,6.829166666666667,-3.219885206067991,5.116758811194283,75.45833333333333,196.0,600.0,15.708333333333334,,,,,,,,325.97623029156506,0.8923581452344382,0.0,0.0,0.0,0.0,0.0,0.0,,0.75,1,0,0.0,0.0,5.950000000000005,34.44,93.59,5.0,244.44,0.0,0.0,0.0,0.0,,,,,-0.559536789597382,0.8288055146335931,-0.559536789597382,0.8288055146335931,-2.4296717117454714,3.861020919613686,3.0,10.0,,0.0,0.0,6,0.0,0.0,0.5155277777777778,0.0,-0.0,40.975,1.2208333333333334,237,8,2018,146
2018-08-26,0.0,0.0,0,0.0,0.8,5.6,2.8833333333333333,10.3,7.595833333333334,-5.422158174579035,4.93184969983997,88.70833333333333,170.16666666666666,600.0,65.91666666666667,,,,,,,,313.4872193949473,0.9657457596506227,0.0,0.0,0.0,0.0,0.0,0.0,,0.125,0,0,0.0,0.0,2.800000000000004,34.02,93.59,5.0,244.44,0.0,0.0,0.0,0.0,,,,,-0.7255278998409261,0.6881927539232123,-0.7255278998409261,0.6881927539232123,-4.809906147366152,4.37496167123304,4.0,11.0,,0.0,0.0,5,0.0,0.0,0.5335833333333334,0.0,-0.0,37.97916666666667,0.21666666666666679,238,8,2018,147
2018-08-27,0.14,0.30000000000000004,2,0.07,-5.9,2.0,-1.5208333333333333,11.7,8.458333333333334,1.1855389042400348,-7.064453524150459,88.41666666666667,172.0,600.0,53.25,,,,,,,,170.26036167180175,0.8016129405402278,0.45,10.45,11.7,98.0,-0.03742024175324299,-10.293461836340809,178.99999999999997,0.16666666666666666,1,2,0.13999999999999646,0.14,2.590000000000004,33.53,93.59,5.0,244.58,0.0,0.0,0.0,0.0,,,,,0.16917126791042866,-0.9855866690015536,0.017452406437283883,-0.9998476951563913,1.0482139811655642,-6.246154324269699,0.0,12.0,1.0,0.05405405405405398,1.6380000000000001,6,0.029058859375000003,0.14,0.4538333333333333,1.463,0.0,50.75,-4.404166666666667,239,8,2018,148
2018-08-28,0.0,0.0,0,0.0,-7.4,-0.1,-3.8083333333333336,9.4,5.866666666666667,1.8306486953711563,-4.436178785878412,86.75,176.66666666666666,586.0,58.875,,,,,,,,158.10500662388313,0.7661270448675936,0.0,0.0,0.0,0.0,0.0,0.0,,0.25,0,0,0.13999999999999646,0.14,0.5600000000000036,33.53,89.88000000000001,5.0,244.58,0.0,0.0,0.0,0.0,,,,,0.37290670489834243,-0.9278688428015355,0.37290670489834243,-0.9278688428015355,1.588087743234478,-3.8483850967495226,1.0,13.0,0.0,0.24999999999999842,0.0,6,0.0,0.07,0.4069444444444445,0.0,-0.0,35.2,-2.2875000000000005,240,8,2018,149
2018-08-29,0.0,0.0,0,0.0,-7.4,4.2,-2.2958333333333334,7.9,4.733333333333333,-2.3807735824764804,-0.052991882574474236,70.41666666666667,217.91666666666666,600.0,6.708333333333333,,,,,,,,288.01242680474684,0.5091485947476465,0.0,0.0,0.0,0.0,0.0,0.0,,0.875,1,0,0.0,0.14,0.14000000000000357,17.71,89.25,5.0,244.58,0.0,0.0,0.0,0.0,,,,,-0.9509894716451892,0.30922326047696325,-0.9509894716451892,0.30922326047696325,-1.6764613976605218,-0.03731511731285894,2.0,14.0,0.0,0.9999999999999746,0.0,2,0.0,0.04666666666666667,0.47333333333333333,0.0,-0.0,9.466666666666667,1.5125000000000002,241,8,2018,150
2018-08-30,0.35000000000000003,1.0,2,0.28,-5.4,7.1,1.3041666666666667,11.5,4.9750000000000005,-2.1546674498417704,3.5726515052581447,56.583333333333336,172.75,600.0,63.541666666666664,,,,,,,,320.24150795003004,0.8505326527191439,3.3,9.4,11.5,64.5,0.6945980665737015,9.162139645670953,1.5000000000000044,0.3333333333333333,0,2,0.3499999999999965,0.35000000000000003,0.4900000000000036,16.029999999999998,87.36,4.0,244.93,0.0,0.0,0.0,0.0,,,,,-0.6395529482585817,0.7687470496683262,0.02617694830787323,0.9996573249755573,-1.2191826653688018,2.021525310058567,0.0,15.0,1.0,0.7142857142857091,4.025,0,0.051736562500000034,0.35000000000000003,0.46155555555555555,3.2900000000000005,0.0,0.0,3.6,242,8,2018,151
2018-08-31,10.85,19.7,12,2.31,1.1,5.0,2.5124999999999997,34.8,20.825,-12.444131315681226,14.767965359019966,80.125,68.54166666666667,301.0,99.58333333333333,,,,,,,,327.51433191217285,0.9206608119804864,2.3916666666666666,22.900000000000002,34.8,86.25,-14.775331524074423,15.888879923113535,321.950366450311,0.0,0,7,11.199999999999996,11.2,11.340000000000003,26.740000000000002,96.25,3.0,255.78,0.0,0.0,0.0,0.0,,,,,-0.537088626400036,0.8435258190427384,-0.6163438734158153,0.7874771296379276,-9.970860216689582,11.832832243914748,0.0,0.0,0.96875,0.9876543209876539,100.0,0,1.4730089973958331,11.2,0.4238888888888889,248.465,0.0,0.0,1.208333333333333,243,8,2018,152
2018-09-01,0.7000000000000001,2.1,9,0.14,0.4,3.4,1.8041666666666665,29.1,23.045833333333334,-21.613896131822447,7.66468236822762,96.33333333333333,113.95833333333333,483.0,97.5,,,,,,,,288.4714156862359,0.9939143616685286,1.4777777777777776,24.48888888888889,29.1,98.33333333333333,-22.656154125840214,8.912211998175584,290.02585178643614,0.0,0,6,11.549999999999995,11.899999999999999,12.040000000000003,17.990000000000002,96.94999999999999,2.0,256.48,0.0,0.0,0.0,0.0,,,,,-0.9484818374283873,0.3168315073796643,-0.9395382060645612,0.3424440966712466,-20.82138660698896,7.383644014725941,0.0,1.0,0.05882352941176472,0.9883720930232555,20.370000000000005,1,0.10348581790123458,11.899999999999999,0.4726388888888889,17.142222222222227,0.0,23.045833333333334,-0.7083333333333333,244,9,2018,153
2018-09-02,0.0,0.0,0,0.0,-3.4,3.2,-0.36666666666666664,12.3,7.133333333333334,1.6527602925399745,-2.74319504485276,86.45833333333333,194.20833333333334,600.0,73.29166666666667,,,,,,,,139.01651442813775,0.5176969254467655,0.0,0.0,0.0,0.0,0.0,0.0,,0.125,1,0,0.6999999999999965,11.549999999999999,12.040000000000003,14.84,87.42999999999999,3.0,256.48,0.0,0.0,0.0,0.0,,,,,0.6558414709352318,-0.7548986455157484,0.6558414709352318,-0.7548986455157484,1.4289490029251863,-2.3717207158622817,1.0,2.0,0.0,0.959302325581395,0.0,2,0.0,5.7749999999999995,0.48877777777777776,0.0,-0.0,14.266666666666667,-2.170833333333333,245,9,2018,154
2018-09-03,0.0,0.0,0,0.0,-2.1,5.0,0.7416666666666667,11.2,8.075000000000001,6.842889881668622,3.7259499353017222,81.5,194.66666666666666,600.0,63.875,,,,,,,,61.8751174566252,0.9595277658867704,0.0,0.0,0.0,0.0,0.0,0.0,,0.16666666666666666,1,0,0.0,0.7000000000000001,11.900000000000002,14.49,82.80999999999999,3.0,256.48,0.0,0.0,0.0,0.0,,,,,0.881922230712093,0.4713949288821485,0.881922230712093,0.4713949288821485,5.576955253559927,3.0366491972709038,2.0,3.0,0.0,0.0588235294117647,0.0,3,0.0,0.23333333333333336,0.5125555555555555,0.0,-0.0,24.225,1.1083333333333334,246,9,2018,155
2018-09-04,0.0,0.0,0,0.0,-1.3,5.8,1.5999999999999999,9.8,8.391666666666667,4.550325888308233,6.646677457035718,78.58333333333333,210.5,600.0,34.375,,,,,,,,35.02125713628674,0.9595977410409426,0.0,0.0,0.0,0.0,0.0,0.0,,0.4166666666666667,1,0,0.0,0.0,11.900000000000002,12.459999999999999,82.80999999999999,4.0,256.48,0.0,0.0,0.0,0.0,,,,,0.5738803080257985,0.8189391870341867,0.5738803080257985,0.8189391870341867,3.57579776056222,5.223180701653901,3.0,4.0,,0.0,0.0,4,0.0,0.0,0.5311666666666667,0.0,-0.0,33.56666666666667,0.8583333333333332,247,9,2018,156
2018-09-05,0.0,0.0,0,0.0,-1.0,7.5,3.141666666666667,10.7,6.995833333333334,-2.967708177463178,5.734107261800016,71.16666666666667,225.125,600.0,4.041666666666667,,,,,,,,328.3207562643816,0.9246164080472237,0.0,0.0,0.0,0.0,0.0,0.0,,0.9583333333333334,1,0,0.0,0.0,11.900000000000002,12.04,69.02,4.0,256.48,0.0,0.0,0.0,0.0,,,,,-0.5251633973811272,0.8510014136598789,-0.5251633973811272,0.8510014136598789,-2.1120189862946286,4.080773001314345,4.0,5.0,,0.0,0.0,5,0.0,0.0,0.5539722222222222,0.0,-0.0,34.97916666666667,1.5416666666666672,248,9,2018,157
2018-09-06,0.07,11.6,1,0.07,0.9,6.6,4.233333333333333,20.1,12.520833333333334,-6.213528864647749,10.581780779975743,87.58333333333333,109.58333333333333,392.0,83.20833333333333,,,,,,,,330.72480232364194,0.9800166011632612,3.3,17.8,17.8,99.0,-12.139570809112472,13.01809588882124,317.0,0.16666666666666666,0,1,0.06999999999999645,0.07,11.620000000000003,12.11,62.650000000000006,4.0,256.55,0.0,0.0,0.0,0.0,,,,,-0.4890049026350211,0.87228103567538,-0.6819983600624984,0.7313537016191707,-5.44201569728732,9.267876333128754,0.0,6.0,1.0,0.006024096385542168,1.4070000000000003,6,0.009116187500000006,0.07,0.5116666666666666,1.2460000000000002,0.0,75.125,1.0916666666666663,249,9,2018,158
2018-09-07,0.35000000000000003,6.7,3,0.14,-0.1,6.8,3.3541666666666665,19.3,11.208333333333334,-6.639953175549864,3.5528022911867825,85.54166666666667,200.83333333333334,600.0,63.333333333333336,,,,,,,,293.7466368470824,0.3885199615525961,2.533333333333333,16.533333333333335,19.3,95.0,-13.468093680763815,9.188410175183042,303.33107294724834,0.2916666666666667,1,2,0.4199999999999965,0.42000000000000004,1.1200000000000037,12.46,58.239999999999995,5.0,256.9,0.0,0.0,0.0,0.0,,,,,-0.9153351180047136,0.40269296212784395,-0.835509489540114,0.5494760166635284,-5.679926612251613,3.039126293252694,0.0,7.0,0.8333333333333334,0.37499999999999883,6.755000000000001,6,0.05183111111111114,0.42000000000000004,0.5701388888888889,5.786666666666668,0.0,67.25,-0.8791666666666669,250,9,2018,159
2018-09-08,0.0,0.0,0,0.0,-0.3,5.3,2.0708333333333333,14.1,9.395833333333334,-4.435867173619976,5.60807808052713,88.625,187.45833333333334,600.0,74.33333333333333,,,,,,,,340.3407014443682,0.6326117191957199,0.0,0.0,0.0,0.0,0.0,0.0,,0.125,0,0,0.3499999999999965,0.42000000000000004,0.4200000000000036,12.46,58.239999999999995,5.0,256.9,0.0,0.0,0.0,0.0,,,,,-0.33642637702610206,0.9417097710234779,-0.33642637702610206,0.9417097710234779,-3.931287282620704,4.970159198867169,1.0,8.0,0.0,0.9999999999999916,0.0,1,0.0,0.21000000000000002,0.5381666666666667,0.0,-0.0,9.395833333333334,-1.2833333333333332,251,9,2018,160
2018-09-09,0.0,0.0,0,0.0,-0.3,3.0,1.7416666666666665,27.5,21.47083333333333,-18.91588275631242,9.920237620150017,91.66666666666667,116.41666666666667,468.0,86.58333333333333,,,,,,,,297.4971883155614,0.9941635456758093,0.0,0.0,0.0,0.0,0.0,0.0,,0.041666666666666664,0,0,0.0,0.35000000000000003,0.4200000000000036,12.46,58.239999999999995,4.0,256.9,0.0,0.0,0.0,0.0,,,,,-0.8870334915695868,0.46170508426252765,-0.8870334915695868,0.46170508426252765,-17.339559193286387,9.093551151804183,2.0,9.0,0.0,0.8333333333333263,0.0,2,0.0,0.11666666666666668,0.44983333333333336,0.0,-0.0,42.94166666666666,-0.32916666666666683,252,9,2018,161
2018-09-10,0.0,0.0,0,0.0,2.5,11.3,5.7749999999999995,19.0,8.404166666666667,-6.395574706543038,4.715646973476485,81.33333333333333,230.625,600.0,27.916666666666668,,,,,,,,307.11848312019436,0.9369188281387121,0.0,0.0,0.0,0.0,0.0,0.0,,0.6666666666666666,0,0,0.0,0.0,0.4200000000000036,12.32,46.9,3.0,256.9,0.0,0.0,0.0,0.0,,,,,-0.7973892976772508,0.6034652499935526,-0.7973892976772508,0.6034652499935526,-5.201734094655004,3.835392871760874,3.0,10.0,,0.0,0.0,3,0.0,0.0,0.6759722222222222,0.0,-0.0,25.2125,4.033333333333333,253,9,2018,162
2018-09-11,0.0,0.0,0,0.0,3.7,10.8,7.5249999999999995,30.8,18.379166666666666,-12.67029941463192,13.222370810298427,66.375,240.66666666666666,600.0,2.0833333333333335,,,,,,,,317.4107681101808,0.9949597158292748,0.0,0.0,0.0,0.0,0.0,0.0,,0.9583333333333334,0,0,0.0,0.0,0.4200000000000036,12.32,46.48,2.0,256.9,0.0,0.0,0.0,0.0,,,,,-0.676737616396055,0.7362242854963329,-0.676737616396055,0.7362242854963329,-8.409911236461937,8.776348625335581,4.0,11.0,,0.0,0.0,4,0.0,0.0,0.6216944444444444,0.0,-0.0,73.51666666666667,1.75,254,9,2018,163
2018-09-12,0.0,0.0,0,0.0,0.9,9.4,6.454166666666667,31.1,21.383333333333336,-16.002396874214877,14.064258018095764,72.95833333333333,236.79166666666666,600.0,11.625,,,,,,,,311.25404254180535,0.9949826490122988,0.0,0.0,0.0,0.0,0.0,0.0,,0.8333333333333334,0,0,0.0,0.0,0.4200000000000036,12.32,45.85,1.0,256.9,0.0,0.0,0.0,0.0,,,,,-0.7517932850254283,0.6593988600162084,-0.7517932850254283,0.6593988600162084,-11.675082052812604,10.261048245702366,5.0,12.0,,0.0,0.0,5,0.0,0.0,0.6099444444444444,0.0,-0.0,106.91666666666669,-1.0708333333333329,255,9,2018,164
2018-09-13,0.0,0.0,0,0.0,-0.1,9.5,4.2875000000000005,10.7,7.308333333333334,-4.458322746495133,5.440229617817113,69.83333333333333,246.375,600.0,3.5,,,,,,,,320.1141089294756,0.958626830800018,0.0,0.0,0.0,0.0,0.0,0.0,,0.9166666666666666,1,0,0.0,0.0,0.3500000000000036,11.969999999999999,45.85,2.0,256.9,0.0,0.0,0.0,0.0,,,,,-0.6412606997962549,0.7673230837768518,-0.6412606997962549,0.7673230837768518,-3.113395384635768,3.79909368310895,6.0,13.0,,0.0,0.0,6,0.0,0.0,0.6081388888888889,0.0,-0.0,43.85,-2.166666666666666,256,9,2018,165
2018-09-14,0.0,0.0,0,0.0,2.4,10.5,6.1125,23.8,15.458333333333334,-11.416827194637614,10.15103254875331,58.25,251.79166666666666,600.0,9.416666666666666,,,,,,,,313.74860246342223,0.9850472995053962,0.0,0.0,0.0,0.0,0.0,0.0,,0.875,0,0,0.0,0.0,0.0,1.12,30.03,1.0,256.9,0.0,0.0,0.0,0.0,,,,,-0.7223808289648845,0.6914954359531278,-0.7223808289648845,0.6914954359531278,-6.65030184087641,5.912976459648803,7.0,14.0,,,0.0,6,0.0,0.0,0.5953611111111111,0.0,-0.0,92.75,1.8249999999999993,257,9,2018,166
2018-09-15,4.83,8.299999999999999,11,1.89,-3.0,9.3,3.783333333333333,30.8,23.583333333333332,-18.487518355494338,13.502241209302221,70.04166666666667,136.25,587.0,70.75,,,,,,,,306.0745035471284,0.9679049002019973,-0.2545454545454545,23.372727272727275,27.1,94.0,-21.158870650946028,9.092611448044787,292.4235958783754,0.16666666666666666,0,11,4.8299999999999965,4.83,4.830000000000004,5.25,32.83,1.0,261.73,0.0,0.0,0.0,0.0,,,,,-0.8082519945303448,0.5888367459132621,-0.9243890206148012,0.38145109590458476,-12.94896598149416,9.457194780348765,0.0,15.0,1.0,0.9999999999999992,100.0,0,0.876474353305785,4.83,0.5309722222222223,112.89027272727274,0.0,0.0,-2.3291666666666666,258,9,2018,167
2018-09-16,0.0,0.0,0,0.0,-5.2,1.4,-2.4291666666666667,17.7,11.512500000000001,-10.29436979283175,0.11600717060667194,83.95833333333333,190.58333333333334,600.0,51.125,,,,,,,,279.09719506206017,0.8695275018885127,0.0,0.0,0.0,0.0,0.0,0.0,,0.20833333333333334,1,0,4.8299999999999965,4.83,4.830000000000004,5.25,32.69,2.0,261.73,0.0,0.0,0.0,0.0,,,,,-0.9874215482594945,0.15810972782477006,-0.9874215482594945,0.15810972782477006,-8.642981305231658,0.0973976869885183,1.0,16.0,0.0,0.9999999999999992,0.0,1,0.0,2.415,0.43802777777777774,0.0,-0.0,11.512500000000001,-6.2125,259,9,2018,168
2018-09-17,0.0,0.0,0,0.0,-3.6,4.9,0.6916666666666668,19.1,11.083333333333334,-7.765768422232479,7.6594541623884345,70.45833333333333,260.3333333333333,600.0,31.541666666666668,,,,,,,,317.65939039268653,0.9780814010824183,0.0,0.0,0.0,0.0,0.0,0.0,,0.5833333333333334,1,0,0.0,4.83,4.830000000000004,5.25,23.240000000000002,3.0,261.73,0.0,0.0,0.0,0.0,,,,,-0.673536573753475,0.7391538972476772,-0.673536573753475,0.7391538972476772,-5.471631000831301,5.396723745249517,2.0,17.0,0.0,0.9999999999999992,0.0,2,0.0,1.61,0.5173055555555556,0.0,-0.0,22.166666666666668,3.1208333333333336,260,9,2018,169
2018-09-18,0.0,0.0,0,0.0,0.8,6.9,4.208333333333333,30.8,25.733333333333334,-20.220839769951194,15.843430803329783,57.25,261.625,600.0,38.25,,,,,,,,308.000101652662,0.9982367878503179,0.0,0.0,0.0,0.0,0.0,0.0,,0.5,0,0,0.0,0.0,4.830000000000004,5.25,20.09,3.0,261.73,0.0,0.0,0.0,0.0,,,,,-0.7880096613151176,0.6156628733926008,-0.7880096613151176,0.6156628733926008,-11.57643076829706,9.070364134906301,3.0,18.0,,0.0,0.0,3,0.0,0.0,0.5185833333333333,0.0,-0.0,77.2,3.516666666666666,261,9,2018,170
2018-09-19,0.14,0.2,2,0.07,-1.8,5.3,1.8083333333333333,28.0,16.541666666666668,-14.234088855479586,7.674426219542467,73.33333333333333,219.79166666666666,600.0,62.375,,,,,,,,299.39764315922275,0.9740555050675341,2.3,20.299999999999997,20.9,83.5,-17.559136394495084,10.161951204678008,300.0,0.20833333333333334,0,2,0.13999999999999646,0.14,4.970000000000003,5.39,19.88,3.0,261.87,0.0,0.0,0.0,0.0,,,,,-0.8712340035281226,0.4908679161407468,-0.8660254037844386,0.5000000000000001,-10.438331827351696,5.6279125609978085,0.0,19.0,1.0,0.028169014084507026,3.9200000000000004,4,0.020111437500000016,0.14,0.50875,2.842,0.0,66.16666666666667,-2.3999999999999995,262,9,2018,171
2018-09-20,0.0,0.0,0,0.0,-2.8,5.5,0.7916666666666666,14.5,9.5,-8.4216398885804,2.9718829248483054,75.29166666666667,258.1666666666667,600.0,13.208333333333334,,,,,,,,290.5678461936591,0.9395736027947256,0.0,0.0,0.0,0.0,0.0,0.0,,0.8333333333333334,1,0,0.13999999999999646,0.14,4.970000000000003,5.319999999999999,17.85,3.0,261.87,0.0,0.0,0.0,0.0,,,,,-0.9362568382701083,0.35131628597669695,-0.9362568382701083,0.35131628597669695,-6.340793032776993,2.23758018550037,1.0,20.0,0.0,0.028169014084507026,0.0,5,0.0,0.07,0.5453055555555556,0.0,-0.0,47.5,-1.0166666666666666,263,9,2018,172
2018-09-21,0.0,0.0,0,0.0,-0.5,8.6,3.704166666666666,9.2,7.229166666666667,-5.249252662708983,4.527320470129516,72.70833333333333,265.4166666666667,600.0,0.20833333333333334,,,,,,,,311.8478134386037,0.9580845302447595,0.0,0.0,0.0,0.0,0.0,0.0,,1.0,1,0,0.0,0.14,4.970000000000003,4.97,17.43,4.0,261.87,0.0,0.0,0.0,0.0,,,,,-0.744919517542072,0.6671543392535844,-0.744919517542072,0.6671543392535844,-3.8166441235113227,3.2917392584900025,2.0,21.0,0.0,0.028169014084507026,0.0,6,0.0,0.04666666666666667,0.6104166666666667,0.0,-0.0,43.375,2.9124999999999996,264,9,2018,173
2018-09-22,0.0,0.0,0,0.0,1.9,9.8,5.2875000000000005,12.6,9.466666666666667,-6.884339076366323,6.053174568698719,72.33333333333333,230.54166666666666,600.0,44.541666666666664,,,,,,,,313.64936691732436,0.9679911054587867,0.0,0.0,0.0,0.0,0.0,0.0,,0.5,0,0,0.0,0.0,0.14000000000000357,4.97,17.43,4.0,261.87,0.0,0.0,0.0,0.0,,,,,-0.7235774059905454,0.690243245196933,-0.7235774059905454,0.690243245196933,-4.979671931904973,4.3784629380254065,3.0,22.0,,0.0,0.0,3,0.0,0.0,0.6125833333333333,0.0,-0.0,28.4,1.5833333333333344,265,9,2018,174
2018-09-23,0.0,0.30000000000000004,0,0.0,-1.3,8.0,3.3625000000000003,11.9,8.85,-1.6874532424306536,-1.795977080388066,86.5,179.75,591.0,59.958333333333336,,,,,,,,234.60873839670535,0.34437436115169545,0.0,0.0,0.0,0.0,0.0,0.0,,0.3333333333333333,0,0,0.0,0.0,0.14000000000000357,4.97,17.43,3.0,261.87,0.0,0.0,0.0,0.0,,,,,-0.8152161346173911,-0.5791568473733861,-0.8152161346173911,-0.5791568473733861,-1.4596470547025155,-1.553520174535677,4.0,23.0,,0.0,0.0,4,0.0,0.0,0.5859444444444445,0.0,-0.0,35.4,-1.9250000000000003,266,9,2018,175
2018-09-24,0.0,0.0,0,0.0,-3.0,7.1,1.0125,12.7,6.95,5.987288923257489,0.5493027212209572,82.33333333333333,262.6666666666667,600.0,58.833333333333336,,,,,,,,80.09928305812987,0.8536714546120978,0.0,0.0,0.0,0.0,0.0,0.0,,0.25,1,0,0.0,0.0,0.14000000000000357,4.97,17.43,3.0,261.87,0.0,0.0,0.0,0.0,,,,,0.9851071747294773,0.17194142693518358,0.9851071747294773,0.17194142693518358,4.929534546815332,0.45225924047192145,5.0,24.0,,0.0,0.0,5,0.0,0.0,0.6073333333333333,0.0,-0.0,34.75,-2.3500000000000005,267,9,2018,176
2018-09-25,0.63,1.0,4,0.21,-1.8,6.6,2.2708333333333335,9.1,5.116666666666666,-2.025162777719855,0.7301697674970521,80.0,188.375,600.0,58.708333333333336,,,,,,,,292.927483338689,0.3948250982510559,1.25,4.699999999999999,5.8,99.5,4.48906974373314,-1.157867155483641,103.51096200854668,0.2916666666666667,0,4,0.6299999999999965,0.63,0.7700000000000036,5.6,18.06,3.0,262.5,0.0,0.0,0.0,0.0,,,,,-0.9209986466627564,0.3895657747356295,0.9723252391009253,-0.23363139645032427,-1.620130222175884,0.5841358139976417,0.0,25.0,1.0,0.8181818181818143,5.733,0,0.12971601562500001,0.63,0.5389166666666667,2.9609999999999994,0.0,0.0,1.2583333333333335,268,9,2018,177
2018-09-26,0.63,0.9,4,0.21,-0.4,5.1,2.308333333333333,12.4,6.658333333333334,3.255070048200946,2.2770932030240423,85.83333333333333,197.375,600.0,60.833333333333336,,,,,,,,60.556252442006084,0.6669654693366278,0.8,6.875,7.3,99.0,6.8181420378193245,-0.5382635354861028,94.25054929505673,0.3333333333333333,1,4,1.26,1.26,1.2600000000000036,6.23,18.55,4.0,263.13,0.0,0.0,0.0,0.0,,,,,0.8708387330762657,0.49156881611237757,0.9972494745750198,-0.07411805083680277,2.7939351247058117,1.954504999262303,0.0,26.0,0.5,0.9999999999999972,7.812,1,0.13244765625,1.26,0.5310277777777778,4.33125,0.0,6.658333333333334,0.037499999999999645,269,9,2018,178
2018-09-27,0.0,0.1,0,0.0,0.7,8.4,5.029166666666667,27.3,13.704166666666666,-10.096061381614739,8.95062434000475,71.375,265.3333333333333,600.0,10.333333333333334,,,,,,,,312.92047728543935,0.9826143745270292,0.0,0.0,0.0,0.0,0.0,0.0,,0.875,0,0,0.6299999999999965,1.26,1.2600000000000036,6.23,18.55,3.0,263.13,0.0,0.0,0.0,0.0,,,,,-0.7322995650563803,0.6809826334189707,-0.7322995650563803,0.6809826334189707,-7.206063811127519,6.388508122678389,1.0,27.0,0.0,0.9999999999999972,0.0,2,0.0,0.63,0.6014722222222222,0.0,-0.0,27.40833333333333,2.7208333333333337,270,9,2018,179
2018-09-28,0.0,0.0,0,0.0,0.8,9.5,6.083333333333333,29.9,21.420833333333334,-17.422357711470244,12.133393999478628,70.625,273.7083333333333,600.0,47.416666666666664,,,,,,,,305.2950330768887,0.9895539722960126,0.0,0.0,0.0,0.0,0.0,0.0,,0.2916666666666667,0,0,0.0,0.63,1.2600000000000036,6.23,18.55,2.0,263.13,0.0,0.0,0.0,0.0,,,,,-0.8161876810066606,0.5777868719285422,-0.8161876810066606,0.5777868719285422,-12.304540133725858,8.569209512131781,2.0,28.0,0.0,0.4999999999999986,0.0,3,0.0,0.21,0.629,0.0,-0.0,64.2625,1.0541666666666663,271,9,2018,180
2018-09-29,1.6099999999999999,2.4,8,0.7,-3.4,3.2,0.32083333333333336,16.3,9.237499999999999,-7.363691877017004,-2.4292190640022375,77.95833333333333,226.66666666666666,600.0,48.208333333333336,,,,,,,,255.77977923651105,0.7538743390571738,-0.675,8.3875,11.7,96.375,-7.507636177154476,0.7670247087009594,277.93299857893976,0.375,1,6,1.6099999999999963,1.6099999999999999,2.8700000000000037,3.01,19.810000000000002,3.0,264.74,0.0,0.0,0.0,0.0,,,,,-0.9693587159110564,-0.245649506181608,-0.9904301400000988,0.1380149911400382,-5.740611459124506,-1.8937786953117441,0.0,29.0,1.0,0.5609756097560968,26.243,0,0.38462066699218744,1.6099999999999999,0.48208333333333336,13.503874999999997,0.0,0.0,-5.762499999999999,272,9,2018,181
2018-09-30,0.0,0.0,0,0.0,0.7,8.6,4.508333333333334,5.6,3.5208333333333335,-0.9278926131434089,0.6899518699675614,60.875,282.25,600.0,14.375,,,,,,,,324.69170993754017,0.41980366284600046,0.0,0.0,0.0,0.0,0.0,0.0,,0.7083333333333334,0,0,1.6099999999999963,1.6099999999999999,2.8700000000000037,3.01,8.96,3.0,264.74,0.0,0.0,0.0,0.0,,,,,-0.5779757043724186,0.8160539719621531,-0.5779757043724186,0.8160539719621531,-0.5648546282510502,0.42000820084275303,1.0,30.0,0.0,0.5609756097560968,0.0,1,0.0,0.8049999999999999,0.5821944444444446,0.0,-0.0,3.5208333333333335,4.1875,273,9,2018,182
2018-10-01,0.0,0.0,0,0.0,2.3,10.7,6.079166666666667,13.3,7.7250000000000005,-5.50308833286677,5.121453233757658,62.833333333333336,288.2916666666667,600.0,23.291666666666668,,,,,,,,314.89728783028045,0.9684992736852542,0.0,0.0,0.0,0.0,0.0,0.0,,0.6666666666666666,0,0,0.0,1.6099999999999999,2.8700000000000037,3.01,8.260000000000002,2.0,264.74,0.0,0.0,0.0,0.0,,,,,-0.708373250273336,0.7058380397068366,-0.708373250273336,0.7058380397068366,-3.457773835817954,3.2179797818777285,2.0,31.0,0.0,0.5609756097560968,0.0,2,0.0,0.5366666666666666,0.6394166666666666,0.0,-0.0,15.450000000000001,1.5708333333333329,274,10,2018,183
2018-10-02,0.0,0.4,0,0.0,4.9,12.2,8.174999999999999,13.8,8.799999999999999,-6.264090034704047,5.799115018454176,57.083333333333336,256.5,600.0,68.95833333333333,,,,,,,,312.91351923296855,0.9681638083853699,0.0,0.0,0.0,0.0,0.0,0.0,,0.08333333333333333,0,0,0.0,0.0,2.2400000000000038,3.01,8.260000000000002,2.0,264.74,0.0,0.0,0.0,0.0,,,,,-0.7323822588172452,0.6808936972609967,-0.7323822588172452,0.6808936972609967,-3.575751394810227,3.310328156367593,3.0,32.0,,0.0,0.0,3,0.0,0.0,0.6323888888888889,0.0,-0.0,26.4,2.0958333333333323,275,10,2018,184
2018-10-03,0.0,6.5,0,0.0,5.0,10.6,7.929166666666667,23.3,13.741666666666667,-9.347863421097767,9.263823180641321,75.08333333333333,91.91666666666667,382.0,95.625,,,,,,,,319.06510307749016,0.9062269528842833,0.0,0.0,0.0,0.0,0.0,0.0,,0.0,0,0,0.0,0.0,1.6100000000000034,2.8699999999999997,8.260000000000002,1.0,264.74,0.0,0.0,0.0,0.0,,,,,-0.6552010570446807,0.7554545484988049,-0.6552010570446807,0.7554545484988049,-7.018687452007573,6.955587238131525,4.0,33.0,,0.0,0.0,4,0.0,0.0,0.5471111111111111,0.0,-0.0,54.96666666666667,-0.2458333333333318,276,10,2018,185
2018-10-04,0.0,4.1,0,0.0,2.6,8.0,4.595833333333333,13.6,9.116666666666667,8.80157412717004,-0.6430680716284712,95.54166666666667,120.66666666666667,555.0,99.625,,,,,,,,93.94086054634863,0.9683171474163987,0.0,0.0,0.0,0.0,0.0,0.0,,0.0,0,0,0.0,0.0,1.6100000000000034,2.8699999999999997,8.260000000000002,1.0,264.74,0.0,0.0,0.0,0.0,,,,,0.9976355199591999,-0.06872677291810576,0.9976355199591999,-0.06872677291810576,8.409170614000375,-0.6143979534350352,5.0,34.0,,0.0,0.0,5,0.0,0.0,0.5766944444444445,0.0,-0.0,45.583333333333336,-3.333333333333334,277,10,2018,186
2018-10-05,0.0,0.1,0,0.0,0.8,7.2,3.0083333333333333,15.2,12.2125,11.49381955939721,1.00571708072842,87.625,240.70833333333334,600.0,68.125,,,,,,,,83.7908766373006,0.9395494624526086,0.0,0.0,0.0,0.0,0.0,0.0,,0.25,0,0,0.0,0.0,1.6100000000000034,2.8699999999999997,8.260000000000002,1.0,264.74,0.0,0.0,0.0,0.0,,,,,0.9941337543380634,0.10815765569624303,0.9941337543380634,0.10815765569624303,10.071459388921806,0.881259591988278,6.0,35.0,,0.0,0.0,6,0.0,0.0,0.6125555555555556,0.0,-0.0,73.275,-1.5875,278,10,2018,187
2018-10-06,0.0,0.0,0,0.0,-1.2,10.0,4.929166666666666,10.8,6.004166666666666,2.909494757309389,-0.968846682715327,70.08333333333333,287.3333333333333,600.0,11.208333333333334,,,,,,,,96.08955970155695,0.4293324678708337,0.0,0.0,0.0,0.0,0.0,0.0,,0.7083333333333334,1,0,0.0,0.0,0.0,2.8699999999999997,8.190000000000001,1.0,264.74,0.0,0.0,0.0,0.0,,,,,0.9943572908076822,-0.10608288371649104,0.9943572908076822,-0.10608288371649104,2.0390709090809964,-0.6790000501363249,7.0,36.0,,,0.0,6,0.0,0.0,0.6473888888888889,0.0,-0.0,36.025,1.920833333333333,279,10,2018,188
2018-10-07,0.0,0.0,0,0.0,1.1,10.9,7.0375000000000005,9.3,5.7875000000000005,4.156213371026883,-0.24467897890722515,57.791666666666664,308.7083333333333,600.0,0.0,,,,,,,,87.22887520735881,0.672614281848551,0.0,0.0,0.0,0.0,0.0,0.0,,1.0,0,0,0.0,0.0,0.0,2.8699999999999997,7.84,1.0,264.74,0.0,0.0,0.0,0.0,,,,,0.9988306291938727,0.04834639784071223,0.9988306291938727,0.04834639784071223,2.4019449773392862,-0.1414040598934672,8.0,37.0,,,0.0,6,0.0,0.0,0.6406666666666666,0.0,-0.0,34.725,2.1083333333333343,280,10,2018,189
2018-10-08,0.0,0.0,0,0.0,2.2,12.4,8.520833333333334,10.0,6.0,0.9383087208640931,-3.157759657719955,51.166666666666664,306.3333333333333,600.0,19.541666666666668,,,,,,,,163.77657688128525,0.45760453591974787,0.0,0.0,0.0,0.0,0.0,0.0,,0.6666666666666666,0,0,0.0,0.0,0.0,2.8699999999999997,7.84,1.0,264.74,0.0,0.0,0.0,0.0,,,,,0.279383660897705,-0.9601795509296145,0.279383660897705,-0.9601795509296145,0.48010129550879427,-1.6157203582000434,9.0,38.0,,,0.0,6,0.0,0.0,0.6503333333333333,0.0,-0.0,36.0,1.4833333333333334,281,10,2018,190
2018-10-09,0.0,4.9,0,0.0,2.4,12.4,7.008333333333333,14.0,6.379166666666666,-3.24551082436948,2.9775072155345637,75.16666666666667,192.75,600.0,89.91666666666667,,,,,,,,326.4217077155601,0.636632324714648,0.0,0.0,0.0,0.0,0.0,0.0,,0.0,0,0,0.0,0.0,0.0,2.2399999999999998,7.84,1.0,264.74,0.0,0.0,0.0,0.0,,,,,-0.5530759397383788,0.833130844995256,-0.5530759397383788,0.833130844995256,-2.439542302984393,2.238092923676814,10.0,39.0,,,0.0,6,0.0,0.0,0.6546111111111111,0.0,-0.0,38.275,-1.512500000000001,282,10,2018,191
2018-10-10,2.52,10.7,6,0.84,-0.8,4.4,1.9291666666666665,19.7,16.191666666666666,14.781726298071291,-5.623572880812204,98.91666666666667,100.54166666666667,388.0,98.16666666666667,,,,,,,,112.20028059671446,0.9726043910085058,1.9666666666666668,17.633333333333333,19.0,99.33333333333333,15.82130093903649,-7.749936001179628,116.16691593134867,0.0,0,6,2.5199999999999965,2.52,2.5200000000000036,4.13,10.36,1.0,267.26,0.0,0.0,0.0,0.0,,,,,0.9258687343854011,-0.37784532111378016,0.897513157004639,-0.44098767897024765,14.621590929842187,-5.562650841270072,0.0,40.0,1.0,0.9999999999999986,49.644,0,0.394547125,2.52,0.49452777777777784,44.436,0.0,0.0,-5.079166666666667,283,10,2018,192
2018-10-11,0.0,0.0,0,0.0,-0.7,7.5,2.533333333333333,15.5,11.729166666666666,11.339768939441354,2.1741599158142604,84.875,264.125,600.0,48.208333333333336,,,,,,,,78.48331897788756,0.9811302834749879,0.0,0.0,0.0,0.0,0.0,0.0,,0.25,0,0,2.5199999999999965,2.52,2.5200000000000036,4.13,10.36,1.0,267.26,0.0,0.0,0.0,0.0,,,,,0.9798666193586674,0.19965322002566444,0.9798666193586674,0.19965322002566444,9.624628887350848,1.8453182285473533,1.0,41.0,0.0,0.9999999999999986,0.0,1,0.0,1.26,0.6256666666666666,0.0,-0.0,11.729166666666666,0.6041666666666667,284,10,2018,193
2018-10-12,0.0,0.0,0,0.0,-0.4,8.9,3.5541666666666667,13.6,9.833333333333334,8.359917383035944,4.651395379410023,81.70833333333333,279.0416666666667,600.0,37.916666666666664,,,,,,,,62.333812209637166,0.9721421424982756,0.0,0.0,0.0,0.0,0.0,0.0,,0.2916666666666667,1,0,0.0,2.52,2.5200000000000036,4.13,10.36,2.0,267.26,0.0,0.0,0.0,0.0,,,,,0.8856677908405571,0.46431946358903287,0.8856677908405571,0.46431946358903287,6.830749161722285,3.8005776412596064,2.0,42.0,0.0,0.9999999999999986,0.0,2,0.0,0.84,0.6561666666666667,0.0,-0.0,19.666666666666668,1.0208333333333335,285,10,2018,194
2018-10-13,0.0,0.0,0,0.0,0.7,10.1,5.320833333333334,14.8,11.841666666666667,6.801604999605135,9.390142320156658,79.66666666666667,280.125,600.0,42.833333333333336,,,,,,,,36.648054664144425,0.9785912837458091,0.0,0.0,0.0,0.0,0.0,0.0,,0.375,0,0,0.0,0.0,2.5200000000000036,2.52,10.36,1.0,267.26,0.0,0.0,0.0,0.0,,,,,0.5968979979218403,0.8023171318605249,0.5968979979218403,0.8023171318605249,5.418611983018758,7.480813381724804,3.0,43.0,,0.0,0.0,3,0.0,0.0,0.6767500000000001,0.0,-0.0,35.525,1.766666666666667,286,10,2018,195
2018-10-14,0.0,1.5,0,0.0,3.0,12.0,6.8500000000000005,14.6,12.116666666666667,4.755452887554539,11.066859855537658,87.08333333333333,251.16666666666666,600.0,60.375,,,,,,,,23.52634827000561,0.9935496986997139,0.0,0.0,0.0,0.0,0.0,0.0,,0.041666666666666664,0,0,0.0,0.0,2.5200000000000036,2.52,10.36,1.0,267.26,0.0,0.0,0.0,0.0,,,,,0.39917074972021943,0.9168766070566955,0.39917074972021943,0.9168766070566955,4.141206889578744,9.63739045753071,4.0,44.0,,0.0,0.0,4,0.0,0.0,0.7243888888888889,0.0,-0.0,48.46666666666667,1.5291666666666668,287,10,2018,196
2018-10-15,0.0,0.0,0,0.0,1.7,16.1,8.762500000000001,14.6,10.354166666666666,1.5207794518941915,9.925647242313538,77.95833333333333,256.1666666666667,600.0,65.16666666666667,,,,,,,,6.6958569954986595,0.9592778155455302,0.0,0.0,0.0,0.0,0.0,0.0,,0.16666666666666666,0,0,0.0,0.0,2.5200000000000036,2.52,5.529999999999999,1.0,267.26,0.0,0.0,0.0,0.0,,,,,0.11659892154888699,0.9931790832944664,0.11659892154888699,0.9931790832944664,1.1855743143725135,7.737869162653595,5.0,45.0,,0.0,0.0,5,0.0,0.0,0.7639722222222222,0.0,-0.0,51.77083333333333,1.9125000000000005,288,10,2018,197
2018-10-16,0.0,0.4,0,0.0,5.8,16.5,11.208333333333334,20.4,12.566666666666668,-5.13683350179898,10.617111284016605,76.95833333333333,260.25,600.0,80.625,,,,,,,,335.13650181603373,0.9407948275826395,0.0,0.0,0.0,0.0,0.0,0.0,,0.041666666666666664,0,0,0.0,0.0,2.5200000000000036,2.52,5.529999999999999,1.0,267.26,0.0,0.0,0.0,0.0,,,,,-0.4204578712002561,0.9073120623830309,-0.4204578712002561,0.9073120623830309,-3.953221449092798,8.170751892324446,6.0,46.0,,0.0,0.0,6,0.0,0.0,0.7633611111111112,0.0,-0.0,75.4,2.445833333333333,289,10,2018,198
2018-10-17,0.0,3.7,0,0.0,6.8,11.8,9.450000000000001,15.3,11.608333333333334,-6.962957465037352,9.013263458888735,93.20833333333333,127.875,491.0,85.625,,,,,,,,322.84980274588054,0.9802887842822998,0.0,0.0,0.0,0.0,0.0,0.0,,0.041666666666666664,0,0,0.0,0.0,0.0,2.52,5.529999999999999,1.0,267.26,0.0,0.0,0.0,0.0,,,,,-0.6039065253056437,0.7970551478368758,-0.6039065253056437,0.7970551478368758,-6.490056603870231,8.401112648972541,7.0,47.0,,,0.0,6,0.0,0.0,0.6581666666666667,0.0,-0.0,69.65,-1.7583333333333329,290,10,2018,199
2018-10-18,0.0,0.8,0,0.0,6.2,12.7,8.945833333333335,28.0,17.479166666666668,-13.032606232026483,11.542140505782251,86.625,267.7083333333333,600.0,64.95833333333333,,,,,,,,311.7861480392773,0.9953167545092334,0.0,0.0,0.0,0.0,0.0,0.0,,0.16666666666666666,0,0,0.0,0.0,0.0,2.52,5.529999999999999,1.0,267.26,0.0,0.0,0.0,0.0,,,,,-0.7456371203331297,0.6663522227630954,-0.7456371203331297,0.6663522227630954,-11.28949514849294,9.998379213133875,8.0,48.0,,,0.0,6,0.0,0.0,0.7494444444444444,0.0,-0.0,104.875,-0.5041666666666664,291,10,2018,200
2018-10-19,0.0,0.0,0,0.0,6.7,16.6,11.7125,19.9,16.162499999999998,-12.52173399636005,10.138110656315273,55.708333333333336,328.2916666666667,600.0,30.625,,,,,,,,308.95777933120206,0.9970531934096277,0.0,0.0,0.0,0.0,0.0,0.0,,0.625,0,0,0.0,0.0,0.0,2.52,5.390000000000001,0.0,267.26,0.0,0.0,0.0,0.0,,,,,-0.7776094901208089,0.6287475493980519,-0.7776094901208089,0.6287475493980519,-6.975649313805579,5.647772478122301,9.0,49.0,,,0.0,6,0.0,0.0,0.7378888888888889,0.0,-0.0,96.975,2.7666666666666657,292,10,2018,201
2018-10-20,0.28,25.5,2,0.14,2.6,15.5,11.1625,23.8,11.625,-6.234978017217749,6.056817053460022,81.33333333333333,179.95833333333334,600.0,79.79166666666667,,,,,,,,308.27195173419466,0.6281805053582268,3.35,10.0,11.6,98.5,3.9790372533444573,-9.159714475835983,157.0,0.125,0,2,0.2799999999999965,0.28,0.2800000000000036,2.8,5.67,0.0,267.54,0.0,0.0,0.0,0.0,,,,,-0.7850796797602912,0.6193947823702413,0.39073112848927377,-0.9205048534524404,-5.071115454003769,4.926211203480817,0.0,50.0,1.0,0.9999999999999873,6.664000000000001,0,0.04073125000000001,0.28,0.7244166666666666,2.8000000000000003,0.0,0.0,-0.5500000000000007,293,10,2018,202
2018-10-21,0.07,0.2,1,0.07,1.1,13.7,6.766666666666667,11.2,5.770833333333333,-3.0523555714929667,-0.29924005675727644,77.25,308.8333333333333,600.0,35.958333333333336,,,,,,,,260.52992138547154,0.3448334950092414,1.8,4.3,4.3,99.0,5.265981236333618e-16,-4.3,180.0,0.5833333333333334,0,1,0.3499999999999965,0.35000000000000003,0.3500000000000036,2.87,5.74,0.0,267.61,0.0,0.0,0.0,0.0,,,,,-0.9863716593084927,-0.16453251870986144,1.2246467991473532e-16,-1.0,-2.357944678978317,-0.23116294384499603,0.0,51.0,0.2,0.9999999999999899,0.784,1,0.013578687499999999,0.35000000000000003,0.7678333333333333,0.301,0.0,5.770833333333333,-4.395833333333333,294,10,2018,203
2018-10-22,0.0,0.0,0,0.0,3.7,16.0,9.9,14.7,11.470833333333333,-8.147101377168612,7.796724026635924,52.333333333333336,335.125,600.0,11.166666666666666,,,,,,,,315.40795153955276,0.9799331782962455,0.0,0.0,0.0,0.0,0.0,0.0,,0.875,0,0,0.06999999999999645,0.35000000000000003,0.3500000000000036,2.87,5.74,0.0,267.61,0.0,0.0,0.0,0.0,,,,,-0.7020542308704469,0.7121234843177869,-0.7020542308704469,0.7121234843177869,-4.263649720718241,4.080285573939467,1.0,52.0,0.0,0.9999999999999899,0.0,2,0.0,0.17500000000000002,0.7311944444444444,0.0,-0.0,22.941666666666666,3.1333333333333337,295,10,2018,204
2018-10-23,0.0,0.0,0,0.0,5.8,17.0,11.670833333333334,26.9,15.433333333333332,-11.35696088798632,9.198051508449351,44.125,316.375,600.0,49.25,,,,,,,,304.46260614790697,0.7741520282180149,0.0,0.0,0.0,0.0,0.0,0.0,,0.3333333333333333,0,0,0.0,0.07,0.3500000000000036,2.87,5.74,0.0,267.61,0.0,0.0,0.0,0.0,,,,,-0.824495675752637,0.5658682538057798,-0.824495675752637,0.5658682538057798,-5.011258991823964,4.058640228103276,2.0,53.0,0.0,0.19999999999999796,0.0,3,0.0,0.023333333333333334,0.6913333333333335,0.0,-0.0,46.3,1.770833333333334,296,10,2018,205
2018-10-24,0.0,0.4,0,0.0,1.1,14.1,6.654166666666666,10.9,6.708333333333333,5.146136284641492,-2.1259413231316686,80.375,261.7083333333333,600.0,84.83333333333333,,,,,,,,124.4408574268871,0.7373021829966506,0.0,0.0,0.0,0.0,0.0,0.0,,0.08333333333333333,0,0,0.0,0.0,0.3500000000000036,0.35000000000000003,5.74,0.0,267.61,0.0,0.0,0.0,0.0,,,,,0.8247104124622486,-0.5655552453795719,0.8247104124622486,-0.5655552453795719,4.1362070387806,-1.7087253384670786,3.0,54.0,,0.0,0.0,4,0.0,0.0,0.7557222222222221,0.0,-0.0,26.833333333333332,-5.016666666666668,297,10,2018,206
2018-10-25,0.0,0.0,0,0.0,4.6,14.1,9.070833333333333,18.4,10.825000000000001,-8.026094030142195,5.705279863475325,71.16666666666667,323.5416666666667,600.0,39.208333333333336,,,,,,,,308.36556122297395,0.8205956779867994,0.0,0.0,0.0,0.0,0.0,0.0,,0.5,0,0,0.0,0.0,0.3500000000000036,0.35000000000000003,5.109999999999999,0.0,267.61,0.0,0.0,0.0,0.0,,,,,-0.7840666690619542,0.6206766134357666,-0.7840666690619542,0.6206766134357666,-5.71190358478453,4.06025750283994,4.0,55.0,,0.0,0.0,5,0.0,0.0,0.76625,0.0,-0.0,54.12500000000001,2.416666666666667,298,10,2018,207
2018-10-26,0.0,0.0,0,0.0,4.4,15.4,9.066666666666666,13.4,7.183333333333334,-6.286258786439749,2.142047583815932,63.666666666666664,321.25,600.0,37.625,,,,,,,,298.3331018894219,0.8344885388199256,0.0,0.0,0.0,0.0,0.0,0.0,,0.2916666666666667,0,0,0.0,0.0,0.3500000000000036,0.35000000000000003,4.4799999999999995,0.0,267.61,0.0,0.0,0.0,0.0,,,,,-0.8802033083013266,0.4745968142069641,-0.8802033083013266,0.4745968142069641,-4.00225142736664,1.3637702950294766,5.0,56.0,,0.0,0.0,6,0.0,0.0,0.7597222222222223,0.0,-0.0,43.1,-0.00416666666666643,299,10,2018,208
2018-10-27,0.0,0.0,0,0.0,3.9,14.5,9.525,24.4,12.8125,-9.624755374689332,2.0703807750316847,67.875,316.2916666666667,600.0,43.0,,,,,,,,277.0291822380627,0.617514548162212,0.0,0.0,0.0,0.0,0.0,0.0,,0.3333333333333333,0,0,0.0,0.0,0.07000000000000356,0.35000000000000003,4.4799999999999995,0.0,267.61,0.0,0.0,0.0,0.0,,,,,-0.9924839516623333,0.12237485727353989,-0.9924839516623333,0.12237485727353989,-6.532802710570385,1.4052709510527561,6.0,57.0,,0.0,0.0,6,0.0,0.0,0.7593333333333333,0.0,-0.0,76.875,0.4583333333333339,300,10,2018,209
2018-10-28,0.0,0.0,0,0.0,-0.0,16.2,8.204166666666667,7.6,4.708333333333333,-1.022325122101841,-0.37875773206532154,56.791666666666664,344.0833333333333,600.0,68.83333333333333,,,,,,,,241.12158070430092,0.10820390606286626,0.0,0.0,0.0,0.0,0.0,0.0,,0.25,0,0,0.0,0.0,0.0,0.35000000000000003,4.4799999999999995,0.0,267.61,0.0,0.0,0.0,0.0,,,,,-0.8756464953047877,-0.48295260146358304,-0.8756464953047877,-0.48295260146358304,-0.5805954755936705,-0.21510282866876385,7.0,58.0,,,0.0,6,0.0,0.0,0.7520277777777777,0.0,-0.0,28.25,-1.3208333333333329,301,10,2018,210
2018-10-29,0.0,0.0,0,0.0,3.9,16.9,10.674999999999999,14.3,5.108333333333333,-3.9051829802926257,1.4624000619568038,51.416666666666664,338.0833333333333,600.0,0.7916666666666666,,,,,,,,283.27463662050354,0.7513436527100178,0.0,0.0,0.0,0.0,0.0,0.0,,1.0,0,0,0.0,0.0,0.0,0.35000000000000003,2.87,0.0,267.61,0.0,0.0,0.0,0.0,,,,,-0.9732806145695213,0.2296189132087663,-0.9732806145695213,0.2296189132087663,-2.007914915700458,0.7519173651894566,8.0,59.0,,,0.0,6,0.0,0.0,0.730111111111111,0.0,-0.0,30.65,2.4708333333333314,302,10,2018,211
2018-10-30,0.0,0.0,0,0.0,9.1,16.6,12.270833333333334,22.3,17.400000000000002,-14.579733346326291,9.34460704896199,42.333333333333336,336.5833333333333,600.0,35.833333333333336,,,,,,,,302.75562335531015,0.99497966775138,0.0,0.0,0.0,0.0,0.0,0.0,,0.3333333333333333,0,0,0.0,0.0,0.0,0.35000000000000003,2.87,0.0,267.61,0.0,0.0,0.0,0.0,,,,,-0.8409859143980374,0.5410570134321309,-0.8409859143980374,0.5410570134321309,-6.172087116611464,3.955883650727243,9.0,60.0,,,0.0,6,0.0,0.0,0.6988333333333333,0.0,-0.0,104.4,1.595833333333335,303,10,2018,212
2018-10-31,0.0,0.0,0,0.0,10.0,19.1,13.829166666666666,19.0,11.508333333333333,-8.955478842066796,4.669587726313787,48.166666666666664,321.4166666666667,600.0,34.25,,,,,,,,309.92572173982467,0.6705674712021358,0.0,0.0,0.0,0.0,0.0,0.0,,0.4166666666666667,0,0,0.0,0.0,0.0,0.35000000000000003,2.87,0.0,267.61,0.0,0.0,0.0,0.0,,,,,-0.7668771091455179,0.6417939696418263,-0.7668771091455179,0.6417939696418263,-4.313555642262173,2.2491847548411403,10.0,61.0,,,0.0,6,0.0,0.0,0.7081666666666666,0.0,-0.0,69.05,1.5583333333333318,304,10,2018,213
2018-11-01,0.0,0.0,0,0.0,12.3,21.9,17.745833333333334,19.8,15.233333333333334,-10.971961803874649,10.397117982787336,38.666666666666664,320.7083333333333,600.0,61.416666666666664,,,,,,,,314.50102614540884,0.9921969749095183,0.0,0.0,0.0,0.0,0.0,0.0,,0.2916666666666667,0,0,0.0,0.0,0.0,0.35000000000000003,2.87,0.0,267.61,0.0,0.0,0.0,0.0,,,,,-0.7132378960240265,0.7009220382290886,-0.7132378960240265,0.7009220382290886,-4.242491897498197,4.020218953344436,11.0,62.0,,,0.0,6,0.0,0.0,0.6760277777777778,0.0,-0.0,91.4,3.916666666666668,305,11,2018,214
2018-11-02,0.0,3.0,0,0.0,13.5,19.6,16.425,42.9,29.254166666666666,-24.123989481361935,16.321072231762535,62.708333333333336,288.6666666666667,600.0,71.58333333333333,,,,,,,,304.62142168825727,0.9950864097662702,0.0,0.0,0.0,0.0,0.0,0.0,,0.08333333333333333,0,0,0.0,0.0,0.0,0.35000000000000003,2.87,0.0,267.61,0.0,0.0,0.0,0.0,,,,,-0.8229240061614369,0.5681514587530435,-0.8229240061614369,0.5681514587530435,-15.127751737270714,10.234672378667756,12.0,63.0,,,0.0,6,0.0,0.0,0.7348055555555555,0.0,-0.0,175.525,-1.3208333333333329,306,11,2018,215
2018-11-03,0.0,0.0,0,0.0,5.3,14.7,10.1625,29.8,23.537499999999998,-20.388105275434153,11.35770247996048,61.083333333333336,349.2083333333333,600.0,8.958333333333334,,,,,,,,300.6690604669393,0.9848355498663749,0.0,0.0,0.0,0.0,0.0,0.0,,0.8333333333333334,0,0,0.0,0.0,0.0,0.07,2.87,0.0,267.61,0.0,0.0,0.0,0.0,,,,,-0.8601278377201104,0.5100785260907653,-0.8601278377201104,0.5100785260907653,-12.453734305744362,6.937663264842526,13.0,64.0,,,0.0,6,0.0,0.0,0.7630833333333333,0.0,-0.0,141.225,-6.262500000000001,307,11,2018,216
2018-11-04,0.0,0.0,0,0.0,5.5,18.1,11.716666666666667,20.7,15.6875,-12.970712180533331,8.538260449324172,53.625,330.75,600.0,53.041666666666664,,,,,,,,304.3227412289256,0.9898549947727482,0.0,0.0,0.0,0.0,0.0,0.0,,0.25,0,0,0.0,0.0,0.0,0.0,2.87,0.0,267.61,0.0,0.0,0.0,0.0,,,,,-0.8258745606898288,0.5638538906537599,-0.8258745606898288,0.5638538906537599,-6.955544406810999,4.578642165950087,14.0,65.0,,,0.0,6,0.0,0.0,0.7325833333333334,0.0,-0.0,94.125,1.5541666666666671,308,11,2018,217
2018-11-05,0.0,1.9,0,0.0,10.7,16.0,12.916666666666666,31.3,20.591666666666665,-16.433492598565266,12.296376796686735,70.29166666666667,233.20833333333334,600.0,91.16666666666667,,,,,,,,306.791606977063,0.9964385584170157,0.0,0.0,0.0,0.0,0.0,0.0,,0.041666666666666664,0,0,0.0,0.0,0.0,0.0,2.87,0.0,267.61,0.0,0.0,0.0,0.0,,,,,-0.80081911085896,0.5989062962459694,-0.80081911085896,0.5989062962459694,-11.551375839074835,8.643328190004384,15.0,66.0,,,0.0,6,0.0,0.0,0.7231111111111111,0.0,-0.0,123.54999999999998,1.1999999999999993,309,11,2018,218
2018-11-06,0.0,14.700000000000001,0,0.0,11.0,14.2,12.512500000000001,35.3,21.516666666666666,-17.078185337399216,12.736961955427402,96.95833333333333,206.66666666666666,584.0,94.95833333333333,,,,,,,,307.98564895520104,0.9896637684265132,0.0,0.0,0.0,0.0,0.0,0.0,,0.0,0,0,0.0,0.0,0.0,0.0,2.87,0.0,267.61,0.0,0.0,0.0,0.0,,,,,-0.788164935452653,0.6154640806114645,-0.788164935452653,0.6154640806114645,-16.558723866719987,12.349546029283152,16.0,67.0,,,0.0,6,0.0,0.0,0.7765277777777776,0.0,-0.0,129.1,-0.404166666666665,310,11,2018,219
2018-11-07,2.94,21.1,6,1.26,0.5,10.8,6.395833333333333,21.1,13.299999999999999,-11.324006909211823,6.129609078654325,98.0,88.33333333333333,452.0,98.33333333333333,,,,,,,,292.80930966180284,0.9229744770886672,1.5333333333333332,6.316666666666666,10.7,99.0,-5.804156801474086,0.31751438133181004,262.3983631094752,0.0,0,6,2.9399999999999964,2.94,2.9400000000000035,2.94,5.8100000000000005,0.0,270.55,0.0,0.0,0.0,0.0,,,,,-0.9218001742399606,0.3876653695794587,-0.9912117613971352,-0.13228470836793207,-11.097526771027587,6.007016897081238,0.0,68.0,1.0,0.9999999999999988,62.034000000000006,0,0.5731642291666666,2.94,0.6255555555555555,18.570999999999998,0.0,0.0,-6.116666666666668,311,11,2018,220
2018-11-08,0.9099999999999999,1.4,2,0.7,-1.4,7.7,2.375,15.8,10.520833333333334,-8.51910147520716,0.43041904695224087,74.75,276.9583333333333,600.0,49.583333333333336,,,,,,,,270.7685581971722,0.7939665387585864,-0.25,4.4,4.8,97.5,-4.108031164076499,-0.7422808440410527,261.5,0.20833333333333334,1,2,3.849999999999996,3.8499999999999996,3.850000000000003,3.8499999999999996,6.72,1.0,271.46,0.0,0.0,0.0,0.0,,,,,-0.9999100353809148,0.013413468773501218,-0.9890158633619168,-0.14780941112961046,-6.368028352717351,0.32173823759680004,0.0,69.0,0.23636363636363636,0.9999999999999991,14.378,1,0.22036218749999995,3.8499999999999996,0.6049166666666667,4.004,0.0,10.520833333333334,-4.020833333333333,312,11,2018,221
2018-11-09,0.0,0.2,0,0.0,0.1,9.0,4.595833333333333,21.1,13.829166666666666,-11.449077166865914,7.2690170231000595,67.375,267.9583333333333,600.0,64.79166666666667,,,,,,,,304.516196034957,0.974327826706384,0.0,0.0,0.0,0.0,0.0,0.0,,0.16666666666666666,0,0,0.9099999999999964,3.8499999999999996,3.850000000000003,3.8499999999999996,4.199999999999999,1.0,271.46,0.0,0.0,0.0,0.0,,,,,-0.8239660473048677,0.5666391734506119,-0.8239660473048677,0.5666391734506119,-7.713815741175909,4.897500219313665,1.0,70.0,0.0,0.9999999999999991,0.0,2,0.0,1.9249999999999998,0.6032222222222222,0.0,-0.0,27.65833333333333,2.220833333333333,313,11,2018,222
2018-11-10,0.0,0.2,0,0.0,1.1,11.4,7.304166666666667,16.1,9.866666666666667,-8.426668646887434,3.9082085676898224,62.708333333333336,251.33333333333334,600.0,39.791666666666664,,,,,,,,304.853380239487,0.8810040428282591,0.0,0.0,0.0,0.0,0.0,0.0,,0.375,0,0,0.0,0.9099999999999999,3.850000000000003,3.8499999999999996,4.199999999999999,1.0,271.46,0.0,0.0,0.0,0.0,,,,,-0.8206171412993081,0.5714783525259303,-0.8206171412993081,0.5714783525259303,-5.284223463985662,2.4507724559888264,2.0,71.0,0.0,0.23636363636363614,0.0,3,0.0,0.3033333333333333,0.6299166666666666,0.0,-0.0,29.6,2.708333333333334,314,11,2018,223
2018-11-11,0.0,0.0,0,0.0,5.1,16.7,10.795833333333334,10.8,7.9750000000000005,-3.3553071712382416,2.2826002087831765,61.958333333333336,346.7916666666667,600.0,42.041666666666664,,,,,,,,311.1196289887104,0.4624639108402434,0.0,0.0,0.0,0.0,0.0,0.0,,0.375,0,0,0.0,0.0,3.850000000000003,3.8499999999999996,4.199999999999999,1.0,271.46,0.0,0.0,0.0,0.0,,,,,-0.7533381375816378,0.6576333708572196,-0.7533381375816378,0.6576333708572196,-2.078892401513027,1.414261046025243,3.0,72.0,,0.0,0.0,4,0.0,0.0,0.7710555555555555,0.0,-0.0,31.900000000000002,3.491666666666667,315,11,2018,224
2018-11-12,0.0,0.0,0,0.0,7.1,18.3,13.65,13.6,9.095833333333333,-6.207962266209631,6.0133141827686325,51.166666666666664,346.7916666666667,600.0,56.708333333333336,,,,,,,,316.87004939220236,0.9417470287358018,0.0,0.0,0.0,0.0,0.0,0.0,,0.3333333333333333,0,0,0.0,0.0,3.850000000000003,3.8499999999999996,4.199999999999999,1.0,271.46,0.0,0.0,0.0,0.0,,,,,-0.6836553629427319,0.7298050045865961,-0.6836553629427319,0.7298050045865961,-3.1764073595439277,3.0768124235166168,4.0,73.0,,0.0,0.0,5,0.0,0.0,0.7350833333333333,0.0,-0.0,45.479166666666664,2.854166666666666,316,11,2018,225
2018-11-13,0.0,6.2,0,0.0,9.4,16.6,12.870833333333332,19.8,13.870833333333332,-9.391650829248771,9.944814730523085,68.875,101.08333333333333,302.0,92.58333333333333,,,,,,,,318.8850959426085,0.9827636509540397,0.0,0.0,0.0,0.0,0.0,0.0,,0.0,0,0,0.0,0.0,3.850000000000003,3.8499999999999996,4.199999999999999,1.0,271.46,0.0,0.0,0.0,0.0,,,,,-0.6575712441332661,0.7533923671560714,-0.6575712441332661,0.7533923671560714,-6.468499508645091,6.849491145647774,5.0,74.0,,0.0,0.0,6,0.0,0.0,0.6303055555555556,0.0,-0.0,83.225,-0.7791666666666686,317,11,2018,226
2018-11-14,0.0,22.900000000000002,0,0.0,9.5,14.8,11.291666666666666,16.8,11.987499999999999,-9.748361230567228,6.468755403426683,94.75,200.25,600.0,86.04166666666667,,,,,,,,303.37097768418323,0.9762427620519227,0.0,0.0,0.0,0.0,0.0,0.0,,0.0,0,0,0.0,0.0,0.9100000000000035,3.8499999999999996,4.199999999999999,1.0,271.46,0.0,0.0,0.0,0.0,,,,,-0.835126593893643,0.5500577898472144,-0.835126593893643,0.5500577898472144,-9.23657226596245,6.129145744746783,6.0,75.0,,0.0,0.0,6,0.0,0.0,0.7782222222222223,0.0,-0.0,71.925,-1.5791666666666657,318,11,2018,227
2018-11-15,0.0,4.7,0,0.0,4.3,11.5,8.275,11.4,6.833333333333333,2.382400723989082,-2.300473695458202,95.25,149.75,519.0,90.91666666666667,,,,,,,,152.73698195027634,0.41440918161832835,0.0,0.0,0.0,0.0,0.0,0.0,,0.0,0,0,0.0,0.0,0.0,3.8499999999999996,4.199999999999999,0.0,271.46,0.0,0.0,0.0,0.0,,,,,0.45807589495214607,-0.8889130860009826,0.45807589495214607,-0.8889130860009826,2.269236689599601,-2.1912011949239374,7.0,76.0,,,0.0,6,0.0,0.0,0.672888888888889,0.0,-0.0,41.0,-3.0166666666666657,319,11,2018,228
2018-11-16,0.0,0.5,0,0.0,4.0,14.8,9.704166666666667,15.3,9.816666666666666,-2.972170058374768,2.2876448881805547,73.375,339.5833333333333,600.0,44.708333333333336,,,,,,,,313.8151393422939,0.32799110770524215,0.0,0.0,0.0,0.0,0.0,0.0,,0.3333333333333333,0,0,0.0,0.0,0.0,3.8499999999999996,4.199999999999999,0.0,271.46,0.0,0.0,0.0,0.0,,,,,-0.7215773169656832,0.6923338613996907,-0.7215773169656832,0.6923338613996907,-2.180829780332486,1.6785594367024819,8.0,77.0,,,0.0,6,0.0,0.0,0.799861111111111,0.0,-0.0,58.9,1.4291666666666671,320,11,2018,229
2018-11-17,0.0,3.5,0,0.0,5.0,12.2,7.75,13.6,10.4375,9.672411120987226,-2.7869386062185986,87.66666666666667,185.375,600.0,96.41666666666667,,,,,,,,107.59593784628804,0.9646632627118776,0.0,0.0,0.0,0.0,0.0,0.0,,0.0,0,0,0.0,0.0,0.0,3.8499999999999996,4.199999999999999,0.0,271.46,0.0,0.0,0.0,0.0,,,,,0.9532121028048243,-0.3023023107195928,0.9532121028048243,-0.3023023107195928,8.479480416065469,-2.443216178118305,9.0,78.0,,,0.0,6,0.0,0.0,0.6869166666666665,0.0,-0.0,62.625,-1.9541666666666675,321,11,2018,230
2018-11-18,0.0,0.1,0,0.0,2.9,17.0,9.845833333333333,13.2,9.041666666666666,6.554891956175527,5.440282692961051,66.375,361.6666666666667,600.0,21.958333333333332,,,,,,,,50.11189135874976,0.945403429696356,0.0,0.0,0.0,0.0,0.0,0.0,,0.6666666666666666,0,0,0.0,0.0,0.0,3.8499999999999996,4.199999999999999,0.0,271.46,0.0,0.0,0.0,0.0,,,,,0.7672982639053639,0.6412903977199522,0.7672982639053639,0.6412903977199522,4.350809535911506,3.6109876374528977,10.0,79.0,,,0.0,6,0.0,0.0,0.7956944444444445,0.0,-0.0,54.25,2.095833333333333,322,11,2018,231
2018-11-19,0.0,0.0,0,0.0,5.6,17.2,11.950000000000001,10.2,7.445833333333333,-5.844996979435255,2.9020337787424975,55.5,304.5,600.0,27.541666666666668,,,,,,,,296.2879478424667,0.8721622470352972,0.0,0.0,0.0,0.0,0.0,0.0,,0.5833333333333334,0,0,0.0,0.0,0.0,3.8499999999999996,3.92,0.0,271.46,0.0,0.0,0.0,0.0,,,,,-0.8965796104993905,0.44288260525421536,-0.8965796104993905,0.44288260525421536,-3.2439733235865664,1.6106287472020862,11.0,80.0,,,0.0,6,0.0,0.0,0.7213333333333334,0.0,-0.0,44.675,2.104166666666668,323,11,2018,232
2018-11-20,0.0,4.0,0,0.0,9.8,18.2,13.883333333333333,17.7,9.379166666666666,-6.102734476781269,6.916512925438295,65.08333333333333,276.4583333333333,600.0,73.91666666666667,,,,,,,,320.25343486880047,0.9848314235189115,0.0,0.0,0.0,0.0,0.0,0.0,,0.125,0,0,0.0,0.0,0.0,3.8499999999999996,3.8499999999999996,0.0,271.46,0.0,0.0,0.0,0.0,,,,,-0.6393929089405936,0.7688801649128983,-0.6393929089405936,0.7688801649128983,-3.9718630219718083,4.50149716230609,12.0,81.0,,,0.0,6,0.0,0.0,0.7345833333333333,0.0,-0.0,56.275,1.9333333333333318,324,11,2018,233
2018-11-21,0.0,15.9,0,0.0,6.3,14.0,10.549999999999999,27.0,15.291666666666666,-11.84566936594627,9.326695532456254,87.16666666666667,232.58333333333334,600.0,71.91666666666667,,,,,,,,310.20497477804656,0.9821178437580549,0.0,0.0,0.0,0.0,0.0,0.0,,0.125,0,0,0.0,0.0,0.0,0.9099999999999999,3.8499999999999996,0.0,271.46,0.0,0.0,0.0,0.0,,,,,-0.7637399830809263,0.6455240028407514,-0.7637399830809263,0.6455240028407514,-10.325475130649831,8.129769605791035,13.0,82.0,,,0.0,6,0.0,0.0,0.7567222222222223,0.0,-0.0,91.75,-3.333333333333334,325,11,2018,234
2018-11-22,8.89,15.799999999999999,17,1.68,0.5,6.1,2.725,28.4,21.066666666666666,-17.994628329751944,10.485029888736268,91.79166666666667,207.58333333333334,600.0,93.08333333333333,,,,,,,,301.6196360842844,0.9844836756111952,1.9352941176470588,24.15294117647059,28.4,90.82352941176471,-21.19214958122503,11.272172276425064,298.15882635894826,0.0,0,14,8.889999999999997,8.89,8.890000000000004,8.89,12.74,0.0,280.35,0.0,0.0,0.0,0.0,,,,,-0.8515473066525696,0.5242777742120628,-0.8816428068316121,0.4719173244987692,-16.51756925435147,9.624383685369166,0.0,83.0,1.0,0.9999999999999996,100.0,0,1.2512400071366785,8.89,0.5799166666666666,214.71964705882357,0.0,0.0,-7.824999999999999,326,11,2018,235
2018-11-23,4.2,14.200000000000001,14,0.77,0.5,5.2,2.6083333333333334,37.9,26.6125,-25.122044030721767,8.231346939835246,97.5,146.375,576.0,100.0,,,,,,,,286.3364103899644,0.9898835425702462,1.6142857142857143,28.942857142857143,37.9,95.92857142857143,-26.972660621016416,10.223039313159815,289.7184744933782,0.0,0,10,13.089999999999996,13.09,13.090000000000003,13.09,16.94,0.0,284.55,0.0,0.0,0.0,0.0,,,,,-0.9596267397717864,0.2812765904140836,-0.9413618026289088,0.33739880935067224,-24.493992929953723,8.025563266339365,0.0,84.0,0.32085561497326204,0.9999999999999998,100.0,1,0.5619476785714286,13.09,0.5381388888888888,121.56,0.0,26.6125,-0.1166666666666667,327,11,2018,236
2018-11-24,0.0,3.9,0,0.0,2.7,7.0,4.704166666666667,18.8,14.179166666666667,-13.497055329823263,-2.164416145705381,92.95833333333333,150.29166666666666,504.0,99.79166666666667,,,,,,,,259.2733787638068,0.9642600630587156,0.0,0.0,0.0,0.0,0.0,0.0,,0.0,0,0,4.199999999999997,13.09,13.090000000000003,13.09,16.94,0.0,284.55,0.0,0.0,0.0,0.0,,,,,-0.9825264245343095,-0.18612314496543914,-0.9825264245343095,-0.18612314496543914,-12.54663768368154,-2.012005175445294,1.0,85.0,0.0,0.9999999999999998,0.0,2,0.0,6.545,0.5656111111111111,0.0,-0.0,28.358333333333334,2.095833333333333,328,11,2018,237
2018-11-25,0.0,3.3000000000000003,0,0.0,-0.5,10.2,5.5,13.7,9.225,-3.551474899855778,-6.913264694646156,88.83333333333333,246.54166666666666,600.0,75.5,,,,,,,,214.23760101062337,0.7755015379009891,0.0,0.0,0.0,0.0,0.0,0.0,,0.16666666666666666,1,0,0.0,4.2,13.090000000000003,13.09,16.94,1.0,284.55,0.0,0.0,0.0,0.0,,,,,-0.5626260378609643,-0.826711522552379,-0.5626260378609643,-0.826711522552379,-3.1548935360385495,-6.141283470410668,2.0,86.0,0.0,0.320855614973262,0.0,3,0.0,1.4000000000000001,0.6871388888888889,0.0,-0.0,27.674999999999997,0.7958333333333334,329,11,2018,238
2018-11-26,0.0,0.0,0,0.0,3.5,13.3,7.908333333333334,11.5,5.916666666666667,2.09552586937627,-3.2106851553519444,79.58333333333333,214.125,600.0,86.70833333333333,,,,,,,,151.83065875159022,0.43016438800484547,0.0,0.0,0.0,0.0,0.0,0.0,,0.0,0,0,0.0,0.0,13.090000000000003,13.09,16.94,1.0,284.55,0.0,0.0,0.0,0.0,,,,,0.4720791151465074,-0.881556185981637,0.4720791151465074,-0.881556185981637,1.6676893377119482,-2.555170269467589,3.0,87.0,,0.0,0.0,4,0.0,0.0,0.7035833333333333,0.0,-0.0,23.666666666666668,2.408333333333334,330,11,2018,239
2018-11-27,0.0,6.7,0,0.0,6.7,14.2,9.866666666666667,11.3,6.166666666666667,-1.0060605577539512,1.6952417325879165,76.0,228.45833333333334,600.0,94.0,,,,,,,,348.8857073689505,0.31208236389443167,0.0,0.0,0.0,0.0,0.0,0.0,,0.0,0,0,0.0,0.0,13.090000000000003,13.09,16.94,1.0,284.55,0.0,0.0,0.0,0.0,,,,,-0.19276674739402788,0.9812446081885633,-0.19276674739402788,0.9812446081885633,-0.7646060238930029,1.2883837167668164,4.0,88.0,,0.0,0.0,5,0.0,0.0,0.7211944444444445,0.0,-0.0,30.833333333333336,1.958333333333333,331,11,2018,240
2018-11-28,0.0,12.0,0,0.0,5.7,10.0,7.7250000000000005,21.8,14.795833333333334,10.437955111238276,-9.104294627398032,98.95833333333333,119.125,454.0,99.70833333333333,,,,,,,,128.502400264396,0.9228475350952046,0.0,0.0,0.0,0.0,0.0,0.0,,0.0,0,0,0.0,0.0,13.090000000000003,13.09,16.94,1.0,284.55,0.0,0.0,0.0,0.0,,,,,0.7825820774609228,-0.6225474215165832,0.7825820774609228,-0.6225474215165832,10.329226412162877,-9.0094582250293,5.0,89.0,,0.0,0.0,6,0.0,0.0,0.6315,0.0,-0.0,88.775,-2.1416666666666666,332,11,2018,241
2018-11-29,0.0,3.3000000000000003,0,0.0,5.2,12.5,7.833333333333333,14.1,9.237499999999999,6.460489936390203,-6.0835365181498275,88.70833333333333,206.875,600.0,92.25,,,,,,,,130.93822510507587,0.9409100629108044,0.0,0.0,0.0,0.0,0.0,0.0,,0.0,0,0,0.0,0.0,4.200000000000004,13.09,16.94,1.0,284.55,0.0,0.0,0.0,0.0,,,,,0.7554164880731095,-0.6552449385896008,0.7554164880731095,-0.6552449385896008,5.730992947739476,-5.396603852975408,6.0,90.0,,0.0,0.0,6,0.0,0.0,0.711388888888889,0.0,-0.0,55.425,0.1083333333333325,333,11,2018,242
2018-11-30,0.0,0.8,0,0.0,6.5,14.6,10.758333333333333,19.1,10.170833333333333,-8.463173918779146,4.312012593423073,68.58333333333333,332.7083333333333,600.0,25.166666666666668,,,,,,,,309.0908382545793,0.8464217604364536,0.0,0.0,0.0,0.0,0.0,0.0,,0.5,0,0,0.0,0.0,0.0,13.09,16.94,1.0,284.55,0.0,0.0,0.0,0.0,,,,,-0.7761472438605677,0.6305517075130671,-0.7761472438605677,0.6305517075130671,-5.804326779296031,2.957321970322657,7.0,91.0,,,0.0,6,0.0,0.0,0.774861111111111,0.0,-0.0,61.02499999999999,2.925,334,11,2018,243
2018-12-01,0.0,0.0,0,0.0,7.0,18.6,13.179166666666667,19.2,13.645833333333334,-10.618517747056208,7.86247273671184,51.291666666666664,395.875,600.0,8.083333333333334,,,,,,,,311.08521073304934,0.9340233844376736,0.0,0.0,0.0,0.0,0.0,0.0,,0.9166666666666666,0,0,0.0,0.0,0.0,13.09,16.94,1.0,284.55,0.0,0.0,0.0,0.0,,,,,-0.7537330498162944,0.657180713057396,-0.7537330498162944,0.657180713057396,-5.446414727760913,4.032793307871781,8.0,92.0,,,0.0,6,0.0,0.0,0.7682222222222223,0.0,-0.0,81.875,2.4208333333333343,335,12,2018,244
2018-12-02,0.0,2.1999999999999997,0,0.0,4.0,13.9,10.095833333333333,36.4,23.3,-20.094317733252577,10.235285199604371,61.625,296.875,600.0,46.791666666666664,,,,,,,,296.17283785809553,0.9664155820731257,0.0,0.0,0.0,0.0,0.0,0.0,,0.2916666666666667,0,0,0.0,0.0,0.0,13.09,16.94,0.0,284.55,0.0,0.0,0.0,0.0,,,,,-0.8974675729944276,0.44108044098950006,-0.8974675729944276,0.44108044098950006,-12.383123303116902,6.307494504256194,9.0,93.0,,,0.0,6,0.0,0.0,0.7122222222222222,0.0,-0.0,139.8,-3.083333333333334,336,12,2018,245
2018-12-03,0.0,0.0,0,0.0,2.8,12.2,7.366666666666667,33.0,26.191666666666666,-23.865538699314246,10.711287127351666,76.75,350.0416666666667,600.0,37.625,,,,,,,,294.2077539859451,0.9988332917674234,0.0,0.0,0.0,0.0,0.0,0.0,,0.4166666666666667,0,0,0.0,0.0,0.0,13.09,16.94,0.0,284.55,0.0,0.0,0.0,0.0,,,,,-0.9120646318759663,0.410046469660401,-0.9120646318759663,0.410046469660401,-18.316800951723685,8.220912870242405,10.0,94.0,,,0.0,6,0.0,0.0,0.7603055555555556,0.0,-0.0,157.15,-2.729166666666666,337,12,2018,246
2018-12-04,0.0,0.30000000000000004,0,0.0,5.9,19.1,10.879166666666668,19.7,8.262500000000001,-2.3945098104419107,-1.5739917837267543,78.29166666666667,329.375,600.0,57.041666666666664,,,,,,,,203.58781817327198,0.38021300056388974,0.0,0.0,0.0,0.0,0.0,0.0,,0.08333333333333333,0,0,0.0,0.0,0.0,13.09,16.94,0.0,284.55,0.0,0.0,0.0,0.0,,,,,-0.40015419289405746,-0.9164478282528173,-0.40015419289405746,-0.9164478282528173,-1.8747016390918128,-1.2323044006760715,11.0,95.0,,,0.0,6,0.0,0.0,0.8138888888888888,0.0,-0.0,49.575,3.512500000000001,338,12,2018,247
2018-12-05,0.0,0.6,0,0.0,6.5,18.9,12.616666666666667,10.4,7.216666666666666,0.49826739091513716,0.6776031168724295,78.25,264.4166666666667,600.0,65.875,,,,,,,,41.136448469714445,0.20135356914184363,0.0,0.0,0.0,0.0,0.0,0.0,,0.125,0,0,0.0,0.0,0.0,13.09,16.94,0.0,284.55,0.0,0.0,0.0,0.0,,,,,0.6578544889379059,0.7531450533491186,0.6578544889379059,0.7531450533491186,0.38989423339109486,0.530224438952676,12.0,96.0,,,0.0,6,0.0,0.0,0.7704444444444446,0.0,-0.0,43.3,1.737499999999999,339,12,2018,248
2018-12-06,0.0,0.1,0,0.0,9.2,19.6,15.633333333333333,12.8,8.8375,-6.960850713383586,4.182192156005087,63.375,323.9583333333333,600.0,23.625,,,,,,,,305.4490131815016,0.9117772686154334,0.0,0.0,0.0,0.0,0.0,0.0,,0.5833333333333334,0,0,0.0,0.0,0.0,4.2,16.94,0.0,284.55,0.0,0.0,0.0,0.0,,,,,-0.8146319564482764,0.5799782543623972,-0.8146319564482764,0.5799782543623972,-4.4114391396068475,2.6504642788682236,13.0,97.0,,,0.0,6,0.0,0.0,0.7605555555555555,0.0,-0.0,53.025000000000006,3.0166666666666657,340,12,2018,249
2018-12-07,0.0,0.0,0,0.0,12.5,21.9,17.754166666666666,15.0,9.591666666666667,-7.5334440252517645,5.122021726336255,55.791666666666664,362.3333333333333,600.0,35.666666666666664,,,,,,,,308.1107592597609,0.9443092476524593,0.0,0.0,0.0,0.0,0.0,0.0,,0.5416666666666666,0,0,0.0,0.0,0.0,0.0,14.0,0.0,284.55,0.0,0.0,0.0,0.0,,,,,-0.7868191383089918,0.6171836384664581,-0.7868191383089918,0.6171836384664581,-4.20303397908838,2.857661288151769,14.0,98.0,,,0.0,6,0.0,0.0,0.7608611111111111,0.0,-0.0,57.55,2.1208333333333336,341,12,2018,250
2018-12-08,0.0,0.6,0,0.0,13.8,22.8,18.25,15.2,9.549999999999999,-5.676983402439766,4.9101418207163965,56.375,328.0416666666667,600.0,70.83333333333333,,,,,,,,314.945796676809,0.6224302920698236,0.0,0.0,0.0,0.0,0.0,0.0,,0.125,0,0,0.0,0.0,0.0,0.0,13.09,0.0,284.55,0.0,0.0,0.0,0.0,,,,,-0.7077754063901663,0.7064375231464102,-0.7077754063901663,0.7064375231464102,-3.2003993931254175,2.7680924514288687,15.0,99.0,,,0.0,6,0.0,0.0,0.7399444444444444,0.0,-0.0,57.3,0.49583333333333357,342,12,2018,251
2018-12-09,0.0,8.1,0,0.0,11.6,21.6,16.212500000000002,18.7,9.491666666666667,-6.145458202234416,5.683026099591644,70.0,238.0,600.0,78.04166666666667,,,,,,,,314.89078461953955,0.8507580730970637,0.0,0.0,0.0,0.0,0.0,0.0,,0.041666666666666664,0,0,0.0,0.0,0.0,0.0,13.09,0.0,284.55,0.0,0.0,0.0,0.0,,,,,-0.7084533600495608,0.7057576330685253,-0.7084533600495608,0.7057576330685253,-4.301820741564091,3.978118269714151,16.0,100.0,,,0.0,6,0.0,0.0,0.7253333333333334,0.0,-0.0,56.95,-2.037499999999998,343,12,2018,252
2018-12-10,0.0,4.199999999999999,0,0.0,10.6,20.9,14.575000000000001,16.5,11.445833333333333,-5.437799143432149,2.190405811520152,74.625,343.8333333333333,600.0,60.5,,,,,,,,289.22426718579175,0.3659510472812479,0.0,0.0,0.0,0.0,0.0,0.0,,0.125,0,0,0.0,0.0,0.0,0.0,13.09,0.0,284.55,0.0,0.0,0.0,0.0,,,,,-0.9442369966033108,0.32926660056185353,-0.9442369966033108,0.32926660056185353,-4.057957610786241,1.6345903368469135,17.0,101.0,,,0.0,6,0.0,0.0,0.8113055555555556,0.0,-0.0,68.675,-1.637500000000001,344,12,2018,253
2018-12-11,0.0,1.1,0,0.0,10.9,20.5,14.725,9.0,6.204166666666667,0.19484255992519608,1.940836980879147,71.91666666666667,336.5833333333333,600.0,28.75,,,,,,,,10.113152144561418,0.33350260712450214,0.0,0.0,0.0,0.0,0.0,0.0,,0.5416666666666666,0,0,0.0,0.0,0.0,0.0,13.09,0.0,284.55,0.0,0.0,0.0,0.0,,,,,0.17559271242850158,0.9844628989159528,0.17559271242850158,0.9844628989159528,0.14012427434620353,1.3957852620822533,18.0,102.0,,,0.0,6,0.0,0.0,0.7974444444444444,0.0,-0.0,37.225,0.14999999999999858,345,12,2018,254
2018-12-12,0.0,7.4,0,0.0,10.5,19.4,14.674999999999999,9.8,6.158333333333334,-2.885421334085878,4.207490316265077,74.54166666666667,294.3333333333333,600.0,81.5,,,,,,,,323.5160652866534,0.8068961719942822,0.0,0.0,0.0,0.0,0.0,0.0,,0.0,0,0,0.0,0.0,0.0,0.0,13.09,0.0,284.55,0.0,0.0,0.0,0.0,,,,,-0.5945973682205505,0.8040236126540035,-0.5945973682205505,0.8040236126540035,-2.1508411527831814,3.1363334065825934,19.0,103.0,,,0.0,6,0.0,0.0,0.7780277777777779,0.0,-0.0,36.95,-0.05000000000000071,346,12,2018,255
2018-12-13,0.0,21.5,0,0.0,10.4,17.7,13.183333333333332,15.6,10.054166666666667,-0.004475710203604932,8.23781567532784,93.125,130.70833333333334,600.0,98.29166666666667,,,,,,,,0.4800762479329948,0.8292946404773407,0.0,0.0,0.0,0.0,0.0,0.0,,0.0,0,0,0.0,0.0,0.0,0.0,13.09,0.0,284.55,0.0,0.0,0.0,0.0,,,,,0.008378813145542521,0.9999648971290303,0.008378813145542521,0.9999648971290303,-0.004168005127107094,7.67146584764905,20.0,104.0,,,0.0,6,0.0,0.0,0.7308888888888889,0.0,-0.0,60.325,-1.4916666666666671,347,12,2018,256
2018-12-14,0.0,37.0,0,0.0,9.9,16.2,12.566666666666668,21.7,11.7125,10.156892605085277,4.061458805061551,95.91666666666667,163.375,600.0,86.95833333333333,,,,,,,,63.97558216460596,0.9057517165369195,0.0,0.0,0.0,0.0,0.0,0.0,,0.041666666666666664,0,0,0.0,0.0,0.0,0.0,13.09,0.0,284.55,0.0,0.0,0.0,0.0,,,,,0.8986071433408536,0.4387541474867111,0.8986071433408536,0.4387541474867111,9.742152823710962,3.8956159038548708,21.0,105.0,,,0.0,6,0.0,0.0,0.7619722222222224,0.0,-0.0,70.275,-0.6166666666666636,348,12,2018,257
2018-12-15,0.0,14.200000000000001,0,0.0,10.1,18.8,13.75,15.6,8.154166666666667,0.34909554945922167,7.025922814481576,80.25,283.5,600.0,66.08333333333333,,,,,,,,0.023099366009394582,0.8388331992760589,0.0,0.0,0.0,0.0,0.0,0.0,,0.16666666666666666,0,0,0.0,0.0,0.0,0.0,13.09,0.0,284.55,0.0,0.0,0.0,0.0,,,,,0.00040315998106573055,0.9999999187310116,0.00040315998106573055,0.9999999187310116,0.2801491784410254,5.638303058621465,22.0,106.0,,,0.0,6,0.0,0.0,0.7898333333333333,0.0,-0.0,48.925,1.1833333333333318,349,12,2018,258
2018-12-16,0.0,1.6,0,0.0,8.0,15.0,11.674999999999999,24.9,15.070833333333333,-9.953706868366535,10.479019304702168,74.16666666666667,258.4583333333333,600.0,54.916666666666664,,,,,,,,320.31916006892493,0.9445255070982423,0.0,0.0,0.0,0.0,0.0,0.0,,0.25,0,0,0.0,0.0,0.0,0.0,13.09,0.0,284.55,0.0,0.0,0.0,0.0,,,,,-0.6385104897555467,0.7696131199973997,-0.6385104897555467,0.7696131199973997,-7.382332594038513,7.771939317654109,23.0,107.0,,,0.0,6,0.0,0.0,0.7528611111111111,0.0,-0.0,90.425,-2.075000000000001,350,12,2018,259
2018-12-17,0.0,0.5,0,0.0,9.5,19.2,14.079166666666667,15.3,11.65,-7.844941138943917,3.9478674884300715,75.08333333333333,299.5,600.0,45.416666666666664,,,,,,,,295.0488698523043,0.5917900626556086,0.0,0.0,0.0,0.0,0.0,0.0,,0.2916666666666667,0,0,0.0,0.0,0.0,0.0,13.09,0.0,284.55,0.0,0.0,0.0,0.0,,,,,-0.9059469894607016,0.4233911339259377,-0.9059469894607016,0.4233911339259377,-5.890243305157058,2.964190505896245,24.0,108.0,,,0.0,6,0.0,0.0,0.7832777777777777,0.0,-0.0,69.9,2.4041666666666686,351,12,2018,260
2018-12-18,0.0,1.6,0,0.0,10.9,21.9,15.679166666666667,12.4,7.570833333333333,1.2563149295546934,0.5200102296055974,80.125,334.0833333333333,600.0,56.833333333333336,,,,,,,,35.24047793573234,0.24490937279846234,0.0,0.0,0.0,0.0,0.0,0.0,,0.25,0,0,0.0,0.0,0.0,0.0,13.09,0.0,284.55,0.0,0.0,0.0,0.0,,,,,0.5770094632862588,0.8167374604351777,0.5770094632862588,0.8167374604351777,1.0066223373056982,0.4166581964714849,25.0,109.0,,,0.0,6,0.0,0.0,0.8231388888888889,0.0,-0.0,45.425,1.5999999999999996,352,12,2018,261
2018-12-19,0.0,1.1,0,0.0,12.9,20.1,15.8375,21.2,10.920833333333334,-8.174357045799656,5.355872359757324,78.29166666666667,209.70833333333334,600.0,82.29166666666667,,,,,,,,310.23855724543114,0.8553429364585778,0.0,0.0,0.0,0.0,0.0,0.0,,0.041666666666666664,0,0,0.0,0.0,0.0,0.0,13.09,0.0,284.55,0.0,0.0,0.0,0.0,,,,,-0.763361494398925,0.6459715387453537,-0.763361494398925,0.6459715387453537,-6.399840370440647,4.193201734993338,26.0,110.0,,,0.0,6,0.0,0.0,0.7341111111111113,0.0,-0.0,65.525,0.15833333333333321,353,12,2018,262
2018-12-20,0.0,2.0,0,0.0,9.3,21.0,15.791666666666666,19.6,13.879166666666668,-7.390967158600229,1.569406600207719,70.875,306.9166666666667,600.0,45.166666666666664,,,,,,,,278.34500185234214,0.4448249545712454,0.0,0.0,0.0,0.0,0.0,0.0,,0.375,0,0,0.0,0.0,0.0,0.0,13.09,0.0,284.55,0.0,0.0,0.0,0.0,,,,,-0.9894121020987885,0.1451333601225317,-0.9894121020987885,0.1451333601225317,-5.238347973657913,1.1123169278972207,27.0,111.0,,,0.0,6,0.0,0.0,0.7741944444444444,0.0,-0.0,83.275,-0.04583333333333428,354,12,2018,263
2018-12-21,0.0,24.2,0,0.0,5.1,14.4,9.908333333333333,16.6,9.441666666666666,8.223893293130649,-2.22663586054833,97.66666666666667,149.75,600.0,97.79166666666667,,,,,,,,98.19215156482767,0.8843221864508599,0.0,0.0,0.0,0.0,0.0,0.0,,0.0,0,0,0.0,0.0,0.0,0.0,13.09,0.0,284.55,0.0,0.0,0.0,0.0,,,,,0.9897957590806881,-0.14249335179538924,0.9897957590806881,-0.14249335179538924,8.032002449624267,-2.174681023802202,28.0,112.0,,,0.0,6,0.0,0.0,0.7453888888888889,0.0,-0.0,56.65,-5.883333333333333,355,12,2018,264
2018-12-22,0.42,4.0,1,0.42,2.2,11.4,6.55,14.6,11.0,6.28983728937131,-8.364810814614248,89.41666666666667,252.75,600.0,80.04166666666667,,,,,,,,141.1950891118229,0.9507283976159043,4.4,12.5,12.5,100.0,8.200737862381342,-9.43386975278465,139.0,0.08333333333333333,0,1,0.41999999999999643,0.42,0.42000000000000354,0.42,4.62,0.0,284.97,0.0,0.0,0.0,0.0,,,,,0.6266706070298897,-0.779284255124399,0.6560590289905073,-0.754709580222772,5.624162842912847,-7.479535003400907,0.0,113.0,1.0,0.9999999999999916,6.132,0,0.049612500000000004,0.42,0.7198888888888888,5.25,0.0,0.0,-3.3583333333333334,356,12,2018,265
2018-12-23,0.0,0.0,0,0.0,2.6,17.5,10.9,10.1,5.604166666666667,-2.2738975828124124,0.031685497604403944,65.91666666666667,366.125,600.0,29.916666666666668,,,,,,,,282.83934793060746,0.2101677800858822,0.0,0.0,0.0,0.0,0.0,0.0,,0.5833333333333334,0,0,0.41999999999999643,0.42,0.42000000000000354,0.42,0.42,0.0,284.97,0.0,0.0,0.0,0.0,,,,,-0.9749969757245706,0.22221813006130092,-0.9749969757245706,0.22221813006130092,-1.4988774900038486,0.020886023837569604,1.0,114.0,0.0,0.9999999999999916,0.0,1,0.0,0.21,0.797138888888889,0.0,-0.0,5.604166666666667,4.3500000000000005,357,12,2018,266
2018-12-24,0.0,0.0,0,0.0,9.4,19.7,14.950000000000001,13.0,9.5875,-7.338691475093046,5.83803323623368,54.625,383.0,600.0,0.4583333333333333,,,,,,,,311.4260840338239,0.9736973929814985,0.0,0.0,0.0,0.0,0.0,0.0,,1.0,0,0,0.0,0.42,0.42000000000000354,0.42,0.42,0.0,284.97,0.0,0.0,0.0,0.0,,,,,-0.7498099281793912,0.6616532865509067,-0.7498099281793912,0.6616532865509067,-4.008760218269576,3.1890256552926477,2.0,115.0,0.0,0.9999999999999916,0.0,2,0.0,0.13999999999999999,0.77075,0.0,-0.0,19.175,4.050000000000001,358,12,2018,267
2018-12-25,0.0,0.0,0,0.0,12.9,22.6,17.704166666666666,13.0,8.895833333333334,-7.156880406198773,4.213886236598633,45.458333333333336,384.0416666666667,600.0,0.5,,,,,,,,307.5795205135281,0.8989570537742902,0.0,0.0,0.0,0.0,0.0,0.0,,1.0,0,0,0.0,0.0,0.42000000000000354,0.42,0.42,0.0,284.97,0.0,0.0,0.0,0.0,,,,,-0.7925076796514168,0.6098619333041926,-0.7925076796514168,0.6098619333041926,-3.2533985513178596,1.9155624517204617,3.0,116.0,,0.0,0.0,3,0.0,0.0,0.7408888888888888,0.0,-0.0,26.6875,2.7541666666666647,359,12,2018,268
2018-12-26,0.0,0.0,0,0.0,15.1,24.6,19.8,19.6,11.216666666666667,-7.338704648157897,5.572082170887878,45.916666666666664,374.625,600.0,2.3333333333333335,,,,,,,,318.04800752009305,0.6801696830287584,0.0,0.0,0.0,0.0,0.0,0.0,,1.0,0,0,0.0,0.0,0.42000000000000354,0.42,0.42,0.0,284.97,0.0,0.0,0.0,0.0,,,,,-0.6685076984561449,0.7437052219158261,-0.6685076984561449,0.7437052219158261,-3.3696885509458343,2.5585143967993504,4.0,117.0,,0.0,0.0,4,0.0,0.0,0.7361388888888888,0.0,-0.0,44.86666666666667,2.095833333333335,360,12,2018,269
2018-12-27,0.0,0.0,0,0.0,14.5,26.0,21.479166666666668,20.3,11.554166666666667,-8.841698264992612,6.68933018535347,34.375,352.25,600.0,62.375,,,,,,,,312.87982259353055,0.9447654345979402,0.0,0.0,0.0,0.0,0.0,0.0,,0.20833333333333334,0,0,0.0,0.0,0.42000000000000354,0.42,0.42,0.0,284.97,0.0,0.0,0.0,0.0,,,,,-0.7327825775015162,0.6804628528510829,-0.7327825775015162,0.6804628528510829,-3.0393337785912102,2.2994572512152556,5.0,118.0,,0.0,0.0,5,0.0,0.0,0.68275,0.0,-0.0,57.770833333333336,1.6791666666666671,361,12,2018,270
2018-12-28,0.0,0.0,0,0.0,18.5,25.6,21.504166666666666,21.3,14.625,-9.591543336836574,10.683936595521606,38.375,281.5833333333333,600.0,74.29166666666667,,,,,,,,319.4133010524547,0.9822768225858064,0.0,0.0,0.0,0.0,0.0,0.0,,0.125,0,0,0.0,0.0,0.42000000000000354,0.42,0.42,0.0,284.97,0.0,0.0,0.0,0.0,,,,,-0.6505979370544264,0.7594223622599776,-0.6505979370544264,0.7594223622599776,-3.6807547555110354,4.099960668531416,6.0,119.0,,0.0,0.0,6,0.0,0.0,0.6489722222222222,0.0,-0.0,87.75,0.02499999999999858,362,12,2018,271
2018-12-29,0.0,0.0,0,0.0,16.6,25.9,21.3,20.6,14.200000000000001,-8.008043794423852,8.761882564994394,45.75,269.5,600.0,88.29166666666667,,,,,,,,320.5158054474342,0.6982855764421705,0.0,0.0,0.0,0.0,0.0,0.0,,0.0,0,0,0.0,0.0,0.0,0.42,0.42,0.0,284.97,0.0,0.0,0.0,0.0,,,,,-0.6358653379606819,0.7718000207178981,-0.6358653379606819,0.7718000207178981,-3.663680035948912,4.008561273484935,7.0,120.0,,,0.0,6,0.0,0.0,0.6655000000000001,0.0,-0.0,85.2,-0.20416666666666572,363,12,2018,272
2018-12-30,0.0,0.6,0,0.0,15.8,22.0,19.354166666666668,21.8,12.666666666666666,-8.44283306499033,8.201487048516384,51.791666666666664,247.16666666666666,600.0,89.83333333333333,,,,,,,,316.9133960801587,0.9231627465246881,0.0,0.0,0.0,0.0,0.0,0.0,,0.041666666666666664,0,0,0.0,0.0,0.0,0.42,0.42,0.0,284.97,0.0,0.0,0.0,0.0,,,,,-0.6831030389004273,0.7303220099688912,-0.6831030389004273,0.7303220099688912,-4.372683958242908,4.247686833877443,8.0,121.0,,,0.0,6,0.0,0.0,0.67075,0.0,-0.0,76.0,-1.9458333333333329,364,12,2018,273
2018-12-31,0.0,0.2,0,0.0,14.3,22.4,18.154166666666665,29.6,16.379166666666666,-12.775609995453864,9.903123089541342,59.791666666666664,260.7916666666667,600.0,68.95833333333333,,,,,,,,310.934712317597,0.983427049814476,0.0,0.0,0.0,0.0,0.0,0.0,,0.20833333333333334,0,0,0.0,0.0,0.0,0.42,0.42,0.0,284.97,0.0,0.0,0.0,0.0,,,,,-0.7554566595288037,0.6551986229942651,-0.7554566595288037,0.6551986229942651,-7.638750143115122,5.921242347288261,9.0,122.0,,,0.0,6,0.0,0.0,0.7065000000000001,0.0,-0.0,98.275,-1.2000000000000028,365,12,2018,274
2019-01-01,0.0,0.1,0,0.0,14.8,22.9,18.720833333333335,16.5,11.200000000000001,-7.515563210651043,5.3030991653805835,65.79166666666667,327.5,600.0,15.333333333333334,,,,,,,,312.69894419077997,0.6506022815267599,0.0,0.0,0.0,0.0,0.0,0.0,,0.5416666666666666,0,0,0.0,0.0,0.0,0.42,0.42,0.0,284.97,0.0,0.0,0.0,0.0,,,,,-0.734927091708851,0.6781461272265515,-0.734927091708851,0.6781461272265515,-4.944614295674166,3.4889973258899754,10.0,123.0,,,0.0,6,0.0,0.0,0.7709722222222223,0.0,-0.0,67.2,0.56666666666667,1,1,2018,275
2019-01-02,0.0,0.1,0,0.0,15.3,24.6,19.775000000000002,18.7,10.299999999999999,-2.3941215537721274,3.724331573052154,66.29166666666667,315.3333333333333,600.0,35.291666666666664,,,,,,,,342.4409890455679,0.3729622807910343,0.0,0.0,0.0,0.0,0.0,0.0,,0.375,0,0,0.0,0.0,0.0,0.42,0.42,0.0,284.97,0.0,0.0,0.0,0.0,,,,,-0.3016879067376739,0.9534067374044723,-0.3016879067376739,0.9534067374044723,-1.5871030800214396,2.468921471969157,11.0,124.0,,,0.0,6,0.0,0.0,0.7645277777777778,0.0,-0.0,61.8,1.0541666666666671,2,1,2018,276
2019-01-03,0.0,0.0,0,0.0,15.7,24.6,19.9875,16.6,11.429166666666667,-7.817129688627269,6.952911749210173,58.791666666666664,344.3333333333333,600.0,13.583333333333334,,,,,,,,314.95178410937257,0.8997709857723925,0.0,0.0,0.0,0.0,0.0,0.0,,0.75,0,0,0.0,0.0,0.0,0.42,0.42,0.0,284.97,0.0,0.0,0.0,0.0,,,,,-0.7077015795135239,0.7065114821105624,-0.7077015795135239,0.7065114821105624,-4.595820829438782,4.087732699223148,12.0,125.0,,,0.0,6,0.0,0.0,0.7588611111111111,0.0,-0.0,68.575,0.21249999999999858,3,1,2018,277
2019-01-04,0.0,0.0,0,0.0,17.2,27.0,22.40833333333333,22.7,16.229166666666668,-12.484905817324304,10.00856314670609,47.708333333333336,356.7916666666667,600.0,7.083333333333333,,,,,,,,310.67623294964665,0.9852145299000757,0.0,0.0,0.0,0.0,0.0,0.0,,0.8333333333333334,0,0,0.0,0.0,0.0,0.42,0.42,0.0,284.97,0.0,0.0,0.0,0.0,,,,,-0.7584047700429658,0.6517838635437948,-0.7584047700429658,0.6517838635437948,-5.956340483681804,4.774918667907698,13.0,126.0,,,0.0,6,0.0,0.0,0.7302222222222222,0.0,-0.0,97.375,2.4208333333333307,4,1,2018,278
2019-01-05,0.0,28.3,0,0.0,9.1,24.0,17.545833333333334,19.1,11.783333333333333,-5.381025575472237,5.678414930492604,71.08333333333333,210.125,600.0,55.0,,,,,,,,312.08066267411397,0.3822398229059712,0.0,0.0,0.0,0.0,0.0,0.0,,0.3333333333333333,0,0,0.0,0.0,0.0,0.0,0.42,0.0,284.97,0.0,0.0,0.0,0.0,,,,,-0.7422020677008903,0.6701761639304423,-0.7422020677008903,0.6701761639304423,-3.8250123465648485,4.036406613091826,14.0,127.0,,,0.0,6,0.0,0.0,0.7103611111111111,0.0,-0.0,70.7,-4.862499999999997,5,1,2018,279
2019-01-06,0.0,1.0,0,0.0,6.4,19.2,12.208333333333334,13.2,7.6875,6.255476825552683,-2.467066383557651,77.33333333333333,355.125,600.0,44.208333333333336,,,,,,,,108.88624580663378,0.8179939853464328,0.0,0.0,0.0,0.0,0.0,0.0,,0.3333333333333333,0,0,0.0,0.0,0.0,0.0,0.42,0.0,284.97,0.0,0.0,0.0,0.0,,,,,0.9461630898736824,-0.3236902954379171,0.9461630898736824,-0.3236902954379171,4.8375687450940745,-1.9078646699512498,15.0,128.0,,,0.0,6,0.0,0.0,0.827861111111111,0.0,-0.0,46.125,-5.3375,6,1,2018,280
2019-01-07,0.0,0.0,0,0.0,8.9,22.6,16.395833333333332,10.6,5.620833333333334,-3.546140277795249,2.946943225530003,60.125,350.75,600.0,11.833333333333334,,,,,,,,304.99070540379705,0.7911378425209207,0.0,0.0,0.0,0.0,0.0,0.0,,0.7083333333333334,0,0,0.0,0.0,0.0,0.0,0.42,0.0,284.97,0.0,0.0,0.0,0.0,,,,,-0.8192450798290992,0.5734435448898285,-0.8192450798290992,0.5734435448898285,-2.132116842024393,1.7718496143499143,16.0,129.0,,,0.0,6,0.0,0.0,0.7675833333333334,0.0,-0.0,33.725,4.187499999999998,7,1,2018,281
2019-01-08,0.0,3.5,0,0.0,12.7,17.7,14.987499999999999,19.2,14.174999999999999,-10.034078727887056,9.803564256321344,92.125,103.125,504.0,82.875,,,,,,,,315.6556360209316,0.9892961556375949,0.0,0.0,0.0,0.0,0.0,0.0,,0.08333333333333333,0,0,0.0,0.0,0.0,0.0,0.42,0.0,284.97,0.0,0.0,0.0,0.0,,,,,-0.6989692351102311,0.7151517380034942,-0.6989692351102311,0.7151517380034942,-9.24389502806595,9.03153357113604,17.0,130.0,,,0.0,6,0.0,0.0,0.7091666666666666,0.0,-0.0,85.05,-1.4083333333333332,8,1,2018,282
2019-01-09,0.0,0.8,0,0.0,10.7,19.9,15.045833333333333,18.7,10.454166666666667,-6.278996629671565,5.081701889005023,72.79166666666667,334.7083333333333,600.0,33.291666666666664,,,,,,,,315.90311351096545,0.5815138587643361,0.0,0.0,0.0,0.0,0.0,0.0,,0.3333333333333333,0,0,0.0,0.0,0.0,0.0,0.42,0.0,284.97,0.0,0.0,0.0,0.0,,,,,-0.69587377185102,0.7181641133124341,-0.69587377185102,0.7181641133124341,-4.5705862966817605,3.6990555000382397,18.0,131.0,,,0.0,6,0.0,0.0,0.7991111111111112,0.0,-0.0,62.72500000000001,0.05833333333333357,9,1,2018,283
2019-01-10,0.0,0.0,0,0.0,10.1,20.6,14.904166666666667,13.8,9.054166666666667,-1.7898424099008103,4.3747170511923485,56.333333333333336,358.0833333333333,600.0,41.208333333333336,,,,,,,,341.596820930867,0.5456398287975589,0.0,0.0,0.0,0.0,0.0,0.0,,0.5,0,0,0.0,0.0,0.0,0.0,0.42,0.0,284.97,0.0,0.0,0.0,0.0,,,,,-0.3157016850587937,0.9488584963265272,-0.3157016850587937,0.9488584963265272,-1.00827789091079,2.4644239388383564,19.0,132.0,,,0.0,6,0.0,0.0,0.7598333333333334,0.0,-0.0,54.325,-0.14166666666666572,10,1,2018,284
2019-01-11,0.0,5.5,0,0.0,11.7,20.8,16.283333333333335,20.9,10.279166666666667,-5.797902620409395,7.344131966631665,74.08333333333333,289.625,600.0,35.833333333333336,,,,,,,,325.93000095208464,0.9070916253966961,0.0,0.0,0.0,0.0,0.0,0.0,,0.25,0,0,0.0,0.0,0.0,0.0,0.42,0.0,284.97,0.0,0.0,0.0,0.0,,,,,-0.5602053325897789,0.8283537803004072,-0.5602053325897789,0.8283537803004072,-4.29527952461996,5.440777765279625,20.0,133.0,,,0.0,6,0.0,0.0,0.773361111111111,0.0,-0.0,61.675,1.3791666666666682,11,1,2018,285
2019-01-12,0.0,0.30000000000000004,0,0.0,12.8,24.8,18.5,15.3,10.608333333333333,-6.4381433070420035,4.6150621177989315,70.41666666666667,319.9166666666667,600.0,30.208333333333332,,,,,,,,312.6524045653377,0.6224884979692619,0.0,0.0,0.0,0.0,0.0,0.0,,0.375,0,0,0.0,0.0,0.0,0.0,0.42,0.0,284.97,0.0,0.0,0.0,0.0,,,,,-0.7354776867514586,0.677548944572068,-0.7354776867514586,0.677548944572068,-4.533525912042077,3.249772907950081,21.0,134.0,,,0.0,6,0.0,0.0,0.7813333333333333,0.0,-0.0,63.64999999999999,2.216666666666665,12,1,2018,286
2019-01-13,0.0,4.4,0,0.0,12.0,24.9,17.883333333333333,14.1,9.166666666666666,3.7603263561676172,5.607565613856836,76.41666666666667,288.1666666666667,600.0,60.5,,,,,,,,24.796794453282406,0.7011575617850406,0.0,0.0,0.0,0.0,0.0,0.0,,0.16666666666666666,0,0,0.0,0.0,0.0,0.0,0.42,0.0,284.97,0.0,0.0,0.0,0.0,,,,,0.41940129405037413,0.907800944342355,0.41940129405037413,0.907800944342355,2.873516057171421,4.2851147232555995,22.0,135.0,,,0.0,6,0.0,0.0,0.7801666666666667,0.0,-0.0,55.0,-0.6166666666666671,13,1,2018,287
2019-01-14,0.0,0.0,0,0.0,15.1,26.2,21.504166666666666,21.1,13.545833333333334,-9.669378624015687,7.9744378229784365,57.375,356.5416666666667,600.0,8.375,,,,,,,,316.1612971207956,0.8883086036098057,0.0,0.0,0.0,0.0,0.0,0.0,,0.8333333333333334,0,0,0.0,0.0,0.0,0.0,0.42,0.0,284.97,0.0,0.0,0.0,0.0,,,,,-0.6926305596693171,0.7212925258258043,-0.6926305596693171,0.7212925258258043,-5.547805985529001,4.575333700933879,23.0,136.0,,,0.0,6,0.0,0.0,0.7622777777777778,0.0,-0.0,81.275,3.6208333333333336,14,1,2018,288
2019-01-15,0.0,0.0,0,0.0,18.7,28.5,23.400000000000002,14.9,9.137500000000001,-4.95314651965496,2.034701163667673,48.208333333333336,341.5833333333333,600.0,21.25,,,,,,,,305.4531303058651,0.45143126160400804,0.0,0.0,0.0,0.0,0.0,0.0,,0.5833333333333334,0,0,0.0,0.0,0.0,0.0,0.42,0.0,284.97,0.0,0.0,0.0,0.0,,,,,-0.8145902786297304,0.5800367901796731,-0.8145902786297304,0.5800367901796731,-2.3878293846836622,0.9808955193181239,24.0,137.0,,,0.0,6,0.0,0.0,0.72175,0.0,-0.0,54.825,1.8958333333333357,15,1,2018,289
2019-01-16,0.0,0.1,0,0.0,17.5,29.2,23.504166666666666,13.3,7.7875000000000005,-1.1962133184519994,0.07902425237632604,48.166666666666664,306.7916666666667,600.0,33.041666666666664,,,,,,,,309.0442105711468,0.1274274483934202,0.0,0.0,0.0,0.0,0.0,0.0,,0.4166666666666667,0,0,0.0,0.0,0.0,0.0,0.42,0.0,284.97,0.0,0.0,0.0,0.0,,,,,-0.7766601339303383,0.6299198650330922,-0.7766601339303383,0.6299198650330922,-0.5761760817210464,0.03806334822793037,25.0,138.0,,,0.0,6,0.0,0.0,0.6984166666666667,0.0,-0.0,46.725,0.1041666666666643,16,1,2018,290
2019-01-17,0.0,1.4,0,0.0,17.6,27.3,21.916666666666668,16.9,10.012500000000001,-0.335080100614952,5.396719702892875,55.5,208.375,600.0,81.375,,,,,,,,8.410665733063375,0.4772347990656354,0.0,0.0,0.0,0.0,0.0,0.0,,0.125,0,0,0.0,0.0,0.0,0.0,0.42,0.0,284.97,0.0,0.0,0.0,0.0,,,,,0.14626718121098148,0.9892451221515292,0.14626718121098148,0.9892451221515292,-0.18596945584129837,2.995179435105545,26.0,139.0,,,0.0,6,0.0,0.0,0.65725,0.0,-0.0,60.075,-1.5874999999999986,17,1,2018,291
2019-01-18,0.0,4.4,0,0.0,17.0,27.1,21.645833333333332,22.7,10.6,-4.892663740254796,7.19419881200047,62.666666666666664,280.3333333333333,600.0,76.58333333333333,,,,,,,,321.8031763539911,0.7418471388006662,0.0,0.0,0.0,0.0,0.0,0.0,,0.041666666666666664,0,0,0.0,0.0,0.0,0.0,0.42,0.0,284.97,0.0,0.0,0.0,0.0,,,,,-0.6183648282022278,0.785891175190579,-0.6183648282022278,0.785891175190579,-3.066069277226339,4.5083645888536275,27.0,140.0,,,0.0,6,0.0,0.0,0.729111111111111,0.0,-0.0,63.599999999999994,-0.2708333333333357,18,1,2018,292
2019-01-19,0.0,0.0,0,0.0,12.8,25.7,18.9875,18.1,10.9375,-5.536200415320352,3.351141362556147,64.29166666666667,360.9583333333333,600.0,26.375,,,,,,,,305.62112083624834,0.4677585741701256,0.0,0.0,0.0,0.0,0.0,0.0,,0.7083333333333334,0,0,0.0,0.0,0.0,0.0,0.42,0.0,284.97,0.0,0.0,0.0,0.0,,,,,-0.8128861189032535,0.582422662414853,-0.8128861189032535,0.582422662414853,-3.5593155170163766,2.1545046343433896,28.0,141.0,,,0.0,6,0.0,0.0,0.7882777777777777,0.0,-0.0,65.625,-2.6583333333333314,19,1,2018,293
2019-01-20,0.0,0.0,0,0.0,12.7,25.9,18.7625,12.2,7.183333333333334,1.1146628567341246,0.1295362675996127,59.791666666666664,348.375,600.0,55.875,,,,,,,,357.2628658312378,0.16783867990856913,0.0,0.0,0.0,0.0,0.0,0.0,,0.16666666666666666,0,0,0.0,0.0,0.0,0.0,0.42,0.0,284.97,0.0,0.0,0.0,0.0,,,,,-0.04775383479361847,0.9988591348446005,-0.04775383479361847,0.9988591348446005,0.6664754997556119,0.07745189333560176,29.0,142.0,,,0.0,6,0.0,0.0,0.7648888888888888,0.0,-0.0,43.1,-0.22500000000000142,20,1,2018,294
2019-01-21,0.0,0.0,0,0.0,14.8,24.5,19.779166666666665,13.2,8.979166666666666,-3.455678804887788,4.91591325974061,62.375,341.9166666666667,600.0,9.375,,,,,,,,327.4652418656246,0.5906726884033583,0.0,0.0,0.0,0.0,0.0,0.0,,0.8333333333333334,0,0,0.0,0.0,0.0,0.0,0.0,0.0,284.97,0.0,0.0,0.0,0.0,,,,,-0.5378111477125007,0.8430653411190396,-0.5378111477125007,0.8430653411190396,-2.1554796545487576,3.0663008957632054,30.0,143.0,,,0.0,6,0.0,0.0,0.7691944444444445,0.0,-0.0,53.875,1.0166666666666657,21,1,2018,295
2019-01-22,0.0,0.8,0,0.0,17.2,25.3,20.995833333333334,19.6,10.808333333333332,-8.074787538477135,4.995392044816236,62.125,310.5,600.0,24.25,,,,,,,,307.91370495582237,0.7733105761253339,0.0,0.0,0.0,0.0,0.0,0.0,,0.5416666666666666,0,0,0.0,0.0,0.0,0.0,0.0,0.0,284.97,0.0,0.0,0.0,0.0,,,,,-0.788937127329263,0.6144739287565016,-0.788937127329263,0.6144739287565016,-5.01646175827892,3.1033873078420866,31.0,144.0,,,0.0,6,0.0,0.0,0.7474166666666666,0.0,-0.0,64.85,1.2166666666666686,22,1,2018,296
2019-01-23,0.0,4.1000000000000005,0,0.0,14.8,24.6,19.375,9.0,5.741666666666667,0.608888955132775,-0.27301717587537483,77.20833333333333,269.25,600.0,24.916666666666668,,,,,,,,314.6902814425165,0.08562097428992216,0.0,0.0,0.0,0.0,0.0,0.0,,0.5833333333333334,0,0,0.0,0.0,0.0,0.0,0.0,0.0,284.97,0.0,0.0,0.0,0.0,,,,,-0.7109187740380735,0.703274126297991,-0.7109187740380735,0.703274126297991,0.47011301410876327,-0.2107920112071123,32.0,145.0,,,0.0,6,0.0,0.0,0.7701944444444444,0.0,-0.0,34.45,-1.6208333333333336,23,1,2018,297
2019-01-24,0.0,0.4,0,0.0,15.2,25.6,20.525000000000002,13.7,9.279166666666667,-6.127161667542841,2.110335211205932,71.375,304.0,600.0,16.625,,,,,,,,297.94597907294224,0.5472412931082214,0.0,0.0,0.0,0.0,0.0,0.0,,0.625,0,0,0.0,0.0,0.0,0.0,0.0,0.0,284.97,0.0,0.0,0.0,0.0,,,,,-0.883389838340373,0.4686388732456685,-0.883389838340373,0.4686388732456685,-4.373261640208702,1.5062517569982339,33.0,146.0,,,0.0,6,0.0,0.0,0.7739166666666667,0.0,-0.0,55.675,1.1500000000000021,24,1,2018,298
2019-01-25,0.0,0.0,0,0.0,18.4,27.9,23.366666666666664,23.8,15.0,-11.096580313600604,9.377841586996,53.416666666666664,337.75,600.0,14.541666666666666,,,,,,,,314.6436172591442,0.9593204468317279,0.0,0.0,0.0,0.0,0.0,0.0,,0.6666666666666666,0,0,0.0,0.0,0.0,0.0,0.0,0.0,284.97,0.0,0.0,0.0,0.0,,,,,-0.7114913153331649,0.7026948898387428,-0.7114913153331649,0.7026948898387428,-5.9274233175149895,5.009330381053697,34.0,147.0,,,0.0,6,0.0,0.0,0.7365555555555555,0.0,-0.0,90.0,2.8416666666666615,25,1,2018,299
2019-01-26,0.0,0.7,0,0.0,20.2,27.8,23.650000000000002,20.8,13.125,-9.870949750739701,8.141692741935104,47.75,270.0833333333333,600.0,59.333333333333336,,,,,,,,310.9517799843621,0.9744134746992985,0.0,0.0,0.0,0.0,0.0,0.0,,0.125,0,0,0.0,0.0,0.0,0.0,0.0,0.0,284.97,0.0,0.0,0.0,0.0,,,,,-0.755261450873791,0.6554236346242147,-0.755261450873791,0.6554236346242147,-4.713378505978207,3.8876582842740124,35.0,148.0,,,0.0,6,0.0,0.0,0.6725555555555555,0.0,-0.0,78.75,0.28333333333333854,26,1,2018,300
2019-01-27,0.0,1.5,0,0.0,13.7,19.8,16.724999999999998,20.8,13.916666666666666,-10.405805365082658,8.40204449860488,74.29166666666667,165.875,600.0,88.375,,,,,,,,315.2772093718088,0.9022130190386647,0.0,0.0,0.0,0.0,0.0,0.0,,0.0,0,0,0.0,0.0,0.0,0.0,0.0,0.0,284.97,0.0,0.0,0.0,0.0,,,,,-0.7036773829300336,0.7105196272818499,-0.7036773829300336,0.7105196272818499,-7.730646235809326,6.242018892088542,36.0,149.0,,,0.0,6,0.0,0.0,0.6915555555555555,0.0,-0.0,83.5,-6.925000000000004,27,1,2018,301
2019-01-28,0.0,3.2,0,0.0,13.8,17.1,15.370833333333332,11.2,8.045833333333333,-4.095320281043187,6.035968964733119,73.875,99.33333333333333,418.0,96.91666666666667,,,,,,,,329.7101901338336,0.8947913410115752,0.0,0.0,0.0,0.0,0.0,0.0,,0.0,0,0,0.0,0.0,0.0,0.0,0.0,0.0,284.97,0.0,0.0,0.0,0.0,,,,,-0.5043740597405703,0.8634852678886975,-0.5043740597405703,0.8634852678886975,-3.0254178576206545,4.459072072696591,37.0,150.0,,,0.0,6,0.0,0.0,0.6458055555555555,0.0,-0.0,48.27499999999999,-1.354166666666666,28,1,2018,302
2019-01-29,0.0,0.2,0,0.0,14.2,23.0,18.583333333333332,24.2,12.958333333333334,-9.014984432836536,8.896359464060366,65.58333333333333,274.5416666666667,600.0,52.958333333333336,,,,,,,,318.46196790653136,0.9767648537039157,0.0,0.0,0.0,0.0,0.0,0.0,,0.125,0,0,0.0,0.0,0.0,0.0,0.0,0.0,284.97,0.0,0.0,0.0,0.0,,,,,-0.6631170479626406,0.7485157184063091,-0.6631170479626406,0.7485157184063091,-5.912327290535295,5.834529081846256,38.0,151.0,,,0.0,6,0.0,0.0,0.7349722222222222,0.0,-0.0,77.75,3.2125000000000004,29,1,2018,303
2019-01-30,0.0,2.2,0,0.0,16.6,22.7,19.7625,23.2,14.979166666666666,-8.702588552233504,11.564602024351538,67.70833333333333,241.45833333333334,600.0,43.541666666666664,,,,,,,,325.8659065232101,0.9545548273527171,0.0,0.0,0.0,0.0,0.0,0.0,,0.125,0,0,0.0,0.0,0.0,0.0,0.0,0.0,284.97,0.0,0.0,0.0,0.0,,,,,-0.5611316271358965,0.8277265834971239,-0.5611316271358965,0.8277265834971239,-5.8923776655747675,7.830199287321353,39.0,152.0,,,0.0,6,0.0,0.0,0.7200000000000001,0.0,-0.0,89.875,1.1791666666666671,30,1,2018,304
2019-01-31,0.0,1.3,0,0.0,7.6,23.4,16.525,30.3,20.566666666666666,-12.55578457176073,6.998056894423538,71.375,303.875,600.0,38.166666666666664,,,,,,,,290.31662937878525,0.43348262608673727,0.0,0.0,0.0,0.0,0.0,0.0,,0.4583333333333333,0,0,0.0,0.0,0.0,0.0,0.0,0.0,284.97,0.0,0.0,0.0,0.0,,,,,-0.9377882014047128,0.3472078474143606,-0.9377882014047128,0.3472078474143606,-8.961691238094222,4.9948631083948,40.0,153.0,,,0.0,6,0.0,0.0,0.7738333333333333,0.0,-0.0,123.4,-3.2375000000000007,31,1,2018,305
2019-02-01,0.0,0.2,0,0.0,6.9,19.7,12.195833333333333,15.6,9.970833333333333,8.284372088820598,3.294294760273091,82.66666666666667,265.0416666666667,600.0,64.29166666666667,,,,,,,,72.68683598799961,0.8959025322227189,0.0,0.0,0.0,0.0,0.0,0.0,,0.20833333333333334,0,0,0.0,0.0,0.0,0.0,0.0,0.0,284.97,0.0,0.0,0.0,0.0,,,,,0.9546924508347475,0.297594227630751,0.9546924508347475,0.297594227630751,6.848414260091695,2.723283668492422,41.0,154.0,,,0.0,6,0.0,0.0,0.7855833333333333,0.0,-0.0,59.825,-4.329166666666666,32,2,2018,306
2019-02-02,0.0,0.7,0,0.0,10.8,21.4,16.849999999999998,15.0,9.862499999999999,-6.13698223586104,6.239901459986679,76.41666666666667,288.6666666666667,600.0,20.458333333333332,,,,,,,,318.78126576103904,0.8890813211780363,0.0,0.0,0.0,0.0,0.0,0.0,,0.4583333333333333,0,0,0.0,0.0,0.0,0.0,0.0,0.0,284.97,0.0,0.0,0.0,0.0,,,,,-0.6589354451306946,0.7521994942503042,-0.6589354451306946,0.7521994942503042,-4.6896772585704785,4.768324699006487,42.0,155.0,,,0.0,6,0.0,0.0,0.7805,0.0,-0.0,59.175,4.654166666666665,33,2,2018,307
2019-02-03,0.0,2.3000000000000003,0,0.0,15.9,23.5,18.900000000000002,17.0,12.641666666666666,-9.316153859838346,8.26698834333755,76.29166666666667,277.375,600.0,34.708333333333336,,,,,,,,313.5420149827487,0.978494208765551,0.0,0.0,0.0,0.0,0.0,0.0,,0.4583333333333333,0,0,0.0,0.0,0.0,0.0,0.0,0.0,284.97,0.0,0.0,0.0,0.0,,,,,-0.7248694057685082,0.6888863074418085,-0.7248694057685082,0.6888863074418085,-7.107449048901672,6.307023190271273,43.0,156.0,,,0.0,6,0.0,0.0,0.7725555555555556,0.0,-0.0,75.85,2.0500000000000043,34,2,2018,308
2019-02-04,0.0,16.4,0,0.0,15.1,24.5,18.7875,17.8,9.5875,-3.2711277844673567,4.709649454762228,78.33333333333333,230.79166666666666,600.0,49.083333333333336,,,,,,,,338.9071955285774,0.3148378181533037,0.0,0.0,0.0,0.0,0.0,0.0,,0.3333333333333333,0,0,0.0,0.0,0.0,0.0,0.0,0.0,284.97,0.0,0.0,0.0,0.0,,,,,-0.359879639691292,0.9329987379067916,-0.359879639691292,0.9329987379067916,-2.562383431166096,3.6892254062304115,44.0,157.0,,,0.0,6,0.0,0.0,0.7483055555555556,0.0,-0.0,57.525000000000006,-0.11250000000000071,35,2,2018,309
2019-02-05,0.0,32.9,0,0.0,13.1,18.0,15.3375,13.1,8.566666666666666,7.823189628916045,2.873260823243994,96.16666666666667,104.95833333333333,514.0,90.33333333333333,,,,,,,,70.33010614312991,0.9673819689246049,0.0,0.0,0.0,0.0,0.0,0.0,,0.0,0,0,0.0,0.0,0.0,0.0,0.0,0.0,284.97,0.0,0.0,0.0,0.0,,,,,0.9416475419837208,0.33660051496695137,0.9416475419837208,0.33660051496695137,7.523300693140929,2.7631191583529744,45.0,158.0,,,0.0,6,0.0,0.0,0.7238611111111112,0.0,-0.0,51.4,-3.450000000000001,36,2,2018,310
2019-02-06,0.0,46.1,0,0.0,13.0,19.3,15.8125,12.7,7.779166666666666,3.4449152924090716,4.706773424613771,92.41666666666667,192.75,600.0,60.833333333333336,,,,,,,,36.58682545888162,0.6514951866403322,0.0,0.0,0.0,0.0,0.0,0.0,,0.125,0,0,0.0,0.0,0.0,0.0,0.0,0.0,284.97,0.0,0.0,0.0,0.0,,,,,0.5960402600617121,0.8029545493896691,0.5960402600617121,0.8029545493896691,3.183675882734717,4.34984310658056,46.0,159.0,,,0.0,6,0.0,0.0,0.769888888888889,0.0,-0.0,46.675,0.47499999999999964,37,2,2018,311
2019-02-07,0.0,13.299999999999999,0,0.0,13.6,19.8,16.120833333333334,14.7,10.15,-6.491724226303973,7.254723984548314,83.5,180.83333333333334,600.0,81.91666666666667,,,,,,,,318.6773152238431,0.9621570074431512,0.0,0.0,0.0,0.0,0.0,0.0,,0.0,0,0,0.0,0.0,0.0,0.0,0.0,0.0,284.97,0.0,0.0,0.0,0.0,,,,,-0.6602990597499567,0.7510027641049819,-0.6602990597499567,0.7510027641049819,-5.420589728963818,6.057694527097842,47.0,160.0,,,0.0,6,0.0,0.0,0.7322222222222222,0.0,-0.0,60.900000000000006,0.30833333333333357,38,2,2018,312
2019-02-08,0.0,3.6,0,0.0,11.8,18.5,14.633333333333333,21.5,15.883333333333333,-12.85778472369001,9.134102447473856,91.58333333333333,203.08333333333334,600.0,90.70833333333333,,,,,,,,305.96723358047103,0.9931002899584596,0.0,0.0,0.0,0.0,0.0,0.0,,0.041666666666666664,0,0,0.0,0.0,0.0,0.0,0.0,0.0,284.97,0.0,0.0,0.0,0.0,,,,,-0.8093530058122996,0.5873224940206152,-0.8093530058122996,0.5873224940206152,-11.775587842779432,8.365315491478139,48.0,161.0,,,0.0,6,0.0,0.0,0.774,0.0,-0.0,95.3,-1.4875000000000007,39,2,2018,313
2019-02-09,0.0,7.5,0,0.0,4.1,12.5,8.820833333333333,37.8,22.920833333333334,-20.256037939052288,9.422829698633576,93.875,232.25,600.0,71.83333333333333,,,,,,,,292.55721027190106,0.9658086207749322,0.0,0.0,0.0,0.0,0.0,0.0,,0.16666666666666666,0,0,0.0,0.0,0.0,0.0,0.0,0.0,284.97,0.0,0.0,0.0,0.0,,,,,-0.923496959693133,0.3836057421853066,-0.923496959693133,0.3836057421853066,-19.015355615285333,8.84568137959227,49.0,162.0,,,0.0,6,0.0,0.0,0.7455277777777778,0.0,-0.0,137.525,-5.8125,40,2,2018,314
2019-02-10,0.0,0.0,0,0.0,2.2,16.6,9.545833333333333,11.8,6.9375,-6.199383190208725,1.618891390522294,71.29166666666667,342.75,600.0,2.4583333333333335,,,,,,,,290.087019922382,0.8922602358119698,0.0,0.0,0.0,0.0,0.0,0.0,,1.0,0,0,0.0,0.0,0.0,0.0,0.0,0.0,284.97,0.0,0.0,0.0,0.0,,,,,-0.9391720824126155,0.34344693857530795,-0.9391720824126155,0.34344693857530795,-4.419643599352971,1.1541346538265187,50.0,163.0,,,0.0,6,0.0,0.0,0.7994722222222223,0.0,-0.0,41.625,0.7249999999999996,41,2,2018,315
2019-02-11,0.0,0.0,0,0.0,7.5,17.2,12.6,24.5,17.195833333333333,-13.666605956420257,10.105084971222123,63.416666666666664,341.0833333333333,600.0,2.0416666666666665,,,,,,,,308.68072208317056,0.9856662465395359,0.0,0.0,0.0,0.0,0.0,0.0,,0.9583333333333334,0,0,0.0,0.0,0.0,0.0,0.0,0.0,284.97,0.0,0.0,0.0,0.0,,,,,-0.7806407342550074,0.6249800348985581,-0.7806407342550074,0.6249800348985581,-8.666905944029846,6.4083080525833624,51.0,164.0,,,0.0,6,0.0,0.0,0.7721111111111111,0.0,-0.0,103.175,3.054166666666667,42,2,2018,316
2019-02-12,0.0,5.0,0,0.0,6.1,16.5,12.2125,44.8,30.570833333333336,-25.145655349968546,17.08200845246453,67.33333333333333,289.9166666666667,600.0,47.666666666666664,,,,,,,,303.88901404849156,0.9930273644290118,0.0,0.0,0.0,0.0,0.0,0.0,,0.3333333333333333,0,0,0.0,0.0,0.0,0.0,0.0,0.0,284.97,0.0,0.0,0.0,0.0,,,,,-0.8301192124562135,0.5575859513214766,-0.8301192124562135,0.5575859513214766,-16.931407935645485,11.501885691326118,52.0,165.0,,,0.0,6,0.0,0.0,0.7510555555555557,0.0,-0.0,183.425,-0.3874999999999993,43,2,2018,317
2019-02-13,0.0,0.0,0,0.0,1.6,11.3,6.320833333333333,19.1,12.2875,-10.06528686746824,2.7160305057187877,70.33333333333333,298.5,600.0,37.583333333333336,,,,,,,,287.641786997076,0.6629055476222318,0.0,0.0,0.0,0.0,0.0,0.0,,0.375,0,0,0.0,0.0,0.0,0.0,0.0,0.0,284.97,0.0,0.0,0.0,0.0,,,,,-0.9529698896919317,0.3030649919415758,-0.9529698896919317,0.3030649919415758,-7.079251763452662,1.9102747890222138,53.0,166.0,,,0.0,6,0.0,0.0,0.6845555555555555,0.0,-0.0,73.725,-5.8916666666666675,44,2,2018,318
2019-02-14,0.0,0.0,0,0.0,3.6,17.8,10.3375,13.9,8.658333333333333,-5.077680718546881,2.6189681638306945,61.75,344.625,600.0,6.25,,,,,,,,298.99887589644425,0.5399007106606322,0.0,0.0,0.0,0.0,0.0,0.0,,0.9166666666666666,0,0,0.0,0.0,0.0,0.0,0.0,0.0,284.97,0.0,0.0,0.0,0.0,,,,,-0.874629218600416,0.48479246071945653,-0.874629218600416,0.48479246071945653,-3.135467843702699,1.6172128411654538,54.0,167.0,,,0.0,6,0.0,0.0,0.7689166666666667,0.0,-0.0,51.95,4.0166666666666675,45,2,2018,319
2019-02-15,0.0,0.2,0,0.0,8.2,21.8,15.104166666666666,10.6,6.616666666666667,0.6359827475064161,1.0423420198057307,68.16666666666667,279.3333333333333,600.0,85.91666666666667,,,,,,,,358.3346521638733,0.21654426982019154,0.0,0.0,0.0,0.0,0.0,0.0,,0.0,0,0,0.0,0.0,0.0,0.0,0.0,0.0,284.97,0.0,0.0,0.0,0.0,,,,,-0.029061710537946157,0.9995776192875712,-0.029061710537946157,0.9995776192875712,0.43352823955020703,0.7105298101675731,55.0,168.0,,,0.0,6,0.0,0.0,0.7467777777777779,0.0,-0.0,39.7,4.766666666666666,46,2,2018,320
2019-02-16,0.0,0.0,0,0.0,13.2,20.6,16.7,14.8,9.633333333333333,-7.10979634216151,5.924228839906427,59.75,302.125,600.0,37.083333333333336,,,,,,,,312.0131595474158,0.9574686777151717,0.0,0.0,0.0,0.0,0.0,0.0,,0.4583333333333333,0,0,0.0,0.0,0.0,0.0,0.0,0.0,284.97,0.0,0.0,0.0,0.0,,,,,-0.7429911216793386,0.6693012723024501,-0.7429911216793386,0.6693012723024501,-4.248103314441503,3.53972673184409,56.0,169.0,,,0.0,6,0.0,0.0,0.7339166666666667,0.0,-0.0,57.8,1.5958333333333332,47,2,2018,321
2019-02-17,0.0,0.0,0,0.0,11.9,21.2,16.541666666666668,21.9,11.85,-9.329706520309372,6.239815563029276,55.041666666666664,278.125,600.0,48.916666666666664,,,,,,,,312.4054270262464,0.9217587618995488,0.0,0.0,0.0,0.0,0.0,0.0,,0.2916666666666667,0,0,0.0,0.0,0.0,0.0,0.0,0.0,284.97,0.0,0.0,0.0,0.0,,,,,-0.7383914677441336,0.6743723306621233,-0.7383914677441336,0.6743723306621233,-5.13522596388695,3.4344984828173635,57.0,170.0,,,0.0,6,0.0,0.0,0.7022222222222222,0.0,-0.0,71.1,-0.15833333333333144,48,2,2018,322
2019-02-18,0.0,0.5,0,0.0,14.4,22.6,17.870833333333334,24.3,13.866666666666667,-10.282513588320564,8.786335530792007,51.0,269.8333333333333,600.0,44.708333333333336,,,,,,,,311.4438328039669,0.9695355055649737,0.0,0.0,0.0,0.0,0.0,0.0,,0.2916666666666667,0,0,0.0,0.0,0.0,0.0,0.0,0.0,284.97,0.0,0.0,0.0,0.0,,,,,-0.7496049289057914,0.6618855267794752,-0.7496049289057914,0.6618855267794752,-5.244081930043487,4.481031120703923,58.0,171.0,,,0.0,6,0.0,0.0,0.6832222222222223,0.0,-0.0,83.2,1.3291666666666657,49,2,2018,323
2019-02-19,0.0,0.30000000000000004,0,0.0,8.6,19.8,14.737499999999999,15.6,8.525,-3.9218678772042312,3.213663758267735,63.208333333333336,326.125,600.0,17.0,,,,,,,,311.0582624243482,0.5163800830341334,0.0,0.0,0.0,0.0,0.0,0.0,,0.7083333333333334,0,0,0.0,0.0,0.0,0.0,0.0,0.0,284.97,0.0,0.0,0.0,0.0,,,,,-0.7540420626532889,0.6568261320544224,-0.7540420626532889,0.6568261320544224,-2.4789473207161747,2.0313033005383976,59.0,172.0,,,0.0,6,0.0,0.0,0.7614444444444445,0.0,-0.0,51.150000000000006,-3.1333333333333346,50,2,2018,324
2019-02-20,0.0,0.0,0,0.0,7.4,18.7,12.658333333333333,11.7,8.533333333333333,-3.1192485166770925,2.651157788148805,66.54166666666667,334.0416666666667,600.0,17.5,,,,,,,,321.4868193267391,0.38002040800454506,0.0,0.0,0.0,0.0,0.0,0.0,,0.75,0,0,0.0,0.0,0.0,0.0,0.0,0.0,284.97,0.0,0.0,0.0,0.0,,,,,-0.622694656154249,0.7824649290523771,-0.622694656154249,0.7824649290523771,-2.0755999504722156,1.7641245781973507,60.0,173.0,,,0.0,6,0.0,0.0,0.7778333333333333,0.0,-0.0,51.2,-2.0791666666666657,51,2,2018,325
2019-02-21,0.0,0.1,0,0.0,7.9,20.4,13.220833333333333,10.9,7.333333333333333,0.019802890245098737,-0.5913340050390815,75.54166666666667,305.2083333333333,600.0,31.541666666666668,,,,,,,,340.69022776925004,0.09345758462518547,0.0,0.0,0.0,0.0,0.0,0.0,,0.5416666666666666,0,0,0.0,0.0,0.0,0.0,0.0,0.0,284.97,0.0,0.0,0.0,0.0,,,,,-0.330675360332055,0.9437445661137687,-0.330675360332055,0.9437445661137687,0.014959433339318338,-0.4467035629732729,61.0,174.0,,,0.0,6,0.0,0.0,0.788611111111111,0.0,-0.0,44.0,0.5625,52,2,2018,326
2019-02-22,0.0,0.0,0,0.0,7.7,19.6,13.058333333333332,12.3,7.716666666666668,4.502995115712749,-3.318360813101289,74.125,323.0,600.0,34.625,,,,,,,,122.7303134288862,0.584549536847718,0.0,0.0,0.0,0.0,0.0,0.0,,0.5833333333333334,0,0,0.0,0.0,0.0,0.0,0.0,0.0,284.97,0.0,0.0,0.0,0.0,,,,,0.841224839700622,-0.5406854622335087,0.841224839700622,-0.5406854622335087,3.3378451295220755,-2.459734952711331,62.0,175.0,,,0.0,6,0.0,0.0,0.79575,0.0,-0.0,46.300000000000004,-0.16250000000000142,53,2,2018,327
2019-02-23,0.0,0.0,0,0.0,7.3,17.9,12.3125,15.7,9.945833333333333,8.77221577905084,-2.2290971162505113,67.16666666666667,323.625,600.0,12.541666666666666,,,,,,,,96.75023445695632,0.8719435088039432,0.0,0.0,0.0,0.0,0.0,0.0,,0.875,0,0,0.0,0.0,0.0,0.0,0.0,0.0,284.97,0.0,0.0,0.0,0.0,,,,,0.9930679759781934,-0.11754146113850356,0.9930679759781934,-0.11754146113850356,5.892004931595815,-1.4972102297482601,63.0,176.0,,,0.0,6,0.0,0.0,0.7729722222222223,0.0,-0.0,59.675,-0.7458333333333318,54,2,2018,328
2019-02-24,0.0,0.0,0,0.0,7.4,19.9,13.183333333333332,11.6,8.645833333333334,7.442947913499304,1.9669826742264913,50.833333333333336,326.9166666666667,600.0,13.041666666666666,,,,,,,,68.94721376727122,0.8544575407119592,0.0,0.0,0.0,0.0,0.0,0.0,,0.7083333333333334,0,0,0.0,0.0,0.0,0.0,0.0,0.0,284.97,0.0,0.0,0.0,0.0,,,,,0.9332498682565585,0.35922789897099605,0.9332498682565585,0.35922789897099605,3.7834985226954796,0.9998828593984664,64.0,177.0,,,0.0,6,0.0,0.0,0.7207222222222223,0.0,-0.0,51.875,0.8708333333333318,55,2,2018,329
2019-02-25,0.0,0.0,0,0.0,10.4,23.1,16.474999999999998,9.6,5.766666666666667,-0.13477804153663717,-2.098229333077758,50.291666666666664,317.7916666666667,600.0,4.583333333333333,,,,,,,,226.4566765359378,0.20496697180681192,0.0,0.0,0.0,0.0,0.0,0.0,,0.9583333333333334,0,0,0.0,0.0,0.0,0.0,0.0,0.0,284.97,0.0,0.0,0.0,0.0,,,,,-0.7248536732713095,-0.6889028613274079,-0.7248536732713095,-0.6889028613274079,-0.06778212338946711,-1.055234502093689,65.0,178.0,,,0.0,6,0.0,0.0,0.7128333333333333,0.0,-0.0,34.6,3.291666666666666,56,2,2018,330
2019-02-26,0.0,0.6,0,0.0,11.3,21.3,16.245833333333334,11.0,6.229166666666667,-2.596485569314425,-0.60409108880532,63.125,224.5,600.0,78.83333333333333,,,,,,,,275.239937595357,0.28438167257681146,0.0,0.0,0.0,0.0,0.0,0.0,,0.041666666666666664,0,0,0.0,0.0,0.0,0.0,0.0,0.0,284.97,0.0,0.0,0.0,0.0,,,,,-0.9958209819233768,0.09132673190890932,-0.9958209819233768,0.09132673190890932,-1.6390315156297308,-0.38133249980835826,66.0,179.0,,,0.0,6,0.0,0.0,0.6934166666666667,0.0,-0.0,37.375,-0.2291666666666643,57,2,2018,331
2019-02-27,0.0,0.0,0,0.0,12.2,22.3,16.570833333333333,10.8,6.5,-1.944464848106535,2.703885394767464,63.458333333333336,253.125,600.0,19.291666666666668,,,,,,,,340.01050518820034,0.5168934428540922,0.0,0.0,0.0,0.0,0.0,0.0,,0.7083333333333334,0,0,0.0,0.0,0.0,0.0,0.0,0.0,284.97,0.0,0.0,0.0,0.0,,,,,-0.3418478448204801,0.9397553144258313,-0.3418478448204801,0.9397553144258313,-1.2339249848609386,1.7158406067628533,67.0,180.0,,,0.0,6,0.0,0.0,0.7136111111111112,0.0,-0.0,39.0,0.3249999999999993,58,2,2018,332
2019-02-28,0.0,0.9,0,0.0,13.9,21.3,17.220833333333335,11.0,6.516666666666667,-3.964443750204189,2.005686212854099,62.166666666666664,230.66666666666666,600.0,69.58333333333333,,,,,,,,297.77372809772,0.6092461494651874,0.0,0.0,0.0,0.0,0.0,0.0,,0.16666666666666666,0,0,0.0,0.0,0.0,0.0,0.0,0.0,284.97,0.0,0.0,0.0,0.0,,,,,-0.8847947350394204,0.4659809833528852,-0.8847947350394204,0.4659809833528852,-2.4645625313769375,1.2468682623242981,68.0,181.0,,,0.0,6,0.0,0.0,0.6943333333333334,0.0,-0.0,39.1,0.6500000000000021,59,2,2018,333
2019-03-01,0.0,0.0,0,0.0,12.6,23.5,17.8875,14.8,8.941666666666666,6.9103485031930205,2.215167293666792,49.666666666666664,310.25,600.0,18.083333333333332,,,,,,,,60.805500662579185,0.8004491693017345,0.0,0.0,0.0,0.0,0.0,0.0,,0.6666666666666666,0,0,0.0,0.0,0.0,0.0,0.0,0.0,284.97,0.0,0.0,0.0,0.0,,,,,0.8729689100539901,0.48777585229196063,0.8729689100539901,0.48777585229196063,3.4321397565858667,1.1001997558545065,69.0,182.0,,,0.0,6,0.0,0.0,0.7057222222222223,0.0,-0.0,53.65,0.6666666666666643,60,3,2018,334
2019-03-02,0.0,1.1,0,0.0,12.2,21.6,16.741666666666667,9.4,6.145833333333333,-4.075892603079711,3.8391833709546805,64.08333333333333,235.25,600.0,34.541666666666664,,,,,,,,311.6359028580703,0.9154662024421139,0.0,0.0,0.0,0.0,0.0,0.0,,0.3333333333333333,0,0,0.0,0.0,0.0,0.0,0.0,0.0,284.97,0.0,0.0,0.0,0.0,,,,,-0.7473819122208207,0.6643946698199417,-0.7473819122208207,0.6643946698199417,-2.6119678431402478,2.460276676886791,70.0,183.0,,,0.0,6,0.0,0.0,0.7037777777777777,0.0,-0.0,36.875,-1.1458333333333321,61,3,2018,335
2019-03-03,0.0,0.0,0,0.0,13.7,22.0,17.849999999999998,11.5,8.729166666666666,-7.040841538543872,4.833935936711154,55.083333333333336,270.5416666666667,600.0,18.708333333333332,,,,,,,,306.0979741617931,0.9783423292668469,0.0,0.0,0.0,0.0,0.0,0.0,,0.6666666666666666,0,0,0.0,0.0,0.0,0.0,0.0,0.0,284.97,0.0,0.0,0.0,0.0,,,,,-0.8080107159307626,0.5891677884449018,-0.8080107159307626,0.5891677884449018,-3.8783302141479163,2.6626930451383943,71.0,184.0,,,0.0,6,0.0,0.0,0.6973055555555555,0.0,-0.0,52.375,1.1083333333333307,62,3,2018,336
2019-03-04,0.0,1.2000000000000002,0,0.0,14.6,22.0,17.879166666666666,10.8,7.2124999999999995,-4.982760436897872,4.6757624410513,55.625,235.125,600.0,64.125,,,,,,,,314.58289080856576,0.9501457174800622,0.0,0.0,0.0,0.0,0.0,0.0,,0.041666666666666664,0,0,0.0,0.0,0.0,0.0,0.0,0.0,284.97,0.0,0.0,0.0,0.0,,,,,-0.712235685375451,0.7019404023688633,-0.712235685375451,0.7019404023688633,-2.7716604930244415,2.6008928578347854,72.0,185.0,,,0.0,6,0.0,0.0,0.6755,0.0,-0.0,43.275,0.02916666666666856,63,3,2018,337
2019-03-05,0.0,0.9,0,0.0,12.9,18.9,16.037499999999998,23.9,17.212500000000002,-12.88992019488603,11.155711908650046,68.41666666666667,149.29166666666666,600.0,87.125,,,,,,,,312.16853464426805,0.9899358567492548,0.0,0.0,0.0,0.0,0.0,0.0,,0.0,0,0,0.0,0.0,0.0,0.0,0.0,0.0,284.97,0.0,0.0,0.0,0.0,,,,,-0.7411733760795557,0.6713136573844103,-0.7411733760795557,0.6713136573844103,-8.818853733334526,7.63236623083474,73.0,186.0,,,0.0,6,0.0,0.0,0.6609166666666666,0.0,-0.0,103.275,-1.8416666666666686,64,3,2018,338
2019-03-06,0.0,1.5,0,0.0,2.4,13.0,9.512500000000001,25.3,18.120833333333334,-15.251813613152576,6.404649942280476,80.25,217.70833333333334,600.0,49.583333333333336,,,,,,,,289.5280809712186,0.7593194975766273,0.0,0.0,0.0,0.0,0.0,0.0,,0.25,0,0,0.0,0.0,0.0,0.0,0.0,0.0,284.97,0.0,0.0,0.0,0.0,,,,,-0.9424777773400171,0.33426881281420945,-0.9424777773400171,0.33426881281420945,-12.239580424554942,5.139731578680082,74.0,187.0,,,0.0,6,0.0,0.0,0.7015277777777778,0.0,-0.0,108.725,-6.524999999999997,65,3,2018,339
2019-03-07,0.0,0.0,0,0.0,0.8,17.5,9.120833333333334,14.8,4.166666666666667,-1.3480140583916136,2.350713692612221,61.833333333333336,301.7083333333333,600.0,20.083333333333332,,,,,,,,338.6531709770758,0.6163555414179925,0.0,0.0,0.0,0.0,0.0,0.0,,0.75,0,0,0.0,0.0,0.0,0.0,0.0,0.0,284.97,0.0,0.0,0.0,0.0,,,,,-0.3640125995261666,0.9313940237011415,-0.3640125995261666,0.9313940237011415,-0.8335220261054811,1.4535246332652236,75.0,188.0,,,0.0,6,0.0,0.0,0.7405833333333334,0.0,-0.0,25.0,-0.3916666666666675,66,3,2018,340
2019-03-08,0.0,1.7999999999999998,0,0.0,9.0,16.8,12.825000000000001,24.0,13.5625,-10.551863968735685,8.229346194679911,63.375,192.58333333333334,600.0,61.125,,,,,,,,314.700861380095,0.9293939527136753,0.0,0.0,0.0,0.0,0.0,0.0,,0.375,0,0,0.0,0.0,0.0,0.0,0.0,0.0,284.97,0.0,0.0,0.0,0.0,,,,,-0.7107888990138415,0.7034053888325643,-0.7107888990138415,0.7034053888325643,-6.6872437901862405,5.215348150878393,76.0,189.0,,,0.0,6,0.0,0.0,0.6729722222222222,0.0,-0.0,81.375,3.7041666666666675,67,3,2018,341
2019-03-09,0.0,1.6,0,0.0,9.8,18.7,13.754166666666668,14.9,8.454166666666667,-5.960092256846142,4.182648876051618,66.33333333333333,243.54166666666666,600.0,42.625,,,,,,,,312.04784735150747,0.7990899861253182,0.0,0.0,0.0,0.0,0.0,0.0,,0.2916666666666667,0,0,0.0,0.0,0.0,0.0,0.0,0.0,284.97,0.0,0.0,0.0,0.0,,,,,-0.7425857795789682,0.669750968619752,-0.7425857795789682,0.669750968619752,-3.9535278637079405,2.7744904211142396,77.0,190.0,,,0.0,6,0.0,0.0,0.7168055555555556,0.0,-0.0,50.72500000000001,0.9291666666666671,68,3,2018,342
2019-03-10,0.0,0.8999999999999999,0,0.0,9.4,17.5,13.683333333333332,25.7,15.570833333333333,-13.248653050285633,7.256427272683539,69.25,195.79166666666666,600.0,53.875,,,,,,,,302.69001614848213,0.9670668572735942,0.0,0.0,0.0,0.0,0.0,0.0,,0.3333333333333333,0,0,0.0,0.0,0.0,0.0,0.0,0.0,284.97,0.0,0.0,0.0,0.0,,,,,-0.8416049066291013,0.5400936781131787,-0.8416049066291013,0.5400936781131787,-9.1746922373228,5.025075886333351,78.0,191.0,,,0.0,6,0.0,0.0,0.6946944444444445,0.0,-0.0,93.425,-0.07083333333333641,69,3,2018,343
2019-03-11,0.0,0.0,0,0.0,8.6,16.4,12.487499999999999,19.0,12.291666666666666,-10.01350219021469,6.746355071623348,77.95833333333333,268.375,600.0,31.875,,,,,,,,307.2430956837852,0.9777100026955381,0.0,0.0,0.0,0.0,0.0,0.0,,0.375,0,0,0.0,0.0,0.0,0.0,0.0,0.0,284.97,0.0,0.0,0.0,0.0,,,,,-0.7960749365271156,0.6051980629788474,-0.7960749365271156,0.6051980629788474,-7.806359415788201,5.259345974586368,79.0,192.0,,,0.0,6,0.0,0.0,0.7721111111111112,0.0,-0.0,73.75,-1.1958333333333329,70,3,2018,344
2019-03-12,0.0,0.0,0,0.0,6.6,14.9,11.049999999999999,22.6,16.125,-13.16157408388149,6.103149482256982,72.66666666666667,278.5833333333333,600.0,36.375,,,,,,,,289.4100432879223,0.6343190967516337,0.0,0.0,0.0,0.0,0.0,0.0,,0.4166666666666667,0,0,0.0,0.0,0.0,0.0,0.0,0.0,284.97,0.0,0.0,0.0,0.0,,,,,-0.9431644194498608,0.33232646281000083,-0.9431644194498608,0.33232646281000083,-9.56407716762055,4.434955290440074,80.0,193.0,,,0.0,6,0.0,0.0,0.7590555555555555,0.0,-0.0,96.75,-1.4375,71,3,2018,345
2019-03-13,0.0,0.0,0,0.0,5.9,15.8,10.125,12.7,6.829166666666667,-0.7864557059540246,3.6563850251662617,75.95833333333333,232.58333333333334,600.0,79.875,,,,,,,,18.517512602358483,0.4658301995832115,0.0,0.0,0.0,0.0,0.0,0.0,,0.041666666666666664,0,0,0.0,0.0,0.0,0.0,0.0,0.0,284.97,0.0,0.0,0.0,0.0,,,,,0.3175944991427873,0.948226625925597,0.3175944991427873,0.948226625925597,-0.5973786466475778,2.7773291253658727,81.0,194.0,,,0.0,6,0.0,0.0,0.7415833333333334,0.0,-0.0,40.975,-0.9249999999999989,72,3,2018,346
2019-03-14,0.0,2.0,0,0.0,8.6,17.1,11.775,10.1,6.4875,0.7529880267523015,1.2483041789183709,77.70833333333333,157.83333333333334,600.0,86.5,,,,,,,,355.4273052334839,0.3192997375951243,0.0,0.0,0.0,0.0,0.0,0.0,,0.0,0,0,0.0,0.0,0.0,0.0,0.0,0.0,284.97,0.0,0.0,0.0,0.0,,,,,-0.07972388409005846,0.9968169853617037,-0.07972388409005846,0.9968169853617037,0.5851344457887676,0.9700363723678173,82.0,195.0,,,0.0,6,0.0,0.0,0.6975833333333333,0.0,-0.0,38.925,1.6500000000000004,73,3,2018,347
2019-03-15,0.0,0.1,0,0.0,7.8,15.6,10.795833333333334,12.7,9.058333333333334,8.17639658278374,-3.3918379837250328,82.75,249.45833333333334,600.0,54.333333333333336,,,,,,,,111.75594535768276,0.9761293694473727,0.0,0.0,0.0,0.0,0.0,0.0,,0.375,0,0,0.0,0.0,0.0,0.0,0.0,0.0,284.97,0.0,0.0,0.0,0.0,,,,,0.928771096583759,-0.3706538144287765,0.928771096583759,-0.3706538144287765,6.765968172253545,-2.8067459315324648,83.0,196.0,,,0.0,6,0.0,0.0,0.7754722222222222,0.0,-0.0,54.35,-0.9791666666666661,74,3,2018,348
2019-03-16,0.0,1.4000000000000001,0,0.0,7.9,15.4,11.770833333333334,16.2,13.516666666666666,12.770464171634144,4.0406285768981265,89.375,176.33333333333334,592.0,83.0,,,,,,,,72.11897019770007,0.9910083758765548,0.0,0.0,0.0,0.0,0.0,0.0,,0.0,0,0,0.0,0.0,0.0,0.0,0.0,0.0,284.97,0.0,0.0,0.0,0.0,,,,,0.9516961151628512,0.3070415352748501,0.9516961151628512,0.3070415352748501,11.413602353398016,3.6113117906027004,84.0,197.0,,,0.0,6,0.0,0.0,0.7488055555555556,0.0,-0.0,81.1,0.9749999999999996,75,3,2018,349
2019-03-17,0.0,1.2000000000000002,0,0.0,9.8,16.3,12.558333333333332,15.4,10.525,8.436215551214127,-1.2423452531714487,85.83333333333333,189.41666666666666,600.0,83.95833333333333,,,,,,,,95.03545824048518,0.8072775234139772,0.0,0.0,0.0,0.0,0.0,0.0,,0.0,0,0,0.0,0.0,0.0,0.0,0.0,0.0,284.97,0.0,0.0,0.0,0.0,,,,,0.9961405698599511,-0.08777223410106318,0.9961405698599511,-0.08777223410106318,7.241085014792126,-1.0663463423054933,85.0,198.0,,,0.0,6,0.0,0.0,0.7457222222222222,0.0,-0.0,63.150000000000006,0.7874999999999979,76,3,2018,350
2019-03-18,0.0,31.0,0,0.0,9.2,14.4,12.15,24.3,15.658333333333333,8.469301984641422,-12.700570972290963,100.0,78.625,299.0,100.0,,,,,,,,146.5255202675052,0.974959852614342,0.0,0.0,0.0,0.0,0.0,0.0,,0.0,0,0,0.0,0.0,0.0,0.0,0.0,0.0,284.97,0.0,0.0,0.0,0.0,,,,,0.5515655072438119,-0.8341315790802291,0.5515655072438119,-0.8341315790802291,8.469301984641422,-12.700570972290963,86.0,199.0,,,0.0,6,0.0,0.0,0.7057500000000001,0.0,-0.0,93.95,-0.40833333333333144,77,3,2018,351
2019-03-19,0.0,7.7,0,0.0,11.3,17.0,13.229166666666666,14.1,7.504166666666666,6.0958660660347235,-2.951401401289082,97.25,156.625,600.0,96.41666666666667,,,,,,,,108.41819514173284,0.8694396711501589,0.0,0.0,0.0,0.0,0.0,0.0,,0.0,0,0,0.0,0.0,0.0,0.0,0.0,0.0,284.97,0.0,0.0,0.0,0.0,,,,,0.9487757246724403,-0.31595035096085233,0.9487757246724403,-0.31595035096085233,5.928229749218769,-2.8702378627536325,87.0,200.0,,,0.0,6,0.0,0.0,0.7619166666666667,0.0,-0.0,45.025,1.0791666666666657,78,3,2018,352
2019-03-20,0.0,0.7999999999999999,0,0.0,9.6,19.3,14.316666666666668,9.4,5.3875,2.812398545402166,-1.7576559825454552,81.70833333333333,225.33333333333334,600.0,40.583333333333336,,,,,,,,100.150097567471,0.5271174470414683,0.0,0.0,0.0,0.0,0.0,0.0,,0.4166666666666667,0,0,0.0,0.0,0.0,0.0,0.0,0.0,284.97,0.0,0.0,0.0,0.0,,,,,0.9843494686927317,-0.1762274765305821,0.9843494686927317,-0.1762274765305821,2.2979639781390198,-1.4361514090715155,88.0,201.0,,,0.0,6,0.0,0.0,0.7559166666666667,0.0,-0.0,32.325,1.0875000000000021,79,3,2018,353
2019-03-21,0.0,6.3,0,0.0,10.1,18.3,13.916666666666666,7.8,3.9916666666666667,0.7822575992546366,0.1893425737824158,81.41666666666667,178.79166666666666,600.0,43.666666666666664,,,,,,,,38.13441076760109,0.3521838386083002,0.0,0.0,0.0,0.0,0.0,0.0,,0.3333333333333333,0,0,0.0,0.0,0.0,0.0,0.0,0.0,284.97,0.0,0.0,0.0,0.0,,,,,0.6175083822047361,0.7865642999188874,0.6175083822047361,0.7865642999188874,0.6368880620598166,0.15415641215451686,89.0,202.0,,,0.0,6,0.0,0.0,0.7239166666666668,0.0,-0.0,23.95,-0.40000000000000213,80,3,2018,354
2019-03-22,0.0,12.9,0,0.0,9.8,14.9,12.225,10.7,5.304166666666666,-1.2068332536919337,3.3332889731702977,88.04166666666667,108.58333333333333,505.0,73.54166666666667,,,,,,,,350.514234946168,0.6101103961048971,0.0,0.0,0.0,0.0,0.0,0.0,,0.16666666666666666,0,0,0.0,0.0,0.0,0.0,0.0,0.0,284.97,0.0,0.0,0.0,0.0,,,,,-0.16480256138663785,0.9863265766268308,-0.16480256138663785,0.9863265766268308,-1.06251611043794,2.9346831667953497,90.0,203.0,,,0.0,6,0.0,0.0,0.6969722222222222,0.0,-0.0,31.824999999999996,-1.6916666666666664,81,3,2018,355
2019-03-23,0.0,2.2,0,0.0,9.7,17.1,13.483333333333334,19.2,12.025,-8.491249621468013,8.06074293962248,77.75,114.58333333333333,512.0,69.29166666666667,,,,,,,,319.5527783672547,0.9605624301053332,0.0,0.0,0.0,0.0,0.0,0.0,,0.16666666666666666,0,0,0.0,0.0,0.0,0.0,0.0,0.0,284.97,0.0,0.0,0.0,0.0,,,,,-0.6487473201591414,0.7610038860520573,-0.6487473201591414,0.7610038860520573,-6.601946580691379,6.267227635556478,91.0,204.0,,,0.0,6,0.0,0.0,0.668888888888889,0.0,-0.0,72.15,1.2583333333333346,82,3,2018,356
2019-03-24,0.0,9.4,0,0.0,11.2,15.0,13.008333333333333,32.4,19.670833333333334,-15.25155556502976,12.342615166162085,90.04166666666667,132.79166666666666,568.0,99.875,,,,,,,,309.3208191523891,0.9959637766420201,0.0,0.0,0.0,0.0,0.0,0.0,,0.0,0,0,0.0,0.0,0.0,0.0,0.0,0.0,284.97,0.0,0.0,0.0,0.0,,,,,-0.7736100116256487,0.6336620155197594,-0.7736100116256487,0.6336620155197594,-13.732754823345546,11.113496405865112,92.0,205.0,,,0.0,6,0.0,0.0,0.722,0.0,-0.0,118.025,-0.4750000000000014,83,3,2018,357
2019-03-25,0.0,31.9,0,0.0,3.9,12.5,9.179166666666667,36.7,29.825,-24.188306522938884,17.16339245627839,96.375,106.04166666666667,387.0,83.45833333333333,,,,,,,,305.49109151680943,0.9939217409400084,0.0,0.0,0.0,0.0,0.0,0.0,,0.0,0,0,0.0,0.0,0.0,0.0,0.0,0.0,284.97,0.0,0.0,0.0,0.0,,,,,-0.8142057975832044,0.5805763680876943,-0.8142057975832044,0.5805763680876943,-23.31148041148235,16.5412194797383,93.0,206.0,,,0.0,6,0.0,0.0,0.6697222222222222,0.0,-0.0,178.95,-3.8291666666666657,84,3,2018,358
2019-03-26,0.0,0.0,0,0.0,1.3,9.9,5.066666666666666,29.5,17.029166666666665,-14.85006942278843,5.799337544916813,76.29166666666667,254.45833333333334,600.0,10.75,,,,,,,,297.7573970449665,0.7863137132482297,0.0,0.0,0.0,0.0,0.0,0.0,,0.875,0,0,0.0,0.0,0.0,0.0,0.0,0.0,284.97,0.0,0.0,0.0,0.0,,,,,-0.8849275179544849,0.46572877081721586,-0.8849275179544849,0.46572877081721586,-11.32936546380234,4.424411268642786,94.0,207.0,,,0.0,6,0.0,0.0,0.6439444444444444,0.0,-0.0,102.17499999999998,-4.112500000000001,85,3,2018,359
2019-03-27,0.0,0.0,0,0.0,3.8,16.7,9.816666666666666,11.5,5.458333333333333,-3.2357587660571148,3.6072445111577953,60.666666666666664,254.83333333333334,600.0,0.3333333333333333,,,,,,,,318.7917502826276,0.8157634557112426,0.0,0.0,0.0,0.0,0.0,0.0,,1.0,0,0,0.0,0.0,0.0,0.0,0.0,0.0,284.97,0.0,0.0,0.0,0.0,,,,,-0.6587977895483491,0.7523200598722655,-0.6587977895483491,0.7523200598722655,-1.9630269847413162,2.188395003435729,95.0,208.0,,,0.0,6,0.0,0.0,0.7054444444444444,0.0,-0.0,32.75,4.75,86,3,2018,360
2019-03-28,0.0,0.0,0,0.0,7.2,15.2,11.0875,16.1,12.420833333333334,-8.66379852899932,8.755690367824595,73.25,183.91666666666666,600.0,68.08333333333333,,,,,,,,316.16434826462535,0.9914055189158073,0.0,0.0,0.0,0.0,0.0,0.0,,0.25,0,0,0.0,0.0,0.0,0.0,0.0,0.0,284.97,0.0,0.0,0.0,0.0,,,,,-0.6925921480528429,0.7213294091159385,-0.6925921480528429,0.7213294091159385,-6.346232422492002,6.413543194431515,96.0,209.0,,,0.0,6,0.0,0.0,0.7001111111111111,0.0,-0.0,74.525,1.270833333333334,87,3,2018,361
2019-03-29,0.0,28.2,0,0.0,9.1,14.0,11.520833333333334,23.9,18.150000000000002,-13.183162109433148,12.38283777250245,91.625,82.125,323.0,96.04166666666667,,,,,,,,313.5791102446635,0.9963902325285122,0.0,0.0,0.0,0.0,0.0,0.0,,0.0,0,0,0.0,0.0,0.0,0.0,0.0,0.0,284.97,0.0,0.0,0.0,0.0,,,,,-0.7244232451448173,0.6893554684586553,-0.7244232451448173,0.6893554684586553,-12.079072282768122,11.345775109055369,97.0,210.0,,,0.0,6,0.0,0.0,0.6712777777777778,0.0,-0.0,108.9,0.43333333333333357,88,3,2018,362
2019-03-30,3.01,11.4,9,0.84,-0.0,8.4,4.354166666666667,26.3,13.637500000000001,-12.161238431051965,3.6945166187500225,94.04166666666667,85.625,556.0,99.41666666666667,,,,,,,,289.83889942782946,0.9193755501277638,1.7444444444444445,17.577777777777776,23.4,97.77777777777777,-17.201168149194846,0.4764054318671839,270.0117608905731,0.0,0,7,3.0099999999999962,3.01,3.0100000000000033,3.01,3.01,0.0,287.98,0.0,0.0,0.0,0.0,,,,,-0.9406505751322759,0.3393766278094567,-0.9999999789328806,0.00020526626202586732,-11.436631307868451,3.4743850035495005,0.0,211.0,1.0,0.9999999999999988,79.163,0,0.4847323973765434,3.01,0.5572222222222223,52.9091111111111,0.0,0.0,-7.166666666666667,89,3,2018,363
2019-03-31,0.0,0.0,0,0.0,-0.4,6.3,3.0375,25.6,17.470833333333335,-15.596964781733796,7.468962461666479,96.54166666666667,143.375,552.0,97.66666666666667,,,,,,,,298.4197374337551,0.985277236113815,0.0,0.0,0.0,0.0,0.0,0.0,,0.0,1,0,3.0099999999999962,3.01,3.0100000000000033,3.01,3.01,1.0,287.98,0.0,0.0,0.0,0.0,,,,,-0.8794846761246128,0.4759272050030183,-0.8794846761246128,0.4759272050030183,-15.057569749698837,7.210660843200514,1.0,212.0,0.0,0.9999999999999988,0.0,1,0.0,1.505,0.5573888888888888,0.0,-0.0,17.470833333333335,-1.3166666666666669,90,3,2018,364
2019-04-01,0.0,0.0,0,0.0,2.1,14.0,7.829166666666667,7.6,5.6499999999999995,-1.9577206421608635,2.7513778443405763,79.25,219.83333333333334,600.0,59.333333333333336,,,,,,,,325.0932310198932,0.5080618852221518,0.0,0.0,0.0,0.0,0.0,0.0,,0.2916666666666667,0,0,0.0,0.0,0.0,0.0,0.0,0.0,0.0,0.0,0.0,0.0,0.0,,,,,-0.5722427630069424,0.820084276270543,-0.5722427630069424,0.820084276270543,-1.5514936089124842,2.180466941639907,2.0,213.0,,,0.0,0,0.0,0.0,0.7218333333333332,0.0,-0.0,0.0,4.791666666666666,91,4,2019,0
2019-04-02,0.0,0.0,0,0.0,6.4,14.6,9.883333333333333,11.2,8.1875,-5.527189880488318,5.84904302271811,76.95833333333333,210.54166666666666,600.0,24.875,,,,,,,,317.77755187776364,0.9809194617208613,0.0,0.0,0.0,0.0,0.0,0.0,,0.5416666666666666,0,0,0.0,0.0,0.0,0.0,0.0,0.0,0.0,0.0,0.0,0.0,0.0,,,,,-0.672010780292459,0.7405413635785111,-0.672010780292459,0.7405413635785111,-4.253633212192468,4.501326026233478,3.0,214.0,,,0.0,1,0.0,0.0,0.7213333333333333,0.0,-0.0,8.1875,2.0541666666666663,92,4,2019,1
2019-04-03,0.0,2.6,0,0.0,7.8,14.4,10.508333333333333,19.6,12.833333333333334,-7.998211573514798,4.130774460875263,86.91666666666667,176.625,600.0,62.125,,,,,,,,295.964756224326,0.5032109784158383,0.0,0.0,0.0,0.0,0.0,0.0,,0.16666666666666666,0,0,0.0,0.0,0.0,0.0,0.0,0.0,0.0,0.0,0.0,0.0,0.0,,,,,-0.8990635270702069,0.43781819776258657,-0.8990635270702069,0.43781819776258657,-6.951778892646612,3.5903314689107497,4.0,215.0,,,0.0,2,0.0,0.0,0.7274722222222222,0.0,-0.0,25.666666666666668,0.625,93,4,2019,2
2019-04-04,0.0,10.2,0,0.0,7.0,12.3,9.520833333333334,12.1,6.970833333333334,5.7382498262844654,2.933980838852109,99.04166666666667,74.66666666666667,358.0,84.70833333333333,,,,,,,,68.49986533993864,0.9209336910581493,0.0,0.0,0.0,0.0,0.0,0.0,,0.0,0,0,0.0,0.0,0.0,0.0,0.0,0.0,0.0,0.0,0.0,0.0,0.0,,,,,0.9304167066057534,0.3665034134478198,0.9304167066057534,0.3665034134478198,5.68325826544924,2.9058635224797764,5.0,216.0,,,0.0,3,0.0,0.0,0.65325,0.0,-0.0,20.9125,-0.9874999999999989,94,4,2019,3
2019-04-05,0.0,0.0,0,0.0,8.1,15.4,11.170833333333334,20.9,11.433333333333332,-5.096625982313014,8.05739453702894,84.04166666666667,180.33333333333334,600.0,83.5,,,,,,,,333.0761639453885,0.8184527023892954,0.0,0.0,0.0,0.0,0.0,0.0,,0.08333333333333333,0,0,0.0,0.0,0.0,0.0,0.0,0.0,0.0,0.0,0.0,0.0,0.0,,,,,-0.45280567364745894,0.891609231621494,-0.45280567364745894,0.891609231621494,-4.283289419302228,6.771568658828073,6.0,217.0,,,0.0,4,0.0,0.0,0.7336944444444445,0.0,-0.0,45.73333333333333,1.6500000000000004,95,4,2019,4
2019-04-06,0.0,0.30000000000000004,0,0.0,7.3,14.9,11.508333333333333,27.0,18.466666666666665,-14.000163730961068,11.654621465720927,81.875,191.0,600.0,41.958333333333336,,,,,,,,312.91978151098,0.9737623270835589,0.0,0.0,0.0,0.0,0.0,0.0,,0.4583333333333333,0,0,0.0,0.0,0.0,0.0,0.0,0.0,0.0,0.0,0.0,0.0,0.0,,,,,-0.7323078345525625,0.6809737406485926,-0.7323078345525625,0.6809737406485926,-11.462634054724374,9.54222132505901,7.0,218.0,,,0.0,5,0.0,0.0,0.7313611111111111,0.0,-0.0,92.33333333333333,0.3374999999999986,96,4,2019,5
2019-04-07,0.0,0.0,0,0.0,5.7,15.6,10.454166666666667,27.7,17.2125,-13.2307099436866,10.695841365221748,61.5,228.5,600.0,8.916666666666666,,,,,,,,311.8441331626597,0.9828065577442178,0.0,0.0,0.0,0.0,0.0,0.0,,0.875,0,0,0.0,0.0,0.0,0.0,0.0,0.0,0.0,0.0,0.0,0.0,0.0,,,,,-0.7449623692850323,0.6671064895121551,-0.7449623692850323,0.6671064895121551,-8.13688661536726,6.577942439611374,8.0,219.0,,,0.0,6,0.0,0.0,0.6906666666666667,0.0,-0.0,103.27499999999999,-1.0541666666666654,97,4,2019,6
2019-04-08,0.0,0.0,0,0.0,8.0,13.7,10.525,31.9,23.508333333333336,-19.6822801638576,12.712017387186984,61.833333333333336,202.70833333333334,600.0,26.833333333333332,,,,,,,,303.5010620861471,0.9967791867599052,0.0,0.0,0.0,0.0,0.0,0.0,,0.6666666666666666,0,0,0.0,0.0,0.0,0.0,0.0,0.0,0.0,0.0,0.0,0.0,0.0,,,,,-0.8338755907230831,0.5519524428754974,-0.8338755907230831,0.5519524428754974,-12.170209901318618,7.860264084410619,9.0,220.0,,,0.0,6,0.0,0.0,0.6456944444444445,0.0,-0.0,141.05,0.07083333333333286,98,4,2019,7
2019-04-09,0.0,3.0,0,0.0,1.3,8.4,5.516666666666667,28.8,14.9625,-12.457867074381035,2.934014410990248,88.70833333333333,118.16666666666667,533.0,52.375,,,,,,,,263.4999805703835,0.7592185252580432,0.0,0.0,0.0,0.0,0.0,0.0,,0.25,0,0,0.0,0.0,0.0,0.0,0.0,0.0,0.0,0.0,0.0,0.0,0.0,,,,,-0.9935718172881002,-0.11320355069882775,-0.9935718172881002,-0.11320355069882775,-11.051166250565508,2.6027152837492658,10.0,221.0,,,0.0,6,0.0,0.0,0.5611388888888889,0.0,-0.0,89.775,-5.008333333333334,99,4,2019,8
2019-04-10,0.0,0.0,0,0.0,-1.6,11.6,3.9375,7.9,4.745833333333334,1.987972688844266,-1.3748400152458766,82.08333333333333,216.41666666666666,600.0,9.708333333333334,,,,,,,,130.83858188923577,0.4812838887029075,0.0,0.0,0.0,0.0,0.0,0.0,,0.875,1,0,0.0,0.0,0.0,0.0,0.0,1.0,0.0,0.0,0.0,0.0,0.0,,,,,0.7565548830393969,-0.6539302018940893,0.7565548830393969,-0.6539302018940893,1.6317942487596682,-1.1285145125143237,11.0,222.0,,,0.0,6,0.0,0.0,0.6756666666666667,0.0,-0.0,28.475,-1.5791666666666666,100,4,2019,9
2019-04-11,0.0,0.0,0,0.0,2.4,13.6,7.379166666666666,7.1,5.129166666666666,-1.787144139139192,1.597859708674423,68.25,215.25,600.0,36.625,,,,,,,,316.1783449261737,0.4158516599474708,0.0,0.0,0.0,0.0,0.0,0.0,,0.5833333333333334,0,0,0.0,0.0,0.0,0.0,0.0,1.0,0.0,0.0,0.0,0.0,0.0,,,,,-0.6924159153939972,0.7214985794227824,-0.6924159153939972,0.7214985794227824,-1.2197258749624986,1.0905392511702938,12.0,223.0,,,0.0,6,0.0,0.0,0.6732222222222223,0.0,-0.0,30.775,3.4416666666666664,101,4,2019,10
2019-04-12,0.0,0.0,0,0.0,4.4,13.5,8.1625,12.2,9.4125,-6.631114056471766,6.41710965886309,65.95833333333333,219.54166666666666,600.0,7.958333333333333,,,,,,,,316.0384417243204,0.9770152371878257,0.0,0.0,0.0,0.0,0.0,0.0,,0.8333333333333334,0,0,0.0,0.0,0.0,0.0,0.0,1.0,0.0,0.0,0.0,0.0,0.0,,,,,-0.6941755841397972,0.7198057087743687,-0.6941755841397972,0.7198057087743687,-4.373772313081169,4.232618579158446,13.0,224.0,,,0.0,6,0.0,0.0,0.6662222222222223,0.0,-0.0,56.474999999999994,0.7833333333333332,102,4,2019,11
2019-04-13,0.0,0.0,0,0.0,6.7,14.5,9.4125,9.6,6.875,-0.44731548576940644,1.301759781698388,63.416666666666664,176.625,600.0,64.70833333333333,,,,,,,,320.47986438183756,0.09817468416938627,0.0,0.0,0.0,0.0,0.0,0.0,,0.2916666666666667,0,0,0.0,0.0,0.0,0.0,0.0,1.0,0.0,0.0,0.0,0.0,0.0,,,,,-0.6363493552067655,0.7714009969710526,-0.6363493552067655,0.7714009969710526,-0.28367257055876527,0.8255326615603943,14.0,225.0,,,0.0,6,0.0,0.0,0.6513611111111111,0.0,-0.0,41.25,1.25,103,4,2019,12
2019-04-14,0.0,0.1,0,0.0,4.4,13.8,8.766666666666667,8.9,7.033333333333334,4.927444756850172,4.2731201273423425,81.95833333333333,145.70833333333334,600.0,52.166666666666664,,,,,,,,49.164926267469326,0.9265205565257383,0.0,0.0,0.0,0.0,0.0,0.0,,0.25,0,0,0.0,0.0,0.0,0.0,0.0,1.0,0.0,0.0,0.0,0.0,0.0,,,,,0.7565949210384662,0.6538838776562679,0.7565949210384662,0.6538838776562679,4.03845159863512,3.5021780377009946,15.0,226.0,,,0.0,6,0.0,0.0,0.677,0.0,-0.0,42.2,-0.6458333333333321,104,4,2019,13
2019-04-15,0.0,0.30000000000000004,0,0.0,4.7,13.8,9.325000000000001,9.0,5.454166666666667,-2.344152679576497,4.176208879507095,78.375,123.08333333333333,488.0,46.208333333333336,,,,,,,,327.92860866621567,0.8742692998780649,0.0,0.0,0.0,0.0,0.0,0.0,,0.2916666666666667,0,0,0.0,0.0,0.0,0.0,0.0,1.0,0.0,0.0,0.0,0.0,0.0,,,,,-0.5309755322545825,0.8473871512755919,-0.5309755322545825,0.8473871512755919,-1.8372296626180795,3.2731037093136854,16.0,227.0,,,0.0,6,0.0,0.0,0.6499722222222223,0.0,-0.0,32.725,0.5583333333333336,105,4,2019,14
2019-04-16,0.0,0.0,0,0.0,8.1,15.6,11.204166666666666,11.0,6.583333333333333,-4.996571584584361,3.1153481144524506,69.25,180.45833333333334,600.0,55.333333333333336,,,,,,,,307.7291384864765,0.9034599744021161,0.0,0.0,0.0,0.0,0.0,0.0,,0.20833333333333334,0,0,0.0,0.0,0.0,0.0,0.0,1.0,0.0,0.0,0.0,0.0,0.0,,,,,-0.7909124309239796,0.6119293477272694,-0.7909124309239796,0.6119293477272694,-3.46012582232467,2.157378569258322,17.0,228.0,,,0.0,6,0.0,0.0,0.6844722222222223,0.0,-0.0,39.5,1.8791666666666647,106,4,2019,15
2019-04-17,0.0,0.0,0,0.0,9.0,16.0,11.904166666666667,13.4,10.825000000000001,-7.670362865521036,7.167752834901919,69.70833333333333,196.5,600.0,7.791666666666667,,,,,,,,313.983556145907,0.9706343386177997,0.0,0.0,0.0,0.0,0.0,0.0,,0.9166666666666666,0,0,0.0,0.0,0.0,0.0,0.0,0.0,0.0,0.0,0.0,0.0,0.0,,,,,-0.7195391372428872,0.6944518917648375,-0.7195391372428872,0.6944518917648375,-5.346882114173622,4.9965210386628796,18.0,229.0,,,0.0,6,0.0,0.0,0.6966944444444444,0.0,-0.0,64.95,0.7000000000000011,107,4,2019,16
2019-04-18,0.0,0.0,0,0.0,9.5,15.9,12.112499999999999,19.5,12.058333333333332,-6.909053785785834,7.797563481603777,70.79166666666667,168.54166666666666,600.0,89.75,,,,,,,,325.4764800903723,0.7380244279994417,0.0,0.0,0.0,0.0,0.0,0.0,,0.0,0,0,0.0,0.0,0.0,0.0,0.0,0.0,0.0,0.0,0.0,0.0,0.0,,,,,-0.5667444928800743,0.8238936095092056,-0.5667444928800743,0.8238936095092056,-4.891034325854222,5.520025148018674,19.0,230.0,,,0.0,6,0.0,0.0,0.6816666666666666,0.0,-0.0,72.35,0.20833333333333215,108,4,2019,17
2019-04-19,0.0,0.0,0,0.0,8.6,15.4,11.7125,16.5,10.283333333333333,-6.811046062632635,6.955396161963701,77.625,182.83333333333334,600.0,31.208333333333332,,,,,,,,323.02483353734135,0.923138628056415,0.0,0.0,0.0,0.0,0.0,0.0,,0.375,0,0,0.0,0.0,0.0,0.0,0.0,0.0,0.0,0.0,0.0,0.0,0.0,,,,,-0.6014688164482724,0.7988962778986484,-0.6014688164482724,0.7988962778986484,-5.287074506118583,5.399126270724322,20.0,231.0,,,0.0,6,0.0,0.0,0.7139722222222223,0.0,-0.0,61.7,-0.3999999999999986,109,4,2019,18
2019-04-20,0.0,0.0,0,0.0,10.0,16.8,12.733333333333334,11.7,8.170833333333333,-4.887796660313703,6.1624169305494965,67.58333333333333,188.91666666666666,600.0,19.791666666666668,,,,,,,,325.15108178919536,0.9621204575676245,0.0,0.0,0.0,0.0,0.0,0.0,,0.7083333333333334,0,0,0.0,0.0,0.0,0.0,0.0,0.0,0.0,0.0,0.0,0.0,0.0,,,,,-0.5714144435165656,0.8206616438829426,-0.5714144435165656,0.8206616438829426,-3.3033359095953445,4.164766775563034,21.0,232.0,,,0.0,6,0.0,0.0,0.6845555555555555,0.0,-0.0,49.02499999999999,1.020833333333334,110,4,2019,19
2019-04-21,0.0,0.0,0,0.0,10.2,16.1,12.65,15.6,10.4,-6.6134878447058485,7.804576485693609,76.58333333333333,155.875,588.0,62.75,,,,,,,,321.1914204817527,0.9825729962938743,0.0,0.0,0.0,0.0,0.0,0.0,,0.2916666666666667,0,0,0.0,0.0,0.0,0.0,0.0,0.0,0.0,0.0,0.0,0.0,0.0,,,,,-0.626720503061868,0.7792441280124471,-0.626720503061868,0.7792441280124471,-5.064829441070562,5.9770048252936885,22.0,233.0,,,0.0,6,0.0,0.0,0.6925277777777777,0.0,-0.0,62.400000000000006,-0.08333333333333393,111,4,2019,20
2019-04-22,0.0,5.2,0,0.0,9.3,14.9,11.295833333333334,9.2,5.595833333333334,0.8350000710178143,2.873338922130319,92.125,80.33333333333333,436.0,94.20833333333333,,,,,,,,13.947251340437518,0.5311187471594886,0.0,0.0,0.0,0.0,0.0,0.0,,0.0,0,0,0.0,0.0,0.0,0.0,0.0,0.0,0.0,0.0,0.0,0.0,0.0,,,,,0.24102850229391584,0.9705180374840808,0.24102850229391584,0.9705180374840808,0.7692438154251614,2.6470634820125567,23.0,234.0,,,0.0,6,0.0,0.0,0.69175,0.0,-0.0,33.575,-1.354166666666666,112,4,2019,21
2019-04-23,0.0,2.1,0,0.0,8.8,15.3,11.579166666666666,10.5,5.5375000000000005,-1.063960542734543,2.7968432090047166,84.5,139.70833333333334,479.0,26.625,,,,,,,,330.238675002892,0.45248615458846725,0.0,0.0,0.0,0.0,0.0,0.0,,0.5,0,0,0.0,0.0,0.0,0.0,0.0,0.0,0.0,0.0,0.0,0.0,0.0,,,,,-0.4963881008451392,0.868100716126508,-0.4963881008451392,0.868100716126508,-0.8990466586106889,2.3633325116089856,24.0,235.0,,,0.0,6,0.0,0.0,0.708138888888889,0.0,-0.0,33.225,0.28333333333333144,113,4,2019,22
2019-04-24,0.0,0.4,0,0.0,8.3,14.9,11.354166666666666,19.5,12.233333333333334,-9.496772614552869,7.230607882618706,82.625,161.875,600.0,35.958333333333336,,,,,,,,312.17365856345646,0.9621705734290181,0.0,0.0,0.0,0.0,0.0,0.0,,0.4583333333333333,0,0,0.0,0.0,0.0,0.0,0.0,0.0,0.0,0.0,0.0,0.0,0.0,,,,,-0.7411133380319285,0.671379937286759,-0.7411133380319285,0.671379937286759,-7.846708372774308,5.974289763013705,25.0,236.0,,,0.0,6,0.0,0.0,0.7144444444444445,0.0,-0.0,73.4,-0.22499999999999964,114,4,2019,23
2019-04-25,0.0,0.0,0,0.0,7.9,13.3,10.633333333333335,27.4,19.095833333333335,-16.609367202887476,9.338076248415108,85.20833333333333,166.41666666666666,590.0,33.458333333333336,,,,,,,,299.954908825836,0.9973698742112388,0.0,0.0,0.0,0.0,0.0,0.0,,0.3333333333333333,0,0,0.0,0.0,0.0,0.0,0.0,0.0,0.0,0.0,0.0,0.0,0.0,,,,,-0.8664186302827543,0.499318292373668,-0.8664186302827543,0.499318292373668,-14.152564970793703,7.956819136670373,26.0,237.0,,,0.0,6,0.0,0.0,0.6905277777777777,0.0,-0.0,114.57500000000002,-0.7208333333333314,115,4,2019,24
2019-04-26,0.0,1.7,0,0.0,0.6,7.7,4.429166666666666,34.5,27.391666666666666,-24.599017711095428,10.720478222738572,88.58333333333333,105.58333333333333,463.0,59.291666666666664,,,,,,,,290.5578074636903,0.971342658330801,0.0,0.0,0.0,0.0,0.0,0.0,,0.20833333333333334,0,0,0.0,0.0,0.0,0.0,0.0,0.0,0.0,0.0,0.0,0.0,0.0,,,,,-0.9363183776358559,0.3511522400631368,-0.9363183776358559,0.3511522400631368,-21.790629855745365,9.49655695897592,27.0,238.0,,,0.0,6,0.0,0.0,0.5367777777777777,0.0,-0.0,164.35,-6.204166666666668,116,4,2019,25
2019-04-27,0.0,0.0,0,0.0,-2.0,8.2,2.6999999999999997,19.2,11.266666666666666,-9.838486924679065,3.60797607682207,80.45833333333333,182.20833333333334,600.0,13.583333333333334,,,,,,,,281.66303245578536,0.9018569959810672,0.0,0.0,0.0,0.0,0.0,0.0,,0.7083333333333334,1,0,0.0,0.0,0.0,0.0,0.0,1.0,0.0,0.0,0.0,0.0,0.0,,,,,-0.979353446242879,0.20215545338228275,-0.979353446242879,0.20215545338228275,-7.915882604814698,2.9029174184764237,28.0,239.0,,,0.0,6,0.0,0.0,0.5718888888888888,0.0,-0.0,67.6,-1.7291666666666665,117,4,2019,26
2019-04-28,0.0,0.0,0,0.0,2.8,9.3,5.033333333333333,20.3,13.200000000000001,-10.914221451849594,7.102383250153125,73.33333333333333,169.70833333333334,600.0,41.5,,,,,,,,305.98183584996957,0.9723562626210309,0.0,0.0,0.0,0.0,0.0,0.0,,0.125,0,0,0.0,0.0,0.0,0.0,0.0,1.0,0.0,0.0,0.0,0.0,0.0,,,,,-0.8092032958803623,0.5875287447745503,-0.8092032958803623,0.5875287447745503,-8.003762398023035,5.208414383445625,29.0,240.0,,,0.0,6,0.0,0.0,0.56425,0.0,-0.0,79.2,2.3333333333333335,118,4,2019,27
2019-04-29,0.0,0.0,0,0.0,3.0,14.9,8.1875,8.2,4.425,-1.5166692491278828,3.050914296758275,71.79166666666667,179.0,600.0,0.08333333333333333,,,,,,,,334.01038011669897,0.6662634668458937,0.0,0.0,0.0,0.0,0.0,0.0,,1.0,0,0,0.0,0.0,0.0,0.0,0.0,1.0,0.0,0.0,0.0,0.0,0.0,,,,,-0.43820830758340246,0.8988734500278057,-0.43820830758340246,0.8988734500278057,-1.0888421317697259,2.1903022222143784,30.0,241.0,,,0.0,6,0.0,0.0,0.6897500000000001,0.0,-0.0,26.549999999999997,3.154166666666667,119,4,2019,28
2019-04-30,0.0,0.0,0,0.0,5.7,13.4,9.6875,20.6,15.066666666666668,-10.021995886310888,11.142631441776926,61.875,163.75,600.0,49.041666666666664,,,,,,,,318.58477530071633,0.994313979510873,0.0,0.0,0.0,0.0,0.0,0.0,,0.4583333333333333,0,0,0.0,0.0,0.0,0.0,0.0,1.0,0.0,0.0,0.0,0.0,0.0,,,,,-0.6615111623355879,0.7499353186144919,-0.6615111623355879,0.7499353186144919,-6.2011099546548625,6.894503204599473,31.0,242.0,,,0.0,6,0.0,0.0,0.6131944444444444,0.0,-0.0,90.4,1.5,120,4,2019,29
2019-05-01,0.0,5.9,0,0.0,8.9,12.8,10.508333333333333,28.0,21.270833333333332,-12.807125929352432,16.534774236731664,80.95833333333333,92.91666666666667,383.0,87.45833333333333,,,,,,,,324.07229772103966,0.9757524958990393,0.0,0.0,0.0,0.0,0.0,0.0,,0.0,0,0,0.0,0.0,0.0,0.0,0.0,1.0,0.0,0.0,0.0,0.0,0.0,,,,,-0.5867639400581797,0.8097580370996023,-0.5867639400581797,0.8097580370996023,-10.368435700304905,13.386277642487341,32.0,243.0,,,0.0,6,0.0,0.0,0.6162500000000001,0.0,-0.0,127.625,0.8208333333333329,121,5,2019,30
2019-05-02,0.0,11.0,0,0.0,10.1,14.6,11.862499999999999,19.9,14.450000000000001,-7.442474267144271,12.1873137813712,96.66666666666667,84.33333333333333,406.0,98.41666666666667,,,,,,,,329.10261753444934,0.9881580182977112,0.0,0.0,0.0,0.0,0.0,0.0,,0.0,0,0,0.0,0.0,0.0,0.0,0.0,1.0,0.0,0.0,0.0,0.0,0.0,,,,,-0.5135020511750739,0.8580883657520313,-0.5135020511750739,0.8580883657520313,-7.194391791572795,11.781069988658828,33.0,244.0,,,0.0,6,0.0,0.0,0.7028888888888889,0.0,-0.0,86.7,1.354166666666666,122,5,2019,31
2019-05-03,0.0,26.3,0,0.0,3.4,11.2,8.700000000000001,24.9,15.0,-11.748226976447818,8.8547689132811,88.75,122.625,600.0,53.583333333333336,,,,,,,,307.5852191882909,0.9784162054787696,0.0,0.0,0.0,0.0,0.0,0.0,,0.4166666666666667,0,0,0.0,0.0,0.0,0.0,0.0,1.0,0.0,0.0,0.0,0.0,0.0,,,,,-0.7924470184748668,0.6099407536066879,-0.7924470184748668,0.6099407536066879,-10.426551441597438,7.858607410536977,34.0,245.0,,,0.0,6,0.0,0.0,0.6264722222222222,0.0,-0.0,90.0,-3.162499999999998,123,5,2019,32
2019-05-04,0.0,1.8,0,0.0,2.8,6.6,4.341666666666667,20.3,12.808333333333332,-10.696392754238142,0.26867022175374133,91.91666666666667,104.58333333333333,396.0,88.95833333333333,,,,,,,,264.1912929917554,0.8067423893733,0.0,0.0,0.0,0.0,0.0,0.0,,0.0,0,0,0.0,0.0,0.0,0.0,0.0,0.0,0.0,0.0,0.0,0.0,0.0,,,,,-0.994865340223728,-0.1012074840193448,-0.994865340223728,-0.1012074840193448,-9.831767673270559,0.2469527121619806,35.0,246.0,,,0.0,6,0.0,0.0,0.5227777777777778,0.0,-0.0,76.85,-4.358333333333334,124,5,2019,33
2019-05-05,0.0,2.9000000000000004,0,0.0,2.4,5.8,3.8625000000000003,20.4,15.333333333333334,3.206501094648736,-14.862855079840115,95.70833333333333,76.58333333333333,398.0,96.25,,,,,,,,168.28320283183209,0.9915106225968882,0.0,0.0,0.0,0.0,0.0,0.0,,0.0,0,0,0.0,0.0,0.0,0.0,0.0,0.0,0.0,0.0,0.0,0.0,0.0,,,,,0.20307436136433266,-0.9791633182245281,0.20307436136433266,-0.9791633182245281,3.0688887560033944,-14.224990882663642,36.0,247.0,,,0.0,6,0.0,0.0,0.49897222222222215,0.0,-0.0,92.0,-0.4791666666666665,125,5,2019,34
2019-05-06,0.0,0.2,0,0.0,1.7,9.7,4.783333333333333,15.3,7.5874999999999995,-3.857078071096968,-2.5167900868316133,84.375,156.20833333333334,600.0,40.375,,,,,,,,242.3410563139807,0.6309510414552507,0.0,0.0,0.0,0.0,0.0,0.0,,0.5833333333333334,0,0,0.0,0.0,0.0,0.0,0.0,0.0,0.0,0.0,0.0,0.0,0.0,,,,,-0.8857264892834831,-0.46420748182419025,-0.8857264892834831,-0.46420748182419025,-3.2544096224880668,-2.1235416357641737,37.0,248.0,,,0.0,6,0.0,0.0,0.6009444444444444,0.0,-0.0,45.525,0.920833333333333,126,5,2019,35
2019-05-07,0.0,0.0,0,0.0,2.5,8.9,4.858333333333333,23.3,14.725,-11.167399219192893,9.519293988901602,75.95833333333333,156.04166666666666,587.0,24.666666666666668,,,,,,,,311.0793164739942,0.9959450514243868,0.0,0.0,0.0,0.0,0.0,0.0,,0.6666666666666666,0,0,0.0,0.0,0.0,0.0,0.0,0.0,0.0,0.0,0.0,0.0,0.0,,,,,-0.7538006527859252,0.6571031698748021,-0.7538006527859252,0.6571031698748021,-8.482570323578601,7.230697059069842,38.0,249.0,,,0.0,6,0.0,0.0,0.555,0.0,-0.0,88.35,0.07500000000000018,127,5,2019,36
2019-05-08,2.52,7.0,12,0.7,1.5,4.0,2.4541666666666666,37.2,26.175,-22.87345786557029,12.403029311966407,96.41666666666667,78.66666666666667,412.0,97.33333333333333,,,,,,,,297.99462862462394,0.9945669847913129,2.2333333333333334,27.53333333333333,37.2,95.33333333333333,-24.321106259853057,12.451024136107756,296.4852610839349,0.0,0,10,2.52,2.52,2.52,2.52,2.52,0.0,2.52,0.0,0.0,0.0,0.0,,,,,-0.882991601086108,0.4693887859881099,-0.8950491130817596,0.44596758309495493,-22.053825625387358,11.95858742828761,0.0,250.0,1.0,1.0,93.74400000000001,0,0.3208992499999999,2.52,0.46272222222222226,69.384,0.0,0.0,-2.404166666666667,128,5,2019,37
2019-05-09,0.0,0.0,0,0.0,0.4,5.5,3.0083333333333333,29.8,17.837500000000002,-13.422203746176455,11.693667217553221,91.0,127.875,524.0,68.83333333333333,,,,,,,,311.12652807074653,0.9978913904994675,0.0,0.0,0.0,0.0,0.0,0.0,,0.0,0,0,2.52,2.52,2.52,2.52,2.52,0.0,2.52,0.0,0.0,0.0,0.0,,,,,-0.7532589453703933,0.657724076812977,-0.7532589453703933,0.657724076812977,-12.214205409020574,10.641237167973431,1.0,251.0,0.0,1.0,0.0,1,0.0,1.26,0.5108055555555556,0.0,-0.0,17.837500000000002,0.5541666666666667,129,5,2019,38
2019-05-10,11.06,18.6,14,2.38,-0.1,5.6,2.566666666666667,25.8,9.741666666666667,-6.975044508502666,2.9325670135410333,95.0,40.625,413.0,86.625,,,,,,,,292.4682119824295,0.6633420856075666,2.05,5.857142857142857,14.0,99.35714285714286,-3.8893754681465893,-1.8220427268440784,264.91198706131513,0.0,1,10,11.06,13.58,13.58,13.58,13.58,1.0,13.58,0.0,0.0,0.0,0.0,,,,,-0.9240917052106292,0.3821707999846554,-0.9960596415157454,-0.08868590949821048,-6.626292283077532,2.7859386628639817,0.0,0.0,0.8144329896907216,1.0,100.0,0,2.0372371875000015,13.58,0.4681944444444444,64.78,0.0,0.0,-0.44166666666666643,130,5,2019,39
2019-05-11,0.0,0.6000000000000001,0,0.0,-0.6,4.4,2.254166666666667,16.8,12.579166666666666,-9.842627761995702,-6.3431642805331725,93.33333333333333,125.66666666666667,558.0,82.58333333333333,,,,,,,,239.23013680128264,0.9247572408162712,0.0,0.0,0.0,0.0,0.0,0.0,,0.041666666666666664,1,0,11.06,11.06,13.58,13.58,13.58,2.0,13.58,0.0,0.0,0.0,0.0,,,,,-0.8592291056850356,-0.5115909928289334,-0.8592291056850356,-0.5115909928289334,-9.186452577862655,-5.920286661830961,1.0,1.0,0.0,0.8144329896907216,0.0,1,0.0,5.53,0.4926666666666666,0.0,-0.0,12.579166666666666,-0.3125,131,5,2019,40
2019-05-12,0.0,0.0,0,0.0,0.2,7.7,3.65,13.0,9.700000000000001,-7.018406278045277,6.1155774867385055,87.29166666666667,137.08333333333334,528.0,45.625,,,,,,,,314.1842034569802,0.9539946778386058,0.0,0.0,0.0,0.0,0.0,0.0,,0.3333333333333333,0,0,0.0,11.06,13.58,13.58,13.58,2.0,13.58,0.0,0.0,0.0,0.0,,,,,-0.7171027899957182,0.6969674228974816,-0.7171027899957182,0.6969674228974816,-6.12648381354369,5.338389514465487,2.0,2.0,0.0,0.8144329896907216,0.0,2,0.0,3.686666666666667,0.5534722222222223,0.0,-0.0,19.400000000000002,1.395833333333333,132,5,2019,41
2019-05-13,0.0,0.0,0,0.0,0.3,9.9,4.233333333333333,16.5,12.283333333333333,-7.828850644783891,9.196942447382716,59.583333333333336,159.20833333333334,600.0,5.625,,,,,,,,321.27227270585695,0.980919107226103,0.0,0.0,0.0,0.0,0.0,0.0,,1.0,0,0,0.0,0.0,13.58,13.58,13.58,2.0,13.58,0.0,0.0,0.0,0.0,,,,,-0.6256202588049408,0.7801277406763837,-0.6256202588049408,0.7801277406763837,-4.664690175850402,5.479844874898869,3.0,3.0,,0.0,0.0,3,0.0,0.0,0.52475,0.0,-0.0,36.85,0.5833333333333335,133,5,2019,42
2019-05-14,0.0,0.0,0,0.0,1.8,11.3,5.370833333333334,14.7,7.895833333333333,-5.0137355602405975,5.677694599504227,50.958333333333336,157.75,600.0,0.6666666666666666,,,,,,,,319.80113990774277,0.9383903356898949,0.0,0.0,0.0,0.0,0.0,0.0,,1.0,0,0,0.0,0.0,13.58,13.58,13.58,2.0,13.58,0.0,0.0,0.0,0.0,,,,,-0.6454424917647835,0.7638088699566583,-0.6454424917647835,0.7638088699566583,-2.554916079239271,2.8932585396640293,4.0,4.0,,0.0,0.0,4,0.0,0.0,0.526138888888889,0.0,-0.0,31.583333333333332,1.1375000000000002,134,5,2019,43
2019-05-15,0.0,0.0,0,0.0,2.4,12.5,6.658333333333334,7.9,3.6666666666666665,-0.9603515505991096,2.1261924668479,53.25,154.375,590.0,0.0,,,,,,,,340.2827040709763,0.6802530661377483,0.0,0.0,0.0,0.0,0.0,0.0,,1.0,0,0,0.0,0.0,11.06,13.58,13.58,2.0,13.58,0.0,0.0,0.0,0.0,,,,,-0.33737944562852124,0.9413687426653764,-0.33737944562852124,0.9413687426653764,-0.5113872006940259,1.1321974885965067,5.0,5.0,,0.0,0.0,5,0.0,0.0,0.5581944444444444,0.0,-0.0,18.333333333333332,1.2875000000000005,135,5,2019,44
2019-05-16,0.0,0.0,0,0.0,1.5,11.9,6.083333333333333,9.1,6.7250000000000005,-4.032477555279159,5.08139841561992,45.583333333333336,155.0,593.0,0.0,,,,,,,,323.80823918871,0.962506709438655,0.0,0.0,0.0,0.0,0.0,0.0,,1.0,0,0,0.0,0.0,11.06,13.58,13.58,2.0,13.58,0.0,0.0,0.0,0.0,,,,,-0.5904896198376526,0.8070452334683506,-0.5904896198376526,0.8070452334683506,-1.83813768561475,2.316270777786747,6.0,6.0,,0.0,0.0,6,0.0,0.0,0.5197222222222222,0.0,-0.0,40.35,-0.5750000000000011,136,5,2019,45
2019-05-17,0.0,0.0,0,0.0,1.9,11.0,5.541666666666667,11.6,6.820833333333333,-3.7981808236629058,5.035718550996858,60.375,151.5,583.0,4.291666666666667,,,,,,,,325.98273491478886,0.9197431237807806,0.0,0.0,0.0,0.0,0.0,0.0,,0.875,0,0,0.0,0.0,0.0,13.58,13.58,1.0,13.58,0.0,0.0,0.0,0.0,,,,,-0.5594426941120254,0.8288690318769779,-0.5594426941120254,0.8288690318769779,-2.2931516722864793,3.0403150751643526,7.0,7.0,,,0.0,6,0.0,0.0,0.5466944444444445,0.0,-0.0,40.925,-0.5416666666666661,137,5,2019,46
2019-05-18,0.0,0.0,0,0.0,3.4,12.6,6.845833333333334,5.6,4.341666666666667,-1.5990153041308262,2.72896920753645,55.5,147.75,575.0,11.0,,,,,,,,330.9675554023861,0.7063564459297019,0.0,0.0,0.0,0.0,0.0,0.0,,0.7083333333333334,0,0,0.0,0.0,0.0,13.58,13.58,0.0,13.58,0.0,0.0,0.0,0.0,,,,,-0.4853048090659717,0.874345036182765,-0.4853048090659717,0.874345036182765,-0.8874534937926086,1.51457791018273,8.0,8.0,,,0.0,6,0.0,0.0,0.5635,0.0,-0.0,26.05,1.3041666666666671,138,5,2019,47
2019-05-19,0.0,0.0,0,0.0,3.9,11.5,6.895833333333333,10.5,7.204166666666667,-3.650984318022005,6.005088819876955,70.375,106.79166666666667,467.0,57.041666666666664,,,,,,,,330.6762367780321,0.9764227677248226,0.0,0.0,0.0,0.0,0.0,0.0,,0.2916666666666667,0,0,0.0,0.0,0.0,13.58,13.58,0.0,13.58,0.0,0.0,0.0,0.0,,,,,-0.4897440972953053,0.8718662277920888,-0.4897440972953053,0.8718662277920888,-2.569380213807986,4.226081256988407,9.0,9.0,,,0.0,6,0.0,0.0,0.5613333333333334,0.0,-0.0,43.225,0.049999999999998934,139,5,2019,48
2019-05-20,0.0,0.8999999999999999,0,0.0,4.3,11.0,7.691666666666666,26.9,19.616666666666667,-15.733324663778019,11.613571931432297,86.45833333333333,120.75,520.0,47.083333333333336,,,,,,,,306.9093885412293,0.9960261328311271,0.0,0.0,0.0,0.0,0.0,0.0,,0.4166666666666667,0,0,0.0,0.0,0.0,13.58,13.58,0.0,13.58,0.0,0.0,0.0,0.0,,,,,-0.7995862623192291,0.6005512543574986,-0.7995862623192291,0.6005512543574986,-13.602770282224744,10.040900732384173,10.0,10.0,,,0.0,6,0.0,0.0,0.6131388888888888,0.0,-0.0,117.7,0.7958333333333334,140,5,2019,49
2019-05-21,0.0,1.5,0,0.0,5.6,9.9,7.779166666666666,29.5,20.441666666666666,-16.968003862640334,11.161499805962928,90.29166666666667,61.458333333333336,276.0,98.125,,,,,,,,304.9140107308915,0.9897495846823103,0.0,0.0,0.0,0.0,0.0,0.0,,0.0,0,0,0.0,0.0,0.0,13.58,13.58,0.0,13.58,0.0,0.0,0.0,0.0,,,,,-0.8200119425870723,0.5723464108514843,-0.8200119425870723,0.5723464108514843,-15.320693487642336,10.077904199800694,11.0,11.0,,,0.0,6,0.0,0.0,0.5619444444444445,0.0,-0.0,122.65,0.08749999999999947,141,5,2019,50
2019-05-22,0.0,0.0,0,0.0,3.1,13.1,7.370833333333334,10.0,6.504166666666666,-3.895672871196432,4.258768093571627,62.208333333333336,144.0,562.0,36.041666666666664,,,,,,,,321.5631136091114,0.8306830869754575,0.0,0.0,0.0,0.0,0.0,0.0,,0.5416666666666666,0,0,0.0,0.0,0.0,11.06,13.58,0.0,13.58,0.0,0.0,0.0,0.0,,,,,-0.6216521847255239,0.7832934068572154,-0.6216521847255239,0.7832934068572154,-2.4234331652901138,2.649308651542683,12.0,12.0,,,0.0,6,0.0,0.0,0.5944722222222222,0.0,-0.0,39.025,-0.4083333333333323,142,5,2019,51
2019-05-23,0.0,0.0,0,0.0,3.1,11.9,6.708333333333333,11.1,7.379166666666666,-4.7097294074207285,5.398108017634525,48.208333333333336,144.25,562.0,0.7083333333333334,,,,,,,,321.9155787273042,0.9740294979966971,0.0,0.0,0.0,0.0,0.0,0.0,,1.0,0,0,0.0,0.0,0.0,11.06,13.58,0.0,13.58,0.0,0.0,0.0,0.0,,,,,-0.616821884635613,0.7871027649770839,-0.616821884635613,0.7871027649770839,-2.2704820518274094,2.602337906834644,13.0,13.0,,,0.0,6,0.0,0.0,0.5213055555555556,0.0,-0.0,44.275,-0.6625000000000005,143,5,2019,52
2019-05-24,0.0,0.0,0,0.0,4.8,10.8,7.470833333333334,23.5,17.908333333333335,-14.03922090728146,10.936725398746498,64.70833333333333,109.08333333333333,481.0,81.70833333333333,,,,,,,,309.6125707891279,0.9920416735614194,0.0,0.0,0.0,0.0,0.0,0.0,,0.08333333333333333,0,0,0.0,0.0,0.0,0.0,13.58,0.0,13.58,0.0,0.0,0.0,0.0,,,,,-0.7703733723503962,0.6375930262898724,-0.7703733723503962,0.6375930262898724,-9.084545862086712,7.076972726772213,14.0,14.0,,,0.0,6,0.0,0.0,0.5284166666666666,0.0,-0.0,107.45000000000002,0.7625000000000011,144,5,2019,53
2019-05-25,0.0,8.2,0,0.0,5.7,8.7,6.983333333333333,27.7,23.78333333333333,-18.721791693945057,14.61098296182634,92.875,107.75,438.0,95.08333333333333,,,,,,,,308.00048227204894,0.998554220833348,0.0,0.0,0.0,0.0,0.0,0.0,,0.0,0,0,0.0,0.0,0.0,0.0,13.58,0.0,13.58,0.0,0.0,0.0,0.0,,,,,-0.7880055714113999,0.6156681081756574,-0.7880055714113999,0.6156681081756574,-17.387864035751473,13.569950425796213,15.0,15.0,,,0.0,6,0.0,0.0,0.57475,0.0,-0.0,142.7,-0.4875000000000007,145,5,2019,54
2019-05-26,0.21000000000000002,6.3,3,0.07,-0.2,5.7,2.4,38.9,27.429166666666664,-23.47606418085056,13.92892268231711,92.45833333333333,107.20833333333333,458.0,87.625,,,,,,,,300.03541525020563,0.9958296883665955,0.4666666666666666,37.53333333333333,38.9,94.0,-28.779662112484377,23.91631134305712,309.66717930710007,0.0,1,3,0.21000000000000002,0.21000000000000002,0.21000000000000002,0.21000000000000002,13.790000000000001,1.0,13.790000000000001,0.0,0.0,0.0,0.0,,,,,-0.8657161820050935,0.5005352057693084,-0.7697653336225425,0.6383269782431069,-21.70557767387808,12.878449763359026,0.0,16.0,1.0,1.0,8.169,0,0.026568208333333346,0.21000000000000002,0.5063333333333333,7.882000000000001,0.0,0.0,-4.583333333333334,146,5,2019,55
2019-05-27,16.52,23.7,23,3.85,-2.7,0.7,-1.1125,35.4,25.59166666666667,-21.626469685837275,12.83880212644887,95.625,60.041666666666664,306.0,99.95833333333333,,,,,,,,299.9079545977572,0.9839266364974963,-1.117391304347826,25.41304347826087,35.4,95.8695652173913,-21.378099057067697,12.892458109506151,300.21258365567,0.0,0,23,16.73,16.73,16.73,16.73,30.310000000000002,1.0,30.310000000000002,0.0,0.0,0.0,0.0,,,,,-0.866827533573422,0.4986080896245245,-0.8641643047389896,0.5032097519076699,-20.680311637081896,12.277104533416733,0.0,0.0,0.9874476987447698,1.0,100.0,0,3.1329382691398866,16.73,0.37433333333333335,419.8234782608696,0.0,0.0,-3.5125,147,5,2019,56
2019-05-28,8.75,13.0,13,1.33,-2.5,1.8,-0.3125,40.5,33.62916666666667,-28.185706073553025,18.119629896566778,96.375,47.625,196.0,99.95833333333333,,,,,,,,302.5006229362819,0.99649098300032,0.7307692307692307,36.62307692307692,40.5,97.84615384615384,-29.902468911198625,21.01115397446008,304.99774809718735,0.0,1,13,25.27,25.48,25.48,25.48,39.06,2.0,39.06,0.0,0.0,0.0,0.0,,,,,-0.843385604086337,0.5373087779107322,-0.8191745869989551,0.5735442406781638,-27.163974228386728,17.46279331281623,0.0,1.0,0.3434065934065934,1.0,100.0,1,1.0994120978180477,25.48,0.393,320.4519230769231,0.0,33.62916666666667,0.8,148,5,2019,57
2019-05-29,17.29,25.4,21,3.15,-3.6,1.5,-1.2541666666666667,39.3,28.5625,-25.569483771543037,12.29285615181117,97.95833333333333,47.166666666666664,224.0,99.16666666666667,,,,,,,,294.54225134317323,0.9936458992992268,-0.9571428571428572,29.685714285714283,39.3,98.14285714285714,-26.52095365891028,12.846458140398825,294.62027169079136,0.0,0,20,26.04,42.56,42.769999999999996,42.769999999999996,56.349999999999994,2.0,56.349999999999994,0.0,0.0,0.0,0.0,,,,,-0.9096552183018227,0.4153641580785026,-0.9090887687709208,0.41660246097997455,-25.0474401445407,12.041877005378359,0.0,0.0,0.40624999999999994,0.9950900163666122,100.0,0,2.9787472232142855,42.56,0.3913055555555555,513.266,0.0,0.0,-0.9416666666666667,149,5,2019,58
2019-05-30,0.0,0.0,0,0.0,-4.6,0.0,-2.4,22.0,16.829166666666666,-15.996102472744019,2.6709546281632606,92.625,93.04166666666667,494.0,94.20833333333333,,,,,,,,277.99193034363714,0.9610697275766598,0.0,0.0,0.0,0.0,0.0,0.0,,0.0,1,0,17.29,26.04,42.769999999999996,42.769999999999996,56.349999999999994,3.0,56.349999999999994,0.0,0.0,0.0,0.0,,,,,-0.9902876603478346,0.13903362817251055,-0.9902876603478346,0.13903362817251055,-14.816389915379148,2.47397172433622,1.0,1.0,0.0,0.6088379705400983,0.0,1,0.0,13.02,0.3707777777777778,0.0,-0.0,16.829166666666666,-1.1458333333333333,150,5,2019,59
2019-05-31,0.0,0.2,0,0.0,-0.3,3.7,1.7333333333333334,16.5,10.483333333333333,-8.806519634864308,-1.392981947523084,96.0,91.29166666666667,426.0,93.41666666666667,,,,,,,,252.6459703071427,0.8272311464633162,0.0,0.0,0.0,0.0,0.0,0.0,,0.0,0,0,0.0,17.29,42.769999999999996,42.769999999999996,56.349999999999994,3.0,56.349999999999994,0.0,0.0,0.0,0.0,,,,,-0.9544799517109906,-0.2982750773728591,-0.9544799517109906,-0.2982750773728591,-8.454258849469737,-1.3372626696221608,2.0,2.0,0.0,0.4042553191489362,0.0,2,0.0,5.763333333333333,0.46308333333333335,0.0,-0.0,20.966666666666665,4.133333333333333,151,5,2019,60
2019-06-01,0.0,0.0,0,0.0,-1.1,5.5,1.875,7.6,4.75,3.17805712863181,0.8617155471157126,88.375,132.20833333333334,530.0,20.416666666666668,,,,,,,,75.30896645943237,0.7126405716364654,0.0,0.0,0.0,0.0,0.0,0.0,,0.75,1,0,0.0,0.0,42.769999999999996,42.769999999999996,56.349999999999994,4.0,56.349999999999994,0.0,0.0,0.0,0.0,,,,,0.9673074525878196,0.2536065696468906,0.9673074525878196,0.2536065696468906,2.808607987428362,0.761541114763511,3.0,3.0,,0.0,0.0,3,0.0,0.0,0.5049444444444444,0.0,-0.0,14.25,0.1416666666666666,152,6,2019,61
2019-06-02,0.0,0.2,0,0.0,-0.3,5.7,2.3375,14.3,9.6625,-7.127891040037091,6.352935858244702,87.125,127.375,512.0,32.958333333333336,,,,,,,,313.6964466930621,0.9862222307719682,0.0,0.0,0.0,0.0,0.0,0.0,,0.5,0,0,0.0,0.0,42.56,42.769999999999996,56.349999999999994,3.0,56.349999999999994,0.0,0.0,0.0,0.0,,,,,-0.7230099909083704,0.6908375735631916,-0.7230099909083704,0.6908375735631916,-6.210175068632315,5.534995366495696,4.0,4.0,,0.0,0.0,4,0.0,0.0,0.5019999999999999,0.0,-0.0,38.65,0.4624999999999999,153,6,2019,62
2019-06-03,11.97,17.4,22,1.61,-0.1,2.0,0.5666666666666667,20.4,10.370833333333334,1.1897020929478999,-6.8328128075844505,98.79166666666667,35.791666666666664,194.0,99.875,,,,,,,,196.0303042449942,0.4046555387568923,0.45,10.700000000000001,20.4,98.72727272727273,1.7680109361033176,-7.848173075982183,186.1805545877354,0.0,1,22,11.97,11.97,38.01,54.74,68.32,4.0,68.32,0.0,0.0,0.0,0.0,,,,,-0.27614573705979967,-0.9611157744536815,-0.10766194810790197,-0.9941875602368053,1.175326525991446,-6.750249652826138,0.0,0.0,1.0,0.31491712707182323,100.0,5,2.4756017343750005,11.97,0.39761111111111114,128.079,0.0,51.85416666666667,-1.7708333333333333,154,6,2019,63
2019-06-04,6.16,9.1,23,0.7,-2.0,-0.1,-0.9458333333333333,27.4,23.09166666666667,8.793561182984876,-21.300587076616733,97.54166666666667,38.958333333333336,183.0,99.91666666666667,,,,,,,,157.54025222850447,0.9978194972237818,-0.982608695652174,23.213043478260868,27.4,97.47826086956522,8.977346173411155,-21.366712066246144,157.13014123401095,0.0,0,22,18.130000000000003,18.130000000000003,35.42,60.9,74.48,3.0,74.48,0.0,0.0,0.0,0.0,,,,,0.3820342812726803,-0.9241481525883535,0.38863929404777364,-0.9213899821042381,8.577386137236498,-20.776947644316575,0.0,1.0,0.33976833976833976,0.5118577075098815,100.0,6,1.200562675803403,18.130000000000003,0.35111111111111115,142.99234782608696,0.0,138.55,-1.5125,155,6,2019,64
2019-06-05,0.0,0.0,0,0.0,-2.9,2.4,-0.5708333333333333,12.8,7.658333333333334,-1.2286634178406213,-2.747737341037688,85.16666666666667,116.20833333333333,479.0,40.541666666666664,,,,,,,,208.07528759077744,0.41124650530262064,0.0,0.0,0.0,0.0,0.0,0.0,,0.375,1,0,6.16,18.130000000000003,18.130000000000003,60.9,74.48,4.0,74.48,0.0,0.0,0.0,0.0,,,,,-0.4706313647168884,-0.8823299374637127,-0.4706313647168884,-0.8823299374637127,-1.0464116775275958,-2.340156302117098,1.0,2.0,0.0,1.0,0.0,2,0.0,9.065000000000001,0.4146944444444444,0.0,-0.0,15.316666666666668,0.375,156,6,2019,65
2019-06-06,0.0,0.0,0,0.0,-0.7,5.6,2.345833333333333,12.6,7.366666666666667,-3.9393943556272304,-2.2791632084936126,80.41666666666667,111.79166666666667,488.0,34.125,,,,,,,,248.39441087026896,0.514286024287573,0.0,0.0,0.0,0.0,0.0,0.0,,0.5416666666666666,1,0,0.0,6.16,18.130000000000003,60.9,74.48,4.0,74.48,0.0,0.0,0.0,0.0,,,,,-0.9297405713870577,-0.36821524943552725,-0.9297405713870577,-0.36821524943552725,-3.167929627650231,-1.8328270801636137,2.0,3.0,0.0,0.33976833976833976,0.0,3,0.0,2.0533333333333332,0.46702777777777776,0.0,-0.0,22.1,2.9166666666666665,157,6,2019,66
2019-06-07,0.0,0.0,0,0.0,0.4,12.2,4.8875,9.3,5.845833333333334,-2.750953002031764,4.6018496568419005,55.25,133.83333333333334,535.0,1.9583333333333333,,,,,,,,332.2345615864066,0.8992289913541001,0.0,0.0,0.0,0.0,0.0,0.0,,0.9583333333333334,0,0,0.0,0.0,18.130000000000003,60.9,71.96000000000001,4.0,74.48,0.0,0.0,0.0,0.0,,,,,-0.46585296435481965,0.8848621449705186,-0.46585296435481965,0.8848621449705186,-1.5199015336225496,2.54252193540515,3.0,4.0,,0.0,0.0,4,0.0,0.0,0.5445,0.0,-0.0,23.383333333333336,2.541666666666667,158,6,2019,67
2019-06-08,0.0,0.0,0,0.0,1.4,6.8,3.65,13.0,9.033333333333333,-5.716947012318264,6.714707591533878,85.45833333333333,59.25,257.0,71.75,,,,,,,,319.3669216959949,0.9713602573718398,0.0,0.0,0.0,0.0,0.0,0.0,,0.20833333333333334,0,0,0.0,0.0,18.130000000000003,60.9,71.96000000000001,3.0,74.48,0.0,0.0,0.0,0.0,,,,,-0.6512124553358433,0.7588954723909364,-0.6512124553358433,0.7588954723909364,-4.885607634276983,5.738277195931659,4.0,5.0,,0.0,0.0,5,0.0,0.0,0.47547222222222213,0.0,-0.0,45.166666666666664,-1.2375000000000003,159,6,2019,68
2019-06-09,0.0,0.6000000000000001,0,0.0,2.6,6.1,4.208333333333333,19.0,13.733333333333334,-11.000465772883027,8.072338747901627,92.41666666666667,105.375,485.0,68.83333333333333,,,,,,,,307.49446889046567,0.9927200202948515,0.0,0.0,0.0,0.0,0.0,0.0,,0.125,0,0,0.0,0.0,18.130000000000003,60.69,60.9,3.0,74.48,0.0,0.0,0.0,0.0,,,,,-0.7934121040319745,0.6086848389565451,-0.7934121040319745,0.6086848389565451,-10.166263785106064,7.460186392852421,5.0,6.0,,0.0,0.0,6,0.0,0.0,0.5138611111111111,0.0,-0.0,82.4,0.5583333333333331,160,6,2019,69
2019-06-10,0.0,14.7,0,0.0,3.8,5.6,4.708333333333333,34.8,23.162499999999998,-19.121883009013647,12.650933151816622,99.125,34.25,172.0,96.08333333333333,,,,,,,,304.7568697722773,0.9891663066446705,0.0,0.0,0.0,0.0,0.0,0.0,,0.0,0,0,0.0,0.0,6.16,44.17,60.9,2.0,74.48,0.0,0.0,0.0,0.0,,,,,-0.8215785893417686,0.5700952740859984,-0.8215785893417686,0.5700952740859984,-18.95456653268478,12.540237486738226,6.0,7.0,,0.0,0.0,6,0.0,0.0,0.4776944444444444,0.0,-0.0,138.975,0.5,161,6,2019,70
2019-06-11,0.0,0.0,0,0.0,2.2,7.8,4.504166666666666,23.5,11.387500000000001,-7.74462136733906,7.786287675137413,73.95833333333333,124.91666666666667,510.0,19.0,,,,,,,,318.2497172675322,0.9710072175787985,0.0,0.0,0.0,0.0,0.0,0.0,,0.625,0,0,0.0,0.0,0.0,35.42,60.9,2.0,74.48,0.0,0.0,0.0,0.0,,,,,-0.66588534749675,0.7460540891846466,-0.66588534749675,0.7460540891846466,-5.727792886261179,5.758608593070378,7.0,8.0,,,0.0,6,0.0,0.0,0.5031388888888889,0.0,-0.0,68.325,-0.2041666666666666,162,6,2019,71
2019-06-12,0.0,6.3,0,0.0,4.8,8.7,6.816666666666666,43.1,25.2,-19.477700996020904,15.88172007287173,83.375,47.791666666666664,203.0,87.54166666666667,,,,,,,,310.2860044911456,0.9964731370960956,0.0,0.0,0.0,0.0,0.0,0.0,,0.041666666666666664,0,0,0.0,0.0,0.0,18.130000000000003,60.9,1.0,74.48,0.0,0.0,0.0,0.0,,,,,-0.7628262967994541,0.6466034649700163,-0.7628262967994541,0.6466034649700163,-16.23953320543243,13.241384110756805,8.0,9.0,,,0.0,6,0.0,0.0,0.5031111111111111,0.0,-0.0,151.2,2.3125,163,6,2019,72
2019-06-13,0.0,3.2,0,0.0,0.6,6.0,3.533333333333333,26.1,18.141666666666666,-15.93487066875322,8.532294230320655,95.58333333333333,98.5,437.0,79.95833333333333,,,,,,,,298.0846432977922,0.9965911687574527,0.0,0.0,0.0,0.0,0.0,0.0,,0.0,0,0,0.0,0.0,0.0,18.130000000000003,60.9,0.0,74.48,0.0,0.0,0.0,0.0,,,,,-0.8822530772981962,0.47077543223692436,-0.8822530772981962,0.47077543223692436,-15.231080547549952,8.15545123514816,9.0,10.0,,,0.0,6,0.0,0.0,0.5176111111111111,0.0,-0.0,108.85,-3.283333333333333,164,6,2019,73
2019-06-14,0.0,0.6000000000000001,0,0.0,1.1,3.6,2.404166666666667,19.3,15.7875,-13.478888524511198,8.152777338688002,98.91666666666667,63.291666666666664,280.0,99.66666666666667,,,,,,,,301.24983940834295,0.9979040199905986,0.0,0.0,0.0,0.0,0.0,0.0,,0.0,0,0,0.0,0.0,0.0,18.130000000000003,60.9,0.0,74.48,0.0,0.0,0.0,0.0,,,,,-0.854913324714858,0.5187708619660396,-0.854913324714858,0.5187708619660396,-13.332867232162327,8.064455584185549,10.0,11.0,,,0.0,6,0.0,0.0,0.4519166666666667,0.0,-0.0,94.725,-1.1291666666666664,165,6,2019,74
2019-06-15,0.0,0.0,0,0.0,-1.7,5.8,2.558333333333333,15.1,8.633333333333333,-6.707982212230917,4.356418334074225,91.70833333333333,105.625,466.0,63.041666666666664,,,,,,,,304.91228605317156,0.8901801903119622,0.0,0.0,0.0,0.0,0.0,0.0,,0.08333333333333333,0,0,0.0,0.0,0.0,18.130000000000003,60.9,0.0,74.48,0.0,0.0,0.0,0.0,,,,,-0.8200291705893031,0.5723217271628079,-0.8200291705893031,0.5723217271628079,-6.151778687133437,3.9951986472072365,11.0,12.0,,,0.0,6,0.0,0.0,0.505,0.0,-0.0,51.8,0.15416666666666634,166,6,2019,75
2019-06-16,0.0,0.0,0,0.0,-0.8,5.2,1.8875,9.2,6.2375,-1.5557808832536943,1.3129110814208504,81.95833333333333,100.08333333333333,442.0,72.75,,,,,,,,317.3487414713254,0.24648397512480605,0.0,0.0,0.0,0.0,0.0,0.0,,0.16666666666666666,1,0,0.0,0.0,0.0,18.130000000000003,60.9,1.0,74.48,0.0,0.0,0.0,0.0,,,,,-0.6775342333286435,0.7354912390149643,-0.6775342333286435,0.7354912390149643,-1.2750920822333403,1.0760400404811719,12.0,13.0,,,0.0,6,0.0,0.0,0.4554722222222222,0.0,-0.0,37.425,-0.6708333333333332,167,6,2019,76
2019-06-17,0.0,0.0,0,0.0,-1.8,6.9,1.7666666666666666,10.1,5.604166666666667,1.9111888822661607,2.3742559142450035,73.58333333333333,128.08333333333334,517.0,2.25,,,,,,,,36.206950189915844,0.5698285283127873,0.0,0.0,0.0,0.0,0.0,0.0,,1.0,1,0,0.0,0.0,0.0,6.16,60.9,2.0,74.48,0.0,0.0,0.0,0.0,,,,,0.5907035505441623,0.8068886635555864,0.5907035505441623,0.8068886635555864,1.4063164858675166,1.7470566435652817,13.0,14.0,,,0.0,6,0.0,0.0,0.484,0.0,-0.0,33.625,-0.12083333333333335,168,6,2019,77
2019-06-18,2.45,3.6,7,1.05,-1.2,2.7,1.2874999999999999,22.5,15.75,-12.030862603769423,9.817218659229694,87.0,78.25,403.0,83.45833333333333,,,,,,,,308.9580900405568,0.9831426849917712,1.1285714285714286,13.571428571428571,18.2,98.0,-11.820547778627258,6.600077962665975,298.7150437755794,0.08333333333333333,0,7,2.45,2.45,2.45,2.45,63.35,2.0,76.92999999999999,0.0,0.0,0.0,0.0,,,,,-0.7776060804734991,0.6287517662882881,-0.877020044350176,0.4804537873802383,-10.466850465279396,8.540980233529833,0.0,15.0,1.0,1.0,55.12500000000001,0,0.4511953124999999,2.45,0.40216666666666673,33.25,0.0,0.0,-0.47916666666666674,169,6,2019,78
2019-06-19,0.0,0.0,0,0.0,-3.6,2.8,-1.1791666666666667,11.6,7.245833333333334,-6.197162387916204,0.0016584393365372911,81.83333333333333,125.83333333333333,503.0,16.083333333333332,,,,,,,,276.8785285197297,0.7441709375598651,0.0,0.0,0.0,0.0,0.0,0.0,,0.75,1,0,2.45,2.45,2.45,2.45,63.35,3.0,76.92999999999999,0.0,0.0,0.0,0.0,,,,,-0.9928022932621189,0.1197647965534019,-0.9928022932621189,0.1197647965534019,-5.071344554111427,0.0013571561903996832,1.0,16.0,0.0,1.0,0.0,1,0.0,1.225,0.41888888888888887,0.0,-0.0,7.245833333333334,-2.466666666666667,170,6,2019,79
2019-06-20,0.0,0.0,0,0.0,-4.6,2.4,-2.1083333333333334,8.2,4.583333333333333,-2.74442202919791,2.9076551254007423,73.125,127.16666666666667,521.0,31.125,,,,,,,,324.8854749610069,0.8407918477345184,0.0,0.0,0.0,0.0,0.0,0.0,,0.625,1,0,0.0,2.45,2.45,2.45,63.35,4.0,76.92999999999999,0.0,0.0,0.0,0.0,,,,,-0.5752126424980049,0.8180039216962608,-0.5752126424980049,0.8180039216962608,-2.0068586088509717,2.126222810449293,2.0,17.0,0.0,1.0,0.0,2,0.0,0.8166666666666668,0.38186111111111104,0.0,-0.0,9.166666666666666,-0.9291666666666667,171,6,2019,80
2019-06-21,0.35000000000000003,0.5,5,0.07,-7.0,0.9,-2.025,14.2,10.541666666666666,-3.7143136299281445,-8.304317096187791,89.16666666666667,65.54166666666667,265.0,63.541666666666664,,,,,,,,210.07452432944325,0.8230211220201757,0.07999999999999999,12.28,13.8,79.6,-3.2859626661773063,-11.732575304509306,195.5985297811638,0.20833333333333334,1,4,0.35000000000000003,0.35000000000000003,2.8000000000000003,2.8000000000000003,63.7,5.0,77.28,0.0,0.0,0.0,0.0,,,,,-0.5011260115753228,-0.8653743239330651,-0.26889510562172597,-0.9631694670060305,-3.3119296533525953,-7.40468274410078,0.0,18.0,1.0,0.125,4.970000000000001,3,0.0734762,0.35000000000000003,0.3609166666666667,4.298,0.0,31.625,0.08333333333333348,172,6,2019,81
2019-06-22,0.0,0.0,0,0.0,-3.0,1.3,-1.3541666666666667,13.8,7.533333333333334,3.7964494261783117,-5.961210823382973,90.875,82.29166666666667,353.0,85.91666666666667,,,,,,,,141.20896685575545,0.9194932097234394,0.0,0.0,0.0,0.0,0.0,0.0,,0.0,1,0,0.35000000000000003,0.35000000000000003,2.8000000000000003,2.8000000000000003,63.7,6.0,77.28,0.0,0.0,0.0,0.0,,,,,0.6264818363985729,-0.7794360196081983,0.6264818363985729,-0.7794360196081983,3.4500234160395404,-5.4172503357492765,1.0,19.0,0.0,0.125,0.0,4,0.0,0.17500000000000002,0.38666666666666666,0.0,-0.0,30.133333333333336,0.6708333333333332,173,6,2019,82
2019-06-23,0.0,0.0,0,0.0,-2.4,1.2,-0.5333333333333333,12.2,8.5125,7.279012608018014,-3.7190146264191424,93.875,69.20833333333333,325.0,94.125,,,,,,,,117.16403108047,0.9614920760988123,0.0,0.0,0.0,0.0,0.0,0.0,,0.0,1,0,0.0,0.35000000000000003,2.8000000000000003,2.8000000000000003,63.7,6.0,77.28,0.0,0.0,0.0,0.0,,,,,0.8897031531538802,-0.4565394827044462,0.8897031531538802,-0.4565394827044462,6.83317308577691,-3.4912249805509696,2.0,20.0,0.0,0.125,0.0,5,0.0,0.11666666666666668,0.38572222222222224,0.0,-0.0,42.5625,0.8208333333333334,174,6,2019,83
2019-06-24,0.0,0.0,0,0.0,-2.3,7.3,1.3708333333333333,9.0,5.983333333333333,3.8031849129632462,3.5375337065484067,73.33333333333333,125.66666666666667,513.0,22.25,,,,,,,,37.66409892775513,0.8018686023222372,0.0,0.0,0.0,0.0,0.0,0.0,,0.5416666666666666,1,0,0.0,0.0,2.8000000000000003,2.8000000000000003,63.7,6.0,77.28,0.0,0.0,0.0,0.0,,,,,0.6110311459009449,0.7916065555179406,0.6110311459009449,0.7916065555179406,2.7890022695063807,2.5941913848021647,3.0,21.0,,0.0,0.0,6,0.0,0.0,0.49044444444444446,0.0,-0.0,35.9,1.9041666666666668,175,6,2019,84
2019-06-25,0.0,0.0,0,0.0,-3.5,8.9,2.091666666666667,8.1,4.570833333333334,0.4012078719841041,2.2839039781532207,56.083333333333336,127.45833333333333,521.0,24.0,,,,,,,,347.17784664086736,0.47892009363249294,0.0,0.0,0.0,0.0,0.0,0.0,,0.7083333333333334,1,0,0.0,0.0,0.35000000000000003,2.8000000000000003,63.49,7.0,77.28,0.0,0.0,0.0,0.0,,,,,-0.2219255216281121,0.9750636198987687,-0.2219255216281121,0.9750636198987687,0.2250107482044184,1.2808894810809313,4.0,22.0,,0.0,0.0,4,0.0,0.0,0.46969444444444447,0.0,-0.0,18.283333333333335,0.7208333333333334,176,6,2019,85
2019-06-26,0.0,0.0,0,0.0,-0.7,9.9,4.020833333333333,7.3,2.9875000000000003,-0.8972385807675266,2.559354549467016,44.625,129.83333333333334,523.0,1.125,,,,,,,,329.8888922029862,0.8329365135753107,0.0,0.0,0.0,0.0,0.0,0.0,,0.9583333333333334,1,0,0.0,0.0,0.35000000000000003,2.8000000000000003,46.97,7.0,77.28,0.0,0.0,0.0,0.0,,,,,-0.5016784525898113,0.8650541776138027,-0.5016784525898113,0.8650541776138027,-0.40039271666750875,1.1421119676996558,5.0,23.0,,0.0,0.0,5,0.0,0.0,0.4553055555555556,0.0,-0.0,14.937500000000002,1.9291666666666663,177,6,2019,86
2019-06-27,0.0,0.0,0,0.0,1.4,9.0,4.479166666666667,15.6,7.0375000000000005,-4.1386326474597075,5.524225129211524,50.958333333333336,128.58333333333334,517.0,0.8333333333333334,,,,,,,,320.2468384040389,0.9608188441192441,0.0,0.0,0.0,0.0,0.0,0.0,,1.0,0,0,0.0,0.0,0.35000000000000003,2.8000000000000003,38.22,6.0,77.28,0.0,0.0,0.0,0.0,,,,,-0.6394814258985928,0.7688065464931361,-0.6394814258985928,0.7688065464931361,-2.108978219934676,2.8150530554273723,6.0,24.0,,0.0,0.0,6,0.0,0.0,0.4555833333333334,0.0,-0.0,42.225,0.4583333333333339,178,6,2019,87
2019-06-28,0.0,0.0,0,0.0,2.6,7.6,4.8374999999999995,20.0,16.5,-12.322618103598005,10.901888813397418,72.5,127.125,515.0,17.625,,,,,,,,311.74256589471884,0.9966687007702011,0.0,0.0,0.0,0.0,0.0,0.0,,0.5833333333333334,0,0,0.0,0.0,0.0,2.8000000000000003,20.93,5.0,77.28,0.0,0.0,0.0,0.0,,,,,-0.7461437666707308,0.6657848597395514,-0.7461437666707308,0.6657848597395514,-8.933898125108554,7.903869389713128,7.0,25.0,,,0.0,6,0.0,0.0,0.4953055555555555,0.0,-0.0,99.0,0.3583333333333325,179,6,2019,88
2019-06-29,6.229999999999999,17.7,3,4.06,-0.5,6.7,4.5375000000000005,30.6,21.429166666666664,-13.169582125726693,16.705874581173088,89.95833333333333,69.91666666666667,311.0,66.95833333333333,,,,,,,,322.8046349168486,0.9930073339731345,1.3666666666666665,27.333333333333332,30.6,98.0,-20.790491150163025,17.49127791881092,310.6745232343287,0.08333333333333333,0,3,6.229999999999999,6.229999999999999,6.229999999999999,9.03,27.16,4.0,83.50999999999999,0.0,0.0,0.0,0.0,,,,,-0.60453467794732,0.7965788241970346,-0.7584242190411041,0.6517612323327395,-11.847136587268302,15.02832634198029,0.0,26.0,1.0,1.0,100.0,0,0.8852224305555553,6.229999999999999,0.4953611111111111,170.28666666666663,0.0,0.0,-0.29999999999999893,180,6,2019,89
2019-06-30,5.81,8.3,13,0.77,-1.9,-0.3,-1.0416666666666667,34.8,24.75,-21.44965464942254,12.170110398896348,95.70833333333333,72.25,330.0,91.375,,,,,,,,300.20175360941903,0.9957826199280063,-0.7692307692307693,27.50769230769231,34.8,97.0,-24.182044870438297,12.971168038847745,298.2255972441968,0.0,0,13,12.04,12.04,12.04,14.84,32.97,3.0,89.32,0.0,0.0,0.0,0.0,,,,,-0.8642594059905612,0.5030463986123372,-0.8810922491422447,0.4729444454705654,-20.529106970718157,11.647809827610379,0.0,27.0,0.48255813953488375,1.0,100.0,1,1.0263760355029585,12.04,0.36719444444444443,159.81969230769232,0.0,24.75,-5.5791666666666675,181,6,2019,90
2019-07-01,0.0,0.0,0,0.0,-1.7,4.8,1.2083333333333333,21.4,16.916666666666668,-12.912323748780283,10.837210598377263,59.333333333333336,124.75,517.0,58.375,,,,,,,,310.37523419899253,0.9963263706396498,0.0,0.0,0.0,0.0,0.0,0.0,,0.20833333333333334,0,0,5.81,12.04,12.04,14.84,32.97,2.0,89.32,0.0,0.0,0.0,0.0,,,,,-0.7618183828240305,0.6477906695772786,-0.7618183828240305,0.6477906695772786,-7.6613120909429675,6.43007828837051,1.0,28.0,0.0,1.0,0.0,2,0.0,6.02,0.38761111111111113,0.0,-0.0,33.833333333333336,2.25,182,7,2019,91
2019-07-02,0.0,0.0,0,0.0,-1.1,4.3,1.2833333333333334,20.8,15.279166666666667,-12.43922673906328,8.682341047020216,69.0,130.54166666666666,532.0,27.916666666666668,,,,,,,,306.3085206794975,0.9894328527498644,0.0,0.0,0.0,0.0,0.0,0.0,,0.5,1,0,0.0,5.81,12.04,12.39,32.97,2.0,89.32,0.0,0.0,0.0,0.0,,,,,-0.8058402327413344,0.5921330249997816,-0.8058402327413344,0.5921330249997816,-8.583066449953662,5.990815322443949,2.0,29.0,0.0,0.48255813953488375,0.0,3,0.0,1.9366666666666665,0.4125833333333333,0.0,-0.0,45.8375,0.07500000000000018,183,7,2019,92
2019-07-03,0.0,0.0,0,0.0,-3.8,6.8,1.3833333333333335,10.0,5.2,2.7872801893919372,2.020836740214259,79.79166666666667,128.16666666666666,517.0,12.416666666666666,,,,,,,,44.136603285671285,0.563531318141857,0.0,0.0,0.0,0.0,0.0,0.0,,0.7083333333333334,1,0,0.0,0.0,12.04,12.39,21.0,2.0,89.32,0.0,0.0,0.0,0.0,,,,,0.6963714279936581,0.7176815688549298,0.6963714279936581,0.7176815688549298,2.22401731778565,1.6124593156292943,3.0,30.0,,0.0,0.0,4,0.0,0.0,0.5025277777777778,0.0,-0.0,20.8,0.10000000000000009,184,7,2019,93
2019-07-04,0.0,0.0,0,0.0,-4.2,8.0,1.5,11.3,6.695833333333333,4.836979020565404,3.8855497508924244,80.54166666666667,121.91666666666667,524.0,31.041666666666668,,,,,,,,55.55636798842499,0.8012758692239185,0.0,0.0,0.0,0.0,0.0,0.0,,0.5833333333333334,0,0,0.0,0.0,12.04,12.39,14.839999999999998,2.0,89.32,0.0,0.0,0.0,0.0,,,,,0.8246830241215856,0.5655951818444676,0.8246830241215856,0.5655951818444676,3.8957835194803856,3.129486528531274,4.0,31.0,,0.0,0.0,5,0.0,0.0,0.5275277777777778,0.0,-0.0,33.479166666666664,0.11666666666666647,185,7,2019,94
2019-07-05,0.0,0.0,0,0.0,0.8,8.6,3.795833333333334,11.5,8.541666666666666,4.019539169249462,7.3167037966302955,81.79166666666667,127.45833333333333,519.0,53.5,,,,,,,,29.905530689235448,0.972242668981435,0.0,0.0,0.0,0.0,0.0,0.0,,0.3333333333333333,0,0,0.0,0.0,12.04,12.04,14.839999999999998,2.0,89.32,0.0,0.0,0.0,0.0,,,,,0.4985714178796355,0.8668486265049337,0.4985714178796355,0.8668486265049337,3.287648078848623,5.984453980327196,5.0,32.0,,0.0,0.0,6,0.0,0.0,0.5487222222222222,0.0,-0.0,51.25,2.295833333333334,186,7,2019,95
2019-07-06,0.0,0.0,0,0.0,-0.5,9.6,4.166666666666667,9.8,5.4624999999999995,-1.2051906122008287,3.961285971758357,62.125,130.0,532.0,41.125,,,,,,,,336.1040169644957,0.7079390627358687,0.0,0.0,0.0,0.0,0.0,0.0,,0.375,1,0,0.0,0.0,5.81,12.04,14.839999999999998,3.0,89.32,0.0,0.0,0.0,0.0,,,,,-0.4050774881192677,0.9142823571627009,-0.4050774881192677,0.9142823571627009,-0.7487246678297649,2.460948909954879,6.0,33.0,,0.0,0.0,6,0.0,0.0,0.5070833333333333,0.0,-0.0,32.775,0.3708333333333331,187,7,2019,96
2019-07-07,0.07,3.0999999999999996,1,0.07,1.6,8.6,4.408333333333333,14.8,8.683333333333334,-5.215374051717188,6.737683186726116,68.79166666666667,73.45833333333333,390.0,71.29166666666667,,,,,,,,325.3966240368793,0.9824254560784441,2.2,7.1,7.1,100.0,-3.550000000000003,6.148780366869512,330.0,0.16666666666666666,0,1,0.07,0.07,0.07,12.109999999999998,14.909999999999998,3.0,89.39,0.0,0.0,0.0,0.0,,,,,-0.5678922446383846,0.8231029088027676,-0.5000000000000004,0.8660254037844384,-3.5877427330771154,4.634964558868674,0.0,34.0,1.0,1.0,1.0360000000000003,0,0.012438562499999998,0.07,0.4693888888888889,0.497,0.0,0.0,0.24166666666666625,188,7,2019,97
2019-07-08,0.0,3.6,0,0.0,0.5,5.8,3.0749999999999997,18.2,14.370833333333332,-12.500768285168277,6.688710504189916,98.79166666666667,75.75,390.0,73.125,,,,,,,,298.27690236976713,0.9871243968086716,0.0,0.0,0.0,0.0,0.0,0.0,,0.08333333333333333,0,0,0.07,0.07,0.07,12.109999999999998,14.909999999999998,3.0,89.39,0.0,0.0,0.0,0.0,,,,,-0.880668400995286,0.47373322396514067,-0.880668400995286,0.47373322396514067,-12.349717335055827,6.607888585597622,1.0,35.0,0.0,1.0,0.0,1,0.0,0.035,0.5086944444444444,0.0,-0.0,14.370833333333332,-1.3333333333333335,189,7,2019,98
2019-07-09,0.14,0.30000000000000004,2,0.07,0.3,2.4,1.1041666666666667,20.8,17.479166666666668,-15.801332347289671,7.204941614435049,98.41666666666667,62.791666666666664,258.0,99.54166666666667,,,,,,,,294.95639037429754,0.9931338625316801,1.85,19.1,19.2,95.5,-17.0929848242615,8.521272756700835,296.5,0.0,0,2,0.14,0.21000000000000002,0.21000000000000002,12.249999999999998,15.049999999999999,2.0,89.53,0.0,0.0,0.0,0.0,,,,,-0.906629192578265,0.42192831993702834,-0.8949343616020249,0.4461978131098091,-15.551144585124252,7.0908633722064955,0.0,36.0,0.6666666666666666,1.0,2.9120000000000004,0,0.021714656250000002,0.21000000000000002,0.42325000000000007,2.6740000000000004,0.0,0.0,-1.970833333333333,190,7,2019,99
2019-07-10,0.91,1.4000000000000001,10,0.21,0.0,2.2,0.8208333333333333,46.8,27.912499999999998,-22.717996514687528,15.8602687326922,97.0,70.08333333333333,359.0,98.45833333333333,,,,,,,,303.70252905400315,0.9929249976436098,0.89,35.14,43.4,95.4,-27.763617537546725,21.24371391573567,307.4891231419596,0.0,0,9,1.05,1.05,1.12,13.159999999999998,15.959999999999997,1.0,90.44,0.0,0.0,0.0,0.0,,,,,-0.831929630309816,0.5548811496280738,-0.7934688914293891,0.6086108102341071,-22.036456619246902,15.384460670711436,0.0,37.0,0.8666666666666667,0.9375,42.588,0,0.11621683937499999,1.05,0.4189444444444444,31.977400000000003,-0.0,0.0,-0.28333333333333344,191,7,2019,100
2019-07-11,22.96,33.199999999999996,24,3.36,-1.4,1.9,0.012499999999999992,34.7,31.61666666666667,-25.894530633235817,17.637495626628183,96.75,42.583333333333336,231.0,100.0,,,,,,,,304.1099129072697,0.9904802135435917,0.012499999999999992,31.61666666666667,34.7,96.75,-25.894530633235817,17.637495626628183,304.1099129072697,0.0,1,24,23.87,24.01,24.080000000000002,36.12,38.92,2.0,113.4,0.0,0.0,0.0,0.0,,,,,-0.8279633244679738,0.5607822512668716,-0.8279633244679738,0.5607822512668716,-25.052958387655654,17.06427701876277,0.0,0.0,0.956268221574344,0.997093023255814,100.0,0,3.4671647864583344,24.01,0.39311111111111113,725.9186666666668,0.0,0.0,-0.8083333333333333,192,7,2019,101
2019-07-12,18.41,31.3,22,2.94,0.9,2.2,1.7083333333333333,40.4,34.22083333333333,-27.954904800317035,19.475461446045504,98.25,33.416666666666664,178.0,100.0,,,,,,,,304.2030053189366,0.9938362324874024,1.7045454545454546,33.872727272727275,40.4,98.18181818181819,-27.66273839260075,19.261904904489885,304.13006380747385,0.0,0,16,41.370000000000005,42.28,42.49,54.53,57.33,2.0,131.81,0.0,0.0,0.0,0.0,,,,,-0.8270510903401029,0.5621267596968205,-0.8277660463969082,0.561073410912005,-27.465693966311488,19.13464087073971,0.0,0.0,0.43543046357615894,0.9950576606260296,100.0,1,2.201414262654959,42.28,0.39866666666666667,623.5969090909091,0.0,34.22083333333333,1.6958333333333333,193,7,2019,102
2019-07-13,8.89,12.7,17,2.31,-3.6,-0.1,-2.6875,28.7,23.758333333333336,-21.929995926579696,8.763388878731886,96.91666666666667,45.291666666666664,197.0,99.83333333333333,,,,,,,,291.2928806399671,0.9939883794813577,-2.4058823529411764,24.61764705882353,28.7,97.41176470588235,-22.528110839567844,9.638911832013894,292.94288872169216,0.0,0,12,27.3,50.260000000000005,51.38,57.19,66.22,1.0,140.7,0.0,0.0,0.0,0.0,,,,,-0.93173635663709,0.36313545918932455,-0.9208938690092274,0.38981339384533187,-21.25382105217682,8.49318438830432,0.0,1.0,0.17688022284122562,0.9782016348773842,100.0,2,1.9087578844074398,50.260000000000005,0.35325,218.8508823529412,0.0,47.51666666666667,-4.395833333333333,194,7,2019,103
2019-07-14,8.47,12.1,13,1.26,-4.2,-0.0,-2.375,37.3,30.004166666666666,-26.524356167154597,13.504332359088997,95.45833333333333,45.541666666666664,211.0,99.875,,,,,,,,295.7622420403203,0.9913145529493593,-1.3615384615384616,35.07692307692308,37.3,96.61538461538461,-30.23861703163303,17.47055778027987,299.7034974700224,0.0,0,13,17.36,35.77,59.78,59.85,74.69,1.0,149.17,0.0,0.0,0.0,0.0,,,,,-0.9006053934911318,0.4346376941944678,-0.868601268849815,0.4955116908333157,-25.31970832456299,12.89101059778037,0.0,2.0,0.23679060665362034,0.5983606557377049,100.0,3,1.3509524704142015,35.77,0.34855555555555556,297.1015384615385,0.0,90.0125,0.3125,195,7,2019,104
2019-07-15,4.97,7.2,7,1.33,-2.1,1.1,-0.3875,28.8,19.3125,-17.47674391398485,0.09116938321846672,94.25,89.79166666666667,420.0,85.45833333333333,,,,,,,,269.7579925786443,0.903679848957419,-1.1142857142857143,22.37142857142857,28.8,98.14285714285714,-21.34541641817567,-0.4587910504709201,267.1082679696899,0.0,1,7,13.440000000000001,22.330000000000002,64.75,64.82,79.66,2.0,154.14,0.0,0.0,0.0,0.0,,,,,-0.9999910796588843,-0.004223813757587395,-0.9987266475136575,-0.05044882105788607,-16.47183113893072,0.08592714368340487,0.0,3.0,0.22257053291536047,0.3448648648648649,100.0,4,0.9947771964285713,22.330000000000002,0.39847222222222217,111.18599999999999,0.0,77.25,1.9875,196,7,2019,105
2019-07-16,0.0,0.5,0,0.0,0.7,3.3,1.6958333333333335,21.3,17.933333333333334,-16.49259280633007,6.494239069750914,94.45833333333333,109.83333333333333,464.0,80.83333333333333,,,,,,,,291.65907628744725,0.9890966373179839,0.0,0.0,0.0,0.0,0.0,0.0,,0.0,0,0,4.97,13.440000000000001,64.61,64.82,79.66,2.0,154.14,0.0,0.0,0.0,0.0,,,,,-0.9293964274345362,0.3690830268000968,-0.9293964274345362,0.3690830268000968,-15.578628288312611,6.134349987968884,1.0,4.0,0.0,0.2080173347778982,0.0,5,0.0,6.720000000000001,0.46141666666666664,0.0,-0.0,89.66666666666667,2.0833333333333335,197,7,2019,106
2019-07-17,3.64,5.6,14,0.84,0.1,1.8,0.8125,34.3,26.941666666666666,-23.0970218908849,13.745569798168093,98.25,59.5,292.0,100.0,,,,,,,,300.91697386102726,0.9976928742775939,0.7000000000000001,26.835714285714285,33.3,98.92857142857143,-23.017727627111324,13.683387039541504,300.8577510798935,0.0,0,9,3.64,8.61,67.34,68.46,83.3,2.0,157.78,0.0,0.0,0.0,0.0,,,,,-0.8579127315987536,0.5137954310431001,-0.8584433488765606,0.5129083902312339,-22.692824007794414,13.505022326700152,0.0,5.0,0.42276422764227645,0.12785862785862784,100.0,6,0.5624116875000001,8.61,0.4071666666666667,97.682,0.0,161.65,-0.8833333333333335,198,7,2019,107
2019-07-18,0.42000000000000004,0.7000000000000001,5,0.14,-0.6,2.5,0.6124999999999999,31.4,21.95,-19.310478791600634,10.089826423036206,90.79166666666667,119.04166666666667,501.0,89.79166666666667,,,,,,,,296.799537873097,0.9911267241719773,0.8,27.419999999999998,31.0,93.6,-24.100588591540422,12.936731896896813,298.0020137859873,0.0,1,3,4.0600000000000005,4.0600000000000005,44.8,68.88,81.27,2.0,158.2,0.0,0.0,0.0,0.0,,,,,-0.8925894550372246,0.45087034140243726,-0.8829310917045757,0.4695025956279328,-17.53230553620741,9.160721573248289,0.0,6.0,0.10344827586206896,0.09062500000000001,13.188,6,0.06349035,4.0600000000000005,0.43755555555555553,11.5164,0.0,131.7,-0.20000000000000007,199,7,2019,108
2019-07-19,0.0,0.0,0,0.0,-1.3,3.3,0.5916666666666667,27.2,16.875,-13.447327365808391,9.767030618506697,87.91666666666667,112.25,478.0,63.375,,,,,,,,309.3435676824371,0.9818215022724157,0.0,0.0,0.0,0.0,0.0,0.0,,0.041666666666666664,1,0,0.42000000000000004,4.0600000000000005,26.39,68.88,81.27,3.0,158.2,0.0,0.0,0.0,0.0,,,,,-0.7733583635502089,0.6339691171712885,-0.7733583635502089,0.6339691171712885,-11.822441975773211,8.586847752103806,1.0,7.0,0.0,0.15384615384615385,0.0,6,0.0,2.0300000000000002,0.44122222222222224,0.0,-0.0,101.25,-0.02083333333333326,200,7,2019,109
2019-07-20,0.0,0.0,0,0.0,-1.1,5.9,1.6666666666666667,21.4,12.570833333333333,-7.778669436263416,9.79594623802146,62.375,144.58333333333334,569.0,7.833333333333333,,,,,,,,321.95751374822106,0.9949514687201987,0.0,0.0,0.0,0.0,0.0,0.0,,0.9583333333333334,1,0,0.0,0.42000000000000004,17.5,68.88,81.27,4.0,158.2,0.0,0.0,0.0,0.0,,,,,-0.6162456356671262,0.7875540086376422,-0.6162456356671262,0.7875540086376422,-4.851945060869306,6.110221465965886,2.0,8.0,0.0,0.024000000000000004,0.0,6,0.0,0.14,0.43541666666666673,0.0,-0.0,75.425,1.0750000000000002,201,7,2019,110
2019-07-21,0.07,0.5,1,0.07,0.8,5.2,2.858333333333333,31.2,24.358333333333334,-18.76503534154388,15.452122174408009,80.83333333333333,140.875,546.0,13.625,,,,,,,,309.83431031370554,0.9979622123688805,2.6,21.7,21.7,91.0,-16.623164415681824,13.948491130197901,310.0,0.75,0,1,0.07,0.07,9.1,68.88000000000001,80.99000000000001,4.0,158.27,0.0,0.0,0.0,0.0,,,,,-0.7679000702914475,0.6405696543283876,-0.7660444431189781,0.6427876096865393,-15.16840356774797,12.49046542431314,0.0,9.0,1.0,0.007692307692307694,2.184,6,0.009437312499999998,0.07,0.47891666666666666,1.5190000000000001,0.0,146.15,1.1916666666666662,202,7,2019,111
2019-07-22,0.0,0.0,0,0.0,0.7,5.6,2.795833333333333,23.6,17.212500000000002,-12.888405661955987,11.284682527955583,80.91666666666667,148.95833333333334,581.0,4.833333333333333,,,,,,,,311.9486578239754,0.9944755500263648,0.0,0.0,0.0,0.0,0.0,0.0,,0.9583333333333334,0,0,0.07,0.07,4.13,68.88000000000001,80.99000000000001,3.0,158.27,0.0,0.0,0.0,0.0,,,,,-0.7437441282892224,0.6684644131405237,-0.7437441282892224,0.6684644131405237,-10.428868248132721,9.131188945537394,1.0,10.0,0.0,0.016949152542372885,0.0,5,0.0,0.035,0.49347222222222226,0.0,-0.0,86.06250000000001,-0.0625,203,7,2019,112
2019-07-23,6.37,9.3,12,2.1,0.6,3.2,1.429166666666667,36.9,29.47083333333333,-22.219806824764916,19.267755963540562,90.16666666666667,59.625,303.0,72.25,,,,,,,,311.0437939567866,0.9979280250559635,1.2,28.266666666666666,33.3,95.58333333333333,-21.407328537239447,18.339029172914774,310.504115149833,0.16666666666666666,0,8,6.37,6.44,10.5,75.11,87.36,3.0,164.64,0.0,0.0,0.0,0.0,,,,,-0.7542079019188747,0.6566356986054971,-0.7603593183875902,0.6495026612271572,-20.03485915366303,17.373093293792408,0.0,11.0,0.9891304347826086,0.6133333333333334,100.0,0,0.9062386666666666,6.44,0.4114166666666667,180.05866666666665,0.0,0.0,-1.366666666666666,204,7,2019,113
2019-07-24,4.69,7.2,6,1.75,-1.8,1.8,0.15,29.4,16.645833333333332,-14.905738165937999,7.000821805631873,90.125,130.58333333333334,545.0,62.208333333333336,,,,,,,,299.0690145883918,0.9809953152820768,1.2,27.75,29.4,97.0,-25.56669360815285,10.776921429931377,292.83336342205956,0.16666666666666666,1,6,11.06,11.06,11.55,78.89,92.05,4.0,169.33,0.0,0.0,0.0,0.0,,,,,-0.874035104184979,0.48586277553683077,-0.9216373443785056,0.38805232307890625,-13.43379652205162,6.309490652325726,0.0,12.0,0.42405063291139244,0.9575757575757575,100.0,1,0.6738943749999999,11.06,0.42747222222222225,130.1475,0.0,16.645833333333332,-1.279166666666667,205,7,2019,114
2019-07-25,0.0,0.0,0,0.0,-3.2,8.3,1.1666666666666667,13.6,6.9375,-3.059155400368855,5.907897202369777,68.08333333333333,152.875,594.0,19.375,,,,,,,,334.29540754219107,0.9427339042362108,0.0,0.0,0.0,0.0,0.0,0.0,,0.6666666666666666,1,0,4.69,11.06,11.129999999999999,55.93,92.05,4.0,169.33,0.0,0.0,0.0,0.0,,,,,-0.43373130768003804,0.9010422591300389,-0.43373130768003804,0.9010422591300389,-2.0827749684177954,4.022293345280089,1.0,13.0,0.0,0.9937106918238995,0.0,2,0.0,5.53,0.5133055555555556,0.0,-0.0,13.875,1.0166666666666668,206,7,2019,115
2019-07-26,0.0,0.30000000000000004,0,0.0,0.4,4.5,1.8708333333333333,13.8,8.595833333333333,-6.25994060424872,5.441343375895279,84.83333333333333,66.79166666666667,318.0,98.45833333333333,,,,,,,,310.9509022988279,0.9532626446170598,0.0,0.0,0.0,0.0,0.0,0.0,,0.0,0,0,0.0,4.69,11.129999999999999,37.519999999999996,92.05,3.0,169.33,0.0,0.0,0.0,0.0,,,,,-0.7552714908936767,0.6554120650729912,-0.7552714908936767,0.6554120650729912,-5.310516279270997,4.616072963884495,2.0,14.0,0.0,0.4213836477987422,0.0,3,0.0,1.5633333333333335,0.42730555555555555,0.0,-0.0,25.7875,0.7041666666666666,207,7,2019,116
2019-07-27,0.0,0.0,0,0.0,-1.6,4.6,1.4083333333333332,13.0,8.058333333333334,-6.008364279208507,4.950041958778676,93.04166666666667,115.83333333333333,465.0,71.0,,,,,,,,315.3805951244181,0.9554080182100433,0.0,0.0,0.0,0.0,0.0,0.0,,0.16666666666666666,1,0,0.0,0.0,11.129999999999999,28.630000000000003,92.05,3.0,169.33,0.0,0.0,0.0,0.0,,,,,-0.7023941609686241,0.7117882006869618,-0.7023941609686241,0.7117882006869618,-5.590282264780249,4.605601539146993,3.0,15.0,,0.0,0.0,4,0.0,0.0,0.4895833333333333,0.0,-0.0,32.233333333333334,-0.46250000000000013,208,7,2019,117
2019-07-28,0.0,0.0,0,0.0,-0.3,4.2,1.7041666666666666,19.7,10.741666666666667,-7.97844943849343,6.943598991509265,90.5,122.54166666666667,479.0,60.083333333333336,,,,,,,,311.8988660050189,0.9837841280992304,0.0,0.0,0.0,0.0,0.0,0.0,,0.0,1,0,0.0,0.0,11.059999999999999,20.160000000000004,92.05,4.0,169.33,0.0,0.0,0.0,0.0,,,,,-0.7443247637913281,0.6678178239662249,-0.7443247637913281,0.6678178239662249,-7.220496741836555,6.283957087315884,4.0,16.0,,0.0,0.0,5,0.0,0.0,0.4766944444444445,0.0,-0.0,53.708333333333336,0.2958333333333334,209,7,2019,118
2019-07-29,0.49000000000000005,3.2,4,0.14,-0.2,3.9,2.275,20.0,10.266666666666667,-7.370573774335991,3.8010306507926477,96.66666666666667,67.79166666666667,288.0,98.54166666666667,,,,,,,,296.67919881521976,0.6696231944034035,2.125,6.825,8.8,96.5,-0.7256947067378421,-0.5589361762235692,227.94053886614805,0.0,1,2,0.49000000000000005,0.49000000000000005,11.549999999999999,15.68,86.31,5.0,169.82,0.0,0.0,0.0,0.0,,,,,-0.8935344543352298,0.4489946312773051,-0.7424500066468664,-0.6699014760620161,-7.124887981858125,3.6743296290995597,0.0,17.0,1.0,0.042424242424242434,9.8,6,0.08823875976562502,0.49000000000000005,0.45408333333333334,3.3442500000000006,0.0,61.60000000000001,0.5708333333333333,210,7,2019,119
2019-07-30,0.0,0.0,0,0.0,-0.9,4.0,0.625,8.2,4.866666666666666,3.3469390251051023,-1.7998068281343915,91.66666666666667,121.29166666666667,539.0,75.45833333333333,,,,,,,,116.28009249626444,0.7091585367258393,0.0,0.0,0.0,0.0,0.0,0.0,,0.16666666666666666,1,0,0.49000000000000005,0.49000000000000005,5.180000000000001,15.68,80.5,6.0,169.82,0.0,0.0,0.0,0.0,,,,,0.8966403220109591,-0.4427596785436583,0.8966403220109591,-0.4427596785436583,3.0680274396796774,-1.649822925789859,1.0,18.0,0.0,0.09459459459459459,0.0,6,0.0,0.24500000000000002,0.4753055555555556,0.0,-0.0,29.199999999999996,-1.65,211,7,2019,120
2019-07-31,0.0,0.0,0,0.0,-2.0,6.2,1.8416666666666668,4.8,2.9333333333333336,0.14769752805070585,0.6161236137977947,70.45833333333333,155.54166666666666,600.0,15.25,,,,,,,,359.4889118482151,0.22128381905754171,0.0,0.0,0.0,0.0,0.0,0.0,,0.7916666666666666,1,0,0.0,0.49000000000000005,0.49000000000000005,12.040000000000001,80.5,6.0,169.82,0.0,0.0,0.0,0.0,,,,,-0.008920052721531877,0.9999602155383208,-0.008920052721531877,0.9999602155383208,0.10406521663905982,0.4341104295550295,2.0,19.0,0.0,1.0,0.0,2,0.0,0.16333333333333336,0.47633333333333333,0.0,-0.0,5.866666666666667,1.2166666666666668,212,7,2019,121
2019-08-01,0.0,0.0,0,0.0,-2.6,6.6,2.3583333333333334,9.2,5.504166666666666,-3.9137881456750727,2.583713787122892,69.70833333333333,161.20833333333334,600.0,12.583333333333334,,,,,,,,308.1505166387152,0.8139126259303243,0.0,0.0,0.0,0.0,0.0,0.0,,0.8333333333333334,1,0,0.0,0.0,0.49000000000000005,11.620000000000001,80.5,6.0,169.82,0.0,0.0,0.0,0.0,,,,,-0.7863906869424646,0.6177294614069808,-0.7863906869424646,0.6177294614069808,-2.7282364865476647,1.801063819106916,3.0,20.0,,0.0,0.0,3,0.0,0.0,0.4865,0.0,-0.0,16.5125,0.5166666666666666,213,8,2019,122
2019-08-02,0.0,0.0,0,0.0,-1.1,7.1,3.3083333333333336,9.1,5.320833333333334,-3.8820640494677146,2.9074542507043577,67.91666666666667,163.125,600.0,14.208333333333334,,,,,,,,305.1727922106909,0.8947489965905217,0.0,0.0,0.0,0.0,0.0,0.0,,0.7916666666666666,1,0,0.0,0.0,0.49000000000000005,11.620000000000001,80.5,7.0,169.82,0.0,0.0,0.0,0.0,,,,,-0.817418534016161,0.5760442172671038,-0.817418534016161,0.5760442172671038,-2.6365685002634898,1.9746460119367097,4.0,21.0,,0.0,0.0,4,0.0,0.0,0.49291666666666667,0.0,-0.0,21.283333333333335,0.9500000000000002,214,8,2019,123
2019-08-03,0.0,0.0,0,0.0,-0.9,8.1,2.2875,13.8,10.554166666666667,-7.934070536266682,6.602820516242262,72.5,161.16666666666666,600.0,28.0,,,,,,,,310.3820464230554,0.9796106759067347,0.0,0.0,0.0,0.0,0.0,0.0,,0.4583333333333333,0,0,0.0,0.0,0.49000000000000005,11.620000000000001,80.5,6.0,169.82,0.0,0.0,0.0,0.0,,,,,-0.7617413578890462,0.6478812419582405,-0.7617413578890462,0.6478812419582405,-5.752201138793344,4.78704487427564,5.0,22.0,,0.0,0.0,5,0.0,0.0,0.529111111111111,0.0,-0.0,52.770833333333336,-1.0208333333333335,215,8,2019,124
2019-08-04,0.0,0.0,0,0.0,-2.4,5.4,0.6750000000000002,7.8,4.7875000000000005,-3.2432160596016626,3.1218999454182046,80.04166666666667,142.04166666666666,555.0,80.75,,,,,,,,316.0630610122938,0.9429932500598546,0.0,0.0,0.0,0.0,0.0,0.0,,0.0,1,0,0.0,0.0,0.49000000000000005,11.55,80.5,6.0,169.82,0.0,0.0,0.0,0.0,,,,,-0.6938662284535906,0.720103920980569,-0.6938662284535906,0.720103920980569,-2.595924187706164,2.4988207479784883,6.0,23.0,,0.0,0.0,6,0.0,0.0,0.48150000000000004,0.0,-0.0,28.725,-1.6124999999999998,216,8,2019,125
2019-08-05,0.0,0.0,0,0.0,-3.7,3.4,-0.8208333333333333,11.3,8.745833333333334,-5.737115448151459,6.373626777703785,81.95833333333333,140.79166666666666,548.0,57.833333333333336,,,,,,,,319.36607770229807,0.9812325482642186,0.0,0.0,0.0,0.0,0.0,0.0,,0.041666666666666664,1,0,0.0,0.0,0.0,11.55,80.5,6.0,169.82,0.0,0.0,0.0,0.0,,,,,-0.6512236341513267,0.7588858796437967,-0.6512236341513267,0.7588858796437967,-4.702044202714133,5.22371827989306,7.0,24.0,,,0.0,6,0.0,0.0,0.4426111111111111,0.0,-0.0,52.475,-1.4958333333333336,217,8,2019,126
2019-08-06,0.0,0.0,0,0.0,-3.3,6.8,0.6458333333333334,22.5,9.225,-6.056249403348601,6.730553005689721,70.29166666666667,165.375,600.0,15.291666666666666,,,,,,,,320.9589374836381,0.9792954758231064,0.0,0.0,0.0,0.0,0.0,0.0,,0.7083333333333334,1,0,0.0,0.0,0.0,5.180000000000001,80.43,6.0,169.82,0.0,0.0,0.0,0.0,,,,,-0.6298771913292365,0.7766947430253358,-0.6298771913292365,0.7766947430253358,-4.257038643103788,4.731017883582734,8.0,25.0,,,0.0,6,0.0,0.0,0.4956666666666667,0.0,-0.0,55.349999999999994,1.4666666666666668,218,8,2019,127
2019-08-07,0.07,0.1,1,0.07,-0.5,4.1,1.7666666666666666,29.4,22.479166666666668,-18.560003048200382,12.549524408111198,73.41666666666667,162.0,600.0,30.666666666666668,,,,,,,,304.33344390414277,0.9965816298185918,3.7,23.8,23.8,64.0,-19.495818654078004,13.651119185154897,305.0,0.5833333333333334,1,1,0.07,0.07,0.07,0.56,80.5,6.0,169.89,0.0,0.0,0.0,0.0,,,,,-0.8257692201109402,0.5640081516408868,-0.8191520442889918,0.573576436351046,-13.626135571220448,9.213442502954972,0.0,26.0,1.0,1.0,2.0580000000000003,0,0.007745062499999999,0.07,0.44383333333333336,1.6660000000000001,0.0,0.0,1.1208333333333331,219,8,2019,128
2019-08-08,13.09,18.8,19,2.59,-2.3,4.1,0.4333333333333333,34.1,27.474999999999998,-21.7186810025474,16.658444669300007,88.91666666666667,70.58333333333333,358.0,92.58333333333333,,,,,,,,307.2938664848813,0.9959033876960598,-0.4842105263157894,26.321052631578947,33.9,95.10526315789474,-20.759988913088147,15.969806305008065,307.31870302517507,0.041666666666666664,0,19,13.16,13.16,13.16,13.65,93.45,5.0,182.98,0.0,0.0,0.0,0.0,,,,,-0.7955383473753992,0.6059032413308405,-0.7952756260657647,0.6062480338819302,-19.31152719143173,14.81213371845259,0.0,0.0,0.9946808510638298,1.0,100.0,0,2.3021276031855953,13.16,0.43455555555555553,344.54257894736844,0.0,0.0,-1.3333333333333333,220,8,2019,129
2019-08-09,22.330000000000002,31.900000000000002,24,3.08,-4.2,-2.0,-2.891666666666667,37.2,30.474999999999998,-27.738305104879682,12.298805775837215,98.20833333333333,51.583333333333336,228.0,99.79166666666667,,,,,,,,293.6995829645474,0.9959579784671306,-2.891666666666667,30.474999999999998,37.2,98.20833333333333,-27.738305104879682,12.298805775837215,293.6995829645474,0.0,0,24,35.42,35.49,35.49,35.980000000000004,114.87,4.0,205.31,0.0,0.0,0.0,0.0,,,,,-0.9156655189491725,0.4019411118653362,-0.9156655189491725,0.4019411118653362,-27.241327138417255,12.078452172353463,0.0,0.0,0.6291913214990138,1.0,100.0,0,4.455252233723958,35.49,0.36175,680.50675,0.0,0.0,-3.325,221,8,2019,130
2019-08-10,2.73,3.9000000000000004,19,0.42,-5.4,-2.9,-3.904166666666667,33.6,25.34166666666667,-23.213541924305574,9.9687693075143,96.83333333333333,64.29166666666667,295.0,99.79166666666667,,,,,,,,293.25003984702425,0.9969031950483962,-3.7052631578947373,25.721052631578946,33.6,96.52631578947368,-23.64947257814444,9.92882985965555,292.7371521968738,0.0,0,10,25.060000000000002,38.15,38.22,38.71,94.64,4.0,208.04,0.0,0.0,0.0,0.0,,,,,-0.9187909356194149,0.3947444953683333,-0.922287663184152,0.3865041608292414,-22.4784464300359,9.653091612776347,0.0,1.0,0.07155963302752294,0.9981684981684982,91.72800000000001,1,0.6346458791551246,38.15,0.36563888888888885,70.21847368421052,0.0,25.34166666666667,-1.0124999999999997,222,8,2019,131
2019-08-11,3.9200000000000004,5.6,21,0.42,-4.5,-0.4,-2.3625000000000003,27.3,15.820833333333333,-13.405586476463718,-1.4494915461459554,92.79166666666667,102.125,530.0,94.66666666666667,,,,,,,,257.3534066527578,0.8445561238852948,-2.2714285714285714,15.985714285714286,27.3,93.0952380952381,-13.383200474082798,-1.6315079094501972,255.58275664728953,0.0,0,8,6.65,28.980000000000004,42.14,42.63,80.15,3.0,211.96,0.0,0.0,0.0,0.0,,,,,-0.9757390435879697,-0.21893679183278955,-0.9685082732291133,-0.24898137417638555,-12.439267117951958,-1.3450073638612678,0.0,2.0,0.13526570048309178,0.6877076411960134,100.0,2,0.9622947500000002,28.980000000000004,0.37738888888888894,62.66400000000001,0.0,31.641666666666666,1.5416666666666665,223,8,2019,132
2019-08-12,0.14,0.2,2,0.07,-2.4,2.6,-0.16666666666666666,18.4,11.799999999999999,-8.889317237145727,-1.719862347699137,90.58333333333333,149.41666666666666,600.0,69.125,,,,,,,,250.5587045590724,0.7556834553469696,-0.8500000000000001,12.5,13.5,99.0,-3.022548463144152,-12.070128868536154,194.5,0.0,1,2,4.0600000000000005,6.79,42.28,42.28,71.4,3.0,212.1,0.0,0.0,0.0,0.0,,,,,-0.9429830106986357,-0.3328408651799486,-0.25038000405444155,-0.9681476403781077,-8.052239863981171,-1.5579086432908016,0.0,3.0,0.02061855670103093,0.1605960264900662,2.576,3,0.03204140625,6.79,0.4593333333333333,1.7500000000000002,0.0,35.4,2.1958333333333337,224,8,2019,133
2019-08-13,0.0,0.0,0,0.0,-2.2,3.6,0.22916666666666666,10.5,5.883333333333333,-4.1922883417145345,2.2723089149498583,84.5,151.33333333333334,600.0,43.833333333333336,,,,,,,,298.817767183393,0.7449427239454037,0.0,0.0,0.0,0.0,0.0,0.0,,0.16666666666666666,1,0,0.14,4.0600000000000005,42.28,42.28,62.93000000000001,3.0,212.1,0.0,0.0,0.0,0.0,,,,,-0.8761572480990943,0.48202538999872413,-0.8761572480990943,0.48202538999872413,-3.5424836487487816,1.9201010331326303,1.0,4.0,0.0,0.09602649006622517,0.0,4,0.0,2.0300000000000002,0.46255555555555555,0.0,-0.0,23.53333333333333,0.3958333333333333,225,8,2019,134
2019-08-14,0.0,0.0,0,0.0,-3.2,4.9,-0.2291666666666667,12.5,5.9624999999999995,-3.1254970260400143,4.8710313043432825,78.33333333333333,176.5,600.0,14.333333333333334,,,,,,,,330.2442055284329,0.9636384427184636,0.0,0.0,0.0,0.0,0.0,0.0,,0.7916666666666666,1,0,0.0,0.14,42.21,42.28,57.96000000000001,3.0,212.1,0.0,0.0,0.0,0.0,,,,,-0.4963043043471853,0.8681486263805619,-0.4963043043471853,0.8681486263805619,-2.4483060037313447,3.8156411884022376,2.0,5.0,0.0,0.003316749585406302,0.0,5,0.0,0.04666666666666667,0.4876666666666667,0.0,-0.0,29.812499999999996,-0.45833333333333337,226,8,2019,135
2019-08-15,0.0,0.0,0,0.0,-3.2,2.8,0.3,21.7,18.395833333333332,-15.274226698525046,10.153684538775847,78.08333333333333,171.54166666666666,600.0,37.666666666666664,,,,,,,,303.6636227866819,0.9967849888796438,0.0,0.0,0.0,0.0,0.0,0.0,,0.25,0,0,0.0,0.0,29.12,42.28,57.96000000000001,3.0,212.1,0.0,0.0,0.0,0.0,,,,,-0.8323062263433468,0.5543161061976257,-0.8323062263433468,0.5543161061976257,-11.926625347098307,7.928335344027473,3.0,6.0,,0.0,0.0,6,0.0,0.0,0.4368611111111111,0.0,-0.0,110.375,0.5291666666666667,227,8,2019,136
2019-08-16,1.68,2.5,5,0.49,0.4,4.8,2.5625,30.1,23.208333333333332,-18.866029129852045,13.430728311952706,75.0,169.125,600.0,65.16666666666667,,,,,,,,305.12686592596083,0.9973989436380818,1.04,17.86,24.1,94.2,-15.058031622162773,9.507959756001396,301.80537669890606,0.25,0,3,1.68,1.68,8.47,43.96,56.00000000000001,3.0,213.78,0.0,0.0,0.0,0.0,,,,,-0.8178800081833629,0.5753888182907121,-0.8498432391339265,0.5270355480405053,-14.149521847389032,10.07304623396453,0.0,7.0,1.0,0.1983471074380165,50.568,5,0.29230656,1.68,0.46941666666666665,30.0048,0.0,116.04166666666666,2.2625,228,8,2019,137
2019-08-17,0.0,0.0,0,0.0,-3.0,5.8,1.9791666666666667,13.4,7.454166666666667,-0.02591218089664027,1.0353550374040348,88.45833333333333,159.33333333333334,600.0,40.666666666666664,,,,,,,,27.619104158168987,0.12584570313209978,0.0,0.0,0.0,0.0,0.0,0.0,,0.5416666666666666,1,0,1.68,1.68,5.74,43.96,55.580000000000005,4.0,213.78,0.0,0.0,0.0,0.0,,,,,0.46359149662856464,0.8860490529613401,0.46359149662856464,0.8860490529613401,-0.02292148335148637,0.9158578101703191,1.0,8.0,0.0,0.2926829268292683,0.0,6,0.0,0.84,0.5299722222222222,0.0,-0.0,44.725,-0.5833333333333333,229,8,2019,138
2019-08-18,8.61,14.2,6,4.2,-1.1,8.9,4.679166666666666,22.6,18.329166666666666,-10.439262624113447,14.172174316839788,68.08333333333333,163.08333333333334,600.0,50.541666666666664,,,,,,,,325.03684102911734,0.9599047824844219,1.9666666666666668,19.483333333333334,22.6,88.83333333333333,-11.54004679074594,12.832834803319166,320.21547884237725,0.4583333333333333,0,6,8.61,10.29,10.43,52.57,64.19,4.0,222.39000000000001,0.0,0.0,0.0,0.0,,,,,-0.5730496052977563,0.8195206830020129,-0.6399021191379042,0.7684564255198987,-7.107397969917238,9.648888680715087,0.0,9.0,0.8367346938775511,0.9865771812080536,100.0,0,1.3080488385416664,10.29,0.5334444444444445,167.7515,0.0,0.0,2.6999999999999993,230,8,2019,139
2019-08-19,3.29,4.7,21,0.49,-3.6,-1.2,-2.404166666666667,27.6,23.025000000000002,-21.298114186467036,8.511399740293498,96.20833333333333,116.75,544.0,97.625,,,,,,,,291.57936200792386,0.9961483041621941,-2.4523809523809526,22.50952380952381,27.6,96.33333333333333,-20.83993546047569,8.256971849285591,291.4236787180687,0.0,0,21,11.899999999999999,11.899999999999999,13.579999999999998,55.86,67.48,3.0,225.68,0.0,0.0,0.0,0.0,,,,,-0.9299090243684753,0.3677896224719647,-0.9309049431478297,0.3652615320875386,-20.490560690230158,8.188675833474036,0.0,10.0,0.27647058823529413,0.8762886597938144,90.804,1,0.7360278100198413,11.899999999999999,0.39852777777777776,74.05633333333333,0.0,23.025000000000002,-7.083333333333333,231,8,2019,140
2019-08-20,1.6099999999999999,2.3,8,0.49,-2.1,1.5,-0.5666666666666667,37.2,30.0625,-25.96965897245592,15.073325618054561,95.875,85.125,374.0,100.0,,,,,,,,299.9584997426468,0.9987633475437752,0.3625,33.7625,37.2,97.125,-28.701270691902334,17.7570473975735,301.7499190641536,0.0,1,8,4.9,13.51,15.19,57.47,69.02,3.0,227.29,0.0,0.0,0.0,0.0,,,,,-0.8663873346452767,0.49937259272636636,-0.850352968322926,0.5262127224463401,-24.898410539842118,14.451550936309811,0.0,11.0,0.11917098445595854,0.8894009216589862,59.892,2,0.22419949658203123,13.51,0.4096666666666667,54.357625,0.0,60.125,1.8375000000000001,232,8,2019,141
2019-08-21,2.17,6.5,13,0.28,0.9,2.9,1.9166666666666667,37.2,31.354166666666668,-28.397521085661253,13.152772090232828,96.79166666666667,87.75,461.0,93.45833333333333,,,,,,,,294.74962050274735,0.9980816356950962,1.5923076923076922,32.292307692307695,36.9,98.0,-28.78327353188716,14.511156588716505,296.6946440968226,0.0,0,11,3.78,7.07,17.36,59.57,71.19,2.0,229.46,0.0,0.0,0.0,0.0,,,,,-0.9081459467881198,0.41865372246321847,-0.8934133859310059,0.4492354859528524,-27.486433950829625,12.730787319004525,0.0,12.0,0.3069306930693069,0.40725806451612906,80.724,3,0.2720038021449704,7.07,0.4455833333333334,70.0743076923077,0.0,94.0625,2.4833333333333334,233,8,2019,142
2019-08-22,2.0300000000000002,3.5,9,0.35,-4.7,1.6,-0.15833333333333333,37.6,20.349999999999998,-16.256115779366677,-4.452526719777276,90.04166666666667,112.0,463.0,87.125,,,,,,,,239.50775550619426,0.8362483054380826,1.2777777777777777,29.477777777777778,37.6,97.0,-27.438966233352627,6.42551894479776,279.5671478317809,0.041666666666666664,1,9,4.2,5.8100000000000005,19.39,48.510000000000005,66.85000000000001,3.0,231.49,0.0,0.0,0.0,0.0,,,,,-0.8616978524931797,-0.5074217289480639,-0.9860914965999547,0.16620337040283367,-14.637277583004746,-4.009129267266122,0.0,13.0,0.3493975903614458,0.29963898916967513,76.32800000000002,4,0.2795475250771605,5.8100000000000005,0.4103611111111111,59.83988888888889,0.0,81.39999999999999,-2.075,234,8,2019,143
2019-08-23,0.0,0.0,0,0.0,-3.1,9.3,3.5083333333333333,16.8,8.375,-4.948723735327708,5.231193634947515,36.583333333333336,209.04166666666666,600.0,1.125,,,,,,,,321.1208446312259,0.7844982105888377,0.0,0.0,0.0,0.0,0.0,0.0,,1.0,1,0,2.0300000000000002,4.200000000000001,17.71,26.179999999999996,62.160000000000004,4.0,231.49,0.0,0.0,0.0,0.0,,,,,-0.627679885445858,0.7784715546548087,-0.627679885445858,0.7784715546548087,-1.8104080998407202,1.913745004784966,1.0,14.0,0.0,0.2371541501976285,0.0,5,0.0,2.1000000000000005,0.4679722222222222,0.0,-0.0,41.875,3.6666666666666665,235,8,2019,144
2019-08-24,0.0,0.0,0,0.0,0.3,5.7,2.8083333333333336,29.9,23.71666666666667,-18.71141892137134,14.490914846132718,56.666666666666664,210.5,600.0,2.1666666666666665,,,,,,,,308.29106346973504,0.9978002243588153,0.0,0.0,0.0,0.0,0.0,0.0,,1.0,0,0,0.0,2.0300000000000002,17.71,23.449999999999996,62.160000000000004,3.0,231.49,0.0,0.0,0.0,0.0,,,,,-0.7848730290857822,0.6196566212134822,-0.7848730290857822,0.6196566212134822,-10.603137388777093,8.21151841280854,2.0,15.0,0.0,0.11462450592885376,0.0,6,0.0,0.6766666666666667,0.45588888888888884,0.0,-0.0,142.3,-0.6999999999999997,236,8,2019,145
2019-08-25,0.07,0.1,1,0.07,-2.0,4.6,1.5666666666666667,25.7,8.970833333333333,-5.230151186944684,2.4056497803217582,78.66666666666667,175.5,600.0,60.0,,,,,,,,246.25328884926478,0.2714686094271074,0.2,13.7,13.7,88.0,-11.864548031846809,6.850000000000001,300.0,0.2916666666666667,0,1,0.07,0.07,9.17,19.599999999999994,62.230000000000004,3.0,231.56,0.0,0.0,0.0,0.0,,,,,-0.9153345957742383,-0.4026941491738015,-0.8660254037844386,0.5000000000000001,-4.114385600396485,1.8924444938531166,0.0,16.0,1.0,0.0076335877862595426,1.7990000000000002,6,0.014213062500000002,0.07,0.4814444444444444,0.9590000000000001,0.0,53.825,-1.241666666666667,237,8,2019,146
2019-08-26,0.42000000000000004,0.6000000000000001,5,0.14,-2.4,4.6,0.49583333333333335,7.3,4.1875,2.429874237344477,0.018513368049555574,85.58333333333333,137.70833333333334,600.0,70.20833333333333,,,,,,,,85.94269738828686,0.5162503674212816,-0.7,4.08,4.7,98.8,3.9650751685712997,-0.06534165856734293,91.63665648821402,0.125,1,5,0.49000000000000005,0.49000000000000005,6.3,19.88,62.65,4.0,231.98,0.0,0.0,0.0,0.0,,,,,0.9974937865786979,0.0707541216954253,0.999592046858617,-0.028561159937937067,2.079567368127315,0.01584435748907798,0.0,17.0,0.8571428571428571,0.07777777777777779,3.0660000000000003,5,0.10662014999999998,0.49000000000000005,0.4793055555555556,1.7136000000000002,0.0,20.9375,-1.0708333333333333,238,8,2019,147
2019-08-27,0.0,0.0,0,0.0,-3.6,5.4,0.43333333333333335,6.0,4.1499999999999995,-2.5337210283175793,2.3778709779852796,72.875,164.125,600.0,34.625,,,,,,,,310.3750327936,0.8174434520046951,0.0,0.0,0.0,0.0,0.0,0.0,,0.4166666666666667,1,0,0.42000000000000004,0.49000000000000005,4.6899999999999995,19.88,62.65,4.0,231.98,0.0,0.0,0.0,0.0,,,,,-0.7618206599248138,0.6477879916390247,-0.7618206599248138,0.6477879916390247,-1.846449199386436,1.7328734752067725,1.0,18.0,0.0,0.10447761194029853,0.0,6,0.0,0.24500000000000002,0.4723333333333333,0.0,-0.0,24.9,-0.0625,239,8,2019,148
2019-08-28,0.77,1.1,5,0.21,-1.1,3.6,1.1166666666666667,23.4,13.833333333333334,-11.10343743651744,7.754740727431147,78.04166666666667,206.04166666666666,600.0,41.666666666666664,,,,,,,,309.27962747767776,0.9713333852725952,0.06000000000000001,9.06,13.0,99.2,-7.054310596940786,5.635564204768041,308.7958533897076,0.5833333333333334,1,5,0.77,1.19,3.29,20.65,62.93000000000001,5.0,232.75,0.0,0.0,0.0,0.0,,,,,-0.774065370515462,0.6331056800951643,-0.7793833114630023,0.6265474074744581,-8.66530763274882,6.051928909366058,0.0,19.0,0.6470588235294118,0.36170212765957444,18.018,6,0.16967517875000004,1.19,0.47750000000000004,6.9762,0.0,83.0,0.6833333333333333,240,8,2019,149
2019-08-29,3.57,5.1,9,1.26,-3.3,1.3,-0.85,13.7,10.6625,8.158348722144938,-6.2746384151086625,93.33333333333333,116.0,564.0,96.16666666666667,,,,,,,,128.38239876418123,0.9642444300683964,-1.7555555555555555,9.655555555555557,13.1,97.66666666666667,6.251702051219484,-6.642759270806422,137.79547537011166,0.0,1,7,4.34,4.34,4.83,24.22,66.5,5.0,236.32,0.0,0.0,0.0,0.0,,,,,0.7838842366420296,-0.6209070007208347,0.6717790883370015,-0.7407515484108739,7.614458807335275,-5.856329187434751,0.0,20.0,0.8225806451612903,0.8985507246376812,48.90899999999999,0,0.9225527337962961,4.34,0.4173333333333333,34.470333333333336,0.0,0.0,-1.9666666666666668,241,8,2019,150
2019-08-30,0.0,0.0,0,0.0,-4.3,5.5,0.35416666666666674,9.9,6.7375,5.356288808933345,2.2818965220954768,78.83333333333333,211.66666666666666,600.0,26.708333333333332,,,,,,,,63.245065649557034,0.8530691758838613,0.0,0.0,0.0,0.0,0.0,0.0,,0.6666666666666666,1,0,3.57,4.34,4.83,22.54,66.5,5.0,236.32,0.0,0.0,0.0,0.0,,,,,0.892940177324114,0.4501753433056722,0.892940177324114,0.4501753433056722,4.222541011042454,1.7988950915852675,1.0,21.0,0.0,0.8985507246376812,0.0,1,0.0,2.17,0.5261111111111111,0.0,-0.0,6.7375,1.2041666666666666,242,8,2019,151
2019-08-31,0.0,0.0,0,0.0,-2.0,8.1,3.0208333333333335,9.4,5.258333333333334,-2.8853025203958116,3.979296312230536,50.083333333333336,225.16666666666666,600.0,0.875,,,,,,,,322.63808700079454,0.9296961724757343,0.0,0.0,0.0,0.0,0.0,0.0,,1.0,1,0,0.0,3.57,4.83,22.54,66.5,6.0,236.32,0.0,0.0,0.0,0.0,,,,,-0.6068476235595517,0.7948181941677761,-0.6068476235595517,0.7948181941677761,-1.4450556789649025,1.99296423637546,2.0,22.0,0.0,0.7391304347826086,0.0,2,0.0,1.19,0.49705555555555553,0.0,-0.0,10.516666666666667,2.666666666666667,243,8,2019,152
2019-09-01,0.14,0.6,1,0.14,-0.7,7.1,3.295833333333333,20.0,13.3375,-9.705331439817382,8.727525123322666,61.208333333333336,170.79166666666666,600.0,37.916666666666664,,,,,,,,313.583398302247,0.9779966965173864,1.9,18.3,18.3,99.0,-15.5192801596626,9.697522535467646,302.0,0.5833333333333334,0,1,0.14,0.14,4.8999999999999995,14.069999999999997,66.64,6.0,236.46,0.0,0.0,0.0,0.0,,,,,-0.7243716512541667,0.6894096828876949,-0.8480480961564262,0.5299192642332047,-5.940471618788223,5.341972669233749,0.0,23.0,1.0,0.028571428571428577,2.8000000000000003,3,0.021864937500000004,0.14,0.4756666666666667,2.5620000000000003,0.0,40.0125,0.27499999999999947,244,9,2019,153
2019-09-02,0.0,0.2,0,0.0,-0.3,7.9,3.35,18.1,8.183333333333334,-6.3361363663840535,3.508397074226188,79.54166666666667,216.66666666666666,600.0,38.333333333333336,,,,,,,,290.01418055730693,0.8439623903233255,0.0,0.0,0.0,0.0,0.0,0.0,,0.375,1,0,0.14,0.14,4.4799999999999995,10.779999999999998,66.64,6.0,236.46,0.0,0.0,0.0,0.0,,,,,-0.9396079429050773,0.34225270434240385,-0.9396079429050773,0.34225270434240385,-5.0398684680946495,2.7906375061240807,1.0,24.0,0.0,0.03125000000000001,0.0,4,0.0,0.07,0.5851388888888889,0.0,-0.0,32.733333333333334,0.05416666666666714,245,9,2019,154
2019-09-03,0.0,0.0,0,0.0,2.5,10.1,5.883333333333333,17.9,10.258333333333333,-8.339901699270998,5.454443888848794,66.66666666666667,221.33333333333334,600.0,19.208333333333332,,,,,,,,305.9592751541971,0.964672312699327,0.0,0.0,0.0,0.0,0.0,0.0,,0.7083333333333334,0,0,0.0,0.14,4.4799999999999995,9.169999999999996,66.64,5.0,236.46,0.0,0.0,0.0,0.0,,,,,-0.8094345775345155,0.5872100686223972,-0.8094345775345155,0.5872100686223972,-5.559934466180665,3.6362959258991965,2.0,25.0,0.0,0.03125000000000001,0.0,5,0.0,0.04666666666666667,0.5942222222222223,0.0,-0.0,51.291666666666664,2.5333333333333328,246,9,2019,155
2019-09-04,0.0,0.0,0,0.0,2.7,8.5,5.183333333333334,18.2,12.470833333333333,-9.92483183015741,6.942051632206866,74.0,195.04166666666666,600.0,50.208333333333336,,,,,,,,308.81603093665217,0.961941119592035,0.0,0.0,0.0,0.0,0.0,0.0,,0.4583333333333333,0,0,0.0,0.0,3.7100000000000004,6.999999999999996,66.64,4.0,236.46,0.0,0.0,0.0,0.0,,,,,-0.7791626153026298,0.6268218398514576,-0.7791626153026298,0.6268218398514576,-7.344375554316485,5.137118207833081,3.0,26.0,,0.0,0.0,6,0.0,0.0,0.5655833333333333,0.0,-0.0,74.825,-0.6999999999999993,247,9,2019,156
2019-09-05,0.07,1.0,1,0.07,1.5,9.0,4.4375,13.8,10.4,-7.5923262947753285,6.5675932346378,79.20833333333333,114.54166666666667,600.0,92.04166666666667,,,,,,,,311.9222970546407,0.9644755575381037,4.2,9.7,9.7,77.0,-8.31452281681049,4.995869326627525,301.0,0.0,0,1,0.07,0.07,0.21000000000000002,5.039999999999996,66.71000000000001,3.0,236.53,0.0,0.0,0.0,0.0,,,,,-0.7440515981521322,0.6681221589554249,-0.8571673007021123,0.5150380749100542,-6.013755119319958,5.202081141269357,0.0,27.0,1.0,0.3333333333333333,0.9660000000000002,4,0.008919312499999995,0.07,0.5403888888888888,0.679,0.0,41.6,-0.7458333333333336,248,9,2019,157
2019-09-06,6.58,11.3,10,2.38,-1.0,9.5,3.891666666666667,25.1,16.558333333333334,-11.169379832475267,10.917962660159679,78.45833333333333,131.41666666666666,600.0,82.04166666666667,,,,,,,,321.3149905080839,0.9249857442208212,-0.42000000000000004,22.119999999999997,25.1,96.9,-18.68745230556589,11.628696283761375,302.0971150687322,0.125,0,10,6.65,6.65,6.79,11.619999999999996,73.22,2.0,243.11,0.0,0.0,0.0,0.0,,,,,-0.6250384480257053,0.7805939651890845,-0.8471486770500645,0.5313559249432772,-8.763309260229553,8.566051537116948,0.0,28.0,0.9894736842105263,0.9793814432989691,100.0,0,1.2401441150000003,6.65,0.5602499999999999,145.5496,0.0,0.0,-0.545833333333333,249,9,2019,158
2019-09-07,6.37,9.1,23,0.91,-1.2,-0.1,-0.7416666666666667,35.4,30.266666666666666,-28.057608559367026,11.094872709006777,94.83333333333333,86.79166666666667,408.0,100.0,,,,,,,,291.7057319446053,0.9967104546545976,-0.7478260869565218,30.530434782608697,35.4,94.8695652173913,-28.276827727411565,11.25211885879517,291.86727782302233,0.0,0,23,12.95,13.02,13.16,17.989999999999995,66.5,1.0,249.48,0.0,0.0,0.0,0.0,,,,,-0.9290955769361647,0.36983970705922753,-0.9280491195234383,0.3724578254672212,-26.607965450466395,10.521637619041426,0.0,29.0,0.489247311827957,0.9893617021276595,100.0,1,1.0583959706994328,13.02,0.3739722222222222,194.4788695652174,0.0,30.266666666666666,-4.633333333333334,250,9,2019,159
2019-09-08,2.38,3.4000000000000004,7,0.63,-2.2,0.6,-0.8125,27.2,18.75,-17.826148789679014,5.046262508772223,91.95833333333333,123.33333333333333,521.0,99.75,,,,,,,,285.55164234096486,0.9883680669431391,-0.9857142857142858,19.02857142857143,26.0,96.28571428571429,-17.60028712470152,6.013987003143368,288.09073631714466,0.0,1,5,8.75,15.33,15.399999999999999,20.299999999999997,46.550000000000004,2.0,251.86,0.0,0.0,0.0,0.0,,,,,-0.9633891921505029,0.2681068153695491,-0.9505659499178626,0.31052274450795325,-16.39262932450899,4.64045889869179,0.0,30.0,0.1552511415525114,0.9954545454545456,64.73599999999999,2,0.4981746785714286,15.33,0.4020833333333333,45.288,0.0,37.5,-0.0708333333333333,251,9,2019,160
2019-09-09,2.0300000000000002,2.8000000000000003,15,0.35,-3.2,0.8,-1.7166666666666668,23.8,16.583333333333332,-10.789840837117543,-10.381542669223915,91.25,132.91666666666666,559.0,88.41666666666667,,,,,,,,224.21041547850558,0.8998047061850236,-1.2133333333333334,17.526666666666664,23.8,87.93333333333334,-10.548074467779385,-12.626159381120653,219.50268310233685,0.0,1,10,4.41,10.780000000000001,17.43,21.909999999999997,45.85,2.0,253.89000000000001,0.0,0.0,0.0,0.0,,,,,-0.6972954144944529,-0.7167838620707145,-0.636114353964731,-0.7715947956538023,-9.845729763869759,-9.473157685666822,0.0,31.0,0.18831168831168832,0.6184738955823293,48.31400000000001,3,0.44440145361111116,10.780000000000001,0.41055555555555556,35.57913333333333,0.0,49.75,-0.9041666666666668,252,9,2019,161
2019-09-10,0.0,0.0,0,0.0,-4.5,5.4,0.12916666666666662,12.7,5.754166666666666,-1.5013690695309265,-3.6556817615892268,79.54166666666667,232.29166666666666,600.0,30.375,,,,,,,,212.51586220411525,0.5644392635489575,0.0,0.0,0.0,0.0,0.0,0.0,,0.5,1,0,2.0300000000000002,4.41,17.43,21.909999999999997,41.93,3.0,253.89000000000001,0.0,0.0,0.0,0.0,,,,,-0.5375330787254919,-0.8432426633395005,-0.5375330787254919,-0.8432426633395005,-1.1942139807227246,-2.907790201197431,1.0,32.0,0.0,0.2530120481927711,0.0,4,0.0,2.205,0.54,0.0,-0.0,23.016666666666666,1.8458333333333334,253,9,2019,162
2019-09-11,0.0,0.0,0,0.0,-0.2,10.6,4.3875,9.0,6.229166666666667,-4.021067672286476,2.308493732708419,67.45833333333333,243.625,600.0,3.25,,,,,,,,296.3235975341339,0.7341569990790934,0.0,0.0,0.0,0.0,0.0,0.0,,0.9583333333333334,0,0,0.0,2.0300000000000002,17.43,21.139999999999997,41.79,3.0,253.89000000000001,0.0,0.0,0.0,0.0,,,,,-0.8963038734183684,0.4434403753552777,-0.8963038734183684,0.4434403753552777,-2.712545233929918,1.5572713971895544,2.0,33.0,0.0,0.11646586345381528,0.0,5,0.0,0.6766666666666667,0.6228333333333333,0.0,-0.0,31.145833333333336,4.258333333333334,254,9,2019,163
2019-09-12,0.0,0.0,0,0.0,1.9,6.7,4.508333333333334,34.0,21.775000000000002,-18.08620938383258,11.638850015545765,69.41666666666667,217.83333333333334,600.0,49.875,,,,,,,,302.02320086892865,0.9753866647524556,0.0,0.0,0.0,0.0,0.0,0.0,,0.3333333333333333,0,0,0.0,0.0,17.36,17.569999999999997,41.79,3.0,253.89000000000001,0.0,0.0,0.0,0.0,,,,,-0.8478334456050847,0.5302626222103628,-0.8478334456050847,0.5302626222103628,-12.55484368061045,8.079301719124686,3.0,34.0,,0.0,0.0,6,0.0,0.0,0.5255000000000001,0.0,-0.0,130.65,0.12083333333333357,255,9,2019,164
2019-09-13,0.0,0.0,0,0.0,1.4,11.9,5.4624999999999995,15.5,10.775,-9.449805070322816,4.473246835592607,49.666666666666664,232.45833333333334,600.0,24.791666666666668,,,,,,,,293.3267324661006,0.9641770436150611,0.0,0.0,0.0,0.0,0.0,0.0,,0.6666666666666666,0,0,0.0,0.0,10.780000000000001,17.569999999999997,41.79,3.0,253.89000000000001,0.0,0.0,0.0,0.0,,,,,-0.918261731895413,0.3959739786102574,-0.918261731895413,0.3959739786102574,-4.693403184926998,2.221712595010995,4.0,35.0,,0.0,0.0,6,0.0,0.0,0.5849722222222222,0.0,-0.0,64.65,0.9541666666666657,256,9,2019,165
2019-09-14,0.0,0.0,0,0.0,1.6,10.3,5.216666666666667,16.5,11.262500000000001,-9.30136388989962,2.062388512603012,60.375,255.375,600.0,1.25,,,,,,,,281.70169520637955,0.841799067658615,0.0,0.0,0.0,0.0,0.0,0.0,,1.0,0,0,0.0,0.0,4.41,17.569999999999997,41.79,3.0,253.89000000000001,0.0,0.0,0.0,0.0,,,,,-0.9792168103390821,0.20281626746726736,-0.9792168103390821,0.20281626746726736,-5.615698448526895,1.2451670644840684,5.0,36.0,,0.0,0.0,6,0.0,0.0,0.600388888888889,0.0,-0.0,67.575,-0.24583333333333268,257,9,2019,166
2019-09-15,0.0,0.0,0,0.0,4.6,10.6,7.329166666666667,32.4,20.8625,-17.867972112783868,10.576421639511311,62.166666666666664,232.5,600.0,42.708333333333336,,,,,,,,301.9048460577074,0.993516973401289,0.0,0.0,0.0,0.0,0.0,0.0,,0.16666666666666666,0,0,0.0,0.0,2.0300000000000002,17.429999999999996,40.11,2.0,253.89000000000001,0.0,0.0,0.0,0.0,,,,,-0.8489269894564149,0.5285101385711235,-0.8489269894564149,0.5285101385711235,-11.107922663447305,6.575008785896198,6.0,37.0,,0.0,0.0,6,0.0,0.0,0.5977777777777777,0.0,-0.0,125.17500000000001,2.1125,258,9,2019,167
2019-09-16,8.68,22.8,10,1.89,-2.2,9.8,4.55,33.8,17.875,-10.673683180930908,4.174952299716924,82.83333333333333,78.66666666666667,402.0,85.25,,,,,,,,275.0950370512903,0.4072836436063756,0.25999999999999995,9.07,13.0,96.9,4.326632857585954,-5.414847437555004,152.55723686631362,0.0,0,10,8.68,8.68,8.68,26.109999999999996,48.79,1.0,262.57,0.0,0.0,0.0,0.0,,,,,-0.9960487616799413,0.0888080196595761,0.46086228420001846,-0.8874716643374826,-8.841367568204435,3.458252154932185,0.0,38.0,1.0,1.0,100.0,0,1.8739528674999995,8.68,0.5463333333333333,78.7276,0.0,0.0,-2.779166666666667,259,9,2019,168
2019-09-17,0.21000000000000002,0.30000000000000004,2,0.14,-3.5,1.5,-0.9333333333333332,15.7,12.6625,11.773283620124118,-0.9149223161647586,94.70833333333333,117.29166666666667,461.0,98.20833333333333,,,,,,,,91.32045139847003,0.92705020426068,-2.65,13.600000000000001,13.9,97.5,10.56933550331012,-8.54540695369361,129.0,0.0,1,2,8.89,8.89,8.89,26.319999999999997,40.39,1.0,262.78000000000003,0.0,0.0,0.0,0.0,,,,,0.9997344475216343,-0.023044184485735815,0.777145961456971,-0.6293203910498373,11.150280695225883,-0.8665076769343735,0.0,39.0,0.023622047244094488,1.0,3.297,1,0.05512237499999999,8.89,0.4272222222222222,2.8560000000000008,0.0,12.6625,-5.483333333333333,260,9,2019,169
2019-09-18,0.0,0.0,0,0.0,-3.1,10.3,3.4250000000000003,8.9,4.8374999999999995,0.23669870778322852,3.5078503137329062,67.5,263.5416666666667,600.0,17.375,,,,,,,,347.1919626438025,0.5721847893788125,0.0,0.0,0.0,0.0,0.0,0.0,,0.8333333333333334,0,0,0.21000000000000002,8.89,8.89,26.319999999999997,37.1,1.0,262.78000000000003,0.0,0.0,0.0,0.0,,,,,-0.22168528776095578,0.9751182662581714,-0.22168528776095578,0.9751182662581714,0.15977162775367926,2.3677989617697115,1.0,40.0,0.0,1.0,0.0,2,0.0,4.445,0.6295833333333334,0.0,-0.0,9.674999999999999,4.358333333333333,261,9,2019,170
2019-09-19,0.0,0.0,0,0.0,4.2,12.2,7.283333333333334,12.5,8.716666666666667,-0.9166938716708862,7.985921989264315,79.375,217.66666666666666,600.0,32.416666666666664,,,,,,,,347.7719757827064,0.9191384676371623,0.0,0.0,0.0,0.0,0.0,0.0,,0.4166666666666667,0,0,0.0,0.21000000000000002,8.89,26.249999999999996,35.49,1.0,262.78000000000003,0.0,0.0,0.0,0.0,,,,,-0.2118028397986747,0.9773124152763112,-0.2118028397986747,0.9773124152763112,-0.7276257606387659,6.33882557897855,2.0,41.0,0.0,0.023622047244094488,0.0,3,0.0,0.07,0.6808055555555556,0.0,-0.0,26.15,3.858333333333334,262,9,2019,171
2019-09-20,0.0,0.0,0,0.0,5.7,12.8,9.029166666666667,16.6,12.041666666666666,-6.34288027937608,9.703867312694928,68.95833333333333,259.2916666666667,600.0,40.416666666666664,,,,,,,,326.8180085763481,0.9639238965284136,0.0,0.0,0.0,0.0,0.0,0.0,,0.4166666666666667,0,0,0.0,0.0,8.89,19.669999999999995,33.32,1.0,262.78000000000003,0.0,0.0,0.0,0.0,,,,,-0.5473001939364732,0.8369363761464181,-0.5473001939364732,0.8369363761464181,-4.373944525986421,6.6916251677125445,3.0,42.0,,0.0,0.0,4,0.0,0.0,0.6871666666666667,0.0,-0.0,48.166666666666664,1.7458333333333327,263,9,2019,172
2019-09-21,0.0,31.2,0,0.0,2.6,11.8,8.133333333333333,32.2,20.058333333333334,-11.909856269381892,15.067414009851433,82.375,135.79166666666666,558.0,70.41666666666667,,,,,,,,324.34047752677634,0.9533176693355512,0.0,0.0,0.0,0.0,0.0,0.0,,0.20833333333333334,0,0,0.0,0.0,8.89,13.299999999999997,31.29,1.0,262.78000000000003,0.0,0.0,0.0,0.0,,,,,-0.5829673562882274,0.8124955762970744,-0.5829673562882274,0.8124955762970744,-9.810744101903333,12.411782290615117,4.0,43.0,,0.0,0.0,5,0.0,0.0,0.6273333333333334,0.0,-0.0,100.29166666666667,-0.8958333333333339,264,9,2019,173
2019-09-22,0.0,0.0,0,0.0,-0.2,5.5,2.2,22.1,18.1125,-15.828829394227037,8.752140130540418,82.95833333333333,263.4166666666667,600.0,47.916666666666664,,,,,,,,298.6688715108408,0.9984193968368006,0.0,0.0,0.0,0.0,0.0,0.0,,0.25,1,0,0.0,0.0,8.89,10.919999999999996,31.29,2.0,262.78000000000003,0.0,0.0,0.0,0.0,,,,,-0.8774069370854758,0.47974687779524317,-0.8774069370854758,0.47974687779524317,-13.131333051627513,7.260629583294154,5.0,44.0,,0.0,0.0,6,0.0,0.0,0.5743611111111111,0.0,-0.0,108.67500000000001,-5.933333333333333,265,9,2019,174
2019-09-23,0.7000000000000001,0.9,7,0.21,-1.0,2.2,0.32916666666666666,20.8,16.900000000000002,-15.055973160861065,7.531172780207874,89.5,219.16666666666666,600.0,67.29166666666667,,,,,,,,297.1679762726233,0.995771286365546,0.9571428571428572,18.32857142857143,20.7,90.14285714285714,-16.139862739937684,8.468014646186404,298.1478670261704,0.0,1,5,0.7000000000000001,0.7000000000000001,0.9100000000000001,9.589999999999996,31.990000000000002,3.0,263.48,0.0,0.0,0.0,0.0,,,,,-0.8896717152915493,0.45660074354975855,-0.8817330573690515,0.47174867836871043,-13.475095978970653,6.740399638286047,0.0,45.0,1.0,0.7692307692307692,14.560000000000002,0,0.12199379464285717,0.7000000000000001,0.49333333333333335,12.830000000000002,0.0,0.0,-1.8708333333333336,266,9,2019,175
2019-09-24,0.0,0.0,0,0.0,-1.1,5.4,1.325,16.4,12.941666666666668,-11.548887483257161,5.550417603131476,85.41666666666667,259.8333333333333,600.0,47.291666666666664,,,,,,,,297.72648706109305,0.9853148219346811,0.0,0.0,0.0,0.0,0.0,0.0,,0.16666666666666666,1,0,0.7000000000000001,0.7000000000000001,0.7000000000000002,9.589999999999996,31.92,3.0,263.48,0.0,0.0,0.0,0.0,,,,,-0.8851786409862699,0.46525130149382754,-0.8851786409862699,0.46525130149382754,-9.864674725282159,4.7409817026748025,1.0,46.0,0.0,0.9999999999999999,0.0,1,0.0,0.35000000000000003,0.5779444444444445,0.0,-0.0,12.941666666666668,0.9958333333333333,267,9,2019,176
2019-09-25,0.0,0.0,0,0.0,-2.6,8.3,3.220833333333333,5.4,3.8666666666666667,-2.0280515567010946,0.9290967061833201,71.58333333333333,257.0,600.0,29.208333333333332,,,,,,,,299.0203166510569,0.5589588650943399,0.0,0.0,0.0,0.0,0.0,0.0,,0.375,0,0,0.0,0.7000000000000001,0.7000000000000002,9.589999999999996,31.5,3.0,263.48,0.0,0.0,0.0,0.0,,,,,-0.874447742324563,0.4851197233090761,-0.874447742324563,0.4851197233090761,-1.4517469060052002,0.6650783921762266,2.0,47.0,0.0,0.9999999999999999,0.0,2,0.0,0.23333333333333336,0.594388888888889,0.0,-0.0,7.733333333333333,1.8958333333333333,268,9,2019,177
2019-09-26,0.0,0.0,0,0.0,-1.9,9.2,3.420833333333333,8.4,4.483333333333333,-2.7188732410965026,2.81934330936933,77.79166666666667,265.5416666666667,600.0,44.833333333333336,,,,,,,,312.01988213075447,0.8541727002135313,0.0,0.0,0.0,0.0,0.0,0.0,,0.3333333333333333,1,0,0.0,0.0,0.7000000000000002,9.589999999999996,31.5,4.0,263.48,0.0,0.0,0.0,0.0,,,,,-0.7429125866348067,0.6693884437451701,-0.7429125866348067,0.6693884437451701,-2.1150568088029877,2.193214149413558,3.0,48.0,,0.0,0.0,3,0.0,0.0,0.6407777777777778,0.0,-0.0,13.45,0.19999999999999973,269,9,2019,178
2019-09-27,0.14,0.9,1,0.14,1.1,8.2,4.908333333333333,25.5,15.670833333333334,-12.956279126198126,7.41762971272092,73.08333333333333,250.29166666666666,600.0,55.083333333333336,,,,,,,,298.18426501875774,0.8933586813601844,1.1,6.6,6.6,99.0,-3.1997434936258236,-5.772490067120012,208.99999999999997,0.20833333333333334,0,1,0.14,0.14,0.8400000000000002,9.729999999999997,30.869999999999997,4.0,263.62,0.0,0.0,0.0,0.0,,,,,-0.8814331941371443,0.4723087171259824,-0.48480962024633656,-0.8746197071393961,-9.468880661396463,5.421051048380206,0.0,49.0,1.0,0.16666666666666666,3.5700000000000003,4,0.02858012499999999,0.14,0.5926944444444445,0.924,0.0,62.68333333333334,1.4875000000000003,270,9,2019,179
2019-09-28,0.0,0.0,0,0.0,-2.3,8.8,2.4,11.1,7.029166666666666,-3.9392334284551898,-3.4901022903055954,72.95833333333333,282.2916666666667,600.0,23.125,,,,,,,,235.17280056477045,0.696982076273868,0.0,0.0,0.0,0.0,0.0,0.0,,0.5416666666666666,1,0,0.14,0.14,0.8400000000000001,9.729999999999997,27.299999999999997,5.0,263.62,0.0,0.0,0.0,0.0,,,,,-0.8208781876439676,-0.5711033190678856,-0.8208781876439676,-0.5711033190678856,-2.873999055510432,-2.546320462635457,1.0,50.0,0.0,0.16666666666666666,0.0,5,0.0,0.07,0.6269444444444444,0.0,-0.0,35.14583333333333,-2.5083333333333333,271,9,2019,180
2019-09-29,0.0,0.4,0,0.0,-0.1,9.0,4.108333333333333,13.4,8.4375,-6.2703712178245,3.515001797043288,76.91666666666667,252.95833333333334,600.0,60.0,,,,,,,,301.49699039078564,0.5800713173920572,0.0,0.0,0.0,0.0,0.0,0.0,,0.25,1,0,0.0,0.14,0.8400000000000001,9.729999999999997,27.299999999999997,5.0,263.62,0.0,0.0,0.0,0.0,,,,,-0.8526676087681769,0.5224537768621824,-0.8526676087681769,0.5224537768621824,-4.822960528376678,2.7036222155591294,2.0,51.0,0.0,0.16666666666666666,0.0,6,0.0,0.04666666666666667,0.6250277777777778,0.0,-0.0,50.625,1.7083333333333335,272,9,2019,181
2019-09-30,0.0,0.0,0,0.0,-1.5,8.6,2.9333333333333336,9.1,4.266666666666667,1.7230766497735281,-0.30736070149454525,77.0,283.5,600.0,17.041666666666668,,,,,,,,120.69772528001434,0.34805433273022834,0.0,0.0,0.0,0.0,0.0,0.0,,0.7083333333333334,1,0,0.0,0.0,0.14000000000000012,1.0499999999999967,27.299999999999997,5.0,263.62,0.0,0.0,0.0,0.0,,,,,0.859872540163984,-0.5105087802104268,0.859872540163984,-0.5105087802104268,1.3267690203256166,-0.23666774015079983,3.0,52.0,,0.0,0.0,3,0.0,0.0,0.6367777777777778,0.0,-0.0,12.8,-1.1749999999999998,273,9,2019,182
2019-10-01,0.0,0.0,0,0.0,0.2,11.1,5.741666666666666,12.0,7.558333333333334,-5.457546347566873,4.655616804477313,66.45833333333333,291.9583333333333,600.0,5.708333333333333,,,,,,,,313.58957899798366,0.9368872851080796,0.0,0.0,0.0,0.0,0.0,0.0,,0.9166666666666666,0,0,0.0,0.0,0.14000000000000012,0.8399999999999966,27.16,4.0,263.62,0.0,0.0,0.0,0.0,,,,,-0.7242972780106732,0.6894878193748817,-0.7242972780106732,0.6894878193748817,-3.6269943434871506,3.0940453346422148,4.0,53.0,,0.0,0.0,4,0.0,0.0,0.6628333333333333,0.0,-0.0,30.233333333333334,2.8083333333333327,274,10,2019,183
2019-10-02,0.0,0.0,0,0.0,3.9,12.3,8.191666666666666,17.4,11.975,-9.343591748320106,7.026264766788817,57.958333333333336,290.4583333333333,600.0,42.708333333333336,,,,,,,,310.7992810538732,0.9694928323895506,0.0,0.0,0.0,0.0,0.0,0.0,,0.5,0,0,0.0,0.0,0.14000000000000012,0.8399999999999965,27.16,4.0,263.62,0.0,0.0,0.0,0.0,,,,,-0.757003254698909,0.6534111051820737,-0.757003254698909,0.6534111051820737,-5.415390050797196,4.0723059544180185,5.0,54.0,,0.0,0.0,5,0.0,0.0,0.6601666666666667,0.0,-0.0,59.875,2.45,275,10,2019,184
2019-10-03,0.0,0.0,0,0.0,8.8,15.9,12.012500000000001,22.1,13.558333333333332,-10.445482943088747,8.418973714276573,48.916666666666664,292.2916666666667,600.0,0.3333333333333333,,,,,,,,310.2783612800664,0.9880706039066387,0.0,0.0,0.0,0.0,0.0,0.0,,1.0,0,0,0.0,0.0,0.14000000000000012,0.8399999999999965,27.16,3.0,263.62,0.0,0.0,0.0,0.0,,,,,-0.7629125463959596,0.6465016988002683,-0.7629125463959596,0.6465016988002683,-5.109582072994245,4.1182813085669565,6.0,55.0,,0.0,0.0,6,0.0,0.0,0.69125,0.0,-0.0,81.35,3.8208333333333346,276,10,2019,185
2019-10-04,0.0,2.7,0,0.0,3.1,15.1,10.333333333333334,19.2,14.308333333333332,-12.349254809188503,6.464849055362156,66.20833333333333,263.9583333333333,600.0,57.958333333333336,,,,,,,,296.7409325796732,0.9678890789598427,0.0,0.0,0.0,0.0,0.0,0.0,,0.2916666666666667,0,0,0.0,0.0,0.0,0.8399999999999965,27.16,3.0,263.62,0.0,0.0,0.0,0.0,,,,,-0.8930501631601124,0.4499571158229377,-0.8930501631601124,0.4499571158229377,-8.17623578825022,4.280268812071027,7.0,56.0,,,0.0,6,0.0,0.0,0.73,0.0,-0.0,85.85,-1.6791666666666671,277,10,2019,186
2019-10-05,0.0,1.9,0,0.0,2.4,16.8,9.883333333333333,18.9,8.354166666666666,-5.5557734578568665,3.199036802226493,78.5,261.7083333333333,600.0,75.0,,,,,,,,300.33067911823855,0.4632270335423661,0.0,0.0,0.0,0.0,0.0,0.0,,0.20833333333333334,0,0,0.0,0.0,0.0,0.8399999999999965,27.09,2.0,263.62,0.0,0.0,0.0,0.0,,,,,-0.8631252767123224,0.5049898580172445,-0.8631252767123224,0.5049898580172445,-4.3612821644176405,2.511243889747797,8.0,57.0,,,0.0,6,0.0,0.0,0.7694722222222222,0.0,-0.0,50.125,-0.45000000000000107,278,10,2019,187
2019-10-06,0.0,0.0,0,0.0,9.4,17.8,13.987499999999999,37.2,25.179166666666664,-19.623950890874458,15.057778060310477,57.833333333333336,279.7083333333333,600.0,57.541666666666664,,,,,,,,309.6789859622536,0.9783644636549994,0.0,0.0,0.0,0.0,0.0,0.0,,0.25,0,0,0.0,0.0,0.0,0.8399999999999965,20.509999999999998,1.0,263.62,0.0,0.0,0.0,0.0,,,,,-0.7696337804276325,0.6384855863875635,-0.7696337804276325,0.6384855863875635,-11.349184931889063,8.708414978212893,9.0,58.0,,,0.0,6,0.0,0.0,0.7125833333333333,0.0,-0.0,151.075,4.104166666666666,279,10,2019,188
2019-10-07,0.0,1.8,0,0.0,5.1,11.9,8.229166666666666,22.1,16.329166666666666,-13.328621974669941,9.282790796255382,87.95833333333333,234.41666666666666,600.0,89.45833333333333,,,,,,,,305.53216937426316,0.9941441917540036,0.0,0.0,0.0,0.0,0.0,0.0,,0.0,0,0,0.0,0.0,0.0,0.13999999999999657,14.14,0.0,263.62,0.0,0.0,0.0,0.0,,,,,-0.8137893477008632,0.5811599586762698,-0.8137893477008632,0.5811599586762698,-11.723633745220102,8.164988071206297,10.0,59.0,,,0.0,6,0.0,0.0,0.7139166666666666,0.0,-0.0,97.975,-5.758333333333333,280,10,2019,189
2019-10-08,2.73,7.2,10,0.56,-0.4,5.6,2.6625,16.6,10.116666666666667,-5.6538392854982,-4.40115297877313,96.79166666666667,128.375,523.0,88.16666666666667,,,,,,,,232.80498663751354,0.7248930323255224,3.34,9.01,11.5,94.7,-3.5219410175392882,-7.316875567893435,209.51049210444762,0.0,0,6,2.73,2.73,2.73,2.8699999999999966,14.490000000000002,0.0,266.35,0.0,0.0,0.0,0.0,,,,,-0.7965825352291692,-0.6045297879905251,-0.4925829329201072,-0.8702655078743643,-5.472445275088466,-4.259949320704159,0.0,60.0,1.0,1.0,45.318000000000005,0,0.40335186937499967,2.73,0.5326666666666667,24.5973,0.0,0.0,-5.566666666666666,281,10,2019,190
2019-10-09,0.0,0.0,0,0.0,-2.3,9.1,2.025,12.4,7.7375,1.4787173215333904,-6.920190924544662,81.79166666666667,280.2916666666667,600.0,51.75,,,,,,,,164.3849099257785,0.8975963157033131,0.0,0.0,0.0,0.0,0.0,0.0,,0.2916666666666667,1,0,2.73,2.73,2.73,2.8699999999999966,12.46,1.0,266.35,0.0,0.0,0.0,0.0,,,,,0.269173480835835,-0.9630917075827827,0.269173480835835,-0.9630917075827827,1.2094675425708523,-5.6601394937004885,1.0,61.0,0.0,1.0,0.0,1,0.0,1.365,0.6617222222222222,0.0,-0.0,7.7375,-0.6375000000000002,282,10,2019,191
2019-10-10,0.0,1.0,0,0.0,-0.2,8.4,3.8166666666666664,10.7,4.991666666666666,-0.4026947300570585,-1.7778023798572464,81.75,190.33333333333334,600.0,72.875,,,,,,,,154.0955569631333,0.2603373514605292,0.0,0.0,0.0,0.0,0.0,0.0,,0.20833333333333334,1,0,0.0,2.73,2.73,2.8699999999999966,12.46,2.0,266.35,0.0,0.0,0.0,0.0,,,,,0.43687154382191146,-0.8995239041841299,0.43687154382191146,-0.8995239041841299,-0.32920294182164533,-1.4533534455332988,2.0,62.0,0.0,1.0,0.0,2,0.0,0.91,0.5860555555555557,0.0,-0.0,9.983333333333333,1.7916666666666665,283,10,2019,192
2019-10-11,1.82,7.1000000000000005,8,0.49,1.6,6.5,3.216666666666667,11.1,8.225,7.983348361150946,-0.6356321770985197,97.79166666666667,140.41666666666666,568.0,98.875,,,,,,,,93.21187407733711,0.9749115724042344,4.4375,9.2125,11.1,95.375,8.860292977641976,-1.144330858635426,95.83968824745246,0.0,0,5,1.82,1.82,4.55,4.549999999999996,14.28,2.0,268.17,0.0,0.0,0.0,0.0,,,,,0.9984291741948645,-0.05602842239935683,0.9948104694060765,-0.10174541739096486,7.807049418175529,-0.6215952998542608,0.0,63.0,1.0,0.4,20.202,3,0.22394842285156247,1.82,0.5640277777777778,16.766750000000002,0.0,24.674999999999997,-0.5999999999999996,284,10,2019,193
2019-10-12,1.19,3.4,7,0.42,-0.1,6.9,2.9583333333333335,9.5,7.1625000000000005,6.335190660656527,0.018757720933155936,92.33333333333333,153.58333333333334,591.0,83.33333333333333,,,,,,,,86.49464340579006,0.8700230741173617,3.0714285714285716,8.342857142857143,9.0,94.0,7.931811237060345,-0.8185472743866911,96.3319237226993,0.0,1,4,3.01,3.01,5.74,5.739999999999997,15.47,3.0,269.36,0.0,0.0,0.0,0.0,,,,,0.9981290866193012,0.0611418550955038,0.9938996600614693,-0.11028810330083495,5.849492710006193,0.017319628994947312,0.0,64.0,0.39534883720930236,0.5243902439024389,11.305,4,0.18462910714285719,3.01,0.5635,9.928,0.0,28.650000000000002,-0.2583333333333333,285,10,2019,194
2019-10-13,0.0,0.0,0,0.0,1.0,10.8,5.304166666666666,11.6,8.729166666666666,-6.913429123798708,3.4564883247957146,76.58333333333333,219.95833333333334,600.0,56.875,,,,,,,,298.10789719006317,0.8772303831777623,0.0,0.0,0.0,0.0,0.0,0.0,,0.16666666666666666,0,0,1.19,3.01,5.74,5.739999999999997,15.47,3.0,269.36,0.0,0.0,0.0,0.0,,,,,-0.8820619371440427,0.4711334620271616,-0.8820619371440427,0.4711334620271616,-5.29453447064251,2.647093975406051,1.0,65.0,0.0,0.5243902439024389,0.0,5,0.0,1.505,0.6419166666666666,0.0,-0.0,43.64583333333333,2.3458333333333328,286,10,2019,195
2019-10-14,0.0,0.2,0,0.0,4.0,13.8,8.358333333333333,16.7,10.204166666666667,-7.7106993682732785,4.969724017359771,67.125,247.75,600.0,24.916666666666668,,,,,,,,310.3054610441386,0.889971903677782,0.0,0.0,0.0,0.0,0.0,0.0,,0.5,0,0,0.0,1.19,5.74,5.739999999999997,15.47,3.0,269.36,0.0,0.0,0.0,0.0,,,,,-0.7626066786273713,0.6468624689320978,-0.7626066786273713,0.6468624689320978,-5.175806950953438,3.335927246652746,2.0,66.0,0.0,0.2073170731707317,0.0,6,0.0,0.39666666666666667,0.6955833333333333,0.0,-0.0,61.22500000000001,3.0541666666666663,287,10,2019,196
2019-10-15,0.0,0.0,0,0.0,7.4,16.8,11.958333333333334,16.6,8.85,-6.474976758608482,5.676419442720974,58.416666666666664,303.0,600.0,27.541666666666668,,,,,,,,317.14963054774444,0.9665235637033817,0.0,0.0,0.0,0.0,0.0,0.0,,0.5,0,0,0.0,0.0,3.01,5.739999999999997,15.47,3.0,269.36,0.0,0.0,0.0,0.0,,,,,-0.6800860729330794,0.7331322755154503,-0.6800860729330794,0.7331322755154503,-3.7824655898204544,3.315975024456169,3.0,67.0,,0.0,0.0,4,0.0,0.0,0.7300555555555555,0.0,-0.0,35.4,3.6000000000000014,288,10,2019,197
2019-10-16,0.0,3.3000000000000003,0,0.0,4.2,12.5,8.029166666666667,24.3,15.0625,-12.185452576204147,8.417329717881705,77.83333333333333,214.625,600.0,87.45833333333333,,,,,,,,309.75743227222085,0.9588416507682115,0.0,0.0,0.0,0.0,0.0,0.0,,0.041666666666666664,0,0,0.0,0.0,3.01,5.739999999999997,6.79,2.0,269.36,0.0,0.0,0.0,0.0,,,,,-0.7687588790989588,0.6395387289339971,-0.7687588790989588,0.6395387289339971,-9.484343921812227,6.5514882970845925,4.0,68.0,,0.0,0.0,5,0.0,0.0,0.6803055555555556,0.0,-0.0,75.3125,-3.929166666666667,289,10,2019,198
2019-10-17,3.99,7.3,12,0.63,0.1,4.8,2.533333333333333,28.5,22.566666666666666,-20.130836674628643,9.898937422130254,95.91666666666667,151.79166666666666,600.0,98.95833333333333,,,,,,,,296.5388395408148,0.9940206246728261,2.0416666666666665,23.108333333333334,28.5,94.5,-21.088537711599585,9.253442584310138,293.66671373918825,0.0,0,12,3.99,3.99,7.0,9.729999999999997,10.57,1.0,273.35,0.0,0.0,0.0,0.0,,,,,-0.8946316883839016,0.44680436674160817,-0.9158959523134862,0.4014157502338097,-19.30882751041464,9.494730810726603,0.0,69.0,1.0,0.5700000000000001,100.0,0,0.5645386751302084,3.99,0.5275833333333334,92.20225,0.0,0.0,-5.495833333333334,290,10,2019,199
2019-10-18,0.0,0.0,0,0.0,0.1,8.5,4.479166666666667,33.3,24.058333333333334,-20.80473362975312,11.962746359167946,71.29166666666667,313.0833333333333,600.0,44.958333333333336,,,,,,,,300.04411262951294,0.9973196733900186,0.0,0.0,0.0,0.0,0.0,0.0,,0.4166666666666667,0,0,3.99,3.99,5.18,9.729999999999997,10.57,1.0,273.35,0.0,0.0,0.0,0.0,,,,,-0.8656401918354893,0.5006666139049191,-0.8656401918354893,0.5006666139049191,-14.832041350211496,8.528441258556816,1.0,70.0,0.0,0.7702702702702704,0.0,1,0.0,1.995,0.63525,0.0,-0.0,24.058333333333334,1.9458333333333337,291,10,2019,200
2019-10-19,0.77,1.3,6,0.28,-0.4,6.7,3.045833333333333,33.2,25.491666666666664,-22.495132405295877,11.75537381403768,78.75,259.5416666666667,600.0,44.625,,,,,,,,296.74965571773885,0.9950419561882884,3.9,27.733333333333334,32.5,72.0,-25.277877737800935,11.398693575984344,294.16673812653187,0.125,0,6,0.77,4.76,4.76,10.499999999999996,11.34,0.0,274.12,0.0,0.0,0.0,0.0,,,,,-0.8929816479730904,0.450093075244736,-0.9123579347541443,0.4093934524282876,-17.7149167691705,9.257356878554672,0.0,71.0,0.16176470588235295,1.0,25.564000000000004,2,0.07671766666666671,4.76,0.5844166666666667,21.354666666666667,0.0,50.98333333333333,-1.433333333333334,292,10,2019,201
2019-10-20,0.0,0.0,0,0.0,-1.6,11.9,5.116666666666666,16.5,10.791666666666666,-9.878153433267853,0.3324898742021822,72.83333333333333,292.75,600.0,24.291666666666668,,,,,,,,271.94429446066806,0.8876868196525783,0.0,0.0,0.0,0.0,0.0,0.0,,0.625,0,0,0.77,0.77,4.76,10.499999999999996,11.34,0.0,274.12,0.0,0.0,0.0,0.0,,,,,-0.9994242855351771,0.03392782755350943,-0.9994242855351771,0.03392782755350943,-7.1945884172300865,0.242163458377256,1.0,72.0,0.0,0.16176470588235295,0.0,3,0.0,0.385,0.7023888888888888,0.0,-0.0,32.375,2.0708333333333333,293,10,2019,202
2019-10-21,0.0,0.0,0,0.0,5.0,17.5,10.979166666666666,8.1,4.991666666666666,-3.143134983309338,-1.003847532117377,59.833333333333336,317.0,600.0,13.416666666666666,,,,,,,,264.65470055489686,0.6360593204887861,0.0,0.0,0.0,0.0,0.0,0.0,,0.8333333333333334,0,0,0.0,0.77,4.76,10.499999999999996,11.34,0.0,274.12,0.0,0.0,0.0,0.0,,,,,-0.9956513565384923,-0.0931578028028782,-0.9956513565384923,-0.0931578028028782,-1.8806424316800872,-0.6006354400502306,2.0,73.0,0.0,0.16176470588235295,0.0,4,0.0,0.25666666666666665,0.7441111111111111,0.0,-0.0,19.966666666666665,5.8625,294,10,2019,203
2019-10-22,0.0,0.7,0,0.0,7.2,17.2,11.9375,11.4,6.558333333333334,-5.074471102791157,2.7351232402369026,62.291666666666664,318.8333333333333,600.0,5.375,,,,,,,,305.4792063641488,0.8285345342702447,0.0,0.0,0.0,0.0,0.0,0.0,,0.875,0,0,0.0,0.0,4.76,7.769999999999996,11.34,0.0,274.12,0.0,0.0,0.0,0.0,,,,,-0.8143262119506269,0.5804074607809092,-0.8143262119506269,0.5804074607809092,-3.1609726244469916,1.7037538517309039,3.0,74.0,,0.0,0.0,5,0.0,0.0,0.7535277777777778,0.0,-0.0,32.79166666666667,0.9583333333333339,295,10,2019,204
2019-10-23,0.0,0.7000000000000001,0,0.0,6.7,17.3,12.525,14.8,9.241666666666667,-7.170608259112686,4.821047128907018,52.041666666666664,330.5833333333333,600.0,3.5833333333333335,,,,,,,,313.0066828605652,0.9067684704398171,0.0,0.0,0.0,0.0,0.0,0.0,,0.9166666666666666,0,0,0.0,0.0,4.76,7.769999999999996,10.64,0.0,274.12,0.0,0.0,0.0,0.0,,,,,-0.7312741497741596,0.6820836589979854,-0.7312741497741596,0.6820836589979854,-3.731704048179893,2.5089532766686933,4.0,75.0,,0.0,0.0,6,0.0,0.0,0.7271944444444444,0.0,-0.0,55.45,0.5875000000000004,296,10,2019,205
2019-10-24,0.0,0.0,0,0.0,8.0,19.1,13.870833333333332,14.9,8.924999999999999,-6.619264093824328,4.964340645082664,39.375,338.4583333333333,600.0,12.291666666666666,,,,,,,,313.4889586568395,0.9259519865698022,0.0,0.0,0.0,0.0,0.0,0.0,,0.8333333333333334,0,0,0.0,0.0,0.77,7.769999999999996,10.64,0.0,274.12,0.0,0.0,0.0,0.0,,,,,-0.7255070088329997,0.688214777619744,-0.7255070088329997,0.688214777619744,-2.606335236943329,1.9547091290012988,5.0,76.0,,0.0,0.0,5,0.0,0.0,0.6902222222222222,0.0,-0.0,44.62499999999999,1.3458333333333314,297,10,2019,206
2019-10-25,0.0,4.2,0,0.0,8.4,17.5,13.254166666666668,37.3,25.96666666666667,-18.456253788014877,18.005265747063774,61.041666666666664,254.91666666666666,600.0,54.5,,,,,,,,315.8611271752807,0.9906429840572544,0.0,0.0,0.0,0.0,0.0,0.0,,0.375,0,0,0.0,0.0,0.77,5.9499999999999975,10.64,0.0,274.12,0.0,0.0,0.0,0.0,,,,,-0.6963998554809281,0.7176539843727913,-0.6963998554809281,0.7176539843727913,-11.266004916434081,10.990714299770179,6.0,77.0,,0.0,0.0,6,0.0,0.0,0.70675,0.0,-0.0,155.8,-0.6166666666666636,298,10,2019,207
2019-10-26,4.06,6.8,13,0.98,0.4,7.6,3.170833333333333,27.9,24.270833333333332,-21.793991235771333,10.330825530855465,90.04166666666667,151.25,600.0,81.125,,,,,,,,295.42112499010693,0.993540402897854,2.315384615384615,24.515384615384615,27.9,92.15384615384616,-22.53361372509001,9.304590027615397,292.38273573790445,0.08333333333333333,0,10,4.06,4.06,4.06,8.819999999999997,14.700000000000001,0.0,278.18,0.0,0.0,0.0,0.0,,,,,-0.90317708281242,0.42926816453406713,-0.9246608150857365,0.38079177649337625,-19.62367294187577,9.302047488407776,0.0,78.0,1.0,1.0,100.0,0,0.5409669974112424,4.06,0.569861111111111,99.53246153846153,0.0,0.0,-10.083333333333336,299,10,2019,208
2019-10-27,0.07,0.1,1,0.07,-1.1,8.0,3.3000000000000003,26.6,16.974999999999998,-15.470560512008413,6.556075315295478,77.95833333333333,271.625,600.0,44.708333333333336,,,,,,,,294.2292683559957,0.9861699840307978,0.7,26.6,26.6,100.0,-25.15079411094183,8.66011290856036,289.0,0.4166666666666667,1,1,4.13,4.13,4.13,8.889999999999995,14.63,1.0,278.25,0.0,0.0,0.0,0.0,,,,,-0.9119105965273928,0.4103889179072147,-0.945518575599317,0.3255681544571563,-12.06059113248656,5.111007047882433,0.0,79.0,0.016949152542372885,1.0,1.8620000000000003,1,0.010863562500000003,4.13,0.6187222222222222,1.8620000000000003,0.0,16.974999999999998,0.12916666666666732,300,10,2019,209
2019-10-28,0.0,0.0,0,0.0,0.3,14.7,7.645833333333333,10.5,4.675,-2.4984230031328627,1.566023414832011,58.375,347.0416666666667,600.0,20.541666666666668,,,,,,,,311.66248855589487,0.5541739657162811,0.0,0.0,0.0,0.0,0.0,0.0,,0.75,0,0,0.07,4.13,4.13,8.889999999999995,14.63,1.0,278.25,0.0,0.0,0.0,0.0,,,,,-0.7470735473589276,0.664741389441449,-0.7470735473589276,0.664741389441449,-1.4584544280788085,0.9141661684081863,1.0,80.0,0.0,1.0,0.0,2,0.0,2.065,0.752611111111111,0.0,-0.0,9.35,4.345833333333333,301,10,2019,210
2019-10-29,0.0,0.0,0,0.0,6.7,16.3,11.345833333333333,19.0,13.1625,-10.335967869121355,7.724952750638053,49.708333333333336,349.4166666666667,600.0,25.0,,,,,,,,309.96647615843403,0.9746930390973562,0.0,0.0,0.0,0.0,0.0,0.0,,0.6666666666666666,0,0,0.0,0.07,4.13,8.889999999999995,14.63,1.0,278.25,0.0,0.0,0.0,0.0,,,,,-0.766420407911135,0.6423392859987076,-0.766420407911135,0.6423392859987076,-5.137837361609074,3.8399452631296658,2.0,81.0,0.0,0.016949152542372885,0.0,3,0.0,0.023333333333333334,0.7319722222222222,0.0,-0.0,39.4875,3.7,302,10,2019,211
2019-10-30,0.0,0.6,0,0.0,7.4,21.1,14.237499999999999,7.3,5.216666666666667,-3.5618775550851596,1.3004182027637323,41.625,331.9583333333333,600.0,45.916666666666664,,,,,,,,287.7164128020014,0.7006069856921948,0.0,0.0,0.0,0.0,0.0,0.0,,0.25,0,0,0.0,0.0,4.13,8.889999999999995,14.63,1.0,278.25,0.0,0.0,0.0,0.0,,,,,-0.9525743496374893,0.3043059454113807,-0.9525743496374893,0.3043059454113807,-1.4826315323041976,0.5412990769004036,3.0,82.0,,0.0,0.0,4,0.0,0.0,0.6933888888888889,0.0,-0.0,20.866666666666667,2.8916666666666657,303,10,2019,212
2019-10-31,0.0,0.0,0,0.0,11.2,20.8,15.666666666666666,13.1,9.266666666666667,-6.594001136727727,6.1390746561732294,38.208333333333336,350.7083333333333,600.0,0.875,,,,,,,,315.4361237295982,0.9701547789108298,0.0,0.0,0.0,0.0,0.0,0.0,,1.0,0,0,0.0,0.0,4.13,4.899999999999996,14.63,1.0,278.25,0.0,0.0,0.0,0.0,,,,,-0.7017039966997274,0.7124685965118948,-0.7017039966997274,0.7124685965118948,-2.5194579343247194,2.345638108212855,4.0,83.0,,0.0,0.0,5,0.0,0.0,0.6945,0.0,-0.0,46.333333333333336,1.4291666666666671,304,10,2019,213
2019-11-01,0.0,0.5,0,0.0,12.9,20.5,16.533333333333335,15.7,11.291666666666666,-6.414665056162942,9.134729143740499,45.625,308.5833333333333,600.0,33.25,,,,,,,,326.9915785175981,0.9835993111159974,0.0,0.0,0.0,0.0,0.0,0.0,,0.4583333333333333,0,0,0.0,0.0,4.13,4.899999999999996,14.63,1.0,278.25,0.0,0.0,0.0,0.0,,,,,-0.5447622991085317,0.8385905064272947,-0.5447622991085317,0.8385905064272947,-2.926690931874342,4.167720171831602,5.0,84.0,,0.0,0.0,6,0.0,0.0,0.6911388888888889,0.0,-0.0,67.75,0.8666666666666689,305,11,2019,214
2019-11-02,0.0,6.300000000000001,0,0.0,10.6,18.4,15.137500000000001,27.2,19.691666666666666,-13.104183384252913,14.611152181869691,61.916666666666664,201.875,600.0,94.70833333333333,,,,,,,,318.04037141351,0.9963194615448197,0.0,0.0,0.0,0.0,0.0,0.0,,0.0,0,0,0.0,0.0,0.07,4.1299999999999955,14.63,1.0,278.25,0.0,0.0,0.0,0.0,,,,,-0.6686068099823517,0.7436161198126514,-0.6686068099823517,0.7436161198126514,-8.113673545416596,9.04673839260765,6.0,85.0,,0.0,0.0,6,0.0,0.0,0.6743055555555556,0.0,-0.0,118.15,-1.395833333333334,306,11,2019,215
2019-11-03,0.0,56.9,0,0.0,7.5,14.5,10.725,20.9,10.783333333333333,-8.63431646441186,5.53876765079795,97.16666666666667,98.58333333333333,536.0,96.875,,,,,,,,301.3009114042484,0.9416859374825739,0.0,0.0,0.0,0.0,0.0,0.0,,0.0,0,0,0.0,0.0,0.0,4.1299999999999955,14.63,0.0,278.25,0.0,0.0,0.0,0.0,,,,,-0.8544505660316198,0.5195327036946225,-0.8544505660316198,0.5195327036946225,-8.389677497920191,5.381835900692008,7.0,86.0,,,0.0,6,0.0,0.0,0.7118333333333333,0.0,-0.0,64.7,-4.412500000000001,307,11,2019,216
2019-11-04,0.14,3.5,2,0.07,1.9,9.8,6.308333333333334,26.5,16.45,-14.5205326708304,7.554148249792323,87.41666666666667,297.625,600.0,73.0,,,,,,,,296.23773181124784,0.9930366918017143,3.2,10.6,13.6,95.5,-10.446195917057258,1.6126761312839513,277.5,0.041666666666666664,0,1,0.14,0.14,0.14,4.269999999999995,14.770000000000001,0.0,278.39,0.0,0.0,0.0,0.0,,,,,-0.8969674239535577,0.44209664143275135,-0.9914448613738105,0.13052619222005127,-12.693365643084242,6.60358459502679,0.0,87.0,1.0,1.0,3.7100000000000004,0,0.02064649999999999,0.14,0.7075833333333333,1.484,0.0,0.0,-4.416666666666666,308,11,2019,217
2019-11-05,0.77,1.8,8,0.14,1.2,10.4,4.508333333333334,18.9,9.908333333333333,-8.031988792005057,1.9880788286735738,79.33333333333333,277.0416666666667,600.0,77.04166666666667,,,,,,,,269.97122871093745,0.7847801070694351,2.0625,5.475,8.7,94.875,-4.451812114837365,-2.1255567529302852,247.2949999389543,0.041666666666666664,0,6,0.91,0.91,0.91,5.039999999999996,15.540000000000001,0.0,279.16,0.0,0.0,0.0,0.0,,,,,-0.9999998739208213,-0.0005021537030809692,-0.9225044088770663,-0.38598654847335606,-6.372044441657344,1.5772092040810353,0.0,88.0,0.8461538461538461,1.0,14.552999999999999,0,0.1423398388671875,0.91,0.68025,4.21575,0.0,0.0,-1.7999999999999998,309,11,2019,218
2019-11-06,0.0,1.1,0,0.0,3.3,9.4,6.633333333333333,37.4,29.0,-24.242955210244745,15.822507793088429,70.25,307.625,600.0,64.41666666666667,,,,,,,,302.7495442149461,0.9982842065313057,0.0,0.0,0.0,0.0,0.0,0.0,,0.0,0,0,0.77,0.91,0.91,5.039999999999996,15.540000000000001,0.0,279.16,0.0,0.0,0.0,0.0,,,,,-0.8410433163625829,0.5409677809276892,-0.8410433163625829,0.5409677809276892,-17.030676035196933,11.11531172464462,1.0,89.0,0.0,1.0,0.0,1,0.0,0.455,0.6481388888888889,0.0,-0.0,29.0,2.124999999999999,310,11,2019,219
2019-11-07,1.54,8.6,6,0.42,0.9,6.4,3.1875,36.8,31.84583333333333,-26.977568533945092,16.68157991922786,90.04166666666667,103.66666666666667,380.0,87.20833333333333,,,,,,,,301.4998162554167,0.9960695280435493,1.6166666666666665,29.516666666666666,30.1,91.83333333333333,-25.880508692932413,14.137887636388315,298.6662809334622,0.08333333333333333,0,6,1.54,2.31,2.45,6.5799999999999965,14.35,0.0,280.7,0.0,0.0,0.0,0.0,,,,,-0.8526418399754145,0.5224958303406254,-0.8774286275142229,0.4797072061356876,-24.291052334106393,15.020372585604754,0.0,90.0,0.6666666666666666,0.9428571428571428,56.672,0,0.20367395659722226,2.31,0.5114722222222222,45.455666666666666,0.0,0.0,-3.445833333333333,311,11,2019,220
2019-11-08,6.3,20.3,14,1.19,-2.6,4.9,2.654166666666667,34.9,21.866666666666664,-19.06462114058593,8.934780841057478,97.5,149.625,545.0,86.625,,,,,,,,289.2266571841758,0.9443074743312883,2.457142857142857,17.864285714285714,26.3,96.78571428571429,-16.288091096741237,5.17009528479502,283.4499691944835,0.0,0,13,7.84,7.84,8.75,12.879999999999995,20.65,0.0,287.0,0.0,0.0,0.0,0.0,,,,,-0.9442232609718647,0.3293059875551275,-0.972573394689239,0.23259619932976086,-18.588005612071285,8.71141132003104,0.0,91.0,0.8035714285714286,0.896,100.0,0,0.9227153571428574,7.84,0.5336388888888889,112.54499999999999,0.0,0.0,-0.5333333333333332,312,11,2019,221
2019-11-09,3.92,5.5,15,0.77,-4.1,1.9,-0.6,30.3,20.941666666666666,-19.256758516421264,4.763997432036273,89.95833333333333,202.08333333333334,600.0,78.20833333333333,,,,,,,,279.9352265941162,0.9426985724057594,0.33999999999999997,23.966666666666665,30.3,91.6,-21.762641956312937,9.735173992448802,292.7794084666964,0.041666666666666664,0,13,10.219999999999999,11.76,12.67,12.739999999999995,24.57,0.0,290.92,0.0,0.0,0.0,0.0,,,,,-0.9850034345156524,0.17253473271306524,-0.9220023612986341,0.38718425298524595,-17.323059015397295,4.285612689902631,0.0,92.0,0.3333333333333333,0.9281767955801105,100.0,1,0.6630704500000002,11.76,0.4768055555555555,93.94933333333333,0.0,20.941666666666666,-3.254166666666667,313,11,2019,222
2019-11-10,0.14,1.0,2,0.07,1.2,6.8,3.7458333333333336,28.4,17.433333333333334,-15.815159624017616,5.6250361693947335,95.41666666666667,174.83333333333334,600.0,99.16666666666667,,,,,,,,291.5908165325279,0.9607203297138569,1.25,27.799999999999997,28.4,97.0,-25.945830377536733,9.970887575735048,291.0,0.0,0,2,4.06,10.36,12.81,12.809999999999995,22.89,0.0,291.06,0.0,0.0,0.0,0.0,,,,,-0.9298354775902734,0.36797552175989656,-0.9335804264972017,0.3583679495453004,-15.090298141250143,5.367222011630808,0.0,93.0,0.013513513513513516,0.808743169398907,3.976,2,0.019982812500000006,10.36,0.5857222222222221,3.892,0.0,34.86666666666667,4.345833333333333,314,11,2019,223
2019-11-11,0.0,0.0,0,0.0,4.6,14.8,9.75,25.7,20.587500000000002,-16.439624734421688,12.163728657483672,68.08333333333333,365.0833333333333,600.0,34.333333333333336,,,,,,,,306.0715948902234,0.9941175451567399,0.0,0.0,0.0,0.0,0.0,0.0,,0.5,0,0,0.14,4.06,12.67,12.809999999999995,21.7,0.0,291.06,0.0,0.0,0.0,0.0,,,,,-0.8082818861629844,0.5887957137248949,-0.8082818861629844,0.5887957137248949,-11.192644506685431,8.2814719276368,1.0,94.0,0.0,0.3204419889502762,0.0,3,0.0,2.03,0.7992222222222222,0.0,-0.0,61.7625,6.004166666666666,315,11,2019,224
2019-11-12,0.21,0.6,1,0.21,1.6,13.9,9.695833333333333,39.9,26.483333333333334,-21.744941134417704,14.07725330780329,51.25,309.5,600.0,29.833333333333332,,,,,,,,300.7594823370823,0.9745672781131925,2.3,18.2,18.2,86.0,-17.975927798831506,2.847107263732198,279.0,0.4583333333333333,0,1,0.21,0.35,12.11,13.019999999999994,21.91,0.0,291.27,0.0,0.0,0.0,0.0,,,,,-0.8593217817478177,0.5114353091191064,-0.9876883405951378,0.15643446504023067,-11.144282331389075,7.214592320249186,0.0,95.0,0.6,0.028901734104046242,8.379,4,0.031228312500000018,0.35,0.6860555555555555,3.8219999999999996,0.0,105.93333333333334,-0.05416666666666714,316,11,2019,225
2019-11-13,0.0,0.0,0,0.0,-2.2,7.5,3.029166666666667,28.1,21.158333333333335,-20.130372942785456,6.144175141778906,77.25,346.75,600.0,58.0,,,,,,,,286.6640147327174,0.9947141117027988,0.0,0.0,0.0,0.0,0.0,0.0,,0.041666666666666664,1,0,0.21,0.21,12.11,13.019999999999994,21.91,1.0,291.27,0.0,0.0,0.0,0.0,,,,,-0.9580027859709256,0.2867588918794758,-0.9580027859709256,0.2867588918794758,-15.550713098301765,4.746375297024205,1.0,96.0,0.0,0.017341040462427747,0.0,5,0.0,0.105,0.6553333333333333,0.0,-0.0,105.79166666666667,-6.666666666666666,317,11,2019,226
2019-11-14,0.0,0.1,0,0.0,3.2,11.5,6.8875,26.1,21.34166666666667,-18.8955735055951,9.776786031560183,83.54166666666667,290.75,600.0,77.875,,,,,,,,296.8772895686358,0.9968136286062407,0.0,0.0,0.0,0.0,0.0,0.0,,0.08333333333333333,0,0,0.0,0.21,10.57,13.019999999999994,21.91,1.0,291.27,0.0,0.0,0.0,0.0,,,,,-0.8919767919060454,0.4520811903861954,-0.8919767919060454,0.4520811903861954,-15.78567703279924,8.167689997199238,2.0,97.0,0.0,0.01986754966887417,0.0,6,0.0,0.06999999999999999,0.7278611111111112,0.0,-0.0,128.05,3.8583333333333334,318,11,2019,227
2019-11-15,0.0,0.0,0,0.0,5.9,13.1,8.658333333333333,32.7,27.03333333333333,-23.654170199818683,12.81383234554463,74.79166666666667,353.625,600.0,57.083333333333336,,,,,,,,297.55311965156403,0.9941905006255538,0.0,0.0,0.0,0.0,0.0,0.0,,0.0,0,0,0.0,0.0,4.27,13.019999999999994,21.91,1.0,291.27,0.0,0.0,0.0,0.0,,,,,-0.8865823589720366,0.4625707737844866,-0.8865823589720366,0.4625707737844866,-17.69134812861439,9.583678775105255,3.0,98.0,,0.0,0.0,6,0.0,0.0,0.7761666666666667,0.0,-0.0,162.2,1.770833333333333,319,11,2019,228
2019-11-16,0.0,0.0,0,0.0,4.0,13.0,7.854166666666667,19.7,11.816666666666668,-10.76783926858633,4.303287423931359,63.208333333333336,372.0416666666667,600.0,60.875,,,,,,,,295.13467691807546,0.9041940114924544,0.0,0.0,0.0,0.0,0.0,0.0,,0.375,0,0,0.0,0.0,0.35,13.019999999999994,17.92,1.0,291.27,0.0,0.0,0.0,0.0,,,,,-0.9053118964850201,0.42474741915954733,-0.9053118964850201,0.42474741915954733,-6.8061717376856095,2.7200362592099467,4.0,99.0,,0.0,0.0,4,0.0,0.0,0.7476111111111111,0.0,-0.0,47.26666666666667,-0.8041666666666663,320,11,2019,229
2019-11-17,0.0,0.0,0,0.0,1.9,13.7,7.3625,14.9,6.691666666666666,-3.742681616363285,0.30419135044011686,61.875,337.4583333333333,600.0,28.333333333333332,,,,,,,,269.4853065512806,0.4076966663421336,0.0,0.0,0.0,0.0,0.0,0.0,,0.5416666666666666,0,0,0.0,0.0,0.21,13.019999999999994,17.92,1.0,291.27,0.0,0.0,0.0,0.0,,,,,-0.9999596522705746,-0.008982974502440188,-0.9999596522705746,-0.008982974502440188,-2.3157842501247825,0.18821839808482232,5.0,100.0,,0.0,0.0,5,0.0,0.0,0.7356666666666666,0.0,-0.0,33.45833333333333,-0.49166666666666714,321,11,2019,230
2019-11-18,0.0,0.0,0,0.0,3.2,15.2,9.887500000000001,22.0,17.866666666666667,-14.84584752245008,9.146569904790804,60.958333333333336,378.3333333333333,600.0,41.708333333333336,,,,,,,,304.06136890602113,0.9585822389123975,0.0,0.0,0.0,0.0,0.0,0.0,,0.4583333333333333,0,0,0.0,0.0,0.21,12.879999999999994,17.150000000000002,1.0,291.27,0.0,0.0,0.0,0.0,,,,,-0.8284381514904032,0.5600805559516986,-0.8284381514904032,0.5600805559516986,-9.049781218893528,5.575596571128727,6.0,101.0,,0.0,0.0,6,0.0,0.0,0.78875,0.0,-0.0,107.2,2.5250000000000012,322,11,2019,231
2019-11-19,0.0,0.0,0,0.0,8.4,19.8,13.733333333333334,25.3,17.633333333333333,-13.956263414756544,7.179206670900413,54.5,378.375,600.0,11.125,,,,,,,,302.4002485833849,0.6707079497230404,0.0,0.0,0.0,0.0,0.0,0.0,,0.7916666666666666,0,0,0.0,0.0,0.0,12.109999999999994,17.150000000000002,1.0,291.27,0.0,0.0,0.0,0.0,,,,,-0.8443256007567224,0.5358304581738518,-0.8443256007567224,0.5358304581738518,-7.606163561042316,3.912667635640725,7.0,102.0,,,0.0,6,0.0,0.0,0.7672500000000001,0.0,-0.0,105.8,3.845833333333333,323,11,2019,232
2019-11-20,0.0,0.0,0,0.0,7.8,22.8,16.070833333333333,12.6,7.7250000000000005,-6.1094832720761625,2.548901171172506,42.583333333333336,378.8333333333333,600.0,19.25,,,,,,,,300.81271929429624,0.8444795477504349,0.0,0.0,0.0,0.0,0.0,0.0,,0.7083333333333334,0,0,0.0,0.0,0.0,12.109999999999994,17.150000000000002,0.0,291.27,0.0,0.0,0.0,0.0,,,,,-0.8588462055458422,0.5122335358208293,-0.8588462055458422,0.5122335358208293,-2.601621626692433,1.0854070820576254,8.0,103.0,,,0.0,6,0.0,0.0,0.7278333333333333,0.0,-0.0,46.35,2.3374999999999986,324,11,2019,233
2019-11-21,0.0,0.0,0,0.0,17.0,26.5,21.537499999999998,27.4,15.5875,-9.229372336704357,12.349296852389118,31.833333333333332,321.4166666666667,600.0,43.875,,,,,,,,322.33325512800377,0.983799811294466,0.0,0.0,0.0,0.0,0.0,0.0,,0.375,0,0,0.0,0.0,0.0,10.569999999999995,17.150000000000002,0.0,291.27,0.0,0.0,0.0,0.0,,,,,-0.6110677019874953,0.7915783369873899,-0.6110677019874953,0.7915783369873899,-2.9380168605175534,3.9311928313438695,9.0,104.0,,,0.0,6,0.0,0.0,0.6537222222222222,0.0,-0.0,93.525,5.466666666666665,325,11,2019,234
2019-11-22,0.0,0.0,0,0.0,10.6,22.8,18.275000000000002,27.1,13.825000000000001,-9.65169514932249,9.370876828928163,42.75,366.3333333333333,600.0,31.541666666666668,,,,,,,,318.69156489719495,0.972127271127137,0.0,0.0,0.0,0.0,0.0,0.0,,0.5,0,0,0.0,0.0,0.0,4.269999999999994,17.150000000000002,0.0,291.27,0.0,0.0,0.0,0.0,,,,,-0.6601122621518124,0.7511669597079047,-0.6601122621518124,0.7511669597079047,-4.126099676335365,4.006049844366789,10.0,105.0,,,0.0,6,0.0,0.0,0.7200555555555556,0.0,-0.0,82.95,-3.2624999999999957,326,11,2019,235
2019-11-23,0.0,0.0,0,0.0,8.7,19.2,14.066666666666668,19.2,14.566666666666668,-8.69121740372776,5.900053112381989,50.625,376.875,600.0,49.083333333333336,,,,,,,,307.7079708949246,0.5382139011096126,0.0,0.0,0.0,0.0,0.0,0.0,,0.20833333333333334,0,0,0.0,0.0,0.0,0.34999999999999465,17.150000000000002,0.0,291.27,0.0,0.0,0.0,0.0,,,,,-0.7911384506717329,0.6116371079886586,-0.7911384506717329,0.6116371079886586,-4.399928810637179,2.9869018881433815,11.0,106.0,,,0.0,6,0.0,0.0,0.7533333333333334,0.0,-0.0,87.4,-4.208333333333334,327,11,2019,236
2019-11-24,0.0,0.0,0,0.0,7.8,18.4,13.445833333333333,14.9,11.3125,-7.324572224163155,7.209354156493401,56.5,378.2083333333333,600.0,13.75,,,,,,,,317.95254099218766,0.8820336290169839,0.0,0.0,0.0,0.0,0.0,0.0,,0.75,0,0,0.0,0.0,0.0,0.20999999999999466,17.150000000000002,0.0,291.27,0.0,0.0,0.0,0.0,,,,,-0.6697459354499539,0.7425903190510003,-0.6697459354499539,0.7425903190510003,-4.138383306652182,4.073285098418771,12.0,107.0,,,0.0,6,0.0,0.0,0.7738055555555555,0.0,-0.0,67.875,-0.6208333333333353,328,11,2019,237
2019-11-25,0.0,0.0,0,0.0,9.6,20.0,14.541666666666666,27.7,16.320833333333333,-13.078200207499068,8.786839179538946,39.041666666666664,386.375,600.0,18.541666666666668,,,,,,,,308.1501012486905,0.8667120477963979,0.0,0.0,0.0,0.0,0.0,0.0,,0.6666666666666666,0,0,0.0,0.0,0.0,0.20999999999999466,13.09,0.0,291.27,0.0,0.0,0.0,0.0,,,,,-0.7863951654132055,0.6177237601183373,-0.7863951654132055,0.6177237601183373,-5.105947331011094,3.430528463011663,13.0,108.0,,,0.0,6,0.0,0.0,0.7210555555555556,0.0,-0.0,97.925,1.0958333333333332,329,11,2019,238
2019-11-26,1.12,9.0,4,0.84,-0.1,15.5,8.137500000000001,27.0,18.208333333333332,-14.778140886384067,6.9140155561285965,72.08333333333333,211.5,600.0,83.08333333333333,,,,,,,,293.1174791776059,0.8938993170104005,5.7,20.0,22.9,97.5,-18.460264372582934,1.7637499642719203,273.355130985099,0.08333333333333333,0,4,1.12,1.12,1.12,1.1199999999999948,14.14,0.0,292.39,0.0,0.0,0.0,0.0,,,,,-0.9197017645507813,0.39261770755046077,-0.9982859653618477,0.05852462184041797,-10.652576555601847,4.983852880042696,0.0,109.0,1.0,1.0,30.240000000000002,0,0.09029999999999995,1.12,0.7146111111111111,22.400000000000002,0.0,0.0,-6.404166666666665,330,11,2019,239
2019-11-27,0.0,0.0,0,0.0,-0.7,14.4,7.741666666666667,16.8,12.408333333333333,-10.626534335520917,5.7458483266524105,55.166666666666664,384.5,600.0,2.4583333333333335,,,,,,,,298.12626411751353,0.9699475573794148,0.0,0.0,0.0,0.0,0.0,0.0,,0.9583333333333334,0,0,1.12,1.12,1.12,1.1199999999999948,14.14,0.0,292.39,0.0,0.0,0.0,0.0,,,,,-0.8819108637014951,0.4714161945513572,-0.8819108637014951,0.4714161945513572,-5.862304775095706,3.1697929935365794,1.0,110.0,0.0,1.0,0.0,1,0.0,0.56,0.7602222222222222,0.0,-0.0,12.408333333333333,-0.3958333333333339,331,11,2019,240
2019-11-28,0.0,0.0,0,0.0,6.8,17.6,12.258333333333333,15.3,12.283333333333333,-10.029362385953482,6.560835207165965,39.625,395.0416666666667,600.0,28.5,,,,,,,,304.51129853406974,0.9717879144973169,0.0,0.0,0.0,0.0,0.0,0.0,,0.625,0,0,0.0,1.12,1.12,1.1199999999999948,14.14,0.0,292.39,0.0,0.0,0.0,0.0,,,,,-0.8240144792034827,0.5665687408099861,-0.8240144792034827,0.5665687408099861,-3.974134845434067,2.5997309508395134,2.0,111.0,0.0,1.0,0.0,2,0.0,0.37333333333333335,0.7287777777777779,0.0,-0.0,24.566666666666666,4.516666666666666,332,11,2019,241
2019-11-29,0.0,0.0,0,0.0,9.2,20.6,15.25,22.0,13.429166666666667,-9.397173295695255,8.00229341577698,37.291666666666664,381.9583333333333,600.0,53.833333333333336,,,,,,,,315.7293047390608,0.8445353755509682,0.0,0.0,0.0,0.0,0.0,0.0,,0.3333333333333333,0,0,0.0,0.0,1.12,1.1199999999999948,14.14,0.0,292.39,0.0,0.0,0.0,0.0,,,,,-0.6980491428964233,0.7160498544805165,-0.6980491428964233,0.7160498544805165,-3.5043625415196886,2.9841885863001654,3.0,112.0,,0.0,0.0,3,0.0,0.0,0.7122777777777777,0.0,-0.0,40.2875,2.991666666666667,333,11,2019,242
2019-11-30,0.0,3.3,0,0.0,3.5,12.0,8.475,25.9,12.383333333333333,-9.266488292309447,5.240958766652002,73.83333333333333,223.41666666666666,600.0,60.833333333333336,,,,,,,,305.5606107665613,0.7713331469516213,0.0,0.0,0.0,0.0,0.0,0.0,,0.2916666666666667,0,0,0.0,0.0,1.12,1.1199999999999948,14.14,0.0,292.39,0.0,0.0,0.0,0.0,,,,,-0.8135007620065722,0.5815638487859492,-0.8135007620065722,0.5815638487859492,-6.841757189155142,3.8695745560447286,4.0,113.0,,0.0,0.0,4,0.0,0.0,0.6617222222222222,0.0,-0.0,49.53333333333333,-6.775,334,11,2019,243
2019-12-01,5.6,8.4,12,1.47,1.0,5.9,2.9291666666666667,35.8,22.825,-18.790336497263652,12.848437491060473,79.5,225.625,600.0,77.45833333333333,,,,,,,,305.4574001710013,0.9968186606174043,2.3916666666666666,24.733333333333334,35.5,88.0,-20.447397509796993,13.794520798416654,304.5831852808116,0.20833333333333334,0,12,5.6,5.6,6.72,6.719999999999994,19.740000000000002,0.0,297.99,0.0,0.0,0.0,0.0,,,,,-0.8145470501670093,0.5800974944474623,-0.8233029794456456,0.5676021529521562,-14.938317515324604,10.214507805393076,0.0,114.0,1.0,0.8333333333333333,100.0,0,0.7358526388888886,5.6,0.5465277777777778,138.50666666666666,0.0,0.0,-5.5458333333333325,335,12,2019,244
2019-12-02,8.61,13.1,19,1.61,0.0,4.4,1.5791666666666666,32.2,24.608333333333334,-23.17297870513167,7.957757764355023,91.25,254.79166666666666,600.0,88.625,,,,,,,,288.53896113146334,0.9956031543749365,1.7210526315789476,24.0,30.5,91.21052631578948,-22.655347596727882,7.595833654165007,288.31007444748474,0.0,0,11,14.209999999999999,14.209999999999999,15.329999999999998,15.329999999999995,28.35,0.0,306.6,0.0,0.0,0.0,0.0,,,,,-0.9481076687963137,0.31794944310317563,-0.9493702529564004,0.3141593907580995,-21.14534306843265,7.261453959973958,0.0,115.0,0.6059113300492611,0.9269406392694064,100.0,0,1.247430394736842,14.209999999999999,0.5718055555555556,206.64,-0.0,0.0,-1.35,336,12,2019,245
2019-12-03,0.0,0.5,0,0.0,-0.3,6.2,3.220833333333333,35.6,31.537499999999998,-27.922868697413993,14.57288519645283,90.66666666666667,210.75,600.0,87.625,,,,,,,,297.5826114126307,0.9987451486374296,0.0,0.0,0.0,0.0,0.0,0.0,,0.0,1,0,8.61,14.209999999999999,14.209999999999997,15.329999999999995,28.35,1.0,306.6,0.0,0.0,0.0,0.0,,,,,-0.8863441432514542,0.46302706154591633,-0.8863441432514542,0.46302706154591633,-25.316734285655354,13.2127492447839,1.0,116.0,0.0,1.0000000000000002,0.0,1,0.0,7.1049999999999995,0.5805,0.0,-0.0,31.537499999999998,1.6416666666666666,337,12,2019,246
2019-12-04,0.0,0.0,0,0.0,3.5,12.6,7.454166666666667,32.5,23.479166666666668,-21.432243621930187,9.381902006074911,70.79166666666667,383.7916666666667,600.0,15.458333333333334,,,,,,,,293.91326607677104,0.9964026392044963,0.0,0.0,0.0,0.0,0.0,0.0,,0.7916666666666666,0,0,0.0,8.61,14.209999999999997,15.329999999999995,28.21,1.0,306.6,0.0,0.0,0.0,0.0,,,,,-0.9141601255753452,0.4053532592789518,-0.9141601255753452,0.4053532592789518,-15.172242464024746,6.641604795133865,2.0,117.0,0.0,0.6059113300492611,0.0,2,0.0,2.8699999999999997,0.7718333333333334,0.0,-0.0,46.958333333333336,4.233333333333333,338,12,2019,247
2019-12-05,0.0,0.0,0,0.0,6.4,15.0,10.5375,33.8,29.891666666666666,-26.510716972363497,13.558896040739716,59.125,396.6666666666667,600.0,21.333333333333332,,,,,,,,297.21223937002236,0.9957960923030104,0.0,0.0,0.0,0.0,0.0,0.0,,0.6666666666666666,0,0,0.0,0.0,14.209999999999997,15.329999999999995,27.439999999999998,1.0,306.6,0.0,0.0,0.0,0.0,,,,,-0.8893187089715409,0.4572879113569391,-0.8893187089715409,0.4572879113569391,-15.674461409909918,8.016697284087357,3.0,118.0,,0.0,0.0,3,0.0,0.0,0.7948611111111111,0.0,-0.0,89.675,3.083333333333333,339,12,2019,248
2019-12-06,0.0,0.0,0,0.0,6.6,14.7,10.637500000000001,30.8,23.175,-21.24891751985325,9.143274410561295,55.791666666666664,382.9583333333333,600.0,49.958333333333336,,,,,,,,293.2082680083189,0.9980723631787757,0.0,0.0,0.0,0.0,0.0,0.0,,0.375,0,0,0.0,0.0,14.209999999999997,15.329999999999995,27.439999999999998,1.0,306.6,0.0,0.0,0.0,0.0,,,,,-0.9190784823049465,0.3940745403651906,-0.9190784823049465,0.3940745403651906,-11.855125232951458,5.101185181558989,4.0,119.0,,0.0,0.0,4,0.0,0.0,0.7679444444444444,0.0,-0.0,92.7,0.10000000000000142,340,12,2019,249
2019-12-07,0.0,0.2,0,0.0,5.9,17.1,10.825000000000001,23.0,13.583333333333334,-12.023101078874566,3.1427989720856164,60.791666666666664,347.6666666666667,600.0,54.083333333333336,,,,,,,,282.92968851788487,0.7894046919870987,0.0,0.0,0.0,0.0,0.0,0.0,,0.3333333333333333,0,0,0.0,0.0,14.209999999999997,15.329999999999995,25.9,1.0,306.6,0.0,0.0,0.0,0.0,,,,,-0.9746453835254446,0.2237551706051482,-0.9746453835254446,0.2237551706051482,-7.30904353086583,1.9105598751137143,5.0,120.0,,0.0,0.0,5,0.0,0.0,0.76775,0.0,-0.0,67.91666666666667,0.1875,341,12,2019,250
2019-12-08,0.0,0.0,0,0.0,6.7,20.9,13.983333333333334,11.2,5.491666666666667,-3.407149516807877,1.0808706888642285,57.375,385.0833333333333,600.0,18.791666666666668,,,,,,,,294.82610065767994,0.6338139838683812,0.0,0.0,0.0,0.0,0.0,0.0,,0.75,0,0,0.0,0.0,8.61,15.329999999999995,19.6,1.0,306.6,0.0,0.0,0.0,0.0,,,,,-0.9075863061350669,0.41986557005320735,-0.9075863061350669,0.41986557005320735,-1.9548520352685193,0.6201495577358511,6.0,121.0,,0.0,0.0,6,0.0,0.0,0.7813055555555556,0.0,-0.0,32.95,3.158333333333333,342,12,2019,251
2019-12-09,0.0,0.0,0,0.0,12.6,23.0,18.075,17.7,11.833333333333334,-9.350718892012459,6.818383557227674,41.375,389.1666666666667,600.0,73.95833333333333,,,,,,,,308.99708740649754,0.9751679758313546,0.0,0.0,0.0,0.0,0.0,0.0,,0.041666666666666664,0,0,0.0,0.0,0.0,15.329999999999995,15.68,1.0,306.6,0.0,0.0,0.0,0.0,,,,,-0.7771779515435826,0.6292808845297311,-0.7771779515435826,0.6292808845297311,-3.868859941570155,2.82110619680295,7.0,122.0,,,0.0,6,0.0,0.0,0.7306944444444444,0.0,-0.0,71.0,4.091666666666665,343,12,2019,252
2019-12-10,0.0,0.2,0,0.0,9.9,24.1,18.283333333333335,22.2,11.133333333333333,-4.951050357945939,3.055038582462508,51.75,339.375,600.0,47.416666666666664,,,,,,,,315.1953345005032,0.4107870035273886,0.0,0.0,0.0,0.0,0.0,0.0,,0.20833333333333334,0,0,0.0,0.0,0.0,14.209999999999994,15.54,0.0,306.6,0.0,0.0,0.0,0.0,,,,,-0.7046919867857644,0.7095133569989589,-0.7046919867857644,0.7095133569989589,-2.5621685602370237,1.580982466424348,8.0,123.0,,,0.0,6,0.0,0.0,0.7320833333333333,0.0,-0.0,66.8,0.2083333333333357,344,12,2019,253
2019-12-11,0.0,0.2,0,0.0,8.0,20.2,14.095833333333333,14.0,8.2125,-0.957161903348183,1.8103607625967724,65.875,376.25,600.0,51.5,,,,,,,,345.2757281504263,0.2411832938852912,0.0,0.0,0.0,0.0,0.0,0.0,,0.25,0,0,0.0,0.0,0.0,14.209999999999994,15.54,0.0,306.6,0.0,0.0,0.0,0.0,,,,,-0.25416767933846574,0.967160168110587,-0.25416767933846574,0.967160168110587,-0.6305304038306155,1.1925751523606238,9.0,124.0,,,0.0,6,0.0,0.0,0.80375,0.0,-0.0,49.275000000000006,-4.187500000000002,345,12,2019,254
2019-12-12,0.0,0.0,0,0.0,5.4,18.6,11.091666666666667,15.2,7.625,-2.4229556326024055,-0.9146139562534973,69.79166666666667,373.25,600.0,43.291666666666664,,,,,,,,162.4558561596807,0.187063913491608,0.0,0.0,0.0,0.0,0.0,0.0,,0.4166666666666667,0,0,0.0,0.0,0.0,14.209999999999994,15.33,0.0,306.6,0.0,0.0,0.0,0.0,,,,,0.30144050651664445,-0.9534849873128516,0.30144050651664445,-0.9534849873128516,-1.6910211185870958,-0.6383243236352534,10.0,125.0,,,0.0,6,0.0,0.0,0.8148055555555557,0.0,-0.0,45.75,-3.0041666666666664,346,12,2019,255
2019-12-13,0.0,0.0,0,0.0,6.4,15.3,10.770833333333334,15.8,8.0,-5.857240300675589,1.5666788463338444,72.5,256.625,600.0,85.83333333333333,,,,,,,,291.1271440579573,0.5629000816314568,0.0,0.0,0.0,0.0,0.0,0.0,,0.08333333333333333,0,0,0.0,0.0,0.0,14.209999999999994,15.33,0.0,306.6,0.0,0.0,0.0,0.0,,,,,-0.9327828805008841,0.3604387574116766,-0.9327828805008841,0.3604387574116766,-4.246499217989802,1.1358421635920373,11.0,126.0,,,0.0,6,0.0,0.0,0.7460833333333333,0.0,-0.0,48.0,-0.32083333333333286,347,12,2019,256
2019-12-14,0.0,0.1,0,0.0,7.7,16.3,11.879166666666668,18.6,10.375,-9.119593760358912,3.290089924533307,68.70833333333333,269.7083333333333,600.0,71.83333333333333,,,,,,,,294.34721966037205,0.8720260693693959,0.0,0.0,0.0,0.0,0.0,0.0,,0.041666666666666664,0,0,0.0,0.0,0.0,14.209999999999994,15.33,0.0,306.6,0.0,0.0,0.0,0.0,,,,,-0.9110638223145076,0.4122653413393848,-0.9110638223145076,0.4122653413393848,-6.265920879513269,2.260565952314759,12.0,127.0,,,0.0,6,0.0,0.0,0.7421666666666665,0.0,-0.0,62.25,1.1083333333333343,348,12,2019,257
2019-12-15,0.0,0.0,0,0.0,8.1,17.2,12.333333333333334,27.5,18.591666666666665,-16.759171790599172,7.474247535944538,63.041666666666664,276.375,600.0,88.375,,,,,,,,295.228800893507,0.9818564077124273,0.0,0.0,0.0,0.0,0.0,0.0,,0.041666666666666664,0,0,0.0,0.0,0.0,8.609999999999996,15.33,0.0,306.6,0.0,0.0,0.0,0.0,,,,,-0.9046129115053102,0.4262340675472642,-0.9046129115053102,0.4262340675472642,-10.565261216323561,4.711890217451702,13.0,128.0,,,0.0,6,0.0,0.0,0.7277222222222223,0.0,-0.0,111.54999999999998,0.4541666666666657,349,12,2019,258
2019-12-16,0.0,0.0,0,0.0,7.8,20.8,13.520833333333334,11.2,7.7875000000000005,-4.257575846227533,-2.125725275709533,60.958333333333336,389.6666666666667,600.0,5.625,,,,,,,,234.51029051136055,0.4536284332794952,0.0,0.0,0.0,0.0,0.0,0.0,,0.9166666666666666,0,0,0.0,0.0,0.0,0.0,15.33,0.0,306.6,0.0,0.0,0.0,0.0,,,,,-0.8142198013951982,-0.580556728508045,-0.8142198013951982,-0.580556728508045,-2.5953472762628667,-1.2958066993179365,14.0,129.0,,,0.0,6,0.0,0.0,0.7963055555555556,0.0,-0.0,46.725,1.1875,350,12,2019,259
2019-12-17,0.0,0.0,0,0.0,9.3,23.8,17.266666666666666,11.3,7.408333333333334,0.7075652241695781,-5.219475240729238,56.166666666666664,394.4583333333333,600.0,0.7916666666666666,,,,,,,,177.155090686792,0.5949860122483978,0.0,0.0,0.0,0.0,0.0,0.0,,1.0,0,0,0.0,0.0,0.0,0.0,15.33,0.0,306.6,0.0,0.0,0.0,0.0,,,,,0.04963263432199452,-0.9987675413279404,0.04963263432199452,-0.9987675413279404,0.39741580090857975,-2.9316052602095883,15.0,130.0,,,0.0,6,0.0,0.0,0.7835277777777777,0.0,-0.0,44.45,3.745833333333332,351,12,2019,260
2019-12-18,0.0,0.0,0,0.0,12.2,24.7,19.891666666666666,16.5,11.254166666666668,-9.296264746276139,5.047812738838886,44.25,364.1666666666667,600.0,32.416666666666664,,,,,,,,306.1339900908809,0.895287994941164,0.0,0.0,0.0,0.0,0.0,0.0,,0.2916666666666667,0,0,0.0,0.0,0.0,0.0,15.33,0.0,306.6,0.0,0.0,0.0,0.0,,,,,-0.8076402074823771,0.5896755847564175,-0.8076402074823771,0.5896755847564175,-4.113597150227191,2.233657136936207,16.0,131.0,,,0.0,6,0.0,0.0,0.7236111111111111,0.0,-0.0,67.525,2.625,352,12,2019,261
2019-12-19,0.0,0.7,0,0.0,16.0,27.7,21.7,22.0,13.308333333333332,-9.914047094513146,4.2616879984822,42.458333333333336,351.625,600.0,46.5,,,,,,,,295.8566720265653,0.6126787970878455,0.0,0.0,0.0,0.0,0.0,0.0,,0.16666666666666666,0,0,0.0,0.0,0.0,0.0,15.33,0.0,306.6,0.0,0.0,0.0,0.0,,,,,-0.8998878381236032,0.436121403736652,-0.8998878381236032,0.436121403736652,-4.20933916221204,1.8094416960222344,17.0,132.0,,,0.0,6,0.0,0.0,0.7092777777777779,0.0,-0.0,79.85,1.8083333333333336,353,12,2019,262
2019-12-20,0.0,0.0,0,0.0,17.1,29.1,24.09583333333333,16.8,12.35,-10.814576789930413,1.9993287677640017,31.375,383.9166666666667,600.0,2.625,,,,,,,,284.5846161207399,0.8725696751162921,0.0,0.0,0.0,0.0,0.0,0.0,,0.9583333333333334,0,0,0.0,0.0,0.0,0.0,15.33,0.0,306.6,0.0,0.0,0.0,0.0,,,,,-0.9677768160566997,0.2518095198819075,-0.9677768160566997,0.2518095198819075,-3.3930734678406673,0.6272894008859555,18.0,133.0,,,0.0,6,0.0,0.0,0.6938611111111112,0.0,-0.0,74.1,2.395833333333332,354,12,2019,263
2019-12-21,0.0,0.5,0,0.0,11.2,28.9,22.45,22.0,12.987499999999999,-7.636650579130897,5.350144268285809,44.291666666666664,338.375,600.0,42.666666666666664,,,,,,,,306.90607245246076,0.49657680993261427,0.0,0.0,0.0,0.0,0.0,0.0,,0.4166666666666667,0,0,0.0,0.0,0.0,0.0,15.33,0.0,306.6,0.0,0.0,0.0,0.0,,,,,-0.799621018885164,0.600504975963607,-0.799621018885164,0.600504975963607,-3.382399819006727,2.3696680654949227,19.0,134.0,,,0.0,6,0.0,0.0,0.7065555555555555,0.0,-0.0,77.925,-1.6458333333333321,355,12,2019,264
2019-12-22,0.0,0.0,0,0.0,9.8,21.3,15.416666666666666,13.9,8.020833333333334,6.294569452289991,-1.7780120141776778,61.666666666666664,397.4583333333333,600.0,33.125,,,,,,,,108.52612961833937,0.7991561253060838,0.0,0.0,0.0,0.0,0.0,0.0,,0.5416666666666666,0,0,0.0,0.0,0.0,0.0,15.33,0.0,306.6,0.0,0.0,0.0,0.0,,,,,0.9481788504817724,-0.3177371043788634,0.9481788504817724,-0.3177371043788634,3.881651162245494,-1.0964407420762345,20.0,135.0,,,0.0,6,0.0,0.0,0.803861111111111,0.0,-0.0,48.125,-7.033333333333333,356,12,2019,265
2019-12-23,0.0,0.0,0,0.0,11.3,23.5,17.595833333333335,13.4,9.095833333333333,-4.768384979053782,2.065238392050873,50.166666666666664,398.25,600.0,38.791666666666664,,,,,,,,293.2765614270284,0.45163076021309495,0.0,0.0,0.0,0.0,0.0,0.0,,0.5416666666666666,0,0,0.0,0.0,0.0,0.0,15.33,0.0,306.6,0.0,0.0,0.0,0.0,,,,,-0.918608114350218,0.39516975118287684,-0.918608114350218,0.39516975118287684,-2.392139797825314,1.036061260012188,21.0,136.0,,,0.0,6,0.0,0.0,0.7660555555555555,0.0,-0.0,54.575,2.179166666666669,357,12,2019,266
2019-12-24,0.0,0.7,0,0.0,10.4,21.0,15.129166666666668,15.0,8.804166666666667,6.929786169270639,-2.610252975409288,67.66666666666667,371.8333333333333,600.0,41.958333333333336,,,,,,,,107.4488895976231,0.8139258524115563,0.0,0.0,0.0,0.0,0.0,0.0,,0.4166666666666667,0,0,0.0,0.0,0.0,0.0,15.33,0.0,306.6,0.0,0.0,0.0,0.0,,,,,0.9539848143012676,-0.29985492172478334,0.9539848143012676,-0.29985492172478334,4.689155307873133,-1.7662711800269517,22.0,137.0,,,0.0,6,0.0,0.0,0.8067777777777777,0.0,-0.0,52.825,-2.466666666666667,358,12,2019,267
2019-12-25,0.0,0.0,0,0.0,9.5,22.6,16.241666666666667,12.9,9.179166666666667,-3.237655390780672,1.1657434451984614,64.79166666666667,339.7083333333333,600.0,44.708333333333336,,,,,,,,302.8651028484965,0.2868142894300617,0.0,0.0,0.0,0.0,0.0,0.0,,0.375,0,0,0.0,0.0,0.0,0.0,15.33,0.0,306.6,0.0,0.0,0.0,0.0,,,,,-0.8399505401457708,0.5426629617993364,-0.8399505401457708,0.5426629617993364,-2.097730888609977,0.7553046072015032,23.0,138.0,,,0.0,6,0.0,0.0,0.7757777777777778,0.0,-0.0,55.075,1.112499999999999,359,12,2019,268
2019-12-26,0.0,0.5,0,0.0,12.3,24.9,18.0125,13.5,8.604166666666666,-0.4702463128201347,0.6130368348930415,64.5,371.75,600.0,11.458333333333334,,,,,,,,356.37708549319626,0.18749609852442473,0.0,0.0,0.0,0.0,0.0,0.0,,0.75,0,0,0.0,0.0,0.0,0.0,14.209999999999999,0.0,306.6,0.0,0.0,0.0,0.0,,,,,-0.06318965890971125,0.9980015365754075,-0.06318965890971125,0.9980015365754075,-0.3033088717689869,0.39540875850601176,24.0,139.0,,,0.0,6,0.0,0.0,0.7961666666666667,0.0,-0.0,51.625,1.7708333333333321,360,12,2019,269
2019-12-27,0.0,0.1,0,0.0,13.2,25.7,20.579166666666666,13.5,9.383333333333333,-4.698087111689259,5.274173064965638,50.166666666666664,353.125,600.0,19.666666666666668,,,,,,,,321.65358898117563,0.6837530611333621,0.0,0.0,0.0,0.0,0.0,0.0,,0.5416666666666666,0,0,0.0,0.0,0.0,0.0,14.209999999999999,0.0,306.6,0.0,0.0,0.0,0.0,,,,,-0.6204145169428864,0.7842740765615837,-0.6204145169428864,0.7842740765615837,-2.356873701030778,2.6458768209244283,25.0,140.0,,,0.0,6,0.0,0.0,0.7359722222222222,0.0,-0.0,56.3,2.5666666666666664,361,12,2019,270
2019-12-28,0.0,0.30000000000000004,0,0.0,17.5,25.7,21.47083333333333,25.1,15.695833333333333,-12.65053783231358,7.470249083679075,42.625,281.2916666666667,600.0,60.416666666666664,,,,,,,,301.7698691604637,0.8653661728796687,0.0,0.0,0.0,0.0,0.0,0.0,,0.2916666666666667,0,0,0.0,0.0,0.0,0.0,14.209999999999999,0.0,306.6,0.0,0.0,0.0,0.0,,,,,-0.850169692209625,0.5265087790798852,-0.850169692209625,0.5265087790798852,-5.392291751023663,3.184193671918206,26.0,141.0,,,0.0,6,0.0,0.0,0.6629444444444444,0.0,-0.0,94.175,0.8916666666666657,362,12,2019,271
2019-12-29,0.0,1.2,0,0.0,16.4,25.0,19.95,18.1,8.6,-6.089312830555088,5.227201018755377,55.25,230.29166666666666,600.0,80.45833333333333,,,,,,,,317.8737933196157,0.9265185758882355,0.0,0.0,0.0,0.0,0.0,0.0,,0.08333333333333333,0,0,0.0,0.0,0.0,0.0,14.209999999999999,0.0,306.6,0.0,0.0,0.0,0.0,,,,,-0.6707659232685927,0.7416691150247746,-0.6707659232685927,0.7416691150247746,-3.3643453388816864,2.8880285628623454,27.0,142.0,,,0.0,6,0.0,0.0,0.6710277777777778,0.0,-0.0,51.599999999999994,-1.5208333333333321,363,12,2019,272
2019-12-30,0.0,0.0,0,0.0,18.2,28.1,23.304166666666664,25.7,16.183333333333334,-11.860602012710698,10.67661709549514,31.208333333333332,377.5416666666667,600.0,15.083333333333334,,,,,,,,315.0996355555303,0.9793233246388376,0.0,0.0,0.0,0.0,0.0,0.0,,0.5833333333333334,0,0,0.0,0.0,0.0,0.0,14.209999999999999,0.0,306.6,0.0,0.0,0.0,0.0,,,,,-0.7058760762412294,0.7083353478334158,-0.7058760762412294,0.7083353478334158,-3.701496211466797,3.3319942518857744,28.0,143.0,,,0.0,6,0.0,0.0,0.6890555555555555,0.0,-0.0,97.1,3.3541666666666643,364,12,2019,273
2019-12-31,0.0,2.1,0,0.0,11.5,25.2,20.0625,26.6,16.283333333333335,-8.697956162859695,12.10313925620102,47.5,301.7916666666667,600.0,67.66666666666667,,,,,,,,335.8809874146359,0.7434634077054642,0.0,0.0,0.0,0.0,0.0,0.0,,0.16666666666666666,0,0,0.0,0.0,0.0,0.0,8.61,0.0,306.6,0.0,0.0,0.0,0.0,,,,,-0.4086333456806311,0.91269862977757,-0.4086333456806311,0.91269862977757,-4.131529177358355,5.748991146695484,29.0,144.0,,,0.0,6,0.0,0.0,0.6928611111111111,0.0,-0.0,97.70000000000002,-3.2416666666666636,365,12,2019,274
2020-01-01,0.0,0.0,0,0.0,10.4,23.7,17.116666666666667,14.5,9.799999999999999,-4.17092345508919,4.197993524570684,54.208333333333336,401.9583333333333,600.0,2.2083333333333335,,,,,,,,324.2423687229404,0.5363941342018079,0.0,0.0,0.0,0.0,0.0,0.0,,0.9583333333333334,0,0,0.0,0.0,0.0,0.0,0.0,0.0,306.6,0.0,0.0,0.0,0.0,,,,,-0.5843577547327304,0.8114961580215411,-0.5843577547327304,0.8114961580215411,-2.2609880896129315,2.275662323111025,30.0,145.0,,,0.0,6,0.0,0.0,0.782,0.0,-0.0,58.8,-2.945833333333333,1,1,2019,275
2020-01-02,0.0,0.0,0,0.0,10.0,27.0,18.5,11.9,8.545833333333333,-2.732532071738401,1.9502077542996539,44.666666666666664,402.0,600.0,11.5,,,,,,,,310.105795083811,0.4059286739891764,0.0,0.0,0.0,0.0,0.0,0.0,,0.8333333333333334,0,0,0.0,0.0,0.0,0.0,0.0,0.0,306.6,0.0,0.0,0.0,0.0,,,,,-0.7648562482210143,0.6442009931358955,-0.7648562482210143,0.6442009931358955,-1.2205309920431524,0.871092796920512,31.0,146.0,,,0.0,6,0.0,0.0,0.7502222222222222,0.0,-0.0,51.27499999999999,1.3833333333333329,2,1,2019,276
2020-01-03,0.0,0.0,0,0.0,12.1,27.0,20.945833333333333,17.6,11.995833333333332,-8.763232747027368,7.602470498823777,30.875,400.9166666666667,600.0,27.583333333333332,,,,,,,,313.2480056828419,0.9577294616074752,0.0,0.0,0.0,0.0,0.0,0.0,,0.4583333333333333,0,0,0.0,0.0,0.0,0.0,0.0,0.0,306.6,0.0,0.0,0.0,0.0,,,,,-0.7283948188800876,0.6851576372110613,-0.7283948188800876,0.6851576372110613,-2.7056481106447,2.3472627665118413,32.0,147.0,,,0.0,6,0.0,0.0,0.7035277777777779,0.0,-0.0,71.975,2.445833333333333,3,1,2019,277
2020-01-04,0.0,0.0,0,0.0,13.5,32.1,23.291666666666668,28.8,16.516666666666666,-9.094228560276967,7.10476816188551,41.416666666666664,343.1666666666667,600.0,30.708333333333332,,,,,,,,314.7143549039904,0.4469642790596816,0.0,0.0,0.0,0.0,0.0,0.0,,0.5,0,0,0.0,0.0,0.0,0.0,0.0,0.0,306.6,0.0,0.0,0.0,0.0,,,,,-0.7106232228193317,0.7035727646731833,-0.7106232228193317,0.7035727646731833,-3.7665263287147104,2.942558147047582,33.0,148.0,,,0.0,6,0.0,0.0,0.7001666666666666,0.0,-0.0,99.1,2.345833333333335,4,1,2019,278
2020-01-05,0.0,7.8,0,0.0,10.0,15.2,12.933333333333332,12.9,9.704166666666667,9.079595002861403,1.413548859385018,89.0,133.625,600.0,90.04166666666667,,,,,,,,80.8846680091493,0.9489505670454244,0.0,0.0,0.0,0.0,0.0,0.0,,0.0,0,0,0.0,0.0,0.0,0.0,0.0,0.0,306.6,0.0,0.0,0.0,0.0,,,,,0.9873714492930836,0.15842228732370825,0.9873714492930836,0.15842228732370825,8.080839552546648,1.2580584848526661,34.0,149.0,,,0.0,6,0.0,0.0,0.7190833333333333,0.0,-0.0,58.22500000000001,-10.358333333333336,5,1,2019,279
2020-01-06,0.0,5.9,0,0.0,9.9,17.4,13.612499999999999,9.7,6.483333333333333,-1.6236516793106066,4.858355145305608,90.16666666666667,141.375,467.0,93.04166666666667,,,,,,,,340.8027880897504,0.8045309270328415,0.0,0.0,0.0,0.0,0.0,0.0,,0.0,0,0,0.0,0.0,0.0,0.0,0.0,0.0,306.6,0.0,0.0,0.0,0.0,,,,,-0.3288206917239433,0.9443923722130476,-0.3288206917239433,0.9443923722130476,-1.4639925975117305,4.380616889350557,35.0,150.0,,,0.0,6,0.0,0.0,0.728138888888889,0.0,-0.0,38.9,0.6791666666666671,6,1,2019,280
2020-01-07,0.0,3.6,0,0.0,12.1,21.1,16.154166666666665,21.1,12.379166666666668,-7.532902196508341,4.362207233376004,80.45833333333333,318.8333333333333,600.0,43.208333333333336,,,,,,,,306.82277305788864,0.5605337133366469,0.0,0.0,0.0,0.0,0.0,0.0,,0.125,0,0,0.0,0.0,0.0,0.0,0.0,0.0,306.6,0.0,0.0,0.0,0.0,,,,,-0.8004932168866313,0.5993418137578027,-0.8004932168866313,0.5993418137578027,-6.060847558940669,3.509759236520443,36.0,151.0,,,0.0,6,0.0,0.0,0.8140833333333334,0.0,-0.0,74.275,2.541666666666666,7,1,2019,281
2020-01-08,0.0,2.0,0,0.0,13.0,22.5,16.445833333333333,14.3,7.858333333333333,3.389863335364226,-1.8077776261979566,79.79166666666667,302.0416666666667,600.0,80.54166666666667,,,,,,,,104.8984987526177,0.2355308874450636,0.0,0.0,0.0,0.0,0.0,0.0,,0.08333333333333333,0,0,0.0,0.0,0.0,0.0,0.0,0.0,306.6,0.0,0.0,0.0,0.0,,,,,0.9663828163084084,-0.2571074723609352,0.9663828163084084,-0.2571074723609352,2.704828453009372,-1.442455897570453,37.0,152.0,,,0.0,6,0.0,0.0,0.8006666666666667,0.0,-0.0,47.15,0.29166666666666785,8,1,2019,282
2020-01-09,0.0,2.4,0,0.0,11.7,22.5,16.233333333333334,13.6,9.737499999999999,7.148835483813404,5.579774311207955,80.79166666666667,308.3333333333333,600.0,61.708333333333336,,,,,,,,51.35249958703563,0.9357994815384412,0.0,0.0,0.0,0.0,0.0,0.0,,0.16666666666666666,0,0,0.0,0.0,0.0,0.0,0.0,0.0,306.6,0.0,0.0,0.0,0.0,,,,,0.7810029836377662,0.6245272928775067,0.7810029836377662,0.6245272928775067,5.775663334630913,4.507992662263427,38.0,153.0,,,0.0,6,0.0,0.0,0.8081944444444445,0.0,-0.0,58.425,-0.21249999999999858,9,1,2019,283
2020-01-10,0.0,2.1,0,0.0,13.7,26.6,20.5625,25.2,17.283333333333335,-13.241132822201989,8.873815167674193,55.25,321.375,600.0,85.91666666666667,,,,,,,,301.58549784013684,0.8075639245488155,0.0,0.0,0.0,0.0,0.0,0.0,,0.0,0,0,0.0,0.0,0.0,0.0,0.0,0.0,306.6,0.0,0.0,0.0,0.0,,,,,-0.8518595331610374,0.5237703082102493,-0.8518595331610374,0.5237703082102493,-7.315725884266599,4.902782880139992,39.0,154.0,,,0.0,6,0.0,0.0,0.7317499999999999,0.0,-0.0,103.70000000000002,4.329166666666666,10,1,2019,284
2020-01-11,0.0,2.2,0,0.0,5.8,20.9,12.508333333333333,11.6,7.2625,-0.20565609523156247,-4.138842454649864,69.58333333333333,380.75,600.0,47.583333333333336,,,,,,,,184.342588940172,0.6086731093596014,0.0,0.0,0.0,0.0,0.0,0.0,,0.4166666666666667,0,0,0.0,0.0,0.0,0.0,0.0,0.0,306.6,0.0,0.0,0.0,0.0,,,,,-0.07571993093661228,-0.9971291250680399,-0.07571993093661228,-0.9971291250680399,-0.14310236626529554,-2.8799445413605302,40.0,155.0,,,0.0,6,0.0,0.0,0.819111111111111,0.0,-0.0,43.575,-8.054166666666667,11,1,2019,285
2020-01-12,0.0,0.0,0,0.0,4.0,18.9,11.470833333333333,14.2,7.670833333333333,5.0402852097574735,-2.3898790593575536,72.0,352.0833333333333,600.0,45.0,,,,,,,,114.32363056836877,0.6283755905779892,0.0,0.0,0.0,0.0,0.0,0.0,,0.4166666666666667,0,0,0.0,0.0,0.0,0.0,0.0,0.0,306.6,0.0,0.0,0.0,0.0,,,,,0.9112334777557782,-0.41189021476251353,0.9112334777557782,-0.41189021476251353,3.6290053510253806,-1.7207129227374387,41.0,156.0,,,0.0,6,0.0,0.0,0.8080555555555554,0.0,-0.0,46.025,-1.0374999999999996,12,1,2019,286
2020-01-13,0.0,0.0,0,0.0,8.1,21.2,15.154166666666667,12.9,6.7625,-2.055116757791584,1.8803317400344437,64.58333333333333,344.5833333333333,600.0,34.208333333333336,,,,,,,,315.72986690579523,0.356482112781001,0.0,0.0,0.0,0.0,0.0,0.0,,0.5,0,0,0.0,0.0,0.0,0.0,0.0,0.0,306.6,0.0,0.0,0.0,0.0,,,,,-0.6980421172247779,0.716056703467225,-0.6980421172247779,0.716056703467225,-1.3272629060737313,1.2143809154389116,42.0,157.0,,,0.0,6,0.0,0.0,0.7783333333333333,0.0,-0.0,40.575,3.6833333333333336,13,1,2019,287
2020-01-14,0.0,0.0,0,0.0,12.1,23.2,17.349999999999998,11.3,7.379166666666666,2.156069255945557,-0.7419620966226447,59.916666666666664,293.4583333333333,600.0,37.833333333333336,,,,,,,,90.52972490574857,0.09040553336251765,0.0,0.0,0.0,0.0,0.0,0.0,,0.5416666666666666,0,0,0.0,0.0,0.0,0.0,0.0,0.0,306.6,0.0,0.0,0.0,0.0,,,,,0.9999572611895081,-0.009245312021664669,0.9999572611895081,-0.009245312021664669,1.2918448291873796,-0.4445589562264013,43.0,158.0,,,0.0,6,0.0,0.0,0.7286944444444444,0.0,-0.0,44.275,2.195833333333331,14,1,2019,288
2020-01-15,0.0,2.2,0,0.0,13.2,22.0,17.333333333333332,14.5,9.225,-7.112597848700269,4.447460367049598,70.5,269.2916666666667,600.0,63.083333333333336,,,,,,,,306.8631982335425,0.9061757828263471,0.0,0.0,0.0,0.0,0.0,0.0,,0.25,0,0,0.0,0.0,0.0,0.0,0.0,0.0,306.6,0.0,0.0,0.0,0.0,,,,,-0.8000701506126555,0.5999064544565618,-0.8000701506126555,0.5999064544565618,-5.01438148333369,3.1354595587699667,44.0,159.0,,,0.0,6,0.0,0.0,0.7478611111111112,0.0,-0.0,55.349999999999994,-0.01666666666666572,15,1,2019,289
2020-01-16,0.0,8.5,0,0.0,10.6,20.6,15.358333333333334,12.6,9.066666666666666,-1.7723979316703318,1.3713030972297264,81.25,283.5416666666667,600.0,83.83333333333333,,,,,,,,313.76131140301425,0.19033082814690686,0.0,0.0,0.0,0.0,0.0,0.0,,0.0,0,0,0.0,0.0,0.0,0.0,0.0,0.0,306.6,0.0,0.0,0.0,0.0,,,,,-0.7222274286285205,0.6916556522841661,-0.7222274286285205,0.6916556522841661,-1.4400733194821445,1.1141837664991527,45.0,160.0,,,0.0,6,0.0,0.0,0.7931944444444445,0.0,-0.0,54.4,-1.9749999999999979,16,1,2019,290
2020-01-17,0.0,5.8,0,0.0,9.6,14.2,11.450000000000001,13.1,9.745833333333334,9.521886705888,0.05890201322778349,95.08333333333333,161.5,531.0,96.5,,,,,,,,91.77507410711556,0.9736169119212487,0.0,0.0,0.0,0.0,0.0,0.0,,0.0,0,0,0.0,0.0,0.0,0.0,0.0,0.0,306.6,0.0,0.0,0.0,0.0,,,,,0.999520130684646,-0.030975931885064815,0.999520130684646,-0.030975931885064815,9.05372727618184,0.05600599757741746,46.0,161.0,,,0.0,6,0.0,0.0,0.7401666666666666,0.0,-0.0,58.475,-3.908333333333333,17,1,2019,291
2020-01-18,0.0,18.5,0,0.0,10.1,17.6,13.125,11.8,8.916666666666666,7.060215671096981,3.9855662401959244,89.75,245.0,600.0,75.20833333333333,,,,,,,,62.41115542194793,0.883558779204882,0.0,0.0,0.0,0.0,0.0,0.0,,0.0,0,0,0.0,0.0,0.0,0.0,0.0,0.0,306.6,0.0,0.0,0.0,0.0,,,,,0.8862937656354472,0.4631234835286794,0.8862937656354472,0.4631234835286794,6.33654356480954,3.577045700575842,47.0,162.0,,,0.0,6,0.0,0.0,0.7958333333333334,0.0,-0.0,53.5,1.674999999999999,18,1,2019,292
2020-01-19,0.0,15.6,0,0.0,10.9,19.3,14.5625,10.0,5.295833333333333,1.8381614295754085,1.1186638409344367,80.04166666666667,219.75,600.0,84.08333333333333,,,,,,,,53.935526690499174,0.3179922022465949,0.0,0.0,0.0,0.0,0.0,0.0,,0.041666666666666664,0,0,0.0,0.0,0.0,0.0,0.0,0.0,306.6,0.0,0.0,0.0,0.0,,,,,0.8083550643009371,0.5886952437543791,0.8083550643009371,0.5886952437543791,1.4712950442559833,0.8953971826812722,48.0,163.0,,,0.0,6,0.0,0.0,0.746638888888889,0.0,-0.0,31.775,1.4375,19,1,2019,293
2020-01-20,0.0,31.3,0,0.0,8.1,15.7,11.908333333333333,15.1,7.570833333333333,-3.932347090545079,4.857418612248005,91.83333333333333,181.70833333333334,600.0,89.125,,,,,,,,340.3217300674463,0.6772643825131003,0.0,0.0,0.0,0.0,0.0,0.0,,0.0,0,0,0.0,0.0,0.0,0.0,0.0,0.0,306.6,0.0,0.0,0.0,0.0,,,,,-0.33673817091708114,0.9415983242590328,-0.33673817091708114,0.9415983242590328,-3.6112054114838976,4.460729425581085,49.0,164.0,,,0.0,6,0.0,0.0,0.7605833333333334,0.0,-0.0,45.425,-2.654166666666667,20,1,2019,294
2020-01-21,0.0,3.0,0,0.0,8.5,16.1,12.1625,16.7,13.166666666666666,-11.286539670356682,6.100010908973043,88.04166666666667,283.3333333333333,600.0,73.08333333333333,,,,,,,,297.3118601507947,0.9732271895740833,0.0,0.0,0.0,0.0,0.0,0.0,,0.0,0,0,0.0,0.0,0.0,0.0,0.0,0.0,306.6,0.0,0.0,0.0,0.0,,,,,-0.8885222737648013,0.458833487251996,-0.8885222737648013,0.458833487251996,-9.93685763477653,5.37055127110835,50.0,165.0,,,0.0,6,0.0,0.0,0.8156944444444445,0.0,-0.0,79.0,0.25416666666666643,21,1,2019,295
2020-01-22,0.0,0.0,0,0.0,10.0,20.2,15.470833333333333,21.9,18.341666666666665,-13.15428043231231,12.383384659425689,59.416666666666664,286.5416666666667,600.0,49.791666666666664,,,,,,,,314.28677717738935,0.9836915813639114,0.0,0.0,0.0,0.0,0.0,0.0,,0.2916666666666667,0,0,0.0,0.0,0.0,0.0,0.0,0.0,306.6,0.0,0.0,0.0,0.0,,,,,-0.7158538961737314,0.6982500979827275,-0.7158538961737314,0.6982500979827275,-7.815834956865563,7.357794385142097,51.0,166.0,,,0.0,6,0.0,0.0,0.7224166666666667,0.0,-0.0,110.04999999999998,3.3083333333333336,22,1,2019,296
2020-01-23,0.0,5.3,0,0.0,10.2,20.8,15.4375,43.3,30.654166666666665,-22.79481991866339,20.107382581741145,61.0,309.2083333333333,600.0,87.58333333333333,,,,,,,,311.72562484387106,0.9897398154067931,0.0,0.0,0.0,0.0,0.0,0.0,,0.0,0,0,0.0,0.0,0.0,0.0,0.0,0.0,306.6,0.0,0.0,0.0,0.0,,,,,-0.7463405913993009,0.6655642130025786,-0.7463405913993009,0.6655642130025786,-13.904840150384668,12.2655033748621,52.0,167.0,,,0.0,6,0.0,0.0,0.7428055555555555,0.0,-0.0,183.92499999999998,-0.033333333333333215,23,1,2019,297
2020-01-24,0.0,0.2,0,0.0,7.3,16.5,11.583333333333334,23.4,14.575000000000001,-10.901582901078273,7.538426966929156,68.41666666666667,377.0,600.0,25.666666666666668,,,,,,,,307.5285784452444,0.7908314255338263,0.0,0.0,0.0,0.0,0.0,0.0,,0.5833333333333334,0,0,0.0,0.0,0.0,0.0,0.0,0.0,306.6,0.0,0.0,0.0,0.0,,,,,-0.7930495987407519,0.6091570683634332,-0.7930495987407519,0.6091570683634332,-7.4584996348210515,5.1575404498740305,53.0,168.0,,,0.0,6,0.0,0.0,0.8127222222222222,0.0,-0.0,87.45,-3.854166666666666,24,1,2019,298
2020-01-25,0.0,0.1,0,0.0,8.3,22.0,15.191666666666668,11.2,8.362499999999999,-3.8096950620616084,5.14292775886321,60.583333333333336,380.9583333333333,600.0,13.375,,,,,,,,327.3482365817667,0.6808533120367951,0.0,0.0,0.0,0.0,0.0,0.0,,0.75,0,0,0.0,0.0,0.0,0.0,0.0,0.0,306.6,0.0,0.0,0.0,0.0,,,,,-0.5395316719750092,0.8419653050665753,-0.5395316719750092,0.8419653050665753,-2.3080402584323245,3.115757067244628,54.0,169.0,,,0.0,6,0.0,0.0,0.78925,0.0,-0.0,50.175,3.6083333333333343,25,1,2019,299
2020-01-26,0.0,0.0,0,0.0,13.5,22.2,17.183333333333334,19.1,12.15,-6.606103667747797,7.4506665029872465,59.416666666666664,375.9166666666667,600.0,20.916666666666668,,,,,,,,328.91077311702065,0.6848670057939993,0.0,0.0,0.0,0.0,0.0,0.0,,0.6666666666666666,0,0,0.0,0.0,0.0,0.0,0.0,0.0,306.6,0.0,0.0,0.0,0.0,,,,,-0.5163723189514249,0.8563641913466069,-0.5163723189514249,0.8563641913466069,-3.9251265959201493,4.426937680524922,55.0,170.0,,,0.0,6,0.0,0.0,0.782,0.0,-0.0,72.9,1.9916666666666654,26,1,2019,300
2020-01-27,0.0,0.0,0,0.0,13.0,23.8,17.962500000000002,17.3,11.875,-5.638177786186884,5.975117730256819,64.41666666666667,360.125,600.0,58.5,,,,,,,,328.38683024654216,0.5555364455461088,0.0,0.0,0.0,0.0,0.0,0.0,,0.2916666666666667,0,0,0.0,0.0,0.0,0.0,0.0,0.0,306.6,0.0,0.0,0.0,0.0,,,,,-0.5241816662973319,0.8516064705706226,-0.5241816662973319,0.8516064705706226,-3.631926190602052,3.8489716712404345,56.0,171.0,,,0.0,6,0.0,0.0,0.7881388888888888,0.0,-0.0,71.25,0.7791666666666686,27,1,2019,301
2020-01-28,0.0,0.0,0,0.0,12.9,23.5,17.883333333333333,18.1,11.429166666666667,-5.9424405766838495,4.7917319382139025,57.0,353.625,600.0,77.95833333333333,,,,,,,,321.33030561418934,0.48195314755555885,0.0,0.0,0.0,0.0,0.0,0.0,,0.08333333333333333,0,0,0.0,0.0,0.0,0.0,0.0,0.0,306.6,0.0,0.0,0.0,0.0,,,,,-0.6248297736918295,0.7807610094697462,-0.6248297736918295,0.7807610094697462,-3.387191128709794,2.7312872047819248,57.0,172.0,,,0.0,6,0.0,0.0,0.7590833333333333,0.0,-0.0,68.575,-0.07916666666666927,28,1,2019,302
2020-01-29,0.0,0.0,0,0.0,12.3,25.3,18.087500000000002,9.7,7.5,0.45210360151165646,-0.21158119567159828,67.04166666666667,359.5,600.0,35.0,,,,,,,,114.80632031364608,0.08661244088083009,0.0,0.0,0.0,0.0,0.0,0.0,,0.5416666666666666,0,0,0.0,0.0,0.0,0.0,0.0,0.0,306.6,0.0,0.0,0.0,0.0,,,,,0.9077312031320511,-0.41955221708440404,0.9077312031320511,-0.41955221708440404,0.30309778951343974,-0.14184755993150067,58.0,173.0,,,0.0,6,0.0,0.0,0.7964722222222221,0.0,-0.0,45.0,0.20416666666666927,29,1,2019,303
2020-01-30,0.0,0.0,0,0.0,13.9,27.5,21.379166666666666,14.5,9.862499999999999,-6.67996183856611,6.455413309334822,43.708333333333336,372.4166666666667,600.0,0.0,,,,,,,,315.8199232847928,0.9384577549760434,0.0,0.0,0.0,0.0,0.0,0.0,,1.0,0,0,0.0,0.0,0.0,0.0,0.0,0.0,306.6,0.0,0.0,0.0,0.0,,,,,-0.6969157715953912,0.7171529873754975,-0.6969157715953912,0.7171529873754975,-2.919699986939938,2.8215535672884284,59.0,174.0,,,0.0,6,0.0,0.0,0.7273055555555555,0.0,-0.0,59.175,3.2916666666666643,30,1,2019,304
2020-01-31,0.0,0.0,0,0.0,18.9,30.6,25.079166666666666,17.9,11.5875,-8.382720659205576,7.716338109172643,36.083333333333336,345.3333333333333,600.0,3.1666666666666665,,,,,,,,315.9768744040991,0.9800156254998558,0.0,0.0,0.0,0.0,0.0,0.0,,1.0,0,0,0.0,0.0,0.0,0.0,0.0,0.0,306.6,0.0,0.0,0.0,0.0,,,,,-0.6949486522090889,0.7190593652771451,-0.6949486522090889,0.7190593652771451,-3.0247650378633453,2.7843120010597953,60.0,175.0,,,0.0,6,0.0,0.0,0.6838333333333333,0.0,-0.0,69.525,3.6999999999999993,31,1,2019,305
2020-02-01,0.0,0.7,0,0.0,21.2,28.3,24.754166666666666,28.2,18.008333333333333,-14.186552529739371,10.867420112606363,49.75,308.4166666666667,600.0,23.625,,,,,,,,309.4502157918009,0.9906756612024389,0.0,0.0,0.0,0.0,0.0,0.0,,0.5416666666666666,0,0,0.0,0.0,0.0,0.0,0.0,0.0,306.6,0.0,0.0,0.0,0.0,,,,,-0.7721769793511176,0.635407516921372,-0.7721769793511176,0.635407516921372,-7.057809883545337,5.406541506021665,61.0,176.0,,,0.0,6,0.0,0.0,0.7047777777777777,0.0,-0.0,108.05,-0.3249999999999993,32,2,2019,306
2020-02-02,0.0,11.9,0,0.0,10.2,20.6,17.3875,27.7,19.283333333333335,-16.060517061372547,10.445462511574616,73.0,236.0,600.0,59.416666666666664,,,,,,,,304.2211070532888,0.9913723809822004,0.0,0.0,0.0,0.0,0.0,0.0,,0.125,0,0,0.0,0.0,0.0,0.0,0.0,0.0,306.6,0.0,0.0,0.0,0.0,,,,,-0.8268734536252655,0.5623880259125595,-0.8268734536252655,0.5623880259125595,-11.724177454801959,7.62518763344947,62.0,177.0,,,0.0,6,0.0,0.0,0.734,0.0,-0.0,115.70000000000002,-7.366666666666667,33,2,2019,307
2020-02-03,0.0,0.0,0,0.0,2.0,16.8,10.291666666666666,22.5,16.691666666666666,-12.252873174047918,2.548198867508715,66.0,346.875,600.0,17.708333333333332,,,,,,,,272.63242870018564,0.6110990840654525,0.0,0.0,0.0,0.0,0.0,0.0,,0.6666666666666666,0,0,0.0,0.0,0.0,0.0,0.0,0.0,306.6,0.0,0.0,0.0,0.0,,,,,-0.9989447348976546,0.04592838577889061,-0.9989447348976546,0.04592838577889061,-8.086896294871627,1.6818112525557518,63.0,178.0,,,0.0,6,0.0,0.0,0.7845833333333334,0.0,-0.0,100.15,-7.095833333333333,34,2,2019,308
2020-02-04,0.0,0.0,0,0.0,0.4,19.4,9.987499999999999,11.5,5.791666666666667,4.382808782480689,-0.4500763612716798,65.20833333333333,362.75,600.0,10.333333333333334,,,,,,,,100.12021789818549,0.6520969746304615,0.0,0.0,0.0,0.0,0.0,0.0,,0.7916666666666666,0,0,0.0,0.0,0.0,0.0,0.0,0.0,306.6,0.0,0.0,0.0,0.0,,,,,0.9844412372201147,-0.1757141157122268,0.9844412372201147,-0.1757141157122268,2.8579565602426156,-0.29348729391257455,64.0,179.0,,,0.0,6,0.0,0.0,0.7925277777777778,0.0,-0.0,34.75,-0.30416666666666714,35,2,2019,309
2020-02-05,0.0,0.2,0,0.0,7.9,22.6,15.174999999999999,15.5,9.366666666666667,0.6028689825336991,0.769416995005228,54.583333333333336,337.4166666666667,600.0,25.291666666666668,,,,,,,,313.45141997729576,0.1871803226069707,0.0,0.0,0.0,0.0,0.0,0.0,,0.6666666666666666,0,0,0.0,0.0,0.0,0.0,0.0,0.0,306.6,0.0,0.0,0.0,0.0,,,,,-0.7259577532103193,0.6877392969387638,-0.7259577532103193,0.6877392969387638,0.3290659862996441,0.4199734431070203,65.0,180.0,,,0.0,6,0.0,0.0,0.7402222222222222,0.0,-0.0,56.2,5.1875,36,2,2019,310
2020-02-06,0.0,5.6,0,0.0,9.7,19.9,14.166666666666666,11.5,7.758333333333333,4.761689962196512,3.8854449819553345,79.29166666666667,228.04166666666666,600.0,61.333333333333336,,,,,,,,48.54779705640486,0.6334188742986522,0.0,0.0,0.0,0.0,0.0,0.0,,0.2916666666666667,0,0,0.0,0.0,0.0,0.0,0.0,0.0,306.6,0.0,0.0,0.0,0.0,,,,,0.7495082283704375,0.6619950268733203,0.7495082283704375,0.6619950268733203,3.775623332524985,3.080834083608751,66.0,181.0,,,0.0,6,0.0,0.0,0.7496666666666667,0.0,-0.0,46.55,-1.0083333333333329,37,2,2019,311
2020-02-07,0.0,0.8,0,0.0,10.2,17.8,14.025,18.8,11.216666666666667,9.209248730826886,2.699543599993494,72.16666666666667,243.5,600.0,40.0,,,,,,,,57.06656027373147,0.7337136068350699,0.0,0.0,0.0,0.0,0.0,0.0,,0.375,0,0,0.0,0.0,0.0,0.0,0.0,0.0,306.6,0.0,0.0,0.0,0.0,,,,,0.8393027068435294,0.5436643875454089,0.8393027068435294,0.5436643875454089,6.646007834080069,1.948170631328638,67.0,182.0,,,0.0,6,0.0,0.0,0.7362222222222222,0.0,-0.0,67.3,-0.14166666666666572,38,2,2019,312
2020-02-08,0.0,7.699999999999999,0,0.0,10.2,14.3,11.758333333333333,29.1,24.3125,24.168296304541688,-1.582701830659545,93.5,184.125,594.0,95.625,,,,,,,,93.50207947708284,0.9959705562147122,0.0,0.0,0.0,0.0,0.0,0.0,,0.0,0,0,0.0,0.0,0.0,0.0,0.0,0.0,306.6,0.0,0.0,0.0,0.0,,,,,0.9981325820857677,-0.06108476552134947,0.9981325820857677,-0.06108476552134947,22.597357044746477,-1.4798262116666745,68.0,183.0,,,0.0,6,0.0,0.0,0.7521944444444445,0.0,-0.0,145.875,-2.2666666666666675,39,2,2019,313
2020-02-09,0.0,33.2,0,0.0,9.0,10.8,9.858333333333333,36.4,30.066666666666666,29.752869730846864,-1.6755389933327418,98.08333333333333,67.75,229.0,100.0,,,,,,,,92.9441074708288,0.991278445842833,0.0,0.0,0.0,0.0,0.0,0.0,,0.0,0,0,0.0,0.0,0.0,0.0,0.0,0.0,306.6,0.0,0.0,0.0,0.0,,,,,0.9986801137686319,-0.05136175973496787,0.9986801137686319,-0.05136175973496787,29.182606394338965,-1.6434244959605309,69.0,184.0,,,0.0,6,0.0,0.0,0.6121111111111112,0.0,-0.0,180.4,-1.9000000000000004,40,2,2019,314
2020-02-10,0.0,19.900000000000002,0,0.0,9.1,18.0,13.3375,31.3,18.020833333333332,16.101009099414554,1.91778393646406,94.75,143.58333333333334,600.0,93.75,,,,,,,,72.31236958643176,0.8393222386744696,0.0,0.0,0.0,0.0,0.0,0.0,,0.0,0,0,0.0,0.0,0.0,0.0,0.0,0.0,306.6,0.0,0.0,0.0,0.0,,,,,0.952727096752685,0.30382738374478363,0.952727096752685,0.30382738374478363,15.25570612169529,1.817100279799697,70.0,185.0,,,0.0,6,0.0,0.0,0.7448888888888888,0.0,-0.0,108.125,3.479166666666668,41,2,2019,315
2020-02-11,0.0,18.1,0,0.0,13.0,20.0,15.3125,9.8,5.6000000000000005,-1.3837239650371493,2.518399485559439,90.91666666666667,200.5,600.0,86.75,,,,,,,,324.2243331246329,0.4191103996657327,0.0,0.0,0.0,0.0,0.0,0.0,,0.0,0,0,0.0,0.0,0.0,0.0,0.0,0.0,306.6,0.0,0.0,0.0,0.0,,,,,-0.5846131690030758,0.8113121733514055,-0.5846131690030758,0.8113121733514055,-1.2580357048796085,2.2896448656211232,71.0,186.0,,,0.0,6,0.0,0.0,0.7700555555555555,0.0,-0.0,33.6,1.9749999999999996,42,2,2019,316
2020-02-12,0.0,9.0,0,0.0,11.0,18.6,15.029166666666667,15.9,9.354166666666666,8.300792459749266,-2.9572287615011423,96.08333333333333,182.33333333333334,600.0,92.29166666666667,,,,,,,,100.42851064739668,0.8491416946945615,0.0,0.0,0.0,0.0,0.0,0.0,,0.0,0,0,0.0,0.0,0.0,0.0,0.0,0.0,306.6,0.0,0.0,0.0,0.0,,,,,0.9834815218763185,-0.18100855263727286,0.9834815218763185,-0.18100855263727286,7.975678088409086,-2.8414039683423478,72.0,187.0,,,0.0,6,0.0,0.0,0.7751666666666667,0.0,-0.0,56.125,-0.2833333333333332,43,2,2019,317
2020-02-13,0.0,5.4,0,0.0,13.0,18.1,15.220833333333333,17.1,10.475,9.694381237557318,0.12131509583198867,94.79166666666667,129.875,517.0,96.20833333333333,,,,,,,,85.45150489673432,0.902944744735021,0.0,0.0,0.0,0.0,0.0,0.0,,0.0,0,0,0.0,0.0,0.0,0.0,0.0,0.0,306.6,0.0,0.0,0.0,0.0,,,,,0.9968505689317864,0.07930285758012642,0.9968505689317864,0.07930285758012642,9.189465548101207,0.11499660125740593,73.0,188.0,,,0.0,6,0.0,0.0,0.7358888888888888,0.0,-0.0,62.849999999999994,0.19166666666666643,44,2,2019,318
2020-02-14,0.0,15.8,0,0.0,14.2,19.7,16.704166666666666,9.3,5.3,-1.21341952743084,-1.6354521847657864,88.45833333333333,204.95833333333334,600.0,60.25,,,,,,,,234.74367187535552,0.3342356223783583,0.0,0.0,0.0,0.0,0.0,0.0,,0.041666666666666664,0,0,0.0,0.0,0.0,0.0,0.0,0.0,306.6,0.0,0.0,0.0,0.0,,,,,-0.816577806450907,-0.5772353818086907,-0.816577806450907,-0.5772353818086907,-1.0733706903065303,-1.4466937451074018,74.0,189.0,,,0.0,6,0.0,0.0,0.7648333333333334,0.0,-0.0,31.799999999999997,1.4833333333333325,45,2,2019,319
2020-02-15,0.0,7.7,0,0.0,12.8,18.9,15.2875,10.5,6.949999999999999,1.918297121906831,-5.256147227186613,90.875,229.54166666666666,600.0,83.58333333333333,,,,,,,,167.37219195540547,0.6635867903817513,0.0,0.0,0.0,0.0,0.0,0.0,,0.0,0,0,0.0,0.0,0.0,0.0,0.0,0.0,306.6,0.0,0.0,0.0,0.0,,,,,0.21861686901669908,-0.9758107729377328,0.21861686901669908,-0.9758107729377328,1.7432525095328328,-4.776523792705834,75.0,190.0,,,0.0,6,0.0,0.0,0.7892777777777779,0.0,-0.0,41.699999999999996,-1.416666666666666,46,2,2019,320
2020-02-16,0.0,7.6000000000000005,0,0.0,11.3,14.9,12.904166666666667,10.0,8.341666666666667,8.138882153159047,-0.3921383223866452,98.125,125.83333333333333,430.0,99.45833333333333,,,,,,,,92.29747329095662,0.9773831999999648,0.0,0.0,0.0,0.0,0.0,0.0,,0.0,0,0,0.0,0.0,0.0,0.0,0.0,0.0,306.6,0.0,0.0,0.0,0.0,,,,,0.999196163930503,-0.04008772862818955,0.999196163930503,-0.04008772862818955,7.986278112787314,-0.3847857288418956,76.0,191.0,,,0.0,6,0.0,0.0,0.7420833333333334,0.0,-0.0,50.05,-2.383333333333333,47,2,2019,321
2020-02-17,0.0,4.0,0,0.0,9.8,19.8,15.158333333333333,13.4,7.120833333333334,-3.510075035365597,3.7459805462579983,83.33333333333333,267.3333333333333,600.0,36.625,,,,,,,,329.4310921531347,0.6889968525632448,0.0,0.0,0.0,0.0,0.0,0.0,,0.20833333333333334,0,0,0.0,0.0,0.0,0.0,0.0,0.0,306.6,0.0,0.0,0.0,0.0,,,,,-0.5085742501716339,0.8610181368951297,-0.5085742501716339,0.8610181368951297,-2.925062529471331,3.1216504552149984,77.0,192.0,,,0.0,6,0.0,0.0,0.7893333333333333,0.0,-0.0,42.725,2.2541666666666664,48,2,2019,322
2020-02-18,0.0,13.4,0,0.0,9.6,20.3,15.420833333333334,21.7,17.2625,-13.583559637144226,10.321754691370531,82.08333333333333,256.75,600.0,52.0,,,,,,,,307.83483924062585,0.9860199954262926,0.0,0.0,0.0,0.0,0.0,0.0,,0.2916666666666667,0,0,0.0,0.0,0.0,0.0,0.0,0.0,306.6,0.0,0.0,0.0,0.0,,,,,-0.7897821823934279,0.6133874015447939,-0.7897821823934279,0.6133874015447939,-11.149838535489218,8.472440309166643,78.0,193.0,,,0.0,6,0.0,0.0,0.7781111111111111,0.0,-0.0,103.57499999999999,0.26250000000000107,49,2,2019,323
2020-02-19,0.0,6.7,0,0.0,5.5,11.9,8.433333333333334,22.6,15.3375,-14.135142224088836,1.4343199682571572,94.0,199.0,600.0,73.75,,,,,,,,269.3612522543946,0.9143812925429383,0.0,0.0,0.0,0.0,0.0,0.0,,0.16666666666666666,0,0,0.0,0.0,0.0,0.0,0.0,0.0,306.6,0.0,0.0,0.0,0.0,,,,,-0.9999378588906247,-0.011148020327981092,-0.9999378588906247,-0.011148020327981092,-13.287033690643506,1.3482607701617277,79.0,194.0,,,0.0,6,0.0,0.0,0.7104444444444443,0.0,-0.0,92.025,-6.987500000000001,50,2,2019,324
2020-02-20,0.0,0.0,0,0.0,3.0,17.4,9.516666666666667,11.1,6.125,-1.593081619304626,-3.5059301375665037,75.33333333333333,323.2916666666667,600.0,31.25,,,,,,,,195.7260242615128,0.5123627951885488,0.0,0.0,0.0,0.0,0.0,0.0,,0.4583333333333333,0,0,0.0,0.0,0.0,0.0,0.0,0.0,306.6,0.0,0.0,0.0,0.0,,,,,-0.27103768135003065,-0.9625687379550611,-0.27103768135003065,-0.9625687379550611,-1.2001214865428182,-2.6411340369667657,80.0,195.0,,,0.0,6,0.0,0.0,0.7999722222222223,0.0,-0.0,36.75,1.083333333333334,51,2,2019,325
2020-02-21,0.0,0.2,0,0.0,6.1,17.4,10.408333333333333,11.7,6.616666666666667,0.34976470811751553,-1.1264472228499562,76.20833333333333,246.79166666666666,600.0,65.91666666666667,,,,,,,,31.080975934619353,0.019387987103610012,0.0,0.0,0.0,0.0,0.0,0.0,,0.041666666666666664,0,0,0.0,0.0,0.0,0.0,0.0,0.0,306.6,0.0,0.0,0.0,0.0,,,,,0.5162489918315318,0.8564385432901341,0.5162489918315318,0.8564385432901341,0.2665498546445566,-0.8584466544135708,81.0,196.0,,,0.0,6,0.0,0.0,0.7518888888888888,0.0,-0.0,39.7,0.8916666666666657,52,2,2019,326
2020-02-22,0.0,0.1,0,0.0,6.8,19.2,12.833333333333334,12.4,8.458333333333334,-1.1255124460484096,3.7030744225802255,73.91666666666667,312.125,600.0,28.208333333333332,,,,,,,,342.56863387624185,0.454651913567529,0.0,0.0,0.0,0.0,0.0,0.0,,0.6666666666666666,0,0,0.0,0.0,0.0,0.0,0.0,0.0,306.6,0.0,0.0,0.0,0.0,,,,,-0.2995631387807928,0.9540764780057202,-0.2995631387807928,0.9540764780057202,-0.8319412830374495,2.737189177357217,82.0,197.0,,,0.0,6,0.0,0.0,0.7878055555555555,0.0,-0.0,50.75,2.4250000000000007,53,2,2019,327
2020-02-23,0.0,0.0,0,0.0,11.2,19.0,15.075000000000001,13.9,10.358333333333333,-7.962545408591136,6.187836015748116,65.91666666666667,263.375,600.0,38.583333333333336,,,,,,,,308.701880944827,0.9732046539211314,0.0,0.0,0.0,0.0,0.0,0.0,,0.5833333333333334,0,0,0.0,0.0,0.0,0.0,0.0,0.0,306.6,0.0,0.0,0.0,0.0,,,,,-0.7804098810265279,0.6252682764991045,-0.7804098810265279,0.6252682764991045,-5.24864451516299,4.078815240380633,83.0,198.0,,,0.0,6,0.0,0.0,0.7286388888888888,0.0,-0.0,62.14999999999999,2.241666666666667,54,2,2019,328
2020-02-24,0.0,6.5,0,0.0,11.4,20.1,15.0,13.5,6.783333333333334,-0.9896300072859701,4.174281056514713,79.83333333333333,216.79166666666666,600.0,46.083333333333336,,,,,,,,350.93345856441977,0.5216179093694571,0.0,0.0,0.0,0.0,0.0,0.0,,0.375,0,0,0.0,0.0,0.0,0.0,0.0,0.0,306.6,0.0,0.0,0.0,0.0,,,,,-0.15758142806825412,0.9875059967048148,-0.15758142806825412,0.9875059967048148,-0.7900546224832994,3.3324677101175784,84.0,199.0,,,0.0,6,0.0,0.0,0.7439722222222223,0.0,-0.0,40.7,-0.07500000000000107,55,2,2019,329
2020-02-25,0.0,0.6000000000000001,0,0.0,12.9,18.9,15.8125,17.1,13.358333333333334,-10.169663178622338,8.018491298733492,70.75,244.79166666666666,600.0,41.833333333333336,,,,,,,,310.4104627595723,0.9620925895687132,0.0,0.0,0.0,0.0,0.0,0.0,,0.2916666666666667,0,0,0.0,0.0,0.0,0.0,0.0,0.0,306.6,0.0,0.0,0.0,0.0,,,,,-0.7614199419220881,0.6482589544644671,-0.7614199419220881,0.6482589544644671,-7.195036698875304,5.6730825938539455,85.0,200.0,,,0.0,6,0.0,0.0,0.7323611111111111,0.0,-0.0,80.15,0.8125,56,2,2019,330
2020-02-26,0.0,1.3,0,0.0,5.9,16.9,12.929166666666667,38.5,21.004166666666666,-17.156127807843394,8.482396816412495,74.58333333333333,294.7916666666667,600.0,36.75,,,,,,,,295.6185770975175,0.6614434106722824,0.0,0.0,0.0,0.0,0.0,0.0,,0.3333333333333333,0,0,0.0,0.0,0.0,0.0,0.0,0.0,306.6,0.0,0.0,0.0,0.0,,,,,-0.9016923831866406,0.43237812861336616,-0.9016923831866406,0.43237812861336616,-12.79561199001653,6.326454292240985,86.0,201.0,,,0.0,6,0.0,0.0,0.7784722222222222,0.0,-0.0,126.025,-2.883333333333333,57,2,2019,331
2020-02-27,0.0,0.0,0,0.0,4.8,15.6,9.529166666666667,18.5,12.791666666666666,-10.07537321169811,7.4023094545914,56.125,330.1666666666667,600.0,4.5,,,,,,,,309.43375789931486,0.9683456247324939,0.0,0.0,0.0,0.0,0.0,0.0,,0.9583333333333334,0,0,0.0,0.0,0.0,0.0,0.0,0.0,306.6,0.0,0.0,0.0,0.0,,,,,-0.7723594647511608,0.6351856871886365,-0.7723594647511608,0.6351856871886365,-5.654803215065565,4.154546181389423,87.0,202.0,,,0.0,6,0.0,0.0,0.7405277777777778,0.0,-0.0,76.75,-3.4000000000000004,58,2,2019,332
2020-02-28,0.0,0.0,0,0.0,5.4,18.9,11.216666666666667,15.8,8.370833333333334,-3.9387307317465847,1.6616855084728435,69.04166666666667,298.5833333333333,600.0,62.041666666666664,,,,,,,,280.2899340679451,0.37700248443226014,0.0,0.0,0.0,0.0,0.0,0.0,,0.08333333333333333,0,0,0.0,0.0,0.0,0.0,0.0,0.0,306.6,0.0,0.0,0.0,0.0,,,,,-0.9839164353766655,0.1786293598367186,-0.9839164353766655,0.1786293598367186,-2.719365342710038,1.1472553698081258,88.0,203.0,,,0.0,6,0.0,0.0,0.7625277777777777,0.0,-0.0,50.225,1.6875,59,2,2019,333
2020-02-29,0.0,0.0,0,0.0,8.7,19.9,13.758333333333333,13.1,8.404166666666667,-5.45129011503762,5.425236947629511,69.66666666666667,281.2083333333333,600.0,51.041666666666664,,,,,,,,319.03474620075383,0.8983148567643086,0.0,0.0,0.0,0.0,0.0,0.0,,0.2916666666666667,0,0,0.0,0.0,0.0,0.0,0.0,0.0,306.6,0.0,0.0,0.0,0.0,,,,,-0.6556012256196505,0.7551072989754584,-0.6556012256196505,0.7551072989754584,-3.7977321134762088,3.7795817401818925,89.0,204.0,,,0.0,6,0.0,0.0,0.7530277777777777,0.0,-0.0,50.425,2.541666666666666,60,2,2019,334
2020-03-01,0.0,2.5,0,0.0,10.6,19.4,15.083333333333334,22.9,16.254166666666666,-12.412095036054291,10.197049705865098,57.0,282.875,600.0,63.041666666666664,,,,,,,,311.28337792197186,0.9834438204803768,0.0,0.0,0.0,0.0,0.0,0.0,,0.25,0,0,0.0,0.0,0.0,0.0,0.0,0.0,306.6,0.0,0.0,0.0,0.0,,,,,-0.7514555749635685,0.659783690959524,-0.7514555749635685,0.659783690959524,-7.074894170550945,5.812318332343105,90.0,205.0,,,0.0,6,0.0,0.0,0.7119166666666666,0.0,-0.0,97.525,1.325000000000001,61,3,2019,335
2020-03-02,0.0,0.5,0,0.0,9.3,20.1,15.795833333333334,25.1,14.700000000000001,-11.006050926628072,7.683995664461199,60.041666666666664,241.33333333333334,600.0,71.41666666666667,,,,,,,,315.75461599684627,0.7063239527533062,0.0,0.0,0.0,0.0,0.0,0.0,,0.125,0,0,0.0,0.0,0.0,0.0,0.0,0.0,306.6,0.0,0.0,0.0,0.0,,,,,-0.6977327491815732,0.7163581581300822,-0.6977327491815732,0.7163581581300822,-6.608216410529605,4.6135990635369115,91.0,206.0,,,0.0,6,0.0,0.0,0.6943611111111112,0.0,-0.0,88.2,0.7125000000000004,62,3,2019,336
2020-03-03,0.0,0.0,0,0.0,8.4,19.8,13.520833333333334,7.9,4.816666666666666,1.533479159033383,1.6883824214384757,72.125,236.625,600.0,94.29166666666667,,,,,,,,30.79297586696079,0.5046363192147669,0.0,0.0,0.0,0.0,0.0,0.0,,0.0,0,0,0.0,0.0,0.0,0.0,0.0,0.0,306.6,0.0,0.0,0.0,0.0,,,,,0.5119375574798302,0.8590226639859891,0.5119375574798302,0.8590226639859891,1.1060218434528275,1.2177458214625005,92.0,207.0,,,0.0,6,0.0,0.0,0.7314999999999999,0.0,-0.0,28.9,-2.2750000000000004,63,3,2019,337
2020-03-04,0.0,14.200000000000001,0,0.0,11.8,13.4,12.5,12.8,8.512500000000001,3.336417921261678,7.388673794823564,97.41666666666667,61.083333333333336,240.0,99.91666666666667,,,,,,,,22.247269544362865,0.9534405088899793,0.0,0.0,0.0,0.0,0.0,0.0,,0.0,0,0,0.0,0.0,0.0,0.0,0.0,0.0,306.6,0.0,0.0,0.0,0.0,,,,,0.3786045098816525,0.9255585476334135,0.3786045098816525,0.9255585476334135,3.250227124962418,7.197799721790623,93.0,208.0,,,0.0,6,0.0,0.0,0.6632222222222223,0.0,-0.0,51.075,-1.020833333333334,64,3,2019,338
2020-03-05,0.0,22.5,0,0.0,11.7,14.2,12.729166666666666,17.8,13.2125,-4.19156550799885,10.996117278095705,98.95833333333333,88.08333333333333,403.0,100.0,,,,,,,,338.608640931866,0.8837894304959351,0.0,0.0,0.0,0.0,0.0,0.0,,0.0,0,0,0.0,0.0,0.0,0.0,0.0,0.0,306.6,0.0,0.0,0.0,0.0,,,,,-0.3647363651365367,0.9311108333313425,-0.3647363651365367,0.9311108333313425,-4.147903367290528,10.881574389782207,94.0,209.0,,,0.0,6,0.0,0.0,0.7041388888888888,0.0,-0.0,79.275,0.22916666666666607,65,3,2019,339
2020-03-06,0.0,7.6,0,0.0,8.6,15.6,11.85,10.0,6.279166666666666,-0.08680880226673841,-3.947186897463181,95.33333333333333,159.125,600.0,93.66666666666667,,,,,,,,188.23670209397977,0.4558097452698738,0.0,0.0,0.0,0.0,0.0,0.0,,0.0,0,0,0.0,0.0,0.0,0.0,0.0,0.0,306.6,0.0,0.0,0.0,0.0,,,,,-0.1432629277176747,-0.9896846636892785,-0.1432629277176747,-0.9896846636892785,-0.08275772482762395,-3.7629848422482324,95.0,210.0,,,0.0,6,0.0,0.0,0.7571944444444444,0.0,-0.0,37.675,-0.8791666666666664,66,3,2019,340
2020-03-07,0.0,2.8000000000000003,0,0.0,7.9,13.4,9.720833333333333,11.0,7.3374999999999995,6.533966194012223,-3.008319954992118,91.70833333333333,147.83333333333334,517.0,89.5,,,,,,,,114.41718699953198,0.9774727730867955,0.0,0.0,0.0,0.0,0.0,0.0,,0.0,0,0,0.0,0.0,0.0,0.0,0.0,0.0,306.6,0.0,0.0,0.0,0.0,,,,,0.9105597010111106,-0.41337758876668285,0.9105597010111106,-0.41337758876668285,5.992191497092042,-2.758880092057355,96.0,211.0,,,0.0,6,0.0,0.0,0.7020277777777778,0.0,-0.0,44.025,-2.1291666666666664,67,3,2019,341
2020-03-08,0.0,17.5,0,0.0,6.6,10.7,8.341666666666667,9.6,7.3875,6.814503006610388,-2.0277220962714146,96.625,113.79166666666667,444.0,95.66666666666667,,,,,,,,106.01095369980212,0.944478665905235,0.0,0.0,0.0,0.0,0.0,0.0,,0.0,0,0,0.0,0.0,0.0,0.0,0.0,0.0,306.6,0.0,0.0,0.0,0.0,,,,,0.9612089825386592,-0.2758211229891495,0.9612089825386592,-0.2758211229891495,6.584513530137287,-1.9592864755222543,97.0,212.0,,,0.0,6,0.0,0.0,0.6357222222222222,0.0,-0.0,44.325,-1.3791666666666664,68,3,2019,342
2020-03-09,0.0,0.9,0,0.0,5.6,12.6,8.820833333333333,9.6,6.1625000000000005,5.092471951268963,-0.9787038490026286,88.875,188.70833333333334,600.0,75.58333333333333,,,,,,,,96.5513024818406,0.8452068577161637,0.0,0.0,0.0,0.0,0.0,0.0,,0.041666666666666664,0,0,0.0,0.0,0.0,0.0,0.0,0.0,306.6,0.0,0.0,0.0,0.0,,,,,0.9934700955557102,-0.11409280974946653,0.9934700955557102,-0.11409280974946653,4.52593444669029,-0.8698230458010862,98.0,213.0,,,0.0,6,0.0,0.0,0.7020555555555555,0.0,-0.0,36.975,0.4791666666666661,69,3,2019,343
2020-03-10,0.0,1.7,0,0.0,5.3,14.8,10.425,12.3,7.479166666666667,-3.2112105297754803,1.2560741256271013,80.08333333333333,207.625,600.0,40.041666666666664,,,,,,,,311.3344516604608,0.35379376414265196,0.0,0.0,0.0,0.0,0.0,0.0,,0.16666666666666666,0,0,0.0,0.0,0.0,0.0,0.0,0.0,306.6,0.0,0.0,0.0,0.0,,,,,-0.7508671420734674,0.6604532799179843,-0.7508671420734674,0.6604532799179843,-2.571644432595197,1.0059060289397035,99.0,214.0,,,0.0,6,0.0,0.0,0.73425,0.0,-0.0,44.875,1.6041666666666679,70,3,2019,344
2020-03-11,0.0,0.30000000000000004,0,0.0,7.1,16.4,11.754166666666668,9.6,6.9750000000000005,-1.8286730577281247,2.3333332501234514,74.20833333333333,181.75,600.0,41.833333333333336,,,,,,,,328.37548528835833,0.3351566894794474,0.0,0.0,0.0,0.0,0.0,0.0,,0.375,0,0,0.0,0.0,0.0,0.0,0.0,0.0,306.6,0.0,0.0,0.0,0.0,,,,,-0.5243502799554602,0.8515026623039005,-0.5243502799554602,0.8515026623039005,-1.3570277982557457,1.7315277160291112,100.0,215.0,,,0.0,6,0.0,0.0,0.701861111111111,0.0,-0.0,41.85,1.3291666666666675,71,3,2019,345
2020-03-12,0.0,0.0,0,0.0,8.7,18.0,13.279166666666667,9.7,5.370833333333334,-0.8064847764535954,3.125334876223747,64.45833333333333,218.04166666666666,600.0,45.333333333333336,,,,,,,,347.4732424708236,0.4864125729594365,0.0,0.0,0.0,0.0,0.0,0.0,,0.5,0,0,0.0,0.0,0.0,0.0,0.0,0.0,306.6,0.0,0.0,0.0,0.0,,,,,-0.21689552737288179,0.9761948218494295,-0.21689552737288179,0.9761948218494295,-0.5198466454890467,2.0145387722992236,101.0,216.0,,,0.0,6,0.0,0.0,0.6935555555555556,0.0,-0.0,32.225,1.5249999999999986,72,3,2019,346
2020-03-13,0.0,3.9,0,0.0,9.3,16.0,12.445833333333333,27.3,16.849999999999998,-13.85852228410272,8.269532564824464,76.79166666666667,260.25,600.0,45.416666666666664,,,,,,,,303.85745098849577,0.9025441675669658,0.0,0.0,0.0,0.0,0.0,0.0,,0.4583333333333333,0,0,0.0,0.0,0.0,0.0,0.0,0.0,306.6,0.0,0.0,0.0,0.0,,,,,-0.8304262490524719,0.5571285712334649,-0.8304262490524719,0.5571285712334649,-10.642190237333882,6.350311882071455,102.0,217.0,,,0.0,6,0.0,0.0,0.7628055555555555,0.0,-0.0,101.1,-0.8333333333333339,73,3,2019,347
2020-03-14,0.0,6.2,0,0.0,0.7,9.0,3.8333333333333335,13.5,10.4125,6.617840687387513,-7.57531865273641,89.875,189.16666666666666,600.0,87.25,,,,,,,,136.5527225149479,0.959007659317983,0.0,0.0,0.0,0.0,0.0,0.0,,0.0,0,0,0.0,0.0,0.0,0.0,0.0,0.0,306.6,0.0,0.0,0.0,0.0,,,,,0.6876868083021705,-0.7260074749526853,0.6876868083021705,-0.7260074749526853,5.9477843177895275,-6.808317639146849,103.0,218.0,,,0.0,6,0.0,0.0,0.6256944444444444,0.0,-0.0,62.474999999999994,-8.612499999999999,74,3,2019,348
2020-03-15,0.0,0.0,0,0.0,0.4,13.3,6.470833333333334,11.6,6.9375,6.513703301746497,-0.7527820298891149,70.91666666666667,283.625,600.0,19.416666666666668,,,,,,,,91.31471923616583,0.9295278679987997,0.0,0.0,0.0,0.0,0.0,0.0,,0.75,0,0,0.0,0.0,0.0,0.0,0.0,0.0,306.6,0.0,0.0,0.0,0.0,,,,,0.9997367479763152,-0.022944165832336574,0.9997367479763152,-0.022944165832336574,4.619301258155224,-0.5338479228630306,104.0,219.0,,,0.0,6,0.0,0.0,0.7210277777777779,0.0,-0.0,41.625,2.6375000000000006,75,3,2019,349
2020-03-16,0.0,0.0,0,0.0,3.9,15.1,8.85,11.9,7.4125000000000005,5.591777368265135,1.9951127911169673,73.79166666666667,257.5,600.0,24.166666666666668,,,,,,,,63.69423689742583,0.8010677437731932,0.0,0.0,0.0,0.0,0.0,0.0,,0.75,0,0,0.0,0.0,0.0,0.0,0.0,0.0,306.6,0.0,0.0,0.0,0.0,,,,,0.8964418594817711,0.4431613617734115,0.8964418594817711,0.4431613617734115,4.126265716332315,1.472226980445062,105.0,220.0,,,0.0,6,0.0,0.0,0.7509722222222223,0.0,-0.0,44.475,2.3791666666666655,76,3,2019,350
2020-03-17,0.0,0.0,0,0.0,5.9,18.1,11.383333333333333,8.9,4.866666666666666,-2.942321111654319,1.2875983548790428,67.58333333333333,260.5,600.0,21.5,,,,,,,,278.6151589677843,0.5590550563152444,0.0,0.0,0.0,0.0,0.0,0.0,,0.625,0,0,0.0,0.0,0.0,0.0,0.0,0.0,306.6,0.0,0.0,0.0,0.0,,,,,-0.9887167832924575,0.14979693733790286,-0.9887167832924575,0.14979693733790286,-1.988518684626377,0.8702018881724197,106.0,221.0,,,0.0,6,0.0,0.0,0.7322777777777777,0.0,-0.0,29.199999999999996,2.533333333333333,77,3,2019,351
2020-03-18,0.0,0.0,0,0.0,7.7,17.7,12.4375,16.1,11.845833333333333,-9.58760123315919,6.354418000242519,66.58333333333333,266.75,600.0,28.416666666666668,,,,,,,,304.29636444821807,0.9689198501605706,0.0,0.0,0.0,0.0,0.0,0.0,,0.3333333333333333,0,0,0.0,0.0,0.0,0.0,0.0,0.0,306.6,0.0,0.0,0.0,0.0,,,,,-0.8261340498840919,0.5634736299261118,-0.8261340498840919,0.5634736299261118,-6.383744487745161,4.23098331849481,107.0,222.0,,,0.0,6,0.0,0.0,0.7331111111111112,0.0,-0.0,71.075,1.0541666666666671,78,3,2019,352
2020-03-19,0.0,0.1,0,0.0,12.7,19.8,15.866666666666667,20.6,15.333333333333334,-12.54516463546676,8.630297673874935,62.708333333333336,235.83333333333334,600.0,66.20833333333333,,,,,,,,304.50191454889733,0.9931428038564571,0.0,0.0,0.0,0.0,0.0,0.0,,0.0,0,0,0.0,0.0,0.0,0.0,0.0,0.0,306.6,0.0,0.0,0.0,0.0,,,,,-0.8241072615944561,0.5664337749351521,-0.8241072615944561,0.5664337749351521,-7.8668636568239485,5.411915832992407,108.0,223.0,,,0.0,6,0.0,0.0,0.6995833333333333,0.0,-0.0,92.0,3.429166666666667,79,3,2019,353
2020-03-20,0.0,0.1,0,0.0,8.2,16.8,13.333333333333334,32.9,25.983333333333334,-22.026728485603986,13.559037528784097,64.0,268.6666666666667,600.0,10.75,,,,,,,,300.7206971875663,0.9944622677846687,0.0,0.0,0.0,0.0,0.0,0.0,,0.875,0,0,0.0,0.0,0.0,0.0,0.0,0.0,306.6,0.0,0.0,0.0,0.0,,,,,-0.8596677900041978,0.5108534925292167,-0.8596677900041978,0.5108534925292167,-14.097106230786551,8.677784018421823,109.0,224.0,,,0.0,6,0.0,0.0,0.7257777777777777,0.0,-0.0,155.9,-2.533333333333333,80,3,2019,354
2020-03-21,0.0,0.0,0,0.0,5.1,17.2,10.745833333333332,11.6,6.283333333333334,-3.238887161347355,4.068057648145822,73.20833333333333,248.91666666666666,600.0,29.291666666666668,,,,,,,,331.78488115386125,0.7706962463483639,0.0,0.0,0.0,0.0,0.0,0.0,,0.5416666666666666,0,0,0.0,0.0,0.0,0.0,0.0,0.0,306.6,0.0,0.0,0.0,0.0,,,,,-0.47278330116822925,0.8811787276917614,-0.47278330116822925,0.8811787276917614,-2.371135309369709,2.9781572032467536,110.0,225.0,,,0.0,6,0.0,0.0,0.7433055555555556,0.0,-0.0,37.7,-2.587500000000002,81,3,2019,355
2020-03-22,0.0,0.9,0,0.0,4.9,15.6,9.325000000000001,19.6,12.029166666666667,-6.65510438416272,0.7102976501448873,79.75,223.95833333333334,600.0,53.333333333333336,,,,,,,,271.033757312675,0.44416176990087197,0.0,0.0,0.0,0.0,0.0,0.0,,0.3333333333333333,0,0,0.0,0.0,0.0,0.0,0.0,0.0,306.6,0.0,0.0,0.0,0.0,,,,,-0.9998372390756702,0.018041489892493587,-0.9998372390756702,0.018041489892493587,-5.307445746369769,0.5664623759905476,111.0,226.0,,,0.0,6,0.0,0.0,0.7484722222222223,0.0,-0.0,72.175,-1.4208333333333307,82,3,2019,356
2020-03-23,0.0,0.5,0,0.0,3.2,12.4,7.2749999999999995,8.2,5.591666666666666,4.633624675819724,-0.8569215915651877,86.375,129.91666666666666,594.0,94.83333333333333,,,,,,,,97.24502309671215,0.818821011447549,0.0,0.0,0.0,0.0,0.0,0.0,,0.0,0,0,0.0,0.0,0.0,0.0,0.0,0.0,306.6,0.0,0.0,0.0,0.0,,,,,0.992015908002333,-0.1261127997877566,0.992015908002333,-0.1261127997877566,4.002293313739286,-0.7401660247144308,112.0,227.0,,,0.0,6,0.0,0.0,0.6500833333333333,0.0,-0.0,33.55,-2.0500000000000016,83,3,2019,357
2020-03-24,0.0,0.8,0,0.0,5.5,14.3,9.433333333333334,16.0,8.133333333333333,-3.9352833711537616,5.556706857606723,77.79166666666667,178.95833333333334,600.0,76.91666666666667,,,,,,,,332.87216871848875,0.8397611124669356,0.0,0.0,0.0,0.0,0.0,0.0,,0.041666666666666664,0,0,0.0,0.0,0.0,0.0,0.0,0.0,306.6,0.0,0.0,0.0,0.0,,,,,-0.4559772721154693,0.8899914197980424,-0.4559772721154693,0.8899914197980424,-3.061322522476697,4.32265487631323,113.0,228.0,,,0.0,6,0.0,0.0,0.696388888888889,0.0,-0.0,48.8,2.158333333333334,84,3,2019,358
2020-03-25,0.0,1.5,0,0.0,4.2,14.3,8.845833333333333,11.5,7.3125,-1.3250642286441976,-0.5623955104774497,89.54166666666667,166.58333333333334,600.0,75.83333333333333,,,,,,,,274.16921783526726,0.21536287820455283,0.0,0.0,0.0,0.0,0.0,0.0,,0.08333333333333333,0,0,0.0,0.0,0.0,0.0,0.0,0.0,306.6,0.0,0.0,0.0,0.0,,,,,-0.9973536805218882,0.07270237925572595,-0.9973536805218882,0.07270237925572595,-1.1864845947318252,-0.5035783133400165,114.0,229.0,,,0.0,6,0.0,0.0,0.7273055555555556,0.0,-0.0,43.875,-0.5875000000000004,85,3,2019,359
2020-03-26,0.0,0.0,0,0.0,3.2,14.0,7.804166666666667,11.3,7.979166666666667,6.345513192018309,2.709796062701317,75.25,248.79166666666666,600.0,25.875,,,,,,,,69.97549923323474,0.8627734445124361,0.0,0.0,0.0,0.0,0.0,0.0,,0.4166666666666667,0,0,0.0,0.0,0.0,0.0,0.0,0.0,306.6,0.0,0.0,0.0,0.0,,,,,0.93954628054665,0.34242194250800506,0.93954628054665,0.34242194250800506,4.774998676993778,2.0391215371827407,115.0,230.0,,,0.0,6,0.0,0.0,0.7278055555555555,0.0,-0.0,47.875,-1.041666666666666,86,3,2019,360
2020-03-27,0.0,0.0,0,0.0,5.8,16.0,10.729166666666666,10.2,6.7250000000000005,2.2827928425490254,1.834156174942599,63.125,244.0,600.0,35.666666666666664,,,,,,,,28.446995481278446,0.37896045179834176,0.0,0.0,0.0,0.0,0.0,0.0,,0.4166666666666667,0,0,0.0,0.0,0.0,0.0,0.0,0.0,306.6,0.0,0.0,0.0,0.0,,,,,0.4763455595228282,0.8792581577232501,0.4763455595228282,0.8792581577232501,1.4410129818590725,1.1578110854325157,116.0,231.0,,,0.0,6,0.0,0.0,0.7064166666666667,0.0,-0.0,40.35,2.924999999999999,87,3,2019,361
2020-03-28,0.0,0.0,0,0.0,7.4,16.9,11.420833333333334,9.7,5.320833333333334,-0.9209859746060939,3.7972025988072122,67.375,196.04166666666666,600.0,70.25,,,,,,,,353.73822121748765,0.6650231685295839,0.0,0.0,0.0,0.0,0.0,0.0,,0.20833333333333334,0,0,0.0,0.0,0.0,0.0,0.0,0.0,306.6,0.0,0.0,0.0,0.0,,,,,-0.10907122919745621,0.994033936523978,-0.10907122919745621,0.994033936523978,-0.6205143003908558,2.5583652509463595,117.0,232.0,,,0.0,6,0.0,0.0,0.6886111111111112,0.0,-0.0,31.925000000000004,0.6916666666666682,88,3,2019,362
2020-03-29,0.0,6.4,0,0.0,8.7,15.0,11.366666666666667,17.8,12.970833333333333,-8.558713391863325,9.617749438276766,78.41666666666667,144.875,553.0,69.16666666666667,,,,,,,,319.2907280531168,0.9922006736339797,0.0,0.0,0.0,0.0,0.0,0.0,,0.2916666666666667,0,0,0.0,0.0,0.0,0.0,0.0,0.0,306.6,0.0,0.0,0.0,0.0,,,,,-0.6522210811393785,0.7580287997941637,-0.6522210811393785,0.7580287997941637,-6.711457751452824,7.541918517848697,118.0,233.0,,,0.0,6,0.0,0.0,0.6913055555555555,0.0,-0.0,77.825,-0.05416666666666714,89,3,2019,363
2020-03-30,0.0,1.5,0,0.0,8.1,15.2,11.441666666666668,20.8,16.754166666666666,-13.987491539771845,9.035049860240536,90.375,199.54166666666666,600.0,62.333333333333336,,,,,,,,303.56042410908407,0.992351005135964,0.0,0.0,0.0,0.0,0.0,0.0,,0.125,0,0,0.0,0.0,0.0,0.0,0.0,0.0,306.6,0.0,0.0,0.0,0.0,,,,,-0.8333032859072227,0.5528160939193301,-0.8333032859072227,0.5528160939193301,-12.641195479068806,8.165426311192384,119.0,234.0,,,0.0,6,0.0,0.0,0.767611111111111,0.0,-0.0,100.525,0.07500000000000107,90,3,2019,364
2020-03-31,0.0,0.0,0,0.0,6.2,17.2,11.125,10.2,5.824999999999999,-3.7533761675007717,3.5756032903356743,77.58333333333333,226.16666666666666,600.0,20.083333333333332,,,,,,,,321.7070565404285,0.8366321308692152,0.0,0.0,0.0,0.0,0.0,0.0,,0.6666666666666666,0,0,0.0,0.0,0.0,0.0,0.0,0.0,306.6,0.0,0.0,0.0,0.0,,,,,-0.6196823741435883,0.7848526964824456,-0.6196823741435883,0.7848526964824456,-2.911994343286015,2.774072219418761,120.0,235.0,,,0.0,6,0.0,0.0,0.7427222222222222,0.0,-0.0,34.949999999999996,-0.3166666666666682,91,3,2019,365
2020-04-01,0.0,0.0,0,0.0,6.8,17.9,11.5875,10.5,6.9125000000000005,-3.2292106872849957,5.630421570337212,65.45833333333333,242.16666666666666,600.0,30.291666666666668,,,,,,,,332.0340852308247,0.9304865697569991,0.0,0.0,0.0,0.0,0.0,0.0,,0.6666666666666666,0,0,0.0,0.0,0.0,0.0,0.0,0.0,0.0,0.0,0.0,0.0,0.0,,,,,-0.46894621465738984,0.8832267250024227,-0.46894621465738984,0.8832267250024227,-2.1137874957186367,3.6855801195832334,121.0,236.0,,,0.0,0,0.0,0.0,0.7129722222222222,0.0,-0.0,0.0,0.46250000000000036,92,4,2020,0
2020-04-02,0.0,18.4,0,0.0,7.9,11.9,10.433333333333334,23.4,15.1,-9.258503773741277,10.90703400405399,93.33333333333333,67.875,316.0,97.16666666666667,,,,,,,,324.88832232318055,0.9428529306119411,0.0,0.0,0.0,0.0,0.0,0.0,,0.0,0,0,0.0,0.0,0.0,0.0,0.0,0.0,0.0,0.0,0.0,0.0,0.0,,,,,-0.5751719903916844,0.818032506364428,-0.5751719903916844,0.818032506364428,-8.64127018882519,10.179898403783724,122.0,237.0,,,0.0,1,0.0,0.0,0.6208055555555555,0.0,-0.0,15.1,-1.1541666666666668,93,4,2020,1
2020-04-03,0.0,1.6,0,0.0,6.0,9.8,7.933333333333334,23.8,13.441666666666668,-9.154116468186194,9.0139063604552,86.58333333333333,46.583333333333336,221.0,88.0,,,,,,,,320.0129839910355,0.9533764438334525,0.0,0.0,0.0,0.0,0.0,0.0,,0.0,0,0,0.0,0.0,0.0,0.0,0.0,0.0,0.0,0.0,0.0,0.0,0.0,,,,,-0.6426139972523679,0.7661900877297576,-0.6426139972523679,0.7661900877297576,-7.925939175371212,7.804540590427461,123.0,238.0,,,0.0,2,0.0,0.0,0.5374444444444445,0.0,-0.0,26.883333333333336,-2.5,94,4,2020,2
2020-04-04,1.75,22.9,7,0.42,2.1,9.1,6.008333333333333,34.3,25.995833333333334,-22.01365291122617,13.308323871560765,99.16666666666667,72.41666666666667,261.0,99.125,,,,,,,,303.30788069825746,0.9845561939287695,3.0,29.785714285714285,34.3,100.0,-26.495036849568613,13.503929061404792,296.7138109690747,0.0,0,5,1.75,1.75,1.75,1.75,1.75,0.0,1.75,0.0,0.0,0.0,0.0,,,,,-0.8357318385955226,0.5491377732024518,-0.8932630554306406,0.4495343299490222,-21.83020580363262,13.197421172631094,0.0,239.0,1.0,1.0,60.02499999999999,0,0.19222656250000006,1.75,0.5810555555555555,52.125,0.0,0.0,-1.9250000000000007,95,4,2020,3
2020-04-05,1.26,7.8,14,0.21,0.1,5.3,2.4916666666666667,41.0,35.829166666666666,-30.804582035851823,18.23708182203924,98.375,58.833333333333336,260.0,99.91666666666667,,,,,,,,300.49998736660103,0.9991245643571298,1.4285714285714286,37.028571428571425,41.0,97.28571428571429,-31.373857533882784,19.639552351002866,301.9998259177565,0.0,0,8,3.01,3.01,3.01,3.01,3.01,0.0,3.01,0.0,0.0,0.0,0.0,,,,,-0.8616292723508757,0.5075381729762801,-0.8480497062106206,0.5299166875991735,-30.30400757776923,17.940729242431104,0.0,240.0,0.4186046511627907,1.0,51.660000000000004,1,0.14502857142857145,3.01,0.48491666666666666,46.656,0.0,35.829166666666666,-3.516666666666666,96,4,2020,4
2020-04-06,0.0,3.0,0,0.0,2.8,10.1,6.229166666666667,25.8,9.299999999999999,-7.646989584628467,2.772460610517306,88.16666666666667,153.70833333333334,513.0,81.66666666666667,,,,,,,,290.9021225338162,0.642997936451964,0.0,0.0,0.0,0.0,0.0,0.0,,0.0,0,0,1.26,3.01,3.01,3.01,3.01,0.0,3.01,0.0,0.0,0.0,0.0,,,,,-0.9341912582481974,0.35677260686976764,-0.9341912582481974,0.35677260686976764,-6.742095817114099,2.4443861049394253,1.0,241.0,0.0,1.0,0.0,2,0.0,1.505,0.6208055555555556,0.0,-0.0,18.599999999999998,3.7375000000000003,97,4,2020,5
2020-04-07,0.0,0.0,0,0.0,3.2,12.4,7.083333333333333,7.3,5.2375,-2.495122708376535,1.7996156627664048,85.5,159.83333333333334,600.0,81.375,,,,,,,,310.305754130591,0.5007385214322579,0.0,0.0,0.0,0.0,0.0,0.0,,0.125,0,0,0.0,1.26,3.01,3.01,3.01,0.0,3.01,0.0,0.0,0.0,0.0,,,,,-0.7626033697065485,0.6468663699035662,-0.7626033697065485,0.6468663699035662,-2.1333299156619376,1.5386713916652761,2.0,242.0,0.0,0.4186046511627907,0.0,3,0.0,0.42,0.6671111111111111,0.0,-0.0,15.712499999999999,0.8541666666666661,98,4,2020,6
2020-04-08,0.0,4.7,0,0.0,5.5,9.8,7.125,15.7,8.375,7.334330575341048,-1.6034941968092289,95.83333333333333,113.0,471.0,95.41666666666667,,,,,,,,86.68952246221632,0.8176383781957295,0.0,0.0,0.0,0.0,0.0,0.0,,0.0,0,0,0.0,0.0,3.01,3.01,3.01,0.0,3.01,0.0,0.0,0.0,0.0,,,,,0.9983312733300131,0.05774659029998818,0.9983312733300131,0.05774659029998818,7.0287334680351705,-1.5366819386088444,3.0,243.0,,0.0,0.0,4,0.0,0.0,0.6125555555555556,0.0,-0.0,33.5,0.04166666666666696,99,4,2020,7
2020-04-09,0.0,0.8,0,0.0,5.1,12.1,7.825,17.6,12.9125,10.390651559488093,6.704615769922493,91.375,151.45833333333334,552.0,80.91666666666667,,,,,,,,56.64858211157234,0.9527679590869216,0.0,0.0,0.0,0.0,0.0,0.0,,0.0,0,0,0.0,0.0,3.01,3.01,3.01,0.0,3.01,0.0,0.0,0.0,0.0,,,,,0.8353143255150194,0.5497726599144307,0.8353143255150194,0.5497726599144307,9.494457862482244,6.126342659766679,4.0,244.0,,0.0,0.0,5,0.0,0.0,0.6744444444444445,0.0,-0.0,64.5625,0.7000000000000002,100,4,2020,8
2020-04-10,0.0,2.4,0,0.0,6.1,11.0,8.308333333333334,26.1,13.933333333333332,-10.141844735271134,8.430469059903906,92.25,150.79166666666666,583.0,73.375,,,,,,,,312.84566678731994,0.9364140681231042,0.0,0.0,0.0,0.0,0.0,0.0,,0.08333333333333333,0,0,0.0,0.0,3.01,3.01,3.01,0.0,3.01,0.0,0.0,0.0,0.0,,,,,-0.7331880924615604,0.6800258973543423,-0.7331880924615604,0.6800258973543423,-9.355851768287621,7.777107707761354,5.0,245.0,,0.0,0.0,6,0.0,0.0,0.6524722222222222,0.0,-0.0,83.6,0.4833333333333334,101,4,2020,9
2020-04-11,0.7,14.4,5,0.35,-0.2,6.6,4.016666666666667,41.4,26.770833333333332,-24.049079258339592,6.0440347992670835,95.79166666666667,93.91666666666667,554.0,85.54166666666667,,,,,,,,279.11114280623144,0.9132637364680078,2.82,24.119999999999997,26.4,89.6,-23.678101459902734,-0.5779677782522503,268.2543281248655,0.0,0,4,0.7,0.7,1.96,3.71,3.71,0.0,3.71,0.0,0.0,0.0,0.0,,,,,-0.9873830297096905,0.15835009517304502,-0.9995358948650773,-0.030463008325985325,-23.037013839551136,5.789681668131261,0.0,246.0,1.0,0.35714285714285715,28.979999999999997,6,0.08776652499999998,0.7,0.5285833333333333,16.883999999999997,0.0,160.625,-4.291666666666667,102,4,2020,10
2020-04-12,0.0,0.0,0,0.0,-0.9,10.2,3.4499999999999997,12.6,9.591666666666667,-7.927514621562952,2.104046715513293,82.875,185.5,600.0,21.291666666666668,,,,,,,,284.5640101583245,0.8365818101948644,0.0,0.0,0.0,0.0,0.0,0.0,,0.5833333333333334,0,0,0.7,0.7,0.7,3.71,3.71,0.0,3.71,0.0,0.0,0.0,0.0,,,,,-0.9678673147190865,0.25146145052167485,-0.9678673147190865,0.25146145052167485,-6.569927742620296,1.7437287154816414,1.0,247.0,0.0,1.0,0.0,1,0.0,0.35,0.6265833333333334,0.0,-0.0,9.591666666666667,-0.5666666666666669,103,4,2020,11
2020-04-13,0.0,0.0,0,0.0,2.8,14.7,7.9750000000000005,8.7,6.7749999999999995,-4.552929347181398,4.512105301907447,73.79166666666667,174.54166666666666,596.0,53.458333333333336,,,,,,,,314.9562745714703,0.9485901936176877,0.0,0.0,0.0,0.0,0.0,0.0,,0.375,0,0,0.0,0.7,0.7,3.71,3.71,0.0,3.71,0.0,0.0,0.0,0.0,,,,,-0.7076462056694578,0.7065669448832287,-0.7076462056694578,0.7065669448832287,-3.35968244744094,3.3295577040325366,2.0,248.0,0.0,1.0,0.0,2,0.0,0.2333333333333333,0.689,0.0,-0.0,13.549999999999999,4.525,104,4,2020,12
2020-04-14,0.0,0.4,0,0.0,4.9,15.9,10.566666666666666,9.4,7.408333333333334,-5.120921118929874,4.56775160390941,64.20833333333333,171.41666666666666,600.0,45.666666666666664,,,,,,,,312.055410765405,0.9291347385030506,0.0,0.0,0.0,0.0,0.0,0.0,,0.16666666666666666,0,0,0.0,0.0,0.7,3.71,3.71,0.0,3.71,0.0,0.0,0.0,0.0,,,,,-0.7424973616445515,0.6698489889153227,-0.7424973616445515,0.6698489889153227,-3.2880581017795567,2.9328771756768335,3.0,249.0,,0.0,0.0,3,0.0,0.0,0.6616388888888889,0.0,-0.0,22.225,2.591666666666666,105,4,2020,13
2020-04-15,0.0,0.0,0,0.0,10.7,17.2,13.5375,24.3,16.395833333333332,-12.135651451481388,10.81409397351941,58.291666666666664,199.0,600.0,59.416666666666664,,,,,,,,313.614591863021,0.9898423499125008,0.0,0.0,0.0,0.0,0.0,0.0,,0.16666666666666666,0,0,0.0,0.0,0.7,3.71,3.71,0.0,3.71,0.0,0.0,0.0,0.0,,,,,-0.7239962083705473,0.689803950601235,-0.7239962083705473,0.689803950601235,-7.074073491926026,6.303715612064022,4.0,250.0,,0.0,0.0,4,0.0,0.0,0.6603055555555556,0.0,-0.0,65.58333333333333,2.970833333333333,106,4,2020,14
2020-04-16,0.0,3.9,0,0.0,8.2,13.5,11.229166666666666,33.5,27.116666666666664,-22.697387957641954,14.539031015275995,90.29166666666667,139.29166666666666,558.0,83.95833333333333,,,,,,,,301.6667118004963,0.9935866188290277,0.0,0.0,0.0,0.0,0.0,0.0,,0.0,0,0,0.0,0.0,0.7,3.71,3.71,0.0,3.71,0.0,0.0,0.0,0.0,,,,,-0.8511162588948707,0.5249772507878788,-0.8511162588948707,0.5249772507878788,-20.493849876754215,13.127533420876285,5.0,251.0,,0.0,0.0,5,0.0,0.0,0.6938333333333334,0.0,-0.0,135.58333333333331,-2.3083333333333336,107,4,2020,15
2020-04-17,0.0,0.0,0,0.0,3.7,9.2,6.008333333333333,29.8,23.920833333333334,-21.62811133001524,10.149092309316408,82.5,202.54166666666666,600.0,31.666666666666668,,,,,,,,295.04186902718436,0.998750712316661,0.0,0.0,0.0,0.0,0.0,0.0,,0.5,0,0,0.0,0.0,0.7,3.71,3.71,0.0,3.71,0.0,0.0,0.0,0.0,,,,,-0.9059987157802376,0.4232804354143482,-0.9059987157802376,0.4232804354143482,-17.843191847262574,8.373001155186037,6.0,252.0,,0.0,0.0,6,0.0,0.0,0.6144722222222222,0.0,-0.0,143.525,-5.220833333333333,108,4,2020,16
2020-04-18,0.0,0.0,0,0.0,2.2,9.1,5.1375,29.5,14.137500000000001,-12.64223977126136,5.5810559734348155,85.16666666666667,175.375,600.0,80.29166666666667,,,,,,,,302.68667249277667,0.9053592837253046,0.0,0.0,0.0,0.0,0.0,0.0,,0.0,0,0,0.0,0.0,0.0,1.96,3.71,0.0,3.71,0.0,0.0,0.0,0.0,,,,,-0.8416364238754345,0.5400445629817691,-0.8416364238754345,0.5400445629817691,-10.766974205190927,4.753199337375318,7.0,253.0,,,0.0,6,0.0,0.0,0.6030277777777778,0.0,-0.0,84.825,-0.8708333333333327,109,4,2020,17
2020-04-19,0.0,0.0,0,0.0,1.8,10.8,5.645833333333333,15.3,6.325,-2.8225145105851035,4.473694744671405,82.70833333333333,169.66666666666666,600.0,55.333333333333336,,,,,,,,338.62369991943075,0.7953949783651028,0.0,0.0,0.0,0.0,0.0,0.0,,0.20833333333333334,0,0,0.0,0.0,0.0,0.7,3.71,0.0,3.71,0.0,0.0,0.0,0.0,,,,,-0.3644916296914457,0.9312066644332363,-0.3644916296914457,0.9312066644332363,-2.334454709796429,3.7001183617386406,8.0,254.0,,,0.0,6,0.0,0.0,0.6288055555555556,0.0,-0.0,37.95,0.5083333333333329,110,4,2020,18
2020-04-20,0.21000000000000002,1.3,3,0.07,2.5,8.1,5.2749999999999995,39.8,25.75,-21.724862825953608,13.642645458614817,89.66666666666667,104.875,563.0,88.0,,,,,,,,301.9169525683985,0.9960595920921396,2.9333333333333336,19.2,20.5,88.33333333333333,-15.869862039519226,10.77455667241905,304.3336344040273,0.0,0,3,0.21000000000000002,0.21000000000000002,0.21000000000000002,0.9099999999999999,3.92,0.0,3.92,0.0,0.0,0.0,0.0,,,,,-0.8488152971212314,0.528689503747706,-0.8257673448637548,0.5640108971967338,-19.4799603339384,12.232905427891287,0.0,255.0,1.0,1.0,8.358,0,0.02819599999999998,0.21000000000000002,0.5488055555555555,4.032,0.0,0.0,-0.37083333333333357,111,4,2020,19
2020-04-21,0.0,0.0,0,0.0,3.6,9.2,6.629166666666666,26.9,18.104166666666668,-15.187084933483463,9.380766703086287,90.20833333333333,158.54166666666666,589.0,70.45833333333333,,,,,,,,304.82937690152096,0.9827888647034414,0.0,0.0,0.0,0.0,0.0,0.0,,0.041666666666666664,0,0,0.21000000000000002,0.21000000000000002,0.21000000000000002,0.9099999999999999,3.92,0.0,3.92,0.0,0.0,0.0,0.0,,,,,-0.8208564828656887,0.5711345152740914,-0.8208564828656887,0.5711345152740914,-13.700016200413206,8.46223329674242,1.0,256.0,0.0,1.0,0.0,1,0.0,0.10500000000000001,0.6108333333333333,0.0,-0.0,18.104166666666668,1.354166666666667,112,4,2020,20
2020-04-22,0.0,0.1,0,0.0,3.4,10.2,6.2375,21.7,16.825,-14.190938496940044,8.577220540597786,79.70833333333333,175.41666666666666,600.0,36.0,,,,,,,,303.3765205288878,0.9787875165375378,0.0,0.0,0.0,0.0,0.0,0.0,,0.4583333333333333,0,0,0.0,0.21000000000000002,0.21000000000000002,0.9099999999999999,3.92,0.0,3.92,0.0,0.0,0.0,0.0,,,,,-0.8350733769056817,0.5501385781631218,-0.8350733769056817,0.5501385781631218,-11.311360560269293,6.8367595392348175,2.0,257.0,0.0,1.0,0.0,2,0.0,0.07,0.6093055555555554,0.0,-0.0,33.65,-0.3916666666666666,113,4,2020,21
2020-04-23,0.0,0.1,0,0.0,1.3,11.1,6.2875000000000005,24.0,16.0125,-12.137204341085573,9.842396501903224,66.75,153.08333333333334,600.0,68.75,,,,,,,,313.4111989142159,0.9681658149807263,0.0,0.0,0.0,0.0,0.0,0.0,,0.041666666666666664,0,0,0.0,0.0,0.21000000000000002,0.9099999999999999,3.92,0.0,3.92,0.0,0.0,0.0,0.0,,,,,-0.7264403603932272,0.687229512456907,-0.7264403603932272,0.687229512456907,-8.101583897674619,6.569799665020401,3.0,258.0,,0.0,0.0,3,0.0,0.0,0.5712222222222222,0.0,-0.0,48.037499999999994,0.05000000000000071,114,4,2020,22
2020-04-24,0.0,1.4,0,0.0,5.8,10.8,7.779166666666666,25.0,18.85833333333333,-16.02117363903552,9.6762241424597,93.41666666666667,130.45833333333334,550.0,68.79166666666667,,,,,,,,303.0796962612601,0.9889727403158045,0.0,0.0,0.0,0.0,0.0,0.0,,0.041666666666666664,0,0,0.0,0.0,0.21000000000000002,0.9099999999999999,3.92,0.0,3.92,0.0,0.0,0.0,0.0,,,,,-0.8379121845812654,0.5458050667868992,-0.8379121845812654,0.5458050667868992,-14.966446374465683,9.039206053081104,4.0,259.0,,0.0,0.0,4,0.0,0.0,0.6383611111111112,0.0,-0.0,75.43333333333332,1.4916666666666654,115,4,2020,23
2020-04-25,0.0,0.0,0,0.0,4.9,12.7,8.583333333333334,25.2,15.237499999999999,-11.097285561326979,10.158384775107049,65.375,165.33333333333334,600.0,49.375,,,,,,,,314.56821084058345,0.9844355085328905,0.0,0.0,0.0,0.0,0.0,0.0,,0.4583333333333333,0,0,0.0,0.0,0.21000000000000002,0.21000000000000002,3.92,0.0,3.92,0.0,0.0,0.0,0.0,,,,,-0.7124155087965314,0.7017578947373371,-0.7124155087965314,0.7017578947373371,-7.254850435717512,6.6410440467262335,5.0,260.0,,0.0,0.0,5,0.0,0.0,0.6103611111111111,0.0,-0.0,76.1875,0.804166666666668,116,4,2020,24
2020-04-26,0.0,14.7,0,0.0,6.7,9.3,7.95,36.0,23.879166666666666,-20.170125894211928,12.19118686279362,93.29166666666667,81.5,338.0,91.125,,,,,,,,299.45904168045297,0.985184632470485,0.0,0.0,0.0,0.0,0.0,0.0,,0.0,0,0,0.0,0.0,0.21000000000000002,0.21000000000000002,3.92,0.0,3.92,0.0,0.0,0.0,0.0,,,,,-0.8707074862157452,0.49180125401208347,-0.8707074862157452,0.49180125401208347,-18.817046615475213,11.373361410747883,6.0,261.0,,0.0,0.0,6,0.0,0.0,0.5719722222222222,0.0,-0.0,143.275,-0.6333333333333337,117,4,2020,25
2020-04-27,0.0,0.0,0,0.0,2.6,14.0,7.329166666666667,16.4,7.95,-5.685254537669536,5.018166889189849,72.08333333333333,182.58333333333334,600.0,11.666666666666666,,,,,,,,315.48808880319257,0.9375226369501518,0.0,0.0,0.0,0.0,0.0,0.0,,0.625,0,0,0.0,0.0,0.0,0.21000000000000002,3.92,0.0,3.92,0.0,0.0,0.0,0.0,,,,,-0.7010575265049069,0.7131047219944779,-0.7010575265049069,0.7131047219944779,-4.09812097923679,3.6172619659576823,7.0,262.0,,,0.0,6,0.0,0.0,0.6731111111111111,0.0,-0.0,47.7,-0.6208333333333336,118,4,2020,26
2020-04-28,0.0,0.0,0,0.0,4.4,13.0,9.325000000000001,23.7,16.595833333333335,-11.324871551976708,12.046592068715228,76.29166666666667,162.95833333333334,600.0,52.125,,,,,,,,316.8728331497448,0.9961454675390912,0.0,0.0,0.0,0.0,0.0,0.0,,0.4583333333333333,0,0,0.0,0.0,0.0,0.21000000000000002,3.92,0.0,3.92,0.0,0.0,0.0,0.0,,,,,-0.6836199040235064,0.7298382196232888,-0.6836199040235064,0.7298382196232888,-8.63993325486223,9.190545865757326,8.0,263.0,,,0.0,6,0.0,0.0,0.6518333333333334,0.0,-0.0,99.57500000000002,1.9958333333333345,119,4,2020,27
2020-04-29,0.0,39.4,0,0.0,7.7,11.5,9.970833333333333,38.5,29.0,-19.409616987900208,21.338498354373794,99.625,92.375,395.0,100.0,,,,,,,,319.6043951579456,0.9911993263548298,0.0,0.0,0.0,0.0,0.0,0.0,,0.0,0,0,0.0,0.0,0.0,0.21000000000000002,3.92,0.0,3.92,0.0,0.0,0.0,0.0,,,,,-0.6480614815700022,0.7615880225589776,-0.6480614815700022,0.7615880225589776,-19.33683092419558,21.258478985544894,9.0,264.0,,,0.0,6,0.0,0.0,0.6492222222222223,0.0,-0.0,174.0,0.6458333333333321,120,4,2020,28
2020-04-30,8.12,14.2,21,1.33,-0.3,5.1,1.7999999999999998,30.8,22.287499999999998,-18.24491511086868,12.503358379570754,96.54166666666667,49.25,187.0,99.79166666666667,,,,,,,,305.33097726956436,0.9918393581282101,1.6047619047619048,21.82857142857143,30.8,96.23809523809524,-17.596443629278706,12.655534549537219,306.57305096376575,0.0,0,16,8.12,8.12,8.12,8.33,12.04,0.0,12.04,0.0,0.0,0.0,0.0,,,,,-0.8158250489989974,0.5782987890578566,-0.8030978203973694,0.5958472043007289,-17.613945129951137,12.070950568943934,0.0,265.0,1.0,1.0,100.0,0,1.239221095238095,8.12,0.46797222222222223,177.248,0.0,0.0,-8.170833333333334,121,4,2020,29
2020-05-01,18.69,26.7,24,1.47,-1.8,-0.4,-1.1083333333333334,39.7,32.52916666666667,-28.149573723990127,16.20975299672025,97.125,52.083333333333336,200.0,99.91666666666667,,,,,,,,300.0011675286144,0.9986178936360056,-1.1083333333333334,32.52916666666667,39.7,97.125,-28.149573723990127,16.20975299672025,300.0011675286144,0.0,0,24,26.810000000000002,26.810000000000002,26.810000000000002,27.020000000000003,30.73,0.0,30.73,0.0,0.0,0.0,0.0,,,,,-0.8660152149954227,0.5000176470850122,-0.8660152149954227,0.5000176470850122,-27.34027347942541,15.743722598064544,0.0,0.0,0.6971279373368147,1.0,100.0,0,3.079889123372396,26.810000000000002,0.35847222222222225,607.970125,0.0,0.0,-2.908333333333333,122,5,2020,30
2020-05-02,7.42,10.7,23,0.84,-1.0,0.6,-0.0625,38.8,30.104166666666668,-27.30636010580663,12.270950080453018,95.41666666666667,54.708333333333336,229.0,99.625,,,,,,,,293.35482873548483,0.9926555238597035,-0.06956521739130435,30.656521739130437,38.8,95.21739130434783,-27.74271041307826,12.712272841548819,294.06042186434416,0.0,1,23,26.11,34.23,34.23,34.44,38.15,1.0,38.15,0.0,0.0,0.0,0.0,,,,,-0.9180674467847405,0.3964242212001529,-0.9131160213594989,0.4076998056617138,-26.05481860095716,11.70853153509892,0.0,1.0,0.21676891615541924,1.0,100.0,1,1.152111219754253,34.23,0.36786111111111114,227.47139130434783,0.0,30.104166666666668,1.0458333333333334,123,5,2020,31
2020-05-03,0.0,0.0,0,0.0,-0.5,4.0,1.1791666666666667,17.4,10.620833333333334,-8.98188462071296,-2.5682416339249814,86.16666666666667,159.54166666666666,600.0,48.416666666666664,,,,,,,,257.6350035268727,0.8742303253260779,0.0,0.0,0.0,0.0,0.0,0.0,,0.375,1,0,7.419999999999996,26.11,34.23,34.44,38.15,2.0,38.15,0.0,0.0,0.0,0.0,,,,,-0.9768032836284888,-0.2141386118676455,-0.9768032836284888,-0.2141386118676455,-7.739390581514334,-2.212968207898692,1.0,2.0,0.0,0.7627811860940695,0.0,2,0.0,13.055,0.48247222222222225,0.0,-0.0,21.241666666666667,1.2416666666666667,124,5,2020,32
2020-05-04,0.0,0.0,0,0.0,-2.0,6.1,2.3000000000000003,8.5,5.875,-0.3331443156021238,-1.2905577925866325,82.95833333333333,151.91666666666666,586.0,25.583333333333332,,,,,,,,177.5348879726117,0.10574109730769636,0.0,0.0,0.0,0.0,0.0,0.0,,0.5833333333333334,1,0,0.0,7.419999999999996,34.23,34.23,36.4,3.0,38.15,0.0,0.0,0.0,0.0,,,,,0.04301104887248677,-0.9990745966517658,0.04301104887248677,-0.9990745966517658,-0.27637097181826187,-1.0706252354333272,2.0,3.0,0.0,0.21676891615541913,0.0,3,0.0,2.4733333333333323,0.513361111111111,0.0,-0.0,17.625,1.1208333333333336,125,5,2020,33
2020-05-05,0.0,0.0,0,0.0,-1.3,8.9,4.070833333333334,9.0,4.966666666666667,-3.025313693110428,3.345992071227926,70.91666666666667,173.54166666666666,600.0,0.2916666666666667,,,,,,,,317.24527780430475,0.894643590949486,0.0,0.0,0.0,0.0,0.0,0.0,,1.0,1,0,0.0,0.0,34.23,34.23,35.14,4.0,38.15,0.0,0.0,0.0,0.0,,,,,-0.6788612645192647,0.7342665616350135,-0.6788612645192647,0.7342665616350135,-2.145451627364145,2.3728660438458045,3.0,4.0,,0.0,0.0,4,0.0,0.0,0.5498611111111111,0.0,-0.0,19.866666666666667,1.7708333333333335,126,5,2020,34
2020-05-06,0.0,0.0,0,0.0,2.5,8.1,5.304166666666666,16.0,12.620833333333332,-8.861130249532344,8.738603670668885,63.958333333333336,157.41666666666666,600.0,84.75,,,,,,,,315.24025404446525,0.9843813134316731,0.0,0.0,0.0,0.0,0.0,0.0,,0.0,0,0,0.0,0.0,34.23,34.23,35.14,4.0,38.15,0.0,0.0,0.0,0.0,,,,,-0.7041355161018427,0.7100656131400758,-0.7041355161018427,0.7100656131400758,-5.667431222096728,5.589065264365308,4.0,5.0,,0.0,0.0,5,0.0,0.0,0.49813888888888885,0.0,-0.0,63.10416666666666,1.2333333333333325,127,5,2020,35
2020-05-07,0.0,0.4,0,0.0,4.1,8.6,6.391666666666667,32.8,24.425,-19.29519821528373,14.892325681535366,78.58333333333333,98.66666666666667,461.0,72.29166666666667,,,,,,,,308.24985827718706,0.9978282893470777,0.0,0.0,0.0,0.0,0.0,0.0,,0.125,0,0,0.0,0.0,26.11,34.23,35.14,4.0,38.15,0.0,0.0,0.0,0.0,,,,,-0.78531846222562,0.6190920068031791,-0.78531846222562,0.6190920068031791,-15.162809930843796,11.70288593140654,5.0,6.0,,0.0,0.0,6,0.0,0.0,0.5188333333333334,0.0,-0.0,146.55,1.0875000000000004,128,5,2020,36
2020-05-08,0.0,0.4,0,0.0,5.5,10.0,7.591666666666666,30.7,25.791666666666668,-20.828537003681443,15.124005755802392,91.5,140.04166666666666,543.0,63.333333333333336,,,,,,,,306.1659268671408,0.9979872743421673,0.0,0.0,0.0,0.0,0.0,0.0,,0.125,0,0,0.0,0.0,7.419999999999996,34.23,35.14,4.0,38.15,0.0,0.0,0.0,0.0,,,,,-0.8073113957434859,0.5901256733126468,-0.8073113957434859,0.5901256733126468,-19.05811135836852,13.838465266559188,6.0,7.0,,0.0,0.0,6,0.0,0.0,0.6205833333333334,0.0,-0.0,154.75,1.1999999999999993,129,5,2020,37
2020-05-09,4.9,13.1,9,1.89,0.2,7.7,4.516666666666667,34.1,28.65833333333333,-23.276502986894332,16.087471722129397,96.08333333333333,99.5,497.0,82.375,,,,,,,,304.29451793355975,0.9874857289526039,1.6777777777777778,27.566666666666666,30.4,99.88888888888889,-25.227688831482126,11.065723769396072,293.6665575552033,0.08333333333333333,0,9,4.899999999999997,4.899999999999997,4.899999999999997,39.129999999999995,40.040000000000006,3.0,43.05,0.0,0.0,0.0,0.0,,,,,-0.8261522089482445,0.563447005183217,-0.9158970465392222,0.40141325356884994,-22.36483995324097,15.45737907967933,0.0,8.0,1.0000000000000007,1.0,100.0,0,0.6681790856481482,4.899999999999997,0.5577222222222221,135.07666666666668,0.0,0.0,-3.0749999999999993,130,5,2020,38
2020-05-10,0.63,0.9,5,0.21,-2.8,1.7,-0.9249999999999999,30.3,17.733333333333334,-16.7267615395911,4.9283048898508115,91.625,117.45833333333333,563.0,80.33333333333333,,,,,,,,285.4204161989876,0.9823676714629613,-1.0,29.339999999999996,30.3,98.0,-26.72246019207038,11.990524146353632,294.20180028285006,0.0,1,5,5.529999999999997,5.529999999999997,5.529999999999997,39.76,40.67,3.0,43.68,0.0,0.0,0.0,0.0,,,,,-0.9640007174470884,0.2658996366328825,-0.9121072355864513,0.4099516932406081,-15.325895260650343,4.515559355325806,0.0,9.0,0.11392405063291146,1.0,19.089000000000002,1,0.10971056250000003,5.529999999999997,0.4215,18.484199999999998,0.0,17.733333333333334,-5.441666666666666,131,5,2020,39
2020-05-11,0.0,0.0,0,0.0,-2.1,5.1,1.2083333333333333,14.0,8.8125,-7.412430713901045,3.129565854362497,86.58333333333333,138.875,547.0,42.166666666666664,,,,,,,,296.6423918501397,0.8855352576026057,0.0,0.0,0.0,0.0,0.0,0.0,,0.4583333333333333,1,0,0.6299999999999965,5.529999999999997,5.529999999999997,39.76,39.97,3.0,43.68,0.0,0.0,0.0,0.0,,,,,-0.8938227053190637,0.4484205296996451,-0.8938227053190637,0.4484205296996451,-6.417929593119322,2.709682435568862,1.0,10.0,0.0,1.0,0.0,2,0.0,2.7649999999999983,0.49452777777777773,0.0,-0.0,17.625,2.1333333333333333,132,5,2020,40
2020-05-12,0.0,0.0,0,0.0,-0.4,7.1,2.4583333333333335,17.6,12.391666666666666,-8.674679289782253,8.495791972385696,77.95833333333333,136.25,551.0,60.791666666666664,,,,,,,,316.6965699284313,0.9769269301454165,0.0,0.0,0.0,0.0,0.0,0.0,,0.3333333333333333,0,0,0.0,0.6299999999999965,5.529999999999997,39.76,39.97,2.0,43.68,0.0,0.0,0.0,0.0,,,,,-0.685861920573189,0.7277316991224558,-0.685861920573189,0.7277316991224558,-6.762635396326081,6.623177825139015,2.0,11.0,0.0,0.11392405063291082,0.0,3,0.0,0.20999999999999883,0.5084722222222222,0.0,-0.0,37.175,1.2500000000000002,133,5,2020,41
2020-05-13,0.0,0.1,0,0.0,0.4,5.8,2.533333333333333,16.8,10.316666666666666,-7.552680026908934,1.9692918791846477,85.79166666666667,135.875,548.0,72.125,,,,,,,,270.9301977282511,0.5897012615062748,0.0,0.0,0.0,0.0,0.0,0.0,,0.125,0,0,0.0,0.0,5.529999999999997,39.76,39.97,2.0,43.68,0.0,0.0,0.0,0.0,,,,,-0.999868215070238,0.016234299869601766,-0.999868215070238,0.016234299869601766,-6.479570073085623,1.689488324683829,3.0,12.0,,0.0,0.0,4,0.0,0.0,0.5054444444444445,0.0,-0.0,41.266666666666666,0.07499999999999973,134,5,2020,42
2020-05-14,0.0,0.0,0,0.0,-0.8,7.7,2.6166666666666667,6.8,4.195833333333334,-0.31568316465532426,1.4210417510441713,83.79166666666667,125.29166666666667,515.0,57.75,,,,,,,,6.103217824759695,0.4062989046940051,0.0,0.0,0.0,0.0,0.0,0.0,,0.20833333333333334,1,0,0.0,0.0,5.529999999999997,31.64,39.97,3.0,43.68,0.0,0.0,0.0,0.0,,,,,0.10631991481510222,0.9943319746008923,0.10631991481510222,0.9943319746008923,-0.2645161850507738,1.1907145672290953,4.0,13.0,,0.0,0.0,5,0.0,0.0,0.5339444444444444,0.0,-0.0,20.979166666666668,0.08333333333333348,135,5,2020,43
2020-05-15,0.0,0.0,0,0.0,-0.5,8.9,3.1833333333333336,6.5,3.779166666666667,0.3916158120212711,2.148530997421372,63.291666666666664,153.79166666666666,587.0,7.458333333333333,,,,,,,,9.639303060284217,0.5201702771958457,0.0,0.0,0.0,0.0,0.0,0.0,,0.875,1,0,0.0,0.0,5.529999999999997,12.949999999999998,39.97,4.0,43.68,0.0,0.0,0.0,0.0,,,,,0.16744506896670455,0.9858814071067248,0.16744506896670455,0.9858814071067248,0.24786017435846283,1.3598410771179434,5.0,14.0,,0.0,0.0,6,0.0,0.0,0.5112777777777778,0.0,-0.0,22.675,0.5666666666666669,136,5,2020,44
2020-05-16,0.0,0.0,0,0.0,1.1,9.4,4.716666666666667,10.6,5.895833333333333,-2.615241559415757,4.281647502317601,63.041666666666664,150.5,578.0,0.0,,,,,,,,329.5634354776154,0.8575693286664697,0.0,0.0,0.0,0.0,0.0,0.0,,1.0,0,0,0.0,0.0,0.6299999999999965,5.529999999999997,39.97,4.0,43.68,0.0,0.0,0.0,0.0,,,,,-0.5065840925133731,0.8621905573667589,-0.5065840925133731,0.8621905573667589,-1.6486918664150167,2.6992219462527207,6.0,15.0,,0.0,0.0,6,0.0,0.0,0.519361111111111,0.0,-0.0,35.375,1.5333333333333332,137,5,2020,45
2020-05-17,0.0,0.0,0,0.0,1.7,11.0,5.679166666666667,7.7,4.945833333333334,1.5122411588520601,2.0607027362402857,62.5,150.5,579.0,5.958333333333333,,,,,,,,27.40327874838386,0.47557095499430163,0.0,0.0,0.0,0.0,0.0,0.0,,0.8333333333333334,0,0,0.0,0.0,0.0,5.529999999999997,39.97,3.0,43.68,0.0,0.0,0.0,0.0,,,,,0.4602505892254624,0.8877890487709423,0.4602505892254624,0.8877890487709423,0.9451507242825375,1.2879392101501785,7.0,16.0,,,0.0,6,0.0,0.0,0.5531111111111111,0.0,-0.0,29.675000000000004,0.9625000000000004,138,5,2020,46
2020-05-18,0.0,0.0,0,0.0,2.3,10.2,5.541666666666667,13.9,5.604166666666667,-3.1410899257673885,4.189196259167484,68.91666666666667,149.41666666666666,576.0,4.333333333333333,,,,,,,,319.4710411521578,0.9103412324447824,0.0,0.0,0.0,0.0,0.0,0.0,,0.9166666666666666,0,0,0.0,0.0,0.0,5.529999999999997,39.97,2.0,43.68,0.0,0.0,0.0,0.0,,,,,-0.6498322952512167,0.7600776197524405,-0.6498322952512167,0.7600776197524405,-2.1647344738413588,2.8870544219429246,8.0,17.0,,,0.0,6,0.0,0.0,0.5559999999999999,0.0,-0.0,33.625,-0.13750000000000018,139,5,2020,47
2020-05-19,0.0,0.1,0,0.0,3.2,8.9,5.604166666666667,20.2,15.5625,-11.220543743773531,10.493250195816612,82.125,138.25,561.0,69.0,,,,,,,,315.6210962041577,0.9810446058435485,0.0,0.0,0.0,0.0,0.0,0.0,,0.08333333333333333,0,0,0.0,0.0,0.0,5.529999999999997,39.97,2.0,43.68,0.0,0.0,0.0,0.0,,,,,-0.6994002255221853,0.7147302459946104,-0.6994002255221853,0.7147302459946104,-9.214871549574012,8.617581723314393,9.0,18.0,,,0.0,6,0.0,0.0,0.5636944444444445,0.0,-0.0,93.375,0.0625,140,5,2020,48
2020-05-20,0.0,8.7,0,0.0,1.4,6.5,4.533333333333333,40.1,27.070833333333336,-20.448850936868656,17.511067557657736,95.95833333333333,56.083333333333336,295.0,84.04166666666667,,,,,,,,311.25170146705454,0.9939411469812315,0.0,0.0,0.0,0.0,0.0,0.0,,0.0,0,0,0.0,0.0,0.0,5.529999999999997,39.76,2.0,43.68,0.0,0.0,0.0,0.0,,,,,-0.7518202270808145,0.6593681415962955,-0.7518202270808145,0.6593681415962955,-19.62237654483688,16.8033285772024,10.0,19.0,,,0.0,6,0.0,0.0,0.5016944444444444,0.0,-0.0,162.425,-1.0708333333333337,141,5,2020,49
2020-05-21,3.0100000000000002,4.5,9,0.84,-0.6,5.1,1.695833333333333,16.8,12.366666666666667,0.8062287828303458,-3.083492647926771,86.625,96.25,517.0,86.125,,,,,,,,157.24920523969394,0.2105848082745527,1.0777777777777777,13.755555555555555,16.8,94.33333333333333,5.096439964377958,-12.153326426613205,156.33064857454016,0.041666666666666664,1,8,3.0099999999999967,3.0099999999999967,3.0099999999999967,8.539999999999997,42.769999999999996,2.0,46.69,0.0,0.0,0.0,0.0,,,,,0.38672375361907674,-0.9221956074427874,0.40145791427848254,-0.9158774716429979,0.6983956831267871,-2.671075506266565,0.0,20.0,1.000000000000001,1.0,50.568000000000005,0,0.5559541998456791,3.0099999999999967,0.46625,41.404222222222224,0.0,0.0,-2.8375000000000004,142,5,2020,50
2020-05-22,0.77,1.1,6,0.21,-1.0,2.1,0.5,17.1,14.720833333333333,2.5739565641987854,-14.437777081357142,97.375,32.0,158.0,99.66666666666667,,,,,,,,170.0780467499263,0.9956846018600789,1.55,15.333333333333334,16.8,97.33333333333333,2.4045890181482155,-15.12369027244956,170.9984758687268,0.0,0,5,3.7799999999999967,3.7799999999999967,3.7799999999999967,9.309999999999997,43.54,1.0,47.46,0.0,0.0,0.0,0.0,,,,,0.17230653868670961,-0.9850433780934753,0.1564607385900365,-0.9876841789154367,2.5063902043885675,-14.058785432971517,0.0,21.0,0.2037037037037039,1.0,13.167000000000002,1,0.1314855208333333,3.7799999999999967,0.39258333333333334,11.806666666666667,0.0,14.720833333333333,-1.195833333333333,143,5,2020,51
2020-05-23,0.91,2.1,6,0.42,0.6,3.3,1.4791666666666667,18.4,14.737499999999999,2.42016670614353,-14.487828387432264,99.375,39.291666666666664,146.0,95.83333333333333,,,,,,,,170.4139275500503,0.996654974716929,0.9500000000000001,15.75,16.6,100.0,3.213009718712186,-15.367256684791661,167.9978130400476,0.0,0,6,1.6799999999999966,4.689999999999997,4.689999999999997,5.319999999999997,44.449999999999996,1.0,48.37,0.0,0.0,0.0,0.0,,,,,0.16652906429206443,-0.9860365463541447,0.20794902621960296,-0.9781396641044258,2.4050406642301327,-14.397279460010814,0.0,22.0,0.1940298507462688,1.0,16.744,2,0.16535339843750005,4.689999999999997,0.43077777777777776,14.332500000000001,0.0,29.474999999999998,0.9791666666666667,144,5,2020,52
2020-05-24,0.14,1.3,2,0.07,0.5,3.2,1.8499999999999999,23.3,17.708333333333332,6.5511783535994,-16.396510285324613,98.45833333333333,60.916666666666664,339.0,96.79166666666667,,,,,,,,158.04034139159333,0.99702936048015,1.5499999999999998,18.0,19.7,96.5,7.356117539726217,-16.39179008279769,155.5,0.0,0,2,1.0499999999999965,1.8199999999999965,4.8299999999999965,4.8299999999999965,44.589999999999996,1.0,48.51,0.0,0.0,0.0,0.0,,,,,0.3739536796351509,-0.9274473815194751,0.4146932426562392,-0.9099612708765431,6.450181020648075,-16.143730751759193,0.0,23.0,0.07692307692307708,0.3768115942028981,3.2620000000000005,3,0.022920624999999997,1.8199999999999965,0.4399166666666667,2.5200000000000005,0.0,53.125,0.3708333333333331,145,5,2020,53
2020-05-25,0.14,1.9000000000000001,2,0.07,1.5,3.3,2.225,25.5,17.908333333333335,11.199405915306533,-13.03591375018891,99.16666666666667,46.625,244.0,99.29166666666667,,,,,,,,135.05818990684682,0.9463493098188541,1.8,21.1,22.1,100.0,8.582143168899389,-19.27580915625888,156.0,0.0,0,2,0.28,1.1899999999999964,4.969999999999997,4.969999999999997,44.73,1.0,48.65,0.0,0.0,0.0,0.0,,,,,0.7063882751238593,-0.7078245579008536,0.40673664307580043,-0.9135454576426008,11.106077532678981,-12.927281135604003,0.0,24.0,0.11764705882352978,0.23943661971830926,3.5700000000000003,4,0.021130374999999996,1.1899999999999964,0.43497222222222226,2.9540000000000006,0.0,71.63333333333334,0.3750000000000002,146,5,2020,54
2020-05-26,0.0,0.1,0,0.0,1.4,9.7,4.754166666666666,11.6,7.7749999999999995,4.616740514043539,4.900602010543493,90.08333333333333,106.29166666666667,431.0,45.208333333333336,,,,,,,,41.869442494707485,0.8425273605065173,0.0,0.0,0.0,0.0,0.0,0.0,,0.3333333333333333,0,0,0.13999999999999646,0.2799999999999965,4.969999999999997,4.969999999999997,44.73,1.0,48.65,0.0,0.0,0.0,0.0,,,,,0.6674354975196474,0.7446676148797534,0.6674354975196474,0.7446676148797534,4.158913746400888,4.41462564449793,1.0,25.0,0.0,0.056338028169013406,0.0,5,0.0,0.13999999999999824,0.5866944444444444,0.0,-0.0,38.875,2.5291666666666663,147,5,2020,55
2020-05-27,0.0,0.0,0,0.0,2.3,8.1,4.704166666666667,12.3,7.2,-5.201161394146619,4.534163080038343,88.08333333333333,106.41666666666667,491.0,69.58333333333333,,,,,,,,315.36063230975964,0.9604834396589397,0.0,0.0,0.0,0.0,0.0,0.0,,0.0,0,0,0.0,0.13999999999999646,4.969999999999997,4.969999999999997,44.73,1.0,48.65,0.0,0.0,0.0,0.0,,,,,-0.70264211732859,0.7115434315317625,-0.70264211732859,0.7115434315317625,-4.581356328010814,3.9938419796671063,2.0,26.0,0.0,0.028169014084506346,0.0,6,0.0,0.04666666666666549,0.5445555555555556,0.0,-0.0,43.2,-0.04999999999999982,148,5,2020,56
2020-05-28,0.0,0.2,0,0.0,-0.1,8.4,4.0249999999999995,12.5,9.004166666666666,-7.319364172968811,4.704307190917142,89.91666666666667,112.54166666666667,513.0,48.166666666666664,,,,,,,,306.45122830397014,0.9552429395552939,0.0,0.0,0.0,0.0,0.0,0.0,,0.375,1,0,0.0,0.0,1.9599999999999964,4.969999999999997,44.73,1.0,48.65,0.0,0.0,0.0,0.0,,,,,-0.8043628983485,0.5941383069289512,-0.8043628983485,0.5941383069289512,-6.58132828552779,4.229956215832996,3.0,27.0,,0.0,0.0,5,0.0,0.0,0.5614166666666667,0.0,-0.0,45.02083333333333,-0.6791666666666671,149,5,2020,57
2020-05-29,0.0,0.0,0,0.0,-0.1,8.7,3.3541666666666665,7.8,5.608333333333333,-2.476809973456704,4.36412629710141,73.16666666666667,137.70833333333334,545.0,4.125,,,,,,,,330.8461730782154,0.9068081786578372,0.0,0.0,0.0,0.0,0.0,0.0,,0.9583333333333334,1,0,0.0,0.0,1.1899999999999964,4.969999999999997,44.73,2.0,48.65,0.0,0.0,0.0,0.0,,,,,-0.4871560371292045,0.8733149463329762,-0.4871560371292045,0.8733149463329762,-1.8121992972458218,3.1930857407125317,4.0,28.0,,0.0,0.0,6,0.0,0.0,0.5290277777777778,0.0,-0.0,33.65,-0.670833333333333,150,5,2020,58
2020-05-30,0.0,0.0,0,0.0,1.2,7.7,4.55,28.2,18.083333333333332,-12.367757928475077,12.95987022504029,57.708333333333336,137.125,541.0,12.5,,,,,,,,317.8691315452037,0.9882542542123276,0.0,0.0,0.0,0.0,0.0,0.0,,0.8333333333333334,0,0,0.0,0.0,0.2799999999999965,4.969999999999997,36.61,2.0,48.65,0.0,0.0,0.0,0.0,,,,,-0.6708262657042536,0.7416145368325018,-0.6708262657042536,0.7416145368325018,-7.13722697122416,7.478925109033668,5.0,29.0,,0.0,0.0,6,0.0,0.0,0.4548888888888889,0.0,-0.0,108.5,1.1958333333333333,151,5,2020,59
2020-05-31,0.0,7.7,0,0.0,2.6,4.7,3.808333333333333,36.3,20.995833333333334,-16.973716241060444,11.847398619061734,98.91666666666667,39.833333333333336,215.0,98.70833333333333,,,,,,,,303.44804467957437,0.9856932761551515,0.0,0.0,0.0,0.0,0.0,0.0,,0.0,0,0,0.0,0.0,0.13999999999999646,4.969999999999997,17.92,2.0,48.65,0.0,0.0,0.0,0.0,,,,,-0.8343859708732613,0.5511805979984103,-0.8343859708732613,0.5511805979984103,-16.789834315115623,11.719051800688565,6.0,30.0,,0.0,0.0,6,0.0,0.0,0.46072222222222226,0.0,-0.0,125.975,-0.7416666666666667,152,5,2020,60
2020-06-01,4.9,9.5,15,0.7,-0.9,2.8,1.25,31.4,21.120833333333334,-17.96613058232021,10.795685607938154,97.16666666666667,65.375,335.0,99.04166666666667,,,,,,,,299.5871085115301,0.99151398833017,1.1866666666666668,21.2,31.4,96.13333333333334,-17.813421474971115,11.253255995071422,300.59753001822156,0.0,0,9,4.899999999999997,4.899999999999997,4.899999999999997,9.869999999999997,15.400000000000002,2.0,53.550000000000004,0.0,0.0,0.0,0.0,,,,,-0.869606043881572,0.4937462186636384,-0.8607639706306139,0.5090043092786343,-17.45709021582114,10.489807849046574,0.0,31.0,1.0000000000000007,1.0,100.0,0,0.7935304999999997,4.899999999999997,0.42969444444444443,103.88000000000001,0.0,0.0,-2.558333333333333,153,6,2020,61
2020-06-02,0.07,0.1,1,0.07,-1.2,2.7,0.5833333333333334,24.6,14.333333333333334,-12.8614751589489,1.448119404657665,95.375,77.58333333333333,354.0,98.41666666666667,,,,,,,,269.36488669219705,0.9061610889546451,0.8,24.6,24.6,99.0,-21.91876049503385,11.168166293592847,297.0,0.0,0,1,4.969999999999997,4.969999999999997,4.969999999999997,9.939999999999998,15.47,2.0,53.620000000000005,0.0,0.0,0.0,0.0,,,,,-0.9999385640302093,-0.01108459134127557,-0.8910065241883679,0.45399049973954664,-12.266631932847515,1.3811438821922482,0.0,32.0,0.01408450704225353,1.0,1.7220000000000002,1,0.01114925,4.969999999999997,0.4296388888888889,1.7220000000000002,0.0,14.333333333333334,-0.6666666666666666,154,6,2020,62
2020-06-03,0.98,1.6,7,0.28,-2.6,2.3,0.2333333333333333,28.6,14.887500000000001,-6.128283731096477,-4.701378555302856,93.91666666666667,75.16666666666667,340.0,82.70833333333333,,,,,,,,194.13789217017302,0.4483432091193669,1.1857142857142857,23.82857142857143,28.6,99.42857142857143,-21.694803818213085,5.840401633833264,282.9963096269785,0.0,1,7,1.0499999999999965,5.949999999999997,5.949999999999997,10.919999999999998,16.450000000000003,3.0,54.6,0.0,0.0,0.0,0.0,,,,,-0.24425637665826772,-0.9697106900832714,-0.974384551672537,0.22488829552004064,-5.755479804121442,-4.415378026521933,0.0,33.0,0.16470588235294126,1.0,28.028000000000002,2,0.15162774999999998,5.949999999999997,0.4142777777777778,23.352,0.0,29.775000000000002,-0.3500000000000001,155,6,2020,63
2020-06-04,0.0,0.0,0,0.0,-3.6,8.0,1.0708333333333333,6.0,3.2416666666666667,-1.053698882319973,1.562520036129641,62.208333333333336,132.91666666666666,529.0,1.7916666666666667,,,,,,,,337.6478621128135,0.5995454825905463,0.0,0.0,0.0,0.0,0.0,0.0,,1.0,1,0,0.9799999999999964,1.0499999999999965,5.949999999999997,7.9099999999999975,16.450000000000003,3.0,54.6,0.0,0.0,0.0,0.0,,,,,-0.380297922607446,0.92486403868918,-0.380297922607446,0.92486403868918,-0.6554885130432165,0.9720176724756474,1.0,34.0,0.0,0.17647058823529363,0.0,3,0.0,0.5249999999999982,0.47374999999999995,0.0,-0.0,9.725,0.8375,156,6,2020,64
2020-06-05,0.0,0.0,0,0.0,-4.2,6.4,1.4083333333333332,7.9,5.629166666666666,-3.6146532562441434,3.9202889916007604,61.541666666666664,133.29166666666666,528.0,12.708333333333334,,,,,,,,318.65041839098996,0.950388184077753,0.0,0.0,0.0,0.0,0.0,0.0,,0.7916666666666666,1,0,0.0,0.9799999999999964,5.949999999999997,7.139999999999997,16.450000000000003,3.0,54.6,0.0,0.0,0.0,0.0,,,,,-0.6606515364357974,0.7506927117036772,-0.6606515364357974,0.7506927117036772,-2.2245178581135834,2.412611183580968,2.0,35.0,0.0,0.16470588235294067,0.0,4,0.0,0.3266666666666655,0.43622222222222223,0.0,-0.0,22.516666666666666,0.3374999999999999,157,6,2020,65
2020-06-06,0.0,0.0,0,0.0,-3.9,6.3,1.3416666666666668,8.2,4.545833333333333,-2.6892293777125924,2.8552226751169747,58.75,115.16666666666667,503.0,68.08333333333333,,,,,,,,323.0413784738482,0.8710440264614544,0.0,0.0,0.0,0.0,0.0,0.0,,0.041666666666666664,1,0,0.0,0.0,5.949999999999997,6.229999999999997,16.450000000000003,4.0,54.6,0.0,0.0,0.0,0.0,,,,,-0.6012380991964357,0.7990699268991776,-0.6012380991964357,0.7990699268991776,-1.5799222594061482,1.6774433216312226,3.0,36.0,,0.0,0.0,5,0.0,0.0,0.4126111111111111,0.0,-0.0,22.729166666666668,-0.06666666666666643,158,6,2020,66
2020-06-07,0.0,0.0,0,0.0,-2.4,5.5,0.46666666666666673,6.1,3.9416666666666664,2.3360259152227028,1.8877230576262543,74.58333333333333,95.20833333333333,490.0,65.91666666666667,,,,,,,,53.72149369313153,0.6344570918224643,0.0,0.0,0.0,0.0,0.0,0.0,,0.125,1,0,0.0,0.0,5.949999999999997,6.089999999999997,16.450000000000003,5.0,54.6,0.0,0.0,0.0,0.0,,,,,0.806150310821717,0.5917108046690116,0.806150310821717,0.5917108046690116,1.7422859951035992,1.4079267804795814,4.0,37.0,,0.0,0.0,6,0.0,0.0,0.4343055555555555,0.0,-0.0,23.65,-0.875,159,6,2020,67
2020-06-08,0.0,0.0,0,0.0,-2.6,5.7,1.7541666666666667,9.0,3.8625000000000003,0.8370604838119178,1.9744627052553139,70.08333333333333,132.04166666666666,529.0,3.2083333333333335,,,,,,,,23.520554201588833,0.45682865837717945,0.0,0.0,0.0,0.0,0.0,0.0,,1.0,1,0,0.0,0.0,1.0499999999999965,5.949999999999997,11.55,6.0,54.6,0.0,0.0,0.0,0.0,,,,,0.39907802800895426,0.9169169687384373,0.39907802800895426,0.9169169687384373,0.586639889071519,1.3837692792664325,5.0,38.0,,0.0,0.0,5,0.0,0.0,0.44830555555555557,0.0,-0.0,19.3125,1.2874999999999999,160,6,2020,68
2020-06-09,0.0,0.0,0,0.0,-0.1,8.0,2.908333333333333,11.5,8.112499999999999,-4.32866055656159,6.630824320049442,58.5,131.04166666666666,523.0,34.416666666666664,,,,,,,,329.04596921071214,0.977944404752804,0.0,0.0,0.0,0.0,0.0,0.0,,0.6666666666666666,1,0,0.0,0.0,0.9799999999999964,5.949999999999997,10.92,7.0,54.6,0.0,0.0,0.0,0.0,,,,,-0.5143501918212806,0.8575802470751129,-0.5143501918212806,0.8575802470751129,-2.53226642558853,3.8790322272289233,6.0,39.0,,0.0,0.0,6,0.0,0.0,0.4601388888888889,0.0,-0.0,48.675,1.1541666666666666,161,6,2020,69
2020-06-10,0.0,0.0,0,0.0,0.6,8.6,4.3625,14.8,9.637500000000001,-6.397935928905878,6.966417701537567,79.625,103.54166666666667,481.0,74.33333333333333,,,,,,,,319.89320668145854,0.9693430365394125,0.0,0.0,0.0,0.0,0.0,0.0,,0.20833333333333334,0,0,0.0,0.0,0.0,5.949999999999997,10.92,6.0,54.6,0.0,0.0,0.0,0.0,,,,,-0.644214318732918,0.7648450245242381,-0.644214318732918,0.7648450245242381,-5.094356483391305,5.547010094849287,7.0,40.0,,,0.0,6,0.0,0.0,0.5255555555555556,0.0,-0.0,57.825,1.4541666666666666,162,6,2020,70
2020-06-11,0.0,0.0,0,0.0,1.5,7.2,3.454166666666667,11.2,6.762499999999999,-3.601162544479992,3.9562864378083993,84.58333333333333,111.20833333333333,449.0,53.875,,,,,,,,320.24357927924547,0.6757261688043029,0.0,0.0,0.0,0.0,0.0,0.0,,0.16666666666666666,0,0,0.0,0.0,0.0,5.949999999999997,10.92,5.0,54.6,0.0,0.0,0.0,0.0,,,,,-0.6395251564703935,0.7687701699737827,-0.6395251564703935,0.7687701699737827,-3.04598331887266,3.346358945312937,8.0,41.0,,,0.0,6,0.0,0.0,0.5160833333333333,0.0,-0.0,40.574999999999996,-0.9083333333333328,163,6,2020,71
2020-06-12,0.0,0.0,0,0.0,0.6,7.4,3.470833333333333,11.3,6.795833333333333,-2.946841710058942,5.63934633229393,78.875,124.125,506.0,48.75,,,,,,,,336.4632606403251,0.927960856177509,0.0,0.0,0.0,0.0,0.0,0.0,,0.375,0,0,0.0,0.0,0.0,5.949999999999997,10.92,4.0,54.6,0.0,0.0,0.0,0.0,,,,,-0.39933702672956917,0.9168041988793394,-0.39933702672956917,0.9168041988793394,-2.32432139880899,4.448034419596837,9.0,42.0,,,0.0,6,0.0,0.0,0.5101111111111111,0.0,-0.0,40.775,0.016666666666666163,164,6,2020,72
2020-06-13,0.0,0.1,0,0.0,2.6,7.5,5.141666666666667,24.8,16.483333333333334,-10.245346700897278,12.556257373605726,90.66666666666667,86.79166666666667,392.0,98.25,,,,,,,,323.03008021591955,0.9805469949954748,0.0,0.0,0.0,0.0,0.0,0.0,,0.0,0,0,0.0,0.0,0.0,5.949999999999997,10.92,3.0,54.6,0.0,0.0,0.0,0.0,,,,,-0.601395657543647,0.7989513521408199,-0.601395657543647,0.7989513521408199,-9.289114342146865,11.384340018735859,10.0,43.0,,,0.0,6,0.0,0.0,0.5267499999999999,0.0,-0.0,98.9,1.6708333333333334,165,6,2020,73
2020-06-14,0.35000000000000003,19.6,5,0.07,0.5,6.6,2.908333333333333,36.1,28.258333333333336,-24.183106099376015,14.185159608781463,97.08333333333333,63.125,325.0,98.08333333333333,,,,,,,,301.9594897973865,0.9884903637158308,2.0,29.1,31.9,93.6,-24.987126467576996,14.851971110792515,300.7994805273622,0.0,0,4,0.3499999999999965,0.3499999999999965,0.3499999999999965,6.299999999999997,11.27,2.0,54.95,0.0,0.0,0.0,0.0,,,,,-0.8484225563728759,0.5293195309429969,-0.8589645393360417,0.512035077082832,-23.477765504810883,13.77142578685867,0.0,44.0,1.0000000000000102,1.0,12.635000000000002,0,0.044537499999999994,0.3499999999999965,0.5123611111111112,10.185000000000002,0.0,0.0,-2.2333333333333334,166,6,2020,74
2020-06-15,0.14,4.7,2,0.07,1.5,4.4,3.0666666666666664,33.5,29.270833333333332,-24.9243369871613,15.291980811686082,99.83333333333333,27.791666666666668,118.0,100.0,,,,,,,,301.5835894110967,0.9990494509923527,1.6,32.85,33.5,99.0,-29.004828425415756,15.422140837516501,298.0,0.0,0,2,0.4899999999999965,0.4899999999999965,0.4899999999999965,1.5399999999999965,11.41,1.0,55.09,0.0,0.0,0.0,0.0,,,,,-0.8518769786238608,0.52374193386694,-0.8829475928589271,0.4694715627858904,-24.88279642551603,15.266494176999938,0.0,45.0,0.2857142857142878,1.0,4.69,1,0.017327625,0.4899999999999965,0.4490833333333333,4.599,0.0,29.270833333333332,0.15833333333333321,167,6,2020,75
2020-06-16,0.0,2.7,0,0.0,3.4,5.2,4.045833333333333,34.2,28.191666666666666,-25.075443019963018,12.760657458356794,99.70833333333333,38.041666666666664,169.0,100.0,,,,,,,,296.5457569919864,0.9976190118172943,0.0,0.0,0.0,0.0,0.0,0.0,,0.0,0,0,0.13999999999999646,0.4899999999999965,0.4899999999999965,1.4699999999999964,11.41,0.0,55.09,0.0,0.0,0.0,0.0,,,,,-0.8945777381455219,0.44691237442528053,-0.8945777381455219,0.44691237442528053,-25.00230631115479,12.723438874103254,1.0,46.0,0.0,1.0,0.0,2,0.0,0.24499999999999825,0.47327777777777774,0.0,-0.0,56.38333333333333,0.979166666666667,168,6,2020,76
2020-06-17,0.0,0.5,0,0.0,1.7,6.2,3.5124999999999997,18.2,5.7250000000000005,-1.5770198372216253,2.5126090532551317,93.70833333333333,57.708333333333336,266.0,92.70833333333333,,,,,,,,346.6545271502494,0.4406250630123,0.0,0.0,0.0,0.0,0.0,0.0,,0.0,0,0,0.0,0.13999999999999646,0.4899999999999965,0.4899999999999965,11.41,0.0,55.09,0.0,0.0,0.0,0.0,,,,,-0.23082202899030507,0.9729959871103265,-0.23082202899030507,0.9729959871103265,-1.4777990057964314,2.3545240669878296,2.0,47.0,0.0,0.28571428571428054,0.0,3,0.0,0.04666666666666549,0.4886111111111111,0.0,-0.0,17.175,-0.5333333333333337,169,6,2020,77
2020-06-18,0.0,0.0,0,0.0,0.4,8.0,3.1208333333333336,13.0,8.987499999999999,-5.6427327546910995,6.75891536234773,83.33333333333333,119.5,480.0,23.583333333333332,,,,,,,,321.0115015379553,0.9776422766659268,0.0,0.0,0.0,0.0,0.0,0.0,,0.5833333333333334,0,0,0.0,0.0,0.4899999999999965,0.4899999999999965,11.41,0.0,55.09,0.0,0.0,0.0,0.0,,,,,-0.6291643743190982,0.7772722753885266,-0.6291643743190982,0.7772722753885266,-4.702277295575916,5.632429468623108,3.0,48.0,,0.0,0.0,4,0.0,0.0,0.5352222222222222,0.0,-0.0,35.949999999999996,-0.39166666666666616,170,6,2020,78
2020-06-19,0.0,0.1,0,0.0,2.5,7.2,4.820833333333334,19.2,14.945833333333333,-11.37341721201772,9.498285454605773,86.04166666666667,111.95833333333333,451.0,64.66666666666667,,,,,,,,311.66765607910355,0.9864942652800647,0.0,0.0,0.0,0.0,0.0,0.0,,0.125,0,0,0.0,0.0,0.4899999999999965,0.4899999999999965,11.41,0.0,55.09,0.0,0.0,0.0,0.0,,,,,-0.7470135910990957,0.6648087655207572,-0.7470135910990957,0.6648087655207572,-9.785877726173581,8.172483109900384,4.0,49.0,,0.0,0.0,5,0.0,0.0,0.5214444444444445,0.0,-0.0,74.72916666666666,1.7000000000000002,171,6,2020,79
2020-06-20,0.63,14.4,4,0.21,1.2,6.7,4.529166666666667,22.2,15.033333333333333,-10.977424950493441,10.213957441192724,98.58333333333333,61.208333333333336,353.0,95.0,,,,,,,,312.7904196353371,0.9972109427195089,2.15,12.375,15.3,97.25,-9.094279344535906,8.348150374898449,312.9996948712329,0.0,0,4,0.6299999999999965,0.6299999999999965,1.1199999999999966,1.1199999999999966,9.030000000000001,0.0,55.72,0.0,0.0,0.0,0.0,,,,,-0.7338434628830316,0.6793186085952899,-0.7313573335921763,0.681994465227499,-10.821911430361451,10.069259710775826,0.0,50.0,1.0000000000000056,0.5624999999999986,13.985999999999999,0,0.10451232421875002,0.6299999999999965,0.5183055555555556,7.79625,0.0,0.0,-0.29166666666666696,172,6,2020,80
2020-06-21,1.4000000000000001,2.3000000000000003,8,0.35,-1.1,3.1,0.8875000000000001,15.0,9.254166666666666,-6.901873934158163,5.852421986114252,94.91666666666667,90.75,361.0,77.04166666666667,,,,,,,,314.74885144472404,0.9652930002526648,1.9125,10.2375,13.7,92.25,-8.237192332434958,5.884089701215654,306.98543546306183,0.0,1,4,2.0299999999999967,2.0299999999999967,2.1699999999999964,2.5199999999999965,9.66,1.0,57.120000000000005,0.0,0.0,0.0,0.0,,,,,-0.7101994882098891,0.7040004878879074,-0.7987884650943069,0.6016119912637059,-6.551028675838458,5.554923868486778,0.0,51.0,0.6896551724137943,0.935483870967742,21.000000000000004,0,0.24683934570312502,2.0299999999999967,0.44577777777777783,14.332500000000003,0.0,0.0,-3.6416666666666666,173,6,2020,81
2020-06-22,0.6300000000000001,0.9,8,0.14,-1.2,1.9,-0.2541666666666667,16.8,13.620833333333332,-11.767330752253644,6.815855182460953,94.54166666666667,85.29166666666667,392.0,97.45833333333333,,,,,,,,300.1664120908653,0.9984311637391873,-0.0625,15.3125,16.8,94.625,-12.891140556713811,8.24229429651669,302.5003999546636,0.0,1,5,2.0299999999999967,2.6599999999999966,2.6599999999999966,3.149999999999997,9.38,2.0,57.75,0.0,0.0,0.0,0.0,,,,,-0.8645695335848684,0.5025132053954832,-0.8433876951585925,0.5373054956494278,-11.1250306153598,6.44382308708496,0.0,52.0,0.23684210526315824,1.0,10.584000000000003,1,0.12814947509765628,2.6599999999999966,0.4142222222222222,9.646875000000001,0.0,13.620833333333332,-1.1416666666666668,174,6,2020,82
2020-06-23,1.33,2.1,10,0.49,-0.8,1.4,0.325,21.1,15.554166666666667,-14.303980593903482,5.390355552458406,96.91666666666667,51.375,233.0,99.5,,,,,,,,289.89248255344233,0.9824275186369354,0.18000000000000002,16.19,21.1,98.5,-14.200874693082207,7.432533153941497,297.10700598561056,0.0,0,5,1.9599999999999964,3.3599999999999968,3.9899999999999967,4.479999999999997,10.57,2.0,59.080000000000005,0.0,0.0,0.0,0.0,,,,,-0.9403327781414397,0.3402561775380456,-0.8901570950563299,0.45565375683832143,-13.862941192258125,5.224152922924271,0.0,53.0,0.39583333333333376,0.8421052631578946,28.063000000000002,2,0.2604365268750001,3.3599999999999968,0.3884166666666667,21.532700000000002,0.0,31.108333333333334,0.5791666666666667,175,6,2020,83
2020-06-24,0.35,1.5,1,0.35,1.1,6.0,3.0708333333333333,15.2,9.145833333333334,-3.275213291762802,-5.664260942506908,95.66666666666667,77.66666666666667,364.0,80.04166666666667,,,,,,,,226.673384220077,0.5822247395756416,1.4,12.2,12.2,100.0,-11.837607860567156,-2.951447126315947,256.0,0.0,0,1,1.6799999999999962,2.3099999999999965,4.339999999999996,4.8299999999999965,10.780000000000001,2.0,59.43,0.0,0.0,0.0,0.0,,,,,-0.7274540938934055,-0.6861563533756168,-0.9702957262759965,-0.24192189559966779,-3.1332873824530805,-5.418809634998276,0.0,54.0,0.15151515151515174,0.5322580645161287,5.319999999999999,3,0.06377437500000002,2.3099999999999965,0.504,4.27,0.0,27.4375,2.745833333333333,176,6,2020,84
2020-06-25,0.0,0.0,0,0.0,0.4,3.9,1.9166666666666667,19.5,13.733333333333333,-11.573140297927516,7.1367668902134005,96.125,81.45833333333333,381.0,84.625,,,,,,,,303.8616705581906,0.9882803129254762,0.0,0.0,0.0,0.0,0.0,0.0,,0.0,0,0,0.3499999999999962,1.6799999999999962,4.339999999999996,4.8299999999999965,10.780000000000001,2.0,59.43,0.0,0.0,0.0,0.0,,,,,-0.8303852168528681,0.5571897267827317,-0.8303852168528681,0.5571897267827317,-11.124681111382824,6.860217173217632,1.0,55.0,0.0,0.3870967741935478,0.0,4,0.0,0.8399999999999981,0.4613888888888889,0.0,-0.0,54.93333333333333,-1.1541666666666666,177,6,2020,85
2020-06-26,0.07,0.1,1,0.07,-1.1,3.8,1.0791666666666666,15.0,8.125,-6.947618664469384,2.9946522418192534,91.875,108.125,445.0,70.08333333333333,,,,,,,,304.898008130452,0.7773366053260343,1.3,14.3,14.3,99.0,-12.626150577882658,6.713443347838234,298.0,0.08333333333333333,1,1,0.06999999999999623,0.4199999999999962,4.409999999999997,4.899999999999997,10.850000000000001,3.0,59.5,0.0,0.0,0.0,0.0,,,,,-0.820171765847438,0.572117360780719,-0.8829475928589271,0.4694715627858904,-6.383124647981247,2.7513367471714387,0.0,56.0,0.16666666666666818,0.09523809523809446,1.05,5,0.012503531250000003,0.4199999999999962,0.46277777777777773,1.0010000000000001,0.0,40.625,-0.8375000000000001,178,6,2020,86
2020-06-27,0.0,0.0,0,0.0,-1.8,5.3,0.41250000000000003,6.0,3.7375000000000003,-0.7722739729485064,2.4351716172436255,81.375,111.75,501.0,61.0,,,,,,,,342.0113509142776,0.6687809823744706,0.0,0.0,0.0,0.0,0.0,0.0,,0.125,1,0,0.06999999999999623,0.06999999999999623,3.7799999999999967,4.899999999999997,10.850000000000001,4.0,59.5,0.0,0.0,0.0,0.0,,,,,-0.3088285737188357,0.9511177172436595,-0.3088285737188357,0.9511177172436595,-0.6284379454868472,1.9816209035320003,1.0,57.0,0.0,0.01851851851851754,0.0,6,0.0,0.034999999999998116,0.46352777777777776,0.0,-0.0,22.425,-0.6666666666666665,179,6,2020,87
2020-06-28,0.0,0.0,0,0.0,-2.5,5.7,0.5916666666666667,7.2,4.041666666666667,0.049393845736078745,2.2873811895591083,74.91666666666667,122.375,505.0,19.375,,,,,,,,351.3365613569167,0.53383382800686,0.0,0.0,0.0,0.0,0.0,0.0,,0.75,1,0,0.0,0.06999999999999623,2.3799999999999963,4.549999999999997,10.850000000000001,4.0,59.5,0.0,0.0,0.0,0.0,,,,,-0.15063001567231252,0.9885902075069117,-0.15063001567231252,0.9885902075069117,0.03700422276394567,1.7136297411780321,2.0,58.0,0.0,0.029411764705880816,0.0,5,0.0,0.02333333333333208,0.4579722222222222,0.0,-0.0,20.208333333333336,0.17916666666666664,180,6,2020,88
2020-06-29,0.0,0.0,0,0.0,-1.2,7.3,1.9541666666666666,9.0,5.279166666666667,-1.60934660682767,4.355935390122228,65.66666666666667,122.875,513.0,6.958333333333333,,,,,,,,339.3804655761254,0.7998162964030004,0.0,0.0,0.0,0.0,0.0,0.0,,0.9166666666666666,1,0,0.0,0.0,1.7499999999999962,4.409999999999997,10.850000000000001,4.0,59.5,0.0,0.0,0.0,0.0,,,,,-0.35216076810077196,0.9359395244409087,-0.35216076810077196,0.9359395244409087,-1.0568042718168367,2.8603975728469297,3.0,59.0,,0.0,0.0,6,0.0,0.0,0.46302777777777776,0.0,-0.0,31.675,1.3624999999999998,181,6,2020,89
2020-06-30,0.0,0.0,0,0.0,-0.7,3.8,1.6958333333333335,25.5,19.041666666666668,-14.653451631706007,11.91385276488632,81.29166666666667,108.04166666666667,399.0,38.583333333333336,,,,,,,,311.64401587644363,0.9867738029835272,0.0,0.0,0.0,0.0,0.0,0.0,,0.375,0,0,0.0,0.0,0.4199999999999962,4.409999999999997,10.850000000000001,4.0,59.5,0.0,0.0,0.0,0.0,,,,,-0.7472878271854964,0.6645004916028127,-0.7472878271854964,0.6645004916028127,-11.912035055607676,9.684969476788838,4.0,60.0,,0.0,0.0,6,0.0,0.0,0.42744444444444446,0.0,-0.0,114.25,-0.2583333333333331,182,6,2020,90
2020-07-01,0.0,0.0,0,0.0,2.8,6.3,3.975,24.5,21.120833333333334,-16.00829936737106,13.717008866599526,93.45833333333333,98.58333333333333,387.0,64.875,,,,,,,,310.6677036720563,0.9981524960067574,0.0,0.0,0.0,0.0,0.0,0.0,,0.041666666666666664,0,0,0.0,0.0,0.06999999999999623,4.409999999999997,5.95,4.0,59.5,0.0,0.0,0.0,0.0,,,,,-0.7585017887772194,0.6516709571722208,-0.7585017887772194,0.6516709571722208,-14.961089783755535,12.819687869909474,5.0,61.0,,0.0,0.0,5,0.0,0.0,0.51725,0.0,-0.0,105.60416666666667,2.279166666666667,183,7,2020,91
2020-07-02,4.2,18.5,16,1.75,-0.5,5.2,1.8916666666666666,36.4,26.5625,-20.54452398518068,16.520641549953165,96.70833333333333,54.958333333333336,288.0,92.75,,,,,,,,308.75432229966486,0.992351148496074,0.6375,25.66875,35.5,96.1875,-20.95176147450267,14.625293567155666,305.0644117258905,0.0,0,16,4.199999999999997,4.199999999999997,4.269999999999996,8.609999999999996,10.08,4.0,63.7,0.0,0.0,0.0,0.0,,,,,-0.7798372622333029,0.6259823036096682,-0.8185067140619142,0.5744969617287526,-19.868266737335144,15.976837098933872,0.0,62.0,1.0000000000000009,0.9836065573770493,100.0,0,0.6676376806640627,4.199999999999997,0.47455555555555556,107.80875,0.0,0.0,-2.0833333333333335,184,7,2020,92
2020-07-03,5.04,7.2,16,1.26,-1.0,0.5,-0.37916666666666665,28.5,22.804166666666664,-19.596794173548076,10.854958411082372,97.375,69.66666666666667,311.0,99.91666666666667,,,,,,,,296.6805401872754,0.945190900281517,-0.5125,22.099999999999998,28.5,98.0625,-18.712456535442477,10.62299752412755,295.96368805673296,0.0,1,9,9.239999999999997,9.239999999999997,9.239999999999995,13.649999999999997,14.14,4.0,68.74000000000001,0.0,0.0,0.0,0.0,,,,,-0.8935239425159197,0.4490155500100274,-0.8990716891767794,0.437801436407891,-19.08237832649244,10.570015752791459,0.0,63.0,0.5454545454545456,1.0000000000000002,100.0,0,0.95866115625,9.239999999999997,0.38213888888888886,111.38399999999999,0.0,0.0,-2.270833333333333,185,7,2020,93
2020-07-04,1.4700000000000002,2.1,3,1.33,-3.5,0.4,-1.3166666666666667,20.3,13.945833333333333,-11.414904717620786,-1.883217960076104,96.125,76.75,452.0,90.20833333333333,,,,,,,,251.39784735370424,0.805408050696018,-1.2,11.9,16.5,98.33333333333333,-5.990962358482605,-5.311154276198542,213.14446335921667,0.0,1,2,6.509999999999996,10.709999999999997,10.709999999999996,14.489999999999997,15.61,4.0,70.21000000000001,0.0,0.0,0.0,0.0,,,,,-0.9477564257952602,-0.3189949174576193,-0.5467518930543898,-0.8372946718100153,-10.972577159812982,-1.810243264123155,0.0,64.0,0.13725490196078435,1.0000000000000002,29.841000000000005,1,0.3503745000000001,10.709999999999997,0.38047222222222227,17.493000000000002,0.0,13.945833333333333,-0.9375,186,7,2020,94
2020-07-05,0.0,0.0,0,0.0,-1.3,4.5,1.1958333333333333,18.0,10.5375,-9.787453427125815,-1.6100265525226343,95.54166666666667,95.95833333333333,473.0,81.41666666666667,,,,,,,,259.6012798048195,0.939249128470699,0.0,0.0,0.0,0.0,0.0,0.0,,0.0,0,0,1.4699999999999966,6.509999999999996,10.709999999999996,13.089999999999998,15.61,3.0,70.21000000000001,0.0,0.0,0.0,0.0,,,,,-0.9835755027894841,-0.18049717535854568,-0.9835755027894841,-0.18049717535854568,-9.351096128499789,-1.5382462020560002,1.0,65.0,0.0,0.6078431372549019,0.0,2,0.0,3.254999999999998,0.48244444444444445,0.0,-0.0,21.075,2.5125,187,7,2020,95
2020-07-06,0.0,0.0,0,0.0,-2.5,6.0,0.9208333333333334,7.2,5.716666666666666,-4.82925975428273,-0.3118668161816283,84.45833333333333,126.83333333333333,530.0,28.75,,,,,,,,266.2917476670812,0.8411907580807798,0.0,0.0,0.0,0.0,0.0,0.0,,0.3333333333333333,1,0,0.0,1.4699999999999966,10.709999999999996,12.459999999999997,15.61,3.0,70.21000000000001,0.0,0.0,0.0,0.0,,,,,-0.9979063133085498,-0.06467603774921794,-0.9979063133085498,-0.06467603774921794,-4.078712300804622,-0.26339751516673354,2.0,66.0,0.0,0.13725490196078405,0.0,3,0.0,0.4899999999999989,0.4994166666666666,0.0,-0.0,17.15,-0.2749999999999999,188,7,2020,96
2020-07-07,0.0,0.0,0,0.0,-1.9,5.6,1.9124999999999999,9.2,5.945833333333333,3.065604060001535,-0.8500476807469123,91.0,104.375,442.0,65.83333333333333,,,,,,,,97.443954687858,0.43362918729185845,0.0,0.0,0.0,0.0,0.0,0.0,,0.041666666666666664,1,0,0.0,0.0,10.709999999999996,11.129999999999997,15.61,4.0,70.21000000000001,0.0,0.0,0.0,0.0,,,,,0.9915720645207212,-0.12955632312671825,0.9915720645207212,-0.12955632312671825,2.789699694601397,-0.7735433894796901,3.0,67.0,,0.0,0.0,4,0.0,0.0,0.49736111111111114,0.0,-0.0,23.78333333333333,0.9916666666666665,189,7,2020,97
2020-07-08,0.0,0.0,0,0.0,-2.8,5.9,1.8125,11.0,7.516666666666667,-4.802075851819606,5.130323054263184,85.25,120.29166666666667,488.0,24.083333333333332,,,,,,,,321.9922716008076,0.9312851321587878,0.0,0.0,0.0,0.0,0.0,0.0,,0.4166666666666667,0,0,0.0,0.0,10.709999999999996,10.779999999999998,15.61,4.0,70.21000000000001,0.0,0.0,0.0,0.0,,,,,-0.6157677613524128,0.7879277023173116,-0.6157677613524128,0.7879277023173116,-4.093769663676214,4.373600403759364,4.0,68.0,,0.0,0.0,5,0.0,0.0,0.49547222222222226,0.0,-0.0,37.583333333333336,-0.09999999999999987,190,7,2020,98
2020-07-09,0.0,0.0,0,0.0,-2.1,6.5,1.8791666666666667,10.5,7.858333333333333,-4.062991050164566,6.449247121510112,76.16666666666667,127.58333333333333,504.0,50.083333333333336,,,,,,,,327.8212118069595,0.9669795623963496,0.0,0.0,0.0,0.0,0.0,0.0,,0.3333333333333333,1,0,0.0,0.0,6.509999999999996,10.779999999999998,15.61,5.0,70.21000000000001,0.0,0.0,0.0,0.0,,,,,-0.5325629654192715,0.8463903873886044,-0.5325629654192715,0.8463903873886044,-3.094644849875345,4.912176557550202,5.0,69.0,,0.0,0.0,6,0.0,0.0,0.48338888888888887,0.0,-0.0,47.15,0.06666666666666665,191,7,2020,99
2020-07-10,0.0,0.0,0,0.0,-1.7,6.1,2.254166666666667,16.6,10.166666666666666,-6.810581440828902,7.145770030388809,82.25,81.91666666666667,355.0,78.04166666666667,,,,,,,,320.1523710628252,0.9607256647694076,0.0,0.0,0.0,0.0,0.0,0.0,,0.16666666666666666,1,0,0.0,0.0,1.4699999999999958,10.709999999999997,15.61,5.0,70.21000000000001,0.0,0.0,0.0,0.0,,,,,-0.6407481383337092,0.7677511466757219,-0.6407481383337092,0.7677511466757219,-5.601703235081772,5.877395849994795,6.0,70.0,,0.0,0.0,6,0.0,0.0,0.4643333333333333,0.0,-0.0,61.0,0.3750000000000002,192,7,2020,100
2020-07-11,0.49,1.4,3,0.21,-0.1,6.3,2.4541666666666666,5.4,3.1333333333333333,-1.3780034607643603,2.6466478822262123,81.41666666666667,73.66666666666667,395.0,83.58333333333333,,,,,,,,331.174137450956,0.9414294575145156,2.4,1.4333333333333333,2.0,93.66666666666667,-0.9494237060238712,1.0663563959603988,318.66164574425017,0.041666666666666664,1,3,0.48999999999999644,0.48999999999999644,0.48999999999999555,11.199999999999998,16.1,5.0,70.7,0.0,0.0,0.0,0.0,,,,,-0.4821491781321149,0.8760891336082911,-0.6605044223025334,0.7508221547868688,-1.1219244843056502,2.154812484112508,0.0,71.0,1.0000000000000073,1.0000000000000018,2.646,0,0.09143195833333335,0.48999999999999644,0.46049999999999996,0.7023333333333334,0.0,0.0,0.19999999999999973,193,7,2020,101
2020-07-12,7.77,11.6,20,1.68,0.1,3.0,1.325,15.0,8.254166666666666,7.394513185728602,-1.9776003850434847,98.70833333333333,42.375,233.0,100.0,,,,,,,,96.74562244755072,0.8686210124689238,1.215,8.535,15.0,98.8,7.560898970074812,-2.3723164170048463,100.52594473790852,0.0,0,11,8.259999999999996,8.259999999999996,8.259999999999994,18.969999999999995,23.869999999999997,5.0,78.47,0.0,0.0,0.0,0.0,,,,,0.9930774342313806,-0.11746152400006528,0.9831722866689419,-0.18268074536240567,7.299000723746274,-1.9520563800700064,0.0,72.0,0.9406779661016953,1.0000000000000002,100.0,0,1.5244254982031245,8.259999999999996,0.42394444444444446,66.31694999999999,0.0,0.0,-1.1291666666666667,194,7,2020,102
2020-07-13,28.91,46.8,24,2.17,-0.2,2.3,1.3458333333333332,21.7,18.5625,14.323994246282405,-11.68402901746221,99.91666666666667,23.5,119.0,100.0,,,,,,,,128.9611675789952,0.9956100346339687,1.3458333333333332,18.5625,21.7,99.91666666666667,14.323994246282405,-11.68402901746221,128.9611675789952,0.0,1,24,36.67999999999999,37.169999999999995,37.169999999999995,47.879999999999995,52.78,5.0,107.38,0.0,0.0,0.0,0.0,,,,,0.7775723070958556,-0.6287935330755466,0.7775723070958556,-0.6287935330755466,14.312057584410503,-11.674292326614324,0.0,0.0,0.7777777777777779,1.0,100.0,0,4.803490137532553,37.169999999999995,0.3998333333333333,536.641875,0.0,0.0,0.02083333333333326,195,7,2020,103
2020-07-14,2.38,7.6000000000000005,11,0.91,0.7,2.3,1.7874999999999999,23.5,20.4375,11.415746850346288,-16.877277279478374,98.375,66.625,315.0,97.75,,,,,,,,146.16681610989943,0.9969996651589739,1.781818181818182,20.71818181818182,23.5,99.9090909090909,11.430237442466716,-17.207905150615378,146.6356884817853,0.0,0,9,31.289999999999996,39.059999999999995,39.55,50.26,54.81,4.0,109.76,0.0,0.0,0.0,0.0,,,,,0.5567768019028521,-0.830662141223995,0.5499606220309671,-0.8351905855643439,11.23024096402816,-16.60302152368685,0.0,1.0,0.06093189964157707,0.9876106194690265,55.93,1,0.3623466404958677,39.059999999999995,0.42344444444444446,49.30927272727273,0.0,20.4375,0.44166666666666665,196,7,2020,104
2020-07-15,0.0,0.30000000000000004,0,0.0,-0.8,1.7,0.4875,19.5,13.245833333333332,5.531560436749381,-11.908982265359482,98.75,52.416666666666664,221.0,98.45833333333333,,,,,,,,154.72833892077702,0.9886346588544032,0.0,0.0,0.0,0.0,0.0,0.0,,0.0,1,0,2.3799999999999963,31.29,39.55,50.26,54.67,5.0,109.76,0.0,0.0,0.0,0.0,,,,,0.42691064514555416,-0.9042938134596558,0.42691064514555416,-0.9042938134596558,5.462415931290014,-11.760119987042488,1.0,2.0,0.0,0.7911504424778761,0.0,2,0.0,15.645,0.4018888888888889,0.0,-0.0,26.491666666666664,-1.2999999999999998,197,7,2020,105
2020-07-16,0.14,0.30000000000000004,2,0.07,-0.8,1.7,0.6041666666666666,15.3,11.320833333333333,3.9178666093409213,-10.281867495301318,99.16666666666667,37.666666666666664,139.0,99.79166666666667,,,,,,,,162.98468162432357,0.9526174015080167,1.3,14.05,14.2,99.5,3.989008574123714,-13.47127609510516,163.5,0.0,1,2,0.13999999999999646,2.5199999999999965,39.69,46.199999999999996,54.81,5.0,109.9,0.0,0.0,0.0,0.0,,,,,0.29262736817237495,-0.9562265544297069,0.2840153447039226,-0.958819734868193,3.8852177209297474,-10.196185266173808,0.0,3.0,0.055555555555555636,0.0634920634920634,2.1420000000000003,3,0.025102218750000006,2.5199999999999965,0.3934444444444445,1.9670000000000003,0.0,33.9625,0.11666666666666664,198,7,2020,106
2020-07-17,0.0,0.0,0,0.0,-4.1,7.6,1.1333333333333333,12.7,5.220833333333333,2.1822175608223193,-0.7041137131419708,81.625,128.95833333333334,569.0,40.958333333333336,,,,,,,,77.5607907063354,0.3680407571989957,0.0,0.0,0.0,0.0,0.0,0.0,,0.5833333333333334,1,0,0.13999999999999646,0.13999999999999646,39.69,41.16,54.81,5.0,109.9,0.0,0.0,0.0,0.0,,,,,0.9765250995537493,0.21540364421601602,0.9765250995537493,0.21540364421601602,1.781235084021218,-0.5747328183521336,1.0,4.0,0.0,0.003527336860670105,0.0,4,0.0,0.06999999999999823,0.5269444444444444,0.0,-0.0,20.883333333333333,0.5291666666666667,199,7,2020,107
2020-07-18,0.0,0.0,0,0.0,-2.2,6.9,2.066666666666667,22.9,11.799999999999999,-8.108709714392115,8.350309329640881,60.375,144.75,581.0,46.125,,,,,,,,319.1836770528569,0.983839961528959,0.0,0.0,0.0,0.0,0.0,0.0,,0.4166666666666667,0,0,0.0,0.13999999999999646,39.199999999999996,39.69,54.81,4.0,109.9,0.0,0.0,0.0,0.0,,,,,-0.653636237164844,0.7568088724803534,-0.653636237164844,0.7568088724803534,-4.895633490064239,5.041499257770682,2.0,5.0,0.0,0.0035714285714284815,0.0,5,0.0,0.04666666666666549,0.45108333333333334,0.0,-0.0,58.99999999999999,0.9333333333333336,200,7,2020,108
2020-07-19,1.8900000000000001,3.1,5,0.7,0.3,3.4,2.220833333333333,31.3,26.579166666666666,-21.42069448315428,15.686965905361326,92.20833333333333,90.08333333333333,379.0,85.625,,,,,,,,306.2934804646408,0.9990432828664425,1.1800000000000002,28.28,31.2,94.6,-23.71597424067111,15.296749623760837,303.20109310837336,0.0,0,4,1.8899999999999966,1.8899999999999966,33.31999999999999,41.58,56.7,4.0,111.79,0.0,0.0,0.0,0.0,,,,,-0.8059956406463167,0.5919214705171062,-0.8367538667092218,0.5475791874671333,-19.75166537134184,14.464689811901922,0.0,6.0,1.0000000000000018,0.05672268907563016,59.157000000000004,6,0.26942564250000006,1.8899999999999966,0.44297222222222216,53.449200000000005,0.0,159.475,0.15416666666666634,201,7,2020,109
2020-07-20,1.8900000000000001,2.7,5,1.12,-2.7,0.6,-0.8416666666666667,30.5,20.675,-19.93183603733167,4.978915275870903,96.16666666666667,99.16666666666667,481.0,93.79166666666667,,,,,,,,283.03250744038417,0.9916991211915271,-1.1400000000000001,27.660000000000004,30.5,98.8,-26.683018596866827,7.256654332593047,285.20004387167046,0.0,1,5,3.7800000000000002,3.7799999999999967,6.299999999999994,43.46999999999999,57.96,4.0,113.68,0.0,0.0,0.0,0.0,,,,,-0.9742422793175012,0.22550383852662023,-0.9650162937124379,0.2621899175588371,-19.16778232256729,4.788056856962518,0.0,7.0,0.5000000000000004,0.6000000000000001,57.645,6,0.34437430124999996,3.7799999999999967,0.39999999999999997,52.27740000000001,0.0,124.05000000000001,-3.0625,202,7,2020,110
2020-07-21,0.0,0.0,0,0.0,-2.2,5.2,0.875,13.0,5.883333333333333,-3.3763190358858277,-2.4734418975564156,88.70833333333333,141.625,568.0,40.416666666666664,,,,,,,,237.8276350047327,0.6678730505946788,0.0,0.0,0.0,0.0,0.0,0.0,,0.5833333333333334,1,0,1.8899999999999966,3.7799999999999967,3.9199999999999933,43.46999999999999,56.56,5.0,113.68,0.0,0.0,0.0,0.0,,,,,-0.8464500855468566,-0.532468076674761,-0.8464500855468566,-0.532468076674761,-2.995076344750386,-2.1941490832906703,1.0,8.0,0.0,0.9642857142857151,0.0,2,0.0,1.8899999999999983,0.5056666666666666,0.0,-0.0,11.766666666666666,1.7166666666666668,203,7,2020,111
2020-07-22,0.0,0.0,0,0.0,-1.7,6.5,1.7249999999999999,12.9,8.029166666666667,-6.120025970963057,4.5823651339152685,77.95833333333333,148.75,580.0,9.333333333333334,,,,,,,,310.5834632992987,0.9555844618280875,0.0,0.0,0.0,0.0,0.0,0.0,,0.7916666666666666,1,0,0.0,1.8899999999999966,3.9199999999999933,43.46999999999999,55.93,5.0,113.68,0.0,0.0,0.0,0.0,,,,,-0.759459102081095,0.6505550493741301,-0.759459102081095,0.6505550493741301,-4.771070246529949,3.572335485648111,2.0,9.0,0.0,0.4821428571428571,0.0,3,0.0,0.6299999999999989,0.5034722222222222,0.0,-0.0,24.0875,0.8499999999999999,204,7,2020,112
2020-07-23,0.0,0.0,0,0.0,-3.8,6.2,-0.09166666666666666,7.5,5.120833333333334,-2.8396148105029515,3.616829402737451,64.95833333333333,153.0,596.0,11.875,,,,,,,,321.329810500827,0.8897129682298865,0.0,0.0,0.0,0.0,0.0,0.0,,0.7083333333333334,1,0,0.0,0.0,3.779999999999993,43.46999999999999,54.6,5.0,113.68,0.0,0.0,0.0,0.0,,,,,-0.6248365205041639,0.7807556100626172,-0.6248365205041639,0.7807556100626172,-1.8445664539892086,2.3494320995282023,3.0,10.0,,0.0,0.0,4,0.0,0.0,0.4563055555555556,0.0,-0.0,20.483333333333334,-1.8166666666666664,205,7,2020,113
2020-07-24,0.0,0.0,0,0.0,-4.6,7.4,0.775,14.6,9.016666666666667,-5.305292297890408,6.823245865059686,45.083333333333336,155.70833333333334,600.0,33.458333333333336,,,,,,,,326.53100451789913,0.9507386252443432,0.0,0.0,0.0,0.0,0.0,0.0,,0.625,1,0,0.0,0.0,3.779999999999993,43.46999999999999,54.25,5.0,113.68,0.0,0.0,0.0,0.0,,,,,-0.5514856631219028,0.834184370131085,-0.5514856631219028,0.834184370131085,-2.3918026109655925,3.076146677497742,4.0,11.0,,0.0,0.0,5,0.0,0.0,0.41852777777777783,0.0,-0.0,45.083333333333336,0.8666666666666667,206,7,2020,114
2020-07-25,0.35000000000000003,0.6000000000000001,4,0.14,-4.0,8.1,2.4166666666666665,7.6,4.9125000000000005,1.6229823600727593,2.372713406332198,50.708333333333336,110.75,555.0,78.125,,,,,,,,37.26756662041383,0.504893788134011,2.75,5.975,7.3,73.0,5.694854190776504,0.0824462645476206,89.38399186833558,0.08333333333333333,0,4,0.3499999999999965,0.3499999999999965,4.129999999999993,43.32999999999999,54.6,5.0,114.03,0.0,0.0,0.0,0.0,,,,,0.6055380101142812,0.7958163847941538,0.999942204577035,0.010751162989143526,0.822987305086895,1.203163423127619,0.0,12.0,1.0000000000000102,0.08474576271186371,2.66,6,0.05869951171875001,0.3499999999999965,0.42286111111111113,2.09125,0.0,29.475,1.6416666666666666,207,7,2020,115
2020-07-26,1.8900000000000001,14.299999999999999,9,0.49,2.1,4.3,3.1833333333333336,18.4,12.066666666666668,11.795112967294022,-1.561290394062727,97.25,31.25,169.0,99.875,,,,,,,,98.59751905293103,0.9842794338298578,2.911111111111111,12.077777777777776,18.4,95.44444444444444,11.77506528444142,-1.4862368124499736,97.24153311086354,0.0,0,4,2.2399999999999967,2.2399999999999967,4.129999999999994,37.449999999999996,56.42,5.0,115.92,0.0,0.0,0.0,0.0,,,,,0.9887628551043558,-0.14949252946513006,0.9920235879125834,-0.12605237413490034,11.470747360693437,-1.5183549082260022,0.0,13.0,0.8437500000000013,0.5423728813559322,34.775999999999996,6,0.2843818541666666,2.2399999999999967,0.4405555555555556,22.826999999999998,0.0,72.4,0.766666666666667,208,7,2020,116
2020-07-27,15.05,41.9,13,2.24,1.1,4.0,2.983333333333333,32.4,20.545833333333334,9.22366911723453,-17.961332338997003,99.45833333333333,21.041666666666668,90.0,100.0,,,,,,,,150.67037510586943,0.9791792510754295,2.276923076923077,26.684615384615384,32.4,99.84615384615384,11.62160226480631,-23.603872566717175,154.20903976001998,0.0,0,13,16.939999999999998,17.29,17.289999999999996,23.589999999999996,71.47,4.0,130.97,0.0,0.0,0.0,0.0,,,,,0.4898332914241988,-0.8718161197251034,0.4350890474438728,-0.9003874281632233,9.173707576182842,-17.864041788827436,0.0,0.0,0.8704453441295548,1.0000000000000002,100.0,0,1.9365531841715986,17.29,0.4344444444444444,401.60346153846154,0.0,0.0,-0.20000000000000062,209,7,2020,117
2020-07-28,4.27,13.7,5,1.47,1.8,3.9,2.8000000000000003,30.2,18.4875,7.275115138121186,-16.731054692047397,99.58333333333333,32.5,131.0,100.0,,,,,,,,159.02413021799194,0.9859932767009308,2.2600000000000002,23.04,23.9,100.0,11.260341976102326,-20.07855396006175,150.7995294305686,0.0,0,5,19.319999999999997,21.209999999999994,21.559999999999995,25.479999999999997,75.74000000000001,3.0,135.24,0.0,0.0,0.0,0.0,,,,,0.35797473874192043,-0.9337312709889574,0.4878668284190235,-0.8729180704558493,7.244802158379014,-16.661341964163867,0.0,1.0,0.20132013201320137,0.9837662337662337,100.0,1,0.5882864399999999,21.209999999999994,0.44027777777777777,98.3808,0.0,18.4875,-0.18333333333333268,210,7,2020,118
2020-07-29,0.0,0.0,0,0.0,0.8,6.8,3.1833333333333336,10.9,6.408333333333334,-4.619056622050627,0.9148259336023784,90.41666666666667,137.5,534.0,53.583333333333336,,,,,,,,274.2198538575023,0.69950458593636,0.0,0.0,0.0,0.0,0.0,0.0,,0.3333333333333333,0,0,4.269999999999996,19.319999999999993,21.559999999999995,25.479999999999997,75.74000000000001,2.0,135.24,0.0,0.0,0.0,0.0,,,,,-0.9972890392025561,0.07358377733198124,-0.9972890392025561,0.07358377733198124,-4.176397029104108,0.8271551149654839,1.0,2.0,0.0,0.896103896103896,0.0,2,0.0,9.659999999999997,0.5441666666666666,0.0,-0.0,12.816666666666668,0.3833333333333333,211,7,2020,119
2020-07-30,0.0,0.0,0,0.0,-1.0,5.2,1.6875,8.8,5.108333333333333,-1.4869152911223382,-0.8427633599840169,85.0,136.33333333333334,537.0,38.291666666666664,,,,,,,,230.66710988414292,0.26388751506404945,0.0,0.0,0.0,0.0,0.0,0.0,,0.2916666666666667,0,0,0.0,4.269999999999996,21.559999999999995,25.339999999999996,75.74000000000001,1.0,135.24,0.0,0.0,0.0,0.0,,,,,-0.773476495776355,-0.6338249841095965,-0.773476495776355,-0.6338249841095965,-1.2638779974539875,-0.7163488559864143,2.0,3.0,0.0,0.19805194805194792,0.0,3,0.0,1.423333333333332,0.4897777777777777,0.0,-0.0,15.325,-1.4958333333333336,212,7,2020,120
2020-07-31,0.0,0.0,0,0.0,-6.3,6.8,0.4583333333333333,7.5,5.370833333333334,-3.062416215566188,3.885433172132815,62.333333333333336,162.04166666666666,600.0,34.25,,,,,,,,321.1589130710933,0.9067366663760293,0.0,0.0,0.0,0.0,0.0,0.0,,0.625,1,0,0.0,0.0,21.559999999999995,25.339999999999996,75.74000000000001,1.0,135.24,0.0,0.0,0.0,0.0,,,,,-0.6271625151661797,0.7788884256236136,-0.6271625151661797,0.7788884256236136,-1.9089061077029237,2.4219200106294547,3.0,4.0,,0.0,0.0,4,0.0,0.0,0.46691666666666665,0.0,-0.0,21.483333333333334,-1.2291666666666667,213,7,2020,121
2020-08-01,0.0,0.0,0,0.0,-0.6,6.2,2.0708333333333333,11.4,9.841666666666667,-6.782694751671361,6.874143833278821,64.41666666666667,128.375,481.0,57.166666666666664,,,,,,,,315.4103178291108,0.9808354794375093,0.0,0.0,0.0,0.0,0.0,0.0,,0.3333333333333333,1,0,0.0,0.0,21.209999999999994,25.339999999999996,71.54,2.0,135.24,0.0,0.0,0.0,0.0,,,,,-0.7020248198966625,0.7121524782299494,-0.7020248198966625,0.7121524782299494,-4.369185869201635,4.428094319270441,4.0,5.0,,0.0,0.0,5,0.0,0.0,0.4380833333333333,0.0,-0.0,49.208333333333336,1.6125,214,8,2020,122
2020-08-02,0.0,0.0,0,0.0,-2.0,7.1,2.3,11.2,7.4375,-4.951664754994405,5.197761903619272,63.583333333333336,155.75,600.0,29.541666666666668,,,,,,,,314.89544930020793,0.9616881608162677,0.0,0.0,0.0,0.0,0.0,0.0,,0.5416666666666666,1,0,0.0,0.0,19.319999999999993,23.449999999999996,66.50000000000001,3.0,135.24,0.0,0.0,0.0,0.0,,,,,-0.7083958991242235,0.7058153087770078,-0.7083958991242235,0.7058153087770078,-3.148433506717276,3.3049102770512535,5.0,6.0,,0.0,0.0,6,0.0,0.0,0.4735555555555555,0.0,-0.0,44.625,0.22916666666666652,215,8,2020,123
2020-08-03,0.0,0.0,0,0.0,1.1,4.7,2.720833333333333,28.2,18.1875,-14.122772451975562,11.082921550587843,77.41666666666667,143.5,574.0,73.75,,,,,,,,310.9789012094236,0.9839788816819819,0.0,0.0,0.0,0.0,0.0,0.0,,0.041666666666666664,0,0,0.0,0.0,4.2699999999999925,21.559999999999995,65.03,3.0,135.24,0.0,0.0,0.0,0.0,,,,,-0.754951118430457,0.6557810677204718,-0.754951118430457,0.6557810677204718,-10.933379673237749,8.580028433746755,6.0,7.0,,0.0,0.0,6,0.0,0.0,0.45816666666666667,0.0,-0.0,109.125,0.4208333333333334,216,8,2020,124
2020-08-04,5.53,8.1,15,0.91,-5.1,2.0,-1.4124999999999999,29.2,25.05,-20.853001138543146,13.551090662055516,96.41666666666667,74.625,318.0,87.45833333333333,,,,,,,,302.41632406950475,0.9927800321071828,-0.8933333333333333,25.9,29.2,97.53333333333333,-21.41048299021183,14.323615826836551,303.4048586916614,0.041666666666666664,0,12,5.529999999999997,5.529999999999997,5.529999999999993,27.089999999999996,70.56,3.0,140.77,0.0,0.0,0.0,0.0,,,,,-0.8441752294879346,0.5360673296508499,-0.8348011794031422,0.5505515333437214,-20.10576859774535,13.065509913331862,0.0,8.0,1.0000000000000007,1.0000000000000007,100.0,0,1.0184347541666667,5.529999999999997,0.41558333333333336,143.227,0.0,0.0,-4.133333333333333,217,8,2020,125
2020-08-05,2.87,4.1,11,0.42,-5.2,-2.5,-3.775,24.6,21.3125,-19.47833431374063,8.227838808266233,97.33333333333333,71.54166666666667,325.0,99.79166666666667,,,,,,,,292.3809524623566,0.991798208239407,-4.827272727272727,22.490909090909092,24.6,96.54545454545455,-19.682509256418943,10.816220313285271,298.727778787735,0.0,0,11,8.399999999999997,8.399999999999997,8.399999999999993,29.959999999999997,73.42999999999999,3.0,143.64000000000001,0.0,0.0,0.0,0.0,,,,,-0.9246726664124643,0.38076299713819817,-0.8769132332366225,0.48064870890754796,-18.95891206537421,8.008429773379133,0.0,9.0,0.3416666666666668,1.0000000000000004,70.602,1,0.7647679808884299,8.399999999999997,0.37213888888888885,64.54890909090909,0.0,21.3125,-2.3625,218,8,2020,126
2020-08-06,0.0,0.0,0,0.0,-7.2,4.1,-1.9791666666666667,17.2,7.941666666666666,-2.105474770367364,0.8670691358655759,79.625,173.0,600.0,35.0,,,,,,,,256.71628602864547,0.12780105898085267,0.0,0.0,0.0,0.0,0.0,0.0,,0.4166666666666667,1,0,2.8699999999999966,8.399999999999997,8.399999999999993,29.959999999999997,73.42999999999999,4.0,143.64000000000001,0.0,0.0,0.0,0.0,,,,,-0.9732442239087404,-0.22977310684297553,-0.9732442239087404,-0.22977310684297553,-1.6764842859050137,0.6904037994329648,1.0,10.0,0.0,1.0000000000000004,0.0,2,0.0,4.199999999999998,0.47186111111111106,0.0,-0.0,15.883333333333333,1.7958333333333332,219,8,2020,127
2020-08-07,7.21,10.3,14,1.19,-3.2,0.8,-0.13333333333333333,27.7,20.529166666666665,20.091212711383175,3.811037618520658,97.75,29.75,112.0,100.0,,,,,,,,78.68317206437264,0.994848407864004,0.5571428571428572,23.042857142857144,27.7,99.0,22.636175022100694,4.088137462601677,79.71559351694196,0.0,0,14,7.209999999999996,10.079999999999997,15.609999999999992,37.169999999999995,80.64,3.0,150.85,0.0,0.0,0.0,0.0,,,,,0.9805570663053732,0.1962341451394223,0.9839336639859886,0.17853443610437628,19.639160425377053,3.7252892721039434,0.0,11.0,0.715277777777778,0.6457399103139014,100.0,0,1.211816611607143,10.079999999999997,0.36344444444444446,166.139,0.0,0.0,1.8458333333333334,220,8,2020,128
2020-08-08,15.33,26.6,24,1.4,0.5,2.8,1.6041666666666667,24.3,17.6125,16.4276781975526,-2.376081982045736,98.75,35.75,203.0,100.0,,,,,,,,99.71408827030324,0.9433049736388346,1.6041666666666667,17.6125,24.3,98.75,16.4276781975526,-2.376081982045736,99.71408827030324,0.0,0,24,22.539999999999996,22.539999999999996,30.939999999999994,52.14999999999999,95.97,2.0,166.18,0.0,0.0,0.0,0.0,,,,,0.9856620099933403,-0.16873174584496023,0.9856620099933403,-0.16873174584496023,16.22233222008319,-2.3463809572701644,0.0,0.0,0.6801242236024846,0.7285067873303167,100.0,0,2.509305671386718,22.539999999999996,0.4152222222222222,269.99962500000004,0.0,0.0,1.7375,221,8,2020,129
2020-08-09,6.37,11.1,24,1.05,0.4,1.9,1.2291666666666667,34.4,26.162499999999998,21.54600761463874,-14.677259009876591,98.29166666666667,45.583333333333336,306.0,100.0,,,,,,,,124.4920009447373,0.9963032178869775,1.2291666666666667,26.162499999999998,34.4,98.29166666666667,21.54600761463874,-14.677259009876591,124.4920009447373,0.0,0,24,21.699999999999996,28.909999999999997,37.309999999999995,56.629999999999995,102.33999999999999,1.0,172.55,0.0,0.0,0.0,0.0,,,,,0.8242052564808335,-0.5662911752706054,0.8242052564808335,-0.5662911752706054,21.17792998455533,-14.4265225017912,0.0,1.0,0.22033898305084748,0.774859287054409,100.0,1,0.9399726066080728,28.909999999999997,0.40025,166.655125,0.0,26.162499999999998,-0.375,222,8,2020,130
2020-08-10,0.21000000000000002,0.30000000000000004,3,0.07,-2.6,4.0,0.11666666666666665,24.7,12.65,8.90450303443115,-4.495006421434797,86.66666666666667,136.0,578.0,53.875,,,,,,,,98.81471556878242,0.5852917047931121,0.13333333333333333,23.933333333333334,24.7,100.0,19.171081854074725,-14.175378334941122,126.33091961852593,0.4166666666666667,1,3,6.579999999999998,21.909999999999997,37.519999999999996,41.79,102.06,2.0,172.76,0.0,0.0,0.0,0.0,,,,,0.9881890567164736,-0.15323964299686305,0.8056086855055271,-0.5924480110845649,7.717235963173663,-3.895672231910158,0.0,2.0,0.009584664536741217,0.583955223880597,5.187,2,0.03630316666666667,21.909999999999997,0.46844444444444444,5.026000000000001,0.0,25.3,-1.1125,223,8,2020,131
2020-08-11,0.0,0.0,0,0.0,-4.4,9.8,2.0124999999999997,12.0,6.229166666666667,-2.791025818981049,5.104090468690986,64.08333333333333,176.25,600.0,48.708333333333336,,,,,,,,333.8638714116694,0.9091965093383805,0.0,0.0,0.0,0.0,0.0,0.0,,0.5,1,0,0.20999999999999824,6.579999999999998,31.989999999999995,37.519999999999996,94.29,3.0,172.76,0.0,0.0,0.0,0.0,,,,,-0.44050534515743145,0.8977499879630922,-0.44050534515743145,0.8977499879630922,-1.788582378997022,3.27087130868614,1.0,3.0,0.0,0.20568927789934352,0.0,3,0.0,3.289999999999999,0.5488888888888889,0.0,-0.0,18.6875,1.895833333333333,224,8,2020,132
2020-08-12,0.0,3.0,0,0.0,0.6,4.2,2.5541666666666667,19.5,12.341666666666667,-9.098674194860104,8.168409499755018,83.33333333333333,42.416666666666664,270.0,99.33333333333333,,,,,,,,315.00407455409135,0.986377730430022,0.0,0.0,0.0,0.0,0.0,0.0,,0.0,0,0,0.0,0.20999999999999824,29.119999999999997,37.519999999999996,65.38,3.0,172.76,0.0,0.0,0.0,0.0,,,,,-0.7070564939350997,0.7071570648619756,-0.7070564939350997,0.7071570648619756,-7.582228495716753,6.807007916462514,2.0,4.0,0.0,0.007211538461538402,0.0,4,0.0,0.06999999999999941,0.39938888888888885,0.0,-0.0,49.36666666666667,0.541666666666667,225,8,2020,133
2020-08-13,0.0,0.0,0,0.0,1.9,6.0,3.641666666666667,16.2,11.745833333333332,-8.841595077638518,7.3597671837206855,92.375,140.08333333333334,519.0,58.916666666666664,,,,,,,,311.9819325147897,0.9765814411008634,0.0,0.0,0.0,0.0,0.0,0.0,,0.041666666666666664,0,0,0.0,0.0,29.119999999999997,37.519999999999996,63.0,2.0,172.76,0.0,0.0,0.0,0.0,,,,,-0.7433557902335947,0.6688962319569367,-0.7433557902335947,0.6688962319569367,-8.167423452968581,6.7985849359619825,3.0,5.0,,0.0,0.0,5,0.0,0.0,0.5346388888888889,0.0,-0.0,58.72916666666666,1.0875000000000004,226,8,2020,134
2020-08-14,1.1900000000000002,6.7,4,0.77,0.4,5.0,3.0041666666666664,12.0,6.0249999999999995,-2.5759619459841816,5.085500505403811,92.125,82.79166666666667,433.0,68.16666666666667,,,,,,,,339.3097216833387,0.9348317439871959,4.175,7.800000000000001,11.3,88.5,-3.147771503883661,7.119316527714679,335.75330369594354,0.16666666666666666,0,4,1.1899999999999984,1.1899999999999984,23.099999999999994,38.709999999999994,64.19,2.0,173.95000000000002,0.0,0.0,0.0,0.0,,,,,-0.35331611686749853,0.9355039933435196,-0.4106662793924096,0.9117857242631052,-2.3731049427379274,4.685017340603261,0.0,6.0,1.0000000000000016,0.05151515151515146,14.280000000000001,6,0.15639760937500014,1.1899999999999984,0.4733888888888889,9.282000000000002,0.0,36.15,-0.6375000000000006,227,8,2020,135
2020-08-15,2.0300000000000002,16.400000000000002,7,0.56,1.9,3.2,2.8541666666666665,14.2,10.4375,-2.031611787064663,-8.445473040877145,98.75,42.166666666666664,204.0,100.0,,,,,,,,189.50096314506283,0.708683857815772,3.0571428571428574,12.942857142857141,14.2,98.14285714285714,-2.046824232595699,-12.523107948566851,188.97152961574687,0.0,0,6,3.219999999999999,3.219999999999999,9.799999999999994,40.739999999999995,66.08,2.0,175.98000000000002,0.0,0.0,0.0,0.0,,,,,-0.16506418535011944,-0.9862828269389574,-0.15594366149066402,-0.9877659512459848,-2.0062166397263548,-8.339904627866181,0.0,7.0,0.6304347826086959,0.3285714285714287,28.826,6,0.29534480357142867,3.219999999999999,0.42838888888888893,26.274,0.0,62.625,-0.1499999999999999,228,8,2020,136
2020-08-16,1.89,6.0,6,0.49,1.2,3.4,2.279166666666667,19.3,15.583333333333334,-15.061684413730212,-2.634519627361158,97.91666666666667,59.75,232.0,100.0,,,,,,,,259.81698829419594,0.9797984157459773,2.0166666666666666,17.150000000000002,19.3,97.66666666666667,-16.784097306445428,-1.84247700261941,264.63815740136266,0.0,0,6,3.919999999999998,5.1099999999999985,5.319999999999993,42.629999999999995,67.97,2.0,177.87,0.0,0.0,0.0,0.0,,,,,-0.984248070627446,-0.1767929169003953,-0.9956244173518082,-0.09344527581891142,-14.7478993217775,-2.579633801791134,0.0,8.0,0.3698630136986302,0.9605263157894747,36.477,1,0.29634757031250003,5.1099999999999985,0.4417777777777778,32.4135,0.0,15.583333333333334,-0.5749999999999997,229,8,2020,137
2020-08-17,0.21000000000000002,0.4,3,0.07,-0.1,4.6,1.9833333333333334,26.4,17.854166666666668,-16.62434019863727,5.666521555619571,95.33333333333333,136.45833333333334,566.0,93.79166666666667,,,,,,,,287.188104043678,0.9840889979207347,0.9,22.366666666666664,26.2,98.0,-20.01715299535645,9.75883151202516,295.3326164881278,0.0,1,2,2.0999999999999983,4.129999999999998,5.319999999999993,42.839999999999996,68.17999999999999,2.0,178.08,0.0,0.0,0.0,0.0,,,,,-0.9553397375035655,0.29550970533405246,-0.9038391232638069,0.42787245676452795,-15.848537656034198,5.40208388302399,0.0,9.0,0.050847457627118675,0.7763157894736848,5.5440000000000005,2,0.03441790625000001,4.129999999999998,0.5109722222222222,4.697,0.0,35.708333333333336,-0.2958333333333334,230,8,2020,138
2020-08-18,2.31,4.3,15,0.28,0.6,3.3,1.5291666666666668,32.7,22.429166666666664,-19.066006943772773,11.649081156744495,97.66666666666667,93.5,380.0,92.45833333333333,,,,,,,,301.5438531393332,0.9957571776143518,1.06,22.033333333333335,32.7,98.66666666666667,-18.659657526173536,11.48138048775917,301.87210098321475,0.0,0,11,2.5199999999999987,4.409999999999998,7.629999999999994,39.61999999999999,68.6,1.0,180.39000000000001,0.0,0.0,0.0,0.0,,,,,-0.8522400038276109,0.5231510067618276,-0.8492288992934637,0.5280248825621877,-18.621133448418078,11.377269263087124,0.0,10.0,0.5238095238095241,0.5779816513761471,75.537,0,0.3740915062500001,4.409999999999998,0.4612222222222222,50.897000000000006,0.0,0.0,-0.4541666666666666,231,8,2020,139
2020-08-19,9.45,13.4,19,1.47,-0.8,1.9,0.17500000000000002,31.9,22.712500000000002,-19.358505498976104,11.642822420505398,94.29166666666667,90.45833333333333,412.0,90.75,,,,,,,,300.87669971842837,0.9943461857980724,0.19999999999999998,21.563157894736843,31.9,96.15789473684211,-18.55123126222853,10.731264280013244,299.9987419933052,0.0,1,17,11.759999999999998,11.969999999999999,17.07999999999999,46.199999999999996,76.16,2.0,189.84,0.0,0.0,0.0,0.0,,,,,-0.858273674855843,0.5131922632400517,-0.8660363817551087,0.49998098511495387,-18.253457476742884,10.978211307334881,0.0,11.0,0.7894736842105263,0.7008196721311478,100.0,0,1.6911987335526315,11.969999999999999,0.4168333333333334,203.77184210526315,0.0,0.0,-1.3541666666666667,232,8,2020,140
2020-08-20,5.25,7.5,24,0.56,-1.6,0.1,-0.5916666666666667,32.7,28.504166666666666,-26.035134840523025,11.547253075460496,98.25,64.83333333333333,223.0,100.0,,,,,,,,294.04162300355785,0.9991692616119359,-0.5916666666666667,28.504166666666666,32.7,98.25,-26.035134840523025,11.547253075460496,294.04162300355785,0.0,1,24,14.699999999999998,17.009999999999998,22.32999999999999,51.449999999999996,81.41,3.0,195.09,0.0,0.0,0.0,0.0,,,,,-0.9132497393365046,0.40740018851469184,-0.9132497393365046,0.40740018851469184,-25.57951998081387,11.345176146639938,0.0,12.0,0.308641975308642,0.7617554858934171,100.0,1,0.8948406819661457,17.009999999999998,0.37294444444444447,149.646875,0.0,28.504166666666666,-0.7666666666666667,233,8,2020,141
2020-08-21,17.5,25.0,24,1.54,-2.6,-0.3,-0.9958333333333332,34.7,26.395833333333332,-23.864388264973453,11.168998225416809,96.75,48.541666666666664,199.0,99.83333333333333,,,,,,,,295.2076813543424,0.9980216444655016,-0.9958333333333332,26.395833333333332,34.7,96.75,-23.864388264973453,11.168998225416809,295.2076813543424,0.0,0,24,22.75,32.2,38.639999999999986,61.739999999999995,98.91,3.0,212.59,0.0,0.0,0.0,0.0,,,,,-0.9047699622662927,0.42590059330863966,-0.9047699622662927,0.42590059330863966,-23.088795646361813,10.806005783090763,0.0,0.0,0.5434782608695652,0.8333333333333337,100.0,0,3.2234042019314235,32.2,0.3548611111111111,461.9270833333333,0.0,0.0,-0.40416666666666656,234,8,2020,142
2020-08-22,6.51,9.3,23,0.7,-4.5,-2.4,-3.4,33.3,26.754166666666666,-23.546152987019273,12.54506421270799,96.58333333333333,80.5,336.0,99.25,,,,,,,,297.8359198342329,0.9969628360450126,-3.4086956521739133,27.05652173913043,33.3,96.56521739130434,-23.802858369979692,12.699675183049946,297.8723782564764,0.0,0,22,24.009999999999998,29.259999999999998,43.11999999999999,52.919999999999995,105.42,3.0,219.1,0.0,0.0,0.0,0.0,,,,,-0.8842884145810731,0.46694110960344043,-0.8839911118385925,0.46750370500175625,-22.74165942662945,12.116441185440467,0.0,1.0,0.22248803827751196,0.6785714285714287,100.0,1,1.4442088887051043,29.259999999999998,0.3756111111111111,176.1379565217391,0.0,26.754166666666666,-2.404166666666667,235,8,2020,143
2020-08-23,2.1,3.0,12,0.56,-4.1,0.1,-2.316666666666667,22.1,18.104166666666668,-17.43542396753723,3.8654155015323703,97.70833333333333,67.04166666666667,278.0,99.83333333333333,,,,,,,,281.7973954450123,0.9865050782988406,-1.4666666666666668,18.474999999999998,22.1,97.33333333333333,-17.448144925841657,5.505066663551054,286.83260172512047,0.0,1,11,8.61,26.11,43.32999999999999,48.65,107.52,4.0,221.20000000000002,0.0,0.0,0.0,0.0,,,,,-0.9788766837441105,0.20445155421794345,-0.9571548813211759,0.28957647204675624,-17.035862168281167,3.776833062955587,0.0,2.0,0.0804289544235925,0.6025848142164782,46.410000000000004,2,0.46297562500000017,26.11,0.37261111111111106,38.7975,0.0,36.208333333333336,1.083333333333333,236,8,2020,144
2020-08-24,0.0,0.0,0,0.0,-3.8,0.7,-2.1,16.2,12.041666666666666,-11.15474802049335,2.639872858099012,92.41666666666667,153.54166666666666,600.0,83.75,,,,,,,,284.51603479121314,0.9486079460774126,0.0,0.0,0.0,0.0,0.0,0.0,,0.0,1,0,2.1,8.61,43.11999999999999,48.44,107.17,4.0,221.20000000000002,0.0,0.0,0.0,0.0,,,,,-0.9680775311423216,0.25065093994913956,-0.9680775311423216,0.25065093994913956,-10.308846295605939,2.4396824996931703,1.0,3.0,0.0,0.1996753246753247,0.0,3,0.0,4.305,0.4259722222222222,0.0,-0.0,36.125,0.21666666666666679,237,8,2020,145
2020-08-25,0.0,0.0,0,0.0,-5.7,2.6,-1.3791666666666667,10.0,6.683333333333334,-5.251403046724088,0.09144119574991567,82.20833333333333,184.375,600.0,47.875,,,,,,,,278.6470865527883,0.7922775349468154,0.0,0.0,0.0,0.0,0.0,0.0,,0.3333333333333333,1,0,0.0,2.1,40.809999999999995,48.44,105.28,5.0,221.20000000000002,0.0,0.0,0.0,0.0,,,,,-0.9886331567224278,0.15034786805621017,-0.9886331567224278,0.15034786805621017,-4.31709092132776,0.0751722830060765,2.0,4.0,0.0,0.05145797598627788,0.0,4,0.0,0.7000000000000001,0.45472222222222225,0.0,-0.0,26.733333333333334,0.7208333333333334,238,8,2020,146
2020-08-26,0.0,0.0,0,0.0,-3.4,3.6,-0.37916666666666665,13.0,9.862499999999999,-7.804381966417743,5.734309872913568,80.79166666666667,208.41666666666666,600.0,20.625,,,,,,,,306.99075709961085,0.9811756070333378,0.0,0.0,0.0,0.0,0.0,0.0,,0.75,1,0,0.0,0.0,31.35999999999999,48.44,90.23,5.0,221.20000000000002,0.0,0.0,0.0,0.0,,,,,-0.7987325838794277,0.6016861802046752,-0.7987325838794277,0.6016861802046752,-6.305290263701669,4.632844518158087,3.0,5.0,,0.0,0.0,5,0.0,0.0,0.48825,0.0,-0.0,49.31249999999999,1.0,239,8,2020,147
2020-08-27,2.94,4.3,5,1.54,-1.6,1.9,0.45,37.7,23.641666666666666,-19.485157507649728,13.245159236507861,89.29166666666667,130.91666666666666,560.0,77.45833333333333,,,,,,,,303.75711289851046,0.9959827651343478,1.1,35.64,37.7,99.4,-29.5424355087131,19.767761675801097,303.80386142596154,0.041666666666666664,0,4,2.94,2.94,29.049999999999994,51.379999999999995,88.89999999999999,4.0,224.14000000000001,0.0,0.0,0.0,0.0,,,,,-0.8314006354632644,0.5556734502846795,-0.830946976068441,0.5563516181002026,-17.398621891205572,11.826823434931812,0.0,6.0,1.0,0.10120481927710845,100.0,6,0.3627261749999999,2.94,0.4271388888888889,104.7816,0.0,141.85,0.8291666666666666,240,8,2020,148
2020-08-28,2.03,2.9,2,1.68,-3.2,2.9,-0.2041666666666667,28.3,12.354166666666666,-11.536138972428432,0.45988035208087413,89.79166666666667,176.25,600.0,49.083333333333336,,,,,,,,277.8484697127889,0.9091654728170455,-0.04999999999999999,28.05,28.3,100.0,-27.925478578813284,2.4519210009597607,275.0,0.2916666666666667,1,2,4.97,4.97,13.579999999999993,52.21999999999999,90.92999999999999,5.0,226.17000000000002,0.0,0.0,0.0,0.0,,,,,-0.9906326765618703,0.13655365292757657,-0.9961946980917455,0.08715574274765789,-10.358491452326364,0.41293423280595154,0.0,7.0,0.40845070422535207,0.36597938144329917,57.449,6,0.33120560156249995,4.97,0.48125,56.9415,0.0,74.125,-0.6541666666666667,241,8,2020,149
2020-08-29,0.0,0.0,0,0.0,0.5,9.4,4.404166666666667,14.5,10.8375,-7.608004450104182,7.359673300045356,54.375,218.0,600.0,0.8333333333333334,,,,,,,,315.2768690095094,0.9764736374416831,0.0,0.0,0.0,0.0,0.0,0.0,,1.0,0,0,2.03,4.97,7.069999999999993,50.19,90.92999999999999,5.0,226.17000000000002,0.0,0.0,0.0,0.0,,,,,-0.7036816037188027,0.7105154471140891,-0.7036816037188027,0.7105154471140891,-4.136852419744149,4.0018223568996625,1.0,8.0,0.0,0.7029702970297036,0.0,2,0.0,2.485,0.5354722222222222,0.0,-0.0,21.675,4.608333333333333,242,8,2020,150
2020-08-30,0.0,0.1,0,0.0,4.6,8.6,6.3,34.4,26.941666666666666,-21.009831846210894,16.670292750564844,55.875,205.875,600.0,40.916666666666664,,,,,,,,309.33182005148063,0.9948764843390846,0.0,0.0,0.0,0.0,0.0,0.0,,0.5,0,0,0.0,2.03,4.9699999999999935,48.3,90.92999999999999,4.0,226.17000000000002,0.0,0.0,0.0,0.0,,,,,-0.7734883330497686,0.633810538438649,-0.7734883330497686,0.633810538438649,-11.739243544070337,9.314526074378106,2.0,9.0,0.0,0.4084507042253526,0.0,3,0.0,0.6766666666666666,0.514611111111111,0.0,-0.0,80.825,1.895833333333333,243,8,2020,151
2020-08-31,0.0,1.1,0,0.0,-3.6,4.4,1.425,27.5,11.575000000000001,-9.996868032312658,-0.3125642707602732,84.04166666666667,203.41666666666666,600.0,35.958333333333336,,,,,,,,259.67215549831366,0.759102546125338,0.0,0.0,0.0,0.0,0.0,0.0,,0.5416666666666666,0,0,0.0,0.0,4.9699999999999935,48.089999999999996,90.92999999999999,3.0,226.17000000000002,0.0,0.0,0.0,0.0,,,,,-0.9837980277679577,-0.17928034069545035,-0.9837980277679577,-0.17928034069545035,-8.401534508822763,-0.2626842225514463,3.0,10.0,,0.0,0.0,4,0.0,0.0,0.5135277777777777,0.0,-0.0,46.300000000000004,-4.875,244,8,2020,152
2020-09-01,0.0,0.0,0,0.0,-3.7,5.1,1.4000000000000001,17.6,11.108333333333334,-7.628624692126743,7.8672542142372635,65.91666666666667,219.41666666666666,600.0,56.833333333333336,,,,,,,,319.83588225134235,0.9750116902518179,0.0,0.0,0.0,0.0,0.0,0.0,,0.4166666666666667,1,0,0.0,0.0,4.9699999999999935,45.779999999999994,90.92999999999999,3.0,226.17000000000002,0.0,0.0,0.0,0.0,,,,,-0.6449792236591589,0.7642001053703334,-0.6449792236591589,0.7642001053703334,-5.028535109560212,5.185831736218063,4.0,11.0,,0.0,0.0,5,0.0,0.0,0.47933333333333333,0.0,-0.0,55.54166666666667,-0.02499999999999991,245,9,2020,153
2020-09-02,0.0,0.0,0,0.0,2.8,8.9,5.829166666666667,34.1,25.037499999999998,-18.863020655179305,16.409712980610728,56.791666666666664,207.625,600.0,52.083333333333336,,,,,,,,311.24928475004543,0.9986020324271648,0.0,0.0,0.0,0.0,0.0,0.0,,0.4166666666666667,0,0,0.0,0.0,4.9699999999999935,36.33,90.92999999999999,2.0,226.17000000000002,0.0,0.0,0.0,0.0,,,,,-0.7518480383419098,0.6593364294815068,-0.7518480383419098,0.6593364294815068,-10.712623813753913,9.319349496905176,5.0,12.0,,0.0,0.0,6,0.0,0.0,0.5255,0.0,-0.0,150.225,4.429166666666666,246,9,2020,154
2020-09-03,0.14,1.6,1,0.14,4.3,9.6,7.116666666666667,38.0,24.916666666666668,-17.741580712753333,17.157174553326247,72.70833333333333,177.5,600.0,71.04166666666667,,,,,,,,314.4634418622028,0.9897072559600166,6.4,20.7,20.7,71.0,-11.873032232466661,16.956447316782125,325.0,0.0,0,1,0.14,0.14,2.169999999999993,31.219999999999995,85.53999999999999,2.0,226.31,0.0,0.0,0.0,0.0,,,,,-0.7136975260105713,0.7004540251625297,-0.5735764363510465,0.8191520442889916,-12.899607643231068,12.474695664814291,0.0,13.0,1.0,0.06451612903225828,5.32,6,0.009339750000000008,0.14,0.5740277777777778,2.898,0.0,149.5,1.2875000000000005,247,9,2020,155
2020-09-04,0.0,0.0,0,0.0,1.2,5.6,3.3249999999999997,23.9,17.116666666666667,-14.511620678674527,9.00711852091894,80.5,152.41666666666666,534.0,78.5,,,,,,,,302.291218414877,0.9977501468781662,0.0,0.0,0.0,0.0,0.0,0.0,,0.125,0,0,0.14,0.14,0.1399999999999929,13.719999999999995,82.67,1.0,226.31,0.0,0.0,0.0,0.0,,,,,-0.8453437221817546,0.5342227918835891,-0.8453437221817546,0.5342227918835891,-11.681854646332996,7.250730409339747,1.0,14.0,0.0,1.0000000000000508,0.0,1,0.0,0.07,0.4943888888888888,0.0,-0.0,17.116666666666667,-3.7916666666666674,248,9,2020,156
2020-09-05,0.14,0.2,1,0.14,-2.0,5.0,1.4041666666666668,23.8,14.404166666666667,-12.55026790561274,6.227861696827092,88.58333333333333,173.0,600.0,50.458333333333336,,,,,,,,304.20902712999754,0.9347407108442186,1.9,16.9,16.9,96.0,-15.058010258783415,7.672439445598338,297.0,0.375,0,1,0.14,0.28,0.2799999999999929,7.349999999999996,82.81,1.0,226.45000000000002,0.0,0.0,0.0,0.0,,,,,-0.8269920060082383,0.5622136800171887,-0.8910065241883679,0.45399049973954664,-11.117445653055286,5.516847486439332,0.0,15.0,0.5,1.0000000000000253,3.3320000000000003,2,0.022361062500000004,0.28,0.5217222222222222,2.366,0.0,28.808333333333334,-1.920833333333333,249,9,2020,157
2020-09-06,0.0,0.0,0,0.0,-1.5,9.0,3.3208333333333333,11.3,6.233333333333333,-3.2720835335542637,5.136442945996777,66.45833333333333,240.0,600.0,0.041666666666666664,,,,,,,,327.67267403301463,0.9738871817546623,0.0,0.0,0.0,0.0,0.0,0.0,,1.0,1,0,0.14,0.14,0.2799999999999929,5.2499999999999964,75.6,2.0,226.45000000000002,0.0,0.0,0.0,0.0,,,,,-0.5347554177185952,0.8450068894515658,-0.5347554177185952,0.8450068894515658,-2.174572181674604,3.4135943745270243,1.0,16.0,0.0,0.5000000000000127,0.0,3,0.0,0.07,0.5815277777777778,0.0,-0.0,18.7,1.9166666666666665,250,9,2020,158
2020-09-07,0.0,0.0,0,0.0,2.2,10.9,6.9875,25.2,16.416666666666668,-11.754865735579742,11.383010980933852,65.25,240.20833333333334,600.0,0.375,,,,,,,,314.1643626067628,0.9964205727772356,0.0,0.0,0.0,0.0,0.0,0.0,,1.0,0,0,0.0,0.14,0.2799999999999929,5.2499999999999964,60.269999999999996,2.0,226.45000000000002,0.0,0.0,0.0,0.0,,,,,-0.7173440985633573,0.6967190569062427,-0.7173440985633573,0.6967190569062427,-7.670049892465781,7.427414665059339,2.0,17.0,0.0,0.5000000000000127,0.0,4,0.0,0.04666666666666667,0.6198611111111111,0.0,-0.0,65.66666666666667,3.6666666666666665,251,9,2020,159
2020-09-08,0.0,3.7,0,0.0,6.7,12.4,9.2,36.8,26.15833333333333,-21.029828980208055,15.415759672119476,80.875,181.91666666666666,600.0,83.0,,,,,,,,306.03837104370297,0.995043288053436,0.0,0.0,0.0,0.0,0.0,0.0,,0.125,0,0,0.0,0.0,0.2799999999999929,5.2499999999999964,53.9,1.0,226.45000000000002,0.0,0.0,0.0,0.0,,,,,-0.8086231725818614,0.5883269199719192,-0.8086231725818614,0.5883269199719192,-17.007874187743266,12.467495634826626,3.0,18.0,,0.0,0.0,5,0.0,0.0,0.6664166666666667,0.0,-0.0,130.79166666666666,2.2124999999999995,252,9,2020,160
2020-09-09,0.0,6.3,0,0.0,2.6,7.4,4.6000000000000005,10.5,7.041666666666667,5.2513133769188025,0.16253930358799534,95.58333333333333,89.83333333333333,353.0,99.91666666666667,,,,,,,,88.25527319578438,0.6621739961825365,0.0,0.0,0.0,0.0,0.0,0.0,,0.0,0,0,0.0,0.0,0.2799999999999929,5.2499999999999964,53.69,1.0,226.45000000000002,0.0,0.0,0.0,0.0,,,,,0.9995363972042173,0.030446521377870687,0.9995363972042173,0.030446521377870687,5.019380369438221,0.1553604843461922,4.0,19.0,,0.0,0.0,6,0.0,0.0,0.5429444444444445,0.0,-0.0,42.25,-4.599999999999999,253,9,2020,161
2020-09-10,0.0,0.0,0,0.0,-0.1,9.0,3.625,9.5,7.154166666666666,3.9274716234902125,4.173215376359242,71.75,247.75,600.0,31.0,,,,,,,,43.82088876355388,0.8169588512441472,0.0,0.0,0.0,0.0,0.0,0.0,,0.6666666666666666,1,0,0.0,0.0,0.1399999999999929,2.309999999999996,53.69,2.0,226.45000000000002,0.0,0.0,0.0,0.0,,,,,0.6924062655502222,0.7215078401700118,0.6924062655502222,0.7215078401700118,2.8179608898542274,2.994282032537756,5.0,20.0,,0.0,0.0,5,0.0,0.0,0.6043333333333333,0.0,-0.0,35.77083333333333,-0.9750000000000005,254,9,2020,162
2020-09-11,0.0,0.0,0,0.0,-1.2,10.8,4.783333333333333,10.5,7.658333333333334,-4.820047956790264,5.615334747137772,50.291666666666664,254.33333333333334,600.0,18.208333333333332,,,,,,,,320.8606530885047,0.9643648687556163,0.0,0.0,0.0,0.0,0.0,0.0,,0.625,0,0,0.0,0.0,0.1399999999999929,0.2799999999999965,53.69,2.0,226.45000000000002,0.0,0.0,0.0,0.0,,,,,-0.6312085954736744,0.7756131181202077,-0.6312085954736744,0.7756131181202077,-2.4240824516024366,2.8240454332480374,6.0,21.0,,0.0,0.0,6,0.0,0.0,0.5771944444444445,0.0,-0.0,45.95,1.1583333333333332,255,9,2020,163
2020-09-12,0.0,0.0,0,0.0,2.4,8.7,5.279166666666667,19.9,11.858333333333334,-7.839400757049659,8.696520652061242,55.625,170.375,600.0,80.5,,,,,,,,319.58832933840495,0.9870840727332175,0.0,0.0,0.0,0.0,0.0,0.0,,0.041666666666666664,0,0,0.0,0.0,0.0,0.2799999999999965,53.69,2.0,226.45000000000002,0.0,0.0,0.0,0.0,,,,,-0.6482750064746127,0.7614062752436054,-0.6482750064746127,0.7614062752436054,-4.360666671108873,4.8374396127090655,7.0,22.0,,,0.0,6,0.0,0.0,0.4923333333333333,0.0,-0.0,71.15,0.49583333333333357,256,9,2020,164
2020-09-13,0.0,7.4,0,0.0,4.2,6.7,5.366666666666667,26.1,17.833333333333332,-14.97150877229637,9.523532892194863,93.29166666666667,82.33333333333333,355.0,99.875,,,,,,,,301.9123574603212,0.9947184543622485,0.0,0.0,0.0,0.0,0.0,0.0,,0.0,0,0,0.0,0.0,0.0,0.2799999999999965,52.5,1.0,226.45000000000002,0.0,0.0,0.0,0.0,,,,,-0.8488576951655825,0.5286214272597877,-0.8488576951655825,0.5286214272597877,-13.96717005882149,8.884662560676793,8.0,23.0,,,0.0,6,0.0,0.0,0.5147499999999999,0.0,-0.0,107.0,0.08750000000000036,257,9,2020,165
2020-09-14,0.0,0.1,0,0.0,0.3,8.8,4.991666666666666,15.5,9.720833333333333,-8.532881783840283,4.201589452373882,81.375,245.25,600.0,30.083333333333332,,,,,,,,297.996668540652,0.9560049284652042,0.0,0.0,0.0,0.0,0.0,0.0,,0.5833333333333334,0,0,0.0,0.0,0.0,0.2799999999999965,50.47,1.0,226.45000000000002,0.0,0.0,0.0,0.0,,,,,-0.8829748887596386,0.4694202230623473,-0.8829748887596386,0.4694202230623473,-6.943632551600031,3.419043416869246,9.0,24.0,,,0.0,6,0.0,0.0,0.6303055555555556,0.0,-0.0,58.325,-0.3750000000000009,258,9,2020,166
2020-09-15,0.0,0.0,0,0.0,-0.9,12.4,5.6125,8.4,5.741666666666667,-4.016252876866045,3.292232267393755,63.625,255.375,600.0,3.4583333333333335,,,,,,,,308.7275887799703,0.8966456291257794,0.0,0.0,0.0,0.0,0.0,0.0,,0.9166666666666666,0,0,0.0,0.0,0.0,0.2799999999999965,48.58,1.0,226.45000000000002,0.0,0.0,0.0,0.0,,,,,-0.7801292531288323,0.6256183728221625,-0.7801292531288323,0.6256183728221625,-2.5553408929060213,2.094682780129277,10.0,25.0,,,0.0,6,0.0,0.0,0.6578888888888889,0.0,-0.0,34.45,0.6208333333333336,259,9,2020,167
2020-09-16,0.0,0.0,0,0.0,3.6,9.9,7.054166666666667,25.2,20.349999999999998,-16.303520799278346,11.992006441512794,60.083333333333336,229.70833333333334,600.0,52.75,,,,,,,,307.7561391549811,0.9911388504686809,0.0,0.0,0.0,0.0,0.0,0.0,,0.3333333333333333,0,0,0.0,0.0,0.0,0.2799999999999965,48.37,1.0,226.45000000000002,0.0,0.0,0.0,0.0,,,,,-0.7906239710616352,0.6123019976961782,-0.7906239710616352,0.6123019976961782,-9.79569874689974,7.205197203608938,11.0,26.0,,,0.0,6,0.0,0.0,0.5734166666666667,0.0,-0.0,122.1,1.4416666666666673,260,9,2020,168
2020-09-17,0.0,1.4,0,0.0,3.7,13.8,8.345833333333333,19.7,10.299999999999999,-4.306182753467562,4.17724113843138,79.41666666666667,173.91666666666666,600.0,72.16666666666667,,,,,,,,318.0803309092754,0.34540486894304606,0.0,0.0,0.0,0.0,0.0,0.0,,0.041666666666666664,0,0,0.0,0.0,0.0,0.13999999999999646,46.06,0.0,226.45000000000002,0.0,0.0,0.0,0.0,,,,,-0.6680880311185424,0.7440822418766285,-0.6680880311185424,0.7440822418766285,-3.4198268033788226,3.3174256707709207,12.0,27.0,,,0.0,6,0.0,0.0,0.6873333333333335,0.0,-0.0,61.8,1.291666666666666,261,9,2020,169
2020-09-18,0.0,2.6999999999999997,0,0.0,1.8,12.3,6.695833333333333,10.5,6.733333333333333,-1.8685106957779165,4.620201368328059,93.75,98.20833333333333,381.0,92.79166666666667,,,,,,,,336.49725031840467,0.7578345663786897,0.0,0.0,0.0,0.0,0.0,0.0,,0.0,0,0,0.0,0.0,0.0,0.13999999999999646,36.61,0.0,226.45000000000002,0.0,0.0,0.0,0.0,,,,,-0.3987930790935233,0.9170409369636161,-0.3987930790935233,0.9170409369636161,-1.7517287772917967,4.331438782807556,13.0,28.0,,,0.0,6,0.0,0.0,0.6513055555555556,0.0,-0.0,40.4,-1.6500000000000004,262,9,2020,170
2020-09-19,0.0,5.8999999999999995,0,0.0,1.7,14.0,8.516666666666667,12.4,9.195833333333333,-2.4035891348542724,7.780563724311432,85.375,153.41666666666666,600.0,88.08333333333333,,,,,,,,345.712772386047,0.8687609073475666,0.0,0.0,0.0,0.0,0.0,0.0,,0.0,0,0,0.0,0.0,0.0,0.0,31.36,0.0,226.45000000000002,0.0,0.0,0.0,0.0,,,,,-0.2467829934166016,0.9690707683963755,-0.2467829934166016,0.9690707683963755,-2.052064223881835,6.642656279630885,14.0,29.0,,,0.0,6,0.0,0.0,0.6979722222222223,0.0,-0.0,55.175,1.8208333333333346,263,9,2020,171
2020-09-20,0.0,5.0,0,0.0,6.3,11.4,8.595833333333333,25.7,16.691666666666666,-9.761198765511253,12.131725599575951,93.91666666666667,167.875,551.0,89.16666666666667,,,,,,,,327.03075137541265,0.9263375502268928,0.0,0.0,0.0,0.0,0.0,0.0,,0.0,0,0,0.0,0.0,0.0,0.0,13.86,0.0,226.45000000000002,0.0,0.0,0.0,0.0,,,,,-0.5441888314048646,0.8389627618519239,-0.5441888314048646,0.8389627618519239,-9.167392507275986,11.393712292268415,15.0,30.0,,,0.0,6,0.0,0.0,0.6783055555555556,0.0,-0.0,100.15,0.07916666666666572,264,9,2020,172
2020-09-21,0.0,16.4,0,0.0,6.2,14.1,9.683333333333334,25.4,20.025000000000002,-14.109267292087388,13.6950189528516,90.0,205.875,600.0,66.125,,,,,,,,314.361363962282,0.9806168430996383,0.0,0.0,0.0,0.0,0.0,0.0,,0.16666666666666666,0,0,0.0,0.0,0.0,0.0,7.35,0.0,226.45000000000002,0.0,0.0,0.0,0.0,,,,,-0.7149443183855059,0.6991813939231253,-0.7149443183855059,0.6991813939231253,-12.69834056287865,12.32551705756644,16.0,31.0,,,0.0,6,0.0,0.0,0.7505833333333333,0.0,-0.0,120.15,1.0875000000000004,265,9,2020,173
2020-09-22,1.33,3.9,4,0.63,1.7,6.7,3.9958333333333336,35.3,26.77916666666667,-20.897682550827295,16.64604370105761,88.45833333333333,188.25,600.0,70.70833333333333,,,,,,,,308.051150080936,0.9970507804654903,1.875,25.5,27.5,100.0,-20.64509004467581,14.945498404788307,305.99977145571785,0.08333333333333333,0,4,1.33,1.33,1.329999999999993,1.3299999999999965,6.58,0.0,227.78,0.0,0.0,0.0,0.0,,,,,-0.7874608156867867,0.616364716509552,-0.8090193389558386,0.5877820252401889,-18.485741689752643,14.724812823893878,0.0,32.0,1.0,1.0000000000000053,46.949,0,0.18404394531249998,1.33,0.5692499999999999,33.915,0.0,0.0,-5.6875,266,9,2020,174
2020-09-23,2.87,5.1,22,0.28,0.5,3.4,1.5999999999999999,36.5,27.504166666666666,-24.771700035091897,11.572589000743703,94.79166666666667,180.91666666666666,600.0,91.95833333333333,,,,,,,,294.49410509247883,0.9933653783908059,1.6818181818181819,26.83181818181818,36.1,94.72727272727273,-24.16067131108934,11.257654592912827,294.4020033568416,0.0,0,15,4.2,4.2,4.199999999999993,4.199999999999997,9.45,0.0,230.65,0.0,0.0,0.0,0.0,,,,,-0.9100039320007213,0.41459961859995315,-0.910669215981649,0.4131362717837407,-23.481507324930863,10.969849990288303,0.0,33.0,0.6833333333333333,1.0000000000000018,100.0,0,0.39665427233987594,4.2,0.5121388888888889,77.00731818181818,0.0,0.0,-2.395833333333334,267,9,2020,175
2020-09-24,2.1,3.1,14,0.28,-1.0,2.7,0.7083333333333334,21.1,17.208333333333332,-15.352324036566047,7.519160728990624,91.70833333333333,193.20833333333334,600.0,86.5,,,,,,,,296.6265051682319,0.993025291180302,0.0642857142857143,15.757142857142856,19.7,98.42857142857143,-14.292468073847587,6.272418428066099,295.0597863073281,0.0,1,7,4.970000000000001,6.300000000000001,6.299999999999994,6.299999999999997,11.55,1.0,232.75,0.0,0.0,0.0,0.0,,,,,-0.8939470067187606,0.4481726778581757,-0.9058663051167949,0.4235637345831744,-14.079360501867445,6.895696985211817,0.0,34.0,0.3333333333333333,1.000000000000001,44.31,1,0.4188835044642858,6.300000000000001,0.49449999999999994,33.089999999999996,0.0,17.208333333333332,-0.8916666666666665,268,9,2020,176
2020-09-25,11.34,16.2,21,1.68,-3.4,1.1,-0.7916666666666666,26.3,18.5125,-15.10936507771823,10.087998250923436,95.16666666666667,118.58333333333333,556.0,99.33333333333333,,,,,,,,305.5230798566548,0.9815589361455526,-0.7666666666666666,19.228571428571428,26.3,94.85714285714286,-15.701420409810279,10.405550429784133,305.5021556396354,0.0,1,19,13.440000000000001,16.310000000000002,17.639999999999993,17.639999999999997,22.89,2.0,244.09,0.0,0.0,0.0,0.0,,,,,-0.8138815338438333,0.5810308501861232,-0.8140936699875365,0.5807335847755182,-14.37907909896185,9.60041166879547,0.0,0.0,0.6952789699570815,0.9246031746031751,100.0,0,2.3186958750000004,16.310000000000002,0.4207222222222222,218.052,0.0,0.0,-1.5,269,9,2020,177
2020-09-26,1.75,2.5,13,0.42,-5.1,-0.7,-2.283333333333333,29.3,24.695833333333336,-22.858039567311835,8.997523495837163,96.66666666666667,124.375,510.0,99.625,,,,,,,,291.5013287656134,0.9946020500586591,-2.2846153846153845,23.99230769230769,28.5,95.61538461538461,-21.946655368384505,9.458813346563305,293.3108306732671,0.0,0,5,13.090000000000002,15.19,19.389999999999993,19.389999999999997,21.7,2.0,245.84,0.0,0.0,0.0,0.0,,,,,-0.9304090680791132,0.36652280425119016,-0.9183715946084663,0.395719110249054,-22.096104915068107,8.697606045975924,0.0,1.0,0.1152073732718894,0.7833935018050544,51.275,1,0.3762680242233729,15.19,0.4051388888888889,41.98653846153846,0.0,24.695833333333336,-1.4916666666666667,270,9,2020,178
2020-09-27,0.8400000000000001,1.2,4,0.42,-4.6,3.8,-0.4291666666666667,25.1,10.820833333333333,-9.209900124390794,0.8148721996617484,78.20833333333333,257.7083333333333,600.0,43.416666666666664,,,,,,,,275.05674541925345,0.8205306469795389,-1.275,14.125,18.5,98.5,-13.065594682015492,0.9583189867912316,269.67619736433267,0.5,1,4,2.5900000000000016,13.93,20.229999999999993,20.229999999999997,20.51,3.0,246.68,0.0,0.0,0.0,0.0,,,,,-0.9961078909719691,0.08814232549335056,-0.9999840307565192,-0.005651392036020238,-7.202909388950633,0.6372979661521257,0.0,2.0,0.06030150753768845,0.688581314878893,21.084000000000003,2,0.1949694140625,13.93,0.5169444444444444,11.865000000000002,0.0,21.641666666666666,1.8541666666666665,271,9,2020,179
2020-09-28,0.0,0.0,0,0.0,-4.3,7.1,1.8291666666666666,9.1,6.2250000000000005,-4.512341265189366,2.6785482456935448,69.33333333333333,288.7083333333333,600.0,3.3333333333333335,,,,,,,,302.97694998499816,0.7974482751252595,0.0,0.0,0.0,0.0,0.0,0.0,,0.9583333333333334,1,0,0.8400000000000019,2.59,20.229999999999993,20.229999999999997,20.51,4.0,246.68,0.0,0.0,0.0,0.0,,,,,-0.8388896076234574,0.5443015949098089,-0.8388896076234574,0.5443015949098089,-3.128556610531293,1.8571267836808576,1.0,3.0,0.0,0.1280276816608997,0.0,3,0.0,1.295,0.5813611111111111,0.0,-0.0,18.675,2.2583333333333333,272,9,2020,180
2020-09-29,0.0,0.0,0,0.0,-3.4,8.5,3.0208333333333335,13.4,7.216666666666666,-4.328621821166617,5.455311907693939,70.91666666666667,284.0,600.0,54.791666666666664,,,,,,,,323.3727066902636,0.9586246854951599,0.0,0.0,0.0,0.0,0.0,0.0,,0.4583333333333333,0,0,0.0,0.8400000000000001,18.89999999999999,20.229999999999997,20.51,4.0,246.68,0.0,0.0,0.0,0.0,,,,,-0.5966072359264716,0.8025333675556272,-0.5966072359264716,0.8025333675556272,-3.0697143081773266,3.8687253612062853,2.0,4.0,0.0,0.04444444444444447,0.0,4,0.0,0.28,0.6146111111111111,0.0,-0.0,28.866666666666664,1.1916666666666669,273,9,2020,181
2020-09-30,0.0,7.4,0,0.0,3.9,6.1,4.9624999999999995,18.9,12.424999999999999,-9.016151983575556,8.413226800796425,83.875,78.25,316.0,99.875,,,,,,,,313.31906862036607,0.9925702784337324,0.0,0.0,0.0,0.0,0.0,0.0,,0.0,0,0,0.0,0.0,16.029999999999994,20.229999999999997,20.51,4.0,246.68,0.0,0.0,0.0,0.0,,,,,-0.7275444700068989,0.6860605251451074,-0.7275444700068989,0.6860605251451074,-7.562297476223997,7.056593979168001,3.0,5.0,,0.0,0.0,5,0.0,0.0,0.4673055555555556,0.0,-0.0,62.12499999999999,1.941666666666666,274,9,2020,182
2020-10-01,0.07,6.7,1,0.07,1.3,6.3,3.454166666666667,23.5,19.395833333333332,-17.248769563850427,8.645772466477995,86.91666666666667,234.04166666666666,600.0,60.916666666666664,,,,,,,,296.95699077439315,0.9946980085701975,2.9,22.0,22.0,100.0,-20.92324335849338,6.798373876248839,288.0,0.2916666666666667,0,1,0.07000000000000178,0.07,13.999999999999993,20.299999999999997,20.580000000000002,3.0,246.75,0.0,0.0,0.0,0.0,,,,,-0.891347062271495,0.4533215355351825,-0.9510565162951536,0.30901699437494723,-14.992055545913331,7.514617235447124,0.0,6.0,1.0,0.005000000000000003,1.6450000000000002,6,0.009008125,0.07,0.58575,1.54,0.0,116.375,-1.5083333333333324,275,10,2020,183
2020-10-02,0.0,0.0,0,0.0,1.5,12.9,8.025,21.8,17.008333333333333,-13.556636461304885,10.05573039308439,62.583333333333336,294.0,600.0,1.4583333333333333,,,,,,,,307.2652970587778,0.9914663885616319,0.0,0.0,0.0,0.0,0.0,0.0,,0.9583333333333334,0,0,0.07000000000000178,0.07,2.659999999999993,20.299999999999997,20.580000000000002,2.0,246.75,0.0,0.0,0.0,0.0,,,,,-0.7958403703315906,0.6055064862992606,-0.7958403703315906,0.6055064862992606,-8.48419498536664,6.293211271005315,1.0,7.0,0.0,0.026315789473684282,0.0,6,0.0,0.035,0.6912777777777778,0.0,-0.0,102.05,4.570833333333333,276,10,2020,184
2020-10-03,0.0,0.0,0,0.0,8.3,17.1,12.516666666666666,26.8,20.5625,-15.086462689071228,13.752709514699868,43.583333333333336,290.4166666666667,600.0,33.416666666666664,,,,,,,,313.3254576158265,0.9916728443691623,0.0,0.0,0.0,0.0,0.0,0.0,,0.5833333333333334,0,0,0.0,0.07,0.909999999999993,20.299999999999997,20.44,2.0,246.75,0.0,0.0,0.0,0.0,,,,,-0.7274679635561383,0.6861416486407782,-0.7274679635561383,0.6861416486407782,-6.575183321986877,5.993889230156693,2.0,8.0,0.0,0.07692307692307752,0.0,6,0.0,0.023333333333333334,0.6722222222222224,0.0,-0.0,123.375,4.491666666666665,277,10,2020,185
2020-10-04,0.0,0.0,0,0.0,11.4,18.1,14.025,25.3,19.179166666666667,-14.163647134027231,12.750905766531048,49.416666666666664,182.95833333333334,600.0,59.833333333333336,,,,,,,,313.68122785469666,0.9912423974699123,0.0,0.0,0.0,0.0,0.0,0.0,,0.08333333333333333,0,0,0.0,0.0,0.0699999999999929,20.299999999999997,20.44,1.0,246.75,0.0,0.0,0.0,0.0,,,,,-0.7231934648742211,0.690645504121484,-0.7231934648742211,0.690645504121484,-6.999202292065124,6.3010725996274255,3.0,9.0,,0.0,0.0,3,0.0,0.0,0.6200277777777777,0.0,-0.0,57.5375,1.5083333333333346,278,10,2020,186
2020-10-05,0.0,4.8,0,0.0,7.5,15.4,11.816666666666668,42.8,19.599999999999998,-13.86079711402393,12.82461600257814,78.33333333333333,230.70833333333334,600.0,61.166666666666664,,,,,,,,321.6753921956028,0.8342017011211307,0.0,0.0,0.0,0.0,0.0,0.0,,0.125,0,0,0.0,0.0,0.0699999999999929,20.299999999999997,20.3,0.0,246.75,0.0,0.0,0.0,0.0,,,,,-0.6201160260354005,0.7845101109954303,-0.6201160260354005,0.7845101109954303,-10.857624405985412,10.045949202019543,4.0,10.0,,0.0,0.0,4,0.0,0.0,0.74825,0.0,-0.0,78.39999999999999,-2.208333333333332,279,10,2020,187
2020-10-06,0.0,13.6,0,0.0,6.6,12.0,8.966666666666667,7.9,5.008333333333334,2.1990689036083153,2.547342489042794,99.83333333333333,63.041666666666664,232.0,100.0,,,,,,,,20.67718195178211,0.5832912461635588,0.0,0.0,0.0,0.0,0.0,0.0,,0.0,0,0,0.0,0.0,0.0699999999999929,18.97,20.3,0.0,246.75,0.0,0.0,0.0,0.0,,,,,0.353102275106977,0.9355847280253546,0.353102275106977,0.9355847280253546,2.195403788768968,2.5430969182277225,5.0,11.0,,0.0,0.0,5,0.0,0.0,0.6414722222222222,0.0,-0.0,25.041666666666668,-2.8500000000000014,280,10,2020,188
2020-10-07,0.0,13.6,0,0.0,7.1,11.3,9.358333333333333,11.8,6.454166666666667,-0.728759215460856,5.810797516337516,97.79166666666667,70.83333333333333,448.0,99.625,,,,,,,,352.8834171518113,0.9036257001675192,0.0,0.0,0.0,0.0,0.0,0.0,,0.0,0,0,0.0,0.0,0.0699999999999929,16.099999999999998,20.3,0.0,246.75,0.0,0.0,0.0,0.0,,,,,-0.12388867752869241,0.9922961229291343,-0.12388867752869241,0.9922961229291343,-0.7126657827860954,5.682475737851729,6.0,12.0,,0.0,0.0,6,0.0,0.0,0.6243055555555556,0.0,-0.0,38.725,0.3916666666666657,281,10,2020,189
2020-10-08,0.0,23.2,0,0.0,3.6,10.1,7.325,46.6,29.025000000000002,-21.285750905020624,19.18683487964707,98.375,133.04166666666666,571.0,99.0,,,,,,,,314.8669675118436,0.986200798488754,0.0,0.0,0.0,0.0,0.0,0.0,,0.0,0,0,0.0,0.0,0.0,13.999999999999996,20.3,0.0,246.75,0.0,0.0,0.0,0.0,,,,,-0.7087466730685202,0.705463077286334,-0.7087466730685202,0.705463077286334,-20.93985745281404,18.875048812852803,7.0,13.0,,,0.0,6,0.0,0.0,0.6410555555555556,0.0,-0.0,174.15,-2.0333333333333323,282,10,2020,190
2020-10-09,0.7,8.5,5,0.21,2.5,4.6,3.1750000000000003,45.2,26.183333333333334,-23.804608379955525,10.690022004946385,99.08333333333333,85.75,287.0,99.91666666666667,,,,,,,,293.4145708386378,0.9969705719909918,3.34,21.62,22.8,96.2,-20.46799637394919,6.94984620012139,288.79990738493984,0.0,0,5,0.7000000000000017,0.7,0.6999999999999929,3.3599999999999968,21.0,0.0,247.45000000000002,0.0,0.0,0.0,0.0,,,,,-0.9176535976818297,0.3973812711510125,-0.9466497810368907,0.32226416503050254,-23.586399469805933,10.59203013656771,0.0,14.0,1.0,1.0000000000000102,31.64,0,0.08505236249999994,0.7,0.48966666666666664,15.134,0.0,0.0,-4.15,283,10,2020,191
2020-10-10,0.0,0.7000000000000001,0,0.0,1.7,7.3,4.495833333333334,25.8,19.741666666666667,-18.14981566279291,7.522266159815061,89.41666666666667,226.25,600.0,80.33333333333333,,,,,,,,293.12267891383755,0.9949164134566284,0.0,0.0,0.0,0.0,0.0,0.0,,0.0,0,0,0.7000000000000017,0.7,0.6999999999999929,1.6099999999999965,21.0,0.0,247.45000000000002,0.0,0.0,0.0,0.0,,,,,-0.9196661297181229,0.3927011711840044,-0.9196661297181229,0.3927011711840044,-16.228960171813995,6.7261596579013005,1.0,15.0,0.0,1.0000000000000102,0.0,1,0.0,0.35,0.6111111111111112,0.0,-0.0,19.741666666666667,1.3208333333333333,284,10,2020,192
2020-10-11,0.0,0.0,0,0.0,3.2,12.0,7.4624999999999995,16.3,10.079166666666667,-7.472082440022304,5.285720679476004,76.04166666666667,262.4583333333333,600.0,58.416666666666664,,,,,,,,314.43332370316335,0.7492707770725745,0.0,0.0,0.0,0.0,0.0,0.0,,0.0,0,0,0.0,0.7,0.6999999999999929,0.7699999999999965,21.0,0.0,247.45000000000002,0.0,0.0,0.0,0.0,,,,,-0.7140656287805881,0.7000787654215656,-0.7140656287805881,0.7000787654215656,-5.681896022100294,4.019350100018212,2.0,16.0,0.0,1.0000000000000102,0.0,2,0.0,0.2333333333333333,0.6951111111111112,0.0,-0.0,20.158333333333335,2.966666666666666,285,10,2020,193
2020-10-12,0.0,0.0,0,0.0,2.1,14.2,8.529166666666667,14.5,10.516666666666667,-7.510410191609771,6.604169567021045,60.0,315.4166666666667,600.0,25.208333333333332,,,,,,,,315.4366758213173,0.9376700269484269,0.0,0.0,0.0,0.0,0.0,0.0,,0.625,0,0,0.0,0.0,0.6999999999999929,0.7699999999999965,21.0,0.0,247.45000000000002,0.0,0.0,0.0,0.0,,,,,-0.7016971314492312,0.712475357971011,-0.7016971314492312,0.712475357971011,-4.506246114965863,3.962501740212627,3.0,17.0,,0.0,0.0,3,0.0,0.0,0.7258333333333334,0.0,-0.0,31.550000000000004,1.0666666666666673,286,10,2020,194
2020-10-13,0.0,2.2,0,0.0,7.5,15.3,11.0875,16.9,10.729166666666666,-6.140376707641345,3.5256598390436604,68.91666666666667,262.7083333333333,600.0,41.875,,,,,,,,309.367711293894,0.4909153462616911,0.0,0.0,0.0,0.0,0.0,0.0,,0.375,0,0,0.0,0.0,0.6999999999999929,0.7699999999999965,21.0,0.0,247.45000000000002,0.0,0.0,0.0,0.0,,,,,-0.7730911494953157,0.6342949428869912,-0.7730911494953157,0.6342949428869912,-4.231742947682827,2.4297672390742564,4.0,18.0,,0.0,0.0,4,0.0,0.0,0.7381944444444445,0.0,-0.0,42.916666666666664,2.5583333333333336,287,10,2020,195
2020-10-14,0.0,0.30000000000000004,0,0.0,6.6,15.2,10.779166666666667,15.9,10.483333333333333,-6.457630934952623,5.8166253810252755,79.0,244.79166666666666,600.0,55.75,,,,,,,,327.50272326021263,0.7279657362918696,0.0,0.0,0.0,0.0,0.0,0.0,,0.16666666666666666,0,0,0.0,0.0,0.6999999999999929,0.7699999999999965,21.0,0.0,247.45000000000002,0.0,0.0,0.0,0.0,,,,,-0.537259521465038,0.8434169826338325,-0.537259521465038,0.8434169826338325,-5.101528438612572,4.595134051009968,5.0,19.0,,0.0,0.0,5,0.0,0.0,0.759861111111111,0.0,-0.0,52.416666666666664,-0.30833333333333357,288,10,2020,196
2020-10-15,0.0,3.6,0,0.0,9.2,16.8,11.920833333333334,27.8,18.904166666666665,-15.255721239800508,10.537712717634161,76.625,249.5,600.0,65.75,,,,,,,,305.67238502016414,0.9786516049694908,0.0,0.0,0.0,0.0,0.0,0.0,,0.16666666666666666,0,0,0.0,0.0,0.6999999999999929,0.6999999999999964,21.0,0.0,247.45000000000002,0.0,0.0,0.0,0.0,,,,,-0.8123646832705471,0.5831497418114353,-0.8123646832705471,0.5831497418114353,-11.689696399997139,8.074522369887175,6.0,20.0,,0.0,0.0,6,0.0,0.0,0.7550833333333333,0.0,-0.0,113.42499999999998,1.1416666666666675,289,10,2020,197
2020-10-16,0.0,17.400000000000002,0,0.0,6.4,13.8,9.495833333333334,16.5,6.341666666666666,-4.22007551333754,3.572482661228518,93.5,151.83333333333334,600.0,95.41666666666667,,,,,,,,313.76237033155945,0.7537316647884487,0.0,0.0,0.0,0.0,0.0,0.0,,0.0,0,0,0.0,0.0,0.0,0.6999999999999964,21.0,0.0,247.45000000000002,0.0,0.0,0.0,0.0,,,,,-0.7222146454708921,0.6916690002214597,-0.7222146454708921,0.6916690002214597,-3.9457706049706003,3.3402712882486645,7.0,21.0,,,0.0,6,0.0,0.0,0.7195555555555556,0.0,-0.0,38.05,-2.4250000000000007,290,10,2020,198
2020-10-17,0.0,43.3,0,0.0,8.0,11.8,9.1875,29.8,17.224999999999998,-14.552382837888489,8.086982932878694,98.83333333333333,133.29166666666666,541.0,99.79166666666667,,,,,,,,298.7983327667414,0.9449882545858256,0.0,0.0,0.0,0.0,0.0,0.0,,0.0,0,0,0.0,0.0,0.0,0.6999999999999964,21.0,0.0,247.45000000000002,0.0,0.0,0.0,0.0,,,,,-0.876320698083201,0.4817281745040156,-0.876320698083201,0.4817281745040156,-14.382605038113121,7.992634798661776,8.0,22.0,,,0.0,6,0.0,0.0,0.6805277777777778,0.0,-0.0,103.35,-0.30833333333333357,291,10,2020,199
2020-10-18,0.0,1.1,0,0.0,2.1,11.4,6.945833333333333,11.8,7.3374999999999995,-3.501315123772754,-1.3595915410622288,85.75,181.5,600.0,91.70833333333333,,,,,,,,235.3472067025014,0.4081667896123434,0.0,0.0,0.0,0.0,0.0,0.0,,0.0,0,0,0.0,0.0,0.0,0.6999999999999964,21.0,0.0,247.45000000000002,0.0,0.0,0.0,0.0,,,,,-0.8226127983803955,-0.5686019556251762,-0.8226127983803955,-0.5686019556251762,-3.0023777186351364,-1.1658497464608613,9.0,23.0,,,0.0,6,0.0,0.0,0.6601666666666667,0.0,-0.0,44.025,-2.241666666666667,292,10,2020,200
2020-10-19,0.0,0.0,0,0.0,3.9,13.1,7.758333333333333,11.9,5.895833333333333,-2.6182573536488865,1.2015524017759587,78.75,253.20833333333334,600.0,70.33333333333333,,,,,,,,318.42842146073303,0.3344014609455518,0.0,0.0,0.0,0.0,0.0,0.0,,0.08333333333333333,0,0,0.0,0.0,0.0,0.6999999999999964,21.0,0.0,247.45000000000002,0.0,0.0,0.0,0.0,,,,,-0.6635551871853314,0.7481273377971427,-0.6635551871853314,0.7481273377971427,-2.061877665998498,0.9462225163985675,10.0,24.0,,,0.0,6,0.0,0.0,0.7224166666666667,0.0,-0.0,35.375,0.8125,293,10,2020,201
2020-10-20,0.0,0.0,0,0.0,4.6,14.1,8.958333333333334,10.8,7.05,-4.44855650468894,4.449583903548331,73.83333333333333,285.4583333333333,600.0,43.458333333333336,,,,,,,,320.9378603208894,0.8609166194341611,0.0,0.0,0.0,0.0,0.0,0.0,,0.3333333333333333,0,0,0.0,0.0,0.0,0.6999999999999964,21.0,0.0,247.45000000000002,0.0,0.0,0.0,0.0,,,,,-0.6301628682041573,0.7764629801456795,-0.6301628682041573,0.7764629801456795,-3.2845175526286674,3.285276115453184,11.0,25.0,,,0.0,6,0.0,0.0,0.74975,0.0,-0.0,42.3,1.200000000000001,294,10,2020,202
2020-10-21,0.0,0.4,0,0.0,4.4,14.0,9.445833333333333,18.6,10.470833333333333,-7.319252846575716,6.672313400915905,72.45833333333333,250.5,600.0,68.33333333333333,,,,,,,,324.0351117322023,0.7848667464203525,0.0,0.0,0.0,0.0,0.0,0.0,,0.08333333333333333,0,0,0.0,0.0,0.0,0.6999999999999964,21.0,0.0,247.45000000000002,0.0,0.0,0.0,0.0,,,,,-0.5872893639354791,0.8093770462573425,-0.5872893639354791,0.8093770462573425,-5.303408625081321,4.834647085080316,12.0,26.0,,,0.0,6,0.0,0.0,0.7196388888888889,0.0,-0.0,62.825,0.48749999999999893,295,10,2020,203
2020-10-22,0.0,0.1,0,0.0,5.8,16.7,11.320833333333333,13.4,6.5874999999999995,-3.339251707912814,3.5452979248982577,67.25,324.8333333333333,600.0,31.416666666666668,,,,,,,,326.78840621776493,0.669798454554955,0.0,0.0,0.0,0.0,0.0,0.0,,0.4583333333333333,0,0,0.0,0.0,0.0,0.6999999999999964,19.669999999999998,0.0,247.45000000000002,0.0,0.0,0.0,0.0,,,,,-0.5477325312663067,0.8366534970898074,-0.5477325312663067,0.8366534970898074,-2.2456467735713677,2.3842128544940784,13.0,27.0,,,0.0,6,0.0,0.0,0.7740555555555555,0.0,-0.0,39.525,1.875,296,10,2020,204
2020-10-23,0.0,23.9,0,0.0,7.5,15.0,11.2875,18.6,12.408333333333333,-7.423914566417406,9.605585333877356,84.75,165.95833333333334,586.0,90.0,,,,,,,,324.6952328212702,0.9757782459182489,0.0,0.0,0.0,0.0,0.0,0.0,,0.0,0,0,0.0,0.0,0.0,0.0,16.8,0.0,247.45000000000002,0.0,0.0,0.0,0.0,,,,,-0.5779255274504828,0.8160895077876454,-0.5779255274504828,0.8160895077876454,-6.291767595038752,8.140733570461059,14.0,28.0,,,0.0,6,0.0,0.0,0.7264722222222222,0.0,-0.0,74.45,-0.033333333333333215,297,10,2020,205
2020-10-24,0.0,37.7,0,0.0,2.3,12.0,8.595833333333333,21.1,13.004166666666668,-5.56335921282788,0.8845609547644785,98.375,85.08333333333333,270.0,99.95833333333333,,,,,,,,265.5924104379475,0.34235169791333697,0.0,0.0,0.0,0.0,0.0,0.0,,0.0,0,0,0.0,0.0,0.0,0.0,14.7,0.0,247.45000000000002,0.0,0.0,0.0,0.0,,,,,-0.9970425810587498,-0.07685109989913184,-0.9970425810587498,-0.07685109989913184,-5.472954625619427,0.8701868392495556,15.0,29.0,,,0.0,6,0.0,0.0,0.6513055555555556,0.0,-0.0,78.025,-2.6916666666666664,298,10,2020,206
2020-10-25,4.97,11.8,13,0.84,-1.2,3.5,1.425,21.7,14.295833333333334,10.763202766330656,-8.699166564634998,96.41666666666667,75.04166666666667,255.0,99.95833333333333,,,,,,,,132.8749074963677,0.9697742489273901,1.3153846153846156,15.838461538461539,21.7,99.23076923076923,12.374880934095643,-8.737618284463593,130.58676163128686,0.0,1,7,4.9700000000000015,4.97,4.969999999999993,4.969999999999996,8.33,1.0,252.42000000000002,0.0,0.0,0.0,0.0,,,,,0.7328409480582422,-0.6803999888661793,0.7594216504808672,-0.6505987678907144,10.377521333870474,-8.387446429402244,0.0,30.0,1.0,1.0000000000000013,100.0,0,0.8654296473742602,4.97,0.44919444444444445,78.71715384615385,0.0,0.0,-7.170833333333333,299,10,2020,207
2020-10-26,4.69,7.7,16,0.7,0.5,3.0,1.6416666666666666,22.6,20.370833333333334,19.151511725076766,-6.855541766885364,97.58333333333333,108.79166666666667,420.0,99.95833333333333,,,,,,,,109.74969666600207,0.9985887379255578,1.30625,20.14375,22.6,98.3125,19.028037138909408,-6.537284157409389,109.06232364249983,0.0,0,9,9.660000000000002,9.66,9.659999999999993,9.659999999999997,11.27,1.0,257.11,0.0,0.0,0.0,0.0,,,,,0.9411778042340962,-0.3379117352461811,0.9451638786378425,-0.3265964520907564,18.688683525054078,-6.689866174185633,0.0,31.0,0.48550724637681164,1.0000000000000007,100.0,1,0.7626750101318361,9.66,0.46447222222222223,94.47418750000001,0.0,20.370833333333334,0.21666666666666656,300,10,2020,208
2020-10-27,0.49000000000000005,4.6,7,0.07,1.5,6.2,3.6,19.7,13.616666666666667,13.216017794965289,-2.924651286367784,98.33333333333333,111.54166666666667,547.0,100.0,,,,,,,,102.03801618174097,0.9934231112435825,2.2285714285714286,17.5,19.7,98.0,16.912467186030643,-4.450939132515859,104.57136816687972,0.0,0,6,5.180000000000002,10.15,10.149999999999993,10.149999999999997,10.92,1.0,257.6,0.0,0.0,0.0,0.0,,,,,0.9780094344583838,-0.20856065331311208,0.9678350136875525,-0.2515857433965901,12.995750831715865,-2.8759070982616546,0.0,32.0,0.048275862068965524,1.0000000000000007,9.653,2,0.07437500000000001,10.15,0.5399166666666666,8.575000000000001,0.0,27.233333333333334,1.9583333333333335,301,10,2020,209
2020-10-28,0.0,10.4,0,0.0,2.7,9.9,5.991666666666667,9.5,6.816666666666666,5.439885712256388,2.7170764474896885,94.45833333333333,166.83333333333334,600.0,85.33333333333333,,,,,,,,60.24420772601693,0.885217709325521,0.0,0.0,0.0,0.0,0.0,0.0,,0.0,0,0,0.4900000000000018,5.180000000000001,10.149999999999993,10.149999999999997,10.92,1.0,257.6,0.0,0.0,0.0,0.0,,,,,0.8681486454163515,0.4963042710492767,0.8681486454163515,0.4963042710492767,5.138425379035514,2.566505127691302,1.0,33.0,0.0,0.5103448275862073,0.0,3,0.0,2.5900000000000003,0.6460833333333333,0.0,-0.0,20.45,2.391666666666667,302,10,2020,210
2020-10-29,0.0,10.1,0,0.0,2.1,12.1,6.9624999999999995,8.4,5.458333333333333,-3.4956166213070934,1.884885216005582,88.33333333333333,233.29166666666666,600.0,51.875,,,,,,,,304.09087906911583,0.6801306982661746,0.0,0.0,0.0,0.0,0.0,0.0,,0.16666666666666666,0,0,0.0,0.49000000000000005,10.149999999999993,10.149999999999997,10.92,1.0,257.6,0.0,0.0,0.0,0.0,,,,,-0.8281495724055483,0.5605071683078705,-0.8281495724055483,0.5605071683078705,-3.0877946821545987,1.664981940804931,2.0,34.0,0.0,0.04827586206896555,0.0,4,0.0,0.16333333333333336,0.7188611111111111,0.0,-0.0,21.833333333333332,0.9708333333333323,303,10,2020,211
2020-10-30,0.0,11.2,0,0.0,4.0,12.4,7.925,15.6,8.404166666666667,6.848190902918994,3.2565293341990835,88.08333333333333,209.08333333333334,600.0,67.5,,,,,,,,49.90371185282324,0.8030731895372228,0.0,0.0,0.0,0.0,0.0,0.0,,0.20833333333333334,0,0,0.0,0.0,10.149999999999993,10.149999999999997,10.92,1.0,257.6,0.0,0.0,0.0,0.0,,,,,0.7649631282526682,0.6440740737010703,0.7649631282526682,0.6440740737010703,6.032114820321146,2.868459588540359,3.0,35.0,,0.0,0.0,5,0.0,0.0,0.7085555555555555,0.0,-0.0,42.020833333333336,0.9625000000000004,304,10,2020,212
2020-10-31,0.0,9.0,0,0.0,5.3,10.3,7.408333333333334,17.3,13.945833333333333,12.181510846624747,-3.4193786031904456,98.20833333333333,129.08333333333334,465.0,100.0,,,,,,,,104.42639516062472,0.9113675549479426,0.0,0.0,0.0,0.0,0.0,0.0,,0.0,0,0,0.0,0.0,10.149999999999993,10.149999999999997,10.85,1.0,257.6,0.0,0.0,0.0,0.0,,,,,0.9684684912834223,-0.24913607003244612,0.9684684912834223,-0.24913607003244612,11.963258777289386,-3.35811473654995,4.0,36.0,,0.0,0.0,6,0.0,0.0,0.6423055555555556,0.0,-0.0,83.675,-0.5166666666666657,305,10,2020,213
2020-11-01,0.0,3.3,0,0.0,5.3,12.0,8.1,19.4,12.5875,9.84687999759911,-6.825533700879848,86.41666666666667,219.58333333333334,600.0,85.66666666666667,,,,,,,,116.73156881293293,0.9030268448029091,0.0,0.0,0.0,0.0,0.0,0.0,,0.08333333333333333,0,0,0.0,0.0,5.1799999999999935,10.149999999999997,10.85,0.0,257.6,0.0,0.0,0.0,0.0,,,,,0.8931236870770977,-0.44981115991248,0.8931236870770977,-0.44981115991248,8.509345464591899,-5.898398706510335,5.0,37.0,,0.0,0.0,6,0.0,0.0,0.7011111111111111,0.0,-0.0,75.525,0.6916666666666655,306,11,2020,214
2020-11-02,0.0,0.0,0,0.0,6.3,17.0,11.5375,8.2,5.645833333333333,-3.1238770937034244,-1.2620412803731313,69.125,258.2916666666667,600.0,63.0,,,,,,,,261.44820764580624,0.549920668066167,0.0,0.0,0.0,0.0,0.0,0.0,,0.20833333333333334,0,0,0.0,0.0,0.48999999999999294,10.149999999999997,10.85,0.0,257.6,0.0,0.0,0.0,0.0,,,,,-0.9888818474179026,-0.1487033686483123,-0.9888818474179026,-0.1487033686483123,-2.159380041022492,-0.8723860350579271,6.0,38.0,,0.0,0.0,6,0.0,0.0,0.7359444444444444,0.0,-0.0,33.875,3.4375,307,11,2020,215
2020-11-03,0.0,0.0,0,0.0,7.1,20.6,14.0,14.3,6.2875000000000005,-3.0465948371205545,2.243129109506581,63.75,331.2916666666667,600.0,43.875,,,,,,,,313.51561254400536,0.5400076458381201,0.0,0.0,0.0,0.0,0.0,0.0,,0.2916666666666667,0,0,0.0,0.0,0.0,10.149999999999997,10.85,0.0,257.6,0.0,0.0,0.0,0.0,,,,,-0.725186774141616,0.6885522076139737,-0.725186774141616,0.6885522076139737,-1.9422042086643534,1.4299948073104454,7.0,39.0,,,0.0,6,0.0,0.0,0.7666944444444445,0.0,-0.0,37.725,2.4625000000000004,308,11,2020,216
2020-11-04,0.0,2.7,0,0.0,8.6,17.3,12.875,21.9,17.033333333333335,-14.363068515131353,8.840377960869887,75.625,215.45833333333334,600.0,75.66666666666667,,,,,,,,301.7739915456708,0.9886524595810897,0.0,0.0,0.0,0.0,0.0,0.0,,0.08333333333333333,0,0,0.0,0.0,0.0,10.149999999999997,10.85,0.0,257.6,0.0,0.0,0.0,0.0,,,,,-0.8501318081263647,0.5265699467419289,-0.8501318081263647,0.5265699467419289,-10.862070564568084,6.685535832907853,8.0,40.0,,,0.0,6,0.0,0.0,0.7290555555555556,0.0,-0.0,102.20000000000002,-1.125,309,11,2020,217
2020-11-05,1.82,11.1,7,0.56,1.3,8.6,3.225,17.2,12.575000000000001,4.873813217711198,-11.319118129362609,93.70833333333333,140.375,450.0,97.45833333333333,,,,,,,,154.37892043159565,0.9717174853051306,2.757142857142857,14.4,16.2,96.28571428571429,4.350278607847899,-13.696828087249685,162.42921703516902,0.0,0,6,1.8200000000000018,1.82,1.819999999999993,11.969999999999997,12.67,0.0,259.42,0.0,0.0,0.0,0.0,,,,,0.4324175108388473,-0.9016734976253519,0.301883787641993,-0.9533447323811697,4.567169136096868,-10.60695694705688,0.0,41.0,1.0,1.000000000000004,31.304,0,0.270231,1.82,0.5970555555555556,26.208000000000002,0.0,0.0,-9.65,310,11,2020,218
2020-11-06,0.0,0.0,0,0.0,0.2,12.5,6.979166666666667,16.2,8.637500000000001,-7.4979466498103475,2.3851850945827575,69.33333333333333,318.9166666666667,600.0,65.04166666666667,,,,,,,,298.1140720014296,0.6228645603539186,0.0,0.0,0.0,0.0,0.0,0.0,,0.20833333333333334,0,0,1.8200000000000018,1.82,1.819999999999993,11.969999999999997,12.67,0.0,259.42,0.0,0.0,0.0,0.0,,,,,-0.8820111575968251,0.47122851980191993,-0.8820111575968251,0.47122851980191993,-5.198576343868507,1.653728332244045,1.0,42.0,0.0,1.000000000000004,0.0,1,0.0,0.91,0.7214999999999999,0.0,-0.0,8.637500000000001,3.754166666666667,311,11,2020,219
2020-11-07,0.0,0.1,0,0.0,-0.1,10.0,4.45,11.8,7.983333333333333,4.820912315410436,-4.709060421292881,84.0,286.7083333333333,600.0,46.875,,,,,,,,133.97880717034514,0.8123055729290717,0.0,0.0,0.0,0.0,0.0,0.0,,0.5,1,0,0.0,1.82,1.819999999999993,11.969999999999997,12.67,1.0,259.42,0.0,0.0,0.0,0.0,,,,,0.719596694596581,-0.6943922501912554,0.719596694596581,-0.6943922501912554,4.0495663449447665,-3.95561075388602,2.0,43.0,0.0,1.000000000000004,0.0,2,0.0,0.6066666666666667,0.693361111111111,0.0,-0.0,15.966666666666667,-2.529166666666667,312,11,2020,220
2020-11-08,0.0,0.0,0,0.0,0.3,15.9,8.520833333333334,9.1,4.895833333333333,-0.26135153561135477,0.6059673801649123,71.79166666666667,284.375,600.0,36.041666666666664,,,,,,,,313.52948579403017,0.1174546657636463,0.0,0.0,0.0,0.0,0.0,0.0,,0.4583333333333333,0,0,0.0,0.0,1.819999999999993,6.9999999999999964,11.97,1.0,259.42,0.0,0.0,0.0,0.0,,,,,-0.7250200310597154,0.6887277797229973,-0.7250200310597154,0.6887277797229973,-0.18762862327431848,0.4350340816767266,3.0,44.0,,0.0,0.0,3,0.0,0.0,0.7622222222222224,0.0,-0.0,14.6875,4.070833333333334,313,11,2020,221
2020-11-09,0.0,0.30000000000000004,0,0.0,5.9,16.3,11.362499999999999,9.2,6.1375,-1.1430341208285928,-0.5234192472130038,70.33333333333333,262.6666666666667,600.0,38.458333333333336,,,,,,,,248.1574463563636,0.24004443321224075,0.0,0.0,0.0,0.0,0.0,0.0,,0.375,0,0,0.0,0.0,1.819999999999993,2.3099999999999965,11.97,1.0,259.42,0.0,0.0,0.0,0.0,,,,,-0.9282097554940869,-0.3720573205913402,-0.9282097554940869,-0.3720573205913402,-0.8039339983161102,-0.368138203873146,4.0,45.0,,0.0,0.0,4,0.0,0.0,0.7428888888888888,0.0,-0.0,24.55,2.841666666666665,314,11,2020,222
2020-11-10,0.0,1.6,0,0.0,7.2,18.0,12.866666666666667,9.8,6.2375,-4.860985126508239,3.348773648567152,66.95833333333333,300.25,600.0,21.625,,,,,,,,308.9792187994363,0.9430503647772288,0.0,0.0,0.0,0.0,0.0,0.0,,0.5833333333333334,0,0,0.0,0.0,1.819999999999993,1.8199999999999965,11.97,1.0,259.42,0.0,0.0,0.0,0.0,,,,,-0.7773741650747487,0.6290384785323847,-0.7773741650747487,0.6290384785323847,-3.2548346242911412,2.242283022186422,5.0,46.0,,0.0,0.0,5,0.0,0.0,0.7566944444444444,0.0,-0.0,31.1875,1.5041666666666682,315,11,2020,223
2020-11-11,0.0,0.0,0,0.0,9.8,19.3,14.85,17.3,12.608333333333334,-8.957659056242145,8.563220892039853,59.875,324.5416666666667,600.0,43.333333333333336,,,,,,,,317.2594726478361,0.9744476660916432,0.0,0.0,0.0,0.0,0.0,0.0,,0.4583333333333333,0,0,0.0,0.0,1.819999999999993,1.8199999999999965,11.97,1.0,259.42,0.0,0.0,0.0,0.0,,,,,-0.6786793315283998,0.7344347247755681,-0.6786793315283998,0.7344347247755681,-5.363398359924983,5.127228509108862,6.0,47.0,,0.0,0.0,6,0.0,0.0,0.7492777777777778,0.0,-0.0,75.65,1.9833333333333325,316,11,2020,224
2020-11-12,0.0,14.6,0,0.0,9.8,13.7,12.112499999999999,27.5,19.900000000000002,-14.780809593378708,13.14181622940575,87.58333333333333,176.625,588.0,96.125,,,,,,,,311.50326167900516,0.9939069489047895,0.0,0.0,0.0,0.0,0.0,0.0,,0.0,0,0,0.0,0.0,0.0,1.8199999999999965,11.97,1.0,259.42,0.0,0.0,0.0,0.0,,,,,-0.748917998578936,0.6626626829726575,-0.748917998578936,0.6626626829726575,-12.945525735534183,11.510040714254535,7.0,48.0,,,0.0,6,0.0,0.0,0.7141388888888889,0.0,-0.0,119.4,-2.7375000000000007,317,11,2020,225
2020-11-13,0.0,0.6000000000000001,0,0.0,5.9,13.7,9.987499999999999,21.9,15.625,-13.584127413365836,7.5462922185733925,83.29166666666667,271.5833333333333,600.0,69.0,,,,,,,,299.3319207606824,0.9941534812223608,0.0,0.0,0.0,0.0,0.0,0.0,,0.0,0,0,0.0,0.0,0.0,1.8199999999999965,11.97,1.0,259.42,0.0,0.0,0.0,0.0,,,,,-0.8717964911943296,0.4898682250781891,-0.8717964911943296,0.4898682250781891,-11.314446124715962,6.285432560386755,8.0,49.0,,,0.0,6,0.0,0.0,0.7631388888888889,0.0,-0.0,93.75,-2.125,318,11,2020,226
2020-11-14,0.0,0.0,0,0.0,4.0,12.2,8.504166666666666,20.1,14.041666666666666,-11.746392047556908,7.5078262717699955,76.54166666666667,289.9583333333333,600.0,38.25,,,,,,,,303.88798147254425,0.9906533389372217,0.0,0.0,0.0,0.0,0.0,0.0,,0.4166666666666667,0,0,0.0,0.0,0.0,1.8199999999999965,11.97,0.0,259.42,0.0,0.0,0.0,0.0,,,,,-0.8301292610518153,0.557570990946953,-0.8301292610518153,0.557570990946953,-8.99088424640085,5.746615358850618,9.0,50.0,,,0.0,6,0.0,0.0,0.7195555555555555,0.0,-0.0,84.25,-1.4833333333333325,319,11,2020,227
2020-11-15,0.0,0.0,0,0.0,8.0,20.2,14.895833333333334,21.8,15.158333333333333,-11.221299843431353,10.039496062944528,51.75,335.9166666666667,600.0,27.916666666666668,,,,,,,,311.9163931767751,0.9925283206008111,0.0,0.0,0.0,0.0,0.0,0.0,,0.625,0,0,0.0,0.0,0.0,1.8199999999999965,11.97,0.0,259.42,0.0,0.0,0.0,0.0,,,,,-0.7441204389172136,0.6680454867639279,-0.7441204389172136,0.6680454867639279,-5.8070226689757245,5.195439212573794,10.0,51.0,,,0.0,6,0.0,0.0,0.7297777777777777,0.0,-0.0,90.95,6.3916666666666675,320,11,2020,228
2020-11-16,0.0,1.3,0,0.0,9.2,18.6,14.929166666666667,40.7,27.40833333333333,-21.155944421033748,16.817783355234273,54.958333333333336,305.25,600.0,53.583333333333336,,,,,,,,306.6993253551972,0.9829064851355049,0.0,0.0,0.0,0.0,0.0,0.0,,0.2916666666666667,0,0,0.0,0.0,0.0,1.8199999999999965,11.97,0.0,259.42,0.0,0.0,0.0,0.0,,,,,-0.8017826810886717,0.5976157062078117,-0.8017826810886717,0.5976157062078117,-11.626954454726466,9.242773435647502,11.0,52.0,,,0.0,6,0.0,0.0,0.7200277777777778,0.0,-0.0,164.45,0.033333333333333215,321,11,2020,229
2020-11-17,0.0,0.1,0,0.0,5.8,16.6,10.716666666666667,19.7,10.958333333333334,-7.760241441408318,1.5705646662228008,59.541666666666664,380.6666666666667,600.0,19.916666666666668,,,,,,,,271.38926210397943,0.5680486967494647,0.0,0.0,0.0,0.0,0.0,0.0,,0.75,0,0,0.0,0.0,0.0,1.8199999999999965,11.97,0.0,259.42,0.0,0.0,0.0,0.0,,,,,-0.9997060510994208,0.02424482202867697,-0.9997060510994208,0.02424482202867697,-4.620577091571869,0.935140378346826,12.0,53.0,,,0.0,6,0.0,0.0,0.7855833333333333,0.0,-0.0,65.75,-4.2125,322,11,2020,230
2020-11-18,0.0,0.1,0,0.0,7.0,20.6,13.466666666666667,8.8,6.079166666666667,-3.323681715930207,2.011041089824195,66.58333333333333,345.875,600.0,49.083333333333336,,,,,,,,298.7141174646132,0.6559943695686099,0.0,0.0,0.0,0.0,0.0,0.0,,0.25,0,0,0.0,0.0,0.0,1.8199999999999965,11.97,0.0,259.42,0.0,0.0,0.0,0.0,,,,,-0.877027811816623,0.4804396083798108,-0.877027811816623,0.4804396083798108,-2.2130180758568625,1.339018192307943,13.0,54.0,,,0.0,6,0.0,0.0,0.7858611111111111,0.0,-0.0,36.475,2.75,323,11,2020,231
2020-11-19,0.0,0.0,0,0.0,10.6,20.5,15.933333333333332,15.9,10.791666666666666,-7.798755862451703,7.230017419388318,52.25,331.5,600.0,73.54166666666667,,,,,,,,316.3811438900784,0.9795317163623702,0.0,0.0,0.0,0.0,0.0,0.0,,0.125,0,0,0.0,0.0,0.0,0.0,11.97,0.0,259.42,0.0,0.0,0.0,0.0,,,,,-0.6898578322160833,0.7239448676039676,-0.6898578322160833,0.7239448676039676,-4.074849938131015,3.7776841016303964,14.0,55.0,,,0.0,6,0.0,0.0,0.7285,0.0,-0.0,64.75,2.466666666666665,324,11,2020,232
2020-11-20,0.0,0.0,0,0.0,10.5,24.4,18.2375,21.5,16.154166666666665,-9.771844127192667,5.913360411651933,55.708333333333336,361.125,600.0,38.083333333333336,,,,,,,,304.11570412804053,0.4827126888775085,0.0,0.0,0.0,0.0,0.0,0.0,,0.20833333333333334,0,0,0.0,0.0,0.0,0.0,11.97,0.0,259.42,0.0,0.0,0.0,0.0,,,,,-0.8279066386846784,0.5608659355156429,-0.8279066386846784,0.5608659355156429,-5.443731499190249,3.2942345293244313,15.0,56.0,,,0.0,6,0.0,0.0,0.7597777777777778,0.0,-0.0,96.92499999999998,2.304166666666669,325,11,2020,233
2020-11-21,0.0,0.0,0,0.0,10.5,23.6,18.75,18.3,10.895833333333334,-8.264455420667902,4.496256222942061,46.333333333333336,345.5416666666667,600.0,64.625,,,,,,,,307.3112063312499,0.847995476767027,0.0,0.0,0.0,0.0,0.0,0.0,,0.125,0,0,0.0,0.0,0.0,0.0,11.97,0.0,259.42,0.0,0.0,0.0,0.0,,,,,-0.7953549419585321,0.6061439732457464,-0.7953549419585321,0.6061439732457464,-3.8291976782427946,2.0832653832964882,16.0,57.0,,,0.0,6,0.0,0.0,0.7181388888888889,0.0,-0.0,65.375,0.5124999999999993,326,11,2020,234
2020-11-22,0.0,2.2,0,0.0,12.9,21.5,17.6125,20.9,13.041666666666666,-11.525523966713394,5.5517722619003855,56.541666666666664,275.3333333333333,600.0,88.29166666666667,,,,,,,,297.13811520269127,0.9789828728700085,0.0,0.0,0.0,0.0,0.0,0.0,,0.0,0,0,0.0,0.0,0.0,0.0,11.97,0.0,259.42,0.0,0.0,0.0,0.0,,,,,-0.8899095628840885,0.4561370078029742,-0.8899095628840885,0.4561370078029742,-6.516723342845864,3.1390645664161765,17.0,58.0,,,0.0,6,0.0,0.0,0.705361111111111,0.0,-0.0,78.25,-1.1374999999999993,327,11,2020,235
2020-11-23,0.0,30.8,0,0.0,8.2,13.6,11.429166666666667,19.8,12.404166666666667,-8.882907319733498,-0.4919808096699332,96.58333333333333,135.75,600.0,91.45833333333333,,,,,,,,260.04038745742105,0.6503060073910425,0.0,0.0,0.0,0.0,0.0,0.0,,0.0,0,0,0.0,0.0,0.0,0.0,11.97,0.0,259.42,0.0,0.0,0.0,0.0,,,,,-0.984929911915949,-0.17295394940052963,-0.984929911915949,-0.17295394940052963,-8.579407986309269,-0.47517146533954374,18.0,59.0,,,0.0,6,0.0,0.0,0.7146666666666667,0.0,-0.0,74.425,-6.183333333333334,328,11,2020,236
2020-11-24,0.0,1.1,0,0.0,6.4,15.8,10.3375,12.3,6.270833333333333,-0.257687157757352,-2.0161101735524434,81.875,238.83333333333334,600.0,78.625,,,,,,,,166.35157588620052,0.4123243703744733,0.0,0.0,0.0,0.0,0.0,0.0,,0.041666666666666664,0,0,0.0,0.0,0.0,0.0,7.0,0.0,259.42,0.0,0.0,0.0,0.0,,,,,0.23596349180044135,-0.9717619207076099,0.23596349180044135,-0.9717619207076099,-0.21098136041383195,-1.650690204596063,19.0,60.0,,,0.0,6,0.0,0.0,0.7654722222222222,0.0,-0.0,37.625,-1.0916666666666668,329,11,2020,237
2020-11-25,0.0,0.0,0,0.0,6.7,18.6,13.329166666666666,17.4,11.091666666666667,-7.8228963542187975,6.638794939801769,74.625,358.9583333333333,600.0,4.291666666666667,,,,,,,,316.52415301800676,0.8990219028114638,0.0,0.0,0.0,0.0,0.0,0.0,,1.0,0,0,0.0,0.0,0.0,0.0,2.31,0.0,259.42,0.0,0.0,0.0,0.0,,,,,-0.6880487332009284,0.7256644822096487,-0.6880487332009284,0.7256644822096487,-5.8378364043357776,4.9542007238270696,20.0,61.0,,,0.0,6,0.0,0.0,0.8213888888888888,0.0,-0.0,66.55,2.9916666666666654,330,11,2020,238
2020-11-26,0.0,2.3,0,0.0,11.9,21.2,15.85,17.0,10.8375,-6.101398627368951,4.1909474602115475,74.54166666666667,341.7916666666667,600.0,46.541666666666664,,,,,,,,308.2585357330638,0.5157463145638181,0.0,0.0,0.0,0.0,0.0,0.0,,0.375,0,0,0.0,0.0,0.0,0.0,1.82,0.0,259.42,0.0,0.0,0.0,0.0,,,,,-0.7852246916262595,0.6192109363217397,-0.7852246916262595,0.6192109363217397,-4.548084226817939,3.1240020859660245,21.0,62.0,,,0.0,6,0.0,0.0,0.8096666666666668,0.0,-0.0,65.025,2.520833333333334,331,11,2020,239
2020-11-27,0.0,0.0,0,0.0,12.3,22.7,18.0,26.3,17.408333333333335,-13.099140537608006,9.024758952032643,57.708333333333336,370.3333333333333,600.0,54.083333333333336,,,,,,,,312.24662043403697,0.8577170157708488,0.0,0.0,0.0,0.0,0.0,0.0,,0.375,0,0,0.0,0.0,0.0,0.0,1.82,0.0,259.42,0.0,0.0,0.0,0.0,,,,,-0.740257785454953,0.6723231448294256,-0.740257785454953,0.6723231448294256,-7.559295685244621,5.2080379785688375,22.0,63.0,,,0.0,6,0.0,0.0,0.7725833333333334,0.0,-0.0,104.45000000000002,2.1500000000000004,332,11,2020,240
2020-11-28,0.0,3.3,0,0.0,16.5,24.5,20.3125,32.2,16.470833333333335,-12.115427656308198,10.153473573990105,55.666666666666664,310.2916666666667,600.0,61.75,,,,,,,,314.30410427004404,0.8910517571524885,0.0,0.0,0.0,0.0,0.0,0.0,,0.125,0,0,0.0,0.0,0.0,0.0,1.82,0.0,259.42,0.0,0.0,0.0,0.0,,,,,-0.7156427022675029,0.6984665508750338,-0.7156427022675029,0.6984665508750338,-6.7442547286782295,5.652100289521159,23.0,64.0,,,0.0,6,0.0,0.0,0.72575,0.0,-0.0,98.82500000000002,2.3125,333,11,2020,241
2020-11-29,0.0,8.5,0,0.0,6.7,17.3,14.091666666666667,38.8,23.695833333333336,-18.072347875172984,8.2470184792953,80.04166666666667,305.6666666666667,600.0,71.125,,,,,,,,284.68013704773335,0.5963276886816912,0.0,0.0,0.0,0.0,0.0,0.0,,0.08333333333333333,0,0,0.0,0.0,0.0,0.0,1.82,0.0,259.42,0.0,0.0,0.0,0.0,,,,,-0.9673556659100608,0.2534226028429643,-0.9673556659100608,0.2534226028429643,-14.465408445086377,6.601051041135946,24.0,65.0,,,0.0,6,0.0,0.0,0.8039166666666667,0.0,-0.0,142.175,-6.220833333333333,334,11,2020,242
2020-11-30,0.0,0.0,0,0.0,5.8,21.5,14.075000000000001,13.2,7.695833333333333,-2.746673296626445,4.297645746156069,66.41666666666667,372.3333333333333,600.0,47.583333333333336,,,,,,,,329.1269398745351,0.6213883964995118,0.0,0.0,0.0,0.0,0.0,0.0,,0.2916666666666667,0,0,0.0,0.0,0.0,0.0,1.82,0.0,259.42,0.0,0.0,0.0,0.0,,,,,-0.5131377421884743,0.8583062725750726,-0.5131377421884743,0.8583062725750726,-1.8242488478427308,2.854353049738656,25.0,66.0,,,0.0,6,0.0,0.0,0.8029444444444445,0.0,-0.0,46.175,-0.01666666666666572,335,11,2020,243
2020-12-01,0.0,2.5,0,0.0,9.5,23.0,16.558333333333334,30.4,22.9375,-18.717169170577375,12.885611160657616,62.583333333333336,329.25,600.0,43.041666666666664,,,,,,,,305.29160309973236,0.9902101646544786,0.0,0.0,0.0,0.0,0.0,0.0,,0.4166666666666667,0,0,0.0,0.0,0.0,0.0,1.82,0.0,259.42,0.0,0.0,0.0,0.0,,,,,-0.8162222684054583,0.5777380103118092,-0.8162222684054583,0.5777380103118092,-11.71382837258634,8.064244984711559,26.0,67.0,,,0.0,6,0.0,0.0,0.7614444444444445,0.0,-0.0,137.625,2.4833333333333325,336,12,2020,244
2020-12-02,0.0,0.0,0,0.0,5.2,17.4,11.1875,21.8,11.875,-7.902660694189173,5.044461554240539,64.33333333333333,404.5833333333333,600.0,12.541666666666666,,,,,,,,304.88646587973017,0.6093408782508996,0.0,0.0,0.0,0.0,0.0,0.0,,0.8333333333333334,0,0,0.0,0.0,0.0,0.0,1.82,0.0,259.42,0.0,0.0,0.0,0.0,,,,,-0.82028700240595,0.5719521253425508,-0.82028700240595,0.5719521253425508,-5.084045046595034,3.245270266561413,27.0,68.0,,,0.0,6,0.0,0.0,0.8174999999999999,0.0,-0.0,71.25,-5.370833333333334,337,12,2020,245
2020-12-03,0.0,0.0,0,0.0,5.7,17.6,11.35,20.3,12.6625,-9.151522848644115,7.111489995173298,60.708333333333336,386.7083333333333,600.0,26.333333333333332,,,,,,,,313.2170692635334,0.8921901740734056,0.0,0.0,0.0,0.0,0.0,0.0,,0.5833333333333334,0,0,0.0,0.0,0.0,0.0,1.82,0.0,259.42,0.0,0.0,0.0,0.0,,,,,-0.7287646583271865,0.6847642461265476,-0.7287646583271865,0.6847642461265476,-5.555736996031031,4.317267051236457,28.0,69.0,,,0.0,6,0.0,0.0,0.7935,0.0,-0.0,75.975,0.16249999999999964,338,12,2020,246
2020-12-04,0.0,0.0,0,0.0,6.4,18.1,12.633333333333333,29.1,16.891666666666666,-14.684208719249483,7.215923157167144,44.583333333333336,397.2916666666667,600.0,0.0,,,,,,,,304.2191944439165,0.9373823288385409,0.0,0.0,0.0,0.0,0.0,0.0,,1.0,0,0,0.0,0.0,0.0,0.0,1.82,0.0,259.42,0.0,0.0,0.0,0.0,,,,,-0.8268922264253235,0.5623604234628994,-0.8268922264253235,0.5623604234628994,-6.546709720665394,3.2170990742370185,29.0,70.0,,,0.0,6,0.0,0.0,0.7468055555555556,0.0,-0.0,101.35,1.2833333333333332,339,12,2020,247
2020-12-05,0.0,18.2,0,0.0,8.7,20.2,13.354166666666666,37.9,20.929166666666667,-15.778679069582209,13.527839002722802,56.0,288.5833333333333,600.0,72.875,,,,,,,,312.25895581847334,0.9914367012581158,0.0,0.0,0.0,0.0,0.0,0.0,,0.125,0,0,0.0,0.0,0.0,0.0,0.0,0.0,259.42,0.0,0.0,0.0,0.0,,,,,-0.7401130217843462,0.6724825016201119,-0.7401130217843462,0.6724825016201119,-8.836060278966038,7.575589841524769,30.0,71.0,,,0.0,6,0.0,0.0,0.7123888888888888,0.0,-0.0,125.575,0.7208333333333332,340,12,2020,248
2020-12-06,0.0,4.3,0,0.0,2.5,8.5,4.625,40.3,34.225,-29.069180855205076,17.984055786432112,91.25,200.41666666666666,600.0,97.25,,,,,,,,301.5419445125423,0.9986554635726097,0.0,0.0,0.0,0.0,0.0,0.0,,0.0,0,0,0.0,0.0,0.0,0.0,0.0,0.0,259.42,0.0,0.0,0.0,0.0,,,,,-0.8522574304678078,0.5231226168045211,-0.8522574304678078,0.5231226168045211,-26.52562753037463,16.410450905119305,31.0,72.0,,,0.0,6,0.0,0.0,0.6266666666666666,0.0,-0.0,205.35000000000002,-8.729166666666666,341,12,2020,249
2020-12-07,1.8199999999999998,9.0,5,0.77,1.5,7.8,4.229166666666667,33.5,25.724999999999998,-22.08843976458884,13.042901084966987,91.16666666666667,249.29166666666666,600.0,91.625,,,,,,,,299.794006204841,0.9967297354821659,2.68,17.380000000000003,18.2,99.4,-16.037627270791422,6.6737934384073965,292.6000511956982,0.0,0,5,1.8200000000000016,1.8199999999999998,1.8199999999999927,1.8199999999999963,1.8199999999999998,0.0,261.24,0.0,0.0,0.0,0.0,,,,,-0.8678174377923644,0.4968831800971891,-0.9232098737318691,0.38429614757890335,-20.13729425205016,11.890778155794903,0.0,73.0,1.0,1.000000000000004,60.96999999999999,0,0.26070271500000003,1.8199999999999998,0.6434166666666666,31.631600000000002,0.0,0.0,-0.39583333333333304,342,12,2020,250
2020-12-08,0.0,0.0,0,0.0,0.6,9.6,4.566666666666666,15.3,12.054166666666667,-10.991204066944748,1.0926214830531136,81.29166666666667,290.3333333333333,600.0,62.958333333333336,,,,,,,,280.57137000653654,0.9009951865182866,0.0,0.0,0.0,0.0,0.0,0.0,,0.16666666666666666,0,0,1.8200000000000016,1.8199999999999998,1.8199999999999927,1.8199999999999963,1.8199999999999998,0.0,261.24,0.0,0.0,0.0,0.0,,,,,-0.9830271446505168,0.1834601670124935,-0.9830271446505168,0.1834601670124935,-8.934932972753835,0.8882102139319269,1.0,74.0,0.0,1.000000000000004,0.0,1,0.0,0.9099999999999999,0.6778611111111111,0.0,-0.0,12.054166666666667,0.33749999999999947,343,12,2020,251
2020-12-09,0.0,0.0,0,0.0,3.3,17.0,10.666666666666666,12.3,6.770833333333333,-5.462898064136689,1.965996933586123,68.75,362.5833333333333,600.0,25.791666666666668,,,,,,,,299.7932137741637,0.7810079418928584,0.0,0.0,0.0,0.0,0.0,0.0,,0.5416666666666666,0,0,0.0,1.8199999999999998,1.8199999999999927,1.8199999999999963,1.8199999999999998,0.0,261.24,0.0,0.0,0.0,0.0,,,,,-0.8678243098643178,0.4968711776794067,-0.8678243098643178,0.4968711776794067,-3.7557424190939734,1.3516228918404596,2.0,75.0,0.0,1.000000000000004,0.0,2,0.0,0.6066666666666666,0.8042222222222222,0.0,-0.0,13.541666666666666,6.1,344,12,2020,252
2020-12-10,0.0,0.1,0,0.0,3.0,14.3,8.875,13.0,9.325000000000001,3.110822110941197,-3.3389823641131127,84.75,282.5416666666667,600.0,51.416666666666664,,,,,,,,143.83145856161923,0.46586886887887263,0.0,0.0,0.0,0.0,0.0,0.0,,0.375,0,0,0.0,0.0,1.8199999999999927,1.8199999999999963,1.8199999999999998,0.0,261.24,0.0,0.0,0.0,0.0,,,,,0.5901625126395599,-0.8072844657708714,0.5901625126395599,-0.8072844657708714,2.6364217390226643,-2.829787553585863,3.0,76.0,,0.0,0.0,3,0.0,0.0,0.7886388888888889,0.0,-0.0,27.975,-1.791666666666666,345,12,2020,253
2020-12-11,0.0,0.0,0,0.0,3.5,15.5,8.854166666666666,14.8,10.320833333333333,9.663963149559118,0.4200033094954705,70.75,390.5416666666667,600.0,40.583333333333336,,,,,,,,85.78409165393231,0.9383830129331823,0.0,0.0,0.0,0.0,0.0,0.0,,0.4583333333333333,0,0,0.0,0.0,1.8199999999999927,1.8199999999999963,1.8199999999999998,0.0,261.24,0.0,0.0,0.0,0.0,,,,,0.9972941039762122,0.0735151016749896,0.9972941039762122,0.0735151016749896,6.837253928313076,0.29715234146804537,4.0,77.0,,0.0,0.0,4,0.0,0.0,0.8295277777777779,0.0,-0.0,41.28333333333333,-0.020833333333333925,346,12,2020,254
2020-12-12,0.0,0.0,0,0.0,3.8,15.8,9.845833333333333,13.7,10.716666666666667,8.526111538952728,5.568950761160013,62.875,390.9166666666667,600.0,0.625,,,,,,,,55.16810524383984,0.9494875891041514,0.0,0.0,0.0,0.0,0.0,0.0,,1.0,0,0,0.0,0.0,1.8199999999999927,1.8199999999999963,1.8199999999999998,0.0,261.24,0.0,0.0,0.0,0.0,,,,,0.8208313836504723,0.5711705871405244,0.8208313836504723,0.5711705871405244,5.360792630116528,3.5014777910793584,5.0,78.0,,0.0,0.0,5,0.0,0.0,0.8035277777777777,0.0,-0.0,53.583333333333336,0.9916666666666671,347,12,2020,255
2020-12-13,0.0,0.0,0,0.0,5.9,20.5,13.229166666666666,12.9,6.770833333333333,0.676269999952361,6.441547299315907,66.70833333333333,362.1666666666667,600.0,94.66666666666667,,,,,,,,0.006392079154770128,0.9464973868488592,0.0,0.0,0.0,0.0,0.0,0.0,,0.041666666666666664,0,0,0.0,0.0,1.8199999999999927,1.8199999999999963,1.8199999999999998,0.0,261.24,0.0,0.0,0.0,0.0,,,,,0.00011156282706741153,0.9999999937768678,0.00011156282706741153,0.9999999937768678,0.4511284458015541,4.297048844251986,6.0,79.0,,0.0,0.0,6,0.0,0.0,0.797138888888889,0.0,-0.0,40.625,3.383333333333333,348,12,2020,256
2020-12-14,0.0,0.0,0,0.0,9.1,23.0,16.3125,8.7,4.366666666666666,0.17645610921582663,2.1899279569826855,58.666666666666664,382.7916666666667,600.0,30.958333333333332,,,,,,,,12.319993417770672,0.48715024249062805,0.0,0.0,0.0,0.0,0.0,0.0,,0.5833333333333334,0,0,0.0,0.0,0.0,1.8199999999999963,1.8199999999999998,0.0,261.24,0.0,0.0,0.0,0.0,,,,,0.21337131429783088,0.976971177791247,0.21337131429783088,0.976971177791247,0.10352091740661828,1.2847577347631756,7.0,80.0,,,0.0,6,0.0,0.0,0.7840833333333332,0.0,-0.0,26.199999999999996,3.083333333333334,349,12,2020,257
2020-12-15,0.0,4.0,0,0.0,12.2,21.7,15.674999999999999,12.0,5.804166666666667,2.791575271132644,0.5981409348791478,74.20833333333333,167.20833333333334,600.0,56.083333333333336,,,,,,,,68.44049703719276,0.336498940067745,0.0,0.0,0.0,0.0,0.0,0.0,,0.375,0,0,0.0,0.0,0.0,1.8199999999999963,1.8199999999999998,0.0,261.24,0.0,0.0,0.0,0.0,,,,,0.9300364464965925,0.3674672885958571,0.9300364464965925,0.3674672885958571,2.071581482453016,0.4438704187582342,8.0,81.0,,,0.0,6,0.0,0.0,0.6921666666666667,0.0,-0.0,34.825,-0.6375000000000011,350,12,2020,258
2020-12-16,0.0,15.6,0,0.0,12.3,18.1,14.791666666666666,11.4,8.108333333333333,7.2529320152572785,0.031213913412165933,87.0,144.83333333333334,562.0,74.16666666666667,,,,,,,,87.80124083794233,0.9003370657962391,0.0,0.0,0.0,0.0,0.0,0.0,,0.041666666666666664,0,0,0.0,0.0,0.0,1.8199999999999963,1.8199999999999998,0.0,261.24,0.0,0.0,0.0,0.0,,,,,0.9992637475298435,0.03836616833374583,0.9992637475298435,0.03836616833374583,6.310050853273832,0.027156104668584362,9.0,82.0,,,0.0,6,0.0,0.0,0.7198888888888889,0.0,-0.0,48.64999999999999,-0.8833333333333329,351,12,2020,259
2020-12-17,0.0,4.7,0,0.0,12.7,19.8,15.775,19.1,12.9125,-9.659889226151712,7.089785141455967,88.66666666666667,283.9583333333333,600.0,70.5,,,,,,,,313.2605101961635,0.8941517220718399,0.0,0.0,0.0,0.0,0.0,0.0,,0.0,0,0,0.0,0.0,0.0,1.8199999999999963,1.8199999999999998,0.0,261.24,0.0,0.0,0.0,0.0,,,,,-0.7282452693544784,0.6853165893678799,-0.7282452693544784,0.6853165893678799,-8.565101780521184,6.286276158757625,10.0,83.0,,,0.0,6,0.0,0.0,0.8181944444444444,0.0,-0.0,77.475,0.9833333333333343,352,12,2020,260
2020-12-18,0.0,0.4,0,0.0,6.5,16.7,13.154166666666667,22.1,16.354166666666668,-11.527642954068591,6.1906088353189,69.70833333333333,358.75,600.0,46.375,,,,,,,,294.0608123576267,0.5870104870642856,0.0,0.0,0.0,0.0,0.0,0.0,,0.4166666666666667,0,0,0.0,0.0,0.0,1.8199999999999963,1.8199999999999998,0.0,261.24,0.0,0.0,0.0,0.0,,,,,-0.9131132427036919,0.4077060288972298,-0.9131132427036919,0.4077060288972298,-8.035727775898646,4.315370242286884,11.0,84.0,,,0.0,6,0.0,0.0,0.8048611111111111,0.0,-0.0,98.125,-2.6208333333333336,353,12,2020,261
2020-12-19,0.0,1.5,0,0.0,6.0,17.1,11.083333333333334,13.7,7.020833333333333,-0.45716546816471776,2.422371255795196,69.70833333333333,380.1666666666667,600.0,47.875,,,,,,,,18.727831285657214,0.3086082547527233,0.0,0.0,0.0,0.0,0.0,0.0,,0.3333333333333333,0,0,0.0,0.0,0.0,1.8199999999999963,1.8199999999999998,0.0,261.24,0.0,0.0,0.0,0.0,,,,,0.32107305783364043,0.9470544290236733,0.32107305783364043,0.9470544290236733,-0.3186824284331553,1.688594629560568,12.0,85.0,,,0.0,6,0.0,0.0,0.819138888888889,0.0,-0.0,42.125,-2.070833333333333,354,12,2020,262
2020-12-20,0.0,0.2,0,0.0,6.9,16.0,10.870833333333332,15.8,7.108333333333333,-3.260497023347831,1.4019471458039583,69.0,368.3333333333333,600.0,43.25,,,,,,,,324.72889463121123,0.2648401296483882,0.0,0.0,0.0,0.0,0.0,0.0,,0.375,0,0,0.0,0.0,0.0,1.8199999999999963,1.8199999999999998,0.0,261.24,0.0,0.0,0.0,0.0,,,,,-0.5774459674677276,0.8164289036133275,-0.5774459674677276,0.8164289036133275,-2.2497429461100036,0.9673435306047312,13.0,86.0,,,0.0,6,0.0,0.0,0.8088888888888889,0.0,-0.0,42.65,-0.21250000000000213,355,12,2020,263
2020-12-21,0.0,3.4000000000000004,0,0.0,7.4,16.1,11.716666666666667,12.9,7.7625,-3.66531285673401,4.866892956940965,67.25,245.25,600.0,70.33333333333333,,,,,,,,333.871941292547,0.7845964332374145,0.0,0.0,0.0,0.0,0.0,0.0,,0.16666666666666666,0,0,0.0,0.0,0.0,0.0,1.8199999999999998,0.0,261.24,0.0,0.0,0.0,0.0,,,,,-0.44037889630134097,0.8978120224704127,-0.44037889630134097,0.8978120224704127,-2.464922896153622,3.2729855135427988,14.0,87.0,,,0.0,6,0.0,0.0,0.721,0.0,-0.0,46.575,0.845833333333335,356,12,2020,264
2020-12-22,0.0,4.6,0,0.0,5.3,12.2,8.1,24.4,15.629166666666668,-13.470161479008278,6.375423682584653,89.95833333333333,293.3333333333333,600.0,83.33333333333333,,,,,,,,298.8006533408845,0.8999836083991585,0.0,0.0,0.0,0.0,0.0,0.0,,0.0,0,0,0.0,0.0,0.0,0.0,1.8199999999999998,0.0,261.24,0.0,0.0,0.0,0.0,,,,,-0.87630118657404,0.48176366655127645,-0.87630118657404,0.48176366655127645,-12.11753276382453,5.735224887791777,15.0,88.0,,,0.0,6,0.0,0.0,0.7665277777777777,0.0,-0.0,93.775,-3.616666666666667,357,12,2020,265
2020-12-23,0.0,1.0,0,0.0,6.1,16.0,10.225,12.5,8.416666666666666,-6.833744398888398,-1.2958386409642675,82.375,229.66666666666666,600.0,71.95833333333333,,,,,,,,265.44028503938245,0.760131246242269,0.0,0.0,0.0,0.0,0.0,0.0,,0.20833333333333334,0,0,0.0,0.0,0.0,0.0,1.8199999999999998,0.0,261.24,0.0,0.0,0.0,0.0,,,,,-0.9968350204595027,-0.07949806277830195,-0.9968350204595027,-0.07949806277830195,-5.629296948584319,-1.0674470804943155,16.0,89.0,,,0.0,6,0.0,0.0,0.7610277777777777,0.0,-0.0,50.5,2.125,358,12,2020,266
2020-12-24,0.0,0.0,0,0.0,5.8,17.4,11.504166666666668,18.2,10.133333333333333,-5.6891544384745245,3.337358606765898,71.20833333333333,334.9583333333333,600.0,42.708333333333336,,,,,,,,301.0176807354791,0.48027048327073396,0.0,0.0,0.0,0.0,0.0,0.0,,0.4583333333333333,0,0,0.0,0.0,0.0,0.0,1.8199999999999998,0.0,261.24,0.0,0.0,0.0,0.0,,,,,-0.8570083258130524,0.5153025611105665,-0.8570083258130524,0.5153025611105665,-4.0511520563970675,2.3764774412345497,17.0,90.0,,,0.0,6,0.0,0.0,0.7939999999999999,0.0,-0.0,60.8,1.2791666666666686,359,12,2020,267
2020-12-25,0.0,0.0,0,0.0,5.2,17.1,10.070833333333333,11.6,6.675,4.642309712510332,0.391018820934266,80.625,274.3333333333333,600.0,92.625,,,,,,,,100.95330284702513,0.5596903996435617,0.0,0.0,0.0,0.0,0.0,0.0,,0.0,0,0,0.0,0.0,0.0,0.0,1.8199999999999998,0.0,261.24,0.0,0.0,0.0,0.0,,,,,0.9817823703746467,-0.19000888721725653,0.9817823703746467,-0.19000888721725653,3.7428622057114547,0.315258924378252,18.0,91.0,,,0.0,6,0.0,0.0,0.7849722222222222,0.0,-0.0,40.05,-1.4333333333333353,360,12,2020,268
2020-12-26,0.0,0.7000000000000001,0,0.0,6.8,15.9,11.716666666666667,18.7,11.508333333333333,-5.046800345565614,7.1709596985508135,72.66666666666667,328.1666666666667,600.0,33.791666666666664,,,,,,,,339.1526720982283,0.6866751566220305,0.0,0.0,0.0,0.0,0.0,0.0,,0.3333333333333333,0,0,0.0,0.0,0.0,0.0,1.8199999999999998,0.0,261.24,0.0,0.0,0.0,0.0,,,,,-0.3558790330881621,0.934532029311053,-0.3558790330881621,0.934532029311053,-3.667341584444346,5.210897380946925,19.0,92.0,,,0.0,6,0.0,0.0,0.7943333333333333,0.0,-0.0,69.05,1.645833333333334,361,12,2020,269
2020-12-27,0.0,0.1,0,0.0,10.5,20.7,16.170833333333334,22.3,13.508333333333333,-9.833293148215548,8.784013881752488,48.916666666666664,368.625,600.0,38.166666666666664,,,,,,,,312.7975680361318,0.957545600456221,0.0,0.0,0.0,0.0,0.0,0.0,,0.4583333333333333,0,0,0.0,0.0,0.0,0.0,1.8199999999999998,0.0,261.24,0.0,0.0,0.0,0.0,,,,,-0.7337587032558502,0.6794101599154175,-0.7337587032558502,0.6794101599154175,-4.8101192316687715,4.296846790490592,20.0,93.0,,,0.0,6,0.0,0.0,0.7421388888888889,0.0,-0.0,81.05,4.4541666666666675,362,12,2020,270
2020-12-28,0.0,7.8,0,0.0,6.3,17.4,12.020833333333334,14.2,8.4625,0.971273052111087,1.2698720954471372,85.75,247.33333333333334,600.0,83.125,,,,,,,,326.216020642756,0.18181020620395308,0.0,0.0,0.0,0.0,0.0,0.0,,0.0,0,0,0.0,0.0,0.0,0.0,1.8199999999999998,0.0,261.24,0.0,0.0,0.0,0.0,,,,,-0.5560632397259828,0.8311399842538224,-0.5560632397259828,0.8311399842538224,0.8328666421852572,1.08891532184592,21.0,94.0,,,0.0,6,0.0,0.0,0.7840555555555556,0.0,-0.0,50.775000000000006,-4.15,363,12,2020,271
2020-12-29,0.0,0.4,0,0.0,6.4,14.5,10.154166666666667,12.9,8.066666666666666,7.405512035771785,0.12695969727637488,87.95833333333333,225.83333333333334,600.0,84.04166666666667,,,,,,,,85.58734477012295,0.9099261764548686,0.0,0.0,0.0,0.0,0.0,0.0,,0.0,0,0,0.0,0.0,0.0,0.0,1.8199999999999998,0.0,261.24,0.0,0.0,0.0,0.0,,,,,0.9970357825577265,0.07693925070795754,0.9970357825577265,0.07693925070795754,6.513764961464266,0.11167163372934473,22.0,95.0,,,0.0,6,0.0,0.0,0.7659722222222222,0.0,-0.0,48.4,-1.8666666666666671,364,12,2020,272
2020-12-30,0.0,1.1,0,0.0,8.3,19.8,13.683333333333332,10.6,6.6499999999999995,2.137465509311919,0.36305958588204534,75.33333333333333,307.875,600.0,64.29166666666667,,,,,,,,39.742509282332584,0.14056369753334302,0.0,0.0,0.0,0.0,0.0,0.0,,0.2916666666666667,0,0,0.0,0.0,0.0,0.0,1.8199999999999998,0.0,261.24,0.0,0.0,0.0,0.0,,,,,0.6393384799136033,0.7689254242784297,0.6393384799136033,0.7689254242784297,1.610224017014979,0.2735048880311408,23.0,96.0,,,0.0,6,0.0,0.0,0.7896944444444444,0.0,-0.0,39.9,3.529166666666665,365,12,2020,273
2020-12-31,0.0,22.3,0,0.0,10.5,17.7,13.320833333333333,11.4,6.216666666666666,3.6150828568070392,1.3524952351609876,89.66666666666667,227.25,600.0,90.25,,,,,,,,64.26449716509917,0.43195248518468427,0.0,0.0,0.0,0.0,0.0,0.0,,0.0,0,0,0.0,0.0,0.0,0.0,1.8199999999999998,0.0,261.24,0.0,0.0,0.0,0.0,,,,,0.900808135246421,0.43421734589242944,0.900808135246421,0.43421734589242944,3.2415242949369785,1.2127373941943522,24.0,97.0,,,0.0,6,0.0,0.0,0.7837222222222223,0.0,-0.0,37.3,-0.36249999999999893,366,12,2020,274
2021-01-01,0.0,6.5,0,0.0,9.4,13.8,11.304166666666667,12.0,8.366666666666667,6.286490080533184,5.103066058338181,95.20833333333333,125.41666666666667,523.0,95.45833333333333,,,,,,,,50.42340203263016,0.9661967772319314,0.0,0.0,0.0,0.0,0.0,0.0,,0.0,0,0,0.0,0.0,0.0,0.0,1.8199999999999998,0.0,261.24,0.0,0.0,0.0,0.0,,,,,0.7707735295593566,0.6371092262168329,0.7707735295593566,0.6371092262168329,5.985262430840969,4.858544143042809,25.0,98.0,,,0.0,6,0.0,0.0,0.7076388888888889,0.0,-0.0,50.2,-2.0166666666666657,1,1,2020,275
2021-01-02,0.0,24.4,0,0.0,8.4,16.4,12.558333333333332,8.2,5.308333333333334,1.3591589177248355,1.8676747992399145,89.20833333333333,256.7916666666667,600.0,89.04166666666667,,,,,,,,22.90655920363204,0.3588937710838253,0.0,0.0,0.0,0.0,0.0,0.0,,0.0,0,0,0.0,0.0,0.0,0.0,1.8199999999999998,0.0,261.24,0.0,0.0,0.0,0.0,,,,,0.3892294046187102,0.9211408527365207,0.3892294046187102,0.9211408527365207,1.212483017853697,1.666121560488607,26.0,99.0,,,0.0,6,0.0,0.0,0.801888888888889,0.0,-0.0,31.85,1.2541666666666647,2,1,2020,276
2021-01-03,0.0,15.4,0,0.0,10.3,16.7,12.716666666666667,14.0,7.670833333333333,-2.425871736741443,5.317358077021314,92.29166666666667,176.875,600.0,90.66666666666667,,,,,,,,339.4725803773253,0.7785526276011053,0.0,0.0,0.0,0.0,0.0,0.0,,0.0,0,0,0.0,0.0,0.0,0.0,1.8199999999999998,0.0,261.24,0.0,0.0,0.0,0.0,,,,,-0.35065559750724185,0.9365044858071099,-0.35065559750724185,0.9365044858071099,-2.23887745703429,4.907478391917588,27.0,100.0,,,0.0,6,0.0,0.0,0.758888888888889,0.0,-0.0,46.025,0.158333333333335,3,1,2020,277
2021-01-04,0.0,7.7,0,0.0,10.6,16.4,13.154166666666667,12.0,8.404166666666667,-3.0578734939999666,3.227569890476584,87.58333333333333,143.5,469.0,98.75,,,,,,,,329.4548012809329,0.39016778106300903,0.0,0.0,0.0,0.0,0.0,0.0,,0.0,0,0,0.0,0.0,0.0,0.0,1.8199999999999998,0.0,261.24,0.0,0.0,0.0,0.0,,,,,-0.508217915317326,0.8612285123882693,-0.508217915317326,0.8612285123882693,-2.678187535161637,2.826813295742408,28.0,101.0,,,0.0,6,0.0,0.0,0.7209444444444445,0.0,-0.0,50.425,0.4375,4,1,2020,278
2021-01-05,0.0,17.6,0,0.0,9.4,16.3,11.737499999999999,14.0,7.966666666666666,-1.3166376239007374,-4.648994680283672,88.45833333333333,266.8333333333333,600.0,80.83333333333333,,,,,,,,193.2060970221615,0.4549402191725154,0.0,0.0,0.0,0.0,0.0,0.0,,0.0,0,0,0.0,0.0,0.0,0.0,1.8199999999999998,0.0,261.24,0.0,0.0,0.0,0.0,,,,,-0.22845447037770236,-0.9735545978343708,-0.22845447037770236,-0.9735545978343708,-1.164675698142194,-4.112423210934264,29.0,102.0,,,0.0,6,0.0,0.0,0.8060833333333332,0.0,-0.0,47.8,-1.4166666666666679,5,1,2020,279
2021-01-06,0.0,6.5,0,0.0,7.8,12.8,9.870833333333334,15.0,10.450000000000001,8.13104006819094,-6.046493071803788,95.58333333333333,170.33333333333334,554.0,96.16666666666667,,,,,,,,127.27097341960257,0.9732417966060835,0.0,0.0,0.0,0.0,0.0,0.0,,0.0,0,0,0.0,0.0,0.0,0.0,0.0,0.0,261.24,0.0,0.0,0.0,0.0,,,,,0.7957803781803804,-0.6055853281768729,0.7957803781803804,-0.6055853281768729,7.77191913184584,-5.77943962779912,30.0,103.0,,,0.0,6,0.0,0.0,0.7166111111111112,0.0,-0.0,62.7,-1.8666666666666654,6,1,2020,280
2021-01-07,0.0,2.3,0,0.0,5.3,12.9,8.658333333333333,14.8,11.5,10.021917656141033,-3.8206785984267246,89.5,207.08333333333334,600.0,78.95833333333333,,,,,,,,110.1853359166926,0.9362468995704598,0.0,0.0,0.0,0.0,0.0,0.0,,0.08333333333333333,0,0,0.0,0.0,0.0,0.0,0.0,0.0,261.24,0.0,0.0,0.0,0.0,,,,,0.938581366446064,-0.34505799303919793,0.938581366446064,-0.34505799303919793,8.969616302246225,-3.4195073455919185,31.0,104.0,,,0.0,6,0.0,0.0,0.7230555555555555,0.0,-0.0,69.0,-1.2125000000000004,7,1,2020,281
2021-01-08,0.0,0.0,0,0.0,5.0,17.3,11.462499999999999,12.8,8.933333333333334,8.318669837603,-0.8495461018321674,68.41666666666667,386.5,600.0,18.25,,,,,,,,89.55779971042729,0.9012931671760961,0.0,0.0,0.0,0.0,0.0,0.0,,0.75,0,0,0.0,0.0,0.0,0.0,0.0,0.0,261.24,0.0,0.0,0.0,0.0,,,,,0.9999702175357559,0.007717774387290111,0.9999702175357559,0.007717774387290111,5.691356613893387,-0.5812311246701746,32.0,105.0,,,0.0,6,0.0,0.0,0.8190555555555555,0.0,-0.0,53.6,2.8041666666666654,8,1,2020,282
2021-01-09,0.0,0.0,0,0.0,7.7,21.3,15.733333333333334,12.2,6.583333333333333,4.300322283033553,-2.7897819650141584,57.75,360.8333333333333,600.0,19.083333333333332,,,,,,,,119.69844491334833,0.5860717834984828,0.0,0.0,0.0,0.0,0.0,0.0,,0.6666666666666666,0,0,0.0,0.0,0.0,0.0,0.0,0.0,261.24,0.0,0.0,0.0,0.0,,,,,0.8686449615513459,-0.4954350923899729,0.8686449615513459,-0.4954350923899729,2.4834361184518765,-1.6110990847956765,33.0,106.0,,,0.0,6,0.0,0.0,0.7663888888888889,0.0,-0.0,39.5,4.270833333333336,9,1,2020,283
2021-01-10,0.0,1.1,0,0.0,11.2,21.0,16.266666666666666,10.5,5.995833333333334,-1.9199587748733655,0.02942407331803017,67.5,321.7916666666667,600.0,42.708333333333336,,,,,,,,292.39603054644743,0.19661448901581297,0.0,0.0,0.0,0.0,0.0,0.0,,0.2916666666666667,0,0,0.0,0.0,0.0,0.0,0.0,0.0,261.24,0.0,0.0,0.0,0.0,,,,,-0.9245724319621385,0.3810063228551685,-0.9245724319621385,0.3810063228551685,-1.2959721730395217,0.019861249489670364,34.0,107.0,,,0.0,6,0.0,0.0,0.7728611111111112,0.0,-0.0,35.975,0.5333333333333314,10,1,2020,284
2021-01-11,0.0,0.9,0,0.0,13.9,21.6,17.904166666666665,13.0,9.6625,-6.833490395000278,6.543333357417922,56.666666666666664,313.9583333333333,600.0,69.58333333333333,,,,,,,,314.6310977525037,0.9772328037093965,0.0,0.0,0.0,0.0,0.0,0.0,,0.125,0,0,0.0,0.0,0.0,0.0,0.0,0.0,261.24,0.0,0.0,0.0,0.0,,,,,-0.7116448418261857,0.7025394075083498,-0.7116448418261857,0.7025394075083498,-3.8723112238334907,3.7078889025368227,35.0,108.0,,,0.0,6,0.0,0.0,0.7315277777777777,0.0,-0.0,57.974999999999994,1.6374999999999993,11,1,2020,285
2021-01-12,0.0,3.0,0,0.0,14.5,23.0,18.004166666666666,18.1,13.920833333333334,-7.304380239773484,8.94157713690389,58.708333333333336,291.5416666666667,600.0,55.708333333333336,,,,,,,,326.3841356636021,0.7680489469888461,0.0,0.0,0.0,0.0,0.0,0.0,,0.20833333333333334,0,0,0.0,0.0,0.0,0.0,0.0,0.0,261.24,0.0,0.0,0.0,0.0,,,,,-0.5536221513450438,0.8327679830181306,-0.5536221513450438,0.8327679830181306,-4.288279899100349,5.249450910790658,36.0,109.0,,,0.0,6,0.0,0.0,0.723388888888889,0.0,-0.0,83.525,0.10000000000000142,12,1,2020,286
2021-01-13,0.0,0.8,0,0.0,15.1,23.6,19.179166666666667,22.7,16.791666666666668,-12.365539527972558,10.404706511744937,49.666666666666664,354.5,600.0,42.791666666666664,,,,,,,,311.4177534402668,0.9556733177233154,0.0,0.0,0.0,0.0,0.0,0.0,,0.5,0,0,0.0,0.0,0.0,0.0,0.0,0.0,261.24,0.0,0.0,0.0,0.0,,,,,-0.7499061221841591,0.6615442599786632,-0.7499061221841591,0.6615442599786632,-6.141551298893037,5.167670900833318,37.0,110.0,,,0.0,6,0.0,0.0,0.7352222222222222,0.0,-0.0,100.75,1.1750000000000007,13,1,2020,287
2021-01-14,0.0,0.7,0,0.0,10.9,20.8,16.116666666666667,23.5,14.416666666666666,-10.919706391303658,8.828441434209337,53.833333333333336,387.2916666666667,600.0,3.25,,,,,,,,319.41737876239864,0.8842543260000028,0.0,0.0,0.0,0.0,0.0,0.0,,0.9166666666666666,0,0,0.0,0.0,0.0,0.0,0.0,0.0,261.24,0.0,0.0,0.0,0.0,,,,,-0.6505438877239792,0.7594686630434272,-0.6505438877239792,0.7594686630434272,-5.878441940651802,4.752644305416026,38.0,111.0,,,0.0,6,0.0,0.0,0.7709722222222223,0.0,-0.0,86.5,-3.0625,14,1,2020,288
2021-01-15,0.0,0.1,0,0.0,3.5,15.8,10.6,31.5,18.004166666666666,-15.228047305175364,8.339351825042932,59.208333333333336,376.3333333333333,600.0,9.708333333333334,,,,,,,,307.7565066792326,0.8882201196837706,0.0,0.0,0.0,0.0,0.0,0.0,,0.75,0,0,0.0,0.0,0.0,0.0,0.0,0.0,261.24,0.0,0.0,0.0,0.0,,,,,-0.7906200434291422,0.6123070691475817,-0.7906200434291422,0.6123070691475817,-9.016273008605914,4.937591226410836,39.0,112.0,,,0.0,6,0.0,0.0,0.7815833333333333,0.0,-0.0,108.025,-5.5166666666666675,15,1,2020,289
2021-01-16,0.07,0.6000000000000001,1,0.07,0.8,10.4,5.6625000000000005,22.0,19.191666666666666,-18.55153527272122,1.682815875893813,78.875,264.625,600.0,65.58333333333333,,,,,,,,275.8044959522383,0.9715824933813778,1.7,19.4,19.4,99.0,-18.738961030007925,5.0210894749888935,285.0,0.08333333333333333,0,1,0.07000000000000178,0.07,0.0699999999999929,0.06999999999999645,0.07,0.0,261.31,0.0,0.0,0.0,0.0,,,,,-0.994872775962132,0.10113436433478741,-0.9659258262890684,0.2588190451025203,-14.632523446358864,1.327321022111245,0.0,113.0,1.0,1.0000000000001015,1.54,0,0.011002687500000004,0.07,0.6704444444444445,1.358,0.0,0.0,-4.937499999999999,16,1,2020,290
2021-01-17,0.0,0.0,0,0.0,3.5,17.3,10.174999999999999,19.0,10.283333333333333,-8.850632916631154,1.8279297391748497,71.54166666666667,359.5833333333333,600.0,28.666666666666668,,,,,,,,276.72944194303824,0.785340147409613,0.0,0.0,0.0,0.0,0.0,0.0,,0.4166666666666667,0,0,0.07000000000000178,0.07,0.0699999999999929,0.06999999999999645,0.07,0.0,261.31,0.0,0.0,0.0,0.0,,,,,-0.9931105661272016,0.11718107119543313,-0.9931105661272016,0.11718107119543313,-6.331890299106538,1.3077314009013403,1.0,114.0,0.0,1.0000000000001015,0.0,1,0.0,0.035,0.8115277777777777,0.0,-0.0,10.283333333333333,4.512499999999998,17,1,2020,291
2021-01-18,0.0,0.0,0,0.0,8.6,19.5,13.745833333333332,18.6,10.320833333333335,-8.399457572574136,2.0294251842662256,61.875,376.375,600.0,10.708333333333334,,,,,,,,283.58909905337293,0.6687911636676919,0.0,0.0,0.0,0.0,0.0,0.0,,0.8333333333333334,0,0,0.0,0.07,0.0699999999999929,0.06999999999999645,0.07,0.0,261.31,0.0,0.0,0.0,0.0,,,,,-0.9720057205162855,0.23495718606507143,-0.9720057205162855,0.23495718606507143,-5.197164373030247,1.2557068327647272,2.0,115.0,0.0,1.0000000000001015,0.0,2,0.0,0.023333333333333334,0.7905000000000001,0.0,-0.0,20.64166666666667,3.570833333333333,18,1,2020,292
2021-01-19,0.0,0.0,0,0.0,4.0,17.8,10.329166666666667,11.2,6.608333333333333,3.184550807753167,-3.7689430299045754,70.66666666666667,372.2916666666667,600.0,27.333333333333332,,,,,,,,138.20973377541827,0.7048235384014856,0.0,0.0,0.0,0.0,0.0,0.0,,0.5833333333333334,0,0,0.0,0.0,0.0699999999999929,0.06999999999999645,0.07,0.0,261.31,0.0,0.0,0.0,0.0,,,,,0.6664058143755198,-0.7455892237462263,0.6664058143755198,-0.7455892237462263,2.250415904145571,-2.6633864077992335,3.0,116.0,,0.0,0.0,3,0.0,0.0,0.8170833333333333,0.0,-0.0,19.825,-3.4166666666666643,19,1,2020,293
2021-01-20,0.0,0.0,0,0.0,3.7,19.7,12.158333333333333,10.7,6.2875000000000005,3.540356614775068,-1.6814036409956612,62.583333333333336,379.5833333333333,600.0,3.0416666666666665,,,,,,,,117.51095456159489,0.533111928173454,0.0,0.0,0.0,0.0,0.0,0.0,,1.0,0,0,0.0,0.0,0.0699999999999929,0.06999999999999645,0.07,0.0,261.31,0.0,0.0,0.0,0.0,,,,,0.8869225337863378,-0.46191819520562566,0.8869225337863378,-0.46191819520562566,2.2156731814133965,-1.052278445323118,4.0,117.0,,0.0,0.0,4,0.0,0.0,0.795,0.0,-0.0,25.150000000000002,1.8291666666666657,20,1,2020,294
2021-01-21,0.0,0.4,0,0.0,9.7,20.4,15.3125,13.8,9.970833333333333,-8.246138678906163,4.870301890305371,53.875,354.7916666666667,600.0,36.708333333333336,,,,,,,,305.042764034711,0.9530239689415655,0.0,0.0,0.0,0.0,0.0,0.0,,0.625,0,0,0.0,0.0,0.0699999999999929,0.06999999999999645,0.07,0.0,261.31,0.0,0.0,0.0,0.0,,,,,-0.818723714080679,0.5741876696707606,-0.818723714080679,0.5741876696707606,-4.442607213260695,2.6238751434020187,5.0,118.0,,0.0,0.0,5,0.0,0.0,0.7494444444444444,0.0,-0.0,49.854166666666664,3.154166666666667,21,1,2020,295
2021-01-22,0.0,0.0,0,0.0,13.0,22.4,17.341666666666665,21.4,13.483333333333334,-9.60594034129347,6.124132334328483,53.75,325.0416666666667,600.0,39.458333333333336,,,,,,,,311.6495951520772,0.6420947101352935,0.0,0.0,0.0,0.0,0.0,0.0,,0.4583333333333333,0,0,0.0,0.0,0.0699999999999929,0.06999999999999645,0.07,0.0,261.31,0.0,0.0,0.0,0.0,,,,,-0.7472231167578774,0.664573256896968,-0.7472231167578774,0.664573256896968,-5.16319293344524,3.291721129701559,6.0,119.0,,0.0,0.0,6,0.0,0.0,0.7291944444444445,0.0,-0.0,80.9,2.029166666666665,22,1,2020,296
2021-01-23,0.0,0.0,0,0.0,12.2,25.2,19.0625,20.4,11.466666666666667,-9.022691190110628,5.982116252131935,38.666666666666664,372.9583333333333,600.0,26.125,,,,,,,,310.5366358391777,0.8948139070294502,0.0,0.0,0.0,0.0,0.0,0.0,,0.5416666666666666,0,0,0.0,0.0,0.0,0.06999999999999645,0.07,0.0,261.31,0.0,0.0,0.0,0.0,,,,,-0.7599905426963786,0.6499341312872128,-0.7599905426963786,0.6499341312872128,-3.488773926842776,2.3130849508243485,7.0,120.0,,,0.0,6,0.0,0.0,0.710861111111111,0.0,-0.0,68.8,1.720833333333335,23,1,2020,297
2021-01-24,0.0,0.0,0,0.0,15.8,26.4,20.504166666666666,18.7,10.208333333333334,-6.885597368489843,5.073181599460205,41.541666666666664,348.0416666666667,600.0,42.666666666666664,,,,,,,,315.8934620262467,0.7374509972962087,0.0,0.0,0.0,0.0,0.0,0.0,,0.5,0,0,0.0,0.0,0.0,0.06999999999999645,0.07,0.0,261.31,0.0,0.0,0.0,0.0,,,,,-0.6959947368560773,0.718046883057534,-0.6959947368560773,0.718046883057534,-2.860391906826822,2.1074841894424265,8.0,121.0,,,0.0,6,0.0,0.0,0.7038333333333333,0.0,-0.0,61.25,1.4416666666666664,24,1,2020,298
2021-01-25,0.0,0.1,0,0.0,17.3,24.8,21.541666666666668,22.0,16.191666666666666,-11.523674899758603,10.947539542875623,42.875,312.3333333333333,600.0,29.25,,,,,,,,316.883853812457,0.9715971093394986,0.0,0.0,0.0,0.0,0.0,0.0,,0.4166666666666667,0,0,0.0,0.0,0.0,0.06999999999999645,0.07,0.0,261.31,0.0,0.0,0.0,0.0,,,,,-0.6834795092957109,0.7299696982566428,-0.6834795092957109,0.7299696982566428,-4.9407756132715015,4.693757579007923,9.0,122.0,,,0.0,6,0.0,0.0,0.6844722222222223,0.0,-0.0,97.15,1.0375000000000014,25,1,2020,299
2021-01-26,0.0,11.2,0,0.0,12.6,20.3,16.666666666666668,24.8,14.020833333333334,-8.400810310028431,7.572525801755103,73.875,141.79166666666666,503.0,97.29166666666667,,,,,,,,318.7979458224136,0.4598411134483151,0.0,0.0,0.0,0.0,0.0,0.0,,0.0,0,0,0.0,0.0,0.0,0.06999999999999645,0.07,0.0,261.31,0.0,0.0,0.0,0.0,,,,,-0.6587164353967753,0.7523912929707295,-0.6587164353967753,0.7523912929707295,-6.206098616533503,5.594203436046582,10.0,123.0,,,0.0,6,0.0,0.0,0.674111111111111,0.0,-0.0,84.125,-4.875,26,1,2020,300
2021-01-27,0.0,3.1,0,0.0,9.5,15.6,12.1,17.6,10.533333333333333,10.2248880813729,0.04394188631817131,93.20833333333333,153.75,598.0,99.91666666666667,,,,,,,,93.26861830087408,0.9710774085467748,0.0,0.0,0.0,0.0,0.0,0.0,,0.0,0,0,0.0,0.0,0.0,0.06999999999999645,0.07,0.0,261.31,0.0,0.0,0.0,0.0,,,,,0.9983731954878774,-0.05701721258816887,0.9983731954878774,-0.05701721258816887,9.530447765846322,0.040957499872395504,11.0,124.0,,,0.0,6,0.0,0.0,0.7465277777777778,0.0,-0.0,63.2,-4.566666666666668,27,1,2020,301
2021-01-28,0.0,3.1,0,0.0,8.4,11.7,9.945833333333333,19.9,16.1875,14.323230428602814,7.195313319494791,95.5,102.33333333333333,461.0,99.79166666666667,,,,,,,,62.767446724809524,0.9898473997729749,0.0,0.0,0.0,0.0,0.0,0.0,,0.0,0,0,0.0,0.0,0.0,0.06999999999999645,0.07,0.0,261.31,0.0,0.0,0.0,0.0,,,,,0.8891565241532416,0.4576031856922827,0.8891565241532416,0.4576031856922827,13.678685059315688,6.871524220117526,12.0,125.0,,,0.0,6,0.0,0.0,0.6465555555555556,0.0,-0.0,97.125,-2.154166666666667,28,1,2020,302
2021-01-29,0.0,11.7,0,0.0,8.2,14.6,11.345833333333333,18.2,14.512500000000001,5.170060535517943,12.2280160677121,97.25,107.5,311.0,99.70833333333333,,,,,,,,18.032065398880178,0.89635950721127,0.0,0.0,0.0,0.0,0.0,0.0,,0.0,0,0,0.0,0.0,0.0,0.06999999999999645,0.07,0.0,261.31,0.0,0.0,0.0,0.0,,,,,0.30954920167745653,0.9508834269987302,0.30954920167745653,0.9508834269987302,5.027883870791199,11.891745625850017,13.0,126.0,,,0.0,6,0.0,0.0,0.7202777777777777,0.0,-0.0,87.075,1.4000000000000004,29,1,2020,303
2021-01-30,0.0,8.0,0,0.0,11.9,17.8,14.5625,19.3,12.799999999999999,-9.47239241369299,5.676391787312547,91.66666666666667,264.625,600.0,76.54166666666667,,,,,,,,297.4362321017623,0.5898717033010041,0.0,0.0,0.0,0.0,0.0,0.0,,0.0,0,0,0.0,0.0,0.0,0.0,0.07,0.0,261.31,0.0,0.0,0.0,0.0,,,,,-0.8875241913467404,0.46076112007667763,-0.8875241913467404,0.46076112007667763,-8.683026379218575,5.203359138369835,14.0,127.0,,,0.0,6,0.0,0.0,0.8153055555555556,0.0,-0.0,76.8,3.216666666666667,30,1,2020,304
2021-01-31,0.0,2.3,0,0.0,11.9,21.3,15.4,11.9,5.941666666666666,3.055756016976167,1.5796365537096744,81.33333333333333,293.875,600.0,75.5,,,,,,,,50.62944347509352,0.4471036417821313,0.0,0.0,0.0,0.0,0.0,0.0,,0.125,0,0,0.0,0.0,0.0,0.0,0.07,0.0,261.31,0.0,0.0,0.0,0.0,,,,,0.7730596503120895,0.6343333327670476,0.7730596503120895,0.6343333327670476,2.4853482271406158,1.2847710636838685,15.0,128.0,,,0.0,6,0.0,0.0,0.8003611111111111,0.0,-0.0,35.65,0.8375000000000004,31,1,2020,305
2021-02-01,0.0,18.9,0,0.0,9.6,19.3,14.25,18.6,10.104166666666666,-5.523634118442184,5.676852050504006,87.875,206.5,600.0,77.20833333333333,,,,,,,,320.27386181171016,0.6452963587686322,0.0,0.0,0.0,0.0,0.0,0.0,,0.20833333333333334,0,0,0.0,0.0,0.0,0.0,0.07,0.0,261.31,0.0,0.0,0.0,0.0,,,,,-0.6391187491465795,0.7691080707477407,-0.6391187491465795,0.7691080707477407,-4.8538934815810695,4.9885337393803955,16.0,129.0,,,0.0,6,0.0,0.0,0.7639166666666667,0.0,-0.0,60.625,-1.1500000000000004,32,2,2020,306
2021-02-02,0.0,0.1,0,0.0,5.1,15.2,9.741666666666667,12.7,8.570833333333333,3.246693148208232,-7.425528345415718,82.41666666666667,334.875,600.0,63.583333333333336,,,,,,,,154.48995502977758,0.931571667619387,0.0,0.0,0.0,0.0,0.0,0.0,,0.25,0,0,0.0,0.0,0.0,0.0,0.07,0.0,261.31,0.0,0.0,0.0,0.0,,,,,0.43066932946097397,-0.902509794219229,0.43066932946097397,-0.902509794219229,2.6758162696482843,-6.119872944680122,17.0,130.0,,,0.0,6,0.0,0.0,0.8313055555555556,0.0,-0.0,51.425,-4.508333333333333,33,2,2020,307
2021-02-03,0.0,0.1,0,0.0,5.0,15.2,9.916666666666666,11.5,6.9750000000000005,-0.5072305177156725,-0.8885815618714998,78.33333333333333,255.95833333333334,600.0,75.20833333333333,,,,,,,,142.93842948455745,0.17778762409459836,0.0,0.0,0.0,0.0,0.0,0.0,,0.0,0,0,0.0,0.0,0.0,0.0,0.07,0.0,261.31,0.0,0.0,0.0,0.0,,,,,0.6026728957852644,-0.7979883336777573,0.6026728957852644,-0.7979883336777573,-0.3973305722106101,-0.6960555567993416,18.0,131.0,,,0.0,6,0.0,0.0,0.7650833333333332,0.0,-0.0,41.85,0.17499999999999893,34,2,2020,308
2021-02-04,0.0,0.0,0,0.0,9.6,19.2,14.658333333333333,18.1,12.395833333333334,-6.960525737725803,9.463535855146468,69.625,279.6666666666667,600.0,66.70833333333333,,,,,,,,325.27740879719863,0.9444148942457493,0.0,0.0,0.0,0.0,0.0,0.0,,0.125,0,0,0.0,0.0,0.0,0.0,0.07,0.0,261.31,0.0,0.0,0.0,0.0,,,,,-0.5696036430607603,0.8219195154100614,-0.5696036430607603,0.8219195154100614,-4.84626604489159,6.588986839145727,19.0,132.0,,,0.0,6,0.0,0.0,0.7518611111111112,0.0,-0.0,74.375,4.741666666666667,35,2,2020,309
2021-02-05,0.0,19.9,0,0.0,13.2,20.4,16.0625,24.7,17.929166666666667,-4.821508963231767,16.50632712412313,82.08333333333333,214.08333333333334,600.0,76.25,,,,,,,,345.5279011381146,0.9566064012162429,0.0,0.0,0.0,0.0,0.0,0.0,,0.08333333333333333,0,0,0.0,0.0,0.0,0.0,0.07,0.0,261.31,0.0,0.0,0.0,0.0,,,,,-0.24990851870004513,0.9682694523122937,-0.24990851870004513,0.9682694523122937,-3.957655273986075,13.5489435143844,20.0,133.0,,,0.0,6,0.0,0.0,0.7496666666666667,0.0,-0.0,107.575,1.4041666666666668,36,2,2020,310
2021-02-06,0.0,27.700000000000003,0,0.0,9.8,16.4,13.3375,33.0,23.912499999999998,-18.064243746228307,14.450500213464393,84.58333333333333,308.25,600.0,60.833333333333336,,,,,,,,308.5920758872839,0.9600307301173402,0.0,0.0,0.0,0.0,0.0,0.0,,0.08333333333333333,0,0,0.0,0.0,0.0,0.0,0.07,0.0,261.31,0.0,0.0,0.0,0.0,,,,,-0.781606748651206,0.6237715050103606,-0.781606748651206,0.6237715050103606,-15.279339502018109,12.222714763888632,21.0,134.0,,,0.0,6,0.0,0.0,0.8207777777777778,0.0,-0.0,143.475,-2.7249999999999996,37,2,2020,311
2021-02-07,0.0,0.5,0,0.0,8.6,18.3,12.333333333333334,18.4,11.887500000000001,-6.456113221258369,-0.2191161352515545,77.125,268.75,600.0,51.583333333333336,,,,,,,,257.58291460256305,0.4597284985924433,0.0,0.0,0.0,0.0,0.0,0.0,,0.3333333333333333,0,0,0.0,0.0,0.0,0.0,0.07,0.0,261.31,0.0,0.0,0.0,0.0,,,,,-0.9766082016017722,-0.2150265578112441,-0.9766082016017722,-0.2150265578112441,-4.979277321895517,-0.1689933193127614,22.0,135.0,,,0.0,6,0.0,0.0,0.7695833333333333,0.0,-0.0,71.325,-1.0041666666666664,38,2,2020,312
2021-02-08,0.0,0.5,0,0.0,8.1,18.0,12.333333333333334,11.6,7.604166666666667,-0.9008309255376864,-0.8826280179760387,81.95833333333333,231.5,600.0,74.125,,,,,,,,334.72377173260827,0.03473251170804978,0.0,0.0,0.0,0.0,0.0,0.0,,0.125,0,0,0.0,0.0,0.0,0.0,0.07,0.0,261.31,0.0,0.0,0.0,0.0,,,,,-0.4269827272836402,0.9042597804842504,-0.4269827272836402,0.9042597804842504,-0.7383060127219288,-0.723387213066195,23.0,136.0,,,0.0,6,0.0,0.0,0.7608611111111111,0.0,-0.0,45.625,0.0,39,2,2020,313
2021-02-09,0.0,0.2,0,0.0,7.7,18.9,12.816666666666668,10.1,6.5,3.1020910108461615,-1.6594048430900123,79.45833333333333,260.875,600.0,75.41666666666667,,,,,,,,108.2631967982664,0.5050561795062247,0.0,0.0,0.0,0.0,0.0,0.0,,0.125,0,0,0.0,0.0,0.0,0.0,0.07,0.0,261.31,0.0,0.0,0.0,0.0,,,,,0.9496269707495302,-0.31338254007693384,0.9496269707495302,-0.31338254007693384,2.4648698157015123,-1.3185354315719389,24.0,137.0,,,0.0,6,0.0,0.0,0.7721111111111111,0.0,-0.0,39.0,0.4833333333333343,40,2,2020,314
2021-02-10,0.0,1.7,0,0.0,9.5,18.0,13.6625,16.8,7.9375,-5.980198031917663,0.1172661318858242,81.91666666666667,259.7916666666667,600.0,48.083333333333336,,,,,,,,287.8065934927579,0.6607885274283075,0.0,0.0,0.0,0.0,0.0,0.0,,0.041666666666666664,0,0,0.0,0.0,0.0,0.0,0.07,0.0,261.31,0.0,0.0,0.0,0.0,,,,,-0.9520942075851471,0.305804872235239,-0.9520942075851471,0.305804872235239,-4.898778887812552,0.09606050636980433,25.0,138.0,,,0.0,6,0.0,0.0,0.7795833333333334,0.0,-0.0,47.625,0.8458333333333314,41,2,2020,315
2021-02-11,0.0,0.6,0,0.0,11.2,19.1,15.120833333333332,16.8,12.416666666666666,-10.022738249138072,7.061748357219087,77.5,283.7083333333333,600.0,45.625,,,,,,,,306.67691928254186,0.9856739118086895,0.0,0.0,0.0,0.0,0.0,0.0,,0.4166666666666667,0,0,0.0,0.0,0.0,0.0,0.07,0.0,261.31,0.0,0.0,0.0,0.0,,,,,-0.8020163232181716,0.5973021155927755,-0.8020163232181716,0.5973021155927755,-7.767622143082005,5.472854976844792,26.0,139.0,,,0.0,6,0.0,0.0,0.7808055555555556,0.0,-0.0,74.5,1.4583333333333321,42,2,2020,316
2021-02-12,0.0,9.1,0,0.0,11.8,17.3,14.633333333333333,32.0,21.241666666666667,-16.917987957289515,12.732721487907872,86.33333333333333,204.45833333333334,600.0,94.04166666666667,,,,,,,,307.04549367352416,0.9966096167422726,0.0,0.0,0.0,0.0,0.0,0.0,,0.0,0,0,0.0,0.0,0.0,0.0,0.07,0.0,261.31,0.0,0.0,0.0,0.0,,,,,-0.7981574085545038,0.6024489614644206,-0.7981574085545038,0.6024489614644206,-14.605862936459948,10.992582884560463,27.0,140.0,,,0.0,6,0.0,0.0,0.7574166666666667,0.0,-0.0,127.45,-0.48749999999999893,43,2,2020,317
2021-02-13,0.0,3.7,0,0.0,8.1,17.4,12.395833333333334,13.1,8.262500000000001,0.862851282693057,-3.1801899601558774,87.29166666666667,214.625,600.0,87.91666666666667,,,,,,,,182.67285662276691,0.4135964646884831,0.0,0.0,0.0,0.0,0.0,0.0,,0.0,0,0,0.0,0.0,0.0,0.0,0.07,0.0,261.31,0.0,0.0,0.0,0.0,,,,,-0.04663323005052719,-0.9989120791416303,-0.04663323005052719,-0.9989120791416303,0.753197265517481,-2.7760408193860684,28.0,141.0,,,0.0,6,0.0,0.0,0.767388888888889,0.0,-0.0,49.575,-2.237499999999999,44,2,2020,318
2021-02-14,0.0,0.0,0,0.0,7.2,18.4,12.15,12.7,7.2625,4.171515302924578,-3.2542292400870316,79.29166666666667,283.7083333333333,600.0,49.0,,,,,,,,119.20090754012715,0.6465883260639059,0.0,0.0,0.0,0.0,0.0,0.0,,0.3333333333333333,0,0,0.0,0.0,0.0,0.0,0.07,0.0,261.31,0.0,0.0,0.0,0.0,,,,,0.8729143496763468,-0.4878734857820421,0.8729143496763468,-0.4878734857820421,3.307664008943947,-2.580332601619009,29.0,142.0,,,0.0,6,0.0,0.0,0.7867777777777777,0.0,-0.0,43.575,-0.24583333333333357,45,2,2020,319
2021-02-15,0.0,0.0,0,0.0,6.9,16.4,10.737499999999999,15.6,11.029166666666667,10.275999736743044,-0.9204678845043587,78.66666666666667,295.1666666666667,600.0,41.291666666666664,,,,,,,,93.19115930061707,0.933182278760747,0.0,0.0,0.0,0.0,0.0,0.0,,0.2916666666666667,0,0,0.0,0.0,0.0,0.0,0.0,0.0,261.31,0.0,0.0,0.0,0.0,,,,,0.9984493655162074,-0.055667445605871724,0.9984493655162074,-0.055667445605871724,8.083786459571195,-0.7241014024767622,30.0,143.0,,,0.0,6,0.0,0.0,0.7923333333333334,0.0,-0.0,66.175,-1.4125000000000014,46,2,2020,320
2021-02-16,0.0,0.0,0,0.0,7.7,19.9,13.987499999999999,12.2,7.766666666666667,3.5107286061678606,0.7918149427208648,64.875,286.5,600.0,69.45833333333333,,,,,,,,68.97105064693777,0.35324234022149875,0.0,0.0,0.0,0.0,0.0,0.0,,0.25,0,0,0.0,0.0,0.0,0.0,0.0,0.0,261.31,0.0,0.0,0.0,0.0,,,,,0.9333992378008956,0.35883960605360593,0.9333992378008956,0.35883960605360593,2.2775851832513996,0.513689944090161,31.0,144.0,,,0.0,6,0.0,0.0,0.7405833333333334,0.0,-0.0,46.6,3.25,47,2,2020,321
2021-02-17,0.0,0.0,0,0.0,8.5,18.7,13.495833333333332,10.8,7.116666666666667,4.82218079372618,1.3051047343668438,78.66666666666667,293.0833333333333,600.0,46.708333333333336,,,,,,,,58.75417240965845,0.5700120869407772,0.0,0.0,0.0,0.0,0.0,0.0,,0.3333333333333333,0,0,0.0,0.0,0.0,0.0,0.0,0.0,261.31,0.0,0.0,0.0,0.0,,,,,0.8549496466607991,0.5187110001480351,0.8549496466607991,0.5187110001480351,3.7934488910645956,1.0266823910352505,32.0,145.0,,,0.0,6,0.0,0.0,0.7909444444444444,0.0,-0.0,42.7,-0.49166666666666714,48,2,2020,322
2021-02-18,0.0,0.0,0,0.0,7.1,19.7,13.137500000000001,13.0,10.279166666666667,5.839399829138659,8.271237356918633,68.0,337.1666666666667,600.0,15.416666666666666,,,,,,,,35.45832579943987,0.9866273876949064,0.0,0.0,0.0,0.0,0.0,0.0,,0.8333333333333334,0,0,0.0,0.0,0.0,0.0,0.0,0.0,261.31,0.0,0.0,0.0,0.0,,,,,0.5801106535943181,0.814537678432602,0.5801106535943181,0.814537678432602,3.970791883814288,5.62444140270467,33.0,146.0,,,0.0,6,0.0,0.0,0.7847777777777778,0.0,-0.0,61.675,-0.35833333333333073,49,2,2020,323
2021-02-19,0.0,0.0,0,0.0,7.9,21.1,14.791666666666666,12.9,8.416666666666666,-4.7220868487085665,5.053040936641886,66.875,314.4583333333333,600.0,9.833333333333334,,,,,,,,311.3804567013699,0.8146639035646115,0.0,0.0,0.0,0.0,0.0,0.0,,0.75,0,0,0.0,0.0,0.0,0.0,0.0,0.0,261.31,0.0,0.0,0.0,0.0,,,,,-0.7503365960997005,0.6610559677920735,-0.7503365960997005,0.6610559677920735,-3.1578955800738537,3.3792211263792615,34.0,147.0,,,0.0,6,0.0,0.0,0.7658888888888887,0.0,-0.0,50.5,1.654166666666665,50,2,2020,324
2021-02-20,0.0,0.7000000000000001,0,0.0,11.9,20.3,16.220833333333335,12.7,7.858333333333333,-5.932588079299407,3.052626836282437,72.91666666666667,274.2916666666667,600.0,28.625,,,,,,,,302.6968728965605,0.8211412540915901,0.0,0.0,0.0,0.0,0.0,0.0,,0.4583333333333333,0,0,0.0,0.0,0.0,0.0,0.0,0.0,261.31,0.0,0.0,0.0,0.0,,,,,-0.8415402660638005,0.5401943914863128,-0.8415402660638005,0.5401943914863128,-4.325845474489151,2.2258737347892774,35.0,148.0,,,0.0,6,0.0,0.0,0.7592500000000001,0.0,-0.0,47.15,1.429166666666669,51,2,2020,325
2021-02-21,0.0,7.0,0,0.0,12.9,21.7,16.491666666666667,11.2,6.208333333333333,-4.095246509445985,2.4108613124301743,74.79166666666667,262.25,600.0,26.375,,,,,,,,313.1366970428382,0.7595317312144912,0.0,0.0,0.0,0.0,0.0,0.0,,0.625,0,0,0.0,0.0,0.0,0.0,0.0,0.0,261.31,0.0,0.0,0.0,0.0,,,,,-0.7297245008148606,0.6837412909211367,-0.7297245008148606,0.6837412909211367,-3.0629031185231437,1.8031233565884015,36.0,149.0,,,0.0,6,0.0,0.0,0.7574722222222222,0.0,-0.0,37.25,0.27083333333333215,52,2,2020,326
2021-02-22,0.0,1.4000000000000001,0,0.0,6.4,19.6,14.079166666666667,11.5,7.949999999999999,-2.054080286718736,-0.12963640611185476,81.20833333333333,259.5416666666667,600.0,51.666666666666664,,,,,,,,277.2038512665148,0.3045068878418281,0.0,0.0,0.0,0.0,0.0,0.0,,0.16666666666666666,0,0,0.0,0.0,0.0,0.0,0.0,0.0,261.31,0.0,0.0,0.0,0.0,,,,,-0.9921062745140302,0.12539992053383306,-0.9921062745140302,0.12539992053383306,-1.6680843661728404,-0.1052755647966687,37.0,150.0,,,0.0,6,0.0,0.0,0.7770555555555555,0.0,-0.0,47.699999999999996,-2.4124999999999996,53,2,2020,327
2021-02-23,0.0,2.4,0,0.0,2.7,9.5,5.358333333333333,12.4,9.620833333333334,4.890827810932376,-7.307419083964798,90.20833333333333,185.54166666666666,600.0,97.875,,,,,,,,145.0501083347316,0.8998904061636568,0.0,0.0,0.0,0.0,0.0,0.0,,0.0,0,0,0.0,0.0,0.0,0.0,0.0,0.0,261.31,0.0,0.0,0.0,0.0,,,,,0.5728598232300042,-0.8196533553453486,0.5728598232300042,-0.8196533553453486,4.411934254445248,-6.591900965326578,38.0,151.0,,,0.0,6,0.0,0.0,0.6355,0.0,-0.0,57.725,-8.720833333333335,54,2,2020,328
2021-02-24,0.0,1.2000000000000002,0,0.0,2.1,14.3,8.729166666666666,11.6,7.8500000000000005,2.3981525134445865,5.2488431401445474,80.41666666666667,213.20833333333334,600.0,71.66666666666667,,,,,,,,22.260906937905794,0.6609922767873952,0.0,0.0,0.0,0.0,0.0,0.0,,0.20833333333333334,0,0,0.0,0.0,0.0,0.0,0.0,0.0,261.31,0.0,0.0,0.0,0.0,,,,,0.37882479821154263,0.9254684069486024,0.37882479821154263,0.9254684069486024,1.9285143128950215,4.22094469186624,39.0,152.0,,,0.0,6,0.0,0.0,0.7279722222222222,0.0,-0.0,47.1,3.3708333333333327,55,2,2020,329
2021-02-25,0.0,0.4,0,0.0,8.3,15.4,11.475,20.0,14.5,-10.99614099474713,8.667249089984681,81.54166666666667,277.0833333333333,600.0,34.291666666666664,,,,,,,,310.86151307675715,0.9567725762082377,0.0,0.0,0.0,0.0,0.0,0.0,,0.4166666666666667,0,0,0.0,0.0,0.0,0.0,0.0,0.0,261.31,0.0,0.0,0.0,0.0,,,,,-0.7562931034196355,0.6542329414817757,-0.7562931034196355,0.6542329414817757,-8.96643663613339,7.067419362125009,40.0,153.0,,,0.0,6,0.0,0.0,0.7898611111111111,0.0,-0.0,87.0,2.7458333333333336,56,2,2020,330
2021-02-26,0.0,0.0,0,0.0,6.5,17.6,11.012500000000001,17.4,11.083333333333334,-7.56574907805339,4.409663967798548,69.125,324.375,600.0,24.625,,,,,,,,299.32051716715137,0.6004396352458937,0.0,0.0,0.0,0.0,0.0,0.0,,0.75,0,0,0.0,0.0,0.0,0.0,0.0,0.0,261.31,0.0,0.0,0.0,0.0,,,,,-0.8718939725235353,0.4896947014999537,-0.8718939725235353,0.4896947014999537,-5.229824050204405,3.048180217740746,41.0,154.0,,,0.0,6,0.0,0.0,0.7800000000000001,0.0,-0.0,66.5,-0.4624999999999986,57,2,2020,331
2021-02-27,0.0,0.0,0,0.0,6.7,17.2,11.583333333333334,16.1,9.575000000000001,-7.018088003975859,5.86516700232272,68.75,203.04166666666666,600.0,62.458333333333336,,,,,,,,314.6474924202434,0.9383966075268988,0.0,0.0,0.0,0.0,0.0,0.0,,0.2916666666666667,0,0,0.0,0.0,0.0,0.0,0.0,0.0,261.31,0.0,0.0,0.0,0.0,,,,,-0.7114437874146771,0.7027430094629614,-0.7114437874146771,0.7027430094629614,-4.824935502733403,4.03230231409687,42.0,155.0,,,0.0,6,0.0,0.0,0.697861111111111,0.0,-0.0,57.45,0.5708333333333329,58,2,2020,332
2021-02-28,0.0,0.0,0,0.0,6.2,19.4,12.654166666666667,14.9,9.829166666666667,-8.072022927920221,4.051505791142,57.916666666666664,315.2083333333333,600.0,10.833333333333334,,,,,,,,303.76124778822054,0.8886906356069608,0.0,0.0,0.0,0.0,0.0,0.0,,0.7916666666666666,0,0,0.0,0.0,0.0,0.0,0.0,0.0,261.31,0.0,0.0,0.0,0.0,,,,,-0.8313605317680869,0.5557334488927976,-0.8313605317680869,0.5557334488927976,-4.675046612420461,2.3464971040364078,43.0,156.0,,,0.0,6,0.0,0.0,0.7365277777777778,0.0,-0.0,58.97500000000001,1.0708333333333329,59,2,2020,333
2021-03-01,0.0,0.0,0,0.0,9.5,17.9,13.941666666666668,23.7,14.145833333333334,-11.976786899766571,6.629643254197223,60.041666666666664,277.1666666666667,600.0,19.708333333333332,,,,,,,,299.9645804137946,0.9593006990549715,0.0,0.0,0.0,0.0,0.0,0.0,,0.7083333333333334,0,0,0.0,0.0,0.0,0.0,0.0,0.0,261.31,0.0,0.0,0.0,0.0,,,,,-0.8663343324854557,0.49946453763703785,-0.8663343324854557,0.49946453763703785,-7.191062467734845,3.9805483038742495,44.0,157.0,,,0.0,6,0.0,0.0,0.7182499999999999,0.0,-0.0,84.875,1.2875000000000014,60,3,2020,334
2021-03-02,0.0,0.0,0,0.0,1.6,15.3,8.441666666666666,11.9,7.504166666666666,-3.7488538839648236,-3.552562542321791,68.0,316.375,600.0,21.041666666666668,,,,,,,,215.05753759499146,0.6090612644014487,0.0,0.0,0.0,0.0,0.0,0.0,,0.75,0,0,0.0,0.0,0.0,0.0,0.0,0.0,261.31,0.0,0.0,0.0,0.0,,,,,-0.5743987562547784,-0.8185756341432132,-0.5743987562547784,-0.8185756341432132,-2.5492206410960803,-2.415742528778818,45.0,158.0,,,0.0,6,0.0,0.0,0.7709166666666668,0.0,-0.0,45.025,-5.500000000000002,61,3,2020,335
2021-03-03,0.0,0.0,0,0.0,1.5,14.6,7.0,11.2,6.079166666666667,-0.12766879571269302,-1.6109277426071433,75.41666666666667,276.0416666666667,600.0,47.5,,,,,,,,128.50651686006876,0.22932068573741138,0.0,0.0,0.0,0.0,0.0,0.0,,0.4166666666666667,0,0,0.0,0.0,0.0,0.0,0.0,0.0,261.31,0.0,0.0,0.0,0.0,,,,,0.7825373465614892,-0.6226036469829772,0.7825373465614892,-0.6226036469829772,-0.09628355009998932,-1.2149080058828874,46.0,159.0,,,0.0,6,0.0,0.0,0.7598611111111112,0.0,-0.0,36.475,-1.4416666666666664,62,3,2020,336
2021-03-04,0.0,0.0,0,0.0,3.6,16.1,10.133333333333335,19.7,13.116666666666667,-11.82847147313364,4.882031034589732,69.625,291.1666666666667,600.0,12.083333333333334,,,,,,,,297.2645388239886,0.9523924456803117,0.0,0.0,0.0,0.0,0.0,0.0,,0.75,0,0,0.0,0.0,0.0,0.0,0.0,0.0,261.31,0.0,0.0,0.0,0.0,,,,,-0.8889009272001284,0.458099488782461,-0.8889009272001284,0.458099488782461,-8.235573263169297,3.3991141078331015,47.0,160.0,,,0.0,6,0.0,0.0,0.7595277777777779,0.0,-0.0,78.7,3.1333333333333346,63,3,2020,337
2021-03-05,0.0,0.1,0,0.0,3.2,16.7,9.691666666666666,16.3,8.341666666666667,-4.756582160166292,-3.881204854241272,72.0,297.3333333333333,600.0,24.916666666666668,,,,,,,,213.73672544104852,0.6126008459637747,0.0,0.0,0.0,0.0,0.0,0.0,,0.6666666666666666,0,0,0.0,0.0,0.0,0.0,0.0,0.0,261.31,0.0,0.0,0.0,0.0,,,,,-0.5553775792724733,-0.8315983071420046,-0.5553775792724733,-0.8315983071420046,-3.4247391553197297,-2.794467495053716,48.0,161.0,,,0.0,6,0.0,0.0,0.7715555555555556,0.0,-0.0,50.05,-0.4416666666666682,64,3,2020,338
2021-03-06,0.0,0.0,0,0.0,2.7,17.0,9.358333333333333,7.3,5.008333333333334,2.712901317115085,-1.4231703326664882,63.458333333333336,300.7083333333333,600.0,12.041666666666666,,,,,,,,114.45374245576264,0.5784538532397222,0.0,0.0,0.0,0.0,0.0,0.0,,0.75,0,0,0.0,0.0,0.0,0.0,0.0,0.0,261.31,0.0,0.0,0.0,0.0,,,,,0.9102957753976788,-0.4139584535833743,0.9102957753976788,-0.4139584535833743,1.721561960819281,-0.903120173604609,49.0,162.0,,,0.0,6,0.0,0.0,0.7453333333333334,0.0,-0.0,30.050000000000004,-0.3333333333333339,65,3,2020,339
2021-03-07,0.0,0.0,0,0.0,6.7,17.2,12.512500000000001,14.6,10.504166666666666,-7.666529335234974,6.781975839891072,59.0,275.25,600.0,77.66666666666667,,,,,,,,314.5967853361575,0.9642720002408387,0.0,0.0,0.0,0.0,0.0,0.0,,0.041666666666666664,0,0,0.0,0.0,0.0,0.0,0.0,0.0,261.31,0.0,0.0,0.0,0.0,,,,,-0.7120654401983469,0.7021131026231703,-0.7120654401983469,0.7021131026231703,-4.523252307788635,4.0013657455357325,50.0,163.0,,,0.0,6,0.0,0.0,0.7134999999999999,0.0,-0.0,63.025,3.1541666666666686,66,3,2020,340
2021-03-08,0.0,0.6000000000000001,0,0.0,10.3,16.3,12.891666666666666,22.5,11.445833333333333,-8.573662949940296,7.100042310490628,66.625,165.83333333333334,600.0,83.04166666666667,,,,,,,,313.51322705084436,0.9711410172783943,0.0,0.0,0.0,0.0,0.0,0.0,,0.0,0,0,0.0,0.0,0.0,0.0,0.0,0.0,261.31,0.0,0.0,0.0,0.0,,,,,-0.7252154411845156,0.688522014076201,-0.7252154411845156,0.688522014076201,-5.712202940397722,4.730403189364381,51.0,164.0,,,0.0,6,0.0,0.0,0.6659722222222222,0.0,-0.0,68.675,0.37916666666666465,67,3,2020,341
2021-03-09,0.0,0.30000000000000004,0,0.0,8.0,16.9,11.966666666666667,15.1,7.658333333333334,-5.65053567850498,1.2043363195158894,77.375,210.375,600.0,59.5,,,,,,,,283.9735554594192,0.5728126343128241,0.0,0.0,0.0,0.0,0.0,0.0,,0.20833333333333334,0,0,0.0,0.0,0.0,0.0,0.0,0.0,261.31,0.0,0.0,0.0,0.0,,,,,-0.97040728059683,0.24147403538406595,-0.97040728059683,0.24147403538406595,-4.372101981243228,0.9318552272254195,52.0,165.0,,,0.0,6,0.0,0.0,0.7315,0.0,-0.0,45.95,-0.9249999999999989,68,3,2020,342
2021-03-10,0.0,0.0,0,0.0,7.5,19.5,13.320833333333333,10.0,5.729166666666667,-1.122264790931142,2.3241253863687525,71.75,277.875,600.0,13.333333333333334,,,,,,,,340.0866666361661,0.4339778813827346,0.0,0.0,0.0,0.0,0.0,0.0,,0.7083333333333334,0,0,0.0,0.0,0.0,0.0,0.0,0.0,261.31,0.0,0.0,0.0,0.0,,,,,-0.3405983564782057,0.9402088914514397,-0.3405983564782057,0.9402088914514397,-0.8052249874930945,1.6675599647195798,53.0,166.0,,,0.0,6,0.0,0.0,0.75775,0.0,-0.0,34.375,1.354166666666666,69,3,2020,343
2021-03-11,0.0,4.0,0,0.0,10.9,17.2,13.554166666666667,13.3,8.745833333333334,-3.919750780021383,6.29065932238004,84.20833333333333,190.83333333333334,600.0,73.70833333333333,,,,,,,,334.9077071949528,0.7959827919194135,0.0,0.0,0.0,0.0,0.0,0.0,,0.16666666666666666,0,0,0.0,0.0,0.0,0.0,0.0,0.0,261.31,0.0,0.0,0.0,0.0,,,,,-0.4240776054805271,0.9056258523970605,-0.4240776054805271,0.9056258523970605,-3.30075680267634,5.297259371054191,54.0,167.0,,,0.0,6,0.0,0.0,0.74125,0.0,-0.0,52.475,0.23333333333333428,70,3,2020,344
2021-03-12,0.0,4.4,0,0.0,8.6,18.3,13.362499999999999,11.8,6.875,-3.249546670866902,4.950935045373616,86.91666666666667,198.95833333333334,600.0,48.166666666666664,,,,,,,,329.4565602523478,0.8710559934599763,0.0,0.0,0.0,0.0,0.0,0.0,,0.25,0,0,0.0,0.0,0.0,0.0,0.0,0.0,261.31,0.0,0.0,0.0,0.0,,,,,-0.5081914754980311,0.8612441141924478,-0.5081914754980311,0.8612441141924478,-2.8243976480951494,4.303187710270568,55.0,168.0,,,0.0,6,0.0,0.0,0.7556944444444444,0.0,-0.0,41.25,-0.1916666666666682,71,3,2020,345
2021-03-13,0.0,3.2,0,0.0,12.1,18.7,14.7875,25.3,15.525,-12.400136525194666,8.663652900284799,83.33333333333333,236.875,600.0,68.95833333333333,,,,,,,,302.92074665492646,0.8290098837546269,0.0,0.0,0.0,0.0,0.0,0.0,,0.0,0,0,0.0,0.0,0.0,0.0,0.0,0.0,261.31,0.0,0.0,0.0,0.0,,,,,-0.8394231274192173,0.5434784385361947,-0.8394231274192173,0.5434784385361947,-10.333447104328888,7.219710750237332,56.0,169.0,,,0.0,6,0.0,0.0,0.7690277777777776,0.0,-0.0,93.15,1.4250000000000007,72,3,2020,346
2021-03-14,0.07,13.4,1,0.07,1.2,11.5,5.229166666666667,12.9,9.020833333333334,4.625422468903802,-6.930537395669167,90.91666666666667,169.29166666666666,600.0,81.5,,,,,,,,136.27839735842554,0.8055787162299518,2.8,12.9,12.9,100.0,2.901868601035861,-12.569373835729534,167.0,0.041666666666666664,0,1,0.07000000000000178,0.07,0.0699999999999929,0.06999999999999645,0.07,0.0,261.38,0.0,0.0,0.0,0.0,,,,,0.6911549474882188,-0.7227066061428784,0.2249510543438652,-0.9743700647852351,4.205279927978374,-6.301013582229218,0.0,170.0,1.0,1.0000000000001015,0.9030000000000001,0,0.010568250000000005,0.07,0.6714722222222221,0.9030000000000001,0.0,0.0,-9.558333333333334,73,3,2020,347
2021-03-15,0.0,0.0,0,0.0,0.4,16.0,8.604166666666666,9.7,7.216666666666666,-0.6382481554110103,-0.8054178727020561,64.04166666666667,281.5833333333333,600.0,0.0,,,,,,,,218.8833694152148,0.08848450036588493,0.0,0.0,0.0,0.0,0.0,0.0,,1.0,0,0,0.07000000000000178,0.07,0.0699999999999929,0.06999999999999645,0.07,0.0,261.38,0.0,0.0,0.0,0.0,,,,,-0.6277371395409727,-0.7784253873306788,-0.6277371395409727,-0.7784253873306788,-0.40874475619446793,-0.5158030293096085,1.0,171.0,0.0,1.0000000000001015,0.0,1,0.0,0.035,0.7345277777777778,0.0,-0.0,7.216666666666666,3.374999999999999,74,3,2020,348
2021-03-16,0.0,0.0,0,0.0,5.8,15.9,10.558333333333334,12.6,8.262500000000001,7.842020672882655,1.5396341741413178,82.5,246.25,600.0,49.333333333333336,,,,,,,,74.41553793992132,0.9574843454800199,0.0,0.0,0.0,0.0,0.0,0.0,,0.3333333333333333,0,0,0.0,0.07,0.0699999999999929,0.06999999999999645,0.07,0.0,261.38,0.0,0.0,0.0,0.0,,,,,0.9632354592647588,0.2686586123968653,0.9632354592647588,0.2686586123968653,6.469667055128191,1.2701981936665871,2.0,172.0,0.0,1.0000000000001015,0.0,2,0.0,0.023333333333333334,0.7725,0.0,-0.0,16.525000000000002,1.9541666666666675,75,3,2020,349
2021-03-17,0.0,0.0,0,0.0,6.0,15.0,9.825000000000001,12.9,9.450000000000001,7.76876177406022,5.031409636638588,80.95833333333333,234.45833333333334,600.0,71.375,,,,,,,,56.9857775441967,0.9795376677026688,0.0,0.0,0.0,0.0,0.0,0.0,,0.08333333333333333,0,0,0.0,0.0,0.0699999999999929,0.06999999999999645,0.07,0.0,261.38,0.0,0.0,0.0,0.0,,,,,0.8385353470788817,0.5448472003225303,0.8385353470788817,0.5448472003225303,6.289460052916253,4.073345384995323,3.0,173.0,,0.0,0.0,3,0.0,0.0,0.7595000000000001,0.0,-0.0,28.35,-0.7333333333333325,76,3,2020,350
2021-03-18,0.0,0.2,0,0.0,8.7,15.1,11.112499999999999,17.1,14.220833333333333,12.680139855822338,6.164256376813101,89.375,185.20833333333334,600.0,90.5,,,,,,,,63.57340748990978,0.9914987866559496,0.0,0.0,0.0,0.0,0.0,0.0,,0.0,0,0,0.0,0.0,0.0699999999999929,0.06999999999999645,0.07,0.0,261.38,0.0,0.0,0.0,0.0,,,,,0.8955052966440894,0.4450508551641952,0.8955052966440894,0.4450508551641952,11.332874996141216,5.509304136776709,4.0,174.0,,0.0,0.0,4,0.0,0.0,0.7547222222222222,0.0,-0.0,56.88333333333333,1.2874999999999979,77,3,2020,351
2021-03-19,0.0,3.3,0,0.0,8.6,14.3,10.683333333333332,18.7,16.045833333333334,15.263861259201258,3.569126001627703,94.0,157.5,570.0,97.58333333333333,,,,,,,,76.03339237464598,0.9767658376156958,0.0,0.0,0.0,0.0,0.0,0.0,,0.0,0,0,0.0,0.0,0.0699999999999929,0.06999999999999645,0.07,0.0,261.38,0.0,0.0,0.0,0.0,,,,,0.9704365552266372,0.24135635951815718,0.9704365552266372,0.24135635951815718,14.348029583649184,3.354978441530041,5.0,175.0,,0.0,0.0,5,0.0,0.0,0.736111111111111,0.0,-0.0,80.22916666666667,-0.42916666666666714,78,3,2020,352
2021-03-20,0.0,19.4,0,0.0,8.6,11.1,9.983333333333333,27.4,19.533333333333335,19.1403755338025,-1.4773114137263332,98.58333333333333,68.625,226.0,99.79166666666667,,,,,,,,94.16615371583238,0.9820805970570258,0.0,0.0,0.0,0.0,0.0,0.0,,0.0,0,0,0.0,0.0,0.0699999999999929,0.06999999999999645,0.07,0.0,261.38,0.0,0.0,0.0,0.0,,,,,0.997357567144234,-0.07264904170142124,0.997357567144234,-0.07264904170142124,18.8692202137403,-1.4563828353652102,6.0,176.0,,0.0,0.0,6,0.0,0.0,0.6210277777777778,0.0,-0.0,117.20000000000002,-0.6999999999999993,79,3,2020,353
2021-03-21,0.0,12.8,0,0.0,10.0,11.7,10.733333333333334,30.8,24.916666666666668,22.749887084142348,8.472180822648571,98.95833333333333,56.25,257.0,98.29166666666667,,,,,,,,68.01380110453898,0.9749959796378418,0.0,0.0,0.0,0.0,0.0,0.0,,0.0,0,0,0.0,0.0,0.0,0.06999999999999645,0.07,0.0,261.38,0.0,0.0,0.0,0.0,,,,,0.927274060924303,0.37438324740425033,0.927274060924303,0.37438324740425033,22.512909093682527,8.383928939079315,7.0,177.0,,,0.0,6,0.0,0.0,0.627361111111111,0.0,-0.0,149.5,0.7500000000000018,80,3,2020,354
2021-03-22,0.0,10.1,0,0.0,9.4,11.4,10.433333333333334,24.1,20.079166666666666,16.98996513501751,10.578526270005504,98.58333333333333,56.916666666666664,243.0,99.54166666666667,,,,,,,,58.07751581484714,0.996910506504491,0.0,0.0,0.0,0.0,0.0,0.0,,0.0,0,0,0.0,0.0,0.0,0.06999999999999645,0.07,0.0,261.38,0.0,0.0,0.0,0.0,,,,,0.8487642508767815,0.5287714500931153,0.8487642508767815,0.5287714500931153,16.749273962271428,10.42866381451376,8.0,178.0,,,0.0,6,0.0,0.0,0.6198888888888888,0.0,-0.0,120.475,-0.3000000000000007,81,3,2020,355
2021-03-23,0.0,30.0,0,0.0,10.1,12.3,11.079166666666666,24.1,16.566666666666666,9.031057213367626,6.158599800930092,100.0,31.5,106.0,100.0,,,,,,,,60.35304153835038,0.5034441528275996,0.0,0.0,0.0,0.0,0.0,0.0,,0.0,0,0,0.0,0.0,0.0,0.06999999999999645,0.07,0.0,261.38,0.0,0.0,0.0,0.0,,,,,0.8690898127657515,0.49465432106349894,0.8690898127657515,0.49465432106349894,9.031057213367626,6.158599800930092,9.0,179.0,,,0.0,6,0.0,0.0,0.6276666666666667,0.0,-0.0,99.4,0.6458333333333321,82,3,2020,356
2021-03-24,0.0,17.2,0,0.0,9.7,11.3,10.183333333333334,34.6,26.8,-24.29661768886267,11.067843480766355,98.58333333333333,112.54166666666667,577.0,99.79166666666667,,,,,,,,293.87595176396314,0.9961801114344553,0.0,0.0,0.0,0.0,0.0,0.0,,0.0,0,0,0.0,0.0,0.0,0.06999999999999645,0.07,0.0,261.38,0.0,0.0,0.0,0.0,,,,,-0.9144239210898861,0.4047578196138991,-0.9144239210898861,0.4047578196138991,-23.952415604937116,10.911049031455498,10.0,180.0,,,0.0,6,0.0,0.0,0.65475,0.0,-0.0,160.8,-0.8958333333333321,83,3,2020,357
2021-03-25,0.0,4.9,0,0.0,6.2,11.3,9.129166666666666,22.7,17.204166666666666,-15.973994712929128,6.29838574317888,94.95833333333333,162.41666666666666,600.0,90.875,,,,,,,,291.3756675136706,0.9977071288706152,0.0,0.0,0.0,0.0,0.0,0.0,,0.0,0,0,0.0,0.0,0.0,0.06999999999999645,0.07,0.0,261.38,0.0,0.0,0.0,0.0,,,,,-0.9312106885008039,0.3644813487983421,-0.9312106885008039,0.3644813487983421,-15.168639146152284,5.980842128626945,11.0,181.0,,,0.0,6,0.0,0.0,0.6759166666666667,0.0,-0.0,103.225,-1.0541666666666671,84,3,2020,358
2021-03-26,0.0,0.0,0,0.0,4.2,12.1,8.0625,15.7,11.466666666666667,-9.362012847545454,6.410059344599339,81.25,239.75,600.0,67.08333333333333,,,,,,,,305.6442622498107,0.9881078211848833,0.0,0.0,0.0,0.0,0.0,0.0,,0.2916666666666667,0,0,0.0,0.0,0.0,0.06999999999999645,0.07,0.0,261.38,0.0,0.0,0.0,0.0,,,,,-0.8126508156690845,0.5827509346130401,-0.8126508156690845,0.5827509346130401,-7.606635438630682,5.208173217486962,12.0,182.0,,,0.0,6,0.0,0.0,0.6995555555555555,0.0,-0.0,68.8,-1.0666666666666664,85,3,2020,359
2021-03-27,0.0,4.1,0,0.0,4.9,10.2,7.329166666666667,24.8,17.658333333333335,-15.291184242380604,8.52682934585953,95.29166666666667,119.16666666666667,532.0,78.45833333333333,,,,,,,,299.6261541029922,0.9896519341338686,0.0,0.0,0.0,0.0,0.0,0.0,,0.0,0,0,0.0,0.0,0.0,0.06999999999999645,0.07,0.0,261.38,0.0,0.0,0.0,0.0,,,,,-0.8692693667075521,0.494338717989853,-0.8692693667075521,0.494338717989853,-14.571224317635185,8.125357797491978,13.0,183.0,,,0.0,6,0.0,0.0,0.6237499999999999,0.0,-0.0,105.95000000000002,-0.7333333333333334,86,3,2020,360
2021-03-28,0.0,0.0,0,0.0,3.5,10.2,6.479166666666667,14.9,9.175,-7.799816719554813,4.264279000288309,87.25,181.04166666666666,600.0,64.79166666666667,,,,,,,,303.12021035247074,0.9601957781060464,0.0,0.0,0.0,0.0,0.0,0.0,,0.08333333333333333,0,0,0.0,0.0,0.0,0.0,0.07,0.0,261.38,0.0,0.0,0.0,0.0,,,,,-0.8375260340353258,0.5463974215834646,-0.8375260340353258,0.5463974215834646,-6.805340087811575,3.7205834277515497,14.0,184.0,,,0.0,6,0.0,0.0,0.6381944444444444,0.0,-0.0,55.050000000000004,-0.8499999999999996,87,3,2020,361
2021-03-29,0.0,0.0,0,0.0,4.1,14.4,8.4125,13.0,6.879166666666666,-5.285310165406975,-0.016677779468816618,77.5,228.41666666666666,600.0,44.708333333333336,,,,,,,,272.2314106803842,0.6639292631850569,0.0,0.0,0.0,0.0,0.0,0.0,,0.5,0,0,0.0,0.0,0.0,0.0,0.07,0.0,261.38,0.0,0.0,0.0,0.0,,,,,-0.9992417212932203,0.038935619000631506,-0.9992417212932203,0.038935619000631506,-4.096115378190405,-0.012925279088332879,15.0,185.0,,,0.0,6,0.0,0.0,0.7306111111111111,0.0,-0.0,41.275,1.9333333333333327,88,3,2020,362
2021-03-30,0.0,0.0,0,0.0,3.8,15.1,8.845833333333333,8.6,4.0125,0.43059492435669616,-1.0670084416294034,58.541666666666664,222.91666666666666,600.0,32.916666666666664,,,,,,,,26.449122471652228,0.11311606633172232,0.0,0.0,0.0,0.0,0.0,0.0,,0.5,0,0,0.0,0.0,0.0,0.0,0.07,0.0,261.38,0.0,0.0,0.0,0.0,,,,,0.44540295313980777,0.8953302236238527,0.44540295313980777,0.8953302236238527,0.25207744530048254,-0.6246445252038799,16.0,186.0,,,0.0,6,0.0,0.0,0.6770833333333334,0.0,-0.0,24.075000000000003,0.43333333333333357,89,3,2020,363
2021-03-31,0.0,0.0,0,0.0,7.0,15.6,11.420833333333334,9.8,5.0625,0.19034787405801634,-2.1478429946931463,49.0,243.125,600.0,25.416666666666668,,,,,,,,264.71887999125363,0.08651542146268522,0.0,0.0,0.0,0.0,0.0,0.0,,0.5416666666666666,0,0,0.0,0.0,0.0,0.0,0.07,0.0,261.38,0.0,0.0,0.0,0.0,,,,,-0.9957550818972523,-0.09204247321642553,-0.9957550818972523,-0.09204247321642553,0.093270458288428,-1.0524430673996417,17.0,187.0,,,0.0,6,0.0,0.0,0.6587500000000001,0.0,-0.0,30.375,2.575000000000001,90,3,2020,364
2021-04-01,0.0,0.0,0,0.0,7.2,18.9,12.883333333333333,8.7,5.733333333333333,-1.941129442845301,-0.3868114024898588,64.375,234.25,600.0,39.458333333333336,,,,,,,,281.1433282899883,0.3614833209193483,0.0,0.0,0.0,0.0,0.0,0.0,,0.4166666666666667,0,0,0.0,0.0,0.0,0.0,0.0,0.0,0.0,0.0,0.0,0.0,0.0,,,,,-0.9811467942043118,0.193263985839581,-0.9811467942043118,0.193263985839581,-1.2496020788316624,-0.24900984035284657,18.0,188.0,,,0.0,0,0.0,0.0,0.7040833333333335,0.0,-0.0,0.0,1.4624999999999986,91,4,2021,0
2021-04-02,0.0,0.0,0,0.0,10.0,20.4,15.416666666666666,8.6,5.429166666666667,2.1353274759145995,0.5696474766340637,63.0,231.0,600.0,52.083333333333336,,,,,,,,56.32853161464527,0.35389417134904894,0.0,0.0,0.0,0.0,0.0,0.0,,0.3333333333333333,0,0,0.0,0.0,0.0,0.0,0.0,0.0,0.0,0.0,0.0,0.0,0.0,,,,,0.8322303151888455,0.5544300699643507,0.8322303151888455,0.5544300699643507,1.3452563098261976,0.3588779102794601,19.0,189.0,,,0.0,1,0.0,0.0,0.6973333333333334,0.0,-0.0,5.429166666666667,2.533333333333333,92,4,2021,1
2021-04-03,0.0,0.0,0,0.0,11.4,21.5,15.433333333333332,12.3,7.320833333333333,-5.003342029416697,4.972933473211359,62.333333333333336,236.70833333333334,600.0,0.0,,,,,,,,320.7962499770645,0.9612003126954427,0.0,0.0,0.0,0.0,0.0,0.0,,1.0,0,0,0.0,0.0,0.0,0.0,0.0,0.0,0.0,0.0,0.0,0.0,0.0,,,,,-0.6320800216194822,0.7749031205702522,-0.6320800216194822,0.7749031205702522,-3.1187498650030743,3.0997951983017473,20.0,190.0,,,0.0,2,0.0,0.0,0.6989166666666667,0.0,-0.0,14.641666666666666,0.01666666666666572,93,4,2021,2
2021-04-04,0.0,0.0,0,0.0,11.1,20.1,15.125,12.1,8.3125,-6.186696417153315,4.946270683212243,55.333333333333336,232.0,600.0,0.08333333333333333,,,,,,,,312.52422893589437,0.9512011128823642,0.0,0.0,0.0,0.0,0.0,0.0,,1.0,0,0,0.0,0.0,0.0,0.0,0.0,0.0,0.0,0.0,0.0,0.0,0.0,,,,,-0.7369915808874017,0.675901923137587,-0.7369915808874017,0.675901923137587,-3.4233053508248346,2.736936444710775,21.0,191.0,,,0.0,3,0.0,0.0,0.6724444444444444,0.0,-0.0,24.9375,-0.3083333333333318,94,4,2021,3
2021-04-05,0.0,1.3,0,0.0,11.7,20.1,14.679166666666667,8.0,5.2124999999999995,-2.2081266172942127,2.1986057110713157,67.54166666666667,205.45833333333334,600.0,14.416666666666666,,,,,,,,323.84743626302384,0.5642465831423371,0.0,0.0,0.0,0.0,0.0,0.0,,0.6666666666666666,0,0,0.0,0.0,0.0,0.0,0.0,0.0,0.0,0.0,0.0,0.0,0.0,,,,,-0.5899373675268056,0.8074490091612861,-0.5899373675268056,0.8074490091612861,-1.4914055194307998,1.4849749406860846,22.0,192.0,,,0.0,4,0.0,0.0,0.6954444444444444,0.0,-0.0,20.849999999999998,-0.44583333333333286,95,4,2021,4
2021-04-06,0.0,1.6,0,0.0,9.8,18.1,13.366666666666667,6.5,4.629166666666666,-0.8990073984449088,2.346552759713382,79.95833333333333,177.58333333333334,600.0,23.958333333333332,,,,,,,,337.2804634246914,0.5193105323325171,0.0,0.0,0.0,0.0,0.0,0.0,,0.5,0,0,0.0,0.0,0.0,0.0,0.0,0.0,0.0,0.0,0.0,0.0,0.0,,,,,-0.3862205846745681,0.9224064505269002,-0.3862205846745681,0.9224064505269002,-0.7188313323399084,1.8762644774541581,23.0,193.0,,,0.0,5,0.0,0.0,0.7182499999999999,0.0,-0.0,23.145833333333332,-1.3125,96,4,2021,5
2021-04-07,0.0,1.3,0,0.0,9.3,16.0,11.9625,7.3,4.220833333333333,-0.2860232800010582,1.9941493793567968,80.91666666666667,158.66666666666666,574.0,36.041666666666664,,,,,,,,346.2161454713153,0.3662281360463262,0.0,0.0,0.0,0.0,0.0,0.0,,0.5,0,0,0.0,0.0,0.0,0.0,0.0,0.0,0.0,0.0,0.0,0.0,0.0,,,,,-0.23825979059633065,0.9712014580842601,-0.23825979059633065,0.9712014580842601,-0.23144050406752292,1.6135992061295414,24.0,194.0,,,0.0,6,0.0,0.0,0.7088333333333333,0.0,-0.0,25.325,-1.4041666666666668,97,4,2021,6
2021-04-08,0.0,0.5,0,0.0,8.9,15.6,12.137500000000001,23.7,9.700000000000001,-7.835022274818453,5.430147545953847,78.91666666666667,169.20833333333334,551.0,23.458333333333332,,,,,,,,307.250150096399,0.9656224588959897,0.0,0.0,0.0,0.0,0.0,0.0,,0.75,0,0,0.0,0.0,0.0,0.0,0.0,0.0,0.0,0.0,0.0,0.0,0.0,,,,,-0.7960004168575406,0.6052960733084443,-0.7960004168575406,0.6052960733084443,-6.183138411877562,4.285291438348578,25.0,195.0,,,0.0,6,0.0,0.0,0.7091944444444445,0.0,-0.0,58.2,0.1750000000000007,98,4,2021,7
2021-04-09,0.0,0.9,0,0.0,5.7,13.0,10.208333333333334,24.6,16.145833333333332,-14.46445334699957,5.69094197061008,84.20833333333333,180.70833333333334,600.0,74.54166666666667,,,,,,,,283.64041173258465,0.9143385833242195,0.0,0.0,0.0,0.0,0.0,0.0,,0.0,0,0,0.0,0.0,0.0,0.0,0.0,0.0,0.0,0.0,0.0,0.0,0.0,,,,,-0.9717949089144816,0.23582759594223587,-0.9717949089144816,0.23582759594223587,-12.180275089285887,4.792247384417904,26.0,196.0,,,0.0,6,0.0,0.0,0.6900555555555555,0.0,-0.0,96.875,-1.9291666666666671,99,4,2021,8
2021-04-10,0.07,3.0,1,0.07,2.7,5.8,4.304166666666666,23.8,16.958333333333332,-15.810264986743052,6.00154810605363,93.375,104.54166666666667,475.0,90.16666666666667,,,,,,,,290.9608500517113,0.9972560866200546,3.0,23.7,23.7,100.0,-22.270715112626025,8.105877396818356,290.0,0.08333333333333333,0,1,0.07,0.07,0.07,0.07,0.07,0.0,0.07,0.0,0.0,0.0,0.0,,,,,-0.9338250797443274,0.357729954631284,-0.9396926207859083,0.342020143325669,-14.762834931371323,5.603945544027578,0.0,197.0,1.0,1.0,1.6660000000000001,0,0.008620937500000002,0.07,0.5098333333333334,1.659,0.0,0.0,-5.904166666666668,100,4,2021,9
2021-04-11,2.87,4.2,16,0.42,-1.5,2.8,0.39166666666666666,22.5,18.3,-17.8548339123288,1.3816051529566564,94.125,134.75,505.0,90.33333333333333,,,,,,,,273.595439836377,0.9779897662580151,1.025,18.025,22.5,93.375,-17.718759473282287,1.3942610460284945,273.70820219563456,0.0,1,9,2.94,2.94,2.94,2.94,2.94,1.0,2.94,0.0,0.0,0.0,0.0,,,,,-0.9980317227565072,0.06271108651329872,-0.9979063699036259,0.0646751645206087,-16.805862419979483,1.3004358502204527,0.0,198.0,0.9761904761904763,1.0,64.575,0,0.498864857421875,2.94,0.4658055555555556,51.73175,0.0,0.0,-3.9124999999999996,101,4,2021,10
2021-04-12,0.0,0.0,0,0.0,-1.3,5.8,1.9583333333333333,16.0,10.225,-6.964850208908001,-6.132622337536613,90.5,100.25,344.0,70.79166666666667,,,,,,,,241.12014381782575,0.7928593680293919,0.0,0.0,0.0,0.0,0.0,0.0,,0.08333333333333333,0,0,2.87,2.94,2.94,2.94,2.94,1.0,2.94,0.0,0.0,0.0,0.0,,,,,-0.8756343833509248,-0.4829745611247508,-0.8756343833509248,-0.4829745611247508,-6.303189439061741,-5.550023215470635,1.0,199.0,0.0,1.0,0.0,1,0.0,1.47,0.4973888888888889,0.0,-0.0,10.225,1.5666666666666667,102,4,2021,11
2021-04-13,0.0,0.0,0,0.0,0.5,10.1,5.7124999999999995,28.9,14.387500000000001,-10.93604693130362,9.03316732423775,64.375,197.54166666666666,600.0,47.25,,,,,,,,314.94133963462644,0.9745223122107644,0.0,0.0,0.0,0.0,0.0,0.0,,0.4166666666666667,0,0,0.0,2.87,2.94,2.94,2.94,1.0,2.94,0.0,0.0,0.0,0.0,,,,,-0.7078303580666406,0.706382463117008,-0.7078303580666406,0.706382463117008,-7.040080212026705,5.815101464978052,2.0,200.0,0.0,0.9761904761904763,0.0,2,0.0,0.9566666666666667,0.5707222222222222,0.0,-0.0,28.775000000000002,3.7541666666666664,103,4,2021,12
2021-04-14,0.0,0.8999999999999999,0,0.0,5.3,8.8,7.0125,40.5,29.195833333333336,-24.935541849770562,15.008522799756088,70.79166666666667,135.75,485.0,45.5,,,,,,,,300.3337537493591,0.9967578178193716,0.0,0.0,0.0,0.0,0.0,0.0,,0.3333333333333333,0,0,0.0,0.0,2.94,2.94,2.94,1.0,2.94,0.0,0.0,0.0,0.0,,,,,-0.8630981764834759,0.5050361746953369,-0.8630981764834759,0.5050361746953369,-17.652285667816745,10.624783431993999,3.0,201.0,,0.0,0.0,3,0.0,0.0,0.5220277777777779,0.0,-0.0,87.5875,1.3000000000000007,104,4,2021,13
2021-04-15,0.0,0.0,0,0.0,3.1,9.6,5.779166666666666,28.4,21.116666666666667,-18.55685565338053,9.985525192613812,81.41666666666667,205.58333333333334,600.0,17.208333333333332,,,,,,,,297.66896576071576,0.9975954803112517,0.0,0.0,0.0,0.0,0.0,0.0,,0.5833333333333334,0,0,0.0,0.0,2.94,2.94,2.94,1.0,2.94,0.0,0.0,0.0,0.0,,,,,-0.88564527739612,0.4643624044062456,-0.88564527739612,0.4643624044062456,-15.108373311127316,8.129881760986413,4.0,202.0,,0.0,0.0,4,0.0,0.0,0.6217777777777778,0.0,-0.0,84.46666666666667,-1.2333333333333343,105,4,2021,14
2021-04-16,0.0,0.0,0,0.0,1.8,12.0,5.6499999999999995,20.1,7.3999999999999995,-3.562674680289035,2.5415923582721214,80.33333333333333,197.75,600.0,28.541666666666668,,,,,,,,309.3850830269078,0.32028145507861433,0.0,0.0,0.0,0.0,0.0,0.0,,0.375,0,0,0.0,0.0,2.94,2.94,2.94,1.0,2.94,0.0,0.0,0.0,0.0,,,,,-0.7728987995829522,0.6345293102790694,-0.7728987995829522,0.6345293102790694,-2.8620153264988577,2.041745861145271,5.0,203.0,,0.0,0.0,5,0.0,0.0,0.6662777777777777,0.0,-0.0,37.0,-0.12916666666666643,106,4,2021,15
2021-04-17,0.0,0.0,0,0.0,1.8,11.4,5.9624999999999995,11.7,7.120833333333334,-3.689275217213254,3.2312109666215427,70.16666666666667,208.625,600.0,14.208333333333334,,,,,,,,313.25661352171727,0.5693523239945064,0.0,0.0,0.0,0.0,0.0,0.0,,0.875,0,0,0.0,0.0,2.87,2.94,2.94,1.0,2.94,0.0,0.0,0.0,0.0,,,,,-0.7282918759137244,0.6852670599686435,-0.7282918759137244,0.6852670599686435,-2.588641444077967,2.267233028246116,6.0,204.0,,0.0,0.0,6,0.0,0.0,0.6263055555555556,0.0,-0.0,42.725,0.3125,107,4,2021,16
2021-04-18,0.0,0.0,0,0.0,1.3,11.9,5.970833333333334,9.9,4.666666666666667,-3.5563633347325596,1.259603683031388,73.20833333333333,196.79166666666666,600.0,20.708333333333332,,,,,,,,300.1770521861866,0.8129381031500895,0.0,0.0,0.0,0.0,0.0,0.0,,0.6666666666666666,0,0,0.0,0.0,0.0,2.94,2.94,0.0,2.94,0.0,0.0,0.0,0.0,,,,,-0.864476199615446,0.5026737513521425,-0.864476199615446,0.5026737513521425,-2.603554324635461,0.9221348629525619,7.0,205.0,,,0.0,6,0.0,0.0,0.6396666666666667,0.0,-0.0,28.0,0.008333333333334636,108,4,2021,17
2021-04-19,0.0,0.0,0,0.0,1.5,11.8,5.720833333333334,15.7,11.2125,-7.756720581757267,7.794223259871356,76.20833333333333,201.125,600.0,23.375,,,,,,,,317.5284009467454,0.9771172061472932,0.0,0.0,0.0,0.0,0.0,0.0,,0.5416666666666666,0,0,0.0,0.0,0.0,2.94,2.94,0.0,2.94,0.0,0.0,0.0,0.0,,,,,-0.6752246636052365,0.7376121295499385,-0.6752246636052365,0.7376121295499385,-5.911267476680851,5.939847642626962,8.0,206.0,,,0.0,6,0.0,0.0,0.6503333333333333,0.0,-0.0,67.275,-0.25,109,4,2021,18
2021-04-20,1.19,4.1,2,0.91,2.4,7.5,4.7375,33.7,23.045833333333334,-19.724540364375724,11.822502576924864,87.91666666666667,131.25,507.0,70.75,,,,,,,,300.46588289892713,0.9966990709788054,2.65,9.25,12.3,100.0,-8.834543153819096,2.702677770970931,288.0,0.0,0,2,1.19,1.19,1.19,4.13,4.13,0.0,4.13,0.0,0.0,0.0,0.0,,,,,-0.8619312243048144,0.5070252109791028,-0.9510565162951536,0.30901699437494723,-17.341158403680325,10.393950182213109,0.0,207.0,1.0,1.0,40.103,0,0.19337964843750008,1.19,0.5472222222222222,11.0075,0.0,0.0,-0.9833333333333343,110,4,2021,19
2021-04-21,1.4,2.0,2,0.98,-2.1,7.6,1.7208333333333332,12.6,7.3500000000000005,-2.435246335364485,-1.3373705392042552,89.70833333333333,125.0,415.0,59.666666666666664,,,,,,,,236.917443003544,0.3244753949687819,1.05,8.7,10.9,100.0,-2.651522292724675,-8.284796290696324,198.0,0.25,1,2,2.59,2.59,2.59,5.529999999999999,5.529999999999999,1.0,5.529999999999999,0.0,0.0,0.0,0.0,,,,,-0.8378849319002024,-0.5458469024319853,-0.3090169943749473,-0.9510565162951536,-2.184618900016557,-1.1997328212111504,0.0,208.0,0.5405405405405406,1.0,17.639999999999997,0,0.2791840625,2.59,0.5512499999999999,12.179999999999998,0.0,0.0,-3.0166666666666666,111,4,2021,20
2021-04-22,0.07,0.1,1,0.07,-1.4,2.8,1.2083333333333333,24.3,18.229166666666668,-16.025656227839153,8.536952780858352,92.5,94.75,313.0,76.33333333333333,,,,,,,,298.1266617026498,0.9955776565519282,1.5,24.2,24.2,100.0,-20.957814771583415,12.100000000000003,300.0,0.08333333333333333,1,1,1.47,2.6599999999999997,2.6599999999999997,5.6,5.6,2.0,5.6,0.0,0.0,0.0,0.0,,,,,-0.8819075924432959,0.47142231426913767,-0.8660254037844386,0.5000000000000001,-14.823732010751216,7.896681322293976,0.0,209.0,0.026315789473684216,1.0,1.7010000000000003,1,0.010375312500000003,2.6599999999999997,0.4337222222222222,1.6940000000000002,0.0,18.229166666666668,-0.5125,112,4,2021,21
2021-04-23,0.0,0.0,0,0.0,1.4,6.2,3.245833333333333,22.9,16.925,-14.763352637729248,7.894695290450508,94.125,120.95833333333333,526.0,83.0,,,,,,,,300.1978278330381,0.9820770274762105,0.0,0.0,0.0,0.0,0.0,0.0,,0.041666666666666664,0,0,0.07,1.47,2.6599999999999997,5.6,5.6,2.0,5.6,0.0,0.0,0.0,0.0,,,,,-0.8642938715558944,0.5029871803445125,-0.8642938715558944,0.5029871803445125,-13.896005670262655,7.43088194213654,1.0,210.0,0.0,0.5526315789473685,0.0,2,0.0,0.735,0.5321666666666667,0.0,-0.0,33.85,2.0374999999999996,113,4,2021,22
2021-04-24,0.0,0.0,0,0.0,0.9,8.1,3.7875,16.5,10.883333333333333,-8.651504216799978,5.915630011190623,85.16666666666667,168.625,600.0,48.916666666666664,,,,,,,,308.4654410807062,0.9617423828088764,0.0,0.0,0.0,0.0,0.0,0.0,,0.125,0,0,0.0,0.07,2.6599999999999997,5.529999999999999,5.6,2.0,5.6,0.0,0.0,0.0,0.0,,,,,-0.7829834947099513,0.6220424800701249,-0.7829834947099513,0.6220424800701249,-7.368197757974648,5.038144892864014,2.0,211.0,0.0,0.026315789473684216,0.0,3,0.0,0.023333333333333334,0.5763055555555555,0.0,-0.0,32.65,0.541666666666667,114,4,2021,23
2021-04-25,0.0,0.0,0,0.0,1.1,9.6,4.6625000000000005,12.1,6.25,-5.063940825411071,2.5820288514577365,77.95833333333333,167.41666666666666,600.0,12.916666666666666,,,,,,,,303.9217840585317,0.9117489008706057,0.0,0.0,0.0,0.0,0.0,0.0,,0.7083333333333334,0,0,0.0,0.0,2.6599999999999997,2.6599999999999997,5.6,2.0,5.6,0.0,0.0,0.0,0.0,,,,,-0.8298001684412727,0.5580606422736113,-0.8298001684412727,0.5580606422736113,-3.9477638684767133,2.0129066587822604,3.0,212.0,,0.0,0.0,4,0.0,0.0,0.5848055555555556,0.0,-0.0,25.0,0.8750000000000004,115,4,2021,24
2021-04-26,0.0,0.0,0,0.0,1.3,13.1,6.2875000000000005,9.2,4.641666666666667,-3.3569155991989366,0.5072447202770997,74.0,184.91666666666666,600.0,2.8333333333333335,,,,,,,,288.9800129981535,0.7264748692472105,0.0,0.0,0.0,0.0,0.0,0.0,,0.9166666666666666,0,0,0.0,0.0,2.6599999999999997,2.6599999999999997,5.6,2.0,5.6,0.0,0.0,0.0,0.0,,,,,-0.9456320889336984,0.32523830091010175,-0.9456320889336984,0.32523830091010175,-2.484117543407213,0.3753610930050537,4.0,213.0,,0.0,0.0,5,0.0,0.0,0.6610555555555555,0.0,-0.0,23.208333333333332,1.625,116,4,2021,25
2021-04-27,0.0,0.0,0,0.0,3.3,13.5,7.854166666666667,9.4,5.175,-2.8590505229305325,2.141303081900602,72.25,184.04166666666666,600.0,6.458333333333333,,,,,,,,317.25874346432175,0.6566289641751272,0.0,0.0,0.0,0.0,0.0,0.0,,0.9166666666666666,0,0,0.0,0.0,1.47,2.6599999999999997,5.6,2.0,5.6,0.0,0.0,0.0,0.0,,,,,-0.6786886783694606,0.7344260873996205,-0.6786886783694606,0.7344260873996205,-2.06566400281731,1.547091476673185,5.0,214.0,,0.0,0.0,6,0.0,0.0,0.6635277777777778,0.0,-0.0,31.049999999999997,1.5666666666666664,117,4,2021,26
2021-04-28,0.0,0.0,0,0.0,4.3,13.7,8.520833333333334,11.2,6.008333333333333,-4.304671037683513,3.158708501950352,67.83333333333333,176.79166666666666,600.0,46.041666666666664,,,,,,,,306.0668925481769,0.8497056998744367,0.0,0.0,0.0,0.0,0.0,0.0,,0.3333333333333333,0,0,0.0,0.0,0.07,2.6599999999999997,5.6,1.0,5.6,0.0,0.0,0.0,0.0,,,,,-0.8083302067006009,0.5887293749553897,-0.8083302067006009,0.5887293749553897,-2.9200018538953163,2.1426572671563218,6.0,215.0,,0.0,0.0,6,0.0,0.0,0.6484166666666666,0.0,-0.0,36.05,0.666666666666667,118,4,2021,27
2021-04-29,0.0,0.0,0,0.0,4.6,13.3,8.395833333333334,7.1,5.0125,-2.694833817354052,2.454098545233495,62.75,178.79166666666666,600.0,12.583333333333334,,,,,,,,315.6970393258913,0.6938767027263207,0.0,0.0,0.0,0.0,0.0,0.0,,0.75,0,0,0.0,0.0,0.0,2.6599999999999997,5.6,0.0,5.6,0.0,0.0,0.0,0.0,,,,,-0.6984522668550968,0.7156566431781213,-0.6984522668550968,0.7156566431781213,-1.6910082203896675,1.539946837134018,7.0,216.0,,,0.0,6,0.0,0.0,0.6239166666666667,0.0,-0.0,30.075000000000003,-0.125,119,4,2021,28
2021-04-30,0.0,0.0,0,0.0,5.2,14.4,8.833333333333334,7.0,3.0833333333333335,-1.48138552183578,2.3759591126408894,65.375,161.625,600.0,13.541666666666666,,,,,,,,319.39566620323416,0.8445741165389693,0.0,0.0,0.0,0.0,0.0,0.0,,0.8333333333333334,0,0,0.0,0.0,0.0,2.6599999999999997,5.6,0.0,5.6,0.0,0.0,0.0,0.0,,,,,-0.6508316459438042,0.7592220812371561,-0.6508316459438042,0.7592220812371561,-0.9684557849001412,1.5532832698889814,8.0,217.0,,,0.0,6,0.0,0.0,0.6456666666666667,0.0,-0.0,18.5,0.4375,120,4,2021,29
2021-05-01,0.0,0.0,0,0.0,5.3,13.2,8.429166666666667,9.7,5.458333333333333,-3.496554096080431,3.79679821962241,70.16666666666667,169.20833333333334,600.0,25.75,,,,,,,,323.5606273526379,0.9460627472702847,0.0,0.0,0.0,0.0,0.0,0.0,,0.6666666666666666,0,0,0.0,0.0,0.0,2.6599999999999997,5.6,0.0,5.6,0.0,0.0,0.0,0.0,,,,,-0.5939718552446078,0.8044858203705512,-0.5939718552446078,0.8044858203705512,-2.453415457416436,2.664086750768391,9.0,218.0,,,0.0,6,0.0,0.0,0.6400277777777778,0.0,-0.0,32.75,-0.4041666666666668,121,5,2021,30
2021-05-02,0.0,0.0,0,0.0,5.6,12.2,8.591666666666667,17.8,11.529166666666667,-7.947654055559916,8.139980129187828,80.0,147.66666666666666,552.0,48.958333333333336,,,,,,,,317.6535035105396,0.9848643827878263,0.0,0.0,0.0,0.0,0.0,0.0,,0.3333333333333333,0,0,0.0,0.0,0.0,2.6599999999999997,5.6,0.0,5.6,0.0,0.0,0.0,0.0,,,,,-0.673612514917316,0.7390846905103425,-0.673612514917316,0.7390846905103425,-6.358123244447933,6.511984103350262,10.0,219.0,,,0.0,6,0.0,0.0,0.6362222222222222,0.0,-0.0,69.175,0.16249999999999964,122,5,2021,31
2021-05-03,0.0,7.2,0,0.0,6.1,10.9,8.395833333333334,20.3,16.412499999999998,-12.739453329110729,10.27142552539628,93.33333333333333,87.45833333333333,420.0,67.54166666666667,,,,,,,,309.61430588437634,0.9960710683655101,0.0,0.0,0.0,0.0,0.0,0.0,,0.08333333333333333,0,0,0.0,0.0,0.0,2.6599999999999997,5.6,0.0,5.6,0.0,0.0,0.0,0.0,,,,,-0.7703540636878933,0.6376163553105811,-0.7703540636878933,0.6376163553105811,-11.890156440503347,9.586663823703194,11.0,220.0,,,0.0,6,0.0,0.0,0.6116388888888888,0.0,-0.0,98.475,-0.19583333333333286,123,5,2021,32
2021-05-04,0.0,23.5,0,0.0,5.0,7.5,6.045833333333333,19.5,11.1875,6.116148128585961,-4.202100265932208,98.29166666666667,47.833333333333336,236.0,99.04166666666667,,,,,,,,107.32709398507424,0.27994936610361026,0.0,0.0,0.0,0.0,0.0,0.0,,0.0,0,0,0.0,0.0,0.0,1.47,5.6,0.0,5.6,0.0,0.0,0.0,0.0,,,,,0.9546200703521861,-0.29782632738021547,0.9546200703521861,-0.29782632738021547,6.011663931389284,-4.1303143863892,12.0,221.0,,,0.0,6,0.0,0.0,0.5261944444444445,0.0,-0.0,67.125,-2.3500000000000005,124,5,2021,33
2021-05-05,0.0,33.9,0,0.0,6.0,7.6,6.6125,26.7,21.679166666666664,15.149043060387806,-15.256611679059482,100.0,33.875,194.0,100.0,,,,,,,,134.6878204332971,0.9923210353766786,0.0,0.0,0.0,0.0,0.0,0.0,,0.0,0,0,0.0,0.0,0.0,0.07,5.6,0.0,5.6,0.0,0.0,0.0,0.0,,,,,0.7109489809145345,-0.7032435897586162,0.7109489809145345,-0.7032435897586162,15.149043060387806,-15.256611679059482,13.0,222.0,,,0.0,6,0.0,0.0,0.5248055555555555,0.0,-0.0,130.075,0.5666666666666664,125,5,2021,34
2021-05-06,0.0,12.1,0,0.0,6.8,10.4,8.654166666666667,24.3,18.349999999999998,17.052836382978892,-5.64945517822058,99.125,52.708333333333336,334.0,100.0,,,,,,,,107.72469668708969,0.9777408267517079,0.0,0.0,0.0,0.0,0.0,0.0,,0.0,0,0,0.0,0.0,0.0,0.0,5.6,0.0,5.6,0.0,0.0,0.0,0.0,,,,,0.9525303428023976,-0.30444366644873216,0.9525303428023976,-0.30444366644873216,16.903624064627827,-5.600022445411151,14.0,223.0,,,0.0,6,0.0,0.0,0.5966666666666667,0.0,-0.0,110.1,2.041666666666667,126,5,2021,35
2021-05-07,0.0,4.2,0,0.0,6.5,13.3,9.791666666666666,10.5,5.891666666666667,-1.229796259514595,1.158925860787326,92.79166666666667,117.375,459.0,62.041666666666664,,,,,,,,313.79840392616995,0.3451373845336061,0.0,0.0,0.0,0.0,0.0,0.0,,0.20833333333333334,0,0,0.0,0.0,0.0,0.0,5.6,0.0,5.6,0.0,0.0,0.0,0.0,,,,,-0.7217795086731349,0.69212306771236,-0.7217795086731349,0.69212306771236,-1.141148445807918,1.075386621655573,15.0,224.0,,,0.0,6,0.0,0.0,0.6831111111111111,0.0,-0.0,35.35,1.1374999999999993,127,5,2021,36
2021-05-08,0.0,0.0,0,0.0,6.2,10.6,7.916666666666667,17.0,14.254166666666668,-11.968819751931052,7.5460230687928584,82.29166666666667,135.91666666666666,530.0,90.125,,,,,,,,302.9524768660566,0.9919521203255884,0.0,0.0,0.0,0.0,0.0,0.0,,0.0,0,0,0.0,0.0,0.0,0.0,5.6,0.0,5.6,0.0,0.0,0.0,0.0,,,,,-0.8391220221707751,0.543943224893949,-0.8391220221707751,0.543943224893949,-9.849341254193263,6.20974815036079,16.0,225.0,,,0.0,6,0.0,0.0,0.6004722222222222,0.0,-0.0,85.525,-1.8749999999999991,128,5,2021,37
2021-05-09,0.0,0.0,0,0.0,4.8,10.7,7.195833333333333,19.5,13.483333333333334,-10.523743390331607,8.310336549802583,89.0,133.41666666666666,519.0,37.083333333333336,,,,,,,,309.0350708300424,0.9939795167622403,0.0,0.0,0.0,0.0,0.0,0.0,,0.375,0,0,0.0,0.0,0.0,0.0,5.6,0.0,5.6,0.0,0.0,0.0,0.0,,,,,-0.7767606079676636,0.6297959653012281,-0.7767606079676636,0.6297959653012281,-9.36613161739513,7.396199529324299,17.0,226.0,,,0.0,6,0.0,0.0,0.6233888888888889,0.0,-0.0,80.9,-0.7208333333333341,129,5,2021,38
2021-05-10,0.0,6.4,0,0.0,5.1,8.2,6.604166666666667,35.2,23.129166666666666,-19.37979637339969,12.41401398903809,95.33333333333333,105.25,494.0,97.5,,,,,,,,303.8735945686585,0.9920491072307702,0.0,0.0,0.0,0.0,0.0,0.0,,0.0,0,0,0.0,0.0,0.0,0.0,5.529999999999999,0.0,5.6,0.0,0.0,0.0,0.0,,,,,-0.8302692403104036,0.5573625288754037,-0.8302692403104036,0.5573625288754037,-18.475405875974367,11.834693336216311,18.0,227.0,,,0.0,6,0.0,0.0,0.5701666666666666,0.0,-0.0,138.775,-0.5916666666666659,130,5,2021,39
2021-05-11,3.92,22.1,7,1.05,2.3,6.8,4.45,22.2,10.3875,5.589661451574069,-5.385095898001377,99.54166666666667,63.0,312.0,89.95833333333333,,,,,,,,113.3298577604338,0.48061906021026274,3.5714285714285716,18.314285714285713,22.2,100.0,12.58649284869833,-12.98458027436946,135.04424004093306,0.0,0,6,3.92,3.92,3.92,3.92,6.58,0.0,9.52,0.0,0.0,0.0,0.0,,,,,0.9182401314649555,-0.3960240661465174,0.7065605890023828,-0.707652551799685,5.564042169921022,-5.360414208468871,0.0,228.0,1.0,1.0,87.024,0,0.4857750000000003,3.92,0.5249166666666666,71.79199999999999,0.0,0.0,-2.154166666666667,131,5,2021,40
2021-05-12,0.0,12.3,0,0.0,3.0,9.0,5.179166666666666,20.6,11.1875,7.1932008010340125,-2.793769904787789,94.5,77.58333333333333,362.0,68.41666666666667,,,,,,,,91.97950694817284,0.615756613614514,0.0,0.0,0.0,0.0,0.0,0.0,,0.25,0,0,3.92,3.92,3.92,3.92,6.58,0.0,9.52,0.0,0.0,0.0,0.0,,,,,0.9994032456392898,-0.03454204113328102,0.9994032456392898,-0.03454204113328102,6.797574756977142,-2.6401125600244604,1.0,229.0,0.0,1.0,0.0,1,0.0,1.96,0.5667222222222222,0.0,-0.0,11.1875,0.7291666666666661,132,5,2021,41
2021-05-13,0.0,1.4,0,0.0,2.8,7.5,4.820833333333334,29.7,19.095833333333335,-16.158917037138682,9.64719160363619,92.83333333333333,113.91666666666667,490.0,62.166666666666664,,,,,,,,304.19278308017454,0.9777841167601982,0.0,0.0,0.0,0.0,0.0,0.0,,0.20833333333333334,0,0,0.0,3.92,3.92,3.92,6.58,0.0,9.52,0.0,0.0,0.0,0.0,,,,,-0.827151367180669,0.5619791951408434,-0.827151367180669,0.5619791951408434,-15.000861316143741,8.955809538708928,2.0,230.0,0.0,1.0,0.0,2,0.0,1.3066666666666666,0.5520555555555555,0.0,-0.0,38.19166666666667,-0.3583333333333325,133,5,2021,42
2021-05-14,0.9800000000000001,3.4,9,0.14,-1.0,2.9,0.7875,25.8,21.483333333333334,-20.183605167241215,7.255652421630212,98.875,49.333333333333336,205.0,96.54166666666667,,,,,,,,289.5839524085084,0.9982759991164891,0.8999999999999999,21.555555555555557,25.2,99.55555555555556,-20.29247722979665,7.233133679196737,289.44474773512445,0.0,1,6,0.9800000000000001,0.9800000000000001,4.9,4.9,7.56,1.0,10.5,0.0,0.0,0.0,0.0,,,,,-0.9421513702209501,0.33518770202796266,-0.9429629540265154,0.3328976829802031,-19.95653960910975,7.174026331886872,0.0,231.0,1.0,0.2,25.284000000000002,3,0.16287736111111115,0.9800000000000001,0.42691666666666667,21.12444444444445,0.0,64.45,-4.033333333333334,134,5,2021,43
2021-05-15,7.140000000000001,10.2,16,1.96,-4.2,1.1,-0.8166666666666668,29.6,18.816666666666666,-17.07312560340503,0.5485821558784663,95.625,98.04166666666667,433.0,83.375,,,,,,,,261.7352856161613,0.8973989762543648,0.025000000000000005,22.9375,29.6,96.4375,-21.372150625902485,3.9639822628752106,276.46639972567095,0.0,1,16,8.120000000000001,8.120000000000001,12.040000000000001,12.040000000000001,14.7,2.0,17.64,0.0,0.0,0.0,0.0,,,,,-0.9896145032063765,-0.14374677402848643,-0.9936380711987068,0.11262052861052323,-16.32617635825606,0.5245816865587833,0.0,232.0,0.8793103448275862,0.6744186046511628,100.0,0,1.2700240136718752,8.120000000000001,0.40855555555555556,163.77375,0.0,0.0,-1.6041666666666667,135,5,2021,44
2021-05-16,0.35000000000000003,0.5,4,0.14,-4.8,0.8,-1.6916666666666667,28.5,15.458333333333334,-13.143733309259064,7.7048139137815035,86.75,127.04166666666667,525.0,56.166666666666664,,,,,,,,300.24753355805865,0.975046214613542,-0.4,25.975,28.5,99.0,-22.367886867415972,13.111675437008017,300.24969023958425,0.25,1,4,7.49,8.47,12.39,12.39,15.05,3.0,17.990000000000002,0.0,0.0,0.0,0.0,,,,,-0.8638571906307498,0.5037367905916227,-0.8638382287647448,0.5037693068504555,-11.402188645782237,6.683926070205455,0.0,233.0,0.04132231404958678,0.6836158192090396,9.975000000000001,1,0.061453437500000006,8.47,0.3916388888888889,9.09125,0.0,15.458333333333334,-0.8749999999999999,136,5,2021,45
2021-05-17,0.77,1.1,6,0.21,-0.3,3.9,1.45,27.7,13.833333333333334,-12.69037919408118,3.6514150494499966,97.5,86.625,383.0,93.875,,,,,,,,285.5838770533261,0.9491199759416077,0.10000000000000002,23.150000000000002,27.7,99.66666666666667,-21.022134678146475,9.411736690328215,292.8417845397012,0.0,0,4,1.12,8.260000000000002,13.16,13.16,15.82,3.0,18.76,0.0,0.0,0.0,0.0,,,,,-0.9632382022979628,0.2686487774656511,-0.9215802999567881,0.38818777766894785,-12.373119714229151,3.560129673213747,0.0,234.0,0.09322033898305083,0.6276595744680852,21.329,2,0.13542735937499997,8.260000000000002,0.46941666666666665,17.8255,0.0,27.666666666666668,3.1416666666666666,137,5,2021,46
2021-05-18,0.0,0.0,0,0.0,-3.4,7.8,2.125,9.2,7.379166666666666,-4.763786124047296,5.395619647531483,80.04166666666667,149.0,584.0,22.875,,,,,,,,317.13289548179483,0.9738610319466023,0.0,0.0,0.0,0.0,0.0,0.0,,0.625,1,0,0.77,1.12,9.240000000000002,13.16,15.82,4.0,18.76,0.0,0.0,0.0,0.0,,,,,-0.680300178662612,0.7329336033445445,-0.680300178662612,0.7329336033445445,-3.813013810122856,4.318743892878325,1.0,235.0,0.0,0.1212121212121212,0.0,3,0.0,0.56,0.5394722222222222,0.0,-0.0,22.1375,0.675,138,5,2021,47
2021-05-19,0.0,0.0,0,0.0,-1.5,8.0,1.9583333333333333,10.8,8.075000000000001,-4.805247734253115,6.1902501475726694,67.83333333333333,147.0,569.0,20.375,,,,,,,,321.8206609665021,0.9689028020771845,0.0,0.0,0.0,0.0,0.0,0.0,,0.5416666666666666,1,0,0.0,0.77,9.240000000000002,13.16,15.82,5.0,18.76,0.0,0.0,0.0,0.0,,,,,-0.618124973674119,0.7860798413140803,-0.618124973674119,0.7860798413140803,-3.2595597130683625,4.199053016770127,2.0,236.0,0.0,0.08333333333333331,0.0,4,0.0,0.25666666666666665,0.5018888888888888,0.0,-0.0,32.300000000000004,-0.16666666666666674,139,5,2021,48
2021-05-20,0.0,0.0,0,0.0,0.4,5.9,3.4375,17.9,12.408333333333333,-10.38341848111418,6.460093531687508,74.33333333333333,89.875,422.0,56.333333333333336,,,,,,,,305.35920211024745,0.9758309415279492,0.0,0.0,0.0,0.0,0.0,0.0,,0.20833333333333334,0,0,0.0,0.0,9.240000000000002,13.16,14.63,5.0,18.76,0.0,0.0,0.0,0.0,,,,,-0.8155400705539788,0.578700607672751,-0.8155400705539788,0.578700607672751,-7.71834107096154,4.80200285855438,3.0,237.0,,0.0,0.0,5,0.0,0.0,0.4388055555555555,0.0,-0.0,62.041666666666664,1.4791666666666667,140,5,2021,49
2021-05-21,0.0,0.0,0,0.0,0.2,9.8,4.558333333333333,4.3,2.8083333333333336,-0.8677585308153475,1.2642779680212513,67.95833333333333,146.41666666666666,566.0,0.5833333333333334,,,,,,,,329.42039559404964,0.5457646379141429,0.0,0.0,0.0,0.0,0.0,0.0,,1.0,0,0,0.0,0.0,8.260000000000002,13.16,13.23,4.0,18.76,0.0,0.0,0.0,0.0,,,,,-0.5087349849343447,0.8609231760754569,-0.5087349849343447,0.8609231760754569,-0.5897142348999299,0.8591822357677752,4.0,238.0,,0.0,0.0,6,0.0,0.0,0.5419166666666667,0.0,-0.0,16.85,1.1208333333333327,141,5,2021,50
2021-05-22,0.0,0.0,0,0.0,1.4,10.1,5.066666666666666,10.1,4.8,-3.191212895981581,2.991619854116809,57.041666666666664,145.29166666666666,564.0,0.0,,,,,,,,322.44280255081355,0.9243080756138149,0.0,0.0,0.0,0.0,0.0,0.0,,1.0,0,0,0.0,0.0,1.12,13.16,13.16,3.0,18.76,0.0,0.0,0.0,0.0,,,,,-0.6095531173371829,0.7927452283959346,-0.6095531173371829,0.7927452283959346,-1.8203210227494935,1.7064698251191297,5.0,239.0,,0.0,0.0,5,0.0,0.0,0.5114444444444445,0.0,-0.0,24.0,0.5083333333333337,142,5,2021,51
2021-05-23,0.0,0.0,0,0.0,0.9,10.5,6.116666666666667,9.7,6.116666666666667,2.3649859983011,4.330862016407829,55.0,145.41666666666666,566.0,0.0,,,,,,,,27.069160540494046,0.8069108766310138,0.0,0.0,0.0,0.0,0.0,0.0,,1.0,0,0,0.0,0.0,0.77,13.16,13.16,2.0,18.76,0.0,0.0,0.0,0.0,,,,,0.45506568412982323,0.8904578727415778,0.45506568412982323,0.8904578727415778,1.300742299065605,2.3819741090243056,6.0,240.0,,0.0,0.0,6,0.0,0.0,0.5136111111111111,0.0,-0.0,36.7,1.0500000000000007,143,5,2021,52
2021-05-24,0.0,0.0,0,0.0,3.4,9.7,6.129166666666666,14.3,8.512500000000001,-3.725017876851959,7.17859658344134,69.125,135.875,548.0,34.666666666666664,,,,,,,,334.4699612870408,0.9497774656466934,0.0,0.0,0.0,0.0,0.0,0.0,,0.5416666666666666,0,0,0.0,0.0,0.0,13.16,13.16,2.0,18.76,0.0,0.0,0.0,0.0,,,,,-0.43098424001897895,0.9023594543502401,-0.43098424001897895,0.9023594543502401,-2.5749186073739168,4.962204888303827,7.0,241.0,,,0.0,6,0.0,0.0,0.5365555555555556,0.0,-0.0,51.075,0.01249999999999929,144,5,2021,53
2021-05-25,0.0,7.800000000000001,0,0.0,5.6,10.2,7.104166666666667,37.5,23.1125,-16.204707244775978,16.35790177755188,80.95833333333333,118.58333333333333,535.0,76.625,,,,,,,,315.24856426309645,0.9961435895830557,0.0,0.0,0.0,0.0,0.0,0.0,,0.08333333333333333,0,0,0.0,0.0,0.0,9.240000000000002,13.16,1.0,18.76,0.0,0.0,0.0,0.0,,,,,-0.7040325202988118,0.7101677339626907,-0.7040325202988118,0.7101677339626907,-13.119060906916552,13.24308464740971,8.0,242.0,,,0.0,6,0.0,0.0,0.5755833333333333,0.0,-0.0,138.675,0.9750000000000005,145,5,2021,54
2021-05-26,0.42000000000000004,8.6,6,0.07,0.7,6.0,2.066666666666667,31.7,26.208333333333332,-23.193631096207795,11.910057620521224,97.70833333333333,71.75,287.0,94.625,,,,,,,,296.38007553638926,0.9940977073153902,2.25,27.433333333333334,30.9,94.5,-24.730169531904547,11.7375367285391,295.1660266363875,0.0,0,5,0.42000000000000004,0.42000000000000004,0.42000000000000004,9.660000000000002,13.58,0.0,19.18,0.0,0.0,0.0,0.0,,,,,-0.8958663268461227,0.4443236707888026,-0.9050793579650426,0.4252427022132023,-22.662110383586363,11.637118800050946,0.0,243.0,1.0,1.0,13.314000000000002,0,0.053470156250000005,0.42000000000000004,0.5068611111111111,11.522000000000002,0.0,0.0,-5.0375,146,5,2021,55
2021-05-27,0.0,0.2,0,0.0,0.0,2.2,1.2916666666666667,23.5,19.5,-18.631521695465093,5.571990745818284,99.625,47.208333333333336,206.0,100.0,,,,,,,,286.5046251448719,0.9972249006350357,0.0,0.0,0.0,0.0,0.0,0.0,,0.0,0,0,0.42000000000000004,0.42000000000000004,0.42000000000000004,9.660000000000002,13.58,0.0,19.18,0.0,0.0,0.0,0.0,,,,,-0.9587968048877056,0.28409274354887515,-0.9587968048877056,0.28409274354887515,-18.561653489107098,5.551095780521465,1.0,244.0,0.0,1.0,0.0,1,0.0,0.21000000000000002,0.41244444444444445,0.0,0.0,19.5,-0.7750000000000001,147,5,2021,56
2021-05-28,0.0,0.0,0,0.0,-2.9,2.0,-0.24166666666666667,19.2,14.5,-3.928706727099312,-10.319300904869793,93.41666666666667,82.45833333333333,424.0,75.66666666666667,,,,,,,,190.6063725965671,0.7611998370235774,0.0,0.0,0.0,0.0,0.0,0.0,,0.0,1,0,0.0,0.42000000000000004,0.42000000000000004,8.680000000000001,13.58,1.0,19.18,0.0,0.0,0.0,0.0,,,,,-0.18406067428859393,-0.9829148834870841,-0.18406067428859393,-0.9829148834870841,-3.670066867565274,-9.639946928632533,2.0,245.0,0.0,1.0,0.0,2,0.0,0.14,0.4108055555555556,0.0,-0.0,29.0,-1.5333333333333334,148,5,2021,57
2021-05-29,0.0,0.0,0,0.0,-3.0,5.5,0.15416666666666665,7.5,5.395833333333333,4.364196680907403,-2.624993408452849,71.04166666666667,122.58333333333333,512.0,26.708333333333332,,,,,,,,117.9049797221706,0.9417269072939115,0.0,0.0,0.0,0.0,0.0,0.0,,0.2916666666666667,1,0,0.0,0.0,0.42000000000000004,1.54,13.58,2.0,19.18,0.0,0.0,0.0,0.0,,,,,0.8837249577785466,-0.46800662281564553,0.8837249577785466,-0.46800662281564553,3.1003980587279676,-1.8648390672550448,3.0,246.0,,0.0,0.0,3,0.0,0.0,0.44075,0.0,-0.0,16.1875,0.3958333333333333,149,5,2021,58
2021-05-30,0.0,0.0,0,0.0,-0.5,8.9,2.9875000000000003,6.6,4.191666666666666,0.34428317872915565,-0.44926523705340377,60.291666666666664,134.25,539.0,8.166666666666666,,,,,,,,93.05709537548545,0.0675862279629703,0.0,0.0,0.0,0.0,0.0,0.0,,0.7916666666666666,1,0,0.0,0.0,0.42000000000000004,1.19,13.58,3.0,19.18,0.0,0.0,0.0,0.0,,,,,0.9985768860350477,-0.05333106671113404,0.9985768860350477,-0.05333106671113404,0.20757406650878674,-0.270869499173448,4.0,247.0,,0.0,0.0,4,0.0,0.0,0.48825,0.0,-0.0,16.766666666666666,2.8333333333333335,150,5,2021,59
2021-05-31,0.0,0.0,0,0.0,0.8,10.2,4.4750000000000005,8.4,5.133333333333334,-3.379260249928586,3.4417865484373977,43.0,137.33333333333334,542.0,8.0,,,,,,,,318.85354422122754,0.9464142866293053,0.0,0.0,0.0,0.0,0.0,0.0,,0.9166666666666666,0,0,0.0,0.0,0.42000000000000004,0.42000000000000004,13.58,3.0,19.18,0.0,0.0,0.0,0.0,,,,,-0.6579860235886994,0.7530301406729557,-0.6579860235886994,0.7530301406729557,-1.453081907469292,1.4799682158280811,5.0,248.0,,0.0,0.0,5,0.0,0.0,0.4615555555555555,0.0,-0.0,25.666666666666668,1.4875000000000003,151,5,2021,60
2021-06-01,0.0,0.0,0,0.0,0.3,7.8,3.8333333333333335,13.3,9.458333333333334,-5.474139264747638,7.501609893415307,42.833333333333336,76.16666666666667,362.0,94.91666666666667,,,,,,,,325.2786581713204,0.9824333416033324,0.0,0.0,0.0,0.0,0.0,0.0,,0.0,0,0,0.0,0.0,0.42000000000000004,0.42000000000000004,13.58,3.0,19.18,0.0,0.0,0.0,0.0,,,,,-0.5695857204015286,0.8219319358162643,-0.5695857204015286,0.8219319358162643,-2.3447563184002385,3.21318957101289,6.0,249.0,,0.0,0.0,6,0.0,0.0,0.3668888888888889,0.0,-0.0,56.75,-0.641666666666667,152,6,2021,61
2021-06-02,0.28,0.7,3,0.14,1.2,8.6,4.6000000000000005,13.9,9.375,-6.537785857199947,6.285574746984878,76.375,120.75,480.0,70.20833333333333,,,,,,,,319.3638818364341,0.9493720497697927,3.0,7.566666666666666,10.0,79.0,-5.030952498776458,5.294905358557947,324.6752617576806,0.125,0,2,0.28,0.28,0.28,0.7000000000000001,13.86,3.0,19.46,0.0,0.0,0.0,0.0,,,,,-0.6512527180421319,0.7588609208825655,-0.5782099491610514,0.8158880160237522,-4.993233948436459,4.8006077130097005,0.0,250.0,1.0,1.0,3.8920000000000003,0,0.04436541666666668,0.28,0.5261944444444445,2.118666666666667,0.0,0.0,0.766666666666667,153,6,2021,62
2021-06-03,0.0,5.3,0,0.0,3.1,6.8,4.745833333333334,5.8,4.141666666666667,-1.290345464181488,1.0109581154894556,99.5,31.583333333333332,149.0,100.0,,,,,,,,322.4964117818507,0.3961890475238965,0.0,0.0,0.0,0.0,0.0,0.0,,0.0,0,0,0.28,0.28,0.28,0.7000000000000001,13.86,3.0,19.46,0.0,0.0,0.0,0.0,,,,,-0.6088111125365017,0.7933152143076969,-0.6088111125365017,0.7933152143076969,-1.2838937368605807,1.0059033249120082,1.0,251.0,0.0,1.0,0.0,1,0.0,0.14,0.5038333333333332,0.0,-0.0,4.141666666666667,0.14583333333333304,154,6,2021,63
2021-06-04,0.0,1.4,0,0.0,-2.3,5.1,2.0791666666666666,19.2,11.341666666666667,-10.169440878846588,-1.620438145419093,98.16666666666667,76.04166666666667,347.0,77.83333333333333,,,,,,,,258.58577029646125,0.8967376585905162,0.0,0.0,0.0,0.0,0.0,0.0,,0.0,0,0,0.0,0.28,0.28,0.7000000000000001,13.86,2.0,19.46,0.0,0.0,0.0,0.0,,,,,-0.9802220551665003,-0.19790078970323094,-0.9802220551665003,-0.19790078970323094,-9.983001129401067,-1.5907301127530764,2.0,252.0,0.0,1.0,0.0,2,0.0,0.09333333333333334,0.49124999999999996,0.0,-0.0,22.683333333333334,-2.666666666666667,155,6,2021,64
2021-06-05,0.0,0.0,0,0.0,-2.8,4.5,0.48750000000000004,23.6,13.5375,-11.24426964979157,7.390443101194738,66.29166666666667,122.25,517.0,50.5,,,,,,,,306.04039946688334,0.9923409252108222,0.0,0.0,0.0,0.0,0.0,0.0,,0.4583333333333333,1,0,0.0,0.0,0.28,0.7000000000000001,13.86,2.0,19.46,0.0,0.0,0.0,0.0,,,,,-0.8086023437353691,0.5883555470169954,-0.8086023437353691,0.5883555470169954,-7.454013755340997,4.899247905833679,3.0,253.0,,0.0,0.0,3,0.0,0.0,0.4024722222222222,0.0,-0.0,40.6125,-1.5916666666666666,156,6,2021,65
2021-06-06,0.0,0.0,0,0.0,1.0,5.6,2.9499999999999997,24.5,16.204166666666666,-13.784915693034447,8.405358019402472,95.83333333333333,66.29166666666667,323.0,94.125,,,,,,,,301.8777148206144,0.9966765723513316,0.0,0.0,0.0,0.0,0.0,0.0,,0.0,0,0,0.0,0.0,0.28,0.7000000000000001,13.86,1.0,19.46,0.0,0.0,0.0,0.0,,,,,-0.8491771593675818,0.5281080874294624,-0.8491771593675818,0.5281080874294624,-13.210544205824679,8.055134768594035,4.0,254.0,,0.0,0.0,4,0.0,0.0,0.48808333333333326,0.0,-0.0,64.81666666666666,2.4624999999999995,157,6,2021,66
2021-06-07,0.0,0.0,0,0.0,1.8,5.2,3.545833333333333,30.0,19.654166666666665,-14.36497675843907,13.287616733431873,85.95833333333333,72.70833333333333,297.0,73.83333333333333,,,,,,,,311.9572516244969,0.9956480542676787,0.0,0.0,0.0,0.0,0.0,0.0,,0.041666666666666664,0,0,0.0,0.0,0.28,0.7000000000000001,13.86,1.0,19.46,0.0,0.0,0.0,0.0,,,,,-0.7436438568698073,0.6685759598877286,-0.7436438568698073,0.6685759598877286,-12.347894605274917,11.421813883779148,5.0,255.0,,0.0,0.0,5,0.0,0.0,0.45055555555555554,0.0,-0.0,98.27083333333333,0.5958333333333332,158,6,2021,67
2021-06-08,4.6899999999999995,7.1,9,1.33,-0.6,3.6,1.679166666666667,34.1,21.579166666666666,-14.630691193672385,15.39410398708567,91.29166666666667,57.5,283.0,76.625,,,,,,,,318.6804684296289,0.9473886681902373,0.7111111111111111,7.7444444444444445,13.3,97.33333333333333,-4.401190724178089,5.337133532822452,324.08468083772635,0.041666666666666664,0,9,4.6899999999999995,4.6899999999999995,4.97,5.39,18.55,1.0,24.15,0.0,0.0,0.0,0.0,,,,,-0.6602577281968877,0.7510391017492264,-0.5865889164621794,0.8098848332224319,-13.356601835556749,14.053534098210294,0.0,256.0,1.0,0.9436619718309859,100.0,0,0.9836891404320987,4.6899999999999995,0.42263888888888895,36.32144444444444,0.0,0.0,-1.866666666666666,159,6,2021,68
2021-06-09,20.65,29.6,20,3.78,-2.5,0.4,-0.8375,11.9,6.683333333333334,-0.595650069384495,-2.774068670490216,97.29166666666667,31.5,180.0,96.375,,,,,,,,197.10833545845932,0.4351561016817624,-0.58,6.625,11.9,97.05,0.03749402867370801,-4.498533693336482,183.98436923984767,0.0,1,19,25.339999999999996,25.339999999999996,25.339999999999996,25.619999999999997,39.2,2.0,44.8,0.0,0.0,0.0,0.0,,,,,-0.2941793720299182,-0.9557502273460797,-0.06948432746959891,-0.9975830432781512,-0.5795178800053317,-2.698937643997773,0.0,0.0,0.8149171270718233,1.0,100.0,0,5.009609335937499,25.339999999999996,0.3541944444444445,136.80624999999998,0.0,0.0,-2.516666666666667,160,6,2021,69
2021-06-10,3.7800000000000002,5.5,15,0.84,-1.8,0.9,-0.35000000000000003,19.9,15.35,13.38740513096707,-6.760708906720794,97.375,81.5,377.0,92.875,,,,,,,,116.6417275618115,0.9777003085051763,-0.5466666666666666,14.3,19.0,98.93333333333334,12.101310444001196,-7.392078204909186,120.86535828826347,0.0,0,8,24.43,29.119999999999997,29.119999999999997,29.4,39.059999999999995,2.0,48.58,0.0,0.0,0.0,0.0,,,,,0.8938279042549105,-0.44841016667251693,0.858375242036207,-0.5130223619485638,13.035985746279184,-6.583240297919373,0.0,1.0,0.12980769230769232,1.0,75.222,1,0.8185070250000002,29.119999999999997,0.39891666666666664,54.05400000000001,0.0,15.35,0.4875,161,6,2021,70
2021-06-11,4.55,7.2,8,1.19,0.1,3.5,1.8083333333333333,25.7,14.058333333333332,0.7794156934132275,-3.672340794148027,98.29166666666667,60.708333333333336,279.0,99.16666666666667,,,,,,,,175.30189973942439,0.33579761626805243,0.95,17.9125,19.9,99.875,12.937237374166433,-12.371458504184362,133.6248506045062,0.0,0,8,8.33,28.979999999999997,33.669999999999995,33.949999999999996,43.61,2.0,53.129999999999995,0.0,0.0,0.0,0.0,,,,,0.08190546337030413,-0.9966401030813961,0.7238726881854526,-0.689933570207427,0.7661006753174182,-3.6096049722479986,0.0,2.0,0.1570048309178744,0.8607068607068608,100.0,2,0.7989400097656252,28.979999999999997,0.44588888888888895,81.501875,0.0,28.116666666666664,2.158333333333333,162,6,2021,71
2021-06-12,4.06,7.8,16,0.56,0.9,2.5,1.6958333333333335,30.2,23.891666666666666,-20.047507242135577,12.919480603272447,99.0,51.791666666666664,238.0,99.91666666666667,,,,,,,,303.12493383448907,0.9982454065308596,1.625,24.80625,30.0,98.625,-20.856464354251173,13.332723369999277,302.99980930557103,0.0,0,10,8.61,12.39,37.73,38.01,47.669999999999995,1.0,57.19,0.0,0.0,0.0,0.0,,,,,-0.8374809860146291,0.5464664656353259,-0.8386723806332786,0.54463624371034,-19.847032169714222,12.790285797239724,0.0,3.0,0.327683615819209,0.3283858998144713,100.0,3,0.5864767138671874,12.39,0.42008333333333336,100.71337499999998,0.0,71.675,-0.11249999999999982,163,6,2021,72
2021-06-13,0.0,0.1,0,0.0,0.5,3.3,1.6375,20.6,10.55,-8.823613164688384,5.67632285787914,98.54166666666667,76.25,347.0,97.54166666666667,,,,,,,,306.2376076508772,0.9832496809315896,0.0,0.0,0.0,0.0,0.0,0.0,,0.0,0,0,4.06,8.61,37.73,38.01,46.69,1.0,57.19,0.0,0.0,0.0,0.0,,,,,-0.8065724781675767,0.5911352108127328,-0.8065724781675767,0.5911352108127328,-8.694935472703344,5.593543149535069,1.0,4.0,0.0,0.22820037105751392,0.0,4,0.0,4.305,0.45263888888888887,0.0,-0.0,42.2,-0.05833333333333357,164,6,2021,73
2021-06-14,0.0,0.0,0,0.0,1.1,6.5,3.2708333333333335,5.9,2.504166666666667,-0.1879350204356317,0.6826225045843239,91.5,87.95833333333333,407.0,75.125,,,,,,,,351.5940971102321,0.36442588422322086,0.0,0.0,0.0,0.0,0.0,0.0,,0.0,0,0,0.0,4.06,37.73,38.01,39.55,1.0,57.19,0.0,0.0,0.0,0.0,,,,,-0.1461849474323774,0.9892572775290527,-0.1461849474323774,0.9892572775290527,-0.17196054369860303,0.6245995916946564,2.0,5.0,0.0,0.10760667903525047,0.0,5,0.0,1.3533333333333333,0.5080833333333333,0.0,-0.0,12.520833333333334,1.6333333333333335,165,6,2021,74
2021-06-15,0.0,0.0,0,0.0,-0.4,5.3,1.675,8.2,4.6625000000000005,-2.0208425907508283,3.880754364203279,90.125,104.54166666666667,440.0,47.083333333333336,,,,,,,,334.7545765957701,0.9433007073008488,0.0,0.0,0.0,0.0,0.0,0.0,,0.16666666666666666,0,0,0.0,0.0,33.04,38.01,39.199999999999996,1.0,57.19,0.0,0.0,0.0,0.0,,,,,-0.42649649368031195,0.9044892154572102,-0.42649649368031195,0.9044892154572102,-1.821284384914184,3.497529870738205,3.0,6.0,,0.0,0.0,6,0.0,0.0,0.48788888888888887,0.0,-0.0,27.975,-1.5958333333333334,166,6,2021,75
2021-06-16,0.91,2.7,4,0.42,-1.4,5.0,1.3291666666666666,15.3,8.137500000000001,-4.57930809220376,6.498685178448235,90.41666666666667,77.58333333333333,383.0,74.5,,,,,,,,327.7517299150054,0.9745706294001678,0.8,8.325,11.0,98.25,-6.094550537710082,5.5101511088366655,314.25554510735645,0.125,0,4,0.91,0.91,13.299999999999999,38.63999999999999,39.339999999999996,0.0,58.099999999999994,0.0,0.0,0.0,0.0,,,,,-0.5335889808553155,0.8457439325882189,-0.7162344076437746,0.6978597805484791,-4.140457733367566,5.875894515513613,0.0,7.0,1.0,0.06842105263157895,13.923000000000002,5,0.18751971875,0.91,0.46422222222222215,7.575749999999999,0.0,40.68750000000001,-0.34583333333333344,167,6,2021,76
2021-06-17,0.8400000000000001,1.2,7,0.28,-0.3,1.2,0.12083333333333333,23.8,18.849999999999998,-17.03969907714013,7.941250345210997,98.125,81.54166666666667,358.0,97.625,,,,,,,,295.4076907301243,0.9965874466901784,-0.14285714285714285,16.7,23.7,99.71428571428571,-14.507321938344152,8.146273818269309,300.13247666440515,0.0,1,3,1.75,1.75,10.360000000000001,39.48,40.18,1.0,58.94,0.0,0.0,0.0,0.0,,,,,-0.9032777093792548,0.4290563829365164,-0.864867012917424,0.5020010457830665,-16.720204719443753,7.79235190123829,0.0,8.0,0.48000000000000004,0.1689189189189189,19.992,6,0.16853625000000003,1.75,0.4081111111111111,14.028,0.0,113.1,-1.2083333333333333,168,6,2021,77
2021-06-18,4.41,7.3,13,0.91,-2.1,2.2,0.325,21.3,13.358333333333334,-7.634861405437292,-4.497994683741225,98.5,38.416666666666664,187.0,98.125,,,,,,,,245.03226268260053,0.7262925157354546,1.4,13.807692307692308,21.3,99.15384615384616,-3.981730353832137,-10.844371689681271,210.84452934769857,0.0,0,13,5.25,6.16,10.219999999999999,43.88999999999999,44.589999999999996,1.0,63.349999999999994,0.0,0.0,0.0,0.0,,,,,-0.9065456154749968,-0.42210786188255156,-0.5127102798202714,-0.8585616861743942,-7.520338484355732,-4.430524763485106,0.0,9.0,0.7159090909090909,0.6027397260273973,93.933,0,0.7845029567307696,6.16,0.4028333333333333,60.891923076923085,0.0,0.0,0.20416666666666666,169,6,2021,78
2021-06-19,1.12,2.3000000000000003,13,0.21,-0.2,1.9,1.2291666666666667,23.3,20.8875,7.869327045430388,-19.195714237789264,99.625,37.916666666666664,180.0,100.0,,,,,,,,157.44890169807928,0.9932059531688494,1.4769230769230768,22.153846153846153,23.3,99.6923076923077,7.617435031181032,-20.644140627850252,159.76110437912655,0.0,1,10,5.53,6.37,7.28,45.01,45.71,2.0,64.47,0.0,0.0,0.0,0.0,,,,,0.3835072268882799,-0.9235378751975803,0.34593522161329504,-0.9382583985488009,7.8398170690100235,-19.123730309397555,0.0,10.0,0.17582417582417584,0.875,26.096000000000004,1,0.17255952662721902,6.37,0.39958333333333335,24.812307692307694,0.0,20.8875,0.9041666666666668,170,6,2021,79
2021-06-20,0.0,0.0,0,0.0,-2.7,2.7,0.5375,19.3,11.0875,7.7416414969663885,-3.047760770746807,92.625,79.41666666666667,356.0,67.29166666666667,,,,,,,,91.98519345831855,0.6741862659992587,0.0,0.0,0.0,0.0,0.0,0.0,,0.20833333333333334,1,0,1.12,5.53,7.28,45.01,45.709999999999994,3.0,64.47,0.0,0.0,0.0,0.0,,,,,0.9993998124773953,-0.03464123006111479,0.9993998124773953,-0.03464123006111479,7.170695436565118,-2.8229884139042296,1.0,11.0,0.0,0.7596153846153846,0.0,2,0.0,2.765,0.4216944444444444,0.0,-0.0,22.175,-0.6916666666666668,171,6,2021,80
2021-06-21,0.0,0.0,0,0.0,-4.1,6.4,0.04583333333333337,7.7,4.733333333333333,-1.1472922663256802,3.7511797508958615,65.91666666666667,129.16666666666666,522.0,0.75,,,,,,,,351.5343029056802,0.6269267952832466,0.0,0.0,0.0,0.0,0.0,0.0,,1.0,1,0,0.0,1.12,7.28,45.01,45.709999999999994,4.0,64.47,0.0,0.0,0.0,0.0,,,,,-0.14721726221520207,0.9891041793996528,-0.14721726221520207,0.9891041793996528,-0.7562568188863442,2.472652652465522,2.0,12.0,0.0,0.15384615384615385,0.0,3,0.0,0.37333333333333335,0.4480555555555556,0.0,-0.0,14.2,-0.4916666666666666,172,6,2021,81
2021-06-22,0.0,0.0,0,0.0,-5.0,5.9,0.6708333333333334,11.7,5.8999999999999995,-2.805185650504915,4.966820361736828,76.83333333333333,125.875,519.0,54.5,,,,,,,,329.7721063887806,0.9638639463020714,0.0,0.0,0.0,0.0,0.0,0.0,,0.4166666666666667,0,0,0.0,0.0,7.28,40.32,45.709999999999994,4.0,64.47,0.0,0.0,0.0,0.0,,,,,-0.5034406465345063,0.8640298116482547,-0.5034406465345063,0.8640298116482547,-2.1553176414712762,3.8161736446011294,3.0,13.0,,0.0,0.0,4,0.0,0.0,0.47113888888888883,0.0,-0.0,23.599999999999998,0.625,173,6,2021,82
2021-06-23,0.0,7.4,0,0.0,3.6,5.1,4.2875000000000005,34.1,20.724999999999998,-15.157701111993267,14.080413812705435,82.25,47.208333333333336,240.0,100.0,,,,,,,,312.49974601287596,0.9980595376587882,0.0,0.0,0.0,0.0,0.0,0.0,,0.0,0,0,0.0,0.0,6.37,19.67,45.709999999999994,4.0,64.47,0.0,0.0,0.0,0.0,,,,,-0.7372803316345294,0.6755869393237841,-0.7372803316345294,0.6755869393237841,-12.467209164614463,11.581140360950222,4.0,14.0,,0.0,0.0,5,0.0,0.0,0.41897222222222225,0.0,-0.0,103.62499999999999,3.616666666666667,174,6,2021,83
2021-06-24,4.97,40.8,8,1.33,1.6,5.8,3.733333333333333,30.3,24.179166666666664,-18.612135767933054,15.168545633258246,96.95833333333333,39.666666666666664,196.0,86.08333333333333,,,,,,,,308.83661971186854,0.9930900576294438,4.0875,27.0,29.6,97.125,-19.56317578780135,18.559910932581516,313.6245980724749,0.041666666666666664,0,5,4.97,4.97,10.5,20.86,50.67999999999999,3.0,69.44,0.0,0.0,0.0,0.0,,,,,-0.7789373216409401,0.6271017851631732,-0.723875729071266,0.6899303797206955,-18.046016638325092,14.707169036913307,0.0,15.0,1.0,0.47333333333333333,100.0,0,0.48669113281250004,4.97,0.4785277777777777,134.19,0.0,0.0,-0.5541666666666676,175,6,2021,84
2021-06-25,4.34,8.200000000000001,20,0.63,1.0,2.5,1.7666666666666666,25.2,19.354166666666668,-16.28955749019517,10.297113101927012,98.66666666666667,41.041666666666664,205.0,100.0,,,,,,,,302.255106418035,0.995340086408967,1.725,18.925,23.7,98.75,-15.954471190088034,10.006906586740744,302.2057760394156,0.0,0,10,9.309999999999999,9.309999999999999,10.43,20.650000000000002,54.6,3.0,73.78,0.0,0.0,0.0,0.0,,,,,-0.845680260587707,0.53368988827999,-0.8461394420878682,0.5329615788621457,-16.0723633903259,10.159818260567986,0.0,16.0,0.4661654135338346,0.8926174496644295,100.0,1,0.6854428164062497,9.309999999999999,0.41180555555555554,82.1345,0.0,19.354166666666668,-1.9666666666666663,176,6,2021,85
2021-06-26,1.26,2.2,12,0.21,0.2,2.3,1.0083333333333333,25.3,20.383333333333333,-18.522706765182892,8.382461725178606,99.41666666666667,73.0,293.0,99.91666666666667,,,,,,,,293.91626094905473,0.9972130784343954,1.1416666666666666,19.375,23.5,99.33333333333333,-17.77237137413741,7.606938131823418,292.6688653125174,0.0,0,4,5.6,10.57,10.569999999999999,17.849999999999998,55.86,2.0,75.03999999999999,0.0,0.0,0.0,0.0,,,,,-0.9141389363568054,0.4054010422241762,-0.9227476556664373,0.38540467558411123,-18.414657642385993,8.333564031781732,0.0,17.0,0.11920529801324503,1.0000000000000002,31.878,2,0.21145810546875,10.57,0.4311666666666667,24.4125,0.0,40.766666666666666,-0.7583333333333333,177,6,2021,86
2021-06-27,0.0,0.0,0,0.0,-1.6,2.8,0.46666666666666673,24.9,13.120833333333332,-10.821639240920641,7.012197480980338,97.04166666666667,75.20833333333333,366.0,87.20833333333333,,,,,,,,310.02642171855564,0.9338886049111237,0.0,0.0,0.0,0.0,0.0,0.0,,0.0,1,0,1.26,5.6,10.57,17.849999999999998,55.86,2.0,75.03999999999999,0.0,0.0,0.0,0.0,,,,,-0.7657479427536374,0.6431407996454369,-0.7657479427536374,0.6431407996454369,-10.501499080043407,6.804753305501337,1.0,18.0,0.0,0.5298013245033112,0.0,3,0.0,2.8,0.43583333333333335,0.0,-0.0,39.3625,-0.5416666666666665,178,6,2021,87
2021-06-28,0.0,0.0,0,0.0,-4.8,6.6,0.34166666666666673,6.5,4.029166666666667,-0.7798368333764681,3.2349928444395135,75.75,130.70833333333334,525.0,2.0,,,,,,,,338.7749102930755,0.7823199366315527,0.0,0.0,0.0,0.0,0.0,0.0,,0.9583333333333334,1,0,0.0,1.26,10.57,17.849999999999998,55.86,2.0,75.03999999999999,0.0,0.0,0.0,0.0,,,,,-0.3620327981199387,0.932165357157971,-0.3620327981199387,0.932165357157971,-0.5907264012826746,2.4505070796629314,2.0,19.0,0.0,0.11920529801324503,0.0,4,0.0,0.42,0.48630555555555555,0.0,-0.0,16.116666666666667,-0.125,179,6,2021,88
2021-06-29,0.0,0.0,0,0.0,-4.2,6.3,0.6083333333333334,7.4,5.2749999999999995,-2.234799815248983,4.523713559971814,71.16666666666667,130.66666666666666,526.0,13.583333333333334,,,,,,,,332.4901593616255,0.9509928521802221,0.0,0.0,0.0,0.0,0.0,0.0,,0.75,1,0,0.0,0.0,10.57,17.849999999999998,55.86,3.0,75.03999999999999,0.0,0.0,0.0,0.0,,,,,-0.461900951900531,0.8869315140603492,-0.461900951900531,0.8869315140603492,-1.5904325351855266,3.2193761501799414,3.0,20.0,,0.0,0.0,5,0.0,0.0,0.4643333333333333,0.0,-0.0,26.374999999999996,0.26666666666666666,180,6,2021,89
2021-06-30,0.0,0.1,0,0.0,1.3,6.2,3.25,13.0,9.333333333333334,-2.703800577103715,8.607285538141378,85.625,110.25,430.0,21.666666666666668,,,,,,,,342.0161270221063,0.968599601373215,0.0,0.0,0.0,0.0,0.0,0.0,,0.5416666666666666,0,0,0.0,0.0,10.57,16.939999999999998,55.86,3.0,75.03999999999999,0.0,0.0,0.0,0.0,,,,,-0.3087492886076854,0.9511434575206036,-0.3087492886076854,0.9511434575206036,-2.315129244145056,7.369988242033555,4.0,21.0,,0.0,0.0,6,0.0,0.0,0.4966944444444444,0.0,-0.0,56.0,2.6416666666666666,181,6,2021,90
2021-07-01,0.49000000000000005,5.1,3,0.28,1.3,6.3,2.891666666666667,10.8,6.895833333333333,-2.7523970670205276,6.246864628363379,88.79166666666667,78.41666666666667,379.0,63.25,,,,,,,,336.8476879830499,0.9889465912043361,2.2333333333333334,4.166666666666667,5.1,95.66666666666667,-1.441904109561705,3.8338968969778855,337.967643380872,0.125,0,2,0.49000000000000005,0.49000000000000005,6.09,16.59,56.35,3.0,75.53,0.0,0.0,0.0,0.0,,,,,-0.39317676556423914,0.9194629035586174,-0.37513014176380216,0.9269721553208973,-2.443899229091977,5.546695217934317,0.0,22.0,1.0,0.08045977011494254,5.292000000000001,6,0.09018637152777775,0.49000000000000005,0.48825,2.041666666666667,0.0,41.375,-0.35833333333333295,182,7,2021,91
2021-07-02,0.0,0.5,0,0.0,1.3,4.3,2.55,24.9,14.516666666666666,-10.927953661728246,9.413709596529632,95.70833333333333,88.54166666666667,388.0,89.54166666666667,,,,,,,,312.14205491893193,0.9888337964102092,0.0,0.0,0.0,0.0,0.0,0.0,,0.0,0,0,0.49000000000000005,0.49000000000000005,1.75,12.18,56.07,3.0,75.53,0.0,0.0,0.0,0.0,,,,,-0.7414835501552791,0.6709710462077508,-0.7414835501552791,0.6709710462077508,-10.458962317079074,9.009704559678568,1.0,23.0,0.0,0.28,0.0,6,0.0,0.24500000000000002,0.47361111111111115,0.0,-0.0,87.1,-0.34166666666666723,183,7,2021,92
2021-07-03,2.94,4.5,16,0.42,-3.3,1.8,-0.43333333333333335,27.7,20.491666666666667,-16.013807735843645,12.658466686525259,93.91666666666667,94.95833333333333,415.0,90.83333333333333,,,,,,,,308.46009678740296,0.9962881667181988,0.037500000000000006,22.18125,27.7,94.5,-17.355956282355564,13.637533904909912,308.3770541872104,0.0,0,9,2.94,3.43,3.4299999999999997,14.0,59.01,3.0,78.47,0.0,0.0,0.0,0.0,,,,,-0.7830415126360295,0.6219694441760615,-0.7839421517254765,0.6208338769332984,-15.039634431913157,11.888409963094974,0.0,24.0,0.8571428571428571,1.0000000000000002,81.438,0,0.5292177290039062,3.43,0.4163611111111111,65.212875,0.0,0.0,-2.9833333333333334,184,7,2021,93
2021-07-04,1.8900000000000001,2.8000000000000003,16,0.21,-2.9,-0.8,-1.6875,30.5,24.729166666666668,-19.98899124287718,14.445950656395775,97.54166666666667,54.791666666666664,227.0,99.79166666666667,,,,,,,,305.7099224054064,0.9971290075590057,-1.8875,22.73125,28.2,98.0,-18.539124730185595,13.047144567809891,305.0020403564393,0.0,0,9,4.83,4.83,5.32,15.89,60.9,2.0,80.36,0.0,0.0,0.0,0.0,,,,,-0.811982457839041,0.5836818381290187,-0.81913161817481,0.5736056067598341,-19.49759520815645,14.090821036092713,0.0,25.0,0.391304347826087,0.9078947368421052,57.645,1,0.40208702563476556,4.83,0.36166666666666664,42.9620625,0.0,24.729166666666668,-1.2541666666666667,185,7,2021,94
2021-07-05,0.35000000000000003,0.5,2,0.28,-3.1,1.6,-1.0333333333333334,18.1,10.483333333333333,-9.20780298803116,4.493951699737895,92.58333333333333,117.41666666666667,509.0,72.875,,,,,,,,297.4727294487481,0.9742217769623525,-1.1,16.6,18.1,99.0,-15.173192715871295,6.726884588970208,294.0,0.08333333333333333,1,2,2.24,5.18,5.67,16.24,61.25,2.0,80.71,0.0,0.0,0.0,0.0,,,,,-0.8872305069880528,0.46132637846726543,-0.9135454576426011,0.40673664307579976,-8.524890933085516,4.160650282007334,0.0,26.0,0.06756756756756757,0.9135802469135802,6.335000000000001,2,0.07697156250000002,5.18,0.4224444444444444,5.810000000000001,0.0,20.966666666666665,0.6541666666666666,186,7,2021,95
2021-07-06,0.0,0.0,0,0.0,-3.8,3.6,-0.8125,13.0,6.1625000000000005,-2.39448529751383,2.5520621644915793,83.95833333333333,120.5,505.0,82.25,,,,,,,,307.9990812686087,0.4614037635950213,0.0,0.0,0.0,0.0,0.0,0.0,,0.0,1,0,0.35000000000000003,2.24,5.67,16.24,61.25,2.0,80.71,0.0,0.0,0.0,0.0,,,,,-0.7880206255680464,0.6156488395825536,-0.7880206255680464,0.6156488395825536,-2.0103699477043198,2.1426688589377214,1.0,27.0,0.0,0.39506172839506176,0.0,3,0.0,1.12,0.4401944444444444,0.0,-0.0,18.4875,0.22083333333333344,187,7,2021,96
2021-07-07,0.0,0.0,0,0.0,-5.7,4.6,-1.0374999999999999,6.6,3.9499999999999997,0.9616626581871697,3.3601797783900893,72.70833333333333,115.83333333333333,495.0,47.625,,,,,,,,9.18340736350405,0.8405402799268329,0.0,0.0,0.0,0.0,0.0,0.0,,0.20833333333333334,1,0,0.0,0.35000000000000003,5.67,16.24,61.25,3.0,80.71,0.0,0.0,0.0,0.0,,,,,0.15959531014105888,0.9871825246533588,0.15959531014105888,0.9871825246533588,0.6992088910569213,2.443130713871127,2.0,28.0,0.0,0.0617283950617284,0.0,4,0.0,0.11666666666666668,0.42180555555555554,0.0,-0.0,15.799999999999999,-0.22499999999999987,188,7,2021,97
2021-07-08,0.0,0.0,0,0.0,-4.1,4.9,-0.06666666666666661,7.6,4.891666666666667,-1.8160879149166995,4.113423092122262,51.75,124.45833333333333,514.0,63.583333333333336,,,,,,,,336.62698624093406,0.925738543990018,0.0,0.0,0.0,0.0,0.0,0.0,,0.2916666666666667,1,0,0.0,0.0,5.18,11.270000000000001,56.56,4.0,80.71,0.0,0.0,0.0,0.0,,,,,-0.39671558531119266,0.9179415800426506,-0.39671558531119266,0.9179415800426506,-0.9398254959693919,2.128696450173271,3.0,29.0,,0.0,0.0,5,0.0,0.0,0.36436111111111114,0.0,-0.0,24.458333333333332,0.9708333333333332,189,7,2021,98
2021-07-09,0.0,0.0,0,0.0,-4.3,4.7,1.0416666666666667,6.6,4.145833333333333,0.46021211049597893,0.15774513121044262,58.25,113.91666666666667,513.0,71.58333333333333,,,,,,,,72.87047272351886,0.0740628502374517,0.0,0.0,0.0,0.0,0.0,0.0,,0.0,0,0,0.0,0.0,5.18,6.93,35.91,4.0,80.71,0.0,0.0,0.0,0.0,,,,,0.9556413547329927,0.2945328523681024,0.9556413547329927,0.2945328523681024,0.26807355436390773,0.09188653893008283,4.0,30.0,,0.0,0.0,6,0.0,0.0,0.3745555555555556,0.0,-0.0,24.875,1.1083333333333334,190,7,2021,99
2021-07-10,0.0,0.2,0,0.0,-4.0,3.3,0.7416666666666667,11.3,6.795833333333333,4.834043991955271,-3.044439542841331,89.54166666666667,86.29166666666667,329.0,45.75,,,,,,,,110.92786692956928,0.7316562949414073,0.0,0.0,0.0,0.0,0.0,0.0,,0.2916666666666667,1,0,0.0,0.0,2.24,5.67,32.13,5.0,80.71,0.0,0.0,0.0,0.0,,,,,0.9340308572880678,-0.3571923258326208,0.9340308572880678,-0.3571923258326208,4.328483557796615,-2.7260419073191753,5.0,31.0,,0.0,0.0,6,0.0,0.0,0.42933333333333334,0.0,-0.0,40.775,-0.30000000000000004,191,7,2021,100
2021-07-11,0.0,0.0,0,0.0,-4.2,5.6,-0.02499999999999999,7.6,5.3875,-0.9051884520394023,4.459924030184804,78.75,136.33333333333334,543.0,25.166666666666668,,,,,,,,340.75055402572286,0.8146801995365182,0.0,0.0,0.0,0.0,0.0,0.0,,0.6666666666666666,1,0,0.0,0.0,0.35000000000000003,5.67,27.58,6.0,80.71,0.0,0.0,0.0,0.0,,,,,-0.3296815163096686,0.944092208316411,-0.3296815163096686,0.944092208316411,-0.7128359059810293,3.512190173770533,6.0,32.0,,0.0,0.0,6,0.0,0.0,0.47783333333333333,0.0,-0.0,32.325,-0.7666666666666667,192,7,2021,101
2021-07-12,0.8400000000000001,1.2000000000000002,4,0.56,-0.9,3.9,1.4291666666666665,22.9,17.7375,-13.989400671809173,10.795850176705303,88.08333333333333,103.79166666666667,501.0,84.29166666666667,,,,,,,,308.53014008449475,0.9950794811198973,1.4,19.05,22.9,92.75,-15.61145953086313,10.859840663357726,305.2511578505136,0.0,0,3,0.8400000000000001,0.8400000000000001,0.8400000000000001,6.510000000000001,24.36,5.0,81.55,0.0,0.0,0.0,0.0,,,,,-0.7822805786753055,0.6229262365861862,-0.8166298918696474,0.5771616928599541,-12.322330425085248,9.509344697314587,0.0,33.0,1.0,1.0,19.236,0,0.13759462500000005,0.8400000000000001,0.4494722222222222,16.002000000000002,0.0,0.0,1.4541666666666664,193,7,2021,102
2021-07-13,0.21000000000000002,0.4,3,0.07,0.4,3.4,1.6624999999999999,27.9,21.474999999999998,-17.822666524524017,11.904781184026952,91.95833333333333,105.20833333333333,428.0,80.08333333333333,,,,,,,,304.1214025183746,0.9979557905564755,1.4000000000000001,26.8,27.9,98.33333333333333,-23.05907068093525,13.650324510751147,300.6666365779404,0.0,0,2,1.05,1.05,1.05,6.720000000000001,24.57,4.0,81.75999999999999,0.0,0.0,0.0,0.0,,,,,-0.8278508532908794,0.5609482727538814,-0.8601494157427569,0.5100421380605664,-16.38942709151021,10.94743836381145,0.0,34.0,0.2,1.0,5.859,1,0.030024750000000017,1.05,0.45222222222222225,5.628000000000001,0.0,21.474999999999998,0.2333333333333334,194,7,2021,103
2021-07-14,11.34,17.2,16,1.26,0.2,2.6,1.3583333333333334,36.4,26.712500000000002,-21.304150817009056,15.946199874498019,93.25,89.04166666666667,417.0,92.04166666666667,,,,,,,,306.5005976034251,0.9962601912251087,1.5125,27.66875,36.4,96.375,-22.172580684871118,16.35231820988193,305.748214861102,0.0,0,16,11.55,12.39,12.39,18.060000000000002,35.91,3.0,93.1,0.0,0.0,0.0,0.0,,,,,-0.8038506564841565,0.5948311710645219,-0.8115921847758234,0.5842243795073994,-19.866120636860945,14.869831382969403,0.0,0.0,0.9152542372881355,1.0,100.0,0,1.5739972602539063,12.39,0.42797222222222225,313.763625,0.0,0.0,-0.3041666666666665,195,7,2021,104
2021-07-15,1.68,6.9,3,0.84,1.3,3.2,2.6083333333333334,25.9,18.754166666666666,-15.947575041877256,9.778005719955052,98.95833333333333,39.541666666666664,183.0,100.0,,,,,,,,301.6280512865935,0.9970871778747421,1.6666666666666667,11.566666666666668,14.3,98.66666666666667,-9.820360303236628,5.933309050732517,301.3441298270917,0.0,0,3,13.02,13.23,14.07,19.25,37.589999999999996,2.0,94.78,0.0,0.0,0.0,0.0,,,,,-0.8514702952252095,0.524402837853777,-0.8540584375084133,0.52017707112164,-15.781454468524366,9.67615149370552,0.0,1.0,0.12698412698412698,0.9402985074626866,43.51199999999999,1,0.29939583333333325,13.23,0.42733333333333334,19.432000000000002,0.0,18.754166666666666,1.25,196,7,2021,105
2021-07-16,15.05,21.9,24,1.19,-0.5,1.5,0.5791666666666667,35.0,25.833333333333332,-21.69591233510791,13.934638804875712,97.95833333333333,78.20833333333333,413.0,98.29166666666667,,,,,,,,302.2487152248523,0.9982337809027005,0.5791666666666667,25.833333333333332,35.0,97.95833333333333,-21.69591233510791,13.934638804875712,302.2487152248523,0.0,1,24,16.73,28.07,29.12,34.3,51.730000000000004,3.0,109.83,0.0,0.0,0.0,0.0,,,,,-0.8457397870265833,0.5335955515558855,-0.8457397870265833,0.5335955515558855,-21.25295412493279,13.650139929276165,0.0,0.0,0.5361596009975063,0.9639423076923077,100.0,0,2.399981825086807,28.07,0.4119999999999999,388.7916666666667,0.0,0.0,-2.029166666666667,197,7,2021,106
2021-07-17,14.63,20.900000000000002,22,3.43,-2.8,0.8,-1.5208333333333333,35.1,24.604166666666668,-21.555239398729693,11.594620219108227,97.20833333333333,56.625,262.0,99.54166666666667,,,,,,,,297.8707533836029,0.9948681589149544,-1.4181818181818182,25.222727272727273,35.1,97.04545454545455,-22.106818066731265,11.851254667110652,297.7218382929675,0.0,0,19,29.68,31.36,43.75,45.99,65.52,2.0,124.46,0.0,0.0,0.0,0.0,,,,,-0.8840043695990686,0.46747863537251994,-0.8852163868464221,0.4651794798339299,-20.953488965515152,11.270937071324788,0.0,0.0,0.46651785714285715,0.7168,100.0,1,2.859510579545454,31.36,0.3795555555555556,369.0085,0.0,24.604166666666668,-2.1,198,7,2021,107
2021-07-18,0.28,0.4,4,0.07,-1.0,2.1,0.22083333333333333,19.3,14.245833333333332,-13.373035038836077,4.41167473705598,96.33333333333333,88.83333333333333,433.0,95.25,,,,,,,,289.665066093707,0.9847565748644967,0.22499999999999998,14.95,15.7,99.5,-14.397203083538255,3.8525958767572583,285.00267068884955,0.0,1,3,14.91,29.96,44.03,44.38,61.39,2.0,124.74,0.0,0.0,0.0,0.0,,,,,-0.9416759007224055,0.3365211702087202,-0.965913761085208,0.2588640688589818,-12.882690420745421,4.249913330030594,0.0,1.0,0.009345794392523366,0.6804451510333863,5.404000000000001,2,0.05563807812500001,29.96,0.427,4.186,0.0,28.491666666666664,1.7416666666666667,199,7,2021,108
2021-07-19,0.7000000000000001,0.9,10,0.07,-1.6,0.8,-0.5041666666666667,21.1,14.137500000000001,-11.722292937136663,7.628462834374962,97.75,55.0,256.0,99.375,,,,,,,,306.39872970049333,0.9859477458572778,-0.23000000000000004,17.65,20.9,96.9,-15.44616006265205,8.485231803707755,299.09818300463365,0.0,1,8,0.9800000000000001,15.610000000000001,43.89,44.73,60.97,3.0,125.44,0.0,0.0,0.0,0.0,,,,,-0.8049069537941517,0.5934010412308184,-0.8737876455319565,0.48630767063220365,-11.458541346051089,7.456822420601525,0.0,2.0,0.04484304932735426,0.35566188197767146,14.770000000000003,3,0.13952760937500006,15.610000000000001,0.38027777777777777,12.355,0.0,42.4125,-0.725,200,7,2021,109
2021-07-20,7.7,11.1,21,0.84,-2.0,0.2,-0.7291666666666666,31.7,24.974999999999998,-21.085191021405624,9.626904975745314,97.5,43.125,162.0,98.16666666666667,,,,,,,,289.7837413965784,0.895191031311594,-0.6428571428571429,25.9,31.7,97.33333333333333,-21.962256262656194,10.438642562292804,290.9308990832483,0.0,1,20,8.4,8.68,51.38,52.43,68.67,4.0,133.14,0.0,0.0,0.0,0.0,,,,,-0.940976853430931,0.33847091648651917,-0.9340119529817974,0.35724175524024154,-20.558061245870487,9.386232351351682,0.0,3.0,0.8870967741935485,0.16893732970027248,100.0,4,1.3854671874999998,8.68,0.3581944444444444,199.43,0.0,99.89999999999999,-0.22499999999999998,201,7,2021,110
2021-07-21,0.07,0.1,1,0.07,-4.5,1.7,-2.2916666666666665,17.2,10.741666666666667,-5.067977606249843,-6.946969102120934,88.20833333333333,114.95833333333333,513.0,59.0,,,,,,,,231.12265249543393,0.6995762327446435,-3.1,14.6,14.6,98.0,-11.184248869537077,-9.384699101423475,230.0,0.125,1,1,7.7700000000000005,8.47,40.11,52.5,68.74,5.0,133.21,0.0,0.0,0.0,0.0,,,,,-0.778491359565483,-0.6276553218780876,-0.7660444431189779,-0.6427876096865395,-4.470378580179549,-6.1278056621625066,0.0,4.0,0.008264462809917356,0.2111692844677138,1.204,5,0.018741187500000003,8.47,0.40844444444444444,1.022,0.0,53.708333333333336,-1.5625,202,7,2021,111
2021-07-22,0.0,0.0,0,0.0,-5.4,3.1,-1.4208333333333334,16.0,7.358333333333333,-3.4962038316120325,6.209359454025482,67.75,141.91666666666666,569.0,48.333333333333336,,,,,,,,333.6425718135494,0.964427231504181,0.0,0.0,0.0,0.0,0.0,0.0,,0.4166666666666667,1,0,0.07,7.7700000000000005,38.43,52.5,68.74,6.0,133.21,0.0,0.0,0.0,0.0,,,,,-0.44396952626711367,0.8960418850400659,-0.44396952626711367,0.8960418850400659,-2.368678095917152,4.2068410301022645,1.0,5.0,0.0,0.20218579234972678,0.0,6,0.0,3.8850000000000002,0.3893333333333333,0.0,-0.0,44.15,0.8708333333333331,203,7,2021,112
2021-07-23,2.24,3.1999999999999997,10,0.84,-3.0,1.0,-0.6291666666666667,21.1,10.591666666666667,-7.051894513027463,7.798927500247288,87.41666666666667,55.25,316.0,98.91666666666667,,,,,,,,319.0966132389356,0.9908449171604847,-0.78,9.36,12.4,88.4,-6.040466291764572,7.0878889259291835,319.2931447223734,0.0,1,5,2.24,2.31,25.62,54.74,70.98,6.0,135.45,0.0,0.0,0.0,0.0,,,,,-0.6547854911714759,0.7558147660315516,-0.6521891077871993,0.7580563090455332,-6.164531120138174,6.817562456466171,0.0,6.0,0.9696969696969697,0.09016393442622951,47.26400000000001,6,0.5330494400000002,2.31,0.3504444444444445,20.9664,0.0,63.55,0.7916666666666667,204,7,2021,113
2021-07-24,13.3,19.0,21,2.59,-0.6,0.5,-0.09166666666666667,34.0,22.983333333333334,-18.497585137125956,13.466206478318936,98.0,45.208333333333336,210.0,99.91666666666667,,,,,,,,305.7921201688701,0.9956656007096628,-0.1285714285714286,24.68095238095238,34.0,97.80952380952381,-19.88482025943527,14.42113777432723,305.52307520472954,0.0,0,21,15.540000000000001,15.540000000000001,24.29,68.04,79.31,6.0,148.75,0.0,0.0,0.0,0.0,,,,,-0.8111442599614997,0.5848461246614455,-0.8138815810185462,0.5810307841059298,-18.127633434383437,13.196882348752558,0.0,0.0,0.8558558558558559,0.6397694524495677,100.0,0,2.3287590327380956,15.540000000000001,0.36791666666666667,328.25666666666666,0.0,0.0,0.5375,205,7,2021,114
2021-07-25,16.03,22.900000000000002,24,2.73,-4.0,-0.4,-2.8375,34.8,27.520833333333332,-24.27840519184706,12.61410308362026,96.41666666666667,57.25,240.0,99.83333333333333,,,,,,,,297.5609299194373,0.992972001547328,-2.8375,27.520833333333332,34.8,96.41666666666667,-24.27840519184706,12.61410308362026,297.5609299194373,0.0,0,24,29.330000000000002,31.57,40.04,84.07,91.0,5.0,164.78,0.0,0.0,0.0,0.0,,,,,-0.8865192954510296,0.46269162386303275,-0.8865192954510296,0.46269162386303275,-23.408429005805875,12.162097723123868,0.0,0.0,0.5077605321507761,0.7884615384615384,100.0,0,3.3748224601236982,31.57,0.3595555555555556,441.1589583333334,0.0,0.0,-2.745833333333333,206,7,2021,115
2021-07-26,1.1900000000000002,5.0,11,0.28,-2.2,3.1,1.325,36.9,33.5,-29.59609343148692,15.58010647033778,98.95833333333333,45.0,190.0,100.0,,,,,,,,297.8321844503384,0.9983935797573098,-0.06363636363636366,32.4,35.9,99.0,-27.89166319038236,16.41525225769863,300.4541892143462,0.0,0,11,17.220000000000002,30.52,40.53,84.42,90.93,4.0,165.97,0.0,0.0,0.0,0.0,,,,,-0.8843188548096532,0.4668834576509897,-0.8620346867999116,0.5068492860345948,-29.287800791575595,15.417813694605094,0.0,1.0,0.038990825688073404,0.7530224525043178,43.911,1,0.1781389431818182,30.52,0.42874999999999996,38.556000000000004,0.0,33.5,4.1625,207,7,2021,116
2021-07-27,0.07,1.0,1,0.07,1.5,3.7,2.4,36.4,28.741666666666664,-23.432550242077898,16.117197092440453,93.04166666666667,111.70833333333333,538.0,65.08333333333333,,,,,,,,306.0454911334841,0.9895852698743194,1.8,34.1,34.1,98.0,-30.108512916489417,16.008980290998863,298.0,0.20833333333333334,0,1,1.2600000000000002,17.29,32.9,84.28,91.00000000000001,3.0,166.04,0.0,0.0,0.0,0.0,,,,,-0.8085500555346161,0.5884274022298496,-0.8829475928589271,0.4694715627858904,-21.80203528773331,14.995708794758139,0.0,2.0,0.004048582995951418,0.5255319148936171,2.548,2,0.0082333125,17.29,0.4668333333333334,2.3870000000000005,0.0,57.48333333333333,1.075,208,7,2021,117
2021-07-28,11.76,18.2,18,2.1,-0.8,4.5,2.2583333333333333,44.6,29.86666666666667,-22.04910891876973,19.313863137921448,90.25,77.79166666666667,475.0,94.70833333333333,,,,,,,,310.62059421747176,0.9773388575337367,1.7666666666666666,28.16111111111111,43.0,92.66666666666667,-21.162041023989477,17.612152064225004,308.7393338710018,0.0,0,11,11.83,13.019999999999996,44.59,84.7,102.76,2.0,177.8,0.0,0.0,0.0,0.0,,,,,-0.7590373460245378,0.6510470853479233,-0.7800009909098187,0.6257782787694863,-19.89932079918968,17.430761481974105,0.0,0.0,0.9032258064516132,0.29199372056514905,100.0,3,1.5685151805555555,13.019999999999996,0.45269444444444445,331.17466666666667,0.0,89.60000000000001,-0.1416666666666666,209,7,2021,118
2021-07-29,0.28,0.4,4,0.07,-2.8,-0.3,-1.5458333333333334,27.6,20.379166666666666,-17.66476125687607,9.934063518546942,95.25,102.95833333333333,440.0,86.41666666666667,,,,,,,,300.3334577436133,0.99441443010126,-1.425,25.475,27.3,98.75,-23.229416585507877,10.451295619080827,294.2500142799384,0.0,0,4,12.04,12.109999999999996,44.87,83.30000000000001,103.04,1.0,178.08,0.0,0.0,0.0,0.0,,,,,-0.8631007856276555,0.5050317156861774,-0.9117619412128031,0.41071907985368916,-16.825685097174457,9.462195501415962,0.0,1.0,0.023121387283237003,0.2698907956318252,7.7280000000000015,4,0.05450796093750001,12.109999999999996,0.38613888888888886,7.133000000000001,0.0,81.51666666666667,-3.8041666666666667,210,7,2021,119
2021-07-30,0.0,0.0,0,0.0,-2.8,3.0,0.12916666666666665,21.1,16.308333333333334,-11.344414063631028,11.631758164056484,70.16666666666667,152.08333333333334,600.0,30.833333333333332,,,,,,,,315.8304243330301,0.9960882073816444,0.0,0.0,0.0,0.0,0.0,0.0,,0.2916666666666667,0,0,0.28,12.039999999999996,42.629999999999995,68.25,103.04,0.0,178.08,0.0,0.0,0.0,0.0,,,,,-0.6967843216215674,0.7172807045657733,-0.6967843216215674,0.7172807045657733,-7.959997201314438,8.1616169784463,1.0,2.0,0.0,0.28243021346469616,0.0,5,0.0,6.019999999999998,0.40194444444444444,0.0,-0.0,81.54166666666667,1.675,211,7,2021,120
2021-07-31,0.28,1.5,3,0.14,0.5,5.6,3.625,28.9,23.849999999999998,-18.698879747586314,14.674874683565816,85.29166666666667,143.16666666666666,583.0,68.45833333333333,,,,,,,,308.1713597543881,0.996811212997276,1.4333333333333333,23.53333333333333,25.0,79.0,-17.49449816701957,15.729473612067133,312.0001015623428,0.16666666666666666,0,3,0.28,0.5599999999999965,29.61,53.9,102.83,0.0,178.36,0.0,0.0,0.0,0.0,,,,,-0.786165916675253,0.618015494513009,-0.7431436393771351,0.669131923654302,-15.948586184712163,12.516445198858012,0.0,3.0,0.5000000000000032,0.018912529550827305,8.092,6,0.04232647222222222,0.5599999999999965,0.5041944444444445,6.589333333333333,0.0,143.1,3.4958333333333336,212,7,2021,121
2021-08-01,4.34,9.9,7,1.54,-1.9,5.2,1.8791666666666667,21.9,9.141666666666667,-7.093093077278492,4.565577938941053,89.20833333333333,49.708333333333336,277.0,66.875,,,,,,,,296.80744164116163,0.8922559251247516,2.2714285714285714,6.3999999999999995,12.2,95.57142857142857,-5.401960756669476,1.0447550328246882,280.5292829461166,0.25,0,5,4.62,4.6199999999999966,17.92,57.96,107.17,0.0,182.7,0.0,0.0,0.0,0.0,,,,,-0.8925272504347304,0.45099346694982184,-0.9831616415223258,0.1827380273482393,-6.3276301160221875,4.072875986363664,0.0,4.0,0.9393939393939401,0.2578124999999998,95.04599999999999,4,0.7714659999999999,4.6199999999999966,0.4460555555555556,27.775999999999996,0.0,36.56666666666667,-1.7458333333333333,213,8,2021,122
2021-08-02,0.0,0.0,0,0.0,-4.8,4.7,0.05416666666666669,19.9,9.2875,-3.4686972466599344,8.423565464405716,69.0,169.5,600.0,3.625,,,,,,,,339.4648334880888,0.9796893005310804,0.0,0.0,0.0,0.0,0.0,0.0,,0.9583333333333334,1,0,4.34,4.6199999999999966,16.729999999999997,57.260000000000005,104.23,1.0,182.7,0.0,0.0,0.0,0.0,,,,,-0.35078221787813163,0.9364570655510582,-0.35078221787813163,0.9364570655510582,-2.3934011001953546,5.812260170439944,1.0,5.0,0.0,0.2761506276150626,0.0,5,0.0,2.3099999999999983,0.4474444444444445,0.0,-0.0,46.4375,-1.825,214,8,2021,123
2021-08-03,5.8100000000000005,8.4,21,0.7,-1.1,3.0,-0.02500000000000001,30.6,22.766666666666666,-19.625637726756604,10.956891176532865,96.33333333333333,68.75,340.0,97.54166666666667,,,,,,,,299.75254342010345,0.9871988747299469,-0.3857142857142857,22.947619047619046,30.6,97.42857142857143,-20.40777942070945,10.220359839620672,297.0906855698156,0.0,1,21,5.8100000000000005,10.149999999999997,22.47,55.370000000000005,108.15,2.0,188.51,0.0,0.0,0.0,0.0,,,,,-0.8681767860595884,0.49625504344766486,-0.8902868496326122,0.45540018156698037,-18.906031010108862,10.555138500059993,0.0,6.0,0.5724137931034485,0.45171339563862917,100.0,6,1.0758117872023811,10.149999999999997,0.4336111111111111,133.32566666666668,0.0,136.6,-0.07916666666666669,215,8,2021,124
2021-08-04,2.66,3.8,18,0.42,-2.6,1.1,-0.875,33.2,24.320833333333336,-22.953758656078914,7.909025188541244,97.5,47.541666666666664,221.0,99.75,,,,,,,,288.9159382085123,0.9982132466587463,-1.1555555555555557,25.11111111111111,33.2,97.22222222222223,-23.561932156088083,8.577921232403298,289.99954307805206,0.0,0,15,8.47,8.469999999999997,13.370000000000001,57.96,110.46000000000001,2.0,191.17000000000002,0.0,0.0,0.0,0.0,,,,,-0.9459952167505776,0.32418058221464713,-0.9396953482956726,0.3420126494612071,-22.379914689676944,7.7112995588277125,0.0,7.0,0.3140495867768596,0.6335078534031411,88.31200000000001,1,0.5089877160493828,8.469999999999997,0.38113888888888886,66.79555555555555,0.0,24.320833333333336,-0.85,216,8,2021,125
2021-08-05,0.35000000000000003,0.5,5,0.07,0.6,3.0,1.5791666666666666,25.9,18.958333333333332,-18.27991229297141,3.488755071498852,96.5,102.58333333333333,510.0,97.375,,,,,,,,279.95164654609835,0.9813142709015404,1.04,21.98,25.9,99.2,-21.1555933434944,5.657893074746972,284.401121287742,0.0,0,5,3.0100000000000002,8.819999999999997,13.440000000000001,58.31,110.81,2.0,191.52,0.0,0.0,0.0,0.0,,,,,-0.9849539486798635,0.17281701010011938,-0.9685782940415337,0.24870884244753383,-17.64011536271741,3.3666486439963923,0.0,8.0,0.0396825396825397,0.6562499999999997,9.065,2,0.056859599999999996,8.819999999999997,0.4567222222222222,7.6930000000000005,0.0,37.916666666666664,2.4541666666666666,217,8,2021,126
2021-08-06,0.0,0.4,0,0.0,0.6,4.7,2.216666666666667,24.1,16.320833333333333,-13.210127783291682,9.413578505613652,87.625,135.95833333333334,540.0,74.79166666666667,,,,,,,,306.74683295315094,0.9938902698888037,0.0,0.0,0.0,0.0,0.0,0.0,,0.0,0,0,0.35000000000000003,3.0099999999999967,13.440000000000001,56.07,110.81,2.0,191.52,0.0,0.0,0.0,0.0,,,,,-0.8012868840956637,0.5982803100355738,-0.8012868840956637,0.5982803100355738,-11.575374470109336,8.248648165543962,1.0,9.0,0.0,0.22395833333333307,0.0,3,0.0,1.5049999999999983,0.4871666666666667,0.0,-0.0,48.9625,0.6375000000000002,218,8,2021,127
2021-08-07,0.0,0.0,0,0.0,-0.2,2.9,1.2125000000000001,16.5,12.137500000000001,-10.559887949319409,5.528456859952894,95.20833333333333,111.95833333333333,477.0,88.79166666666667,,,,,,,,294.3493638859585,0.9597377916415577,0.0,0.0,0.0,0.0,0.0,0.0,,0.0,1,0,0.0,0.3499999999999965,13.16,42.77,110.81,3.0,191.52,0.0,0.0,0.0,0.0,,,,,-0.9110483931423277,0.4122994365176633,-0.9110483931423277,0.4122994365176633,-10.05389331841452,5.263551635413485,2.0,10.0,0.0,0.026595744680850797,0.0,4,0.0,0.11666666666666549,0.45644444444444443,0.0,-0.0,48.550000000000004,-1.0041666666666667,219,8,2021,128
2021-08-08,0.0,0.0,0,0.0,-1.3,4.8,1.4416666666666667,9.2,5.429166666666667,-1.1532832926961993,3.6798539649318855,83.25,156.66666666666666,600.0,69.29166666666667,,,,,,,,351.31167726964696,0.666614754206692,0.0,0.0,0.0,0.0,0.0,0.0,,0.16666666666666666,1,0,0.0,0.0,8.82,26.740000000000002,110.81,4.0,191.52,0.0,0.0,0.0,0.0,,,,,-0.15105935532829884,0.9885246942630208,-0.15105935532829884,0.9885246942630208,-0.9601083411695859,3.063478425805795,3.0,11.0,,0.0,0.0,5,0.0,0.0,0.4886111111111111,0.0,-0.0,27.145833333333336,0.22916666666666652,220,8,2021,129
2021-08-09,0.0,0.0,0,0.0,-0.7,5.1,1.95,14.8,8.366666666666667,-4.796996830531438,6.564820741305984,90.125,129.875,530.0,56.083333333333336,,,,,,,,329.2434892383507,0.9681286601093753,0.0,0.0,0.0,0.0,0.0,0.0,,0.041666666666666664,1,0,0.0,0.0,8.82,25.55,110.81,4.0,191.52,0.0,0.0,0.0,0.0,,,,,-0.5113907407595043,0.8593483055580231,-0.5113907407595043,0.8593483055580231,-4.323293393516459,5.916544693102018,4.0,12.0,,0.0,0.0,6,0.0,0.0,0.5003333333333333,0.0,-0.0,50.2,0.5083333333333333,221,8,2021,130
2021-08-10,0.0,0.0,0,0.0,0.7,4.3,2.475,30.2,22.520833333333332,-17.45370130401417,14.175240356783306,84.16666666666667,159.58333333333334,600.0,32.375,,,,,,,,309.4149922966978,0.9983400637550163,0.0,0.0,0.0,0.0,0.0,0.0,,0.3333333333333333,0,0,0.0,0.0,3.0100000000000002,25.48,110.81,3.0,191.52,0.0,0.0,0.0,0.0,,,,,-0.7725674603237422,0.6349326887544244,-0.7725674603237422,0.6349326887544244,-14.690198597545262,11.930827300292616,5.0,13.0,,0.0,0.0,6,0.0,0.0,0.4825000000000001,0.0,-0.0,135.125,0.5250000000000001,222,8,2021,131
2021-08-11,1.54,18.5,2,1.26,1.6,7.6,5.425,37.8,30.587500000000002,-23.806394506518103,18.892200109990434,86.79166666666667,158.625,600.0,49.083333333333336,,,,,,,,307.7449313911758,0.9916949484196513,1.85,22.05,23.0,100.0,-20.336296700212806,8.468422522103854,292.5,0.375,0,2,1.54,1.5399999999999965,1.8900000000000001,15.260000000000002,111.51,3.0,193.06,0.0,0.0,0.0,0.0,,,,,-0.790743729785737,0.6121473301457268,-0.9238795325112866,0.38268343236509,-20.66196656544884,16.39685534546253,0.0,14.0,1.0000000000000022,0.8148148148148129,58.211999999999996,0,0.22729076562499997,1.5399999999999965,0.5639444444444445,33.957,0.0,0.0,2.9499999999999997,223,8,2021,132
2021-08-12,1.61,2.4,4,1.12,-1.2,2.6,0.6124999999999999,29.5,18.570833333333333,-16.049791686817308,8.751550800626452,93.16666666666667,141.95833333333334,572.0,77.70833333333333,,,,,,,,302.1044060978031,0.9814088884849732,0.8,25.325,29.5,100.0,-23.684005451805774,8.945158177623114,290.7499285894311,0.0,1,2,3.1500000000000004,3.149999999999997,3.1500000000000004,16.590000000000003,112.91000000000001,4.0,194.67000000000002,0.0,0.0,0.0,0.0,,,,,-0.847081053840971,0.5314637223966184,-0.9351356512557606,0.35428987249209426,-14.953055921551458,8.153528162583646,0.0,15.0,0.5111111111111116,0.9999999999999989,47.495000000000005,0,0.25307690625,3.149999999999997,0.4629722222222223,40.773250000000004,0.0,0.0,-4.8125,224,8,2021,133
2021-08-13,0.0,0.0,0,0.0,-1.2,3.4,1.0,17.9,13.254166666666668,-11.231657781889126,6.838213109011524,90.0,148.625,535.0,50.75,,,,,,,,302.68941626202985,0.990753879001754,0.0,0.0,0.0,0.0,0.0,0.0,,0.0,1,0,1.61,3.149999999999997,3.1500000000000004,16.590000000000003,101.57000000000001,5.0,194.67000000000002,0.0,0.0,0.0,0.0,,,,,-0.8416105613603962,0.5400848664854799,-0.8416105613603962,0.5400848664854799,-10.108492003700214,6.154391798110372,1.0,16.0,0.0,0.9999999999999989,0.0,1,0.0,1.5749999999999984,0.4746388888888889,0.0,-0.0,13.254166666666668,0.38750000000000007,225,8,2021,134
2021-08-14,0.0,0.0,0,0.0,-2.5,4.4,0.6458333333333334,12.4,8.625,-6.2565560612908016,5.6256301564165385,81.91666666666667,176.91666666666666,600.0,18.25,,,,,,,,313.6209893249134,0.9752797904248964,0.0,0.0,0.0,0.0,0.0,0.0,,0.5833333333333334,1,0,0.0,1.6099999999999965,3.1500000000000004,16.310000000000002,99.89,5.0,194.67000000000002,0.0,0.0,0.0,0.0,,,,,-0.723919182573918,0.6898847853819581,-0.723919182573918,0.6898847853819581,-5.125162173540715,4.608328703131215,2.0,17.0,0.0,0.51111111111111,0.0,2,0.0,0.5366666666666655,0.4887777777777778,0.0,-0.0,17.25,-0.35416666666666663,226,8,2021,135
2021-08-15,0.56,0.9,4,0.28,-0.6,2.5,0.9249999999999999,37.0,23.391666666666666,-20.191530848469935,11.475244431414536,93.41666666666667,105.20833333333333,553.0,75.70833333333333,,,,,,,,302.4898660956227,0.9903960433646519,1.85,28.1,33.8,99.0,-25.016615000721913,12.650005562092815,297.2523594233119,0.125,0,3,0.56,0.5599999999999965,3.71,12.530000000000001,85.4,4.0,195.23,0.0,0.0,0.0,0.0,,,,,-0.8434864648008518,0.5371504293005466,-0.8889982856190963,0.45791052419256284,-18.86225506761233,10.719790839679748,0.0,18.0,1.0000000000000064,0.15094339622641414,20.720000000000002,3,0.074022375,0.5599999999999965,0.4370833333333333,15.736000000000002,0.0,70.175,0.27916666666666656,227,8,2021,136
2021-08-16,0.8400000000000001,1.3,9,0.14,-0.4,1.7,0.775,36.2,27.52916666666667,-25.239626406314787,10.360701251699817,97.91666666666667,73.33333333333333,293.0,94.79166666666667,,,,,,,,290.76932365806584,0.9894356912892962,1.3222222222222222,25.27777777777778,30.0,98.11111111111111,-23.777567954370298,8.084568319635569,287.7760213112556,0.0,1,8,1.4000000000000001,1.3999999999999966,4.550000000000001,13.370000000000001,71.61000000000001,4.0,196.07,0.0,0.0,0.0,0.0,,,,,-0.9350156677930659,0.3546064029053721,-0.9522572450026036,0.3052968053223806,-24.71380085618323,10.14485330895607,0.0,19.0,0.6000000000000015,0.3076923076923069,30.408000000000005,4,0.12465266203703702,1.3999999999999966,0.41305555555555556,21.233333333333334,0.0,110.11666666666667,-0.1499999999999999,228,8,2021,137
2021-08-17,0.07,0.1,1,0.07,-2.3,3.6,0.525,21.5,12.529166666666667,-11.841060967225927,-0.019135616131470284,92.83333333333333,113.54166666666667,514.0,80.625,,,,,,,,271.41614107809664,0.9132192999121836,0.6,11.9,11.9,92.0,-11.88369146357943,0.6227978792910329,273.0,0.041666666666666664,1,1,0.9100000000000001,1.4699999999999966,4.62,7.630000000000001,71.4,5.0,196.14000000000001,0.0,0.0,0.0,0.0,,,,,-0.9996945672014286,0.024713808042233026,-0.9986295347545738,0.052335956242943946,-10.992451597908069,-0.017764230308714914,0.0,20.0,0.047619047619047734,0.31818181818181746,1.5050000000000001,5,0.0140030625,1.4699999999999966,0.4651388888888888,0.8330000000000001,0.0,62.645833333333336,-0.25,229,8,2021,138
2021-08-18,0.0,0.0,0,0.0,-2.7,7.0,2.3916666666666666,10.7,7.170833333333333,-4.436303061740607,5.190281515628551,66.20833333333333,193.83333333333334,600.0,47.625,,,,,,,,324.5840997058587,0.9449967206975289,0.0,0.0,0.0,0.0,0.0,0.0,,0.3333333333333333,1,0,0.07,0.9099999999999966,3.08,4.970000000000001,70.7,6.0,196.14000000000001,0.0,0.0,0.0,0.0,,,,,-0.5795073581736561,0.8149670065852911,-0.5795073581736561,0.8149670065852911,-2.937202318794093,3.436398886805736,1.0,21.0,0.0,0.29545454545454436,0.0,6,0.0,0.4549999999999983,0.5054722222222222,0.0,-0.0,43.025,1.8666666666666667,230,8,2021,139
2021-08-19,0.0,0.0,0,0.0,-1.0,7.6,2.2125,12.6,6.325,-2.9277786436486077,5.36911749626753,70.95833333333333,184.54166666666666,600.0,72.79166666666667,,,,,,,,331.5915047983894,0.9549791353660587,0.0,0.0,0.0,0.0,0.0,0.0,,0.125,1,0,0.0,0.06999999999999645,1.4700000000000002,4.620000000000001,63.0,6.0,196.14000000000001,0.0,0.0,0.0,0.0,,,,,-0.475754628666037,0.8795780427584816,-0.475754628666037,0.8795780427584816,-2.0775029292223244,3.8098362900598346,2.0,22.0,0.0,0.0476190476190452,0.0,3,0.0,0.02333333333333215,0.5284444444444444,0.0,-0.0,18.975,-0.1791666666666667,231,8,2021,140
2021-08-20,0.35000000000000003,1.4,2,0.28,0.8,5.2,2.841666666666667,23.2,18.3625,-15.038179070459341,10.406369171585798,87.125,131.25,522.0,69.66666666666667,,,,,,,,305.3302124613691,0.995594124336738,3.9000000000000004,22.1,23.2,87.5,-18.329675053201335,12.340365387860292,304.0,0.125,0,1,0.35000000000000003,0.3499999999999965,1.8200000000000003,4.970000000000001,63.28,5.0,196.49,0.0,0.0,0.0,0.0,,,,,-0.815832768302104,0.5782878990299948,-0.8290375725550416,0.559192903470747,-13.1020135151377,9.066549140744126,0.0,23.0,1.0000000000000102,0.19230769230769035,8.120000000000001,4,0.038630156250000026,0.3499999999999965,0.49347222222222226,7.735000000000001,0.0,73.45,0.6291666666666669,232,8,2021,141
2021-08-21,0.42,2.7,2,0.21,1.8,5.4,3.3041666666666667,28.8,22.395833333333332,-19.263927733015915,11.300180079097657,95.45833333333333,138.04166666666666,536.0,72.83333333333333,,,,,,,,301.2052928728458,0.9964896322200554,2.25,27.15,27.7,97.5,-23.737654827438206,13.168971785052346,299.0,0.0,0,2,0.77,0.7699999999999965,2.24,5.390000000000001,63.7,4.0,196.91,0.0,0.0,0.0,0.0,,,,,-0.8553164021817184,0.5181060240519509,-0.8746197071393956,0.4848096202463373,-18.389024348474774,10.786963567171972,0.0,24.0,0.545454545454548,0.3437499999999984,12.096,5,0.053758359374999995,0.7699999999999965,0.5302222222222223,11.402999999999999,0.0,111.97916666666666,0.4624999999999999,233,8,2021,142
2021-08-22,0.0,0.0,0,0.0,2.2,8.5,5.533333333333334,29.3,19.087500000000002,-14.89290663430751,11.792625405964992,76.375,198.375,600.0,19.75,,,,,,,,307.8695235122072,0.9951556368290997,0.0,0.0,0.0,0.0,0.0,0.0,,0.6666666666666666,0,0,0.42,0.7699999999999965,1.6800000000000002,5.390000000000001,61.46000000000001,4.0,196.91,0.0,0.0,0.0,0.0,,,,,-0.7894107207369477,0.6138653875122564,-0.7894107207369477,0.6138653875122564,-11.37445744195236,9.006617653805764,1.0,25.0,0.0,0.4583333333333312,0.0,6,0.0,0.38499999999999823,0.5757222222222222,0.0,-0.0,114.525,2.2291666666666674,234,8,2021,143
2021-08-23,3.71,11.2,8,0.84,0.0,7.2,4.495833333333334,38.7,19.7625,-12.952429460591134,10.591513337762226,84.20833333333333,98.66666666666667,392.0,73.20833333333333,,,,,,,,307.9679214387782,0.6481307331906196,1.2375,7.4125,10.2,97.125,0.13472052449494898,-1.6679716933864714,203.13182761662034,0.20833333333333334,0,8,3.71,4.129999999999996,4.55,9.100000000000001,51.870000000000005,3.0,200.62,0.0,0.0,0.0,0.0,,,,,-0.7883553244828798,0.6152201901429221,-0.3928480138534518,-0.9196034134404886,-10.90702497493945,8.918936856507274,0.0,26.0,0.8983050847457635,0.9076923076923069,100.0,0,0.737418113769531,4.129999999999996,0.5064722222222222,27.500375,-0.0,0.0,-1.0375000000000005,235,8,2021,144
2021-08-24,14.0,20.0,24,1.12,-3.1,-0.1,-1.3541666666666667,28.2,20.541666666666668,5.595237985323952,-19.477018062185863,97.95833333333333,54.875,213.0,100.0,,,,,,,,162.11542860640492,0.9840129709307466,-1.3541666666666667,20.541666666666668,28.2,97.95833333333333,5.595237985323952,-19.477018062185863,162.11542860640492,0.0,0,24,17.71,17.709999999999997,18.48,23.1,49.84,2.0,214.62,0.0,0.0,0.0,0.0,,,,,0.3071003613366593,-0.951677134361698,0.3071003613366593,-0.951677134361698,5.481001876456921,-19.079362276749567,0.0,0.0,0.790513833992095,0.9583333333333331,100.0,0,2.9535617404513896,17.709999999999997,0.3631111111111111,287.58333333333337,0.0,0.0,-5.8500000000000005,236,8,2021,145
2021-08-25,5.25,7.5,24,0.56,-3.7,0.4,-1.175,24.6,20.970833333333335,2.810844070298591,-20.574268901875236,98.5,62.416666666666664,242.0,99.875,,,,,,,,172.55891141701977,0.9905060904219787,-1.175,20.970833333333335,24.6,98.5,2.810844070298591,-20.574268901875236,172.55891141701977,0.0,1,24,19.25,22.959999999999997,23.73,26.810000000000002,53.900000000000006,2.0,219.87,0.0,0.0,0.0,0.0,,,,,0.12950672158815724,-0.9915785440717682,0.12950672158815724,-0.9915785440717682,2.768681409244112,-20.26565486834711,0.0,1.0,0.2286585365853659,0.9675516224188789,100.0,1,1.0822398193359377,22.959999999999997,0.37883333333333336,110.09687500000001,0.0,20.970833333333335,0.1791666666666667,237,8,2021,146
2021-08-26,0.56,0.8,6,0.14,-1.3,2.3,0.04999999999999997,18.4,8.933333333333334,2.7098829774335207,-8.267815672190736,95.91666666666667,96.16666666666667,442.0,99.875,,,,,,,,153.33603229755752,0.9009794509665032,-0.7999999999999999,13.950000000000001,18.4,98.83333333333333,2.497741732214984,-13.559743471930013,159.05305814671678,0.0,1,5,5.8100000000000005,19.809999999999995,24.29,25.759999999999998,54.39,2.0,220.43,0.0,0.0,0.0,0.0,,,,,0.4487570844112982,-0.8936537803817937,0.35750326379366226,-0.9339118889792972,2.599229422521652,-7.930213198909614,0.0,2.0,0.028268551236749127,0.8155619596541785,10.304,2,0.12483450000000003,19.809999999999995,0.4349444444444444,7.812000000000001,0.0,17.866666666666667,1.225,238,8,2021,147
2021-08-27,5.67,8.1,23,0.56,-1.3,2.1,0.46249999999999997,8.4,3.9,-3.577535611339272,0.6465664828015043,96.79166666666667,48.458333333333336,190.0,98.79166666666667,,,,,,,,287.9385424492441,0.8673117386111261,0.4826086956521739,3.752173913043478,8.4,96.65217391304348,-3.421520705781503,0.6141169530864053,288.28771148630756,0.0,1,22,6.23,11.479999999999997,29.61,31.43,48.3,3.0,226.1,0.0,0.0,0.0,0.0,,,,,-0.9513874320544986,0.30799667876252634,-0.9494927993443857,0.31378882069500535,-3.462756343808804,0.6258224748116228,0.0,3.0,0.49390243902439035,0.38770685579196207,47.628,3,1.2858149533908314,11.479999999999997,0.40161111111111114,21.27482608695652,0.0,11.7,0.4125,239,8,2021,148
2021-08-28,1.54,2.2,8,0.42,-1.2,5.2,1.5374999999999999,9.3,6.245833333333334,-4.974904785487864,2.0879811893702014,91.66666666666667,139.375,537.0,67.04166666666667,,,,,,,,286.61649997071686,0.8324650824114694,0.7,6.075,7.9,97.0,-5.8418416040745695,0.9530883863213768,275.5106062093424,0.20833333333333334,1,6,7.21,7.769999999999997,30.73,32.97,49.56,4.0,227.64000000000001,0.0,0.0,0.0,0.0,,,,,-0.9582402625309185,0.2859643321546873,-0.9953784389916317,0.09603001192638945,-4.560329386697209,1.9139827569226846,0.0,4.0,0.19819819819819828,0.2528473804100227,14.322000000000001,4,0.3308605781250001,7.769999999999997,0.5140277777777779,9.355500000000001,0.0,24.983333333333334,1.075,240,8,2021,149
2021-08-29,7.7700000000000005,11.2,14,1.61,-0.5,4.6,0.9625,16.0,10.804166666666667,-7.631616355788757,7.115398507668736,92.41666666666667,81.58333333333333,305.0,92.66666666666667,,,,,,,,314.62936732157533,0.9566488749158478,0.9785714285714286,11.278571428571428,16.0,92.78571428571429,-8.18226771840255,7.319828686730011,312.4551722790457,0.0,1,9,9.31,14.979999999999997,38.5,40.18000000000001,57.330000000000005,5.0,235.41,0.0,0.0,0.0,0.0,,,,,-0.7116660593981138,0.7025179142917001,-0.7378056870180607,0.675013161504135,-7.05288544880811,6.575814120837191,0.0,5.0,0.5186915887850468,0.389090909090909,100.0,5,1.5053536305803572,14.979999999999997,0.46466666666666673,87.6345,0.0,54.020833333333336,-0.5749999999999998,241,8,2021,150
2021-08-30,0.0,0.0,0,0.0,-1.2,3.2,0.7166666666666667,20.0,12.241666666666667,-9.660918997823371,7.481021380401937,88.25,136.0,481.0,78.29166666666667,,,,,,,,307.9162207901797,0.997808017913843,0.0,0.0,0.0,0.0,0.0,0.0,,0.041666666666666664,1,0,7.7700000000000005,9.309999999999999,34.79,39.34,57.050000000000004,6.0,235.41,0.0,0.0,0.0,0.0,,,,,-0.7889101452686129,0.6145085700722619,-0.7889101452686129,0.6145085700722619,-8.525761015579125,6.602001368204709,1.0,6.0,0.0,0.2676056338028169,0.0,6,0.0,4.654999999999999,0.4559444444444445,0.0,-0.0,73.45,-0.24583333333333335,242,8,2021,151
2021-08-31,0.0,0.0,0,0.0,0.7,6.1,3.6791666666666667,28.6,21.349999999999998,-17.826199774820854,11.694353218557202,76.45833333333333,130.66666666666666,600.0,62.666666666666664,,,,,,,,303.2492235503067,0.9984874332907686,0.0,0.0,0.0,0.0,0.0,0.0,,0.3333333333333333,0,0,0.0,7.769999999999998,20.79,39.27,52.71,6.0,235.41,0.0,0.0,0.0,0.0,,,,,-0.8362935860234857,0.5482818964510672,-0.8362935860234857,0.5482818964510672,-13.629615244498444,8.94130756502186,2.0,7.0,0.0,0.37373737373737365,0.0,2,0.0,2.5899999999999994,0.4775277777777777,0.0,-0.0,42.699999999999996,2.9625,243,8,2021,152
2021-09-01,0.0,0.0,0,0.0,4.5,11.1,7.491666666666667,26.3,12.770833333333334,-8.569729401166908,9.041249865807314,61.166666666666664,219.5,600.0,32.125,,,,,,,,319.0459862699848,0.9741191617609443,0.0,0.0,0.0,0.0,0.0,0.0,,0.5833333333333334,0,0,0.0,0.0,15.540000000000001,39.27,52.71,5.0,235.41,0.0,0.0,0.0,0.0,,,,,-0.6554530789123968,0.7552358978122394,-0.6554530789123968,0.7552358978122394,-5.241817817047092,5.530231167918807,3.0,8.0,,0.0,0.0,3,0.0,0.0,0.5968888888888889,0.0,-0.0,38.3125,3.8125000000000004,244,9,2021,153
2021-09-02,0.0,0.0,0,0.0,7.3,12.7,9.491666666666667,23.2,12.895833333333334,-7.223626857490337,10.263620811195745,53.166666666666664,226.375,600.0,0.16666666666666666,,,,,,,,329.2027134415578,0.9704443312879227,0.0,0.0,0.0,0.0,0.0,0.0,,1.0,0,0,0.0,0.0,14.98,39.27,46.900000000000006,4.0,235.41,0.0,0.0,0.0,0.0,,,,,-0.512002185253335,0.8589841455439149,-0.512002185253335,0.8589841455439149,-3.8405616125656956,5.456825064619071,4.0,9.0,,0.0,0.0,4,0.0,0.0,0.6103611111111111,0.0,-0.0,51.583333333333336,2.0,245,9,2021,154
2021-09-03,0.0,1.1,0,0.0,6.1,11.6,9.1625,28.1,20.9375,-14.018225686358475,15.425242824341893,86.125,150.04166666666666,600.0,67.25,,,,,,,,318.8285504423437,0.9950282854429814,0.0,0.0,0.0,0.0,0.0,0.0,,0.25,0,0,0.0,0.0,9.31,38.92,44.24,3.0,235.41,0.0,0.0,0.0,0.0,,,,,-0.6583144505936326,0.752743039914421,-0.6583144505936326,0.752743039914421,-12.073196872376236,13.284990382464455,5.0,10.0,,0.0,0.0,5,0.0,0.0,0.644888888888889,0.0,-0.0,104.6875,-0.3291666666666675,246,9,2021,155
2021-09-04,0.0,41.1,0,0.0,2.5,7.4,5.3,21.6,9.058333333333334,-5.092088854470101,4.639207371878295,94.95833333333333,49.541666666666664,243.0,100.0,,,,,,,,315.12132078216234,0.4433669929872626,0.0,0.0,0.0,0.0,0.0,0.0,,0.0,0,0,0.0,0.0,7.7700000000000005,38.5,43.89,2.0,235.41,0.0,0.0,0.0,0.0,,,,,-0.7056079359172007,0.7086024560856867,-0.7056079359172007,0.7086024560856867,-4.835362708057233,4.405314000212764,6.0,11.0,,0.0,0.0,6,0.0,0.0,0.514,0.0,-0.0,54.35,-3.8625,247,9,2021,156
2021-09-05,11.13,18.2,14,2.87,-0.9,3.2,1.1291666666666667,19.4,11.508333333333333,-9.166253236598024,-4.970862501103844,94.33333333333333,93.91666666666667,421.0,88.41666666666667,,,,,,,,252.0534057140669,0.8327389423727029,1.3285714285714285,11.692857142857141,19.4,93.42857142857143,-8.300585324675302,-7.110773006250751,238.25711445525485,0.0,1,14,11.13,11.129999999999999,11.13,49.629999999999995,55.019999999999996,2.0,246.54,0.0,0.0,0.0,0.0,,,,,-0.9513441395601079,-0.3081303752060774,-0.8504175587746489,-0.5261083307910707,-8.646832219857469,-4.6891802927079596,0.0,0.0,1.0000000000000002,0.9999999999999999,100.0,0,2.0601647745535714,11.129999999999999,0.44816666666666666,130.14149999999998,0.0,0.0,-4.170833333333333,248,9,2021,157
2021-09-06,1.82,2.6,3,0.98,-2.3,4.9,1.1541666666666666,21.3,14.445833333333333,-10.675654536259058,-3.3990539416987535,77.91666666666667,219.125,600.0,38.625,,,,,,,,252.39326906232623,0.7729612760327342,-0.7000000000000001,18.166666666666668,21.3,99.66666666666667,-16.851492058795554,-1.8078782366278852,265.2227156733703,0.5,1,3,12.950000000000001,12.949999999999998,12.950000000000001,47.74,56.839999999999996,2.0,248.36,0.0,0.0,0.0,0.0,,,,,-0.9531551397006485,-0.3024818666668093,-0.996525956125942,-0.08328276392674076,-8.318114159501851,-2.648429529573612,0.0,1.0,0.14054054054054058,0.9999999999999998,38.766000000000005,1,0.37629447916666664,12.949999999999998,0.5146944444444445,33.06333333333334,0.0,14.445833333333333,0.02499999999999991,249,9,2021,158
2021-09-07,0.0,0.0,0,0.0,0.1,4.6,1.8583333333333334,23.0,15.879166666666668,-14.294015024896026,6.672219080807558,88.625,202.33333333333334,600.0,55.208333333333336,,,,,,,,296.1571674850301,0.9907368811484738,0.0,0.0,0.0,0.0,0.0,0.0,,0.041666666666666664,0,0,1.82,12.949999999999998,12.950000000000001,33.739999999999995,56.839999999999996,2.0,248.36,0.0,0.0,0.0,0.0,,,,,-0.8975881747531113,0.44083496746898176,-0.8975881747531113,0.44083496746898176,-12.668070815814103,5.913254160365699,1.0,2.0,0.0,0.9999999999999998,0.0,2,0.0,6.474999999999999,0.5325277777777778,0.0,-0.0,31.758333333333336,0.7041666666666668,250,9,2021,159
2021-09-08,0.0,0.0,0,0.0,0.7,9.5,4.4125000000000005,17.9,13.095833333333333,-10.500011856314728,7.728428341066388,75.16666666666667,234.625,600.0,34.416666666666664,,,,,,,,306.79042433019504,0.9950452962976207,0.0,0.0,0.0,0.0,0.0,0.0,,0.3333333333333333,0,0,0.0,1.8199999999999965,12.950000000000001,28.490000000000002,56.839999999999996,2.0,248.36,0.0,0.0,0.0,0.0,,,,,-0.8008314727621745,0.5988897663456662,-0.8008314727621745,0.5988897663456662,-7.892508911996571,5.809201969701569,2.0,3.0,0.0,0.14054054054054027,0.0,3,0.0,0.6066666666666655,0.6180833333333333,0.0,-0.0,39.2875,2.554166666666667,251,9,2021,160
2021-09-09,0.0,0.0,0,0.0,3.8,7.7,5.766666666666667,35.8,27.212500000000002,-22.830947177515416,14.756735054644542,72.45833333333333,192.375,600.0,78.20833333333333,,,,,,,,302.7502110661104,0.9989692268115612,0.0,0.0,0.0,0.0,0.0,0.0,,0.125,0,0,0.0,0.0,12.950000000000001,27.930000000000003,56.839999999999996,2.0,248.36,0.0,0.0,0.0,0.0,,,,,-0.8410370201177043,0.5409775695826328,-0.8410370201177043,0.5409775695826328,-16.542923809041376,10.692484275011191,3.0,4.0,,0.0,0.0,4,0.0,0.0,0.5408888888888889,0.0,-0.0,108.85000000000001,1.354166666666666,252,9,2021,161
2021-09-10,0.0,0.0,0,0.0,3.9,8.2,5.995833333333334,34.4,19.8875,-17.385855637635736,9.484983600398634,74.875,198.45833333333334,600.0,44.083333333333336,,,,,,,,298.57608000248206,0.9955163646200492,0.0,0.0,0.0,0.0,0.0,0.0,,0.375,0,0,0.0,0.0,12.950000000000001,22.26,55.3,2.0,248.36,0.0,0.0,0.0,0.0,,,,,-0.8781827444854591,0.4783252735200043,-0.8781827444854591,0.4783252735200043,-13.017659408679759,7.101881470798477,4.0,5.0,,0.0,0.0,5,0.0,0.0,0.5641111111111111,0.0,-0.0,99.4375,0.22916666666666696,253,9,2021,162
2021-09-11,0.0,0.0,0,0.0,4.9,11.2,8.2875,30.1,25.8,-20.217218473552535,15.990747407895588,60.708333333333336,245.45833333333334,600.0,1.7916666666666667,,,,,,,,308.416913145624,0.9990622689374785,0.0,0.0,0.0,0.0,0.0,0.0,,0.9583333333333334,0,0,0.0,0.0,12.950000000000001,20.720000000000002,53.69,2.0,248.36,0.0,0.0,0.0,0.0,,,,,-0.7835100665223684,0.6213790917452194,-0.7835100665223684,0.6213790917452194,-12.273536381652518,9.707716238876614,5.0,6.0,,0.0,0.0,6,0.0,0.0,0.6148888888888888,0.0,-0.0,154.8,2.291666666666666,254,9,2021,163
2021-09-12,2.24,4.3,10,0.7,-0.6,7.0,2.4833333333333334,26.4,19.954166666666666,-17.161469034586936,10.039147930046132,86.45833333333333,93.125,348.0,88.54166666666667,,,,,,,,299.749203488252,0.9964215676162793,1.23,19.46,23.0,97.2,-16.93984428931067,9.39668140116526,298.39563460352673,0.0,0,6,2.24,2.2399999999999967,4.0600000000000005,15.190000000000001,55.93,1.0,250.6,0.0,0.0,0.0,0.0,,,,,-0.8682057126842854,0.49620443414219123,-0.8796848083794956,0.4755571867886449,-14.837520102819953,8.679679981185718,0.0,7.0,1.0000000000000016,0.5517241379310336,59.136,0,0.37165506,2.2399999999999967,0.5058333333333334,43.59040000000001,0.0,0.0,-5.804166666666666,255,9,2021,164
2021-09-13,0.9800000000000001,1.4000000000000001,9,0.21,-3.9,2.2,-0.4749999999999999,14.5,9.329166666666667,2.390191532375011,-4.5980929366633365,91.79166666666667,146.5,600.0,87.125,,,,,,,,149.33567860339073,0.4158547418173003,0.2777777777777778,9.877777777777778,14.5,91.66666666666667,3.3568056107164246,-5.865617646362221,146.34357920707924,0.0,1,6,3.22,3.2199999999999966,3.22,16.17,56.910000000000004,1.0,251.58,0.0,0.0,0.0,0.0,,,,,0.5100073811248359,-0.8601700245871082,0.554211482171384,-0.8323758964731004,2.1939966440925622,-4.220666141445554,0.0,8.0,0.3043478260869569,0.9999999999999989,14.21,1,0.20878404706790127,3.2199999999999966,0.4525277777777778,9.680222222222223,0.0,9.329166666666667,-2.9583333333333335,256,9,2021,165
2021-09-14,0.0,0.0,0,0.0,-4.6,4.5,-0.11249999999999995,9.5,5.854166666666667,4.271500612869338,-3.369260437273372,88.75,187.04166666666666,600.0,71.0,,,,,,,,126.30217712716257,0.9305330427580971,0.0,0.0,0.0,0.0,0.0,0.0,,0.16666666666666666,1,0,0.9800000000000001,3.2199999999999966,3.2200000000000006,16.17,56.35,2.0,251.58,0.0,0.0,0.0,0.0,,,,,0.8059057863278977,-0.5920438020646893,0.8059057863278977,-0.5920438020646893,3.7909567939215374,-2.9902186380801172,1.0,9.0,0.0,0.9999999999999988,0.0,2,0.0,1.6099999999999983,0.5205277777777778,0.0,-0.0,11.708333333333334,0.3625,257,9,2021,166
2021-09-15,0.0,0.0,0,0.0,-1.5,6.8,1.6791666666666665,7.1,4.033333333333333,2.9869265473856235,-0.1575851799487314,75.04166666666667,253.95833333333334,600.0,43.125,,,,,,,,91.43311183312339,0.6985951248060912,0.0,0.0,0.0,0.0,0.0,0.0,,0.3333333333333333,1,0,0.0,0.9799999999999965,3.2200000000000006,16.17,55.510000000000005,3.0,251.58,0.0,0.0,0.0,0.0,,,,,0.9996872032290223,-0.02500991203773969,0.9996872032290223,-0.02500991203773969,2.2414394632672954,-0.11825454545319385,2.0,10.0,0.0,0.3043478260869554,0.0,3,0.0,0.3266666666666655,0.5705555555555556,0.0,-0.0,12.1,1.7916666666666665,258,9,2021,167
2021-09-16,0.0,0.0,0,0.0,-2.1,7.0,2.0124999999999997,10.2,3.3000000000000003,-1.5890325805513068,2.3077169874537886,83.0,201.79166666666666,600.0,61.458333333333336,,,,,,,,321.9600733513223,0.7476793433035219,0.0,0.0,0.0,0.0,0.0,0.0,,0.0,1,0,0.0,0.0,3.2200000000000006,16.17,55.440000000000005,4.0,251.58,0.0,0.0,0.0,0.0,,,,,-0.6162104522568972,0.7875815377021926,-0.6162104522568972,0.7875815377021926,-1.3188970418575847,1.9154050995866445,3.0,11.0,,0.0,0.0,4,0.0,0.0,0.56675,0.0,-0.0,13.200000000000001,0.33333333333333326,259,9,2021,168
2021-09-17,0.0,2.6,0,0.0,-0.1,8.9,4.720833333333333,38.0,17.354166666666668,-12.728306848908032,11.603750276866494,72.95833333333333,243.0,600.0,48.416666666666664,,,,,,,,314.8767478602595,0.9880736010499085,0.0,0.0,0.0,0.0,0.0,0.0,,0.4583333333333333,1,0,0.0,0.0,3.2200000000000006,16.17,55.440000000000005,5.0,251.58,0.0,0.0,0.0,0.0,,,,,-0.7086262407026236,0.705584049555875,-0.7086262407026236,0.705584049555875,-9.286360538515817,8.465902806163847,4.0,12.0,,0.0,0.0,5,0.0,0.0,0.6029722222222222,0.0,-0.0,86.77083333333334,2.7083333333333335,260,9,2021,169
2021-09-18,0.35000000000000003,19.6,5,0.07,0.4,5.9,3.4958333333333336,36.4,23.545833333333334,-19.89403428476372,11.98327497028617,96.70833333333333,118.41666666666667,511.0,93.04166666666667,,,,,,,,300.28160112011307,0.9865320135433707,1.64,23.660000000000004,31.6,97.4,-21.23032917690673,10.113901130218345,295.1955290057065,0.0,0,2,0.35000000000000003,0.3499999999999965,3.5700000000000007,16.520000000000003,55.790000000000006,5.0,251.93,0.0,0.0,0.0,0.0,,,,,-0.863557520519455,0.5042503433358189,-0.9048602747898213,0.4257086833825321,-19.23918898955691,11.588825502514249,0.0,13.0,1.0000000000000102,0.09803921568627351,12.74,6,0.05151588749999999,0.3499999999999965,0.5324166666666666,8.281000000000002,0.0,141.275,-1.2249999999999996,261,9,2021,170
2021-09-19,0.0,0.30000000000000004,0,0.0,0.2,4.1,2.120833333333333,35.9,33.30833333333333,-28.726286759422848,16.751083856100294,84.58333333333333,184.33333333333334,600.0,68.25,,,,,,,,300.2084894934405,0.9983511486447512,0.0,0.0,0.0,0.0,0.0,0.0,,0.041666666666666664,0,0,0.35000000000000003,0.3499999999999965,1.3300000000000005,5.390000000000001,55.440000000000005,5.0,251.93,0.0,0.0,0.0,0.0,,,,,-0.864200260196229,0.5031480003704378,-0.864200260196229,0.5031480003704378,-24.297650884011823,14.1686250949515,1.0,14.0,0.0,0.26315789473683937,0.0,6,0.0,0.17499999999999824,0.49594444444444447,0.0,-0.0,199.84999999999997,-1.3750000000000004,262,9,2021,171
2021-09-20,14.35,20.6,21,2.52,-2.8,3.4,0.5166666666666667,32.4,24.7,-21.069174351924058,12.547127058177237,92.58333333333333,77.0,458.0,97.29166666666667,,,,,,,,299.67209832010116,0.9922559289335756,0.1523809523809524,23.676190476190477,30.1,94.95238095238095,-20.443129206664924,11.600954847010204,298.6202633821762,0.0,1,21,14.35,14.699999999999996,14.7,17.92,69.37,5.0,266.28000000000003,0.0,0.0,0.0,0.0,,,,,-0.8688726880027311,0.49503560684349635,-0.8778136250511765,0.4790023378591303,-19.506543920823024,11.616548468029091,0.0,0.0,0.9761904761904765,0.9999999999999998,100.0,0,2.4872828968253966,14.699999999999996,0.4355,339.75333333333333,0.0,0.0,-1.6041666666666665,263,9,2021,172
2021-09-21,0.28,0.4,3,0.14,-5.1,2.9,-1.5458333333333334,17.9,12.975,-9.648906779019862,-7.170406911001169,85.95833333333333,201.95833333333334,600.0,67.25,,,,,,,,235.2931775833173,0.9331790191609093,-1.3333333333333333,15.366666666666665,16.4,85.66666666666667,-6.487261696057744,-13.90097374377851,205.0,0.08333333333333333,1,3,14.629999999999999,14.629999999999995,14.979999999999999,18.2,69.65,5.0,266.56,0.0,0.0,0.0,0.0,,,,,-0.8220762490208516,-0.5693774150735229,-0.4226182617406993,-0.90630778703665,-8.29403945213249,-6.163562273914754,0.0,1.0,0.01913875598086125,0.9766355140186914,5.0120000000000005,1,0.06409472222222222,14.629999999999995,0.48561111111111116,4.302666666666667,0.0,12.975,-2.0625,264,9,2021,173
2021-09-22,0.0,0.0,0,0.0,-1.3,9.3,3.4166666666666665,10.2,7.983333333333333,-6.579695773924008,0.03220577709328095,86.54166666666667,237.54166666666666,600.0,42.291666666666664,,,,,,,,266.5819598639875,0.8317902374379404,0.0,0.0,0.0,0.0,0.0,0.0,,0.25,0,0,0.28,14.629999999999995,14.979999999999999,18.2,65.94000000000001,4.0,266.56,0.0,0.0,0.0,0.0,,,,,-0.9982211052517868,-0.05962067619459936,-0.9982211052517868,-0.05962067619459936,-5.694178384350068,0.027871416259476887,1.0,2.0,0.0,0.9766355140186914,0.0,2,0.0,7.314999999999998,0.6535,0.0,-0.0,15.966666666666667,4.9625,265,9,2021,174
2021-09-23,0.0,0.0,0,0.0,2.7,8.4,5.291666666666667,28.2,19.45,-16.37346980096984,10.339624827809892,85.5,249.41666666666666,600.0,53.125,,,,,,,,303.82061535750915,0.9940836507257359,0.0,0.0,0.0,0.0,0.0,0.0,,0.041666666666666664,0,0,0.0,0.2799999999999965,14.979999999999999,18.2,51.940000000000005,3.0,266.56,0.0,0.0,0.0,0.0,,,,,-0.8307842570637782,0.5565945725705436,-0.8307842570637782,0.5565945725705436,-13.999316679829212,8.840379227777458,2.0,3.0,0.0,0.018691588785046495,0.0,3,0.0,0.09333333333333216,0.6379444444444444,0.0,-0.0,58.349999999999994,1.8750000000000004,266,9,2021,175
2021-09-24,0.14,3.0,2,0.07,2.4,7.7,4.9875,33.0,28.34166666666667,-24.39125873832717,14.351137945946853,94.0,196.625,600.0,92.66666666666667,,,,,,,,300.41755569427085,0.9984664238027223,6.05,27.35,28.0,88.5,-24.47805374610305,12.19796922657003,296.5,0.0,0,2,0.14,0.13999999999999646,15.12,18.34,46.83,2.0,266.7,0.0,0.0,0.0,0.0,,,,,-0.8623585776144058,0.5062980185768644,-0.8949343616020249,0.4461978131098091,-22.927783214027542,13.49006966919004,0.0,4.0,1.0000000000000253,0.009259259259259026,4.62,4,0.009098578125000012,0.13999999999999646,0.6155277777777778,3.8290000000000006,0.0,113.36666666666667,-0.30416666666666714,267,9,2021,176
2021-09-25,0.0,0.0,0,0.0,-1.3,4.0,1.0958333333333334,28.8,11.887500000000001,-8.132953327561017,1.32514607470971,86.54166666666667,159.29166666666666,600.0,76.08333333333333,,,,,,,,251.50174551840274,0.4575997556007681,0.0,0.0,0.0,0.0,0.0,0.0,,0.041666666666666664,1,0,0.14,0.13999999999999646,14.77,18.34,46.27,3.0,266.7,0.0,0.0,0.0,0.0,,,,,-0.9483333214662103,-0.317275765536647,-0.9483333214662103,-0.317275765536647,-7.038393358893431,1.1468034988216949,1.0,5.0,0.0,0.009478672985781752,0.0,5,0.0,0.06999999999999823,0.48355555555555557,0.0,-0.0,59.43750000000001,-3.8916666666666666,268,9,2021,177
2021-09-26,0.0,0.0,0,0.0,-6.1,5.3,0.02916666666666662,10.9,7.308333333333334,5.206903840389704,0.6310156010121969,75.25,287.8333333333333,600.0,29.958333333333332,,,,,,,,84.31929077610087,0.6934966633332613,0.0,0.0,0.0,0.0,0.0,0.0,,0.6666666666666666,1,0,0.0,0.13999999999999646,14.77,16.1,40.6,4.0,266.7,0.0,0.0,0.0,0.0,,,,,0.9950889532856104,0.09898472129045047,0.9950889532856104,0.09898472129045047,3.9181951398932524,0.47483923976167813,2.0,6.0,0.0,0.009478672985781752,0.0,6,0.0,0.04666666666666549,0.5605,0.0,-0.0,43.85,-1.0666666666666669,269,9,2021,178
2021-09-27,0.0,0.0,0,0.0,-4.9,8.0,2.3541666666666665,9.7,7.029166666666666,-4.617055673523172,5.129891090466471,65.125,274.2083333333333,600.0,25.333333333333332,,,,,,,,317.0922587398455,0.9747498125302981,0.0,0.0,0.0,0.0,0.0,0.0,,0.6666666666666666,0,0,0.0,0.0,0.42000000000000004,15.12,39.06,3.0,266.7,0.0,0.0,0.0,0.0,,,,,-0.6808198369665653,0.7324509195794756,-0.6808198369665653,0.7324509195794756,-3.006857507381966,3.3408415726662897,3.0,7.0,,0.0,0.0,6,0.0,0.0,0.5776666666666667,0.0,-0.0,42.175,2.3249999999999997,270,9,2021,179
2021-09-28,0.0,0.1,0,0.0,1.4,9.3,5.0375,15.3,9.0625,-5.794508320760287,6.65542090441243,81.66666666666667,237.04166666666666,600.0,53.791666666666664,,,,,,,,321.7047473078535,0.9698770968887334,0.0,0.0,0.0,0.0,0.0,0.0,,0.16666666666666666,0,0,0.0,0.0,0.14,15.12,31.29,2.0,266.7,0.0,0.0,0.0,0.0,,,,,-0.619714006117027,0.7848277203452905,-0.619714006117027,0.7848277203452905,-4.732181795287568,5.435260405270151,4.0,8.0,,0.0,0.0,4,0.0,0.0,0.6369166666666667,0.0,-0.0,36.25,2.683333333333333,271,9,2021,180
2021-09-29,0.0,13.9,0,0.0,3.3,9.4,6.2,9.9,6.1125,3.693974884837202,3.852211913297442,84.29166666666667,82.54166666666667,499.0,99.41666666666667,,,,,,,,34.77948983730811,0.8483382778132297,0.0,0.0,0.0,0.0,0.0,0.0,,0.0,0,0,0.0,0.0,0.14,15.12,31.29,2.0,266.7,0.0,0.0,0.0,0.0,,,,,0.5704195844494995,0.8213534547784287,0.5704195844494995,0.8213534547784287,3.1137129966773585,3.2470936252503027,5.0,9.0,,0.0,0.0,5,0.0,0.0,0.544888888888889,0.0,-0.0,30.5625,1.1625000000000005,272,9,2021,181
2021-09-30,0.0,14.299999999999999,0,0.0,0.8,7.9,4.8,19.1,9.475,-5.161961654836127,7.298547710899981,97.375,102.33333333333333,419.0,94.16666666666667,,,,,,,,327.3337216931179,0.9123956118438576,0.0,0.0,0.0,0.0,0.0,0.0,,0.0,0,0,0.0,0.0,0.14,15.12,31.29,2.0,266.7,0.0,0.0,0.0,0.0,,,,,-0.5397449519175778,0.8418285970905786,-0.5397449519175778,0.8418285970905786,-5.026460161396679,7.1069608334888565,6.0,10.0,,0.0,0.0,6,0.0,0.0,0.5683611111111112,0.0,-0.0,56.849999999999994,-1.4000000000000004,273,9,2021,182
2021-10-01,0.0,3.9,0,0.0,1.4,10.4,5.433333333333334,12.0,7.158333333333332,-3.156005204389983,5.994439734341397,88.33333333333333,222.95833333333334,600.0,64.125,,,,,,,,332.86028497978,0.9479874900984804,0.0,0.0,0.0,0.0,0.0,0.0,,0.0,0,0,0.0,0.0,0.0,15.12,31.29,2.0,266.7,0.0,0.0,0.0,0.0,,,,,-0.45616185575410984,0.889896826241653,-0.45616185575410984,0.889896826241653,-2.7878045972111516,5.295088432001568,7.0,11.0,,,0.0,6,0.0,0.0,0.6741944444444444,0.0,-0.0,42.949999999999996,0.6333333333333337,274,10,2021,183
2021-10-02,0.0,8.0,0,0.0,0.6,10.0,4.854166666666667,8.9,4.229166666666667,-3.2406235854092276,0.6338093112025663,93.79166666666667,139.125,600.0,90.125,,,,,,,,292.12653520075014,0.7354663085406674,0.0,0.0,0.0,0.0,0.0,0.0,,0.0,0,0,0.0,0.0,0.0,14.77,31.29,1.0,266.7,0.0,0.0,0.0,0.0,,,,,-0.9263542920425956,0.3766533228504184,-0.9263542920425956,0.3766533228504184,-3.039434871148405,0.594460316465407,8.0,12.0,,,0.0,6,0.0,0.0,0.6276111111111111,0.0,-0.0,25.375,-0.5791666666666666,275,10,2021,184
2021-10-03,0.0,1.7,0,0.0,1.1,10.0,5.8,20.3,13.15,-11.149840685781855,6.785400699114444,92.875,214.20833333333334,600.0,84.04166666666667,,,,,,,,304.3792557521783,0.987559783329649,0.0,0.0,0.0,0.0,0.0,0.0,,0.041666666666666664,0,0,0.0,0.0,0.0,14.77,31.29,0.0,266.7,0.0,0.0,0.0,0.0,,,,,-0.825317993562911,0.564668229583789,-0.825317993562911,0.564668229583789,-10.355414536919898,6.30194089930254,9.0,13.0,,,0.0,6,0.0,0.0,0.674611111111111,0.0,-0.0,78.9,0.9458333333333329,276,10,2021,185
2021-10-04,3.22,8.4,6,2.03,0.5,8.2,4.8999999999999995,38.5,21.491666666666664,-18.588649321037387,10.699950544821952,92.5,225.79166666666666,600.0,89.16666666666667,,,,,,,,299.92053508558706,0.9978230017136034,1.0833333333333333,26.916666666666668,38.5,99.66666666666667,-23.95910420957682,12.12323826521481,296.3395998140214,0.0,0,6,3.22,3.2199999999999966,3.22,3.64,34.51,0.0,269.92,0.0,0.0,0.0,0.0,,,,,-0.866718032834812,0.4987984077349824,-0.8961799889036502,0.44369068898124653,-17.194500621959584,9.897454253960305,0.0,14.0,1.000000000000001,0.9999999999999989,100.0,0,0.4762846788194445,3.2199999999999966,0.6410833333333333,86.67166666666668,0.0,0.0,-0.9000000000000004,277,10,2021,186
2021-10-05,2.94,4.7,17,0.35,0.8,3.0,1.5833333333333333,36.9,27.8125,-25.026568334852158,12.007723760156125,96.20833333333333,129.0,566.0,97.58333333333333,,,,,,,,295.2072890070161,0.9981992672113467,1.6352941176470588,29.78235294117647,36.9,95.17647058823529,-26.719180162213508,12.997057767974416,295.46957969463875,0.0,0,9,6.16,6.159999999999997,6.16,6.300000000000001,26.32,0.0,272.86,0.0,0.0,0.0,0.0,,,,,-0.9047728787069984,0.42589439765774234,-0.9028137303123652,0.4300318224962797,-24.077644285489015,11.552430900916873,0.0,15.0,0.4772727272727275,0.9999999999999994,100.0,1,0.3859263101211072,6.159999999999997,0.4733611111111111,87.56011764705882,0.0,27.8125,-3.3166666666666664,278,10,2021,187
2021-10-06,0.0,0.0,0,0.0,0.7,7.5,3.9375,25.7,19.620833333333334,-17.212675987780877,9.247911670312638,82.5,252.33333333333334,600.0,60.083333333333336,,,,,,,,298.41449891040673,0.9957825551750427,0.0,0.0,0.0,0.0,0.0,0.0,,0.16666666666666666,0,0,2.94,6.159999999999997,6.16,6.300000000000001,24.5,0.0,272.86,0.0,0.0,0.0,0.0,,,,,-0.8795281862256398,0.4758467921869773,-0.8795281862256398,0.4758467921869773,-14.200457689919224,7.6295271280079255,1.0,16.0,0.0,0.9999999999999994,0.0,2,0.0,3.0799999999999983,0.6098888888888888,0.0,-0.0,39.24166666666667,2.354166666666667,279,10,2021,188
2021-10-07,0.0,0.1,0,0.0,2.1,11.3,6.820833333333333,37.1,19.183333333333334,-14.654615015282566,9.497788169013083,70.66666666666667,273.75,600.0,56.375,,,,,,,,301.5786917671353,0.619527615289419,0.0,0.0,0.0,0.0,0.0,0.0,,0.25,0,0,0.0,2.9399999999999964,6.16,6.300000000000001,24.5,0.0,272.86,0.0,0.0,0.0,0.0,,,,,-0.8519217449787124,0.5236691134986153,-0.8519217449787124,0.5236691134986153,-10.355927944133013,6.711770306102579,2.0,17.0,0.0,0.4772727272727267,0.0,3,0.0,0.9799999999999988,0.6691666666666666,0.0,-0.0,57.55,2.883333333333333,280,10,2021,189
2021-10-08,0.0,0.0,0,0.0,0.1,12.8,6.3,18.2,11.070833333333333,-7.8519142045252615,7.482493131514528,70.375,287.0,600.0,75.375,,,,,,,,315.14166674171275,0.9735152739394995,0.0,0.0,0.0,0.0,0.0,0.0,,0.08333333333333333,0,0,0.0,0.0,6.16,6.16,24.5,0.0,272.86,0.0,0.0,0.0,0.0,,,,,-0.7053562638793511,0.7088529755923744,-0.7053562638793511,0.7088529755923744,-5.525784621434652,5.26580454130335,3.0,18.0,,0.0,0.0,4,0.0,0.0,0.7103611111111111,0.0,-0.0,44.28333333333333,-0.520833333333333,281,10,2021,190
2021-10-09,0.0,0.0,0,0.0,3.4,12.3,8.408333333333333,25.4,17.870833333333334,-14.132714485026563,10.557918275483637,65.625,275.75,600.0,75.375,,,,,,,,308.3541413080054,0.9849975385792827,0.0,0.0,0.0,0.0,0.0,0.0,,0.125,0,0,0.0,0.0,6.16,6.16,24.5,0.0,272.86,0.0,0.0,0.0,0.0,,,,,-0.7841903637185321,0.6205203247686544,-0.7841903637185321,0.6205203247686544,-9.274593880798681,6.928633868286137,4.0,19.0,,0.0,0.0,5,0.0,0.0,0.6759166666666667,0.0,-0.0,89.35416666666667,2.1083333333333334,282,10,2021,191
2021-10-10,4.9,15.2,5,1.4,-1.0,10.3,6.529166666666666,18.4,10.1,-4.171501904154154,3.6374631697818525,84.16666666666667,74.83333333333333,416.0,99.875,,,,,,,,320.89031562371594,0.33992842793307565,-0.27999999999999997,8.14,10.5,98.0,6.257894045512849,-4.755107887041038,121.8252513601324,0.0,0,5,4.9,4.899999999999997,11.06,11.06,29.4,0.0,277.76,0.0,0.0,0.0,0.0,,,,,-0.6308069690853062,0.7759397964748358,0.8496603708267382,-0.5273303084847007,-3.51101410266308,3.061531501233059,0.0,20.0,1.0000000000000007,0.443037974683544,90.16,0,1.131166225,4.899999999999997,0.5593333333333333,39.886,0.0,0.0,-1.8791666666666673,283,10,2021,192
2021-10-11,0.9100000000000001,1.3,6,0.28,-1.4,6.6,1.6958333333333335,11.2,8.216666666666667,7.68844481556652,-1.7208905272074342,81.16666666666667,209.08333333333334,600.0,84.66666666666667,,,,,,,,101.15614774272241,0.9384589493621064,-0.3833333333333333,5.6000000000000005,9.5,98.5,5.343814172318569,-0.47961406633667875,87.95189038362753,0.041666666666666664,0,3,5.8100000000000005,5.809999999999997,8.75,11.97,30.310000000000002,0.0,278.67,0.0,0.0,0.0,0.0,,,,,0.9811035284416839,-0.1934835044113009,0.9993611706108997,0.03573864400354668,6.240454375301493,-1.396789477916701,0.0,21.0,0.1566265060240965,0.6639999999999997,10.192,1,0.219685375,5.809999999999997,0.5566111111111112,5.096000000000001,0.0,8.216666666666667,-4.833333333333332,284,10,2021,193
2021-10-12,0.28,0.4,4,0.07,0.1,6.9,3.1041666666666665,16.4,11.108333333333334,8.066913217643958,6.606425546286328,86.625,184.45833333333334,600.0,87.41666666666667,,,,,,,,49.384992880496895,0.9324409602319439,2.2,12.425,15.6,90.0,10.693364139927358,4.236156528031597,71.81844006658469,0.0,0,2,1.1900000000000002,6.089999999999997,6.090000000000001,12.25,28.349999999999998,0.0,278.95,0.0,0.0,0.0,0.0,,,,,0.7591008281362271,0.6509730660502737,0.9500725241549385,0.31202916345409754,6.987963574784078,5.722816129470532,0.0,22.0,0.0459770114942529,0.9999999999999994,4.592,2,0.04611993749999999,6.089999999999997,0.5650555555555555,3.4790000000000005,0.0,22.21666666666667,1.408333333333333,285,10,2021,194
2021-10-13,0.0,0.7000000000000001,0,0.0,2.1,5.9,4.454166666666667,16.9,12.195833333333333,6.902743432845285,9.959506954224398,96.0,71.625,230.0,100.0,,,,,,,,34.29375305945855,0.9933595440896688,0.0,0.0,0.0,0.0,0.0,0.0,,0.0,0,0,0.28,1.1899999999999966,6.090000000000001,12.25,27.37,0.0,278.95,0.0,0.0,0.0,0.0,,,,,0.5634359763550867,0.8261597306506716,0.5634359763550867,0.8261597306506716,6.626633695531474,9.561126676055423,1.0,23.0,0.0,0.19540229885057414,0.0,3,0.0,0.5949999999999983,0.49886111111111114,0.0,-0.0,36.5875,1.35,286,10,2021,195
2021-10-14,0.0,11.1,0,0.0,1.9,9.9,6.095833333333334,17.6,11.879166666666668,-6.0696845595235045,8.941797717449662,92.0,137.95833333333334,471.0,92.45833333333333,,,,,,,,327.42525385885165,0.9184890330701511,0.0,0.0,0.0,0.0,0.0,0.0,,0.0,0,0,0.0,0.2799999999999965,6.090000000000001,12.25,27.37,0.0,278.95,0.0,0.0,0.0,0.0,,,,,-0.53839941085095,0.8426897853868587,-0.53839941085095,0.8426897853868587,-5.584109794761624,8.22645390005369,2.0,24.0,0.0,0.04597701149425229,0.0,4,0.0,0.09333333333333216,0.618638888888889,0.0,-0.0,47.51666666666667,1.6416666666666675,287,10,2021,196
2021-10-15,0.7000000000000001,2.9,4,0.28,0.6,6.4,3.1458333333333335,31.3,15.204166666666666,-12.132521062225914,8.637494537255323,88.41666666666667,233.625,600.0,96.58333333333333,,,,,,,,310.626121945077,0.9658757054023638,3.9250000000000003,23.0,31.3,86.0,-19.131496154920853,12.567159066348648,305.4990826760885,0.0,0,2,0.7000000000000001,0.6999999999999965,6.790000000000001,12.950000000000001,28.07,0.0,279.65,0.0,0.0,0.0,0.0,,,,,-0.7589745313919789,0.6511203119994998,-0.8141248154936119,0.5806899213844616,-10.727170705851414,7.636984753356582,0.0,25.0,1.000000000000005,0.1030927835051541,21.910000000000004,5,0.07574765625000006,0.6999999999999965,0.5926944444444445,16.1,0.0,76.02083333333333,-2.9500000000000006,288,10,2021,197
2021-10-16,4.62,9.9,13,0.91,0.9,7.1,3.2291666666666665,32.7,19.941666666666666,-18.71285844629164,3.6462378425299504,89.70833333333333,162.375,600.0,71.08333333333333,,,,,,,,278.70315260339476,0.9567980098563956,2.215384615384615,22.46923076923077,32.7,97.38461538461539,-20.47997729891653,7.964299453907271,289.84719949836517,0.16666666666666666,0,11,5.32,5.319999999999997,11.41,17.57,32.690000000000005,0.0,284.27,0.0,0.0,0.0,0.0,,,,,-0.9884855624414337,0.15131521022303915,-0.9406014019563154,0.3395128902380793,-16.786993431194126,3.2709791979029097,0.0,26.0,0.8684210526315795,0.46625766871165614,100.0,6,0.646590528106509,5.319999999999997,0.5650555555555555,103.80784615384616,0.0,119.65,0.08333333333333304,289,10,2021,198
2021-10-17,0.0,0.0,0,0.0,0.5,10.2,4.5249999999999995,16.3,12.354166666666666,-10.496859058459929,6.05692215620245,79.33333333333333,301.5833333333333,600.0,68.95833333333333,,,,,,,,299.03416125329886,0.9819654315379274,0.0,0.0,0.0,0.0,0.0,0.0,,0.125,0,0,4.62,5.319999999999997,6.510000000000001,17.57,32.690000000000005,0.0,284.27,0.0,0.0,0.0,0.0,,,,,-0.874330495430347,0.4853310053566781,-0.874330495430347,0.4853310053566781,-8.32750818637821,4.80515824392061,1.0,27.0,0.0,0.8172043010752682,0.0,1,0.0,2.6599999999999984,0.6921666666666666,0.0,-0.0,12.354166666666666,1.295833333333333,290,10,2021,199
2021-10-18,0.0,2.5,0,0.0,1.7,10.1,6.3374999999999995,24.2,18.858333333333334,-16.257862836185094,9.314856468609191,78.79166666666667,225.16666666666666,600.0,77.125,,,,,,,,300.28900378317485,0.9932680789105139,0.0,0.0,0.0,0.0,0.0,0.0,,0.041666666666666664,0,0,0.0,4.6199999999999966,5.6000000000000005,14.350000000000001,32.34,0.0,284.27,0.0,0.0,0.0,0.0,,,,,-0.863492363742147,0.5043619114871777,-0.863492363742147,0.5043619114871777,-12.809841093010839,7.339330659224993,2.0,28.0,0.0,0.8249999999999993,0.0,2,0.0,1.539999999999999,0.6371944444444444,0.0,-0.0,37.71666666666667,1.8125,291,10,2021,200
2021-10-19,5.53,11.2,13,1.26,0.7,5.6,2.8666666666666667,14.8,10.054166666666667,3.739328411369403,-7.608973760959896,91.83333333333333,201.66666666666666,600.0,92.16666666666667,,,,,,,,150.64744506217906,0.7796677748218758,2.5461538461538464,9.438461538461539,14.8,91.53846153846153,2.723635260369351,-6.909938764557355,154.33991970749426,0.0,0,10,5.53,5.529999999999997,10.850000000000001,16.94,37.870000000000005,0.0,289.8,0.0,0.0,0.0,0.0,,,,,0.49018215714907126,-0.8716200162987787,0.433031171689682,-0.901378946029394,3.4339499244409017,-6.98757423714817,0.0,29.0,1.0000000000000007,0.5096774193548383,81.84400000000001,0,0.9089157287352065,5.529999999999997,0.565,52.194692307692314,0.0,0.0,-3.4708333333333328,292,10,2021,201
2021-10-20,0.0,7.5,0,0.0,2.6,8.8,5.479166666666667,21.9,14.0625,12.661727838339763,-3.5952819766315556,94.91666666666667,174.5,600.0,99.08333333333333,,,,,,,,101.68447835898237,0.9054914654709727,0.0,0.0,0.0,0.0,0.0,0.0,,0.0,0,0,5.53,5.529999999999997,10.850000000000001,16.94,23.52,0.0,289.8,0.0,0.0,0.0,0.0,,,,,0.9792777105260361,-0.20252201279585677,0.9792777105260361,-0.20252201279585677,12.018090006557493,-3.4125218094861185,1.0,30.0,0.0,0.5096774193548383,0.0,1,0.0,2.7649999999999983,0.6282777777777778,0.0,-0.0,14.0625,2.6125000000000003,293,10,2021,202
2021-10-21,0.0,2.1,0,0.0,2.1,14.6,8.966666666666667,10.5,6.2875000000000005,1.4189332200922256,5.137794129933316,79.91666666666667,240.29166666666666,600.0,77.91666666666667,,,,,,,,19.78592394996335,0.8132836016109579,0.0,0.0,0.0,0.0,0.0,0.0,,0.125,0,0,0.0,5.529999999999997,10.850000000000001,16.94,23.240000000000002,0.0,289.8,0.0,0.0,0.0,0.0,,,,,0.3385067606300741,0.9409639594627064,0.3385067606300741,0.9409639594627064,1.1339641317237037,4.105953808838375,2.0,31.0,0.0,0.5096774193548383,0.0,2,0.0,1.8433333333333322,0.7510277777777777,0.0,-0.0,12.575000000000001,3.4875,294,10,2021,203
2021-10-22,0.0,1.8,0,0.0,2.0,15.4,9.545833333333333,9.2,7.066666666666666,-5.070131141609293,3.253615835599747,80.75,244.33333333333334,600.0,40.375,,,,,,,,302.7517939328204,0.8485522174543869,0.0,0.0,0.0,0.0,0.0,0.0,,0.2916666666666667,0,0,0.0,0.0,10.150000000000002,16.94,23.240000000000002,0.0,289.8,0.0,0.0,0.0,0.0,,,,,-0.8410220746229112,0.5410008040631495,-0.8410220746229112,0.5410008040631495,-4.094130896849504,2.6272947872467953,3.0,32.0,,0.0,0.0,3,0.0,0.0,0.7653888888888889,0.0,-0.0,21.2,0.5791666666666657,295,10,2021,204
2021-10-23,0.0,6.9,0,0.0,5.8,14.3,10.416666666666666,22.0,12.879166666666668,-8.88841970660541,7.689149418757045,82.16666666666667,205.875,600.0,82.20833333333333,,,,,,,,304.97636572794636,0.7214482712226289,0.0,0.0,0.0,0.0,0.0,0.0,,0.08333333333333333,0,0,0.0,0.0,5.53,16.94,23.240000000000002,0.0,289.8,0.0,0.0,0.0,0.0,,,,,-0.8193885724992415,0.5732384907328322,-0.8193885724992415,0.5732384907328322,-7.303318192260779,6.317917772412038,4.0,33.0,,0.0,0.0,4,0.0,0.0,0.7289166666666667,0.0,-0.0,51.51666666666667,0.8708333333333336,296,10,2021,205
2021-10-24,0.0,1.5,0,0.0,1.4,10.4,5.170833333333333,14.3,8.841666666666667,-5.750520303633717,-4.912982830391031,75.29166666666667,311.4583333333333,600.0,68.45833333333333,,,,,,,,218.81136384009542,0.8222162415138612,0.0,0.0,0.0,0.0,0.0,0.0,,0.08333333333333333,0,0,0.0,0.0,5.53,12.040000000000001,23.1,0.0,289.8,0.0,0.0,0.0,0.0,,,,,-0.6267583701450768,-0.7792136712437012,-0.6267583701450768,-0.7792136712437012,-4.329662578610886,-3.6990666560485805,5.0,34.0,,0.0,0.0,5,0.0,0.0,0.6897222222222222,0.0,-0.0,44.208333333333336,-5.245833333333333,297,10,2021,206
2021-10-25,0.0,0.0,0,0.0,0.5,11.0,4.670833333333333,12.8,6.566666666666666,-2.632764402560789,-4.48913400889802,74.58333333333333,310.125,600.0,69.5,,,,,,,,203.3303319863134,0.7290021705490155,0.0,0.0,0.0,0.0,0.0,0.0,,0.16666666666666666,0,0,0.0,0.0,5.53,11.13,23.1,0.0,289.8,0.0,0.0,0.0,0.0,,,,,-0.3960316662256251,-0.9182368536203255,-0.3960316662256251,-0.9182368536203255,-1.963603450243255,-3.34814578163644,6.0,35.0,,0.0,0.0,6,0.0,0.0,0.6998055555555555,0.0,-0.0,39.4,-0.5,298,10,2021,207
2021-10-26,0.0,0.0,0,0.0,0.2,13.3,6.6875,11.9,6.1375,-4.920317060592385,1.8635935351262773,69.875,331.3333333333333,600.0,18.458333333333332,,,,,,,,306.68829259859433,0.7063927680516459,0.0,0.0,0.0,0.0,0.0,0.0,,0.75,0,0,0.0,0.0,0.0,10.850000000000001,23.1,0.0,289.8,0.0,0.0,0.0,0.0,,,,,-0.8018977418657899,0.5974613055173925,-0.8018977418657899,0.5974613055173925,-3.438071546088929,1.3021859826694862,7.0,36.0,,,0.0,6,0.0,0.0,0.749361111111111,0.0,-0.0,36.825,2.0166666666666666,299,10,2021,208
2021-10-27,0.0,0.0,0,0.0,3.0,17.6,10.4125,14.7,10.108333333333333,-7.368256433955188,6.637096136560987,50.875,353.5416666666667,600.0,45.833333333333336,,,,,,,,313.89335985269076,0.9786538113397939,0.0,0.0,0.0,0.0,0.0,0.0,,0.4583333333333333,0,0,0.0,0.0,0.0,10.850000000000001,23.1,0.0,289.8,0.0,0.0,0.0,0.0,,,,,-0.720631466866447,0.693318317197745,-0.720631466866447,0.693318317197745,-3.748600460774702,3.376622659475402,8.0,37.0,,,0.0,6,0.0,0.0,0.7386111111111111,0.0,-0.0,60.64999999999999,3.7249999999999996,300,10,2021,209
2021-10-28,0.0,0.4,0,0.0,10.6,18.1,13.891666666666666,20.5,13.854166666666666,-9.64318354720667,9.581737226457326,47.333333333333336,274.2916666666667,600.0,72.33333333333333,,,,,,,,315.2754217389319,0.9793525629303186,0.0,0.0,0.0,0.0,0.0,0.0,,0.125,0,0,0.0,0.0,0.0,10.850000000000001,23.1,0.0,289.8,0.0,0.0,0.0,0.0,,,,,-0.7036995508564048,0.710497672145725,-0.7036995508564048,0.710497672145725,-4.564440212344491,4.535355620523135,9.0,38.0,,,0.0,6,0.0,0.0,0.6739722222222223,0.0,-0.0,83.125,3.479166666666666,301,10,2021,210
2021-10-29,0.07,2.9,1,0.07,1.7,13.8,6.804166666666667,36.3,29.125,-23.240184262505455,16.24400683585022,85.08333333333333,166.04166666666666,600.0,83.16666666666667,,,,,,,,303.15467300701175,0.9685147845905011,2.3,19.6,19.6,95.0,-19.45390457216991,2.388639130740895,277.0,0.08333333333333333,0,1,0.07,0.06999999999999645,0.07,10.22,23.17,0.0,289.87,0.0,0.0,0.0,0.0,,,,,-0.8371972317208347,0.5469010835598801,-0.992546151641322,0.12186934340514768,-19.77352344334839,13.820942482835896,0.0,39.0,1.0000000000000508,0.9999999999999493,2.541,0,0.010173625000000007,0.06999999999999645,0.7009722222222222,1.3720000000000003,0.0,0.0,-7.087499999999999,302,10,2021,211
2021-10-30,0.07,0.1,1,0.07,-2.7,8.3,2.920833333333333,14.6,8.845833333333333,-7.6902510072737025,-0.3350065171541725,67.0,309.7083333333333,600.0,37.166666666666664,,,,,,,,271.5946671964478,0.7000228434850543,3.4,2.4,2.4,71.0,-2.138415658052083,1.089577199374912,297.0,0.4583333333333333,1,1,0.14,0.13999999999999646,0.14,5.67,23.240000000000002,1.0,289.94,0.0,0.0,0.0,0.0,,,,,-0.9996127095165389,0.027828599910948288,-0.8910065241883679,0.45399049973954664,-5.1524681748733805,-0.2244543664932956,0.0,40.0,0.5000000000000127,0.9999999999999746,1.022,1,0.011203500000000003,0.13999999999999646,0.6142500000000001,0.168,0.0,8.845833333333333,-3.883333333333334,303,10,2021,212
2021-10-31,0.0,0.0,0,0.0,-0.4,13.8,6.4125000000000005,9.1,5.4750000000000005,-4.412753989733223,1.675399096395337,63.458333333333336,352.375,600.0,1.0416666666666667,,,,,,,,301.8531655597551,0.8197444298277894,0.0,0.0,0.0,0.0,0.0,0.0,,1.0,0,0,0.07,0.13999999999999646,0.14,5.67,23.240000000000002,1.0,289.94,0.0,0.0,0.0,0.0,,,,,-0.8494033574728294,0.52774419590734,-0.8494033574728294,0.52774419590734,-2.8002601359848747,1.0631803432542075,1.0,41.0,0.0,0.9999999999999746,0.0,2,0.0,0.06999999999999823,0.7531111111111112,0.0,-0.0,10.950000000000001,3.4916666666666676,304,10,2021,213
2021-11-01,0.0,0.5,0,0.0,3.1,16.6,9.945833333333333,10.8,7.070833333333333,-3.569946249761152,3.071573437241021,61.625,326.1666666666667,600.0,79.70833333333333,,,,,,,,310.8316943278808,0.6098695318444776,0.0,0.0,0.0,0.0,0.0,0.0,,0.125,0,0,0.0,0.06999999999999645,0.14,5.67,23.240000000000002,1.0,289.94,0.0,0.0,0.0,0.0,,,,,-0.7566334869298926,0.6538392512355862,-0.7566334869298926,0.6538392512355862,-2.19997937641531,1.8928571306997792,2.0,42.0,0.0,0.49999999999997463,0.0,3,0.0,0.02333333333333215,0.7561944444444445,0.0,-0.0,21.2125,3.5333333333333323,305,11,2021,214
2021-11-02,0.0,0.2,0,0.0,7.6,17.0,12.2125,10.5,7.2250000000000005,-3.5894785987082343,5.561774288618479,65.20833333333333,255.29166666666666,600.0,41.833333333333336,,,,,,,,329.87783460259186,0.9117981800255048,0.0,0.0,0.0,0.0,0.0,0.0,,0.4166666666666667,0,0,0.0,0.0,0.14,0.14,23.240000000000002,1.0,289.94,0.0,0.0,0.0,0.0,,,,,-0.5018453913790317,0.8649573418103499,-0.5018453913790317,0.8649573418103499,-2.3406391695743274,3.6267403173699666,3.0,43.0,,0.0,0.0,4,0.0,0.0,0.7208888888888888,0.0,-0.0,28.900000000000002,2.2666666666666675,306,11,2021,215
2021-11-03,0.0,3.3000000000000003,0,0.0,9.7,16.0,12.450000000000001,22.9,14.083333333333334,-9.414268239393415,10.397226331984013,71.54166666666667,207.375,600.0,93.0,,,,,,,,318.8927557266765,0.9940461568519093,0.0,0.0,0.0,0.0,0.0,0.0,,0.041666666666666664,0,0,0.0,0.0,0.14,0.14,20.020000000000003,1.0,289.94,0.0,0.0,0.0,0.0,,,,,-0.6574705183980136,0.7534802701049624,-0.6574705183980136,0.7534802701049624,-6.735124402932707,7.438349005006896,4.0,44.0,,0.0,0.0,5,0.0,0.0,0.7100555555555556,0.0,-0.0,70.41666666666667,0.2375000000000007,307,11,2021,216
2021-11-04,0.0,40.7,0,0.0,7.8,11.0,9.370833333333334,13.0,8.887500000000001,5.362216712722048,-2.908808706862992,99.875,59.166666666666664,220.0,100.0,,,,,,,,114.54859874264301,0.5266230394739578,0.0,0.0,0.0,0.0,0.0,0.0,,0.0,0,0,0.0,0.0,0.14,0.14,17.080000000000002,1.0,289.94,0.0,0.0,0.0,0.0,,,,,0.9096091974241716,-0.4154649298813975,0.9096091974241716,-0.4154649298813975,5.355513941831146,-2.905172695979413,5.0,45.0,,0.0,0.0,6,0.0,0.0,0.6168055555555555,0.0,-0.0,53.325,-3.0791666666666675,308,11,2021,217
2021-11-05,0.0,8.9,0,0.0,8.1,13.2,9.945833333333333,16.1,11.395833333333334,8.803330453630842,5.283125437439771,88.95833333333333,184.54166666666666,600.0,99.75,,,,,,,,59.004489649203265,0.8817542628462461,0.0,0.0,0.0,0.0,0.0,0.0,,0.0,0,0,0.0,0.0,0.07,0.14,17.080000000000002,1.0,289.94,0.0,0.0,0.0,0.0,,,,,0.8572076560218587,0.5149709064185187,0.8572076560218587,0.5149709064185187,7.831296049375769,4.699780337055795,6.0,46.0,,0.0,0.0,6,0.0,0.0,0.7128888888888888,0.0,-0.0,68.375,0.5749999999999993,309,11,2021,218
2021-11-06,0.0,7.6,0,0.0,7.4,14.9,10.933333333333332,20.9,14.741666666666667,-10.574293451353585,9.493725244777334,89.04166666666667,229.41666666666666,600.0,98.125,,,,,,,,314.5375740034469,0.9536094032709953,0.0,0.0,0.0,0.0,0.0,0.0,,0.0,0,0,0.0,0.0,0.0,0.14,17.080000000000002,0.0,289.94,0.0,0.0,0.0,0.0,,,,,-0.7127906464788539,0.701376856113928,-0.7127906464788539,0.701376856113928,-9.415527127309423,8.45337118670382,7.0,47.0,,,0.0,6,0.0,0.0,0.7808611111111112,0.0,-0.0,88.45,0.9874999999999989,310,11,2021,219
2021-11-07,0.0,2.5,0,0.0,8.2,15.4,11.258333333333333,15.7,10.833333333333334,-6.931346439107371,5.740131220698466,85.58333333333333,269.0416666666667,600.0,64.875,,,,,,,,317.39710742909244,0.7353167160187217,0.0,0.0,0.0,0.0,0.0,0.0,,0.0,0,0,0.0,0.0,0.0,0.14,17.080000000000002,0.0,289.94,0.0,0.0,0.0,0.0,,,,,-0.6769131305977241,0.7360629141754043,-0.6769131305977241,0.7360629141754043,-5.932077327469392,4.912595636381103,8.0,48.0,,,0.0,6,0.0,0.0,0.7979722222222222,0.0,-0.0,65.0,0.32500000000000107,311,11,2021,220
2021-11-08,0.0,1.1,0,0.0,7.5,14.7,10.570833333333333,15.5,9.841666666666667,-5.9006559937026175,5.259328657125123,82.83333333333333,308.4166666666667,600.0,59.333333333333336,,,,,,,,320.2922555745423,0.6507522957070723,0.0,0.0,0.0,0.0,0.0,0.0,,0.125,0,0,0.0,0.0,0.0,0.14,17.080000000000002,0.0,289.94,0.0,0.0,0.0,0.0,,,,,-0.6388718081272756,0.7693132085049532,-0.6388718081272756,0.7693132085049532,-4.887710048117001,4.356477237651976,9.0,49.0,,,0.0,6,0.0,0.0,0.8083888888888889,0.0,-0.0,59.05,-0.6875,312,11,2021,221
2021-11-09,0.0,0.0,0,0.0,5.0,14.0,9.375,17.5,11.4375,-8.475540326653608,7.373988150682752,67.41666666666667,342.4166666666667,600.0,56.458333333333336,,,,,,,,313.2280906765368,0.9793056027157282,0.0,0.0,0.0,0.0,0.0,0.0,,0.3333333333333333,0,0,0.0,0.0,0.0,0.14,12.180000000000001,0.0,289.94,0.0,0.0,0.0,0.0,,,,,-0.7286329236321845,0.6849044185864296,-0.7286329236321845,0.6849044185864296,-5.713926770218974,4.971297011585289,10.0,50.0,,,0.0,6,0.0,0.0,0.7641111111111112,0.0,-0.0,68.625,-1.1958333333333329,313,11,2021,222
2021-11-10,0.0,3.5,0,0.0,5.4,13.6,9.0375,24.6,12.283333333333333,-9.327035117234642,7.3520842188960716,77.04166666666667,193.16666666666666,600.0,97.375,,,,,,,,312.0573039281451,0.9577592751946707,0.0,0.0,0.0,0.0,0.0,0.0,,0.0,0,0,0.0,0.0,0.0,0.14,11.270000000000001,0.0,289.94,0.0,0.0,0.0,0.0,,,,,-0.7424752281404642,0.6698735220903762,-0.7424752281404642,0.6698735220903762,-7.185703304902856,5.664168216974515,11.0,51.0,,,0.0,6,0.0,0.0,0.6878055555555557,0.0,-0.0,73.7,-0.33750000000000036,314,11,2021,223
2021-11-11,0.07,3.2,1,0.07,1.9,15.5,8.416666666666666,15.6,9.920833333333333,1.463435764538783,1.2368890993416322,68.125,348.8333333333333,600.0,64.91666666666667,,,,,,,,303.6699550862125,0.08766606257627735,7.2,13.0,13.0,79.0,12.928784639787553,-1.3588700224794963,96.00000000000001,0.125,0,1,0.07,0.06999999999999645,0.07,0.21000000000000002,11.060000000000002,0.0,290.01,0.0,0.0,0.0,0.0,,,,,-0.8322449585347339,0.5544080888601094,0.9945218953682733,-0.10452846326765378,0.9969656145920459,0.8426306989264869,0.0,52.0,1.0000000000000508,0.9999999999999493,1.092,0,0.004103749999999998,0.06999999999999645,0.7929722222222222,0.9100000000000001,0.0,0.0,-0.6208333333333336,315,11,2021,224
2021-11-12,0.56,38.6,1,0.56,4.4,9.1,6.425,16.7,10.512500000000001,2.4359712418570205,5.414981281668516,98.875,82.0,355.0,100.0,,,,,,,,7.162266864257454,0.4829186908722761,6.7,9.8,9.8,96.0,7.9283665448744856,5.760295472466237,54.00000000000001,0.0,0,1,0.6300000000000001,0.6299999999999966,0.6300000000000001,0.7000000000000001,11.620000000000001,0.0,290.57,0.0,0.0,0.0,0.0,,,,,0.12467983197761184,0.9921970265516998,0.8090169943749475,0.587785252292473,2.408566565386129,5.354062742249745,0.0,53.0,0.8888888888888938,0.9999999999999943,9.352,0,0.04054049999999995,0.6299999999999966,0.5864722222222222,5.488000000000001,0.0,0.0,-1.9916666666666663,316,11,2021,225
2021-11-13,7.279999999999999,28.9,11,1.12,2.1,4.8,3.7916666666666665,15.8,9.741666666666667,-5.291788875141926,-4.309468471065478,99.54166666666667,80.16666666666667,327.0,100.0,,,,,,,,238.99866513517054,0.7258149046674701,3.2,8.4,15.5,99.27272727272727,-4.604562069694925,-3.627372320107119,238.41577770256265,0.0,0,7,7.84,7.909999999999996,7.909999999999999,7.909999999999999,18.9,0.0,297.85,0.0,0.0,0.0,0.0,,,,,-0.857155301222456,-0.5150580448709065,-0.8518711933444484,-0.5237513436258713,-5.2675348427975255,-4.289716740573095,0.0,54.0,0.9203539823008854,0.9999999999999996,100.0,0,1.1076519999999994,7.909999999999996,0.4919166666666667,61.151999999999994,0.0,0.0,-2.6333333333333333,317,11,2021,226
2021-11-14,10.64,15.4,24,2.1,-0.4,2.7,0.6749999999999999,34.9,25.849999999999998,-23.269290096813748,11.013813861276525,95.625,197.75,600.0,100.0,,,,,,,,295.07818233499904,0.9957579797647241,0.6749999999999999,25.849999999999998,34.9,95.625,-23.269290096813748,11.013813861276525,295.07818233499904,0.0,1,24,17.92,18.479999999999997,18.55,18.55,28.840000000000003,1.0,308.49,0.0,0.0,0.0,0.0,,,,,-0.9057302642890998,0.42385456037513325,-0.9057302642890998,0.42385456037513325,-22.251258655078146,10.531959504845677,0.0,0.0,0.5757575757575759,0.9962264150943394,100.0,0,1.6789545937500001,18.479999999999997,0.5105833333333334,275.044,0.0,0.0,-3.1166666666666667,318,11,2021,227
2021-11-15,9.73,14.0,19,1.33,-1.6,1.7,-0.19999999999999998,36.9,29.650000000000002,-27.398008361392993,10.85194157340301,96.95833333333333,210.875,600.0,95.58333333333333,,,,,,,,290.55118336976955,0.9928061756941151,-0.2157894736842105,31.91578947368421,36.9,96.52631578947368,-29.152349581796717,12.7657888757045,293.37390306203315,0.0,1,19,20.37,27.65,28.28,28.28,33.95,2.0,318.22,0.0,0.0,0.0,0.0,,,,,-0.9363589688784322,0.35104398784328916,-0.9179354224044205,0.3967298328777635,-26.564652273733955,10.521861683878669,0.0,1.0,0.35189873417721523,0.9777227722772276,100.0,1,1.493610253462604,27.65,0.5015555555555555,310.5406315789474,0.0,29.650000000000002,-0.8749999999999999,319,11,2021,228
2021-11-16,0.0,0.0,0,0.0,-2.3,7.2,2.1458333333333335,21.0,8.970833333333333,-7.159870868698106,0.44575324383015374,81.45833333333333,338.7083333333333,600.0,53.875,,,,,,,,273.56021592145856,0.6163008296442951,0.0,0.0,0.0,0.0,0.0,0.0,,0.16666666666666666,1,0,9.73,20.369999999999997,28.28,28.28,33.95,3.0,318.22,0.0,0.0,0.0,0.0,,,,,-0.99807008725396,0.06209751145474894,-0.99807008725396,0.06209751145474894,-5.832311478460332,0.36310316320331276,1.0,2.0,0.0,0.7202970297029702,0.0,2,0.0,10.184999999999999,0.6573333333333333,0.0,-0.0,17.941666666666666,2.3458333333333337,320,11,2021,229
2021-11-17,0.0,0.0,0,0.0,0.8,10.1,5.458333333333333,11.5,8.170833333333333,-5.2623710501372,5.378749827061802,76.5,377.75,600.0,32.333333333333336,,,,,,,,317.81411506145633,0.905509964387665,0.0,0.0,0.0,0.0,0.0,0.0,,0.5416666666666666,0,0,0.0,9.729999999999997,28.28,28.28,33.95,3.0,318.22,0.0,0.0,0.0,0.0,,,,,-0.6715380685461398,0.7409700550584484,-0.6715380685461398,0.7409700550584484,-4.025713853354958,4.1147436177022785,2.0,3.0,0.0,0.3440594059405939,0.0,3,0.0,3.2433333333333323,0.7312777777777778,0.0,-0.0,24.512499999999996,3.3124999999999996,321,11,2021,230
2021-11-18,0.0,0.8,0,0.0,2.8,13.2,8.975,30.9,21.416666666666668,-16.983930453235075,12.895298660886885,72.08333333333333,317.0833333333333,600.0,68.0,,,,,,,,308.5536148862302,0.9924455743972698,0.0,0.0,0.0,0.0,0.0,0.0,,0.16666666666666666,0,0,0.0,0.0,28.21,28.28,28.42,3.0,318.22,0.0,0.0,0.0,0.0,,,,,-0.7820252923074187,0.6232466944890254,-0.7820252923074187,0.6232466944890254,-12.24258320170695,9.295361118055961,3.0,4.0,,0.0,0.0,4,0.0,0.0,0.745,0.0,-0.0,85.66666666666667,3.5166666666666666,322,11,2021,231
2021-11-19,0.21,8.2,1,0.21,7.2,12.9,9.895833333333334,32.9,18.020833333333332,-15.001386155808923,9.736586532912538,83.0,179.33333333333334,600.0,99.95833333333333,,,,,,,,304.59568598820715,0.9892577005041524,7.2,7.6,7.6,100.0,-3.914289369316414,6.514471485336052,329.0,0.0,0,1,0.21,0.20999999999999644,27.860000000000003,28.490000000000002,28.63,3.0,318.43,0.0,0.0,0.0,0.0,,,,,-0.8231791212632892,0.5677817664527446,-0.5150380749100545,0.8571673007021121,-12.451150509321405,8.081366822317406,0.0,5.0,1.0000000000000169,0.007537688442210927,6.909,5,0.01330349999999999,0.20999999999999644,0.6828888888888889,1.5959999999999999,0.0,90.10416666666666,0.9208333333333343,323,11,2021,232
2021-11-20,0.0,12.299999999999999,0,0.0,5.0,8.1,7.029166666666666,10.7,4.754166666666666,0.344184419441496,0.8582020743486837,99.54166666666667,57.708333333333336,243.0,100.0,,,,,,,,54.371707404257336,0.22964450032964767,0.0,0.0,0.0,0.0,0.0,0.0,,0.0,0,0,0.21,0.20999999999999644,20.580000000000002,28.490000000000002,28.63,3.0,318.43,0.0,0.0,0.0,0.0,,,,,0.8128132102152947,0.5825244074710579,0.8128132102152947,0.5825244074710579,0.34260690751905587,0.8542686481745857,1.0,6.0,0.0,0.010204081632652887,0.0,6,0.0,0.10499999999999822,0.5502777777777778,0.0,-0.0,28.525,-2.866666666666668,324,11,2021,233
2021-11-21,0.0,4.4,0,0.0,4.8,9.9,6.858333333333333,15.1,10.7125,10.46289802500728,1.4274477334032183,94.45833333333333,171.16666666666666,600.0,99.83333333333333,,,,,,,,81.67395801396464,0.9866802737657521,0.0,0.0,0.0,0.0,0.0,0.0,,0.0,0,0,0.0,0.20999999999999644,9.940000000000001,28.490000000000002,28.63,2.0,318.43,0.0,0.0,0.0,0.0,,,,,0.9894600743101402,0.14480594375291328,0.9894600743101402,0.14480594375291328,9.883079092788126,1.3483433381771233,2.0,7.0,0.0,0.02112676056337992,0.0,6,0.0,0.06999999999999881,0.6489722222222222,0.0,-0.0,64.275,-0.1708333333333325,325,11,2021,234
2021-11-22,0.0,0.0,0,0.0,2.9,17.1,9.495833333333334,12.9,8.983333333333333,6.68491302894805,4.429141708276199,78.16666666666667,354.375,600.0,68.91666666666667,,,,,,,,55.651006651722284,0.8899512581658964,0.0,0.0,0.0,0.0,0.0,0.0,,0.08333333333333333,0,0,0.0,0.0,0.21,28.490000000000002,28.63,1.0,318.43,0.0,0.0,0.0,0.0,,,,,0.825616124096468,0.5642322355483825,0.825616124096468,0.5642322355483825,5.225373684294393,3.4621124353025623,3.0,8.0,,0.0,0.0,3,0.0,0.0,0.8301388888888889,0.0,-0.0,26.949999999999996,2.6375,326,11,2021,235
2021-11-23,0.0,0.0,0,0.0,6.4,16.8,12.233333333333334,12.7,6.020833333333333,-4.392705403259436,3.1266279824123253,67.375,296.6666666666667,600.0,86.41666666666667,,,,,,,,310.9794250989781,0.8570628604698736,0.0,0.0,0.0,0.0,0.0,0.0,,0.08333333333333333,0,0,0.0,0.0,0.21,28.490000000000002,28.63,0.0,318.43,0.0,0.0,0.0,0.0,,,,,-0.7549451222006733,0.6557879706623251,-0.7549451222006733,0.6557879706623251,-2.959585265446045,2.106565603150304,4.0,9.0,,0.0,0.0,4,0.0,0.0,0.7556944444444444,0.0,-0.0,24.083333333333332,2.7375000000000007,327,11,2021,236
2021-11-24,0.0,6.7,0,0.0,10.3,15.6,12.645833333333334,13.0,7.0874999999999995,-4.076743965453194,5.4660181343902146,88.79166666666667,155.5,600.0,99.58333333333333,,,,,,,,327.4223811763126,0.9460318310347691,0.0,0.0,0.0,0.0,0.0,0.0,,0.0,0,0,0.0,0.0,0.21,28.490000000000002,28.63,0.0,318.43,0.0,0.0,0.0,0.0,,,,,-0.5384416607597403,0.8426627901825812,-0.5384416607597403,0.8426627901825812,-3.619808912658649,4.853368601827312,5.0,10.0,,0.0,0.0,5,0.0,0.0,0.7329722222222221,0.0,-0.0,35.4375,0.41249999999999964,328,11,2021,237
2021-11-25,0.0,29.6,0,0.0,7.2,16.9,11.512500000000001,9.8,6.104166666666667,2.5004969934561756,-0.994998418066355,93.58333333333333,141.5,600.0,95.04166666666667,,,,,,,,97.22803883286969,0.30139312067327045,0.0,0.0,0.0,0.0,0.0,0.0,,0.0,0,0,0.0,0.0,0.21,28.42,28.63,0.0,318.43,0.0,0.0,0.0,0.0,,,,,0.9920532482011583,-0.12581872966109295,0.9920532482011583,-0.12581872966109295,2.3400484363760707,-0.9311526862404306,6.0,11.0,,0.0,0.0,6,0.0,0.0,0.7396111111111111,0.0,-0.0,36.625,-1.1333333333333329,329,11,2021,238
2021-11-26,0.0,32.0,0,0.0,2.9,7.1,5.3875,23.2,16.837500000000002,14.958430044521215,-7.543481433093856,99.91666666666667,36.458333333333336,112.0,100.0,,,,,,,,117.28921891030097,0.9953608908222847,0.0,0.0,0.0,0.0,0.0,0.0,,0.0,0,0,0.0,0.0,0.0,27.860000000000003,28.63,0.0,318.43,0.0,0.0,0.0,0.0,,,,,0.8887035189514735,-0.4584823392490359,0.8887035189514735,-0.4584823392490359,14.94596468615078,-7.537195198566278,7.0,12.0,,,0.0,6,0.0,0.0,0.5151388888888889,0.0,-0.0,101.025,-6.125000000000001,330,11,2021,239
2021-11-27,0.0,2.5,0,0.0,1.7,7.3,3.9499999999999997,19.7,15.670833333333334,14.293163313950366,-5.927318344826215,94.625,156.08333333333334,441.0,100.0,,,,,,,,111.15636322279713,0.9848743350010825,0.0,0.0,0.0,0.0,0.0,0.0,,0.0,0,0,0.0,0.0,0.0,20.580000000000002,28.63,0.0,318.43,0.0,0.0,0.0,0.0,,,,,0.9325989460338076,-0.36091440239568073,0.9325989460338076,-0.36091440239568073,13.524905785825533,-5.608724983791806,8.0,13.0,,,0.0,6,0.0,0.0,0.5816944444444444,0.0,-0.0,94.025,-1.4375000000000004,331,11,2021,240
2021-11-28,0.0,0.0,0,0.0,1.0,14.8,7.8875,11.2,7.729166666666667,6.675866317144737,0.4883363434623131,77.75,320.125,600.0,50.25,,,,,,,,81.10211826596871,0.8189872378284906,0.0,0.0,0.0,0.0,0.0,0.0,,0.3333333333333333,0,0,0.0,0.0,0.0,9.940000000000001,28.56,0.0,318.43,0.0,0.0,0.0,0.0,,,,,0.9879655848478895,0.15467386061053598,0.9879655848478895,0.15467386061053598,5.190486061580033,0.3796815070419484,9.0,14.0,,,0.0,6,0.0,0.0,0.8014722222222223,0.0,-0.0,46.375,3.9375000000000004,332,11,2021,241
2021-11-29,0.0,4.7,0,0.0,6.3,15.1,11.033333333333333,10.1,5.820833333333333,-3.9764946872927562,1.1696458805672518,79.70833333333333,282.25,600.0,40.666666666666664,,,,,,,,290.12747949463125,0.6457673599281292,0.0,0.0,0.0,0.0,0.0,0.0,,0.4166666666666667,0,0,0.0,0.0,0.0,0.21,28.49,0.0,318.43,0.0,0.0,0.0,0.0,,,,,-0.9389293222728506,0.3441100518384278,-0.9389293222728506,0.3441100518384278,-3.169597640329601,0.932305237302147,10.0,15.0,,,0.0,6,0.0,0.0,0.7871944444444444,0.0,-0.0,34.925,3.145833333333333,333,11,2021,242
2021-11-30,0.0,0.2,0,0.0,3.6,18.8,12.1625,12.0,8.179166666666665,-3.1172549439506216,2.665916957210823,75.20833333333333,334.1666666666667,600.0,39.958333333333336,,,,,,,,325.34647291383857,0.44888359925908583,0.0,0.0,0.0,0.0,0.0,0.0,,0.3333333333333333,0,0,0.0,0.0,0.0,0.21,28.49,0.0,318.43,0.0,0.0,0.0,0.0,,,,,-0.5686124908038351,0.8226055162116641,-0.5686124908038351,0.8226055162116641,-2.3444354890961967,2.004991711568973,11.0,16.0,,,0.0,6,0.0,0.0,0.8068055555555556,0.0,-0.0,49.07499999999999,1.1291666666666664,334,11,2021,243
2021-12-01,0.0,13.3,0,0.0,10.3,19.8,14.012500000000001,13.8,7.195833333333334,-3.594979149679398,2.449938042965625,79.20833333333333,281.0833333333333,600.0,67.5,,,,,,,,317.69155586547856,0.46741592192570086,0.0,0.0,0.0,0.0,0.0,0.0,,0.16666666666666666,0,0,0.0,0.0,0.0,0.21,28.49,0.0,318.43,0.0,0.0,0.0,0.0,,,,,-0.6731215115148215,0.7395318997419936,-0.6731215115148215,0.7395318997419936,-2.8475230681418897,1.940555091532355,12.0,17.0,,,0.0,6,0.0,0.0,0.78475,0.0,-0.0,43.175000000000004,1.8500000000000014,335,12,2021,244
2021-12-02,0.0,1.6,0,0.0,9.6,21.4,15.558333333333332,12.6,7.591666666666666,-5.69416656004826,1.9289526018792993,62.625,343.6666666666667,600.0,37.166666666666664,,,,,,,,294.46277711081564,0.7523726137971375,0.0,0.0,0.0,0.0,0.0,0.0,,0.4583333333333333,0,0,0.0,0.0,0.0,0.21,28.49,0.0,318.43,0.0,0.0,0.0,0.0,,,,,-0.9102304892585308,0.41410198795004083,-0.9102304892585308,0.41410198795004083,-3.565971808230223,1.208006566926911,13.0,18.0,,,0.0,6,0.0,0.0,0.7711944444444444,0.0,-0.0,45.55,1.5458333333333307,336,12,2021,245
2021-12-03,0.0,3.1,0,0.0,11.3,21.1,15.325000000000001,15.4,8.799999999999999,-4.060648815417605,3.482695115955899,71.91666666666667,327.75,600.0,50.041666666666664,,,,,,,,317.7242002834604,0.44814149688243815,0.0,0.0,0.0,0.0,0.0,0.0,,0.25,0,0,0.0,0.0,0.0,0.0,28.49,0.0,318.43,0.0,0.0,0.0,0.0,,,,,-0.6727000520788963,0.7399152924038335,-0.6727000520788963,0.7399152924038335,-2.9202832730878274,2.504638237558284,14.0,19.0,,,0.0,6,0.0,0.0,0.7915555555555556,0.0,-0.0,52.8,-0.23333333333333073,337,12,2021,246
2021-12-04,0.0,0.7000000000000001,0,0.0,5.1,17.3,11.095833333333333,12.6,8.570833333333333,-0.37329293582653955,-2.92703895944452,78.54166666666667,328.4583333333333,600.0,51.458333333333336,,,,,,,,230.12339042291273,0.20797129529498165,0.0,0.0,0.0,0.0,0.0,0.0,,0.2916666666666667,0,0,0.0,0.0,0.0,0.0,28.49,0.0,318.43,0.0,0.0,0.0,0.0,,,,,-0.7674269532093512,-0.6411363907062305,-0.7674269532093512,-0.6411363907062305,-0.2931904933470946,-2.2989451827303835,15.0,20.0,,,0.0,6,0.0,0.0,0.8141111111111111,0.0,-0.0,51.425,-4.229166666666668,338,12,2021,247
2021-12-05,0.0,1.0,0,0.0,4.7,13.4,8.329166666666667,10.0,8.441666666666666,6.261011296408512,4.6374611833099175,88.25,179.95833333333334,503.0,96.41666666666667,,,,,,,,51.22319144104114,0.9223127106653541,0.0,0.0,0.0,0.0,0.0,0.0,,0.0,0,0,0.0,0.0,0.0,0.0,28.49,0.0,318.43,0.0,0.0,0.0,0.0,,,,,0.7795915296303172,0.6262883097493217,0.7795915296303172,0.6262883097493217,5.5253424690805115,4.092559494271002,16.0,21.0,,,0.0,6,0.0,0.0,0.7119166666666666,0.0,-0.0,50.65,-2.7666666666666657,339,12,2021,248
2021-12-06,0.0,0.0,0,0.0,5.0,15.0,10.541666666666666,12.8,8.595833333333333,-5.266195100824214,4.821027819843296,74.08333333333333,273.8333333333333,600.0,84.79166666666667,,,,,,,,309.572893078941,0.7510556159783168,0.0,0.0,0.0,0.0,0.0,0.0,,0.041666666666666664,0,0,0.0,0.0,0.0,0.0,28.49,0.0,318.43,0.0,0.0,0.0,0.0,,,,,-0.7708147250242312,0.6370593847404015,-0.7708147250242312,0.6370593847404015,-3.901372870527271,3.571578109867242,17.0,22.0,,,0.0,6,0.0,0.0,0.7628333333333334,0.0,-0.0,51.575,2.2124999999999986,340,12,2021,249
2021-12-07,0.0,6.2,0,0.0,7.4,15.8,11.245833333333332,19.4,13.4,-8.143813595749474,5.119357858534589,84.08333333333333,291.375,600.0,76.125,,,,,,,,304.57168525663553,0.5226937771276076,0.0,0.0,0.0,0.0,0.0,0.0,,0.0,0,0,0.0,0.0,0.0,0.0,28.49,0.0,318.43,0.0,0.0,0.0,0.0,,,,,-0.8234168881543822,0.5674368936737842,-0.8234168881543822,0.5674368936737842,-6.84758993175935,4.304526732717833,18.0,23.0,,,0.0,6,0.0,0.0,0.807861111111111,0.0,-0.0,80.4,0.7041666666666657,341,12,2021,250
2021-12-08,0.0,12.8,0,0.0,6.1,12.4,8.433333333333334,11.9,6.520833333333333,3.6416467276042375,0.6825351944403487,91.41666666666667,200.66666666666666,600.0,87.66666666666667,,,,,,,,78.46967099459943,0.6005870378624959,0.0,0.0,0.0,0.0,0.0,0.0,,0.0,0,0,0.0,0.0,0.0,0.0,28.49,0.0,318.43,0.0,0.0,0.0,0.0,,,,,0.979819033714991,0.1998866207874386,0.979819033714991,0.1998866207874386,3.3290720501515403,0.6239509235842189,19.0,24.0,,,0.0,6,0.0,0.0,0.7140555555555556,0.0,-0.0,39.125,-2.8124999999999982,342,12,2021,251
2021-12-09,1.9600000000000002,65.2,6,0.77,4.7,7.4,5.766666666666667,21.7,12.566666666666668,8.387911585230075,-9.005401088925966,99.875,57.416666666666664,149.0,100.0,,,,,,,,134.5009797833992,0.9788642703411182,5.7,16.516666666666666,21.7,100.0,9.311952515513257,-13.5153742308897,145.838431732745,0.0,0,3,1.9600000000000002,1.9599999999999966,1.9600000000000002,1.9600000000000002,30.45,0.0,320.39,0.0,0.0,0.0,0.0,,,,,0.71323846318868,-0.7009214610983531,0.561528478655315,-0.8274574113868626,8.377426695748538,-8.994144337564808,0.0,25.0,1.0000000000000018,0.9999999999999982,42.532000000000004,0,0.16719922916666657,1.9599999999999966,0.5356388888888889,32.37266666666667,0.0,0.0,-2.666666666666667,343,12,2021,252
2021-12-10,0.84,25.7,2,0.63,3.6,5.6,4.458333333333333,24.1,19.358333333333334,7.622656561364369,-17.41581872481848,99.70833333333333,82.25,277.0,100.0,,,,,,,,157.18309759597764,0.9811008107249116,4.199999999999999,20.35,22.9,100.0,13.39982995950157,-15.214161994597738,138.00000000000003,0.0,0,2,2.8000000000000003,2.7999999999999967,2.8000000000000003,2.8000000000000003,31.29,0.0,321.23,0.0,0.0,0.0,0.0,,,,,0.38778752161421215,-0.9217487933706813,0.6691306063588578,-0.7431448254773947,7.600423813060389,-17.365022586871092,0.0,26.0,0.3000000000000003,0.9999999999999988,20.244,1,0.09081712499999994,2.7999999999999967,0.5116388888888889,17.094,0.0,19.358333333333334,-1.3083333333333336,344,12,2021,253
2021-12-11,0.0,4.4,0,0.0,3.8,10.8,6.466666666666666,17.2,12.141666666666666,7.495203808041537,-9.261858937220692,92.0,181.45833333333334,600.0,100.0,,,,,,,,138.77055044304367,0.9785527432814232,0.0,0.0,0.0,0.0,0.0,0.0,,0.0,0,0,0.84,2.7999999999999967,2.8000000000000003,2.8000000000000003,31.22,0.0,321.23,0.0,0.0,0.0,0.0,,,,,0.6590761081352055,-0.7520762485847768,0.6590761081352055,-0.7520762485847768,6.895587503398214,-8.520910222243037,1.0,27.0,0.0,0.9999999999999988,0.0,2,0.0,1.3999999999999984,0.6676388888888889,0.0,-0.0,24.28333333333333,2.008333333333333,345,12,2021,254
2021-12-12,0.0,0.1,0,0.0,4.4,15.7,9.779166666666667,11.1,6.458333333333333,-1.1142108709155785,-2.1909453251537196,77.79166666666667,275.5416666666667,600.0,80.16666666666667,,,,,,,,155.49466815878316,0.2651681078947039,0.0,0.0,0.0,0.0,0.0,0.0,,0.041666666666666664,0,0,0.0,0.8399999999999964,2.8000000000000003,2.8000000000000003,30.66,0.0,321.23,0.0,0.0,0.0,0.0,,,,,0.4147779202042982,-0.9099226763362901,0.4147779202042982,-0.9099226763362901,-0.8667632066664105,-1.7043728841924979,2.0,28.0,0.0,0.2999999999999987,0.0,3,0.0,0.2799999999999988,0.7763333333333334,0.0,-0.0,19.375,3.312500000000001,346,12,2021,255
2021-12-13,0.0,0.0,0,0.0,8.0,20.2,13.916666666666666,15.2,8.608333333333333,-5.6205515779660375,-2.652495209301157,60.583333333333336,335.2916666666667,600.0,18.291666666666668,,,,,,,,260.33065249471906,0.5754174613887145,0.0,0.0,0.0,0.0,0.0,0.0,,0.6666666666666666,0,0,0.0,0.0,2.8000000000000003,2.8000000000000003,23.380000000000003,0.0,321.23,0.0,0.0,0.0,0.0,,,,,-0.9857934676453739,-0.1679620169791647,-0.9857934676453739,-0.1679620169791647,-3.405117497651091,-1.6069700143016175,3.0,29.0,,0.0,0.0,4,0.0,0.0,0.7588055555555556,0.0,-0.0,34.43333333333333,4.137499999999999,347,12,2021,256
2021-12-14,0.0,3.3000000000000003,0,0.0,11.7,19.4,16.295833333333334,12.3,6.6499999999999995,-3.9004826670816723,2.2481944331581487,51.958333333333336,255.20833333333334,600.0,43.333333333333336,,,,,,,,307.0780956651075,0.5115562576677863,0.0,0.0,0.0,0.0,0.0,0.0,,0.4583333333333333,0,0,0.0,0.0,2.8000000000000003,2.8000000000000003,12.74,0.0,321.23,0.0,0.0,0.0,0.0,,,,,-0.7978144786151943,0.6029030251308795,-0.7978144786151943,0.6029030251308795,-2.026625785771186,1.1681243575617548,4.0,30.0,,0.0,0.0,5,0.0,0.0,0.6766666666666667,0.0,-0.0,33.25,2.379166666666668,348,12,2021,257
2021-12-15,0.0,4.5,0,0.0,8.5,19.4,14.1625,21.6,12.808333333333332,-10.060810003405622,7.1749232673000565,74.45833333333333,244.33333333333334,600.0,60.291666666666664,,,,,,,,308.39032281066966,0.9665062008508016,0.0,0.0,0.0,0.0,0.0,0.0,,0.3333333333333333,0,0,0.0,0.0,2.8000000000000003,2.8000000000000003,3.0100000000000002,0.0,321.23,0.0,0.0,0.0,0.0,,,,,-0.7837983572719492,0.6210154065220876,-0.7837983572719492,0.6210154065220876,-7.491111448369103,5.342328282777166,5.0,31.0,,0.0,0.0,6,0.0,0.0,0.7444166666666666,0.0,-0.0,76.85,-2.1333333333333346,349,12,2021,258
2021-12-16,0.0,0.0,0,0.0,5.7,18.2,10.645833333333334,10.3,7.020833333333333,-1.0133097112005245,-1.1843999468130693,80.875,327.0416666666667,600.0,36.375,,,,,,,,227.60303643324116,0.287750676212074,0.0,0.0,0.0,0.0,0.0,0.0,,0.5,0,0,0.0,0.0,0.84,2.8000000000000003,3.0100000000000002,0.0,321.23,0.0,0.0,0.0,0.0,,,,,-0.7384910747547375,-0.6742632516366236,-0.7384910747547375,-0.6742632516366236,-0.8195142289334243,-0.9578834569850697,6.0,32.0,,0.0,0.0,6,0.0,0.0,0.8209444444444444,0.0,-0.0,42.125,-3.5166666666666657,350,12,2021,259
2021-12-17,0.0,0.0,0,0.0,6.1,19.8,14.191666666666668,16.1,12.025,-8.289460565364237,7.901096269639253,63.541666666666664,398.2083333333333,600.0,26.708333333333332,,,,,,,,315.8034541237693,0.9374656739429816,0.0,0.0,0.0,0.0,0.0,0.0,,0.7083333333333334,0,0,0.0,0.0,0.0,2.8000000000000003,3.0100000000000002,0.0,321.23,0.0,0.0,0.0,0.0,,,,,-0.6971218820348659,0.7169526355263411,-0.6971218820348659,0.7169526355263411,-5.267261400908526,5.020488254666608,7.0,33.0,,,0.0,6,0.0,0.0,0.8106111111111111,0.0,-0.0,72.15,3.5458333333333343,351,12,2021,260
2021-12-18,0.0,0.9,0,0.0,14.4,20.9,17.495833333333334,31.6,23.25,-17.069075237059653,15.108501906056729,70.08333333333333,211.04166666666666,600.0,79.54166666666667,,,,,,,,313.3180622929285,0.9787213329502912,0.0,0.0,0.0,0.0,0.0,0.0,,0.08333333333333333,0,0,0.0,0.0,0.0,2.8000000000000003,3.0100000000000002,0.0,321.23,0.0,0.0,0.0,0.0,,,,,-0.7275565196745444,0.6860477466467362,-0.7275565196745444,0.6860477466467362,-11.962576895305972,10.588541752494757,8.0,34.0,,,0.0,6,0.0,0.0,0.7076388888888889,0.0,-0.0,139.5,3.3041666666666654,352,12,2021,261
2021-12-19,0.0,49.3,0,0.0,9.0,16.1,13.258333333333333,35.7,25.47083333333333,-19.74658233625043,14.909545664363952,91.70833333333333,92.25,421.0,86.33333333333333,,,,,,,,309.2780631773734,0.9684264368967707,0.0,0.0,0.0,0.0,0.0,0.0,,0.041666666666666664,0,0,0.0,0.0,0.0,2.8000000000000003,2.8000000000000003,0.0,321.23,0.0,0.0,0.0,0.0,,,,,-0.7740826553990374,0.6330845461787667,-0.7740826553990374,0.6330845461787667,-18.109261550869665,13.67329583636044,9.0,35.0,,,0.0,6,0.0,0.0,0.7005277777777777,0.0,-0.0,152.825,-4.237500000000001,353,12,2021,262
2021-12-20,0.0,0.0,0,0.0,5.7,17.8,11.858333333333334,30.1,18.445833333333333,-16.086868960690737,8.891021272139513,62.5,403.5416666666667,600.0,28.041666666666668,,,,,,,,299.69509635077014,0.9955832822321137,0.0,0.0,0.0,0.0,0.0,0.0,,0.6666666666666666,0,0,0.0,0.0,0.0,2.8000000000000003,2.8000000000000003,0.0,321.23,0.0,0.0,0.0,0.0,,,,,-0.8686739150000272,0.4953843249422872,-0.8686739150000272,0.4953843249422872,-10.05429310043171,5.556888295087195,10.0,36.0,,,0.0,6,0.0,0.0,0.8106944444444445,0.0,-0.0,110.675,-1.3999999999999986,354,12,2021,263
2021-12-21,0.0,0.0,0,0.0,10.4,20.2,14.920833333333334,18.7,14.991666666666667,-12.48655901670523,7.9989965889233305,55.458333333333336,400.5416666666667,600.0,0.0,,,,,,,,303.3991903697738,0.9882981565027631,0.0,0.0,0.0,0.0,0.0,0.0,,1.0,0,0,0.0,0.0,0.0,2.8000000000000003,2.8000000000000003,0.0,321.23,0.0,0.0,0.0,0.0,,,,,-0.8348556418655008,0.5504689430343395,-0.8348556418655008,0.5504689430343395,-6.924837521347777,4.436110191607064,11.0,37.0,,,0.0,6,0.0,0.0,0.7852222222222222,0.0,-0.0,89.95,3.0625,355,12,2021,264
2021-12-22,0.0,0.6,0,0.0,11.3,20.7,15.491666666666667,17.4,12.520833333333334,-7.348084877759411,4.997720118230451,61.125,372.0416666666667,600.0,71.83333333333333,,,,,,,,307.12415308275763,0.53626457845777,0.0,0.0,0.0,0.0,0.0,0.0,,0.20833333333333334,0,0,0.0,0.0,0.0,2.8000000000000003,2.8000000000000003,0.0,321.23,0.0,0.0,0.0,0.0,,,,,-0.7973295751443614,0.6035441562968794,-0.7973295751443614,0.6035441562968794,-4.4915168815304405,3.0548564222683634,12.0,38.0,,,0.0,6,0.0,0.0,0.7851111111111111,0.0,-0.0,75.125,0.5708333333333329,356,12,2021,265
2021-12-23,0.0,1.5,0,0.0,9.3,19.9,13.995833333333332,15.3,11.004166666666668,-3.2375434581733606,3.065297699496797,71.16666666666667,358.625,600.0,68.375,,,,,,,,325.0772339027012,0.3380020954929917,0.0,0.0,0.0,0.0,0.0,0.0,,0.25,0,0,0.0,0.0,0.0,0.84,2.8000000000000003,0.0,321.23,0.0,0.0,0.0,0.0,,,,,-0.5724717101697858,0.8199244727749506,-0.5724717101697858,0.8199244727749506,-2.304051761066708,2.181470196141887,13.0,39.0,,,0.0,6,0.0,0.0,0.8096388888888889,0.0,-0.0,66.025,-1.4958333333333353,357,12,2021,266
2021-12-24,0.0,0.0,0,0.0,10.1,20.3,15.475,14.9,7.591666666666666,-3.4983230676627195,3.529145030587939,73.20833333333333,370.9166666666667,600.0,43.958333333333336,,,,,,,,339.79023877171636,0.4970049418146442,0.0,0.0,0.0,0.0,0.0,0.0,,0.5416666666666666,0,0,0.0,0.0,0.0,0.0,2.8000000000000003,0.0,321.23,0.0,0.0,0.0,0.0,,,,,-0.3454580808879125,0.9384341822148426,-0.3454580808879125,0.9384341822148426,-2.561064012451416,2.583628257809587,14.0,40.0,,,0.0,6,0.0,0.0,0.8246388888888889,0.0,-0.0,45.55,1.4791666666666679,358,12,2021,267
2021-12-25,0.0,0.1,0,0.0,12.9,19.8,16.283333333333335,14.3,9.470833333333333,-6.76681726171276,4.3201578658538375,61.416666666666664,296.7083333333333,600.0,60.083333333333336,,,,,,,,313.97422413228924,0.7654407515183388,0.0,0.0,0.0,0.0,0.0,0.0,,0.20833333333333334,0,0,0.0,0.0,0.0,0.0,2.8000000000000003,0.0,321.23,0.0,0.0,0.0,0.0,,,,,-0.7196522361082315,0.6943346880751546,-0.7196522361082315,0.6943346880751546,-4.155953601568587,2.6532969559452315,15.0,41.0,,,0.0,6,0.0,0.0,0.7358611111111112,0.0,-0.0,56.825,0.8083333333333353,359,12,2021,268
2021-12-26,0.0,0.9,0,0.0,7.1,18.8,13.104166666666666,12.2,6.745833333333334,1.668812525151332,-1.3618984316323335,74.70833333333333,265.6666666666667,600.0,58.458333333333336,,,,,,,,130.59526498243844,0.047161495597554684,0.0,0.0,0.0,0.0,0.0,0.0,,0.25,0,0,0.0,0.0,0.0,0.0,2.8000000000000003,0.0,321.23,0.0,0.0,0.0,0.0,,,,,0.7593250857949165,-0.6507114676125991,0.7593250857949165,-0.6507114676125991,1.2467420239984741,-1.0174516199653225,16.0,42.0,,,0.0,6,0.0,0.0,0.7594722222222222,0.0,-0.0,40.475,-3.179166666666669,360,12,2021,269
2021-12-27,0.0,2.4,0,0.0,5.3,13.0,8.191666666666666,15.1,10.158333333333333,9.435089167648984,-3.4371291765082215,84.54166666666667,199.70833333333334,600.0,99.83333333333333,,,,,,,,109.5003819735645,0.9893659300161118,0.0,0.0,0.0,0.0,0.0,0.0,,0.0,0,0,0.0,0.0,0.0,0.0,2.8000000000000003,0.0,321.23,0.0,0.0,0.0,0.0,,,,,0.9426392656822585,-0.3338131435309467,0.9426392656822585,-0.3338131435309467,7.976581633816579,-2.905806291306326,17.0,43.0,,,0.0,6,0.0,0.0,0.7038333333333334,0.0,-0.0,60.95,-4.9125,361,12,2021,270
2021-12-28,0.0,0.30000000000000004,0,0.0,4.1,15.3,9.125,13.5,9.304166666666667,8.723234060126126,-0.62856768095159,75.08333333333333,375.5833333333333,600.0,37.25,,,,,,,,88.96410151951359,0.889482204874523,0.0,0.0,0.0,0.0,0.0,0.0,,0.5833333333333334,0,0,0.0,0.0,0.0,0.0,2.8000000000000003,0.0,321.23,0.0,0.0,0.0,0.0,,,,,0.999836564159308,0.01807885422558868,0.999836564159308,0.01807885422558868,6.549694906811365,-0.4719495671144855,18.0,44.0,,,0.0,6,0.0,0.0,0.834,0.0,-0.0,55.825,0.9333333333333336,362,12,2021,271
2021-12-29,0.0,0.0,0,0.0,7.4,19.1,13.741666666666667,12.6,6.954166666666667,0.7340259377863108,-4.166071200985974,53.833333333333336,352.0833333333333,600.0,26.625,,,,,,,,174.57345359406648,0.30567107014365785,0.0,0.0,0.0,0.0,0.0,0.0,,0.5833333333333334,0,0,0.0,0.0,0.0,0.0,2.8000000000000003,0.0,321.23,0.0,0.0,0.0,0.0,,,,,0.0945695691488553,-0.9955182552776216,0.0945695691488553,-0.9955182552776216,0.3951506298416307,-2.242734996530783,19.0,45.0,,,0.0,6,0.0,0.0,0.7474999999999999,0.0,-0.0,41.725,4.616666666666667,363,12,2021,272
2021-12-30,0.0,0.0,0,0.0,8.7,20.9,15.154166666666667,11.2,7.304166666666666,-6.045385106292209,2.308031203609057,62.25,288.1666666666667,600.0,42.5,,,,,,,,299.6138035567904,0.8674432453188192,0.0,0.0,0.0,0.0,0.0,0.0,,0.5416666666666666,0,0,0.0,0.0,0.0,0.0,2.8000000000000003,0.0,321.23,0.0,0.0,0.0,0.0,,,,,-0.8693759050262904,0.4941513288049709,-0.8693759050262904,0.4941513288049709,-3.7632522286669,1.4367494242466379,20.0,46.0,,,0.0,6,0.0,0.0,0.7329444444444445,0.0,-0.0,43.824999999999996,1.4124999999999996,364,12,2021,273
2021-12-31,0.0,0.0,0,0.0,13.0,24.1,18.087500000000002,11.8,6.754166666666666,-0.4967694827890588,4.395426315209423,46.625,311.7083333333333,600.0,43.625,,,,,,,,1.7054584040372183,0.5967319377463367,0.0,0.0,0.0,0.0,0.0,0.0,,0.4583333333333333,0,0,0.0,0.0,0.0,0.0,2.8000000000000003,0.0,321.23,0.0,0.0,0.0,0.0,,,,,0.02976146914183765,0.9995570293657683,0.02976146914183765,0.9995570293657683,-0.23161877135039866,2.049367519466393,21.0,47.0,,,0.0,6,0.0,0.0,0.6965555555555555,0.0,-0.0,40.525,2.9333333333333353,365,12,2021,274
2022-01-01,0.0,0.1,0,0.0,14.4,23.1,18.245833333333334,13.8,8.329166666666667,-6.9987675733501575,3.381419868830209,51.541666666666664,317.4166666666667,600.0,33.916666666666664,,,,,,,,300.2255151458683,0.9165060044011059,0.0,0.0,0.0,0.0,0.0,0.0,,0.2916666666666667,0,0,0.0,0.0,0.0,0.0,2.8000000000000003,0.0,321.23,0.0,0.0,0.0,0.0,,,,,-0.864050709757835,0.5034047784506832,-0.864050709757835,0.5034047784506832,-3.6072814534308937,1.7428401573929033,22.0,48.0,,,0.0,6,0.0,0.0,0.7167499999999999,0.0,-0.0,49.97500000000001,0.15833333333333144,1,1,2021,275
2022-01-02,0.0,4.6,0,0.0,12.2,23.6,17.604166666666668,15.9,8.895833333333334,-4.310395973930003,4.2598437449657895,64.375,307.4166666666667,600.0,29.541666666666668,,,,,,,,320.33589825864703,0.5309276876926968,0.0,0.0,0.0,0.0,0.0,0.0,,0.5,0,0,0.0,0.0,0.0,0.0,2.8000000000000003,0.0,321.23,0.0,0.0,0.0,0.0,,,,,-0.6382856304125492,0.7697996193873148,-0.6382856304125492,0.7697996193873148,-2.774817408217439,2.742274410821727,23.0,49.0,,,0.0,6,0.0,0.0,0.7528611111111111,0.0,-0.0,53.375,-0.6416666666666657,2,1,2021,276
2022-01-03,0.0,3.2,0,0.0,11.7,21.8,15.845833333333333,11.5,8.35,3.8105407294699702,3.3697836251905873,75.45833333333333,295.1666666666667,600.0,43.916666666666664,,,,,,,,39.74881697836505,0.42903219149246247,0.0,0.0,0.0,0.0,0.0,0.0,,0.2916666666666667,0,0,0.0,0.0,0.0,0.0,2.8000000000000003,0.0,321.23,0.0,0.0,0.0,0.0,,,,,0.6394231270882538,0.7688550348047926,0.6394231270882538,0.7688550348047926,2.8753705254458817,2.542782560508397,24.0,50.0,,,0.0,6,0.0,0.0,0.7816388888888889,0.0,-0.0,50.099999999999994,-1.7583333333333346,3,1,2021,277
2022-01-04,0.0,4.6,0,0.0,11.2,20.0,15.654166666666667,9.2,5.633333333333333,0.9736888031017497,2.2452950796246105,81.41666666666667,257.625,600.0,63.458333333333336,,,,,,,,19.063835598253025,0.30997850153608947,0.0,0.0,0.0,0.0,0.0,0.0,,0.125,0,0,0.0,0.0,0.0,0.0,2.8000000000000003,0.0,321.23,0.0,0.0,0.0,0.0,,,,,0.3266213935342737,0.9451552598836496,0.3266213935342737,0.9451552598836496,0.7927449671920078,1.8280444106610372,25.0,51.0,,,0.0,6,0.0,0.0,0.7764722222222223,0.0,-0.0,33.8,-0.19166666666666643,4,1,2021,278
2022-01-05,0.0,27.3,0,0.0,12.1,18.9,14.670833333333334,20.9,13.025,10.612900314267245,6.007073174189544,84.95833333333333,234.45833333333334,600.0,83.66666666666667,,,,,,,,55.60284750013229,0.9344634085380247,0.0,0.0,0.0,0.0,0.0,0.0,,0.08333333333333333,0,0,0.0,0.0,0.0,0.0,2.8000000000000003,0.0,321.23,0.0,0.0,0.0,0.0,,,,,0.82514157513224,0.5649259960280515,0.82514157513224,0.5649259960280515,9.016543225329547,5.1035092509052,26.0,52.0,,,0.0,6,0.0,0.0,0.7728333333333333,0.0,-0.0,78.15,-0.9833333333333325,5,1,2021,279
2022-01-06,0.0,42.1,0,0.0,12.2,18.7,14.525,18.2,13.054166666666667,7.557679022848873,7.724373277984107,93.25,152.45833333333334,485.0,99.95833333333333,,,,,,,,41.28076762246019,0.8259735047724517,0.0,0.0,0.0,0.0,0.0,0.0,,0.0,0,0,0.0,0.0,0.0,0.0,2.8000000000000003,0.0,321.23,0.0,0.0,0.0,0.0,,,,,0.6597494552205674,0.7514856328208575,0.6597494552205674,0.7514856328208575,7.047535688806574,7.20297808172018,27.0,53.0,,,0.0,6,0.0,0.0,0.7458055555555556,0.0,-0.0,78.325,-0.14583333333333393,6,1,2021,280
2022-01-07,0.0,22.1,0,0.0,12.3,19.8,14.520833333333334,16.5,12.091666666666667,-3.5293228353360355,10.359281227070985,92.45833333333333,124.66666666666667,600.0,94.45833333333333,,,,,,,,337.4368282057052,0.91687300723054,0.0,0.0,0.0,0.0,0.0,0.0,,0.0,0,0,0.0,0.0,0.0,0.0,2.8000000000000003,0.0,321.23,0.0,0.0,0.0,0.0,,,,,-0.3837018282996776,0.9234570412095436,-0.3837018282996776,0.9234570412095436,-3.2631530715044423,9.578018767862714,28.0,54.0,,,0.0,6,0.0,0.0,0.7246388888888889,0.0,-0.0,72.55,-0.00416666666666643,7,1,2021,281
2022-01-08,0.0,2.5,0,0.0,10.7,18.9,14.7125,15.5,8.658333333333333,-5.359423693436767,2.974588020574304,79.66666666666667,336.4583333333333,600.0,43.916666666666664,,,,,,,,304.6936304631889,0.5448855340411093,0.0,0.0,0.0,0.0,0.0,0.0,,0.08333333333333333,0,0,0.0,0.0,0.0,0.0,0.84,0.0,321.23,0.0,0.0,0.0,0.0,,,,,-0.8222073224072114,0.5691881226624146,-0.8222073224072114,0.5691881226624146,-4.2696742091046245,2.3697551230575287,29.0,55.0,,,0.0,6,0.0,0.0,0.8231944444444445,0.0,-0.0,51.95,0.19166666666666643,8,1,2021,282
2022-01-09,0.0,1.5,0,0.0,11.9,20.5,16.095833333333335,12.9,7.870833333333334,-1.3417221903483423,3.783233577914855,80.79166666666667,324.4583333333333,600.0,54.833333333333336,,,,,,,,350.404691731732,0.4492189288725574,0.0,0.0,0.0,0.0,0.0,0.0,,0.125,0,0,0.0,0.0,0.0,0.0,0.0,0.0,321.23,0.0,0.0,0.0,0.0,,,,,-0.16668800672156633,0.9860096898181027,-0.16668800672156633,0.9860096898181027,-1.0839997196189315,3.056537461490377,30.0,56.0,,,0.0,6,0.0,0.0,0.8189444444444445,0.0,-0.0,47.225,1.3833333333333346,9,1,2021,283
2022-01-10,0.0,1.7,0,0.0,14.1,22.8,17.891666666666666,11.3,8.0625,-1.4679177930670828,1.544691166547019,73.08333333333333,309.7083333333333,600.0,46.583333333333336,,,,,,,,306.4740767126147,0.34977712483505663,0.0,0.0,0.0,0.0,0.0,0.0,,0.3333333333333333,0,0,0.0,0.0,0.0,0.0,0.0,0.0,321.23,0.0,0.0,0.0,0.0,,,,,-0.8041259039476051,0.5944590234830716,-0.8041259039476051,0.5944590234830716,-1.0728032537665262,1.128911794218113,31.0,57.0,,,0.0,6,0.0,0.0,0.7834166666666667,0.0,-0.0,48.375,1.7958333333333307,10,1,2021,284
2022-01-11,0.0,23.1,0,0.0,11.3,17.1,14.616666666666667,9.7,6.145833333333333,3.4759654171545495,0.5415770205960161,93.04166666666667,119.66666666666667,463.0,99.95833333333333,,,,,,,,82.61092568189636,0.5189749377510902,0.0,0.0,0.0,0.0,0.0,0.0,,0.0,0,0,0.0,0.0,0.0,0.0,0.0,0.0,321.23,0.0,0.0,0.0,0.0,,,,,0.9916957042724429,0.12860649333367047,0.9916957042724429,0.12860649333367047,3.2340961568775457,0.50389228624621,32.0,58.0,,,0.0,6,0.0,0.0,0.7232500000000001,0.0,-0.0,36.875,-3.2749999999999986,11,1,2021,285
2022-01-12,0.0,8.9,0,0.0,10.8,17.1,12.6625,14.4,11.470833333333333,11.03436647122823,-2.265020290614133,93.66666666666667,207.33333333333334,600.0,95.0,,,,,,,,102.32264018878463,0.9832738228787534,0.0,0.0,0.0,0.0,0.0,0.0,,0.0,0,0,0.0,0.0,0.0,0.0,0.0,0.0,321.23,0.0,0.0,0.0,0.0,,,,,0.976961320088982,-0.2134164451254721,0.976961320088982,-0.2134164451254721,10.335523261383775,-2.1215690055419048,33.0,59.0,,,0.0,6,0.0,0.0,0.7837777777777779,0.0,-0.0,68.825,-1.9541666666666675,12,1,2021,286
2022-01-13,0.0,9.4,0,0.0,10.6,19.2,14.241666666666667,13.8,9.670833333333333,6.16091918346076,6.548422082101692,85.70833333333333,283.375,600.0,81.375,,,,,,,,39.54230805698037,0.9227418459148325,0.0,0.0,0.0,0.0,0.0,0.0,,0.0,0,0,0.0,0.0,0.0,0.0,0.0,0.0,321.23,0.0,0.0,0.0,0.0,,,,,0.6366478258983634,0.7711546834318567,0.6366478258983634,0.7711546834318567,5.280421150157826,5.612543426201325,34.0,60.0,,,0.0,6,0.0,0.0,0.8079444444444444,0.0,-0.0,58.02499999999999,1.5791666666666675,13,1,2021,287
2022-01-14,0.0,13.200000000000001,0,0.0,12.1,18.9,15.441666666666668,16.1,10.791666666666666,-5.819071896983233,8.375674852786616,82.83333333333333,254.0,600.0,78.20833333333333,,,,,,,,326.6493768125322,0.9338585175659314,0.0,0.0,0.0,0.0,0.0,0.0,,0.16666666666666666,0,0,0.0,0.0,0.0,0.0,0.0,0.0,321.23,0.0,0.0,0.0,0.0,,,,,-0.5497610739279611,0.835321950863004,-0.5497610739279611,0.835321950863004,-4.820131221334444,6.937850669724913,35.0,61.0,,,0.0,6,0.0,0.0,0.7787777777777777,0.0,-0.0,64.75,1.200000000000001,14,1,2021,288
2022-01-15,0.0,6.7,0,0.0,12.4,19.1,15.345833333333333,21.9,13.754166666666668,-10.17103837640445,7.893522734623669,86.79166666666667,269.75,600.0,75.875,,,,,,,,309.2748902644061,0.7890145915792376,0.0,0.0,0.0,0.0,0.0,0.0,,0.08333333333333333,0,0,0.0,0.0,0.0,0.0,0.0,0.0,321.23,0.0,0.0,0.0,0.0,,,,,-0.774117713027634,0.6330416782304825,-0.774117713027634,0.6330416782304825,-8.827613724187696,6.850919940092127,36.0,62.0,,,0.0,6,0.0,0.0,0.8024722222222221,0.0,-0.0,82.525,-0.09583333333333499,15,1,2021,289
2022-01-16,0.0,0.0,0,0.0,11.7,22.7,17.066666666666666,15.3,8.0625,-5.06580320095908,3.566702178833746,70.625,379.0,600.0,16.125,,,,,,,,314.34804096872284,0.6774054214195959,0.0,0.0,0.0,0.0,0.0,0.0,,0.7916666666666666,0,0,0.0,0.0,0.0,0.0,0.0,0.0,321.23,0.0,0.0,0.0,0.0,,,,,-0.7151068797775563,0.6990151289455814,-0.7151068797775563,0.6990151289455814,-3.5777235106773504,2.518983413801333,37.0,63.0,,,0.0,6,0.0,0.0,0.8214166666666666,0.0,-0.0,48.375,1.7208333333333332,16,1,2021,290
2022-01-17,0.0,2.3,0,0.0,11.4,20.1,16.087500000000002,21.8,12.741666666666667,-9.733033158325147,7.729057479946749,71.08333333333333,151.75,432.0,88.70833333333333,,,,,,,,311.8896841852232,0.9715489469863047,0.0,0.0,0.0,0.0,0.0,0.0,,0.041666666666666664,0,0,0.0,0.0,0.0,0.0,0.0,0.0,321.23,0.0,0.0,0.0,0.0,,,,,-0.7444317740342624,0.6676985351250974,-0.7444317740342624,0.6676985351250974,-6.918564403376125,5.494071691995481,38.0,64.0,,,0.0,6,0.0,0.0,0.6714444444444445,0.0,-0.0,76.45,-0.9791666666666643,17,1,2021,291
2022-01-18,0.0,2.4,0,0.0,10.3,18.7,13.475,11.8,6.508333333333333,1.3313804779920002,0.15108823860866524,87.29166666666667,230.45833333333334,600.0,98.95833333333333,,,,,,,,13.335268576697151,0.10945804247151555,0.0,0.0,0.0,0.0,0.0,0.0,,0.0,0,0,0.0,0.0,0.0,0.0,0.0,0.0,321.23,0.0,0.0,0.0,0.0,,,,,0.2306487365330267,0.9730370806581414,0.2306487365330267,0.9730370806581414,1.1621842089138503,0.13188744161881405,39.0,65.0,,,0.0,6,0.0,0.0,0.7779444444444444,0.0,-0.0,39.05,-2.6125000000000025,18,1,2021,292
2022-01-19,0.0,0.9,0,0.0,7.1,14.6,10.066666666666666,22.1,15.879166666666668,14.732288866436628,-5.179104513306755,86.95833333333333,248.20833333333334,600.0,88.25,,,,,,,,109.1157533903097,0.9839948561646952,0.0,0.0,0.0,0.0,0.0,0.0,,0.0,0,0,0.0,0.0,0.0,0.0,0.0,0.0,321.23,0.0,0.0,0.0,0.0,,,,,0.9448589083610872,-0.3274776989211548,0.9448589083610872,-0.3274776989211548,12.810952860105518,-4.503662966362999,40.0,66.0,,,0.0,6,0.0,0.0,0.7797777777777778,0.0,-0.0,95.275,-3.408333333333333,19,1,2021,293
2022-01-20,0.0,0.0,0,0.0,6.3,15.7,10.470833333333333,20.2,15.620833333333332,15.269896376693877,1.5307856840996819,77.08333333333333,346.0416666666667,600.0,46.541666666666664,,,,,,,,82.56529160498376,0.9777629359056267,0.0,0.0,0.0,0.0,0.0,0.0,,0.25,0,0,0.0,0.0,0.0,0.0,0.0,0.0,321.23,0.0,0.0,0.0,0.0,,,,,0.9915929591820852,0.12939630327221674,0.9915929591820852,0.12939630327221674,11.77054512370153,1.1799806314935046,41.0,67.0,,,0.0,6,0.0,0.0,0.8209722222222222,0.0,-0.0,93.725,0.4041666666666668,20,1,2021,294
2022-01-21,0.0,0.0,0,0.0,5.9,20.6,13.262500000000001,12.8,8.520833333333334,6.255088004639801,3.4603788268670095,65.875,371.125,600.0,21.791666666666668,,,,,,,,60.66683999521061,0.8406329731754,0.0,0.0,0.0,0.0,0.0,0.0,,0.6666666666666666,0,0,0.0,0.0,0.0,0.0,0.0,0.0,321.23,0.0,0.0,0.0,0.0,,,,,0.8717858956845059,0.4898870809539314,0.8717858956845059,0.4898870809539314,4.120539223056469,2.2795245521986427,42.0,68.0,,,0.0,6,0.0,0.0,0.8003333333333332,0.0,-0.0,51.125,2.791666666666668,21,1,2021,295
2022-01-22,0.0,0.0,0,0.0,9.3,20.8,15.2875,12.0,7.4375,4.862872147140707,1.283255182319776,56.125,375.0416666666667,600.0,4.666666666666667,,,,,,,,59.61372835444446,0.6330893661660335,0.0,0.0,0.0,0.0,0.0,0.0,,0.9166666666666666,0,0,0.0,0.0,0.0,0.0,0.0,0.0,321.23,0.0,0.0,0.0,0.0,,,,,0.8626348926603414,0.5058270870217225,0.8626348926603414,0.5058270870217225,2.7292869925827214,0.7202269710769742,43.0,69.0,,,0.0,6,0.0,0.0,0.7704444444444446,0.0,-0.0,44.625,2.0249999999999986,22,1,2021,296
2022-01-23,0.0,0.0,0,0.0,10.7,22.2,16.891666666666666,12.2,6.941666666666666,2.5171922063393866,0.05827710263814623,60.833333333333336,368.375,600.0,7.875,,,,,,,,69.9451599375415,0.18076973353717052,0.0,0.0,0.0,0.0,0.0,0.0,,0.8333333333333334,0,0,0.0,0.0,0.0,0.0,0.0,0.0,321.23,0.0,0.0,0.0,0.0,,,,,0.9393648293611295,0.34291940359118794,0.9393648293611295,0.34291940359118794,1.531291925523127,0.03545190410487229,44.0,70.0,,,0.0,6,0.0,0.0,0.7816944444444444,0.0,-0.0,41.65,1.604166666666666,23,1,2021,297
2022-01-24,0.0,0.4,0,0.0,11.7,21.1,16.2625,9.9,5.5874999999999995,-0.396539891797184,-0.13677531154308253,71.29166666666667,279.875,600.0,93.70833333333333,,,,,,,,285.75054739042616,0.18075927876982825,0.0,0.0,0.0,0.0,0.0,0.0,,0.041666666666666664,0,0,0.0,0.0,0.0,0.0,0.0,0.0,321.23,0.0,0.0,0.0,0.0,,,,,-0.9624526431313916,0.2714496449240599,-0.9624526431313916,0.2714496449240599,-0.2826998978604091,-0.09750939918758926,45.0,71.0,,,0.0,6,0.0,0.0,0.7575555555555556,0.0,-0.0,33.525,-0.6291666666666664,24,1,2021,298
2022-01-25,0.0,0.9,0,0.0,12.6,21.5,16.708333333333332,9.8,5.758333333333333,-2.312631847107386,-1.916566174353556,71.83333333333333,273.5,600.0,70.20833333333333,,,,,,,,247.5055230270667,0.4355195818352122,0.0,0.0,0.0,0.0,0.0,0.0,,0.125,0,0,0.0,0.0,0.0,0.0,0.0,0.0,321.23,0.0,0.0,0.0,0.0,,,,,-0.9239164169910244,-0.3825943732132865,-0.9239164169910244,-0.3825943732132865,-1.6612405435054722,-1.3767333685773042,46.0,72.0,,,0.0,6,0.0,0.0,0.7551111111111112,0.0,-0.0,34.55,0.44583333333333286,25,1,2021,299
2022-01-26,0.0,0.6000000000000001,0,0.0,12.6,21.5,17.05,8.4,6.070833333333333,1.0855508484757193,2.859351241542855,68.0,283.25,600.0,37.666666666666664,,,,,,,,8.280827463854749,0.43877942807860415,0.0,0.0,0.0,0.0,0.0,0.0,,0.4166666666666667,0,0,0.0,0.0,0.0,0.0,0.0,0.0,321.23,0.0,0.0,0.0,0.0,,,,,0.14402507396457115,0.9895740387002379,0.14402507396457115,0.9895740387002379,0.7381745769634891,1.9443588442491413,47.0,73.0,,,0.0,6,0.0,0.0,0.7488333333333334,0.0,-0.0,36.425,0.34166666666666856,26,1,2021,300
2022-01-27,0.0,0.1,0,0.0,13.0,21.1,16.849999999999998,13.6,9.083333333333334,-6.237999366255527,6.0200556043523035,72.20833333333333,262.5,600.0,74.58333333333333,,,,,,,,315.51800140661504,0.9378027261478271,0.0,0.0,0.0,0.0,0.0,0.0,,0.16666666666666666,0,0,0.0,0.0,0.0,0.0,0.0,0.0,321.23,0.0,0.0,0.0,0.0,,,,,-0.7006851379621787,0.7134706282944818,-0.7006851379621787,0.7134706282944818,-4.504355375717011,4.3469818176427255,48.0,74.0,,,0.0,6,0.0,0.0,0.7490277777777777,0.0,-0.0,54.5,-0.20000000000000284,27,1,2021,301
2022-01-28,0.0,8.1,0,0.0,14.6,21.7,17.491666666666667,21.1,12.375,-9.192611997742116,7.3442742303125454,84.91666666666667,257.2083333333333,600.0,86.875,,,,,,,,315.1405958809037,0.8699019686344386,0.0,0.0,0.0,0.0,0.0,0.0,,0.0,0,0,0.0,0.0,0.0,0.0,0.0,0.0,321.23,0.0,0.0,0.0,0.0,,,,,-0.7053695122515469,0.7088397923268804,-0.7053695122515469,0.7088397923268804,-7.80605968808268,6.236512867240403,49.0,75.0,,,0.0,6,0.0,0.0,0.787861111111111,0.0,-0.0,74.25,0.6416666666666693,28,1,2021,302
2022-01-29,0.0,19.9,0,0.0,13.8,19.4,15.741666666666667,13.8,8.945833333333333,0.7111426594184364,0.8006216343859945,96.58333333333333,109.0,520.0,99.91666666666667,,,,,,,,22.778321696633828,0.07867161025140207,0.0,0.0,0.0,0.0,0.0,0.0,,0.0,0,0,0.0,0.0,0.0,0.0,0.0,0.0,321.23,0.0,0.0,0.0,0.0,,,,,0.38716676463683825,0.9220097051336515,0.38716676463683825,0.9220097051336515,0.6868452852216397,0.7732670618778062,50.0,76.0,,,0.0,6,0.0,0.0,0.7279444444444444,0.0,-0.0,53.675,-1.75,29,1,2021,303
2022-01-30,0.0,28.7,0,0.0,13.4,19.0,15.120833333333332,9.0,5.358333333333333,4.695406284637243,0.5954330305920315,94.625,175.66666666666666,600.0,88.41666666666667,,,,,,,,79.82364948493664,0.8560943096147499,0.0,0.0,0.0,0.0,0.0,0.0,,0.08333333333333333,0,0,0.0,0.0,0.0,0.0,0.0,0.0,321.23,0.0,0.0,0.0,0.0,,,,,0.984268617869036,0.1766784873100786,0.984268617869036,0.1766784873100786,4.443028196837991,0.5634285051977098,51.0,77.0,,,0.0,6,0.0,0.0,0.7658611111111111,0.0,-0.0,32.15,-0.6208333333333353,30,1,2021,304
2022-01-31,0.0,2.7,0,0.0,13.1,19.8,16.345833333333335,8.1,5.508333333333333,-4.016010132584731,2.31705628284868,82.33333333333333,244.75,600.0,47.583333333333336,,,,,,,,299.9127528937878,0.843719586882962,0.0,0.0,0.0,0.0,0.0,0.0,,0.375,0,0,0.0,0.0,0.0,0.0,0.0,0.0,321.23,0.0,0.0,0.0,0.0,,,,,-0.8667857740686717,0.4986806812702628,-0.8667857740686717,0.4986806812702628,-3.3065150091614286,1.9077096728787464,52.0,78.0,,,0.0,6,0.0,0.0,0.7709444444444444,0.0,-0.0,33.05,1.2250000000000032,31,1,2021,305
2022-02-01,0.0,3.3,0,0.0,13.6,20.6,16.6375,19.3,12.354166666666666,-10.09571868054379,6.502095881707711,81.41666666666667,276.9583333333333,600.0,53.916666666666664,,,,,,,,305.48323253659265,0.9696749928518328,0.0,0.0,0.0,0.0,0.0,0.0,,0.375,0,0,0.0,0.0,0.0,0.0,0.0,0.0,321.23,0.0,0.0,0.0,0.0,,,,,-0.8142854247279572,0.5804646820226105,-0.8142854247279572,0.5804646820226105,-8.219597625742736,5.2937897303570285,53.0,79.0,,,0.0,6,0.0,0.0,0.7893611111111111,0.0,-0.0,74.125,0.2916666666666643,32,2,2021,306
2022-02-02,0.0,1.1,0,0.0,4.2,13.3,8.799999999999999,12.7,8.108333333333333,3.8232627579893514,-6.130470002182384,90.0,188.125,600.0,93.625,,,,,,,,153.79127724063306,0.7667401819859682,0.0,0.0,0.0,0.0,0.0,0.0,,0.0,0,0,0.0,0.0,0.0,0.0,0.0,0.0,321.23,0.0,0.0,0.0,0.0,,,,,0.4416424470703073,-0.8971911440410849,0.4416424470703073,-0.8971911440410849,3.4409364821904167,-5.517423001964146,54.0,80.0,,,0.0,6,0.0,0.0,0.7209722222222222,0.0,-0.0,48.64999999999999,-7.8375,33,2,2021,307
2022-02-03,0.0,2.5,0,0.0,3.5,12.2,6.825,16.1,10.237499999999999,2.624170235658325,-8.889902564418323,84.5,226.625,600.0,93.79166666666667,,,,,,,,158.5049849939063,0.8882053265042221,0.0,0.0,0.0,0.0,0.0,0.0,,0.0,0,0,0.0,0.0,0.0,0.0,0.0,0.0,321.23,0.0,0.0,0.0,0.0,,,,,0.366420274769036,-0.9304494517372688,0.366420274769036,-0.9304494517372688,2.217423849131285,-7.511967666933483,55.0,81.0,,,0.0,6,0.0,0.0,0.7038611111111109,0.0,-0.0,61.425,-1.9749999999999988,34,2,2021,308
2022-02-04,0.0,6.0,0,0.0,3.7,12.0,7.591666666666668,23.4,17.216666666666665,13.715697806971889,-10.143999673541288,92.54166666666667,208.04166666666666,600.0,97.45833333333333,,,,,,,,126.12215035459656,0.990779920107911,0.0,0.0,0.0,0.0,0.0,0.0,,0.0,0,0,0.0,0.0,0.0,0.0,0.0,0.0,321.23,0.0,0.0,0.0,0.0,,,,,0.8077620422046503,-0.5895086794724678,0.8077620422046503,-0.5895086794724678,12.692735345535237,-9.387426364556333,56.0,82.0,,,0.0,6,0.0,0.0,0.7138333333333334,0.0,-0.0,103.29999999999998,0.7666666666666675,35,2,2021,309
2022-02-05,0.0,4.5,0,0.0,5.7,12.9,8.65,15.9,14.279166666666667,13.551819487117996,-3.9983889411867626,89.41666666666667,199.58333333333334,600.0,96.75,,,,,,,,106.49028062488266,0.989705304427765,0.0,0.0,0.0,0.0,0.0,0.0,,0.0,0,0,0.0,0.0,0.0,0.0,0.0,0.0,321.23,0.0,0.0,0.0,0.0,,,,,0.95886790004299,-0.2838526911395179,0.95886790004299,-0.2838526911395179,12.117585258064675,-3.5752261115778303,57.0,83.0,,,0.0,6,0.0,0.0,0.7177777777777777,0.0,-0.0,85.675,1.0583333333333327,36,2,2021,310
2022-02-06,0.0,0.5,0,0.0,5.5,13.8,9.070833333333333,17.7,15.391666666666666,15.103728778789943,-1.3053740936402973,84.625,220.25,600.0,94.91666666666667,,,,,,,,94.32711881428328,0.9840714240490448,0.0,0.0,0.0,0.0,0.0,0.0,,0.0,0,0,0.0,0.0,0.0,0.0,0.0,0.0,321.23,0.0,0.0,0.0,0.0,,,,,0.99714953345331,-0.07545069869687206,0.99714953345331,-0.07545069869687206,12.78153047905099,-1.1046728267431016,58.0,84.0,,,0.0,6,0.0,0.0,0.7355833333333334,0.0,-0.0,92.35,0.4208333333333325,37,2,2021,311
2022-02-07,0.0,1.0,0,0.0,6.4,14.1,10.216666666666667,15.0,10.5875,9.853896711133682,-1.622480813637331,81.91666666666667,249.375,600.0,78.58333333333333,,,,,,,,93.44656612223335,0.9399267877408,0.0,0.0,0.0,0.0,0.0,0.0,,0.041666666666666664,0,0,0.0,0.0,0.0,0.0,0.0,0.0,321.23,0.0,0.0,0.0,0.0,,,,,0.9981912980469654,-0.06011765550413961,0.9981912980469654,-0.06011765550413961,8.07198372253701,-1.3290821998379139,59.0,85.0,,,0.0,6,0.0,0.0,0.7526388888888889,0.0,-0.0,63.525000000000006,1.145833333333334,38,2,2021,312
2022-02-08,0.0,0.30000000000000004,0,0.0,7.8,17.4,11.4125,11.6,5.575,-1.875369473807197,-0.23183466221080118,78.16666666666667,249.70833333333334,600.0,69.75,,,,,,,,281.45521683219647,0.1894850733565392,0.0,0.0,0.0,0.0,0.0,0.0,,0.125,0,0,0.0,0.0,0.0,0.0,0.0,0.0,321.23,0.0,0.0,0.0,0.0,,,,,-0.9800802339915613,0.19860195099506536,-0.9800802339915613,0.19860195099506536,-1.4659138053592926,-0.1812174276281096,60.0,86.0,,,0.0,6,0.0,0.0,0.760361111111111,0.0,-0.0,33.45,1.1958333333333329,39,2,2021,313
2022-02-09,0.0,1.7,0,0.0,9.1,16.2,12.629166666666668,18.7,13.395833333333334,-11.425459148098682,6.440731597370948,77.33333333333333,259.7083333333333,600.0,31.5,,,,,,,,301.6164442741478,0.9783810545414545,0.0,0.0,0.0,0.0,0.0,0.0,,0.4166666666666667,0,0,0.0,0.0,0.0,0.0,0.0,0.0,321.23,0.0,0.0,0.0,0.0,,,,,-0.8515765115856645,0.5242303357452626,-0.8515765115856645,0.5242303357452626,-8.83568840786298,4.9808324353002,61.0,87.0,,,0.0,6,0.0,0.0,0.76425,0.0,-0.0,80.375,1.2166666666666686,40,2,2021,314
2022-02-10,0.0,1.6,0,0.0,10.5,18.8,14.0875,18.4,10.5,-5.101051710958508,4.206433623997069,81.5,247.45833333333334,600.0,62.541666666666664,,,,,,,,313.4695291916063,0.45004146567064884,0.0,0.0,0.0,0.0,0.0,0.0,,0.3333333333333333,0,0,0.0,0.0,0.0,0.0,0.0,0.0,321.23,0.0,0.0,0.0,0.0,,,,,-0.7257403463472423,0.6879687127215778,-0.7257403463472423,0.6879687127215778,-4.1573571444311845,3.4282434035576106,62.0,88.0,,,0.0,6,0.0,0.0,0.7699722222222222,0.0,-0.0,63.0,1.4583333333333321,41,2,2021,315
2022-02-11,0.0,0.9,0,0.0,7.9,15.1,10.995833333333332,11.7,8.079166666666667,6.935095342801842,-3.291878836284577,93.16666666666667,181.45833333333334,592.0,95.04166666666667,,,,,,,,113.05587258081322,0.9476228166909755,0.0,0.0,0.0,0.0,0.0,0.0,,0.0,0,0,0.0,0.0,0.0,0.0,0.0,0.0,321.23,0.0,0.0,0.0,0.0,,,,,0.9201233902799801,-0.3916285825366625,0.9201233902799801,-0.3916285825366625,6.461197161043716,-3.0669337824717973,63.0,89.0,,,0.0,6,0.0,0.0,0.7648611111111111,0.0,-0.0,48.47500000000001,-3.0916666666666686,42,2,2021,316
2022-02-12,0.0,0.2,0,0.0,5.9,16.9,10.958333333333334,13.3,9.424999999999999,9.11036764184009,-0.35465494131304226,79.20833333333333,268.375,600.0,73.41666666666667,,,,,,,,90.21800298044047,0.9659398134541157,0.0,0.0,0.0,0.0,0.0,0.0,,0.25,0,0,0.0,0.0,0.0,0.0,0.0,0.0,321.23,0.0,0.0,0.0,0.0,,,,,0.9999927614916815,-0.0038048606073153033,0.9999927614916815,-0.0038048606073153033,7.216170369640838,-0.28091626809837217,64.0,90.0,,,0.0,6,0.0,0.0,0.7762777777777777,0.0,-0.0,56.55,-0.03749999999999787,43,2,2021,317
2022-02-13,0.0,0.0,0,0.0,8.8,18.5,13.720833333333333,13.3,9.700000000000001,-7.241875142740248,5.038024389258154,71.41666666666667,320.2916666666667,600.0,40.125,,,,,,,,308.18460583085243,0.8993102594408882,0.0,0.0,0.0,0.0,0.0,0.0,,0.5,0,0,0.0,0.0,0.0,0.0,0.0,0.0,321.23,0.0,0.0,0.0,0.0,,,,,-0.7860230181189795,0.6181972298442711,-0.7860230181189795,0.6181972298442711,-5.1719058311069945,3.597989084661865,65.0,91.0,,,0.0,6,0.0,0.0,0.7849166666666667,0.0,-0.0,58.2,2.7624999999999993,44,2,2021,318
2022-02-14,0.0,1.0,0,0.0,11.7,21.7,16.641666666666666,9.7,4.504166666666666,-2.3567161046102147,1.4881225091627648,68.66666666666667,255.0,600.0,52.666666666666664,,,,,,,,299.30970783604766,0.6033159769105543,0.0,0.0,0.0,0.0,0.0,0.0,,0.125,0,0,0.0,0.0,0.0,0.0,0.0,0.0,321.23,0.0,0.0,0.0,0.0,,,,,-0.8719863420343027,0.4895302026490664,-0.8719863420343027,0.4895302026490664,-1.6182783918323473,1.0218441229584319,66.0,92.0,,,0.0,6,0.0,0.0,0.7322222222222222,0.0,-0.0,27.025,2.9208333333333325,45,2,2021,319
2022-02-15,0.0,3.3,0,0.0,13.0,22.5,17.204166666666666,8.5,5.666666666666667,-2.010924782841489,1.683308666605938,72.08333333333333,251.08333333333334,600.0,31.0,,,,,,,,320.0347630983441,0.5075622836099581,0.0,0.0,0.0,0.0,0.0,0.0,,0.4166666666666667,0,0,0.0,0.0,0.0,0.0,0.0,0.0,321.23,0.0,0.0,0.0,0.0,,,,,-0.6423227088563411,0.7664343009596138,-0.6423227088563411,0.7664343009596138,-1.44954161429824,1.213384997178447,67.0,93.0,,,0.0,6,0.0,0.0,0.741,0.0,-0.0,34.0,0.5625,46,2,2021,320
2022-02-16,0.0,2.2,0,0.0,15.1,21.6,18.204166666666666,13.0,8.645833333333334,-6.483949831566689,5.101140375045178,63.875,260.125,600.0,63.583333333333336,,,,,,,,311.58876675210905,0.9451467108799445,0.0,0.0,0.0,0.0,0.0,0.0,,0.25,0,0,0.0,0.0,0.0,0.0,0.0,0.0,321.23,0.0,0.0,0.0,0.0,,,,,-0.7479282436142382,0.6637795887221306,-0.7479282436142382,0.6637795887221306,-4.141622954913222,3.258353414560107,68.0,94.0,,,0.0,6,0.0,0.0,0.7196666666666666,0.0,-0.0,51.875,1.0,47,2,2021,321
2022-02-17,0.0,1.1,0,0.0,12.0,18.6,15.883333333333333,22.1,15.041666666666666,-12.02420037671014,8.7026435255591,67.20833333333333,208.16666666666666,600.0,68.875,,,,,,,,306.8446716295867,0.984851235682638,0.0,0.0,0.0,0.0,0.0,0.0,,0.20833333333333334,0,0,0.0,0.0,0.0,0.0,0.0,0.0,321.23,0.0,0.0,0.0,0.0,,,,,-0.8002640886784289,0.5996477202255368,-0.8002640886784289,0.5996477202255368,-8.081264669847274,5.8489016694695115,69.0,95.0,,,0.0,6,0.0,0.0,0.6961388888888888,0.0,-0.0,90.25,-2.320833333333333,48,2,2021,322
2022-02-18,0.0,0.2,0,0.0,7.3,19.1,12.683333333333332,20.8,13.1625,-7.477278356467855,2.219372916231034,70.04166666666667,332.125,600.0,29.791666666666668,,,,,,,,275.28298270847074,0.4449309122597439,0.0,0.0,0.0,0.0,0.0,0.0,,0.625,0,0,0.0,0.0,0.0,0.0,0.0,0.0,321.23,0.0,0.0,0.0,0.0,,,,,-0.9957520890478522,0.092074845407626,-0.9957520890478522,0.092074845407626,-5.237210382176028,1.5544857800768201,70.0,96.0,,,0.0,6,0.0,0.0,0.7882222222222222,0.0,-0.0,78.975,-3.200000000000001,49,2,2021,323
2022-02-19,0.0,0.0,0,0.0,6.8,19.3,12.916666666666666,13.4,7.9750000000000005,-2.7927957052481704,3.2224227153988174,71.875,312.2083333333333,600.0,31.833333333333332,,,,,,,,327.5691103857337,0.5270193611597557,0.0,0.0,0.0,0.0,0.0,0.0,,0.6666666666666666,0,0,0.0,0.0,0.0,0.0,0.0,0.0,321.23,0.0,0.0,0.0,0.0,,,,,-0.5362819157789619,0.8440389249367866,-0.5362819157789619,0.8440389249367866,-2.0073219131471225,2.3161163266929,71.0,97.0,,,0.0,6,0.0,0.0,0.7810555555555556,0.0,-0.0,47.85,0.23333333333333428,50,2,2021,324
2022-02-20,0.0,0.8,0,0.0,10.1,18.5,14.458333333333334,27.3,17.958333333333332,-13.546700473341476,11.563196864407805,73.125,278.6666666666667,600.0,58.5,,,,,,,,311.6346819216621,0.9880541145541732,0.0,0.0,0.0,0.0,0.0,0.0,,0.25,0,0,0.0,0.0,0.0,0.0,0.0,0.0,321.23,0.0,0.0,0.0,0.0,,,,,-0.7473960698765186,0.664378743438661,-0.7473960698765186,0.664378743438661,-9.906024721130954,8.455587707098209,72.0,98.0,,,0.0,6,0.0,0.0,0.7628611111111111,0.0,-0.0,107.75,1.5416666666666679,51,2,2021,325
2022-02-21,0.0,1.7,0,0.0,10.1,18.4,13.958333333333334,18.4,12.270833333333334,-5.994753436182549,5.684576644669587,59.708333333333336,334.2083333333333,600.0,36.0,,,,,,,,317.9885799017257,0.529647714714927,0.0,0.0,0.0,0.0,0.0,0.0,,0.5833333333333334,0,0,0.0,0.0,0.0,0.0,0.0,0.0,321.23,0.0,0.0,0.0,0.0,,,,,-0.6692787154413379,0.7430114407310244,-0.6692787154413379,0.7430114407310244,-3.5793673641873305,3.3941659715881327,73.0,99.0,,,0.0,6,0.0,0.0,0.7551666666666668,0.0,-0.0,73.625,-0.5,52,2,2021,326
2022-02-22,0.0,0.4,0,0.0,9.8,19.6,14.1875,11.9,8.604166666666666,1.702192159102112,5.336992453074139,77.875,252.16666666666666,600.0,64.375,,,,,,,,12.181347594170342,0.5824527213870438,0.0,0.0,0.0,0.0,0.0,0.0,,0.125,0,0,0.0,0.0,0.0,0.0,0.0,0.0,321.23,0.0,0.0,0.0,0.0,,,,,0.2110065915306594,0.9774846384115781,0.2110065915306594,0.9774846384115781,1.3255821439007698,4.156182872831486,74.0,100.0,,,0.0,6,0.0,0.0,0.7610277777777777,0.0,-0.0,51.625,0.22916666666666607,53,2,2021,327
2022-02-23,0.0,15.3,0,0.0,10.8,17.9,14.487499999999999,12.9,11.245833333333332,7.067652838623984,8.237325958938658,86.625,191.04166666666666,600.0,77.375,,,,,,,,40.12793832721862,0.965538857924028,0.0,0.0,0.0,0.0,0.0,0.0,,0.08333333333333333,0,0,0.0,0.0,0.0,0.0,0.0,0.0,321.23,0.0,0.0,0.0,0.0,,,,,0.6444965409291445,0.7646072251361267,0.6444965409291445,0.7646072251361267,6.122354271458026,7.135583611930612,75.0,101.0,,,0.0,6,0.0,0.0,0.7494444444444444,0.0,-0.0,67.475,0.29999999999999893,54,2,2021,328
2022-02-24,0.0,17.599999999999998,0,0.0,12.2,19.5,15.183333333333332,12.8,8.291666666666666,3.4717267235276172,-0.8060749409423047,84.83333333333333,215.58333333333334,600.0,59.833333333333336,,,,,,,,106.02862037868564,0.31867476893193647,0.0,0.0,0.0,0.0,0.0,0.0,,0.16666666666666666,0,0,0.0,0.0,0.0,0.0,0.0,0.0,321.23,0.0,0.0,0.0,0.0,,,,,0.9611238896887883,-0.2761174906982423,0.9611238896887883,-0.2761174906982423,2.945181503792595,-0.6838202415660551,76.0,102.0,,,0.0,6,0.0,0.0,0.7598333333333334,0.0,-0.0,49.75,0.6958333333333329,55,2,2021,329
2022-02-25,0.0,9.4,0,0.0,12.1,14.1,13.154166666666667,15.5,9.666666666666666,7.003987562552543,-5.551778028949123,99.66666666666667,94.29166666666667,348.0,100.0,,,,,,,,118.48214771194137,0.8637398194332622,0.0,0.0,0.0,0.0,0.0,0.0,,0.0,0,0,0.0,0.0,0.0,0.0,0.0,0.0,321.23,0.0,0.0,0.0,0.0,,,,,0.8789657437023285,-0.4768849142065753,0.8789657437023285,-0.4768849142065753,6.9806409373440355,-5.533272102185959,77.0,103.0,,,0.0,6,0.0,0.0,0.7084166666666666,0.0,-0.0,58.0,-2.029166666666665,56,2,2021,330
2022-02-26,0.0,25.9,0,0.0,9.6,12.4,11.775,15.1,12.204166666666666,10.675703058808388,-4.622546080038135,99.83333333333333,71.45833333333333,310.0,97.75,,,,,,,,111.78603595145223,0.9358065180481944,0.0,0.0,0.0,0.0,0.0,0.0,,0.0,0,0,0.0,0.0,0.0,0.0,0.0,0.0,321.23,0.0,0.0,0.0,0.0,,,,,0.9285763085624636,-0.37114153523488613,0.9285763085624636,-0.37114153523488613,10.657910220377039,-4.614841836571404,78.0,104.0,,,0.0,6,0.0,0.0,0.6559722222222222,0.0,-0.0,73.225,-1.3791666666666664,57,2,2021,331
2022-02-27,0.0,2.0,0,0.0,6.7,18.4,12.958333333333334,7.9,4.645833333333333,2.4857931900349777,2.836510340301652,84.0,249.875,600.0,42.333333333333336,,,,,,,,41.79111619492929,0.6482664980717844,0.0,0.0,0.0,0.0,0.0,0.0,,0.4166666666666667,0,0,0.0,0.0,0.0,0.0,0.0,0.0,321.23,0.0,0.0,0.0,0.0,,,,,0.6664168749551229,0.7455793376797992,0.6664168749551229,0.7455793376797992,2.0880662796293814,2.3826686858533876,79.0,105.0,,,0.0,6,0.0,0.0,0.7799166666666667,0.0,-0.0,27.875,1.1833333333333336,58,2,2021,332
2022-02-28,0.0,13.7,0,0.0,10.6,18.4,14.275,15.5,6.2749999999999995,2.9844294839635594,3.2547255376882567,88.58333333333333,194.58333333333334,595.0,80.75,,,,,,,,22.214529176302285,0.4767614451089729,0.0,0.0,0.0,0.0,0.0,0.0,,0.08333333333333333,0,0,0.0,0.0,0.0,0.0,0.0,0.0,321.23,0.0,0.0,0.0,0.0,,,,,0.3780755587490272,0.9257747414336874,0.3780755587490272,0.9257747414336874,2.643707117877719,2.883144372135514,80.0,106.0,,,0.0,6,0.0,0.0,0.7583333333333333,0.0,-0.0,37.65,1.3166666666666664,59,2,2021,333
2022-03-01,0.0,9.0,0,0.0,11.1,15.6,12.829166666666666,22.7,18.599999999999998,17.353221290663125,6.295494708048161,94.58333333333333,195.91666666666666,600.0,97.04166666666667,,,,,,,,69.3927944050872,0.9921389428244715,0.0,0.0,0.0,0.0,0.0,0.0,,0.0,0,0,0.0,0.0,0.0,0.0,0.0,0.0,321.23,0.0,0.0,0.0,0.0,,,,,0.9360152802540412,0.3519593657383599,0.9360152802540412,0.3519593657383599,16.413255137418872,5.954488744695552,81.0,107.0,,,0.0,6,0.0,0.0,0.7792222222222221,0.0,-0.0,111.6,-1.4458333333333346,60,3,2021,334
2022-03-02,0.0,11.8,0,0.0,10.3,13.4,11.483333333333334,27.1,21.52916666666667,21.016075235234556,1.6065359857410242,97.75,96.54166666666667,491.0,100.0,,,,,,,,86.02112816167704,0.979096658876292,0.0,0.0,0.0,0.0,0.0,0.0,,0.0,0,0,0.0,0.0,0.0,0.0,0.0,0.0,321.23,0.0,0.0,0.0,0.0,,,,,0.9975897055516412,0.06938861129457612,0.9975897055516412,0.06938861129457612,20.543213542441777,1.570388926061851,82.0,108.0,,,0.0,6,0.0,0.0,0.6879722222222222,0.0,-0.0,129.175,-1.3458333333333314,61,3,2021,335
2022-03-03,0.0,7.7,0,0.0,10.3,14.5,12.125,22.7,17.679166666666667,17.31068608792828,-2.3178165155956942,97.83333333333333,118.79166666666667,506.0,99.625,,,,,,,,97.95806261167424,0.9871884867645584,0.0,0.0,0.0,0.0,0.0,0.0,,0.0,0,0,0.0,0.0,0.0,0.0,0.0,0.0,321.23,0.0,0.0,0.0,0.0,,,,,0.9903696705930874,-0.13844824148157148,0.9903696705930874,-0.13844824148157148,16.935621222689832,-2.2675971577577876,83.0,109.0,,,0.0,6,0.0,0.0,0.7275277777777779,0.0,-0.0,106.075,0.6416666666666657,62,3,2021,336
2022-03-04,0.0,0.7000000000000001,0,0.0,11.3,21.1,16.025000000000002,11.0,6.558333333333334,0.967822752365644,3.445787081752162,80.91666666666667,208.33333333333334,600.0,89.95833333333333,,,,,,,,355.666646360676,0.4511311974322883,0.0,0.0,0.0,0.0,0.0,0.0,,0.0,0,0,0.0,0.0,0.0,0.0,0.0,0.0,321.23,0.0,0.0,0.0,0.0,,,,,-0.07555920629247252,0.9971413171383741,-0.07555920629247252,0.9971413171383741,0.783129910455867,2.788216046984458,84.0,110.0,,,0.0,6,0.0,0.0,0.7419444444444445,0.0,-0.0,39.35,3.900000000000002,63,3,2021,337
2022-03-05,0.0,18.0,0,0.0,10.1,17.6,13.8125,14.8,7.6875,2.605536397768718,1.2965338232085974,93.54166666666667,67.54166666666667,438.0,99.54166666666667,,,,,,,,51.96564376102132,0.42223818827522214,0.0,0.0,0.0,0.0,0.0,0.0,,0.0,0,0,0.0,0.0,0.0,0.0,0.0,0.0,321.23,0.0,0.0,0.0,0.0,,,,,0.7876414431863282,0.6161338791004419,0.7876414431863282,0.6161338791004419,2.437262172079488,1.2127993471263756,85.0,111.0,,,0.0,6,0.0,0.0,0.6901666666666667,0.0,-0.0,46.125,-2.212500000000002,64,3,2021,338
2022-03-06,0.0,25.1,0,0.0,10.1,13.6,11.325000000000001,23.5,17.304166666666667,12.479768948991463,-11.312137490172793,100.0,72.0,238.0,100.0,,,,,,,,133.5658008331282,0.9719550331330614,0.0,0.0,0.0,0.0,0.0,0.0,,0.0,0,0,0.0,0.0,0.0,0.0,0.0,0.0,321.23,0.0,0.0,0.0,0.0,,,,,0.7245833580846439,-0.689187171374207,0.7245833580846439,-0.689187171374207,12.479768948991463,-11.312137490172793,86.0,112.0,,,0.0,6,0.0,0.0,0.6835555555555555,0.0,-0.0,103.825,-2.487499999999999,65,3,2021,339
2022-03-07,0.0,3.4000000000000004,0,0.0,9.7,16.4,12.15,18.1,12.441666666666668,12.216619318546918,-0.8266233623463846,96.25,118.33333333333333,481.0,100.0,,,,,,,,93.11189747398483,0.9848885288917848,0.0,0.0,0.0,0.0,0.0,0.0,,0.0,0,0,0.0,0.0,0.0,0.0,0.0,0.0,321.23,0.0,0.0,0.0,0.0,,,,,0.9985254193279763,-0.054286158050546526,0.9985254193279763,-0.054286158050546526,11.758496094101409,-0.7956249862583951,87.0,113.0,,,0.0,6,0.0,0.0,0.7330555555555556,0.0,-0.0,74.65,0.8249999999999993,66,3,2021,340
2022-03-08,0.0,30.4,0,0.0,7.2,12.6,10.058333333333334,24.0,17.954166666666666,10.224637455846475,-14.541256162363245,100.0,51.458333333333336,191.0,100.0,,,,,,,,142.77203436392935,0.9829994312011031,0.0,0.0,0.0,0.0,0.0,0.0,,0.0,0,0,0.0,0.0,0.0,0.0,0.0,0.0,321.23,0.0,0.0,0.0,0.0,,,,,0.6049878230495861,-0.7962347229063316,0.6049878230495861,-0.7962347229063316,10.224637455846475,-14.541256162363245,88.0,114.0,,,0.0,6,0.0,0.0,0.6476388888888889,0.0,-0.0,107.725,-2.091666666666667,67,3,2021,341
2022-03-09,0.0,8.2,0,0.0,5.2,8.5,7.129166666666666,25.2,17.375,7.647956503477205,-15.396237430553809,97.91666666666667,95.75,393.0,100.0,,,,,,,,154.03869085161568,0.9898260921823531,0.0,0.0,0.0,0.0,0.0,0.0,,0.0,0,0,0.0,0.0,0.0,0.0,0.0,0.0,321.23,0.0,0.0,0.0,0.0,,,,,0.437764106768847,-0.8990898658225848,0.437764106768847,-0.8990898658225848,7.48862407632143,-15.075482484083938,89.0,115.0,,,0.0,6,0.0,0.0,0.5791111111111111,0.0,-0.0,104.25,-2.929166666666667,68,3,2021,342
2022-03-10,0.0,0.4,0,0.0,4.0,13.0,6.891666666666667,11.1,8.299999999999999,3.4790654229416234,-6.72964808757829,87.29166666666667,221.875,600.0,81.33333333333333,,,,,,,,149.7389485621334,0.8875539266030902,0.0,0.0,0.0,0.0,0.0,0.0,,0.041666666666666664,0,0,0.0,0.0,0.0,0.0,0.0,0.0,321.23,0.0,0.0,0.0,0.0,,,,,0.5039405877016853,-0.8637383192072007,0.5039405877016853,-0.8637383192072007,3.0369341921094586,-5.874421976448549,90.0,116.0,,,0.0,6,0.0,0.0,0.7277777777777779,0.0,-0.0,49.8,-0.23749999999999982,69,3,2021,343
2022-03-11,0.0,0.0,0,0.0,1.6,16.1,9.270833333333334,9.2,5.325,-1.185326345935888,0.467753984465146,62.583333333333336,278.0833333333333,600.0,43.375,,,,,,,,328.019820684932,0.23012194647327835,0.0,0.0,0.0,0.0,0.0,0.0,,0.4166666666666667,0,0,0.0,0.0,0.0,0.0,0.0,0.0,321.23,0.0,0.0,0.0,0.0,,,,,-0.5296258619848119,0.8482313636719908,-0.5296258619848119,0.8482313636719908,-0.7418167381648766,0.29273603527777053,91.0,117.0,,,0.0,6,0.0,0.0,0.7273333333333333,0.0,-0.0,31.950000000000003,2.3791666666666673,70,3,2021,344
2022-03-12,0.0,0.1,0,0.0,6.5,16.7,11.745833333333332,12.4,7.7124999999999995,-2.945506606508188,3.663347142896574,72.25,238.45833333333334,600.0,67.66666666666667,,,,,,,,327.7544727448254,0.5135412371086872,0.0,0.0,0.0,0.0,0.0,0.0,,0.041666666666666664,0,0,0.0,0.0,0.0,0.0,0.0,0.0,321.23,0.0,0.0,0.0,0.0,,,,,-0.5335484932883741,0.8457694752766299,-0.5335484932883741,0.8457694752766299,-2.128128523202166,2.6467683107427744,92.0,118.0,,,0.0,6,0.0,0.0,0.7331388888888889,0.0,-0.0,46.275,2.474999999999998,71,3,2021,345
2022-03-13,0.0,3.7,0,0.0,8.2,16.6,11.995833333333332,11.0,4.995833333333334,-1.0632103427754849,3.4600440259437626,80.0,190.54166666666666,600.0,42.791666666666664,,,,,,,,330.28338798222046,0.6661441389282727,0.0,0.0,0.0,0.0,0.0,0.0,,0.375,0,0,0.0,0.0,0.0,0.0,0.0,0.0,321.23,0.0,0.0,0.0,0.0,,,,,-0.4957104937661359,0.868487827416213,-0.4957104937661359,0.868487827416213,-0.8505682742203879,2.76803522075501,93.0,119.0,,,0.0,6,0.0,0.0,0.7270277777777778,0.0,-0.0,29.975,0.25,72,3,2021,346
2022-03-14,0.0,1.1,0,0.0,8.7,17.2,12.508333333333333,10.4,7.875,2.0734876196011447,0.30958116846360384,74.08333333333333,243.875,600.0,42.208333333333336,,,,,,,,60.70338455244012,0.1494767492229789,0.0,0.0,0.0,0.0,0.0,0.0,,0.4583333333333333,0,0,0.0,0.0,0.0,0.0,0.0,0.0,321.23,0.0,0.0,0.0,0.0,,,,,0.872098179507084,0.4893309363819438,0.872098179507084,0.4893309363819438,1.5361087448545145,0.22934804897011982,94.0,120.0,,,0.0,6,0.0,0.0,0.7428611111111111,0.0,-0.0,47.25,0.5125000000000011,73,3,2021,347
2022-03-15,0.0,0.6000000000000001,0,0.0,8.6,16.6,12.125,11.3,7.954166666666667,4.5712698359074695,5.79892551481678,81.875,179.41666666666666,600.0,94.08333333333333,,,,,,,,38.86615898300583,0.9063637665714446,0.0,0.0,0.0,0.0,0.0,0.0,,0.041666666666666664,0,0,0.0,0.0,0.0,0.0,0.0,0.0,321.23,0.0,0.0,0.0,0.0,,,,,0.6275032888130379,0.7786139110809807,0.6275032888130379,0.7786139110809807,3.7427271781492406,4.747870265256238,95.0,121.0,,,0.0,6,0.0,0.0,0.7258611111111111,0.0,-0.0,47.725,-0.38333333333333286,74,3,2021,348
2022-03-16,0.0,1.0,0,0.0,9.9,15.1,11.625,13.0,6.583333333333333,-1.9931940593011053,5.969997364164542,86.16666666666667,82.20833333333333,372.0,91.95833333333333,,,,,,,,338.3265333186067,0.9519993244590247,0.0,0.0,0.0,0.0,0.0,0.0,,0.0,0,0,0.0,0.0,0.0,0.0,0.0,0.0,321.23,0.0,0.0,0.0,0.0,,,,,-0.36931644213556675,0.9293036993191873,-0.36931644213556675,0.9293036993191873,-1.7174688810977858,5.144147728788447,96.0,122.0,,,0.0,6,0.0,0.0,0.6753611111111111,0.0,-0.0,39.5,-0.5,75,3,2021,349
2022-03-17,0.0,0.8,0,0.0,10.2,16.2,12.854166666666666,15.0,9.975,-7.5348169314092495,6.020523664322222,86.08333333333333,165.08333333333334,600.0,68.875,,,,,,,,313.810000530288,0.937443885929944,0.0,0.0,0.0,0.0,0.0,0.0,,0.08333333333333333,0,0,0.0,0.0,0.0,0.0,0.0,0.0,321.23,0.0,0.0,0.0,0.0,,,,,-0.7216394089260074,0.6922691409306951,-0.7216394089260074,0.6922691409306951,-6.486221575121461,5.182667454370712,97.0,123.0,,,0.0,6,0.0,0.0,0.7303333333333333,0.0,-0.0,59.849999999999994,1.229166666666666,76,3,2021,350
2022-03-18,0.0,5.9,0,0.0,10.0,16.8,13.25,10.0,6.3374999999999995,4.574682528085758,-1.3465963191660923,85.125,159.29166666666666,600.0,62.041666666666664,,,,,,,,91.11350896291005,0.5654246966114733,0.0,0.0,0.0,0.0,0.0,0.0,,0.3333333333333333,0,0,0.0,0.0,0.0,0.0,0.0,0.0,321.23,0.0,0.0,0.0,0.0,,,,,0.9998111580377749,-0.019433174294583345,0.9998111580377749,-0.019433174294583345,3.894198502033002,-1.146290116690136,98.0,124.0,,,0.0,6,0.0,0.0,0.7232777777777777,0.0,-0.0,38.025,0.3958333333333339,77,3,2021,351
2022-03-19,0.0,0.9,0,0.0,9.1,17.4,12.345833333333333,8.5,6.629166666666666,3.5793077760161442,-2.091353934887453,84.08333333333333,201.91666666666666,600.0,55.25,,,,,,,,109.20885607860083,0.5483130028462786,0.0,0.0,0.0,0.0,0.0,0.0,,0.375,0,0,0.0,0.0,0.0,0.0,0.0,0.0,321.23,0.0,0.0,0.0,0.0,,,,,0.9443255267853584,-0.3290126129216863,0.9443255267853584,-0.3290126129216863,3.0096012883335743,-1.7584801002512,99.0,125.0,,,0.0,6,0.0,0.0,0.7482222222222221,0.0,-0.0,39.775,-0.9041666666666668,78,3,2021,352
2022-03-20,0.0,0.8,0,0.0,10.8,18.3,13.875,13.8,8.220833333333333,-4.5950923761509115,-1.6700930013428925,78.125,199.58333333333334,600.0,52.75,,,,,,,,243.85598929535152,0.42859297004691543,0.0,0.0,0.0,0.0,0.0,0.0,,0.4166666666666667,0,0,0.0,0.0,0.0,0.0,0.0,0.0,321.23,0.0,0.0,0.0,0.0,,,,,-0.8976893796404879,-0.44062884345067105,-0.8976893796404879,-0.44062884345067105,-3.5899159188678995,-1.3047601572991347,100.0,126.0,,,0.0,6,0.0,0.0,0.7268055555555556,0.0,-0.0,49.325,1.5291666666666668,79,3,2021,353
2022-03-21,0.0,0.0,0,0.0,7.8,18.8,13.137500000000001,12.7,6.3625,-4.603796417252515,2.2049370026052864,77.33333333333333,252.04166666666666,600.0,26.0,,,,,,,,321.36148216915217,0.7214808101920901,0.0,0.0,0.0,0.0,0.0,0.0,,0.6666666666666666,0,0,0.0,0.0,0.0,0.0,0.0,0.0,321.23,0.0,0.0,0.0,0.0,,,,,-0.624404842965664,0.7811008847012174,-0.624404842965664,0.7811008847012174,-3.560269229341945,1.7051512820147547,101.0,127.0,,,0.0,6,0.0,0.0,0.7591388888888889,0.0,-0.0,38.175,-0.7374999999999989,80,3,2021,354
2022-03-22,0.0,2.3000000000000003,0,0.0,10.6,18.9,14.433333333333332,20.1,11.820833333333333,-9.228745309506879,6.68445061659395,74.375,225.20833333333334,600.0,83.66666666666667,,,,,,,,311.8046253787047,0.9587107252428871,0.0,0.0,0.0,0.0,0.0,0.0,,0.0,0,0,0.0,0.0,0.0,0.0,0.0,0.0,321.23,0.0,0.0,0.0,0.0,,,,,-0.7454221893621658,0.6665926489292509,-0.7454221893621658,0.6665926489292509,-6.863879323945741,4.9715601460917505,102.0,128.0,,,0.0,6,0.0,0.0,0.731388888888889,0.0,-0.0,70.925,1.2958333333333307,81,3,2021,355
2022-03-23,0.0,1.6,0,0.0,6.5,16.2,11.041666666666666,13.7,7.316666666666666,-3.5977502110693487,0.40441568485069307,83.66666666666667,184.20833333333334,600.0,75.54166666666667,,,,,,,,251.85933880930992,0.40411412935968316,0.0,0.0,0.0,0.0,0.0,0.0,,0.0,0,0,0.0,0.0,0.0,0.0,0.0,0.0,321.23,0.0,0.0,0.0,0.0,,,,,-0.9502950140342619,-0.3113509054132041,-0.9502950140342619,-0.3113509054132041,-3.0101176765946884,0.3383611229917466,103.0,129.0,,,0.0,6,0.0,0.0,0.7350277777777778,0.0,-0.0,43.9,-3.3916666666666657,82,3,2021,356
2022-03-24,0.0,0.0,0,0.0,6.5,15.5,10.541666666666666,10.3,6.641666666666667,-1.9691740945272025,2.767889287436899,78.91666666666667,212.04166666666666,600.0,90.95833333333333,,,,,,,,330.329841926157,0.423428854329749,0.0,0.0,0.0,0.0,0.0,0.0,,0.0,0,0,0.0,0.0,0.0,0.0,0.0,0.0,321.23,0.0,0.0,0.0,0.0,,,,,-0.4950061833282114,0.8688894512346419,-0.4950061833282114,0.8688894512346419,-1.554006556264384,2.184325962668953,104.0,130.0,,,0.0,6,0.0,0.0,0.73775,0.0,-0.0,39.85,-0.5,83,3,2021,357
2022-03-25,0.0,0.7,0,0.0,7.8,16.3,11.141666666666667,11.1,7.179166666666667,6.585933339895223,0.26157995772312853,81.625,232.75,600.0,62.75,,,,,,,,83.90190807719678,0.9186203161794504,0.0,0.0,0.0,0.0,0.0,0.0,,0.25,0,0,0.0,0.0,0.0,0.0,0.0,0.0,321.23,0.0,0.0,0.0,0.0,,,,,0.994341482412312,0.1062309576069316,0.994341482412312,0.1062309576069316,5.375768088689475,0.21351464049150365,105.0,131.0,,,0.0,6,0.0,0.0,0.7605833333333334,0.0,-0.0,43.075,0.6000000000000014,84,3,2021,358
2022-03-26,0.0,0.0,0,0.0,6.1,15.6,11.025,12.5,7.670833333333333,6.019355628544409,1.7833918114597294,76.04166666666667,239.125,600.0,36.125,,,,,,,,62.53997827227509,0.7075342038595853,0.0,0.0,0.0,0.0,0.0,0.0,,0.5,0,0,0.0,0.0,0.0,0.0,0.0,0.0,321.23,0.0,0.0,0.0,0.0,,,,,0.8873328034679281,0.4611295868730908,0.8873328034679281,0.4611295868730908,4.577218342538979,1.356120856630836,106.0,132.0,,,0.0,6,0.0,0.0,0.7462222222222223,0.0,-0.0,46.025,-0.11666666666666714,85,3,2021,359
2022-03-27,0.0,5.999999999999999,0,0.0,7.1,16.4,11.262500000000001,10.0,6.058333333333334,1.143536289887563,5.6189995968284565,82.08333333333333,188.08333333333334,600.0,49.5,,,,,,,,11.796329839438702,0.9200321411666655,0.0,0.0,0.0,0.0,0.0,0.0,,0.25,0,0,0.0,0.0,0.0,0.0,0.0,0.0,321.23,0.0,0.0,0.0,0.0,,,,,0.20443334871511545,0.9788804860314276,0.20443334871511545,0.9788804860314276,0.9386527046160412,4.612262169063357,107.0,133.0,,,0.0,6,0.0,0.0,0.7323333333333334,0.0,-0.0,36.35,0.2375000000000007,86,3,2021,360
2022-03-28,0.0,3.6,0,0.0,5.4,15.5,10.475,10.7,7.416666666666667,0.7606080407605212,-2.691821118578133,87.91666666666667,128.75,573.0,77.95833333333333,,,,,,,,184.81317566201815,0.2906433591298436,0.0,0.0,0.0,0.0,0.0,0.0,,0.20833333333333334,0,0,0.0,0.0,0.0,0.0,0.0,0.0,321.23,0.0,0.0,0.0,0.0,,,,,-0.08390699330368924,-0.9964735904552287,-0.08390699330368924,-0.9964735904552287,0.6687012358352916,-2.3665594000832755,108.0,134.0,,,0.0,6,0.0,0.0,0.7122222222222222,0.0,-0.0,44.5,-0.7875000000000014,87,3,2021,361
2022-03-29,0.0,0.0,0,0.0,9.0,16.7,12.091666666666667,12.3,7.3875,7.049294737607739,-0.44746237811416617,79.95833333333333,176.875,600.0,91.5,,,,,,,,91.54596627961797,0.9525945904372384,0.0,0.0,0.0,0.0,0.0,0.0,,0.0,0,0,0.0,0.0,0.0,0.0,0.0,0.0,321.23,0.0,0.0,0.0,0.0,,,,,0.999636002480108,-0.02697892780652277,0.999636002480108,-0.02697892780652277,5.636498583945521,-0.35778345983378534,109.0,135.0,,,0.0,6,0.0,0.0,0.7177777777777777,0.0,-0.0,44.325,1.6166666666666671,88,3,2021,362
2022-03-30,0.0,0.9,0,0.0,6.2,16.0,11.191666666666668,11.5,6.233333333333333,3.2204716799018294,-3.1050706110589346,89.16666666666667,144.83333333333334,554.0,82.04166666666667,,,,,,,,109.78573415392002,0.5779781635453987,0.0,0.0,0.0,0.0,0.0,0.0,,0.041666666666666664,0,0,0.0,0.0,0.0,0.0,0.0,0.0,321.23,0.0,0.0,0.0,0.0,,,,,0.9409650807834835,-0.3385036436231261,0.9409650807834835,-0.3385036436231261,2.8715872479124647,-2.76868796152755,110.0,136.0,,,0.0,6,0.0,0.0,0.7271111111111112,0.0,-0.0,37.4,-0.8999999999999986,89,3,2021,363
2022-03-31,0.0,14.6,0,0.0,3.7,8.1,5.8374999999999995,24.3,17.2,9.527359142075083,-14.003625164138377,99.20833333333333,61.041666666666664,242.0,100.0,,,,,,,,145.87587812445312,0.9835260580109092,0.0,0.0,0.0,0.0,0.0,0.0,,0.0,0,0,0.0,0.0,0.0,0.0,0.0,0.0,321.23,0.0,0.0,0.0,0.0,,,,,0.5609875633608724,-0.8278242287795345,0.5609875633608724,-0.8278242287795345,9.451934215533655,-13.892763131588946,111.0,137.0,,,0.0,6,0.0,0.0,0.5513888888888888,0.0,-0.0,103.19999999999999,-5.354166666666669,90,3,2021,364
2022-04-01,0.0,9.1,0,0.0,2.8,4.7,3.8208333333333333,27.3,24.0,13.164111394331714,-19.789173285063274,97.75,91.16666666666667,429.0,100.0,,,,,,,,146.38561156512782,0.9902430287271219,0.0,0.0,0.0,0.0,0.0,0.0,,0.0,0,0,0.0,0.0,0.0,0.0,0.0,0.0,0.0,0.0,0.0,0.0,0.0,,,,,0.5536006996068716,-0.8327822436836548,0.5536006996068716,-0.8327822436836548,12.867918887959252,-19.34391688614935,112.0,138.0,,,0.0,0,0.0,0.0,0.4910555555555556,0.0,-0.0,0.0,-2.016666666666666,91,4,2022,0
2022-04-02,0.0,25.6,0,0.0,3.7,7.2,5.575,26.8,19.633333333333333,7.85960475910526,-17.825809020571878,100.0,32.0,136.0,100.0,,,,,,,,156.4503635576057,0.9927479598550895,0.0,0.0,0.0,0.0,0.0,0.0,,0.0,0,0,0.0,0.0,0.0,0.0,0.0,0.0,0.0,0.0,0.0,0.0,0.0,,,,,0.39954338607986695,-0.9167142862636288,0.39954338607986695,-0.9167142862636288,7.85960475910526,-17.825809020571878,113.0,139.0,,,0.0,1,0.0,0.0,0.5146666666666667,0.0,-0.0,19.633333333333333,1.7541666666666669,92,4,2022,1
2022-04-03,0.0,17.3,0,0.0,7.1,9.0,7.904166666666666,23.2,15.4,-11.206412145187734,2.3514704026971827,99.70833333333333,49.166666666666664,224.0,100.0,,,,,,,,266.39531377543614,0.6679905425547717,0.0,0.0,0.0,0.0,0.0,0.0,,0.0,0,0,0.0,0.0,0.0,0.0,0.0,0.0,0.0,0.0,0.0,0.0,0.0,,,,,-0.9980215894504573,-0.0628721479733504,-0.9980215894504573,-0.0628721479733504,-11.173726776430936,2.3446119473559826,114.0,140.0,,,0.0,2,0.0,0.0,0.5651388888888889,0.0,-0.0,30.8,2.3291666666666657,93,4,2022,2
2022-04-04,0.0,2.7,0,0.0,6.5,10.2,8.166666666666666,25.0,19.691666666666666,-16.930230519522933,9.84026913283886,96.375,141.66666666666666,535.0,93.08333333333333,,,,,,,,301.374202458401,0.9913872120863038,0.0,0.0,0.0,0.0,0.0,0.0,,0.0,0,0,0.0,0.0,0.0,0.0,0.0,0.0,0.0,0.0,0.0,0.0,0.0,,,,,-0.8537852963980532,0.5206252660546629,-0.8537852963980532,0.5206252660546629,-16.316509663190228,9.483559376773451,115.0,141.0,,,0.0,3,0.0,0.0,0.642361111111111,0.0,-0.0,59.075,0.2625000000000002,94,4,2022,3
2022-04-05,0.0,1.3,0,0.0,5.8,16.1,10.308333333333334,11.5,6.958333333333333,-2.715565136959876,1.3811037431796673,79.66666666666667,210.29166666666666,600.0,34.708333333333336,,,,,,,,295.6292817848021,0.3573397724936413,0.0,0.0,0.0,0.0,0.0,0.0,,0.4583333333333333,0,0,0.0,0.0,0.0,0.0,0.0,0.0,0.0,0.0,0.0,0.0,0.0,,,,,-0.9016115853626011,0.4325465860921075,-0.9016115853626011,0.4325465860921075,-2.1634002257780347,1.1002793153998018,116.0,142.0,,,0.0,4,0.0,0.0,0.7390833333333333,0.0,-0.0,27.833333333333332,2.1416666666666675,95,4,2022,4
2022-04-06,0.0,32.1,0,0.0,7.5,10.1,8.520833333333334,16.1,8.5375,8.119169883573504,-0.29436781437834514,98.45833333333333,62.25,280.0,100.0,,,,,,,,87.51019321910383,0.9564651698422879,0.0,0.0,0.0,0.0,0.0,0.0,,0.0,0,0,0.0,0.0,0.0,0.0,0.0,0.0,0.0,0.0,0.0,0.0,0.0,,,,,0.9990559658890911,0.043441650767614685,0.9990559658890911,0.043441650767614685,7.993999347868412,-0.289829643906679,117.0,143.0,,,0.0,5,0.0,0.0,0.5941388888888889,0.0,-0.0,42.6875,-1.7874999999999996,96,4,2022,5
2022-04-07,0.0,12.7,0,0.0,7.3,9.2,8.020833333333334,20.2,15.433333333333332,15.247099954643005,0.805490519475235,99.95833333333333,43.666666666666664,189.0,100.0,,,,,,,,86.59183644465985,0.9889555785217161,0.0,0.0,0.0,0.0,0.0,0.0,,0.0,0,0,0.0,0.0,0.0,0.0,0.0,0.0,0.0,0.0,0.0,0.0,0.0,,,,,0.9982313677646235,0.05944860310191532,0.9982313677646235,0.05944860310191532,15.24074699632857,0.8051548984254536,118.0,144.0,,,0.0,6,0.0,0.0,0.56675,0.0,-0.0,92.6,-0.5,97,4,2022,6
2022-04-08,0.0,9.5,0,0.0,7.1,9.6,8.4625,20.6,16.504166666666666,16.11307615591827,3.3053910382887843,99.375,46.166666666666664,164.0,100.0,,,,,,,,78.33057508428149,0.9963937701998558,0.0,0.0,0.0,0.0,0.0,0.0,,0.0,0,0,0.0,0.0,0.0,0.0,0.0,0.0,0.0,0.0,0.0,0.0,0.0,,,,,0.9793308857701284,0.20226471807187685,0.9793308857701284,0.20226471807187685,16.01236942994378,3.284732344299479,119.0,145.0,,,0.0,6,0.0,0.0,0.5753611111111111,0.0,-0.0,99.025,0.44166666666666643,98,4,2022,7
2022-04-09,0.0,1.6,0,0.0,8.5,14.5,10.979166666666666,18.8,12.475000000000001,7.709160950263105,8.573159992753347,91.41666666666667,140.83333333333334,590.0,95.375,,,,,,,,37.23615216003701,0.9235263603119058,0.0,0.0,0.0,0.0,0.0,0.0,,0.0,0,0,0.0,0.0,0.0,0.0,0.0,0.0,0.0,0.0,0.0,0.0,0.0,,,,,0.6051015843221687,0.7961482730313503,0.6051015843221687,0.7961482730313503,7.047457968698856,7.837297093375351,120.0,146.0,,,0.0,6,0.0,0.0,0.7208333333333333,0.0,-0.0,74.85000000000001,2.5166666666666657,99,4,2022,8
2022-04-10,0.0,0.0,0,0.0,8.8,15.7,11.445833333333333,14.7,11.770833333333334,-7.977323515689175,7.968723811113402,87.20833333333333,180.08333333333334,600.0,57.458333333333336,,,,,,,,317.4189526952903,0.9522418715422174,0.0,0.0,0.0,0.0,0.0,0.0,,0.125,0,0,0.0,0.0,0.0,0.0,0.0,0.0,0.0,0.0,0.0,0.0,0.0,,,,,-0.6766324413559499,0.736320948571129,-0.6766324413559499,0.736320948571129,-6.956890882640602,6.94939122360848,121.0,147.0,,,0.0,6,0.0,0.0,0.7440833333333333,0.0,-0.0,70.625,0.4666666666666668,100,4,2022,9
2022-04-11,0.0,11.0,0,0.0,5.2,13.3,9.991666666666665,16.5,10.9375,-7.443534076364709,4.470434097925527,93.83333333333333,104.08333333333333,393.0,74.33333333333333,,,,,,,,289.8229567683952,0.5267769560003539,0.0,0.0,0.0,0.0,0.0,0.0,,0.041666666666666664,0,0,0.0,0.0,0.0,0.0,0.0,0.0,0.0,0.0,0.0,0.0,0.0,,,,,-0.9407449709075826,0.3391148768663675,-0.9407449709075826,0.3391148768663675,-6.9845161416555515,4.194757328553453,122.0,148.0,,,0.0,6,0.0,0.0,0.6777222222222221,0.0,-0.0,65.625,-1.4541666666666675,101,4,2022,10
2022-04-12,0.0,0.1,0,0.0,4.5,12.6,7.325,8.7,5.604166666666667,1.0784422392973445,-0.9277657478958634,89.04166666666667,141.45833333333334,574.0,88.45833333333333,,,,,,,,109.36787215268349,0.35060378538386755,0.0,0.0,0.0,0.0,0.0,0.0,,0.0,0,0,0.0,0.0,0.0,0.0,0.0,0.0,0.0,0.0,0.0,0.0,0.0,,,,,0.9434087645938289,-0.3316321801145743,0.9434087645938289,-0.3316321801145743,0.9602629439076772,-0.8260980846889417,123.0,149.0,,,0.0,6,0.0,0.0,0.6711111111111112,0.0,-0.0,33.625,-2.666666666666665,102,4,2022,11
2022-04-13,0.0,0.0,0,0.0,3.8,12.1,7.2124999999999995,14.1,7.129166666666666,5.791627496372158,1.0032689983762288,81.45833333333333,190.58333333333334,600.0,39.5,,,,,,,,72.96334595519372,0.7886742309107904,0.0,0.0,0.0,0.0,0.0,0.0,,0.4583333333333333,0,0,0.0,0.0,0.0,0.0,0.0,0.0,0.0,0.0,0.0,0.0,0.0,,,,,0.95611752023575,0.2929834252961081,0.95611752023575,0.2929834252961081,4.71776323141982,0.817246204927303,124.0,150.0,,,0.0,6,0.0,0.0,0.6674722222222221,0.0,-0.0,42.775,-0.11250000000000071,103,4,2022,12
2022-04-14,0.0,0.0,0,0.0,5.6,15.0,9.5,8.9,5.595833333333334,-4.217276282299137,1.9402869238686076,68.33333333333333,201.79166666666666,600.0,34.791666666666664,,,,,,,,303.9322539493327,0.8239374727266056,0.0,0.0,0.0,0.0,0.0,0.0,,0.5833333333333334,0,0,0.0,0.0,0.0,0.0,0.0,0.0,0.0,0.0,0.0,0.0,0.0,,,,,-0.8296981778969207,0.5582122657148709,-0.8296981778969207,0.5582122657148709,-2.8818054595710767,1.325862731310215,125.0,151.0,,,0.0,6,0.0,0.0,0.6956388888888888,0.0,-0.0,33.575,2.2875000000000005,104,4,2022,13
2022-04-15,0.0,0.0,0,0.0,6.1,12.9,9.366666666666667,16.0,8.291666666666666,-5.6827170513005045,4.577380841792605,73.29166666666667,146.91666666666666,559.0,81.08333333333333,,,,,,,,317.32478686759424,0.8161764974836986,0.0,0.0,0.0,0.0,0.0,0.0,,0.16666666666666666,0,0,0.0,0.0,0.0,0.0,0.0,0.0,0.0,0.0,0.0,0.0,0.0,,,,,-0.6778416732138813,0.7352079066866771,-0.6778416732138813,0.7352079066866771,-4.164958038848995,3.3548387086304974,126.0,152.0,,,0.0,6,0.0,0.0,0.6289166666666667,0.0,-0.0,49.75,-0.13333333333333286,105,4,2022,14
2022-04-16,0.0,0.1,0,0.0,6.4,15.3,10.525,8.3,4.2875000000000005,0.11139833414136142,3.574631820803669,70.04166666666667,132.25,557.0,61.625,,,,,,,,3.555000557088759,0.8284767970695092,0.0,0.0,0.0,0.0,0.0,0.0,,0.2916666666666667,0,0,0.0,0.0,0.0,0.0,0.0,0.0,0.0,0.0,0.0,0.0,0.0,,,,,0.06200666158852018,0.9980757355625107,0.06200666158852018,0.9980757355625107,0.0780252498715119,2.5037317044879033,127.0,153.0,,,0.0,6,0.0,0.0,0.6549722222222222,0.0,-0.0,25.725,1.1583333333333332,106,4,2022,15
2022-04-17,0.0,0.0,0,0.0,7.4,13.0,10.0,21.5,15.095833333333333,-11.621472241971306,9.325758424080552,74.125,187.79166666666666,600.0,41.541666666666664,,,,,,,,311.8666914597591,0.9816237668268343,0.0,0.0,0.0,0.0,0.0,0.0,,0.4583333333333333,0,0,0.0,0.0,0.0,0.0,0.0,0.0,0.0,0.0,0.0,0.0,0.0,,,,,-0.7446996606816054,0.6673997418194748,-0.7446996606816054,0.6673997418194748,-8.614416299361231,6.91271843184971,128.0,154.0,,,0.0,6,0.0,0.0,0.6611666666666667,0.0,-0.0,90.575,-0.5250000000000004,107,4,2022,16
2022-04-18,0.0,6.8,0,0.0,8.1,13.4,10.554166666666667,18.8,12.541666666666666,-9.006665139763097,7.939699432243049,80.45833333333333,89.75,343.0,99.79166666666667,,,,,,,,316.3926581827667,0.9350045980004893,0.0,0.0,0.0,0.0,0.0,0.0,,0.0,0,0,0.0,0.0,0.0,0.0,0.0,0.0,0.0,0.0,0.0,0.0,0.0,,,,,-0.6897123326477907,0.7240834884138314,-0.6897123326477907,0.7240834884138314,-7.246612660367724,6.388149834858886,129.0,155.0,,,0.0,6,0.0,0.0,0.6258055555555555,0.0,-0.0,75.25,0.5541666666666671,108,4,2022,17
2022-04-19,0.0,13.8,0,0.0,6.7,10.8,8.820833333333333,25.0,14.366666666666667,-8.64178160286095,10.356202776377804,94.41666666666667,61.041666666666664,243.0,99.41666666666667,,,,,,,,323.69127096700265,0.9065196208029754,0.0,0.0,0.0,0.0,0.0,0.0,,0.0,0,0,0.0,0.0,0.0,0.0,0.0,0.0,0.0,0.0,0.0,0.0,0.0,,,,,-0.5921359553972713,0.8058380794711558,-0.5921359553972713,0.8058380794711558,-8.159282130034548,9.777981454696711,130.0,156.0,,,0.0,6,0.0,0.0,0.5954166666666667,0.0,-0.0,86.2,-1.7333333333333343,109,4,2022,18
2022-04-20,0.0,0.6,0,0.0,5.5,10.3,7.358333333333333,20.7,14.845833333333333,-14.035808615262093,4.654780861351462,90.33333333333333,174.66666666666666,600.0,80.08333333333333,,,,,,,,287.20987412392236,0.9956270285926523,0.0,0.0,0.0,0.0,0.0,0.0,,0.0,0,0,0.0,0.0,0.0,0.0,0.0,0.0,0.0,0.0,0.0,0.0,0.0,,,,,-0.9552273868022756,0.2958726744782218,-0.9552273868022756,0.2958726744782218,-12.679013782453424,4.20481871142082,131.0,157.0,,,0.0,6,0.0,0.0,0.6464444444444445,0.0,-0.0,89.075,-1.4624999999999995,110,4,2022,19
2022-04-21,0.0,0.9,0,0.0,3.5,9.3,6.2375,18.7,8.591666666666667,-1.5800813073135107,-0.8576980011515425,93.54166666666667,96.04166666666667,397.0,95.08333333333333,,,,,,,,163.61231650609665,0.31051706659465905,0.0,0.0,0.0,0.0,0.0,0.0,,0.0,0,0,0.0,0.0,0.0,0.0,0.0,0.0,0.0,0.0,0.0,0.0,0.0,,,,,0.28213523275117025,-0.9593746455063543,0.28213523275117025,-0.9593746455063543,-1.4780343895495134,-0.8023050052438387,132.0,158.0,,,0.0,6,0.0,0.0,0.5825,0.0,-0.0,51.55,-1.1208333333333336,111,4,2022,20
2022-04-22,0.0,0.30000000000000004,0,0.0,3.5,11.4,6.695833333333333,6.5,4.208333333333333,2.493262927939042,1.7238138252523312,89.91666666666667,117.58333333333333,469.0,87.66666666666667,,,,,,,,51.88857296109932,0.5705692648368629,0.0,0.0,0.0,0.0,0.0,0.0,,0.041666666666666664,0,0,0.0,0.0,0.0,0.0,0.0,0.0,0.0,0.0,0.0,0.0,0.0,,,,,0.7868119450143977,0.6171928087580578,0.7868119450143977,0.6171928087580578,2.241858916038522,1.5499959312060545,133.0,159.0,,,0.0,6,0.0,0.0,0.6314444444444445,0.0,-0.0,25.25,0.45833333333333304,112,4,2022,21
2022-04-23,0.0,0.2,0,0.0,3.8,12.5,7.583333333333333,10.0,5.654166666666666,-0.6086817873805458,-0.293850671509609,83.5,144.58333333333334,552.0,53.375,,,,,,,,330.86597341300444,0.07422355125641339,0.0,0.0,0.0,0.0,0.0,0.0,,0.3333333333333333,0,0,0.0,0.0,0.0,0.0,0.0,0.0,0.0,0.0,0.0,0.0,0.0,,,,,-0.48685420696250936,0.8734832460688104,-0.48685420696250936,0.8734832460688104,-0.5082492924627557,-0.24536531071052348,134.0,160.0,,,0.0,6,0.0,0.0,0.6525,0.0,-0.0,33.925,0.8875000000000002,113,4,2022,22
2022-04-24,0.0,0.0,0,0.0,4.2,14.6,8.570833333333335,10.7,5.658333333333334,1.9532171054034535,1.9934539441427048,74.25,178.0,600.0,20.166666666666668,,,,,,,,30.69143900474693,0.453460461315982,0.0,0.0,0.0,0.0,0.0,0.0,,0.6666666666666666,0,0,0.0,0.0,0.0,0.0,0.0,0.0,0.0,0.0,0.0,0.0,0.0,,,,,0.5104144351894149,0.8599285460724458,0.5104144351894149,0.8599285460724458,1.4502637007620642,1.4801395535259585,135.0,161.0,,,0.0,6,0.0,0.0,0.6906111111111111,0.0,-0.0,33.95,0.9875000000000016,114,4,2022,23
2022-04-25,0.0,0.0,0,0.0,4.7,13.6,8.6,8.1,4.041666666666667,-0.15311672890742922,1.5727468507050473,71.20833333333333,152.75,588.0,44.833333333333336,,,,,,,,334.4706404855024,0.3637541978245088,0.0,0.0,0.0,0.0,0.0,0.0,,0.4583333333333333,0,0,0.0,0.0,0.0,0.0,0.0,0.0,0.0,0.0,0.0,0.0,0.0,,,,,-0.4309735431946517,0.9023645632815196,-0.4309735431946517,0.9023645632815196,-0.10903187070949855,1.1199268199395522,136.0,162.0,,,0.0,6,0.0,0.0,0.6414166666666666,0.0,-0.0,24.25,0.02916666666666501,115,4,2022,24
2022-04-26,0.0,0.8999999999999999,0,0.0,5.3,13.2,8.883333333333333,13.5,7.895833333333333,3.258535361681492,6.34812723005319,78.45833333333333,136.79166666666666,512.0,65.16666666666667,,,,,,,,19.817165956940595,0.8991022147160437,0.0,0.0,0.0,0.0,0.0,0.0,,0.125,0,0,0.0,0.0,0.0,0.0,0.0,0.0,0.0,0.0,0.0,0.0,0.0,,,,,0.33901979523858805,0.9407792400113779,0.33901979523858805,0.9407792400113779,2.556592535852604,4.980634822579232,137.0,163.0,,,0.0,6,0.0,0.0,0.6460555555555555,0.0,-0.0,47.375,0.2833333333333332,116,4,2022,25
2022-04-27,0.0,1.4000000000000001,0,0.0,6.1,11.7,8.65,14.8,11.112499999999999,3.3495570259774268,10.3875413656744,87.45833333333333,74.625,358.0,96.75,,,,,,,,15.78326460905202,0.9802286967688864,0.0,0.0,0.0,0.0,0.0,0.0,,0.0,0,0,0.0,0.0,0.0,0.0,0.0,0.0,0.0,0.0,0.0,0.0,0.0,,,,,0.2719991834144728,0.9622974821861793,0.2719991834144728,0.9622974821861793,2.9294667489694244,9.084770552729402,138.0,164.0,,,0.0,6,0.0,0.0,0.6012777777777777,0.0,-0.0,66.675,-0.2333333333333325,117,4,2022,26
2022-04-28,0.0,1.0,0,0.0,7.5,13.4,10.008333333333333,15.9,11.966666666666667,-7.529868489424685,8.843860428419953,95.375,107.16666666666667,412.0,94.16666666666667,,,,,,,,319.82508898158983,0.9699962986645181,0.0,0.0,0.0,0.0,0.0,0.0,,0.041666666666666664,0,0,0.0,0.0,0.0,0.0,0.0,0.0,0.0,0.0,0.0,0.0,0.0,,,,,-0.645123170773808,0.7640785918547569,-0.645123170773808,0.7640785918547569,-7.181612071788794,8.434831883605531,139.0,165.0,,,0.0,6,0.0,0.0,0.6871388888888889,0.0,-0.0,71.8,1.3583333333333325,118,4,2022,27
2022-04-29,0.0,0.1,0,0.0,8.5,14.6,11.229166666666666,25.5,16.900000000000002,-13.273919156476879,10.35521274311374,88.95833333333333,146.5,534.0,98.0,,,,,,,,308.2498013579367,0.9962815166979667,0.0,0.0,0.0,0.0,0.0,0.0,,0.0,0,0,0.0,0.0,0.0,0.0,0.0,0.0,0.0,0.0,0.0,0.0,0.0,,,,,-0.785319077248769,0.6190912266452674,-0.785319077248769,0.6190912266452674,-11.80825724961589,9.21182466939493,140.0,166.0,,,0.0,6,0.0,0.0,0.7186388888888889,0.0,-0.0,101.4,1.2208333333333332,119,4,2022,28
2022-04-30,0.0,15.6,0,0.0,1.9,10.9,6.220833333333334,30.8,22.270833333333332,-19.71688606891652,9.919880051654191,90.91666666666667,123.54166666666667,529.0,70.91666666666667,,,,,,,,297.4454534811763,0.9908030937099639,0.0,0.0,0.0,0.0,0.0,0.0,,0.08333333333333333,0,0,0.0,0.0,0.0,0.0,0.0,0.0,0.0,0.0,0.0,0.0,0.0,,,,,-0.8874500233762266,0.4609039552982105,-0.8874500233762266,0.4609039552982105,-17.92593558432327,9.018824280295602,141.0,167.0,,,0.0,6,0.0,0.0,0.6276388888888889,0.0,-0.0,133.625,-5.008333333333332,120,4,2022,29
2022-05-01,0.0,0.0,0,0.0,1.9,11.1,5.704166666666667,15.5,9.933333333333334,-7.794801185832596,5.692810945459681,82.58333333333333,165.45833333333334,600.0,46.375,,,,,,,,307.9450056785124,0.9638143114527344,0.0,0.0,0.0,0.0,0.0,0.0,,0.3333333333333333,0,0,0.0,0.0,0.0,0.0,0.0,0.0,0.0,0.0,0.0,0.0,0.0,,,,,-0.7886013221005383,0.6149048339225208,-0.7886013221005383,0.6149048339225208,-6.437206645966752,4.701313039125453,142.0,168.0,,,0.0,6,0.0,0.0,0.63225,0.0,-0.0,59.6,-0.5166666666666675,121,5,2022,30
2022-05-02,0.0,0.0,0,0.0,3.2,13.3,7.3125,9.2,5.891666666666667,-2.7726542699684167,4.891560904878803,61.875,172.79166666666666,600.0,12.833333333333334,,,,,,,,332.92659809137655,0.9596244230341575,0.0,0.0,0.0,0.0,0.0,0.0,,0.75,0,0,0.0,0.0,0.0,0.0,0.0,0.0,0.0,0.0,0.0,0.0,0.0,,,,,-0.45513159977373274,0.8904241836829246,-0.45513159977373274,0.8904241836829246,-1.7155798295429578,3.0266533098937596,143.0,169.0,,,0.0,6,0.0,0.0,0.617,0.0,-0.0,35.35,1.6083333333333334,122,5,2022,31
2022-05-03,0.0,0.0,0,0.0,4.3,11.3,7.754166666666666,17.6,14.308333333333335,-9.573485404145442,10.487735431444888,63.208333333333336,166.70833333333334,600.0,4.916666666666667,,,,,,,,318.9260634910364,0.9898600111255011,0.0,0.0,0.0,0.0,0.0,0.0,,0.875,0,0,0.0,0.0,0.0,0.0,0.0,0.0,0.0,0.0,0.0,0.0,0.0,,,,,-0.6570323865264567,0.7538623502041661,-0.6570323865264567,0.7538623502041661,-6.051240565870265,6.62912277062579,144.0,170.0,,,0.0,6,0.0,0.0,0.5729444444444445,0.0,-0.0,85.85000000000001,0.44166666666666643,123,5,2022,32
2022-05-04,0.0,1.7,0,0.0,4.2,11.0,7.808333333333334,23.1,16.120833333333334,-12.547145404539998,10.020014711229726,91.08333333333333,118.08333333333333,454.0,84.75,,,,,,,,310.1767523784323,0.9925551265367022,0.0,0.0,0.0,0.0,0.0,0.0,,0.0,0,0,0.0,0.0,0.0,0.0,0.0,0.0,0.0,0.0,0.0,0.0,0.0,,,,,-0.7640578586238991,0.6451477262418754,-0.7640578586238991,0.6451477262418754,-11.42835827263518,9.126563399478409,145.0,171.0,,,0.0,6,0.0,0.0,0.6267777777777778,0.0,-0.0,96.725,0.05416666666666714,124,5,2022,33
2022-05-05,0.07,2.2,1,0.07,-1.2,6.6,3.391666666666667,12.5,8.941666666666666,-6.206611676026815,6.244566464923733,86.45833333333333,133.08333333333334,546.0,60.875,,,,,,,,317.9329308106669,0.9776191428350601,4.1,6.1,6.1,94.0,-3.9210044190878914,4.672871103025765,320.0,0.0,0,1,0.07,0.07,0.07,0.07,0.07,0.0,0.07,0.0,0.0,0.0,0.0,,,,,-0.6700000568387016,0.7423610468203033,-0.6427876096865396,0.7660444431189778,-5.36613301156485,5.398948089465311,0.0,172.0,1.0,1.0,0.8750000000000001,0,0.009537718749999998,0.07,0.5235833333333333,0.427,0.0,0.0,-4.416666666666666,125,5,2022,34
2022-05-06,1.2600000000000002,1.8,11,0.28,-2.1,2.6,-0.20833333333333337,30.2,19.7125,-15.844029098181913,11.632759483343852,91.33333333333333,135.25,526.0,86.25,,,,,,,,306.1664498563869,0.9969868715962829,0.2727272727272727,22.772727272727273,30.2,91.18181818181819,-17.847708149695617,14.076203768696665,308.63550467561885,0.0,1,11,1.3300000000000003,1.3300000000000003,1.3300000000000003,1.3300000000000003,1.3300000000000003,1.0,1.3300000000000003,0.0,0.0,0.0,0.0,,,,,-0.8073060091109872,0.5901330423330748,-0.7811337207468385,0.6243637644131825,-14.470879909672812,10.624586994787386,0.0,173.0,0.9473684210526315,1.0,38.05200000000001,0,0.21918695764462814,1.3300000000000003,0.4523888888888889,28.69363636363637,0.0,0.0,-3.6000000000000005,126,5,2022,35
2022-05-07,1.1900000000000002,1.7000000000000002,9,0.28,-1.7,1.8,0.15833333333333333,36.9,31.691666666666666,-27.117563798939887,16.333559872004454,98.58333333333333,71.16666666666667,265.0,99.58333333333333,,,,,,,,301.1251958501391,0.9988921860596183,0.7111111111111111,32.955555555555556,35.8,99.22222222222223,-28.467042605356184,16.5455993859245,300.1108664441523,0.0,0,3,2.45,2.5200000000000005,2.5200000000000005,2.5200000000000005,2.5200000000000005,1.0,2.5200000000000005,0.0,0.0,0.0,0.0,,,,,-0.8560398560032288,0.5169098228259656,-0.8650562908774913,0.5016748086293324,-26.733398311788235,16.102167773817722,0.0,174.0,0.4722222222222222,1.0,43.911,1,0.16250588580246916,2.5200000000000005,0.41605555555555557,39.217111111111116,0.0,31.691666666666666,0.3666666666666667,127,5,2022,36
2022-05-08,0.49000000000000005,0.9,5,0.14,1.1,6.3,3.095833333333333,29.5,11.262500000000001,-9.39820678891808,3.950072362099009,94.45833333333333,110.20833333333333,487.0,88.5,,,,,,,,301.7489372790725,0.7015562088951552,1.34,23.82,29.5,100.0,-21.677708897232044,9.848172091893607,294.19982449745623,0.0,0,5,1.6800000000000002,2.940000000000001,3.0100000000000007,3.0100000000000007,3.0100000000000007,1.0,3.0100000000000007,0.0,0.0,0.0,0.0,,,,,-0.8503619850542085,0.5261981512459599,-0.9121213718021053,0.40992023992704446,-8.877389496032203,3.7311725186993554,0.0,175.0,0.16666666666666663,0.9767441860465117,14.455000000000002,2,0.07449819125000003,2.940000000000001,0.5283333333333333,11.671800000000001,0.0,22.525000000000002,2.9375,128,5,2022,37
2022-05-09,0.0,0.0,0,0.0,0.1,10.7,5.066666666666666,7.1,4.595833333333333,-0.16257650823564135,3.6713495385530073,85.79166666666667,135.875,583.0,60.208333333333336,,,,,,,,0.9067478226199714,0.7603470802793041,0.0,0.0,0.0,0.0,0.0,0.0,,0.20833333333333334,0,0,0.49000000000000005,1.6800000000000002,3.0100000000000007,3.0100000000000007,3.0100000000000007,1.0,3.0100000000000007,0.0,0.0,0.0,0.0,,,,,0.01582507439547078,0.9998747756696225,0.01582507439547078,0.9998747756696225,-0.13947709602382732,3.1497119582836013,1.0,176.0,0.0,0.5581395348837208,0.0,3,0.0,0.8400000000000001,0.6143333333333333,0.0,-0.0,13.7875,1.9708333333333332,129,5,2022,38
2022-05-10,0.0,0.2,0,0.0,3.3,10.8,6.620833333333334,15.9,12.154166666666667,7.673192456312564,8.541452334724076,90.75,114.91666666666667,531.0,75.29166666666667,,,,,,,,39.39277739449363,0.9412593503518571,0.0,0.0,0.0,0.0,0.0,0.0,,0.16666666666666666,0,0,0.0,0.49000000000000005,3.0100000000000007,3.0100000000000007,3.0100000000000007,1.0,3.0100000000000007,0.0,0.0,0.0,0.0,,,,,0.6346330987199659,0.7728135803731027,0.6346330987199659,0.7728135803731027,6.963422154103651,7.7513679937620985,2.0,177.0,0.0,0.1627906976744186,0.0,4,0.0,0.16333333333333336,0.6191111111111112,0.0,-0.0,48.61666666666667,1.5541666666666671,130,5,2022,39
2022-05-11,0.0,1.9000000000000001,0,0.0,5.1,9.2,7.066666666666666,15.1,11.720833333333333,8.581087293584227,7.578899203040334,92.95833333333333,56.708333333333336,234.0,100.0,,,,,,,,47.54098297213738,0.9755104669078215,0.0,0.0,0.0,0.0,0.0,0.0,,0.0,0,0,0.0,0.0,3.0100000000000007,3.0100000000000007,3.0100000000000007,1.0,3.0100000000000007,0.0,0.0,0.0,0.0,,,,,0.7377603895938922,0.675062669347275,0.7377603895938922,0.675062669347275,7.976835729994337,7.045218384159576,3.0,178.0,,0.0,0.0,5,0.0,0.0,0.5521111111111111,0.0,-0.0,58.604166666666664,0.44583333333333286,131,5,2022,40
2022-05-12,0.0,15.6,0,0.0,7.1,10.7,8.979166666666666,13.9,9.345833333333333,2.63968498343243,7.094278282549747,99.29166666666667,35.583333333333336,178.0,100.0,,,,,,,,17.16453453970584,0.8124025807842374,0.0,0.0,0.0,0.0,0.0,0.0,,0.0,0,0,0.0,0.0,2.940000000000001,3.0100000000000007,3.0100000000000007,1.0,3.0100000000000007,0.0,0.0,0.0,0.0,,,,,0.29511668658332,0.9554612191502502,0.29511668658332,0.9554612191502502,2.620987214799784,7.04402714471502,4.0,179.0,,0.0,0.0,6,0.0,0.0,0.5924722222222222,0.0,-0.0,56.075,1.9124999999999996,132,5,2022,41
2022-05-13,0.0,7.3,0,0.0,8.0,14.0,10.941666666666668,14.3,7.8999999999999995,-4.693531413751937,5.91161922360061,94.54166666666667,98.58333333333333,438.0,86.375,,,,,,,,324.0217693270332,0.9104799188147054,0.0,0.0,0.0,0.0,0.0,0.0,,0.0,0,0,0.0,0.0,1.6800000000000002,3.0100000000000007,3.0100000000000007,0.0,3.0100000000000007,0.0,0.0,0.0,0.0,,,,,-0.5874778267527533,0.8092402628848011,-0.5874778267527533,0.8092402628848011,-4.437342824084643,5.588943340979077,5.0,180.0,,0.0,0.0,6,0.0,0.0,0.6919722222222222,0.0,-0.0,47.4,1.9625000000000021,133,5,2022,42
2022-05-14,0.0,7.5,0,0.0,8.5,11.9,10.2125,20.5,13.908333333333333,-10.809680196228632,8.566897502443112,99.79166666666667,33.75,155.0,94.25,,,,,,,,309.4529709369676,0.9899355421047139,0.0,0.0,0.0,0.0,0.0,0.0,,0.0,0,0,0.0,0.0,0.49000000000000005,3.0100000000000007,3.0100000000000007,0.0,3.0100000000000007,0.0,0.0,0.0,0.0,,,,,-0.7721464240272486,0.6354446473627205,-0.7721464240272486,0.6354446473627205,-10.787160029153156,8.549049799313023,6.0,181.0,,0.0,0.0,6,0.0,0.0,0.6195833333333334,0.0,-0.0,83.45,-0.7291666666666679,134,5,2022,43
2022-05-15,0.0,6.8,0,0.0,5.7,9.0,7.283333333333334,37.2,22.245833333333334,-18.646848272016374,11.998307723789395,97.375,58.208333333333336,195.0,99.83333333333333,,,,,,,,303.79443168240346,0.9968822476973433,0.0,0.0,0.0,0.0,0.0,0.0,,0.0,0,0,0.0,0.0,0.0,3.0100000000000007,3.0100000000000007,0.0,3.0100000000000007,0.0,0.0,0.0,0.0,,,,,-0.8310385292040215,0.5562148532522453,-0.8310385292040215,0.5562148532522453,-18.157368504875944,11.683352146039924,7.0,182.0,,,0.0,6,0.0,0.0,0.5633888888888889,0.0,-0.0,133.475,-2.9291666666666663,135,5,2022,44
2022-05-16,0.0,4.1,0,0.0,3.6,7.6,5.129166666666666,38.9,30.441666666666666,-26.57688789549094,14.741083765616802,96.79166666666667,91.08333333333333,389.0,95.41666666666667,,,,,,,,298.62734637067626,0.9981263871858576,0.0,0.0,0.0,0.0,0.0,0.0,,0.0,0,0,0.0,0.0,0.0,3.0100000000000007,3.0100000000000007,0.0,3.0100000000000007,0.0,0.0,0.0,0.0,,,,,-0.8777544033705966,0.4791108508096304,-0.8777544033705966,0.4791108508096304,-25.724212742177272,14.268140661469928,8.0,183.0,,,0.0,6,0.0,0.0,0.55225,0.0,-0.0,182.65,-2.1541666666666677,136,5,2022,45
2022-05-17,0.0,0.6000000000000001,0,0.0,0.7,4.0,2.1083333333333334,30.0,24.9875,-22.36669846634417,10.98226284943707,97.0,95.45833333333333,393.0,97.41666666666667,,,,,,,,296.37591845006386,0.9971744076633742,0.0,0.0,0.0,0.0,0.0,0.0,,0.0,0,0,0.0,0.0,0.0,3.0100000000000007,3.0100000000000007,0.0,3.0100000000000007,0.0,0.0,0.0,0.0,,,,,-0.8958985623225539,0.444258670178063,-0.8958985623225539,0.444258670178063,-21.695697512353846,10.652794963953959,9.0,184.0,,,0.0,6,0.0,0.0,0.47586111111111107,0.0,-0.0,149.925,-3.020833333333333,137,5,2022,46
2022-05-18,2.59,3.9,14,0.56,0.2,2.3,1.2375,34.2,24.337500000000002,-22.046221050441442,10.177786177110933,98.20833333333333,73.95833333333333,439.0,98.41666666666667,,,,,,,,294.24835647593625,0.997891846903422,1.5999999999999999,26.214285714285715,33.1,97.42857142857143,-23.505482174803205,11.477725293741754,295.71368956352603,0.0,0,12,2.59,2.59,2.59,5.6000000000000005,5.6000000000000005,0.0,5.6000000000000005,0.0,0.0,0.0,0.0,,,,,-0.9117738246337589,0.41069269863576535,-0.9009733823243994,0.43387436469896623,-21.65122625662103,9.995434174771027,0.0,185.0,1.0,1.0,88.578,0,0.36567562499999984,2.59,0.42777777777777776,67.895,0.0,0.0,-0.8708333333333333,138,5,2022,47
2022-05-19,0.0,0.0,0,0.0,-1.6,6.7,1.7833333333333332,16.9,8.958333333333334,-4.425624739681862,0.011680734171897264,88.66666666666667,142.33333333333334,566.0,49.5,,,,,,,,257.113294549664,0.2933361917531734,0.0,0.0,0.0,0.0,0.0,0.0,,0.25,1,0,2.59,2.59,2.59,5.53,5.6000000000000005,1.0,5.6000000000000005,0.0,0.0,0.0,0.0,,,,,-0.9748129694928228,-0.22302393259151548,-0.9748129694928228,-0.22302393259151548,-3.924053935851252,0.010356917632415575,1.0,186.0,0.0,1.0,0.0,1,0.0,1.295,0.5393333333333333,0.0,-0.0,8.958333333333334,0.5458333333333332,139,5,2022,48
2022-05-20,0.0,0.0,0,0.0,-0.2,9.6,3.5666666666666664,7.4,4.7124999999999995,3.4522903715011815,2.0760044046833537,75.58333333333333,144.70833333333334,573.0,58.625,,,,,,,,60.5762580187935,0.8616107753391122,0.0,0.0,0.0,0.0,0.0,0.0,,0.16666666666666666,1,0,0.0,2.59,2.59,4.2700000000000005,5.6000000000000005,2.0,5.6000000000000005,0.0,0.0,0.0,0.0,,,,,0.8710103177214995,0.4912647213292366,0.8710103177214995,0.4912647213292366,2.6093561391263096,1.5691133292065012,2.0,187.0,0.0,1.0,0.0,2,0.0,0.8633333333333333,0.56175,0.0,-0.0,9.424999999999999,1.7833333333333332,140,5,2022,49
2022-05-21,0.0,0.0,0,0.0,-0.9,10.2,5.554166666666667,8.0,4.0,1.7849068545219193,0.7123478958332475,66.66666666666667,141.04166666666666,564.0,54.666666666666664,,,,,,,,60.75944746881096,0.37975064507785766,0.0,0.0,0.0,0.0,0.0,0.0,,0.3333333333333333,1,0,0.0,0.0,2.59,3.08,5.6000000000000005,3.0,5.6000000000000005,0.0,0.0,0.0,0.0,,,,,0.8725765636927768,0.4884773694800051,0.8725765636927768,0.4884773694800051,1.189937903014613,0.4748985972221651,3.0,188.0,,0.0,0.0,3,0.0,0.0,0.5429166666666666,0.0,-0.0,12.0,1.9875000000000007,141,5,2022,50
2022-05-22,0.0,0.0,0,0.0,-0.4,10.3,4.254166666666666,6.5,4.845833333333333,-0.24650763503755824,1.4957215551331915,69.375,142.5,551.0,26.125,,,,,,,,349.343690121874,0.3175429922684056,0.0,0.0,0.0,0.0,0.0,0.0,,0.625,1,0,0.0,0.0,2.59,2.59,5.6000000000000005,4.0,5.6000000000000005,0.0,0.0,0.0,0.0,,,,,-0.18491728337873797,0.9827540884208152,-0.18491728337873797,0.9827540884208152,-0.171014671807306,1.0376568288736516,4.0,189.0,,0.0,0.0,4,0.0,0.0,0.555138888888889,0.0,-0.0,19.383333333333333,-1.3000000000000007,142,5,2022,51
2022-05-23,0.0,0.0,0,0.0,0.4,10.3,4.4875,8.2,4.795833333333333,0.5439880044610511,0.7773295049577006,62.208333333333336,138.75,542.0,35.5,,,,,,,,6.343681017555777,0.29265432265012636,0.0,0.0,0.0,0.0,0.0,0.0,,0.375,0,0,0.0,0.0,2.59,2.59,5.6000000000000005,4.0,5.6000000000000005,0.0,0.0,0.0,0.0,,,,,0.11049205267259926,0.9938770076303182,0.11049205267259926,0.9938770076303182,0.3384058711084789,0.48356372954243626,5.0,190.0,,0.0,0.0,5,0.0,0.0,0.52875,0.0,-0.0,23.979166666666668,0.2333333333333334,143,5,2022,52
2022-05-24,0.0,0.0,0,0.0,0.4,9.9,4.658333333333333,9.7,5.454166666666667,1.9296647971755574,1.5734818357851272,61.291666666666664,143.16666666666666,555.0,0.041666666666666664,,,,,,,,10.122992534462778,0.3972664037343798,0.0,0.0,0.0,0.0,0.0,0.0,,1.0,0,0,0.0,0.0,2.59,2.59,5.6000000000000005,4.0,5.6000000000000005,0.0,0.0,0.0,0.0,,,,,0.17576178858773,0.9844327268393925,0.17576178858773,0.9844327268393925,1.182723715268852,0.9644132418499676,6.0,191.0,,0.0,0.0,6,0.0,0.0,0.51975,0.0,-0.0,32.725,0.1708333333333334,144,5,2022,53
2022-05-25,0.0,0.0,0,0.0,1.9,10.3,5.2875000000000005,10.8,6.7375,0.5782818655652245,6.3679736751938085,70.25,128.79166666666666,545.0,55.083333333333336,,,,,,,,1.993341345365559,0.9523840098544862,0.0,0.0,0.0,0.0,0.0,0.0,,0.4583333333333333,0,0,0.0,0.0,0.0,2.59,5.6000000000000005,4.0,5.6000000000000005,0.0,0.0,0.0,0.0,,,,,0.034783351815271764,0.999394876130799,0.034783351815271764,0.999394876130799,0.40624301055957024,4.47350150682365,7.0,192.0,,,0.0,6,0.0,0.0,0.5489166666666666,0.0,-0.0,40.425,0.6291666666666673,145,5,2022,54
2022-05-26,0.0,3.7,0,0.0,3.8,7.6,5.5375000000000005,17.4,11.637500000000001,-7.9181065199149785,8.319209006175715,92.20833333333333,60.0,270.0,97.0,,,,,,,,317.790018841323,0.9848870848613924,0.0,0.0,0.0,0.0,0.0,0.0,,0.0,0,0,0.0,0.0,0.0,2.59,5.6000000000000005,3.0,5.6000000000000005,0.0,0.0,0.0,0.0,,,,,-0.6718496303146592,0.7406875685780447,-0.6718496303146592,0.7406875685780447,-7.301154053571603,7.67100397111119,8.0,193.0,,,0.0,6,0.0,0.0,0.51625,0.0,-0.0,69.825,0.25,146,5,2022,55
2022-05-27,0.0,5.3,0,0.0,3.4,9.7,6.158333333333334,15.0,8.079166666666667,-5.465865722224922,5.3996955490089205,94.16666666666667,87.25,449.0,90.70833333333333,,,,,,,,323.27054530166225,0.9040158202973884,0.0,0.0,0.0,0.0,0.0,0.0,,0.0,0,0,0.0,0.0,0.0,2.59,5.6000000000000005,2.0,5.6000000000000005,0.0,0.0,0.0,0.0,,,,,-0.598037245985991,0.8014683102989733,-0.598037245985991,0.8014683102989733,-5.147023555095135,5.084713308650067,9.0,194.0,,,0.0,6,0.0,0.0,0.5876111111111112,0.0,-0.0,48.47500000000001,0.6208333333333336,147,5,2022,56
2022-05-28,0.5599999999999999,5.3,2,0.35,0.0,7.0,4.0,10.1,7.441666666666666,-6.409551941195082,3.397826757255931,93.16666666666667,100.04166666666667,426.0,79.54166666666667,,,,,,,,299.1731902698334,0.9711999740911961,4.65,7.75,7.8,100.0,-6.138878416822336,4.706679585149366,307.5,0.0,0,2,0.5599999999999999,0.5599999999999999,0.5599999999999999,3.15,6.16,1.0,6.16,0.0,0.0,0.0,0.0,,,,,-0.8731502600462187,0.487451149738331,-0.7933533402912352,0.6087614290087207,-5.971565891880085,3.1656419288434425,0.0,195.0,1.0,1.0,5.655999999999999,0,0.0676440625,0.5599999999999999,0.5328055555555555,4.34,-0.0,0.0,-2.158333333333334,148,5,2022,57
2022-05-29,0.0,0.0,0,0.0,-1.0,4.8,1.3541666666666667,11.8,8.35,-7.076744105416147,3.7465231206793947,93.5,111.33333333333333,479.0,78.58333333333333,,,,,,,,299.41937013711436,0.9611721898583232,0.0,0.0,0.0,0.0,0.0,0.0,,0.08333333333333333,1,0,0.5599999999999999,0.5599999999999999,0.5599999999999999,3.15,6.16,1.0,6.16,0.0,0.0,0.0,0.0,,,,,-0.8710478001941656,0.4911982591346441,-0.8710478001941656,0.4911982591346441,-6.616755738564097,3.502999117835234,1.0,196.0,0.0,1.0,0.0,1,0.0,0.27999999999999997,0.4925555555555556,0.0,-0.0,8.35,-2.645833333333333,149,5,2022,58
2022-05-30,13.440000000000001,19.2,12,2.17,-2.1,4.0,0.2333333333333333,19.9,10.575000000000001,-7.007255029122509,5.714239796872874,91.66666666666667,37.958333333333336,251.0,92.25,,,,,,,,316.32384661563435,0.6205294690001144,0.6416666666666667,9.075000000000001,19.9,96.41666666666667,-5.835709937377541,2.777183225504611,303.47159094324127,0.0,1,12,13.440000000000001,14.000000000000002,14.000000000000002,16.59,19.6,2.0,19.6,0.0,0.0,0.0,0.0,,,,,-0.6905814509049171,0.7232546298960413,-0.8341593873372664,0.5515234505595537,-6.423317110028966,5.238053147133469,0.0,0.0,0.96,1.0,100.0,0,2.787707125000001,14.000000000000002,0.41975000000000007,121.96800000000003,0.0,0.0,-1.1208333333333333,150,5,2022,59
2022-05-31,10.15,14.5,24,1.05,-3.4,-0.0,-1.4458333333333335,28.1,21.77916666666667,-19.89769298292393,8.74170545429877,97.875,38.958333333333336,194.0,100.0,,,,,,,,293.4579055939337,0.9979583438511352,-1.4458333333333335,21.77916666666667,28.1,97.875,-19.89769298292393,8.74170545429877,293.4579055939337,0.0,1,24,23.590000000000003,23.590000000000003,24.150000000000002,26.740000000000002,29.75,3.0,29.75,0.0,0.0,0.0,0.0,,,,,-0.9173527822124921,0.39807521018897923,-0.9173527822124921,0.39807521018897923,-19.4748670070368,8.555944213394922,0.0,0.0,0.43026706231454004,0.9768115942028986,100.0,1,2.113692950575087,23.590000000000003,0.3522222222222222,221.05854166666668,0.0,21.77916666666667,-1.679166666666667,151,5,2022,60
2022-06-01,5.11,7.3,16,0.91,-4.4,-1.1,-3.1374999999999997,27.9,21.245833333333334,-19.37898664565566,7.962050097719291,97.16666666666667,45.333333333333336,206.0,100.0,,,,,,,,290.04495975390756,0.9827353325109723,-3.725,24.15625,27.9,96.875,-21.46478278431644,10.954828130867192,296.68866501814745,0.0,0,16,15.260000000000002,28.700000000000003,29.26,29.26,34.86,3.0,34.86,0.0,0.0,0.0,0.0,,,,,-0.9394239497585325,0.34275741074421456,-0.8934602608598753,0.4491422517022904,-18.829915357362086,7.7364586782839115,0.0,1.0,0.17804878048780487,0.9808612440191388,100.0,2,1.2239335766601562,28.700000000000003,0.3541111111111111,123.4384375,0.0,42.49166666666667,-1.6916666666666662,152,6,2022,61
2022-06-02,0.0,0.0,0,0.0,-3.6,2.0,-1.075,12.1,8.049999999999999,-5.80242819645625,4.928030113818152,89.95833333333333,114.04166666666667,455.0,98.79166666666667,,,,,,,,310.57883975148144,0.9489756134531804,0.0,0.0,0.0,0.0,0.0,0.0,,0.0,1,0,5.11,15.260000000000002,29.26,29.26,34.86,4.0,34.86,0.0,0.0,0.0,0.0,,,,,-0.759511596884776,0.6504937618436764,-0.759511596884776,0.6504937618436764,-5.219767698395435,4.433173756555579,1.0,2.0,0.0,0.521531100478469,0.0,3,0.0,7.630000000000001,0.4203333333333333,0.0,-0.0,24.15,2.0625,153,6,2022,62
2022-06-03,0.9800000000000001,1.3,9,0.28,-3.6,1.0,-1.1041666666666667,21.3,14.595833333333333,-11.249926915467396,8.848420904557218,93.625,48.458333333333336,282.0,97.70833333333333,,,,,,,,309.51428692256957,0.9809084658007702,-0.2222222222222222,16.22222222222222,21.3,97.33333333333333,-14.228558763350662,7.672386930069518,299.22115948443553,0.0,1,7,0.9800000000000001,6.090000000000001,30.240000000000002,30.240000000000002,35.84,5.0,35.84,0.0,0.0,0.0,0.0,,,,,-0.7714659508545689,0.6362706080529382,-0.8727418498720013,0.4881819983182472,-10.53274407460635,8.284334071891696,0.0,3.0,0.16091954022988506,0.2013888888888889,20.874000000000002,4,0.1996598765432099,6.090000000000001,0.36661111111111117,15.897777777777778,0.0,58.38333333333333,-0.029166666666666785,154,6,2022,63
2022-06-04,2.94,4.2,18,0.42,-0.6,1.6,0.37083333333333335,32.9,26.025000000000002,-22.083054922248266,13.593397384013741,96.125,50.666666666666664,294.0,100.0,,,,,,,,301.16383087301335,0.996151904173563,0.55,27.41111111111111,32.9,96.55555555555556,-23.034675137312902,14.69041843110066,302.3310120365008,0.0,0,13,3.92,3.92,32.620000000000005,33.18,38.71,5.0,38.78,0.0,0.0,0.0,0.0,,,,,-0.8556911047998215,0.5174869400926567,-0.844972484721388,0.5348097793269713,-21.227336544011145,13.066653235383207,0.0,4.0,0.75,0.12017167381974247,96.726,5,0.4565865937499999,3.92,0.38975000000000004,80.58866666666667,0.0,130.125,1.475,155,6,2022,64
2022-06-05,12.81,19.5,24,2.17,-0.2,1.8,1.1666666666666667,38.0,31.366666666666664,-21.316455962842678,22.570547983390625,99.29166666666667,33.541666666666664,176.0,100.0,,,,,,,,317.6044226394508,0.9883985416783228,1.1666666666666667,31.366666666666664,38.0,99.29166666666667,-21.316455962842678,22.570547983390625,317.6044226394508,0.0,1,24,15.75,16.73,45.43000000000001,45.99,50.260000000000005,5.0,51.59,0.0,0.0,0.0,0.0,,,,,-0.6742453844877903,0.7385073875709789,-0.6742453844877903,0.7385073875709789,-21.165464399772546,22.410673268508276,0.0,0.0,0.7656903765690377,0.36825885978428347,100.0,6,1.7197202604166666,16.73,0.3933333333333333,401.80699999999996,0.0,188.2,0.7958333333333334,156,6,2022,65
2022-06-06,25.76,36.8,24,4.97,-2.2,1.3,-1.1458333333333333,32.9,25.108333333333334,-21.869676557353866,12.007093928029398,97.70833333333333,40.416666666666664,192.0,100.0,,,,,,,,298.96183688388913,0.9929824505845527,-1.1458333333333333,25.108333333333334,32.9,97.70833333333333,-21.869676557353866,12.007093928029398,298.96183688388913,0.0,0,24,38.57,41.510000000000005,57.75,71.75,74.83,4.0,77.35000000000001,0.0,0.0,0.0,0.0,,,,,-0.8749424312295722,0.48422695302315155,-0.8749424312295722,0.48422695302315155,-21.368496469581174,11.73193135884539,0.0,0.0,0.6205733558178752,0.7187878787878789,100.0,0,4.925097612847222,41.510000000000005,0.38152777777777774,646.7906666666668,0.0,0.0,-2.3125,157,6,2022,66
2022-06-07,7.28,10.3,23,1.19,-3.0,-1.3,-2.183333333333333,24.7,20.929166666666667,-18.80564002719424,8.991675257759807,96.83333333333333,45.0,199.0,100.0,,,,,,,,295.53984224745477,0.9959946735554679,-2.1565217391304348,21.09565217391304,24.7,96.78260869565217,-18.933935510416074,9.104105801687968,295.6942828370592,0.0,0,17,33.04,45.85,54.88,79.03,81.62,3.0,84.63000000000001,0.0,0.0,0.0,0.0,,,,,-0.9022856980334774,0.4311386309810808,-0.9011202887781284,0.4335691699745526,-18.210128092999756,8.706938874597412,0.0,1.0,0.15877862595419848,0.8354591836734694,100.0,1,1.6290637655954634,45.85,0.3527777777777778,153.57634782608696,0.0,20.929166666666667,-1.0374999999999999,158,6,2022,67
2022-06-08,1.8900000000000001,2.6,16,0.35,-3.4,-0.7,-2.0124999999999997,23.4,18.125,-17.317540727365422,3.5279356905826407,97.20833333333333,61.333333333333336,307.0,100.0,,,,,,,,280.6099886027138,0.9747137896526753,-2.40625,18.0375,23.4,98.125,-17.28676523760315,3.509777261461149,280.00093741618247,0.0,0,10,9.170000000000003,34.93,51.660000000000004,80.92,83.51,3.0,86.52000000000001,0.0,0.0,0.0,0.0,,,,,-0.9829032652371784,0.18412270687259852,-0.9848049118227661,0.17366429008219805,-16.834092715393137,3.429447485887209,0.0,2.0,0.05410821643286574,0.6761517615176151,44.226,2,0.4540265881347657,34.93,0.3649166666666666,34.090875000000004,0.0,36.25,0.1708333333333334,159,6,2022,68
2022-06-09,3.7800000000000002,5.4,24,0.28,-1.3,1.1,-0.3458333333333334,29.3,25.53333333333333,-23.39053279537015,10.169677888543408,98.70833333333333,32.583333333333336,144.0,100.0,,,,,,,,293.3757446304351,0.998886028194729,-0.3458333333333334,25.53333333333333,29.3,98.70833333333333,-23.39053279537015,10.169677888543408,293.3757446304351,0.0,1,24,5.6700000000000035,12.950000000000001,55.440000000000005,84.7,87.29,3.0,90.30000000000001,0.0,0.0,0.0,0.0,,,,,-0.9179226704653242,0.396759336431807,-0.9179226704653242,0.396759336431807,-23.088405080096617,10.03831954914972,0.0,3.0,0.2918918918918919,0.2335858585858586,100.0,3,0.6656379843750002,12.950000000000001,0.37519444444444444,96.516,0.0,76.6,1.6666666666666663,160,6,2022,69
2022-06-10,1.54,2.2,10,0.28,-0.6,1.5,0.5458333333333333,24.5,21.291666666666668,-20.212071595364446,6.170754439083184,98.25,61.625,269.0,100.0,,,,,,,,286.22590604891883,0.9913262367086277,0.62,22.4,24.5,98.9,-21.105153103477242,7.047325211022932,287.7374310922915,0.0,1,6,5.320000000000004,7.210000000000001,56.0,86.24000000000001,88.83000000000001,3.0,91.84,0.0,0.0,0.0,0.0,,,,,-0.9601674428512743,0.2794252703111242,-0.9524626544492424,0.3046553657487473,-19.858360342445568,6.062766236399228,0.0,4.0,0.21359223300970873,0.12875,37.730000000000004,4,0.2600135999999999,7.210000000000001,0.4019166666666667,34.495999999999995,0.0,85.16666666666667,0.8916666666666666,161,6,2022,70
2022-06-11,0.7000000000000001,1.0,10,0.07,-2.2,0.8,-0.9791666666666666,35.2,23.21666666666667,-21.67865451136869,7.412836296822904,96.625,55.041666666666664,220.0,99.95833333333333,,,,,,,,287.1126962881264,0.9843674594183621,-0.85,28.380000000000003,35.2,95.2,-26.03910089888854,11.136609909487102,293.39764395039396,0.0,0,7,2.2400000000000038,6.02,53.76,86.38,89.53,3.0,92.54,0.0,0.0,0.0,0.0,,,,,-0.9557278343399549,0.29425211412640634,-0.9177709559561529,0.3971101514735291,-20.94699992161,7.162653071805131,0.0,5.0,0.11627906976744189,0.11197916666666666,24.640000000000004,5,0.12251684375,6.02,0.37655555555555553,19.866000000000003,0.0,116.08333333333334,-1.525,162,6,2022,71
2022-06-12,1.75,2.5,19,0.28,-0.9,1.0,0.125,31.9,20.466666666666665,-19.574754576510927,3.6070646005509346,98.375,32.375,166.0,100.0,,,,,,,,276.65103164959623,0.970492946426935,-0.005263157894736847,22.257894736842108,31.9,98.3157894736842,-21.280495112866102,5.465223979550224,282.0993777821473,0.0,0,19,2.4500000000000037,3.99,42.7,88.13,91.28,2.0,94.29,0.0,0.0,0.0,0.0,,,,,-0.9932700004885793,0.11582187241371021,-0.9777855131061783,0.20960794440976613,-19.256664814642626,3.548449800791982,0.0,6.0,0.43859649122807015,0.09344262295081968,55.824999999999996,6,0.31594333665166213,3.99,0.37172222222222223,38.95131578947369,0.0,122.79999999999998,1.1041666666666665,163,6,2022,72
2022-06-13,0.0,0.0,0,0.0,-2.8,3.4,0.3041666666666667,12.6,6.083333333333333,-5.350040075650031,1.7276377570587753,89.5,115.04166666666667,471.0,63.583333333333336,,,,,,,,291.1053388516062,0.9158179428652642,0.0,0.0,0.0,0.0,0.0,0.0,,0.0,0,0,1.7500000000000036,2.45,16.94,74.69,91.28,2.0,94.29,0.0,0.0,0.0,0.0,,,,,-0.9329199860787524,0.3600837396701223,-0.9329199860787524,0.3600837396701223,-4.788285867706778,1.546235792567604,1.0,7.0,0.0,0.1446280991735537,0.0,6,0.0,1.225,0.45058333333333334,0.0,-0.0,36.5,0.1791666666666667,164,6,2022,73
2022-06-14,0.0,0.0,0,0.0,-3.9,4.5,-0.35000000000000003,16.3,7.666666666666667,-4.498732460906766,6.083371633103731,77.29166666666667,125.20833333333333,508.0,32.0,,,,,,,,324.51578800988466,0.9837989835774853,0.0,0.0,0.0,0.0,0.0,0.0,,0.4166666666666667,1,0,0.0,1.75,9.66,64.53999999999999,91.28,3.0,94.29,0.0,0.0,0.0,0.0,,,,,-0.5804786018937599,0.8142755017458562,-0.5804786018937599,0.8142755017458562,-3.4771452979091877,4.701939324753092,2.0,8.0,0.0,0.18115942028985507,0.0,5,0.0,0.5833333333333334,0.44111111111111106,0.0,-0.0,38.333333333333336,-0.6541666666666668,165,6,2022,74
2022-06-15,0.0,0.2,0,0.0,-0.6,3.2,1.3041666666666667,27.6,21.945833333333336,-17.54392864795339,13.067203482992957,81.29166666666667,97.375,399.0,74.04166666666667,,,,,,,,307.1247192702576,0.9969293130666499,0.0,0.0,0.0,0.0,0.0,0.0,,0.08333333333333333,1,0,0.0,0.0,7.770000000000001,59.43,91.28,4.0,94.29,0.0,0.0,0.0,0.0,,,,,-0.7973236109810254,0.6035520353475567,-0.7973236109810254,0.6035520353475567,-14.261751996732109,10.622547498049691,3.0,9.0,,0.0,0.0,6,0.0,0.0,0.40700000000000003,0.0,-0.0,131.675,1.6541666666666668,166,6,2022,75
2022-06-16,0.28,4.9,1,0.28,2.1,3.9,2.6833333333333336,23.4,17.695833333333333,-15.701850585019777,8.046994177444738,99.0,43.5,200.0,100.0,,,,,,,,296.26666349235086,0.9954760638856524,2.4,22.2,22.2,99.0,-18.82666773467266,11.764207665977143,302.0,0.0,0,1,0.2800000000000036,0.28,4.2700000000000005,59.71,91.56,3.0,94.57000000000001,0.0,0.0,0.0,0.0,,,,,-0.8967440715430679,0.44254951152651956,-0.8480480961564262,0.5299192642332047,-15.54483207916958,7.96652423567029,0.0,10.0,1.0,0.06557377049180328,6.5520000000000005,4,0.03843700000000001,0.28,0.44566666666666666,6.216,0.0,70.78333333333333,1.3791666666666669,167,6,2022,76
2022-06-17,0.0,0.4,0,0.0,0.7,4.8,2.4583333333333335,10.1,5.7875000000000005,-1.5349277537990422,-3.6111720220322856,96.08333333333333,79.83333333333333,390.0,96.83333333333333,,,,,,,,200.14777502123997,0.4691652464414478,0.0,0.0,0.0,0.0,0.0,0.0,,0.0,0,0,0.2800000000000036,0.28,2.7300000000000004,58.730000000000004,88.97,2.0,94.57000000000001,0.0,0.0,0.0,0.0,,,,,-0.3444426213204489,-0.9388073714122072,-0.3444426213204489,-0.9388073714122072,-1.4748097501085797,-3.469734451169354,1.0,11.0,0.0,0.10256410256410256,0.0,5,0.0,0.14,0.4801666666666667,0.0,-0.0,28.937500000000004,-0.2250000000000001,168,6,2022,77
2022-06-18,0.0,0.0,0,0.0,-3.5,5.8,1.1583333333333334,6.6,3.6125000000000003,1.77432548582686,1.7492743872510779,88.70833333333333,122.875,510.0,39.958333333333336,,,,,,,,39.766614338843866,0.6405910481890233,0.0,0.0,0.0,0.0,0.0,0.0,,0.4583333333333333,1,0,0.0,0.28,2.0300000000000002,55.790000000000006,88.97,3.0,94.57000000000001,0.0,0.0,0.0,0.0,,,,,0.6396619199392727,0.7686563784810502,0.6396619199392727,0.7686563784810502,1.5739745663855769,1.5517521543573103,2.0,12.0,0.0,0.13793103448275862,0.0,6,0.0,0.09333333333333334,0.5065,0.0,-0.0,21.675,-1.3,169,6,2022,78
2022-06-19,0.0,0.0,0,0.0,-3.7,6.5,1.3125,9.8,5.795833333333333,1.8135887664637904,5.142351331064955,74.70833333333333,129.20833333333334,520.0,37.0,,,,,,,,18.63737267639063,0.9261223743028462,0.0,0.0,0.0,0.0,0.0,0.0,,0.5833333333333334,1,0,0.0,0.0,0.28,42.980000000000004,88.97,4.0,94.57000000000001,0.0,0.0,0.0,0.0,,,,,0.3195774482288096,0.9475601588203054,0.3195774482288096,0.9475601588203054,1.3549019409456569,3.841764973583109,3.0,13.0,,0.0,0.0,3,0.0,0.0,0.47961111111111115,0.0,-0.0,17.3875,0.15416666666666656,170,6,2022,79
2022-06-20,0.0,0.0,0,0.0,0.7,6.3,3.279166666666667,21.9,9.320833333333333,-4.1796330688242485,7.367251730850032,80.625,116.45833333333333,509.0,67.75,,,,,,,,334.6145144459974,0.9068978875756019,0.0,0.0,0.0,0.0,0.0,0.0,,0.20833333333333334,0,0,0.0,0.0,0.28,17.220000000000002,88.97,4.0,94.57000000000001,0.0,0.0,0.0,0.0,,,,,-0.4287062823452432,0.9034439238147106,-0.4287062823452432,0.9034439238147106,-3.36982916173955,5.939846707997837,4.0,14.0,,0.0,0.0,4,0.0,0.0,0.4863888888888888,0.0,-0.0,37.28333333333333,1.9666666666666668,171,6,2022,80
2022-06-21,6.23,12.9,8,2.59,0.4,4.0,2.4499999999999997,26.9,19.775000000000002,-16.856264911764455,10.071889478155756,97.29166666666667,48.458333333333336,199.0,98.45833333333333,,,,,,,,299.8345154896853,0.9927757852814183,2.2375,18.3875,20.6,98.75,-16.127664079844017,8.666430840038784,298.38253905957066,0.0,0,6,6.230000000000004,6.23,6.510000000000001,16.17,95.2,3.0,100.80000000000001,0.0,0.0,0.0,0.0,,,,,-0.8674659143764556,0.49749662048602894,-0.8797934789227683,0.47535611329294214,-16.39974107040417,9.799109138122372,0.0,15.0,1.0,0.9569892473118279,100.0,0,0.9311261264648438,6.23,0.4455,114.554125,0.0,0.0,-0.829166666666667,172,6,2022,81
2022-06-22,0.0,0.0,0,0.0,-0.6,3.0,1.3041666666666667,15.6,13.770833333333334,-11.734679509911247,7.149132505242608,96.95833333333333,85.375,386.0,95.125,,,,,,,,301.5814335391306,0.9977819177400302,0.0,0.0,0.0,0.0,0.0,0.0,,0.0,1,0,6.230000000000004,6.23,6.510000000000001,14.280000000000001,95.2,3.0,100.80000000000001,0.0,0.0,0.0,0.0,,,,,-0.8518966848921102,0.5237098798665465,-0.8518966848921102,0.5237098798665465,-11.377749674818112,6.931679724874812,1.0,16.0,0.0,0.9569892473118279,0.0,1,0.0,3.115,0.4467777777777777,0.0,-0.0,13.770833333333334,-1.145833333333333,173,6,2022,82
2022-06-23,0.0,1.5,0,0.0,1.3,3.5,2.6374999999999997,23.5,18.720833333333335,-15.845933618933637,9.938839196076437,98.58333333333333,38.416666666666664,164.0,100.0,,,,,,,,302.1661291188233,0.9989897011919169,0.0,0.0,0.0,0.0,0.0,0.0,,0.0,0,0,0.0,6.23,6.23,10.5,95.2,3.0,100.80000000000001,0.0,0.0,0.0,0.0,,,,,-0.8465080325356045,0.5323759487924863,-0.8465080325356045,0.5323759487924863,-15.621449559332078,9.79803897413202,2.0,17.0,0.0,1.0,0.0,2,0.0,2.0766666666666667,0.432,0.0,-0.0,37.44166666666667,1.333333333333333,174,6,2022,83
2022-06-24,0.0,5.4,0,0.0,1.5,3.8,2.9499999999999997,36.7,28.079166666666666,-24.024429280888,14.407125678564478,98.45833333333333,41.458333333333336,200.0,100.0,,,,,,,,300.58254297710397,0.9974268124956618,0.0,0.0,0.0,0.0,0.0,0.0,,0.0,0,0,0.0,0.0,6.23,8.96,95.2,3.0,100.80000000000001,0.0,0.0,0.0,0.0,,,,,-0.8608970830745482,0.5087791390709082,-0.8608970830745482,0.5087791390709082,-23.654052662807644,14.185015824353275,3.0,18.0,,0.0,0.0,3,0.0,0.0,0.44027777777777777,0.0,-0.0,84.2375,0.3125,175,6,2022,84
2022-06-25,0.0,0.0,0,0.0,0.4,3.1,1.5583333333333333,26.9,23.212500000000002,-20.058671603016123,11.603078306777043,94.70833333333333,98.04166666666667,396.0,74.16666666666667,,,,,,,,300.04092317844345,0.9982814144491534,0.0,0.0,0.0,0.0,0.0,0.0,,0.0,0,0,0.0,0.0,6.23,8.26,95.2,2.0,100.80000000000001,0.0,0.0,0.0,0.0,,,,,-0.8656680608135315,0.5006184260365771,-0.8656680608135315,0.5006184260365771,-18.997233564023187,10.98908207971009,4.0,19.0,,0.0,0.0,4,0.0,0.0,0.4499444444444444,0.0,-0.0,92.85000000000001,-1.3916666666666664,176,6,2022,85
2022-06-26,0.42000000000000004,0.8,5,0.14,0.1,2.0,1.0291666666666666,26.2,17.704166666666666,-15.586785678749479,8.268294387134112,96.625,69.41666666666667,329.0,94.25,,,,,,,,299.46958073712193,0.9939675032438011,1.4,13.38,18.2,99.0,-11.511955599195636,6.775646616583414,301.3990702823685,0.0,0,4,0.4200000000000036,0.42000000000000004,6.65,6.93,95.62,1.0,101.22000000000001,0.0,0.0,0.0,0.0,,,,,-0.8706170089543621,0.491961404705044,-0.8535592513954493,0.5209957815157819,-15.060731662091685,7.989239451568336,0.0,20.0,1.0,0.06315789473684211,11.004000000000001,5,0.07519732500000004,0.42000000000000004,0.4128055555555556,5.619600000000001,0.0,88.52083333333333,-0.5291666666666668,177,6,2022,86
2022-06-27,2.38,3.5,10,0.84,-3.0,1.5,-0.47500000000000003,15.9,9.0375,-0.9812376066523282,-7.728770633549755,91.25,108.125,430.0,88.75,,,,,,,,189.1250306015618,0.7828528333738342,-0.26,6.99,11.3,97.7,-2.4175449297116516,-4.354936962873053,215.1239203753763,0.0,1,7,2.8000000000000034,2.8,9.030000000000001,9.309999999999999,97.44,2.0,103.60000000000001,0.0,0.0,0.0,0.0,,,,,-0.1585894200742853,-0.9873446185808185,-0.5753467706823018,-0.8179095875862117,-0.8953793160702495,-7.052503203114152,0.0,21.0,0.85,0.3100775193798449,37.842,6,0.5571301837500001,2.8,0.40958333333333335,16.6362,0.0,54.224999999999994,-1.5041666666666667,178,6,2022,87
2022-06-28,0.0,0.0,0,0.0,-4.4,5.7,0.34166666666666673,7.5,4.258333333333334,-1.663312349080943,2.8994296259617935,65.625,123.5,485.0,50.333333333333336,,,,,,,,330.2767761615912,0.8037780984422621,0.0,0.0,0.0,0.0,0.0,0.0,,0.375,1,0,2.3800000000000034,2.8,2.8,9.309999999999999,97.44,3.0,103.60000000000001,0.0,0.0,0.0,0.0,,,,,-0.49581071225793893,0.8684306176144847,-0.49581071225793893,0.8684306176144847,-1.0915487290843688,1.902750692037427,1.0,22.0,0.0,1.0,0.0,1,0.0,1.4,0.42775,0.0,-0.0,4.258333333333334,0.8166666666666668,179,6,2022,88
2022-06-29,0.0,0.0,0,0.0,-0.9,4.6,1.3458333333333332,12.6,10.387500000000001,-6.6163106847199264,7.829742879079316,73.95833333333333,86.83333333333333,377.0,85.125,,,,,,,,320.256398060894,0.9862129579466433,0.0,0.0,0.0,0.0,0.0,0.0,,0.125,1,0,0.0,2.38,2.8,9.309999999999999,84.0,3.0,103.60000000000001,0.0,0.0,0.0,0.0,,,,,-0.6393531435575763,0.7689132316607936,-0.6393531435575763,0.7689132316607936,-4.893313110574112,5.790747337652411,2.0,23.0,0.0,0.85,0.0,2,0.0,0.7933333333333333,0.4066388888888888,0.0,-0.0,20.775000000000002,1.0041666666666664,180,6,2022,89
2022-06-30,2.24,3.6,12,0.49,0.1,5.3,1.5541666666666665,11.9,5.066666666666666,-1.171288072246558,1.9026543617063985,91.58333333333333,83.375,435.0,94.16666666666667,,,,,,,,341.2846031090557,0.1924167644700514,0.775,4.716666666666667,7.4,96.83333333333333,0.9652086321142329,2.100915892819805,35.32450563975476,0.0,0,6,2.2400000000000038,2.24,5.04,11.27,76.09,3.0,105.84,0.0,0.0,0.0,0.0,,,,,-0.3208675194535922,0.9471240863581174,0.5782066369115343,0.8158903633647435,-1.0727046594991392,1.7425142862627765,0.0,24.0,1.0,0.4444444444444445,26.656000000000002,3,0.48614212500000026,2.24,0.47863888888888884,10.565333333333335,0.0,15.2,0.20833333333333326,181,6,2022,90
2022-07-01,1.33,2.0,10,0.56,-2.3,1.6,0.39166666666666666,14.4,9.645833333333334,8.671435143422366,-3.0333069628538034,94.54166666666667,42.458333333333336,168.0,83.66666666666667,,,,,,,,101.33784517071197,0.8971737103613033,0.9099999999999999,9.879999999999999,14.4,96.8,8.434894801887875,-3.530235842621906,99.50258102789745,0.125,1,7,3.570000000000004,3.5700000000000003,6.37,12.600000000000001,72.31,4.0,107.17,0.0,0.0,0.0,0.0,,,,,0.9804850177369603,-0.1965938198249188,0.9862781655652335,-0.1650920353296239,8.198119308510563,-2.8677389577980335,0.0,25.0,0.37254901960784315,0.5604395604395604,19.152,4,0.26491555125,3.5700000000000003,0.379,13.1404,0.0,38.583333333333336,-1.1624999999999999,182,7,2022,91
2022-07-02,0.0,0.1,0,0.0,-0.4,2.1,0.6458333333333334,17.9,13.595833333333333,13.322150779066055,-1.3091898642242201,98.625,54.791666666666664,248.0,100.0,,,,,,,,93.82793154517357,0.9818661073744802,0.0,0.0,0.0,0.0,0.0,0.0,,0.0,1,0,1.3300000000000036,3.5700000000000003,6.37,12.600000000000001,72.31,5.0,107.17,0.0,0.0,0.0,0.0,,,,,0.9977690413716871,-0.06676031815550762,0.9977690413716871,-0.06676031815550762,13.138971205853897,-1.291188503591137,1.0,26.0,0.0,0.5604395604395604,0.0,5,0.0,1.7850000000000001,0.41194444444444445,0.0,-0.0,67.97916666666667,0.2541666666666667,183,7,2022,92
2022-07-03,0.0,0.6000000000000001,0,0.0,0.1,1.8,1.1208333333333333,22.9,19.004166666666666,18.466479479288402,-3.755554476155559,97.625,35.541666666666664,159.0,100.0,,,,,,,,101.07982493264967,0.991465040663042,0.0,0.0,0.0,0.0,0.0,0.0,,0.0,0,0,0.0,1.33,5.95,12.600000000000001,71.33000000000001,5.0,107.17,0.0,0.0,0.0,0.0,,,,,0.9813603942510349,-0.19217642049807585,0.9813603942510349,-0.19217642049807585,18.027900591655303,-3.6663600573468647,2.0,27.0,0.0,0.2235294117647059,0.0,6,0.0,0.44333333333333336,0.38911111111111113,0.0,-0.0,114.025,0.475,184,7,2022,93
2022-07-04,0.9100000000000001,1.7000000000000002,12,0.14,-0.4,1.7,0.9333333333333332,20.1,16.779166666666665,14.8566349130488,-7.5943429921131225,99.04166666666667,41.5,224.0,100.0,,,,,,,,116.70955988884364,0.9943176754981994,1.0916666666666666,18.358333333333334,20.1,99.0,16.277195998080465,-8.312061331185756,117.16899566816262,0.0,1,6,0.9100000000000037,0.9100000000000001,4.48,13.510000000000002,69.3,5.0,108.08000000000001,0.0,0.0,0.0,0.0,,,,,0.8932964063274345,-0.44946805274957097,0.8896635913977289,-0.45661657234631225,14.714258828465418,-7.521563871772039,0.0,28.0,1.0,0.203125,18.291000000000004,4,0.15615728363715284,0.9100000000000001,0.39558333333333334,16.706083333333336,0.0,67.11666666666666,-0.1875000000000001,185,7,2022,94
2022-07-05,0.0,0.0,0,0.0,-2.4,2.5,-0.06250000000000001,12.5,9.404166666666667,8.64023538420941,2.2906568886961285,81.20833333333333,106.08333333333333,463.0,62.958333333333336,,,,,,,,76.27518990199165,0.952263484215533,0.0,0.0,0.0,0.0,0.0,0.0,,0.041666666666666664,1,0,0.9100000000000037,0.9100000000000001,4.48,7.28,56.49,5.0,108.08000000000001,0.0,0.0,0.0,0.0,,,,,0.9714464737597638,0.23725882200609646,0.9714464737597638,0.23725882200609646,7.016591151593391,1.8602042816953142,1.0,29.0,0.0,0.203125,0.0,5,0.0,0.45500000000000007,0.3969722222222222,0.0,-0.0,47.020833333333336,-0.9958333333333332,186,7,2022,95
2022-07-06,0.0,0.0,0,0.0,-0.3,6.5,2.375,12.5,7.816666666666666,3.6326212817773347,5.738977286572182,83.58333333333333,120.16666666666667,531.0,57.458333333333336,,,,,,,,24.881212486133155,0.7678472100589218,0.0,0.0,0.0,0.0,0.0,0.0,,0.16666666666666666,1,0,0.0,0.9100000000000001,4.48,7.28,30.73,5.0,108.08000000000001,0.0,0.0,0.0,0.0,,,,,0.4207383673997174,0.9071820248427658,0.4207383673997174,0.9071820248427658,3.0362659546855553,4.796828515359915,2.0,30.0,0.0,0.203125,0.0,6,0.0,0.3033333333333334,0.5031666666666667,0.0,-0.0,46.9,2.4375,187,7,2022,96
2022-07-07,0.07,0.1,1,0.07,-1.2,4.4,1.625,16.0,7.1499999999999995,-5.310591090630177,-1.8164654415910586,76.66666666666667,128.0,541.0,30.083333333333332,,,,,,,,255.42515888987236,0.6889954836795975,1.9,9.4,9.4,86.0,-6.410784584587485,-6.874724795220204,223.0,0.5416666666666666,0,1,0.07000000000000356,0.07,2.31,7.3500000000000005,23.52,5.0,108.15,0.0,0.0,0.0,0.0,,,,,-0.9678197622172843,-0.2516444075708408,-0.6819983600624984,-0.7313537016191706,-4.071453169483136,-1.3926235052198117,0.0,31.0,1.0,0.030303030303030304,1.12,6,0.012509437500000001,0.07,0.4386666666666667,0.6580000000000001,0.0,42.9,-0.75,188,7,2022,97
2022-07-08,1.75,2.5,16,0.21,-1.6,0.2,-0.5583333333333333,21.1,16.695833333333333,-15.859226269954554,3.8881802196584636,98.875,39.541666666666664,161.0,99.83333333333333,,,,,,,,283.4482452313403,0.9777328524454563,-0.41250000000000003,16.95625,21.1,99.0625,-15.999585767712574,4.915442427593563,286.7001962867647,0.0,1,15,1.8200000000000036,1.82,2.7300000000000004,9.1,23.38,5.0,109.9,0.0,0.0,0.0,0.0,,,,,-0.9725803927971897,0.2325669356259918,-0.9578215103855647,0.28736380120452804,-15.680809974417565,3.844438192187306,0.0,32.0,0.9615384615384615,0.6666666666666666,36.925000000000004,0,0.35899229125976573,1.82,0.36038888888888887,29.673437500000002,0.0,0.0,-2.1833333333333336,189,7,2022,98
2022-07-09,1.4700000000000002,2.2,13,0.35,-1.7,1.0,-0.1875,17.8,11.445833333333333,-1.8190555903369257,-8.050240309249961,98.58333333333333,48.208333333333336,198.0,100.0,,,,,,,,194.48542446549695,0.754570982909789,0.5384615384615384,11.930769230769231,17.8,98.15384615384616,4.139225831319089,-10.590551131678856,161.83689335342876,0.0,0,13,3.2200000000000037,3.29,4.2,10.57,21.070000000000004,4.0,111.37,0.0,0.0,0.0,0.0,,,,,-0.2501337078438946,-0.9682113034871392,0.3117231568355952,-0.9501729703019608,-1.7932856361404859,-7.936195238202252,0.0,33.0,0.4468085106382979,0.7833333333333333,26.166000000000004,1,0.29585571190828397,3.29,0.3829722222222222,17.538230769230772,0.0,11.445833333333333,0.37083333333333335,190,7,2022,99
2022-07-10,0.8400000000000001,1.3,8,0.28,-2.8,2.6,0.14583333333333337,19.5,13.049999999999999,10.089436369340403,-3.07987532649835,90.5,90.625,433.0,63.291666666666664,,,,,,,,91.47313690031218,0.6880571833889975,0.525,18.3875,19.5,95.75,15.187540431048411,-10.115510949402452,123.74948563385051,0.2916666666666667,0,8,2.310000000000004,4.0600000000000005,5.040000000000001,10.99,20.37,4.0,112.21000000000001,0.0,0.0,0.0,0.0,,,,,0.9996694881529191,-0.025708256574120156,0.8314745998357324,-0.5555627685761608,9.130939914253064,-2.7872871704810067,0.0,34.0,0.20689655172413793,0.8055555555555555,16.380000000000003,2,0.15324183984375006,4.0600000000000005,0.4198611111111112,15.445500000000001,0.0,26.099999999999998,0.33333333333333337,191,7,2022,100
2022-07-11,0.0,0.0,0,0.0,-3.7,3.4,-0.8833333333333333,8.7,5.366666666666667,-3.3971922992538848,3.7365046565959363,70.16666666666667,116.54166666666667,512.0,75.20833333333333,,,,,,,,319.89656791237775,0.9462100028455779,0.0,0.0,0.0,0.0,0.0,0.0,,0.125,1,0,0.8400000000000036,2.3100000000000005,4.130000000000001,8.61,19.67,4.0,112.21000000000001,0.0,0.0,0.0,0.0,,,,,-0.6441694483379262,0.7648828157489301,-0.6441694483379262,0.7648828157489301,-2.3836965966431425,2.621780767378149,1.0,35.0,0.0,0.5593220338983051,0.0,3,0.0,1.1550000000000002,0.3871388888888889,0.0,-0.0,16.1,-1.0291666666666668,192,7,2022,101
2022-07-12,0.77,1.1,9,0.14,-1.8,2.3,-0.15000000000000002,9.2,6.3875,-4.574643643497118,4.107678772704298,86.58333333333333,79.45833333333333,350.0,97.91666666666667,,,,,,,,314.2294923022471,0.9645575618225811,0.7888888888888889,7.033333333333333,9.2,89.88888888888889,-5.713158380938083,3.729038152899451,305.12420955595826,0.0,1,4,0.7700000000000036,1.61,4.9,9.379999999999999,18.69,4.0,112.98,0.0,0.0,0.0,0.0,,,,,-0.7165516554757286,0.697534031452941,-0.8179066837124488,0.5753508987900378,-3.960878954661254,3.556565204033138,0.0,36.0,0.47826086956521735,0.32857142857142857,7.084,4,0.1617250428240741,1.61,0.3926944444444444,5.415666666666667,0.0,25.55,0.7333333333333333,193,7,2022,102
2022-07-13,0.6300000000000001,0.9,9,0.07,-1.6,2.6,-0.39166666666666666,14.8,8.879166666666666,-3.6193472886291307,-7.594181612689488,90.20833333333333,109.0,492.0,85.20833333333333,,,,,,,,211.71090894532793,0.9104496949601185,-1.3111111111111111,9.677777777777777,14.8,98.33333333333333,-2.288569768311808,-9.262048907319711,197.2681508499043,0.0,1,6,1.4000000000000037,1.4000000000000001,5.53,10.01,19.32,4.0,113.61000000000001,0.0,0.0,0.0,0.0,,,,,-0.5256336334414675,-0.85071104577002,-0.29684410285739765,-0.9549259545110221,-3.264952866617528,-6.850584663113642,0.0,37.0,0.45000000000000007,0.25316455696202533,9.324000000000002,5,0.15659879861111115,1.4000000000000001,0.4311388888888888,6.097,0.0,44.39583333333333,-0.24166666666666664,194,7,2022,103
2022-07-14,0.07,0.1,1,0.07,-3.0,3.1,-0.6,13.0,6.533333333333334,-0.129814055021382,-4.850267834704752,86.29166666666667,132.95833333333334,525.0,47.0,,,,,,,,199.0949425759298,0.5625261318244409,-1.8,12.2,12.2,98.0,-0.42577385977051097,-12.192568089632967,181.99999999999997,0.4166666666666667,1,1,0.7000000000000037,1.4700000000000002,5.53,7.840000000000001,19.39,5.0,113.68,0.0,0.0,0.0,0.0,,,,,-0.3271344882908312,-0.9449777915753873,-0.034899496702500456,-0.9993908270190958,-0.11201871164553422,-4.185376952363976,0.0,38.0,0.047619047619047616,0.2658227848101266,0.9100000000000001,6,0.017500875000000006,1.4700000000000002,0.4451666666666667,0.854,0.0,39.2,-0.20833333333333331,195,7,2022,104
2022-07-15,0.0,0.0,0,0.0,-4.9,3.4,-0.5208333333333334,11.0,5.9624999999999995,-4.098588410099084,3.8295230761601697,66.91666666666667,141.91666666666666,560.0,26.583333333333332,,,,,,,,316.28307239785306,0.9480410512774546,0.0,0.0,0.0,0.0,0.0,0.0,,0.7083333333333334,1,0,0.07000000000000356,0.7000000000000002,3.7800000000000002,6.510000000000001,19.39,5.0,113.68,0.0,0.0,0.0,0.0,,,,,-0.6910959760643747,0.7227629984079355,-0.6910959760643747,0.7227629984079355,-2.742638744424637,2.5625891917971804,1.0,39.0,0.0,0.18518518518518523,0.0,6,0.0,0.3500000000000001,0.3932222222222222,0.0,-0.0,35.775,0.07916666666666661,196,7,2022,105
2022-07-16,0.28,0.4,2,0.14,-3.0,1.1,-0.37083333333333335,34.9,19.341666666666665,-13.54153362532903,13.635761313143853,71.70833333333333,118.33333333333333,508.0,77.625,,,,,,,,316.3931612372924,0.9908597348309006,-1.55,20.700000000000003,31.1,92.0,-12.581464976844845,16.22338713941223,326.5,0.125,1,1,0.2800000000000036,0.35000000000000003,2.5900000000000003,6.790000000000001,19.39,6.0,113.96000000000001,0.0,0.0,0.0,0.0,,,,,-0.6897059751987419,0.7240895440310904,-0.5519369853120584,0.833885822067168,-9.710408070496358,9.777977174966903,0.0,40.0,0.8,0.13513513513513514,9.772,6,0.05993006250000001,0.35000000000000003,0.3423611111111111,5.796000000000001,0.0,116.04999999999998,0.15000000000000002,197,7,2022,106
2022-07-17,16.45,23.7,24,1.89,-0.5,0.4,-0.10833333333333334,37.5,27.270833333333332,-20.4148108556162,17.876720475085943,97.70833333333333,45.0,196.0,100.0,,,,,,,,310.97164472515647,0.994330319266071,-0.10833333333333334,27.270833333333332,37.5,97.70833333333333,-20.4148108556162,17.876720475085943,310.97164472515647,0.0,1,24,16.730000000000004,16.73,18.2,23.240000000000002,35.84,7.0,130.41,0.0,0.0,0.0,0.0,,,,,-0.7550341667477465,0.6556854482475084,-0.7550341667477465,0.6556854482475084,-19.946971440174995,17.467045630865222,0.0,0.0,0.9832635983263598,0.9192307692307693,100.0,0,2.7399736518012148,16.73,0.3645833333333333,448.6052083333333,0.0,0.0,0.2625,198,7,2022,107
2022-07-18,2.52,3.6,16,0.42,-3.4,0.1,-1.6583333333333332,31.7,15.141666666666666,-13.494221121878956,1.3977803145734395,95.20833333333333,82.375,409.0,99.875,,,,,,,,264.25250665397186,0.7629368255281099,-1.375,14.45625,31.7,96.375,-12.64341412148122,1.1263655085943796,260.4760827435663,0.0,0,10,18.970000000000002,19.25,20.72,24.849999999999998,38.36,6.0,132.93,0.0,0.0,0.0,0.0,,,,,-0.9949729004627997,-0.10014453227532467,-0.9862166189818163,-0.16545930147342836,-12.84762302645559,1.3308033411667954,0.0,1.0,0.13090909090909092,0.9290540540540541,79.884,1,0.5871286230468751,19.25,0.3745,36.42975,0.0,15.141666666666666,-1.5499999999999998,199,7,2022,108
2022-07-19,0.28,0.4,4,0.07,-2.9,0.4,-1.6166666666666665,14.4,9.275,8.818304230468206,0.17383487317198654,93.33333333333333,96.45833333333333,477.0,91.875,,,,,,,,89.89491145118063,0.9381614324242641,-2.3,6.925,8.2,98.25,5.755585858356433,-3.8084806487829423,123.00480919440804,0.0,1,4,2.8000000000000034,19.25,20.23,25.13,38.64,6.0,133.21,0.0,0.0,0.0,0.0,,,,,0.9999983179635319,0.0018341401546765317,0.8386248500183425,-0.5447094279812977,8.230417281770325,0.16224588162718742,0.0,2.0,0.014545454545454547,0.9515570934256056,4.032000000000001,2,0.07864696875,19.25,0.3843055555555555,1.939,0.0,18.55,0.04166666666666674,200,7,2022,109
2022-07-20,0.0,0.0,0,0.0,-3.7,3.0,-0.8708333333333332,12.2,7.616666666666667,5.153849234136626,5.391467974917172,79.33333333333333,147.95833333333334,582.0,23.25,,,,,,,,44.618533094228056,0.9767108589891839,0.0,0.0,0.0,0.0,0.0,0.0,,0.7083333333333334,1,0,0.2800000000000036,2.8,19.6,25.13,38.64,6.0,133.21,0.0,0.0,0.0,0.0,,,,,0.7023833307059946,0.7117988878513041,0.7023833307059946,0.7117988878513041,4.088720392415056,4.277231260100956,1.0,3.0,0.0,0.14285714285714285,0.0,3,0.0,1.4,0.42975,0.0,-0.0,22.85,0.7458333333333332,201,7,2022,110
2022-07-21,0.0,0.0,0,0.0,-0.1,3.7,1.875,16.7,13.616666666666667,11.766813684092533,6.57436019380989,95.45833333333333,75.79166666666667,350.0,96.58333333333333,,,,,,,,60.70766061697012,0.9897526362783416,0.0,0.0,0.0,0.0,0.0,0.0,,0.0,0,0,0.0,0.28,19.53,25.06,32.410000000000004,5.0,133.21,0.0,0.0,0.0,0.0,,,,,0.8721346965336529,0.48926584910675414,0.8721346965336529,0.48926584910675414,11.23240422927333,6.2757746683410245,2.0,4.0,0.0,0.014336917562724014,0.0,4,0.0,0.09333333333333334,0.4509444444444444,0.0,-0.0,54.46666666666667,2.745833333333333,202,7,2022,111
2022-07-22,0.0,0.1,0,0.0,0.8,5.1,2.375,18.8,13.3125,9.344551958153227,9.257073547967233,93.875,101.125,522.0,84.70833333333333,,,,,,,,44.98485228032597,0.9878996913594102,0.0,0.0,0.0,0.0,0.0,0.0,,0.0,0,0,0.0,0.0,19.53,23.31,32.410000000000004,4.0,133.21,0.0,0.0,0.0,0.0,,,,,0.7069198132955662,0.7072936996539428,0.7069198132955662,0.7072936996539428,8.772198150716342,8.69007779315424,3.0,5.0,,0.0,0.0,5,0.0,0.0,0.49366666666666664,0.0,-0.0,66.5625,0.5,203,7,2022,112
2022-07-23,0.0,0.0,0,0.0,0.7,6.9,2.9958333333333336,13.0,6.1000000000000005,-1.2362257387887632,5.146656575696997,79.04166666666667,102.29166666666667,459.0,92.04166666666667,,,,,,,,336.6287884217829,0.8611056865857399,0.0,0.0,0.0,0.0,0.0,0.0,,0.0,0,0,0.0,0.0,19.25,21.84,32.410000000000004,3.0,133.21,0.0,0.0,0.0,0.0,,,,,-0.396686712190105,0.9179540578764304,-0.396686712190105,0.9179540578764304,-0.9771334277009517,4.0680031350405015,4.0,6.0,,0.0,0.0,6,0.0,0.0,0.48500000000000004,0.0,-0.0,36.6,0.6208333333333336,204,7,2022,113
2022-07-24,0.0,0.0,0,0.0,0.3,7.2,3.2125,9.3,5.333333333333333,-2.0401485741739074,4.216989061034877,83.08333333333333,131.25,556.0,15.833333333333334,,,,,,,,332.37740371223794,0.846355949239847,0.0,0.0,0.0,0.0,0.0,0.0,,0.5416666666666666,0,0,0.0,0.0,2.8,21.0,32.410000000000004,2.0,133.21,0.0,0.0,0.0,0.0,,,,,-0.46364549971233826,0.886020795803629,-0.46364549971233826,0.886020795803629,-1.6950234403761548,3.50361507820981,5.0,7.0,,0.0,0.0,6,0.0,0.0,0.5244444444444444,0.0,-0.0,32.0,0.21666666666666634,205,7,2022,114
2022-07-25,0.0,0.5,0,0.0,3.0,7.2,4.375,15.1,8.829166666666667,-5.295116703309545,6.694859273438656,82.16666666666667,139.08333333333334,569.0,70.04166666666667,,,,,,,,326.4237658621421,0.9621626932119385,0.0,0.0,0.0,0.0,0.0,0.0,,0.125,0,0,0.0,0.0,0.28,21.0,32.410000000000004,2.0,133.21,0.0,0.0,0.0,0.0,,,,,-0.5530460121266058,0.8331507117387935,-0.5530460121266058,0.8331507117387935,-4.350820891219343,5.5009427030087625,6.0,8.0,,0.0,0.0,6,0.0,0.0,0.5266111111111111,0.0,-0.0,52.97500000000001,1.1625,206,7,2022,115
2022-07-26,3.29,7.8,15,0.84,-0.5,3.6,1.5583333333333333,17.7,12.345833333333333,-11.129984558652117,3.7205035275986056,97.70833333333333,60.791666666666664,248.0,100.0,,,,,,,,293.6827697454059,0.9377585744440634,1.04,13.253333333333332,17.7,97.0,-12.5638312469705,2.9819919453597037,286.00279585918247,0.0,0,14,3.2900000000000036,3.29,3.29,23.519999999999996,35.28,1.0,136.5,0.0,0.0,0.0,0.0,,,,,-0.9157834275475644,0.40167239615043865,-0.9612482445321121,0.2756842621259559,-10.874922412516339,3.6352419884244704,0.0,9.0,1.0,1.0,58.233,0,0.6148702933333333,3.29,0.44622222222222224,43.60346666666666,0.0,0.0,-2.8166666666666664,207,7,2022,116
2022-07-27,0.28,0.4,3,0.14,-2.1,3.5,0.4458333333333333,20.3,15.308333333333332,-14.330416118015185,-1.815164021264553,93.5,118.41666666666667,553.0,90.58333333333333,,,,,,,,265.6991207518263,0.9357504541407589,0.06666666666666665,16.099999999999998,18.5,98.0,-15.601352587532721,-0.7830361530700424,270.2076880370837,0.0,0,2,3.570000000000004,3.5700000000000003,3.5700000000000003,23.169999999999998,33.18,0.0,136.78,0.0,0.0,0.0,0.0,,,,,-0.9971839828009862,-0.07499402939676321,-0.9999934302744483,0.003624832126042775,-13.398939070344197,-1.697178359882357,0.0,10.0,0.0784313725490196,1.0,5.684000000000001,1,0.055539750000000006,3.5700000000000003,0.4683888888888889,4.508,0.0,15.308333333333332,-1.1125,208,7,2022,117
2022-07-28,0.77,1.5,6,0.35,-0.3,2.7,1.2249999999999999,21.6,14.237499999999999,-13.034540790392532,5.585117060401314,98.0,68.58333333333333,309.0,100.0,,,,,,,,293.0202409330923,0.9937174233532843,1.1500000000000001,11.716666666666667,15.5,98.66666666666667,-10.849442779084837,4.186093040954828,289.221576333502,0.0,0,3,1.0500000000000036,4.34,4.34,23.869999999999997,33.949999999999996,0.0,137.55,0.0,0.0,0.0,0.0,,,,,-0.9203667620680178,0.3910562917029116,-0.9442524593150471,0.32922225483324397,-12.773849974584682,5.473414719193287,0.0,11.0,0.1774193548387097,1.0,16.632,2,0.14541149218750005,4.34,0.4323888888888889,9.021833333333333,0.0,28.474999999999998,0.7791666666666666,209,7,2022,118
2022-07-29,0.0,0.0,0,0.0,-4.0,1.7,-1.5333333333333332,16.1,7.308333333333334,-4.4537182735244345,-4.336144748153003,82.08333333333333,137.5,509.0,36.5,,,,,,,,248.6119976273244,0.6523566513991196,0.0,0.0,0.0,0.0,0.0,0.0,,0.4583333333333333,1,0,0.7700000000000036,1.05,4.34,23.869999999999997,33.949999999999996,1.0,137.55,0.0,0.0,0.0,0.0,,,,,-0.9311321999548016,-0.36468181502143937,-0.9311321999548016,-0.36468181502143937,-3.65576041618464,-3.5592521474422565,1.0,12.0,0.0,0.24193548387096775,0.0,3,0.0,0.525,0.40305555555555556,0.0,-0.0,21.925,-2.758333333333333,210,7,2022,119
2022-07-30,0.0,0.0,0,0.0,-6.5,3.8,-0.7125,16.1,8.545833333333333,-5.098564274923143,6.600209146772872,56.166666666666664,163.25,600.0,9.25,,,,,,,,325.60907019621055,0.9675524426540973,0.0,0.0,0.0,0.0,0.0,0.0,,0.9166666666666666,1,0,0.0,0.77,4.34,23.59,31.71,2.0,137.55,0.0,0.0,0.0,0.0,,,,,-0.5648363769291791,0.825202924920603,-0.5648363769291791,0.825202924920603,-2.863693601081832,3.7071174707707626,2.0,13.0,0.0,0.1774193548387097,0.0,4,0.0,0.25666666666666665,0.3805,0.0,-0.0,34.18333333333333,0.8208333333333332,211,7,2022,120
2022-07-31,5.18,8.9,10,1.33,-0.1,3.3,1.4416666666666667,27.9,20.620833333333334,-15.061393659015415,13.978179908974035,71.54166666666667,61.625,296.0,99.83333333333333,,,,,,,,313.2935006832703,0.9966352786753109,2.0100000000000002,20.21,27.9,94.9,-15.293809779158925,13.102499736104495,311.10055974705836,0.0,1,7,5.180000000000003,5.18,9.52,12.32,35.56,3.0,142.73000000000002,0.0,0.0,0.0,0.0,,,,,-0.7278505484203186,0.6857357939937521,-0.7535569700847911,0.6573826076468934,-10.775172046887278,10.000222876545173,0.0,14.0,1.0,0.5441176470588235,100.0,0,0.7733126493750003,5.18,0.35288888888888886,104.6878,0.0,0.0,2.154166666666667,212,7,2022,121
2022-08-01,14.77,22.0,18,1.89,-0.7,1.8,0.37083333333333335,32.4,26.6125,-22.677400222155097,13.527007489591247,96.625,83.29166666666667,428.0,95.58333333333333,,,,,,,,300.8346055613984,0.9912500379477664,0.5611111111111111,25.655555555555555,32.4,97.77777777777777,-21.824932343779718,12.964534749776693,300.77871485807424,0.0,1,13,19.950000000000003,19.95,24.29,24.57,50.33,4.0,157.5,0.0,0.0,0.0,0.0,,,,,-0.8586504761238305,0.5125615668895973,-0.8591500594321329,0.5117237295433569,-21.91203796465736,13.070470986817543,0.0,0.0,0.7403508771929824,0.8213256484149856,100.0,0,2.367590257137346,19.95,0.41761111111111116,378.93255555555555,0.0,0.0,-1.0708333333333333,213,8,2022,122
2022-08-02,0.35000000000000003,0.5,5,0.07,-0.4,4.0,1.6208333333333333,33.5,22.2625,-18.294120928491022,12.233628678146767,80.54166666666667,130.91666666666666,531.0,94.125,,,,,,,,304.84144711269215,0.9884288906240282,-0.24,31.839999999999996,33.5,97.8,-28.315484353034083,14.490879773271818,297.0,0.0,1,5,15.120000000000003,20.3,21.35,24.64,50.68,5.0,157.85,0.0,0.0,0.0,0.0,,,,,-0.8207361466412965,0.5713074282699258,-0.8910065241883679,0.45399049973954664,-14.734389897822146,9.853168431190708,0.0,1.0,0.017241379310344827,0.9508196721311475,11.725000000000001,1,0.053939200000000014,20.3,0.44463888888888886,11.144,0.0,22.2625,1.25,214,8,2022,123
2022-08-03,3.92,18.0,5,1.68,1.1,7.2,4.133333333333334,42.9,30.541666666666668,-21.152143944804944,21.925834546265694,92.83333333333333,42.5,171.0,88.54166666666667,,,,,,,,316.4585040054826,0.9975159421169861,2.96,35.28,42.9,94.6,-25.478232649516656,24.207572655193594,314.39701740703,0.08333333333333333,0,5,4.270000000000003,19.04,24.99,28.56,53.69,5.0,161.77,0.0,0.0,0.0,0.0,,,,,-0.6888797415077509,0.7248756457077409,-0.7145091003868681,0.6996261469273061,-19.636240295427257,20.354483070449984,0.0,2.0,0.2058823529411765,0.761904761904762,100.0,2,0.38566527999999983,19.04,0.4977777777777777,138.2976,0.0,61.083333333333336,2.5125,215,8,2022,124
2022-08-04,4.9,73.39999999999999,5,2.1,2.9,7.8,5.829166666666667,30.9,19.8625,-13.732148554894883,13.882023253093907,97.70833333333333,26.291666666666668,128.0,97.875,,,,,,,,312.68014784351817,0.9767173448695983,3.8600000000000003,9.819999999999999,18.4,98.4,-8.425619391986398,4.411232760502695,297.89681005190613,0.0,0,4,8.820000000000004,9.17,29.119999999999997,33.46,58.589999999999996,5.0,166.67000000000002,0.0,0.0,0.0,0.0,,,,,-0.735149523519583,0.6779049919191702,-0.883791680756863,0.4678806097980117,-13.417453483845206,13.563893553543837,0.0,3.0,0.5343511450381679,0.3149038461538462,100.0,3,0.6598235874999999,9.17,0.5165555555555555,48.117999999999995,0.0,59.587500000000006,1.6958333333333329,216,8,2022,125
2022-08-05,2.87,5.1,11,1.68,1.0,3.2,2.0375,33.7,26.724999999999998,-20.251020929643683,17.336332011924117,95.125,125.66666666666667,483.0,90.875,,,,,,,,310.83475043537874,0.9976329771924699,1.7454545454545454,31.063636363636363,33.7,95.36363636363636,-24.145932593375946,19.43090293190806,308.9096133696363,0.0,0,11,7.770000000000004,11.690000000000001,31.99,36.33,61.46,4.0,169.54000000000002,0.0,0.0,0.0,0.0,,,,,-0.756598610631435,0.653879608483536,-0.7781377748203319,0.6280936262991869,-19.263783659323554,16.491185826342818,0.0,4.0,0.24550898203592814,0.3654266958424508,96.71900000000001,4,0.36229035847107427,11.690000000000001,0.47197222222222224,89.15263636363636,0.0,106.89999999999999,-3.7916666666666665,217,8,2022,126
2022-08-06,7.56,10.8,20,1.19,-0.2,1.2,0.4875,34.5,17.758333333333333,-15.70320110779592,7.991772048260706,98.54166666666667,71.08333333333333,342.0,100.0,,,,,,,,296.03996409766086,0.9940129291219122,0.55,19.285,34.5,98.25,-17.095455046742874,8.569611277517463,295.1934730965104,0.0,0,20,10.430000000000003,15.33,39.55,43.89,68.95,3.0,177.1,0.0,0.0,0.0,0.0,,,,,-0.8984880615815409,0.43899795352079396,-0.904875549649996,0.4256762145640953,-15.474196091640563,7.875225372556904,0.0,5.0,0.4931506849315068,0.3876106194690266,100.0,5,1.355500321875,15.33,0.4025277777777778,145.7946,0.0,88.79166666666666,-1.55,218,8,2022,127
2022-08-07,0.56,0.8,6,0.21,-4.2,3.0,-0.06249999999999998,8.9,5.079166666666667,-0.5233243021779167,-0.9986958401321977,91.83333333333333,134.625,542.0,75.83333333333333,,,,,,,,200.3315786601377,0.10457826780546124,2.75,6.2,8.9,78.66666666666667,1.264614213309908,-5.95088693856776,170.0126043180232,0.041666666666666664,1,6,8.120000000000003,10.99,34.93,44.449999999999996,67.75999999999999,3.0,177.66,0.0,0.0,0.0,0.0,,,,,-0.3474525178332522,-0.9376975780342688,0.1734315287119722,-0.9848459294979233,-0.4805861508333868,-0.9171356798547349,0.0,6.0,0.050955414012738856,0.31462925851703405,4.984000000000001,6,0.09363375000000002,10.99,0.4625277777777778,3.4720000000000004,0.0,30.475,-0.5499999999999999,219,8,2022,128
2022-08-08,0.7000000000000001,1.0,7,0.14,-3.7,2.7,-0.12916666666666665,6.4,2.9916666666666667,0.9531645422616274,-0.4680905666018904,90.04166666666667,114.625,466.0,60.25,,,,,,,,61.05146742452235,0.1988556093425701,2.0,3.2714285714285714,6.0,83.14285714285714,0.29958319684959644,-3.0854026233349616,177.28900117871058,0.20833333333333334,1,7,1.2600000000000038,8.82,20.86,45.15,66.99,3.0,178.36,0.0,0.0,0.0,0.0,,,,,0.87505484706954,0.4840237748500626,0.04729820237997893,-0.9988808137368654,0.8582452399280737,-0.42147654767778553,0.0,7.0,0.07936507936507937,0.4228187919463087,4.48,2,0.13427499999999998,8.82,0.4365555555555556,2.29,0.0,5.983333333333333,-0.06666666666666668,220,8,2022,129
2022-08-09,0.0,0.0,0,0.0,-3.9,4.4,-0.6458333333333333,9.2,4.5874999999999995,3.4699044776415966,1.0867838707507558,86.875,166.58333333333334,600.0,47.5,,,,,,,,59.69842307849471,0.7855589695577893,0.0,0.0,0.0,0.0,0.0,0.0,,0.4166666666666667,1,0,0.7000000000000036,1.2600000000000002,20.509999999999998,41.86,66.14999999999999,3.0,178.36,0.0,0.0,0.0,0.0,,,,,0.8633816644322108,0.5045513864040664,0.8633816644322108,0.5045513864040664,3.0144795149511374,0.9441434877147191,1.0,8.0,0.0,0.06143344709897613,0.0,3,0.0,0.6300000000000001,0.4984166666666667,0.0,-0.0,13.7625,-0.5166666666666666,221,8,2022,130
2022-08-10,0.0,0.0,0,0.0,-5.2,4.0,0.3833333333333333,15.8,8.345833333333333,-4.708521793869774,6.459403633186209,77.625,154.0,570.0,71.0,,,,,,,,326.644272460417,0.94950304685563,0.0,0.0,0.0,0.0,0.0,0.0,,0.16666666666666666,1,0,0.0,0.7000000000000001,16.59,41.58,66.14999999999999,4.0,178.36,0.0,0.0,0.0,0.0,,,,,-0.5498354886998598,0.8352729705708106,-0.5498354886998598,0.8352729705708106,-3.654990042491412,5.014112070260794,2.0,9.0,0.0,0.042194092827004225,0.0,4,0.0,0.23333333333333336,0.4503055555555555,0.0,-0.0,33.38333333333333,1.0291666666666666,222,8,2022,131
2022-08-11,4.62,7.7,18,0.84,1.1,2.9,2.1458333333333335,26.8,20.150000000000002,-14.690727047744707,13.675537301454689,89.95833333333333,76.125,358.0,100.0,,,,,,,,313.492001359677,0.9954287223829541,1.9722222222222223,20.37777777777778,26.8,94.0,-14.618481577287305,14.078385384644582,314.5480511856991,0.0,0,16,4.620000000000004,4.62,16.31,45.43,70.0,4.0,182.98000000000002,0.0,0.0,0.0,0.0,,,,,-0.7254704600385096,0.6882533048315229,-0.712662379859949,0.7015071862300156,-13.215533206700343,12.302285430766947,0.0,10.0,1.0,0.2832618025751073,100.0,5,0.6910277662037039,4.62,0.4150555555555555,94.14533333333334,0.0,100.75000000000001,1.7625000000000002,223,8,2022,132
2022-08-12,1.96,4.5,5,0.77,-0.1,4.8,2.120833333333333,28.3,9.704166666666667,-5.8955907878334015,7.224207696284342,88.625,135.95833333333334,586.0,60.083333333333336,,,,,,,,329.8860825713999,0.9580667240439148,1.6199999999999999,14.1,27.5,99.4,-8.445770661570133,10.721640682037776,332.33743705699857,0.2916666666666667,0,3,6.580000000000004,6.58,15.399999999999999,47.39,71.33,4.0,184.94,0.0,0.0,0.0,0.0,,,,,-0.5017208719268216,0.8650295756059384,-0.4642634304253248,0.8856971644810147,-5.224967335717353,6.402454070831998,0.0,11.0,0.2978723404255319,0.4272727272727273,55.468,6,0.338248225,6.58,0.49272222222222223,27.636,0.0,58.22500000000001,-0.025000000000000355,224,8,2022,133
2022-08-13,4.130000000000001,6.2,6,1.61,-0.9,3.6,1.2041666666666668,16.4,8.404166666666667,-7.31469513866222,3.20596466014628,86.20833333333333,123.58333333333333,447.0,81.5,,,,,,,,300.5274891727482,0.9158866376151685,1.3333333333333333,4.983333333333333,8.4,79.83333333333333,-4.092273821238288,2.082805734895978,304.1914441663688,0.08333333333333333,1,4,6.090000000000004,10.71,11.97,51.52,75.39,5.0,189.07,0.0,0.0,0.0,0.0,,,,,-0.8613855562670734,0.5079516940167289,-0.827164499539966,0.5619598657384687,-6.3058767674550555,2.7638087007677723,0.0,12.0,0.38562091503267976,0.8947368421052632,67.73200000000001,2,0.8390926736111113,10.71,0.44975000000000004,20.58116666666667,0.0,16.808333333333334,-0.9166666666666663,225,8,2022,134
2022-08-14,11.129999999999999,15.9,23,1.4,0.0,0.7,0.2916666666666667,33.8,27.420833333333334,-24.24590511315283,12.725180872532297,98.5,57.875,217.0,100.0,,,,,,,,297.4997332769717,0.9985665596918409,0.2782608695652174,27.786956521739132,33.8,98.6086956521739,-24.564026032873432,12.903413975901033,297.5214930457184,0.0,0,23,15.260000000000003,17.22,22.54,57.47,86.52,4.0,200.20000000000002,0.0,0.0,0.0,0.0,,,,,-0.8870129826984622,0.4617444840216044,-0.8868375575949586,0.46208132015805226,-23.88221653645554,12.534303159444312,0.0,0.0,0.6463414634146342,0.7639751552795031,100.0,0,1.7655017729206048,17.22,0.38247222222222216,309.2688260869565,-0.0,0.0,-0.9125000000000001,226,8,2022,135
2022-08-15,5.46,7.8,22,0.56,-0.5,0.7,0.10416666666666667,35.2,31.49166666666667,-27.35721519154119,15.4925230171848,97.5,105.95833333333333,432.0,100.0,,,,,,,,299.58397906578017,0.9983392028114509,0.1409090909090909,31.6,35.2,97.54545454545455,-27.47249323714285,15.505252342760734,299.50064449117434,0.0,0,16,16.590000000000003,20.72,27.3,48.16,91.69999999999999,3.0,205.66,0.0,0.0,0.0,0.0,,,,,-0.8696330105743737,0.4936987207997923,-0.8703501568618724,0.4924333502622603,-26.67328481175266,15.105209941755179,0.0,1.0,0.26351351351351354,0.7589743589743589,100.0,1,0.814188375,20.72,0.4111944444444444,172.536,0.0,31.49166666666667,-0.1875,227,8,2022,136
2022-08-16,0.9800000000000002,1.4000000000000001,6,0.56,-0.2,1.7,0.6958333333333333,29.6,15.395833333333334,-14.153388037581593,5.5401231633006285,97.91666666666667,84.29166666666667,365.0,100.0,,,,,,,,288.4615626061486,0.9831145392285211,0.31666666666666665,19.2,28.3,97.33333333333333,-17.18134477891397,8.50428110151079,296.003557930593,0.0,0,5,6.440000000000004,17.57,28.28,48.79,76.23,2.0,206.64000000000001,0.0,0.0,0.0,0.0,,,,,-0.9485363085022365,0.3166683935174933,-0.8987668227686415,0.43842695890006733,-13.858525786798644,5.424703930731865,0.0,2.0,0.0557768924302789,0.6212871287128713,29.008000000000006,2,0.1803036666666667,17.57,0.42036111111111113,18.816000000000003,0.0,30.791666666666668,0.5916666666666667,228,8,2022,137
2022-08-17,0.0,0.0,0,0.0,-0.8,6.9,2.9333333333333336,15.0,8.558333333333334,-5.863595578876652,5.962186982189177,84.54166666666667,179.375,600.0,92.54166666666667,,,,,,,,315.283306814665,0.9713396337350741,0.0,0.0,0.0,0.0,0.0,0.0,,0.0,1,0,0.9800000000000038,6.44,28.28,44.87,73.71,2.0,206.64000000000001,0.0,0.0,0.0,0.0,,,,,-0.7036017651243286,0.7105945089246954,-0.7036017651243286,0.7105945089246954,-4.957181428975303,5.040532244525767,1.0,3.0,0.0,0.22772277227722773,0.0,3,0.0,3.22,0.5547222222222222,0.0,-0.0,25.675,2.2375000000000003,229,8,2022,138
2022-08-18,1.05,5.7,2,0.91,2.6,5.7,3.9458333333333333,38.3,28.183333333333334,-23.13692794205387,16.036198090576494,82.16666666666667,128.95833333333334,532.0,96.45833333333333,,,,,,,,304.5842114437686,0.9987454403309859,2.85,24.9,25.9,99.5,-20.151713318607595,14.61950437741302,306.0,0.0,0,2,1.0500000000000036,2.0300000000000002,24.71,41.019999999999996,74.47999999999999,2.0,207.69,0.0,0.0,0.0,0.0,,,,,-0.8232928136031676,0.5676168981534815,-0.8090169943749476,0.5877852522924729,-19.010842459054263,13.176409431090354,0.0,4.0,0.5172413793103448,0.0821529745042493,40.214999999999996,4,0.12926976562499998,2.0300000000000002,0.48652777777777784,26.145,0.0,112.73333333333333,1.0124999999999997,230,8,2022,139
2022-08-19,11.34,17.6,17,1.68,-0.7,3.1,1.1791666666666667,25.8,14.916666666666666,-12.532628786140144,5.544999408645754,96.58333333333333,83.08333333333333,486.0,92.58333333333333,,,,,,,,283.75524461087866,0.794706467507419,1.723529411764706,14.305882352941175,25.8,95.58823529411765,-11.831558527040393,4.558478003053663,275.7802729901673,0.0,0,17,12.390000000000004,12.39,34.089999999999996,49.49,85.82,2.0,219.03,0.0,0.0,0.0,0.0,,,,,-0.9713203089928101,0.2377748038336103,-0.9949154436716273,0.10071375250525158,-12.104430635947022,5.355545262183691,0.0,0.0,0.9152542372881355,0.3634496919917865,100.0,0,1.9267915640138407,12.39,0.44622222222222224,162.22870588235293,0.0,0.0,-2.7666666666666666,231,8,2022,140
2022-08-20,1.96,2.8000000000000003,14,0.28,-0.8,2.0,0.44166666666666665,31.9,16.375,-13.578934388626534,5.765183344711694,98.29166666666667,73.625,269.0,100.0,,,,,,,,274.8269652142869,0.6751664584732762,0.32142857142857145,18.74285714285714,28.8,97.85714285714286,-15.79893309517011,7.256074233142745,284.3451162857096,0.0,1,6,13.300000000000004,14.350000000000001,31.919999999999998,43.89,87.78,2.0,220.99,0.0,0.0,0.0,0.0,,,,,-0.9964533674404806,0.0841468152488645,-0.9688209371391778,0.2477619659285202,-13.346960926154166,5.666694795906203,0.0,1.0,0.13658536585365852,0.449561403508772,62.523999999999994,1,0.3631399999999999,14.350000000000001,0.4211666666666667,36.736,0.0,16.375,-0.7375,232,8,2022,141
2022-08-21,0.0,0.0,0,0.0,-1.9,3.9,0.25833333333333336,22.9,13.708333333333334,-10.451021511396611,8.579869413959468,80.58333333333333,195.91666666666666,600.0,42.791666666666664,,,,,,,,314.65134743033195,0.9710204196970311,0.0,0.0,0.0,0.0,0.0,0.0,,0.375,1,0,1.9600000000000035,13.3,20.79,43.330000000000005,87.78,3.0,220.99,0.0,0.0,0.0,0.0,,,,,-0.7113965034143972,0.7027908756733895,-0.7113965034143972,0.7027908756733895,-8.421781501267102,6.913944769415671,1.0,2.0,0.0,0.6397306397306398,0.0,2,0.0,6.65,0.4858888888888888,0.0,-0.0,27.416666666666668,-0.1833333333333333,233,8,2022,142
2022-08-22,2.8,9.3,11,0.7,0.0,2.6,1.5666666666666667,33.1,26.058333333333334,-21.149581019190457,15.103608405666995,92.5,71.5,351.0,99.54166666666667,,,,,,,,305.28886004903944,0.9974713509204044,2.127272727272727,25.44545454545454,33.1,98.27272727272727,-20.547636985088847,14.777769866601922,305.2668745119704,0.0,0,7,2.8000000000000034,4.76,18.13,45.43,90.58,3.0,223.79000000000002,0.0,0.0,0.0,0.0,,,,,-0.8162499268310436,0.5776989327913944,-0.816471541372937,0.5773856788387641,-19.56336244275117,13.970837775241971,0.0,3.0,0.5882352941176471,0.2625482625482625,92.67999999999999,3,0.3758064256198349,4.76,0.4137777777777778,71.24727272727272,-0.0,78.175,1.3083333333333333,234,8,2022,143
2022-08-23,18.13,27.1,16,3.57,-3.0,2.6,-0.7416666666666667,33.5,15.4125,-6.7581023239988935,-5.2662046761622365,93.45833333333333,79.41666666666667,435.0,91.04166666666667,,,,,,,,217.30766522971004,0.6397949637468034,-0.18749999999999997,16.5625,33.5,95.6875,-7.029049036678557,-2.5000742493275583,221.3872902365287,0.0,0,14,20.930000000000003,20.93,35.28,63.56,108.71,3.0,241.92000000000002,0.0,0.0,0.0,0.0,,,,,-0.606094816065928,-0.7953924024894938,-0.6611454540012656,-0.7502577481462357,-6.316009796970633,-4.92170712026329,0.0,0.0,0.8662207357859532,0.5932539682539683,100.0,0,3.6615208129882806,20.93,0.42225,300.278125,0.0,0.0,-2.3083333333333336,235,8,2022,144
2022-08-24,0.49000000000000005,0.8,7,0.07,-4.6,1.0,-1.2,19.3,13.637500000000001,-12.344821600168482,3.4155575880670592,94.58333333333333,142.33333333333334,576.0,90.66666666666667,,,,,,,,281.3224495627634,0.9318765676755236,-1.1,15.9,19.3,98.28571428571429,-13.626608015176291,4.804717227320181,284.71276257101624,0.0,1,5,18.62,21.419999999999998,35.769999999999996,64.05,109.19999999999999,3.0,242.41,0.0,0.0,0.0,0.0,,,,,-0.980537807895306,0.19633035243657077,-0.9672112044805701,0.25397339610133374,-11.67614376349269,3.2305482187134267,0.0,1.0,0.022875816993464058,0.598825831702544,9.457,1,0.10894996875000003,21.419999999999998,0.4323888888888889,7.791000000000001,0.0,13.637500000000001,-0.45833333333333326,236,8,2022,145
2022-08-25,0.6300000000000001,1.1,7,0.14,-0.2,4.2,1.7416666666666665,16.0,8.112499999999999,-5.8388973469348295,0.24144555703566864,95.54166666666667,92.75,385.0,100.0,,,,,,,,269.8440752878804,0.6813435710126607,0.19999999999999998,12.914285714285715,16.0,98.42857142857143,-10.964744654538197,6.788978806999425,302.000043452784,0.0,0,7,1.1200000000000037,19.25,35.35,60.06,106.54,3.0,243.04,0.0,0.0,0.0,0.0,,,,,-0.9999962969943621,-0.0027213962525910146,-0.8480476942685122,0.5299199073877675,-5.578579840217319,0.2306811092844951,0.0,2.0,0.03272727272727273,0.5445544554455445,10.080000000000002,2,0.1294335,19.25,0.47363888888888894,8.136000000000001,0.0,16.224999999999998,2.9416666666666664,237,8,2022,146
2022-08-26,0.0,0.0,0,0.0,-0.6,8.2,2.6,6.1,3.9499999999999997,2.4032838960884813,1.5588255926712138,83.5,200.54166666666666,600.0,42.916666666666664,,,,,,,,55.30992313601792,0.7459925743709971,0.0,0.0,0.0,0.0,0.0,0.0,,0.4583333333333333,1,0,0.6300000000000037,1.12,24.009999999999998,58.1,106.26,4.0,243.04,0.0,0.0,0.0,0.0,,,,,0.8222426230152027,0.5691371266198326,0.8222426230152027,0.5691371266198326,2.0067420532338818,1.3016193698804637,1.0,3.0,0.0,0.046647230320699715,0.0,3,0.0,0.56,0.59425,0.0,-0.0,11.85,0.8583333333333336,238,8,2022,147
2022-08-27,0.0,0.0,0,0.0,-0.0,7.8,3.4291666666666667,7.6,4.991666666666666,0.06451513119724403,4.675027788677441,69.91666666666667,194.95833333333334,600.0,19.5,,,,,,,,359.1942746192142,0.9056562593950103,0.0,0.0,0.0,0.0,0.0,0.0,,0.6666666666666666,0,0,0.0,0.6300000000000001,22.05,53.97,105.49000000000001,3.0,243.04,0.0,0.0,0.0,0.0,,,,,-0.014062097274454583,0.9999011238218726,-0.014062097274454583,0.9999011238218726,0.04510682922873979,3.268623595583644,2.0,4.0,0.0,0.028571428571428577,0.0,4,0.0,0.21000000000000005,0.5363611111111112,0.0,-0.0,19.966666666666665,0.8291666666666666,239,8,2022,148
2022-08-28,0.0,0.30000000000000004,0,0.0,1.7,7.0,4.420833333333333,16.8,10.920833333333334,-5.729768206793597,8.897216897585276,79.58333333333333,181.875,600.0,58.125,,,,,,,,329.68648712708034,0.9692429470039196,0.0,0.0,0.0,0.0,0.0,0.0,,0.25,0,0,0.0,0.0,22.05,42.84,105.49000000000001,2.0,243.04,0.0,0.0,0.0,0.0,,,,,-0.5047312365487706,0.8632765367203888,-0.5047312365487706,0.8632765367203888,-4.559940531239905,7.080701780994948,3.0,5.0,,0.0,0.0,5,0.0,0.0,0.5420833333333334,0.0,-0.0,54.60416666666667,0.9916666666666667,240,8,2022,149
2022-08-29,0.0,6.1000000000000005,0,0.0,3.3,8.9,5.579166666666667,28.8,15.979166666666666,-8.414416769037103,12.835351165507186,84.375,110.70833333333333,406.0,86.29166666666667,,,,,,,,329.67747555370875,0.9597004877728758,0.0,0.0,0.0,0.0,0.0,0.0,,0.08333333333333333,0,0,0.0,0.0,19.25,37.38,105.49000000000001,2.0,243.04,0.0,0.0,0.0,0.0,,,,,-0.5048670078428,0.8631971410934226,-0.5048670078428,0.8631971410934226,-7.099664148875056,10.829827545896688,4.0,6.0,,0.0,0.0,6,0.0,0.0,0.5528333333333334,0.0,-0.0,95.875,1.1583333333333332,241,8,2022,150
2022-08-30,2.52,9.0,8,0.63,0.7,6.6,2.8000000000000003,36.0,27.883333333333336,-22.04241590961793,16.64199640643091,98.58333333333333,79.58333333333333,310.0,100.0,,,,,,,,305.7111251101098,0.9895442627713383,1.25,30.8625,33.7,99.375,-25.007914441639706,18.000025572283054,305.87559497704274,0.0,0,8,2.5200000000000036,2.52,3.64,38.919999999999995,102.83,2.0,245.56,0.0,0.0,0.0,0.0,,,,,-0.8119702055030467,0.58369888245168,-0.8102913310899491,0.5860272679325413,-21.73014835089834,16.406234790673135,0.0,7.0,1.0,0.6923076923076923,90.72,0,0.3385880859375,2.52,0.5283333333333333,77.7735,0.0,0.0,-2.7791666666666663,242,8,2022,151
2022-08-31,0.0,0.1,0,0.0,0.2,10.4,3.533333333333333,16.8,6.5249999999999995,-4.947530259237468,3.7905637777731314,88.75,197.91666666666666,600.0,62.416666666666664,,,,,,,,312.3427127852855,0.9405443984121277,0.0,0.0,0.0,0.0,0.0,0.0,,0.25,0,0,2.5200000000000036,2.52,3.15,38.919999999999995,88.06,1.0,245.56,0.0,0.0,0.0,0.0,,,,,-0.7391291729864993,0.6735637057029525,-0.7391291729864993,0.6735637057029525,-4.390933105073254,3.364125352773654,1.0,8.0,0.0,0.8,0.0,1,0.0,1.26,0.6588888888888889,0.0,-0.0,6.5249999999999995,0.733333333333333,243,8,2022,152
2022-09-01,0.0,0.0,0,0.0,0.5,7.0,3.529166666666667,15.3,11.354166666666666,-7.440145429300088,8.454074161678095,87.375,177.375,600.0,60.666666666666664,,,,,,,,319.7837087511399,0.9884643936840899,0.0,0.0,0.0,0.0,0.0,0.0,,0.2916666666666667,0,0,0.0,2.52,2.52,37.87,87.71,1.0,245.56,0.0,0.0,0.0,0.0,,,,,-0.6456748362849516,0.7636124709487142,-0.6456748362849516,0.7636124709487142,-6.500827068850952,7.3867472987662355,2.0,9.0,0.0,1.0,0.0,2,0.0,0.84,0.5650555555555555,0.0,-0.0,22.708333333333332,-0.00416666666666643,244,9,2022,153
2022-09-02,0.8400000000000001,1.4,8,0.21,-2.6,3.4,0.5625,9.9,7.0625,2.3063028170244295,-4.5729911630608635,97.20833333333333,95.625,424.0,98.41666666666667,,,,,,,,151.416381343755,0.4962569756212658,0.7875,8.6375,9.9,99.125,3.638544606899604,-7.770731888474261,154.13735394335143,0.0,1,5,0.8400000000000036,0.8400000000000001,3.3600000000000003,27.369999999999997,84.63,1.0,246.4,0.0,0.0,0.0,0.0,,,,,0.4784408156849701,-0.8781198015571112,0.43621522951621894,-0.8998423603821463,2.2419185300491637,-4.445328493092081,0.0,10.0,1.0,0.25,8.316,3,0.17257459570312497,0.8400000000000001,0.4633333333333333,7.2555000000000005,0.0,21.1875,-2.966666666666667,245,9,2022,154
2022-09-03,0.0,0.0,0,0.0,-6.4,3.4,-1.0666666666666667,10.7,7.808333333333334,6.492509520635427,-4.127154994600121,84.375,206.29166666666666,600.0,43.666666666666664,,,,,,,,120.99623757736529,0.9844055435782489,0.0,0.0,0.0,0.0,0.0,0.0,,0.25,1,0,0.8400000000000036,0.8400000000000001,3.3600000000000003,25.41,79.73,2.0,246.4,0.0,0.0,0.0,0.0,,,,,0.8572011196855962,-0.5149817864835222,0.8572011196855962,-0.5149817864835222,5.478054908036142,-3.4822870266938524,1.0,11.0,0.0,0.25,0.0,4,0.0,0.42000000000000004,0.49433333333333335,0.0,-0.0,31.233333333333334,-1.6291666666666667,246,9,2022,155
2022-09-04,0.0,0.0,0,0.0,-3.6,7.5,1.0416666666666667,7.8,4.395833333333333,3.0411278009935963,1.3411169685689215,82.16666666666667,215.66666666666666,600.0,28.291666666666668,,,,,,,,55.25251686880337,0.6180193297400157,0.0,0.0,0.0,0.0,0.0,0.0,,0.4166666666666667,1,0,0.0,0.8400000000000001,3.3600000000000003,25.41,76.86,3.0,246.4,0.0,0.0,0.0,0.0,,,,,0.8216719757662553,0.5699606690293448,0.8216719757662553,0.5699606690293448,2.4987933431497384,1.1019511091741305,2.0,12.0,0.0,0.25,0.0,5,0.0,0.28,0.5843333333333334,0.0,-0.0,21.979166666666664,2.1083333333333334,247,9,2022,156
2022-09-05,0.21000000000000002,0.4,3,0.07,-2.7,4.0,0.65,10.0,5.3374999999999995,3.112421184317622,-2.0062810973122587,91.20833333333333,133.25,565.0,86.54166666666667,,,,,,,,111.05202411494676,0.35406654746336574,1.1666666666666667,5.8999999999999995,8.6,98.0,4.433885134065419,-3.8155045376578394,133.0127652743675,0.0,1,2,0.21000000000000357,0.21000000000000002,3.5700000000000003,22.82,69.50999999999999,4.0,246.61,0.0,0.0,0.0,0.0,,,,,0.9332546464311748,-0.35921548534914655,0.7312017369161736,-0.6821612858633732,2.8387874885296975,-1.8298955508402224,0.0,13.0,1.0,0.058823529411764705,2.1,6,0.04295484375,0.21000000000000002,0.48174999999999996,1.239,0.0,32.025,-0.3916666666666667,248,9,2022,157
2022-09-06,0.0,0.0,0,0.0,-3.7,6.8,1.4375,10.0,5.858333333333333,3.114692082263662,4.298811268749652,77.91666666666667,190.33333333333334,600.0,68.29166666666667,,,,,,,,38.34632161278484,0.8724483192181113,0.0,0.0,0.0,0.0,0.0,0.0,,0.08333333333333333,1,0,0.21000000000000357,0.21000000000000002,1.05,4.69,68.95,5.0,246.61,0.0,0.0,0.0,0.0,,,,,0.6204132931375216,0.7842750446739051,0.6204132931375216,0.7842750446739051,2.4268642474304367,3.34949044690077,1.0,14.0,0.0,0.2,0.0,4,0.0,0.10500000000000001,0.5377222222222223,0.0,-0.0,23.433333333333334,0.7875,249,9,2022,158
2022-09-07,0.0,0.1,0,0.0,-0.5,6.6,3.4125,10.6,7.370833333333334,-1.5241848440695975,6.7856250520506665,80.25,163.25,591.0,86.5,,,,,,,,345.1637265711597,0.9536774823948806,0.0,0.0,0.0,0.0,0.0,0.0,,0.041666666666666664,1,0,0.0,0.21000000000000002,1.05,4.2,68.25,6.0,246.61,0.0,0.0,0.0,0.0,,,,,-0.2560577936610618,0.9666614745118526,-0.2560577936610618,0.9666614745118526,-1.223158337365852,5.44546410427066,2.0,15.0,0.0,0.2,0.0,5,0.0,0.07,0.523,0.0,-0.0,36.85416666666667,1.975,250,9,2022,159
2022-09-08,0.0,4.1,0,0.0,2.5,8.9,5.945833333333333,17.7,12.583333333333334,-0.7755036674276835,12.104731567103777,85.33333333333333,118.70833333333333,519.0,98.58333333333333,,,,,,,,354.36901519412527,0.9607769968513791,0.0,0.0,0.0,0.0,0.0,0.0,,0.0,0,0,0.0,0.0,1.05,3.5700000000000003,68.25,6.0,246.61,0.0,0.0,0.0,0.0,,,,,-0.09812109138496453,0.9951744829050951,-0.09812109138496453,0.9951744829050951,-0.6617631295382899,10.329370937261888,3.0,16.0,,0.0,0.0,6,0.0,0.0,0.5613611111111111,0.0,-0.0,75.5,2.5333333333333328,251,9,2022,160
2022-09-09,0.28,7.3,1,0.28,1.8,6.1,4.054166666666666,16.1,11.225,-7.507993354182319,7.992746341375042,92.625,79.45833333333333,414.0,99.83333333333333,,,,,,,,316.44146585915246,0.980671192005005,4.0,4.8,4.8,91.0,-3.5670951622914937,3.2118269105225172,311.99999999999994,0.0,0,1,0.2800000000000036,0.28,0.49000000000000005,3.85,68.53,5.0,246.89000000000001,0.0,0.0,0.0,0.0,,,,,-0.6890952685864425,0.7246707602848198,-0.7431448254773951,0.6691306063588572,-6.954278844311372,7.403281298698634,0.0,17.0,1.0,0.5714285714285714,4.508000000000001,0,0.03948000000000001,0.28,0.49727777777777776,1.344,0.0,0.0,-1.8916666666666666,252,9,2022,161
2022-09-10,0.0,2.5,0,0.0,1.4,6.6,3.7541666666666664,14.7,10.35,-9.506194700494364,3.7378544136868865,93.5,162.25,600.0,95.91666666666667,,,,,,,,290.92889017233176,0.9862184820160136,0.0,0.0,0.0,0.0,0.0,0.0,,0.0,0,0,0.2800000000000036,0.28,0.49000000000000005,3.85,63.91,4.0,246.89000000000001,0.0,0.0,0.0,0.0,,,,,-0.9340244780573536,0.35720900659094285,-0.9340244780573536,0.35720900659094285,-8.888292044962231,3.494893876797239,1.0,18.0,0.0,0.5714285714285714,0.0,1,0.0,0.14,0.5665,0.0,-0.0,10.35,-0.2999999999999998,253,9,2022,162
2022-09-11,0.0,0.0,0,0.0,-1.7,2.6,0.5875,24.7,18.545833333333334,-16.282438276590014,8.634903726034226,88.70833333333333,211.33333333333334,600.0,76.375,,,,,,,,297.62988293154626,0.9936349253084049,0.0,0.0,0.0,0.0,0.0,0.0,,0.08333333333333333,1,0,0.0,0.28,0.49000000000000005,3.85,61.949999999999996,4.0,246.89000000000001,0.0,0.0,0.0,0.0,,,,,-0.8859618240931555,0.4637581764772764,-0.8859618240931555,0.4637581764772764,-14.443879621191725,7.659879180302861,2.0,19.0,0.0,0.5714285714285714,0.0,2,0.0,0.09333333333333334,0.4943611111111112,0.0,-0.0,37.09166666666667,-3.1666666666666665,254,9,2022,163
2022-09-12,2.0300000000000002,2.9,17,0.49,-0.9,2.9,0.46249999999999997,24.9,14.666666666666666,-13.296909499998884,5.2893207816261505,96.16666666666667,124.91666666666667,600.0,98.95833333333333,,,,,,,,291.0309702795186,0.8841665146636473,0.776470588235294,16.11764705882353,24.9,95.11764705882354,-14.831782533354298,5.239568134577999,281.6910899627365,0.0,1,9,2.030000000000004,2.0300000000000002,2.3100000000000005,5.880000000000001,59.849999999999994,4.0,248.92000000000002,0.0,0.0,0.0,0.0,,,,,-0.9333865802940661,0.35887252852085094,-0.9792543341294829,0.20263501446843526,-12.787194635832261,5.086563484997148,0.0,20.0,1.0,0.8787878787878787,50.547000000000004,0,0.373786920415225,2.0300000000000002,0.4682777777777778,32.718823529411765,0.0,0.0,-0.12500000000000006,255,9,2022,164
2022-09-13,0.42,0.6,2,0.35,-2.3,5.0,0.5541666666666667,7.2,4.0874999999999995,1.6027517373063134,-1.2516500310751788,82.625,202.20833333333334,600.0,71.0,,,,,,,,145.43065719339845,0.5716640666585908,-0.5,5.449999999999999,5.8,99.5,0.024414765810444577,-5.436724073916041,180.0,0.0,1,2,2.4500000000000037,2.45,2.7300000000000004,3.7800000000000002,49.14,4.0,249.34,0.0,0.0,0.0,0.0,,,,,0.5674032290635024,-0.8234400862529773,1.2246467991473532e-16,-1.0,1.3242736229493415,-1.0341758381758666,0.0,21.0,0.1714285714285714,0.8974358974358974,3.024,1,0.10273921874999997,2.45,0.5213333333333333,2.2889999999999997,0.0,4.0874999999999995,0.09166666666666673,256,9,2022,165
2022-09-14,0.0,0.0,0,0.0,-2.3,7.1,1.8875000000000002,16.0,8.579166666666667,-4.415289149382016,6.851995018349359,76.0,255.83333333333334,600.0,31.458333333333332,,,,,,,,330.3026584262092,0.948893536671349,0.0,0.0,0.0,0.0,0.0,0.0,,0.625,0,0,0.42000000000000354,2.45,2.7300000000000004,3.7800000000000002,43.68,3.0,249.34,0.0,0.0,0.0,0.0,,,,,-0.49541836488196433,0.8686545019383028,-0.49541836488196433,0.8686545019383028,-3.355619753530332,5.207516213945513,1.0,22.0,0.0,0.8974358974358974,0.0,2,0.0,1.225,0.5816666666666667,0.0,-0.0,17.158333333333335,1.3333333333333335,257,9,2022,166
2022-09-15,0.84,2.0,6,0.21,1.6,7.7,3.6625,18.5,8.975,-6.260891025597288,6.035037794950607,87.66666666666667,123.75,544.0,96.54166666666667,,,,,,,,317.1865702201998,0.9352648885494861,2.0833333333333335,14.5,17.7,89.0,-10.857687616120145,9.546151629041452,311.6652295741702,0.0,0,6,0.8400000000000035,1.26,3.5700000000000003,4.62,43.54,3.0,250.18,0.0,0.0,0.0,0.0,,,,,-0.6796132673819102,0.7335705874682301,-0.7470417454130704,0.6647771285251872,-5.488714465773622,5.290716466906699,0.0,23.0,0.6666666666666666,0.3529411764705882,15.54,3,0.13611718749999996,1.26,0.5458333333333333,12.18,0.0,26.924999999999997,1.775,258,9,2022,167
2022-09-16,5.74,14.2,5,1.68,1.7,4.7,3.1333333333333333,31.7,18.354166666666668,-15.200119029222023,9.849453606703806,95.66666666666667,165.20833333333334,600.0,96.5,,,,,,,,302.5958278196987,0.9808314138212093,1.9799999999999998,20.4,21.9,99.8,-15.909629433774796,12.401915328283017,308.2133850334733,0.0,0,5,6.580000000000004,6.58,9.030000000000001,9.52,49.28,3.0,255.92000000000002,0.0,0.0,0.0,0.0,,,,,-0.8424916271371867,0.5387094376412348,-0.7857124035511825,0.6185919647924824,-14.541447204622402,9.422643950413308,0.0,24.0,0.8723404255319149,0.7286821705426356,100.0,0,0.8573981500000001,6.58,0.5334722222222222,117.09599999999999,0.0,0.0,-0.5291666666666668,259,9,2022,168
2022-09-17,17.990000000000002,25.900000000000002,24,1.89,0.2,1.8,0.8666666666666667,27.9,23.9375,-19.789963128645642,13.390133335751258,97.16666666666667,135.54166666666666,600.0,99.41666666666667,,,,,,,,304.12568628482217,0.9982206247091763,0.8666666666666667,23.9375,27.9,97.16666666666667,-19.789963128645642,13.390133335751258,304.12568628482217,0.0,0,24,23.730000000000004,24.57,27.020000000000003,27.51,66.22,3.0,273.91,0.0,0.0,0.0,0.0,,,,,-0.8278089112145244,0.5610101661412417,-0.8278089112145244,0.5610101661412417,-19.22924750666735,13.01074622457164,0.0,0.0,0.7321937321937323,0.9093264248704662,100.0,0,2.8786108203124994,24.57,0.45425,430.63562500000006,0.0,0.0,-2.2666666666666666,260,9,2022,169
2022-09-18,15.120000000000001,21.7,24,2.87,0.1,1.8,0.7999999999999999,29.9,26.245833333333334,-21.537321108692836,14.825064944226263,98.75,119.08333333333333,557.0,100.0,,,,,,,,304.58359294975594,0.9961991606101085,0.7999999999999999,26.245833333333334,29.9,98.75,-21.537321108692836,14.825064944226263,304.58359294975594,0.0,0,24,33.11,38.85,42.14,42.63,70.0,2.0,289.03000000000003,0.0,0.0,0.0,0.0,,,,,-0.8232989408416417,0.5676080108746097,-0.8232989408416417,0.5676080108746097,-21.268104594834178,14.639751632423433,0.0,0.0,0.3891891891891892,0.9219269102990033,100.0,1,2.3366936249999997,38.85,0.4485555555555556,396.83700000000005,0.0,26.245833333333334,-0.06666666666666676,261,9,2022,170
2022-09-19,9.59,13.899999999999999,7,3.15,-1.0,3.6,0.9291666666666667,23.6,15.629166666666668,-14.130394144306551,5.66790547516383,88.41666666666667,198.625,600.0,71.875,,,,,,,,295.79376409959536,0.9569475655026817,0.14285714285714285,20.357142857142858,23.6,99.28571428571429,-19.357633668479597,5.97363412602189,286.7153620376215,0.20833333333333334,1,7,24.71,42.7,49.7,52.010000000000005,77.63,2.0,298.62,0.0,0.0,0.0,0.0,,,,,-0.9003661353142429,0.43513310880613815,-0.9577454138515538,0.28761731910007804,-12.49362348925771,5.0113730909573535,0.0,1.0,0.2245901639344262,0.8591549295774648,100.0,2,1.7618872767857146,42.7,0.5071388888888889,195.225,0.0,31.258333333333336,0.12916666666666676,262,9,2022,171
2022-09-20,0.0,0.0,0,0.0,-1.4,8.8,3.7083333333333335,10.0,5.595833333333334,-2.8349254720255,4.47343506824766,66.79166666666667,271.5416666666667,600.0,30.041666666666668,,,,,,,,326.6539373762102,0.9377587602326619,0.0,0.0,0.0,0.0,0.0,0.0,,0.6666666666666666,0,0,9.59,24.709999999999997,49.28,52.010000000000005,77.63,1.0,298.62,0.0,0.0,0.0,0.0,,,,,-0.5496945831888468,0.8353657074675978,-0.5496945831888468,0.8353657074675978,-1.8934939715236987,2.98788183933375,1.0,2.0,0.0,0.5014204545454545,0.0,3,0.0,12.354999999999999,0.5992222222222222,0.0,-0.0,16.7875,2.779166666666667,263,9,2022,172
2022-09-21,0.0,1.3,0,0.0,4.4,9.0,6.3,12.1,7.441666666666666,-0.4602678596896495,6.050133776599441,69.625,141.45833333333334,600.0,100.0,,,,,,,,353.90835974987135,0.7979865321497561,0.0,0.0,0.0,0.0,0.0,0.0,,0.0,0,0,0.0,9.589999999999996,49.28,52.010000000000005,74.83,1.0,298.62,0.0,0.0,0.0,0.0,,,,,-0.10611899116892486,0.9943534380255793,-0.10611899116892486,0.9943534380255793,-0.3204614973089185,4.2124056419573614,2.0,3.0,0.0,0.19460227272727265,0.0,4,0.0,3.1966666666666654,0.5263888888888889,0.0,-0.0,29.766666666666666,2.5916666666666663,264,9,2022,173
2022-09-22,0.0,0.5,0,0.0,3.8,10.6,6.175,11.5,7.3625,3.0672958514548934,6.377899540205512,84.45833333333333,144.75,600.0,83.58333333333333,,,,,,,,26.257727282129643,0.956911680202197,0.0,0.0,0.0,0.0,0.0,0.0,,0.08333333333333333,0,0,0.0,0.0,48.440000000000005,52.010000000000005,56.7,1.0,298.62,0.0,0.0,0.0,0.0,,,,,0.44240964429764645,0.8968130834418229,0.44240964429764645,0.8968130834418229,2.5905869545412785,5.386667653331905,3.0,4.0,,0.0,0.0,5,0.0,0.0,0.6135833333333333,0.0,-0.0,36.8125,-0.125,265,9,2022,174
2022-09-23,0.0,2.5,0,0.0,4.1,10.0,6.758333333333333,9.0,6.0,-2.1559807815401024,2.703431019870626,88.66666666666667,146.875,538.0,99.70833333333333,,,,,,,,323.9683993189888,0.5179980952948086,0.0,0.0,0.0,0.0,0.0,0.0,,0.0,0,0,0.0,0.0,42.7,51.730000000000004,56.21,1.0,298.62,0.0,0.0,0.0,0.0,,,,,-0.5882313648100908,0.8086926866577056,-0.5882313648100908,0.8086926866577056,-1.9116362929655577,2.397042170951955,4.0,5.0,,0.0,0.0,6,0.0,0.0,0.6156944444444444,0.0,-0.0,36.0,0.583333333333333,266,9,2022,175
2022-09-24,0.84,12.4,5,0.42,1.4,7.5,3.970833333333333,12.1,5.9750000000000005,-2.0730367207190024,-1.9919834708200659,92.875,160.79166666666666,600.0,91.41666666666667,,,,,,,,219.3371898458856,0.41926022138156765,3.4200000000000004,5.16,7.1,98.4,1.7925950576353258,-4.53898551009741,157.55103590279273,0.0,0,3,0.84,0.8399999999999964,25.55,52.57,56.42000000000001,1.0,299.46000000000004,0.0,0.0,0.0,0.0,,,,,-0.6338830274398722,-0.7734289285536597,0.38186034000883445,-0.9242200391293933,-1.9253328543677732,-1.850054648524136,0.0,6.0,1.0000000000000042,0.03287671232876698,10.164,6,0.12926738999999998,0.8399999999999964,0.5834444444444444,4.3344,0.0,35.85,-2.7874999999999996,267,9,2022,176
2022-09-25,0.0,0.0,0,0.0,-1.2,8.5,3.4166666666666665,10.5,7.6875,-5.673057016471926,4.918921155470925,76.08333333333333,266.7916666666667,600.0,64.125,,,,,,,,313.62089036468296,0.9646996118539903,0.0,0.0,0.0,0.0,0.0,0.0,,0.16666666666666666,1,0,0.84,0.8399999999999964,10.43,52.57,56.42000000000001,2.0,299.46000000000004,0.0,0.0,0.0,0.0,,,,,-0.7239203741293181,0.6898835350408561,-0.7239203741293181,0.6898835350408561,-4.31625088003239,3.742479179120795,1.0,7.0,0.0,0.08053691275167751,0.0,6,0.0,0.4199999999999982,0.620361111111111,0.0,-0.0,46.125,-0.5541666666666667,268,9,2022,177
2022-09-26,0.07,1.8,1,0.07,2.2,9.6,5.429166666666667,11.2,6.316666666666666,-3.1314668276750335,4.830099439494081,70.70833333333333,194.33333333333334,600.0,91.375,,,,,,,,331.85472526468067,0.8919445794065332,5.0,6.4,6.4,86.0,-2.9055391983331007,5.702441754805554,333.0,0.0,0,1,0.07,0.9099999999999964,0.9099999999999999,50.61,56.49,1.0,299.53000000000003,0.0,0.0,0.0,0.0,,,,,-0.47170878474616107,0.8817544002687483,-0.45399049973954697,0.8910065241883678,-2.214208002735221,3.4152828120089396,0.0,8.0,0.07692307692307723,0.9999999999999961,0.784,2,0.008050000000000002,0.9099999999999964,0.5785833333333333,0.44800000000000006,0.0,12.633333333333333,2.0125000000000006,269,9,2022,178
2022-09-27,0.14,10.3,2,0.07,0.9,8.9,4.8,11.0,4.679166666666666,-1.7597512105635797,4.05610156648126,89.75,160.0,600.0,84.25,,,,,,,,341.29761752738955,0.9382747737400754,5.6,4.85,7.8,88.5,-1.8168419780671747,4.496841694648919,338.0,0.0,0,1,0.21000000000000002,0.20999999999999647,1.05,50.330000000000005,56.63,1.0,299.67,0.0,0.0,0.0,0.0,,,,,-0.3206523771980997,0.9471969452005257,-0.37460659341591235,0.9271838545667873,-1.5793767114808128,3.6403511559169313,0.0,9.0,0.666666666666678,0.19999999999999662,1.54,3,0.014466374999999998,0.20999999999999647,0.6036111111111111,0.679,0.0,14.037499999999998,-0.6291666666666673,270,9,2022,179
2022-09-28,0.35,42.1,2,0.21,3.2,5.7,4.566666666666666,19.5,13.345833333333333,8.402668255474833,-10.04978682399457,98.33333333333333,61.5,252.0,99.79166666666667,,,,,,,,139.7427163846205,0.9823483514607835,4.0,11.45,12.7,98.0,7.699662054888748,-8.453572463965127,138.0,0.0,0,2,0.49,0.5599999999999965,1.4,50.68000000000001,56.980000000000004,1.0,300.02,0.0,0.0,0.0,0.0,,,,,0.6462209988764778,-0.7631503263519497,0.6691306063588585,-0.743144825477394,8.262623784550252,-9.882290376927992,0.0,10.0,0.6250000000000039,0.3999999999999975,6.824999999999999,4,0.04498593750000001,0.5599999999999965,0.4954444444444444,4.007499999999999,0.0,53.38333333333333,-0.2333333333333334,271,9,2022,180
2022-09-29,0.0,7.7,0,0.0,1.4,4.0,3.016666666666667,17.9,14.508333333333333,8.233395131497556,-11.546775684925079,98.41666666666667,77.66666666666667,280.0,100.0,,,,,,,,143.97598909841403,0.9766777697872343,0.0,0.0,0.0,0.0,0.0,0.0,,0.0,0,0,0.35,0.48999999999999644,1.4,49.84,54.46,1.0,300.02,0.0,0.0,0.0,0.0,,,,,0.588124234846061,-0.8087706005949619,0.588124234846061,-0.8087706005949619,8.103033041915513,-11.363951736580432,1.0,11.0,0.0,0.3499999999999975,0.0,5,0.0,0.24499999999999822,0.46872222222222226,0.0,-0.0,72.54166666666666,-1.5499999999999994,272,9,2022,181
2022-09-30,0.0,3.6,0,0.0,1.3,6.4,3.1999999999999997,17.8,13.345833333333333,12.566240687552584,-3.8295830947750478,92.54166666666667,180.20833333333334,600.0,97.25,,,,,,,,105.91500437020717,0.9832301810378763,0.0,0.0,0.0,0.0,0.0,0.0,,0.0,0,0,0.0,0.3499999999999964,1.4,44.1,54.46,1.0,300.02,0.0,0.0,0.0,0.0,,,,,0.9616695333206299,-0.27421106593805056,0.9616695333206299,-0.27421106593805056,11.629008569605956,-3.5439600222897423,2.0,12.0,0.0,0.24999999999999747,0.0,6,0.0,0.11666666666666548,0.5708333333333333,0.0,-0.0,80.075,0.18333333333333268,273,9,2022,182
2022-10-01,0.35000000000000003,1.3,3,0.14,-1.7,6.2,2.1999999999999997,9.2,7.308333333333334,6.3258687111112435,0.4277030649111199,90.16666666666667,188.0,600.0,77.75,,,,,,,,82.98272472313494,0.8465360057676121,5.933333333333334,8.6,9.2,66.66666666666667,8.293561275445434,-2.1427422173509805,104.33091961852593,0.041666666666666664,0,3,0.35000000000000003,0.3499999999999965,0.91,26.46,54.81,1.0,300.37,0.0,0.0,0.0,0.0,,,,,0.9925093616445599,0.1221686009083682,0.9688822975079188,-0.2475219052443172,5.703824954518638,0.3856455968615265,0.0,13.0,1.0000000000000102,0.38461538461538075,3.22,0,0.03175812499999997,0.3499999999999965,0.5636666666666666,3.0100000000000002,0.0,0.0,-1.0,274,10,2022,183
2022-10-02,0.0,0.0,0,0.0,-1.8,9.9,3.6999999999999997,14.2,8.5375,-5.227499129229487,-0.549455172315073,81.45833333333333,241.16666666666666,600.0,65.33333333333333,,,,,,,,266.74330950030156,0.4895863301440862,0.0,0.0,0.0,0.0,0.0,0.0,,0.125,1,0,0.35000000000000003,0.3499999999999965,0.91,11.34,53.970000000000006,1.0,300.37,0.0,0.0,0.0,0.0,,,,,-0.9983850436629912,-0.056809370618299035,-0.9983850436629912,-0.056809370618299035,-4.258233665684853,-0.4475770257816532,1.0,14.0,0.0,0.38461538461538075,0.0,1,0.0,0.17499999999999824,0.6523055555555556,0.0,-0.0,8.5375,1.5,275,10,2022,184
2022-10-03,0.0,0.0,0,0.0,-0.6,9.1,4.279166666666667,13.0,7.204166666666667,-5.6987881943540515,3.798406224999367,83.16666666666667,262.75,600.0,87.625,,,,,,,,309.3928910455667,0.9421195696986874,0.0,0.0,0.0,0.0,0.0,0.0,,0.041666666666666664,0,0,0.0,0.3499999999999965,0.8400000000000001,1.75,53.970000000000006,1.0,300.37,0.0,0.0,0.0,0.0,,,,,-0.7728123215226185,0.6346346316604705,-0.7728123215226185,0.6346346316604705,-4.739492181637787,3.1590078437911404,2.0,15.0,0.0,0.4166666666666624,0.0,2,0.0,0.11666666666666549,0.654611111111111,0.0,-0.0,14.408333333333333,0.579166666666667,276,10,2022,185
2022-10-04,0.0,6.7,0,0.0,1.8,10.6,5.783333333333334,13.3,5.804166666666667,3.7973684699290655,-1.0145494092612795,81.79166666666667,185.83333333333334,600.0,94.70833333333333,,,,,,,,92.00855343822293,0.43287799117526493,0.0,0.0,0.0,0.0,0.0,0.0,,0.0,0,0,0.0,0.0,0.7,1.75,53.970000000000006,1.0,300.37,0.0,0.0,0.0,0.0,,,,,0.9993856058884227,-0.03504869103162408,0.9993856058884227,-0.03504869103162408,3.1059309610294816,-0.8298168709916216,3.0,16.0,,0.0,0.0,3,0.0,0.0,0.6320833333333334,0.0,-0.0,17.4125,1.5041666666666673,277,10,2022,186
2022-10-05,0.0,9.0,0,0.0,2.3,4.5,3.279166666666667,24.3,18.233333333333334,16.556043472034094,7.34609932470148,97.625,72.33333333333333,283.0,100.0,,,,,,,,66.66074636198859,0.9925910089456119,0.0,0.0,0.0,0.0,0.0,0.0,,0.0,0,0,0.0,0.0,0.35000000000000003,1.75,53.760000000000005,1.0,300.37,0.0,0.0,0.0,0.0,,,,,0.9181751755278883,0.3961746421016007,0.9181751755278883,0.3961746421016007,16.162837439573284,7.171629465739819,4.0,17.0,,0.0,0.0,4,0.0,0.0,0.4736388888888889,0.0,-0.0,72.93333333333334,-2.5041666666666673,278,10,2022,187
2022-10-06,7.28,16.4,8,1.68,1.9,9.1,5.2625,19.4,13.220833333333333,3.576965569348109,10.815298730176757,90.625,154.29166666666666,587.0,88.25,,,,,,,,8.458148596959468,0.8527759291868314,2.4625,17.9625,19.4,96.75,12.543544354863476,12.693939567849387,44.49877789756902,0.0,0,8,7.28,7.279999999999997,7.63,9.030000000000001,61.040000000000006,1.0,307.65000000000003,0.0,0.0,0.0,0.0,,,,,0.14708695028765897,0.9891235661205711,0.7008940507143044,0.7132653991841285,3.241625047221724,9.801364474222686,0.0,18.0,1.0000000000000004,0.9541284403669721,100.0,0,1.0638074179687502,7.279999999999997,0.6071666666666666,130.767,0.0,0.0,1.9833333333333334,279,10,2022,188
2022-10-07,0.0,13.5,0,0.0,5.2,8.7,6.841666666666666,19.2,10.604166666666666,-7.172812272429698,7.395707351827244,96.0,102.125,441.0,100.0,,,,,,,,317.19974267799336,0.9673722660704354,0.0,0.0,0.0,0.0,0.0,0.0,,0.0,0,0,7.28,7.279999999999997,7.63,9.030000000000001,61.040000000000006,1.0,307.65000000000003,0.0,0.0,0.0,0.0,,,,,-0.6794445995207848,0.7337268130455915,-0.6794445995207848,0.7337268130455915,-6.88589978153251,7.099879057754154,1.0,19.0,0.0,0.9541284403669721,0.0,1,0.0,3.6399999999999983,0.5814166666666666,0.0,-0.0,10.604166666666666,1.5791666666666657,280,10,2022,189
2022-10-08,2.8,9.0,5,1.12,0.2,7.8,4.654166666666667,15.7,8.504166666666666,-2.1823630718466576,1.9296738290822144,88.5,204.70833333333334,600.0,94.70833333333333,,,,,,,,316.78799704789594,0.3223476511644688,1.16,10.6,11.2,99.4,7.982940588530989,-6.914366879192071,130.80475511549827,0.0,0,5,2.8,10.079999999999997,10.08,10.99,63.84,1.0,310.45,0.0,0.0,0.0,0.0,,,,,-0.6846998032980256,0.7288252049453593,0.7569408240864742,-0.6534834265926638,-1.931391318584292,1.7077613387377597,0.0,20.0,0.27777777777777785,0.9999999999999997,43.959999999999994,2,0.5368089999999999,10.079999999999997,0.6048055555555556,29.679999999999996,0.0,17.008333333333333,-2.187499999999999,281,10,2022,190
2022-10-09,0.77,1.1,3,0.42,-2.1,4.4,0.6916666666666668,9.8,7.291666666666667,-0.9587143703514598,-5.538560028224211,82.91666666666667,241.20833333333334,600.0,64.25,,,,,,,,198.93897798282038,0.6358596038174091,-0.20000000000000004,8.566666666666666,9.2,99.66666666666667,4.074861260444724,-7.44684437001835,151.68162730584507,0.20833333333333334,1,3,3.57,3.5699999999999963,10.85,11.76,64.33,1.0,311.22,0.0,0.0,0.0,0.0,,,,,-0.3245609595157663,-0.9458647808001972,0.47437052206302,-0.8803252852199906,-0.7949339987497521,-4.592389356735908,0.0,21.0,0.21568627450980415,0.3290322580645158,7.546000000000001,3,0.1753241875,3.5699999999999963,0.5349722222222222,6.596333333333333,0.0,21.875,-3.9625,282,10,2022,191
2022-10-10,0.0,0.0,0,0.0,-5.0,9.1,2.0749999999999997,6.2,3.85,-1.3295972263361864,2.5051024025856026,68.75,289.875,600.0,29.833333333333332,,,,,,,,331.19678564036946,0.6671375026605503,0.0,0.0,0.0,0.0,0.0,0.0,,0.5,0,0,0.77,3.5699999999999963,10.85,11.69,64.33,1.0,311.22,0.0,0.0,0.0,0.0,,,,,-0.4818028351638672,0.8762796517254405,-0.4818028351638672,0.8762796517254405,-0.9140980931061281,1.7222579017776019,1.0,22.0,0.0,0.3290322580645158,0.0,4,0.0,1.7849999999999981,0.6246388888888889,0.0,-0.0,15.4,1.3833333333333329,283,10,2022,192
2022-10-11,0.0,0.0,0,0.0,0.9,11.0,5.8500000000000005,10.2,6.625,-4.239112790850641,4.478874268739649,71.875,266.0,600.0,80.91666666666667,,,,,,,,317.86488576317095,0.9179003957385882,0.0,0.0,0.0,0.0,0.0,0.0,,0.08333333333333333,0,0,0.0,0.7699999999999965,10.85,11.549999999999999,64.33,1.0,311.22,0.0,0.0,0.0,0.0,,,,,-0.6708812196322796,0.7415648246409109,-0.6708812196322796,0.7415648246409109,-3.0468623184238988,3.2191908806566225,2.0,23.0,0.0,0.07096774193548355,0.0,5,0.0,0.2566666666666655,0.6613611111111112,0.0,-0.0,33.125,3.775000000000001,284,10,2022,193
2022-10-12,0.0,0.6000000000000001,0,0.0,3.6,11.3,7.1000000000000005,13.0,8.6625,-4.339699591285851,7.260074167169388,84.875,198.125,600.0,81.25,,,,,,,,327.6910057587212,0.9798628397182213,0.0,0.0,0.0,0.0,0.0,0.0,,0.041666666666666664,0,0,0.0,0.0,10.85,11.2,62.300000000000004,1.0,311.22,0.0,0.0,0.0,0.0,,,,,-0.5344850312675654,0.8451779406438088,-0.5344850312675654,0.8451779406438088,-3.683320028103866,6.1619879493850185,3.0,24.0,,0.0,0.0,6,0.0,0.0,0.6661111111111112,0.0,-0.0,51.974999999999994,1.25,285,10,2022,194
2022-10-13,0.0,9.0,0,0.0,6.1,11.4,8.716666666666667,31.1,16.416666666666668,-6.082167390855937,14.654098729225076,80.04166666666667,146.25,600.0,98.54166666666667,,,,,,,,339.098525190384,0.9676133865391197,0.0,0.0,0.0,0.0,0.0,0.0,,0.0,0,0,0.0,0.0,3.57,11.2,61.88,1.0,311.22,0.0,0.0,0.0,0.0,,,,,-0.3567620458895882,0.9341952914742588,-0.3567620458895882,0.9341952914742588,-4.868268149097607,11.729384857850572,4.0,25.0,,0.0,0.0,5,0.0,0.0,0.617638888888889,0.0,-0.0,82.08333333333334,1.6166666666666663,286,10,2022,195
2022-10-14,2.66,25.3,8,0.98,1.9,6.9,3.279166666666667,29.2,22.883333333333336,-19.941608101948887,10.759351504998397,98.41666666666667,146.16666666666666,531.0,100.0,,,,,,,,297.951438660251,0.9894082916983733,2.65,25.2375,29.2,98.625,-21.646325720930797,12.759911737379252,300.38447466598836,0.0,0,5,2.66,2.6599999999999966,6.23,13.86,64.54,1.0,313.88,0.0,0.0,0.0,0.0,,,,,-0.883345178774757,0.46872304736954484,-0.8626507565972462,0.5058000317736235,-19.62586597366803,10.588995106169257,0.0,26.0,1.0000000000000013,0.4269662921348309,77.672,6,0.3345817617187502,2.6599999999999966,0.5788333333333333,67.13175000000001,0.0,137.3,-5.4375,287,10,2022,196
2022-10-15,0.0,0.0,0,0.0,0.9,7.6,3.975,17.0,12.137500000000001,-10.231242629517816,6.36573093078729,89.04166666666667,244.91666666666666,600.0,97.25,,,,,,,,303.26991235433593,0.9905615105656888,0.0,0.0,0.0,0.0,0.0,0.0,,0.0,0,0,2.66,2.6599999999999966,3.43,13.51,63.7,1.0,313.88,0.0,0.0,0.0,0.0,,,,,-0.836095553632392,0.5485838360689677,-0.836095553632392,0.5485838360689677,-9.110068958033155,5.668152916288517,1.0,27.0,0.0,0.7755102040816316,0.0,1,0.0,1.3299999999999983,0.6289722222222222,0.0,-0.0,12.137500000000001,0.6958333333333333,288,10,2022,197
2022-10-16,0.0,1.9000000000000001,0,0.0,-0.7,9.9,4.158333333333333,10.2,5.979166666666667,-2.295012414213955,0.5608074915529557,84.33333333333333,266.7083333333333,600.0,71.33333333333333,,,,,,,,297.0354140621372,0.3379827810780118,0.0,0.0,0.0,0.0,0.0,0.0,,0.0,1,0,0.0,2.6599999999999966,2.66,13.51,57.96,1.0,313.88,0.0,0.0,0.0,0.0,,,,,-0.8907257461176794,0.45454113697563536,-0.8907257461176794,0.45454113697563536,-1.9354604693204354,0.47294765120965926,2.0,28.0,0.0,0.9999999999999987,0.0,2,0.0,0.8866666666666655,0.6789166666666667,0.0,-0.0,11.958333333333334,0.18333333333333313,289,10,2022,198
2022-10-17,0.0,0.0,0,0.0,1.9,9.1,5.3125,7.1,4.054166666666666,-0.8196754267987543,1.8055032416430778,82.5,230.375,600.0,93.875,,,,,,,,346.1765475337,0.4684989360892494,0.0,0.0,0.0,0.0,0.0,0.0,,0.0,0,0,0.0,0.0,2.66,13.51,39.97,1.0,313.88,0.0,0.0,0.0,0.0,,,,,-0.23893094494350928,0.9710365613860282,-0.23893094494350928,0.9710365613860282,-0.6762322271089722,1.4895401743555394,3.0,29.0,,0.0,0.0,3,0.0,0.0,0.6308055555555555,0.0,-0.0,12.162499999999998,1.1541666666666668,290,10,2022,199
2022-10-18,0.0,0.0,0,0.0,1.8,10.3,5.958333333333333,16.8,9.0,-5.6859559370930235,6.38782528077713,83.54166666666667,230.29166666666666,600.0,96.95833333333333,,,,,,,,326.92103855643074,0.8987344454805,0.0,0.0,0.0,0.0,0.0,0.0,,0.0,0,0,0.0,0.0,2.66,13.51,24.85,1.0,313.88,0.0,0.0,0.0,0.0,,,,,-0.5457943205282101,0.8379191844558457,-0.5457943205282101,0.8379191844558457,-4.750142355779797,5.336495703315894,4.0,30.0,,0.0,0.0,4,0.0,0.0,0.660888888888889,0.0,-0.0,36.0,0.645833333333333,291,10,2022,200
2022-10-19,0.0,0.0,0,0.0,2.6,13.8,8.183333333333334,8.0,5.3125,1.8125593925703456,3.4920244982598505,78.20833333333333,270.5833333333333,600.0,46.5,,,,,,,,20.598967642781524,0.7027412217492868,0.0,0.0,0.0,0.0,0.0,0.0,,0.375,0,0,0.0,0.0,2.66,13.51,15.26,1.0,313.88,0.0,0.0,0.0,0.0,,,,,0.3518247823964353,0.9360658750812899,0.3518247823964353,0.9360658750812899,1.4175724916060577,2.7310541596807245,5.0,31.0,,0.0,0.0,5,0.0,0.0,0.7477499999999999,0.0,-0.0,26.5625,2.2250000000000005,292,10,2022,201
2022-10-20,0.0,0.2,0,0.0,0.4,16.6,9.658333333333333,17.5,13.108333333333334,11.112369393491015,5.087614260317362,77.375,297.75,600.0,92.79166666666667,,,,,,,,61.06018914683504,0.9145663978466553,0.0,0.0,0.0,0.0,0.0,0.0,,0.0,0,0,0.0,0.0,2.66,6.23,15.26,1.0,313.88,0.0,0.0,0.0,0.0,,,,,0.875128516371111,0.4838905659693089,0.875128516371111,0.4838905659693089,8.598195818213673,3.936541533920559,6.0,32.0,,0.0,0.0,6,0.0,0.0,0.7897500000000001,0.0,-0.0,78.65,1.4749999999999996,293,10,2022,202
2022-10-21,0.0,14.1,0,0.0,8.1,14.1,10.654166666666667,16.2,11.65,7.179430116456449,7.2598903733413875,95.54166666666667,136.66666666666666,542.0,99.91666666666667,,,,,,,,41.94251808081746,0.8749712930132868,0.0,0.0,0.0,0.0,0.0,0.0,,0.0,0,0,0.0,0.0,0.0,6.23,15.26,1.0,313.88,0.0,0.0,0.0,0.0,,,,,0.6683847106239785,0.7438157558186708,0.6683847106239785,0.7438157558186708,6.859347190431099,6.9362202608632515,7.0,33.0,,,0.0,6,0.0,0.0,0.7229166666666668,0.0,-0.0,69.9,0.9958333333333336,294,10,2022,203
2022-10-22,0.0,4.3,0,0.0,8.1,13.6,10.529166666666667,20.4,12.620833333333332,-8.110921516739944,8.270924369465611,92.45833333333333,159.83333333333334,520.0,99.75,,,,,,,,316.8007424625371,0.6775779011826188,0.0,0.0,0.0,0.0,0.0,0.0,,0.0,0,0,0.0,0.0,0.0,3.43,15.26,1.0,313.88,0.0,0.0,0.0,0.0,,,,,-0.6845376595926022,0.7289774980062709,-0.6845376595926022,0.7289774980062709,-7.499222852352473,7.647158823268412,8.0,34.0,,,0.0,6,0.0,0.0,0.7169722222222221,0.0,-0.0,75.725,-0.125,295,10,2022,204
2022-10-23,0.0,7.0,0,0.0,6.3,12.6,8.816666666666666,16.5,10.745833333333332,9.681958294577756,-0.685506940370669,93.20833333333333,152.54166666666666,541.0,99.66666666666667,,,,,,,,81.91943513036446,0.8319908614681388,0.0,0.0,0.0,0.0,0.0,0.0,,0.0,0,0,0.0,0.0,0.0,2.66,15.26,0.0,313.88,0.0,0.0,0.0,0.0,,,,,0.9900713954452416,0.14056540086775296,0.9900713954452416,0.14056540086775296,9.02439196040435,-0.6389495940038277,9.0,35.0,,,0.0,6,0.0,0.0,0.6923888888888888,0.0,-0.0,64.475,-1.7125000000000004,296,10,2022,205
2022-10-24,0.0,12.3,0,0.0,6.4,11.2,8.304166666666667,22.8,16.400000000000002,16.072251397336483,1.7206361114130084,97.79166666666667,96.16666666666667,475.0,100.0,,,,,,,,84.92003027192672,0.9860121315987831,0.0,0.0,0.0,0.0,0.0,0.0,,0.0,0,0,0.0,0.0,0.0,2.66,14.42,0.0,313.88,0.0,0.0,0.0,0.0,,,,,0.9960720814741794,0.0885460812667376,0.9960720814741794,0.0885460812667376,15.717322512311972,1.6826387306193047,10.0,36.0,,,0.0,6,0.0,0.0,0.6389722222222223,0.0,-0.0,98.4,-0.5124999999999993,297,10,2022,206
2022-10-25,0.0,1.9000000000000001,0,0.0,7.5,14.2,10.204166666666667,16.7,11.266666666666666,-6.633177942470308,6.409267642028753,90.54166666666667,222.625,600.0,92.0,,,,,,,,317.7248685327483,0.7912995971547102,0.0,0.0,0.0,0.0,0.0,0.0,,0.0,0,0,0.0,0.0,0.0,2.66,14.42,0.0,313.88,0.0,0.0,0.0,0.0,,,,,-0.67269142228988,0.7399231381553211,-0.67269142228988,0.7399231381553211,-6.005789862078325,5.8030577442202,11.0,37.0,,,0.0,6,0.0,0.0,0.7657777777777778,0.0,-0.0,67.6,1.9000000000000004,298,10,2022,207
2022-10-26,0.0,11.9,0,0.0,7.6,13.0,9.2875,25.0,19.979166666666668,-17.62814040158835,9.312626690257222,95.04166666666667,218.08333333333334,600.0,96.08333333333333,,,,,,,,297.58166847260765,0.9979468521758036,0.0,0.0,0.0,0.0,0.0,0.0,,0.0,0,0,0.0,0.0,0.0,2.66,14.35,0.0,313.88,0.0,0.0,0.0,0.0,,,,,-0.8863517633567126,0.46301247455597366,-0.8863517633567126,0.46301247455597366,-16.754078440009597,8.850875616865302,12.0,38.0,,,0.0,6,0.0,0.0,0.7510833333333334,0.0,-0.0,119.875,-0.9166666666666679,299,10,2022,208
2022-10-27,0.0,14.9,0,0.0,5.5,8.9,6.291666666666667,32.7,26.333333333333332,-23.432992550038026,11.922979280550074,97.54166666666667,178.41666666666666,600.0,99.16666666666667,,,,,,,,297.1670429837812,0.9984567422720352,0.0,0.0,0.0,0.0,0.0,0.0,,0.0,0,0,0.0,0.0,0.0,2.66,14.209999999999999,0.0,313.88,0.0,0.0,0.0,0.0,,,,,-0.8896791527262146,0.45658625165938255,-0.8896791527262146,0.45658625165938255,-22.856931483182926,11.629872706569886,13.0,39.0,,,0.0,6,0.0,0.0,0.6418611111111111,0.0,-0.0,158.0,-2.9958333333333327,300,10,2022,209
2022-10-28,10.22,24.3,17,1.61,1.7,5.6,2.970833333333333,37.0,30.516666666666666,-26.78783545799602,14.334216903869796,98.625,114.25,417.0,100.0,,,,,,,,298.2521129765636,0.9954852365255272,2.4941176470588236,30.876470588235293,37.0,98.05882352941177,-26.909343047480693,14.811032484014802,299.06377263189216,0.0,0,17,10.22,10.219999999999997,10.22,10.22,24.08,0.0,324.1,0.0,0.0,0.0,0.0,,,,,-0.8808732823352844,0.47335215270225867,-0.8740795518208405,0.4857828085561269,-26.419502720448577,14.137121421441586,0.0,0.0,1.0000000000000004,0.9999999999999997,100.0,0,1.1775849126297584,10.219999999999997,0.5293611111111111,315.55752941176473,0.0,0.0,-3.3208333333333337,301,10,2022,210
2022-10-29,0.0,1.6,0,0.0,0.6,6.5,2.775,31.7,26.004166666666666,-23.598089521446415,10.675156210658036,91.54166666666667,251.04166666666666,600.0,92.29166666666667,,,,,,,,294.62564885689244,0.9960343157359163,0.0,0.0,0.0,0.0,0.0,0.0,,0.0,0,0,10.22,10.219999999999997,10.22,10.22,24.08,0.0,324.1,0.0,0.0,0.0,0.0,,,,,-0.9090496669377803,0.4166877764469588,-0.9090496669377803,0.4166877764469588,-21.602084449424073,9.772215914506544,1.0,1.0,0.0,0.9999999999999997,0.0,1,0.0,5.1099999999999985,0.6169444444444445,0.0,-0.0,26.004166666666666,-0.1958333333333333,302,10,2022,211
2022-10-30,0.14,1.0,2,0.07,1.8,11.2,6.291666666666667,22.1,15.908333333333333,-13.156476623676328,8.574778723203208,81.66666666666667,283.25,600.0,88.375,,,,,,,,302.44853445802954,0.9882921951648024,1.85,15.950000000000001,16.1,99.0,-14.389611635092912,6.867843003202169,295.5,0.0,0,2,0.14,10.359999999999998,10.360000000000001,10.360000000000001,24.22,0.0,324.24,0.0,0.0,0.0,0.0,,,,,-0.8438737312040794,0.5365418210947821,-0.9025852843498607,0.4305110968082948,-10.744455909335668,7.00273595728262,0.0,2.0,0.013513513513513518,0.9999999999999997,3.0940000000000003,2,0.022837828124999997,10.359999999999998,0.7099444444444445,2.2330000000000005,0.0,31.816666666666666,3.516666666666667,303,10,2022,212
2022-10-31,0.0,41.1,0,0.0,6.7,11.6,9.0625,38.0,22.791666666666668,-16.83337503805839,15.033992620052409,99.20833333333333,112.83333333333333,467.0,100.0,,,,,,,,311.27572881922526,0.9830617027836928,0.0,0.0,0.0,0.0,0.0,0.0,,0.0,0,0,0.14,0.13999999999999646,10.360000000000001,10.360000000000001,23.869999999999997,0.0,324.24,0.0,0.0,0.0,0.0,,,,,-0.7515436507274095,0.6596833642372055,-0.7515436507274095,0.6596833642372055,-16.700110819007094,14.914973511810325,1.0,3.0,0.0,0.01351351351351317,0.0,3,0.0,0.06999999999999823,0.6636944444444445,0.0,-0.0,68.375,2.770833333333333,304,10,2022,213
2022-11-01,20.37,35.6,24,2.8,-0.9,5.9,1.2791666666666666,23.1,17.275000000000002,-14.811489787697768,8.570646452208674,96.29166666666667,160.75,600.0,100.0,,,,,,,,299.82974756532036,0.9882476858754485,1.2791666666666666,17.275000000000002,23.1,96.29166666666667,-14.811489787697768,8.570646452208674,299.82974756532036,0.0,0,24,20.37,20.509999999999998,30.730000000000004,30.730000000000004,44.239999999999995,0.0,344.61,0.0,0.0,0.0,0.0,,,,,-0.8675073110410019,0.49742443173854095,-0.8675073110410019,0.49742443173854095,-14.26223037473731,8.25281831293927,0.0,0.0,0.9931740614334472,0.6674259681093393,100.0,0,3.4820877177734375,20.509999999999998,0.55925,351.89175000000006,0.0,0.0,-7.783333333333333,305,11,2022,214
2022-11-02,2.73,3.9000000000000004,21,0.49,-3.1,2.5,-0.1791666666666666,26.2,18.816666666666666,-18.02301057544783,4.98672126227565,89.375,251.375,600.0,98.45833333333333,,,,,,,,285.08787253446627,0.993683884063657,0.06190476190476192,19.166666666666668,26.2,89.14285714285714,-18.30089914629256,5.303154451669556,285.81573687389476,0.0,0,14,23.1,23.099999999999998,33.46,33.46,46.97,0.0,347.34000000000003,0.0,0.0,0.0,0.0,,,,,-0.9655277487307152,0.2603001468132448,-0.9621431726718199,0.2725445198146618,-16.1080657018065,4.456882128158862,0.0,1.0,0.1181818181818182,0.6903765690376569,71.526,1,0.5157716145833331,23.099999999999998,0.5210555555555555,52.325,0.0,18.816666666666666,-1.4583333333333333,306,11,2022,215
2022-11-03,1.54,2.8000000000000003,10,0.35,0.9,6.2,2.8874999999999997,25.2,11.200000000000001,-10.650473817134529,1.5877561515401333,86.91666666666667,236.95833333333334,600.0,90.29166666666667,,,,,,,,284.96425850749085,0.8923244920905512,1.65,16.919999999999998,25.2,93.0,-16.24796183295502,3.3849912800519313,279.42919140366064,0.0,0,8,4.27,24.639999999999997,35.0,35.0,48.51,0.0,348.88,0.0,0.0,0.0,0.0,,,,,-0.9660870914015111,0.25821644375865827,-0.9864888212565983,0.1638285858321656,-9.257036826059428,1.3800247217136326,0.0,2.0,0.06250000000000001,0.704,38.808,2,0.2534830375,24.639999999999997,0.5854722222222223,26.0568,0.0,22.400000000000002,3.0666666666666664,307,11,2022,216
2022-11-04,0.0,0.5,0,0.0,-3.7,12.0,4.829166666666667,7.0,4.404166666666667,-2.3254527443026345,2.1188438638782823,78.875,296.75,600.0,48.75,,,,,,,,307.88027512570983,0.6544948989304971,0.0,0.0,0.0,0.0,0.0,0.0,,0.375,1,0,1.54,4.269999999999996,24.78,35.0,48.51,1.0,348.88,0.0,0.0,0.0,0.0,,,,,-0.7892955143509804,0.6140135104583784,-0.7892955143509804,0.6140135104583784,-1.8342008520687028,1.6712380976339951,1.0,3.0,0.0,0.1723163841807908,0.0,3,0.0,2.134999999999998,0.7274166666666666,0.0,-0.0,13.2125,1.9416666666666669,308,11,2022,217
2022-11-05,0.0,0.5,0,0.0,2.9,12.0,7.708333333333333,14.1,10.283333333333333,-7.2743212868909275,7.1703056451201235,83.83333333333333,277.5833333333333,600.0,35.166666666666664,,,,,,,,315.74605191916675,0.9928316309923233,0.0,0.0,0.0,0.0,0.0,0.0,,0.375,0,0,0.0,1.5399999999999965,24.78,35.0,41.23,1.0,348.88,0.0,0.0,0.0,0.0,,,,,-0.6978398164099711,0.7162538590701608,-0.6978398164099711,0.7162538590701608,-6.098306012176894,6.011106232492369,2.0,4.0,0.0,0.06214689265536709,0.0,4,0.0,0.5133333333333322,0.7311666666666666,0.0,-0.0,41.13333333333333,2.8791666666666664,309,11,2022,218
2022-11-06,0.0,1.9,0,0.0,4.2,13.8,9.145833333333334,11.9,6.945833333333333,-3.7504159383071385,4.720310322256132,76.25,283.5416666666667,600.0,59.5,,,,,,,,329.81724629322844,0.783923096831196,0.0,0.0,0.0,0.0,0.0,0.0,,0.2916666666666667,0,0,0.0,0.0,24.64,35.0,41.23,1.0,348.88,0.0,0.0,0.0,0.0,,,,,-0.5027597731548406,0.8644261741162708,-0.5027597731548406,0.8644261741162708,-2.8596921529591928,3.5992366207203004,3.0,5.0,,0.0,0.0,5,0.0,0.0,0.7498611111111112,0.0,-0.0,34.729166666666664,1.4375000000000009,310,11,2022,219
2022-11-07,0.0,6.3,0,0.0,4.9,14.6,9.279166666666667,7.6,3.875,-0.4854018439372431,1.612824498672647,79.91666666666667,207.70833333333334,600.0,78.625,,,,,,,,331.50795115526364,0.32079592348170566,0.0,0.0,0.0,0.0,0.0,0.0,,0.041666666666666664,0,0,0.0,0.0,24.64,35.0,38.43,1.0,348.88,0.0,0.0,0.0,0.0,,,,,-0.4770367988411672,0.8788833213523691,-0.4770367988411672,0.8788833213523691,-0.38791697361318017,1.2889155785225572,4.0,6.0,,0.0,0.0,6,0.0,0.0,0.7293055555555555,0.0,-0.0,23.25,0.13333333333333286,311,11,2022,220
2022-11-08,0.0,11.9,0,0.0,3.2,13.6,9.049999999999999,10.7,6.25,-3.0333179388920954,2.6767063919475245,86.41666666666667,228.58333333333334,600.0,64.16666666666667,,,,,,,,312.79991291009503,0.6215921896215275,0.0,0.0,0.0,0.0,0.0,0.0,,0.125,0,0,0.0,0.0,4.27,35.0,37.66,1.0,348.88,0.0,0.0,0.0,0.0,,,,,-0.7337308972566071,0.6794401889872383,-0.7337308972566071,0.6794401889872383,-2.6212922521925863,2.3131204403746524,5.0,7.0,,0.0,0.0,6,0.0,0.0,0.7426666666666666,0.0,-0.0,37.5,-0.22916666666666785,312,11,2022,221
2022-11-09,0.0,2.4,0,0.0,6.3,16.8,11.354166666666666,9.0,5.2,-0.690011423356069,2.2965970867418886,76.54166666666667,276.6666666666667,600.0,37.375,,,,,,,,346.19100532230425,0.4168231407308678,0.0,0.0,0.0,0.0,0.0,0.0,,0.5,0,0,0.0,0.0,1.54,35.0,37.66,1.0,348.88,0.0,0.0,0.0,0.0,,,,,-0.23868590984427024,0.9710968213529549,-0.23868590984427024,0.9710968213529549,-0.5281462436271245,1.757853686810354,6.0,8.0,,0.0,0.0,6,0.0,0.0,0.7729166666666667,0.0,-0.0,31.200000000000003,2.304166666666667,313,11,2022,222
2022-11-10,0.0,0.6000000000000001,0,0.0,8.3,16.7,12.320833333333333,15.0,11.095833333333333,-8.336896358319377,7.146302939742143,70.25,314.125,600.0,51.875,,,,,,,,311.47156397794436,0.9878288849407496,0.0,0.0,0.0,0.0,0.0,0.0,,0.3333333333333333,0,0,0.0,0.0,0.0,35.0,37.66,1.0,348.88,0.0,0.0,0.0,0.0,,,,,-0.7492844883306676,0.6622482582438777,-0.7492844883306676,0.6622482582438777,-5.856669691719362,5.020277815168856,7.0,9.0,,,0.0,6,0.0,0.0,0.7769166666666667,0.0,-0.0,66.575,0.9666666666666668,314,11,2022,223
2022-11-11,0.0,3.0,0,0.0,8.8,14.0,10.991666666666667,18.4,13.466666666666667,-10.262886349786408,8.101051041273363,87.375,206.20833333333334,600.0,96.75,,,,,,,,312.30150906689477,0.9278836694009938,0.0,0.0,0.0,0.0,0.0,0.0,,0.0,0,0,0.0,0.0,0.0,24.78,37.66,0.0,348.88,0.0,0.0,0.0,0.0,,,,,-0.7396133687933458,0.6730319938176477,-0.7396133687933458,0.6730319938176477,-8.967196948125874,7.078293347312601,8.0,10.0,,,0.0,6,0.0,0.0,0.7398333333333333,0.0,-0.0,80.8,-1.3291666666666657,315,11,2022,224
2022-11-12,0.0,3.3,0,0.0,7.2,17.4,12.133333333333333,12.4,8.424999999999999,-1.9813701200407474,4.574260090369742,81.75,294.875,600.0,70.75,,,,,,,,347.0303429622222,0.5408343569696509,0.0,0.0,0.0,0.0,0.0,0.0,,0.125,0,0,0.0,0.0,0.0,24.78,37.66,0.0,348.88,0.0,0.0,0.0,0.0,,,,,-0.22443501144640657,0.9744890587569731,-0.22443501144640657,0.9744890587569731,-1.6197700731333111,3.739457623877264,9.0,11.0,,,0.0,6,0.0,0.0,0.8024166666666667,0.0,-0.0,50.55,1.1416666666666657,316,11,2022,225
2022-11-13,0.0,17.6,0,0.0,10.3,15.4,12.358333333333334,27.2,15.862499999999999,-9.098782481857267,12.160162728407025,92.25,149.79166666666666,600.0,100.0,,,,,,,,327.52113046592416,0.9446009279906812,0.0,0.0,0.0,0.0,0.0,0.0,,0.0,0,0,0.0,0.0,0.0,24.64,35.0,0.0,348.88,0.0,0.0,0.0,0.0,,,,,-0.5369885322519057,0.8435895425086445,-0.5369885322519057,0.8435895425086445,-8.39362683951333,11.21775011695548,10.0,12.0,,,0.0,6,0.0,0.0,0.7406944444444444,0.0,-0.0,95.175,0.22500000000000142,317,11,2022,226
2022-11-14,0.0,11.5,0,0.0,4.5,9.8,6.091666666666666,36.9,25.816666666666666,-23.01029345869124,11.288996183974175,97.54166666666667,174.04166666666666,600.0,99.0,,,,,,,,295.70324614763547,0.992623502121908,0.0,0.0,0.0,0.0,0.0,0.0,,0.0,0,0,0.0,0.0,0.0,24.64,35.0,0.0,348.88,0.0,0.0,0.0,0.0,,,,,-0.9010524505023311,0.4337101352790181,-0.9010524505023311,0.4337101352790181,-22.44462374449842,11.011475027784812,11.0,13.0,,,0.0,6,0.0,0.0,0.6589444444444444,0.0,-0.0,154.9,-6.266666666666668,318,11,2022,227
2022-11-15,0.63,1.0,5,0.21,0.4,6.9,3.4375,22.1,16.466666666666665,-14.692218699918243,7.308528118176895,82.875,278.75,600.0,95.41666666666667,,,,,,,,297.28726048145614,0.9956230269430898,1.1400000000000001,10.0,14.3,89.8,-8.423820739974575,5.313633665995531,303.003907910699,0.0,0,3,0.63,0.6299999999999965,0.63,4.9,35.63,0.0,349.51,0.0,0.0,0.0,0.0,,,,,-0.8887191898315989,0.45845196217822703,-0.8386334183944593,0.5446962360362184,-12.176176247557244,6.056942677939102,0.0,14.0,1.0000000000000056,0.9999999999999943,13.923000000000002,0,0.12210187500000003,0.6299999999999965,0.6154166666666666,6.3,0.0,0.0,-2.654166666666666,319,11,2022,228
2022-11-16,6.79,9.9,23,0.7,-1.3,5.0,1.2708333333333333,13.5,9.104166666666666,-4.790446971626479,-4.802945233186905,83.79166666666667,247.29166666666666,600.0,90.16666666666667,,,,,,,,227.11268500393635,0.7276764395775819,1.1869565217391305,9.134782608695652,13.5,83.78260869565217,-4.685674869266859,-4.823668076836576,226.3968150632598,0.0,1,17,7.42,7.419999999999996,7.42,8.96,42.42,1.0,356.3,0.0,0.0,0.0,0.0,,,,,-0.7326935890872457,-0.680558670880366,-0.724133526000827,-0.6896597976695535,-4.013995358308687,-4.024467859974528,0.0,15.0,0.915094339622642,0.9999999999999996,91.665,0,1.3251920821715504,7.419999999999996,0.5552777777777779,62.025173913043474,0.0,0.0,-2.166666666666667,320,11,2022,229
2022-11-17,0.0,0.0,0,0.0,-2.6,8.3,2.5749999999999997,12.0,7.445833333333333,1.463483024446645,-5.818596445735032,81.375,312.5833333333333,600.0,57.541666666666664,,,,,,,,169.03144386770012,0.6896279564155621,0.0,0.0,0.0,0.0,0.0,0.0,,0.25,0,0,6.79,7.419999999999996,7.42,7.42,42.42,1.0,356.3,0.0,0.0,0.0,0.0,,,,,0.19027025063243289,-0.9817317514088414,0.19027025063243289,-0.9817317514088414,1.1909093111434574,-4.734882857716882,1.0,16.0,0.0,0.9999999999999996,0.0,1,0.0,3.709999999999998,0.6640833333333334,0.0,-0.0,7.445833333333333,1.3041666666666665,321,11,2022,230
2022-11-18,0.0,0.0,0,0.0,-1.7,15.7,7.3374999999999995,12.8,4.820833333333334,-2.7793248046360595,0.1562612402054513,68.29166666666667,335.9583333333333,600.0,55.875,,,,,,,,292.9981074226048,0.38882561170437585,0.0,0.0,0.0,0.0,0.0,0.0,,0.25,1,0,0.0,6.7899999999999965,7.42,7.42,42.42,2.0,356.3,0.0,0.0,0.0,0.0,,,,,-0.9205177594663706,0.3907007224296022,-0.9205177594663706,0.3907007224296022,-1.8980472311660423,0.10671340529030612,2.0,17.0,0.0,0.9150943396226411,0.0,2,0.0,2.2633333333333323,0.7849444444444446,0.0,-0.0,9.641666666666667,4.762499999999999,322,11,2022,231
2022-11-19,0.0,8.8,0,0.0,4.3,13.1,8.8375,29.0,17.491666666666667,-11.899744319372921,12.725845384571457,81.41666666666667,221.83333333333334,600.0,94.66666666666667,,,,,,,,316.949154390372,0.9947055860009959,0.0,0.0,0.0,0.0,0.0,0.0,,0.0,0,0,0.0,0.0,7.42,7.42,42.42,2.0,356.3,0.0,0.0,0.0,0.0,,,,,-0.6826471117476549,0.7307481924867039,-0.6826471117476549,0.7307481924867039,-9.688375166689454,10.360959117271927,3.0,18.0,,0.0,0.0,3,0.0,0.0,0.7103888888888888,0.0,-0.0,52.475,1.5000000000000009,323,11,2022,232
2022-11-20,2.24,23.5,4,0.98,2.7,8.4,5.179166666666666,32.6,26.808333333333334,-23.27796966399961,13.02285344359302,93.20833333333333,226.45833333333334,600.0,96.54166666666667,,,,,,,,299.1189981308707,0.994503432339265,3.325,25.8,26.5,96.25,-22.69061123259365,12.160173393514178,298.2523594233119,0.0,0,3,2.24,2.2399999999999967,9.66,9.66,44.660000000000004,2.0,358.54,0.0,0.0,0.0,0.0,,,,,-0.873610915950834,0.4866250790203327,-0.8808712462941186,0.4733559416044614,-21.69700755765297,12.13838464721566,0.0,19.0,1.0000000000000016,0.23188405797101413,73.02400000000002,4,0.25324949999999985,2.2399999999999967,0.6483333333333333,57.79200000000001,0.0,107.23333333333333,-3.658333333333334,324,11,2022,233
2022-11-21,10.43,16.7,24,1.26,-2.2,2.5,-0.1416666666666667,32.9,25.829166666666666,-24.086417661615897,9.08895011775947,95.91666666666667,150.79166666666666,600.0,99.75,,,,,,,,290.169761461681,0.9964062195045041,-0.1416666666666667,25.829166666666666,32.9,95.91666666666667,-24.086417661615897,9.08895011775947,290.169761461681,0.0,1,24,12.67,12.669999999999996,20.09,20.09,55.09,3.0,368.97,0.0,0.0,0.0,0.0,,,,,-0.9386751273375339,0.3448028499271207,-0.9386751273375339,0.3448028499271207,-23.10288894043325,8.717817987950959,0.0,0.0,0.823204419889503,0.6306620209059232,100.0,0,1.790643699110243,12.669999999999996,0.4758055555555556,269.39820833333334,0.0,0.0,-5.320833333333333,325,11,2022,234
2022-11-22,1.61,4.6,12,0.28,-2.7,3.3,0.5,31.4,26.366666666666664,-24.21397767543522,10.224529634917943,95.91666666666667,169.95833333333334,600.0,100.0,,,,,,,,292.8757584901104,0.9969783822280075,-1.675,25.03333333333333,28.6,94.75,-23.511244902979865,8.513916462152547,290.0839522290869,0.0,0,12,12.04,14.279999999999996,21.07,21.7,56.7,3.0,370.58,0.0,0.0,0.0,0.0,,,,,-0.9213499591827996,0.3887341671552085,-0.9391904696786653,0.34339665354334503,-23.225240253688284,9.807028008158793,0.0,1.0,0.11274509803921573,0.6777408637873752,50.554,1,0.3228733411458333,14.279999999999996,0.5063611111111112,40.303666666666665,0.0,26.366666666666664,0.6416666666666667,326,11,2022,235
2022-11-23,0.0,4.3,0,0.0,3.2,8.1,5.120833333333334,31.4,22.545833333333334,-20.65125693857679,8.976237553055805,93.54166666666667,250.70833333333334,600.0,96.45833333333333,,,,,,,,293.37435321680124,0.9984689108623568,0.0,0.0,0.0,0.0,0.0,0.0,,0.0,0,0,1.61,12.039999999999996,14.28,21.7,56.7,2.0,370.58,0.0,0.0,0.0,0.0,,,,,-0.9179323053956165,0.3967370447930071,-0.9179323053956165,0.3967370447930071,-19.317529927960372,8.396522211087618,1.0,2.0,0.0,0.8431372549019606,0.0,2,0.0,6.019999999999998,0.6589444444444444,0.0,-0.0,45.09166666666667,4.620833333333334,327,11,2022,236
2022-11-24,0.0,1.0,0,0.0,2.9,13.0,7.991666666666667,16.8,11.5625,-10.596394473207694,4.331581570487487,84.125,330.9583333333333,600.0,68.83333333333333,,,,,,,,295.61552531862736,0.9770408104061705,0.0,0.0,0.0,0.0,0.0,0.0,,0.0,0,0,0.0,1.6099999999999965,14.28,21.7,56.7,2.0,370.58,0.0,0.0,0.0,0.0,,,,,-0.9017154119188018,0.43233010062694655,-0.9017154119188018,0.43233010062694655,-8.914216850585971,3.643942996172599,2.0,3.0,0.0,0.11274509803921545,0.0,3,0.0,0.5366666666666655,0.7899444444444444,0.0,-0.0,34.6875,2.8708333333333336,328,11,2022,237
2022-11-25,0.0,0.8,0,0.0,2.8,14.3,8.741666666666667,19.8,11.5625,-10.301042107133314,1.391024751991841,78.45833333333333,282.0833333333333,600.0,49.125,,,,,,,,285.5439508109221,0.8462811613282762,0.0,0.0,0.0,0.0,0.0,0.0,,0.4166666666666667,0,0,0.0,0.0,14.28,21.7,56.7,1.0,370.58,0.0,0.0,0.0,0.0,,,,,-0.9634251748052827,0.2679774851576352,-0.9634251748052827,0.2679774851576352,-8.08202595322168,1.0913748366669318,3.0,4.0,,0.0,0.0,4,0.0,0.0,0.7673611111111112,0.0,-0.0,46.25,0.75,329,11,2022,238
2022-11-26,0.0,0.0,0,0.0,2.1,16.8,10.766666666666666,24.1,11.545833333333334,-10.058745101729174,4.29154972365701,62.5,311.125,600.0,78.04166666666667,,,,,,,,291.19431086324505,0.9374514295856675,0.0,0.0,0.0,0.0,0.0,0.0,,0.125,0,0,0.0,0.0,14.28,21.7,56.7,1.0,370.58,0.0,0.0,0.0,0.0,,,,,-0.9323597038302124,0.3615319939834352,-0.9323597038302124,0.3615319939834352,-6.286715688580735,2.682218577285631,4.0,5.0,,0.0,0.0,5,0.0,0.0,0.7490833333333334,0.0,-0.0,57.72916666666667,2.0249999999999986,330,11,2022,239
2022-11-27,0.0,1.2000000000000002,0,0.0,6.4,14.1,11.120833333333332,31.1,18.679166666666667,-15.95383738871017,9.03557813719301,75.75,305.875,600.0,69.25,,,,,,,,304.7205747672253,0.9598885108375412,0.0,0.0,0.0,0.0,0.0,0.0,,0.125,0,0,0.0,0.0,12.04,21.7,46.480000000000004,1.0,370.58,0.0,0.0,0.0,0.0,,,,,-0.8219395612126624,0.5695747165329023,-0.8219395612126624,0.5695747165329023,-12.085031821947952,6.844450438923705,5.0,6.0,,0.0,0.0,6,0.0,0.0,0.76975,0.0,-0.0,112.075,0.3541666666666661,331,11,2022,240
2022-11-28,0.0,0.0,0,0.0,3.7,11.6,7.691666666666666,21.1,14.379166666666665,-11.869104591878655,7.278156555666885,77.875,304.4583333333333,600.0,71.0,,,,,,,,307.4550608062006,0.9432462149469413,0.0,0.0,0.0,0.0,0.0,0.0,,0.08333333333333333,0,0,0.0,0.0,1.61,21.7,46.480000000000004,0.0,370.58,0.0,0.0,0.0,0.0,,,,,-0.7938305702620257,0.608138985526719,-0.7938305702620257,0.608138985526719,-9.243065200925503,5.667864417725586,6.0,7.0,,0.0,0.0,6,0.0,0.0,0.7203333333333334,0.0,-0.0,86.27499999999999,-3.4291666666666654,332,11,2022,241
2022-11-29,0.0,0.1,0,0.0,2.6,13.9,7.241666666666667,16.3,11.933333333333332,-8.514032003946227,0.2900899355232116,80.41666666666667,275.4166666666667,600.0,83.16666666666667,,,,,,,,262.46148017561546,0.5013523971430293,0.0,0.0,0.0,0.0,0.0,0.0,,0.08333333333333333,0,0,0.0,0.0,0.0,21.07,46.34,0.0,370.58,0.0,0.0,0.0,0.0,,,,,-0.9913568848546661,-0.13119270883418885,-0.9913568848546661,-0.13119270883418885,-6.846700736506758,0.23328065648324933,7.0,8.0,,,0.0,6,0.0,0.0,0.7605555555555555,0.0,-0.0,71.6,-0.4499999999999993,333,11,2022,242
2022-11-30,0.0,4.0,0,0.0,5.3,16.1,10.4125,12.9,7.920833333333333,-1.1958316592117004,1.294552237296364,81.58333333333333,252.25,600.0,68.70833333333333,,,,,,,,319.0321315393925,0.13920799807351694,0.0,0.0,0.0,0.0,0.0,0.0,,0.25,0,0,0.0,0.0,0.0,14.28,46.34,0.0,370.58,0.0,0.0,0.0,0.0,,,,,-0.655635683842956,0.7550773801881364,-0.655635683842956,0.7550773801881364,-0.9755993286402123,1.056138866927617,8.0,9.0,,,0.0,6,0.0,0.0,0.7734444444444444,0.0,-0.0,47.525,3.1708333333333325,334,11,2022,243
2022-12-01,0.0,21.3,0,0.0,7.6,14.6,9.725,10.2,6.145833333333333,5.51576601239734,-1.259281882752257,93.91666666666667,177.95833333333334,600.0,94.79166666666667,,,,,,,,98.75788395005154,0.9141144008249568,0.0,0.0,0.0,0.0,0.0,0.0,,0.0,0,0,0.0,0.0,0.0,14.28,25.97,0.0,370.58,0.0,0.0,0.0,0.0,,,,,0.9883405687982151,-0.1522593841693204,0.9883405687982151,-0.1522593841693204,5.180223579976502,-1.1826755682181613,9.0,10.0,,,0.0,6,0.0,0.0,0.756138888888889,0.0,-0.0,36.875,-0.6875,335,12,2022,244
2022-12-02,0.0,0.4,0,0.0,6.6,16.6,11.35,10.5,6.8374999999999995,2.491121477057007,-2.4863484277010843,79.79166666666667,304.0416666666667,600.0,75.66666666666667,,,,,,,,114.08394656220105,0.40800347956658983,0.0,0.0,0.0,0.0,0.0,0.0,,0.041666666666666664,0,0,0.0,0.0,0.0,14.28,23.24,0.0,370.58,0.0,0.0,0.0,0.0,,,,,0.912948549612323,-0.4080746815973222,0.912948549612323,-0.4080746815973222,1.9877073452350702,-1.9838988496031569,10.0,11.0,,,0.0,6,0.0,0.0,0.802,0.0,-0.0,41.025,1.625,336,12,2022,245
2022-12-03,0.0,2.3,0,0.0,7.8,17.6,13.0,15.2,8.566666666666666,-5.141957938671216,-0.7929060263563178,79.0,307.2916666666667,600.0,35.416666666666664,,,,,,,,263.98296335526754,0.4755421337818267,0.0,0.0,0.0,0.0,0.0,0.0,,0.125,0,0,0.0,0.0,0.0,14.28,21.7,0.0,370.58,0.0,0.0,0.0,0.0,,,,,-0.9944907703309355,-0.10482417529645834,-0.9944907703309355,-0.10482417529645834,-4.06214677155026,-0.6263957608214911,11.0,12.0,,,0.0,6,0.0,0.0,0.8015277777777778,0.0,-0.0,51.4,1.6500000000000004,337,12,2022,246
2022-12-04,0.0,1.2,0,0.0,8.7,19.5,14.754166666666668,11.5,7.258333333333333,-5.63249872145794,1.8079703402421303,68.91666666666667,315.4583333333333,600.0,38.583333333333336,,,,,,,,293.5035700643689,0.7802875112084767,0.0,0.0,0.0,0.0,0.0,0.0,,0.4166666666666667,0,0,0.0,0.0,0.0,12.04,21.7,0.0,370.58,0.0,0.0,0.0,0.0,,,,,-0.917035226798555,0.398806209593736,-0.917035226798555,0.398806209593736,-3.8817303688714304,1.2459928928168682,12.0,13.0,,,0.0,6,0.0,0.0,0.7733611111111113,0.0,-0.0,43.55,1.7541666666666682,338,12,2022,247
2022-12-05,0.0,8.3,0,0.0,6.9,16.0,12.454166666666666,26.4,17.779166666666665,-14.032835562044568,7.05781196138384,79.625,248.375,600.0,92.29166666666667,,,,,,,,287.7890932210182,0.7674689223343366,0.0,0.0,0.0,0.0,0.0,0.0,,0.0,0,0,0.0,0.0,0.0,1.61,21.7,0.0,370.58,0.0,0.0,0.0,0.0,,,,,-0.952187567405734,0.30551405283219124,-0.952187567405734,0.30551405283219124,-11.173645316277987,5.619782774251883,13.0,14.0,,,0.0,6,0.0,0.0,0.7643333333333334,0.0,-0.0,106.67499999999998,-2.3000000000000025,339,12,2022,248
2022-12-06,0.0,4.3,0,0.0,5.1,12.2,8.2875,18.9,11.616666666666667,-6.236235920801462,-1.4890003717798503,82.5,250.54166666666666,600.0,75.54166666666667,,,,,,,,238.1121707720472,0.4992603349195381,0.0,0.0,0.0,0.0,0.0,0.0,,0.08333333333333333,0,0,0.0,0.0,0.0,0.0,21.7,0.0,370.58,0.0,0.0,0.0,0.0,,,,,-0.8490839193692308,-0.5282579841976698,-0.8490839193692308,-0.5282579841976698,-5.144894634661207,-1.2284253067183766,14.0,15.0,,,0.0,6,0.0,0.0,0.7131388888888889,0.0,-0.0,69.7,-4.166666666666666,340,12,2022,249
2022-12-07,0.0,2.5,0,0.0,5.9,13.8,9.670833333333333,27.9,20.275000000000002,-18.466231803429455,8.196915418060048,76.0,337.4166666666667,600.0,45.0,,,,,,,,293.96804280467956,0.9949933988063768,0.0,0.0,0.0,0.0,0.0,0.0,,0.25,0,0,0.0,0.0,0.0,0.0,21.7,0.0,370.58,0.0,0.0,0.0,0.0,,,,,-0.913772176261111,0.4062270422941254,-0.913772176261111,0.4062270422941254,-14.034336170606387,6.229655717725636,15.0,16.0,,,0.0,6,0.0,0.0,0.7849444444444446,0.0,-0.0,121.65,1.3833333333333329,341,12,2022,250
2022-12-08,0.56,1.6,6,0.14,-0.8,6.8,3.3958333333333335,21.4,14.179166666666667,-11.962821322288315,-6.34519144322352,76.125,260.0,600.0,63.625,,,,,,,,240.83169872391352,0.9310698497370739,6.166666666666667,19.483333333333334,21.4,54.833333333333336,-16.26406446850872,-10.680782910639564,236.5,0.16666666666666666,1,6,0.56,0.5599999999999965,0.56,0.56,22.26,1.0,371.14,0.0,0.0,0.0,0.0,,,,,-0.8731918506051211,-0.48737664289213123,-0.8338858220671681,-0.5519369853120584,-9.10669773159198,-4.830276986153905,0.0,17.0,1.0000000000000064,0.9999999999999937,11.984,0,0.04059659722222227,0.5599999999999965,0.5781944444444445,10.910666666666668,0.0,0.0,-6.274999999999999,342,12,2022,251
2022-12-09,0.0,0.0,0,0.0,-2.4,11.8,4.0375000000000005,12.6,7.833333333333333,1.8500500365193997,-5.928711967280948,79.5,352.5,600.0,54.333333333333336,,,,,,,,162.15901226197536,0.7644296167099504,0.0,0.0,0.0,0.0,0.0,0.0,,0.25,0,0,0.56,0.5599999999999965,0.56,0.56,22.26,1.0,371.14,0.0,0.0,0.0,0.0,,,,,0.3063763524225426,-0.9519104635816638,0.3063763524225426,-0.9519104635816638,1.4707897790329227,-4.713326013988353,1.0,18.0,0.0,0.9999999999999937,0.0,1,0.0,0.27999999999999825,0.7622222222222222,0.0,-0.0,7.833333333333333,0.641666666666667,343,12,2022,252
2022-12-10,0.0,0.0,0,0.0,2.1,15.2,9.2125,13.3,8.154166666666667,-5.691996341095003,3.280279621013305,65.75,349.9166666666667,600.0,37.416666666666664,,,,,,,,305.1006710375301,0.7594593829623361,0.0,0.0,0.0,0.0,0.0,0.0,,0.4166666666666667,0,0,0.0,0.5599999999999965,0.56,0.56,22.26,1.0,371.14,0.0,0.0,0.0,0.0,,,,,-0.8181429830141759,0.5750148340214067,-0.8181429830141759,0.5750148340214067,-3.7424875942699645,2.156783850816248,2.0,19.0,0.0,0.9999999999999937,0.0,2,0.0,0.1866666666666655,0.7857777777777777,0.0,-0.0,16.308333333333334,5.175,344,12,2022,253
2022-12-11,0.0,2.5,0,0.0,6.3,17.4,11.708333333333334,29.5,17.466666666666665,-13.126823892779305,11.109167316578628,70.04166666666667,313.625,600.0,59.416666666666664,,,,,,,,312.3147499249101,0.9829729291949793,0.0,0.0,0.0,0.0,0.0,0.0,,0.3333333333333333,0,0,0.0,0.0,0.56,0.56,22.26,1.0,371.14,0.0,0.0,0.0,0.0,,,,,-0.7394578136609429,0.6732028979555704,-0.7394578136609429,0.6732028979555704,-9.194246234900838,7.781045941320281,3.0,20.0,,0.0,0.0,3,0.0,0.0,0.7758888888888889,0.0,-0.0,52.39999999999999,2.4958333333333336,345,12,2022,254
2022-12-12,1.2599999999999998,30.8,4,0.7,2.4,13.2,6.241666666666667,29.1,24.6875,-19.965295512517688,13.34045527672035,96.29166666666667,136.58333333333334,574.0,99.95833333333333,,,,,,,,304.0487462995503,0.9722959503579766,4.375,24.9,25.8,96.5,-22.76634126154716,10.036251115771444,293.75050002630974,0.0,0,2,1.2599999999999998,1.2599999999999962,1.8199999999999998,1.8199999999999998,23.52,1.0,372.40000000000003,0.0,0.0,0.0,0.0,,,,,-0.8285615205164831,0.5598980324303823,-0.9153079642717584,0.40275467786319924,-19.22491580392849,12.845746726875305,0.0,21.0,1.0000000000000029,0.6923076923076903,36.666,0,0.12203789062499998,1.2599999999999962,0.7053611111111112,31.37399999999999,0.0,0.0,-5.466666666666667,346,12,2022,255
2022-12-13,1.6800000000000002,3.9000000000000004,2,1.12,1.3,6.5,3.579166666666667,30.3,25.320833333333336,-22.093145409939563,12.329657449483063,89.66666666666667,237.5,600.0,96.95833333333333,,,,,,,,299.2497730110912,0.9991339767250227,2.65,19.4,19.6,100.0,-16.93929418680498,9.401571798660548,299.0,0.0,0,2,2.94,2.9399999999999964,3.5,3.5,25.2,1.0,374.08,0.0,0.0,0.0,0.0,,,,,-0.8724979428385914,0.48861778492235236,-0.8746197071393956,0.4848096202463373,-19.810187050912475,11.055592846369814,0.0,22.0,0.5714285714285722,0.839999999999999,50.904,0,0.23384025000000014,2.9399999999999964,0.6016666666666667,32.592,0.0,0.0,-2.6625,347,12,2022,256
2022-12-14,3.99,6.7,11,0.91,-0.9,5.7,1.8958333333333333,20.2,16.370833333333334,-14.609462444886098,0.7502808985540858,90.875,238.79166666666666,600.0,89.08333333333333,,,,,,,,271.09640372499916,0.8806715789632346,2.309090909090909,16.427272727272726,19.9,91.63636363636364,-14.574401542038505,0.4846091625621114,269.49035457789034,0.0,1,5,5.67,6.929999999999996,7.49,7.49,29.19,2.0,378.07,0.0,0.0,0.0,0.0,,,,,-0.9998169151149556,0.019134687089511042,-0.999960439831652,-0.008894873337444802,-13.27634899679024,0.6818177665610254,0.0,23.0,0.5757575757575761,0.9252336448598125,80.598,0,0.6096371699380162,6.929999999999996,0.5887777777777777,65.54481818181819,0.0,0.0,-1.6833333333333338,348,12,2022,257
2022-12-15,0.9100000000000001,2.7,8,0.28,0.2,6.7,2.2875,18.1,12.733333333333334,-0.8611568349245892,-12.23881914172059,91.75,202.875,600.0,100.0,,,,,,,,181.53370233742632,0.9521669204881541,1.6375,12.299999999999999,15.1,94.75,1.3103956158251038,-11.573469391343465,169.71270100248873,0.0,0,3,4.9,6.5799999999999965,7.84,8.4,29.470000000000002,1.0,378.98,0.0,0.0,0.0,0.0,,,,,-0.026764958931883236,-0.9996417543167025,0.17858410868640234,-0.9839246496173796,-0.7901113960433105,-11.22911656252864,0.0,24.0,0.13829787234042562,0.8392857142857139,16.471000000000004,1,0.16099641796875006,6.5799999999999965,0.5899722222222222,11.193000000000001,0.0,12.733333333333334,0.39166666666666683,349,12,2022,258
2022-12-16,0.63,2.2,4,0.35,0.8,5.7,3.225,15.7,11.441666666666668,4.632438268324927,-10.233439160943393,93.41666666666667,203.08333333333334,600.0,99.91666666666667,,,,,,,,155.78046380164338,0.9814413723881479,1.05,9.9,10.3,99.75,4.317743462348667,-8.826305942325655,154.00321430680043,0.0,0,2,1.54,5.529999999999998,8.47,9.030000000000001,23.31,1.0,379.61,0.0,0.0,0.0,0.0,,,,,0.41023401650059854,-0.9119802912924087,0.4383207235404103,-0.8988186376099525,4.327469415660203,-9.55973774951462,0.0,25.0,0.11392405063291144,0.6528925619834708,9.891,2,0.12351839062499999,5.529999999999998,0.5734444444444445,6.237,0.0,22.883333333333336,0.9375,350,12,2022,259
2022-12-17,0.0,0.0,0,0.0,2.2,12.1,5.8374999999999995,15.9,11.637500000000001,7.862802429655712,-8.463131518511961,86.29166666666667,314.6666666666667,600.0,80.33333333333333,,,,,,,,135.93751855419583,0.9916216835673614,0.0,0.0,0.0,0.0,0.0,0.0,,0.0,0,0,0.63,1.5399999999999965,8.47,9.030000000000001,23.31,1.0,379.61,0.0,0.0,0.0,0.0,,,,,0.6954424023099913,-0.7185818429861056,0.6954424023099913,-0.7185818429861056,6.784943263257076,-7.302977239515947,1.0,26.0,0.0,0.18181818181818138,0.0,3,0.0,0.7699999999999982,0.7663055555555555,0.0,-0.0,34.9125,2.6124999999999994,351,12,2022,260
2022-12-18,0.0,0.0,0,0.0,1.9,11.9,6.316666666666666,18.0,11.012500000000001,9.373054106898069,-5.33128664576693,82.95833333333333,319.75,600.0,68.54166666666667,,,,,,,,119.23988351795361,0.978936434964785,0.0,0.0,0.0,0.0,0.0,0.0,,0.0,0,0,0.0,0.6299999999999965,8.47,9.030000000000001,23.31,1.0,379.61,0.0,0.0,0.0,0.0,,,,,0.8725822673313344,-0.4884671808206849,0.8725822673313344,-0.4884671808206849,7.7757294695141885,-4.422746546550815,2.0,27.0,0.0,0.07438016528925577,0.0,4,0.0,0.20999999999999883,0.7541388888888889,0.0,-0.0,44.050000000000004,0.47916666666666696,352,12,2022,261
2022-12-19,0.0,0.0,0,0.0,3.2,14.8,8.583333333333334,14.8,9.908333333333333,8.743151036747115,-3.4040867551036365,54.833333333333336,410.4166666666667,600.0,11.5,,,,,,,,105.46960057623586,0.9389215399924772,0.0,0.0,0.0,0.0,0.0,0.0,,0.7916666666666666,0,0,0.0,0.0,7.21,9.030000000000001,23.31,1.0,379.61,0.0,0.0,0.0,0.0,,,,,0.9637721062434436,-0.2667270650441694,0.9637721062434436,-0.2667270650441694,4.7941611518163345,-1.8665742373818273,3.0,28.0,,0.0,0.0,5,0.0,0.0,0.7852777777777779,0.0,-0.0,49.541666666666664,2.2666666666666675,353,12,2022,262
2022-12-20,0.0,0.0,0,0.0,2.8,16.0,9.841666666666667,11.2,6.8625,4.42005639348685,-2.8972389426282787,59.708333333333336,404.75,600.0,13.25,,,,,,,,115.58817783942332,0.7384781282044102,0.0,0.0,0.0,0.0,0.0,0.0,,0.875,0,0,0.0,0.0,5.53,9.030000000000001,21.07,1.0,379.61,0.0,0.0,0.0,0.0,,,,,0.9019216618907903,-0.4318996594258382,0.9019216618907903,-0.4318996594258382,2.63914200494444,-1.7298930853276349,4.0,29.0,,0.0,0.0,6,0.0,0.0,0.8021944444444444,0.0,-0.0,41.175,1.2583333333333329,354,12,2022,263
2022-12-21,0.0,0.4,0,0.0,6.2,18.4,11.883333333333333,13.9,8.020833333333334,-4.527744732773583,1.0069469752072975,71.04166666666667,284.25,600.0,81.625,,,,,,,,287.7385197861209,0.34849891267575656,0.0,0.0,0.0,0.0,0.0,0.0,,0.08333333333333333,0,0,0.0,0.0,1.54,9.030000000000001,10.64,0.0,379.61,0.0,0.0,0.0,0.0,,,,,-0.9524568654317759,0.3046734637146398,-0.9524568654317759,0.3046734637146398,-3.2165853205745667,0.715351913636851,5.0,30.0,,0.0,0.0,6,0.0,0.0,0.7596388888888889,0.0,-0.0,48.125,2.041666666666666,355,12,2022,264
2022-12-22,0.0,3.5,0,0.0,8.2,14.6,11.254166666666668,15.7,11.045833333333334,-8.430726051183767,6.993030491112466,79.70833333333333,215.66666666666666,600.0,81.125,,,,,,,,310.0520801960478,0.9911314882426231,0.0,0.0,0.0,0.0,0.0,0.0,,0.0,0,0,0.0,0.0,0.63,8.47,9.030000000000001,0.0,379.61,0.0,0.0,0.0,0.0,,,,,-0.7654598515061478,0.6434836561500115,-0.7654598515061478,0.6434836561500115,-6.719991223297727,5.574028053957561,6.0,31.0,,0.0,0.0,6,0.0,0.0,0.7339166666666666,0.0,-0.0,66.275,-0.6291666666666647,356,12,2022,265
2022-12-23,0.0,3.4000000000000004,0,0.0,7.9,17.3,12.5625,13.9,9.079166666666667,-7.067297389374988,4.168425802438047,75.79166666666667,315.8333333333333,600.0,27.833333333333332,,,,,,,,302.4392535323759,0.8768926316336904,0.0,0.0,0.0,0.0,0.0,0.0,,0.4583333333333333,0,0,0.0,0.0,0.0,8.47,9.030000000000001,0.0,379.61,0.0,0.0,0.0,0.0,,,,,-0.8439606306311158,0.5364051211022591,-0.8439606306311158,0.5364051211022591,-5.356422479697127,3.1593193894311695,7.0,32.0,,,0.0,6,0.0,0.0,0.7965277777777778,0.0,-0.0,54.47500000000001,1.3083333333333318,357,12,2022,266
2022-12-24,0.0,0.1,0,0.0,9.8,19.1,14.266666666666666,20.6,13.695833333333333,-11.418779711512206,7.068133793925532,70.125,359.0416666666667,600.0,36.25,,,,,,,,305.8802696787057,0.955533420968808,0.0,0.0,0.0,0.0,0.0,0.0,,0.5,0,0,0.0,0.0,0.0,8.47,9.030000000000001,0.0,379.61,0.0,0.0,0.0,0.0,,,,,-0.8102435150520427,0.5860933767891515,-0.8102435150520427,0.5860933767891515,-8.007419272697934,4.956528822990279,8.0,33.0,,,0.0,6,0.0,0.0,0.8064444444444444,0.0,-0.0,82.175,1.7041666666666657,358,12,2022,267
2022-12-25,0.0,0.0,0,0.0,10.2,21.4,16.016666666666666,16.9,11.220833333333333,-8.987698108783098,5.79496920277327,53.541666666666664,388.7083333333333,600.0,1.4166666666666667,,,,,,,,306.66106460425397,0.9208567791760852,0.0,0.0,0.0,0.0,0.0,0.0,,1.0,0,0,0.0,0.0,0.0,8.47,9.030000000000001,0.0,379.61,0.0,0.0,0.0,0.0,,,,,-0.8021815757641803,0.597080161707368,-0.8021815757641803,0.597080161707368,-4.81216336241095,3.102723093984855,9.0,34.0,,,0.0,6,0.0,0.0,0.7709444444444444,0.0,-0.0,67.325,1.75,359,12,2022,268
2022-12-26,0.0,5.9,0,0.0,13.6,22.8,17.816666666666666,11.2,6.583333333333333,-2.7012818478388727,1.6120177025357982,60.333333333333336,314.125,600.0,27.041666666666668,,,,,,,,314.8309637834367,0.4817605824795096,0.0,0.0,0.0,0.0,0.0,0.0,,0.5416666666666666,0,0,0.0,0.0,0.0,7.21,9.030000000000001,0.0,379.61,0.0,0.0,0.0,0.0,,,,,-0.7091898345401639,0.7050175732454439,-0.7091898345401639,0.7050175732454439,-1.6297733815294533,0.972584013863265,10.0,35.0,,,0.0,6,0.0,0.0,0.7438611111111112,0.0,-0.0,39.5,1.8000000000000007,360,12,2022,269
2022-12-27,0.0,4.5,0,0.0,12.7,23.4,18.283333333333335,12.5,6.433333333333334,-2.4799585912694155,4.9938435373807595,64.58333333333333,300.4583333333333,600.0,26.5,,,,,,,,331.36864600466373,0.8587292027305401,0.0,0.0,0.0,0.0,0.0,0.0,,0.5833333333333334,0,0,0.0,0.0,0.0,5.53,9.030000000000001,0.0,379.61,0.0,0.0,0.0,0.0,,,,,-0.47917224526254854,0.8777208892182343,-0.47917224526254854,0.8777208892182343,-1.6016399235281642,3.2251906178917404,11.0,36.0,,,0.0,6,0.0,0.0,0.7489166666666666,0.0,-0.0,38.6,0.46666666666666856,361,12,2022,270
2022-12-28,0.0,0.8,0,0.0,13.2,21.8,16.837500000000002,29.8,19.4875,-15.273320391707161,11.580948288978071,60.166666666666664,294.25,600.0,52.708333333333336,,,,,,,,309.46778882647607,0.97644909101219,0.0,0.0,0.0,0.0,0.0,0.0,,0.4583333333333333,0,0,0.0,0.0,0.0,1.54,9.030000000000001,0.0,379.61,0.0,0.0,0.0,0.0,,,,,-0.7719820589018466,0.6356443193592356,-0.7719820589018466,0.6356443193592356,-9.189447769010474,6.967870553868472,12.0,37.0,,,0.0,6,0.0,0.0,0.7300555555555556,0.0,-0.0,116.92500000000001,-1.4458333333333329,362,12,2022,271
2022-12-29,0.0,4.3,0,0.0,11.7,17.7,14.195833333333333,13.3,5.133333333333334,1.0575126282161982,2.8340108219868156,88.33333333333333,162.75,577.0,81.875,,,,,,,,27.87776756934252,0.6206745055559917,0.0,0.0,0.0,0.0,0.0,0.0,,0.0,0,0,0.0,0.0,0.0,0.63,9.030000000000001,0.0,379.61,0.0,0.0,0.0,0.0,,,,,0.46758685224595564,0.8839471339433818,0.46758685224595564,0.8839471339433818,0.9341361549243083,2.5033762260883536,13.0,38.0,,,0.0,6,0.0,0.0,0.7362777777777777,0.0,-0.0,30.800000000000004,-2.6416666666666693,363,12,2022,272
2022-12-30,0.0,14.399999999999999,0,0.0,10.4,18.5,14.183333333333332,9.1,4.9624999999999995,0.5364097367900266,3.7153988082618543,86.375,246.16666666666666,600.0,77.75,,,,,,,,4.890795520280939,0.7397630839939022,0.0,0.0,0.0,0.0,0.0,0.0,,0.20833333333333334,0,0,0.0,0.0,0.0,0.0,9.030000000000001,0.0,379.61,0.0,0.0,0.0,0.0,,,,,0.0852568606814091,0.9963590054326557,0.0852568606814091,0.9963590054326557,0.46332391015238544,3.2091757206361766,14.0,39.0,,,0.0,6,0.0,0.0,0.7853611111111111,0.0,-0.0,29.775,-0.012500000000001066,364,12,2022,273
2022-12-31,0.0,6.6,0,0.0,10.3,17.8,13.341666666666667,10.5,6.041666666666667,-2.0782298552022755,3.1485469998412423,85.91666666666667,228.625,600.0,68.0,,,,,,,,318.20248068387485,0.5250952616022276,0.0,0.0,0.0,0.0,0.0,0.0,,0.16666666666666666,0,0,0.0,0.0,0.0,0.0,9.030000000000001,0.0,379.61,0.0,0.0,0.0,0.0,,,,,-0.6665001934203256,0.7455048572414995,-0.6665001934203256,0.7455048572414995,-1.7855458172612884,2.705126630696934,15.0,40.0,,,0.0,6,0.0,0.0,0.7721388888888888,0.0,-0.0,36.25,-0.841666666666665,365,12,2022,274
2023-01-01,0.0,6.0,0,0.0,10.9,19.8,15.391666666666666,10.3,7.058333333333334,-4.348154841774652,2.6217411036480094,77.29166666666667,288.25,600.0,31.875,,,,,,,,305.05887189588077,0.6992753368185575,0.0,0.0,0.0,0.0,0.0,0.0,,0.5,0,0,0.0,0.0,0.0,0.0,9.030000000000001,0.0,379.61,0.0,0.0,0.0,0.0,,,,,-0.8185622573553314,0.5744178190423276,-0.8185622573553314,0.5744178190423276,-3.3607613464549915,2.0263873946946074,16.0,41.0,,,0.0,6,0.0,0.0,0.7831388888888888,0.0,-0.0,42.35,2.049999999999999,1,1,2022,275
2023-01-02,0.0,0.7,0,0.0,10.1,19.2,15.0625,17.2,10.487499999999999,-8.142463543881869,6.194050859782627,83.95833333333333,224.91666666666666,600.0,70.5,,,,,,,,313.56561268035057,0.9611806072374421,0.0,0.0,0.0,0.0,0.0,0.0,,0.16666666666666666,0,0,0.0,0.0,0.0,0.0,9.030000000000001,0.0,379.61,0.0,0.0,0.0,0.0,,,,,-0.7245856212924731,0.6891847919217319,-0.7245856212924731,0.6891847919217319,-6.836276683717485,5.200421867692497,17.0,42.0,,,0.0,6,0.0,0.0,0.7631388888888888,0.0,-0.0,62.925,-0.3291666666666657,2,1,2022,276
2023-01-03,0.0,9.8,0,0.0,11.2,20.8,15.395833333333334,14.0,7.8374999999999995,-2.983822152968758,2.560724898427756,80.16666666666667,277.4583333333333,600.0,52.875,,,,,,,,319.94890380641203,0.44996698347516384,0.0,0.0,0.0,0.0,0.0,0.0,,0.25,0,0,0.0,0.0,0.0,0.0,9.030000000000001,0.0,379.61,0.0,0.0,0.0,0.0,,,,,-0.6434705099842659,0.7654709026348349,-0.6434705099842659,0.7654709026348349,-2.3920307592966212,2.052847793572918,18.0,43.0,,,0.0,6,0.0,0.0,0.7855277777777778,0.0,-0.0,47.025,0.3333333333333339,3,1,2022,277
2023-01-04,0.0,15.6,0,0.0,6.6,12.0,9.770833333333334,14.2,8.629166666666666,7.269558042899139,-2.967494339699416,98.875,131.20833333333334,388.0,100.0,,,,,,,,102.58796845827271,0.8617190579324074,0.0,0.0,0.0,0.0,0.0,0.0,,0.0,0,0,0.0,0.0,0.0,0.0,9.030000000000001,0.0,379.61,0.0,0.0,0.0,0.0,,,,,0.975962548324512,-0.2179383038107907,0.975962548324512,-0.2179383038107907,7.187775514916524,-2.9341100283777974,19.0,44.0,,,0.0,6,0.0,0.0,0.6837222222222223,0.0,-0.0,51.775,-5.625,4,1,2022,278
2023-01-05,0.0,5.3,0,0.0,5.2,10.1,6.945833333333333,18.4,15.933333333333335,9.959472332218507,-11.623002469371087,91.04166666666667,175.41666666666666,582.0,100.0,,,,,,,,138.5339204778412,0.96003291811863,0.0,0.0,0.0,0.0,0.0,0.0,,0.0,0,0,0.0,0.0,0.0,0.0,9.030000000000001,0.0,379.61,0.0,0.0,0.0,0.0,,,,,0.6621765323417272,-0.7493478765005512,0.6621765323417272,-0.7493478765005512,9.067269602457266,-10.581775164823261,20.0,45.0,,,0.0,6,0.0,0.0,0.6448611111111111,0.0,-0.0,95.60000000000001,-2.825000000000001,5,1,2022,279
2023-01-06,0.0,4.4,0,0.0,5.1,12.3,8.049999999999999,19.5,15.6625,12.989857428755423,-8.19488692887605,90.375,234.04166666666666,600.0,97.5,,,,,,,,120.4967585645217,0.9755512906190316,0.0,0.0,0.0,0.0,0.0,0.0,,0.0,0,0,0.0,0.0,0.0,0.0,9.030000000000001,0.0,379.61,0.0,0.0,0.0,0.0,,,,,0.8616578723966923,-0.5074896165802858,0.8616578723966923,-0.5074896165802858,11.739583651237712,-7.406129061971731,21.0,46.0,,,0.0,6,0.0,0.0,0.7306111111111111,0.0,-0.0,93.975,1.104166666666666,6,1,2022,280
2023-01-07,0.0,0.0,0,0.0,4.4,18.2,10.908333333333333,12.0,7.5375000000000005,6.294729444155666,0.05730856716809705,72.04166666666667,377.125,600.0,24.25,,,,,,,,82.0577237304911,0.8220023010891695,0.0,0.0,0.0,0.0,0.0,0.0,,0.5833333333333334,0,0,0.0,0.0,0.0,0.0,8.47,0.0,379.61,0.0,0.0,0.0,0.0,,,,,0.990407778766001,0.1381753659658483,0.990407778766001,0.1381753659658483,4.534828003727145,0.041286046930683246,22.0,47.0,,,0.0,6,0.0,0.0,0.8248888888888889,0.0,-0.0,45.225,2.8583333333333343,7,1,2022,281
2023-01-08,0.0,0.0,0,0.0,6.2,21.1,14.495833333333332,11.0,7.129166666666666,-1.6659273997325263,-4.11995845826171,53.041666666666664,392.7083333333333,600.0,1.4166666666666667,,,,,,,,214.3208728404442,0.47928379137256644,0.0,0.0,0.0,0.0,0.0,0.0,,1.0,0,0,0.0,0.0,0.0,0.0,8.47,0.0,379.61,0.0,0.0,0.0,0.0,,,,,-0.5638269589721221,-0.8258929472614771,-0.5638269589721221,-0.8258929472614771,-0.8836356582747942,-2.185294632236315,23.0,48.0,,,0.0,6,0.0,0.0,0.7719444444444444,0.0,-0.0,42.775,3.5874999999999986,8,1,2022,282
2023-01-09,0.0,0.0,0,0.0,10.0,23.5,16.304166666666667,16.8,9.950000000000001,-4.186051569706377,-6.396963939081762,47.208333333333336,348.875,600.0,18.916666666666668,,,,,,,,214.6562009384463,0.5766714088772433,0.0,0.0,0.0,0.0,0.0,0.0,,0.75,0,0,0.0,0.0,0.0,0.0,8.47,0.0,379.61,0.0,0.0,0.0,0.0,,,,,-0.5686508791490258,-0.8225789795776696,-0.5686508791490258,-0.8225789795776696,-1.976165178532219,-3.019900059574849,24.0,49.0,,,0.0,6,0.0,0.0,0.7232777777777778,0.0,-0.0,59.7,1.8083333333333353,9,1,2022,283
2023-01-10,0.0,1.7,0,0.0,11.8,21.8,16.162499999999998,11.2,7.608333333333333,3.0332371721064084,1.3431923187541923,64.70833333333333,295.1666666666667,600.0,36.083333333333336,,,,,,,,58.67472495567427,0.40385559405303717,0.0,0.0,0.0,0.0,0.0,0.0,,0.4166666666666667,0,0,0.0,0.0,0.0,0.0,8.47,0.0,379.61,0.0,0.0,0.0,0.0,,,,,0.8542295701118289,0.5198959910852938,0.8542295701118289,0.5198959910852938,1.9627572201171883,0.8691573629271919,25.0,50.0,,,0.0,6,0.0,0.0,0.7458055555555555,0.0,-0.0,45.65,-0.14166666666666927,10,1,2022,284
2023-01-11,0.0,0.1,0,0.0,11.1,22.6,17.208333333333332,10.9,6.8875,-2.9725624245660147,3.02086155532828,67.16666666666667,346.2083333333333,600.0,28.375,,,,,,,,317.1173846298072,0.5870454273490536,0.0,0.0,0.0,0.0,0.0,0.0,,0.5416666666666666,0,0,0.0,0.0,0.0,0.0,7.210000000000001,0.0,379.61,0.0,0.0,0.0,0.0,,,,,-0.6804985701723633,0.7327494087294573,-0.6804985701723633,0.7327494087294573,-1.99657109516684,2.0290120113288284,26.0,51.0,,,0.0,6,0.0,0.0,0.7880277777777778,0.0,-0.0,41.325,1.0458333333333343,11,1,2022,285
2023-01-12,0.0,0.0,0,0.0,14.4,23.7,18.458333333333332,10.6,7.566666666666666,-3.7813014003031338,2.6213940149245833,58.333333333333336,314.9166666666667,600.0,58.0,,,,,,,,314.1957562738136,0.5296987944425661,0.0,0.0,0.0,0.0,0.0,0.0,,0.375,0,0,0.0,0.0,0.0,0.0,5.53,0.0,379.61,0.0,0.0,0.0,0.0,,,,,-0.7169622426078219,0.6971120015282786,-0.7169622426078219,0.6971120015282786,-2.205759150176828,1.529146508706007,27.0,52.0,,,0.0,6,0.0,0.0,0.7377222222222223,0.0,-0.0,45.4,1.25,12,1,2022,286
2023-01-13,0.0,1.2,0,0.0,14.2,24.4,18.8125,12.8,8.116666666666667,-2.247146218380529,4.38812118353897,61.291666666666664,332.0833333333333,600.0,38.916666666666664,,,,,,,,336.280981745252,0.5165798598584658,0.0,0.0,0.0,0.0,0.0,0.0,,0.4583333333333333,0,0,0.0,0.0,0.0,0.0,1.54,0.0,379.61,0.0,0.0,0.0,0.0,,,,,-0.4022516914572481,0.9155291239058334,-0.4022516914572481,0.9155291239058334,-1.3773133696823994,2.6895526087440937,28.0,53.0,,,0.0,6,0.0,0.0,0.7590277777777777,0.0,-0.0,48.7,0.35416666666666785,13,1,2022,287
2023-01-14,0.0,2.9,0,0.0,14.6,22.4,17.833333333333332,13.2,9.066666666666666,-5.8688337807950175,5.967105848958582,65.58333333333333,276.7916666666667,600.0,38.416666666666664,,,,,,,,318.1201763404772,0.9170566573384981,0.0,0.0,0.0,0.0,0.0,0.0,,0.5416666666666666,0,0,0.0,0.0,0.0,0.0,0.63,0.0,379.61,0.0,0.0,0.0,0.0,,,,,-0.6675704095423276,0.744546673018884,-0.6675704095423276,0.744546673018884,-3.8489768212380655,3.913426919275336,29.0,54.0,,,0.0,6,0.0,0.0,0.7364722222222223,0.0,-0.0,54.4,-0.9791666666666679,14,1,2022,288
2023-01-15,0.0,8.6,0,0.0,13.9,22.8,17.179166666666667,21.3,12.0375,-5.685901003663492,5.981210761687776,73.5,279.2083333333333,600.0,48.75,,,,,,,,331.7004096896987,0.4779696576463717,0.0,0.0,0.0,0.0,0.0,0.0,,0.25,0,0,0.0,0.0,0.0,0.0,0.0,0.0,379.61,0.0,0.0,0.0,0.0,,,,,-0.47408191323965665,0.8804807434231748,-0.47408191323965665,0.8804807434231748,-4.179137237692666,4.3961899098405155,30.0,55.0,,,0.0,6,0.0,0.0,0.7644722222222221,0.0,-0.0,72.225,-0.654166666666665,15,1,2022,289
2023-01-16,0.0,11.1,0,0.0,11.6,21.1,15.941666666666668,10.1,6.054166666666667,1.9608267172012572,4.1597718687064615,86.41666666666667,231.625,600.0,85.70833333333333,,,,,,,,35.745372338942914,0.6849503792170433,0.0,0.0,0.0,0.0,0.0,0.0,,0.041666666666666664,0,0,0.0,0.0,0.0,0.0,0.0,0.0,379.61,0.0,0.0,0.0,0.0,,,,,0.5841841145876779,0.8116211679493154,0.5841841145876779,0.8116211679493154,1.6944810881147532,3.594736189873834,31.0,56.0,,,0.0,6,0.0,0.0,0.7758055555555555,0.0,-0.0,36.325,-1.237499999999999,16,1,2022,290
2023-01-17,0.0,0.9,0,0.0,12.8,22.9,18.008333333333333,11.0,4.9125000000000005,-3.160876100531963,2.4937750349901058,63.666666666666664,294.7083333333333,600.0,48.916666666666664,,,,,,,,298.33425820526924,0.7709674339451743,0.0,0.0,0.0,0.0,0.0,0.0,,0.2916666666666667,0,0,0.0,0.0,0.0,0.0,0.0,0.0,379.61,0.0,0.0,0.0,0.0,,,,,-0.8801937300375825,0.47461457794986384,-0.8801937300375825,0.47461457794986384,-2.0124244506720164,1.5877034389437006,32.0,57.0,,,0.0,6,0.0,0.0,0.7420277777777778,0.0,-0.0,29.475,2.0666666666666647,17,1,2022,291
2023-01-18,0.0,22.6,0,0.0,9.4,18.2,14.841666666666667,24.2,15.616666666666667,-11.658201330006461,6.778480710890208,89.20833333333333,158.45833333333334,600.0,99.08333333333333,,,,,,,,295.9819594293107,0.6593728431585507,0.0,0.0,0.0,0.0,0.0,0.0,,0.0,0,0,0.0,0.0,0.0,0.0,0.0,0.0,379.61,0.0,0.0,0.0,0.0,,,,,-0.8989320305075922,0.43808812415711224,-0.8989320305075922,0.43808812415711224,-10.400087103143264,6.046969667506639,33.0,58.0,,,0.0,6,0.0,0.0,0.7363333333333334,0.0,-0.0,93.7,-3.166666666666666,18,1,2022,292
2023-01-19,0.0,2.4,0,0.0,3.6,12.9,7.6125,13.2,10.2875,6.928870072946758,-6.841508316916811,85.58333333333333,322.9583333333333,600.0,84.91666666666667,,,,,,,,136.1251116965978,0.943650718939861,0.0,0.0,0.0,0.0,0.0,0.0,,0.0,0,0,0.0,0.0,0.0,0.0,0.0,0.0,379.61,0.0,0.0,0.0,0.0,,,,,0.6930859572594106,-0.7208549478569225,0.6930859572594106,-0.7208549478569225,5.929957970763599,-5.855190867894637,34.0,59.0,,,0.0,6,0.0,0.0,0.7872499999999999,0.0,-0.0,61.724999999999994,-7.229166666666667,19,1,2022,293
2023-01-20,0.0,0.7000000000000001,0,0.0,4.9,16.5,10.120833333333334,10.9,6.829166666666667,5.363919490241205,0.3337654896438275,80.83333333333333,243.70833333333334,600.0,81.20833333333333,,,,,,,,92.37304260082513,0.7416550000529497,0.0,0.0,0.0,0.0,0.0,0.0,,0.041666666666666664,0,0,0.0,0.0,0.0,0.0,0.0,0.0,379.61,0.0,0.0,0.0,0.0,,,,,0.9991424218136097,-0.041405566442626586,0.9991424218136097,-0.041405566442626586,4.335834921278307,0.2697937707954272,35.0,60.0,,,0.0,6,0.0,0.0,0.76525,0.0,-0.0,40.975,2.5083333333333337,20,1,2022,294
2023-01-21,0.0,4.5,0,0.0,7.3,15.7,11.700000000000001,8.8,6.216666666666666,1.5246897266946686,0.1657697718298754,81.875,239.66666666666666,600.0,92.79166666666667,,,,,,,,87.40460821072307,0.18352339949953156,0.0,0.0,0.0,0.0,0.0,0.0,,0.0,0,0,0.0,0.0,0.0,0.0,0.0,0.0,379.61,0.0,0.0,0.0,0.0,,,,,0.9989742150344835,0.045282642328352475,0.9989742150344835,0.045282642328352475,1.24833971373126,0.1357240006857105,36.0,61.0,,,0.0,6,0.0,0.0,0.7660277777777779,0.0,-0.0,37.3,1.5791666666666675,21,1,2022,295
2023-01-22,0.0,8.0,0,0.0,7.7,16.1,10.870833333333332,11.6,6.841666666666666,4.442785906949461,1.6064815938385146,87.08333333333333,195.625,600.0,95.0,,,,,,,,57.96703097970086,0.6090232166337034,0.0,0.0,0.0,0.0,0.0,0.0,,0.0,0,0,0.0,0.0,0.0,0.0,0.0,0.0,379.61,0.0,0.0,0.0,0.0,,,,,0.8477430307168855,0.5304071585781529,0.8477430307168855,0.5304071585781529,3.868926060635155,1.39897772130104,37.0,62.0,,,0.0,6,0.0,0.0,0.7540277777777776,0.0,-0.0,41.05,-0.8291666666666693,22,1,2022,296
2023-01-23,0.0,0.8,0,0.0,4.7,17.2,11.1,10.7,6.2124999999999995,2.5597573301799272,-0.9923541601895205,79.95833333333333,286.5833333333333,600.0,59.583333333333336,,,,,,,,85.29370791848201,0.4076313678155688,0.0,0.0,0.0,0.0,0.0,0.0,,0.16666666666666666,0,0,0.0,0.0,0.0,0.0,0.0,0.0,379.61,0.0,0.0,0.0,0.0,,,,,0.996628382522994,0.08204795640112361,0.996628382522994,0.08204795640112361,2.0467392985897,-0.7934698472515374,38.0,63.0,,,0.0,6,0.0,0.0,0.7909166666666666,0.0,-0.0,37.275,0.22916666666666785,23,1,2022,297
2023-01-24,0.0,2.7,0,0.0,7.7,18.4,12.420833333333334,13.7,7.545833333333333,-6.149184202373977,1.9593580909989428,75.58333333333333,300.9583333333333,600.0,70.125,,,,,,,,299.4430083579803,0.7539794612633925,0.0,0.0,0.0,0.0,0.0,0.0,,0.125,0,0,0.0,0.0,0.0,0.0,0.0,0.0,379.61,0.0,0.0,0.0,0.0,,,,,-0.8708450749661246,0.4915575809681352,-0.8708450749661246,0.4915575809681352,-4.647758392960998,1.4809481571133674,39.0,64.0,,,0.0,6,0.0,0.0,0.7859166666666666,0.0,-0.0,45.275,1.3208333333333346,24,1,2022,298
2023-01-25,0.0,0.0,0,0.0,5.7,18.2,13.104166666666666,15.9,10.487499999999999,-7.755221728614859,5.957669235059911,72.5,316.25,600.0,20.5,,,,,,,,314.1851401697007,0.9081198830936834,0.0,0.0,0.0,0.0,0.0,0.0,,0.75,0,0,0.0,0.0,0.0,0.0,0.0,0.0,379.61,0.0,0.0,0.0,0.0,,,,,-0.71709139537386,0.6969791465178642,-0.71709139537386,0.6969791465178642,-5.6225357532457725,4.319310195418436,40.0,65.0,,,0.0,6,0.0,0.0,0.7858333333333333,0.0,-0.0,62.925,0.6833333333333318,25,1,2022,299
2023-01-26,0.0,3.2,0,0.0,10.9,18.8,15.158333333333333,26.2,15.020833333333334,-9.128562048901758,5.8625430946293315,67.54166666666667,291.2083333333333,600.0,65.54166666666667,,,,,,,,307.202315972689,0.5219142113339983,0.0,0.0,0.0,0.0,0.0,0.0,,0.125,0,0,0.0,0.0,0.0,0.0,0.0,0.0,379.61,0.0,0.0,0.0,0.0,,,,,-0.7965054786617718,0.6046313111820971,-0.7965054786617718,0.6046313111820971,-6.165582950529062,3.9596593151642283,41.0,66.0,,,0.0,6,0.0,0.0,0.752611111111111,0.0,-0.0,90.125,2.054166666666667,26,1,2022,300
2023-01-27,0.0,0.2,0,0.0,9.6,21.4,15.333333333333334,11.2,8.450000000000001,-0.9511534764604465,3.6659827887602674,75.70833333333333,327.375,600.0,44.833333333333336,,,,,,,,343.59004205729315,0.4145606005773771,0.0,0.0,0.0,0.0,0.0,0.0,,0.4583333333333333,0,0,0.0,0.0,0.0,0.0,0.0,0.0,379.61,0.0,0.0,0.0,0.0,,,,,-0.2825081802788465,0.9592648894208183,-0.2825081802788465,0.9592648894208183,-0.720102444470263,2.775454469657252,42.0,67.0,,,0.0,6,0.0,0.0,0.8039444444444444,0.0,-0.0,50.7,0.1750000000000007,27,1,2022,301
2023-01-28,0.0,0.0,0,0.0,12.4,23.4,17.933333333333334,22.1,13.816666666666668,-10.134075161709529,8.50933624834254,56.583333333333336,360.2916666666667,600.0,51.708333333333336,,,,,,,,314.0835662575023,0.929616883041494,0.0,0.0,0.0,0.0,0.0,0.0,,0.4583333333333333,0,0,0.0,0.0,0.0,0.0,0.0,0.0,379.61,0.0,0.0,0.0,0.0,,,,,-0.7183258719581774,0.6957067928916061,-0.7183258719581774,0.6957067928916061,-5.7341975290006415,4.814866093853821,43.0,68.0,,,0.0,6,0.0,0.0,0.7621388888888889,0.0,-0.0,82.9,2.5999999999999996,28,1,2022,302
2023-01-29,0.0,16.5,0,0.0,13.4,19.9,16.216666666666665,11.4,6.608333333333333,-3.175354510942896,5.2679051111595925,76.5,68.875,330.0,100.0,,,,,,,,331.35775435537545,0.924975035930892,0.0,0.0,0.0,0.0,0.0,0.0,,0.0,0,0,0.0,0.0,0.0,0.0,0.0,0.0,379.61,0.0,0.0,0.0,0.0,,,,,-0.47933908708006184,0.8776297850444986,-0.47933908708006184,0.8776297850444986,-2.4291462008713154,4.029947410037089,44.0,69.0,,,0.0,6,0.0,0.0,0.6342500000000001,0.0,-0.0,39.65,-1.7166666666666686,29,1,2022,303
2023-01-30,0.0,21.6,0,0.0,11.8,13.4,12.754166666666668,10.6,6.433333333333334,4.619588071222226,-2.267719976681551,99.125,78.83333333333333,256.0,100.0,,,,,,,,117.27736210732697,0.5558254303604291,0.0,0.0,0.0,0.0,0.0,0.0,,0.0,0,0,0.0,0.0,0.0,0.0,0.0,0.0,379.61,0.0,0.0,0.0,0.0,,,,,0.8887983783719637,-0.45829842090429207,0.8887983783719637,-0.45829842090429207,4.579166675599032,-2.2478774268855872,45.0,70.0,,,0.0,6,0.0,0.0,0.6807500000000001,0.0,-0.0,38.6,-3.462499999999997,30,1,2022,304
2023-01-31,0.0,1.6,0,0.0,10.9,19.9,14.275,9.7,5.7625,1.3534535741998635,-2.3018933169607174,82.375,293.2083333333333,600.0,68.83333333333333,,,,,,,,121.51347000230398,0.4098068761976899,0.0,0.0,0.0,0.0,0.0,0.0,,0.08333333333333333,0,0,0.0,0.0,0.0,0.0,0.0,0.0,379.61,0.0,0.0,0.0,0.0,,,,,0.8525173035271462,-0.5226990024735112,0.8525173035271462,-0.5226990024735112,1.1149073817471375,-1.8961846198463908,46.0,71.0,,,0.0,6,0.0,0.0,0.8033888888888888,0.0,-0.0,34.575,1.5208333333333321,31,1,2022,305
2023-02-01,0.0,0.0,0,0.0,9.5,19.6,14.158333333333333,16.9,9.299999999999999,-6.134289195654307,3.981067274687407,69.5,354.2916666666667,600.0,32.458333333333336,,,,,,,,313.50623053281413,0.6451130883606381,0.0,0.0,0.0,0.0,0.0,0.0,,0.5,0,0,0.0,0.0,0.0,0.0,0.0,0.0,379.61,0.0,0.0,0.0,0.0,,,,,-0.7252995127673938,0.6884334512350349,-0.7252995127673938,0.6884334512350349,-4.263330990979743,2.766841755907748,47.0,72.0,,,0.0,6,0.0,0.0,0.8011944444444444,0.0,-0.0,55.8,-0.11666666666666714,32,2,2022,306
2023-02-02,0.0,6.1,0,0.0,5.2,11.9,9.254166666666666,37.0,24.09583333333333,-18.408032554330692,15.458644782277537,79.75,241.58333333333334,600.0,69.125,,,,,,,,310.24529954115184,0.9967810585348287,0.0,0.0,0.0,0.0,0.0,0.0,,0.16666666666666666,0,0,0.0,0.0,0.0,0.0,0.0,0.0,379.61,0.0,0.0,0.0,0.0,,,,,-0.7632854742453574,0.6460613630345339,-0.7632854742453574,0.6460613630345339,-14.680405962078728,12.328269213866335,48.0,73.0,,,0.0,6,0.0,0.0,0.6913333333333332,0.0,-0.0,144.575,-4.904166666666667,33,2,2022,307
2023-02-03,5.25,16.2,18,1.4,1.3,6.0,3.1625,26.1,22.704166666666666,-19.004293139343947,12.291273208552207,92.91666666666667,242.83333333333334,600.0,93.375,,,,,,,,302.99970779299554,0.9968300063986518,2.738888888888889,23.033333333333335,26.1,95.05555555555556,-19.652819508872373,11.919536256590938,301.2773017318586,0.0,0,15,5.25,5.2499999999999964,5.25,5.25,5.25,0.0,384.86,0.0,0.0,0.0,0.0,,,,,-0.8386733455796123,0.5446347578095804,-0.8546645755156838,0.5191805691265767,-17.658155708640418,11.42064135627976,0.0,74.0,1.0000000000000007,0.9999999999999993,100.0,0,0.6786302517361112,5.2499999999999964,0.6049444444444445,120.92500000000001,0.0,0.0,-6.091666666666667,34,2,2022,308
2023-02-04,0.07,6.199999999999999,1,0.07,2.0,6.4,4.333333333333333,30.8,24.650000000000002,-22.184417496685708,10.61873048001604,97.91666666666667,154.125,556.0,99.75,,,,,,,,295.3334780863363,0.9977338399504962,6.4,25.6,25.6,100.0,-21.710031261604513,13.56593316437004,302.0,0.0,0,1,5.32,5.319999999999997,5.32,5.32,5.32,0.0,384.93,0.0,0.0,0.0,0.0,,,,,-0.9038326889330306,0.4278860484008417,-0.8480480961564262,0.5299192642332047,-21.722242132171424,10.397506928349038,0.0,75.0,0.013157894736842115,0.9999999999999993,2.156,1,0.004284000000000004,5.319999999999997,0.5713611111111111,1.7920000000000003,0.0,24.650000000000002,1.170833333333333,35,2,2022,309
2023-02-05,0.0,0.0,0,0.0,5.3,17.2,11.049999999999999,22.2,12.112499999999999,-10.176183985175763,5.125725263508698,75.04166666666667,355.7916666666667,600.0,30.958333333333332,,,,,,,,300.12342140893253,0.8124221472875292,0.0,0.0,0.0,0.0,0.0,0.0,,0.5,0,0,0.07,5.319999999999997,5.32,5.32,5.32,0.0,384.93,0.0,0.0,0.0,0.0,,,,,-0.864946340380435,0.5018643524524257,-0.864946340380435,0.5018643524524257,-7.636378065542313,3.846429666491319,1.0,76.0,0.0,0.9999999999999993,0.0,2,0.0,2.6599999999999984,0.8206666666666668,0.0,-0.0,24.224999999999998,6.716666666666666,36,2,2022,310
2023-02-06,0.0,0.0,0,0.0,7.1,20.3,13.674999999999999,12.5,9.529166666666667,-5.358506063855312,2.3719235266367558,66.0,356.0833333333333,600.0,20.5,,,,,,,,295.5164957028233,0.4929460987242267,0.0,0.0,0.0,0.0,0.0,0.0,,0.75,0,0,0.0,0.06999999999999645,5.32,5.32,5.32,0.0,384.93,0.0,0.0,0.0,0.0,,,,,-0.9024613009369598,0.43077093717098675,-0.9024613009369598,0.43077093717098675,-3.536614002144506,1.5654695275802586,2.0,77.0,0.0,0.013157894736841438,0.0,3,0.0,0.02333333333333215,0.7907222222222222,0.0,-0.0,28.5875,2.625,37,2,2022,311
2023-02-07,0.0,0.1,0,0.0,9.8,19.6,14.195833333333333,10.0,6.895833333333333,0.8807901658970612,-0.25206796332812637,77.66666666666667,283.4166666666667,600.0,49.291666666666664,,,,,,,,64.93993009614314,0.20620506957361762,0.0,0.0,0.0,0.0,0.0,0.0,,0.041666666666666664,0,0,0.0,0.0,5.32,5.32,5.32,0.0,384.93,0.0,0.0,0.0,0.0,,,,,0.9058642085951726,0.4235682183382527,0.9058642085951726,0.4235682183382527,0.684080362180051,-0.19577278485151148,3.0,78.0,,0.0,0.0,4,0.0,0.0,0.7811666666666667,0.0,-0.0,27.583333333333332,0.5208333333333339,38,2,2022,312
2023-02-08,0.0,3.3,0,0.0,10.0,17.9,13.333333333333334,12.4,7.6625000000000005,6.396939191859997,2.0681137376949903,85.29166666666667,263.125,600.0,71.70833333333333,,,,,,,,76.93962191074809,0.814767735652307,0.0,0.0,0.0,0.0,0.0,0.0,,0.08333333333333333,0,0,0.0,0.0,5.32,5.32,5.32,0.0,384.93,0.0,0.0,0.0,0.0,,,,,0.9741324711932504,0.22597771696990648,0.9741324711932504,0.22597771696990648,5.45605605239059,1.7639286754423522,4.0,79.0,,0.0,0.0,5,0.0,0.0,0.7930555555555556,0.0,-0.0,38.3125,-0.8624999999999989,39,2,2022,313
2023-02-09,0.0,17.8,0,0.0,9.7,16.2,12.345833333333333,13.0,6.054166666666667,2.3703052704445655,3.0415207824442914,91.625,175.75,600.0,76.70833333333333,,,,,,,,52.83278030875445,0.45331977936303813,0.0,0.0,0.0,0.0,0.0,0.0,,0.16666666666666666,0,0,0.0,0.0,5.32,5.32,5.32,0.0,384.93,0.0,0.0,0.0,0.0,,,,,0.7968756934987631,0.6041433018008768,0.7968756934987631,0.6041433018008768,2.171792204044833,2.7867934169145823,5.0,80.0,,0.0,0.0,6,0.0,0.0,0.7559166666666667,0.0,-0.0,36.325,-0.9875000000000007,40,2,2022,314
2023-02-10,0.0,2.0,0,0.0,10.8,18.3,14.162500000000001,17.6,11.458333333333334,-9.238314619309612,5.274816725349376,72.29166666666667,303.1666666666667,600.0,20.25,,,,,,,,306.68503031017127,0.913388685865121,0.0,0.0,0.0,0.0,0.0,0.0,,0.625,0,0,0.0,0.0,0.07,5.32,5.32,0.0,384.93,0.0,0.0,0.0,0.0,,,,,-0.8019317586230563,0.5974156463566485,-0.8019317586230563,0.5974156463566485,-6.678531610209241,3.813252924367153,6.0,81.0,,0.0,0.0,6,0.0,0.0,0.7764166666666666,0.0,-0.0,68.75,1.8166666666666682,41,2,2022,315
2023-02-11,0.0,0.0,0,0.0,13.0,22.0,17.400000000000002,23.2,15.366666666666667,-12.175304185064817,8.44122443810412,53.166666666666664,346.5833333333333,600.0,7.041666666666667,,,,,,,,309.77398836962004,0.9433746080018613,0.0,0.0,0.0,0.0,0.0,0.0,,0.875,0,0,0.0,0.0,0.0,5.32,5.32,0.0,384.93,0.0,0.0,0.0,0.0,,,,,-0.7685740469121951,0.6397608415752022,-0.7685740469121951,0.6397608415752022,-6.473203391726128,4.487917659592024,7.0,82.0,,,0.0,6,0.0,0.0,0.7416111111111111,0.0,-0.0,92.2,3.2375000000000007,42,2,2022,316
2023-02-12,0.0,0.0,0,0.0,8.3,20.8,14.158333333333333,13.7,6.9875,-2.7965260299233425,-1.505429411377867,72.5,323.25,600.0,31.333333333333332,,,,,,,,243.9762236946067,0.3559569287598423,0.0,0.0,0.0,0.0,0.0,0.0,,0.5,0,0,0.0,0.0,0.0,5.32,5.32,0.0,384.93,0.0,0.0,0.0,0.0,,,,,-0.8986120559316857,-0.43874408592507436,-0.8986120559316857,-0.43874408592507436,-2.0274813716944236,-1.0914363232489537,8.0,83.0,,,0.0,6,0.0,0.0,0.7905000000000001,0.0,-0.0,41.925,-3.241666666666669,43,2,2022,317
2023-02-13,0.0,1.7,0,0.0,6.9,13.8,9.945833333333335,10.2,6.170833333333333,4.508649673998203,-2.8775251538412783,91.41666666666667,173.83333333333334,535.0,100.0,,,,,,,,123.40828143340302,0.774583131622661,0.0,0.0,0.0,0.0,0.0,0.0,,0.0,0,0,0.0,0.0,0.0,5.32,5.32,0.0,384.93,0.0,0.0,0.0,0.0,,,,,0.8347682890039873,-0.5506014018083824,0.8347682890039873,-0.5506014018083824,4.121657243646691,-2.6305375781365687,9.0,84.0,,,0.0,6,0.0,0.0,0.7272777777777778,0.0,-0.0,37.025,-4.212499999999999,44,2,2022,318
2023-02-14,0.0,0.6000000000000001,0,0.0,5.9,18.1,11.104166666666666,10.2,6.245833333333334,3.186889311992131,-1.6163545575823406,82.04166666666667,235.95833333333334,600.0,74.95833333333333,,,,,,,,117.21793183837704,0.47639288734862295,0.0,0.0,0.0,0.0,0.0,0.0,,0.0,0,0,0.0,0.0,0.0,5.32,5.32,0.0,384.93,0.0,0.0,0.0,0.0,,,,,0.8892732719696584,-0.4573762649727004,0.8892732719696584,-0.4573762649727004,2.6145771063802115,-1.3260842182831787,10.0,85.0,,,0.0,6,0.0,0.0,0.7641111111111112,0.0,-0.0,37.475,1.1583333333333314,45,2,2022,319
2023-02-15,0.0,0.0,0,0.0,8.4,19.5,14.454166666666666,11.3,8.220833333333333,-5.594794394287873,3.029900118601537,70.04166666666667,319.25,600.0,50.875,,,,,,,,305.22648963252016,0.668341509045751,0.0,0.0,0.0,0.0,0.0,0.0,,0.2916666666666667,0,0,0.0,0.0,0.0,5.32,5.32,0.0,384.93,0.0,0.0,0.0,0.0,,,,,-0.8168783083071189,0.576810046217383,-0.8168783083071189,0.576810046217383,-3.9186872403324644,2.1221925414038267,11.0,86.0,,,0.0,6,0.0,0.0,0.779638888888889,0.0,-0.0,49.325,3.3499999999999996,46,2,2022,320
2023-02-16,0.0,0.1,0,0.0,12.2,20.6,16.166666666666668,14.0,8.525,-6.48117340038765,3.167659241455222,65.125,257.9166666666667,600.0,47.208333333333336,,,,,,,,307.28574439717465,0.8134424458171546,0.0,0.0,0.0,0.0,0.0,0.0,,0.2916666666666667,0,0,0.0,0.0,0.0,5.32,5.32,0.0,384.93,0.0,0.0,0.0,0.0,,,,,-0.7956242305122719,0.6057904619765445,-0.7956242305122719,0.6057904619765445,-4.220864177002457,2.0629380809977134,12.0,87.0,,,0.0,6,0.0,0.0,0.7223611111111111,0.0,-0.0,51.150000000000006,1.7125000000000021,47,2,2022,321
2023-02-17,0.0,1.9000000000000001,0,0.0,14.2,21.8,18.195833333333333,18.1,11.595833333333333,-7.779112802110362,7.609305112931367,59.708333333333336,212.25,600.0,55.833333333333336,,,,,,,,319.24563523425616,0.9297481426823013,0.0,0.0,0.0,0.0,0.0,0.0,,0.2916666666666667,0,0,0.0,0.0,0.0,0.07,5.32,0.0,384.93,0.0,0.0,0.0,0.0,,,,,-0.6528174615155407,0.757515255252596,-0.6528174615155407,0.757515255252596,-4.644778602260062,4.5433892611794375,13.0,88.0,,,0.0,6,0.0,0.0,0.6738611111111111,0.0,-0.0,69.575,2.029166666666665,48,2,2022,322
2023-02-18,0.0,1.3,0,0.0,10.8,23.2,18.545833333333334,26.4,16.058333333333334,-9.112860075358997,7.377551834351262,62.583333333333336,305.7083333333333,600.0,29.541666666666668,,,,,,,,311.2219922580614,0.4688743715128407,0.0,0.0,0.0,0.0,0.0,0.0,,0.6666666666666666,0,0,0.0,0.0,0.0,0.0,5.32,0.0,384.93,0.0,0.0,0.0,0.0,,,,,-0.7521620238823293,0.6589782165058555,-0.7521620238823293,0.6589782165058555,-5.703131597162172,4.6171178563314985,14.0,89.0,,,0.0,6,0.0,0.0,0.74575,0.0,-0.0,96.35,0.3500000000000014,49,2,2022,323
2023-02-19,0.0,0.0,0,0.0,11.5,23.6,16.9375,11.2,7.4125000000000005,-2.0223901795844266,3.039180739714619,64.5,331.4166666666667,600.0,22.583333333333332,,,,,,,,337.117612038303,0.4259074914505513,0.0,0.0,0.0,0.0,0.0,0.0,,0.625,0,0,0.0,0.0,0.0,0.0,5.32,0.0,384.93,0.0,0.0,0.0,0.0,,,,,-0.38884077036962955,0.9213049740983454,-0.38884077036962955,0.9213049740983454,-1.304441665831955,1.9602715771159291,15.0,90.0,,,0.0,6,0.0,0.0,0.7692777777777778,0.0,-0.0,44.475,-1.6083333333333343,50,2,2022,324
2023-02-20,0.0,0.8,0,0.0,12.3,23.5,17.6875,14.0,10.066666666666666,-3.150726574887748,4.143462115263647,60.083333333333336,330.1666666666667,600.0,20.041666666666668,,,,,,,,326.1068156252742,0.4697608992885746,0.0,0.0,0.0,0.0,0.0,0.0,,0.7916666666666666,0,0,0.0,0.0,0.0,0.0,5.32,0.0,384.93,0.0,0.0,0.0,0.0,,,,,-0.5576463708380719,0.8300786258488575,-0.5576463708380719,0.8300786258488575,-1.893061550411722,2.489530154254241,16.0,91.0,,,0.0,6,0.0,0.0,0.7537222222222223,0.0,-0.0,60.4,0.75,51,2,2022,325
2023-02-21,0.0,7.1000000000000005,0,0.0,8.6,17.8,13.191666666666668,17.9,9.945833333333333,5.723903970131031,-1.8889626797258912,92.0,171.125,600.0,70.875,,,,,,,,112.13321818444156,0.4070081078771908,0.0,0.0,0.0,0.0,0.0,0.0,,0.20833333333333334,0,0,0.0,0.0,0.0,0.0,5.32,0.0,384.93,0.0,0.0,0.0,0.0,,,,,0.926310352871545,-0.3767613703168013,0.926310352871545,-0.3767613703168013,5.265991652520548,-1.7378456653478198,17.0,92.0,,,0.0,6,0.0,0.0,0.7540833333333333,0.0,-0.0,59.675,-4.495833333333332,52,2,2022,326
2023-02-22,0.0,0.7000000000000001,0,0.0,6.1,16.7,10.079166666666667,18.7,11.975,10.729108781643555,3.1254815775298552,85.29166666666667,250.04166666666666,600.0,59.958333333333336,,,,,,,,73.72489073489739,0.9148085025668754,0.0,0.0,0.0,0.0,0.0,0.0,,0.3333333333333333,0,0,0.0,0.0,0.0,0.0,5.32,0.0,384.93,0.0,0.0,0.0,0.0,,,,,0.9599271301143959,0.28024971876942123,0.9599271301143959,0.28024971876942123,9.151035698343483,2.665775328834839,18.0,93.0,,,0.0,6,0.0,0.0,0.7843333333333334,0.0,-0.0,71.85,-3.1125000000000007,53,2,2022,327
2023-02-23,0.0,0.0,0,0.0,5.9,19.6,12.308333333333332,10.1,6.925,4.382803612007375,2.7252411925938174,69.79166666666667,320.4166666666667,600.0,40.041666666666664,,,,,,,,56.3224310688448,0.7346189134632997,0.0,0.0,0.0,0.0,0.0,0.0,,0.5,0,0,0.0,0.0,0.0,0.0,5.32,0.0,384.93,0.0,0.0,0.0,0.0,,,,,0.8321712777458388,0.554518678220002,0.8321712777458388,0.554518678220002,3.058831687546814,1.9019912489977684,19.0,94.0,,,0.0,6,0.0,0.0,0.7795833333333334,0.0,-0.0,41.55,2.2291666666666643,54,2,2022,328
2023-02-24,0.0,0.0,0,0.0,8.3,20.7,14.245833333333332,10.7,5.229166666666667,-2.0365053051361026,1.8873871963501918,67.375,306.2083333333333,600.0,25.125,,,,,,,,310.1053613331936,0.458649834862154,0.0,0.0,0.0,0.0,0.0,0.0,,0.4583333333333333,0,0,0.0,0.0,0.0,0.0,5.32,0.0,384.93,0.0,0.0,0.0,0.0,,,,,-0.7648611250430961,0.6441952028677406,-0.7648611250430961,0.6441952028677406,-1.3720954493354491,1.2716271235409418,20.0,95.0,,,0.0,6,0.0,0.0,0.7620555555555555,0.0,-0.0,31.375,1.9375,55,2,2022,329
2023-02-25,0.0,0.0,0,0.0,10.9,18.9,14.595833333333333,16.1,11.049999999999999,-8.859732283242318,6.108378234460978,59.916666666666664,316.0833333333333,600.0,42.458333333333336,,,,,,,,307.075961589269,0.9711864721563017,0.0,0.0,0.0,0.0,0.0,0.0,,0.5,0,0,0.0,0.0,0.0,0.0,5.32,0.0,384.93,0.0,0.0,0.0,0.0,,,,,-0.7978369341796621,0.6028733087961331,-0.7978369341796621,0.6028733087961331,-5.308456259709356,3.6599366254812025,21.0,96.0,,,0.0,6,0.0,0.0,0.7437777777777778,0.0,-0.0,66.3,0.3500000000000014,56,2,2022,330
2023-02-26,0.0,2.6,0,0.0,10.5,16.4,13.825000000000001,32.8,17.520833333333332,-14.13226166012165,9.698727665894813,73.20833333333333,221.5,600.0,54.625,,,,,,,,310.7359880195757,0.8983956219276393,0.0,0.0,0.0,0.0,0.0,0.0,,0.3333333333333333,0,0,0.0,0.0,0.0,0.0,5.32,0.0,384.93,0.0,0.0,0.0,0.0,,,,,-0.7577245975158526,0.6525744664936249,-0.7577245975158526,0.6525744664936249,-10.345993223680724,7.100276878740495,22.0,97.0,,,0.0,6,0.0,0.0,0.7250277777777777,0.0,-0.0,105.125,-0.7708333333333321,57,2,2022,331
2023-02-27,0.0,0.2,0,0.0,8.4,19.1,13.079166666666666,10.5,5.295833333333333,2.478955279975759,-0.7006241736952411,72.45833333333333,240.70833333333334,600.0,61.75,,,,,,,,78.88085603494875,0.3913720906511893,0.0,0.0,0.0,0.0,0.0,0.0,,0.125,0,0,0.0,0.0,0.0,0.0,5.32,0.0,384.93,0.0,0.0,0.0,0.0,,,,,0.9812282827730396,0.1928498304024969,0.9812282827730396,0.1928498304024969,1.7962096799491019,-0.50766059919001,23.0,98.0,,,0.0,6,0.0,0.0,0.7353333333333333,0.0,-0.0,31.775,-0.7458333333333353,58,2,2022,332
2023-02-28,0.0,0.0,0,0.0,9.5,18.1,13.7125,13.0,7.591666666666666,-3.5631716946701815,3.5482717124649383,76.625,266.6666666666667,600.0,93.75,,,,,,,,319.1098768099641,0.5498941109797244,0.0,0.0,0.0,0.0,0.0,0.0,,0.0,0,0,0.0,0.0,0.0,0.0,5.32,0.0,384.93,0.0,0.0,0.0,0.0,,,,,-0.6546105078120777,0.755966324026417,-0.6546105078120777,0.755966324026417,-2.7302803110410263,2.7188631996762593,24.0,99.0,,,0.0,6,0.0,0.0,0.7665277777777777,0.0,-0.0,45.55,0.6333333333333346,59,2,2022,333
2023-03-01,0.0,2.1,0,0.0,9.5,16.7,12.262500000000001,8.2,5.2250000000000005,0.969043054615088,-2.306516918716841,87.58333333333333,198.29166666666666,600.0,66.95833333333333,,,,,,,,166.06310616138816,0.4277672546884947,0.0,0.0,0.0,0.0,0.0,0.0,,0.041666666666666664,0,0,0.0,0.0,0.0,0.0,5.32,0.0,384.93,0.0,0.0,0.0,0.0,,,,,0.24085305537582144,-0.9705615929533434,0.24085305537582144,-0.9705615929533434,0.8487202086670479,-2.0201244013095,25.0,100.0,,,0.0,6,0.0,0.0,0.7574722222222222,0.0,-0.0,31.35,-1.4499999999999993,60,3,2022,334
2023-03-02,0.0,0.0,0,0.0,8.7,19.1,13.620833333333332,12.9,9.174999999999999,-4.137098498806483,3.8447163015942896,77.08333333333333,297.5833333333333,600.0,27.833333333333332,,,,,,,,322.77319504804325,0.4697303415119017,0.0,0.0,0.0,0.0,0.0,0.0,,0.7083333333333334,0,0,0.0,0.0,0.0,0.0,5.32,0.0,384.93,0.0,0.0,0.0,0.0,,,,,-0.6049716929940379,0.7962469784406894,-0.6049716929940379,0.7962469784406894,-3.1890134261633305,2.9636354824789315,26.0,101.0,,,0.0,6,0.0,0.0,0.7886666666666665,0.0,-0.0,55.05,1.3583333333333307,61,3,2022,335
2023-03-03,0.0,1.8,0,0.0,10.8,17.8,13.179166666666667,10.3,5.904166666666666,4.848666925586994,1.0481243343518842,87.91666666666667,190.25,600.0,78.75,,,,,,,,81.8673927989453,0.703056069804244,0.0,0.0,0.0,0.0,0.0,0.0,,0.0,0,0,0.0,0.0,0.0,0.0,5.32,0.0,384.93,0.0,0.0,0.0,0.0,,,,,0.9899433100809549,0.14146463454150743,0.9899433100809549,0.14146463454150743,4.262786338745233,0.9214759772843649,27.0,102.0,,,0.0,6,0.0,0.0,0.7532222222222223,0.0,-0.0,35.425,-0.44166666666666465,62,3,2022,336
2023-03-04,0.0,1.9000000000000001,0,0.0,10.5,18.1,14.083333333333334,16.1,10.229166666666666,-3.286204965071379,7.061617573607276,80.54166666666667,229.95833333333334,600.0,89.0,,,,,,,,339.7580786636453,0.7688233616531144,0.0,0.0,0.0,0.0,0.0,0.0,,0.0,0,0,0.0,0.0,0.0,0.0,5.32,0.0,384.93,0.0,0.0,0.0,0.0,,,,,-0.345984769334737,0.9382401288520913,-0.345984769334737,0.9382401288520913,-2.64676424895124,5.687544487409528,28.0,103.0,,,0.0,6,0.0,0.0,0.7551111111111112,0.0,-0.0,61.375,0.9041666666666668,63,3,2022,337
2023-03-05,0.0,3.4,0,0.0,12.6,18.3,15.1625,28.1,18.337500000000002,-13.309521761410634,12.333102809678905,73.45833333333333,221.58333333333334,600.0,65.58333333333333,,,,,,,,314.31705003029094,0.987399522648138,0.0,0.0,0.0,0.0,0.0,0.0,,0.0,0,0,0.0,0.0,0.0,0.0,0.07,0.0,384.93,0.0,0.0,0.0,0.0,,,,,-0.7154848681800459,0.6986282297512622,-0.7154848681800459,0.6986282297512622,-9.77695286056956,9.05969177227663,29.0,104.0,,,0.0,6,0.0,0.0,0.7259166666666667,0.0,-0.0,110.025,1.0791666666666657,64,3,2022,338
2023-03-06,0.0,3.0,0,0.0,8.3,16.2,12.620833333333332,31.9,20.795833333333334,-17.469980988010168,11.04283065127018,71.33333333333333,299.2083333333333,600.0,31.041666666666668,,,,,,,,304.0604133921694,0.9909175948554484,0.0,0.0,0.0,0.0,0.0,0.0,,0.6666666666666666,0,0,0.0,0.0,0.0,0.0,0.0,0.0,384.93,0.0,0.0,0.0,0.0,,,,,-0.8284474917617682,0.560066740124456,-0.8284474917617682,0.560066740124456,-12.461919771447251,7.877219197906061,30.0,105.0,,,0.0,6,0.0,0.0,0.7705833333333333,0.0,-0.0,124.775,-2.541666666666668,65,3,2022,339
2023-03-07,0.0,0.0,0,0.0,7.7,13.3,9.762500000000001,35.5,31.40833333333333,-26.093481199558756,17.373884399840275,69.0,275.8333333333333,600.0,35.708333333333336,,,,,,,,303.54215602913877,0.9980088328139225,0.0,0.0,0.0,0.0,0.0,0.0,,0.4166666666666667,0,0,0.0,0.0,0.0,0.0,0.0,0.0,384.93,0.0,0.0,0.0,0.0,,,,,-0.8334795024052037,0.552550376952522,-0.8334795024052037,0.552550376952522,-18.00450202769554,11.98798023588979,31.0,106.0,,,0.0,6,0.0,0.0,0.7094444444444444,0.0,-0.0,188.45,-2.8583333333333307,66,3,2022,340
2023-03-08,0.0,4.5,0,0.0,4.6,7.9,5.954166666666667,35.7,27.383333333333336,-23.822110359783508,13.307718084194265,91.29166666666667,136.0,462.0,99.66666666666667,,,,,,,,298.833077897882,0.996669517065862,0.0,0.0,0.0,0.0,0.0,0.0,,0.0,0,0,0.0,0.0,0.0,0.0,0.0,0.0,384.93,0.0,0.0,0.0,0.0,,,,,-0.8760284088471042,0.4822595016096738,-0.8760284088471042,0.4822595016096738,-21.747601582619026,12.148837634362348,32.0,107.0,,,0.0,6,0.0,0.0,0.5705277777777779,0.0,-0.0,164.3,-3.8083333333333345,67,3,2022,341
2023-03-09,0.0,0.0,0,0.0,1.7,11.7,6.233333333333333,21.7,15.295833333333334,-13.960276914854704,5.525599876502355,80.375,257.0,600.0,44.791666666666664,,,,,,,,293.73144006033607,0.9703279303080079,0.0,0.0,0.0,0.0,0.0,0.0,,0.3333333333333333,0,0,0.0,0.0,0.0,0.0,0.0,0.0,384.93,0.0,0.0,0.0,0.0,,,,,-0.9154418936577806,0.40245017000401007,-0.9154418936577806,0.40245017000401007,-11.220572570314468,4.441200900738767,33.0,108.0,,,0.0,6,0.0,0.0,0.69925,0.0,-0.0,91.775,0.2791666666666668,68,3,2022,342
2023-03-10,0.0,0.0,0,0.0,4.7,18.5,11.079166666666666,9.8,6.2749999999999995,-2.654431729357167,3.774428215868166,63.375,291.375,600.0,7.208333333333333,,,,,,,,333.3264631289751,0.7272754436551586,0.0,0.0,0.0,0.0,0.0,0.0,,0.8333333333333334,0,0,0.0,0.0,0.0,0.0,0.0,0.0,384.93,0.0,0.0,0.0,0.0,,,,,-0.44890633039615646,0.8935788194279545,-0.44890633039615646,0.8935788194279545,-1.6822461084801046,2.3920438818064502,34.0,109.0,,,0.0,6,0.0,0.0,0.7388333333333333,0.0,-0.0,37.65,4.845833333333332,69,3,2022,343
2023-03-11,0.0,0.0,0,0.0,7.2,15.3,11.2125,17.3,9.783333333333333,-7.430823156565871,5.585383247075064,65.83333333333333,207.75,600.0,54.833333333333336,,,,,,,,315.3730068991288,0.9301751717002863,0.0,0.0,0.0,0.0,0.0,0.0,,0.375,0,0,0.0,0.0,0.0,0.0,0.0,0.0,384.93,0.0,0.0,0.0,0.0,,,,,-0.7024884236928393,0.711695169702275,-0.7024884236928393,0.711695169702275,-4.891958578072531,3.6770439709910834,35.0,110.0,,,0.0,6,0.0,0.0,0.6912777777777778,0.0,-0.0,58.7,0.13333333333333464,70,3,2022,344
2023-03-12,0.0,5.2,0,0.0,7.8,16.8,11.358333333333334,12.1,7.708333333333333,1.277349527839167,-2.258262409778333,72.29166666666667,226.75,600.0,46.625,,,,,,,,181.44798596508406,0.17972369847630879,0.0,0.0,0.0,0.0,0.0,0.0,,0.4166666666666667,0,0,0.0,0.0,0.0,0.0,0.0,0.0,384.93,0.0,0.0,0.0,0.0,,,,,-0.025269432565314064,-0.9996806769052942,-0.025269432565314064,-0.9996806769052942,0.9234172628337314,-1.6325355337355865,36.0,111.0,,,0.0,6,0.0,0.0,0.7254722222222223,0.0,-0.0,46.25,0.14583333333333393,71,3,2022,345
2023-03-13,0.0,1.2,0,0.0,7.9,16.4,11.004166666666668,14.2,9.883333333333333,8.348170873982491,2.855424120876346,85.375,216.625,600.0,83.16666666666667,,,,,,,,68.54773442640409,0.8892935826405896,0.0,0.0,0.0,0.0,0.0,0.0,,0.08333333333333333,0,0,0.0,0.0,0.0,0.0,0.0,0.0,384.93,0.0,0.0,0.0,0.0,,,,,0.9307225856157363,0.3657259474316231,0.9307225856157363,0.3657259474316231,7.127250883662552,2.4378183431981806,37.0,112.0,,,0.0,6,0.0,0.0,0.7623333333333333,0.0,-0.0,59.3,-0.3541666666666661,72,3,2022,346
2023-03-14,0.0,0.5,0,0.0,7.9,17.6,12.625,8.5,5.075,-1.098527012346021,4.306590115894629,75.66666666666667,182.91666666666666,600.0,67.25,,,,,,,,345.75451469495465,0.8614565275502637,0.0,0.0,0.0,0.0,0.0,0.0,,0.16666666666666666,0,0,0.0,0.0,0.0,0.0,0.0,0.0,384.93,0.0,0.0,0.0,0.0,,,,,-0.24607692046343863,0.969250302664503,-0.24607692046343863,0.969250302664503,-0.8312187726751559,3.2586531876936027,38.0,113.0,,,0.0,6,0.0,0.0,0.7075,0.0,-0.0,30.450000000000003,1.6208333333333318,73,3,2022,347
2023-03-15,0.0,1.2,0,0.0,10.4,17.5,13.508333333333333,13.3,10.745833333333332,-9.225179251804878,4.489210518003957,78.625,239.08333333333334,600.0,49.291666666666664,,,,,,,,297.44479421747064,0.9552543406367232,0.0,0.0,0.0,0.0,0.0,0.0,,0.25,0,0,0.0,0.0,0.0,0.0,0.0,0.0,384.93,0.0,0.0,0.0,0.0,,,,,-0.8874553266269393,0.46089374398170396,-0.8874553266269393,0.46089374398170396,-7.253297186731586,3.529641769780611,39.0,114.0,,,0.0,6,0.0,0.0,0.7548055555555555,0.0,-0.0,64.475,0.8833333333333329,74,3,2022,348
2023-03-16,0.0,0.0,0,0.0,12.8,19.0,14.9375,28.8,23.629166666666666,-21.042809854645466,10.484671421059511,57.708333333333336,274.9166666666667,600.0,36.375,,,,,,,,297.28786162434795,0.9942552111486005,0.0,0.0,0.0,0.0,0.0,0.0,,0.5,0,0,0.0,0.0,0.0,0.0,0.0,0.0,384.93,0.0,0.0,0.0,0.0,,,,,-0.8887143797401179,0.458461286526068,-0.8887143797401179,0.458461286526068,-12.143454853618321,6.0505291325697605,40.0,115.0,,,0.0,6,0.0,0.0,0.7089722222222222,0.0,-0.0,141.775,1.4291666666666671,75,3,2022,349
2023-03-17,0.0,0.0,0,0.0,9.4,18.1,13.491666666666667,28.5,17.079166666666666,-14.806498340054816,8.289176498978605,67.20833333333333,273.3333333333333,600.0,44.25,,,,,,,,299.87478578091657,0.9938663022309285,0.0,0.0,0.0,0.0,0.0,0.0,,0.16666666666666666,0,0,0.0,0.0,0.0,0.0,0.0,0.0,384.93,0.0,0.0,0.0,0.0,,,,,-0.8671160350543502,0.4981061952552116,-0.8671160350543502,0.4981061952552116,-9.951200759378507,5.571017372021871,41.0,116.0,,,0.0,6,0.0,0.0,0.7395833333333334,0.0,-0.0,102.475,-1.4458333333333329,76,3,2022,350
2023-03-18,0.0,0.0,0,0.0,10.5,21.5,16.741666666666667,22.0,17.179166666666667,-12.822973348073779,11.268667852104763,44.666666666666664,267.5833333333333,600.0,52.916666666666664,,,,,,,,312.1169648856073,0.9935889972190943,0.0,0.0,0.0,0.0,0.0,0.0,,0.4583333333333333,0,0,0.0,0.0,0.0,0.0,0.0,0.0,384.93,0.0,0.0,0.0,0.0,,,,,-0.7417772997502347,0.6706462835021533,-0.7417772997502347,0.6706462835021533,-5.727594762139621,5.0333383072734605,42.0,117.0,,,0.0,6,0.0,0.0,0.6606111111111111,0.0,-0.0,103.075,3.25,77,3,2022,351
2023-03-19,0.0,0.0,0,0.0,16.5,25.0,20.3125,19.2,15.591666666666667,-11.788213974369157,9.61160501378569,42.458333333333336,247.5,600.0,76.0,,,,,,,,309.4772984086487,0.9730731003545238,0.0,0.0,0.0,0.0,0.0,0.0,,0.041666666666666664,0,0,0.0,0.0,0.0,0.0,0.0,0.0,384.93,0.0,0.0,0.0,0.0,,,,,-0.7718765481445834,0.6357724391827649,-0.7718765481445834,0.6357724391827649,-5.005079183284238,4.080927295436507,43.0,118.0,,,0.0,6,0.0,0.0,0.6398611111111111,0.0,-0.0,93.55,3.570833333333333,78,3,2022,352
2023-03-20,0.0,2.4,0,0.0,8.1,18.1,12.362499999999999,13.0,7.854166666666667,5.144025233026793,-0.030577579622776647,82.25,142.20833333333334,502.0,97.875,,,,,,,,93.41228013122446,0.6049240493179161,0.0,0.0,0.0,0.0,0.0,0.0,,0.0,0,0,0.0,0.0,0.0,0.0,0.0,0.0,384.93,0.0,0.0,0.0,0.0,,,,,0.998227093936609,-0.05952032367916255,0.998227093936609,-0.05952032367916255,4.230960754164537,-0.02515005923973379,44.0,119.0,,,0.0,6,0.0,0.0,0.7023055555555556,0.0,-0.0,47.125,-7.950000000000001,79,3,2022,353
2023-03-21,0.0,7.3,0,0.0,7.6,19.8,12.112499999999999,11.8,8.200000000000001,-0.41334597958569813,4.450453839071142,88.16666666666667,169.58333333333334,600.0,98.08333333333333,,,,,,,,350.106496414254,0.5726410041652671,0.0,0.0,0.0,0.0,0.0,0.0,,0.0,0,0,0.0,0.0,0.0,0.0,0.0,0.0,384.93,0.0,0.0,0.0,0.0,,,,,-0.17181740371765009,0.985128813800371,-0.17181740371765009,0.985128813800371,-0.36443337200139053,3.9238168014477237,45.0,120.0,,,0.0,6,0.0,0.0,0.7402777777777777,0.0,-0.0,49.2,-0.25,80,3,2022,354
2023-03-22,0.0,7.8999999999999995,0,0.0,8.7,14.7,11.704166666666666,19.2,13.766666666666666,-10.99453167647407,7.939679466794588,93.33333333333333,169.70833333333334,596.0,70.70833333333333,,,,,,,,308.0061976261197,0.9806028185084127,0.0,0.0,0.0,0.0,0.0,0.0,,0.25,0,0,0.0,0.0,0.0,0.0,0.0,0.0,384.93,0.0,0.0,0.0,0.0,,,,,-0.7879441535219868,0.6157467100444142,-0.7879441535219868,0.6157467100444142,-10.261562898042463,7.4103675023416145,46.0,121.0,,,0.0,6,0.0,0.0,0.7509166666666666,0.0,-0.0,82.6,-0.4083333333333332,81,3,2022,355
2023-03-23,0.0,1.8,0,0.0,8.6,16.3,11.704166666666666,13.4,7.958333333333333,-5.462284486514693,5.271995340222033,84.83333333333333,119.04166666666667,600.0,54.666666666666664,,,,,,,,318.37547674479447,0.9264689404018104,0.0,0.0,0.0,0.0,0.0,0.0,,0.2916666666666667,0,0,0.0,0.0,0.0,0.0,0.0,0.0,384.93,0.0,0.0,0.0,0.0,,,,,-0.6642462180461506,0.7475138539260565,-0.6642462180461506,0.7475138539260565,-4.633838006059964,4.472409380288358,47.0,122.0,,,0.0,6,0.0,0.0,0.6954722222222222,0.0,-0.0,47.75,0.0,82,3,2022,356
2023-03-24,0.0,0.5,0,0.0,7.0,17.2,11.737499999999999,11.2,5.625,-0.8511150161878699,-0.8689379940700244,76.08333333333333,216.04166666666666,600.0,47.458333333333336,,,,,,,,293.51661173166167,0.1498704575645317,0.0,0.0,0.0,0.0,0.0,0.0,,0.375,0,0,0.0,0.0,0.0,0.0,0.0,0.0,384.93,0.0,0.0,0.0,0.0,,,,,-0.9169444267600675,0.39901493485037764,-0.9169444267600675,0.39901493485037764,-0.647556674816271,-0.6611169904882769,48.0,123.0,,,0.0,6,0.0,0.0,0.7309722222222222,0.0,-0.0,33.75,0.033333333333333215,83,3,2022,357
2023-03-25,0.0,5.7,0,0.0,7.1,13.3,10.316666666666666,9.1,6.425,5.197871517725515,2.4002964048565576,94.5,113.29166666666667,384.0,90.91666666666667,,,,,,,,62.498187121322054,0.8683488055513678,0.0,0.0,0.0,0.0,0.0,0.0,,0.0,0,0,0.0,0.0,0.0,0.0,0.0,0.0,384.93,0.0,0.0,0.0,0.0,,,,,0.8869962226840058,0.4617766786492207,0.8869962226840058,0.4617766786492207,4.9119885842506115,2.268280102589447,49.0,124.0,,,0.0,6,0.0,0.0,0.6860833333333334,0.0,-0.0,38.55,-1.4208333333333325,84,3,2022,358
2023-03-26,0.0,2.6999999999999997,0,0.0,8.2,15.3,11.5,14.0,7.995833333333334,-4.132064992373265,5.815994885337047,91.91666666666667,174.58333333333334,600.0,88.20833333333333,,,,,,,,331.3116235553663,0.8701119948631041,0.0,0.0,0.0,0.0,0.0,0.0,,0.0,0,0,0.0,0.0,0.0,0.0,0.0,0.0,384.93,0.0,0.0,0.0,0.0,,,,,-0.4800455415236879,0.8772435682655241,-0.4800455415236879,0.8772435682655241,-3.79805640548976,5.345868632105636,50.0,125.0,,,0.0,6,0.0,0.0,0.7561111111111112,0.0,-0.0,47.975,1.1833333333333336,85,3,2022,359
2023-03-27,0.0,3.9,0,0.0,10.1,14.9,11.629166666666668,15.9,12.454166666666666,-10.59782751353198,6.248493454094664,91.70833333333333,119.875,552.0,100.0,,,,,,,,302.1709107970418,0.9856809019447541,0.0,0.0,0.0,0.0,0.0,0.0,,0.0,0,0,0.0,0.0,0.0,0.0,0.0,0.0,384.93,0.0,0.0,0.0,0.0,,,,,-0.8464635996052773,0.532446593137074,-0.8464635996052773,0.532446593137074,-9.71909098220162,5.730389205192648,51.0,126.0,,,0.0,6,0.0,0.0,0.7167222222222221,0.0,-0.0,74.725,0.1291666666666682,86,3,2022,360
2023-03-28,0.0,4.9,0,0.0,10.1,16.1,12.341666666666667,23.6,15.041666666666666,-12.210199003632049,7.928750391152661,91.0,189.91666666666666,600.0,89.625,,,,,,,,308.8153547389599,0.9432580347661449,0.0,0.0,0.0,0.0,0.0,0.0,,0.0,0,0,0.0,0.0,0.0,0.0,0.0,0.0,384.93,0.0,0.0,0.0,0.0,,,,,-0.779170012922073,0.626812644227138,-0.779170012922073,0.626812644227138,-11.111281093305164,7.215162855948922,52.0,127.0,,,0.0,6,0.0,0.0,0.7632777777777777,0.0,-0.0,90.25,0.7124999999999986,87,3,2022,361
2023-03-29,0.0,8.3,0,0.0,4.9,12.4,9.2375,15.9,8.466666666666667,-7.216935466077604,-0.3369780097433946,94.66666666666667,114.58333333333333,600.0,93.79166666666667,,,,,,,,279.48138259320854,0.795327313175018,0.0,0.0,0.0,0.0,0.0,0.0,,0.0,0,0,0.0,0.0,0.0,0.0,0.0,0.0,384.93,0.0,0.0,0.0,0.0,,,,,-0.9863391792204151,0.16472711839523507,-0.9863391792204151,0.16472711839523507,-6.832032241220133,-0.3190058492237469,53.0,128.0,,,0.0,6,0.0,0.0,0.6675000000000001,0.0,-0.0,50.8,-3.104166666666666,88,3,2022,362
2023-03-30,0.0,1.6,0,0.0,3.7,9.3,5.766666666666667,18.0,14.658333333333333,-13.877092742207758,1.4772064086962484,90.95833333333333,138.41666666666666,522.0,94.58333333333333,,,,,,,,275.8304855734297,0.9529013256757454,0.0,0.0,0.0,0.0,0.0,0.0,,0.0,0,0,0.0,0.0,0.0,0.0,0.0,0.0,384.93,0.0,0.0,0.0,0.0,,,,,-0.994826798613848,0.10158563264419959,-0.994826798613848,0.10158563264419959,-12.622372273433138,1.343642329243296,54.0,129.0,,,0.0,6,0.0,0.0,0.6021388888888889,0.0,-0.0,87.95,-3.470833333333334,89,3,2022,363
2023-03-31,0.0,0.30000000000000004,0,0.0,4.1,9.9,6.133333333333333,18.3,14.291666666666666,-12.918886309317813,5.9592595623851,94.29166666666667,143.125,600.0,96.41666666666667,,,,,,,,295.53421130583934,0.9947394094530511,0.0,0.0,0.0,0.0,0.0,0.0,,0.0,0,0,0.0,0.0,0.0,0.0,0.0,0.0,384.93,0.0,0.0,0.0,0.0,,,,,-0.9023280653214926,0.4310499536401463,-0.9023280653214926,0.4310499536401463,-12.181433215827587,5.619085162365617,55.0,130.0,,,0.0,6,0.0,0.0,0.6297222222222222,0.0,-0.0,85.75,0.36666666666666625,90,3,2022,364
2023-04-01,0.0,0.4,0,0.0,2.8,8.6,5.05,10.2,6.875,1.966776032985669,-2.7237901077126447,90.58333333333333,124.08333333333333,530.0,96.83333333333333,,,,,,,,150.11024199642677,0.4279851922585983,0.0,0.0,0.0,0.0,0.0,0.0,,0.0,0,0,0.0,0.0,0.0,0.0,0.0,0.0,0.0,0.0,0.0,0.0,0.0,,,,,0.4983327683099505,-0.8669858430381324,0.4983327683099505,-0.8669858430381324,1.7815712898795184,-2.4672998725697037,56.0,131.0,,,0.0,0,0.0,0.0,0.5757777777777777,0.0,-0.0,0.0,-1.083333333333333,91,4,2023,0
2023-04-02,0.0,0.0,0,0.0,1.0,12.3,7.25,9.9,5.891666666666667,-3.2502215416563227,3.9324084016313328,78.41666666666667,148.20833333333334,583.0,63.75,,,,,,,,324.5475332874528,0.8618809065449999,0.0,0.0,0.0,0.0,0.0,0.0,,0.2916666666666667,0,0,0.0,0.0,0.0,0.0,0.0,0.0,0.0,0.0,0.0,0.0,0.0,,,,,-0.5800273556471598,0.8145969964964045,-0.5800273556471598,0.8145969964964045,-2.548715392248833,3.083663588279237,57.0,132.0,,,0.0,1,0.0,0.0,0.6335277777777778,0.0,-0.0,5.891666666666667,2.2,92,4,2023,1
2023-04-03,0.0,0.2,0,0.0,5.2,14.5,9.641666666666667,9.9,5.2124999999999995,-3.208640503699835,3.881952589997797,76.70833333333333,177.70833333333334,600.0,46.375,,,,,,,,319.3100864384103,0.9587883502018206,0.0,0.0,0.0,0.0,0.0,0.0,,0.375,0,0,0.0,0.0,0.0,0.0,0.0,0.0,0.0,0.0,0.0,0.0,0.0,,,,,-0.6519649305753328,0.7582491208698507,-0.6519649305753328,0.7582491208698507,-2.4612946530464153,2.9777811325774763,58.0,133.0,,,0.0,2,0.0,0.0,0.6963888888888888,0.0,-0.0,10.424999999999999,2.3916666666666675,93,4,2023,2
2023-04-04,0.0,1.1,0,0.0,6.9,15.3,10.9125,11.2,6.595833333333332,-3.9599311916554885,2.9828892040474497,77.125,199.0,600.0,41.416666666666664,,,,,,,,314.54834955928277,0.6581480152536423,0.0,0.0,0.0,0.0,0.0,0.0,,0.375,0,0,0.0,0.0,0.0,0.0,0.0,0.0,0.0,0.0,0.0,0.0,0.0,,,,,-0.712658726680455,0.7015108974821365,-0.712658726680455,0.7015108974821365,-3.054096931564296,2.3005532986215957,59.0,134.0,,,0.0,3,0.0,0.0,0.7230833333333333,0.0,-0.0,19.787499999999998,1.2708333333333321,94,4,2023,3
2023-04-05,0.0,0.6,0,0.0,7.1,15.2,11.016666666666666,9.2,4.8875,0.6488098724338242,-0.15520928356540076,70.58333333333333,177.04166666666666,600.0,41.875,,,,,,,,100.44009546399411,0.10494538101472178,0.0,0.0,0.0,0.0,0.0,0.0,,0.4583333333333333,0,0,0.0,0.0,0.0,0.0,0.0,0.0,0.0,0.0,0.0,0.0,0.0,,,,,0.9834449030759856,-0.18120740220494622,0.9834449030759856,-0.18120740220494622,0.45795163495954083,-0.10955188598324536,60.0,135.0,,,0.0,4,0.0,0.0,0.6866388888888889,0.0,-0.0,19.55,0.10416666666666607,95,4,2023,4
2023-04-06,0.0,0.5,0,0.0,7.3,14.3,10.237499999999999,11.2,7.591666666666666,-4.16987502467527,5.6817614909264265,79.20833333333333,173.08333333333334,600.0,70.04166666666667,,,,,,,,327.82532258814325,0.9284285335042131,0.0,0.0,0.0,0.0,0.0,0.0,,0.2916666666666667,0,0,0.0,0.0,0.0,0.0,0.0,0.0,0.0,0.0,0.0,0.0,0.0,,,,,-0.5325022383597771,0.846428594827601,-0.5325022383597771,0.846428594827601,-3.3028885091282034,4.500428580937974,61.0,136.0,,,0.0,5,0.0,0.0,0.6971944444444444,0.0,-0.0,37.95833333333333,-0.7791666666666668,96,4,2023,5
2023-04-07,0.0,8.9,0,0.0,5.1,11.4,8.4125,18.3,13.104166666666666,-8.725905118515865,8.959479048845548,89.16666666666667,136.08333333333334,593.0,93.75,,,,,,,,318.7035020679051,0.9505752703149334,0.0,0.0,0.0,0.0,0.0,0.0,,0.0,0,0,0.0,0.0,0.0,0.0,0.0,0.0,0.0,0.0,0.0,0.0,0.0,,,,,-0.6599557474992651,0.7513044731283625,-0.6599557474992651,0.7513044731283625,-7.780598730676647,7.988868818553948,62.0,137.0,,,0.0,6,0.0,0.0,0.6412777777777778,0.0,-0.0,78.625,-1.8249999999999993,97,4,2023,6
2023-04-08,0.07,5.2,1,0.07,3.6,8.6,5.641666666666667,26.5,17.974999999999998,-17.396391901844893,3.992117766430263,95.04166666666667,120.0,524.0,96.16666666666667,,,,,,,,283.294843587993,0.9925379020260239,4.5,11.3,11.3,100.0,-10.068373723328557,5.130092647056878,297.0,0.0,0,1,0.07,0.07,0.07,0.07,0.07,0.0,0.07,0.0,0.0,0.0,0.0,,,,,-0.973199572476606,0.22996215369349643,-0.8910065241883679,0.45399049973954664,-16.53382080337842,3.7941752605114294,0.0,138.0,1.0,1.0,1.8550000000000002,0,0.00826546875,0.07,0.5879166666666666,0.7910000000000001,0.0,0.0,-2.770833333333333,98,4,2023,7
2023-04-09,2.66,5.7,17,0.42,0.7,4.8,2.533333333333333,25.7,19.770833333333332,-18.54528520888358,-4.833876386220399,90.58333333333333,121.04166666666667,590.0,97.16666666666667,,,,,,,,254.93789029741282,0.973581110668473,2.570588235294118,20.11764705882353,23.7,89.3529411764706,-18.728223972429657,-6.047423762271693,252.5945435854353,0.0,0,15,2.73,2.73,2.73,2.73,2.73,0.0,2.73,0.0,0.0,0.0,0.0,,,,,-0.9656446941032593,-0.259865974591178,-0.9542118458170198,-0.2991316654961089,-16.798937518380377,-4.3786863598513115,0.0,139.0,0.9743589743589745,1.0,68.362,0,0.36981535899653994,2.73,0.4893055555555555,53.51294117647059,0.0,0.0,-3.1083333333333334,99,4,2023,8
2023-04-10,0.8400000000000001,1.1,7,0.28,-1.4,5.4,1.5916666666666668,17.5,13.233333333333334,-11.773830014271729,-5.500974293852228,88.08333333333333,146.75,479.0,77.25,,,,,,,,244.6185838855597,0.9834519158828524,0.38571428571428573,14.799999999999999,17.5,97.85714285714286,-12.467047779498367,-7.392700335742058,239.62653537968947,0.08333333333333333,1,7,3.5,3.5700000000000003,3.5700000000000003,3.5700000000000003,3.5700000000000003,1.0,3.5700000000000003,0.0,0.0,0.0,0.0,,,,,-0.9034743704506945,-0.42864211405171254,-0.8627479359865212,-0.5056342541313805,-10.370781937571014,-4.845441523834837,0.0,140.0,0.23529411764705882,1.0,14.700000000000001,1,0.1645485,3.5700000000000003,0.5114444444444444,12.432,0.0,13.233333333333334,-0.9416666666666664,100,4,2023,9
2023-04-11,0.0,1.1,0,0.0,-0.5,9.1,4.979166666666667,13.7,6.666666666666667,2.3325424320674513,-4.569688405741251,91.70833333333333,107.0,428.0,82.33333333333333,,,,,,,,142.426210605932,0.4344081468377326,0.0,0.0,0.0,0.0,0.0,0.0,,0.125,0,0,0.8400000000000001,3.5,3.5700000000000003,3.5700000000000003,3.5700000000000003,1.0,3.5700000000000003,0.0,0.0,0.0,0.0,,,,,0.6097826581634622,-0.7925686782879464,0.6097826581634622,-0.7925686782879464,2.1391357887418585,-4.190785075431872,1.0,141.0,0.0,0.9803921568627451,0.0,2,0.0,1.75,0.5792499999999999,0.0,-0.0,13.333333333333334,3.3875,101,4,2023,10
2023-04-12,0.0,3.6,0,0.0,3.7,8.8,5.704166666666667,17.7,8.125,-4.283752262760032,3.885531350343918,94.58333333333333,64.70833333333333,306.0,100.0,,,,,,,,305.67231707228325,0.5478077375067808,0.0,0.0,0.0,0.0,0.0,0.0,,0.0,0,0,0.0,0.8400000000000001,3.5700000000000003,3.5700000000000003,3.5700000000000003,1.0,3.5700000000000003,0.0,0.0,0.0,0.0,,,,,-0.8123653748355596,0.5831487784161782,-0.8123653748355596,0.5831487784161782,-4.05171568186053,3.6750650688669553,2.0,142.0,0.0,0.23529411764705882,0.0,3,0.0,0.28,0.5539722222222222,0.0,-0.0,24.375,0.7249999999999996,102,4,2023,11
2023-04-13,0.0,6.5,0,0.0,5.3,9.1,7.254166666666666,17.6,12.354166666666666,8.523268934886778,-8.784054477501305,98.875,79.33333333333333,431.0,98.83333333333333,,,,,,,,136.00852718683194,0.9903052708735715,0.0,0.0,0.0,0.0,0.0,0.0,,0.0,0,0,0.0,0.0,3.5700000000000003,3.5700000000000003,3.5700000000000003,1.0,3.5700000000000003,0.0,0.0,0.0,0.0,,,,,0.6945513052320106,-0.7194431766307263,0.6945513052320106,-0.7194431766307263,8.427382159369301,-8.685233864629415,3.0,143.0,,0.0,0.0,4,0.0,0.0,0.5846944444444445,0.0,-0.0,49.416666666666664,1.5499999999999998,103,4,2023,12
2023-04-14,0.0,0.5,0,0.0,4.4,13.8,7.991666666666667,11.8,6.654166666666666,3.3533163404957667,0.9508231396673489,80.29166666666667,205.54166666666666,600.0,42.458333333333336,,,,,,,,57.301805118404964,0.39555171459493055,0.0,0.0,0.0,0.0,0.0,0.0,,0.4166666666666667,0,0,0.0,0.0,3.5700000000000003,3.5700000000000003,3.5700000000000003,1.0,3.5700000000000003,0.0,0.0,0.0,0.0,,,,,0.8415278019391881,0.5402138081939397,0.8415278019391881,0.5402138081939397,2.692433578389726,0.7634317458912423,4.0,144.0,,0.0,0.0,5,0.0,0.0,0.7113333333333335,0.0,-0.0,33.27083333333333,0.7375000000000007,104,4,2023,13
2023-04-15,0.0,0.9,0,0.0,4.5,11.4,8.120833333333334,28.6,20.4375,-15.539759557588402,13.137039183043788,84.625,127.45833333333333,519.0,80.20833333333333,,,,,,,,311.0439930710882,0.9950792085250743,0.0,0.0,0.0,0.0,0.0,0.0,,0.041666666666666664,0,0,0.0,0.0,3.5,3.5700000000000003,3.5700000000000003,1.0,3.5700000000000003,0.0,0.0,0.0,0.0,,,,,-0.7542056199738415,0.6566383196249465,-0.7542056199738415,0.6566383196249465,-13.150521525609186,11.117219408650806,5.0,145.0,,0.0,0.0,6,0.0,0.0,0.6203888888888889,0.0,-0.0,122.625,0.12916666666666643,105,4,2023,14
2023-04-16,0.0,25.5,0,0.0,4.0,8.2,5.954166666666667,30.0,20.4375,-17.179954462082065,9.575210920302847,98.75,75.66666666666667,386.0,99.54166666666667,,,,,,,,296.12928918241465,0.9567848747418564,0.0,0.0,0.0,0.0,0.0,0.0,,0.0,0,0,0.0,0.0,0.8400000000000001,3.5700000000000003,3.5700000000000003,1.0,3.5700000000000003,0.0,0.0,0.0,0.0,,,,,-0.8978025647569016,0.44039817746663035,-0.8978025647569016,0.44039817746663035,-16.965205031306038,9.455520783799063,6.0,146.0,,0.0,0.0,6,0.0,0.0,0.5618333333333333,0.0,-0.0,122.625,-2.166666666666667,106,4,2023,15
2023-04-17,0.0,0.0,0,0.0,1.0,12.3,6.579166666666667,12.6,6.958333333333333,-4.37214790240711,1.8678794587140395,81.75,197.29166666666666,600.0,24.166666666666668,,,,,,,,298.4409216756413,0.5334359923993849,0.0,0.0,0.0,0.0,0.0,0.0,,0.7083333333333334,0,0,0.0,0.0,0.0,3.5700000000000003,3.5700000000000003,0.0,3.5700000000000003,0.0,0.0,0.0,0.0,,,,,-0.8793086491782794,0.4762523485299253,-0.8793086491782794,0.4762523485299253,-3.5742309102178127,1.5269914574987273,7.0,147.0,,,0.0,6,0.0,0.0,0.6773611111111112,0.0,-0.0,41.75,0.625,107,4,2023,16
2023-04-18,0.0,0.0,0,0.0,4.2,12.7,8.116666666666667,12.1,7.6375,-4.489153175713913,5.690385793536435,69.5,183.20833333333334,600.0,34.666666666666664,,,,,,,,325.5491711529842,0.9472839565046473,0.0,0.0,0.0,0.0,0.0,0.0,,0.5416666666666666,0,0,0.0,0.0,0.0,3.5700000000000003,3.5700000000000003,0.0,3.5700000000000003,0.0,0.0,0.0,0.0,,,,,-0.5656987645586903,0.8246119740682714,-0.5656987645586903,0.8246119740682714,-3.1199614571211693,3.9548181265078224,8.0,148.0,,,0.0,6,0.0,0.0,0.6360277777777777,0.0,-0.0,45.825,1.5375000000000005,108,4,2023,17
2023-04-19,0.0,0.2,0,0.0,3.4,11.8,7.029166666666666,15.0,8.862499999999999,-5.227555336373376,3.496798864141759,84.79166666666667,172.625,600.0,45.375,,,,,,,,308.52626699763454,0.5197467768571481,0.0,0.0,0.0,0.0,0.0,0.0,,0.4166666666666667,0,0,0.0,0.0,0.0,3.5700000000000003,3.5700000000000003,0.0,3.5700000000000003,0.0,0.0,0.0,0.0,,,,,-0.7823226855291558,0.6228733544681851,-0.7823226855291558,0.6228733544681851,-4.432531295633258,2.964994036886867,9.0,149.0,,,0.0,6,0.0,0.0,0.6599444444444446,0.0,-0.0,53.175,-1.0875000000000012,109,4,2023,18
2023-04-20,0.0,0.0,0,0.0,3.9,12.0,7.508333333333333,11.3,5.2625,-2.373057572824306,1.1468870680232535,83.29166666666667,168.04166666666666,585.0,41.916666666666664,,,,,,,,321.2853978278006,0.3744016045345871,0.0,0.0,0.0,0.0,0.0,0.0,,0.4166666666666667,0,0,0.0,0.0,0.0,3.5700000000000003,3.5700000000000003,0.0,3.5700000000000003,0.0,0.0,0.0,0.0,,,,,-0.6254415333867928,0.7802710351632806,-0.6254415333867928,0.7802710351632806,-1.9765592033649115,0.9552613537410349,10.0,150.0,,,0.0,6,0.0,0.0,0.6563333333333333,0.0,-0.0,31.575000000000003,0.47916666666666696,110,4,2023,19
2023-04-21,0.0,0.0,0,0.0,3.0,14.6,8.741666666666667,5.8,4.1375,-1.1826255241788088,0.10419402374022733,71.625,193.91666666666666,600.0,11.541666666666666,,,,,,,,299.00235974559877,0.311929749926142,0.0,0.0,0.0,0.0,0.0,0.0,,0.8333333333333334,0,0,0.0,0.0,0.0,3.5700000000000003,3.5700000000000003,0.0,3.5700000000000003,0.0,0.0,0.0,0.0,,,,,-0.8745997393533249,0.484845641336597,-0.8745997393533249,0.484845641336597,-0.8470555316930718,0.07462896950393783,11.0,151.0,,,0.0,6,0.0,0.0,0.6924722222222223,0.0,-0.0,24.825000000000003,1.2333333333333343,111,4,2023,20
2023-04-22,0.0,0.0,0,0.0,5.1,15.6,9.833333333333334,7.7,4.8125,-3.232994973825074,2.6535371522141076,70.08333333333333,188.54166666666666,600.0,2.9166666666666665,,,,,,,,316.19773860559866,0.8725653047713782,0.0,0.0,0.0,0.0,0.0,0.0,,0.9166666666666666,0,0,0.0,0.0,0.0,3.5,3.5700000000000003,0.0,3.5700000000000003,0.0,0.0,0.0,0.0,,,,,-0.692171660325499,0.7217329094909293,-0.692171660325499,0.7217329094909293,-2.2657906441557394,1.8596872875100536,12.0,152.0,,,0.0,6,0.0,0.0,0.6926388888888888,0.0,-0.0,28.875,1.0916666666666668,112,4,2023,21
2023-04-23,0.0,0.1,0,0.0,5.8,15.4,9.516666666666667,10.0,5.066666666666667,2.4461153774702518,1.6178083272577577,75.75,155.41666666666666,600.0,20.291666666666668,,,,,,,,45.90552990315085,0.44848291242124627,0.0,0.0,0.0,0.0,0.0,0.0,,0.7083333333333334,0,0,0.0,0.0,0.0,0.8400000000000001,3.5700000000000003,0.0,3.5700000000000003,0.0,0.0,0.0,0.0,,,,,0.7181934604539595,0.6958434833791052,0.7181934604539595,0.6958434833791052,1.8529323984337156,1.2254898078977514,13.0,153.0,,,0.0,6,0.0,0.0,0.6894444444444444,0.0,-0.0,30.400000000000006,-0.31666666666666643,113,4,2023,22
2023-04-24,0.0,0.0,0,0.0,5.6,16.1,9.904166666666667,7.4,5.2749999999999995,-1.5796798502648717,2.1619311497432734,76.29166666666667,183.70833333333334,600.0,9.25,,,,,,,,322.27890634269585,0.4966491520308326,0.0,0.0,0.0,0.0,0.0,0.0,,0.7916666666666666,0,0,0.0,0.0,0.0,0.0,3.5700000000000003,0.0,3.5700000000000003,0.0,0.0,0.0,0.0,,,,,-0.6118182906644799,0.790998343366403,-0.6118182906644799,0.790998343366403,-1.2051640857645751,1.6493733063249723,14.0,154.0,,,0.0,6,0.0,0.0,0.7101111111111112,0.0,-0.0,31.65,0.3874999999999993,114,4,2023,23
2023-04-25,0.0,0.0,0,0.0,5.6,15.5,9.441666666666666,7.8,5.779166666666666,-0.8979392177387145,2.2652914732136087,73.58333333333333,176.375,600.0,12.166666666666666,,,,,,,,335.7693997041907,0.385405807926905,0.0,0.0,0.0,0.0,0.0,0.0,,0.7916666666666666,0,0,0.0,0.0,0.0,0.0,3.5700000000000003,0.0,3.5700000000000003,0.0,0.0,0.0,0.0,,,,,-0.4104101167404737,0.9119010560784929,-0.4104101167404737,0.9119010560784929,-0.6607336077194041,1.666876975706347,15.0,155.0,,,0.0,6,0.0,0.0,0.6961944444444444,0.0,-0.0,34.675,-0.46250000000000036,115,4,2023,24
2023-04-26,0.0,0.0,0,0.0,5.2,14.7,9.5625,12.9,5.2375,-2.1435940180920543,3.774302071024565,67.04166666666667,184.70833333333334,600.0,26.25,,,,,,,,326.7397495118094,0.784157242584261,0.0,0.0,0.0,0.0,0.0,0.0,,0.5833333333333334,0,0,0.0,0.0,0.0,0.0,3.5700000000000003,0.0,3.5700000000000003,0.0,0.0,0.0,0.0,,,,,-0.5484428363259433,0.8361880501913159,-0.5484428363259433,0.8361880501913159,-1.4371011562958815,2.5303550134493857,16.0,156.0,,,0.0,6,0.0,0.0,0.6732777777777779,0.0,-0.0,31.424999999999997,0.12083333333333357,116,4,2023,25
2023-04-27,0.0,0.0,0,0.0,7.4,12.0,9.4,29.0,20.7625,-15.252713364749509,14.049520441017487,73.75,138.375,472.0,62.875,,,,,,,,312.7089153020374,0.9985987665406615,0.0,0.0,0.0,0.0,0.0,0.0,,0.0,0,0,0.0,0.0,0.0,0.0,3.5700000000000003,0.0,3.5700000000000003,0.0,0.0,0.0,0.0,,,,,-0.7348090636769194,0.6782740153789242,-0.7348090636769194,0.6782740153789242,-11.248876106502761,10.361521325250397,17.0,157.0,,,0.0,6,0.0,0.0,0.60475,0.0,-0.0,124.57499999999999,-0.16249999999999964,117,4,2023,26
2023-04-28,0.0,15.0,0,0.0,7.9,11.1,9.420833333333333,24.9,19.345833333333335,-14.753855425179815,12.386933020523761,88.5,58.041666666666664,269.0,93.41666666666667,,,,,,,,309.1803214252613,0.9940627503990358,0.0,0.0,0.0,0.0,0.0,0.0,,0.0,0,0,0.0,0.0,0.0,0.0,3.5700000000000003,0.0,3.5700000000000003,0.0,0.0,0.0,0.0,,,,,-0.7751615171993522,0.6317631061190566,-0.7751615171993522,0.6317631061190566,-13.057162051284136,10.962435723163528,18.0,158.0,,,0.0,6,0.0,0.0,0.5803611111111111,0.0,-0.0,116.07500000000002,0.02083333333333215,118,4,2023,27
2023-04-29,0.0,5.8,0,0.0,3.6,8.0,5.6625000000000005,11.8,6.341666666666666,-0.2678962461566909,1.2631328851294565,95.75,56.708333333333336,257.0,100.0,,,,,,,,39.145246889397,0.23403456001730827,0.0,0.0,0.0,0.0,0.0,0.0,,0.0,0,0,0.0,0.0,0.0,0.0,3.5700000000000003,0.0,3.5700000000000003,0.0,0.0,0.0,0.0,,,,,0.6312884601433639,0.7755481159088844,0.6312884601433639,0.7755481159088844,-0.2565106556950315,1.2094497375114548,19.0,159.0,,,0.0,6,0.0,0.0,0.53475,0.0,-0.0,38.05,-3.758333333333332,119,4,2023,28
2023-04-30,2.73,21.4,11,0.84,2.6,4.6,3.433333333333333,20.7,13.358333333333334,7.889031028686784,-10.596070740266937,100.0,33.0,189.0,100.0,,,,,,,,141.1289906662445,0.9850717488614185,3.472727272727273,13.2,18.8,100.0,7.7869847559000025,-10.534503295125418,141.5443956980342,0.0,0,4,2.73,2.73,2.73,2.73,6.3,0.0,6.3,0.0,0.0,0.0,0.0,,,,,0.627569199806257,-0.7785607872571891,0.6219080450265462,-0.7830902780211612,7.889031028686784,-10.596070740266937,0.0,160.0,1.0,1.0,56.510999999999996,0,0.37198111363636344,2.73,0.45755555555555555,36.036,0.0,0.0,-2.2291666666666674,120,4,2023,29
2023-05-01,0.0,0.6000000000000001,0,0.0,2.9,8.5,5.008333333333334,14.9,7.55,-6.028929502102891,2.4618012158652927,94.70833333333333,111.625,453.0,93.75,,,,,,,,301.31845488705756,0.7614630865723316,0.0,0.0,0.0,0.0,0.0,0.0,,0.0,0,0,2.73,2.73,2.73,2.73,6.3,0.0,6.3,0.0,0.0,0.0,0.0,,,,,-0.854291449463129,0.5197943048689416,-0.854291449463129,0.5197943048689416,-5.709898649283279,2.331530901525754,1.0,161.0,0.0,1.0,0.0,1,0.0,1.365,0.579,0.0,-0.0,7.55,1.5750000000000006,121,5,2023,30
2023-05-02,0.0,2.8,0,0.0,3.9,5.8,4.729166666666667,29.8,21.520833333333332,-19.27577562709926,9.437583976087831,98.04166666666667,87.20833333333333,425.0,99.83333333333333,,,,,,,,295.496971481988,0.9974144800745678,0.0,0.0,0.0,0.0,0.0,0.0,,0.0,0,0,0.0,2.73,2.73,2.73,6.3,0.0,6.3,0.0,0.0,0.0,0.0,,,,,-0.9026080388769565,0.43046338770526654,-0.9026080388769565,0.43046338770526654,-18.898291687735234,9.252764623222777,2.0,162.0,0.0,1.0,0.0,2,0.0,0.91,0.5138333333333334,0.0,-0.0,43.041666666666664,-0.2791666666666668,122,5,2023,31
2023-05-03,4.97,18.8,10,1.68,0.9,4.6,2.6666666666666665,35.8,27.375,-24.410217804379414,10.925602398041194,100.0,38.25,216.0,100.0,,,,,,,,292.18264941572,0.9769767353353385,2.18,26.27,32.7,100.0,-24.55587570138307,8.12038034497604,287.43168666534484,0.0,0,6,4.97,4.97,7.699999999999999,7.699999999999999,11.27,0.0,11.27,0.0,0.0,0.0,0.0,,,,,-0.9259849619250765,0.3775603929023998,-0.9540748020829891,0.2995684763627595,-24.410217804379414,10.925602398041194,0.0,163.0,1.0,0.6454545454545455,100.0,0,0.6525743568750001,4.97,0.46105555555555555,130.56189999999998,0.0,0.0,-2.0625000000000004,123,5,2023,32
2023-05-04,0.0,0.0,0,0.0,-2.0,9.6,2.7416666666666667,15.9,7.658333333333334,-3.7134438893389685,0.472351294093013,84.70833333333333,151.875,600.0,34.625,,,,,,,,286.25539097002064,0.3715250062854154,0.0,0.0,0.0,0.0,0.0,0.0,,0.5416666666666666,1,0,4.97,4.97,7.7,7.7,11.27,1.0,11.27,0.0,0.0,0.0,0.0,,,,,-0.9600235209749394,0.27991934405267566,-0.9600235209749394,0.27991934405267566,-3.145596427927551,0.4001209087046231,1.0,164.0,0.0,0.6454545454545454,0.0,1,0.0,2.485,0.5969444444444445,0.0,-0.0,7.658333333333334,0.07500000000000018,124,5,2023,33
2023-05-05,0.0,0.0,0,0.0,-1.2,7.1,2.3541666666666665,18.2,13.170833333333334,-9.658873618194532,8.507406738503525,75.375,168.95833333333334,600.0,42.125,,,,,,,,313.9524280822173,0.9701901014287918,0.0,0.0,0.0,0.0,0.0,0.0,,0.4583333333333333,1,0,0.0,4.97,7.7,7.7,11.27,2.0,11.27,0.0,0.0,0.0,0.0,,,,,-0.7199163178590051,0.6940608728925237,-0.7199163178590051,0.6940608728925237,-7.280375989714129,6.412457829147031,2.0,165.0,0.0,0.6454545454545454,0.0,2,0.0,1.6566666666666665,0.5216666666666666,0.0,-0.0,26.34166666666667,-0.3875000000000002,125,5,2023,34
2023-05-06,2.31,5.8,6,0.84,0.9,5.0,2.5416666666666665,18.2,10.108333333333333,-7.397979731933517,5.119665307254183,96.0,40.25,172.0,100.0,,,,,,,,313.1336730794589,0.6558815677723138,1.95,3.6666666666666665,8.6,98.83333333333333,0.29693898692460985,-0.0646526503332548,89.94596942428765,0.0,0,5,2.31,2.31,10.01,10.01,13.58,2.0,13.58,0.0,0.0,0.0,0.0,,,,,-0.7297605863766522,0.6837027764834693,0.9999995553647422,0.0009430113031631992,-7.102060542656176,4.914878694964016,0.0,166.0,1.0,0.23076923076923078,42.042,3,0.44358015625000013,2.31,0.45794444444444443,8.47,0.0,30.324999999999996,0.1875,126,5,2023,35
2023-05-07,11.48,16.400000000000002,18,2.03,-3.0,0.7,-1.1624999999999999,20.5,12.579166666666666,-3.021599658512098,-11.217591579509824,96.66666666666667,37.875,199.0,100.0,,,,,,,,187.04747061984924,0.8995332105212708,-0.7777777777777778,11.555555555555555,20.5,96.94444444444444,-1.9518505461651747,-10.344675682822198,182.65882911920986,0.0,0,16,13.790000000000001,13.790000000000001,18.759999999999998,21.490000000000002,25.060000000000002,2.0,25.060000000000002,0.0,0.0,0.0,0.0,,,,,-0.12269164444510135,-0.99244483997014,-0.04638866888391618,-0.9989234662371179,-2.920879669895028,-10.843671860192831,0.0,0.0,0.83248730964467,0.7350746268656718,100.0,0,2.646423456790124,13.790000000000001,0.3630277777777778,132.65777777777777,0.0,0.0,-3.7041666666666666,127,5,2023,36
2023-05-08,0.6300000000000001,0.9,7,0.14,-4.0,2.3,-0.525,19.6,16.558333333333334,-6.866675447383848,-13.9620500238147,95.875,63.375,247.0,94.5,,,,,,,,207.5711643545721,0.9391436335718605,0.17142857142857143,16.614285714285714,19.5,93.85714285714286,-4.711497116888509,-15.258145804985798,198.36373391018367,0.0,0,5,12.110000000000001,14.420000000000002,19.39,22.12,25.62,2.0,25.69,0.0,0.0,0.0,0.0,,,,,-0.46284997062653926,-0.8864366332068028,-0.3150483706583802,-0.9490756156099996,-6.583425085179264,-13.386115460332343,0.0,1.0,0.043689320388349516,0.7436823104693141,12.348000000000003,1,0.12265135714285721,14.420000000000002,0.4129444444444445,10.467000000000002,0.0,16.558333333333334,0.6374999999999998,128,5,2023,37
2023-05-09,0.0,0.4,0,0.0,0.5,4.0,2.1999999999999997,15.5,11.008333333333333,-7.3342266417285,-7.314984857992909,95.20833333333333,90.95833333333333,502.0,99.16666666666667,,,,,,,,227.40987906038671,0.938648293662683,0.0,0.0,0.0,0.0,0.0,0.0,,0.0,0,0,0.6300000000000001,12.110000000000001,19.39,22.12,22.96,2.0,25.69,0.0,0.0,0.0,0.0,,,,,-0.7362137845742442,-0.6767490401935331,-0.7362137845742442,-0.6767490401935331,-6.982794948479008,-6.964475166880748,1.0,2.0,0.0,0.6245487364620939,0.0,2,0.0,6.055000000000001,0.46688888888888885,0.0,-0.0,22.016666666666666,2.7249999999999996,129,5,2023,38
2023-05-10,0.0,0.0,0,0.0,-1.5,7.9,3.5416666666666665,10.5,5.3500000000000005,-2.2119619611597146,-1.94260810384531,85.83333333333333,164.70833333333334,600.0,43.25,,,,,,,,232.92308796854715,0.4336733508503668,0.0,0.0,0.0,0.0,0.0,0.0,,0.5,1,0,0.0,0.6300000000000001,14.420000000000002,22.12,22.12,3.0,25.69,0.0,0.0,0.0,0.0,,,,,-0.7978269333991773,-0.6028865435078682,-0.7978269333991773,-0.6028865435078682,-1.898600683328755,-1.667405289133891,2.0,3.0,0.0,0.043689320388349516,0.0,3,0.0,0.21000000000000005,0.5714722222222223,0.0,-0.0,16.05,1.3416666666666668,130,5,2023,39
2023-05-11,0.0,0.0,0,0.0,-2.6,8.0,2.7875,13.6,9.095833333333333,-5.411431694210599,6.755344325720052,64.95833333333333,169.125,600.0,3.4166666666666665,,,,,,,,323.44174927702085,0.9398682336444838,0.0,0.0,0.0,0.0,0.0,0.0,,0.9166666666666666,0,0,0.0,0.0,14.420000000000002,22.12,22.12,2.0,25.69,0.0,0.0,0.0,0.0,,,,,-0.5956397338713935,0.8032517086403337,-0.5956397338713935,0.8032517086403337,-3.515175838030968,4.3881590849156495,3.0,4.0,,0.0,0.0,4,0.0,0.0,0.5070555555555556,0.0,-0.0,36.38333333333333,-0.7541666666666664,131,5,2023,40
2023-05-12,0.0,0.0,0,0.0,3.0,10.1,5.579166666666667,17.6,8.512500000000001,-5.5637319234748865,5.958579006511505,65.08333333333333,161.66666666666666,600.0,40.375,,,,,,,,321.8463399990483,0.9150315034391904,0.0,0.0,0.0,0.0,0.0,0.0,,0.4166666666666667,0,0,0.0,0.0,14.420000000000002,22.12,22.12,1.0,25.69,0.0,0.0,0.0,0.0,,,,,-0.6177726034593995,0.7863567958725832,-0.6177726034593995,0.7863567958725832,-3.621062193528238,3.878041836737905,4.0,5.0,,0.0,0.0,5,0.0,0.0,0.5491666666666667,0.0,-0.0,42.56250000000001,2.7916666666666665,132,5,2023,41
2023-05-13,0.0,0.0,0,0.0,0.8,10.3,5.629166666666666,7.6,3.8125,-1.0577172260523298,2.4415261226002207,71.20833333333333,145.125,591.0,39.916666666666664,,,,,,,,335.55436707716024,0.6745408213163859,0.0,0.0,0.0,0.0,0.0,0.0,,0.2916666666666667,0,0,0.0,0.0,12.110000000000001,22.12,22.12,1.0,25.69,0.0,0.0,0.0,0.0,,,,,-0.4138296079481369,0.9103543571519231,-0.4138296079481369,0.9103543571519231,-0.7531828080514298,1.7385700598015736,5.0,6.0,,0.0,0.0,6,0.0,0.0,0.5630000000000001,0.0,-0.0,22.875,0.04999999999999982,133,5,2023,42
2023-05-14,0.0,0.0,0,0.0,1.2,10.3,5.5874999999999995,9.2,4.291666666666667,-2.2954781363364485,2.77705729974021,69.04166666666667,145.75,587.0,13.916666666666666,,,,,,,,320.3166129475628,0.7598260229401592,0.0,0.0,0.0,0.0,0.0,0.0,,0.7916666666666666,0,0,0.0,0.0,0.6300000000000001,19.39,22.12,1.0,25.69,0.0,0.0,0.0,0.0,,,,,-0.6385447027793327,0.7695847338353676,-0.6385447027793327,0.7695847338353676,-1.584836363295623,1.9173266440289702,6.0,7.0,,0.0,0.0,6,0.0,0.0,0.5561944444444444,0.0,-0.0,25.75,-0.04166666666666696,134,5,2023,43
2023-05-15,0.0,0.0,0,0.0,2.3,10.4,5.375,11.2,6.0874999999999995,-3.9898118396515083,4.034150313805152,71.0,151.45833333333334,587.0,0.041666666666666664,,,,,,,,316.348254801073,0.9339010805840613,0.0,0.0,0.0,0.0,0.0,0.0,,1.0,0,0,0.0,0.0,0.0,19.39,22.12,1.0,25.69,0.0,0.0,0.0,0.0,,,,,-0.6902732794643186,0.7235487541676612,-0.6902732794643186,0.7235487541676612,-2.8327664061525706,2.864246722801658,7.0,8.0,,,0.0,6,0.0,0.0,0.56875,0.0,-0.0,36.525,-0.21249999999999947,135,5,2023,44
2023-05-16,0.77,3.0,4,0.28,-0.1,7.6,4.204166666666667,18.9,13.275,-7.966915819879319,1.0547979671750263,81.95833333333333,132.70833333333334,562.0,47.25,,,,,,,,268.96130283383764,0.511273092188243,1.4749999999999999,11.525,11.9,99.75,5.031222483410263,-10.356526308604302,154.0004572278722,0.5,0,4,0.77,0.77,0.77,20.16,22.89,1.0,26.46,0.0,0.0,0.0,0.0,,,,,-0.9998356798817523,-0.01812769250054252,0.43836397428016716,-0.8987975445300777,-6.529551424042759,0.8644948339305318,0.0,9.0,1.0,1.0,14.552999999999999,0,0.140464693359375,0.77,0.5305555555555556,8.87425,0.0,0.0,-1.1708333333333334,136,5,2023,45
2023-05-17,0.21000000000000002,0.30000000000000004,3,0.07,-2.1,4.2,0.5166666666666666,12.2,7.770833333333333,6.773835919619859,-0.9888545943936248,91.75,112.83333333333333,489.0,86.58333333333333,,,,,,,,89.14049319863513,0.8224999568090018,-0.43333333333333335,9.733333333333334,10.8,99.0,6.751121523257749,-6.91430072544981,135.00367583641236,0.0,1,3,0.98,0.98,0.98,15.4,23.1,1.0,26.67,0.0,0.0,0.0,0.0,,,,,0.9998874837548923,0.015000660995763445,0.7070614149789366,-0.7071521444837625,6.214994456251222,-0.9072740903561507,0.0,10.0,0.2142857142857143,1.0,2.5620000000000003,1,0.04811070833333334,0.98,0.4743888888888889,2.0440000000000005,0.0,7.770833333333333,-3.6875,137,5,2023,46
2023-05-18,0.0,0.0,0,0.0,-2.5,6.0,1.4749999999999999,9.2,4.741666666666666,-1.905691213469548,-0.8282278997942001,73.95833333333333,124.04166666666667,445.0,78.41666666666667,,,,,,,,281.9908612895861,0.2809006096338136,0.0,0.0,0.0,0.0,0.0,0.0,,0.0,1,0,0.21000000000000002,0.98,0.98,15.4,23.1,2.0,26.67,0.0,0.0,0.0,0.0,,,,,-0.9781807503279581,0.2077556730581211,-0.9781807503279581,0.2077556730581211,-1.4094174599618532,-0.6125435508894604,1.0,11.0,0.0,1.0,0.0,2,0.0,0.49,0.46255555555555555,0.0,-0.0,9.483333333333333,0.9583333333333333,138,5,2023,47
2023-05-19,0.0,0.0,0,0.0,-1.9,6.2,1.1208333333333333,13.0,7.933333333333334,-6.6717831380853925,2.8229013047039877,72.08333333333333,146.0,576.0,26.0,,,,,,,,289.94540921563674,0.9053673311346344,0.0,0.0,0.0,0.0,0.0,0.0,,0.5416666666666666,1,0,0.0,0.21000000000000002,0.98,15.4,23.1,3.0,26.67,0.0,0.0,0.0,0.0,,,,,-0.9400180672128329,0.34112465949187853,-0.9400180672128329,0.34112465949187853,-4.80924367870322,2.034841357140791,2.0,12.0,0.0,0.2142857142857143,0.0,3,0.0,0.07,0.47538888888888886,0.0,-0.0,23.8,-0.3541666666666665,139,5,2023,48
2023-05-20,3.08,4.3999999999999995,14,1.68,0.6,2.0,1.0583333333333333,29.1,20.1875,-17.952896460553905,8.974410806653692,99.29166666666667,58.875,336.0,100.0,,,,,,,,297.37446132529624,0.9938600752743596,1.1928571428571428,21.714285714285715,29.1,99.14285714285714,-19.641202693629644,9.066851032463248,294.9288373557211,0.0,0,5,3.08,3.08,4.0600000000000005,16.17,26.18,3.0,29.75,0.0,0.0,0.0,0.0,,,,,-0.8880204236071233,0.4598040096134714,-0.9068319892252691,0.4214922814450361,-17.82573011062498,8.910842063439896,0.0,13.0,1.0,0.7586206896551724,89.628,0,0.49408071428571426,3.08,0.4146666666666667,66.88000000000001,0.0,0.0,-0.0625,140,5,2023,49
2023-05-21,3.99,6.0,15,0.91,-9.1,3.0,0.3,34.3,19.016666666666666,-17.501112763699602,3.3917286516774863,95.41666666666667,65.75,380.0,77.91666666666667,,,,,,,,277.9783745808116,0.9319895928055055,1.1333333333333333,24.30666666666667,34.3,97.06666666666666,-22.21659916018517,5.723175187797071,281.91722053503764,0.20833333333333334,0,12,7.07,7.07,8.05,8.68,30.17,3.0,33.74,0.0,0.0,0.0,0.0,,,,,-0.9903205269719414,0.1387993294580935,-0.9784469652004909,0.20649827188126602,-16.698978428696705,3.236274421808935,0.0,14.0,0.5643564356435644,0.8782608695652173,100.0,0,0.6157246083333333,7.07,0.4285555555555556,96.98360000000001,0.0,0.0,-0.7583333333333333,141,5,2023,50
2023-05-22,0.0,0.0,0,0.0,-2.9,9.4,3.1625,13.4,10.475,-8.549879035322176,4.937888340410131,63.958333333333336,145.66666666666666,567.0,32.458333333333336,,,,,,,,299.00241438376236,0.939515304632006,0.0,0.0,0.0,0.0,0.0,0.0,,0.5416666666666666,0,0,3.99,7.07,8.05,8.05,30.17,3.0,33.74,0.0,0.0,0.0,0.0,,,,,-0.8745992769964379,0.48484647536855224,-0.8745992769964379,0.48484647536855224,-5.468360133008142,3.1581910843873136,1.0,15.0,0.0,0.8782608695652173,0.0,1,0.0,3.535,0.5191944444444445,0.0,-0.0,10.475,2.8625000000000003,142,5,2023,51
2023-05-23,0.0,0.0,0,0.0,-0.5,9.5,3.654166666666667,11.0,7.191666666666666,-4.486860497501237,5.372734411800303,56.583333333333336,142.45833333333334,553.0,52.666666666666664,,,,,,,,320.3721143795263,0.9697003845959518,0.0,0.0,0.0,0.0,0.0,0.0,,0.2916666666666667,1,0,0.0,3.99,7.280000000000001,8.05,30.17,4.0,33.74,0.0,0.0,0.0,0.0,,,,,-0.6377989198690504,0.7702029198944085,-0.6377989198690504,0.7702029198944085,-2.538815231502783,3.0400722213436713,2.0,16.0,0.0,0.548076923076923,0.0,2,0.0,1.33,0.4946944444444445,0.0,-0.0,14.383333333333333,0.4916666666666667,143,5,2023,52
2023-05-24,0.0,0.0,0,0.0,-0.5,9.6,4.2250000000000005,23.9,12.1875,-8.58938602607642,8.41341407557371,49.541666666666664,143.20833333333334,557.0,35.125,,,,,,,,317.22136359629206,0.9815089547920138,0.0,0.0,0.0,0.0,0.0,0.0,,0.625,1,0,0.0,0.0,7.07,8.05,30.17,4.0,33.74,0.0,0.0,0.0,0.0,,,,,-0.6791676747811461,0.7339831534390768,-0.6791676747811461,0.7339831534390768,-4.255324993752026,4.168145556607143,3.0,17.0,,0.0,0.0,3,0.0,0.0,0.47394444444444445,0.0,-0.0,36.5625,0.5708333333333337,144,5,2023,53
2023-05-25,1.12,2.9,3,0.63,2.0,6.8,4.6375,38.5,30.383333333333336,-24.47543375651581,17.903985598950122,66.375,129.20833333333334,555.0,97.58333333333333,,,,,,,,306.5819402218908,0.9977448282474806,2.5,21.566666666666666,26.3,94.66666666666667,-15.98318392872217,14.40696073284626,312.0,0.0,0,3,1.12,1.12,8.19,9.17,31.29,3.0,34.86,0.0,0.0,0.0,0.0,,,,,-0.803005366931894,0.5959717952039126,-0.7431448254773946,0.6691306063588578,-16.245569155887367,11.883770441303144,0.0,18.0,1.0,0.13675213675213677,43.120000000000005,4,0.15338750000000004,1.12,0.45849999999999996,24.154666666666667,0.0,121.53333333333335,0.41249999999999964,145,5,2023,54
2023-05-26,5.32,7.6,7,1.47,-1.2,2.7,0.6124999999999999,16.6,10.320833333333335,-7.743193692433112,-1.6364775880185969,88.375,131.66666666666666,506.0,70.33333333333333,,,,,,,,252.6281474177133,0.7689789836050024,1.0,11.157142857142857,16.6,99.71428571428571,-8.137931658310281,-0.7283003142627388,253.55016205079323,0.041666666666666664,1,7,6.44,6.44,13.51,14.49,36.61,3.0,40.18,0.0,0.0,0.0,0.0,,,,,-0.9543871216707221,-0.29857197120472356,-0.9590680208054039,-0.28317579604974247,-6.843047425687763,-1.446237068411435,0.0,19.0,0.8260869565217391,0.4766839378238342,88.31200000000001,0,1.03006125,6.44,0.44236111111111115,59.356,0.0,0.0,-4.025,146,5,2023,55
2023-05-27,0.0,0.0,0,0.0,-2.5,1.3,-0.32916666666666666,17.5,14.358333333333333,-11.974720585973449,7.862926559152549,96.08333333333333,94.75,430.0,97.95833333333333,,,,,,,,303.70715192745575,0.9975212541229039,0.0,0.0,0.0,0.0,0.0,0.0,,0.0,1,0,5.32,6.44,10.43,14.49,36.61,4.0,40.18,0.0,0.0,0.0,0.0,,,,,-0.8318848573700431,0.5549482715338638,-0.8318848573700431,0.5549482715338638,-11.505710696356154,7.554961935585741,1.0,20.0,0.0,0.6174496644295303,0.0,1,0.0,3.22,0.4123333333333334,0.0,-0.0,14.358333333333333,-0.9416666666666667,147,5,2023,56
2023-05-28,3.43,6.2,10,0.7,-2.4,2.5,0.7583333333333333,30.8,18.875,-16.447822753853256,9.094284919889354,97.54166666666667,44.541666666666664,200.0,99.75,,,,,,,,299.25391373196777,0.9959550168828321,1.69,22.04,30.8,97.3,-18.969762870596547,11.008374011507707,300.4070340883548,0.0,0,10,3.43,8.75,9.87,17.92,40.04,4.0,43.61,0.0,0.0,0.0,0.0,,,,,-0.8724626285375353,0.4886808383857247,-0.8624515379535208,0.5061396493870113,-16.0434804444877,8.870717082275407,0.0,21.0,0.392,0.8865248226950355,100.0,2,0.51626602125,8.75,0.4103888888888889,75.5972,0.0,37.75,1.0875,148,5,2023,57
2023-05-29,0.0,1.5,0,0.0,1.0,2.7,2.1416666666666666,29.9,26.275000000000002,-23.76229600044515,11.102497941328926,97.91666666666667,71.16666666666667,371.0,99.66666666666667,,,,,,,,294.8343905261107,0.9981397550423343,0.0,0.0,0.0,0.0,0.0,0.0,,0.0,0,0,3.43,3.43,9.87,17.92,40.04,4.0,43.61,0.0,0.0,0.0,0.0,,,,,-0.9075255481762419,0.4199968802353318,-0.9075255481762419,0.4199968802353318,-23.267248167102544,10.871195900884572,1.0,22.0,0.0,0.34751773049645396,0.0,3,0.0,1.715,0.43383333333333335,0.0,-0.0,78.825,1.3833333333333333,149,5,2023,58
2023-05-30,0.0,1.5,0,0.0,2.1,5.3,3.783333333333333,26.1,21.8125,-17.75134529377928,12.576244875110556,99.875,61.916666666666664,264.0,100.0,,,,,,,,305.5861007187582,0.9975159803929099,0.0,0.0,0.0,0.0,0.0,0.0,,0.0,0,0,0.0,3.43,9.87,17.150000000000002,37.31,3.0,43.61,0.0,0.0,0.0,0.0,,,,,-0.8132419532964669,0.581925704363149,-0.8132419532964669,0.581925704363149,-17.729156112162055,12.560524569016668,2.0,23.0,0.0,0.34751773049645396,0.0,4,0.0,1.1433333333333333,0.4919722222222222,0.0,-0.0,87.25,1.6416666666666666,150,5,2023,59
2023-05-31,0.0,3.5,0,0.0,3.9,6.1,4.829166666666667,37.1,25.125,-20.964330054402513,13.654006213689968,100.0,46.125,251.0,100.0,,,,,,,,303.2886902173324,0.9950539741311057,0.0,0.0,0.0,0.0,0.0,0.0,,0.0,0,0,0.0,0.0,9.87,16.94,37.31,2.0,43.61,0.0,0.0,0.0,0.0,,,,,-0.8359157183154241,0.5488578248264376,-0.8359157183154241,0.5488578248264376,-20.964330054402513,13.654006213689968,3.0,24.0,,0.0,0.0,5,0.0,0.0,0.4996388888888889,0.0,-0.0,125.625,1.0458333333333334,151,5,2023,60
2023-06-01,0.0,3.2,0,0.0,2.9,6.9,5.279166666666667,37.3,22.958333333333332,-19.650272296525344,11.729679906077507,99.125,69.875,340.0,97.79166666666667,,,,,,,,300.1571986452736,0.9956280962739873,0.0,0.0,0.0,0.0,0.0,0.0,,0.0,0,0,0.0,0.0,8.75,16.94,37.31,2.0,43.61,0.0,0.0,0.0,0.0,,,,,-0.8646503290228089,0.5023741718288752,-0.8646503290228089,0.5023741718288752,-19.478332413930747,11.627045206899329,4.0,25.0,,0.0,0.0,6,0.0,0.0,0.5303333333333333,0.0,-0.0,137.75,0.4500000000000002,152,6,2023,61
2023-06-02,0.0,0.0,0,0.0,0.5,7.7,4.183333333333334,21.0,12.095833333333333,-9.24094568057885,7.683326778341558,91.04166666666667,103.70833333333333,419.0,88.08333333333333,,,,,,,,310.20250681980093,0.9936062294832634,0.0,0.0,0.0,0.0,0.0,0.0,,0.0,0,0,0.0,0.0,3.43,16.94,32.34,1.0,43.61,0.0,0.0,0.0,0.0,,,,,-0.7637677876714914,0.6454911049080349,-0.7637677876714914,0.6454911049080349,-8.413110963360328,6.995028754448461,5.0,26.0,,0.0,0.0,5,0.0,0.0,0.5437222222222222,0.0,-0.0,60.479166666666664,-1.0958333333333332,153,6,2023,62
2023-06-03,0.0,1.7,0,0.0,4.1,9.7,6.8625,19.5,9.454166666666667,-5.831961970799665,3.3468857194663317,89.58333333333333,67.125,422.0,92.45833333333333,,,,,,,,301.0036683628677,0.512731573898625,0.0,0.0,0.0,0.0,0.0,0.0,,0.0,0,0,0.0,0.0,3.43,13.860000000000001,32.34,0.0,43.61,0.0,0.0,0.0,0.0,,,,,-0.8571343236272848,0.5150929539995641,-0.8571343236272848,0.5150929539995641,-5.2244659321747,2.9982517903552552,6.0,27.0,,0.0,0.0,6,0.0,0.0,0.5589166666666666,0.0,-0.0,56.72500000000001,2.6791666666666663,154,6,2023,63
2023-06-04,0.0,0.0,0,0.0,2.4,11.3,6.066666666666666,10.4,7.3,4.326162817511689,5.184445339881907,89.45833333333333,103.125,456.0,89.16666666666667,,,,,,,,39.875656331639796,0.9269746390379195,0.0,0.0,0.0,0.0,0.0,0.0,,0.0,0,0,0.0,0.0,0.0,9.870000000000001,32.34,0.0,43.61,0.0,0.0,0.0,0.0,,,,,0.6411236227268149,0.7674376198634288,0.6411236227268149,0.7674376198634288,3.8701131538323312,4.637918393636022,7.0,28.0,,,0.0,6,0.0,0.0,0.6180555555555556,0.0,-0.0,43.8,-0.7958333333333334,155,6,2023,64
2023-06-05,0.0,0.1,0,0.0,2.3,11.6,6.041666666666667,12.6,8.395833333333334,1.5052230071300245,7.762831626316718,74.45833333333333,121.0,501.0,82.70833333333333,,,,,,,,6.579988111937731,0.9307013239277261,0.0,0.0,0.0,0.0,0.0,0.0,,0.041666666666666664,0,0,0.0,0.0,0.0,9.870000000000001,30.030000000000005,0.0,43.61,0.0,0.0,0.0,0.0,,,,,0.11459018486926403,0.9934128494898925,0.11459018486926403,0.9934128494898925,1.1207639640588973,5.780075048428322,8.0,29.0,,,0.0,6,0.0,0.0,0.5866388888888889,0.0,-0.0,50.375,-0.024999999999999467,156,6,2023,65
2023-06-06,0.0,1.6,0,0.0,5.2,8.9,7.25,15.3,11.570833333333333,-7.205894742502114,8.92928088381364,96.95833333333333,40.541666666666664,290.0,96.125,,,,,,,,321.2268569119335,0.9908352667057637,0.0,0.0,0.0,0.0,0.0,0.0,,0.0,0,0,0.0,0.0,0.0,9.870000000000001,18.550000000000004,0.0,43.61,0.0,0.0,0.0,0.0,,,,,-0.6262384344615878,0.7796315945387923,-0.6262384344615878,0.7796315945387923,-6.986715444084341,8.657681923597641,9.0,30.0,,,0.0,6,0.0,0.0,0.5479999999999999,0.0,-0.0,69.425,1.208333333333333,157,6,2023,66
2023-06-07,0.0,1.7999999999999998,0,0.0,6.5,10.3,8.133333333333333,27.5,16.820833333333333,-12.02026517542717,11.62437384592286,96.08333333333333,88.58333333333333,382.0,96.125,,,,,,,,314.02417365377653,0.9928101818683795,0.0,0.0,0.0,0.0,0.0,0.0,,0.0,0,0,0.0,0.0,0.0,9.870000000000001,17.92,0.0,43.61,0.0,0.0,0.0,0.0,,,,,-0.7190466531139311,0.6949618051703662,-0.7190466531139311,0.6949618051703662,-11.549471456056272,11.16908587029088,10.0,31.0,,,0.0,6,0.0,0.0,0.6082222222222223,0.0,-0.0,100.925,0.8833333333333329,158,6,2023,67
2023-06-08,0.8400000000000001,25.4,5,0.42,1.8,8.3,5.3125,37.5,28.875,-21.323729401258316,18.68178441945613,99.375,41.583333333333336,171.0,97.79166666666667,,,,,,,,312.83125066445507,0.9803815480729715,2.58,32.18,35.9,99.4,-28.04531294108213,15.758337084217658,299.39987569040795,0.0,0,3,0.8400000000000001,0.8400000000000001,0.8400000000000001,9.59,18.76,0.0,44.45,0.0,0.0,0.0,0.0,,,,,-0.7333591697581586,0.6798413992481072,-0.8712148761886529,0.4909018634183314,-21.190456092500447,18.56502326683453,0.0,32.0,1.0,1.0,31.500000000000004,0,0.09314140500000001,0.8400000000000001,0.5434166666666668,27.031200000000002,0.0,0.0,-2.820833333333333,159,6,2023,68
2023-06-09,5.6000000000000005,10.1,14,1.12,-0.1,2.6,1.3,37.1,28.09166666666667,-23.79378931499606,14.690278849964495,99.08333333333333,55.791666666666664,331.0,99.625,,,,,,,,301.0455605018909,0.9948138729177166,1.7357142857142858,30.45,37.1,99.07142857142857,-24.94943242833482,17.383473346090575,304.9273676318925,0.0,1,14,6.44,6.44,6.44,9.870000000000001,24.36,1.0,50.050000000000004,0.0,0.0,0.0,0.0,,,,,-0.8567574813751404,0.5157195149572352,-0.8198784938232255,0.572537558039784,-23.575679579608597,14.555617960506487,0.0,33.0,0.8695652173913043,1.0,100.0,0,0.7166168749999997,6.44,0.42524999999999996,170.52,0.0,0.0,-4.0125,160,6,2023,69
2023-06-10,0.0,0.0,0,0.0,-0.6,3.7,0.9291666666666667,23.5,16.041666666666668,-13.76077925973768,7.993102146038524,94.33333333333333,85.16666666666667,384.0,82.41666666666667,,,,,,,,302.4545028347103,0.9904722642884821,0.0,0.0,0.0,0.0,0.0,0.0,,0.0,1,0,5.6000000000000005,6.44,6.44,9.870000000000001,24.36,2.0,50.050000000000004,0.0,0.0,0.0,0.0,,,,,-0.8438178362317401,0.5366297226740093,-0.8438178362317401,0.5366297226740093,-12.981001768352543,7.54015969109634,1.0,34.0,0.0,1.0,0.0,1,0.0,3.22,0.4534444444444444,0.0,-0.0,16.041666666666668,-0.37083333333333335,161,6,2023,70
2023-06-11,0.0,0.0,0,0.0,-1.8,9.2,2.795833333333333,9.2,4.7625,-0.16782426568908207,3.764748297960804,70.08333333333333,127.41666666666667,513.0,2.8333333333333335,,,,,,,,354.53430456234304,0.7634946340422861,0.0,0.0,0.0,0.0,0.0,0.0,,0.9166666666666666,1,0,0.0,5.6000000000000005,6.44,6.440000000000001,24.36,3.0,50.050000000000004,0.0,0.0,0.0,0.0,,,,,-0.095249764238276,0.9954534054452538,-0.095249764238276,0.9954534054452538,-0.11761683953709834,2.6384610988208634,2.0,35.0,0.0,0.8695652173913043,0.0,2,0.0,1.866666666666667,0.523,0.0,-0.0,9.525,1.8666666666666663,162,6,2023,71
2023-06-12,0.0,0.0,0,0.0,-0.9,5.3,2.308333333333333,18.9,11.895833333333334,-7.751242239419345,8.833595822004193,79.54166666666667,69.83333333333333,326.0,55.041666666666664,,,,,,,,321.02052361526836,0.9851974798656151,0.0,0.0,0.0,0.0,0.0,0.0,,0.375,1,0,0.0,0.0,6.44,6.440000000000001,24.36,4.0,50.050000000000004,0.0,0.0,0.0,0.0,,,,,-0.6290419733760081,0.7773713370913656,-0.6290419733760081,0.7773713370913656,-6.165467264604805,7.0263893434191695,3.0,36.0,,0.0,0.0,3,0.0,0.0,0.4294722222222222,0.0,-0.0,35.6875,-0.4874999999999998,163,6,2023,72
2023-06-13,2.9400000000000004,5.4,9,0.91,0.8,4.6,2.654166666666667,28.8,18.495833333333334,-14.834351304393834,10.84795558727273,98.75,61.458333333333336,367.0,100.0,,,,,,,,306.8722011023408,0.9940946337982591,1.5,20.944444444444443,28.8,99.77777777777777,-17.91321121095998,10.755494452970478,301.7772025996981,0.0,0,9,2.9400000000000004,2.9400000000000004,9.38,9.380000000000003,27.3,4.0,52.99,0.0,0.0,0.0,0.0,,,,,-0.7999758776134701,0.6000321618351455,-0.850102295986799,0.5266175902473945,-14.64892191308891,10.712356142431823,0.0,37.0,1.0,0.31343283582089554,84.67200000000001,4,0.4611869791666668,2.9400000000000004,0.47236111111111106,61.57666666666667,0.0,73.98333333333333,0.34583333333333366,164,6,2023,73
2023-06-14,7.56,10.8,23,0.77,-0.2,1.1,0.39166666666666666,28.5,24.945833333333336,-22.34308464330844,10.953986268117397,99.08333333333333,42.708333333333336,213.0,100.0,,,,,,,,295.9586373891998,0.9974954619900205,0.39565217391304347,24.956521739130434,28.5,99.17391304347827,-22.325980937353364,11.01063528526663,296.0875458429497,0.0,1,22,10.5,10.5,16.94,16.94,34.86,5.0,60.550000000000004,0.0,0.0,0.0,0.0,,,,,-0.8991102782207594,0.43772218083824427,-0.8981231823827313,0.439743958760908,-22.13827303407811,10.85357472732632,0.0,38.0,0.72,0.6198347107438016,100.0,0,1.2489514792060492,10.5,0.3831944444444444,188.67130434782607,0.0,0.0,-2.2625,165,6,2023,74
2023-06-15,0.35000000000000003,0.8,5,0.07,-0.2,2.6,1.4291666666666665,24.2,21.675,-18.922996891749023,10.504520849203328,98.79166666666667,46.416666666666664,216.0,100.0,,,,,,,,299.0838838094721,0.998529373680305,0.78,20.7,22.1,98.2,-17.67428492114224,10.766761455623373,301.4000097498779,0.0,0,4,7.909999999999999,10.85,16.45,17.290000000000003,34.440000000000005,5.0,60.900000000000006,0.0,0.0,0.0,0.0,,,,,-0.8739089851693418,0.48608958602328756,-0.8535507086164238,0.5210097770871491,-18.69434401264039,10.377591222275456,0.0,39.0,0.03225806451612904,0.6595744680851063,8.47,1,0.059800343749999985,10.85,0.41802777777777783,7.245,0.0,21.675,1.0374999999999999,166,6,2023,75
2023-06-16,0.0,0.2,0,0.0,1.1,4.6,2.5375,24.2,20.133333333333333,-16.797845997023888,11.067121278170738,95.91666666666667,96.0,415.0,83.58333333333333,,,,,,,,303.4576917232512,0.9990615951967665,0.0,0.0,0.0,0.0,0.0,0.0,,0.0,0,0,0.35000000000000003,7.909999999999999,10.85,17.290000000000003,34.230000000000004,4.0,60.900000000000006,0.0,0.0,0.0,0.0,,,,,-0.834293155294719,0.5513210779830405,-0.834293155294719,0.5513210779830405,-16.111933952145414,10.615213825978767,1.0,40.0,0.0,0.7290322580645161,0.0,2,0.0,3.9549999999999996,0.48594444444444446,0.0,-0.0,40.266666666666666,1.1083333333333336,167,6,2023,76
2023-06-17,0.0,0.0,0,0.0,0.7,3.9,2.0708333333333333,28.8,24.108333333333334,-18.777836873121675,14.883504237106237,87.08333333333333,106.29166666666667,470.0,63.75,,,,,,,,309.2787056590548,0.9930147321794768,0.0,0.0,0.0,0.0,0.0,0.0,,0.0,0,0,0.0,0.35000000000000003,10.850000000000001,17.290000000000003,34.230000000000004,3.0,60.900000000000006,0.0,0.0,0.0,0.0,,,,,-0.7740755563069998,0.6330932262534554,-0.7740755563069998,0.6330932262534554,-16.352366277010123,12.961051606480014,2.0,41.0,0.0,0.03225806451612903,0.0,3,0.0,0.11666666666666668,0.44780555555555557,0.0,-0.0,72.325,-0.4666666666666668,168,6,2023,77
2023-06-18,4.41,6.3,16,0.84,-1.1,2.1,0.375,33.1,24.245833333333334,-20.06991355326831,13.353556645164103,95.83333333333333,68.875,289.0,97.79166666666667,,,,,,,,302.9992362685284,0.99389460781998,0.23750000000000002,24.29375,33.1,95.4375,-20.293058727893357,13.099153119690584,301.93724947099656,0.0,0,11,4.41,4.41,15.260000000000002,21.700000000000003,38.64,2.0,65.31,0.0,0.0,0.0,0.0,,,,,-0.8386778277070726,0.5446278557993026,-0.8486279567834918,0.5289901615015877,-19.233667155215464,12.797158451615598,0.0,42.0,1.0,0.2889908256880734,100.0,4,0.749468841064453,4.41,0.4120277777777777,107.1354375,0.0,96.98333333333333,-1.6958333333333333,169,6,2023,78
2023-06-19,10.01,14.3,15,2.8,-4.3,-0.3,-1.6666666666666667,33.5,23.808333333333334,-20.49157088041093,11.475212371781003,96.83333333333333,31.208333333333332,131.0,100.0,,,,,,,,297.4635434262562,0.9845265537356449,-0.9533333333333334,26.613333333333333,33.5,96.33333333333333,-22.119449147866487,14.356173997916503,302.67033603349927,0.0,0,11,14.42,14.42,25.27,31.71,45.57,1.0,75.32000000000001,0.0,0.0,0.0,0.0,,,,,-0.8873044583535316,0.4611841261209518,-0.8417903698697736,0.5398045694457483,-19.84267113586458,11.111830646674605,0.0,0.0,0.6941747572815534,0.5706371191135734,100.0,0,1.8292084922222225,14.42,0.3435833333333333,266.3994666666667,0.0,0.0,-2.041666666666667,170,6,2023,79
2023-06-20,0.0,0.0,0,0.0,-7.2,-0.1,-3.6041666666666665,14.5,8.270833333333334,-7.217328878320557,0.6528376687360985,89.25,112.0,444.0,45.0,,,,,,,,283.2971558647655,0.8033673534488306,0.0,0.0,0.0,0.0,0.0,0.0,,0.375,0,0,10.01,14.42,22.33,31.71,41.580000000000005,1.0,75.32000000000001,0.0,0.0,0.0,0.0,,,,,-0.9731902911375867,0.23000142876847354,-0.9731902911375867,0.23000142876847354,-6.441466023901097,0.5826576193469679,1.0,1.0,0.0,0.64576802507837,0.0,1,0.0,7.21,0.3721666666666667,0.0,-0.0,8.270833333333334,-1.9374999999999998,171,6,2023,80
2023-06-21,0.0,0.0,0,0.0,-9.1,5.6,-0.10833333333333335,7.4,4.658333333333333,0.028649677262141737,4.294031047418085,69.125,128.41666666666666,520.0,30.416666666666668,,,,,,,,358.0284179652532,0.9265919331987968,0.0,0.0,0.0,0.0,0.0,0.0,,0.625,1,0,0.0,10.01,14.77,31.71,41.580000000000005,1.0,75.32000000000001,0.0,0.0,0.0,0.0,,,,,-0.03440380751166167,0.9994080137905141,-0.03440380751166167,0.9994080137905141,0.019804089407455476,2.968248961527751,2.0,2.0,0.0,0.6777251184834123,0.0,2,0.0,3.3366666666666664,0.44047222222222215,0.0,-0.0,9.316666666666666,3.495833333333333,172,6,2023,81
2023-06-22,2.8,4.0,6,1.89,-0.0,4.5,1.9333333333333333,14.2,8.529166666666667,-4.18557881099419,7.302761989042239,66.375,82.75,434.0,96.125,,,,,,,,331.99359322053726,0.9852111881183028,1.5833333333333333,11.033333333333333,14.2,88.66666666666667,-5.989265361379863,9.053530530368937,329.2718435963362,0.0,0,5,2.8,2.8,17.22,33.67,44.38,1.0,78.12,0.0,0.0,0.0,0.0,,,,,-0.46957029051724664,0.88289509131241,-0.5109654065272327,0.8596012757857331,-2.7781779357973932,4.847208270226786,0.0,3.0,1.0,0.16260162601626016,39.76,3,0.5079107638888889,2.8,0.3764166666666666,30.89333333333333,0.0,25.5875,2.0416666666666665,173,6,2023,82
2023-06-23,9.94,14.200000000000001,23,1.26,-0.5,0.8,0.2708333333333333,30.3,21.97083333333333,-17.972738066512306,12.276253169728108,97.875,64.91666666666667,354.0,99.95833333333333,,,,,,,,304.0290665485484,0.9870027769443975,0.28695652173913044,21.97391304347826,30.3,97.82608695652173,-17.955601224273504,12.29141222637589,304.07442095044024,0.0,1,13,12.739999999999998,12.739999999999998,27.159999999999997,38.01,54.32000000000001,2.0,88.06,0.0,0.0,0.0,0.0,,,,,-0.8287537834265618,0.5596134080382273,-0.8283105430019784,0.5602692605808102,-17.59081738259892,12.015382789871385,0.0,4.0,0.7802197802197802,0.4690721649484536,100.0,4,1.7507132689035918,12.739999999999998,0.38730555555555557,218.4206956521739,0.0,87.88333333333333,-1.6625,174,6,2023,83
2023-06-24,0.98,1.4000000000000001,8,0.42,-1.0,1.5,0.1958333333333333,31.9,24.7375,-20.01665811944104,14.34199526642945,95.875,82.79166666666667,382.0,93.33333333333333,,,,,,,,305.7094880917313,0.9954177448746275,-0.0875,24.2,27.4,97.375,-19.67514619565722,13.817532702573883,305.7507904453253,0.0,1,5,10.92,13.72,28.139999999999997,38.989999999999995,54.18,3.0,89.04,0.0,0.0,0.0,0.0,,,,,-0.8119868822428934,0.583675683119886,-0.8115659216533107,0.5842608619538129,-19.190970972014096,13.750387961689235,0.0,5.0,0.07142857142857142,0.4875621890547264,31.261999999999997,5,0.172382765625,13.72,0.4081111111111111,23.715999999999998,0.0,123.6875,-0.07500000000000001,175,6,2023,84
2023-06-25,6.02,8.6,15,0.98,-1.0,0.8,-0.20833333333333334,33.4,27.229166666666668,-21.127088974190567,17.05935156398203,95.29166666666667,91.95833333333333,471.0,94.83333333333333,,,,,,,,308.6232920842619,0.9972382762435898,-0.38,26.146666666666665,31.6,98.93333333333334,-20.9561869666593,15.587421326543218,306.533005026585,0.0,1,9,7.000000000000002,16.94,29.749999999999996,45.01,54.879999999999995,4.0,95.06,0.0,0.0,0.0,0.0,,,,,-0.7812667860935406,0.6241972516337042,-0.8035140817492862,0.595285746873383,-20.132355201655763,16.256140427844542,0.0,6.0,0.3553719008264462,0.5694117647058825,100.0,6,1.0516142349999997,16.94,0.39672222222222225,157.40293333333332,0.0,163.375,-0.4041666666666667,176,6,2023,85
2023-06-26,10.99,15.9,24,1.82,-0.6,1.6,0.3625,29.8,26.358333333333334,-23.359959247151412,11.768977723465051,98.66666666666667,30.708333333333332,125.0,100.0,,,,,,,,296.5007968289296,0.9920112645581403,0.3625,26.358333333333334,29.8,98.66666666666667,-23.359959247151412,11.768977723465051,296.5007968289296,0.0,0,24,17.01,17.990000000000002,30.729999999999997,56.0,65.87,4.0,106.05,0.0,0.0,0.0,0.0,,,,,-0.8949281561138105,0.44621025917692125,-0.8949281561138105,0.44621025917692125,-23.048493123856062,11.612058020485517,0.0,0.0,0.6108949416342412,0.5854214123006835,100.0,0,1.7754742099609377,17.990000000000002,0.38491666666666663,289.67808333333335,0.0,0.0,0.5708333333333333,177,6,2023,86
2023-06-27,0.0,0.2,0,0.0,-0.3,1.6,0.75,30.0,21.179166666666667,-18.39783198439496,10.457116971849663,98.75,52.25,215.0,100.0,,,,,,,,299.5836654608052,0.9992017521144949,0.0,0.0,0.0,0.0,0.0,0.0,,0.0,0,0,10.990000000000002,17.009999999999998,30.729999999999997,53.06,62.44,4.0,106.05,0.0,0.0,0.0,0.0,,,,,-0.8696357127913591,0.4936939609088456,-0.8696357127913591,0.4936939609088456,-18.167859084590024,10.326403009701542,1.0,1.0,0.0,0.5535307517084282,0.0,1,0.0,8.504999999999999,0.3995555555555556,0.0,-0.0,21.179166666666667,0.3875,178,6,2023,87
2023-06-28,2.0300000000000002,3.1,11,0.28,-1.3,1.4,0.12083333333333333,18.7,12.9375,-11.13303402670848,6.326120977384185,99.375,37.333333333333336,187.0,100.0,,,,,,,,299.2257592781608,0.9869504587172576,0.2,11.745454545454544,18.2,99.18181818181819,-9.741563229331303,6.238736853450635,301.38888531203634,0.0,1,6,2.030000000000002,13.02,32.76,47.53,64.47,4.0,108.08,0.0,0.0,0.0,0.0,,,,,-0.872702655054307,0.4882520618094338,-0.8536518507790938,0.5208440435115178,-11.063452564041551,6.286582721275534,0.0,2.0,0.15591397849462368,0.39743589743589747,37.961000000000006,2,0.42432997727272737,13.02,0.38725000000000004,23.843272727272726,0.0,25.875,-0.6291666666666667,179,6,2023,88
2023-06-29,0.0,0.5,0,0.0,-3.7,0.5,-1.5541666666666665,25.3,13.487499999999999,-12.466181709619908,3.66520830553784,93.79166666666667,107.875,452.0,87.20833333333333,,,,,,,,279.7987272938486,0.9525549644704548,0.0,0.0,0.0,0.0,0.0,0.0,,0.041666666666666664,1,0,2.030000000000002,2.0300000000000002,29.959999999999997,47.18,64.47,5.0,108.08,0.0,0.0,0.0,0.0,,,,,-0.9854116790891377,0.1701876103443675,-0.9854116790891377,0.1701876103443675,-11.692239595147674,3.437659956569033,1.0,3.0,0.0,0.0677570093457944,0.0,3,0.0,1.0150000000000001,0.39566666666666667,0.0,-0.0,40.4625,-1.6749999999999998,180,6,2023,89
2023-06-30,0.0,0.5,0,0.0,-2.0,1.3,-0.1625,25.2,19.6375,-16.69298376348127,10.276415488478547,99.41666666666667,50.5,261.0,100.0,,,,,,,,301.62556519088315,0.9982137314763075,0.0,0.0,0.0,0.0,0.0,0.0,,0.0,0,0,0.0,2.0300000000000002,20.02,47.18,64.47,4.0,108.08,0.0,0.0,0.0,0.0,,,,,-0.8514930485541808,0.5243658915908885,-0.8514930485541808,0.5243658915908885,-16.59560802486096,10.216469731462421,2.0,4.0,0.0,0.1013986013986014,0.0,4,0.0,0.6766666666666667,0.3939444444444445,0.0,-0.0,78.55,1.3916666666666664,181,6,2023,90
2023-07-01,0.07,1.0,1,0.07,-0.8,3.5,1.2208333333333334,22.9,13.25,-12.03453900821726,1.3989899183588825,96.41666666666667,65.375,425.0,98.08333333333333,,,,,,,,266.28765620116036,0.9017571535918422,1.5,13.8,13.8,100.0,-13.697136892650244,1.681796938991038,277.0,0.0,1,1,0.07000000000000178,0.07,19.11,47.25,64.54,4.0,108.15,0.0,0.0,0.0,0.0,,,,,-0.9979016922773781,-0.06474729762657955,-0.992546151641322,0.12186934340514768,-11.603301360422808,1.348859446284356,0.0,5.0,1.0,0.0036630036630036634,1.603,5,0.012309062500000002,0.07,0.44275000000000003,0.9660000000000002,0.0,66.25,1.3833333333333335,182,7,2023,91
2023-07-02,0.0,0.0,0,0.0,-6.6,9.4,2.920833333333333,10.0,4.845833333333333,1.1843915994144807,-0.23038639954598117,60.625,127.375,507.0,12.458333333333334,,,,,,,,56.23002875062509,0.1149751853901861,0.0,0.0,0.0,0.0,0.0,0.0,,0.875,0,0,0.07000000000000178,0.07,13.09,42.84,64.54,3.0,108.15,0.0,0.0,0.0,0.0,,,,,0.8312759099814235,0.5558600196853128,0.8312759099814235,0.5558600196853128,0.718037407145029,-0.1396717547247511,1.0,6.0,0.0,0.005347593582887701,0.0,6,0.0,0.035,0.4958888888888889,0.0,-0.0,29.075,1.6999999999999995,183,7,2023,92
2023-07-03,0.0,0.0,0,0.0,-0.3,9.7,4.208333333333333,7.2,5.129166666666667,0.0483639750938212,4.057450449930143,62.75,119.75,512.0,80.45833333333333,,,,,,,,6.649205181064963,0.7475230277121561,0.0,0.0,0.0,0.0,0.0,0.0,,0.16666666666666666,1,0,0.0,0.07,2.1,32.83,64.54,4.0,108.15,0.0,0.0,0.0,0.0,,,,,0.11579020900349266,0.9932736921407551,0.11579020900349266,0.9932736921407551,0.0303483943713728,2.5460501573311647,2.0,7.0,0.0,0.03333333333333333,0.0,5,0.0,0.023333333333333334,0.5045555555555555,0.0,-0.0,25.645833333333336,1.2875,184,7,2023,93
2023-07-04,0.07,5.6,1,0.07,2.6,4.5,3.375,11.1,7.079166666666667,-3.740493674830916,5.872421530412816,89.16666666666667,31.875,162.0,100.0,,,,,,,,329.23310493395115,0.9801514217036803,3.2,9.2,9.2,77.0,-5.789747597658508,7.149742845404129,321.0,0.0,0,1,0.07000000000000178,0.07,2.1700000000000004,32.9,64.61,4.0,108.22,0.0,0.0,0.0,0.0,,,,,-0.5115464809062401,0.859255606832124,-0.6293203910498378,0.7771459614569706,-3.335273526724234,5.236242531284761,0.0,8.0,1.0,0.03225806451612903,0.777,6,0.010531499999999996,0.07,0.4184722222222222,0.644,0.0,42.475,-0.833333333333333,185,7,2023,94
2023-07-05,0.0,6.1000000000000005,0,0.0,-0.1,4.9,3.0749999999999997,15.4,11.554166666666667,-9.046953969728062,7.136097885293108,99.0,39.791666666666664,160.0,100.0,,,,,,,,308.1236811912462,0.9970929005829042,0.0,0.0,0.0,0.0,0.0,0.0,,0.0,0,0,0.07000000000000178,0.07,0.14,32.900000000000006,64.61,3.0,108.22,0.0,0.0,0.0,0.0,,,,,-0.7866799247194669,0.6173610742858461,-0.7866799247194669,0.6173610742858461,-8.95648443003078,7.064736906440177,1.0,9.0,0.0,0.5,0.0,4,0.0,0.035,0.46541666666666665,0.0,-0.0,46.21666666666667,-0.30000000000000027,186,7,2023,95
2023-07-06,0.35,0.6000000000000001,3,0.21,-3.8,2.5,-0.38333333333333336,13.0,11.137500000000001,-7.5702563600614425,8.102530801677995,88.25,120.08333333333333,492.0,53.25,,,,,,,,317.2076704177406,0.9951244883361337,-0.3,10.5,11.5,99.33333333333333,-8.03968493087075,6.7124592531611915,309.6683322396841,0.25,1,3,0.35000000000000175,0.42,0.49,30.45,64.96,3.0,108.57000000000001,0.0,0.0,0.0,0.0,,,,,-0.6793430707886607,0.7338208174830096,-0.7697524887514562,0.6383424676934312,-6.680751237754223,7.15048343248083,0.0,10.0,0.8333333333333333,0.8571428571428571,4.55,0,0.07829609375000002,0.42,0.42977777777777776,3.675,0.0,0.0,-3.458333333333333,187,7,2023,96
2023-07-07,2.8000000000000003,5.3,12,0.56,-0.5,0.6,-0.05833333333333333,30.5,19.995833333333334,-17.229566636018127,10.062972706689711,99.625,39.208333333333336,177.0,100.0,,,,,,,,300.45324771939676,0.9969505334051622,0.0,16.558333333333334,20.3,99.41666666666667,-14.389395326677162,8.057034863871763,299.9873372682963,0.0,1,7,3.150000000000002,3.1500000000000004,3.29,23.310000000000002,67.76,4.0,111.37,0.0,0.0,0.0,0.0,,,,,-0.8620430153256555,0.5068351208512012,-0.8661358858138114,0.4998085906679918,-17.16495576113306,10.025236559039625,0.0,11.0,0.8888888888888888,0.9574468085106383,85.4,0,0.5551145833333333,3.1500000000000004,0.3715555555555556,46.36333333333334,0.0,0.0,0.325,188,7,2023,97
2023-07-08,15.75,24.4,20,2.73,-1.7,-0.4,-0.8375,40.8,27.95,-22.88665671574876,15.275095664995588,98.875,19.958333333333332,124.0,100.0,,,,,,,,303.3529227676748,0.9844147726524942,-0.875,26.964999999999996,35.8,98.75,-22.903664407444975,13.697173040302511,300.8053066620793,0.0,0,16,18.55,18.9,18.97,38.08,82.67,3.0,127.12,0.0,0.0,0.0,0.0,,,,,-0.8352998853942688,0.549794599337172,-0.8589124684889714,0.5121224184452208,-22.629181827696588,15.103250838764389,0.0,0.0,0.8333333333333334,0.9963099630996309,100.0,0,2.8387190917968748,18.9,0.34288888888888885,424.69874999999996,0.0,0.0,-0.7791666666666667,189,7,2023,98
2023-07-09,1.19,5.4,6,0.35,-1.1,2.8,0.39999999999999997,33.3,26.233333333333334,-22.972557041439885,12.616038586156668,99.79166666666667,36.333333333333336,162.0,100.0,,,,,,,,298.87555630353484,0.999120760139897,-1.0166666666666666,29.933333333333334,33.3,99.83333333333333,-26.51688074650544,13.796271042518052,297.66780512951345,0.0,0,3,16.94,19.74,20.16,33.25000000000001,78.26,3.0,128.31,0.0,0.0,0.0,0.0,,,,,-0.8756706266961388,0.4829088459964172,-0.8856546837274275,0.4643444639399402,-22.92469754760355,12.58975517243551,0.0,1.0,0.060283687943262415,0.9791666666666666,39.626999999999995,1,0.2051142673611111,19.74,0.4190833333333333,35.620666666666665,0.0,26.233333333333334,1.2375,190,7,2023,99
2023-07-10,0.0,0.6000000000000001,0,0.0,0.8,2.7,1.5458333333333334,27.9,20.804166666666667,-17.53502795968928,11.073423760157098,99.625,67.125,335.0,100.0,,,,,,,,302.7460377119231,0.9966758890475902,0.0,0.0,0.0,0.0,0.0,0.0,,0.0,0,0,1.1900000000000017,16.939999999999998,20.16,22.26,78.26,2.0,128.31,0.0,0.0,0.0,0.0,,,,,-0.8410764220281481,0.5409163080443484,-0.8410764220281481,0.5409163080443484,-17.469271604840447,11.03189842105651,1.0,2.0,0.0,0.8402777777777777,0.0,2,0.0,8.469999999999999,0.43683333333333335,0.0,-0.0,41.608333333333334,1.1458333333333335,191,7,2023,100
2023-07-11,0.0,0.1,0,0.0,-0.5,3.4,1.4833333333333334,22.7,14.1,-11.400136336066796,7.923966544066154,98.20833333333333,76.08333333333333,337.0,88.54166666666667,,,,,,,,309.2265767412561,0.9750280956104025,0.0,0.0,0.0,0.0,0.0,0.0,,0.0,0,0,0.0,1.19,20.09,22.259999999999998,78.26,2.0,128.31,0.0,0.0,0.0,0.0,,,,,-0.7746512375186372,0.6323886939302789,-0.7746512375186372,0.6323886939302789,-11.195883893378932,7.7819954768183015,2.0,3.0,0.0,0.059233449477351915,0.0,3,0.0,0.39666666666666667,0.45363888888888887,0.0,-0.0,42.3,-0.0625,192,7,2023,101
2023-07-12,0.0,0.0,0,0.0,-3.0,6.3,1.1208333333333333,13.6,9.299999999999999,-5.377706805829217,7.222898346397823,73.75,136.25,547.0,24.041666666666668,,,,,,,,328.1109758419685,0.9566777324732053,0.0,0.0,0.0,0.0,0.0,0.0,,0.5416666666666666,1,0,0.0,0.0,20.09,20.23,78.26,3.0,128.31,0.0,0.0,0.0,0.0,,,,,-0.5282756921220726,0.8490729021190967,-0.5282756921220726,0.8490729021190967,-3.966058769299047,5.326887530468395,3.0,4.0,,0.0,0.0,4,0.0,0.0,0.47666666666666674,0.0,-0.0,37.199999999999996,-0.36250000000000004,193,7,2023,102
2023-07-13,0.0,0.0,0,0.0,-0.6,6.7,2.7125,21.6,15.191666666666668,-10.84522985997622,10.534670588536523,46.666666666666664,139.58333333333334,559.0,60.958333333333336,,,,,,,,314.5409121930454,0.9947032964495156,0.0,0.0,0.0,0.0,0.0,0.0,,0.25,0,0,0.0,0.0,19.74,20.23,75.32000000000001,2.0,128.31,0.0,0.0,0.0,0.0,,,,,-0.7127497813704637,0.7014183838169314,-0.7127497813704637,0.7014183838169314,-5.061107267988903,4.91617960798371,4.0,5.0,,0.0,0.0,5,0.0,0.0,0.39749999999999996,0.0,-0.0,75.95833333333334,1.5916666666666666,194,7,2023,103
2023-07-14,0.0,0.0,0,0.0,0.6,4.3,2.4208333333333334,28.1,23.770833333333332,-19.12524152749182,14.098785934482331,69.58333333333333,131.54166666666666,543.0,72.70833333333333,,,,,,,,306.45830265970034,0.9995561149634526,0.0,0.0,0.0,0.0,0.0,0.0,,0.125,0,0,0.0,0.0,16.939999999999998,20.23,67.76,1.0,128.31,0.0,0.0,0.0,0.0,,,,,-0.8042895334853776,0.594237617730377,-0.8042895334853776,0.594237617730377,-13.307980562879726,9.810405212743955,5.0,6.0,,0.0,0.0,6,0.0,0.0,0.4151944444444444,0.0,-0.0,142.625,-0.2916666666666665,195,7,2023,104
2023-07-15,0.0,0.0,0,0.0,0.5,5.4,3.3666666666666667,36.6,25.566666666666666,-20.064574539535084,15.585222722341358,84.375,108.5,456.0,93.91666666666667,,,,,,,,310.33573932968204,0.989356327991942,0.0,0.0,0.0,0.0,0.0,0.0,,0.0,0,0,0.0,0.0,1.19,20.16,67.41,1.0,128.31,0.0,0.0,0.0,0.0,,,,,-0.7622647339513403,0.6472653824932185,-0.7622647339513403,0.6472653824932185,-16.929484767732728,13.15003167197552,6.0,7.0,,0.0,0.0,6,0.0,0.0,0.4735833333333333,0.0,-0.0,153.4,0.9458333333333333,196,7,2023,105
2023-07-16,0.0,0.0,0,0.0,-2.7,6.6,1.3625,11.1,6.2375,-2.7989724461753376,5.222546971636636,75.29166666666667,141.79166666666666,558.0,1.5416666666666667,,,,,,,,329.3574133632105,0.9359240340448608,0.0,0.0,0.0,0.0,0.0,0.0,,0.9583333333333334,1,0,0.0,0.0,0.0,20.16,67.41,2.0,128.31,0.0,0.0,0.0,0.0,,,,,-0.5096810448556193,0.8603634304843996,-0.5096810448556193,0.8603634304843996,-2.1073930042661813,3.932142657394751,7.0,8.0,,,0.0,6,0.0,0.0,0.49216666666666664,0.0,-0.0,37.425,-2.0041666666666664,197,7,2023,106
2023-07-17,0.0,0.0,0,0.0,-2.0,7.1,1.9083333333333332,11.6,7.8999999999999995,-4.2335447325565125,6.418137793029896,58.583333333333336,145.16666666666666,571.0,0.041666666666666664,,,,,,,,327.2085166052955,0.9744248552134823,0.0,0.0,0.0,0.0,0.0,0.0,,1.0,1,0,0.0,0.0,0.0,20.16,67.41,3.0,128.31,0.0,0.0,0.0,0.0,,,,,-0.5415832601222935,0.840647115236416,-0.5415832601222935,0.840647115236416,-2.480151622489357,3.7599590570833477,8.0,9.0,,,0.0,6,0.0,0.0,0.4498333333333333,0.0,-0.0,47.4,0.5458333333333332,198,7,2023,107
2023-07-18,0.9099999999999999,2.0,3,0.7,-1.8,2.7,0.8416666666666667,34.9,18.354166666666668,-16.075216513062724,8.19206588787208,97.95833333333333,70.0,360.0,94.95833333333333,,,,,,,,297.70276233777844,0.9779645025355601,0.7333333333333334,28.433333333333337,34.0,100.0,-26.32121116100502,10.743005725346649,292.33336342205956,0.041666666666666664,0,2,0.9100000000000017,0.9099999999999999,0.9099999999999999,21.0,63.91,3.0,129.22,0.0,0.0,0.0,0.0,,,,,-0.8853712138121822,0.4648847316838263,-0.9249886036250607,0.37999484623315655,-15.747014175921027,8.024811209328023,0.0,10.0,1.0,1.0,31.758999999999997,0,0.13588890972222223,0.9099999999999999,0.43319444444444444,25.874333333333336,0.0,0.0,-1.0666666666666664,199,7,2023,108
2023-07-19,0.0,0.0,0,0.0,-7.1,5.3,-1.8833333333333335,11.9,7.158333333333334,-4.751861369167533,-0.13743598299679496,71.625,146.04166666666666,578.0,23.208333333333332,,,,,,,,268.36002084237464,0.6494850617204871,0.0,0.0,0.0,0.0,0.0,0.0,,0.6666666666666666,1,0,0.9100000000000017,0.9099999999999999,0.9099999999999999,21.0,53.9,3.0,129.22,0.0,0.0,0.0,0.0,,,,,-0.9995903888726841,-0.02861912775323844,-0.9995903888726841,-0.02861912775323844,-3.4035207056662453,-0.09843852282145439,1.0,11.0,0.0,1.0,0.0,1,0.0,0.45499999999999996,0.45388888888888895,0.0,-0.0,7.158333333333334,-2.725,200,7,2023,109
2023-07-20,0.35,0.7,2,0.21,-3.3,5.5,0.2916666666666667,21.4,15.008333333333333,-10.903765523566,9.99206008104612,48.708333333333336,140.125,579.0,64.625,,,,,,,,315.0341794552039,0.9826350553525831,0.35,20.45,21.4,97.0,-17.417522763914317,10.702637674660785,301.5,0.20833333333333334,1,2,0.35000000000000175,1.2599999999999998,1.2599999999999998,21.0,54.25,4.0,129.57,0.0,0.0,0.0,0.0,,,,,-0.7066848350655901,0.7075284756731135,-0.8526401643540921,0.522498564715949,-5.311042457103606,4.866965931142881,0.0,12.0,0.2777777777777778,1.0,7.489999999999999,2,0.0628531640625,1.2599999999999998,0.37799999999999995,7.157499999999999,0.0,30.016666666666666,2.1750000000000003,201,7,2023,110
2023-07-21,0.49000000000000005,1.4000000000000001,5,0.14,-5.1,2.0,-0.5041666666666667,20.5,11.008333333333333,-9.66585542502595,-0.5310049343112002,90.95833333333333,97.41666666666667,435.0,77.08333333333333,,,,,,,,259.220510593783,0.8884794168308169,1.1199999999999999,13.34,20.5,87.6,-11.875191499811411,0.8046803727781118,265.5847505001701,0.08333333333333333,1,3,0.8400000000000019,0.8400000000000001,1.75,18.69,54.74,5.0,130.06,0.0,0.0,0.0,0.0,,,,,-0.9823542660627769,-0.187029665957738,-0.9970322978378007,-0.07698439496596152,-8.791900997013185,-0.48299323816722917,0.0,13.0,0.5833333333333334,0.48000000000000004,10.045000000000002,3,0.090640935,0.8400000000000001,0.4125833333333333,6.536600000000001,0.0,33.025,-0.7958333333333334,202,7,2023,111
2023-07-22,0.0,0.0,0,0.0,-4.6,4.6,0.016666666666666597,7.4,4.0375000000000005,-2.1187805490644833,0.9636439269208402,80.875,145.0,568.0,37.333333333333336,,,,,,,,302.6221767139924,0.6817634742063607,0.0,0.0,0.0,0.0,0.0,0.0,,0.5833333333333334,1,0,0.4900000000000018,0.8400000000000001,1.75,2.94,51.940000000000005,6.0,130.06,0.0,0.0,0.0,0.0,,,,,-0.8422437990778413,0.5390968214661676,-0.8422437990778413,0.5390968214661676,-1.713563769055901,0.7793470258972296,1.0,14.0,0.0,0.48000000000000004,0.0,4,0.0,0.42000000000000004,0.4684722222222222,0.0,-0.0,16.150000000000002,0.5208333333333333,203,7,2023,112
2023-07-23,0.0,0.0,0,0.0,-2.3,6.2,0.9249999999999999,8.3,4.929166666666666,3.804396579420283,-0.6000318986818381,86.375,137.70833333333334,564.0,62.875,,,,,,,,97.68621169131573,0.7244674017194103,0.0,0.0,0.0,0.0,0.0,0.0,,0.20833333333333334,1,0,0.0,0.49000000000000005,1.75,1.75,42.0,6.0,130.06,0.0,0.0,0.0,0.0,,,,,0.991015414980144,-0.1337477000614704,0.991015414980144,-0.1337477000614704,3.2860475454742692,-0.5182775524864377,2.0,15.0,0.0,0.28,0.0,5,0.0,0.16333333333333336,0.5175,0.0,-0.0,24.645833333333332,0.9083333333333333,204,7,2023,113
2023-07-24,0.0,0.0,0,0.0,-6.2,6.4,0.9916666666666667,9.6,4.904166666666667,-3.1873955581618603,2.025888667129066,72.41666666666667,148.70833333333334,574.0,1.5833333333333333,,,,,,,,302.9580404054208,0.7143673383022269,0.0,0.0,0.0,0.0,0.0,0.0,,1.0,1,0,0.0,0.0,1.75,1.75,41.02,6.0,130.06,0.0,0.0,0.0,0.0,,,,,-0.8390692001963729,0.5440247028231523,-0.8390692001963729,0.5440247028231523,-2.308205616702214,1.4670810431126318,3.0,16.0,,0.0,0.0,6,0.0,0.0,0.48275000000000007,0.0,-0.0,29.425,0.06666666666666676,205,7,2023,114
2023-07-25,0.0,0.0,0,0.0,-1.9,9.3,4.1625000000000005,9.0,4.1625000000000005,-2.6251349743567176,2.7718699388723014,50.375,153.66666666666666,593.0,1.25,,,,,,,,316.41670838716755,0.908742536445361,0.0,0.0,0.0,0.0,0.0,0.0,,1.0,0,0,0.0,0.0,0.8400000000000001,1.75,35.0,6.0,130.06,0.0,0.0,0.0,0.0,,,,,-0.6894083340474042,0.7243729349899696,-0.6894083340474042,0.7243729349899696,-1.3224117433321965,1.3963294817069218,4.0,17.0,,0.0,0.0,4,0.0,0.0,0.47702777777777783,0.0,-0.0,16.650000000000002,3.170833333333334,206,7,2023,115
2023-07-26,0.0,0.0,0,0.0,-2.7,7.9,2.154166666666667,13.0,9.041666666666666,-5.188338306157119,6.901408872441132,48.458333333333336,154.08333333333334,600.0,30.416666666666668,,,,,,,,324.7794886276917,0.9506514959631773,0.0,0.0,0.0,0.0,0.0,0.0,,0.5416666666666666,1,0,0.0,0.0,0.8400000000000001,1.75,24.01,6.0,130.06,0.0,0.0,0.0,0.0,,,,,-0.5767248097301491,0.8169384884076177,-0.5767248097301491,0.8169384884076177,-2.5141822708586377,3.3443077161037653,5.0,18.0,,0.0,0.0,5,0.0,0.0,0.43980555555555556,0.0,-0.0,45.20833333333333,-2.0083333333333337,207,7,2023,116
2023-07-27,0.0,0.0,0,0.0,-1.3,7.6,2.2291666666666665,20.6,11.820833333333333,-7.210914760401415,9.167382125758968,50.5,157.16666666666666,600.0,0.7083333333333334,,,,,,,,322.8492116395033,0.9851358847758784,0.0,0.0,0.0,0.0,0.0,0.0,,1.0,1,0,0.0,0.0,0.49000000000000005,1.75,24.009999999999998,6.0,130.06,0.0,0.0,0.0,0.0,,,,,-0.6039147482942036,0.7970489174402966,-0.6039147482942036,0.7970489174402966,-3.641511954002715,4.629527973508278,6.0,19.0,,0.0,0.0,6,0.0,0.0,0.442,0.0,-0.0,70.925,0.07499999999999973,208,7,2023,117
2023-07-28,0.49,8.2,2,0.35,1.0,4.1,3.1,29.6,20.545833333333334,-16.330287258412547,12.344689480438696,98.04166666666667,37.291666666666664,279.0,96.375,,,,,,,,306.70977316608645,0.995877244208706,2.75,21.3,25.1,99.5,-16.877595670678176,12.992432967917434,307.5,0.0,0,1,0.49000000000000177,0.49,0.49,2.2399999999999998,22.470000000000002,5.0,130.55,0.0,0.0,0.0,0.0,,,,,-0.8016736933123045,0.5977619003006206,-0.7933533402912352,0.6087614290087207,-16.010485799601966,12.102939311446772,0.0,20.0,1.0,1.0,14.504,0,0.065166171875,0.49,0.44277777777777777,10.437,0.0,0.0,0.8708333333333336,209,7,2023,118
2023-07-29,0.0,0.30000000000000004,0,0.0,1.2,6.1,3.9333333333333336,23.6,18.474999999999998,-15.230910844111692,10.39862223962484,96.20833333333333,93.58333333333333,365.0,71.04166666666667,,,,,,,,304.58316713482895,0.9982505612458017,0.0,0.0,0.0,0.0,0.0,0.0,,0.0,0,0,0.49000000000000177,0.49,0.49,2.2399999999999998,22.470000000000002,4.0,130.55,0.0,0.0,0.0,0.0,,,,,-0.8233031592092607,0.5676018922061932,-0.8233031592092607,0.5676018922061932,-14.65340547460579,10.004341146372397,1.0,21.0,0.0,1.0,0.0,1,0.0,0.245,0.5186388888888889,0.0,-0.0,18.474999999999998,0.8333333333333335,210,7,2023,119
2023-07-30,0.0,0.0,0,0.0,1.2,6.1,3.108333333333333,24.3,20.6375,-17.002779692509147,11.560887040090046,88.625,130.58333333333334,504.0,61.083333333333336,,,,,,,,304.58649766075223,0.9964511326916099,0.0,0.0,0.0,0.0,0.0,0.0,,0.125,0,0,0.0,0.49,0.49,2.2399999999999998,22.470000000000002,3.0,130.55,0.0,0.0,0.0,0.0,,,,,-0.8232701638904708,0.5676497487427942,-0.8232701638904708,0.5676497487427942,-15.068713502486233,10.245836139279804,2.0,22.0,0.0,1.0,0.0,2,0.0,0.16333333333333333,0.5180277777777778,0.0,-0.0,41.275,-0.8250000000000006,211,7,2023,120
2023-07-31,0.0,0.4,0,0.0,0.3,4.5,2.370833333333333,26.9,21.575,-18.532322437086112,10.99829766533869,91.83333333333333,143.66666666666666,558.0,69.45833333333333,,,,,,,,301.0415864029854,0.9988267027276004,0.0,0.0,0.0,0.0,0.0,0.0,,0.0,0,0,0.0,0.0,0.49,2.2399999999999998,22.400000000000002,2.0,130.55,0.0,0.0,0.0,0.0,,,,,-0.8567932501925649,0.5156600880662192,-0.8567932501925649,0.5156600880662192,-17.018849438057412,10.100103356002696,3.0,23.0,,0.0,0.0,3,0.0,0.0,0.5018888888888888,0.0,-0.0,64.725,-0.7374999999999998,212,7,2023,121
2023-08-01,0.0,0.0,0,0.0,-1.1,6.0,2.5749999999999997,28.0,14.033333333333333,-10.23816412956162,7.245857870535789,85.16666666666667,142.75,557.0,54.0,,,,,,,,316.91123311645805,0.7668997189485388,0.0,0.0,0.0,0.0,0.0,0.0,,0.2916666666666667,1,0,0.0,0.0,0.49,1.33,22.400000000000002,3.0,130.55,0.0,0.0,0.0,0.0,,,,,-0.6831306086816825,0.7302962217362171,-0.6831306086816825,0.7302962217362171,-8.71950311700998,6.171055619739648,4.0,24.0,,0.0,0.0,4,0.0,0.0,0.5123888888888889,0.0,-0.0,56.13333333333333,0.2041666666666666,213,8,2023,122
2023-08-02,0.0,0.0,0,0.0,-0.2,9.2,3.9250000000000003,15.6,8.104166666666666,-3.6766476588291366,6.534657627474068,68.29166666666667,162.20833333333334,600.0,10.833333333333334,,,,,,,,332.02451766698704,0.9040735425690691,0.0,0.0,0.0,0.0,0.0,0.0,,0.8333333333333334,1,0,0.0,0.0,0.49,1.33,22.400000000000002,3.0,130.55,0.0,0.0,0.0,0.0,,,,,-0.4690936941663958,0.8831484054751636,-0.4690936941663958,0.8831484054751636,-2.510843963675398,4.4626266047625,5.0,25.0,,0.0,0.0,5,0.0,0.0,0.5402222222222223,0.0,-0.0,40.52083333333333,1.3500000000000005,214,8,2023,123
2023-08-03,0.0,0.0,0,0.0,3.3,8.3,5.345833333333334,24.3,20.270833333333332,-15.392671604412518,13.147652791861598,70.08333333333333,165.66666666666666,600.0,4.125,,,,,,,,310.6245904326066,0.998594504636021,0.0,0.0,0.0,0.0,0.0,0.0,,0.9583333333333334,0,0,0.0,0.0,0.49,0.98,22.330000000000002,2.0,130.55,0.0,0.0,0.0,0.0,,,,,-0.7589919355245476,0.6511000244268932,-0.7589919355245476,0.6511000244268932,-10.787697349425773,9.214313331629668,6.0,26.0,,0.0,0.0,6,0.0,0.0,0.5285000000000001,0.0,-0.0,121.625,1.4208333333333338,215,8,2023,124
2023-08-04,0.0,4.3,0,0.0,4.6,8.2,6.466666666666666,30.3,23.733333333333334,-18.833685914187715,14.351273946286362,82.29166666666667,125.875,479.0,72.625,,,,,,,,307.5434551601036,0.9977441064688225,0.0,0.0,0.0,0.0,0.0,0.0,,0.125,0,0,0.0,0.0,0.0,0.49,22.330000000000002,2.0,130.55,0.0,0.0,0.0,0.0,,,,,-0.7928914058050126,0.6093629612969194,-0.7928914058050126,0.6093629612969194,-15.498554033550308,11.809902518298152,7.0,27.0,,,0.0,6,0.0,0.0,0.5404444444444444,0.0,-0.0,142.4,1.1208333333333318,216,8,2023,125
2023-08-05,0.0,6.1000000000000005,0,0.0,0.6,7.0,3.7458333333333336,25.8,8.304166666666667,-5.296643238424547,2.92095426295686,86.875,147.66666666666666,596.0,71.45833333333333,,,,,,,,305.4327071440086,0.4741646418485687,0.0,0.0,0.0,0.0,0.0,0.0,,0.16666666666666666,0,0,0.0,0.0,0.0,0.49,21.98,2.0,130.55,0.0,0.0,0.0,0.0,,,,,-0.8147969818117935,0.579746391476818,-0.8147969818117935,0.579746391476818,-4.601458813381325,2.537579015943772,8.0,28.0,,,0.0,6,0.0,0.0,0.5435833333333333,0.0,-0.0,49.825,-2.7208333333333323,217,8,2023,126
2023-08-06,0.0,0.0,0,0.0,-2.4,7.0,2.6,6.8,4.341666666666667,0.6204947308379222,1.7253012902750644,81.875,159.375,600.0,55.875,,,,,,,,1.2280523711303823,0.3379662097155623,0.0,0.0,0.0,0.0,0.0,0.0,,0.3333333333333333,1,0,0.0,0.0,0.0,0.49,19.18,3.0,130.55,0.0,0.0,0.0,0.0,,,,,0.02143191621417942,0.9997703101049703,0.02143191621417942,0.9997703101049703,0.5080300608735488,1.412590431412709,9.0,29.0,,,0.0,6,0.0,0.0,0.5347222222222222,0.0,-0.0,26.05,-1.1458333333333335,218,8,2023,127
2023-08-07,0.0,0.0,0,0.0,-2.3,6.4,2.983333333333333,7.1,4.270833333333333,0.033090370696452036,1.5419725871694612,76.0,155.66666666666666,600.0,25.333333333333332,,,,,,,,356.2480513275461,0.3090160048903086,0.0,0.0,0.0,0.0,0.0,0.0,,0.5833333333333334,1,0,0.0,0.0,0.0,0.49,3.4299999999999997,4.0,130.55,0.0,0.0,0.0,0.0,,,,,-0.06543706712304656,0.9978566982519754,-0.06543706712304656,0.9978566982519754,0.025148681729303547,1.1718991662487905,10.0,30.0,,,0.0,6,0.0,0.0,0.49933333333333335,0.0,-0.0,25.625,0.38333333333333286,219,8,2023,128
2023-08-08,0.0,0.0,0,0.0,-3.7,6.9,2.0875,6.8,4.804166666666666,-2.582726755597917,3.2772258967212955,76.5,168.5,600.0,2.75,,,,,,,,318.7853845388863,0.8647339356280151,0.0,0.0,0.0,0.0,0.0,0.0,,1.0,1,0,0.0,0.0,0.0,0.49,2.2399999999999998,4.0,130.55,0.0,0.0,0.0,0.0,,,,,-0.6588813706388695,0.7522468606947088,-0.6588813706388695,0.7522468606947088,-1.9757859680324066,2.507077810991791,11.0,31.0,,,0.0,6,0.0,0.0,0.5206666666666667,0.0,-0.0,28.824999999999996,-0.895833333333333,220,8,2023,129
2023-08-09,0.0,0.0,0,0.0,-1.3,6.6,2.2583333333333333,23.2,14.616666666666667,-10.062999141884818,10.41128115182547,79.95833333333333,167.41666666666666,600.0,37.833333333333336,,,,,,,,317.3830594325584,0.9874635424246025,0.0,0.0,0.0,0.0,0.0,0.0,,0.4583333333333333,0,0,0.0,0.0,0.0,0.49,2.2399999999999998,3.0,130.55,0.0,0.0,0.0,0.0,,,,,-0.6770935809466256,0.7358969239240475,-0.6770935809466256,0.7358969239240475,-8.046206397198736,8.324686887647115,12.0,32.0,,,0.0,6,0.0,0.0,0.5248055555555555,0.0,-0.0,87.7,0.1708333333333334,221,8,2023,130
2023-08-10,3.92,5.8999999999999995,7,1.96,0.3,3.4,1.625,32.3,17.2,-14.683309108674306,8.43264322492139,93.79166666666667,62.875,293.0,80.91666666666667,,,,,,,,297.03454377609006,0.9847988623422853,1.0285714285714287,14.299999999999999,23.5,97.57142857142857,-12.900778094657865,5.99183568407306,295.27607510876567,0.08333333333333333,0,7,3.9200000000000017,3.92,3.92,4.41,6.16,3.0,134.47,0.0,0.0,0.0,0.0,,,,,-0.8907326502025074,0.4545276073718929,-0.9042609218580707,0.42698031008512805,-13.77172033484411,7.909116624707521,0.0,33.0,1.0,1.0,100.0,0,0.7220430000000001,3.92,0.4301111111111111,56.056,0.0,0.0,-0.6333333333333333,222,8,2023,131
2023-08-11,0.0,0.0,0,0.0,-1.8,5.6,1.1875,13.2,10.65,-7.476419795091917,7.371650347959214,84.875,154.91666666666666,600.0,72.54166666666667,,,,,,,,314.8346038525364,0.9849900976370717,0.0,0.0,0.0,0.0,0.0,0.0,,0.0,1,0,3.9200000000000017,3.92,3.92,3.92,6.16,4.0,134.47,0.0,0.0,0.0,0.0,,,,,-0.7091450425030176,0.7050626274972979,-0.7091450425030176,0.7050626274972979,-6.345611301084265,6.256688232830382,1.0,34.0,0.0,1.0,0.0,1,0.0,1.96,0.5106388888888889,0.0,-0.0,10.65,-0.4375,223,8,2023,132
2023-08-12,0.49,1.1,2,0.35,-1.6,2.8,0.5125000000000001,14.3,12.108333333333334,-9.121804131194917,7.795472037048497,90.91666666666667,70.375,349.0,94.91666666666667,,,,,,,,310.125969358276,0.991089210692178,2.3,11.55,11.6,77.5,-9.568575120274147,6.45619023263727,304.0,0.0,1,2,0.49000000000000177,4.41,4.41,4.41,6.6499999999999995,5.0,134.96,0.0,0.0,0.0,0.0,,,,,-0.7646293728024157,0.644470264828242,-0.8290375725550416,0.559192903470747,-8.293240255944712,7.0873833270165925,0.0,35.0,0.1111111111111111,1.0,7.007000000000001,2,0.08070682812500005,4.41,0.4121944444444445,5.6595,0.0,24.21666666666667,-0.6749999999999999,224,8,2023,133
2023-08-13,0.0,0.1,0,0.0,-4.6,4.8,0.7999999999999999,7.7,4.333333333333333,-0.6312895669675532,1.6282971968934297,87.875,137.45833333333334,472.0,82.5,,,,,,,,346.4727052599172,0.4185954832395822,0.0,0.0,0.0,0.0,0.0,0.0,,0.08333333333333333,1,0,0.49000000000000177,0.49,4.41,4.41,6.6499999999999995,5.0,134.96,0.0,0.0,0.0,0.0,,,,,-0.23390855792966084,0.9722586006445335,-0.23390855792966084,0.9722586006445335,-0.5547457069727374,1.4308661617701015,1.0,36.0,0.0,0.1111111111111111,0.0,3,0.0,0.245,0.4912222222222223,0.0,-0.0,13.0,0.28749999999999987,225,8,2023,134
2023-08-14,2.0300000000000002,3.4,9,0.56,-0.0,3.1,1.175,6.8,3.7624999999999997,2.52674051541327,0.3608099487068666,94.66666666666667,61.083333333333336,293.0,99.0,,,,,,,,92.14888727551309,0.41768508283225514,1.211111111111111,4.466666666666667,6.8,93.22222222222223,2.7148928641346166,1.835647305632276,49.313274929601675,0.0,0,7,2.030000000000002,2.5200000000000005,6.44,6.44,8.68,4.0,136.99,0.0,0.0,0.0,0.0,,,,,0.9992967639926903,-0.03749636614043258,0.7582854013286132,0.6519227332528786,2.391981021257896,0.34156675144250037,0.0,37.0,0.8055555555555555,0.39130434782608703,13.804000000000002,4,0.42113242824074065,2.5200000000000005,0.4251666666666667,9.067333333333334,0.0,15.049999999999999,0.3750000000000001,226,8,2023,135
2023-08-15,0.0,0.0,0,0.0,-5.8,5.1,-0.4333333333333333,7.1,3.4916666666666667,1.5758980874329656,1.4405054889014686,84.58333333333333,142.375,600.0,67.33333333333333,,,,,,,,47.26206920627804,0.5695097175557605,0.0,0.0,0.0,0.0,0.0,0.0,,0.08333333333333333,1,0,2.030000000000002,2.0300000000000002,6.44,6.44,8.68,4.0,136.99,0.0,0.0,0.0,0.0,,,,,0.734465480746615,0.6786460473557949,0.734465480746615,0.6786460473557949,1.33294713228705,1.218427559362492,1.0,38.0,0.0,0.31521739130434784,0.0,5,0.0,1.0150000000000001,0.49019444444444443,0.0,-0.0,17.458333333333332,-1.6083333333333334,227,8,2023,136
2023-08-16,0.0,0.0,0,0.0,-6.3,4.2,-0.9624999999999999,12.3,9.083333333333334,-5.28606864174335,7.070521061738478,78.16666666666667,182.0,600.0,10.041666666666666,,,,,,,,325.728509281376,0.9646496715280702,0.0,0.0,0.0,0.0,0.0,0.0,,0.7916666666666666,1,0,0.0,2.0300000000000002,6.44,6.44,8.68,5.0,136.99,0.0,0.0,0.0,0.0,,,,,-0.5631149285208841,0.8263785919764135,-0.5631149285208841,0.8263785919764135,-4.131943654962719,5.526790629925578,2.0,39.0,0.0,0.31521739130434784,0.0,6,0.0,0.6766666666666667,0.47522222222222227,0.0,-0.0,54.5,-0.5291666666666666,228,8,2023,137
2023-08-17,0.42,0.6,1,0.42,-2.9,6.2,0.7041666666666666,12.8,8.983333333333333,-5.684942321559543,6.658928895179759,62.375,157.875,600.0,60.583333333333336,,,,,,,,319.28560536376494,0.9725473800063024,-0.1,8.7,8.7,77.0,-3.538608794759461,7.947845481490627,336.0,0.2916666666666667,1,1,0.42000000000000176,0.42,2.9400000000000004,6.86,8.19,6.0,137.41,0.0,0.0,0.0,0.0,,,,,-0.6522888522165426,0.7579704831152895,-0.40673664307580015,0.9135454576426009,-3.545982773072765,4.1535068983683745,0.0,40.0,1.0,0.14285714285714282,5.376,3,0.09451706250000001,0.42,0.4509444444444444,3.6539999999999995,0.0,26.949999999999996,1.6666666666666665,229,8,2023,138
2023-08-18,4.76,6.8,17,0.77,-2.6,0.6,-0.7958333333333334,17.9,13.862499999999999,-12.12160764363044,4.48251300092637,95.04166666666667,72.29166666666667,333.0,99.66666666666667,,,,,,,,291.76086329439147,0.924765862286301,-0.5176470588235295,14.347058823529412,17.9,95.70588235294117,-13.15569667265713,3.4631505415975528,285.55340334589215,0.0,1,17,5.1800000000000015,5.18,7.7,11.620000000000001,12.95,6.0,142.17000000000002,0.0,0.0,0.0,0.0,,,,,-0.9287392783932539,0.3707335333761679,-0.9633809513429146,0.2681364253316225,-11.520577931300432,4.260255064630438,0.0,41.0,0.918918918918919,0.6727272727272727,85.204,0,1.0271402647058825,5.18,0.37833333333333335,68.292,0.0,0.0,-1.5,230,8,2023,139
2023-08-19,0.07,0.4,1,0.07,-3.4,2.0,-0.6541666666666667,21.4,17.833333333333332,-14.98835699057417,9.574409517119156,98.95833333333333,61.541666666666664,278.0,100.0,,,,,,,,302.46073928185615,0.9972112543640107,-2.5,19.7,19.7,98.0,-17.394067579320865,9.248589786882041,298.0,0.0,1,1,4.830000000000002,5.25,7.28,11.69,12.67,6.0,142.24,0.0,0.0,0.0,0.0,,,,,-0.8437594209466607,0.536721566143709,-0.8829475928589271,0.4694715627858904,-14.832228271922354,9.474676084649165,0.0,42.0,0.013333333333333334,0.7211538461538461,1.498,1,0.016488281250000004,5.25,0.41533333333333333,1.379,0.0,17.833333333333332,0.14166666666666672,231,8,2023,140
2023-08-20,0.0,0.0,0,0.0,0.4,7.4,3.470833333333333,20.7,11.370833333333332,-8.69252415563375,7.108414486689217,83.5,172.66666666666666,600.0,53.541666666666664,,,,,,,,311.99570246553134,0.9869465195481735,0.0,0.0,0.0,0.0,0.0,0.0,,0.20833333333333334,0,0,0.07000000000000178,4.83,7.28,11.69,12.18,5.0,142.24,0.0,0.0,0.0,0.0,,,,,-0.743195012281613,0.6690748640621116,-0.743195012281613,0.6690748640621116,-7.258257669954181,5.935526096385496,1.0,43.0,0.0,0.6634615384615384,0.0,2,0.0,2.415,0.5578888888888889,0.0,-0.0,22.741666666666664,4.125,232,8,2023,141
2023-08-21,0.0,0.0,0,0.0,-2.0,9.5,3.7416666666666667,15.0,9.041666666666666,-6.233078513258266,6.229406548469142,77.70833333333333,185.20833333333334,600.0,60.291666666666664,,,,,,,,316.6652237567357,0.9671709438407621,0.0,0.0,0.0,0.0,0.0,0.0,,0.20833333333333334,1,0,0.0,0.07,5.25,11.69,12.18,6.0,142.24,0.0,0.0,0.0,0.0,,,,,-0.686259955486394,0.7273563593561362,-0.686259955486394,0.7273563593561362,-4.843621428011111,4.840768005372896,2.0,44.0,0.0,0.013333333333333334,0.0,3,0.0,0.023333333333333334,0.5936111111111111,0.0,-0.0,27.125,0.2708333333333335,233,8,2023,142
2023-08-22,0.7000000000000001,4.6000000000000005,2,0.56,2.2,6.7,4.495833333333334,28.1,13.395833333333334,-9.269114162556827,9.557312704192478,93.0,120.33333333333333,544.0,96.375,,,,,,,,315.94975537530416,0.9880762610434387,2.9000000000000004,6.4,8.5,95.0,-5.40244496002512,3.3725711048559797,300.0,0.0,0,2,0.7000000000000018,0.7000000000000001,5.949999999999999,12.39,12.879999999999999,5.0,142.94,0.0,0.0,0.0,0.0,,,,,-0.6952889169010307,0.718730354190354,-0.8660254037844386,0.5000000000000001,-8.62027617117785,8.888300814899004,0.0,45.0,1.0,0.11764705882352944,19.67,4,0.11431000000000001,0.7000000000000001,0.5391111111111111,4.48,0.0,53.583333333333336,0.7541666666666669,234,8,2023,143
2023-08-23,0.0,0.1,0,0.0,-2.5,5.9,1.8083333333333333,10.3,5.925,-4.33515425520961,3.578026451334267,87.54166666666667,175.08333333333334,600.0,52.791666666666664,,,,,,,,313.8549269451183,0.933919280235985,0.0,0.0,0.0,0.0,0.0,0.0,,0.375,1,0,0.7000000000000018,0.7000000000000001,5.949999999999999,12.39,12.879999999999999,5.0,142.94,0.0,0.0,0.0,0.0,,,,,-0.7210963693090354,0.6928347755196236,-0.7210963693090354,0.6928347755196236,-3.7950662875814127,3.1322639892722064,1.0,46.0,0.0,0.11764705882352944,0.0,5,0.0,0.35000000000000003,0.5396388888888889,0.0,-0.0,29.625,-2.6875,235,8,2023,144
2023-08-24,0.0,0.0,0,0.0,-3.1,9.7,2.904166666666667,13.3,7.941666666666666,-4.742894311547208,6.028574036425532,56.958333333333336,205.875,600.0,1.875,,,,,,,,324.3695678017132,0.9570309012015283,0.0,0.0,0.0,0.0,0.0,0.0,,0.9583333333333334,0,0,0.0,0.7000000000000001,5.529999999999999,8.47,12.879999999999999,4.0,142.94,0.0,0.0,0.0,0.0,,,,,-0.582554760037254,0.8127914563760728,-0.582554760037254,0.8127914563760728,-2.701473551618764,3.4337752949140428,2.0,47.0,0.0,0.1265822784810127,0.0,6,0.0,0.23333333333333336,0.5426666666666666,0.0,-0.0,47.65,1.0958333333333334,236,8,2023,145
2023-08-25,0.0,0.0,0,0.0,0.5,10.5,4.595833333333333,13.3,7.8125,-5.387529124680817,4.757302863415112,55.166666666666664,187.375,600.0,48.583333333333336,,,,,,,,310.1588280502804,0.9097375488463729,0.0,0.0,0.0,0.0,0.0,0.0,,0.3333333333333333,0,0,0.0,0.0,0.77,8.47,12.879999999999999,3.0,142.94,0.0,0.0,0.0,0.0,,,,,-0.7642596483065652,0.6449086679292854,-0.7642596483065652,0.6449086679292854,-2.9721202337822503,2.6244454129840036,3.0,48.0,,0.0,0.0,3,0.0,0.0,0.5421388888888888,0.0,-0.0,23.4375,1.6916666666666664,237,8,2023,146
2023-08-26,0.0,0.0,0,0.0,0.8,10.6,4.783333333333333,12.1,5.070833333333334,-3.091121513251702,2.191061374565261,70.16666666666667,185.45833333333334,600.0,27.75,,,,,,,,320.5467835351059,0.7269805940061593,0.0,0.0,0.0,0.0,0.0,0.0,,0.5833333333333334,0,0,0.0,0.0,0.7,7.98,12.879999999999999,2.0,142.94,0.0,0.0,0.0,0.0,,,,,-0.6354479562133519,0.7721437009678146,-0.6354479562133519,0.7721437009678146,-2.168936928464944,1.5373947311532916,4.0,49.0,,0.0,0.0,4,0.0,0.0,0.5930833333333333,0.0,-0.0,20.283333333333335,0.1875,238,8,2023,147
2023-08-27,0.56,3.8999999999999995,2,0.49,1.7,8.6,4.858333333333333,11.3,9.083333333333334,-6.027389332971237,5.929635223532771,82.5,135.33333333333334,478.0,64.54166666666667,,,,,,,,314.97917353843775,0.9325110032156706,7.0,9.45,10.7,85.0,-8.285391414489947,3.9841241603192996,297.5,0.25,0,2,0.5600000000000018,0.56,1.26,8.54,12.95,2.0,143.5,0.0,0.0,0.0,0.0,,,,,-0.7073637609418397,0.7068497080046195,-0.8870108331782216,0.4617486132350341,-4.97259619970127,4.891949059414536,0.0,50.0,1.0,0.4444444444444445,6.328000000000001,5,0.03703874999999998,0.56,0.5563333333333333,5.292,0.0,45.41666666666667,0.07500000000000018,239,8,2023,148
2023-08-28,0.91,4.2,5,0.35,2.0,7.4,4.375,14.8,10.35,-6.4427366319904005,7.851295019680566,83.45833333333333,141.70833333333334,495.0,68.04166666666667,,,,,,,,322.00461955441756,0.9785865276858493,5.8,10.02,11.2,83.6,-6.33466805242525,7.407925958041574,321.37031014605486,0.125,0,3,1.470000000000002,1.4700000000000002,2.17,7.42,13.86,1.0,144.41,0.0,0.0,0.0,0.0,,,,,-0.615597938827177,0.7880603896350402,-0.6242844856678861,0.7811970820186049,-5.377000614115321,6.5525599685084055,0.0,51.0,0.619047619047619,0.6774193548387097,13.468000000000002,0,0.08358236250000009,1.4700000000000002,0.5371111111111111,9.1182,0.0,0.0,-0.4833333333333334,240,8,2023,149
2023-08-29,0.0,0.0,0,0.0,1.7,9.7,5.283333333333333,14.5,10.987499999999999,-7.5524461532614255,7.404149654119517,83.0,183.08333333333334,600.0,53.125,,,,,,,,315.9699226570621,0.9592097906737213,0.0,0.0,0.0,0.0,0.0,0.0,,0.125,0,0,0.9100000000000018,1.4700000000000002,1.4700000000000002,7.42,13.86,1.0,144.41,0.0,0.0,0.0,0.0,,,,,-0.6950358911952924,0.7189750412569031,-0.6950358911952924,0.7189750412569031,-6.268530307206984,6.145444212919199,1.0,52.0,0.0,1.0,0.0,1,0.0,0.7350000000000001,0.6142777777777777,0.0,-0.0,10.987499999999999,0.9083333333333332,241,8,2023,150
2023-08-30,0.14,3.8000000000000003,1,0.14,2.1,5.5,4.216666666666667,22.7,11.4375,-7.357563028148217,8.044791671435807,91.375,78.66666666666667,301.0,99.83333333333333,,,,,,,,323.84579286182475,0.8695081248644138,2.4,3.4,3.4,100.0,2.8833635269318485,-1.8017254983928963,122.0,0.0,0,1,0.1400000000000018,1.05,1.61,7.56,14.0,0.0,144.55,0.0,0.0,0.0,0.0,,,,,-0.5899605271517715,0.8074320877961216,0.8480480961564261,-0.5299192642332048,-6.722973216970433,7.350928389774468,0.0,53.0,0.13333333333333333,0.6521739130434783,3.1780000000000004,2,0.02546950000000001,1.05,0.47924999999999995,0.47600000000000003,0.0,22.875,-1.0666666666666664,242,8,2023,151
2023-08-31,0.0,0.0,0,0.0,1.5,7.9,3.6750000000000003,12.7,8.549999999999999,-7.220546698556466,4.348082121002997,89.625,184.83333333333334,600.0,75.66666666666667,,,,,,,,305.57021988375067,0.9505328732098073,0.0,0.0,0.0,0.0,0.0,0.0,,0.0,0,0,0.1400000000000018,0.14,1.61,7.14,14.0,0.0,144.55,0.0,0.0,0.0,0.0,,,,,-0.8134032160669445,0.5817002734157442,-0.8134032160669445,0.5817002734157442,-6.471414978581232,3.8969686009489357,1.0,54.0,0.0,0.08695652173913043,0.0,3,0.0,0.07,0.5975277777777778,0.0,-0.0,25.65,-0.5416666666666665,243,8,2023,152
2023-09-01,0.0,0.1,0,0.0,-1.0,5.8,1.8208333333333335,17.7,9.295833333333333,-1.4883760202013265,-5.7415987899856376,89.25,143.25,482.0,81.5,,,,,,,,179.78632671666006,0.6064741806809885,0.0,0.0,0.0,0.0,0.0,0.0,,0.125,1,0,0.0,0.14,1.61,2.38,14.0,1.0,144.55,0.0,0.0,0.0,0.0,,,,,0.0037292936735013145,-0.9999930461601705,0.0037292936735013145,-0.9999930461601705,-1.328375598029684,-5.124376920062182,2.0,55.0,0.0,0.08695652173913043,0.0,4,0.0,0.04666666666666667,0.5218888888888888,0.0,-0.0,37.18333333333333,-1.8541666666666667,244,9,2023,153
2023-09-02,0.0,0.0,0,0.0,-1.7,10.4,4.770833333333333,5.2,3.4499999999999997,-0.8193918616928862,0.9124719821207358,51.958333333333336,221.58333333333334,600.0,7.583333333333333,,,,,,,,330.4309596556088,0.4342582851360063,0.0,0.0,0.0,0.0,0.0,0.0,,0.9583333333333334,0,0,0.0,0.0,1.61,2.3100000000000005,14.0,1.0,144.55,0.0,0.0,0.0,0.0,,,,,-0.4934719647160134,0.8697617030194637,-0.4934719647160134,0.8697617030194637,-0.4257423548045955,0.4741052340435657,3.0,56.0,,0.0,0.0,5,0.0,0.0,0.5520277777777779,0.0,-0.0,17.25,2.9499999999999993,245,9,2023,154
2023-09-03,0.0,0.0,0,0.0,1.4,13.0,6.320833333333333,9.8,4.045833333333333,-2.2692513485668226,3.0222525293643714,60.083333333333336,222.79166666666666,600.0,3.0833333333333335,,,,,,,,319.099429604801,0.9279965541719346,0.0,0.0,0.0,0.0,0.0,0.0,,0.9583333333333334,0,0,0.0,0.0,1.05,2.3100000000000005,14.0,1.0,144.55,0.0,0.0,0.0,0.0,,,,,-0.6547483384134809,0.7558469510058143,-0.6547483384134809,0.7558469510058143,-1.363441851930566,1.8158700613930931,4.0,57.0,,0.0,0.0,6,0.0,0.0,0.6376944444444445,0.0,-0.0,24.275,1.5499999999999998,246,9,2023,155
2023-09-04,0.0,0.5,0,0.0,3.1,12.6,7.633333333333333,25.2,15.5875,-9.631440131462474,12.148626390635663,52.583333333333336,224.79166666666666,600.0,19.25,,,,,,,,322.3374333002043,0.9945465025090837,0.0,0.0,0.0,0.0,0.0,0.0,,0.7916666666666666,0,0,0.0,0.0,0.14,2.3100000000000005,14.0,1.0,144.55,0.0,0.0,0.0,0.0,,,,,-0.6110099762052709,0.7916228956881138,-0.6110099762052709,0.7916228956881138,-5.064532269127351,6.388152710409253,5.0,58.0,,0.0,0.0,5,0.0,0.0,0.6051388888888889,0.0,-0.0,77.9375,1.3125,247,9,2023,156
2023-09-05,3.71,9.2,9,1.68,-0.6,7.1,2.4041666666666663,30.3,18.758333333333333,-16.082167553381968,9.153124601197533,88.45833333333333,140.125,600.0,86.375,,,,,,,,298.02553568384724,0.9809149236336235,1.5333333333333334,17.51111111111111,29.1,96.22222222222223,-15.910694569836487,6.886608583404804,289.70504601162963,0.08333333333333333,0,6,3.7100000000000017,3.71,3.85,5.32,17.71,1.0,148.26,0.0,0.0,0.0,0.0,,,,,-0.8827382702626126,0.46986502978384187,-0.9414408533443379,0.3371781719718594,-14.226017381595797,8.09670147014265,0.0,59.0,1.0,0.9636363636363636,100.0,0,0.613393537037037,3.71,0.5460555555555555,64.96622222222221,0.0,0.0,-5.229166666666666,248,9,2023,157
2023-09-06,0.0,0.0,0,0.0,-1.0,8.4,3.033333333333333,19.2,15.216666666666667,-10.990589914556061,10.418255251958792,71.33333333333333,232.66666666666666,600.0,15.375,,,,,,,,313.832503124924,0.9952898412345755,0.0,0.0,0.0,0.0,0.0,0.0,,0.8333333333333334,0,0,3.7100000000000017,3.71,3.71,5.32,17.71,1.0,148.26,0.0,0.0,0.0,0.0,,,,,-0.721367468471931,0.692552507345398,-0.721367468471931,0.692552507345398,-7.83995413904999,7.4316887463972705,1.0,60.0,0.0,1.0,0.0,1,0.0,1.855,0.5795555555555555,0.0,-0.0,15.216666666666667,0.6291666666666669,249,9,2023,158
2023-09-07,0.21,7.1,1,0.21,1.7,13.1,7.375,30.4,19.162499999999998,-8.938334715667848,16.792696806293048,63.958333333333336,230.5,600.0,31.333333333333332,,,,,,,,331.3660834220179,0.9938758429409433,6.8,29.2,29.2,93.0,-6.568570786840867,28.451605891728864,347.0,0.6666666666666666,0,1,0.21000000000000177,3.92,3.92,5.53,17.919999999999998,1.0,148.47,0.0,0.0,0.0,0.0,,,,,-0.47921150129287665,0.8776994571199342,-0.22495105434386534,0.9743700647852351,-5.716809911895894,10.740328999024928,0.0,61.0,0.05357142857142857,1.0,6.3839999999999995,2,0.010668000000000009,3.92,0.6579722222222223,6.132,0.0,38.324999999999996,4.341666666666667,250,9,2023,159
2023-09-08,8.61,17.1,19,1.47,-1.7,5.2,-0.09999999999999996,48.6,33.704166666666666,-27.508401040274297,18.678406661802416,98.33333333333333,46.333333333333336,172.0,100.0,,,,,,,,304.4885425778405,0.9842283476004631,-0.6631578947368421,35.32631578947369,48.6,98.10526315789474,-29.408518819949816,18.705641688253625,302.2770821075985,0.0,0,16,8.820000000000002,8.82,12.53,14.14,26.53,0.0,157.08,0.0,0.0,0.0,0.0,,,,,-0.8242394362519252,0.5662414253011772,-0.8454755026259954,0.5340142081062268,-27.049927689603056,18.36709988410571,0.0,62.0,0.976190476190476,0.7039106145251397,100.0,0,1.2817129819944597,8.82,0.47422222222222227,304.15957894736846,0.0,0.0,-7.475,251,9,2023,160
2023-09-09,0.77,1.2,9,0.14,-3.9,2.0,-1.2874999999999999,21.5,13.887500000000001,-12.579833526610678,5.486595669370298,90.66666666666667,187.33333333333334,600.0,93.41666666666667,,,,,,,,294.13884413444964,0.9866610351397902,-0.24444444444444446,15.988888888888889,21.5,87.77777777777777,-14.611210438118004,6.35075506689425,294.4464972809302,0.0,1,6,9.38,9.59,13.299999999999999,14.91,23.380000000000003,1.0,157.85,0.0,0.0,0.0,0.0,,,,,-0.9125571365534957,0.40894922976487513,-0.9103481140584867,0.4138433414109214,-11.40571573079368,4.9745134068957375,0.0,63.0,0.08029197080291971,0.7210526315789474,16.555,1,0.15779183410493827,9.59,0.47155555555555556,12.311444444444446,0.0,13.887500000000001,-1.1875,252,9,2023,161
2023-09-10,0.0,0.0,0,0.0,-2.3,6.4,1.5083333333333335,13.1,8.054166666666667,-6.43572080984006,1.9784297885245365,81.91666666666667,213.20833333333334,600.0,63.541666666666664,,,,,,,,280.6358918901319,0.7647913598604755,0.0,0.0,0.0,0.0,0.0,0.0,,0.16666666666666666,0,0,0.7700000000000018,9.379999999999999,13.299999999999999,14.35,23.380000000000003,1.0,157.85,0.0,0.0,0.0,0.0,,,,,-0.9828199233475368,0.18456705629971432,-0.9828199233475368,0.18456705629971432,-5.271927963393982,1.6206637350996829,1.0,64.0,0.0,0.7052631578947368,0.0,2,0.0,4.6899999999999995,0.5574166666666667,0.0,-0.0,16.108333333333334,2.7958333333333334,253,9,2023,162
2023-09-11,0.0,0.0,0,0.0,-1.2,9.3,3.6,10.4,5.695833333333333,-4.1410914639211915,2.7508647977880702,77.45833333333333,230.375,600.0,25.333333333333332,,,,,,,,309.54711758397815,0.8678974939775052,0.0,0.0,0.0,0.0,0.0,0.0,,0.5416666666666666,1,0,0.0,0.77,13.299999999999999,13.44,22.89,2.0,157.85,0.0,0.0,0.0,0.0,,,,,-0.7711012391713005,0.6367125559846334,-0.7711012391713005,0.6367125559846334,-3.2076204297622892,2.1307740246200093,2.0,65.0,0.0,0.05789473684210527,0.0,3,0.0,0.25666666666666665,0.6184444444444445,0.0,-0.0,17.0875,2.091666666666667,254,9,2023,163
2023-09-12,0.0,0.6,0,0.0,1.7,9.9,5.041666666666667,11.9,9.058333333333334,-6.931002909850168,4.315345937031268,81.58333333333333,198.79166666666666,600.0,73.95833333333333,,,,,,,,303.2824212140381,0.893771284206253,0.0,0.0,0.0,0.0,0.0,0.0,,0.0,0,0,0.0,0.0,9.59,13.44,22.89,2.0,157.85,0.0,0.0,0.0,0.0,,,,,-0.8359757664524431,0.5487663600333481,-0.8359757664524431,0.5487663600333481,-5.654543207286095,3.520603060294676,3.0,66.0,,0.0,0.0,4,0.0,0.0,0.6244722222222222,0.0,-0.0,36.233333333333334,1.4416666666666669,255,9,2023,164
2023-09-13,0.0,0.0,0,0.0,2.3,14.4,7.841666666666666,9.4,5.845833333333334,-3.420989734526516,2.1074920742814642,69.66666666666667,241.75,600.0,46.708333333333336,,,,,,,,303.70140942482567,0.6812747920238242,0.0,0.0,0.0,0.0,0.0,0.0,,0.4166666666666667,0,0,0.0,0.0,9.59,13.3,20.86,2.0,157.85,0.0,0.0,0.0,0.0,,,,,-0.8319404732031243,0.5548648926059042,-0.8319404732031243,0.5548648926059042,-2.383289515053473,1.4682194784160867,4.0,67.0,,0.0,0.0,5,0.0,0.0,0.7133888888888889,0.0,-0.0,29.22916666666667,2.799999999999999,256,9,2023,165
2023-09-14,0.0,0.0,0,0.0,9.5,17.9,14.362499999999999,13.0,6.595833333333334,-3.297553078410841,4.233551307461608,45.416666666666664,220.04166666666666,600.0,78.04166666666667,,,,,,,,323.3012236489573,0.6805559081816355,0.0,0.0,0.0,0.0,0.0,0.0,,0.125,0,0,0.0,0.0,9.379999999999999,13.3,20.86,2.0,157.85,0.0,0.0,0.0,0.0,,,,,-0.597608023554769,0.8017884073637899,-0.597608023554769,0.8017884073637899,-1.497638689778257,1.9227378854721469,5.0,68.0,,0.0,0.0,6,0.0,0.0,0.6314166666666666,0.0,-0.0,39.575,6.520833333333333,257,9,2023,166
2023-09-15,0.0,0.0,0,0.0,9.3,14.4,11.420833333333334,29.7,20.974999999999998,-16.07394695821544,13.225418804528225,59.625,232.58333333333334,600.0,73.25,,,,,,,,309.89247872009184,0.9910975870013284,0.0,0.0,0.0,0.0,0.0,0.0,,0.20833333333333334,0,0,0.0,0.0,0.77,13.3,20.86,2.0,157.85,0.0,0.0,0.0,0.0,,,,,-0.7672493490028034,0.6413489194305814,-0.7672493490028034,0.6413489194305814,-9.584090873835956,7.885655962199954,6.0,69.0,,0.0,0.0,6,0.0,0.0,0.6738055555555555,0.0,-0.0,125.85,-2.9416666666666647,258,9,2023,167
2023-09-16,0.0,0.0,0,0.0,8.3,14.1,10.679166666666667,35.3,27.758333333333336,-24.436004402645533,13.140121808815614,54.041666666666664,251.0,600.0,0.0,,,,,,,,298.37481454489637,0.9994694488961267,0.0,0.0,0.0,0.0,0.0,0.0,,1.0,0,0,0.0,0.0,0.0,13.3,20.44,1.0,157.85,0.0,0.0,0.0,0.0,,,,,-0.8798575575893289,0.47523749678759647,-0.8798575575893289,0.47523749678759647,-13.205624045929689,7.101140827514104,7.0,70.0,,,0.0,6,0.0,0.0,0.6608055555555555,0.0,-0.0,166.55,-0.7416666666666671,259,9,2023,168
2023-09-17,0.0,0.0,0,0.0,8.0,13.3,10.258333333333333,30.6,24.666666666666668,-21.834523185904786,11.12516136009574,61.708333333333336,245.08333333333334,600.0,4.5,,,,,,,,297.9203576939135,0.9913743156419519,0.0,0.0,0.0,0.0,0.0,0.0,,0.9166666666666666,0,0,0.0,0.0,0.0,13.3,15.68,1.0,157.85,0.0,0.0,0.0,0.0,,,,,-0.8835993147323293,0.46824379441115715,-0.8835993147323293,0.46824379441115715,-13.473720349302079,6.86515165595908,8.0,71.0,,,0.0,6,0.0,0.0,0.6646388888888889,0.0,-0.0,148.0,-0.4208333333333343,260,9,2023,169
2023-09-18,0.0,0.0,0,0.0,10.0,17.5,13.595833333333333,30.4,20.766666666666666,-15.79525070343414,13.225384450653864,47.208333333333336,240.79166666666666,600.0,11.166666666666666,,,,,,,,310.6586442275923,0.9905589033450313,0.0,0.0,0.0,0.0,0.0,0.0,,0.8333333333333334,0,0,0.0,0.0,0.0,13.3,15.61,0.0,157.85,0.0,0.0,0.0,0.0,,,,,-0.7586048196393814,0.6515510168972968,-0.7586048196393814,0.6515510168972968,-7.456674602912867,6.243483576079512,9.0,72.0,,,0.0,6,0.0,0.0,0.6512222222222223,0.0,-0.0,124.6,3.3375000000000004,261,9,2023,170
2023-09-19,0.0,0.0,0,0.0,12.0,17.6,14.3375,39.3,26.46666666666667,-20.13947974917364,16.872652070311933,43.375,244.25,600.0,20.25,,,,,,,,311.6501885507213,0.9909478573311177,0.0,0.0,0.0,0.0,0.0,0.0,,0.625,0,0,0.0,0.0,0.0,9.59,15.61,0.0,157.85,0.0,0.0,0.0,0.0,,,,,-0.7472162338920024,0.6645809956718989,-0.7472162338920024,0.6645809956718989,-8.735499341204065,7.318512835497801,10.0,73.0,,,0.0,6,0.0,0.0,0.64075,0.0,-0.0,158.8,0.7416666666666671,262,9,2023,171
2023-09-20,0.0,3.6,0,0.0,3.6,13.5,8.641666666666667,42.5,33.079166666666666,-27.027073243511627,18.88706897967293,69.75,209.625,600.0,60.541666666666664,,,,,,,,304.66969238895905,0.9963927875361546,0.0,0.0,0.0,0.0,0.0,0.0,,0.16666666666666666,0,0,0.0,0.0,0.0,9.59,15.61,0.0,157.85,0.0,0.0,0.0,0.0,,,,,-0.8224450564198342,0.5688445562458831,-0.8224450564198342,0.5688445562458831,-18.85138358734936,13.173730613321869,11.0,74.0,,,0.0,6,0.0,0.0,0.67225,0.0,-0.0,198.475,-5.695833333333333,263,9,2023,172
2023-09-21,0.35000000000000003,1.8,4,0.14,-0.3,6.5,2.533333333333333,18.5,10.9625,-7.423537197990996,0.2835454412440404,84.45833333333333,198.375,600.0,84.58333333333333,,,,,,,,257.4250403486146,0.45895393935567824,2.5,9.075,11.5,85.25,-3.7361119344854754,-2.226009740875544,214.8483882622212,0.0,1,2,0.3500000000000018,0.35000000000000003,0.35000000000000003,9.729999999999999,15.26,1.0,158.2,0.0,0.0,0.0,0.0,,,,,-0.9760120053002926,-0.21771670930294132,-0.5714068529072779,-0.8206669290586776,-6.2697957918032285,0.23947775391736242,0.0,75.0,1.0,1.0,6.4750000000000005,0,0.058180664062500005,0.35000000000000003,0.5582222222222222,3.17625,0.0,0.0,-6.108333333333334,264,9,2023,173
2023-09-22,0.0,0.0,0,0.0,-0.5,11.4,4.604166666666667,6.7,3.6791666666666667,0.7517902548583697,-0.1943520246294265,72.04166666666667,261.8333333333333,600.0,21.041666666666668,,,,,,,,91.57186148096451,0.273700840272944,0.0,0.0,0.0,0.0,0.0,0.0,,0.7083333333333334,1,0,0.3500000000000018,0.35000000000000003,0.35000000000000003,1.12,15.26,2.0,158.2,0.0,0.0,0.0,0.0,,,,,0.9996237070829193,-0.027430717048630857,0.9996237070829193,-0.027430717048630857,0.5416022294375505,-0.14001443774344935,1.0,76.0,0.0,1.0,0.0,1,0.0,0.17500000000000002,0.6680277777777777,0.0,-0.0,3.6791666666666667,2.0708333333333337,265,9,2023,174
2023-09-23,0.0,0.0,0,0.0,2.6,13.8,7.5625,7.9,4.695833333333334,-1.0520440688264079,1.1643769824046308,64.79166666666667,244.45833333333334,600.0,56.375,,,,,,,,298.96404310488555,0.22096682336875076,0.0,0.0,0.0,0.0,0.0,0.0,,0.375,0,0,0.0,0.35000000000000003,0.35000000000000003,0.35000000000000003,15.26,2.0,158.2,0.0,0.0,0.0,0.0,,,,,-0.8749237850248462,0.4842606430402915,-0.8749237850248462,0.4842606430402915,-0.6816368862604435,0.7544192531830005,2.0,77.0,0.0,1.0,0.0,2,0.0,0.11666666666666668,0.6856111111111112,0.0,-0.0,9.391666666666667,2.958333333333333,266,9,2023,175
2023-09-24,0.0,0.0,0,0.0,4.3,15.1,8.958333333333334,12.2,6.6875,-4.730243388722879,4.202109347290403,59.208333333333336,266.125,600.0,0.375,,,,,,,,309.64509036288985,0.9412606858341159,0.0,0.0,0.0,0.0,0.0,0.0,,1.0,0,0,0.0,0.0,0.35000000000000003,0.35000000000000003,15.26,2.0,158.2,0.0,0.0,0.0,0.0,,,,,-0.7700113672952361,0.6380301671834342,-0.7700113672952361,0.6380301671834342,-2.800698273073005,2.4879989093748596,3.0,78.0,,0.0,0.0,3,0.0,0.0,0.7081111111111111,0.0,-0.0,20.0625,1.395833333333334,267,9,2023,176
2023-09-25,0.0,1.4,0,0.0,4.0,13.6,8.504166666666666,20.4,11.695833333333333,-9.119744257488518,6.319159113009136,66.95833333333333,243.25,600.0,20.125,,,,,,,,310.86166717108665,0.929250577538282,0.0,0.0,0.0,0.0,0.0,0.0,,0.5833333333333334,0,0,0.0,0.0,0.35000000000000003,0.35000000000000003,15.26,2.0,158.2,0.0,0.0,0.0,0.0,,,,,-0.756291343887886,0.6542349754944744,-0.756291343887886,0.6542349754944744,-6.106428759076687,4.231203622752368,4.0,79.0,,0.0,0.0,4,0.0,0.0,0.6875833333333333,0.0,-0.0,46.78333333333333,-0.4541666666666675,268,9,2023,177
2023-09-26,0.0,5.8999999999999995,0,0.0,4.4,12.9,8.541666666666666,11.3,7.6000000000000005,-5.064184119974191,4.914164604496483,77.58333333333333,210.58333333333334,600.0,34.791666666666664,,,,,,,,317.9657457973427,0.9072331655993298,0.0,0.0,0.0,0.0,0.0,0.0,,0.375,0,0,0.0,0.0,0.35000000000000003,0.35000000000000003,14.7,2.0,158.2,0.0,0.0,0.0,0.0,,,,,-0.6695747748587103,0.7427446538837607,-0.6695747748587103,0.7427446538837607,-3.928962846413309,3.8125727056551875,5.0,80.0,,0.0,0.0,5,0.0,0.0,0.6856666666666666,0.0,-0.0,38.0,0.037499999999999645,269,9,2023,178
2023-09-27,0.07,3.0,1,0.07,4.6,13.0,7.925,11.6,7.375,-4.383464632908981,1.3185688345202429,81.66666666666667,229.04166666666666,600.0,71.33333333333333,,,,,,,,283.4035622133896,0.4369842438046102,8.6,9.2,9.2,82.0,-4.033014550459512,-8.268905225952334,206.0,0.16666666666666666,0,1,0.07000000000000178,0.07,0.42000000000000004,0.42000000000000004,13.86,2.0,158.27,0.0,0.0,0.0,0.0,,,,,-0.9727614680170188,0.23180838281083463,-0.43837114678907746,-0.8987940462991669,-3.579829450209002,1.0768312148581984,0.0,81.0,1.0,0.16666666666666666,0.812,6,0.0021682499999999953,0.07,0.7138055555555556,0.644,0.0,44.25,-0.6166666666666663,270,9,2023,179
2023-09-28,0.0,0.0,0,0.0,3.5,15.9,9.770833333333334,13.9,9.35,-7.483849058058172,4.935274080040761,62.583333333333336,277.8333333333333,600.0,1.375,,,,,,,,306.1136627909756,0.9434492877698556,0.0,0.0,0.0,0.0,0.0,0.0,,0.9583333333333334,0,0,0.07000000000000178,0.07,0.07,0.42000000000000004,13.86,1.0,158.27,0.0,0.0,0.0,0.0,,,,,-0.8078493607583282,0.5893890144228686,-0.8078493607583282,0.5893890144228686,-4.683642202168072,3.08865902842551,1.0,82.0,0.0,1.0,0.0,1,0.0,0.035,0.7271666666666667,0.0,-0.0,9.35,1.845833333333334,271,9,2023,180
2023-09-29,0.0,0.0,0,0.0,5.8,16.0,10.325000000000001,14.0,10.291666666666666,-7.6157306264717795,6.242274117250136,49.541666666666664,288.4583333333333,600.0,14.458333333333334,,,,,,,,313.02463696842284,0.9534413883025696,0.0,0.0,0.0,0.0,0.0,0.0,,0.7916666666666666,0,0,0.0,0.07,0.07,0.42000000000000004,13.719999999999999,0.0,158.27,0.0,0.0,0.0,0.0,,,,,-0.731060377301134,0.6823127763279269,-0.731060377301134,0.6823127763279269,-3.772959881197894,3.0925266355876717,2.0,83.0,0.0,1.0,0.0,2,0.0,0.023333333333333334,0.6907777777777776,0.0,-0.0,20.583333333333332,0.5541666666666671,272,9,2023,181
2023-09-30,0.0,0.0,0,0.0,6.4,16.3,10.916666666666666,22.5,11.433333333333332,-8.03795161477415,7.765594807199931,41.041666666666664,290.6666666666667,600.0,8.5,,,,,,,,316.1949840974077,0.9731623834334033,0.0,0.0,0.0,0.0,0.0,0.0,,0.9166666666666666,0,0,0.0,0.0,0.07,0.42000000000000004,13.719999999999999,0.0,158.27,0.0,0.0,0.0,0.0,,,,,-0.692206357006425,0.7216996323401403,-0.692206357006425,0.7216996323401403,-3.298909308563557,3.1871295354549716,3.0,84.0,,0.0,0.0,3,0.0,0.0,0.6639166666666666,0.0,-0.0,34.3,0.591666666666665,273,9,2023,182
2023-10-01,0.0,0.0,0,0.0,6.5,15.9,12.4,39.2,26.599999999999998,-22.14220478208263,14.494787516389097,48.75,265.0,600.0,13.166666666666666,,,,,,,,305.2073044954146,0.9886625642036867,0.0,0.0,0.0,0.0,0.0,0.0,,0.75,0,0,0.0,0.0,0.07,0.42000000000000004,13.719999999999999,0.0,158.27,0.0,0.0,0.0,0.0,,,,,-0.8170714037826446,0.5765364872414047,-0.8170714037826446,0.5765364872414047,-10.794324831265282,7.0662089142396844,4.0,85.0,,0.0,0.0,4,0.0,0.0,0.6725,0.0,-0.0,106.39999999999999,1.4833333333333343,274,10,2023,183
2023-10-02,0.0,0.0,0,0.0,4.8,18.5,13.075000000000001,28.5,14.779166666666667,-9.157116235025,11.340532528823308,40.791666666666664,280.75,600.0,23.416666666666668,,,,,,,,322.92296038673004,0.9850170972274372,0.0,0.0,0.0,0.0,0.0,0.0,,0.7916666666666666,0,0,0.0,0.0,0.07,0.42000000000000004,13.719999999999999,0.0,158.27,0.0,0.0,0.0,0.0,,,,,-0.6028883200457761,0.7978255909360027,-0.6028883200457761,0.7978255909360027,-3.735340330870615,4.625992227382508,5.0,86.0,,0.0,0.0,5,0.0,0.0,0.6564722222222222,0.0,-0.0,73.89583333333333,0.6750000000000007,275,10,2023,184
2023-10-03,0.0,8.9,0,0.0,9.4,15.0,12.483333333333334,50.0,33.56666666666667,-23.827879747482964,23.322596395111045,66.83333333333333,153.25,566.0,87.25,,,,,,,,315.9412442033682,0.9919121625301995,0.0,0.0,0.0,0.0,0.0,0.0,,0.0,0,0,0.0,0.0,0.07,0.42000000000000004,13.719999999999999,0.0,158.27,0.0,0.0,0.0,0.0,,,,,-0.6953956751669389,0.7186270625012094,-0.6953956751669389,0.7186270625012094,-15.924966297901113,15.587268590732547,6.0,87.0,,0.0,0.0,6,0.0,0.0,0.6582777777777777,0.0,-0.0,201.40000000000003,-0.5916666666666668,276,10,2023,185
2023-10-04,4.62,41.3,2,3.15,2.6,11.6,7.891666666666667,27.6,15.154166666666667,-5.865067673672578,8.581446560338064,92.66666666666667,55.833333333333336,232.0,100.0,,,,,,,,322.9260188008827,0.4279648774227788,3.45,8.35,9.4,99.0,-0.0018001166073493557,-8.270029355886466,179.0,0.0,0,2,4.620000000000002,4.62,4.62,5.04,18.34,0.0,162.89000000000001,0.0,0.0,0.0,0.0,,,,,-0.6028457317380354,0.797857771614235,0.01745240643728344,-0.9998476951563913,-5.434962710936589,7.952140479246606,0.0,88.0,1.0,1.0,100.0,0,0.6775627031249998,4.62,0.6038888888888889,38.577,0.0,0.0,-4.591666666666668,277,10,2023,186
2023-10-05,13.16,19.2,15,3.43,-1.1,2.9,1.1375,32.0,18.583333333333332,-16.991176221427505,5.54212699989127,91.75,196.20833333333334,600.0,87.66666666666667,,,,,,,,284.5353294233528,0.9360287277686833,1.2133333333333334,19.09333333333333,32.0,91.26666666666667,-17.81037377756228,4.124028641697344,276.74759328402433,0.0,1,8,17.78,17.78,17.78,17.85,27.79,1.0,176.05,0.0,0.0,0.0,0.0,,,,,-0.9679930683301753,0.250976930542894,-0.993073393251067,0.11749568339650428,-15.589404183159736,5.084901522400241,0.0,0.0,0.7401574803149605,1.0,100.0,0,2.2008725511111114,17.78,0.5010833333333333,251.26826666666662,0.0,0.0,-6.754166666666666,278,10,2023,187
2023-10-06,0.14,1.6,2,0.07,-0.6,8.3,2.4625,15.6,9.366666666666667,-2.132790851219576,-2.7869319157237604,89.16666666666667,197.58333333333334,600.0,91.04166666666667,,,,,,,,206.46476874544237,0.4347464579850329,2.3,8.95,9.7,90.0,1.436776578393428,-8.117557296190423,172.0,0.0,0,1,13.3,17.92,17.92,17.990000000000002,27.93,1.0,176.19,0.0,0.0,0.0,0.0,,,,,-0.44564743240558835,-0.8952085600519616,0.13917310096006533,-0.9902680687415704,-1.9017385090041221,-2.4850142915203532,0.0,1.0,0.0078125,1.0,2.184,1,0.023934968750000018,17.92,0.6133888888888889,1.2530000000000001,0.0,9.366666666666667,1.325,279,10,2023,188
2023-10-07,0.0,0.0,0,0.0,-2.1,11.3,3.2375000000000003,6.4,4.445833333333334,1.5550318060860573,-0.07806844495604848,74.625,282.875,600.0,41.5,,,,,,,,97.47952283555293,0.29587942457902133,0.0,0.0,0.0,0.0,0.0,0.0,,0.4583333333333333,0,0,0.14,13.3,17.92,17.990000000000002,27.72,1.0,176.19,0.0,0.0,0.0,0.0,,,,,0.9914914473242301,-0.13017184750514801,0.9914914473242301,-0.13017184750514801,1.1604424852917203,-0.05825857704845117,1.0,2.0,0.0,0.7421875,0.0,2,0.0,6.65,0.6884444444444444,0.0,-0.0,8.891666666666667,0.7750000000000004,280,10,2023,189
2023-10-08,0.0,0.0,0,0.0,1.6,10.9,5.9750000000000005,11.0,7.920833333333333,-5.757450217446606,4.6684729070677635,69.91666666666667,282.5833333333333,600.0,12.416666666666666,,,,,,,,313.04639918644114,0.9294059016221432,0.0,0.0,0.0,0.0,0.0,0.0,,0.8333333333333334,0,0,0.0,0.14,17.92,17.990000000000002,19.11,1.0,176.19,0.0,0.0,0.0,0.0,,,,,-0.7308011669272592,0.6825904001799002,-0.7308011669272592,0.6825904001799002,-4.025417277031419,3.264040640858212,2.0,3.0,0.0,0.0078125,0.0,3,0.0,0.04666666666666667,0.6636666666666667,0.0,-0.0,23.7625,2.7375000000000003,281,10,2023,190
2023-10-09,0.0,0.0,0,0.0,2.0,12.6,6.7749999999999995,14.7,10.5625,-7.976185573223408,6.184127674511179,70.625,303.0833333333333,600.0,22.916666666666668,,,,,,,,309.95006848711967,0.9530040181556682,0.0,0.0,0.0,0.0,0.0,0.0,,0.7083333333333334,0,0,0.0,0.0,17.92,17.990000000000002,18.34,1.0,176.19,0.0,0.0,0.0,0.0,,,,,-0.7666043218269496,0.642119781470905,-0.7666043218269496,0.642119781470905,-5.633181061089032,4.36754017012352,3.0,4.0,,0.0,0.0,4,0.0,0.0,0.7174722222222222,0.0,-0.0,42.25,0.7999999999999989,282,10,2023,191
2023-10-10,0.0,0.0,0,0.0,0.2,14.2,7.133333333333333,11.0,6.041666666666667,-3.364827954867972,2.231008317694191,70.54166666666667,284.1666666666667,600.0,12.25,,,,,,,,302.5552691625401,0.6240207940822703,0.0,0.0,0.0,0.0,0.0,0.0,,0.8333333333333334,0,0,0.0,0.0,17.92,17.990000000000002,18.34,1.0,176.19,0.0,0.0,0.0,0.0,,,,,-0.8428727587924045,0.538112917969529,-0.8428727587924045,0.538112917969529,-2.373605719829782,1.5737904507734441,4.0,5.0,,0.0,0.0,5,0.0,0.0,0.740138888888889,0.0,-0.0,30.208333333333336,0.3583333333333334,283,10,2023,192
2023-10-11,0.0,0.0,0,0.0,3.1,16.6,9.558333333333334,13.6,10.195833333333333,-7.390685586905114,6.612452163512548,51.833333333333336,313.4166666666667,600.0,13.958333333333334,,,,,,,,310.18501868690265,0.9699571023071509,0.0,0.0,0.0,0.0,0.0,0.0,,0.7916666666666666,0,0,0.0,0.0,13.3,17.92,18.34,1.0,176.19,0.0,0.0,0.0,0.0,,,,,-0.763964772435795,0.6452579534396489,-0.763964772435795,0.6452579534396489,-3.830838695879151,3.427454371420671,5.0,6.0,,0.0,0.0,6,0.0,0.0,0.7150555555555554,0.0,-0.0,61.175,2.4250000000000007,284,10,2023,193
2023-10-12,2.8,16.9,3,2.03,1.0,13.9,7.4624999999999995,41.1,20.933333333333334,-16.49944544122806,12.110878798314893,70.45833333333333,171.875,600.0,75.125,,,,,,,,303.72708758906924,0.9695965150253163,2.1333333333333333,13.766666666666666,15.3,99.33333333333333,-12.71341412756054,5.043942361431644,290.67708478665435,0.125,0,2,2.8,2.8,2.94,20.720000000000002,21.14,0.0,178.99,0.0,0.0,0.0,0.0,,,,,-0.8316917166885069,0.5552376863936058,-0.9355853268329961,0.3531006884938002,-11.625234267131935,8.533123353312702,0.0,7.0,1.0,0.9523809523809523,100.0,0,0.45590611111111107,2.8,0.6583333333333333,38.54666666666666,0.0,0.0,-2.095833333333334,285,10,2023,194
2023-10-13,0.0,1.2000000000000002,0,0.0,-0.1,5.5,2.5375,20.5,15.825000000000001,-14.646161560670684,4.5821567667513055,96.75,125.54166666666667,600.0,100.0,,,,,,,,285.92954905046815,0.9684298469309193,0.0,0.0,0.0,0.0,0.0,0.0,,0.0,1,0,2.8,2.8,2.8,20.720000000000002,21.14,1.0,178.99,0.0,0.0,0.0,0.0,,,,,-0.9615998931549954,0.27445517937233654,-0.9615998931549954,0.27445517937233654,-14.170161309948888,4.433236671831888,1.0,8.0,0.0,1.0,0.0,1,0.0,1.4,0.5284166666666666,0.0,-0.0,15.825000000000001,-4.924999999999999,286,10,2023,195
2023-10-14,0.0,2.0,0,0.0,2.5,8.3,4.683333333333334,30.9,23.34583333333333,-20.146732564186863,11.688895725540121,94.125,181.91666666666666,600.0,97.375,,,,,,,,299.9165862367432,0.9976163298195717,0.0,0.0,0.0,0.0,0.0,0.0,,0.0,0,0,0.0,2.8,2.8,20.720000000000002,21.14,1.0,178.99,0.0,0.0,0.0,0.0,,,,,-0.8667524081690771,0.49873867198474353,-0.8667524081690771,0.49873867198474353,-18.963112026040886,11.002173101664638,2.0,9.0,0.0,1.0,0.0,2,0.0,0.9333333333333332,0.6194722222222223,0.0,-0.0,46.69166666666666,2.1458333333333335,287,10,2023,196
2023-10-15,0.0,3.1,0,0.0,1.5,6.8,3.970833333333333,25.2,18.154166666666665,-14.81587233560802,10.40389774594082,93.91666666666667,172.25,600.0,95.95833333333333,,,,,,,,305.7895163787981,0.9970214293652286,0.0,0.0,0.0,0.0,0.0,0.0,,0.0,0,0,0.0,0.0,2.8,20.720000000000002,21.14,1.0,178.99,0.0,0.0,0.0,0.0,,,,,-0.8111708372862991,0.5848092618420508,-0.8111708372862991,0.5848092618420508,-13.914573435191867,9.770993966396087,3.0,10.0,,0.0,0.0,3,0.0,0.0,0.5790000000000001,0.0,-0.0,54.46249999999999,-0.7125000000000004,288,10,2023,197
2023-10-16,5.18,14.1,17,1.33,-1.3,5.2,2.191666666666667,24.2,15.508333333333333,-11.66580291001303,-3.5037411805668337,90.375,163.375,600.0,83.0,,,,,,,,249.12432350981572,0.7691326987868671,2.011764705882353,15.117647058823529,24.2,86.41176470588235,-10.973425474265742,-7.248921497898977,234.3483144804784,0.0,1,16,5.18,5.18,7.9799999999999995,25.9,26.32,2.0,184.17000000000002,0.0,0.0,0.0,0.0,,,,,-0.9343558344520674,-0.35634137372101604,-0.8125753073476142,-0.5828562171658893,-10.542969379924275,-3.1665060919372756,0.0,11.0,1.0,0.6491228070175439,100.0,0,0.8389908434256051,5.18,0.5257222222222223,78.30941176470587,0.0,0.0,-1.7791666666666663,289,10,2023,198
2023-10-17,0.0,0.30000000000000004,0,0.0,0.1,10.7,3.8125,16.0,9.741666666666667,6.218111918700189,-4.666854378466077,82.91666666666667,230.25,600.0,54.625,,,,,,,,114.44541302785414,0.7684644404299845,0.0,0.0,0.0,0.0,0.0,0.0,,0.375,0,0,5.18,5.18,7.9799999999999995,25.9,26.32,2.0,184.17000000000002,0.0,0.0,0.0,0.0,,,,,0.9103559453783567,-0.41382611410383274,0.9103559453783567,-0.41382611410383274,5.155851132588907,-3.869600088811456,1.0,12.0,0.0,0.6491228070175439,0.0,1,0.0,2.59,0.6676666666666667,0.0,-0.0,9.741666666666667,1.6208333333333331,290,10,2023,199
2023-10-18,0.0,0.0,0,0.0,2.3,17.3,10.295833333333333,7.7,4.175,0.9620611835273477,1.8300606204577055,55.0,324.9166666666667,600.0,0.625,,,,,,,,22.606428318056604,0.4930354987032482,0.0,0.0,0.0,0.0,0.0,0.0,,1.0,0,0,0.0,5.18,7.9799999999999995,21.28,26.32,2.0,184.17000000000002,0.0,0.0,0.0,0.0,,,,,0.3843989001024108,0.9231670951675308,0.3843989001024108,0.9231670951675308,0.5291336509400412,1.006533341251738,2.0,13.0,0.0,0.6491228070175439,0.0,2,0.0,1.7266666666666666,0.7332777777777778,0.0,-0.0,8.35,6.4833333333333325,291,10,2023,200
2023-10-19,0.0,0.2,0,0.0,5.8,18.6,12.15,7.0,4.254166666666667,-3.2374943107911567,1.2635045689166244,59.875,312.0,600.0,5.208333333333333,,,,,,,,294.0719296982211,0.8390038456602926,0.0,0.0,0.0,0.0,0.0,0.0,,0.875,0,0,0.0,0.0,5.18,8.12,26.32,2.0,184.17000000000002,0.0,0.0,0.0,0.0,,,,,-0.9130341166030571,0.4078831964164192,-0.9130341166030571,0.4078831964164192,-1.938449718586205,0.7565233606388289,3.0,14.0,,0.0,0.0,3,0.0,0.0,0.7409166666666667,0.0,-0.0,12.762500000000003,1.8541666666666679,292,10,2023,201
2023-10-20,0.0,0.2,0,0.0,6.0,17.6,11.875,8.5,4.3999999999999995,-3.303978913547638,1.0543236028741931,63.916666666666664,299.7083333333333,600.0,39.208333333333336,,,,,,,,300.78998250436814,0.7947422481765399,0.0,0.0,0.0,0.0,0.0,0.0,,0.4166666666666667,0,0,0.0,0.0,5.18,7.9799999999999995,26.32,1.0,184.17000000000002,0.0,0.0,0.0,0.0,,,,,-0.8590494084962723,0.511892677972839,-0.8590494084962723,0.511892677972839,-2.111793188909198,0.6738885028370885,4.0,15.0,,0.0,0.0,4,0.0,0.0,0.7461944444444444,0.0,-0.0,17.599999999999998,-0.27500000000000036,293,10,2023,202
2023-10-21,0.0,1.0,0,0.0,7.9,18.5,14.104166666666666,24.7,15.75,-8.967832515465425,12.669311886128844,57.083333333333336,253.875,600.0,81.5,,,,,,,,327.4996499780457,0.9804473641582385,0.0,0.0,0.0,0.0,0.0,0.0,,0.041666666666666664,0,0,0.0,0.0,5.18,7.9799999999999995,25.97,1.0,184.17000000000002,0.0,0.0,0.0,0.0,,,,,-0.5373047606451287,0.8433881634147358,-0.5373047606451287,0.8433881634147358,-5.11913772757818,7.232065534998549,5.0,16.0,,0.0,0.0,5,0.0,0.0,0.6928611111111111,0.0,-0.0,78.75,2.229166666666666,294,10,2023,203
2023-10-22,0.0,3.5,0,0.0,1.1,7.1,4.308333333333334,25.6,22.758333333333336,-18.40655967638255,13.33456837228539,90.54166666666667,196.95833333333334,600.0,88.75,,,,,,,,305.9585117999294,0.99875086974443,0.0,0.0,0.0,0.0,0.0,0.0,,0.0,0,0,0.0,0.0,5.18,7.9799999999999995,25.97,1.0,184.17000000000002,0.0,0.0,0.0,0.0,,,,,-0.8094424008890396,0.5871992844367127,-0.8094424008890396,0.5871992844367127,-16.665605906991367,12.073340447073397,6.0,17.0,,0.0,0.0,6,0.0,0.0,0.5908888888888889,0.0,-0.0,136.55,-9.795833333333333,295,10,2023,204
2023-10-23,0.0,1.2000000000000002,0,0.0,2.3,12.8,6.9624999999999995,22.3,14.379166666666668,-11.413553937311548,8.298629543871296,83.58333333333333,297.75,600.0,52.208333333333336,,,,,,,,307.87589346280305,0.975935239785545,0.0,0.0,0.0,0.0,0.0,0.0,,0.2916666666666667,0,0,0.0,0.0,0.0,7.9799999999999995,25.97,0.0,184.17000000000002,0.0,0.0,0.0,0.0,,,,,-0.7893424683849886,0.6139531477270016,-0.7893424683849886,0.6139531477270016,-9.5398288326029,6.936271193752425,7.0,18.0,,,0.0,6,0.0,0.0,0.7615555555555557,0.0,-0.0,86.275,2.654166666666666,296,10,2023,205
2023-10-24,0.0,0.3,0,0.0,5.7,15.7,10.879166666666668,31.9,20.858333333333334,-15.352346891279057,13.803025336882747,51.291666666666664,333.7083333333333,600.0,41.75,,,,,,,,314.3822457303343,0.9865984892341565,0.0,0.0,0.0,0.0,0.0,0.0,,0.375,0,0,0.0,0.0,0.0,7.9799999999999995,25.97,0.0,184.17000000000002,0.0,0.0,0.0,0.0,,,,,-0.7146894503301434,0.6994419129468847,-0.7146894503301434,0.6994419129468847,-7.874474592985216,7.079801745709442,8.0,19.0,,,0.0,6,0.0,0.0,0.7267777777777779,0.0,-0.0,125.15,3.9166666666666687,297,10,2023,206
2023-10-25,0.42000000000000004,0.6,3,0.28,-0.5,8.0,4.6125,26.6,16.870833333333334,-14.331228157050695,7.457507311452548,71.58333333333333,337.875,600.0,50.458333333333336,,,,,,,,293.6320457986486,0.9195624865031681,0.6333333333333333,7.3,9.7,81.33333333333333,-6.952597920438833,-0.2665273361848608,264.6975262629732,0.25,0,3,0.42000000000000004,0.42000000000000004,0.42000000000000004,8.4,26.39,0.0,184.59,0.0,0.0,0.0,0.0,,,,,-0.9161386691501352,0.40086149589081155,-0.9957207091697273,-0.09241357763086185,-10.258770822422123,5.338332317114782,0.0,20.0,1.0,1.0,11.172000000000002,0,0.08937556249999999,0.42000000000000004,0.6416388888888889,3.0660000000000003,0.0,0.0,-6.266666666666668,298,10,2023,207
2023-10-26,0.07,0.1,1,0.07,-3.0,6.9,1.4083333333333334,15.0,10.424999999999999,2.4806206603102656,-8.434494433337727,80.20833333333333,288.3333333333333,600.0,55.5,,,,,,,,169.09156887098652,0.7332143218837506,0.5,11.4,11.4,100.0,6.538771374401924,-9.338333304894508,145.0,0.25,0,1,0.49000000000000005,0.49000000000000005,0.49000000000000005,5.669999999999999,26.459999999999997,0.0,184.66,0.0,0.0,0.0,0.0,,,,,0.18923993711027176,-0.9819308764890228,0.5735764363510459,-0.8191520442889919,1.989664487957192,-6.765167410072969,0.0,21.0,0.14285714285714285,1.0,1.05,1,0.014255937500000003,0.49000000000000005,0.6129166666666667,0.7980000000000002,0.0,10.424999999999999,-3.2041666666666666,299,10,2023,208
2023-10-27,0.07,0.1,1,0.07,-0.5,9.7,3.775,12.1,8.725,7.525370729119307,-0.3382835604444964,76.25,311.4166666666667,600.0,48.916666666666664,,,,,,,,89.60725612997186,0.8553605998973849,0.0,10.5,10.5,99.0,6.888619804400326,-7.924450592339106,139.0,0.4583333333333333,1,1,0.14,0.56,0.56,5.74,26.459999999999997,1.0,184.73,0.0,0.0,0.0,0.0,,,,,0.9999765068165716,0.006854619969563125,0.6560590289905073,-0.754709580222772,5.738095180953471,-0.2579412148389285,0.0,22.0,0.125,1.0,0.8470000000000001,2,0.015203125000000001,0.56,0.6773333333333333,0.7350000000000001,0.0,17.45,2.3666666666666663,300,10,2023,209
2023-10-28,0.0,0.0,0,0.0,0.2,10.6,6.491666666666667,17.7,11.745833333333332,-8.965362838527975,7.031400979729664,61.666666666666664,304.1666666666667,600.0,58.0,,,,,,,,311.4130030658553,0.9569499134372331,0.0,0.0,0.0,0.0,0.0,0.0,,0.2916666666666667,0,0,0.07,0.14,0.56,5.74,26.459999999999997,1.0,184.73,0.0,0.0,0.0,0.0,,,,,-0.749960968025716,0.661482083232744,-0.749960968025716,0.661482083232744,-5.528640417092252,4.336030604166626,1.0,23.0,0.0,0.25,0.0,3,0.0,0.07,0.6438888888888888,0.0,-0.0,35.2375,2.7166666666666672,301,10,2023,210
2023-10-29,0.0,0.0,0,0.0,5.7,13.9,10.429166666666667,25.0,18.029166666666665,-13.062054899744206,12.224812732079128,50.666666666666664,266.9583333333333,600.0,60.875,,,,,,,,313.78712751209997,0.9926943267609369,0.0,0.0,0.0,0.0,0.0,0.0,,0.2916666666666667,0,0,0.0,0.07,0.56,5.74,26.459999999999997,1.0,184.73,0.0,0.0,0.0,0.0,,,,,-0.7219157118173454,0.691981000484302,-0.7219157118173454,0.691981000484302,-6.618107815870397,6.193905117586757,2.0,24.0,0.0,0.125,0.0,4,0.0,0.023333333333333334,0.6557499999999999,0.0,-0.0,72.11666666666666,3.9375,302,10,2023,211
2023-10-30,0.0,1.7000000000000002,0,0.0,5.7,10.9,8.633333333333333,31.3,25.208333333333332,-18.975733606014085,16.437608786666853,59.375,146.54166666666666,566.0,73.41666666666667,,,,,,,,311.3711535642333,0.9954412807171967,0.0,0.0,0.0,0.0,0.0,0.0,,0.08333333333333333,0,0,0.0,0.0,0.56,0.56,26.459999999999997,1.0,184.73,0.0,0.0,0.0,0.0,,,,,-0.7504439221128323,0.6609341266449398,-0.7504439221128323,0.6609341266449398,-11.266841828570865,9.759830217083444,3.0,25.0,,0.0,0.0,5,0.0,0.0,0.5378333333333333,0.0,-0.0,126.04166666666666,-1.7958333333333343,303,10,2023,212
2023-10-31,0.21000000000000002,0.30000000000000004,3,0.07,0.7,9.8,4.891666666666667,25.9,16.241666666666667,-15.066166707611586,3.746879037358187,67.70833333333333,285.625,600.0,54.0,,,,,,,,285.67090195651343,0.8423725419795848,0.7333333333333334,19.233333333333334,20.1,94.0,-18.341433458492503,5.7209759480786815,287.332753728081,0.25,0,3,0.21000000000000002,0.21000000000000002,0.77,0.77,26.669999999999998,1.0,184.94,0.0,0.0,0.0,0.0,,,,,-0.962829048512588,0.2701115016809621,-0.9545906460675748,0.29792062439564365,-10.201050374945345,2.536949348211272,0.0,26.0,1.0,0.27272727272727276,5.439,6,0.03695372916666667,0.21000000000000002,0.6338888888888888,4.039000000000001,0.0,97.45,-3.7416666666666663,304,10,2023,213
2023-11-01,0.0,0.0,0,0.0,-0.2,12.8,5.820833333333333,9.8,5.4375,2.8999297430228386,-2.5235492882828314,74.66666666666667,330.75,600.0,26.666666666666668,,,,,,,,114.27092137785358,0.5132993935979022,0.0,0.0,0.0,0.0,0.0,0.0,,0.625,1,0,0.21000000000000002,0.21000000000000002,0.35000000000000003,0.77,26.669999999999998,2.0,184.94,0.0,0.0,0.0,0.0,,,,,0.9116120100696278,-0.4110517523339523,0.9116120100696278,-0.4110517523339523,2.165280874790386,-1.884250135251181,1.0,27.0,0.0,0.6,0.0,1,0.0,0.10500000000000001,0.7538333333333332,0.0,-0.0,5.4375,0.9291666666666663,305,11,2023,214
2023-11-02,0.0,0.0,0,0.0,2.9,15.8,9.75,13.0,7.0625,-3.313881624633124,1.0117069761427724,65.70833333333333,327.2083333333333,600.0,24.916666666666668,,,,,,,,305.93847254419506,0.40981622966011316,0.0,0.0,0.0,0.0,0.0,0.0,,0.6666666666666666,0,0,0.0,0.21000000000000002,0.28,0.77,26.669999999999998,2.0,184.94,0.0,0.0,0.0,0.0,,,,,-0.8096477249093846,0.586916145244836,-0.8096477249093846,0.586916145244836,-2.177496384186015,0.66477579224048,2.0,28.0,0.0,0.75,0.0,2,0.0,0.07,0.7704999999999999,0.0,-0.0,14.125,3.929166666666667,306,11,2023,215
2023-11-03,0.0,0.8,0,0.0,4.8,15.8,9.816666666666666,12.1,6.858333333333333,-0.06493069299367467,-1.5676648480838538,68.54166666666667,305.9166666666667,600.0,68.0,,,,,,,,233.37734470854318,0.17989101755503897,0.0,0.0,0.0,0.0,0.0,0.0,,0.041666666666666664,0,0,0.0,0.0,0.21000000000000002,0.77,22.049999999999997,1.0,184.94,0.0,0.0,0.0,0.0,,,,,-0.8025816595002394,-0.5965422699472702,-0.8025816595002394,-0.5965422699472702,-0.044504579156081185,-1.0745036146241416,3.0,29.0,,0.0,0.0,3,0.0,0.0,0.76575,0.0,-0.0,20.575,0.06666666666666643,307,11,2023,216
2023-11-04,0.0,5.0,0,0.0,4.6,9.9,6.8374999999999995,11.6,7.875,7.245861340320736,0.8107786543798073,93.41666666666667,161.375,496.0,91.5,,,,,,,,84.80200768949571,0.8267716500942888,0.0,0.0,0.0,0.0,0.0,0.0,,0.0,0,0,0.0,0.0,0.21000000000000002,0.77,8.889999999999999,1.0,184.94,0.0,0.0,0.0,0.0,,,,,0.9958875738419642,0.09059768356401988,0.9958875738419642,0.09059768356401988,6.768842135416288,0.75740239296647,4.0,30.0,,0.0,0.0,4,0.0,0.0,0.6389722222222223,0.0,-0.0,31.5,-2.979166666666667,308,11,2023,217
2023-11-05,0.0,1.6,0,0.0,4.2,12.0,7.708333333333333,10.0,7.441666666666666,5.7621140313985215,2.4730501848596846,86.66666666666667,210.41666666666666,600.0,79.70833333333333,,,,,,,,66.20310551211494,0.8274106394721296,0.0,0.0,0.0,0.0,0.0,0.0,,0.041666666666666664,0,0,0.0,0.0,0.21000000000000002,0.77,8.749999999999998,1.0,184.94,0.0,0.0,0.0,0.0,,,,,0.9149815392304456,0.40349570365430737,0.9149815392304456,0.40349570365430737,4.993832160545385,2.1433101602117266,5.0,31.0,,0.0,0.0,5,0.0,0.0,0.6958333333333334,0.0,-0.0,37.20833333333333,0.8708333333333336,309,11,2023,218
2023-11-06,0.0,1.2,0,0.0,4.5,15.7,10.629166666666666,8.3,5.983333333333333,-2.7082275840446512,0.10982346134553529,72.5,257.375,600.0,61.458333333333336,,,,,,,,274.79135301354665,0.4308207067291715,0.0,0.0,0.0,0.0,0.0,0.0,,0.2916666666666667,0,0,0.0,0.0,0.21000000000000002,0.77,8.749999999999998,1.0,184.94,0.0,0.0,0.0,0.0,,,,,-0.9965054764261082,0.08352745328797621,-0.9965054764261082,0.08352745328797621,-1.9634649984323722,0.07962200947551308,6.0,32.0,,0.0,0.0,6,0.0,0.0,0.7465833333333333,0.0,-0.0,35.9,2.9208333333333334,310,11,2023,219
2023-11-07,0.0,6.699999999999999,0,0.0,7.3,17.1,11.975,10.8,7.820833333333333,-4.771740832737004,5.120466226220489,70.33333333333333,292.2916666666667,600.0,59.208333333333336,,,,,,,,317.87217628835526,0.8438060908406635,0.0,0.0,0.0,0.0,0.0,0.0,,0.20833333333333334,0,0,0.0,0.0,0.0,0.77,8.749999999999998,1.0,184.94,0.0,0.0,0.0,0.0,,,,,-0.670786854772591,0.7416501840249855,-0.670786854772591,0.7416501840249855,-3.3561243856916927,3.60139457910841,7.0,33.0,,,0.0,6,0.0,0.0,0.7626388888888888,0.0,-0.0,46.925,1.3458333333333332,311,11,2023,220
2023-11-08,0.0,6.6,0,0.0,8.2,16.8,11.945833333333333,10.9,8.383333333333333,-5.508263606206705,5.515526659522037,76.875,271.3333333333333,600.0,76.29166666666667,,,,,,,,316.38718620079203,0.8458477885304865,0.0,0.0,0.0,0.0,0.0,0.0,,0.08333333333333333,0,0,0.0,0.0,0.0,0.35000000000000003,8.749999999999998,0.0,184.94,0.0,0.0,0.0,0.0,,,,,-0.6897814824456246,0.7240176147547216,-0.6897814824456246,0.7240176147547216,-4.2344776472714045,4.240061119507566,8.0,34.0,,,0.0,6,0.0,0.0,0.7704722222222222,0.0,-0.0,50.3,-0.029166666666666785,312,11,2023,221
2023-11-09,0.0,7.6000000000000005,0,0.0,7.3,15.7,11.304166666666667,11.2,6.6125,-4.3697831378990015,3.2749722319991648,80.5,211.16666666666666,600.0,75.29166666666667,,,,,,,,308.0929821954976,0.811709313732854,0.0,0.0,0.0,0.0,0.0,0.0,,0.08333333333333333,0,0,0.0,0.0,0.0,0.28,8.749999999999998,0.0,184.94,0.0,0.0,0.0,0.0,,,,,-0.787010592953771,0.6169394837247442,-0.787010592953771,0.6169394837247442,-3.517675426008696,2.636352646759328,9.0,35.0,,,0.0,6,0.0,0.0,0.7424444444444446,0.0,-0.0,39.675,-0.6416666666666657,313,11,2023,222
2023-11-10,0.0,0.0,0,0.0,8.3,18.8,13.737499999999999,12.4,9.0375,-6.815041958532194,5.142636654443774,66.625,317.9583333333333,600.0,29.875,,,,,,,,308.8152205300711,0.9467411011583362,0.0,0.0,0.0,0.0,0.0,0.0,,0.5,0,0,0.0,0.0,0.0,0.21000000000000002,8.749999999999998,0.0,184.94,0.0,0.0,0.0,0.0,,,,,-0.7791714811577218,0.6268108191077129,-0.7791714811577218,0.6268108191077129,-4.5405217048720745,3.4262816710231645,10.0,36.0,,,0.0,6,0.0,0.0,0.7673888888888888,0.0,-0.0,54.224999999999994,2.433333333333332,314,11,2023,223
2023-11-11,0.0,1.6,0,0.0,12.0,23.3,16.933333333333334,27.2,16.1375,-10.387218880340649,11.552122666421093,59.916666666666664,336.75,600.0,48.375,,,,,,,,325.04028360691115,0.9205990019764836,0.0,0.0,0.0,0.0,0.0,0.0,,0.2916666666666667,0,0,0.0,0.0,0.0,0.21000000000000002,5.95,0.0,184.94,0.0,0.0,0.0,0.0,,,,,-0.5730003639226782,0.8195551128169956,-0.5730003639226782,0.8195551128169956,-6.223675312470772,6.9216468309639705,11.0,37.0,,,0.0,6,0.0,0.0,0.7575555555555556,0.0,-0.0,96.82499999999999,3.1958333333333346,315,11,2023,224
2023-11-12,0.0,0.0,0,0.0,6.0,20.5,14.666666666666666,27.1,14.995833333333332,-11.942812520817787,6.2623929665185445,58.875,383.9583333333333,600.0,11.583333333333334,,,,,,,,292.9204933800596,0.7162986530704503,0.0,0.0,0.0,0.0,0.0,0.0,,0.8333333333333334,0,0,0.0,0.0,0.0,0.21000000000000002,5.949999999999999,0.0,184.94,0.0,0.0,0.0,0.0,,,,,-0.9210461659734286,0.389453412034928,-0.9210461659734286,0.389453412034928,-7.031330871631472,3.686983859037793,12.0,38.0,,,0.0,6,0.0,0.0,0.7855555555555555,0.0,-0.0,89.975,-2.2666666666666675,316,11,2023,225
2023-11-13,0.0,0.0,0,0.0,4.4,19.4,11.770833333333334,9.9,5.2875000000000005,-2.350300516476357,0.5547484592363873,64.375,363.75,600.0,42.458333333333336,,,,,,,,281.97183321878276,0.2749429362397133,0.0,0.0,0.0,0.0,0.0,0.0,,0.5,0,0,0.0,0.0,0.0,0.21000000000000002,5.949999999999999,0.0,184.94,0.0,0.0,0.0,0.0,,,,,-0.9782496925593708,0.2074308053484259,-0.9782496925593708,0.2074308053484259,-1.5130059574816548,0.35711932063342433,13.0,39.0,,,0.0,6,0.0,0.0,0.7904166666666667,0.0,-0.0,31.725,-2.895833333333332,317,11,2023,226
2023-11-14,0.07,4.1,1,0.07,6.4,13.8,9.816666666666666,11.0,7.370833333333334,-5.373121352425961,4.807530864270958,73.25,114.58333333333333,513.0,95.41666666666667,,,,,,,,310.52767257050675,0.9784739121794169,11.7,8.9,8.9,66.0,-6.817795543758906,5.7208097262102,310.0,0.041666666666666664,0,1,0.07,0.07,0.07,0.07,6.019999999999999,0.0,185.01,0.0,0.0,0.0,0.0,,,,,-0.7600922081494575,0.6498152315162224,-0.7660444431189781,0.6427876096865393,-3.9358113906520162,3.5215163580784763,0.0,40.0,1.0,1.0,0.77,0,0.0,0.07,0.6272222222222222,0.6230000000000001,0.0,0.0,-1.9541666666666675,318,11,2023,227
2023-11-15,0.0,0.0,0,0.0,6.4,16.6,11.245833333333332,15.1,7.841666666666666,-6.41920021439055,3.879473104112955,70.625,325.9166666666667,600.0,63.208333333333336,,,,,,,,306.62837632701235,0.947872375565946,0.0,0.0,0.0,0.0,0.0,0.0,,0.08333333333333333,0,0,0.07,0.07,0.07,0.07,0.8399999999999992,0.0,185.01,0.0,0.0,0.0,0.0,,,,,-0.8025220902126287,0.59662240548001,-0.8025220902126287,0.59662240548001,-4.533560151413326,2.7398778797797747,1.0,41.0,0.0,1.0,0.0,1,0.0,0.035,0.7860277777777777,0.0,-0.0,7.841666666666666,1.4291666666666654,319,11,2023,228
2023-11-16,0.0,2.2,0,0.0,4.4,15.2,9.487499999999999,18.2,10.775,-6.188084131123044,1.4238481312370137,68.5,322.0416666666667,600.0,69.125,,,,,,,,277.5457414642822,0.4624683836243594,0.0,0.0,0.0,0.0,0.0,0.0,,0.20833333333333334,0,0,0.0,0.07,0.07,0.07,0.8399999999999992,0.0,185.01,0.0,0.0,0.0,0.0,,,,,-0.9913403412682951,0.13131765979509505,-0.9913403412682951,0.13131765979509505,-4.238837629819285,0.9753359698973544,2.0,42.0,0.0,1.0,0.0,2,0.0,0.023333333333333334,0.7763611111111111,0.0,-0.0,21.55,-1.7583333333333329,320,11,2023,229
2023-11-17,0.0,0.30000000000000004,0,0.0,0.5,15.7,7.691666666666666,9.4,5.991666666666667,3.885836849120901,-2.3354262989373016,73.54166666666667,362.2916666666667,600.0,35.583333333333336,,,,,,,,120.09184560783632,0.7748624025773292,0.0,0.0,0.0,0.0,0.0,0.0,,0.5833333333333334,0,0,0.0,0.0,0.07,0.07,0.8399999999999992,0.0,185.01,0.0,0.0,0.0,0.0,,,,,0.8652227873130164,-0.5013876028725628,0.8652227873130164,-0.5013876028725628,2.857709182790996,-1.7175114240101408,3.0,43.0,,0.0,0.0,3,0.0,0.0,0.82,0.0,-0.0,17.975,-1.7958333333333325,321,11,2023,230
2023-11-18,0.0,0.0,0,0.0,5.4,18.8,12.070833333333333,11.5,7.7875000000000005,-5.044389921235653,4.082004492436898,60.958333333333336,375.875,600.0,5.0,,,,,,,,312.6737259781286,0.7170254242222059,0.0,0.0,0.0,0.0,0.0,0.0,,0.875,0,0,0.0,0.0,0.07,0.07,0.8399999999999992,0.0,185.01,0.0,0.0,0.0,0.0,,,,,-0.7352255003203172,0.6778225901212936,-0.7352255003203172,0.6778225901212936,-3.0749760228199,2.4883219051813255,4.0,44.0,,0.0,0.0,4,0.0,0.0,0.7871111111111112,0.0,-0.0,31.150000000000002,4.379166666666666,322,11,2023,231
2023-11-19,0.0,0.0,0,0.0,8.2,19.9,14.125,21.8,12.083333333333334,-8.510697822069824,7.501810528883026,50.708333333333336,378.875,600.0,1.1666666666666667,,,,,,,,321.5175865873316,0.8786432170452635,0.0,0.0,0.0,0.0,0.0,0.0,,1.0,0,0,0.0,0.0,0.07,0.07,0.8399999999999992,0.0,185.01,0.0,0.0,0.0,0.0,,,,,-0.6222743905532778,0.7827991970240815,-0.6222743905532778,0.7827991970240815,-4.315633020607907,3.804043089021101,5.0,45.0,,0.0,0.0,5,0.0,0.0,0.7549444444444445,0.0,-0.0,60.41666666666667,2.054166666666667,323,11,2023,232
2023-11-20,0.0,9.7,0,0.0,10.3,18.7,13.891666666666666,14.3,8.145833333333334,-3.039585101330667,6.125662121501651,69.70833333333333,282.5,600.0,52.416666666666664,,,,,,,,340.3809750871999,0.7855526081761876,0.0,0.0,0.0,0.0,0.0,0.0,,0.08333333333333333,0,0,0.0,0.0,0.07,0.07,0.8399999999999992,0.0,185.01,0.0,0.0,0.0,0.0,,,,,-0.33576435894977885,0.9419460150449409,-0.33576435894977885,0.9419460150449409,-2.118844114385919,4.270096970530108,6.0,46.0,,0.0,0.0,6,0.0,0.0,0.7540277777777776,0.0,-0.0,48.875,-0.23333333333333428,324,11,2023,233
2023-11-21,0.0,10.1,0,0.0,7.5,17.8,11.4,10.9,6.325,-1.7899923795376258,0.7381744674882125,85.54166666666667,234.08333333333334,600.0,77.54166666666667,,,,,,,,309.9182599793012,0.30168004985711067,0.0,0.0,0.0,0.0,0.0,0.0,,0.041666666666666664,0,0,0.0,0.0,0.0,0.07,0.8399999999999992,0.0,185.01,0.0,0.0,0.0,0.0,,,,,-0.7669606849398075,0.6416940920381465,-0.7669606849398075,0.6416940920381465,-1.5311893146628108,0.6314467423972084,7.0,47.0,,,0.0,6,0.0,0.0,0.7745277777777778,0.0,-0.0,37.95,-2.4916666666666654,325,11,2023,234
2023-11-22,0.0,6.9,0,0.0,6.2,16.2,10.820833333333333,12.0,7.129166666666666,6.564185544049348,-1.3803234563461848,87.45833333333333,226.83333333333334,600.0,82.625,,,,,,,,98.21193398202566,0.9331426256589521,0.0,0.0,0.0,0.0,0.0,0.0,,0.125,0,0,0.0,0.0,0.0,0.07,0.8399999999999992,0.0,185.01,0.0,0.0,0.0,0.0,,,,,0.9897465016454406,-0.1428350884083172,0.9897465016454406,-0.1428350884083172,5.740927273733158,-1.207207889529434,8.0,48.0,,,0.0,6,0.0,0.0,0.7760833333333332,0.0,-0.0,42.775,-0.5791666666666675,326,11,2023,235
2023-11-23,0.0,0.1,0,0.0,6.8,17.5,11.895833333333334,14.8,10.579166666666667,10.096478082554901,1.2358463939456013,77.70833333333333,319.9166666666667,600.0,58.75,,,,,,,,78.84319977246035,0.9549329133972684,0.0,0.0,0.0,0.0,0.0,0.0,,0.3333333333333333,0,0,0.0,0.0,0.0,0.07,0.8399999999999992,0.0,185.01,0.0,0.0,0.0,0.0,,,,,0.9811013249862963,0.19349467721395805,0.9811013249862963,0.19349467721395805,7.845804843318704,0.9603556352952276,9.0,49.0,,,0.0,6,0.0,0.0,0.8056388888888888,0.0,-0.0,63.47500000000001,1.075000000000001,327,11,2023,236
2023-11-24,0.0,6.0,0,0.0,7.2,16.5,12.120833333333332,13.7,9.85,2.822468648193221,7.77434888325044,82.375,191.29166666666666,600.0,99.83333333333333,,,,,,,,9.547410274977036,0.7879363979366257,0.0,0.0,0.0,0.0,0.0,0.0,,0.0,0,0,0.0,0.0,0.0,0.07,0.41999999999999915,0.0,185.01,0.0,0.0,0.0,0.0,,,,,0.16586366647103237,0.9861486927156503,0.16586366647103237,0.9861486927156503,2.3250085489491656,6.404119892577549,10.0,50.0,,,0.0,6,0.0,0.0,0.7354444444444445,0.0,-0.0,59.099999999999994,0.22499999999999787,328,11,2023,237
2023-11-25,0.0,2.9,0,0.0,8.1,17.3,11.945833333333333,15.8,12.541666666666666,-8.56291858621133,9.050552250959337,88.25,194.25,600.0,73.04166666666667,,,,,,,,317.06989642015117,0.9926731403632189,0.0,0.0,0.0,0.0,0.0,0.0,,0.20833333333333334,0,0,0.0,0.0,0.0,0.07,0.34999999999999915,0.0,185.01,0.0,0.0,0.0,0.0,,,,,-0.6811056578468234,0.7321851424667438,-0.6811056578468234,0.7321851424667438,-7.556775652331498,7.987112361471614,11.0,51.0,,,0.0,6,0.0,0.0,0.757,0.0,-0.0,75.25,-0.17499999999999893,329,11,2023,238
2023-11-26,0.0,4.1,0,0.0,7.6,14.3,10.795833333333334,21.6,14.3125,-11.477943586916226,7.069503157270098,83.41666666666667,291.9583333333333,600.0,58.5,,,,,,,,308.08932561101966,0.7629061433853231,0.0,0.0,0.0,0.0,0.0,0.0,,0.041666666666666664,0,0,0.0,0.0,0.0,0.07,0.27999999999999914,0.0,185.01,0.0,0.0,0.0,0.0,,,,,-0.7870499640824792,0.6168892558942555,-0.7870499640824792,0.6168892558942555,-9.574517942085953,5.897143883689474,12.0,52.0,,,0.0,6,0.0,0.0,0.7904722222222222,0.0,-0.0,85.875,-1.1499999999999986,330,11,2023,239
2023-11-27,0.0,7.4,0,0.0,8.8,17.5,11.4125,10.7,6.4375,1.622347150503541,2.314874157273405,86.29166666666667,269.1666666666667,600.0,75.45833333333333,,,,,,,,28.180585244803208,0.48781975742107675,0.0,0.0,0.0,0.0,0.0,0.0,,0.0,0,0,0.0,0.0,0.0,0.07,0.27999999999999914,0.0,185.01,0.0,0.0,0.0,0.0,,,,,0.4722521068355517,0.8814635259552052,0.4722521068355517,0.8814635259552052,1.3999503952886807,1.997543491547176,13.0,53.0,,,0.0,6,0.0,0.0,0.8004166666666667,0.0,-0.0,38.625,0.6166666666666654,331,11,2023,240
2023-11-28,0.0,7.5,0,0.0,9.0,17.7,11.741666666666667,12.9,8.270833333333334,4.637569364257268,4.995558377069191,84.66666666666667,211.625,600.0,99.91666666666667,,,,,,,,36.71056037123121,0.7829817616301137,0.0,0.0,0.0,0.0,0.0,0.0,,0.0,0,0,0.0,0.0,0.0,0.0,0.27999999999999914,0.0,185.01,0.0,0.0,0.0,0.0,,,,,0.5977729146969432,0.8016654803936122,0.5977729146969432,0.8016654803936122,3.9264753950711535,4.229572759251916,14.0,54.0,,,0.0,6,0.0,0.0,0.7566388888888889,0.0,-0.0,49.625,0.3291666666666675,332,11,2023,241
2023-11-29,0.0,72.1,0,0.0,7.6,10.1,9.033333333333333,16.9,11.841666666666667,10.155188427991584,-3.741939255692254,100.0,64.54166666666667,329.0,100.0,,,,,,,,110.4814229759402,0.9161962394149358,0.0,0.0,0.0,0.0,0.0,0.0,,0.0,0,0,0.0,0.0,0.0,0.0,0.27999999999999914,0.0,185.01,0.0,0.0,0.0,0.0,,,,,0.9367856878340092,-0.3499036654128708,0.9367856878340092,-0.3499036654128708,10.155188427991584,-3.7419392556922535,15.0,55.0,,,0.0,6,0.0,0.0,0.6008055555555556,0.0,-0.0,71.05,-2.708333333333334,333,11,2023,242
2023-11-30,0.0,80.0,0,0.0,7.1,9.9,8.429166666666667,20.5,16.575,4.953266730685777,-14.87367465428711,100.0,85.79166666666667,327.0,100.0,,,,,,,,160.63021328291705,0.9401732416901228,0.0,0.0,0.0,0.0,0.0,0.0,,0.0,0,0,0.0,0.0,0.0,0.0,0.06999999999999912,0.0,185.01,0.0,0.0,0.0,0.0,,,,,0.33166370436019194,-0.9433976824277635,0.33166370436019194,-0.9433976824277635,4.953266730685777,-14.873674654287107,16.0,56.0,,,0.0,6,0.0,0.0,0.6105277777777778,0.0,-0.0,99.44999999999999,-0.6041666666666661,334,11,2023,243
2023-12-01,0.0,18.8,0,0.0,8.2,12.3,9.775,13.1,7.1875,5.45838774703079,-4.223634263274523,97.16666666666667,133.625,529.0,98.375,,,,,,,,126.3156554263392,0.9498896195576676,0.0,0.0,0.0,0.0,0.0,0.0,,0.0,0,0,0.0,0.0,0.0,0.0,0.06999999999999912,0.0,185.01,0.0,0.0,0.0,0.0,,,,,0.8057664912331366,-0.5922333675214861,0.8057664912331366,-0.5922333675214861,5.303733427531585,-4.103964625815078,17.0,57.0,,,0.0,6,0.0,0.0,0.6863055555555556,0.0,-0.0,43.125,1.3458333333333332,335,12,2023,244
2023-12-02,0.0,14.8,0,0.0,7.9,13.7,10.1875,10.5,5.366666666666667,-1.791049918827339,1.5330876983296857,92.29166666666667,159.33333333333334,529.0,98.29166666666667,,,,,,,,312.49810145576123,0.3041701724981487,0.0,0.0,0.0,0.0,0.0,0.0,,0.0,0,0,0.0,0.0,0.0,0.0,0.06999999999999912,0.0,185.01,0.0,0.0,0.0,0.0,,,,,-0.7372997226597644,0.6755657769350328,-0.7372997226597644,0.6755657769350328,-1.6529898209177318,1.4149121882501057,18.0,58.0,,,0.0,6,0.0,0.0,0.7183055555555556,0.0,-0.0,32.2,0.41249999999999964,336,12,2023,245
2023-12-03,0.0,8.4,0,0.0,6.9,11.9,8.975,11.1,6.441666666666666,3.6966941599785397,-3.7437200759630134,92.54166666666667,172.54166666666666,600.0,99.79166666666667,,,,,,,,138.7424766039352,0.7828861072443809,0.0,0.0,0.0,0.0,0.0,0.0,,0.0,0,0,0.0,0.0,0.0,0.0,0.06999999999999912,0.0,185.01,0.0,0.0,0.0,0.0,,,,,0.6594445320213278,-0.7517532235961293,0.6594445320213278,-0.7517532235961293,3.420982387213474,-3.464500953630772,19.0,59.0,,,0.0,6,0.0,0.0,0.6879444444444444,0.0,-0.0,38.65,-1.2125000000000004,337,12,2023,246
2023-12-04,0.0,0.0,0,0.0,6.9,17.8,12.808333333333332,14.2,9.870833333333332,-7.1191246804539965,5.544274021309911,73.58333333333333,341.9166666666667,600.0,59.0,,,,,,,,309.84390379419256,0.8995232429613745,0.0,0.0,0.0,0.0,0.0,0.0,,0.3333333333333333,0,0,0.0,0.0,0.0,0.0,0.06999999999999912,0.0,185.01,0.0,0.0,0.0,0.0,,,,,-0.7677928039404837,0.6406982208631533,-0.7677928039404837,0.6406982208631533,-5.238489244034065,4.079661634013876,20.0,60.0,,,0.0,6,0.0,0.0,0.8065555555555556,0.0,-0.0,59.224999999999994,3.833333333333332,338,12,2023,247
2023-12-05,0.0,0.0,0,0.0,11.8,22.7,17.266666666666666,28.0,19.037499999999998,-15.873349933216993,9.763673374273301,50.583333333333336,383.625,600.0,41.125,,,,,,,,304.6299516540318,0.9732044760135429,0.0,0.0,0.0,0.0,0.0,0.0,,0.20833333333333334,0,0,0.0,0.0,0.0,0.0,0.06999999999999912,0.0,185.01,0.0,0.0,0.0,0.0,,,,,-0.8228394129324115,0.5682739660806613,-0.8228394129324115,0.5682739660806613,-8.029269507885596,4.938791448486579,21.0,61.0,,,0.0,6,0.0,0.0,0.7576944444444443,0.0,-0.0,114.225,4.458333333333334,339,12,2023,248
2023-12-06,0.0,0.0,0,0.0,12.1,21.9,17.083333333333332,21.9,12.5,-10.890675625565228,5.621295786141768,44.25,394.375,600.0,30.708333333333332,,,,,,,,299.13515757784285,0.9790030278428639,0.0,0.0,0.0,0.0,0.0,0.0,,0.5833333333333334,0,0,0.0,0.0,0.0,0.0,0.06999999999999912,0.0,185.01,0.0,0.0,0.0,0.0,,,,,-0.8734736356331549,0.4868714490025047,-0.8734736356331549,0.4868714490025047,-4.819123964312613,2.487423385367732,22.0,62.0,,,0.0,6,0.0,0.0,0.7437499999999999,0.0,-0.0,75.0,-0.18333333333333357,340,12,2023,249
2023-12-07,0.0,0.7,0,0.0,12.0,20.1,15.879166666666668,22.3,16.0125,-13.589366679641905,8.182090453868783,51.666666666666664,334.9583333333333,600.0,84.25,,,,,,,,301.51567561100387,0.9899611277350276,0.0,0.0,0.0,0.0,0.0,0.0,,0.0,0,0,0.0,0.0,0.0,0.0,0.06999999999999912,0.0,185.01,0.0,0.0,0.0,0.0,,,,,-0.852497181527439,0.5227318198539023,-0.852497181527439,0.5227318198539023,-7.02117278448165,4.2274134011655375,23.0,63.0,,,0.0,6,0.0,0.0,0.7288611111111111,0.0,-0.0,96.07499999999999,-1.204166666666664,341,12,2023,250
2023-12-08,0.0,3.9000000000000004,0,0.0,13.1,21.5,17.0625,29.7,18.129166666666666,-12.77732823665523,12.476274830131059,73.58333333333333,297.7916666666667,600.0,86.25,,,,,,,,315.5412367141746,0.9857516256281942,0.0,0.0,0.0,0.0,0.0,0.0,,0.0,0,0,0.0,0.0,0.0,0.0,0.06999999999999912,0.0,185.01,0.0,0.0,0.0,0.0,,,,,-0.7003957447410059,0.7137547202987115,-0.7003957447410059,0.7137547202987115,-9.401984027472139,9.180458895838104,24.0,64.0,,,0.0,6,0.0,0.0,0.7771388888888889,0.0,-0.0,108.775,1.1833333333333318,342,12,2023,251
2023-12-09,0.0,9.4,0,0.0,12.9,23.0,18.441666666666666,21.6,13.375,-6.863776986471098,7.202556111127712,72.83333333333333,318.6666666666667,600.0,73.16666666666667,,,,,,,,320.09583443048837,0.6199439241668022,0.0,0.0,0.0,0.0,0.0,0.0,,0.041666666666666664,0,0,0.0,0.0,0.0,0.0,0.06999999999999912,0.0,185.01,0.0,0.0,0.0,0.0,,,,,-0.6415054050076194,0.7671185145373628,-0.6415054050076194,0.7671185145373628,-4.999117571813116,5.245861700938017,25.0,65.0,,,0.0,6,0.0,0.0,0.7885555555555556,0.0,-0.0,80.25,1.3791666666666664,343,12,2023,252
2023-12-10,0.0,2.0,0,0.0,12.7,24.7,18.758333333333333,12.6,7.766666666666667,0.7502329263312012,4.478262976954969,76.95833333333333,296.5833333333333,600.0,90.25,,,,,,,,6.192721694600737,0.5093978641281879,0.0,0.0,0.0,0.0,0.0,0.0,,0.0,0,0,0.0,0.0,0.0,0.0,0.06999999999999912,0.0,185.01,0.0,0.0,0.0,0.0,,,,,0.10787306744714828,0.9941646751517291,0.10787306744714828,0.9941646751517291,0.5773667562223869,3.446396549348262,26.0,66.0,,,0.0,6,0.0,0.0,0.7875833333333334,0.0,-0.0,46.6,0.31666666666666643,344,12,2023,253
2023-12-11,0.0,3.6,0,0.0,14.7,22.6,18.320833333333333,9.7,7.208333333333333,3.295191571526749,0.7461106965554593,77.66666666666667,229.125,600.0,99.95833333333333,,,,,,,,72.84647720857926,0.42776291146347184,0.0,0.0,0.0,0.0,0.0,0.0,,0.0,0,0,0.0,0.0,0.0,0.0,0.06999999999999912,0.0,185.01,0.0,0.0,0.0,0.0,,,,,0.9555179203527501,0.29493304983462854,0.9555179203527501,0.29493304983462854,2.559265453885775,0.5794793076580733,27.0,67.0,,,0.0,6,0.0,0.0,0.7449722222222223,0.0,-0.0,43.25,-0.4375,345,12,2023,254
2023-12-12,0.0,0.5,0,0.0,14.0,25.2,19.329166666666666,9.7,5.458333333333333,1.4522919459088115,3.0625523589515122,71.875,331.9583333333333,600.0,84.75,,,,,,,,23.482002360841715,0.3642834330700113,0.0,0.0,0.0,0.0,0.0,0.0,,0.041666666666666664,0,0,0.0,0.0,0.0,0.0,0.06999999999999912,0.0,185.01,0.0,0.0,0.0,0.0,,,,,0.3984609841253744,0.9171852834241498,0.3984609841253744,0.9171852834241498,1.0438348361219583,2.201209507996399,28.0,68.0,,,0.0,6,0.0,0.0,0.7942222222222223,0.0,-0.0,32.75,1.0083333333333329,346,12,2023,255
2023-12-13,0.0,7.6,0,0.0,13.4,22.7,19.104166666666668,22.6,13.591666666666667,-9.136807853136192,9.890251728427764,65.375,333.5416666666667,600.0,65.83333333333333,,,,,,,,319.3309605711789,0.9858046764663875,0.0,0.0,0.0,0.0,0.0,0.0,,0.08333333333333333,0,0,0.0,0.0,0.0,0.0,0.06999999999999912,0.0,185.01,0.0,0.0,0.0,0.0,,,,,-0.6516886402154952,0.758486595935669,-0.6516886402154952,0.758486595935669,-5.973188133987785,6.4657520674596505,29.0,69.0,,,0.0,6,0.0,0.0,0.7736111111111111,0.0,-0.0,81.55,-0.22499999999999787,347,12,2023,256
2023-12-14,0.0,2.2,0,0.0,9.7,16.9,13.4375,38.8,20.829166666666666,-17.59699040887005,10.484210400726257,80.83333333333333,311.6666666666667,600.0,49.583333333333336,,,,,,,,302.06100187747916,0.9822045017536399,0.0,0.0,0.0,0.0,0.0,0.0,,0.375,0,0,0.0,0.0,0.0,0.0,0.0,0.0,185.01,0.0,0.0,0.0,0.0,,,,,-0.8474834192538323,0.5308218666274337,-0.8474834192538323,0.5308218666274337,-14.224233913836622,8.474736740587057,30.0,70.0,,,0.0,6,0.0,0.0,0.8105555555555556,0.0,-0.0,124.975,-5.666666666666668,348,12,2023,257
2023-12-15,0.0,0.0,0,0.0,7.7,17.3,12.35,23.9,14.954166666666666,-11.87915020033782,8.622538138679301,64.04166666666667,387.0416666666667,600.0,6.625,,,,,,,,308.1193901402025,0.978423906581245,0.0,0.0,0.0,0.0,0.0,0.0,,0.8333333333333334,0,0,0.0,0.0,0.0,0.0,0.0,0.0,185.01,0.0,0.0,0.0,0.0,,,,,-0.7867261585170465,0.617302155759245,-0.7867261585170465,0.617302155759245,-7.607605774133013,5.522017132979203,31.0,71.0,,,0.0,6,0.0,0.0,0.8048333333333334,0.0,-0.0,89.725,-1.0875000000000004,349,12,2023,258
2023-12-16,0.0,0.0,0,0.0,6.1,14.4,10.595833333333333,27.9,18.170833333333334,-15.689611682446335,8.591771240811605,63.333333333333336,361.6666666666667,600.0,54.583333333333336,,,,,,,,302.93982061222636,0.9603631889577057,0.0,0.0,0.0,0.0,0.0,0.0,,0.375,0,0,0.0,0.0,0.0,0.0,0.0,0.0,185.01,0.0,0.0,0.0,0.0,,,,,-0.8392421551119266,0.5437578551920781,-0.8392421551119266,0.5437578551920781,-9.936754065549346,5.4414551191806835,32.0,72.0,,,0.0,6,0.0,0.0,0.7722222222222223,0.0,-0.0,109.025,-1.7541666666666664,350,12,2023,259
2023-12-17,0.0,0.2,0,0.0,4.9,19.2,12.233333333333334,11.1,8.1,-4.49851353752984,4.005393869730939,68.75,387.5833333333333,600.0,39.083333333333336,,,,,,,,316.8340849805505,0.6762981976658365,0.0,0.0,0.0,0.0,0.0,0.0,,0.4166666666666667,0,0,0.0,0.0,0.0,0.0,0.0,0.0,185.01,0.0,0.0,0.0,0.0,,,,,-0.6841133249327738,0.7293757321500525,-0.6841133249327738,0.7293757321500525,-3.092728057051765,2.7537082854400206,33.0,73.0,,,0.0,6,0.0,0.0,0.8208888888888889,0.0,-0.0,48.599999999999994,1.637500000000001,351,12,2023,260
2023-12-18,0.0,0.0,0,0.0,9.3,20.6,15.779166666666667,12.6,9.4,-6.627708294603862,6.31707430796379,54.333333333333336,326.0833333333333,600.0,81.5,,,,,,,,315.6249655781724,0.9712674604659076,0.0,0.0,0.0,0.0,0.0,0.0,,0.041666666666666664,0,0,0.0,0.0,0.0,0.0,0.0,0.0,185.01,0.0,0.0,0.0,0.0,,,,,-0.6993519558233792,0.7147774771815452,-0.6993519558233792,0.7147774771815452,-3.601054840068099,3.4322770406603262,34.0,74.0,,,0.0,6,0.0,0.0,0.7318333333333333,0.0,-0.0,56.400000000000006,3.5458333333333325,352,12,2023,261
2023-12-19,0.0,27.0,0,0.0,8.5,21.5,15.375,27.2,10.85,-3.7225838128339284,4.483430202840655,67.79166666666667,319.125,600.0,88.20833333333333,,,,,,,,335.6161113979613,0.3759235941488343,0.0,0.0,0.0,0.0,0.0,0.0,,0.0,0,0,0.0,0.0,0.0,0.0,0.0,0.0,185.01,0.0,0.0,0.0,0.0,,,,,-0.4128483320353638,0.9107997885021812,-0.4128483320353638,0.9107997885021812,-2.5236016097836673,3.0393920583423943,35.0,75.0,,,0.0,6,0.0,0.0,0.7720555555555556,0.0,-0.0,65.1,-0.4041666666666668,353,12,2023,262
2023-12-20,0.0,2.7,0,0.0,6.5,9.1,7.658333333333334,11.6,9.1,8.642224631031658,-2.447692059071965,96.25,115.625,359.0,100.0,,,,,,,,106.49762237801387,0.9869576042712418,0.0,0.0,0.0,0.0,0.0,0.0,,0.0,0,0,0.0,0.0,0.0,0.0,0.0,0.0,185.01,0.0,0.0,0.0,0.0,,,,,0.9588315199216918,-0.2839755559985021,0.9588315199216918,-0.2839755559985021,8.31814120736797,-2.3559036068567663,36.0,76.0,,,0.0,6,0.0,0.0,0.6001388888888889,0.0,-0.0,54.599999999999994,-7.716666666666666,354,12,2023,263
2023-12-21,0.0,8.8,0,0.0,6.0,11.7,7.8875,13.8,10.345833333333333,9.193052174591607,-4.060751570054877,95.0,174.66666666666666,600.0,100.0,,,,,,,,112.63859210139641,0.9716404755109861,0.0,0.0,0.0,0.0,0.0,0.0,,0.0,0,0,0.0,0.0,0.0,0.0,0.0,0.0,185.01,0.0,0.0,0.0,0.0,,,,,0.9229511620472096,-0.3849170722060862,0.9229511620472096,-0.3849170722060862,8.733399565862026,-3.8577139915521332,37.0,77.0,,,0.0,6,0.0,0.0,0.6931111111111111,0.0,-0.0,62.075,0.22916666666666607,355,12,2023,264
2023-12-22,0.0,0.2,0,0.0,3.8,15.7,8.950000000000001,14.4,8.025,0.1780074588642211,-4.984252307507208,79.08333333333333,323.5,600.0,68.625,,,,,,,,162.79453305091266,0.6143583073552589,0.0,0.0,0.0,0.0,0.0,0.0,,0.125,0,0,0.0,0.0,0.0,0.0,0.0,0.0,185.01,0.0,0.0,0.0,0.0,,,,,0.29579919778791974,-0.9552501424171698,0.29579919778791974,-0.9552501424171698,0.14077423205178818,-3.9417128665202834,38.0,78.0,,,0.0,6,0.0,0.0,0.8126111111111111,0.0,-0.0,48.150000000000006,1.0625000000000009,356,12,2023,265
2023-12-23,0.0,2.0,0,0.0,5.5,16.2,11.383333333333333,14.1,7.3875,-4.309930294001874,1.2028464811967325,72.66666666666667,359.25,600.0,50.166666666666664,,,,,,,,299.3944189727318,0.5256912315453517,0.0,0.0,0.0,0.0,0.0,0.0,,0.125,0,0,0.0,0.0,0.0,0.0,0.0,0.0,185.01,0.0,0.0,0.0,0.0,,,,,-0.871261624596919,0.4908188887000349,-0.871261624596919,0.4908188887000349,-3.1318826803080286,0.874068443002959,39.0,79.0,,,0.0,6,0.0,0.0,0.8150555555555555,0.0,-0.0,44.325,2.433333333333332,357,12,2023,266
2023-12-24,0.0,14.8,0,0.0,7.4,16.1,11.083333333333334,10.9,7.529166666666666,1.4820492975003667,2.500843450323434,83.875,267.1666666666667,600.0,52.541666666666664,,,,,,,,47.983449766042945,0.2653671856465934,0.0,0.0,0.0,0.0,0.0,0.0,,0.2916666666666667,0,0,0.0,0.0,0.0,0.0,0.0,0.0,185.01,0.0,0.0,0.0,0.0,,,,,0.7429515120365878,0.6693452403375615,0.7429515120365878,0.6693452403375615,1.2430688482784327,2.09758244395878,40.0,80.0,,,0.0,6,0.0,0.0,0.7910277777777778,0.0,-0.0,45.175,-0.29999999999999893,358,12,2023,267
2023-12-25,0.0,22.8,0,0.0,8.0,12.3,10.195833333333333,19.6,14.179166666666667,12.08728972774435,7.03337581628755,97.125,112.33333333333333,600.0,99.79166666666667,,,,,,,,58.98664904560829,0.9872597991239356,0.0,0.0,0.0,0.0,0.0,0.0,,0.0,0,0,0.0,0.0,0.0,0.0,0.0,0.0,185.01,0.0,0.0,0.0,0.0,,,,,0.8570472642321637,0.5152377964320589,0.8570472642321637,0.5152377964320589,11.7397801480717,6.831166261569283,41.0,81.0,,,0.0,6,0.0,0.0,0.6719722222222222,0.0,-0.0,85.075,-0.8875000000000011,359,12,2023,268
2023-12-26,0.0,18.4,0,0.0,9.4,16.3,11.720833333333333,15.6,7.083333333333333,5.151830678878083,3.0909316952932264,89.625,241.5,600.0,94.16666666666667,,,,,,,,50.640756692142716,0.6665339349380806,0.0,0.0,0.0,0.0,0.0,0.0,,0.0,0,0,0.0,0.0,0.0,0.0,0.0,0.0,185.01,0.0,0.0,0.0,0.0,,,,,0.7731848861889479,0.6341806775430672,0.7731848861889479,0.6341806775430672,4.617328245944481,2.7702475319065543,42.0,82.0,,,0.0,6,0.0,0.0,0.7930833333333333,0.0,-0.0,42.5,1.5250000000000004,360,12,2023,269
2023-12-27,0.0,9.2,0,0.0,4.7,17.0,11.354166666666666,12.7,6.170833333333333,0.4059347881843129,-0.9282597575732052,83.625,284.0833333333333,600.0,64.375,,,,,,,,33.939386648953224,0.09249193321456166,0.0,0.0,0.0,0.0,0.0,0.0,,0.16666666666666666,0,0,0.0,0.0,0.0,0.0,0.0,0.0,185.01,0.0,0.0,0.0,0.0,,,,,0.5583155497627231,0.8296286801293385,0.5583155497627231,0.8296286801293385,0.33946296661913167,-0.7762572222705928,43.0,83.0,,,0.0,6,0.0,0.0,0.8014722222222223,0.0,-0.0,37.025,-0.36666666666666714,361,12,2023,270
2023-12-28,0.0,3.2,0,0.0,8.7,17.8,13.283333333333333,16.7,10.220833333333333,-9.463154998937116,1.9730236877580152,82.875,296.5416666666667,600.0,68.41666666666667,,,,,,,,284.1087857129358,0.9459677736202452,0.0,0.0,0.0,0.0,0.0,0.0,,0.0,0,0,0.0,0.0,0.0,0.0,0.0,0.0,185.01,0.0,0.0,0.0,0.0,,,,,-0.9698346480497607,0.24376372872557692,-0.9698346480497607,0.24376372872557692,-7.842589705369135,1.6351433812294551,44.0,84.0,,,0.0,6,0.0,0.0,0.8072777777777778,0.0,-0.0,61.325,1.9291666666666671,362,12,2023,271
2023-12-29,0.0,2.8,0,0.0,8.8,16.8,12.420833333333334,20.1,12.287500000000001,-10.524588861358254,6.052053193700094,82.08333333333333,321.4583333333333,600.0,50.791666666666664,,,,,,,,301.46094837158904,0.9870012238582544,0.0,0.0,0.0,0.0,0.0,0.0,,0.3333333333333333,0,0,0.0,0.0,0.0,0.0,0.0,0.0,185.01,0.0,0.0,0.0,0.0,,,,,-0.852996090586648,0.5219173013456201,-0.852996090586648,0.5219173013456201,-8.638933357031567,4.967726996495493,45.0,85.0,,,0.0,6,0.0,0.0,0.82125,0.0,-0.0,73.72500000000001,-0.8624999999999989,363,12,2023,272
2023-12-30,0.0,0.6,0,0.0,5.2,16.5,9.691666666666666,18.9,11.775,-7.168782652105631,0.7309930757229982,78.08333333333333,326.4583333333333,600.0,60.916666666666664,,,,,,,,266.3127371736792,0.48245473794798743,0.0,0.0,0.0,0.0,0.0,0.0,,0.25,0,0,0.0,0.0,0.0,0.0,0.0,0.0,185.01,0.0,0.0,0.0,0.0,,,,,-0.9979299395083454,-0.06431046441186714,-0.9979299395083454,-0.06431046441186714,-5.597624454185814,0.5707837599603743,46.0,86.0,,,0.0,6,0.0,0.0,0.8112499999999999,0.0,-0.0,70.65,-2.729166666666668,364,12,2023,273
2023-12-31,0.0,0.0,0,0.0,5.3,19.0,11.933333333333332,11.1,6.908333333333334,2.476527975518127,0.3155046823578466,78.16666666666667,320.9583333333333,600.0,54.25,,,,,,,,77.85118210789939,0.3004331929243592,0.0,0.0,0.0,0.0,0.0,0.0,,0.2916666666666667,0,0,0.0,0.0,0.0,0.0,0.0,0.0,185.01,0.0,0.0,0.0,0.0,,,,,0.9776042799416613,0.21045159025235677,0.9776042799416613,0.21045159025235677,1.9358193675300028,0.24661949337638348,47.0,87.0,,,0.0,6,0.0,0.0,0.807861111111111,0.0,-0.0,41.45,2.2416666666666654,365,12,2023,274
2024-01-01,0.0,0.2,0,0.0,9.2,21.1,15.241666666666667,9.6,5.795833333333333,-1.231967667004534,1.1358652680969767,72.33333333333333,309.125,600.0,66.16666666666667,,,,,,,,298.0568119460553,0.2741717191380388,0.0,0.0,0.0,0.0,0.0,0.0,,0.2916666666666667,0,0,0.0,0.0,0.0,0.0,0.0,0.0,185.01,0.0,0.0,0.0,0.0,,,,,-0.8824816517696658,0.47034682340787887,-0.8824816517696658,0.47034682340787887,-0.8911232791332796,0.8216092105901464,48.0,88.0,,,0.0,6,0.0,0.0,0.7805277777777778,0.0,-0.0,34.775,3.3083333333333353,1,1,2023,275
2024-01-02,0.0,3.3,0,0.0,11.7,20.8,15.970833333333333,8.2,5.416666666666667,-2.086595705560645,3.3712772737479217,77.0,268.8333333333333,600.0,99.08333333333333,,,,,,,,328.3447444265498,0.6296014251674177,0.0,0.0,0.0,0.0,0.0,0.0,,0.0,0,0,0.0,0.0,0.0,0.0,0.0,0.0,185.01,0.0,0.0,0.0,0.0,,,,,-0.5248070605505777,0.8512212104948175,-0.5248070605505777,0.8512212104948175,-1.6066786932816968,2.5958835007859,49.0,89.0,,,0.0,6,0.0,0.0,0.7692222222222221,0.0,-0.0,32.5,0.7291666666666661,2,1,2023,276
2024-01-03,0.0,11.2,0,0.0,11.4,20.0,15.720833333333333,15.3,10.5625,-7.221615017476424,5.823864246437373,82.04166666666667,302.0833333333333,600.0,82.91666666666667,,,,,,,,310.17851395021194,0.8153893535276378,0.0,0.0,0.0,0.0,0.0,0.0,,0.08333333333333333,0,0,0.0,0.0,0.0,0.0,0.0,0.0,185.01,0.0,0.0,0.0,0.0,,,,,-0.7640380230491259,0.6451712170696887,-0.7640380230491259,0.6451712170696887,-5.92473332058795,4.777995292181328,50.0,90.0,,,0.0,6,0.0,0.0,0.8081944444444443,0.0,-0.0,63.375,-0.25,3,1,2023,277
2024-01-04,0.0,13.9,0,0.0,11.5,16.2,14.174999999999999,13.4,8.566666666666666,3.418023739236626,-1.698011933292837,90.45833333333333,175.04166666666666,600.0,98.75,,,,,,,,118.96921661822336,0.2148926578869732,0.0,0.0,0.0,0.0,0.0,0.0,,0.0,0,0,0.0,0.0,0.0,0.0,0.0,0.0,185.01,0.0,0.0,0.0,0.0,,,,,0.8748800552201335,-0.48433964217067377,0.8748800552201335,-0.48433964217067377,3.091887307451131,-1.535993294657812,51.0,91.0,,,0.0,6,0.0,0.0,0.7515555555555555,0.0,-0.0,51.4,-1.5458333333333343,4,1,2023,278
2024-01-05,0.0,0.6000000000000001,0,0.0,10.2,20.6,14.316666666666668,13.8,7.8500000000000005,6.02295709621546,-1.3926222548618197,81.66666666666667,290.3333333333333,600.0,83.08333333333333,,,,,,,,98.81439847347698,0.7838259882681463,0.0,0.0,0.0,0.0,0.0,0.0,,0.08333333333333333,0,0,0.0,0.0,0.0,0.0,0.0,0.0,185.01,0.0,0.0,0.0,0.0,,,,,0.9881899047842496,-0.153234174003372,0.9881899047842496,-0.153234174003372,4.918748295242626,-1.1373081748038194,52.0,92.0,,,0.0,6,0.0,0.0,0.7991111111111112,0.0,-0.0,47.1,0.14166666666666927,5,1,2023,279
2024-01-06,0.0,2.8,0,0.0,9.7,20.5,15.741666666666667,9.8,5.629166666666666,-0.13718350495512535,-0.37535925970292966,78.375,300.5416666666667,600.0,62.333333333333336,,,,,,,,341.4151000471127,0.16494820354502146,0.0,0.0,0.0,0.0,0.0,0.0,,0.25,0,0,0.0,0.0,0.0,0.0,0.0,0.0,185.01,0.0,0.0,0.0,0.0,,,,,-0.31870951808733416,0.9478524373975831,-0.31870951808733416,0.9478524373975831,-0.1075175720085795,-0.2941878197921711,53.0,93.0,,,0.0,6,0.0,0.0,0.7949444444444445,0.0,-0.0,33.775,1.424999999999999,6,1,2023,280
2024-01-07,0.0,7.0,0,0.0,13.1,20.2,16.466666666666665,13.2,9.179166666666667,-6.09228125114205,6.7004620419490974,79.29166666666667,225.29166666666666,600.0,99.33333333333333,,,,,,,,317.66371377617185,0.9859639474740736,0.0,0.0,0.0,0.0,0.0,0.0,,0.0,0,0,0.0,0.0,0.0,0.0,0.0,0.0,185.01,0.0,0.0,0.0,0.0,,,,,-0.673480797295928,0.7392047183789082,-0.673480797295928,0.7392047183789082,-4.830671342051384,5.312908027428806,54.0,94.0,,,0.0,6,0.0,0.0,0.7478333333333333,0.0,-0.0,55.075,0.7249999999999979,7,1,2023,281
2024-01-08,0.0,33.3,0,0.0,11.9,16.3,14.495833333333332,16.8,12.887500000000001,-8.858473524562973,6.130891081446086,98.16666666666667,124.66666666666667,535.0,95.20833333333333,,,,,,,,302.36480445560807,0.7673538665678152,0.0,0.0,0.0,0.0,0.0,0.0,,0.0,0,0,0.0,0.0,0.0,0.0,0.0,0.0,185.01,0.0,0.0,0.0,0.0,,,,,-0.8446569128654929,0.535308041737218,-0.8446569128654929,0.535308041737218,-8.696068176612652,6.018491411619575,55.0,95.0,,,0.0,6,0.0,0.0,0.7436666666666666,0.0,-0.0,77.325,-1.9708333333333332,8,1,2023,282
2024-01-09,0.0,17.8,0,0.0,10.3,17.4,13.65,10.2,5.133333333333334,1.1083992282356419,-0.8976399489847146,90.91666666666667,190.33333333333334,580.0,76.04166666666667,,,,,,,,153.30450539560334,0.08502230936184457,0.0,0.0,0.0,0.0,0.0,0.0,,0.041666666666666664,0,0,0.0,0.0,0.0,0.0,0.0,0.0,185.01,0.0,0.0,0.0,0.0,,,,,0.4492487478723527,-0.893406717310276,0.4492487478723527,-0.893406717310276,1.0077196316709045,-0.8161043202852697,56.0,96.0,,,0.0,6,0.0,0.0,0.7632777777777777,0.0,-0.0,30.800000000000004,-0.8458333333333314,9,1,2023,283
2024-01-10,0.0,0.0,0,0.0,12.0,21.7,16.479166666666668,15.3,10.883333333333333,-7.752670259580289,4.274471346964259,78.83333333333333,355.2916666666667,600.0,37.333333333333336,,,,,,,,302.14974803242785,0.6567532418826376,0.0,0.0,0.0,0.0,0.0,0.0,,0.4583333333333333,0,0,0.0,0.0,0.0,0.0,0.0,0.0,185.01,0.0,0.0,0.0,0.0,,,,,-0.8466602062924246,0.532133907095638,-0.8466602062924246,0.532133907095638,-6.111688387969127,3.3697082451901577,57.0,97.0,,,0.0,6,0.0,0.0,0.8329722222222222,0.0,-0.0,65.3,2.8291666666666675,10,1,2023,284
2024-01-11,0.0,0.1,0,0.0,14.4,24.9,18.929166666666667,9.0,6.3,-0.21795274151132168,3.2702469828648284,67.375,362.0,600.0,28.708333333333332,,,,,,,,349.48332706266257,0.505538325840358,0.0,0.0,0.0,0.0,0.0,0.0,,0.6666666666666666,0,0,0.0,0.0,0.0,0.0,0.0,0.0,185.01,0.0,0.0,0.0,0.0,,,,,-0.18252164264221762,0.9832018358237471,-0.18252164264221762,0.9832018358237471,-0.146845659593253,2.2033289047051783,58.0,98.0,,,0.0,6,0.0,0.0,0.7992499999999999,0.0,-0.0,37.8,2.4499999999999993,11,1,2023,285
2024-01-12,0.0,0.0,0,0.0,14.9,24.2,19.254166666666666,11.5,8.233333333333333,-4.154639614096915,3.889044818499558,63.041666666666664,324.3333333333333,600.0,34.916666666666664,,,,,,,,309.72486011533664,0.6584790939251105,0.0,0.0,0.0,0.0,0.0,0.0,,0.375,0,0,0.0,0.0,0.0,0.0,0.0,0.0,185.01,0.0,0.0,0.0,0.0,,,,,-0.7691223271106111,0.6391015928160076,-0.7691223271106111,0.6391015928160076,-2.6191540567202636,2.451718670995763,59.0,99.0,,,0.0,6,0.0,0.0,0.7596944444444444,0.0,-0.0,49.39999999999999,0.3249999999999993,12,1,2023,286
2024-01-13,0.0,15.5,0,0.0,11.8,21.1,16.179166666666667,12.1,7.670833333333333,-1.0246037273175828,0.47951692893987524,82.95833333333333,229.125,600.0,62.083333333333336,,,,,,,,255.8702619458217,0.1083882917106628,0.0,0.0,0.0,0.0,0.0,0.0,,0.3333333333333333,0,0,0.0,0.0,0.0,0.0,0.0,0.0,185.01,0.0,0.0,0.0,0.0,,,,,-0.9697454418953846,-0.2441183686720958,-0.9697454418953846,-0.2441183686720958,-0.849994175453878,0.3977992522997048,60.0,100.0,,,0.0,6,0.0,0.0,0.7626111111111111,0.0,-0.0,46.025,-3.0749999999999993,13,1,2023,287
2024-01-14,0.0,10.7,0,0.0,10.0,15.6,12.441666666666668,13.2,9.133333333333333,8.774697893575498,2.1049156827462423,93.75,136.25,407.0,99.875,,,,,,,,76.23127447118195,0.9871765699496751,0.0,0.0,0.0,0.0,0.0,0.0,,0.0,0,0,0.0,0.0,0.0,0.0,0.0,0.0,185.01,0.0,0.0,0.0,0.0,,,,,0.9712643369287186,0.23800333571279336,0.9712643369287186,0.23800333571279336,8.226279275227029,1.9733584525746022,61.0,101.0,,,0.0,6,0.0,0.0,0.7366666666666667,0.0,-0.0,54.8,-3.737499999999999,14,1,2023,288
2024-01-15,0.0,2.2,0,0.0,8.8,16.1,11.4625,13.7,11.466666666666667,10.184411560322708,5.018641012205195,86.41666666666667,238.83333333333334,600.0,89.91666666666667,,,,,,,,63.53124041072885,0.9902460028447173,0.0,0.0,0.0,0.0,0.0,0.0,,0.0,0,0,0.0,0.0,0.0,0.0,0.0,0.0,185.01,0.0,0.0,0.0,0.0,,,,,0.8951775170372367,0.4457097856128445,0.8951775170372367,0.4457097856128445,8.801028990045541,4.33694227471399,62.0,102.0,,,0.0,6,0.0,0.0,0.7806111111111113,0.0,-0.0,68.8,-0.9791666666666679,15,1,2023,289
2024-01-16,0.0,11.6,0,0.0,7.8,18.2,13.204166666666666,12.3,7.7625,-2.212320667567532,5.440393441937449,80.83333333333333,288.2916666666667,600.0,50.333333333333336,,,,,,,,325.56296856003723,0.7570680337380467,0.0,0.0,0.0,0.0,0.0,0.0,,0.2916666666666667,0,0,0.0,0.0,0.0,0.0,0.0,0.0,185.01,0.0,0.0,0.0,0.0,,,,,-0.5655001731993141,0.8247481761795814,-0.5655001731993141,0.8247481761795814,-1.7882925396170881,4.397651365566104,63.0,103.0,,,0.0,6,0.0,0.0,0.7949722222222221,0.0,-0.0,46.575,1.7416666666666654,16,1,2023,290
2024-01-17,0.0,19.3,0,0.0,11.2,16.1,13.841666666666667,17.7,12.799999999999999,-9.526229801550206,8.31225739615977,95.83333333333333,130.83333333333334,410.0,97.33333333333333,,,,,,,,311.08475650874163,0.9859925761293439,0.0,0.0,0.0,0.0,0.0,0.0,,0.0,0,0,0.0,0.0,0.0,0.0,0.0,0.0,185.01,0.0,0.0,0.0,0.0,,,,,-0.7537382597305301,0.6571747376599255,-0.7537382597305301,0.6571747376599255,-9.129303559818947,7.965913337986446,64.0,104.0,,,0.0,6,0.0,0.0,0.7399999999999999,0.0,-0.0,76.8,0.6375000000000011,17,1,2023,291
2024-01-18,0.0,0.4,0,0.0,6.5,14.1,10.870833333333332,26.9,20.120833333333334,-16.703550163941077,10.978748141685744,77.625,373.2916666666667,600.0,42.083333333333336,,,,,,,,303.67601662271005,0.9936653544432112,0.0,0.0,0.0,0.0,0.0,0.0,,0.2916666666666667,0,0,0.0,0.0,0.0,0.0,0.0,0.0,185.01,0.0,0.0,0.0,0.0,,,,,-0.8321863009558427,0.5544961320887926,-0.8321863009558427,0.5544961320887926,-12.96613081475926,8.522253244983558,65.0,105.0,,,0.0,6,0.0,0.0,0.8209444444444444,0.0,-0.0,120.725,-2.970833333333335,18,1,2023,292
2024-01-19,0.0,0.0,0,0.0,6.0,19.5,12.4625,20.4,11.408333333333333,-9.043898831664396,4.624824914167487,70.875,385.0,600.0,23.666666666666668,,,,,,,,296.423272146989,0.7336249304315932,0.0,0.0,0.0,0.0,0.0,0.0,,0.6666666666666666,0,0,0.0,0.0,0.0,0.0,0.0,0.0,185.01,0.0,0.0,0.0,0.0,,,,,-0.8955310864019591,0.4449989587490366,-0.8955310864019591,0.4449989587490366,-6.409863296942141,3.2778446579162064,66.0,106.0,,,0.0,6,0.0,0.0,0.8262499999999999,0.0,-0.0,68.45,1.5916666666666686,19,1,2023,293
2024-01-20,0.0,0.0,0,0.0,10.1,18.4,14.129166666666668,13.4,10.154166666666667,-5.977231128501543,7.733990070668565,62.625,217.375,600.0,81.625,,,,,,,,322.8236885039273,0.9592067341220144,0.0,0.0,0.0,0.0,0.0,0.0,,0.125,0,0,0.0,0.0,0.0,0.0,0.0,0.0,185.01,0.0,0.0,0.0,0.0,,,,,-0.6042697439665584,0.7967798168418864,-0.6042697439665584,0.7967798168418864,-3.7432409942240916,4.843411281756189,67.0,107.0,,,0.0,6,0.0,0.0,0.6869999999999999,0.0,-0.0,60.925,1.6666666666666679,20,1,2023,294
2024-01-21,0.0,0.0,0,0.0,10.0,21.7,16.145833333333332,33.3,17.258333333333333,-13.380670452998247,7.783308367365252,58.291666666666664,376.125,600.0,16.291666666666668,,,,,,,,293.61049864010505,0.6310792538992646,0.0,0.0,0.0,0.0,0.0,0.0,,0.7916666666666666,0,0,0.0,0.0,0.0,0.0,0.0,0.0,185.01,0.0,0.0,0.0,0.0,,,,,-0.9162893558890419,0.4005169363265987,-0.9162893558890419,0.4005169363265987,-7.799815818226895,4.537020169143328,68.0,108.0,,,0.0,6,0.0,0.0,0.7783888888888889,0.0,-0.0,103.55,2.016666666666664,21,1,2023,295
2024-01-22,0.0,0.2,0,0.0,6.8,18.4,12.120833333333332,12.7,7.3500000000000005,6.265336549906444,-3.0479318153971255,79.54166666666667,349.1666666666667,600.0,79.16666666666667,,,,,,,,117.20304958397007,0.9560636420263555,0.0,0.0,0.0,0.0,0.0,0.0,,0.041666666666666664,0,0,0.0,0.0,0.0,0.0,0.0,0.0,185.01,0.0,0.0,0.0,0.0,,,,,0.8893920428658265,-0.45714526584768633,0.8893920428658265,-0.45714526584768633,4.983553114071418,-2.424375764830464,69.0,109.0,,,0.0,6,0.0,0.0,0.8312499999999999,0.0,-0.0,44.1,-4.025,22,1,2023,296
2024-01-23,0.0,0.2,0,0.0,9.5,19.4,14.508333333333333,16.2,10.737499999999999,-6.289607767350784,4.284178886698869,75.33333333333333,318.0833333333333,600.0,51.875,,,,,,,,314.1546011823724,0.6549780272860709,0.0,0.0,0.0,0.0,0.0,0.0,,0.3333333333333333,0,0,0.0,0.0,0.0,0.0,0.0,0.0,185.01,0.0,0.0,0.0,0.0,,,,,-0.7174627874778432,0.696596833602137,-0.7174627874778432,0.696596833602137,-4.73817118473759,3.2274147613131476,70.0,110.0,,,0.0,6,0.0,0.0,0.7965,0.0,-0.0,64.425,2.387500000000001,23,1,2023,297
2024-01-24,0.0,0.0,0,0.0,13.0,21.2,17.150000000000002,33.4,24.3,-20.26203095180058,13.267969335537986,67.91666666666667,326.4166666666667,600.0,31.458333333333332,,,,,,,,303.7482989186868,0.9962072299676588,0.0,0.0,0.0,0.0,0.0,0.0,,0.5833333333333334,0,0,0.0,0.0,0.0,0.0,0.0,0.0,185.01,0.0,0.0,0.0,0.0,,,,,-0.8314861065217193,0.5555455468828384,-0.8314861065217193,0.5555455468828384,-13.761296021431228,9.011162507052882,71.0,111.0,,,0.0,6,0.0,0.0,0.7773333333333333,0.0,-0.0,145.8,2.6416666666666693,24,1,2023,298
2024-01-25,0.0,6.1000000000000005,0,0.0,13.4,21.3,18.029166666666665,31.4,19.454166666666666,-16.771004054339098,9.539585920667568,81.20833333333333,212.125,600.0,92.375,,,,,,,,301.797356719408,0.9884569998162342,0.0,0.0,0.0,0.0,0.0,0.0,,0.0,0,0,0.0,0.0,0.0,0.0,0.0,0.0,185.01,0.0,0.0,0.0,0.0,,,,,-0.8499170026344217,0.5269165860294402,-0.8499170026344217,0.5269165860294402,-13.619452875794542,7.746938733075454,72.0,112.0,,,0.0,6,0.0,0.0,0.7454444444444445,0.0,-0.0,116.725,0.8791666666666629,25,1,2023,299
2024-01-26,0.0,7.7,0,0.0,8.1,16.7,13.491666666666667,31.1,19.004166666666666,-16.843970276214723,8.013521709672993,82.66666666666667,246.75,600.0,81.54166666666667,,,,,,,,301.0876204940288,0.9580844748493513,0.0,0.0,0.0,0.0,0.0,0.0,,0.041666666666666664,0,0,0.0,0.0,0.0,0.0,0.0,0.0,185.01,0.0,0.0,0.0,0.0,,,,,-0.8563786684251984,0.5163483090572526,-0.8563786684251984,0.5163483090572526,-13.924348761670837,6.624511279996342,73.0,113.0,,,0.0,6,0.0,0.0,0.7733888888888889,0.0,-0.0,114.025,-4.537499999999998,26,1,2023,300
2024-01-27,0.0,0.0,0,0.0,6.3,17.4,11.904166666666667,18.8,10.441666666666666,-7.693290306766172,5.46633506614403,61.208333333333336,379.5833333333333,600.0,14.541666666666666,,,,,,,,313.0389569300097,0.7723715528368993,0.0,0.0,0.0,0.0,0.0,0.0,,0.75,0,0,0.0,0.0,0.0,0.0,0.0,0.0,185.01,0.0,0.0,0.0,0.0,,,,,-0.7308898237113368,0.6824954692854824,-0.7308898237113368,0.6824954692854824,-4.708934775266461,3.345852588402325,74.0,114.0,,,0.0,6,0.0,0.0,0.7904166666666667,0.0,-0.0,62.65,-1.5875000000000004,27,1,2023,301
2024-01-28,0.0,0.0,0,0.0,7.4,22.8,14.825000000000001,9.8,5.216666666666667,-0.7876098603689204,0.7450285549522397,63.083333333333336,364.5,600.0,57.75,,,,,,,,296.1673065138112,0.13756073998621912,0.0,0.0,0.0,0.0,0.0,0.0,,0.125,0,0,0.0,0.0,0.0,0.0,0.0,0.0,185.01,0.0,0.0,0.0,0.0,,,,,-0.8975101507928391,0.44099379726229154,-0.8975101507928391,0.44099379726229154,-0.49685055358272734,0.4699888467490379,75.0,115.0,,,0.0,6,0.0,0.0,0.7866111111111111,0.0,-0.0,31.3,2.9208333333333343,28,1,2023,302
2024-01-29,0.0,1.2,0,0.0,12.4,23.5,17.283333333333335,16.9,10.870833333333332,-4.0118693193337585,3.044701564657057,65.95833333333333,356.25,600.0,28.5,,,,,,,,305.74142023482625,0.43626323623409335,0.0,0.0,0.0,0.0,0.0,0.0,,0.6666666666666666,0,0,0.0,0.0,0.0,0.0,0.0,0.0,185.01,0.0,0.0,0.0,0.0,,,,,-0.8116614614200715,0.5841281298186501,-0.8116614614200715,0.5841281298186501,-2.6461621385438914,2.008234407021717,76.0,116.0,,,0.0,6,0.0,0.0,0.7906944444444445,0.0,-0.0,65.225,2.458333333333334,29,1,2023,303
2024-01-30,0.0,0.1,0,0.0,12.4,23.1,17.066666666666666,10.3,7.720833333333334,0.6090798080846049,2.3122104660158973,77.58333333333333,310.375,600.0,58.375,,,,,,,,21.449990212316592,0.2871761427597901,0.0,0.0,0.0,0.0,0.0,0.0,,0.16666666666666666,0,0,0.0,0.0,0.0,0.0,0.0,0.0,185.01,0.0,0.0,0.0,0.0,,,,,0.36568898577975084,0.9307371087903271,0.36568898577975084,0.9307371087903271,0.47254441777230594,1.7938899532173336,77.0,117.0,,,0.0,6,0.0,0.0,0.7988611111111111,0.0,-0.0,46.325,-0.21666666666666856,30,1,2023,304
2024-01-31,0.0,0.0,0,0.0,11.3,21.9,15.766666666666666,10.1,5.679166666666667,2.59193856358018,0.2852320463071148,80.08333333333333,280.25,600.0,58.291666666666664,,,,,,,,76.38217193853944,0.33928925741384547,0.0,0.0,0.0,0.0,0.0,0.0,,0.2916666666666667,0,0,0.0,0.0,0.0,0.0,0.0,0.0,185.01,0.0,0.0,0.0,0.0,,,,,0.9718877870902832,0.23544453551686484,0.9718877870902832,0.23544453551686484,2.0757107996671276,0.22842333041761442,78.0,118.0,,,0.0,6,0.0,0.0,0.7871111111111112,0.0,-0.0,34.075,-1.3000000000000007,31,1,2023,305
2024-02-01,0.0,0.0,0,0.0,11.3,21.3,16.179166666666667,18.9,11.720833333333333,-9.59417416351598,5.312141246173917,72.08333333333333,353.7916666666667,600.0,22.708333333333332,,,,,,,,304.54222681129903,0.8966929831769875,0.0,0.0,0.0,0.0,0.0,0.0,,0.7083333333333334,0,0,0.0,0.0,0.0,0.0,0.0,0.0,185.01,0.0,0.0,0.0,0.0,,,,,-0.8237085252068366,0.5670134614818049,-0.8237085252068366,0.5670134614818049,-6.9158005428677685,3.8291684816170317,79.0,119.0,,,0.0,6,0.0,0.0,0.8094722222222223,0.0,-0.0,70.325,0.4125000000000014,32,2,2023,306
2024-02-02,0.0,0.0,0,0.0,9.9,21.5,15.3375,15.0,10.233333333333333,-8.776219286001863,2.007120719919676,57.083333333333336,364.5416666666667,600.0,0.0,,,,,,,,283.56495537064905,0.8244119574026463,0.0,0.0,0.0,0.0,0.0,0.0,,1.0,0,0,0.0,0.0,0.0,0.0,0.0,0.0,185.01,0.0,0.0,0.0,0.0,,,,,-0.9721046420620751,0.2345475748784555,-0.9721046420620751,0.2345475748784555,-5.00975850909273,1.1457314109541483,80.0,120.0,,,0.0,6,0.0,0.0,0.766638888888889,0.0,-0.0,61.39999999999999,-0.8416666666666668,33,2,2023,307
2024-02-03,0.0,0.0,0,0.0,10.8,23.4,17.033333333333335,13.2,9.091666666666667,-7.010800214717725,5.442650432382519,50.625,366.1666666666667,600.0,0.0,,,,,,,,309.7768363513075,0.9735634273184465,0.0,0.0,0.0,0.0,0.0,0.0,,1.0,0,0,0.0,0.0,0.0,0.0,0.0,0.0,185.01,0.0,0.0,0.0,0.0,,,,,-0.7685422455897074,0.6397990440317411,-0.7685422455897074,0.6397990440317411,-3.5492176087008485,2.75534178139365,81.0,121.0,,,0.0,6,0.0,0.0,0.7461944444444445,0.0,-0.0,54.55,1.6958333333333346,34,2,2023,308
2024-02-04,0.0,0.0,0,0.0,13.5,24.2,19.379166666666666,24.1,15.029166666666667,-11.045357540931931,9.876002709345547,42.0,337.5833333333333,600.0,57.25,,,,,,,,315.8230109913177,0.9795023023175825,0.0,0.0,0.0,0.0,0.0,0.0,,0.16666666666666666,0,0,0.0,0.0,0.0,0.0,0.0,0.0,185.01,0.0,0.0,0.0,0.0,,,,,-0.6968771227462253,0.7171905435746783,-0.6968771227462253,0.7171905435746783,-4.639050167191411,4.147921137925129,82.0,122.0,,,0.0,6,0.0,0.0,0.6983888888888888,0.0,-0.0,90.175,2.3458333333333314,35,2,2023,309
2024-02-05,0.0,10.9,0,0.0,12.9,20.1,15.241666666666667,24.3,14.558333333333332,-9.96506533104976,9.877317588433748,87.29166666666667,112.29166666666667,511.0,99.83333333333333,,,,,,,,321.4706001803113,0.9244255801212693,0.0,0.0,0.0,0.0,0.0,0.0,,0.0,0,0,0.0,0.0,0.0,0.0,0.0,0.0,185.01,0.0,0.0,0.0,0.0,,,,,-0.6229161294235881,0.782288626853245,-0.6229161294235881,0.782288626853245,-8.698671611895518,8.622075144903626,83.0,123.0,,,0.0,6,0.0,0.0,0.6991666666666667,0.0,-0.0,87.35,-4.137499999999999,36,2,2023,310
2024-02-06,0.0,0.8,0,0.0,5.0,14.7,11.191666666666668,9.9,7.154166666666666,0.6501502090476948,-1.7863140529809691,92.04166666666667,162.16666666666666,484.0,87.875,,,,,,,,197.69185196661368,0.22240834320436523,0.0,0.0,0.0,0.0,0.0,0.0,,0.0,0,0,0.0,0.0,0.0,0.0,0.0,0.0,185.01,0.0,0.0,0.0,0.0,,,,,-0.30389757985268995,-0.9527047081649581,-0.30389757985268995,-0.9527047081649581,0.5984090882443158,-1.644153226264567,84.0,124.0,,,0.0,6,0.0,0.0,0.7415833333333334,0.0,-0.0,42.925,-4.049999999999999,37,2,2023,311
2024-02-07,0.0,0.0,0,0.0,5.0,18.6,11.245833333333332,12.3,6.908333333333334,4.889423048267619,-1.1158065184262267,79.5,319.2083333333333,600.0,67.20833333333333,,,,,,,,105.9526028187083,0.651424896481861,0.0,0.0,0.0,0.0,0.0,0.0,,0.20833333333333334,0,0,0.0,0.0,0.0,0.0,0.0,0.0,185.01,0.0,0.0,0.0,0.0,,,,,0.9614893843900263,-0.2748420704791905,0.9614893843900263,-0.2748420704791905,3.8870913233727573,-0.8870661821488502,85.0,125.0,,,0.0,6,0.0,0.0,0.8111388888888889,0.0,-0.0,41.45,0.05416666666666359,38,2,2023,312
2024-02-08,0.0,0.0,0,0.0,7.2,20.8,13.704166666666666,7.0,4.779166666666667,2.5256843462763907,0.9990668044124774,74.125,319.25,600.0,41.666666666666664,,,,,,,,82.79848688264718,0.46988860430507057,0.0,0.0,0.0,0.0,0.0,0.0,,0.4583333333333333,0,0,0.0,0.0,0.0,0.0,0.0,0.0,185.01,0.0,0.0,0.0,0.0,,,,,0.9921113910582163,0.1253594341584664,0.9921113910582163,0.1253594341584664,1.8721635216773747,0.7405582687707489,86.0,126.0,,,0.0,6,0.0,0.0,0.79325,0.0,-0.0,28.675,2.458333333333334,39,2,2023,313
2024-02-09,0.0,0.4,0,0.0,10.5,21.7,15.045833333333334,12.7,6.791666666666667,1.00406219460296,-2.661489073038059,71.75,308.375,600.0,43.208333333333336,,,,,,,,191.4769980868751,0.27438220907228067,0.0,0.0,0.0,0.0,0.0,0.0,,0.4583333333333333,0,0,0.0,0.0,0.0,0.0,0.0,0.0,185.01,0.0,0.0,0.0,0.0,,,,,-0.19897451865385224,-0.9800046637268967,-0.19897451865385224,-0.9800046637268967,0.7204146246276238,-1.9096184099048075,87.0,127.0,,,0.0,6,0.0,0.0,0.7780833333333333,0.0,-0.0,40.75,1.3416666666666686,40,2,2023,314
2024-02-10,0.0,0.0,0,0.0,9.3,18.7,13.104166666666666,12.0,9.091666666666667,8.165304677683112,2.571960920167973,80.625,324.9583333333333,600.0,64.58333333333333,,,,,,,,73.51249197713476,0.9363586454136956,0.0,0.0,0.0,0.0,0.0,0.0,,0.16666666666666666,0,0,0.0,0.0,0.0,0.0,0.0,0.0,185.01,0.0,0.0,0.0,0.0,,,,,0.9588816348455403,0.28380629019798653,0.9588816348455403,0.28380629019798653,6.583276896382009,2.0736434918854285,88.0,128.0,,,0.0,6,0.0,0.0,0.8187222222222221,0.0,-0.0,54.55,-1.9416666666666682,41,2,2023,315
2024-02-11,0.0,0.30000000000000004,0,0.0,8.7,21.1,15.3375,7.7,5.6499999999999995,-2.8166845608093762,1.8794869064969524,69.66666666666667,282.0,600.0,49.875,,,,,,,,302.90222901340803,0.6053166757492606,0.0,0.0,0.0,0.0,0.0,0.0,,0.25,0,0,0.0,0.0,0.0,0.0,0.0,0.0,185.01,0.0,0.0,0.0,0.0,,,,,-0.8395987324449933,0.5432071137943248,-0.8395987324449933,0.5432071137943248,-1.962290244030532,1.309375878192877,89.0,129.0,,,0.0,6,0.0,0.0,0.7535555555555556,0.0,-0.0,33.9,2.2333333333333343,42,2,2023,316
2024-02-12,0.0,0.4,0,0.0,12.1,22.0,16.808333333333334,12.0,9.4375,-6.634299243130478,6.230315731376734,65.54166666666667,327.7916666666667,600.0,6.666666666666667,,,,,,,,312.54206071314064,0.9623189735088238,0.0,0.0,0.0,0.0,0.0,0.0,,0.875,0,0,0.0,0.0,0.0,0.0,0.0,0.0,185.01,0.0,0.0,0.0,0.0,,,,,-0.7367811888224167,0.6761312592961712,-0.7367811888224167,0.6761312592961712,-4.348230295601768,4.083452768939835,90.0,130.0,,,0.0,6,0.0,0.0,0.7703333333333333,0.0,-0.0,56.625,1.4708333333333332,43,2,2023,317
2024-02-13,0.0,4.3,0,0.0,13.4,21.4,17.1125,24.9,17.333333333333332,-12.770651318068765,11.566448597714034,73.20833333333333,300.4166666666667,600.0,31.333333333333332,,,,,,,,313.60832420595494,0.9922523467164147,0.0,0.0,0.0,0.0,0.0,0.0,,0.5,0,0,0.0,0.0,0.0,0.0,0.0,0.0,185.01,0.0,0.0,0.0,0.0,,,,,-0.7240716625564872,0.6897247476223283,-0.7240716625564872,0.6897247476223283,-9.349180985769507,8.467604244243148,91.0,131.0,,,0.0,6,0.0,0.0,0.7776388888888889,0.0,-0.0,104.0,0.30416666666666714,44,2,2023,318
2024-02-14,0.0,0.7000000000000001,0,0.0,7.4,17.7,12.879166666666668,15.2,9.779166666666667,-3.5875209751667914,3.030010918215782,80.20833333333333,291.5833333333333,600.0,62.0,,,,,,,,307.64751407905516,0.3629430584854786,0.0,0.0,0.0,0.0,0.0,0.0,,0.25,0,0,0.0,0.0,0.0,0.0,0.0,0.0,185.01,0.0,0.0,0.0,0.0,,,,,-0.7917833915595445,0.6108019817014881,-0.7917833915595445,0.6108019817014881,-2.8774907821650304,2.430321257318908,92.0,132.0,,,0.0,6,0.0,0.0,0.7950833333333334,0.0,-0.0,58.675,-4.2333333333333325,45,2,2023,319
2024-02-15,0.0,0.0,0,0.0,7.5,21.2,13.479166666666666,10.0,6.5249999999999995,0.5785131918187668,1.636526543801163,70.95833333333333,336.9166666666667,600.0,52.708333333333336,,,,,,,,0.8326443942822781,0.24670130823979786,0.0,0.0,0.0,0.0,0.0,0.0,,0.375,0,0,0.0,0.0,0.0,0.0,0.0,0.0,185.01,0.0,0.0,0.0,0.0,,,,,0.014531874667527325,0.9998944067343548,0.014531874667527325,0.9998944067343548,0.41050331902806664,1.1612519600389084,93.0,133.0,,,0.0,6,0.0,0.0,0.7944722222222222,0.0,-0.0,39.15,0.5999999999999979,46,2,2023,320
2024-02-16,0.0,1.6,0,0.0,11.5,19.3,14.908333333333333,10.7,7.816666666666666,-2.610962621227113,4.890406138678682,79.95833333333333,265.5416666666667,600.0,51.458333333333336,,,,,,,,336.65432623711354,0.6555993301409341,0.0,0.0,0.0,0.0,0.0,0.0,,0.16666666666666666,0,0,0.0,0.0,0.0,0.0,0.0,0.0,185.01,0.0,0.0,0.0,0.0,,,,,-0.39627752327050725,0.9181307774770393,-0.39627752327050725,0.9181307774770393,-2.087682195889512,3.910287241718496,94.0,134.0,,,0.0,6,0.0,0.0,0.7768888888888889,0.0,-0.0,46.9,1.4291666666666671,47,2,2023,321
2024-02-17,0.0,2.3000000000000003,0,0.0,12.5,21.2,16.275000000000002,14.3,9.254166666666666,-4.346466224840097,5.756618090478053,78.70833333333333,292.375,600.0,25.958333333333332,,,,,,,,330.0092265405417,0.7293272723055321,0.0,0.0,0.0,0.0,0.0,0.0,,0.5,0,0,0.0,0.0,0.0,0.0,0.0,0.0,185.01,0.0,0.0,0.0,0.0,,,,,-0.4998605344062498,0.8661059093108061,-0.4998605344062498,0.8661059093108061,-3.421031124467893,4.530938155380434,95.0,135.0,,,0.0,6,0.0,0.0,0.7906111111111112,0.0,-0.0,55.525,1.366666666666669,48,2,2023,322
2024-02-18,0.0,0.7,0,0.0,12.6,22.7,16.804166666666667,14.3,9.674999999999999,-4.562202025881774,4.720086941633588,72.58333333333333,323.6666666666667,600.0,51.125,,,,,,,,327.8599471396795,0.5743928951110003,0.0,0.0,0.0,0.0,0.0,0.0,,0.4166666666666667,0,0,0.0,0.0,0.0,0.0,0.0,0.0,185.01,0.0,0.0,0.0,0.0,,,,,-0.5319906338398742,0.8467502379725965,-0.5319906338398742,0.8467502379725965,-3.3113983037858543,3.425996438469046,96.0,136.0,,,0.0,6,0.0,0.0,0.7910555555555555,0.0,-0.0,58.05,0.529166666666665,49,2,2023,323
2024-02-19,0.0,4.4,0,0.0,11.7,21.6,15.716666666666667,8.4,4.583333333333333,1.5629613126726507,1.5416796682392322,70.20833333333333,289.4166666666667,600.0,24.5,,,,,,,,28.55443866657376,0.42017175019625164,0.0,0.0,0.0,0.0,0.0,0.0,,0.5833333333333334,0,0,0.0,0.0,0.0,0.0,0.0,0.0,185.01,0.0,0.0,0.0,0.0,,,,,0.4779935387493772,0.8783633513039166,0.4779935387493772,0.8783633513039166,1.0973290882722566,1.0823876004096276,97.0,137.0,,,0.0,6,0.0,0.0,0.7603055555555556,0.0,-0.0,27.5,-1.0875000000000004,50,2,2023,324
2024-02-20,0.0,9.2,0,0.0,11.4,19.3,14.245833333333332,9.4,6.179166666666667,-1.4598707303119889,3.9416702450660543,80.20833333333333,220.45833333333334,600.0,68.95833333333333,,,,,,,,333.87998555447814,0.6608880215441468,0.0,0.0,0.0,0.0,0.0,0.0,,0.125,0,0,0.0,0.0,0.0,0.0,0.0,0.0,185.01,0.0,0.0,0.0,0.0,,,,,-0.4402528401800266,0.8978738423149546,-0.4402528401800266,0.8978738423149546,-1.1709379816044077,3.1615480090633974,98.0,138.0,,,0.0,6,0.0,0.0,0.7476666666666666,0.0,-0.0,37.075,-1.470833333333335,51,2,2023,325
2024-02-21,0.0,2.6,0,0.0,11.2,19.2,15.033333333333333,7.3,4.329166666666667,-0.4520783245491618,2.567868336814204,71.79166666666667,237.625,600.0,67.66666666666667,,,,,,,,352.631561128158,0.3974649443484599,0.0,0.0,0.0,0.0,0.0,0.0,,0.16666666666666666,0,0,0.0,0.0,0.0,0.0,0.0,0.0,185.01,0.0,0.0,0.0,0.0,,,,,-0.128249319366478,0.9917419584156129,-0.128249319366478,0.9917419584156129,-0.3245545638325858,1.8435154768045308,99.0,139.0,,,0.0,6,0.0,0.0,0.7310555555555555,0.0,-0.0,25.975,0.7875000000000014,52,2,2023,326
2024-02-22,0.0,0.6,0,0.0,11.8,20.4,16.662499999999998,22.8,12.8375,-9.885011122075062,7.73744931873764,67.875,296.4583333333333,600.0,18.208333333333332,,,,,,,,309.8745723933492,0.9792583350097974,0.0,0.0,0.0,0.0,0.0,0.0,,0.75,0,0,0.0,0.0,0.0,0.0,0.0,0.0,185.01,0.0,0.0,0.0,0.0,,,,,-0.7674497486900355,0.6411091040030561,-0.7674497486900355,0.6411091040030561,-6.709451299108448,5.251793725093173,100.0,140.0,,,0.0,6,0.0,0.0,0.7572222222222221,0.0,-0.0,77.025,1.6291666666666647,53,2,2023,327
2024-02-23,0.0,2.6,0,0.0,8.5,19.0,15.916666666666666,30.8,18.845833333333335,-12.320179690652553,9.894798476265898,67.75,272.875,600.0,44.291666666666664,,,,,,,,303.4997330059849,0.5510047067640048,0.0,0.0,0.0,0.0,0.0,0.0,,0.2916666666666667,0,0,0.0,0.0,0.0,0.0,0.0,0.0,185.01,0.0,0.0,0.0,0.0,,,,,-0.8338883940428754,0.5519330994609711,-0.8338883940428754,0.5519330994609711,-8.346921740417105,6.703725967670145,101.0,141.0,,,0.0,6,0.0,0.0,0.7410833333333334,0.0,-0.0,113.07500000000002,-0.7458333333333318,54,2,2023,328
2024-02-24,0.0,0.0,0,0.0,7.4,19.4,12.916666666666666,9.7,5.483333333333333,3.35081431803969,-0.42379188088921876,72.08333333333333,327.875,600.0,28.708333333333332,,,,,,,,88.89217292941169,0.5204167166764262,0.0,0.0,0.0,0.0,0.0,0.0,,0.6666666666666666,0,0,0.0,0.0,0.0,0.0,0.0,0.0,185.01,0.0,0.0,0.0,0.0,,,,,0.9998130802653383,0.019334025197461167,0.9998130802653383,0.019334025197461167,2.4153786542536095,-0.3054833141409785,102.0,142.0,,,0.0,6,0.0,0.0,0.7921944444444445,0.0,-0.0,32.9,-3.0,55,2,2023,329
2024-02-25,0.0,0.0,0,0.0,9.6,21.1,15.141666666666666,12.6,10.85,-8.311744187675146,6.596706940200355,62.25,326.4166666666667,600.0,28.875,,,,,,,,309.48266787095895,0.9746876115889899,0.0,0.0,0.0,0.0,0.0,0.0,,0.5,0,0,0.0,0.0,0.0,0.0,0.0,0.0,185.01,0.0,0.0,0.0,0.0,,,,,-0.7718169634705034,0.6358447726443708,-0.7718169634705034,0.6358447726443708,-5.174060756827778,4.106450070274721,103.0,143.0,,,0.0,6,0.0,0.0,0.7584444444444444,0.0,-0.0,65.1,2.2249999999999996,56,2,2023,330
2024-02-26,0.0,0.1,0,0.0,11.1,22.0,15.833333333333334,11.5,8.691666666666666,-1.7185917822483134,1.4716476870983486,67.33333333333333,289.0833333333333,600.0,86.95833333333333,,,,,,,,291.29695939767697,0.2977467374399914,0.0,0.0,0.0,0.0,0.0,0.0,,0.0,0,0,0.0,0.0,0.0,0.0,0.0,0.0,185.01,0.0,0.0,0.0,0.0,,,,,-0.9317105034794301,0.36320178648529106,-0.9317105034794301,0.36320178648529106,-1.157185133380531,0.9909094426462214,104.0,144.0,,,0.0,6,0.0,0.0,0.7505000000000001,0.0,-0.0,52.15,0.6916666666666682,57,2,2023,331
2024-02-27,0.0,0.0,0,0.0,11.3,20.8,15.7875,15.0,9.891666666666667,-5.637376547770373,5.688316670922419,66.375,309.0,600.0,25.958333333333332,,,,,,,,321.56619585518547,0.7866157913477579,0.0,0.0,0.0,0.0,0.0,0.0,,0.7083333333333334,0,0,0.0,0.0,0.0,0.0,0.0,0.0,185.01,0.0,0.0,0.0,0.0,,,,,-0.6216100462890504,0.7833268477158973,-0.6216100462890504,0.7833268477158973,-3.741808683582585,3.775620190324756,105.0,145.0,,,0.0,6,0.0,0.0,0.7605833333333333,0.0,-0.0,59.35000000000001,-0.04583333333333428,58,2,2023,332
2024-02-28,0.0,0.0,0,0.0,13.1,22.9,18.395833333333332,16.7,11.795833333333334,-8.379450615180033,7.922858562036471,64.41666666666667,289.9166666666667,600.0,49.583333333333336,,,,,,,,315.5531621223186,0.9778965347368905,0.0,0.0,0.0,0.0,0.0,0.0,,0.5,0,0,0.0,0.0,0.0,0.0,0.0,0.0,185.01,0.0,0.0,0.0,0.0,,,,,-0.7002471703503523,0.7139004835523819,-0.7002471703503523,0.7139004835523819,-5.3977627712784715,5.103641390378494,106.0,146.0,,,0.0,6,0.0,0.0,0.7413333333333334,0.0,-0.0,70.775,2.6083333333333325,59,2,2023,333
2024-02-29,0.0,0.0,0,0.0,15.4,24.1,20.333333333333332,32.4,19.979166666666668,-16.24099383073487,11.207794737396137,55.458333333333336,265.8333333333333,600.0,69.25,,,,,,,,305.95685262310707,0.9839900114193523,0.0,0.0,0.0,0.0,0.0,0.0,,0.16666666666666666,0,0,0.0,0.0,0.0,0.0,0.0,0.0,185.01,0.0,0.0,0.0,0.0,,,,,-0.8094594047243218,0.5871758442777996,-0.8094594047243218,0.5871758442777996,-9.006984495295047,6.215656164780942,107.0,147.0,,,0.0,6,0.0,0.0,0.6954166666666667,0.0,-0.0,119.875,1.9375,60,2,2023,334
2024-03-01,0.0,0.0,0,0.0,14.1,22.3,17.2375,27.4,17.704166666666666,-15.29794243859213,8.389968458924443,62.875,283.125,600.0,77.125,,,,,,,,301.17218178846457,0.9853915145105503,0.0,0.0,0.0,0.0,0.0,0.0,,0.08333333333333333,0,0,0.0,0.0,0.0,0.0,0.0,0.0,185.01,0.0,0.0,0.0,0.0,,,,,-0.8556156714876442,0.5176116524043366,-0.8556156714876442,0.5176116524043366,-9.618581308264801,5.275192668548743,108.0,148.0,,,0.0,6,0.0,0.0,0.7316666666666668,0.0,-0.0,106.225,-3.0958333333333314,61,3,2023,335
2024-03-02,0.0,0.0,0,0.0,10.4,20.1,14.883333333333333,14.3,8.833333333333334,-4.0144771938063135,2.9678844681090166,69.29166666666667,237.625,600.0,54.375,,,,,,,,301.7722979088227,0.4745412700913226,0.0,0.0,0.0,0.0,0.0,0.0,,0.375,0,0,0.0,0.0,0.0,0.0,0.0,0.0,185.01,0.0,0.0,0.0,0.0,,,,,-0.8501473729200063,0.5265448170072626,-0.8501473729200063,0.5265448170072626,-2.781698155541625,2.0564966126938726,109.0,149.0,,,0.0,6,0.0,0.0,0.7227222222222222,0.0,-0.0,53.0,-2.354166666666668,62,3,2023,336
2024-03-03,0.0,0.0,0,0.0,6.2,18.4,12.325000000000001,19.3,12.620833333333332,-8.858101434256406,2.6171560023384406,66.16666666666667,301.8333333333333,600.0,22.166666666666668,,,,,,,,278.37311826515327,0.5670412904502969,0.0,0.0,0.0,0.0,0.0,0.0,,0.7083333333333334,0,0,0.0,0.0,0.0,0.0,0.0,0.0,185.01,0.0,0.0,0.0,0.0,,,,,-0.989340762551741,0.14561887087029546,-0.989340762551741,0.14561887087029546,-5.861110448999656,1.731684888213935,110.0,150.0,,,0.0,6,0.0,0.0,0.7551111111111112,0.0,-0.0,75.725,-2.558333333333332,63,3,2023,337
2024-03-04,0.0,0.0,0,0.0,2.5,18.6,10.25,10.4,6.066666666666666,4.158501020273683,-0.6914993922144604,65.20833333333333,310.7083333333333,600.0,12.208333333333334,,,,,,,,105.34043375461296,0.6465315048811788,0.0,0.0,0.0,0.0,0.0,0.0,,0.7916666666666666,0,0,0.0,0.0,0.0,0.0,0.0,0.0,185.01,0.0,0.0,0.0,0.0,,,,,0.9643709625131022,-0.26455367444349165,0.9643709625131022,-0.26455367444349165,2.711689206970131,-0.4509152286731794,111.0,151.0,,,0.0,6,0.0,0.0,0.7578333333333332,0.0,-0.0,36.4,-2.075000000000001,64,3,2023,338
2024-03-05,0.0,0.0,0,0.0,7.5,20.3,14.458333333333334,12.0,10.054166666666667,-7.55283818482668,5.960380898681497,54.166666666666664,300.5,600.0,41.25,,,,,,,,308.93629694911994,0.9548362140459815,0.0,0.0,0.0,0.0,0.0,0.0,,0.375,0,0,0.0,0.0,0.0,0.0,0.0,0.0,185.01,0.0,0.0,0.0,0.0,,,,,-0.77784517699397,0.6284559496314913,-0.77784517699397,0.6284559496314913,-4.091120683447785,3.2285396534524775,112.0,152.0,,,0.0,6,0.0,0.0,0.7142222222222222,0.0,-0.0,60.325,4.208333333333334,65,3,2023,339
2024-03-06,0.0,0.0,0,0.0,11.4,19.9,15.579166666666666,20.5,11.079166666666666,-8.287373051006485,6.672709558678776,60.958333333333336,216.375,600.0,56.5,,,,,,,,313.949743375853,0.9585627222315981,0.0,0.0,0.0,0.0,0.0,0.0,,0.375,0,0,0.0,0.0,0.0,0.0,0.0,0.0,185.01,0.0,0.0,0.0,0.0,,,,,-0.7199488386550581,0.6940271390365316,-0.7199488386550581,0.6940271390365316,-5.05184448900937,4.067572535144604,113.0,153.0,,,0.0,6,0.0,0.0,0.6807777777777778,0.0,-0.0,66.475,1.1208333333333318,66,3,2023,340
2024-03-07,0.0,0.2,0,0.0,12.0,23.0,17.054166666666667,11.7,5.508333333333333,2.141140950389128,1.8128951745817845,60.333333333333336,262.9583333333333,600.0,30.166666666666668,,,,,,,,21.856998811983,0.3977627041241504,0.0,0.0,0.0,0.0,0.0,0.0,,0.5416666666666666,0,0,0.0,0.0,0.0,0.0,0.0,0.0,185.01,0.0,0.0,0.0,0.0,,,,,0.37229132506185564,0.9281159244855611,0.37229132506185564,0.9281159244855611,1.291821706734774,1.0937800886643434,114.0,154.0,,,0.0,6,0.0,0.0,0.70975,0.0,-0.0,33.05,1.4750000000000014,67,3,2023,341
2024-03-08,0.0,0.8,0,0.0,12.3,21.5,17.291666666666668,12.9,7.833333333333333,-4.517326261631915,4.874027798863527,69.125,258.6666666666667,600.0,27.208333333333332,,,,,,,,315.7747831439919,0.8746265641815479,0.0,0.0,0.0,0.0,0.0,0.0,,0.4166666666666667,0,0,0.0,0.0,0.0,0.0,0.0,0.0,185.01,0.0,0.0,0.0,0.0,,,,,-0.6974805599865783,0.7166037038983325,-0.6974805599865783,0.7166037038983325,-3.1226017783530615,3.3691717159644132,115.0,155.0,,,0.0,6,0.0,0.0,0.7361944444444445,0.0,-0.0,47.0,0.2375000000000007,68,3,2023,342
2024-03-09,0.0,0.0,0,0.0,14.0,22.8,17.945833333333333,10.3,7.1875,-5.098070939921523,4.585461027577235,63.5,228.75,600.0,23.833333333333332,,,,,,,,313.94813573755107,0.9510340418047701,0.0,0.0,0.0,0.0,0.0,0.0,,0.5,0,0,0.0,0.0,0.0,0.0,0.0,0.0,185.01,0.0,0.0,0.0,0.0,,,,,-0.7199683117887318,0.694006938020135,-0.7199683117887318,0.694006938020135,-3.2372750468501668,2.9117677525115444,116.0,156.0,,,0.0,6,0.0,0.0,0.6975000000000001,0.0,-0.0,43.125,0.654166666666665,69,3,2023,343
2024-03-10,0.0,0.0,0,0.0,13.2,25.3,18.8625,10.1,5.483333333333333,0.6803220741060508,1.896659098327875,52.958333333333336,265.0416666666667,600.0,20.166666666666668,,,,,,,,357.323819401396,0.3440025978634771,0.0,0.0,0.0,0.0,0.0,0.0,,0.6666666666666666,0,0,0.0,0.0,0.0,0.0,0.0,0.0,185.01,0.0,0.0,0.0,0.0,,,,,-0.04669118117964143,0.9989093720653791,-0.04669118117964143,0.9989093720653791,0.3602872317453294,1.0044390474894704,117.0,157.0,,,0.0,6,0.0,0.0,0.6865555555555556,0.0,-0.0,32.9,0.9166666666666679,70,3,2023,344
2024-03-11,0.0,0.0,0,0.0,13.7,23.7,17.870833333333334,10.2,6.695833333333333,-4.882666059176885,3.7171088521702753,51.75,237.66666666666666,600.0,92.79166666666667,,,,,,,,308.93618601544733,0.9007879963942717,0.0,0.0,0.0,0.0,0.0,0.0,,0.0,0,0,0.0,0.0,0.0,0.0,0.0,0.0,185.01,0.0,0.0,0.0,0.0,,,,,-0.777846393782425,0.6284544435992767,-0.777846393782425,0.6284544435992767,-2.526779685624038,1.9236038309981174,118.0,158.0,,,0.0,6,0.0,0.0,0.6642777777777779,0.0,-0.0,40.175,-0.9916666666666671,71,3,2023,345
2024-03-12,0.0,0.30000000000000004,0,0.0,13.1,22.6,17.4375,10.9,8.091666666666667,-4.5168128583417735,2.8085059527647283,63.791666666666664,216.58333333333334,600.0,80.125,,,,,,,,298.6745262158979,0.5505156135905638,0.0,0.0,0.0,0.0,0.0,0.0,,0.08333333333333333,0,0,0.0,0.0,0.0,0.0,0.0,0.0,185.01,0.0,0.0,0.0,0.0,,,,,-0.8773595850475642,0.4798334695758166,-0.8773595850475642,0.4798334695758166,-2.881350202550523,1.7915927557011662,119.0,159.0,,,0.0,6,0.0,0.0,0.6903611111111111,0.0,-0.0,48.55,-0.43333333333333357,72,3,2023,346
2024-03-13,0.0,1.4,0,0.0,14.5,20.4,16.8,18.3,10.770833333333334,-8.060303429651357,6.40750210745523,65.0,136.08333333333334,600.0,88.75,,,,,,,,312.03938350771466,0.9516389699540884,0.0,0.0,0.0,0.0,0.0,0.0,,0.041666666666666664,0,0,0.0,0.0,0.0,0.0,0.0,0.0,185.01,0.0,0.0,0.0,0.0,,,,,-0.7426847083897852,0.669641265099441,-0.7426847083897852,0.669641265099441,-5.239197229273383,4.164876369845899,120.0,160.0,,,0.0,6,0.0,0.0,0.6407222222222222,0.0,-0.0,64.625,-0.6374999999999993,73,3,2023,347
2024-03-14,0.0,9.0,0,0.0,9.3,16.7,13.4,13.5,10.245833333333334,-0.31841407072805644,-1.0113430915665522,86.91666666666667,101.29166666666667,405.0,92.08333333333333,,,,,,,,209.52228308234493,0.18503948587213304,0.0,0.0,0.0,0.0,0.0,0.0,,0.041666666666666664,0,0,0.0,0.0,0.0,0.0,0.0,0.0,185.01,0.0,0.0,0.0,0.0,,,,,-0.49276201563372385,-0.8701641201225144,-0.49276201563372385,-0.8701641201225144,-0.27675489647446905,-0.8790257037532616,121.0,161.0,,,0.0,6,0.0,0.0,0.6905833333333334,0.0,-0.0,61.475,-3.4000000000000004,74,3,2023,348
2024-03-15,0.0,0.2,0,0.0,6.9,14.4,10.070833333333333,13.6,11.1,10.500663640870782,2.304116569491045,85.125,197.0,600.0,62.458333333333336,,,,,,,,76.7397945997863,0.9647430171625692,0.0,0.0,0.0,0.0,0.0,0.0,,0.125,0,0,0.0,0.0,0.0,0.0,0.0,0.0,185.01,0.0,0.0,0.0,0.0,,,,,0.973338418342506,0.22937376349205407,0.973338418342506,0.22937376349205407,8.938689924291253,1.961379229779252,122.0,162.0,,,0.0,6,0.0,0.0,0.7350833333333333,0.0,-0.0,66.6,-3.3291666666666675,75,3,2023,349
2024-03-16,0.0,0.0,0,0.0,4.2,18.0,11.033333333333333,9.8,6.320833333333333,1.5321943619416223,4.491556434944942,63.958333333333336,266.625,600.0,18.208333333333332,,,,,,,,14.21942601818476,0.5938972796026392,0.0,0.0,0.0,0.0,0.0,0.0,,0.7083333333333334,0,0,0.0,0.0,0.0,0.0,0.0,0.0,185.01,0.0,0.0,0.0,0.0,,,,,0.24563606025857385,0.9693621232030093,0.24563606025857385,0.9693621232030093,0.9799659773251627,2.8727246365168697,123.0,163.0,,,0.0,6,0.0,0.0,0.7242777777777777,0.0,-0.0,37.925,0.9625000000000004,76,3,2023,350
2024-03-17,0.0,12.0,0,0.0,7.7,14.5,10.775,11.3,5.833333333333333,3.297102519451568,3.964921474176067,81.5,144.33333333333334,475.0,65.25,,,,,,,,30.606490648718896,0.8363423054671775,0.0,0.0,0.0,0.0,0.0,0.0,,0.25,0,0,0.0,0.0,0.0,0.0,0.0,0.0,185.01,0.0,0.0,0.0,0.0,,,,,0.5091389200870966,0.8606843556452883,0.5091389200870966,0.8606843556452883,2.6871385533530283,3.2314110014534947,124.0,164.0,,,0.0,6,0.0,0.0,0.690111111111111,0.0,-0.0,35.0,-0.25833333333333286,77,3,2023,351
2024-03-18,0.0,2.1,0,0.0,9.0,16.5,12.104166666666666,12.8,9.575000000000001,6.682564860042203,6.236398948443544,90.29166666666667,169.54166666666666,600.0,84.45833333333333,,,,,,,,47.157788572077585,0.95344382093222,0.0,0.0,0.0,0.0,0.0,0.0,,0.0,0,0,0.0,0.0,0.0,0.0,0.0,0.0,185.01,0.0,0.0,0.0,0.0,,,,,0.7332291017209034,0.6799816794514078,0.7332291017209034,0.6799816794514078,6.033799188213107,5.630948550532151,125.0,165.0,,,0.0,6,0.0,0.0,0.7473333333333333,0.0,-0.0,57.45,1.3291666666666657,78,3,2023,352
2024-03-19,0.0,2.7,0,0.0,10.8,19.5,14.887500000000001,20.1,12.512500000000001,-8.161290940050678,9.28486708138489,71.95833333333333,251.41666666666666,600.0,32.75,,,,,,,,320.6399132405475,0.9870628865171183,0.0,0.0,0.0,0.0,0.0,0.0,,0.5416666666666666,0,0,0.0,0.0,0.0,0.0,0.0,0.0,185.01,0.0,0.0,0.0,0.0,,,,,-0.6341920595347953,0.7731755503267125,-0.6341920595347953,0.7731755503267125,-5.8727289389448005,6.681235603979877,126.0,166.0,,,0.0,6,0.0,0.0,0.7408055555555556,0.0,-0.0,75.075,2.783333333333335,79,3,2023,353
2024-03-20,0.0,8.7,0,0.0,1.1,13.8,9.4375,14.5,11.208333333333334,-5.858906036909175,1.477247240510054,90.375,168.95833333333334,600.0,69.83333333333333,,,,,,,,275.1643507633075,0.42471843411186405,0.0,0.0,0.0,0.0,0.0,0.0,,0.25,0,0,0.0,0.0,0.0,0.0,0.0,0.0,185.01,0.0,0.0,0.0,0.0,,,,,-0.9959405971239644,0.09001292685143117,-0.9959405971239644,0.09001292685143117,-5.294986330856667,1.3350621936109612,127.0,167.0,,,0.0,6,0.0,0.0,0.7205555555555557,0.0,-0.0,67.25,-5.450000000000001,80,3,2023,354
2024-03-21,0.0,0.0,0,0.0,0.2,15.0,7.6000000000000005,8.8,4.841666666666667,2.077763331763128,0.6808225132844575,66.83333333333333,269.75,600.0,1.1666666666666667,,,,,,,,70.43925957333998,0.29845221552120854,0.0,0.0,0.0,0.0,0.0,0.0,,1.0,0,0,0.0,0.0,0.0,0.0,0.0,0.0,185.01,0.0,0.0,0.0,0.0,,,,,0.9422870859896,0.3348059849782083,0.9422870859896,0.3348059849782083,1.388638493395024,0.45501637971177905,128.0,168.0,,,0.0,6,0.0,0.0,0.7359444444444444,0.0,-0.0,29.05,-1.8374999999999995,81,3,2023,355
2024-03-22,0.0,0.0,0,0.0,5.4,16.5,10.458333333333334,9.8,5.3625,-2.9869703201617295,1.6251831007310837,57.25,269.6666666666667,600.0,15.208333333333334,,,,,,,,304.8987871807281,0.589156471001011,0.0,0.0,0.0,0.0,0.0,0.0,,0.8333333333333334,0,0,0.0,0.0,0.0,0.0,0.0,0.0,185.01,0.0,0.0,0.0,0.0,,,,,-0.820163986696241,0.5721285125970635,-0.820163986696241,0.5721285125970635,-1.71004050829259,0.9304173251685454,129.0,169.0,,,0.0,6,0.0,0.0,0.7039444444444444,0.0,-0.0,32.175,2.8583333333333334,82,3,2023,356
2024-03-23,0.0,0.1,0,0.0,6.9,16.1,10.283333333333333,10.3,5.2124999999999995,0.05062903907802444,0.7102989443174114,75.45833333333333,236.125,600.0,42.5,,,,,,,,41.104725211799455,0.2551004525788797,0.0,0.0,0.0,0.0,0.0,0.0,,0.3333333333333333,0,0,0.0,0.0,0.0,0.0,0.0,0.0,185.01,0.0,0.0,0.0,0.0,,,,,0.6574373903110686,0.753509175671386,0.6574373903110686,0.753509175671386,0.038203829070959275,0.53597974506618,130.0,170.0,,,0.0,6,0.0,0.0,0.7422777777777778,0.0,-0.0,31.275,-0.1750000000000007,83,3,2023,357
2024-03-24,0.0,0.0,0,0.0,6.0,15.4,9.833333333333334,14.0,11.525,-8.731087488344915,7.094818743971668,67.58333333333333,262.2083333333333,600.0,4.666666666666667,,,,,,,,309.3772126839169,0.974324427272353,0.0,0.0,0.0,0.0,0.0,0.0,,0.9583333333333334,0,0,0.0,0.0,0.0,0.0,0.0,0.0,185.01,0.0,0.0,0.0,0.0,,,,,-0.7729859533933565,0.6344231362872603,-0.7729859533933565,0.6344231362872603,-5.900759960873105,4.794915001134186,131.0,171.0,,,0.0,6,0.0,0.0,0.7334166666666667,0.0,-0.0,69.15,-0.4499999999999993,84,3,2023,358
2024-03-25,0.0,0.0,0,0.0,7.1,16.2,10.833333333333334,15.1,12.808333333333332,-10.075495818753092,7.513020464200786,56.833333333333336,261.7916666666667,600.0,0.041666666666666664,,,,,,,,307.46036800173067,0.9807872640656182,0.0,0.0,0.0,0.0,0.0,0.0,,1.0,0,0,0.0,0.0,0.0,0.0,0.0,0.0,185.01,0.0,0.0,0.0,0.0,,,,,-0.793774236136719,0.6082125138843891,-0.793774236136719,0.6082125138843891,-5.726240123658008,4.26989996382078,132.0,172.0,,,0.0,6,0.0,0.0,0.6973055555555555,0.0,-0.0,76.85,1.0,85,3,2023,359
2024-03-26,0.0,0.0,0,0.0,8.2,17.5,12.1,14.3,10.5875,-8.154006699466128,5.98713770221251,50.75,253.33333333333334,600.0,6.875,,,,,,,,311.87488996256593,0.932660229559254,0.0,0.0,0.0,0.0,0.0,0.0,,0.8333333333333334,0,0,0.0,0.0,0.0,0.0,0.0,0.0,185.01,0.0,0.0,0.0,0.0,,,,,-0.7446041542499016,0.6675062947072401,-0.7446041542499016,0.6675062947072401,-4.13815839997906,3.038472383872849,133.0,173.0,,,0.0,6,0.0,0.0,0.6713888888888889,0.0,-0.0,63.525000000000006,1.2666666666666657,86,3,2023,360
2024-03-27,0.0,0.0,0,0.0,7.7,18.2,12.112499999999999,12.2,5.7250000000000005,-3.3385528939050637,2.907495369522287,48.916666666666664,253.29166666666666,600.0,0.0,,,,,,,,319.4999487755806,0.7285588601545853,0.0,0.0,0.0,0.0,0.0,0.0,,1.0,0,0,0.0,0.0,0.0,0.0,0.0,0.0,185.01,0.0,0.0,0.0,0.0,,,,,-0.6494487281593011,0.7604053849705867,-0.6494487281593011,0.7604053849705867,-1.6331087906018937,1.4222498182579852,134.0,174.0,,,0.0,6,0.0,0.0,0.66525,0.0,-0.0,34.35,0.01249999999999929,87,3,2023,361
2024-03-28,0.0,0.0,0,0.0,7.3,18.3,12.237499999999999,9.8,5.8625,-2.2678175927900566,3.011381163396429,53.75,253.66666666666666,600.0,0.7083333333333334,,,,,,,,329.9518524737121,0.5403432996435547,0.0,0.0,0.0,0.0,0.0,0.0,,1.0,0,0,0.0,0.0,0.0,0.0,0.0,0.0,185.01,0.0,0.0,0.0,0.0,,,,,-0.500727572979284,0.8656049316277465,-0.500727572979284,0.8656049316277465,-1.2189519561246553,1.6186173753255806,135.0,175.0,,,0.0,6,0.0,0.0,0.6816111111111112,0.0,-0.0,35.175,0.125,88,3,2023,362
2024-03-29,0.0,0.0,0,0.0,8.5,19.0,13.637500000000001,11.0,7.2,-5.516957846392587,3.821969596292868,55.541666666666664,248.58333333333334,600.0,0.125,,,,,,,,308.451366696906,0.9230607280734114,0.0,0.0,0.0,0.0,0.0,0.0,,1.0,0,0,0.0,0.0,0.0,0.0,0.0,0.0,185.01,0.0,0.0,0.0,0.0,,,,,-0.7831362722982722,0.6218501258428485,-0.7831362722982722,0.6218501258428485,-3.0642103371838822,2.1227856132743304,136.0,176.0,,,0.0,6,0.0,0.0,0.6841944444444445,0.0,-0.0,43.2,1.4000000000000021,89,3,2023,363
2024-03-30,0.0,0.0,0,0.0,10.5,19.9,14.429166666666667,13.8,7.7749999999999995,-5.660077284184539,1.735179531376908,62.25,227.79166666666666,600.0,9.041666666666666,,,,,,,,299.1779597710572,0.7030184706529572,0.0,0.0,0.0,0.0,0.0,0.0,,0.8333333333333334,0,0,0.0,0.0,0.0,0.0,0.0,0.0,185.01,0.0,0.0,0.0,0.0,,,,,-0.8731096798812276,0.4875238321330561,-0.8731096798812276,0.4875238321330561,-3.5233981094048756,1.0801492582821253,137.0,177.0,,,0.0,6,0.0,0.0,0.6926944444444444,0.0,-0.0,46.65,0.7916666666666661,90,3,2023,364
2024-03-31,0.0,0.0,0,0.0,11.1,19.3,14.970833333333333,15.9,8.408333333333333,-6.309783092647809,3.1015605729769375,58.333333333333336,241.33333333333334,600.0,1.875,,,,,,,,307.0489789426759,0.7056575315642262,0.0,0.0,0.0,0.0,0.0,0.0,,1.0,0,0,0.0,0.0,0.0,0.0,0.0,0.0,185.01,0.0,0.0,0.0,0.0,,,,,-0.7981207604557279,0.6024975118036344,-0.7981207604557279,0.6024975118036344,-3.680706804044555,1.8092436675698804,138.0,178.0,,,0.0,6,0.0,0.0,0.6886666666666668,0.0,-0.0,50.45,0.5416666666666661,91,3,2023,365
2024-04-01,0.0,0.0,0,0.0,10.1,20.3,14.720833333333333,14.0,7.237500000000001,-4.653964411981751,4.490899738784207,48.458333333333336,217.0,600.0,57.541666666666664,,,,,,,,313.5783167539158,0.8891858358213973,0.0,0.0,0.0,0.0,0.0,0.0,,0.25,0,0,0.0,0.0,0.0,0.0,0.0,0.0,0.0,0.0,0.0,0.0,0.0,,,,,-0.7244327919772434,0.6893454358360952,-0.7244327919772434,0.6893454358360952,-2.2552335879728234,2.1762151650858472,139.0,179.0,,,0.0,0,0.0,0.0,0.6395277777777778,0.0,-0.0,0.0,-0.25,92,4,2024,0
2024-04-02,0.0,9.6,0,0.0,6.5,14.2,9.5625,29.1,19.5125,-15.476114969628382,11.109473984417884,85.04166666666667,106.70833333333333,520.0,97.33333333333333,,,,,,,,305.63936217653924,0.9762573368534425,0.0,0.0,0.0,0.0,0.0,0.0,,0.0,0,0,0.0,0.0,0.0,0.0,0.0,0.0,0.0,0.0,0.0,0.0,0.0,,,,,-0.8127006509627519,0.5826814326239675,-0.8127006509627519,0.5826814326239675,-13.161146105421471,9.447681834248709,140.0,180.0,,,0.0,1,0.0,0.0,0.6701666666666667,0.0,-0.0,19.5125,-5.158333333333333,93,4,2024,1
2024-04-03,0.0,0.6000000000000001,0,0.0,5.2,12.9,8.708333333333334,13.3,8.520833333333334,-4.731042134271873,3.0879116889619005,83.5,208.20833333333334,600.0,72.5,,,,,,,,297.47879944659195,0.5281416392710001,0.0,0.0,0.0,0.0,0.0,0.0,,0.125,0,0,0.0,0.0,0.0,0.0,0.0,0.0,0.0,0.0,0.0,0.0,0.0,,,,,-0.8871816284246697,0.4614203703628083,-0.8871816284246697,0.4614203703628083,-3.950420182117014,2.5784062602831868,141.0,181.0,,,0.0,2,0.0,0.0,0.7038055555555557,0.0,-0.0,17.041666666666668,-0.8541666666666661,94,4,2024,2
2024-04-04,0.0,1.5,0,0.0,6.6,15.8,9.85,10.2,7.5125,6.42963423284479,2.4358665859672244,83.45833333333333,170.16666666666666,600.0,88.79166666666667,,,,,,,,69.83679979424105,0.9175490341701397,0.0,0.0,0.0,0.0,0.0,0.0,,0.0,0,0,0.0,0.0,0.0,0.0,0.0,0.0,0.0,0.0,0.0,0.0,0.0,,,,,0.9387146064599262,0.34469535479722657,0.9387146064599262,0.34469535479722657,5.366065570161713,2.0329336548718127,142.0,182.0,,,0.0,3,0.0,0.0,0.7249722222222221,0.0,-0.0,22.5375,1.1416666666666657,95,4,2024,3
2024-04-05,0.0,6.3,0,0.0,7.3,11.4,8.7125,16.4,11.845833333333333,11.238623409367277,0.26482835568878665,94.95833333333333,110.16666666666667,492.0,100.0,,,,,,,,84.13721197915038,0.9428932946279157,0.0,0.0,0.0,0.0,0.0,0.0,,0.0,0,0,0.0,0.0,0.0,0.0,0.0,0.0,0.0,0.0,0.0,0.0,0.0,,,,,0.9947693681519993,0.1021464839652941,0.9947693681519993,0.1021464839652941,10.672009479145009,0.25147659275614365,143.0,183.0,,,0.0,4,0.0,0.0,0.6433055555555556,0.0,-0.0,47.38333333333333,-1.1374999999999993,96,4,2024,4
2024-04-06,0.0,41.9,0,0.0,6.6,10.1,8.604166666666666,25.9,14.395833333333334,10.598538880191487,-2.825032592769798,100.0,36.333333333333336,142.0,99.625,,,,,,,,108.65749261568804,0.4831022777417661,0.0,0.0,0.0,0.0,0.0,0.0,,0.0,0,0,0.0,0.0,0.0,0.0,0.0,0.0,0.0,0.0,0.0,0.0,0.0,,,,,0.9474478778428795,-0.3199101729720767,0.9474478778428795,-0.3199101729720767,10.598538880191489,-2.825032592769798,144.0,184.0,,,0.0,5,0.0,0.0,0.582,0.0,-0.0,71.97916666666667,-0.10833333333333428,97,4,2024,5
2024-04-07,0.0,8.7,0,0.0,7.2,12.4,9.475,10.6,8.645833333333334,-6.222654385744755,5.885320492914258,95.5,127.375,524.0,86.875,,,,,,,,313.2793929366163,0.9903539768017648,0.0,0.0,0.0,0.0,0.0,0.0,,0.0,0,0,0.0,0.0,0.0,0.0,0.0,0.0,0.0,0.0,0.0,0.0,0.0,,,,,-0.7280193727677556,0.6855565570212597,-0.7280193727677556,0.6855565570212597,-5.942634938386241,5.620481070733116,145.0,185.0,,,0.0,6,0.0,0.0,0.6788055555555556,0.0,-0.0,51.875,0.8708333333333336,98,4,2024,6
2024-04-08,0.0,0.9,0,0.0,6.4,12.1,8.833333333333334,14.7,10.725,-8.314663802957925,6.59550784391935,89.95833333333333,177.66666666666666,600.0,80.58333333333333,,,,,,,,309.4102161922582,0.9899567326303117,0.0,0.0,0.0,0.0,0.0,0.0,,0.0,0,0,0.0,0.0,0.0,0.0,0.0,0.0,0.0,0.0,0.0,0.0,0.0,,,,,-0.7726203848334477,0.6348682862923736,-0.7726203848334477,0.6348682862923736,-7.4797329794109,5.933208931259116,146.0,186.0,,,0.0,6,0.0,0.0,0.6871944444444443,0.0,-0.0,64.35,-0.6416666666666657,99,4,2024,7
2024-04-09,3.36,9.0,11,1.26,0.9,7.0,3.391666666666667,18.1,11.066666666666668,-0.37245238516162765,-8.231848759862231,94.875,95.375,438.0,99.04166666666667,,,,,,,,188.9825436607025,0.650726240570223,2.5999999999999996,13.045454545454545,18.1,91.36363636363636,1.5374735635397803,-12.893977827878455,173.27085878736474,0.0,0,6,3.36,3.36,3.36,3.36,3.36,0.0,3.36,0.0,0.0,0.0,0.0,,,,,-0.15613353818895956,-0.9877359557354368,0.11717585861894407,-0.9931111811659927,-0.35336420042209427,-7.809966510919292,0.0,187.0,1.0,1.0,60.816,0,0.520236818181818,3.36,0.5353888888888889,43.83272727272727,0.0,0.0,-5.441666666666666,100,4,2024,8
2024-04-10,0.0,0.0,0,0.0,0.4,12.1,5.2875000000000005,11.7,7.729166666666667,-1.7374493078781168,-5.424225339984982,86.25,182.83333333333334,600.0,48.666666666666664,,,,,,,,201.22022492874473,0.7204425871458159,0.0,0.0,0.0,0.0,0.0,0.0,,0.2916666666666667,0,0,3.36,3.36,3.36,3.36,3.36,0.0,3.36,0.0,0.0,0.0,0.0,,,,,-0.3619536500135425,-0.9321960926982444,-0.3619536500135425,-0.9321960926982444,-1.4985500280448758,-4.678394355737047,1.0,188.0,0.0,1.0,0.0,1,0.0,1.68,0.6782777777777778,0.0,-0.0,7.729166666666667,1.8958333333333335,101,4,2024,9
2024-04-11,0.0,0.0,0,0.0,1.7,13.5,7.195833333333333,6.8,4.629166666666666,0.4782464629553375,-0.2949441544309254,73.58333333333333,214.29166666666666,600.0,13.166666666666666,,,,,,,,124.57549405946045,0.16625307538213535,0.0,0.0,0.0,0.0,0.0,0.0,,0.7916666666666666,0,0,0.0,3.36,3.36,3.36,3.36,0.0,3.36,0.0,0.0,0.0,0.0,,,,,0.8233791653150617,-0.5674916300044189,0.8233791653150617,-0.5674916300044189,0.3519096889913025,-0.21702974030208927,2.0,189.0,0.0,1.0,0.0,2,0.0,1.1199999999999999,0.688138888888889,0.0,-0.0,9.258333333333333,1.9083333333333323,102,4,2024,10
2024-04-12,0.0,0.0,0,0.0,3.2,12.9,7.279166666666666,11.5,7.870833333333334,-5.338146039007019,5.250127622963546,70.79166666666667,206.58333333333334,600.0,6.291666666666667,,,,,,,,318.57742991350887,0.9445950210808307,0.0,0.0,0.0,0.0,0.0,0.0,,0.8333333333333334,0,0,0.0,0.0,3.36,3.36,3.36,0.0,3.36,0.0,0.0,0.0,0.0,,,,,-0.6616072995006484,0.7498505059326555,-0.6616072995006484,0.7498505059326555,-3.7789625501137194,3.7166528464229436,3.0,190.0,,0.0,0.0,3,0.0,0.0,0.6603611111111111,0.0,-0.0,23.6125,0.08333333333333304,103,4,2024,11
2024-04-13,0.0,0.0,0,0.0,2.6,13.5,7.520833333333333,8.0,5.045833333333333,-2.0571014391707436,1.8032758071055677,70.75,210.66666666666666,600.0,7.958333333333333,,,,,,,,313.7511607367521,0.5174081424597491,0.0,0.0,0.0,0.0,0.0,0.0,,0.9166666666666666,0,0,0.0,0.0,3.36,3.36,3.36,0.0,3.36,0.0,0.0,0.0,0.0,,,,,-0.7223499527711419,0.691527689779324,-0.7223499527711419,0.691527689779324,-1.4553992682133012,1.2758176335271891,4.0,191.0,,0.0,0.0,4,0.0,0.0,0.6762777777777779,0.0,-0.0,20.183333333333334,0.24166666666666714,104,4,2024,12
2024-04-14,0.0,0.0,0,0.0,3.0,13.9,7.7375,9.7,6.8875,-4.255123770473555,4.976692251506863,59.666666666666664,211.875,600.0,3.3333333333333335,,,,,,,,319.6545462582058,0.9476885300997979,0.0,0.0,0.0,0.0,0.0,0.0,,0.9166666666666666,0,0,0.0,0.0,3.36,3.36,3.36,0.0,3.36,0.0,0.0,0.0,0.0,,,,,-0.6473946140133748,0.7621549801362407,-0.6473946140133748,0.7621549801362407,-2.538890516382555,2.9694263767324283,5.0,192.0,,0.0,0.0,5,0.0,0.0,0.6490277777777778,0.0,-0.0,34.4375,0.21666666666666679,105,4,2024,13
2024-04-15,0.0,0.0,0,0.0,3.4,14.2,7.854166666666667,9.5,6.366666666666667,-4.142579320960441,4.089238995260913,64.08333333333333,206.875,600.0,11.583333333333334,,,,,,,,315.732196923794,0.9139061929950608,0.0,0.0,0.0,0.0,0.0,0.0,,0.75,0,0,0.0,0.0,3.36,3.36,3.36,0.0,3.36,0.0,0.0,0.0,0.0,,,,,-0.6980129971378897,0.7160850897949073,-0.6980129971378897,0.7160850897949073,-2.6547029148488157,2.620520656129701,6.0,193.0,,0.0,0.0,6,0.0,0.0,0.6670833333333333,0.0,-0.0,38.2,0.11666666666666714,106,4,2024,14
2024-04-16,0.0,0.0,0,0.0,3.0,13.1,7.554166666666667,9.4,5.329166666666667,-2.494441442246215,1.880582158466667,70.79166666666667,203.66666666666666,600.0,27.791666666666668,,,,,,,,321.6857027020194,0.5787991819838999,0.0,0.0,0.0,0.0,0.0,0.0,,0.625,0,0,0.0,0.0,0.0,3.36,3.36,0.0,3.36,0.0,0.0,0.0,0.0,,,,,-0.619974841608907,0.7846216895880528,-0.619974841608907,0.7846216895880528,-1.765856670990133,1.3312954530145282,7.0,194.0,,,0.0,6,0.0,0.0,0.6628611111111111,0.0,-0.0,31.975,-0.2999999999999998,107,4,2024,15
2024-04-17,0.0,0.1,0,0.0,4.4,11.2,7.533333333333334,12.5,6.0125,-1.718337929462587,4.332178453099414,82.66666666666667,167.70833333333334,588.0,76.75,,,,,,,,348.89879072045903,0.7637731437567684,0.0,0.0,0.0,0.0,0.0,0.0,,0.0,0,0,0.0,0.0,0.0,3.36,3.36,0.0,3.36,0.0,0.0,0.0,0.0,,,,,-0.19254267755725085,0.9812886004224672,-0.19254267755725085,0.9812886004224672,-1.4204926883557385,3.581267521228849,8.0,195.0,,,0.0,6,0.0,0.0,0.63625,0.0,-0.0,36.075,-0.020833333333333037,108,4,2024,16
2024-04-18,0.0,0.0,0,0.0,2.0,10.0,5.854166666666667,14.7,9.424999999999999,-7.418410563433711,4.646479491817694,82.5,167.83333333333334,600.0,51.25,,,,,,,,307.18138621509604,0.9195918321627541,0.0,0.0,0.0,0.0,0.0,0.0,,0.2916666666666667,0,0,0.0,0.0,0.0,3.36,3.36,0.0,3.36,0.0,0.0,0.0,0.0,,,,,-0.7967262932097519,0.6043403128273411,-0.7967262932097519,0.6043403128273411,-6.120188714832811,3.8333455807495977,9.0,196.0,,,0.0,6,0.0,0.0,0.609111111111111,0.0,-0.0,56.55,-1.6791666666666671,109,4,2024,17
2024-04-19,0.0,1.3,0,0.0,2.9,9.0,5.408333333333334,13.1,8.579166666666667,3.330044102552961,-4.638624496566037,88.08333333333333,126.79166666666667,562.0,89.33333333333333,,,,,,,,141.81449573248457,0.4107423029062648,0.0,0.0,0.0,0.0,0.0,0.0,,0.0,0,0,0.0,0.0,0.0,3.36,3.36,0.0,3.36,0.0,0.0,0.0,0.0,,,,,0.6182095551420294,-0.7860133242707111,0.6182095551420294,-0.7860133242707111,2.933213846998733,-4.085855077391917,10.0,197.0,,,0.0,6,0.0,0.0,0.5781388888888889,0.0,-0.0,51.47500000000001,-0.44583333333333286,110,4,2024,18
2024-04-20,0.0,0.1,0,0.0,3.6,11.6,6.2375,12.7,6.620833333333334,4.968878432410402,-1.9707623809341754,78.41666666666667,165.66666666666666,600.0,47.833333333333336,,,,,,,,96.9657638533246,0.7025633022800237,0.0,0.0,0.0,0.0,0.0,0.0,,0.4166666666666667,0,0,0.0,0.0,0.0,3.36,3.36,0.0,3.36,0.0,0.0,0.0,0.0,,,,,0.9926187954577438,-0.12127624212523182,0.9926187954577438,-0.12127624212523182,3.8964288374151566,-1.545406167049216,11.0,198.0,,,0.0,6,0.0,0.0,0.6296111111111111,0.0,-0.0,39.725,0.8291666666666657,111,4,2024,19
2024-04-21,0.0,0.0,0,0.0,5.0,16.2,10.404166666666667,7.2,4.9875,-2.0315043447835768,0.22751969497590438,36.625,196.375,600.0,4.25,,,,,,,,294.31454237887624,0.37272000951123124,0.0,0.0,0.0,0.0,0.0,0.0,,0.9583333333333334,0,0,0.0,0.0,0.0,3.36,3.36,0.0,3.36,0.0,0.0,0.0,0.0,,,,,-0.9112987998360441,0.41174567079373836,-0.9112987998360441,0.41174567079373836,-0.744038466276985,0.08332908828492497,12.0,199.0,,,0.0,6,0.0,0.0,0.5863333333333333,0.0,-0.0,29.924999999999997,4.166666666666667,112,4,2024,20
2024-04-22,0.0,0.0,0,0.0,6.7,16.8,11.008333333333333,8.4,5.995833333333334,-3.634654091055086,4.417742762307552,52.625,193.5,600.0,0.0,,,,,,,,321.8428635284102,0.9552048536373554,0.0,0.0,0.0,0.0,0.0,0.0,,1.0,0,0,0.0,0.0,0.0,3.36,3.36,0.0,3.36,0.0,0.0,0.0,0.0,,,,,-0.6178203151962446,0.7863193105417245,-0.6178203151962446,0.7863193105417245,-1.912736715417739,2.3248371286643494,13.0,200.0,,,0.0,6,0.0,0.0,0.63775,0.0,-0.0,35.975,0.6041666666666661,113,4,2024,21
2024-04-23,0.0,0.0,0,0.0,6.2,13.8,9.033333333333333,16.8,12.183333333333332,-7.591843461631828,9.3779598363356,68.25,191.54166666666666,600.0,35.541666666666664,,,,,,,,320.7892666972306,0.9892496184555223,0.0,0.0,0.0,0.0,0.0,0.0,,0.625,0,0,0.0,0.0,0.0,0.0,3.36,0.0,3.36,0.0,0.0,0.0,0.0,,,,,-0.6321744630665902,0.7748260761270677,-0.6321744630665902,0.7748260761270677,-5.181433162563723,6.400457588299047,14.0,201.0,,,0.0,6,0.0,0.0,0.6618611111111111,0.0,-0.0,73.1,-1.9749999999999996,114,4,2024,22
2024-04-24,0.0,0.9,0,0.0,0.0,9.1,5.983333333333333,37.0,16.224999999999998,-14.19957560124233,3.8242603711612833,75.20833333333333,157.875,594.0,51.5,,,,,,,,267.6670166124203,0.8562639667462306,0.0,0.0,0.0,0.0,0.0,0.0,,0.2916666666666667,0,0,0.0,0.0,0.0,0.0,3.36,0.0,3.36,0.0,0.0,0.0,0.0,,,,,-0.9991711269346737,-0.040706990801264026,-0.9991711269346737,-0.040706990801264026,-10.679264150101,2.876162487477548,15.0,202.0,,,0.0,6,0.0,0.0,0.5581666666666667,0.0,0.0,97.35,-3.05,115,4,2024,23
2024-04-25,0.0,0.0,0,0.0,0.5,9.2,4.3374999999999995,12.0,7.0625,-6.135321854092463,-2.616349275328774,70.125,176.91666666666666,600.0,14.166666666666666,,,,,,,,250.48831351127535,0.9379786431372751,0.0,0.0,0.0,0.0,0.0,0.0,,0.7916666666666666,0,0,0.0,0.0,0.0,0.0,3.36,0.0,3.36,0.0,0.0,0.0,0.0,,,,,-0.9425733856649701,-0.3339991207115307,-0.9425733856649701,-0.3339991207115307,-4.302394450182339,-1.8347149293243026,16.0,203.0,,,0.0,6,0.0,0.0,0.5561388888888888,0.0,-0.0,42.375,-1.645833333333334,116,4,2024,24
2024-04-26,0.0,0.0,0,0.0,-0.7,11.8,5.795833333333333,6.4,3.1374999999999997,-0.3440655890526132,0.3250158941995276,68.66666666666667,176.125,600.0,14.0,,,,,,,,325.91454336114754,0.31212971337685697,0.0,0.0,0.0,0.0,0.0,0.0,,0.75,1,0,0.0,0.0,0.0,0.0,3.36,1.0,3.36,0.0,0.0,0.0,0.0,,,,,-0.5604287903338808,0.8282026146812765,-0.5604287903338808,0.8282026146812765,-0.23625837114946108,0.22317758068367563,17.0,204.0,,,0.0,6,0.0,0.0,0.6085277777777779,0.0,-0.0,18.825,1.458333333333334,117,4,2024,25
2024-04-27,0.0,0.0,0,0.0,3.8,12.0,7.233333333333333,10.1,8.308333333333334,-4.640475439016221,6.6082876801350965,65.70833333333333,183.29166666666666,600.0,0.0,,,,,,,,324.5130657306705,0.9715657806599615,0.0,0.0,0.0,0.0,0.0,0.0,,1.0,0,0,0.0,0.0,0.0,0.0,3.36,1.0,3.36,0.0,0.0,0.0,0.0,,,,,-0.5805172896950359,0.8142479207005258,-0.5805172896950359,0.8142479207005258,-3.0491790697202417,4.342195696488769,18.0,205.0,,,0.0,6,0.0,0.0,0.6078888888888888,0.0,-0.0,49.85,1.4375,118,4,2024,26
2024-04-28,0.0,0.0,0,0.0,3.3,11.0,6.620833333333334,15.3,12.0375,-7.358458040729455,9.36528719178386,75.66666666666667,129.91666666666666,499.0,35.541666666666664,,,,,,,,322.1707576083388,0.9890570001701449,0.0,0.0,0.0,0.0,0.0,0.0,,0.5833333333333334,0,0,0.0,0.0,0.0,0.0,3.36,1.0,3.36,0.0,0.0,0.0,0.0,,,,,-0.6133102499762875,0.7898420964180269,-0.6133102499762875,0.7898420964180269,-5.567899917485288,7.086400641783122,19.0,206.0,,,0.0,6,0.0,0.0,0.5832777777777777,0.0,-0.0,72.225,-0.6124999999999998,119,4,2024,27
2024-04-29,0.0,7.7,0,0.0,5.9,10.1,8.041666666666666,25.0,13.770833333333334,-10.448854091157532,7.650410566997763,84.54166666666667,124.45833333333333,481.0,96.20833333333333,,,,,,,,309.4491757865744,0.7433660636606325,0.0,0.0,0.0,0.0,0.0,0.0,,0.0,0,0,0.0,0.0,0.0,0.0,3.36,1.0,3.36,0.0,0.0,0.0,0.0,,,,,-0.7721885128332631,0.6353935006343341,-0.7721885128332631,0.6353935006343341,-8.833635396232765,6.467784600182693,20.0,207.0,,,0.0,6,0.0,0.0,0.5892222222222222,0.0,-0.0,82.625,1.4208333333333325,120,4,2024,28
2024-04-30,0.0,0.1,0,0.0,-0.4,7.3,3.579166666666667,9.7,6.358333333333333,5.058408244774876,-3.4829470314136235,95.08333333333333,80.75,359.0,89.75,,,,,,,,122.8923397369535,0.9634627618392473,0.0,0.0,0.0,0.0,0.0,0.0,,0.08333333333333333,1,0,0.0,0.0,0.0,0.0,3.36,2.0,3.36,0.0,0.0,0.0,0.0,,,,,0.8396924777223344,-0.543062190597474,0.8396924777223344,-0.543062190597474,4.809703172740111,-3.311702135702453,21.0,208.0,,,0.0,6,0.0,0.0,0.533,0.0,-0.0,38.15,-4.462499999999999,121,4,2024,29
2024-05-01,0.0,0.0,0,0.0,-0.3,8.9,3.625,10.6,7.154166666666666,6.597338755612068,1.1460808294951945,80.08333333333333,170.70833333333334,600.0,40.541666666666664,,,,,,,,76.74442764827754,0.9420454221011808,0.0,0.0,0.0,0.0,0.0,0.0,,0.3333333333333333,1,0,0.0,0.0,0.0,0.0,3.36,3.0,3.36,0.0,0.0,0.0,0.0,,,,,0.9733569627702509,0.2292950566991634,0.9733569627702509,0.2292950566991634,5.2833687867859975,0.9178197309540682,22.0,209.0,,,0.0,6,0.0,0.0,0.5785277777777779,0.0,-0.0,42.925,0.04583333333333295,122,5,2024,30
2024-05-02,0.0,0.0,0,0.0,0.8,10.0,4.466666666666667,9.3,5.991666666666667,4.439737991300601,2.607219955037127,79.08333333333333,172.5,600.0,16.958333333333332,,,,,,,,55.40882643802749,0.8704400102591264,0.0,0.0,0.0,0.0,0.0,0.0,,0.625,0,0,0.0,0.0,0.0,0.0,3.36,3.0,3.36,0.0,0.0,0.0,0.0,,,,,0.8232238353257445,0.5677169338249225,0.8232238353257445,0.5677169338249225,3.5110927947868915,2.0618764477751945,23.0,210.0,,,0.0,6,0.0,0.0,0.6008333333333333,0.0,-0.0,35.95,0.8416666666666668,123,5,2024,31
2024-05-03,0.0,2.0,0,0.0,0.9,10.4,4.666666666666667,8.4,4.816666666666666,3.421917358825739,1.4524274612652632,81.20833333333333,121.79166666666667,600.0,91.5,,,,,,,,58.051060315102944,0.7560864872953237,0.0,0.0,0.0,0.0,0.0,0.0,,0.0,0,0,0.0,0.0,0.0,0.0,3.36,2.0,3.36,0.0,0.0,0.0,0.0,,,,,0.8485200078173254,0.5291632983623166,0.8485200078173254,0.5291632983623166,2.7788820551464024,1.1794921341691658,24.0,211.0,,,0.0,6,0.0,0.0,0.5830000000000001,0.0,-0.0,28.9,0.20000000000000018,124,5,2024,32
2024-05-04,0.0,0.5,0,0.0,2.4,9.1,5.5249999999999995,10.2,7.933333333333334,6.0419058096036755,4.551314083496196,87.0,110.91666666666667,447.0,98.08333333333333,,,,,,,,53.95915533595056,0.9521755154482362,0.0,0.0,0.0,0.0,0.0,0.0,,0.0,0,0,0.0,0.0,0.0,0.0,3.36,2.0,3.36,0.0,0.0,0.0,0.0,,,,,0.8085977720963586,0.5883618299658853,0.8085977720963586,0.5883618299658853,5.256458054355197,3.959643252641691,25.0,212.0,,,0.0,6,0.0,0.0,0.5661666666666667,0.0,-0.0,47.6,0.8583333333333325,125,5,2024,33
2024-05-05,0.0,1.6,0,0.0,0.5,8.5,5.6000000000000005,13.3,8.179166666666667,7.548608170584892,-1.4011801289023407,92.16666666666667,118.16666666666667,507.0,80.75,,,,,,,,97.78589552702455,0.9371433440674309,0.0,0.0,0.0,0.0,0.0,0.0,,0.125,0,0,0.0,0.0,0.0,0.0,3.36,2.0,3.36,0.0,0.0,0.0,0.0,,,,,0.9907812194853495,-0.13547167643136243,0.9907812194853495,-0.13547167643136243,6.9573005305557425,-1.2914210188049906,26.0,213.0,,,0.0,6,0.0,0.0,0.5748888888888889,0.0,-0.0,49.075,0.07500000000000107,126,5,2024,34
2024-05-06,0.0,0.5,0,0.0,2.6,8.8,5.195833333333334,17.0,12.083333333333334,11.670304817154411,-1.7100119102407956,90.58333333333333,125.125,509.0,79.16666666666667,,,,,,,,95.64617808554522,0.9703179483615987,0.0,0.0,0.0,0.0,0.0,0.0,,0.0,0,0,0.0,0.0,0.0,0.0,3.36,2.0,3.36,0.0,0.0,0.0,0.0,,,,,0.9951484288766925,-0.09838498109086821,0.9951484288766925,-0.09838498109086821,10.571351113539038,-1.5489857886931204,27.0,214.0,,,0.0,6,0.0,0.0,0.5809166666666666,0.0,-0.0,72.5,-0.4041666666666668,127,5,2024,35
2024-05-07,0.0,0.1,0,0.0,2.7,11.7,6.5375000000000005,7.9,5.5625,3.5272863558424423,3.006326443459832,83.58333333333333,148.20833333333334,597.0,49.25,,,,,,,,49.47485090549312,0.8380257583180725,0.0,0.0,0.0,0.0,0.0,0.0,,0.4166666666666667,0,0,0.0,0.0,0.0,0.0,3.36,1.0,3.36,0.0,0.0,0.0,0.0,,,,,0.7601208272016049,0.6497817541716203,0.7601208272016049,0.6497817541716203,2.9482235124249745,2.512787852325176,28.0,215.0,,,0.0,6,0.0,0.0,0.6374166666666666,0.0,-0.0,33.375,1.3416666666666668,128,5,2024,36
2024-05-08,0.0,0.7000000000000001,0,0.0,2.5,10.1,6.420833333333333,7.0,5.129166666666666,2.6024931142338867,2.534212450193618,82.20833333333333,104.375,523.0,46.541666666666664,,,,,,,,39.54577067361295,0.706253474668674,0.0,0.0,0.0,0.0,0.0,0.0,,0.4583333333333333,0,0,0.0,0.0,0.0,0.0,3.36,0.0,3.36,0.0,0.0,0.0,0.0,,,,,0.6366944287448865,0.7711162068101167,0.6366944287448865,0.7711162068101167,2.139466214326441,2.0833338184300034,29.0,216.0,,,0.0,6,0.0,0.0,0.5680555555555555,0.0,-0.0,30.775,-0.11666666666666714,129,5,2024,37
2024-05-09,0.0,5.3,0,0.0,3.6,9.3,6.558333333333334,8.7,7.179166666666667,4.733238316266209,5.082384708323382,92.79166666666667,96.04166666666667,360.0,90.45833333333333,,,,,,,,42.61007991442591,0.9666982002646058,0.0,0.0,0.0,0.0,0.0,0.0,,0.0,0,0,0.0,0.0,0.0,0.0,0.0,0.0,3.36,0.0,0.0,0.0,0.0,,,,,0.6770054590710207,0.7359779944998603,0.6770054590710207,0.7359779944998603,4.392050720968687,4.716029477265073,30.0,217.0,,,0.0,6,0.0,0.0,0.5800000000000001,0.0,-0.0,43.075,0.13750000000000018,130,5,2024,38
2024-05-10,0.0,8.7,0,0.0,5.6,9.9,6.9875,15.3,9.625,7.531447652832312,4.680373176060915,94.83333333333333,93.5,410.0,99.95833333333333,,,,,,,,54.31237552421823,0.9201432733658855,0.0,0.0,0.0,0.0,0.0,0.0,,0.0,0,0,0.0,0.0,0.0,0.0,0.0,0.0,3.36,0.0,0.0,0.0,0.0,,,,,0.8122095491404783,0.5833657928650094,0.8122095491404783,0.5833657928650094,7.142322857435976,4.438553895297767,31.0,218.0,,,0.0,6,0.0,0.0,0.5984444444444444,0.0,-0.0,57.75,0.42916666666666625,131,5,2024,39
2024-05-11,0.07,24.8,1,0.07,4.9,6.2,5.779166666666666,16.6,13.133333333333333,12.897411337106709,-0.33555565139401694,100.0,27.0,120.0,100.0,,,,,,,,91.07341345931734,0.9810101278301985,5.7,10.3,10.3,100.0,10.0749202875582,-2.1414904154229215,102.0,0.0,0,1,0.07,0.07,0.07,0.07,0.07,0.0,3.4299999999999997,0.0,0.0,0.0,0.0,,,,,0.9998245125311574,-0.01873350319169621,0.9781476007338057,-0.20791169081775934,12.89741133710671,-0.33555565139401694,0.0,219.0,1.0,1.0,1.1620000000000001,0,0.006556156249999996,0.07,0.4891111111111111,0.7210000000000001,0.0,0.0,-1.208333333333334,132,5,2024,40
2024-05-12,0.0,3.2,0,0.0,4.6,8.8,6.183333333333334,10.9,7.825,7.11819523194819,1.1689075302052794,96.58333333333333,63.708333333333336,345.0,90.04166666666667,,,,,,,,76.66796482833361,0.8987583232790383,0.0,0.0,0.0,0.0,0.0,0.0,,0.041666666666666664,0,0,0.07,0.07,0.07,0.07,0.07,0.0,3.4299999999999997,0.0,0.0,0.0,0.0,,,,,0.9730500954388932,0.23059382421556945,0.9730500954388932,0.23059382421556945,6.87499022818996,1.1289698562565988,1.0,220.0,0.0,1.0,0.0,1,0.0,0.035,0.5599722222222222,0.0,-0.0,7.825,0.4041666666666677,133,5,2024,41
2024-05-13,0.0,0.0,0,0.0,2.9,11.1,6.720833333333334,11.5,7.895833333333333,-6.125517790005561,3.8950615303992566,80.91666666666667,138.5,550.0,18.291666666666668,,,,,,,,305.95648367403544,0.9045938189659228,0.0,0.0,0.0,0.0,0.0,0.0,,0.5833333333333334,0,0,0.0,0.07,0.07,0.07,0.07,0.0,3.4299999999999997,0.0,0.0,0.0,0.0,,,,,-0.8094631857536213,0.5871706318521035,-0.8094631857536213,0.5871706318521035,-4.9565648117461665,3.151753955014732,2.0,221.0,0.0,1.0,0.0,2,0.0,0.023333333333333334,0.6087222222222222,0.0,-0.0,15.791666666666666,0.5375000000000005,134,5,2024,42
2024-05-14,0.0,0.0,0,0.0,2.3,11.5,6.070833333333333,11.8,7.308333333333334,-4.91166693218474,4.187770783237575,80.91666666666667,152.29166666666666,583.0,16.625,,,,,,,,309.474545487879,0.8229294705921714,0.0,0.0,0.0,0.0,0.0,0.0,,0.75,0,0,0.0,0.0,0.07,0.07,0.07,0.0,3.4299999999999997,0.0,0.0,0.0,0.0,,,,,-0.7719070945498924,0.6357353516861741,-0.7719070945498924,0.6357353516861741,-3.9743571592928193,3.3886045254364046,3.0,222.0,,0.0,0.0,3,0.0,0.0,0.6268055555555555,0.0,-0.0,21.925,-0.6500000000000012,135,5,2024,43
2024-05-15,0.0,0.0,0,0.0,1.7,12.0,6.4875,11.0,6.6375,-4.070624786016503,4.581609250557546,67.91666666666667,137.5,511.0,27.333333333333332,,,,,,,,325.2166576652161,0.9099498759901435,0.0,0.0,0.0,0.0,0.0,0.0,,0.5,0,0,0.0,0.0,0.07,0.07,0.07,0.0,3.4299999999999997,0.0,0.0,0.0,0.0,,,,,-0.5704748099522479,0.8213150986131612,-0.5704748099522479,0.8213150986131612,-2.764632667169542,3.111676282670333,4.0,223.0,,0.0,0.0,4,0.0,0.0,0.5847222222222223,0.0,-0.0,26.55,0.41666666666666696,136,5,2024,44
2024-05-16,0.0,0.0,0,0.0,4.4,12.9,7.2875000000000005,11.1,6.716666666666666,-4.404211349817728,4.704739741809807,53.125,150.45833333333334,577.0,10.5,,,,,,,,321.3659877014772,0.9609964024995741,0.0,0.0,0.0,0.0,0.0,0.0,,0.7916666666666666,0,0,0.0,0.0,0.07,0.07,0.07,0.0,3.4299999999999997,0.0,0.0,0.0,0.0,,,,,-0.6243434180941587,0.7811499832186535,-0.6243434180941587,0.7811499832186535,-2.339737279590668,2.49939298783646,5.0,224.0,,0.0,0.0,5,0.0,0.0,0.5640555555555555,0.0,-0.0,33.58333333333333,0.8000000000000007,137,5,2024,45
2024-05-17,0.42000000000000004,2.9,3,0.14,0.3,10.9,5.870833333333334,13.4,8.691666666666666,-6.250840814434075,2.3695120755521697,66.20833333333333,143.83333333333334,569.0,53.541666666666664,,,,,,,,299.2782812089514,0.786693684888572,1.0333333333333334,11.6,12.6,98.0,-4.544017762969483,-10.669253196530732,203.00010156234282,0.25,0,3,0.42000000000000004,0.42000000000000004,0.49000000000000005,0.49000000000000005,0.49000000000000005,0.0,3.85,0.0,0.0,0.0,0.0,,,,,-0.8722547172459126,0.489051846169967,-0.3907327601730576,-0.9205041608420593,-4.13857752255656,1.5688144533551656,0.0,225.0,1.0,0.8571428571428571,5.628000000000001,0,0.08049825,0.42000000000000004,0.5588055555555554,4.872,0.0,0.0,-1.416666666666667,138,5,2024,46
2024-05-18,1.75,2.7,15,0.28,-2.6,0.3,-1.1541666666666666,22.2,13.4125,4.440668458203336,-11.60567320609539,96.83333333333333,59.416666666666664,234.0,98.79166666666667,,,,,,,,150.68305259250963,0.8267026752344265,-1.2866666666666666,17.246666666666666,22.2,96.2,5.141612561687485,-16.022840978430306,162.17834252069636,0.0,1,15,2.17,2.17,2.17,2.24,2.24,1.0,5.6,0.0,0.0,0.0,0.0,,,,,0.489640378015522,-0.871924480799121,0.3060551826195271,-0.952013773635512,4.30004729036023,-11.238160221235702,0.0,226.0,0.8064516129032259,1.0,38.85,0,0.38733841319444445,2.17,0.3690555555555555,30.181666666666665,0.0,0.0,-7.025,139,5,2024,47
2024-05-19,0.0,0.1,0,0.0,-1.1,6.1,1.6166666666666665,10.2,7.7375,-6.32933952411832,3.610792031713888,75.25,127.375,570.0,73.66666666666667,,,,,,,,301.89054231523255,0.9292276877194119,0.0,0.0,0.0,0.0,0.0,0.0,,0.16666666666666666,0,0,1.75,2.17,2.17,2.24,2.24,1.0,5.6,0.0,0.0,0.0,0.0,,,,,-0.8490589041836394,0.5282981896869205,-0.8490589041836394,0.5282981896869205,-4.7628279918990355,2.7171210038647007,1.0,227.0,0.0,1.0,0.0,1,0.0,1.085,0.4713055555555555,0.0,-0.0,7.7375,2.770833333333333,140,5,2024,48
2024-05-20,0.0,0.0,0,0.0,0.1,6.8,2.4666666666666663,8.5,5.504166666666666,3.687095592699068,-0.8865045480663415,88.54166666666667,135.58333333333334,552.0,56.333333333333336,,,,,,,,99.08512252198489,0.6478447900064115,0.0,0.0,0.0,0.0,0.0,0.0,,0.4166666666666667,0,0,0.0,1.75,2.17,2.24,2.24,1.0,5.6,0.0,0.0,0.0,0.0,,,,,0.9874548409409107,-0.1579016690930174,0.9874548409409107,-0.1579016690930174,3.2646158893689665,-0.7849259019337399,2.0,228.0,0.0,0.8064516129032259,0.0,2,0.0,0.5833333333333334,0.5366388888888889,0.0,-0.0,11.008333333333333,0.8499999999999999,141,5,2024,49
2024-05-21,0.0,0.0,0,0.0,0.2,8.7,3.341666666666667,5.0,3.225,1.038682705085839,0.5048542322034969,78.29166666666667,139.33333333333334,562.0,30.25,,,,,,,,64.76234932098433,0.36393248946373874,0.0,0.0,0.0,0.0,0.0,0.0,,0.5833333333333334,0,0,0.0,0.0,2.17,2.24,2.24,1.0,5.6,0.0,0.0,0.0,0.0,,,,,0.9045470654978427,0.4263737870686254,0.9045470654978427,0.4263737870686254,0.8132020011901214,0.3952587926293212,3.0,229.0,,0.0,0.0,3,0.0,0.0,0.5471944444444444,0.0,-0.0,9.675,0.8750000000000004,142,5,2024,50
2024-05-22,0.0,0.0,0,0.0,0.2,8.6,3.966666666666667,5.9,3.4791666666666665,-2.2460781151255875,0.9392778960124937,66.95833333333333,143.04166666666666,555.0,1.0416666666666667,,,,,,,,298.11849181747004,0.7042935235228954,0.0,0.0,0.0,0.0,0.0,0.0,,1.0,0,0,0.0,0.0,2.17,2.24,2.24,1.0,5.6,0.0,0.0,0.0,0.0,,,,,-0.8819748042433091,0.47129655704235374,-0.8819748042433091,0.47129655704235374,-1.5039364712528414,0.6289248245383655,4.0,230.0,,0.0,0.0,4,0.0,0.0,0.5096666666666666,0.0,-0.0,13.916666666666666,0.625,143,5,2024,51
2024-05-23,0.0,0.0,0,0.0,1.5,9.9,4.666666666666667,5.1,3.5875,-1.9829330017206068,2.224205754562455,66.0,139.5,552.0,33.958333333333336,,,,,,,,317.7944235515571,0.8244296320546446,0.0,0.0,0.0,0.0,0.0,0.0,,0.4583333333333333,0,0,0.0,0.0,2.17,2.24,2.24,1.0,5.6,0.0,0.0,0.0,0.0,,,,,-0.6717926867162165,0.740739215969161,-0.6717926867162165,0.740739215969161,-1.3087357811356006,1.4679757980112205,5.0,231.0,,0.0,0.0,5,0.0,0.0,0.533,0.0,-0.0,17.9375,0.7000000000000002,144,5,2024,52
2024-05-24,0.0,0.0,0,0.0,1.0,10.2,4.5625,6.3,3.9375,0.9233468882524128,1.431923564608116,63.458333333333336,141.0,548.0,55.208333333333336,,,,,,,,35.14971139050684,0.34934570941295334,0.0,0.0,0.0,0.0,0.0,0.0,,0.2916666666666667,0,0,0.0,0.0,1.75,2.24,2.24,1.0,5.6,0.0,0.0,0.0,0.0,,,,,0.5757148846736992,0.8176505192104687,0.5757148846736992,0.8176505192104687,0.585940546170177,0.908674828707567,6.0,232.0,,0.0,0.0,6,0.0,0.0,0.5321944444444444,0.0,-0.0,23.625,-0.10416666666666696,145,5,2024,53
2024-05-25,0.0,0.0,0,0.0,1.8,9.4,4.7,7.6,4.458333333333333,-2.043557911969415,3.4105804989975277,62.583333333333336,117.79166666666667,471.0,87.125,,,,,,,,329.5113742527007,0.8907738020368811,0.0,0.0,0.0,0.0,0.0,0.0,,0.041666666666666664,0,0,0.0,0.0,0.0,2.17,2.24,0.0,5.6,0.0,0.0,0.0,0.0,,,,,-0.507367303925749,0.861729899044426,-0.507367303925749,0.861729899044426,-1.2789266599075255,2.1344549622892863,7.0,233.0,,,0.0,6,0.0,0.0,0.4960277777777778,0.0,-0.0,26.75,0.13750000000000018,146,5,2024,54
2024-05-26,0.0,0.0,0,0.0,1.2,10.4,4.483333333333333,5.4,4.066666666666666,-2.3355701528450235,2.6674324677720773,57.25,141.16666666666666,553.0,0.5833333333333334,,,,,,,,320.9204323380941,0.8847610169557064,0.0,0.0,0.0,0.0,0.0,0.0,,1.0,0,0,0.0,0.0,0.0,2.17,2.24,0.0,5.6,0.0,0.0,0.0,0.0,,,,,-0.630399020204631,0.7762712640082984,-0.630399020204631,0.7762712640082984,-1.337113912503776,1.5271050877995143,8.0,234.0,,,0.0,6,0.0,0.0,0.5160555555555556,0.0,-0.0,24.4,-0.21666666666666679,147,5,2024,55
2024-05-27,0.0,0.0,0,0.0,0.0,11.2,4.7124999999999995,8.2,4.479166666666667,-2.6418065650999645,2.3858775168453197,52.583333333333336,140.20833333333334,550.0,0.0,,,,,,,,310.7224353167835,0.7770258620351197,0.0,0.0,0.0,0.0,0.0,0.0,,1.0,0,0,0.0,0.0,0.0,2.17,2.24,0.0,5.6,0.0,0.0,0.0,0.0,,,,,-0.757878935815293,0.6523952166037693,-0.757878935815293,0.6523952166037693,-1.3891499521483979,1.2545739276078307,9.0,235.0,,,0.0,6,0.0,0.0,0.5176388888888889,0.0,0.0,26.875,0.22916666666666607,148,5,2024,56
2024-05-28,0.0,0.0,0,0.0,4.4,13.9,8.025,7.6,5.120833333333333,-2.75086777521868,3.957185175516283,34.791666666666664,137.41666666666666,542.0,7.208333333333333,,,,,,,,326.1737623762491,0.9434893909917279,0.0,0.0,0.0,0.0,0.0,0.0,,0.8333333333333334,0,0,0.0,0.0,0.0,2.17,2.24,0.0,5.6,0.0,0.0,0.0,0.0,,,,,-0.5566760923051426,0.8307296360765495,-0.5566760923051426,0.8307296360765495,-0.9570727467948323,1.3767706756483733,10.0,236.0,,,0.0,6,0.0,0.0,0.5164722222222222,0.0,-0.0,30.724999999999994,3.312500000000001,149,5,2024,57
2024-05-29,0.0,0.0,0,0.0,3.9,11.0,6.383333333333333,17.1,13.512500000000001,-8.17602192784729,10.590195951642391,55.5,137.125,540.0,5.041666666666667,,,,,,,,323.24603436566514,0.989718050322217,0.0,0.0,0.0,0.0,0.0,0.0,,0.9166666666666666,0,0,0.0,0.0,0.0,2.17,2.24,0.0,5.6,0.0,0.0,0.0,0.0,,,,,-0.5983800566189484,0.8012123987063007,-0.5983800566189484,0.8012123987063007,-4.537692169955246,5.8775587531615265,11.0,237.0,,,0.0,6,0.0,0.0,0.5208611111111111,0.0,-0.0,81.075,-1.6416666666666675,150,5,2024,58
2024-05-30,0.0,1.7,0,0.0,5.4,8.2,6.983333333333333,48.9,27.224999999999998,-19.23217851215592,19.1152008396069,92.20833333333333,57.875,278.0,91.54166666666667,,,,,,,,314.3343736669849,0.9956681253048777,0.0,0.0,0.0,0.0,0.0,0.0,,0.0,0,0,0.0,0.0,0.0,2.17,2.24,0.0,5.6,0.0,0.0,0.0,0.0,,,,,-0.7152736020908758,0.6988445278829503,-0.7152736020908758,0.6988445278829503,-17.733671269750438,17.62580810752086,12.0,238.0,,,0.0,6,0.0,0.0,0.5281666666666666,0.0,-0.0,163.35,0.6000000000000005,151,5,2024,59
2024-05-31,0.0,32.0,0,0.0,2.1,6.9,5.1125,45.8,30.058333333333334,-23.62386517571359,18.236168781228063,96.125,75.58333333333333,428.0,87.79166666666667,,,,,,,,307.5318857337651,0.9919879608618992,0.0,0.0,0.0,0.0,0.0,0.0,,0.0,0,0,0.0,0.0,0.0,1.75,2.24,0.0,5.6,0.0,0.0,0.0,0.0,,,,,-0.7930144350010352,0.6092028446092392,-0.7930144350010352,0.6092028446092392,-22.708440400154686,17.529517240955474,13.0,239.0,,,0.0,6,0.0,0.0,0.5241388888888889,0.0,-0.0,180.35,-1.8708333333333336,152,5,2024,60
2024-06-01,1.33,3.8000000000000003,4,0.49,0.2,5.4,2.1458333333333335,11.2,8.299999999999999,2.6614815051870355,-1.442909126111435,95.29166666666667,57.416666666666664,336.0,91.16666666666667,,,,,,,,110.63446359023311,0.33757397499194214,3.225,8.4,10.0,93.75,6.9044671383976635,-4.684518059523795,124.2635578156448,0.0,0,4,1.33,1.33,1.33,1.33,3.5700000000000003,0.0,6.93,0.0,0.0,0.0,0.0,,,,,0.935847732565926,-0.3524046274543158,0.8264565502883592,-0.5630005066476095,2.5361700843178125,-1.3749721547570217,0.0,240.0,1.0,1.0,14.895999999999999,0,0.20161553124999995,1.33,0.4759166666666667,11.172,0.0,0.0,-2.9666666666666663,153,6,2024,61
2024-06-02,0.91,1.8,6,0.28,-1.0,2.4,0.4375,17.8,12.366666666666667,2.557408582276354,-11.441390788070647,99.29166666666667,33.625,182.0,100.0,,,,,,,,164.9405408251172,0.9422350366391864,1.4166666666666667,15.633333333333333,17.8,100.0,0.4676861062842647,-15.174843055522338,179.5428347924289,0.0,1,5,2.24,2.24,2.24,2.24,4.48,1.0,7.84,0.0,0.0,0.0,0.0,,,,,0.2598213031691842,-0.9656567145831209,0.00797895343364007,-0.9999681676444024,2.539293604818563,-11.360347603321813,0.0,241.0,0.40625,1.0,16.198,1,0.15711165798611113,2.24,0.4067222222222222,14.226333333333333,0.0,12.366666666666667,-1.7083333333333335,154,6,2024,62
2024-06-03,3.85,5.9,7,1.19,-0.3,1.4,0.55,19.1,14.75,-12.702156144963675,5.538219092646089,99.41666666666667,29.958333333333332,143.0,100.0,,,,,,,,289.7765662145287,0.9286905830020795,-0.07142857142857142,11.185714285714285,13.8,99.28571428571429,-10.735915219147671,-1.8434815003305904,259.6011402569771,0.0,1,6,4.76,6.09,6.09,6.09,8.33,2.0,11.69,0.0,0.0,0.0,0.0,,,,,-0.9410192329517315,0.3383530747827406,-0.9835750631731852,-0.18049957092432314,-12.628060234118054,5.5059128146056535,0.0,242.0,0.632183908045977,1.0,73.53500000000001,0,0.8338356026785715,6.09,0.38247222222222227,43.065,0.0,0.0,0.11250000000000004,155,6,2024,63
2024-06-04,0.0,0.0,0,0.0,0.5,5.8,2.775,16.6,8.841666666666667,-5.005335382575569,6.504164397434978,95.04166666666667,65.79166666666667,346.0,95.41666666666667,,,,,,,,333.0319688190329,0.8889905639957766,0.0,0.0,0.0,0.0,0.0,0.0,,0.0,0,0,3.85,4.76,6.09,6.09,8.33,2.0,11.69,0.0,0.0,0.0,0.0,,,,,-0.4534932820720549,0.8912596945422336,-0.4534932820720549,0.8912596945422336,-4.757154169856197,6.181666246062161,1.0,243.0,0.0,0.7816091954022988,0.0,1,0.0,2.38,0.4895555555555555,0.0,-0.0,8.841666666666667,2.2249999999999996,156,6,2024,64
2024-06-05,0.0,0.5,0,0.0,2.1,6.2,3.670833333333333,10.3,6.479166666666667,5.588220418487406,-1.3498961561631886,96.16666666666667,55.75,272.0,99.79166666666667,,,,,,,,99.57920094997246,0.8749037620515372,0.0,0.0,0.0,0.0,0.0,0.0,,0.0,0,0,0.0,3.85,6.09,6.09,8.33,2.0,11.69,0.0,0.0,0.0,0.0,,,,,0.986056511143377,-0.1664108074367502,0.986056511143377,-0.1664108074367502,5.374005302445389,-1.2981501368435997,2.0,244.0,0.0,0.632183908045977,0.0,2,0.0,1.2833333333333334,0.4955,0.0,-0.0,12.958333333333334,0.895833333333333,157,6,2024,65
2024-06-06,0.0,16.5,0,0.0,3.6,5.6,4.2625,21.0,14.908333333333333,11.62700533926378,-8.962953239416475,100.0,26.125,119.0,100.0,,,,,,,,126.47231064709092,0.98537647118037,0.0,0.0,0.0,0.0,0.0,0.0,,0.0,0,0,0.0,0.0,6.09,6.09,8.33,2.0,11.69,0.0,0.0,0.0,0.0,,,,,0.8041442269673545,-0.5944342370986683,0.8041442269673545,-0.5944342370986683,11.62700533926378,-8.962953239416475,3.0,245.0,,0.0,0.0,3,0.0,0.0,0.4751944444444445,0.0,-0.0,44.725,0.5916666666666672,158,6,2024,66
2024-06-07,0.0,11.3,0,0.0,3.5,4.6,4.2,22.4,18.445833333333333,11.662053368034249,-14.16292287406248,100.0,21.0,84.0,100.0,,,,,,,,140.04657196075362,0.9945620727073581,0.0,0.0,0.0,0.0,0.0,0.0,,0.0,0,0,0.0,0.0,6.09,6.09,8.33,2.0,11.69,0.0,0.0,0.0,0.0,,,,,0.6421647304000433,-0.7665666696577929,0.6421647304000433,-0.7665666696577929,11.662053368034249,-14.16292287406248,4.0,246.0,,0.0,0.0,4,0.0,0.0,0.44955555555555554,0.0,-0.0,73.78333333333333,-0.0625,159,6,2024,67
2024-06-08,0.0,4.6,0,0.0,3.0,7.6,5.3500000000000005,13.0,9.3375,-2.1408525935126606,-3.7199975713004125,98.54166666666667,51.458333333333336,264.0,96.79166666666667,,,,,,,,209.4382832071802,0.5006937757767942,0.0,0.0,0.0,0.0,0.0,0.0,,0.0,0,0,0.0,0.0,4.76,6.09,8.33,2.0,11.69,0.0,0.0,0.0,0.0,,,,,-0.4914857611917353,-0.8708856104826744,-0.4914857611917353,-0.8708856104826744,-2.1096318265239344,-3.665747606718948,5.0,247.0,,0.0,0.0,5,0.0,0.0,0.5316666666666666,0.0,-0.0,46.6875,1.1500000000000004,160,6,2024,68
2024-06-09,0.0,0.2,0,0.0,1.4,6.5,3.158333333333333,13.8,11.049999999999999,-9.046386459385555,6.0099011978621695,92.125,107.54166666666667,437.0,78.5,,,,,,,,302.068410098358,0.9800742180836366,0.0,0.0,0.0,0.0,0.0,0.0,,0.125,0,0,0.0,0.0,3.85,6.09,8.33,1.0,11.69,0.0,0.0,0.0,0.0,,,,,-0.8474147780459463,0.5309314399706798,-0.8474147780459463,0.5309314399706798,-8.333983525708943,5.536621478530524,6.0,248.0,,0.0,0.0,6,0.0,0.0,0.5232222222222221,0.0,-0.0,66.3,-2.1916666666666673,161,6,2024,69
2024-06-10,0.0,0.0,0,0.0,-0.5,6.4,1.9583333333333333,13.2,8.5875,-6.55376204706959,4.4433319451956255,78.75,121.625,514.0,72.58333333333333,,,,,,,,298.4253723281351,0.9071668721614445,0.0,0.0,0.0,0.0,0.0,0.0,,0.20833333333333334,1,0,0.0,0.0,0.0,6.09,8.26,1.0,11.69,0.0,0.0,0.0,0.0,,,,,-0.8794378656396767,0.4760136977851897,-0.8794378656396767,0.4760136977851897,-5.161087612067302,3.499123906841555,7.0,249.0,,,0.0,6,0.0,0.0,0.48580555555555555,0.0,-0.0,51.525000000000006,-1.2,162,6,2024,70
2024-06-11,12.39,22.6,11,2.03,0.4,3.0,1.9041666666666668,29.7,23.520833333333332,-19.155838007586567,13.406315577225108,88.79166666666667,18.708333333333332,80.0,100.0,,,,,,,,305.08744121429476,0.9937822319470617,1.9636363636363638,25.99090909090909,29.7,99.9090909090909,-20.98441921524915,15.068353219833648,305.0048672386306,0.0,0,11,12.39,12.39,12.39,18.48,20.65,1.0,24.08,0.0,0.0,0.0,0.0,,,,,-0.8182757344134863,0.5748259062273287,-0.819103316393921,0.5736460207065679,-17.008787830902907,11.903691039611129,0.0,0.0,1.0,1.0,100.0,0,1.6805358254132234,12.39,0.3751111111111111,322.02736363636365,0.0,0.0,-0.054166666666666474,163,6,2024,71
2024-06-12,3.15,6.7,11,0.84,-2.0,1.9,-0.17083333333333336,27.7,19.191666666666666,-15.123973881961723,-2.9724438215727655,94.25,85.29166666666667,464.0,93.79166666666667,,,,,,,,246.43920535470806,0.7853749483808903,0.4818181818181818,23.372727272727275,27.4,95.27272727272727,-20.87258110696946,1.32728951083794,271.19260256478657,0.0,1,8,15.540000000000001,15.540000000000001,15.540000000000001,21.63,23.8,2.0,27.23,0.0,0.0,0.0,0.0,,,,,-0.9166364588529158,-0.3997219062067863,-0.9997833790094898,0.02081333842435909,-14.254345383748923,-2.801528301832332,0.0,1.0,0.2027027027027027,1.0,87.255,1,0.5305669795971075,15.540000000000001,0.41324999999999995,73.62409090909091,0.0,19.191666666666666,-2.075,164,6,2024,72
2024-06-13,0.0,0.0,0,0.0,-6.6,3.7,-1.0708333333333333,8.6,3.7083333333333335,0.7986796397842927,0.14353510464043845,90.41666666666667,79.29166666666667,333.0,91.66666666666667,,,,,,,,55.91542352601189,0.2739946876061806,0.0,0.0,0.0,0.0,0.0,0.0,,0.0,1,0,3.15,15.540000000000001,15.540000000000001,21.63,23.8,3.0,27.23,0.0,0.0,0.0,0.0,,,,,0.8282112237644477,0.5604160676056639,0.8282112237644477,0.5604160676056639,0.722139507638298,0.12977965711239645,1.0,2.0,0.0,1.0,0.0,2,0.0,7.7700000000000005,0.4364722222222222,0.0,-0.0,7.416666666666667,-0.8999999999999999,165,6,2024,73
2024-06-14,0.42000000000000004,1.0,3,0.21,-5.7,4.2,-0.15833333333333333,8.3,6.270833333333333,5.0496795447436496,2.67385047620993,90.45833333333333,109.29166666666667,500.0,71.58333333333333,,,,,,,,59.32579248393416,0.9055475636901203,1.4000000000000001,7.266666666666667,7.6,100.0,6.712678565672845,1.087260951875213,80.04371766880197,0.041666666666666664,0,3,0.42000000000000004,3.57,15.96,22.05,24.22,3.0,27.65,0.0,0.0,0.0,0.0,,,,,0.8600820123887924,0.5101557918570024,0.984939962881178,0.17289670187607323,4.567855954849359,2.418720576604899,0.0,3.0,0.11764705882352942,0.22368421052631576,3.4860000000000007,3,0.08209775000000004,3.57,0.4677222222222222,3.052,0.0,18.8125,0.9125,166,6,2024,74
2024-06-15,0.56,1.5,8,0.07,-0.9,1.9,0.5208333333333334,9.7,7.720833333333334,4.3298011740221085,-5.521694772565315,97.16666666666667,63.625,247.0,100.0,,,,,,,,140.08213185402929,0.9032676983693237,0.775,8.075,9.7,97.875,4.040563903075674,-6.4037468531951784,146.7200151426384,0.0,1,3,0.9800000000000001,0.9800000000000001,16.52,21.279999999999998,24.78,4.0,28.21,0.0,0.0,0.0,0.0,,,,,0.6416888469464167,-0.7669650733277091,0.548730811803047,-0.8359991005844258,4.207123474091482,-5.3652467540092985,0.0,4.0,0.5714285714285714,0.05932203389830509,5.432,4,0.11611392187500007,0.9800000000000001,0.40852777777777777,4.522,0.0,30.883333333333336,0.6791666666666667,167,6,2024,75
2024-06-16,0.35000000000000003,0.8,4,0.14,-2.8,1.2,-0.8208333333333333,14.7,10.5,-3.1912686859047206,-9.873955805882906,94.25,85.83333333333333,361.0,97.04166666666667,,,,,,,,197.24652496553873,0.9885759605065703,-0.275,11.5,14.7,92.5,-4.849953130828018,-10.349437253154857,205.0058898885252,0.0,1,3,0.9100000000000001,1.33,16.87,20.720000000000002,24.71,5.0,28.56,0.0,0.0,0.0,0.0,,,,,-0.29648365171325664,-0.9550379281823169,-0.4227114260877091,-0.9062643379582445,-3.007770736465199,-9.306203347044638,0.0,5.0,0.2631578947368421,0.07883817427385892,5.1450000000000005,5,0.07698222656249999,1.33,0.39805555555555555,4.025,0.0,52.5,-1.3416666666666668,168,6,2024,76
2024-06-17,0.35000000000000003,1.6,5,0.07,-0.5,1.1,0.4375,15.4,11.229166666666666,1.9762091828312986,-10.92449653406618,99.75,37.666666666666664,161.0,100.0,,,,,,,,168.26361178159104,0.9863957387390326,0.8400000000000001,11.52,13.8,99.2,1.8060974836381074,-11.37171250476041,170.79973674075234,0.0,1,3,0.7000000000000001,1.2600000000000002,17.22,17.22,23.310000000000002,5.0,28.91,0.0,0.0,0.0,0.0,,,,,0.20340915316540598,-0.9790938241090751,0.15988572332527937,-0.9871355304499744,1.9712686598742204,-10.897185292731015,0.0,6.0,0.27777777777777773,0.0731707317073171,5.390000000000001,6,0.0686084,1.2600000000000002,0.3820555555555556,4.032,0.0,67.375,1.2583333333333333,169,6,2024,77
2024-06-18,0.0,0.0,0,0.0,-8.2,3.6,-1.8583333333333332,8.1,4.441666666666666,-2.7753914647085534,0.5392138356154281,85.79166666666667,129.33333333333334,523.0,32.291666666666664,,,,,,,,274.69782203461585,0.5574017643746921,0.0,0.0,0.0,0.0,0.0,0.0,,0.625,1,0,0.35000000000000003,0.7000000000000001,4.83,17.22,23.310000000000002,6.0,28.91,0.0,0.0,0.0,0.0,,,,,-0.9966405007992226,0.08190062372579764,-0.9966405007992226,0.08190062372579764,-2.38105459409788,0.46260053647173605,1.0,7.0,0.0,0.14492753623188406,0.0,6,0.0,0.35000000000000003,0.4521944444444445,0.0,-0.0,26.65,-2.2958333333333334,170,6,2024,78
2024-06-19,0.0,0.0,0,0.0,-8.8,4.5,-3.0,7.7,4.8125,-2.908967312755306,3.5226108850254465,63.083333333333336,132.58333333333334,533.0,7.041666666666667,,,,,,,,318.53742585614833,0.9400940901959107,0.0,0.0,0.0,0.0,0.0,0.0,,0.875,1,0,0.0,0.35000000000000003,1.6800000000000002,17.22,23.310000000000002,6.0,28.91,0.0,0.0,0.0,0.0,,,,,-0.6621306857049107,0.7493883873185818,-0.6621306857049107,0.7493883873185818,-1.835073546463139,2.222180366636886,2.0,8.0,0.0,0.20833333333333334,0.0,4,0.0,0.11666666666666668,0.39866666666666667,0.0,-0.0,19.25,-1.1416666666666668,171,6,2024,79
2024-06-20,0.0,0.0,0,0.0,-9.2,4.1,-2.5791666666666666,6.8,4.2250000000000005,-1.4514364888152216,3.4840118627102554,52.166666666666664,130.25,525.0,11.958333333333334,,,,,,,,335.3899647260787,0.8858318970234914,0.0,0.0,0.0,0.0,0.0,0.0,,0.8333333333333334,1,0,0.0,0.0,1.6800000000000002,17.22,23.310000000000002,6.0,28.91,0.0,0.0,0.0,0.0,,,,,-0.41644003727990264,0.9091631841151033,-0.41644003727990264,0.9091631841151033,-0.7571660349986072,1.8174928550471834,3.0,9.0,,0.0,0.0,5,0.0,0.0,0.3518333333333333,0.0,-0.0,21.125000000000004,0.4208333333333334,172,6,2024,80
2024-06-21,3.3600000000000003,5.1,4,1.68,-3.0,1.7,0.13333333333333333,13.5,7.991666666666667,2.07831084337457,-6.466966623700041,85.58333333333333,48.875,275.0,90.20833333333333,,,,,,,,153.52802595337982,0.7148328026984035,0.85,8.75,11.0,97.5,2.323264622278829,-8.382134713705252,164.73937814823918,0.0,1,3,3.3600000000000003,3.3600000000000003,4.620000000000001,20.580000000000002,26.67,7.0,32.27,0.0,0.0,0.0,0.0,,,,,0.44576000693423246,-0.8951525100327837,0.26321006827564575,-0.9647385448702306,1.7786876967880694,-5.534645602116618,0.0,10.0,1.0,0.7272727272727272,45.36000000000001,0,0.684534375,3.3600000000000003,0.3556388888888889,29.400000000000002,0.0,0.0,2.7125,173,6,2024,81
2024-06-22,0.0,0.0,0,0.0,-6.1,2.9,-0.7041666666666666,10.6,6.45,4.272202009898646,-1.411209855805707,87.45833333333333,105.83333333333333,433.0,44.791666666666664,,,,,,,,97.512998412765,0.6649027183144397,0.0,0.0,0.0,0.0,0.0,0.0,,0.375,1,0,3.3600000000000003,3.3600000000000003,4.0600000000000005,20.580000000000002,26.67,7.0,32.27,0.0,0.0,0.0,0.0,,,,,0.9914152240226471,-0.13075111309707618,0.9914152240226471,-0.13075111309707618,3.736396674490524,-1.2342206197234078,1.0,11.0,0.0,0.8275862068965517,0.0,1,0.0,1.6800000000000002,0.4265277777777778,0.0,-0.0,6.45,-0.8374999999999999,174,6,2024,82
2024-06-23,0.0,0.0,0,0.0,-5.1,5.2,-1.0,8.9,5.591666666666666,-3.143288680435475,3.956303489934601,69.125,124.58333333333333,509.0,12.125,,,,,,,,315.9866300768803,0.8719785280868674,0.0,0.0,0.0,0.0,0.0,0.0,,0.75,1,0,0.0,3.3600000000000003,3.7100000000000004,20.580000000000002,26.67,7.0,32.27,0.0,0.0,0.0,0.0,,,,,-0.6948262088967195,0.7191776827948795,-0.6948262088967195,0.7191776827948795,-2.172798300351022,2.7347947874172926,2.0,12.0,0.0,0.9056603773584906,0.0,2,0.0,1.12,0.4290277777777778,0.0,-0.0,11.183333333333332,-0.2958333333333334,175,6,2024,83
2024-06-24,0.0,0.0,0,0.0,-5.5,5.4,-0.6749999999999998,12.3,7.654166666666666,-4.17293992425236,6.284220997134135,61.041666666666664,116.20833333333333,499.0,68.0,,,,,,,,327.9626284091566,0.9825535543270272,0.0,0.0,0.0,0.0,0.0,0.0,,0.25,1,0,0.0,0.0,3.3600000000000003,20.580000000000002,26.67,7.0,32.27,0.0,0.0,0.0,0.0,,,,,-0.5304722970370114,0.8477022720721449,-0.5304722970370114,0.8477022720721449,-2.547232078762378,3.835993233667294,3.0,13.0,,0.0,0.0,3,0.0,0.0,0.4009444444444445,0.0,-0.0,22.9625,0.3250000000000002,176,6,2024,84
2024-06-25,0.0,0.0,0,0.0,-2.5,3.4,0.6708333333333334,19.9,12.475,-8.13121626089837,9.306201405225254,90.45833333333333,89.0,384.0,75.58333333333333,,,,,,,,320.2456303622705,0.9899528923818945,0.0,0.0,0.0,0.0,0.0,0.0,,0.08333333333333333,0,0,0.0,0.0,3.3600000000000003,8.190000000000001,26.67,6.0,32.27,0.0,0.0,0.0,0.0,,,,,-0.639497635509209,0.7687930632999564,-0.639497635509209,0.7687930632999564,-7.3553627093376495,8.41823468781001,4.0,14.0,,0.0,0.0,4,0.0,0.0,0.4364166666666667,0.0,-0.0,49.9,1.3458333333333332,177,6,2024,85
2024-06-26,1.61,3.0,9,0.42,-0.3,2.5,1.1333333333333333,26.9,19.729166666666668,-16.044123264851315,11.266821216993913,91.91666666666667,79.33333333333333,414.0,77.75,,,,,,,,304.83464972018567,0.9928215446145703,0.5777777777777778,16.444444444444443,24.2,98.44444444444444,-12.868909419642687,9.947684412949961,306.9107824682732,0.0,0,6,1.61,1.61,4.970000000000001,6.65,28.28,5.0,33.88,0.0,0.0,0.0,0.0,,,,,-0.8208039189960161,0.571210054674094,-0.7995716515014749,0.6005707070072632,-14.747223300942501,10.356086501953573,0.0,15.0,1.0,0.32394366197183094,43.309,5,0.30128864197530864,1.61,0.41483333333333333,26.475555555555555,0.0,98.64583333333334,0.4624999999999999,178,6,2024,86
2024-06-27,1.61,4.2,12,0.49,-0.2,1.3,0.7041666666666666,14.1,12.387500000000001,-10.165391353863798,6.997956810542448,99.54166666666667,26.0,132.0,100.0,,,,,,,,304.6241175571103,0.9960626946196225,0.5750000000000001,12.091666666666667,13.3,99.41666666666667,-10.174224566683332,6.472141506086327,302.4194717506202,0.0,0,4,3.22,3.22,6.58,8.26,29.890000000000004,4.0,35.49,0.0,0.0,0.0,0.0,,,,,-0.8228972727087112,0.5681901781697437,-0.8441457780691162,0.5361137056335032,-10.118799976825256,6.965882841827462,0.0,16.0,0.5,0.4893617021276596,22.701,6,0.3220181334635417,3.22,0.3780277777777778,19.467583333333334,0.0,74.325,-0.4291666666666667,179,6,2024,87
2024-06-28,0.0,0.0,0,0.0,-2.6,4.4,0.48750000000000004,17.6,12.025,-8.745038812720905,8.13687364516171,86.125,123.16666666666667,500.0,60.25,,,,,,,,312.0000428336118,0.9926535164336228,0.0,0.0,0.0,0.0,0.0,0.0,,0.16666666666666666,1,0,1.61,3.22,3.22,7.84,29.890000000000004,4.0,35.49,0.0,0.0,0.0,0.0,,,,,-0.7431443252434715,0.6691311619244956,-0.7431443252434715,0.6691311619244956,-7.53166467745588,7.007882426895523,1.0,17.0,0.0,1.0,0.0,2,0.0,1.61,0.4669722222222223,0.0,-0.0,24.05,-0.21666666666666656,180,6,2024,88
2024-06-29,9.03,17.6,10,1.75,-1.2,3.6,1.1916666666666667,33.7,20.866666666666667,-15.449379339629978,13.949193781076032,92.95833333333333,56.625,417.0,89.08333333333333,,,,,,,,312.5813661775382,0.9969842883608253,1.78,21.89,27.8,99.2,-16.635922554311918,14.205392304582002,310.40023524515675,0.041666666666666664,1,9,9.03,10.639999999999999,12.25,16.31,38.92,4.0,44.519999999999996,0.0,0.0,0.0,0.0,,,,,-0.7363171828425602,0.6766365392519057,-0.7615356464779853,0.6481230277835814,-14.361485544464367,12.966938052325261,0.0,18.0,0.8486842105263158,0.8685714285714284,100.0,0,1.347908664375,10.639999999999999,0.4276111111111111,197.6667,0.0,0.0,0.7041666666666666,181,6,2024,89
2024-06-30,1.82,3.1,9,0.7,-3.8,1.4,-0.4708333333333334,13.2,8.133333333333333,-0.9529289786352585,-4.9085220404258205,92.75,95.08333333333333,416.0,93.58333333333333,,,,,,,,184.61098336945003,0.6339930353301239,0.5222222222222223,8.422222222222222,13.2,99.11111111111111,-3.457184345638396,-1.5958606154749615,230.46891664681056,0.0,1,5,10.85,10.85,14.07,17.78,40.74,4.0,46.339999999999996,0.0,0.0,0.0,0.0,,,,,-0.08039000133801986,-0.9967634863320752,-0.7712793930595387,-0.6364967382804955,-0.8838416276842023,-4.552654192494948,0.0,19.0,0.16774193548387098,0.7711442786069651,24.024,1,0.3858390169753086,10.85,0.4036666666666666,15.328444444444445,0.0,8.133333333333333,-1.6625,182,6,2024,90
2024-07-01,0.07,0.1,1,0.07,-7.0,3.0,-1.825,7.8,4.866666666666666,4.05076769170379,0.7968244886372009,88.91666666666667,121.20833333333333,516.0,72.08333333333333,,,,,,,,77.39887824795883,0.8405597787537991,-0.5,7.8,7.8,97.0,7.6000865053248345,-1.7546182238821473,103.0,0.041666666666666664,1,1,1.8900000000000001,10.92,14.14,17.5,39.480000000000004,4.0,46.41,0.0,0.0,0.0,0.0,,,,,0.9759124908851918,0.21816234811318932,0.9743700647852352,-0.22495105434386503,3.6018076058732866,0.7085097744799111,0.0,20.0,0.006410256410256411,0.7722772277227722,0.546,2,0.0165834375,10.92,0.4438611111111111,0.546,0.0,9.733333333333333,-1.3541666666666665,183,7,2024,91
2024-07-02,0.0,0.0,0,0.0,-9.6,4.0,-3.8083333333333336,8.7,5.8500000000000005,3.5994281924182343,3.9389589003573353,84.95833333333333,124.875,507.0,32.25,,,,,,,,43.04316951078362,0.9099025531097077,0.0,0.0,0.0,0.0,0.0,0.0,,0.4166666666666667,1,0,0.07,1.8900000000000001,14.14,17.5,38.57,5.0,46.41,0.0,0.0,0.0,0.0,,,,,0.6825492049489158,0.7308396423454346,0.6825492049489158,0.7308396423454346,3.0580142018086582,3.346473832428586,1.0,21.0,0.0,0.13366336633663367,0.0,3,0.0,0.9450000000000001,0.4553333333333333,0.0,-0.0,17.55,-1.9833333333333336,184,7,2024,92
2024-07-03,0.0,0.0,0,0.0,-9.1,2.7,-1.4458333333333335,9.5,7.429166666666667,6.20999421968228,1.761266834673804,73.45833333333333,124.16666666666667,526.0,39.875,,,,,,,,71.64415502667373,0.8602979246479899,0.0,0.0,0.0,0.0,0.0,0.0,,0.5833333333333334,0,0,0.0,0.07,12.530000000000001,17.5,34.72,5.0,46.41,0.0,0.0,0.0,0.0,,,,,0.94911898496928,0.3149176914225104,0.94911898496928,0.3149176914225104,4.561758253874942,1.2937972623041318,2.0,22.0,0.0,0.00558659217877095,0.0,4,0.0,0.023333333333333334,0.38763888888888887,0.0,-0.0,29.71666666666667,2.3625,185,7,2024,93
2024-07-04,0.0,0.0,0,0.0,1.0,4.0,2.1708333333333334,12.3,9.879166666666666,9.785790844855432,-0.8743088447991877,94.0,98.79166666666667,467.0,83.75,,,,,,,,94.64324514459713,0.9938357947675613,0.0,0.0,0.0,0.0,0.0,0.0,,0.0,0,0,0.0,0.0,10.92,17.5,34.72,5.0,46.41,0.0,0.0,0.0,0.0,,,,,0.9967180627856678,-0.08095124036594924,0.9967180627856678,-0.08095124036594924,9.198643394164106,-0.8218503141112364,3.0,23.0,,0.0,0.0,5,0.0,0.0,0.46808333333333335,0.0,-0.0,49.39583333333333,3.616666666666667,186,7,2024,94
2024-07-05,0.0,0.0,0,0.0,-5.7,5.0,-0.375,9.7,6.425,4.921834619234902,2.8707003966872793,72.54166666666667,136.25,546.0,11.208333333333334,,,,,,,,66.10891500833854,0.8485142088020038,0.0,0.0,0.0,0.0,0.0,0.0,,0.875,1,0,0.0,0.0,10.92,14.14,34.72,5.0,46.41,0.0,0.0,0.0,0.0,,,,,0.9143169826778309,0.4049993273906848,0.9143169826778309,0.4049993273906848,3.5703808633699854,2.082453912763564,4.0,24.0,,0.0,0.0,6,0.0,0.0,0.44375000000000003,0.0,-0.0,38.55,-2.5458333333333334,187,7,2024,95
2024-07-06,0.0,0.0,0,0.0,-6.0,8.8,1.6708333333333334,7.1,5.208333333333333,3.0768403392494945,1.9189368312862733,40.666666666666664,137.125,545.0,0.0,,,,,,,,61.59450879654866,0.6671870300652663,0.0,0.0,0.0,0.0,0.0,0.0,,1.0,1,0,0.0,0.0,1.8900000000000001,14.14,34.72,5.0,46.41,0.0,0.0,0.0,0.0,,,,,0.8796029852023076,0.4757085120356676,0.8796029852023076,0.4757085120356676,1.2512484046281278,0.7803676447230845,5.0,25.0,,0.0,0.0,6,0.0,0.0,0.4225277777777778,0.0,-0.0,31.25,2.0458333333333334,188,7,2024,96
2024-07-07,0.0,0.0,0,0.0,-6.3,5.4,0.6125,13.8,7.2749999999999995,1.7103724262697082,6.842105000814175,72.04166666666667,132.58333333333334,537.0,34.541666666666664,,,,,,,,15.162773297256097,0.957682259479766,0.0,0.0,0.0,0.0,0.0,0.0,,0.5833333333333334,0,0,0.0,0.0,0.07,14.14,34.72,4.0,46.41,0.0,0.0,0.0,0.0,,,,,0.261562124592939,0.9651866425611307,0.261562124592939,0.9651866425611307,1.2321808020918024,4.929166477669878,6.0,26.0,,0.0,0.0,6,0.0,0.0,0.4485277777777778,0.0,-0.0,43.65,-1.0583333333333333,189,7,2024,97
2024-07-08,0.0,3.7,0,0.0,1.7,5.9,3.6041666666666665,14.0,9.299999999999999,-1.6558059473810678,9.019403046443328,90.16666666666667,64.54166666666667,274.0,98.95833333333333,,,,,,,,348.07384407449916,0.9826756389387091,0.0,0.0,0.0,0.0,0.0,0.0,,0.0,0,0,0.0,0.0,0.0,14.14,34.72,3.0,46.41,0.0,0.0,0.0,0.0,,,,,-0.2066508601145286,0.9784147494871107,-0.2066508601145286,0.9784147494871107,-1.4929850292219298,8.132495080209734,7.0,27.0,,,0.0,6,0.0,0.0,0.4746944444444445,0.0,-0.0,55.8,2.9916666666666663,190,7,2024,98
2024-07-09,0.07,3.6,1,0.07,1.6,4.7,2.875,9.0,6.229166666666667,-3.706906045382976,4.814309499806963,95.0,63.833333333333336,361.0,97.25,,,,,,,,322.18247740354445,0.9796135654775179,2.8,5.9,5.9,95.0,-3.6324027044213834,4.649263446279661,322.0,0.0,0,1,0.07,0.07,0.07,14.21,34.79,2.0,46.48,0.0,0.0,0.0,0.0,,,,,-0.6131486757248357,0.7899675319004449,-0.6156614753256582,0.7880107536067221,-3.5215607431138274,4.5735940248166145,0.0,28.0,1.0,1.0,0.6300000000000001,0,0.011670750000000006,0.07,0.46366666666666667,0.4130000000000001,0.0,0.0,-0.7291666666666665,191,7,2024,99
2024-07-10,0.0,0.4,0,0.0,1.4,4.3,2.4583333333333335,13.0,10.308333333333334,-7.719544919085064,6.770098364374977,98.25,59.958333333333336,307.0,100.0,,,,,,,,311.7038778458404,0.9958015174340401,0.0,0.0,0.0,0.0,0.0,0.0,,0.0,0,0,0.07,0.07,0.07,12.600000000000001,34.79,2.0,46.48,0.0,0.0,0.0,0.0,,,,,-0.7465931570014361,0.6652808864822654,-0.7465931570014361,0.6652808864822654,-7.584452883001076,6.651621642998415,1.0,29.0,0.0,1.0,0.0,1,0.0,0.035,0.4630277777777778,0.0,-0.0,10.308333333333334,-0.4166666666666665,192,7,2024,100
2024-07-11,0.0,0.0,0,0.0,-1.4,6.4,2.2375,13.3,10.141666666666667,-5.921289807950397,8.096033073744449,64.95833333333333,88.75,384.0,87.75,,,,,,,,324.3303830418751,0.9890037035686398,0.0,0.0,0.0,0.0,0.0,0.0,,0.0,1,0,0.0,0.07,0.07,10.99,22.4,3.0,46.48,0.0,0.0,0.0,0.0,,,,,-0.5831104943336567,0.812392855334141,-0.5831104943336567,0.812392855334141,-3.8463711710811115,5.259048150819831,2.0,30.0,0.0,1.0,0.0,2,0.0,0.023333333333333334,0.4179166666666667,0.0,-0.0,20.283333333333335,-0.22083333333333366,193,7,2024,101
2024-07-12,0.0,0.1,0,0.0,-3.2,4.7,1.1875,11.6,5.329166666666667,-2.7019085393562836,4.2530183160524055,76.45833333333333,72.125,303.0,92.25,,,,,,,,325.97985947517986,0.9173995207349814,0.0,0.0,0.0,0.0,0.0,0.0,,0.0,1,0,0.0,0.0,0.07,10.99,19.25,3.0,46.48,0.0,0.0,0.0,0.0,,,,,-0.5594842909364088,0.8288409547044499,-0.5594842909364088,0.8288409547044499,-2.065834237382825,3.2517869208150683,3.0,31.0,,0.0,0.0,3,0.0,0.0,0.40738888888888886,0.0,-0.0,15.9875,-1.0499999999999998,194,7,2024,102
2024-07-13,0.21000000000000002,0.30000000000000004,3,0.07,-0.8,4.5,1.3083333333333333,15.1,8.566666666666666,-4.971820165909523,-5.162606826976286,87.58333333333333,120.29166666666667,509.0,73.5,,,,,,,,223.261554221243,0.7905825379283287,0.0,10.633333333333333,12.0,98.33333333333333,-8.02022677268531,-6.773521542858533,230.63899955249303,0.0,1,3,0.21000000000000002,0.21000000000000002,0.28,2.17,19.46,3.0,46.69,0.0,0.0,0.0,0.0,,,,,-0.6853298591028052,-0.7282327816173405,-0.7731654368533167,-0.6342043891801916,-4.3544858286424235,-4.521583145960063,0.0,32.0,1.0,0.75,3.1710000000000003,0,0.045521875,0.21000000000000002,0.4721388888888889,2.233,0.0,0.0,0.12083333333333335,195,7,2024,103
2024-07-14,2.73,3.9000000000000004,9,0.77,-3.2,-0.2,-1.8166666666666667,14.2,9.858333333333333,-9.478019228183223,1.3113902621723434,93.79166666666667,63.958333333333336,309.0,91.83333333333333,,,,,,,,276.54167309809645,0.9702052566297109,-0.8999999999999999,10.477777777777778,12.3,89.44444444444444,-10.062165490826194,2.1431211181871417,281.75510370008095,0.0,0,9,2.94,2.94,3.01,3.08,21.77,3.0,49.42,0.0,0.0,0.0,0.0,,,,,-0.9934892564704756,0.11392584113247345,-0.9790273289323778,0.203728960149346,-8.889592201100182,1.2299747833958106,0.0,33.0,0.9285714285714286,0.9767441860465117,38.766,0,0.6464914895833332,2.94,0.3552777777777778,28.604333333333333,0.0,0.0,-3.125,196,7,2024,104
2024-07-15,8.12,12.5,12,1.4,-3.6,-1.7,-2.4625,26.7,21.75,-18.312265049284488,11.635715442891147,97.0,43.666666666666664,228.0,100.0,,,,,,,,301.7108970407246,0.9971162235931557,-2.0749999999999997,24.483333333333334,26.7,95.91666666666667,-20.14071443754518,13.883269850807308,304.50046976901115,0.0,0,11,10.85,11.059999999999999,11.129999999999999,11.129999999999999,29.33,3.0,57.54,0.0,0.0,0.0,0.0,,,,,-0.8507111549832798,0.5256334566853733,-0.8241215446205343,0.5664129939295749,-17.762897097805954,11.286643979604412,0.0,34.0,0.7341772151898734,0.9937106918238994,100.0,0,1.701048015625,11.059999999999999,0.3524444444444444,198.80466666666666,0.0,0.0,-0.6458333333333333,197,7,2024,105
2024-07-16,9.24,16.1,18,1.54,-1.6,2.5,0.5125000000000001,28.6,14.904166666666667,-8.086242567334066,-2.6739940146432315,96.91666666666667,31.708333333333332,172.0,100.0,,,,,,,,237.71737078530282,0.6057712585157742,0.17222222222222222,15.955555555555556,28.6,96.38888888888889,-9.814421378134547,-0.08592313474696765,254.35270697725906,0.0,0,9,17.36,20.089999999999996,20.299999999999997,20.369999999999997,38.22,3.0,66.78,0.0,0.0,0.0,0.0,,,,,-0.8454237979270766,-0.5340960605533032,-0.9629402671949582,-0.26971474155948993,-7.836916754841266,-2.5915458658583987,0.0,35.0,0.4599303135888503,0.9896551724137931,100.0,0,1.817434564814815,20.089999999999996,0.39975000000000005,147.42933333333335,0.0,0.0,2.975,198,7,2024,106
2024-07-17,0.91,3.0,8,0.21,0.1,2.7,0.9916666666666667,16.5,9.333333333333334,-2.0334478345034896,-8.358318127203656,96.45833333333333,61.333333333333336,383.0,96.625,,,,,,,,198.30686867231822,0.825223756795699,0.925,10.525,16.5,99.375,-1.3093739669239182,-10.335663424500206,185.06451140420674,0.0,0,5,10.15,18.269999999999996,21.209999999999997,21.279999999999998,38.78,3.0,67.69,0.0,0.0,0.0,0.0,,,,,-0.3141062717364197,-0.9493878291066546,-0.08827733914610336,-0.9960959348342326,-1.9614298903648242,-8.062294360198527,0.0,36.0,0.04980842911877396,0.8613861386138613,15.015,1,0.17929434960937496,18.269999999999996,0.42241666666666666,9.57775,0.0,9.333333333333334,0.47916666666666663,199,7,2024,107
2024-07-18,0.0,0.0,0,0.0,-2.9,1.5,-0.7875,17.6,10.079166666666667,-8.210113770580397,5.598771379354843,93.25,102.33333333333333,421.0,87.83333333333333,,,,,,,,304.6465471790915,0.9824174269608601,0.0,0.0,0.0,0.0,0.0,0.0,,0.041666666666666664,1,0,0.91,10.15,21.209999999999997,21.279999999999998,38.78,3.0,67.69,0.0,0.0,0.0,0.0,,,,,-0.8226747798229491,0.5685122748395695,-0.8226747798229491,0.5685122748395695,-7.65593109106622,5.220854311248392,1.0,37.0,0.0,0.4785478547854786,0.0,2,0.0,5.075,0.41238888888888886,0.0,-0.0,20.158333333333335,-1.7791666666666668,200,7,2024,108
2024-07-19,1.05,2.0,8,0.21,-3.5,0.7,-1.7666666666666666,51.7,25.508333333333336,-20.05173203694677,15.6944588418062,94.70833333333333,61.416666666666664,332.0,98.75,,,,,,,,307.7898249179722,0.9981238343261786,-0.6375,35.075,51.7,99.375,-26.986959900539762,22.303307540489186,309.7505288733152,0.0,0,7,1.05,1.96,22.259999999999998,22.33,39.83,2.0,68.74,0.0,0.0,0.0,0.0,,,,,-0.7902638452717541,0.6127667214008126,-0.7688359296474104,0.6394460988099014,-18.990661216658335,14.863960394760623,0.0,38.0,0.5357142857142857,0.08805031446540881,54.285000000000004,3,0.15680755371093744,1.96,0.37219444444444444,36.82875000000001,0.0,76.525,-0.9791666666666666,201,7,2024,109
2024-07-20,31.22,45.5,24,3.01,-2.5,0.5,-1.1833333333333333,34.7,24.974999999999998,-20.84208384994497,13.29400182291738,98.29166666666667,27.208333333333332,133.0,100.0,,,,,,,,302.31685486999953,0.9901841223641499,-1.1833333333333333,24.974999999999998,34.7,98.29166666666667,-20.84208384994497,13.29400182291738,302.31685486999953,0.0,1,24,32.269999999999996,32.269999999999996,53.269999999999996,53.55,71.05,2.0,99.96,0.0,0.0,0.0,0.0,,,,,-0.8451046046294863,0.5346009794548076,-0.8451046046294863,0.5346009794548076,-20.48603158417508,13.066895958442542,0.0,0.0,0.9674620390455533,0.6057818659658344,100.0,0,6.003634455729165,32.269999999999996,0.35688888888888887,779.7194999999999,0.0,0.0,0.5833333333333333,202,7,2024,110
2024-07-21,0.07,0.7000000000000001,1,0.07,-1.9,1.7,0.1166666666666667,20.1,15.108333333333334,-13.887478887662176,4.362634168622372,94.0,121.04166666666667,522.0,81.625,,,,,,,,286.9140831663136,0.9608191671027118,0.0,19.5,19.5,100.0,-18.744603070797215,5.374928438431488,286.0,0.125,1,1,31.29,32.339999999999996,50.61,53.62,67.75999999999999,3.0,100.03,0.0,0.0,0.0,0.0,,,,,-0.9567421012469903,0.290937367317252,-0.9612616959383188,0.2756373558169994,-13.054230154402447,4.10087611850503,0.0,1.0,0.002164502164502165,0.6390041493775933,1.4070000000000003,1,0.013234375000000001,32.339999999999996,0.43180555555555555,1.3650000000000002,0.0,15.108333333333334,1.3,203,7,2024,111
2024-07-22,0.0,0.5,0,0.0,0.2,4.1,2.125,19.1,15.4375,-12.64673841236686,8.776806622967962,95.58333333333333,97.79166666666667,485.0,94.45833333333333,,,,,,,,305.1614392840171,0.996848842592513,0.0,0.0,0.0,0.0,0.0,0.0,,0.0,0,0,0.07,31.29,42.489999999999995,53.62,67.75999999999999,3.0,100.03,0.0,0.0,0.0,0.0,,,,,-0.8175326587975303,0.5758822377877624,-0.8175326587975303,0.5758822377877624,-12.088174132487323,8.389164330453543,1.0,2.0,0.0,0.7364085667215816,0.0,2,0.0,15.645,0.47491666666666665,0.0,-0.0,30.875,2.0083333333333333,204,7,2024,112
2024-07-23,0.0,0.0,0,0.0,-0.6,5.2,1.7791666666666668,16.5,12.983333333333334,-9.508631170516166,8.78866401609554,89.5,133.41666666666666,503.0,63.208333333333336,,,,,,,,312.5840174173587,0.9972745932429371,0.0,0.0,0.0,0.0,0.0,0.0,,0.16666666666666666,0,0,0.0,0.07,33.25,53.55,67.75999999999999,3.0,100.03,0.0,0.0,0.0,0.0,,,,,-0.7362858721436335,0.6766706100324507,-0.7362858721436335,0.6766706100324507,-8.51022489761197,7.865854294405508,2.0,3.0,0.0,0.0021052631578947372,0.0,3,0.0,0.023333333333333334,0.5028333333333334,0.0,-0.0,38.95,-0.3458333333333332,205,7,2024,113
2024-07-24,0.0,0.0,0,0.0,-1.4,5.5,0.9666666666666667,17.8,15.5875,-10.714263811501192,11.264865729145455,72.375,132.875,565.0,85.70833333333333,,,,,,,,316.4180050667152,0.9973633910461546,0.0,0.0,0.0,0.0,0.0,0.0,,0.0,1,0,0.0,0.0,32.339999999999996,53.55,67.75999999999999,4.0,100.03,0.0,0.0,0.0,0.0,,,,,-0.6893919403497688,0.7243885370302189,-0.6893919403497688,0.7243885370302189,-7.754448433573987,8.152946571469023,3.0,4.0,,0.0,0.0,4,0.0,0.0,0.4520555555555556,0.0,-0.0,62.35,-0.8125000000000001,206,7,2024,114
2024-07-25,8.26,20.5,11,1.68,0.9,4.2,2.5500000000000003,35.9,25.4375,-17.754135171611914,18.122908538826,90.125,49.458333333333336,274.0,79.54166666666667,,,,,,,,315.8401877334335,0.9969816426805252,2.6636363636363636,22.11818181818182,25.7,98.63636363636364,-15.15755319487095,15.945351808194836,316.56444317648044,0.0,0,11,8.26,8.26,40.599999999999994,61.809999999999995,76.02,3.0,108.28999999999999,0.0,0.0,0.0,0.0,,,,,-0.696662084375264,0.7173994286266978,-0.6875382788239929,0.7261481358178519,-16.000914323415238,16.33327132061693,0.0,5.0,1.0,0.20344827586206898,100.0,5,1.0961073331611566,8.26,0.4267222222222222,182.69618181818183,0.0,127.1875,1.5833333333333335,207,7,2024,115
2024-07-26,0.0,0.4,0,0.0,-1.2,4.8,1.3,26.3,13.941666666666668,-10.33020797265309,8.678557439764258,74.04166666666667,147.83333333333334,580.0,40.291666666666664,,,,,,,,314.63747098339775,0.9636391622527422,0.0,0.0,0.0,0.0,0.0,0.0,,0.5,1,0,8.26,8.26,39.55,61.809999999999995,74.41,4.0,108.28999999999999,0.0,0.0,0.0,0.0,,,,,-0.7115666912514956,0.7026185621668408,-0.7115666912514956,0.7026185621668408,-7.6486581530852265,6.425748571025454,1.0,6.0,0.0,0.2088495575221239,0.0,6,0.0,4.13,0.45202777777777775,0.0,-0.0,83.65,-1.2500000000000002,208,7,2024,116
2024-07-27,3.3600000000000003,4.7,4,1.26,-3.0,4.7,0.2625,14.5,11.891666666666666,-7.961205658977434,8.394494447464004,65.66666666666667,153.375,600.0,31.958333333333332,,,,,,,,317.1981291476676,0.9724852364140594,-0.175,13.3,14.5,98.25,-11.168515616432845,6.978004298390282,301.7568255611102,0.5833333333333334,1,4,3.3600000000000003,11.620000000000001,11.690000000000001,64.96,76.16,4.0,111.64999999999999,0.0,0.0,0.0,0.0,,,,,-0.6794652620379337,0.7337076786321117,-0.8502895318786579,0.5263152211152294,-5.227858382728515,5.512384687168029,0.0,7.0,0.2891566265060241,0.9940119760479041,48.720000000000006,2,0.7126061250000001,11.620000000000001,0.42558333333333337,44.68800000000001,0.0,23.78333333333333,-1.0375,209,7,2024,117
2024-07-28,3.64,5.2,17,0.42,-5.1,-1.3,-3.3666666666666667,14.8,11.645833333333334,-10.82794675488642,-1.141555526026796,94.79166666666667,61.666666666666664,253.0,98.0,,,,,,,,267.033888590635,0.9363062305636579,-2.947058823529412,11.794117647058824,14.4,94.05882352941177,-11.223151400476238,-1.5275592396639317,264.7317655808869,0.0,0,12,7.0,7.0,15.26,65.87,79.8,3.0,115.28999999999999,0.0,0.0,0.0,0.0,,,,,-0.9986603150920357,-0.05174529022313145,-0.9957757566961802,-0.091818529590435,-10.263991194736086,-1.0820995090462338,0.0,8.0,0.52,0.45871559633027525,53.87200000000001,3,1.004487086937716,7.0,0.35708333333333336,42.930588235294124,0.0,34.9375,-3.629166666666667,210,7,2024,118
2024-07-29,0.14,0.2,2,0.07,-7.3,0.2,-3.3166666666666664,17.7,12.6625,-0.6399874741324102,-11.852451936706087,85.04166666666667,141.20833333333334,594.0,48.041666666666664,,,,,,,,179.2197375080156,0.9340461335529906,-3.8,17.5,17.7,97.5,1.07320896979341,-17.46105373182713,176.5,0.4583333333333333,1,2,3.7800000000000002,7.140000000000001,15.4,57.88999999999999,70.91,4.0,115.42999999999999,0.0,0.0,0.0,0.0,,,,,0.013617728595471666,-0.9999072744349349,0.06104853953485675,-0.998134798421867,-0.5442560144601039,-10.079522667840468,0.0,9.0,0.0196078431372549,0.4636363636363637,2.478,4,0.037734375,7.140000000000001,0.3820555555555556,2.45,0.0,50.65,0.050000000000000266,211,7,2024,119
2024-07-30,0.0,0.0,0,0.0,-3.3,3.7,-0.425,8.9,6.6125,4.8152525242405115,-3.665036437080381,58.375,157.95833333333334,595.0,7.333333333333333,,,,,,,,127.3344257349992,0.8902252725881206,0.0,0.0,0.0,0.0,0.0,0.0,,0.9166666666666666,1,0,0.14,3.7800000000000002,15.4,48.65,69.09,5.0,115.42999999999999,0.0,0.0,0.0,0.0,,,,,0.7951092337504043,-0.6064662450663226,0.7951092337504043,-0.6064662450663226,2.8109036610253986,-2.1394650201456726,1.0,10.0,0.0,0.24545454545454545,0.0,5,0.0,1.8900000000000001,0.38211111111111107,0.0,-0.0,33.0625,2.8916666666666666,212,7,2024,120
2024-07-31,0.0,0.0,0,0.0,-6.1,3.9,-0.09999999999999998,8.7,6.329166666666667,5.572524757732379,-0.7736812033794105,60.083333333333336,158.16666666666666,580.0,6.791666666666667,,,,,,,,98.1216269070501,0.8572150961295492,0.0,0.0,0.0,0.0,0.0,0.0,,0.9166666666666666,1,0,0.0,0.14,15.4,47.739999999999995,69.02,5.0,115.42999999999999,0.0,0.0,0.0,0.0,,,,,0.9899704025076396,-0.1412749169487,0.9899704025076396,-0.1412749169487,3.3481586252708713,-0.4648534563637958,2.0,11.0,0.0,0.009090909090909092,0.0,6,0.0,0.04666666666666667,0.3923888888888889,0.0,-0.0,37.975,0.325,213,7,2024,121
2024-08-01,0.0,0.0,0,0.0,-8.2,3.9,-2.0708333333333333,7.6,5.220833333333333,3.44975544101357,2.503593277065968,72.04166666666667,164.33333333333334,600.0,1.75,,,,,,,,62.75387058240908,0.7338398649070986,0.0,0.0,0.0,0.0,0.0,0.0,,1.0,1,0,0.0,0.0,7.140000000000001,47.739999999999995,69.02,6.0,115.42999999999999,0.0,0.0,0.0,0.0,,,,,0.8890480708579748,0.4578138570464131,0.8890480708579748,0.4578138570464131,2.4852613156301926,1.8036303233529412,3.0,12.0,,0.0,0.0,4,0.0,0.0,0.43636111111111114,0.0,-0.0,20.883333333333333,-1.9708333333333332,214,8,2024,122
2024-08-02,0.0,0.0,0,0.0,-8.9,4.7,-2.0416666666666665,7.6,5.9875,-2.7098904217861057,4.843885278432581,58.166666666666664,165.20833333333334,600.0,7.625,,,,,,,,330.62435380431185,0.927530406842163,0.0,0.0,0.0,0.0,0.0,0.0,,0.875,1,0,0.0,0.0,7.140000000000001,46.69,69.02,6.0,115.42999999999999,0.0,0.0,0.0,0.0,,,,,-0.490533396303461,0.8714223930511492,-0.490533396303461,0.8714223930511492,-1.5762529286722513,2.817526603621618,4.0,13.0,,0.0,0.0,5,0.0,0.0,0.4084722222222223,0.0,-0.0,29.9375,0.029166666666666785,215,8,2024,123
2024-08-03,0.0,0.0,0,0.0,-2.6,5.3,0.4375,12.1,8.104166666666666,-5.146163595666251,6.047247129367368,60.75,163.04166666666666,600.0,69.75,,,,,,,,318.8271496151752,0.9763233362073804,0.0,0.0,0.0,0.0,0.0,0.0,,0.125,1,0,0.0,0.0,3.7800000000000002,15.47,69.02,6.0,115.42999999999999,0.0,0.0,0.0,0.0,,,,,-0.6583328542463417,0.7527269445289341,-0.6583328542463417,0.7527269445289341,-3.1262943843672475,3.6737026310906757,5.0,14.0,,0.0,0.0,6,0.0,0.0,0.42897222222222225,0.0,-0.0,48.625,2.4791666666666665,216,8,2024,124
2024-08-04,0.0,0.0,0,0.0,-7.1,4.3,-1.3208333333333333,6.9,5.425,-2.8288925866420374,4.299076821234228,74.70833333333333,159.79166666666666,600.0,87.66666666666667,,,,,,,,326.8215211168459,0.9491672203451258,0.0,0.0,0.0,0.0,0.0,0.0,,0.08333333333333333,1,0,0.0,0.0,0.14,15.4,69.02,7.0,115.42999999999999,0.0,0.0,0.0,0.0,,,,,-0.5472488841914006,0.8369699270292016,-0.5472488841914006,0.8369699270292016,-2.1134185032704886,3.2117686418637375,6.0,15.0,,0.0,0.0,6,0.0,0.0,0.4511111111111111,0.0,-0.0,32.55,-1.7583333333333333,217,8,2024,125
2024-08-05,0.49000000000000005,0.7000000000000001,6,0.14,-6.5,3.2,-0.7916666666666666,10.4,6.008333333333333,-3.311915553633133,4.792082617419258,82.375,77.04166666666667,376.0,90.25,,,,,,,,328.7249043887203,0.9713385986936364,1.7333333333333334,8.233333333333333,10.4,80.5,-5.853582412708792,5.534889665188562,316.93553217442127,0.0,1,5,0.49000000000000005,0.49000000000000005,0.49000000000000005,15.89,69.50999999999999,7.0,115.92,0.0,0.0,0.0,0.0,,,,,-0.5191476606789666,0.8546845654459642,-0.6828208296763455,0.7305858707640788,-2.7281904373052934,3.947478056099113,0.0,16.0,1.0,1.0,5.096000000000001,0,0.0908446388888889,0.49000000000000005,0.39705555555555555,4.0343333333333335,0.0,0.0,0.5291666666666667,218,8,2024,126
2024-08-06,0.0,0.0,0,0.0,-8.3,3.5,-1.7958333333333334,14.1,9.0625,-6.079658386036358,6.282638509475855,86.16666666666667,161.375,600.0,17.5,,,,,,,,319.594834741842,0.9533712194992662,0.0,0.0,0.0,0.0,0.0,0.0,,0.5833333333333334,1,0,0.49000000000000005,0.49000000000000005,0.49000000000000005,15.89,69.50999999999999,7.0,115.92,0.0,0.0,0.0,0.0,,,,,-0.6481885516877417,0.7614798759395732,-0.6481885516877417,0.7614798759395732,-5.238638975967996,5.413540182331696,1.0,17.0,0.0,1.0,0.0,1,0.0,0.24500000000000002,0.4725833333333333,0.0,-0.0,9.0625,-1.0041666666666669,219,8,2024,127
2024-08-07,0.0,0.0,0,0.0,-2.2,4.8,1.0,12.5,8.145833333333334,-5.1521405874501545,5.7012087924695685,83.29166666666667,153.83333333333334,541.0,48.958333333333336,,,,,,,,321.93400427426326,0.9255430698733826,0.0,0.0,0.0,0.0,0.0,0.0,,0.3333333333333333,1,0,0.0,0.49000000000000005,0.49000000000000005,15.89,69.50999999999999,7.0,115.92,0.0,0.0,0.0,0.0,,,,,-0.6165687311522123,0.7873010858403225,-0.6165687311522123,0.7873010858403225,-4.291303764297025,4.748631823394445,2.0,18.0,0.0,1.0,0.0,2,0.0,0.16333333333333336,0.4868611111111112,0.0,-0.0,16.291666666666668,2.7958333333333334,220,8,2024,128
2024-08-08,0.0,0.0,0,0.0,-0.9,6.5,2.1999999999999997,17.4,12.3375,-7.5343507510593675,9.612984042328163,67.70833333333333,151.79166666666666,600.0,66.83333333333333,,,,,,,,322.7487967180366,0.9898972937344752,0.0,0.0,0.0,0.0,0.0,0.0,,0.2916666666666667,0,0,0.0,0.0,0.49000000000000005,7.630000000000001,69.44,6.0,115.92,0.0,0.0,0.0,0.0,,,,,-0.6053107049322102,0.7959892904395578,-0.6053107049322102,0.7959892904395578,-5.10138332102978,6.508791278659693,3.0,19.0,,0.0,0.0,3,0.0,0.0,0.4713333333333333,0.0,-0.0,37.0125,1.1999999999999997,221,8,2024,129
2024-08-09,0.0,0.0,0,0.0,-1.6,6.1,2.316666666666667,19.5,9.112499999999999,-6.484120103410297,5.874052046826912,87.75,126.25,573.0,71.45833333333333,,,,,,,,316.6901585436545,0.9270523904915585,0.0,0.0,0.0,0.0,0.0,0.0,,0.125,1,0,0.0,0.0,0.49000000000000005,7.630000000000001,69.44,6.0,115.92,0.0,0.0,0.0,0.0,,,,,-0.6859433492916296,0.727654946772563,-0.6859433492916296,0.727654946772563,-5.6898153907425355,5.1544806710906155,4.0,20.0,,0.0,0.0,4,0.0,0.0,0.5122222222222222,0.0,-0.0,36.449999999999996,0.11666666666666714,222,8,2024,130
2024-08-10,0.0,0.0,0,0.0,-3.5,7.3,2.2666666666666666,6.2,4.341666666666667,0.08564427283493829,2.8357480545383638,77.95833333333333,151.91666666666666,596.0,72.58333333333333,,,,,,,,353.7970921469059,0.5887968494821115,0.0,0.0,0.0,0.0,0.0,0.0,,0.20833333333333334,1,0,0.0,0.0,0.49000000000000005,4.2700000000000005,69.44,6.0,115.92,0.0,0.0,0.0,0.0,,,,,-0.10804981032956962,0.9941454815507357,-0.10804981032956962,0.9941454815507357,0.06676684769757064,2.2107019208505325,5.0,21.0,,0.0,0.0,5,0.0,0.0,0.523361111111111,0.0,-0.0,21.708333333333336,-0.050000000000000266,223,8,2024,131
2024-08-11,0.0,0.0,0,0.0,-1.2,9.3,4.383333333333334,7.6,4.7625,-0.37361226523276764,2.7877243853097315,60.5,171.625,600.0,5.333333333333333,,,,,,,,344.4402508045215,0.5661181225697608,0.0,0.0,0.0,0.0,0.0,0.0,,0.9166666666666666,0,0,0.0,0.0,0.49000000000000005,0.6300000000000001,69.44,5.0,115.92,0.0,0.0,0.0,0.0,,,,,-0.268243123877702,0.9633512477244901,-0.268243123877702,0.9633512477244901,-0.22603542046582445,1.6865732531123876,6.0,22.0,,0.0,0.0,6,0.0,0.0,0.5227499999999999,0.0,-0.0,28.575000000000003,2.116666666666667,224,8,2024,132
2024-08-12,0.0,0.0,0,0.0,-1.7,7.6,2.8333333333333335,8.7,5.425,-2.081007200618251,4.022330597168317,62.291666666666664,182.08333333333334,600.0,0.125,,,,,,,,326.9237104633197,0.8409648841281443,0.0,0.0,0.0,0.0,0.0,0.0,,1.0,0,0,0.0,0.0,0.0,0.49000000000000005,69.22999999999999,4.0,115.92,0.0,0.0,0.0,0.0,,,,,-0.5457552447697039,0.837944635883756,-0.5457552447697039,0.837944635883756,-1.296294068718452,2.5055767678194307,7.0,23.0,,,0.0,6,0.0,0.0,0.4979166666666666,0.0,-0.0,32.55,-1.5500000000000003,225,8,2024,133
2024-08-13,0.0,0.0,0,0.0,1.6,7.5,4.108333333333333,11.8,7.6000000000000005,-4.108603978789269,6.227451210207409,80.375,166.29166666666666,600.0,38.5,,,,,,,,326.5817603270127,0.9809525877866165,0.0,0.0,0.0,0.0,0.0,0.0,,0.4166666666666667,0,0,0.0,0.0,0.0,0.49000000000000005,66.49999999999999,3.0,115.92,0.0,0.0,0.0,0.0,,,,,-0.550746479616249,0.834672579632462,-0.550746479616249,0.834672579632462,-3.3022904479518744,5.0053139102042055,8.0,24.0,,,0.0,6,0.0,0.0,0.5454444444444445,0.0,-0.0,45.6,1.275,226,8,2024,134
2024-08-14,0.0,1.0,0,0.0,-0.3,8.3,4.4125000000000005,12.2,6.4750000000000005,-3.8211091296857997,4.887465866186705,91.33333333333333,133.83333333333334,520.0,72.20833333333333,,,,,,,,322.9054295390393,0.9309448760726826,0.0,0.0,0.0,0.0,0.0,0.0,,0.08333333333333333,0,0,0.0,0.0,0.0,0.49000000000000005,58.38,2.0,115.92,0.0,0.0,0.0,0.0,,,,,-0.6031324033254412,0.7976410872434277,-0.6031324033254412,0.7976410872434277,-3.489946338446364,4.463885491117191,9.0,25.0,,,0.0,6,0.0,0.0,0.5781111111111111,0.0,-0.0,38.85,0.30416666666666714,227,8,2024,135
2024-08-15,0.0,0.0,0,0.0,-1.9,11.2,4.533333333333333,5.5,3.6666666666666665,-0.18531737686576522,2.588615962942313,73.58333333333333,174.08333333333334,600.0,31.375,,,,,,,,356.952442997113,0.7322682772213447,0.0,0.0,0.0,0.0,0.0,0.0,,0.625,0,0,0.0,0.0,0.0,0.49000000000000005,49.14,2.0,115.92,0.0,0.0,0.0,0.0,,,,,-0.053164826880091845,0.9985857505406383,-0.053164826880091845,0.9985857505406383,-0.13636270314372556,1.9047899127317185,10.0,26.0,,,0.0,6,0.0,0.0,0.6102222222222222,0.0,-0.0,22.0,0.12083333333333268,228,8,2024,136
2024-08-16,0.0,2.6,0,0.0,1.2,7.9,4.595833333333333,14.7,10.754166666666668,-7.433510432576078,7.3275136315886655,90.875,123.125,527.0,74.25,,,,,,,,318.26251247516393,0.9643990789299333,0.0,0.0,0.0,0.0,0.0,0.0,,0.25,0,0,0.0,0.0,0.0,0.49000000000000005,48.23,1.0,115.92,0.0,0.0,0.0,0.0,,,,,-0.6657187232125532,0.7462027750981954,-0.6657187232125532,0.7462027750981954,-6.755202605603511,6.6588780127062,11.0,27.0,,,0.0,6,0.0,0.0,0.5605555555555556,0.0,-0.0,64.525,0.0625,229,8,2024,137
2024-08-17,0.42000000000000004,1.1,3,0.28,0.9,3.2,1.9124999999999999,16.8,13.9125,-12.283093099466877,6.179563454764257,95.5,124.29166666666667,491.0,96.08333333333333,,,,,,,,295.76486623847893,0.9820795383771198,1.7333333333333334,12.033333333333333,15.1,97.66666666666667,-10.905843761010571,3.5451069864100764,282.01203338465945,0.0,0,2,0.42000000000000004,0.42000000000000004,0.42000000000000004,0.9100000000000001,48.65,0.0,116.34,0.0,0.0,0.0,0.0,,,,,-0.9005854857497897,0.4346789422744279,-0.9781039130943496,0.20811711892470755,-11.730353909990868,5.901483099299866,0.0,28.0,1.0,1.0,7.056000000000001,0,0.07374383333333334,0.42000000000000004,0.47230555555555553,5.054,0.0,0.0,-2.6833333333333336,230,8,2024,138
2024-08-18,0.0,1.5,0,0.0,0.4,5.4,2.5708333333333333,13.6,7.075,-0.04006532222393283,-4.46730994380711,93.125,116.25,534.0,83.54166666666667,,,,,,,,187.73934468605384,0.486853381050499,0.0,0.0,0.0,0.0,0.0,0.0,,0.041666666666666664,0,0,0.42000000000000004,0.42000000000000004,0.42000000000000004,0.9100000000000001,47.6,0.0,116.34,0.0,0.0,0.0,0.0,,,,,-0.13466665630358957,-0.9908909585216785,-0.13466665630358957,-0.9908909585216785,-0.03731083132103745,-4.160182385170371,1.0,29.0,0.0,1.0,0.0,1,0.0,0.21000000000000002,0.5079166666666667,0.0,-0.0,7.075,0.6583333333333334,231,8,2024,139
2024-08-19,0.0,0.0,0,0.0,-2.0,7.3,2.0791666666666666,8.7,6.083333333333333,-3.646391040256667,4.526944087088879,83.33333333333333,183.91666666666666,600.0,9.0,,,,,,,,320.3866267060925,0.9546114672397968,0.0,0.0,0.0,0.0,0.0,0.0,,0.7916666666666666,0,0,0.0,0.42000000000000004,0.42000000000000004,0.42000000000000004,16.38,0.0,116.34,0.0,0.0,0.0,0.0,,,,,-0.6376038163469283,0.7703644419233228,-0.6376038163469283,0.7703644419233228,-3.038659200213889,3.772453405907399,2.0,30.0,0.0,1.0,0.0,2,0.0,0.14,0.5626111111111111,0.0,-0.0,12.166666666666666,-0.4916666666666667,232,8,2024,140
2024-08-20,0.0,0.3,0,0.0,0.4,7.3,4.191666666666666,30.1,13.808333333333332,-8.786309564100721,10.487914105213,85.29166666666667,152.33333333333334,579.0,82.66666666666667,,,,,,,,321.94583588010426,0.988805231082431,0.0,0.0,0.0,0.0,0.0,0.0,,0.0,0,0,0.0,0.0,0.42000000000000004,0.42000000000000004,16.31,0.0,116.34,0.0,0.0,0.0,0.0,,,,,-0.6164061399570296,0.7874283907907276,-0.6164061399570296,0.7874283907907276,-7.493989865714241,8.945316738904587,3.0,31.0,,0.0,0.0,3,0.0,0.0,0.5480833333333334,0.0,-0.0,41.425,2.1125,233,8,2024,141
2024-08-21,0.0,5.4,0,0.0,3.0,5.8,4.304166666666666,33.5,22.458333333333332,-18.559650506194355,12.411099144882982,95.41666666666667,142.0,588.0,92.70833333333333,,,,,,,,304.1665846854638,0.9947506341274899,0.0,0.0,0.0,0.0,0.0,0.0,,0.0,0,0,0.0,0.0,0.42000000000000004,0.42000000000000004,16.31,0.0,116.34,0.0,0.0,0.0,0.0,,,,,-0.8274082447044973,0.5616009228936708,-0.8274082447044973,0.5616009228936708,-17.70899985799378,11.842257100742513,4.0,32.0,,0.0,0.0,4,0.0,0.0,0.5416111111111112,0.0,-0.0,89.83333333333333,0.11249999999999982,234,8,2024,142
2024-08-22,0.0,2.5,0,0.0,1.8,4.9,2.8791666666666664,20.1,15.991666666666667,-13.600301253492637,8.364720246660758,94.875,127.95833333333333,538.0,97.33333333333333,,,,,,,,301.5414285798641,0.9983891539135369,0.0,0.0,0.0,0.0,0.0,0.0,,0.0,0,0,0.0,0.0,0.42000000000000004,0.42000000000000004,16.31,0.0,116.34,0.0,0.0,0.0,0.0,,,,,-0.852262141008013,0.5231149424404141,-0.852262141008013,0.5231149424404141,-12.90328581425114,7.936028334019394,5.0,33.0,,0.0,0.0,5,0.0,0.0,0.5104444444444445,0.0,-0.0,79.95833333333334,-1.4249999999999998,235,8,2024,143
2024-08-23,0.0,0.2,0,0.0,1.6,7.8,4.104166666666667,21.4,13.575000000000001,-10.53527704697578,8.419684516025564,79.375,179.25,600.0,88.75,,,,,,,,309.49481179307566,0.9926961015339004,0.0,0.0,0.0,0.0,0.0,0.0,,0.0,0,0,0.0,0.0,0.42000000000000004,0.42000000000000004,16.31,0.0,116.34,0.0,0.0,0.0,0.0,,,,,-0.7716821779295213,0.6360083460662687,-0.7716821779295213,0.6360083460662687,-8.362376156037026,6.683124584595292,6.0,34.0,,0.0,0.0,6,0.0,0.0,0.5574166666666667,0.0,-0.0,81.45,1.2250000000000005,236,8,2024,144
2024-08-24,0.0,0.2,0,0.0,4.4,9.1,6.545833333333333,34.7,24.150000000000002,-19.169451892328922,14.554071434920713,85.79166666666667,128.54166666666666,493.0,60.25,,,,,,,,307.2040596918853,0.9964264768187157,0.0,0.0,0.0,0.0,0.0,0.0,,0.25,0,0,0.0,0.0,0.0,0.42000000000000004,8.05,0.0,116.34,0.0,0.0,0.0,0.0,,,,,-0.7964870771605248,0.6046555514640416,-0.7964870771605248,0.6046555514640416,-16.445792269293857,12.48618045187573,7.0,35.0,,,0.0,6,0.0,0.0,0.5738888888888889,0.0,-0.0,144.9,2.4416666666666664,237,8,2024,145
2024-08-25,0.63,29.0,2,0.42,4.8,11.6,7.05,27.8,15.783333333333333,-11.22907668953687,10.557804098554536,84.16666666666667,101.29166666666667,573.0,98.66666666666667,,,,,,,,313.4428182272836,0.9756220413661326,5.75,15.399999999999999,17.7,97.0,-15.297800475697596,1.641990538649019,276.5,0.0,0,2,0.63,0.63,0.63,1.05,8.68,0.0,116.97,0.0,0.0,0.0,0.0,,,,,-0.7260609945449076,0.6876303019795301,-0.9935718556765876,0.11320321376790658,-9.451139547026866,8.886151782950067,0.0,36.0,1.0,1.0,17.514,0,0.05405203124999997,0.63,0.6058611111111111,9.702,0.0,0.0,0.5041666666666664,238,8,2024,146
2024-08-26,0.14,2.9,2,0.07,1.0,3.7,2.5124999999999997,27.0,22.575,-19.20653869437941,11.540772917932683,98.5,105.125,413.0,99.75,,,,,,,,301.276667950236,0.9925618509323548,1.3,24.200000000000003,24.3,100.0,-22.079630798410832,9.824756108836937,294.0,0.0,0,2,0.77,0.77,0.77,1.19,5.46,0.0,117.11,0.0,0.0,0.0,0.0,,,,,-0.8546703184187463,0.5191711151576124,-0.9135454576426011,0.40673664307579976,-18.918440613963718,11.367661324163693,0.0,37.0,0.18181818181818182,1.0,3.7800000000000002,1,0.021238875000000008,0.77,0.4806388888888889,3.388000000000001,0.0,22.575,-4.5375,239,8,2024,147
2024-08-27,0.0,0.4,0,0.0,2.3,7.1,4.691666666666666,40.8,24.05,-19.41170017057037,14.135084856427945,88.54166666666667,145.66666666666666,565.0,90.66666666666667,,,,,,,,305.6250363173286,0.9984292292242629,0.0,0.0,0.0,0.0,0.0,0.0,,0.0,0,0,0.14,0.77,0.77,1.19,1.8200000000000003,0.0,117.11,0.0,0.0,0.0,0.0,,,,,-0.81284631538391,0.5824782120962132,-0.81284631538391,0.5824782120962132,-17.187442859359184,12.51543971662891,1.0,38.0,0.0,1.0,0.0,2,0.0,0.385,0.5500277777777778,0.0,-0.0,48.1,2.1791666666666667,240,8,2024,148
2024-08-28,1.47,7.3,7,0.42,1.3,6.1,3.5583333333333336,40.6,35.516666666666666,-30.438402168538946,17.60831630154448,91.29166666666667,85.04166666666667,472.0,89.58333333333333,,,,,,,,299.34079562162856,0.9895670059722711,1.8714285714285714,30.8,34.6,100.0,-28.877607135403064,10.467845078819826,289.7110156867258,0.0,0,5,1.47,1.6099999999999999,2.24,2.66,3.15,0.0,118.58,0.0,0.0,0.0,0.0,,,,,-0.8717206023309942,0.49000325659294214,-0.9414057174769159,0.33727625932130645,-27.787724646362015,16.074925423618314,0.0,39.0,0.9130434782608696,0.7187499999999999,59.682,0,0.18371587500000008,1.6099999999999999,0.4965555555555556,45.276,0.0,0.0,-1.1333333333333329,241,8,2024,149
2024-08-29,0.7,1.2,4,0.35,0.2,4.5,1.9166666666666667,34.0,24.075,-20.151974818159022,12.979771417251007,91.91666666666667,148.45833333333334,570.0,86.45833333333333,,,,,,,,303.7437550428782,0.9949953576386888,0.675,32.1,34.0,99.5,-28.570682355381166,14.56237913562035,297.0,0.0,0,4,2.17,2.17,2.94,3.3600000000000003,3.8499999999999996,0.0,119.28,0.0,0.0,0.0,0.0,,,,,-0.8315301617763106,0.5554796036365898,-0.8910065241883679,0.45399049973954664,-18.523023520357835,11.930573227689884,0.0,40.0,0.3225806451612903,0.7380952380952381,23.799999999999997,1,0.097708515625,2.17,0.5053611111111111,22.47,0.0,24.075,-1.6416666666666668,242,8,2024,150
2024-08-30,0.35,5.6,1,0.35,2.3,7.3,4.641666666666667,40.3,32.608333333333334,-27.84366531924709,16.64689493789648,87.75,112.79166666666667,558.0,89.5,,,,,,,,300.49696342116613,0.9948050047661761,3.5,31.7,31.7,100.0,-27.98943869362799,14.882248540312727,298.0,0.0,0,1,1.0499999999999998,2.52,3.29,3.71,4.2,0.0,119.63,0.0,0.0,0.0,0.0,,,,,-0.8616560579011682,0.5074926973683649,-0.8829475928589271,0.4694715627858904,-24.432816317639322,14.60765030800416,0.0,41.0,0.13888888888888887,0.7659574468085106,14.104999999999999,2,0.03433828124999999,2.52,0.5299166666666667,11.094999999999999,0.0,65.21666666666667,2.7249999999999996,243,8,2024,151
2024-08-31,1.54,5.7,11,0.28,0.7,3.5,2.120833333333333,40.8,32.93333333333333,-27.014892613389133,18.274169243863486,98.0,67.41666666666667,261.0,99.58333333333333,,,,,,,,304.4329094170989,0.9909537521336849,1.4181818181818182,32.04545454545455,40.8,99.18181818181819,-27.156978275143715,16.568613224951505,302.0957432139107,0.0,0,11,1.89,2.5900000000000003,4.83,4.83,5.74,0.0,121.17,0.0,0.0,0.0,0.0,,,,,-0.8247888577510973,0.5654408369844188,-0.8471613992659172,0.5313356411853183,-26.474594761121352,17.908685858986217,0.0,42.0,0.5945945945945945,0.5362318840579711,62.831999999999994,0,0.19805227272727274,2.5900000000000003,0.4493888888888889,49.35,0.0,0.0,-2.5208333333333335,244,8,2024,152
2024-09-01,0.0,0.5,0,0.0,1.9,6.7,4.070833333333334,38.5,33.2875,-24.633797488295617,22.36278752096609,86.08333333333333,114.70833333333333,476.0,78.0,,,,,,,,312.2083326810993,0.9994672675164458,0.0,0.0,0.0,0.0,0.0,0.0,,0.0,0,0,1.54,1.8900000000000003,4.2,4.83,5.74,0.0,121.17,0.0,0.0,0.0,0.0,,,,,-0.7407068982999786,0.6718283194468846,-0.7407068982999786,0.6718283194468846,-21.205594004507805,19.25063292429831,1.0,43.0,0.0,0.45000000000000007,0.0,1,0.0,0.9450000000000002,0.5123055555555556,0.0,-0.0,33.2875,1.9500000000000006,245,9,2024,153
2024-09-02,4.760000000000001,7.1,16,0.91,-2.8,5.6,0.9083333333333332,44.0,34.550000000000004,-31.39945668962399,11.17770955856293,81.25,138.70833333333334,546.0,74.375,,,,,,,,287.42607544903194,0.9645264483261288,-0.4375,32.71875,42.9,86.75,-32.00292442346096,5.668114962712161,279.05652010592917,0.08333333333333333,1,14,4.760000000000001,6.300000000000001,8.82,9.59,10.5,1.0,125.92999999999999,0.0,0.0,0.0,0.0,,,,,-0.9541041355066137,0.29947503837411443,-0.9875335434107193,0.15740870572706256,-25.512058560319492,9.081889016332381,0.0,44.0,0.7555555555555555,0.7142857142857143,100.0,0,0.7340783447265627,6.300000000000001,0.48774999999999996,155.74125,0.0,0.0,-3.1625000000000005,246,9,2024,154
2024-09-03,0.49000000000000005,0.7000000000000001,5,0.14,-3.0,7.5,1.5250000000000001,20.3,10.304166666666667,-8.791906771974775,1.194684385661566,80.125,219.83333333333334,600.0,37.291666666666664,,,,,,,,282.6032333571766,0.8205287761195804,-1.9600000000000002,18.12,20.3,98.8,-17.78102804583937,3.360157420841523,280.800370683337,0.625,0,5,5.250000000000001,5.250000000000002,9.31,10.08,10.99,1.0,126.42,0.0,0.0,0.0,0.0,,,,,-0.975904449966433,0.21819831469494397,-0.9822860384176,0.18738766963132128,-7.044515301044788,0.9572408640113298,0.0,45.0,0.09333333333333331,0.5639097744360904,9.947000000000001,1,0.11332548500000002,5.250000000000002,0.5803055555555555,8.878800000000002,0.0,10.304166666666667,0.6166666666666669,247,9,2024,155
2024-09-04,0.0,0.0,0,0.0,-0.5,9.3,4.516666666666667,24.7,16.0,-11.359919080330478,11.032509972062735,53.291666666666664,230.29166666666666,600.0,63.875,,,,,,,,315.3572374797085,0.9887940689361485,0.0,0.0,0.0,0.0,0.0,0.0,,0.25,0,0,0.49000000000000005,5.250000000000002,7.840000000000001,10.08,10.5,1.0,126.42,0.0,0.0,0.0,0.0,,,,,-0.7026842757279702,0.7115017980614371,-0.7026842757279702,0.7115017980614371,-6.053890209892784,5.879408439278433,1.0,46.0,0.0,0.6696428571428573,0.0,2,0.0,2.625000000000001,0.5378333333333333,0.0,-0.0,32.0,2.9916666666666663,248,9,2024,156
2024-09-05,0.0,0.1,0,0.0,3.7,12.2,8.304166666666667,32.6,24.804166666666664,-20.137389026561433,14.41502211264791,56.833333333333336,174.29166666666666,600.0,44.625,,,,,,,,305.7496713157312,0.9983352997998589,0.0,0.0,0.0,0.0,0.0,0.0,,0.4583333333333333,0,0,0.0,0.49000000000000093,7.140000000000001,10.08,10.5,1.0,126.42,0.0,0.0,0.0,0.0,,,,,-0.8115773335715472,0.584245009934101,-0.8115773335715472,0.584245009934101,-11.444749430095749,8.192537567354895,2.0,47.0,0.0,0.06862745098039229,0.0,3,0.0,0.16333333333333364,0.57675,0.0,-0.0,74.4125,3.7875000000000005,249,9,2024,157
2024-09-06,0.0,0.7,0,0.0,8.7,14.4,10.887500000000001,40.1,29.416666666666668,-23.11936149806289,18.031192063455247,67.75,189.625,600.0,42.375,,,,,,,,307.684075601804,0.995769840581409,0.0,0.0,0.0,0.0,0.0,0.0,,0.5,0,0,0.0,0.0,6.790000000000001,10.08,10.5,1.0,126.42,0.0,0.0,0.0,0.0,,,,,-0.7913934660604236,0.6113071092968486,-0.7913934660604236,0.6113071092968486,-15.663367414937609,12.216132622990932,3.0,48.0,,0.0,0.0,4,0.0,0.0,0.67225,0.0,-0.0,117.66666666666667,2.583333333333334,250,9,2024,158
2024-09-07,0.0,6.4,0,0.0,0.4,9.7,5.654166666666666,19.7,13.4375,-10.495953410933751,7.9245644735038505,81.20833333333333,216.66666666666666,600.0,42.541666666666664,,,,,,,,308.10454952725695,0.9803371533051037,0.0,0.0,0.0,0.0,0.0,0.0,,0.5,0,0,0.0,0.0,5.250000000000001,10.08,10.5,1.0,126.42,0.0,0.0,0.0,0.0,,,,,-0.7868860242219893,0.6170983591649802,-0.7868860242219893,0.6170983591649802,-8.52358883246245,6.435406732857919,4.0,49.0,,0.0,0.0,5,0.0,0.0,0.6306944444444443,0.0,-0.0,67.1875,-5.233333333333335,251,9,2024,159
2024-09-08,0.0,0.9000000000000001,0,0.0,-0.6,5.5,2.6916666666666664,35.5,23.425,-19.852263299197336,12.143699771259291,84.04166666666667,164.83333333333334,563.0,63.833333333333336,,,,,,,,303.6918710265781,0.9909962482133609,0.0,0.0,0.0,0.0,0.0,0.0,,0.16666666666666666,0,0,0.0,0.0,5.250000000000001,9.45,10.5,1.0,126.42,0.0,0.0,0.0,0.0,,,,,-0.8320328336145342,0.5547263864170956,-0.8320328336145342,0.5547263864170956,-16.68417294770043,10.205767682762495,5.0,50.0,,0.0,0.0,6,0.0,0.0,0.51225,0.0,-0.0,140.55,-2.9624999999999995,252,9,2024,160
2024-09-09,0.0,1.2,0,0.0,1.8,6.9,3.725,36.4,21.629166666666666,-18.31783102349393,11.418650778824706,93.95833333333333,144.75,600.0,97.16666666666667,,,,,,,,302.5830218604387,0.9977810959525526,0.0,0.0,0.0,0.0,0.0,0.0,,0.0,0,0,0.0,0.0,0.49000000000000005,9.31,10.5,0.0,126.42,0.0,0.0,0.0,0.0,,,,,-0.8426120109668217,0.5385211221247025,-0.8426120109668217,0.5385211221247025,-17.211128732491172,10.728773960937378,6.0,51.0,,0.0,0.0,6,0.0,0.0,0.5630277777777778,0.0,-0.0,129.775,1.0333333333333337,253,9,2024,161
2024-09-10,0.0,0.0,0,0.0,1.0,14.4,7.2375,14.9,9.154166666666667,-6.151134599317758,6.314059124658538,70.16666666666667,232.29166666666666,600.0,48.0,,,,,,,,314.873280809964,0.9578554347126006,0.0,0.0,0.0,0.0,0.0,0.0,,0.3333333333333333,0,0,0.0,0.0,0.0,9.31,10.5,0.0,126.42,0.0,0.0,0.0,0.0,,,,,-0.7086689353142208,0.7055411682677409,-0.7086689353142208,0.7055411682677409,-4.3160461105212935,4.430364819135408,7.0,52.0,,,0.0,6,0.0,0.0,0.7087499999999999,0.0,-0.0,54.925,3.5124999999999997,254,9,2024,162
2024-09-11,0.0,0.0,0,0.0,5.0,12.0,7.629166666666666,11.2,9.495833333333334,-5.889753594310623,7.171150964918294,52.458333333333336,209.83333333333334,600.0,86.41666666666667,,,,,,,,320.46878547120804,0.9766508107227532,0.0,0.0,0.0,0.0,0.0,0.0,,0.0,0,0,0.0,0.0,0.0,7.840000000000001,10.5,0.0,126.42,0.0,0.0,0.0,0.0,,,,,-0.636498504081474,0.7712779358325025,-0.636498504081474,0.7712779358325025,-3.089666573015448,3.7618662770133886,8.0,53.0,,,0.0,6,0.0,0.0,0.5814166666666667,0.0,-0.0,56.975,0.3916666666666666,255,9,2024,163
2024-09-12,0.14,4.5,1,0.14,-0.9,4.5,2.225,12.1,8.345833333333333,4.894517819912665,-6.372601629733876,97.66666666666667,72.91666666666667,282.0,95.08333333333333,,,,,,,,137.79274955395834,0.8697943837003668,2.7,10.2,10.2,100.0,7.212489168102785,-7.212489168102784,135.0,0.0,0,1,0.14,0.1400000000000009,0.14,7.28,10.64,0.0,126.56,0.0,0.0,0.0,0.0,,,,,0.671814328436617,-0.7407195880407492,0.7071067811865476,-0.7071067811865475,4.780312404114703,-6.223907591706752,0.0,54.0,0.9999999999999937,1.0000000000000064,1.6940000000000002,0,0.02229237499999999,0.1400000000000009,0.4741666666666666,1.428,0.0,0.0,-5.404166666666667,256,9,2024,164
2024-09-13,0.0,0.0,0,0.0,-2.0,10.0,3.3958333333333335,13.8,6.3374999999999995,-4.57709160838509,0.4165528709576746,69.125,201.70833333333334,600.0,33.25,,,,,,,,293.4200980741399,0.6231690679490138,0.0,0.0,0.0,0.0,0.0,0.0,,0.5833333333333334,0,0,0.14,0.1400000000000009,0.14,6.930000000000001,10.64,0.0,126.56,0.0,0.0,0.0,0.0,,,,,-0.9176152586534886,0.3974697939294146,-0.9176152586534886,0.3974697939294146,-3.163914574296194,0.2879421720494926,1.0,55.0,0.0,1.0000000000000064,0.0,1,0.0,0.07000000000000045,0.5871111111111111,0.0,-0.0,6.3374999999999995,1.1708333333333334,257,9,2024,165
2024-09-14,4.41,6.6,9,1.26,-4.1,6.1,1.1125,19.2,12.35,-6.624685502603235,0.3484370123637799,86.75,160.45833333333334,600.0,74.25,,,,,,,,276.0367200496705,0.5492475752259852,-1.0666666666666667,12.600000000000001,17.3,93.66666666666667,-3.766644083288907,-9.490446149515574,204.29970768524026,0.125,0,8,4.41,4.550000000000001,4.55,9.8,15.05,0.0,130.97,0.0,0.0,0.0,0.0,,,,,-0.9944547003261208,0.10516581668624665,-0.41150970875238063,-0.9114053761101757,-5.746914673508306,0.30226910822557906,0.0,56.0,0.9692307692307691,1.0000000000000002,84.672,0,1.0279342499999997,4.550000000000001,0.5316944444444444,55.56600000000001,0.0,0.0,-2.283333333333333,258,9,2024,166
2024-09-15,0.14,0.2,2,0.07,-5.0,2.6,-2.3916666666666666,19.4,11.904166666666667,0.8778423597431034,-10.871008789321257,82.75,201.625,600.0,57.375,,,,,,,,184.72195419748175,0.7992803732730338,-3.9,13.55,14.1,97.5,2.309417987434799,-13.318301583140304,170.0,0.3333333333333333,1,2,4.55,4.550000000000001,4.6899999999999995,9.940000000000001,15.19,1.0,131.10999999999999,0.0,0.0,0.0,0.0,,,,,-0.08232038717353159,-0.9966059170281901,0.17364817766693028,-0.984807753012208,0.7264145526874181,-8.995759773163341,0.0,57.0,0.030769230769230767,0.9701492537313435,2.716,1,0.04040990624999999,4.550000000000001,0.46802777777777776,1.8970000000000002,0.0,11.904166666666667,-3.5041666666666664,259,9,2024,167
2024-09-16,0.49000000000000005,1.4000000000000001,6,0.14,-2.8,5.7,1.2791666666666666,17.8,11.799999999999999,-10.244982188839188,-1.8607320715389752,67.125,169.70833333333334,600.0,70.33333333333333,,,,,,,,262.32013394552075,0.8865683516915422,2.5333333333333337,10.85,15.5,85.5,-9.841950843230823,-4.461419945210965,246.33115820836377,0.25,1,5,0.6300000000000001,5.040000000000001,5.18,5.67,15.26,2.0,131.6,0.0,0.0,0.0,0.0,,,,,-0.9910302217616929,-0.13363794204854332,-0.9158810424898863,-0.4014497677264728,-6.876944294258306,-1.249016403020537,0.0,58.0,0.09722222222222221,0.9729729729729732,8.722000000000001,2,0.07906150000000005,5.040000000000001,0.46355555555555555,5.3165000000000004,0.0,23.599999999999998,3.6708333333333334,260,9,2024,168
2024-09-17,0.0,0.2,0,0.0,-0.6,6.7,2.4916666666666667,22.2,13.0375,-10.904864710479776,6.653768908802043,84.25,243.16666666666666,600.0,75.25,,,,,,,,298.2621850149183,0.9671226769550507,0.0,0.0,0.0,0.0,0.0,0.0,,0.0,1,0,0.49000000000000005,0.630000000000001,5.18,5.18,15.26,3.0,131.6,0.0,0.0,0.0,0.0,,,,,-0.880790058040661,0.4735069943060282,-0.880790058040661,0.4735069943060282,-9.187348518579212,5.605800305665721,1.0,59.0,0.0,0.12162162162162182,0.0,3,0.0,0.3150000000000005,0.5918333333333333,0.0,-0.0,39.1125,1.2125000000000001,261,9,2024,169
2024-09-18,0.0,0.0,0,0.0,0.4,5.8,3.1125000000000003,39.0,31.145833333333332,-26.58301513906717,16.190876222849763,64.95833333333333,249.5,600.0,15.375,,,,,,,,301.4582862595346,0.9993150754545254,0.0,0.0,0.0,0.0,0.0,0.0,,0.6666666666666666,0,0,0.0,0.49000000000000093,5.18,5.18,15.26,3.0,131.6,0.0,0.0,0.0,0.0,,,,,-0.8530203393113823,0.5218776683487177,-0.8530203393113823,0.5218776683487177,-17.267883584085716,10.517323346426158,2.0,60.0,0.0,0.09459459459459478,0.0,4,0.0,0.16333333333333364,0.51175,0.0,-0.0,124.58333333333333,0.6208333333333336,262,9,2024,170
2024-09-19,1.4000000000000001,2.7,8,0.49,0.8,3.8,1.6458333333333333,30.5,25.429166666666664,-22.185960520376284,12.245768075611492,85.25,99.875,381.0,79.45833333333333,,,,,,,,298.87571002347147,0.9966869391984203,1.6125,26.0,30.5,92.0,-22.170362635749775,13.402078433778886,301.13052513448986,0.125,0,5,1.4000000000000001,1.400000000000001,6.44,6.58,16.66,3.0,133.0,0.0,0.0,0.0,0.0,,,,,-0.8756693310876593,0.4829111953480591,-0.8559917726781288,0.5169894439032143,-18.913531343620782,10.439517284458798,0.0,61.0,0.9999999999999993,0.21739130434782622,42.7,5,0.19815468750000007,1.400000000000001,0.43519444444444444,36.400000000000006,0.0,127.14583333333331,-1.466666666666667,263,9,2024,171
2024-09-20,2.87,5.0,12,0.7,-0.5,2.7,0.9041666666666667,27.5,22.22083333333333,-19.074400463473243,11.322101663094655,95.79166666666667,129.58333333333334,554.0,97.70833333333333,,,,,,,,301.04114289101557,0.9981925050525917,1.375,22.308333333333334,27.5,96.08333333333333,-19.026018091323667,11.585190811880892,301.41609954879885,0.0,1,12,4.2700000000000005,4.270000000000001,9.31,9.45,19.53,4.0,135.87,0.0,0.0,0.0,0.0,,,,,-0.8567972417597033,0.5156534558334352,-0.8534043650144161,0.5212494506225799,-18.27168611063541,10.845629884772755,0.0,62.0,0.6721311475409835,0.4586466165413535,78.925,6,0.44627659179687496,4.270000000000001,0.46569444444444447,64.02491666666667,0.0,133.325,-0.7416666666666666,264,9,2024,172
2024-09-21,2.8000000000000003,5.5,18,0.77,-0.2,2.2,0.9666666666666667,32.1,24.15416666666667,-20.698699173047316,12.30662901304315,97.45833333333333,121.625,524.0,99.83333333333333,,,,,,,,300.7092824170089,0.9968492867162041,0.7333333333333333,24.916666666666668,32.1,98.11111111111111,-21.362435091717412,12.698699172914628,300.8340307189854,0.0,1,12,5.67,7.070000000000002,7.700000000000001,12.25,22.330000000000002,5.0,138.67,0.0,0.0,0.0,0.0,,,,,-0.8597695478985222,0.5106822147934769,-0.8586556185558627,0.5125529521156315,-20.17260723573236,11.993835525628304,0.0,63.0,0.39603960396039595,0.9181818181818183,89.88000000000001,1,0.44663402777777783,7.070000000000002,0.45483333333333337,69.76666666666668,0.0,24.15416666666667,0.0625,265,9,2024,173
2024-09-22,0.35,3.6,2,0.21,1.7,5.2,2.9916666666666667,29.2,22.72083333333333,-19.678289758187322,11.144257553923962,96.0,153.16666666666666,600.0,93.375,,,,,,,,299.92335951037006,0.9955673141497927,1.85,19.4,19.8,99.0,-17.430888566313016,8.50937943395816,296.0,0.0,0,2,3.1500000000000004,6.020000000000001,7.910000000000001,12.6,22.68,4.0,139.02,0.0,0.0,0.0,0.0,,,,,-0.8666934432588757,0.4988411324380479,-0.898794046299167,0.4383711467890774,-18.89115816785983,10.698487251767004,0.0,64.0,0.058139534883720916,0.7610619469026549,10.219999999999999,2,0.05401921874999999,6.020000000000001,0.5376666666666666,6.789999999999999,0.0,45.44166666666666,2.025,266,9,2024,174
2024-09-23,0.0,0.0,0,0.0,3.1,10.1,6.016666666666667,24.5,19.2,-14.97130028873844,11.685876302983907,81.45833333333333,243.54166666666666,600.0,60.0,,,,,,,,310.2007506705729,0.9832977703685349,0.0,0.0,0.0,0.0,0.0,0.0,,0.041666666666666664,0,0,0.35,3.1500000000000012,7.420000000000001,12.6,22.68,3.0,139.02,0.0,0.0,0.0,0.0,,,,,-0.7637875719934667,0.6454676946744314,-0.7637875719934667,0.6454676946744314,-12.195371693534852,9.51912007180564,1.0,65.0,0.0,0.4245283018867926,0.0,3,0.0,1.5750000000000006,0.6583333333333333,0.0,-0.0,57.599999999999994,3.025,267,9,2024,175
2024-09-24,0.0,0.0,0,0.0,3.1,12.9,8.2125,23.0,13.858333333333334,-9.622440247666782,9.56662371107,65.70833333333333,226.16666666666666,600.0,92.625,,,,,,,,317.41017247552253,0.9753605638245534,0.0,0.0,0.0,0.0,0.0,0.0,,0.0,0,0,0.0,0.35000000000000087,7.420000000000001,12.6,22.05,2.0,139.02,0.0,0.0,0.0,0.0,,,,,-0.6767452699895523,0.7362172502371619,-0.6767452699895523,0.7362172502371619,-6.322745112737714,6.286068996815578,2.0,66.0,0.0,0.04716981132075483,0.0,4,0.0,0.11666666666666696,0.6564722222222222,0.0,-0.0,55.43333333333334,2.1958333333333337,268,9,2024,176
2024-09-25,1.26,33.6,2,0.84,0.4,9.2,6.395833333333333,33.5,18.479166666666668,-12.429761942217482,8.952273249233826,93.5,67.66666666666667,297.0,99.95833333333333,,,,,,,,300.01007095887746,0.6771627396636364,1.5,11.35,11.6,99.5,6.594047748544524,-9.23324448595478,144.5,0.0,0,2,1.26,1.260000000000001,8.68,13.86,23.17,2.0,140.28,0.0,0.0,0.0,0.0,,,,,-0.8659375047110894,0.5001522147653972,0.5807029557109399,-0.8141155183563191,-11.621827415973346,8.370375488033629,0.0,67.0,0.9999999999999993,0.14516129032258077,42.21,5,0.22976296875000005,1.260000000000001,0.5612222222222222,14.301,0.0,92.39583333333334,-1.8166666666666673,269,9,2024,177
2024-09-26,7.140000000000001,10.2,14,1.33,-4.8,2.4,-0.7000000000000001,16.8,11.320833333333333,7.6051620932014865,-8.156827500373199,92.0,145.91666666666666,600.0,88.45833333333333,,,,,,,,135.0893156115712,0.981956275696793,-0.6,13.342857142857143,16.8,93.85714285714286,8.221427380145226,-10.359572999106103,141.92956869821765,0.041666666666666664,1,14,8.4,8.400000000000002,14.420000000000002,20.86,30.310000000000002,3.0,147.42,0.0,0.0,0.0,0.0,,,,,0.7060036480288236,-0.7082081960624241,0.6166296785379353,-0.7872533515623814,6.996749125745367,-7.504281300343342,0.0,68.0,0.8499999999999999,0.5825242718446603,100.0,0,1.5765247500000001,8.400000000000002,0.45727777777777784,95.26800000000001,0.0,0.0,-7.095833333333333,270,9,2024,178
2024-09-27,0.0,0.0,0,0.0,-7.9,10.2,1.9874999999999998,7.3,4.7375,2.423289890722016,1.2439322426860686,68.66666666666667,288.7916666666667,600.0,3.3333333333333335,,,,,,,,53.26260254244557,0.5542585286249753,0.0,0.0,0.0,0.0,0.0,0.0,,0.9166666666666666,0,0,7.140000000000001,8.400000000000002,11.55,20.86,28.840000000000003,2.0,147.42,0.0,0.0,0.0,0.0,,,,,0.8013853983093938,0.598148345627148,0.8013853983093938,0.598148345627148,1.663992391629118,0.8541668066444339,1.0,69.0,0.0,0.7272727272727274,0.0,1,0.0,4.200000000000001,0.6480833333333333,0.0,-0.0,4.7375,2.6875,271,9,2024,179
2024-09-28,0.0,0.0,0,0.0,2.9,15.1,8.395833333333334,13.0,6.970833333333334,1.1142862154074862,5.888206374590811,55.166666666666664,284.0,600.0,14.583333333333334,,,,,,,,14.57283865839438,0.8728917088434032,0.0,0.0,0.0,0.0,0.0,0.0,,0.8333333333333334,0,0,0.0,7.1400000000000015,8.75,16.45,28.14,1.0,147.42,0.0,0.0,0.0,0.0,,,,,0.25161058272052866,0.9678285564411891,0.25161058272052866,0.9678285564411891,0.6147145621664631,3.2483271833159306,2.0,70.0,0.0,0.8160000000000002,0.0,2,0.0,2.3800000000000003,0.7065555555555556,0.0,-0.0,13.941666666666668,6.408333333333334,272,9,2024,180
2024-09-29,0.0,0.9,0,0.0,4.6,10.2,6.8374999999999995,19.2,13.700000000000001,-9.68877990579847,9.553675977031158,66.79166666666667,189.16666666666666,600.0,82.08333333333333,,,,,,,,315.76445933190604,0.9907364911384443,0.0,0.0,0.0,0.0,0.0,0.0,,0.08333333333333333,0,0,0.0,0.0,8.400000000000002,16.31,27.790000000000003,1.0,147.42,0.0,0.0,0.0,0.0,,,,,-0.6976096695523853,0.7164780170717115,-0.6976096695523853,0.7164780170717115,-6.471297578747895,6.3810594129920615,3.0,71.0,,0.0,0.0,3,0.0,0.0,0.5754166666666666,0.0,-0.0,41.1,-1.5583333333333345,273,9,2024,181
2024-09-30,0.0,2.5,0,0.0,2.3,11.6,6.054166666666667,15.0,7.391666666666667,-6.535235750361124,1.1408021590273876,79.125,238.875,600.0,51.375,,,,,,,,282.054590014906,0.8531852116702059,0.0,0.0,0.0,0.0,0.0,0.0,,0.375,0,0,0.0,0.0,8.400000000000002,15.82,26.250000000000004,1.0,147.42,0.0,0.0,0.0,0.0,,,,,-0.9779490636269027,0.20884355137581873,-0.9779490636269027,0.20884355137581873,-5.171005287473239,0.9026597083304204,4.0,72.0,,0.0,0.0,4,0.0,0.0,0.6807777777777778,0.0,-0.0,29.566666666666666,-0.7833333333333323,274,9,2024,182
2024-10-01,0.0,0.1,0,0.0,2.2,12.6,7.291666666666667,13.6,8.895833333333334,-4.587979976173538,1.6692052757758864,72.91666666666667,281.125,600.0,30.625,1023.2791666666667,1021.3,2.0541666666666667,-1.3,7.079166666666667,4.7,10.1,292.18308172557045,0.42448133940616756,0.0,0.0,0.0,0.0,0.0,0.0,,0.5833333333333334,0,0,0.0,0.0,8.400000000000002,15.82,26.250000000000004,1.0,147.42,0.0,0.0,0.0,0.0,0.7079166666666666,0.0,5.237500000000001,3.5,-0.9259821131186092,0.3775673796614256,-0.9259821131186092,0.3775673796614256,-3.3454020659598718,1.217128846919917,5.0,73.0,,0.0,0.0,5,0.0,0.0,0.7104722222222222,0.0,-0.0,44.47916666666667,1.2374999999999998,275,10,2024,183
2024-10-02,0.0,0.3,0,0.0,4.1,14.0,8.466666666666667,6.6,4.2625,0.5300545365547144,1.907455425442171,77.29166666666667,224.70833333333334,600.0,78.04166666666667,1028.4875,1026.9,4.0375000000000005,1.4,7.691666666666666,3.9,11.0,346.21749349240014,0.38104412043996333,0.0,0.0,0.0,0.0,0.0,0.0,,0.20833333333333334,0,0,0.0,0.0,7.140000000000001,15.82,21.490000000000002,1.0,147.42,5.2083333333332575,0.0,2.6041666666667425,0.6124999999999998,0.7691666666666667,0.0,4.429166666666666,2.6999999999999997,-0.23823694067907106,0.9712070634503627,-0.23823694067907106,0.9712070634503627,0.40968798554541463,1.4743040892480113,6.0,74.0,,0.0,0.0,6,0.0,0.0,0.7185555555555556,0.0,-0.0,25.575000000000003,1.1749999999999998,276,10,2024,184
2024-10-03,0.0,0.0,0,0.0,5.1,14.4,9.558333333333334,11.3,6.316666666666666,-0.6294755034193961,2.5395191084761977,74.375,223.45833333333334,600.0,24.666666666666668,1026.6458333333333,1023.7,4.666666666666667,2.5,9.758333333333333,7.6,12.4,342.6895852007347,0.39409294492538127,0.0,0.0,0.0,0.0,0.0,0.0,,0.6666666666666666,0,0,0.0,0.0,0.0,14.420000000000002,21.000000000000004,0.0,147.42,-1.841666666666697,0.0,0.5083333333332121,2.0666666666666664,0.9758333333333333,0.0,4.891666666666667,2.5999999999999996,-0.29754841845782803,0.9547067291442148,-0.29754841845782803,0.9547067291442148,-0.4681724056681758,1.8887673369291722,7.0,75.0,,,0.0,6,0.0,0.0,0.716888888888889,0.0,-0.0,37.9,1.0916666666666668,277,10,2024,185
2024-10-04,0.0,3.6,0,0.0,5.8,12.4,8.716666666666667,19.8,13.475,-9.407866382160597,9.49181270276985,79.16666666666667,162.45833333333334,600.0,94.0,1015.6708333333332,1008.2,5.145833333333333,2.2,9.316666666666666,8.2,10.7,316.10112840212565,0.9910619714211746,0.0,0.0,0.0,0.0,0.0,0.0,,0.0,0,0,0.0,0.0,0.0,11.55,21.000000000000004,0.0,147.42,-10.975000000000023,-7.608333333333462,-7.850000000000023,-0.44166666666666643,0.9316666666666666,0.0,3.5708333333333337,3.5999999999999996,-0.6933876373682509,0.7205647676266687,-0.6933876373682509,0.7205647676266687,-7.447894219210473,7.514351723026132,8.0,76.0,,,0.0,6,0.0,0.0,0.64775,0.0,-0.0,80.85,-0.8416666666666668,278,10,2024,186
2024-10-05,0.0,4.8,0,0.0,4.1,9.1,6.566666666666666,28.0,21.275000000000002,-18.322832563584477,10.676414015493142,89.5,206.625,600.0,95.41666666666667,1007.4041666666667,1005.6,4.845833333333333,3.2,7.0874999999999995,5.9,9.2,299.8791094988616,0.9963749897445792,0.0,0.0,0.0,0.0,0.0,0.0,,0.0,0,0,0.0,0.0,0.0,8.75,21.000000000000004,0.0,147.42,-8.266666666666538,-21.083333333333258,-12.893333333333317,-2.229166666666667,0.70875,0.0,1.7208333333333332,0.8999999999999995,-0.8670784439407802,0.4981716291131355,-0.8670784439407802,0.4981716291131355,-16.398935144408107,9.555390543866363,9.0,77.0,,,0.0,6,0.0,0.0,0.6383055555555556,0.0,-0.0,127.65,-2.1500000000000004,279,10,2024,187
2024-10-06,0.0,6.8,0,0.0,3.3,6.1,4.466666666666667,33.0,27.416666666666668,-23.2526725136473,14.443297328564128,96.0,122.08333333333333,569.0,82.95833333333333,1011.8333333333334,1007.3,3.858333333333333,3.1,5.591666666666666,3.6,6.9,301.751602009915,0.99838623697312,0.0,0.0,0.0,0.0,0.0,0.0,,0.08333333333333333,0,0,0.0,0.0,0.0,8.400000000000002,21.000000000000004,0.0,147.42,4.429166666666674,-14.812499999999886,-7.053472222222126,-1.4958333333333336,0.5591666666666666,0.0,0.6083333333333338,0.19999999999999973,-0.8503375115389179,0.5262376995900243,-0.8503375115389179,0.5262376995900243,-22.32256561310141,13.865565435421564,10.0,78.0,,,0.0,6,0.0,0.0,0.5369444444444444,0.0,-0.0,164.5,-2.0999999999999996,280,10,2024,188
2024-10-07,0.0,8.6,0,0.0,4.2,9.2,6.533333333333334,34.9,25.229166666666668,-21.995838970670587,12.214333962800533,89.41666666666667,124.95833333333333,516.0,82.79166666666667,1016.3041666666667,1014.4,4.866666666666666,2.4,6.920833333333333,5.4,8.1,298.38468396063683,0.9963730401929045,0.0,0.0,0.0,0.0,0.0,0.0,,0.041666666666666664,0,0,0.0,0.0,0.0,8.400000000000002,21.000000000000004,0.0,147.42,4.470833333333303,0.6333333333334394,-2.213690476190436,1.3291666666666675,0.6920833333333334,0.0,1.6666666666666679,1.8000000000000003,-0.8797756830717575,0.4753890485440557,-0.8797756830717575,0.4753890485440557,-19.667946012941282,10.92165028507081,11.0,79.0,,,0.0,6,0.0,0.0,0.5858055555555556,0.0,-0.0,151.375,2.0666666666666673,281,10,2024,189
2024-10-08,0.0,0.8,0,0.0,-0.8,9.4,3.0833333333333335,10.2,7.120833333333334,4.05486252020242,-3.4758666925995354,84.58333333333333,260.2916666666667,600.0,72.83333333333333,1024.6375,1019.6,0.24583333333333332,-2.5,3.0208333333333335,-0.7,6.4,134.21950389487722,0.704663842885808,0.0,0.0,0.0,0.0,0.0,0.0,,0.20833333333333334,1,0,0.0,0.0,0.0,8.400000000000002,21.000000000000004,1.0,147.42,8.333333333333371,17.23333333333335,5.925595238095411,-3.9,0.30208333333333337,0.0,2.8375000000000004,1.7,0.7166732461098744,-0.6974091039772391,0.7166732461098744,-0.6974091039772391,3.429737881671213,-2.9400039108237737,12.0,80.0,,,0.0,6,0.0,0.0,0.6643611111111111,0.0,-0.0,42.725,-3.4500000000000006,282,10,2024,190
2024-10-09,0.0,0.0,0,0.0,-1.0,13.1,5.866666666666667,10.7,5.666666666666667,0.7593586890694507,2.2517284366917143,75.625,301.7916666666667,600.0,25.333333333333332,1023.7541666666666,1021.0,1.2791666666666666,-1.9,5.045833333333333,-0.2,10.1,28.81550568770846,0.34126042017419966,0.0,0.0,0.0,0.0,0.0,0.0,,0.625,0,0,0.0,0.0,0.0,7.140000000000001,21.000000000000004,1.0,147.42,-0.8833333333334394,11.920833333333235,5.718452380952272,2.025,0.5045833333333334,0.0,4.5875,0.8999999999999999,0.4819908072185391,0.8761762732217878,0.4819908072185391,0.8761762732217878,0.5742650086087722,1.7028696302481088,13.0,81.0,,,0.0,6,0.0,0.0,0.7443888888888889,0.0,-0.0,34.0,2.7833333333333337,283,10,2024,191
2024-10-10,0.0,0.0,0,0.0,3.3,14.2,8.195833333333333,20.2,12.3125,-8.562177008818745,7.140108960202316,69.875,298.4583333333333,600.0,15.416666666666666,1021.2875,1019.0,2.558333333333333,-1.1,8.108333333333333,5.8,11.2,314.53143538041917,0.8224133138039933,0.0,0.0,0.0,0.0,0.0,0.0,,0.7916666666666666,0,0,0.0,0.0,0.0,0.0,21.000000000000004,1.0,147.42,-2.4666666666665833,4.9833333333333485,4.017261904761995,3.062499999999999,0.8108333333333333,0.0,5.637499999999999,4.4,-0.7128657873313181,0.7013004842808109,-0.7128657873313181,0.7013004842808109,-5.982821184912098,4.989151135941368,14.0,82.0,,,0.0,6,0.0,0.0,0.7474444444444445,0.0,-0.0,73.875,2.3291666666666657,284,10,2024,192
2024-10-11,0.0,1.5,0,0.0,4.1,13.5,8.775,19.8,12.266666666666666,-7.0515268002308025,4.0580138339688565,78.08333333333333,259.9166666666667,600.0,35.166666666666664,1022.525,1020.3,4.779166666666667,2.2,9.220833333333333,4.6,12.1,294.9388678788378,0.4849526111180601,0.0,0.0,0.0,0.0,0.0,0.0,,0.4583333333333333,0,0,0.0,0.0,0.0,0.0,21.000000000000004,1.0,147.42,1.2374999999999545,-2.112500000000068,4.275595238095207,1.1125000000000007,0.9220833333333334,0.0,3.9958333333333336,1.8999999999999995,-0.9067581865074175,0.42165103012061944,-0.9067581865074175,0.42165103012061944,-5.506067176513551,3.168632468690682,15.0,83.0,,,0.0,6,0.0,0.0,0.7335555555555556,0.0,-0.0,73.6,0.5791666666666675,285,10,2024,193
2024-10-12,0.0,0.0,0,0.0,1.8,12.6,6.366666666666667,11.9,7.133333333333334,5.176522436007615,-1.9305917132803876,70.58333333333333,312.2083333333333,600.0,37.458333333333336,1026.4083333333333,1024.7,0.16666666666666666,-4.7,6.175,2.4,9.5,108.40191133597847,0.7614754196011294,0.0,0.0,0.0,0.0,0.0,0.0,,0.5,0,0,0.0,0.0,0.0,0.0,20.860000000000003,1.0,147.42,3.8833333333333258,2.654166666666697,5.4440476190476375,-3.0458333333333334,0.6174999999999999,0.0,6.2,6.5,0.9488654813468675,-0.3156806904268573,0.9488654813468675,-0.3156806904268573,3.6537620860820414,-1.3626759842904068,16.0,84.0,,,0.0,6,0.0,0.0,0.7234166666666667,0.0,-0.0,42.800000000000004,-2.408333333333333,286,10,2024,194
2024-10-13,0.0,0.0,0,0.0,3.9,13.6,8.9,12.8,8.729166666666666,-6.813128390059524,5.166809142454897,48.583333333333336,318.9583333333333,600.0,43.75,1022.1374999999999,1019.7,-1.9958333333333333,-4.5,9.0875,6.3,11.6,307.50612492071787,0.9768588203409009,0.0,0.0,0.0,0.0,0.0,0.0,,0.5,0,0,0.0,0.0,0.0,0.0,20.860000000000003,1.0,147.42,-4.270833333333371,0.849999999999909,-0.29880952380960935,2.9125000000000005,0.9087500000000001,0.0,10.895833333333334,8.4,-0.7932882591414703,0.608846235028431,-0.7932882591414703,0.608846235028431,-3.3100448761705854,2.510208108376004,17.0,85.0,,,0.0,6,0.0,0.0,0.6768055555555555,0.0,-0.0,52.375,2.533333333333333,287,10,2024,195
2024-10-14,0.0,8.0,0,0.0,5.7,13.7,8.658333333333333,11.0,8.25,-0.5551382613267343,2.354769822944048,72.25,158.70833333333334,600.0,87.16666666666667,1020.2125,1017.8,3.4958333333333336,-2.8,9.0,5.4,10.7,332.53307715761747,0.2663232374252847,0.0,0.0,0.0,0.0,0.0,0.0,,0.0,0,0,0.0,0.0,0.0,0.0,16.450000000000003,1.0,147.42,-1.9249999999999545,-2.3125,-2.782142857142844,-0.08750000000000036,0.9,0.0,5.1625,8.5,-0.46123646025544884,0.8872772552765138,-0.46123646025544884,0.8872772552765138,-0.4010873938085655,1.701321197077075,18.0,86.0,,,0.0,6,0.0,0.0,0.6510833333333333,0.0,-0.0,49.5,-0.24166666666666714,288,10,2024,196
2024-10-15,0.0,1.2000000000000002,0,0.0,4.0,12.0,7.295833333333333,10.3,7.229166666666667,5.80196973291812,1.6847067886716351,88.04166666666667,200.20833333333334,600.0,92.5,1023.5749999999999,1021.0,5.229166666666667,3.7,7.45,5.2,11.7,71.96363326733331,0.7980810392594428,0.0,0.0,0.0,0.0,0.0,0.0,,0.0,0,0,0.0,0.0,0.0,0.0,16.310000000000002,0.0,147.42,3.3624999999999545,-2.8333333333333712,0.7321428571428896,-1.5499999999999998,0.745,0.0,2.0666666666666664,0.2999999999999998,0.9508601857063439,0.3096205859410793,0.9508601857063439,0.3096205859410793,5.108150852356662,1.4832439351929856,19.0,87.0,,,0.0,6,0.0,0.0,0.6936111111111112,0.0,-0.0,43.375,-1.3624999999999998,289,10,2024,197
2024-10-16,0.0,0.0,0,0.0,4.5,15.4,9.7875,8.7,5.3,-3.2413961711764454,1.9703943960233252,72.79166666666667,236.95833333333334,600.0,69.04166666666667,1019.125,1016.6,4.4624999999999995,2.1,9.487499999999999,6.2,12.8,289.2680954819613,0.5820815434361063,0.0,0.0,0.0,0.0,0.0,0.0,,0.16666666666666666,0,0,0.0,0.0,0.0,0.0,15.82,0.0,147.42,-4.449999999999932,-3.012499999999932,-3.056547619047592,2.0374999999999988,0.9487499999999999,0.0,5.325,2.4,-0.9439848485180138,0.32998879642864015,-0.9439848485180138,0.32998879642864015,-2.359466296268854,1.4342829207719787,20.0,88.0,,,0.0,6,0.0,0.0,0.7339444444444445,0.0,-0.0,31.799999999999997,2.4916666666666663,290,10,2024,198
2024-10-17,0.0,0.0,0,0.0,6.3,17.5,11.604166666666666,11.0,8.595833333333333,-5.88899797588035,5.927627771292189,75.54166666666667,277.75,600.0,67.79166666666667,1015.9125,1011.9,6.929166666666667,5.8,11.295833333333334,8.3,14.7,313.7130160093942,0.9688907069711846,0.0,0.0,0.0,0.0,0.0,0.0,,0.16666666666666666,0,0,0.0,0.0,0.0,0.0,15.82,0.0,147.42,-3.2124999999999773,-4.2999999999999545,-5.501190476190459,1.8083333333333353,1.0,0.0,4.674999999999999,0.5,-0.7228101779650884,0.6910466312992758,-0.7228101779650884,0.6910466312992758,-4.448647220946281,4.4778288122303085,21.0,89.0,,,0.0,6,0.0,0.0,0.7703055555555555,0.0,-0.0,51.575,1.8166666666666664,291,10,2024,199
2024-10-18,0.0,30.0,0,0.0,9.2,12.5,11.245833333333332,34.5,17.599999999999998,-13.567334789148815,10.9042366149369,97.5,75.95833333333333,340.0,100.0,1005.3125,1000.0,10.825000000000001,8.4,12.2125,10.4,13.3,308.8856630892162,0.9867051844141744,0.0,0.0,0.0,0.0,0.0,0.0,,0.0,0,0,0.0,0.0,0.0,0.0,15.82,0.0,147.42,-10.600000000000023,-18.262499999999932,-13.642261904761881,0.9166666666666661,1.0,0.0,0.42083333333333073,0.7999999999999989,-0.7784002570312684,0.6277683010901836,-0.7784002570312684,0.6277683010901836,-13.228151419420094,10.631630699563477,22.0,90.0,,,0.0,6,0.0,0.0,0.6534166666666666,0.0,-0.0,105.6,-0.3583333333333343,292,10,2024,200
2024-10-19,0.0,1.8,0,0.0,6.3,16.0,9.970833333333333,16.1,10.054166666666667,-7.338785654451001,-5.386058309575167,81.45833333333333,202.91666666666666,600.0,55.875,1012.025,1005.4,6.491666666666667,0.7,10.6625,9.2,13.3,238.23999895332457,0.8952986654455855,0.0,0.0,0.0,0.0,0.0,0.0,,0.4166666666666667,0,0,0.0,0.0,0.0,0.0,14.420000000000002,0.0,147.42,6.712499999999977,-7.100000000000023,-4.874999999999886,-1.5500000000000007,1.0,0.0,3.479166666666666,5.6,-0.8502603607734969,-0.5263623456301969,-0.8502603607734969,-0.5263623456301969,-5.978052481021543,-4.387393331341437,23.0,91.0,,,0.0,6,0.0,0.0,0.7401388888888888,0.0,-0.0,60.325,-1.2749999999999986,293,10,2024,201
2024-10-20,0.0,0.0,0,0.0,4.1,16.3,9.6,10.5,7.720833333333334,2.066592874839166,-5.454340387419357,65.91666666666667,327.6666666666667,600.0,21.916666666666668,1020.6125000000001,1017.5,2.8708333333333336,-0.3,10.866666666666667,6.9,15.1,158.0857254591623,0.7036059634930538,0.0,0.0,0.0,0.0,0.0,0.0,,0.7916666666666666,0,0,0.0,0.0,0.0,0.0,11.55,0.0,147.42,8.587500000000091,4.7000000000000455,3.930357142857247,0.2041666666666675,1.0,0.0,6.729166666666666,4.3999999999999995,0.37321893002225814,-0.9277432997726477,0.37321893002225814,-0.9277432997726477,1.362229136664817,-3.5953193720405934,24.0,92.0,,,0.0,6,0.0,0.0,0.7715,0.0,-0.0,46.325,-0.37083333333333357,294,10,2024,202
2024-10-21,0.0,0.0,0,0.0,3.7,16.8,10.15,9.0,6.258333333333333,5.021290023514734,-0.4797995785363253,58.583333333333336,333.5,600.0,3.8333333333333335,1020.7875,1018.4,1.9458333333333335,-1.0,10.945833333333333,6.4,14.8,86.22296519518228,0.7279040856725625,0.0,0.0,0.0,0.0,0.0,0.0,,0.9166666666666666,0,0,0.0,0.0,0.0,0.0,8.75,0.0,147.42,0.17499999999995453,15.475000000000023,4.023214285714289,0.07916666666666572,1.0,0.0,8.204166666666667,4.7,0.9978279519303579,0.06587395802946297,0.9978279519303579,0.06587395802946297,2.9416390721090484,-0.2810825864258639,25.0,93.0,,,0.0,6,0.0,0.0,0.7509444444444444,0.0,-0.0,37.55,0.5500000000000007,295,10,2024,203
2024-10-22,0.0,0.0,0,0.0,7.1,19.5,13.195833333333333,10.4,8.295833333333333,-6.31161233981958,4.645648357074868,63.041666666666664,299.0833333333333,600.0,74.25,1015.7083333333334,1014.0,5.929166666666667,2.6,13.745833333333332,11.3,16.1,305.5367391653934,0.941402252563182,0.0,0.0,0.0,0.0,0.0,0.0,,0.08333333333333333,0,0,0.0,0.0,0.0,0.0,8.400000000000002,0.0,147.42,-5.0791666666666515,3.683333333333394,0.06785714285717859,2.799999999999999,1.0,0.0,7.266666666666666,4.5,-0.8137429930138708,0.5812248629582423,-0.8137429930138708,0.5812248629582423,-3.97894561256126,2.928694151772614,26.0,94.0,,,0.0,6,0.0,0.0,0.7428611111111111,0.0,-0.0,49.77499999999999,3.0458333333333325,296,10,2024,204
2024-10-23,0.0,3.8,0,0.0,6.8,13.7,11.508333333333333,26.7,19.229166666666668,-15.888238003444085,10.313029633682776,74.20833333333333,188.16666666666666,600.0,74.0,1010.6583333333333,1006.7,6.820833333333333,2.6,12.429166666666667,8.6,15.4,305.98862420785974,0.977641828317682,0.0,0.0,0.0,0.0,0.0,0.0,,0.125,0,0,0.0,0.0,0.0,0.0,8.400000000000002,0.0,147.42,-5.050000000000068,-9.954166666666765,-3.7726190476190595,-1.3166666666666647,1.0,0.0,4.6875,4.199999999999999,-0.8091336802677022,0.5876246144065478,-0.8091336802677022,0.5876246144065478,-11.790396618389131,7.653127407328759,27.0,95.0,,,0.0,6,0.0,0.0,0.67725,0.0,-0.0,115.375,-1.6875,297,10,2024,205
2024-10-24,0.14,1.5999999999999999,1,0.14,2.8,11.5,6.670833333333333,14.7,8.6,-7.425820776261287,2.0571952558012385,74.58333333333333,292.125,600.0,55.583333333333336,1012.025,1009.7,1.7333333333333334,-3.4,6.220833333333334,3.4,8.6,272.5168677950643,0.7928737637296032,10.7,11.4,11.4,53.0,-10.842044285764752,3.5227937358743984,288.0,0.08333333333333333,0,1,0.14,0.1400000000000009,0.14,0.14,8.540000000000001,0.0,147.56,1.3666666666666742,-8.762500000000045,-1.8505952380952522,-6.208333333333333,0.6220833333333334,0.0,4.9375,6.199999999999999,-0.9990353368031422,0.043913503830055996,-0.9510565162951536,0.30901699437494723,-5.538424662294876,1.5343247949517569,0.0,96.0,0.9999999999999937,1.0000000000000064,2.0580000000000003,0,0.0,0.1400000000000009,0.6989166666666667,1.5960000000000003,0.0,0.0,-4.8374999999999995,298,10,2024,206
2024-10-25,0.0,0.0,0,0.0,-1.2,8.1,2.704166666666666,15.6,10.9625,-5.8035166120190835,-4.710986368257903,73.70833333333333,318.0833333333333,600.0,47.708333333333336,1018.7916666666666,1015.7,-2.3375,-5.6,2.6958333333333333,-0.2,5.1,223.45483950551505,0.6100203952065995,0.0,0.0,0.0,0.0,0.0,0.0,,0.20833333333333334,1,0,0.14,0.1400000000000009,0.14,0.14,7.28,1.0,147.56,6.7666666666666515,3.0833333333332575,2.9904761904761017,-3.525000000000001,0.26958333333333334,0.0,5.041666666666666,4.3999999999999995,-0.687782622343607,-0.7259167062426317,-0.687782622343607,-0.7259167062426317,-4.277675369442399,-3.4723895356034298,1.0,97.0,0.0,1.0000000000000064,0.0,1,0.0,0.07000000000000045,0.6377499999999999,0.0,-0.0,10.9625,-3.9666666666666672,299,10,2024,207
2024-10-26,0.0,0.0,0,0.0,-2.8,12.1,4.791666666666667,10.9,5.8,-3.1117938593953376,3.070986704299893,60.666666666666664,344.7916666666667,600.0,20.583333333333332,1019.8708333333334,1016.7,-3.045833333333333,-5.9,4.716666666666667,-1.0,9.2,331.66684056373424,0.6392655518080131,0.0,0.0,0.0,0.0,0.0,0.0,,0.75,0,0,0.0,0.1400000000000009,0.14,0.14,0.14,1.0,147.56,1.0791666666667652,9.212500000000091,2.9488095238095866,2.0208333333333335,0.4716666666666667,0.0,7.8375,3.1000000000000005,-0.474597698266995,0.8802028316244332,-0.474597698266995,0.8802028316244332,-1.8878216080331713,1.8630652672752683,2.0,98.0,0.0,1.0000000000000064,0.0,2,0.0,0.04666666666666697,0.7009722222222221,0.0,-0.0,11.6,2.087500000000001,300,10,2024,208
2024-10-27,0.0,0.6000000000000001,0,0.0,4.2,12.7,8.933333333333334,21.3,14.083333333333334,-12.05756069993641,6.080686308082008,60.0,289.375,600.0,54.833333333333336,1018.1750000000001,1017.2,1.4541666666666666,-1.7,9.570833333333333,6.6,12.1,301.2507336924414,0.9578709061641952,0.0,0.0,0.0,0.0,0.0,0.0,,0.20833333333333334,0,0,0.0,0.0,0.14,0.14,0.14,1.0,147.56,-1.6958333333333258,6.150000000000091,1.6011904761905953,4.854166666666666,0.9570833333333333,0.0,7.479166666666667,5.9,-0.8549052275303356,0.5187842055626839,-0.8549052275303356,0.5187842055626839,-7.234536419961846,3.6484117848492046,3.0,99.0,,0.0,0.0,3,0.0,0.0,0.6751388888888888,0.0,-0.0,42.25,4.141666666666667,301,10,2024,209
2024-10-28,0.0,3.5,0,0.0,5.1,14.9,9.720833333333333,15.6,11.341666666666667,-8.418814349805654,0.9000166947534346,62.083333333333336,294.7083333333333,600.0,37.0,1018.8166666666666,1015.9,2.283333333333333,0.3,10.225,6.2,13.2,271.397932196551,0.7011436348060752,0.0,0.0,0.0,0.0,0.0,0.0,,0.375,0,0,0.0,0.0,0.14,0.14,0.14,1.0,147.56,0.6416666666665378,0.024999999999977263,2.524404761904748,0.6541666666666668,1.0,0.0,7.4375,4.8,-0.9997023708869176,0.024396098931507425,-0.9997023708869176,0.024396098931507425,-5.226680575504344,0.558760364659424,4.0,100.0,,0.0,0.0,4,0.0,0.0,0.7345277777777778,0.0,-0.0,45.36666666666667,0.7874999999999996,302,10,2024,210
2024-10-29,0.0,0.0,0,0.0,3.5,17.1,10.658333333333333,11.1,7.579166666666667,-6.870692835274741,0.3265194636286809,54.291666666666664,341.375,600.0,15.125,1021.2916666666666,1019.8,1.4000000000000001,-4.7,10.470833333333333,6.4,14.4,275.59043556157064,0.8934210699356576,0.0,0.0,0.0,0.0,0.0,0.0,,0.7916666666666666,0,0,0.0,0.0,0.14,0.14,0.14,1.0,147.56,2.4750000000000227,1.4208333333332348,4.201785714285734,0.24583333333333357,1.0,0.0,9.258333333333333,8.2,-0.9952436757206327,0.09741676415322051,-0.9952436757206327,0.09741676415322051,-3.730213651817911,0.17727285879507132,5.0,101.0,,0.0,0.0,5,0.0,0.0,0.7418888888888889,0.0,-0.0,37.895833333333336,0.9375,303,10,2024,211
2024-10-30,0.0,0.0,0,0.0,6.7,17.6,11.916666666666666,16.5,12.5875,-9.470440044701487,7.96728170682506,60.125,349.7916666666667,600.0,19.333333333333332,1015.7375000000001,1013.4,3.6875,1.9,12.579166666666666,10.7,15.4,311.07619032411293,0.9831831509322803,0.0,0.0,0.0,0.0,0.0,0.0,,0.5833333333333334,0,0,0.0,0.0,0.14,0.14,0.14,1.0,147.56,-5.554166666666561,-2.4375,-2.077976190476079,2.1083333333333325,1.0,0.0,8.229166666666666,4.800000000000001,-0.7538365042696804,0.657062040320751,-0.7538365042696804,0.657062040320751,-5.694102076876769,4.790328126228568,6.0,102.0,,0.0,0.0,6,0.0,0.0,0.7669444444444444,0.0,-0.0,75.525,1.2583333333333329,304,10,2024,212
2024-10-31,0.0,0.2,0,0.0,5.7,15.0,9.645833333333334,19.7,12.841666666666667,-9.084977905538596,4.542427993460561,64.0,320.625,600.0,67.0,1011.4958333333334,1008.4,2.3541666666666665,-0.8,10.225,6.0,13.3,294.0266771547556,0.5412090205105521,0.0,0.0,0.0,0.0,0.0,0.0,,0.20833333333333334,0,0,0.0,0.0,0.0,0.14,0.14,1.0,147.56,-4.241666666666674,-7.320833333333212,-6.244047619047592,-2.354166666666666,1.0,0.0,7.291666666666668,6.5,-0.9133559803435056,0.4071619495615398,-0.9133559803435056,0.4071619495615398,-5.814385859544701,2.907153915814759,7.0,103.0,,,0.0,6,0.0,0.0,0.7604166666666666,0.0,-0.0,77.05,-2.270833333333332,305,10,2024,213
2024-11-01,0.0,0.0,0,0.0,1.5,13.5,7.2,9.7,6.079166666666667,0.17681650163435172,-1.1480765048096357,78.25,250.375,600.0,45.5,1017.7916666666666,1014.7,3.0708333333333333,0.2,7.170833333333333,3.7,11.0,75.41209931737357,0.06895015018554335,0.0,0.0,0.0,0.0,0.0,0.0,,0.5,0,0,0.0,0.0,0.0,0.14,0.14,0.0,147.56,6.295833333333235,-3.5,0.1946428571427532,-3.0541666666666663,0.7170833333333333,0.0,4.129166666666666,1.3,0.9677623791283493,0.25186499864776213,0.9677623791283493,0.25186499864776213,0.13835891252888022,-0.8983698650135399,8.0,104.0,,,0.0,6,0.0,0.0,0.72775,0.0,-0.0,36.475,-2.4458333333333337,306,11,2024,214
2024-11-02,0.0,0.0,0,0.0,0.8,15.4,9.5625,26.9,13.341666666666667,-7.5536823823799795,9.23766093671381,63.541666666666664,354.4583333333333,600.0,46.125,1019.0,1014.5,2.129166666666667,-0.4,9.525,3.1,13.3,325.8984552526312,0.8581974455822654,0.0,0.0,0.0,0.0,0.0,0.0,,0.4166666666666667,0,0,0.0,0.0,0.0,0.14,0.14,0.0,147.56,1.2083333333333712,3.262499999999932,1.5273809523811224,2.354166666666667,0.9525,0.0,7.433333333333334,1.2000000000000002,-0.5606613196342878,0.8280452189741445,-0.5606613196342878,0.8280452189741445,-4.7997356804706115,5.869763720203568,9.0,105.0,,,0.0,6,0.0,0.0,0.7814444444444444,0.0,-0.0,80.05,2.3625,307,11,2024,215
2024-11-03,0.0,0.0,0,0.0,11.3,19.0,14.845833333333333,40.7,30.795833333333334,-25.174217941658117,17.629152266955323,50.291666666666664,339.4166666666667,600.0,42.875,1010.8708333333334,1008.5,4.433333333333334,2.5,15.6,12.9,19.8,305.1248114515115,0.9978018159792278,0.0,0.0,0.0,0.0,0.0,0.0,,0.4166666666666667,0,0,0.0,0.0,0.0,0.14,0.14,0.0,147.56,-8.129166666666606,-0.625,-5.558333333333394,6.074999999999999,1.0,0.0,10.4125,8.8,-0.8179006395720901,0.5753594909163886,-0.8179006395720901,0.5753594909163886,-12.660533773158896,8.865994494256281,10.0,106.0,,,0.0,6,0.0,0.0,0.7272500000000001,0.0,-0.0,184.775,5.283333333333333,308,11,2024,216
2024-11-04,0.0,0.1,0,0.0,7.7,15.9,12.133333333333333,19.4,13.816666666666668,-8.654269937497702,7.014340946083952,57.875,320.1666666666667,600.0,61.541666666666664,1012.8083333333334,1009.5,3.1,-2.5,12.325000000000001,7.6,14.4,312.21979270611007,0.5526880498710213,0.0,0.0,0.0,0.0,0.0,0.0,,0.2916666666666667,0,0,0.0,0.0,0.0,0.14,0.14,0.0,147.56,1.9375,-4.983333333333235,-2.7625000000000455,-3.2749999999999986,1.0,0.0,9.033333333333333,10.2,-0.7405725076297719,0.6719764586225856,-0.7405725076297719,0.6719764586225856,-5.008658726326795,4.059549822546088,11.0,107.0,,,0.0,6,0.0,0.0,0.7396944444444444,0.0,-0.0,82.9,-2.7125000000000004,309,11,2024,217
2024-11-05,0.0,0.0,0,0.0,6.1,19.3,12.691666666666668,11.5,8.758333333333335,-4.922309040221459,6.287033835933468,61.125,359.5,600.0,45.5,1015.3083333333334,1012.9,4.204166666666667,1.8,12.237499999999999,7.4,16.3,323.89283362334953,0.8973275838648853,0.0,0.0,0.0,0.0,0.0,0.0,,0.5,0,0,0.0,0.0,0.0,0.14,0.14,0.0,147.56,2.5,-3.691666666666606,0.5922619047618127,-0.08750000000000213,1.0,0.0,8.4875,4.3,-0.5892974135883638,0.8079161827430275,-0.5892974135883638,0.8079161827430275,-3.008761400835367,3.8429494322143323,12.0,108.0,,,0.0,6,0.0,0.0,0.7767499999999999,0.0,-0.0,52.55000000000001,0.5583333333333353,310,11,2024,218
2024-11-06,0.0,0.0,0,0.0,8.7,21.2,16.379166666666666,23.7,17.179166666666667,-13.050171730121798,10.803379969491656,53.208333333333336,339.75,600.0,51.583333333333336,1011.8833333333333,1009.3,6.570833333333333,0.7,17.058333333333334,12.7,20.9,311.0875079733616,0.9840510595323774,0.0,0.0,0.0,0.0,0.0,0.0,,0.2916666666666667,0,0,0.0,0.0,0.0,0.14,0.14,0.0,147.56,-3.425000000000068,1.0124999999999318,-2.282142857142958,4.820833333333335,1.0,0.0,9.808333333333334,7.999999999999999,-0.7537066999393791,0.6572109330089471,-0.7537066999393791,0.6572109330089471,-6.943778874735641,5.748298425433686,13.0,109.0,,,0.0,6,0.0,0.0,0.7371944444444445,0.0,-0.0,103.075,3.6874999999999982,311,11,2024,219
2024-11-07,0.0,0.4,0,0.0,6.9,17.1,13.15,27.5,18.233333333333334,-13.960485564752027,11.608075353736412,67.375,217.08333333333334,600.0,98.79166666666667,1009.0333333333333,1007.2,7.141666666666667,1.4,13.891666666666666,8.6,19.6,309.7882895043471,0.9951857104996829,0.0,0.0,0.0,0.0,0.0,0.0,,0.0,0,0,0.0,0.0,0.0,0.0,0.14,0.0,147.56,-2.8500000000000227,-3.775000000000091,-4.780357142857156,-3.166666666666668,1.0,0.0,6.008333333333334,5.5,-0.768414337458577,0.6399526591772989,-0.768414337458577,0.6399526591772989,-9.405877149251678,7.820940769579908,14.0,110.0,,,0.0,6,0.0,0.0,0.7026388888888889,0.0,-0.0,109.4,-3.229166666666666,312,11,2024,220
2024-11-08,0.0,0.2,0,0.0,4.0,11.5,7.491666666666667,35.8,21.912499999999998,-19.58639134981975,9.364142698060535,70.45833333333333,326.2916666666667,600.0,43.875,1012.8958333333334,1010.1,1.9375,-1.0,7.133333333333333,5.6,8.8,296.5843872204352,0.9857935238590071,0.0,0.0,0.0,0.0,0.0,0.0,,0.25,0,0,0.0,0.0,0.0,0.0,0.14,0.0,147.56,3.862500000000068,-2.4125000000000227,-0.21845238095249897,-6.758333333333333,0.7133333333333333,0.0,5.554166666666667,5.0,-0.8942762154888734,0.4475154191878734,-0.8942762154888734,0.4475154191878734,-13.800244905227164,6.597818876008485,15.0,111.0,,,0.0,6,0.0,0.0,0.7079444444444446,0.0,-0.0,131.475,-5.658333333333333,313,11,2024,221
2024-11-09,0.0,0.1,0,0.0,2.8,14.7,8.891666666666667,15.4,11.241666666666667,-8.42079964955717,7.183261645443924,66.625,303.875,600.0,62.666666666666664,1018.9916666666667,1018.0,2.2666666666666666,-0.6,8.854166666666666,5.4,12.2,311.2863516196869,0.9845156246045736,0.0,0.0,0.0,0.0,0.0,0.0,,0.25,0,0,0.0,0.0,0.0,0.0,0.14,0.0,147.56,6.095833333333303,7.1083333333333485,5.878571428571377,1.7208333333333332,0.8854166666666666,0.0,6.625000000000001,3.4,-0.7514213306394865,0.659822691228472,-0.7514213306394865,0.659822691228472,-5.610357766517464,4.785848071277014,16.0,112.0,,,0.0,6,0.0,0.0,0.7513333333333333,0.0,-0.0,67.45,1.4000000000000004,314,11,2024,222
2024-11-10,0.0,2.8,0,0.0,5.0,18.0,10.700000000000001,13.0,8.258333333333335,-0.9469313334246777,3.3281857271904554,62.041666666666664,330.3333333333333,600.0,59.333333333333336,1021.1416666666668,1019.0,2.345833333333333,-1.5,10.416666666666666,7.7,14.6,326.160480755028,0.39352700114775974,0.0,0.0,0.0,0.0,0.0,0.0,,0.25,0,0,0.0,0.0,0.0,0.0,0.14,0.0,147.56,2.150000000000091,12.108333333333462,6.561309523809541,1.5625,1.0,0.0,8.354166666666668,6.5,-0.5568686471392877,0.8306005717751821,-0.5568686471392877,0.8306005717751821,-0.5874919814455605,2.064861894911078,17.0,113.0,,,0.0,6,0.0,0.0,0.760361111111111,0.0,-0.0,49.55000000000001,1.8083333333333336,315,11,2024,223
2024-11-11,0.0,0.2,0,0.0,7.1,18.3,12.370833333333332,12.9,9.529166666666667,-4.408834606672958,2.560194878644193,63.625,355.1666666666667,600.0,34.666666666666664,1020.0500000000001,1017.3,4.2749999999999995,-1.6,11.674999999999999,7.5,16.1,306.2772516698388,0.41517973348020926,0.0,0.0,0.0,0.0,0.0,0.0,,0.4166666666666667,0,0,0.0,0.0,0.0,0.0,0.14,0.0,147.56,-1.091666666666697,7.154166666666697,4.435119047618969,1.2583333333333329,1.0,0.0,8.095833333333331,8.7,-0.8061632676436465,0.5916931518127604,-0.8061632676436465,0.5916931518127604,-2.805121018495669,1.6289239915373679,18.0,114.0,,,0.0,6,0.0,0.0,0.7821944444444444,0.0,-0.0,57.175,1.6708333333333307,316,11,2024,224
2024-11-12,0.0,8.4,0,0.0,7.9,17.8,11.762500000000001,10.8,5.220833333333333,0.040103361890466226,4.328542814795609,76.79166666666667,245.125,600.0,52.208333333333336,1017.1958333333333,1015.0,7.166666666666667,3.5,12.633333333333333,9.9,15.3,354.9207338097865,0.7743469150902444,0.0,0.0,0.0,0.0,0.0,0.0,,0.3333333333333333,0,0,0.0,0.0,0.0,0.0,0.14,0.0,147.56,-2.8541666666667425,-1.7958333333333485,1.3113095238094274,0.9583333333333339,1.0,0.0,4.595833333333334,4.4,-0.08853385043911333,0.99607316866103,-0.08853385043911333,0.99607316866103,0.030796039985053855,3.3239601698617953,19.0,115.0,,,0.0,6,0.0,0.0,0.7527222222222223,0.0,-0.0,31.325,-0.6083333333333307,317,11,2024,225
2024-11-13,0.0,6.999999999999999,0,0.0,8.1,15.7,11.270833333333334,11.8,8.908333333333333,-4.036645587756724,2.190759786925736,85.04166666666667,234.41666666666666,600.0,75.375,1013.4499999999999,1011.4,8.6,6.9,11.549999999999999,9.7,13.2,298.3981070708405,0.39641057590092554,0.0,0.0,0.0,0.0,0.0,0.0,,0.041666666666666664,0,0,0.0,0.0,0.0,0.0,0.14,0.0,147.56,-3.745833333333394,-7.691666666666833,-2.6583333333334167,-1.083333333333334,1.0,0.0,2.6708333333333343,1.1999999999999993,-0.8796642859860804,0.4755951471163256,-0.8796642859860804,0.4755951471163256,-3.432830685254781,1.8630586354647614,20.0,116.0,,,0.0,6,0.0,0.0,0.7730833333333335,0.0,-0.0,53.45,-0.49166666666666714,318,11,2024,226
2024-11-14,0.0,3.7,0,0.0,6.1,16.4,10.325000000000001,12.0,6.0625,-0.7265204064601262,0.27176476254946286,86.0,246.79166666666666,600.0,77.33333333333333,1016.8375,1014.7,7.683333333333334,5.9,10.516666666666667,7.8,14.0,20.371551480319518,0.10705103886505118,0.0,0.0,0.0,0.0,0.0,0.0,,0.0,0,0,0.0,0.0,0.0,0.0,0.14,0.0,147.56,3.3875000000000455,-3.212500000000091,-0.3857142857143572,-1.0333333333333314,1.0,0.0,2.6416666666666675,0.1999999999999993,0.3481066248056704,0.9374549470595396,0.3481066248056704,0.9374549470595396,-0.6248075495557085,0.23371769579253804,21.0,117.0,,,0.0,6,0.0,0.0,0.7845277777777778,0.0,-0.0,36.375,-0.9458333333333329,319,11,2024,227
2024-11-15,0.0,0.0,0,0.0,5.4,17.9,11.829166666666666,13.8,8.241666666666667,-5.088671546167322,4.490091429168802,64.33333333333333,354.875,600.0,56.958333333333336,1019.0500000000001,1018.0,4.270833333333333,2.0,11.629166666666668,7.7,14.7,319.22032216480085,0.8056648621016397,0.0,0.0,0.0,0.0,0.0,0.0,,0.2916666666666667,0,0,0.0,0.0,0.0,0.0,0.14,0.0,147.56,2.212500000000091,1.8541666666667425,0.9476190476191277,1.1125000000000007,1.0,0.0,7.558333333333333,3.4000000000000004,-0.6531520653119668,0.7572267689263978,-0.6531520653119668,0.7572267689263978,-3.27371202803431,2.888625486098596,22.0,118.0,,,0.0,6,0.0,0.0,0.7843611111111111,0.0,-0.0,49.45,1.5041666666666647,320,11,2024,228
2024-11-16,0.0,0.0,0,0.0,7.3,20.1,14.504166666666668,21.8,13.420833333333334,-8.89095019631604,9.788076370656663,56.208333333333336,363.7916666666667,600.0,29.083333333333332,1018.6041666666666,1015.4,5.379166666666666,2.6,15.4,12.1,18.8,318.90829586485916,0.9842055164058336,0.0,0.0,0.0,0.0,0.0,0.0,,0.4166666666666667,0,0,0.0,0.0,0.0,0.0,0.14,0.0,147.56,-0.44583333333343944,5.154166666666697,0.5571428571427077,3.770833333333332,1.0,0.0,9.125000000000002,4.699999999999999,-0.6572661303426107,0.7536585658668322,-0.6572661303426107,0.7536585658668322,-4.997454922845975,5.501714593339933,23.0,119.0,,,0.0,6,0.0,0.0,0.7632222222222222,0.0,-0.0,80.525,2.6750000000000025,321,11,2024,229
2024-11-17,0.0,42.1,0,0.0,6.2,17.1,13.833333333333334,35.4,23.349999999999998,-15.946527791816948,16.083913806415584,85.95833333333333,72.58333333333333,313.0,93.83333333333333,1010.4625,1005.5,11.220833333333333,6.2,13.941666666666668,6.9,17.3,312.3372761141164,0.9622444645967125,0.0,0.0,0.0,0.0,0.0,0.0,,0.041666666666666664,0,0,0.0,0.0,0.0,0.0,0.14,0.0,147.56,-8.141666666666652,-6.375,-6.05892857142851,-1.4583333333333321,1.0,0.0,2.6125000000000007,0.0,-0.7391930826454005,0.6734935683205817,-0.7391930826454005,0.6734935683205817,-13.707369514382652,13.82546424276473,24.0,120.0,,,0.0,6,0.0,0.0,0.66825,0.0,-0.0,140.1,-0.6708333333333343,322,11,2024,230
2024-11-18,0.0,0.0,0,0.0,2.8,13.5,7.7,22.1,14.866666666666667,-12.741727925122724,5.55566606077744,70.66666666666667,357.375,600.0,13.833333333333334,1016.8333333333334,1013.3,1.8291666666666666,-0.8,7.4875,5.1,10.4,297.44897544479636,0.703945977889689,0.0,0.0,0.0,0.0,0.0,0.0,,0.6666666666666666,0,0,0.0,0.0,0.0,0.0,0.14,0.0,147.56,6.370833333333394,-2.216666666666697,0.7714285714287143,-6.454166666666668,0.74875,0.0,5.870833333333334,3.5999999999999996,-0.8874216899974026,0.4609585058572561,-0.8874216899974026,0.4609585058572561,-9.00415440042006,3.9260040162827248,25.0,121.0,,,0.0,6,0.0,0.0,0.7738055555555555,0.0,-0.0,89.2,-6.133333333333334,323,11,2024,231
2024-11-19,0.0,0.0,0,0.0,2.7,18.6,10.608333333333333,9.9,6.491666666666667,-1.0035451763245613,-0.007761377060055937,62.666666666666664,377.4583333333333,600.0,19.916666666666668,1021.375,1019.6,2.058333333333333,-2.3,9.858333333333333,6.6,14.1,310.8260185268038,0.23238100468351283,0.0,0.0,0.0,0.0,0.0,0.0,,0.7916666666666666,0,0,0.0,0.0,0.0,0.0,0.14,0.0,147.56,4.541666666666629,2.7708333333333712,4.716071428571581,2.3708333333333327,0.9858333333333332,0.0,8.549999999999999,5.0,-0.7566982534596814,0.6537642948426197,-0.7566982534596814,0.6537642948426197,-0.628888310496725,-0.004863796290968387,26.0,122.0,,,0.0,6,0.0,0.0,0.7938611111111111,0.0,-0.0,38.95,2.9083333333333323,324,11,2024,232
2024-11-20,0.0,0.5,0,0.0,6.6,20.1,13.220833333333333,14.3,8.058333333333334,-2.058483924377141,1.9907910433817253,62.458333333333336,348.5416666666667,600.0,47.75,1022.6083333333332,1020.5,4.620833333333334,-0.4,12.233333333333334,8.7,16.1,318.52415562372704,0.3595705046732431,0.0,0.0,0.0,0.0,0.0,0.0,,0.3333333333333333,0,0,0.0,0.0,0.0,0.0,0.14,0.0,147.56,1.2333333333332348,12.145833333333258,4.641071428571422,2.3750000000000018,1.0,0.0,8.6,7.0,-0.6623042332251117,0.7492350116299271,-0.6623042332251117,0.7492350116299271,-1.285694751100556,1.2434149058455026,27.0,123.0,,,0.0,6,0.0,0.0,0.773888888888889,0.0,-0.0,48.35,2.6125000000000007,325,11,2024,233
2024-11-21,0.0,2.1,0,0.0,9.8,19.0,14.1875,14.0,9.058333333333334,-6.6224837030652255,4.954391570526831,71.79166666666667,322.4166666666667,600.0,34.208333333333336,1024.3833333333334,1023.2,8.729166666666666,6.0,14.216666666666667,10.4,17.0,311.74968611830235,0.8965684707812036,0.0,0.0,0.0,0.0,0.0,0.0,,0.5,0,0,0.0,0.0,0.0,0.0,0.14,0.0,147.56,1.7750000000002046,7.550000000000068,5.338095238095207,1.9833333333333325,1.0,0.0,5.458333333333334,3.8000000000000007,-0.74606102292945,0.6658775788877883,-0.74606102292945,0.6658775788877883,-4.754391425158911,3.5568402816740545,28.0,124.0,,,0.0,6,0.0,0.0,0.7875833333333334,0.0,-0.0,54.35,0.9666666666666668,326,11,2024,234
2024-11-22,0.0,0.0,0,0.0,10.5,21.2,15.9375,14.4,9.575000000000001,-7.450043771845565,4.1494514081612355,64.20833333333333,321.0,600.0,51.416666666666664,1024.2541666666666,1023.0,8.4375,6.9,16.179166666666667,13.5,18.9,313.2441674518278,0.755851817117979,0.0,0.0,0.0,0.0,0.0,0.0,,0.4166666666666667,0,0,0.0,0.0,0.0,0.0,0.14,0.0,147.56,-0.1291666666668334,2.879166666666606,4.465476190476011,1.9625000000000004,1.0,0.0,7.5,3.5999999999999996,-0.7284407157972745,0.6851088406733301,-0.7284407157972745,0.6851088406733301,-4.78354893850584,2.6642935916568597,29.0,125.0,,,0.0,6,0.0,0.0,0.761361111111111,0.0,-0.0,57.45,1.75,327,11,2024,235
2024-11-23,0.0,0.0,0,0.0,11.7,22.5,17.479166666666668,15.7,9.420833333333333,-6.90742503390155,5.920764665901616,52.875,328.7083333333333,600.0,56.166666666666664,1021.1041666666666,1019.1,7.216666666666666,5.6,18.145833333333332,15.3,20.4,317.41165613012515,0.9418333930773061,0.0,0.0,0.0,0.0,0.0,0.0,,0.25,0,0,0.0,0.0,0.0,0.0,0.0,0.0,147.56,-3.1499999999999773,-1.504166666666606,0.9583333333333712,1.966666666666665,1.0,0.0,10.262500000000003,6.1,-0.6767262056689185,0.7362347740775008,-0.6767262056689185,0.7362347740775008,-3.6523009866754443,3.130604317095479,30.0,126.0,,,0.0,6,0.0,0.0,0.7287222222222223,0.0,-0.0,56.52499999999999,1.5416666666666679,328,11,2024,236
2024-11-24,0.0,1.5,0,0.0,11.8,21.5,16.625,21.8,8.424999999999999,-4.606677704220925,5.395322145995627,64.25,201.25,600.0,67.95833333333333,1018.5833333333334,1017.3,9.458333333333334,6.5,17.383333333333333,14.8,19.2,334.45726200355074,0.6104388217167422,0.0,0.0,0.0,0.0,0.0,0.0,,0.20833333333333334,0,0,0.0,0.0,0.0,0.0,0.0,0.0,147.56,-2.5208333333332575,-5.800000000000068,-2.7226190476189913,-0.7624999999999993,1.0,0.0,7.166666666666666,5.300000000000001,-0.4311842322692542,0.9022639069819727,-0.4311842322692542,0.9022639069819727,-2.9597904249619438,3.4664944788021903,31.0,127.0,,,0.0,6,0.0,0.0,0.6816666666666666,0.0,-0.0,50.55,-0.8541666666666679,329,11,2024,237
2024-11-25,0.0,0.0,0,0.0,12.4,21.5,17.020833333333332,23.7,10.762500000000001,-5.644710904263605,7.6429684793656625,69.625,188.125,600.0,97.83333333333333,1014.5083333333333,1012.3,10.866666666666667,8.5,17.150000000000002,13.9,20.0,337.1561224334745,0.7415140469189068,0.0,0.0,0.0,0.0,0.0,0.0,,0.0,0,0,0.0,0.0,0.0,0.0,0.0,0.0,147.56,-4.0750000000000455,-9.74583333333328,-6.465476190476238,-0.23333333333333073,1.0,0.0,6.154166666666665,3.9000000000000004,-0.3882214429312825,0.9215661187610756,-0.3882214429312825,0.9215661187610756,-3.930129967093535,5.321416803758342,32.0,128.0,,,0.0,6,0.0,0.0,0.6908333333333333,0.0,-0.0,64.575,0.39583333333333215,330,11,2024,238
2024-11-26,0.0,7.8,0,0.0,13.4,17.4,15.254166666666668,22.1,14.537500000000001,-9.619193856074306,10.765356607088625,86.33333333333333,197.20833333333334,600.0,84.91666666666667,1011.9416666666666,1010.2,12.916666666666666,10.0,16.041666666666668,15.2,16.7,319.5004681928815,0.9897584151992525,0.0,0.0,0.0,0.0,0.0,0.0,,0.08333333333333333,0,0,0.0,0.0,0.0,0.0,0.0,0.0,147.56,-2.5666666666667197,-9.162500000000023,-7.6845238095239665,-1.1083333333333343,1.0,0.0,2.337500000000002,3.4000000000000004,-0.6494418346455895,0.7604112725441219,-0.6494418346455895,0.7604112725441219,-8.30457069574415,9.294091204119846,33.0,129.0,,,0.0,6,0.0,0.0,0.7525833333333333,0.0,-0.0,87.22500000000001,-1.766666666666664,331,11,2024,239
2024-11-27,0.0,20.7,0,0.0,13.6,15.1,14.183333333333332,37.4,18.412499999999998,-12.067315462812099,13.669882165456626,96.83333333333333,93.95833333333333,379.0,100.0,1008.7833333333333,1007.6,13.691666666666668,12.6,15.237499999999999,14.1,16.9,317.7350658159069,0.9889143153227666,0.0,0.0,0.0,0.0,0.0,0.0,,0.0,0,0,0.0,0.0,0.0,0.0,0.0,0.0,147.56,-3.158333333333303,-9.800000000000068,-8.867857142857133,-0.8041666666666689,1.0,0.0,0.4916666666666636,1.0,-0.6725597229534795,0.7400428494761224,-0.6725597229534795,0.7400428494761224,-11.685183806489714,13.237002563550497,34.0,130.0,,,0.0,6,0.0,0.0,0.71875,0.0,-0.0,110.475,-1.0708333333333364,332,11,2024,240
2024-11-28,0.0,7.9,0,0.0,12.2,20.9,15.929166666666667,14.3,8.454166666666667,-4.900296203368433,5.038670834542601,75.33333333333333,343.9166666666667,600.0,46.708333333333336,1015.0,1010.0,10.708333333333334,7.2,15.154166666666667,13.0,18.1,322.06282449301136,0.7775267219840044,0.0,0.0,0.0,0.0,0.0,0.0,,0.4166666666666667,0,0,0.0,0.0,0.0,0.0,0.0,0.0,147.56,6.216666666666697,0.49166666666667425,-1.310714285714198,-0.08333333333333215,1.0,0.0,5.220833333333333,4.999999999999999,-0.6147970561306726,0.78868534902904,-0.6147970561306726,0.78868534902904,-3.6915564732042196,3.7957986953554257,35.0,131.0,,,0.0,6,0.0,0.0,0.8137222222222222,0.0,-0.0,50.72500000000001,1.7458333333333353,333,11,2024,241
2024-11-29,0.0,19.8,0,0.0,11.3,20.2,14.916666666666666,9.8,6.133333333333333,4.793430680213545,2.5630321407226546,84.66666666666667,225.0,600.0,90.41666666666667,1019.2166666666667,1017.7,12.129166666666668,8.3,15.016666666666666,13.5,16.9,55.30567562980923,0.8721528914368192,0.0,0.0,0.0,0.0,0.0,0.0,,0.041666666666666664,0,0,0.0,0.0,0.0,0.0,0.0,0.0,147.56,4.216666666666697,7.275000000000091,3.6255952380951157,-0.13750000000000107,1.0,0.0,2.787499999999998,3.0,0.822200428931254,0.5691980803422144,0.822200428931254,0.5691980803422144,4.058437975914135,2.170033879145181,36.0,132.0,,,0.0,6,0.0,0.0,0.7655555555555557,0.0,-0.0,36.8,-1.012500000000001,334,11,2024,242
2024-11-30,0.0,56.6,0,0.0,12.4,15.0,13.566666666666668,17.5,12.141666666666666,1.4651985476090532,6.4406599094012575,99.25,45.583333333333336,140.0,100.0,1010.0416666666666,1004.7,13.4625,12.4,14.316666666666668,13.0,15.8,21.90183502566728,0.5636156426019886,0.0,0.0,0.0,0.0,0.0,0.0,,0.0,0,0,0.0,0.0,0.0,0.0,0.0,0.0,147.56,-9.175000000000068,1.2583333333333258,-3.9690476190476147,-0.6999999999999975,1.0,0.0,0.10416666666666785,0.0,0.3730174984186636,0.9278243076539234,0.3730174984186636,0.9278243076539234,1.4542095585019854,6.392354960080748,37.0,133.0,,,0.0,6,0.0,0.0,0.6945555555555556,0.0,-0.0,72.85,-1.3499999999999979,335,11,2024,243
2024-12-01,0.0,3.8,0,0.0,9.6,15.8,12.704166666666666,22.0,15.4125,-11.514603003634493,10.006940194879464,84.5,244.875,600.0,84.66666666666667,1007.2708333333334,1006.0,9.9375,6.6,13.066666666666668,12.2,14.1,312.32011383308253,0.9890355501891348,0.0,0.0,0.0,0.0,0.0,0.0,,0.08333333333333333,0,0,0.0,0.0,0.0,0.0,0.0,0.0,147.56,-2.7708333333332575,-7.729166666666629,-5.123809523809541,-1.25,1.0,0.0,2.7666666666666657,3.0,-0.7393947866070544,0.6732721214622721,-0.7393947866070544,0.6732721214622721,-9.729839538071147,8.455864464673146,38.0,134.0,,,0.0,6,0.0,0.0,0.7782499999999999,0.0,-0.0,92.475,-0.8625000000000025,336,12,2024,244
2024-12-02,0.0,0.0,0,0.0,8.2,20.3,14.545833333333334,17.4,12.420833333333334,-8.690890808542841,8.38460863419399,57.166666666666664,390.25,600.0,52.166666666666664,1009.3958333333334,1008.0,5.308333333333334,2.7,15.333333333333334,11.9,18.7,315.90365382358635,0.9703542068381953,0.0,0.0,0.0,0.0,0.0,0.0,,0.2916666666666667,0,0,0.0,0.0,0.0,0.0,0.0,0.0,147.56,2.125,-9.820833333333326,-2.26845238095234,2.2666666666666657,1.0,0.0,9.2375,5.499999999999999,-0.6958669993642773,0.718170675533161,-0.6958669993642773,0.718170675533161,-4.968292578883657,4.793201269214231,39.0,135.0,,,0.0,6,0.0,0.0,0.7840555555555556,0.0,-0.0,74.525,1.8416666666666686,337,12,2024,245
2024-12-03,0.0,30.8,0,0.0,12.5,17.8,14.8375,24.9,17.837500000000002,-11.540411797220182,13.187068300167125,92.95833333333333,117.45833333333333,352.0,93.20833333333333,1008.1583333333333,1006.3,13.495833333333332,7.5,15.658333333333333,14.7,18.8,318.39041140664204,0.9793552879067419,0.0,0.0,0.0,0.0,0.0,0.0,,0.041666666666666664,0,0,0.0,0.0,0.0,0.0,0.0,0.0,147.56,-1.2375000000000682,-1.8833333333333258,-2.965476190476238,0.3249999999999993,1.0,0.0,1.3416666666666686,5.0,-0.6640513492528446,0.7476869702993871,-0.6640513492528446,0.7476869702993871,-10.72777446649926,12.25847890736369,40.0,136.0,,,0.0,6,0.0,0.0,0.7214999999999999,0.0,-0.0,107.025,0.2916666666666661,338,12,2024,246
2024-12-04,0.0,0.6,0,0.0,11.7,23.2,16.633333333333333,16.1,9.279166666666667,-3.945158591332058,4.13347934581839,78.25,337.125,600.0,36.625,1016.2375000000001,1011.9,11.950000000000001,8.4,16.016666666666666,14.0,19.2,322.9718301945478,0.5723024758794348,0.0,0.0,0.0,0.0,0.0,0.0,,0.3333333333333333,0,0,0.0,0.0,0.0,0.0,0.0,0.0,147.56,8.079166666666765,8.966666666666697,4.048809523809609,0.3583333333333325,1.0,0.0,4.683333333333332,3.299999999999999,-0.6022076042235734,0.7983395276543082,-0.6022076042235734,0.7983395276543082,-3.0870865977173354,3.2344475881028902,41.0,137.0,,,0.0,6,0.0,0.0,0.8189166666666666,0.0,-0.0,55.675,1.7958333333333325,339,12,2024,247
2024-12-05,0.0,2.7,0,0.0,13.7,23.5,17.654166666666665,14.1,9.079166666666667,-6.124811828166592,5.21535000799187,84.45833333333333,272.4583333333333,600.0,47.25,1019.8666666666667,1018.5,14.766666666666666,13.2,17.541666666666668,15.7,19.6,313.8387882237939,0.7671432370697542,0.0,0.0,0.0,0.0,0.0,0.0,,0.3333333333333333,0,0,0.0,0.0,0.0,0.0,0.0,0.0,147.56,3.629166666666606,10.470833333333303,6.982738095238119,1.5250000000000021,1.0,0.0,2.8874999999999993,0.5,-0.7212914941212503,0.6926316340655647,-0.7212914941212503,0.6926316340655647,-5.1729139898723675,4.4047976942498,42.0,138.0,,,0.0,6,0.0,0.0,0.7965,0.0,-0.0,54.47500000000001,1.0208333333333321,340,12,2024,248
2024-12-06,0.0,3.0999999999999996,0,0.0,13.5,25.3,18.779166666666665,11.9,7.866666666666667,-3.4644065599375407,3.6591613353642063,75.70833333333333,342.0416666666667,600.0,51.458333333333336,1018.6291666666666,1015.8,13.762500000000001,10.6,18.7,17.0,21.7,323.7270354807476,0.5278229139918793,0.0,0.0,0.0,0.0,0.0,0.0,,0.25,0,0,0.0,0.0,0.0,0.0,0.0,0.0,147.56,-1.2375000000000682,10.470833333333303,5.8291666666666515,1.1583333333333314,1.0,0.0,5.016666666666664,2.9000000000000004,-0.5916328290759892,0.8062075387637734,-0.5916328290759892,0.8062075387637734,-2.6228444664193797,2.770290060981984,43.0,139.0,,,0.0,6,0.0,0.0,0.8137222222222222,0.0,-0.0,47.2,1.125,341,12,2024,249
2024-12-07,0.0,10.1,0,0.0,13.6,20.2,16.304166666666667,25.5,17.25,-14.523734273881606,8.241521535516116,91.79166666666667,207.625,600.0,78.875,1010.2583333333333,1008.0,14.85,13.2,16.679166666666667,15.3,18.0,303.9831691013023,0.957397159307269,0.0,0.0,0.0,0.0,0.0,0.0,,0.0,0,0,0.0,0.0,0.0,0.0,0.0,0.0,147.56,-8.37083333333328,-5.9791666666667425,-2.572619047619014,-2.020833333333332,1.0,0.0,1.4541666666666675,0.40000000000000036,-0.8292018022698784,0.55894934574824,-0.8292018022698784,0.55894934574824,-13.331577752233825,7.565029976142501,44.0,140.0,,,0.0,6,0.0,0.0,0.7777222222222222,0.0,-0.0,103.5,-2.474999999999998,342,12,2024,250
2024-12-08,0.0,0.0,0,0.0,7.0,19.0,14.229166666666666,20.5,13.995833333333332,-12.600439064729942,5.615717377721892,59.083333333333336,406.625,600.0,6.625,1011.1583333333333,1008.5,4.479166666666667,-2.1,14.129166666666668,10.7,16.5,298.24657566019164,0.9341715381708081,0.0,0.0,0.0,0.0,0.0,0.0,,0.875,0,0,0.0,0.0,0.0,0.0,0.0,0.0,147.56,0.8999999999999773,-8.708333333333371,-2.22797619047617,-2.549999999999999,1.0,0.0,9.75,9.1,-0.8809190250574028,0.47326701901982865,-0.8809190250574028,0.47326701901982865,-7.444759414077941,3.3179530173373513,45.0,141.0,,,0.0,6,0.0,0.0,0.8013611111111111,0.0,-0.0,83.975,-2.075000000000001,343,12,2024,251
2024-12-09,0.0,0.0,0,0.0,5.2,16.2,10.325000000000001,13.0,9.129166666666666,-6.22230578610743,5.9984805818362545,60.0,246.375,600.0,46.958333333333336,1014.4291666666667,1013.4,1.6291666666666667,-4.5,10.762500000000001,9.3,12.6,316.05435840342324,0.9389475415490498,0.0,0.0,0.0,0.0,0.0,0.0,,0.4166666666666667,0,0,0.0,0.0,0.0,0.0,0.0,0.0,147.56,3.2708333333333712,-4.199999999999932,0.3238095238094729,-3.366666666666667,1.0,0.0,8.695833333333335,9.7,-0.6939755964421632,0.719998521903166,-0.6939755964421632,0.719998521903166,-3.7333834716644585,3.599088349101753,46.0,142.0,,,0.0,6,0.0,0.0,0.6975833333333333,0.0,-0.0,54.775,-3.904166666666665,344,12,2024,252
2024-12-10,0.0,0.2,0,0.0,5.6,19.1,12.041666666666666,18.6,11.029166666666667,-6.1468981817850645,2.232606320306949,61.166666666666664,364.375,600.0,49.0,1012.9208333333332,1010.1,3.6291666666666664,-0.2,11.5,9.1,14.8,293.76394771038525,0.4513684826378648,0.0,0.0,0.0,0.0,0.0,0.0,,0.5,0,0,0.0,0.0,0.0,0.0,0.0,0.0,147.56,-1.5083333333334394,2.662499999999909,-1.8648809523808723,0.7374999999999989,1.0,0.0,8.4125,5.8,-0.915213409975827,0.4029694953720675,-0.915213409975827,0.4029694953720675,-3.7598527211918644,1.3656108659210837,47.0,143.0,,,0.0,6,0.0,0.0,0.7801388888888888,0.0,-0.0,66.175,1.716666666666665,345,12,2024,253
2024-12-11,0.0,0.0,0,0.0,6.9,17.8,12.466666666666667,15.6,9.729166666666666,-7.306968711117141,4.995123440511209,59.75,395.7083333333333,600.0,53.083333333333336,1010.1999999999999,1008.2,3.6625,-2.3,12.075000000000001,8.9,15.0,312.1677940280254,0.883579627504324,0.0,0.0,0.0,0.0,0.0,0.0,,0.25,0,0,0.0,0.0,0.0,0.0,0.0,0.0,147.56,-2.720833333333303,-0.9583333333333712,-3.7232142857143344,0.5750000000000011,1.0,0.0,8.804166666666667,9.2,-0.7411820535468144,0.6713040767790162,-0.7411820535468144,0.6713040767790162,-4.365913804892491,2.9845862557054477,48.0,144.0,,,0.0,6,0.0,0.0,0.7963055555555556,0.0,-0.0,58.375,0.4250000000000007,346,12,2024,254
2024-12-12,0.0,0.0,0,0.0,7.7,20.2,14.316666666666665,17.5,11.954166666666666,-9.508914193460782,6.835665874137583,57.916666666666664,395.5833333333333,600.0,1.25,1009.0708333333333,1007.9,5.470833333333334,2.9,14.733333333333334,11.3,18.0,306.98900746582365,0.9797520119547903,0.0,0.0,0.0,0.0,0.0,0.0,,1.0,0,0,0.0,0.0,0.0,0.0,0.0,0.0,147.56,-1.129166666666606,-5.3583333333333485,-3.3101190476190823,2.658333333333333,1.0,0.0,8.845833333333331,4.800000000000001,-0.7987509571198564,0.6016617891308316,-0.7987509571198564,0.6016617891308316,-5.507246137046036,3.9589898187713506,49.0,145.0,,,0.0,6,0.0,0.0,0.790111111111111,0.0,-0.0,71.725,1.8499999999999979,347,12,2024,255
2024-12-13,0.0,0.1,0,0.0,11.4,20.4,15.504166666666668,24.7,15.566666666666665,-12.742275057538299,8.25151916962492,58.375,352.8333333333333,600.0,28.75,1009.4499999999999,1008.0,7.0249999999999995,5.5,16.2,14.2,19.1,308.3562722736692,0.9596883811227529,0.0,0.0,0.0,0.0,0.0,0.0,,0.5833333333333334,0,0,0.0,0.0,0.0,0.0,0.0,0.0,147.56,0.37916666666660603,-3.470833333333303,-1.619642857142935,1.466666666666665,1.0,0.0,8.479166666666668,5.9,-0.784167284556463,0.6205494902353423,-0.784167284556463,0.6205494902353423,-7.4383030648379815,4.816824315268547,50.0,146.0,,,0.0,6,0.0,0.0,0.7631388888888889,0.0,-0.0,93.39999999999999,1.1875000000000036,348,12,2024,256
2024-12-14,0.0,0.0,0,0.0,11.8,22.3,16.575,16.3,12.8375,-10.174280664235924,7.529275426574189,45.125,365.125,600.0,62.166666666666664,1011.2916666666666,1009.0,3.4125,-2.4,16.795833333333334,14.1,19.4,306.84953307686817,0.9842227183248711,0.0,0.0,0.0,0.0,0.0,0.0,,0.25,0,0,0.0,0.0,0.0,0.0,0.0,0.0,147.56,1.841666666666697,1.091666666666697,0.07440476190481604,0.595833333333335,1.0,0.0,13.1625,14.200000000000001,-0.8002132067312906,0.5997156190835994,-0.8002132067312906,0.5997156190835994,-4.591144149736461,3.3975855362416025,51.0,147.0,,,0.0,6,0.0,0.0,0.7271666666666666,0.0,-0.0,77.025,1.070833333333331,349,12,2024,257
2024-12-15,0.0,0.0,0,0.0,11.1,25.4,18.141666666666666,11.1,8.362499999999999,-4.678980087340329,2.1608249734579767,52.833333333333336,390.0833333333333,600.0,8.333333333333334,1013.9625,1011.9,6.645833333333333,3.0,18.245833333333334,15.3,22.1,299.83735591311455,0.5822152825932004,0.0,0.0,0.0,0.0,0.0,0.0,,0.8333333333333334,0,0,0.0,0.0,0.0,0.0,0.0,0.0,147.56,2.6708333333333485,4.8916666666666515,2.344642857142844,1.4499999999999993,1.0,0.0,11.495833333333334,8.1,-0.867441250044395,0.49753962427269793,-0.867441250044395,0.49753962427269793,-2.4720611461448074,1.1416358609769643,52.0,148.0,,,0.0,6,0.0,0.0,0.7695,0.0,-0.0,50.175,1.5666666666666664,350,12,2024,258
2024-12-16,0.0,0.0,0,0.0,13.0,26.2,20.920833333333334,18.7,13.775,-9.313981145501394,9.575687989642269,52.75,382.25,600.0,3.125,1012.6708333333332,1008.5,10.333333333333334,6.8,21.566666666666666,16.2,24.5,318.63937211731997,0.9623985899313334,0.0,0.0,0.0,0.0,0.0,0.0,,0.9583333333333334,0,0,0.0,0.0,0.0,0.0,0.0,0.0,147.56,-1.2916666666667425,3.220833333333303,1.3041666666666742,3.320833333333333,1.0,0.0,10.5875,6.2,-0.6607962530916349,0.7505653282027195,-0.6607962530916349,0.7505653282027195,-4.913125054251985,5.051175414536297,53.0,149.0,,,0.0,6,0.0,0.0,0.7639999999999999,0.0,-0.0,82.65,2.7791666666666686,351,12,2024,259
2024-12-17,0.0,5.800000000000001,0,0.0,8.9,21.6,17.108333333333334,29.0,16.983333333333334,-10.542979724697034,8.392406282338749,69.0,246.95833333333334,600.0,79.25,1009.8666666666667,1007.2,10.670833333333334,1.1,17.858333333333334,10.5,22.6,305.06985947490296,0.530224229283685,0.0,0.0,0.0,0.0,0.0,0.0,,0.125,0,0,0.0,0.0,0.0,0.0,0.0,0.0,147.56,-2.8041666666665606,-1.4249999999999545,-1.0636904761904589,-3.708333333333332,1.0,0.0,6.4375,7.800000000000001,-0.8184520865263063,0.5745747836972448,-0.8184520865263063,0.5745747836972448,-7.274656010040953,5.790760334813736,54.0,150.0,,,0.0,6,0.0,0.0,0.7279722222222222,0.0,-0.0,101.9,-3.8125,352,12,2024,260
2024-12-18,0.0,0.8,0,0.0,4.9,16.1,9.745833333333334,13.3,9.920833333333333,6.604212740682392,-6.418569939009871,72.33333333333333,403.1666666666667,600.0,29.875,1019.4875000000001,1015.0,3.9499999999999997,-0.2,9.008333333333333,4.9,12.9,134.53635521280142,0.922395840606465,0.0,0.0,0.0,0.0,0.0,0.0,,0.6666666666666666,0,0,0.0,0.0,0.0,0.0,0.0,0.0,147.56,9.620833333333394,5.525000000000091,7.230357142857201,-8.850000000000001,0.9008333333333333,0.0,5.795833333333334,5.1000000000000005,0.7128055659427036,-0.7013616935370095,0.7128055659427036,-0.7013616935370095,4.7770472157602635,-4.64276558921714,55.0,151.0,,,0.0,6,0.0,0.0,0.8432222222222222,0.0,-0.0,59.52499999999999,-7.362500000000001,353,12,2024,261
2024-12-19,0.0,0.0,0,0.0,4.2,19.8,12.554166666666667,14.2,7.8,4.44148357278388,-3.250348298762653,51.458333333333336,402.2916666666667,600.0,1.75,1018.4833333333332,1016.9,0.5083333333333333,-8.2,11.991666666666667,7.2,17.1,109.97496709836959,0.5769738331539325,0.0,0.0,0.0,0.0,0.0,0.0,,0.9583333333333334,0,0,0.0,0.0,0.0,0.0,0.0,0.0,147.56,-1.0041666666668334,5.8125,4.881547619047524,2.9833333333333343,1.0,0.0,12.045833333333334,12.399999999999999,0.9398419619359297,-0.34160955282957534,0.9398419619359297,-0.34160955282957534,2.2855134218283712,-1.6725750620716153,56.0,152.0,,,0.0,6,0.0,0.0,0.7730555555555556,0.0,-0.0,46.8,2.8083333333333336,354,12,2024,262
2024-12-20,0.0,1.1,0,0.0,7.6,22.2,15.3375,12.9,6.7250000000000005,-5.377353434554254,-0.6568402412775848,53.666666666666664,372.4583333333333,600.0,28.5,1012.8125,1010.4,5.4750000000000005,0.3,15.841666666666667,11.3,19.9,279.6791372828822,0.6434297149509896,0.0,0.0,0.0,0.0,0.0,0.0,,0.4583333333333333,0,0,0.0,0.0,0.0,0.0,0.0,0.0,147.56,-5.670833333333235,2.9458333333333258,-1.2696428571427987,3.8499999999999996,1.0,0.0,9.8625,7.3,-0.9857647546184205,0.16813045099590135,-0.9857647546184205,0.16813045099590135,-2.885846343210783,-0.3525042628189705,57.0,153.0,,,0.0,6,0.0,0.0,0.7605277777777778,0.0,-0.0,40.35,2.783333333333333,355,12,2024,263
2024-12-21,0.0,2.5,0,0.0,7.8,21.4,15.35,19.3,9.358333333333333,-3.630979471338154,1.0574146925823662,60.875,346.25,600.0,35.041666666666664,1010.0916666666667,1007.8,6.920833333333333,2.4,16.620833333333334,10.6,21.4,315.88494597416116,0.34326605579393277,0.0,0.0,0.0,0.0,0.0,0.0,,0.5,0,0,0.0,0.0,0.0,0.0,0.0,0.0,147.56,-2.720833333333303,-9.395833333333371,-3.8190476190476375,0.7791666666666668,1.0,0.0,8.429166666666667,5.4,-0.6961014547365495,0.717943427237592,-0.6961014547365495,0.717943427237592,-2.2103587531771014,0.6437011941095154,58.0,154.0,,,0.0,6,0.0,0.0,0.7670833333333333,0.0,-0.0,56.14999999999999,0.01249999999999929,356,12,2024,264
2024-12-22,0.0,0.0,0,0.0,7.3,18.9,12.904166666666667,19.2,11.262500000000001,-6.550499483568463,6.998890426581826,59.583333333333336,358.0833333333333,600.0,30.041666666666668,1005.9041666666667,1002.6,4.283333333333333,-0.4,13.270833333333334,9.2,16.7,321.12452836172224,0.8433772373187698,0.0,0.0,0.0,0.0,0.0,0.0,,0.5,0,0,0.0,0.0,0.0,0.0,0.0,0.0,147.56,-4.1875,-12.579166666666538,-6.855357142857088,-3.3499999999999996,1.0,0.0,8.620833333333334,7.7,-0.627629833701064,0.7785119086105072,-0.627629833701064,0.7785119086105072,-3.903005942292876,4.170172212505005,59.0,155.0,,,0.0,6,0.0,0.0,0.7706666666666666,0.0,-0.0,67.575,-2.445833333333333,357,12,2024,265
2024-12-23,0.77,3.7,5,0.28,1.9,10.9,6.754166666666666,27.5,16.39166666666667,-14.153462197512331,-2.6107765377353993,67.95833333333333,298.1666666666667,600.0,62.666666666666664,1005.6041666666666,1000.2,0.7916666666666666,-3.9,7.308333333333334,3.6,11.6,253.39034900166166,0.7792557969093754,5.92,18.160000000000004,25.5,69.2,-14.933186916171413,-6.820637658028384,236.12186412494526,0.041666666666666664,0,2,0.77,0.7700000000000009,0.77,0.77,0.77,0.0,148.33,-0.3000000000000682,-7.208333333333371,-6.145833333333371,-5.9625,0.7308333333333333,0.0,5.9624999999999995,5.8,-0.9582744390368568,-0.28584978483216894,-0.8302250607309851,-0.5574283348864068,-9.618457018392753,-1.7742402221026816,0.0,156.0,0.9999999999999989,1.000000000000001,21.175,0,0.06071141999999998,0.7700000000000009,0.6675277777777778,13.983200000000004,0.0,0.0,-6.15,358,12,2024,266
2024-12-24,0.0,0.0,0,0.0,2.3,17.1,9.283333333333333,18.4,12.0625,-7.71314253873352,-7.168043321108754,71.95833333333333,358.6666666666667,600.0,41.958333333333336,1013.9166666666666,1012.0,3.7875,1.0,8.716666666666667,3.3,13.8,232.22357852218505,0.6686698193521182,0.0,0.0,0.0,0.0,0.0,0.0,,0.4583333333333333,0,0,0.77,0.7700000000000009,0.77,0.77,0.77,0.0,148.33,8.3125,3.824999999999932,1.5880952380952067,1.4083333333333332,0.8716666666666667,0.0,5.495833333333334,1.2999999999999998,-0.7904071707161495,-0.6125818349253361,-0.7904071707161495,-0.6125818349253361,-5.550248818496995,-5.1580045064811735,1.0,157.0,0.0,1.000000000000001,0.0,1,0.0,0.38500000000000045,0.8123055555555556,0.0,-0.0,12.0625,2.529166666666667,359,12,2024,267
2024-12-25,0.0,0.0,0,0.0,7.6,22.7,15.445833333333333,12.6,8.329166666666667,-6.350884549460688,1.7624147902211762,59.916666666666664,370.75,600.0,11.583333333333334,1016.0791666666668,1014.5,6.620833333333334,4.3,15.674999999999999,11.7,19.9,290.55212531610346,0.6571531072026366,0.0,0.0,0.0,0.0,0.0,0.0,,0.8333333333333334,0,0,0.0,0.7700000000000009,0.77,0.77,0.77,0.0,148.33,2.1625000000001364,10.175000000000068,4.237500000000182,6.958333333333332,1.0,0.0,8.825,3.3,-0.9363531975659508,0.35105938159807015,-0.9363531975659508,0.35105938159807015,-3.8052383258851954,1.0559801951408547,2.0,158.0,0.0,1.000000000000001,0.0,2,0.0,0.256666666666667,0.7802222222222222,0.0,-0.0,16.658333333333335,6.1625,360,12,2024,268
2024-12-26,0.0,0.0,0,0.0,11.9,23.5,18.645833333333332,23.9,16.329166666666666,-10.29032820179363,12.410140853795724,44.5,394.4583333333333,600.0,11.791666666666666,1010.6458333333334,1002.6,5.716666666666666,4.8,19.566666666666666,16.8,22.7,321.30742476578746,0.987559288487017,0.0,0.0,0.0,0.0,0.0,0.0,,0.8333333333333334,0,0,0.0,0.0,0.77,0.77,0.77,0.0,148.33,-5.433333333333394,5.0416666666667425,-0.07619047619050434,3.8916666666666675,1.0,0.0,12.929166666666667,7.1000000000000005,-0.6251415177560473,0.7805114238610897,-0.6251415177560473,0.7805114238610897,-4.579196049798165,5.522512679939098,3.0,159.0,,0.0,0.0,3,0.0,0.0,0.7446388888888889,0.0,-0.0,48.9875,3.1999999999999993,361,12,2024,269
2024-12-27,0.0,0.2,0,0.0,9.0,20.3,15.208333333333334,34.2,17.429166666666667,-13.668622504479986,9.459071098591155,54.583333333333336,385.8333333333333,600.0,55.666666666666664,1004.7166666666667,1000.5,5.470833333333334,1.0,14.729166666666666,9.7,20.9,307.6746742737541,0.6799160908805334,0.0,0.0,0.0,0.0,0.0,0.0,,0.2916666666666667,0,0,0.0,0.0,0.77,0.77,0.77,0.0,148.33,-5.929166666666674,-9.199999999999932,-4.84880952380945,-4.8375,1.0,0.0,9.7375,8.0,-0.7914937612006866,0.6111772459609328,-0.7914937612006866,0.6111772459609328,-7.460789783695326,5.1630763079810045,4.0,160.0,,0.0,0.0,4,0.0,0.0,0.7725,0.0,-0.0,69.71666666666667,-3.4374999999999982,362,12,2024,270
2024-12-28,0.0,0.0,0,0.0,6.3,15.7,10.995833333333332,21.1,14.387500000000001,-12.36706997396157,6.703977360835761,54.916666666666664,394.9583333333333,600.0,31.333333333333332,1010.2333333333332,1008.6,1.5916666666666668,-1.5,10.4625,8.6,13.2,301.2118351466031,0.9778370150367354,0.0,0.0,0.0,0.0,0.0,0.0,,0.5833333333333334,0,0,0.0,0.0,0.77,0.77,0.77,0.0,148.33,5.516666666666538,-5.84583333333353,0.6476190476189458,-4.266666666666666,1.0,0.0,9.404166666666665,7.8,-0.8552572370750178,0.5182036843084067,-0.8552572370750178,0.5182036843084067,-6.791582594033895,3.6816009006589723,5.0,161.0,,0.0,0.0,5,0.0,0.0,0.7796944444444445,0.0,-0.0,71.9375,-4.212500000000002,363,12,2024,271
2024-12-29,0.0,0.0,0,0.0,6.6,20.0,13.166666666666666,14.6,10.325000000000001,-5.281724639497074,2.6716618478908587,62.041666666666664,376.2916666666667,600.0,31.041666666666668,1015.7541666666666,1012.8,5.008333333333334,1.6,12.204166666666666,9.2,16.3,298.2264888846239,0.47991253352689384,0.0,0.0,0.0,0.0,0.0,0.0,,0.6666666666666666,0,0,0.0,0.0,0.77,0.77,0.77,0.0,148.33,5.520833333333371,5.108333333333235,4.761309523809473,1.7416666666666654,1.0,0.0,8.158333333333331,5.0,-0.8810848890451517,0.47295815702479715,-0.8810848890451517,0.47295815702479715,-3.276869995087976,1.6575435381289534,6.0,162.0,,0.0,0.0,6,0.0,0.0,0.791,0.0,-0.0,61.95,2.1708333333333343,364,12,2024,272
2024-12-30,0.0,0.0,0,0.0,10.1,20.7,15.391666666666666,15.4,9.795833333333333,-5.567505073645516,4.243845560314954,62.0,392.2916666666667,600.0,38.458333333333336,1018.125,1015.7,6.879166666666666,3.0,14.65,10.3,18.7,318.81706500175227,0.5045909113209964,0.0,0.0,0.0,0.0,0.0,0.0,,0.5416666666666666,0,0,0.0,0.0,0.0,0.77,0.77,0.0,148.33,2.370833333333394,13.408333333333303,5.343452380952272,2.4458333333333346,1.0,0.0,8.5125,7.1,-0.6584653312979994,0.752611059896555,-0.6584653312979994,0.752611059896555,-3.4518531456602197,2.6311842473952716,7.0,163.0,,,0.0,6,0.0,0.0,0.8015277777777778,0.0,-0.0,58.77499999999999,2.2249999999999996,365,12,2024,273
2024-12-31,0.0,0.1,0,0.0,8.8,22.1,15.716666666666667,11.6,7.054166666666667,-0.21632256932450222,1.0180708742802915,65.66666666666667,352.3333333333333,600.0,40.083333333333336,1016.275,1012.8,7.616666666666667,2.2,15.0375,11.2,19.9,32.621424206560214,0.21264810170848714,0.0,0.0,0.0,0.0,0.0,0.0,,0.5,0,0,0.0,0.0,0.0,0.77,0.77,0.0,148.33,-1.8500000000000227,6.0416666666667425,3.1565476190476147,0.3874999999999993,1.0,0.0,8.1,6.6000000000000005,0.5390857596150523,0.8422508793585567,0.5390857596150523,0.8422508793585567,-0.14205182052308982,0.6685332074440582,8.0,164.0,,,0.0,6,0.0,0.0,0.7871111111111112,0.0,-0.0,42.325,0.32500000000000107,366,12,2024,274
2025-01-01,0.0,0.6000000000000001,0,0.0,8.8,21.5,14.879166666666668,19.9,12.366666666666667,-6.665676573282144,2.1487508884644284,61.875,369.75,600.0,38.791666666666664,1014.9166666666666,1012.4,6.258333333333333,2.3,15.1,10.5,19.8,293.4163237049095,0.38616057725911285,0.0,0.0,0.0,0.0,0.0,0.0,,0.5,0,0,0.0,0.0,0.0,0.77,0.77,0.0,148.33,-1.3583333333333485,-0.8374999999999773,1.9642857142856656,0.0625,1.0,0.0,8.620833333333335,6.500000000000001,-0.9176414400528033,0.39740934500564695,-0.9176414400528033,0.39740934500564695,-4.124387379718327,1.329539612237365,9.0,165.0,,,0.0,6,0.0,0.0,0.7860833333333334,0.0,-0.0,74.2,-0.8374999999999986,1,1,2024,275
2025-01-02,0.0,0.2,0,0.0,8.0,20.9,13.066666666666668,12.0,7.304166666666667,4.3022000229747235,-2.1628316877993923,77.95833333333333,312.0,600.0,64.29166666666667,1019.4958333333334,1018.0,8.5,4.9,12.15,8.1,17.5,111.99002845915993,0.5183515057527351,0.0,0.0,0.0,0.0,0.0,0.0,,0.25,0,0,0.0,0.0,0.0,0.77,0.77,0.0,148.33,4.579166666666765,1.370833333333394,5.279166666666811,-2.9499999999999993,1.0,0.0,4.566666666666668,3.0999999999999996,0.9272490356400944,-0.37444522417105924,0.9272490356400944,-0.37444522417105924,3.353923434577378,-1.6861075366136093,10.0,166.0,,,0.0,6,0.0,0.0,0.8011944444444445,0.0,-0.0,43.825,-1.8125,2,1,2024,276
2025-01-03,0.0,0.0,0,0.0,9.3,21.5,15.970833333333333,12.4,8.333333333333334,-5.669410496901519,3.8954979502290326,62.208333333333336,362.2083333333333,600.0,29.083333333333332,1019.3916666666668,1017.8,7.954166666666667,5.8,15.416666666666666,9.7,19.3,307.6983950800394,0.8076633460699068,0.0,0.0,0.0,0.0,0.0,0.0,,0.4583333333333333,0,0,0.0,0.0,0.0,0.77,0.77,0.0,148.33,-0.10416666666662877,3.116666666666788,3.0785714285715358,3.2666666666666657,1.0,0.0,8.016666666666666,3.500000000000001,-0.7912406622251154,0.6115048768747154,-0.7912406622251154,0.6115048768747154,-3.526845779947487,2.423324349871644,11.0,167.0,,,0.0,6,0.0,0.0,0.7821666666666666,0.0,-0.0,50.0,2.904166666666665,3,1,2024,277
2025-01-04,0.0,0.0,0,0.0,12.6,23.1,18.258333333333333,26.3,15.895833333333334,-12.722129398420982,9.061502562363867,52.5,365.9583333333333,600.0,20.791666666666668,1017.3249999999999,1015.5,7.954166666666667,3.4,19.541666666666668,16.3,23.1,309.46740921730895,0.9769366008415262,0.0,0.0,0.0,0.0,0.0,0.0,,0.6666666666666666,0,0,0.0,0.0,0.0,0.77,0.77,0.0,148.33,-2.0666666666668334,2.408333333333303,-0.0011904761904588668,4.125000000000002,1.0,0.0,10.304166666666667,9.2,-0.771986270301742,0.6356392046323179,-0.771986270301742,0.6356392046323179,-6.679117934171015,4.75728884524103,12.0,168.0,,,0.0,6,0.0,0.0,0.7523055555555556,0.0,-0.0,95.375,2.2874999999999996,4,1,2024,278
2025-01-05,0.0,0.4,0,0.0,15.0,24.7,19.070833333333333,22.1,12.691666666666668,-9.0836324078928,8.047977217541282,54.208333333333336,280.5,600.0,74.45833333333333,1017.8916666666668,1015.6,9.200000000000001,6.3,19.804166666666667,17.5,23.1,319.58284181497174,0.9160794245536382,0.0,0.0,0.0,0.0,0.0,0.0,,0.041666666666666664,0,0,0.0,0.0,0.0,0.77,0.77,0.0,148.33,0.5666666666668334,-1.6041666666666288,0.26011904761912774,0.2624999999999993,1.0,0.0,9.870833333333332,8.7,-0.6483479274550051,0.7613441829848044,-0.6483479274550051,0.7613441829848044,-4.924085734445223,4.362674316675504,13.0,169.0,,,0.0,6,0.0,0.0,0.7010277777777777,0.0,-0.0,76.15,0.8125,5,1,2024,279
2025-01-06,0.0,11.1,0,0.0,10.7,20.5,15.295833333333334,20.1,12.0625,-7.519032833191164,6.515641831108443,79.20833333333333,152.33333333333334,513.0,80.25,1018.2666666666668,1017.2,11.320833333333333,9.2,16.150000000000002,11.9,18.9,311.66165517658965,0.6418572610538872,0.0,0.0,0.0,0.0,0.0,0.0,,0.08333333333333333,0,0,0.0,0.0,0.0,0.0,0.77,0.0,148.33,0.375,-1.125,0.6148809523810996,-3.654166666666665,1.0,0.0,3.9750000000000014,1.5,-0.7470832160848632,0.6647305230274126,-0.7470832160848632,0.6647305230274126,-5.955700589956835,5.160931300390478,14.0,170.0,,,0.0,6,0.0,0.0,0.6989166666666667,0.0,-0.0,72.375,-3.7749999999999986,6,1,2024,280
2025-01-07,0.0,3.0,0,0.0,7.7,12.7,9.716666666666667,14.1,10.4625,9.707108327969157,-3.362834524086463,93.29166666666667,164.58333333333334,555.0,99.79166666666667,1023.1083333333332,1020.2,8.575000000000001,7.6,9.125,7.4,10.9,110.47631055731233,0.9783729046902628,0.0,0.0,0.0,0.0,0.0,0.0,,0.0,0,0,0.0,0.0,0.0,0.0,0.77,0.0,148.33,4.84166666666647,5.783333333333303,4.480357142856974,-7.025000000000002,0.9125,0.0,1.1416666666666657,0.10000000000000053,0.936816905497184,-0.3498200760029079,0.936816905497184,-0.3498200760029079,9.055923144301227,-3.1372443747623295,15.0,171.0,,,0.0,6,0.0,0.0,0.7029166666666667,0.0,-0.0,62.775000000000006,-5.5791666666666675,7,1,2024,281
2025-01-08,0.0,0.0,0,0.0,4.6,18.8,11.729166666666666,13.1,9.174999999999999,8.321976965859077,1.6273861469700706,66.66666666666667,394.375,600.0,19.625,1020.6374999999999,1018.4,4.341666666666667,1.8,11.275,7.4,16.1,74.89165187689079,0.9051574199461797,0.0,0.0,0.0,0.0,0.0,0.0,,0.7916666666666666,0,0,0.0,0.0,0.0,0.0,0.77,0.0,148.33,-2.470833333333303,2.7458333333331666,1.1922619047618355,2.1500000000000004,1.0,0.0,7.387499999999999,2.8,0.9654346645422448,0.2606451773967883,0.9654346645422448,0.2606451773967883,5.547984643906052,1.0849240979800472,16.0,172.0,,,0.0,6,0.0,0.0,0.8184722222222222,0.0,-0.0,55.05,2.0124999999999993,8,1,2024,282
2025-01-09,0.0,0.0,0,0.0,5.6,21.5,15.174999999999999,13.2,7.604166666666667,3.2852372882156167,-1.483327492780214,48.5,364.9583333333333,600.0,70.625,1017.1374999999999,1015.5,2.4458333333333333,-4.7,15.616666666666667,10.4,18.9,96.18925100739395,0.15747273028025885,0.0,0.0,0.0,0.0,0.0,0.0,,0.16666666666666666,0,0,0.0,0.0,0.0,0.0,0.77,0.0,148.33,-3.5,-1.1291666666668334,-1.9708333333334167,4.341666666666667,1.0,0.0,12.729166666666666,10.3,0.9941712077301005,-0.10781284580453972,0.9941712077301005,-0.10781284580453972,1.593340084784574,-0.7194138339984038,17.0,173.0,,,0.0,6,0.0,0.0,0.7383055555555554,0.0,-0.0,45.625,3.445833333333333,9,1,2024,283
2025-01-10,0.0,3.6,0,0.0,10.7,19.2,14.145833333333334,12.4,6.029166666666666,4.568891344055056,2.854688144220351,72.91666666666667,229.125,600.0,99.54166666666667,1017.8541666666666,1016.6,9.012500000000001,1.9,14.4,12.8,16.1,51.08364625084093,0.8897566010754637,0.0,0.0,0.0,0.0,0.0,0.0,,0.0,0,0,0.0,0.0,0.0,0.0,0.77,0.0,148.33,0.716666666666697,-5.254166666666606,-1.0345238095238756,-1.2166666666666668,1.0,0.0,5.133333333333333,8.799999999999999,0.7780638793614401,0.6281851634932382,0.7780638793614401,0.6281851634932382,3.331483271706812,2.0815434384940064,18.0,174.0,,,0.0,6,0.0,0.0,0.7291388888888889,0.0,-0.0,36.175,-1.029166666666665,10,1,2024,284
2025-01-11,0.0,16.299999999999997,0,0.0,11.1,19.0,14.445833333333333,10.8,6.866666666666667,1.659163084491597,4.336213756798406,82.95833333333333,234.83333333333334,600.0,77.875,1015.0083333333333,1012.6,11.308333333333332,10.2,14.529166666666667,12.6,17.3,31.537185007557657,0.4457400329325154,0.0,0.0,0.0,0.0,0.0,0.0,,0.041666666666666664,0,0,0.0,0.0,0.0,0.0,0.77,0.0,148.33,-2.845833333333303,-5.629166666666606,-3.549404761904839,0.12916666666666643,1.0,0.0,3.137500000000001,0.9000000000000004,0.523051818799308,0.8523008828170577,0.523051818799308,0.8523008828170577,1.376414042176154,3.5972506624106773,19.0,175.0,,,0.0,6,0.0,0.0,0.7664166666666666,0.0,-0.0,41.2,0.29999999999999893,11,1,2024,285
2025-01-12,0.0,5.2,0,0.0,10.6,21.0,14.770833333333334,10.2,7.308333333333334,-3.357306305828573,2.5383097850748824,81.08333333333333,273.8333333333333,600.0,79.625,1011.6416666666668,1009.9,10.958333333333334,8.3,15.466666666666667,13.4,19.1,304.46555484255424,0.49896577909058615,0.0,0.0,0.0,0.0,0.0,0.0,,0.125,0,0,0.0,0.0,0.0,0.0,0.77,0.0,148.33,-3.3666666666665606,-5.495833333333167,-6.023214285714175,0.9375,1.0,0.0,3.8125,2.299999999999999,-0.8244665525735073,0.565910685256566,-0.8244665525735073,0.565910685256566,-2.7222158629760016,2.0581461840648836,20.0,176.0,,,0.0,6,0.0,0.0,0.7861666666666668,0.0,-0.0,43.85,0.32500000000000107,12,1,2024,286
2025-01-13,0.0,0.4,0,0.0,10.6,21.9,16.308333333333334,16.6,9.65,-6.070693007593692,4.0152179394930725,65.25,345.0,600.0,33.125,1009.4916666666667,1007.6,9.083333333333334,6.1,16.958333333333332,13.9,21.1,312.9866983677218,0.6798041933705495,0.0,0.0,0.0,0.0,0.0,0.0,,0.4583333333333333,0,0,0.0,0.0,0.0,0.0,0.77,0.0,148.33,-2.150000000000091,-8.362499999999955,-6.91964285714289,1.4916666666666654,1.0,0.0,7.225,4.5,-0.7315120127925154,0.68182855259973,-0.7315120127925154,0.68182855259973,-3.961127187454884,2.6199297055192297,21.0,177.0,,,0.0,6,0.0,0.0,0.7808333333333333,0.0,-0.0,57.900000000000006,1.5374999999999996,13,1,2024,287
2025-01-14,0.0,7.0,0,0.0,11.9,23.2,16.508333333333333,13.5,9.570833333333333,-3.2044863056564914,4.391071928092896,79.20833333333333,320.4166666666667,600.0,27.666666666666668,1009.4916666666667,1007.7,12.345833333333333,10.5,17.787499999999998,14.6,21.7,330.6990262434614,0.5279655164248576,0.0,0.0,0.0,0.0,0.0,0.0,,0.5416666666666666,0,0,0.0,0.0,0.0,0.0,0.77,0.0,148.33,0.0,-5.5166666666666515,-4.97440476190468,0.8291666666666657,1.0,0.0,4.1625,1.4000000000000004,-0.48939727272019673,0.8720609551252902,-0.48939727272019673,0.8720609551252902,-2.5382201946054126,3.4780948897102477,22.0,178.0,,,0.0,6,0.0,0.0,0.8109722222222221,0.0,-0.0,57.425,0.1999999999999993,14,1,2024,288
2025-01-15,0.0,18.4,0,0.0,9.1,23.3,16.641666666666666,15.8,10.216666666666667,-3.805554329861028,6.0474014127962965,77.08333333333333,209.04166666666666,600.0,85.58333333333333,1002.5625,998.9,12.025,7.3,18.349999999999998,13.0,21.6,328.76131089304096,0.6682517449078265,0.0,0.0,0.0,0.0,0.0,0.0,,0.041666666666666664,0,0,0.0,0.0,0.0,0.0,0.77,0.0,148.33,-6.929166666666674,-9.079166666666765,-9.321428571428555,0.5625,1.0,0.0,4.616666666666665,1.7999999999999998,-0.51860447791292,0.855014266248621,-0.51860447791292,0.855014266248621,-2.933448129267876,4.661538589030478,23.0,179.0,,,0.0,6,0.0,0.0,0.7296388888888888,0.0,-0.0,61.3,0.13333333333333286,15,1,2024,289
2025-01-16,0.0,0.8,0,0.0,4.6,13.2,8.512500000000001,16.4,12.279166666666667,4.327675238320241,-11.399638973124281,79.58333333333333,375.9166666666667,600.0,52.875,1009.4625,1003.7,4.575,0.5,9.154166666666667,6.8,11.9,158.5468258800032,0.9927740705243755,0.0,0.0,0.0,0.0,0.0,0.0,,0.4583333333333333,0,0,0.0,0.0,0.0,0.0,0.77,0.0,148.33,6.899999999999977,-0.029166666666696983,-1.3250000000000455,-9.195833333333331,0.9154166666666667,0.0,3.937500000000001,4.1,0.36574070597104824,-0.9307167861362549,0.36574070597104824,-0.9307167861362549,3.444108210496525,-9.072212682778073,24.0,180.0,,,0.0,6,0.0,0.0,0.8092222222222222,0.0,-0.0,73.675,-8.129166666666665,16,1,2024,290
2025-01-17,0.0,0.4,0,0.0,4.6,15.9,9.262500000000001,23.7,19.1375,13.922685431407935,-12.357610804258236,81.25,292.5,600.0,76.16666666666667,1018.6583333333333,1015.8,5.620833333333334,4.5,9.429166666666667,6.6,12.8,132.80268104501593,0.9703449830092669,0.0,0.0,0.0,0.0,0.0,0.0,,0.0,0,0,0.0,0.0,0.0,0.0,0.77,0.0,148.33,9.195833333333326,9.166666666666629,7.755952380952408,0.27500000000000036,0.9429166666666667,0.0,3.6416666666666675,0.09999999999999964,0.7336980705599017,-0.6794756369853725,0.7336980705599017,-0.6794756369853725,11.312181913018946,-10.040558778459818,25.0,181.0,,,0.0,6,0.0,0.0,0.7991666666666667,0.0,-0.0,114.82499999999999,0.75,17,1,2024,291
2025-01-18,0.0,0.4,0,0.0,4.4,17.7,10.4,21.2,13.625,13.084562043788537,-1.0769694171498776,82.0,308.125,600.0,57.166666666666664,1023.35,1021.8,6.9624999999999995,4.4,10.391666666666667,6.4,14.6,90.42895474893022,0.9528292096606062,0.0,0.0,0.0,0.0,0.0,0.0,,0.375,0,0,0.0,0.0,0.0,0.0,0.77,0.0,148.33,4.69166666666672,20.787500000000023,11.255952380952522,0.9625000000000004,1.0,0.0,3.437500000000001,0.0,0.999971974996761,-0.007486602772758259,0.999971974996761,-0.007486602772758259,10.729340875906601,-0.8831149220628997,26.0,182.0,,,0.0,6,0.0,0.0,0.8120833333333333,0.0,-0.0,81.75,1.1374999999999993,18,1,2024,292
2025-01-19,0.0,0.0,0,0.0,7.0,21.4,14.891666666666666,10.9,6.241666666666667,3.453006280594201,-2.7141114740012355,54.583333333333336,386.5416666666667,600.0,48.208333333333336,1018.2375000000001,1015.9,4.154166666666667,-0.5,14.674999999999999,8.8,19.8,122.04418324238938,0.5759662311794621,0.0,0.0,0.0,0.0,0.0,0.0,,0.4166666666666667,0,0,0.0,0.0,0.0,0.0,0.77,0.0,148.33,-5.1124999999999545,8.775000000000091,5.201190476190504,4.283333333333331,1.0,0.0,10.737499999999999,7.5,0.8476392004863744,-0.5305730730058019,0.8476392004863744,-0.5305730730058019,1.8847659281576683,-1.4814525128923413,27.0,183.0,,,0.0,6,0.0,0.0,0.7729722222222222,0.0,-0.0,37.45,4.491666666666665,19,1,2024,293
2025-01-20,0.0,0.0,0,0.0,8.6,23.9,16.304166666666667,13.6,7.574999999999999,-3.485418914753566,-3.013740346555853,46.541666666666664,366.875,600.0,62.958333333333336,1012.9208333333332,1010.4,4.220833333333333,-2.4,16.787499999999998,14.1,21.2,244.57371022482633,0.4789294507499022,0.0,0.0,0.0,0.0,0.0,0.0,,0.25,0,0,0.0,0.0,0.0,0.0,0.77,0.0,148.33,-5.316666666666833,-5.737500000000068,-0.6053571428572013,2.112499999999999,1.0,0.0,12.083333333333334,11.0,-0.9031383838355282,-0.42934957743422786,-0.9031383838355282,-0.42934957743422786,-1.6221720532415553,-1.40264498629287,28.0,184.0,,,0.0,6,0.0,0.0,0.7330555555555556,0.0,-0.0,45.449999999999996,1.4125000000000014,20,1,2024,294
2025-01-21,0.0,0.6000000000000001,0,0.0,13.7,23.7,18.695833333333333,17.1,9.691666666666666,-8.685948758359821,2.250517017938734,47.041666666666664,318.4166666666667,600.0,25.541666666666668,1010.5124999999999,1008.0,7.004166666666666,4.2,19.604166666666668,16.1,23.2,298.838728142832,0.8747649485617034,0.0,0.0,0.0,0.0,0.0,0.0,,0.5,0,0,0.0,0.0,0.0,0.0,0.77,0.0,148.33,-2.408333333333303,-12.837500000000091,-3.1595238095238756,2.81666666666667,1.0,0.0,11.691666666666666,9.5,-0.8759808463844888,0.4823458891371571,-0.8759808463844888,0.4823458891371571,-4.0860150617450985,1.058680713855346,29.0,185.0,,,0.0,6,0.0,0.0,0.7024166666666667,0.0,-0.0,58.15,2.3916666666666657,21,1,2024,295
2025-01-22,0.0,0.6,0,0.0,7.9,20.3,15.254166666666668,11.8,8.575000000000001,0.5226606773249777,-2.951430704528042,67.41666666666667,259.1666666666667,600.0,62.333333333333336,1009.7708333333334,1006.0,8.791666666666666,6.6,17.091666666666665,8.9,21.1,191.2977093383683,0.2883785261563422,0.0,0.0,0.0,0.0,0.0,0.0,,0.2916666666666667,0,0,0.0,0.0,0.0,0.0,0.0,0.0,148.33,-0.7416666666665606,-8.466666666666697,-4.930952380952249,-2.512500000000003,1.0,0.0,6.462500000000002,1.3000000000000007,-0.19590693951636415,-0.9806224916089431,-0.19590693951636415,-0.9806224916089431,0.35236040662992246,-1.9897561999693218,30.0,186.0,,,0.0,6,0.0,0.0,0.7308333333333334,0.0,-0.0,51.45,-3.4416666666666647,22,1,2024,296
2025-01-23,0.0,10.8,0,0.0,7.4,20.5,12.995833333333332,14.5,8.516666666666667,-1.3292774009765491,2.6921488893807393,80.58333333333333,272.375,600.0,98.25,1009.5041666666666,1006.1,8.979166666666666,7.1,12.704166666666666,8.2,17.9,338.7952177445082,0.32007915381277585,0.0,0.0,0.0,0.0,0.0,0.0,,0.0,0,0,0.0,0.0,0.0,0.0,0.0,0.0,148.33,-0.2666666666667652,-3.4166666666666288,-5.203571428571422,-4.387499999999999,1.0,0.0,4.016666666666666,0.3000000000000007,-0.3617023862577142,0.9322936145740114,-0.3617023862577142,0.9322936145740114,-1.0711760389536025,2.169423313359312,31.0,187.0,,,0.0,6,0.0,0.0,0.7835277777777777,0.0,-0.0,51.10000000000001,-2.2583333333333364,23,1,2024,297
2025-01-24,0.0,1.9,0,0.0,7.2,18.1,11.4625,10.7,6.454166666666667,1.2689176464696772,-5.512450752707392,80.5,301.25,600.0,50.416666666666664,1009.8666666666667,1006.8,7.7250000000000005,5.8,11.670833333333334,8.6,15.2,156.24612547256024,0.7344309599400134,0.0,0.0,0.0,0.0,0.0,0.0,,0.4166666666666667,0,0,0.0,0.0,0.0,0.0,0.0,0.0,148.33,0.3625000000000682,-0.6458333333332575,-3.585119047618946,-1.0333333333333314,1.0,0.0,3.7375,1.4000000000000004,0.40280858528467867,-0.9152842419822138,0.40280858528467867,-0.9152842419822138,1.02147870540809,-4.43752285592945,32.0,188.0,,,0.0,6,0.0,0.0,0.8025000000000001,0.0,-0.0,38.725,-1.5333333333333314,24,1,2024,298
2025-01-25,0.0,0.0,0,0.0,7.8,20.8,14.695833333333333,12.4,8.270833333333334,-5.698412491643285,4.239466125285183,66.125,321.5,600.0,67.16666666666667,1013.5124999999999,1011.6,7.658333333333334,5.0,15.275,12.3,18.0,316.2139572971873,0.7055406529996059,0.0,0.0,0.0,0.0,0.0,0.0,,0.20833333333333334,0,0,0.0,0.0,0.0,0.0,0.0,0.0,148.33,3.6458333333332575,3.7416666666665606,1.4660714285713539,3.604166666666666,1.0,0.0,7.037499999999999,2.8,-0.6919673319736059,0.7219288133059447,-0.6919673319736059,0.7219288133059447,-3.768075260099122,2.8033469753448275,33.0,189.0,,,0.0,6,0.0,0.0,0.7680833333333333,0.0,-0.0,49.625,3.2333333333333325,25,1,2024,299
2025-01-26,0.0,0.0,0,0.0,11.4,23.7,16.5625,11.0,6.479166666666667,-0.5524424822072976,2.444070182841292,69.66666666666667,324.5,600.0,40.0,1014.3166666666666,1012.4,9.408333333333333,4.5,16.241666666666667,11.9,20.9,18.186517035521806,0.39236069316334954,0.0,0.0,0.0,0.0,0.0,0.0,,0.4583333333333333,0,0,0.0,0.0,0.0,0.0,0.0,0.0,148.33,0.8041666666666742,4.8125,2.8303571428571104,0.9666666666666668,1.0,0.0,7.154166666666667,6.9,0.3121113604262626,0.9500455245370443,0.3121113604262626,0.9500455245370443,-0.38486826260441737,1.7027022273794337,34.0,190.0,,,0.0,6,0.0,0.0,0.781888888888889,0.0,-0.0,38.875,1.8666666666666671,26,1,2024,300
2025-01-27,0.0,0.8999999999999999,0,0.0,14.7,23.9,19.133333333333333,21.2,13.670833333333334,-10.36050800959738,8.300451955976822,61.208333333333336,330.7916666666667,600.0,29.416666666666668,1012.1625,1010.4,11.354166666666666,7.1,20.325,16.9,23.9,310.90704048085206,0.9664220976456833,0.0,0.0,0.0,0.0,0.0,0.0,,0.5833333333333334,0,0,0.0,0.0,0.0,0.0,0.0,0.0,148.33,-2.1541666666665833,2.2958333333333485,0.7845238095238756,4.083333333333332,1.0,0.0,7.779166666666667,7.6,-0.7557730091905547,0.6548336877246419,-0.7557730091905547,0.6548336877246419,-6.341494277541063,5.08056830138748,35.0,191.0,,,0.0,6,0.0,0.0,0.757888888888889,0.0,-0.0,82.025,2.570833333333333,27,1,2024,301
2025-01-28,0.0,0.2,0,0.0,10.0,25.2,18.991666666666667,20.6,13.879166666666668,-5.877198672231532,5.28658006392364,61.833333333333336,342.3333333333333,600.0,29.458333333333332,1012.9125,1008.5,10.6125,8.3,19.779166666666665,11.3,23.9,313.5269439500656,0.41938552811352103,0.0,0.0,0.0,0.0,0.0,0.0,,0.625,0,0,0.0,0.0,0.0,0.0,0.0,0.0,148.33,0.75,-0.599999999999909,1.191666666666606,-0.5458333333333343,1.0,0.0,8.379166666666666,1.6999999999999993,-0.7250505847529529,0.6886956145855736,-0.7250505847529529,0.6886956145855736,-3.634067845663164,3.268868672859451,36.0,192.0,,,0.0,6,0.0,0.0,0.7676666666666666,0.0,-0.0,83.275,-0.14166666666666572,28,1,2024,302
2025-01-29,0.0,0.5,0,0.0,9.9,21.1,14.741666666666667,12.8,9.791666666666666,1.932529686895302,1.3704754777168577,74.20833333333333,326.875,600.0,61.75,1015.8249999999999,1012.8,9.008333333333333,4.1,13.854166666666666,9.9,18.6,53.23280112960606,0.28790707609530386,0.0,0.0,0.0,0.0,0.0,0.0,,0.25,0,0,0.0,0.0,0.0,0.0,0.0,0.0,148.33,2.912499999999909,1.5083333333333258,3.239285714285643,-5.924999999999999,1.0,0.0,5.733333333333334,5.800000000000001,0.8010741733614326,0.5985650915091001,0.8010741733614326,0.5985650915091001,1.4340980718168885,1.017007010755718,37.0,193.0,,,0.0,6,0.0,0.0,0.7986111111111112,0.0,-0.0,58.75,-4.25,29,1,2024,303
2025-01-30,0.0,1.0,0,0.0,9.7,22.3,14.866666666666667,14.0,8.15,1.7097175623792278,0.45495298579629556,74.25,337.4583333333333,600.0,80.0,1014.1416666666668,1011.5,8.858333333333333,1.7,14.333333333333334,11.2,19.1,31.63974637135348,0.18719632301366446,0.0,0.0,0.0,0.0,0.0,0.0,,0.08333333333333333,0,0,0.0,0.0,0.0,0.0,0.0,0.0,148.33,-1.6833333333331666,1.9791666666667425,0.8934523809524535,0.47916666666666785,1.0,0.0,6.008333333333335,7.999999999999999,0.5245766271165855,0.8513632375684229,0.5245766271165855,0.8513632375684229,1.2694652900665766,0.33780259195374945,38.0,194.0,,,0.0,6,0.0,0.0,0.8058055555555556,0.0,-0.0,48.900000000000006,0.125,30,1,2024,304
2025-01-31,0.0,0.6000000000000001,0,0.0,10.9,23.2,16.308333333333334,12.0,7.791666666666667,2.7405546212388394,-0.5633316601546406,74.83333333333333,321.7083333333333,600.0,58.333333333333336,1017.9833333333332,1016.0,10.674999999999999,6.2,15.299999999999999,12.1,20.0,94.09894414105928,0.21870342901015302,0.0,0.0,0.0,0.0,0.0,0.0,,0.20833333333333334,0,0,0.0,0.0,0.0,0.0,0.0,0.0,148.33,3.8416666666664696,5.070833333333212,3.5755952380950475,0.966666666666665,1.0,0.0,5.633333333333335,4.7,0.9974421003318515,-0.07147906326739667,0.9974421003318515,-0.07147906326739667,2.0508483748937314,-0.42155985901572274,39.0,195.0,,,0.0,6,0.0,0.0,0.79725,0.0,-0.0,46.75,1.4416666666666664,31,1,2024,305
2025-02-01,0.0,0.8,0,0.0,11.5,24.9,17.916666666666668,9.0,6.045833333333333,1.322631937455462,2.6673478312544847,69.45833333333333,310.8333333333333,600.0,21.083333333333332,1020.2375000000001,1018.8,11.4,8.6,17.9875,13.4,22.7,17.13055044346354,0.3576653540113563,0.0,0.0,0.0,0.0,0.0,0.0,,0.625,0,0,0.0,0.0,0.0,0.0,0.0,0.0,148.33,2.2541666666668334,4.412500000000136,4.869047619047592,2.6875000000000018,1.0,0.0,6.5166666666666675,2.9000000000000004,0.29454991781338785,0.9556360949211402,0.29454991781338785,0.9556360949211402,0.9186780998909395,1.8526953477921773,40.0,196.0,,,0.0,6,0.0,0.0,0.7720833333333333,0.0,-0.0,36.275,1.6083333333333343,32,2,2024,306
2025-02-02,0.0,0.0,0,0.0,12.8,26.6,19.75,14.9,7.579166666666667,2.647369030894538,-1.1581409679610164,52.375,345.5416666666667,600.0,6.375,1019.3000000000001,1017.6,8.5,5.0,20.541666666666668,17.0,24.1,46.32712073311835,0.14259509599046125,0.0,0.0,0.0,0.0,0.0,0.0,,0.9166666666666666,0,0,0.0,0.0,0.0,0.0,0.0,0.0,148.33,-0.9375,5.158333333333303,3.219642857142958,2.554166666666667,1.0,0.0,11.25,7.800000000000001,0.7232940913914823,0.6905401200206763,0.7232940913914823,0.6905401200206763,1.3865595299310143,-0.6065763319695824,41.0,197.0,,,0.0,6,0.0,0.0,0.7382777777777778,0.0,-0.0,45.475,1.8333333333333321,33,2,2024,307
2025-02-03,0.0,0.30000000000000004,0,0.0,15.2,26.9,20.591666666666665,10.9,5.208333333333333,-1.1811844009770438,2.4883152516205804,47.541666666666664,321.3333333333333,600.0,43.166666666666664,1017.0916666666667,1015.5,8.666666666666666,4.3,21.52916666666667,19.3,24.5,336.6161089675665,0.46834560415972126,0.0,0.0,0.0,0.0,0.0,0.0,,0.3333333333333333,0,0,0.0,0.0,0.0,0.0,0.0,0.0,148.33,-2.2083333333333712,-0.8916666666665378,0.3071428571428214,0.9875000000000007,1.0,0.0,11.924999999999999,10.899999999999999,-0.3968898440771967,0.9178662493350426,-0.3968898440771967,0.9178662493350426,-0.5615547506311696,1.1829865425412842,42.0,198.0,,,0.0,6,0.0,0.0,0.7060277777777778,0.0,-0.0,31.25,0.841666666666665,34,2,2024,308
2025-02-04,0.0,0.6000000000000001,0,0.0,15.6,24.5,19.445833333333333,18.4,11.791666666666666,-9.113939521967716,6.582380894696655,56.125,330.8333333333333,600.0,35.083333333333336,1014.4416666666666,1012.4,10.041666666666666,7.2,20.670833333333334,18.3,23.8,311.4036594522261,0.9337436008741518,0.0,0.0,0.0,0.0,0.0,0.0,,0.4583333333333333,0,0,0.0,0.0,0.0,0.0,0.0,0.0,148.33,-2.650000000000091,-5.795833333333462,-2.561309523809541,-0.8583333333333343,1.0,0.0,9.404166666666667,8.399999999999999,-0.7500688304488413,0.6613597731863553,-0.7500688304488413,0.6613597731863553,-5.11519855670438,3.6943612771484977,43.0,199.0,,,0.0,6,0.0,0.0,0.7409722222222221,0.0,-0.0,70.75,-1.1458333333333321,35,2,2024,309
2025-02-05,0.0,2.9,0,0.0,12.7,24.5,18.333333333333332,13.2,6.45,-2.5210950716555067,3.089832340121129,65.375,277.4583333333333,600.0,39.541666666666664,1014.1291666666666,1011.8,11.254166666666668,9.0,18.658333333333335,16.1,21.0,336.2222144728882,0.5978295828475079,0.0,0.0,0.0,0.0,0.0,0.0,,0.4583333333333333,0,0,0.0,0.0,0.0,0.0,0.0,0.0,148.33,-0.3125,-5.170833333333462,-2.6315476190476375,-2.0124999999999993,1.0,0.0,7.079166666666664,3.6999999999999993,-0.4031905218079767,0.915116059920386,-0.4031905218079767,0.915116059920386,-1.6481659030947875,2.019977892354188,44.0,200.0,,,0.0,6,0.0,0.0,0.7362222222222222,0.0,-0.0,38.7,-1.1125000000000007,36,2,2024,310
2025-02-06,0.0,0.0,0,0.0,12.5,24.3,18.733333333333334,15.6,9.137500000000001,-6.668566558542973,4.9769492375730815,58.708333333333336,336.5833333333333,600.0,2.0416666666666665,1014.6374999999999,1013.7,9.895833333333334,7.8,19.4875,16.3,22.4,311.48175604267476,0.8999073130151304,0.0,0.0,0.0,0.0,0.0,0.0,,1.0,0,0,0.0,0.0,0.0,0.0,0.0,0.0,148.33,0.5083333333333258,-2.454166666666765,-2.1940476190476375,0.8291666666666657,1.0,0.0,8.8375,4.7,-0.7491666723873309,0.6623815343018656,-0.7491666723873309,0.6623815343018656,-3.915004283744604,2.921883948225197,45.0,201.0,,,0.0,6,0.0,0.0,0.7534166666666667,0.0,-0.0,54.825,0.40000000000000213,37,2,2024,311
2025-02-07,0.0,2.0,0,0.0,14.7,24.1,18.55,18.5,10.933333333333332,-7.677133425439877,6.87984103857134,68.875,279.1666666666667,600.0,52.083333333333336,1012.6625,1010.7,12.529166666666667,9.9,19.441666666666666,16.3,21.6,317.055402687568,0.930419982209142,0.0,0.0,0.0,0.0,0.0,0.0,,0.3333333333333333,0,0,0.0,0.0,0.0,0.0,0.0,0.0,148.33,-1.974999999999909,-1.7791666666665833,-3.4089285714285325,-0.04583333333333428,1.0,0.0,6.020833333333334,4.799999999999999,-0.6812908520624554,0.7320128242701854,-0.6812908520624554,0.7320128242701854,-5.2876256467717155,4.738490515316011,46.0,202.0,,,0.0,6,0.0,0.0,0.7490277777777777,0.0,-0.0,65.6,-0.18333333333333357,38,2,2024,312
2025-02-08,0.0,11.9,0,0.0,13.0,20.2,15.504166666666668,14.6,7.9875,-2.266174368524799,4.049790741481801,85.58333333333333,183.95833333333334,574.0,88.04166666666667,1011.2458333333334,1009.6,12.933333333333332,10.8,15.870833333333332,13.2,17.7,352.5946176615439,0.42256378491292523,0.0,0.0,0.0,0.0,0.0,0.0,,0.041666666666666664,0,0,0.0,0.0,0.0,0.0,0.0,0.0,148.33,-1.4166666666666288,-2.883333333333212,-3.5410714285713993,-3.5708333333333346,1.0,0.0,2.5708333333333364,2.1999999999999993,-0.12888875312958345,0.9916590590100517,-0.12888875312958345,0.9916590590100517,-1.9394675637291405,3.465945909584841,47.0,203.0,,,0.0,6,0.0,0.0,0.74125,0.0,-0.0,47.925,-3.0458333333333325,39,2,2024,313
2025-02-09,0.0,10.4,0,0.0,11.9,18.1,13.570833333333333,9.5,6.6875,5.72869039164954,0.49674521539018707,93.79166666666667,159.75,600.0,100.0,1013.7125,1012.8,12.491666666666667,11.9,13.633333333333333,12.4,15.7,86.83776350213166,0.781400782264366,0.0,0.0,0.0,0.0,0.0,0.0,,0.0,0,0,0.0,0.0,0.0,0.0,0.0,0.0,148.33,2.4666666666665833,-0.9249999999999545,-0.2761904761905498,-2.237499999999999,1.0,0.0,1.0791666666666657,0.0,0.9984773391248306,0.05516342315518408,0.9984773391248306,0.05516342315518408,5.3730341965012975,0.46590561660137964,48.0,204.0,,,0.0,6,0.0,0.0,0.7524722222222223,0.0,-0.0,40.125,-1.9333333333333353,40,2,2024,314
2025-02-10,0.0,22.2,0,0.0,9.1,17.0,12.15,11.0,6.366666666666667,5.582855663552596,-1.2816518208206291,90.83333333333333,190.625,600.0,92.70833333333333,1014.7083333333334,1013.3,10.483333333333333,8.3,12.387500000000001,10.6,13.9,95.36115307409818,0.8534825884462524,0.0,0.0,0.0,0.0,0.0,0.0,,0.0,0,0,0.0,0.0,0.0,0.0,0.0,0.0,148.33,0.995833333333394,2.0458333333333485,1.0601190476190823,-1.2458333333333318,1.0,0.0,1.6666666666666679,0.7999999999999989,0.9956255418444045,-0.09343329399649695,0.9956255418444045,-0.09343329399649695,5.071093894393608,-1.1641670705787381,49.0,205.0,,,0.0,6,0.0,0.0,0.7631944444444444,0.0,-0.0,38.2,-1.4208333333333325,41,2,2024,315
2025-02-11,0.0,2.2,0,0.0,8.2,16.8,12.4375,10.0,5.170833333333333,2.9675988730818266,-2.6983790503987026,89.0,180.91666666666666,600.0,87.45833333333333,1014.25,1012.9,10.549999999999999,7.8,12.504166666666668,10.3,14.6,113.50183739744645,0.5800055740581981,0.0,0.0,0.0,0.0,0.0,0.0,,0.041666666666666664,0,0,0.0,0.0,0.0,0.0,0.0,0.0,148.33,-0.45833333333337123,3.004166666666606,0.6291666666667197,0.11666666666666714,1.0,0.0,1.887500000000001,0.39999999999999947,0.9170472865751841,-0.3987784775851027,0.9170472865751841,-0.3987784775851027,2.641162997042825,-2.4015573548548454,50.0,206.0,,,0.0,6,0.0,0.0,0.7506111111111111,0.0,-0.0,31.025,0.28749999999999964,42,2,2024,316
2025-02-12,0.0,0.0,0,0.0,9.2,22.4,15.904166666666667,12.2,7.816666666666666,5.066703084813546,3.7281142489965506,76.91666666666667,314.5833333333333,600.0,34.625,1014.2958333333332,1012.8,11.016666666666666,6.3,15.829166666666667,12.1,19.6,48.47340754731796,0.8041675157623979,0.0,0.0,0.0,0.0,0.0,0.0,,0.5416666666666666,0,0,0.0,0.0,0.0,0.0,0.0,0.0,148.33,0.045833333333234805,0.5833333333332575,0.6511904761904361,3.3249999999999993,1.0,0.0,4.887500000000001,2.8999999999999995,0.7486481010359789,0.6629675865494652,0.7486481010359789,0.6629675865494652,3.897139122735753,2.8675412098531803,51.0,207.0,,,0.0,6,0.0,0.0,0.7994444444444445,0.0,-0.0,46.9,3.466666666666667,43,2,2024,317
2025-02-13,0.0,0.0,0,0.0,12.1,22.6,17.566666666666666,21.2,13.7875,-7.08140374790777,10.711527968400043,66.875,320.75,600.0,54.75,1010.5333333333333,1008.1,10.895833333333334,6.0,18.008333333333333,14.8,20.8,330.0796897593525,0.9226630966836848,0.0,0.0,0.0,0.0,0.0,0.0,,0.3333333333333333,0,0,0.0,0.0,0.0,0.0,0.0,0.0,148.33,-3.762499999999932,-4.175000000000068,-2.525000000000091,2.1791666666666654,1.0,0.0,6.6708333333333325,6.1,-0.49879500648299835,0.866719990254999,-0.49879500648299835,0.866719990254999,-4.735688756413321,7.1633343288675295,52.0,208.0,,,0.0,6,0.0,0.0,0.7700833333333333,0.0,-0.0,82.725,1.6624999999999996,44,2,2024,318
2025-02-14,0.0,29.1,0,0.0,10.3,16.6,14.6625,19.6,12.604166666666666,-8.761322444880628,8.475806880531248,95.54166666666667,118.875,450.0,85.95833333333333,1006.5749999999999,1003.8,13.920833333333334,10.1,15.512500000000001,11.7,19.6,311.243036926013,0.9646823445840949,0.0,0.0,0.0,0.0,0.0,0.0,,0.041666666666666664,0,0,0.0,0.0,0.0,0.0,0.0,0.0,148.33,-3.9583333333333712,-7.675000000000068,-5.613690476190527,-2.495833333333332,1.0,0.0,0.7416666666666654,0.20000000000000107,-0.7519199312789009,0.6592544402167747,-0.7519199312789009,0.6592544402167747,-8.370713485879701,8.097927157107565,53.0,209.0,,,0.0,6,0.0,0.0,0.7310555555555555,0.0,-0.0,75.625,-2.904166666666667,45,2,2024,319
2025-02-15,0.0,1.7,0,0.0,1.1,12.3,8.404166666666667,27.0,15.3125,-13.876807520023334,4.857193984691651,79.79166666666667,293.2083333333333,600.0,65.29166666666667,1005.85,1003.7,4.579166666666667,0.7,7.845833333333334,1.6,11.3,289.76419845985913,0.9493183782847692,0.0,0.0,0.0,0.0,0.0,0.0,,0.125,0,0,0.0,0.0,0.0,0.0,0.0,0.0,148.33,-0.724999999999909,-8.445833333333212,-5.567857142857065,-7.666666666666667,0.7845833333333334,0.0,3.825,0.40000000000000013,-0.9410922472594849,0.3381499403343028,-0.9410922472594849,0.3381499403343028,-11.072536000351953,3.8756360336185467,54.0,210.0,,,0.0,6,0.0,0.0,0.7347777777777779,0.0,-0.0,91.875,-6.258333333333333,46,2,2024,320
2025-02-16,0.0,0.0,0,0.0,-0.6,9.4,3.9125,19.8,11.270833333333334,-4.454871922660417,-9.047765485445524,74.375,235.625,600.0,52.375,1015.5333333333333,1011.7,-0.9249999999999999,-3.2,3.3166666666666664,0.0,6.8,205.13706989036706,0.8356929464331907,0.0,0.0,0.0,0.0,0.0,0.0,,0.2916666666666667,1,0,0.0,0.0,0.0,0.0,0.0,1.0,148.33,9.68333333333328,5.0,3.8553571428570876,-4.529166666666668,0.33166666666666667,0.0,4.8375,2.6,-0.42478522936260305,-0.9052941560152483,-0.42478522936260305,-0.9052941560152483,-3.313310992478685,-6.729275579800109,55.0,211.0,,,0.0,6,0.0,0.0,0.6138888888888889,0.0,-0.0,67.625,-4.491666666666667,47,2,2024,321
2025-02-17,0.0,0.0,0,0.0,-0.3,17.3,8.916666666666666,7.9,4.345833333333333,1.926269908277109,-2.3503841177190634,64.66666666666667,342.0833333333333,600.0,43.875,1019.7208333333333,1017.1,1.4333333333333333,-1.7,8.154166666666667,2.3,13.5,119.94008594250127,0.48781733833087165,0.0,0.0,0.0,0.0,0.0,0.0,,0.375,1,0,0.0,0.0,0.0,0.0,0.0,2.0,148.33,4.1875,13.145833333333371,7.326785714285734,4.8375,0.8154166666666667,0.0,7.4833333333333325,1.4,0.8665477789827787,-0.4990941261325496,0.8665477789827787,-0.4990941261325496,1.245654540685864,-1.519915062791661,56.0,212.0,,,0.0,6,0.0,0.0,0.7769444444444445,0.0,-0.0,26.075,5.004166666666666,48,2,2024,322
2025-02-18,0.0,0.0,0,0.0,5.5,18.5,11.170833333333333,18.6,9.9625,-6.281622281668476,1.6236578165671984,63.25,305.4166666666667,600.0,50.5,1015.5041666666666,1012.5,3.3625000000000003,0.6,11.666666666666666,8.4,15.1,286.89539559067276,0.46065887629495744,0.0,0.0,0.0,0.0,0.0,0.0,,0.3333333333333333,0,0,0.0,0.0,0.0,0.0,0.0,2.0,148.33,-4.216666666666697,9.654166666666583,2.9309523809523625,3.5124999999999993,1.0,0.0,7.808333333333332,4.9,-0.9568369424075853,0.2906253011079787,-0.9568369424075853,0.2906253011079787,-3.9731260931553107,1.026963568978753,57.0,213.0,,,0.0,6,0.0,0.0,0.7477777777777778,0.0,-0.0,59.775000000000006,2.2541666666666664,49,2,2024,323
2025-02-19,0.0,0.0,0,0.0,5.8,18.8,11.325000000000001,9.1,5.666666666666667,-0.4036700594562699,-0.5693167087546392,72.16666666666667,303.625,600.0,57.708333333333336,1015.725,1013.3,5.1000000000000005,-0.3,10.920833333333334,7.8,15.0,107.66670987176866,0.0770823959340366,0.0,0.0,0.0,0.0,0.0,0.0,,0.375,0,0,0.0,0.0,0.0,0.0,0.0,2.0,148.33,0.2208333333334167,0.19166666666671972,2.9476190476191277,-0.7458333333333318,1.0,0.0,6.2250000000000005,6.1,0.9528379704429369,-0.30347949202900815,0.9528379704429369,-0.30347949202900815,-0.29131522624094147,-0.410856891484598,58.0,214.0,,,0.0,6,0.0,0.0,0.7763055555555556,0.0,-0.0,34.0,0.15416666666666856,50,2,2024,324
2025-02-20,0.0,0.0,0,0.0,5.5,17.1,10.329166666666667,9.9,6.183333333333334,5.149828343963974,-2.1398408358739567,77.875,289.3333333333333,600.0,47.583333333333336,1021.7791666666667,1019.4,6.075,4.8,9.916666666666666,6.0,14.5,109.53686691690658,0.8882578151363144,0.0,0.0,0.0,0.0,0.0,0.0,,0.4583333333333333,0,0,0.0,0.0,0.0,0.0,0.0,2.0,148.33,6.054166666666674,2.058333333333394,7.395238095238142,-1.0041666666666682,0.9916666666666666,0.0,4.254166666666667,0.7000000000000002,0.9424265082494546,-0.33441333189443956,0.9424265082494546,-0.33441333189443956,4.010428822861945,-1.6664010509368439,59.0,215.0,,,0.0,6,0.0,0.0,0.7858055555555555,0.0,-0.0,37.1,-0.9958333333333336,51,2,2024,325
2025-02-21,0.0,0.0,0,0.0,6.3,22.1,14.620833333333332,6.7,3.8833333333333333,-1.997338298086656,1.4554740341994377,55.833333333333336,316.4166666666667,600.0,31.75,1023.0666666666666,1021.4,4.9,2.3,14.7125,9.7,18.5,314.1426624206826,0.5860064697077626,0.0,0.0,0.0,0.0,0.0,0.0,,0.5416666666666666,0,0,0.0,0.0,0.0,0.0,0.0,2.0,148.33,1.287499999999909,7.5625,6.32678571428562,4.795833333333334,1.0,0.0,9.720833333333331,4.0,-0.7176079222711718,0.6964473202573558,-0.7176079222711718,0.6964473202573558,-1.1151805497650498,0.8126396690946861,60.0,216.0,,,0.0,6,0.0,0.0,0.7303888888888889,0.0,-0.0,23.3,4.291666666666664,52,2,2024,326
2025-02-22,0.0,2.3,0,0.0,10.7,20.9,15.866666666666667,13.5,8.383333333333333,-6.109030932270418,5.215087927286453,66.70833333333333,276.25,600.0,60.791666666666664,1022.6374999999999,1020.7,9.475,4.1,17.279166666666665,15.2,19.7,313.90857020624185,0.9610721266848709,0.0,0.0,0.0,0.0,0.0,0.0,,0.16666666666666666,0,0,0.0,0.0,0.0,0.0,0.0,2.0,148.33,-0.42916666666667425,6.912499999999909,3.499404761904657,2.5666666666666647,1.0,0.0,6.3916666666666675,6.6,-0.7204473857419019,0.6935095993406719,-0.7204473857419019,0.6935095993406719,-4.075232717735391,3.4788982381606712,61.0,217.0,,,0.0,6,0.0,0.0,0.7398611111111112,0.0,-0.0,50.3,1.2458333333333353,53,2,2024,327
2025-02-23,0.0,1.4000000000000001,0,0.0,13.6,20.0,16.216666666666665,30.0,18.645833333333332,-14.02403191588001,12.079937352019096,72.875,212.25,600.0,73.79166666666667,1018.4208333333332,1016.4,11.166666666666666,8.0,16.375,14.7,18.6,312.3940857177069,0.9905926444798562,0.0,0.0,0.0,0.0,0.0,0.0,,0.0,0,0,0.0,0.0,0.0,0.0,0.0,1.0,148.33,-4.216666666666697,-3.358333333333462,-1.1297619047619492,-0.904166666666665,1.0,0.0,5.049999999999999,5.6,-0.7385249406782187,0.6742261578997315,-0.7385249406782187,0.6742261578997315,-10.220013258697557,8.803254345283916,62.0,218.0,,,0.0,6,0.0,0.0,0.71775,0.0,-0.0,111.875,0.34999999999999787,54,2,2024,328
2025-02-24,0.0,0.0,0,0.0,11.6,22.1,16.091666666666665,15.8,10.358333333333333,-4.378200490953591,3.963693142184368,71.91666666666667,324.7916666666667,600.0,22.916666666666668,1020.5791666666668,1017.1,9.375,1.8,16.291666666666668,12.4,19.8,317.5140451702633,0.45896834252606605,0.0,0.0,0.0,0.0,0.0,0.0,,0.75,0,0,0.0,0.0,0.0,0.0,0.0,0.0,148.33,2.1583333333335304,-2.487499999999841,0.9059523809523853,-0.08333333333333215,1.0,0.0,6.716666666666665,9.799999999999999,-0.6754094552334695,0.7374429251008027,-0.6754094552334695,0.7374429251008027,-3.1486558530774578,2.850555984754258,63.0,219.0,,,0.0,6,0.0,0.0,0.7895833333333334,0.0,-0.0,62.14999999999999,-0.125,55,2,2024,329
2025-02-25,0.0,0.4,0,0.0,9.0,22.2,16.016666666666666,7.7,5.420833333333333,3.524294629432653,0.5661898663692773,74.66666666666667,285.5416666666667,600.0,36.25,1024.2791666666667,1023.2,10.825000000000001,8.3,15.404166666666667,11.0,20.3,79.55056363430457,0.6264791428948021,0.0,0.0,0.0,0.0,0.0,0.0,,0.4166666666666667,0,0,0.0,0.0,0.0,0.0,0.0,0.0,148.33,3.699999999999932,1.6416666666667652,3.3523809523809405,-0.8875000000000011,1.0,0.0,5.191666666666665,0.6999999999999993,0.9834153478564869,0.18136773031690323,0.9834153478564869,0.18136773031690323,2.6314733233097143,0.4227551002223937,64.0,220.0,,,0.0,6,0.0,0.0,0.7725833333333334,0.0,-0.0,32.525,-0.07499999999999929,56,2,2024,330
2025-02-26,0.0,0.0,0,0.0,12.4,21.6,17.304166666666667,19.8,9.354166666666666,-7.293914457511648,4.392293873056439,60.916666666666664,306.875,600.0,31.833333333333332,1021.0083333333333,1019.1,9.429166666666667,6.6,18.320833333333333,15.9,20.9,310.40868757976716,0.7643216361068035,0.0,0.0,0.0,0.0,0.0,0.0,,0.5416666666666666,0,0,0.0,0.0,0.0,0.0,0.0,0.0,148.33,-3.2708333333333712,2.587500000000091,-0.6732142857142662,2.916666666666666,1.0,0.0,7.875,5.800000000000001,-0.7614400263903514,0.6482353632830139,-0.7614400263903514,0.6482353632830139,-4.443209557034179,2.6756390176702145,65.0,221.0,,,0.0,6,0.0,0.0,0.7409722222222221,0.0,-0.0,56.125,1.2875000000000014,57,2,2024,331
2025-02-27,0.0,0.7,0,0.0,13.3,24.1,18.620833333333334,15.5,8.633333333333333,-5.818101352568906,4.582799554083029,55.958333333333336,304.8333333333333,600.0,23.083333333333332,1017.9916666666667,1015.8,8.8375,5.0,19.454166666666666,15.9,22.7,330.0044514113486,0.604697577588203,0.0,0.0,0.0,0.0,0.0,0.0,,0.7083333333333334,0,0,0.0,0.0,0.0,0.0,0.0,0.0,148.33,-3.0166666666666515,-2.587500000000091,-3.1488095238095184,1.1333333333333329,1.0,0.0,9.783333333333333,8.3,-0.499932715432114,0.8660642470629261,-0.499932715432114,0.8660642470629261,-3.255712548541684,2.564458250472295,66.0,222.0,,,0.0,6,0.0,0.0,0.7230833333333333,0.0,-0.0,51.8,1.3166666666666664,58,2,2024,332
2025-02-28,0.0,0.0,0,0.0,12.4,21.4,17.025000000000002,16.5,12.370833333333332,-10.310506391065257,6.266002328396819,55.541666666666664,281.2916666666667,600.0,52.833333333333336,1016.475,1015.1,7.758333333333333,4.1,17.808333333333334,16.2,19.7,303.96991597951626,0.9652166175575604,0.0,0.0,0.0,0.0,0.0,0.0,,0.25,0,0,0.0,0.0,0.0,0.0,0.0,0.0,148.33,-1.5166666666666515,-7.804166666666674,-3.72380952380945,-1.6458333333333321,1.0,0.0,9.26666666666667,8.3,-0.8293310710005406,0.5587575276209675,-0.8293310710005406,0.5587575276209675,-5.726627091370827,3.4802421265637333,67.0,223.0,,,0.0,6,0.0,0.0,0.7060000000000001,0.0,-0.0,74.225,-1.5958333333333314,59,2,2024,333
2025-03-01,0.0,0.0,0,0.0,13.4,22.0,17.166666666666668,20.0,14.3375,-11.504771504938828,8.006672601774058,53.083333333333336,311.0416666666667,600.0,10.333333333333334,1016.2833333333333,1014.7,7.279166666666666,5.8,17.900000000000002,15.6,21.0,307.1497547539885,0.9724784457008671,0.0,0.0,0.0,0.0,0.0,0.0,,0.7916666666666666,0,0,0.0,0.0,0.0,0.0,0.0,0.0,148.33,-0.19166666666671972,-4.725000000000023,-3.0077380952380963,0.09166666666666856,1.0,0.0,9.887500000000003,7.6000000000000005,-0.7970598118340652,0.6039003695635934,-0.7970598118340652,0.6039003695635934,-6.107116207205029,4.250208706108396,68.0,224.0,,,0.0,6,0.0,0.0,0.7176388888888888,0.0,-0.0,86.025,0.14166666666666572,60,3,2024,334
2025-03-02,0.0,0.7000000000000001,0,0.0,10.1,22.7,15.674999999999999,12.7,8.595833333333333,-0.6196507546686004,1.092113085824539,62.416666666666664,254.29166666666666,600.0,60.416666666666664,1016.2541666666666,1013.0,6.608333333333333,-3.0,16.408333333333335,10.6,20.2,307.8162161478591,0.22625333575423962,0.0,0.0,0.0,0.0,0.0,0.0,,0.3333333333333333,0,0,0.0,0.0,0.0,0.0,0.0,0.0,148.33,-0.029166666666696983,-1.7375000000000682,-2.727380952381054,-1.4916666666666671,1.0,0.0,9.066666666666666,13.1,-0.789981512606654,0.6131306628604568,-0.789981512606654,0.6131306628604568,-0.38676534603898477,0.6816605844021497,69.0,225.0,,,0.0,6,0.0,0.0,0.7109166666666665,0.0,-0.0,51.575,-1.491666666666669,61,3,2024,335
2025-03-03,0.0,0.0,0,0.0,9.8,20.6,14.254166666666668,12.5,7.7875000000000005,5.9624500469478505,-0.9040152162058211,77.91666666666667,263.3333333333333,600.0,68.95833333333333,1020.6083333333332,1018.6,9.775,8.1,13.012500000000001,9.8,17.4,98.64322065777063,0.7438116296140427,0.0,0.0,0.0,0.0,0.0,0.0,,0.20833333333333334,0,0,0.0,0.0,0.0,0.0,0.0,0.0,148.33,4.354166666666629,4.133333333333212,1.6226190476189686,-3.395833333333334,1.0,0.0,4.479166666666668,1.700000000000001,0.9886432988330688,-0.1502811620678633,0.9886432988330688,-0.1502811620678633,4.645742328246867,-0.7043785226270357,70.0,226.0,,,0.0,6,0.0,0.0,0.768611111111111,0.0,-0.0,46.725,-1.4208333333333307,62,3,2024,336
2025-03-04,0.0,0.0,0,0.0,9.0,20.6,13.695833333333333,11.6,7.866666666666667,5.78000581884798,4.527860405544451,78.25,251.04166666666666,600.0,50.416666666666664,1023.4875000000001,1022.0,9.450000000000001,7.7,13.475,10.4,17.9,50.86129688487899,0.9073247300169898,0.0,0.0,0.0,0.0,0.0,0.0,,0.3333333333333333,0,0,0.0,0.0,0.0,0.0,0.0,0.0,148.33,2.8791666666668334,7.204166666666765,4.614880952380986,0.4624999999999986,1.0,0.0,4.245833333333332,1.2999999999999998,0.7756202105623259,0.6311998803606139,0.7756202105623259,0.6311998803606139,4.5228545532485445,3.543050767338533,71.0,227.0,,,0.0,6,0.0,0.0,0.7615277777777777,0.0,-0.0,47.2,-0.5583333333333353,63,3,2024,337
2025-03-05,0.0,0.0,0,0.0,11.2,22.9,16.754166666666666,15.5,8.2125,2.08497013561898,-5.164389977505995,60.208333333333336,298.4583333333333,600.0,2.4583333333333335,1022.1166666666667,1020.2,8.304166666666667,6.7,16.7625,14.1,19.8,172.56663993914557,0.3616062700033464,0.0,0.0,0.0,0.0,0.0,0.0,,1.0,0,0,0.0,0.0,0.0,0.0,0.0,0.0,148.33,-1.370833333333394,5.862500000000068,3.0857142857141753,3.2874999999999996,1.0,0.0,8.45,4.499999999999999,0.12937296820765168,-0.9915960039739682,0.12937296820765168,-0.9915960039739682,1.2553257691539275,-3.109393132290068,72.0,228.0,,,0.0,6,0.0,0.0,0.733,0.0,-0.0,49.275000000000006,3.0583333333333336,64,3,2024,338
2025-03-06,0.0,0.0,0,0.0,9.6,19.6,14.629166666666668,16.5,9.445833333333333,8.875949397690695,-1.854375332519611,65.20833333333333,292.6666666666667,600.0,17.083333333333332,1023.4333333333334,1022.0,7.675,4.9,14.950000000000001,11.5,17.4,103.14189616904247,0.9621429856536458,0.0,0.0,0.0,0.0,0.0,0.0,,0.8333333333333334,0,0,0.0,0.0,0.0,0.0,0.0,0.0,148.33,1.3166666666667197,2.825000000000159,3.6250000000001137,-1.8124999999999982,1.0,0.0,6.954166666666668,4.699999999999999,0.973809973555265,-0.22736344342108775,0.973809973555265,-0.22736344342108775,5.78785866974414,-1.2092072480804963,73.0,229.0,,,0.0,6,0.0,0.0,0.7458055555555555,0.0,-0.0,56.675,-2.1249999999999982,65,3,2024,339
2025-03-07,0.0,0.0,0,0.0,7.0,18.8,12.533333333333333,10.9,9.416666666666666,8.770340685514267,2.344037304412265,76.04166666666667,257.125,600.0,31.083333333333332,1024.0208333333333,1022.3,7.925,5.0,12.991666666666667,9.8,17.4,74.37484065388703,0.9636373968042423,0.0,0.0,0.0,0.0,0.0,0.0,,0.4166666666666667,0,0,0.0,0.0,0.0,0.0,0.0,0.0,148.33,0.5874999999998636,0.5333333333331893,3.1345238095237846,-1.958333333333334,1.0,0.0,4.608333333333333,2.0,0.9630443876385569,0.2693427322908063,0.9630443876385569,0.2693427322908063,6.669113229609808,1.7824450335634934,74.0,230.0,,,0.0,6,0.0,0.0,0.7582222222222222,0.0,-0.0,56.5,-2.095833333333335,66,3,2024,340
2025-03-08,0.0,0.0,0,0.0,7.4,22.0,14.308333333333332,10.1,7.283333333333334,4.516774108291342,5.20864330766439,68.66666666666667,297.1666666666667,600.0,8.291666666666666,1022.8083333333334,1021.6,7.583333333333333,2.7,15.204166666666666,10.9,20.0,40.3469087627931,0.9470914590676898,0.0,0.0,0.0,0.0,0.0,0.0,,0.9166666666666666,0,0,0.0,0.0,0.0,0.0,0.0,0.0,148.33,-1.2124999999998636,0.6916666666667197,0.989880952380986,2.2124999999999986,1.0,0.0,6.724999999999999,4.7,0.6474139686595487,0.7621385393643947,0.6474139686595487,0.7621385393643947,3.1015182210267214,3.5766017379295483,75.0,231.0,,,0.0,6,0.0,0.0,0.7603333333333334,0.0,-0.0,43.7,1.7749999999999986,67,3,2024,341
2025-03-09,0.0,0.0,0,0.0,8.4,23.1,15.608333333333334,8.9,5.9750000000000005,-3.621179517025142,3.991172210019677,67.45833333333333,272.0833333333333,600.0,31.333333333333332,1021.8874999999999,1019.9,8.779166666666667,5.0,16.858333333333334,13.6,20.4,313.5343110860007,0.892983786937265,0.0,0.0,0.0,0.0,0.0,0.0,,0.5416666666666666,0,0,0.0,0.0,0.0,0.0,0.0,0.0,148.33,-0.9208333333334622,-1.5458333333334622,-0.7357142857143799,1.6541666666666686,1.0,0.0,6.8291666666666675,3.4000000000000004,-0.7249620257412805,0.6887888364608553,-0.7249620257412805,0.6887888364608553,-2.44278734919321,2.69237825334244,76.0,232.0,,,0.0,6,0.0,0.0,0.7395833333333334,0.0,-0.0,35.85,1.3000000000000025,68,3,2024,342
2025-03-10,0.0,12.7,0,0.0,12.7,18.5,15.125,8.5,6.141666666666667,1.1563432051563551,3.166904656019541,93.41666666666667,118.29166666666667,517.0,95.16666666666667,1022.25,1020.8,14.016666666666666,11.9,15.379166666666668,14.0,17.1,22.6520758538253,0.47476342720188663,0.0,0.0,0.0,0.0,0.0,0.0,,0.0,0,0,0.0,0.0,0.0,0.0,0.0,0.0,148.33,0.3625000000000682,-1.7708333333332575,-0.6077380952381191,-1.479166666666666,1.0,0.0,1.1083333333333343,0.7999999999999989,0.3851342650648343,0.9228605516940086,0.3851342650648343,0.9228605516940086,1.0802172774835619,2.9584167661649214,77.0,233.0,,,0.0,6,0.0,0.0,0.7235833333333334,0.0,-0.0,36.85,-0.4833333333333343,69,3,2024,343
2025-03-11,0.0,1.2,0,0.0,11.6,19.2,15.15,16.6,10.845833333333333,10.387047394476486,0.2679757404976668,79.25,259.2083333333333,600.0,40.166666666666664,1024.6499999999999,1023.1,11.320833333333333,8.5,15.108333333333334,13.3,17.1,83.44666227606146,0.9541361247895892,0.0,0.0,0.0,0.0,0.0,0.0,,0.4583333333333333,0,0,0.0,0.0,0.0,0.0,0.0,0.0,148.33,2.3999999999998636,1.8416666666664696,1.6261904761904589,-0.2708333333333339,1.0,0.0,3.8291666666666675,3.0999999999999996,0.9934660421611502,0.11412809940001498,0.9934660421611502,0.11412809940001498,8.231735060122615,0.21237077434440096,78.0,234.0,,,0.0,6,0.0,0.0,0.7703055555555555,0.0,-0.0,65.075,0.025000000000000355,70,3,2024,344
2025-03-12,0.0,0.9,0,0.0,9.6,21.7,15.895833333333334,8.0,5.104166666666667,-1.5190101172906791,1.7229123234671608,73.16666666666667,238.29166666666666,600.0,48.25,1022.525,1020.5,10.424999999999999,8.3,15.987499999999999,12.8,19.3,308.2609803511225,0.501471089522751,0.0,0.0,0.0,0.0,0.0,0.0,,0.25,0,0,0.0,0.0,0.0,0.0,0.0,0.0,148.33,-2.1249999999998863,0.6375000000000455,-0.5571428571427077,0.8791666666666647,1.0,0.0,5.470833333333335,1.299999999999999,-0.7851982712651024,0.6192444386526977,-0.7851982712651024,0.6192444386526977,-1.1114090691510137,1.2605975166701393,79.0,235.0,,,0.0,6,0.0,0.0,0.7360833333333333,0.0,-0.0,30.625,0.7458333333333336,71,3,2024,345
2025-03-13,0.0,0.1,0,0.0,12.3,20.9,16.458333333333332,14.5,10.670833333333334,-8.129740006372737,6.241280744193112,74.91666666666667,254.66666666666666,600.0,13.583333333333334,1020.8041666666667,1019.7,11.737499999999999,9.8,17.775000000000002,15.8,20.0,310.40636348678885,0.9609396049774193,0.0,0.0,0.0,0.0,0.0,0.0,,0.75,0,0,0.0,0.0,0.0,0.0,0.0,0.0,148.33,-1.720833333333303,-1.4458333333333258,-1.902380952380895,1.7875000000000032,1.0,0.0,4.720833333333333,2.5,-0.7614663201833171,0.6482044764011415,-0.7614663201833171,0.6482044764011415,-6.090530221440909,4.675759490858007,80.0,236.0,,,0.0,6,0.0,0.0,0.7528333333333332,0.0,-0.0,64.025,0.5624999999999982,72,3,2024,346
2025-03-14,0.0,0.0,0,0.0,14.0,23.2,17.75,26.4,14.770833333333334,-12.166635935013034,7.385120358720955,66.0,270.9166666666667,600.0,69.125,1021.0291666666667,1019.8,10.7875,6.5,19.166666666666668,17.3,21.6,308.25724837192286,0.9494012193478337,0.0,0.0,0.0,0.0,0.0,0.0,,0.25,0,0,0.0,0.0,0.0,0.0,0.0,0.0,148.33,0.22500000000002274,-3.6208333333331666,-1.2499999999998863,1.3916666666666657,1.0,0.0,6.9625,7.5,-0.7852386042869782,0.6191932931948136,-0.7852386042869782,0.6191932931948136,-8.029979717108601,4.87417943675583,81.0,237.0,,,0.0,6,0.0,0.0,0.7339444444444445,0.0,-0.0,88.625,1.2916666666666679,73,3,2024,347
2025-03-15,0.0,0.0,0,0.0,13.5,23.3,18.5125,16.2,10.783333333333333,-7.669867554754499,7.10327706337025,43.041666666666664,232.29166666666666,600.0,86.79166666666667,1019.9083333333333,1016.3,5.208333333333333,-0.4,20.258333333333333,18.6,22.0,317.07570063075315,0.9644989368654667,0.0,0.0,0.0,0.0,0.0,0.0,,0.0,0,0,0.0,0.0,0.0,0.0,0.0,0.0,148.33,-1.120833333333394,-2.6166666666666742,-1.9565476190475692,1.091666666666665,1.0,0.0,13.304166666666667,13.9,-0.6810314821041397,0.732254136473833,-0.6810314821041397,0.732254136473833,-3.301238826692249,3.0573688360256113,82.0,238.0,,,0.0,6,0.0,0.0,0.6316666666666667,0.0,-0.0,64.7,0.7624999999999993,74,3,2024,348
2025-03-16,0.0,20.3,0,0.0,5.4,20.6,16.2625,37.8,22.1375,-18.01263054906299,10.742016900847865,66.66666666666667,160.54166666666666,600.0,97.5,1010.5458333333332,1007.0,9.200000000000001,5.3,17.208333333333332,5.3,21.1,295.36097435767493,0.897901738966933,0.0,0.0,0.0,0.0,0.0,0.0,,0.0,0,0,0.0,0.0,0.0,0.0,0.0,0.0,148.33,-9.362500000000068,-10.25833333333344,-9.698809523809587,-3.0500000000000007,1.0,0.0,7.062499999999998,0.10000000000000053,-0.9036272421481663,0.42831974884156254,-0.9036272421481663,0.42831974884156254,-12.008420366041994,7.161344600565244,83.0,239.0,,,0.0,6,0.0,0.0,0.6625833333333334,0.0,-0.0,132.825,-2.25,75,3,2024,349
2025-03-17,0.0,0.0,0,0.0,0.4,11.1,4.625,14.7,9.591666666666667,-0.4185623719247225,-6.130684426703361,81.75,240.83333333333334,600.0,25.458333333333332,1022.0958333333333,1016.4,1.3583333333333334,-0.4,4.754166666666666,1.4,9.1,169.88227133005967,0.47430159377742903,0.0,0.0,0.0,0.0,0.0,0.0,,0.5416666666666666,0,0,0.0,0.0,0.0,0.0,0.0,0.0,148.33,11.550000000000068,1.066666666666606,1.8732142857144254,-12.454166666666666,0.47541666666666665,0.0,3.2666666666666666,0.8,0.1756713462717073,-0.9844488702309968,0.1756713462717073,-0.9844488702309968,-0.3421747390484607,-5.011834518829997,84.0,240.0,,,0.0,6,0.0,0.0,0.6797222222222222,0.0,-0.0,57.55,-11.6375,76,3,2024,350
2025-03-18,0.0,0.0,0,0.0,2.1,18.9,11.283333333333333,6.6,3.5,-1.2918180412502351,2.216044281553289,63.541666666666664,271.9583333333333,600.0,31.833333333333332,1021.5333333333333,1020.0,4.058333333333334,0.4,11.145833333333334,5.9,15.1,327.71736940463427,0.5014692294654425,0.0,0.0,0.0,0.0,0.0,0.0,,0.6666666666666666,0,0,0.0,0.0,0.0,0.0,0.0,0.0,148.33,-0.5625,1.625,1.755952380952408,6.3916666666666675,1.0,0.0,7.225,1.7000000000000002,-0.5340960809256597,0.8454237850568501,-0.5340960809256597,0.8454237850568501,-0.8208427137110869,1.4081114705703188,85.0,241.0,,,0.0,6,0.0,0.0,0.7264444444444443,0.0,-0.0,21.0,6.658333333333333,77,3,2024,351
2025-03-19,0.0,0.0,0,0.0,9.2,20.8,14.9,16.5,12.595833333333333,-8.73559447962345,8.909842784728063,71.20833333333333,256.8333333333333,600.0,31.75,1020.3083333333334,1019.1,9.4625,3.2,16.041666666666668,13.4,19.1,316.83178590750055,0.990192450339851,0.0,0.0,0.0,0.0,0.0,0.0,,0.4583333333333333,0,0,0.0,0.0,0.0,0.0,0.0,0.0,148.33,-1.224999999999909,9.76250000000016,0.847619047619105,4.895833333333334,1.0,0.0,5.4375,5.999999999999999,-0.6841425916003525,0.7293482805617308,-0.6841425916003525,0.7293482805617308,-6.220471235698531,6.344550549625108,86.0,242.0,,,0.0,6,0.0,0.0,0.7419166666666666,0.0,-0.0,75.575,3.616666666666667,78,3,2024,352
2025-03-20,0.0,5.9,0,0.0,12.7,17.6,14.620833333333332,25.7,18.787499999999998,-14.016357019215933,12.469616566320868,87.75,144.29166666666666,538.0,73.95833333333333,1018.4875000000001,1015.7,12.575000000000001,10.2,15.191666666666668,14.4,16.5,311.7492589866598,0.9984622936167957,0.0,0.0,0.0,0.0,0.0,0.0,,0.041666666666666664,0,0,0.0,0.0,0.0,0.0,0.0,0.0,148.33,-1.8208333333333258,-3.608333333333235,-0.6422619047618809,-0.8499999999999996,1.0,0.0,2.0458333333333307,2.5,-0.7460659869285194,0.6658720170936562,-0.7460659869285194,0.6658720170936562,-12.299353284361983,10.942088536946562,87.0,243.0,,,0.0,6,0.0,0.0,0.7220277777777778,0.0,-0.0,112.725,-0.27916666666666856,79,3,2024,353
2025-03-21,0.0,10.5,0,0.0,11.6,18.7,14.299999999999999,10.5,7.583333333333333,-5.660001113535336,4.261332853189244,88.33333333333333,181.29166666666666,600.0,61.333333333333336,1016.0666666666666,1014.5,12.166666666666666,9.8,14.049999999999999,12.2,15.4,314.9546288578417,0.8783746257878503,0.0,0.0,0.0,0.0,0.0,0.0,,0.125,0,0,0.0,0.0,0.0,0.0,0.0,0.0,148.33,-2.420833333333462,-5.466666666666697,-2.3541666666667425,-1.1416666666666693,1.0,0.0,2.133333333333333,1.799999999999999,-0.7076665001856544,0.7065466187839181,-0.7076665001856544,0.7065466187839181,-4.999667650289547,3.7641773536504983,88.0,244.0,,,0.0,6,0.0,0.0,0.7486388888888889,0.0,-0.0,45.5,-0.32083333333333286,80,3,2024,354
2025-03-22,0.0,0.0,0,0.0,8.0,19.3,13.316666666666668,11.7,6.979166666666667,-2.509008339306935,1.498272138704509,76.75,254.0,600.0,38.458333333333336,1018.4416666666666,1017.0,8.516666666666667,4.6,13.0875,10.9,16.5,298.73084685499094,0.3227766820056771,0.0,0.0,0.0,0.0,0.0,0.0,,0.4583333333333333,0,0,0.0,0.0,0.0,0.0,0.0,0.0,148.33,2.375,-1.866666666666788,0.23035714285708764,-0.9624999999999986,1.0,0.0,4.800000000000001,3.4000000000000004,-0.8768874942622932,0.48069566505887773,-0.8768874942622932,0.48069566505887773,-1.9256639004180727,1.1499238664557108,89.0,245.0,,,0.0,6,0.0,0.0,0.7585000000000001,0.0,-0.0,41.875,-0.9833333333333307,81,3,2024,355
2025-03-23,0.0,0.0,0,0.0,9.1,20.6,14.591666666666667,7.5,4.466666666666667,-2.345148630464816,2.010451997789838,69.66666666666667,238.375,600.0,44.25,1020.5291666666667,1018.8,8.5625,7.3,14.295833333333333,11.6,16.7,311.62807953890615,0.7295539535603083,0.0,0.0,0.0,0.0,0.0,0.0,,0.375,0,0,0.0,0.0,0.0,0.0,0.0,0.0,148.33,2.087500000000091,2.0416666666666288,0.8916666666667652,1.2083333333333321,1.0,0.0,6.029166666666667,1.7999999999999998,-0.7474726234808466,0.6642926140991336,-0.7474726234808466,0.6642926140991336,-1.633786879223822,1.4006148917935872,90.0,246.0,,,0.0,6,0.0,0.0,0.7244722222222223,0.0,-0.0,26.8,1.2749999999999986,82,3,2024,356
2025-03-24,0.0,0.5,0,0.0,10.5,21.5,15.416666666666666,8.9,6.3999999999999995,-0.7126382394715933,1.1839024981504107,74.625,232.29166666666666,600.0,44.25,1021.2166666666667,1018.9,10.225,7.6,15.479166666666666,13.6,18.3,315.75969845348516,0.28556357400514953,0.0,0.0,0.0,0.0,0.0,0.0,,0.375,0,0,0.0,0.0,0.0,0.0,0.0,0.0,148.33,0.6875,5.150000000000091,1.704761904761881,1.1833333333333336,1.0,0.0,5.191666666666666,2.9000000000000004,-0.6976692014545586,0.7164200481154603,-0.6976692014545586,0.7164200481154603,-0.5318062862056765,0.883487239244744,91.0,247.0,,,0.0,6,0.0,0.0,0.7369444444444445,0.0,-0.0,38.4,0.8249999999999993,83,3,2024,357
2025-03-25,0.0,0.0,0,0.0,12.5,21.8,16.3,7.9,4.3999999999999995,-1.0420584552047325,1.707420365860184,72.95833333333333,222.91666666666666,600.0,37.125,1022.7291666666666,1020.9,10.75,8.1,15.358333333333334,13.0,18.1,318.91966443883337,0.29937158570609484,0.0,0.0,0.0,0.0,0.0,0.0,,0.4583333333333333,0,0,0.0,0.0,0.0,0.0,0.0,0.0,148.33,1.5124999999999318,4.287500000000023,3.046428571428578,-0.1208333333333318,1.0,0.0,5.550000000000001,4.4,-0.6571165771907864,0.753788965149441,-0.6571165771907864,0.753788965149441,-0.7602684812764526,1.2457054419254925,92.0,248.0,,,0.0,6,0.0,0.0,0.7251388888888889,0.0,-0.0,26.4,0.8833333333333346,84,3,2024,358
2025-03-26,0.0,1.2,0,0.0,10.7,21.5,15.391666666666666,9.5,6.7375,-0.5833086480415333,1.873994758912474,76.25,213.125,600.0,23.041666666666668,1023.225,1021.8,10.495833333333334,6.9,15.7875,13.6,19.2,355.53058069110017,0.19669061049874945,0.0,0.0,0.0,0.0,0.0,0.0,,0.625,0,0,0.0,0.0,0.0,0.0,0.0,0.0,148.33,0.49583333333339397,2.6958333333333258,3.1255952380952294,0.42916666666666536,1.0,0.0,4.895833333333332,3.799999999999999,-0.07792699615350478,0.9969590680015362,-0.07792699615350478,0.9969590680015362,-0.4447728441316691,1.4289210036707614,93.0,249.0,,,0.0,6,0.0,0.0,0.7295833333333333,0.0,-0.0,40.425,-0.908333333333335,85,3,2024,359
2025-03-27,0.0,2.8,0,0.0,11.8,18.9,14.579166666666666,9.0,4.75,3.0863405161893276,0.6563394799161547,82.58333333333333,186.83333333333334,600.0,40.375,1024.4333333333334,1022.5,11.424999999999999,8.7,14.7125,12.4,17.5,63.57676670165469,0.5413926369796559,0.0,0.0,0.0,0.0,0.0,0.0,,0.4166666666666667,0,0,0.0,0.0,0.0,0.0,0.0,0.0,148.33,1.2083333333333712,3.216666666666697,3.484523809523921,-1.0749999999999993,1.0,0.0,3.154166666666667,3.1000000000000014,0.8955313881273975,0.4449983515459541,0.8955313881273975,0.4449983515459541,2.548802876286353,0.5420270204974245,94.0,250.0,,,0.0,6,0.0,0.0,0.7331666666666666,0.0,-0.0,28.5,-0.8125,86,3,2024,360
2025-03-28,0.0,0.5,0,0.0,11.3,19.0,14.637500000000001,9.1,6.004166666666666,2.825069991821806,2.7037708964632703,80.83333333333333,174.875,577.0,93.29166666666667,1022.275,1019.9,10.987499999999999,8.3,13.933333333333332,11.8,16.7,38.15205820091258,0.5647172948150062,0.0,0.0,0.0,0.0,0.0,0.0,,0.0,0,0,0.0,0.0,0.0,0.0,0.0,0.0,148.33,-2.1583333333334167,-0.4541666666666515,0.439285714285802,-0.7791666666666686,1.0,0.0,3.650000000000002,3.0,0.617750619289027,0.7863740664391367,0.617750619289027,0.7863740664391367,2.283598243389293,2.18554814130781,95.0,251.0,,,0.0,6,0.0,0.0,0.7193611111111111,0.0,-0.0,36.025,0.05833333333333535,87,3,2024,361
2025-03-29,0.0,7.3,0,0.0,9.6,16.5,12.566666666666668,19.5,11.075000000000001,7.462018716072339,-3.276649302570064,89.125,117.66666666666667,600.0,98.70833333333333,1016.4291666666667,1014.4,10.637500000000001,8.3,12.387500000000001,11.3,13.3,92.48819468262354,0.5903486083971236,0.0,0.0,0.0,0.0,0.0,0.0,,0.0,0,0,0.0,0.0,0.0,0.0,0.0,0.0,148.33,-5.845833333333303,-6.7958333333333485,-5.119047619047592,-1.5458333333333307,1.0,0.0,1.9291666666666671,1.299999999999999,0.9990571877862852,-0.043413540889442576,0.9990571877862852,-0.043413540889442576,6.650524180699472,-2.9203136909155694,96.0,252.0,,,0.0,6,0.0,0.0,0.7088611111111112,0.0,-0.0,66.45,-2.070833333333333,88,3,2024,362
2025-03-30,0.0,43.4,0,0.0,9.0,10.3,9.720833333333333,22.0,17.995833333333334,12.570506229959138,-12.628420634493475,99.66666666666667,47.25,153.0,100.0,1017.475,1015.2,9.6625,9.0,10.583333333333334,9.5,11.5,134.59561797845774,0.9899213964299092,0.0,0.0,0.0,0.0,0.0,0.0,,0.0,0,0,0.0,0.0,0.0,0.0,0.0,0.0,148.33,1.0458333333333485,-6.958333333333371,-3.636904761904816,-1.8041666666666671,1.0,0.0,0.05833333333333357,0.0,0.7120797450681903,-0.7020985946885389,0.7120797450681903,-0.7020985946885389,12.52860454252594,-12.586325899045164,97.0,253.0,,,0.0,6,0.0,0.0,0.5926111111111112,0.0,-0.0,107.975,-2.845833333333335,89,3,2024,363
2025-03-31,0.0,16.2,0,0.0,6.5,9.0,7.791666666666667,17.6,14.020833333333334,8.49499701622506,-10.989531609897158,98.625,113.70833333333333,567.0,99.08333333333333,1019.0333333333333,1017.1,7.591666666666666,6.5,8.283333333333333,6.9,9.3,142.12605767536985,0.990472759787059,0.0,0.0,0.0,0.0,0.0,0.0,,0.0,0,0,0.0,0.0,0.0,0.0,0.0,0.0,148.33,1.5583333333332803,-3.2416666666666742,-1.7666666666666515,-2.3000000000000007,0.8283333333333334,0.0,0.20000000000000107,0.0,0.6139262672720887,-0.7893633753559637,0.6139262672720887,-0.7893633753559637,8.378190807251965,-10.838425550261071,98.0,254.0,,,0.0,6,0.0,0.0,0.6045555555555556,0.0,-0.0,84.125,-1.9291666666666663,90,3,2024,364
2025-04-01,0.0,1.8,0,0.0,4.2,11.6,7.416666666666667,14.4,9.5875,6.929697939655443,-6.315457251575609,89.20833333333333,154.83333333333334,600.0,84.875,1018.5208333333334,1015.3,5.495833333333334,3.4,7.7749999999999995,5.8,10.7,128.29743652101766,0.9237320924119844,0.0,0.0,0.0,0.0,0.0,0.0,,0.08333333333333333,0,0,0.0,0.0,0.0,0.0,0.0,0.0,0.0,0.0,0.0,0.0,-0.5083333333333337,0.7775,0.0,1.9208333333333334,0.8000000000000003,0.784804099373331,-0.6197439193786535,0.784804099373331,-0.6197439193786535,6.18186803700096,-5.633914156509741,99.0,255.0,,,0.0,0,0.0,0.0,0.6583611111111111,0.0,-0.0,0.0,-0.375,91,4,2025,0
2025-04-02,0.0,0.0,0,0.0,3.1,14.5,8.579166666666667,13.5,6.808333333333334,-5.573891573699986,2.3072634136707895,63.75,242.45833333333334,600.0,4.125,1011.4125,1008.7,1.3208333333333333,-3.3,9.637500000000001,5.8,12.3,308.0622188961896,0.8485785630597595,0.0,0.0,0.0,0.0,0.0,0.0,,0.9583333333333334,0,0,0.0,0.0,0.0,0.0,0.0,0.0,0.0,-7.1083333333333485,0.0,-3.5541666666666742,1.8625000000000016,0.9637500000000001,0.0,7.258333333333335,6.4,-0.7873417271757914,0.6165168324124181,-0.7873417271757914,0.6165168324124181,-3.553355878233741,1.4708804262151285,100.0,256.0,,,0.0,1,0.0,0.0,0.696361111111111,0.0,-0.0,6.808333333333334,1.1625000000000005,92,4,2025,1
2025-04-03,0.0,1.6,0,0.0,4.1,13.3,7.991666666666667,19.0,8.387500000000001,-7.217253779395615,2.5175250735261736,73.375,200.875,600.0,32.625,1012.5124999999999,1010.1,3.1291666666666664,0.8,9.516666666666667,7.5,12.2,300.1489387091766,0.8260364279363294,0.0,0.0,0.0,0.0,0.0,0.0,,0.5416666666666666,0,0,0.0,0.0,0.0,0.0,0.0,0.0,0.0,1.099999999999909,0.0,-1.6361111111111768,-0.12083333333333357,0.9516666666666668,0.0,4.862500000000001,3.3,-0.8647227438459207,0.5022495159535569,-0.8647227438459207,0.5022495159535569,-5.295659960631533,1.8472340226998298,101.0,257.0,,,0.0,2,0.0,0.0,0.6740555555555555,0.0,-0.0,16.775000000000002,-0.5875000000000004,93,4,2025,2
2025-04-04,0.0,0.0,0,0.0,4.0,14.7,8.516666666666667,13.6,8.133333333333333,-6.001307065416984,5.080283189604451,69.375,230.20833333333334,600.0,34.375,1015.5958333333333,1014.7,2.5458333333333334,0.1,9.075000000000001,6.6,12.1,319.9737724579077,0.9201662766869771,0.0,0.0,0.0,0.0,0.0,0.0,,0.625,0,0,0.0,0.0,0.0,0.0,0.0,0.0,0.0,3.0833333333333712,-2.925000000000068,1.0854166666666742,-0.44166666666666643,0.9075000000000001,0.0,5.970833333333334,3.9,-0.6431382045077108,0.7657501223653824,-0.6431382045077108,0.7657501223653824,-4.163406776633033,3.5244464627880876,102.0,258.0,,,0.0,3,0.0,0.0,0.711388888888889,0.0,-0.0,24.4,0.5250000000000004,94,4,2025,3
2025-04-05,0.0,0.0,0,0.0,3.0,11.0,6.2124999999999995,18.3,14.466666666666667,-12.628951876757528,6.379055166420774,78.33333333333333,219.625,600.0,23.916666666666668,1017.1291666666666,1015.5,2.3041666666666667,-2.4,6.954166666666667,4.5,9.9,297.52050784622924,0.9766103850260643,0.0,0.0,0.0,0.0,0.0,0.0,,0.6666666666666666,0,0,0.0,0.0,0.0,0.0,0.0,0.0,0.0,1.533333333333303,5.716666666666583,2.0949999999999136,-2.1208333333333345,0.6954166666666667,0.0,3.9083333333333328,5.4,-0.8868455029405442,0.46206607094022073,-0.8868455029405442,0.46206607094022073,-9.89267897012673,4.996926547029606,103.0,259.0,,,0.0,4,0.0,0.0,0.6519722222222222,0.0,-0.0,57.86666666666667,-2.304166666666668,95,4,2025,4
2025-04-06,0.0,0.0,0,0.0,3.5,9.5,5.895833333333333,30.6,21.224999999999998,-18.18595979582144,10.49241823780291,63.041666666666664,206.20833333333334,600.0,55.708333333333336,1016.975,1014.5,-1.0625,-6.0,6.341666666666666,5.7,7.4,301.1111606727244,0.9873723769794923,0.0,0.0,0.0,0.0,0.0,0.0,,0.25,0,0,0.0,0.0,0.0,0.0,0.0,0.0,0.0,-0.1541666666665833,4.462500000000091,1.6173611111112223,-0.6125000000000007,0.6341666666666665,0.0,6.958333333333333,9.5,-0.8561664525781001,0.5167001117474543,-0.8561664525781001,0.5167001117474543,-11.464732154615765,6.6145953307482515,104.0,260.0,,,0.0,5,0.0,0.0,0.5587222222222222,0.0,-0.0,106.12499999999999,-0.31666666666666643,96,4,2025,5
2025-04-07,0.0,0.1,0,0.0,3.5,11.5,7.0375000000000005,23.9,12.370833333333332,-10.828042204348742,5.773900996402351,79.75,206.83333333333334,600.0,52.75,1019.4833333333332,1016.7,3.466666666666667,1.6,7.058333333333334,5.6,9.2,303.25900838251096,0.9595699408611555,0.0,0.0,0.0,0.0,0.0,0.0,,0.25,0,0,0.0,0.0,0.0,0.0,0.0,0.0,0.0,2.508333333333212,3.887499999999932,3.53630952380945,0.7166666666666677,0.7058333333333333,0.0,3.5708333333333337,1.9,-0.8361999395959023,0.5484247086153298,-0.8361999395959023,0.5484247086153298,-8.635363657968123,4.604686044630875,105.0,261.0,,,0.0,6,0.0,0.0,0.6592777777777777,0.0,-0.0,74.225,1.1416666666666675,97,4,2025,6
2025-04-08,0.0,0.0,0,0.0,3.5,15.5,8.725,4.4,2.566666666666667,-1.0770012882329825,0.5100391499971341,67.95833333333333,211.45833333333334,600.0,7.25,1023.3416666666667,1022.0,2.6833333333333336,-0.0,8.554166666666667,4.2,12.6,314.52989942471646,0.48998885132832126,0.0,0.0,0.0,0.0,0.0,0.0,,0.8333333333333334,0,0,0.0,0.0,0.0,0.0,0.0,0.0,0.0,3.858333333333462,6.212500000000091,6.7059523809524535,1.4958333333333336,0.8554166666666667,0.0,6.041666666666666,3.5,-0.7128845871768038,0.7012813738905077,-0.7128845871768038,0.7012813738905077,-0.7319121254616643,0.34661410568555234,106.0,262.0,,,0.0,6,0.0,0.0,0.7008333333333333,0.0,-0.0,15.400000000000002,1.6874999999999991,98,4,2025,7
2025-04-09,0.0,0.0,0,0.0,5.3,15.3,9.75,11.6,9.708333333333334,-6.12402620231038,7.413695449524062,70.0,222.125,600.0,18.208333333333332,1022.4541666666668,1020.8,4.075,3.0,11.066666666666668,9.3,13.2,321.2726535958754,0.988791663868608,0.0,0.0,0.0,0.0,0.0,0.0,,0.7916666666666666,0,0,0.0,0.0,0.0,0.0,0.0,0.0,0.0,-0.8874999999999318,5.4791666666667425,4.2410714285715585,2.512500000000001,1.0,0.0,5.675,2.3,-0.6256150726696944,0.7801318996480614,-0.6256150726696944,0.7801318996480614,-4.286818341617265,5.189586814666843,107.0,263.0,,,0.0,6,0.0,0.0,0.71475,0.0,-0.0,58.25,1.0250000000000004,99,4,2025,8
2025-04-10,0.0,0.0,0,0.0,8.0,13.8,10.700000000000001,13.6,10.754166666666668,-7.410329521164751,7.657556940140945,69.33333333333333,95.08333333333333,420.0,88.08333333333333,1021.8375,1020.4,5.195833333333334,3.7,11.804166666666667,10.9,13.3,316.4988941290185,0.9909977694362755,0.0,0.0,0.0,0.0,0.0,0.0,,0.041666666666666664,0,0,0.0,0.0,0.0,0.0,0.0,0.0,0.0,-0.6166666666667879,2.3541666666667425,2.292261904761858,0.7374999999999989,1.0,0.0,5.504166666666667,4.3,-0.6883685760813588,0.7253610848837443,-0.6883685760813588,0.7253610848837443,-5.1378284680075605,5.309239478497721,108.0,264.0,,,0.0,6,0.0,0.0,0.6011666666666667,0.0,-0.0,64.525,0.9500000000000011,100,4,2025,9
2025-04-11,0.0,0.2,0,0.0,7.6,17.7,12.125,11.8,7.325,-4.488247241145863,1.7784974098089155,66.04166666666667,176.20833333333334,600.0,24.041666666666668,1026.0458333333333,1022.2,5.591666666666666,2.6,13.416666666666666,11.1,15.9,302.6695692363464,0.5746793172831365,0.0,0.0,0.0,0.0,0.0,0.0,,0.5833333333333334,0,0,0.0,0.0,0.0,0.0,0.0,0.0,0.0,4.208333333333371,2.7041666666666515,5.007738095238096,1.612499999999999,1.0,0.0,6.533333333333334,5.0,-0.8417975940718214,0.5397933036032339,-0.8417975940718214,0.5397933036032339,-2.9641132821734133,1.1745493310613047,109.0,265.0,,,0.0,6,0.0,0.0,0.6709444444444445,0.0,-0.0,43.95,1.424999999999999,101,4,2025,10
2025-04-12,0.0,0.0,0,0.0,9.2,18.9,13.366666666666667,7.9,4.8875,-3.3764116690887533,2.034355074094882,61.375,181.20833333333334,600.0,20.5,1030.6458333333333,1029.3,5.595833333333334,3.8,14.458333333333334,13.4,16.1,303.46059250594664,0.8337269735685602,0.0,0.0,0.0,0.0,0.0,0.0,,0.6666666666666666,0,0,0.0,0.0,0.0,0.0,0.0,0.0,0.0,4.599999999999909,8.191666666666492,7.6767857142857565,1.0416666666666679,1.0,0.0,7.770833333333333,5.3999999999999995,-0.8342652418267755,0.551363316044613,-0.8342652418267755,0.551363316044613,-2.0722726619032223,1.2485854267257337,110.0,266.0,,,0.0,6,0.0,0.0,0.6587222222222222,0.0,-0.0,29.325000000000003,1.2416666666666671,102,4,2025,11
2025-04-13,0.0,0.0,0,0.0,8.7,17.8,12.5875,9.3,5.6875,-4.098665735464114,3.0544852445973887,60.958333333333336,200.5,600.0,60.291666666666664,1029.3,1026.7,4.816666666666666,3.4,13.9125,12.3,15.6,312.6117431015624,0.9047877599959565,0.0,0.0,0.0,0.0,0.0,0.0,,0.3333333333333333,0,0,0.0,0.0,0.0,0.0,0.0,0.0,0.0,-1.345833333333303,7.462499999999977,4.570238095237983,-0.5458333333333343,1.0,0.0,7.770833333333334,5.299999999999999,-0.7359583420132989,0.6770268228224315,-0.7359583420132989,0.6770268228224315,-2.4984783212433332,1.8619632970191582,111.0,267.0,,,0.0,6,0.0,0.0,0.6701944444444444,0.0,-0.0,34.125,-0.7791666666666668,103,4,2025,12
2025-04-14,0.0,1.3,0,0.0,9.0,17.9,12.012500000000001,14.0,7.583333333333333,-2.47572392885851,-0.357868920413878,73.45833333333333,159.58333333333334,600.0,87.16666666666667,1027.6541666666667,1026.1,6.970833333333334,3.5,12.924999999999999,9.3,15.0,277.37188356672266,0.29133362629897036,0.0,0.0,0.0,0.0,0.0,0.0,,0.041666666666666664,0,0,0.0,0.0,0.0,0.0,0.0,0.0,0.0,-1.6458333333332575,1.6083333333333485,1.7571428571427532,-0.9875000000000007,1.0,0.0,5.041666666666667,5.5,-0.991734246111636,0.12830894391812728,-0.991734246111636,0.12830894391812728,-1.8186255360739805,-0.26288454445402787,112.0,268.0,,,0.0,6,0.0,0.0,0.6845833333333333,0.0,-0.0,45.5,-0.5749999999999993,104,4,2025,13
2025-04-15,0.0,0.30000000000000004,0,0.0,7.3,16.2,10.654166666666667,8.3,5.808333333333334,2.5907474949885354,-0.13381952549126816,83.41666666666667,180.33333333333334,600.0,47.958333333333336,1027.2166666666667,1025.0,7.5375000000000005,5.4,10.7125,8.1,14.0,78.96373450375351,0.35591901502241563,0.0,0.0,0.0,0.0,0.0,0.0,,0.3333333333333333,0,0,0.0,0.0,0.0,0.0,0.0,0.0,0.0,-0.4375,-3.4291666666665606,0.7660714285714221,-2.2124999999999986,1.0,0.0,3.1166666666666663,1.8999999999999995,0.9815062138265304,0.19143028031089848,0.9815062138265304,0.19143028031089848,2.1611152020696034,-0.1116277875139662,113.0,269.0,,,0.0,6,0.0,0.0,0.7316111111111111,0.0,-0.0,34.85,-1.3583333333333343,105,4,2025,14
2025-04-16,0.0,0.0,0,0.0,7.5,17.2,11.491666666666667,10.3,5.141666666666667,-0.23528879074924014,-4.435177299142702,58.0,207.625,600.0,17.125,1022.025,1020.0,2.533333333333333,-3.7,11.979166666666666,10.4,14.7,192.1316289513025,0.6138010881847972,0.0,0.0,0.0,0.0,0.0,0.0,,0.7083333333333334,0,0,0.0,0.0,0.0,0.0,0.0,0.0,0.0,-5.19166666666672,-7.274999999999977,-4.3642857142857565,1.2666666666666657,1.0,0.0,8.958333333333334,11.2,-0.21015829597125685,-0.9776673721846595,-0.21015829597125685,-0.9776673721846595,-0.1364674986345593,-2.5724028335027675,114.0,270.0,,,0.0,6,0.0,0.0,0.6650833333333334,0.0,-0.0,30.85,0.8375000000000004,106,4,2025,15
2025-04-17,0.0,0.0,0,0.0,7.5,17.1,11.5375,10.9,3.9250000000000003,0.028372560410390338,-3.3708027488378445,39.5,205.54166666666666,600.0,4.916666666666667,1017.6291666666666,1016.1,-2.6125000000000003,-6.6,12.720833333333333,10.9,15.7,200.99110441943222,0.47889766255422267,0.0,0.0,0.0,0.0,0.0,0.0,,0.9166666666666666,0,0,0.0,0.0,0.0,0.0,0.0,0.0,0.0,-4.395833333333371,-10.025000000000091,-8.158928571428532,0.7416666666666671,1.0,0.0,14.15,14.1,-0.3582230001719067,-0.9336360544386866,-0.3582230001719067,-0.9336360544386866,0.011207161362104184,-1.3314670857909485,115.0,271.0,,,0.0,6,0.0,0.0,0.6020277777777777,0.0,-0.0,23.55,0.045833333333332504,107,4,2025,16
2025-04-18,0.0,0.0,0,0.0,9.3,17.5,12.395833333333334,10.2,5.454166666666667,-4.423231100791008,0.9950137643727633,61.041666666666664,178.33333333333334,600.0,24.208333333333332,1014.8666666666667,1012.9,4.645833333333333,0.9,13.983333333333334,12.9,15.9,289.35171159854553,0.8602964840114719,0.0,0.0,0.0,0.0,0.0,0.0,,0.6666666666666666,0,0,0.0,0.0,0.0,0.0,0.0,0.0,0.0,-2.762499999999932,-12.350000000000023,-9.324404761904702,1.262500000000001,1.0,0.0,7.750000000000001,8.4,-0.9435022655404884,0.3313660738819919,-0.9435022655404884,0.3313660738819919,-2.7000139844411772,0.6073729853358742,116.0,272.0,,,0.0,6,0.0,0.0,0.6556944444444445,0.0,-0.0,32.725,0.8583333333333343,108,4,2025,17
2025-04-19,0.0,0.0,0,0.0,8.1,16.5,11.670833333333334,13.3,9.408333333333333,-6.284334143003172,6.887820323573719,65.04166666666667,157.95833333333334,581.0,67.66666666666667,1013.4250000000001,1011.8,4.825,2.0,13.683333333333332,12.6,15.3,318.6610332534427,0.9900420890227256,0.0,0.0,0.0,0.0,0.0,0.0,,0.20833333333333334,0,0,0.0,0.0,0.0,0.0,0.0,0.0,0.0,-1.441666666666606,-8.599999999999909,-8.305952380952363,-0.3000000000000025,1.0,0.0,6.845833333333334,6.1,-0.6605124485395338,0.750815093964093,-0.6605124485395338,0.750815093964093,-4.087435665511647,4.47995313545774,117.0,273.0,,,0.0,6,0.0,0.0,0.6554444444444445,0.0,-0.0,56.45,-0.7249999999999996,109,4,2025,18
2025-04-20,0.0,0.6,0,0.0,7.5,16.6,11.566666666666668,22.8,13.862499999999999,-10.164276561653452,9.281984903892488,66.54166666666667,153.125,600.0,50.041666666666664,1011.8874999999999,1010.2,5.1499999999999995,2.7,12.5625,9.8,15.7,313.25352307508814,0.9888765067612904,0.0,0.0,0.0,0.0,0.0,0.0,,0.2916666666666667,0,0,0.0,0.0,0.0,0.0,0.0,0.0,0.0,-1.5375000000001364,-5.741666666666674,-7.355952380952431,-1.1208333333333318,1.0,0.0,6.416666666666669,4.8,-0.7283288371103709,0.6852277760230205,-0.7283288371103709,0.6852277760230205,-6.763479028733568,6.176387454798459,118.0,274.0,,,0.0,6,0.0,0.0,0.6572222222222223,0.0,-0.0,83.175,-0.10416666666666607,110,4,2025,19
2025-04-21,0.0,9.700000000000001,0,0.0,6.7,10.6,8.0875,14.7,8.841666666666667,-0.8210233829876205,-5.455593955709954,95.83333333333333,105.875,451.0,95.95833333333333,1014.9,1011.1,7.408333333333334,6.5,8.4625,7.0,9.5,213.3302620195182,0.4529890621879996,0.0,0.0,0.0,0.0,0.0,0.0,,0.0,0,0,0.0,0.0,0.0,0.0,0.0,0.0,0.0,3.0125000000000455,0.03333333333330302,-2.5214285714286007,-4.1,0.8462500000000001,0.0,0.6791666666666663,0.20000000000000018,-0.549464191342835,-0.8355172663876937,-0.549464191342835,-0.8355172663876937,-0.7868140753631363,-5.2282775408887066,119.0,275.0,,,0.0,6,0.0,0.0,0.6255833333333333,0.0,-0.0,53.05,-3.479166666666668,111,4,2025,20
2025-04-22,0.0,32.300000000000004,0,0.0,8.0,9.5,8.8375,23.0,19.629166666666666,10.696254610769046,-15.495362425197046,99.91666666666667,38.791666666666664,144.0,100.0,1021.6374999999999,1018.2,8.820833333333333,8.0,9.066666666666666,8.7,9.5,145.53530654721283,0.956245215046471,0.0,0.0,0.0,0.0,0.0,0.0,,0.0,0,0,0.0,0.0,0.0,0.0,0.0,0.0,0.0,6.7374999999999545,8.212499999999864,5.013095238095161,0.6041666666666661,0.9066666666666666,0.0,0.016666666666667496,0.0,0.5658982900902552,-0.824475060431136,0.5658982900902552,-0.824475060431136,10.687341065260073,-15.482449623176048,120.0,276.0,,,0.0,6,0.0,0.0,0.5700277777777778,0.0,-0.0,117.775,0.75,112,4,2025,21
2025-04-23,0.0,11.6,0,0.0,8.7,12.0,9.770833333333334,19.1,11.070833333333333,9.636987699659738,0.3101362949879257,97.95833333333333,69.29166666666667,272.0,95.91666666666667,1025.6708333333333,1024.5,9.445833333333333,8.7,9.858333333333333,9.1,10.7,80.74158398201153,0.8525642458607474,0.0,0.0,0.0,0.0,0.0,0.0,,0.0,0,0,0.0,0.0,0.0,0.0,0.0,0.0,0.0,4.033333333333417,13.783333333333417,8.52559523809532,0.7916666666666661,0.9858333333333332,0.0,0.32500000000000107,0.0,0.9869727448834619,0.1608875410254159,0.9869727448834619,0.1608875410254159,9.440232534125018,0.3038043456319222,121.0,277.0,,,0.0,6,0.0,0.0,0.6393888888888889,0.0,-0.0,66.425,0.9333333333333336,113,4,2025,22
2025-04-24,0.0,2.0,0,0.0,7.1,15.4,10.520833333333334,7.9,5.445833333333333,-2.8968671672502,4.109437894443876,82.04166666666667,141.125,473.0,46.75,1022.8291666666668,1020.6,7.366666666666667,5.7,11.266666666666666,9.4,12.8,323.32450426918973,0.9280395499745454,0.0,0.0,0.0,0.0,0.0,0.0,,0.25,0,0,0.0,0.0,0.0,0.0,0.0,0.0,0.0,-2.8416666666665833,7.929166666666788,4.94107142857149,1.4083333333333332,1.0,0.0,3.154166666666667,1.3999999999999995,-0.5972821887796967,0.8020311633387662,-0.5972821887796967,0.8020311633387662,-2.3766381051315184,3.37145133923333,122.0,278.0,,,0.0,6,0.0,0.0,0.7008888888888888,0.0,-0.0,32.675,0.75,114,4,2025,23
2025-04-25,0.0,1.0,0,0.0,7.1,15.6,10.566666666666666,10.8,7.05,-4.485056072993687,5.291503977899463,75.45833333333333,164.83333333333334,591.0,32.416666666666664,1018.6625,1016.3,6.145833333333333,3.6,11.8125,10.4,13.3,318.811816103202,0.9788251337116791,0.0,0.0,0.0,0.0,0.0,0.0,,0.5,0,0,0.0,0.0,0.0,0.0,0.0,0.0,0.0,-4.1666666666667425,-2.974999999999909,0.23214285714277594,0.5458333333333343,1.0,0.0,4.420833333333333,3.4999999999999996,-0.658534275656838,0.7525507343595671,-0.658534275656838,0.7525507343595671,-3.384348561746486,3.99288070998997,123.0,279.0,,,0.0,6,0.0,0.0,0.69475,0.0,-0.0,42.3,0.045833333333332504,115,4,2025,24
2025-04-26,0.0,0.5,0,0.0,6.8,14.8,10.5625,7.0,4.258333333333334,-0.07297332486716578,3.0453694186630127,76.29166666666667,116.125,419.0,79.875,1016.3583333333332,1014.6,6.254166666666666,4.8,11.487499999999999,10.3,12.9,8.738405923737085,0.6971476582285894,0.0,0.0,0.0,0.0,0.0,0.0,,0.08333333333333333,0,0,0.0,0.0,0.0,0.0,0.0,0.0,0.0,-2.304166666666788,-9.312500000000114,-2.4910714285715585,-0.32500000000000107,1.0,0.0,4.308333333333334,2.0,0.15192338337650693,0.9883922731301752,0.15192338337650693,0.9883922731301752,-0.055672565763241894,2.3233630856549903,124.0,280.0,,,0.0,6,0.0,0.0,0.6606111111111111,0.0,-0.0,25.550000000000004,-0.00416666666666643,116,4,2025,25
2025-04-27,0.0,0.6000000000000001,0,0.0,6.3,13.9,9.491666666666667,10.1,6.183333333333334,5.383659942770241,-1.6902618104826717,89.29166666666667,124.41666666666667,555.0,73.0,1016.3166666666666,1014.8,7.6499999999999995,5.8,10.295833333333333,9.1,11.9,98.15306655431144,0.8655022106650917,0.0,0.0,0.0,0.0,0.0,0.0,,0.16666666666666666,0,0,0.0,0.0,0.0,0.0,0.0,0.0,0.0,-0.04166666666662877,-6.512500000000159,-3.1654761904762836,-1.1916666666666664,1.0,0.0,1.8416666666666677,0.5,0.9898927323420118,-0.1418181175184123,0.9898927323420118,-0.1418181175184123,4.807159690565261,-1.5092629416101522,125.0,281.0,,,0.0,6,0.0,0.0,0.6894722222222223,0.0,-0.0,37.1,-1.0708333333333329,117,4,2025,26
2025-04-28,0.0,0.4,0,0.0,6.4,15.0,9.783333333333333,8.9,5.625,-1.6453968128818763,2.7351441179216667,85.625,130.20833333333334,567.0,79.125,1017.1374999999999,1015.8,7.095833333333334,5.2,9.629166666666666,8.1,11.5,339.43503458672524,0.5236203933510917,0.0,0.0,0.0,0.0,0.0,0.0,,0.08333333333333333,0,0,0.0,0.0,0.0,0.0,0.0,0.0,0.0,0.8208333333333258,-1.525000000000091,-2.664285714285711,-0.6666666666666661,0.9629166666666666,0.0,2.687499999999999,1.2000000000000002,-0.3512692113788998,0.9362745009543119,-0.3512692113788998,0.9362745009543119,-1.4088710210301065,2.341967150970427,126.0,282.0,,,0.0,6,0.0,0.0,0.7055555555555556,0.0,-0.0,33.75,0.2916666666666661,118,4,2025,27
2025-04-29,0.0,5.800000000000001,0,0.0,5.1,8.6,6.895833333333333,12.7,7.633333333333333,3.805914026913976,-2.9338120711700455,98.95833333333333,55.666666666666664,247.0,92.20833333333333,1020.0083333333333,1016.9,6.7250000000000005,5.1,8.125,6.2,9.3,123.36090939364333,0.41701427054144974,0.0,0.0,0.0,0.0,0.0,0.0,,0.0,0,0,0.0,0.0,0.0,0.0,0.0,0.0,0.0,2.870833333333394,3.650000000000091,0.439285714285802,-1.5041666666666664,0.8125,0.0,0.1708333333333325,0.0,0.8352232398052132,-0.5499110288849309,0.8352232398052132,-0.5499110288849309,3.7662690891336217,-2.9032515287620244,127.0,283.0,,,0.0,6,0.0,0.0,0.5580833333333333,0.0,-0.0,45.8,-2.8875,119,4,2025,28
2025-04-30,0.0,5.1,0,0.0,2.5,6.8,4.283333333333333,13.5,11.470833333333333,8.12446094687275,-8.002193546887009,96.08333333333333,95.0,470.0,97.41666666666667,1027.325,1024.7,3.6333333333333333,2.5,4.341666666666667,2.5,5.8,134.49933453407152,0.9940092352806329,0.0,0.0,0.0,0.0,0.0,0.0,,0.0,0,0,0.0,0.0,0.0,0.0,0.0,0.0,0.0,7.31666666666672,11.00833333333344,7.519642857142799,-3.783333333333333,0.4341666666666667,0.0,0.6499999999999999,0.0,0.7132585898668466,-0.700900980154228,0.7132585898668466,-0.700900980154228,7.8062528931202335,-7.688774299633934,128.0,284.0,,,0.0,6,0.0,0.0,0.5347222222222222,0.0,-0.0,68.825,-2.6125,120,4,2025,29
2025-05-01,0.0,0.0,0,0.0,0.2,8.3,3.6875,10.8,7.891666666666667,6.8253714076789045,-2.7046158016897794,85.25,134.91666666666666,577.0,57.166666666666664,1032.3625,1030.3,1.0916666666666666,-1.6,3.4791666666666665,1.8,5.7,104.42097783098734,0.8707435842205891,0.0,0.0,0.0,0.0,0.0,0.0,,0.25,0,0,0.0,0.0,0.0,0.0,0.0,0.0,0.0,5.037499999999909,15.225000000000023,11.195238095238096,-0.8625000000000003,0.34791666666666665,0.0,2.595833333333333,1.8,0.96849204282938,-0.24904449999181752,0.96849204282938,-0.24904449999181752,5.818629125046266,-2.305684970940537,129.0,285.0,,,0.0,6,0.0,0.0,0.5585555555555556,0.0,-0.0,47.35,-0.5958333333333332,121,5,2025,30
2025-05-02,0.0,0.0,0,0.0,-0.5,12.1,5.5375000000000005,6.8,4.433333333333334,-2.2015801521477725,1.3224077241430383,56.583333333333336,177.08333333333334,600.0,0.0,1032.2541666666666,1031.2,-3.091666666666667,-5.3,5.995833333333334,3.0,8.4,316.11435797199533,0.5023170013407873,0.0,0.0,0.0,0.0,0.0,0.0,,1.0,0,0,0.0,0.0,0.0,0.0,0.0,0.0,0.0,-0.10833333333334849,12.24583333333328,9.145238095238028,2.516666666666667,0.5995833333333334,0.0,8.629166666666666,4.8,-0.693221240803242,0.7207248513123532,-0.693221240803242,0.7207248513123532,-1.2457274360902815,0.7482623705776025,130.0,286.0,,,0.0,6,0.0,0.0,0.5755555555555556,0.0,-0.0,26.6,1.8500000000000005,122,5,2025,31
2025-05-03,0.0,0.0,0,0.0,1.7,13.7,6.820833333333333,6.4,4.495833333333334,-1.6469067877593535,3.0563685322724754,55.5,174.375,600.0,2.5416666666666665,1033.1875,1032.3,-1.95,-4.7,8.4375,7.2,9.8,333.42793699576396,0.6177363840288594,0.0,0.0,0.0,0.0,0.0,0.0,,0.9583333333333334,0,0,0.0,0.0,0.0,0.0,0.0,0.0,0.0,0.933333333333394,5.8624999999999545,7.674404761904725,2.4416666666666664,0.84375,0.0,8.770833333333332,6.4,-0.4473230516768108,0.8943724545392402,-0.4473230516768108,0.8943724545392402,-0.9140332672064412,1.696284535411224,131.0,287.0,,,0.0,6,0.0,0.0,0.6056944444444445,0.0,-0.0,26.975,1.2833333333333323,123,5,2025,32
2025-05-04,0.0,0.0,0,0.0,1.9,15.0,7.408333333333334,10.7,6.691666666666666,-3.0255471285229074,4.763866373914072,55.666666666666664,168.33333333333334,600.0,60.541666666666664,1031.2250000000001,1029.1,-1.45,-7.2,9.620833333333334,8.6,10.6,329.05636820134885,0.6712707066434314,0.0,0.0,0.0,0.0,0.0,0.0,,0.2916666666666667,0,0,0.0,0.0,0.0,0.0,0.0,0.0,0.0,-1.9624999999998636,-1.137499999999818,3.582142857143026,1.1833333333333336,0.9620833333333334,0.0,8.858333333333334,9.1,-0.5141945354295894,0.857673585773952,-0.5141945354295894,0.857673585773952,-1.6842212348777517,2.6518856148121666,132.0,288.0,,,0.0,6,0.0,0.0,0.6311111111111111,0.0,-0.0,40.15,0.5875000000000012,124,5,2025,33
2025-05-05,0.0,0.0,0,0.0,4.0,13.7,7.979166666666667,16.2,13.0,-8.80683654309543,9.418237462791403,63.208333333333336,151.79166666666666,600.0,70.79166666666667,1026.9458333333334,1024.1,0.8208333333333333,-7.2,8.958333333333334,8.0,9.8,316.8795362003447,0.9910887544697308,0.0,0.0,0.0,0.0,0.0,0.0,,0.20833333333333334,0,0,0.0,0.0,0.0,0.0,0.0,0.0,0.0,-4.279166666666697,-5.308333333333167,-2.0982142857142208,-0.6624999999999996,0.8958333333333334,0.0,7.158333333333333,11.2,-0.6835345153510616,0.729918191528194,-0.6835345153510616,0.729918191528194,-5.566654598281571,5.9531109296060665,133.0,289.0,,,0.0,6,0.0,0.0,0.6163333333333333,0.0,-0.0,78.0,0.5708333333333329,125,5,2025,34
2025-05-06,0.0,0.0,0,0.0,6.3,12.6,9.520833333333334,28.0,21.037499999999998,-17.404142894203183,11.71323555705703,74.08333333333333,147.58333333333334,576.0,53.208333333333336,1021.025,1017.7,5.0375000000000005,4.2,9.895833333333334,8.7,11.1,304.33278759887196,0.9972912668897735,0.0,0.0,0.0,0.0,0.0,0.0,,0.16666666666666666,0,0,0.0,0.0,0.0,0.0,0.0,0.0,0.0,-5.920833333333462,-12.162500000000023,-8.164285714285938,0.9375,0.9895833333333334,0.0,4.483333333333333,2.0999999999999996,-0.8257756805941008,0.5639986926752132,-0.8257756805941008,0.5639986926752132,-12.89356919412219,8.677555341853083,134.0,290.0,,,0.0,6,0.0,0.0,0.6253333333333333,0.0,-0.0,126.225,1.541666666666667,126,5,2025,35
2025-05-07,0.0,0.9,0,0.0,5.9,11.4,8.424999999999999,37.0,26.90833333333333,-23.55800929152286,12.864105043749836,83.79166666666667,133.08333333333334,600.0,63.583333333333336,1016.6708333333332,1014.4,5.704166666666667,4.5,8.629166666666666,6.0,9.8,298.336249080263,0.9973161359072367,0.0,0.0,0.0,0.0,0.0,0.0,,0.041666666666666664,0,0,0.0,0.0,0.0,0.0,0.0,0.0,0.0,-4.3541666666667425,-14.554166666666902,-10.99642857142851,-1.2666666666666675,0.8629166666666667,0.0,2.7208333333333323,1.4000000000000004,-0.8801772379198807,0.4746451620397386,-0.8801772379198807,0.4746451620397386,-19.7396486188552,10.779048017908718,135.0,291.0,,,0.0,6,0.0,0.0,0.6213611111111111,0.0,-0.0,161.45,-1.095833333333335,127,5,2025,36
2025-05-08,0.0,0.0,0,0.0,1.0,8.9,4.029166666666667,21.9,8.1625,-4.600420575032066,-1.6479348712252768,80.58333333333333,158.91666666666666,600.0,40.458333333333336,1027.2250000000001,1020.8,0.4791666666666667,-3.4,4.033333333333333,2.3,6.2,221.89035927078106,0.38976755741750213,0.0,0.0,0.0,0.0,0.0,0.0,,0.5,0,0,0.0,0.0,0.0,0.0,0.0,0.0,0.0,10.554166666666902,0.279166666666697,0.29166666666674246,-4.595833333333333,0.4033333333333333,0.0,3.5500000000000003,4.4,-0.6677073063206065,-0.7444239068474895,-0.6677073063206065,-0.7444239068474895,-3.7071722467133394,-1.327960850395702,136.0,292.0,,,0.0,6,0.0,0.0,0.5723333333333334,0.0,-0.0,48.974999999999994,-4.395833333333332,128,5,2025,37
2025-05-09,0.0,0.0,0,0.0,1.5,13.2,6.595833333333334,8.1,3.533333333333333,-1.1374251153469033,1.1015927459342993,66.25,157.70833333333334,597.0,32.416666666666664,1030.7458333333334,1029.2,0.3333333333333333,-2.0,6.629166666666666,2.9,9.4,345.18366142595556,0.37774598965912937,0.0,0.0,0.0,0.0,0.0,0.0,,0.5833333333333334,0,0,0.0,0.0,0.0,0.0,0.0,0.0,0.0,3.5208333333332575,9.720833333333417,4.027976190476238,2.595833333333333,0.6629166666666666,0.0,6.262500000000001,3.5,-0.2557214487521845,0.9667505058949201,-0.2557214487521845,0.9667505058949201,-0.7535441389173233,0.7298051941814734,137.0,293.0,,,0.0,6,0.0,0.0,0.6193055555555556,0.0,-0.0,21.2,2.5666666666666673,129,5,2025,38
2025-05-10,0.0,0.0,0,0.0,4.2,14.8,8.445833333333333,7.2,4.670833333333333,-0.5130383354030729,2.1700074532748075,59.333333333333336,159.91666666666666,600.0,7.416666666666667,1029.75,1028.6,0.6458333333333334,-2.7,9.645833333333334,8.3,11.5,340.5372145002035,0.4499813289959759,0.0,0.0,0.0,0.0,0.0,0.0,,0.875,0,0,0.0,0.0,0.0,0.0,0.0,0.0,0.0,-0.995833333333394,13.079166666666765,3.5232142857141753,3.0166666666666675,0.9645833333333333,0.0,7.8,6.9,-0.33319452855108206,0.9428581049890923,-0.33319452855108206,0.9428581049890923,-0.3044027456724899,1.2875377556097192,138.0,294.0,,,0.0,6,0.0,0.0,0.6332777777777778,0.0,-0.0,28.025,1.8499999999999988,130,5,2025,39
2025-05-11,0.0,0.0,0,0.0,3.1,15.1,8.079166666666667,7.4,4.7250000000000005,-2.235277336555369,3.2098819036962603,66.29166666666667,155.375,593.0,6.458333333333333,1028.5208333333333,1026.7,1.5541666666666665,-2.5,9.0,7.6,10.4,316.6368374867219,0.6408164737181257,0.0,0.0,0.0,0.0,0.0,0.0,,0.8333333333333334,0,0,0.0,0.0,0.0,0.0,0.0,0.0,0.0,-1.2291666666667425,1.2958333333331211,2.6803571428570194,-0.6458333333333339,0.9,0.0,6.525000000000001,5.6,-0.6866202282277477,0.7270162736751328,-0.6866202282277477,0.7270162736751328,-1.48180260102483,2.1278842119919794,139.0,295.0,,,0.0,6,0.0,0.0,0.657888888888889,0.0,-0.0,28.35,-0.36666666666666536,131,5,2025,40
2025-05-12,0.0,0.0,0,0.0,4.3,13.6,8.258333333333333,8.4,5.3,-1.5724337080360173,3.133365625126551,78.08333333333333,125.70833333333333,486.0,55.833333333333336,1027.3625,1025.9,4.3500000000000005,2.9,8.983333333333333,7.8,10.7,345.1807883749825,0.5452868589980358,0.0,0.0,0.0,0.0,0.0,0.0,,0.20833333333333334,0,0,0.0,0.0,0.0,0.0,0.0,0.0,0.0,-1.158333333333303,-3.3833333333334394,1.4624999999998636,-0.016666666666667496,0.8983333333333332,0.0,3.9083333333333323,1.4,-0.25576992536047205,0.9667376817322777,-0.25576992536047205,0.9667376817322777,-1.227808653691457,2.4466363256196484,140.0,296.0,,,0.0,6,0.0,0.0,0.6463055555555556,0.0,-0.0,31.799999999999997,0.17916666666666536,132,5,2025,41
2025-05-13,0.0,0.0,0,0.0,4.3,13.5,8.033333333333333,7.6,4.416666666666667,-2.340277371382735,2.899563133346419,77.29166666666667,132.75,483.0,20.625,1025.4041666666667,1023.8,3.9291666666666667,2.7,9.025,8.0,10.5,325.90019429127113,0.8653475583146718,0.0,0.0,0.0,0.0,0.0,0.0,,0.625,0,0,0.0,0.0,0.0,0.0,0.0,0.0,0.0,-1.9583333333332575,-4.345833333333303,-1.1214285714286234,0.04166666666666785,0.9025000000000001,0.0,4.104166666666666,1.5999999999999996,-0.5606361865888838,0.8280622357571165,-0.5606361865888838,0.8280622357571165,-1.8088393849645725,2.2411206718156698,141.0,297.0,,,0.0,6,0.0,0.0,0.6461388888888889,0.0,-0.0,26.5,-0.22499999999999964,133,5,2025,42
2025-05-14,0.0,0.0,0,0.0,3.7,12.1,7.383333333333333,8.2,5.375,-2.6564126298576176,2.2388311531961747,81.70833333333333,136.20833333333334,518.0,36.666666666666664,1022.3791666666666,1020.2,4.1375,3.0,8.029166666666667,6.8,9.3,315.7885918681292,0.48292914440847257,0.0,0.0,0.0,0.0,0.0,0.0,,0.375,0,0,0.0,0.0,0.0,0.0,0.0,0.0,0.0,-3.025000000000091,-6.1416666666666515,-4.9619047619048615,-0.9958333333333336,0.8029166666666667,0.0,3.2458333333333327,0.7000000000000002,-0.6973078327200688,0.7167717812715848,-0.6973078327200688,0.7167717812715848,-2.1705104863128284,1.829311621424041,142.0,298.0,,,0.0,6,0.0,0.0,0.6320555555555556,0.0,-0.0,32.25,-0.6500000000000004,134,5,2025,43
2025-05-15,0.0,0.0,0,0.0,3.5,12.3,7.545833333333333,8.1,3.9,-0.3086921845506411,3.092999703726188,81.29166666666667,109.45833333333333,475.0,55.375,1022.5041666666666,1021.1,4.129166666666666,1.6,7.699999999999999,6.4,9.5,351.87046610573,0.7623223014622519,0.0,0.0,0.0,0.0,0.0,0.0,,0.2916666666666667,0,0,0.0,0.0,0.0,0.0,0.0,0.0,0.0,0.125,-4.8583333333333485,-4.162499999999909,-0.3291666666666675,0.7699999999999999,0.0,3.416666666666667,1.9,-0.14141153444973897,0.9899508967239589,-0.14141153444973897,0.9899508967239589,-0.25094102169095867,2.5143510091540806,143.0,299.0,,,0.0,6,0.0,0.0,0.6172777777777778,0.0,-0.0,23.4,0.16250000000000053,135,5,2025,44
2025-05-16,0.0,0.0,0,0.0,3.6,11.7,6.708333333333333,9.7,6.5,-4.495423681280517,4.369856339093464,73.0,144.58333333333334,557.0,2.2083333333333335,1018.6999999999999,1016.7,1.9208333333333334,0.3,7.6125,6.5,9.2,317.74301405889275,0.9645605751759838,0.0,0.0,0.0,0.0,0.0,0.0,,1.0,0,0,0.0,0.0,0.0,0.0,0.0,0.0,0.0,-3.8041666666666742,-6.704166666666765,-6.245833333333508,-0.08749999999999947,0.76125,0.0,4.7875,3.3000000000000003,-0.672457055510916,0.7401361418641769,-0.672457055510916,0.7401361418641769,-3.2816592873347776,3.1899951275382286,144.0,300.0,,,0.0,6,0.0,0.0,0.5997222222222222,0.0,-0.0,39.0,-0.8375000000000004,136,5,2025,45
2025-05-17,0.0,1.7,0,0.0,1.0,9.4,3.9958333333333336,10.8,6.9750000000000005,-1.093142761318636,-2.434628123071796,84.70833333333333,124.08333333333333,527.0,55.416666666666664,1018.2125,1015.5,1.3791666666666667,-0.1,4.991666666666666,1.8,6.6,249.13938180010481,0.3073593648984607,0.0,0.0,0.0,0.0,0.0,0.0,,0.3333333333333333,0,0,0.0,0.0,0.0,0.0,0.0,0.0,0.0,-0.4874999999999545,-4.166666666666629,-5.0851190476190595,-2.6208333333333336,0.49916666666666665,0.0,2.616666666666667,1.1,-0.9344494546618214,-0.35609579705779265,-0.9344494546618214,-0.35609579705779265,-0.9259830140669945,-2.0623329059187334,145.0,301.0,,,0.0,6,0.0,0.0,0.5739722222222222,0.0,-0.0,41.85,-2.7124999999999995,137,5,2025,46
2025-05-18,3.5,6.6,16,0.49,-0.3,1.3,0.4083333333333334,12.3,10.795833333333334,7.4189738194889285,-7.443462561752862,99.29166666666667,35.958333333333336,187.0,100.0,1028.7875000000001,1024.0,0.325,-0.4,0.6791666666666667,-0.1,1.8,135.58482861780686,0.9724875800221509,0.50625,11.05,12.3,99.25,7.381088073417487,-8.019003745384461,137.4831971319754,0.0,1,16,3.5,3.5,3.5,3.5,3.5,1.0,3.5,10.57500000000016,6.28333333333353,5.4517857142858475,-4.3125,0.06791666666666667,0.0,0.08333333333333337,0.10000000000000003,0.6998525016120938,-0.7142873903319968,0.6758063964722034,-0.737079177895601,7.3664227549342165,-7.39073803527378,0.0,302.0,1.0,1.0,43.050000000000004,0,0.7159622558593749,3.5,0.3838333333333333,38.675000000000004,25.44028938223259,0.0,-3.5875000000000004,138,5,2025,47
2025-05-19,0.0,0.0,0,0.0,-2.1,6.1,0.7458333333333332,9.9,7.566666666666666,6.522510467244175,2.6034073583716926,84.16666666666667,117.875,508.0,48.958333333333336,1033.3458333333333,1031.4,-1.9375,-4.6,1.6958333333333335,0.0,4.0,64.1449354545659,0.9179856700501499,0.0,0.0,0.0,0.0,0.0,0.0,,0.4583333333333333,1,0,3.5,3.5,3.5,3.5,3.5,2.0,3.5,4.558333333333167,14.645833333333371,9.155357142857156,1.0166666666666668,0.16958333333333336,0.0,2.683333333333333,2.4999999999999996,0.8999000735210645,0.43609615645724603,0.8999000735210645,0.43609615645724603,5.489779643263848,2.1912011932961746,1.0,303.0,0.0,1.0,0.0,1,0.0,1.75,0.4946944444444445,0.0,-0.0,7.566666666666666,0.33749999999999986,139,5,2025,48
2025-05-20,0.0,0.0,0,0.0,-2.0,9.1,2.7875,11.0,8.270833333333334,3.343086841178273,7.358419823916381,78.625,133.95833333333334,533.0,25.375,1031.3125,1028.9,-0.9625,-4.3,4.358333333333333,1.8,7.1,26.06108900700637,0.9724948491131981,0.0,0.0,0.0,0.0,0.0,0.0,,0.5416666666666666,0,0,0.0,3.5,3.5,3.5,3.5,2.0,3.5,-2.033333333333303,13.100000000000023,6.277976190476238,2.6624999999999996,0.43583333333333335,0.0,3.75,2.3,0.4393291955243111,0.8983261423113332,0.4393291955243111,0.8983261423113332,2.6285020288764174,5.785557586554255,2.0,304.0,0.0,1.0,0.0,2,0.0,1.1666666666666667,0.5536111111111112,0.0,-0.0,16.541666666666668,2.041666666666667,140,5,2025,49
2025-05-21,0.0,0.0,0,0.0,2.6,12.0,6.3875,10.2,7.375,3.5068530782056286,6.053236877433196,84.66666666666667,116.16666666666667,510.0,95.625,1028.0,1025.0,3.5208333333333335,-0.3,6.345833333333334,4.3,8.6,31.70132771972842,0.9411776556422202,0.0,0.0,0.0,0.0,0.0,0.0,,0.0,0,0,0.0,0.0,3.5,3.5,3.5,2.0,3.5,-3.3125,-0.7875000000001364,2.1625000000001364,1.9875000000000007,0.6345833333333334,0.0,2.8666666666666667,2.9,0.5254913668457671,0.8507989323985823,0.5254913668457671,0.8507989323985823,2.969135606214099,5.125073889560107,3.0,305.0,,0.0,0.0,3,0.0,0.0,0.6263333333333333,0.0,-0.0,22.125,3.6,141,5,2025,50
2025-05-22,0.0,15.7,0,0.0,4.9,8.2,6.7375,17.4,10.3125,9.294082476660488,0.03754430738407318,98.125,27.833333333333332,133.0,96.83333333333333,1022.7166666666667,1019.6,6.454166666666667,4.1,7.470833333333334,6.4,8.9,78.49876439538687,0.8561378029687263,0.0,0.0,0.0,0.0,0.0,0.0,,0.0,0,0,0.0,0.0,3.5,3.5,3.5,2.0,3.5,-5.283333333333303,-10.629166666666606,-3.15119047619055,1.125,0.7470833333333334,0.0,0.2833333333333332,0.8000000000000007,0.9799204049499426,0.1993890668084402,0.9799204049499426,0.1993890668084402,9.119818430223104,0.03684035162062181,4.0,306.0,,0.0,0.0,4,0.0,0.0,0.5278611111111111,0.0,-0.0,41.25,0.34999999999999964,142,5,2025,51
2025-05-23,0.0,30.5,0,0.0,4.6,9.6,7.4875,20.2,14.095833333333333,5.12999814230909,4.115260633964419,99.54166666666667,17.333333333333332,101.0,97.83333333333333,1014.6333333333333,1010.3,7.3999999999999995,4.6,8.020833333333334,5.4,10.1,42.19810350375486,0.4519937324644503,0.0,0.0,0.0,0.0,0.0,0.0,,0.0,0,0,0.0,0.0,3.5,3.5,3.5,2.0,3.5,-8.083333333333371,-16.679166666666674,-10.653571428571354,0.5499999999999998,0.8020833333333334,0.0,0.08750000000000036,0.0,0.6716960682460401,0.7408268299021108,0.6716960682460401,0.7408268299021108,5.106485650823507,4.096399022725416,5.0,307.0,,0.0,0.0,5,0.0,0.0,0.5566944444444445,0.0,-0.0,70.47916666666667,0.75,143,5,2025,52
2025-05-24,0.0,11.7,0,0.0,1.7,5.7,4.3500000000000005,30.2,21.495833333333334,-17.98841196254568,11.547426947672223,95.08333333333333,51.166666666666664,339.0,73.20833333333333,1012.4416666666666,1008.3,3.6,0.9,5.454166666666667,4.0,6.6,302.4635261414991,0.9934542833043556,0.0,0.0,0.0,0.0,0.0,0.0,,0.125,0,0,0.0,0.0,3.5,3.5,3.5,2.0,3.5,-2.1916666666667197,-15.558333333333394,-12.020833333333485,-2.5666666666666673,0.5454166666666667,0.0,0.7500000000000004,0.7999999999999999,-0.8437333138778477,0.5367626058628762,-0.8437333138778477,0.5367626058628762,-17.103981707720514,10.97967845607834,6.0,308.0,,0.0,0.0,6,0.0,0.0,0.4777222222222222,0.0,-0.0,128.975,-3.1374999999999993,144,5,2025,53
2025-05-25,0.0,0.0,0,0.0,0.9,8.3,4.0,27.6,19.6375,-15.954104782549159,11.248466141608631,73.79166666666667,139.75,546.0,19.041666666666668,1016.9250000000001,1015.2,-0.5916666666666667,-2.1,5.141666666666667,3.6,6.5,306.4143867315721,0.9937076101285988,0.0,0.0,0.0,0.0,0.0,0.0,,0.6666666666666666,0,0,0.0,0.0,0.0,3.5,3.5,1.0,3.5,4.483333333333462,-5.791666666666629,-5.842857142857042,-0.3125,0.5141666666666667,0.0,4.591666666666667,3.0,-0.804744766972998,0.5936209733740673,-0.804744766972998,0.5936209733740673,-11.7727998207894,8.300430640328704,7.0,309.0,,,0.0,6,0.0,0.0,0.5235833333333333,0.0,-0.0,117.82499999999999,-0.35000000000000053,145,5,2025,54
2025-05-26,0.21000000000000002,15.5,2,0.14,2.3,9.7,5.091666666666667,33.0,20.895833333333332,-14.10976080798251,15.302305700983437,80.75,52.041666666666664,321.0,74.875,1011.2666666666668,1004.5,1.7083333333333333,-5.4,6.995833333333334,5.6,9.7,317.79122399684854,0.9958823960064576,4.8,15.450000000000001,16.6,99.5,-10.229573776087047,11.577575018012377,318.5,0.16666666666666666,0,2,0.21000000000000002,0.21000000000000002,0.21000000000000002,3.71,3.71,0.0,3.71,-5.658333333333303,-3.3666666666665606,-8.347023809523762,1.854166666666667,0.6995833333333333,0.0,3.3833333333333337,7.7,-0.6718340505941478,0.7407017000535777,-0.6626200482157378,0.7489557207890019,-11.393631852445878,12.356611853544125,0.0,310.0,1.0,1.0,6.930000000000001,0,0.02202768750000002,0.21000000000000002,0.5194166666666666,3.2445000000000004,0.0,0.0,1.0916666666666668,146,5,2025,55
2025-05-27,3.22,7.5,20,0.35,-0.1,4.1,0.8374999999999999,28.2,21.84166666666667,-19.175380500228847,10.061468216738644,98.16666666666667,40.5,225.0,99.79166666666667,1010.2416666666667,1005.7,0.5583333333333332,-1.1,1.6500000000000001,0.5,5.1,296.75613806270167,0.9906954932517672,0.505,21.835,27.8,97.85,-19.097538621036442,10.18039516571871,297.3081009146588,0.0,1,20,3.43,3.43,3.43,6.93,6.93,1.0,6.93,-1.025000000000091,-2.199999999999932,-6.361904761904839,-5.345833333333333,0.165,0.0,0.2791666666666667,1.0,-0.8929307195093428,0.4501941027562749,-0.8885523763982447,0.45877518938695017,-18.823831857724652,9.877007966098438,0.0,311.0,0.9387755102040817,1.0,90.804,0,0.55572840421875,3.43,0.44533333333333336,70.3087,0.0,0.0,-4.254166666666666,147,5,2025,56
2025-05-28,0.0,0.0,0,0.0,-0.0,6.4,2.6416666666666666,18.3,12.316666666666668,-9.363194943324212,-3.653810075416953,92.95833333333333,111.5,490.0,81.16666666666667,1018.9333333333334,1016.7,1.5125,-0.1,3.5083333333333333,2.2,4.8,238.33776655730884,0.7914244716539601,0.0,0.0,0.0,0.0,0.0,0.0,,0.0,0,0,3.22,3.43,3.43,6.93,6.93,1.0,6.93,8.69166666666672,2.0083333333333258,3.625,1.8583333333333332,0.35083333333333333,0.0,1.1291666666666667,0.1,-0.8511572896134457,-0.5249107241597306,-0.8511572896134457,-0.5249107241597306,-8.703869966065131,-3.3965209492730093,1.0,312.0,0.0,1.0,0.0,1,0.0,1.715,0.5264166666666666,0.0,-0.0,12.316666666666668,1.8041666666666667,148,5,2025,57
2025-05-29,0.0,0.0,0,0.0,0.2,11.7,5.441666666666666,10.8,5.6375,1.570367276768682,-5.162058119323652,55.291666666666664,137.875,547.0,5.791666666666667,1021.0875,1019.8,-3.8958333333333335,-10.3,6.2,3.4,8.4,159.51251206603763,0.949378105286845,0.0,0.0,0.0,0.0,0.0,0.0,,0.8333333333333334,0,0,0.0,3.22,3.43,6.93,6.93,1.0,6.93,2.1541666666665833,9.820833333333212,6.011904761904816,2.691666666666667,0.62,0.0,9.3375,10.5,0.35000282548350087,-0.9367486440628383,0.35000282548350087,-0.9367486440628383,0.8682822401133504,-2.854187968476036,2.0,313.0,0.0,0.9387755102040817,0.0,2,0.0,1.0733333333333335,0.5362222222222223,0.0,-0.0,11.275,2.8,149,5,2025,58
2025-05-30,0.0,0.0,0,0.0,4.4,13.7,7.5249999999999995,6.6,3.8499999999999996,-2.763901603199755,-1.3385496548768894,36.708333333333336,137.58333333333334,542.0,3.9166666666666665,1024.1125,1022.2,-7.304166666666667,-13.9,8.737499999999999,6.9,10.3,263.4052211023947,0.6803272751336937,0.0,0.0,0.0,0.0,0.0,0.0,,1.0,0,0,0.0,0.0,3.43,6.93,6.93,1.0,6.93,3.0249999999999773,13.87083333333328,7.682738095238051,2.5374999999999988,0.8737499999999999,0.0,14.829166666666666,18.3,-0.9933832351729354,-0.1148466284979779,-0.9933832351729354,-0.1148466284979779,-1.0145822135079101,-0.49135926914439154,3.0,314.0,,0.0,0.0,3,0.0,0.0,0.5185277777777778,0.0,-0.0,11.549999999999999,2.083333333333333,150,5,2025,59
2025-05-31,0.0,0.0,0,0.0,3.2,13.0,6.804166666666667,6.0,3.3874999999999997,-2.1195990228607657,1.8807525494544113,44.416666666666664,135.79166666666666,536.0,0.0,1026.3083333333334,1025.6,-4.966666666666667,-8.7,8.029166666666667,7.0,9.2,319.4276358198356,0.7972572383518375,0.0,0.0,0.0,0.0,0.0,0.0,,1.0,0,0,0.0,0.0,3.43,6.93,6.93,1.0,6.93,2.1958333333334394,7.375,7.8976190476190595,-0.7083333333333321,0.8029166666666667,0.0,11.770833333333334,11.899999999999999,-0.6504079176579215,0.7595851108650606,-0.6504079176579215,0.7595851108650606,-0.9414552326539901,0.835367590716001,4.0,315.0,,0.0,0.0,4,0.0,0.0,0.5274722222222222,0.0,-0.0,13.549999999999999,-0.7208333333333323,151,5,2025,60
2025-06-01,0.0,0.0,0,0.0,1.5,12.2,5.633333333333333,7.8,4.8999999999999995,-2.889376461147775,3.4820221542082757,37.583333333333336,136.04166666666666,538.0,21.291666666666668,1023.6083333333332,1020.8,-8.229166666666666,-14.2,8.170833333333333,7.2,9.4,323.2860770128686,0.9207164932581857,0.0,0.0,0.0,0.0,0.0,0.0,,0.7916666666666666,0,0,0.0,0.0,3.43,3.43,6.93,1.0,6.93,-2.700000000000159,2.5208333333332575,4.242857142857019,0.14166666666666572,0.8170833333333333,0.0,13.862499999999999,15.7,-0.5978199623875033,0.8016303964864382,-0.5978199623875033,0.8016303964864382,-1.0859239866480388,1.3086599929566103,5.0,316.0,,0.0,0.0,5,0.0,0.0,0.48708333333333326,0.0,-0.0,24.499999999999996,-1.1708333333333343,152,6,2025,61
2025-06-02,0.0,0.0,0,0.0,0.9,11.6,4.7625,10.2,7.016666666666667,-4.02188945689971,5.52469851220928,33.416666666666664,110.16666666666667,501.0,99.70833333333333,1016.6458333333334,1013.4,-10.479166666666666,-14.5,7.441666666666666,5.6,8.7,323.91251468267734,0.9722458055965761,0.0,0.0,0.0,0.0,0.0,0.0,,0.0,0,0,0.0,0.0,3.22,3.43,6.93,1.0,6.93,-6.962499999999864,-7.466666666666583,-3.488095238095184,-0.7291666666666661,0.7441666666666666,0.0,15.241666666666667,15.4,-0.5890198601961454,0.8081185583158658,-0.5890198601961454,0.8081185583158658,-1.3439813935139864,1.8461700861632675,6.0,317.0,,0.0,0.0,6,0.0,0.0,0.4426111111111111,0.0,-0.0,42.1,-0.8708333333333327,153,6,2025,62
2025-06-03,0.56,1.6,2,0.49,-1.8,7.8,2.8208333333333333,12.7,8.616666666666667,-4.411258776438081,-1.5892425308898648,76.58333333333333,87.04166666666667,465.0,77.20833333333333,1013.2041666666668,1010.6,-1.2041666666666666,-5.6,3.6166666666666667,-0.6,5.6,263.2654866143383,0.5891957038064414,1.5,11.15,11.5,99.0,-2.735432258064999,-10.735375698348918,194.50000000000003,0.125,0,2,0.56,0.56,0.56,3.99,7.49,0.0,7.49,-3.441666666666606,-13.104166666666629,-7.352976190476056,-3.8249999999999997,0.3616666666666667,0.0,4.025,3.8,-0.9931001901451947,-0.11726897430087019,-0.25038000405444194,-0.9681476403781076,-3.378289012955497,-1.217094904906488,0.0,318.0,1.0,1.0,7.112,0,0.10241437500000002,0.56,0.48663888888888884,6.244000000000001,0.0,0.0,-1.9416666666666669,154,6,2025,63
2025-06-04,0.49000000000000005,0.7000000000000001,7,0.07,-2.7,1.5,-1.2166666666666666,18.4,12.458333333333334,2.9481919742216665,-12.022563100464003,93.79166666666667,70.625,273.0,94.54166666666667,1023.5083333333333,1018.9,-2.1333333333333333,-5.0,-0.7458333333333332,-2.1,0.7,166.43425212387854,0.9917622023244355,-0.8142857142857143,15.085714285714285,15.7,92.57142857142857,4.106305374756408,-14.502425700362123,164.2851749627525,0.041666666666666664,1,4,1.05,1.05,1.05,4.48,7.98,1.0,7.98,10.30416666666656,-0.09999999999990905,2.297619047619037,-4.3625,-0.07458333333333332,0.7458333333333332,0.9166666666666667,2.3,0.23456102084200797,-0.9721013977469404,0.27084952927589956,-0.9626216974964898,2.765158389155405,-11.276162307976863,0.0,319.0,0.4666666666666667,1.0,9.016,1,0.107494,1.05,0.39305555555555555,7.392,403.47561101619556,12.458333333333334,-4.0375,155,6,2025,64
2025-06-05,0.0,0.0,0,0.0,-2.2,9.7,2.4499999999999997,10.1,5.1000000000000005,-2.81987498042149,1.6922139964696186,49.5,132.875,530.0,16.958333333333332,1022.5291666666667,1020.0,-7.9624999999999995,-12.4,3.345833333333333,0.5,5.2,287.6527775952803,0.42205090240097576,0.0,0.0,0.0,0.0,0.0,0.0,,0.75,1,0,0.49000000000000005,1.05,1.05,4.48,7.98,2.0,7.98,-0.9791666666666288,5.883333333333326,1.1124999999999545,4.091666666666667,0.33458333333333334,0.0,10.4125,10.2,-0.9529117375887806,0.30324778707441696,-0.9529117375887806,0.30324778707441696,-1.3958381153086377,0.8376459282524613,1.0,320.0,0.0,1.0,0.0,2,0.0,0.525,0.46913888888888894,0.0,-0.0,10.200000000000001,3.666666666666666,156,6,2025,65
2025-06-06,0.07,0.1,1,0.07,-1.2,8.4,2.2666666666666666,19.9,12.225,-8.00806064309633,9.032580883548688,43.166666666666664,81.79166666666667,350.0,77.54166666666667,1016.7333333333332,1013.7,-10.420833333333333,-18.3,3.295833333333333,1.2,6.9,320.2938208585472,0.987003349984896,4.1,13.6,13.6,45.0,-9.275177696849978,9.946410342020721,317.0,0.125,1,1,0.07,0.56,1.12,4.550000000000001,8.05,3.0,8.05,-5.795833333333462,3.5291666666664696,-3.6291666666668334,-0.050000000000000266,0.3295833333333333,0.0,12.6875,17.1,-0.6388507907446693,0.7693306617865368,-0.6819983600624984,0.7313537016191707,-3.4568128442699155,3.899064081398517,0.0,321.0,0.125,0.5,1.393,3,0.00856975,0.56,0.3850833333333334,0.9520000000000001,0.0,36.675,-0.18333333333333313,157,6,2025,66
2025-06-07,13.51,20.7,21,2.38,-0.6,1.0,0.03333333333333333,33.8,21.091666666666665,-17.445643679831203,11.691806817445602,98.33333333333333,27.75,125.0,100.0,1007.7416666666667,1004.1,-0.20416666666666664,-0.8,0.5125000000000001,-0.4,1.9,304.0053810541896,0.9949140252508036,-0.028571428571428574,21.204761904761906,33.8,98.57142857142857,-17.60922810612331,11.64072814734388,303.6239529350643,0.0,0,18,13.58,13.58,14.629999999999999,18.060000000000002,21.560000000000002,3.0,21.560000000000002,-8.99166666666656,-15.766666666666652,-9.968452380952272,-2.7833333333333328,0.051250000000000004,0.0,0.23749999999999996,0.20000000000000007,-0.8289850511158744,0.5592707618197209,-0.8326898183979334,0.5537397099147005,-17.154882951834015,11.496943370488175,0.0,0.0,0.9948453608247423,0.9282296650717704,100.0,0,2.489353633928571,13.58,0.3685,286.47633333333334,0.0,0.0,-2.2333333333333334,158,6,2025,67
2025-06-08,12.6,18.1,18,2.66,-3.2,0.9,-1.1833333333333333,31.1,13.508333333333333,-10.913309292066861,7.788253306927714,95.20833333333333,37.25,174.0,100.0,1003.6333333333333,1000.6,-1.8583333333333334,-3.6,-0.7208333333333333,-1.7,0.5,304.24093061915346,0.9913126228664026,-0.6388888888888888,14.211111111111112,31.1,94.33333333333333,-11.421160672321905,8.24819027834227,304.2657775904182,0.0,0,18,26.11,26.18,27.23,30.66,34.16,3.0,34.16,-4.1083333333333485,-18.89583333333337,-11.223214285714334,-1.2333333333333334,-0.07208333333333333,0.7208333333333333,0.675,0.3999999999999999,-0.8266788254767665,0.5626740792931143,-0.8264347376894249,0.5630325251175206,-10.390379888488658,7.415066169304094,0.0,0.0,0.48128342245989303,0.961439588688946,100.0,1,2.7559376736111116,26.18,0.36219444444444443,179.06,0.0,13.508333333333333,-1.2166666666666668,159,6,2025,68
2025-06-09,8.68,12.8,17,1.68,-3.3,1.7,-0.44999999999999996,15.9,12.433333333333332,-8.633065519216252,-3.445889950283324,98.04166666666667,28.875,132.0,100.0,1005.3916666666668,1003.6,-0.7124999999999999,-3.9,-0.23749999999999996,-1.8,2.3,250.9690413159198,0.7533417349982056,0.07058823529411767,12.888235294117647,15.9,98.11764705882354,-8.351736092851896,-5.779850459364807,236.4870138066944,0.0,0,11,21.28,34.79,35.91,39.129999999999995,42.84,3.0,42.84,1.7583333333334394,-11.34166666666647,-7.857142857142776,0.4833333333333334,-0.023749999999999997,0.23749999999999996,0.26249999999999996,0.6000000000000001,-0.9453425230257678,-0.32607899987468614,-0.8337607031214107,-0.552125972881634,-8.464001319464934,-3.378407938756942,0.0,1.0,0.24949698189134809,0.9688109161793373,100.0,2,1.8075566885813152,34.79,0.3838333333333333,111.86988235294118,33.53758229046632,24.866666666666664,0.7333333333333334,160,6,2025,69
2025-06-10,0.42000000000000004,0.8,5,0.14,-0.8,2.9,0.8916666666666666,12.1,9.433333333333334,-7.800981583317193,-3.3175420636806656,95.66666666666667,67.75,349.0,97.33333333333333,1011.1916666666666,1008.5,0.22916666666666666,-0.9,1.5333333333333332,0.6,2.3,249.10441804163588,0.8951414717625215,2.2600000000000002,8.76,10.1,86.2,-7.92676265735962,-3.339768463759215,248.1587757099025,0.0,0,5,9.1,21.700000000000003,35.769999999999996,36.33,43.26,3.0,43.26,5.799999999999841,3.449999999999932,-1.7696428571429124,1.7708333333333333,0.15333333333333332,0.0,0.6625,0.09999999999999998,-0.9342319793871456,-0.35666596233783765,-0.9282183875679589,-0.372035784543286,-7.462939048040115,-3.1737819075878373,0.0,2.0,0.01935483870967742,0.6066536203522507,5.082000000000001,3,0.07237093500000001,21.700000000000003,0.42849999999999994,3.6792000000000002,15.496525671842331,28.3,1.3416666666666666,161,6,2025,70
2025-06-11,0.0,0.0,0,0.0,-5.8,2.7,-1.0916666666666666,11.5,7.2,-6.333060773762697,2.2297913520357118,91.75,101.41666666666667,472.0,76.66666666666667,1015.9875000000001,1014.1,-2.370833333333333,-5.8,0.037500000000000006,-1.1,1.0,292.88264295165897,0.9069019119800741,0.0,0.0,0.0,0.0,0.0,0.0,,0.041666666666666664,1,0,0.42000000000000004,9.1,35.28,36.33,43.26,3.0,43.26,4.795833333333462,12.354166666666742,4.100595238095366,-1.4958333333333331,0.0037500000000000007,0.0,1.2791666666666666,0.0,-0.9213032435866596,0.38884487055469835,-0.9213032435866596,0.38884487055469835,-5.810583259927274,2.0458335654927655,1.0,3.0,0.0,0.2579365079365079,0.0,4,0.0,4.55,0.43344444444444447,0.0,-0.0,28.8,-1.9833333333333332,162,6,2025,71
2025-06-12,0.28,0.4,4,0.07,-6.0,3.8,-1.7791666666666668,5.4,2.3625000000000003,0.8283366469983683,-1.1712518666421754,90.66666666666667,99.95833333333333,413.0,49.708333333333336,1020.6208333333334,1018.1,-3.2458333333333336,-6.0,0.9750000000000001,-0.2,2.4,120.63000019773554,0.3971409467299581,3.425,4.575,5.4,73.5,0.9642913177975014,-4.456743128463698,167.00412342833096,0.375,1,4,0.28,0.7000000000000001,35.56,36.61,43.54,3.0,43.54,4.633333333333326,15.229166666666629,9.006547619047637,0.9375000000000001,0.0975,0.0,1.4666666666666668,0.0,0.8604753738071259,-0.5094920323925458,0.22488093088035635,-0.974386251404639,0.7510252266118539,-1.0619350257555724,0.0,4.0,0.4,0.01968503937007874,1.5120000000000002,5,0.04339294531250002,0.7000000000000001,0.4533055555555556,1.2810000000000001,123.89745897129059,11.812500000000002,-0.6875000000000002,163,6,2025,72
2025-06-13,0.0,0.0,0,0.0,-5.4,4.2,-1.7666666666666666,6.2,2.983333333333333,2.200716932114974,-0.6591671212273846,89.79166666666667,119.125,504.0,35.041666666666664,1025.6666666666667,1024.1,-3.3666666666666667,-7.1,1.3708333333333333,0.7,2.5,98.8519543128882,0.6897286609464216,0.0,0.0,0.0,0.0,0.0,0.0,,0.5416666666666666,1,0,0.28,0.28,35.49,36.61,43.54,3.0,43.54,5.0458333333333485,14.475000000000136,12.77619047619055,0.39583333333333326,0.13708333333333333,0.0,1.6,1.6999999999999993,0.9880892516344998,-0.15388187289077984,0.9880892516344998,-0.15388187289077984,1.9760604119615703,-0.5918771442687558,1.0,5.0,0.0,0.007889546351084813,0.0,6,0.0,0.14,0.4720555555555556,0.0,-0.0,17.9,0.012500000000000178,164,6,2025,73
2025-06-14,0.0,0.0,0,0.0,-5.8,4.7,-0.8875000000000001,9.3,5.941666666666666,-2.849289339814062,4.992906961387704,74.58333333333333,127.41666666666667,514.0,36.25,1023.35,1022.1,-4.95,-9.1,1.5583333333333333,1.3,1.9,333.21496628711395,0.9653224274693242,0.0,0.0,0.0,0.0,0.0,0.0,,0.5833333333333334,1,0,0.0,0.28,21.98,36.61,43.54,4.0,43.54,-2.3166666666667197,7.3624999999999545,8.229761904761972,0.1875,0.15583333333333332,0.0,4.0625,3.3,-0.45064437208756525,0.8927035621670858,-0.45064437208756525,0.8927035621670858,-2.1250949659446543,3.723876442034996,2.0,6.0,0.0,0.012738853503184714,0.0,6,0.0,0.09333333333333334,0.438,0.0,-0.0,35.65,0.8791666666666665,165,6,2025,74
2025-06-15,0.07,0.1,1,0.07,-3.7,2.8,0.11666666666666664,10.8,8.158333333333333,-4.710384239587579,6.483421384140395,89.625,74.0,327.0,86.875,1022.4958333333334,1021.1,-1.4458333333333335,-5.0,0.46249999999999997,-0.5,1.4,323.25312229212625,0.977348971613025,2.3,5.7,5.7,85.0,-5.207209108562826,2.3183988655320587,294.0,0.125,1,1,0.07,0.07,9.450000000000001,36.68,43.61,5.0,43.61,-0.8541666666666288,1.875,4.680952380952476,-1.0958333333333334,0.04625,0.0,1.5625000000000002,1.2999999999999998,-0.5982809359344139,0.8012864167683375,-0.9135454576426011,0.40673664307579976,-4.2216818747303675,5.810766415535829,0.0,7.0,1.0,0.007407407407407408,0.7560000000000001,6,0.012514906250000008,0.07,0.41030555555555553,0.3990000000000001,0.0,48.95,1.0041666666666667,166,6,2025,75
2025-06-16,0.0,0.0,0,0.0,-4.9,4.4,-0.875,21.8,12.737499999999999,-8.245782755317993,9.494446798882011,82.75,111.83333333333333,452.0,54.083333333333336,1021.9583333333334,1020.8,-3.6125000000000003,-7.2,-0.6541666666666667,-1.3,-0.1,322.553272013509,0.9832225658751501,0.0,0.0,0.0,0.0,0.0,0.0,,0.25,1,0,0.07,0.07,0.7700000000000018,36.68,43.61,6.0,43.61,-0.5375000000000227,-3.7083333333333712,1.7767857142856656,-1.1166666666666667,-0.06541666666666666,0.6541666666666667,2.7375000000000003,2.3,-0.6080235282355877,0.7939190066448513,-0.6080235282355877,0.7939190066448513,-6.8233852300256395,7.856654726074864,1.0,8.0,0.0,0.0909090909090907,0.0,6,0.0,0.035,0.44816666666666666,0.0,-0.0,76.425,-0.9916666666666667,167,6,2025,76
2025-06-17,3.22,5.5,11,0.63,-1.4,0.6,-0.34583333333333327,31.5,25.358333333333334,-21.596656548926674,13.131454758638549,98.54166666666667,56.25,318.0,100.0,1021.3375,1018.7,-0.5666666666666667,-1.6,-0.5916666666666667,-1.3,0.1,300.71595027361764,0.9962837773240032,-0.18181818181818182,24.654545454545453,28.5,99.45454545454545,-21.267977219334465,12.22053344852613,299.3732263937319,0.0,1,7,3.22,3.29,3.570000000000002,39.339999999999996,43.33,7.0,46.83,-0.620833333333394,-2.0125000000000455,-0.29345238095243076,0.0625,-0.059166666666666666,0.5916666666666667,0.22083333333333338,0.20000000000000018,-0.8597101108966415,0.5107822679205734,-0.8714431092217547,0.4904965926384411,-21.28170530758816,12.939954376741737,0.0,9.0,0.9787234042553192,0.9215686274509799,100.0,0,0.5670393388429755,3.29,0.37930555555555556,79.38763636363636,0.0,0.0,0.5291666666666668,168,6,2025,77
2025-06-18,0.0,0.0,0,0.0,-4.0,5.3,-0.3666666666666667,18.4,7.358333333333333,-5.08700159869328,4.356242359492685,79.04166666666667,117.16666666666667,484.0,43.166666666666664,1025.2041666666667,1023.1,-3.9125,-11.5,0.8249999999999998,-2.5,6.6,313.0292506373047,0.7683422432958101,0.0,0.0,0.0,0.0,0.0,0.0,,0.375,1,0,3.22,3.22,3.570000000000002,38.85,43.33,7.0,46.83,3.8666666666666742,2.7083333333332575,2.2565476190476375,1.4166666666666665,0.08249999999999999,0.0,3.5458333333333334,7.5,-0.7310054325731766,0.682371641811486,-0.7310054325731766,0.682371641811486,-4.0208508469671465,3.4432465649823434,1.0,10.0,0.0,0.9019607843137251,0.0,1,0.0,1.61,0.45936111111111116,0.0,-0.0,7.358333333333333,-0.020833333333333426,169,6,2025,78
2025-06-19,0.0,0.0,0,0.0,-4.2,9.3,0.9750000000000001,9.5,5.1375,-2.5921579817732754,4.175575174721826,42.958333333333336,112.875,487.0,70.375,1023.5500000000001,1021.9,-10.695833333333333,-17.3,5.779166666666666,3.7,7.7,328.653496816427,0.9436624136109975,0.0,0.0,0.0,0.0,0.0,0.0,,0.16666666666666666,1,0,0.0,3.22,3.290000000000002,38.85,43.33,7.0,46.83,-1.6541666666665833,1.591666666666697,0.1839285714286234,4.954166666666666,0.5779166666666666,0.0,11.670833333333333,13.100000000000001,-0.5202124482397296,0.8540368895407426,-0.5202124482397296,0.8540368895407426,-1.1135478663367697,1.7937575021409176,2.0,11.0,0.0,0.9787234042553187,0.0,2,0.0,1.0733333333333335,0.42511111111111116,0.0,-0.0,10.275,1.3416666666666668,170,6,2025,79
2025-06-20,0.0,0.0,0,0.0,-2.1,11.2,3.225,5.5,2.404166666666667,-0.9180367034528093,2.0062343213615,27.25,124.70833333333333,503.0,1.25,1025.8625,1023.7,-14.558333333333332,-22.3,7.633333333333333,7.0,8.7,326.1809055231311,0.8572871304746962,0.0,0.0,0.0,0.0,0.0,0.0,,1.0,0,0,0.0,0.0,3.290000000000002,38.78,43.33,6.0,46.83,2.3124999999998863,4.524999999999977,2.4684523809523853,1.854166666666667,0.7633333333333333,0.0,17.78333333333333,20.2,-0.5565725197258405,0.8307990312259812,-0.5565725197258405,0.8307990312259812,-0.2501650016908905,0.5466988525710088,3.0,12.0,,0.0,0.0,3,0.0,0.0,0.4228611111111111,0.0,-0.0,7.2125,2.25,171,6,2025,80
2025-06-21,0.0,0.0,0,0.0,-0.6,11.6,3.0583333333333336,6.4,4.141666666666667,-2.0553235784956256,3.3754356337430838,27.208333333333332,127.5,514.0,9.875,1027.6125,1026.5,-14.579166666666666,-21.8,8.35,7.6,9.7,329.57331897676903,0.9571216545625564,0.0,0.0,0.0,0.0,0.0,0.0,,0.9166666666666666,1,0,0.0,0.0,3.290000000000002,25.269999999999996,43.33,6.0,46.83,1.75,2.408333333333303,3.6095238095238074,0.7166666666666668,0.835,0.0,17.6375,21.2,-0.5064353574492604,0.8622779300928674,-0.5064353574492604,0.8622779300928674,-0.5592192903156848,0.9183997786809307,4.0,13.0,,0.0,0.0,4,0.0,0.0,0.4334722222222222,0.0,-0.0,16.566666666666666,-0.16666666666666652,172,6,2025,81
2025-06-22,0.0,0.0,0,0.0,-1.2,11.8,3.4791666666666665,10.8,6.8625,-3.416696990299727,5.7772470822652515,32.166666666666664,120.58333333333333,516.0,40.833333333333336,1025.3374999999999,1022.3,-12.054166666666667,-17.3,8.237499999999999,6.5,9.8,328.29702280908344,0.9731254743159128,0.0,0.0,0.0,0.0,0.0,0.0,,0.5416666666666666,1,0,0.0,0.0,3.220000000000002,12.67,43.33,6.0,46.83,-2.275000000000091,1.7874999999997954,0.9285714285713311,-0.11250000000000071,0.8237499999999999,0.0,15.533333333333333,16.1,-0.5255158600259079,0.8507838038310499,-0.5255158600259079,0.8507838038310499,-1.0990375318797454,1.8583478114619891,5.0,14.0,,0.0,0.0,5,0.0,0.0,0.4498333333333333,0.0,-0.0,34.3125,0.42083333333333295,173,6,2025,82
2025-06-23,0.0,9.0,0,0.0,2.6,6.7,4.3375,29.1,14.804166666666667,-10.598034264100127,10.267235648842101,87.29166666666667,49.458333333333336,260.0,71.95833333333333,1017.7083333333334,1009.7,2.0,-10.4,5.479166666666667,4.2,7.2,313.32948666046167,0.9962188568356455,0.0,0.0,0.0,0.0,0.0,0.0,,0.20833333333333334,0,0,0.0,0.0,3.220000000000002,3.99,43.33,5.0,46.83,-7.629166666666492,-8.154166666666583,-6.093452380952272,-2.758333333333332,0.5479166666666667,0.0,2.3375000000000004,13.0,-0.7274197122119072,0.6861928025602907,-0.7274197122119072,0.6861928025602907,-9.251200743037403,8.96244111846842,6.0,15.0,,0.0,0.0,6,0.0,0.0,0.47283333333333327,0.0,-0.0,88.825,0.8583333333333338,174,6,2025,83
2025-06-24,11.48,53.8,16,2.38,-0.6,6.9,2.625,35.9,26.879166666666666,-17.679350205795192,19.704883920457906,99.08333333333333,25.375,148.0,100.0,1004.6750000000001,1002.3,2.4916666666666667,-0.6,3.341666666666667,0.2,7.7,318.20665115974407,0.9844361388064066,0.9375,27.4875,35.9,99.5,-20.089563519013897,18.627708808129142,312.56539766596427,0.0,1,15,11.48,11.48,11.480000000000002,15.05,54.81,5.0,58.31,-13.033333333333303,-22.937499999999886,-16.74642857142851,-2.1375,0.33416666666666667,0.0,0.1333333333333333,0.0,-0.6664459274481456,0.7455533688394018,-0.73650573494675,0.6764312990914507,-17.5172894955754,19.524255817853707,0.0,0.0,1.0,0.9999999999999999,100.0,0,1.707271630859375,11.48,0.5005277777777778,315.5565,0.0,0.0,-1.7125000000000004,175,6,2025,84
2025-06-25,25.27,36.4,19,3.15,-4.2,-0.0,-1.8041666666666665,25.2,17.679166666666667,-15.638668103878224,5.573164716350612,97.83333333333333,27.125,121.0,100.0,1008.35,1002.9,-2.120833333333333,-4.5,-1.3666666666666665,-3.4,0.2,286.9633747351308,0.935038693829914,-1.3210526315789475,18.542105263157897,25.2,97.89473684210526,-16.214979514312596,8.273666945528145,295.877501595713,0.0,0,19,36.75,36.75,36.75,40.32,79.87,4.0,83.58,3.6749999999999545,-16.98749999999984,-10.663690476190368,-4.708333333333333,-0.13666666666666666,1.3666666666666665,0.31666666666666665,0.2999999999999998,-0.9564914537612672,0.2917603449436841,-0.8997292290951054,0.4364485242407485,-15.299830294960861,5.452412814163015,0.0,0.0,0.6876190476190476,1.0,100.0,0,5.49439340625,36.75,0.3441944444444444,468.559,0.0,0.0,-4.429166666666666,176,6,2025,85
2025-06-26,0.0,0.0,0,0.0,-8.2,2.1,-2.6791666666666667,13.6,6.995833333333334,-2.420283615141143,-6.094818553506265,91.83333333333333,88.5,398.0,73.54166666666667,1028.6083333333333,1020.8,-3.9166666666666665,-8.2,-1.8291666666666666,-3.9,0.4,195.92022227125338,0.9343286296393166,0.0,0.0,0.0,0.0,0.0,0.0,,0.041666666666666664,1,0,25.27,36.75,36.75,40.04,76.65,4.0,83.58,20.258333333333326,10.899999999999977,8.872023809523853,-0.46250000000000013,-0.18291666666666667,1.8291666666666666,1.2374999999999998,0.0,-0.2742986436156439,-0.9616445570534978,-0.2742986436156439,-0.9616445570534978,-2.222627119904616,-5.597075038303253,1.0,1.0,0.0,1.0,0.0,1,0.0,18.375,0.4117777777777778,0.0,-0.0,6.995833333333334,-0.8750000000000002,177,6,2025,86
2025-06-27,0.0,0.0,0,0.0,-3.9,4.5,-0.2916666666666667,4.6,2.4375,1.417187946008381,-0.18548663376461103,88.875,103.875,460.0,71.58333333333333,1032.2124999999999,1030.0,-2.0,-4.6,1.1375,-0.1,2.1,101.07500837750938,0.6705897057752883,0.0,0.0,0.0,0.0,0.0,0.0,,0.0,1,0,0.0,25.27,36.75,40.04,76.65,5.0,83.58,3.604166666666515,27.537499999999795,11.569047619047637,2.966666666666667,0.11374999999999999,0.0,1.7083333333333333,0.6999999999999997,0.9813765460453754,-0.19209392200704614,0.9813765460453754,-0.19209392200704614,1.2595257870149486,-0.16485124575829804,2.0,2.0,0.0,0.6876190476190476,0.0,2,0.0,8.423333333333334,0.4655,0.0,-0.0,4.875,2.3875,178,6,2025,87
2025-06-28,0.0,0.0,0,0.0,-4.2,5.4,-0.37916666666666665,7.5,5.495833333333334,-2.8960078418515276,4.413048122583097,73.20833333333333,126.66666666666667,512.0,20.791666666666668,1027.6499999999999,1026.0,-4.829166666666667,-9.1,1.3833333333333335,0.8,1.9,326.5543299096481,0.9579444477633541,0.0,0.0,0.0,0.0,0.0,0.0,,0.6666666666666666,1,0,0.0,0.0,36.75,40.04,76.65,5.0,83.58,-4.5625,19.29999999999984,7.001190476190459,0.24583333333333357,0.13833333333333336,0.0,4.45,4.8999999999999995,-0.5511460168988619,0.8344088135060173,-0.5511460168988619,0.8344088135060173,-2.120119074222139,3.230718979741042,3.0,3.0,,0.0,0.0,3,0.0,0.0,0.4484722222222222,0.0,-0.0,16.4875,-0.08749999999999997,179,6,2025,88
2025-06-29,0.0,0.0,0,0.0,-5.6,4.6,-1.1375,7.4,3.3541666666666665,-0.8564212690883987,2.1214620185651376,72.70833333333333,126.41666666666667,513.0,17.416666666666668,1025.8708333333334,1024.1,-5.520833333333333,-9.7,0.7999999999999999,0.0,1.7,339.14609191796177,0.46884750851891216,0.0,0.0,0.0,0.0,0.0,0.0,,0.5833333333333334,1,0,0.0,0.0,36.75,39.97,76.65,5.0,83.58,-1.7791666666664696,-2.7374999999999545,5.1458333333332575,-0.5833333333333336,0.07999999999999999,0.0,4.383333333333333,4.1,-0.35598635782981786,0.9344911519319276,-0.35598635782981786,0.9344911519319276,-0.6226896310663564,1.5424796759984019,4.0,4.0,,0.0,0.0,4,0.0,0.0,0.4288611111111111,0.0,-0.0,13.416666666666666,-0.7583333333333333,180,6,2025,89
2025-06-30,0.21000000000000002,0.30000000000000004,2,0.14,-4.8,4.4,-1.1791666666666665,7.1,3.404166666666667,2.7941421544373455,0.7747344842645715,86.75,105.45833333333333,466.0,33.375,1027.6958333333334,1025.7,-3.1833333333333336,-6.0,1.175,0.1,2.2,61.79882795101172,0.8322826932548157,2.6,6.8,7.1,82.0,6.234727148351664,-2.7137912505092308,113.5,0.5416666666666666,1,2,0.21000000000000002,0.21000000000000002,36.96,40.18,76.86,6.0,83.78999999999999,1.8250000000000455,-4.516666666666424,5.544047619047774,0.3750000000000001,0.11750000000000001,0.0,2.0041666666666673,1.2000000000000002,0.8812937853283596,0.47256879281392594,0.917060074385124,-0.39874906892524614,2.423918318974397,0.6720821650995157,0.0,5.0,1.0,0.005681818181818182,1.491,5,0.03554774999999999,0.21000000000000002,0.45725,1.4280000000000002,23.772811354461453,17.020833333333336,-0.04166666666666652,181,6,2025,90
2025-07-01,12.32,23.3,13,1.82,-1.5,2.8,1.0374999999999999,24.7,10.174999999999999,4.557301749784715,-8.294750562327655,93.41666666666667,34.583333333333336,209.0,99.875,1020.4583333333334,1014.3,0.07083333333333337,-3.6,2.35,1.4,3.6,126.22560412120284,0.7517410516341099,1.9923076923076921,16.153846153846153,24.7,98.84615384615384,6.198373051068856,-14.820501137573977,156.2402402844927,0.0,1,13,12.530000000000001,12.530000000000001,37.800000000000004,49.28,89.18,6.0,96.11,-7.237500000000068,-7.191666666666492,-3.9482142857142435,1.175,0.23500000000000001,0.0,0.9666666666666665,2.1,0.8066963039517393,-0.5909662200080501,0.4029025974123822,-0.9152428623039657,4.257279384590555,-7.7486794836410855,0.0,0.0,0.9832402234636871,0.3314814814814815,100.0,6,1.9683523668639065,12.530000000000001,0.39666666666666667,199.01538461538462,0.0,61.05,2.2166666666666663,182,7,2025,91
2025-07-02,13.79,34.0,16,3.08,0.6,3.9,2.225,23.1,18.425,4.806656163899047,-17.686581250811297,100.0,23.625,124.0,100.0,1012.7291666666666,1010.7,2.216666666666667,0.6,3.8958333333333335,3.3,4.5,164.59431659166253,0.9948139870535825,1.7125,18.08125,23.1,100.0,5.220308766881383,-17.204686067940074,163.0123760649784,0.0,0,9,26.11,26.32,26.320000000000004,63.07,102.97,6.0,109.9,-7.7291666666667425,-13.141666666666765,-12.302976190476215,1.5458333333333334,0.38958333333333334,0.0,0.008333333333333304,0.0,0.26565174884117754,-0.9640690578675492,0.2921651331287816,-0.956367886842632,4.806656163899047,-17.686581250811297,0.0,0.0,0.523936170212766,0.9999999999999999,100.0,0,2.21136285131836,26.32,0.43575,249.3404375,0.0,0.0,1.1875000000000002,183,7,2025,92
2025-07-03,2.0300000000000002,6.4,16,0.56,1.0,2.7,1.8625,18.3,12.975,2.411840086156867,-12.626242981427312,98.16666666666667,62.791666666666664,317.0,99.66666666666667,1016.2624999999999,1013.0,1.5999999999999999,0.9,2.566666666666667,1.8,3.6,170.078644075596,0.9899596221078711,1.9937500000000001,13.49375,18.3,97.3125,2.190793903136918,-13.18283545942149,171.80966006336175,0.0,0,9,15.82,28.14,28.350000000000005,65.1,104.44,5.0,111.92999999999999,3.533333333333303,-11.433333333333508,-7.005952380952408,-1.3291666666666666,0.2566666666666667,0.0,0.2625000000000002,0.09999999999999998,0.1722962693049684,-0.9850451743872409,0.14246205549407395,-0.9898002640656364,2.367623017910658,-12.394761860101147,0.0,1.0,0.07213930348258707,0.9925925925925925,37.14900000000001,1,0.3377829056396485,28.14,0.4290833333333333,27.392312500000003,0.0,12.975,-0.36250000000000004,184,7,2025,93
2025-07-04,0.07,0.1,1,0.07,-2.1,5.2,0.7999999999999999,7.3,4.595833333333333,-2.5004872114224406,3.440843468894364,81.45833333333333,127.20833333333333,510.0,17.166666666666668,1019.9375,1017.6,-2.1416666666666666,-5.6,2.5208333333333335,1.6,3.7,321.8237009301016,0.901500680050294,0.6,1.4,1.4,99.0,-1.2887067948334165,0.5470235798849828,293.0,0.8333333333333334,1,1,2.1,15.889999999999999,28.420000000000005,65.17,104.02,5.0,112.0,3.675000000000068,-0.5208333333333712,-1.5773809523809632,-0.04583333333333339,0.2520833333333333,0.0,2.9416666666666664,3.4999999999999996,-0.6180832654720047,0.7861126362955015,-0.9205048534524405,0.3907311284892735,-2.036855207637863,2.8028537423702007,0.0,2.0,0.004405286343612335,0.5591133004926107,0.511,2,0.016162125,15.889999999999999,0.47188888888888886,0.098,0.0,9.191666666666666,-1.0625,185,7,2025,94
2025-07-05,0.0,0.0,0,0.0,-0.8,6.8,3.216666666666667,19.9,9.895833333333334,-5.3060688533283855,8.23997766449833,60.083333333333336,116.25,507.0,62.583333333333336,1020.2583333333333,1017.1,-3.9125,-8.0,4.5625,3.0,8.4,327.5513114832565,0.9911634259572872,0.0,0.0,0.0,0.0,0.0,0.0,,0.3333333333333333,0,0,0.07,2.1,28.420000000000005,65.17,104.02,4.0,112.0,0.32083333333332575,7.529166666666697,-0.20059523809516122,2.0416666666666665,0.45625,0.0,7.129166666666666,7.2,-0.5365440901273665,0.8438722885303181,-0.5365440901273665,0.8438722885303181,-3.1880630360414717,4.950853246752747,1.0,3.0,0.0,0.07389162561576354,0.0,3,0.0,1.05,0.4288888888888889,0.0,-0.0,29.6875,2.416666666666667,186,7,2025,95
2025-07-06,1.6099999999999999,4.8,6,0.42,0.5,7.1,3.0708333333333333,12.1,5.0125,-2.262456048510981,4.0050264386788585,76.0,76.75,412.0,74.0,1016.8208333333333,1015.0,-1.0166666666666666,-5.9,5.429166666666667,3.0,7.6,336.75860242319857,0.8551951260732457,2.4499999999999997,3.4,4.9,91.33333333333333,-0.7220122138272697,2.5432881493858197,353.1212909758835,0.125,0,2,1.6099999999999999,1.68,30.030000000000005,66.78,105.55999999999999,3.0,113.61,-3.4375,0.558333333333394,-2.3452380952381873,0.8666666666666671,0.5429166666666667,0.0,4.0875,6.4,-0.39460590406424345,0.9188504668756724,-0.11976792427304751,0.9928019159506721,-1.7194665968683456,3.0438200933959325,0.0,4.0,0.9583333333333333,0.05594405594405593,19.480999999999998,4,0.2909722812499999,1.68,0.4622777777777778,5.473999999999999,0.0,20.05,-0.14583333333333348,187,7,2025,96
2025-07-07,0.77,1.5,4,0.28,0.3,6.9,2.7624999999999997,11.9,7.183333333333334,-4.6717867202293695,1.0656933737549725,88.91666666666667,126.33333333333333,515.0,55.375,1016.8333333333334,1014.4,0.9083333333333333,-0.2,2.783333333333333,1.6,4.1,275.7696814838597,0.6452884762231003,1.25,4.0,5.2,98.0,-2.251057959699715,3.2301062139411387,323.54808175285393,0.3333333333333333,0,4,2.38,2.38,30.590000000000003,67.55,92.82000000000001,2.0,114.38,0.012500000000045475,-3.1041666666666288,-0.7809523809522716,-2.645833333333334,0.2783333333333333,0.0,1.8541666666666665,0.5,-0.994934044280088,0.10052983404178004,-0.5941479928469947,0.8043557438073576,-4.153997025403948,0.9475790248304631,0.0,5.0,0.3235294117647059,0.07780320366132722,9.163,5,0.16001562500000002,2.38,0.5339444444444444,3.08,0.0,35.91666666666667,-0.30833333333333357,188,7,2025,97
2025-07-08,8.61,13.7,11,1.89,-0.8,2.3,0.9625,42.5,24.458333333333332,-18.96852112954306,15.126688916564385,95.0,43.0,233.0,93.91666666666667,1008.625,1001.9,0.20833333333333334,-3.0,1.675,0.8,2.7,310.0918813617667,0.991762972707694,1.3545454545454545,32.85454545454545,42.5,99.9090909090909,-26.62176599299744,18.850188740813692,304.9063280487974,0.041666666666666664,1,11,9.379999999999999,10.989999999999998,26.880000000000003,64.67999999999999,88.83,2.0,122.99,-8.208333333333371,-11.633333333333326,-7.298809523809609,-1.1083333333333332,0.1675,0.0,0.7541666666666667,2.2,-0.7650126636043906,0.6440152362521524,-0.8200886800566777,0.5722364518648705,-18.020095073065907,14.370354470736165,0.0,6.0,0.7834394904458599,0.4088541666666666,100.0,6,1.0966822949380162,10.989999999999998,0.39644444444444443,282.8776363636363,0.0,146.75,-1.7999999999999998,189,7,2025,98
2025-07-09,0.8400000000000001,1.8,9,0.14,-2.1,0.9,-0.35000000000000003,37.6,19.758333333333333,-15.197859699591975,12.414729435702872,94.33333333333333,83.875,375.0,96.29166666666667,1007.6458333333334,1003.6,-1.1791666666666667,-2.7,-0.5625,-1.6,0.8,311.91781691786946,0.9928189869488158,-0.17777777777777776,23.833333333333332,37.6,99.0,-19.005958560505984,14.19942610214145,309.5403983013404,0.0,1,4,9.45,10.219999999999999,13.930000000000003,40.25,80.99000000000001,3.0,123.83,-0.9791666666666288,-9.174999999999955,-7.551785714285643,-2.2375,-0.05625,0.5625,0.8291666666666666,0.6000000000000001,-0.7441038384453584,0.6680639771839849,-0.7711759034456573,0.6366221217840095,-14.336647649948429,11.711228101013042,0.0,7.0,0.08219178082191783,0.7336683417085424,31.584000000000003,1,0.15005861111111116,10.219999999999999,0.3903611111111111,20.02,0.0,19.758333333333333,-1.3125,190,7,2025,99
2025-07-10,16.38,24.1,19,2.45,-2.1,0.4,-1.0708333333333333,25.3,21.095833333333335,-18.137730497567492,10.15548127014757,97.66666666666667,32.166666666666664,142.0,100.0,1004.4625,999.6,-1.3875,-2.2,-0.6583333333333333,-1.7,0.5,300.11388709171507,0.9848069077853123,-0.9,20.58421052631579,25.0,97.21052631578948,-17.321640280556878,10.537902328611471,302.1091969541995,0.0,0,19,17.22,25.83,28.28,56.629999999999995,96.95,3.0,140.21,-3.183333333333394,-12.370833333333394,-9.049404761904725,-0.09583333333333333,-0.06583333333333333,0.6583333333333333,0.31666666666666665,0.10000000000000009,-0.8650298412562459,0.5017204139121647,-0.8470366118932386,0.5315345502527781,-17.714516785957585,9.918520040510794,0.0,0.0,0.6341463414634146,0.9133663366336633,100.0,0,3.3150668388157887,25.83,0.3558888888888889,337.16936842105264,0.0,0.0,-0.7208333333333332,191,7,2025,100
2025-07-11,0.07,2.7,1,0.07,-1.9,1.8,0.3958333333333333,24.7,22.025000000000002,-19.425809559471244,10.300959007151613,99.625,35.791666666666664,152.0,100.0,1017.9416666666666,1014.5,0.3333333333333333,-2.0,0.4458333333333333,-1.8,1.9,297.8750232619921,0.9983088879877366,-0.9,20.5,20.5,99.0,-17.571929664393302,10.55828053565611,301.0,0.0,0,1,16.45,17.29,28.28,56.699999999999996,97.02,2.0,140.28,13.479166666666629,9.316666666666606,4.714880952380895,1.1041666666666665,0.04458333333333333,0.0,0.0625,0.10000000000000009,-0.8839695290299124,0.46754451311787926,-0.8571673007021123,0.5150380749100542,-19.352962773623226,10.262330410874794,0.0,1.0,0.004048582995951418,0.6113861386138614,1.729,1,0.014187031249999999,17.29,0.39594444444444443,1.435,0.0,22.025000000000002,1.4666666666666666,192,7,2025,101
2025-07-12,0.0,0.2,0,0.0,-2.4,3.3,0.9208333333333334,20.5,11.870833333333332,-9.821142899245759,6.212123660850195,89.66666666666667,124.45833333333333,517.0,56.958333333333336,1024.9624999999999,1021.9,-0.7125,-4.1,0.4375,-0.6,1.7,305.11885214314935,0.9700627287313041,0.0,0.0,0.0,0.0,0.0,0.0,,0.20833333333333334,0,0,0.07,16.45,28.28,56.699999999999996,96.74,2.0,140.28,7.0208333333332575,17.316666666666492,11.063690476190459,-0.008333333333333304,0.04375,0.0,1.6333333333333333,1.6999999999999997,-0.8179604780308872,0.5752744183252742,-0.8179604780308872,0.5752744183252742,-8.806291466323698,5.570204215895675,1.0,2.0,0.0,0.5816831683168316,0.0,2,0.0,8.225,0.45519444444444446,0.0,-0.0,23.741666666666664,0.5250000000000001,193,7,2025,102
2025-07-13,3.0100000000000002,4.7,7,1.12,-1.9,2.2,0.41250000000000003,34.0,22.558333333333334,-17.33616748671943,14.121906178730923,92.04166666666667,75.58333333333333,391.0,95.875,1016.8125,1008.5,-0.7708333333333334,-3.4,1.0708333333333333,0.0,1.9,312.49484844167637,0.984833589458488,1.0142857142857145,31.47142857142857,34.0,100.0,-25.853364705661154,17.885344442629496,304.572357137873,0.0,0,6,3.0100000000000002,3.08,29.68,59.71,99.75,2.0,143.29,-8.149999999999864,12.350000000000023,2.914880952381054,0.6333333333333333,0.10708333333333334,0.0,1.1833333333333333,1.5,-0.7373380772631616,0.6755239150599067,-0.8234102340264638,0.5674465494656603,-15.956497490901343,12.99803781200692,0.0,3.0,0.9772727272727273,0.10377358490566038,100.0,3,0.41017258482142865,3.08,0.4060833333333333,94.72900000000001,0.0,67.675,-0.5083333333333333,194,7,2025,103
2025-07-14,1.12,2.2,2,0.91,-3.3,1.6,-1.0416666666666667,27.1,15.491666666666667,-12.57910442004293,8.243464948482035,95.125,102.54166666666667,437.0,87.33333333333333,1014.0208333333334,1008.9,-1.7541666666666667,-4.0,-1.0999999999999999,-2.1,1.6,305.6021741776863,0.9707982401401226,0.6,26.65,26.7,100.0,-24.786651650042664,9.765128471563198,291.5,0.0,1,2,4.130000000000001,4.130000000000001,30.03,60.62,100.87,3.0,144.41,-2.7916666666666288,-3.920833333333235,0.525000000000091,-2.1708333333333334,-0.10999999999999999,1.0999999999999999,0.7124999999999999,0.7000000000000002,-0.813078670897905,0.5821538241142941,-0.9304175679820247,0.36650122672429686,-11.965873079565835,7.841596032243537,0.0,4.0,0.2711864406779661,0.13752913752913756,30.352000000000004,4,0.1755215,4.130000000000001,0.42100000000000004,29.848000000000003,0.0,61.96666666666667,-1.4541666666666668,195,7,2025,104
2025-07-15,0.6300000000000001,1.5,7,0.14,-3.3,-0.1,-1.7750000000000001,16.4,13.441666666666668,-10.996076029244149,7.54575620213958,96.95833333333333,67.45833333333333,312.0,100.0,1014.1166666666667,1012.2,-2.1875,-3.7,-1.4749999999999999,-2.2,-0.7,304.90713381292426,0.9920638934467919,-1.7571428571428573,13.614285714285714,15.7,96.28571428571429,-11.584627079079306,7.0502249841782625,301.99672674022827,0.0,0,5,1.7500000000000002,4.760000000000001,22.050000000000004,48.93,101.42999999999999,2.0,145.04,0.09583333333330302,-10.84583333333319,-0.16369047619036792,-0.375,-0.1475,1.4749999999999999,0.41249999999999987,0.40000000000000036,-0.820080632478734,0.5722479849097589,-0.8480783686150919,0.5298708150928529,-10.661612050021306,7.316239450991167,0.0,5.0,0.1323529411764706,0.21587301587301586,10.332,5,0.15366218303571433,4.760000000000001,0.3681666666666666,8.577000000000002,0.0,67.20833333333334,-0.7333333333333334,196,7,2025,105
2025-07-16,0.0,0.0,0,0.0,-2.8,3.2,-0.6708333333333334,16.8,12.979166666666666,-10.222003165209365,7.702449306881795,90.58333333333333,111.29166666666667,455.0,81.54166666666667,1019.225,1017.3,-2.1083333333333334,-3.7,-0.6291666666666668,-1.9,1.0,308.28418021118455,0.9831923431915852,0.0,0.0,0.0,0.0,0.0,0.0,,0.0,1,0,0.6300000000000001,1.7500000000000002,21.210000000000004,35.14,101.42999999999999,2.0,145.04,5.1083333333333485,2.4125000000000227,3.2904761904762836,0.8458333333333331,-0.06291666666666668,0.6291666666666668,1.4375,0.9000000000000004,-0.7849474661952378,0.6195623256087123,-0.7849474661952378,0.6195623256087123,-9.259431200485484,6.977135330483759,1.0,6.0,0.0,0.08250825082508251,0.0,6,0.0,0.8750000000000001,0.44725,0.0,-0.0,77.875,1.1041666666666667,197,7,2025,106
2025-07-17,0.0,0.30000000000000004,0,0.0,-4.0,1.7,-0.8208333333333333,16.4,11.6875,-9.171978500014765,6.983316630590598,97.54166666666667,48.916666666666664,186.0,93.45833333333333,1019.2708333333334,1018.0,-1.1708333333333334,-5.0,0.5708333333333333,-0.2,1.3,308.7239872987379,0.9855536468577161,0.0,0.0,0.0,0.0,0.0,0.0,,0.0,1,0,0.0,0.6300000000000001,4.830000000000004,33.11,98.21,3.0,145.04,0.04583333333334849,5.25,1.220833333333303,1.2000000000000002,0.05708333333333333,0.0,0.3500000000000001,1.0,-0.780168576523031,0.625569334451448,-0.780168576523031,0.625569334451448,-8.946500695222737,6.811643430088579,2.0,7.0,0.0,0.13043478260869557,0.0,4,0.0,0.21000000000000005,0.39552777777777776,0.0,-0.0,46.75,-0.1499999999999999,198,7,2025,107
2025-07-18,0.0,0.0,0,0.0,-6.9,5.9,-0.9041666666666667,6.0,2.9416666666666664,-1.2829434946566407,1.8744767833639215,78.04166666666667,140.25,557.0,30.375,1019.5875,1017.7,-4.7124999999999995,-7.5,1.2625,0.0,2.4,319.4150192475425,0.6880165148973383,0.0,0.0,0.0,0.0,0.0,0.0,,0.625,1,0,0.0,0.0,4.760000000000003,33.04,98.21,4.0,145.04,0.31666666666660603,5.470833333333303,1.3023809523808723,0.6916666666666667,0.12625,0.0,3.8083333333333327,0.5999999999999996,-0.6505751630814659,0.7594418721544949,-0.6505751630814659,0.7594418721544949,-1.00123048562162,1.4628729230169273,3.0,8.0,,0.0,0.0,5,0.0,0.0,0.48475,0.0,-0.0,14.708333333333332,-0.08333333333333337,199,7,2025,108
2025-07-19,0.0,0.0,0,0.0,-4.9,4.4,-1.1708333333333334,18.4,14.362499999999999,-10.03585397859401,10.065751827459048,68.625,142.29166666666666,562.0,65.875,1018.225,1015.7,-6.5375000000000005,-9.3,0.15416666666666667,-0.6,1.6,316.99071259948397,0.9881800348458476,0.0,0.0,0.0,0.0,0.0,0.0,,0.20833333333333334,1,0,0.0,0.0,4.760000000000003,33.04,98.21,5.0,145.04,-1.3624999999999545,-1.0,0.9023809523810087,-1.1083333333333334,0.015416666666666667,0.0,5.366666666666667,4.4,-0.6821169004055625,0.731243142997668,-0.6821169004055625,0.731243142997668,-6.887104792810139,6.907622191593772,4.0,9.0,,0.0,0.0,6,0.0,0.0,0.42138888888888887,0.0,-0.0,86.175,-0.2666666666666667,200,7,2025,109
2025-07-20,0.0,0.0,0,0.0,-1.9,6.7,1.4124999999999999,12.4,5.458333333333333,-2.475800131081295,4.059707415700122,78.16666666666667,127.875,537.0,90.04166666666667,1022.4833333333332,1020.8,-2.35,-3.4,1.6333333333333335,0.0,2.9,336.1760086482163,0.6329774311464046,0.0,0.0,0.0,0.0,0.0,0.0,,0.0,1,0,0.0,0.0,1.7500000000000038,31.43,98.21,6.0,145.04,4.258333333333212,3.2124999999998636,4.350595238095252,1.479166666666667,0.16333333333333336,0.0,3.7625,1.5,-0.40392838026932276,0.914790611895969,-0.40392838026932276,0.914790611895969,-1.9352504357952125,3.173337963272262,5.0,10.0,,0.0,0.0,6,0.0,0.0,0.4946944444444445,0.0,-0.0,32.75,2.583333333333333,201,7,2025,110
2025-07-21,0.0,0.0,0,0.0,-4.7,7.4,1.375,15.4,8.795833333333333,-2.852458050766757,8.110702691936659,76.83333333333333,129.70833333333334,533.0,74.41666666666667,1021.7041666666668,1018.0,-2.4833333333333334,-7.5,3.5124999999999997,1.6,5.6,340.4236314875474,0.9740315205346968,0.0,0.0,0.0,0.0,0.0,0.0,,0.125,0,0,0.0,0.0,0.6300000000000037,30.66,98.21,5.0,145.04,-0.7791666666664696,2.116666666666788,2.473809523809564,1.8791666666666662,0.35124999999999995,0.0,3.8583333333333334,2.8,-0.33506299220924773,0.9421957287378168,-0.33506299220924773,0.9421957287378168,-2.191638602339125,6.231723234971332,6.0,11.0,,0.0,0.0,6,0.0,0.0,0.5070277777777777,0.0,-0.0,52.77499999999999,-0.03749999999999987,202,7,2025,111
2025-07-22,5.53,17.1,6,2.45,1.8,6.6,4.420833333333333,31.2,22.645833333333332,-10.832697792115885,19.261388330229686,90.20833333333333,78.25,429.0,98.20833333333333,1011.2541666666666,1007.1,2.9125,1.4,4.845833333333333,1.9,6.2,332.10880009820096,0.9779609594166812,3.0500000000000003,23.666666666666668,31.2,99.66666666666667,-15.993512002102571,17.211539538668408,318.173135350281,0.0,0,4,5.53,5.53,5.530000000000004,27.58,103.74,5.0,150.57,-10.45000000000016,-6.970833333333417,-7.567261904761949,1.3333333333333335,0.4845833333333333,0.0,1.5083333333333333,0.40000000000000013,-0.46779407057060235,0.8838374893265086,-0.666881933214298,0.7451633962778638,-9.771996133304537,17.37537738956136,0.0,12.0,1.0,0.9999999999999993,100.0,0,0.6765897395833336,5.53,0.4995277777777778,130.87666666666667,0.0,0.0,3.0458333333333334,203,7,2025,112
2025-07-23,1.8900000000000001,2.9,19,0.28,-2.5,1.3,-0.7374999999999999,31.9,18.720833333333335,-15.344411898447412,10.638813086320289,94.625,75.91666666666667,353.0,99.91666666666667,1014.8208333333333,1009.3,-1.5374999999999999,-3.2,-1.2541666666666667,-2.4,1.3,304.7020787998112,0.9967268213588802,-0.3526315789473684,19.55263157894737,31.9,93.63157894736842,-15.88071259557131,11.319661524271622,305.6257966365456,0.0,1,19,7.42,7.42,7.4200000000000035,28.63,105.63,5.0,152.46,3.5666666666667197,-7.662499999999909,-3.3714285714286234,-6.1,-0.12541666666666668,1.2541666666666667,0.7999999999999999,0.7000000000000002,-0.8221233859461952,0.5693093520050092,-0.8128385857835363,0.5824889985754416,-14.519649758905864,10.066976882930573,0.0,13.0,0.25471698113207547,0.9999999999999996,60.291000000000004,1,0.36960682609072026,7.42,0.39491666666666664,36.954473684210534,0.0,18.720833333333335,-5.158333333333333,204,7,2025,113
2025-07-24,0.0,0.0,0,0.0,-6.6,1.3,-2.120833333333333,15.1,10.204166666666667,-8.62281312761167,4.911743052940624,92.25,116.83333333333333,478.0,68.91666666666667,1022.4875000000001,1020.1,-3.275,-9.5,-1.5666666666666667,-2.8,-0.1,306.10987252573824,0.9420551656686976,0.0,0.0,0.0,0.0,0.0,0.0,,0.20833333333333334,1,0,1.8900000000000001,7.42,7.4200000000000035,12.25,94.15,5.0,152.46,7.6666666666667425,0.783333333333303,3.8357142857144026,-0.3125,-0.15666666666666668,1.5666666666666667,1.1541666666666668,2.9000000000000004,-0.8078883486110383,0.5893355717912584,-0.8078883486110383,0.5893355717912584,-7.954545110221765,4.531082966337726,1.0,14.0,0.0,0.9999999999999996,0.0,2,0.0,3.71,0.4142777777777778,0.0,-0.0,20.408333333333335,-1.3833333333333333,205,7,2025,114
2025-07-25,0.49000000000000005,0.7000000000000001,5,0.14,-7.2,6.6,0.3458333333333332,22.5,7.941666666666666,-0.14820636575902577,7.673427594115979,50.291666666666664,76.33333333333333,371.0,83.58333333333333,1017.2291666666666,1010.9,-9.0875,-17.9,3.9375,0.2,7.5,354.3795391274295,0.9618782056920004,2.66,15.02,20.5,58.0,-0.2645062521267235,14.628381388747664,355.8075812499537,0.08333333333333333,0,5,0.49000000000000005,2.3800000000000003,7.910000000000004,12.67,69.36999999999999,4.0,152.95,-5.258333333333439,5.975000000000023,-1.085714285714289,5.504166666666666,0.39375,0.0,9.433333333333334,10.7,-0.09793829878228655,0.9951924887335272,-0.0731062340561743,0.9973241592090928,-0.07453545144631005,3.8590946275408275,0.0,15.0,0.20588235294117646,0.3008849557522123,11.025,3,0.07303345875000006,2.3800000000000003,0.36519444444444443,7.359800000000001,0.0,23.825,2.4666666666666663,206,7,2025,115
2025-07-26,14.280000000000001,24.3,21,2.1,1.5,4.4,2.1625,28.3,16.083333333333332,-7.698432441083557,12.628267057450921,93.375,37.25,166.0,100.0,1005.4166666666666,1002.0,1.0583333333333333,-6.0,3.0833333333333335,1.7,6.9,323.73848352619143,0.9185152672244344,2.0571428571428574,16.01904761904762,28.3,92.95238095238095,-7.205960893137436,12.6924030987954,324.69078627977535,0.0,0,13,14.770000000000001,14.770000000000001,22.190000000000005,26.950000000000003,83.65,3.0,167.23,-11.8125,-9.404166666666697,-11.068452380952408,-0.8541666666666665,0.30833333333333335,0.0,1.1041666666666667,7.5,-0.5914717320945847,0.8063257345099633,-0.577988859796623,0.8160446543854079,-7.1884112918617715,11.791644364894799,0.0,0.0,0.966824644549763,0.6656151419558359,100.0,0,2.267804857142858,14.770000000000001,0.4338611111111111,228.752,0.0,0.0,1.8166666666666669,207,7,2025,116
2025-07-27,17.92,27.1,24,1.33,0.7,2.1,1.4625000000000001,20.4,12.0,-9.65322541692292,7.055571460536968,98.41666666666667,31.958333333333332,141.0,100.0,1002.475,1001.6,1.2166666666666666,0.6,2.05,1.3,3.3,307.289264540941,0.9960777945333156,1.4625000000000001,12.0,20.4,98.41666666666667,-9.65322541692292,7.055571460536968,307.289264540941,0.0,0,24,32.2,32.690000000000005,40.11000000000001,41.86000000000001,101.57000000000001,2.0,185.15,-2.941666666666606,-20.012500000000045,-11.15178571428578,-1.0333333333333337,0.205,0.0,0.24583333333333357,0.09999999999999998,-0.7955870103964027,0.6058393424733278,-0.7955870103964027,0.6058393424733278,-9.500382681154974,6.943858245745133,0.0,0.0,0.5481798715203425,0.8150087260034904,100.0,0,3.2510800000000013,32.690000000000005,0.3960277777777778,215.04000000000002,0.0,0.0,-0.7,208,7,2025,117
2025-07-28,8.33,13.0,23,0.98,0.9,1.9,1.3291666666666666,25.1,21.3125,-19.789818860201674,7.558467724754133,99.83333333333333,47.0,216.0,100.0,1006.5541666666667,1002.1,1.3,0.9,1.575,0.8,2.2,290.46512279475525,0.9937432665568136,1.3391304347826087,21.430434782608696,25.1,99.82608695652173,-19.859222055269193,7.718959475864733,290.8340629890925,0.0,0,22,26.25,40.53,48.440000000000005,49.07,109.89999999999999,2.0,193.48,4.0791666666666515,-10.674999999999955,-4.908333333333189,-0.47499999999999987,0.1575,0.0,0.029166666666666563,0.0,-0.9368851946572292,0.3496371433816575,-0.9346143960979495,0.3556626640602935,-19.756835828768004,7.545870278546209,0.0,1.0,0.20552677029360966,0.8367052023121386,100.0,1,1.3204699465973537,40.53,0.40633333333333327,178.51552173913043,0.0,21.3125,-0.13333333333333353,209,7,2025,118
2025-07-29,0.0,0.1,0,0.0,-4.1,3.0,0.025000000000000022,20.6,10.9,-10.111812399371468,3.5251241110466327,92.375,102.5,435.0,96.75,1015.0541666666667,1011.8,-1.1833333333333333,-4.4,0.4166666666666667,-0.5,1.2,298.4885837969398,0.9137288019647941,0.0,0.0,0.0,0.0,0.0,0.0,,0.0,1,0,8.33,26.25,42.910000000000004,48.440000000000005,109.9,3.0,193.48,8.5,9.637500000000045,3.0488095238096093,-1.1583333333333332,0.04166666666666667,0.0,1.2083333333333335,0.3000000000000007,-0.8789121692576602,0.4769836461879946,-0.8789121692576602,0.4769836461879946,-9.340786703919393,3.256333397579327,1.0,2.0,0.0,0.6117455138662315,0.0,2,0.0,13.125,0.4429166666666666,0.0,-0.0,21.8,-1.3041666666666667,210,7,2025,119
2025-07-30,0.77,1.1,9,0.14,-3.4,1.6,-0.7791666666666667,16.1,8.475,6.761234932709924,-4.093490315102239,93.04166666666667,94.95833333333333,455.0,94.91666666666667,1019.4291666666667,1017.7,-1.8250000000000002,-4.2,0.4583333333333333,-0.4,1.6,104.59226581940337,0.7889974212570274,0.3666666666666667,12.444444444444445,15.0,95.33333333333333,9.454964994946511,-7.988777884908059,129.8938433269669,0.0,1,9,0.77,9.1,41.790000000000006,49.21000000000001,110.46,3.0,194.25,4.375,16.95416666666665,6.765476190476193,0.04166666666666663,0.04583333333333333,0.0,1.0458333333333334,0.8000000000000003,0.9677431877307041,-0.2519387278701216,0.7672340738530423,-0.6413671927366292,6.290765668642192,-3.808651614009708,0.0,3.0,0.08461538461538462,0.2177554438860971,12.397000000000002,3,0.1565951851851852,9.1,0.409,9.582222222222223,118.83307103800738,25.424999999999997,-0.8041666666666667,211,7,2025,120
2025-07-31,1.4000000000000001,2.1,13,0.28,-1.7,1.3,-0.22916666666666666,15.8,13.091666666666667,8.233183852051093,-9.815015492808316,96.08333333333333,90.54166666666667,401.0,96.375,1025.5541666666666,1023.5,-0.8041666666666667,-1.8,0.4083333333333334,-0.5,1.1,139.2826500024235,0.9767218774415414,0.2923076923076923,13.915384615384616,15.8,93.46153846153847,8.492558516278427,-10.730305972776922,141.04975260575833,0.0,1,9,2.17,2.17,43.190000000000005,50.61000000000001,99.53999999999999,3.0,195.65,6.124999999999886,18.999999999999886,12.45238095238085,-0.04999999999999993,0.04083333333333334,0.0,0.5750000000000001,0.10000000000000009,0.6523279480620724,-0.7579368365352922,0.6286453216779279,-0.7776921367305025,7.910717484512425,-9.430594052673323,0.0,4.0,0.6451612903225807,0.05024311183144246,22.120000000000005,4,0.2806689866863906,2.17,0.40952777777777777,19.481538461538463,111.72931094153762,52.36666666666667,0.55,212,7,2025,121
2025-08-01,2.2399999999999998,3.9,6,0.84,-5.8,3.6,-0.2833333333333333,12.6,7.375,6.72767674400648,0.30563849896240997,88.16666666666667,95.66666666666667,416.0,73.83333333333333,1026.7583333333334,1024.9,-2.0791666666666666,-7.7,1.7083333333333333,0.1,3.5,81.2344028979444,0.904076916578869,1.0833333333333333,9.833333333333334,12.6,100.0,9.094768314570324,-3.657899684595707,111.33414421369241,0.08333333333333333,0,6,3.64,4.41,44.940000000000005,52.85000000000001,87.99,3.0,197.89,1.2041666666668789,11.704166666666765,12.295238095238233,1.2999999999999998,0.17083333333333334,0.0,1.7958333333333334,1.9000000000000004,0.9883200626998742,0.15239243309599335,0.9314745902378446,-0.3638063877136292,5.931568329299047,0.2694712765851915,0.0,5.0,0.5079365079365079,0.09813084112149532,28.223999999999997,5,0.4379569444444444,4.41,0.4376666666666667,22.026666666666667,25.54738104716835,36.875,-0.05416666666666667,213,8,2025,122
2025-08-02,0.56,2.3,6,0.14,0.3,2.9,1.3916666666666666,15.9,12.745833333333332,12.092625033398122,-2.8821110821729743,98.5,61.666666666666664,367.0,97.79166666666667,1027.5541666666666,1025.9,1.1666666666666667,0.2,2.275,1.6,3.4,102.23989556658846,0.9696624032981941,2.1999999999999997,14.5,15.9,94.83333333333333,13.614750153067371,-4.908622108978103,109.9960359142492,0.0,0,5,2.8000000000000003,4.2,31.220000000000006,53.410000000000004,86.52,3.0,198.45,0.7958333333331211,8.124999999999886,9.928571428571331,0.5666666666666667,0.22749999999999998,0.0,0.22499999999999987,0.09999999999999998,0.9772685099933881,-0.2120053286483695,0.939716281661574,-0.3419551286062915,11.91123565789715,-2.8388794159403794,0.0,6.0,0.13333333333333333,0.13452914798206275,8.904000000000002,6,0.08940749999999997,4.2,0.43388888888888894,8.120000000000001,0.0,76.475,1.6749999999999998,214,8,2025,123
2025-08-03,0.0,0.0,0,0.0,-2.4,6.5,2.783333333333333,9.8,6.933333333333334,4.55983480205894,4.655706686399931,82.41666666666667,148.375,554.0,41.916666666666664,1026.1666666666667,1024.0,-0.1958333333333333,-7.8,4.395833333333333,2.4,6.3,42.556349458067324,0.9376483551748725,0.0,0.0,0.0,0.0,0.0,0.0,,0.5416666666666666,0,0,0.56,2.8,13.300000000000004,53.410000000000004,86.45,3.0,198.45,-1.387499999999818,0.6125000000001819,5.156547619047728,2.120833333333333,0.4395833333333333,0.0,2.9791666666666665,5.4,0.6763149809208435,0.7366125484826057,0.6763149809208435,0.7366125484826057,3.7580638493635763,3.8370782607079432,1.0,7.0,0.0,0.21052631578947362,0.0,6,0.0,1.4,0.5180833333333333,0.0,-0.0,41.6,1.3916666666666666,215,8,2025,124
2025-08-04,0.0,0.0,0,0.0,-2.9,8.1,2.4499999999999997,18.5,8.458333333333334,-4.961369270572902,6.670322019703545,65.33333333333333,165.45833333333334,600.0,26.375,1020.2541666666666,1015.8,-3.8208333333333333,-12.2,5.0249999999999995,4.0,5.9,324.9434798674393,0.9794742780266121,0.0,0.0,0.0,0.0,0.0,0.0,,0.6666666666666666,0,0,0.0,0.5600000000000005,4.970000000000004,53.410000000000004,86.45,3.0,198.45,-5.912500000000136,-6.504166666666833,-2.7130952380952067,0.6291666666666664,0.5025,0.0,6.270833333333333,9.299999999999999,-0.5743842198412651,0.818585834227139,-0.5743842198412651,0.818585834227139,-3.2414279234409626,4.357943719539649,2.0,8.0,0.0,0.11267605633802817,0.0,3,0.0,0.18666666666666684,0.5080833333333333,0.0,-0.0,25.375,-0.3333333333333335,216,8,2025,125
2025-08-05,0.14,3.1,2,0.07,-0.7,5.0,2.7916666666666665,34.5,18.283333333333335,-13.797393082813917,11.843852718411048,89.75,104.75,523.0,59.5,1016.8375,1013.0,1.1916666666666667,-1.4,2.875,0.2,5.2,311.99323090766364,0.9930976381152365,3.0999999999999996,18.5,21.7,98.5,-14.959815652068036,10.826658744015065,306.5,0.08333333333333333,0,2,0.14,0.14000000000000046,5.110000000000004,48.02,84.98,2.0,198.59,-3.4166666666666288,-10.716666666666583,-6.384523809523898,-2.1499999999999995,0.2875,0.0,1.5999999999999999,0.7,-0.7432238733537541,0.6690428043683326,-0.8038568606172173,0.5948227867513414,-12.38316029182549,10.629857814773915,0.0,9.0,0.9999999999999968,0.02739726027397267,4.83,4,0.018565312500000004,0.14000000000000046,0.4801111111111111,2.5900000000000003,0.0,73.13333333333334,0.3416666666666668,217,8,2025,126
2025-08-06,0.0,0.2,0,0.0,-2.2,3.1,0.3791666666666667,17.0,12.487499999999999,-10.077660711828024,7.101173054815113,95.45833333333333,97.625,486.0,96.0,1023.5666666666666,1021.7,-0.3,-2.5,0.425,-0.7,1.7,307.5460186435625,0.9831817941786557,0.0,0.0,0.0,0.0,0.0,0.0,,0.0,1,0,0.14,0.14000000000000046,4.340000000000003,46.13,84.21,2.0,198.59,6.729166666666629,-2.6000000000001364,-0.2464285714286234,-2.45,0.042499999999999996,0.0,0.6791666666666667,0.2999999999999998,-0.792864141365045,0.6093984356211213,-0.792864141365045,0.6093984356211213,-9.619966954499167,6.778661445242259,1.0,10.0,0.0,0.032258064516129115,0.0,5,0.0,0.07000000000000023,0.45216666666666666,0.0,-0.0,62.43749999999999,-2.4124999999999996,218,8,2025,127
2025-08-07,0.0,0.0,0,0.0,-7.5,6.4,-0.8958333333333334,4.9,2.4291666666666667,-0.1265187154458003,0.6467668398358476,80.79166666666667,169.125,600.0,34.416666666666664,1028.7250000000001,1026.4,-4.25,-10.4,2.154166666666667,0.0,3.6,6.8596196622693935,0.3791996341707596,0.0,0.0,0.0,0.0,0.0,0.0,,0.5833333333333334,1,0,0.0,0.14000000000000046,2.940000000000004,46.13,75.6,2.0,198.59,5.15833333333353,8.47083333333353,4.458928571428714,1.7291666666666667,0.21541666666666667,0.0,3.3541666666666665,2.9000000000000004,0.11943714361710289,0.9928417641923548,0.11943714361710289,0.9928417641923548,-0.10221657885391949,0.5225337093507119,2.0,11.0,0.0,0.047619047619047714,0.0,6,0.0,0.04666666666666682,0.5242777777777778,0.0,-0.0,14.575,-1.2750000000000001,219,8,2025,128
2025-08-08,0.0,0.0,0,0.0,-3.7,6.5,0.37083333333333335,7.6,3.8041666666666667,3.0727931532997843,0.4478063513964738,67.41666666666667,172.25,600.0,24.958333333333332,1032.5375000000001,1030.4,-5.233333333333333,-12.2,3.358333333333333,2.1,4.6,61.95303696525966,0.7118943654542468,0.0,0.0,0.0,0.0,0.0,0.0,,0.625,1,0,0.0,0.0,0.7000000000000036,45.64,74.75999999999999,3.0,198.59,3.8125,15.70000000000016,7.445833333333439,1.2041666666666662,0.3358333333333333,0.0,5.604166666666667,8.5,0.8825624894361089,0.47019512145527215,0.8825624894361089,0.47019512145527215,2.0715747175162713,0.30189611523312276,3.0,12.0,,0.0,0.0,6,0.0,0.0,0.484,0.0,-0.0,22.825,1.2666666666666666,220,8,2025,129
2025-08-09,0.0,0.0,0,0.0,-5.1,5.9,0.12916666666666668,9.3,5.625,4.3522720292040455,2.8968904373337048,80.75,161.0,600.0,15.25,1033.8208333333334,1032.1,-2.9166666666666665,-8.0,3.2458333333333336,2.5,4.5,48.81368762295843,0.9202502116978946,0.0,0.0,0.0,0.0,0.0,0.0,,0.7083333333333334,1,0,0.0,0.0,0.14000000000000357,31.360000000000003,58.379999999999995,4.0,198.59,1.283333333333303,10.254166666666833,7.833928571428714,-0.11249999999999938,0.32458333333333333,0.0,3.0458333333333334,2.9000000000000004,0.752572244441376,0.6585096938515558,0.752572244441376,0.6585096938515558,3.5144596635822665,2.3392390281469666,4.0,13.0,,0.0,0.0,4,0.0,0.0,0.5076111111111111,0.0,-0.0,22.5,-0.24166666666666667,221,8,2025,130
2025-08-10,0.0,0.0,0,0.0,-5.0,5.9,-0.32916666666666666,8.0,4.566666666666666,2.998579567124446,2.445352506581261,76.25,166.45833333333334,600.0,13.0,1030.55,1027.8,-4.179166666666666,-8.9,3.154166666666667,2.2,4.5,45.669153450835644,0.8597709840069967,0.0,0.0,0.0,0.0,0.0,0.0,,0.7916666666666666,1,0,0.0,0.0,0.14000000000000357,13.44,58.31,5.0,198.59,-3.270833333333485,1.824999999999818,3.9369047619047706,-0.09166666666666679,0.3154166666666667,0.0,3.8499999999999996,3.9000000000000004,0.7153166214782416,0.6988004944452701,0.7153166214782416,0.6988004944452701,2.28641691993239,1.8645812862682114,5.0,14.0,,0.0,0.0,5,0.0,0.0,0.49625,0.0,-0.0,22.833333333333332,-0.45833333333333337,222,8,2025,131
2025-08-11,0.0,0.0,0,0.0,-4.8,5.5,-0.725,6.7,3.329166666666667,1.9955165807162387,1.0442135580257093,76.83333333333333,170.08333333333334,600.0,13.583333333333334,1028.4208333333333,1026.3,-4.454166666666667,-8.1,2.6666666666666665,1.8,4.1,39.97266918248555,0.7190130446004067,0.0,0.0,0.0,0.0,0.0,0.0,,0.7916666666666666,1,0,0.0,0.0,0.14000000000000357,5.11,58.31,6.0,198.59,-2.129166666666606,-4.116666666666788,0.6410714285714221,-0.48750000000000027,0.26666666666666666,0.0,3.7291666666666665,3.3,0.6424221236014298,0.7663509738412481,0.6424221236014298,0.7663509738412481,1.5332219061836434,0.8023040837497533,6.0,15.0,,0.0,0.0,6,0.0,0.0,0.49172222222222217,0.0,-0.0,19.975,-0.3958333333333333,223,8,2025,132
2025-08-12,0.0,0.0,0,0.0,-4.0,6.3,0.5041666666666667,6.8,3.595833333333333,-2.197097381357585,2.407156360971884,66.33333333333333,172.5,600.0,45.5,1025.9375,1023.2,-5.3,-11.3,2.183333333333333,1.6,2.8,321.64634742362125,0.9074117603625673,0.0,0.0,0.0,0.0,0.0,0.0,,0.4583333333333333,1,0,0.0,0.0,0.0,5.11,55.3,7.0,198.59,-2.4833333333333485,-7.883333333333439,-3.1422619047621083,-0.4833333333333334,0.21833333333333332,0.0,5.804166666666666,7.300000000000001,-0.6205136356210639,0.7841956567135077,-0.6205136356210639,0.7841956567135077,-1.4574079296338647,1.5967470527780163,7.0,16.0,,,0.0,6,0.0,0.0,0.4761111111111111,0.0,-0.0,21.575,1.2291666666666665,224,8,2025,133
2025-08-13,0.35000000000000003,2.0,4,0.14,-0.2,4.3,2.0166666666666666,7.3,3.5708333333333333,0.32739294543146563,-0.9424249528433858,88.875,53.291666666666664,341.0,99.95833333333333,1027.0458333333333,1025.5,0.32083333333333336,-3.8,2.441666666666667,1.2,3.4,167.82926397057773,0.14379970166235498,2.55,3.6,4.0,79.75,-0.7641440261622287,-0.16163832331589634,254.4803173227541,0.0,0,2,0.35000000000000003,0.3500000000000005,0.3500000000000036,4.6899999999999995,54.53,6.0,198.94,1.1083333333333485,-3.504166666666606,-2.5309523809523853,0.25833333333333375,0.2441666666666667,0.0,1.6958333333333333,3.5999999999999996,0.21082555116592833,-0.977523701490446,-0.9635385926133243,-0.26756939388639756,0.29097048025221506,-0.8375801768395591,0.0,17.0,0.9999999999999988,0.9999999999999911,2.555,0,0.062254062500000006,0.3500000000000005,0.42733333333333334,1.2600000000000002,0.035829828335024176,0.0,1.5125,225,8,2025,134
2025-08-14,0.0,0.0,0,0.0,-4.2,6.5,1.2833333333333334,11.4,4.804166666666666,1.6482438785287554,1.9352003126968704,82.91666666666667,161.75,581.0,24.625,1027.525,1024.9,-1.4375,-5.8,2.908333333333333,0.7,5.2,65.37614598766193,0.6290801312701296,0.0,0.0,0.0,0.0,0.0,0.0,,0.5833333333333334,0,0,0.35000000000000003,0.3500000000000005,0.3500000000000036,3.2900000000000005,53.9,5.0,198.94,0.47916666666674246,-0.8958333333332575,-1.880357142857065,0.46666666666666634,0.29083333333333333,0.0,2.720833333333333,1.5999999999999996,0.9090627196309614,0.41665929940079344,0.9090627196309614,0.41665929940079344,1.3666688826134266,1.604603592611155,1.0,18.0,0.0,0.9999999999999911,0.0,1,0.0,0.17500000000000024,0.5286666666666667,0.0,-0.0,4.804166666666666,-0.7333333333333332,226,8,2025,135
2025-08-15,1.19,2.2,3,0.63,0.8,5.0,2.3958333333333335,21.1,16.533333333333335,-12.371862604639238,10.691668787611102,86.83333333333333,109.79166666666667,432.0,86.91666666666667,1018.4083333333333,1013.5,0.35833333333333334,-2.0,2.345833333333333,1.6,2.9,311.6875554275166,0.986748451901629,2.033333333333333,14.233333333333334,17.3,99.0,-12.343239021286443,7.038764236129686,299.33387178440324,0.08333333333333333,0,3,1.19,1.5400000000000005,1.5400000000000036,2.24,55.089999999999996,4.0,200.13,-9.116666666666788,-7.529166666666697,-8.978571428571513,-0.5625,0.2345833333333333,0.0,2.0375,2.8,-0.746782651883513,0.6650681700741872,-0.8717798098000904,0.4898979110232235,-10.742900695028403,9.283932397242307,0.0,19.0,0.7727272727272725,0.999999999999998,25.109,0,0.19484060069444448,1.5400000000000005,0.47375000000000006,16.93766666666667,0.0,0.0,1.1125,227,8,2025,136
2025-08-16,3.99,6.3,16,0.77,-3.8,1.7,-0.5458333333333333,16.2,12.237499999999999,-10.882409792364747,5.460853866538083,94.125,114.45833333333333,502.0,99.0,1014.8666666666667,1012.2,-1.4000000000000001,-4.2,-0.9583333333333334,-2.8,1.9,296.75096889873095,0.9945351368671564,0.21875,12.78125,16.2,94.25,-11.5490288631647,5.3474074307845285,294.56109419127864,0.0,1,8,5.18,5.180000000000001,5.530000000000004,5.67,59.08,4.0,204.12,-3.5416666666666288,-12.179166666666674,-9.812499999999886,-3.3041666666666667,-0.09583333333333334,0.9583333333333334,0.8541666666666669,0.40000000000000036,-0.892971331905935,0.4501135416693664,-0.9095185684096381,0.41566329368622673,-10.24306821706332,5.140028701878971,0.0,20.0,0.7702702702702702,0.9367088607594931,64.638,0,0.8197996124267578,5.180000000000001,0.42783333333333334,50.9971875,0.0,0.0,-2.941666666666667,228,8,2025,137
2025-08-17,0.77,1.1,5,0.28,-4.5,1.4,-1.8791666666666667,13.0,7.645833333333333,-6.980835037607407,2.1918276575546103,89.58333333333333,139.16666666666666,494.0,83.45833333333333,1020.9958333333334,1018.9,-3.475,-5.1,-2.4250000000000003,-3.6,-1.1,285.2872700982819,0.8318115198504987,-0.56,4.26,8.1,88.2,-4.206078786874407,-0.04830777741472571,278.09175405426953,0.041666666666666664,1,5,4.76,5.950000000000001,6.300000000000004,6.44,59.85,4.0,204.89,6.12916666666672,-6.529166666666697,-2.3184523809522943,-1.4666666666666668,-0.24250000000000002,2.4250000000000003,1.5958333333333334,0.5999999999999996,-0.9646160216212053,0.26365873934250394,-0.9900439258142035,0.1407587473601549,-6.253664721189969,1.9635122765593382,0.0,21.0,0.12941176470588234,0.944444444444444,10.01,1,0.19245534,5.950000000000001,0.42249999999999993,3.2802,1.3323888858199149,7.645833333333333,-1.3333333333333335,229,8,2025,138
2025-08-18,0.0,0.0,0,0.0,-6.7,3.7,-2.8874999999999997,7.9,4.179166666666666,3.1793074367613907,-0.6090416759657714,81.375,184.91666666666666,600.0,30.208333333333332,1029.3291666666667,1025.4,-6.008333333333333,-8.6,-0.39999999999999997,-1.8,1.2,102.94827472245052,0.5902137541431044,0.0,0.0,0.0,0.0,0.0,0.0,,0.6666666666666666,1,0,0.77,4.760000000000002,6.300000000000004,6.44,59.85,4.0,204.89,8.333333333333258,10.920833333333348,5.885119047619014,2.0250000000000004,-0.039999999999999994,0.39999999999999997,3.120833333333333,1.8999999999999995,0.9745727482022882,-0.22407132449610603,0.9745727482022882,-0.22407132449610603,2.5871614266645815,-0.4956076638171465,1.0,22.0,0.0,0.7555555555555553,0.0,2,0.0,2.380000000000001,0.47675,0.0,-0.0,8.358333333333333,-1.008333333333333,230,8,2025,139
2025-08-19,0.0,0.0,0,0.0,-7.5,6.2,-0.6791666666666667,7.0,4.3625,2.6336106225149245,2.5004084226078462,62.166666666666664,195.5,600.0,0.875,1031.7250000000001,1029.9,-7.445833333333333,-15.6,2.3041666666666667,0.6,4.6,43.922521927902366,0.8262952692260574,0.0,0.0,0.0,0.0,0.0,0.0,,1.0,1,0,0.0,0.7700000000000005,6.300000000000004,6.300000000000001,59.85,4.0,204.89,2.395833333333485,16.858333333333462,7.4541666666666515,2.7041666666666666,0.23041666666666666,0.0,6.766666666666666,8.1,0.693685010223558,0.720278492384121,0.693685010223558,0.720278492384121,1.637227936996778,1.5544205693878776,2.0,23.0,0.0,0.12222222222222222,0.0,3,0.0,0.2566666666666668,0.47533333333333333,0.0,-0.0,13.087499999999999,2.208333333333333,231,8,2025,140
2025-08-20,0.35000000000000003,1.1,2,0.28,-4.4,5.9,1.375,10.2,6.916666666666667,4.47862153249418,4.474253621213035,84.83333333333333,169.58333333333334,600.0,48.5,1032.3583333333333,1030.4,-1.0708333333333333,-7.0,3.641666666666667,2.8,5.6,40.167106991995745,0.9121450385710972,5.85,7.5,7.7,65.5,6.5504325530919,3.6150127855065417,61.00000000000001,0.3333333333333333,0,2,0.35000000000000003,0.3500000000000005,6.300000000000004,6.65,60.2,4.0,205.24,0.6333333333332121,11.362499999999955,7.328571428571422,1.3375000000000004,0.3641666666666667,0.0,2.4458333333333333,2.5999999999999996,0.6450190927350032,0.7641664543849811,0.8746197071393959,0.4848096202463369,3.799363933399229,3.795658488662391,0.0,24.0,0.9999999999999988,0.055555555555555594,3.5700000000000003,4,0.03290820312500001,0.3500000000000005,0.5269444444444444,2.6250000000000004,0.0,27.666666666666668,2.0541666666666667,232,8,2025,141
2025-08-21,0.0,0.5,0,0.0,2.5,6.1,3.720833333333333,17.9,11.6,9.279992631894558,6.680182217326988,95.91666666666667,78.95833333333333,407.0,99.75,1029.7541666666666,1027.3,3.1,2.3,5.070833333333334,3.0,7.0,54.3010679923692,0.9858180199723697,0.0,0.0,0.0,0.0,0.0,0.0,,0.0,0,0,0.35000000000000003,0.3500000000000005,6.300000000000004,6.65,54.67,4.0,205.24,-2.6041666666667425,0.4249999999999545,4.405952380952385,1.4291666666666667,0.5070833333333333,0.0,0.6208333333333331,0.20000000000000018,0.8120944039491197,0.5835260740314214,0.8120944039491197,0.5835260740314214,8.901059599425531,6.407408110119469,1.0,25.0,0.0,0.055555555555555594,0.0,5,0.0,0.17500000000000024,0.5079166666666667,0.0,-0.0,58.0,2.345833333333333,233,8,2025,142
2025-08-22,0.0,0.0,0,0.0,1.9,9.2,4.954166666666667,11.2,8.029166666666667,-2.1044222451943932,6.543273036488949,84.08333333333333,183.5,600.0,80.79166666666667,1022.9041666666667,1020.7,2.2125,0.4,4.908333333333333,4.3,5.8,336.8131990244994,0.8670467194222616,0.0,0.0,0.0,0.0,0.0,0.0,,0.08333333333333333,0,0,0.0,0.3500000000000005,5.110000000000004,6.65,52.78,4.0,205.24,-6.849999999999909,-8.82083333333344,-3.086309523809632,-0.16250000000000053,0.49083333333333334,0.0,2.7416666666666667,1.5,-0.3937301612079258,0.919226065859308,-0.3937301612079258,0.919226065859308,-1.769468371167619,5.501802078181124,2.0,26.0,0.0,0.06849315068493154,0.0,6,0.0,0.11666666666666682,0.6070555555555556,0.0,-0.0,48.175,1.2333333333333334,234,8,2025,143
2025-08-23,0.0,0.2,0,0.0,1.2,9.4,4.175,13.0,7.308333333333334,-2.963932963397156,-3.631918739294027,82.16666666666667,160.08333333333334,600.0,75.33333333333333,1022.0458333333332,1019.0,0.9125,-2.7,4.070833333333334,2.1,6.0,220.75762845886146,0.5935758846298104,0.0,0.0,0.0,0.0,0.0,0.0,,0.0,0,0,0.0,0.0,1.1200000000000037,6.65,52.78,3.0,205.24,-0.8583333333334622,-10.312500000000114,-4.970238095238187,-0.8374999999999995,0.40708333333333335,0.0,3.2624999999999997,3.9000000000000004,-0.6528606101848321,-0.7574780681109445,-0.6528606101848321,-0.7574780681109445,-2.4353649182579966,-2.984226564119926,3.0,27.0,,0.0,0.0,6,0.0,0.0,0.5895,0.0,-0.0,43.85,-0.7791666666666668,235,8,2025,144
2025-08-24,0.0,0.0,0,0.0,-3.3,4.6,1.4541666666666666,10.7,6.6499999999999995,4.24524309773369,-4.991698595103844,93.33333333333333,124.875,497.0,92.45833333333333,1025.9916666666666,1024.0,0.4583333333333333,-4.8,2.591666666666667,0.7,4.5,136.50734396702495,0.9702156326840792,0.0,0.0,0.0,0.0,0.0,0.0,,0.0,1,0,0.0,0.0,0.3500000000000036,6.65,52.290000000000006,3.0,205.24,3.9458333333333258,-3.7625000000000455,-1.7380952380954113,-1.479166666666667,0.25916666666666666,0.0,0.9958333333333333,1.5,0.6882615941604849,-0.7254625958680903,0.6882615941604849,-0.7254625958680903,3.9622268912181102,-4.658918688763587,4.0,28.0,,0.0,0.0,4,0.0,0.0,0.4965833333333333,0.0,-0.0,26.599999999999998,-2.720833333333333,236,8,2025,145
2025-08-25,0.0,0.0,0,0.0,1.2,12.7,6.041666666666667,10.2,4.241666666666666,-0.867955806139406,2.7922215970768716,81.45833333333333,181.375,600.0,71.95833333333333,1019.4499999999999,1016.3,2.6416666666666666,1.1,6.7749999999999995,4.7,8.4,345.8469118294758,0.5573633751675421,0.0,0.0,0.0,0.0,0.0,0.0,,0.125,0,0,0.0,0.0,0.3500000000000036,6.65,38.010000000000005,2.0,205.24,-6.541666666666629,-3.454166666666765,-6.86845238095259,4.183333333333333,0.6775,0.0,3.4000000000000004,0.09999999999999987,-0.24451355496577787,0.9696458742437868,-0.24451355496577787,0.9696458742437868,-0.7070223337510577,2.2744971759522015,5.0,29.0,,0.0,0.0,5,0.0,0.0,0.6746666666666666,0.0,-0.0,21.208333333333332,4.5875,237,8,2025,146
2025-08-26,0.35,8.5,1,0.35,3.8,10.2,6.629166666666666,29.3,18.179166666666667,-13.23187457233263,12.289959754733545,71.08333333333333,141.875,586.0,89.33333333333333,1010.6541666666667,1003.8,1.2916666666666667,-2.7,6.8875,5.8,7.8,314.62003889569917,0.9925465055663806,4.7,15.6,15.6,89.0,-10.234520852251915,11.773469451475242,319.0,0.0,0,1,0.35,0.3500000000000004,0.7000000000000035,7.000000000000001,20.44,1.0,205.59,-8.795833333333235,-11.391666666666538,-12.654166666666697,0.11250000000000071,0.68875,0.0,5.3374999999999995,6.5,-0.711780428133224,0.7024020373877659,-0.6560590289905074,0.7547095802227719,-9.405657508499779,8.73611305898976,0.0,30.0,0.9999999999999988,0.4999999999999981,10.254999999999999,6,0.03733187499999998,0.3500000000000004,0.5581944444444443,5.46,0.0,109.075,0.5874999999999995,238,8,2025,147
2025-08-27,12.95,42.4,22,2.17,-0.5,4.6,1.8333333333333333,27.5,21.162499999999998,-18.65431278272819,9.199652524162442,97.66666666666667,59.791666666666664,427.0,99.54166666666667,1000.8000000000001,997.5,1.4791666666666667,-0.6,2.5833333333333335,-0.2,5.6,295.83713786142835,0.9792323888689752,1.5909090909090908,21.15909090909091,27.5,97.5,-18.95134465008736,8.71030881406715,294.22765028601395,0.0,0,22,13.299999999999999,13.299999999999999,13.300000000000002,19.6,25.060000000000002,1.0,218.54,-9.854166666666629,-25.191666666666492,-18.0,-4.304166666666667,0.25833333333333336,0.0,0.3541666666666665,0.09999999999999998,-0.9000364750886737,0.4358145746873953,-0.9119221858130164,0.4103631647967569,-18.219045484464534,8.98499396526532,0.0,0.0,0.9736842105263158,0.9999999999999998,100.0,0,2.0023878970816114,13.299999999999999,0.4676388888888889,274.01022727272726,0.0,0.0,-4.795833333333333,239,8,2025,148
2025-08-28,15.33,23.7,24,1.26,-1.0,0.2,-0.3875,30.5,25.224999999999998,-21.84363313892783,12.561988384930862,98.83333333333333,39.041666666666664,171.0,100.0,1004.775,1003.0,-0.5625,-1.2,0.02083333333333333,-0.6,0.7,299.8325975167534,0.9989641420771531,-0.3875,25.224999999999998,30.5,98.83333333333333,-21.84363313892783,12.561988384930862,299.8325975167534,0.0,1,24,28.28,28.63,28.630000000000003,34.93,40.39,2.0,233.87,3.974999999999909,-14.674999999999955,-10.456547619047683,-2.5625,0.002083333333333333,0.0,0.175,0.19999999999999996,-0.8674825675612509,0.4974675818355804,-0.8674825675612509,0.4974675818355804,-21.588790752307006,12.415431853773335,0.0,0.0,0.5354523227383863,0.9999999999999999,100.0,0,2.725747356445312,28.63,0.35991666666666666,386.69924999999995,0.0,0.0,-2.220833333333333,240,8,2025,149
2025-08-29,14.07,21.2,23,3.92,-2.3,2.1,-0.03749999999999998,37.3,27.233333333333334,-21.99363929852987,15.428080932875718,97.08333333333333,77.41666666666667,552.0,99.79166666666667,1003.6708333333332,999.4,-0.4666666666666666,-2.9,0.09999999999999998,-2.7,2.2,306.1240723855863,0.9814245741482521,-0.04347826086956521,26.79565217391304,36.7,96.95652173913044,-21.574571703394874,15.239476253613859,306.30674466512795,0.0,1,15,29.4,42.349999999999994,42.7,47.81,53.69,3.0,247.94,-1.1041666666667425,-6.983333333333462,-8.813095238095457,0.07916666666666665,0.009999999999999998,0.0,0.42916666666666664,0.6000000000000001,-0.8077422662281168,0.5895357761397234,-0.8058585868782092,0.592108045845229,-21.35215815232275,14.978095239000174,0.0,0.0,0.33223140495867776,0.9918032786885244,100.0,1,2.3494996626890363,42.349999999999994,0.4218888888888889,377.0148260869565,0.0,27.233333333333334,0.35000000000000003,241,8,2025,150
2025-08-30,6.51,9.8,12,1.26,-4.9,1.2,-1.9500000000000002,34.8,17.320833333333333,-14.882525979315048,-0.8999666117057008,89.25,101.5,457.0,91.20833333333333,1014.2166666666667,1000.3,-3.6166666666666667,-5.3,-1.7666666666666666,-2.8,0.0,261.77617832783545,0.8881699349890737,-2.4833333333333334,21.900000000000002,34.8,95.41666666666667,-18.66189844557054,3.5847103195891585,275.7497003298201,0.0,1,12,20.58,35.910000000000004,49.21,50.33,58.8,4.0,254.45,10.545833333333462,13.416666666666629,2.8511904761904816,-1.8666666666666667,-0.17666666666666667,1.7666666666666666,1.6666666666666665,0.39999999999999947,-0.9897168450135847,-0.14304043727686216,-0.9949690422440396,0.10018285769520975,-13.28265443653868,-0.803220200947338,0.0,1.0,0.1812865497076023,0.7297297297297298,100.0,2,1.4754948906250003,35.910000000000004,0.3918333333333333,142.56900000000002,0.0,34.641666666666666,-1.9125,242,8,2025,151
2025-08-31,0.0,0.0,0,0.0,-2.8,5.5,0.8791666666666668,12.8,10.1875,-8.289771913329396,5.494250015030457,85.625,206.91666666666666,600.0,43.625,1025.3916666666667,1024.3,-1.5333333333333332,-3.6,0.6291666666666667,-0.2,1.6,303.54333988203484,0.9753776581122573,0.0,0.0,0.0,0.0,0.0,0.0,,0.25,1,0,6.51,20.58,49.21,49.559999999999995,56.56,4.0,254.45,11.174999999999955,20.616666666666674,14.111904761904839,2.395833333333333,0.06291666666666666,0.0,2.4125,0.8000000000000003,-0.8334680853590737,0.5525675982971494,-0.8334680853590737,0.5525675982971494,-7.0981172007882956,4.704451575369829,1.0,2.0,0.0,0.41820768136557607,0.0,3,0.0,10.29,0.5455833333333333,0.0,-0.0,30.5625,2.829166666666667,243,8,2025,152
2025-09-01,0.0,0.0,0,0.0,-2.9,6.8,0.9874999999999999,11.1,5.733333333333333,-3.3114695764430238,2.7740090821864154,81.45833333333333,199.29166666666666,600.0,52.083333333333336,1024.5041666666666,1021.9,-2.1999999999999997,-3.5,1.3333333333333333,0.0,2.8,309.8963750586143,0.6512922178888788,0.0,0.0,0.0,0.0,0.0,0.0,,0.041666666666666664,1,0,0.0,6.51,49.21,49.559999999999995,56.0,5.0,254.45,-0.8875000000000455,20.83333333333337,12.502380952380918,0.7041666666666666,0.13333333333333333,0.0,3.1874999999999996,0.6000000000000001,-0.7672057329778876,0.641401093923188,-0.7672057329778876,0.641401093923188,-2.6974679258108796,2.2596615648643508,2.0,3.0,0.0,0.13229018492176386,0.0,4,0.0,2.17,0.5555,0.0,-0.0,22.933333333333334,0.10833333333333317,244,9,2025,153
2025-09-02,0.0,0.0,0,0.0,-3.9,5.2,0.37916666666666665,18.7,10.208333333333334,-6.951519565576802,7.088093694049188,81.45833333333333,204.66666666666666,600.0,68.25,1023.1708333333332,1021.6,-2.8249999999999997,-6.1,1.1708333333333334,0.4,2.4,324.85685998735704,0.9243465402117306,0.0,0.0,0.0,0.0,0.0,0.0,,0.0,1,0,0.0,0.0,48.86,49.559999999999995,56.0,6.0,254.45,-1.3333333333333712,8.954166666666538,9.380952380952294,-0.16249999999999987,0.11708333333333334,0.0,3.2041666666666666,2.1999999999999997,-0.5756211027667204,0.8177165438277647,-0.5756211027667204,0.8177165438277647,-5.662591979459436,5.7738429882775675,3.0,4.0,,0.0,0.0,5,0.0,0.0,0.5235277777777778,0.0,-0.0,51.04166666666667,-0.6083333333333333,245,9,2025,154
2025-09-03,0.0,2.0,0,0.0,0.5,4.4,2.8041666666666667,35.6,26.829166666666666,-23.287511127880226,13.252060690823976,88.75,130.58333333333334,596.0,94.625,1018.5791666666668,1015.5,1.0791666666666668,-1.4,2.7375000000000003,0.6,5.7,299.7483671530571,0.9984499089087597,0.0,0.0,0.0,0.0,0.0,0.0,,0.0,0,0,0.0,0.0,35.910000000000004,49.21,56.0,6.0,254.45,-4.59166666666647,-6.812499999999886,2.249404761904998,1.5666666666666669,0.27375000000000005,0.0,1.7249999999999999,1.9,-0.8682129555900674,0.49619176106174895,-0.8682129555900674,0.49619176106174895,-20.6676661259937,11.76120386310628,4.0,5.0,,0.0,0.0,6,0.0,0.0,0.48066666666666663,0.0,-0.0,160.975,2.425,246,9,2025,155
2025-09-04,2.38,3.5,12,0.49,-0.8,3.7,1.7041666666666666,32.7,22.02916666666667,-18.07121446028311,12.552983649980268,95.04166666666667,75.70833333333333,312.0,94.83333333333333,1018.5291666666667,1015.0,0.9458333333333333,-0.9,1.7125000000000001,0.0,4.2,304.4585158606474,0.998731599526575,1.575,18.825,24.7,94.58333333333333,-15.48764077584844,10.648879568102897,304.0001778515093,0.0,0,12,2.38,2.38,22.960000000000004,51.59,58.24,5.0,256.83,-0.05000000000006821,-5.974999999999909,0.23452380952380736,-1.0250000000000001,0.17125,0.0,0.7583333333333333,0.09999999999999998,-0.8245360704090998,0.5658093924585559,-0.8290358367634778,0.5591954768789534,-17.175183409960738,11.930564877335414,0.0,6.0,1.0,0.10365853658536583,77.82600000000001,6,0.38332828515625006,2.38,0.4495,44.8035,0.0,132.175,-1.1,247,9,2025,156
2025-09-05,0.0,0.0,0,0.0,-4.9,7.4,0.3791666666666666,14.7,6.5249999999999995,0.00043478945658179113,2.16693031338859,76.54166666666667,214.79166666666666,600.0,51.125,1028.0916666666667,1024.2,-3.795833333333333,-7.2,1.7,-1.7,4.9,53.674775733009945,0.33917733205415257,0.0,0.0,0.0,0.0,0.0,0.0,,0.3333333333333333,1,0,2.38,2.38,8.890000000000004,51.59,58.24,5.0,256.83,9.5625,4.920833333333462,6.308333333333508,-0.012500000000000178,0.16999999999999998,0.0,4.175,2.3,0.8056675724195748,0.5923679285305283,0.8056675724195748,0.5923679285305283,0.000332795096558646,1.65860457737285,1.0,7.0,0.0,0.2677165354330707,0.0,6,0.0,1.19,0.5627777777777778,0.0,-0.0,39.15,-1.325,248,9,2025,157
2025-09-06,0.0,0.0,0,0.0,-3.4,9.2,3.3166666666666664,12.8,9.970833333333333,-5.790607971328543,7.6793664936829975,58.875,232.41666666666666,600.0,42.958333333333336,1027.3500000000001,1025.9,-4.425,-9.6,4.7,2.7,7.5,324.57192603484714,0.9637459439627594,0.0,0.0,0.0,0.0,0.0,0.0,,0.4166666666666667,0,0,0.0,2.38,2.3800000000000034,51.59,58.24,4.0,256.83,-0.7416666666665606,8.770833333333371,3.690476190476261,3.0,0.47000000000000003,0.0,7.741666666666666,6.199999999999999,-0.5796805016542307,0.8148438598908992,-0.5796805016542307,0.8148438598908992,-3.4092204431196804,4.521227023155864,2.0,8.0,0.0,0.9999999999999986,0.0,2,0.0,0.7933333333333333,0.5556388888888889,0.0,-0.0,19.941666666666666,2.9375,249,9,2025,158
2025-09-07,0.0,1.7,0,0.0,2.9,11.0,7.829166666666667,39.5,23.883333333333336,-17.174853373891068,16.45054064277241,78.125,158.91666666666666,592.0,91.79166666666667,1020.7624999999999,1014.4,4.104166666666667,-1.4,8.0875,7.2,9.4,315.4013780055568,0.9939341893288742,0.0,0.0,0.0,0.0,0.0,0.0,,0.0,0,0,0.0,0.0,2.3800000000000034,51.59,58.24,3.0,256.83,-6.587500000000205,2.233333333333235,-2.23571428571438,3.3875,0.8087500000000001,0.0,3.7249999999999996,4.3,-0.7021359280430004,0.7120429330814221,-0.7021359280430004,0.7120429330814221,-13.417854198352398,12.851984877165943,3.0,9.0,,0.0,0.0,3,0.0,0.0,0.6108055555555555,0.0,-0.0,71.65,4.5125,250,9,2025,159
2025-09-08,0.0,2.1,0,0.0,5.0,10.0,7.329166666666667,37.9,28.895833333333332,-23.385733289010787,16.891532225567286,81.875,167.83333333333334,600.0,53.916666666666664,1014.6958333333333,1013.6,4.220833333333333,-0.5,7.1875,6.2,8.4,305.79113821492155,0.998452699800291,0.0,0.0,0.0,0.0,0.0,0.0,,0.3333333333333333,0,0,0.0,0.0,2.3800000000000034,51.59,58.24,2.0,256.83,-6.066666666666606,-13.395833333333371,-6.90119047619055,-0.9000000000000004,0.71875,0.0,3.1083333333333334,5.5,-0.8111542831279678,0.5848322229179517,-0.8111542831279678,0.5848322229179517,-19.14706913037758,13.829942009683215,4.0,10.0,,0.0,0.0,4,0.0,0.0,0.6070277777777777,0.0,-0.0,115.58333333333333,-0.5,251,9,2025,160
2025-09-09,0.0,0.0,0,0.0,-2.3,8.5,4.075,27.2,17.150000000000002,-14.178977256385188,9.253726855474659,74.91666666666667,237.25,600.0,15.041666666666666,1014.5333333333333,1012.0,-0.44166666666666665,-5.6,4.558333333333334,2.7,6.4,306.06773888608075,0.9772452227191667,0.0,0.0,0.0,0.0,0.0,0.0,,0.75,0,0,0.0,0.0,2.3800000000000034,51.24,58.24,1.0,256.83,-0.16250000000002274,-12.816666666666833,-5.829761904761995,-2.6291666666666664,0.45583333333333337,0.0,4.516666666666667,3.3,-0.8083215102653303,0.5887413150462396,-0.8083215102653303,0.5887413150462396,-10.62241712790857,6.932583702559765,5.0,11.0,,0.0,0.0,5,0.0,0.0,0.5967777777777777,0.0,-0.0,85.75000000000001,-3.2541666666666664,252,9,2025,161
2025-09-10,17.29,25.5,9,2.52,-2.2,6.9,1.2750000000000001,16.3,8.895833333333334,7.64316841674357,-0.7735179462533989,85.5,76.41666666666667,567.0,87.0,1010.1374999999999,1007.4,-1.0374999999999999,-8.4,4.1125,1.7,6.2,77.49421822058298,0.7274372509696583,1.0222222222222221,14.533333333333335,16.3,99.33333333333333,13.643758436403234,-4.259147905099439,107.59385866290555,0.08333333333333333,0,9,17.29,17.29,19.67,55.58,75.53,1.0,274.12,-4.395833333333371,-10.625,-9.019642857143026,-0.44583333333333375,0.41125,0.0,2.3125,6.2,0.9762741609923261,0.21653813192768084,0.9532230723035535,-0.3022677197918665,6.534908996315752,-0.661357844046656,0.0,0.0,1.0,0.879003558718861,100.0,0,3.1756607037037035,17.29,0.48927777777777776,251.28133333333335,0.0,0.0,-2.8,253,9,2025,162
2025-09-11,3.29,5.3,11,1.26,-3.2,4.9,0.6375000000000001,15.7,10.0625,0.2845115566650218,-7.432782770972664,86.79166666666667,130.95833333333334,532.0,72.75,1016.2291666666666,1010.5,-1.5041666666666667,-5.1,1.8458333333333332,1.0,3.0,195.6747881650542,0.6516571614593225,1.3545454545454545,12.163636363636362,15.7,87.36363636363636,3.2684660746458785,-10.68870934463947,168.04007398749908,0.20833333333333334,1,6,20.58,20.58,20.580000000000002,43.54,78.82000000000001,2.0,277.41,6.091666666666697,1.533333333333303,-2.5994047619046796,-2.2666666666666666,0.18458333333333332,0.0,2.1416666666666666,1.8999999999999995,-0.2701768069949166,-0.9628107254087023,0.20722750106407734,-0.978292779694677,0.2469323218888502,-6.451036046640025,0.0,1.0,0.1598639455782313,0.9999999999999998,51.653,1,0.6029708414256196,20.58,0.48550000000000004,40.01836363636363,208.35857415817313,10.0625,-0.6375000000000001,254,9,2025,163
2025-09-12,0.0,0.0,0,0.0,-4.0,7.6,1.4166666666666667,11.3,6.895833333333333,-5.699386261307713,2.836373110612381,73.91666666666667,239.08333333333334,600.0,12.416666666666666,1022.9250000000001,1020.3,-3.3333333333333335,-5.8,2.225,0.7,3.7,294.5395094422647,0.9201738007798225,0.0,0.0,0.0,0.0,0.0,0.0,,0.6666666666666666,1,0,3.29,20.58,20.580000000000002,29.47,78.47000000000001,2.0,277.41,6.695833333333439,8.391666666666765,4.834523809523944,0.3791666666666669,0.2225,0.0,4.75,1.7999999999999998,-0.9096750945944883,0.41532062587175816,-0.9096750945944883,0.41532062587175816,-4.212796344816618,2.0965524575943184,1.0,2.0,0.0,0.9999999999999998,0.0,2,0.0,10.29,0.5746666666666667,0.0,-0.0,13.791666666666666,0.7791666666666667,255,9,2025,164
2025-09-13,0.0,0.0,0,0.0,-1.8,10.6,3.4250000000000003,9.5,4.316666666666666,-2.8983978621291535,2.3626080338533537,71.75,237.0,600.0,19.625,1025.4291666666666,1023.6,-1.7625,-4.2,4.2250000000000005,3.0,5.8,306.8166988141701,0.8693231232220898,0.0,0.0,0.0,0.0,0.0,0.0,,0.7083333333333334,1,0,0.0,3.29,20.580000000000002,22.96,78.47000000000001,3.0,277.41,2.5041666666664923,15.291666666666629,7.613095238095184,2.0000000000000004,0.42250000000000004,0.0,5.1875,2.4000000000000004,-0.8005567519415182,0.5992569456592444,-0.8005567519415182,0.5992569456592444,-2.0796004660776677,1.6951712642897812,2.0,3.0,0.0,0.15986394557823128,0.0,3,0.0,1.0966666666666667,0.6327222222222223,0.0,-0.0,12.95,2.0083333333333337,256,9,2025,165
2025-09-14,0.0,0.0,0,0.0,-1.2,8.4,3.8249999999999997,23.2,13.408333333333333,-9.328440186383988,9.421512780351595,81.54166666666667,220.125,600.0,38.416666666666664,1023.0124999999999,1021.0,0.65,-2.7,3.7458333333333336,1.8,5.6,315.7005425503767,0.9872252030895858,0.0,0.0,0.0,0.0,0.0,0.0,,0.25,0,0,0.0,0.0,20.580000000000002,22.96,77.28,3.0,277.41,-2.4166666666666288,6.783333333333303,4.875,-0.47916666666666696,0.3745833333333334,0.0,3.175,1.5000000000000002,-0.6984085082973381,0.7156993471688282,-0.6984085082973381,0.7156993471688282,-7.60656560198061,7.682458546311697,3.0,4.0,,0.0,0.0,4,0.0,0.0,0.6052222222222222,0.0,-0.0,53.63333333333333,0.39999999999999947,257,9,2025,166
2025-09-15,0.0,0.0,0,0.0,3.4,11.5,7.029166666666666,26.3,22.704166666666666,-17.46617737807564,14.425791837661421,63.75,253.5,600.0,12.583333333333334,1016.975,1013.0,0.11249999999999998,-1.8,6.7749999999999995,4.3,9.9,310.0383063291152,0.9973188541891219,0.0,0.0,0.0,0.0,0.0,0.0,,0.75,0,0,0.0,0.0,20.580000000000002,22.96,73.29,3.0,277.41,-6.037499999999909,-5.9500000000000455,-1.488095238095184,3.029166666666666,0.6775,0.0,6.916666666666666,5.2,-0.7656145224249646,0.6432996215232785,-0.7656145224249646,0.6432996215232785,-11.13468807852322,9.196442296509156,4.0,5.0,,0.0,0.0,5,0.0,0.0,0.6370555555555556,0.0,-0.0,113.52083333333333,3.204166666666666,258,9,2025,167
2025-09-16,1.96,29.0,5,1.12,2.7,9.5,6.654166666666666,48.9,27.90416666666667,-21.19760961446119,17.88258956317782,85.29166666666667,45.958333333333336,287.0,97.04166666666667,1010.8666666666667,1008.1,4.145833333333333,2.6,7.666666666666667,2.7,11.1,309.19665430552186,0.9883961024438684,3.66,14.5,18.5,98.8,-11.45538065323118,8.813272009109758,307.19766288484067,0.0,0,4,1.96,1.96,22.540000000000003,24.92,74.48,3.0,279.37,-6.1083333333333485,-14.562499999999886,-7.072619047619014,0.8916666666666675,0.7666666666666667,0.0,2.508333333333333,0.10000000000000009,-0.7749813937129894,0.6319840499559087,-0.7965545791737779,0.6045666236216531,-18.079794533667524,15.252358681593751,0.0,6.0,1.0,0.08695652173913042,95.844,6,0.25435287500000014,1.96,0.5260555555555556,28.419999999999998,0.0,167.425,-0.375,259,9,2025,168
2025-09-17,0.0,0.7000000000000001,0,0.0,-1.8,4.4,1.4333333333333333,25.5,20.025,-15.911731231403062,11.951540782212204,88.95833333333333,196.5,600.0,69.54166666666667,1018.2708333333334,1013.3,-0.325,-2.5,1.0,-0.4,2.5,308.23143434860344,0.991199946944785,0.0,0.0,0.0,0.0,0.0,0.0,,0.08333333333333333,0,0,1.96,1.96,5.2500000000000036,24.92,74.48,3.0,279.37,7.404166666666697,-4.741666666666561,-0.8303571428571104,-6.666666666666667,0.1,0.0,1.7583333333333333,0.7,-0.7855174957419379,0.6188394491977015,-0.7855174957419379,0.6188394491977015,-14.154810907935639,10.631891487509606,1.0,7.0,0.0,0.3733333333333331,0.0,6,0.0,0.98,0.5253055555555556,0.0,-0.0,120.14999999999999,-5.220833333333332,260,9,2025,169
2025-09-18,0.0,0.0,0,0.0,-4.1,9.5,2.129166666666667,16.6,9.775,-6.478914455034631,7.1500597070110175,70.45833333333333,261.5416666666667,600.0,2.5833333333333335,1023.3000000000001,1020.1,-3.6041666666666665,-7.1,1.3833333333333335,-0.8,4.2,318.5167668645398,0.9861868258944271,0.0,0.0,0.0,0.0,0.0,0.0,,1.0,0,0,0.0,1.96,1.9600000000000035,22.54,74.48,2.0,279.37,5.029166666666697,6.3250000000000455,3.1886904761905726,0.3833333333333335,0.13833333333333336,0.0,5.733333333333333,3.0,-0.6624008476978002,0.7491495958546837,-0.6624008476978002,0.7491495958546837,-4.564935143109817,5.037812901898179,2.0,8.0,0.0,0.9999999999999982,0.0,2,0.0,0.6533333333333333,0.6203333333333333,0.0,-0.0,19.55,0.6958333333333335,261,9,2025,170
2025-09-19,0.77,5.8,2,0.42,0.7,11.0,5.045833333333333,29.0,16.766666666666666,-11.875877574677117,11.712471836670003,78.41666666666667,226.58333333333334,600.0,44.791666666666664,1014.9208333333332,1006.7,1.0583333333333333,-1.4,5.095833333333333,2.2,7.0,314.17573550707107,0.9946011559725406,3.8,17.45,19.3,99.5,-14.528866387643664,9.589030011338693,303.0,0.4583333333333333,0,2,0.77,0.77,2.7300000000000035,23.31,74.89999999999999,1.0,280.14,-8.379166666666833,4.054166666666561,-4.047023809523807,3.7124999999999995,0.5095833333333333,0.0,3.9875,2.0999999999999996,-0.7172057894927812,0.6968614320781689,-0.8386705679454243,0.5446390350150266,-9.312667331475973,9.184529998588728,0.0,9.0,1.0,0.2820512820512817,22.330000000000002,3,0.09331678125000002,0.77,0.6568888888888889,13.4365,0.0,50.3,2.9166666666666665,262,9,2025,171
2025-09-20,1.19,8.8,4,0.63,-1.0,4.8,1.4541666666666666,30.1,22.825,-20.882743865850273,8.913184995688974,86.66666666666667,189.20833333333334,600.0,89.375,1010.7916666666666,1004.3,-0.7333333333333334,-3.8,0.7583333333333333,-1.2,5.7,293.7076546591996,0.9948497915517885,1.9,23.3,25.5,99.75,-21.578028940497425,8.441618591846105,291.4923572205414,0.0,1,3,1.96,1.96,3.9200000000000035,24.5,76.08999999999999,1.0,281.33,-4.129166666666606,-7.4791666666667425,-6.0851190476190595,-4.3375,0.07583333333333334,0.0,2.1875,2.8,-0.915608885344544,0.40207010468091464,-0.9304664479133243,0.3663771135149695,-18.09837801707024,7.724760329597111,0.0,10.0,0.6071428571428571,0.49999999999999956,35.819,4,0.17079103125,1.96,0.5216944444444445,27.727,0.0,91.3,-3.591666666666667,263,9,2025,172
2025-09-21,0.0,3.2,0,0.0,-0.5,3.4,1.9291666666666665,26.4,20.825,-17.59396564234233,11.0389956345453,98.16666666666667,97.75,346.0,100.0,1016.4875000000001,1015.1,1.675,-0.7,1.3708333333333333,-0.2,3.6,301.9584167588365,0.9973811763503037,0.0,0.0,0.0,0.0,0.0,0.0,,0.0,0,0,1.19,1.96,3.9200000000000035,24.5,76.08999999999999,1.0,281.33,5.695833333333439,-6.8125,0.5428571428572013,0.6125,0.13708333333333333,0.0,0.25416666666666643,0.19999999999999996,-0.8484324693497446,0.5293036415452803,-0.8484324693497446,0.5293036415452803,-17.271409605566056,10.836614047911969,1.0,11.0,0.0,0.49999999999999956,0.0,5,0.0,0.98,0.4679444444444445,0.0,-0.0,104.125,0.47499999999999987,264,9,2025,173
2025-09-22,1.8900000000000001,3.8,5,0.63,-3.7,5.3,1.4749999999999999,23.2,14.120833333333332,-11.75889476589257,-1.3636493119888975,80.54166666666667,218.54166666666666,600.0,59.375,1021.6291666666666,1015.8,-2.0500000000000003,-7.8,0.47500000000000003,-1.9,3.5,257.87195073730214,0.8622812178036369,3.8600000000000003,15.780000000000001,16.7,53.0,-11.010551140238643,-11.133531004787617,224.40569636337773,0.16666666666666666,0,5,1.8900000000000001,3.08,5.810000000000004,26.39,77.97999999999999,1.0,283.21999999999997,5.141666666666538,6.708333333333371,5.019642857142799,-0.8958333333333333,0.0475,0.0,3.5250000000000004,4.1,-0.9776805004104342,-0.21009721349223812,-0.6997343701409036,-0.7144031153652068,-9.470809826029308,-1.0983058833643913,0.0,12.0,0.6136363636363636,0.5301204819277104,43.848,6,0.23288981624999996,3.08,0.5319444444444444,29.824200000000005,211.8061494235751,84.725,-0.4541666666666666,265,9,2025,174
2025-09-23,0.0,0.30000000000000004,0,0.0,-3.6,7.9,2.8625000000000003,17.3,10.995833333333332,-7.972259416629597,-1.1625489349302482,88.375,176.125,600.0,88.41666666666667,1026.3958333333333,1024.0,0.9291666666666667,-4.6,1.55,-1.7,4.2,252.60021331905233,0.7367449057463638,0.0,0.0,0.0,0.0,0.0,0.0,,0.0,0,0,1.8900000000000001,1.8900000000000001,3.8500000000000036,26.39,77.97999999999999,1.0,283.21999999999997,4.7666666666666515,15.604166666666629,7.567857142857179,1.075,0.155,0.0,1.9333333333333336,0.9999999999999996,-0.954241441874364,-0.2990372395029334,-0.954241441874364,-0.2990372395029334,-7.045484259446406,-1.0274026212446068,1.0,13.0,0.0,0.49090909090909046,0.0,1,0.0,0.9450000000000001,0.5875555555555556,0.0,-0.0,10.995833333333332,1.3875000000000004,266,9,2025,175
2025-09-24,0.0,0.9,0,0.0,1.6,6.5,3.6125000000000003,20.4,17.158333333333335,-15.037887647696925,8.124213025687375,91.45833333333333,167.54166666666666,600.0,98.875,1020.8083333333334,1019.2,2.1999999999999997,0.3,2.525,1.6,3.4,298.16864630188286,0.9961756529794155,0.0,0.0,0.0,0.0,0.0,0.0,,0.0,0,0,0.0,1.8900000000000001,3.8500000000000036,9.1,77.97999999999999,1.0,283.21999999999997,-5.587499999999864,4.320833333333326,1.6178571428572468,0.9749999999999999,0.2525,0.0,1.4125000000000005,1.3,-0.8815619118139574,0.4720684226242213,-0.8815619118139574,0.4720684226242213,-13.75340141112281,7.430269829743245,2.0,14.0,0.0,0.49090909090909046,0.0,2,0.0,0.63,0.5609999999999999,0.0,-0.0,34.31666666666667,0.75,267,9,2025,176
2025-09-25,0.0,0.6000000000000001,0,0.0,2.0,6.7,3.9458333333333333,29.0,24.7,-21.697594324647067,11.75125665072342,92.125,181.75,600.0,98.75,1015.3375,1012.9,2.658333333333333,1.5,3.0875,2.4,3.7,298.417057200351,0.998960751856009,0.0,0.0,0.0,0.0,0.0,0.0,,0.0,0,0,0.0,0.0,3.8500000000000036,5.8100000000000005,77.63,1.0,283.21999999999997,-5.470833333333417,-6.291666666666629,-2.715476190476238,0.5625,0.30874999999999997,0.0,1.2875,0.5,-0.8795069385123306,0.4758860631586804,-0.8795069385123306,0.4758860631586804,-19.988908771581112,10.825845189478951,3.0,15.0,,0.0,0.0,3,0.0,0.0,0.5771388888888889,0.0,-0.0,74.1,0.33333333333333304,268,9,2025,177
2025-09-26,0.0,0.0,0,0.0,2.9,10.2,6.979166666666667,35.6,28.670833333333334,-25.37206470464376,13.274961569409411,74.125,199.95833333333334,600.0,87.375,1010.725,1007.5,2.2916666666666665,0.4,6.854166666666667,3.0,11.3,297.70910418476876,0.9986368380920277,0.0,0.0,0.0,0.0,0.0,0.0,,0.0,0,0,0.0,0.0,3.0800000000000036,5.8100000000000005,64.67999999999999,1.0,283.21999999999997,-4.6124999999999545,-15.670833333333235,-6.728571428571399,3.766666666666667,0.6854166666666667,0.0,4.6875,2.5,-0.8853197521059166,0.4649827271320068,-0.8853197521059166,0.4649827271320068,-18.807042962317187,9.840065263324727,4.0,16.0,,0.0,0.0,4,0.0,0.0,0.6070555555555556,0.0,-0.0,114.68333333333334,3.0333333333333337,269,9,2025,178
2025-09-27,0.0,0.1,0,0.0,4.2,11.7,8.112499999999999,34.3,25.191666666666666,-20.838963980884998,14.070247005898864,68.41666666666667,278.875,600.0,10.583333333333334,1011.3333333333334,1009.9,2.2416666666666667,-1.8,7.566666666666666,5.2,9.3,304.29400841565837,0.9979786754669011,0.0,0.0,0.0,0.0,0.0,0.0,,0.875,0,0,0.0,0.0,1.8900000000000037,5.8100000000000005,49.35,0.0,283.21999999999997,0.6083333333333485,-9.475000000000023,-6.197619047619128,0.7124999999999995,0.7566666666666666,0.0,5.870833333333332,6.0,-0.8261572195173719,0.5634396583835088,-0.8261572195173719,0.5634396583835088,-14.25732452358882,9.626393993202473,5.0,17.0,,0.0,0.0,5,0.0,0.0,0.6739722222222221,0.0,-0.0,125.95833333333333,1.133333333333332,270,9,2025,179
2025-09-28,2.17,4.7,4,1.19,1.7,10.8,5.983333333333333,19.2,10.795833333333334,-7.748651146347677,6.720718692695507,75.08333333333333,229.83333333333334,600.0,48.208333333333336,1015.1541666666667,1013.0,1.2375,-2.4,4.9750000000000005,3.4,6.6,321.7703811890535,0.8564768865131378,4.05,18.45,19.2,96.25,-13.798763586787738,11.49359926299095,310.25077061856626,0.2916666666666667,0,2,2.17,2.17,4.060000000000004,7.98,37.45,0.0,285.39,3.8208333333333258,-0.18333333333328028,-2.1863095238094274,-2.591666666666666,0.49750000000000005,0.0,4.745833333333334,4.1,-0.6188145581078823,0.7855371045811562,-0.7632237794549975,0.6461342449324516,-5.817945569049381,5.04613961843221,0.0,18.0,1.0,0.5344827586206891,41.663999999999994,0,0.2483446328125001,2.17,0.6435000000000001,40.0365,0.0,0.0,-2.1291666666666655,271,9,2025,180
2025-09-29,0.0,0.0,0,0.0,-0.3,12.9,6.220833333333334,12.2,9.129166666666666,-5.586685757613702,6.569199827968585,65.29166666666667,280.2083333333333,600.0,19.375,1017.4375,1014.2,-0.8125,-3.6,4.8500000000000005,2.1,7.8,321.8997718110637,0.9370197951046985,0.0,0.0,0.0,0.0,0.0,0.0,,0.625,1,0,2.17,2.17,2.1700000000000035,7.98,30.94,1.0,285.39,2.283333333333303,6.712499999999977,0.6958333333333258,-0.125,0.48500000000000004,0.0,7.033333333333334,3.3000000000000003,-0.6170390092212467,0.7869325645182453,-0.6170390092212467,0.7869325645182453,-3.64764024257528,4.289140054344489,1.0,19.0,0.0,0.9999999999999983,0.0,1,0.0,1.085,0.6911111111111111,0.0,-0.0,9.129166666666666,0.2375000000000007,272,9,2025,181
2025-09-30,0.0,0.7999999999999999,0,0.0,3.9,14.2,9.054166666666667,29.1,18.533333333333335,-11.937853830347288,13.57812118606605,66.58333333333333,162.08333333333334,600.0,93.95833333333333,1007.6666666666666,1001.5,2.3874999999999997,-1.9,10.354166666666666,6.3,13.9,321.95181534632167,0.9602542093098613,0.0,0.0,0.0,0.0,0.0,0.0,,0.0,0,0,0.0,2.17,2.1700000000000035,6.02,30.939999999999998,1.0,285.39,-9.770833333333371,-3.6666666666667425,-6.3994047619048615,5.5041666666666655,1.0,0.0,6.666666666666668,5.8,-0.6163239594924415,0.7874927154936479,-0.6163239594924415,0.7874927154936479,-7.948621008706235,9.04076568972231,2.0,20.0,0.0,0.9999999999999983,0.0,2,0.0,0.7233333333333333,0.6455555555555555,0.0,-0.0,37.06666666666667,2.833333333333333,273,9,2025,182
2025-10-01,1.47,2.9,11,0.21,1.7,5.0,2.841666666666667,33.2,23.616666666666664,-19.401172136672724,13.34635251055978,92.91666666666667,120.29166666666667,490.0,96.625,1008.2708333333334,1006.4,1.75,0.0,3.1041666666666665,0.6,5.7,303.7495191440048,0.9968155938390351,2.6636363636363636,25.38181818181818,32.1,91.63636363636364,-20.621577222545184,14.734743809382032,305.3622981317969,0.0,0,11,1.47,1.47,3.6400000000000032,7.49,32.41,1.0,286.86,0.6041666666667425,-6.883333333333326,-4.004166666666606,-7.25,0.3104166666666667,0.0,1.0916666666666668,1.7,-0.8314742749077463,0.5555632548744001,-0.8155087988305707,0.5787446751633398,-18.026922443658407,12.400985874395131,0.0,21.0,1.0,0.40384615384615347,48.804,3,0.1840710309917355,1.47,0.5010277777777777,37.31127272727272,0.0,70.85,-6.2125,274,10,2025,183
2025-10-02,8.19,12.5,17,2.17,-0.0,3.5,1.2583333333333333,28.6,21.695833333333336,-17.92151771051388,11.89417445152725,92.29166666666667,102.08333333333333,434.0,99.375,1010.2916666666666,1006.2,0.06666666666666668,-1.5,1.3291666666666666,-0.7,4.1,303.82406581219357,0.9913844060641178,0.7647058823529411,20.829411764705885,28.6,94.58823529411765,-17.76109198099203,10.623274232865148,301.74593431807733,0.0,0,16,9.66,9.66,11.830000000000002,15.68,40.599999999999994,1.0,295.05,2.0208333333332575,-7.145833333333371,-1.2625000000000455,-1.775,0.13291666666666666,0.0,1.1916666666666667,1.5,-0.8307507364330998,0.5566446028803856,-0.8503895627504622,0.5261535817278807,-16.5400673869951,10.97733183755536,0.0,22.0,0.8478260869565217,0.816568047337278,100.0,0,1.3985903946799305,9.66,0.4534722222222222,170.5928823529412,0.0,0.0,-1.5833333333333335,275,10,2025,184
2025-10-03,0.07,0.7,1,0.07,0.3,5.8,2.9416666666666664,24.8,18.037499999999998,-16.269013976534712,7.454259410737894,94.75,151.16666666666666,543.0,99.83333333333333,1019.25,1015.3,2.15,0.1,2.3333333333333335,0.4,4.1,294.5124481086797,0.9910104059043154,0.7,24.8,24.8,100.0,-22.476433118508915,10.480932891169351,295.0,0.0,0,1,8.26,9.73,11.900000000000004,14.98,40.669999999999995,1.0,295.12,8.958333333333371,11.583333333333371,6.47797619047617,1.0041666666666669,0.23333333333333334,0.0,0.7916666666666665,0.19999999999999998,-0.9098711529473772,0.41489093149189277,-0.9063077870366498,0.4226182617406996,-15.41489074276664,7.062910791674154,0.0,23.0,0.007194244604316547,0.8176470588235292,1.7360000000000002,1,0.011229750000000002,9.73,0.5455,1.7360000000000002,0.0,18.037499999999998,1.6833333333333331,276,10,2025,185
2025-10-04,0.0,0.0,0,0.0,1.3,16.2,8.4125,12.6,9.637500000000001,-7.40770354199071,5.058318847616379,67.75,284.7083333333333,600.0,73.79166666666667,1022.8625000000001,1021.5,1.55,-2.1,7.158333333333334,3.5,9.8,302.9153689173466,0.9275978842861723,0.0,0.0,0.0,0.0,0.0,0.0,,0.20833333333333334,0,0,0.07,8.26,11.900000000000004,13.79,38.29,1.0,295.12,3.612500000000068,14.591666666666697,8.443452380952408,4.825000000000001,0.7158333333333334,0.0,6.8625,3.4000000000000004,-0.8394741341878444,0.543399648536479,-0.8394741341878444,0.543399648536479,-5.018719149698706,3.4270110192600964,1.0,24.0,0.0,0.6941176470588233,0.0,2,0.0,4.13,0.7489722222222222,0.0,-0.0,19.275000000000002,5.470833333333333,277,10,2025,186
2025-10-05,0.0,0.0,0,0.0,5.0,16.5,11.258333333333333,38.7,20.0125,-15.433468169276177,12.517584370232044,49.25,287.4583333333333,600.0,89.0,1017.2875,1009.9,0.5958333333333333,-5.0,10.520833333333334,7.4,15.0,310.44825354976433,0.9915229217863619,0.0,0.0,0.0,0.0,0.0,0.0,,0.0,0,0,0.0,0.07,9.730000000000004,13.79,38.29,1.0,295.12,-5.5750000000000455,6.995833333333394,2.563690476190459,3.3625,1.0,0.0,10.6625,10.0,-0.7609922017626024,0.6487610259999491,-0.7609922017626024,0.6487610259999491,-7.600983073368517,6.164910302339281,2.0,25.0,0.0,0.0071942446043165445,0.0,3,0.0,0.023333333333333334,0.689138888888889,0.0,-0.0,60.037499999999994,2.845833333333333,278,10,2025,187
2025-10-06,0.0,3.3000000000000003,0,0.0,0.6,13.8,6.454166666666667,40.1,22.72083333333333,-19.611303718711262,11.08105195033243,82.54166666666667,73.29166666666667,316.0,91.875,1013.4583333333334,1007.7,3.0041666666666664,-1.6,6.0,1.2,15.0,301.43740659225494,0.988494227196808,0.0,0.0,0.0,0.0,0.0,0.0,,0.041666666666666664,0,0,0.0,0.0,9.730000000000004,11.9,38.29,0.0,295.12,-3.8291666666666515,-5.791666666666629,-0.6970238095238983,-4.520833333333334,0.6,0.0,3.45,2.2,-0.8532104647732275,0.5215667769341267,-0.8532104647732275,0.5215667769341267,-16.187496944486256,9.14648496400356,3.0,26.0,,0.0,0.0,4,0.0,0.0,0.6306666666666667,0.0,-0.0,90.88333333333333,-4.804166666666666,279,10,2025,188
2025-10-07,0.0,0.0,0,0.0,-0.8,12.3,5.245833333333334,18.5,14.391666666666666,-11.145150263294852,8.879698909651088,64.29166666666667,309.7916666666667,600.0,12.958333333333334,1015.2458333333334,1012.0,-2.845833333333333,-10.5,2.4499999999999997,0.0,5.1,309.520475852877,0.9889076982101862,0.0,0.0,0.0,0.0,0.0,0.0,,0.7083333333333334,1,0,0.0,0.0,9.730000000000004,11.9,38.29,1.0,295.12,1.7875000000000227,-7.616666666666674,0.007738095238096321,-3.5500000000000003,0.24499999999999997,0.0,8.091666666666667,9.7,-0.7713972181775302,0.6363539359412873,-0.7713972181775302,0.6363539359412873,-7.165402856776649,5.708906423996512,4.0,27.0,,0.0,0.0,5,0.0,0.0,0.6941666666666667,0.0,-0.0,71.95833333333333,-1.208333333333333,280,10,2025,189
2025-10-08,0.0,0.30000000000000004,0,0.0,2.8,13.6,8.674999999999999,28.6,20.345833333333335,-16.22370931512842,12.177247857308425,66.41666666666667,267.625,600.0,33.875,1009.7583333333333,1006.7,2.1666666666666665,-2.5,7.9750000000000005,3.6,12.3,307.24784367856836,0.9970426505209037,0.0,0.0,0.0,0.0,0.0,0.0,,0.4583333333333333,0,0,0.0,0.0,8.260000000000003,11.9,38.29,1.0,295.12,-5.487500000000068,-7.529166666666697,-5.692261904761949,5.525,0.7975000000000001,0.0,6.508333333333333,5.3,-0.7960247821548784,0.6052640301515351,-0.7960247821548784,0.6052640301515351,-10.775246936797794,8.087722118562345,5.0,28.0,,0.0,0.0,6,0.0,0.0,0.7020277777777778,0.0,-0.0,122.07500000000002,3.4291666666666654,281,10,2025,190
2025-10-09,0.0,10.5,0,0.0,4.2,11.0,7.666666666666667,26.3,19.2375,-15.352068489925252,11.439296020913808,85.45833333333333,189.16666666666666,600.0,56.291666666666664,1010.2458333333334,1007.2,5.033333333333333,0.1,7.6625000000000005,6.5,11.8,306.6180434203088,0.9948053103265727,0.0,0.0,0.0,0.0,0.0,0.0,,0.2916666666666667,0,0,0.0,0.0,0.07000000000000356,11.9,38.29,1.0,295.12,0.4875000000000682,-3.2124999999999773,-5.1982142857142435,-0.3125,0.7662500000000001,0.0,2.6333333333333337,4.1000000000000005,-0.8026296739811745,0.5964776663420632,-0.8026296739811745,0.5964776663420632,-13.119621863681955,9.775831724539259,6.0,29.0,,0.0,0.0,6,0.0,0.0,0.6554166666666666,0.0,-0.0,115.42500000000001,-1.008333333333332,282,10,2025,191
2025-10-10,0.0,0.0,0,0.0,4.4,11.4,7.858333333333333,41.9,31.541666666666668,-24.82619933035522,19.4079022106634,59.25,267.1666666666667,600.0,16.0,1011.3583333333332,1010.3,0.2125,-2.3,7.925,5.3,10.3,308.29158608419107,0.9990549392904394,0.0,0.0,0.0,0.0,0.0,0.0,,0.7083333333333334,0,0,0.0,0.0,0.0,11.9,21.0,1.0,295.12,1.1124999999998408,-3.887500000000159,-2.9583333333333712,0.2624999999999993,0.7925,0.0,7.645833333333333,6.7,-0.7848673769525625,0.6196637802837957,-0.7848673769525625,0.6196637802837957,-14.709523103235467,11.499182059818065,7.0,30.0,,,0.0,6,0.0,0.0,0.6289444444444444,0.0,-0.0,189.25,0.19166666666666643,283,10,2025,192
2025-10-11,0.0,0.0,0,0.0,4.9,10.6,7.341666666666666,32.4,27.195833333333336,-22.39909824848932,15.374495804587115,66.375,282.8333333333333,600.0,29.75,1011.4583333333334,1009.6,1.2541666666666667,-1.4,6.704166666666667,4.3,9.3,304.7482304565418,0.9987668360256086,0.0,0.0,0.0,0.0,0.0,0.0,,0.375,0,0,0.0,0.0,0.0,11.9,17.71,1.0,295.12,0.10000000000013642,1.7000000000000455,-1.2291666666666288,-1.2208333333333332,0.6704166666666667,0.0,6.0874999999999995,6.300000000000001,-0.821664541535288,0.5699713862849652,-0.821664541535288,0.5699713862849652,-14.867401462434787,10.204821590294697,8.0,31.0,,,0.0,6,0.0,0.0,0.6453611111111112,0.0,-0.0,163.175,-0.5166666666666675,284,10,2025,193
2025-10-12,0.0,1.2,0,0.0,2.2,9.4,5.395833333333333,28.8,21.3625,-18.111477155856047,11.279054568514212,79.16666666666667,214.875,600.0,79.0,1011.8916666666668,1009.9,1.8375000000000001,0.6,5.429166666666667,3.3,6.9,302.083078263445,0.9987450413130886,0.0,0.0,0.0,0.0,0.0,0.0,,0.041666666666666664,0,0,0.0,0.0,0.0,9.73,17.71,1.0,295.12,0.43333333333339397,1.6458333333333712,-0.024999999999977263,-1.2749999999999995,0.5429166666666667,0.0,3.5583333333333327,1.6,-0.8472788277005049,0.5311483673423634,-0.8472788277005049,0.5311483673423634,-14.338252748386036,8.929251533407086,9.0,32.0,,,0.0,6,0.0,0.0,0.6160277777777778,0.0,-0.0,128.175,-1.9458333333333329,285,10,2025,194
2025-10-13,0.0,0.6000000000000001,0,0.0,1.3,12.9,5.391666666666667,21.3,12.241666666666667,-10.71766607366508,4.374295501247974,72.20833333333333,299.0416666666667,600.0,36.291666666666664,1016.6083333333332,1014.0,-0.225,-3.6,3.7458333333333336,0.2,7.1,290.1326948645408,0.9307532037579089,0.0,0.0,0.0,0.0,0.0,0.0,,0.5833333333333334,0,0,0.0,0.0,0.0,9.73,17.71,1.0,295.12,4.71666666666647,5.25,4.241666666666561,-1.6833333333333336,0.3745833333333334,0.0,5.616666666666666,4.9,-0.9388979956360174,0.344195516807917,-0.9388979956360174,0.344195516807917,-7.73904804402566,3.1586058765261407,10.0,33.0,,,0.0,6,0.0,0.0,0.7267222222222222,0.0,-0.0,73.45,-0.00416666666666643,286,10,2025,195
2025-10-14,0.0,0.0,0,0.0,1.1,11.7,6.204166666666667,22.3,16.775000000000002,-13.48166931729419,9.660788190426462,65.29166666666667,313.0,600.0,14.041666666666666,1018.4250000000001,1016.6,-0.2416666666666667,-5.5,5.575,3.0,8.3,306.97411962935627,0.9856095456870637,0.0,0.0,0.0,0.0,0.0,0.0,,0.7916666666666666,0,0,0.0,0.0,0.0,9.73,17.71,0.0,295.12,1.8166666666668334,6.966666666666697,5.6041666666667425,1.8291666666666666,0.5575,0.0,6.445833333333333,6.6,-0.7989072670142996,0.6014542199633673,-0.7989072670142996,0.6014542199633673,-8.802406591749998,6.3076896226659445,11.0,34.0,,,0.0,6,0.0,0.0,0.6863055555555556,0.0,-0.0,100.65,0.8125,287,10,2025,196
2025-10-15,0.0,0.0,0,0.0,3.5,17.7,10.225,12.0,9.383333333333333,-6.53698025614425,6.046823948901757,47.666666666666664,323.7083333333333,600.0,0.041666666666666664,1020.725,1019.4,-1.9583333333333333,-5.2,9.804166666666667,6.4,12.7,317.8442775481398,0.9197053250786259,0.0,0.0,0.0,0.0,0.0,0.0,,1.0,0,0,0.0,0.0,0.0,8.26,17.71,0.0,295.12,2.2999999999999545,8.833333333333258,6.337500000000091,4.229166666666667,0.9804166666666667,0.0,12.183333333333334,8.7,-0.6711479031602862,0.7413234733121238,-0.6711479031602862,0.7413234733121238,-3.1159605887620923,2.882319415643171,12.0,35.0,,,0.0,6,0.0,0.0,0.7080277777777777,0.0,-0.0,56.3,4.020833333333333,288,10,2025,197
2025-10-16,0.0,0.0,0,0.0,6.2,16.6,12.299999999999999,26.6,17.208333333333332,-13.199741888701125,10.600562935139576,40.708333333333336,322.5833333333333,600.0,26.625,1017.1583333333333,1013.4,-0.8291666666666666,-5.0,12.9625,10.5,15.8,313.01712976391036,0.9758356277152641,0.0,0.0,0.0,0.0,0.0,0.0,,0.5,0,0,0.0,0.0,0.0,0.07,15.75,0.0,295.12,-3.5666666666667197,0.5500000000000682,1.783333333333303,3.158333333333333,1.0,0.0,13.129166666666666,11.2,-0.7311497713548334,0.6822169829663982,-0.7311497713548334,0.6822169829663982,-5.373394927192083,4.315312494846403,13.0,36.0,,,0.0,6,0.0,0.0,0.6840833333333333,0.0,-0.0,103.25,2.0749999999999993,289,10,2025,198
2025-10-17,0.0,0.2,0,0.0,4.6,15.9,12.291666666666666,33.3,21.558333333333334,-18.28774415661951,11.009675166934562,52.541666666666664,279.875,600.0,69.41666666666667,1012.2375000000001,1009.9,2.2416666666666667,-3.3,12.0625,8.3,15.9,303.21535439537627,0.9769738102758371,0.0,0.0,0.0,0.0,0.0,0.0,,0.125,0,0,0.0,0.0,0.0,0.0,15.75,0.0,295.12,-4.920833333333235,-6.1875,-3.263095238095275,-0.9000000000000004,1.0,0.0,10.049999999999999,7.8999999999999995,-0.8366175448185273,0.5477874439066849,-0.8366175448185273,0.5477874439066849,-9.608685575623834,5.784666827293535,14.0,37.0,,,0.0,6,0.0,0.0,0.6950555555555556,0.0,-0.0,129.35,-0.00833333333333286,290,10,2025,199
2025-10-18,0.0,0.0,0,0.0,3.4,14.4,8.35,14.0,9.862499999999999,-7.417982399987086,5.183052297238837,64.58333333333333,320.8333333333333,600.0,16.041666666666668,1014.9958333333334,1013.6,1.0083333333333333,-4.2,8.225,5.4,11.0,308.97744674238805,0.8265550022411697,0.0,0.0,0.0,0.0,0.0,0.0,,0.7083333333333334,0,0,0.0,0.0,0.0,0.0,15.75,0.0,295.12,2.7583333333333258,-5.729166666666629,-1.010119047619014,-3.8375000000000004,0.8225,0.0,7.341666666666667,7.6,-0.7773936197497034,0.6290144354245405,-0.7773936197497034,0.6290144354245405,-4.79078029999166,3.3473879419667485,15.0,38.0,,,0.0,6,0.0,0.0,0.7491666666666665,0.0,-0.0,59.175,-3.9416666666666664,291,10,2025,200
2025-10-19,0.0,0.0,0,0.0,5.5,19.3,12.770833333333334,20.2,16.3625,-12.556140741492811,10.394666330372912,41.958333333333336,250.04166666666666,600.0,61.708333333333336,1013.6291666666666,1010.9,-0.5958333333333333,-3.2,11.154166666666667,8.2,15.3,309.8336692883005,0.9961754159757897,0.0,0.0,0.0,0.0,0.0,0.0,,0.2916666666666667,0,0,0.0,0.0,0.0,0.0,14.98,0.0,295.12,-1.366666666666788,-3.529166666666697,-2.6250000000001137,2.929166666666667,1.0,0.0,13.366666666666667,8.7,-0.7679072369391833,0.6405610630193105,-0.7679072369391833,0.6405610630193105,-5.268347386118026,4.361428747785634,16.0,39.0,,,0.0,6,0.0,0.0,0.639888888888889,0.0,-0.0,98.17500000000001,4.420833333333334,292,10,2025,201
2025-10-20,0.0,0.5,0,0.0,11.6,19.2,15.216666666666667,33.8,27.766666666666666,-24.417475420114723,12.995484080674826,51.75,223.25,600.0,71.5,1010.2708333333334,1008.4,4.816666666666666,1.8,14.041666666666666,11.7,17.0,298.00072614708426,0.9960342365626484,0.0,0.0,0.0,0.0,0.0,0.0,,0.125,0,0,0.0,0.0,0.0,0.0,13.79,0.0,295.12,-3.358333333333235,-1.966666666666697,-5.077976190476193,2.8874999999999993,1.0,0.0,10.4,9.799999999999999,-0.8829416428662362,0.4694827529235464,-0.8829416428662362,0.4694827529235464,-12.636043529909369,6.725163011749222,17.0,40.0,,,0.0,6,0.0,0.0,0.6546666666666666,0.0,-0.0,166.6,2.445833333333333,293,10,2025,202
2025-10-21,0.0,0.5,0,0.0,9.9,19.0,13.820833333333333,20.3,12.725,-9.711018709432986,7.9450239079814535,49.208333333333336,190.08333333333334,600.0,90.33333333333333,1011.4,1008.9,2.441666666666667,-2.5,12.495833333333332,10.7,15.6,308.9580368823412,0.9842442044627231,0.0,0.0,0.0,0.0,0.0,0.0,,0.041666666666666664,0,0,0.0,0.0,0.0,0.0,13.79,0.0,295.12,1.129166666666606,-3.5958333333334167,-2.9452380952379826,-1.5458333333333343,1.0,0.0,11.379166666666666,12.4,-0.7776066638201792,0.6287510448360709,-0.7776066638201792,0.6287510448360709,-4.778630456600149,3.9096138480525404,18.0,41.0,,,0.0,6,0.0,0.0,0.6240833333333334,0.0,-0.0,76.35,-1.395833333333334,294,10,2025,203
2025-10-22,0.0,25.0,0,0.0,3.8,17.0,10.020833333333334,42.2,27.825,-22.671698681223873,15.691446305606108,90.04166666666667,49.25,209.0,98.20833333333333,1002.1750000000001,998.1,8.254166666666666,3.8,11.366666666666667,3.9,17.6,305.8737948668506,0.9905930938819548,0.0,0.0,0.0,0.0,0.0,0.0,,0.0,0,0,0.0,0.0,0.0,0.0,11.9,0.0,295.12,-9.224999999999909,-11.454166666666538,-9.520238095238028,-1.1291666666666647,1.0,0.0,1.7666666666666675,0.0,-0.8103097424066888,0.5860018100320217,-0.8103097424066888,0.5860018100320217,-20.413975354218664,14.128839777672834,19.0,42.0,,,0.0,6,0.0,0.0,0.6663055555555556,0.0,-0.0,166.95,-3.799999999999999,295,10,2025,204
2025-10-23,0.0,0.1,0,0.0,1.9,16.2,8.491666666666667,19.1,10.0875,-8.500604968284433,5.133265504780076,64.33333333333333,314.4583333333333,600.0,71.75,1012.3166666666666,1010.5,-0.033333333333333305,-5.8,5.808333333333334,2.5,9.4,302.05074032432566,0.9839807629439278,0.0,0.0,0.0,0.0,0.0,0.0,,0.20833333333333334,0,0,0.0,0.0,0.0,0.0,11.9,0.0,295.12,10.141666666666538,2.045833333333235,1.3130952380952294,-5.558333333333334,0.5808333333333333,0.0,8.525,7.699999999999999,-0.8475784747370557,0.5306700756236461,-0.8475784747370557,0.5306700756236461,-5.468722529596318,3.3024008080751823,20.0,43.0,,,0.0,6,0.0,0.0,0.7574166666666665,0.0,-0.0,60.525000000000006,-1.5291666666666668,296,10,2025,205
2025-10-24,0.0,0.1,0,0.0,-0.2,12.5,6.016666666666667,19.2,11.445833333333333,-9.38435114478619,4.715036781324666,69.54166666666667,292.2083333333333,600.0,33.666666666666664,1015.2583333333333,1013.7,-0.12083333333333335,-4.3,5.583333333333333,2.8,8.6,298.987198930772,0.8940243259975363,0.0,0.0,0.0,0.0,0.0,0.0,,0.5416666666666666,1,0,0.0,0.0,0.0,0.0,11.9,1.0,295.12,2.9416666666667197,3.8583333333333485,3.823214285714357,-0.22500000000000053,0.5583333333333333,0.0,6.1375,4.1,-0.8747280018653786,0.4846141999081353,-0.8747280018653786,0.4846141999081353,-6.526034191936731,3.2789151616795285,21.0,44.0,,,0.0,6,0.0,0.0,0.7043888888888888,0.0,-0.0,68.675,-2.4750000000000005,297,10,2025,206
2025-10-25,0.0,0.0,0,0.0,2.4,12.9,7.870833333333334,17.5,13.220833333333333,-10.977455515476676,6.443387470697929,63.125,291.125,600.0,76.08333333333333,1014.4250000000001,1010.8,0.5083333333333333,-3.9,6.691666666666666,4.2,9.4,300.7399778074338,0.9623165542559112,0.0,0.0,0.0,0.0,0.0,0.0,,0.16666666666666666,0,0,0.0,0.0,0.0,0.0,11.9,1.0,295.12,-0.8333333333332575,12.25,3.071428571428669,1.1083333333333334,0.6691666666666667,0.0,7.362500000000001,6.3,-0.8594958338721372,0.5111427506640777,-0.8594958338721372,0.5111427506640777,-6.929518794144651,4.067388340878067,22.0,45.0,,,0.0,6,0.0,0.0,0.6911666666666667,0.0,-0.0,79.325,1.854166666666667,298,10,2025,207
2025-10-26,0.0,10.9,0,0.0,5.4,11.2,7.675,23.1,17.329166666666666,-14.51973122699964,9.207087820277001,92.83333333333333,107.20833333333333,565.0,100.0,1004.4375,1000.4,6.479166666666667,2.6,7.908333333333332,6.3,9.1,302.42895046067355,0.9914957017948096,0.0,0.0,0.0,0.0,0.0,0.0,,0.0,0,0,0.0,0.0,0.0,0.0,11.9,1.0,295.12,-9.987500000000068,-7.879166666666606,-5.60297619047617,1.216666666666666,0.7908333333333333,0.0,1.1958333333333329,2.8000000000000003,-0.8440570747082923,0.5362533492994522,-0.8440570747082923,0.5362533492994522,-13.479150489064667,8.547246526490483,23.0,46.0,,,0.0,6,0.0,0.0,0.6298055555555555,0.0,-0.0,103.975,-0.19583333333333375,299,10,2025,208
2025-10-27,0.49000000000000005,4.3,5,0.14,-1.5,7.6,3.095833333333333,17.1,12.654166666666667,-3.1005631459733123,-4.226948746877373,94.33333333333333,167.875,600.0,94.54166666666667,1010.3916666666668,1000.9,2.2041666666666666,-1.8,3.6750000000000003,-0.5,6.2,210.76185073816077,0.40020025200019155,3.12,13.34,17.1,91.4,0.8282155491016017,-11.937400176160988,175.8434893026551,0.0,0,4,0.49000000000000005,0.49000000000000005,0.4900000000000036,0.49000000000000005,12.39,1.0,295.61,5.954166666666765,-4.866666666666561,0.33392857142860066,-4.2333333333333325,0.36750000000000005,0.0,0.8916666666666666,0.30000000000000004,-0.5114708299483244,-0.8593006401207741,0.07248118297871013,-0.997369780028454,-2.924864567701491,-3.9874216512209886,0.0,47.0,1.0,0.9999999999999928,8.379000000000001,0,0.07022631000000003,0.49000000000000005,0.59525,6.536600000000001,106.61590532333959,0.0,-4.579166666666667,300,10,2025,209
2025-10-28,0.0,0.0,0,0.0,-3.5,10.7,3.4625,11.9,8.191666666666666,6.600767749364288,3.204567740689987,67.45833333333333,294.1666666666667,600.0,82.25,1019.1,1015.7,-2.8666666666666667,-8.6,4.570833333333334,0.4,7.8,61.51680080891772,0.8719879426171323,0.0,0.0,0.0,0.0,0.0,0.0,,0.125,0,0,0.49000000000000005,0.49000000000000005,0.4900000000000036,0.49000000000000005,10.22,1.0,295.61,8.708333333333258,4.6749999999999545,7.9422619047618355,0.8958333333333335,0.4570833333333334,0.0,6.329166666666667,5.1,0.8789569918706119,0.47690104470609523,0.8789569918706119,0.47690104470609523,4.452767910925326,2.1617479884071202,1.0,48.0,0.0,0.9999999999999928,0.0,1,0.0,0.24500000000000002,0.6587500000000001,0.0,-0.0,8.191666666666666,0.3666666666666667,301,10,2025,210
2025-10-29,0.0,1.7999999999999998,0,0.0,0.2,12.9,6.683333333333334,8.2,4.179166666666666,0.08132300010072675,0.3536807014576895,70.5,289.5416666666667,600.0,41.583333333333336,1017.3000000000001,1014.9,1.0833333333333333,-2.5,6.708333333333333,3.3,10.0,342.5605638111435,0.18789145980077995,0.0,0.0,0.0,0.0,0.0,0.0,,0.4166666666666667,0,0,0.0,0.49000000000000005,0.4900000000000036,0.49000000000000005,10.22,1.0,295.61,-1.7999999999999545,12.862500000000068,3.98154761904766,2.1374999999999993,0.6708333333333333,0.0,5.6000000000000005,2.7,-0.29969751672407674,0.9540342753116482,-0.29969751672407674,0.9540342753116482,0.05733271507101236,0.2493448945276711,2.0,49.0,0.0,0.9999999999999928,0.0,2,0.0,0.16333333333333336,0.7146944444444445,0.0,-0.0,8.358333333333333,3.2208333333333337,302,10,2025,211
2025-10-30,0.0,0.3,0,0.0,2.3,15.6,8.166666666666666,9.5,6.083333333333333,-4.347710010107147,3.290900528451445,71.5,273.625,600.0,50.083333333333336,1016.8083333333334,1014.6,2.2333333333333334,-1.7,8.754166666666666,6.5,11.2,307.80599591642334,0.9042387179200739,0.0,0.0,0.0,0.0,0.0,0.0,,0.2916666666666667,0,0,0.0,0.0,0.4900000000000036,0.49000000000000005,10.22,1.0,295.61,-0.49166666666667425,6.416666666666629,2.8482142857143344,2.0458333333333334,0.8754166666666666,0.0,5.933333333333333,4.0,-0.790090868255648,0.6129897388203462,-0.790090868255648,0.6129897388203462,-3.10861265722661,2.352993877842783,3.0,50.0,,0.0,0.0,3,0.0,0.0,0.7540833333333333,0.0,-0.0,18.25,1.4833333333333325,303,10,2025,212
2025-10-31,0.0,2.4000000000000004,0,0.0,5.0,14.6,9.520833333333334,18.4,9.708333333333334,-4.940860288499251,7.454563905048317,70.66666666666667,181.5,600.0,97.54166666666667,1017.4041666666667,1016.4,4.083333333333333,1.1,10.237499999999999,8.9,12.1,329.0298154397833,0.9252422208362486,0.0,0.0,0.0,0.0,0.0,0.0,,0.0,0,0,0.0,0.0,0.4900000000000036,0.49000000000000005,8.75,0.0,295.61,0.595833333333303,-1.6958333333333258,3.137499999999932,1.4833333333333325,1.0,0.0,5.437500000000001,3.9,-0.5145919545398676,0.8574351989059225,-0.5145919545398676,0.8574351989059225,-3.491541270539471,5.267891826234144,4.0,51.0,,0.0,0.0,4,0.0,0.0,0.6809999999999999,0.0,-0.0,38.833333333333336,1.3541666666666679,304,10,2025,213
