date,snowfall_24h,precipitation,hours_with_snow,max_snowfall_1h,temp_min,temp_max,temp_mean,wind_max,wind_mean,wind_u_mean,wind_v_mean,humidity_mean,radiation_mean,radiation_peak,cloud_cover_mean,pressure_mean,pressure_min,dewpoint_mean,dewpoint_min,temp_850_mean,temp_850_min,temp_850_max,wind_dir_mean,wind_dir_consistency,snow_temp_mean,wind_during_snow_mean,wind_during_snow_max,humidity_during_snow,wind_u_during_snow,wind_v_during_snow,wind_dir_during_snow,clear_sky_fraction,freeze_thaw_event,storm_duration_hours,snowfall_48h,snowfall_72h,snowfall_7d,snowfall_14d,snowfall_last_30d,freeze_thaw_count_7d,seasonal_snowfall_total,pressure_tendency_24h,pressure_tendency_3d,pressure_anomaly,temp_850_trend,rain_risk_850,freeze_depth_850,dewpoint_depression,dewpoint_depression_min,wind_dir_sin,wind_dir_cos,wind_dir_snow_sin,wind_dir_snow_cos,moisture_flux_u,moisture_flux_v,days_since_last_snow,days_since_major_snow,snowfall_ratio_1d_3d,snowfall_ratio_3d_7d,wind_loading_index,time_since_storm_peak,snow_quality_index,powder_freshness,melt_risk,wind_damage_score,cold_air_advection,wind_after_storm,temp_trend,day_of_year,month,season_year,days_in_season
2014-10-01,0.0,1.4,0,0.0,12.9,20.7,16.154166666666665,5.4,2.6458333333333335,-0.08996410740975784,2.0221235268519266,89.75,165.16666666666666,590.0,70.79166666666667,1018.5,1017.2,14.2875,12.7,,,,356.60454397641365,0.5884774827533066,0.0,0.0,0.0,0.0,0.0,0.0,,0.0,0,0,0.0,0.0,0.0,0.0,0.0,0.0,0.0,0.0,0.0,0.0,0.0,,,1.8666666666666654,0.20000000000000107,-0.05922720563456698,0.9982445282157677,-0.05922720563456698,0.9982445282157677,-0.08074278640025766,1.814855865349604,,,,,0.0,0,0.0,0.0,0.7426111111111111,0.0,-0.0,0.0,0.0,274,10,2014,0
2014-10-02,0.0,3.9,0,0.0,11.2,23.3,17.341666666666665,4.8,2.433333333333333,0.22523187347513698,-1.4308199194573117,84.125,164.91666666666666,600.0,69.83333333333333,1013.375,1009.5,14.329166666666666,11.1,,,,162.2141121451064,0.5041044243472342,0.0,0.0,0.0,0.0,0.0,0.0,,0.08333333333333333,0,0,0.0,0.0,0.0,0.0,0.0,0.0,0.0,-5.125,0.0,-2.5625,0.0,,,3.0124999999999993,0.09999999999999964,0.3054607829894588,-0.9522046576526849,0.3054607829894588,-0.9522046576526849,0.18947631356095898,-1.2036772572434635,,,,,0.0,1,0.0,0.0,0.7236944444444444,0.0,-0.0,2.433333333333333,1.1875,275,10,2014,1
2014-10-03,0.0,7.6,0,0.0,15.4,21.0,17.604166666666668,5.7,4.570833333333334,-3.231328132553522,-0.76626756123629,95.70833333333333,60.833333333333336,235.0,90.5,1009.7624999999999,1008.1,16.879166666666666,14.8,,,,258.8580142413664,0.7209875274857447,0.0,0.0,0.0,0.0,0.0,0.0,,0.0,0,0,0.0,0.0,0.0,0.0,0.0,0.0,0.0,-3.612500000000068,0.0,-4.116666666666674,0.0,,,0.7250000000000014,0.5999999999999996,-0.9811513224179188,-0.19324099595471206,-0.9811513224179188,-0.19324099595471206,-3.0926503001980996,-0.7333819117332325,,,,,0.0,2,0.0,0.0,0.6929166666666666,0.0,-0.0,9.141666666666667,0.26250000000000284,276,10,2014,2
2014-10-04,0.0,1.0,0,0.0,13.3,18.9,15.641666666666666,9.2,6.2875000000000005,-1.5395496120359515,3.6080264735829193,88.375,156.29166666666666,595.0,97.875,1017.0,1012.0,13.6,12.4,,,,333.89766507993687,0.5626780399753865,0.0,0.0,0.0,0.0,0.0,0.0,,0.0,0,0,0.0,0.0,0.0,0.0,0.0,0.0,0.0,7.237500000000068,-1.5,2.3406250000000455,0.0,,,2.041666666666666,0.9000000000000004,-0.4399757659488637,0.8980096465950189,-0.4399757659488637,0.8980096465950189,-1.3605769696367722,3.188593396028905,,,,,0.0,3,0.0,0.0,0.7321111111111112,0.0,-0.0,18.8625,-1.9625000000000021,277,10,2014,3
2014-10-05,0.0,16.0,0,0.0,12.8,16.4,14.316666666666668,8.0,4.979166666666667,3.8145173662499876,-2.8150878262975536,97.04166666666667,45.833333333333336,191.0,99.95833333333333,1017.4208333333332,1011.2,13.845833333333333,12.2,,,,123.2393108745329,0.9450854494546554,0.0,0.0,0.0,0.0,0.0,0.0,,0.0,0,0,0.0,0.0,0.0,0.0,0.0,0.0,0.0,0.4208333333332348,4.045833333333235,2.2091666666665333,0.0,,,0.470833333333335,0.6000000000000014,0.8363884311163989,-0.5481372020713873,0.8363884311163989,-0.5481372020713873,3.7016712274984256,-2.731808144769585,,,,,0.0,4,0.0,0.0,0.6873611111111112,0.0,-0.0,19.916666666666668,-1.3249999999999975,278,10,2014,4
2014-10-06,0.0,54.2,0,0.0,12.3,17.1,14.483333333333334,12.7,9.245833333333334,-1.596458540597647,3.8000604083848355,98.95833333333333,37.333333333333336,199.0,98.25,1004.9625,998.1,14.3125,12.2,,,,350.1423538065605,0.3287308119283732,0.0,0.0,0.0,0.0,0.0,0.0,,0.0,0,0,0.0,0.0,0.0,0.0,0.0,0.0,0.0,-12.458333333333258,-4.7999999999999545,-8.540972222222194,0.0,,,0.17083333333333428,0.10000000000000142,-0.17120084738161034,0.985236149283926,-0.17120084738161034,0.985236149283926,-1.5798287641330881,3.7604764457974933,,,,,0.0,5,0.0,0.0,0.6880833333333333,0.0,-0.0,46.22916666666667,0.16666666666666607,279,10,2014,5
2014-10-07,0.0,5.2,0,0.0,10.1,16.5,12.570833333333333,7.6,5.579166666666667,-0.10250045111370638,4.254574491470261,85.625,165.75,600.0,71.20833333333333,1019.5041666666666,1014.6,10.016666666666667,9.2,,,,7.49136306944761,0.6198423106350425,0.0,0.0,0.0,0.0,0.0,0.0,,0.041666666666666664,0,0,0.0,0.0,0.0,0.0,0.0,0.0,0.0,14.541666666666629,2.504166666666606,5.14345238095234,0.0,,,2.5541666666666654,0.9000000000000004,0.13037673748840792,0.9914645260027606,0.13037673748840792,0.9914645260027606,-0.08776601126611108,3.642979408321411,,,,,0.0,6,0.0,0.0,0.7292500000000001,0.0,-0.0,33.475,-1.9125000000000014,280,10,2014,6
2014-10-08,0.0,0.0,0,0.0,8.3,19.1,13.195833333333333,6.9,2.5083333333333333,0.6894577933374535,0.8887682124308555,83.625,194.08333333333334,600.0,21.958333333333332,1022.5708333333333,1021.1,10.216666666666667,7.5,,,,118.06368823107545,0.22391168268264972,0.0,0.0,0.0,0.0,0.0,0.0,,0.6666666666666666,0,0,0.0,0.0,0.0,0.0,0.0,0.0,0.0,3.0666666666667197,5.150000000000091,7.62857142857149,0.0,,,2.979166666666666,0.8000000000000007,0.882425197298334,-0.47045273000907994,0.882425197298334,-0.47045273000907994,0.5765590796784454,0.7432324176453029,,,,,0.0,6,0.0,0.0,0.7414722222222223,0.0,-0.0,15.05,0.625,281,10,2014,7
2014-10-09,0.0,0.0,0,0.0,8.1,21.0,14.541666666666666,5.8,2.983333333333333,-0.6480547212320952,-1.158685829401472,84.125,196.66666666666666,600.0,19.75,1022.3375,1020.9,11.533333333333333,7.5,,,,205.14738370205836,0.3931459077359331,0.0,0.0,0.0,0.0,0.0,0.0,,0.6666666666666666,0,0,0.0,0.0,0.0,0.0,0.0,0.0,0.0,-0.2333333333333485,17.375,6.114880952380872,0.0,,,3.008333333333333,0.5999999999999996,-0.4249481844555174,-0.9052176757708389,-0.4249481844555174,-0.9052176757708389,-0.5451760342365001,-0.9747444539839882,,,,,0.0,6,0.0,0.0,0.7448611111111111,0.0,-0.0,17.9,1.3458333333333332,282,10,2014,8
2014-10-10,0.0,0.0,0,0.0,11.7,20.8,15.8375,7.4,5.529166666666666,-1.7532008002494275,1.831937103494214,88.41666666666667,154.16666666666666,575.0,50.625,1022.65,1021.2,13.758333333333333,11.0,,,,313.8472628259144,0.3963922316071087,0.0,0.0,0.0,0.0,0.0,0.0,,0.25,0,0,0.0,0.0,0.0,0.0,0.0,0.0,0.0,0.3125,3.1458333333333712,4.586309523809518,0.0,,,2.0791666666666675,0.6999999999999993,-0.7211890392876826,0.692738312504303,-0.7211890392876826,0.692738312504303,-1.5501217075538687,1.6197377223394676,,,,,0.0,6,0.0,0.0,0.7308333333333333,0.0,-0.0,33.175,1.2958333333333343,283,10,2014,9
2014-10-11,0.0,0.0,0,0.0,10.5,19.8,14.758333333333333,7.4,4.179166666666666,2.8772787735106125,2.0772343357905574,79.70833333333333,209.41666666666666,600.0,20.125,1024.6625000000001,1023.7,10.758333333333333,8.2,,,,66.72647361371796,0.8412228762257122,0.0,0.0,0.0,0.0,0.0,0.0,,0.625,0,0,0.0,0.0,0.0,0.0,0.0,0.0,0.0,2.012500000000159,2.0916666666668107,5.50416666666672,0.0,,,4.0,2.3000000000000007,0.9186290457776923,0.39512109062104794,0.9186290457776923,0.39512109062104794,2.2934309557190837,1.65572886848639,,,,,0.0,6,0.0,0.0,0.738638888888889,0.0,-0.0,25.074999999999996,-1.0791666666666675,284,10,2014,10
2014-10-12,0.0,0.0,0,0.0,8.2,22.2,15.075000000000001,5.9,3.4125,1.3757807246854503,-1.4571984419888242,76.16666666666667,199.125,600.0,50.791666666666664,1022.3416666666667,1018.7,10.616666666666665,5.7,,,,138.716713091028,0.5706772357460828,0.0,0.0,0.0,0.0,0.0,0.0,,0.4166666666666667,0,0,0.0,0.0,0.0,0.0,0.0,0.0,0.0,-2.3208333333334394,0.0041666666667197205,2.4803571428572013,0.0,,,4.458333333333336,2.499999999999999,0.6597824972891625,-0.7514566230135152,0.6597824972891625,-0.7514566230135152,1.0478863186354181,-1.1098994799814879,,,,,0.0,6,0.0,0.0,0.7199722222222222,0.0,-0.0,20.475,0.3166666666666682,285,10,2014,11
2014-10-13,0.0,25.1,0,0.0,12.1,16.2,13.691666666666668,10.4,6.2124999999999995,4.7292277898459805,-3.016993783625818,89.29166666666667,69.08333333333333,283.0,99.75,1008.5708333333333,992.2,11.841666666666667,10.3,,,,130.52531175650665,0.8673886138695189,0.0,0.0,0.0,0.0,0.0,0.0,,0.0,0,0,0.0,0.0,0.0,0.0,0.0,0.0,0.0,-13.770833333333371,-14.079166666666652,-11.805952380952363,0.0,,,1.8500000000000014,1.799999999999999,0.7601189824762872,-0.6497839121425013,0.7601189824762872,-0.6497839121425013,4.2228063140166405,-2.69392403262922,,,,,0.0,6,0.0,0.0,0.6770277777777779,0.0,-0.0,37.275,-1.3833333333333329,286,10,2014,12
2014-10-14,0.0,43.3,0,0.0,9.6,13.8,12.225,16.4,10.625,-6.988160392320453,7.90613388444597,95.375,96.45833333333333,416.0,92.54166666666667,1005.2125,991.9,11.516666666666666,9.0,,,,319.76250020663724,0.9845942170440878,0.0,0.0,0.0,0.0,0.0,0.0,,0.0,0,0,0.0,0.0,0.0,0.0,0.0,0.0,0.0,-3.3583333333333485,-19.45000000000016,-13.122619047619082,0.0,,,0.7083333333333339,0.5999999999999996,-0.6459574500201196,0.7633734163327307,-0.6459574500201196,0.7633734163327307,-6.664957974175633,7.5404751922903435,,,,,0.0,6,0.0,0.0,0.688888888888889,0.0,-0.0,63.75,-1.4666666666666686,287,10,2014,13
2014-10-15,0.0,0.2,0,0.0,8.1,15.8,11.4,5.2,3.2875,1.3309392134938896,1.103879881855539,79.75,167.33333333333334,600.0,69.75,1017.5375,1015.8,7.758333333333333,6.7,,,,56.444121299347806,0.5126545057587213,0.0,0.0,0.0,0.0,0.0,0.0,,0.0,0,0,0.0,0.0,0.0,0.0,0.0,0.0,0.0,12.325000000000045,-4.804166666666674,-0.07857142857142208,0.0,,,3.6416666666666675,1.3999999999999995,0.8333471394808991,0.5527499842777048,0.8333471394808991,0.5527499842777048,1.061424022761377,0.8803442057797924,,,,,0.0,6,0.0,0.0,0.7107222222222221,0.0,-0.0,19.725,-0.8249999999999993,288,10,2014,14
2014-10-16,0.0,4.4,0,0.0,6.9,15.9,11.141666666666666,10.5,4.916666666666667,-3.888878932658297,-1.6969167661727738,89.83333333333333,159.58333333333334,585.0,64.29166666666667,1016.9416666666666,1013.8,9.424999999999999,6.9,,,,243.54680200846224,0.827657010535198,0.0,0.0,0.0,0.0,0.0,0.0,,0.0,0,0,0.0,0.0,0.0,0.0,0.0,0.0,0.0,-0.5958333333334167,8.37083333333328,0.09642857142864614,0.0,,,1.7166666666666668,0.0,-0.8952985392941661,-0.4454666379626339,-0.8952985392941661,-0.4454666379626339,-3.4935095745047033,-1.5243968949452085,,,,,0.0,6,0.0,0.0,0.7391666666666667,0.0,-0.0,29.5,-0.25833333333333464,289,10,2014,15
2014-10-17,0.0,2.0,0,0.0,5.4,13.5,8.9,12.3,7.8,-6.998396568436344,0.0610416459011528,85.375,157.25,576.0,36.541666666666664,1020.7291666666666,1016.7,6.3500000000000005,4.6,,,,264.10242993014424,0.8671135454826139,0.0,0.0,0.0,0.0,0.0,0.0,,0.20833333333333334,0,0,0.0,0.0,0.0,0.0,0.0,0.0,0.0,3.7875000000000227,15.516666666666652,4.158333333333303,0.0,,,2.55,0.8000000000000007,-0.9947071756830533,-0.10275035106822417,-0.9947071756830533,-0.10275035106822417,-5.974881070302529,0.0521143051881092,,,,,0.0,6,0.0,0.0,0.6894166666666667,0.0,-0.0,46.8,-2.2416666666666654,290,10,2014,16
2014-10-18,0.0,0.0,0,0.0,3.6,16.4,9.670833333333333,6.1,3.5625,-1.288927675018702,-0.9588220566247201,74.25,203.20833333333334,600.0,19.291666666666668,1024.6583333333333,1022.5,4.7875000000000005,1.6,,,,222.30714001721907,0.5332568402529173,0.0,0.0,0.0,0.0,0.0,0.0,,0.75,0,0,0.0,0.0,0.0,0.0,0.0,0.0,0.0,3.9291666666666742,7.12083333333328,8.088095238095207,0.0,,,4.883333333333332,2.0,-0.673104678750795,-0.7395472205638995,-0.673104678750795,-0.7395472205638995,-0.9570287987013861,-0.7119253770438547,,,,,0.0,6,0.0,0.0,0.7163055555555555,0.0,-0.0,21.375,0.7708333333333321,291,10,2014,17
2014-10-19,0.0,0.0,0,0.0,3.9,18.5,11.470833333333333,6.9,3.3666666666666667,0.04360353744807358,-2.3756806625737408,70.75,202.16666666666666,600.0,10.916666666666666,1026.7166666666667,1025.1,5.720833333333334,1.2,,,,181.34187556865905,0.48914587808662746,0.0,0.0,0.0,0.0,0.0,0.0,,0.875,0,0,0.0,0.0,0.0,0.0,0.0,0.0,0.0,2.058333333333394,9.775000000000091,9.5214285714286,0.0,,,5.749999999999999,2.7,-0.023418005879340183,-0.9997257608967747,-0.023418005879340183,-0.9997257608967747,0.030849502744512057,-1.6807940687709217,,,,,0.0,6,0.0,0.0,0.7039444444444444,0.0,-0.0,20.2,1.8000000000000007,292,10,2014,18
2014-10-20,0.0,16.9,0,0.0,7.3,15.3,11.674999999999999,6.8,5.8374999999999995,1.1847497346521993,-5.519407302575477,90.20833333333333,36.666666666666664,144.0,99.95833333333333,1023.5583333333334,1020.8,10.075000000000001,5.5,,,,167.4538269936965,0.9678311056911374,0.0,0.0,0.0,0.0,0.0,0.0,,0.0,0,0,0.0,0.0,0.0,0.0,0.0,0.0,0.0,-3.158333333333303,2.829166666666765,4.222023809523876,0.0,,,1.5999999999999979,1.7999999999999998,0.21722631219740737,-0.9761212677168316,0.21722631219740737,-0.9761212677168316,1.068742989800838,-4.978965337531628,,,,,0.0,6,0.0,0.0,0.6584722222222221,0.0,-0.0,35.025,0.20416666666666572,293,10,2014,19
2014-10-21,0.0,5.9,0,0.0,11.9,18.2,14.641666666666666,6.9,4.633333333333334,-2.268813155504809,-2.8473850515526187,95.66666666666667,68.0,353.0,91.625,1017.0333333333333,1014.3,13.9,11.9,,,,217.147284709078,0.7710237763031399,0.0,0.0,0.0,0.0,0.0,0.0,,0.0,0,0,0.0,0.0,0.0,0.0,0.0,0.0,0.0,-6.525000000000091,-7.625,-3.9916666666665606,0.0,,,0.7416666666666654,0.0,-0.6038660074220753,-0.7970858454897578,-0.6038660074220753,-0.7970858454897578,-2.1704979187662676,-2.7239983659853384,,,,,0.0,6,0.0,0.0,0.6975555555555556,0.0,-0.0,27.800000000000004,2.966666666666667,294,10,2014,20
2014-10-22,0.0,34.2,0,0.0,8.3,13.1,10.558333333333334,10.6,7.091666666666666,5.448086447530209,3.997469847196813,99.75,27.208333333333332,100.0,98.75,1015.5833333333334,1014.6,10.512500000000001,8.1,,,,56.759090840614604,0.9553261400627958,0.0,0.0,0.0,0.0,0.0,0.0,,0.0,0,0,0.0,0.0,0.0,0.0,0.0,0.0,0.0,-1.4499999999999318,-11.133333333333326,-5.162500000000023,0.0,,,0.045833333333332504,0.20000000000000107,0.8363731403211685,0.5481605331919719,0.8363731403211685,0.5481605331919719,5.434466231411384,3.987476172578821,,,,,0.0,6,0.0,0.0,0.64175,0.0,-0.0,42.55,-4.083333333333332,295,10,2014,21
2014-10-23,0.0,0.4,0,0.0,6.5,13.5,9.495833333333334,6.0,3.8541666666666665,2.8295182690593585,0.8538351351864719,90.45833333333333,114.45833333333333,426.0,61.875,1019.0,1016.8,7.908333333333334,6.4,,,,75.99634198631588,0.7249678985032214,0.0,0.0,0.0,0.0,0.0,0.0,,0.16666666666666666,0,0,0.0,0.0,0.0,0.0,0.0,0.0,0.0,3.4166666666666288,-4.558333333333394,-2.039880952381054,0.0,,,1.5874999999999995,0.09999999999999964,0.9702802789443657,0.24198384303842238,0.9702802789443657,0.24198384303842238,2.559535067553278,0.772365032704096,,,,,0.0,6,0.0,0.0,0.6778333333333334,0.0,-0.0,23.125,-1.0625,296,10,2014,22
2014-10-24,0.0,0.0,0,0.0,5.9,17.5,10.9125,4.3,3.108333333333333,-1.2263975107523766,-0.9071522541050138,85.375,168.66666666666666,600.0,38.583333333333336,1021.5833333333334,1020.2,8.225,5.7,,,,227.82091217307837,0.5067749230895034,0.0,0.0,0.0,0.0,0.0,0.0,,0.2916666666666667,0,0,0.0,0.0,0.0,0.0,0.0,0.0,0.0,2.5833333333333712,4.550000000000068,0.4214285714285779,0.0,,,2.6875,0.20000000000000018,-0.7410497157332147,-0.671450161078037,-0.7410497157332147,-0.671450161078037,-1.0470368748048415,-0.7744812369421555,,,,,0.0,6,0.0,0.0,0.7303611111111111,0.0,-0.0,18.65,1.416666666666666,297,10,2014,23
2014-10-25,0.0,0.0,0,0.0,4.5,19.6,12.15,4.7,2.970833333333333,-0.3296177326479148,-1.8979938973824104,75.125,186.79166666666666,600.0,4.791666666666667,1022.7916666666666,1021.4,7.133333333333333,3.6,,,,202.60288849415144,0.5433710178486978,0.0,0.0,0.0,0.0,0.0,0.0,,0.9166666666666666,0,0,0.0,0.0,0.0,0.0,0.0,0.0,0.0,1.2083333333332575,7.2083333333332575,1.896428571428487,0.0,,,5.0166666666666675,0.8999999999999999,-0.3843418646451596,-0.9231908421778684,-0.3843418646451596,-0.9231908421778684,-0.24762532165174597,-1.4258679154085359,,,,,0.0,6,0.0,0.0,0.7082777777777777,0.0,-0.0,17.825,1.2375000000000007,298,10,2014,24
2014-10-26,0.0,2.0,0,0.0,6.9,20.1,12.916666666666666,5.9,3.6833333333333336,-1.1764892712860364,-2.9894121365498116,81.5,147.66666666666666,589.0,31.291666666666668,1019.7833333333333,1016.5,9.5,3.6,,,,205.62362160792236,0.8406650657948505,0.0,0.0,0.0,0.0,0.0,0.0,,0.5,0,0,0.0,0.0,0.0,0.0,0.0,0.0,0.0,-3.0083333333333258,0.783333333333303,-0.12142857142850971,0.0,,,3.416666666666666,3.3000000000000003,-0.43245751492461837,-0.9016543116878127,-0.43245751492461837,-0.9016543116878127,-0.9588387560981196,-2.4363708912880964,,,,,0.0,6,0.0,0.0,0.7034444444444444,0.0,-0.0,22.1,0.7666666666666657,299,10,2014,25
2014-10-27,0.0,11.6,0,0.0,5.1,16.3,10.154166666666667,10.2,7.8999999999999995,-5.899601838493644,0.6396287333683213,95.33333333333333,80.25,309.0,72.0,1016.5583333333334,1013.8,9.370833333333334,4.8,,,,266.6042403594684,0.7204089795408221,0.0,0.0,0.0,0.0,0.0,0.0,,0.0,0,0,0.0,0.0,0.0,0.0,0.0,0.0,0.0,-3.224999999999909,-5.024999999999977,-2.3464285714284188,0.0,,,0.7833333333333332,0.2999999999999998,-0.998244214349957,-0.05923249544664767,-0.998244214349957,-0.05923249544664767,-5.624287086030607,0.6097793924777996,,,,,0.0,6,0.0,0.0,0.7046111111111112,0.0,-0.0,47.4,-2.7624999999999993,300,10,2014,26
2014-10-28,0.07,2.0,1,0.07,3.3,8.8,5.8374999999999995,14.9,9.858333333333333,-9.656284734265551,-0.49342625234569154,82.20833333333333,116.125,500.0,47.083333333333336,1024.1958333333334,1021.7,2.795833333333333,1.1,,,,264.42794596711167,0.9777942129914815,6.1,12.3,12.3,84.0,-12.283143277481258,0.6437322617882105,273.0,0.125,0,1,0.07,0.07,0.07,0.07,0.07,0.0,0.07,7.6375000000000455,1.4041666666668107,4.267857142857338,0.0,,,3.0416666666666665,2.1999999999999997,-0.9952748775733485,-0.0970974668637449,-0.9986295347545738,0.052335956242943946,-7.938270741960805,-0.40563749828252055,0.0,,1.0,1.0,1.0430000000000001,0,0.005775656249999995,0.07,0.547,0.8610000000000001,0.0,0.0,-4.316666666666667,301,10,2014,27
2014-10-29,0.0,0.0,0,0.0,2.7,13.7,7.4125000000000005,6.4,4.6875,-2.6610529000105627,0.007607365474035325,76.625,170.45833333333334,600.0,5.75,1027.5625,1026.0,3.1958333333333333,0.2,,,,271.8989312269223,0.3835887831768361,0.0,0.0,0.0,0.0,0.0,0.0,,1.0,0,0,0.07,0.07,0.07,0.07,0.07,0.0,0.07,3.3666666666665606,7.779166666666697,5.923214285714266,0.0,,,4.216666666666667,2.5,-0.9994508342316136,0.033136535029053345,-0.9994508342316136,0.033136535029053345,-2.0390317846330936,0.005829143794479567,1.0,,0.0,1.0,0.0,1,0.0,0.035,0.6735000000000001,0.0,-0.0,4.6875,1.575000000000001,302,10,2014,28
2014-10-30,0.0,0.0,0,0.0,2.0,18.6,10.129166666666666,4.6,2.5708333333333333,0.5145566410525926,-1.4472330101350377,73.04166666666667,174.54166666666666,600.0,10.666666666666666,1026.7208333333333,1025.0,4.883333333333334,-1.1,,,,159.85387200706546,0.5265737940703002,0.0,0.0,0.0,0.0,0.0,0.0,,0.875,0,0,0.0,0.07,0.07,0.07,0.07,0.0,0.07,-0.841666666666697,10.162499999999909,3.9785714285713993,0.0,,,5.245833333333333,3.1,0.344415634158726,-0.9388172723949227,0.344415634158726,-0.9388172723949227,0.37584074656883115,-1.0570831111528005,2.0,,0.0,1.0,0.0,2,0.0,0.023333333333333334,0.6931666666666666,0.0,-0.0,5.141666666666667,2.716666666666666,303,10,2014,29
2014-10-31,0.0,5.7,0,0.0,7.7,18.0,12.454166666666666,6.2,3.0375,0.24185663199079746,-2.471663169654432,91.20833333333333,118.66666666666667,494.0,90.66666666666667,1023.9833333333332,1022.3,10.9125,7.3,,,,179.27249413793749,0.7235575387372825,0.0,0.0,0.0,0.0,0.0,0.0,,0.0,0,0,0.0,0.0,0.07,0.07,0.07,0.0,0.07,-2.737500000000068,-0.21250000000020464,0.8982142857141753,0.0,,,1.541666666666666,0.40000000000000036,0.012697031437975575,-0.999919389447301,0.012697031437975575,-0.999919389447301,0.22059340309493983,-2.254362782655646,3.0,,,0.0,0.0,3,0.0,0.0,0.7164722222222223,0.0,-0.0,9.1125,2.3249999999999993,304,10,2014,30
2014-11-01,0.0,18.3,0,0.0,9.8,15.3,12.766666666666666,9.5,6.320833333333333,2.723547352534569,-5.57353509221717,98.70833333333333,55.583333333333336,288.0,99.54166666666667,1016.0916666666667,1011.4,12.579166666666666,9.6,,,,156.8907928497625,0.9719333672354555,0.0,0.0,0.0,0.0,0.0,0.0,,0.0,0,0,0.0,0.0,0.07,0.07,0.07,0.0,0.07,-7.891666666666538,-11.470833333333303,-6.03630952380945,0.0,,,0.1875,0.20000000000000107,0.3924849223322395,-0.9197584387989359,0.3924849223322395,-0.9197584387989359,2.688368199230997,-5.50154359727603,4.0,,,0.0,0.0,4,0.0,0.0,0.6994166666666667,0.0,-0.0,25.28333333333333,0.3125,305,11,2014,31
2014-11-02,0.0,28.1,0,0.0,9.3,19.4,14.283333333333333,13.3,6.354166666666667,-4.747503737568687,-2.5117116452403674,94.29166666666667,90.91666666666667,394.0,89.04166666666667,1005.8416666666667,1002.3,13.283333333333333,9.3,,,,230.69098078437653,0.8308739446387794,0.0,0.0,0.0,0.0,0.0,0.0,,0.0,0,0,0.0,0.0,0.07,0.07,0.07,0.0,0.07,-10.25,-20.879166666666606,-14.29464285714289,0.0,,,1.0,0.0,-0.7737404964837401,-0.6335026788428723,-0.7737404964837401,-0.6335026788428723,-4.476500399215808,-2.3683347721578967,5.0,,,0.0,0.0,5,0.0,0.0,0.70825,0.0,-0.0,31.770833333333336,1.5166666666666675,306,11,2014,32
2014-11-03,2.1,15.1,13,0.35,5.5,11.0,7.4375,14.2,9.266666666666667,-9.020963249240136,-1.162715385559592,89.125,111.66666666666667,416.0,78.875,1011.3625000000001,1005.8,5.7,3.9,,,,261.86720484657036,0.9800634914719923,7.615384615384615,9.507692307692308,10.1,88.15384615384616,-9.44957597707664,-0.04019377884579775,269.6232680587292,0.0,0,13,2.1,2.1,2.17,2.17,2.17,0.0,2.17,5.520833333333371,-12.620833333333167,-8.031547619047501,0.0,,,1.7374999999999998,1.6,-0.9899428460167702,-0.14146788193868332,-0.9999783833663778,-0.00657516539454894,-8.039933495885272,-1.0362700873799864,0.0,,1.0,0.967741935483871,29.82,0,0.11031368343195268,2.1,0.6159722222222223,19.966153846153848,0.0,0.0,-6.845833333333333,307,11,2014,33
2014-11-04,0.0,0.8,0,0.0,3.2,11.7,7.0625,7.4,4.891666666666667,-1.8403344616482693,-0.15920887178136375,82.33333333333333,163.08333333333334,600.0,35.583333333333336,1022.2583333333333,1017.8,4.004166666666666,2.3,,,,265.45880126256327,0.3301555822327434,0.0,0.0,0.0,0.0,0.0,0.0,,0.5833333333333334,0,0,2.1,2.1,2.1,2.17,2.17,0.0,2.17,10.895833333333258,6.166666666666629,3.1410714285713084,0.0,,,3.0583333333333336,0.9000000000000004,-0.9968606597193912,-0.07917591239651246,-0.9968606597193912,-0.07917591239651246,-1.515208706757075,-0.13108197109998948,1.0,,0.0,1.0,0.0,1,0.0,1.05,0.6431666666666666,0.0,-0.0,4.891666666666667,-0.375,308,11,2014,34
2014-11-05,0.0,0.0,0,0.0,1.6,16.4,8.875,6.4,3.8541666666666665,1.1262638966786829,-3.512039571603701,76.75,158.41666666666666,600.0,18.083333333333332,1021.8916666666668,1019.7,4.620833333333334,-0.8,,,,164.55502112399654,0.8745015566714671,0.0,0.0,0.0,0.0,0.0,0.0,,0.5416666666666666,0,0,0.0,2.1,2.1,2.17,2.17,0.0,2.17,-0.36666666666656056,16.050000000000068,3.584523809523944,0.0,,,4.254166666666666,2.4000000000000004,0.2663128788957305,-0.9638866378025313,0.2663128788957305,-0.9638866378025313,0.8644075407008891,-2.6954903712058407,2.0,,0.0,1.0,0.0,2,0.0,0.7000000000000001,0.6947777777777778,0.0,-0.0,7.708333333333333,1.8125,309,11,2014,35
2014-11-06,0.0,3.8,0,0.0,6.3,18.5,11.483333333333334,7.7,3.6875,-1.5185152287214245,1.423506017142233,85.25,121.875,578.0,61.083333333333336,1017.3249999999999,1015.0,8.870833333333334,4.5,,,,272.97125291898703,0.22074347981272996,0.0,0.0,0.0,0.0,0.0,0.0,,0.041666666666666664,0,0,0.0,0.0,2.1,2.17,2.17,0.0,2.17,-4.566666666666833,5.962499999999864,0.3601190476190368,0.0,,,2.6125000000000007,1.7999999999999998,-0.9986556676417281,0.0518349060677681,-0.9986556676417281,0.0518349060677681,-1.2945342324850144,1.2135388796137534,3.0,,,0.0,0.0,3,0.0,0.0,0.69875,0.0,-0.0,11.0625,2.6083333333333343,310,11,2014,36
2014-11-07,0.0,3.3,0,0.0,4.2,9.7,7.5625,9.0,5.504166666666666,-2.9834232092289557,3.849403099370838,89.66666666666667,89.58333333333333,363.0,72.125,1023.3083333333334,1016.8,5.908333333333334,3.5,,,,312.01283897257264,0.7800418046252386,0.0,0.0,0.0,0.0,0.0,0.0,,0.08333333333333333,0,0,0.0,0.0,2.1,2.17,2.17,0.0,2.17,5.983333333333462,1.0500000000000682,6.439880952381031,0.0,,,1.654166666666666,0.7000000000000002,-0.7429948664662296,0.6692971151923708,-0.7429948664662296,0.6692971151923708,-2.6751361442752972,3.451631445769185,4.0,,,0.0,0.0,4,0.0,0.0,0.5741666666666667,0.0,-0.0,22.016666666666666,-3.9208333333333343,311,11,2014,37
2014-11-08,0.0,0.0,0,0.0,3.5,13.1,7.958333333333333,5.1,2.025,0.6938276069583352,-0.3657181249895623,79.66666666666667,99.08333333333333,447.0,80.5,1028.1499999999999,1025.2,4.395833333333333,1.9,,,,160.3104435070392,0.3678162002608439,0.0,0.0,0.0,0.0,0.0,0.0,,0.041666666666666664,0,0,0.0,0.0,2.1,2.17,2.17,0.0,2.17,4.84166666666647,6.258333333333098,9.558928571428282,0.0,,,3.5625,1.6,0.3369236476144994,-0.941531972732812,0.3369236476144994,-0.941531972732812,0.5527493268768071,-0.29135543957501797,5.0,,,0.0,0.0,5,0.0,0.0,0.6227222222222223,0.0,-0.0,10.125,0.39583333333333304,312,11,2014,38
2014-11-09,0.0,11.2,0,0.0,7.8,14.6,11.270833333333334,8.2,3.5583333333333336,-1.6319874549170532,-2.212027276416061,92.66666666666667,58.125,218.0,97.54166666666667,1020.8708333333334,1017.9,10.083333333333334,6.3,,,,202.28192913097786,0.8285433480907483,0.0,0.0,0.0,0.0,0.0,0.0,,0.0,0,0,0.0,0.0,2.1,2.17,2.17,0.0,2.17,-7.27916666666647,3.545833333333462,0.13273809523821,0.0,,,1.1875,1.5,-0.37916433306541963,-0.9253293513830929,-0.37916433306541963,-0.9253293513830929,-1.5123083748898027,-2.049811942812217,6.0,,,0.0,0.0,6,0.0,0.0,0.6720833333333335,0.0,-0.0,21.35,3.312500000000001,313,11,2014,39
2014-11-10,0.0,2.8,0,0.0,4.7,12.0,9.483333333333333,8.1,5.6000000000000005,-1.8907721996858144,3.364766820153276,90.125,102.41666666666667,445.0,57.541666666666664,1020.7833333333333,1019.5,7.841666666666666,4.2,,,,342.30939955610927,0.4638559307011084,0.0,0.0,0.0,0.0,0.0,0.0,,0.08333333333333333,0,0,0.0,0.0,0.0,2.17,2.17,0.0,2.17,-0.08750000000009095,-2.525000000000091,-1.3005952380952976,0.0,,,1.6416666666666666,0.5,-0.3038767696681631,0.9527113460309172,-0.3038767696681631,0.9527113460309172,-1.7040584449668403,3.03249609666314,7.0,,,,0.0,6,0.0,0.0,0.6353611111111112,0.0,-0.0,33.6,-1.7875000000000014,314,11,2014,40
2014-11-11,0.0,0.0,0,0.0,4.6,15.8,9.495833333333334,5.1,2.4291666666666667,0.4895422888116559,-0.4126835599886378,83.45833333333333,128.33333333333334,542.0,52.25,1016.1,1011.3,6.633333333333333,2.8,,,,161.41341078186457,0.42782569922847985,0.0,0.0,0.0,0.0,0.0,0.0,,0.16666666666666666,0,0,0.0,0.0,0.0,2.1,2.17,0.0,2.17,-4.68333333333328,-12.04999999999984,-5.104166666666629,0.0,,,2.8625000000000007,1.7999999999999998,0.3187374637101971,-0.9478430403962413,0.3187374637101971,-0.9478430403962413,0.40856383520406114,-0.34441882110718397,8.0,,,,0.0,6,0.0,0.0,0.6970833333333334,0.0,-0.0,14.575,0.012500000000001066,315,11,2014,41
2014-11-12,0.14,8.0,1,0.14,4.9,14.3,9.704166666666667,9.9,6.354166666666667,-4.987263695121295,-2.8702984407822583,92.66666666666667,84.41666666666667,352.0,72.33333333333333,1007.7333333333332,1005.0,8.529166666666667,4.8,,,,231.10154030490102,0.8839454880244102,4.9,7.9,7.9,99.0,-7.217009115376548,-3.2132194802988208,246.0,0.0,0,1,0.14,0.14,0.14,2.24,2.31,0.0,2.31,-8.366666666666788,-13.13750000000016,-11.448214285714357,0.0,,,1.1750000000000007,0.10000000000000053,-0.778260030021839,-0.627942135606782,-0.913545457642601,-0.4067366430758001,-4.6215310241457335,-2.6598098884582257,0.0,,1.0,1.0,1.3860000000000001,0,0.016087312500000006,0.14,0.6829444444444445,1.106,0.0,0.0,0.20833333333333393,316,11,2014,42
2014-11-13,7.42,17.8,24,0.84,0.4,6.2,3.3791666666666664,16.0,11.054166666666667,-10.691481466787515,-2.5750315964274972,94.875,103.45833333333333,430.0,88.16666666666667,1011.6875,1006.5,2.625,-0.6,,,,255.33457000191072,0.9945558773804879,3.3791666666666664,11.054166666666667,16.0,94.875,-10.691481466787515,-2.5750315964274972,255.33457000191072,0.0,0,24,7.56,7.56,7.56,9.66,9.73,0.0,9.73,3.954166666666765,-9.095833333333303,-6.688690476190459,0.0,,,0.7541666666666664,1.0,-0.9674206841864399,-0.25317428741529147,-0.9674206841864399,-0.25317428741529147,-10.143543041614656,-2.4430612271105883,0.0,,0.9814814814814815,1.0,100.0,0,1.0584603833550355,7.56,0.523,82.02191666666667,0.0,0.0,-6.325000000000001,317,11,2014,43
2014-11-14,4.13,8.6,19,0.49,-0.7,6.1,2.15,12.7,10.6,-9.678705134133816,-4.106032578188303,90.41666666666667,106.33333333333333,467.0,68.875,1018.7583333333333,1017.1,0.7125,-1.4,,,,247.40815779549922,0.9916093332612539,2.626315789473684,10.326315789473684,12.2,90.6842105263158,-9.57313033151222,-3.6591366871649456,249.3659001563578,0.0,0,16,11.55,11.69,11.69,13.79,13.86,0.0,13.86,7.070833333333326,2.658333333333303,1.0321428571428442,0.0,,,1.4375,0.7,-0.9232649238734195,-0.3841638717331562,-0.9358499698145051,-0.35239868614708264,-8.751162558779326,-3.712537789445258,0.0,,0.3532934131736527,1.0,52.45099999999999,1,0.6630608460872575,11.69,0.5078333333333332,42.647684210526315,47.38300633668064,10.6,-1.2291666666666665,318,11,2014,44
2014-11-15,2.45,5.9,20,0.28,-1.9,4.6,1.1958333333333333,11.8,8.233333333333333,-7.600984006244204,-1.52436439179742,93.54166666666667,107.66666666666667,470.0,72.91666666666667,1025.0583333333334,1021.6,0.23333333333333336,-2.5,,,,258.42283457556107,0.9376961115790033,1.4949999999999999,8.47,11.8,92.95,-7.9511621246972055,-1.0871349102832768,263.1657527524052,0.0,0,17,6.58,14.0,14.14,16.240000000000002,16.310000000000002,0.0,16.310000000000002,6.300000000000068,17.32500000000016,7.773809523809518,0.0,,,0.9624999999999999,0.6000000000000001,-0.9796553091012795,-0.20068750671049868,-0.9928945574524403,-0.11899746964252148,-7.110087122507599,-1.4259158581605034,0.0,,0.17500000000000002,0.9900990099009901,28.910000000000004,2,0.4657776539062499,14.0,0.48580555555555555,20.751500000000004,95.17541063262657,16.466666666666665,-0.9541666666666666,319,11,2014,45
2014-11-16,0.0,0.0,0,0.0,-2.1,6.4,2.529166666666667,6.2,4.133333333333334,-2.655247687298192,-2.0412084117798615,85.91666666666667,116.91666666666667,483.0,57.416666666666664,1026.6166666666666,1024.2,0.3458333333333334,-3.0,,,,233.22345314454822,0.7780198788191157,0.0,0.0,0.0,0.0,0.0,0.0,,0.041666666666666664,0,0,2.45,6.58,14.14,16.240000000000002,16.310000000000002,0.0,16.310000000000002,1.5583333333331666,14.92916666666656,8.51130952380936,0.0,,,2.1833333333333336,0.8999999999999999,-0.800976504939175,-0.5986957812908186,-0.800976504939175,-0.5986957812908186,-2.2813003046703635,-1.7537382271208646,1.0,,0.0,0.4653465346534653,0.0,3,0.0,3.29,0.5065555555555555,0.0,-0.0,12.400000000000002,1.3333333333333335,320,11,2014,46
2014-11-17,2.38,7.3999999999999995,10,0.63,0.3,9.4,4.108333333333333,7.9,5.825,-3.9177891297869594,-3.1517519949027135,84.04166666666667,110.375,458.0,64.91666666666667,1020.125,1017.6,1.4708333333333332,-2.8,,,,227.78293756808026,0.8496402275147352,5.17,6.74,7.9,91.6,-6.303722107671836,-2.2036128330957903,251.2062733923198,0.125,0,8,2.38,4.83,16.52,16.52,18.69,0.0,18.69,-6.491666666666561,1.3666666666666742,2.113690476190527,0.0,,,2.6375,3.0999999999999996,-0.7406045279953334,-0.6719411678955305,-0.9466845397476739,-0.32216204339235094,-3.292575281158457,-2.6487849057161554,0.0,,0.49275362318840576,0.2923728813559322,18.802,4,0.2631728137499998,4.83,0.5626111111111111,16.0412,0.0,23.3,1.5791666666666666,321,11,2014,47
2014-11-18,1.8900000000000001,7.0,16,0.28,0.7,5.0,2.245833333333333,8.9,6.970833333333334,-6.719471043328628,0.3952716692628386,94.0,101.125,445.0,73.66666666666667,1022.8291666666668,1018.4,1.3625,0.1,,,,272.12883587688503,0.9611628386486828,2.59375,7.28125,8.8,93.375,-7.069799241042431,0.8585019097678798,277.29611249954826,0.0,0,14,4.27,4.27,18.41,18.41,20.580000000000002,0.0,20.580000000000002,2.704166666666765,-2.2291666666666288,3.85654761904766,0.0,,,0.8833333333333331,0.6,-0.9993098251364597,0.03714664703224657,-0.9919030616002483,0.12699730858586727,-6.316302780728911,0.37155536910706827,0.0,,0.4426229508196722,0.23193916349809884,16.821,5,0.3180948211669922,4.27,0.4918611111111111,13.7615625,0.0,34.85416666666667,-1.8625000000000003,322,11,2014,48
2014-11-19,0.0,0.1,0,0.0,-0.8,5.4,2.1875,6.6,4.479166666666667,-2.775094275568337,-0.5639104845925068,86.0,114.58333333333333,465.0,42.166666666666664,1027.3166666666666,1026.1,0.0041666666666666805,-2.1,,,,246.45802208185887,0.49059132636066227,0.0,0.0,0.0,0.0,0.0,0.0,,0.0,1,0,1.8900000000000001,4.27,18.27,18.41,20.580000000000002,1.0,20.580000000000002,4.487499999999841,0.7000000000000455,5.546428571428578,0.0,,,2.183333333333333,1.3,-0.9167676836257859,-0.3994208485537666,-0.9167676836257859,-0.3994208485537666,-2.38658107698877,-0.4849630167495559,1.0,,0.0,0.23371647509578541,0.0,6,0.0,2.135,0.48305555555555557,0.0,-0.0,26.875,-0.058333333333333126,323,11,2014,49
2014-11-20,0.0,0.0,0,0.0,1.0,8.5,4.091666666666667,4.9,3.091666666666667,0.8553111194097428,-1.738751430075731,70.70833333333333,104.125,460.0,65.54166666666667,1026.7208333333333,1024.7,-0.9041666666666667,-3.7,,,,159.74843940025315,0.5545268282363527,0.0,0.0,0.0,0.0,0.0,0.0,,0.2916666666666667,0,0,0.0,1.8900000000000001,10.850000000000001,18.41,20.580000000000002,1.0,20.580000000000002,-0.595833333333303,6.595833333333303,2.8029761904761017,0.0,,,4.995833333333334,4.7,0.34614261103307914,-0.9381819081751697,0.34614261103307914,-0.9381819081751697,0.6047762373493056,-1.229442157016048,2.0,,0.0,0.17419354838709677,0.0,6,0.0,0.63,0.494,0.0,-0.0,18.55,1.9041666666666668,324,11,2014,50
2014-11-21,0.0,0.0,0,0.0,1.1,12.4,5.729166666666667,5.4,3.7708333333333335,-0.26726107204489374,-3.104806198787049,58.708333333333336,145.04166666666666,575.0,29.458333333333332,1025.7666666666667,1024.4,-2.404166666666667,-6.1,,,,187.34416946952,0.7162460009087257,0.0,0.0,0.0,0.0,0.0,0.0,,0.7083333333333334,0,0,0.0,0.0,6.720000000000001,18.41,20.580000000000002,1.0,20.580000000000002,-0.9541666666666515,2.9374999999998863,0.8476190476189913,0.0,,,8.133333333333333,7.199999999999999,-0.12782922484506057,-0.9917961934165259,-0.12782922484506057,-0.9917961934165259,-0.15690452104635638,-1.8227799725378966,3.0,,,0.0,0.0,6,0.0,0.0,0.5679444444444445,0.0,-0.0,22.625,1.6375000000000002,325,11,2014,51
2014-11-22,0.0,0.0,0,0.0,2.3,13.7,7.183333333333334,5.6,4.379166666666666,-2.007110884754937,-2.544127484470664,64.5,134.04166666666666,535.0,36.333333333333336,1024.1083333333333,1021.6,0.45416666666666666,-4.9,,,,223.92516042591564,0.7112298700631986,0.0,0.0,0.0,0.0,0.0,0.0,,0.5833333333333334,0,0,0.0,0.0,4.27,18.41,20.580000000000002,1.0,20.580000000000002,-1.658333333333303,-3.2083333333332575,-0.6749999999999545,0.0,,,6.729166666666667,7.2,-0.6937181786566233,-0.7202465470943525,-0.6937181786566233,-0.7202465470943525,-1.2945865206669342,-1.6409622274835782,4.0,,,0.0,0.0,5,0.0,0.0,0.6088055555555556,0.0,-0.0,21.895833333333332,1.4541666666666666,326,11,2014,52
2014-11-23,0.0,1.2000000000000002,0,0.0,2.2,11.2,5.5625,5.9,3.6625,-0.7880502159194679,0.23480696523456593,89.45833333333333,88.5,386.0,70.83333333333333,1025.3333333333333,1023.4,3.9166666666666665,-0.4,,,,275.4949243232968,0.1908747116294321,0.0,0.0,0.0,0.0,0.0,0.0,,0.20833333333333334,0,0,0.0,0.0,4.27,18.41,20.580000000000002,1.0,20.580000000000002,1.224999999999909,-1.3875000000000455,0.7333333333333485,0.0,,,1.6458333333333335,2.6,-0.9954046851749597,0.09575757271223655,-0.9954046851749597,0.09575757271223655,-0.7049765889912907,0.2100543976494221,5.0,,,0.0,0.0,6,0.0,0.0,0.6060833333333333,0.0,-0.0,21.975,-1.6208333333333336,327,11,2014,53
2014-11-24,0.0,0.5,0,0.0,0.4,13.6,6.6000000000000005,7.2,4.3125,-2.581787103327513,-1.823200671025275,82.66666666666667,119.04166666666667,523.0,54.5,1021.6875,1019.2,3.533333333333333,-1.6,,,,226.91787586391538,0.7553033945026216,0.0,0.0,0.0,0.0,0.0,0.0,,0.25,0,0,0.0,0.0,1.8900000000000001,18.41,20.580000000000002,1.0,20.580000000000002,-3.6458333333332575,-4.0791666666666515,-3.135714285714357,0.0,,,3.0666666666666673,2.0,-0.730375417497668,-0.6830459351428038,-0.730375417497668,-0.6830459351428038,-2.1342773387507443,-1.507179221380894,6.0,,,0.0,0.0,6,0.0,0.0,0.6571388888888888,0.0,-0.0,25.875,1.0375000000000005,328,11,2014,54
2014-11-25,4.27,27.8,8,0.77,4.8,7.3,5.691666666666666,6.1,4.166666666666667,2.3341445854926186,-1.2463883966166966,99.75,12.0,50.0,97.91666666666667,1016.3083333333334,1013.8,5.629166666666666,4.8,,,,115.9121107495829,0.4973796716992319,6.225,4.2125,5.8,99.875,4.037557468032144,0.8074866837318846,75.81874055401418,0.0,0,8,4.27,4.27,4.27,22.68,24.85,1.0,24.85,-5.379166666666606,-7.7999999999999545,-7.583333333333144,0.0,,,0.0625,0.0,0.8994654309941033,-0.4369919203447498,0.9695255342481076,0.24499028233977244,2.328309224028887,-1.2432724256251548,0.0,,1.0,1.0,26.046999999999997,0,0.3817617685546874,4.27,0.5027222222222222,17.987375,0.0,0.0,-0.9083333333333341,329,11,2014,55
2014-11-26,0.0,18.6,0,0.0,5.1,8.0,6.308333333333334,7.9,5.670833333333333,0.4950180901212498,-4.683684745055222,99.625,26.416666666666668,126.0,95.5,1014.6999999999999,1013.7,6.254166666666666,5.1,,,,176.53851847655642,0.8367337127559822,0.0,0.0,0.0,0.0,0.0,0.0,,0.0,0,0,4.27,4.27,4.27,22.54,24.85,0.0,24.85,-1.6083333333334622,-10.633333333333326,-7.38928571428562,0.0,,,0.05416666666666714,0.0,0.06037750547808686,-0.9981756142243927,0.06037750547808686,-0.9981756142243927,0.49316177228329516,-4.666120927261265,1.0,,0.0,1.0,0.0,1,0.0,2.135,0.5274722222222222,0.0,-0.0,5.670833333333333,0.6166666666666671,330,11,2014,56
2014-11-27,0.0,0.8,0,0.0,4.3,10.7,6.829166666666667,8.0,4.708333333333333,-3.3921591523378862,-1.1976185085926263,87.83333333333333,93.20833333333333,372.0,55.208333333333336,1022.7541666666666,1017.4,4.779166666666667,3.6,,,,247.65196608465465,0.6772552795339741,0.0,0.0,0.0,0.0,0.0,0.0,,0.2916666666666667,0,0,0.0,4.27,4.27,15.12,24.78,0.0,24.85,8.054166666666674,1.066666666666606,1.2315476190476602,0.0,,,2.05,0.6999999999999997,-0.9248912762281698,-0.380231675636088,-0.9248912762281698,-0.380231675636088,-2.9794464554701094,-1.0519082567138567,2.0,,0.0,1.0,0.0,2,0.0,1.4233333333333331,0.5926944444444444,0.0,-0.0,9.416666666666666,0.520833333333333,331,11,2014,57
2014-11-28,0.0,0.2,0,0.0,1.6,14.3,7.733333333333333,8.5,4.629166666666666,-0.5574155807509813,-4.279816378493032,83.70833333333333,93.29166666666667,422.0,54.416666666666664,1022.1416666666668,1016.8,4.979166666666667,-0.5,,,,193.52129787295326,0.9078005176402242,0.0,0.0,0.0,0.0,0.0,0.0,,0.16666666666666666,0,0,0.0,0.0,4.27,10.989999999999998,24.78,0.0,24.85,-0.6124999999998408,5.833333333333371,1.136904761904816,0.0,,,2.7541666666666664,2.1,-0.23380679512810065,-0.9722830773760933,-0.23380679512810065,-0.9722830773760933,-0.46660329238696724,-3.5825629601635423,3.0,,,0.0,0.0,3,0.0,0.0,0.6589999999999999,0.0,-0.0,13.8875,0.9041666666666668,332,11,2014,58
2014-11-29,0.0,35.8,0,0.0,7.4,14.1,9.933333333333334,9.0,6.358333333333333,-3.8243411879018656,-2.3855324846509633,96.625,53.208333333333336,325.0,90.33333333333333,1015.7375000000001,1013.6,9.4,6.8,,,,242.2417576695903,0.6928528752168304,0.0,0.0,0.0,0.0,0.0,0.0,,0.0,0,0,0.0,0.0,4.27,8.54,24.78,0.0,24.85,-6.404166666666697,1.0375000000001364,-4.071428571428555,0.0,,,0.5333333333333332,0.6000000000000005,-0.8849206469550586,-0.465741826114684,-0.8849206469550586,-0.465741826114684,-3.695269672810178,-2.305020763293993,4.0,,,0.0,0.0,4,0.0,0.0,0.6708888888888889,0.0,-0.0,25.433333333333334,2.2,333,11,2014,59
2014-11-30,0.0,3.4,0,0.0,7.1,14.4,9.904166666666667,7.1,2.625,-0.05378900238448834,-2.0351629133528446,89.75,82.5,420.0,84.45833333333333,1015.5041666666666,1008.9,8.120833333333334,7.1,,,,199.05687203007255,0.7410385668496763,0.0,0.0,0.0,0.0,0.0,0.0,,0.041666666666666664,0,0,0.0,0.0,4.27,8.54,24.78,0.0,24.85,-0.23333333333346218,-7.25,-2.900595238095434,0.0,,,1.7833333333333332,0.0,-0.3265065196055443,-0.9451949495501308,-0.3265065196055443,-0.9451949495501308,-0.04827562964007828,-1.826558714734178,5.0,,,0.0,0.0,5,0.0,0.0,0.6741666666666667,0.0,-0.0,13.125,-0.029166666666666785,334,11,2014,60
2014-12-01,2.24,37.5,7,0.77,2.7,14.1,9.041666666666666,13.1,9.641666666666667,-4.647044258121022,-4.702282744652716,98.125,38.875,249.0,95.375,1000.85,996.1,8.737499999999999,2.6,,,,214.33343544012106,0.6722954815294572,5.6571428571428575,12.042857142857143,13.1,98.0,-11.526519940261423,-3.363915953480153,253.43183314394673,0.0,0,7,2.24,2.24,6.51,8.399999999999999,27.02,0.0,27.09,-14.654166666666583,-21.291666666666742,-14.577976190476193,0.0,,,0.30416666666666714,0.10000000000000009,-0.5640080296540836,-0.825769303429062,-0.9584811530542298,-0.28515588585865487,-4.559912178281253,-4.6141149431904775,0.0,,1.0,0.34408602150537637,29.344,6,0.20658971428571427,2.24,0.6663333333333333,26.976000000000003,0.0,57.85000000000001,-0.8625000000000007,335,12,2014,61
2014-12-02,11.13,16.7,24,0.77,-4.9,2.0,-1.2208333333333334,14.7,12.770833333333334,-11.530411600014466,-5.207996970306518,86.41666666666667,90.875,372.0,86.95833333333333,1007.5666666666666,1002.0,-3.220833333333333,-6.8,,,,245.63266279391337,0.9903338849117554,-1.2208333333333334,12.770833333333334,14.7,86.41666666666667,-11.530411600014466,-5.207996970306518,245.63266279391337,0.0,1,24,13.370000000000001,13.370000000000001,13.370000000000001,17.64,38.15,1.0,38.22,6.716666666666583,-8.170833333333462,-6.612500000000068,0.0,,,1.9999999999999998,1.8999999999999995,-0.9109190126190014,-0.4125852062898325,-0.9109190126190014,-0.4125852062898325,-9.964197357679168,-4.500577381839883,0.0,0.0,0.8324607329842932,1.0,100.0,0,2.6237836759440105,13.370000000000001,0.3930833333333334,142.13937500000003,379.4850631091381,0.0,-10.2625,336,12,2014,62
2014-12-03,5.18,7.9,24,0.49,-7.0,0.9,-3.225,16.2,12.291666666666666,-8.699478021220079,-8.3425425268751,84.04166666666667,104.29166666666667,440.0,87.375,1015.6750000000001,1012.3,-5.566666666666666,-9.0,,,,223.95525360915988,0.9756540030877463,-3.225,12.291666666666666,16.2,84.04166666666667,-8.699478021220079,-8.3425425268751,223.95525360915988,0.0,1,24,16.310000000000002,18.55,18.55,22.82,41.23,2.0,43.4,8.108333333333462,0.17083333333346218,1.3565476190476602,0.0,,,2.3416666666666663,2.0,-0.6940963745405284,-0.7198820895464023,-0.6940963745405284,-0.7198820895464023,-7.311186320333709,-7.011211781961282,0.0,1.0,0.2792452830188679,1.0,83.916,1,1.4494978841145836,18.55,0.36966666666666664,63.67083333333333,493.7678733544242,12.291666666666666,-2.0041666666666664,337,12,2014,63
2014-12-04,13.93,23.6,24,0.98,-2.2,3.0,0.7916666666666666,9.7,7.245833333333334,-6.06978533710685,-3.219078812756363,93.375,37.166666666666664,174.0,99.16666666666667,1013.9125,1010.0,-0.16666666666666666,-3.7,,,,244.3255150565781,0.9511325108396691,0.7916666666666666,7.245833333333334,9.7,93.375,-6.06978533710685,-3.219078812756363,244.3255150565781,0.0,1,24,19.11,30.240000000000002,32.480000000000004,36.75,55.16,3.0,57.33,-1.7625000000000455,13.0625,0.8571428571427759,0.0,,,0.9583333333333333,1.5,-0.9012700497895311,-0.43325777240850083,-0.9012700497895311,-0.43325777240850083,-5.667662058523522,-3.0058148414112544,0.0,0.0,0.4606481481481481,0.9310344827586207,100.0,0,2.9163526654730902,30.240000000000002,0.4026944444444444,100.93445833333334,0.0,0.0,4.016666666666667,338,12,2014,64
2014-12-05,10.15,14.5,24,1.19,-5.3,-0.5,-2.2916666666666665,11.9,7.391666666666667,-6.818874267405822,-1.2809254127160856,87.95833333333333,104.16666666666667,473.0,90.45833333333333,1009.6166666666667,1008.0,-4.070833333333334,-6.6,,,,264.04358005963263,0.9126691362672348,-2.2916666666666665,7.391666666666667,11.9,87.95833333333333,-6.818874267405822,-1.2809254127160856,264.04358005963263,0.0,0,24,24.08,29.259999999999998,42.63,46.9,65.31,3.0,67.48,-4.2958333333333485,2.050000000000068,-1.6494047619047478,0.0,,,1.7791666666666672,1.2999999999999998,-0.9946011136496334,-0.10377198430650185,-0.9946011136496334,-0.10377198430650185,-5.997768157705703,-1.1266806442681903,0.0,0.0,0.3468899521531101,0.6863711001642036,100.0,1,2.8308268500434037,29.259999999999998,0.3626388888888889,75.02541666666667,0.0,7.391666666666667,-3.083333333333333,339,12,2014,65
2014-12-06,6.09,8.4,22,0.98,-7.1,-1.6,-4.604166666666667,8.8,6.379166666666666,-6.061485385633705,-1.6089156552226453,81.875,120.0,533.0,95.79166666666667,1012.6374999999999,1010.4,-7.316666666666666,-9.0,,,,254.9993794190013,0.9833359125942706,-4.8500000000000005,6.304545454545454,8.8,83.68181818181819,-5.958881088851957,-1.7209244525202314,253.89868363492377,0.0,0,12,16.240000000000002,30.17,48.72,52.99,71.4,3.0,73.57,3.0208333333332575,-3.0375000000001364,1.8142857142856883,0.0,,,2.7124999999999995,1.9000000000000004,-0.9659230229163042,-0.25882950720547465,-0.9607727826262807,-0.27733672703872736,-4.962841159487596,-1.317299692713541,0.0,1.0,0.20185614849187933,0.6192528735632185,53.592000000000006,2,2.0827371796875003,30.17,0.3529166666666666,38.394681818181816,127.80558502026949,12.758333333333333,-2.3125000000000004,340,12,2014,66
2014-12-07,2.73,3.6,14,0.49,-8.4,-1.3,-5.329166666666667,7.9,6.233333333333333,-5.107054096761154,-2.01819712795395,86.125,103.16666666666667,469.0,69.25,1023.2875,1017.0,-7.354166666666667,-10.0,,,,244.05899920903835,0.8675278576129348,-5.114285714285714,6.971428571428571,7.9,86.28571428571429,-6.786908462144077,-0.9462031471675552,261.5983049676264,0.041666666666666664,0,14,8.82,18.97,51.45,55.72,74.13,3.0,76.3,10.650000000000091,9.375,11.352380952381054,0.0,,,2.0250000000000004,1.5999999999999996,-0.8992449738235472,-0.43744539893921375,-0.989268010824978,-0.14611229502814338,-4.398450340835544,-1.7381722764503393,0.0,2.0,0.14391143911439117,0.3687074829931972,21.567,3,0.9416577857142858,18.97,0.35586111111111113,19.031999999999996,607.1568310234143,18.7,-0.7249999999999996,341,12,2014,67
2014-12-08,0.77,0.5,10,0.14,-9.4,1.3,-3.591666666666667,7.9,5.595833333333334,-2.7992332006501104,-4.049773772977098,85.5,121.75,540.0,63.333333333333336,1026.3125,1025.1,-5.733333333333333,-11.1,,,,214.49326967629122,0.88390521828304,-2.67,5.47,7.9,91.3,-2.371267409288733,-4.755681211854815,209.1043807200278,0.041666666666666664,1,7,3.5,9.59,49.98,56.49,74.9,4.0,77.07,3.0249999999999773,16.695833333333326,10.739880952380986,0.0,,,2.1416666666666666,1.6999999999999993,-0.5663094259562556,-0.8241927165858094,-0.4864021858681347,-0.8737350362568166,-2.3933443865558446,-3.462556575895419,0.0,3.0,0.08029197080291971,0.19187675070028012,6.083,4,0.22722100843750007,9.59,0.39505555555555555,4.2119,67.42698878312463,22.383333333333336,1.7374999999999998,342,12,2014,68
2014-12-09,2.87,4.7,13,0.42,-4.7,1.3,-2.2624999999999997,11.5,7.283333333333334,-5.969367654237687,-1.1306758631772003,90.5,89.25,427.0,74.33333333333333,1029.4791666666667,1026.1,-3.6458333333333335,-5.8,,,,253.30849892795078,0.8484182187688597,-1.7153846153846155,8.261538461538462,11.5,91.3076923076923,-6.959697387390397,0.4667236407166723,267.6712867261707,0.0,1,9,3.64,6.37,41.72,55.089999999999996,77.77,4.0,79.94,3.1666666666667425,16.84166666666681,10.77619047619055,0.0,,,1.3833333333333337,1.0999999999999996,-0.9578651097222037,-0.28721843878287234,-0.9991741579518588,-0.04063252491777716,-5.402277727085107,-1.0232616561753662,0.0,4.0,0.45054945054945056,0.15268456375838926,33.005,5,0.7537729153106509,6.37,0.3900555555555556,23.710615384615387,103.5834961156629,36.41666666666667,1.329166666666667,343,12,2014,69
2014-12-10,0.0,0.0,0,0.0,-5.8,5.8,-1.6833333333333333,10.5,4.3875,-0.44672969426234926,-3.898895307522336,76.54166666666667,124.125,534.0,66.95833333333333,1027.9333333333334,1021.0,-5.5,-7.6,,,,189.80906758455677,0.8562015330258612,0.0,0.0,0.0,0.0,0.0,0.0,,0.125,1,0,2.87,3.64,36.540000000000006,55.09,77.77,4.0,79.94,-1.5458333333333485,4.645833333333371,7.4791666666667425,0.0,,,3.8166666666666664,1.7999999999999998,-0.17036544690517272,-0.9853809489232075,-0.17036544690517272,-0.9853809489232075,-0.34193435348330653,-2.984279449966055,1.0,5.0,0.0,0.09961685823754787,0.0,6,0.0,1.82,0.4667777777777778,0.0,-0.0,26.325000000000003,0.5791666666666664,344,12,2014,70
2014-12-11,8.959999999999999,27.7,17,1.54,-2.4,4.9,2.025,11.6,9.1625,-5.534214937108003,-4.406029850087729,90.79166666666667,19.625,78.0,97.0,1014.1666666666666,1011.7,0.65,-6.4,,,,233.4975708014033,0.7828968701557009,2.8823529411764706,8.935294117647059,11.6,94.3529411764706,-7.440481130137454,-2.2672119481310262,253.20729149046483,0.0,0,14,8.959999999999999,11.829999999999998,31.57,64.05000000000001,86.72999999999999,3.0,88.9,-13.766666666666765,-12.145833333333371,-6.323809523809587,0.0,,,1.375,4.0,-0.8038316408874898,-0.5948568677489785,-0.9573562721155753,-0.28890996563110904,-5.024605978315974,-4.000307934725485,0.0,6.0,0.757396449704142,0.3747228381374722,100.0,6,1.4162777854671282,11.829999999999998,0.4246111111111111,80.06023529411765,0.0,54.974999999999994,3.708333333333333,345,12,2014,71
2014-12-12,6.23,9.1,24,0.49,-4.0,1.6,-0.6583333333333333,10.6,5.754166666666666,-3.9995683540082143,1.4697093497056282,90.75,58.708333333333336,276.0,90.125,1015.4375,1012.0,-2.0,-5.3,,,,288.6821990183995,0.7335120975385014,-0.6583333333333333,5.754166666666666,10.6,90.75,-3.9995683540082143,1.4697093497056282,288.6821990183995,0.0,1,24,15.19,15.19,27.650000000000002,70.28,92.82,4.0,95.13,1.2708333333333712,-14.041666666666742,-5.884523809523785,0.0,,,1.3416666666666668,1.2999999999999998,-0.9473098419133111,0.3203186903915808,-0.9473098419133111,0.3203186903915808,-3.629608281262455,1.3337612348578576,0.0,7.0,0.4101382488479263,0.5493670886075949,66.038,1,1.540633910915799,15.19,0.37719444444444444,35.84845833333333,20.331139132875695,5.754166666666666,-2.683333333333333,346,12,2014,72
2014-12-13,7.21,10.4,24,0.49,-6.2,-1.5,-4.0625,12.8,9.25,-8.603815893084915,-2.9768950559878107,86.625,102.41666666666667,465.0,89.79166666666667,1013.9833333333332,1012.1,-6.029166666666666,-7.6,,,,251.35258235286068,0.9839981437232024,-4.0625,9.25,12.8,86.625,-8.603815893084915,-2.9768950559878107,251.35258235286068,0.0,0,24,13.440000000000001,22.400000000000002,28.770000000000003,77.49000000000001,92.61,4.0,102.34,-1.4541666666667652,-13.95000000000016,-7.530952380952499,0.0,,,1.966666666666666,1.3999999999999995,-0.9475041166390754,-0.31974356749120925,-0.9475041166390754,-0.31974356749120925,-7.453055517384808,-2.578735342249441,0.0,8.0,0.32187499999999997,0.778588807785888,92.28800000000001,2,2.241683349609375,22.400000000000002,0.3570277777777778,66.6925,0.0,18.5,-3.404166666666667,347,12,2014,73
2014-12-14,5.39,7.7,24,0.49,-7.3,-2.6,-5.045833333333333,8.1,6.6625000000000005,-6.285190133486988,-0.5547024077452717,86.125,82.625,372.0,85.58333333333333,1020.8249999999999,1015.9,-7.075,-8.8,,,,264.6718251729022,0.9493742475053639,-5.045833333333333,6.6625000000000005,8.1,86.125,-6.285190133486988,-0.5547024077452717,264.6718251729022,0.0,0,24,12.6,18.83,31.43,82.88000000000001,93.87,4.0,107.73,6.841666666666697,6.658333333333303,-0.33750000000020464,0.0,,,2.029166666666667,1.5000000000000009,-0.9956791551616105,-0.09286021740584866,-0.9956791551616105,-0.09286021740584866,-5.413120002465669,-0.47773744867061524,0.0,9.0,0.28624535315985133,0.599109131403118,43.659,3,1.8585794666341147,18.83,0.3421666666666667,35.910875,313.90858355856443,19.9875,-0.9833333333333334,348,12,2014,74
2014-12-15,3.57,5.1,16,0.49,-8.1,-2.4,-5.366666666666666,8.7,5.941666666666666,-4.245233160138082,-1.4733649009666925,87.75,76.0,359.0,93.95833333333333,1027.7458333333334,1024.7,-7.0874999999999995,-9.4,,,,239.91827870913403,0.7093181855073933,-5.31875,7.1375,8.7,87.4375,-6.277834379276895,-0.4766501791095697,266.8381414991379,0.0,0,16,8.959999999999999,16.169999999999998,34.23,84.21,94.99,3.0,111.3,6.920833333333462,12.308333333333394,6.37857142857149,0.0,,,1.7208333333333332,1.3000000000000007,-0.8653113703307203,-0.5012347078728399,-0.9984777030323297,-0.05515683590710068,-3.7251920980211675,-1.2928777005982726,0.0,10.0,0.2207792207792208,0.4723926380368098,31.058999999999997,4,1.245218701904297,16.169999999999998,0.3431666666666666,25.480875,351.92754800929515,23.766666666666666,-0.32083333333333286,349,12,2014,75
2014-12-16,15.12,24.0,18,1.89,-6.5,1.6,-2.370833333333333,11.9,8.133333333333333,-2.256493548031464,-4.869283285454914,88.16666666666667,32.833333333333336,123.0,98.16666666666667,1009.9791666666666,1000.7,-4.0625,-9.1,,,,195.50292167010434,0.7076704342550023,-1.1166666666666667,9.238888888888889,11.9,90.11111111111111,-3.2246776954442664,-4.9110438780103935,207.16374521777195,0.0,1,18,18.689999999999998,24.08,46.480000000000004,88.2,110.11,3.0,126.42,-17.766666666666765,-4.004166666666606,-8.60238095238094,0.0,,,1.6916666666666669,2.5999999999999996,-0.2672875139100894,-0.9636168247326132,-0.45653504375149817,-0.8897054309302701,-1.989475144847741,-4.293084763342749,0.0,0.0,0.627906976744186,0.5180722891566264,100.0,0,3.7168158125000006,24.08,0.35133333333333333,139.692,0.0,0.0,2.995833333333333,350,12,2014,76
2014-12-17,12.6,18.1,24,0.84,-8.6,-4.0,-5.720833333333334,12.8,11.108333333333334,-10.901559701500199,-1.0908893833607232,86.04166666666667,70.41666666666667,335.0,97.875,1003.625,1001.0,-7.695833333333333,-10.5,,,,263.7746961001464,0.9855009109584065,-5.720833333333334,11.108333333333334,12.8,86.04166666666667,-10.901559701500199,-1.0908893833607232,263.7746961001464,0.0,0,24,27.72,31.29,59.08,95.62,120.33,2.0,139.02,-6.354166666666629,-17.199999999999932,-11.483928571428578,0.0,,,1.9749999999999988,1.9000000000000004,-0.9941031705799447,-0.10843839837853257,-0.9941031705799447,-0.10843839837853257,-9.379883659832464,-0.9386194069332889,0.0,0.0,0.40268456375838924,0.5296208530805687,100.0,1,4.26444798828125,31.29,0.33375,139.965,0.0,11.108333333333334,-3.350000000000001,351,12,2014,77
2014-12-18,9.73,13.9,24,0.7,-9.3,-4.1,-6.804166666666667,14.5,9.845833333333333,-9.7118725822969,0.5490473906171123,87.625,54.041666666666664,219.0,94.16666666666667,1019.7708333333334,1009.7,-8.541666666666666,-10.7,,,,273.16597688775545,0.9873639036450028,-6.804166666666667,9.845833333333333,14.5,87.625,-9.7118725822969,0.5490473906171123,273.16597688775545,0.0,0,24,22.33,37.45,59.85,91.42,128.17,2.0,148.75,16.14583333333337,-7.975000000000023,3.8613095238094957,0.0,,,1.737499999999999,1.3999999999999986,-0.9984737358120543,0.05522860575390177,-0.9984737358120543,0.05522860575390177,-8.51002835023766,0.4811027760282446,0.0,1.0,0.25981308411214954,0.6257309941520468,100.0,2,3.5845390208875876,37.45,0.3281111111111111,95.79995833333334,1458.2983674355226,19.691666666666666,-1.083333333333333,352,12,2014,78
2014-12-19,0.77,1.0,6,0.21,-7.7,1.2,-4.516666666666667,6.9,4.770833333333333,-2.4681733081006816,-3.4347595367948376,78.16666666666667,121.16666666666667,496.0,52.291666666666664,1031.8208333333334,1028.6,-8.004166666666666,-9.5,,,,214.09153757437258,0.8926294031867334,-6.766666666666667,6.2,6.9,90.66666666666667,-5.385015652751773,-2.7131664152015365,242.00904527096003,0.20833333333333334,1,6,10.5,23.1,54.39,82.03999999999999,128.94,2.0,149.52,12.050000000000068,21.84166666666681,13.57083333333344,0.0,,,3.4875,1.7999999999999998,-0.5605166862641736,-0.8281431303943962,-0.8830216972187669,-0.46933216621161644,-1.9292888024986996,-2.6848370379279647,0.0,2.0,0.03333333333333333,0.42471042471042475,5.313000000000001,3,0.29774456250000003,23.1,0.36800000000000005,4.774,499.64867734057606,14.3125,2.2875000000000005,353,12,2014,79
2014-12-20,12.6,23.3,12,2.31,-6.9,3.4,-0.9291666666666667,8.8,5.791666666666667,-0.6410468514783355,-3.9813073509509427,81.58333333333333,74.20833333333333,433.0,96.54166666666667,1017.475,1010.7,-3.7624999999999997,-10.1,,,,186.1948890907112,0.7158504662071083,2.308333333333333,5.8500000000000005,8.8,91.16666666666667,-1.8909561862233801,-2.3376903683577495,210.26397140335348,0.0,0,12,13.37,23.1,59.78,88.55000000000001,141.54,2.0,162.12,-14.345833333333417,13.850000000000023,-1.2738095238094047,0.0,,,2.833333333333333,3.1999999999999993,-0.10791067482845464,-0.9941605937966298,-0.5039846057533878,-0.8637126357554359,-0.5229873896644087,-3.2480832471508103,0.0,0.0,0.5454545454545454,0.38641686182669793,100.0,4,2.2457022656250007,23.1,0.3969722222222222,73.71000000000001,0.0,23.166666666666668,3.5875,354,12,2014,80
2014-12-21,8.61,13.8,24,0.77,-2.0,2.0,-0.10833333333333334,10.0,7.958333333333333,-7.658252665401588,-1.8344404824747966,91.08333333333333,71.16666666666667,359.0,92.41666666666667,1014.1208333333334,1012.7,-1.4124999999999999,-3.9,,,,256.39132111938545,0.9888967953610301,-0.10833333333333334,7.958333333333333,10.0,91.08333333333333,-7.658252665401588,-1.8344404824747966,256.39132111938545,0.0,1,24,21.21,21.979999999999997,63.0,94.43,150.15,3.0,170.73,-3.3541666666666288,-5.649999999999977,-3.6702380952380054,0.0,,,1.3041666666666665,1.9,-0.9719253712665269,-0.23528933823788933,-0.9719253712665269,-0.23528933823788933,-6.975391802736612,-1.670869539454127,0.0,1.0,0.39171974522292996,0.34888888888888886,86.1,5,1.9593701139322912,21.979999999999997,0.39549999999999996,68.52125,0.0,39.791666666666664,0.8208333333333333,355,12,2014,81
2014-12-22,9.8,14.0,24,1.12,-5.0,-1.6,-3.4583333333333335,12.0,9.716666666666667,-9.062447393679706,-3.084548717526895,85.375,106.95833333333333,463.0,89.70833333333333,1014.4958333333334,1012.9,-5.616666666666667,-6.9,,,,250.42205445019684,0.9855870805121129,-3.4583333333333335,9.716666666666667,12.0,85.375,-9.062447393679706,-3.084548717526895,250.42205445019684,0.0,0,24,18.41,31.009999999999998,69.23,103.46000000000001,159.95,3.0,180.53,0.375,-17.325000000000045,-1.4023809523807813,0.0,,,2.1583333333333337,1.9000000000000004,-0.9421865059415315,-0.33508892554318825,-0.9421865059415315,-0.33508892554318825,-7.7370644623540485,-2.6334334675885867,0.0,2.0,0.3160270880361174,0.4479271991911021,100.0,6,2.8968081163194443,31.009999999999998,0.3558888888888889,95.22333333333334,16.992088863149448,58.3,-3.35,356,12,2014,82
2014-12-23,5.18,7.2,13,1.05,-7.2,-1.4,-3.658333333333333,11.2,7.158333333333332,-6.144191968947456,-0.7573382045628522,87.41666666666667,102.83333333333333,479.0,68.95833333333333,1024.3291666666667,1017.5,-5.4624999999999995,-9.1,,,,253.0311121432057,0.8166908038248315,-2.9076923076923076,8.938461538461537,11.2,89.07692307692308,-8.742676320391748,1.092086575181446,276.84470192037696,0.041666666666666664,0,13,14.98,23.589999999999996,59.28999999999999,105.77,165.13,2.0,185.71,9.833333333333258,6.854166666666629,6.380952380952294,0.0,,,1.8041666666666663,1.8999999999999995,-0.95646337553297,-0.29185237923319507,-0.9928728276381785,0.11917863960361326,-5.3710478128549015,-0.6620398138220267,0.0,3.0,0.21958456973293772,0.39787485242030696,58.01599999999999,6,1.4847830162721896,23.589999999999996,0.35994444444444446,46.301230769230756,618.981483483731,42.949999999999996,-0.19999999999999973,357,12,2014,83
2014-12-24,3.15,5.3,9,1.26,-7.1,1.5,-2.4125,11.8,7.9125000000000005,-4.952936675242406,-5.60030736373302,82.125,91.83333333333333,398.0,78.875,1017.9875000000001,1013.3,-5.1125,-9.2,,,,220.33868064419968,0.9359422897671463,-0.9444444444444444,8.899999999999999,11.7,87.44444444444444,-7.114493878423419,-4.838401493340236,238.94597329570902,0.0,1,5,8.33,18.13,49.84,108.92,168.28,3.0,188.85999999999999,-6.341666666666583,3.8666666666666742,-2.012499999999932,0.0,,,2.6999999999999997,2.0999999999999996,-0.6473045129750734,-0.7622315051754965,-0.856681267704342,-0.5158461064740932,-4.067599244542826,-4.599252422465742,0.0,4.0,0.17374517374517376,0.3637640449438202,37.17,4,0.7659914062499998,18.13,0.3683055555555555,28.034999999999993,0.0,31.650000000000002,1.2458333333333331,358,12,2014,84
2014-12-25,10.85,15.8,24,1.26,-5.5,-1.2,-2.8166666666666664,9.9,7.420833333333333,-6.888202659205031,2.002004297794668,89.66666666666667,85.33333333333333,449.0,95.58333333333333,1018.4041666666667,1013.8,-4.308333333333334,-6.7,,,,285.3864927063335,0.9596914323481099,-2.8166666666666664,7.420833333333333,9.9,89.66666666666667,-6.888202659205031,2.002004297794668,285.3864927063335,0.0,0,24,14.0,19.18,50.959999999999994,110.81,174.85999999999999,3.0,199.71,0.41666666666662877,3.908333333333303,-1.4005952380952067,0.0,,,1.4916666666666671,1.2000000000000002,-0.9641579814339721,0.26532882775372946,-0.9641579814339721,0.26532882775372946,-6.176421717753844,1.7951305203558858,0.0,0.0,0.5656934306569343,0.3763736263736264,100.0,5,3.154037312282986,19.18,0.3557777777777778,80.51604166666667,15.785464427343426,37.104166666666664,-0.40416666666666634,359,12,2014,85
2014-12-26,4.13,5.7,24,0.28,-7.3,-2.7,-5.3625,11.2,8.220833333333333,-8.038753373881972,-0.48932331721426087,87.20833333333333,86.875,363.0,86.83333333333333,1024.5416666666667,1021.8,-7.2124999999999995,-8.7,,,,264.1367492127964,0.9768254256850318,-5.3625,8.220833333333333,11.2,87.20833333333333,-8.038753373881972,-0.48932331721426087,264.1367492127964,0.0,0,24,14.98,18.13,54.32,108.71000000000001,178.98999999999998,2.0,203.84,6.1375000000000455,0.21250000000009095,5.776785714285893,0.0,,,1.8499999999999996,1.3999999999999995,-0.9947685431031839,-0.1021545185117574,-0.9947685431031839,-0.1021545185117574,-7.01046283813957,-0.4267307095539366,0.0,1.0,0.22779922779922782,0.3337628865979381,46.25599999999999,6,1.4231817999674476,18.13,0.34861111111111115,33.952041666666666,360.16629647506704,49.325,-2.5458333333333334,360,12,2014,86
2014-12-27,2.0300000000000002,2.4,15,0.28,-8.3,-1.9,-5.145833333333333,7.6,5.0,-4.254217070838331,-0.4253776787609748,86.0,109.95833333333333,472.0,57.291666666666664,1030.1791666666666,1027.9,-7.170833333333333,-10.3,,,,255.33064772697512,0.7968146004407959,-4.833333333333333,6.12,7.6,85.93333333333334,-6.062680673843264,0.49684027918926604,274.66151235361707,0.16666666666666666,0,15,6.16,17.009999999999998,43.75,103.53,181.01999999999998,2.0,205.87,5.637499999999818,12.191666666666492,9.59940476190468,0.0,,,2.0250000000000004,2.0,-0.967403350465728,-0.2532405131642326,-0.996692203016216,0.08126901283196473,-3.658626680920965,-0.3658248037344384,0.0,2.0,0.11934156378600826,0.3888,15.428,2,0.6952031041666668,17.009999999999998,0.3599722222222222,12.423600000000002,283.6804070799595,10.0,0.21666666666666679,361,12,2014,87
2014-12-28,1.19,1.7999999999999998,3,0.63,-8.0,3.0,-3.716666666666667,6.1,4.7375,-1.2689967134852338,-4.406999281952992,66.20833333333333,134.08333333333334,551.0,42.708333333333336,1023.1666666666666,1018.5,-9.541666666666666,-13.1,,,,196.94614880692495,0.9640515368384306,-3.233333333333333,4.266666666666667,5.2,84.66666666666667,-0.4685449178251577,-4.1878728115240085,184.99999999999997,0.5,1,3,3.22,7.35,36.33,99.33,182.20999999999998,2.0,207.06,-7.012499999999932,4.762499999999932,1.294642857142776,0.0,,,5.824999999999999,5.1,-0.29147276340606504,-0.9565791280351208,-0.08715574274765751,-0.9961946980917455,-0.8401815740533485,-2.917800774593043,0.0,3.0,0.1619047619047619,0.2023121387283237,7.2589999999999995,3,0.3726947777777777,7.35,0.37675,5.077333333333333,0.0,14.212499999999999,1.4291666666666663,362,12,2014,88
2014-12-29,9.03,16.7,23,1.05,-2.4,3.8,0.41250000000000003,6.6,4.195833333333334,-2.3190663139953904,-0.9469206842470718,93.58333333333333,73.375,362.0,93.91666666666667,1011.875,1008.3,-0.5125000000000001,-3.7,,,,236.0046538985112,0.6093841649841626,0.4608695652173913,4.134782608695652,6.6,93.43478260869566,-2.2333801154096995,-0.8315863394645696,236.44436334971618,0.0,1,23,10.219999999999999,12.25,35.56,104.78999999999999,191.23999999999998,3.0,216.09,-11.291666666666629,-12.666666666666742,-9.622619047619082,0.0,,,0.925,1.3000000000000003,-0.8290829907402046,-0.5591255623429122,-0.8333494746077162,-0.5527464637345437,-2.170259558847353,-0.8861599403412179,0.0,4.0,0.7371428571428571,0.34448818897637795,59.59799999999999,4,2.0421576511105863,12.25,0.44530555555555557,37.33708695652173,0.0,16.783333333333335,4.129166666666666,363,12,2014,89
2014-12-30,5.6,9.2,18,0.84,-3.1,1.5,-1.2333333333333334,10.8,8.616666666666665,-7.304987936168146,-3.988720402917606,91.70833333333333,86.91666666666667,390.0,76.83333333333333,1011.8916666666668,1010.2,-2.4499999999999997,-4.0,,,,240.2111627089319,0.9646118047747356,-0.8777777777777778,9.038888888888888,10.8,90.55555555555556,-8.21364205954345,-3.4060520635049576,247.29638366548812,0.0,1,18,14.629999999999999,15.819999999999997,35.98,95.27,196.83999999999997,4.0,221.69,0.016666666666765195,-18.287499999999795,-7.8291666666666515,0.0,,,1.2166666666666663,0.8999999999999999,-0.8678622603603608,-0.4968048883034518,-0.9225137304085869,-0.3859642693406129,-6.6992826864608706,-3.6579890028423545,0.0,5.0,0.3539823008849558,0.43968871595330733,60.48,5,1.3508235956790122,15.819999999999997,0.3969722222222222,50.61777777777777,0.4243715064122537,43.08333333333333,-1.6458333333333335,364,12,2014,90
2014-12-31,11.200000000000001,16.4,22,2.31,-3.6,2.1,-0.8958333333333334,11.2,7.9375,-6.196849011281146,-2.594483440126273,88.375,105.20833333333333,491.0,77.0,1010.1999999999999,1003.7,-2.658333333333333,-4.5,,,,244.38489055571284,0.8619481823642751,-0.6590909090909091,7.881818181818182,11.2,87.9090909090909,-6.156086790553164,-2.341451445742291,245.79980910148396,0.0,1,16,16.8,25.83,44.03,93.87,205.8,4.0,232.89,-1.6916666666668334,-12.966666666666697,-8.408333333333417,0.0,,,1.7624999999999997,0.8999999999999999,-0.9017185499096961,-0.43232355562559266,-0.9121187503825136,-0.40992607284807087,-5.476465313719713,-2.292874740211594,0.0,0.0,0.4336043360433605,0.5866454689984101,100.0,0,2.6904998966942153,25.83,0.41138888888888897,88.27636363636364,0.0,0.0,0.3375,365,12,2014,91
2015-01-01,9.38,13.4,24,1.05,-7.8,-3.0,-5.554166666666667,11.1,7.829166666666667,-6.448602746569321,3.2867177021811496,85.08333333333333,68.58333333333333,282.0,95.79166666666667,1009.3625000000001,1007.2,-7.666666666666667,-9.1,,,,293.8845546521743,0.9231575492444846,-5.554166666666667,7.829166666666667,11.1,85.08333333333333,-6.448602746569321,3.2867177021811496,293.8845546521743,0.0,0,24,20.580000000000002,26.18,42.56,93.52,204.04999999999998,4.0,242.27,-0.8374999999998636,-2.512499999999932,-7.954166666666538,0.0,,,2.1125,1.2999999999999998,-0.9143631369121034,0.4048951146361959,-0.9143631369121034,0.4048951146361959,-5.486686170206063,2.796448978272461,0.0,1.0,0.358288770053476,0.6151315789473684,100.0,1,3.290495704969619,26.18,0.3293333333333333,73.43758333333334,0.0,7.829166666666667,-4.658333333333334,1,1,2014,92
2015-01-02,7.21,9.9,20,1.54,-9.8,-2.7,-6.2875000000000005,9.2,6.4624999999999995,-5.632644041612568,-1.519683335487148,83.16666666666667,107.58333333333333,467.0,76.33333333333333,1014.4166666666666,1011.6,-8.779166666666667,-11.4,,,,254.99250410248413,0.905191752812928,-6.62,6.595000000000001,9.2,86.2,-5.715360836529949,-1.3190772971510478,257.39012140959835,0.0,0,10,16.59,27.79,45.64,99.96000000000001,206.08,4.0,249.48,5.054166666666561,2.5249999999998636,-1.453571428571422,0.0,,,2.4916666666666663,1.5999999999999996,-0.9658919572209212,-0.2589454131200978,-0.9758791365005003,-0.218311499795677,-4.684482294607786,-1.2638699740134782,0.0,2.0,0.2594458438287154,0.6088957055214723,66.332,2,2.7487924471875,27.79,0.34894444444444445,47.54995,283.08658503401955,12.924999999999999,-0.7333333333333334,2,1,2014,93
2015-01-03,4.41,6.0,15,1.12,-8.0,-2.8,-5.958333333333333,10.9,8.670833333333333,-7.385951201702832,-2.2911291769693807,84.70833333333333,99.04166666666667,422.0,67.75,1020.1625,1015.7,-8.174999999999999,-10.0,,,,248.35415938270324,0.878406302992714,-5.806666666666667,9.506666666666666,10.9,84.33333333333333,-9.165254613617503,-0.7239528708280076,264.64166831336365,0.0,0,14,11.620000000000001,20.999999999999996,48.019999999999996,91.77000000000001,196.56,4.0,253.89,5.745833333333394,9.962500000000091,5.723214285714221,0.0,,,2.216666666666666,2.0,-0.9294816630378401,-0.3688683207818356,-0.9956301415263379,-0.09338426679181214,-6.256516163775773,-1.9407773403244795,0.0,3.0,0.21000000000000005,0.4373177842565597,48.069,3,1.5355959325,20.999999999999996,0.34838888888888886,41.9244,421.29620373928896,26.012499999999996,0.3291666666666675,3,1,2014,94
2015-01-04,3.43,6.2,15,0.49,-8.1,0.4,-3.2875,8.4,7.5,-5.381710768381041,-4.561039751311662,87.41666666666667,66.66666666666667,313.0,90.95833333333333,1016.0124999999999,1014.6,-5.116666666666666,-10.2,,,,230.21558995196244,0.9414370081694682,-1.26,7.3933333333333335,8.4,88.46666666666667,-6.507065578221064,-3.236672017450917,243.7542099030627,0.0,1,15,7.84,15.049999999999999,50.26,86.58999999999999,189.84,4.0,257.32,-4.150000000000091,6.649999999999864,2.59523809523796,0.0,,,1.8291666666666662,2.0999999999999996,-0.7684576664346192,-0.6399006289244131,-0.8969052370116054,-0.4422227898030086,-4.70451216335976,-3.9871089159382778,0.0,4.0,0.22790697674418608,0.2994428969359331,28.812,4,0.8763125495833336,15.049999999999999,0.3447222222222222,25.359133333333336,0.0,30.0,2.670833333333333,4,1,2014,95
2015-01-05,0.77,1.4000000000000001,5,0.28,-5.0,3.1,-1.6416666666666666,7.3,4.308333333333334,-2.400609129241112,-2.631430567168258,85.25,117.58333333333333,499.0,62.0,1020.0083333333333,1014.3,-3.9291666666666667,-6.6,,,,216.22844181406586,0.7976380947184365,-2.6,6.12,7.3,94.8,-5.830240171001789,-1.8499742362815659,252.6000511956982,0.16666666666666666,1,5,4.2,8.61,42.00000000000001,77.56,184.51999999999998,4.0,258.09,3.995833333333394,5.591666666666697,5.429166666666674,0.0,,,2.2875,1.5999999999999996,-0.5910061725985358,-0.8066670341289705,-0.9542405957188606,-0.29903993961027037,-2.0465192826780476,-2.24329455851094,0.0,5.0,0.0894308943089431,0.20499999999999996,5.6209999999999996,5,0.22399492500000004,8.61,0.43144444444444446,4.712400000000001,116.48334008314167,21.541666666666668,1.6458333333333335,5,1,2014,96
2015-01-06,10.43,19.8,16,1.4,-3.4,4.0,0.14583333333333334,14.2,10.1875,-4.623343266545744,-3.3319117733777994,84.70833333333333,29.041666666666668,137.0,98.375,1006.3208333333333,998.7,-2.1958333333333333,-6.5,,,,222.67793903704393,0.5647283621892063,1.0125,11.25625,14.2,90.8125,-6.967611243514546,-0.9745113067570494,258.0010276894585,0.0,1,16,11.2,14.629999999999999,46.830000000000005,82.81,192.22,4.0,268.52,-13.6875,-13.841666666666697,-7.462500000000091,0.0,,,2.341666666666667,3.1,-0.6778766507062075,-0.7351756568517039,-0.9781513297979627,-0.20789414617655091,-3.91635702536979,-2.822406931365444,0.0,0.0,0.7129186602870814,0.31240657698056795,100.0,6,2.0137541706542974,14.629999999999999,0.3906111111111111,117.4026875,0.0,61.125,1.7874999999999999,6,1,2014,97
2015-01-07,4.83,6.9,24,0.28,-5.8,-3.4,-4.766666666666667,13.7,10.970833333333333,-10.85140012571401,0.6974446903522872,86.66666666666667,77.75,312.0,81.75,1011.625,1009.4,-6.683333333333334,-7.1,,,,272.98487047721653,0.9901660931059607,-4.766666666666667,10.970833333333333,13.7,86.66666666666667,-10.85140012571401,0.6974446903522872,272.98487047721653,0.0,0,24,15.26,16.03,40.46,84.49,196.28,3.0,273.35,5.304166666666674,-4.387499999999932,-2.361904761904839,0.0,,,1.916666666666667,1.2999999999999998,-0.998643319770271,0.05207225631958325,-0.998643319770271,0.05207225631958325,-9.404546775618808,0.6044520649719822,0.0,1.0,0.30131004366812225,0.3961937716262976,66.17099999999999,1,1.5385522669270832,16.03,0.3407222222222222,52.989125,333.8342820341539,10.970833333333333,-4.9125,7,1,2014,98
2015-01-08,5.8100000000000005,8.3,24,0.28,-6.2,-1.9,-4.195833333333334,11.4,8.983333333333333,-8.861389549401762,-0.1908776570998497,88.625,81.33333333333333,361.0,87.125,1016.5291666666667,1014.6,-5.8125,-7.4,,,,267.6755990204259,0.9864568057227867,-4.195833333333334,8.983333333333333,11.4,88.625,-8.861389549401762,-0.1908776570998497,267.6755990204259,0.0,0,24,10.64,21.07,36.89,79.45,199.22,3.0,279.16,4.904166666666697,-3.4791666666666288,1.5184523809524535,0.0,,,1.6166666666666663,1.2000000000000002,-0.9991772132773896,-0.040557323225650546,-0.9991772132773896,-0.040557323225650546,-7.853406488157312,-0.1691653236047418,0.0,2.0,0.27574750830564787,0.571157495256167,66.23400000000001,2,1.8304055744357637,21.07,0.3496388888888889,52.19316666666666,269.4379337408534,17.966666666666665,0.5708333333333329,8,1,2014,99
2015-01-09,3.3600000000000003,4.6000000000000005,24,0.21,-6.6,-1.8,-4.604166666666667,9.8,8.4,-8.094366753006328,-2.1174990098484137,89.16666666666667,88.54166666666667,410.0,80.29166666666667,1018.1708333333332,1017.0,-6.154166666666666,-7.6,,,,255.0379554837407,0.9962551199830678,-4.604166666666667,8.4,9.8,89.16666666666667,-8.094366753006328,-2.1174990098484137,255.0379554837407,0.0,0,24,9.170000000000002,14.0,33.04,78.67999999999999,202.57999999999998,3.0,282.52,1.6416666666665378,11.849999999999909,2.6238095238094274,0.0,,,1.549999999999999,1.0,-0.9660970685345877,-0.25817911257279547,-0.9660970685345877,-0.25817911257279547,-7.217477021430643,-1.8881032837815022,0.0,3.0,0.24000000000000002,0.42372881355932207,32.928000000000004,3,1.0979412500000003,14.0,0.35625,28.224000000000004,87.70246376881667,25.200000000000003,-0.4083333333333332,9,1,2014,100
2015-01-10,4.48,6.0,23,0.49,-8.0,-1.7,-4.883333333333334,9.5,7.591666666666666,-7.264128226507311,-1.9920915344431929,88.91666666666667,98.5,396.0,80.79166666666667,1017.6374999999999,1015.7,-6.458333333333333,-9.0,,,,254.46085417116015,0.9923378648094718,-4.765217391304348,7.5826086956521745,9.5,88.78260869565217,-7.265523624806718,-1.9516637129561962,254.743344248503,0.0,0,21,7.840000000000001,13.650000000000002,33.11,81.13000000000001,198.1,3.0,287.0,-0.533333333333303,6.012499999999932,2.4511904761905043,0.0,,,1.5749999999999993,1.0,-0.963447644748333,-0.26789668872326483,-0.9647567623567519,-0.2631432869881308,-6.459020681402751,-1.7713013893757392,0.0,4.0,0.3282051282051282,0.412262156448203,42.56,4,1.4969619357277884,13.650000000000002,0.3620555555555556,33.97008695652175,0.0,30.366666666666664,-0.2791666666666668,10,1,2014,101
2015-01-11,12.530000000000001,17.9,24,1.47,-5.4,-0.3,-3.170833333333333,10.0,7.304166666666667,-6.3468024046328395,-1.8528950757733078,88.375,69.875,301.0,96.625,1016.35,1012.2,-4.820833333333334,-6.4,,,,250.60775726961913,0.9043525815078625,-3.170833333333333,7.304166666666667,10.0,88.375,-6.3468024046328395,-1.8528950757733078,250.60775726961913,0.0,0,24,17.01,20.370000000000005,42.21000000000001,92.47,204.39999999999998,2.0,299.53,-1.287499999999909,-0.17916666666667425,1.1154761904762154,0.0,,,1.6500000000000008,1.0,-0.9432676205636688,-0.33203342602237307,-0.9432676205636688,-0.33203342602237307,-5.608986625094271,-1.637496023214661,0.0,0.0,0.6151202749140893,0.48258706467661694,100.0,0,3.7490727349717896,20.370000000000005,0.3411666666666667,91.52120833333335,0.0,0.0,1.7125000000000008,11,1,2014,102
2015-01-12,4.48,6.0,24,0.42,-7.2,-2.5,-4.883333333333334,10.0,7.829166666666667,-7.724587248535841,-0.1297299153498527,88.08333333333333,99.125,439.0,86.66666666666667,1025.7124999999999,1019.2,-6.570833333333333,-8.3,,,,268.37233722411474,0.9869467277201264,-4.883333333333334,7.829166666666667,10.0,88.08333333333333,-7.724587248535841,-0.1297299153498527,268.37233722411474,0.0,0,24,17.01,21.490000000000002,45.92,87.92,201.67000000000002,1.0,304.01,9.36249999999984,7.541666666666629,9.663095238095138,0.0,,,1.6874999999999991,1.1000000000000005,-0.9995965177860451,-0.028404253730960786,-0.9995965177860451,-0.028404253730960786,-6.804073934751987,-0.11427043377066191,0.0,1.0,0.20846905537459284,0.4679878048780488,44.800000000000004,1,1.5037995972222222,21.490000000000002,0.3596944444444444,35.07466666666667,520.7144264237922,7.829166666666667,-1.7125000000000008,12,1,2014,103
2015-01-13,1.05,1.6,8,0.21,-6.7,-0.6,-4.145833333333333,6.5,4.704166666666667,-4.170795210675458,-1.0241441953752881,89.95833333333333,102.45833333333333,406.0,60.5,1033.4208333333333,1030.6,-5.579166666666667,-7.9,,,,247.27024084223262,0.8567029485602816,-5.275,5.725,6.3,93.875,-5.458247648513482,-1.2082118535497068,257.50018338137124,0.125,0,8,5.53,18.060000000000002,36.54,83.37,197.32999999999998,0.0,305.06,7.708333333333485,15.783333333333417,13.5,0.0,,,1.4333333333333336,1.2000000000000002,-0.9223375272489449,-0.38638515218406344,-0.9762966998534475,-0.21643648919548547,-3.751977858270131,-0.9213030490896863,0.0,2.0,0.05813953488372092,0.49425287356321845,6.825,2,0.372274423828125,18.060000000000002,0.3681666666666667,6.0112499999999995,281.89574834719144,9.408333333333333,0.7375000000000007,13,1,2014,104
2015-01-14,0.0,0.0,0,0.0,-7.2,6.8,-1.3,5.2,2.4166666666666665,-0.24340667006528802,-2.0024307590952897,74.0,127.25,565.0,60.208333333333336,1027.9791666666667,1022.6,-5.7250000000000005,-9.7,,,,188.95154252107986,0.7973987402357939,0.0,0.0,0.0,0.0,0.0,0.0,,0.3333333333333333,1,0,1.05,5.530000000000002,31.710000000000004,72.17,193.76,1.0,305.06,-5.441666666666606,11.62916666666672,5.722023809523989,0.0,,,4.425000000000001,2.499999999999999,-0.15559907913245935,-0.987820290626352,-0.15559907913245935,-0.987820290626352,-0.18012093584831312,-1.4817987617305144,1.0,3.0,0.0,0.17439293598233999,0.0,3,0.0,2.765000000000001,0.4826111111111111,0.0,-0.0,7.25,2.845833333333333,14,1,2014,105
2015-01-15,14.49,21.7,17,2.31,-1.7,2.8,0.44999999999999996,10.0,4.3875,-0.0701179414998893,0.8759751431321235,89.91666666666667,36.833333333333336,197.0,99.70833333333333,1016.3166666666667,1010.6,-1.0583333333333333,-4.1,,,,127.33188780599754,0.14849223769676378,0.9882352941176471,5.241176470588235,10.0,93.23529411764706,-0.1583321026998405,2.1429690620769146,26.64128544644317,0.0,0,17,14.49,15.540000000000003,40.39000000000001,77.28,193.13,1.0,319.55,-11.662500000000023,-9.395833333333144,-5.910119047619105,0.0,,,1.5083333333333333,2.3999999999999995,0.7951360965244536,-0.6064310249351156,0.44840326955336873,0.8938313643265429,-0.0630477157319838,0.7876476495329677,0.0,0.0,0.9324324324324322,0.3847487001733102,100.0,0,3.050638236591696,15.540000000000003,0.3865,75.94464705882353,0.0,0.0,1.75,15,1,2014,106
2015-01-16,0.98,1.4,5,0.42,-3.5,2.4,-0.37916666666666665,9.5,4.933333333333334,-3.5910457007844485,-0.02928000871862224,90.91666666666667,104.08333333333333,433.0,70.625,1017.3958333333334,1011.6,-1.7416666666666665,-4.2,,,,258.84724665410744,0.7580086646881231,-0.14,8.32,9.5,96.6,-6.631729561874249,5.019243545099938,307.0001828159277,0.125,1,5,15.47,15.47,38.010000000000005,71.05,181.51000000000002,2.0,320.53000000000003,1.0791666666666515,-16.024999999999977,-4.720238095238074,0.0,,,1.3624999999999998,0.7000000000000002,-0.9811149893407483,-0.1934253801622304,-0.7986335898080429,0.6018175713871428,-3.264859049629861,-0.026620407926680724,0.0,1.0,0.06334841628959276,0.4069981583793738,9.31,1,0.22259328000000003,15.47,0.4257777777777778,8.1536,25.048595199328844,4.933333333333334,-0.8291666666666666,16,1,2014,107
2015-01-17,16.38,23.8,22,2.45,-7.1,-1.2,-3.7541666666666664,13.9,11.195833333333333,-9.643049343465966,1.385625000431114,87.20833333333333,78.0,346.0,93.0,1013.8249999999999,1007.3,-5.591666666666666,-8.4,,,,276.6803466835396,0.8566065729837025,-3.7454545454545456,11.368181818181817,13.9,86.63636363636364,-10.343153139822213,2.3266166085310442,282.18588879675485,0.041666666666666664,0,22,17.36,31.85,49.91,83.02,188.16000000000003,2.0,336.91,-3.5708333333334394,-14.15416666666681,-7.746428571428623,0.0,,,1.8374999999999995,1.3000000000000007,-0.9932106109321537,0.11633005773134494,-0.9774679111831607,0.21108406526128096,-8.409542614947611,1.2083804691259672,0.0,0.0,0.5142857142857142,0.6381486676016831,100.0,0,4.828903530991735,31.85,0.3426944444444444,186.21081818181815,0.0,0.0,-3.375,17,1,2014,108
2015-01-18,1.61,2.3000000000000003,11,0.21,-8.8,-1.4,-5.8999999999999995,10.1,6.658333333333332,-5.230030656001333,-2.2720657471423737,85.125,110.70833333333333,472.0,55.625,1022.775,1016.9,-8.049999999999999,-10.4,,,,236.99133744422846,0.7804593056688252,-6.7727272727272725,9.136363636363637,10.1,88.81818181818181,-8.63592217016864,-2.6766160172283597,252.59605634064266,0.2916666666666667,0,11,17.99,18.969999999999995,38.99,81.2,189.0,2.0,338.52,8.950000000000045,6.4583333333332575,0.28571428571433444,0.0,,,2.1499999999999995,1.5999999999999996,-0.8385882143194027,-0.5447658274934245,-0.9542197433259212,-0.299106471757154,-4.452063595921135,-1.9340959672549456,0.0,1.0,0.08487084870848711,0.4865350089766605,16.261,1,0.5980025245351239,18.969999999999995,0.35755555555555557,14.709545454545456,680.1652301224856,6.658333333333332,-2.145833333333333,18,1,2014,109
2015-01-19,6.859999999999999,10.9,19,0.63,-8.4,-0.1,-4.195833333333334,13.5,8.0,-6.398886333280881,-2.8496903959032704,87.83333333333333,101.41666666666667,477.0,83.91666666666667,1015.1708333333332,1011.9,-5.9375,-10.9,,,,247.95795544987675,0.8641758167646266,-3.1736842105263157,8.0,13.5,89.15789473684211,-7.362862495379074,-1.6614577245217617,260.1139965055027,0.0,0,19,8.469999999999999,24.849999999999998,41.370000000000005,87.28999999999999,183.26000000000002,2.0,345.38,-7.6041666666667425,-2.2250000000001364,-5.812500000000114,0.0,,,1.7416666666666663,2.5,-0.9269087127047734,-0.3752868746865255,-0.9851512964793314,-0.17168844761687496,-5.620355162731707,-2.502978064401706,0.0,2.0,0.27605633802816903,0.6006768189509305,92.60999999999999,2,2.0333581578947366,24.849999999999998,0.36038888888888887,54.879999999999995,0.0,16.0,1.7041666666666657,19,1,2014,110
2015-01-20,2.38,3.3,13,0.28,-6.9,-1.8,-4.016666666666667,8.4,5.595833333333334,-4.540702400862967,2.2894051277059617,87.33333333333333,108.41666666666667,452.0,81.625,1027.3208333333334,1021.9,-5.845833333333334,-8.2,,,,293.84143605705617,0.6512563485328571,-3.8923076923076922,7.423076923076923,8.4,88.38461538461539,-6.831737077507351,2.8764665724014495,292.69343562919244,0.0,0,13,9.239999999999998,10.85,42.699999999999996,79.24000000000001,177.03,2.0,347.76,12.150000000000205,13.495833333333508,7.208928571428714,0.0,,,1.8291666666666675,1.299999999999999,-0.9146675864151924,0.40420688559375956,-0.922582296611884,0.3858003447099832,-3.9655467634203245,1.999413811529873,0.0,3.0,0.21935483870967742,0.2540983606557377,19.992,3,0.7498940791420118,10.85,0.36338888888888893,17.666923076923077,572.7386778928385,16.7875,0.17916666666666714,20,1,2014,111
2015-01-21,0.21000000000000002,0.0,3,0.07,-7.5,4.9,-2.529166666666667,3.6,2.6750000000000003,0.4468265834743248,-2.589607825213587,82.20833333333333,110.58333333333333,466.0,68.375,1026.4041666666667,1020.8,-5.308333333333333,-8.9,,,,171.1814548049918,0.982754296296713,-0.06666666666666665,3.1333333333333333,3.5,86.0,1.312244566968505,-2.8444112871834295,155.0001015623428,0.125,1,3,2.59,9.450000000000001,42.91,74.62,167.44000000000003,2.0,347.97,-0.9166666666667425,3.6291666666667197,6.517261904761881,0.0,,,2.779166666666666,1.4000000000000004,0.1533056928027048,-0.9881788120346857,0.42261665522131936,-0.9063085361672064,0.36732868716451783,-2.1288734329776693,0.0,4.0,0.022222222222222223,0.22022838499184344,0.7560000000000001,4,0.05078004166666668,9.450000000000001,0.45663888888888887,0.658,0.0,10.700000000000001,1.4874999999999998,21,1,2014,112
2015-01-22,12.18,22.6,21,1.26,-4.8,3.1,-0.020833333333333343,6.7,2.9250000000000003,0.7390184407673588,-1.6902116019088227,95.04166666666667,33.208333333333336,124.0,97.75,1012.2083333333334,1006.3,-0.7124999999999999,-5.8,,,,160.78927663841327,0.46288028395895314,0.6,2.9380952380952383,6.7,95.42857142857143,0.9292714646403935,-1.5373616843912945,150.34935308584932,0.0,0,21,12.39,14.77,40.599999999999994,80.99000000000001,174.44,2.0,360.15,-14.195833333333326,-2.9624999999998636,-7.091666666666583,0.0,,,0.6916666666666665,1.0,0.3290433885388947,-0.9443148036851069,0.49471026825178405,-0.8690579672762041,0.7023754430793105,-1.6064052766475103,0.0,0.0,0.8246445497630331,0.3637931034482759,81.606,5,2.757178625,14.77,0.4078333333333333,35.786,0.0,14.625000000000002,2.5083333333333333,22,1,2014,113
2015-01-23,9.45,15.5,22,1.05,-5.2,1.3,-0.9291666666666667,11.3,8.566666666666666,-6.835968280288625,4.46870994766778,91.375,84.875,396.0,84.91666666666667,1014.3583333333332,1006.1,-2.183333333333333,-6.0,,,,301.84237294114536,0.9376800346346289,-0.5545454545454546,8.822727272727272,11.3,91.13636363636364,-6.949338586569315,4.987148991077899,305.6187876150918,0.0,1,22,21.63,21.84,49.07,87.08,180.74,2.0,369.6,2.1499999999998636,-12.962500000000205,-4.50773809523821,0.0,,,1.2541666666666664,0.7999999999999998,-0.8495027518512417,0.5275841872129676,-0.8129098358728325,0.5823895592652779,-6.246366016113731,4.083283714681434,0.0,1.0,0.43269230769230765,0.4450784593437946,100.0,6,2.21851672972624,21.84,0.39005555555555554,83.37477272727271,77.69360539784002,51.4,-0.9083333333333333,23,1,2014,114
2015-01-24,1.54,2.5,4,0.56,-5.8,1.8,-2.9291666666666667,9.4,5.458333333333333,-3.5414443944877694,-3.8548891200790742,81.95833333333333,140.0,535.0,36.375,1024.2666666666667,1022.9,-5.741666666666667,-7.4,,,,223.5163074025365,0.9545306017358979,-3.525,8.625,9.4,89.5,-6.112063446111122,-6.027460604155838,225.01069905816303,0.20833333333333334,1,4,10.989999999999998,23.169999999999998,34.23,84.14,171.43,3.0,371.14,9.908333333333417,-2.1375000000000455,3.9089285714285325,0.0,,,2.8125000000000004,1.6000000000000005,-0.6885610023161274,-0.7251784236237383,-0.7072388095880104,-0.7069747281286184,-2.9025088016489344,-3.1594028746648077,0.0,2.0,0.06646525679758308,0.6768916155419223,14.476,2,0.46457318359375005,23.169999999999998,0.4065277777777778,13.2825,351.250099475599,10.916666666666666,-2.0,24,1,2014,115
2015-01-25,0.8400000000000001,1.4000000000000001,9,0.21,-4.4,4.5,-0.9041666666666667,8.9,3.7708333333333335,-1.275723346128781,-2.491863246678347,83.75,103.54166666666667,448.0,81.625,1028.45,1026.3,-3.466666666666667,-5.3,,,,190.96523371725195,0.6385554003527594,-3.611111111111111,5.933333333333334,8.9,93.77777777777777,-4.483080126350508,-3.6074646104981394,225.93056846517382,0.0,1,9,2.38,11.83,33.459999999999994,72.45,168.14000000000001,4.0,371.98,4.183333333333394,16.241666666666674,7.281547619047615,0.0,,,2.5625,0.8999999999999995,-0.19021332255329226,-0.9817427829748672,-0.7184974791893567,-0.695529562562613,-1.068418302382854,-2.0869354690931154,0.0,3.0,0.07100591715976332,0.3535564853556486,7.476000000000001,3,0.26463402777777784,11.83,0.4481944444444445,4.984000000000001,82.51856152569289,11.3125,2.025,25,1,2014,116
2015-01-26,3.85,8.9,7,0.84,-4.0,5.9,1.1791666666666667,6.8,4.604166666666667,0.6725668094667171,-4.468434516130784,84.04166666666667,124.04166666666667,491.0,86.33333333333333,1021.7083333333334,1016.0,-1.3833333333333335,-5.0,,,,173.629957714644,0.982757660980003,3.1571428571428575,5.757142857142857,6.8,91.28571428571429,1.5862950016861215,-5.410880440235737,165.98568867772423,0.08333333333333333,0,7,4.69,6.23,30.450000000000003,71.82,169.96,4.0,375.83,-6.741666666666674,7.350000000000136,-0.39404761904768293,0.0,,,2.5625,1.0,0.11094931474671857,-0.9938260660483974,0.24216424822003108,-0.9702352688312393,0.5652363561226535,-3.755346841264913,0.0,4.0,0.6179775280898876,0.20459770114942527,26.18,4,0.6112275223214285,6.23,0.49394444444444446,22.165,0.0,18.416666666666668,2.0833333333333335,26,1,2014,117
2015-01-27,7.42,15.0,19,0.63,-2.0,4.9,2.1041666666666665,8.2,6.408333333333334,-2.850490725524541,2.3855710143702926,95.20833333333333,41.416666666666664,158.0,98.66666666666667,1015.1374999999999,1012.2,1.4208333333333334,-3.5,,,,296.8535206221538,0.43106300865850605,1.857894736842105,6.905263157894736,8.2,94.6842105263158,-2.9140770601530526,3.825226400898127,321.3048701034077,0.0,0,15,11.27,12.11,35.489999999999995,78.19,176.19,4.0,383.25,-6.570833333333439,-9.12916666666672,-5.224404761904907,0.0,,,0.6833333333333331,1.5,-0.8921642593905901,0.45171111815632775,-0.6251763180080777,0.7804835497317435,-2.7139047115931567,2.2712624032650495,0.0,5.0,0.6127167630057804,0.34122287968441817,60.843999999999994,5,1.3799925650969525,12.11,0.4538611111111111,51.23705263157894,0.0,32.04166666666667,0.9249999999999998,27,1,2014,118
2015-01-28,4.2700000000000005,5.7,24,0.42,-7.9,-2.3,-4.854166666666667,10.0,7.7250000000000005,-6.966684066246111,2.9185384211362564,86.25,96.54166666666667,403.0,78.45833333333333,1024.0375000000001,1019.3,-6.8125,-9.1,,,,291.2508285371053,0.9718581310515664,-4.854166666666667,7.7250000000000005,10.0,86.25,-6.966684066246111,2.9185384211362564,291.2508285371053,0.0,0,24,11.690000000000001,15.540000000000001,39.55,82.46,171.43,3.0,387.52,8.900000000000205,-4.412499999999909,4.013690476190618,0.0,,,1.958333333333333,1.1999999999999993,-0.9320026280774442,0.36245151573243184,-0.9320026280774442,0.36245151573243184,-6.008765007137271,2.517239388230021,0.0,6.0,0.2747747747747748,0.39292035398230096,42.7,6,1.4325648453776043,15.540000000000001,0.3518611111111111,32.98575,489.8275566977753,46.35,-6.958333333333334,28,1,2014,119
2015-01-29,0.28,0.0,4,0.07,-10.3,-1.4,-5.833333333333333,5.7,3.4499999999999997,-0.8303621842983824,-1.7904216199826701,81.66666666666667,123.33333333333333,498.0,81.25,1029.3916666666667,1025.6,-8.558333333333334,-11.7,,,,194.56253049206137,0.4783615265558552,-8.125,5.2,5.7,91.0,-4.5993087472780925,-2.3496886876955356,243.00099440196297,0.0,0,4,4.550000000000001,11.97,27.65,68.25,166.11,3.0,387.8,5.354166666666515,7.68333333333328,6.9130952380951385,0.0,,,2.7250000000000005,1.3999999999999986,-0.2514364552178452,-0.967873808400395,-0.8910144033263994,-0.4539750357287287,-0.6781291171770123,-1.4621776563191806,0.0,7.0,0.023391812865497078,0.4329113924050633,1.5960000000000003,6,0.11862812500000001,11.97,0.3544444444444445,1.4560000000000002,253.64229551915614,20.7,-0.9791666666666661,29,1,2014,120
2015-01-30,8.05,11.6,18,0.98,-7.9,1.1,-2.3958333333333335,7.5,3.8666666666666667,-0.825602507982926,-2.9634091226919117,89.91666666666667,46.541666666666664,201.0,96.25,1018.3416666666667,1012.7,-3.8166666666666664,-9.8,,,,194.2437958611851,0.8201908779789375,-1.1444444444444446,3.5944444444444446,5.9,90.83333333333333,-0.7385220519052399,-2.573753881855318,196.21891164964202,0.0,1,18,8.330000000000002,12.600000000000001,26.250000000000004,75.32,162.96,3.0,395.85,-11.049999999999955,3.204166666666765,-4.7059523809524535,0.0,,,1.420833333333333,1.9000000000000004,-0.2460483406951591,-0.9692575581552918,-0.2793080555040134,-0.9602015466195454,-0.7423542550946476,-2.6645987028204776,0.0,8.0,0.6388888888888888,0.48,60.37500000000001,0,2.1420483207947534,12.600000000000001,0.3551944444444444,28.93527777777778,0.0,0.0,3.4374999999999996,30,1,2014,121
2015-01-31,9.31,13.2,24,0.98,-6.3,-2.4,-3.75,12.0,10.0875,-9.523112066207357,2.4270644050631054,87.16666666666667,113.29166666666667,498.0,90.29166666666667,1018.8583333333332,1012.8,-5.6000000000000005,-7.5,,,,283.2755770651371,0.9719272964645719,-3.75,10.0875,12.0,87.16666666666667,-9.523112066207357,2.4270644050631054,283.2755770651371,0.0,0,24,17.360000000000003,17.64,34.02,68.25,162.89000000000001,2.0,405.16,0.5166666666665378,-5.179166666666902,-3.4166666666667425,0.0,,,1.8500000000000005,1.2000000000000002,-0.9732768455068006,0.22963488846499666,-0.9732768455068006,0.22963488846499666,-8.30097935104408,2.1155911397466736,0.0,9.0,0.5277777777777778,0.5185185185185185,100.0,0,2.7967730957031254,17.64,0.3660833333333333,93.91462500000002,30.997729775497216,0.0,-1.3541666666666665,31,1,2014,122
2015-02-01,5.53,7.9,24,0.28,-7.1,-4.2,-5.758333333333333,11.4,9.0375,-8.774511274358959,1.4857599301626623,89.375,75.33333333333333,323.0,87.33333333333333,1027.2749999999999,1025.0,-7.25,-8.3,,,,278.1666985970546,0.9826175937835218,-5.758333333333333,9.0375,11.4,89.375,-8.774511274358959,1.4857599301626623,278.1666985970546,0.0,0,24,14.840000000000003,22.89,38.71000000000001,72.17,161.21,1.0,410.69,8.416666666666629,-2.116666666666788,5.167857142856974,0.0,,,1.4916666666666671,1.200000000000001,-0.9898589623864875,0.14205363276997246,-0.9898589623864875,0.14205363276997246,-7.842219451458319,1.3278979375828794,0.0,10.0,0.2415902140672783,0.5913200723327304,63.042,1,1.9324770413411458,22.89,0.34813888888888894,49.977375,524.3501695702317,9.0375,-2.008333333333333,32,2,2014,123
2015-02-02,2.66,3.4,24,0.21,-8.1,-2.2,-5.4624999999999995,9.2,7.1625000000000005,-6.719193349298212,1.0995844791259974,86.0,121.33333333333333,562.0,74.41666666666667,1028.4666666666667,1026.7,-7.516666666666667,-9.4,,,,277.73208893095904,0.950134624352767,-5.4624999999999995,7.1625000000000005,9.2,86.0,-6.719193349298212,1.0995844791259974,277.73208893095904,0.0,0,24,8.190000000000001,17.5,37.52,67.97000000000001,159.46,1.0,413.35,1.1916666666668334,10.125,5.394047619047683,0.0,,,2.054166666666667,1.3000000000000007,-0.9909080043328239,0.13454117194799614,-0.9909080043328239,0.13454117194799614,-5.778506280396463,0.9456426520483577,0.0,11.0,0.152,0.46641791044776115,24.471999999999998,2,0.9361951826171874,17.5,0.3675555555555556,19.05225,64.85701380411007,14.325000000000001,0.2958333333333334,33,2,2014,124
2015-02-03,0.7000000000000001,0.2,10,0.07,-7.4,-0.8,-4.5625,6.6,4.3999999999999995,-3.8926360155169277,-0.09104955941273296,87.29166666666667,130.625,514.0,77.08333333333333,1027.2416666666666,1025.7,-6.416666666666667,-8.6,,,,262.47271485317566,0.8913015845870509,-4.94,3.8,5.2,91.3,-3.4508826146956637,-0.28028200275773923,261.57606670089564,0.0,0,7,3.360000000000002,8.89,30.8,66.28999999999999,156.73,1.0,414.05,-1.2250000000001364,8.383333333333326,2.4398809523809177,0.0,,,1.854166666666667,1.1999999999999993,-0.9913825903402264,-0.13099831895983585,-0.9892112256045005,-0.1464962495698851,-3.3979468552116514,-0.07947867790403149,0.0,12.0,0.07874015748031496,0.28863636363636364,4.62,3,0.24903112500000008,8.89,0.3780555555555556,2.66,0.0,13.2,0.8999999999999995,34,2,2014,125
2015-02-04,0.28,0.0,4,0.07,-6.9,0.1,-3.891666666666667,4.0,3.1,-2.004994838302362,-1.7218046112392817,82.91666666666667,151.29166666666666,569.0,58.666666666666664,1022.5333333333333,1020.0,-6.504166666666666,-8.1,,,,232.24775261677314,0.8525998190320776,-5.825,3.55,4.0,89.5,-0.8955071640719863,-3.4294171047349695,194.7507861150154,0.0,1,4,0.9800000000000019,3.64,26.810000000000002,66.36,156.24,2.0,414.33,-4.7083333333332575,-4.741666666666561,-2.053571428571331,0.0,,,2.6124999999999994,1.1999999999999993,-0.7906655593799917,-0.6122482937586063,-0.2546152163374311,-0.9670424456090039,-1.662474886759042,-1.4276629901525713,0.0,13.0,0.07692307692307693,0.13577023498694515,1.12,4,0.105859359375,3.64,0.3794722222222222,0.994,0.0,12.4,0.670833333333333,35,2,2014,126
2015-02-05,0.7000000000000001,0.7000000000000001,8,0.21,-8.2,2.1,-3.5708333333333333,5.9,3.391666666666667,-0.8531579359540654,-0.036391577107490775,82.20833333333333,168.29166666666666,600.0,52.916666666666664,1014.8583333333332,1011.5,-6.370833333333334,-9.5,,,,231.83408262759656,0.2387077649102138,-2.975,4.55,5.9,88.75,-2.5309542268081398,2.1566152966471326,303.8710676250586,0.08333333333333333,1,4,0.9800000000000019,1.6800000000000002,27.23,54.88,146.51000000000002,3.0,415.03000000000003,-7.675000000000068,-13.608333333333462,-7.652380952381009,0.0,,,2.8000000000000003,1.3000000000000007,-0.7862246168659066,-0.6179408158020139,-0.8302938211333052,0.5573259105656716,-0.7013669198489046,-0.029916909013783036,0.0,14.0,0.4166666666666667,0.06169665809768638,4.130000000000001,5,0.21414832031250008,1.6800000000000002,0.4328888888888889,3.185,0.0,16.958333333333336,0.32083333333333375,36,2,2014,127
2015-02-06,6.65,9.5,22,0.7,-4.9,-0.1,-2.8666666666666667,8.3,6.058333333333334,-5.731063423263016,0.7764679784619136,89.54166666666667,124.70833333333333,490.0,79.875,1020.75,1015.4,-4.3875,-5.7,,,,275.3455733817001,0.9509074566889105,-2.709090909090909,6.240909090909091,8.3,89.0909090909091,-5.960193290012967,1.0569134296890184,278.83421722052856,0.0,0,22,7.350000000000002,7.630000000000001,25.830000000000002,52.08,148.32999999999998,2.0,421.68,5.891666666666765,-6.491666666666561,-2.104761904761972,0.0,,,1.5208333333333335,0.7999999999999998,-0.9956509111307554,0.09316256310609172,-0.9881368416006385,0.15357598207895193,-5.131689706913427,0.6952623690477719,0.0,15.0,0.8715596330275229,0.2953929539295393,55.19500000000001,6,1.9480572172004134,7.630000000000001,0.3816111111111111,41.50204545454546,172.06581345493555,36.35,0.7041666666666666,37,2,2014,128
2015-02-07,0.0,0.0,0,0.0,-7.6,4.6,-2.5375,5.8,3.6625,-0.7642889548575639,-3.2733672980472783,76.375,173.83333333333334,600.0,59.583333333333336,1022.3874999999999,1018.0,-6.570833333333333,-9.5,,,,200.2342634367589,0.8610539546874294,0.0,0.0,0.0,0.0,0.0,0.0,,0.125,1,0,6.650000000000002,7.3500000000000005,16.520000000000003,50.540000000000006,142.51999999999998,3.0,421.68,1.6374999999999318,-0.14583333333337123,-0.9714285714286461,0.0,,,4.033333333333333,1.9000000000000004,-0.3458593652333442,-0.9382863632603792,-0.3458593652333442,-0.9382863632603792,-0.5837256892724644,-2.5000342738836085,1.0,16.0,0.0,0.44491525423728806,0.0,1,0.0,3.6750000000000003,0.4726944444444445,0.0,-0.0,3.6625,0.3291666666666666,38,2,2014,129
2015-02-08,10.01,14.7,15,1.05,-5.0,1.9,-1.9000000000000001,12.4,7.758333333333333,-4.118171046290884,-3.543961730940137,88.625,69.66666666666667,254.0,89.20833333333333,1011.8333333333334,1007.4,-3.533333333333333,-6.7,,,,218.2550383010456,0.7289962762542763,-0.4533333333333333,8.393333333333334,12.4,87.8,-6.754393134465216,-1.6569701935404244,246.99892505116907,0.0,1,15,10.010000000000002,16.66,21.0,59.71000000000001,149.17000000000002,4.0,431.69,-10.55416666666656,-3.0249999999998636,-9.31964285714264,0.0,,,1.633333333333333,1.7000000000000002,-0.6191630037148876,-0.7852624878540666,-0.9204975226288529,-0.39074839837694086,-3.6497290897752963,-3.1408360840456964,0.0,0.0,0.6008403361344538,0.7933333333333333,100.0,0,2.341490262222222,16.66,0.38408333333333333,84.01726666666667,0.0,0.0,0.6375,39,2,2014,130
2015-02-09,6.72,9.4,24,0.63,-8.0,-5.3,-6.7749999999999995,12.6,9.15,-8.610452237937205,-0.49151438316615564,76.91666666666667,149.5,581.0,87.08333333333333,1015.8000000000001,1013.8,-10.262500000000001,-12.4,,,,265.0768307391213,0.9456089802134063,-6.7749999999999995,9.15,12.6,76.91666666666667,-8.610452237937205,-0.49151438316615564,265.0768307391213,0.0,0,24,16.73,16.73,25.060000000000002,62.580000000000005,151.41000000000003,4.0,438.41,3.966666666666697,-4.949999999999932,-3.5434523809522034,0.0,,,3.4875000000000016,4.4,-0.99631067384334,-0.08581981814143867,-0.99631067384334,-0.08581981814143867,-6.6228728463467,-0.3780564797186347,0.0,1.0,0.401673640167364,0.6675977653631284,84.672,1,2.4958683749999997,16.73,0.35605555555555557,61.488,273.23835101720937,9.15,-4.874999999999999,40,2,2014,131
2015-02-10,4.9,6.9,21,0.84,-9.1,-2.4,-6.1125,10.9,9.179166666666667,-8.230562488911659,-3.4077167223766343,82.95833333333333,142.5,553.0,83.95833333333333,1015.0708333333333,1013.7,-8.583333333333334,-10.9,,,,245.8962140796626,0.969384277864549,-6.052380952380953,9.433333333333334,10.9,81.95238095238095,-8.634467350602566,-3.1747345327060037,248.6142928930234,0.0,0,21,11.620000000000001,21.63,29.26,60.06,143.78,4.0,443.31,-0.7291666666667425,-7.316666666666606,-2.5339285714285325,0.0,,,2.470833333333334,1.8000000000000007,-0.9128071940802818,-0.40839077662856543,-0.9311468083406197,-0.3646445136253627,-6.827937464759629,-2.8269849976049493,0.0,2.0,0.226537216828479,0.7392344497607655,53.410000000000004,2,1.734543368055556,21.63,0.37152777777777773,46.223333333333336,0.0,18.358333333333334,0.6624999999999996,41,2,2014,132
2015-02-11,0.0,0.0,0,0.0,-6.8,3.5,-2.6333333333333333,10.1,7.4624999999999995,-4.445396091892147,-5.516599456785446,82.91666666666667,145.45833333333334,593.0,68.70833333333333,1013.0958333333333,1011.2,-5.2625,-8.2,,,,217.50238604848357,0.9522431938998528,0.0,0.0,0.0,0.0,0.0,0.0,,0.0,1,0,4.900000000000002,11.620000000000001,28.98,55.79,139.3,4.0,443.31,-1.9750000000000227,1.2624999999999318,-3.1607142857143344,0.0,,,2.629166666666667,1.3999999999999995,-0.6087944672063876,-0.79332798809754,-0.6087944672063876,-0.79332798809754,-3.6859742595272387,-4.574180382917933,1.0,3.0,0.0,0.40096618357487923,0.0,3,0.0,5.8100000000000005,0.451138888888889,0.0,-0.0,22.3875,3.4791666666666665,42,2,2014,133
2015-02-12,3.5,5.0,21,0.35,-4.2,3.4,-1.2375,10.1,5.720833333333332,-4.035776236007338,-3.273235561004887,86.58333333333333,152.79166666666666,600.0,67.79166666666667,1007.0625,1004.3,-3.2541666666666664,-5.1,,,,228.06768563620574,0.898161863381584,-0.9333333333333333,5.976190476190476,10.1,85.76190476190476,-4.351445879435072,-3.245146130272041,231.39487713577373,0.0,1,18,3.5000000000000018,8.4,31.78,59.010000000000005,141.75000000000003,4.0,446.81,-6.033333333333303,-8.737500000000068,-8.08035714285711,0.0,,,2.0166666666666666,0.8999999999999995,-0.743934775625261,-0.6682522350246144,-0.7814646876913212,-0.6239494706236282,-3.4943095910096873,-2.834076456570065,0.0,4.0,0.41666666666666663,0.2643171806167401,35.35,4,0.8852013888888888,8.4,0.4660277777777777,20.916666666666668,0.0,22.88333333333333,1.3958333333333333,43,2,2014,134
2015-02-13,8.68,12.4,24,0.7,-7.8,-3.7,-5.3,12.3,10.158333333333333,-9.840818363606859,-0.5206686809645303,81.75,127.95833333333333,538.0,90.20833333333333,1009.725,1005.2,-8.041666666666666,-10.3,,,,265.8910480762162,0.9710919045103907,-5.3,10.158333333333333,12.3,81.75,-9.840818363606859,-0.5206686809645303,265.8910480762162,0.0,0,24,12.180000000000001,12.18,33.81,59.64,150.43,4.0,455.49,2.6625000000000227,-5.345833333333303,-3.842857142857156,0.0,,,2.7416666666666663,2.500000000000001,-0.9974295999570454,-0.0716532841503331,-0.9974295999570454,-0.0716532841503331,-8.044869012248608,-0.42564664668850355,0.0,5.0,0.7126436781609196,0.3602484472049689,100.0,5,2.8985164687500005,12.18,0.35780555555555554,88.17433333333332,204.36919536620718,50.791666666666664,-4.0625,44,2,2014,135
2015-02-14,8.12,11.6,24,0.63,-7.1,-1.7,-4.691666666666666,11.2,9.466666666666667,-9.144758855535143,-2.171324581683837,86.41666666666667,117.54166666666667,483.0,94.29166666666667,1017.225,1014.6,-6.645833333333333,-8.3,,,,256.47326588070314,0.9928049701687814,-4.691666666666666,9.466666666666667,11.2,86.41666666666667,-9.144758855535143,-2.171324581683837,256.47326588070314,0.0,0,24,16.8,20.299999999999997,41.93,58.449999999999996,144.06,3.0,463.61,7.5,4.12916666666672,4.394642857142912,0.0,,,1.9541666666666666,1.200000000000001,-0.9722608893180458,-0.23389904468056905,-0.9722608893180458,-0.23389904468056905,-7.902595777658286,-1.876386326005116,0.0,6.0,0.4,0.4841402337228714,90.94399999999999,6,2.629490013888889,20.299999999999997,0.36641666666666667,76.86933333333333,486.95840905724634,56.8,0.6083333333333334,45,2,2014,136
2015-02-15,11.34,16.3,21,1.54,-6.3,-0.5,-3.091666666666667,13.8,9.191666666666666,-8.520691527952515,2.586320797988519,89.95833333333333,138.41666666666666,566.0,83.70833333333333,1019.8791666666666,1016.9,-4.529166666666667,-7.5,,,,284.60600203288413,0.9708237691115247,-2.6476190476190475,10.071428571428571,13.8,89.76190476190476,-9.307035499330441,2.923014239583973,285.9144592738261,0.0,0,21,19.46,28.14,43.26,64.25999999999999,154.42,2.0,474.95,2.6541666666665833,12.816666666666606,5.899404761904634,0.0,,,1.4375,1.2000000000000002,-0.9676827595873434,0.25217072946205277,-0.9616721420462185,0.2742019168646306,-7.665072087020616,2.3266110845238384,0.0,0.0,0.40298507462686567,0.6504854368932039,100.0,0,3.1341985714285716,28.14,0.39213888888888887,114.21,155.62526734317424,0.0,1.5999999999999996,46,2,2014,137
2015-02-16,0.0,0.0,0,0.0,-7.8,0.9,-3.845833333333333,5.4,2.7291666666666665,-0.24522919033870302,0.25826738046366543,79.625,198.875,600.0,60.875,1019.0791666666668,1013.7,-6.970833333333334,-9.2,,,,225.0615409275022,0.18306224011353442,0.0,0.0,0.0,0.0,0.0,0.0,,0.2916666666666667,1,0,11.340000000000002,19.46,36.54,61.6,138.04,3.0,474.95,-0.7999999999998408,9.354166666666742,4.630952380952408,0.0,,,3.125000000000001,1.3999999999999995,-0.7078658707576907,-0.7063468758453287,-0.7078658707576907,-0.7063468758453287,-0.19526374280719228,0.2056454016941936,1.0,1.0,0.0,0.5325670498084292,0.0,1,0.0,9.73,0.418,0.0,-0.0,2.7291666666666665,-0.7541666666666664,47,2,2014,138
2015-02-17,1.75,2.3,16,0.21,-6.6,4.5,-0.5916666666666667,4.0,2.4291666666666667,-0.12616250530711748,-2.1422549033445515,82.70833333333333,105.66666666666667,458.0,85.20833333333333,1011.2958333333332,1010.4,-3.3333333333333335,-9.2,,,,187.61440118222234,0.8255179387785736,-0.2625,2.25625,3.6,87.1875,-0.1740000959476086,-2.0695193434452843,186.20422327870898,0.0,1,11,1.7500000000000018,13.09,33.39,62.65,138.18,4.0,476.7,-7.78333333333353,-5.929166666666788,-2.6130952380954113,0.0,,,2.7416666666666667,2.5999999999999996,-0.13250552616596153,-0.9911822665561979,-0.10807263439812752,-0.9941430006262926,-0.10434690543109508,-1.7718233263078895,0.0,2.0,0.13368983957219252,0.3920335429769392,7.0,2,0.4363216125488282,13.09,0.44613888888888886,3.9484375000000003,0.0,4.858333333333333,3.2541666666666664,48,2,2014,139
2015-02-18,6.37,9.8,24,0.56,-2.7,2.1,-0.1791666666666667,5.9,4.325,-3.6829463775276534,-0.320743781836496,92.75,91.41666666666667,350.0,88.04166666666667,1010.5124999999999,1009.2,-1.2458333333333333,-3.4,,,,257.929946997669,0.7980220240732475,-0.1791666666666667,4.325,5.9,92.75,-3.6829463775276534,-0.320743781836496,257.929946997669,0.0,1,24,8.120000000000001,8.120000000000001,39.76,68.74,137.69,4.0,483.07,-0.783333333333303,-9.366666666666674,-3.0273809523810087,0.0,,,1.0666666666666667,0.6999999999999997,-0.9778926653064353,-0.20910747270213986,-0.9778926653064353,-0.20910747270213986,-3.4159327651568985,-0.29748985765335,0.0,3.0,0.7844827586206896,0.2042253521126761,37.583000000000006,3,1.5333952333984378,8.120000000000001,0.41677777777777775,27.550250000000002,0.0,12.975000000000001,0.4125,49,2,2014,140
2015-02-19,6.79,9.9,20,0.7,-3.2,1.9,-0.8833333333333333,8.2,6.779166666666666,-6.178084980139584,1.6103791258643863,87.79166666666667,151.83333333333334,600.0,84.70833333333333,1016.1125000000001,1012.9,-2.766666666666667,-4.1,,,,282.44857301197834,0.9404535157187114,-0.495,6.915000000000001,8.2,86.25,-6.245218786941763,2.2728029733066974,288.1867041279645,0.0,1,20,13.160000000000002,14.91,43.05,74.83,142.1,4.0,489.86,5.600000000000136,-2.966666666666697,1.27976190476204,0.0,,,1.8833333333333337,0.8999999999999995,-0.9764898835877535,0.21556323260420754,-0.9500445053700567,0.31211446268342713,-5.423843772147543,1.4137786742484426,0.0,4.0,0.45539906103286387,0.3463414634146342,55.678,4,1.627535574765625,14.91,0.4360833333333334,46.952850000000005,111.91432066199913,27.116666666666664,-0.7041666666666666,50,2,2014,141
2015-02-20,4.62,6.6,20,0.35,-4.1,0.9,-1.7041666666666666,7.7,5.2,-3.7751071836118792,3.139083498620035,91.0,132.45833333333334,491.0,84.0,1025.375,1021.7,-3.033333333333333,-4.9,,,,307.30379580741953,0.8173150474785301,-1.375,5.995,7.7,90.1,-4.513908117345521,3.8220865351243267,308.47105738581394,0.0,1,20,11.410000000000002,17.78,38.99,72.8,146.51,5.0,494.48,9.262499999999932,14.079166666666765,8.306547619047706,0.0,,,1.3291666666666666,0.8000000000000007,-0.7954333327793748,0.6060410985267388,-0.7829225164684657,0.6221192274851222,-3.4353475370868103,2.856565983744232,0.0,5.0,0.25984251968503935,0.45601436265709155,35.574000000000005,5,1.2153586757812502,17.78,0.4116388888888889,27.6969,171.42130314134155,26.0,-0.8208333333333333,51,2,2014,142
2015-02-21,0.0,0.0,0,0.0,-6.1,8.3,0.20416666666666675,5.4,2.920833333333333,0.21204668133076432,-2.6391521573894905,71.875,208.58333333333334,600.0,52.666666666666664,1026.4166666666667,1023.6,-5.129166666666666,-7.8,,,,178.83345480345153,0.8001483595782012,0.0,0.0,0.0,0.0,0.0,0.0,,0.25,1,0,4.620000000000002,11.41,30.87,72.8,134.33,6.0,494.48,1.0416666666667425,15.90416666666681,8.035119047619105,0.0,,,5.333333333333333,1.7000000000000002,0.020358647933833646,-0.9997927412490581,0.020358647933833646,-0.9997927412490581,0.15240855220648686,-1.8968906131236962,1.0,6.0,0.0,0.36961451247165533,0.0,6,0.0,5.705,0.5630833333333333,0.0,-0.0,17.525,1.9083333333333334,52,2,2014,143
2015-02-22,0.0,7.1,0,0.0,-0.7,9.1,4.0249999999999995,9.1,6.833333333333333,1.5668503803460287,-6.577063830375553,84.95833333333333,143.41666666666666,600.0,87.83333333333333,1018.6291666666666,1012.6,1.6166666666666665,-1.8,,,,166.70063967095038,0.9899510694101927,0.0,0.0,0.0,0.0,0.0,0.0,,0.0,1,0,0.0,4.62,19.53,62.79,124.88000000000001,7.0,494.48,-7.787500000000136,2.516666666666538,0.4261904761904134,0.0,,,2.408333333333333,1.1,0.23003887225038686,-0.9731814410754914,0.23003887225038686,-0.9731814410754914,1.3311699689689802,-5.587763812556563,2.0,7.0,0.0,0.23655913978494622,0.0,3,0.0,1.54,0.5810277777777778,0.0,-0.0,20.5,3.820833333333333,53,2,2014,144
2015-02-23,0.6300000000000001,9.7,8,0.14,0.9,6.3,4.0625,7.4,5.675,-4.788908323271935,-0.7619851263902674,95.625,98.75,456.0,90.33333333333333,1014.6041666666666,1012.1,3.404166666666667,0.5,,,,261.03925106260294,0.8648795511745881,2.7375000000000003,5.4,6.4,97.625,-4.976457388264397,-0.7648643018124972,262.07300546793215,0.0,0,4,0.6300000000000019,0.6300000000000001,20.160000000000004,56.699999999999996,123.97,6.0,495.11,-4.024999999999977,-10.770833333333371,-2.95952380952383,0.0,,,0.6583333333333332,0.4,-0.9877952758599543,-0.1557578023366948,-0.9904445972063479,-0.13791120282542382,-4.579393584128788,-0.7286482771106932,0.0,8.0,1.0,0.03125,4.662000000000001,4,0.10666342968750006,0.6300000000000001,0.5245833333333333,3.402000000000001,0.0,22.7,0.03750000000000053,54,2,2014,145
2015-02-24,0.21000000000000002,0.2,3,0.07,-1.5,4.4,1.4666666666666668,5.8,4.470833333333333,-3.673849753764106,-1.0803501124250832,90.5,124.16666666666667,441.0,80.58333333333333,1016.6541666666667,1014.8,0.025000000000000012,-2.1,,,,251.72615603192338,0.8574118664276119,3.6,4.5,5.0,84.33333333333333,-3.9433139326009816,2.165868430022235,298.66670428043915,0.0,1,3,0.8400000000000019,0.8400000000000001,18.62,52.01,123.34,6.0,495.32,2.050000000000068,-9.762500000000045,-1.6749999999999545,0.0,,,1.4416666666666669,0.6000000000000001,-0.9495687190498705,-0.3135590021064426,-0.877425083030326,0.47971368926603053,-3.324834027156516,-0.9777168517447002,0.0,9.0,0.25,0.04511278195488722,1.218,5,0.03170999999999998,0.8400000000000001,0.4822222222222223,0.9450000000000001,12.125690342748422,22.354166666666664,-2.595833333333333,55,2,2014,146
2015-02-25,0.21000000000000002,0.0,3,0.07,-3.2,3.3,-0.30833333333333335,4.7,3.341666666666667,-0.36260583905832694,-0.3432425501560865,87.5,129.0,449.0,72.04166666666667,1021.3666666666667,1018.2,-2.225,-4.3,,,,203.37214060132516,0.22010461521007563,2.766666666666667,3.8000000000000003,3.9,73.0,-2.280848107764631,2.987454586514785,322.6832565598084,0.08333333333333333,1,3,0.42000000000000004,1.0500000000000003,12.46,52.22,119.7,6.0,495.53000000000003,4.712499999999977,2.737500000000068,1.486904761904725,0.0,,,1.9166666666666667,1.0999999999999996,-0.396701596315102,-0.917947625674281,-0.6062208341387221,0.7952963600169135,-0.3172801091760361,-0.3003372313865757,0.0,10.0,0.19999999999999996,0.08426966292134833,0.9870000000000001,6,0.036171187500000014,1.0500000000000003,0.451,0.7980000000000002,34.395189465090475,20.05,-1.7750000000000001,56,2,2014,147
2015-02-26,3.29,9.4,14,0.7,-3.6,6.2,1.6333333333333335,9.9,6.1499999999999995,0.48551341913252033,-5.4480150720889915,89.375,100.08333333333333,467.0,99.16666666666667,1015.5916666666667,1010.6,-0.008333333333333323,-4.7,,,,173.8610373602427,0.9119580466784097,4.171428571428572,6.885714285714286,9.9,88.71428571428571,0.008007266203450492,-5.79126993419518,178.96114274268282,0.0,0,14,3.5000000000000018,3.71,8.96,52.01,115.57000000000001,5.0,498.82,-5.774999999999977,0.9875000000000682,-4.213690476190436,0.0,,,1.6416666666666668,1.1,0.10694022271581642,-0.9942654518615698,0.01813048615909688,-0.9998356292269419,0.43392761834969007,-4.869163470679536,0.0,11.0,0.8867924528301887,0.41406249999999994,32.571000000000005,6,0.438137357142857,3.71,0.5024166666666666,22.654,0.0,36.9,1.9416666666666669,57,2,2014,148
2015-02-27,9.45,14.6,24,0.77,-3.8,2.8,-1.0583333333333333,12.4,10.9375,-10.65712498730588,1.5191926887809188,88.16666666666667,157.79166666666666,593.0,89.58333333333333,1016.0541666666667,1010.8,-2.8041666666666667,-4.9,,,,278.04538328869523,0.9842714057474267,-1.0583333333333333,10.9375,12.4,88.16666666666667,-10.65712498730588,1.5191926887809188,278.04538328869523,0.0,0,24,12.740000000000002,12.95,13.79,52.78,120.75,4.0,508.27,0.46249999999997726,-0.6000000000000227,-2.4196428571428896,0.0,,,1.7458333333333333,1.1000000000000005,-0.9901575207873,0.13995743648819647,-0.9901575207873,0.13995743648819647,-9.396031863808018,1.3394215539418435,0.0,12.0,0.7297297297297297,0.9390862944162437,100.0,0,2.2553492431640625,12.95,0.4613055555555556,103.35937499999999,18.72989716518916,0.0,-2.691666666666667,58,2,2014,149
2015-02-28,1.12,1.3,8,0.28,-4.6,2.4,-2.1416666666666666,9.7,4.375,-1.6926323705416104,1.094593045789108,79.875,198.58333333333334,600.0,77.70833333333333,1027.1708333333333,1024.1,-5.383333333333333,-7.0,,,,316.52356003375405,0.2714968730257336,-4.325,7.4375,9.7,92.375,-5.987790768189018,4.311437360204857,306.73485381923456,0.0,1,8,10.570000000000004,13.86,14.91,45.78,121.59,4.0,509.39,11.116666666666674,5.804166666666674,8.58928571428578,0.0,,,3.2416666666666663,2.4000000000000004,-0.6880562434486815,0.7256573611914157,-0.8014119522339117,0.5981127676422151,-1.3519901059701112,0.8743061953240501,0.0,13.0,0.08080808080808081,0.9295774647887324,10.864,1,0.36381023437500004,13.86,0.4519722222222222,8.33,306.1956605826259,4.375,-1.0833333333333333,59,2,2014,150
2015-03-01,12.95,20.8,20,2.17,-2.2,5.1,1.3625,10.0,5.808333333333334,-0.28640820675198,-2.8704515360928444,91.5,74.45833333333333,309.0,98.41666666666667,1014.7041666666668,1008.5,0.10000000000000002,-4.1,,,,190.35903243636272,0.4817839343566259,1.9449999999999998,5.88,10.0,92.7,-0.6505178449467336,-2.4009528769913535,202.9667561613064,0.0,0,20,14.070000000000004,23.52,27.86,47.39,126.49,3.0,522.34,-12.466666666666583,-0.8874999999999318,-3.3166666666664923,0.0,,,1.2625,1.8999999999999995,-0.17981582700151746,-0.9837002939715737,-0.3901969725404874,-0.9207314063396763,-0.2620635091780617,-2.6264631555249527,0.0,0.0,0.550595238095238,0.8442211055276382,100.0,0,2.4161324906249995,23.52,0.46797222222222223,76.146,0.0,0.0,3.5041666666666664,60,3,2014,151
2015-03-02,2.87,4.3,10,0.42,-3.3,2.0,-0.525,11.5,7.9375,-7.590866348971328,0.7917472970087122,83.625,192.70833333333334,600.0,69.29166666666667,1017.0124999999999,1010.7,-3.1041666666666665,-4.4,,,,269.41805194626534,0.8651278019721631,-0.75,9.989999999999998,11.2,91.1,-9.937208170340561,0.7329406806060176,274.3982582626721,0.0,1,10,15.820000000000004,16.94,30.1,50.26,120.05,4.0,525.21,2.3083333333331666,0.9583333333332575,-1.3523809523810542,0.0,,,2.5791666666666666,1.1000000000000005,-0.9999484190369929,-0.010156734978249428,-0.9970550839518851,0.07668871863383389,-6.347861984327274,0.6620986771235355,0.0,1.0,0.16942148760330578,0.5627906976744186,33.005,1,0.6749948515625002,16.94,0.45166666666666666,28.671299999999995,75.69668323756375,7.9375,-1.8875000000000002,61,3,2014,152
2015-03-03,1.47,2.3,7,0.42,-6.0,5.3,0.1791666666666666,8.8,4.433333333333334,1.4605757872768963,-3.997825664681771,75.45833333333333,140.95833333333334,534.0,84.91666666666667,1017.7833333333333,1009.9,-4.045833333333333,-8.4,,,,164.13094677263416,0.9533313961726405,1.8142857142857143,6.457142857142857,8.8,81.42857142857143,3.249636705915872,-5.542288949376941,150.41769970260412,0.041666666666666664,0,7,4.340000000000003,17.29,31.36,49.98,115.99000000000001,3.0,526.68,0.7708333333333712,-9.387500000000045,-0.7428571428571331,0.0,,,4.225,2.4000000000000004,0.27343972008243944,-0.9618891409519276,0.4936732403096359,-0.8696474755912217,1.1021261461493579,-3.01669261614112,0.0,2.0,0.08502024291497975,0.5513392857142857,12.936,2,0.276544125,17.29,0.46327777777777773,9.492,0.0,8.866666666666667,0.7041666666666666,62,3,2014,153
2015-03-04,9.8,16.8,23,1.26,-1.9,5.5,2.129166666666667,14.3,9.512500000000001,-7.635436727756808,-3.410203089558385,90.0,172.91666666666666,600.0,83.20833333333333,1009.6583333333333,1006.6,0.5916666666666667,-2.9,,,,236.22601504778208,0.8388395800268386,1.9869565217391305,9.447826086956523,14.3,90.69565217391305,-7.5152077015030825,-3.402766280450979,235.46369897005127,0.0,0,12,11.270000000000003,14.14,40.95,53.41,123.13,2.0,536.48,-8.125,-5.045833333333462,-7.19523809523821,0.0,,,1.5375,1.0,-0.8312369686523574,-0.5559182511355782,-0.8237671638256793,-0.5669282668932609,-6.871893054981127,-3.0691827806025462,0.0,3.0,0.6930693069306931,0.3452991452991453,100.0,3,1.7313465134688093,14.14,0.5375,92.58869565217393,0.0,28.5375,1.9500000000000002,63,3,2014,154
2015-03-05,2.1,2.8000000000000003,21,0.21,-3.1,1.3,-1.5291666666666668,11.6,8.049999999999999,-7.857599572640492,-0.8958986422819123,85.25,181.5,600.0,84.33333333333333,1022.15,1017.7,-3.8249999999999997,-4.8,,,,264.39906607114614,0.9831191380259119,-1.3238095238095238,8.733333333333334,11.6,83.85714285714286,-8.519022482482745,-0.9719114569441318,264.60032169008844,0.0,1,21,11.900000000000002,13.37,39.76,48.72,124.53,3.0,538.58,12.491666666666674,5.1375000000000455,4.359523809523694,0.0,,,2.295833333333333,1.6999999999999997,-0.9952258092353267,-0.09759912208564754,-0.9955624929633332,-0.09410272368339355,-6.698603635676019,-0.7637535925453303,0.0,4.0,0.15706806282722516,0.3362676056338028,24.36,4,0.5296004166666666,13.37,0.4340555555555556,18.340000000000003,329.8920464487424,32.199999999999996,-3.6583333333333337,64,3,2014,155
2015-03-06,0.35000000000000003,0.0,5,0.07,-2.7,5.1,0.24999999999999992,4.9,2.4458333333333333,1.1186954102397957,0.04914064482003975,86.16666666666667,165.41666666666666,600.0,73.875,1025.0125,1022.8,-1.9541666666666666,-3.6,,,,98.6583088500255,0.4467694239518058,-2.52,1.2,2.2,94.0,0.42743303758348006,-0.07530350803606663,116.67954760825018,0.0,1,5,2.450000000000002,12.25,30.66,44.449999999999996,124.60000000000001,4.0,538.93,2.862500000000068,7.2291666666667425,5.942261904761949,0.0,,,2.2041666666666666,0.8999999999999999,0.9886036897178987,-0.15054150482892328,0.8935317210248876,-0.4490000707375248,0.9639425451566239,0.04234285561993425,0.0,5.0,0.028571428571428574,0.3995433789954338,1.7150000000000003,5,0.10790675,12.25,0.5108333333333334,0.42000000000000004,0.0,12.229166666666666,1.7791666666666668,65,3,2014,156
2015-03-07,0.9800000000000001,2.9,11,0.14,-1.9,7.3,2.4875,3.8,2.3541666666666665,0.7609457002016301,-1.2875952803727289,90.20833333333333,143.16666666666666,586.0,85.125,1022.6458333333334,1020.8,0.975,-2.5,,,,147.23104027687305,0.5537519695124333,1.7272727272727273,2.4181818181818184,3.6,95.0909090909091,1.199692500549213,-1.509090463427906,138.32274860758838,0.0,1,5,1.3300000000000018,3.43,30.52,45.43,124.88,4.0,539.91,-2.3666666666666742,12.987500000000068,4.222023809523876,0.0,,,1.5124999999999997,0.6000000000000001,0.5412527496224259,-0.8408599532776927,0.6649338584216722,-0.7469022452265541,0.6864364337235539,-1.1615182425028991,0.0,6.0,0.28571428571428575,0.11238532110091744,3.724,6,0.19655529958677687,3.43,0.5583611111111111,2.3698181818181823,0.0,14.125,2.2375,66,3,2014,157
2015-03-08,1.6800000000000002,3.0,12,0.21,-0.8,5.7,2.7375000000000003,6.3,3.608333333333333,2.7930372199448144,-0.14396253370141743,91.375,171.625,600.0,66.83333333333333,1023.0875,1021.7,1.4500000000000002,-1.7,,,,92.15691647904357,0.7794674351678688,2.283333333333333,2.466666666666667,6.3,95.16666666666667,2.0640924425234175,1.0510870594588406,70.75324642276506,0.041666666666666664,0,12,2.660000000000002,3.0100000000000002,19.25,47.11,119.91,4.0,541.59,0.44166666666660603,0.9375,3.466071428571354,0.0,,,1.2875,0.8999999999999999,0.9992914995883708,-0.03763640326100743,0.9441076994018596,0.3296371519263689,2.552137759724574,-0.13154576516967018,0.0,7.0,0.5581395348837209,0.15636363636363637,10.584000000000001,4,0.3141069166666668,3.0100000000000002,0.5456666666666666,4.144000000000001,0.0,14.433333333333332,0.25000000000000044,67,3,2014,158
2015-03-09,2.59,8.2,7,0.84,-0.7,7.8,3.9,8.7,6.045833333333333,1.245319742173655,-4.061570971028197,88.75,125.08333333333333,474.0,99.58333333333333,1014.0875,1006.2,2.1374999999999997,-1.6,,,,167.31760955429945,0.7159288236346075,4.071428571428571,4.828571428571428,8.7,96.0,-3.505217000918371,-0.6164961402169162,240.6581115033186,0.0,0,7,4.270000000000001,5.25,18.97,49.07,122.5,3.0,544.18,-9.0,-10.925000000000068,-5.116071428571331,0.0,,,1.7625000000000002,0.9000000000000001,0.21954636860011192,-0.9756020664361591,-0.8717112557189864,-0.49001988393618046,1.1052212711791187,-3.604644236787525,0.0,8.0,0.4933333333333333,0.2767527675276753,22.532999999999998,5,0.36070540178571436,5.25,0.5525555555555556,12.505999999999998,0.0,30.229166666666668,1.1624999999999996,68,3,2014,159
2015-03-10,16.17,24.0,24,1.47,-6.0,2.4,-1.5958333333333332,15.0,11.345833333333333,-11.068664630330339,1.8071227637228897,82.625,146.0,580.0,95.29166666666667,1006.0333333333333,1002.6,-4.241666666666666,-9.2,,,,279.0640965078312,0.9875016922463374,-1.5958333333333332,11.345833333333333,15.0,82.625,-11.068664630330339,1.8071227637228897,279.0640965078312,0.0,0,24,18.76,20.44,33.67,65.03,128.66,3.0,560.35,-8.054166666666674,-16.612500000000068,-11.491666666666674,0.0,,,2.645833333333333,3.1999999999999993,-0.9875127201266111,0.15753928903020167,-0.9875127201266111,0.15753928903020167,-9.145484150810443,1.4931351835260376,0.0,0.0,0.791095890410959,0.6070686070686071,100.0,0,4.0228043048502595,20.44,0.4260833333333333,183.46212500000001,0.0,0.0,-5.495833333333334,69,3,2014,160
2015-03-11,7.42,10.5,24,0.42,-6.7,-0.9,-4.104166666666667,15.8,12.191666666666668,-11.746253310892484,-2.705299032786229,77.5,176.95833333333334,600.0,89.58333333333333,1012.9041666666667,1010.7,-7.495833333333334,-9.6,,,,256.02048893080473,0.9853929065458492,-4.104166666666667,12.191666666666668,15.8,77.5,-11.746253310892484,-2.705299032786229,256.02048893080473,0.0,0,24,23.590000000000003,26.18,31.29,72.24,129.36,3.0,567.77,6.870833333333394,-10.18333333333328,-5.084523809523716,0.0,,,3.3916666666666666,2.8999999999999995,-0.970382175335961,-0.24157490306372487,-0.970382175335961,-0.24157490306372487,-9.103346315941677,-2.0966067504093275,0.0,1.0,0.28342245989304815,0.8366890380313199,100.0,1,2.217606205512153,26.18,0.3763055555555556,90.46216666666668,540.7338768947275,12.191666666666668,-2.5083333333333337,70,3,2014,161
2015-03-12,8.12,11.6,24,0.91,-6.5,0.6,-3.0583333333333336,14.1,9.291666666666666,-8.31477847868715,-3.482003610042723,81.95833333333333,197.125,600.0,87.54166666666667,1015.6083333333332,1012.7,-5.829166666666667,-8.4,,,,247.5468367148593,0.9718391671529382,-3.0583333333333336,9.291666666666666,14.1,81.95833333333333,-8.31477847868715,-3.482003610042723,247.5468367148593,0.0,1,24,15.54,31.71,37.31,77.07,132.57999999999998,3.0,575.89,2.704166666666538,1.5208333333332575,-1.4458333333334394,0.0,,,2.770833333333333,1.9000000000000004,-0.9241920502345424,-0.3819280747513502,-0.9241920502345424,-0.3819280747513502,-6.814653861490678,-2.853792125397515,0.0,2.0,0.2560706401766004,0.849906191369606,100.0,2,2.342957452256944,31.71,0.41794444444444445,75.44833333333332,146.14955421808364,18.583333333333332,1.0458333333333334,71,3,2014,162
2015-03-13,6.44,9.9,22,0.98,-6.5,3.0,-1.6958333333333335,12.3,9.195833333333333,-7.719398500312974,-4.656731362321643,81.66666666666667,195.54166666666666,600.0,77.29166666666667,1019.2166666666667,1017.6,-4.554166666666666,-8.5,,,,238.63855709608978,0.9807903142558809,-1.5636363636363635,9.14090909090909,12.3,81.9090909090909,-7.74954474158356,-4.5271561154437885,239.4606829781568,0.0,1,13,14.559999999999999,21.98,43.4,74.06,139.02,3.0,582.33,3.608333333333462,13.183333333333394,2.9904761904762154,0.0,,,2.8583333333333325,2.0,-0.8539012165135579,-0.5204351183737181,-0.8612806789513768,-0.5081295032420922,-6.304175441922263,-3.8029972792293414,0.0,3.0,0.2929936305732484,0.5064516129032258,79.212,3,1.6490198801652893,21.98,0.46925,58.86745454545455,181.75911395989758,27.5875,1.3625,72,3,2014,163
2015-03-14,0.21000000000000002,0.2,3,0.07,-5.0,3.0,-1.4708333333333332,10.1,6.4375,-5.32946844188238,-1.2958399642130167,77.58333333333333,232.66666666666666,600.0,43.166666666666664,1023.4041666666667,1021.5,-5.208333333333333,-8.3,,,,250.4273082910981,0.813390169130195,0.7666666666666667,8.4,9.2,71.66666666666667,-7.558931575296675,1.6914449052801022,282.77880681914075,0.16666666666666666,1,2,6.65,14.77,42.63,73.14999999999999,135.73,3.0,582.54,4.1875,10.5,7.069642857142867,0.0,,,3.7375,3.3000000000000007,-0.9422172285699858,-0.3350025286261213,-0.9752312363418137,0.2211877837115272,-4.134779266160413,-1.0053558389019321,0.0,4.0,0.014218009478672987,0.34646962233169126,2.121,4,0.043385125000000004,14.77,0.4803888888888889,1.7640000000000002,158.26512985777413,25.75,0.2250000000000003,73,3,2014,164
2015-03-15,0.0,0.0,0,0.0,-6.3,6.5,0.32916666666666655,5.8,3.6875,-0.9541115438887692,-3.080297083131489,74.04166666666667,257.5416666666667,600.0,56.291666666666664,1024.3166666666666,1021.5,-4.304166666666666,-10.3,,,,199.12556268633077,0.8439538111172644,0.0,0.0,0.0,0.0,0.0,0.0,,0.3333333333333333,0,0,0.21000000000000002,6.65,40.95,60.2,127.05,3.0,582.54,0.912499999999909,8.708333333333371,7.806547619047592,0.0,,,4.633333333333333,4.000000000000001,-0.3276394582301545,-0.9448028288540689,-0.3276394582301545,-0.9448028288540689,-0.7064400889543095,-2.2807032986352733,1.0,5.0,0.0,0.1623931623931624,0.0,5,0.0,3.325,0.5629444444444445,0.0,-0.0,18.4375,1.7999999999999998,74,3,2014,165
2015-03-16,0.0,0.0,0,0.0,-0.2,13.7,5.7625,6.6,3.766666666666667,0.23197172630280635,-2.7144265907455853,75.04166666666667,228.91666666666666,600.0,76.58333333333333,1022.3708333333334,1020.0,1.2,-1.8,,,,167.18139627943475,0.6582011225812241,0.0,0.0,0.0,0.0,0.0,0.0,,0.125,1,0,0.0,0.21000000000000002,38.36,57.33,118.93,4.0,582.54,-1.945833333333212,3.154166666666697,4.677380952380986,0.0,,,4.5625,1.6,0.22186511320257177,-0.9750773669528023,0.22186511320257177,-0.9750773669528023,0.1740754496130643,-2.0369509541386663,2.0,6.0,0.0,0.005474452554744526,0.0,6,0.0,0.07,0.7071944444444446,0.0,-0.0,22.6,5.433333333333334,75,3,2014,166
2015-03-17,0.0,0.0,0,0.0,0.9,15.2,6.408333333333334,5.9,4.158333333333333,-1.191046535062918,-3.1689498357026786,64.375,262.9166666666667,600.0,24.75,1019.0124999999999,1017.0,-0.775,-4.2,,,,201.66936469953183,0.8209094308880629,0.0,0.0,0.0,0.0,0.0,0.0,,0.625,0,0,0.0,0.0,22.19,55.86,107.59,4.0,582.54,-3.358333333333462,-4.391666666666765,-0.535119047619105,0.0,,,7.1833333333333345,5.1000000000000005,-0.369249909466376,-0.9293301374425953,-0.369249909466376,-0.9293301374425953,-0.7667362069467535,-2.040011456733599,3.0,7.0,,0.0,0.0,5,0.0,0.0,0.7231944444444446,0.0,-0.0,20.791666666666664,0.6458333333333339,76,3,2014,167
2015-03-18,0.0,5.4,0,0.0,1.6,16.7,8.833333333333334,7.5,3.8833333333333333,1.7086155598357327,-2.9263724818995573,67.08333333333333,218.5,600.0,98.08333333333333,1017.0791666666668,1013.6,2.2416666666666667,-0.6,,,,151.08841760775962,0.8632785986254148,0.0,0.0,0.0,0.0,0.0,0.0,,0.0,0,0,0.0,0.0,14.77,46.06,107.59,4.0,582.54,-1.9333333333331666,-7.237499999999841,-3.064880952380804,0.0,,,6.591666666666667,2.2,0.4834593493035475,-0.8753668131537718,0.4834593493035475,-0.8753668131537718,1.146196271389804,-1.9631082066076195,4.0,8.0,,0.0,0.0,6,0.0,0.0,0.7026111111111111,0.0,-0.0,23.3,2.425,77,3,2014,168
2015-03-19,0.0,39.4,0,0.0,4.5,9.7,6.825,7.8,2.85,1.0074844306237647,-2.106470459245773,92.91666666666667,36.25,146.0,97.70833333333333,1010.1333333333333,1008.2,5.708333333333333,4.0,,,,144.49473333159617,0.752535365427987,0.0,0.0,0.0,0.0,0.0,0.0,,0.0,0,0,0.0,0.0,6.65,43.96,105.84,3.0,582.54,-6.945833333333439,-12.237500000000068,-9.2285714285714,0.0,,,1.1166666666666671,0.5,0.5807777873293285,-0.8140621362923406,0.5807777873293285,-0.8140621362923406,0.9361209501212481,-1.9572621350491974,5.0,9.0,,0.0,0.0,6,0.0,0.0,0.5494444444444445,0.0,-0.0,17.1,-2.0083333333333337,78,3,2014,169
2015-03-20,0.0,0.0,0,0.0,0.8,9.6,4.6625000000000005,5.4,2.6875,-0.8230426661690644,0.14979915418764048,86.95833333333333,196.125,600.0,76.08333333333333,1016.3125,1012.4,2.5208333333333335,0.0,,,,230.33640884753504,0.24514046458538521,0.0,0.0,0.0,0.0,0.0,0.0,,0.0,0,0,0.0,0.0,0.21000000000000002,43.61,99.47,2.0,582.54,6.179166666666674,-2.699999999999932,-2.6345238095237846,0.0,,,2.141666666666667,0.8,-0.769805307411838,-0.6382787703508285,-0.769805307411838,-0.6382787703508285,-0.7157041851228488,0.13026284782900235,6.0,10.0,,0.0,0.0,6,0.0,0.0,0.6339444444444444,0.0,-0.0,16.125,-2.1624999999999996,79,3,2014,170
2015-03-21,0.0,0.0,0,0.0,-1.7,9.4,3.4875000000000003,7.1,2.720833333333333,-0.054801103520171444,-2.0622401666752164,73.875,258.125,600.0,47.666666666666664,1016.2708333333334,1014.0,-1.25,-4.8,,,,183.53149904629163,0.6535764005082592,0.0,0.0,0.0,0.0,0.0,0.0,,0.2916666666666667,1,0,0.0,0.0,0.0,42.629999999999995,92.68,2.0,582.54,-0.04166666666662877,-0.808333333333394,-1.6571428571428442,0.0,,,4.737500000000001,3.0999999999999996,-0.061597266933559394,-0.9981010854148571,-0.061597266933559394,-0.9981010854148571,-0.04048431522552665,-1.523479923131316,7.0,11.0,,,0.0,6,0.0,0.0,0.6272222222222222,0.0,-0.0,16.325,-1.1750000000000003,80,3,2014,171
2015-03-22,0.7,2.7,4,0.35,-0.1,9.9,4.583333333333333,9.0,6.033333333333334,-4.34927444391642,-2.7931931371982244,73.75,263.7916666666667,600.0,18.791666666666668,1014.0375,1011.0,0.03333333333333333,-3.1,,,,235.5016419970702,0.8493779544660629,3.675,7.475,9.0,86.0,-7.20849942721665,-1.3502965319744544,258.27668113955326,0.625,1,4,0.7,0.7,0.7,41.65,88.75999999999999,3.0,583.24,-2.2333333333333485,3.904166666666697,-2.4220238095236937,0.0,,,4.55,3.0,-0.824142420498063,-0.5663826186736259,-0.9791401969416885,-0.20318581331626343,-3.20758990238836,-2.0599799386836906,0.0,12.0,1.0,1.0,6.3,0,0.10034513671875003,0.7,0.6416944444444445,5.232499999999999,0.0,0.0,1.0958333333333328,81,3,2014,172
2015-03-23,4.48,6.4,17,0.63,-3.9,1.7,-0.8791666666666668,12.1,8.666666666666666,-7.73655065951861,0.16817545268072143,84.33333333333333,201.95833333333334,600.0,63.583333333333336,1018.4958333333334,1014.6,-3.2416666666666667,-5.6,,,,268.80852430724065,0.87934680150439,-0.6882352941176472,9.241176470588234,12.1,81.88235294117646,-8.714257993435028,1.9542163689101013,282.66647062457423,0.08333333333333333,1,14,5.180000000000001,5.180000000000001,5.180000000000001,43.54,93.24,3.0,587.72,4.458333333333371,2.183333333333394,2.5898809523811224,0.0,,,2.3625,1.6999999999999997,-0.9997837881651032,-0.020793675053632776,-0.975663030457855,0.21927528588008915,-6.5244910561940275,0.14182796509407505,0.0,13.0,0.8648648648648648,1.0,54.208000000000006,0,1.0588017370242218,5.180000000000001,0.45352777777777775,41.400470588235294,151.51916086085285,0.0,-5.4624999999999995,82,3,2014,173
2015-03-24,7.28,10.2,24,0.49,-5.0,1.0,-1.9749999999999999,9.8,8.200000000000001,-7.796472062973383,-0.4026414619566607,84.70833333333333,163.20833333333334,600.0,83.58333333333333,1024.75,1022.5,-4.258333333333334,-6.9,,,,266.4112032312209,0.9546935359848165,-1.9749999999999999,8.200000000000001,9.8,84.70833333333333,-7.796472062973383,-0.4026414619566607,266.4112032312209,0.0,1,24,11.760000000000002,12.46,12.46,34.65,100.52,4.0,595.0,6.254166666666606,8.479166666666629,8.024404761904748,0.0,,,2.283333333333334,1.9000000000000004,-0.9980389869849987,-0.06259537089879334,-0.9980389869849987,-0.06259537089879334,-6.604261543343703,-0.3410708717324546,0.0,14.0,0.5842696629213483,1.0,71.34400000000001,0,1.9560563750000004,12.46,0.41338888888888886,59.69600000000001,243.80217846922778,0.0,-1.0958333333333332,83,3,2014,174
2015-03-25,2.1700000000000004,3.1,20,0.21,-4.5,1.9,-1.6500000000000001,8.6,6.325,-5.809924320152635,1.2766399632951988,84.125,231.75,600.0,67.33333333333333,1032.075,1028.3,-4.091666666666667,-5.7,,,,277.69546723414385,0.9348167238634,-1.2650000000000001,6.709999999999999,8.6,82.3,-6.145164675739729,1.781717575880212,282.92413176118663,0.0,1,15,9.450000000000001,13.930000000000001,14.63,29.4,102.06,5.0,597.17,7.3250000000000455,18.037500000000023,13.207142857142799,0.0,,,2.4416666666666664,1.2000000000000002,-0.9909937964870645,0.1339077866449692,-0.9746670795460979,0.22366064483739767,-4.887598834328404,1.073973369122086,0.0,15.0,0.15577889447236182,0.952153110047847,18.662000000000003,1,0.5598680357812501,13.930000000000001,0.47713888888888895,14.5607,202.5599906240721,6.325,0.32499999999999973,84,3,2014,175
2015-03-26,0.0,0.0,0,0.0,-5.5,4.5,-0.7416666666666667,4.4,3.7458333333333336,-2.492273733803087,-1.5467666587650581,71.75,280.5,600.0,9.791666666666666,1033.6083333333333,1030.8,-5.445833333333333,-7.4,,,,238.3609545981927,0.7895900857045324,0.0,0.0,0.0,0.0,0.0,0.0,,0.8333333333333334,1,0,2.1700000000000004,9.45,14.63,21.28,101.85,6.0,597.17,1.533333333333303,15.112499999999955,11.386904761904589,0.0,,,4.704166666666666,1.9000000000000004,-0.8513696552940004,-0.5245662113066137,-0.8513696552940004,-0.5245662113066137,-1.788206404003715,-1.1098050776639292,1.0,16.0,0.0,0.6459330143540669,0.0,2,0.0,4.725,0.5261666666666667,0.0,-0.0,7.491666666666667,0.9083333333333334,85,3,2014,176
2015-03-27,0.0,0.0,0,0.0,-4.8,12.0,2.8791666666666664,5.9,4.7749999999999995,-2.119024313482997,-3.2774850675164386,58.75,290.75,600.0,0.0,1026.0375000000001,1022.6,-5.520833333333333,-9.3,,,,215.48251395545248,0.7990719817268088,0.0,0.0,0.0,0.0,0.0,0.0,,1.0,1,0,0.0,2.1700000000000004,14.63,14.84,101.64,7.0,597.17,-7.570833333333212,1.2875000000001364,2.4267857142857565,0.0,,,8.399999999999999,4.500000000000001,-0.5804544695293085,-0.8142927046237423,-0.5804544695293085,-0.8142927046237423,-1.2449267841712608,-1.9255224771659079,2.0,17.0,0.0,0.14832535885167467,0.0,3,0.0,0.7233333333333335,0.6563333333333333,0.0,-0.0,14.325,3.620833333333333,86,3,2014,177
2015-03-28,0.0,0.0,0,0.0,-0.6,14.5,5.9875,5.1,4.054166666666666,-1.557346547151062,-2.6480985175716962,58.166666666666664,285.625,600.0,38.791666666666664,1019.5791666666668,1016.7,-2.4375,-6.1,,,,213.91441100033046,0.7366167831874852,0.0,0.0,0.0,0.0,0.0,0.0,,0.5416666666666666,1,0,0.0,0.0,14.63,14.63,98.35,7.0,597.17,-6.458333333333371,-12.49583333333328,-4.50416666666672,0.0,,,8.425,5.5,-0.5579538555309366,-0.8298719751251773,-0.5579538555309366,-0.8298719751251773,-0.905856574926201,-1.5403106377208697,3.0,18.0,,0.0,0.0,4,0.0,0.0,0.7065277777777778,0.0,-0.0,16.216666666666665,3.1083333333333334,87,3,2014,178
2015-03-29,0.0,4.2,0,0.0,0.7,12.0,5.204166666666667,6.4,4.966666666666667,-2.1037550527570716,-3.623353314682742,83.5,164.08333333333334,538.0,62.416666666666664,1016.1750000000001,1014.8,2.370833333333333,-1.1,,,,212.20885614609134,0.8305636824484589,0.0,0.0,0.0,0.0,0.0,0.0,,0.041666666666666664,0,0,0.0,0.0,13.930000000000001,14.63,88.9,6.0,597.17,-3.404166666666697,-17.43333333333328,-8.213690476190664,0.0,,,2.8333333333333335,1.8,-0.5330070648585156,-0.8461107899151921,-0.5330070648585156,-0.8461107899151921,-1.7566354690521546,-3.0255000177600895,4.0,19.0,,0.0,0.0,5,0.0,0.0,0.6543888888888889,0.0,-0.0,24.833333333333336,-0.7833333333333332,88,3,2014,179
2015-03-30,0.0,0.0,0,0.0,0.1,12.0,5.070833333333334,5.3,3.1750000000000003,-1.075956863422746,-1.5624870629683534,77.79166666666667,261.625,600.0,17.875,1020.1791666666667,1017.7,1.05,-1.7,,,,218.83649460759128,0.5276862219869842,0.0,0.0,0.0,0.0,0.0,0.0,,0.7083333333333334,0,0,0.0,0.0,9.45,14.63,87.78,5.0,597.17,4.004166666666606,-5.858333333333462,-4.450000000000159,0.0,,,4.020833333333334,1.8,-0.6271000843664105,-0.778938690904259,-0.6271000843664105,-0.778938690904259,-0.8370047766709446,-1.2154847277341316,5.0,20.0,,0.0,0.0,6,0.0,0.0,0.700388888888889,0.0,-0.0,19.05,-0.13333333333333286,89,3,2014,180
2015-03-31,0.0,0.0,0,0.0,0.1,17.2,7.333333333333333,5.9,4.783333333333333,-1.9340749223084626,-3.020010271166857,67.04166666666667,285.9166666666667,600.0,27.208333333333332,1018.1666666666666,1015.9,0.3500000000000001,-4.3,,,,210.70318002181813,0.7572122476533173,0.0,0.0,0.0,0.0,0.0,0.0,,0.5833333333333334,0,0,0.0,0.0,2.1700000000000004,14.63,74.83,4.0,597.17,-2.0125000000000455,-1.4125000000001364,-5.522023809523944,0.0,,,6.9833333333333325,4.3999999999999995,-0.5105906405178988,-0.8598239341955548,-0.5105906405178988,-0.8598239341955548,-1.2966360624976319,-2.0246652192947807,6.0,21.0,,0.0,0.0,6,0.0,0.0,0.7474166666666667,0.0,-0.0,28.7,2.2624999999999993,90,3,2014,181
2015-04-01,1.33,28.8,5,0.49,2.9,8.7,5.279166666666667,6.6,3.6916666666666664,-1.0731217562006374,-0.2095924739181841,92.45833333333333,49.541666666666664,233.0,96.625,1014.0458333333332,1010.3,4.1125,2.5,,,,242.028990586225,0.25819909136690505,3.56,3.1399999999999997,4.8,98.8,-1.1556576054993442,2.852115388035088,341.1740060139159,0.0,0,5,1.33,1.33,1.33,15.96,73.29,3.0,598.5,-4.120833333333394,-2.1291666666668334,-7.067261904762063,0.0,,,1.166666666666667,0.3999999999999999,-0.8831850236001334,-0.4690247478421921,-0.3226951384953447,0.9465029569903468,-0.992190490420506,-0.1937857081768544,0.0,22.0,1.0,1.0,8.778,0,0.2057253974999999,1.33,0.5345555555555556,4.1762,0.0,0.0,-2.0541666666666663,91,4,2014,182
2015-04-02,0.0,0.0,0,0.0,1.1,16.6,7.029166666666666,10.9,3.5124999999999997,0.9656805214158024,-3.0220483890423497,75.375,292.6666666666667,600.0,34.083333333333336,1016.6041666666666,1012.7,2.2416666666666667,0.7,,,,153.07544641574543,0.6706977906898992,0.0,0.0,0.0,0.0,0.0,0.0,,0.5416666666666666,0,0,1.33,1.33,1.33,15.96,71.82,2.0,598.5,2.558333333333394,-3.5750000000000455,-2.0797619047619946,0.0,,,4.7875,0.40000000000000013,0.4528168394614981,-0.8916035609507736,0.4528168394614981,-0.8916035609507736,0.7278816930171611,-2.277868973240671,1.0,23.0,0.0,1.0,0.0,1,0.0,0.665,0.7796944444444445,0.0,-0.0,3.5124999999999997,1.7499999999999991,92,4,2014,183
2015-04-03,0.0,19.4,0,0.0,4.4,15.5,8.799999999999999,14.8,10.35,-2.041536324536055,-8.010358022074644,89.33333333333333,150.08333333333334,600.0,91.29166666666667,1008.1,1004.4,7.0625,1.4,,,,202.17505331898917,0.6986826815835611,0.0,0.0,0.0,0.0,0.0,0.0,,0.0,0,0,0.0,1.33,1.33,15.96,62.019999999999996,1.0,598.5,-8.504166666666606,-10.066666666666606,-8.0214285714286,0.0,,,1.737499999999999,3.0000000000000004,-0.3774376253705586,-0.9260350095728745,-0.3774376253705586,-0.9260350095728745,-1.8237724499188759,-7.155919833053349,2.0,24.0,0.0,1.0,0.0,2,0.0,0.44333333333333336,0.7311666666666667,0.0,-0.0,20.7,1.770833333333333,93,4,2014,184
2015-04-04,0.0,0.5,0,0.0,5.5,15.3,8.841666666666667,8.7,4.5,2.4471968539645323,-3.2425807328142398,91.91666666666667,212.45833333333334,600.0,74.25,1015.8166666666666,1013.9,7.533333333333334,5.1,,,,133.1518762744336,0.7874495341834918,0.0,0.0,0.0,0.0,0.0,0.0,,0.08333333333333333,0,0,0.0,0.0,1.33,15.96,59.92,0.0,598.5,7.716666666666583,1.7708333333333712,0.23273809523811906,0.0,,,1.3083333333333327,0.40000000000000036,0.7295433332903246,-0.6839345910623634,0.7295433332903246,-0.6839345910623634,2.249381774935733,-2.9804721235784224,3.0,25.0,,0.0,0.0,3,0.0,0.0,0.7813611111111111,0.0,-0.0,13.5,0.04166666666666785,94,4,2014,185
2015-04-05,0.0,30.599999999999998,0,0.0,7.4,13.5,9.5375,9.0,6.591666666666666,-0.23945917467001507,-5.990685559965343,98.58333333333333,53.958333333333336,216.0,100.0,1013.3249999999999,1010.3,9.316666666666666,7.4,,,,184.16249352768395,0.906885476373291,0.0,0.0,0.0,0.0,0.0,0.0,,0.0,0,0,0.0,0.0,1.33,15.260000000000002,59.57,0.0,598.5,-2.4916666666666742,-3.279166666666697,-1.8517857142858247,0.0,,,0.22083333333333321,0.0,-0.07258532802357272,-0.9973622060995245,-0.07258532802357272,-0.9973622060995245,-0.23606683636218986,-5.9058175145325,4.0,26.0,,0.0,0.0,4,0.0,0.0,0.6645833333333334,0.0,-0.0,26.366666666666664,0.6958333333333329,95,4,2014,186
2015-04-06,0.0,7.4,0,0.0,4.5,11.6,8.466666666666667,6.1,2.795833333333333,-1.3523298240177708,-0.9304973322653692,96.54166666666667,62.708333333333336,253.0,99.79166666666667,1015.0958333333333,1013.3,7.916666666666667,4.3,,,,226.55464167030198,0.3679175801118081,0.0,0.0,0.0,0.0,0.0,0.0,,0.0,0,0,0.0,0.0,1.33,10.780000000000001,58.589999999999996,0.0,598.5,1.7708333333333712,6.99583333333328,0.6452380952380281,0.0,,,0.5499999999999998,0.20000000000000018,-0.7260305090137625,-0.6876624898750963,-0.7260305090137625,-0.6876624898750963,-1.3055617509371564,-0.8983176328578586,5.0,27.0,,0.0,0.0,5,0.0,0.0,0.6213888888888889,0.0,-0.0,13.979166666666664,-1.0708333333333329,96,4,2014,187
2015-04-07,1.9600000000000002,9.6,18,0.21,0.5,4.2,2.4916666666666667,7.3,4.875,0.7841043441740977,4.6944532210120355,94.95833333333333,54.916666666666664,251.0,99.625,1021.8083333333334,1018.0,1.7458333333333333,-0.5,,,,8.795586014332695,0.9764824024816469,2.25,5.383333333333334,7.3,93.88888888888889,0.9080707145797334,5.198103536523446,9.89678382428657,0.0,0,18,1.9600000000000002,1.9600000000000002,3.29,5.460000000000001,58.87,0.0,600.46,6.712500000000091,5.991666666666788,6.837499999999977,0.0,,,0.7458333333333333,1.0,0.15290970411591528,0.9882401643260526,0.17187380300909466,0.9851189754741256,0.7445724168219868,4.457774537786012,0.0,28.0,1.0,0.5957446808510639,14.308000000000002,0,0.3541959895833333,1.9600000000000002,0.4464722222222222,10.551333333333336,0.0,0.0,-5.975,97,4,2014,188
2015-04-08,3.6399999999999997,5.0,12,0.7,-0.9,3.0,0.7125,6.9,4.695833333333334,2.8679494066553564,2.984975070021188,85.125,149.75,585.0,92.83333333333333,1026.3583333333333,1025.3,-1.5333333333333332,-2.5,,,,48.17813855213898,0.8453208887187083,0.09166666666666666,4.733333333333333,6.2,87.5,2.1931052471119794,3.9312990491460997,29.95302464075298,0.0,1,12,5.6,5.6,5.6,6.93,59.92,1.0,604.1,4.5499999999999545,13.033333333333417,9.62857142857149,0.0,,,2.245833333333333,1.6,0.7452216271314056,0.6668168612562374,0.4992897997247898,0.8664350500128555,2.441341932415372,2.5409600283555362,0.0,29.0,0.65,1.0,25.116,0,0.848310215277778,5.6,0.45025,17.229333333333333,0.0,0.0,-1.7791666666666668,98,4,2014,189
2015-04-09,0.0,0.0,0,0.0,-0.4,10.6,4.345833333333333,5.5,3.1125000000000003,1.4373382968728137,-0.31210637920554185,76.20833333333333,280.4166666666667,600.0,53.583333333333336,1025.95,1024.5,0.17500000000000002,-2.9,,,,116.54572472656102,0.5020413749991047,0.0,0.0,0.0,0.0,0.0,0.0,,0.25,0,0,3.6399999999999997,5.6,5.6,6.93,43.75,1.0,604.1,-0.408333333333303,10.854166666666742,7.885119047619128,0.0,,,4.170833333333333,2.5,0.8945779898186796,-0.4469118706545735,0.8945779898186796,-0.4469118706545735,1.09537156040849,-0.23785106981955667,1.0,30.0,0.0,1.0,0.0,1,0.0,2.8,0.6765277777777778,0.0,-0.0,3.1125000000000003,3.6333333333333333,99,4,2014,190
2015-04-10,0.14,4.1,1,0.14,0.7,9.3,5.1625000000000005,5.9,3.795833333333334,1.8442508144952292,-2.687807085727982,86.79166666666667,140.08333333333334,447.0,99.25,1023.1666666666666,1022.2,3.045833333333333,-0.3,,,,148.87105247734337,0.8484113096903517,4.3,5.1,5.1,96.0,3.2095339943541705,-3.963444403430551,141.0,0.0,0,1,0.14,3.78,5.739999999999999,7.07,36.47,1.0,604.24,-2.7833333333334167,1.3583333333332348,2.949404761904816,0.0,,,2.1166666666666676,1.0,0.5169658743839637,-0.8560060074102424,0.6293203910498374,-0.7771459614569709,1.6006560194139845,-2.3327925664880778,0.0,31.0,0.03703703703703704,0.6585365853658537,0.8260000000000002,2,0.018678187500000012,3.78,0.5893611111111111,0.714,0.0,7.591666666666668,0.8166666666666673,100,4,2014,191
2015-04-11,1.54,6.3,8,0.28,3.3,9.1,6.0375000000000005,7.6,3.9791666666666665,0.9531045189990582,1.8309120113112867,92.41666666666667,173.79166666666666,600.0,94.0,1024.6583333333333,1021.4,4.825,3.2,,,,64.21759307723858,0.4634985011309554,4.9,2.2125,5.1,96.75,1.42897236555328,-1.3889259683324267,128.16788828792411,0.0,0,8,1.6800000000000002,1.6800000000000002,7.279999999999999,8.61,29.89,1.0,605.78,1.4916666666666742,-1.7000000000000455,3.1779761904762154,0.0,,,1.2125000000000004,0.09999999999999964,0.9004523697666064,0.4349546295669271,0.7862033598761798,-0.6179678607495749,0.8808274263082965,1.692067850453514,0.0,32.0,0.9166666666666666,0.2307692307692308,11.703999999999999,3,0.19091969531250008,1.6800000000000002,0.6261388888888889,3.40725,0.0,11.9375,0.875,101,4,2014,192
2015-04-12,0.0,0.0,0,0.0,-0.3,12.7,6.745833333333334,6.2,3.970833333333333,2.639015149346893,-0.8058526455641633,71.33333333333333,285.2916666666667,600.0,74.08333333333333,1028.7583333333334,1026.7,1.2291666666666667,-2.2,,,,117.08716688563821,0.6958949819921388,0.0,0.0,0.0,0.0,0.0,0.0,,0.041666666666666664,1,0,1.54,1.6800000000000002,7.279999999999999,8.61,23.45,2.0,605.78,4.100000000000136,2.808333333333394,5.073214285714357,0.0,,,5.516666666666667,1.9000000000000001,0.8903148152739577,-0.4553455058564854,0.8903148152739577,-0.4553455058564854,1.8824974732007838,-0.5748415538357697,1.0,33.0,0.0,0.2307692307692308,0.0,4,0.0,0.8400000000000001,0.7101944444444444,0.0,-0.0,15.883333333333333,0.708333333333333,102,4,2014,193
2015-04-13,4.9,24.1,7,1.33,3.5,6.6,5.1000000000000005,11.9,8.379166666666666,4.604876400635565,-6.921298071867869,92.66666666666667,93.16666666666667,314.0,99.54166666666667,1021.7958333333332,1013.3,3.9916666666666667,2.0,,,,147.3758780959216,0.9914133514021288,6.014285714285714,8.514285714285714,9.4,91.57142857142857,5.488784961226146,-6.4820274336162695,139.8586475774084,0.0,0,7,4.9,6.44,12.18,13.510000000000002,28.14,2.0,610.68,-6.962500000000205,-1.370833333333394,-2.846428571428646,0.0,,,1.1083333333333338,1.5,0.5391254153085211,-0.8422254962706927,0.6446755332076417,-0.7644563145683623,4.267185464588957,-6.413736213264226,0.0,34.0,0.7608695652173914,0.5287356321839081,58.31000000000001,0,0.43628625000000004,6.44,0.5176666666666667,41.720000000000006,0.0,0.0,-1.645833333333333,103,4,2014,194
2015-04-14,0.0,18.1,0,0.0,5.3,16.1,10.154166666666667,9.7,5.825,2.7147232606316103,-4.984176856071758,92.125,118.16666666666667,434.0,99.875,1008.7125,1004.5,8.9,4.4,,,,151.44931699827598,0.9717481210352311,0.0,0.0,0.0,0.0,0.0,0.0,,0.0,0,0,4.9,4.9,10.219999999999999,13.510000000000002,28.14,2.0,610.68,-13.083333333333258,-15.945833333333326,-14.058928571428623,0.0,,,1.2541666666666664,0.8999999999999995,0.47793596213159756,-0.8783946812802,0.47793596213159756,-0.8783946812802,2.500938803856871,-4.591672928656107,1.0,35.0,0.0,0.47945205479452063,0.0,1,0.0,2.45,0.7191944444444444,0.0,-0.0,5.825,5.054166666666666,104,4,2014,195
2015-04-15,3.64,14.799999999999999,8,1.33,1.7,10.8,6.870833333333334,10.2,5.708333333333333,-3.6631314929175365,-2.446267169737997,90.41666666666667,180.5,600.0,83.33333333333333,1005.5458333333332,1002.6,5.266666666666667,1.3,,,,233.62012757536544,0.7701262494984578,5.4875,7.0375,10.2,93.5,-6.484695932568154,-0.48553994977404413,267.5418562715679,0.0,0,6,3.64,8.540000000000001,10.22,15.82,31.78,1.0,614.32,-3.1666666666667425,-23.212500000000205,-14.252380952381031,0.0,,,1.604166666666667,0.3999999999999999,-0.8051022112679307,-0.5931360968711046,-0.9990798202563572,-0.042889541341974806,-3.3120813915129395,-2.211833232638106,0.0,36.0,0.4262295081967213,0.8356164383561644,37.128,2,0.3745142324218753,8.540000000000001,0.6617222222222222,25.6165,0.0,11.416666666666666,-3.283333333333333,105,4,2014,196
2015-04-16,2.03,4.3,4,0.84,2.6,17.7,10.054166666666667,11.8,7.291666666666667,-5.2028174013304245,-3.3222356969263642,74.91666666666667,296.4583333333333,600.0,67.79166666666667,1011.4083333333333,1010.4,5.116666666666666,2.4,,,,236.55643683267033,0.7351927943718931,3.475,10.4,11.8,97.75,-8.174084498267415,-6.308412326460045,232.24146315755607,0.20833333333333334,0,4,5.67,5.67,12.25,17.85,33.81,1.0,616.35,5.862500000000068,-10.387499999999932,-6.312499999999886,0.0,,,4.937500000000001,0.20000000000000018,-0.8344290800931431,-0.5511153330246864,-0.790598347036621,-0.6123350828288074,-3.8977773698300435,-2.4889082429473346,0.0,37.0,0.35802469135802467,0.46285714285714286,23.954,3,0.2880950624999999,5.67,0.7806944444444444,21.112,0.0,21.875,3.1833333333333336,106,4,2014,197
2015-04-17,0.49000000000000005,4.300000000000001,3,0.28,1.3,9.4,6.608333333333333,9.9,7.308333333333334,-5.226190343718253,-1.1328104436113164,86.41666666666667,177.16666666666666,600.0,62.708333333333336,1014.3583333333332,1008.9,4.4875,-0.4,,,,255.59962250835684,0.7459978165774165,7.266666666666667,6.466666666666666,7.3,94.0,-6.261386343797031,1.4395087454532198,282.33550638380893,0.20833333333333334,0,3,2.52,6.16,12.6,18.34,34.3,1.0,616.84,2.949999999999932,5.6458333333332575,-2.1041666666666288,0.0,,,2.1208333333333336,1.7000000000000002,-0.968581522621233,-0.24869626864256325,-0.9769133712012449,0.21363582370056444,-4.516299488696523,-0.9789370250207793,0.0,38.0,0.07954545454545456,0.48888888888888893,4.851000000000001,4,0.030776763888888906,6.16,0.6150555555555556,3.1686666666666667,0.0,29.233333333333334,-3.4458333333333337,107,4,2014,198
2015-04-18,0.0,0.0,0,0.0,-0.0,12.7,6.6499999999999995,16.3,8.450000000000001,-6.1336747440118655,-4.304445559334716,56.0,316.875,600.0,33.166666666666664,1017.975,1015.9,-1.7375,-8.0,,,,228.42129985296867,0.8910523812984273,0.0,0.0,0.0,0.0,0.0,0.0,,0.5,0,0,0.49000000000000005,2.52,11.06,18.34,34.3,1.0,616.84,3.616666666666788,12.429166666666788,2.4672619047619264,0.0,,,8.3875,8.0,-0.7480448550921991,-0.6636481709234878,-0.7480448550921991,-0.6636481709234878,-3.434857856646645,-2.4104895132274406,1.0,39.0,0.0,0.22784810126582278,0.0,5,0.0,1.26,0.680138888888889,0.0,-0.0,42.25000000000001,0.041666666666666075,108,4,2014,199
2015-04-19,0.0,14.4,0,0.0,3.7,16.1,9.454166666666667,7.4,5.254166666666666,0.8224104331028332,-4.754102712377185,72.5,112.45833333333333,449.0,90.83333333333333,1016.1958333333333,1013.3,4.158333333333333,-2.3,,,,173.21328166609044,0.9047178147023073,0.0,0.0,0.0,0.0,0.0,0.0,,0.041666666666666664,0,0,0.0,0.49000000000000005,11.06,18.34,34.3,0.0,616.84,-1.779166666666697,4.787500000000023,2.4827380952382327,0.0,,,5.295833333333334,6.0,0.11817378698104461,-0.9929929285098453,0.11817378698104461,-0.9929929285098453,0.5962475639995541,-3.446724466473459,2.0,40.0,0.0,0.04430379746835443,0.0,6,0.0,0.16333333333333336,0.6499722222222223,0.0,-0.0,31.525,2.804166666666668,109,4,2014,200
2015-04-20,0.0,31.099999999999998,0,0.0,7.6,16.4,12.058333333333332,11.4,8.275,1.124487363123014,-6.09359374452838,91.875,129.83333333333334,536.0,96.79166666666667,1004.5749999999999,999.1,10.741666666666667,6.3,,,,177.80581806675985,0.6726101546891955,0.0,0.0,0.0,0.0,0.0,0.0,,0.0,0,0,0.0,0.0,6.16,18.34,34.3,0.0,616.84,-11.620833333333394,-9.783333333333303,-6.677976190476215,0.0,,,1.3166666666666647,1.2999999999999998,0.03828633931544697,-0.9992668093266295,0.03828633931544697,-0.9992668093266295,1.0331227648692691,-5.598489252785449,3.0,41.0,,0.0,0.0,5,0.0,0.0,0.7261388888888889,0.0,-0.0,41.375,2.6041666666666643,110,4,2014,201
2015-04-21,0.0,9.9,0,0.0,3.7,11.4,7.754166666666666,8.4,5.875,-2.003482341590806,2.3773952729654035,88.70833333333333,183.91666666666666,600.0,77.04166666666667,1012.7583333333333,1005.0,5.8999999999999995,2.0,,,,326.6472462133663,0.4321123555212596,0.0,0.0,0.0,0.0,0.0,0.0,,0.20833333333333334,0,0,0.0,0.0,6.16,16.38,33.6,0.0,616.84,8.183333333333394,-5.216666666666697,0.9273809523810996,0.0,,,1.854166666666667,1.7000000000000002,-0.5497921358052604,0.8353015068863997,-0.5497921358052604,0.8353015068863997,-1.777255793852844,2.10894772339306,4.0,42.0,,0.0,0.0,6,0.0,0.0,0.6716388888888889,0.0,-0.0,35.25,-4.304166666666665,111,4,2014,202
2015-04-22,0.0,2.4,0,0.0,2.5,16.7,9.279166666666667,5.8,3.079166666666667,-0.07364451088590433,-0.3324078477286837,72.625,246.25,600.0,60.041666666666664,1017.6708333333332,1016.0,4.375,-2.4,,,,182.44562541392156,0.296640684492437,0.0,0.0,0.0,0.0,0.0,0.0,,0.16666666666666666,0,0,0.0,0.0,2.52,12.74,29.12,0.0,616.84,4.912499999999909,1.474999999999909,4.107738095238005,0.0,,,4.904166666666667,4.9,-0.04267125556122526,-0.9990891671661887,-0.04267125556122526,-0.9990891671661887,-0.05348432603088802,-0.24141119941295652,5.0,43.0,,0.0,0.0,6,0.0,0.0,0.7395833333333334,0.0,-0.0,18.475,1.5250000000000004,112,4,2014,203
2015-04-23,0.0,2.4,0,0.0,4.9,17.2,11.120833333333332,5.7,4.1125,-1.738502724790392,-0.923013507932193,75.875,307.125,600.0,48.208333333333336,1020.8416666666667,1019.1,6.408333333333334,4.3,,,,235.66398593154423,0.47005197774940494,0.0,0.0,0.0,0.0,0.0,0.0,,0.375,0,0,0.0,0.0,0.49000000000000005,12.74,21.840000000000003,0.0,616.84,3.170833333333462,16.266666666666765,5.9309523809523625,0.0,,,4.712499999999998,0.6000000000000005,-0.8257439190985844,-0.5640451932883663,-0.8257439190985844,-0.5640451932883663,-1.3190889424347099,-0.7003364991435513,6.0,44.0,,0.0,0.0,6,0.0,0.0,0.791,0.0,-0.0,24.674999999999997,1.841666666666665,113,4,2014,204
2015-04-24,0.0,0.2,0,0.0,7.4,18.2,11.683333333333332,9.4,6.583333333333333,-3.684459713045012,-2.8961175318833123,69.16666666666667,299.7916666666667,600.0,82.75,1018.4291666666667,1015.2,5.729166666666667,3.4,,,,232.47663212839666,0.6759222368584231,0.0,0.0,0.0,0.0,0.0,0.0,,0.125,0,0,0.0,0.0,0.0,12.6,19.67,0.0,616.84,-2.4125000000000227,5.6708333333333485,2.9369047619047706,0.0,,,5.954166666666665,4.0,-0.7931049932198867,-0.6090849445928568,-0.7931049932198867,-0.6090849445928568,-2.548417968189467,-2.0031479595526243,7.0,45.0,,,0.0,6,0.0,0.0,0.76375,0.0,-0.0,39.5,0.5625,114,4,2014,205
2015-04-25,0.0,0.0,0,0.0,6.2,13.1,9.575000000000001,8.9,4.883333333333334,-2.126694454671424,0.8017376267192785,70.41666666666667,311.75,600.0,8.666666666666666,1019.6041666666666,1018.3,4.125,1.8,,,,251.61744938863524,0.31766727540398704,0.0,0.0,0.0,0.0,0.0,0.0,,0.9166666666666666,0,0,0.0,0.0,0.0,11.06,19.67,0.0,616.84,1.1749999999999545,1.933333333333394,3.879166666666606,0.0,,,5.450000000000001,4.4,-0.9489720983270026,-0.31536004280321533,-0.9489720983270026,-0.31536004280321533,-1.4975473451644612,0.5645569121481586,8.0,46.0,,,0.0,6,0.0,0.0,0.7336666666666667,0.0,-0.0,29.300000000000004,-2.1083333333333307,115,4,2014,206
2015-04-26,0.0,0.0,0,0.0,2.8,19.4,11.945833333333333,6.3,4.5249999999999995,-2.4271846748450705,-2.1477304920840052,56.458333333333336,320.0,600.0,0.0,1019.4916666666667,1017.7,2.5791666666666666,-1.9,,,,226.6937956605254,0.686245067833051,0.0,0.0,0.0,0.0,0.0,0.0,,1.0,0,0,0.0,0.0,0.0,11.06,19.67,0.0,616.84,-0.11249999999995453,-1.3500000000000227,3.2958333333333485,0.0,,,9.366666666666667,4.699999999999999,-0.7276984887602306,-0.6858971566175768,-0.7276984887602306,-0.6858971566175768,-1.370348014339613,-1.212572840322428,9.0,47.0,,,0.0,6,0.0,0.0,0.7348611111111111,0.0,-0.0,27.15,2.370833333333332,116,4,2014,207
2015-04-27,0.0,0.0,0,0.0,6.4,22.6,15.662500000000001,6.3,4.720833333333333,-2.281045131129129,-2.2938085325564255,56.75,315.7083333333333,600.0,2.9583333333333335,1018.4958333333334,1016.8,5.954166666666667,3.5,,,,223.91770442222284,0.6510715435108676,0.0,0.0,0.0,0.0,0.0,0.0,,1.0,0,0,0.0,0.0,0.0,6.160000000000001,19.67,0.0,616.84,-0.9958333333332803,0.06666666666671972,0.31130952380954113,0.0,,,9.708333333333336,2.9000000000000004,-0.6936244457937496,-0.7203368158002988,-0.6936244457937496,-0.7203368158002988,-1.294493111915781,-1.3017363422257713,10.0,48.0,,,0.0,6,0.0,0.0,0.7329722222222221,0.0,-0.0,28.325,3.7166666666666686,117,4,2014,208
2015-04-28,0.0,4.5,0,0.0,10.3,22.7,16.037499999999998,5.6,2.9375,1.2200225368702167,-0.024517288300367018,59.208333333333336,283.7083333333333,600.0,61.458333333333336,1018.7541666666666,1017.5,7.7124999999999995,4.0,,,,112.67344444479342,0.3370866129226601,0.0,0.0,0.0,0.0,0.0,0.0,,0.375,0,0,0.0,0.0,0.0,6.160000000000001,19.67,0.0,616.84,0.25833333333321207,-0.8500000000000227,-0.2869047619047933,0.0,,,8.325,6.300000000000001,0.9227168508174464,-0.38547842120867715,0.9227168508174464,-0.38547842120867715,0.7223550103719074,-0.014516277781175639,11.0,49.0,,,0.0,6,0.0,0.0,0.7198333333333333,0.0,-0.0,17.625,0.37499999999999645,118,4,2014,209
2015-04-29,0.0,0.0,0,0.0,12.4,19.2,15.4375,6.2,3.266666666666667,0.23140271548913638,0.3836532236861449,61.458333333333336,295.5,600.0,31.125,1016.1666666666666,1014.2,7.629166666666666,2.2,,,,96.85813988148702,0.05529897504650555,0.0,0.0,0.0,0.0,0.0,0.0,,0.2916666666666667,0,0,0.0,0.0,0.0,2.520000000000001,19.67,0.0,616.84,-2.5874999999999773,-3.3250000000000455,-2.6595238095238756,0.0,,,7.808333333333334,10.2,0.9928448485699288,-0.11941150140650264,0.9928448485699288,-0.11941150140650264,0.1422162522276984,0.2357868770571099,12.0,50.0,,,0.0,6,0.0,0.0,0.7351944444444444,0.0,-0.0,19.6,-0.5999999999999979,119,4,2014,210
2015-04-30,0.0,0.6000000000000001,0,0.0,11.0,19.9,15.045833333333334,5.0,3.233333333333333,1.3801840084045465,0.05719157903853589,67.45833333333333,287.375,600.0,41.666666666666664,1015.4041666666667,1013.4,8.725,4.8,,,,100.36134258245202,0.3736118783411135,0.0,0.0,0.0,0.0,0.0,0.0,,0.4583333333333333,0,0,0.0,0.0,0.0,0.49000000000000093,19.67,0.0,616.84,-0.7624999999999318,-3.091666666666697,-2.645238095238028,0.0,,,6.320833333333335,6.2,0.9836930430597962,-0.17985548931227516,0.9836930430597962,-0.17985548931227516,0.9310491290029002,0.03858048602641233,13.0,51.0,,,0.0,6,0.0,0.0,0.7497777777777778,0.0,-0.0,19.4,-0.3916666666666657,120,4,2014,211
2015-05-01,0.0,0.0,0,0.0,12.1,18.8,14.754166666666668,6.0,3.5541666666666667,0.7663001473978662,1.2060562290076065,72.29166666666667,312.2083333333333,600.0,11.458333333333334,1015.8708333333334,1014.0,9.608333333333333,7.7,,,,86.2716450930391,0.10018959047426094,0.0,0.0,0.0,0.0,0.0,0.0,,0.875,0,0,0.0,0.0,0.0,0.0,18.34,0.0,616.84,0.466666666666697,-2.883333333333212,-1.8130952380951157,0.0,,,5.145833333333336,4.3999999999999995,0.9978835599051773,0.06502615528362726,0.9978835599051773,0.06502615528362726,0.5539711482230408,0.871878148886749,14.0,52.0,,,0.0,6,0.0,0.0,0.7824444444444444,0.0,-0.0,21.325,-0.2916666666666661,121,5,2014,212
2015-05-02,0.0,0.0,0,0.0,9.9,22.9,16.916666666666668,5.0,2.575,0.9856110598363187,-0.21940614580878137,65.16666666666667,310.5,600.0,14.541666666666666,1016.3874999999999,1014.6,9.3125,5.9,,,,124.27667156717467,0.4455432830572708,0.0,0.0,0.0,0.0,0.0,0.0,,0.75,0,0,0.0,0.0,0.0,0.0,18.34,0.0,616.84,0.5166666666665378,0.22083333333330302,-0.8369047619048615,0.0,,,7.604166666666668,4.0,0.8263276701328205,-0.5631896497387578,0.8263276701328205,-0.5631896497387578,0.6422898739933344,-0.1429796716853892,15.0,53.0,,,0.0,6,0.0,0.0,0.7575555555555556,0.0,-0.0,15.450000000000001,2.1624999999999996,122,5,2014,213
2015-05-03,0.0,1.1,0,0.0,13.9,22.7,17.175,5.1,3.483333333333333,1.5310446749917703,-0.14900966179822406,64.20833333333333,262.9583333333333,600.0,90.5,1013.4666666666667,1011.5,9.845833333333333,6.6,,,,91.4313678626398,0.4899592306052054,0.0,0.0,0.0,0.0,0.0,0.0,,0.0,0,0,0.0,0.0,0.0,0.0,18.34,0.0,616.84,-2.920833333333235,-1.9375,-2.89702380952383,0.0,,,7.3291666666666675,7.300000000000001,0.9996879640183081,-0.024979483520079233,0.9996879640183081,-0.024979483520079233,0.9830582684009659,-0.09567662034627636,16.0,54.0,,,0.0,6,0.0,0.0,0.7226666666666667,0.0,-0.0,20.9,0.25833333333333286,123,5,2014,214
2015-05-04,0.0,17.6,0,0.0,8.7,20.4,14.887500000000001,11.4,5.9375,-2.2176594586059553,-2.956404786486934,84.08333333333333,113.91666666666667,486.0,96.83333333333333,1005.9708333333333,1001.8,12.158333333333333,8.7,,,,203.04151610104876,0.6607075503588853,0.0,0.0,0.0,0.0,0.0,0.0,,0.0,0,0,0.0,0.0,0.0,0.0,18.34,0.0,616.84,-7.495833333333394,-9.900000000000091,-8.6035714285714,0.0,,,2.729166666666668,0.0,-0.3913980169137723,-0.9202214909226835,-0.3913980169137723,-0.9202214909226835,-1.8646819947778406,-2.48584369130443,17.0,55.0,,,0.0,6,0.0,0.0,0.6895555555555556,0.0,-0.0,35.625,-2.2874999999999996,124,5,2014,215
2015-05-05,0.0,0.0,0,0.0,6.5,14.6,11.133333333333333,6.7,4.575,-0.5194181308051532,2.478220603400218,72.58333333333333,319.5,600.0,29.625,1010.2833333333333,1009.2,5.9624999999999995,3.7,,,,354.66687836188737,0.5147786358115297,0.0,0.0,0.0,0.0,0.0,0.0,,0.625,0,0,0.0,0.0,0.0,0.0,18.34,0.0,616.84,4.3125,-6.104166666666629,-3.0809523809524535,0.0,,,5.170833333333333,2.8,-0.09294618214561601,0.9956711340721665,-0.09294618214561601,0.9956711340721665,-0.3770109932760737,1.7987751213013248,18.0,56.0,,,0.0,6,0.0,0.0,0.779388888888889,0.0,-0.0,27.450000000000003,-3.754166666666668,125,5,2014,216
2015-05-06,0.0,0.0,0,0.0,7.0,21.0,13.933333333333332,6.2,3.9,-1.5493319391516034,-0.3568891917762138,65.20833333333333,295.9583333333333,600.0,59.125,1012.5,1011.0,6.591666666666666,2.7,,,,237.3929376262816,0.36767319062057563,0.0,0.0,0.0,0.0,0.0,0.0,,0.375,0,0,0.0,0.0,0.0,0.0,18.34,0.0,616.84,2.216666666666697,-0.966666666666697,-0.34047619047612443,0.0,,,7.341666666666666,4.3,-0.8423859808183667,-0.5388746230067607,-0.8423859808183667,-0.5388746230067607,-1.0102935353217746,-0.23272149380407275,19.0,57.0,,,0.0,6,0.0,0.0,0.7479999999999999,0.0,-0.0,23.4,2.799999999999999,126,5,2014,217
2015-05-07,0.0,1.1,0,0.0,12.3,18.5,14.666666666666666,6.0,3.779166666666667,-1.286971309472403,0.5263166553402094,72.08333333333333,258.0833333333333,600.0,75.79166666666667,1013.0083333333333,1011.9,9.450000000000001,7.5,,,,269.55016137518777,0.277451092326401,0.0,0.0,0.0,0.0,0.0,0.0,,0.041666666666666664,0,0,0.0,0.0,0.0,0.0,16.380000000000003,0.0,616.84,0.5083333333333258,7.037500000000023,0.510119047619014,0.0,,,5.216666666666665,4.800000000000001,-0.999969179761558,-0.00785108444719104,-0.999969179761558,-0.00785108444719104,-0.927691818911357,0.3793865890577343,20.0,58.0,,,0.0,6,0.0,0.0,0.7456666666666667,0.0,-0.0,22.675,0.7333333333333343,127,5,2014,218
2015-05-08,0.0,3.4,0,0.0,11.0,19.5,14.708333333333334,7.2,4.358333333333333,-2.4605713960593985,-0.21615683108854933,74.375,314.7916666666667,600.0,66.33333333333333,1013.7125,1012.3,9.766666666666667,7.8,,,,233.43677528649454,0.4575417849529928,0.0,0.0,0.0,0.0,0.0,0.0,,0.16666666666666666,0,0,0.0,0.0,0.0,0.0,12.740000000000002,0.0,616.84,0.7041666666666515,3.4291666666666742,1.5226190476190595,0.0,,,4.941666666666666,3.2,-0.8031999966322462,-0.5957094639251249,-0.8031999966322462,-0.5957094639251249,-1.8300499758191777,-0.16076664312210856,21.0,59.0,,,0.0,6,0.0,0.0,0.7911111111111112,0.0,-0.0,26.15,0.04166666666666785,128,5,2014,219
2015-05-09,0.0,6.7,0,0.0,6.2,16.3,12.508333333333333,5.9,4.320833333333334,-2.8557828238392564,-0.3957490491753388,87.70833333333333,152.16666666666666,508.0,88.875,1012.975,1010.7,10.4125,6.1,,,,245.89824305130298,0.5870908827112082,0.0,0.0,0.0,0.0,0.0,0.0,,0.0,0,0,0.0,0.0,0.0,0.0,12.740000000000002,0.0,616.84,-0.7374999999999545,0.47500000000002274,1.2726190476190595,0.0,,,2.095833333333333,0.10000000000000053,-0.9128216555383168,-0.4083584518291331,-0.9128216555383168,-0.4083584518291331,-2.5047595184090143,-0.3471048952142034,22.0,60.0,,,0.0,6,0.0,0.0,0.7271388888888889,0.0,-0.0,25.925000000000004,-2.200000000000001,129,5,2014,220
2015-05-10,0.0,0.0,0,0.0,4.8,14.8,8.933333333333334,12.0,7.875,-6.193492807824497,2.924217340191875,83.75,263.5416666666667,600.0,53.875,1017.6333333333333,1012.7,6.0125,4.5,,,,293.31583002921536,0.8547824244924089,0.0,0.0,0.0,0.0,0.0,0.0,,0.125,0,0,0.0,0.0,0.0,0.0,12.600000000000001,0.0,616.84,4.658333333333303,4.625,5.335714285714289,0.0,,,2.9208333333333334,0.2999999999999998,-0.918337062553785,0.39579924145971485,-0.918337062553785,0.39579924145971485,-5.187050226553016,2.4490320224106954,23.0,61.0,,,0.0,6,0.0,0.0,0.78375,0.0,-0.0,47.25,-3.5749999999999993,130,5,2014,221
2015-05-11,0.0,0.0,0,0.0,4.0,21.0,12.829166666666666,6.1,3.0500000000000003,0.34997891883539484,-1.6785221348052584,67.91666666666667,325.2916666666667,600.0,59.416666666666664,1021.15,1017.7,5.8999999999999995,2.0,,,,185.20875987918205,0.41355020081776184,0.0,0.0,0.0,0.0,0.0,0.0,,0.4166666666666667,0,0,0.0,0.0,0.0,0.0,11.06,0.0,616.84,3.5166666666666515,7.4375,6.683928571428623,0.0,,,6.929166666666666,2.0,-0.09078483864263966,-0.9958705302762151,-0.09078483864263966,-0.9958705302762151,0.23769401570903903,-1.1399962832219048,24.0,62.0,,,0.0,6,0.0,0.0,0.7765833333333334,0.0,-0.0,18.3,3.895833333333332,131,5,2014,222
2015-05-12,0.0,27.6,0,0.0,10.6,19.0,14.154166666666667,14.3,8.558333333333334,1.8391272052882293,-7.098287624696361,84.29166666666667,115.95833333333333,487.0,98.75,1008.6750000000001,1001.7,11.35,8.1,,,,167.93486384712384,0.7983646051981153,0.0,0.0,0.0,0.0,0.0,0.0,,0.0,0,0,0.0,0.0,0.0,0.0,11.06,0.0,616.84,-12.474999999999909,-4.2999999999999545,-5.5613095238094274,0.0,,,2.804166666666667,2.5,0.20902355386608004,-0.9779106063077514,0.20902355386608004,-0.9779106063077514,1.5502309734575366,-5.983264943650308,25.0,63.0,,,0.0,6,0.0,0.0,0.6916111111111111,0.0,-0.0,51.35,1.325000000000001,132,5,2014,223
2015-05-13,0.0,3.1,0,0.0,10.1,19.8,14.820833333333333,19.4,12.008333333333333,-10.561545669684174,-5.0651799395760095,68.20833333333333,303.125,600.0,27.583333333333332,1006.5333333333333,1003.6,8.170833333333333,5.7,,,,245.37294070343435,0.9653548490757876,0.0,0.0,0.0,0.0,0.0,0.0,,0.6666666666666666,0,0,0.0,0.0,0.0,0.0,6.16,0.0,616.84,-2.141666666666765,-11.100000000000023,-6.850595238095252,0.0,,,6.65,4.3999999999999995,-0.9090394091359401,-0.4167101542292689,-0.9090394091359401,-0.4167101542292689,-7.2038542755304125,-3.454874817119136,26.0,64.0,,,0.0,6,0.0,0.0,0.7627777777777777,0.0,-0.0,72.05,0.6666666666666661,133,5,2014,224
2015-05-14,0.0,1.2000000000000002,0,0.0,9.1,22.9,16.150000000000002,12.0,6.9875,-5.360349851764881,-2.515351629718637,64.79166666666667,313.6666666666667,600.0,32.5,1012.9583333333334,1011.1,8.916666666666666,6.1,,,,249.8252292009405,0.7372044622720955,0.0,0.0,0.0,0.0,0.0,0.0,,0.5833333333333334,0,0,0.0,0.0,0.0,0.0,6.16,0.0,616.84,6.425000000000068,-8.191666666666606,-0.41845238095231707,0.0,,,7.233333333333336,3.0,-0.9386449778331625,-0.34488491644109626,-0.9386449778331625,-0.34488491644109626,-3.473060008122663,-1.629738243421867,27.0,65.0,,,0.0,6,0.0,0.0,0.7584166666666667,0.0,-0.0,41.925,1.3291666666666693,134,5,2014,225
2015-05-15,0.0,10.1,0,0.0,11.5,23.4,18.133333333333333,8.5,5.7250000000000005,-3.957831002400695,-2.7802727103800184,85.45833333333333,231.25,600.0,86.41666666666667,1011.2041666666668,1009.3,15.4375,11.3,,,,239.35610690513317,0.8444198561025551,0.0,0.0,0.0,0.0,0.0,0.0,,0.0,0,0,0.0,0.0,0.0,0.0,2.52,0.0,616.84,-1.754166666666606,2.529166666666697,-1.8142857142856883,0.0,,,2.695833333333333,0.1999999999999993,-0.8603518085161049,-0.5097006627257487,-0.8603518085161049,-0.5097006627257487,-3.3822964108015934,-2.375974720412257,28.0,66.0,,,0.0,6,0.0,0.0,0.772361111111111,0.0,-0.0,34.35,1.9833333333333307,135,5,2014,226
2015-05-16,0.0,23.2,0,0.0,13.1,19.9,16.120833333333334,7.2,4.920833333333333,-4.043749063052945,1.8163180002611634,91.125,159.41666666666666,600.0,98.25,1006.8249999999999,1005.4,14.583333333333334,12.3,,,,290.35522823069266,0.8671045011500068,0.0,0.0,0.0,0.0,0.0,0.0,,0.0,0,0,0.0,0.0,0.0,0.0,0.49000000000000005,0.0,616.84,-4.379166666666833,0.29166666666662877,-5.314880952381031,0.0,,,1.5374999999999996,0.7999999999999989,-0.9375540826596331,0.3478395349701552,-0.9375540826596331,0.3478395349701552,-3.6848663337069962,1.6551197777379851,29.0,67.0,,,0.0,6,0.0,0.0,0.7433611111111111,0.0,-0.0,29.525,-2.0124999999999993,136,5,2014,227
2015-05-17,0.0,0.0,0,0.0,6.8,20.9,15.012500000000001,8.7,5.054166666666666,-3.0035623630922648,-0.4931954524372288,62.916666666666664,334.2083333333333,600.0,57.291666666666664,1012.2166666666667,1009.5,6.666666666666667,2.8,,,,253.0152626703598,0.47137919216270896,0.0,0.0,0.0,0.0,0.0,0.0,,0.041666666666666664,0,0,0.0,0.0,0.0,0.0,0.0,0.0,616.84,5.391666666666765,-0.7416666666666742,0.8505952380952522,0.0,,,8.345833333333335,4.0,-0.956382605132711,-0.2921169502092766,-0.956382605132711,-0.2921169502092766,-1.8897413201122166,-0.3103021388250898,30.0,68.0,,,0.0,6,0.0,0.0,0.7658611111111111,0.0,-0.0,30.324999999999996,-1.1083333333333325,137,5,2014,228
2015-05-18,0.0,9.6,0,0.0,8.2,23.7,16.3625,6.9,4.008333333333334,1.5968911300204836,-1.923690758690474,69.5,222.95833333333334,600.0,96.29166666666667,1010.8833333333333,1006.5,10.012500000000001,6.0,,,,140.4090549393476,0.5016736868626311,0.0,0.0,0.0,0.0,0.0,0.0,,0.0,0,0,0.0,0.0,0.0,0.0,0.0,0.0,616.84,-1.3333333333333712,-0.32083333333343944,0.9839285714285779,0.0,,,6.35,2.1999999999999993,0.6373022110278791,-0.7706139706876437,0.6373022110278791,-0.7706139706876437,1.109839335364236,-1.3369650772898793,31.0,69.0,,,0.0,6,0.0,0.0,0.7136388888888888,0.0,-0.0,24.050000000000004,1.3499999999999996,138,5,2014,229
2015-05-19,0.0,36.3,0,0.0,12.6,23.7,16.495833333333334,7.9,5.341666666666666,-2.575288944853876,-1.0424487835227212,92.66666666666667,165.375,600.0,85.125,1005.5625,1003.3,15.174999999999999,12.4,,,,234.50998795236399,0.45568966493358287,0.0,0.0,0.0,0.0,0.0,0.0,,0.0,0,0,0.0,0.0,0.0,0.0,0.0,0.0,616.84,-5.320833333333326,-1.2624999999999318,-3.892261904761881,0.0,,,1.3208333333333346,0.1999999999999993,-0.8142167356665677,-0.5805610281102913,-0.8142167356665677,-0.5805610281102913,-2.386434422231259,-0.9660025393977217,32.0,70.0,,,0.0,6,0.0,0.0,0.7524722222222223,0.0,-0.0,32.05,0.13333333333333286,139,5,2014,230
2015-05-20,0.0,1.1,0,0.0,8.1,23.6,15.612499999999999,10.6,6.341666666666666,-4.253701026785074,0.4835974088307043,76.75,315.75,600.0,42.833333333333336,1004.5291666666667,1002.1,10.604166666666666,6.6,,,,257.50252953876065,0.5594380134138733,0.0,0.0,0.0,0.0,0.0,0.0,,0.3333333333333333,0,0,0.0,0.0,0.0,0.0,0.0,0.0,616.84,-1.033333333333303,-7.6875,-4.639285714285734,0.0,,,5.008333333333333,1.5,-0.9763055617133578,-0.2163965114496186,-0.9763055617133578,-0.2163965114496186,-3.264715538057544,0.3711610112775655,33.0,71.0,,,0.0,6,0.0,0.0,0.7996666666666666,0.0,-0.0,38.05,-0.8833333333333346,140,5,2014,231
2015-05-21,0.0,1.0,0,0.0,8.1,16.2,12.270833333333334,13.7,7.325,-6.404181782005275,1.1215360082580468,74.54166666666667,308.3333333333333,600.0,33.541666666666664,1010.7791666666667,1007.2,7.3999999999999995,5.1,,,,276.2868628364863,0.850492309205089,0.0,0.0,0.0,0.0,0.0,0.0,,0.5,0,0,0.0,0.0,0.0,0.0,0.0,0.0,616.84,6.25,-0.10416666666662877,1.9220238095238074,0.0,,,4.8708333333333345,3.0,-0.9939860899518914,0.1095064061237995,-0.9939860899518914,0.1095064061237995,-4.773783836669765,0.8360116328223525,34.0,72.0,,,0.0,6,0.0,0.0,0.7873611111111112,0.0,-0.0,43.95,-3.341666666666665,141,5,2014,232
2015-05-22,0.0,0.3,0,0.0,6.5,22.4,14.983333333333334,9.4,6.383333333333333,-4.268163606867733,-3.4461472461971367,62.083333333333336,324.3333333333333,600.0,38.25,1014.1041666666666,1012.3,6.7250000000000005,3.8,,,,228.6715792303042,0.8539452417313014,0.0,0.0,0.0,0.0,0.0,0.0,,0.5,0,0,0.0,0.0,0.0,0.0,0.0,0.0,616.84,3.324999999999932,8.541666666666629,4.832738095238028,0.0,,,8.258333333333333,2.7,-0.7509366564999395,-0.6603742408094762,-0.7509366564999395,-0.6603742408094762,-2.6498182392637175,-2.139483082014056,35.0,73.0,,,0.0,6,0.0,0.0,0.7565,0.0,-0.0,38.3,2.7125000000000004,142,5,2014,233
2015-05-23,0.0,0.0,0,0.0,9.2,22.7,16.416666666666668,6.6,3.620833333333333,-1.7953158022096416,-1.6483285460824983,69.08333333333333,269.8333333333333,600.0,87.54166666666667,1013.7958333333332,1012.2,10.166666666666666,6.7,,,,228.91205303048415,0.5998819147790189,0.0,0.0,0.0,0.0,0.0,0.0,,0.041666666666666664,0,0,0.0,0.0,0.0,0.0,0.0,0.0,616.84,-0.30833333333339397,9.266666666666538,3.5285714285714675,0.0,,,6.250000000000002,2.499999999999999,-0.7537016644142124,-0.6572167078363468,-0.7537016644142124,-0.6572167078363468,-1.240264000026494,-1.1387203039186593,36.0,74.0,,,0.0,6,0.0,0.0,0.7435,0.0,-0.0,21.724999999999998,1.4333333333333336,143,5,2014,234
2015-05-24,0.0,0.0,0,0.0,13.2,22.5,17.529166666666665,7.2,3.9416666666666664,1.5699729220022467,2.165221087407223,69.58333333333333,286.9583333333333,600.0,60.208333333333336,1010.4291666666667,1008.4,11.424999999999999,10.1,,,,61.32472152847088,0.37856792766815883,0.0,0.0,0.0,0.0,0.0,0.0,,0.16666666666666666,0,0,0.0,0.0,0.0,0.0,0.0,0.0,616.84,-3.3666666666665606,-0.35000000000002274,0.4172619047619719,0.0,,,6.104166666666666,3.0999999999999996,0.87735328507634,0.4798449886846319,0.87735328507634,0.4798449886846319,1.0924394915598965,1.5066330066541926,37.0,75.0,,,0.0,6,0.0,0.0,0.7565833333333334,0.0,-0.0,23.65,1.1124999999999972,144,5,2014,235
2015-05-25,0.0,1.6,0,0.0,11.5,24.1,18.1375,4.5,2.783333333333333,1.0659361529258955,-0.6389263319725376,64.58333333333333,285.4166666666667,600.0,36.041666666666664,1010.4375,1009.6,10.591666666666667,8.2,,,,117.6168779696761,0.42366576095121333,0.0,0.0,0.0,0.0,0.0,0.0,,0.4166666666666667,0,0,0.0,0.0,0.0,0.0,0.0,0.0,616.84,0.008333333333325754,-3.6666666666666288,0.4892857142857565,0.0,,,7.5458333333333325,3.3000000000000007,0.8860670648244022,-0.46355706944611313,0.8860670648244022,-0.46355706944611313,0.6884170987646407,-0.4126399227322638,38.0,76.0,,,0.0,6,0.0,0.0,0.7388888888888889,0.0,-0.0,16.7,0.6083333333333343,145,5,2014,236
2015-05-26,0.0,0.0,0,0.0,9.7,23.2,17.083333333333332,8.4,4.491666666666666,-2.5877638493355852,0.8999933165428012,76.16666666666667,325.5,600.0,12.125,1011.0666666666666,1009.9,12.183333333333332,9.4,,,,262.86145251879975,0.5162200922557078,0.0,0.0,0.0,0.0,0.0,0.0,,0.7083333333333334,0,0,0.0,0.0,0.0,0.0,0.0,0.0,616.84,0.629166666666606,-2.7291666666666288,0.3321428571427987,0.0,,,4.9,0.29999999999999893,-0.9922485566513717,-0.12426907025993923,-0.9922485566513717,-0.12426907025993923,-1.9710134652439377,0.6854949094334337,39.0,77.0,,,0.0,6,0.0,0.0,0.8042222222222222,0.0,-0.0,26.949999999999996,-1.0541666666666671,146,5,2014,237
2015-05-27,0.0,0.0,0,0.0,10.9,26.4,18.954166666666666,6.6,4.391666666666667,-2.7713229468610763,-0.7064885779123194,63.958333333333336,340.875,600.0,6.375,1011.6666666666666,1010.0,11.075000000000001,6.7,,,,241.62354910678715,0.6461940436944736,0.0,0.0,0.0,0.0,0.0,0.0,,0.7916666666666666,0,0,0.0,0.0,0.0,0.0,0.0,0.0,616.84,0.6000000000000227,1.2374999999999545,-0.08749999999997726,0.0,,,7.879166666666665,4.2,-0.8798439846064015,-0.4752626250316033,-0.8798439846064015,-0.4752626250316033,-1.7724919680965636,-0.4518583196230877,40.0,78.0,,,0.0,6,0.0,0.0,0.7737777777777778,0.0,-0.0,26.35,1.8708333333333336,147,5,2014,238
2015-05-28,0.0,0.1,0,0.0,13.6,26.7,20.083333333333332,5.8,3.9791666666666665,0.43243387312098774,-0.39120203015081345,66.45833333333333,287.3333333333333,600.0,81.83333333333333,1013.3416666666667,1012.3,13.141666666666666,9.5,,,,192.06522912983442,0.17249756035708622,0.0,0.0,0.0,0.0,0.0,0.0,,0.16666666666666666,0,0,0.0,0.0,0.0,0.0,0.0,0.0,616.84,1.6750000000000682,2.904166666666697,1.2214285714285325,0.0,,,6.941666666666666,4.1,-0.20902514077420176,-0.9779102671126452,-0.20902514077420176,-0.9779102671126452,0.28738834484498976,-0.25998634920439473,41.0,79.0,,,0.0,6,0.0,0.0,0.7464166666666667,0.0,-0.0,23.875,1.1291666666666664,148,5,2014,239
2015-05-29,0.0,0.0,0,0.0,14.9,27.0,20.825,6.4,4.929166666666666,3.4406592220642476,-2.5116864083463715,64.16666666666667,328.0833333333333,600.0,57.208333333333336,1010.0291666666667,1006.3,12.633333333333333,9.0,,,,125.20524610490088,0.8631026191718633,0.0,0.0,0.0,0.0,0.0,0.0,,0.3333333333333333,0,0,0.0,0.0,0.0,0.0,0.0,0.0,616.84,-3.3125,-1.037499999999909,-1.5089285714285552,0.0,,,8.191666666666666,5.9,0.817092115727488,-0.5765071330139615,0.817092115727488,-0.5765071330139615,2.2077563341578923,-1.6116654453555883,42.0,80.0,,,0.0,6,0.0,0.0,0.7659444444444444,0.0,-0.0,29.574999999999996,0.7416666666666671,149,5,2014,240
2015-05-30,0.0,1.5,0,0.0,14.9,26.4,20.295833333333334,7.4,4.429166666666666,-2.5739018750763054,0.5779402305207804,72.08333333333333,281.0416666666667,600.0,72.375,1004.8041666666667,1002.6,14.620833333333332,11.4,,,,270.7379566023483,0.5569160135817378,0.0,0.0,0.0,0.0,0.0,0.0,,0.20833333333333334,0,0,0.0,0.0,0.0,0.0,0.0,0.0,616.84,-5.225000000000023,-6.8624999999999545,-5.449404761904702,0.0,,,5.6750000000000025,3.5,-0.9999170568774653,0.012879416349657079,-0.9999170568774653,0.012879416349657079,-1.85535426828417,0.41659858283372914,43.0,81.0,,,0.0,6,0.0,0.0,0.7609722222222222,0.0,-0.0,26.574999999999996,-0.529166666666665,150,5,2014,241
2015-05-31,0.0,5.3999999999999995,0,0.0,13.3,21.6,17.179166666666667,9.1,5.966666666666666,-2.4384957810325085,3.3901290962264254,80.75,240.75,600.0,79.95833333333333,1007.5291666666667,1003.5,13.549999999999999,9.5,,,,325.95924044867627,0.511770565394413,0.0,0.0,0.0,0.0,0.0,0.0,,0.08333333333333333,0,0,0.0,0.0,0.0,0.0,0.0,0.0,616.84,2.7250000000000227,-5.8125,-2.3101190476189686,0.0,,,3.629166666666668,3.8000000000000007,-0.5597825296139382,0.8286395594823002,-0.5597825296139382,0.8286395594823002,-1.9690853431837507,2.7375292452028384,44.0,82.0,,,0.0,6,0.0,0.0,0.763,0.0,-0.0,35.8,-3.116666666666667,151,5,2014,242
2015-06-01,0.0,1.1,0,0.0,12.0,25.8,19.295833333333334,4.7,3.1875,-0.11431259170509822,-0.7509826525362144,71.125,296.625,600.0,74.91666666666667,1012.0,1010.0,13.645833333333334,9.6,,,,188.75637359984245,0.21196537081618133,0.0,0.0,0.0,0.0,0.0,0.0,,0.0,0,0,0.0,0.0,0.0,0.0,0.0,0.0,616.84,4.470833333333303,1.970833333333303,1.9375,0.0,,,5.65,2.4000000000000004,-0.15223333088183147,-0.9883445821011125,-0.15223333088183147,-0.9883445821011125,-0.0813048308502511,-0.5341364116163825,45.0,83.0,,,0.0,6,0.0,0.0,0.7681666666666667,0.0,-0.0,19.125,2.116666666666667,152,6,2014,243
2015-06-02,0.0,0.0,0,0.0,13.5,26.7,20.400000000000002,5.5,3.4916666666666667,-0.6685857239476127,-0.031788556556833825,73.0,272.8333333333333,600.0,91.5,1012.1958333333333,1009.1,14.745833333333332,13.0,,,,209.96560913390084,0.2657390260830184,0.0,0.0,0.0,0.0,0.0,0.0,,0.0,0,0,0.0,0.0,0.0,0.0,0.0,0.0,616.84,0.19583333333332575,7.3916666666666515,1.9720238095236482,0.0,,,5.65416666666667,0.5,-0.4994800922021643,-0.8663253646833373,-0.4994800922021643,-0.8663253646833373,-0.4880675784817573,-0.02320564628648869,46.0,84.0,,,0.0,6,0.0,0.0,0.7585555555555555,0.0,-0.0,20.95,1.1041666666666679,153,6,2014,244
2015-06-03,0.0,13.3,0,0.0,13.8,26.0,18.283333333333335,10.4,5.991666666666667,-3.862265159140296,-0.5648847668209892,92.91666666666667,122.0,574.0,99.20833333333333,1003.9416666666666,1001.0,17.05,13.3,,,,231.74681038368192,0.5128241044334204,0.0,0.0,0.0,0.0,0.0,0.0,,0.0,0,0,0.0,0.0,0.0,0.0,0.0,0.0,616.84,-8.25416666666672,-3.587500000000091,-5.1785714285715585,0.0,,,1.2333333333333343,0.5,-0.7852824651329914,-0.619137666399527,-0.7852824651329914,-0.619137666399527,-3.5886880437011914,-0.5248720958378358,47.0,85.0,,,0.0,6,0.0,0.0,0.724388888888889,0.0,-0.0,35.95,-2.116666666666667,154,6,2014,245
2015-06-04,0.0,0.0,0,0.0,9.4,18.2,13.75,15.5,9.066666666666666,-8.334608246100013,0.171507477211695,76.33333333333333,270.5,600.0,39.833333333333336,1009.7333333333332,1007.4,9.229166666666666,8.0,,,,264.5659935370931,0.8770613540705877,0.0,0.0,0.0,0.0,0.0,0.0,,0.25,0,0,0.0,0.0,0.0,0.0,0.0,0.0,616.84,5.791666666666629,-2.266666666666765,1.1285714285713766,0.0,,,4.520833333333334,1.4000000000000004,-0.9955059336396154,-0.09469918736883481,-0.9955059336396154,-0.09469918736883481,-6.36208429452301,0.13091737427159383,48.0,86.0,,,0.0,6,0.0,0.0,0.7681111111111111,0.0,-0.0,54.4,-4.533333333333335,155,6,2014,246
2015-06-05,0.0,9.8,0,0.0,8.0,19.1,13.862499999999999,6.1,3.454166666666667,2.29352918924637,-2.110296026711154,77.875,113.41666666666667,427.0,97.95833333333333,1010.3333333333334,1007.1,9.445833333333333,5.7,,,,139.5236707730255,0.8801292730157687,0.0,0.0,0.0,0.0,0.0,0.0,,0.0,0,0,0.0,0.0,0.0,0.0,0.0,0.0,616.84,0.6000000000001364,-1.8624999999999545,1.6851190476190823,0.0,,,4.416666666666666,2.3,0.6491338441742551,-0.7606742090721585,0.6491338441742551,-0.7606742090721585,1.7860858561256105,-1.6433930308013112,49.0,87.0,,,0.0,6,0.0,0.0,0.6685277777777778,0.0,-0.0,20.725,0.11249999999999893,156,6,2014,247
2015-06-06,0.0,10.5,0,0.0,11.4,16.7,13.583333333333334,9.1,4.795833333333333,-0.5424125561904767,3.8541270803472436,92.0,178.45833333333334,600.0,81.45833333333333,1011.3166666666666,1005.5,12.245833333333332,11.3,,,,11.03506788098326,0.6124243701230826,0.0,0.0,0.0,0.0,0.0,0.0,,0.041666666666666664,0,0,0.0,0.0,0.0,0.0,0.0,0.0,616.84,0.9833333333332348,7.375,1.7380952380952976,0.0,,,1.3375000000000021,0.09999999999999964,0.19140976450277852,0.9815102149509147,0.19140976450277852,0.9815102149509147,-0.49901955169523854,3.5457969139194643,50.0,88.0,,,0.0,6,0.0,0.0,0.7589722222222223,0.0,-0.0,28.775,-0.279166666666665,157,6,2014,248
2015-06-07,0.0,0.0,0,0.0,9.5,22.8,16.3,6.2,3.545833333333333,0.7366391715914197,0.6084243067593715,76.16666666666667,283.0,600.0,80.83333333333333,1018.7666666666668,1017.4,11.608333333333334,8.8,,,,127.71057377466089,0.08652096995244986,0.0,0.0,0.0,0.0,0.0,0.0,,0.041666666666666664,0,0,0.0,0.0,0.0,0.0,0.0,0.0,616.84,7.450000000000159,9.03333333333353,7.582738095238142,0.0,,,4.691666666666666,0.6999999999999993,0.7911106639024156,-0.6116730478449082,0.7911106639024156,-0.6116730478449082,0.5610735023621314,0.46341651364838804,51.0,89.0,,,0.0,6,0.0,0.0,0.7758888888888889,0.0,-0.0,21.275,2.716666666666667,158,6,2014,249
2015-06-08,0.0,1.2,0,0.0,11.8,24.6,18.291666666666668,8.4,4.033333333333333,1.8263323687965,-3.260264729271722,72.41666666666667,254.29166666666666,600.0,87.33333333333333,1015.0625,1010.0,12.679166666666667,11.1,,,,149.24359280907387,0.8973279831595947,0.0,0.0,0.0,0.0,0.0,0.0,,0.0,0,0,0.0,0.0,0.0,0.0,0.0,0.0,616.84,-3.704166666666765,4.729166666666629,3.4410714285713766,0.0,,,5.612500000000001,0.7000000000000011,0.5113891873575943,-0.8593492299721571,0.5113891873575943,-0.8593492299721571,1.3225690237367989,-2.360975041447605,52.0,90.0,,,0.0,6,0.0,0.0,0.74425,0.0,-0.0,24.2,1.9916666666666671,159,6,2014,250
2015-06-09,0.0,13.6,0,0.0,13.8,20.6,16.783333333333335,8.5,6.445833333333333,-2.008758702309546,-1.4223329926933175,93.54166666666667,93.58333333333333,329.0,99.83333333333333,1006.5416666666666,1004.2,15.6875,13.8,,,,245.78652728074616,0.4434535244468,0.0,0.0,0.0,0.0,0.0,0.0,,0.0,0,0,0.0,0.0,0.0,0.0,0.0,0.0,616.84,-8.520833333333371,-4.774999999999977,-4.27202380952383,0.0,,,1.095833333333335,0.0,-0.9120237002974219,-0.41013750145018246,-0.9120237002974219,-0.41013750145018246,-1.8790263694520544,-1.3304739869152076,53.0,91.0,,,0.0,6,0.0,0.0,0.7075277777777779,0.0,-0.0,38.675,-1.5083333333333329,160,6,2014,251
2015-06-10,0.0,0.0,0,0.0,11.8,23.8,17.825,6.6,3.625,-1.141089045635679,1.513938732974384,82.83333333333333,321.125,600.0,63.916666666666664,1011.1,1009.4,14.516666666666666,11.7,,,,296.5596664275084,0.2940070328720178,0.0,0.0,0.0,0.0,0.0,0.0,,0.25,0,0,0.0,0.0,0.0,0.0,0.0,0.0,616.84,4.558333333333394,-7.6666666666667425,-0.736309523809382,0.0,,,3.3083333333333336,0.10000000000000142,-0.894469216903265,0.44712953381817666,-0.894469216903265,0.44712953381817666,-0.9452020928015541,1.2540459171471148,54.0,92.0,,,0.0,6,0.0,0.0,0.8235277777777777,0.0,-0.0,21.75,1.0416666666666643,161,6,2014,252
2015-06-11,0.0,0.5,0,0.0,11.9,26.7,19.508333333333333,4.8,3.1833333333333336,1.0128179897370473,-0.6407681436318468,76.75,285.9166666666667,600.0,94.79166666666667,1010.3833333333333,1008.0,14.858333333333334,11.0,,,,148.38148749282763,0.3459724764063037,0.0,0.0,0.0,0.0,0.0,0.0,,0.0,0,0,0.0,0.0,0.0,0.0,0.0,0.0,616.84,-0.716666666666697,-4.679166666666674,-1.5458333333333485,0.0,,,4.649999999999999,0.9000000000000004,0.5242610751663825,-0.8515575876389034,0.5242610751663825,-0.8515575876389034,0.7773378071231838,-0.49178955023744236,55.0,93.0,,,0.0,6,0.0,0.0,0.7797777777777778,0.0,-0.0,19.1,1.6833333333333336,162,6,2014,253
2015-06-12,0.0,15.2,0,0.0,16.8,24.7,20.083333333333332,8.0,4.925,-2.862470949169596,-1.5973185301621882,90.79166666666667,171.25,564.0,82.375,1006.3541666666666,1004.5,18.474999999999998,15.6,,,,235.04029946431518,0.6444407682409715,0.0,0.0,0.0,0.0,0.0,0.0,,0.0,0,0,0.0,0.0,0.0,0.0,0.0,0.0,616.84,-4.029166666666697,-0.1875,-5.006547619047751,0.0,,,1.6083333333333343,1.200000000000001,-0.8195552714027862,-0.5730001370993776,-0.8195552714027862,-0.5730001370993776,-2.598885082600229,-1.4502321155097533,56.0,94.0,,,0.0,6,0.0,0.0,0.7501388888888889,0.0,-0.0,29.549999999999997,0.5749999999999993,163,6,2014,254
2015-06-13,0.0,0.2,0,0.0,13.3,25.6,19.95,7.2,4.595833333333333,-2.8530663405553915,-1.282437762539547,76.08333333333333,296.2916666666667,600.0,65.29166666666667,1011.3208333333333,1009.6,15.054166666666667,11.6,,,,246.7455062383599,0.5328385800015663,0.0,0.0,0.0,0.0,0.0,0.0,,0.08333333333333333,0,0,0.0,0.0,0.0,0.0,0.0,0.0,616.84,4.966666666666697,0.22083333333330302,-0.04047619047628359,0.0,,,4.895833333333332,1.700000000000001,-0.9187602471926962,-0.39481591682506373,-0.9187602471926962,-0.39481591682506373,-2.1707079741058934,-0.9757213976655054,57.0,95.0,,,0.0,6,0.0,0.0,0.7844722222222221,0.0,-0.0,27.575,-0.13333333333333286,164,6,2014,255
2015-06-14,0.0,5.3999999999999995,0,0.0,15.2,23.3,19.620833333333334,4.7,3.1458333333333335,-0.8462172331394712,-0.9189769776916442,84.375,243.16666666666666,600.0,95.625,1011.7624999999999,1010.5,16.6875,15.0,,,,205.5522477604075,0.3681859303997529,0.0,0.0,0.0,0.0,0.0,0.0,,0.0,0,0,0.0,0.0,0.0,0.0,0.0,0.0,616.84,0.44166666666660603,1.379166666666606,1.4017857142856656,0.0,,,2.9333333333333336,0.1999999999999993,-0.43133398110811355,-0.9021923280218168,-0.43133398110811355,-0.9021923280218168,-0.7139957904614288,-0.7753868249273248,58.0,96.0,,,0.0,6,0.0,0.0,0.7766944444444445,0.0,-0.0,18.875,-0.3291666666666657,165,6,2014,256
2015-06-15,0.0,11.2,0,0.0,14.7,23.9,19.0625,6.2,3.466666666666667,-1.6563731085038185,-0.021905064219412573,86.29166666666667,283.2083333333333,600.0,63.041666666666664,1011.3708333333334,1010.3,16.529166666666665,14.3,,,,240.65778986705223,0.44075328979456124,0.0,0.0,0.0,0.0,0.0,0.0,,0.16666666666666666,0,0,0.0,0.0,0.0,0.0,0.0,0.0,616.84,-0.3916666666665378,5.016666666666765,1.5375000000001364,0.0,,,2.533333333333335,0.3999999999999986,-0.8717085049238282,-0.49002477737708744,-0.8717085049238282,-0.49002477737708744,-1.42931196154642,-0.018902244999334766,59.0,97.0,,,0.0,6,0.0,0.0,0.8097777777777777,0.0,-0.0,20.8,-0.5583333333333336,166,6,2014,257
2015-06-16,0.0,13.5,0,0.0,14.2,22.2,18.1875,6.5,3.529166666666667,0.2633703391975062,0.19882089953827978,90.625,219.04166666666666,600.0,96.875,1007.4958333333334,1005.7,16.474999999999998,14.2,,,,153.34402511027852,0.11278390082829684,0.0,0.0,0.0,0.0,0.0,0.0,,0.0,0,0,0.0,0.0,0.0,0.0,0.0,0.0,616.84,-3.875,-3.824999999999932,-2.4738095238093365,0.0,,,1.7125000000000021,0.0,0.44863241453989333,-0.8937163737025888,0.44863241453989333,-0.8937163737025888,0.23867936989773997,0.18018144020656607,60.0,98.0,,,0.0,6,0.0,0.0,0.7814444444444444,0.0,-0.0,21.175,-0.875,167,6,2014,258
2015-06-17,0.0,5.3,0,0.0,14.4,23.3,18.658333333333335,6.4,3.1875,1.5554164617163317,0.32616423850145687,88.0,248.95833333333334,600.0,81.0,1007.3541666666666,1006.1,16.441666666666666,14.4,,,,82.79426205662152,0.552865073981111,0.0,0.0,0.0,0.0,0.0,0.0,,0.0,0,0,0.0,0.0,0.0,0.0,0.0,0.0,616.84,-0.1416666666667652,-4.408333333333303,-2.080357142857224,0.0,,,2.2166666666666686,0.0,0.9921021447168885,0.12543258925873269,0.9921021447168885,0.12543258925873269,1.368766486310372,0.287024529881282,61.0,99.0,,,0.0,6,0.0,0.0,0.7926388888888889,0.0,-0.0,19.125,0.470833333333335,168,6,2014,259
2015-06-18,0.0,5.2,0,0.0,15.0,22.3,18.641666666666666,6.8,4.5625,3.265303300744565,-2.607642282529271,86.125,231.79166666666666,600.0,89.83333333333333,1009.6541666666667,1008.4,16.120833333333334,14.8,,,,126.74273911828352,0.9179760151188301,0.0,0.0,0.0,0.0,0.0,0.0,,0.0,0,0,0.0,0.0,0.0,0.0,0.0,0.0,616.84,2.300000000000068,-1.716666666666697,0.3238095238095866,0.0,,,2.520833333333332,0.1999999999999993,0.8013296297153406,-0.5982230558414438,0.8013296297153406,-0.5982230558414438,2.8122424677662563,-2.2458319158283344,62.0,100.0,,,0.0,6,0.0,0.0,0.7749444444444444,0.0,-0.0,27.375,-0.016666666666669272,169,6,2014,260
2015-06-19,0.0,8.1,0,0.0,15.3,19.3,16.775000000000002,7.1,4.175,1.611099105501334,-3.532345850404266,92.91666666666667,108.58333333333333,473.0,96.54166666666667,1008.7416666666667,1007.6,15.591666666666667,13.7,,,,157.17380339624478,0.8644022626695609,0.0,0.0,0.0,0.0,0.0,0.0,,0.0,0,0,0.0,0.0,0.0,0.0,0.0,0.0,616.84,-0.9125000000000227,1.2458333333332803,-0.9297619047619037,0.0,,,1.1833333333333353,1.6000000000000014,0.38793703742671787,-0.921685876528756,0.38793703742671787,-0.921685876528756,1.496979585528323,-3.282138019333964,63.0,101.0,,,0.0,6,0.0,0.0,0.7154444444444445,0.0,-0.0,25.049999999999997,-1.8666666666666636,170,6,2014,261
2015-06-20,0.0,13.3,0,0.0,13.8,21.6,17.4375,6.4,3.75,-2.35168523925056,0.38057369850558326,92.5,222.41666666666666,600.0,72.95833333333333,1009.8541666666666,1008.6,16.141666666666666,13.7,,,,258.9097306522319,0.57431002879545,0.0,0.0,0.0,0.0,0.0,0.0,,0.0,0,0,0.0,0.0,0.0,0.0,0.0,0.0,616.84,1.1124999999999545,2.5,0.39226190476188094,0.0,,,1.2958333333333343,0.10000000000000142,-0.9813253462156155,-0.19235530893324027,-0.9813253462156155,-0.19235530893324027,-2.175308846306768,0.3520306711176645,64.0,102.0,,,0.0,6,0.0,0.0,0.7899444444444444,0.0,-0.0,22.5,0.6624999999999979,171,6,2014,262
2015-06-21,0.0,19.4,0,0.0,13.4,23.0,17.0125,3.8,2.25,-0.17679771412951875,0.003178165280050854,92.79166666666667,168.0,585.0,92.45833333333333,1011.3333333333334,1010.5,15.737499999999999,13.4,,,,257.9855107220786,0.17255517905451043,0.0,0.0,0.0,0.0,0.0,0.0,,0.0,0,0,0.0,0.0,0.0,0.0,0.0,0.0,616.84,1.4791666666667425,1.6791666666666742,1.9327380952381645,0.0,,,1.2750000000000004,0.0,-0.9780949915836243,-0.2081590436157645,-0.9780949915836243,-0.2081590436157645,-0.16405354556934929,0.0029490725327805216,65.0,103.0,,,0.0,6,0.0,0.0,0.754638888888889,0.0,-0.0,13.5,-0.4250000000000007,172,6,2014,263
2015-06-22,0.0,2.2,0,0.0,13.3,22.6,18.279166666666665,5.5,2.6458333333333335,-0.09197357733153466,1.2011787856022467,88.04166666666667,238.5,600.0,87.91666666666667,1013.6958333333333,1012.7,16.120833333333334,13.2,,,,348.7319305066812,0.2989637353889995,0.0,0.0,0.0,0.0,0.0,0.0,,0.0,0,0,0.0,0.0,0.0,0.0,0.0,0.0,616.84,2.3624999999999545,4.9541666666666515,3.9630952380952067,0.0,,,2.1583333333333314,0.10000000000000142,-0.1953996246742992,0.9807237055751956,-0.1953996246742992,0.9807237055751956,-0.08097507037563866,1.0575378224906447,66.0,104.0,,,0.0,6,0.0,0.0,0.7858055555555555,0.0,-0.0,15.875,1.2666666666666657,173,6,2014,264
2015-06-23,0.0,11.8,0,0.0,14.4,23.8,18.4875,6.2,3.2125,-0.572670486327104,0.7186886791292308,89.66666666666667,271.4166666666667,600.0,63.458333333333336,1014.1416666666668,1013.1,16.650000000000002,14.2,,,,255.29034856876518,0.1255364888739638,0.0,0.0,0.0,0.0,0.0,0.0,,0.0,0,0,0.0,0.0,0.0,0.0,0.0,0.0,616.84,0.44583333333343944,4.287500000000136,3.45952380952383,0.0,,,1.8374999999999986,0.20000000000000107,-0.967224993716794,-0.2539208765138221,-0.967224993716794,-0.2539208765138221,-0.5134945360733033,0.644424182285877,67.0,105.0,,,0.0,6,0.0,0.0,0.8131666666666666,0.0,-0.0,19.275,0.2083333333333357,174,6,2014,265
2015-06-24,0.0,0.9,0,0.0,12.0,24.1,18.620833333333334,6.5,3.279166666666667,0.8431519818301076,0.9087018490393669,83.83333333333333,286.875,600.0,60.458333333333336,1012.4250000000001,1011.0,15.525,11.9,,,,92.80088949748408,0.17073056927262015,0.0,0.0,0.0,0.0,0.0,0.0,,0.16666666666666666,0,0,0.0,0.0,0.0,0.0,0.0,0.0,616.84,-1.716666666666697,1.091666666666697,1.0184523809525672,0.0,,,3.095833333333333,0.09999999999999964,0.9988053788450137,-0.04886527591519955,0.9988053788450137,-0.04886527591519955,0.7068424114342402,0.7617950501113359,68.0,106.0,,,0.0,6,0.0,0.0,0.8040277777777778,0.0,-0.0,19.675,0.13333333333333286,175,6,2014,266
2015-06-25,0.0,5.2,0,0.0,15.3,25.6,20.587500000000002,5.4,3.404166666666667,1.42773170838312,-0.28591680921182155,79.41666666666667,269.7083333333333,600.0,58.625,1009.2208333333333,1007.2,16.554166666666667,14.8,,,,107.87542600444776,0.368768853938616,0.0,0.0,0.0,0.0,0.0,0.0,,0.041666666666666664,0,0,0.0,0.0,0.0,0.0,0.0,0.0,616.84,-3.204166666666765,-4.475000000000023,-2.123809523809655,0.0,,,4.033333333333335,0.5,0.9517261407233022,-0.3069484534314013,0.9517261407233022,-0.3069484534314013,1.133856931740928,-0.22706559931572162,69.0,107.0,,,0.0,6,0.0,0.0,0.7778611111111111,0.0,-0.0,20.425,1.9666666666666686,176,6,2014,267
2015-06-26,0.0,24.3,0,0.0,16.4,21.1,18.054166666666667,10.4,7.1499999999999995,4.45494200099568,-5.298687591224202,93.04166666666667,68.125,279.0,99.91666666666667,1003.3916666666668,999.3,16.858333333333334,15.7,,,,140.4242121384777,0.966232002506338,0.0,0.0,0.0,0.0,0.0,0.0,,0.0,0,0,0.0,0.0,0.0,0.0,0.0,0.0,616.84,-5.829166666666538,-10.75,-7.188690476190345,0.0,,,1.1958333333333329,0.6999999999999993,0.6370983281751712,-0.770782537578792,0.6370983281751712,-0.770782537578792,4.144952286759731,-4.929987246334852,70.0,108.0,,,0.0,6,0.0,0.0,0.6888888888888888,0.0,-0.0,42.9,-2.533333333333335,177,6,2014,268
2015-06-27,0.0,14.5,0,0.0,15.3,25.4,19.695833333333333,13.3,8.329166666666667,-4.984416358889047,-3.2545339205522055,91.66666666666667,196.5,586.0,93.20833333333333,999.15,997.2,18.245833333333334,15.2,,,,227.5636608628066,0.681040804838093,0.0,0.0,0.0,0.0,0.0,0.0,,0.0,0,0,0.0,0.0,0.0,0.0,0.0,0.0,616.84,-4.241666666666788,-13.275000000000091,-9.90119047619055,0.0,,,1.4499999999999993,0.10000000000000142,-0.7380275242078783,-0.6747706080673561,-0.7380275242078783,-0.6747706080673561,-4.569048328981626,-2.983322760506189,71.0,109.0,,,0.0,6,0.0,0.0,0.769888888888889,0.0,-0.0,49.97500000000001,1.6416666666666657,178,6,2014,269
2015-06-28,0.0,12.4,0,0.0,14.2,18.8,15.870833333333335,11.6,8.845833333333333,-8.222893372650116,1.9311184625540634,90.04166666666667,154.91666666666666,572.0,98.41666666666667,1006.6875,1002.7,14.179166666666667,13.8,,,,288.27220646613233,0.9458768570405823,0.0,0.0,0.0,0.0,0.0,0.0,,0.0,0,0,0.0,0.0,0.0,0.0,0.0,0.0,616.84,7.537500000000023,-2.533333333333303,-1.7000000000000455,0.0,,,1.6916666666666682,0.3999999999999986,-0.9495776801157682,0.31353186349389733,-0.9495776801157682,0.31353186349389733,-7.404030240957042,1.738811248991388,72.0,110.0,,,0.0,6,0.0,0.0,0.7367499999999999,0.0,-0.0,53.075,-3.8249999999999975,179,6,2014,270
2015-06-29,0.0,0.0,0,0.0,13.9,24.7,18.845833333333335,5.6,3.4250000000000003,0.8515090258734044,1.921084468732242,79.45833333333333,322.625,600.0,67.79166666666667,1010.3708333333334,1008.5,14.783333333333333,13.5,,,,32.10637643031553,0.5839580615215442,0.0,0.0,0.0,0.0,0.0,0.0,,0.125,0,0,0.0,0.0,0.0,0.0,0.0,0.0,616.84,3.683333333333394,6.979166666666629,2.4583333333332575,0.0,,,4.062500000000002,0.40000000000000036,0.5314928521745811,0.8470627769459174,0.5314928521745811,0.8470627769459174,0.6765948801419092,1.5264617007801604,73.0,111.0,,,0.0,6,0.0,0.0,0.8132777777777777,0.0,-0.0,20.55,2.9749999999999996,180,6,2014,271
2015-06-30,0.0,0.9,0,0.0,15.2,25.0,19.641666666666666,4.6,2.9791666666666665,1.1008356702410886,-0.2474939480666857,82.58333333333333,210.5,600.0,98.95833333333333,1005.6416666666668,1001.9,16.291666666666668,14.9,,,,90.30429267201224,0.41424577309988475,0.0,0.0,0.0,0.0,0.0,0.0,,0.0,0,0,0.0,0.0,0.0,0.0,0.0,0.0,616.84,-4.729166666666629,6.491666666666788,-1.0565476190474783,0.0,,,3.349999999999998,0.29999999999999893,0.9999858971558587,-0.005310884049973918,0.9999858971558587,-0.005310884049973918,0.9091067910074324,-0.20438875211173793,74.0,112.0,,,0.0,6,0.0,0.0,0.7489444444444445,0.0,-0.0,17.875,0.7958333333333307,181,6,2014,272
2015-07-01,0.0,54.6,0,0.0,16.5,20.5,18.287499999999998,9.7,5.970833333333334,-1.6142255675459156,-1.877227556860914,97.875,55.291666666666664,188.0,98.91666666666667,995.9708333333333,991.7,17.933333333333334,16.4,,,,214.6260438372502,0.4054073336479195,0.0,0.0,0.0,0.0,0.0,0.0,,0.0,0,0,0.0,0.0,0.0,0.0,0.0,0.0,616.84,-9.670833333333462,-10.716666666666697,-8.376785714285802,0.0,,,0.3541666666666643,0.10000000000000142,-0.5682178435979539,-0.8228781697292079,-0.5682178435979539,-0.8228781697292079,-1.5799232742355651,-1.8373364712776197,75.0,113.0,,,0.0,6,0.0,0.0,0.6964444444444444,0.0,-0.0,35.825,-1.3541666666666679,182,7,2014,273
2015-07-02,0.0,3.3,0,0.0,15.5,26.1,20.175,7.6,4.466666666666667,-3.4308087072244096,-0.9174655081301464,85.29166666666667,286.7916666666667,600.0,79.20833333333333,1003.6750000000001,1001.6,17.208333333333332,15.5,,,,246.3816660350438,0.7872301622772129,0.0,0.0,0.0,0.0,0.0,0.0,,0.041666666666666664,0,0,0.0,0.0,0.0,0.0,0.0,0.0,616.84,7.704166666666765,-6.695833333333326,0.11964285714282141,0.0,,,2.9666666666666686,0.0,-0.9162345757425364,-0.40064223718162095,-0.9162345757425364,-0.40064223718162095,-2.9261939265368193,-0.782521622976004,76.0,114.0,,,0.0,6,0.0,0.0,0.8088333333333333,0.0,-0.0,26.8,1.8875000000000028,183,7,2014,274
2015-07-03,0.0,2.3,0,0.0,17.2,24.5,19.904166666666665,3.7,2.3125,0.4868662273539724,0.17286086022797587,90.375,193.25,600.0,99.08333333333333,1007.1916666666666,1005.8,18.1375,17.2,,,,107.98365635097498,0.1626989529628507,0.0,0.0,0.0,0.0,0.0,0.0,,0.0,0,0,0.0,0.0,0.0,0.0,0.0,0.0,616.84,3.516666666666538,1.5499999999998408,3.0934523809522716,0.0,,,1.7666666666666657,0.0,0.9511446248494733,-0.30874569247190276,0.9511446248494733,-0.30874569247190276,0.44000535297115256,0.15622300243103318,77.0,115.0,,,0.0,6,0.0,0.0,0.7634166666666667,0.0,-0.0,13.875,-0.2708333333333357,184,7,2014,275
2015-07-04,0.0,12.8,0,0.0,15.8,21.4,18.291666666666668,6.1,3.720833333333333,-3.2162733053360797,-0.27653196134732283,94.33333333333333,110.04166666666667,467.0,99.95833333333333,1010.8416666666667,1008.0,17.291666666666668,15.7,,,,265.638279635848,0.8679276321798323,0.0,0.0,0.0,0.0,0.0,0.0,,0.0,0,0,0.0,0.0,0.0,0.0,0.0,0.0,616.84,3.650000000000091,14.870833333333394,5.073214285714357,0.0,,,1.0,0.10000000000000142,-0.9971037861168985,-0.07605287444499537,-0.9971037861168985,-0.07605287444499537,-3.0340178180337016,-0.2608618168709745,78.0,116.0,,,0.0,6,0.0,0.0,0.7211388888888889,0.0,-0.0,22.325,-1.6124999999999972,185,7,2014,276
2015-07-05,0.0,7.0,0,0.0,16.1,21.8,18.679166666666667,4.6,2.9291666666666667,0.12086785028124068,2.0689059500067137,90.91666666666667,197.16666666666666,600.0,99.75,1012.775,1011.7,17.054166666666667,16.1,,,,355.2028507935617,0.5977318271978337,0.0,0.0,0.0,0.0,0.0,0.0,,0.0,0,0,0.0,0.0,0.0,0.0,0.0,0.0,616.84,1.9333333333332803,9.099999999999909,6.136904761904816,0.0,,,1.625,0.0,-0.08362826199517343,0.9964970214685374,-0.08362826199517343,0.9964970214685374,0.10988902054736133,1.8809803262144373,79.0,117.0,,,0.0,6,0.0,0.0,0.7678333333333334,0.0,-0.0,17.575,0.3874999999999993,186,7,2014,277
2015-07-06,0.0,5.8,0,0.0,16.9,20.9,18.679166666666667,3.6,1.9583333333333333,0.0914325553558265,0.6168404297437482,94.875,119.54166666666667,497.0,99.29166666666667,1013.5166666666668,1012.8,17.845833333333335,16.8,,,,49.08471493262598,0.2168085752804008,0.0,0.0,0.0,0.0,0.0,0.0,,0.0,0,0,0.0,0.0,0.0,0.0,0.0,0.0,616.84,0.7416666666667879,6.325000000000159,6.429166666666788,0.0,,,0.8333333333333321,0.09999999999999787,0.7556787739548845,0.6549424330382347,0.7556787739548845,0.6549424330382347,0.0867466368938404,0.5852273577193811,80.0,118.0,,,0.0,6,0.0,0.0,0.7292777777777778,0.0,-0.0,11.75,0.0,187,7,2014,278
2015-07-07,0.0,3.4,0,0.0,14.5,22.4,18.729166666666668,4.5,2.316666666666667,-1.5181692032852998,-0.2406612427646823,93.08333333333333,121.41666666666667,474.0,100.0,1015.0083333333333,1013.8,17.516666666666666,14.5,,,,254.42634722240814,0.5093494925173994,0.0,0.0,0.0,0.0,0.0,0.0,,0.0,0,0,0.0,0.0,0.0,0.0,0.0,0.0,616.84,1.4916666666665606,4.166666666666629,6.582738095238028,0.0,,,1.2125000000000021,0.0,-0.963286126603627,-0.2684768859566518,-0.963286126603627,-0.2684768859566518,-1.4131625000580663,-0.22401550680679175,81.0,119.0,,,0.0,6,0.0,0.0,0.7245555555555555,0.0,-0.0,13.900000000000002,0.05000000000000071,188,7,2014,279
2015-07-08,0.0,27.1,0,0.0,17.0,21.6,19.675,3.4,1.7041666666666666,-0.16549288994534658,-0.4100706848527809,98.54166666666667,56.0,186.0,99.54166666666667,1016.35,1015.5,19.425,16.9,,,,218.11065236621386,0.19839756985714022,0.0,0.0,0.0,0.0,0.0,0.0,,0.0,0,0,0.0,0.0,0.0,0.0,0.0,0.0,616.84,1.341666666666697,3.5750000000000455,5.013095238095275,0.0,,,0.25,0.10000000000000142,-0.6171821705407076,-0.7868202897527877,-0.6171821705407076,-0.7868202897527877,-0.16307945196697696,-0.4040904873653446,82.0,120.0,,,0.0,6,0.0,0.0,0.6991388888888889,0.0,-0.0,10.225,0.9458333333333329,189,7,2014,280
2015-07-09,0.0,13.1,0,0.0,18.1,24.7,20.583333333333332,4.3,2.5375,0.44623542185783865,0.6990992630720712,96.0,113.08333333333333,468.0,99.875,1017.1083333333332,1016.4,19.879166666666666,18.1,,,,40.735430128950384,0.12344603558047605,0.0,0.0,0.0,0.0,0.0,0.0,,0.0,0,0,0.0,0.0,0.0,0.0,0.0,0.0,616.84,0.7583333333332121,3.5916666666664696,3.852380952380827,0.0,,,0.7041666666666657,0.0,0.6525670884768572,0.7577309516159662,0.6525670884768572,0.7577309516159662,0.42838600498352514,0.6711352925491884,83.0,121.0,,,0.0,6,0.0,0.0,0.7287222222222223,0.0,-0.0,15.225000000000001,0.9083333333333314,190,7,2014,281
2015-07-10,0.0,0.30000000000000004,0,0.0,16.5,27.1,21.745833333333334,5.5,3.154166666666667,0.39222469808697363,1.276902057738371,84.04166666666667,312.7083333333333,600.0,40.291666666666664,1017.2458333333334,1015.9,18.558333333333334,16.4,,,,67.79500860012453,0.12185074296893023,0.0,0.0,0.0,0.0,0.0,0.0,,0.25,0,0,0.0,0.0,0.0,0.0,0.0,0.0,616.84,0.13750000000015916,2.237500000000068,2.553571428571445,0.0,,,3.1875,0.10000000000000142,0.9258376651818953,0.37792144386173276,0.9258376651818953,0.37792144386173276,0.32963217335059414,1.0731297710242893,84.0,122.0,,,0.0,6,0.0,0.0,0.8219444444444445,0.0,-0.0,18.925,1.1625000000000014,191,7,2014,282
2015-07-11,0.0,0.0,0,0.0,15.7,27.9,22.0125,5.0,3.3249999999999997,0.02673311825872558,0.004111303043881354,70.08333333333333,347.3333333333333,600.0,17.916666666666668,1015.2875,1013.5,15.512500000000001,11.8,,,,188.14979884794693,0.10469460802086737,0.0,0.0,0.0,0.0,0.0,0.0,,0.7083333333333334,0,0,0.0,0.0,0.0,0.0,0.0,0.0,616.84,-1.9583333333333712,-1.0625,-0.03988095238094047,0.0,,,6.499999999999998,3.8999999999999986,-0.1417616614928146,-0.9899008189363199,-0.1417616614928146,-0.9899008189363199,0.018735460379656843,0.0028813382165868485,85.0,123.0,,,0.0,6,0.0,0.0,0.7984999999999999,0.0,-0.0,19.95,0.2666666666666657,192,7,2014,283
2015-07-12,0.0,0.2,0,0.0,16.3,29.9,23.650000000000002,4.7,2.716666666666667,-0.6102236518803619,-0.45818392484153864,73.16666666666667,313.625,600.0,92.79166666666667,1012.2083333333334,1010.2,18.254166666666666,13.7,,,,230.67562207022843,0.3708238742253729,0.0,0.0,0.0,0.0,0.0,0.0,,0.0,0,0,0.0,0.0,0.0,0.0,0.0,0.0,616.84,-3.0791666666666515,-4.899999999999864,-3.038095238095252,0.0,,,5.395833333333336,2.6000000000000014,-0.7735706518758092,-0.6337100650584899,-0.7735706518758092,-0.6337100650584899,-0.44648030529246485,-0.3352379050090591,86.0,124.0,,,0.0,6,0.0,0.0,0.7863055555555555,0.0,-0.0,16.3,1.6375000000000028,193,7,2014,284
2015-07-13,0.0,0.0,0,0.0,20.3,30.7,25.3,9.9,7.516666666666667,1.0247189467573719,-7.36325721467606,76.08333333333333,219.75,600.0,98.33333333333333,1007.3541666666666,1005.3,20.55,18.9,,,,171.9608833810533,0.9895270863403347,0.0,0.0,0.0,0.0,0.0,0.0,,0.0,0,0,0.0,0.0,0.0,0.0,0.0,0.0,616.84,-4.8541666666667425,-9.891666666666765,-7.011904761904816,0.0,,,4.75,1.4000000000000021,0.13984913814255373,-0.9901728225722947,0.13984913814255373,-0.9901728225722947,0.7796403319912336,-5.602211530832702,87.0,125.0,,,0.0,6,0.0,0.0,0.7334444444444443,0.0,-0.0,45.1,1.6499999999999986,194,7,2014,285
2015-07-14,0.0,1.3,0,0.0,20.9,29.9,25.1875,8.0,5.516666666666667,-1.2503059738015174,-3.421487577301423,79.04166666666667,275.25,600.0,58.75,1008.3541666666666,1007.3,20.970833333333335,19.9,,,,203.49575515394943,0.4743165114915962,0.0,0.0,0.0,0.0,0.0,0.0,,0.0,0,0,0.0,0.0,0.0,0.0,0.0,0.0,616.84,1.0,-6.933333333333394,-5.061309523809541,0.0,,,4.216666666666665,1.0,-0.39868112602325745,-0.9170896138070845,-0.39868112602325745,-0.9170896138070845,-0.9882626801256161,-2.7044008058920004,88.0,126.0,,,0.0,6,0.0,0.0,0.7803055555555556,0.0,-0.0,33.1,-0.11250000000000071,195,7,2014,286
2015-07-15,0.0,1.7000000000000002,0,0.0,20.1,28.6,24.2625,6.1,3.3166666666666664,1.8942183957369423,0.913016943027888,81.375,267.0416666666667,600.0,54.333333333333336,1010.0875,1008.7,20.554166666666667,19.2,,,,76.47582086460471,0.4986043479956858,0.0,0.0,0.0,0.0,0.0,0.0,,0.125,0,0,0.0,0.0,0.0,0.0,0.0,0.0,616.84,1.7333333333333485,-2.120833333333394,-2.4333333333332803,0.0,,,3.708333333333332,0.9000000000000021,0.9722713185837228,0.23385568853348182,0.9722713185837228,0.23385568853348182,1.541420219530937,0.7429675373889439,89.0,127.0,,,0.0,6,0.0,0.0,0.782611111111111,0.0,-0.0,19.9,-0.9250000000000007,196,7,2014,287
2015-07-16,0.0,12.0,0,0.0,20.0,26.4,22.754166666666666,6.3,4.7625,4.215296144055572,-2.1242807765891945,91.58333333333333,136.54166666666666,516.0,99.41666666666667,1007.4499999999999,1005.7,21.224999999999998,20.0,,,,116.579912550537,0.9915137090516801,0.0,0.0,0.0,0.0,0.0,0.0,,0.0,0,0,0.0,0.0,0.0,0.0,0.0,0.0,616.84,-2.6375000000000455,0.09583333333330302,-3.6910714285714903,0.0,,,1.5291666666666686,0.0,0.894311162696724,-0.4474455768873279,0.894311162696724,-0.4474455768873279,3.8605087185975613,-1.9454871445596038,90.0,128.0,,,0.0,6,0.0,0.0,0.7296388888888888,0.0,-0.0,28.575000000000003,-1.5083333333333329,197,7,2014,288
2015-07-17,0.0,1.8,0,0.0,21.4,27.2,23.6375,10.2,7.25,4.905141484910099,-5.231440067574266,84.70833333333333,133.54166666666666,552.0,99.5,1005.7291666666666,1004.5,20.795833333333334,19.1,,,,136.1384894559857,0.9902816249100462,0.0,0.0,0.0,0.0,0.0,0.0,,0.0,0,0,0.0,0.0,0.0,0.0,0.0,0.0,616.84,-1.720833333333303,-2.625,-3.7666666666666515,0.0,,,2.841666666666665,2.299999999999997,0.6929176288681422,-0.7210167540381788,0.6929176288681422,-0.7210167540381788,4.155063599509263,-4.431465690574368,91.0,129.0,,,0.0,6,0.0,0.0,0.7047222222222222,0.0,-0.0,43.5,0.8833333333333329,198,7,2014,289
2015-07-18,0.0,20.5,0,0.0,20.3,27.2,22.15833333333333,8.9,4.3,-0.9911284943457184,-2.590314179340657,95.54166666666667,63.75,247.0,97.45833333333333,1010.5375,1006.8,21.354166666666668,19.3,,,,213.4394326032972,0.6912148296240663,0.0,0.0,0.0,0.0,0.0,0.0,,0.0,0,0,0.0,0.0,0.0,0.0,0.0,0.0,616.84,4.808333333333394,0.4500000000000455,1.7202380952381873,0.0,,,0.8041666666666636,1.0,-0.5510551759794754,-0.8344688088995474,-0.5510551759794754,-0.8344688088995474,-0.9469406823061385,-2.474829338845053,92.0,130.0,,,0.0,6,0.0,0.0,0.6943055555555556,0.0,-0.0,25.799999999999997,-1.4791666666666679,199,7,2014,290
2015-07-19,0.0,8.6,0,0.0,20.3,27.2,23.287499999999998,5.3,3.1624999999999996,-2.5356938732666783,-0.8473639109283112,91.625,205.625,600.0,96.125,1015.9291666666667,1014.0,21.745833333333334,20.2,,,,251.12294968672006,0.8255611639315323,0.0,0.0,0.0,0.0,0.0,0.0,,0.0,0,0,0.0,0.0,0.0,0.0,0.0,0.0,616.84,5.3916666666666515,8.479166666666742,6.58035714285711,0.0,,,1.5416666666666643,0.10000000000000142,-0.9462150272728989,-0.32353844000821186,-0.9462150272728989,-0.32353844000821186,-2.323329511380594,-0.7763971833880652,93.0,131.0,,,0.0,6,0.0,0.0,0.7758333333333333,0.0,-0.0,18.974999999999998,1.1291666666666664,200,7,2014,291
2015-07-20,0.0,3.3000000000000003,0,0.0,20.2,28.0,24.27916666666667,4.1,2.6791666666666667,-0.9278020657016025,-0.4708700898513367,88.20833333333333,221.54166666666666,600.0,61.458333333333336,1016.5124999999999,1015.3,22.041666666666668,20.1,,,,251.71761865598316,0.33865271454549256,0.0,0.0,0.0,0.0,0.0,0.0,,0.0,0,0,0.0,0.0,0.0,0.0,0.0,0.0,616.84,0.5833333333332575,10.783333333333303,5.855357142857201,0.0,,,2.2375000000000007,0.09999999999999787,-0.9495219865492691,-0.31370048941550865,-0.9495219865492691,-0.31370048941550865,-0.8183987387876218,-0.41534665842303325,94.0,132.0,,,0.0,6,0.0,0.0,0.7750555555555555,0.0,-0.0,16.075,0.9916666666666707,201,7,2014,292
2015-07-21,0.0,1.1,0,0.0,19.7,30.6,25.2,5.0,3.029166666666667,0.6880547769947639,-1.8279689423984615,81.29166666666667,304.25,600.0,24.166666666666668,1014.4875000000001,1012.9,21.3625,19.0,,,,167.72845281514626,0.4872449596351511,0.0,0.0,0.0,0.0,0.0,0.0,,0.5,0,0,0.0,0.0,0.0,0.0,0.0,0.0,616.84,-2.0249999999998636,3.9500000000000455,2.9541666666666515,0.0,,,3.8374999999999986,0.6999999999999993,0.21254516378175653,-0.9771512438476381,0.21254516378175653,-0.9771512438476381,0.5593311957986602,-1.4859864194247496,95.0,133.0,,,0.0,6,0.0,0.0,0.8071388888888889,0.0,-0.0,18.175,0.9208333333333307,202,7,2014,293
2015-07-22,0.0,11.1,0,0.0,20.1,29.4,24.266666666666666,6.4,3.9625,0.7642045281391371,-3.0327805479063943,83.16666666666667,227.66666666666666,600.0,55.625,1013.1666666666666,1011.7,21.0125,18.8,,,,158.1178862674465,0.6419799279125021,0.0,0.0,0.0,0.0,0.0,0.0,,0.2916666666666667,0,0,0.0,0.0,0.0,0.0,0.0,0.0,616.84,-1.3208333333334394,-2.7625000000000455,1.1934523809522943,0.0,,,3.2541666666666664,1.3000000000000007,0.3726981178122156,-0.9279526458711306,0.3726981178122156,-0.9279526458711306,0.635563432569049,-2.5222624890088183,96.0,134.0,,,0.0,6,0.0,0.0,0.7623333333333333,0.0,-0.0,23.775,-0.9333333333333336,203,7,2014,294
2015-07-23,0.0,67.8,0,0.0,21.6,24.5,22.620833333333334,6.9,4.379166666666666,-4.150391786831803,-0.9984882903509019,97.0,51.875,269.0,98.16666666666667,1013.2958333333332,1012.3,22.09583333333333,21.6,,,,256.01981059923327,0.9740483020190266,0.0,0.0,0.0,0.0,0.0,0.0,,0.0,0,0,0.0,0.0,0.0,0.0,0.0,0.0,616.84,0.12916666666660603,-3.216666666666697,0.4874999999999545,0.0,,,0.5250000000000021,0.0,-0.9703793152338469,-0.24158639151717623,-0.9703793152338469,-0.24158639151717623,-4.02588003322685,-0.9685336416403749,97.0,135.0,,,0.0,6,0.0,0.0,0.69125,0.0,-0.0,26.275,-1.6458333333333321,204,7,2014,295
2015-07-24,0.0,6.9,0,0.0,21.4,26.3,23.5625,5.4,3.845833333333333,-3.055626199569657,-1.215889722250232,91.875,152.0,454.0,99.29166666666667,1013.9291666666667,1013.1,22.045833333333334,21.0,,,,251.63357494406054,0.820165777585594,0.0,0.0,0.0,0.0,0.0,0.0,,0.0,0,0,0.0,0.0,0.0,0.0,0.0,0.0,616.84,0.6333333333334394,-0.558333333333394,-0.050595238095297645,0.0,,,1.5166666666666657,0.3999999999999986,-0.9490608169446407,-0.31509294777949426,-0.9490608169446407,-0.31509294777949426,-2.807356570854622,-1.1170986823174007,98.0,136.0,,,0.0,6,0.0,0.0,0.7409166666666667,0.0,-0.0,23.075,0.9416666666666664,205,7,2014,296
2015-07-25,0.0,0.7000000000000001,0,0.0,20.0,29.3,24.666666666666668,7.8,4.583333333333333,-3.1264688285856224,-0.8342804076248357,83.29166666666667,282.125,600.0,78.45833333333333,1013.2416666666667,1012.5,21.34166666666667,19.4,,,,249.34139745444804,0.6331381550105801,0.0,0.0,0.0,0.0,0.0,0.0,,0.0,0,0,0.0,0.0,0.0,0.0,0.0,0.0,616.84,-0.6875,0.07500000000004547,-1.1244047619047706,0.0,,,3.3249999999999993,0.6000000000000014,-0.9356991799484417,-0.3527988727927201,-0.9356991799484417,-0.3527988727927201,-2.6040879951427747,-0.6948860561841861,99.0,137.0,,,0.0,6,0.0,0.0,0.7990555555555555,0.0,-0.0,27.5,1.1041666666666679,206,7,2014,297
2015-07-26,0.0,0.0,0,0.0,19.6,30.4,25.150000000000002,6.0,3.5541666666666667,-1.5640070205084815,-0.41795740599178594,83.45833333333333,307.8333333333333,600.0,33.333333333333336,1014.0916666666667,1013.5,21.8,19.2,,,,233.20697239465198,0.3308226985543448,0.0,0.0,0.0,0.0,0.0,0.0,,0.4583333333333333,0,0,0.0,0.0,0.0,0.0,0.0,0.0,616.84,0.8500000000000227,0.7958333333334622,-0.011904761904816041,0.0,,,3.3500000000000014,0.40000000000000213,-0.8008042609461795,-0.5989261520842475,-0.8008042609461795,-0.5989261520842475,-1.3052941925327033,-0.348820285083978,100.0,138.0,,,0.0,6,0.0,0.0,0.8167499999999999,0.0,-0.0,21.325,0.4833333333333343,207,7,2014,298
2015-07-27,0.0,1.3,0,0.0,20.7,30.4,25.066666666666666,5.2,2.5166666666666666,-0.1347882856049992,0.4988703245013591,82.79166666666667,279.25,600.0,46.083333333333336,1011.0916666666667,1009.3,21.599999999999998,19.9,,,,310.8358308965418,0.05697692820380809,0.0,0.0,0.0,0.0,0.0,0.0,,0.3333333333333333,0,0,0.0,0.0,0.0,0.0,0.0,0.0,616.84,-3.0,-2.8374999999999773,-2.2374999999999545,0.0,,,3.4666666666666686,0.8000000000000007,-0.7565862798937081,0.6538938760048144,-0.7565862798937081,0.6538938760048144,-0.11159346812380559,0.41302305616008356,101.0,139.0,,,0.0,6,0.0,0.0,0.7954722222222222,0.0,-0.0,15.1,-0.0833333333333357,208,7,2014,299
2015-07-28,0.0,8.5,0,0.0,21.6,28.1,23.858333333333334,6.7,4.079166666666667,-3.6512475078160165,1.088012860838339,92.45833333333333,220.625,600.0,81.5,1010.4458333333333,1009.6,22.5,21.4,,,,281.8991654040724,0.9353448610176077,0.0,0.0,0.0,0.0,0.0,0.0,,0.0,0,0,0.0,0.0,0.0,0.0,0.0,0.0,616.84,-0.6458333333333712,-2.7958333333333485,-2.3059523809523625,0.0,,,1.3583333333333343,0.20000000000000284,-0.9785119886602767,0.20618993197561936,-0.9785119886602767,0.20618993197561936,-3.3758825916015582,1.0059585575834475,102.0,140.0,,,0.0,6,0.0,0.0,0.788611111111111,0.0,-0.0,24.475,-1.2083333333333321,209,7,2014,300
2015-07-29,0.0,5.1000000000000005,0,0.0,20.4,27.7,23.791666666666668,5.7,2.8958333333333335,-1.8824636946251696,0.7099531003373313,90.70833333333333,249.58333333333334,600.0,74.54166666666667,1010.9250000000001,1010.1,22.108333333333334,20.4,,,,275.7401190658537,0.569064666465307,0.0,0.0,0.0,0.0,0.0,0.0,,0.0,0,0,0.0,0.0,0.0,0.0,0.0,0.0,616.84,0.47916666666674246,-3.1666666666666288,-1.5065476190475238,0.0,,,1.6833333333333336,0.0,-0.9949857813708477,0.1000164729924209,-0.9949857813708477,0.1000164729924209,-1.7075514429995808,0.6439866247643209,103.0,141.0,,,0.0,6,0.0,0.0,0.8020833333333334,0.0,-0.0,17.375,-0.06666666666666643,210,7,2014,301
2015-07-30,0.0,5.1,0,0.0,21.0,29.0,24.433333333333334,5.9,3.625,-2.5457271789053992,-0.6454967581978484,88.79166666666667,248.29166666666666,600.0,62.25,1012.1125000000001,1011.4,22.316666666666666,20.9,,,,245.83184466990906,0.6935813908752501,0.0,0.0,0.0,0.0,0.0,0.0,,0.0,0,0,0.0,0.0,0.0,0.0,0.0,0.0,616.84,1.1875,1.0208333333333712,-0.14999999999997726,0.0,,,2.116666666666667,0.10000000000000142,-0.9123478081819296,-0.40941601935638633,-0.9123478081819296,-0.40941601935638633,-2.260393590936419,-0.5731473298831729,104.0,142.0,,,0.0,6,0.0,0.0,0.7948333333333334,0.0,-0.0,21.75,0.6416666666666657,211,7,2014,302
2015-07-31,0.0,0.0,0,0.0,20.6,31.4,25.666666666666668,5.6,3.4291666666666667,-1.92190694617479,-0.47521143557132794,83.58333333333333,300.3333333333333,600.0,37.208333333333336,1012.9416666666666,1011.7,22.3125,20.5,,,,243.7790168889391,0.6032690911296624,0.0,0.0,0.0,0.0,0.0,0.0,,0.375,0,0,0.0,0.0,0.0,0.0,0.0,0.0,616.84,0.8291666666665378,2.4958333333332803,0.8202380952379826,0.0,,,3.354166666666668,0.10000000000000142,-0.8970966193025249,-0.4418344210628916,-0.8970966193025249,-0.4418344210628916,-1.6063938891777618,-0.3971975582317016,105.0,143.0,,,0.0,6,0.0,0.0,0.8121666666666667,0.0,-0.0,20.575,1.2333333333333343,212,7,2014,303
2015-08-01,0.0,0.4,0,0.0,20.4,31.4,25.537499999999998,5.4,3.079166666666667,-1.0072476199206688,0.04499219833146847,83.20833333333333,306.3333333333333,600.0,32.916666666666664,1014.2708333333334,1013.2,22.125,19.8,,,,249.79335461873995,0.2947008559599511,0.0,0.0,0.0,0.0,0.0,0.0,,0.5,0,0,0.0,0.0,0.0,0.0,0.0,0.0,616.84,1.3291666666667652,3.345833333333303,2.0023809523810314,0.0,,,3.412499999999998,0.5999999999999979,-0.9384529674558341,-0.3454070466469081,-0.9384529674558341,-0.3454070466469081,-0.8381139570756565,0.03743725836164272,106.0,144.0,,,0.0,6,0.0,0.0,0.8149166666666666,0.0,-0.0,18.475,-0.12916666666666998,213,8,2014,304
2015-08-02,0.0,2.9,0,0.0,20.2,30.0,25.270833333333332,4.8,2.9291666666666667,-0.6023086933764784,-0.7684094803876609,87.375,299.4583333333333,600.0,28.75,1015.4875000000001,1014.7,22.758333333333336,20.1,,,,226.19566439190106,0.337348267935646,0.0,0.0,0.0,0.0,0.0,0.0,,0.5416666666666666,0,0,0.0,0.0,0.0,0.0,0.0,0.0,616.84,1.216666666666697,3.375,3.0196428571427987,0.0,,,2.5124999999999957,0.09999999999999787,-0.7217078511175476,-0.6921977879445236,-0.7217078511175476,-0.6921977879445236,-0.526267220837698,-0.6713977834887187,107.0,145.0,,,0.0,6,0.0,0.0,0.8242222222222223,0.0,-0.0,17.575,-0.2666666666666657,214,8,2014,305
2015-08-03,0.0,5.5,0,0.0,20.7,29.3,24.695833333333336,4.2,2.9791666666666665,-1.605331279650671,-1.2414852560413503,88.125,269.375,600.0,23.333333333333332,1014.9291666666667,1013.6,22.454166666666666,19.5,,,,232.2795472647058,0.6915335890866764,0.0,0.0,0.0,0.0,0.0,0.0,,0.5416666666666666,0,0,0.0,0.0,0.0,0.0,0.0,0.0,616.84,-0.558333333333394,1.9875000000000682,1.9130952380952522,0.0,,,2.2416666666666707,1.1999999999999993,-0.7910051872382616,-0.6118094423610694,-0.7910051872382616,-0.6118094423610694,-1.4146981901921538,-1.09405888188644,108.0,146.0,,,0.0,6,0.0,0.0,0.8066666666666666,0.0,-0.0,17.875,-0.5749999999999957,215,8,2014,306
2015-08-04,0.0,2.1,0,0.0,19.2,30.6,25.183333333333334,5.2,3.0833333333333335,-0.8963348620488222,0.465550657617637,83.04166666666667,298.6666666666667,600.0,32.25,1013.4041666666667,1011.9,21.766666666666666,19.0,,,,270.074196836605,0.3241481719627656,0.0,0.0,0.0,0.0,0.0,0.0,,0.4166666666666667,0,0,0.0,0.0,0.0,0.0,0.0,0.0,616.84,-1.5249999999999773,-0.8666666666666742,-0.034523809523761884,0.0,,,3.416666666666668,0.1999999999999993,-0.9999991615146911,0.0012949787313811386,-0.9999991615146911,0.0012949787313811386,-0.7443314083597095,0.38660102526331275,109.0,147.0,,,0.0,6,0.0,0.0,0.80925,0.0,-0.0,18.5,0.48749999999999716,216,8,2014,307
2015-08-05,0.0,14.2,0,0.0,21.1,29.5,24.979166666666668,4.3,2.779166666666667,-0.21375378828213312,-1.0625759591065054,86.0,254.125,600.0,34.083333333333336,1013.4958333333334,1012.6,22.266666666666666,20.7,,,,190.37721676359024,0.320909177653929,0.0,0.0,0.0,0.0,0.0,0.0,,0.4166666666666667,0,0,0.0,0.0,0.0,0.0,0.0,0.0,616.84,0.09166666666669698,-1.9916666666666742,-0.3101190476189686,0.0,,,2.712500000000002,0.40000000000000213,-0.18012802118069993,-0.9836431751328961,-0.18012802118069993,-0.9836431751328961,-0.1838282579226345,-0.9138153248315946,110.0,148.0,,,0.0,6,0.0,0.0,0.7894166666666665,0.0,-0.0,16.675,-0.20416666666666572,217,8,2014,308
2015-08-06,0.0,4.5,0,0.0,21.0,29.3,24.849999999999998,5.7,2.5166666666666666,-0.006685010155958136,0.4174022303143709,86.75,260.0416666666667,600.0,54.458333333333336,1016.4375,1014.1,22.337500000000002,20.3,,,,186.2577742261013,0.06636908933545756,0.0,0.0,0.0,0.0,0.0,0.0,,0.2916666666666667,0,0,0.0,0.0,0.0,0.0,0.0,0.0,616.84,2.941666666666606,1.5083333333333258,2.0136904761903907,0.0,,,2.5124999999999957,0.6999999999999993,-0.1090017532209035,-0.9940415573781457,-0.1090017532209035,-0.9940415573781457,-0.005799246310293683,0.3620964347977168,111.0,149.0,,,0.0,6,0.0,0.0,0.7958611111111112,0.0,-0.0,15.1,-0.12916666666666998,218,8,2014,309
2015-08-07,0.0,0.30000000000000004,0,0.0,20.6,29.9,25.09166666666667,7.8,3.6291666666666664,0.7599736672591605,1.553444650248065,84.25,295.3333333333333,600.0,44.416666666666664,1018.9499999999999,1017.7,21.933333333333334,19.7,,,,78.57423857616044,0.1522545773682553,0.0,0.0,0.0,0.0,0.0,0.0,,0.20833333333333334,0,0,0.0,0.0,0.0,0.0,0.0,0.0,616.84,2.512499999999932,5.545833333333235,3.667857142856974,0.0,,,3.158333333333335,0.9000000000000021,0.9801822045164039,0.1980980715437747,0.9801822045164039,0.1980980715437747,0.6402778146658428,1.3087771178339946,112.0,150.0,,,0.0,6,0.0,0.0,0.8110555555555555,0.0,-0.0,21.775,0.2416666666666707,219,8,2014,310
2015-08-08,0.0,0.0,0,0.0,19.9,30.4,24.974999999999998,6.6,3.3708333333333336,1.0284808240307621,1.7595079611645161,81.41666666666667,304.5416666666667,600.0,33.666666666666664,1016.3791666666666,1014.2,21.108333333333334,19.1,,,,64.7401553324257,0.30967652904113563,0.0,0.0,0.0,0.0,0.0,0.0,,0.4166666666666667,0,0,0.0,0.0,0.0,0.0,0.0,0.0,616.84,-2.5708333333333258,2.883333333333212,0.7958333333332348,0.0,,,3.8666666666666636,0.7999999999999972,0.9043818382681659,0.42672413877198584,0.9043818382681659,0.42672413877198584,0.8373548042317123,1.432532731714777,113.0,151.0,,,0.0,6,0.0,0.0,0.8077500000000001,0.0,-0.0,20.225,-0.1166666666666707,220,8,2014,311
2015-08-09,0.0,0.9,0,0.0,20.5,30.7,25.133333333333336,5.2,3.6666666666666665,1.3603364189532936,-0.07686713722472133,78.125,274.8333333333333,600.0,38.166666666666664,1012.7666666666668,1010.8,20.483333333333334,18.2,,,,104.29749125575307,0.4039931705836912,0.0,0.0,0.0,0.0,0.0,0.0,,0.4166666666666667,0,0,0.0,0.0,0.0,0.0,0.0,0.0,616.84,-3.612499999999841,-3.670833333333235,-2.4279761904761017,0.0,,,4.650000000000002,2.3000000000000007,0.9690265455389968,-0.246956583311234,0.9690265455389968,-0.246956583311234,1.0627628273072607,-0.06005245095681354,114.0,152.0,,,0.0,6,0.0,0.0,0.7769722222222222,0.0,-0.0,22.0,0.15833333333333854,221,8,2014,312
2015-08-10,0.0,0.4,0,0.0,20.2,29.1,24.570833333333336,5.2,2.8249999999999997,0.49551428883985954,0.48155689633614446,82.45833333333333,252.95833333333334,600.0,70.04166666666667,1011.1041666666666,1009.3,21.108333333333334,19.7,,,,71.25651699548693,0.22738360431038962,0.0,0.0,0.0,0.0,0.0,0.0,,0.0,0,0,0.0,0.0,0.0,0.0,0.0,0.0,616.84,-1.6625000000001364,-7.845833333333303,-3.54404761904766,0.0,,,3.462500000000002,0.5,0.9469666848678738,0.3213317565232993,0.9469666848678738,0.3213317565232993,0.4085928240058675,0.3970837907705124,115.0,153.0,,,0.0,6,0.0,0.0,0.7768333333333334,0.0,-0.0,16.95,-0.5625,222,8,2014,313
2015-08-11,0.0,1.9000000000000001,0,0.0,19.4,25.9,22.96666666666667,6.6,3.266666666666667,-1.7156767265819006,1.5767108456197185,89.04166666666667,201.875,600.0,87.29166666666667,1009.9541666666668,1008.6,20.962500000000002,19.3,,,,297.18731589932815,0.6085868561149733,0.0,0.0,0.0,0.0,0.0,0.0,,0.0,0,0,0.0,0.0,0.0,0.0,0.0,0.0,616.84,-1.1499999999998636,-6.424999999999841,-4.201190476190277,0.0,,,2.0041666666666664,0.09999999999999787,-0.8895175435238364,0.4569010174680286,-0.8895175435238364,0.4569010174680286,-1.5276671519606342,1.4039296154538912,116.0,154.0,,,0.0,6,0.0,0.0,0.7647222222222223,0.0,-0.0,19.6,-1.6041666666666679,223,8,2014,314
2015-08-12,0.0,1.7,0,0.0,20.2,26.0,22.620833333333334,4.9,2.841666666666667,-1.2229809760414212,0.8612403636955496,86.5,186.625,600.0,81.79166666666667,1008.9333333333334,1007.9,20.075,18.4,,,,301.81532979792115,0.3759999432012489,0.0,0.0,0.0,0.0,0.0,0.0,,0.0,0,0,0.0,0.0,0.0,0.0,0.0,0.0,616.84,-1.0208333333333712,-3.8333333333333712,-4.570238095238096,0.0,,,2.5458333333333343,1.8000000000000007,-0.8497516726747536,0.5271831700523627,-0.8497516726747536,0.5271831700523627,-1.0578785442758294,0.7449729145966504,117.0,155.0,,,0.0,6,0.0,0.0,0.7460833333333333,0.0,-0.0,17.05,-0.345833333333335,224,8,2014,315
2015-08-13,0.0,12.2,0,0.0,20.4,25.6,22.508333333333336,3.6,2.220833333333333,1.2967413020877872,0.026612514431194136,91.79166666666667,138.75,495.0,90.75,1005.4666666666667,1004.2,21.033333333333335,20.1,,,,84.97280971175712,0.5048534118426427,0.0,0.0,0.0,0.0,0.0,0.0,,0.0,0,0,0.0,0.0,0.0,0.0,0.0,0.0,616.84,-3.466666666666697,-5.637499999999932,-6.469642857142844,0.0,,,1.4750000000000014,0.29999999999999716,0.9961532252841483,0.08762848712598523,0.9961532252841483,0.08762848712598523,1.1903004535414146,0.024428070538300286,118.0,156.0,,,0.0,6,0.0,0.0,0.7318055555555555,0.0,-0.0,13.325,-0.11249999999999716,225,8,2014,316
2015-08-14,0.0,38.6,0,0.0,19.1,22.9,21.479166666666668,5.9,3.704166666666667,-3.1322740730737433,0.984867718840387,97.625,100.66666666666667,399.0,89.625,1007.0333333333333,1004.8,21.095833333333335,19.1,,,,282.5998524796531,0.7908771218047436,0.0,0.0,0.0,0.0,0.0,0.0,,0.0,0,0,0.0,0.0,0.0,0.0,0.0,0.0,616.84,1.566666666666606,-2.920833333333462,-3.200595238095275,0.0,,,0.38333333333333286,0.0,-0.9759173235923556,0.21814072868754578,-0.9759173235923556,0.21814072868754578,-3.057882563838242,0.9614771105179278,119.0,157.0,,,0.0,6,0.0,0.0,0.7258611111111111,0.0,-0.0,22.225,-1.0291666666666686,226,8,2014,317
2015-08-15,0.0,0.1,0,0.0,17.7,26.0,21.912499999999998,5.4,3.8083333333333336,-2.141970381774041,0.290187801370585,85.625,264.0,600.0,41.916666666666664,1010.6958333333333,1009.5,19.1375,17.3,,,,287.0455298937001,0.4926264335860636,0.0,0.0,0.0,0.0,0.0,0.0,,0.16666666666666666,0,0,0.0,0.0,0.0,0.0,0.0,0.0,616.84,3.6625000000000227,1.7624999999999318,1.2738095238095184,0.0,,,2.7749999999999986,0.3999999999999986,-0.9560721218845024,0.29313153660987284,-0.9560721218845024,0.29313153660987284,-1.8340621393940224,0.24847330492356337,120.0,158.0,,,0.0,6,0.0,0.0,0.79475,0.0,-0.0,22.85,0.43333333333333,227,8,2014,318
2015-08-16,0.0,1.5,0,0.0,18.8,26.7,22.675,4.8,2.4499999999999997,1.2847321428747644,-0.4023530101434425,87.70833333333333,208.54166666666666,600.0,77.16666666666667,1011.5,1010.5,20.341666666666665,18.7,,,,108.90836025868387,0.5380182242980983,0.0,0.0,0.0,0.0,0.0,0.0,,0.0,0,0,0.0,0.0,0.0,0.0,0.0,0.0,616.84,0.8041666666666742,6.033333333333303,2.258928571428555,0.0,,,2.3333333333333357,0.10000000000000142,0.9460380846569756,-0.3240554618866361,0.9460380846569756,-0.3240554618866361,1.1268171503130746,-0.35289711931331097,121.0,159.0,,,0.0,6,0.0,0.0,0.7647222222222222,0.0,-0.0,14.7,0.7625000000000028,228,8,2014,319
2015-08-17,0.0,65.4,0,0.0,20.5,24.0,21.6375,8.9,6.370833333333334,1.481541165918486,-4.5404990444979605,97.5,62.5,213.0,99.33333333333333,1008.3541666666666,1005.8,21.2,20.3,,,,158.09709054289974,0.781780476987897,0.0,0.0,0.0,0.0,0.0,0.0,,0.0,0,0,0.0,0.0,0.0,0.0,0.0,0.0,616.84,-3.1458333333333712,1.3208333333333258,-0.49404761904770567,0.0,,,0.4375,0.1999999999999993,0.37303489725416306,-0.9278173125300994,0.37303489725416306,-0.9278173125300994,1.4445026367705238,-4.426986568385511,122.0,160.0,,,0.0,6,0.0,0.0,0.7000000000000001,0.0,-0.0,38.225,-1.0375000000000014,229,8,2014,320
2015-08-18,0.0,0.8,0,0.0,19.3,25.8,22.15416666666667,7.6,5.758333333333333,-4.95494807497491,1.2233727990455,88.04166666666667,237.70833333333334,600.0,67.04166666666667,1012.9416666666666,1010.2,19.895833333333332,19.0,,,,286.90549160248247,0.8809486542702547,0.0,0.0,0.0,0.0,0.0,0.0,,0.0,0,0,0.0,0.0,0.0,0.0,0.0,0.0,616.84,4.587499999999977,2.2458333333332803,3.6666666666666288,0.0,,,2.2583333333333364,0.3000000000000007,-0.9567857168619938,0.29079389953862644,-0.9567857168619938,0.29079389953862644,-4.362418867675827,1.077077801826309,123.0,161.0,,,0.0,6,0.0,0.0,0.7852777777777779,0.0,-0.0,34.55,0.5166666666666693,230,8,2014,321
2015-08-19,0.0,0.2,0,0.0,19.0,25.6,21.941666666666666,6.4,3.025,0.8068512408214578,2.133945365221153,87.25,217.66666666666666,600.0,91.08333333333333,1016.0958333333333,1015.2,19.537499999999998,18.9,,,,14.054121917381696,0.5468919689396919,0.0,0.0,0.0,0.0,0.0,0.0,,0.0,0,0,0.0,0.0,0.0,0.0,0.0,0.0,616.84,3.154166666666697,4.595833333333303,5.797619047619037,0.0,,,2.4041666666666686,0.10000000000000142,0.24283833436319904,0.9700667726315066,0.24283833436319904,0.9700667726315066,0.703977707616722,1.8618673311554559,124.0,162.0,,,0.0,6,0.0,0.0,0.7692777777777778,0.0,-0.0,18.15,-0.21250000000000213,231,8,2014,322
2015-08-20,0.0,4.7,0,0.0,19.5,24.2,21.47083333333333,4.8,2.3000000000000003,-0.3760333280932109,-0.6795078946671698,93.16666666666667,83.29166666666667,285.0,99.33333333333333,1013.475,1012.0,20.275000000000002,19.0,,,,184.33900460414876,0.42465344953302786,0.0,0.0,0.0,0.0,0.0,0.0,,0.0,0,0,0.0,0.0,0.0,0.0,0.0,0.0,616.84,-2.6208333333332803,5.120833333333394,2.0327380952381873,0.0,,,1.1958333333333293,0.5,-0.07565755192091163,-0.9971338600395308,-0.07565755192091163,-0.9971338600395308,-0.3503377173401748,-0.6330748551982466,125.0,163.0,,,0.0,6,0.0,0.0,0.6994166666666667,0.0,-0.0,13.8,-0.470833333333335,232,8,2014,323
2015-08-21,0.0,9.5,0,0.0,19.7,24.2,21.45,4.1,2.475,0.04224499062113907,-2.182377028972943,96.25,65.375,335.0,99.95833333333333,1008.3916666666668,1004.9,20.820833333333333,19.6,,,,177.7779522997618,0.8506372686353812,0.0,0.0,0.0,0.0,0.0,0.0,,0.0,0,0,0.0,0.0,0.0,0.0,0.0,0.0,616.84,-5.0833333333332575,-4.549999999999841,-3.2446428571427077,0.0,,,0.6291666666666664,0.09999999999999787,0.03877232756412251,-0.9992480706087254,0.03877232756412251,-0.9992480706087254,0.040660803472846355,-2.1005378903864576,126.0,164.0,,,0.0,6,0.0,0.0,0.69775,0.0,-0.0,14.850000000000001,-0.02083333333333215,233,8,2014,324
2015-08-22,0.0,18.1,0,0.0,20.1,26.2,22.429166666666664,7.4,5.033333333333333,-3.329558783756313,-0.09793327037981521,94.91666666666667,132.83333333333334,466.0,88.95833333333333,1005.2708333333334,1004.0,21.52916666666667,20.0,,,,265.7206462741823,0.642352773036431,0.0,0.0,0.0,0.0,0.0,0.0,,0.0,0,0,0.0,0.0,0.0,0.0,0.0,0.0,616.84,-3.120833333333394,-10.824999999999932,-5.590476190476238,0.0,,,0.899999999999995,0.10000000000000142,-0.9972120870268737,-0.07461939082776527,-0.9972120870268737,-0.07461939082776527,-3.1603062122487007,-0.09295499580217462,127.0,165.0,,,0.0,6,0.0,0.0,0.7382777777777778,0.0,-0.0,30.2,0.9791666666666643,234,8,2014,325
2015-08-23,0.0,3.2,0,0.0,19.9,24.7,21.795833333333334,6.2,3.5500000000000003,-0.8910307217340079,2.9866996547368276,91.83333333333333,172.20833333333334,580.0,79.95833333333333,1007.8041666666667,1007.0,20.345833333333335,19.8,,,,337.63408686656936,0.7854166144374576,0.0,0.0,0.0,0.0,0.0,0.0,,0.0,0,0,0.0,0.0,0.0,0.0,0.0,0.0,616.84,2.533333333333303,-5.6708333333333485,-2.529166666666697,0.0,,,1.4499999999999993,0.09999999999999787,-0.3805202705728297,0.9247725794394968,-0.3805202705728297,0.9247725794394968,-0.8182632127923972,2.742785849599987,128.0,166.0,,,0.0,6,0.0,0.0,0.75425,0.0,-0.0,21.3,-0.6333333333333293,235,8,2014,326
2015-08-24,0.0,0.7000000000000001,0,0.0,19.6,26.1,22.304166666666664,7.5,3.8000000000000003,1.5665692646599523,2.2272272495397414,87.625,216.83333333333334,600.0,79.70833333333333,1009.1791666666667,1008.0,19.962500000000002,19.3,,,,26.05612034282939,0.37902118444924526,0.0,0.0,0.0,0.0,0.0,0.0,,0.0,0,0,0.0,0.0,0.0,0.0,0.0,0.0,616.84,1.375,0.787499999999909,-1.2720238095237164,0.0,,,2.3416666666666615,0.3000000000000007,0.43925129143427105,0.8983642373632897,0.43925129143427105,0.8983642373632897,1.3727063181582833,1.9516078774091983,129.0,167.0,,,0.0,6,0.0,0.0,0.7699722222222222,0.0,-0.0,22.8,0.5083333333333293,236,8,2014,327
2015-08-25,0.0,5.7,0,0.0,16.7,24.0,20.070833333333333,17.3,8.987499999999999,6.125655689910469,-6.340129193587867,88.20833333333333,148.79166666666666,593.0,92.70833333333333,1006.8249999999999,1002.8,18.0,14.2,,,,140.11029436493868,0.9709823242362593,0.0,0.0,0.0,0.0,0.0,0.0,,0.0,0,0,0.0,0.0,0.0,0.0,0.0,0.0,616.84,-2.3541666666667425,1.5541666666665606,-2.7523809523809177,0.0,,,2.070833333333333,2.5,0.6413117842219981,-0.7672803890482263,0.6413117842219981,-0.7672803890482263,5.403338789808527,-5.592522292843964,130.0,168.0,,,0.0,6,0.0,0.0,0.7265555555555556,0.0,-0.0,53.925,-2.2333333333333307,237,8,2014,328
2015-08-26,0.0,16.2,0,0.0,15.2,24.7,19.529166666666665,16.4,8.4625,3.4475817633693726,-6.527918912128555,88.70833333333333,189.75,600.0,88.66666666666667,1005.5583333333334,1002.6,17.5,14.0,,,,170.55165452142754,0.5838854371471662,0.0,0.0,0.0,0.0,0.0,0.0,,0.0,0,0,0.0,0.0,0.0,0.0,0.0,0.0,616.84,-1.2666666666665378,-2.2458333333332803,-2.5136904761905043,0.0,,,2.029166666666665,1.1999999999999993,0.16415836153421298,-0.9864339979635751,0.16415836153421298,-0.9864339979635751,3.058292322588914,-5.790808068300705,131.0,169.0,,,0.0,6,0.0,0.0,0.7555277777777777,0.0,-0.0,50.775000000000006,-0.5416666666666679,238,8,2014,329
2015-08-27,0.0,5.7,0,0.0,18.3,24.4,20.779166666666665,5.1,3.125,0.32356329910093434,2.3900344160838016,90.66666666666667,190.5,600.0,81.5,1011.1791666666667,1009.8,19.07916666666667,17.7,,,,4.756353147167468,0.6817858645046461,0.0,0.0,0.0,0.0,0.0,0.0,,0.0,0,0,0.0,0.0,0.0,0.0,0.0,0.0,616.84,5.62083333333328,2.0,3.4351190476190823,0.0,,,1.6999999999999957,0.6000000000000014,0.08291870951030547,0.9965563143210451,0.08291870951030547,0.9965563143210451,0.2933640578515138,2.1669645372493136,132.0,170.0,,,0.0,6,0.0,0.0,0.7625555555555555,0.0,-0.0,18.75,1.25,239,8,2014,330
2015-08-28,0.0,21.0,0,0.0,18.1,29.5,21.46666666666667,3.4,2.1458333333333335,-0.25575705179866914,-0.5674676954588506,92.20833333333333,199.04166666666666,600.0,66.875,1012.6458333333334,1011.7,19.979166666666668,18.1,,,,194.1649958277112,0.3865246559851753,0.0,0.0,0.0,0.0,0.0,0.0,,0.0,0,0,0.0,0.0,0.0,0.0,0.0,0.0,616.84,1.466666666666697,5.820833333333439,4.2940476190475465,0.0,,,1.4875000000000007,0.0,-0.24471506907596635,-0.9695950365833899,-0.24471506907596635,-0.9695950365833899,-0.23582931484602285,-0.5232525041876818,133.0,171.0,,,0.0,6,0.0,0.0,0.7733888888888889,0.0,-0.0,12.875,0.6875000000000036,240,8,2014,331
2015-08-29,0.0,30.2,0,0.0,19.1,22.9,20.429166666666667,4.7,2.3583333333333334,0.5815946987558288,-0.92525519584423,94.45833333333333,123.54166666666667,502.0,96.25,1013.2708333333334,1012.1,19.441666666666666,18.9,,,,142.63481046312,0.44489159987706905,0.0,0.0,0.0,0.0,0.0,0.0,,0.0,0,0,0.0,0.0,0.0,0.0,0.0,0.0,616.84,0.625,7.712499999999977,3.77619047619055,0.0,,,0.9875000000000007,0.20000000000000284,0.6068930753349668,-0.7947834894551259,0.6068930753349668,-0.7947834894551259,0.5493646591997766,-0.8739806370745289,134.0,172.0,,,0.0,6,0.0,0.0,0.7305555555555555,0.0,-0.0,14.15,-1.0375000000000014,241,8,2014,332
2015-08-30,0.0,70.1,0,0.0,18.8,21.1,19.616666666666667,4.3,2.2958333333333334,1.1968215282133345,0.405610072113304,99.79166666666667,51.416666666666664,172.0,98.5,1012.6750000000001,1011.9,19.55,18.8,,,,68.54309860938822,0.46858837322810154,0.0,0.0,0.0,0.0,0.0,0.0,,0.0,0,0,0.0,0.0,0.0,0.0,0.0,0.0,616.84,-0.595833333333303,1.495833333333394,2.484523809523921,0.0,,,0.06666666666666643,0.0,0.9306929915839779,0.36580125125054663,0.9306929915839779,0.36580125125054663,1.1943281500295568,0.40476505112973465,135.0,173.0,,,0.0,6,0.0,0.0,0.70025,0.0,-0.0,13.775,-0.8125,242,8,2014,333
2015-08-31,0.0,23.1,0,0.0,18.3,26.3,20.474999999999998,5.3,3.4875000000000003,-2.762673136996318,0.27906082998733744,96.25,112.95833333333333,465.0,99.66666666666667,1016.0208333333334,1014.0,19.770833333333332,18.3,,,,269.50258028828637,0.7548317159334023,0.0,0.0,0.0,0.0,0.0,0.0,,0.0,0,0,0.0,0.0,0.0,0.0,0.0,0.0,616.84,3.345833333333303,3.375,4.85297619047617,0.0,,,0.7041666666666657,0.0,-0.9999623150455474,-0.008681502678068671,-0.9999623150455474,-0.008681502678068671,-2.6590728943589554,0.2685960488628123,136.0,174.0,,,0.0,6,0.0,0.0,0.7294722222222222,0.0,-0.0,20.925,0.8583333333333307,243,8,2014,334
2015-09-01,0.0,27.5,0,0.0,19.1,23.1,20.741666666666667,5.7,3.829166666666667,1.5322556107309027,-3.109868646715531,97.70833333333333,57.041666666666664,223.0,99.70833333333333,1014.3666666666667,1011.6,20.3625,19.1,,,,156.9221426043574,0.8938479896551446,0.0,0.0,0.0,0.0,0.0,0.0,,0.0,0,0,0.0,0.0,0.0,0.0,0.0,0.0,616.84,-1.654166666666697,1.095833333333303,2.1214285714285097,0.0,,,0.37916666666666643,0.0,0.3919816118556335,-0.9199730517613326,0.3919816118556335,-0.9199730517613326,1.4971414196516528,-3.0386008235616333,137.0,175.0,,,0.0,6,0.0,0.0,0.6970555555555555,0.0,-0.0,22.975,0.26666666666666927,244,9,2014,335
2015-09-02,0.0,21.6,0,0.0,18.9,25.7,21.65833333333333,9.3,5.658333333333334,-3.767531436655215,-0.026035347043457984,91.66666666666667,201.66666666666666,600.0,86.66666666666667,1013.5208333333334,1010.6,20.162499999999998,18.7,,,,265.2886039713224,0.4845802256705462,0.0,0.0,0.0,0.0,0.0,0.0,,0.0,0,0,0.0,0.0,0.0,0.0,0.0,0.0,616.84,-0.845833333333303,0.845833333333303,0.1380952380952749,0.0,,,1.4958333333333336,0.1999999999999993,-0.9966210696807201,-0.08213673641226214,-0.9966210696807201,-0.08213673641226214,-3.4535704836006142,-0.023865734789836487,138.0,176.0,,,0.0,6,0.0,0.0,0.7733333333333334,0.0,-0.0,33.95,0.9166666666666643,245,9,2014,336
2015-09-03,0.0,12.3,0,0.0,18.0,24.8,20.466666666666665,4.4,2.65,-1.6479595198514116,-1.16533322465088,93.16666666666667,149.54166666666666,600.0,98.70833333333333,1013.8916666666668,1011.8,19.216666666666665,18.0,,,,241.68551055323175,0.6855535136834656,0.0,0.0,0.0,0.0,0.0,0.0,,0.0,0,0,0.0,0.0,0.0,0.0,0.0,0.0,616.84,0.37083333333339397,-2.129166666666606,0.1214285714286234,0.0,,,1.25,0.0,-0.8803574338748912,-0.47431085652894,-0.8803574338748912,-0.47431085652894,-1.5353489526615653,-1.0857021209664033,139.0,177.0,,,0.0,6,0.0,0.0,0.7435833333333334,0.0,-0.0,15.899999999999999,-1.1916666666666664,246,9,2014,337
2015-09-04,0.0,7.1,0,0.0,17.3,23.3,19.933333333333334,9.1,5.979166666666667,-5.822732692563335,-0.6513450863295867,90.20833333333333,217.08333333333334,600.0,53.958333333333336,1011.9333333333334,1010.7,18.175,17.1,,,,262.7746884090194,0.978662552244656,0.0,0.0,0.0,0.0,0.0,0.0,,0.0,0,0,0.0,0.0,0.0,0.0,0.0,0.0,616.84,-1.9583333333333712,-2.4333333333332803,-1.7351190476190368,0.0,,,1.7583333333333329,0.1999999999999993,-0.9920592359671172,-0.1257715084283386,-0.9920592359671172,-0.1257715084283386,-5.252590116416508,-0.5875675466264813,140.0,178.0,,,0.0,6,0.0,0.0,0.7787499999999999,0.0,-0.0,35.875,-0.5333333333333314,247,9,2014,338
2015-09-05,0.0,0.0,0,0.0,16.5,23.0,19.0,7.0,3.7916666666666665,-0.48328044944152154,1.0376270334504498,86.125,196.25,600.0,94.25,1013.6625,1012.0,16.42083333333333,15.2,,,,297.42229626395886,0.25331992088394323,0.0,0.0,0.0,0.0,0.0,0.0,,0.0,0,0,0.0,0.0,0.0,0.0,0.0,0.0,616.84,1.7291666666666288,0.1416666666666515,-0.06190476190488425,0.0,,,2.5791666666666693,1.3000000000000007,-0.8876362342941932,0.46054523726559593,-0.8876362342941932,0.46054523726559593,-0.41622528708151046,0.8936562825591998,141.0,179.0,,,0.0,6,0.0,0.0,0.7512500000000001,0.0,-0.0,22.75,-0.9333333333333336,248,9,2014,339
2015-09-06,0.0,34.3,0,0.0,16.3,19.8,17.783333333333335,6.8,3.783333333333333,2.895301509704859,-0.6731067716085959,96.83333333333333,50.25,166.0,99.79166666666667,1009.2791666666667,1006.5,17.279166666666665,15.8,,,,108.62913241260858,0.7321738011399895,0.0,0.0,0.0,0.0,0.0,0.0,,0.0,0,0,0.0,0.0,0.0,0.0,0.0,0.0,616.84,-4.383333333333326,-4.612500000000068,-3.9601190476190595,0.0,,,0.50416666666667,0.5,0.9476061105640949,-0.3194411670739829,0.9476061105640949,-0.3194411670739829,2.8036169618975384,-0.6517917238409904,142.0,180.0,,,0.0,6,0.0,0.0,0.6896111111111111,0.0,-0.0,22.7,-1.216666666666665,249,9,2014,340
2015-09-07,0.0,27.7,0,0.0,17.0,21.0,18.720833333333335,4.2,2.8375,1.5586604244332427,1.7368714822028652,98.125,70.70833333333333,314.0,99.58333333333333,1008.5416666666666,1005.7,18.412499999999998,17.0,,,,38.68447263820334,0.8087954742530142,0.0,0.0,0.0,0.0,0.0,0.0,,0.0,0,0,0.0,0.0,0.0,0.0,0.0,0.0,616.84,-0.7375000000000682,-3.391666666666765,-3.6291666666668334,0.0,,,0.3083333333333371,0.0,0.6250311339382805,0.7805998216806275,0.6250311339382805,0.7805998216806275,1.5294355414751195,1.7043051419115616,143.0,181.0,,,0.0,6,0.0,0.0,0.7075555555555555,0.0,-0.0,17.025,0.9375,250,9,2014,341
2015-09-08,0.0,14.3,0,0.0,17.1,20.8,18.879166666666666,7.7,4.4750000000000005,3.200788147895063,-2.79044403369281,98.33333333333333,83.625,303.0,99.91666666666667,1012.4958333333334,1011.6,18.599999999999998,17.0,,,,123.93178704217132,0.9104941109539126,0.0,0.0,0.0,0.0,0.0,0.0,,0.0,0,0,0.0,0.0,0.0,0.0,0.0,0.0,616.84,3.954166666666765,-1.1666666666666288,0.5922619047618127,0.0,,,0.27916666666666856,0.10000000000000142,0.8297027267786741,-0.5582055044300737,0.8297027267786741,-0.5582055044300737,3.1474416787634785,-2.743936633131263,144.0,182.0,,,0.0,6,0.0,0.0,0.7168611111111112,0.0,-0.0,26.85,0.15833333333333144,251,9,2014,342
2015-09-09,0.0,26.4,0,0.0,17.0,24.9,19.604166666666668,14.2,6.6000000000000005,4.69742805141178,-3.2728800828365845,95.125,136.58333333333334,600.0,70.625,1007.3208333333333,1001.7,18.766666666666666,16.9,,,,129.63709870711307,0.856784622356851,0.0,0.0,0.0,0.0,0.0,0.0,,0.0,0,0,0.0,0.0,0.0,0.0,0.0,0.0,616.84,-5.175000000000068,-1.9583333333333712,-3.6970238095237846,0.0,,,0.8375000000000021,0.10000000000000142,0.7701003527028749,-0.6379227592482554,0.7701003527028749,-0.6379227592482554,4.468428433905456,-3.113327178798301,145.0,183.0,,,0.0,6,0.0,0.0,0.7414722222222222,0.0,-0.0,39.6,0.7250000000000014,252,9,2014,343
2015-09-10,0.0,11.4,0,0.0,17.3,24.0,19.629166666666666,5.4,4.179166666666666,-2.8342440410045207,-1.4683227024293222,92.54166666666667,153.5,600.0,63.125,1009.6291666666666,1008.8,18.295833333333334,16.8,,,,239.83230268938277,0.7661557482329693,0.0,0.0,0.0,0.0,0.0,0.0,,0.041666666666666664,0,0,0.0,0.0,0.0,0.0,0.0,0.0,616.84,2.3083333333332803,1.0874999999999773,-0.7797619047620401,0.0,,,1.3333333333333321,0.5,-0.8645582613347126,-0.5025325987017147,-0.8645582613347126,-0.5025325987017147,-2.6228566729462672,-1.3588103008731351,146.0,184.0,,,0.0,6,0.0,0.0,0.7441388888888888,0.0,-0.0,25.074999999999996,0.02499999999999858,253,9,2014,344
2015-09-11,0.0,1.3,0,0.0,14.1,21.9,18.125,10.1,7.216666666666666,-6.897955101555486,-1.0950975832769092,87.625,169.20833333333334,544.0,70.20833333333333,1009.2416666666667,1007.2,15.854166666666666,13.9,,,,258.98472379065174,0.965430063731562,0.0,0.0,0.0,0.0,0.0,0.0,,0.0,0,0,0.0,0.0,0.0,0.0,0.0,0.0,616.84,-0.3874999999999318,-3.2541666666667197,-0.7827380952380736,0.0,,,2.270833333333334,0.1999999999999993,-0.9815762750351068,-0.19107071017873048,-0.9815762750351068,-0.19107071017873048,-6.044333157737994,-0.9595792573463917,147.0,185.0,,,0.0,6,0.0,0.0,0.7382222222222223,0.0,-0.0,43.3,-1.5041666666666664,254,9,2014,345
2015-09-12,0.0,0.2,0,0.0,13.4,24.8,18.833333333333332,5.0,3.220833333333333,-1.0352359893296614,-0.9050891015111858,76.04166666666667,250.41666666666666,600.0,41.291666666666664,1011.3833333333333,1009.4,14.0375,10.5,,,,234.39396494168238,0.3811288904214898,0.0,0.0,0.0,0.0,0.0,0.0,,0.20833333333333334,0,0,0.0,0.0,0.0,0.0,0.0,0.0,616.84,2.1416666666666515,4.0625,1.6845238095238528,0.0,,,4.7958333333333325,2.9000000000000004,-0.8130394405704884,-0.5822086121630522,-0.8130394405704884,-0.5822086121630522,-0.7872107002194301,-0.6882448376074644,148.0,186.0,,,0.0,6,0.0,0.0,0.7537500000000001,0.0,-0.0,19.325,0.7083333333333321,255,9,2014,346
2015-09-13,0.0,10.700000000000001,0,0.0,15.1,21.2,16.962500000000002,7.1,4.8374999999999995,-4.375629188327427,-0.34441074372967523,93.58333333333333,109.54166666666667,433.0,87.29166666666667,1014.9041666666667,1012.4,15.866666666666667,14.9,,,,261.2163900160987,0.8959818395734944,0.0,0.0,0.0,0.0,0.0,0.0,,0.0,0,0,0.0,0.0,0.0,0.0,0.0,0.0,616.84,3.5208333333333712,5.275000000000091,4.401785714285779,0.0,,,1.095833333333335,0.1999999999999993,-0.9882721041018779,-0.15270313766929253,-0.9882721041018779,-0.15270313766929253,-4.094859648743085,-0.3223110543403544,149.0,187.0,,,0.0,6,0.0,0.0,0.7183055555555556,0.0,-0.0,29.025,-1.87083333333333,256,9,2014,347
2015-09-14,0.0,0.5,0,0.0,13.8,19.7,16.183333333333334,8.2,4.954166666666667,0.46116128778807064,2.851992222816327,88.45833333333333,188.5,600.0,82.91666666666667,1022.3249999999999,1019.7,14.15,13.4,,,,346.72520655125527,0.43826984892896553,0.0,0.0,0.0,0.0,0.0,0.0,,0.0,0,0,0.0,0.0,0.0,0.0,0.0,0.0,616.84,7.420833333333235,13.083333333333258,9.853571428571513,0.0,,,2.033333333333333,0.40000000000000036,-0.22962157724159635,0.9732799860600657,-0.22962157724159635,0.9732799860600657,0.40793558915586414,2.522824787099609,150.0,188.0,,,0.0,6,0.0,0.0,0.7538611111111111,0.0,-0.0,29.725,-0.7791666666666686,257,9,2014,348
2015-09-15,0.0,0.2,0,0.0,14.0,22.2,17.474999999999998,7.6,3.5625,2.3974210093555595,1.6241150183358195,86.08333333333333,205.08333333333334,600.0,86.79166666666667,1022.15,1019.8,14.895833333333334,13.5,,,,69.25327587198416,0.7869037071286614,0.0,0.0,0.0,0.0,0.0,0.0,,0.0,0,0,0.0,0.0,0.0,0.0,0.0,0.0,616.84,-0.17499999999995453,10.766666666666652,8.299404761904725,0.0,,,2.579166666666664,0.5,0.9351554646597768,0.3542375712949669,0.9351554646597768,0.3542375712949669,2.063779918886911,1.3980923449507512,151.0,189.0,,,0.0,6,0.0,0.0,0.757,0.0,-0.0,21.375,1.2916666666666643,258,9,2014,349
2015-09-16,0.0,0.1,0,0.0,15.1,22.5,18.5,4.7,2.8000000000000003,1.8938082352568786,-0.36352127384160626,84.75,147.45833333333334,539.0,99.29166666666667,1019.7458333333334,1018.3,15.658333333333333,14.7,,,,110.68097966182093,0.6868517893028402,0.0,0.0,0.0,0.0,0.0,0.0,,0.0,0,0,0.0,0.0,0.0,0.0,0.0,0.0,616.84,-2.4041666666665833,4.841666666666697,4.1202380952381645,0.0,,,2.841666666666667,0.40000000000000036,0.9355613214530225,-0.35316428726737675,0.9355613214530225,-0.35316428726737675,1.6050024793802047,-0.3080842795807613,152.0,190.0,,,0.0,6,0.0,0.0,0.7141388888888889,0.0,-0.0,16.8,1.0250000000000021,259,9,2014,350
2015-09-17,0.0,15.9,0,0.0,15.4,17.8,16.383333333333333,7.1,4.995833333333333,2.488403174754515,-3.913664731078948,95.91666666666667,69.75,294.0,98.16666666666667,1015.7833333333333,1013.0,15.725,14.4,,,,146.68713740283022,0.9304713163461525,0.0,0.0,0.0,0.0,0.0,0.0,,0.0,0,0,0.0,0.0,0.0,0.0,0.0,0.0,616.84,-3.962500000000091,-6.541666666666629,-0.7214285714285325,0.0,,,0.6583333333333332,1.0,0.5492104384603541,-0.8356840876109738,0.5492104384603541,-0.8356840876109738,2.386793378452039,-3.753856754559891,153.0,191.0,,,0.0,6,0.0,0.0,0.6995555555555555,0.0,-0.0,29.974999999999994,-2.116666666666667,260,9,2014,351
2015-09-18,0.0,18.0,0,0.0,14.1,22.9,18.066666666666666,6.3,4.508333333333334,-3.32142310726382,-1.5144564376291891,94.20833333333333,155.0,573.0,85.66666666666667,1011.8833333333333,1010.6,17.029166666666665,14.1,,,,248.32736813150552,0.8154233196322536,0.0,0.0,0.0,0.0,0.0,0.0,,0.0,0,0,0.0,0.0,0.0,0.0,0.0,0.0,616.84,-3.8999999999999773,-10.266666666666652,-4.9988095238094274,0.0,,,1.0375000000000014,0.0,-0.9293090802474246,-0.3693029019242682,-0.9293090802474246,-0.3693029019242682,-3.129057352301457,-1.426744168949832,154.0,192.0,,,0.0,6,0.0,0.0,0.7506944444444444,0.0,-0.0,27.050000000000004,1.6833333333333336,261,9,2014,352
2015-09-19,0.0,2.0,0,0.0,14.8,20.8,17.254166666666666,8.7,5.970833333333332,-4.557689553945349,2.521964935032832,89.41666666666667,176.41666666666666,600.0,83.95833333333333,1012.0708333333333,1011.3,15.358333333333334,14.2,,,,301.07212835375003,0.8316398779229638,0.0,0.0,0.0,0.0,0.0,0.0,,0.0,0,0,0.0,0.0,0.0,0.0,0.0,0.0,616.84,0.1875,-7.675000000000068,-4.909523809523876,0.0,,,1.8958333333333321,0.6000000000000014,-0.8565182519471246,0.5161167349364307,-0.8565182519471246,0.5161167349364307,-4.0753340761528,2.2550569794085242,155.0,193.0,,,0.0,6,0.0,0.0,0.749,0.0,-0.0,35.824999999999996,-0.8125,262,9,2014,353
2015-09-20,0.0,0.0,0,0.0,13.9,21.3,16.791666666666668,7.7,4.616666666666666,1.8758580580109225,3.463529849162691,85.45833333333333,205.29166666666666,600.0,63.083333333333336,1012.7791666666667,1011.0,14.079166666666666,13.5,,,,34.19210358693821,0.7540234280022241,0.0,0.0,0.0,0.0,0.0,0.0,,0.0,0,0,0.0,0.0,0.0,0.0,0.0,0.0,616.84,0.7083333333333712,-3.004166666666606,-3.8976190476190595,0.0,,,2.712500000000002,0.40000000000000036,0.5619693855871816,0.8271580318553194,0.5619693855871816,0.8271580318553194,1.6030770320751673,2.9598748835969495,156.0,194.0,,,0.0,6,0.0,0.0,0.7550555555555555,0.0,-0.0,27.699999999999996,-0.4624999999999986,263,9,2014,354
2015-09-21,0.0,0.1,0,0.0,12.5,21.9,16.875,6.2,3.033333333333333,0.9656133787102464,1.3998972942966441,82.58333333333333,212.08333333333334,600.0,80.25,1015.3833333333333,1013.6,13.637500000000001,11.1,,,,57.86357525099295,0.34368241432327357,0.0,0.0,0.0,0.0,0.0,0.0,,0.0,0,0,0.0,0.0,0.0,0.0,0.0,0.0,616.84,2.6041666666666288,3.5,-0.3017857142857565,0.0,,,3.237499999999999,1.4000000000000004,0.8467839232455042,0.5319370144415145,0.8467839232455042,0.5319370144415145,0.7974357152515451,1.156081848873312,157.0,195.0,,,0.0,6,0.0,0.0,0.75,0.0,-0.0,18.2,0.08333333333333215,264,9,2014,355
2015-09-22,0.0,0.0,0,0.0,12.3,22.7,16.929166666666667,6.9,3.670833333333333,2.228666405556138,0.16361362152067932,78.08333333333333,251.45833333333334,600.0,52.708333333333336,1019.1791666666667,1017.8,12.450000000000001,10.2,,,,105.94141964946881,0.6410794260101562,0.0,0.0,0.0,0.0,0.0,0.0,,0.4166666666666667,0,0,0.0,0.0,0.0,0.0,0.0,0.0,616.84,3.7958333333333485,7.1083333333333485,3.9184523809524308,0.0,,,4.479166666666666,2.1000000000000014,0.9615430106089515,-0.27465439874335457,0.9615430106089515,-0.27465439874335457,1.7402170183384178,0.12775496947073042,158.0,196.0,,,0.0,6,0.0,0.0,0.76125,0.0,-0.0,22.025,0.05416666666666714,265,9,2014,356
2015-09-23,0.0,0.0,0,0.0,12.5,24.6,18.295833333333334,5.2,3.2125,1.2569342386100069,-0.6011723670697929,78.25,231.95833333333334,600.0,69.91666666666667,1016.7375000000001,1014.4,13.991666666666667,11.4,,,,123.12971877360917,0.41746581822418016,0.0,0.0,0.0,0.0,0.0,0.0,,0.16666666666666666,0,0,0.0,0.0,0.0,0.0,0.0,0.0,616.84,-2.441666666666606,3.9583333333333712,1.9065476190477284,0.0,,,4.304166666666667,1.0999999999999996,0.8374353460718802,-0.5465364042307431,0.8374353460718802,-0.5465364042307431,0.9835510417123303,-0.47041737723211297,159.0,197.0,,,0.0,6,0.0,0.0,0.7488055555555556,0.0,-0.0,19.275,1.3666666666666671,266,9,2014,357
2015-09-24,0.0,8.899999999999999,0,0.0,13.9,18.0,15.745833333333332,7.7,5.029166666666667,2.266955309996679,-4.307451605147629,88.16666666666667,60.166666666666664,256.0,100.0,1012.0,1009.9,13.683333333333332,12.6,,,,153.7043340828885,0.9667849675034641,0.0,0.0,0.0,0.0,0.0,0.0,,0.0,0,0,0.0,0.0,0.0,0.0,0.0,0.0,616.84,-4.737500000000068,-3.3833333333333258,-2.2904761904762836,0.0,,,2.0625,1.3000000000000007,0.44300337572231896,-0.8965199435030042,0.44300337572231896,-0.8965199435030042,1.998698931647072,-3.7977364985384936,160.0,198.0,,,0.0,6,0.0,0.0,0.6673333333333334,0.0,-0.0,30.175,-2.5500000000000025,267,9,2014,358
2015-09-25,0.0,30.5,0,0.0,13.9,17.9,15.5875,6.5,4.558333333333333,1.7596124179027328,-3.7972069321783692,99.25,54.0,310.0,97.33333333333333,1007.5958333333333,1006.0,15.479166666666666,13.8,,,,158.14779470421874,0.9027287162266291,0.0,0.0,0.0,0.0,0.0,0.0,,0.0,0,0,0.0,0.0,0.0,0.0,0.0,0.0,616.84,-4.404166666666697,-11.583333333333371,-6.082142857142799,0.0,,,0.10833333333333428,0.09999999999999964,0.37221367513012854,-0.928147068112658,0.37221367513012854,-0.928147068112658,1.7464153247684624,-3.7687278801870314,161.0,199.0,,,0.0,6,0.0,0.0,0.7001666666666667,0.0,-0.0,27.349999999999994,-0.15833333333333144,268,9,2014,359
2015-09-26,0.0,2.4000000000000004,0,0.0,14.6,21.4,17.829166666666666,5.9,4.1375,-2.4991983036519656,1.6330056734196556,93.33333333333333,157.66666666666666,586.0,90.33333333333333,1010.7333333333332,1008.1,16.679166666666667,14.6,,,,304.3321471439234,0.6145122375359227,0.0,0.0,0.0,0.0,0.0,0.0,,0.0,0,0,0.0,0.0,0.0,0.0,0.0,0.0,616.84,3.137499999999932,-6.004166666666833,-2.7535714285714903,0.0,,,1.1499999999999986,0.0,-0.8257819849467232,0.5639894620801438,-0.8257819849467232,0.5639894620801438,-2.3325850834085013,1.5241386285250118,162.0,200.0,,,0.0,6,0.0,0.0,0.7495555555555554,0.0,-0.0,24.825000000000003,2.2416666666666654,269,9,2014,360
2015-09-27,0.0,3.5,0,0.0,14.8,19.7,17.420833333333334,8.0,3.795833333333333,-0.2253505579291498,3.341666979816418,91.95833333333333,162.91666666666666,600.0,69.375,1014.5541666666667,1012.6,16.037499999999998,14.4,,,,6.973925008660466,0.6555106615624184,0.0,0.0,0.0,0.0,0.0,0.0,,0.0,0,0,0.0,0.0,0.0,0.0,0.0,0.0,616.84,3.8208333333334394,2.5541666666666742,0.8136904761904589,0.0,,,1.3833333333333364,0.40000000000000036,0.12141762855422646,0.9926015109177841,0.12141762855422646,0.9926015109177841,-0.20722861722901398,3.0729412601895145,163.0,201.0,,,0.0,6,0.0,0.0,0.7484722222222221,0.0,-0.0,22.775,-0.40833333333333144,270,9,2014,361
2015-09-28,0.0,0.0,0,0.0,10.7,22.1,16.270833333333332,7.4,4.983333333333333,-3.8398537647475557,0.6186512739361147,83.04166666666667,229.75,600.0,35.583333333333336,1018.7416666666667,1016.7,13.0375,10.0,,,,265.5641598657801,0.6603014158793695,0.0,0.0,0.0,0.0,0.0,0.0,,0.3333333333333333,0,0,0.0,0.0,0.0,0.0,0.0,0.0,616.84,4.1875,11.145833333333371,4.521428571428487,0.0,,,3.2333333333333325,0.6999999999999993,-0.9970045672369993,-0.07734269783608472,-0.9970045672369993,-0.07734269783608472,-3.188678563809116,0.5137383287311154,164.0,202.0,,,0.0,6,0.0,0.0,0.7633055555555556,0.0,-0.0,29.9,-1.1500000000000021,271,9,2014,362
2015-09-29,0.0,0.6000000000000001,0,0.0,11.7,18.5,14.783333333333333,9.7,6.925,-4.888097408627326,4.663888403025827,83.16666666666667,219.20833333333334,600.0,59.75,1023.4,1022.0,11.791666666666666,10.1,,,,314.14868235256847,0.9720163880872121,0.0,0.0,0.0,0.0,0.0,0.0,,0.0,0,0,0.0,0.0,0.0,0.0,0.0,0.0,616.84,4.658333333333303,12.666666666666742,8.576785714285734,0.0,,,2.991666666666667,1.5999999999999996,-0.7175347442395353,0.6965227137783122,-0.7175347442395353,0.6965227137783122,-4.06526767817506,3.878800521849813,165.0,203.0,,,0.0,6,0.0,0.0,0.7566944444444444,0.0,-0.0,41.55,-1.487499999999999,272,9,2014,363
2015-09-30,0.0,0.1,0,0.0,9.4,18.2,13.433333333333332,7.0,4.154166666666667,-1.1870785489537816,2.58638989271907,76.95833333333333,222.75,600.0,44.75,1025.2124999999999,1023.1,9.041666666666666,7.1,,,,328.5558547356924,0.5229449712658353,0.0,0.0,0.0,0.0,0.0,0.0,,0.3333333333333333,0,0,0.0,0.0,0.0,0.0,0.0,0.0,616.84,1.8124999999998863,10.65833333333319,9.178571428571445,0.0,,,4.391666666666666,2.3000000000000007,-0.5216671211281679,0.8531491163529675,-0.5216671211281679,0.8531491163529675,-0.9135558666323478,1.990442554938384,166.0,204.0,,,0.0,6,0.0,0.0,0.7383611111111111,0.0,-0.0,24.925,-1.3500000000000014,273,9,2014,364
2015-10-01,0.0,11.100000000000001,0,0.0,9.0,19.6,14.8125,16.3,9.179166666666667,1.59639832909833,-8.734069552279244,87.58333333333333,91.75,365.0,92.83333333333333,1011.2708333333334,997.8,12.620833333333332,7.6,,,,168.04609077172697,0.9721244757295548,0.0,0.0,0.0,0.0,0.0,0.0,,0.041666666666666664,0,0,0.0,0.0,0.0,0.0,0.0,0.0,0.0,0.0,0.0,0.0,0.0,,,2.191666666666668,1.4000000000000004,0.20712476676019825,-0.9783145358188917,0.20712476676019825,-0.9783145358188917,1.3981788699019537,-7.649589249537904,167.0,205.0,,,0.0,0,0.0,0.0,0.6864444444444443,0.0,-0.0,0.0,1.3791666666666682,274,10,2015,0
2015-10-02,0.0,46.1,0,0.0,9.7,19.3,15.3375,17.1,8.766666666666667,-7.009576340170096,-0.8955903794892152,89.45833333333333,141.41666666666666,524.0,55.666666666666664,1008.5083333333333,994.8,13.466666666666667,9.2,,,,261.87591798768966,0.81393968446646,0.0,0.0,0.0,0.0,0.0,0.0,,0.3333333333333333,0,0,0.0,0.0,0.0,0.0,0.0,0.0,0.0,-2.7625000000000455,0.0,-1.3812500000000227,0.0,,,1.8708333333333336,0.5,-0.9899643480151927,-0.1413173367243187,-0.9899643480151927,-0.1413173367243187,-6.270650167643831,-0.801180226984727,168.0,206.0,,,0.0,1,0.0,0.0,0.7258055555555556,0.0,-0.0,8.766666666666667,0.5250000000000004,275,10,2015,1
2015-10-03,0.0,0.0,0,0.0,7.9,21.1,14.083333333333334,9.0,7.095833333333334,-5.5323847013573415,-2.844865927309094,71.95833333333333,222.25,600.0,10.666666666666666,1017.3083333333334,1015.4,8.487499999999999,3.1,,,,239.73024113277063,0.8696178787914463,0.0,0.0,0.0,0.0,0.0,0.0,,0.875,0,0,0.0,0.0,0.0,0.0,0.0,0.0,0.0,8.800000000000068,0.0,4.945833333333326,0.0,,,5.595833333333335,4.800000000000001,-0.8636617237130477,-0.5040718470545713,-0.8636617237130477,-0.5040718470545713,-3.981011824685053,-2.047118106859502,169.0,207.0,,,0.0,2,0.0,0.0,0.721361111111111,0.0,-0.0,14.191666666666668,-1.2541666666666664,276,10,2015,2
2015-10-04,0.0,1.0,0,0.0,9.5,17.1,12.295833333333334,9.4,6.1499999999999995,-2.3236501738990243,2.041857901868391,82.66666666666667,128.83333333333334,517.0,63.125,1023.3958333333334,1020.5,9.391666666666667,6.9,,,,324.29547967539617,0.4680809763564924,0.0,0.0,0.0,0.0,0.0,0.0,,0.08333333333333333,0,0,0.0,0.0,0.0,0.0,0.0,0.0,0.0,6.087499999999977,12.125,8.274999999999977,0.0,,,2.904166666666667,2.5999999999999996,-0.583605278502433,0.8120374861446346,-0.583605278502433,0.8120374861446346,-1.920884143756527,1.6879358655445367,170.0,208.0,,,0.0,3,0.0,0.0,0.6947777777777778,0.0,-0.0,18.45,-1.7874999999999996,277,10,2015,3
2015-10-05,0.0,0.0,0,0.0,8.5,16.0,11.604166666666666,7.6,3.2291666666666665,1.3757501078114478,1.753103165887224,79.83333333333333,164.875,600.0,70.375,1024.3916666666667,1021.8,8.095833333333333,6.5,,,,44.40274104272855,0.6903601312688668,0.0,0.0,0.0,0.0,0.0,0.0,,0.16666666666666666,0,0,0.0,0.0,0.0,0.0,0.0,0.0,0.0,0.9958333333332803,15.883333333333326,7.416666666666629,0.0,,,3.508333333333333,2.0,0.6996975202432686,0.7144392067666925,0.6996975202432686,0.7144392067666925,1.0983071694028057,1.399560694099967,171.0,209.0,,,0.0,4,0.0,0.0,0.7093611111111112,0.0,-0.0,12.916666666666666,-0.6916666666666682,278,10,2015,4
2015-10-06,0.0,1.1,0,0.0,7.5,17.6,11.958333333333334,8.8,3.920833333333333,1.712364130829263,1.6592331870006154,84.66666666666667,192.79166666666666,600.0,31.583333333333332,1020.0708333333333,1017.9,9.258333333333333,6.5,,,,76.75833005556476,0.5310934075786193,0.0,0.0,0.0,0.0,0.0,0.0,,0.4166666666666667,0,0,0.0,0.0,0.0,0.0,0.0,0.0,0.0,-4.320833333333326,2.762499999999932,2.579861111111086,0.0,,,2.700000000000001,1.0,0.9734125709065102,0.22905887191108368,0.9734125709065102,0.22905887191108368,1.449801630768776,1.404817431660521,172.0,210.0,,,0.0,5,0.0,0.0,0.7440833333333333,0.0,-0.0,19.604166666666664,0.35416666666666785,279,10,2015,5
2015-10-07,0.0,0.0,0,0.0,7.4,16.3,11.516666666666666,11.2,5.9875,0.5613643668150408,5.1509673073111335,80.04166666666667,210.54166666666666,600.0,29.0,1016.5416666666666,1013.7,7.8,5.8,,,,26.348513509381046,0.5743802759644979,0.0,0.0,0.0,0.0,0.0,0.0,,0.4583333333333333,0,0,0.0,0.0,0.0,0.0,0.0,0.0,0.0,-3.529166666666697,-6.8541666666667425,-0.8136904761905726,0.0,,,3.716666666666666,1.6000000000000005,0.4438301053187813,0.896110951619675,0.4438301053187813,0.896110951619675,0.4493253952715389,4.122920082226954,173.0,211.0,,,0.0,6,0.0,0.0,0.7404999999999999,0.0,-0.0,35.925,-0.4416666666666682,280,10,2015,6
2015-10-08,0.0,1.0,0,0.0,8.7,14.8,11.420833333333334,14.6,9.216666666666667,-7.147789721628182,4.7502380810433875,82.83333333333333,165.75,595.0,56.083333333333336,1009.2458333333334,1006.6,8.4125,7.5,,,,302.37152353696484,0.9096277717162304,0.0,0.0,0.0,0.0,0.0,0.0,,0.0,0,0,0.0,0.0,0.0,0.0,0.0,0.0,0.0,-7.295833333333235,-15.145833333333258,-7.820238095238096,0.0,,,3.0083333333333346,1.1999999999999993,-0.8445941314341509,0.535407091050345,-0.8445941314341509,0.535407091050345,-5.92075248608201,3.934780543797606,174.0,212.0,,,0.0,6,0.0,0.0,0.7155,0.0,-0.0,55.3,-0.09583333333333144,281,10,2015,7
2015-10-09,0.0,0.0,0,0.0,7.4,19.4,12.808333333333332,7.9,6.108333333333333,-5.391383434342134,-2.152088295732864,78.25,200.54166666666666,600.0,36.5,1009.725,1008.2,8.633333333333333,6.7,,,,249.98150356904918,0.9489495386293414,0.0,0.0,0.0,0.0,0.0,0.0,,0.25,0,0,0.0,0.0,0.0,0.0,0.0,0.0,0.0,0.47916666666662877,-10.345833333333303,-7.5148809523808495,0.0,,,4.174999999999999,0.7000000000000002,-0.9395821596419839,-0.34232348047206107,-0.9395821596419839,-0.34232348047206107,-4.21875753737272,-1.684009091410966,175.0,213.0,,,0.0,6,0.0,0.0,0.727861111111111,0.0,-0.0,36.65,1.3874999999999975,282,10,2015,8
2015-10-10,0.0,0.0,0,0.0,8.3,19.6,13.945833333333333,7.3,3.6916666666666664,-0.7719529347559652,-2.9752085875733356,79.29166666666667,158.91666666666666,600.0,72.0,1013.2624999999999,1011.9,10.079166666666667,7.2,,,,203.0534731484493,0.6152280015350992,0.0,0.0,0.0,0.0,0.0,0.0,,0.041666666666666664,0,0,0.0,0.0,0.0,0.0,0.0,0.0,0.0,3.537499999999909,-3.279166666666697,-3.3994047619048615,0.0,,,3.8666666666666654,1.1000000000000005,-0.391590049270589,-0.920139790092928,-0.391590049270589,-0.920139790092928,-0.6120943478502507,-2.359092475896691,176.0,214.0,,,0.0,6,0.0,0.0,0.7035833333333333,0.0,-0.0,22.15,1.137500000000001,283,10,2015,9
2015-10-11,0.0,14.8,0,0.0,10.3,17.5,13.1625,10.1,6.970833333333334,-4.479661408734723,-2.929572961846304,92.375,117.16666666666667,534.0,91.79166666666667,1011.2833333333333,1008.4,11.883333333333333,9.9,,,,227.55170963504534,0.7263581682653745,0.0,0.0,0.0,0.0,0.0,0.0,,0.0,0,0,0.0,0.0,0.0,0.0,0.0,0.0,0.0,-1.9791666666666288,2.037499999999909,-3.648214285714289,0.0,,,1.2791666666666668,0.40000000000000036,-0.737886758916911,-0.6749245372744248,-0.737886758916911,-0.6749245372744248,-4.1380872263187,-2.7061930235055227,177.0,215.0,,,0.0,6,0.0,0.0,0.7193611111111111,0.0,-0.0,41.825,-0.7833333333333332,284,10,2015,10
2015-10-12,0.0,1.6,0,0.0,8.1,16.7,11.879166666666668,10.0,6.645833333333333,-5.391233113793921,-2.9958638799851687,87.0,142.875,600.0,63.666666666666664,1014.3166666666666,1012.7,9.479166666666666,7.6,,,,237.58831613098448,0.9262603716597071,0.0,0.0,0.0,0.0,0.0,0.0,,0.041666666666666664,0,0,0.0,0.0,0.0,0.0,0.0,0.0,0.0,3.033333333333303,4.591666666666583,0.8244047619047024,0.0,,,2.400000000000002,0.5,-0.8442186410844844,-0.535998960862301,-0.8442186410844844,-0.535998960862301,-4.690372809000711,-2.606401575587097,178.0,216.0,,,0.0,6,0.0,0.0,0.7185833333333332,0.0,-0.0,39.875,-1.2833333333333314,285,10,2015,11
2015-10-13,0.0,3.4,0,0.0,8.9,14.8,11.429166666666667,12.2,8.391666666666667,-8.028900042492312,-1.7118885027641755,87.91666666666667,128.29166666666666,472.0,66.25,1016.225,1014.4,9.379166666666666,8.0,,,,256.12630966146486,0.9780925907894511,0.0,0.0,0.0,0.0,0.0,0.0,,0.0,0,0,0.0,0.0,0.0,0.0,0.0,0.0,0.0,1.9083333333334167,2.962500000000091,3.282142857142844,0.0,,,2.0500000000000007,0.9000000000000004,-0.9708266896008958,-0.2397822736537586,-0.9708266896008958,-0.2397822736537586,-7.058741287357825,-1.5050353086801709,179.0,217.0,,,0.0,6,0.0,0.0,0.7074722222222222,0.0,-0.0,50.35000000000001,-0.45000000000000107,286,10,2015,12
2015-10-14,0.0,0.0,0,0.0,6.6,15.4,10.429166666666667,8.2,4.329166666666667,-3.2883337411425573,1.1979626318782164,85.20833333333333,187.54166666666666,600.0,22.5,1020.9375,1019.2,7.8125,6.2,,,,272.8591495782704,0.7160594719241768,0.0,0.0,0.0,0.0,0.0,0.0,,0.5,0,0,0.0,0.0,0.0,0.0,0.0,0.0,0.0,4.712499999999977,9.654166666666697,7.366666666666674,0.0,,,2.616666666666667,0.39999999999999947,-0.9987551748094903,0.049880865983506606,-0.9987551748094903,0.049880865983506606,-2.801934375265221,1.0207639925795635,180.0,218.0,,,0.0,6,0.0,0.0,0.7423888888888889,0.0,-0.0,25.975,-1.0,287,10,2015,13
2015-10-15,0.0,0.0,0,0.0,4.5,16.8,10.479166666666666,6.3,2.9875000000000003,0.9343642818260403,0.6094952158644754,79.875,201.58333333333334,600.0,40.5,1022.3208333333333,1020.4,6.829166666666667,2.6,,,,120.27029699160812,0.2384674345113617,0.0,0.0,0.0,0.0,0.0,0.0,,0.2916666666666667,0,0,0.0,0.0,0.0,0.0,0.0,0.0,0.0,1.3833333333333258,8.00416666666672,6.882142857142867,0.0,,,3.6499999999999995,1.9,0.8636569894108995,-0.5040799585796895,0.8636569894108995,-0.5040799585796895,0.7463234701085497,0.48683430367174974,181.0,219.0,,,0.0,6,0.0,0.0,0.7339722222222221,0.0,-0.0,17.925,0.049999999999998934,288,10,2015,14
2015-10-16,0.0,0.0,0,0.0,5.9,19.1,12.5,6.1,3.1208333333333336,2.017917762830394,-0.12019879535458135,80.08333333333333,188.16666666666666,600.0,15.666666666666666,1020.1,1018.2,8.783333333333333,4.3,,,,112.03348597077037,0.6852825981036487,0.0,0.0,0.0,0.0,0.0,0.0,,0.5833333333333334,0,0,0.0,0.0,0.0,0.0,0.0,0.0,0.0,-2.220833333333303,3.875,3.1791666666666742,0.0,,,3.716666666666667,1.6000000000000005,0.9269647609863979,-0.3751484131506225,0.9269647609863979,-0.3751484131506225,1.6160158084000071,-0.09625920194646057,182.0,220.0,,,0.0,6,0.0,0.0,0.7257222222222222,0.0,-0.0,18.725,2.020833333333334,289,10,2015,15
2015-10-17,0.0,0.0,0,0.0,7.5,19.2,13.358333333333334,4.0,2.4250000000000003,1.888583804409734,-0.6879912421795037,88.79166666666667,172.16666666666666,600.0,40.041666666666664,1019.6916666666666,1018.6,11.370833333333332,7.4,,,,113.70882023460588,0.7707862852220706,0.0,0.0,0.0,0.0,0.0,0.0,,0.25,0,0,0.0,0.0,0.0,0.0,0.0,0.0,0.0,-0.4083333333334167,-1.245833333333394,1.8523809523810542,0.0,,,1.9875000000000025,0.09999999999999964,0.915600705791272,-0.4020887309469449,0.915600705791272,-0.4020887309469449,1.6769050363321432,-0.6108788904518844,183.0,221.0,,,0.0,6,0.0,0.0,0.7440833333333333,0.0,-0.0,14.55,0.8583333333333343,290,10,2015,16
2015-10-18,0.0,0.0,0,0.0,9.0,20.9,14.441666666666668,6.3,3.6624999999999996,-1.9253875925268409,0.2790947221865159,84.375,193.58333333333334,600.0,39.583333333333336,1019.1666666666666,1017.3,11.424999999999999,8.2,,,,261.99685281304073,0.537130304535414,0.0,0.0,0.0,0.0,0.0,0.0,,0.4583333333333333,0,0,0.0,0.0,0.0,0.0,0.0,0.0,0.0,-0.5249999999999773,-3.154166666666697,0.20119047619050434,0.0,,,3.0166666666666693,0.8000000000000007,-0.9902604226397753,-0.13922749496164033,-0.9902604226397753,-0.13922749496164033,-1.624545781194522,0.23548617184487278,184.0,222.0,,,0.0,6,0.0,0.0,0.7436388888888888,0.0,-0.0,21.974999999999998,1.083333333333334,291,10,2015,17
2015-10-19,0.0,0.0,0,0.0,10.4,20.1,14.366666666666667,5.1,2.3333333333333335,0.49514509666232903,-0.13656901128226576,82.20833333333333,192.08333333333334,600.0,35.416666666666664,1017.8916666666668,1015.6,10.970833333333333,9.3,,,,127.3443351196006,0.3489205226508432,0.0,0.0,0.0,0.0,0.0,0.0,,0.20833333333333334,0,0,0.0,0.0,0.0,0.0,0.0,0.0,0.0,-1.2749999999998636,-2.2083333333332575,-1.5845238095237164,0.0,,,3.395833333333334,1.0999999999999996,0.7950043326802563,-0.6066037512409732,0.7950043326802563,-0.6066037512409732,0.407050531547823,-0.11227110802496262,185.0,223.0,,,0.0,6,0.0,0.0,0.7354166666666666,0.0,-0.0,14.0,-0.07500000000000107,292,10,2015,18
2015-10-20,0.0,0.0,0,0.0,9.1,19.8,13.795833333333334,7.9,5.15,-2.6255806583435413,0.7129746963406967,82.16666666666667,184.875,600.0,59.291666666666664,1016.975,1015.7,10.383333333333333,8.2,,,,283.734655880815,0.4647903647672035,0.0,0.0,0.0,0.0,0.0,0.0,,0.125,0,0,0.0,0.0,0.0,0.0,0.0,0.0,0.0,-0.9166666666667425,-2.7166666666665833,-2.608333333333235,0.0,,,3.4125000000000014,0.9000000000000004,-0.9714056885459147,0.23742575315377526,-0.9714056885459147,0.23742575315377526,-2.1573521076056097,0.585827542159939,186.0,224.0,,,0.0,6,0.0,0.0,0.7304722222222223,0.0,-0.0,30.900000000000002,-0.5708333333333329,293,10,2015,19
2015-10-21,0.0,0.0,0,0.0,10.5,20.9,14.658333333333333,5.1,3.3166666666666664,0.39064378952453177,-0.055626377177301935,84.08333333333333,188.0,600.0,47.75,1019.0958333333333,1016.8,11.641666666666666,10.2,,,,114.15893925657859,0.04829881355097145,0.0,0.0,0.0,0.0,0.0,0.0,,0.4166666666666667,0,0,0.0,0.0,0.0,0.0,0.0,0.0,0.0,2.1208333333332803,-0.07083333333332575,-0.2244047619047933,0.0,,,3.0166666666666675,0.3000000000000007,0.9124136512843215,-0.40926926216124815,0.9124136512843215,-0.40926926216124815,0.3284663196918771,-0.04677251214324804,187.0,225.0,,,0.0,6,0.0,0.0,0.7389444444444444,0.0,-0.0,19.9,0.8624999999999989,294,10,2015,20
2015-10-22,0.0,0.0,0,0.0,9.3,17.2,12.708333333333334,7.7,5.220833333333333,-2.2797012353385995,0.6304979799971188,86.41666666666667,127.41666666666667,472.0,50.833333333333336,1020.2666666666668,1019.2,10.325000000000001,8.7,,,,306.8785716145317,0.3033193241071721,0.0,0.0,0.0,0.0,0.0,0.0,,0.375,0,0,0.0,0.0,0.0,0.0,0.0,0.0,0.0,1.1708333333334622,2.375,1.2398809523810996,0.0,,,2.383333333333333,0.6000000000000014,-0.7999091572451682,0.6001211045741723,-0.7999091572451682,0.6001211045741723,-1.97004181753844,0.5448553377141768,188.0,226.0,,,0.0,6,0.0,0.0,0.7063333333333334,0.0,-0.0,31.325,-1.9499999999999993,295,10,2015,21
2015-10-23,0.0,0.0,0,0.0,9.4,19.0,13.112499999999999,5.4,2.5833333333333335,-0.8254168287210928,-0.10767923816449183,85.875,145.125,561.0,53.833333333333336,1020.2666666666668,1017.8,10.5875,9.3,,,,226.4140385505074,0.1700661209541344,0.0,0.0,0.0,0.0,0.0,0.0,,0.08333333333333333,0,0,0.0,0.0,0.0,0.0,0.0,0.0,0.0,0.0,3.2916666666667425,1.2160714285714675,0.0,,,2.5249999999999986,0.09999999999999964,-0.7243408095399316,-0.6894420872234567,-0.7243408095399316,-0.6894420872234567,-0.7088267016642384,-0.09246954577375735,189.0,227.0,,,0.0,6,0.0,0.0,0.7163333333333334,0.0,-0.0,15.5,0.404166666666665,296,10,2015,22
2015-10-24,0.0,9.7,0,0.0,7.7,20.2,13.258333333333333,12.1,7.816666666666666,-5.52232600799654,-1.2459405434113984,81.25,168.04166666666666,600.0,39.375,1015.2875,1012.1,9.612499999999999,6.4,,,,244.70136825303575,0.7187094726421879,0.0,0.0,0.0,0.0,0.0,0.0,,0.3333333333333333,0,0,0.0,0.0,0.0,0.0,0.0,0.0,0.0,-4.9791666666667425,-3.8083333333332803,-3.133928571428669,0.0,,,3.645833333333334,1.2999999999999998,-0.9040927549311942,-0.4273362733034999,-0.9040927549311942,-0.4273362733034999,-4.486889881497189,-1.0123266915217612,190.0,228.0,,,0.0,6,0.0,0.0,0.7161944444444445,0.0,-0.0,46.9,0.14583333333333393,297,10,2015,23
2015-10-25,0.0,1.2,0,0.0,5.0,9.8,7.241666666666667,14.1,9.975,-7.9158246797150795,5.65635419783339,80.58333333333333,145.54166666666666,569.0,68.04166666666667,1022.4791666666666,1018.8,3.9,1.2,,,,303.18771104717615,0.9692018599368758,0.0,0.0,0.0,0.0,0.0,0.0,,0.0,0,0,0.0,0.0,0.0,0.0,0.0,0.0,0.0,7.191666666666606,2.2124999999998636,3.5845238095237164,0.0,,,3.3416666666666672,3.8,-0.8368817370435434,0.5473837394396929,-0.8368817370435434,0.5473837394396929,-6.378835387737067,4.558078757754073,191.0,229.0,,,0.0,6,0.0,0.0,0.5834166666666666,0.0,-0.0,59.849999999999994,-6.016666666666666,298,10,2015,24
2015-10-26,0.0,0.0,0,0.0,3.9,15.0,8.720833333333333,5.0,3.591666666666667,-1.3753925512444172,0.5239848639090909,79.375,173.75,600.0,47.666666666666664,1023.3874999999999,1019.5,5.041666666666667,3.0,,,,287.995509660975,0.3493135101965973,0.0,0.0,0.0,0.0,0.0,0.0,,0.2916666666666667,0,0,0.0,0.0,0.0,0.0,0.0,0.0,0.0,0.908333333333303,3.1208333333331666,3.7077380952379144,0.0,,,3.6791666666666663,0.8999999999999999,-0.9510807314072421,0.308942457985084,-0.9510807314072421,0.308942457985084,-1.091717837550256,0.4159129857278409,192.0,230.0,,,0.0,6,0.0,0.0,0.71375,0.0,-0.0,21.55,1.479166666666666,299,10,2015,25
2015-10-27,0.0,1.9,0,0.0,4.6,19.7,12.5375,10.5,7.2625,-0.3338405202743642,-7.174929833061733,67.95833333333333,173.83333333333334,600.0,55.333333333333336,1013.3708333333334,1008.8,6.1000000000000005,1.0,,,,182.81579240896642,0.9902227409596438,0.0,0.0,0.0,0.0,0.0,0.0,,0.3333333333333333,0,0,0.0,0.0,0.0,0.0,0.0,0.0,0.0,-10.016666666666538,-1.9166666666666288,-5.79404761904766,0.0,,,6.437499999999999,3.5999999999999996,-0.04912506840600674,-0.998792634961885,-0.04912506840600674,-0.998792634961885,-0.2268724535697867,-4.875962732384869,193.0,231.0,,,0.0,6,0.0,0.0,0.67575,0.0,-0.0,43.575,3.8166666666666664,300,10,2015,26
2015-10-28,0.0,12.1,0,0.0,8.5,14.1,11.9,9.2,6.995833333333334,-6.211084395661626,0.2823033067998282,93.16666666666667,87.875,357.0,82.375,1013.0625,1008.7,10.791666666666666,8.1,,,,271.13176486320856,0.8852747826715505,0.0,0.0,0.0,0.0,0.0,0.0,,0.0,0,0,0.0,0.0,0.0,0.0,0.0,0.0,0.0,-0.30833333333339397,-9.416666666666629,-5.240476190476329,0.0,,,1.1083333333333343,0.40000000000000036,-0.9998049153801395,0.01975173870099079,-0.9998049153801395,0.01975173870099079,-5.786660295291415,0.26301258083517326,194.0,232.0,,,0.0,6,0.0,0.0,0.6824722222222223,0.0,-0.0,41.975,-0.6374999999999993,301,10,2015,27
2015-10-29,0.0,0.1,0,0.0,6.7,14.8,9.970833333333333,10.9,7.495833333333334,-6.861175906004449,-2.2896375969460903,83.66666666666667,129.625,502.0,59.666666666666664,1019.5166666666668,1017.8,7.0249999999999995,5.6,,,,249.60493123862287,0.9639937577936767,0.0,0.0,0.0,0.0,0.0,0.0,,0.0,0,0,0.0,0.0,0.0,0.0,0.0,0.0,0.0,6.454166666666765,-3.8708333333331666,1.3208333333334394,0.0,,,2.9458333333333337,1.1000000000000005,-0.9373119863443197,-0.3484913775909899,-0.9373119863443197,-0.3484913775909899,-5.740517174690389,-1.9156634561115624,195.0,233.0,,,0.0,6,0.0,0.0,0.6941944444444443,0.0,-0.0,44.975,-1.9291666666666671,302,10,2015,28
2015-10-30,0.0,4.3,0,0.0,4.8,12.3,7.8374999999999995,11.6,7.908333333333332,-7.1916601053621,-2.300271770396591,90.29166666666667,117.875,465.0,85.0,1021.9333333333334,1020.5,6.229166666666667,4.7,,,,251.17185213335213,0.9544979265316975,0.0,0.0,0.0,0.0,0.0,0.0,,0.0,0,0,0.0,0.0,0.0,0.0,0.0,0.0,0.0,2.4166666666666288,8.5625,3.4994047619047706,0.0,,,1.6083333333333325,0.09999999999999964,-0.9464908254666738,-0.32273071949756255,-0.9464908254666738,-0.32273071949756255,-6.493469770133197,-2.076953719353922,196.0,234.0,,,0.0,6,0.0,0.0,0.652888888888889,0.0,-0.0,47.449999999999996,-2.1333333333333337,303,10,2015,29
2015-10-31,0.14,2.4,2,0.07,4.3,10.0,6.4875,7.9,5.529166666666666,-5.4232012682387785,0.15272636313281104,89.70833333333333,124.75,500.0,73.54166666666667,1026.3708333333334,1024.9,4.8125,3.5,,,,270.156070357672,0.9819791355649772,5.05,5.95,6.5,100.0,-5.95,-1.0929972682390127e-15,270.0,0.0,0,2,0.14,0.14,0.14,0.14,0.14,0.0,0.14,4.4375,13.308333333333394,6.353571428571513,0.0,,,1.6749999999999998,0.7999999999999998,-0.9999962900733571,0.002723938237598893,-1.0,-1.8369701987210297e-16,-4.865063471049204,0.13700827492705922,0.0,235.0,1.0,1.0,1.106,0,0.016036453125000006,0.14,0.6044166666666666,0.8330000000000001,0.0,0.0,-1.3499999999999996,304,10,2015,30
2015-11-01,0.0,0.0,0,0.0,2.8,12.5,7.333333333333333,3.6,2.345833333333333,1.016758473786096,-0.4924007179462779,80.75,133.45833333333334,521.0,63.208333333333336,1026.6791666666666,1024.0,3.9791666666666665,2.1,,,,125.27772382632561,0.4191034197554681,0.0,0.0,0.0,0.0,0.0,0.0,,0.0,0,0,0.14,0.14,0.14,0.14,0.14,0.0,0.14,0.3083333333331666,7.162499999999795,6.061904761904657,0.0,,,3.3541666666666665,0.6999999999999997,0.8163621951449358,-0.5775402724816181,0.8163621951449358,-0.5775402724816181,0.8210324675822724,-0.39761357974161937,1.0,236.0,0.0,1.0,0.0,1,0.0,0.07,0.6359166666666667,0.0,-0.0,2.345833333333333,0.8458333333333332,305,11,2015,31
2015-11-02,0.35000000000000003,19.0,3,0.14,6.8,11.5,8.8375,7.6,4.929166666666666,-2.5330052092959394,-2.776734626957207,92.83333333333333,36.375,153.0,97.33333333333333,1019.8541666666666,1016.5,7.670833333333333,3.8,,,,215.23650675122798,0.7738988307050932,7.733333333333333,3.966666666666667,4.3,78.0,0.009226498924307408,-3.955019205230922,179.66717930710004,0.0,0,3,0.35000000000000003,0.49000000000000005,0.49000000000000005,0.49000000000000005,0.49000000000000005,0.0,0.49000000000000005,-6.824999999999932,-2.079166666666765,-0.25833333333332575,0.0,,,1.166666666666667,3.0,-0.5769528536270289,-0.8167774511405345,0.0058087842427357065,-0.9999831288704931,-2.351473169296397,-2.5777353120252737,0.0,237.0,0.7142857142857143,1.0,2.66,0,0.01884993055555555,0.49000000000000005,0.5892499999999999,1.3883333333333334,0.0,0.0,1.5041666666666673,306,11,2015,32
2015-11-03,0.0,2.6,0,0.0,4.0,12.6,8.233333333333333,8.2,5.658333333333334,-4.4904261006731545,-0.28030668909916806,92.54166666666667,131.66666666666666,540.0,62.125,1026.0583333333334,1019.7,7.008333333333333,4.0,,,,260.67894526259477,0.7380254172202176,0.0,0.0,0.0,0.0,0.0,0.0,,0.0,0,0,0.35000000000000003,0.35000000000000003,0.49000000000000005,0.49000000000000005,0.49000000000000005,0.0,0.49000000000000005,6.204166666666765,-0.3125,4.133333333333326,0.0,,,1.2249999999999996,0.0,-0.9867962644949978,-0.16196645448585423,-0.9867962644949978,-0.16196645448585423,-4.155515153997949,-0.2594004818705218,1.0,238.0,0.0,0.7142857142857143,0.0,1,0.0,0.17500000000000002,0.67625,0.0,-0.0,5.658333333333334,-0.6041666666666679,307,11,2015,33
2015-11-04,0.0,0.0,0,0.0,4.0,17.3,10.174999999999999,4.7,3.1041666666666665,0.44336948216902927,-1.924495395439002,71.25,161.5,600.0,3.7083333333333335,1030.7833333333333,1029.2,4.45,1.9,,,,171.77328145546312,0.5703644726421143,0.0,0.0,0.0,0.0,0.0,0.0,,0.9166666666666666,0,0,0.0,0.35000000000000003,0.49000000000000005,0.49000000000000005,0.49000000000000005,0.0,0.49000000000000005,4.724999999999909,4.1041666666667425,6.326785714285734,0.0,,,5.724999999999999,2.1,0.14309047713900616,-0.9897096116296595,0.14309047713900616,-0.9897096116296595,0.3159007560454334,-1.371202969250289,2.0,239.0,0.0,0.7142857142857143,0.0,2,0.0,0.11666666666666668,0.6785,0.0,-0.0,6.208333333333333,1.9416666666666664,308,11,2015,34
2015-11-05,0.0,0.0,0,0.0,4.2,18.4,10.870833333333332,4.7,3.095833333333333,-0.44419336318657526,-1.2833063029208962,71.83333333333333,165.58333333333334,600.0,25.958333333333332,1027.5249999999999,1025.4,5.454166666666667,1.5,,,,193.82274663100824,0.48625844163805765,0.0,0.0,0.0,0.0,0.0,0.0,,0.625,0,0,0.0,0.0,0.49000000000000005,0.49000000000000005,0.49000000000000005,0.0,0.49000000000000005,-3.2583333333334394,7.670833333333235,1.924404761904725,0.0,,,5.416666666666665,2.7,-0.23891898258050048,-0.9710395047384522,-0.23891898258050048,-0.9710395047384522,-0.31907889922235655,-0.9218416942648437,3.0,240.0,,0.0,0.0,3,0.0,0.0,0.6831666666666667,0.0,-0.0,9.2875,0.6958333333333329,309,11,2015,35
2015-11-06,0.0,0.0,0,0.0,6.2,17.9,11.2875,6.4,3.0375,-0.5230758159958868,0.3079579408396652,79.125,135.20833333333334,562.0,22.458333333333332,1026.2083333333333,1025.0,7.433333333333334,3.6,,,,260.1346353570449,0.05557450666452015,0.0,0.0,0.0,0.0,0.0,0.0,,0.5416666666666666,0,0,0.0,0.0,0.49000000000000005,0.49000000000000005,0.49000000000000005,0.0,0.49000000000000005,-1.316666666666606,0.14999999999986358,-0.002976190476147167,0.0,,,3.854166666666666,2.6,-0.9852130774745443,-0.17133356931184723,-0.9852130774745443,-0.17133356931184723,-0.4138837394067455,0.24367172068938509,4.0,241.0,,0.0,0.0,4,0.0,0.0,0.6872222222222222,0.0,-0.0,12.15,0.41666666666666785,310,11,2015,36
2015-11-07,0.0,0.0,0,0.0,7.4,16.6,11.762500000000001,6.0,3.0583333333333336,1.799959735277789,-0.2324711084736154,86.91666666666667,106.91666666666667,423.0,92.33333333333333,1027.2458333333334,1025.4,9.475,7.3,,,,95.92982168413732,0.6422834919461705,0.0,0.0,0.0,0.0,0.0,0.0,,0.0,0,0,0.0,0.0,0.35000000000000003,0.49000000000000005,0.49000000000000005,0.0,0.49000000000000005,1.0375000000001364,-3.537499999999909,0.9095238095239893,0.0,,,2.2875000000000014,0.10000000000000053,0.9946491802483934,-0.10331025230440075,0.9946491802483934,-0.10331025230440075,1.5644650032456116,-0.2020561384483174,5.0,242.0,,0.0,0.0,5,0.0,0.0,0.6943333333333334,0.0,-0.0,15.291666666666668,0.4750000000000014,311,11,2015,37
2015-11-08,0.0,24.6,0,0.0,10.7,14.5,12.533333333333333,8.1,6.708333333333333,2.323943278832861,-6.1361013216159845,98.20833333333333,33.5,162.0,98.66666666666667,1019.85,1013.1,12.245833333333332,10.2,,,,159.13824918166532,0.9790277692242724,0.0,0.0,0.0,0.0,0.0,0.0,,0.0,0,0,0.0,0.0,0.35000000000000003,0.49000000000000005,0.49000000000000005,0.0,0.49000000000000005,-7.395833333333371,-7.674999999999841,-5.5107142857142435,0.0,,,0.2875000000000014,0.5,0.35611426911115573,-0.9344424152056815,0.35611426911115573,-0.9344424152056815,2.282305961753772,-6.026162839603697,6.0,243.0,,0.0,0.0,6,0.0,0.0,0.6719166666666667,0.0,-0.0,40.25,0.7708333333333321,312,11,2015,38
2015-11-09,0.0,15.9,0,0.0,12.1,17.9,14.404166666666667,10.2,5.879166666666666,-5.038063612060488,-0.4220024902336063,97.83333333333333,50.541666666666664,233.0,99.91666666666667,1013.0,1011.9,14.029166666666667,12.1,,,,275.22292651232027,0.8561006911161727,0.0,0.0,0.0,0.0,0.0,0.0,,0.0,0,0,0.0,0.0,0.0,0.49000000000000005,0.49000000000000005,0.0,0.49000000000000005,-6.850000000000023,-13.208333333333258,-11.381547619047751,0.0,,,0.375,0.0,-0.9958480528852056,0.0910310692277347,-0.9958480528852056,0.0910310692277347,-4.92890556713251,-0.4128591029452115,7.0,244.0,,,0.0,6,0.0,0.0,0.693138888888889,0.0,-0.0,35.275,1.8708333333333336,313,11,2015,39
2015-11-10,0.0,12.5,0,0.0,7.3,13.2,10.754166666666668,8.5,7.079166666666667,-1.680713809713671,6.813895077784514,98.25,35.5,205.0,97.54166666666667,1018.2583333333333,1013.3,10.487499999999999,7.0,,,,345.46873617204716,0.9902230938435457,0.0,0.0,0.0,0.0,0.0,0.0,,0.0,0,0,0.0,0.0,0.0,0.49000000000000005,0.49000000000000005,0.0,0.49000000000000005,5.258333333333326,-8.987500000000068,-5.0089285714284415,0.0,,,0.26666666666666927,0.2999999999999998,-0.25090824303401194,0.968010874720726,-0.25090824303401194,0.968010874720726,-1.6513013180436817,6.694651913923285,8.0,245.0,,,0.0,6,0.0,0.0,0.6445,0.0,-0.0,42.475,-3.6499999999999986,314,11,2015,40
2015-11-11,0.0,2.7,0,0.0,6.1,8.7,7.154166666666666,6.2,3.9,-0.5342625639098499,3.4953101394990047,91.29166666666667,56.75,280.0,98.83333333333333,1028.8999999999999,1024.7,5.7875000000000005,4.9,,,,0.2722854658687565,0.6582047579549387,0.0,0.0,0.0,0.0,0.0,0.0,,0.0,0,0,0.0,0.0,0.0,0.49000000000000005,0.49000000000000005,0.0,0.49000000000000005,10.641666666666538,9.04999999999984,5.901785714285666,0.0,,,1.3666666666666654,1.1999999999999993,0.004752259997067763,0.9999887079487049,0.004752259997067763,0.9999887079487049,-0.4877371989693672,3.190926881517633,9.0,246.0,,,0.0,6,0.0,0.0,0.5354722222222222,0.0,-0.0,23.4,-3.6000000000000023,315,11,2015,41
2015-11-12,0.0,0.0,0,0.0,4.3,13.0,7.75,5.6,2.558333333333333,1.6021245993942763,0.47086938876308126,80.58333333333333,128.25,541.0,36.458333333333336,1031.3208333333334,1029.1,4.341666666666667,2.3,,,,95.0704797896527,0.6331163895748793,0.0,0.0,0.0,0.0,0.0,0.0,,0.4166666666666667,0,0,0.0,0.0,0.0,0.49000000000000005,0.49000000000000005,0.0,0.49000000000000005,2.420833333333576,18.32083333333344,7.780357142857156,0.0,,,3.408333333333333,2.0,0.9960867337581079,-0.08838109996545802,0.9960867337581079,-0.08838109996545802,1.291045406345221,0.3794422491115829,10.0,247.0,,,0.0,6,0.0,0.0,0.6429999999999999,0.0,-0.0,15.349999999999998,0.5958333333333341,316,11,2015,42
2015-11-13,0.0,0.7999999999999999,0,0.0,3.3,14.9,8.895833333333334,7.9,3.795833333333333,2.3189762219655132,-2.9300849784794707,75.08333333333333,112.83333333333333,504.0,80.5,1027.95,1024.4,4.370833333333334,1.8,,,,140.12440637388758,0.9809576884599159,0.0,0.0,0.0,0.0,0.0,0.0,,0.16666666666666666,0,0,0.0,0.0,0.0,0.49000000000000005,0.49000000000000005,0.0,0.49000000000000005,-3.370833333333394,9.69166666666672,4.160714285714221,0.0,,,4.525,1.4999999999999998,0.6411227828289535,-0.7674383215201457,0.6411227828289535,-0.7674383215201457,1.741164646659106,-2.2000054713416692,11.0,248.0,,,0.0,6,0.0,0.0,0.6566111111111111,0.0,-0.0,22.775,1.145833333333334,317,11,2015,43
2015-11-14,0.0,36.2,0,0.0,7.5,12.4,9.741666666666667,15.1,11.504166666666668,6.517056546498158,-9.407587007124027,97.0,63.0,309.0,99.08333333333333,1018.5458333333332,1014.6,9.258333333333333,7.4,,,,145.28584573651304,0.9944894183984175,0.0,0.0,0.0,0.0,0.0,0.0,,0.0,0,0,0.0,0.0,0.0,0.35000000000000003,0.49000000000000005,0.0,0.49000000000000005,-9.40416666666681,-10.354166666666629,-4.000595238095457,0.0,,,0.4833333333333343,0.09999999999999964,0.5694826072893143,-0.8220033819851136,0.5694826072893143,-0.8220033819851136,6.321544850103213,-9.125359396910307,12.0,249.0,,,0.0,6,0.0,0.0,0.640888888888889,0.0,-0.0,69.025,0.8458333333333332,318,11,2015,44
2015-11-15,0.0,33.5,0,0.0,10.4,16.0,12.299999999999999,9.9,6.516666666666667,-4.653539527219421,-0.704383302858743,97.04166666666667,64.25,360.0,94.83333333333333,1015.3458333333333,1012.4,11.804166666666667,10.2,,,,255.38819613490273,0.6983293988456586,0.0,0.0,0.0,0.0,0.0,0.0,,0.0,0,0,0.0,0.0,0.0,0.35000000000000003,0.49000000000000005,0.0,0.49000000000000005,-3.199999999999932,-15.975000000000136,-6.557142857142821,0.0,,,0.4958333333333318,0.20000000000000107,-0.9676572195470815,-0.25226871676530027,-0.9676572195470815,-0.25226871676530027,-4.515872316205847,-0.6835452968158385,13.0,250.0,,,0.0,6,0.0,0.0,0.6996388888888889,0.0,-0.0,39.1,2.558333333333332,319,11,2015,45
2015-11-16,0.0,0.1,0,0.0,9.7,18.1,12.679166666666667,5.2,3.1916666666666664,0.14694244654195232,-0.8755961883581831,86.45833333333333,106.58333333333333,462.0,89.5,1020.9625,1018.8,10.241666666666667,9.5,,,,173.54238331629386,0.22394072769559112,0.0,0.0,0.0,0.0,0.0,0.0,,0.0,0,0,0.0,0.0,0.0,0.0,0.49000000000000005,0.0,0.49000000000000005,5.616666666666674,-6.987500000000068,-2.0779761904761926,0.0,,,2.4375,0.1999999999999993,0.11246820952642794,-0.9936553234627787,0.11246820952642794,-0.9936553234627787,0.12704399023939628,-0.757025871184679,14.0,251.0,,,0.0,6,0.0,0.0,0.6925833333333333,0.0,-0.0,19.15,0.3791666666666682,320,11,2015,46
2015-11-17,0.0,11.0,0,0.0,8.3,18.1,13.0625,5.4,3.8833333333333333,-1.6613569682296527,-3.128912285536891,85.875,67.58333333333333,325.0,88.04166666666667,1018.9916666666667,1017.6,10.466666666666667,7.4,,,,206.47842297925936,0.9151440127703843,0.0,0.0,0.0,0.0,0.0,0.0,,0.0,0,0,0.0,0.0,0.0,0.0,0.49000000000000005,0.0,0.49000000000000005,-1.970833333333303,0.44583333333343944,-4.153571428571354,0.0,,,2.595833333333333,0.9000000000000004,-0.4458607580976887,-0.8951023317970713,-0.4458607580976887,-0.8951023317970713,-1.4266902964672143,-2.6869534252048055,15.0,252.0,,,0.0,6,0.0,0.0,0.6646388888888889,0.0,-0.0,23.3,0.38333333333333286,321,11,2015,47
2015-11-18,0.0,23.0,0,0.0,9.4,13.7,11.741666666666667,7.6,5.125,2.606347295191917,2.9133419062056536,99.29166666666667,41.041666666666664,266.0,99.95833333333333,1018.4,1015.3,11.629166666666668,9.4,,,,34.8335616861264,0.6939049104552523,0.0,0.0,0.0,0.0,0.0,0.0,,0.0,0,0,0.0,0.0,0.0,0.0,0.49000000000000005,0.0,0.49000000000000005,-0.591666666666697,3.0541666666666742,-3.2452380952381645,0.0,,,0.11249999999999893,0.0,0.5711944676879597,0.8208147659994113,0.5711944676879597,0.8208147659994113,2.5878856685176412,2.89270573437003,16.0,253.0,,,0.0,6,0.0,0.0,0.6627777777777778,0.0,-0.0,30.75,-1.3208333333333329,322,11,2015,48
2015-11-19,0.0,2.4,0,0.0,6.8,10.5,8.266666666666667,8.9,5.2125,0.9329273732677169,4.041006803931081,92.45833333333333,58.291666666666664,281.0,99.16666666666667,1020.4625,1016.7,7.083333333333333,6.1,,,,22.36259835071246,0.6079247590897785,0.0,0.0,0.0,0.0,0.0,0.0,,0.0,0,0,0.0,0.0,0.0,0.0,0.49000000000000005,0.0,0.49000000000000005,2.0625,-0.5,0.36845238095247623,0.0,,,1.1833333333333345,0.7000000000000002,0.38046676826121695,0.924794592463032,0.38046676826121695,0.924794592463032,0.8625691005337766,3.7362475408012785,17.0,254.0,,,0.0,6,0.0,0.0,0.5803888888888888,0.0,-0.0,31.275000000000002,-3.4749999999999996,323,11,2015,49
2015-11-20,0.0,1.9000000000000001,0,0.0,5.1,11.4,8.020833333333334,7.0,3.704166666666667,-2.433924334353828,-1.0619292968399532,97.08333333333333,37.541666666666664,154.0,91.625,1021.9250000000001,1021.0,7.570833333333333,5.1,,,,244.3092966702577,0.7401731671529286,0.0,0.0,0.0,0.0,0.0,0.0,,0.0,0,0,0.0,0.0,0.0,0.0,0.49000000000000005,0.0,0.49000000000000005,1.462500000000091,2.933333333333394,2.6916666666667197,0.0,,,0.45000000000000107,0.0,-0.9011473739015203,-0.4335128723698912,-0.9011473739015203,-0.4335128723698912,-2.3629348746018413,-1.0309563590154545,18.0,255.0,,,0.0,6,0.0,0.0,0.6019722222222222,0.0,-0.0,22.225,-0.24583333333333357,324,11,2015,50
2015-11-21,0.0,0.6000000000000001,0,0.0,3.8,10.1,6.945833333333333,8.2,5.2124999999999995,-1.8862797274756835,1.4910376903522808,93.20833333333333,61.375,265.0,98.41666666666667,1026.9125000000001,1022.8,5.870833333333334,3.4,,,,325.58032029427693,0.28015488328169935,0.0,0.0,0.0,0.0,0.0,0.0,,0.0,0,0,0.0,0.0,0.0,0.0,0.49000000000000005,0.0,0.49000000000000005,4.987500000000068,8.51250000000016,6.483928571428692,0.0,,,1.0749999999999993,0.3999999999999999,-0.5652503764971917,0.82491939719574,-0.5652503764971917,0.82491939719574,-1.7581698959846266,1.3897713805491885,19.0,256.0,,,0.0,6,0.0,0.0,0.5760555555555555,0.0,-0.0,31.275,-1.075000000000001,325,11,2015,51
2015-11-22,0.0,0.1,0,0.0,3.9,13.2,8.25,5.4,2.6833333333333336,1.5871569552508802,0.4311580055720079,88.41666666666667,82.54166666666667,370.0,99.33333333333333,1028.0958333333333,1026.6,6.341666666666666,2.3,,,,74.07651376222753,0.5807748257901313,0.0,0.0,0.0,0.0,0.0,0.0,,0.0,0,0,0.0,0.0,0.0,0.0,0.49000000000000005,0.0,0.49000000000000005,1.1833333333331666,7.633333333333326,5.845833333333303,0.0,,,1.908333333333334,1.6,0.9616289295325988,0.27435342513988786,0.9616289295325988,0.27435342513988786,1.4033112746009866,0.3812155365932503,20.0,257.0,,,0.0,6,0.0,0.0,0.6430833333333333,0.0,-0.0,16.1,1.3041666666666671,326,11,2015,52
2015-11-23,0.0,0.0,0,0.0,4.3,15.6,9.708333333333334,4.3,2.9166666666666665,1.421366645358198,-1.9911218024320456,88.875,100.125,442.0,76.75,1023.7708333333334,1019.3,7.770833333333333,4.2,,,,138.41857839222791,0.824095367229213,0.0,0.0,0.0,0.0,0.0,0.0,,0.0,0,0,0.0,0.0,0.0,0.0,0.49000000000000005,0.0,0.49000000000000005,-4.324999999999932,1.845833333333303,1.1196428571427077,0.0,,,1.9375000000000009,0.09999999999999964,0.663683701146284,-0.748013331988655,0.663683701146284,-0.748013331988655,1.2632396060620983,-1.7696095019114804,21.0,258.0,,,0.0,6,0.0,0.0,0.6963333333333334,0.0,-0.0,17.5,1.458333333333334,327,11,2015,53
2015-11-24,0.56,7.8999999999999995,5,0.14,3.0,13.9,8.270833333333334,11.7,7.329166666666667,-4.291498899729562,2.151648237105243,93.79166666666667,61.75,329.0,92.625,1019.6541666666667,1016.0,7.279166666666666,2.3,,,,286.7960283180797,0.5304344918888743,5.9,8.72,10.2,98.2,-3.7517932077152762,7.837929392759243,334.59884246238215,0.0,0,5,0.56,0.56,0.56,0.56,1.05,0.0,1.05,-4.116666666666674,-7.258333333333439,-3.091666666666697,0.0,,,0.991666666666668,0.7000000000000002,-0.9573395306058822,0.2889654358903659,-0.4289533832563879,0.9033266269699451,-4.0250683430380185,2.018066742384959,0.0,259.0,1.0,1.0,6.5520000000000005,0,0.051143400000000026,0.56,0.6626944444444445,4.8832,0.0,0.0,-1.4375,328,11,2015,54
2015-11-25,5.18,10.200000000000001,14,0.84,1.9,5.4,3.329166666666667,6.0,4.179166666666666,3.2533076089453363,0.4221029118106752,94.25,38.708333333333336,208.0,97.04166666666667,1018.8166666666666,1013.6,2.4625,1.2,,,,81.60255551485876,0.7975886782602675,3.8642857142857143,4.107142857142857,5.4,93.28571428571429,3.444553621387633,0.022178695838938278,91.44878760050057,0.0,0,14,5.74,5.74,5.74,5.74,6.2299999999999995,0.0,6.2299999999999995,-0.837500000000091,-9.279166666666697,-3.988690476190527,0.0,,,0.8666666666666671,0.7,0.989278847595895,0.14603890474574877,0.9996803232583346,-0.02528341927255294,3.0662424214309794,0.39783199438156136,0.0,260.0,0.9024390243902438,1.0,31.08,0,0.7537820870535713,5.74,0.4599722222222222,21.275,0.0,0.0,-4.941666666666666,329,11,2015,55
2015-11-26,3.15,17.8,17,0.35,2.2,8.9,5.0874999999999995,9.7,7.141666666666667,-2.251149371211013,-3.5463522248830333,98.83333333333333,58.875,251.0,94.875,1008.2833333333333,1006.4,4.908333333333333,2.1,,,,218.86382242020034,0.5980558647309283,5.029411764705882,7.252941176470588,9.7,98.88235294117646,-3.517892135114636,-2.5305696098778623,241.51356736878165,0.0,0,12,8.33,8.89,8.89,8.89,9.379999999999999,0.0,9.379999999999999,-10.533333333333303,-15.487500000000068,-12.782142857142958,0.0,,,0.17916666666666625,0.10000000000000009,-0.6274715358599268,-0.7786395004657706,-0.8789300769532188,-0.4769506471606983,-2.2248859618802177,-3.504978115592731,0.0,261.0,0.3543307086614173,1.0,30.554999999999996,1,0.35594574232266435,8.89,0.5664722222222222,22.846764705882354,0.0,7.141666666666667,1.7583333333333324,330,11,2015,56
2015-11-27,5.11,9.2,24,0.42,-2.3,2.5,0.016666666666666677,14.1,11.120833333333332,-9.980859179907833,-4.408769959760726,86.29166666666667,95.54166666666667,453.0,73.0,1013.4333333333334,1007.6,-2.0208333333333335,-4.8,,,,246.1869940269534,0.9805264525184288,0.016666666666666677,11.120833333333332,14.1,86.29166666666667,-9.980859179907833,-4.408769959760726,246.1869940269534,0.0,1,24,8.26,13.44,14.0,14.0,14.49,1.0,14.49,5.150000000000091,-6.220833333333303,-6.41904761904766,0.0,,,2.0375,2.5,-0.9148680406850893,-0.40375297910111557,-0.9148680406850893,-0.40375297910111557,-8.612649733995468,-3.8044010777768604,0.0,262.0,0.38020833333333337,0.96,72.051,2,1.098081002387153,13.44,0.4068888888888889,56.82745833333333,118.22327698601036,22.241666666666664,-5.070833333333333,331,11,2015,57
2015-11-28,4.13,8.7,24,0.35,-1.4,4.4,1.5708333333333335,11.3,8.025,-7.4979671024678884,-2.204640289016671,92.125,86.45833333333333,350.0,79.04166666666667,1024.4541666666667,1021.8,0.4041666666666666,-2.8,,,,253.88436832239384,0.9728180287061365,1.5708333333333335,8.025,11.3,92.125,-7.4979671024678884,-2.204640289016671,253.88436832239384,0.0,0,24,9.239999999999998,12.39,18.13,18.13,18.62,1.0,18.62,11.020833333333258,5.6375000000000455,4.952976190476193,0.0,,,1.166666666666667,1.4,-0.9607034602416257,-0.27757676682274257,-0.9607034602416257,-0.27757676682274257,-6.9075021931485425,-2.031024866256608,0.0,263.0,0.3333333333333333,0.6833976833976835,46.669000000000004,3,0.7830083401692706,12.39,0.46249999999999997,33.14325,115.68738408515999,24.075000000000003,1.554166666666667,332,11,2015,58
2015-11-29,0.42000000000000004,1.0,4,0.14,-1.5,4.5,1.2333333333333334,8.7,4.3500000000000005,-2.410274010908059,-1.5567934806061434,91.95833333333333,85.04166666666667,351.0,86.5,1028.1375,1026.0,0.05416666666666666,-2.4,,,,240.42266182798613,0.4462059860689394,0.07499999999999996,7.675,8.7,95.5,-6.812806845773221,-3.5130663958619355,242.99878041602025,0.0,1,4,4.55,9.66,18.55,18.55,19.04,2.0,19.04,3.683333333333394,19.854166666666742,8.630357142857179,0.0,,,1.1791666666666667,0.8999999999999999,-0.8696902271109622,-0.4935979222684016,-0.8909968604555369,-0.4540094653841221,-2.216447809197536,-1.4316013382073993,0.0,264.0,0.04347826086956522,0.5207547169811321,3.654,4,0.09421461328125003,9.66,0.4632222222222222,3.2235,37.64075782289767,17.400000000000002,-0.33750000000000013,333,11,2015,59
2015-11-30,0.0,0.5,0,0.0,-2.6,9.5,2.575,8.1,6.158333333333334,-3.9972894289549887,-3.4687631706986264,83.0,121.125,534.0,41.75,1022.3208333333333,1019.2,-0.1333333333333333,-4.6,,,,226.22430906337758,0.8635613489496653,0.0,0.0,0.0,0.0,0.0,0.0,,0.125,0,0,0.42000000000000004,4.55,18.55,18.55,18.9,2.0,19.04,-5.81666666666672,8.887499999999932,3.0208333333333712,0.0,,,2.7083333333333335,1.9999999999999996,-0.7220538209234316,-0.6918368880667415,-0.7220538209234316,-0.6918368880667415,-3.317750226032641,-2.87907343167986,1.0,265.0,0.0,0.2452830188679245,0.0,5,0.0,2.275,0.5685277777777777,0.0,-0.0,30.79166666666667,1.3416666666666668,334,11,2015,60
2015-12-01,0.77,3.5,7,0.14,1.2,4.7,3.1208333333333336,7.3,4.620833333333334,-3.1228568496762907,2.3912329577449967,95.0,81.95833333333333,377.0,74.25,1026.3666666666666,1022.7,2.3874999999999997,0.0,,,,301.527478216188,0.6677174090160815,3.1714285714285713,5.514285714285714,6.2,98.42857142857143,-4.406093144101524,3.2006503604342407,306.04412777119677,0.041666666666666664,0,7,0.77,1.19,18.76,19.32,19.669999999999998,2.0,19.81,4.045833333333235,1.912499999999909,6.107738095238005,0.0,,,0.7333333333333338,1.2,-0.852389483654734,0.5229074183398206,-0.8085640570303724,0.5884081624846691,-2.9667140071924765,2.271671309857747,0.0,266.0,0.6470588235294118,0.06343283582089551,5.6209999999999996,6,0.1223893392857143,1.19,0.47574999999999995,4.246,0.0,27.725,0.5458333333333334,335,12,2015,61
2015-12-02,0.0,0.0,0,0.0,0.2,10.2,4.633333333333334,11.0,6.033333333333334,1.471931747888191,-5.713439502826873,69.91666666666667,115.375,498.0,49.625,1021.4916666666667,1013.4,-0.49166666666666664,-7.5,,,,167.43627449104795,0.9741736443665361,0.0,0.0,0.0,0.0,0.0,0.0,,0.5,0,0,0.77,0.77,13.58,19.32,19.32,2.0,19.81,-4.874999999999886,-6.645833333333371,0.8505952380952522,0.0,,,5.125,7.7,0.21752533573772437,-0.9760546748580176,0.21752533573772437,-0.9760546748580176,1.029125613731827,-3.9946464523931224,1.0,267.0,0.0,0.05670103092783505,0.0,5,0.0,0.385,0.5366388888888889,0.0,-0.0,30.16666666666667,1.5125000000000002,336,12,2015,62
2015-12-03,4.2,18.1,13,0.49,-1.1,9.4,5.0375000000000005,12.5,7.979166666666667,-4.3363711409479615,-3.035156022009309,94.75,30.291666666666668,130.0,95.0,1007.1166666666667,1004.9,4.225,-1.8,,,,227.70212487611596,0.6363543033198246,4.423076923076923,8.992307692307692,12.5,98.15384615384616,-8.471618343187252,-0.7470620975018843,266.852656063685,0.0,0,13,4.2,4.970000000000001,14.629999999999999,23.52,23.520000000000003,2.0,24.01,-14.375,-15.204166666666652,-13.357738095238119,0.0,,,0.8125000000000009,0.7,-0.7396560538688599,-0.6729850830257281,-0.998491643706264,-0.05490389283796813,-4.108711656048193,-2.87581033085382,0.0,268.0,0.8450704225352111,0.33971291866028713,52.5,6,0.5197558247041423,4.970000000000001,0.5449166666666666,37.76769230769231,0.0,47.875,0.4041666666666668,337,12,2015,63
2015-12-04,14.0,23.400000000000002,24,1.05,-3.8,1.2,-1.1166666666666667,14.0,12.15,-11.620509050289336,-3.250844067523438,93.0,89.0,400.0,93.375,1009.1333333333333,1004.7,-2.1041666666666665,-4.5,,,,254.27590131834745,0.9931214631484602,-1.1166666666666667,12.15,14.0,93.0,-11.620509050289336,-3.250844067523438,254.27590131834745,0.0,1,24,18.2,18.200000000000003,23.52,37.519999999999996,37.52,2.0,38.010000000000005,2.0166666666666515,-17.233333333333235,-10.726785714285711,0.0,,,0.9874999999999998,0.7000000000000002,-0.9625778463668662,-0.2710053314673457,-0.9625778463668662,-0.2710053314673457,-10.807073416769082,-3.023284982796797,0.0,0.0,0.7692307692307692,0.773809523809524,100.0,0,3.299913020833334,18.200000000000003,0.3960000000000001,170.1,89.05183435538326,0.0,-6.154166666666667,338,12,2015,64
2015-12-05,6.93,12.4,24,0.49,-2.9,4.0,0.325,13.4,11.704166666666666,-11.180008675874165,-3.231853014235302,92.41666666666667,107.58333333333333,472.0,83.95833333333333,1017.9791666666666,1014.7,-0.7791666666666667,-3.7,,,,253.7032464822351,0.9940990471710641,0.325,11.704166666666666,13.4,92.41666666666667,-11.180008675874165,-3.231853014235302,253.7032464822351,0.0,0,24,20.93,25.130000000000003,26.32,44.45,44.45,2.0,44.94,8.845833333333303,-3.5125000000000455,-0.9559523809524535,0.0,,,1.1041666666666667,0.8000000000000003,-0.9598211935165032,-0.2806123241708308,-0.9598211935165032,-0.2806123241708308,-10.33219135128704,-2.986770827322458,0.0,1.0,0.27576601671309187,0.9547872340425533,92.862,1,1.430963112304688,25.130000000000003,0.46866666666666673,81.10987499999999,286.7998308948093,11.704166666666666,1.4416666666666667,339,12,2015,65
2015-12-06,0.8400000000000001,2.0,8,0.21,-1.0,3.1,0.6958333333333333,9.4,4.216666666666667,-3.6144074115959572,0.7389315485545689,89.54166666666667,96.45833333333333,398.0,86.91666666666667,1027.5333333333333,1023.4,-0.8791666666666668,-1.9,,,,274.38881858328585,0.7717858812840958,0.11250000000000002,7.7375,9.4,96.375,-7.5673574971494055,0.8188638209013694,274.8548498411502,0.0,1,8,7.77,21.77,26.74,45.29,45.290000000000006,2.0,45.78,9.554166666666674,20.41666666666663,8.68452380952374,0.0,,,1.5750000000000002,0.8999999999999999,-0.9970677051536433,0.07652444929333044,-0.9964122969841284,0.084631757743847,-3.236400636466547,0.6616516241015702,0.0,2.0,0.03858520900321544,0.8141361256544503,7.896000000000001,2,0.18755506054687504,21.77,0.43166666666666664,6.4995,72.299794754015,8.433333333333334,0.3708333333333333,340,12,2015,66
2015-12-07,0.0,0.0,0,0.0,-4.0,4.3,-0.14166666666666672,4.3,1.7916666666666667,0.625700922018725,0.4979541927976501,86.79166666666667,103.875,432.0,45.416666666666664,1029.8208333333334,1027.9,-2.15,-5.4,,,,69.18764286648184,0.458119002044835,0.0,0.0,0.0,0.0,0.0,0.0,,0.0,1,0,0.8400000000000001,7.77,26.74,45.29,45.290000000000006,3.0,45.78,2.2875000000001364,20.687500000000114,9.90059523809532,0.0,,,2.0083333333333333,1.4000000000000004,0.934749067789743,0.3553085704936013,0.934749067789743,0.3553085704936013,0.5430562585687517,0.4321827431656271,1.0,3.0,0.0,0.2905759162303665,0.0,3,0.0,3.885,0.45411111111111113,0.0,-0.0,5.375,-0.8375,341,12,2015,67
2015-12-08,0.0,0.0,0,0.0,-5.3,5.6,0.10416666666666662,4.6,2.6875,-1.1958720105986191,0.09049398084031558,82.41666666666667,119.75,507.0,38.083333333333336,1030.7583333333334,1028.3,-2.6166666666666667,-8.5,,,,245.18262781510805,0.3824911095777063,0.0,0.0,0.0,0.0,0.0,0.0,,0.16666666666666666,1,0,0.0,0.8400000000000001,25.97,44.73,45.290000000000006,4.0,45.78,0.9375,12.77916666666681,10.210714285714289,0.0,,,2.720833333333333,3.2,-0.9076502581715123,-0.41972730294941146,-0.9076502581715123,-0.41972730294941146,-0.9855978487350286,0.0745821225425601,2.0,4.0,0.0,0.03234501347708895,0.0,4,0.0,0.28,0.47900000000000004,0.0,-0.0,10.75,0.24583333333333335,342,12,2015,68
2015-12-09,0.0,0.0,0,0.0,-6.9,8.9,0.12083333333333322,5.4,2.7916666666666665,-0.3833169516599107,-2.511003654893782,77.95833333333333,128.625,541.0,43.666666666666664,1032.7458333333334,1031.0,-3.595833333333333,-8.6,,,,196.54966470748212,0.852058469293125,0.0,0.0,0.0,0.0,0.0,0.0,,0.25,1,0,0.0,0.0,25.97,39.55,45.290000000000006,5.0,45.78,1.9874999999999545,5.212500000000091,10.590476190476352,0.0,,,3.7166666666666663,1.6999999999999993,-0.28484635499250094,-0.9585731865890502,-0.28484635499250094,-0.9585731865890502,-0.29882750689820536,-1.9575365992942773,3.0,5.0,,0.0,0.0,5,0.0,0.0,0.5433888888888889,0.0,-0.0,13.958333333333332,0.016666666666666607,343,12,2015,69
2015-12-10,0.0,2.0,0,0.0,-3.2,9.0,3.1666666666666665,7.6,6.016666666666667,1.2448587483836058,-5.700956267793566,74.79166666666667,72.75,326.0,96.91666666666667,1025.0375000000001,1016.1,-0.9333333333333332,-9.6,,,,167.44391237463742,0.9663393804399698,0.0,0.0,0.0,0.0,0.0,0.0,,0.0,0,0,0.0,0.0,21.77,36.4,45.290000000000006,5.0,45.78,-7.7083333333332575,-4.783333333333303,0.3220238095238983,0.0,,,4.1,6.3999999999999995,0.21739521964951553,-0.9760836636649232,0.21739521964951553,-0.9760836636649232,0.9310506055619052,-4.263840208620604,4.0,6.0,,0.0,0.0,6,0.0,0.0,0.49780555555555556,0.0,-0.0,36.1,3.0458333333333334,344,12,2015,70
2015-12-11,2.6599999999999997,57.9,7,0.49,4.6,9.1,6.583333333333333,12.4,8.549999999999999,-0.5988383337152822,2.2809946131549292,96.54166666666667,45.833333333333336,249.0,98.16666666666667,1004.8916666666668,994.6,6.05,4.2,,,,25.18908465737581,0.15766665796792004,5.528571428571429,11.37142857142857,12.4,98.0,-6.276867484909732,9.361572557678818,325.8520692535365,0.0,0,7,2.6599999999999997,2.6599999999999997,10.43,33.95,47.95,4.0,48.44,-20.14583333333337,-25.866666666666674,-19.217857142857042,0.0,,,0.5333333333333332,0.39999999999999947,0.4256069064432614,0.9049081506914373,-0.5613315116360804,0.8275910427526104,-0.5781285080076287,2.2021102161166546,0.0,7.0,1.0,0.25503355704697983,32.983999999999995,6,0.2550838214285711,2.6599999999999997,0.5545833333333333,30.247999999999994,0.0,51.3,3.4166666666666665,345,12,2015,71
2015-12-12,1.12,3.2,6,0.35,2.6,8.2,4.8125,9.8,4.341666666666667,1.8395307738911388,0.905077181661024,89.79166666666667,92.04166666666667,355.0,53.0,1021.1541666666667,1016.7,3.216666666666667,1.4,,,,89.2856974391545,0.6185684677481159,3.716666666666667,7.216666666666668,9.8,98.66666666666667,-1.0234983782927607,6.6614896879148064,358.34868712829956,0.16666666666666666,0,6,3.78,3.78,4.62,30.94,49.07,4.0,49.56,16.262499999999932,-11.591666666666697,-3.4089285714285325,0.0,,,1.5958333333333332,1.2000000000000002,0.9999222888154868,0.0124666086005022,-0.028816856793685394,0.9995847081486052,1.651745340723085,0.8126838860331279,0.0,8.0,0.29629629629629634,0.8181818181818181,10.976000000000003,1,0.16006268055555548,3.78,0.5428888888888889,8.082666666666668,0.0,4.341666666666667,-1.770833333333333,346,12,2015,72
2015-12-13,0.0,0.9,0,0.0,2.5,8.5,5.095833333333333,5.8,2.5875,0.8027450102830481,0.10684700374043159,96.58333333333333,52.833333333333336,221.0,86.95833333333333,1021.2208333333333,1019.2,4.591666666666667,1.4,,,,127.19793620114544,0.3507521857360356,0.0,0.0,0.0,0.0,0.0,0.0,,0.0,0,0,1.12,3.78,3.7800000000000002,30.52,49.07,3.0,49.56,0.06666666666660603,-3.8166666666668334,-2.4404761904763745,0.0,,,0.5041666666666664,1.1,0.7965516952190396,-0.6045704233947228,0.7965516952190396,-0.6045704233947228,0.7753178890983773,0.10319639777930018,1.0,9.0,0.0,0.9999999999999999,0.0,2,0.0,1.89,0.5460555555555556,0.0,-0.0,5.175,0.2833333333333332,347,12,2015,73
2015-12-14,0.0,0.0,0,0.0,1.2,10.0,5.108333333333333,4.0,2.529166666666667,1.1797757281048737,-1.2403672736235498,89.45833333333333,98.20833333333333,468.0,45.125,1020.9333333333334,1019.1,3.3625000000000003,0.9,,,,132.2850312051161,0.6456314330250805,0.0,0.0,0.0,0.0,0.0,0.0,,0.25,0,0,0.0,1.12,3.7800000000000002,30.52,49.07,2.0,49.56,-0.28749999999990905,16.04166666666663,-1.4583333333333712,0.0,,,1.7458333333333331,0.29999999999999993,0.7398068974550556,-0.6728192584029717,0.7398068974550556,-0.6728192584029717,1.0554077034338183,-1.109611890195734,2.0,10.0,0.0,0.2962962962962963,0.0,3,0.0,0.37333333333333335,0.5858888888888889,0.0,-0.0,7.5875,0.012500000000000178,348,12,2015,74
2015-12-15,0.0,7.1,0,0.0,1.7,13.4,6.908333333333334,7.7,4.633333333333334,-1.9271488489305486,-3.6175798967873773,87.0,89.95833333333333,388.0,59.75,1015.2375000000001,1011.4,4.745833333333334,0.7,,,,205.65400966750536,0.883857051908752,0.0,0.0,0.0,0.0,0.0,0.0,,0.20833333333333334,0,0,0.0,0.0,3.7800000000000002,29.75,49.07,1.0,49.56,-5.695833333333326,-5.916666666666629,-4.936904761904657,0.0,,,2.1625000000000005,1.0,-0.4329356660021238,-0.9014248216591872,-0.4329356660021238,-0.9014248216591872,-1.6766194985695773,-3.1472945102050183,3.0,11.0,,0.0,0.0,4,0.0,0.0,0.6477499999999999,0.0,-0.0,18.533333333333335,1.8000000000000007,349,12,2015,75
2015-12-16,4.27,19.9,16,0.49,1.1,7.6,5.520833333333333,9.4,7.079166666666667,-7.016488592639681,-0.05408188155971144,99.54166666666667,29.416666666666668,128.0,97.875,1011.3583333333332,1009.3,5.441666666666666,0.6,,,,269.43318924470157,0.9912486949642244,5.00625,7.76875,9.4,99.375,-7.726953247595079,0.26289052442568983,272.13025634774857,0.0,0,15,4.27,4.27,8.05,34.019999999999996,53.34,0.0,53.83,-3.8791666666668334,-9.862500000000068,-5.760714285714471,0.0,,,0.07916666666666661,0.5000000000000001,-0.9999510675047614,-0.009892552556754643,-0.9993089038936359,0.037171421803583696,-6.984329686590083,-0.053834006269229434,0.0,12.0,1.0,0.5304347826086956,40.138,0,0.4813154737548824,4.27,0.5203055555555555,33.1725625,0.0,0.0,-1.387500000000001,350,12,2015,76
2015-12-17,8.26,12.9,24,0.56,-3.0,1.1,-0.48333333333333334,8.0,6.9624999999999995,-6.528513524127553,0.7173872698732132,86.70833333333333,77.66666666666667,331.0,91.20833333333333,1016.525,1012.6,-2.466666666666667,-4.7,,,,276.4386435439042,0.9433481625510868,-0.48333333333333334,6.9624999999999995,8.0,86.70833333333333,-6.528513524127553,0.7173872698732132,276.4386435439042,0.0,1,24,12.53,12.53,16.31,38.08,61.6,1.0,62.09,5.1666666666667425,-4.408333333333417,0.6220238095238528,0.0,,,1.9833333333333334,1.7000000000000002,-0.9936925121275394,0.11213916060707738,-0.9936925121275394,0.11213916060707738,-5.660765268212266,0.6220345452525653,0.0,13.0,0.659217877094972,0.7682403433476395,66.08,0,1.9764023580729166,12.53,0.36525,57.51024999999999,101.19195962397856,0.0,-6.004166666666666,351,12,2015,77
2015-12-18,0.49000000000000005,0.4,7,0.07,-3.4,1.9,-1.0416666666666667,8.2,5.954166666666667,-4.862086067410431,-2.3116913368999197,81.375,106.79166666666667,458.0,51.0,1027.325,1024.0,-3.8874999999999997,-5.3,,,,246.17378125774485,0.9104525801854625,-3.142857142857143,6.3,7.7,85.71428571428571,-5.954601299964286,-1.858947335935153,251.87183600832395,0.0,1,7,8.75,13.02,14.139999999999999,24.569999999999997,62.09,2.0,62.58,10.800000000000068,12.087499999999977,8.217261904761926,0.0,,,2.845833333333333,1.9,-0.9147749083687835,-0.4039639427212332,-0.9503629024380357,-0.31114362225434217,-3.956522537355238,-1.8811388254023098,0.0,14.0,0.037634408602150546,0.9207920792079208,4.018,1,0.14832125,13.02,0.38466666666666666,3.087,218.65295973468997,5.954166666666667,-0.5583333333333333,352,12,2015,78
2015-12-19,3.15,5.2,14,0.56,-2.4,0.7,-0.7916666666666666,10.4,6.258333333333333,-4.509128318302651,1.7541842162339112,84.41666666666667,83.45833333333333,380.0,80.54166666666667,1031.6541666666667,1026.4,-3.1374999999999997,-5.8,,,,285.5502304827912,0.7830748950304608,-0.4928571428571429,7.178571428571429,9.5,84.42857142857143,-5.34756138741499,3.719317071131408,303.55172906772606,0.0,1,13,3.64,11.9,16.169999999999998,20.79,65.24,3.0,65.73,4.3291666666666515,20.295833333333462,11.046428571428578,0.0,,,2.345833333333333,3.4,-0.9633957984318643,0.26808307586237257,-0.8333871700787319,0.5526896278637431,-3.8064558220338216,1.48082384253746,0.0,15.0,0.2647058823529412,0.735930735930736,32.76,2,0.7521657087053571,11.9,0.3525833333333333,22.6125,55.561162815241545,12.516666666666666,0.2500000000000001,353,12,2015,79
2015-12-20,0.0,0.0,0,0.0,-1.7,6.1,1.0208333333333333,5.8,3.154166666666667,-0.17688926460873491,-2.7287880275167224,72.58333333333333,125.375,521.0,39.291666666666664,1031.55,1026.7,-3.579166666666667,-4.6,,,,193.96067398061413,0.7929379017334734,0.0,0.0,0.0,0.0,0.0,0.0,,0.4583333333333333,1,0,3.15,3.64,16.169999999999998,19.95,65.24,4.0,65.73,-0.10416666666674246,15.024999999999977,9.466666666666697,0.0,,,4.6000000000000005,2.8999999999999995,-0.24125585822545362,-0.970461545282398,-0.24125585822545362,-0.970461545282398,-0.12839212456184007,-1.9806453099725543,1.0,16.0,0.0,0.22510822510822515,0.0,3,0.0,1.82,0.4610833333333333,0.0,-0.0,9.4625,1.8125,354,12,2015,80
2015-12-21,10.15,22.9,22,1.19,0.6,5.2,2.970833333333333,8.7,7.029166666666666,-4.739499344516827,-2.789603508841065,87.625,47.041666666666664,194.0,99.45833333333333,1024.2333333333333,1021.0,1.0041666666666667,-4.5,,,,235.4512150123033,0.7869584471757111,3.1818181818181817,7.15,8.7,89.27272727272727,-5.0066747848231286,-2.5517416147347016,239.427717711409,0.0,0,22,10.15,13.3,26.32,30.1,75.39,4.0,75.88,-7.316666666666606,-3.091666666666697,1.6785714285714448,0.0,,,1.9666666666666666,5.1,-0.8236436184460514,-0.5671077409038738,-0.8609881828611229,-0.5086249590548046,-4.15298630063287,-2.444390074621983,0.0,0.0,0.7631578947368421,0.5053191489361702,88.30499999999999,0,1.575484730113637,13.3,0.439,72.5725,0.0,0.0,1.95,355,12,2015,81
2015-12-22,1.4700000000000002,3.5,11,0.21,-4.0,3.3,1.2625,8.2,5.095833333333333,-2.33019675368389,2.595236390683311,92.29166666666667,92.75,454.0,72.5,1028.9208333333333,1026.0,0.1166666666666667,-5.1,,,,322.8018580091415,0.4239095655704593,1.8090909090909089,5.872727272727272,6.8,95.54545454545455,-4.974646869394954,2.7451873601780603,297.7115646183817,0.0,0,11,11.620000000000001,11.620000000000001,27.79,31.57,76.86,4.0,77.35,4.6875,-2.7333333333333485,4.41130952380945,0.0,,,1.1458333333333333,1.0999999999999996,-0.6045732843719676,0.7965495237734387,-0.8852997836909474,0.4650207446950746,-2.1505774205874233,2.3951869189014725,0.0,1.0,0.12650602409638556,0.41813602015113355,12.054,1,0.278918604855372,11.620000000000001,0.4428055555555555,8.632909090909092,93.27462880115539,5.095833333333333,-1.7083333333333333,356,12,2015,82
2015-12-23,0.35000000000000003,8.0,4,0.14,-6.6,8.6,0.9208333333333334,5.2,3.9,0.9609158286584661,-3.696397027727411,88.54166666666667,78.33333333333333,370.0,94.04166666666667,1024.25,1019.0,-0.7958333333333334,-8.8,,,,165.10828149836036,0.9780225397963807,4.725,2.9,4.0,94.0,1.0849148311993142,-2.672605213391931,157.49140406740324,0.041666666666666664,0,4,1.8200000000000003,11.97,23.87,31.919999999999998,77.21000000000001,4.0,77.7,-4.6708333333333485,-7.2999999999999545,-2.1011904761905953,0.0,,,1.7166666666666668,2.200000000000001,0.25699311103760347,-0.9664132350496935,0.38282203523370734,-0.9238221091419723,0.8508108899580169,-3.272851534966979,0.0,2.0,0.029239766081871347,0.501466275659824,1.8200000000000003,2,0.044483085937499986,11.97,0.5384722222222222,1.0150000000000001,0.0,7.8,-0.34166666666666656,357,12,2015,83
2015-12-24,0.0,1.4000000000000001,0,0.0,0.7,8.6,4.625,6.3,2.966666666666667,-1.4098241483007163,-1.1543910377190578,96.29166666666667,58.916666666666664,272.0,93.33333333333333,1014.7166666666667,1011.1,4.075,0.5,,,,239.23471541590462,0.598660648154343,0.0,0.0,0.0,0.0,0.0,0.0,,0.0,0,0,0.35000000000000003,1.8200000000000003,15.61,31.919999999999998,76.65,3.0,77.7,-9.533333333333303,-9.516666666666652,-11.376190476190459,0.0,,,0.5499999999999998,0.19999999999999996,-0.8592699851499419,-0.5115223285648619,-0.8592699851499419,-0.5115223285648619,-1.3575431694678983,-1.1115823700703096,1.0,3.0,0.0,0.1165919282511211,0.0,3,0.0,0.9100000000000001,0.5513611111111111,0.0,-0.0,8.9,3.7041666666666666,358,12,2015,84
2015-12-25,5.53,12.1,21,0.42,-2.0,2.8,1.125,9.6,7.375,-5.818412766319962,2.1583626782074226,93.91666666666667,69.58333333333333,309.0,88.5,1013.2333333333332,1010.1,0.23750000000000004,-2.9,,,,293.9635807817663,0.8405789411151225,1.2095238095238094,7.280952380952381,9.6,93.38095238095238,-5.88457301867307,3.2941711029019776,302.25033524081516,0.0,0,21,5.53,5.880000000000001,20.65,34.79,77.00000000000001,2.0,83.23,-1.4833333333334622,-15.687500000000114,-10.846428571428646,0.0,,,0.8875,0.8999999999999999,-0.913803809229916,0.40615587923467916,-0.8457246994810754,0.5336194643073328,-5.464459323035498,2.0270622819498043,0.0,4.0,0.9404761904761904,0.28474576271186447,53.088,4,1.10467808234127,5.880000000000001,0.4216666666666667,40.263666666666666,0.0,29.5,-3.5,359,12,2015,85
2015-12-26,3.92,5.9,20,0.56,-6.6,1.7,-1.7541666666666667,13.1,8.704166666666667,-7.135461862108042,-3.719110247376338,87.70833333333333,111.95833333333333,471.0,74.0,1015.9333333333334,1014.3,-3.595833333333333,-8.5,,,,236.24403784604965,0.7018894089093037,-2.005,8.235,13.1,89.85,-6.7129746313070155,-3.294037093541637,236.52972982058463,0.0,1,8,9.45,9.45,21.42,37.59,77.77,2.0,87.15,2.700000000000159,-8.316666666666606,-5.900595238095207,0.0,,,1.8416666666666666,1.9000000000000004,-0.8314117955975341,-0.5556567520882691,-0.8341721006563,-0.5515042216399216,-6.258394674890595,-3.2619696128029965,0.0,5.0,0.41481481481481486,0.4411764705882352,51.352,5,1.0553850606249997,9.45,0.40477777777777774,32.2812,119.62520792989805,43.520833333333336,-2.8791666666666664,360,12,2015,86
2015-12-27,11.9,17.6,23,0.98,-7.8,-0.7,-3.545833333333333,11.0,8.7875,-7.978905231196425,1.9184218569016533,90.125,61.583333333333336,278.0,93.375,1023.3666666666667,1016.8,-4.925,-9.6,,,,281.1231275177722,0.9292540932342752,-3.360869565217391,8.804347826086957,11.0,90.26086956521739,-7.9948147885915795,2.1561790419244153,282.6941770688324,0.0,0,23,15.82,21.35,33.32,49.49,84.56,1.0,99.05,7.43333333333328,8.649999999999977,2.70178571428562,0.0,,,1.3791666666666669,1.7999999999999998,-0.9812148723027835,0.19291805092274897,-0.9755568817283756,0.21974706030436045,-7.190988339615778,1.728977698532615,0.0,0.0,0.5573770491803278,0.6407563025210085,100.0,0,3.5374082142013235,21.35,0.34147222222222223,104.7717391304348,463.53936144253646,0.0,-1.7916666666666663,361,12,2015,87
2015-12-28,0.98,1.2,5,0.42,-10.9,-0.9,-6.029166666666666,8.4,7.429166666666667,-6.040861821184431,-3.9842477605276954,80.58333333333333,112.70833333333333,494.0,67.16666666666667,1025.9541666666667,1023.5,-8.891666666666667,-13.4,,,,236.83591299101255,0.9741625370285226,-5.2,7.840000000000001,8.4,86.4,-6.027249505038362,-4.52547759865621,233.89627997327267,0.0,0,5,12.88,16.8,24.15,50.47,81.41000000000001,1.0,100.03,2.5874999999999773,12.720833333333417,5.043452380952317,0.0,,,2.8625000000000016,2.5,-0.837107361657493,-0.5470386321447793,-0.8079516276112562,-0.5892488162400685,-4.86792781757112,-3.210639653691901,0.0,1.0,0.05833333333333333,0.6956521739130436,8.232,1,0.3359048,16.8,0.34375,7.6832,169.9910382277242,7.429166666666667,-2.483333333333333,362,12,2015,88
2015-12-29,6.44,8.5,24,0.63,-6.9,-0.7,-3.6999999999999997,8.6,6.7375,-6.135548949474117,-1.0019810788121857,85.66666666666667,90.33333333333333,395.0,72.16666666666667,1027.7625,1024.8,-5.7625,-8.8,,,,261.3353678994988,0.9216472588291089,-3.6999999999999997,6.7375,8.6,85.66666666666667,-6.135548949474117,-1.0019810788121857,261.3353678994988,0.0,0,24,7.42,19.32,29.119999999999997,56.910000000000004,87.43,1.0,106.47,1.808333333333394,11.829166666666652,7.017261904761995,0.0,,,2.0625000000000004,1.9000000000000004,-0.988587069705158,-0.15065060773780198,-0.988587069705158,-0.15065060773780198,-5.25612026671616,-0.8583637908491057,0.0,2.0,0.33333333333333337,0.6634615384615385,55.384,2,2.0199387031250002,19.32,0.3457777777777778,43.3895,76.55631201706586,13.475,2.329166666666666,363,12,2015,89
2015-12-30,0.9800000000000001,1.0,11,0.14,-7.5,0.8,-3.5541666666666667,6.1,3.3708333333333336,-1.242543560238754,-1.493503726032362,85.79166666666667,80.70833333333333,349.0,48.5,1029.4041666666667,1027.8,-5.633333333333333,-9.5,,,,221.74073191270483,0.43930080308395064,-3.1727272727272724,2.9272727272727277,4.2,82.81818181818181,-1.7949481284190012,-0.42539717626439705,253.79502736221767,0.0,1,10,7.42,8.4,29.749999999999996,53.62,88.41000000000001,2.0,107.45,1.6416666666666515,6.037500000000023,7.922619047618923,0.0,,,2.079166666666666,2.0,-0.6657609760643238,-0.7461650774124174,-0.9602694687286489,-0.27907444782279583,-1.0659988293881646,-1.2813017382919307,0.0,3.0,0.11666666666666667,0.28235294117647064,5.978000000000001,3,0.3109227675619835,8.4,0.35755555555555557,2.8687272727272735,22.10029883115875,10.1125,0.14583333333333304,364,12,2015,90
2015-12-31,2.38,3.8,14,0.35,-8.7,2.1,-3.279166666666667,6.5,5.2375,-3.729606074524464,-2.4904016151952293,83.75,102.91666666666667,475.0,68.375,1025.1583333333333,1022.4,-5.683333333333334,-10.9,,,,236.3879916607709,0.8480861604785674,-0.36428571428571427,5.314285714285715,6.5,85.21428571428571,-5.059048298931346,-0.8739023204650318,261.3992361228801,0.041666666666666664,1,14,3.36,9.799999999999999,32.129999999999995,47.74,90.02,3.0,109.83,-4.245833333333394,-0.7958333333333485,2.1851190476189686,0.0,,,2.404166666666667,2.200000000000001,-0.8328052398180159,-0.5535661049338706,-0.9887543873283889,-0.14954852569939395,-3.1235450874142385,-2.0857113527260047,0.0,4.0,0.24285714285714288,0.30501089324618735,15.469999999999999,4,0.5757101607142857,9.799999999999999,0.39444444444444443,12.648000000000001,0.0,20.95,0.2749999999999999,365,12,2015,91
2016-01-01,2.59,3.6,12,0.42,-8.1,0.9,-2.9416666666666664,6.9,5.45,-4.169143209787816,-1.5790590543385157,84.125,111.75,491.0,45.916666666666664,1029.6125,1026.6,-5.291666666666667,-10.6,,,,253.6845557659808,0.8129763068048734,-3.15,5.083333333333333,6.9,86.33333333333333,-4.674259390166602,-0.15865345295934227,272.5419683789741,0.2916666666666667,1,12,4.97,5.949999999999999,29.189999999999998,49.839999999999996,92.61,4.0,112.42,4.4541666666666515,1.849999999999909,4.299404761904725,0.0,,,2.3500000000000005,2.5,-0.9597296026282562,-0.2809254168618592,-0.9990160029641038,0.044351164828286035,-3.507291725234,-1.3283834294622765,0.0,5.0,0.43529411764705883,0.20383693045563547,17.871,5,0.7973591536458333,5.949999999999999,0.37491666666666673,13.165833333333332,168.64143597297274,27.25,0.33750000000000036,1,1,2015,92
2016-01-02,0.0,0.0,0,0.0,-9.5,5.1,-1.0416666666666667,11.2,9.195833333333333,-6.401556296822791,-5.9458279560714224,79.66666666666667,99.91666666666667,442.0,66.83333333333333,1023.1916666666666,1020.7,-4.191666666666666,-12.5,,,,225.05687435734242,0.9447388409968698,0.0,0.0,0.0,0.0,0.0,0.0,,0.0,0,0,2.59,4.969999999999999,25.27,46.69,88.41000000000001,3.0,112.42,-6.4208333333333485,-6.212500000000091,-3.158333333333303,0.0,,,3.1499999999999995,3.0,-0.7078083385659686,-0.7064045270639785,-0.7078083385659686,-0.7064045270639785,-5.099906516468823,-4.7368429383369,1.0,6.0,0.0,0.19667590027700826,0.0,6,0.0,2.4849999999999994,0.4455,0.0,-0.0,55.175,1.8999999999999997,2,1,2015,93
2016-01-03,0.0,0.0,0,0.0,-2.0,7.9,1.5625,10.5,8.179166666666667,-5.94643899397946,-5.017473713108775,85.79166666666667,113.16666666666667,475.0,28.166666666666668,1018.875,1016.7,-0.6208333333333333,-3.7,,,,230.40142178285228,0.9486540711376682,0.0,0.0,0.0,0.0,0.0,0.0,,0.25,1,0,0.0,2.59,13.369999999999996,46.69,74.41,4.0,112.42,-4.316666666666606,-6.283333333333303,-6.833333333333485,0.0,,,2.1833333333333336,1.7000000000000002,-0.7705290600822912,-0.6374048694265686,-0.7705290600822912,-0.6374048694265686,-5.101549120251545,-4.304574323037904,2.0,7.0,0.0,0.19371727748691106,0.0,5,0.0,0.8633333333333333,0.5369722222222223,0.0,-0.0,40.895833333333336,2.604166666666667,3,1,2015,94
2016-01-04,0.56,2.3000000000000003,5,0.21,-2.7,6.6,1.6166666666666665,12.4,8.641666666666667,-6.280706062491752,-4.329553227690821,86.375,100.29166666666667,473.0,42.833333333333336,1017.3083333333334,1014.3,-0.4791666666666667,-5.5,,,,232.4556386395247,0.880327786047066,4.1,10.040000000000001,11.5,92.0,-9.995177230844163,-0.5854439537109398,266.60025882206793,0.3333333333333333,0,5,0.56,0.56,12.949999999999996,37.1,68.03999999999999,4.0,112.98,-1.566666666666606,-12.30416666666656,-7.164880952380827,0.0,,,2.095833333333333,2.8,-0.792881767911457,-0.6093755017340313,-0.9982400958180992,-0.05930186422931461,-5.424959861477251,-3.739651600417946,0.0,8.0,1.0,0.04324324324324326,6.944000000000001,6,0.0722337,0.56,0.5014444444444445,5.622400000000001,0.0,51.85000000000001,0.054166666666666474,4,1,2015,95
2016-01-05,1.47,3.3,9,0.21,-1.6,5.0,1.2291666666666667,12.6,7.920833333333333,-7.366226803214178,-2.125735282975215,90.375,100.04166666666667,476.0,74.79166666666667,1021.1208333333334,1019.5,-0.22499999999999998,-2.4,,,,254.57357027069187,0.9584349598221772,1.5222222222222221,7.311111111111111,9.4,94.0,-7.168930391903779,-0.24935707466441567,270.92587082576716,0.0,1,9,2.0300000000000002,2.0300000000000002,7.979999999999996,37.1,68.67,5.0,114.45,3.8125,-2.070833333333212,-2.403571428571354,0.0,,,1.4541666666666666,0.7999999999999998,-0.9639728044008753,-0.26600081273468296,-0.9998694382122125,0.01615879108084953,-6.657227473404813,-1.9211332619888506,0.0,9.0,0.7241379310344827,0.2543859649122809,18.522,4,0.283085363425926,2.0300000000000002,0.47905555555555557,10.747333333333334,43.73047539061306,31.683333333333334,-0.38749999999999973,5,1,2015,96
2016-01-06,1.05,1.5,6,0.28,-0.5,4.4,1.4791666666666667,10.2,5.158333333333333,-4.772887274223689,-1.0140701192148212,88.83333333333333,90.29166666666667,384.0,99.54166666666667,1020.5,1016.4,-0.23333333333333336,-1.6,,,,256.62725327117283,0.9140786556997275,-0.18333333333333335,2.3333333333333335,3.7,93.5,-1.9684042597349354,0.3540031049654481,274.46370268093415,0.0,1,6,2.52,3.08,8.049999999999995,37.800000000000004,69.72,5.0,115.5,-0.620833333333394,1.625,-1.7523809523809177,0.0,,,1.7125000000000001,1.1,-0.9728860012078784,-0.23128516738810564,-0.9969668381258002,0.07782752519156994,-4.239914861935377,-0.9008322892358328,0.0,10.0,0.34090909090909094,0.38260869565217415,10.709999999999999,5,0.2595158854166667,3.08,0.45408333333333334,2.45,0.0,25.791666666666664,0.25,6,1,2015,97
2016-01-07,7.49,11.6,21,0.63,-3.2,0.6,-0.8833333333333333,8.7,5.991666666666667,-5.074229269248834,1.2015218010766795,91.875,60.833333333333336,278.0,94.20833333333333,1017.3874999999999,1015.1,-2.0500000000000003,-4.5,,,,279.6119465778182,0.870822156362391,-1.0047619047619047,5.895238095238095,8.7,91.42857142857143,-4.939486980261287,1.7808813050693313,284.9292890824887,0.0,1,21,8.540000000000001,10.01,13.159999999999997,45.29,77.21,5.0,122.99,-3.112500000000068,0.07916666666653782,-3.754761904761949,0.0,,,1.166666666666667,1.2999999999999998,-0.9859612431669318,0.16697433028079042,-0.9662445091120084,0.25762676221793007,-4.661948141122366,1.1038981547391993,0.0,11.0,0.7482517482517483,0.7606382978723406,65.163,0,1.9087920009920643,10.01,0.36013888888888884,44.15533333333333,0.0,0.0,-2.3625,7,1,2015,98
2016-01-08,3.7800000000000002,5.9,18,0.42,-4.2,2.3,-1.1916666666666667,9.4,6.2625,-5.11466914487697,-2.9312732231850216,88.375,69.125,305.0,87.41666666666667,1016.6708333333332,1014.5,-2.9,-6.0,,,,235.13522653703853,0.9319599636430206,-0.3111111111111111,6.766666666666667,9.4,88.66666666666667,-6.019778435479828,-2.5711464455957356,243.6835295010858,0.0,1,15,11.27,12.32,14.349999999999998,43.54,80.99,5.0,126.77,-0.716666666666697,-4.450000000000159,-2.622619047619196,0.0,,,1.7083333333333333,1.7999999999999998,-0.8205034870273593,-0.5716415203394029,-0.8963590261345014,-0.4433288804795018,-4.520088856785022,-2.5905127109897625,0.0,12.0,0.3068181818181818,0.8585365853658538,35.532000000000004,1,0.891982,12.32,0.3917777777777778,25.578000000000003,0.0,6.2625,-0.30833333333333335,8,1,2015,99
2016-01-09,4.2,5.9,12,0.56,-5.3,1.4,-1.8833333333333335,10.8,5.295833333333333,-4.209281781330512,-1.299974987881414,87.91666666666667,92.04166666666667,464.0,71.29166666666667,1020.6875,1017.3,-3.6625,-7.1,,,,262.6298036146984,0.855798132563009,-1.9749999999999999,4.733333333333333,7.2,90.08333333333333,-4.528959631279423,0.5734525322586564,280.2711312879493,0.041666666666666664,1,12,7.98,15.47,18.549999999999997,43.82,85.19,6.0,130.97,4.016666666666765,0.1875,1.751785714285802,0.0,,,1.7791666666666666,1.7999999999999998,-0.9917380239785637,-0.12827974039221388,-0.9839750032657127,0.17830645795438999,-3.7006602327530755,-1.142894676845743,0.0,13.0,0.27149321266968324,0.8339622641509435,45.36000000000001,2,1.1829803125000002,15.47,0.38552777777777775,19.880000000000003,96.41400228388915,10.591666666666667,-0.6916666666666669,9,1,2015,100
2016-01-10,4.83,7.9,20,0.56,-5.1,2.3,-1.7041666666666666,12.1,9.3125,-8.36682547192809,-3.51931217713563,86.70833333333333,106.75,469.0,78.70833333333333,1021.1916666666666,1019.3,-3.6625,-7.2,,,,247.74473096507677,0.9745049880261174,-1.7100000000000002,9.375,12.1,87.8,-8.65319645304142,-3.1130656403007007,251.11241861378375,0.0,1,12,9.030000000000001,12.81,23.379999999999995,36.75,87.36,6.0,135.8,0.504166666666606,3.8041666666666742,1.9249999999999545,0.0,,,1.9583333333333335,2.1000000000000005,-0.925505678816855,-0.3787337303142572,-0.9461555443113114,-0.3237123506586765,-7.254734919617648,-3.0515369335913523,0.0,14.0,0.3770491803278688,0.5479041916167666,58.443,3,1.2482814257812502,12.81,0.41130555555555554,45.28125,22.249531379880075,27.9375,0.17916666666666692,10,1,2015,101
2016-01-11,5.25,7.4,24,0.56,-3.8,-0.9,-2.3125,5.9,3.5875,-1.4881238656051063,2.169126394652817,90.08333333333333,76.125,324.0,96.79166666666667,1022.0416666666666,1020.5,-3.7291666666666665,-5.1,,,,342.53018122333896,0.7099175514038994,-2.3125,3.5875,5.9,90.08333333333333,-1.4881238656051063,2.169126394652817,342.53018122333896,0.0,0,24,10.08,14.280000000000001,28.069999999999993,41.02,91.49,6.0,141.05,0.8500000000000227,5.370833333333394,2.098809523809564,0.0,,,1.4166666666666665,1.2999999999999998,-0.30020337622696447,0.9538752187272356,-0.30020337622696447,0.9538752187272356,-1.3405515822659333,1.9540213605164127,0.0,15.0,0.3676470588235294,0.5087281795511224,30.975,4,1.5435474243164065,14.280000000000001,0.35102777777777777,18.834374999999998,4.806640085904622,14.35,-0.6083333333333334,11,1,2015,102
2016-01-12,1.4700000000000002,1.3,17,0.14,-7.3,-1.2,-3.795833333333333,5.9,4.420833333333333,-0.25932826284857474,1.9557049489535732,87.0,85.33333333333333,362.0,87.70833333333333,1019.35,1017.3,-5.691666666666666,-9.0,,,,7.544316572514375,0.460228297107098,-3.7941176470588234,4.223529411764706,5.9,88.3529411764706,-0.580112674511337,1.8888319342918929,3.044473878284724,0.0,0,8,6.720000000000001,11.55,28.069999999999997,36.05,92.96,5.0,142.52,-2.691666666666606,-1.3374999999999773,-0.339880952380895,0.0,,,1.8958333333333335,1.7000000000000002,0.1312930060591676,0.991343606707557,0.05311109222930611,0.9985886099301404,-0.22561558867826,1.7014633055896087,0.0,16.0,0.1272727272727273,0.4114713216957607,8.673000000000002,5,0.4801706996107268,11.55,0.34688888888888886,6.208588235294118,0.0,22.104166666666668,-1.483333333333333,12,1,2015,103
2016-01-13,1.61,2.2,11,0.28,-12.8,0.1,-5.804166666666667,10.4,7.179166666666667,-4.6028243164024305,-4.712705345285481,76.04166666666667,116.91666666666667,493.0,52.458333333333336,1015.4375,1012.2,-9.491666666666667,-16.6,,,,223.15005746190923,0.9156760978150551,-2.6818181818181817,8.254545454545454,10.4,81.63636363636364,-6.996685383720789,-3.903747220674671,242.59561329263224,0.375,1,11,3.08,8.33,28.629999999999995,36.68,94.57,5.0,144.13,-3.9125000000000227,-5.754166666666606,-3.5291666666665833,0.0,,,3.6875,3.8000000000000007,-0.683911431899388,-0.7295650439250285,-0.8877801484943425,-0.4602677567887665,-3.5000643239310154,-3.583619689644168,0.0,17.0,0.19327731092436976,0.2909535452322739,16.744000000000003,6,0.4577747262396694,8.33,0.3336388888888889,13.289818181818182,0.0,43.075,-2.008333333333334,13,1,2015,104
2016-01-14,4.41,6.3,24,0.42,-6.9,0.5,-3.841666666666667,10.0,7.3999999999999995,-6.131625578725537,-3.565980205320978,84.04166666666667,97.08333333333333,426.0,76.375,1015.9250000000001,1014.4,-6.2,-9.1,,,,243.01920221063978,0.9425144892777197,-3.841666666666667,7.3999999999999995,10.0,84.04166666666667,-6.131625578725537,-3.565980205320978,243.01920221063978,0.0,1,24,6.02,7.49,25.549999999999997,38.71,98.97999999999999,5.0,148.54,0.4875000000000682,-6.116666666666561,-2.832738095238028,0.0,,,2.3583333333333334,2.1999999999999993,-0.8911586253395417,-0.4536918607192974,-0.8911586253395417,-0.4536918607192974,-5.153120330120587,-2.996909197555172,0.0,18.0,0.5887850467289719,0.29315068493150687,44.1,3,1.384884703125,7.49,0.3559722222222222,32.634,20.625255540440914,22.2,1.9625000000000004,14,1,2015,105
2016-01-15,1.54,1.6,16,0.21,-9.5,-0.2,-4.716666666666667,10.4,6.258333333333333,-5.085040211606229,-2.3361178577578507,83.875,119.41666666666667,512.0,56.416666666666664,1019.4583333333334,1017.7,-7.083333333333333,-11.1,,,,253.8870152701912,0.8496706268995007,-4.2875,6.64375,10.4,80.8125,-5.784814094735172,-1.8380193986257196,263.94088912682975,0.0,0,16,5.949999999999999,7.56,23.309999999999995,37.660000000000004,96.25,4.0,150.08,3.533333333333303,0.10833333333334849,0.30238095238109963,0.0,,,2.3666666666666663,1.5999999999999996,-0.9607162826951884,-0.27753238399210084,-0.9944135262634997,-0.10555443517063626,-4.265077477484724,-1.9594188531943972,0.0,19.0,0.20370370370370372,0.3243243243243244,16.016000000000002,4,0.5043872592773437,7.56,0.3591944444444444,10.231375,194.17692644660892,25.03333333333333,-0.875,15,1,2015,106
2016-01-16,1.61,1.9000000000000001,15,0.21,-10.8,-0.0,-4.9750000000000005,9.1,5.579166666666667,-2.9816848050079083,-1.4814698111565425,82.875,104.5,397.0,72.5,1022.5708333333333,1020.2,-7.4875,-12.9,,,,250.32562444780888,0.40753516734760287,-3.8866666666666663,5.673333333333333,9.1,81.93333333333334,-2.8300821595043937,0.12379267776292954,311.9548695403432,0.0,1,10,3.1499999999999995,7.5600000000000005,20.719999999999995,39.27,89.60000000000001,4.0,151.69,3.1124999999999545,7.133333333333326,3.1458333333332575,0.0,,,2.5124999999999993,2.0999999999999996,-0.9416212100965184,-0.33667416992749566,-0.7436716524140693,0.6685450421592607,-2.471071282150304,-1.2277681059959846,0.0,20.0,0.21296296296296297,0.36486486486486497,14.651,5,0.5193002898611111,7.5600000000000005,0.34591666666666665,9.134066666666666,95.13321179173882,27.895833333333332,-0.25833333333333375,16,1,2015,107
2016-01-17,0.35000000000000003,0.5,4,0.14,-11.2,1.7,-4.033333333333333,5.9,4.0625,1.666926152483705,-2.323263899535616,79.58333333333333,114.58333333333333,503.0,85.0,1022.9499999999999,1016.9,-7.1625000000000005,-13.5,,,,143.35758989575382,0.6637128240146829,-1.75,5.25,5.9,88.25,3.3423826604597604,-4.045734618777856,140.50011426343832,0.0,1,4,1.9599999999999993,3.5,16.24,39.620000000000005,89.46,4.0,152.04,0.37916666666660603,7.024999999999864,3.2738095238095184,0.0,,,3.1291666666666673,2.3000000000000007,0.5968189538264296,-0.8023759320627246,0.6360766814462616,-0.7716258518999418,1.326595396351615,-1.8489308533804276,0.0,21.0,0.1,0.21551724137931036,2.0650000000000004,6,0.0960654296875,3.5,0.3794444444444444,1.8375000000000001,0.0,24.375,0.9416666666666673,17,1,2015,108
2016-01-18,23.03,37.4,24,2.03,-0.9,3.3,0.8833333333333333,13.2,8.854166666666666,-1.0535138536543731,-4.478170022757971,89.83333333333333,39.166666666666664,156.0,95.70833333333333,1001.0708333333333,995.1,-0.6,-2.6,,,,195.61584173283066,0.5598819276836091,0.8833333333333333,8.854166666666666,13.2,89.83333333333333,-1.0535138536543731,-4.478170022757971,195.61584173283066,0.0,1,24,23.38,24.990000000000002,34.019999999999996,62.09,109.34,5.0,175.07,-21.879166666666606,-18.387500000000045,-15.609523809523807,0.0,,,1.4833333333333334,1.7000000000000002,-0.26918611553340566,-0.963088176235196,-0.26918611553340566,-0.963088176235196,-0.9464066118661785,-4.022889403777577,0.0,0.0,0.9215686274509803,0.734567901234568,100.0,0,4.66798558485243,24.990000000000002,0.3988888888888889,203.91145833333334,0.0,0.0,4.916666666666666,18,1,2015,109
2016-01-19,9.1,13.1,24,1.19,-8.2,-0.9,-4.733333333333333,13.7,11.7875,-10.448890716103731,-5.162142391602519,77.29166666666667,112.08333333333333,461.0,81.33333333333333,1003.8583333333332,999.5,-8.166666666666666,-11.6,,,,243.40382040918269,0.9887489097502328,-4.733333333333333,11.7875,13.7,77.29166666666667,-10.448890716103731,-5.162142391602519,243.40382040918269,0.0,0,24,32.129999999999995,32.480000000000004,41.65,69.72,118.44000000000001,5.0,184.17000000000002,2.787499999999909,-18.71250000000009,-10.608928571428578,0.0,,,3.4333333333333327,3.4000000000000004,-0.894184090854021,-0.44769946578432285,-0.894184090854021,-0.44769946578432285,-8.076121782655177,-3.9899058901761135,0.0,1.0,0.2801724137931034,0.7798319327731094,100.0,1,2.8579616406250006,32.480000000000004,0.3323611111111111,107.26625,238.83551954333322,11.7875,-5.616666666666667,19,1,2015,110
2016-01-20,12.95,18.6,24,0.84,-9.1,-0.8,-4.791666666666667,14.5,11.137500000000001,-9.402563905232169,1.6076379733756718,85.75,80.5,338.0,89.41666666666667,1013.1125000000001,1003.7,-6.808333333333334,-12.0,,,,281.87061583284213,0.8743842992581946,-4.791666666666667,11.137500000000001,14.5,85.75,-9.402563905232169,1.6076379733756718,281.87061583284213,0.0,0,24,22.049999999999997,45.08,52.99,81.62,121.24000000000001,4.0,197.12,9.254166666666833,-9.837499999999864,-1.0226190476189458,0.0,,,2.0166666666666666,2.9000000000000004,-0.978614608327919,0.20570232951328907,-0.978614608327919,0.20570232951328907,-8.062698548736584,1.3785495621696386,0.0,0.0,0.28726708074534163,0.8507265521796564,100.0,2,4.1221110432942725,45.08,0.33949999999999997,144.230625,791.8173306043387,22.275000000000002,-0.05833333333333357,20,1,2015,111
2016-01-21,2.66,3.4000000000000004,24,0.14,-7.7,-2.1,-5.370833333333334,9.1,6.620833333333334,-6.201365528621229,-1.4817399739012034,86.75,106.41666666666667,453.0,83.04166666666667,1022.8708333333334,1021.7,-7.266666666666667,-9.2,,,,253.76042911999343,0.9601878062783643,-5.370833333333334,6.620833333333334,9.1,86.75,-6.201365528621229,-1.4817399739012034,253.76042911999343,0.0,0,24,15.609999999999996,24.71,51.239999999999995,76.78999999999999,122.43,3.0,199.78,9.758333333333326,21.800000000000068,7.743452380952476,0.0,,,1.895833333333333,1.4999999999999991,-0.9601007736530347,-0.2796542587389724,-0.9601007736530347,-0.2796542587389724,-5.379684596078915,-1.285409427359294,0.0,1.0,0.10764872521246459,0.48224043715847004,24.206,3,0.9375659946831597,24.71,0.3601111111111111,17.611416666666667,465.9654380159916,19.8625,-0.5791666666666666,21,1,2015,112
2016-01-22,2.8000000000000003,3.7,20,0.28,-9.2,-2.6,-6.4624999999999995,9.8,5.970833333333334,-5.543994934335316,-1.255381707775766,86.875,96.33333333333333,409.0,87.33333333333333,1025.2124999999999,1022.6,-8.316666666666666,-10.7,,,,251.7932922001388,0.9551312932559807,-6.04,6.2700000000000005,9.8,86.5,-5.881142079252712,-1.0738871552832039,254.1101998319254,0.0,0,20,5.459999999999997,18.41,52.5,75.81,124.88,3.0,202.58,2.3416666666664696,21.35416666666663,9.263095238095161,0.0,,,1.854166666666667,1.5,-0.9499354789682745,-0.31244613263299476,-0.9617900647077657,-0.2737880045389715,-4.816345599203806,-1.0906128586301969,0.0,2.0,0.15209125475285173,0.3506666666666667,27.440000000000005,4,1.0348005500000002,18.41,0.35380555555555554,17.556000000000004,126.69940419402357,23.883333333333336,-1.091666666666666,22,1,2015,113
2016-01-23,2.73,3.3,18,0.42,-9.1,-0.2,-4.95,9.7,4.166666666666667,-1.2554663309930516,-2.974941450415161,82.45833333333333,108.91666666666667,565.0,96.45833333333333,1019.9583333333334,1012.1,-7.5874999999999995,-10.8,,,,202.45766061516494,0.781948095388048,-4.938888888888889,4.5,9.7,84.61111111111111,-1.4312647841689292,-3.1470645771963945,205.2058286355904,0.0,0,10,5.529999999999997,8.190000000000001,53.62,74.34,127.61,2.0,205.31,-5.254166666666492,6.845833333333303,4.382142857142981,0.0,,,2.6374999999999993,1.700000000000001,-0.3820006163813714,-0.924162068624466,-0.4258713364061754,-0.9047837337328839,-1.0352366120980205,-2.4530871376548347,0.0,3.0,0.33333333333333326,0.15274151436031336,26.480999999999998,5,0.9622278385416667,8.190000000000001,0.34747222222222224,12.285,0.0,20.833333333333336,1.5124999999999993,23,1,2015,114
2016-01-24,8.89,12.5,23,0.84,-12.0,-5.4,-7.55,15.5,10.658333333333333,-9.345925366216369,-4.515376320813075,81.79166666666667,97.95833333333333,464.0,95.5,1009.9333333333334,1006.9,-10.191666666666666,-14.0,,,,244.99222181919367,0.9746963096049641,-7.356521739130434,10.621739130434783,15.5,81.65217391304348,-9.404940762126712,-4.352027130244318,245.90606007978107,0.0,0,23,11.619999999999997,14.420000000000002,62.16,78.39999999999999,130.97,1.0,214.2,-10.024999999999977,-12.9375,-3.7833333333331893,0.0,,,2.6416666666666666,2.0,-0.9062504062004584,-0.4227412935371989,-0.9128773605641044,-0.40823390913729113,-7.644188122451138,-3.6932015490650274,0.0,4.0,0.616504854368932,0.23198198198198203,100.0,6,3.34532170463138,14.420000000000002,0.33794444444444444,94.42726086956523,0.0,63.95,-2.5999999999999996,24,1,2015,115
2016-01-25,2.45,3.3000000000000003,16,0.28,-13.0,-4.0,-8.579166666666667,10.7,8.454166666666667,-7.536438254660744,-2.918961861194205,84.41666666666667,96.66666666666667,373.0,77.125,1020.6666666666666,1013.8,-10.779166666666667,-15.0,,,,248.07830465460592,0.9537783964636919,-7.9875,8.95,10.3,82.0625,-8.500074575523293,-2.0107238055606866,257.13591318171126,0.041666666666666664,0,16,11.339999999999996,14.07,41.58,75.60000000000001,129.5,0.0,216.65,10.733333333333235,-4.545833333333235,4.150595238095207,0.0,,,2.1999999999999993,2.0,-0.9276949536188763,-0.3733390858590497,-0.9749009366006286,-0.22263908869562227,-6.3620099599761115,-2.464090304491442,0.0,5.0,0.17412935323383086,0.3383838383838384,26.215,5,0.9784778417968752,14.07,0.3458333333333334,21.9275,1186.0437391046726,42.270833333333336,-1.0291666666666677,25,1,2015,116
2016-01-26,0.0,0.0,0,0.0,-12.9,0.8,-6.708333333333333,10.6,6.2625,-3.1725622104043296,-4.93387387921272,79.45833333333333,159.04166666666666,600.0,21.125,1024.4666666666667,1022.4,-9.891666666666667,-14.3,,,,215.21655852793126,0.9207711820297939,0.0,0.0,0.0,0.0,0.0,0.0,,0.5416666666666666,1,0,2.4499999999999966,11.34,32.48,74.13,117.60000000000001,1.0,216.65,3.800000000000068,4.508333333333326,5.006547619047751,0.0,,,3.1833333333333345,1.4000000000000004,-0.5766684476494909,-0.8169782747940892,-0.5766684476494909,-0.8169782747940892,-2.52086505635044,-3.9203739531911066,1.0,6.0,0.0,0.34913793103448276,0.0,6,0.0,5.67,0.38866666666666666,0.0,-0.0,37.575,1.8708333333333345,26,1,2015,117
2016-01-27,0.77,0.6,8,0.21,-7.1,1.4,-3.920833333333333,12.4,9.958333333333334,-7.607486602898809,-5.9002343526836185,87.41666666666667,125.83333333333333,548.0,56.25,1027.2583333333334,1024.0,-5.733333333333333,-8.9,,,,231.5926127467478,0.9665762500740015,-5.975,10.425,11.5,88.75,-7.755411118726492,-6.8738844329669,228.7406444653862,0.0,1,6,0.7699999999999965,3.22,20.299999999999997,73.28999999999999,117.39,2.0,217.42000000000002,2.7916666666667425,17.325000000000045,5.777380952381009,0.0,,,1.8125000000000004,1.8000000000000007,-0.7836133650537443,-0.6212488181953726,-0.7517321362528868,-0.6594685703842688,-6.650211205367376,-5.157788196637597,0.0,7.0,0.23913043478260868,0.15862068965517245,9.548,3,0.267445212890625,3.22,0.4063888888888889,8.02725,153.71871121576217,29.875,2.7875,27,1,2015,118
2016-01-28,0.28,0.1,4,0.07,-6.9,2.9,-2.2958333333333334,8.7,6.545833333333333,-4.014720428349626,-4.474311649089256,88.16666666666667,128.375,546.0,67.54166666666667,1029.3416666666667,1027.8,-4.05,-8.2,,,,219.79419107578138,0.9216781880755373,2.7755575615628914e-17,5.05,5.9,95.0,-3.592559355041811,-3.0638382674129665,225.3087497769057,0.0,1,3,1.0499999999999965,1.05,17.919999999999995,69.16,111.23,3.0,217.70000000000002,2.0833333333332575,8.675000000000068,6.936309523809655,0.0,,,1.7541666666666664,1.299999999999999,-0.6400318038827075,-0.7683484170730408,-0.7109068826886095,-0.7032861467041447,-3.539645177661587,-3.944851437280361,0.0,8.0,0.26666666666666666,0.05859375000000002,2.436,4,0.06558125000000001,1.05,0.4439166666666667,1.4140000000000001,51.64304072872416,26.183333333333334,1.6249999999999996,28,1,2015,119
2016-01-29,29.54,45.2,24,1.75,-0.4,2.4,1.2166666666666666,4.8,3.0375,2.3974597321736963,-0.5070923498763048,95.95833333333333,21.75,94.0,100.0,1023.9333333333334,1018.5,0.6375000000000001,-1.2,,,,109.3109607362492,0.7916559022130445,1.2166666666666666,3.0375,4.8,95.95833333333333,2.3974597321736963,-0.5070923498763048,109.3109607362492,0.0,0,24,29.819999999999997,30.59,44.66,97.16000000000001,139.79,3.0,247.24,-5.408333333333303,-0.533333333333303,1.710714285714289,0.0,,,0.5791666666666665,0.7999999999999999,0.943737706601238,-0.3306949366697887,0.943737706601238,-0.3306949366697887,2.300562401331676,-0.48659736740213744,0.0,0.0,0.965675057208238,0.6849529780564264,100.0,0,6.240207686197917,30.59,0.3876944444444444,89.72775,0.0,0.0,3.5125,29,1,2015,120
2016-01-30,9.73,13.700000000000001,22,1.26,-1.3,1.8,0.225,6.2,4.7,0.3797386450365858,3.567757915273217,91.83333333333333,80.70833333333333,343.0,97.08333333333333,1022.35,1018.1,-0.9791666666666666,-1.9,,,,7.186248502167088,0.7670547363121495,0.14090909090909093,4.704545454545454,6.2,92.5909090909091,0.1992007899158736,3.5329520787558484,4.427841748076172,0.0,1,12,39.269999999999996,39.55,51.66,105.28,147.14,4.0,256.97,-1.5833333333333712,-4.908333333333417,-0.21428571428577925,0.0,,,1.2041666666666666,0.5999999999999999,0.12509511358443606,0.9921447538324722,0.07720351706680954,0.9970153544216432,0.34872665569193123,3.2763910188592376,0.0,1.0,0.24601769911504429,0.7655826558265583,60.32600000000001,1,2.2571919489282024,39.55,0.39991666666666664,45.77522727272727,0.0,4.7,-0.9916666666666666,30,1,2015,121
2016-01-31,1.8900000000000001,2.6,15,0.21,-2.6,0.8,-1.2208333333333334,6.8,4.5125,-4.330500885652255,0.19698908334968657,89.20833333333333,136.79166666666666,585.0,70.375,1024.3500000000001,1022.1,-2.8333333333333335,-3.5,,,,271.8566598881415,0.9442725470687905,-1.8533333333333333,4.493333333333334,6.8,93.66666666666667,-4.3358078017157515,0.4849368184417004,277.32475375663506,0.08333333333333333,1,10,11.619999999999997,41.16,44.66,106.82,146.44,5.0,258.86,2.0000000000001137,-4.991666666666561,-0.2738095238094047,0.0,,,1.6125,0.8999999999999999,-0.9994750094989502,0.03239915719696179,-0.9918394537195777,0.12749312940409616,-3.8631676650756157,0.1757306781048662,0.0,2.0,0.045918367346938785,0.9216300940438872,12.852,2,0.5286127350000001,41.16,0.40633333333333327,8.492400000000002,22.54620056892319,9.025,-1.4458333333333335,31,1,2015,122
2016-02-01,3.43,4.0,22,0.28,-5.1,-1.2,-2.6750000000000003,7.3,4.558333333333334,-0.05671325690802928,4.260120229571092,88.25,76.95833333333333,309.0,98.45833333333333,1024.3416666666667,1023.0,-4.375,-6.2,,,,8.883403079300502,0.8590340004557124,-2.5772727272727276,4.718181818181818,7.3,87.81818181818181,-0.09375777803812796,4.403597207528399,8.97473392871136,0.0,0,18,5.319999999999997,15.05,45.64,87.22,149.87,5.0,262.29,-0.008333333333439441,0.408333333333303,-0.8071428571429351,0.0,,,1.6999999999999997,1.1000000000000005,0.15442419657741846,0.9880046394179629,0.15599890285915327,0.987757228425457,-0.050049449221335834,3.7595561025964885,0.0,3.0,0.22790697674418606,0.3297546012269939,25.039,3,1.0148940807076448,15.05,0.3454722222222222,16.183363636363637,0.0,13.675,-1.4541666666666668,32,2,2015,123
2016-02-02,1.2600000000000002,1.2000000000000002,15,0.14,-8.2,-1.2,-4.9750000000000005,8.7,4.9375,-4.646109737312473,0.5267842906203188,86.16666666666667,130.75,534.0,71.95833333333333,1023.275,1021.4,-6.979166666666667,-9.5,,,,285.9674228678145,0.8666876806261433,-3.6333333333333333,5.573333333333333,8.7,83.8,-5.2370725230098625,1.398786945554832,297.78367080877877,0.0,0,11,4.689999999999997,6.58,46.9,79.38000000000001,151.13,4.0,263.55,-1.0666666666667197,0.9249999999999545,-1.7035714285715358,0.0,,,2.0041666666666664,1.3000000000000007,-0.961418261947412,0.27509075883064027,-0.8847138586188532,0.466134517460078,-4.003397890317581,0.4539124637511748,0.0,4.0,0.1914893617021277,0.14029850746268657,10.962000000000002,4,0.39953165000000007,6.58,0.3743888888888889,7.022400000000001,0.0,19.75,-2.3000000000000003,33,2,2015,124
2016-02-03,0.21000000000000002,0.0,3,0.07,-9.0,-1.1,-5.4875,5.5,4.154166666666667,-3.550270977292515,-1.176438015492571,83.875,132.20833333333334,485.0,58.75,1025.4624999999999,1023.8,-7.870833333333334,-10.4,,,,249.6087920188953,0.9045950441948261,-5.8999999999999995,3.8000000000000003,4.2,86.66666666666667,-3.12246041858088,-1.0918779645503787,248.4266298580871,0.0,0,2,1.4699999999999966,4.9,46.339999999999996,66.64,150.78,3.0,263.76,2.1874999999998863,1.1124999999997272,0.7404761904761017,0.0,,,2.3833333333333337,1.4000000000000004,-0.9373354667249731,-0.34842821759937403,-0.9299474819094109,-0.36769237263009125,-2.977789782204097,-0.986737385494394,0.0,5.0,0.04285714285714286,0.1057401812688822,1.155,5,0.07950993749999999,4.9,0.36772222222222223,0.7980000000000002,61.47343949080788,20.770833333333336,-0.5124999999999993,34,2,2015,125
2016-02-04,0.8400000000000001,0.9,11,0.14,-11.0,0.9,-5.441666666666666,11.0,7.429166666666667,-4.743428040430444,-5.093806076457783,81.04166666666667,143.16666666666666,565.0,54.875,1022.3708333333334,1019.9,-8.3375,-13.2,,,,218.4609795478952,0.9348071987428407,-2.5,9.263636363636364,11.0,84.18181818181819,-7.684968462275665,-5.023615016492649,236.55103116699695,0.20833333333333334,1,11,1.0499999999999965,2.3100000000000005,46.89999999999999,64.82,150.15,3.0,264.6,-3.0916666666664696,-1.970833333333303,-1.3553571428572013,0.0,,,2.895833333333334,2.1999999999999993,-0.6219815084831946,-0.7830319298119137,-0.8343770804861765,-0.5511940561720204,-3.8441531410988388,-4.128105341129329,0.0,6.0,0.3636363636363636,0.049253731343283605,9.24,6,0.23210369318181817,2.3100000000000005,0.38558333333333333,7.7814545454545465,0.0,44.575,0.04583333333333339,35,2,2015,126
2016-02-05,1.47,2.1,11,0.21,-4.7,1.8,-2.029166666666667,9.5,5.358333333333333,-4.64623326970474,-1.8801039079672313,87.95833333333333,132.70833333333334,536.0,60.75,1019.4583333333334,1017.5,-3.8333333333333335,-5.5,,,,242.90430221502874,0.8988452069378713,-2.8,6.918181818181818,9.5,88.9090909090909,-6.373780410330891,-2.433557036685061,249.1252630056672,0.0,1,9,2.3099999999999965,2.52,18.83,63.49,150.57000000000002,4.0,266.07,-2.9125000000000227,-3.816666666666606,-3.6285714285713766,0.0,,,1.8041666666666667,0.7999999999999998,-0.8902470079743069,-0.4554780618128544,-0.9343616773614086,-0.3563260527640028,-4.086749346811128,-1.653708062382844,0.0,7.0,0.5833333333333334,0.1338289962825279,13.965,6,0.429721090909091,2.52,0.42166666666666663,10.169727272727272,0.0,32.15,3.4124999999999996,36,2,2015,127
2016-02-06,3.92,5.3,21,0.7,-6.0,1.2,-2.65,9.4,5.1125,-3.045096842218865,-0.32512354632991436,86.58333333333333,140.66666666666666,600.0,74.70833333333333,1016.5208333333334,1014.8,-4.716666666666667,-7.1,,,,273.66463170918837,0.45618310275091906,-2.5857142857142854,5.180952380952381,9.4,86.95238095238095,-2.968098765738063,-0.06426492715942796,286.63144187666006,0.0,1,11,5.389999999999996,6.23,13.019999999999996,64.67999999999999,147.0,4.0,269.99,-2.9375,-8.941666666666492,-5.733333333333235,0.0,,,2.066666666666667,1.0999999999999996,-0.9979552634916364,0.06391628954608151,-0.9581656546087162,0.2862142175508591,-2.636546349221167,-0.2815028038639842,0.0,8.0,0.6292134831460674,0.47849462365591416,36.848,0,1.1535226666666665,6.23,0.4090555555555555,20.309333333333335,0.0,0.0,-0.6208333333333331,37,2,2015,128
2016-02-07,2.1,2.3,17,0.21,-10.2,-1.9,-4.925,7.4,4.458333333333333,-2.4717418885815983,2.991479297557154,86.54166666666667,144.45833333333334,567.0,77.75,1020.6208333333334,1017.9,-6.870833333333334,-11.7,,,,314.8441464173677,0.72832087772768,-3.905882352941177,5.405882352941177,7.4,84.58823529411765,-3.1096517820452902,4.245416433475598,325.5921824012718,0.0,0,17,6.019999999999996,7.49,13.229999999999997,57.88999999999999,145.32,3.0,272.09,4.100000000000023,-1.75,-1.1005952380952522,0.0,,,1.9458333333333337,1.5,-0.7090276050689963,0.7051807252400788,-0.5650795789925802,0.8250364048971223,-2.1390866260766583,2.588876042094254,0.0,9.0,0.28037383177570097,0.5661375661375663,15.540000000000001,1,0.6807261721453287,7.49,0.38477777777777783,11.352352941176472,130.04563752513474,4.458333333333333,-2.275,38,2,2015,129
2016-02-08,0.0,0.0,0,0.0,-13.5,-0.9,-7.1125,8.0,4.008333333333334,-1.1122747491232459,-3.14413699638143,74.0,188.20833333333334,600.0,18.75,1019.0416666666666,1015.2,-11.3125,-15.4,,,,199.1676450541515,0.801429503642814,0.0,0.0,0.0,0.0,0.0,0.0,,0.75,0,0,2.0999999999999965,6.02,9.799999999999997,55.44,141.12,3.0,272.09,-1.5791666666667652,-0.41666666666674246,-1.9226190476190368,0.0,,,4.2,1.9000000000000004,-0.32833330467933075,-0.9445619307585659,-0.32833330467933075,-0.9445619307585659,-0.823083314351202,-2.3266613773222584,1.0,10.0,0.0,0.6142857142857144,0.0,2,0.0,3.01,0.37213888888888885,0.0,-0.0,8.016666666666667,-2.1875,39,2,2015,130
2016-02-09,10.01,14.8,24,0.7,-7.8,0.5,-3.891666666666667,10.1,8.258333333333333,-6.466590778672631,-3.1568330000932714,86.625,116.58333333333333,521.0,91.58333333333333,1013.6041666666666,1010.4,-5.8125,-9.7,,,,243.61164335846385,0.8758484853959273,-3.891666666666667,8.258333333333333,10.1,86.625,-6.466590778672631,-3.1568330000932714,243.61164335846385,0.0,1,24,10.009999999999996,12.11,18.549999999999997,65.45,146.3,4.0,282.1,-5.4375,-2.9166666666667425,-5.978571428571399,0.0,,,1.920833333333333,1.8999999999999995,-0.8958020982557812,-0.4444531479926089,-0.8958020982557812,-0.4444531479926089,-5.601684262025167,-2.7346065863307962,0.0,0.0,0.8265895953757225,0.6528301886792454,100.0,0,3.1175247836371525,12.11,0.3775833333333333,82.66591666666666,0.0,0.0,3.2208333333333328,40,2,2015,131
2016-02-10,4.62,6.2,21,0.56,-7.2,-2.4,-4.958333333333333,11.5,8.320833333333333,-8.115054719166642,1.1495018632137086,87.91666666666667,122.04166666666667,501.0,79.0,1025.7708333333333,1019.1,-6.679166666666667,-8.5,,,,275.88960073151185,0.9817627015563456,-4.685714285714286,8.928571428571429,11.5,87.57142857142857,-8.7085357161163,1.3643835724384463,277.7014170075752,0.0,0,21,14.629999999999995,14.629999999999999,22.959999999999997,69.30000000000001,145.67000000000002,4.0,286.72,12.166666666666629,5.149999999999864,6.1440476190474556,0.0,,,1.720833333333334,1.2999999999999998,-0.9947214577299685,0.10261199506669046,-0.9909798857394331,0.13401069382650113,-7.134485607267339,1.010603721408719,0.0,1.0,0.31578947368421056,0.6371951219512195,53.13,1,1.5068919642857146,14.629999999999999,0.3744166666666667,41.25,762.8677287317855,8.320833333333333,-1.066666666666666,41,2,2015,132
2016-02-11,0.0,0.0,0,0.0,-8.2,2.6,-3.795833333333333,5.0,2.875,0.6553513771928919,-0.9443479308666515,79.125,183.95833333333334,600.0,27.5,1032.3500000000001,1031.6,-7.066666666666666,-9.6,,,,166.26547169457402,0.3026232947713684,0.0,0.0,0.0,0.0,0.0,0.0,,0.625,1,0,4.6199999999999966,14.629999999999999,22.119999999999997,69.02000000000001,144.20000000000002,4.0,286.72,6.579166666666879,13.308333333333508,11.29761904761915,0.0,,,3.2708333333333335,1.4000000000000004,0.23742359021100048,-0.9714062171982012,0.23742359021100048,-0.9714062171982012,0.5185467772038758,-0.747215300298238,1.0,2.0,0.0,0.6613924050632912,0.0,2,0.0,7.3149999999999995,0.44416666666666665,0.0,-0.0,5.75,1.1625,42,2,2015,133
2016-02-12,0.0,0.2,0,0.0,-8.1,9.4,-0.3208333333333333,7.8,5.245833333333334,0.23025992647416002,-5.1541296037712065,79.58333333333333,155.41666666666666,600.0,51.958333333333336,1028.2250000000001,1024.2,-3.6875,-10.6,,,,179.5140932239436,0.9832919878678836,0.0,0.0,0.0,0.0,0.0,0.0,,0.2916666666666667,0,0,0.0,4.62,20.65,39.48,142.59,3.0,286.72,-4.125,14.620833333333508,5.920238095238233,0.0,,,3.3666666666666667,2.5,0.008480571442731937,-0.9999640393074166,0.008480571442731937,-0.9999640393074166,0.183248524819019,-4.101828143001252,2.0,3.0,0.0,0.22372881355932206,0.0,3,0.0,1.54,0.5777777777777778,0.0,-0.0,15.7375,3.4749999999999996,43,2,2015,134
2016-02-13,0.0,8.9,0,0.0,1.2,8.5,4.7625,10.1,7.054166666666667,1.070994858762922,-6.889086617135798,91.20833333333333,72.04166666666667,352.0,94.375,1017.9791666666666,1008.7,3.4333333333333336,0.5,,,,172.2032298492563,0.9885337007589574,0.0,0.0,0.0,0.0,0.0,0.0,,0.0,0,0,0.0,0.0,16.729999999999997,29.75,138.18,2.0,286.72,-10.245833333333508,-7.791666666666629,-4.533928571428646,0.0,,,1.3291666666666666,0.7,0.13565972227298012,-0.9907554893881829,0.13565972227298012,-0.9907554893881829,0.9768365607633486,-6.283421085379275,3.0,4.0,,0.0,0.0,4,0.0,0.0,0.5409444444444444,0.0,-0.0,28.21666666666667,5.083333333333334,44,2,2015,135
2016-02-14,1.12,23.7,8,0.42,3.1,11.9,6.575,10.9,9.0375,-5.157953959391344,-3.6411186742412966,93.41666666666667,75.5,379.0,98.5,1002.35,998.6,5.5625,2.6,,,,236.00718667309985,0.7078710929647827,3.95,8.5875,10.5,95.625,-8.381081533670242,0.1702505452015608,270.44831061739325,0.0,0,8,1.1199999999999966,1.12,15.749999999999996,28.98,137.76,2.0,287.84000000000003,-15.629166666666606,-30.000000000000114,-17.5529761904761,0.0,,,1.0125000000000002,0.5,-0.8291077062186373,-0.5590889119709582,-0.999969388784648,0.007824416505883473,-4.818388657064747,-3.4014116948537447,0.0,5.0,1.0,0.07111111111111114,12.208000000000002,5,0.1512159687499999,1.12,0.6261666666666666,9.618000000000002,0.0,45.1875,1.8125,45,2,2015,136
2016-02-15,7.14,10.9,24,0.77,-6.6,2.9,-2.158333333333333,10.8,8.570833333333335,-4.936813207798026,6.252884838882426,90.75,90.95833333333333,408.0,92.41666666666667,1010.3333333333334,1005.3,-3.4791666666666665,-8.6,,,,319.44657509062,0.9303809904541018,-2.158333333333333,8.570833333333335,10.8,90.75,-4.936813207798026,6.252884838882426,319.44657509062,0.0,0,24,8.259999999999996,8.26,22.889999999999997,32.69,143.29000000000002,2.0,294.98,7.9833333333333485,-17.891666666666765,-8.325595238095275,0.0,,,1.3208333333333333,2.0,-0.6501567992705988,0.759800063412876,-0.6501567992705988,0.759800063412876,-4.4801579860767085,5.674492991285802,0.0,6.0,0.864406779661017,0.3608562691131499,77.112,6,1.937750522786458,8.26,0.42758333333333337,61.195750000000004,260.12068791887845,51.42500000000001,-8.733333333333334,46,2,2015,137
2016-02-16,2.38,3.2,15,0.35,-7.2,0.7,-3.9416666666666664,12.4,8.404166666666667,-7.403777042933445,-3.4531736110952287,76.20833333333333,172.79166666666666,600.0,81.875,1014.7166666666667,1012.7,-7.7250000000000005,-9.8,,,,245.66632923590475,0.9653345019653978,-4.0200000000000005,8.126666666666667,11.5,81.33333333333333,-7.387457959267535,-2.717282429335043,251.53443693480477,0.0,1,10,9.519999999999996,10.64,15.259999999999996,33.81,145.32,2.0,297.36,4.383333333333326,-3.262499999999932,-4.101190476190368,0.0,,,3.783333333333334,2.6000000000000005,-0.9111612864007633,-0.41204988795594405,-0.9485141960286754,-0.31673462067174724,-5.642295088135529,-2.6316060561221555,0.0,7.0,0.22368421052631576,0.6972477064220186,29.512,1,0.7494501991666668,10.64,0.3847777777777777,19.341466666666665,233.148173194483,8.404166666666667,-1.7833333333333332,47,2,2015,138
2016-02-17,7.14,10.2,21,0.98,-6.5,-1.0,-3.766666666666667,10.7,7.0625,-6.050434511563327,-0.774649914281143,84.08333333333333,126.16666666666667,563.0,75.625,1019.2125,1014.1,-6.125,-8.7,,,,261.8996009148333,0.8641697245355391,-3.419047619047619,7.509523809523809,10.7,83.61904761904762,-6.538367026382497,-0.4745829979095733,267.76545120499,0.0,0,21,9.519999999999996,16.659999999999997,17.779999999999998,40.739999999999995,129.42999999999998,2.0,304.5,4.49583333333328,16.862499999999955,1.3315476190475692,0.0,,,2.358333333333333,2.1999999999999993,-0.9900226762661238,-0.14090812779560205,-0.9992395872737652,-0.03899034784347755,-5.08740701847283,-0.6513514695913944,0.0,8.0,0.42857142857142866,0.9370078740157479,76.398,2,2.170455470238095,16.659999999999997,0.3643888888888889,53.61799999999999,191.0701547480546,14.125,0.17499999999999938,48,2,2015,139
2016-02-18,0.0,0.0,0,0.0,-9.6,4.7,-3.3666666666666667,6.5,4.866666666666666,-1.7511468594859794,-3.8135191524626992,67.58333333333333,206.20833333333334,600.0,9.625,1025.2958333333333,1023.2,-8.825000000000001,-13.5,,,,207.26559785060667,0.8439359333365325,0.0,0.0,0.0,0.0,0.0,0.0,,0.7916666666666666,1,0,7.139999999999996,9.52,17.779999999999998,39.9,120.33,2.0,304.5,6.083333333333371,14.962499999999977,8.422619047618923,0.0,,,5.458333333333334,3.9000000000000004,-0.4581159187056978,-0.8888924597657664,-0.4581159187056978,-0.8888924597657664,-1.1834834192026076,-2.5773033605393736,1.0,9.0,0.0,0.5354330708661418,0.0,3,0.0,4.76,0.46719444444444447,0.0,-0.0,14.599999999999998,0.40000000000000036,49,2,2015,140
2016-02-19,0.07,0.1,1,0.07,-6.7,4.8,-1.6208333333333333,12.3,8.008333333333333,-4.5491892255090525,-5.5678383647082805,80.29166666666667,181.16666666666666,600.0,47.25,1026.925,1024.7,-4.675,-10.5,,,,214.4952755818677,0.8930132724135095,-6.0,9.2,9.2,77.0,-4.033014550459512,-8.268905225952334,206.0,0.16666666666666666,1,1,0.06999999999999645,7.21,17.849999999999998,38.5,107.44999999999999,3.0,304.57,1.629166666666606,12.208333333333258,10.237499999999955,0.0,,,3.0541666666666663,3.8,-0.5663382803133332,-0.824172889782075,-0.43837114678907746,-0.8987940462991669,-3.6526198489816437,-4.4705102203303575,0.0,10.0,0.00970873786407767,0.40392156862745104,0.8610000000000001,4,0.024780000000000003,7.21,0.4950833333333334,0.644,44.0220342409933,32.03333333333333,1.7458333333333333,50,2,2015,141
2016-02-20,5.25,23.4,12,1.47,-1.2,5.2,2.3208333333333333,8.1,4.991666666666666,1.2780802709050771,-3.7453249575264387,84.91666666666667,69.125,289.0,99.83333333333333,1020.0500000000001,1009.3,-0.03333333333333335,-3.7,,,,165.0356648687485,0.8250187201394075,3.9916666666666667,6.3,8.1,87.5,2.3890285547923065,-3.925633152290923,151.07586044393946,0.0,0,8,5.319999999999997,5.32,23.099999999999998,39.83,110.03999999999999,3.0,309.82,-6.874999999999886,0.837500000000091,3.0666666666667197,0.0,,,2.3541666666666665,2.5,0.25821773574235163,-0.9660867460782665,0.48365118645494637,-0.87526083531752,1.0853031633768948,-3.180405109766201,0.0,11.0,0.9868421052631579,0.23030303030303034,42.525,5,0.7264919921874998,5.32,0.4446944444444445,33.074999999999996,0.0,24.958333333333332,3.9416666666666664,51,2,2015,142
2016-02-21,5.11,9.9,24,0.63,-2.6,3.6,1.3416666666666668,12.8,9.933333333333334,-9.820269953967074,0.21774758995691065,89.25,149.5,595.0,82.66666666666667,1020.875,1009.9,-0.2625,-3.7,,,,270.0836450079223,0.98725499638796,1.3416666666666668,9.933333333333334,12.8,89.25,-9.820269953967074,0.21774758995691065,270.0836450079223,0.0,0,24,10.359999999999996,10.43,27.089999999999996,42.84,112.35,3.0,314.93,0.8249999999999318,-4.4208333333333485,1.2452380952381645,0.0,,,1.6041666666666667,1.1,-0.9999989343742272,0.0014598802725386232,-0.9999989343742272,0.0014598802725386232,-8.764590933915613,0.19433972403654276,0.0,12.0,0.48993288590604034,0.3850129198966409,65.408,6,0.9687610746527777,10.43,0.4771666666666667,50.75933333333334,21.064479051257635,59.6,-0.9791666666666665,52,2,2015,143
2016-02-22,1.19,1.6,9,0.21,-3.3,3.3,-1.075,5.4,3.3791666666666664,-0.40595211776870804,0.728823731993831,84.08333333333333,139.70833333333334,566.0,90.875,1031.45,1028.2,-3.5541666666666667,-4.5,,,,353.9319145720424,0.23585083600659607,-2.5999999999999996,3.8444444444444446,5.4,90.44444444444444,-2.409280414339261,2.1601725527840303,315.3658942785477,0.0,1,9,6.299999999999997,11.55,21.139999999999997,44.03,110.81,4.0,316.12,10.575000000000045,4.525000000000091,8.803571428571558,0.0,,,2.479166666666667,1.2000000000000002,-0.10571019436479194,0.9943969804898635,-0.7025767671556571,0.7116079582558823,-0.3413380723571887,0.6128192879848129,0.0,13.0,0.10303030303030301,0.5463576158940399,6.426,5,0.3568363750000001,11.55,0.44675000000000004,4.574888888888889,84.07786325940472,16.895833333333332,-2.416666666666667,53,2,2015,144
2016-02-23,4.2,6.8,16,0.98,-2.8,4.0,0.7999999999999999,10.5,5.925,-5.223603519548688,-1.0289644917183889,87.875,126.0,496.0,87.58333333333333,1024.4624999999999,1020.1,-1.0833333333333333,-4.0,,,,246.71552248682548,0.872105105467068,1.58125,7.125,10.5,88.0625,-6.8218792328713524,-0.23845881685322745,262.23197835034597,0.0,0,13,5.389999999999996,10.5,22.959999999999997,38.22,106.12,3.0,320.32,-6.987500000000182,4.412499999999795,0.4238095238092683,0.0,,,1.8833333333333333,1.2000000000000002,-0.9185535082317503,-0.3952966639312098,-0.9908234327489599,-0.13516258770668532,-4.59024159280341,-0.9042025470975342,0.0,14.0,0.4,0.4573170731707318,44.1,6,0.8052402832031249,10.5,0.46580555555555553,29.925,0.0,35.55,1.875,54,2,2015,145
2016-02-24,4.13,5.9,24,0.77,-5.8,-0.6,-3.0625,10.1,5.983333333333333,-4.23640372996153,3.846383772788364,86.04166666666667,142.125,534.0,88.75,1028.2041666666667,1025.8,-5.091666666666667,-7.3,,,,305.7332658448626,0.9048944430075929,-3.0625,5.983333333333333,10.1,86.04166666666667,-4.23640372996153,3.846383772788364,305.7332658448626,0.0,0,24,8.329999999999995,9.52,19.949999999999996,37.73,107.8,3.0,324.45,3.741666666666788,7.3291666666666515,2.8809523809522943,0.0,,,2.029166666666667,1.5,-0.8117445868719046,0.5840126074702162,-0.8117445868719046,0.5840126074702162,-3.6450723759877333,3.3094927045033216,0.0,15.0,0.4338235294117647,0.47719298245614045,41.713,4,1.2478313704427082,9.52,0.3815555555555556,24.711166666666667,91.93702161305143,23.933333333333334,-3.8625,55,2,2015,146
2016-02-25,1.75,1.8,17,0.28,-7.8,-2.0,-5.495833333333334,9.2,5.491666666666667,-4.482324671579479,-2.43652846839878,77.83333333333333,176.0,600.0,64.70833333333333,1030.1291666666666,1028.1,-8.9,-9.8,,,,242.35831761427175,0.9328667010070664,-6.205882352941177,5.147058823529412,9.2,81.58823529411765,-4.087044796198494,-2.5113884022264505,239.7014718124431,0.125,0,13,5.879999999999996,10.08,21.699999999999996,39.48,109.55,2.0,326.2,1.9249999999999545,-1.3208333333334394,4.115476190476102,0.0,,,3.404166666666667,2.000000000000001,-0.8858662992605454,-0.46394062102215816,-0.8634085106139358,-0.5045054447668778,-3.4887427027126945,-1.8964313245703834,0.0,16.0,0.1736111111111111,0.46451612903225814,16.099999999999998,5,0.6633910710423875,10.08,0.3767777777777777,9.007352941176471,61.366977614918945,27.458333333333336,-2.4333333333333336,56,2,2015,147
2016-02-26,2.73,3.4,19,0.35,-9.0,-0.5,-5.2625,11.4,8.2875,-6.451396142445895,-4.3646489392346295,81.41666666666667,171.08333333333334,581.0,73.375,1028.9666666666667,1026.4,-8.012500000000001,-11.2,,,,233.0947356925817,0.928969587341502,-4.557894736842105,8.426315789473684,11.4,80.52631578947368,-7.198706364280949,-4.005867752471141,239.314894008385,0.0,0,13,4.479999999999997,8.61,24.359999999999996,42.21,111.51,1.0,328.93,-1.162499999999909,4.504166666666833,2.66130952380945,0.0,,,2.750000000000001,2.1999999999999993,-0.7996294888032991,-0.6004936974158634,-0.8599849579123161,-0.5103193825091812,-5.252511692641366,-3.553551678026861,0.0,17.0,0.3170731707317073,0.353448275862069,31.122,6,0.8889239683171744,8.61,0.3854444444444445,23.003842105263157,0.0,49.724999999999994,0.2333333333333334,57,2,2015,148
2016-02-27,2.8,4.8,10,0.49,-9.4,4.4,-2.2416666666666667,12.3,7.3875,-4.455025883868481,-5.018256338380235,77.66666666666667,176.20833333333334,600.0,57.041666666666664,1026.5874999999999,1021.7,-5.941666666666666,-11.5,,,,216.08733177667182,0.893867456284949,0.6,9.53,12.3,84.5,-7.4927494676913495,-5.470374018871781,233.50974737393847,0.20833333333333334,1,10,5.529999999999996,7.279999999999999,21.909999999999997,45.01,114.03,2.0,331.73,-2.3791666666668334,-1.616666666666788,-0.6517857142857792,0.0,,,3.6999999999999997,2.0999999999999996,-0.5890176946060851,-0.8081201367624326,-0.8039580424782381,-0.5946860229857093,-3.460070103137854,-3.8975124228086493,0.0,18.0,0.38461538461538464,0.3322683706070288,34.44,6,0.5796157499999999,7.279999999999999,0.47413888888888894,26.683999999999997,0.0,44.325,3.0208333333333335,58,2,2015,149
2016-02-28,0.35,0.6000000000000001,3,0.21,-5.7,7.1,0.037499999999999964,12.3,5.3125,-1.4383393503586521,-3.9842642980101197,76.20833333333333,222.875,600.0,24.458333333333332,1025.1666666666667,1019.0,-4.029166666666667,-7.3,,,,212.1832471796756,0.7211372232078694,-2.4,8.633333333333333,9.8,93.0,-7.312729179241227,-4.535930736356844,237.67009788155238,0.5,1,3,3.1499999999999964,5.879999999999999,17.149999999999995,44.24,84.84,3.0,332.08,-1.4208333333331211,-4.962499999999864,-2.6857142857143117,0.0,,,4.066666666666666,1.5999999999999996,-0.5326288332903387,-0.846348938646332,-0.8449828447505248,-0.5347934106524785,-1.0961344465858227,-3.036341417108545,0.0,19.0,0.05952380952380953,0.3428571428571429,4.305,5,0.09679104166666665,5.879999999999999,0.5603888888888888,3.0216666666666665,0.0,26.5625,2.279166666666667,59,2,2015,150
2016-02-29,18.2,27.8,19,1.54,-4.1,3.2,-0.020833333333333315,14.1,9.279166666666667,-4.196806294125359,-1.3968077941055075,87.20833333333333,55.708333333333336,210.0,88.29166666666667,1013.2666666666668,1010.2,-1.8916666666666666,-6.1,,,,268.2824663294087,0.5847725606281579,0.2894736842105263,8.052631578947368,13.8,89.3157894736842,-6.112173618351669,1.8043540971165555,286.3629079604717,0.08333333333333333,1,19,18.549999999999997,21.349999999999998,34.16,55.3,93.31,3.0,350.28,-11.899999999999977,-15.699999999999932,-11.98809523809507,0.0,,,1.8708333333333333,2.0,-0.9995507348435546,-0.029972128281286148,-0.9594965552123947,0.2817203587523413,-3.659964822335157,-1.2181327971095113,0.0,0.0,0.8524590163934427,0.625,100.0,0,3.9735537569252073,21.349999999999998,0.3989444444444445,146.5578947368421,0.0,0.0,-0.05833333333333328,60,2,2015,151
2016-03-01,4.34,5.9,18,0.91,-8.6,-3.7,-5.795833333333333,13.6,10.362499999999999,-9.768648667829925,0.32552358430771383,79.20833333333333,158.5,579.0,78.58333333333333,1022.4250000000001,1015.9,-8.866666666666665,-11.2,,,,266.9764769508421,0.9220912697657969,-5.211111111111111,11.633333333333333,13.6,77.5,-11.40052314912403,1.8079576139750873,278.5424629982771,0.0,0,18,22.539999999999996,22.889999999999997,34.29999999999999,57.260000000000005,95.75999999999999,3.0,354.62,9.158333333333303,-4.162499999999795,-2.5386904761904816,0.0,,,3.070833333333332,2.5999999999999996,-0.9986079638225026,-0.052745943827703604,-0.9889060473775225,0.14854234904620708,-7.737583798976953,0.25784180573706833,0.0,1.0,0.18960244648318045,0.6673469387755103,59.023999999999994,1,1.4104090810185186,22.889999999999997,0.3696944444444444,50.48866666666666,897.9242040969208,10.362499999999999,-5.775,61,3,2015,152
2016-03-02,1.05,0.9,11,0.28,-9.3,1.0,-4.55,11.6,8.375,-6.253521549533499,-4.6162318409014205,77.75,191.125,600.0,59.0,1025.0458333333333,1023.8,-7.958333333333333,-12.2,,,,231.2863744026953,0.9296717068660915,-3.7818181818181817,8.627272727272727,11.4,74.9090909090909,-7.592296368277982,-3.639258213404,243.61374383971756,0.0,1,8,5.389999999999996,23.59,31.21999999999999,51.17,93.38,4.0,355.67,2.6208333333332803,-0.12083333333339397,0.533333333333303,0.0,,,3.408333333333333,2.8999999999999986,-0.7802816953551988,-0.6254282340074013,-0.8958183914456622,-0.4444203073079653,-4.862113004762295,-3.5891202563008546,0.0,2.0,0.04451038575667656,0.7556053811659195,12.18,2,0.3227588274793388,23.59,0.4088055555555556,9.058636363636364,185.0527336063117,16.75,1.2458333333333336,62,3,2015,153
2016-03-03,0.7000000000000001,1.4,6,0.21,-7.0,4.9,-0.8166666666666668,12.6,9.041666666666666,-6.837307174123729,-4.493325649431267,82.79166666666667,171.91666666666666,600.0,47.166666666666664,1025.3208333333334,1023.1,-3.4499999999999997,-10.2,,,,235.74336693750212,0.8951930477600027,2.3666666666666667,11.433333333333332,12.6,74.83333333333333,-10.561146497733171,-3.593668273254652,250.5537004992,0.125,1,6,1.7499999999999964,6.09,30.16999999999999,51.870000000000005,92.82000000000001,5.0,356.37,0.27500000000009095,12.054166666666674,1.4952380952381645,0.0,,,2.633333333333333,3.1999999999999993,-0.8265245883482849,-0.5629006172102659,-0.9429539376728285,-0.3329232215200786,-5.6607205645766046,-3.72009919392497,0.0,3.0,0.1149425287356322,0.2018561484918794,8.82,3,0.11449204861111112,6.09,0.4994722222222223,8.003333333333334,20.330207008143077,27.125,3.733333333333333,63,3,2015,154
2016-03-04,0.0,0.0,0,0.0,-2.0,7.6,1.9625000000000001,4.4,3.158333333333333,-0.5498631600025118,-1.7394700956141769,74.95833333333333,233.0,600.0,15.333333333333334,1030.0833333333333,1028.7,-2.4375,-5.9,,,,200.99571336069025,0.4752570177077436,0.0,0.0,0.0,0.0,0.0,0.0,,0.875,1,0,0.6999999999999965,1.75,27.43999999999999,51.800000000000004,92.61,6.0,356.37,4.762499999999818,7.658333333333189,6.098214285714221,0.0,,,4.4,3.9000000000000004,-0.35829810181740057,-0.9336072355300422,-0.35829810181740057,-0.9336072355300422,-0.41216826035188275,-1.3038777925041267,1.0,4.0,0.0,0.06377551020408165,0.0,4,0.0,0.875,0.5740833333333333,0.0,-0.0,12.633333333333333,2.779166666666667,64,3,2015,155
2016-03-05,0.0,0.0,0,0.0,-1.7,12.1,4.066666666666666,10.8,4.479166666666667,0.9788242353593039,-4.284494438543696,81.375,155.66666666666666,584.0,34.083333333333336,1029.3374999999999,1026.7,1.0458333333333334,-3.9,,,,169.0001585041057,0.9774134350465089,0.0,0.0,0.0,0.0,0.0,0.0,,0.3333333333333333,0,0,0.0,0.7000000000000001,24.639999999999993,46.550000000000004,91.77000000000001,5.0,356.37,-0.745833333333394,4.291666666666515,4.959523809523716,0.0,,,3.020833333333333,2.2,0.19080627978419215,-0.9816277113014468,0.19080627978419215,-0.9816277113014468,0.7965182215236335,-3.486507349364933,2.0,5.0,0.0,0.02840909090909092,0.0,5,0.0,0.23333333333333336,0.6439166666666666,0.0,-0.0,22.395833333333336,2.104166666666666,65,3,2015,156
2016-03-06,0.0,0.2,0,0.0,2.6,12.9,7.1875,10.8,8.983333333333333,1.5628439888104753,-8.691378951242507,81.375,199.95833333333334,600.0,76.20833333333333,1022.5,1019.8,4.058333333333334,0.4,,,,169.6378878570299,0.9826570986825203,0.0,0.0,0.0,0.0,0.0,0.0,,0.16666666666666666,0,0,0.0,0.0,24.289999999999992,41.44,90.30000000000001,4.0,356.37,-6.837499999999864,-2.8208333333334394,-1.4970238095237391,0.0,,,3.1291666666666664,2.2,0.1798687016361971,-0.9836906272663721,0.1798687016361971,-0.9836906272663721,1.2717642958945243,-7.07260962157359,3.0,6.0,,0.0,0.0,6,0.0,0.0,0.6912222222222223,0.0,-0.0,53.89999999999999,3.1208333333333336,66,3,2015,157
2016-03-07,0.0,2.5,0,0.0,2.2,12.3,7.075,6.5,3.1208333333333336,1.2641164354046832,-1.2490390814121375,89.625,124.83333333333333,485.0,89.54166666666667,1018.4250000000001,1015.8,5.404166666666666,2.0,,,,125.79398056773601,0.6326886593637839,0.0,0.0,0.0,0.0,0.0,0.0,,0.041666666666666664,0,0,0.0,0.0,6.089999999999993,40.25,86.38000000000001,3.0,356.37,-4.074999999999932,-11.65833333333319,-6.30892857142851,0.0,,,1.6708333333333343,0.20000000000000018,0.811125269530169,-0.5848724622767008,0.811125269530169,-0.5848724622767008,1.1329643552314475,-1.1194512767156282,4.0,7.0,,0.0,0.0,6,0.0,0.0,0.6553055555555556,0.0,-0.0,18.725,-0.11249999999999982,67,3,2015,158
2016-03-08,0.0,2.3,0,0.0,1.4,11.0,5.733333333333333,7.5,4.858333333333333,-3.5742354483683223,-0.9968457206688702,91.375,171.25,600.0,70.54166666666667,1016.6958333333333,1014.9,4.3374999999999995,1.1,,,,251.86804074334475,0.7539980007061718,0.0,0.0,0.0,0.0,0.0,0.0,,0.041666666666666664,0,0,0.0,0.0,1.749999999999993,36.05,84.28,3.0,356.37,-1.7291666666667425,-12.641666666666538,-7.219642857142844,0.0,,,1.395833333333334,0.2999999999999998,-0.9503422902400375,-0.3112065734866799,-0.9503422902400375,-0.3112065734866799,-3.2659576409465547,-0.9108677772611802,5.0,8.0,,0.0,0.0,6,0.0,0.0,0.6631944444444443,0.0,-0.0,29.15,-1.3416666666666668,68,3,2015,159
2016-03-09,12.67,19.3,22,1.26,-1.0,3.9,1.6458333333333333,6.2,3.5541666666666667,1.3866334629706307,2.674372317867716,94.75,34.166666666666664,134.0,98.95833333333333,1019.1166666666667,1017.6,0.8958333333333334,-1.4,,,,32.03323579106566,0.8477333551578942,1.8636363636363635,3.3227272727272723,5.6,94.54545454545455,1.2673047417611538,2.428690987632832,32.62605616033616,0.0,0,22,12.669999999999996,12.67,13.369999999999992,44.589999999999996,96.94999999999999,2.0,369.04,2.4208333333333485,-3.3833333333333258,-3.95178571428562,0.0,,,0.7499999999999999,0.3999999999999999,0.5304111056878811,0.8477405611169961,0.5391538478099724,0.8422072953802414,1.3138352061646725,2.533967771179661,0.0,0.0,1.0,0.9476439790575921,78.554,0,2.4701518059142558,12.67,0.4252777777777778,42.09895454545454,0.0,0.0,-4.0875,69,3,2015,160
2016-03-10,2.45,3.1,17,0.35,-2.5,1.3,-0.9208333333333334,5.6,3.975,-1.040215587781031,3.675395090948473,88.0,121.375,506.0,99.625,1021.2624999999999,1020.0,-2.7083333333333335,-3.5,,,,347.8440692740653,0.9515925687723263,-0.9176470588235294,4.011764705882353,5.6,87.88235294117646,-1.2797698261622283,3.6612585961185045,344.75949757055497,0.0,1,12,15.119999999999997,15.120000000000001,15.119999999999994,45.29,89.39,2.0,371.49,2.1458333333332575,2.8374999999998636,-1.2261904761904816,0.0,,,1.7875,1.0,-0.21057295074217186,0.9775781464495484,-0.2628712839575672,0.9648309116474763,-0.9153897172473073,3.2343476800346567,0.0,1.0,0.16203703703703703,1.0000000000000004,13.72,1,0.6351722491349482,15.120000000000001,0.40313888888888894,9.828823529411766,6.865431879932545,3.975,-2.5666666666666664,70,3,2015,161
2016-03-11,0.42000000000000004,0.2,6,0.07,-4.2,2.7,-1.3083333333333333,7.9,4.1000000000000005,-3.3305713281827583,2.08512367134272,79.625,221.04166666666666,600.0,63.833333333333336,1021.5166666666668,1019.4,-4.558333333333334,-6.0,,,,304.22269027979684,0.9397579291910176,-3.15,2.433333333333333,3.4,90.16666666666667,-1.1335813248209845,1.8526637618872288,324.5641871873077,0.08333333333333333,1,4,2.8699999999999966,15.540000000000001,15.539999999999994,42.98,85.19,2.0,371.91,0.2541666666668334,4.820833333333439,0.251785714285802,0.0,,,3.25,1.7999999999999998,-0.8268579131138151,0.5624108742912665,-0.579790555998062,0.8147655559579444,-2.6519674200655214,1.6602797233066409,0.0,2.0,0.02702702702702703,1.0000000000000004,3.3180000000000005,2,0.13387521875,15.540000000000001,0.4727777777777778,1.022,1.210098064247195,8.200000000000001,-0.38749999999999996,71,3,2015,162
2016-03-12,0.8400000000000001,0.1,12,0.07,-5.0,3.1,-1.5250000000000001,6.2,2.6791666666666667,0.17913451451198914,1.008256535110023,82.29166666666667,207.75,600.0,64.25,1024.8500000000001,1023.1,-4.354166666666667,-6.4,,,,42.0892704975313,0.20501250613772626,-3.4333333333333336,1.3416666666666668,3.3,91.0,0.0641114717685979,-0.8658599571901234,165.83581784343536,0.0,1,8,1.2599999999999967,3.7100000000000004,16.379999999999992,41.019999999999996,86.03,3.0,372.75,3.3333333333333712,5.733333333333462,4.226190476190595,0.0,,,2.8291666666666666,1.4000000000000004,0.6702876609906923,0.7421013755031228,0.24470129959895356,-0.9695985117431767,0.14741277756715776,0.8297111070176232,0.0,3.0,0.22641509433962265,0.22649572649572663,5.208000000000001,3,0.2773689479166667,3.7100000000000004,0.4816944444444444,1.1270000000000002,0.0,8.0375,-0.21666666666666679,72,3,2015,163
2016-03-13,1.12,1.5,6,0.28,-7.6,4.8,-0.9249999999999999,5.4,3.0208333333333335,-0.44676552800942887,-1.459637283959364,81.91666666666667,174.29166666666666,600.0,95.375,1025.2041666666667,1022.1,-3.845833333333333,-9.1,,,,188.13022676747636,0.4293589798312212,0.45,1.9833333333333334,2.8,92.16666666666667,0.1811437657900025,-0.8438955936418576,165.06389039043037,0.0,1,5,1.9599999999999969,2.3800000000000003,17.499999999999993,41.79,87.15,4.0,373.87,0.3541666666665151,3.9416666666667197,4.194047619047524,0.0,,,2.9208333333333334,1.5,-0.1414235058351589,-0.989949186573378,0.25774178277084814,-0.9662138342075759,-0.3659754283610572,-1.1956862084433793,0.0,4.0,0.47058823529411764,0.13600000000000007,6.048000000000001,4,0.2607707083333334,2.3800000000000003,0.49591666666666673,2.221333333333334,0.0,12.083333333333334,0.6000000000000002,73,3,2015,164
2016-03-14,10.15,14.9,24,0.77,-0.6,2.9,0.8708333333333332,7.4,4.3500000000000005,1.1085758513140258,2.597323338142654,94.875,80.91666666666667,327.0,95.08333333333333,1018.0583333333334,1015.5,0.13333333333333333,-1.1,,,,47.42710243476108,0.28761131992958255,0.8708333333333332,4.3500000000000005,7.4,94.875,1.1085758513140258,2.597323338142654,47.42710243476108,0.0,1,24,11.269999999999998,12.110000000000001,27.64999999999999,33.74,97.3,5.0,384.02,-7.1458333333332575,-3.4583333333333712,-2.899404761904748,0.0,,,0.7374999999999999,0.5000000000000001,0.7364171851764224,0.6765277003765882,0.7364171851764224,0.6765277003765882,1.051761338934182,2.464210517062843,0.0,0.0,0.838150289017341,0.43797468354430397,75.11,5,2.190564938151042,12.110000000000001,0.43463888888888885,44.1525,0.0,21.750000000000004,1.7958333333333332,74,3,2015,165
2016-03-15,2.45,3.3,14,0.35,-5.5,1.4,-0.9208333333333333,9.9,6.7124999999999995,-4.4952936647050015,3.822657986575551,86.125,212.54166666666666,600.0,58.958333333333336,1020.5375,1015.2,-3.0625,-7.0,,,,302.3653607127367,0.7854979713789411,-0.36428571428571427,7.821428571428571,9.9,88.57142857142857,-5.13554635373586,5.841611437669122,319.19846013964934,0.20833333333333334,1,14,12.599999999999998,13.720000000000002,30.099999999999994,31.85,98.63,6.0,386.47,2.4791666666666288,-4.312500000000114,-0.9690476190476147,0.0,,,2.1416666666666666,1.5,-0.8446517157777229,0.5353162420791552,-0.6534409484755246,0.7569774942859311,-3.871571668727183,3.2922641909381936,0.0,1.0,0.17857142857142855,0.4558139534883723,24.255000000000003,6,0.5727482421875001,13.720000000000002,0.45988888888888885,19.1625,70.02531434416811,40.275,-1.7916666666666665,75,3,2015,166
2016-03-16,0.0,0.0,0,0.0,-8.2,9.1,0.42083333333333334,5.5,4.608333333333333,-1.8168945801145249,-3.33483939135364,72.66666666666667,223.95833333333334,600.0,66.875,1022.6291666666666,1019.4,-4.3625,-10.3,,,,207.22002272043315,0.8320155511666736,0.0,0.0,0.0,0.0,0.0,0.0,,0.25,1,0,2.4499999999999966,12.600000000000001,17.429999999999993,30.8,91.49,7.0,386.47,2.0916666666665833,-2.5750000000000455,0.6208333333332803,0.0,,,4.783333333333333,2.1000000000000014,-0.45740871671859434,-0.8892565804478754,-0.45740871671859434,-0.8892565804478754,-1.3202767282165546,-2.423316624383645,1.0,2.0,0.0,0.7228915662650607,0.0,2,0.0,6.300000000000001,0.59375,0.0,-0.0,9.216666666666667,1.3416666666666666,76,3,2015,167
2016-03-17,0.0,0.0,0,0.0,-2.9,12.9,4.479166666666667,5.7,3.8041666666666667,-0.6275783845845303,-2.645633639602422,62.625,266.9166666666667,600.0,24.166666666666668,1022.5083333333333,1020.8,-2.8874999999999997,-6.9,,,,192.95152108455034,0.6266356378908895,0.0,0.0,0.0,0.0,0.0,0.0,,0.75,0,0,0.0,2.45,14.979999999999993,30.1,89.11,6.0,386.47,-0.12083333333328028,4.449999999999932,0.3220238095237846,0.0,,,7.366666666666667,4.0,-0.22412654314311384,-0.9745600508222764,-0.22412654314311384,-0.9745600508222764,-0.3930209633460621,-1.6568280668010167,2.0,3.0,0.0,0.16355140186915895,0.0,3,0.0,0.8166666666666668,0.673361111111111,0.0,-0.0,11.4125,4.058333333333334,77,3,2015,168
2016-03-18,0.0,1.8,0,0.0,-1.4,13.9,5.675,7.1,5.379166666666666,0.07259169606203515,-4.896491834983482,71.625,235.16666666666666,600.0,81.70833333333333,1017.3958333333334,1013.2,0.4791666666666667,-3.9,,,,179.9180843845488,0.9134918865161743,0.0,0.0,0.0,0.0,0.0,0.0,,0.041666666666666664,1,0,0.0,0.0,14.559999999999992,30.1,81.97,6.0,386.47,-5.1124999999999545,-3.1416666666666515,-4.201785714285734,0.0,,,5.195833333333333,2.5,0.0014296967113629933,-0.9999989779831345,0.0014296967113629933,-0.9999989779831345,0.05199380230443268,-3.507112276806919,3.0,4.0,,0.0,0.0,4,0.0,0.0,0.7044166666666666,0.0,-0.0,21.516666666666666,1.1958333333333329,78,3,2015,169
2016-03-19,0.14,20.2,2,0.07,4.0,10.8,6.104166666666667,7.1,5.583333333333333,-1.9795912830902527,-1.0574968794064652,93.08333333333333,55.0,236.0,97.95833333333333,1009.725,1007.6,5.0375,3.5,,,,248.24267097230626,0.4192987017773294,4.15,5.25,5.4,99.0,-3.9882132305042406,3.411419634346002,310.5,0.0,0,2,0.13999999999999646,0.14,13.859999999999992,30.240000000000002,82.11,5.0,386.61,-7.6708333333333485,-12.904166666666583,-9.711904761904862,0.0,,,1.0666666666666673,0.5,-0.9287621451725159,-0.3706762437687995,-0.7604059656000308,0.6494480483301839,-1.8426695526765102,-0.9843533452475179,0.0,5.0,1.0,0.010101010101010107,0.994,5,0.019131328125,0.14,0.5869444444444444,0.7350000000000001,0.0,27.916666666666664,0.42916666666666714,79,3,2015,170
2016-03-20,1.61,3.5,23,0.07,0.5,4.8,2.9124999999999996,8.9,6.570833333333333,-3.8091362578367183,5.2558911783681745,91.625,169.125,600.0,88.125,1017.2708333333334,1013.5,1.6125,0.0,,,,323.5569723209077,0.9881406256805594,2.88695652173913,6.613043478260869,8.9,91.30434782608695,-3.818246068427679,5.29789301736391,323.7134468543878,0.0,0,22,1.7499999999999964,1.75,14.349999999999994,31.85,83.65,4.0,388.22,7.5458333333333485,-5.2374999999999545,-1.0327380952380736,0.0,,,1.2999999999999996,0.5,-0.5940231740673346,0.8044479278803378,-0.5918240176706228,0.8060672007396172,-3.4901210962428935,4.8157102921798405,0.0,6.0,0.92,0.12195121951219517,14.329,6,0.262633570652174,1.75,0.5248333333333334,10.647,0.0,39.425,-3.1916666666666673,80,3,2015,171
2016-03-21,0.9100000000000001,0.30000000000000004,13,0.07,-1.8,3.3,0.6541666666666667,8.4,5.383333333333333,-3.689318380115175,3.3368002050799723,83.625,194.08333333333334,600.0,61.041666666666664,1021.9625,1020.6,-1.8916666666666666,-4.1,,,,306.7440406649077,0.8483147810541365,0.46923076923076923,5.584615384615384,6.9,88.15384615384616,-3.8764040211469055,3.940339144532072,316.3280884677399,0.20833333333333334,1,13,2.519999999999997,2.66,5.109999999999993,32.76,79.31,4.0,389.13,4.691666666666606,4.566666666666606,3.1011904761904816,0.0,,,2.5458333333333334,2.3,-0.8013160401097617,0.5982412589104924,-0.6905279033725524,0.7233057546182714,-3.085192495371315,2.790399171498127,0.0,7.0,0.34210526315789475,0.5205479452054802,7.644000000000002,6,0.20168894711538465,2.66,0.48147222222222225,5.082000000000001,32.7362319585852,32.3,-2.258333333333333,81,3,2015,172
2016-03-22,0.0,0.0,0,0.0,-4.4,8.4,1.8708333333333336,11.1,6.716666666666666,-5.044181976357512,-2.963309889242583,68.91666666666667,273.625,600.0,11.708333333333334,1017.5916666666667,1013.8,-3.5749999999999997,-8.6,,,,231.16643603797314,0.8436227095264474,0.0,0.0,0.0,0.0,0.0,0.0,,0.875,0,0,0.9099999999999968,2.5200000000000005,2.659999999999993,32.76,74.19999999999999,3.0,389.13,-4.37083333333328,7.866666666666674,-0.8488095238095639,0.0,,,5.445833333333333,4.199999999999999,-0.7789707656873189,-0.6270602412882769,-0.7789707656873189,-0.6270602412882769,-3.4762820787063857,-2.04221439866968,1.0,8.0,0.0,0.9473684210526342,0.0,2,0.0,1.2600000000000002,0.5988055555555556,0.0,-0.0,13.433333333333332,1.2166666666666668,82,3,2015,173
2016-03-23,3.08,6.3,17,0.42,0.2,5.4,2.3916666666666666,10.8,5.158333333333333,-3.2304587797023068,2.3148775248051154,88.5,134.83333333333334,491.0,91.375,1018.1458333333334,1015.6,0.6791666666666667,-2.5,,,,312.5449368306961,0.7840682207766198,1.5941176470588234,4.647058823529412,8.0,90.52941176470588,-2.6959288262744328,1.9971414552299298,313.7699381335171,0.0,0,9,3.0799999999999965,3.9900000000000007,5.739999999999993,23.169999999999998,76.08999999999999,2.0,392.21,0.5541666666666742,0.875,0.345833333333303,0.0,,,1.7125,2.7,-0.7367472476458317,0.6761682431808608,-0.722123281412348,0.6917643865090648,-2.858956020036542,2.048666609452527,0.0,9.0,0.7719298245614034,0.6951219512195131,33.264,0,0.6096551600346023,3.9900000000000007,0.5048888888888889,14.31294117647059,0.0,0.0,0.520833333333333,83,3,2015,174
2016-03-24,3.29,5.3,24,0.21,-2.1,2.3,0.2125,9.2,5.858333333333333,-4.747134714968859,3.0719399968308916,83.70833333333333,189.41666666666666,600.0,77.16666666666667,1020.0208333333334,1018.7,-2.2708333333333335,-3.8,,,,302.6520596971383,0.9642043677542725,0.2125,5.858333333333333,9.2,83.70833333333333,-4.747134714968859,3.0719399968308916,302.6520596971383,0.0,1,24,6.3699999999999966,6.370000000000001,9.029999999999994,24.009999999999998,75.17999999999999,3.0,395.5,1.875,-1.941666666666606,2.5761904761903907,0.0,,,2.4833333333333334,1.6999999999999997,-0.8419625151141683,0.5395360258060846,-0.8419625151141683,0.5395360258060846,-3.9737473509885155,2.571469772347192,0.0,10.0,0.5164835164835164,0.7054263565891479,30.267999999999997,0,0.7460707939453127,6.370000000000001,0.4564166666666667,19.27391666666667,18.691842940189883,0.0,-2.1791666666666667,84,3,2015,175
2016-03-25,1.33,1.1,15,0.14,-3.1,2.2,-0.9916666666666667,7.4,4.9375,-3.3869806823637063,2.1500353933419354,78.45833333333333,224.33333333333334,600.0,75.75,1023.0583333333334,1022.1,-4.391666666666667,-5.1,,,,294.17278914185135,0.7967880359198021,-1.06,5.473333333333333,7.4,77.46666666666667,-3.9847738227309764,2.121913450293419,291.2998844443874,0.0,1,15,4.6199999999999966,7.700000000000001,10.359999999999992,24.92,72.38,3.0,396.83,3.0375000000000227,5.466666666666697,4.804761904762017,0.0,,,3.4,1.9999999999999996,-0.9123146935662365,0.4094898043946198,-0.9316919601981473,0.36324935141323245,-2.6573685937045246,1.68688193569286,0.0,11.0,0.1727272727272727,0.7432432432432439,9.842,1,0.34258511291666666,7.700000000000001,0.45997222222222217,7.279533333333333,37.52162650829084,4.9375,-1.2041666666666666,85,3,2015,176
2016-03-26,0.0,0.0,0,0.0,-3.0,4.9,0.6166666666666666,6.5,3.7375000000000003,-0.7487275067951656,-0.48699607292842023,73.45833333333333,243.91666666666666,600.0,27.708333333333332,1022.7791666666667,1020.4,-3.8874999999999997,-7.3,,,,210.2558934698218,0.357182116229549,0.0,0.0,0.0,0.0,0.0,0.0,,0.3333333333333333,1,0,1.3299999999999965,4.620000000000001,10.219999999999992,24.080000000000002,70.63,4.0,396.83,-0.279166666666697,4.633333333333326,2.6607142857143344,0.0,,,4.504166666666666,4.3,-0.5038628288915098,-0.8637836822153131,-0.5038628288915098,-0.8637836822153131,-0.5500027476999487,-0.357739198572002,1.0,12.0,0.0,0.4520547945205484,0.0,2,0.0,2.3100000000000005,0.5163611111111112,0.0,-0.0,7.4750000000000005,1.6083333333333334,86,3,2015,177
2016-03-27,0.7000000000000001,1.0,4,0.28,-1.2,7.0,2.6791666666666667,5.8,4.016666666666667,-0.6937756045724179,-1.161869833663218,76.91666666666667,269.375,600.0,25.208333333333332,1020.125,1018.1,-1.2125000000000001,-3.9,,,,205.43810177184784,0.34803150427474616,1.175,2.825,3.8,95.5,0.8068386598581665,-2.7061498937039286,163.24978575741605,0.5,0,4,0.6999999999999965,2.0300000000000007,9.309999999999993,23.66,68.6,4.0,397.53000000000003,-2.654166666666697,0.10416666666662877,-0.40119047619043613,0.0,,,3.8916666666666666,2.7,-0.429535757722515,-0.9030498506936064,0.28819984871976173,-0.9575702831635422,-0.5336290691836182,-0.893671547059292,0.0,13.0,0.34482758620689646,0.21804511278195512,4.0600000000000005,3,0.14898392578124997,2.0300000000000007,0.5915277777777778,1.9775000000000003,0.0,12.05,2.0625,87,3,2015,178
2016-03-28,1.4000000000000001,2.3,11,0.28,-3.3,7.3,2.566666666666667,7.0,3.4958333333333336,0.372176493168157,1.2053942402362239,83.125,257.3333333333333,600.0,35.083333333333336,1020.9875000000001,1019.4,-0.16666666666666666,-4.1,,,,110.71614650811183,0.11618191005784412,0.42727272727272736,2.9454545454545453,7.0,86.9090909090909,0.6845831365403545,-0.2824131930596101,160.84571141373104,0.125,0,8,2.0999999999999965,2.1000000000000005,9.799999999999994,14.91,67.19999999999999,3.0,398.93,0.8625000000000682,-2.0708333333333258,0.6005952380952522,0.0,,,2.7333333333333334,0.7999999999999998,0.9353443810362134,-0.3537384469689191,0.32811310482812184,-0.9446384442949852,0.3093717099460305,1.001983962196361,0.0,14.0,0.6666666666666665,0.21428571428571447,9.8,4,0.3227096900826447,2.1000000000000005,0.6108611111111111,4.123636363636364,0.0,13.983333333333334,-0.11249999999999982,88,3,2015,179
2016-03-29,0.0,0.0,0,0.0,-0.2,12.7,5.341666666666666,4.8,3.141666666666667,-1.0668082179027658,-1.375724198202678,74.29166666666667,272.8333333333333,600.0,57.875,1023.2041666666668,1021.4,0.6375000000000001,-2.0,,,,212.65856650963954,0.5422668458430474,0.0,0.0,0.0,0.0,0.0,0.0,,0.375,0,0,1.3999999999999966,2.1000000000000005,9.799999999999994,12.46,66.85,3.0,398.93,2.216666666666697,0.4250000000000682,2.0154761904763063,0.0,,,4.704166666666666,1.8,-0.5396316400539247,-0.841901237113185,-0.5396316400539247,-0.841901237113185,-0.7925496052169297,-1.0220484355814063,1.0,15.0,0.0,0.21428571428571447,0.0,5,0.0,1.0500000000000003,0.71175,0.0,-0.0,15.708333333333336,2.774999999999999,89,3,2015,180
2016-03-30,0.07,5.8,1,0.07,1.5,12.0,6.270833333333333,11.6,7.458333333333333,-5.197272774188108,-3.721298306779623,77.125,245.41666666666666,600.0,64.75,1019.75,1016.7,2.1958333333333333,-2.6,,,,230.78500709345525,0.836056250325518,4.1,5.4,5.4,98.0,-5.4,-9.919639073093561e-16,270.0,0.041666666666666664,0,1,0.06999999999999668,1.4700000000000004,6.789999999999993,12.530000000000001,48.72,3.0,399.0,-3.454166666666765,-0.375,-1.6678571428572013,0.0,,,4.074999999999999,4.1,-0.7747790755375911,-0.6322320650750922,-1.0,-1.8369701987210297e-16,-4.008396627092578,-2.8700513191037844,0.0,16.0,0.04761904761904761,0.21649484536082503,0.812,6,0.0096280625,1.4700000000000004,0.6873611111111111,0.37800000000000006,0.0,44.75,0.9291666666666671,90,3,2015,181
2016-03-31,0.0,0.0,0,0.0,-0.7,11.0,6.291666666666667,7.7,4.283333333333333,-2.354488756607587,-1.2575534077452202,64.20833333333333,281.0,600.0,54.666666666666664,1019.7666666666668,1017.8,-0.4791666666666667,-4.8,,,,242.8891997428077,0.44979477217834823,0.0,0.0,0.0,0.0,0.0,0.0,,0.4166666666666667,1,0,0.06999999999999668,0.07000000000000045,3.499999999999993,12.530000000000001,44.38,3.0,399.0,0.016666666666765195,-1.220833333333303,-1.614880952380986,0.0,,,6.770833333333334,4.1,-0.8901269185590847,-0.4557127042957095,-0.8901269185590847,-0.4557127042957095,-1.5117779891384548,-0.8074540838897434,1.0,17.0,0.0,0.02000000000000017,0.0,3,0.0,0.035000000000000225,0.6458055555555555,0.0,-0.0,12.85,0.020833333333333925,91,3,2015,182
2016-04-01,0.0,0.0,0,0.0,2.6,14.1,7.641666666666667,7.7,4.9375,3.023156268374452,-3.3369020448344817,68.45833333333333,278.8333333333333,600.0,42.25,1017.6625,1015.2,1.8458333333333332,-1.6,,,,140.8151800818232,0.9074733753853138,0.0,0.0,0.0,0.0,0.0,0.0,,0.08333333333333333,0,0,0.0,0.07000000000000045,2.169999999999993,12.530000000000001,43.330000000000005,2.0,399.0,-2.1041666666667425,-5.5416666666667425,-2.948214285714357,0.0,,,5.795833333333333,4.2,0.6318239648254493,-0.775111912869522,0.6318239648254493,-0.775111912869522,2.069602395391344,-2.2843875248596053,2.0,18.0,0.0,0.032258064516129344,0.0,4,0.0,0.023333333333333484,0.7274166666666666,0.0,-0.0,19.75,1.3499999999999996,92,4,2015,183
2016-04-02,0.0,0.0,0,0.0,3.3,17.3,9.133333333333333,8.9,5.075,1.4253136910487418,-3.9877046844187123,76.16666666666667,275.2916666666667,600.0,19.958333333333332,1021.6291666666666,1020.0,4.645833333333333,2.5,,,,164.5200387327247,0.6136313278430074,0.0,0.0,0.0,0.0,0.0,0.0,,0.625,0,0,0.0,0.0,2.169999999999993,12.39,42.63,1.0,399.0,3.9666666666665833,1.879166666666606,1.1827380952380508,0.0,,,4.4875,0.7999999999999998,0.2669013378300266,-0.9637238587191571,0.2669013378300266,-0.9637238587191571,1.0856139280154584,-3.037301734632253,3.0,19.0,,0.0,0.0,5,0.0,0.0,0.77075,0.0,-0.0,25.375,1.4916666666666663,93,4,2015,184
2016-04-03,0.0,0.6,0,0.0,5.7,14.9,9.929166666666667,8.7,6.616666666666667,-0.696184805955518,-5.891056681208872,84.08333333333333,207.04166666666666,600.0,83.79166666666667,1020.3333333333334,1015.6,7.175,5.1,,,,186.86997471512714,0.8919641517832956,0.0,0.0,0.0,0.0,0.0,0.0,,0.0,0,0,0.0,0.0,1.4699999999999929,10.780000000000001,42.63,1.0,399.0,-1.2958333333332348,0.566666666666606,-0.14285714285722406,0.0,,,2.7541666666666673,0.6000000000000005,-0.11961657772582243,-0.9928201621306662,-0.11961657772582243,-0.9928201621306662,-0.5853753910075981,-4.953396826116459,4.0,20.0,,0.0,0.0,6,0.0,0.0,0.7494166666666667,0.0,-0.0,39.7,0.7958333333333343,94,4,2015,185
2016-04-04,0.0,23.4,0,0.0,4.9,9.9,7.458333333333333,6.8,3.35,0.7614009050064118,0.4336794413975424,97.25,46.791666666666664,285.0,100.0,1010.9083333333333,1008.7,7.0375000000000005,4.7,,,,34.439525703544284,0.40896365062400114,0.0,0.0,0.0,0.0,0.0,0.0,,0.0,0,0,0.0,0.0,0.0699999999999929,9.870000000000001,42.63,1.0,399.0,-9.425000000000068,-6.75416666666672,-8.12797619047626,0.0,,,0.4208333333333325,0.20000000000000018,0.5655360765181053,0.8247235574157609,0.5655360765181053,0.8247235574157609,0.7404623801187354,0.42175325675910996,5.0,21.0,,0.0,0.0,5,0.0,0.0,0.5753611111111111,0.0,-0.0,16.75,-2.470833333333334,95,4,2015,186
2016-04-05,0.0,0.0,0,0.0,2.3,12.3,6.9750000000000005,9.1,4.55,-3.5211071869609945,-0.5983759176244935,85.20833333333333,252.95833333333334,600.0,67.08333333333333,1014.7291666666666,1012.9,4.3999999999999995,1.6,,,,254.8608260611784,0.5122692327486057,0.0,0.0,0.0,0.0,0.0,0.0,,0.20833333333333334,0,0,0.0,0.0,0.0699999999999929,9.870000000000001,42.63,1.0,399.0,3.8208333333333258,-6.899999999999977,-3.096428571428646,0.0,,,2.575000000000001,0.6999999999999997,-0.9652942945955013,-0.26116455506322733,-0.9652942945955013,-0.26116455506322733,-3.000276748889681,-0.5098661464758705,6.0,22.0,,0.0,0.0,6,0.0,0.0,0.726,0.0,-0.0,27.299999999999997,-0.4833333333333325,96,4,2015,187
2016-04-06,0.0,0.0,0,0.0,1.1,14.2,7.470833333333334,5.8,4.0625,-1.7155185578765,-1.8896806904016665,63.625,274.625,600.0,54.708333333333336,1019.9,1018.1,0.7333333333333334,-4.7,,,,222.88690646356503,0.5676829585639096,0.0,0.0,0.0,0.0,0.0,0.0,,0.4166666666666667,0,0,0.0,0.0,0.0,6.79,42.63,1.0,399.0,5.1708333333333485,-0.43333333333339397,2.0529761904761017,0.0,,,6.737500000000001,5.800000000000001,-0.6805534465839794,-0.7326984416133739,-0.6805534465839794,-0.7326984416133739,-1.0914986824489232,-1.2023093392680604,7.0,23.0,,,0.0,6,0.0,0.0,0.7107222222222221,0.0,-0.0,24.375,0.49583333333333357,97,4,2015,188
2016-04-07,1.4,57.8,3,0.7,5.0,11.3,7.620833333333334,15.9,9.725,-0.45145126455954204,-5.992404121698978,90.41666666666667,39.708333333333336,158.0,100.0,1009.6083333333332,1001.0,6.116666666666667,2.2,,,,183.48504460513146,0.6368853494362902,5.5,9.066666666666666,11.2,88.66666666666667,5.744433746657559,-6.956280252274933,141.33003382966785,0.0,0,3,1.3999999999999966,1.4000000000000004,1.3999999999999928,4.9,44.03,0.0,400.4,-10.291666666666742,-1.3000000000000682,-6.787500000000023,0.0,,,1.5041666666666664,2.8,-0.060788003433306995,-0.9981506993628729,0.6248334772517843,-0.7807580455592141,-0.4081871850392526,-5.41813206003616,0.0,24.0,0.9999999999999997,1.0000000000000053,22.259999999999998,0,0.13965000000000005,1.4000000000000004,0.5789722222222222,12.693333333333332,0.0,0.0,0.14999999999999947,98,4,2015,189
2016-04-08,0.0,0.1,0,0.0,3.2,11.4,7.800000000000001,8.7,6.4375,-5.479676606440731,-0.03090948610386975,87.16666666666667,211.04166666666666,600.0,81.25,1012.9208333333332,1008.7,5.625,1.7,,,,269.73339101142346,0.8506974383010827,0.0,0.0,0.0,0.0,0.0,0.0,,0.08333333333333333,0,0,1.3999999999999966,1.4000000000000004,1.3999999999999928,3.5700000000000003,31.36,0.0,400.4,3.3125,-1.808333333333394,-2.797619047619037,0.0,,,2.1750000000000007,1.5000000000000002,-0.999989173862702,-0.004653187873983308,-0.999989173862702,-0.004653187873983308,-4.776451441947504,-0.0269427687205398,1.0,25.0,0.0,1.0000000000000053,0.0,1,0.0,0.7000000000000002,0.6845833333333333,0.0,-0.0,6.4375,0.17916666666666714,99,4,2015,190
2016-04-09,0.0,0.0,0,0.0,2.3,16.3,9.066666666666666,9.7,7.308333333333334,-5.0053892144643,-4.160399008607133,58.125,286.4166666666667,600.0,60.958333333333336,1014.4166666666666,1012.8,0.8083333333333335,-6.5,,,,233.74870816517222,0.8806964843879664,0.0,0.0,0.0,0.0,0.0,0.0,,0.16666666666666666,0,0,0.0,1.4000000000000004,1.3999999999999928,3.5700000000000003,28.91,0.0,400.4,1.495833333333394,-5.4833333333333485,-0.27142857142860066,0.0,,,8.258333333333333,8.8,-0.8064312719391901,-0.5913278309352098,-0.8064312719391901,-0.5913278309352098,-2.9093824809073743,-2.418231923752896,2.0,26.0,0.0,1.0000000000000053,0.0,2,0.0,0.4666666666666668,0.7180277777777778,0.0,-0.0,14.616666666666667,1.2666666666666657,100,4,2015,191
2016-04-10,0.0,0.0,0,0.0,4.3,15.7,9.450000000000001,9.4,5.704166666666667,-3.2501201293613864,-1.6419458658851827,73.375,223.08333333333334,600.0,93.33333333333333,1011.6916666666666,1010.0,4.425,1.2,,,,251.61485887016977,0.45771632059825196,0.0,0.0,0.0,0.0,0.0,0.0,,0.041666666666666664,0,0,0.0,0.0,1.3999999999999928,2.87,28.490000000000002,0.0,400.4,-2.7250000000000227,2.0833333333333712,-1.7619047619047024,0.0,,,5.025000000000001,3.0999999999999996,-0.9489578389592946,-0.3154029484289985,-0.9489578389592946,-0.3154029484289985,-2.3847756449189172,-1.2047777790932528,3.0,27.0,,0.0,0.0,3,0.0,0.0,0.726638888888889,0.0,-0.0,17.1125,0.38333333333333464,101,4,2015,192
2016-04-11,6.0200000000000005,9.7,21,1.26,-2.0,5.6,1.3625,12.5,7.833333333333333,-5.643100745081345,4.817624804885618,86.41666666666667,205.0,600.0,80.16666666666667,1019.3958333333334,1011.9,-0.6916666666666668,-3.9,,,,307.205325315668,0.9263205686094161,0.9809523809523808,7.885714285714285,11.2,85.95238095238095,-5.711308448747635,4.754655305423425,305.6733804359532,0.0,0,14,6.019999999999997,6.020000000000001,7.419999999999993,7.49,33.67,0.0,406.42,7.704166666666765,6.475000000000136,4.729761904761972,0.0,,,2.0541666666666667,1.9,-0.7964737205470651,0.6046731451601896,-0.8123545519224851,0.5831638551649257,-4.876579560541129,4.163230768888655,0.0,28.0,0.9999999999999999,0.8113207547169821,75.25,0,1.2235690952380955,6.020000000000001,0.5491666666666667,47.472,88.00174434778761,0.0,-8.0875,102,4,2015,193
2016-04-12,0.07,0.0,1,0.07,-2.0,13.4,5.116666666666666,6.9,3.025,0.07678900150691731,-1.8100355254146123,66.29166666666667,304.0833333333333,600.0,41.541666666666664,1021.8416666666667,1017.8,-1.2375,-4.7,,,,190.98835915364126,0.5150960674122831,-2.0,2.4,2.4,89.0,-2.138415658052083,-1.0895771993749126,242.99999999999997,0.4166666666666667,0,1,6.089999999999997,6.090000000000001,7.489999999999994,7.560000000000001,32.62,0.0,406.49,2.4458333333333258,7.425000000000068,6.159523809523876,0.0,,,6.354166666666666,2.7,-0.1906095531683718,-0.9816659300601981,-0.8910065241883678,-0.45399049973954697,0.05090470891562727,-1.1999027170561036,0.0,29.0,0.011494252873563218,0.8130841121495335,0.4830000000000001,1,0.020370000000000003,6.090000000000001,0.7214722222222223,0.168,10.460416593971406,3.025,3.7541666666666664,103,4,2015,194
2016-04-13,0.0,13.2,0,0.0,2.3,14.7,8.758333333333333,9.1,6.858333333333333,1.6218885314871982,-6.386378098339019,81.625,217.54166666666666,600.0,92.83333333333333,1013.8958333333334,1010.4,5.6625000000000005,0.0,,,,161.96672505327015,0.9533660254751237,0.0,0.0,0.0,0.0,0.0,0.0,,0.0,0,0,0.06999999999999645,6.090000000000001,7.489999999999994,7.490000000000001,22.47,0.0,406.49,-7.945833333333326,2.204166666666765,-0.9285714285713311,0.0,,,3.0958333333333323,2.3,0.30956927532096146,-0.9508768920198107,0.30956927532096146,-0.9508768920198107,1.3238665138264256,-5.212881122769224,1.0,30.0,0.0,0.8130841121495335,0.0,2,0.0,3.0450000000000004,0.7437777777777778,0.0,-0.0,13.716666666666667,3.6416666666666666,104,4,2015,195
2016-04-14,0.0,13.0,0,0.0,7.0,16.4,10.945833333333333,8.3,6.145833333333333,-3.017499379653087,0.04383109012517961,89.375,241.70833333333334,600.0,94.91666666666667,1007.9541666666668,1005.3,9.0875,7.0,,,,264.61476218207963,0.46138815627846913,0.0,0.0,0.0,0.0,0.0,0.0,,0.0,0,0,0.0,0.07,6.0899999999999945,7.490000000000001,20.02,0.0,406.49,-5.941666666666606,-11.441666666666606,-6.6339285714284415,0.0,,,1.8583333333333325,0.0,-0.9955861784415931,-0.09385180496966573,-0.9955861784415931,-0.09385180496966573,-2.696890070564947,0.03917403679937928,2.0,31.0,0.0,0.01149425287356323,0.0,3,0.0,0.023333333333333334,0.7923888888888889,0.0,-0.0,18.4375,2.1875,105,4,2015,196
2016-04-15,0.0,1.2,0,0.0,2.8,9.1,5.9125000000000005,11.3,7.295833333333333,-5.951830629050039,2.46070969018658,82.04166666666667,259.375,600.0,42.208333333333336,1019.3125,1012.3,2.7458333333333336,-0.3,,,,289.70550186015504,0.6212359048366556,0.0,0.0,0.0,0.0,0.0,0.0,,0.4166666666666667,0,0,0.0,0.0,6.0899999999999945,7.490000000000001,20.02,0.0,406.49,11.358333333333235,-2.529166666666697,3.8113095238094274,0.0,,,3.166666666666667,3.0999999999999996,-0.9414381707055643,0.3371856621188995,-0.9414381707055643,0.3371856621188995,-4.882981045249803,2.0188072416572402,3.0,32.0,,0.0,0.0,4,0.0,0.0,0.6486111111111111,0.0,-0.0,29.183333333333334,-5.033333333333332,106,4,2015,197
2016-04-16,0.0,0.0,0,0.0,1.0,20.6,11.158333333333333,10.4,4.5625,-0.08837769570130138,-3.9654827202364693,49.625,289.7083333333333,600.0,55.791666666666664,1019.3458333333333,1015.3,-0.020833333333333353,-5.6,,,,187.62265749741337,0.8240333338025079,0.0,0.0,0.0,0.0,0.0,0.0,,0.375,0,0,0.0,0.0,6.0899999999999945,7.490000000000001,20.02,0.0,406.49,0.03333333333330302,5.449999999999932,3.1404761904761926,0.0,,,11.179166666666667,6.6,-0.13264835403954153,-0.9911631622344529,-0.13264835403954153,-0.9911631622344529,-0.043857431491770814,-1.967870799917348,4.0,33.0,,0.0,0.0,5,0.0,0.0,0.6918888888888888,0.0,-0.0,22.8125,5.245833333333333,107,4,2015,198
2016-04-17,0.0,7.1000000000000005,0,0.0,5.3,16.2,10.454166666666667,25.1,14.9375,-3.3712886841056733,-10.359145488217363,81.125,159.70833333333334,600.0,71.54166666666667,1005.6,997.1,7.258333333333333,0.1,,,,197.75526886285323,0.714780695237813,0.0,0.0,0.0,0.0,0.0,0.0,,0.16666666666666666,0,0,0.0,0.0,6.0899999999999945,7.490000000000001,20.02,0.0,406.49,-13.74583333333328,-2.3541666666667425,-9.735119047619037,0.0,,,3.1958333333333346,5.2,-0.30495187910859506,-0.9523677605988858,-0.30495187910859506,-0.9523677605988858,-2.7349579449807275,-8.403856777316335,5.0,34.0,,0.0,0.0,6,0.0,0.0,0.7102222222222222,0.0,-0.0,89.625,-0.7041666666666657,108,4,2015,199
2016-04-18,0.0,1.7,0,0.0,3.6,12.0,7.708333333333333,11.2,7.425,-6.448562160467276,-1.4728866793109094,85.66666666666667,133.375,568.0,71.04166666666667,1012.6083333333332,1009.2,5.383333333333333,2.0,,,,256.0971420901526,0.8922078850740583,0.0,0.0,0.0,0.0,0.0,0.0,,0.20833333333333334,0,0,0.0,0.0,0.0699999999999929,7.490000000000001,19.88,0.0,406.49,7.008333333333212,-6.704166666666765,-1.7571428571429806,0.0,,,2.325,1.6,-0.9707044978111011,-0.24027646145492043,-0.9707044978111011,-0.24027646145492043,-5.5242682508003,-1.2617729219430125,6.0,35.0,,0.0,0.0,6,0.0,0.0,0.6411388888888889,0.0,-0.0,44.55,-2.7458333333333345,109,4,2015,200
2016-04-19,0.0,0.8,0,0.0,3.5,13.1,7.533333333333332,16.3,7.920833333333333,-7.036172898453557,-1.3214920533739491,71.08333333333333,269.5833333333333,600.0,27.333333333333332,1020.1750000000001,1017.6,2.2666666666666666,-1.1,,,,248.5501486919576,0.8389661152538064,0.0,0.0,0.0,0.0,0.0,0.0,,0.5,0,0,0.0,0.0,0.0,7.490000000000001,18.27,0.0,406.49,7.566666666666833,0.8291666666667652,6.0476190476191505,0.0,,,5.266666666666666,4.6,-0.9307379953409048,-0.3656867293583317,-0.9307379953409048,-0.3656867293583317,-5.001546235317403,-0.9393606012733154,7.0,36.0,,,0.0,6,0.0,0.0,0.7077777777777778,0.0,-0.0,47.525,-0.1750000000000007,110,4,2015,201
2016-04-20,0.0,0.0,0,0.0,3.4,14.8,9.3375,7.2,4.204166666666667,-1.824661805954085,-1.8723530469839715,71.04166666666667,290.2916666666667,600.0,49.708333333333336,1023.6458333333334,1020.7,3.75,-1.4,,,,211.9491644292333,0.6513493125921704,0.0,0.0,0.0,0.0,0.0,0.0,,0.08333333333333333,0,0,0.0,0.0,0.0,7.490000000000001,17.36,0.0,406.49,3.470833333333303,18.04583333333335,8.12559523809523,0.0,,,5.5875,4.8,-0.5291666267022801,-0.8485179321526032,-0.5291666267022801,-0.8485179321526032,-1.2962701579798812,-1.33015081046153,8.0,37.0,,,0.0,6,0.0,0.0,0.7592222222222222,0.0,-0.0,25.225,1.804166666666668,111,4,2015,202
2016-04-21,0.0,27.5,0,0.0,5.9,13.8,9.025,10.2,6.670833333333333,2.0104521076846,-5.776783379703137,84.0,87.66666666666667,380.0,100.0,1013.2666666666668,1002.9,6.3125,2.5,,,,161.90787371689592,0.9190204428808761,0.0,0.0,0.0,0.0,0.0,0.0,,0.0,0,0,0.0,0.0,0.0,6.090000000000002,17.36,0.0,406.49,-10.379166666666606,0.6583333333335304,-3.012499999999818,0.0,,,2.7125000000000004,3.4000000000000004,0.3105458046545869,-0.9505584165170677,0.3105458046545869,-0.9505584165170677,1.6887797704550638,-4.852498038950635,9.0,38.0,,,0.0,6,0.0,0.0,0.6451111111111111,0.0,-0.0,40.025,-0.3125,112,4,2015,203
2016-04-22,0.0,8.5,0,0.0,6.5,16.0,11.637500000000001,6.9,4.808333333333334,-3.2336552017762075,0.165334878085842,93.875,141.70833333333334,489.0,92.58333333333333,1007.4791666666666,1002.1,10.620833333333334,6.4,,,,266.9355422153671,0.6250108547507791,0.0,0.0,0.0,0.0,0.0,0.0,,0.0,0,0,0.0,0.0,0.0,6.090000000000002,14.280000000000001,0.0,406.49,-5.787500000000136,-12.69583333333344,-7.109523809523807,0.0,,,1.0166666666666675,0.09999999999999964,-0.9985700248405418,-0.053459381683289856,-0.9985700248405418,-0.053459381683289856,-3.035593820667415,0.1552081168030842,10.0,39.0,,,0.0,6,0.0,0.0,0.7407222222222222,0.0,-0.0,28.85,2.6125000000000007,113,4,2015,204
2016-04-23,0.0,0.5,0,0.0,3.9,20.8,12.716666666666667,10.4,5.820833333333333,-4.392093267178025,-0.8012629873623806,78.70833333333333,259.625,600.0,82.125,1011.1750000000001,1009.7,8.4,2.7,,,,252.58604428670938,0.7078499853931844,0.0,0.0,0.0,0.0,0.0,0.0,,0.125,0,0,0.0,0.0,0.0,6.090000000000002,10.99,0.0,406.49,3.6958333333334394,-12.470833333333303,-2.2464285714286234,0.0,,,4.316666666666666,1.1999999999999997,-0.9541674619038031,-0.29927321070228546,-0.9541674619038031,-0.29927321070228546,-3.45694340904137,-0.630660742969807,11.0,40.0,,,0.0,6,0.0,0.0,0.7687777777777778,0.0,-0.0,34.925,1.0791666666666657,114,4,2015,205
2016-04-24,0.0,2.5,0,0.0,8.4,16.7,12.058333333333332,7.4,4.229166666666667,0.9515061200276368,2.4142072412776456,81.58333333333333,236.79166666666666,600.0,99.08333333333333,1014.5,1012.6,8.741666666666667,6.8,,,,19.57824357508398,0.3895782624363586,0.0,0.0,0.0,0.0,0.0,0.0,,0.0,0,0,0.0,0.0,0.0,6.090000000000002,9.66,0.0,406.49,3.324999999999932,1.2333333333332348,-0.1928571428571786,0.0,,,3.3166666666666647,1.6000000000000005,0.33509382634287516,0.942184762956232,0.33509382634287516,0.942184762956232,0.7762704095892137,1.9695907410090123,12.0,41.0,,,0.0,6,0.0,0.0,0.7631388888888888,0.0,-0.0,25.375,-0.658333333333335,115,4,2015,206
2016-04-25,0.0,0.0,0,0.0,7.1,19.1,13.0375,5.8,2.8666666666666667,0.5088103226627981,0.4151669019607662,73.16666666666667,273.75,600.0,94.0,1018.9666666666667,1017.6,7.879166666666666,5.9,,,,123.11555169148085,0.18151563513236732,0.0,0.0,0.0,0.0,0.0,0.0,,0.0,0,0,0.0,0.0,0.0,0.0700000000000009,9.66,0.0,406.49,4.466666666666697,11.487500000000068,3.3654761904761017,0.0,,,5.158333333333333,1.1999999999999993,0.8375704582799751,-0.5463293213956876,0.8375704582799751,-0.5463293213956876,0.3722795527482806,0.30376378326796066,13.0,42.0,,,0.0,6,0.0,0.0,0.7597222222222223,0.0,-0.0,17.2,0.9791666666666679,116,4,2015,207
2016-04-26,0.0,0.2,0,0.0,7.5,20.0,14.208333333333334,7.2,3.475,-0.7463170628435803,0.8644160300637677,76.41666666666667,302.4583333333333,600.0,50.208333333333336,1018.0458333333332,1016.6,9.758333333333333,6.8,,,,215.0832141792959,0.16653254216464497,0.0,0.0,0.0,0.0,0.0,0.0,,0.4166666666666667,0,0,0.0,0.0,0.0,0.0,8.96,0.0,406.49,-0.9208333333334622,6.870833333333167,2.7488095238093138,0.0,,,4.450000000000001,0.7000000000000002,-0.5747655358156725,-0.8183181403577235,-0.5747655358156725,-0.8183181403577235,-0.570310622189636,0.6605579163070625,14.0,43.0,,,0.0,6,0.0,0.0,0.7896944444444444,0.0,-0.0,20.85,1.1708333333333343,117,4,2015,208
2016-04-27,0.0,5.1,0,0.0,7.5,21.5,14.183333333333332,5.4,3.108333333333333,1.449103917724699,-0.35664101633840467,77.16666666666667,225.79166666666666,600.0,96.5,1012.4,1008.6,9.549999999999999,5.9,,,,108.05796628104184,0.4624684987965753,0.0,0.0,0.0,0.0,0.0,0.0,,0.0,0,0,0.0,0.0,0.0,0.0,7.560000000000001,0.0,406.49,-5.6458333333332575,-2.1000000000000227,-1.29047619047617,0.0,,,4.633333333333333,1.5999999999999996,0.9507433963722668,-0.3099790222813905,0.9507433963722668,-0.3099790222813905,1.118225189844226,-0.27520798427446896,15.0,44.0,,,0.0,6,0.0,0.0,0.7410833333333334,0.0,-0.0,18.65,-0.02500000000000213,118,4,2015,209
2016-04-28,0.0,38.4,0,0.0,9.7,16.0,11.920833333333334,9.6,5.820833333333333,-0.49318831679928793,0.028559998064330145,98.0,77.70833333333333,361.0,99.66666666666667,1000.8291666666668,996.5,11.6,9.7,,,,178.72532338754803,0.09696232246254136,0.0,0.0,0.0,0.0,0.0,0.0,,0.0,0,0,0.0,0.0,0.0,0.0,7.5600000000000005,0.0,406.49,-11.570833333333212,-18.137499999999932,-11.084523809523716,0.0,,,0.32083333333333464,0.0,0.022245468641415602,-0.9997525389439748,0.022245468641415602,-0.9997525389439748,-0.4833245504633022,0.02798879810304354,16.0,45.0,,,0.0,6,0.0,0.0,0.7118055555555555,0.0,-0.0,34.925,-2.2624999999999975,119,4,2015,210
2016-04-29,2.5900000000000003,10.5,14,0.28,3.4,9.2,6.6000000000000005,12.2,9.825000000000001,-8.191028114844576,4.706495146468255,92.58333333333333,189.70833333333334,578.0,66.95833333333333,1008.0208333333334,1001.3,5.449999999999999,2.7,,,,296.56098413826464,0.9495970597982178,6.8999999999999995,10.892857142857142,12.2,91.42857142857143,-8.752974048717741,6.309866429373499,305.1466764874372,0.0,0,13,2.5899999999999967,2.5900000000000003,2.589999999999993,2.590000000000001,10.080000000000002,0.0,409.08,7.191666666666606,-10.024999999999864,-3.9702380952380736,0.0,,,1.1500000000000012,0.6999999999999997,-0.8944589334067373,0.44715010505296965,-0.8176810131345179,0.5756715736939844,-7.583526862993603,4.357430089771859,0.0,46.0,1.0,1.0000000000000027,31.598000000000003,0,0.17339414062500005,2.5900000000000003,0.6395277777777778,28.212500000000002,0.0,0.0,-5.320833333333334,120,4,2015,211
2016-04-30,0.0,5.2,0,0.0,2.2,15.4,8.845833333333333,9.0,7.0874999999999995,-6.390274345677678,-2.464022511731404,72.45833333333333,259.0416666666667,600.0,57.958333333333336,1014.5666666666666,1013.0,3.404166666666667,1.0,,,,247.540751649161,0.9654539900977942,0.0,0.0,0.0,0.0,0.0,0.0,,0.16666666666666666,0,0,2.5899999999999967,2.5900000000000003,2.589999999999993,2.590000000000001,10.080000000000002,0.0,409.08,6.545833333333235,2.1666666666666288,2.09107142857124,0.0,,,5.441666666666666,1.2000000000000002,-0.9241514825683567,-0.382026225888627,-0.9241514825683567,-0.382026225888627,-4.630286286305617,-1.7853896449587128,1.0,47.0,0.0,1.0000000000000027,0.0,1,0.0,1.2950000000000002,0.7475555555555555,0.0,-0.0,7.0874999999999995,2.2458333333333327,121,4,2015,212
2016-05-01,0.0,4.5,0,0.0,5.2,18.8,12.387500000000001,16.6,9.741666666666667,-8.58100328326247,-3.0132623582292997,78.33333333333333,242.5,600.0,37.291666666666664,1015.0291666666667,1012.7,8.237499999999999,4.9,,,,248.32044498557588,0.9302617677151449,0.0,0.0,0.0,0.0,0.0,0.0,,0.20833333333333334,0,0,0.0,2.5900000000000003,2.589999999999993,2.590000000000001,10.080000000000002,0.0,409.08,0.46250000000009095,14.199999999999932,2.4779761904762836,0.0,,,4.150000000000002,0.2999999999999998,-0.9292644499692829,-0.36941518921571986,-0.9292644499692829,-0.36941518921571986,-6.721785905222268,-2.360388847279618,2.0,48.0,0.0,1.0000000000000027,0.0,2,0.0,0.8633333333333334,0.7561111111111111,0.0,-0.0,19.483333333333334,3.541666666666668,122,5,2015,213
2016-05-02,0.0,0.0,0,0.0,7.2,23.4,15.85,6.5,4.820833333333334,-1.6946459180454063,-1.3740395755863668,68.125,317.9583333333333,600.0,22.958333333333332,1019.1666666666666,1018.2,9.154166666666667,4.6,,,,241.9415541908179,0.3894063308921174,0.0,0.0,0.0,0.0,0.0,0.0,,0.75,0,0,0.0,0.0,2.589999999999993,2.590000000000001,10.080000000000002,0.0,409.08,4.137499999999932,11.145833333333258,6.586904761904748,0.0,,,6.695833333333333,2.6000000000000005,-0.8824682388639304,-0.47037198832030064,-0.8824682388639304,-0.47037198832030064,-1.154477531668433,-0.9360644608682124,3.0,49.0,,0.0,0.0,3,0.0,0.0,0.7723888888888889,0.0,-0.0,14.462500000000002,3.4624999999999986,123,5,2015,214
2016-05-03,0.0,1.7000000000000002,0,0.0,10.7,24.0,17.412499999999998,20.0,11.6875,4.598941071284369,-10.678287936746363,55.458333333333336,271.2083333333333,600.0,78.25,1011.4625,1002.1,7.4125000000000005,4.0,,,,156.99962021388592,0.9940386113613962,0.0,0.0,0.0,0.0,0.0,0.0,,0.16666666666666666,0,0,0.0,0.0,2.589999999999993,2.590000000000001,10.080000000000002,0.0,409.08,-7.7041666666666515,-3.1041666666666288,-0.17678571428564283,0.0,,,9.999999999999996,6.699999999999999,0.3907372300638128,-0.9205022634638435,0.3907372300638128,-0.9205022634638435,2.550496069116456,-5.92200051825392,4.0,50.0,,0.0,0.0,4,0.0,0.0,0.699,0.0,-0.0,46.75,1.5624999999999982,124,5,2015,215
2016-05-04,0.0,14.700000000000001,0,0.0,10.7,19.2,15.262500000000001,19.0,10.6,-6.854724260023331,-4.806973783710427,68.45833333333333,267.2916666666667,600.0,51.5,1003.9,1001.0,8.491666666666667,2.2,,,,237.48785569486887,0.6506446951977393,0.0,0.0,0.0,0.0,0.0,0.0,,0.25,0,0,0.0,0.0,2.589999999999993,2.590000000000001,10.080000000000002,0.0,409.08,-7.5625,-11.12916666666672,-6.525000000000091,0.0,,,6.770833333333334,8.5,-0.8432775418590973,-0.5374783599328241,-0.8432775418590973,-0.5374783599328241,-4.692629983007638,-3.29077413609843,5.0,51.0,,0.0,0.0,5,0.0,0.0,0.7397222222222223,0.0,-0.0,53.0,-2.149999999999997,125,5,2015,216
2016-05-05,0.0,1.7,0,0.0,6.4,16.9,12.058333333333332,19.4,11.058333333333332,-10.163572064639812,-2.672307544442784,69.375,280.7083333333333,600.0,36.125,1013.1916666666666,1007.1,6.241666666666667,5.1,,,,250.00072826018916,0.9195629951223908,0.0,0.0,0.0,0.0,0.0,0.0,,0.375,0,0,0.0,0.0,2.589999999999993,2.590000000000001,10.080000000000002,0.0,409.08,9.291666666666629,-5.975000000000023,1.0005952380951157,0.0,,,5.816666666666665,1.3000000000000007,-0.9396969679700677,-0.342008199299171,-0.9396969679700677,-0.342008199299171,-7.050978119843869,-1.8539133589571817,6.0,52.0,,0.0,0.0,6,0.0,0.0,0.7517222222222223,0.0,-0.0,66.35,-3.2041666666666693,126,5,2015,217
2016-05-06,0.0,0.9,0,0.0,6.2,21.7,13.516666666666666,9.9,5.920833333333333,0.96908865984833,-5.750719901411869,65.83333333333333,171.45833333333334,600.0,97.25,1015.0916666666667,1010.8,6.533333333333332,1.2,,,,170.90218534707975,0.9842602316735539,0.0,0.0,0.0,0.0,0.0,0.0,,0.0,0,0,0.0,0.0,0.0,2.590000000000001,10.080000000000002,0.0,409.08,1.900000000000091,3.6291666666667197,1.8904761904763063,0.0,,,6.983333333333333,5.0,0.15812040569392308,-0.9874198384188911,0.15812040569392308,-0.9874198384188911,0.6379833677334839,-3.7858906017628136,7.0,53.0,,,0.0,6,0.0,0.0,0.6670833333333334,0.0,-0.0,35.525,1.458333333333334,127,5,2015,218
2016-05-07,0.0,9.8,0,0.0,9.0,19.4,14.4375,11.2,9.275,-5.864914471931688,-3.6414437801983017,87.04166666666667,139.75,448.0,80.45833333333333,1009.9083333333333,1007.4,12.25,8.5,,,,237.42718433493178,0.7473700943445136,0.0,0.0,0.0,0.0,0.0,0.0,,0.041666666666666664,0,0,0.0,0.0,0.0,2.590000000000001,8.68,0.0,409.08,-5.183333333333394,6.008333333333326,-2.6273809523810314,0.0,,,2.1875,0.5,-0.8427079252880337,-0.5383710176604399,-0.8427079252880337,-0.5383710176604399,-5.1049193049438735,-3.169573357014272,8.0,54.0,,,0.0,6,0.0,0.0,0.7166388888888889,0.0,-0.0,55.650000000000006,0.9208333333333343,128,5,2015,219
2016-05-08,0.0,0.0,0,0.0,5.8,18.3,12.220833333333333,8.6,5.029166666666667,-1.8106810254147687,1.4882270068051768,71.0,327.1666666666667,600.0,58.708333333333336,1018.9541666666668,1016.0,6.316666666666666,3.4,,,,296.52101480435294,0.2450144460629776,0.0,0.0,0.0,0.0,0.0,0.0,,0.3333333333333333,0,0,0.0,0.0,0.0,2.590000000000001,8.68,0.0,409.08,9.045833333333462,5.762500000000159,5.857738095238119,0.0,,,5.904166666666667,2.4,-0.8947706460791125,0.44652602490243226,-0.8947706460791125,0.44652602490243226,-1.2855835280444858,1.0566411748316755,9.0,55.0,,,0.0,6,0.0,0.0,0.7881111111111111,0.0,-0.0,30.175,-2.216666666666667,129,5,2015,220
2016-05-09,0.0,0.7000000000000001,0,0.0,8.1,19.9,14.558333333333332,5.0,3.8708333333333336,2.141287315282588,-3.070330330651934,77.66666666666667,196.0,600.0,99.625,1015.3458333333333,1012.5,10.295833333333333,7.3,,,,145.29143076494154,0.9633051139456127,0.0,0.0,0.0,0.0,0.0,0.0,,0.0,0,0,0.0,0.0,0.0,2.590000000000001,8.68,0.0,409.08,-3.608333333333462,0.25416666666660603,2.795238095238119,0.0,,,4.262499999999999,0.7999999999999998,0.5694024780493387,-0.8220588896127042,0.5694024780493387,-0.8220588896127042,1.6630664815361436,-2.3846232234730023,10.0,56.0,,,0.0,6,0.0,0.0,0.7228888888888889,0.0,-0.0,23.225,2.3374999999999986,130,5,2015,221
2016-05-10,0.0,15.9,0,0.0,13.2,21.6,17.087500000000002,6.5,3.6750000000000003,0.5230173651444918,-2.5798106468071236,92.08333333333333,121.0,482.0,99.58333333333333,1007.2416666666667,1002.3,15.704166666666666,12.9,,,,166.67008840606647,0.5778340635512839,0.0,0.0,0.0,0.0,0.0,0.0,,0.0,0,0,0.0,0.0,0.0,2.590000000000001,8.68,0.0,409.08,-8.104166666666629,-2.6666666666666288,-4.70595238095234,0.0,,,1.3833333333333364,0.29999999999999893,0.23055775948955679,-0.9730586413670842,0.23055775948955679,-0.9730586413670842,0.4816118237372195,-2.375575637268226,11.0,57.0,,,0.0,6,0.0,0.0,0.7209444444444445,0.0,-0.0,22.05,2.5291666666666703,131,5,2015,222
2016-05-11,0.0,41.9,0,0.0,11.5,19.1,16.025000000000002,9.3,7.345833333333334,-4.498604744501211,-1.2719552968082584,96.45833333333333,84.66666666666667,305.0,96.20833333333333,1002.1666666666666,997.3,15.4625,10.3,,,,248.32430172481958,0.5959071073612947,0.0,0.0,0.0,0.0,0.0,0.0,,0.0,0,0,0.0,0.0,0.0,2.590000000000001,2.66,0.0,409.08,-5.0750000000000455,-16.787500000000136,-9.533333333333303,0.0,,,0.5625000000000018,1.1999999999999993,-0.9292893142340907,-0.36935263698846577,-0.9292893142340907,-0.36935263698846577,-4.339279159800126,-1.2269068800462992,12.0,58.0,,,0.0,6,0.0,0.0,0.7113055555555555,0.0,-0.0,44.075,-1.0625,132,5,2015,223
2016-05-12,0.0,0.0,0,0.0,9.3,20.5,14.754166666666668,7.6,5.433333333333334,-1.309877658817032,-0.3494064951578047,78.25,294.9166666666667,600.0,29.916666666666668,1015.7875,1012.3,10.720833333333333,8.8,,,,273.53322599018605,0.2964718622672503,0.0,0.0,0.0,0.0,0.0,0.0,,0.5416666666666666,0,0,0.0,0.0,0.0,2.590000000000001,2.5900000000000003,0.0,409.08,13.620833333333394,0.4416666666667197,3.716666666666697,0.0,,,4.033333333333335,0.5,-0.9980992283670729,0.06162735052761697,-0.9980992283670729,0.06162735052761697,-1.0249792680243275,-0.27341058246098215,13.0,59.0,,,0.0,6,0.0,0.0,0.7907777777777779,0.0,-0.0,32.6,-1.270833333333334,133,5,2015,224
2016-05-13,0.0,0.0,0,0.0,10.9,23.8,16.954166666666666,7.3,4.220833333333333,-0.6754972611957988,0.691377653473043,74.5,305.4166666666667,600.0,49.041666666666664,1019.7291666666666,1017.1,11.958333333333334,8.6,,,,330.46835562093895,0.10707403496578831,0.0,0.0,0.0,0.0,0.0,0.0,,0.4166666666666667,0,0,0.0,0.0,0.0,0.0,2.5900000000000003,0.0,409.08,3.941666666666606,12.487499999999955,6.99583333333328,0.0,,,4.995833333333332,2.3000000000000007,-0.492904181212297,0.870083598364798,-0.492904181212297,0.870083598364798,-0.5032454595908701,0.5150763518374171,14.0,60.0,,,0.0,6,0.0,0.0,0.7852777777777779,0.0,-0.0,25.325,2.1999999999999975,134,5,2015,225
2016-05-14,0.0,0.1,0,0.0,12.1,21.7,16.8125,6.9,3.2083333333333335,1.6518918565696827,1.2880557416968017,77.70833333333333,306.125,600.0,81.875,1023.9291666666667,1022.0,12.487499999999999,11.6,,,,71.36008315503415,0.4846474837303897,0.0,0.0,0.0,0.0,0.0,0.0,,0.041666666666666664,0,0,0.0,0.0,0.0,0.0,2.5900000000000003,0.0,409.08,4.2000000000000455,21.762500000000045,9.192857142857179,0.0,,,4.325000000000001,0.5,0.9475459673313084,0.3196195234871849,0.9475459673313084,0.3196195234871849,1.2836576302093576,1.0009266492768896,15.0,61.0,,,0.0,6,0.0,0.0,0.7964444444444444,0.0,-0.0,19.25,-0.14166666666666572,135,5,2015,226
2016-05-15,0.0,0.0,0,0.0,12.0,23.1,17.6875,6.9,3.2708333333333335,0.8050268079104154,-0.8419146324254644,78.04166666666667,272.625,600.0,95.20833333333333,1019.1166666666667,1016.0,13.424999999999999,10.8,,,,149.75950309696427,0.19181505871062812,0.0,0.0,0.0,0.0,0.0,0.0,,0.0,0,0,0.0,0.0,0.0,0.0,2.5900000000000003,0.0,409.08,-4.8125,3.3291666666666515,4.35714285714289,0.0,,,4.262500000000001,1.1999999999999993,0.5036306940738973,-0.8639190494407705,0.5036306940738973,-0.8639190494407705,0.6282563380067533,-0.6570442110553729,16.0,62.0,,,0.0,6,0.0,0.0,0.7752222222222223,0.0,-0.0,19.625,0.875,136,5,2015,227
2016-05-16,0.0,3.3,0,0.0,11.7,26.8,18.9875,10.3,7.4750000000000005,0.7665379797683585,-6.367955941895846,73.04166666666667,318.2083333333333,600.0,50.875,1010.8625000000001,1006.7,13.491666666666667,10.1,,,,177.98283706872363,0.7340663137625594,0.0,0.0,0.0,0.0,0.0,0.0,,0.25,0,0,0.0,0.0,0.0,0.0,2.5900000000000003,0.0,409.08,-8.254166666666606,-8.86666666666656,-3.2565476190475238,0.0,,,5.495833333333334,1.5999999999999996,0.03519886231476482,-0.9993803280492098,0.03519886231476482,-0.9993803280492098,0.5598921160558052,-4.651261152559758,17.0,63.0,,,0.0,6,0.0,0.0,0.7889444444444443,0.0,-0.0,44.85,1.3000000000000007,137,5,2015,228
2016-05-17,0.0,15.200000000000001,0,0.0,9.6,16.0,12.733333333333334,7.3,3.5541666666666667,-0.34674309436348977,2.7065473934646214,92.75,125.625,433.0,88.625,1015.2541666666666,1012.8,11.504166666666668,8.8,,,,356.2735887042607,0.4924546962412332,0.0,0.0,0.0,0.0,0.0,0.0,,0.041666666666666664,0,0,0.0,0.0,0.0,0.0,2.5900000000000003,0.0,409.08,4.391666666666538,-8.675000000000068,-0.009523809523898308,0.0,,,1.229166666666666,0.7999999999999989,-0.06499230462578384,0.9978857651752676,-0.06499230462578384,0.9978857651752676,-0.3216042200221368,2.510322707438436,18.0,64.0,,,0.0,6,0.0,0.0,0.72625,0.0,-0.0,21.325,-6.254166666666666,138,5,2015,229
2016-05-18,0.0,0.0,0,0.0,8.1,23.0,15.787500000000001,8.2,4.7625,3.692989052558696,0.7692814018482751,57.583333333333336,345.6666666666667,600.0,2.4166666666666665,1019.5625,1018.1,6.545833333333333,2.5,,,,99.0847840766122,0.7222166109551931,0.0,0.0,0.0,0.0,0.0,0.0,,1.0,0,0,0.0,0.0,0.0,0.0,2.5900000000000003,0.0,409.08,4.308333333333394,0.44583333333332575,1.8136904761904589,0.0,,,9.241666666666667,5.6,0.9874557736466465,-0.15789583620825112,0.9874557736466465,-0.15789583620825112,2.1265461960983827,0.4429778738976317,19.0,65.0,,,0.0,6,0.0,0.0,0.7557222222222223,0.0,-0.0,28.575000000000003,3.054166666666667,139,5,2015,230
2016-05-19,0.0,0.0,0,0.0,12.2,23.4,17.745833333333334,5.4,4.108333333333333,1.9552845963880368,-0.1704475796116011,62.875,298.8333333333333,600.0,61.875,1020.5291666666667,1018.9,10.079166666666667,6.2,,,,105.79887844619255,0.4328784198631233,0.0,0.0,0.0,0.0,0.0,0.0,,0.375,0,0,0.0,0.0,0.0,0.0,2.5900000000000003,0.0,409.08,0.966666666666697,9.666666666666629,2.1029761904762836,0.0,,,7.666666666666666,5.999999999999999,0.9622233231781352,-0.27226141175720453,0.9622233231781352,-0.27226141175720453,1.229385189978978,-0.10716891568079419,20.0,66.0,,,0.0,6,0.0,0.0,0.7421388888888889,0.0,-0.0,24.65,1.9583333333333321,140,5,2015,231
2016-05-20,0.0,0.0,0,0.0,12.2,23.0,17.604166666666668,5.0,2.8333333333333335,0.43424703906545686,-0.17995286220850568,67.54166666666667,302.75,600.0,49.375,1019.35,1017.6,10.825000000000001,7.6,,,,155.32892318864535,0.17236965956580744,0.0,0.0,0.0,0.0,0.0,0.0,,0.08333333333333333,0,0,0.0,0.0,0.0,0.0,2.5900000000000003,0.0,409.08,-1.1791666666666742,4.095833333333417,0.9779761904761699,0.0,,,6.779166666666667,4.6,0.41740840122414846,-0.9087190030958416,0.41740840122414846,-0.9087190030958416,0.29329768763546066,-0.12154316234999488,21.0,67.0,,,0.0,6,0.0,0.0,0.7603055555555556,0.0,-0.0,17.0,-0.14166666666666572,141,5,2015,232
2016-05-21,0.0,0.0,0,0.0,10.4,22.3,17.0,8.7,4.3999999999999995,0.21822638990436852,2.0059251646092875,72.66666666666667,331.2083333333333,600.0,8.208333333333334,1018.7833333333333,1017.3,11.541666666666666,10.2,,,,32.289830003688536,0.06017237072259867,0.0,0.0,0.0,0.0,0.0,0.0,,0.875,0,0,0.0,0.0,0.0,0.0,2.5900000000000003,0.0,409.08,-0.5666666666667197,-0.779166666666697,1.146428571428487,0.0,,,5.458333333333334,0.20000000000000107,0.534202307064661,0.8453566674054175,0.534202307064661,0.8453566674054175,0.1585778433305078,1.4576389529494156,22.0,68.0,,,0.0,6,0.0,0.0,0.7963611111111111,0.0,-0.0,26.4,-0.6041666666666679,142,5,2015,233
2016-05-22,0.0,0.0,0,0.0,11.4,24.4,18.158333333333335,6.5,4.416666666666667,2.1342074108632048,0.6894370704985039,66.04166666666667,332.0833333333333,600.0,2.25,1018.7041666666668,1017.4,11.120833333333335,6.9,,,,95.880901854596,0.504309183118731,0.0,0.0,0.0,0.0,0.0,0.0,,1.0,0,0,0.0,0.0,0.0,0.0,2.5900000000000003,0.0,409.08,-0.07916666666653782,-1.8249999999999318,1.1261904761905726,0.0,,,7.0375,4.5,0.9947370252334683,-0.10246097125086347,0.9947370252334683,-0.10246097125086347,1.409466144257575,0.45531573197505365,23.0,69.0,,,0.0,6,0.0,0.0,0.7748611111111111,0.0,-0.0,26.5,1.158333333333335,143,5,2015,234
2016-05-23,0.0,0.0,0,0.0,12.2,25.2,18.825,6.6,3.716666666666667,-0.10418475171560909,0.7405440007099197,73.54166666666667,322.0,600.0,56.625,1017.1708333333332,1015.1,13.491666666666667,10.7,,,,146.23556221172421,0.13289321659492395,0.0,0.0,0.0,0.0,0.0,0.0,,0.3333333333333333,0,0,0.0,0.0,0.0,0.0,2.5900000000000003,0.0,409.08,-1.5333333333335304,-2.179166666666788,-1.308333333333394,0.0,,,5.333333333333332,1.5,0.5557797348638154,-0.8313295894617893,0.5557797348638154,-0.8313295894617893,-0.07661920282418752,0.5446084005220868,24.0,70.0,,,0.0,6,0.0,0.0,0.793138888888889,0.0,-0.0,22.3,0.6666666666666643,144,5,2015,235
2016-05-24,0.0,0.0,0,0.0,14.0,25.2,20.037499999999998,6.6,3.0500000000000003,0.21952633476288821,-2.4731653600300043,64.0,242.625,600.0,95.375,1013.6291666666666,1010.8,12.362499999999999,10.6,,,,188.87999937024597,0.657270193442748,0.0,0.0,0.0,0.0,0.0,0.0,,0.0,0,0,0.0,0.0,0.0,0.0,2.5900000000000003,0.0,409.08,-3.5416666666666288,-5.154166666666697,-4.617857142857133,0.0,,,7.674999999999999,3.4000000000000004,-0.15436550297073348,-0.9880138113875698,-0.15436550297073348,-0.9880138113875698,0.14049685424824845,-1.5828258304192027,25.0,71.0,,,0.0,6,0.0,0.0,0.7084166666666666,0.0,-0.0,18.3,1.2124999999999986,145,5,2015,236
2016-05-25,0.0,3.0,0,0.0,16.4,23.5,19.587500000000002,7.5,4.304166666666666,0.2884668710655837,-3.9234450611606495,66.375,162.95833333333334,591.0,99.20833333333333,1013.1125000000001,1011.4,12.970833333333333,9.2,,,,184.2531738201348,0.8715652958792713,0.0,0.0,0.0,0.0,0.0,0.0,,0.0,0,0,0.0,0.0,0.0,0.0,2.5900000000000003,0.0,409.08,-0.5166666666665378,-5.591666666666697,-4.213095238095093,0.0,,,6.616666666666669,7.199999999999999,-0.07416373137071286,-0.9972460784325866,-0.07416373137071286,-0.9972460784325866,0.1914698856697812,-2.6041866593453813,26.0,72.0,,,0.0,6,0.0,0.0,0.6632222222222222,0.0,-0.0,25.824999999999996,-0.44999999999999574,146,5,2015,237
2016-05-26,0.0,0.8,0,0.0,15.6,27.0,21.379166666666666,4.7,2.829166666666667,-1.0776705715390513,-0.988370508902209,76.20833333333333,272.9166666666667,600.0,79.83333333333333,1011.5833333333334,1009.5,16.620833333333334,14.2,,,,226.40697386926902,0.48802077483058093,0.0,0.0,0.0,0.0,0.0,0.0,,0.0,0,0,0.0,0.0,0.0,0.0,2.5900000000000003,0.0,409.08,-1.529166666666697,-5.587499999999864,-4.464285714285779,0.0,,,4.758333333333333,1.4000000000000004,-0.7242557944814013,-0.6895313946152953,-0.7242557944814013,-0.6895313946152953,-0.8212747813937186,-0.7532206919925584,27.0,73.0,,,0.0,6,0.0,0.0,0.7693055555555556,0.0,-0.0,16.975,1.7916666666666643,147,5,2015,238
2016-05-27,0.0,17.9,0,0.0,12.7,21.0,17.412499999999998,9.6,4.516666666666667,0.4826260831073134,2.334287727025121,86.875,170.79166666666666,600.0,75.91666666666667,1011.2666666666668,1009.1,15.016666666666666,11.9,,,,28.56223005707909,0.3030308720628221,0.0,0.0,0.0,0.0,0.0,0.0,,0.08333333333333333,0,0,0.0,0.0,0.0,0.0,2.5900000000000003,0.0,409.08,-0.31666666666660603,-2.362499999999841,-3.626190476190345,0.0,,,2.395833333333332,0.7999999999999989,0.4781129789366278,0.8782983430317649,0.4781129789366278,0.8782983430317649,0.4192814096994785,2.0279124628530742,28.0,74.0,,,0.0,6,0.0,0.0,0.7367777777777778,0.0,-0.0,27.1,-3.9666666666666686,148,5,2015,239
2016-05-28,0.0,0.5,0,0.0,10.5,22.5,17.025000000000002,5.4,2.391666666666667,-1.170447136525819,0.3071507780126085,80.04166666666667,222.54166666666666,600.0,81.75,1010.1583333333333,1008.3,13.254166666666668,9.8,,,,254.36988175708458,0.40271836706496383,0.0,0.0,0.0,0.0,0.0,0.0,,0.041666666666666664,0,0,0.0,0.0,0.0,0.0,2.5900000000000003,0.0,409.08,-1.1083333333334622,-2.954166666666765,-3.502380952381145,0.0,,,3.770833333333334,0.6999999999999993,-0.9630210726668936,-0.2694260818842628,-0.9630210726668936,-0.2694260818842628,-0.9368453955275412,0.2458486019009254,29.0,75.0,,,0.0,6,0.0,0.0,0.7484999999999999,0.0,-0.0,14.350000000000001,-0.38749999999999574,149,5,2015,240
2016-05-29,0.0,5.4,0,0.0,10.8,26.3,18.791666666666668,5.5,3.1750000000000003,1.4414905713296131,-1.1981983409488763,74.625,288.4166666666667,600.0,84.04166666666667,1008.0083333333333,1005.7,13.170833333333334,10.6,,,,132.28546882875682,0.5108960280559696,0.0,0.0,0.0,0.0,0.0,0.0,,0.0,0,0,0.0,0.0,0.0,0.0,0.0,0.0,409.08,-2.1499999999999773,-3.5750000000000455,-4.124404761904771,0.0,,,5.620833333333334,0.20000000000000107,0.7398017584578671,-0.672824909008761,0.7398017584578671,-0.672824909008761,1.0757123388547238,-0.894155511933099,30.0,76.0,,,0.0,6,0.0,0.0,0.7743611111111112,0.0,-0.0,19.05,1.7666666666666657,150,5,2015,241
2016-05-30,0.0,14.5,0,0.0,13.6,18.4,15.5875,7.0,4.366666666666666,0.6985507308971002,-2.974699616253149,89.79166666666667,76.79166666666667,340.0,95.5,1006.3083333333334,1005.6,13.858333333333334,12.1,,,,184.30031457885215,0.6496358325847134,0.0,0.0,0.0,0.0,0.0,0.0,,0.0,0,0,0.0,0.0,0.0,0.0,0.0,0.0,409.08,-1.6999999999999318,-4.958333333333371,-4.272619047618946,0.0,,,1.729166666666666,1.5,-0.07498420180707842,-0.9971847218441302,-0.07498420180707842,-0.9971847218441302,0.627240343784688,-2.6710323637606406,31.0,77.0,,,0.0,6,0.0,0.0,0.6838333333333333,0.0,-0.0,26.199999999999996,-3.2041666666666675,151,5,2015,242
2016-05-31,0.0,2.4,0,0.0,13.7,24.6,18.575,10.4,6.408333333333334,-6.269008166930756,0.371854164799097,80.625,317.7916666666667,600.0,71.41666666666667,1006.0875,1003.8,14.65,12.3,,,,271.8209201188746,0.9794951353508722,0.0,0.0,0.0,0.0,0.0,0.0,,0.0,0,0,0.0,0.0,0.0,0.0,0.0,0.0,409.08,-0.2208333333334167,-4.070833333333326,-3.4160714285713993,0.0,,,3.924999999999999,1.3999999999999986,-0.9994950248887908,0.031775701763383624,-0.9994950248887908,0.031775701763383624,-5.054387834587922,0.299807420369272,32.0,78.0,,,0.0,6,0.0,0.0,0.8139444444444445,0.0,-0.0,38.45,2.987499999999999,152,5,2015,243
2016-06-01,0.0,2.3000000000000003,0,0.0,10.8,17.9,13.895833333333334,11.9,8.745833333333334,-7.648826146542864,3.136475278798576,80.08333333333333,288.7916666666667,600.0,75.41666666666667,1006.3083333333334,1004.3,10.137500000000001,8.2,,,,292.278443717849,0.9347788934576362,0.0,0.0,0.0,0.0,0.0,0.0,,0.0,0,0,0.0,0.0,0.0,0.0,0.0,0.0,409.08,0.2208333333334167,-1.6999999999999318,-2.2232142857143344,0.0,,,3.758333333333333,2.6000000000000014,-0.9253524149709992,0.37910804278904425,-0.9253524149709992,0.37910804278904425,-6.1254349390230765,2.5117939524378596,33.0,79.0,,,0.0,6,0.0,0.0,0.7928055555555554,0.0,-0.0,52.475,-4.679166666666665,153,6,2015,244
2016-06-02,0.0,0.1,0,0.0,8.4,15.9,11.866666666666667,11.0,6.875,-3.436132615444238,5.348805478578559,76.45833333333333,310.875,600.0,27.375,1010.0333333333333,1008.5,7.3999999999999995,5.1,,,,320.0727794936638,0.8623840815147293,0.0,0.0,0.0,0.0,0.0,0.0,,0.5416666666666666,0,0,0.0,0.0,0.0,0.0,0.0,0.0,409.08,3.724999999999909,3.724999999999909,1.7232142857142208,0.0,,,4.466666666666668,3.3000000000000007,-0.6418140297083514,0.7668603205731324,-0.6418140297083514,0.7668603205731324,-2.62720972889174,4.089607522163189,34.0,80.0,,,0.0,6,0.0,0.0,0.7954444444444445,0.0,-0.0,41.25,-2.029166666666667,154,6,2015,245
2016-06-03,0.0,0.2,0,0.0,5.6,21.1,14.170833333333334,6.0,3.9375,-1.8850109553226602,-0.6956055042284676,70.29166666666667,343.875,600.0,4.916666666666667,1013.4541666666668,1012.2,8.020833333333334,5.0,,,,235.46579405868903,0.5409218330367189,0.0,0.0,0.0,0.0,0.0,0.0,,0.9583333333333334,0,0,0.0,0.0,0.0,0.0,0.0,0.0,409.08,3.420833333333462,7.366666666666788,4.831547619047683,0.0,,,6.15,0.5999999999999996,-0.8237878936844237,-0.5668981444836282,-0.8237878936844237,-0.5668981444836282,-1.3250056173455533,-0.48895270234726035,35.0,81.0,,,0.0,6,0.0,0.0,0.7968888888888889,0.0,-0.0,23.625,2.304166666666667,155,6,2015,246
2016-06-04,0.0,1.2,0,0.0,9.6,23.6,17.1625,6.2,4.7625,-2.0740185307488095,-2.7844354202217176,72.5,272.875,600.0,89.0,1013.1416666666668,1011.3,11.475,7.9,,,,220.68181763375102,0.6953419891194055,0.0,0.0,0.0,0.0,0.0,0.0,,0.041666666666666664,0,0,0.0,0.0,0.0,0.0,0.0,0.0,409.08,-0.3125,6.833333333333371,4.0928571428572695,0.0,,,5.687500000000002,1.6999999999999993,-0.6518577830138756,-0.7583412363337728,-0.6518577830138756,-0.7583412363337728,-1.503663434792887,-2.0187156796607453,36.0,82.0,,,0.0,6,0.0,0.0,0.7569166666666667,0.0,-0.0,28.575000000000003,2.991666666666667,156,6,2015,247
2016-06-05,0.0,0.30000000000000004,0,0.0,13.2,22.2,17.158333333333335,10.2,3.9875000000000003,1.2109187870323674,2.5290050600777962,82.0,275.7083333333333,600.0,74.95833333333333,1013.3666666666667,1011.8,13.691666666666668,12.3,,,,57.07266352282313,0.4269998711471417,0.0,0.0,0.0,0.0,0.0,0.0,,0.0,0,0,0.0,0.0,0.0,0.0,0.0,0.0,409.08,0.22499999999990905,3.3333333333333712,3.552380952380986,0.0,,,3.466666666666667,0.8999999999999986,0.8393606141863362,0.543574980433,0.8393606141863362,0.543574980433,0.9929534053665412,2.0737841492637927,37.0,83.0,,,0.0,6,0.0,0.0,0.7904722222222222,0.0,-0.0,23.925,-0.00416666666666643,157,6,2015,248
2016-06-06,0.0,0.30000000000000004,0,0.0,10.5,24.9,17.941666666666666,5.8,3.591666666666667,1.2799742274392816,0.7535338970514118,76.0,285.7083333333333,600.0,96.625,1015.6416666666668,1014.8,13.104166666666666,9.8,,,,80.62002514334755,0.35410823305835293,0.0,0.0,0.0,0.0,0.0,0.0,,0.0,0,0,0.0,0.0,0.0,0.0,0.0,0.0,409.08,2.275000000000091,2.1875,4.494047619047706,0.0,,,4.8375,0.6999999999999993,0.9866291845380945,0.16298114068104536,0.9866291845380945,0.16298114068104536,0.972780412853854,0.572685761759073,38.0,84.0,,,0.0,6,0.0,0.0,0.7771388888888889,0.0,-0.0,21.55,0.7833333333333314,158,6,2015,249
2016-06-07,0.0,4.1000000000000005,0,0.0,15.3,22.7,18.570833333333333,5.7,3.3000000000000003,0.9945332426002156,-0.6659375848720277,86.33333333333333,199.70833333333334,600.0,97.75,1014.6625,1013.2,16.087500000000002,14.5,,,,129.1106847870786,0.3327783596279311,0.0,0.0,0.0,0.0,0.0,0.0,,0.0,0,0,0.0,0.0,0.0,0.0,0.0,0.0,409.08,-0.9791666666667425,1.5208333333332575,2.2898809523809405,0.0,,,2.4833333333333307,0.8000000000000007,0.7759287821752945,-0.6308205172566634,0.7759287821752945,-0.6308205172566634,0.8586136994448528,-0.5749261149395172,39.0,85.0,,,0.0,6,0.0,0.0,0.75425,0.0,-0.0,19.8,0.6291666666666664,159,6,2015,250
2016-06-08,0.0,10.0,0,0.0,13.2,24.6,19.054166666666667,4.8,3.1750000000000003,-0.016579507221531526,-0.21497056121555236,86.5,288.6666666666667,600.0,73.33333333333333,1013.4916666666667,1012.3,16.479166666666668,13.2,,,,190.53081416055358,0.06490465531817302,0.0,0.0,0.0,0.0,0.0,0.0,,0.0,0,0,0.0,0.0,0.0,0.0,0.0,0.0,409.08,-1.1708333333333485,0.125,0.09285714285715585,0.0,,,2.5749999999999993,0.0,-0.18276430201581598,-0.9831567575461563,-0.18276430201581598,-0.9831567575461563,-0.01434127374662477,-0.1859495354514528,40.0,86.0,,,0.0,6,0.0,0.0,0.814111111111111,0.0,-0.0,19.05,0.4833333333333343,160,6,2015,251
2016-06-09,0.0,19.4,0,0.0,15.4,22.6,17.912499999999998,5.0,3.7916666666666665,-1.375648544382434,-0.5856794032595639,95.5,107.58333333333333,415.0,96.75,1012.8333333333334,1011.8,17.116666666666667,15.2,,,,248.40104887319336,0.43362114763484727,0.0,0.0,0.0,0.0,0.0,0.0,,0.0,0,0,0.0,0.0,0.0,0.0,0.0,0.0,409.08,-0.658333333333303,-2.808333333333394,-0.9654761904762381,0.0,,,0.7958333333333307,0.20000000000000107,-0.929783224727518,-0.3681075318643968,-0.929783224727518,-0.3681075318643968,-1.3137443598852243,-0.5593238301128836,41.0,87.0,,,0.0,6,0.0,0.0,0.723388888888889,0.0,-0.0,22.75,-1.1416666666666693,161,6,2015,252
2016-06-10,0.0,0.0,0,0.0,14.5,25.0,19.275000000000002,8.0,3.9416666666666664,2.0257315296799905,1.777610310656068,81.16666666666667,305.5,600.0,54.083333333333336,1015.25,1013.4,15.475,13.5,,,,78.79521660875419,0.4541409229142185,0.0,0.0,0.0,0.0,0.0,0.0,,0.08333333333333333,0,0,0.0,0.0,0.0,0.0,0.0,0.0,409.08,2.4166666666666288,0.5874999999999773,1.1946428571427532,0.0,,,3.8000000000000025,1.0,0.9809389360958318,0.19431624649312668,0.9809389360958318,0.19431624649312668,1.6442187582569259,1.4428270354825086,42.0,88.0,,,0.0,6,0.0,0.0,0.8075555555555556,0.0,-0.0,23.65,1.3625000000000043,162,6,2015,253
2016-06-11,0.0,0.7000000000000001,0,0.0,15.7,26.7,21.099999999999998,4.7,2.904166666666667,0.08040802457562055,-0.7985738089123108,75.41666666666667,286.375,600.0,67.33333333333333,1016.1083333333332,1014.9,16.083333333333332,14.9,,,,183.8738737698193,0.18853042503715786,0.0,0.0,0.0,0.0,0.0,0.0,,0.20833333333333334,0,0,0.0,0.0,0.0,0.0,0.0,0.0,409.08,0.8583333333332348,2.6166666666665606,1.6291666666664923,0.0,,,5.016666666666666,0.7999999999999989,-0.06756035081493326,-0.9977151893189574,-0.06756035081493326,-0.9977151893189574,0.060641051867447164,-0.6022577475547011,43.0,89.0,,,0.0,6,0.0,0.0,0.775638888888889,0.0,-0.0,17.425,1.8249999999999957,163,6,2015,254
2016-06-12,0.0,1.1,0,0.0,15.8,25.8,21.3,5.2,2.8000000000000003,1.7445561409376742,-1.0862023224568442,74.125,233.375,600.0,97.91666666666667,1012.0124999999999,1007.9,16.095833333333335,14.6,,,,109.5420766712632,0.6388045554908556,0.0,0.0,0.0,0.0,0.0,0.0,,0.0,0,0,0.0,0.0,0.0,0.0,0.0,0.0,409.08,-4.095833333333303,-0.8208333333334394,-2.2732142857144026,0.0,,,5.204166666666666,1.200000000000001,0.9423960970299332,-0.3344990228726368,0.9423960970299332,-0.3344990228726368,1.293152239470051,-0.8051474715211357,44.0,90.0,,,0.0,6,0.0,0.0,0.7360000000000001,0.0,-0.0,16.8,0.20000000000000284,164,6,2015,255
2016-06-13,0.0,34.2,0,0.0,16.6,20.0,18.05,7.2,4.6625,2.5725687315102754,-1.7810084125422259,95.41666666666667,78.375,320.0,99.66666666666667,1002.3208333333333,1000.0,17.279166666666665,16.5,,,,131.15744465318988,0.5607557360815544,0.0,0.0,0.0,0.0,0.0,0.0,,0.0,0,0,0.0,0.0,0.0,0.0,0.0,0.0,409.08,-9.691666666666606,-12.929166666666674,-10.061904761904657,0.0,,,0.7708333333333357,0.10000000000000142,0.752903930342389,-0.6581304366726881,0.752903930342389,-0.6581304366726881,2.4546593313160545,-1.6993788603007074,45.0,91.0,,,0.0,6,0.0,0.0,0.7036388888888889,0.0,-0.0,27.974999999999998,-3.25,165,6,2015,256
2016-06-14,0.0,6.1000000000000005,0,0.0,15.4,22.9,19.150000000000002,7.6,4.395833333333333,-2.568852525792359,2.398292671040035,91.70833333333333,249.25,600.0,75.04166666666667,1005.2041666666668,1002.0,17.6875,15.4,,,,310.32972075887517,0.6692193140136667,0.0,0.0,0.0,0.0,0.0,0.0,,0.0,0,0,0.0,0.0,0.0,0.0,0.0,0.0,409.08,2.8833333333334394,-10.90416666666647,-5.827380952380963,0.0,,,1.4625000000000021,0.0,-0.7623327210108429,0.6471853076794963,-0.7623327210108429,0.6471853076794963,-2.3558518371954094,2.1994342370662987,46.0,92.0,,,0.0,6,0.0,0.0,0.8051944444444444,0.0,-0.0,26.375,1.1000000000000014,166,6,2015,257
2016-06-15,0.0,3.3,0,0.0,14.3,24.1,19.491666666666667,6.0,3.0875,-0.8481748178977181,-1.6401274400826598,87.08333333333333,266.5,600.0,72.5,1009.1125000000001,1008.4,17.079166666666666,14.3,,,,228.20382186759426,0.5151118976191682,0.0,0.0,0.0,0.0,0.0,0.0,,0.0,0,0,0.0,0.0,0.0,0.0,0.0,0.0,409.08,3.908333333333303,-2.8999999999998636,-1.2934523809524308,0.0,,,2.4125000000000014,0.0,-0.7455204585216205,-0.6664827424065178,-0.7455204585216205,-0.6664827424065178,-0.7386189039192628,-1.4282776457386495,47.0,93.0,,,0.0,6,0.0,0.0,0.8012777777777776,0.0,-0.0,18.525,0.341666666666665,167,6,2015,258
2016-06-16,0.0,13.8,0,0.0,16.9,23.9,19.708333333333332,7.9,5.579166666666667,2.293021127866274,-4.643083376732093,87.54166666666667,156.625,600.0,99.25,1004.7208333333333,1002.6,17.462500000000002,15.9,,,,154.24741491759247,0.9155781271966247,0.0,0.0,0.0,0.0,0.0,0.0,,0.0,0,0,0.0,0.0,0.0,0.0,0.0,0.0,409.08,-4.391666666666765,2.3999999999999773,-4.526190476190436,0.0,,,2.24583333333333,0.9999999999999982,0.4344858948450169,-0.9006786370180682,0.4344858948450169,-0.9006786370180682,2.007348912352934,-4.0646325727142205,48.0,94.0,,,0.0,6,0.0,0.0,0.7295555555555556,0.0,-0.0,33.475,0.216666666666665,168,6,2015,259
2016-06-17,0.0,19.3,0,0.0,15.4,23.8,19.729166666666668,9.6,6.508333333333333,-5.888263492443609,-0.3108296249088511,91.20833333333333,219.45833333333334,600.0,76.08333333333333,1007.4541666666668,1002.1,18.120833333333334,15.2,,,,263.5473213228042,0.8871988279636429,0.0,0.0,0.0,0.0,0.0,0.0,,0.041666666666666664,0,0,0.0,0.0,0.0,0.0,0.0,0.0,409.08,2.733333333333462,2.25,-0.6791666666664469,0.0,,,1.6083333333333343,0.20000000000000107,-0.9936650127857134,-0.11238257144934871,-0.9936650127857134,-0.11238257144934871,-5.370586993732941,-0.2835025203856146,49.0,95.0,,,0.0,6,0.0,0.0,0.7836666666666666,0.0,-0.0,39.05,0.020833333333335702,169,6,2015,260
2016-06-18,0.0,0.0,0,0.0,13.2,25.6,19.808333333333334,5.8,4.3500000000000005,-0.5578586837474419,0.409121526710668,78.58333333333333,334.9166666666667,600.0,65.5,1016.15,1013.8,15.504166666666668,12.5,,,,261.1867100477871,0.1467113430422788,0.0,0.0,0.0,0.0,0.0,0.0,,0.08333333333333333,0,0,0.0,0.0,0.0,0.0,0.0,0.0,409.08,8.695833333333212,7.037499999999909,8.010714285714243,0.0,,,4.304166666666665,0.6999999999999993,-0.988192869273866,-0.15321505512280453,-0.988192869273866,-0.15321505512280453,-0.43838394897819805,0.32150133307346657,50.0,96.0,,,0.0,6,0.0,0.0,0.8185555555555556,0.0,-0.0,26.1,0.07916666666666572,170,6,2015,261
2016-06-19,0.0,7.8999999999999995,0,0.0,16.2,25.6,19.583333333333332,7.2,4.745833333333334,0.8887256349558398,-4.310805401680415,83.91666666666667,168.0,600.0,95.41666666666667,1013.7541666666666,1010.6,16.420833333333334,14.5,,,,169.47068722870955,0.9360316222516849,0.0,0.0,0.0,0.0,0.0,0.0,,0.0,0,0,0.0,0.0,0.0,0.0,0.0,0.0,409.08,-2.3958333333333712,9.033333333333303,5.366071428571331,0.0,,,3.162499999999998,1.6999999999999993,0.18273853913053303,-0.9831615463983723,0.18273853913053303,-0.9831615463983723,0.7457889286671089,-3.6174841995768157,51.0,97.0,,,0.0,6,0.0,0.0,0.7250555555555556,0.0,-0.0,28.475,-0.22500000000000142,171,6,2015,262
2016-06-20,0.0,3.7,0,0.0,14.6,23.8,19.541666666666668,9.1,5.9750000000000005,-4.684431055568908,-1.6102832744256386,87.75,260.0833333333333,600.0,59.708333333333336,1009.8291666666668,1009.2,17.3,14.5,,,,244.51101959695563,0.7845983393117953,0.0,0.0,0.0,0.0,0.0,0.0,,0.041666666666666664,0,0,0.0,0.0,0.0,0.0,0.0,0.0,409.08,-3.924999999999841,2.375,0.36845238095247623,0.0,,,2.241666666666667,0.09999999999999964,-0.9026680671014405,-0.43033749619960987,-0.9026680671014405,-0.43033749619960987,-4.110588251261716,-1.413023573308498,52.0,98.0,,,0.0,6,0.0,0.0,0.7992222222222223,0.0,-0.0,35.85,-0.0416666666666643,172,6,2015,263
2016-06-21,0.0,0.4,0,0.0,15.0,25.5,19.945833333333333,6.4,2.8708333333333336,-0.7090579897582714,0.6262149818282801,83.66666666666667,268.3333333333333,600.0,84.0,1009.3166666666666,1008.1,16.783333333333335,14.4,,,,270.3428922525082,0.04421217850051956,0.0,0.0,0.0,0.0,0.0,0.0,,0.0,0,0,0.0,0.0,0.0,0.0,0.0,0.0,409.08,-0.5125000000001592,-6.833333333333371,-0.7315476190476602,0.0,,,3.162499999999998,0.5999999999999996,-0.9999820923421339,0.005984563062422888,-0.9999820923421339,0.005984563062422888,-0.5932451847644205,0.5239332014629944,53.0,99.0,,,0.0,6,0.0,0.0,0.791111111111111,0.0,-0.0,17.225,0.404166666666665,173,6,2015,264
2016-06-22,0.0,2.5,0,0.0,16.0,24.8,20.575,4.7,2.7916666666666665,0.07562069785831195,0.2579501657854983,86.54166666666667,253.25,600.0,76.45833333333333,1009.8375,1007.8,18.058333333333334,15.9,,,,226.94077211777494,0.10840688763249584,0.0,0.0,0.0,0.0,0.0,0.0,,0.041666666666666664,0,0,0.0,0.0,0.0,0.0,0.0,0.0,409.08,0.5208333333333712,-3.9166666666666288,-0.3142857142856883,0.0,,,2.5166666666666657,0.09999999999999964,-0.7306483145852417,-0.6827540116277205,-0.7306483145852417,-0.6827540116277205,0.06544341227154747,0.22323437264019996,54.0,100.0,,,0.0,6,0.0,0.0,0.7906388888888888,0.0,-0.0,16.75,0.6291666666666664,174,6,2015,265
2016-06-23,0.0,21.2,0,0.0,16.6,22.4,18.974999999999998,8.1,4.4875,-1.3162238680853295,2.521662201875977,96.625,83.29166666666667,299.0,97.29166666666667,1006.5666666666666,1004.9,18.425,16.4,,,,312.62518246973974,0.36080852144246467,0.0,0.0,0.0,0.0,0.0,0.0,,0.0,0,0,0.0,0.0,0.0,0.0,0.0,0.0,409.08,-3.2708333333333712,-3.262500000000159,-3.8488095238096776,0.0,,,0.5499999999999972,0.20000000000000284,-0.7357995175286234,0.6771994314857663,-0.7357995175286234,0.6771994314857663,-1.2718013125374497,2.4365561025626628,55.0,101.0,,,0.0,6,0.0,0.0,0.7109444444444444,0.0,-0.0,26.924999999999997,-1.6000000000000014,175,6,2015,266
2016-06-24,0.0,9.9,0,0.0,13.9,24.8,19.224999999999998,11.2,4.604166666666667,1.8283907887285655,-3.8593665703540894,87.20833333333333,126.95833333333333,479.0,99.70833333333333,1006.1333333333333,999.1,16.808333333333334,12.7,,,,159.1650190794328,0.8919057695311071,0.0,0.0,0.0,0.0,0.0,0.0,,0.0,0,0,0.0,0.0,0.0,0.0,0.0,0.0,409.08,-0.4333333333332803,-3.1833333333332803,-4.093452380952385,0.0,,,2.4166666666666643,1.200000000000001,0.35567763740323316,-0.9346086979325916,0.35567763740323316,-0.9346086979325916,1.5945091336703698,-3.3656892632296285,56.0,102.0,,,0.0,6,0.0,0.0,0.7086666666666667,0.0,-0.0,27.625,0.25,176,6,2015,267
2016-06-25,0.0,34.4,0,0.0,16.2,22.7,19.766666666666666,10.8,8.2875,-7.048961777801863,-2.9016194431139777,92.66666666666667,154.75,581.0,98.83333333333333,1001.8625000000001,997.2,18.4875,15.7,,,,247.9319476772738,0.9217537191417924,0.0,0.0,0.0,0.0,0.0,0.0,,0.0,0,0,0.0,0.0,0.0,0.0,0.0,0.0,409.08,-4.2708333333332575,-7.974999999999909,-6.3232142857142435,0.0,,,1.279166666666665,0.5,-0.9267382665262409,-0.3757075795827627,-0.9267382665262409,-0.3757075795827627,-6.532037914096394,-2.688834017285619,57.0,103.0,,,0.0,6,0.0,0.0,0.7453888888888889,0.0,-0.0,49.724999999999994,0.5416666666666679,177,6,2015,268
2016-06-26,0.0,7.0,0,0.0,14.1,21.4,17.337500000000002,10.5,6.9875,-6.416854763364881,-1.2196227878232506,89.20833333333333,217.5,600.0,53.666666666666664,1009.3833333333333,1005.7,15.404166666666667,14.0,,,,260.26910034934235,0.9175564557210509,0.0,0.0,0.0,0.0,0.0,0.0,,0.125,0,0,0.0,0.0,0.0,0.0,0.0,0.0,409.08,7.5208333333332575,2.8166666666667197,1.8220238095237846,0.0,,,1.9333333333333353,0.09999999999999964,-0.9856124593191915,-0.1690209455504704,-0.9856124593191915,-0.1690209455504704,-5.724369186818421,-1.088005161970658,58.0,104.0,,,0.0,6,0.0,0.0,0.7756944444444445,0.0,-0.0,41.925,-2.4291666666666636,178,6,2015,269
2016-06-27,0.0,1.4,0,0.0,12.4,26.3,19.579166666666666,5.4,3.408333333333333,0.9603417074172934,-0.09642390839772147,77.04166666666667,314.3333333333333,600.0,54.708333333333336,1014.85,1013.6,14.941666666666668,11.9,,,,83.01257303872852,0.2663455778965259,0.0,0.0,0.0,0.0,0.0,0.0,,0.375,0,0,0.0,0.0,0.0,0.0,0.0,0.0,409.08,5.466666666666697,8.716666666666697,6.571428571428669,0.0,,,4.6374999999999975,0.5,0.9925728708645928,0.12165153522919678,0.9925728708645928,0.12165153522919678,0.7398632570894066,-0.07428658609474459,59.0,105.0,,,0.0,6,0.0,0.0,0.7996944444444445,0.0,-0.0,20.45,2.2416666666666636,179,6,2015,270
2016-06-28,0.0,26.1,0,0.0,16.9,21.9,18.3625,6.5,3.704166666666667,0.9394234884607006,-0.15988580544364503,94.08333333333333,111.83333333333333,526.0,99.70833333333333,1013.2416666666667,1011.4,17.283333333333335,16.5,,,,129.47163782738133,0.4044411113869052,0.0,0.0,0.0,0.0,0.0,0.0,,0.0,0,0,0.0,0.0,0.0,0.0,0.0,0.0,409.08,-1.6083333333333485,11.379166666666606,4.402380952381009,0.0,,,1.0791666666666657,0.3999999999999986,0.771939356011962,-0.635696177933954,0.771939356011962,-0.635696177933954,0.883840932060109,-0.15042589528822936,60.0,106.0,,,0.0,6,0.0,0.0,0.7214999999999999,0.0,-0.0,22.225,-1.216666666666665,180,6,2015,271
2016-06-29,0.0,4.5,0,0.0,16.4,24.6,20.216666666666665,4.5,2.4041666666666663,0.9308982387638646,-0.5667206566377492,90.04166666666667,183.95833333333334,600.0,98.125,1015.0166666666668,1014.2,18.375,16.3,,,,128.84045279002268,0.36062828957505083,0.0,0.0,0.0,0.0,0.0,0.0,,0.0,0,0,0.0,0.0,0.0,0.0,0.0,0.0,409.08,1.775000000000091,5.633333333333439,5.437500000000114,0.0,,,1.841666666666665,0.09999999999999787,0.7788953668923686,-0.6271538945375389,0.7788953668923686,-0.6271538945375389,0.8381962891536299,-0.5102847245809067,61.0,107.0,,,0.0,6,0.0,0.0,0.7561111111111112,0.0,-0.0,14.424999999999997,1.8541666666666643,181,6,2015,272
2016-06-30,0.0,8.1,0,0.0,18.6,25.1,21.254166666666666,6.8,4.175,-2.928844277020319,-1.1256009967651845,93.04166666666667,161.29166666666666,600.0,99.08333333333333,1014.3375,1013.3,19.995833333333334,18.5,,,,242.6510387477846,0.6678245651435716,0.0,0.0,0.0,0.0,0.0,0.0,,0.0,0,0,0.0,0.0,0.0,0.0,0.0,0.0,409.08,-0.6791666666667879,-0.5125000000000455,3.648214285714289,0.0,,,1.2583333333333329,0.10000000000000142,-0.888224976131904,-0.4594087415096481,-0.888224976131904,-0.4594087415096481,-2.7250455294109885,-1.0472779274069406,62.0,108.0,,,0.0,6,0.0,0.0,0.751,0.0,-0.0,25.049999999999997,1.0375000000000014,182,6,2015,273
2016-07-01,0.0,3.5,0,0.0,16.5,26.1,21.587500000000002,5.6,3.2083333333333335,-1.4739657235700971,-0.7106131902946587,87.08333333333333,285.75,600.0,69.29166666666667,1015.2416666666667,1014.5,19.1375,16.0,,,,234.10340796227933,0.39129987860032384,0.0,0.0,0.0,0.0,0.0,0.0,,0.08333333333333333,0,0,0.0,0.0,0.0,0.0,0.0,0.0,409.08,0.904166666666697,2.0,3.251190476190459,0.0,,,2.450000000000003,0.5,-0.8100765165359545,-0.5863241742901051,-0.8100765165359545,-0.5863241742901051,-1.2835784842756264,-0.618825653214932,63.0,109.0,,,0.0,6,0.0,0.0,0.814111111111111,0.0,-0.0,19.25,0.3333333333333357,183,7,2015,274
2016-07-02,0.0,1.2000000000000002,0,0.0,18.5,28.3,23.1125,12.0,6.654166666666666,-3.2455706921831204,-4.698647373472196,85.0,199.875,600.0,92.375,1012.1291666666666,1010.5,20.233333333333334,18.2,,,,209.12669432539943,0.8453936908660998,0.0,0.0,0.0,0.0,0.0,0.0,,0.0,0,0,0.0,0.0,0.0,0.0,0.0,0.0,409.08,-3.112500000000068,-2.887500000000159,-1.3279761904761926,0.0,,,2.8791666666666664,0.3000000000000007,-0.4867424214852769,-0.873545542674593,-0.4867424214852769,-0.873545542674593,-2.7587350883556523,-3.9938502674513665,64.0,110.0,,,0.0,6,0.0,0.0,0.7499166666666667,0.0,-0.0,39.925,1.5249999999999986,184,7,2015,275
2016-07-03,0.0,20.6,0,0.0,19.9,28.1,22.583333333333332,10.4,6.054166666666667,-4.605418840797737,-2.010050342171639,90.95833333333333,137.33333333333334,496.0,87.75,1011.4916666666667,1009.0,20.929166666666667,19.4,,,,241.82868709243485,0.8172079754952085,0.0,0.0,0.0,0.0,0.0,0.0,,0.0,0,0,0.0,0.0,0.0,0.0,0.0,0.0,409.08,-0.6374999999999318,-2.845833333333303,-2.2666666666666515,0.0,,,1.654166666666665,0.5,-0.8815399402996104,-0.4721094509290821,-0.8815399402996104,-0.4721094509290821,-4.189012220608941,-1.8283082904002868,65.0,111.0,,,0.0,6,0.0,0.0,0.7280833333333333,0.0,-0.0,36.325,-0.5291666666666686,185,7,2015,276
2016-07-04,0.0,26.7,0,0.0,19.9,23.1,21.46666666666667,5.9,4.208333333333333,-3.8067022119412535,-0.2554888486193346,98.75,81.625,234.0,97.58333333333333,1015.5208333333334,1013.8,21.2625,19.9,,,,265.43507509785763,0.9048393264729951,0.0,0.0,0.0,0.0,0.0,0.0,,0.0,0,0,0.0,0.0,0.0,0.0,0.0,0.0,409.08,4.029166666666697,0.279166666666697,1.6666666666666288,0.0,,,0.20416666666666927,0.0,-0.9968277875292012,-0.0795887052893667,-0.9968277875292012,-0.0795887052893667,-3.7591184342919877,-0.25229523801159287,66.0,112.0,,,0.0,6,0.0,0.0,0.7169166666666668,0.0,-0.0,25.25,-1.1166666666666636,186,7,2015,277
2016-07-05,0.0,4.2,0,0.0,19.2,26.2,22.554166666666664,7.3,3.9791666666666665,-2.7337699418526102,-0.826444462580238,90.625,166.45833333333334,571.0,97.79166666666667,1018.8166666666666,1017.7,20.787499999999998,19.1,,,,248.61552186250287,0.6738022788964915,0.0,0.0,0.0,0.0,0.0,0.0,,0.0,0,0,0.0,0.0,0.0,0.0,0.0,0.0,409.08,3.295833333333235,6.6875,4.166071428571399,0.0,,,1.7666666666666657,0.09999999999999787,-0.9311546295921843,-0.3646245408485859,-0.9311546295921843,-0.3646245408485859,-2.477479009803928,-0.7489652942133407,67.0,113.0,,,0.0,6,0.0,0.0,0.7463888888888889,0.0,-0.0,23.875,1.087499999999995,187,7,2015,278
2016-07-06,0.0,2.4,0,0.0,20.0,28.6,24.025000000000002,11.3,7.641666666666667,-5.8779794872777655,-3.582968535652045,83.70833333333333,279.875,600.0,75.41666666666667,1017.5916666666667,1016.3,20.879166666666666,19.1,,,,236.3991087813557,0.8885599337400457,0.0,0.0,0.0,0.0,0.0,0.0,,0.08333333333333333,0,0,0.0,0.0,0.0,0.0,0.0,0.0,409.08,-1.224999999999909,6.100000000000023,2.573214285714357,0.0,,,3.1458333333333357,0.8999999999999986,-0.8329126327699737,-0.5534045050161688,-0.8329126327699737,-0.5534045050161688,-4.920358662475429,-2.9992432450520656,68.0,114.0,,,0.0,6,0.0,0.0,0.7989444444444445,0.0,-0.0,45.85,1.4708333333333385,188,7,2015,279
2016-07-07,0.0,5.2,0,0.0,20.9,27.5,23.395833333333332,8.4,5.879166666666666,-5.547300889740627,0.23168412222554033,91.33333333333333,217.04166666666666,600.0,80.16666666666667,1017.2624999999999,1016.3,21.84166666666667,20.6,,,,271.4728200749927,0.940931448240774,0.0,0.0,0.0,0.0,0.0,0.0,,0.0,0,0,0.0,0.0,0.0,0.0,0.0,0.0,409.08,-0.3291666666667652,1.7416666666665606,1.8261904761903907,0.0,,,1.5541666666666636,0.29999999999999716,-0.9996696302951675,0.025702728756361624,-0.9996696302951675,0.025702728756361624,-5.066534812629772,0.21160483163266014,69.0,115.0,,,0.0,6,0.0,0.0,0.7824722222222222,0.0,-0.0,35.275,-0.62916666666667,189,7,2015,280
2016-07-08,0.0,10.7,0,0.0,18.8,26.3,22.379166666666666,5.1,2.9625,-1.4822576483607524,-1.5132593190605643,90.58333333333333,123.20833333333333,408.0,100.0,1015.8249999999999,1014.7,20.6375,17.9,,,,231.11541341035607,0.664649325234707,0.0,0.0,0.0,0.0,0.0,0.0,,0.0,0,0,0.0,0.0,0.0,0.0,0.0,0.0,409.08,-1.4375,-2.9916666666666742,0.3053571428571331,0.0,,,1.7416666666666671,0.9000000000000021,-0.7784120516947051,-0.6277536760357838,-0.7784120516947051,-0.6277536760357838,-1.342678386473448,-1.370760733182361,70.0,116.0,,,0.0,6,0.0,0.0,0.7174166666666667,0.0,-0.0,17.775,-1.0166666666666657,190,7,2015,281
2016-07-09,0.0,45.1,0,0.0,19.4,21.1,20.391666666666666,5.2,2.9499999999999997,0.16083373851278296,-0.6167066484097495,98.83333333333333,64.33333333333333,247.0,93.5,1010.0666666666666,1007.6,20.195833333333333,19.4,,,,106.96332008108877,0.05678630030803957,0.0,0.0,0.0,0.0,0.0,0.0,,0.0,0,0,0.0,0.0,0.0,0.0,0.0,0.0,409.08,-5.758333333333326,-7.525000000000091,-5.158333333333417,0.0,,,0.19583333333333286,0.0,0.9564917320689778,-0.2917594325530658,0.9564917320689778,-0.2917594325530658,0.1589573448968005,-0.6095117375116357,71.0,117.0,,,0.0,6,0.0,0.0,0.7056666666666667,0.0,-0.0,17.7,-1.9875000000000007,191,7,2015,282
2016-07-10,0.0,0.30000000000000004,0,0.0,17.9,27.2,21.920833333333334,6.7,3.716666666666667,-2.435860474729922,0.9736196285975373,86.125,291.8333333333333,600.0,68.0,1007.7958333333332,1006.4,19.212500000000002,17.9,,,,279.7116057123939,0.6996315364556315,0.0,0.0,0.0,0.0,0.0,0.0,,0.16666666666666666,0,0,0.0,0.0,0.0,0.0,0.0,0.0,409.08,-2.2708333333333712,-9.466666666666697,-6.901190476190436,0.0,,,2.708333333333332,0.0,-0.9856693200137577,0.16868903812523336,-0.9856693200137577,0.16868903812523336,-2.0978848338611455,0.8385299051296289,72.0,118.0,,,0.0,6,0.0,0.0,0.8149722222222223,0.0,-0.0,22.3,1.5291666666666686,192,7,2015,283
2016-07-11,0.0,0.0,0,0.0,16.9,27.6,22.1375,6.8,3.6291666666666664,-1.9549458240526476,1.2511530584962607,82.0,301.0,600.0,88.625,1008.7291666666666,1007.6,18.554166666666667,16.4,,,,281.3507232431349,0.5465958191416082,0.0,0.0,0.0,0.0,0.0,0.0,,0.0,0,0,0.0,0.0,0.0,0.0,0.0,0.0,409.08,0.933333333333394,-7.095833333333303,-4.997619047619082,0.0,,,3.583333333333332,0.5,-0.980440805606942,0.19681419334186864,-0.980440805606942,0.19681419334186864,-1.603055575723171,1.0259455079669337,73.0,119.0,,,0.0,6,0.0,0.0,0.8073333333333332,0.0,-0.0,21.775,0.216666666666665,193,7,2015,284
2016-07-12,0.0,6.2,0,0.0,17.3,28.9,22.983333333333334,6.0,3.7125,-1.9295667662930314,0.1899805762875275,78.33333333333333,306.4583333333333,600.0,90.33333333333333,1008.3000000000001,1007.2,18.495833333333334,14.7,,,,261.41719024785345,0.5408483221460373,0.0,0.0,0.0,0.0,0.0,0.0,,0.0,0,0,0.0,0.0,0.0,0.0,0.0,0.0,409.08,-0.42916666666656056,-1.7666666666665378,-3.924404761904725,0.0,,,4.487500000000001,2.6000000000000014,-0.9888012010988538,-0.1492386836763981,-0.9888012010988538,-0.1492386836763981,-1.5114939669295413,0.14881811809189652,74.0,120.0,,,0.0,6,0.0,0.0,0.79875,0.0,-0.0,22.275,0.845833333333335,194,7,2015,285
2016-07-13,0.0,52.3,0,0.0,21.5,24.8,23.03333333333333,5.7,3.3791666666666664,-2.5371915062526624,-1.715947460298575,98.29166666666667,69.33333333333333,203.0,99.20833333333333,1003.8791666666666,1001.0,22.729166666666668,21.4,,,,234.03602663427034,0.8998002796103466,0.0,0.0,0.0,0.0,0.0,0.0,,0.0,0,0,0.0,0.0,0.0,0.0,0.0,0.0,409.08,-4.420833333333462,-3.9166666666666288,-6.386309523809473,0.0,,,0.3041666666666636,0.10000000000000142,-0.8093864240220915,-0.587276439684695,-0.8093864240220915,-0.587276439684695,-2.4938478180208463,-1.6866333578518078,75.0,121.0,,,0.0,6,0.0,0.0,0.7071944444444446,0.0,-0.0,20.275,0.04999999999999716,195,7,2015,286
2016-07-14,0.0,28.4,0,0.0,19.5,27.1,22.429166666666664,7.6,5.683333333333334,-5.037607178725262,-1.6796145354360983,90.41666666666667,248.25,600.0,68.33333333333333,1000.1208333333334,998.9,20.666666666666668,19.0,,,,247.61236606782523,0.9166681028989502,0.0,0.0,0.0,0.0,0.0,0.0,,0.041666666666666664,0,0,0.0,0.0,0.0,0.0,0.0,0.0,409.08,-3.758333333333212,-8.608333333333235,-7.695833333333212,0.0,,,1.7624999999999957,0.5,-0.9246282579635572,-0.3808708240011008,-0.9246282579635572,-0.3808708240011008,-4.5548364907640915,-1.518651475790139,76.0,122.0,,,0.0,6,0.0,0.0,0.8002222222222222,0.0,-0.0,34.1,-0.6041666666666679,196,7,2015,287
2016-07-15,0.0,20.0,0,0.0,18.6,25.0,20.466666666666665,5.1,2.65,-2.1154353026771515,0.011553823862938442,95.25,119.20833333333333,506.0,95.125,1001.3041666666667,998.9,19.616666666666667,18.5,,,,272.03321296583374,0.7726272090159317,0.0,0.0,0.0,0.0,0.0,0.0,,0.0,0,0,0.0,0.0,0.0,0.0,0.0,0.0,409.08,1.1833333333332803,-6.995833333333394,-4.438095238095229,0.0,,,0.8499999999999979,0.10000000000000142,-0.9993704287237012,0.03547881329195884,-0.9993704287237012,0.03547881329195884,-2.014952125799987,0.011005017229448865,77.0,123.0,,,0.0,6,0.0,0.0,0.7303055555555557,0.0,-0.0,15.899999999999999,-1.9624999999999986,197,7,2015,288
2016-07-16,0.0,2.3000000000000003,0,0.0,18.9,24.9,21.754166666666666,5.7,2.9625,-0.30059154665363697,-0.21136169093321222,92.16666666666667,153.54166666666666,555.0,96.41666666666667,1007.5416666666666,1005.5,20.354166666666668,18.9,,,,256.00275687556837,0.27337117967864005,0.0,0.0,0.0,0.0,0.0,0.0,,0.0,0,0,0.0,0.0,0.0,0.0,0.0,0.0,409.08,6.2374999999999545,3.6625000000000227,2.1601190476189913,0.0,,,1.3999999999999986,0.0,-0.9703073656011494,-0.24187520803124354,-0.9703073656011494,-0.24187520803124354,-0.27704520883243544,-0.19480502514344394,78.0,124.0,,,0.0,6,0.0,0.0,0.7429166666666668,0.0,-0.0,17.775,1.2875000000000014,198,7,2015,289
2016-07-17,0.0,14.6,0,0.0,19.7,27.2,23.308333333333334,7.6,4.8625,-2.9716133239515017,-1.707935666484114,91.08333333333333,167.83333333333334,600.0,90.625,1008.6833333333334,1006.7,21.708333333333332,18.3,,,,236.44136730997784,0.6797936475229311,0.0,0.0,0.0,0.0,0.0,0.0,,0.0,0,0,0.0,0.0,0.0,0.0,0.0,0.0,409.08,1.1416666666667652,8.5625,3.175000000000182,0.0,,,1.6000000000000014,1.3999999999999986,-0.8333205699368604,-0.5527900394544986,-0.8333205699368604,-0.5527900394544986,-2.7066444692324927,-1.5556447362226138,79.0,125.0,,,0.0,6,0.0,0.0,0.7488333333333332,0.0,-0.0,29.174999999999997,1.5541666666666671,199,7,2015,290
2016-07-18,0.0,1.4000000000000001,0,0.0,19.1,26.4,22.320833333333336,7.5,3.9625,-2.5323160656367185,1.771276390474516,89.29166666666667,227.54166666666666,600.0,78.875,1011.4458333333333,1010.0,20.325,19.0,,,,287.89958946859934,0.7394393431538259,0.0,0.0,0.0,0.0,0.0,0.0,,0.0,0,0,0.0,0.0,0.0,0.0,0.0,0.0,409.08,2.762499999999932,10.141666666666652,5.549404761904725,0.0,,,1.9958333333333371,0.10000000000000142,-0.9515966061034818,0.30734979949942176,-0.9515966061034818,0.30734979949942176,-2.2611472202747867,1.5816022103278697,80.0,126.0,,,0.0,6,0.0,0.0,0.7826666666666666,0.0,-0.0,23.775,-0.9874999999999972,200,7,2015,291
2016-07-19,0.0,0.0,0,0.0,15.8,26.0,21.220833333333335,6.8,3.904166666666667,-1.9054229780488525,1.5712532022493952,86.16666666666667,295.75,600.0,52.833333333333336,1013.1916666666666,1012.4,18.554166666666667,15.7,,,,296.2505990149471,0.5369684928947343,0.0,0.0,0.0,0.0,0.0,0.0,,0.25,0,0,0.0,0.0,0.0,0.0,0.0,0.0,409.08,1.7458333333332803,5.649999999999977,6.596428571428419,0.0,,,2.666666666666668,0.10000000000000142,-0.8968681174513512,0.4422980668048068,-0.8968681174513512,0.4422980668048068,-1.641839466085428,1.3538965092715622,81.0,127.0,,,0.0,6,0.0,0.0,0.8177222222222222,0.0,-0.0,23.425,-1.1000000000000014,201,7,2015,292
2016-07-20,0.0,0.6000000000000001,0,0.0,17.2,26.3,21.554166666666664,8.3,3.841666666666667,1.3366544635692286,3.1629248390864144,85.125,258.6666666666667,600.0,74.54166666666667,1014.6125000000001,1013.3,18.7,17.2,,,,26.89114862579941,0.6391969573325655,0.0,0.0,0.0,0.0,0.0,0.0,,0.0,0,0,0.0,0.0,0.0,0.0,0.0,0.0,409.08,1.4208333333334622,5.929166666666674,6.483928571428692,0.0,,,2.8541666666666643,0.0,0.4522969340164072,0.8918674136211939,0.4522969340164072,0.8918674136211939,1.137827112113306,2.69243976927231,82.0,128.0,,,0.0,6,0.0,0.0,0.7895277777777778,0.0,-0.0,23.05,0.3333333333333286,202,7,2015,293
2016-07-21,0.0,5.6,0,0.0,18.0,25.2,21.1375,6.8,3.170833333333333,0.5138289263869092,2.2925221112244927,90.875,222.83333333333334,600.0,99.54166666666667,1014.3041666666667,1013.1,19.470833333333335,17.9,,,,30.358546775484307,0.5335295580282354,0.0,0.0,0.0,0.0,0.0,0.0,,0.0,0,0,0.0,0.0,0.0,0.0,0.0,0.0,409.08,-0.30833333333339397,2.8583333333333485,4.1494047619048615,0.0,,,1.6666666666666643,0.10000000000000142,0.5054096071894558,0.8628795564623142,0.5054096071894558,0.8628795564623142,0.4669420368541038,2.0833294685752577,83.0,129.0,,,0.0,6,0.0,0.0,0.7848055555555554,0.0,-0.0,19.025,-0.4166666666666643,203,7,2015,294
2016-07-22,0.0,5.4,0,0.0,16.9,24.7,20.845833333333335,5.7,2.9416666666666664,1.1086652311035756,0.9415793338061037,90.66666666666667,238.75,600.0,75.95833333333333,1013.7416666666667,1012.8,19.166666666666668,16.9,,,,77.89510482942585,0.4412683335542395,0.0,0.0,0.0,0.0,0.0,0.0,,0.0,0,0,0.0,0.0,0.0,0.0,0.0,0.0,409.08,-0.5625,0.5500000000000682,1.8101190476190823,0.0,,,1.6791666666666671,0.0,0.9777653240415348,0.20970210085250093,0.9777653240415348,0.20970210085250093,1.0051898095339087,0.8536985959842007,84.0,130.0,,,0.0,6,0.0,0.0,0.7947222222222222,0.0,-0.0,17.65,-0.2916666666666643,204,7,2015,295
2016-07-23,0.0,1.8,0,0.0,18.1,25.0,21.333333333333332,5.4,3.408333333333333,0.4784410264886174,0.3106221686803414,89.54166666666667,213.0,600.0,87.70833333333333,1014.7166666666667,1013.8,19.445833333333333,17.9,,,,41.99205113756568,0.12714969574304252,0.0,0.0,0.0,0.0,0.0,0.0,,0.0,0,0,0.0,0.0,0.0,0.0,0.0,0.0,409.08,0.9750000000000227,0.10416666666662877,1.7601190476191277,0.0,,,1.8874999999999993,0.20000000000000284,0.6690275005983929,0.7432376493713618,0.6690275005983929,0.7432376493713618,0.42840406913501616,0.2781362668725224,85.0,131.0,,,0.0,6,0.0,0.0,0.7738055555555556,0.0,-0.0,20.45,0.48749999999999716,205,7,2015,296
2016-07-24,0.0,3.6,0,0.0,19.0,25.1,21.96666666666667,5.2,3.204166666666667,-0.5066552518213613,0.574397565927926,88.54166666666667,245.25,600.0,86.66666666666667,1015.8249999999999,1015.2,19.866666666666667,18.7,,,,304.0733034859272,0.19542536670692506,0.0,0.0,0.0,0.0,0.0,0.0,,0.0,0,0,0.0,0.0,0.0,0.0,0.0,0.0,409.08,1.1083333333332348,1.5208333333332575,1.848214285714107,0.0,,,2.1000000000000014,0.3000000000000007,-0.8283214700195605,0.5602531055733956,-0.8283214700195605,0.5602531055733956,-0.44860100421683036,0.5085811781653512,86.0,132.0,,,0.0,6,0.0,0.0,0.7919722222222223,0.0,-0.0,19.225,0.6333333333333364,206,7,2015,297
2016-07-25,0.0,5.3,0,0.0,19.0,25.2,21.912499999999998,4.8,2.983333333333333,-0.44390450153005884,-0.7847330265855591,91.08333333333333,167.83333333333334,600.0,97.54166666666667,1015.4250000000001,1014.5,20.304166666666667,18.7,,,,204.15932313721768,0.21946753732650315,0.0,0.0,0.0,0.0,0.0,0.0,,0.0,0,0,0.0,0.0,0.0,0.0,0.0,0.0,409.08,-0.3999999999998636,1.683333333333394,0.8797619047619492,0.0,,,1.6083333333333307,0.3000000000000007,-0.40927537530626923,-0.9124109091675265,-0.40927537530626923,-0.9124109091675265,-0.4043230168102952,-0.7147609983816801,87.0,133.0,,,0.0,6,0.0,0.0,0.7488333333333332,0.0,-0.0,17.9,-0.05416666666667069,207,7,2015,298
2016-07-26,0.0,43.1,0,0.0,18.8,21.9,20.491666666666667,7.2,4.870833333333334,0.26942200702398905,-4.568734438583543,99.08333333333333,51.541666666666664,140.0,99.91666666666667,1011.8833333333333,1010.4,20.366666666666667,18.7,,,,176.34685344328923,0.9428318718840808,0.0,0.0,0.0,0.0,0.0,0.0,,0.0,0,0,0.0,0.0,0.0,0.0,0.0,0.0,409.08,-3.5416666666667425,-2.8333333333333712,-2.4750000000000227,0.0,,,0.125,0.10000000000000142,0.06371624441251249,-0.9979680557001637,0.06371624441251249,-0.9979680557001637,0.26695230529293584,-4.526854372896526,88.0,134.0,,,0.0,6,0.0,0.0,0.6979722222222223,0.0,-0.0,29.225,-1.4208333333333307,208,7,2015,299
2016-07-27,0.0,3.3,0,0.0,18.7,27.2,22.629166666666666,5.3,3.233333333333333,-1.7865347476866844,-1.2253332380753055,90.0,204.91666666666666,600.0,85.33333333333333,1011.3458333333333,1010.5,20.795833333333334,18.7,,,,242.015842972291,0.6113157086417638,0.0,0.0,0.0,0.0,0.0,0.0,,0.0,0,0,0.0,0.0,0.0,0.0,0.0,0.0,409.08,-0.5375000000000227,-4.479166666666629,-2.5458333333333485,0.0,,,1.8333333333333321,0.0,-0.8830773736374208,-0.4692273992102711,-0.8830773736374208,-0.4692273992102711,-1.607881272918016,-1.102799914267775,89.0,135.0,,,0.0,6,0.0,0.0,0.7699444444444444,0.0,-0.0,19.4,2.1374999999999993,209,7,2015,300
2016-07-28,0.0,7.8999999999999995,0,0.0,20.4,27.7,23.629166666666666,4.1,2.4375,0.6703964915771713,-0.8605404574450549,91.0,216.625,600.0,89.91666666666667,1013.6291666666666,1012.6,21.991666666666664,20.3,,,,134.92002910531784,0.32056777121995206,0.0,0.0,0.0,0.0,0.0,0.0,,0.0,0,0,0.0,0.0,0.0,0.0,0.0,0.0,409.08,2.283333333333303,-1.7958333333334622,-0.16607142857151302,0.0,,,1.6375000000000028,0.09999999999999787,0.7080930402180386,-0.706119144617093,0.7080930402180386,-0.706119144617093,0.6100608073352258,-0.7830918162749999,90.0,136.0,,,0.0,6,0.0,0.0,0.7810833333333335,0.0,-0.0,14.625,1.0,210,7,2015,301
2016-07-29,0.0,5.1000000000000005,0,0.0,20.1,26.7,23.620833333333334,4.0,2.6416666666666666,0.3283694968345044,-0.1625215265659164,89.29166666666667,202.08333333333334,565.0,61.0,1015.2624999999999,1014.5,21.65416666666667,19.9,,,,99.73197535387413,0.1560729723765571,0.0,0.0,0.0,0.0,0.0,0.0,,0.0,0,0,0.0,0.0,0.0,0.0,0.0,0.0,409.08,1.6333333333333258,3.379166666666606,1.25,0.0,,,1.966666666666665,0.20000000000000284,0.9856092858511113,-0.16903944996379505,0.9856092858511113,-0.16903944996379505,0.29320659654847625,-0.14511817976281619,91.0,137.0,,,0.0,6,0.0,0.0,0.7656944444444446,0.0,-0.0,15.85,-0.00833333333333286,211,7,2015,302
2016-07-30,0.0,10.4,0,0.0,20.8,27.6,23.516666666666666,4.9,3.091666666666667,0.6766467794596508,0.4823306936101593,90.41666666666667,204.25,600.0,90.0,1015.6458333333334,1015.0,21.766666666666666,20.6,,,,73.40881165539535,0.22502265676434519,0.0,0.0,0.0,0.0,0.0,0.0,,0.0,0,0,0.0,0.0,0.0,0.0,0.0,0.0,409.08,0.38333333333343944,4.300000000000068,1.5005952380953431,0.0,,,1.75,0.1999999999999993,0.9583664998312351,0.28554098129905475,0.9583664998312351,0.28554098129905475,0.6118014630947676,0.43610733547251906,92.0,138.0,,,0.0,6,0.0,0.0,0.770888888888889,0.0,-0.0,18.55,-0.10416666666666785,212,7,2015,303
2016-07-31,0.0,19.599999999999998,0,0.0,19.7,26.9,23.508333333333336,6.1,3.516666666666667,0.8262289363052012,0.9167619493086123,91.33333333333333,230.5,600.0,65.29166666666667,1014.4875000000001,1013.0,21.933333333333334,19.6,,,,58.01970622216565,0.25926140748786963,0.0,0.0,0.0,0.0,0.0,0.0,,0.0,0,0,0.0,0.0,0.0,0.0,0.0,0.0,409.08,-1.158333333333303,0.8583333333334622,0.5333333333334167,0.0,,,1.5750000000000028,0.09999999999999787,0.8482303056090971,0.5296275565397799,0.8482303056090971,0.5296275565397799,0.7546224284920838,0.8373092470351992,93.0,139.0,,,0.0,6,0.0,0.0,0.7914444444444445,0.0,-0.0,21.1,-0.008333333333329307,213,7,2015,304
2016-08-01,0.0,4.7,0,0.0,20.5,27.7,23.816666666666666,6.3,3.35,0.8706358143190913,0.9940275390473942,87.5,236.04166666666666,600.0,75.54166666666667,1012.225,1010.7,21.441666666666666,20.5,,,,53.35185729811981,0.27278761144677716,0.0,0.0,0.0,0.0,0.0,0.0,,0.041666666666666664,0,0,0.0,0.0,0.0,0.0,0.0,0.0,409.08,-2.2625000000000455,-3.037499999999909,-1.2720238095237164,0.0,,,2.375,0.0,0.8023162146969409,0.5968992307202048,0.8023162146969409,0.5968992307202048,0.7618063375292049,0.8697740966664699,94.0,140.0,,,0.0,6,0.0,0.0,0.7823611111111112,0.0,-0.0,20.1,0.30833333333333,214,8,2015,305
2016-08-02,0.0,16.1,0,0.0,20.3,26.7,22.870833333333334,5.1,3.1999999999999997,0.8689822020333867,0.41440504588233523,89.125,188.54166666666666,600.0,93.54166666666667,1011.0458333333332,1009.6,20.866666666666667,20.1,,,,87.10755822466646,0.15365387138758677,0.0,0.0,0.0,0.0,0.0,0.0,,0.0,0,0,0.0,0.0,0.0,0.0,0.0,0.0,409.08,-1.179166666666788,-4.600000000000136,-2.331547619047683,0.0,,,2.0041666666666664,0.1999999999999993,0.9987260225079356,0.05046119266801341,0.9987260225079356,0.05046119266801341,0.7744803875622559,0.36933849714263123,95.0,141.0,,,0.0,6,0.0,0.0,0.7561111111111111,0.0,-0.0,19.2,-0.9458333333333329,215,8,2015,306
2016-08-03,0.0,9.9,0,0.0,19.1,26.0,22.741666666666664,4.8,2.845833333333333,-0.10463739337906182,0.8352008264101473,92.5,203.0,600.0,86.375,1011.65,1010.7,21.425,19.0,,,,315.09340520396114,0.12492963851801217,0.0,0.0,0.0,0.0,0.0,0.0,,0.0,0,0,0.0,0.0,0.0,0.0,0.0,0.0,409.08,0.6041666666667425,-2.837500000000091,-1.7708333333333712,0.0,,,1.3166666666666629,0.10000000000000142,-0.7059530965586582,0.7082585865764296,-0.7059530965586582,0.7082585865764296,-0.09678958887563219,0.7725607644293863,96.0,142.0,,,0.0,6,0.0,0.0,0.7770000000000001,0.0,-0.0,17.075,-0.12916666666666998,216,8,2015,307
2016-08-04,0.0,0.9,0,0.0,20.1,27.9,23.833333333333332,6.0,3.1458333333333335,1.013089670958601,1.545071818390533,86.625,236.41666666666666,600.0,59.25,1012.7458333333334,1011.7,21.270833333333332,20.1,,,,50.07049993646194,0.30163155526722985,0.0,0.0,0.0,0.0,0.0,0.0,,0.041666666666666664,0,0,0.0,0.0,0.0,0.0,0.0,0.0,409.08,1.0958333333334167,0.5208333333333712,-0.5488095238094957,0.0,,,2.5625,0.0,0.7668347848952775,0.6418445393353547,0.7668347848952775,0.6418445393353547,0.8775889274678882,1.3384184626807991,97.0,143.0,,,0.0,6,0.0,0.0,0.7796944444444445,0.0,-0.0,18.875,1.0916666666666686,217,8,2015,308
2016-08-05,0.0,0.1,0,0.0,20.2,28.9,24.6125,5.9,3.079166666666667,0.5496178474201536,1.3644653266417588,85.875,257.6666666666667,600.0,52.583333333333336,1013.6208333333334,1012.4,21.849999999999998,20.1,,,,39.49476519343901,0.19595880593750603,0.0,0.0,0.0,0.0,0.0,0.0,,0.16666666666666666,0,0,0.0,0.0,0.0,0.0,0.0,0.0,409.08,0.875,2.575000000000159,0.5607142857144254,0.0,,,2.762500000000003,0.09999999999999787,0.6360077184437555,0.771682695205723,0.6360077184437555,0.771682695205723,0.4719843264720569,1.1717345992536103,98.0,144.0,,,0.0,6,0.0,0.0,0.7913611111111112,0.0,-0.0,18.475,0.7791666666666686,218,8,2015,309
2016-08-06,0.0,0.0,0,0.0,21.8,30.5,25.991666666666664,5.9,3.6208333333333336,1.951532050669111,0.7712019528097039,81.875,282.7916666666667,600.0,43.75,1012.5083333333333,1010.3,22.291666666666668,20.7,,,,88.32062553089375,0.4341583158612045,0.0,0.0,0.0,0.0,0.0,0.0,,0.375,0,0,0.0,0.0,0.0,0.0,0.0,0.0,409.08,-1.1125000000000682,0.8583333333333485,-0.10357142857139934,0.0,,,3.6999999999999957,1.1000000000000014,0.9995704747097647,0.029306417189680238,0.9995704747097647,0.029306417189680238,1.5978168664853345,0.631421598862945,99.0,145.0,,,0.0,6,0.0,0.0,0.7947777777777777,0.0,-0.0,21.725,1.3791666666666629,219,8,2015,310
2016-08-07,0.0,0.30000000000000004,0,0.0,21.7,31.1,26.03333333333333,4.3,2.716666666666667,1.1827410139418595,-0.49243178279967825,77.375,275.2916666666667,600.0,26.291666666666668,1011.5708333333333,1010.1,21.349999999999998,19.8,,,,112.3242560588729,0.46259585701214223,0.0,0.0,0.0,0.0,0.0,0.0,,0.625,0,0,0.0,0.0,0.0,0.0,0.0,0.0,409.08,-0.9375,-1.1750000000000682,-0.6244047619047706,0.0,,,4.683333333333334,1.8999999999999986,0.9250489934401579,-0.37984781128150624,0.9250489934401579,-0.37984781128150624,0.9151458595375138,-0.38101909194125105,100.0,146.0,,,0.0,6,0.0,0.0,0.7747777777777779,0.0,-0.0,16.3,0.04166666666666785,220,8,2015,311
2016-08-08,0.0,1.6,0,0.0,20.7,28.2,24.650000000000002,9.2,5.254166666666666,-1.1473633777019119,3.785059247198479,84.83333333333333,249.33333333333334,600.0,48.75,1008.625,1006.2,21.754166666666666,20.3,,,,332.37331216993437,0.3767052211998399,0.0,0.0,0.0,0.0,0.0,0.0,,0.25,0,0,0.0,0.0,0.0,0.0,0.0,0.0,409.08,-2.9458333333333258,-4.995833333333394,-3.0559523809524762,0.0,,,2.8958333333333357,0.3999999999999986,-0.4637087700589752,0.8859876842092064,-0.4637087700589752,0.8859876842092064,-0.9733465987504551,3.210991928040043,101.0,147.0,,,0.0,6,0.0,0.0,0.7823333333333333,0.0,-0.0,31.525,-1.3833333333333293,221,8,2015,312
2016-08-09,0.0,5.0,0,0.0,20.8,25.9,23.429166666666664,9.2,6.345833333333334,-5.046637267894267,3.260729632717753,88.79166666666667,217.91666666666666,600.0,72.375,1008.0541666666667,1005.9,21.3625,20.7,,,,302.87255107244704,0.9420372004678796,0.0,0.0,0.0,0.0,0.0,0.0,,0.0,0,0,0.0,0.0,0.0,0.0,0.0,0.0,409.08,-0.5708333333333258,-4.4541666666666515,-3.1994047619047024,0.0,,,2.066666666666663,0.10000000000000142,-0.8398799890174193,0.5427721474505665,-0.8398799890174193,0.5427721474505665,-4.480993340784452,2.895256186383971,102.0,148.0,,,0.0,6,0.0,0.0,0.7745833333333333,0.0,-0.0,38.075,-1.2208333333333385,222,8,2015,313
2016-08-10,0.0,0.0,0,0.0,19.6,27.0,22.375,7.2,3.725,-1.1772068661064508,2.7479493908327015,86.45833333333333,237.5,600.0,75.0,1012.0083333333333,1011.0,19.770833333333332,18.9,,,,327.70024852886604,0.6003167411461199,0.0,0.0,0.0,0.0,0.0,0.0,,0.0,0,0,0.0,0.0,0.0,0.0,0.0,0.0,409.08,3.9541666666666515,0.4375,0.7035714285713084,0.0,,,2.604166666666668,0.7000000000000028,-0.5343486829373458,0.8452641510457686,-0.5343486829373458,0.8452641510457686,-1.0177934363212022,2.37583124415744,103.0,149.0,,,0.0,6,0.0,0.0,0.7798611111111112,0.0,-0.0,22.35,-1.0541666666666636,223,8,2015,314
2016-08-11,0.0,0.0,0,0.0,18.1,27.8,22.666666666666668,6.5,3.045833333333333,0.3380622459729396,2.0105921605564503,83.79166666666667,270.4583333333333,600.0,67.29166666666667,1012.5,1011.3,19.491666666666667,17.9,,,,353.40352770817026,0.257081252268558,0.0,0.0,0.0,0.0,0.0,0.0,,0.16666666666666666,0,0,0.0,0.0,0.0,0.0,0.0,0.0,409.08,0.49166666666667425,3.875,1.2303571428570876,0.0,,,3.1750000000000007,0.20000000000000284,-0.11487598819206282,0.993379840411963,-0.11487598819206282,0.993379840411963,0.2832679902714923,1.6847086811995924,104.0,150.0,,,0.0,6,0.0,0.0,0.7929444444444443,0.0,-0.0,18.275,0.29166666666666785,224,8,2015,315
2016-08-12,0.0,0.1,0,0.0,18.2,29.6,23.670833333333334,7.6,3.733333333333333,0.043459477693992554,1.0369162218970926,82.33333333333333,285.4166666666667,600.0,53.958333333333336,1011.3583333333332,1009.9,20.129166666666666,18.1,,,,119.97172929899105,0.03997071072978347,0.0,0.0,0.0,0.0,0.0,0.0,,0.125,0,0,0.0,0.0,0.0,0.0,0.0,0.0,409.08,-1.1416666666667652,3.3041666666665606,0.4119047619046796,0.0,,,3.541666666666668,0.09999999999999787,0.8662720067603181,-0.4995726276563312,0.8662720067603181,-0.4995726276563312,0.03578163663472053,0.8537276893619395,105.0,151.0,,,0.0,6,0.0,0.0,0.7980555555555555,0.0,-0.0,22.4,1.0041666666666664,225,8,2015,316
2016-08-13,0.0,0.5,0,0.0,20.3,28.1,24.070833333333336,7.2,3.9916666666666667,-0.4776355001874084,0.8894326070787346,84.54166666666667,255.79166666666666,600.0,52.375,1009.8791666666666,1008.8,21.029166666666665,20.2,,,,264.47877117400003,0.1575019408214356,0.0,0.0,0.0,0.0,0.0,0.0,,0.0,0,0,0.0,0.0,0.0,0.0,0.0,0.0,409.08,-1.4791666666666288,-2.1291666666667197,-0.6916666666667197,0.0,,,3.0416666666666714,0.10000000000000142,-0.9953606179554079,-0.09621455307503433,-0.9953606179554079,-0.09621455307503433,-0.40380101245010486,0.751941149901147,106.0,152.0,,,0.0,6,0.0,0.0,0.7856666666666667,0.0,-0.0,23.95,0.40000000000000213,226,8,2015,317
2016-08-14,0.0,0.8,0,0.0,20.2,28.1,23.833333333333332,7.1,4.258333333333334,-2.7864683420707355,-0.09866844987640995,86.04166666666667,236.25,600.0,39.916666666666664,1007.1166666666667,1005.4,21.2125,20.0,,,,261.6005690468909,0.6526662702157506,0.0,0.0,0.0,0.0,0.0,0.0,,0.041666666666666664,0,0,0.0,0.0,0.0,0.0,0.0,0.0,409.08,-2.762499999999932,-5.383333333333326,-2.817857142857065,0.0,,,2.6208333333333336,0.1999999999999993,-0.9892737837731251,-0.14607320335778248,-0.9892737837731251,-0.14607320335778248,-2.3975238026566954,-0.08489597874782774,107.0,153.0,,,0.0,6,0.0,0.0,0.7776388888888889,0.0,-0.0,25.550000000000004,-0.23750000000000426,227,8,2015,318
2016-08-15,0.0,14.1,0,0.0,20.5,26.7,23.079166666666666,5.6,3.2375000000000003,-1.573517982145167,-2.01855157806678,93.25,156.75,466.0,74.58333333333333,1004.7708333333334,1003.3,21.875,20.0,,,,221.59141346980857,0.7202566561077723,0.0,0.0,0.0,0.0,0.0,0.0,,0.08333333333333333,0,0,0.0,0.0,0.0,0.0,0.0,0.0,409.08,-2.345833333333303,-6.587499999999864,-4.613095238095184,0.0,,,1.2041666666666657,0.5,-0.6638141377649898,-0.7478975802229362,-0.6638141377649898,-0.7478975802229362,-1.4673055183503683,-1.8822993465472726,108.0,154.0,,,0.0,6,0.0,0.0,0.7486666666666667,0.0,-0.0,19.425,-0.7541666666666664,228,8,2015,319
2016-08-16,0.0,10.1,0,0.0,19.6,27.6,23.849999999999998,5.8,3.9125,2.462407239761721,-1.3707385024074974,87.29166666666667,209.08333333333334,600.0,69.95833333333333,1004.6083333333332,1002.4,21.458333333333332,19.6,,,,118.79704518902676,0.7087214961995233,0.0,0.0,0.0,0.0,0.0,0.0,,0.0,0,0,0.0,0.0,0.0,0.0,0.0,0.0,409.08,-0.16250000000013642,-5.270833333333371,-4.283333333333303,0.0,,,2.3916666666666657,0.0,0.8763315234841125,-0.4817084812913454,0.8763315234841125,-0.4817084812913454,2.149476319708669,-1.1965404843932113,109.0,155.0,,,0.0,6,0.0,0.0,0.7636944444444445,0.0,-0.0,23.475,0.7708333333333321,229,8,2015,320
2016-08-17,0.0,6.0,0,0.0,21.1,27.3,23.504166666666666,7.9,5.216666666666667,-3.7663388509425704,2.433300781884207,91.75,188.66666666666666,600.0,81.83333333333333,1003.9583333333334,1001.3,22.041666666666668,20.6,,,,306.9433648688132,0.7478224339181156,0.0,0.0,0.0,0.0,0.0,0.0,,0.0,0,0,0.0,0.0,0.0,0.0,0.0,0.0,409.08,-0.6499999999998636,-3.158333333333303,-3.7833333333331893,0.0,,,1.4624999999999986,0.5,-0.799229995590218,0.6010253024198401,-0.799229995590218,0.6010253024198401,-3.4556158957398084,2.23255346737876,110.0,156.0,,,0.0,6,0.0,0.0,0.7649444444444443,0.0,-0.0,31.3,-0.34583333333333144,230,8,2015,321
2016-08-18,0.0,4.7,0,0.0,21.1,26.6,23.520833333333332,6.5,2.6750000000000003,1.3996522564153606,1.3528096016517777,92.375,182.75,600.0,82.875,1009.0958333333333,1007.8,22.175,21.0,,,,61.90798333303106,0.6359659305642914,0.0,0.0,0.0,0.0,0.0,0.0,,0.0,0,0,0.0,0.0,0.0,0.0,0.0,0.0,409.08,5.137499999999932,4.324999999999932,1.8404761904762381,0.0,,,1.3458333333333314,0.10000000000000142,0.8821924861053473,0.47088896510670825,0.8821924861053473,0.47088896510670825,1.2929287718636895,1.2496578695258296,111.0,157.0,,,0.0,6,0.0,0.0,0.7630833333333333,0.0,-0.0,16.05,0.01666666666666572,231,8,2015,322
2016-08-19,0.0,1.6,0,0.0,21.3,28.2,24.554166666666664,6.1,3.2291666666666665,2.324565489640893,0.7436175156178843,89.16666666666667,210.625,600.0,48.333333333333336,1010.2958333333332,1009.3,22.537499999999998,20.9,,,,90.16117353859654,0.6380509271944361,0.0,0.0,0.0,0.0,0.0,0.0,,0.041666666666666664,0,0,0.0,0.0,0.0,0.0,0.0,0.0,409.08,1.1999999999999318,5.6875,3.192261904761722,0.0,,,2.0166666666666657,0.40000000000000213,0.9999960434930294,-0.0028130052057022677,0.9999960434930294,-0.0028130052057022677,2.072737561596463,0.6630589514259468,112.0,158.0,,,0.0,6,0.0,0.0,0.7709722222222223,0.0,-0.0,19.375,1.0333333333333314,232,8,2015,323
2016-08-20,0.0,0.9,0,0.0,20.7,28.5,24.712500000000002,6.0,4.7875000000000005,2.743245533526169,-2.835706909684472,84.08333333333333,210.5,600.0,44.833333333333336,1007.5541666666667,1005.4,21.754166666666666,18.8,,,,131.693943203906,0.809950574383388,0.0,0.0,0.0,0.0,0.0,0.0,,0.375,0,0,0.0,0.0,0.0,0.0,0.0,0.0,409.08,-2.7416666666665606,3.595833333333303,0.7827380952381873,0.0,,,2.9583333333333357,1.8999999999999986,0.7467085003020992,-0.6651514230433473,0.7467085003020992,-0.6651514230433473,2.3066122861065868,-2.38435689322636,113.0,159.0,,,0.0,6,0.0,0.0,0.7539444444444445,0.0,-0.0,28.725,0.15833333333333854,233,8,2015,324
2016-08-21,0.0,8.3,0,0.0,22.4,28.5,24.90833333333333,4.4,3.1958333333333333,-0.36041144292974603,-0.06382391636505493,87.75,157.41666666666666,598.0,54.0,1008.0666666666666,1006.7,22.59583333333333,21.8,,,,325.9349863092005,0.1234244642165825,0.0,0.0,0.0,0.0,0.0,0.0,,0.0,0,0,0.0,0.0,0.0,0.0,0.0,0.0,409.08,0.5124999999999318,-1.029166666666697,1.1595238095236482,0.0,,,2.3125,0.5999999999999979,-0.5601332546645632,0.8284025211326216,-0.5601332546645632,0.8284025211326216,-0.31626104117085213,-0.0560054866103357,114.0,160.0,,,0.0,6,0.0,0.0,0.7307777777777776,0.0,-0.0,19.175,0.1958333333333293,234,8,2015,325
2016-08-22,0.0,14.2,0,0.0,20.8,27.0,23.3125,9.5,5.045833333333333,-0.26888515501399674,0.40577452699387967,94.29166666666667,138.66666666666666,503.0,77.58333333333333,1005.5916666666667,1002.4,22.254166666666666,20.8,,,,135.7558228348917,0.1355045422827077,0.0,0.0,0.0,0.0,0.0,0.0,,0.0,0,0,0.0,0.0,0.0,0.0,0.0,0.0,409.08,-2.474999999999909,-4.704166666666538,-1.4327380952379372,0.0,,,1.0583333333333336,0.0,0.6977176601618433,-0.716372854523594,0.6977176601618433,-0.716372854523594,-0.2535362940819478,0.3826115644113124,115.0,161.0,,,0.0,6,0.0,0.0,0.7400833333333333,0.0,-0.0,30.275,-1.5958333333333314,235,8,2015,326
2016-08-23,0.0,9.0,0,0.0,19.6,28.5,22.1125,6.3,3.920833333333333,-1.3962185467352353,1.994592701023034,93.41666666666667,178.41666666666666,600.0,76.95833333333333,1008.7666666666668,1006.4,20.916666666666668,19.6,,,,326.43275966423477,0.5555161582547298,0.0,0.0,0.0,0.0,0.0,0.0,,0.0,0,0,0.0,0.0,0.0,0.0,0.0,0.0,409.08,3.175000000000068,1.212500000000091,1.1482142857144026,0.0,,,1.1958333333333329,0.0,-0.5529152244309922,0.8332375139133052,-0.5529152244309922,0.8332375139133052,-1.3043008257418325,1.863282014872351,116.0,162.0,,,0.0,6,0.0,0.0,0.7636666666666666,0.0,-0.0,23.525,-1.1999999999999993,236,8,2015,327
2016-08-24,0.0,14.4,0,0.0,18.0,26.6,22.120833333333334,4.1,2.5208333333333335,0.32692525027978675,-0.6719793227957457,93.20833333333333,174.04166666666666,534.0,76.83333333333333,1010.6458333333334,1009.5,20.904166666666665,18.0,,,,156.80458140652513,0.3257773756078148,0.0,0.0,0.0,0.0,0.0,0.0,,0.0,0,0,0.0,0.0,0.0,0.0,0.0,0.0,409.08,1.879166666666606,2.579166666666765,2.0720238095238983,0.0,,,1.2166666666666686,0.0,0.3938684136924953,-0.9191668361594414,0.3938684136924953,-0.9191668361594414,0.3047215770316179,-0.6263407271225345,117.0,163.0,,,0.0,6,0.0,0.0,0.7600555555555556,0.0,-0.0,15.125,0.00833333333333286,237,8,2015,328
2016-08-25,0.0,0.6000000000000001,0,0.0,19.0,28.6,23.825,4.0,2.5,-0.5232486926146559,-1.7052916236105646,86.20833333333333,229.125,600.0,37.541666666666664,1009.7875,1008.4,21.129166666666666,19.0,,,,205.39177703990813,0.541251069814607,0.0,0.0,0.0,0.0,0.0,0.0,,0.16666666666666666,0,0,0.0,0.0,0.0,0.0,0.0,0.0,409.08,-0.8583333333333485,4.195833333333326,1.114880952380986,0.0,,,2.695833333333333,0.0,-0.4288054843573998,-0.9033968433556848,-0.4288054843573998,-0.9033968433556848,-0.4510839770915513,-1.4701034871876075,118.0,164.0,,,0.0,6,0.0,0.0,0.7734444444444444,0.0,-0.0,15.0,1.7041666666666657,238,8,2015,329
2016-08-26,0.0,5.5,0,0.0,21.1,27.0,23.520833333333332,7.6,4.470833333333333,-2.0733142144882364,-0.033428579478960496,88.66666666666667,180.25,591.0,83.375,1007.725,1006.5,21.45,20.0,,,,262.7865631516626,0.47463207974871263,0.0,0.0,0.0,0.0,0.0,0.0,,0.0,0,0,0.0,0.0,0.0,0.0,0.0,0.0,409.08,-2.0625,-1.0416666666667425,-0.5803571428571104,0.0,,,2.070833333333333,1.1000000000000014,-0.9920852812278279,-0.12556589812167027,-0.9920852812278279,-0.12556589812167027,-1.838338603512903,-0.029640007138011643,119.0,165.0,,,0.0,6,0.0,0.0,0.7490555555555556,0.0,-0.0,26.825,-0.30416666666666714,239,8,2015,330
2016-08-27,0.0,16.7,0,0.0,18.3,21.7,19.795833333333334,8.9,6.120833333333334,4.196868667793319,3.684375929160368,96.5,121.33333333333333,454.0,95.66666666666667,1008.8833333333333,1007.6,19.1875,18.3,,,,54.77142774094207,0.8867268682388725,0.0,0.0,0.0,0.0,0.0,0.0,,0.0,0,0,0.0,0.0,0.0,0.0,0.0,0.0,409.08,1.158333333333303,-1.7625000000000455,0.3880952380951612,0.0,,,0.6083333333333343,0.0,0.8168573414778235,0.5768397382928663,0.8168573414778235,0.5768397382928663,4.049978264420552,3.555422771639755,120.0,166.0,,,0.0,6,0.0,0.0,0.7358888888888888,0.0,-0.0,36.725,-3.724999999999998,240,8,2015,331
2016-08-28,0.0,2.6999999999999997,0,0.0,18.4,25.9,21.920833333333334,6.4,3.9499999999999997,2.4198102170234472,-2.218299149848158,88.58333333333333,198.16666666666666,600.0,66.58333333333333,1003.4458333333333,999.8,19.79583333333333,18.3,,,,132.32395864820595,0.7882716293308176,0.0,0.0,0.0,0.0,0.0,0.0,,0.0,0,0,0.0,0.0,0.0,0.0,0.0,0.0,409.08,-5.4375,-6.341666666666697,-4.38928571428562,0.0,,,2.1250000000000036,0.09999999999999787,0.73934960523002,-0.6733217367991423,0.73934960523002,-0.6733217367991423,2.1435485505799368,-1.9650433302404933,121.0,167.0,,,0.0,6,0.0,0.0,0.7607222222222222,0.0,-0.0,23.7,2.125,241,8,2015,332
2016-08-29,0.0,1.3,0,0.0,20.3,28.6,23.912499999999998,10.3,6.045833333333333,3.008000424043262,-5.115130450457579,82.875,247.45833333333334,600.0,61.625,994.8291666666668,992.3,20.595833333333335,19.3,,,,154.78241839986546,0.963610998613142,0.0,0.0,0.0,0.0,0.0,0.0,,0.0,0,0,0.0,0.0,0.0,0.0,0.0,0.0,409.08,-8.61666666666656,-12.895833333333258,-11.468452380952385,0.0,,,3.316666666666663,1.0,0.4260569238578188,-0.9046963565930908,0.4260569238578188,-0.9046963565930908,2.4928803514258533,-4.239164360816719,122.0,168.0,,,0.0,6,0.0,0.0,0.7745555555555556,0.0,-0.0,36.275,1.9916666666666636,242,8,2015,333
2016-08-30,0.0,59.5,0,0.0,15.8,21.8,19.212500000000002,9.0,6.229166666666667,-4.79381542174614,-0.5788357664744394,98.54166666666667,53.125,237.0,76.25,991.9125,990.0,18.9375,15.4,,,,269.51463387197055,0.752607212469738,0.0,0.0,0.0,0.0,0.0,0.0,,0.125,0,0,0.0,0.0,0.0,0.0,0.0,0.0,409.08,-2.9166666666667425,-16.970833333333303,-11.97738095238094,0.0,,,0.27500000000000213,0.40000000000000036,-0.9999641192863182,-0.008471135693518235,-0.9999641192863182,-0.008471135693518235,-4.7239056135123425,-0.5703944115466871,123.0,169.0,,,0.0,6,0.0,0.0,0.6972222222222223,0.0,-0.0,37.375,-4.699999999999996,243,8,2015,334
2016-08-31,0.0,0.0,0,0.0,14.3,27.0,20.525000000000002,9.2,6.195833333333333,0.6959292627627912,-5.26725782630336,74.29166666666667,276.8333333333333,600.0,2.0416666666666665,1000.1,994.5,15.291666666666666,13.0,,,,170.81553141665592,0.7058854750224935,0.0,0.0,0.0,0.0,0.0,0.0,,1.0,0,0,0.0,0.0,0.0,0.0,0.0,0.0,409.08,8.1875,-3.345833333333303,-2.283333333333303,0.0,,,5.233333333333336,1.3000000000000007,0.15961359449151657,-0.9871795684947585,0.15961359449151657,-0.9871795684947585,0.5170174481275237,-3.913133626791205,124.0,170.0,,,0.0,6,0.0,0.0,0.7655277777777778,0.0,-0.0,37.175,1.3125,244,8,2015,335
2016-09-01,0.0,0.30000000000000004,0,0.0,15.5,25.9,20.945833333333333,6.5,3.733333333333333,0.8712500300996545,-0.5761457327880223,75.375,252.125,600.0,62.833333333333336,1010.7583333333333,1006.4,16.129166666666666,13.4,,,,119.27188973093725,0.2192219966615434,0.0,0.0,0.0,0.0,0.0,0.0,,0.2916666666666667,0,0,0.0,0.0,0.0,0.0,0.0,0.0,409.08,10.658333333333303,15.92916666666656,8.236309523809496,0.0,,,4.816666666666666,2.0999999999999996,0.8723092666942437,-0.4889545410765206,0.8723092666942437,-0.4889545410765206,0.6567047101876146,-0.4342698460889718,125.0,171.0,,,0.0,6,0.0,0.0,0.7526666666666667,0.0,-0.0,22.4,0.42083333333333073,245,9,2015,336
2016-09-02,0.0,0.0,0,0.0,17.8,28.2,22.84583333333333,5.1,3.1791666666666667,1.2876854482900046,-1.4983029879691425,77.79166666666667,253.625,600.0,48.083333333333336,1014.0041666666666,1012.5,18.400000000000002,15.9,,,,135.0973387464021,0.5250665793889429,0.0,0.0,0.0,0.0,0.0,0.0,,0.16666666666666666,0,0,0.0,0.0,0.0,0.0,0.0,0.0,409.08,3.2458333333332803,22.091666666666583,10.585119047618946,0.0,,,4.445833333333329,1.9000000000000004,0.7059044706292706,-0.7083070508936143,0.7059044706292706,-0.7083070508936143,1.0017119716489329,-1.1655548660576622,126.0,172.0,,,0.0,6,0.0,0.0,0.7617222222222222,0.0,-0.0,19.075,1.8999999999999986,246,9,2015,337
2016-09-03,0.0,0.4,0,0.0,18.7,28.0,23.329166666666666,5.5,4.083333333333333,2.297142935295246,-2.1313169603766142,82.41666666666667,227.33333333333334,600.0,34.666666666666664,1015.6583333333333,1014.8,19.904166666666665,18.5,,,,129.1319253152258,0.7363506831778105,0.0,0.0,0.0,0.0,0.0,0.0,,0.3333333333333333,0,0,0.0,0.0,0.0,0.0,0.0,0.0,409.08,1.654166666666697,15.55833333333328,11.271428571428487,0.0,,,3.4250000000000007,0.1999999999999993,0.775694872877268,-0.6311081240103941,0.775694872877268,-0.6311081240103941,1.8932286358391657,-1.7565603948437263,127.0,173.0,,,0.0,6,0.0,0.0,0.7596111111111111,0.0,-0.0,24.5,0.4833333333333343,247,9,2015,338
2016-09-04,0.0,9.9,0,0.0,20.1,28.6,23.704166666666666,6.3,3.779166666666667,1.203613414138659,-3.4096862949523286,85.54166666666667,202.375,600.0,52.583333333333336,1016.7125,1015.9,20.979166666666668,19.3,,,,158.0532722375108,0.7916373561225556,0.0,0.0,0.0,0.0,0.0,0.0,,0.16666666666666666,0,0,0.0,0.0,0.0,0.0,0.0,0.0,409.08,1.0541666666666742,5.9541666666666515,10.43035714285702,0.0,,,2.724999999999998,0.8000000000000007,0.37374435837548287,-0.927531753948348,0.37374435837548287,-0.927531753948348,1.029590974677778,-2.916702484807138,128.0,174.0,,,0.0,6,0.0,0.0,0.7533888888888889,0.0,-0.0,22.675,0.375,248,9,2015,339
2016-09-05,0.0,14.2,0,0.0,19.4,27.7,23.162499999999998,5.2,3.3958333333333335,0.7354098861683398,-2.897382474960267,88.20833333333333,179.375,600.0,72.5,1015.1291666666666,1013.9,20.979166666666668,18.5,,,,164.66077308969508,0.8274219990165558,0.0,0.0,0.0,0.0,0.0,0.0,,0.08333333333333333,0,0,0.0,0.0,0.0,0.0,0.0,0.0,409.08,-1.5833333333333712,1.125,5.947023809523785,0.0,,,2.18333333333333,0.8999999999999986,0.26453336144698003,-0.9643765347008197,0.26453336144698003,-0.9643765347008197,0.6486928037576564,-2.5557327914545356,129.0,175.0,,,0.0,6,0.0,0.0,0.7469444444444445,0.0,-0.0,20.375,-0.5416666666666679,249,9,2015,340
2016-09-06,0.0,7.7,0,0.0,19.6,26.5,22.941666666666666,7.4,4.425,-1.8894475537661526,-1.0589841485823162,90.75,186.20833333333334,600.0,67.625,1011.7041666666668,1010.4,21.275000000000002,19.4,,,,242.8945548249922,0.25138476859074,0.0,0.0,0.0,0.0,0.0,0.0,,0.0,0,0,0.0,0.0,0.0,0.0,0.0,0.0,409.08,-3.424999999999841,-3.954166666666538,-0.3053571428570194,0.0,,,1.6666666666666643,0.20000000000000284,-0.8901695073194451,-0.4556295076470095,-0.8901695073194451,-0.4556295076470095,-1.7146736550427835,-0.9610281148384519,130.0,176.0,,,0.0,6,0.0,0.0,0.7599722222222223,0.0,-0.0,26.549999999999997,-0.22083333333333144,250,9,2015,341
2016-09-07,0.0,6.800000000000001,0,0.0,20.3,26.3,22.983333333333334,6.0,3.2541666666666664,1.8750402375960207,1.5599544206257683,91.04166666666667,182.45833333333334,573.0,75.375,1008.3791666666666,1006.8,21.379166666666666,20.1,,,,69.63167142767958,0.6245422747702692,0.0,0.0,0.0,0.0,0.0,0.0,,0.0,0,0,0.0,0.0,0.0,0.0,0.0,0.0,409.08,-3.325000000000159,-8.333333333333371,-4.813095238095229,0.0,,,1.6041666666666679,0.1999999999999993,0.9374745266980242,0.3480538920804011,0.9374745266980242,0.3480538920804011,1.707067882978044,1.4202085037780432,131.0,177.0,,,0.0,6,0.0,0.0,0.7584444444444446,0.0,-0.0,19.525,0.04166666666666785,251,9,2015,342
2016-09-08,0.0,22.9,0,0.0,19.9,27.2,22.366666666666664,9.0,6.104166666666667,-0.5712565953424368,-2.3764970346986725,93.79166666666667,115.29166666666667,600.0,96.0,1003.9583333333334,1000.2,21.216666666666665,19.7,,,,182.88057860886056,0.4018818532203453,0.0,0.0,0.0,0.0,0.0,0.0,,0.0,0,0,0.0,0.0,0.0,0.0,0.0,0.0,409.08,-4.420833333333235,-11.170833333333235,-8.262500000000045,0.0,,,1.1499999999999986,0.1999999999999993,-0.050254404051897954,-0.998736449156327,-0.050254404051897954,-0.998736449156327,-0.5357910817149272,-2.2289561771277966,132.0,178.0,,,0.0,6,0.0,0.0,0.7228333333333333,0.0,-0.0,36.625,-0.6166666666666707,252,9,2015,343
2016-09-09,0.0,2.4,0,0.0,17.6,24.0,20.291666666666668,7.3,5.95,-5.650068182224612,1.5733639983640442,86.41666666666667,205.625,600.0,78.29166666666667,1009.6166666666667,1006.7,17.754166666666666,16.6,,,,285.3135815650812,0.9857044877112432,0.0,0.0,0.0,0.0,0.0,0.0,,0.0,0,0,0.0,0.0,0.0,0.0,0.0,0.0,409.08,5.658333333333303,-2.087500000000091,-1.9773809523808268,0.0,,,2.5375000000000014,1.0,-0.9644948420925991,0.26410168416118135,-0.9644948420925991,0.26410168416118135,-4.882600587472436,1.359648721919595,133.0,179.0,,,0.0,6,0.0,0.0,0.7584722222222222,0.0,-0.0,35.7,-2.0749999999999957,253,9,2015,344
2016-09-10,0.0,0.1,0,0.0,16.4,25.0,20.029166666666665,8.9,3.9166666666666665,0.384811785804629,1.4165109718389164,85.125,228.33333333333334,600.0,72.0,1014.8666666666667,1013.1,17.179166666666667,15.8,,,,26.64017234756069,0.13361507731403005,0.0,0.0,0.0,0.0,0.0,0.0,,0.0,0,0,0.0,0.0,0.0,0.0,0.0,0.0,409.08,5.25,6.487500000000068,3.3857142857142435,0.0,,,2.849999999999998,0.5999999999999979,0.4483859047919607,0.893840075395982,0.4483859047919607,0.893840075395982,0.3275710326661904,1.2058049647778777,134.0,180.0,,,0.0,6,0.0,0.0,0.7693055555555555,0.0,-0.0,23.5,-0.26250000000000284,254,9,2015,345
2016-09-11,0.0,3.2,0,0.0,17.9,24.5,20.579166666666666,6.4,2.9250000000000003,1.452594755084075,0.9555871387342134,88.91666666666667,161.58333333333334,530.0,78.375,1017.3916666666668,1016.1,18.583333333333332,17.1,,,,84.40848295536476,0.5732800350877588,0.0,0.0,0.0,0.0,0.0,0.0,,0.0,0,0,0.0,0.0,0.0,0.0,0.0,0.0,409.08,2.525000000000091,13.433333333333394,5.8136904761905726,0.0,,,1.9958333333333336,0.7999999999999972,0.9952418367590248,0.09743554979843205,0.9952418367590248,0.09743554979843205,1.2915988363955901,0.8496762308578382,135.0,181.0,,,0.0,6,0.0,0.0,0.7374444444444445,0.0,-0.0,17.55,0.5500000000000007,255,9,2015,346
2016-09-12,0.0,7.1,0,0.0,17.3,23.8,20.229166666666668,5.2,3.125,1.2282574319864474,-0.4475098964905178,91.375,137.25,575.0,97.33333333333333,1019.0791666666668,1017.9,18.691666666666666,17.0,,,,141.3917538850226,0.3291038657102101,0.0,0.0,0.0,0.0,0.0,0.0,,0.0,0,0,0.0,0.0,0.0,0.0,0.0,0.0,409.08,1.6875,9.462500000000091,6.936904761904884,0.0,,,1.5375000000000014,0.3000000000000007,0.6239920681251921,-0.7814306744151048,0.6239920681251921,-0.7814306744151048,1.1223202284776164,-0.40891216791821067,136.0,182.0,,,0.0,6,0.0,0.0,0.7294166666666667,0.0,-0.0,18.75,-0.34999999999999787,256,9,2015,347
2016-09-13,0.0,56.5,0,0.0,19.0,24.0,20.854166666666668,6.0,3.766666666666667,-0.18418740626092034,0.03364320048875367,95.83333333333333,88.79166666666667,387.0,98.08333333333333,1017.2958333333332,1016.3,20.095833333333335,18.9,,,,199.0406354802731,0.1243320497336442,0.0,0.0,0.0,0.0,0.0,0.0,,0.0,0,0,0.0,0.0,0.0,0.0,0.0,0.0,409.08,-1.7833333333335304,2.4291666666665606,4.3547619047617445,0.0,,,0.7583333333333329,0.10000000000000142,-0.32623865596979856,-0.9452874374236756,-0.32623865596979856,-0.9452874374236756,-0.17651293100004864,0.03224140046838893,137.0,183.0,,,0.0,6,0.0,0.0,0.7119722222222222,0.0,-0.0,22.6,0.625,257,9,2015,348
2016-09-14,0.0,8.3,0,0.0,18.8,23.0,20.5,6.9,4.216666666666667,-2.5638905905366953,2.7138221623064993,95.58333333333333,155.875,597.0,97.0,1018.5041666666666,1017.2,19.724999999999998,18.8,,,,310.39088920806245,0.8686403700418462,0.0,0.0,0.0,0.0,0.0,0.0,,0.0,0,0,0.0,0.0,0.0,0.0,0.0,0.0,409.08,1.2083333333333712,1.1124999999998408,4.116666666666561,0.0,,,0.7750000000000021,0.0,-0.7616413576036009,0.6479987981375767,-0.7616413576036009,0.6479987981375767,-2.4506520894546577,2.5939616834712957,138.0,184.0,,,0.0,6,0.0,0.0,0.7558611111111112,0.0,-0.0,25.3,-0.35416666666666785,258,9,2015,349
2016-09-15,0.0,5.1,0,0.0,18.0,22.3,19.804166666666667,6.2,3.9000000000000004,-0.12133757623144444,3.075583766799015,92.5,170.08333333333334,600.0,99.95833333333333,1018.1166666666667,1017.0,18.479166666666668,17.9,,,,357.06419233336237,0.6376089267315947,0.0,0.0,0.0,0.0,0.0,0.0,,0.0,0,0,0.0,0.0,0.0,0.0,0.0,0.0,409.08,-0.3874999999999318,-0.962500000000091,1.7065476190475692,0.0,,,1.3249999999999993,0.10000000000000142,-0.05121709148345805,0.998687543498954,-0.05121709148345805,0.998687543498954,-0.1122372580140861,2.8449149842890886,139.0,185.0,,,0.0,6,0.0,0.0,0.7550555555555555,0.0,-0.0,23.400000000000002,-0.6958333333333329,259,9,2015,350
2016-09-16,0.0,0.0,0,0.0,17.2,23.4,19.958333333333332,3.0,1.8916666666666666,-0.729735669571932,-0.8348248730900661,88.70833333333333,128.5,400.0,96.33333333333333,1017.8916666666668,1016.9,17.925,16.7,,,,221.47269855585475,0.5218461067564489,0.0,0.0,0.0,0.0,0.0,0.0,,0.0,0,0,0.0,0.0,0.0,0.0,0.0,0.0,409.08,-0.22499999999990905,0.5958333333335304,0.2994047619047251,0.0,,,2.0333333333333314,0.5,-0.6622630955355047,-0.7492713742641788,-0.6622630955355047,-0.7492713742641788,-0.6473363502161014,-0.7405592311703129,140.0,186.0,,,0.0,6,0.0,0.0,0.7146944444444445,0.0,-0.0,11.35,0.154166666666665,260,9,2015,351
2016-09-17,0.0,10.5,0,0.0,16.8,22.8,19.650000000000002,5.2,2.8666666666666667,-0.7916533604248016,0.5291984047456412,92.33333333333333,114.45833333333333,420.0,93.125,1016.4583333333334,1015.2,18.279166666666665,16.4,,,,268.9794506643549,0.2806153675305076,0.0,0.0,0.0,0.0,0.0,0.0,,0.041666666666666664,0,0,0.0,0.0,0.0,0.0,0.0,0.0,409.08,-1.433333333333394,-2.045833333333235,-1.3613095238094957,0.0,,,1.3708333333333371,0.40000000000000213,-0.9998413714823257,-0.017811004248552666,-0.9998413714823257,-0.017811004248552666,-0.7309599361255669,0.4886265270484753,141.0,187.0,,,0.0,6,0.0,0.0,0.7174166666666667,0.0,-0.0,17.2,-0.30833333333333,261,9,2015,352
2016-09-18,0.0,105.8,0,0.0,18.5,20.6,19.345833333333335,4.8,2.7458333333333336,0.8108993224581322,0.5665872257712965,99.83333333333333,32.083333333333336,137.0,100.0,1011.0458333333332,1009.0,19.3,18.4,,,,90.11855795806161,0.28181651619706893,0.0,0.0,0.0,0.0,0.0,0.0,,0.0,0,0,0.0,0.0,0.0,0.0,0.0,0.0,409.08,-5.412500000000136,-7.070833333333439,-5.867261904762017,0.0,,,0.04583333333333428,0.10000000000000142,0.999997859151149,-0.0020692252459824016,0.999997859151149,-0.0020692252459824016,0.8095478235873687,0.5656429137283443,142.0,188.0,,,0.0,6,0.0,0.0,0.6875,0.0,-0.0,16.475,-0.30416666666666714,262,9,2015,353
2016-09-19,0.0,50.5,0,0.0,16.0,19.3,17.995833333333334,7.4,5.070833333333334,3.645062527260889,3.255020895771221,99.625,49.791666666666664,233.0,99.95833333333333,1011.7125,1010.6,17.916666666666668,16.0,,,,48.69952457636898,0.9621544347047067,0.0,0.0,0.0,0.0,0.0,0.0,,0.0,0,0,0.0,0.0,0.0,0.0,0.0,0.0,409.08,0.6666666666667425,-6.179166666666788,-4.148214285714289,0.0,,,0.07916666666666572,0.0,0.7512586569767239,0.6600079017084031,0.7512586569767239,0.6600079017084031,3.6313935427836608,3.2428145674120787,143.0,189.0,,,0.0,6,0.0,0.0,0.6986111111111111,0.0,-0.0,30.425000000000004,-1.3500000000000014,263,9,2015,354
2016-09-20,0.0,76.0,0,0.0,15.5,18.6,16.741666666666667,9.8,6.05,5.60777673699095,-0.289052104629728,99.41666666666667,28.75,92.0,96.16666666666667,1011.3166666666666,1008.8,16.641666666666666,15.4,,,,97.13415621695918,0.8668776184054509,0.0,0.0,0.0,0.0,0.0,0.0,,0.0,0,0,0.0,0.0,0.0,0.0,0.0,0.0,409.08,-0.39583333333337123,-5.141666666666765,-3.6898809523809177,0.0,,,0.10000000000000142,0.09999999999999964,0.992258077969614,-0.12419302196197432,0.992258077969614,-0.12419302196197432,5.57506470602517,-0.2873659673527213,144.0,190.0,,,0.0,6,0.0,0.0,0.6838888888888889,0.0,-0.0,36.3,-1.2541666666666664,264,9,2015,355
2016-09-21,0.0,2.4,0,0.0,15.7,22.1,18.420833333333334,4.1,2.6041666666666665,1.6798397218566363,0.11872818382202727,92.83333333333333,109.33333333333333,486.0,91.25,1018.5083333333333,1013.2,17.154166666666665,15.7,,,,86.94691950763983,0.5716875784344819,0.0,0.0,0.0,0.0,0.0,0.0,,0.0,0,0,0.0,0.0,0.0,0.0,0.0,0.0,409.08,7.19166666666672,7.462500000000091,3.5011904761905726,0.0,,,1.2666666666666693,0.0,0.998580620647515,0.05326109337240359,0.998580620647515,0.05326109337240359,1.5594512084569105,0.11021933064811532,145.0,191.0,,,0.0,6,0.0,0.0,0.7156666666666666,0.0,-0.0,15.625,1.6791666666666671,265,9,2015,356
2016-09-22,0.0,24.1,0,0.0,16.4,21.0,18.091666666666665,6.4,4.45,1.7656293388434252,-3.6906288767419024,95.375,77.875,384.0,92.91666666666667,1019.2291666666666,1017.1,17.291666666666668,16.1,,,,157.67383519568793,0.8986335532137913,0.0,0.0,0.0,0.0,0.0,0.0,,0.0,0,0,0.0,0.0,0.0,0.0,0.0,0.0,409.08,0.720833333333303,7.5166666666666515,4.063095238095229,0.0,,,0.7999999999999972,0.29999999999999716,0.37987862805344097,-0.9250363387176935,0.37987862805344097,-0.9250363387176935,1.6839689819219168,-3.5199372911925892,146.0,192.0,,,0.0,6,0.0,0.0,0.7031666666666667,0.0,-0.0,26.700000000000003,-0.32916666666666927,266,9,2015,357
2016-09-23,0.0,25.9,0,0.0,17.1,19.9,18.266666666666666,5.9,3.6999999999999997,-1.075260274093081,2.5089562625201425,99.0,57.208333333333336,248.0,99.375,1017.6791666666667,1016.6,18.108333333333334,17.0,,,,339.12931364105947,0.532831555202152,0.0,0.0,0.0,0.0,0.0,0.0,,0.0,0,0,0.0,0.0,0.0,0.0,0.0,0.0,409.08,-1.5499999999999545,6.362500000000068,2.5434523809524308,0.0,,,0.15833333333333144,0.10000000000000142,-0.35625999537672925,0.9343868661824035,-0.35625999537672925,0.9343868661824035,-1.0645076713521502,2.483866699894941,147.0,193.0,,,0.0,6,0.0,0.0,0.7014722222222222,0.0,-0.0,22.2,0.1750000000000007,267,9,2015,358
2016-09-24,0.0,2.2,0,0.0,15.8,23.1,18.8875,4.0,1.9833333333333334,0.3686901879221904,-1.5984003082513143,93.25,134.58333333333334,469.0,88.29166666666667,1018.9250000000001,1018.0,17.704166666666666,15.7,,,,176.94807476249514,0.6880168807950087,0.0,0.0,0.0,0.0,0.0,0.0,,0.0,0,0,0.0,0.0,0.0,0.0,0.0,0.0,409.08,1.245833333333394,0.41666666666674246,3.4369047619047706,0.0,,,1.1833333333333336,0.10000000000000142,0.05324095897960098,-0.998581694348005,0.05324095897960098,-0.998581694348005,0.3438036002374425,-1.4905082874443505,148.0,194.0,,,0.0,6,0.0,0.0,0.7338888888888889,0.0,-0.0,11.9,0.6208333333333336,268,9,2015,359
2016-09-25,0.0,1.4,0,0.0,14.2,25.1,19.75,3.9,2.6166666666666667,-0.6896719406639785,-0.7844157554269513,88.5,179.79166666666666,600.0,85.91666666666667,1020.1291666666666,1019.1,17.575,14.1,,,,212.1786597953158,0.46746942982521317,0.0,0.0,0.0,0.0,0.0,0.0,,0.0,0,0,0.0,0.0,0.0,0.0,0.0,0.0,409.08,1.2041666666665378,0.8999999999999773,3.3434523809522716,0.0,,,2.1750000000000007,0.09999999999999964,-0.5325610686883524,-0.8463915808404051,-0.5325610686883524,-0.8463915808404051,-0.610359667487621,-0.694207943552852,149.0,195.0,,,0.0,6,0.0,0.0,0.7481944444444445,0.0,-0.0,15.7,0.8625000000000007,269,9,2015,360
2016-09-26,0.0,31.3,0,0.0,18.0,24.5,19.995833333333334,3.5,2.3208333333333333,0.42546713416003207,-1.7965848310312802,97.58333333333333,73.125,371.0,98.375,1021.7291666666666,1020.9,19.591666666666665,17.9,,,,166.49479838612453,0.7581587377895048,0.0,0.0,0.0,0.0,0.0,0.0,,0.0,0,0,0.0,0.0,0.0,0.0,0.0,0.0,409.08,1.6000000000000227,4.0499999999999545,3.5125000000000455,0.0,,,0.40416666666666856,0.10000000000000142,0.2335336397775545,-0.9723487229858676,0.2335336397775545,-0.9723487229858676,0.4151850117511646,-1.7531673642813574,150.0,196.0,,,0.0,6,0.0,0.0,0.7073611111111111,0.0,-0.0,13.925,0.24583333333333357,270,9,2015,361
2016-09-27,0.0,0.7,0,0.0,16.4,27.6,21.858333333333334,5.8,3.5583333333333336,-0.9888334844042431,-1.7201916129046573,87.16666666666667,207.70833333333334,600.0,68.41666666666667,1019.5124999999999,1017.4,19.316666666666666,16.3,,,,207.16550851596617,0.5227626711457075,0.0,0.0,0.0,0.0,0.0,0.0,,0.041666666666666664,0,0,0.0,0.0,0.0,0.0,0.0,0.0,409.08,-2.216666666666697,0.5874999999998636,0.12499999999988631,0.0,,,2.541666666666668,0.09999999999999787,-0.4565624245395011,-0.8896913804789908,-0.4565624245395011,-0.8896913804789908,-0.861933187239032,-1.4994336892485598,151.0,197.0,,,0.0,6,0.0,0.0,0.7623611111111112,0.0,-0.0,21.35,1.8625000000000007,271,9,2015,362
2016-09-28,0.0,38.4,0,0.0,18.1,23.0,20.7375,5.4,3.1791666666666667,-2.167505950545265,-1.2531771570526298,97.75,54.291666666666664,321.0,91.25,1015.7041666666668,1014.3,20.345833333333335,17.6,,,,233.7957892514433,0.790199212153286,0.0,0.0,0.0,0.0,0.0,0.0,,0.0,0,0,0.0,0.0,0.0,0.0,0.0,0.0,409.08,-3.8083333333331666,-4.424999999999841,-3.28273809523796,0.0,,,0.3916666666666657,0.5,-0.8069169055117614,-0.5906649706892421,-0.8069169055117614,-0.5906649706892421,-2.1187370666579968,-1.2249806710189457,152.0,198.0,,,0.0,6,0.0,0.0,0.6953611111111111,0.0,-0.0,19.075,-1.1208333333333336,272,9,2015,363
2016-09-29,0.0,39.9,0,0.0,14.0,20.1,17.991666666666667,8.9,5.608333333333333,-3.1236235873194302,3.982805304121342,98.875,30.208333333333332,137.0,98.54166666666667,1015.4208333333332,1012.2,17.795833333333334,13.3,,,,316.65824870454867,0.839942665028207,0.0,0.0,0.0,0.0,0.0,0.0,,0.0,0,0,0.0,0.0,0.0,0.0,0.0,0.0,409.08,-0.2833333333335304,-6.308333333333394,-3.022023809523944,0.0,,,0.19583333333333286,0.6999999999999993,-0.6863484970375338,0.7272728103087029,-0.6863484970375338,0.7272728103087029,-3.088482821962087,3.9379987444499767,153.0,199.0,,,0.0,6,0.0,0.0,0.6830555555555554,0.0,-0.0,33.65,-2.7458333333333336,273,9,2015,364
2016-09-30,0.0,0.6,0,0.0,10.7,24.4,17.679166666666667,4.8,2.704166666666667,-0.634638187245689,-0.03453373612531059,82.91666666666667,212.29166666666666,600.0,68.79166666666667,1017.2791666666667,1015.0,14.408333333333333,10.0,,,,230.74249060563602,0.2119181093996098,0.0,0.0,0.0,0.0,0.0,0.0,,0.0,0,0,0.0,0.0,0.0,0.0,0.0,0.0,409.08,1.8583333333334622,-2.233333333333235,-1.1065476190475465,0.0,,,3.270833333333334,0.6999999999999993,-0.7743097127574503,-0.6328068178595067,-0.7743097127574503,-0.6328068178595067,-0.5262208302578838,-0.028634222870570034,154.0,200.0,,,0.0,6,0.0,0.0,0.7512500000000001,0.0,-0.0,16.225,-0.3125,274,9,2015,365
2016-10-01,0.0,13.5,0,0.0,15.8,23.1,18.766666666666666,3.9,2.066666666666667,0.2839497954267385,0.09228166383116372,94.79166666666667,112.83333333333333,508.0,87.54166666666667,1019.3375,1018.2,17.845833333333335,15.8,,,,154.00079873195003,0.11525316452064881,0.0,0.0,0.0,0.0,0.0,0.0,,0.0,0,0,0.0,0.0,0.0,0.0,0.0,0.0,0.0,0.0,0.0,0.0,0.0,,,0.9208333333333307,0.0,0.4383586171059505,-0.8988001573258422,0.4383586171059505,-0.8988001573258422,0.26916074358159586,0.08747532717329061,155.0,201.0,,,0.0,0,0.0,0.0,0.7245277777777778,0.0,-0.0,0.0,1.0874999999999986,275,10,2016,0
2016-10-02,0.0,1.4,0,0.0,17.2,24.4,20.320833333333333,4.0,2.8249999999999997,-0.9424810865082031,-0.2822625490413598,92.70833333333333,147.25,600.0,60.5,1019.8375,1018.4,19.004166666666666,17.1,,,,253.72563831226697,0.36100600636072666,0.0,0.0,0.0,0.0,0.0,0.0,,0.041666666666666664,0,0,0.0,0.0,0.0,0.0,0.0,0.0,0.0,0.5,0.0,0.25,0.0,,,1.3166666666666664,0.09999999999999787,-0.9599307866431614,-0.2802371939172981,-0.9599307866431614,-0.2802371939172981,-0.8737585072836466,-0.2616809048404273,156.0,202.0,,,0.0,1,0.0,0.0,0.7405277777777778,0.0,-0.0,2.8249999999999997,1.5541666666666671,276,10,2016,1
2016-10-03,0.0,2.2,0,0.0,17.5,25.4,20.679166666666667,6.1,4.916666666666667,-1.2216965132574937,-4.451129968345905,92.95833333333333,90.75,388.0,99.375,1014.0541666666667,1012.3,19.433333333333334,17.1,,,,194.41937166231787,0.9383073558683895,0.0,0.0,0.0,0.0,0.0,0.0,,0.0,0,0,0.0,0.0,0.0,0.0,0.0,0.0,0.0,-5.783333333333303,0.0,-3.6888888888888687,0.0,,,1.2458333333333336,0.3999999999999986,-0.24901735022275012,-0.9684990238962764,-0.24901735022275012,-0.9684990238962764,-1.1356687171156117,-4.13769623307488,157.0,203.0,,,0.0,2,0.0,0.0,0.7036944444444444,0.0,-0.0,9.833333333333334,0.3583333333333343,277,10,2016,2
2016-10-04,0.0,0.6000000000000001,0,0.0,16.0,22.5,18.970833333333335,8.1,5.875,-2.834893254695267,1.2459274797357174,90.25,131.75,490.0,93.5,1017.6750000000001,1013.6,17.291666666666668,15.6,,,,300.734321844722,0.34307343174690197,0.0,0.0,0.0,0.0,0.0,0.0,,0.0,0,0,0.0,0.0,0.0,0.0,0.0,0.0,0.0,3.620833333333394,-1.662499999999909,-0.051041666666606034,0.0,,,1.6791666666666671,0.40000000000000036,-0.8595462872286876,0.5110579028949445,-0.8595462872286876,0.5110579028949445,-2.5584911623624786,1.1244495504614849,158.0,204.0,,,0.0,3,0.0,0.0,0.722,0.0,-0.0,17.625,-1.7083333333333321,278,10,2016,3
2016-10-05,0.0,3.2,0,0.0,15.0,25.8,20.016666666666666,18.5,8.129166666666666,1.0123875368662274,-6.349911063905722,82.45833333333333,134.5,577.0,90.625,1013.0500000000001,1003.3,16.808333333333334,12.6,,,,160.73451456124445,0.8820911011296826,0.0,0.0,0.0,0.0,0.0,0.0,,0.0,0,0,0.0,0.0,0.0,0.0,0.0,0.0,0.0,-4.625,-6.787499999999909,-3.740833333333171,0.0,,,3.208333333333332,2.4000000000000004,0.3299457939443776,-0.9439998797978812,0.3299457939443776,-0.9439998797978812,0.8347978897742766,-5.236030831445593,159.0,205.0,,,0.0,4,0.0,0.0,0.6978611111111112,0.0,-0.0,32.516666666666666,1.0458333333333307,279,10,2016,4
2016-10-06,0.0,10.5,0,0.0,13.5,19.5,17.195833333333333,17.1,8.920833333333333,-7.199927395609371,3.8516868822075563,91.41666666666667,119.29166666666667,451.0,72.04166666666667,1018.2416666666667,1009.3,15.729166666666666,12.7,,,,301.30150150964135,0.9204997445684316,0.0,0.0,0.0,0.0,0.0,0.0,,0.0,0,0,0.0,0.0,0.0,0.0,0.0,0.0,0.0,5.191666666666606,4.1875,1.2090277777778056,0.0,,,1.4666666666666668,0.8000000000000007,-0.8544452151724573,0.5195415038944369,-0.8544452151724573,0.5195415038944369,-6.581933627486234,3.521083758151408,160.0,206.0,,,0.0,5,0.0,0.0,0.7175833333333334,0.0,-0.0,44.604166666666664,-2.820833333333333,280,10,2016,5
2016-10-07,0.0,0.0,0,0.0,10.7,19.8,15.183333333333332,7.9,4.454166666666667,2.049926904538127,1.5855870571837498,79.83333333333333,211.95833333333334,600.0,66.375,1025.0375000000001,1022.1,11.454166666666666,9.9,,,,62.144290636405096,0.6079578525062299,0.0,0.0,0.0,0.0,0.0,0.0,,0.20833333333333334,0,0,0.0,0.0,0.0,0.0,0.0,0.0,0.0,6.795833333333462,7.362500000000068,6.861309523809609,0.0,,,3.729166666666666,0.7999999999999989,0.8841270839068538,0.46724650828268705,0.8841270839068538,0.46724650828268705,1.6365249787896048,1.2658270006516934,161.0,207.0,,,0.0,6,0.0,0.0,0.7407499999999999,0.0,-0.0,26.725,-2.012500000000001,281,10,2016,6
2016-10-08,0.0,7.0,0,0.0,15.3,23.1,19.166666666666668,9.5,6.75,-1.4649986796821493,-5.625413772958155,88.91666666666667,94.04166666666667,366.0,96.0,1013.8291666666668,1008.3,17.254166666666666,13.0,,,,196.39672262104344,0.8558571248175634,0.0,0.0,0.0,0.0,0.0,0.0,,0.0,0,0,0.0,0.0,0.0,0.0,0.0,0.0,0.0,-11.208333333333371,0.779166666666697,-3.5601190476189686,0.0,,,1.9125000000000014,2.3000000000000007,-0.2822865826108979,-0.9593301231994442,-0.2822865826108979,-0.9593301231994442,-1.3026279926840445,-5.0019304131219595,162.0,208.0,,,0.0,6,0.0,0.0,0.6924166666666668,0.0,-0.0,40.5,3.983333333333336,282,10,2016,7
2016-10-09,0.0,33.3,0,0.0,10.8,18.0,15.170833333333334,10.0,7.591666666666666,-5.571929199928597,3.468852210913788,92.33333333333333,88.41666666666667,425.0,97.16666666666667,1012.5041666666666,1006.7,13.895833333333334,9.2,,,,303.1505670743061,0.8423194525863538,0.0,0.0,0.0,0.0,0.0,0.0,,0.0,0,0,0.0,0.0,0.0,0.0,0.0,0.0,0.0,-1.3250000000001592,-5.737500000000068,-3.8374999999999773,0.0,,,1.2750000000000004,1.6000000000000014,-0.83723642162094,0.546841086890299,-0.83723642162094,0.546841086890299,-5.144747961267404,3.2029068747437304,163.0,209.0,,,0.0,6,0.0,0.0,0.7000555555555555,0.0,-0.0,45.55,-3.9958333333333336,283,10,2016,8
2016-10-10,0.0,0.7000000000000001,0,0.0,9.3,13.5,11.025,8.2,5.3500000000000005,1.1936233832578975,4.626505077307896,86.20833333333333,98.20833333333333,370.0,99.29166666666667,1019.5833333333334,1017.7,8.758333333333333,7.9,,,,17.105250602057904,0.8855209787540367,0.0,0.0,0.0,0.0,0.0,0.0,,0.0,0,0,0.0,0.0,0.0,0.0,0.0,0.0,0.0,7.079166666666765,-5.454166666666765,2.4517857142857338,0.0,,,2.2666666666666675,1.4000000000000004,0.2941279131500327,0.9557660648432789,0.2941279131500327,0.9557660648432789,1.0290028249835792,3.988432918729182,164.0,210.0,,,0.0,6,0.0,0.0,0.6528333333333333,0.0,-0.0,32.1,-4.145833333333334,284,10,2016,9
2016-10-11,0.0,0.0,0,0.0,7.0,18.1,12.237499999999999,6.0,2.9916666666666667,-0.44698842563547964,0.5437897546944954,84.04166666666667,162.0,565.0,75.45833333333333,1018.9333333333334,1016.6,9.395833333333334,6.4,,,,287.0494725585031,0.14733537504730734,0.0,0.0,0.0,0.0,0.0,0.0,,0.08333333333333333,0,0,0.0,0.0,0.0,0.0,0.0,0.0,0.0,-0.6499999999999773,5.104166666666629,1.6220238095237391,0.0,,,2.841666666666665,0.5999999999999996,-0.9560519485123218,0.29319732561159684,-0.9560519485123218,0.29319732561159684,-0.3756565227111511,0.4570099730078322,165.0,211.0,,,0.0,6,0.0,0.0,0.7214722222222223,0.0,-0.0,17.95,1.2124999999999986,285,10,2016,10
2016-10-12,0.0,4.1,0,0.0,7.0,16.8,11.304166666666667,10.4,5.391666666666667,-3.7811248922565834,1.0673569355435821,84.25,168.83333333333334,600.0,63.291666666666664,1019.4416666666666,1017.5,8.370833333333334,5.7,,,,277.8314891054452,0.6733557961813041,0.0,0.0,0.0,0.0,0.0,0.0,,0.041666666666666664,0,0,0.0,0.0,0.0,0.0,0.0,0.0,0.0,0.5083333333332121,6.9375,1.217261904761699,0.0,,,2.9333333333333336,1.2999999999999998,-0.9906731031215202,0.13626005559802778,-0.9906731031215202,0.13626005559802778,-3.1855977217261717,0.899248218195468,166.0,212.0,,,0.0,6,0.0,0.0,0.7267222222222222,0.0,-0.0,32.35,-0.9333333333333318,286,10,2016,11
2016-10-13,0.0,1.4000000000000001,0,0.0,8.5,12.1,10.049999999999999,5.4,3.408333333333333,-1.234665782593854,2.52989331248911,92.04166666666667,82.16666666666667,319.0,98.20833333333333,1023.4208333333332,1022.0,8.779166666666667,7.9,,,,326.9321317706885,0.6577725488126908,0.0,0.0,0.0,0.0,0.0,0.0,,0.0,0,0,0.0,0.0,0.0,0.0,0.0,0.0,0.0,3.9791666666666288,3.8374999999998636,4.456547619047569,0.0,,,1.2708333333333321,0.5999999999999996,-0.5456320781572876,0.8380248416877387,-0.5456320781572876,0.8380248416877387,-1.1364069640624266,2.3285559697035185,167.0,213.0,,,0.0,6,0.0,0.0,0.6304722222222222,0.0,-0.0,20.45,-1.2541666666666682,287,10,2016,12
2016-10-14,0.0,0.0,0,0.0,6.5,17.0,11.341666666666667,5.4,2.6,0.810689843832094,0.16780273161420378,72.125,205.25,600.0,31.208333333333332,1025.5416666666667,1023.6,5.916666666666667,3.5,,,,106.48870989843383,0.1884941322284051,0.0,0.0,0.0,0.0,0.0,0.0,,0.625,0,0,0.0,0.0,0.0,0.0,0.0,0.0,0.0,2.1208333333335077,6.6083333333333485,6.505357142857179,0.0,,,5.425,3.0,0.9588756813191789,-0.2838264042943863,0.9588756813191789,-0.2838264042943863,0.5847100498638977,0.12102772017674449,168.0,214.0,,,0.0,6,0.0,0.0,0.7105833333333332,0.0,-0.0,15.600000000000001,1.2916666666666679,288,10,2016,13
2016-10-15,0.0,0.0,0,0.0,5.3,18.2,11.854166666666666,5.4,3.7416666666666667,1.2626823374031844,-0.8582841735479779,72.33333333333333,205.20833333333334,600.0,0.0,1027.7583333333334,1026.6,6.391666666666667,3.8,,,,138.8753530443352,0.46090994759205306,0.0,0.0,0.0,0.0,0.0,0.0,,1.0,0,0,0.0,0.0,0.0,0.0,0.0,0.0,0.0,2.216666666666697,8.316666666666833,6.732142857143003,0.0,,,5.4624999999999995,1.5,0.657699345723097,-0.7532805391322746,0.657699345723097,-0.7532805391322746,0.91334022405497,-0.620825552199704,169.0,215.0,,,0.0,6,0.0,0.0,0.71125,0.0,-0.0,22.45,0.5124999999999993,289,10,2016,14
2016-10-16,0.0,2.7,0,0.0,6.5,20.1,13.758333333333333,7.3,3.725,1.2916125503507143,-3.319082850424083,71.70833333333333,196.45833333333334,600.0,56.333333333333336,1026.075,1021.8,8.3125,5.0,,,,157.44398432394422,0.9208610899671553,0.0,0.0,0.0,0.0,0.0,0.0,,0.3333333333333333,0,0,0.0,0.0,0.0,0.0,0.0,0.0,0.0,-1.683333333333394,2.6541666666668107,3.110119047618923,0.0,,,5.445833333333333,1.5,0.38358648753133917,-0.9235049575304779,0.38358648753133917,-0.9235049575304779,0.9261938329806579,-2.380058993991603,170.0,216.0,,,0.0,6,0.0,0.0,0.7033333333333335,0.0,-0.0,22.35,1.9041666666666668,290,10,2016,15
2016-10-17,0.0,20.2,0,0.0,11.5,18.5,14.575000000000001,11.2,4.5874999999999995,1.3530471798479935,-3.9417640425737415,95.25,75.58333333333333,483.0,94.45833333333333,1019.2125,1017.4,13.791666666666666,11.3,,,,153.01623016155256,0.8344201820811017,0.0,0.0,0.0,0.0,0.0,0.0,,0.0,0,0,0.0,0.0,0.0,0.0,0.0,0.0,0.0,-6.862500000000068,-6.329166666666765,-3.699404761904816,0.0,,,0.783333333333335,0.1999999999999993,0.45373808632663437,-0.8911350902173271,0.45373808632663437,-0.8911350902173271,1.288777438805214,-3.754530250551489,171.0,217.0,,,0.0,6,0.0,0.0,0.7012222222222223,0.0,-0.0,27.525,0.8166666666666682,291,10,2016,16
2016-10-18,0.0,2.5,0,0.0,11.7,20.4,16.1,6.1,4.05,-1.5092873685088621,0.8427107125841923,93.33333333333333,132.79166666666666,512.0,79.45833333333333,1019.3833333333333,1018.4,14.954166666666666,11.6,,,,294.5266934157782,0.3288455422031726,0.0,0.0,0.0,0.0,0.0,0.0,,0.0,0,0,0.0,0.0,0.0,0.0,0.0,0.0,0.0,0.1708333333333485,-8.375000000000114,-3.592857142857156,0.0,,,1.1458333333333357,0.09999999999999964,-0.9097679715263298,0.4151171376670289,-0.9097679715263298,0.4151171376670289,-1.4086682106082713,0.7865299984119127,172.0,218.0,,,0.0,6,0.0,0.0,0.7329722222222221,0.0,-0.0,24.299999999999997,1.5250000000000004,292,10,2016,17
2016-10-19,0.0,1.4000000000000001,0,0.0,12.6,21.7,17.120833333333334,5.1,2.4166666666666665,-0.30063512009361054,-0.40717464048445434,89.16666666666667,156.08333333333334,557.0,58.583333333333336,1017.6916666666666,1015.3,15.120833333333332,12.5,,,,196.65483704138225,0.18240590383902006,0.0,0.0,0.0,0.0,0.0,0.0,,0.0,0,0,0.0,0.0,0.0,0.0,0.0,0.0,0.0,-1.6916666666667197,-8.38333333333344,-5.034523809523876,0.0,,,2.0000000000000018,0.09999999999999964,-0.28660543442264624,-0.9580487069869705,-0.28660543442264624,-0.9580487069869705,-0.26806631541680276,-0.36306405443197176,173.0,219.0,,,0.0,6,0.0,0.0,0.7346111111111111,0.0,-0.0,14.5,1.0208333333333321,293,10,2016,18
2016-10-20,0.0,0.4,0,0.0,10.8,19.6,14.545833333333334,9.7,6.6875,-4.376787288015466,2.847114956577679,88.79166666666667,157.20833333333334,600.0,67.0,1018.2916666666666,1015.9,12.575000000000001,10.0,,,,299.2760867826308,0.768886535562993,0.0,0.0,0.0,0.0,0.0,0.0,,0.125,0,0,0.0,0.0,0.0,0.0,0.0,0.0,0.0,0.6000000000000227,-0.9208333333333485,-3.7017857142858475,0.0,,,1.9708333333333332,0.8000000000000007,-0.872273447274499,0.48901843848658905,-0.872273447274499,0.48901843848658905,-3.8862223794837325,2.5280008218612644,174.0,220.0,,,0.0,6,0.0,0.0,0.7341111111111113,0.0,-0.0,40.125,-2.5749999999999993,294,10,2016,19
2016-10-21,0.0,0.0,0,0.0,8.5,15.5,11.379166666666668,5.8,3.375,-0.13968246994120767,2.7185033741354325,83.29166666666667,150.95833333333334,596.0,95.83333333333333,1021.3541666666666,1019.9,8.475,7.7,,,,8.589479335526738,0.6208857813877768,0.0,0.0,0.0,0.0,0.0,0.0,,0.0,0,0,0.0,0.0,0.0,0.0,0.0,0.0,0.0,3.0625,1.970833333333303,-0.04107142857139934,0.0,,,2.9041666666666686,0.7999999999999998,0.14935378524522713,0.988783822093041,0.14935378524522713,0.988783822093041,-0.11634385725519757,2.2642867687069708,175.0,221.0,,,0.0,6,0.0,0.0,0.7116111111111111,0.0,-0.0,20.25,-3.166666666666666,295,10,2016,20
2016-10-22,0.0,0.0,0,0.0,6.7,19.4,12.825000000000001,5.7,2.8791666666666664,-0.8327723707952153,-0.23414687631079342,80.79166666666667,144.04166666666666,583.0,90.20833333333333,1015.2708333333334,1012.4,9.1875,5.3,,,,258.93965672035176,0.28368361456921865,0.0,0.0,0.0,0.0,0.0,0.0,,0.0,0,0,0.0,0.0,0.0,0.0,0.0,0.0,0.0,-6.0833333333332575,-2.420833333333235,-4.340476190476238,0.0,,,3.637500000000001,1.4000000000000004,-0.9814256811529413,-0.19184272822675674,-0.9814256811529413,-0.19184272822675674,-0.6728106779049677,-0.18917116381942856,176.0,222.0,,,0.0,6,0.0,0.0,0.6986666666666667,0.0,-0.0,17.275,1.4458333333333329,296,10,2016,21
2016-10-23,0.0,0.6000000000000001,0,0.0,7.0,14.4,10.879166666666668,9.7,6.566666666666666,-0.31131950841370476,6.325156731751451,89.79166666666667,127.70833333333333,549.0,92.95833333333333,1013.8874999999999,1012.5,9.174999999999999,6.1,,,,353.0210598552929,0.9462716278152644,0.0,0.0,0.0,0.0,0.0,0.0,,0.0,0,0,0.0,0.0,0.0,0.0,0.0,0.0,0.0,-1.3833333333334394,-4.404166666666697,-3.982738095238119,0.0,,,1.7041666666666693,0.9000000000000004,-0.12150451113097947,0.9925908793530301,-0.12150451113097947,0.9925908793530301,-0.2795389752631391,5.6794636487184915,177.0,223.0,,,0.0,6,0.0,0.0,0.7044444444444444,0.0,-0.0,39.4,-1.9458333333333329,297,10,2016,22
2016-10-24,0.0,0.0,0,0.0,4.3,12.9,8.112499999999999,8.9,4.804166666666666,0.47698346797783997,3.266289087806937,79.58333333333333,181.41666666666666,600.0,23.083333333333332,1019.5625,1017.1,4.566666666666666,2.5,,,,15.79560491576176,0.6132826740767674,0.0,0.0,0.0,0.0,0.0,0.0,,0.6666666666666666,0,0,0.0,0.0,0.0,0.0,0.0,0.0,0.0,5.675000000000068,-1.7916666666666288,1.642261904761881,0.0,,,3.5458333333333325,1.7999999999999998,0.27220643575696246,0.9622388769596096,0.27220643575696246,0.9622388769596096,0.37959934326569766,2.599421732379687,178.0,224.0,,,0.0,6,0.0,0.0,0.672888888888889,0.0,-0.0,28.824999999999996,-2.7666666666666693,298,10,2016,23
2016-10-25,0.0,12.7,0,0.0,2.2,15.1,9.15,11.5,7.679166666666666,0.40162299108752864,-7.31271797042616,83.0,86.08333333333333,438.0,63.208333333333336,1016.5333333333333,1013.1,6.133333333333333,-1.9,,,,172.2027659744019,0.9495295963291958,0.0,0.0,0.0,0.0,0.0,0.0,,0.3333333333333333,0,0,0.0,0.0,0.0,0.0,0.0,0.0,0.0,-3.029166666666697,1.2624999999999318,-0.9797619047618582,0.0,,,3.0166666666666675,4.1,0.1356677435671759,-0.9907543910351299,0.1356677435671759,-0.9907543910351299,0.3333470826026488,-6.069555915453712,179.0,225.0,,,0.0,6,0.0,0.0,0.6673888888888889,0.0,-0.0,46.074999999999996,1.0375000000000014,299,10,2016,24
2016-10-26,0.0,11.299999999999999,0,0.0,11.1,21.2,15.391666666666666,10.2,6.654166666666666,-5.611511865759179,-0.06954358667152664,92.79166666666667,140.20833333333334,567.0,76.125,1016.5208333333334,1014.4,14.0875,11.1,,,,269.54285869079297,0.8362142780179622,0.0,0.0,0.0,0.0,0.0,0.0,,0.041666666666666664,0,0,0.0,0.0,0.0,0.0,0.0,0.0,0.0,-0.012499999999931788,2.6333333333334394,-0.8250000000000455,0.0,,,1.3041666666666654,0.0,-0.999968170972378,-0.00797853634177756,-0.999968170972378,-0.00797853634177756,-5.207015385435706,-0.06453065313228744,180.0,226.0,,,0.0,6,0.0,0.0,0.7361111111111112,0.0,-0.0,39.925,6.241666666666665,300,10,2016,25
2016-10-27,0.0,1.3,0,0.0,6.3,13.2,10.658333333333333,8.7,5.9750000000000005,-3.3250498687853276,4.568900338830443,85.45833333333333,151.95833333333334,595.0,50.208333333333336,1023.6583333333333,1018.4,8.112499999999999,5.5,,,,320.0790879096386,0.8333582778628277,0.0,0.0,0.0,0.0,0.0,0.0,,0.2916666666666667,0,0,0.0,0.0,0.0,0.0,0.0,0.0,0.0,7.137499999999932,4.095833333333303,5.5458333333333485,0.0,,,2.5458333333333343,0.7999999999999998,-0.6417295924806625,0.766930981337045,-0.6417295924806625,0.766930981337045,-2.8415322003661276,3.904506081225516,181.0,227.0,,,0.0,6,0.0,0.0,0.6795,0.0,-0.0,35.85,-4.7333333333333325,301,10,2016,26
2016-10-28,0.0,31.3,0,0.0,5.4,14.2,10.529166666666667,5.8,3.0375,0.8798777223378952,-1.4828674384001859,89.70833333333333,43.541666666666664,281.0,89.75,1017.15,1010.4,8.7875,3.6,,,,146.72921219417626,0.44156393630420837,0.0,0.0,0.0,0.0,0.0,0.0,,0.0,0,0,0.0,0.0,0.0,0.0,0.0,0.0,0.0,-6.508333333333326,0.6166666666666742,-0.3619047619048388,0.0,,,1.7416666666666671,1.8000000000000003,0.5485966111360582,-0.8360871714420887,0.5485966111360582,-0.8360871714420887,0.7893236400806201,-1.3302556645315,182.0,228.0,,,0.0,6,0.0,0.0,0.643611111111111,0.0,-0.0,18.225,-0.12916666666666643,302,10,2016,27
2016-10-29,0.0,9.8,0,0.0,5.3,12.8,9.129166666666666,12.4,8.341666666666667,-4.5624928612965325,6.722041028660356,95.45833333333333,47.5,174.0,96.375,1019.5041666666666,1010.2,8.445833333333333,4.2,,,,324.25632828812377,0.9751658996343681,0.0,0.0,0.0,0.0,0.0,0.0,,0.0,0,0,0.0,0.0,0.0,0.0,0.0,0.0,0.0,2.3541666666666288,2.983333333333235,1.3875000000000455,0.0,,,0.6833333333333336,1.0999999999999996,-0.58416002416284,0.8116385070769315,-0.58416002416284,0.8116385070769315,-4.355279643845981,6.41674833194203,183.0,229.0,,,0.0,6,0.0,0.0,0.6343055555555556,0.0,-0.0,50.05,-1.4000000000000004,303,10,2016,28
2016-10-30,0.0,0.0,0,0.0,4.3,12.3,7.316666666666666,5.2,3.5541666666666667,-0.43188222497011713,1.1117908688664038,83.875,156.875,600.0,48.25,1027.7583333333334,1025.9,4.604166666666667,3.5,,,,348.0331144781164,0.3494761522847233,0.0,0.0,0.0,0.0,0.0,0.0,,0.3333333333333333,0,0,0.0,0.0,0.0,0.0,0.0,0.0,0.0,8.254166666666833,4.100000000000136,7.660119047619105,0.0,,,2.7124999999999995,0.7999999999999998,-0.2073463291912266,0.9782676013090301,-0.2073463291912266,0.9782676013090301,-0.36224121619368577,0.9325145912616962,184.0,230.0,,,0.0,6,0.0,0.0,0.6575000000000001,0.0,-0.0,21.325,-1.8125,304,10,2016,29
2016-10-31,0.0,0.0,0,0.0,3.0,14.9,8.554166666666667,6.7,4.3625,-2.4064776128341263,-2.204294477233713,75.16666666666667,111.91666666666667,487.0,77.70833333333333,1024.4750000000001,1021.2,4.008333333333334,-0.2,,,,224.0700512105469,0.7635966376471276,0.0,0.0,0.0,0.0,0.0,0.0,,0.16666666666666666,0,0,0.0,0.0,0.0,0.0,0.0,0.0,0.0,-3.283333333333303,7.325000000000159,3.675000000000068,0.0,,,4.545833333333333,3.2,-0.6955373333463652,-0.7184899567296867,-0.6955373333463652,-0.7184899567296867,-1.808869005646985,-1.6568946820540078,185.0,231.0,,,0.0,6,0.0,0.0,0.6562777777777778,0.0,-0.0,26.174999999999997,1.2375000000000007,305,10,2016,30
2016-11-01,0.35000000000000003,8.3,4,0.14,3.8,12.5,7.5125,12.0,7.270833333333333,-2.9127468137130506,1.447332007346085,93.25,88.75,453.0,92.875,1021.7624999999999,1018.2,6.466666666666666,3.7,,,,285.4257077413034,0.41461125588638925,5.65,7.6,10.2,99.0,0.7251132002105026,4.9455392993422,5.730309729902823,0.0,0,3,0.35000000000000003,0.35000000000000003,0.35000000000000003,0.35000000000000003,0.35000000000000003,0.0,0.35000000000000003,-2.7125000000002046,2.2583333333333258,0.21547619047601074,0.0,,,1.0458333333333343,0.09999999999999964,-0.9639761562186293,0.26598866562685847,0.09984612477802583,0.9950028901298784,-2.71613640378742,1.3496370968502243,0.0,232.0,1.0,1.0,4.2,0,0.03444656250000001,0.35000000000000003,0.6477777777777778,2.66,0.0,0.0,-1.041666666666667,306,11,2016,31
2016-11-02,0.14,1.1,2,0.07,3.4,10.9,6.670833333333333,5.8,4.320833333333334,0.6189338573946094,0.6113158604991922,84.5,141.0,545.0,59.625,1024.2041666666667,1019.4,3.9166666666666665,2.1,,,,46.507149241608886,0.2209366658528896,3.7,4.65,5.0,99.5,-2.1244837826129714,4.129186243392688,333.0,0.08333333333333333,0,2,0.49000000000000005,0.49000000000000005,0.49000000000000005,0.49000000000000005,0.49000000000000005,0.0,0.49000000000000005,2.4416666666667197,-3.554166666666788,1.5595238095238528,0.0,,,2.754166666666667,1.2999999999999998,0.725460256738289,0.6882640597134329,-0.45399049973954697,0.8910065241883678,0.522999109498445,0.5165619021218174,0.0,233.0,0.2857142857142857,1.0,0.812,1,0.020768343749999998,0.49000000000000005,0.6178888888888888,0.6510000000000001,0.0,4.320833333333334,-0.8416666666666668,307,11,2016,32
2016-11-03,1.26,7.6,7,0.35,3.3,9.0,5.916666666666667,11.1,9.075000000000001,-8.200701029513926,-2.92901929461963,92.75,122.75,479.0,66.58333333333333,1018.2708333333334,1016.8,4.795833333333333,2.8,,,,249.08200263477536,0.9572370014964147,5.671428571428572,9.742857142857144,11.1,94.0,-9.454166337674808,-1.8989321840609306,258.5757594765102,0.0,0,6,1.4,1.75,1.75,1.75,1.75,0.0,1.75,-5.93333333333328,-6.204166666666765,-3.6041666666666288,0.0,,,1.1208333333333336,0.5,-0.9340923720922101,-0.3570314277471217,-0.980187462628658,-0.19807205281309428,-7.606150204874166,-2.7166653957597067,0.0,234.0,0.72,1.0,13.985999999999999,0,0.11974451785714285,1.75,0.591,12.276000000000002,0.0,0.0,-0.7541666666666664,308,11,2016,33
2016-11-04,0.42000000000000004,1.4,4,0.14,2.0,10.8,5.8999999999999995,8.0,5.720833333333334,-4.457764744695169,-1.8403966263339004,83.25,145.79166666666666,567.0,24.416666666666668,1018.375,1016.6,2.9791666666666665,1.0,,,,245.7329991005199,0.8311142177958913,3.3,7.05,8.0,98.75,-6.915179294722255,-1.3379173692325943,258.75021432965633,0.625,0,4,1.6800000000000002,1.8199999999999998,2.17,2.17,2.17,0.0,2.17,0.10416666666662877,-3.387499999999932,-3.675000000000068,0.0,,,2.920833333333333,1.0,-0.9116401342568442,-0.4109893740866824,-0.9807860101820876,-0.19508665313419568,-3.711089149958728,-1.5321301914229721,0.0,235.0,0.2307692307692308,0.8387096774193548,3.3600000000000003,1,0.06415040625000004,1.8199999999999998,0.6146944444444444,2.9610000000000003,0.0,5.720833333333334,-0.016666666666667496,309,11,2016,34
2016-11-05,0.0,0.0,0,0.0,1.9,16.5,8.4375,8.8,6.075,-3.9039732990683755,-3.1052585817750455,72.125,166.625,600.0,6.041666666666667,1014.2624999999999,1011.1,3.1999999999999997,-2.0,,,,229.3435250510184,0.8049077677366547,0.0,0.0,0.0,0.0,0.0,0.0,,0.875,0,0,0.42000000000000026,1.6800000000000002,2.17,2.17,2.17,0.0,2.17,-4.112500000000068,-9.94166666666672,-7.038690476190595,0.0,,,5.237500000000001,3.9,-0.7586294875039927,-0.6515222948521635,-0.7586294875039927,-0.6515222948521635,-2.815740741953066,-2.2396677521052517,1.0,236.0,0.0,0.7741935483870969,0.0,2,0.0,0.8400000000000001,0.6848333333333333,0.0,-0.0,12.15,2.5375000000000005,310,11,2016,35
2016-11-06,0.0,3.0,0,0.0,3.0,8.2,6.329166666666667,11.3,7.0625,-1.9437462595699844,5.013667064707982,88.91666666666667,78.0,376.0,75.70833333333333,1023.4125,1015.4,4.591666666666667,2.3,,,,352.75272610224476,0.6430126828018575,0.0,0.0,0.0,0.0,0.0,0.0,,0.0,0,0,0.0,0.42000000000000004,2.17,2.17,2.17,0.0,2.17,9.150000000000091,5.1416666666666515,2.7321428571428896,0.0,,,1.7374999999999998,0.7000000000000002,-0.12615176993326152,0.9920109530356535,-0.12615176993326152,0.9920109530356535,-1.7283143824676446,4.457985631702847,2.0,237.0,0.0,0.19354838709677422,0.0,3,0.0,0.14,0.530611111111111,0.0,-0.0,21.1875,-2.1083333333333334,311,11,2016,36
2016-11-07,0.0,0.0,0,0.0,1.6,14.0,6.9750000000000005,6.8,3.045833333333333,1.4689088010970528,-1.6922781876025335,78.375,156.0,594.0,6.583333333333333,1024.5666666666666,1020.0,3.1333333333333333,0.1,,,,125.46631320826859,0.7110562693935571,0.0,0.0,0.0,0.0,0.0,0.0,,0.9166666666666666,0,0,0.0,0.0,2.17,2.17,2.17,0.0,2.17,1.1541666666665833,6.191666666666606,3.873214285714198,0.0,,,3.8416666666666672,1.5,0.8144567992740794,-0.5802241998712411,0.8144567992740794,-0.5802241998712411,1.1512572728598152,-1.3263230295334856,3.0,238.0,,0.0,0.0,4,0.0,0.0,0.6763611111111111,0.0,-0.0,12.183333333333332,0.6458333333333339,312,11,2016,37
2016-11-08,2.24,18.3,5,0.56,2.5,14.2,8.020833333333334,10.7,8.1625,-5.122372442328388,-1.4453688117393078,86.41666666666667,75.66666666666667,312.0,85.04166666666667,1017.1666666666666,1013.5,5.7250000000000005,1.0,,,,246.14622228190552,0.6422511389246642,6.220000000000001,9.82,10.7,99.8,-7.056753697956462,6.827243916697327,314.0,0.08333333333333333,0,5,2.24,2.24,4.0600000000000005,4.41,4.41,0.0,4.41,-7.399999999999977,2.904166666666697,-2.8702380952381645,0.0,,,2.2958333333333334,1.5,-0.9145804979740666,-0.40440389800978477,-0.7193398003386512,0.6946583704589973,-4.426583518912115,-1.2490395481447185,0.0,239.0,1.0,0.5517241379310345,23.968,0,0.18569628000000007,2.24,0.6540555555555556,21.996800000000004,0.0,0.0,1.0458333333333334,313,11,2016,38
2016-11-09,3.22,7.5,23,0.35,-1.3,3.6,1.3333333333333333,12.8,9.674999999999999,-8.877953567791653,3.375521480086499,87.70833333333333,114.04166666666667,488.0,82.875,1024.3500000000001,1021.2,-0.5416666666666666,-2.6,,,,290.364066239663,0.9800355241344841,1.308695652173913,9.569565217391304,12.8,88.26086956521739,-8.760852090428129,3.3684703432578638,290.51334428658276,0.0,0,15,5.460000000000001,5.460000000000001,7.140000000000001,7.630000000000001,7.630000000000001,0.0,7.630000000000001,7.183333333333508,0.9375000000001137,4.292261904761972,0.0,,,1.875,1.3,-0.9375004164381359,0.3479841507573611,-0.9365905999376025,0.35042552433936924,-7.786705108417262,2.9606136314925333,0.0,240.0,0.5897435897435896,0.7647058823529412,41.21600000000001,0,0.6159581711956523,5.460000000000001,0.4483888888888889,30.814,81.81175710445,0.0,-6.687500000000001,314,11,2016,39
2016-11-10,0.21000000000000002,0.30000000000000004,3,0.07,-0.3,7.4,3.0,6.8,3.5625,0.12095903038834949,-0.9442121660280018,80.625,104.0,438.0,94.0,1025.7458333333334,1019.7,-0.13749999999999998,-1.8,,,,128.31499775759116,0.2581584525339313,-0.06666666666666667,6.233333333333333,6.8,87.66666666666667,-6.121829706463225,-0.7203674315323649,262.66854777516613,0.0,0,3,3.43,5.670000000000001,6.090000000000001,7.840000000000001,7.840000000000001,0.0,7.840000000000001,1.3958333333332575,1.179166666666788,4.620238095238051,0.0,,,3.1375,1.5,0.7846141101345699,-0.6199844338188959,-0.9918245416781866,-0.12760908480533473,0.09752321825060678,-0.7612710588600765,0.0,241.0,0.037037037037037035,0.9310344827586207,1.4280000000000002,1,0.048732104166666686,5.670000000000001,0.5025277777777778,1.3090000000000002,2.5635161895813363,3.5625,1.6666666666666667,315,11,2016,40
2016-11-11,0.35,16.3,2,0.21,2.8,12.5,7.516666666666667,9.1,6.129166666666666,-1.5164789368312244,-4.025507303422102,93.75,97.5,379.0,78.83333333333333,1017.725,1014.6,6.5249999999999995,0.9,,,,204.2472514858565,0.7046514103486314,5.15,6.4,7.2,100.0,3.437707482618104,-5.369906103897684,148.0,0.0,0,2,0.56,3.7800000000000002,6.0200000000000005,8.19,8.19,0.0,8.19,-8.020833333333371,0.558333333333394,-3.3077380952381645,0.0,,,0.9916666666666671,1.9,-0.41067511434917875,-0.911781744966573,0.529919264233205,-0.848048096156426,-1.421699003279273,-3.7739130969582204,0.0,242.0,0.09259259259259259,0.627906976744186,3.1849999999999996,2,0.03904250000000002,3.7800000000000002,0.6552777777777777,2.2399999999999998,0.0,12.258333333333333,4.516666666666667,316,11,2016,41
2016-11-12,0.0,0.0,0,0.0,3.3,12.7,7.6625000000000005,6.2,4.179166666666666,-2.1555893713080168,-1.374775905922827,88.70833333333333,120.54166666666667,505.0,42.125,1024.6041666666667,1021.6,5.733333333333333,2.0,,,,245.79171334902995,0.4654217836288415,0.0,0.0,0.0,0.0,0.0,0.0,,0.5,0,0,0.35,0.56,6.0200000000000005,8.19,8.19,0.0,8.19,6.87916666666672,0.25416666666660603,2.0940476190476147,0.0,,,1.9291666666666671,1.2999999999999998,-0.912060819733551,-0.4100549488872959,-0.912060819733551,-0.4100549488872959,-1.9121874047978198,-1.2195407932123745,1.0,243.0,0.0,0.09302325581395349,0.0,3,0.0,0.28,0.6582777777777777,0.0,-0.0,12.537499999999998,0.14583333333333393,317,11,2016,42
2016-11-13,0.0,0.0,0,0.0,2.3,17.2,8.891666666666667,6.4,4.5125,-1.774264292670936,-2.24991088437331,72.83333333333333,149.54166666666666,590.0,37.583333333333336,1024.4083333333333,1023.3,3.6666666666666665,-2.3,,,,211.37206755998147,0.639084881789261,0.0,0.0,0.0,0.0,0.0,0.0,,0.5416666666666666,0,0,0.0,0.35,6.0200000000000005,8.19,8.19,0.0,8.19,-0.19583333333343944,-1.337500000000091,1.7559523809521806,0.0,,,5.225000000000001,4.6,-0.5205934527936789,-0.8538046948268414,-0.5205934527936789,-0.8538046948268414,-1.2922558264953314,-1.638685094118561,2.0,244.0,0.0,0.05813953488372092,0.0,4,0.0,0.11666666666666665,0.6758055555555554,0.0,-0.0,18.05,1.229166666666667,318,11,2016,43
2016-11-14,0.0,7.9,0,0.0,4.5,15.8,9.895833333333334,7.8,4.3999999999999995,0.4286466446377579,-4.196037088505227,82.70833333333333,75.75,310.0,98.91666666666667,1020.0375,1014.7,6.779166666666666,3.2,,,,178.17228874993017,0.9548951631794346,0.0,0.0,0.0,0.0,0.0,0.0,,0.0,0,0,0.0,0.0,6.0200000000000005,8.19,8.19,0.0,8.19,-4.37083333333328,2.3125,-1.9678571428571558,0.0,,,3.116666666666668,1.2999999999999998,0.03189416928570523,-0.999491251570305,0.03189416928570523,-0.999491251570305,0.35452649566914557,-3.4704723419511976,3.0,245.0,,0.0,0.0,5,0.0,0.0,0.6595277777777778,0.0,-0.0,21.999999999999996,1.0041666666666664,319,11,2016,44
2016-11-15,0.14,28.7,2,0.07,5.2,15.0,10.1,10.8,7.279166666666666,-4.443510764330342,1.2910356709089459,96.91666666666667,47.916666666666664,246.0,95.33333333333333,1013.8000000000001,1010.2,9.591666666666667,4.4,,,,266.58209794847465,0.5640379300494939,6.05,8.9,8.9,97.0,-7.18271179977555,5.218545588942861,306.0,0.0,0,2,0.14,0.14,3.9200000000000004,7.98,8.33,0.0,8.33,-6.2374999999999545,-10.804166666666674,-7.72440476190468,0.0,,,0.5083333333333329,0.7999999999999998,-0.9982212489364433,-0.05961827045266698,-0.8090169943749476,0.5877852522924729,-4.30650251576349,1.2512287377225868,0.0,246.0,1.0,0.03571428571428571,1.5120000000000002,6,0.012286968750000016,0.14,0.6883333333333334,1.2460000000000002,0.0,43.675,0.20416666666666572,320,11,2016,45
2016-11-16,0.0,0.0,0,0.0,2.0,6.7,4.2124999999999995,7.1,5.2625,-2.639730492926995,1.6706923843837285,86.5,100.08333333333333,384.0,63.458333333333336,1022.5500000000001,1020.9,2.0541666666666667,-0.5,,,,304.9561918794859,0.48013280878060066,0.0,0.0,0.0,0.0,0.0,0.0,,0.125,0,0,0.14,0.14,0.7,7.84,8.33,0.0,8.33,8.75,-1.8583333333332348,1.2827380952381873,0.0,,,2.1583333333333328,2.5,-0.8195903590209899,0.5729499484246814,-0.8195903590209899,0.5729499484246814,-2.2833668763818507,1.4451489124919252,1.0,247.0,0.0,0.20000000000000004,0.0,5,0.0,0.07,0.5039444444444444,0.0,-0.0,26.3125,-5.8875,321,11,2016,46
2016-11-17,0.21000000000000002,2.9,3,0.07,1.3,8.5,4.316666666666666,9.0,6.283333333333334,-3.078082704771502,0.8311072319199546,87.125,52.416666666666664,204.0,64.54166666666667,1024.3833333333334,1020.9,2.3208333333333333,-2.1,,,,287.7566438475134,0.3585878234481901,5.5,7.866666666666667,8.9,97.0,-2.809324265889472,7.307600649162119,339.66500571621617,0.20833333333333334,0,3,0.21000000000000002,0.35000000000000003,0.7,6.79,8.540000000000001,0.0,8.540000000000001,1.8333333333333712,4.345833333333417,3.3107142857144254,0.0,,,1.9958333333333331,3.4000000000000004,-0.952360442086563,0.3049747339513328,-0.3475084170054404,0.9376768633758502,-2.681779556532171,0.7241021758102605,0.0,248.0,0.6,0.5000000000000001,1.8900000000000001,6,0.02130187500000001,0.35000000000000003,0.51425,1.6520000000000004,0.0,37.7,0.10416666666666696,322,11,2016,47
2016-11-18,0.0,0.0,0,0.0,-2.6,14.7,5.679166666666667,6.1,4.295833333333333,-0.7756150791865771,-3.737052718920926,76.625,142.20833333333334,572.0,50.458333333333336,1023.3458333333333,1020.4,1.429166666666667,-4.8,,,,190.5578309107985,0.872023970977335,0.0,0.0,0.0,0.0,0.0,0.0,,0.4166666666666667,1,0,0.21000000000000002,0.21000000000000002,0.35000000000000003,6.37,8.540000000000001,1.0,8.540000000000001,-1.0375000000001364,9.545833333333235,1.47023809523796,0.0,,,4.25,2.1999999999999997,-0.1832278708104523,-0.9830704691721078,-0.1832278708104523,-0.9830704691721078,-0.5943150544267147,-2.8635166458731596,1.0,249.0,0.0,0.6,0.0,1,0.0,0.10500000000000001,0.676888888888889,0.0,-0.0,4.295833333333333,1.3625000000000007,323,11,2016,48
2016-11-19,0.0,31.5,0,0.0,4.3,12.0,7.816666666666666,9.2,6.508333333333333,-1.0287745075185348,-4.355967099215145,97.0,17.833333333333332,83.0,94.66666666666667,1014.9166666666666,1010.2,7.341666666666666,2.3,,,,190.31608865829477,0.7231522452019452,0.0,0.0,0.0,0.0,0.0,0.0,,0.0,0,0,0.0,0.21000000000000002,0.35000000000000003,6.37,8.540000000000001,1.0,8.540000000000001,-8.429166666666674,-7.633333333333439,-5.5750000000000455,0.0,,,0.47500000000000053,2.0,-0.1790784830407255,-0.9838347914725483,-0.1790784830407255,-0.9838347914725483,-0.9979112722929788,-4.225288086238691,2.0,250.0,0.0,0.6,0.0,2,0.0,0.07,0.6018888888888889,0.0,-0.0,13.016666666666666,2.1374999999999993,324,11,2016,49
2016-11-20,0.0,4.1,0,0.0,5.6,15.8,10.291666666666666,8.9,6.8,-4.723751981532003,-0.252375077460841,95.125,91.70833333333333,394.0,82.58333333333333,1018.0708333333333,1014.6,9.483333333333333,5.6,,,,276.75781447009126,0.6278248188586367,0.0,0.0,0.0,0.0,0.0,0.0,,0.0,0,0,0.0,0.0,0.35000000000000003,6.37,8.540000000000001,1.0,8.540000000000001,3.154166666666697,-6.312500000000114,-1.515476190476079,0.0,,,0.8083333333333336,0.0,-0.9930524170006914,0.11767283921570451,-0.9930524170006914,0.11767283921570451,-4.493469072432318,-0.24007179243462498,3.0,251.0,,0.0,0.0,3,0.0,0.0,0.7115555555555555,0.0,-0.0,20.4,2.4749999999999996,325,11,2016,50
2016-11-21,0.0,0.0,0,0.0,5.9,15.9,10.5875,6.0,3.470833333333333,2.103543383512809,-2.3341612883821123,86.5,103.5,452.0,92.08333333333333,1019.3666666666667,1014.6,8.141666666666667,5.5,,,,131.06915274544363,0.9086416177217019,0.0,0.0,0.0,0.0,0.0,0.0,,0.0,0,0,0.0,0.0,0.35000000000000003,6.37,8.540000000000001,1.0,8.540000000000001,1.2958333333333485,-3.9791666666666288,-0.12380952380954113,0.0,,,2.445833333333333,0.40000000000000036,0.753917204803158,-0.6569694424414222,0.753917204803158,-0.6569694424414222,1.8195650267385794,-2.0190495144505274,4.0,252.0,,0.0,0.0,4,0.0,0.0,0.6906666666666667,0.0,-0.0,13.883333333333333,0.2958333333333343,326,11,2016,51
2016-11-22,0.0,5.300000000000001,0,0.0,7.8,13.6,10.1,9.7,5.675,-4.309533493564946,0.44377479143115034,95.875,62.75,316.0,93.875,1012.9666666666667,1010.3,9.454166666666667,7.4,,,,265.54107832927355,0.746220275422065,0.0,0.0,0.0,0.0,0.0,0.0,,0.0,0,0,0.0,0.0,0.21000000000000002,4.13,8.540000000000001,1.0,8.540000000000001,-6.399999999999977,-1.9499999999999318,-6.404761904761926,0.0,,,0.6458333333333321,0.39999999999999947,-0.9969733289236558,-0.07774433365129589,-0.9969733289236558,-0.07774433365129589,-4.131765236955392,0.42546908128461536,5.0,253.0,,0.0,0.0,5,0.0,0.0,0.6636388888888889,0.0,-0.0,28.375,-0.4875000000000007,327,11,2016,52
2016-11-23,3.5700000000000003,9.3,18,0.56,-1.9,7.0,1.6458333333333333,11.2,7.9125000000000005,-0.4837834012014703,7.421124422614693,88.58333333333333,68.95833333333333,349.0,94.41666666666667,1023.0,1018.0,-0.02916666666666662,-3.9,,,,359.5694960665433,0.9302507071769814,2.6333333333333333,8.444444444444445,11.2,89.22222222222223,-1.637111209105932,8.123191589428565,349.83109099408625,0.0,0,18,3.5700000000000003,3.5700000000000003,3.7800000000000002,4.48,12.110000000000001,1.0,12.110000000000001,10.033333333333303,4.929166666666674,3.5642857142856883,0.0,,,1.6749999999999998,2.0,-0.007513640382975715,0.9999717722056934,-0.17655065015790827,0.984291556363672,-0.42855146289763574,6.573879384366182,0.0,254.0,1.0,0.9444444444444444,39.984,0,0.5880748611111113,3.5700000000000003,0.4968055555555555,30.14666666666667,31.208796682922657,0.0,-8.454166666666666,328,11,2016,53
2016-11-24,3.92,5.4,15,0.77,-1.5,2.4,0.6124999999999999,8.6,6.2124999999999995,5.702918548227712,0.6596266679624968,80.20833333333333,69.79166666666667,288.0,79.54166666666667,1020.3000000000001,1017.6,-2.4375,-4.2,,,,86.01498438692954,0.9277642878007624,0.92,6.726666666666666,8.6,80.86666666666666,6.150469334135593,1.2481760730826943,81.19913487185372,0.0,1,15,7.49,7.49,7.49,8.190000000000001,16.03,2.0,16.03,-2.699999999999932,0.933333333333394,1.447619047619014,0.0,,,3.05,2.7,0.9975822593382828,0.06949558153959878,0.9882260713495681,0.15300075785759498,4.574215918890976,0.5290755565949192,0.0,255.0,0.5233644859813084,1.0,33.711999999999996,0,0.8150192866666666,7.49,0.36722222222222217,26.36853333333333,0.0,0.0,-1.0333333333333332,329,11,2016,54
2016-11-25,1.68,3.2,11,0.42,-0.6,5.7,1.9458333333333335,9.3,6.5,-3.777069188431064,-3.6569622329283162,78.08333333333333,93.625,368.0,55.333333333333336,1022.3541666666666,1020.1,-1.75,-9.0,,,,223.71365692401156,0.8117610312560705,3.6181818181818177,7.172727272727273,9.3,88.81818181818181,-6.730658563678372,-2.0262167340109554,251.1990067377034,0.2916666666666667,0,11,5.6,9.17,9.17,9.520000000000001,17.71,1.0,17.71,2.0541666666665606,9.387499999999932,3.64345238095234,0.0,,,3.6958333333333337,8.4,-0.6910547166615029,-0.7228024478236705,-0.9466436732728714,-0.32228210600721424,-2.949261524633256,-2.855478010211527,0.0,256.0,0.183206106870229,1.0,15.624,1,0.24400446694214878,9.17,0.4493611111111111,12.050181818181818,8.295536679733164,6.5,1.3333333333333335,330,11,2016,55
2016-11-26,0.28,1.4000000000000001,2,0.21,-0.8,8.1,3.1041666666666665,5.9,3.891666666666666,0.11807160319092047,-3.5860762486283626,82.25,130.33333333333334,512.0,61.166666666666664,1024.8208333333334,1021.6,0.17916666666666667,-1.9,,,,177.3701893209349,0.9220152829252742,3.45,4.55,5.6,82.5,-1.4364824516697086,-4.303296864483943,199.49999999999997,0.20833333333333334,1,2,1.96,5.88,9.45,9.8,17.990000000000002,2.0,17.990000000000002,2.4666666666668107,1.8208333333334394,4.695238095238096,0.0,,,2.925,1.0999999999999999,0.04588274086084198,-0.9989468324646196,-0.3338068592337705,-0.9426414910921785,0.0971138936245321,-2.9495477144968283,0.0,257.0,0.04761904761904762,0.6222222222222222,1.6520000000000004,2,0.043242281249999986,5.88,0.5410555555555555,1.274,2.8346587046283904,7.783333333333332,1.158333333333333,331,11,2016,56
2016-11-27,0.35000000000000003,36.3,2,0.28,3.2,9.6,6.6875,7.2,3.7708333333333335,-2.2938029944917697,-2.1549986302253346,99.25,26.125,139.0,100.0,1016.9791666666666,1012.6,6.5874999999999995,2.9,,,,228.7615779117184,0.8507026380721062,5.65,3.4,6.8,99.0,0.17794225122600893,-3.395340418165551,223.5,0.0,0,1,0.6300000000000001,2.31,9.8,10.15,18.34,2.0,18.34,-7.841666666666811,-3.3208333333334394,-2.990476190476329,0.0,,,0.10000000000000053,0.30000000000000027,-0.7519730279038933,-0.6591938753546263,-0.6883545756937541,-0.7253743710122875,-2.2765994720330816,-2.1388361404986447,0.0,258.0,0.15151515151515152,0.2357142857142857,2.5200000000000005,3,0.036444843750000004,2.31,0.5615833333333334,1.1900000000000002,0.0,11.3125,3.5833333333333335,332,11,2016,57
2016-11-28,4.2,14.1,17,0.63,-0.2,6.3,3.125,10.1,8.070833333333333,-7.57332873206897,2.0914257032735137,94.45833333333333,89.125,384.0,85.625,1019.5791666666668,1013.0,2.2875,-1.0,,,,283.37446924281676,0.9689440144065202,3.652941176470588,8.729411764705883,10.1,93.94117647058823,-8.108325109108673,2.6775005469081856,286.5942512334943,0.0,0,15,4.550000000000001,4.83,14.0,14.350000000000001,22.54,2.0,22.54,2.6000000000001364,-2.7749999999998636,-0.4208333333332348,0.0,,,0.8374999999999999,0.8,-0.9728790475172205,0.2313144156813095,-0.9583512341560854,0.28559221276412283,-7.1536400981668145,1.9755258622171064,0.0,259.0,0.8695652173913043,0.34500000000000003,42.42,0,0.5937206833910031,4.83,0.5142777777777777,36.66352941176471,4.216329056736732,0.0,-3.5625,333,11,2016,58
2016-11-29,0.9800000000000001,3.4000000000000004,10,0.14,-1.0,3.8,0.9541666666666666,8.8,6.9375,-6.4463909788449785,1.1936384036154788,89.75,93.75,438.0,70.5,1029.3458333333333,1025.7,-0.6041666666666666,-2.2,,,,280.69057823639884,0.9423321147095953,0.32999999999999996,6.44,7.6,95.4,-5.705908895762806,1.8259549812988154,289.38548155238027,0.0,0,7,5.180000000000001,5.53,14.98,15.19,23.52,2.0,23.52,9.766666666666538,4.524999999999864,7.005952380952408,0.0,,,1.5583333333333331,1.2000000000000002,-0.9826433144242306,0.18550503124541606,-0.9433067955398288,0.3319221135874796,-5.785635903513369,1.0712904672448922,0.0,260.0,0.17721518987341772,0.3691588785046729,8.624000000000002,1,0.21784334250000004,5.53,0.4461111111111111,6.311200000000001,55.72771021528267,6.9375,-2.1708333333333334,334,11,2016,59
2016-11-30,0.0,0.0,0,0.0,-0.8,8.0,2.8541666666666665,8.3,3.8041666666666667,0.5429513320292512,-3.1558420331754093,82.70833333333333,102.08333333333333,442.0,90.45833333333333,1030.2749999999999,1024.6,0.041666666666666664,-2.1,,,,166.85739144332584,0.6919326220297564,0.0,0.0,0.0,0.0,0.0,0.0,,0.0,1,0,0.9800000000000001,5.180000000000001,11.41,15.19,23.52,3.0,23.52,0.9291666666665606,13.295833333333235,6.8958333333332575,0.0,,,2.8125,1.3,0.22737555127928843,-0.9738071465544087,0.22737555127928843,-0.9738071465544087,0.4490659975325264,-2.6101443482721614,1.0,261.0,0.0,0.45398773006134974,0.0,2,0.0,2.5900000000000003,0.5215277777777777,0.0,-0.0,7.608333333333333,1.9,335,11,2016,60
2016-12-01,1.47,14.5,5,0.7,2.5,12.9,6.4125000000000005,14.5,8.395833333333334,-5.608114091579238,-3.9161240803751345,96.58333333333333,59.458333333333336,243.0,90.54166666666667,1019.4333333333334,1015.9,5.879166666666666,1.7,,,,225.64685958356355,0.7960776452005884,4.6,11.86,14.5,99.6,-11.587072765671397,-0.9421816577041706,264.23969109832797,0.0,0,4,1.47,2.45,8.96,16.450000000000003,24.64,2.0,24.990000000000002,-10.84166666666647,-0.14583333333337123,-3.822023809523671,0.0,,,0.5333333333333341,0.8,-0.7150446630941191,-0.6990787722285792,-0.9949504758815841,-0.10036707898015744,-5.416503526783614,-3.7823231742956507,0.0,262.0,0.6,0.2734375,21.315,3,0.16902978750000003,2.45,0.64825,17.4342,0.0,25.1875,3.558333333333334,336,12,2016,61
2016-12-02,1.8900000000000001,3.4000000000000004,5,0.84,-0.3,5.2,2.3041666666666667,13.4,8.029166666666667,-7.307316070807946,-1.873754521351116,87.91666666666667,114.25,482.0,34.958333333333336,1026.375,1023.0,0.41250000000000003,-1.1,,,,251.92546564123217,0.9247286214220294,1.78,11.02,13.4,97.8,-10.953435174116873,-0.4797103940284728,266.7953849868278,0.2916666666666667,1,5,3.3600000000000003,3.3600000000000003,9.17,18.34,26.390000000000004,3.0,26.880000000000003,6.941666666666606,-2.970833333333303,2.545238095238119,0.0,,,1.8916666666666666,0.8,-0.9506537207628488,-0.3102539334154387,-0.9984362646785956,-0.05590192639483378,-6.4243487122519864,-1.6473425166878561,0.0,263.0,0.5625,0.36641221374045807,25.326000000000004,4,0.33489358875,3.3600000000000003,0.4847777777777778,20.8278,22.81052875009819,32.11666666666667,-4.108333333333334,337,12,2016,62
2016-12-03,0.0,0.0,0,0.0,0.7,10.9,4.683333333333334,5.0,3.5749999999999997,-1.1362328910860298,-2.96844799770248,72.04166666666667,128.625,533.0,15.958333333333334,1026.7166666666667,1024.5,-0.17500000000000002,-3.3,,,,208.0314036112849,0.8546628258138705,0.0,0.0,0.0,0.0,0.0,0.0,,0.7916666666666666,0,0,1.8900000000000001,3.3600000000000003,8.89,18.34,25.130000000000003,2.0,26.880000000000003,0.341666666666697,-3.5583333333331666,2.6160714285715585,0.0,,,4.858333333333333,4.0,-0.46995543265410294,-0.8826901445688033,-0.46995543265410294,-0.8826901445688033,-0.8185611119532274,-2.138519411678162,1.0,264.0,0.0,0.3779527559055118,0.0,5,0.0,1.6800000000000002,0.5681111111111111,0.0,-0.0,17.875,2.379166666666667,338,12,2016,63
2016-12-04,0.0,2.0999999999999996,0,0.0,1.3,12.9,6.370833333333334,5.8,4.425,-0.45007802315972056,-4.259864874031909,68.875,99.70833333333333,410.0,80.0,1019.15,1013.8,0.6124999999999999,-5.0,,,,187.38356653147045,0.959701412144164,0.0,0.0,0.0,0.0,0.0,0.0,,0.125,0,0,0.0,1.8900000000000001,8.54,18.34,24.71,2.0,26.880000000000003,-7.56666666666672,-0.2833333333334167,-5.2607142857142435,0.0,,,5.758333333333334,6.3,-0.1285111620120957,-0.9917080625054436,-0.1285111620120957,-0.9917080625054436,-0.30999123845125753,-2.9339819319894773,2.0,265.0,0.0,0.2213114754098361,0.0,6,0.0,0.63,0.5827222222222223,0.0,-0.0,26.549999999999997,1.6875,339,12,2016,64
2016-12-05,0.21000000000000002,6.5,2,0.14,4.0,11.6,7.083333333333333,10.0,7.254166666666666,-6.284933741836444,-3.1853156537438365,89.33333333333333,102.79166666666667,456.0,75.95833333333333,1014.5583333333334,1012.9,5.254166666666666,3.7,,,,242.40013501743385,0.9678229831535659,4.15,5.25,5.6,100.0,-3.584998308849697,-3.7818969433409317,222.99999999999997,0.0,0,2,0.21000000000000002,0.21000000000000002,4.550000000000001,18.55,24.919999999999998,2.0,27.09,-4.591666666666583,-11.816666666666606,-9.135119047619014,0.0,,,1.8291666666666666,0.2999999999999998,-0.8862046709852902,-0.4632939467809326,-0.681998360062498,-0.7313537016191709,-5.6145408093738896,-2.845548650677827,0.0,266.0,1.0,0.04615384615384615,2.1,3,0.0286969921875,0.21000000000000002,0.6240833333333333,1.1025,0.0,21.7625,0.7124999999999995,340,12,2016,65
2016-12-06,9.73,20.2,20,1.4,-2.8,4.1,1.425,12.6,9.558333333333334,-8.43725092481772,-0.26166891719191615,94.54166666666667,49.166666666666664,237.0,81.66666666666667,1017.3375,1009.9,0.6208333333333333,-3.8,,,,267.2865235145043,0.8916551983130003,1.1099999999999999,9.385,12.6,94.25,-8.795789420049681,1.2908950337040257,276.2766092156334,0.0,0,20,9.940000000000001,9.940000000000001,13.3,28.28,34.65,2.0,36.82,2.7791666666665833,-9.37916666666672,-4.640476190476193,0.0,,,0.8041666666666667,1.0,-0.9988787674679191,-0.04734139733648303,-0.9940056712404167,0.10932852117306184,-7.976717645171419,-0.2473861554618574,0.0,267.0,0.9788732394366196,0.7473684210526317,100.0,0,1.9088050985937506,9.940000000000001,0.4390277777777778,91.31605,68.44590133701787,0.0,-5.658333333333333,341,12,2016,66
2016-12-07,1.61,2.8,14,0.21,-3.5,4.0,-0.3375000000000001,9.4,6.4624999999999995,-4.735837924595541,-3.534596594519393,84.375,103.04166666666667,455.0,75.125,1020.1416666666668,1016.8,-2.75,-5.1,,,,231.77404343388835,0.8998162992775081,-1.2142857142857142,6.828571428571428,9.4,89.64285714285714,-5.470429194371384,-3.623560446207372,235.4331019630232,0.0,1,8,11.34,11.55,14.91,26.32,36.26,2.0,38.43,2.804166666666788,0.9916666666667879,-0.38869047619050434,0.0,,,2.4125,1.5999999999999996,-0.7855766565079462,-0.6187643467021968,-0.8234642961902805,-0.5673680929518736,-3.9958632488774875,-2.9823158766257376,0.0,268.0,0.1393939393939394,0.7746478873239437,15.134000000000002,1,0.41284691964285714,11.55,0.43883333333333335,10.994,53.6899831972598,6.4624999999999995,-1.7625000000000002,342,12,2016,67
2016-12-08,4.34,8.4,12,1.33,-5.7,3.4,-1.1833333333333333,9.3,5.5375000000000005,-3.503234236024326,-2.746432193267149,86.0,99.54166666666667,426.0,51.875,1019.4875000000001,1016.8,-3.25,-9.6,,,,234.15919270142626,0.8027284348404776,-1.4749999999999999,6.5,9.3,90.75,-6.012162104012426,-2.016101996435086,253.50313090308936,0.2916666666666667,1,12,5.95,15.68,17.78,26.74,38.36,3.0,42.77,-0.654166666666697,4.929166666666674,-1.0505952380952976,0.0,,,2.0666666666666664,3.8999999999999995,-0.8106469937537356,-0.5855351838429788,-0.9588352533323199,-0.2839629499902161,-3.01278144298092,-2.361931686209748,0.0,269.0,0.2767857142857143,0.8818897637795274,40.362,2,1.1438782031249999,15.68,0.4285833333333333,28.21,0.0,11.075000000000001,-0.8458333333333332,343,12,2016,68
2016-12-09,3.43,7.7,17,0.35,-6.8,5.7,0.10416666666666664,11.5,9.237499999999999,-6.287545088842285,-5.546122335362988,82.04166666666667,82.875,364.0,87.58333333333333,1013.1750000000001,1009.6,-2.670833333333333,-10.9,,,,226.96454909353398,0.9063619472622235,1.9588235294117646,9.1,11.5,87.6470588235294,-7.722225077922756,-4.168288596638421,239.52303356695177,0.0,1,17,7.77,9.38,19.32,28.49,38.57,3.0,46.2,-6.3125,-4.162499999999909,-5.477380952381054,0.0,,,2.7749999999999995,4.1000000000000005,-0.7309315853698795,-0.6824507436501733,-0.8618331271107709,-0.5071919370558544,-5.1584067833043585,-4.550131199304051,0.0,270.0,0.3656716417910448,0.48550724637681164,39.445,3,0.6110967444852942,9.38,0.45538888888888884,31.213,0.0,27.7125,1.2875,344,12,2016,69
2016-12-10,5.04,8.3,18,0.84,-8.0,0.1,-2.5708333333333333,10.7,8.533333333333333,-7.978146696129951,0.8170056617367146,87.16666666666667,86.5,374.0,70.66666666666667,1021.0958333333333,1014.6,-4.45,-9.9,,,,273.7091876634993,0.933464985249571,-1.3444444444444443,8.988888888888889,10.7,85.88888888888889,-8.555929666833556,2.20638385794083,284.0173768136618,0.0,1,18,8.47,12.809999999999999,24.36,33.25,43.4,4.0,51.24,7.920833333333235,0.9541666666665378,3.2464285714285097,0.0,,,1.8791666666666669,1.9000000000000004,-0.9979052573652517,0.06469232816022928,-0.9702223109486806,0.24221615829131138,-6.954284536793274,0.7121566018138362,0.0,271.0,0.3934426229508197,0.5258620689655172,53.928,4,1.2687910277777779,12.809999999999999,0.3504444444444445,45.304,542.1607432216796,34.13333333333333,-2.675,345,12,2016,70
2016-12-11,3.5,5.1000000000000005,18,0.35,-8.3,-0.5,-4.5375000000000005,9.9,7.345833333333334,-6.643049121931497,0.08672662198748486,87.125,85.91666666666667,371.0,71.375,1025.9666666666667,1023.3,-6.366666666666667,-10.2,,,,267.08424873036233,0.9051397183278158,-3.75,7.627777777777778,9.9,86.72222222222223,-6.955556866413694,1.1398423661813295,276.0248917542572,0.0,0,18,8.540000000000001,11.969999999999999,27.86,36.4,46.550000000000004,4.0,54.74,4.870833333333394,6.479166666666629,7.14345238095234,0.0,,,1.8291666666666666,1.8999999999999986,-0.9987054108627008,-0.050867497614528134,-0.9944763898499687,0.10496051653347153,-5.787756547482817,0.07556056940659618,0.0,272.0,0.2923976608187135,0.4296482412060301,34.65,5,1.0884103732638888,11.969999999999999,0.3476944444444445,26.697222222222223,281.1986733656375,36.72916666666667,-1.9666666666666672,346,12,2016,71
2016-12-12,0.0,0.0,0,0.0,-6.7,2.8,-1.9583333333333333,7.2,3.9291666666666667,-0.9670386633363403,-3.1182666027064325,74.0,109.41666666666667,480.0,58.708333333333336,1027.1333333333334,1022.3,-6.116666666666667,-11.3,,,,207.5724660990009,0.7775031833855023,0.0,0.0,0.0,0.0,0.0,0.0,,0.2916666666666667,1,0,3.5,8.54,27.65,32.199999999999996,46.550000000000004,5.0,54.74,1.1666666666667425,13.958333333333371,6.513690476190504,0.0,,,4.158333333333334,4.6000000000000005,-0.4628701101047702,-0.8864261171533688,-0.4628701101047702,-0.8864261171533688,-0.7156086108688917,-2.30751728600276,1.0,273.0,0.0,0.30886075949367087,0.0,6,0.0,4.27,0.3818333333333333,0.0,-0.0,23.575,2.5791666666666675,347,12,2016,72
2016-12-13,4.27,20.8,14,0.84,-0.3,8.2,3.7458333333333336,8.0,4.691666666666666,-0.9362094064936809,-3.980590579780346,81.66666666666667,62.25,302.0,93.25,1017.4333333333334,1010.0,0.3833333333333333,-13.8,,,,184.81997258326126,0.7151601087073619,2.857142857142857,4.928571428571429,8.0,82.5,-0.41320325747569936,-3.9821125790403054,169.42572549478635,0.0,0,8,4.27,7.769999999999999,22.19,35.49,50.82000000000001,5.0,59.010000000000005,-9.700000000000045,-3.662499999999909,-3.199999999999932,0.0,,,3.3625000000000003,13.5,-0.08402520303448144,-0.9964636296699515,0.1835099994357207,-0.9830178432292579,-0.7645710153031727,-3.250815640153949,0.0,274.0,0.5495495495495496,0.35015772870662454,34.16,3,0.7155245535714286,7.769999999999999,0.4959444444444445,21.044999999999998,0.0,14.075,5.704166666666667,348,12,2016,73
2016-12-14,16.31,30.900000000000002,24,2.87,-4.6,3.9,0.8125,10.8,8.862499999999999,-6.039966664443507,4.117815385075913,94.875,43.833333333333336,227.0,90.41666666666667,1010.1666666666666,1007.2,0.08333333333333333,-6.0,,,,309.79035649350976,0.774651476692806,0.8125,8.862499999999999,10.8,94.875,-6.039966664443507,4.117815385075913,309.79035649350976,0.0,0,24,20.58,20.58,36.89,51.8,67.13,4.0,75.32,-7.266666666666765,-15.800000000000068,-9.041666666666629,0.0,,,0.7291666666666666,1.4000000000000004,-0.7683912501758533,0.6399803798970631,-0.7683912501758533,0.6399803798970631,-5.730418372890778,3.906777346590772,0.0,0.0,0.7925170068027211,0.5578747628083491,100.0,0,3.3311940600585945,20.58,0.43213888888888885,144.54737499999996,0.0,0.0,-2.9333333333333336,349,12,2016,74
2016-12-15,0.77,0.5,11,0.07,-7.9,-0.6,-4.7124999999999995,10.0,6.079166666666667,-5.687788271881786,-1.1083331986155909,80.125,106.625,466.0,46.666666666666664,1017.1666666666666,1015.0,-7.666666666666667,-12.2,,,,250.1437980017787,0.8486683325416291,-6.2272727272727275,8.518181818181818,10.0,85.81818181818181,-8.2530539823575,-1.8653495137380682,257.2822121761661,0.041666666666666664,0,11,17.08,21.349999999999998,33.32,51.1,67.76,3.0,76.09,7.0,-9.96666666666681,-1.7101190476190595,0.0,,,2.9541666666666675,4.299999999999999,-0.9405480449726021,-0.3396606764084061,-0.9754662443408966,-0.22014905439603014,-4.557340352845281,-0.8880519753907421,0.0,1.0,0.036065573770491806,0.6407563025210083,7.7,1,0.27911416193181815,21.349999999999998,0.33816666666666667,6.559,456.3938852243698,6.079166666666667,-5.5249999999999995,350,12,2016,75
2016-12-16,5.32,7.0,23,0.77,-8.2,-2.3,-5.083333333333333,10.5,6.675,-6.011873745980087,0.03414948460069719,82.29166666666667,88.125,376.0,80.41666666666667,1018.3083333333334,1014.3,-7.658333333333334,-12.3,,,,281.50716495050756,0.8464848779817207,-4.947826086956522,6.947826086956522,10.5,82.73913043478261,-6.255868256674874,0.035634244800727535,282.0982754175258,0.0,0,23,6.09,22.4,35.209999999999994,54.53,73.08,2.0,81.41,1.1416666666667652,0.875,-1.3017857142856428,0.0,,,2.575000000000001,4.100000000000001,-0.9798997656044958,0.19949047437974163,-0.9777895457594581,0.20958913188310271,-4.94727110346278,0.028102180035990396,0.0,2.0,0.23750000000000002,0.6361829025844931,55.86,2,1.8154021049149336,22.4,0.3330555555555556,36.962434782608696,58.56535332957633,13.35,-0.37083333333333357,351,12,2016,76
2016-12-17,6.09,8.700000000000001,18,0.77,-7.8,1.7,-2.5124999999999997,11.9,8.504166666666666,-7.21302656426663,-3.967962230586376,88.79166666666667,56.5,281.0,72.125,1025.0208333333333,1021.3,-4.1125,-10.1,,,,241.74942765091262,0.9652857882704307,-2.788888888888889,9.216666666666667,11.9,87.22222222222223,-7.978142107152138,-3.968813639871929,245.48155785765337,0.0,1,18,11.41,12.18,36.26,60.62,78.96,2.0,87.5,6.712499999999864,14.854166666666629,4.849999999999909,0.0,,,1.6,2.3,-0.8808860099932896,-0.4733284667100662,-0.9098277438951864,-0.4149861159588296,-6.404566503521745,-3.5232197972414867,0.0,3.0,0.5,0.3359073359073359,72.471,3,1.7227852274305555,12.18,0.3714166666666667,56.1295,417.7155753752096,25.5125,2.5708333333333333,352,12,2016,77
2016-12-18,0.0,0.0,0,0.0,-5.8,5.4,-0.5833333333333333,8.4,6.9125000000000005,-4.638208252869679,-4.5877114105115515,83.54166666666667,107.83333333333333,446.0,27.75,1029.4624999999999,1027.5,-3.1374999999999997,-8.0,,,,224.66080501930804,0.9421943366888432,0.0,0.0,0.0,0.0,0.0,0.0,,0.2916666666666667,1,0,6.09,11.41,32.76,60.62,78.96,3.0,87.5,4.441666666666606,12.295833333333235,8.792261904761858,0.0,,,2.5541666666666663,2.2,-0.7029082935213011,-0.7112804867975588,-0.7029082935213011,-0.7112804867975588,-3.874836477918211,-3.832650574198192,1.0,4.0,0.0,0.34829059829059833,0.0,4,0.0,5.705,0.4703611111111112,0.0,-0.0,27.650000000000002,1.9291666666666665,353,12,2016,78
2016-12-19,0.0,0.0,0,0.0,-1.8,8.5,2.2708333333333335,7.8,5.4624999999999995,-3.024270808040063,-4.0038573162959326,79.875,114.5,476.0,51.958333333333336,1027.0333333333333,1024.8,-1.0166666666666668,-4.4,,,,221.50110125485355,0.8795303755584027,0.0,0.0,0.0,0.0,0.0,0.0,,0.25,0,0,0.0,6.09,32.76,60.41,78.96,2.0,87.5,-2.4291666666665606,8.724999999999909,6.377380952381031,0.0,,,3.2875000000000005,2.6000000000000005,-0.6626344434140721,-0.7489429847467182,-0.6626344434140721,-0.7489429847467182,-2.4156363079220005,-3.198081031391376,2.0,5.0,0.0,0.1858974358974359,0.0,5,0.0,2.03,0.5314722222222222,0.0,-0.0,27.312499999999996,2.854166666666667,354,12,2016,79
2016-12-20,0.0,1.4000000000000001,0,0.0,0.0,7.2,3.1833333333333336,6.2,5.0249999999999995,-2.5243310614895216,-3.808724561647137,87.41666666666667,77.45833333333333,371.0,56.458333333333336,1026.825,1025.2,1.2458333333333333,-2.2,,,,213.28965299996443,0.9130809581052393,0.0,0.0,0.0,0.0,0.0,0.0,,0.125,0,0,0.0,0.0,28.49,50.67999999999999,78.96,2.0,87.5,-0.20833333333325754,1.804166666666788,4.827380952381077,0.0,,,1.9375000000000002,2.2,-0.5488718712483989,-0.8359064953404065,-0.5488718712483989,-0.8359064953404065,-2.2066860695854236,-3.3294600543065394,3.0,6.0,,0.0,0.0,6,0.0,0.0,0.5030277777777777,0.0,0.0,30.15,0.9125000000000001,355,12,2016,80
2016-12-21,0.0,0.0,0,0.0,-0.9,12.3,4.5625,9.2,4.720833333333333,0.7521832236869042,-4.374715248532117,71.75,123.20833333333333,518.0,21.166666666666668,1029.1625000000001,1025.2,-0.4083333333333334,-3.6,,,,168.65767577031005,0.9207500965121295,0.0,0.0,0.0,0.0,0.0,0.0,,0.7083333333333334,0,0,0.0,0.0,12.18,49.06999999999999,78.96,2.0,87.5,2.337500000000091,-0.29999999999972715,4.451190476190504,0.0,,,4.970833333333333,2.7,0.19667046798008694,-0.9804696461515234,0.19667046798008694,-0.9804696461515234,0.5396914629953538,-3.1388581908217934,4.0,7.0,,0.0,0.0,4,0.0,0.0,0.5946388888888889,0.0,-0.0,18.883333333333333,1.3791666666666664,356,12,2016,81
2016-12-22,0.0,23.9,0,0.0,0.2,10.5,5.958333333333333,14.2,10.950000000000001,1.5440064052695484,-9.83249894157453,80.16666666666667,59.333333333333336,258.0,89.375,1012.725,1002.9,2.6750000000000003,-7.6,,,,172.07657452509056,0.8880947406711553,0.0,0.0,0.0,0.0,0.0,0.0,,0.08333333333333333,0,0,0.0,0.0,11.41,44.73,78.96,2.0,87.5,-16.437500000000114,-14.30833333333328,-11.351785714285711,0.0,,,3.2833333333333328,7.8,0.13784950598251747,-0.990453186021619,0.13784950598251747,-0.990453186021619,1.2377784682244213,-7.882386651495582,5.0,8.0,,0.0,0.0,5,0.0,0.0,0.5401111111111111,0.0,-0.0,54.75000000000001,1.395833333333333,357,12,2016,82
2016-12-23,9.8,32.7,19,0.7,0.6,7.4,3.591666666666667,11.5,9.158333333333333,-9.060910735681473,0.5176245793323685,95.0,41.0,178.0,98.04166666666667,1007.6999999999999,1003.0,2.8708333333333336,-0.7,,,,273.79569162683174,0.9903986092847222,2.789473684210526,9.047368421052632,11.5,93.6842105263158,-8.948770216485695,0.9401351984627025,276.526074186212,0.0,0,19,9.8,9.8,15.89,51.099999999999994,85.19,2.0,97.3,-5.025000000000091,-19.125000000000114,-14.86130952380961,0.0,,,0.7208333333333332,1.2999999999999998,-0.9978064489567311,0.06619887023475811,-0.9935202362312013,0.11365535710690382,-8.607865198897398,0.49174335036575006,0.0,9.0,1.0,0.6167400881057269,100.0,0,1.5667928150969523,9.8,0.5084444444444444,88.6642105263158,0.0,0.0,-2.3666666666666663,358,12,2016,83
2016-12-24,4.97,8.7,21,0.42,-4.0,0.8,-1.2541666666666667,7.7,5.529166666666666,-3.9570243733322585,1.2999275300214583,88.20833333333333,80.58333333333333,407.0,80.75,1024.4624999999999,1015.8,-2.975,-5.6,,,,283.67793924707655,0.7247708500695316,-1.0285714285714287,5.8047619047619055,7.7,87.85714285714286,-4.2335153006336,1.798039513049395,290.4030580738366,0.0,1,17,14.77,14.77,14.77,51.03,86.24,2.0,102.27,16.762499999999932,-4.700000000000273,1.9809523809522034,0.0,,,1.7208333333333334,1.5999999999999996,-0.9716402384275649,0.23646405026647258,-0.9372633836616157,0.34862207280546503,-3.4904252493101624,1.1466444087730947,0.0,10.0,0.33649289099526064,1.0,38.269,1,1.2708716845238095,14.77,0.36552777777777773,28.849666666666668,283.85720090748174,5.529166666666666,-4.845833333333333,359,12,2016,84
2016-12-25,0.0,0.0,0,0.0,-3.5,3.0,-0.8125,6.6,4.816666666666666,-1.9187896253313135,-2.495746938947652,79.33333333333333,108.95833333333333,487.0,48.0,1031.8666666666666,1030.1,-4.033333333333333,-8.3,,,,217.9270966622074,0.5473611619337216,0.0,0.0,0.0,0.0,0.0,0.0,,0.08333333333333333,1,0,4.97,14.77,14.77,47.53,84.56,2.0,102.27,7.404166666666697,19.141666666666538,9.041666666666629,0.0,,,3.220833333333333,4.800000000000001,-0.6146583097475024,-0.7887934851774218,-0.6146583097475024,-0.7887934851774218,-1.5222397694295084,-1.9799592382318039,1.0,11.0,0.0,1.0,0.0,2,0.0,7.385,0.40375,0.0,-0.0,9.633333333333333,0.44166666666666665,360,12,2016,85
2016-12-26,0.8400000000000001,3.6,8,0.21,-3.0,6.1,2.029166666666667,8.0,6.1375,-0.627555155706817,-5.988425775341731,66.16666666666667,71.875,346.0,99.54166666666667,1022.7875,1013.3,-4.154166666666667,-13.4,,,,187.0445758643109,0.981039353203668,4.4,5.5,7.2,84.25,-1.0840940161780517,-5.313068048923895,192.19173174274607,0.0,0,8,0.8400000000000001,5.81,15.610000000000001,48.37,85.12,2.0,103.11,-9.079166666666538,15.087500000000091,0.5690476190477511,0.0,,,6.183333333333334,10.4,-0.1226415029828134,-0.9924510374553077,-0.21118374501717216,-0.9774463800334635,-0.41523232802601057,-3.9623417213511125,0.0,12.0,0.14457831325301207,0.3721973094170403,6.720000000000001,3,0.10951500000000003,5.81,0.4040277777777777,4.62,0.0,18.4125,2.841666666666667,361,12,2016,86
2016-12-27,18.2,49.1,18,2.1,-2.5,4.6,2.1791666666666667,11.8,7.5125,-3.346418409988123,3.618876760432883,95.125,17.083333333333332,78.0,99.70833333333333,1008.5083333333333,1005.2,1.4833333333333334,-3.6,,,,309.97265348287203,0.6215766916652167,1.4777777777777779,8.144444444444444,11.8,95.83333333333333,-4.438969744007463,6.344709894663577,323.1140047381744,0.0,0,18,19.04,19.04,33.81,62.3,102.97,2.0,121.31,-14.279166666666697,-15.954166666666538,-11.093452380952385,0.0,,,0.6958333333333333,1.1,-0.7663511498712713,0.642421913613616,-0.600224741436574,0.7998313945872579,-3.1832805125012023,3.44245651836178,0.0,0.0,0.9558823529411765,0.5631469979296065,100.0,0,3.482848757716049,19.04,0.43069444444444444,148.22888888888886,0.0,0.0,0.1499999999999999,362,12,2016,87
2016-12-28,4.97,6.9,18,0.49,-8.5,-1.8,-4.354166666666667,10.1,6.895833333333333,-4.480095939505472,2.39556779337424,85.875,85.58333333333333,393.0,82.20833333333333,1023.975,1015.4,-6.395833333333333,-11.9,,,,289.2013575135014,0.6394963461669807,-3.572222222222222,7.644444444444444,10.1,86.38888888888889,-5.830982030599772,4.649401315679654,307.8739086995032,0.0,0,18,23.169999999999998,24.009999999999998,38.78,50.96,103.74,2.0,126.28,15.466666666666697,-7.891666666666538,5.1142857142857565,0.0,,,2.041666666666666,3.4000000000000004,-0.9443685781085638,0.32888902183139157,-0.7893637356502308,0.6139258040189488,-3.8472823880503237,2.0571938425601286,0.0,1.0,0.20699708454810498,0.6191335740072201,50.196999999999996,1,1.5252086327160492,24.009999999999998,0.34330555555555553,37.992888888888885,766.5797709561849,6.895833333333333,-6.533333333333333,363,12,2016,88
2016-12-29,6.58,10.0,10,0.98,-9.6,1.0,-4.329166666666667,8.9,6.7,-3.860503967414715,-2.5557265957055053,80.20833333333333,94.29166666666667,408.0,81.125,1021.3083333333334,1017.5,-7.3125,-13.1,,,,234.2651080905288,0.6817158780168465,-1.4899999999999998,7.15,8.9,90.0,-6.255692205260858,1.3204466802110384,285.158184769659,0.0,1,10,11.55,29.75,45.36,56.769999999999996,109.34,3.0,132.85999999999999,-2.6666666666666288,-1.4791666666666288,1.2214285714287598,0.0,,,2.9833333333333334,3.5,-0.8117280121613392,-0.5840356446935417,-0.9652075866463062,0.26148482686460667,-3.0964458905305525,-2.0499057069721243,0.0,2.0,0.2211764705882353,0.6558641975308642,58.562000000000005,2,1.7211768656250002,29.75,0.3524444444444444,47.047000000000004,0.0,13.4,0.025000000000000355,364,12,2016,89
2016-12-30,4.69,6.4,16,0.98,-9.5,-1.7,-4.8999999999999995,10.6,7.25,-6.193805315094448,-0.5806758237113311,86.875,90.45833333333333,375.0,58.583333333333336,1028.2833333333333,1023.3,-6.754166666666666,-12.5,,,,259.2117367552573,0.8466209385375673,-3.81875,8.05625,10.6,87.6875,-7.723257297428087,1.310102163222934,278.4545786974172,0.20833333333333334,0,16,11.27,16.240000000000002,40.25,56.14,114.03,3.0,137.55,6.974999999999909,19.774999999999977,5.255952380952522,0.0,,,1.854166666666667,3.0,-0.9823256142489526,-0.1871800940015203,-0.9891327286738387,0.14702532117375638,-5.3808683674883016,-0.5044621218492189,0.0,3.0,0.28879310344827586,0.4034782608695653,49.714000000000006,3,1.457084356567383,16.240000000000002,0.3498888888888889,37.7838125,511.7623366708219,21.75,-0.5708333333333329,365,12,2016,90
2016-12-31,0.21000000000000002,0.8,3,0.07,-9.3,2.9,-2.6875,12.1,7.2124999999999995,-5.409433819830524,-4.1517618026273215,81.5,97.41666666666667,427.0,68.91666666666667,1026.7583333333334,1025.0,-5.470833333333334,-12.5,,,,234.828582061276,0.9394102757140487,-1.9666666666666668,6.099999999999999,6.6,94.33333333333333,-4.537917435713575,-4.070263995023302,228.0003047798862,0.0,1,3,4.9,11.480000000000002,35.489999999999995,50.26,112.77000000000001,3.0,137.76,-1.5249999999998636,2.7833333333334167,3.402976190476238,0.0,,,2.783333333333334,3.1999999999999993,-0.8174323505302908,-0.5760246108514147,-0.743148384848597,-0.6691266532555115,-4.408688563161877,-3.383685869141267,0.0,4.0,0.018292682926829267,0.3234714003944774,2.5410000000000004,4,0.05803459375000001,11.480000000000002,0.40105555555555555,1.281,0.0,28.849999999999998,2.2124999999999995,366,12,2016,91
2017-01-01,0.21000000000000002,0.1,3,0.07,-3.8,1.8,-1.125,7.7,5.6625000000000005,-4.6056338821343905,-1.2872195922050234,86.41666666666667,95.45833333333333,435.0,77.29166666666667,1026.075,1024.5,-3.1458333333333335,-5.6,,,,260.6805919646426,0.8490523396582259,-1.4000000000000001,5.933333333333334,7.1,90.0,-4.532245316246688,-3.2133848858835776,241.49496019101466,0.0,1,2,0.42000000000000004,5.11,35.699999999999996,50.47,111.09,3.0,137.97,-0.683333333333394,4.7666666666666515,3.547023809523921,0.0,,,2.0208333333333335,1.7999999999999998,-0.9868009190636857,-0.16193809352670907,-0.8787751377762402,-0.4772360602745251,-3.980035279811136,-1.1123722642638412,0.0,5.0,0.04109589041095891,0.1431372549019608,1.6170000000000002,5,0.055411124999999985,5.11,0.3916944444444445,1.2460000000000002,0.0,28.312500000000004,1.5625,1,1,2016,92
2017-01-02,1.12,1.6,5,0.35,-4.4,5.4,-0.3958333333333333,5.4,3.5208333333333335,-3.3629209940069926,-0.031511071836024813,75.375,101.375,436.0,79.95833333333333,1018.6541666666667,1015.7,-4.354166666666667,-7.5,,,,271.808619572161,0.9608186379926597,-0.31999999999999995,3.02,4.0,86.8,-2.971537561058947,0.4284354636537788,279.200765148894,0.0,1,5,1.33,1.54,35.98,51.589999999999996,112.21000000000001,4.0,139.09,-7.4208333333333485,-9.629166666666606,-3.283333333333303,0.0,,,3.9583333333333335,3.0999999999999996,-0.9995018236233448,0.03156112440342006,-0.9871341298728338,0.15989437025800304,-2.5348016992327707,-0.023751470396403702,0.0,6.0,0.7272727272727273,0.04280155642023347,6.048000000000001,6,0.27805176000000004,1.54,0.43883333333333335,3.3824000000000005,0.0,21.125,0.7291666666666667,2,1,2016,93
2017-01-03,7.14,10.1,16,0.98,-3.3,0.8,-0.5458333333333334,8.8,5.716666666666666,-4.154971440918829,3.666742318035512,84.125,87.58333333333333,448.0,82.33333333333333,1018.2958333333332,1015.3,-2.9,-5.1,,,,308.1025703854901,0.9652411990246081,-0.05,5.81875,8.8,83.5,-4.045327693368941,3.969968647423625,310.78604913917604,0.0,1,14,8.26,8.469999999999999,24.92,58.73,119.35000000000001,5.0,146.23,-0.3583333333334622,-8.462500000000205,-5.039880952381054,0.0,,,2.3541666666666665,1.7999999999999998,-0.7869073398974098,0.617071177754708,-0.7571541335835852,0.6532362650659335,-3.495369724672965,3.0846469750473746,0.0,7.0,0.8429752066115703,0.33988764044943814,62.832,0,1.6634449863281247,8.469999999999999,0.3565833333333333,41.545874999999995,0.0,0.0,-0.15000000000000008,3,1,2016,94
2017-01-04,8.540000000000001,12.200000000000001,20,1.12,-4.5,2.9,-0.7416666666666667,11.1,6.295833333333333,-3.7161157808678715,4.084728234755582,83.25,54.791666666666664,252.0,86.08333333333333,1017.4333333333334,1014.6,-3.233333333333333,-6.6,,,,301.2363706296143,0.7841033317319361,-0.11000000000000001,6.4799999999999995,11.1,82.75,-3.5405842086093875,4.469901640617048,304.6300625114642,0.0,1,19,15.68,16.8,28.490000000000002,67.27,127.67999999999999,6.0,154.77,-0.8624999999998408,-8.641666666666652,-4.967857142857042,0.0,,,2.4916666666666663,2.0999999999999996,-0.8550352509116312,0.518569879281938,-0.8228383134189473,0.5682755581316711,-3.0936663875725032,3.400536255434022,0.0,8.0,0.5083333333333334,0.5896805896805897,94.79400000000001,0,1.9836477150000007,16.8,0.37847222222222227,55.339200000000005,0.0,0.0,-0.1958333333333333,4,1,2016,95
2017-01-05,6.37,9.1,24,0.56,-5.9,-2.9,-4.3125,12.1,9.637500000000001,-5.1536180430304075,8.103134594840988,85.29166666666667,79.79166666666667,360.0,92.625,1023.8000000000001,1021.0,-6.416666666666667,-7.7,,,,327.38023361357733,0.996416691901782,-4.3125,9.637500000000001,12.1,85.29166666666667,-5.1536180430304075,8.103134594840988,327.38023361357733,0.0,0,24,14.91,22.05,28.28,73.64,124.32,5.0,161.14,6.366666666666674,5.145833333333371,1.0428571428572013,0.0,,,2.104166666666667,1.7999999999999998,-0.5390613893488694,0.8422664771396678,-0.5390613893488694,0.8422664771396678,-4.395606722534685,6.911298548183127,0.0,9.0,0.28888888888888886,0.7797029702970297,77.077,1,2.0046853442382813,22.05,0.3375000000000001,61.39087500000001,193.58707242303245,9.637500000000001,-3.5708333333333333,5,1,2016,96
2017-01-06,0.14,0.1,2,0.07,-9.3,-1.0,-5.220833333333333,11.0,6.658333333333334,-4.092386346919654,5.148661548312063,68.66666666666667,123.79166666666667,518.0,55.458333333333336,1026.4333333333334,1023.8,-10.262500000000001,-15.4,,,,320.6662482219536,0.9808212844478424,-5.75,10.75,11.0,83.5,-6.8304480164912835,8.296284441006524,320.5,0.375,0,2,6.510000000000002,15.05,23.730000000000004,63.980000000000004,122.85,5.0,161.28,2.6333333333333258,8.13750000000016,3.940476190476261,0.0,,,5.041666666666668,6.1,-0.6338366162289202,0.773466963694942,-0.636078220277764,0.77162458338772,-2.810105291551496,3.5354142631742835,0.0,10.0,0.009302325581395349,0.6342182890855457,1.54,2,0.047717578125000014,15.05,0.31141666666666673,1.5050000000000001,167.27767192387105,13.316666666666668,-0.9083333333333332,6,1,2016,97
2017-01-07,0.0,0.0,0,0.0,-9.6,4.6,-3.7875,6.9,3.733333333333333,-2.863067660017741,2.133482700298891,46.833333333333336,138.875,564.0,19.083333333333332,1021.9375,1019.6,-13.883333333333333,-19.0,,,,301.8734642271956,0.9542033520704127,0.0,0.0,0.0,0.0,0.0,0.0,,0.6666666666666666,1,0,0.1400000000000018,6.510000000000002,23.520000000000003,59.01,118.51,5.0,161.28,-4.495833333333394,4.504166666666606,0.13333333333332575,0.0,,,10.095833333333333,9.4,-0.8492163357063787,0.5280450881974297,-0.8492163357063787,0.5280450881974297,-1.3408700207749755,0.9991810646399807,1.0,11.0,0.0,0.2767857142857143,0.0,3,0.0,3.255000000000001,0.3509166666666667,0.0,-0.0,11.2,1.4333333333333331,7,1,2016,98
2017-01-08,5.46,7.800000000000001,9,1.12,-0.7,3.4,0.8875000000000001,9.7,5.4375,-0.12100338786795682,-4.383225412856198,53.416666666666664,78.79166666666667,361.0,85.625,1014.2416666666667,1007.6,-9.75,-21.0,,,,194.3135813421413,0.6653489561351482,-0.011111111111111096,6.633333333333334,9.7,85.88888888888889,-0.3390066158989646,-6.476858313698302,182.24148059455302,0.08333333333333333,1,9,5.460000000000002,5.600000000000001,28.77,64.47,120.53999999999999,5.0,166.74,-7.695833333333326,-9.558333333333394,-5.872023809523853,0.0,,,10.6375,20.3,-0.24722870043436831,-0.9689571557512403,-0.03911123828614523,-0.9992348628023966,-0.06463597635280027,-2.341372908034019,0.0,12.0,0.9749999999999998,0.19464720194647206,52.961999999999996,4,1.2532096597222224,5.600000000000001,0.3061388888888889,36.218,0.0,21.75,4.675,8,1,2016,99
2017-01-09,7.21,10.2,15,0.84,-0.2,3.5,1.4666666666666668,8.0,5.3625,-3.7978114417769393,2.796791468751057,85.375,107.91666666666667,498.0,83.29166666666667,1005.7791666666667,1003.2,-0.7541666666666668,-2.1,,,,304.10252183799673,0.8777883406039285,0.9600000000000001,5.753333333333333,8.0,87.86666666666666,-3.8884674049702563,2.784784109860164,302.40530724980374,0.0,1,9,12.670000000000002,12.670000000000002,34.86,70.84,122.71000000000001,5.0,173.95,-8.462499999999977,-20.654166666666697,-12.495238095237937,0.0,,,2.2208333333333337,1.9000000000000001,-0.8280356576447717,0.5606754405792984,-0.8442782887886209,0.535905001917465,-3.242381518417062,2.387760716446215,0.0,13.0,0.5690607734806629,0.36345381526104426,57.68,5,1.5122746683333332,12.670000000000002,0.43430555555555556,41.48153333333333,0.0,26.8125,0.5791666666666667,9,1,2016,100
2017-01-10,8.89,12.8,17,1.26,-3.5,1.4,-1.1791666666666667,7.4,4.966666666666667,-2.6410852244156926,2.4628232569526363,83.0,110.83333333333333,547.0,82.41666666666667,1013.1166666666667,1010.3,-3.725,-6.5,,,,309.4975069538414,0.630430913018518,-1.3294117647058825,5.123529411764705,7.4,86.52941176470588,-2.028292807230994,3.4983645560218983,332.25863550938345,0.0,1,10,16.1,21.560000000000002,36.61,61.53,128.1,5.0,182.84,7.337499999999977,-8.820833333333326,-4.417857142857201,0.0,,,2.5458333333333334,3.0,-0.771652259606192,0.6360446448518045,-0.46548113140731384,0.8850578039336001,-2.192100736265025,2.044143303270688,0.0,14.0,0.41233766233766234,0.5889101338432123,65.786,0,2.356701125216263,21.560000000000002,0.38166666666666665,45.54817647058823,52.089094655700805,0.0,-2.6458333333333335,10,1,2016,101
2017-01-11,10.36,14.7,24,1.05,-6.6,-2.6,-4.670833333333333,8.4,5.391666666666667,-2.4855960391450806,4.344851964026405,82.29166666666667,78.70833333333333,358.0,91.625,1014.9541666666668,1012.6,-7.233333333333333,-9.7,,,,333.10395567427764,0.8985389009450347,-4.670833333333333,5.391666666666667,8.4,82.29166666666667,-2.4855960391450806,4.344851964026405,333.10395567427764,0.0,0,24,19.25,26.46,38.43,66.92,138.46,4.0,193.2,1.837500000000091,0.712500000000091,-2.2261904761904816,0.0,,,2.5625,3.0999999999999996,-0.45237313894210857,0.8918287633641695,-0.45237313894210857,0.8918287633641695,-2.045438407213139,3.5754510953967293,0.0,0.0,0.3915343915343915,0.6885245901639344,87.024,0,3.5436587964409725,26.46,0.3267777777777778,55.85766666666666,30.144065964733457,0.0,-3.4916666666666667,11,1,2016,102
2017-01-12,19.32,27.6,24,1.19,-6.4,-2.3,-3.704166666666667,6.0,3.141666666666667,1.0732055690574642,1.412592409029969,86.625,73.75,330.0,94.54166666666667,1008.6083333333332,1005.0,-5.629166666666666,-8.1,,,,53.41931729034446,0.46157059498122405,-3.704166666666667,3.141666666666667,6.0,86.625,1.0732055690574642,1.412592409029969,53.41931729034446,0.0,0,24,29.68,38.57,51.38,79.66,153.51,4.0,212.52,-6.34583333333353,2.829166666666538,-6.401785714285779,0.0,,,1.9249999999999994,1.6999999999999993,0.8030184469658748,0.5959541709162833,0.8030184469658748,0.5959541709162833,0.9296643241960284,1.2236581743222106,0.0,0.0,0.5009074410163339,0.7506811989100817,100.0,0,6.3591744361979154,38.57,0.33791666666666664,60.69700000000001,0.0,0.0,0.9666666666666663,12,1,2016,103
2017-01-13,26.95,38.6,24,1.61,-7.7,-2.3,-4.4750000000000005,7.4,3.891666666666667,-2.52099356668934,1.7172944952590792,83.125,54.208333333333336,265.0,97.125,1005.0583333333334,1003.2,-6.916666666666667,-11.8,,,,294.82247931249447,0.7751991795682313,-4.4750000000000005,3.891666666666667,7.4,83.125,-2.52099356668934,1.7172944952590792,294.82247931249447,0.0,0,24,46.269999999999996,56.629999999999995,78.19,101.92,164.14999999999998,4.0,239.47,-3.549999999999841,-8.05833333333328,-6.898214285714175,0.0,,,2.4416666666666664,4.1000000000000005,-0.9076128416723465,0.4198082057695492,-0.9076128416723465,0.4198082057695492,-2.095575902310514,1.4275010491841096,0.0,0.0,0.4758961681087763,0.7242614145031333,100.0,0,9.278111240234376,56.629999999999995,0.31322222222222224,104.88041666666668,0.0,0.0,-0.7708333333333335,13,1,2016,104
2017-01-14,21.35,30.5,24,1.54,-11.7,-6.3,-8.933333333333334,9.3,6.05,-3.764500099310372,4.409500686587927,76.0,47.791666666666664,208.0,98.83333333333333,1006.1999999999999,1004.1,-12.395833333333334,-15.1,,,,317.63657335931555,0.9543442625248771,-8.933333333333334,6.05,9.3,76.0,-3.764500099310372,4.409500686587927,317.63657335931555,0.0,0,24,48.3,67.62,99.54,123.06,184.73000000000002,3.0,260.82,1.1416666666665378,-8.754166666666833,-3.5083333333333258,0.0,,,3.4625000000000004,3.4000000000000004,-0.6738308753372688,0.7388856145860536,-0.6738308753372688,0.7388856145860536,-2.8610200754758823,3.351220521806825,0.0,0.0,0.31573498964803315,0.679324894514768,100.0,1,9.341425625000001,67.62,0.2851944444444445,129.16750000000002,50.28431007653261,6.05,-4.458333333333333,14,1,2016,105
2017-01-15,10.92,15.6,24,0.91,-12.1,-7.3,-9.012500000000001,11.2,7.270833333333333,-4.720120428564979,5.4709518269221595,74.375,78.375,330.0,93.58333333333333,1011.6958333333333,1009.2,-12.725,-15.5,,,,318.219548438341,0.9929143344668427,-9.012500000000001,7.270833333333333,11.2,74.375,-4.720120428564979,5.4709518269221595,318.219548438341,0.0,0,24,32.27,59.22,105.0,133.77,190.32999999999998,2.0,271.74,5.495833333333394,3.087500000000091,2.351190476190368,0.0,,,3.7124999999999986,3.4000000000000004,-0.6662780865196759,0.7457033669118568,-0.6662780865196759,0.7457033669118568,-3.510589568745203,4.069020421273356,0.0,0.0,0.18439716312056736,0.564,100.0,2,4.7186796972656255,59.22,0.3001666666666667,79.3975,313.88604178272925,14.541666666666666,-0.0791666666666675,15,1,2016,106
2017-01-16,12.11,17.3,24,1.4,-7.8,-3.6,-5.566666666666666,10.7,5.816666666666666,-4.379248430153285,3.4269073844587896,71.5,85.91666666666667,415.0,94.66666666666667,1014.0208333333334,1011.7,-9.916666666666666,-11.5,,,,310.47200603145177,0.9519316456505296,-5.566666666666666,5.816666666666666,10.7,71.5,-4.379248430153285,3.4269073844587896,310.47200603145177,0.0,0,24,23.03,44.379999999999995,109.9,144.76,196.35000000000002,1.0,283.85,2.3250000000000455,8.962499999999977,3.498809523809541,0.0,,,4.35,3.7,-0.7607231866492699,0.6490764464176622,-0.7607231866492699,0.6490764464176622,-3.1311626275595987,2.4502387798880347,0.0,0.0,0.27287066246056785,0.4038216560509553,100.0,3,4.370147894097222,44.379999999999995,0.2956111111111111,70.43983333333333,79.41767028083137,17.45,3.4458333333333346,16,1,2016,107
2017-01-17,8.75,12.6,22,1.33,-5.2,-0.3,-2.783333333333333,8.9,5.945833333333333,-3.803978646258423,4.350399085031045,78.75,94.29166666666667,438.0,87.66666666666667,1025.0625,1018.7,-5.958333333333333,-9.6,,,,317.73003492143073,0.9663637873637123,-2.709090909090909,6.045454545454546,8.9,78.45454545454545,-3.7583897554886416,4.548000339790767,319.5339450504674,0.0,0,22,20.86,31.78,109.76,146.37,205.10000000000002,0.0,292.6,11.041666666666629,18.862500000000068,12.833928571428487,0.0,,,3.175,4.3999999999999995,-0.6726247003211286,0.7399837920643343,-0.6489974296622599,0.7607905995027673,-2.995633183928508,3.4259392794619474,0.0,1.0,0.2753303964757709,0.2895408163265306,77.875,4,2.5700255036157027,31.78,0.3253611111111111,52.89772727272727,215.79421179430545,23.78333333333333,2.783333333333333,17,1,2016,108
2017-01-18,1.6800000000000002,2.4,4,0.84,-9.5,3.6,-3.0833333333333335,7.6,4.654166666666667,-3.2939828382411895,-1.6409539291451507,68.20833333333333,142.0,576.0,49.791666666666664,1026.9791666666667,1022.6,-8.333333333333334,-12.1,,,,248.91027454371803,0.7919901884886655,-1.55,3.875,4.3,75.75,-3.401267798950729,-1.6119965216549095,245.2721457932205,0.3333333333333333,1,4,10.43,22.54,101.08,139.51,206.78,1.0,294.28,1.9166666666667425,15.283333333333417,13.032738095238187,0.0,,,5.25,2.5999999999999996,-0.9330180761142455,-0.35982950079735254,-0.9083049250936207,-0.41830869349162714,-2.2467707942503448,-1.1192673258377548,0.0,2.0,0.07453416149068325,0.22299168975069253,12.768,5,0.4616029687500001,22.54,0.4020277777777778,6.510000000000001,61.931417839230306,23.270833333333336,-0.30000000000000027,18,1,2016,109
2017-01-19,3.29,4.7,10,0.84,-7.1,-0.4,-2.4291666666666667,8.4,5.516666666666667,-3.792306362901843,3.5839772871534854,69.83333333333333,115.45833333333333,508.0,57.791666666666664,1021.7208333333333,1018.7,-7.2625,-12.2,,,,310.76678839175906,0.9294674379774259,-1.06,4.88,7.4,76.9,-3.3825890166203982,2.623306451252195,304.5649160121282,0.2916666666666667,0,10,4.970000000000001,13.72,85.05,136.43,210.07,1.0,297.57,-5.258333333333439,7.699999999999932,5.901190476190436,0.0,,,4.833333333333334,5.1,-0.7573736849603107,0.6529817006085546,-0.8234839225822749,0.5673396066277322,-2.6482939434264536,2.5028108055288505,0.0,3.0,0.23979591836734693,0.16131687242798357,27.636000000000003,6,0.8541942149999999,13.72,0.30974999999999997,16.0552,0.0,33.1,0.6541666666666668,19,1,2016,110
2017-01-20,1.4,2.0,8,0.49,-9.1,2.2,-3.2541666666666664,8.4,4.808333333333334,-1.299912188476152,-3.8858114114684774,64.45833333333333,108.54166666666667,445.0,48.708333333333336,1009.5333333333333,1003.9,-9.058333333333334,-15.6,,,,202.5794519562286,0.8248514944023525,-0.2875,3.8000000000000003,5.4,69.75,-0.2148742799977826,-3.1910451258617556,190.38581465931517,0.375,1,5,4.6899999999999995,6.37,59.50000000000001,137.69,211.47,2.0,298.97,-12.1875,-15.529166666666697,-6.925595238095298,0.0,,,5.804166666666667,6.5,-0.3839642061330021,-0.9233479779631585,-0.1802756262100516,-0.9836161337608151,-0.8379017314885863,-2.504729272309056,0.0,4.0,0.21978021978021975,0.10705882352941175,11.76,6,0.34295953125,6.37,0.3361111111111111,5.32,0.0,28.85,-0.8249999999999997,20,1,2016,111
2017-01-21,17.43,24.9,14,3.08,-6.9,-2.0,-4.108333333333333,18.2,8.479166666666666,-5.43707541899542,5.783287382814667,80.08333333333333,85.04166666666667,352.0,79.625,1018.2125,1005.0,-7.0625,-11.9,,,,308.0006571098995,0.9015829461743875,-3.2357142857142853,10.950000000000001,18.2,83.07142857142857,-6.212689959780761,8.913818343925767,324.2398425105488,0.0,0,14,18.83,22.119999999999997,55.58,155.12,228.9,2.0,316.4,8.679166666666674,-8.766666666666765,0.03749999999990905,0.0,,,2.9541666666666666,5.0,-0.7880036926988694,0.6156705127687583,-0.5843935336177253,0.8114703924763914,-4.354191231378832,4.6314493124040785,0.0,0.0,0.7879746835443039,0.397984886649874,100.0,0,4.978041070312498,22.119999999999997,0.32363888888888886,190.85850000000002,372.0547041039209,0.0,-0.854166666666667,21,1,2016,112
2017-01-22,8.54,12.2,17,1.19,-9.7,0.8,-3.725,9.8,4.825,-3.2464635857759956,-1.3399005300457176,70.20833333333333,79.45833333333333,340.0,78.75,1014.125,1009.7,-8.370833333333334,-14.3,,,,242.21960972002552,0.78227901653269,-1.7588235294117647,5.2823529411764705,9.8,71.88235294117646,-3.549277030861911,-0.9789320443395063,245.82603638378305,0.125,1,17,25.97,27.369999999999997,53.2,158.2,227.64,3.0,324.94,-4.087499999999977,-7.595833333333303,-4.39702380952383,0.0,,,4.645833333333334,4.600000000000001,-0.8847405461800564,-0.4660838614938469,-0.9123062994704717,-0.4095085053408463,-2.2792879758468967,-0.9407218304695975,0.0,1.0,0.31202046035805625,0.5144736842105262,83.692,1,2.3447414026816604,27.369999999999997,0.30477777777777776,45.111294117647056,0.0,4.825,0.3833333333333333,22,1,2016,113
2017-01-23,11.27,16.1,24,0.98,-7.5,-4.1,-6.008333333333333,11.0,7.0874999999999995,-4.303451831355006,5.472468921588806,72.25,96.04166666666667,451.0,97.08333333333333,1016.2624999999999,1013.5,-10.233333333333333,-11.8,,,,323.1920234424173,0.9837400184163748,-6.008333333333333,7.0874999999999995,11.0,72.25,-4.303451831355006,5.472468921588806,323.1920234424173,0.0,0,24,19.81,37.239999999999995,52.36,162.26000000000002,233.94,3.0,336.21,2.137499999999932,6.729166666666629,-2.579761904761881,0.0,,,4.225,4.300000000000001,-0.5991350682839051,0.8006479688055421,-0.5991350682839051,0.8006479688055421,-3.109243948153992,3.9538587958479128,0.0,0.0,0.3026315789473685,0.7112299465240641,100.0,2,4.110759280924478,37.239999999999995,0.30486111111111114,79.87612499999999,68.98971217140775,14.174999999999999,-2.2833333333333328,23,1,2016,114
2017-01-24,3.64,5.1000000000000005,22,0.28,-7.8,-5.6,-6.883333333333333,12.3,6.683333333333334,-4.224551469680356,5.03620399206315,73.29166666666667,94.16666666666667,444.0,94.125,1022.65,1019.7,-10.9,-12.0,,,,321.16452142481313,0.9832669821694515,-6.8136363636363635,6.9,12.3,72.68181818181819,-4.2826850643382315,5.282531896867351,322.66914432334784,0.0,0,22,14.91,23.45,47.25,157.01,237.58,3.0,339.85,6.3875000000000455,4.4375,4.152380952380895,0.0,,,4.0166666666666675,4.2,-0.6270862712617276,0.7789498112170405,-0.6064167012110409,0.7951470206775092,-3.0962441813198947,3.691117842516284,0.0,1.0,0.15522388059701495,0.4962962962962963,44.772000000000006,3,1.3980748806818182,23.45,0.3070833333333333,25.116000000000003,213.37407661799304,20.05,-0.875,24,1,2016,115
2017-01-25,1.2600000000000002,1.8,18,0.07,-9.7,-2.9,-5.933333333333334,8.9,5.104166666666667,-4.215449519185934,2.405640277216449,78.04166666666667,120.33333333333333,523.0,76.5,1028.7375,1027.1,-9.1875,-12.4,,,,297.7369920570525,0.9538687836274995,-5.366666666666666,5.238888888888889,8.9,76.38888888888889,-4.19886555346068,2.584317099914687,299.05303993315295,0.08333333333333333,0,18,4.9,16.17,46.83,147.91,238.0,2.0,341.11,6.087499999999977,14.612499999999955,9.988690476190413,0.0,,,3.2541666666666664,2.700000000000001,-0.8850933237864906,0.4654135883153632,-0.8741705337727421,0.48561906663914983,-3.2898070622646896,1.8774017663443372,0.0,2.0,0.07792207792207793,0.34529147982062786,11.214000000000002,4,0.45235144791666676,16.17,0.3403611111111111,6.601000000000001,247.93776234991037,20.416666666666668,0.9499999999999993,25,1,2016,116
2017-01-26,0.0,0.0,0,0.0,-10.9,1.4,-4.641666666666667,6.2,3.1833333333333336,-1.9936958339986361,-1.8682031194511224,58.083333333333336,162.875,600.0,4.708333333333333,1028.4166666666667,1026.2,-12.012500000000001,-15.5,,,,234.27336094439727,0.8530483936433695,0.0,0.0,0.0,0.0,0.0,0.0,,0.9583333333333334,1,0,1.2600000000000002,4.9,43.54,128.58999999999997,219.8,3.0,341.11,-0.32083333333321207,12.15416666666681,8.711309523809632,0.0,,,7.3708333333333345,4.6,-0.8118121279267319,-0.5839187177605044,-0.8118121279267319,-0.5839187177605044,-1.1580049969142079,-1.085114645214527,1.0,3.0,0.0,0.11254019292604503,0.0,5,0.0,2.45,0.3333055555555555,0.0,-0.0,15.916666666666668,1.291666666666667,26,1,2016,117
2017-01-27,8.540000000000001,12.2,11,2.45,-6.1,3.8,-0.35833333333333334,7.6,5.179166666666666,-1.2942503395013534,-2.5682963020090717,58.125,106.33333333333333,560.0,84.625,1020.7583333333333,1015.9,-8.320833333333333,-15.8,,,,210.82541673991946,0.5372590199304796,0.3909090909090909,4.954545454545454,7.5,77.36363636363636,-3.5846654527035584,0.5271439825057697,280.39055985536066,0.041666666666666664,1,11,8.540000000000001,9.8,50.67999999999999,110.18,223.37,3.0,349.65,-7.658333333333417,-1.8916666666666515,-0.550595238095184,0.0,,,7.9624999999999995,9.700000000000001,-0.5124238540660416,-0.8587326672394059,-0.9836012000872985,0.18035708798610114,-0.7522830098351616,-1.492822225542773,0.0,4.0,0.8714285714285714,0.1933701657458564,64.90400000000001,6,1.9244852505165293,9.8,0.34908333333333336,42.31181818181818,0.0,31.074999999999996,4.283333333333333,27,1,2016,118
2017-01-28,0.07,0.1,1,0.07,-4.6,1.1,-1.2666666666666666,6.2,4.258333333333334,-3.664513911065845,1.9256932026864373,59.916666666666664,153.45833333333334,600.0,41.416666666666664,1025.8416666666667,1023.4,-8.266666666666667,-12.8,,,,296.0534832550472,0.9683701963843216,-1.8,5.9,5.9,81.0,-4.023790324368741,4.314986839553107,317.0,0.3333333333333333,1,1,8.610000000000001,8.610000000000001,33.32,88.9,216.85999999999999,4.0,349.71999999999997,5.083333333333371,-2.8958333333332575,3.4428571428571786,0.0,,,7.000000000000001,8.200000000000001,-0.8983844533321493,0.4392099429784067,-0.6819983600624984,0.7313537016191707,-2.195654585046952,1.1538111772762902,0.0,5.0,0.008130081300813007,0.25840336134453784,0.43400000000000005,5,0.019127062500000003,8.610000000000001,0.3264722222222222,0.4130000000000001,94.08963041815642,21.291666666666668,-0.9083333333333332,28,1,2016,119
2017-01-29,7.699999999999999,11.0,8,2.17,-4.1,7.8,1.2583333333333333,5.4,3.4333333333333336,-2.723013925892188,-1.5199835591924422,52.541666666666664,136.0,599.0,79.625,1019.9083333333333,1014.4,-8.325000000000001,-15.1,,,,239.39228637686853,0.8830295418432369,1.1875,3.6875,5.4,78.125,-3.2258676547811937,-1.1408998346316293,253.5647045671664,0.125,1,8,7.77,16.310000000000002,32.480000000000004,85.68,219.87,4.0,357.42,-5.933333333333394,-8.50833333333344,-3.3166666666668334,0.0,,,9.583333333333334,11.0,-0.8606734879145281,-0.5091572912185787,-0.9591398641179578,-0.28293236128054594,-1.430716900229187,-0.7986246950590289,0.0,6.0,0.4721030042918454,0.5021551724137931,41.58,6,1.6182125244140626,16.310000000000002,0.4391388888888889,28.393749999999997,0.0,20.6,2.525,29,1,2016,120
2017-01-30,30.240000000000002,49.9,24,2.24,-3.9,5.1,1.7416666666666665,13.1,5.75,-2.4453182393749793,4.845818215169805,92.33333333333333,31.541666666666668,185.0,99.41666666666667,1008.0749999999999,1002.5,0.6291666666666667,-5.1,,,,327.58910287288523,0.8938689353288534,1.7416666666666665,5.75,13.1,92.33333333333333,-2.4453182393749793,4.845818215169805,327.58910287288523,0.0,0,24,37.94,38.010000000000005,51.45,103.81,249.9,4.0,387.66,-11.833333333333371,-12.683333333333394,-13.980357142857315,0.0,,,1.1124999999999998,1.1999999999999997,-0.5359873686459257,0.8442260009334092,-0.5359873686459257,0.8442260009334092,-2.2578438410228974,4.474305485340119,0.0,0.0,0.7955801104972375,0.7387755102040817,100.0,0,5.7945628125,38.010000000000005,0.44213888888888886,173.88000000000002,0.0,0.0,0.48333333333333317,30,1,2016,121
2017-01-31,4.55,6.5,13,1.33,-9.0,-4.7,-6.895833333333333,13.4,11.054166666666667,-7.61595502356247,7.206725505270004,79.79166666666667,104.45833333333333,435.0,94.0,1024.2749999999999,1018.1,-9.8375,-12.5,,,,311.2141851580293,0.9474271358916309,-6.623076923076923,12.223076923076924,13.4,82.6923076923077,-6.616724063211034,10.044827371878293,326.3250491630177,0.0,0,13,34.79,42.49,52.36,99.61,254.23999999999998,4.0,392.21,16.199999999999932,-1.5666666666668334,1.9874999999998408,0.0,,,2.9416666666666673,3.5,-0.7522518090080567,0.6588757210916989,-0.5544806521042912,0.8321966152550729,-6.076897445884221,5.750366392746692,0.0,1.0,0.10708401976935748,0.8114973262032086,60.97,1,1.6019711177884612,42.49,0.33561111111111114,55.615,964.7183684161647,11.054166666666667,-8.6375,31,1,2016,122
2017-02-01,14.49,20.7,10,2.17,-9.2,0.8,-4.916666666666667,9.5,5.420833333333333,-3.435575921885661,2.2137777160556493,73.125,130.875,600.0,58.666666666666664,1016.5583333333334,1011.7,-9.204166666666667,-15.8,,,,290.5411669675253,0.7725782645542831,-3.78,7.029999999999999,9.5,86.0,-2.5120071591242623,5.865017510077169,333.60054367507024,0.20833333333333334,1,10,19.04,49.28000000000001,65.59,112.42,267.61,5.0,406.7,-7.71666666666647,-3.349999999999909,-3.989285714285643,0.0,,,4.2875000000000005,6.600000000000001,-0.9364203237982803,0.3508802889555408,-0.44462667982764165,0.8957159793067487,-2.5122648928788895,1.6188249548656934,0.0,0.0,0.2940340909090909,0.7513340448239062,100.0,2,4.553150135625,49.28000000000001,0.3487777777777778,101.8647,0.0,10.841666666666667,1.979166666666666,32,2,2016,123
2017-02-02,13.02,18.6,24,1.4,-9.2,-4.0,-6.654166666666666,12.0,8.725,-5.17793419560097,6.864342218436048,79.33333333333333,92.04166666666667,420.0,97.125,1018.2291666666666,1015.5,-9.633333333333333,-12.3,,,,321.3759319301418,0.9828116307487567,-6.654166666666666,8.725,12.0,79.33333333333333,-5.17793419560097,6.864342218436048,321.3759319301418,0.0,0,24,27.509999999999998,32.06,78.61,122.15,273.49,4.0,419.72,1.6708333333332348,10.154166666666697,-0.8630952380954113,0.0,,,2.979166666666667,3.1000000000000014,-0.6242078326659902,0.781258332204161,-0.6242078326659902,0.781258332204161,-4.107827795176769,5.445711493292597,0.0,0.0,0.4061135371179039,0.40783615316117544,100.0,3,4.829710935546874,32.06,0.32580555555555557,113.59949999999999,79.5934784767082,26.174999999999997,-1.737499999999999,33,2,2016,124
2017-02-03,3.22,4.6,14,0.7,-5.3,-0.9,-3.6,12.5,9.179166666666667,-6.196862732241173,6.359325603026581,81.54166666666667,130.58333333333334,512.0,83.375,1020.7125,1016.0,-6.3500000000000005,-7.9,,,,316.3044105610125,0.964678310058388,-3.4857142857142853,9.299999999999999,12.5,80.07142857142857,-5.191412482299215,7.5575332598720495,327.01485356406346,0.0,0,13,16.24,30.73,73.28999999999999,123.97,268.17,3.0,422.94,2.4833333333333485,-3.5624999999998863,1.6267857142856883,0.0,,,2.7500000000000004,2.6000000000000005,-0.6908267558782536,0.7230203270743693,-0.5444215967395751,0.8388117339448296,-5.05302515291499,5.1855000854679245,0.0,1.0,0.10478359908883828,0.41929321872015285,40.25,4,0.959399,30.73,0.3588611111111111,29.945999999999998,68.32764062119526,36.71666666666667,3.054166666666666,34,2,2016,125
2017-02-04,0.0,0.0,0,0.0,-7.6,1.5,-3.8333333333333335,9.7,6.175,-5.689311260149697,2.228318103844842,66.91666666666667,177.29166666666666,600.0,29.083333333333332,1021.5541666666667,1018.9,-9.441666666666666,-13.3,,,,290.215715178587,0.9854320233740443,0.0,0.0,0.0,0.0,0.0,0.0,,0.625,1,0,3.22,16.240000000000002,73.22,106.53999999999999,261.8,3.0,422.94,0.841666666666697,4.99583333333328,3.08095238095234,0.0,,,5.6083333333333325,5.700000000000001,-0.938398278513575,0.3455555973830534,-0.938398278513575,0.3455555973830534,-3.807097451583506,1.49111619782284,1.0,2.0,0.0,0.2217973231357553,0.0,5,0.0,8.120000000000001,0.3745833333333333,0.0,-0.0,30.875,-0.2333333333333334,35,2,2016,126
2017-02-05,8.96,14.799999999999999,15,1.19,-6.1,4.9,0.05833333333333335,6.3,3.658333333333333,-1.7627727876877068,-2.0708204428239028,71.70833333333333,62.208333333333336,262.0,78.20833333333333,1010.7541666666666,1000.4,-4.595833333333333,-13.5,,,,223.0433985107299,0.7318724281205509,2.7199999999999998,3.54,6.3,81.8,-0.5800651673982951,-2.78636297333187,196.83143003000865,0.125,1,15,8.96,12.180000000000005,74.48,106.96000000000001,270.62,3.0,431.9,-10.800000000000068,-7.475000000000023,-6.411309523809678,0.0,,,4.654166666666667,7.4,-0.6825521259655754,-0.7308369143248536,-0.28955689822867725,-0.957160802941798,-1.264054986504393,-1.4849508258749737,0.0,3.0,0.7356321839080457,0.16353383458646623,56.448,6,1.5585606400000005,12.180000000000005,0.38938888888888884,31.718400000000003,0.0,21.95,3.8916666666666666,36,2,2016,127
2017-02-06,32.27,46.8,24,2.31,-3.3,3.1,-0.36250000000000004,14.3,8.5625,-4.6188468149002615,7.007170863271541,82.04166666666667,88.20833333333333,367.0,92.0,1004.6208333333334,999.4,-3.0666666666666664,-6.4,,,,324.92226519854074,0.9660121341415041,-0.36250000000000004,8.5625,14.3,82.04166666666667,-4.6188468149002615,7.007170863271541,324.92226519854074,0.0,0,24,41.230000000000004,41.230000000000004,76.51,127.96000000000001,302.89,3.0,464.17,-6.133333333333212,-16.091666666666583,-12.051190476190413,0.0,,,2.7041666666666666,3.1000000000000005,-0.5746872748180146,0.8183731032739552,-0.5746872748180146,0.8183731032739552,-3.789378907724423,5.748799762409027,0.0,0.0,0.7826825127334465,0.5388838060384263,100.0,0,7.4651713110351565,41.230000000000004,0.40116666666666667,276.31187500000004,0.0,0.0,-0.4208333333333334,37,2,2016,128
2017-02-07,11.62,16.7,24,0.77,-8.0,-3.7,-6.445833333333333,13.9,10.579166666666667,-5.895310535915029,8.718505739209766,80.58333333333333,88.58333333333333,387.0,94.91666666666667,1017.0583333333334,1011.7,-9.254166666666666,-10.6,,,,326.04897528398516,0.9943965906556363,-6.445833333333333,10.579166666666667,13.9,80.58333333333333,-5.895310535915029,8.718505739209766,326.04897528398516,0.0,0,24,43.89,52.85000000000001,83.58000000000001,135.94,309.04999999999995,3.0,475.79,12.4375,-4.49583333333328,1.417261904761972,0.0,,,2.8083333333333336,2.5999999999999996,-0.5584840545690982,0.8295152565155511,-0.5584840545690982,0.8295152565155511,-4.750637740191527,7.025662541513202,0.0,0.0,0.21986754966887412,0.6323283082077052,100.0,1,4.145738045464409,52.85000000000001,0.32766666666666666,122.92991666666667,586.5833983235453,10.579166666666667,-6.083333333333333,38,2,2016,129
2017-02-08,0.77,1.0,11,0.07,-6.7,-2.5,-5.254166666666666,8.4,6.333333333333333,-5.491114712387426,2.8580741661442164,72.875,149.16666666666666,588.0,84.25,1016.9375,1013.5,-9.362499999999999,-10.4,,,,297.2100600342078,0.9744861760939233,-5.572727272727272,6.372727272727272,8.4,72.18181818181819,-5.049642836115131,3.7284354359901544,307.31223494463313,0.0,0,10,12.389999999999999,44.66000000000001,69.86,135.45000000000002,302.61,2.0,476.56,-0.12083333333339397,6.183333333333394,1.2422619047619037,0.0,,,4.1083333333333325,3.7,-0.8893361019989366,0.4572540843790649,-0.7953440599153522,0.6061582519089916,-4.001649846652336,2.0828215485775976,0.0,1.0,0.017241379310344824,0.6392785571142287,6.468000000000001,2,0.2758951960227273,44.66000000000001,0.3423611111111111,4.907,0.0,12.666666666666666,1.1916666666666664,39,2,2016,130
2017-02-09,4.48,6.5,20,0.56,-5.8,2.4,-1.4708333333333332,6.5,3.6374999999999997,-0.12066760002750175,-2.4220716907482593,81.0,74.875,356.0,94.41666666666667,1003.5749999999999,996.6,-4.383333333333334,-9.9,,,,182.44943754423917,0.5852177002750285,-1.0550000000000002,3.725,6.5,82.25,0.21864361167249302,-2.4567195250136593,171.467853061857,0.0,1,17,5.25,16.870000000000005,61.32,139.93,298.2,3.0,481.04,-13.362500000000068,-1.0458333333334622,-10.02678571428578,0.0,,,2.9125000000000005,4.1000000000000005,-0.04273772909072785,-0.999086325855863,0.14836429488175656,-0.9889327762817042,-0.09774075602227641,-1.96187806950609,0.0,2.0,0.2655601659751037,0.27511415525114163,29.120000000000005,3,1.1805081750000004,16.870000000000005,0.37325,16.688000000000002,0.0,10.9125,3.783333333333333,40,2,2016,131
2017-02-10,13.93,20.0,22,2.52,-7.3,-0.5,-4.245833333333333,14.3,9.208333333333334,-6.130808624063495,6.385601984119106,74.66666666666667,162.58333333333334,600.0,84.08333333333333,1002.6541666666667,995.6,-8.125,-12.6,,,,313.02360833124925,0.9381289753997828,-4.3136363636363635,9.172727272727274,14.3,75.72727272727273,-6.12677586772547,6.298073135055759,312.34579907406226,0.0,0,12,18.41,19.180000000000007,72.03,145.32,301.77,3.0,494.97,-0.9208333333332348,-14.404166666666697,-8.367857142857133,0.0,,,3.8791666666666673,5.3,-0.7310726268165668,0.6822996514138966,-0.7390928897984437,0.6736035185844753,-4.577670439300744,4.767916148142266,0.0,0.0,0.7262773722627734,0.2662779397473276,100.0,4,4.413179956998967,19.180000000000007,0.3572777777777778,127.77609090909093,0.0,36.833333333333336,-2.7749999999999995,41,2,2016,132
2017-02-11,12.18,17.4,24,1.82,-7.5,-3.9,-5.45,10.0,5.2250000000000005,-4.592160459454737,0.3316491834506719,71.0,105.70833333333333,433.0,89.91666666666667,1010.1583333333333,1008.1,-9.9,-12.4,,,,259.773781779931,0.7855636243459891,-5.45,5.2250000000000005,10.0,71.0,-4.592160459454737,0.3316491834506719,259.773781779931,0.0,0,24,26.11,30.590000000000007,84.21000000000001,157.43,294.63,2.0,507.15,7.504166666666606,-6.779166666666697,0.7642857142857338,0.0,,,4.45,4.9,-0.9841144719690266,-0.17753508402883084,-0.9841144719690266,-0.17753508402883084,-3.260433926212863,0.23547092024997707,0.0,0.0,0.39816933638443924,0.36325852036575235,100.0,5,4.397260710937499,30.590000000000007,0.3071388888888889,63.6405,258.45253085868484,26.125000000000004,-1.2041666666666675,42,2,2016,133
2017-02-12,3.99,5.6000000000000005,19,1.12,-7.5,-2.3,-4.6875,13.1,7.5625,-6.083560075271333,4.142323461500285,74.04166666666667,147.33333333333334,600.0,81.625,1019.225,1014.9,-8.65,-10.8,,,,301.53977169510506,0.9742596946766588,-4.257894736842106,8.121052631578948,13.1,71.6842105263158,-6.448930124476854,4.5475679989329025,302.2230879802526,0.0,0,19,16.17,30.10000000000001,79.24000000000001,153.72000000000003,271.67,1.0,511.14,9.06666666666672,15.650000000000091,8.62083333333328,0.0,,,3.9625000000000004,3.3000000000000007,-0.8522772681389288,0.5230902964246655,-0.8459783689293091,0.5332172158733304,-4.504369272398816,3.06704532961917,0.0,1.0,0.13255813953488368,0.37985865724381634,52.269,6,1.277850449013158,30.10000000000001,0.34502777777777777,32.403000000000006,438.5272484644287,45.375,0.7625000000000002,43,2,2016,134
2017-02-13,1.05,1.5,14,0.14,-8.2,-1.4,-4.591666666666667,8.4,5.245833333333334,-4.332055316169529,2.460893373771968,75.83333333333333,141.79166666666666,600.0,86.83333333333333,1025.1625000000001,1023.8,-8.275,-11.1,,,,297.87047119652664,0.9432205250306525,-3.2857142857142856,5.3500000000000005,8.4,75.42857142857143,-4.036253593469893,2.9583931829900996,304.4527728506033,0.0,0,10,5.04,17.220000000000006,48.019999999999996,124.53,251.37,1.0,512.19,5.937500000000114,22.50833333333344,11.623809523809541,0.0,,,3.6833333333333336,2.9000000000000004,-0.8840066719643768,0.4674742815625977,-0.824592779851315,0.5657267427098358,-3.285141948095226,1.866177475110409,0.0,2.0,0.060975609756097546,0.3586005830903792,8.82,3,0.32542734374999993,17.220000000000006,0.34730555555555553,5.617500000000001,196.5150968320692,15.7375,0.09583333333333321,44,2,2016,135
2017-02-14,0.8400000000000001,1.2,6,0.42,-9.9,-1.0,-5.341666666666666,7.8,4.4125,-3.5950084963651077,1.642654368571164,74.0,171.66666666666666,600.0,63.666666666666664,1025.8125,1023.4,-9.358333333333333,-12.9,,,,291.0968980755899,0.8777494674518488,-3.65,3.5666666666666664,4.2,72.16666666666667,-2.696053801757305,0.48298979744065523,279.2221774422834,0.16666666666666666,0,2,1.8900000000000001,5.880000000000008,37.24,120.82000000000001,241.29,1.0,513.03,0.6499999999998636,15.654166666666697,11.023214285714289,0.0,,,4.016666666666667,3.0,-0.932973023251305,0.3599462986131678,-0.9870743060134233,0.1602632659348948,-2.6603062873101795,1.2155642327426615,0.0,3.0,0.14285714285714268,0.15789473684210548,6.5520000000000005,4,0.2738701875,5.880000000000008,0.3611111111111111,2.996,17.349106214304616,17.65,-0.7499999999999991,45,2,2016,136
2017-02-15,0.14,0.2,2,0.07,-7.9,-0.6,-4.783333333333333,6.5,4.625,-4.224469486467869,1.7456923900650765,74.54166666666667,176.5,600.0,46.458333333333336,1028.125,1027.3,-8.695833333333333,-11.2,,,,291.2391978005823,0.9888695735722696,-3.4499999999999997,4.0,4.1,73.5,-3.7881564602978255,1.2610618996211949,288.5,0.25,0,2,0.9800000000000001,2.0300000000000074,36.61,106.47,229.32,1.0,513.17,2.3125,8.899999999999977,11.737500000000068,0.0,,,3.9124999999999996,3.299999999999999,-0.9320761845919064,0.36226231672172904,-0.9483236552061993,0.31730465640509226,-3.148989963037924,1.3012682024276758,0.0,4.0,0.06896551724137907,0.055449330783939016,0.9100000000000001,5,0.04472125,2.0300000000000074,0.36613888888888885,0.56,69.2048833340659,23.125,0.5583333333333327,46,2,2016,137
2017-02-16,0.0,0.0,0,0.0,-8.3,9.2,1.0,6.0,2.920833333333333,-2.1043733010723757,-1.2931191218791727,51.208333333333336,202.33333333333334,600.0,15.541666666666666,1023.0208333333334,1020.1,-9.012500000000001,-11.6,,,,245.09190878777045,0.8275981508462703,0.0,0.0,0.0,0.0,0.0,0.0,,0.7916666666666666,0,0,0.14,0.9800000000000072,32.13,93.45,220.57,0.0,513.17,-5.104166666666629,-2.141666666666765,3.8553571428570876,0.0,,,10.012500000000001,3.299999999999999,-0.9069845472880241,-0.4211639003769649,-0.9069845472880241,-0.4211639003769649,-1.0776144945908124,-0.6621847503289596,1.0,5.0,0.0,0.03050108932461896,0.0,6,0.0,0.4900000000000036,0.5100277777777777,0.0,-0.0,17.525,5.783333333333333,47,2,2016,138
2017-02-17,16.59,29.9,15,2.38,-1.1,6.0,2.8874999999999997,10.3,6.366666666666667,-0.28486844680231443,-0.05052348987393962,71.70833333333333,54.416666666666664,277.0,76.75,1015.0958333333333,1009.2,-2.2666666666666666,-8.6,,,,160.9418291171734,0.23689837115538484,2.9,6.78,10.3,86.0,-1.8292421040729019,2.9538658993554745,322.3350454669783,0.16666666666666666,0,15,16.59,16.730000000000008,34.790000000000006,106.82000000000001,235.48000000000002,0.0,529.76,-7.925000000000068,-10.716666666666697,-5.847023809523876,0.0,,,5.154166666666667,7.5,0.32652794638892735,-0.9451875476470423,-0.6110429669956255,0.7915974308227528,-0.20427441539449298,-0.03622955253043753,0.0,0.0,0.9916317991631795,0.4808853118712275,100.0,0,2.69515955625,16.730000000000008,0.40863888888888883,112.4802,0.0,0.0,1.8874999999999997,48,2,2016,139
2017-02-18,2.17,3.0,9,0.56,-5.1,0.5,-1.9749999999999999,13.8,8.220833333333333,-4.9337083621550315,6.061766205128684,69.29166666666667,151.125,600.0,76.91666666666667,1016.2125,1012.4,-7.033333333333334,-9.4,,,,318.56480035699053,0.9510660924737094,-2.566666666666667,9.766666666666667,13.8,79.0,-3.829243282253724,8.625071740149627,335.7474472282239,0.08333333333333333,1,6,18.759999999999998,18.760000000000005,24.78,108.99000000000001,234.35999999999999,1.0,531.93,1.1166666666666742,-11.912500000000023,-5.595238095238187,0.0,,,5.0583333333333345,4.300000000000001,-0.6617725709818049,0.7497046513768819,-0.4107594751003938,0.9117437433924342,-3.418648752609924,4.200298832970417,0.0,1.0,0.11567164179104474,0.7570621468926555,29.946,1,0.5985123715277778,18.760000000000005,0.3428333333333334,21.19366666666667,21.807540492435106,8.220833333333333,-4.8625,49,2,2016,140
2017-02-19,0.98,1.4000000000000001,7,0.35,-8.4,-1.6,-5.2625,11.5,7.4375,-5.881891424484042,3.582679193056146,74.20833333333333,201.08333333333334,600.0,65.08333333333333,1019.2166666666667,1015.2,-9.262500000000001,-10.9,,,,299.6903787466059,0.9244926674729326,-5.771428571428571,8.0,11.5,78.42857142857143,-4.5217284889510525,6.015665254328368,317.47513402642187,0.125,0,5,3.15,19.740000000000006,21.77,101.00999999999999,233.94,1.0,532.91,3.0041666666667197,-3.8041666666666742,-2.589880952380895,0.0,,,4.000000000000001,2.5,-0.8687147008739432,0.49531279862880123,-0.6759101172667182,0.7369840658904989,-4.364853594585866,2.6586465178470813,0.0,2.0,0.049645390070921974,0.906752411575563,11.27,2,0.34776000000000007,19.740000000000006,0.3814166666666667,7.84,114.10581841868184,14.875,-3.2875000000000005,50,2,2016,141
2017-02-20,39.2,57.1,23,3.29,-4.0,4.1,0.045833333333333316,12.7,5.216666666666667,-0.8311389205365795,0.8848653962874359,85.08333333333333,26.5,112.0,97.25,1005.6958333333333,998.2,-2.2083333333333335,-8.1,,,,218.48454259004052,0.3352625054014621,0.1913043478260869,5.2956521739130435,12.7,85.69565217391305,-0.8215946222610038,1.0639287681000862,221.3025552129141,0.0,1,22,40.18,42.35000000000001,59.92,107.94,255.71,2.0,572.11,-13.520833333333371,-9.399999999999977,-13.329761904761881,0.0,,,2.254166666666667,4.1,-0.6223034798462936,-0.7827760720481902,-0.6600351713398315,-0.7512346987422768,-0.7071606982232064,0.75287297467456,0.0,0.0,0.9256198347107437,0.7067757009345795,100.0,0,8.976214593572779,42.35000000000001,0.3923888888888889,207.5895652173913,0.0,0.0,5.308333333333334,51,2,2016,142
2017-02-21,15.82,22.9,21,1.75,-9.3,-3.3,-6.075,15.8,12.045833333333334,-6.98810864837812,9.574461964418417,81.75,103.875,485.0,95.5,1021.9458333333333,1008.1,-8.683333333333334,-11.9,,,,323.4208681670573,0.9832152580921771,-5.7333333333333325,12.185714285714287,15.8,81.9047619047619,-6.596539730098297,10.189590642038535,326.9060553117173,0.0,0,21,55.02,56.00000000000001,74.9,112.14,262.99,2.0,587.9300000000001,16.25,5.7333333333333485,3.4726190476189913,0.0,,,2.6083333333333334,2.5999999999999996,-0.5959324346709861,0.8030345779025402,-0.5460134235560872,0.8377764267968877,-5.712778820049112,7.8271226559120555,0.0,0.0,0.2825,0.7476635514018692,100.0,1,5.274708166666666,56.00000000000001,0.34175,192.77800000000002,996.9020667111051,12.045833333333334,-6.120833333333334,52,2,2016,143
2017-02-22,2.45,3.5,6,0.63,-9.7,8.2,-0.3875,7.6,4.316666666666666,-0.7676033711283328,-2.0139863640229003,55.0,177.20833333333334,600.0,82.125,1021.8916666666668,1015.0,-9.466666666666667,-17.7,,,,211.2839516888647,0.4901110607658691,1.9333333333333333,4.933333333333334,6.9,73.0,0.9003989834720664,-4.735721480515488,168.50277802803868,0.041666666666666664,1,6,18.27,57.47000000000001,77.21000000000001,113.82000000000001,254.17000000000002,3.0,590.38,-0.05416666666656056,2.675000000000068,4.308928571428623,0.0,,,9.079166666666667,8.0,-0.5192797611152511,-0.8546043117701243,0.1993204218123563,-0.9799343699700223,-0.42218185412058307,-1.1076925002125952,0.0,1.0,0.042630937880633366,0.744333635539438,18.62,2,0.46361486111111117,57.47000000000001,0.4836944444444445,12.086666666666668,0.0,8.633333333333333,5.6875,53,2,2016,144
2017-02-23,15.889999999999999,34.1,18,2.1,-1.0,7.5,3.4,11.5,6.508333333333333,-0.5727792045613774,1.5077046560302134,88.54166666666667,68.79166666666667,353.0,99.66666666666667,1005.0833333333334,999.5,1.6416666666666666,-3.9,,,,333.99639325454405,0.1468059832492771,2.238888888888889,7.283333333333333,11.5,89.5,0.08407049837217745,1.710683126196036,49.39821135798535,0.0,0,9,18.34,34.16000000000001,93.10000000000001,125.23,266.42,3.0,606.27,-16.808333333333394,-0.6124999999999545,-9.936904761904657,0.0,,,1.7583333333333333,2.9,-0.43842772463134,0.8987664492372787,0.7592509912956441,0.6507979196467838,-0.5071482540387197,1.3349468308600847,0.0,0.0,0.46516393442622933,0.3669172932330828,100.0,3,2.8024106999421297,34.16000000000001,0.5076666666666667,115.73216666666666,0.0,19.525,3.7875,54,2,2016,145
2017-02-24,4.34,6.3,16,0.77,-7.6,-1.4,-4.233333333333333,12.0,9.125,-6.819798797000413,5.652593086981121,73.41666666666667,173.66666666666666,600.0,82.125,1017.0500000000001,1010.2,-8.304166666666667,-11.7,,,,306.87471017880125,0.9649559269986118,-4.09375,9.65,12.0,75.0625,-6.714548530186825,6.780288835738136,313.94848490084513,0.08333333333333333,0,10,20.23,22.680000000000007,80.85,115.64000000000001,269.5,3.0,610.61,11.966666666666697,-4.8958333333332575,1.7505952380952294,0.0,,,4.070833333333334,4.1,-0.7999496004507471,0.6000671935197675,-0.7199640824630014,0.6940113255294964,-5.006868950131136,4.149945424691974,0.0,1.0,0.19135802469135796,0.2805194805194806,52.08,4,1.344715517578125,22.680000000000007,0.36050000000000004,41.881,610.6658069920593,36.5,-7.633333333333333,55,2,2016,146
2017-02-25,0.8400000000000001,1.2,7,0.21,-8.1,0.4,-3.120833333333333,6.9,4.758333333333334,-4.429966051915872,-0.8817102545589872,71.375,183.58333333333334,600.0,62.333333333333336,1018.5124999999999,1017.7,-7.658333333333334,-12.5,,,,256.30446587768307,0.9462962963106036,-3.1999999999999997,3.5142857142857147,4.9,72.57142857142857,-2.9825828411133917,-1.7456910568675472,240.10140736081794,0.125,1,7,5.18,21.070000000000007,79.52,104.3,270.34000000000003,3.0,611.45,1.4624999999998636,-3.3791666666668334,2.8845238095237846,0.0,,,4.537500000000001,4.4,-0.971567577222696,-0.23676241865976214,-0.8669089930683317,-0.49846644594922457,-3.1618882695549537,-0.6293206941914772,0.0,2.0,0.039867109634551486,0.2649647887323945,5.796000000000001,5,0.265023,21.070000000000007,0.36919444444444444,2.9520000000000004,35.33242198153622,23.791666666666668,1.1125000000000003,56,2,2016,147
2017-02-26,1.9600000000000002,2.8000000000000003,18,0.28,-3.2,2.1,-0.9,9.0,5.895833333333333,-4.412449156972578,2.148633206029158,74.29166666666667,186.79166666666666,600.0,84.33333333333333,1020.775,1018.3,-4.958333333333333,-7.1,,,,287.8285771598789,0.8403058500137173,-1.5277777777777777,5.877777777777777,9.0,77.44444444444444,-3.9392315250710603,2.903093072247454,295.78756438922653,0.041666666666666664,1,10,2.8000000000000003,7.140000000000008,80.5,102.27000000000001,263.76,4.0,613.41,2.2625000000000455,15.691666666666606,4.924404761904611,0.0,,,4.058333333333333,3.8999999999999995,-0.9519768040382213,0.3061701562418748,-0.9004132137773078,0.4350356818184232,-3.2780820195342106,1.5962554193124954,0.0,3.0,0.2745098039215684,0.08869565217391313,17.64,6,0.5233595100308642,7.140000000000008,0.41883333333333334,11.520444444444445,28.52003624151505,35.375,2.220833333333333,57,2,2016,148
2017-02-27,0.0,0.0,0,0.0,-6.5,2.3,-2.3291666666666666,5.7,3.5208333333333335,0.3627574525156773,1.6463114782210886,77.0,217.0,600.0,32.166666666666664,1026.3958333333333,1023.3,-5.925,-8.5,,,,25.805417040840517,0.49706536473358903,0.0,0.0,0.0,0.0,0.0,0.0,,0.375,1,0,1.9600000000000002,2.8000000000000074,41.3,101.22000000000001,263.69,4.0,613.41,5.62083333333328,9.34583333333319,7.588095238095093,0.0,,,3.595833333333333,2.0,0.4353162182438293,0.9002776183677403,0.4353162182438293,0.9002776183677403,0.2793232384370715,1.2676598382302382,1.0,4.0,0.0,0.0677966101694917,0.0,4,0.0,1.4000000000000037,0.4524444444444444,0.0,-0.0,14.083333333333334,-1.4291666666666667,58,2,2016,149
2017-02-28,0.0,0.0,0,0.0,-3.4,4.7,0.25833333333333336,6.7,2.9958333333333336,0.6689359227603142,-1.244221743018745,70.16666666666667,224.91666666666666,600.0,16.958333333333332,1024.3625,1020.9,-4.720833333333333,-6.2,,,,150.5862587396828,0.30262102063320767,0.0,0.0,0.0,0.0,0.0,0.0,,0.6666666666666666,1,0,0.0,1.9600000000000073,25.48,100.38000000000001,255.99,5.0,613.41,-2.033333333333303,5.850000000000023,5.209523809523603,0.0,,,4.979166666666667,2.8000000000000003,0.49111268290895205,-0.8710960525028059,0.49111268290895205,-0.8710960525028059,0.46937003913682046,-0.8730289230181527,2.0,5.0,0.0,0.0769230769230772,0.0,5,0.0,0.6533333333333358,0.4882777777777778,0.0,-0.0,14.979166666666668,2.5875,59,2,2016,150
2017-03-01,0.35000000000000003,0.5,4,0.14,-5.4,7.0,1.0916666666666666,6.6,3.2125,0.25111774715283514,-2.4343209356107782,64.33333333333333,206.45833333333334,600.0,64.95833333333333,1019.8666666666667,1015.4,-5.3,-11.5,,,,197.3438008552382,0.6113483094795888,-0.024999999999999994,5.225,6.6,81.5,2.166787154486064,-4.749862220893899,155.24995714059784,0.3333333333333333,1,4,0.35000000000000003,0.35000000000000714,23.38,100.59,226.1,5.0,613.76,-4.49583333333328,-0.908333333333303,1.0029761904761472,0.0,,,6.391666666666667,6.1,-0.2981046722782551,-0.9545331866236365,0.4186604168626267,-0.9081428606515671,0.1615524173349906,-1.5660798019096007,0.0,6.0,0.9999999999999797,0.014970059880239826,2.31,6,0.081989619140625,0.35000000000000714,0.5076388888888889,1.82875,0.0,19.275,0.8333333333333333,60,3,2016,151
2017-03-02,1.33,1.9,6,0.56,-1.6,4.9,1.9625000000000001,6.5,3.7875,-0.5399990322545328,-0.008148357933309295,82.625,133.375,526.0,56.958333333333336,1008.4958333333334,1004.0,-0.7208333333333333,-3.4,,,,236.1683936862787,0.08171962900973725,4.216666666666667,2.8333333333333335,4.0,80.66666666666667,0.48546598035846894,2.513276739906532,13.404198841623552,0.08333333333333333,1,6,1.6800000000000002,1.6800000000000073,8.82,101.92,222.88000000000002,6.0,615.09,-11.37083333333328,-17.899999999999864,-10.855357142857201,0.0,,,2.6833333333333336,1.7999999999999998,-0.8306774711470347,-0.5567539303217961,0.23181919140094082,0.9727588922740382,-0.44617420040030775,-0.006732580742396804,0.0,7.0,0.7916666666666633,0.1904761904761913,8.645,6,0.18548535590277773,1.6800000000000073,0.4732222222222222,3.7683333333333335,0.0,22.725,0.8708333333333336,61,3,2016,152
2017-03-03,8.120000000000001,11.6,13,1.68,-5.5,0.7,-1.0125,11.2,7.1125,-4.892983567686437,4.869727121766277,79.45833333333333,169.75,600.0,72.625,1014.1916666666666,1006.5,-4.1625000000000005,-8.6,,,,312.87512263902914,0.9648387006997424,0.19230769230769232,7.3076923076923075,11.2,83.61538461538461,-4.28823342666028,5.76140015249886,322.4440484754308,0.08333333333333333,1,13,9.450000000000001,9.800000000000008,12.600000000000001,93.45,216.51,7.0,623.21,5.695833333333212,-10.170833333333348,-4.7511904761905726,0.0,,,3.1500000000000004,3.0999999999999996,-0.7328383931866322,0.6804027406408906,-0.609535878562164,0.7927584832377709,-3.8878831931575144,3.8694040088367876,0.0,8.0,0.828571428571428,0.7777777777777783,90.944,0,1.809094859467456,9.800000000000008,0.39358333333333334,59.338461538461544,134.3378459097693,0.0,-2.975,62,3,2016,153
2017-03-04,0.0,0.0,0,0.0,-6.1,4.3,-1.4583333333333333,6.6,4.129166666666666,-3.162586140079044,1.0301572269243737,70.79166666666667,235.70833333333334,600.0,7.875,1018.4166666666666,1016.6,-6.279166666666666,-10.4,,,,282.18916200189466,0.8264065001094051,0.0,0.0,0.0,0.0,0.0,0.0,,0.875,1,0,8.120000000000001,9.450000000000008,11.760000000000002,91.28,203.49,7.0,623.21,4.225000000000023,-1.4500000000000455,-0.5125000000000455,0.0,,,4.820833333333333,4.300000000000001,-0.9774558507339908,0.21113990590575313,-0.9774558507339908,0.21113990590575313,-2.2388474383309567,0.7292654702268796,1.0,9.0,0.0,0.8035714285714292,0.0,1,0.0,4.725000000000004,0.48866666666666675,0.0,-0.0,4.129166666666666,-0.4458333333333333,63,3,2016,154
2017-03-05,0.0,0.0,0,0.0,-4.8,8.4,1.4541666666666666,4.8,2.8499999999999996,-2.336318505060666,0.23043441343696244,60.5,217.625,600.0,49.625,1015.2125,1011.7,-5.9624999999999995,-8.5,,,,277.9908531649845,0.8253850962423563,0.0,0.0,0.0,0.0,0.0,0.0,,0.4583333333333333,1,0,0.0,8.120000000000008,9.8,90.30000000000001,200.26999999999998,7.0,623.21,-3.2041666666666515,6.716666666666583,-2.9220238095238074,0.0,,,7.416666666666666,3.7,-0.9902902740487078,0.1390150104288565,-0.9902902740487078,0.1390150104288565,-1.413472695561703,0.13941282012936226,2.0,10.0,0.0,0.8285714285714293,0.0,2,0.0,2.706666666666669,0.5334166666666667,0.0,-0.0,5.699999999999999,2.9124999999999996,64,3,2016,155
2017-03-06,3.3600000000000003,4.9,8,0.77,-1.9,7.0,2.0749999999999997,10.6,4.970833333333333,-3.2234151175729444,1.4316996582738437,76.91666666666667,158.125,600.0,96.16666666666667,1006.2833333333333,1001.5,-1.6666666666666667,-5.0,,,,275.83832108503356,0.7120181258926993,2.0875,7.4625,10.6,83.125,-3.5446664595997106,6.300814683621425,326.79303583609067,0.0,1,8,3.3600000000000003,3.3600000000000074,13.16,54.46,203.63,7.0,626.57,-8.929166666666674,-7.908333333333303,-8.97797619047617,0.0,,,3.7416666666666663,3.1,-0.9948128969196823,0.10172167970629205,-0.5476649261330877,0.8366977522879092,-2.4793434612665233,1.1012156538222981,0.0,11.0,0.9999999999999979,0.25531914893617075,35.616,3,0.6026506171875002,3.3600000000000074,0.5173611111111112,25.074000000000005,0.0,14.9125,0.6208333333333331,65,3,2016,156
2017-03-07,6.23,8.8,23,1.05,-5.5,-0.3,-2.9916666666666667,11.2,7.566666666666666,-6.025710725840189,3.638848506836627,69.79166666666667,180.20833333333334,600.0,89.375,1006.6875,1004.0,-7.779166666666666,-9.3,,,,301.8055365282468,0.9309046206776431,-3.104347826086957,7.521739130434782,11.2,70.3913043478261,-5.914012882947841,3.8101086885095894,303.2871604100303,0.0,0,13,9.59,9.590000000000007,19.39,44.870000000000005,200.9,6.0,632.8,0.404166666666697,-11.729166666666629,-6.048809523809496,0.0,,,4.7875,3.8000000000000007,-0.8498417689395357,0.5270379187171649,-0.8359303726170721,0.5488355055353861,-4.205443944075966,2.5396130203963962,0.0,12.0,0.6496350364963499,0.4945848375451267,69.776,4,1.8491035999527417,9.590000000000007,0.3527777777777778,46.8604347826087,13.146357804387124,30.266666666666666,-5.066666666666666,66,3,2016,157
2017-03-08,7.28,10.4,24,0.63,-5.4,-1.3,-3.2458333333333336,9.0,3.608333333333333,-2.9756344245067097,0.320834331474328,76.04166666666667,196.125,600.0,90.70833333333333,1007.5916666666667,1005.2,-6.958333333333333,-9.1,,,,263.64916254305047,0.8087155530235343,-3.2458333333333336,3.608333333333333,9.0,76.04166666666667,-2.9756344245067097,0.320834331474328,263.64916254305047,0.0,0,24,13.510000000000002,16.870000000000008,26.320000000000004,49.7,175.91,5.0,640.08,0.904166666666697,-7.62083333333328,-3.391071428571422,0.0,,,3.7124999999999995,3.6999999999999993,-0.9938631990413006,-0.11061619045778125,-0.9938631990413006,-0.11061619045778125,-2.262722010301977,0.24396777289193694,0.0,13.0,0.43153526970954337,0.6409574468085109,65.52,5,2.302007172743056,16.870000000000008,0.38422222222222224,26.268666666666665,14.528535077654498,18.041666666666664,-0.2541666666666669,67,3,2016,158
2017-03-09,7.0,10.0,24,0.91,-4.3,1.1,-1.1583333333333334,7.3,3.3541666666666665,-2.0695361879434597,-1.7726289073281711,78.58333333333333,142.875,570.0,83.79166666666667,1008.0958333333333,1006.3,-4.504166666666666,-6.4,,,,221.31839167042207,0.7947740049309433,-1.1583333333333334,3.3541666666666665,7.3,78.58333333333333,-2.0695361879434597,-1.7726289073281711,221.31839167042207,0.0,1,24,14.280000000000001,20.51000000000001,31.990000000000002,40.81,171.29,5.0,647.08,0.504166666666606,1.8125,-2.829761904761881,0.0,,,3.345833333333333,2.1000000000000005,-0.6602427861378425,-0.7510522374328826,-0.6602427861378425,-0.7510522374328826,-1.6263105210255688,-1.3929908830087212,0.0,14.0,0.3412969283276449,0.6411378555798689,51.1,6,1.870836968315973,20.51000000000001,0.38163888888888886,23.479166666666664,4.486581994111886,20.125,2.0875000000000004,68,3,2016,159
2017-03-10,8.89,12.7,22,1.19,-2.3,0.3,-1.0791666666666666,10.2,4.820833333333334,-2.8846567914503844,3.0706524279789877,79.91666666666667,186.91666666666666,600.0,79.04166666666667,1012.9458333333333,1008.5,-4.154166666666667,-5.3,,,,306.23717854578797,0.775119081560151,-1.1954545454545455,4.4363636363636365,8.9,81.0909090909091,-2.6106818054843255,2.726187634368919,304.65982681350744,0.0,1,13,15.89,23.17000000000001,32.760000000000005,45.36,179.41000000000003,5.0,655.97,4.850000000000023,6.258333333333326,2.198214285714357,0.0,,,3.075,3.0,-0.8065769053319066,0.5911291701356013,-0.8225429917364887,0.5687029336526994,-2.3053215525007658,2.4539630653598747,0.0,15.0,0.38368580060422947,0.7072649572649574,90.678,0,2.3502083398760334,23.17000000000001,0.39766666666666667,39.43927272727273,29.122155540177783,0.0,0.07916666666666683,69,3,2016,160
2017-03-11,0.35000000000000003,0.5,5,0.07,-7.6,0.3,-2.6333333333333333,9.3,5.4624999999999995,-3.322260111791346,4.224286679956853,76.04166666666667,237.25,600.0,58.458333333333336,1022.3583333333332,1019.2,-6.420833333333333,-9.2,,,,321.51248430624247,0.9813448678745149,-2.54,3.7600000000000002,4.4,81.4,-2.387035765828519,2.8845792703349944,320.3977733333591,0.20833333333333334,1,4,9.24,16.24000000000001,33.11,44.87,175.28,5.0,656.32,9.412499999999909,14.766666666666538,11.047619047618923,0.0,,,3.7875,1.5999999999999996,-0.622344097610202,0.7827437793874464,-0.6374539334647664,0.7704884701994554,-2.526301960008003,3.21221799621719,0.0,16.0,0.021551724137931026,0.4904862579281187,3.2550000000000003,1,0.104567925,16.24000000000001,0.41830555555555554,1.3160000000000003,170.75660350854142,5.4624999999999995,-1.5541666666666667,70,3,2016,161
2017-03-12,0.0,0.0,0,0.0,-8.5,7.1,-0.4083333333333334,6.4,2.6333333333333333,-0.9839725633718821,0.1014652041959464,58.875,241.375,600.0,52.625,1022.225,1018.3,-8.379166666666666,-11.9,,,,300.3651992649094,0.4623461839252215,0.0,0.0,0.0,0.0,0.0,0.0,,0.2916666666666667,1,0,0.35000000000000003,9.240000000000007,33.11,42.910000000000004,161.35,5.0,656.32,-0.13333333333321207,14.12916666666672,9.912500000000023,0.0,,,7.970833333333333,3.4000000000000004,-0.8628208686264048,0.5055097908673741,-0.8628208686264048,0.5055097908673741,-0.5793138466851956,0.059737638970363445,1.0,17.0,0.0,0.2790697674418607,0.0,2,0.0,4.620000000000004,0.5149444444444445,0.0,-0.0,5.266666666666667,2.225,71,3,2016,162
2017-03-13,0.28,0.4,4,0.07,-3.9,6.3,0.9541666666666666,6.6,3.9250000000000003,-3.127193586326627,-1.6706181077364632,68.875,201.20833333333334,600.0,82.79166666666667,1017.1083333333332,1013.4,-4.3374999999999995,-8.4,,,,240.04911522365384,0.9128982732077578,-0.17500000000000002,4.45,6.6,83.0,-4.2315556575810644,-0.2890580467734398,262.1521852596959,0.0,1,3,0.28,0.6300000000000072,30.03,43.190000000000005,149.45000000000002,5.0,656.6,-5.116666666666788,4.162499999999909,3.249404761904657,0.0,,,5.291666666666666,4.5,-0.8664536967239682,-0.4992574400380727,-0.9906342375001724,-0.13654232857415313,-2.153854582582464,-1.150638221703489,0.0,18.0,0.44444444444443937,0.02097902097902122,1.848,3,0.067263109375,0.6300000000000072,0.5037222222222222,1.2460000000000002,0.0,11.775,1.3625,72,3,2016,163
2017-03-14,0.49000000000000005,0.7000000000000001,7,0.07,-3.3,4.4,0.9625,5.9,3.5416666666666665,-3.180740371257754,0.8971212405322891,75.625,181.54166666666666,600.0,78.16666666666667,1009.9916666666667,1006.9,-2.9416666666666664,-6.0,,,,283.7091541601817,0.9209511268747431,1.0285714285714287,2.7285714285714286,4.0,77.0,-2.4560905225996907,-0.16899650741699948,267.3517009404027,0.08333333333333333,1,4,0.77,0.7700000000000071,24.290000000000003,43.68000000000001,145.95000000000002,6.0,657.09,-7.116666666666561,-12.36666666666656,-4.339285714285666,0.0,,,3.9041666666666663,2.7,-0.9715112679113145,0.23699336767376017,-0.9989319748718276,-0.04620508174076081,-2.4054349057636766,0.6784479381525437,0.0,19.0,0.6363636363636306,0.03170028818443833,2.8910000000000005,4,0.10615162500000003,0.7700000000000071,0.47088888888888886,1.3370000000000002,0.0,14.166666666666666,0.008333333333333415,73,3,2016,164
2017-03-15,1.9600000000000002,2.8000000000000003,14,0.28,-1.8,2.6,0.07916666666666666,10.1,5.554166666666667,-3.0341628258333078,3.822185240566025,74.79166666666667,219.625,600.0,86.375,1010.0666666666666,1007.1,-3.954166666666667,-6.4,,,,303.38523476496226,0.772036338667095,0.04285714285714286,6.507142857142857,10.1,79.71428571428571,-3.203206428831975,5.037304981217739,319.61303605706166,0.0,1,8,2.45,2.7300000000000075,18.970000000000002,45.290000000000006,146.85999999999999,7.0,659.05,0.07499999999993179,-12.158333333333417,-4.617857142857133,0.0,,,4.033333333333334,4.6000000000000005,-0.8349896955096834,0.5502655798727067,-0.6479466174811744,0.7616857494365407,-2.269300946821162,2.8586760445066735,0.0,20.0,0.7179487179487161,0.14391143911439153,19.796000000000003,5,0.44821456249999997,2.7300000000000075,0.4535,12.754000000000001,0.4324328678919233,27.770833333333336,-0.8833333333333333,74,3,2016,165
2017-03-16,2.24,3.2,14,0.42,-1.9,1.8,-0.08333333333333333,9.4,5.933333333333334,-3.6003082177503534,4.595436724488064,79.16666666666667,223.83333333333334,600.0,79.33333333333333,1018.4916666666667,1016.9,-3.3791666666666664,-5.6,,,,323.9319171510292,0.9838429654921381,-0.45,4.957142857142857,7.5,84.5,-2.447651326653773,4.2828875980684815,330.4351286622102,0.0,1,10,4.2,4.6900000000000075,14.21,46.2,148.26000000000002,7.0,661.29,8.425000000000068,1.3833333333334394,2.3220238095237846,0.0,,,3.295833333333333,3.6999999999999997,-0.5887461676199769,0.8083179758688965,-0.4934086770331103,0.869797607164124,-2.85024400571903,3.6380540735530507,0.0,21.0,0.47761194029850673,0.3300492610837443,21.056000000000004,6,0.5489385000000001,4.6900000000000075,0.4531111111111112,11.104000000000001,39.18077861141058,35.6,-0.16249999999999998,75,3,2016,166
2017-03-17,0.0,0.0,0,0.0,-4.6,1.9,-1.4708333333333332,8.7,5.270833333333333,-3.7637780303848314,3.3235289457408954,73.58333333333333,251.79166666666666,600.0,48.083333333333336,1021.6541666666667,1019.8,-5.741666666666667,-7.8,,,,309.91476009117537,0.9482833890415938,0.0,0.0,0.0,0.0,0.0,0.0,,0.16666666666666666,1,0,2.24,4.200000000000007,5.32,38.08,148.12,7.0,661.29,3.1625000000000227,11.662500000000023,4.240476190476215,0.0,,,4.270833333333334,3.2,-0.7669998811173776,0.641647241376388,-0.7669998811173776,0.641647241376388,-2.7695133340248383,2.445563382574342,1.0,22.0,0.0,0.7894736842105277,0.0,1,0.0,2.1000000000000036,0.4553611111111111,0.0,-0.0,5.270833333333333,-1.3875,76,3,2016,167
2017-03-18,0.07,0.1,1,0.07,-4.3,3.5,-0.375,7.8,5.3500000000000005,-4.931723763929287,1.9752646663305213,73.54166666666667,241.625,600.0,72.25,1023.9499999999999,1021.9,-4.7875000000000005,-6.7,,,,292.00098182466706,0.9930443750230334,-2.4,4.7,4.7,85.0,-3.985826051935203,2.490620541896062,302.0,0.08333333333333333,1,1,0.07,2.310000000000007,5.040000000000001,38.15,148.19,7.0,661.36,2.295833333333235,13.883333333333326,6.308928571428623,0.0,,,4.4125000000000005,2.4000000000000004,-0.9271774351446811,0.374622481651236,-0.8480480961564262,0.5299192642332047,-3.626871851389663,1.4526425566972376,0.0,23.0,0.030303030303030214,0.45833333333333465,0.546,2,0.020425125,2.310000000000007,0.484,0.32900000000000007,39.34840693687363,10.700000000000001,1.0958333333333332,77,3,2016,168
2017-03-19,1.1900000000000002,1.7000000000000002,11,0.21,-3.7,4.4,0.8875000000000001,9.9,5.941666666666666,-4.481887985266803,3.7158080103973146,80.33333333333333,222.5,600.0,66.25,1023.2958333333332,1021.7,-2.2083333333333335,-6.7,,,,309.51139254122927,0.9755029327600624,0.9454545454545454,5.3545454545454545,6.1,83.0,-3.7263967118415566,3.642078300610437,315.45283718812675,0.08333333333333333,1,6,1.2600000000000002,1.2600000000000073,6.23,39.34,132.79,7.0,662.55,-0.654166666666697,4.804166666666561,5.501785714285688,0.0,,,3.0958333333333337,3.0,-0.771498092024314,0.636231635493586,-0.7014961362811074,0.712673256677054,-3.6004500148309977,2.985032435019176,0.0,24.0,0.9444444444444391,0.20224719101123712,11.781000000000002,3,0.2513431208677686,1.2600000000000073,0.5138888888888888,6.371909090909091,0.0,17.825,1.2625000000000002,78,3,2016,169
2017-03-20,0.0,0.0,0,0.0,-3.9,8.4,2.8000000000000003,8.2,5.5874999999999995,-2.7994291494302597,0.8619560464152624,60.916666666666664,272.5,600.0,59.791666666666664,1022.7624999999999,1017.5,-4.916666666666667,-8.4,,,,288.2636736982383,0.45187518254631914,0.0,0.0,0.0,0.0,0.0,0.0,,0.2916666666666667,0,0,1.1900000000000002,1.2600000000000073,5.950000000000001,35.980000000000004,130.62,6.0,662.55,-0.533333333333303,1.1083333333332348,4.160714285714221,0.0,,,7.716666666666667,4.5,-0.9496243622849875,0.313390444262155,-0.9496243622849875,0.313390444262155,-1.7053189235279331,0.525074891607964,1.0,25.0,0.0,0.21176470588235413,0.0,4,0.0,0.6300000000000037,0.5713888888888888,0.0,-0.0,22.349999999999998,1.9125,79,3,2016,170
2017-03-21,16.52,23.6,21,1.54,1.7,5.1,3.0541666666666667,10.7,5.658333333333334,0.9966941457951303,-1.5503847824271848,88.25,80.08333333333333,320.0,99.83333333333333,1009.4541666666668,1004.1,1.2291666666666667,-3.7,,,,143.41724187671437,0.310001689814986,3.157142857142857,5.680952380952381,10.7,91.28571428571429,0.8815362389295319,-1.0317251197886048,132.45912031047416,0.0,0,21,16.52,17.710000000000008,21.98,46.27,146.16,5.0,679.07,-13.308333333333167,-14.495833333333167,-9.070833333333212,0.0,,,1.825,5.4,0.5959832581028569,-0.8029968593096136,0.7377591727101234,-0.6750639992490152,0.8795825836642025,-1.3682145704919906,0.0,0.0,0.9328063241106715,0.8057324840764335,100.0,0,2.62541325595238,17.710000000000008,0.4608888888888889,93.84933333333333,0.0,0.0,0.25416666666666643,80,3,2016,171
2017-03-22,5.53,8.0,23,1.61,-3.2,0.5,-1.2666666666666666,14.4,9.883333333333333,-5.483808931388314,7.982221708884641,85.04166666666667,195.41666666666666,600.0,85.08333333333333,1016.7666666666668,1009.4,-3.4875000000000003,-4.6,,,,322.90289695667974,0.9717931293810216,-1.3304347826086957,9.91304347826087,14.4,85.26086956521739,-5.546886947950435,7.969757208142568,322.4093103263405,0.0,1,15,22.05,22.050000000000008,25.55,44.52,112.49000000000001,5.0,684.6,7.3125,-6.52916666666647,-2.7154761904761244,0.0,,,2.2208333333333337,1.3999999999999995,-0.6031676599884019,0.7976144268655849,-0.6100164120681113,0.7923887789510577,-4.663522512068146,6.78821437826398,0.0,1.0,0.25079365079365074,0.8630136986301372,79.632,1,1.3723311767485822,22.050000000000008,0.42486111111111113,54.81913043478261,129.7971545820402,9.883333333333333,-4.320833333333333,81,3,2016,172
2017-03-23,1.26,1.8,10,0.28,-3.5,2.8,-0.6333333333333333,9.4,5.658333333333334,-4.076191184073171,3.452047041937055,77.25,206.33333333333334,600.0,96.91666666666667,1019.1916666666666,1017.0,-4.258333333333334,-5.5,,,,308.8507189473702,0.9370541870317562,-1.34,4.87,6.4,81.9,-3.7046132672382095,2.556903294253315,303.07390500863374,0.0,1,6,6.79,23.310000000000006,24.57,38.78,97.93,5.0,685.86,2.424999999999841,-3.5708333333333258,-0.39047619047619264,0.0,,,3.6250000000000004,2.0,-0.7787829820542386,0.6272934455760777,-0.8379673483264528,0.545720370829909,-3.1488576896965244,2.666706339896375,0.0,2.0,0.05405405405405404,0.9487179487179489,11.844000000000001,2,0.33546484125,23.310000000000006,0.4572777777777777,6.1362000000000005,31.44290510568224,11.316666666666668,0.6333333333333333,82,3,2016,173
2017-03-24,2.52,3.6,20,0.35,-4.8,-0.6,-2.1333333333333333,14.6,8.566666666666666,-5.384823206319036,6.6042200920583705,77.33333333333333,211.70833333333334,600.0,77.58333333333333,1020.2333333333332,1018.2,-5.608333333333333,-7.1,,,,320.6364483278971,0.9934011426150309,-1.8,8.76,14.6,76.0,-5.545140343974223,6.71934905698861,320.2626425944431,0.0,0,18,3.7800000000000002,9.310000000000008,27.090000000000003,32.410000000000004,98.0,4.0,688.38,1.0416666666666288,10.77916666666647,0.8541666666665151,0.0,,,3.475,2.3,-0.6342388154969786,0.7731371966973194,-0.6392693376984481,0.76898290870382,-4.1642632795533885,5.107263537858473,0.0,3.0,0.27067669172932307,0.3436692506459951,36.792,3,0.6619977,9.310000000000008,0.39891666666666664,22.0752,27.725701719870106,25.7,-1.5,83,3,2016,174
2017-03-25,0.14,0.2,2,0.07,-6.8,5.3,-0.9375,8.4,4.741666666666666,-3.2662782382798183,1.3651525686861656,62.708333333333336,287.125,600.0,38.625,1020.8458333333333,1017.1,-7.804166666666667,-14.5,,,,294.97898520688125,0.6493396908477379,-5.0,7.75,7.9,82.0,-7.052474148427544,3.212559134764067,294.5,0.5,1,2,2.6600000000000006,3.9200000000000075,27.16,32.2,82.25,4.0,688.52,0.6125000000000682,4.079166666666538,1.910119047619105,0.0,,,6.866666666666667,7.7,-0.9064627328706756,0.42228582016997246,-0.9099612708765432,0.4146932426562389,-2.0482286452546363,0.8560644232802831,0.0,4.0,0.03571428571428565,0.14432989690721676,1.1760000000000002,4,0.0474140625,3.9200000000000075,0.5182222222222223,1.0850000000000002,29.373554828203993,18.966666666666665,1.1958333333333333,84,3,2016,175
2017-03-26,4.62,6.6,14,0.7,-5.1,3.7,-0.1416666666666666,8.9,5.333333333333333,0.24488485807163893,-4.15798572807926,82.45833333333333,144.66666666666666,526.0,77.08333333333333,1017.8583333333332,1015.1,-2.829166666666667,-9.5,,,,181.42071262421666,0.7587603015023424,2.085714285714286,5.4071428571428575,8.7,89.5,2.3966853059968507,-4.784376026328546,155.4042184733043,0.0,0,14,4.76,7.280000000000007,30.59,36.82,82.53,3.0,693.14,-2.987500000000068,-1.3333333333333712,-0.30059523809541133,0.0,,,2.6875000000000004,4.4,-0.024793572125148045,-0.9996925921408416,0.41621384748839774,-0.909266755775721,0.20192797255157224,-3.428605731612023,0.0,5.0,0.634615384615384,0.23798627002288353,41.118,5,0.8523166339285709,7.280000000000007,0.4535277777777778,24.981,0.0,26.666666666666664,0.7958333333333334,85,3,2016,176
2017-03-27,4.13,5.9,24,0.42,-1.5,2.4,0.7708333333333334,13.4,7.566666666666666,-3.2644480700628775,6.490091716638397,86.375,198.20833333333334,600.0,84.25,1013.3458333333333,1011.2,-1.2708333333333333,-3.1,,,,329.7434645812763,0.91441034053103,0.7708333333333334,7.566666666666666,13.4,86.375,-3.2644480700628775,6.490091716638397,329.7434645812763,0.0,1,24,8.75,8.890000000000008,34.72,40.67,85.82000000000001,4.0,697.27,-4.512499999999932,-6.887499999999932,-3.467857142857156,0.0,,,2.0416666666666665,1.6,-0.5038725067976128,0.8637780368205074,-0.5038725067976128,0.8637780368205074,-2.819667020516811,5.605816720246415,0.0,6.0,0.46456692913385783,0.2560483870967744,55.342,6,0.8627819162326388,8.890000000000008,0.4733888888888889,31.25033333333333,0.0,45.4,0.9125,86,3,2016,177
2017-03-28,0.8400000000000001,1.3,8,0.21,-2.9,3.3,0.13333333333333333,5.9,4.3999999999999995,-2.98022919588093,3.0132711819423434,73.83333333333333,272.3333333333333,600.0,47.5,1020.1916666666666,1017.5,-4.304166666666666,-8.3,,,,315.7347076566099,0.9455572728746338,-0.8,3.65,5.9,84.25,-2.2131060353730243,2.4257542349313024,317.59477902436225,0.2916666666666667,1,5,4.970000000000001,9.590000000000007,19.04,41.02,84.7,5.0,698.11,6.845833333333303,-0.654166666666697,1.8440476190477284,0.0,,,4.4375,5.4,-0.6979816172221797,0.7161156764237959,-0.6743696752089204,0.7383938929586398,-2.2004025562920866,2.2247985560007635,0.0,7.0,0.08759124087591236,0.5036764705882357,4.956,6,0.21645225,9.590000000000007,0.501,3.0660000000000003,43.93660969475751,26.4,-0.6375000000000001,87,3,2016,178
2017-03-29,0.07,0.1,1,0.07,-4.7,4.4,0.3125,7.7,4.070833333333334,-3.7977153219964683,0.9766663775355892,66.70833333333333,285.25,600.0,38.833333333333336,1022.8958333333334,1022.1,-5.583333333333333,-8.9,,,,282.91952607863016,0.955886850887746,-0.4,3.2,3.2,82.0,-2.8512208774027776,1.4527695991665492,297.0,0.4166666666666667,1,1,0.910000000000001,5.040000000000008,13.579999999999998,39.13,84.77,5.0,698.1800000000001,2.704166666666765,5.037500000000136,3.672619047619037,0.0,,,5.895833333333333,4.2,-0.9746850552070494,0.22358229615967154,-0.8910065241883679,0.45399049973954664,-2.5333925960484773,0.6515178626810325,0.0,8.0,0.013888888888888867,0.3711340206185573,0.539,3,0.017472,5.040000000000008,0.5103055555555556,0.22400000000000003,36.237829343091704,12.212500000000002,0.17916666666666667,88,3,2016,179
2017-03-30,0.42000000000000004,0.6000000000000001,4,0.14,-1.9,7.1,3.183333333333333,6.9,3.6666666666666665,-2.5657228041625157,1.293666025799159,78.91666666666667,241.375,600.0,84.125,1020.1583333333333,1017.9,-0.16666666666666666,-4.6,,,,281.99596018072975,0.7824306827196119,2.675,5.725,6.9,90.5,-2.1490420198661275,5.137485654123,335.0427108769168,0.0,0,4,0.49000000000000093,1.330000000000008,12.74,37.31,85.19,4.0,698.6,-2.737500000000068,6.8125,0.7970238095238074,0.0,,,3.3499999999999996,2.6999999999999997,-0.9781622577705655,0.20784272292574898,-0.4219425413843782,0.9066225740461641,-2.0247829129515855,1.0209181053598364,0.0,9.0,0.3157894736842086,0.10439560439560502,2.8980000000000006,4,0.07140844921875004,1.330000000000008,0.58175,2.4045,0.0,14.666666666666666,2.870833333333333,89,3,2016,180
2017-03-31,2.0300000000000002,2.9,14,0.28,0.2,5.4,2.5749999999999997,7.7,3.7416666666666667,-0.949497256776763,1.2306363215035379,79.95833333333333,100.08333333333333,360.0,99.125,1018.6333333333333,1016.3,-0.6708333333333334,-2.5,,,,337.48089301486243,0.2351157286176687,2.935714285714286,3.0928571428571425,7.1,81.0,0.4870308467603447,-0.12283970906895693,105.0938761151573,0.0,0,12,2.450000000000001,2.5200000000000085,12.25,39.34,86.87,4.0,700.63,-1.5249999999999773,-1.5583333333332803,-0.4994047619046569,0.0,,,3.245833333333333,2.7,-0.38299150624294825,0.9237518639471087,0.9655004685952961,-0.26040131555401863,-0.7592021815644201,0.9839962920688704,0.0,10.0,0.8055555555555529,0.2057142857142864,15.631000000000002,5,0.3446521506696431,2.5200000000000085,0.45325,6.2785,0.0,18.708333333333332,-0.6083333333333334,90,3,2016,181
2017-04-01,0.77,1.5,9,0.21,-1.9,6.2,2.2666666666666666,5.9,3.5416666666666665,0.40053742468712955,0.7112535351888537,84.25,207.375,600.0,71.75,1013.3874999999999,1010.1,-0.19583333333333333,-3.1,,,,66.5091101686398,0.2173924832636654,2.3333333333333335,3.577777777777778,5.9,86.0,1.2784793256616953,-0.8303592429154641,132.60991167434187,0.041666666666666664,0,6,2.800000000000001,3.2200000000000086,12.879999999999999,40.04,86.31,3.0,701.4,-5.245833333333394,-9.50833333333344,-4.679761904761904,0.0,,,2.4625,1.2000000000000002,0.9171234648665831,0.3986032490975371,0.7359799824171994,-0.6770032979839751,0.33745278029890663,0.5992311033966092,0.0,11.0,0.23913043478260806,0.25000000000000067,4.543,6,0.1409830787037037,3.2200000000000086,0.5568611111111111,2.754888888888889,0.0,21.25,-0.3083333333333331,91,4,2016,182
2017-04-02,0.0,0.0,0,0.0,-5.3,5.4,0.6708333333333334,9.5,4.779166666666667,-2.2718148658937096,3.960990482304075,70.91666666666667,297.7083333333333,600.0,4.583333333333333,1014.8625000000001,1012.6,-4.5,-8.9,,,,330.52221304274843,0.9218165890984857,0.0,0.0,0.0,0.0,0.0,0.0,,1.0,1,0,0.7700000000000009,2.8000000000000083,8.26,38.85,78.19,4.0,701.4,1.4750000000001364,-5.295833333333235,-2.776785714285552,0.0,,,5.170833333333333,3.6000000000000005,-0.4920860942676831,0.8705465385769889,-0.4920860942676831,0.8705465385769889,-1.6110953757296225,2.8090024170339736,1.0,12.0,0.0,0.3389830508474586,0.0,6,0.0,1.4000000000000041,0.5548611111111111,0.0,-0.0,28.675,-1.5958333333333332,92,4,2016,183
2017-04-03,7.56,10.7,10,1.54,-6.3,6.3,-0.2250000000000001,8.4,3.4333333333333336,-2.2189432701027854,0.8522397626530491,76.0,232.125,600.0,42.916666666666664,1017.6291666666666,1015.3,-4.333333333333333,-9.1,,,,288.62895882542637,0.6500247513564209,1.72,4.15,8.4,82.1,-2.020791043977366,2.5597734549319044,327.24453434437663,0.4583333333333333,1,6,7.5600000000000005,8.330000000000007,11.690000000000001,46.410000000000004,85.75,4.0,708.96,2.766666666666538,-1.0041666666667197,-0.6220238095238528,0.0,,,4.1083333333333325,2.8,-0.9476070783603859,0.31943829614073105,-0.5410546987183101,0.8409874035886855,-1.686396885278117,0.6477022196163174,0.0,13.0,0.9075630252100833,0.7125748502994017,63.504,0,1.4837397750000005,8.330000000000007,0.5480833333333334,31.374000000000002,35.22238789652385,0.0,-0.8958333333333335,93,4,2016,184
2017-04-04,0.21000000000000002,0.30000000000000004,2,0.14,-1.2,10.0,3.8333333333333335,5.4,3.7416666666666667,-2.5661466986632946,2.3625447790844074,66.83333333333333,298.5416666666667,600.0,59.291666666666664,1024.5874999999999,1021.7,-2.2333333333333334,-4.6,,,,312.9950827816178,0.9183645999859185,0.44999999999999996,4.35,4.4,87.0,-2.700498963643847,3.3998958722121797,321.5,0.3333333333333333,1,2,7.7700000000000005,7.7700000000000085,11.06,30.1,85.96000000000001,4.0,709.17,6.9583333333332575,11.199999999999932,5.708333333333144,0.0,,,6.066666666666666,3.3999999999999995,-0.7314122291508687,0.6819355915689965,-0.6225146366376197,0.7826081568524138,-1.7150413769399686,1.5789674273547456,0.0,14.0,0.027027027027027,0.702531645569621,1.1340000000000001,1,0.04741127343750001,7.7700000000000085,0.6440277777777778,0.9135,22.549166346425878,3.7416666666666667,4.058333333333334,94,4,2016,185
2017-04-05,0.0,0.0,0,0.0,2.3,14.9,8.345833333333333,7.6,3.8125,-2.0792593634952525,-0.978032922086105,52.458333333333336,261.7083333333333,600.0,78.91666666666667,1025.2958333333333,1023.4,-1.3375000000000001,-7.5,,,,246.2320834296036,0.558502902167917,0.0,0.0,0.0,0.0,0.0,0.0,,0.16666666666666666,0,0,0.2100000000000009,7.7700000000000085,10.99,24.57,82.60000000000001,3.0,709.17,0.7083333333334849,10.43333333333328,6.0738095238097,0.0,,,9.683333333333334,9.8,-0.9151854942142438,-0.40303289094046707,-0.9151854942142438,-0.40303289094046707,-1.0907448077668846,-0.5130597703776693,1.0,15.0,0.0,0.7070063694267523,0.0,2,0.0,3.8850000000000042,0.6804444444444444,0.0,-0.0,7.625,4.512499999999999,95,4,2016,186
2017-04-06,0.0,4.4,0,0.0,2.6,11.1,7.1125,8.2,6.004166666666666,2.024613736410638,-5.1953221932437055,79.41666666666667,176.29166666666666,600.0,72.54166666666667,1021.9333333333334,1017.4,3.6625,-0.7,,,,157.21483089700945,0.934690285047029,0.0,0.0,0.0,0.0,0.0,0.0,,0.2916666666666667,0,0,0.0,0.210000000000008,10.57,23.310000000000002,76.37,3.0,709.17,-3.3624999999999545,4.304166666666788,2.457738095238142,0.0,,,3.4499999999999997,3.3,0.3872769510543899,-0.9219634283321739,0.3872769510543899,-0.9219634283321739,1.6078807423327817,-4.125951708467709,2.0,16.0,0.0,0.01986754966887493,0.0,3,0.0,0.07000000000000267,0.6289166666666667,0.0,-0.0,18.0125,-1.2333333333333334,96,4,2016,187
2017-04-07,0.0,17.2,0,0.0,6.4,15.3,10.025,6.5,4.1375,-1.0039918888551895,-2.1781629241407052,90.08333333333333,128.54166666666666,514.0,89.54166666666667,1015.8708333333334,1014.3,8.329166666666667,6.4,,,,212.22624553455447,0.45510536026486315,0.0,0.0,0.0,0.0,0.0,0.0,,0.0,0,0,0.0,0.0,8.54,20.79,69.09,3.0,709.17,-6.0625,-8.71666666666647,-3.210119047618946,0.0,,,1.6958333333333329,0.0,-0.5332638366936835,-0.8459489821938038,-0.5332638366936835,-0.8459489821938038,-0.9044293598770499,-1.9621617674967518,3.0,17.0,,0.0,0.0,4,0.0,0.0,0.7193055555555555,0.0,-0.0,16.55,2.9125000000000005,97,4,2016,188
2017-04-08,0.0,0.8,0,0.0,6.8,17.1,10.529166666666667,5.2,3.3333333333333335,-1.8737075805239574,-0.32114890940755486,89.375,142.75,600.0,90.20833333333333,1012.1833333333334,1009.3,8.733333333333333,6.0,,,,261.2175771249809,0.5704403127249924,0.0,0.0,0.0,0.0,0.0,0.0,,0.0,0,0,0.0,0.0,7.77,20.650000000000002,62.089999999999996,3.0,709.17,-3.6875,-13.112499999999955,-6.725595238095252,0.0,,,1.7958333333333343,0.7999999999999998,-0.9882752677397406,-0.1526826616677346,-0.9882752677397406,-0.1526826616677346,-1.6746261500932869,-0.28702683778300214,4.0,18.0,,0.0,0.0,5,0.0,0.0,0.7264166666666666,0.0,-0.0,16.666666666666668,0.5041666666666664,98,4,2016,189
2017-04-09,0.28,14.4,3,0.14,1.9,11.2,6.762499999999999,12.4,6.841666666666666,-3.1175927507950387,5.891410854691316,91.54166666666667,141.125,600.0,94.70833333333333,1010.9250000000001,1006.2,5.420833333333333,0.5,,,,325.3570493512627,0.9513282265694383,4.8,10.233333333333333,12.2,86.66666666666667,-3.8306133262518056,9.472617148338543,338.33204180384405,0.0,0,3,0.2800000000000009,0.280000000000008,8.049999999999999,16.31,53.480000000000004,2.0,709.45,-1.2583333333333258,-11.008333333333326,-7.421428571428578,0.0,,,1.341666666666666,1.4,-0.5684606333571811,0.8227104644546297,-0.3692270960521745,0.9293392015517683,-2.8538963639569586,5.393095686565343,0.0,19.0,0.9999999999999715,0.034782608695653174,3.4720000000000004,6,0.03174383333333337,0.280000000000008,0.6481111111111111,2.8653333333333335,0.0,41.05,-3.7666666666666675,99,4,2016,190
2017-04-10,0.0,0.0,0,0.0,-1.1,10.7,5.154166666666667,10.3,5.158333333333333,0.9231480134139401,-2.1296801291364824,60.75,277.25,600.0,68.75,1018.2833333333333,1015.0,-2.1416666666666666,-6.5,,,,152.734537255247,0.38768364894048957,0.0,0.0,0.0,0.0,0.0,0.0,,0.25,1,0,0.2800000000000009,0.280000000000008,0.49000000000000093,12.180000000000001,53.13,2.0,709.45,7.358333333333235,2.412499999999909,-0.1565476190477284,0.0,,,7.295833333333333,5.4,0.4581138226586835,-0.8888935400198655,0.4581138226586835,-0.8888935400198655,0.5608124181489686,-1.2937806784504131,1.0,20.0,0.0,0.5714285714285867,0.0,1,0.0,0.140000000000004,0.6251111111111111,0.0,-0.0,5.158333333333333,-1.6083333333333325,100,4,2016,191
2017-04-11,18.830000000000002,30.7,13,2.66,1.9,6.2,3.516666666666667,13.8,8.508333333333333,-0.27900415355227143,-7.3148733975825015,92.0,64.16666666666667,229.0,96.375,1009.1374999999999,997.7,2.3291666666666666,-0.4,,,,193.5511062075383,0.730674184328998,3.5,10.176923076923078,13.8,94.46153846153847,0.039308621167122,-9.721345176221195,186.51396867383463,0.041666666666666664,0,13,18.830000000000002,19.11000000000001,19.110000000000003,30.17,71.96000000000001,1.0,728.28,-9.145833333333371,-3.045833333333462,-7.095238095238187,0.0,,,1.1875000000000004,2.3,-0.23431259721850517,-0.9721613069777661,-0.11344544257435374,-0.9935442272788408,-0.2566838212680897,-6.729683525775902,0.0,0.0,0.985347985347985,1.0000000000000004,100.0,0,2.67062359375,19.11000000000001,0.4872222222222223,191.63146153846156,0.0,0.0,-1.6374999999999997,101,4,2016,192
2017-04-12,1.6800000000000002,5.7,14,0.35,0.8,6.7,4.529166666666667,11.1,7.658333333333334,-3.995352607227213,6.448143357108651,85.25,174.91666666666666,576.0,91.625,1006.8249999999999,998.1,2.25,-2.1,,,,326.72064141499203,0.9863419769275402,4.464285714285714,8.864285714285714,11.1,84.07142857142857,-4.340242611785563,7.69156922605506,330.71403900093054,0.0,0,9,20.51,20.51000000000001,20.790000000000003,31.78,73.36,1.0,729.96,-2.3125,-4.100000000000136,-6.769047619047797,0.0,,,2.279166666666667,2.9000000000000004,-0.5487216738699048,0.8360050984446266,-0.489168756725762,0.872189158063417,-3.4060380976611992,5.497042211935125,0.0,1.0,0.08191126279863478,0.9865319865319868,18.648,1,0.20673816964285707,20.51000000000001,0.5496666666666666,14.892000000000001,0.0,7.658333333333334,1.0124999999999997,102,4,2016,193
2017-04-13,0.28,0.4,3,0.14,-1.7,5.5,2.0166666666666666,8.4,5.158333333333333,-4.215718979009733,1.8898529169769802,75.5,249.20833333333334,600.0,36.5,1016.0291666666667,1014.7,-1.95,-4.9,,,,289.89835729979086,0.884754377506224,3.8333333333333335,6.733333333333333,7.9,73.0,-4.789154389111973,4.6638851886168275,314.32192997875893,0.4166666666666667,1,3,1.9600000000000002,20.79000000000001,21.070000000000004,31.640000000000004,73.15,2.0,730.24,9.204166666666765,-2.254166666666606,3.2785714285714675,0.0,,,3.966666666666667,3.2,-0.940297885485137,0.3403525915167683,-0.7154253626026176,0.6986891658991953,-3.1828678291523484,1.42683895231762,0.0,2.0,0.013468013468013462,0.9867109634551497,2.3520000000000003,2,0.0395334722222222,20.79000000000001,0.5400277777777778,1.8853333333333335,74.93629782263493,10.316666666666666,-2.5125,103,4,2016,194
2017-04-14,0.0,0.0,0,0.0,1.6,12.4,7.420833333333333,5.4,3.233333333333333,-1.2311615678767123,-1.8259212407125383,62.5,306.9166666666667,600.0,12.958333333333334,1016.8958333333334,1015.3,0.6166666666666666,-3.7,,,,211.7765713105043,0.6476592835034792,0.0,0.0,0.0,0.0,0.0,0.0,,0.7916666666666666,0,0,0.28,1.9600000000000073,21.070000000000004,29.610000000000003,71.19,2.0,730.24,0.8666666666666742,7.758333333333439,3.998809523809541,0.0,,,6.804166666666667,5.300000000000001,-0.5266082237246054,-0.8501080982472853,-0.5266082237246054,-0.8501080982472853,-0.7694759799229451,-1.1412007754453364,1.0,3.0,0.0,0.09302325581395382,0.0,3,0.0,0.9800000000000036,0.6885,0.0,-0.0,9.7,5.404166666666667,104,4,2016,195
2017-04-15,0.0,3.7,0,0.0,3.0,11.5,7.6125,6.7,4.3500000000000005,-1.0884409036503848,-2.822719178699582,76.91666666666667,191.66666666666666,600.0,58.75,1014.6708333333332,1012.9,3.775,-0.9,,,,205.9662282255347,0.7215005900944702,0.0,0.0,0.0,0.0,0.0,0.0,,0.25,0,0,0.0,0.28000000000000713,21.070000000000004,28.840000000000003,68.95,2.0,730.24,-2.2250000000001364,7.845833333333303,1.418452380952317,0.0,,,3.8375,3.9,-0.4378412956998355,-0.8990522786689822,-0.4378412956998355,-0.8990522786689822,-0.837192461724421,-2.171141501616429,2.0,4.0,0.0,0.013289036544850835,0.0,4,0.0,0.09333333333333571,0.6397222222222222,0.0,-0.0,17.400000000000002,0.19166666666666643,105,4,2016,196
2017-04-16,0.0,0.0,0,0.0,4.5,14.7,9.579166666666667,5.4,3.375,-2.2192436334522117,-0.3087799802247972,71.29166666666667,302.8333333333333,600.0,46.041666666666664,1015.8791666666666,1014.6,4.370833333333334,1.7,,,,261.8000363639956,0.6963533319532667,0.0,0.0,0.0,0.0,0.0,0.0,,0.375,0,0,0.0,0.0,20.790000000000003,28.840000000000003,68.95,2.0,730.24,1.2083333333333712,-0.15000000000009095,1.9190476190476602,0.0,,,5.208333333333334,2.8,-0.9897763214301022,-0.14262830552276431,-0.9897763214301022,-0.14262830552276431,-1.5821357736819726,-0.22013439423526168,3.0,5.0,,0.0,0.0,5,0.0,0.0,0.7661944444444444,0.0,-0.0,16.875,1.9666666666666677,106,4,2016,197
2017-04-17,0.0,21.3,0,0.0,4.9,16.5,9.775,18.2,7.658333333333334,2.0435693291458397,-5.3440357949733235,73.75,232.0,600.0,85.0,1011.2125,1001.5,4.9624999999999995,-0.2,,,,179.81881735818126,0.5289700226564156,0.0,0.0,0.0,0.0,0.0,0.0,,0.125,0,0,0.0,0.0,20.790000000000003,21.28,68.88,1.0,730.24,-4.666666666666629,-5.683333333333394,-1.7374999999999545,0.0,,,4.812500000000001,5.1000000000000005,0.0031622283769586392,-0.9999950001433467,0.0031622283769586392,-0.9999950001433467,1.5071323802450567,-3.9412263987928258,4.0,6.0,,0.0,0.0,6,0.0,0.0,0.7338333333333334,0.0,-0.0,45.95,0.19583333333333286,107,4,2016,198
2017-04-18,0.0,24.3,0,0.0,2.5,13.4,8.708333333333334,7.2,4.879166666666666,-3.683866547272506,-1.474629888657704,89.5,233.79166666666666,600.0,71.41666666666667,995.6583333333333,991.1,7.0125,1.2,,,,253.68577047550372,0.8293870849974001,0.0,0.0,0.0,0.0,0.0,0.0,,0.16666666666666666,0,0,0.0,0.0,1.9600000000000002,21.070000000000004,67.69,1.0,730.24,-15.554166666666674,-19.012499999999932,-15.366071428571331,0.0,,,1.6958333333333337,1.3,-0.9597355582226155,-0.28090506987793,-0.9597355582226155,-0.28090506987793,-3.2970605598088927,-1.3197937503486452,5.0,7.0,,0.0,0.0,6,0.0,0.0,0.7519722222222223,0.0,-0.0,29.275,-1.0666666666666664,108,4,2016,199
2017-04-19,6.58,14.100000000000001,11,1.47,1.8,7.5,5.0625,9.2,5.358333333333333,-2.6345942914167004,2.0322980155001047,82.45833333333333,176.20833333333334,600.0,77.0,1003.2958333333332,995.9,2.2,0.4,,,,295.4265057682278,0.5706782012114352,4.554545454545455,6.263636363636363,8.6,85.72727272727273,-3.0380438770253764,4.5956404739942665,325.8819940246259,0.125,0,11,6.58,6.580000000000007,6.86,27.650000000000002,74.27,1.0,736.82,7.637499999999932,-12.583333333333371,-7.224404761904793,0.0,,,2.8625,1.4,-0.9031367652713861,0.42935298207318556,-0.5608991960589318,0.8278841053314431,-2.172442542797354,1.6757990719477944,0.0,8.0,0.9999999999999989,0.9591836734693887,60.535999999999994,0,0.8256419839876032,6.580000000000007,0.559,41.214727272727266,0.0,0.0,-3.645833333333334,109,4,2016,200
2017-04-20,0.0,1.8,0,0.0,1.4,13.7,6.666666666666667,8.3,4.383333333333334,-3.3161073928658453,1.092345999443842,70.5,244.66666666666666,600.0,83.54166666666667,1013.0124999999999,1009.9,0.875,-4.5,,,,287.24418349990236,0.7895333427442973,0.0,0.0,0.0,0.0,0.0,0.0,,0.08333333333333333,0,0,6.58,6.580000000000007,6.58,27.650000000000002,57.75000000000001,0.0,736.82,9.716666666666697,1.7999999999999545,2.9232142857142662,0.0,,,5.791666666666667,5.9,-0.9550500435701446,0.29644462261384513,-0.9550500435701446,0.29644462261384513,-2.337855711970421,0.7701039296079086,1.0,9.0,0.0,1.000000000000001,0.0,1,0.0,3.2900000000000036,0.7025555555555556,0.0,-0.0,4.383333333333334,1.604166666666667,110,4,2016,201
2017-04-21,0.0,0.1,0,0.0,4.4,10.8,7.1625000000000005,7.0,3.995833333333333,-3.349212399609536,-0.20987901890130814,80.70833333333333,174.20833333333334,600.0,97.41666666666667,1008.8333333333334,1006.2,3.9791666666666665,1.7,,,,260.399812092008,0.8358912289269466,0.0,0.0,0.0,0.0,0.0,0.0,,0.0,0,0,0.0,6.580000000000007,6.58,27.650000000000002,52.220000000000006,0.0,736.82,-4.179166666666561,13.175000000000068,-0.10416666666651508,0.0,,,3.183333333333334,2.7,-0.9859954901282274,-0.16677198040077565,-0.9859954901282274,-0.16677198040077565,-2.7030935075181963,-0.16938985817159743,2.0,10.0,0.0,1.000000000000001,0.0,2,0.0,2.1933333333333356,0.6251666666666668,0.0,-0.0,7.991666666666666,0.49583333333333357,111,4,2016,202
2017-04-22,0.0,0.0,0,0.0,0.4,9.0,5.1000000000000005,10.2,6.841666666666666,-4.85831166696092,4.7050626084417475,80.70833333333333,262.1666666666667,600.0,62.041666666666664,1010.4291666666667,1008.1,1.8875,-0.9,,,,314.6463290952065,0.9867705176730444,0.0,0.0,0.0,0.0,0.0,0.0,,0.3333333333333333,0,0,0.0,0.0,6.58,27.650000000000002,50.96,0.0,736.82,1.595833333333303,7.133333333333439,2.097619047619105,0.0,,,3.2125000000000004,1.3,-0.7114580556582051,0.7027285642686274,-0.7114580556582051,0.7027285642686274,-3.9210623745430424,3.7973776135631936,3.0,11.0,,0.0,0.0,3,0.0,0.0,0.6438055555555556,0.0,-0.0,20.525,-2.0625,112,4,2016,203
2017-04-23,0.0,0.0,0,0.0,-0.8,9.4,4.958333333333333,8.0,4.708333333333333,-2.6376523069493207,2.8230239517076687,70.75,327.875,600.0,6.5,1018.2458333333334,1014.7,-0.08333333333333331,-3.9,,,,315.11499092733004,0.7231851403600683,0.0,0.0,0.0,0.0,0.0,0.0,,0.8333333333333334,1,0,0.0,0.0,6.58,27.37,48.440000000000005,1.0,736.82,7.81666666666672,5.233333333333462,9.576190476190504,0.0,,,5.041666666666666,3.0999999999999996,-0.7056862157485121,0.708524498449097,-0.7056862157485121,0.708524498449097,-1.8661390071666444,1.9972894458331758,4.0,12.0,,0.0,0.0,4,0.0,0.0,0.6633055555555556,0.0,-0.0,18.833333333333332,-0.1416666666666675,113,4,2016,204
2017-04-24,0.0,0.1,0,0.0,5.2,15.4,9.049999999999999,9.0,4.458333333333333,0.6690435258359103,-4.060138804227721,70.04166666666667,329.375,600.0,25.583333333333332,1024.4208333333333,1021.8,3.6208333333333336,-0.2,,,,170.32501038851808,0.9170193151071266,0.0,0.0,0.0,0.0,0.0,0.0,,0.7083333333333334,0,0,0.0,0.0,6.58,27.37,48.300000000000004,1.0,736.82,6.1749999999999545,15.587499999999977,13.864285714285757,0.0,,,5.429166666666665,5.4,0.16805909053005041,-0.9857769230866649,0.16805909053005041,-0.9857769230866649,0.46860923622090217,-2.8437888874611668,5.0,13.0,,0.0,0.0,5,0.0,0.0,0.7863888888888889,0.0,-0.0,22.291666666666664,4.091666666666666,114,4,2016,205
2017-04-25,0.0,0.0,0,0.0,4.7,14.2,8.424999999999999,7.3,4.616666666666666,-1.0363491062299808,-3.5482364839400318,80.83333333333333,286.125,600.0,86.08333333333333,1024.0874999999999,1020.6,4.983333333333333,2.9,,,,198.34448698782776,0.80261213968654,0.0,0.0,0.0,0.0,0.0,0.0,,0.08333333333333333,0,0,0.0,0.0,6.58,8.54,43.68000000000001,1.0,736.82,-0.3333333333334849,13.65833333333319,9.46964285714273,0.0,,,3.4416666666666655,1.8000000000000003,-0.31472953735228404,-0.949181393790469,-0.31472953735228404,-0.949181393790469,-0.8377155275359012,-2.8681578245181925,6.0,14.0,,0.0,0.0,6,0.0,0.0,0.7757499999999999,0.0,-0.0,27.699999999999996,-0.625,115,4,2016,206
2017-04-26,0.07,23.6,1,0.07,5.7,11.9,8.391666666666667,6.1,3.4125,-1.5041404722855543,-1.0113370653527216,81.875,110.04166666666667,412.0,99.875,1015.1458333333334,1011.4,5.379166666666666,2.6,,,,235.56382168251974,0.6158670012628026,5.7,6.1,6.1,93.0,-4.31335136523794,4.3133513652379385,315.0,0.0,0,1,0.07,0.07000000000000711,0.07,6.930000000000001,39.620000000000005,1.0,736.89,-8.941666666666492,-3.1000000000000227,-1.1648809523809405,0.0,,,3.012500000000001,3.1,-0.8247565962705091,-0.5654878928043326,-0.7071067811865477,0.7071067811865474,-1.2315150116837976,-0.8280322222575408,0.0,15.0,0.9999999999998985,1.0000000000001015,0.427,0,0.0069512187499999965,0.07000000000000711,0.6107222222222223,0.427,0.0,0.0,-0.03333333333333144,116,4,2016,207
2017-04-27,1.4,3.2,5,0.35,1.0,8.2,5.3999999999999995,9.3,6.220833333333334,-4.543387540986834,4.062328872828563,74.33333333333333,274.6666666666667,600.0,89.625,1008.8583333333332,1007.1,0.7791666666666667,-3.6,,,,312.22423186500686,0.9771833392695141,5.18,5.46,6.1,90.4,-3.74856806487461,3.948192837163989,316.39836148461745,0.0,0,5,1.47,1.470000000000007,1.47,8.05,40.18,1.0,738.29,-6.287500000000136,-15.562500000000114,-6.858928571428578,0.0,,,4.620833333333333,4.6,-0.740520442056143,0.6720338346370476,-0.6896402529499888,0.7241521397545377,-3.3772514054668794,3.0196644621358986,0.0,16.0,0.9523809523809478,1.0000000000000049,13.02,0,0.15718622500000007,1.470000000000007,0.613111111111111,7.643999999999999,0.0,0.0,-2.991666666666668,117,4,2016,208
2017-04-28,0.0,0.0,0,0.0,-1.6,9.8,5.216666666666667,7.6,4.3374999999999995,-3.5726015644225853,-0.18943572093445668,68.20833333333333,335.9583333333333,600.0,7.833333333333333,1008.4,1006.2,-0.5791666666666667,-3.8,,,,267.25689495596663,0.8487221574416243,0.0,0.0,0.0,0.0,0.0,0.0,,0.875,0,0,1.4,1.470000000000007,1.47,8.05,40.11,1.0,738.29,-0.45833333333325754,-15.687499999999886,-7.255357142857292,0.0,,,5.795833333333333,2.1999999999999997,-0.9988541529252519,-0.047857927075640995,-0.9988541529252519,-0.047857927075640995,-2.436811983733238,-0.1292109479873773,1.0,17.0,0.0,1.0000000000000049,0.0,1,0.0,0.7350000000000035,0.6691111111111111,0.0,-0.0,4.3374999999999995,-0.18333333333333268,118,4,2016,209
2017-04-29,0.0,0.7,0,0.0,-0.4,12.6,5.9125000000000005,7.2,4.133333333333334,-1.2670503308884662,-2.3406127570200144,77.375,277.5,600.0,37.666666666666664,1007.0958333333333,1003.0,2.029166666666667,-2.4,,,,216.0201895670804,0.5504200398650052,0.0,0.0,0.0,0.0,0.0,0.0,,0.4583333333333333,1,0,0.0,1.400000000000007,1.47,8.05,39.690000000000005,2.0,738.29,-1.3041666666666742,-8.050000000000068,-8.083333333333371,0.0,,,3.8833333333333337,2.0,-0.588070292688841,-0.8088098236649088,-0.588070292688841,-0.8088098236649088,-0.9803801935249506,-1.8110491207442363,2.0,18.0,0.0,0.9523809523809572,0.0,2,0.0,0.466666666666669,0.7229166666666668,0.0,-0.0,8.266666666666667,0.6958333333333337,119,4,2016,210
2017-04-30,0.0,0.0,0,0.0,1.1,18.5,10.333333333333334,6.9,3.8166666666666664,-1.4438074267584733,-1.955308564028339,64.79166666666667,334.4166666666667,600.0,8.541666666666666,1009.9666666666667,1008.0,3.533333333333333,-7.1,,,,216.422647464745,0.6081623176898565,0.0,0.0,0.0,0.0,0.0,0.0,,0.8333333333333334,0,0,0.0,0.0,1.47,8.05,37.660000000000004,1.0,738.29,2.870833333333394,1.1083333333334622,-4.029761904761926,0.0,,,6.800000000000001,8.2,-0.5937369928840932,-0.8046591721225542,-0.5937369928840932,-0.8046591721225542,-0.9354668952539275,-1.2668770071100282,3.0,19.0,,0.0,0.0,3,0.0,0.0,0.77225,0.0,-0.0,11.45,4.420833333333333,120,4,2016,211
2017-05-01,0.0,12.6,0,0.0,0.5,11.9,7.5874999999999995,6.8,4.104166666666667,-2.408167665292547,2.22823805064405,85.75,107.20833333333333,320.0,67.125,1015.3333333333334,1011.4,5.270833333333333,-0.4,,,,303.9758373534413,0.7276626754061009,0.0,0.0,0.0,0.0,0.0,0.0,,0.20833333333333334,0,0,0.0,0.0,1.47,8.05,36.89,1.0,738.29,5.366666666666674,6.933333333333394,2.6351190476191277,0.0,,,2.3166666666666664,0.9,-0.8292733203942125,0.5588432339058582,-0.8292733203942125,0.5588432339058582,-2.065003772988359,1.9107141284272728,4.0,20.0,,0.0,0.0,4,0.0,0.0,0.62175,0.0,-0.0,16.416666666666668,-2.7458333333333345,121,5,2016,212
2017-05-02,0.0,0.0,0,0.0,-2.7,13.0,6.879166666666666,7.3,5.029166666666667,-1.0569747382511865,0.6228651915461408,67.875,342.5,600.0,9.75,1024.0416666666667,1021.6,1.1291666666666667,-7.0,,,,306.2977403683197,0.24071794495569696,0.0,0.0,0.0,0.0,0.0,0.0,,0.875,1,0,0.0,0.0,1.47,8.05,36.89,2.0,738.29,8.708333333333371,16.94583333333344,11.350000000000023,0.0,,,5.75,4.3,-0.8059516294450232,0.591981394128998,-0.8059516294450232,0.591981394128998,-0.7174216035879928,0.42276974876194306,5.0,21.0,,0.0,0.0,5,0.0,0.0,0.7434722222222222,0.0,-0.0,25.145833333333336,-0.708333333333333,122,5,2016,213
2017-05-03,0.0,0.0,0,0.0,8.1,19.1,12.708333333333334,8.0,3.7541666666666664,-0.5636893966644105,-1.824693093866988,71.29166666666667,282.4166666666667,600.0,96.25,1025.8416666666667,1024.3,7.370833333333334,2.4,,,,216.87790657660074,0.48000915367503294,0.0,0.0,0.0,0.0,0.0,0.0,,0.0,0,0,0.0,0.0,1.4,1.47,29.330000000000002,2.0,738.29,1.7999999999999545,15.875,11.622023809523967,0.0,,,5.3375,5.699999999999999,-0.6001118199069309,-0.7999161228578853,-0.6001118199069309,-0.7999161228578853,-0.40186356570533605,-1.3008541181693403,6.0,22.0,,0.0,0.0,6,0.0,0.0,0.7592500000000001,0.0,-0.0,22.525,5.8291666666666675,123,5,2016,214
2017-05-04,0.0,0.0,0,0.0,3.2,19.6,11.799999999999999,9.9,5.245833333333334,0.472149528545927,-3.803465306380481,79.04166666666667,316.5416666666667,600.0,45.583333333333336,1022.5791666666668,1020.0,7.716666666666666,3.1,,,,199.9893503400698,0.5976535504474864,0.0,0.0,0.0,0.0,0.0,0.0,,0.3333333333333333,0,0,0.0,0.0,0.0,1.47,29.12,2.0,738.29,-3.262499999999932,7.245833333333394,6.399404761904748,0.0,,,4.083333333333333,0.10000000000000009,-0.3418454752194492,-0.9397561763947013,-0.3418454752194492,-0.9397561763947013,0.3731948565215098,-3.006322369251572,7.0,23.0,,,0.0,6,0.0,0.0,0.8078333333333334,0.0,-0.0,31.475,-0.908333333333335,124,5,2016,215
2017-05-05,0.0,0.0,0,0.0,3.5,20.4,12.3125,5.0,2.3249999999999997,-1.7823682523695734,-0.376559416067146,80.16666666666667,268.6666666666667,600.0,45.708333333333336,1016.8958333333334,1014.3,8.370833333333334,3.1,,,,259.3553349371527,0.6051321018751716,0.0,0.0,0.0,0.0,0.0,0.0,,0.20833333333333334,0,0,0.0,0.0,0.0,1.47,29.12,2.0,738.29,-5.683333333333394,-7.145833333333371,-0.4976190476189686,0.0,,,3.9416666666666664,0.3999999999999999,-0.982791650780031,-0.1847175442589623,-0.982791650780031,-0.1847175442589623,-1.4288652156496082,-0.3018751318804954,8.0,24.0,,,0.0,6,0.0,0.0,0.7796666666666666,0.0,-0.0,13.95,0.5125000000000011,125,5,2016,216
2017-05-06,0.0,10.3,0,0.0,5.8,18.5,12.316666666666668,5.4,2.7083333333333335,-1.8412564731821703,-0.11820940566253162,96.625,102.83333333333333,502.0,93.0,1012.3166666666666,1010.1,11.766666666666666,5.6,,,,260.2485260196671,0.6857491869110123,0.0,0.0,0.0,0.0,0.0,0.0,,0.0,0,0,0.0,0.0,0.0,1.47,29.12,1.0,738.29,-4.579166666666765,-13.525000000000091,-5.822619047619128,0.0,,,0.5500000000000025,0.20000000000000018,-0.9855517020788033,-0.16937485802082247,-0.9855517020788033,-0.16937485802082247,-1.779114067212272,-0.11421983822142118,9.0,25.0,,,0.0,6,0.0,0.0,0.7239722222222222,0.0,-0.0,16.25,0.004166666666668206,126,5,2016,217
2017-05-07,0.0,0.0,0,0.0,3.8,15.0,10.341666666666667,12.2,5.683333333333334,-4.35663019828192,1.1637854063106106,66.79166666666667,330.125,600.0,32.333333333333336,1010.3249999999999,1009.0,3.579166666666667,-3.2,,,,282.2317050291537,0.5914021996483962,0.0,0.0,0.0,0.0,0.0,0.0,,0.625,0,0,0.0,0.0,0.0,1.47,29.12,1.0,738.29,-1.9916666666666742,-12.254166666666833,-7.865476190476215,0.0,,,6.762499999999999,7.0,-0.9772988065609692,0.21186562414536542,-0.9772988065609692,0.21186562414536542,-2.909865919935799,0.7773116692982954,10.0,26.0,,,0.0,6,0.0,0.0,0.7760555555555556,0.0,-0.0,34.1,-1.9750000000000014,127,5,2016,218
2017-05-08,0.0,0.0,0,0.0,5.9,17.4,11.758333333333333,13.1,5.795833333333333,-4.791458417905011,1.6255539953730134,62.125,337.75,600.0,6.25,1011.3208333333333,1009.6,4.208333333333333,-0.5,,,,284.24924680339274,0.76539309406854,0.0,0.0,0.0,0.0,0.0,0.0,,0.9166666666666666,0,0,0.0,0.0,0.0,1.47,29.12,1.0,738.29,0.995833333333394,-5.5750000000000455,-6.296428571428578,0.0,,,7.55,6.4,-0.969234145495296,0.24614055173011107,-0.969234145495296,0.24614055173011107,-2.9766935421234875,1.0098754196254847,11.0,27.0,,,0.0,6,0.0,0.0,0.7655833333333333,0.0,-0.0,34.775,1.416666666666666,128,5,2016,219
2017-05-09,0.0,0.8,0,0.0,5.4,19.4,13.854166666666666,11.9,3.3625000000000003,0.6047484035906869,-1.6439682715613664,67.0,184.41666666666666,578.0,92.375,1016.5375,1014.1,7.25,-0.4,,,,186.5103268493864,0.2652544168760762,0.0,0.0,0.0,0.0,0.0,0.0,,0.0,0,0,0.0,0.0,0.0,1.47,28.840000000000003,0.0,738.29,5.216666666666697,4.220833333333417,-0.007738095238096321,0.0,,,6.604166666666666,5.800000000000001,-0.11338229085854049,-0.9935514360714645,-0.11338229085854049,-0.9935514360714645,0.4051814304057602,-1.1014587419461155,12.0,28.0,,,0.0,6,0.0,0.0,0.679611111111111,0.0,-0.0,20.175,2.095833333333333,129,5,2016,220
2017-05-10,0.0,5.8,0,0.0,9.3,14.5,11.424999999999999,8.0,5.058333333333334,1.8586316168283263,-3.6780611521157773,98.5,80.75,267.0,99.91666666666667,1012.4458333333333,1008.7,11.174999999999999,9.3,,,,165.3705730068597,0.6370495485821963,0.0,0.0,0.0,0.0,0.0,0.0,,0.0,0,0,0.0,0.0,0.0,1.4,28.840000000000003,0.0,738.29,-4.091666666666697,2.120833333333394,-2.1857142857143117,0.0,,,0.25,0.0,0.25256633839188863,-0.9675795805572346,0.25256633839188863,-0.9675795805572346,1.8307521425759015,-3.622890234834041,13.0,29.0,,,0.0,6,0.0,0.0,0.704388888888889,0.0,-0.0,30.35,-2.429166666666667,130,5,2016,221
2017-05-11,0.0,11.8,0,0.0,9.9,16.1,12.445833333333333,8.4,3.6625,-2.9504976589656997,0.7174185014303815,91.375,211.83333333333334,600.0,75.20833333333333,1010.1875,1007.8,10.983333333333334,9.3,,,,278.13457516110475,0.7001450716975268,0.0,0.0,0.0,0.0,0.0,0.0,,0.0,0,0,0.0,0.0,0.0,0.0,10.01,0.0,738.29,-2.2583333333333258,-1.1333333333333258,-2.6738095238094957,0.0,,,1.4624999999999986,0.5999999999999996,-0.989938450557115,0.1414986364195014,-0.989938450557115,0.1414986364195014,-2.6960172358799084,0.6555411556820111,14.0,30.0,,,0.0,6,0.0,0.0,0.7791388888888888,0.0,-0.0,21.975,1.020833333333334,131,5,2016,222
2017-05-12,0.0,0.7000000000000001,0,0.0,10.1,21.3,15.045833333333333,8.4,3.766666666666666,-1.2817524939656124,-1.8905546459519715,80.25,237.5,600.0,91.66666666666667,1014.5541666666667,1013.2,11.262500000000001,9.3,,,,228.16815942501705,0.6351254073077809,0.0,0.0,0.0,0.0,0.0,0.0,,0.0,0,0,0.0,0.0,0.0,0.0,8.33,0.0,738.29,4.366666666666674,-1.9833333333333485,2.0273809523810087,0.0,,,3.7833333333333314,0.7999999999999989,-0.745105477253265,-0.6669466453676667,-0.745105477253265,-0.6669466453676667,-1.0286063764074038,-1.517170103376457,15.0,31.0,,,0.0,6,0.0,0.0,0.7591666666666667,0.0,-0.0,22.599999999999998,2.5999999999999996,132,5,2016,223
2017-05-13,0.0,31.3,0,0.0,10.9,13.2,12.095833333333333,13.5,7.95,3.199515573524819,-6.316552319884397,98.20833333333333,61.666666666666664,294.0,99.95833333333333,1009.775,1006.4,11.829166666666666,10.8,,,,166.50213301142094,0.6972623547822555,0.0,0.0,0.0,0.0,0.0,0.0,,0.0,0,0,0.0,0.0,0.0,0.0,8.049999999999999,0.0,738.29,-4.779166666666697,-2.6708333333333485,-2.3886904761905043,0.0,,,0.2666666666666675,0.09999999999999964,0.23340916423646674,-0.9723786104447352,0.23340916423646674,-0.9723786104447352,3.142190919499166,-6.203380757486468,16.0,32.0,,,0.0,6,0.0,0.0,0.6618055555555555,0.0,-0.0,47.7,-2.9499999999999993,133,5,2016,224
2017-05-14,0.0,7.4,0,0.0,8.5,21.8,14.879166666666668,11.5,5.195833333333334,1.1655800966997425,-3.9084517640496172,86.375,313.4583333333333,600.0,57.25,1009.2583333333333,1007.1,12.225,8.4,,,,181.70062185242097,0.5413085738863777,0.0,0.0,0.0,0.0,0.0,0.0,,0.16666666666666666,0,0,0.0,0.0,0.0,0.0,8.049999999999999,0.0,738.29,-0.5166666666666515,-0.9291666666666742,-2.752976190476147,0.0,,,2.6541666666666686,0.09999999999999964,-0.029677092678568755,-0.999559538081723,-0.029677092678568755,-0.999559538081723,1.0067698085244026,-3.375925211197857,17.0,33.0,,,0.0,6,0.0,0.0,0.8302222222222223,0.0,-0.0,31.175000000000004,2.783333333333335,134,5,2016,225
2017-05-15,0.0,2.7,0,0.0,6.3,18.6,13.012500000000001,9.5,5.5249999999999995,-1.8650515818692313,-2.6102073527789726,86.04166666666667,243.45833333333334,600.0,80.83333333333333,1009.8083333333334,1007.7,10.479166666666666,5.9,,,,209.9114653514764,0.5886298003239004,0.0,0.0,0.0,0.0,0.0,0.0,,0.041666666666666664,0,0,0.0,0.0,0.0,0.0,8.049999999999999,0.0,738.29,0.5500000000000682,-4.74583333333328,-1.986904761904725,0.0,,,2.533333333333335,0.39999999999999947,-0.49866120286220783,-0.8667969801285743,-0.49866120286220783,-0.8667969801285743,-1.604721465233318,-2.245865909786908,18.0,34.0,,,0.0,6,0.0,0.0,0.7824444444444444,0.0,-0.0,33.15,-1.8666666666666671,135,5,2016,226
2017-05-16,0.0,0.0,0,0.0,4.6,17.1,11.1625,8.1,4.5125,-3.149502464788277,2.2733385059828897,73.95833333333333,282.2083333333333,600.0,71.70833333333333,1009.9666666666667,1007.9,6.2625,3.3,,,,306.98332087075266,0.8632338009353612,0.0,0.0,0.0,0.0,0.0,0.0,,0.041666666666666664,0,0,0.0,0.0,0.0,0.0,8.049999999999999,0.0,738.29,0.15833333333330302,0.19166666666671972,-0.8898809523809632,0.0,,,4.8999999999999995,1.2999999999999998,-0.7988106680022813,0.6015825102891117,-0.7988106680022813,0.6015825102891117,-2.329319531249663,1.6813232700498455,19.0,35.0,,,0.0,6,0.0,0.0,0.7680000000000001,0.0,-0.0,27.075000000000003,-1.8500000000000014,136,5,2016,227
2017-05-17,0.0,7.5,0,0.0,7.0,17.4,11.987499999999999,6.6,3.4583333333333335,1.3756504481114689,-0.3499687732213225,84.70833333333333,218.83333333333334,600.0,81.66666666666667,1010.3041666666667,1008.5,9.275,6.0,,,,100.42282255579912,0.2578843309284039,0.0,0.0,0.0,0.0,0.0,0.0,,0.0,0,0,0.0,0.0,0.0,0.0,8.049999999999999,0.0,738.29,0.33749999999997726,1.0458333333333485,-0.2464285714286234,0.0,,,2.7124999999999986,1.0,0.9834994868216083,-0.18091091570613765,0.9834994868216083,-0.18091091570613765,1.1652905670877567,-0.29645271498289527,20.0,36.0,,,0.0,6,0.0,0.0,0.7615833333333333,0.0,-0.0,20.75,0.8249999999999993,137,5,2016,228
2017-05-18,0.0,9.5,0,0.0,6.4,17.4,12.141666666666666,5.9,2.6,0.11688172892195196,0.24233065010447916,90.45833333333333,206.33333333333334,572.0,70.08333333333333,1014.9916666666667,1013.4,10.454166666666667,6.3,,,,4.402245733833653,0.259035543722994,0.0,0.0,0.0,0.0,0.0,0.0,,0.0,0,0,0.0,0.0,0.0,0.0,8.049999999999999,0.0,738.29,4.6875,5.18333333333328,3.7547619047618355,0.0,,,1.6874999999999982,0.10000000000000053,0.07675810799869692,0.9970497444242491,0.07675810799869692,0.9970497444242491,0.10572926395398237,0.21920826724034342,21.0,37.0,,,0.0,6,0.0,0.0,0.7724166666666666,0.0,-0.0,15.600000000000001,0.15416666666666679,138,5,2016,229
2017-05-19,0.0,0.0,0,0.0,5.0,22.4,14.595833333333333,5.4,2.5375,-0.45301261647331437,-0.5859292832260877,72.625,341.75,600.0,27.666666666666668,1017.0041666666666,1015.2,8.791666666666666,4.9,,,,209.38175513597437,0.1683748290816234,0.0,0.0,0.0,0.0,0.0,0.0,,0.7083333333333334,0,0,0.0,0.0,0.0,0.0,1.47,0.0,738.29,2.012499999999932,7.037499999999909,5.417261904761858,0.0,,,5.804166666666667,0.09999999999999964,-0.4906263055481886,-0.8713700868770602,-0.4906263055481886,-0.8713700868770602,-0.32900041271374453,-0.4255311419429462,22.0,38.0,,,0.0,6,0.0,0.0,0.8032499999999999,0.0,-0.0,15.225000000000001,2.4541666666666675,139,5,2016,230
2017-05-20,0.0,0.0,0,0.0,8.4,25.3,17.495833333333334,3.6,2.5208333333333335,-0.6100206296262388,0.43609148448465024,71.58333333333333,339.5416666666667,600.0,1.125,1017.3583333333332,1015.6,11.762500000000001,5.0,,,,300.1788459556671,0.3083090202617745,0.0,0.0,0.0,0.0,0.0,0.0,,1.0,0,0,0.0,0.0,0.0,0.0,1.47,0.0,738.29,0.35416666666662877,7.054166666666561,4.688095238095116,0.0,,,5.7333333333333325,3.4000000000000004,-0.8644604618924421,0.5027008154207686,-0.8644604618924421,0.5027008154207686,-0.43667310070744925,0.3121688209769288,23.0,39.0,,,0.0,6,0.0,0.0,0.7983055555555555,0.0,-0.0,15.125,2.9000000000000004,140,5,2016,231
2017-05-21,0.0,0.0,0,0.0,11.4,27.4,19.3125,5.8,3.15,-0.12585375124085915,0.1803427885969332,67.16666666666667,342.8333333333333,600.0,38.583333333333336,1017.6750000000001,1015.4,12.450000000000001,5.9,,,,280.04640050259786,0.21895365020491936,0.0,0.0,0.0,0.0,0.0,0.0,,0.5416666666666666,0,0,0.0,0.0,0.0,0.0,1.47,0.0,738.29,0.3166666666668334,2.683333333333394,3.802380952380986,0.0,,,6.862499999999999,5.5,-0.9846668025793273,0.1744456588688989,-0.9846668025793273,0.1744456588688989,-0.08453176958344373,0.12113023967427347,24.0,40.0,,,0.0,6,0.0,0.0,0.7857777777777778,0.0,-0.0,18.9,1.8166666666666664,141,5,2016,232
2017-05-22,0.0,0.2,0,0.0,11.9,25.2,18.941666666666666,10.0,4.029166666666667,0.9244054425137493,-0.5468721273454568,80.25,310.9166666666667,600.0,56.083333333333336,1016.625,1014.9,14.908333333333333,11.9,,,,279.94946782527444,0.10642129725665098,0.0,0.0,0.0,0.0,0.0,0.0,,0.20833333333333334,0,0,0.0,0.0,0.0,0.0,1.47,0.0,738.29,-1.0500000000000682,-0.37916666666660603,1.7785714285713539,0.0,,,4.033333333333333,0.0,-0.9849605194817821,0.17277955626224395,-0.9849605194817821,0.17277955626224395,0.7418353676172839,-0.438864882194729,25.0,41.0,,,0.0,6,0.0,0.0,0.8081111111111111,0.0,-0.0,24.175,-0.37083333333333357,142,5,2016,233
2017-05-23,0.0,3.7,0,0.0,11.7,23.4,18.041666666666668,7.2,3.4,-0.013902506035293805,-0.6822894058796637,84.125,276.3333333333333,600.0,78.20833333333333,1013.1,1010.0,14.979166666666666,11.7,,,,257.49480666529973,0.17152179572832674,0.0,0.0,0.0,0.0,0.0,0.0,,0.16666666666666666,0,0,0.0,0.0,0.0,0.0,1.47,0.0,738.29,-3.5249999999999773,-4.258333333333212,-2.1940476190476375,0.0,,,3.0625000000000018,0.0,-0.9762763848519321,-0.21652810528991878,-0.9762763848519321,-0.21652810528991878,-0.011695483202190913,-0.573975962696267,26.0,42.0,,,0.0,6,0.0,0.0,0.7979722222222222,0.0,-0.0,20.4,-0.8999999999999986,143,5,2016,234
2017-05-24,0.0,3.9,0,0.0,12.6,17.7,15.325000000000001,5.6,2.8666666666666667,0.00810636303346729,-1.2155792345590923,93.66666666666667,95.125,351.0,99.70833333333333,1010.5749999999999,1009.5,14.295833333333334,12.5,,,,184.12622282171245,0.3257450788422762,0.0,0.0,0.0,0.0,0.0,0.0,,0.0,0,0,0.0,0.0,0.0,0.0,1.47,0.0,738.29,-2.525000000000091,-7.100000000000136,-4.757738095238096,0.0,,,1.0291666666666668,0.09999999999999964,-0.07195394011805999,-0.9974079559044466,-0.07195394011805999,-0.9974079559044466,0.007592960041347695,-1.1385925497036833,27.0,43.0,,,0.0,6,0.0,0.0,0.7089722222222222,0.0,-0.0,17.2,-2.716666666666667,144,5,2016,235
2017-05-25,0.0,12.9,0,0.0,13.3,17.1,14.704166666666666,7.9,3.9875000000000003,1.354157414014313,-1.9180305227789862,96.29166666666667,98.125,443.0,97.875,1008.0916666666667,1005.9,14.108333333333334,12.4,,,,144.98186754789688,0.40644208597710285,0.0,0.0,0.0,0.0,0.0,0.0,,0.0,0,0,0.0,0.0,0.0,0.0,1.47,0.0,738.29,-2.483333333333235,-8.533333333333303,-6.255357142856951,0.0,,,0.5958333333333314,0.9000000000000004,0.5738356454827208,-0.8189704829683602,0.5738356454827208,-0.8189704829683602,1.3039407432446157,-1.8469035575592656,28.0,44.0,,,0.0,6,0.0,0.0,0.7197222222222223,0.0,-0.0,23.925,-0.6208333333333353,145,5,2016,236
2017-05-26,0.0,20.900000000000002,0,0.0,11.7,18.1,14.85,7.4,4.416666666666667,0.8622087007312965,-2.4713307369146587,97.04166666666667,148.125,600.0,99.16666666666667,1005.0041666666666,1003.2,14.387500000000001,11.5,,,,164.88179524347086,0.532945856693428,0.0,0.0,0.0,0.0,0.0,0.0,,0.0,0,0,0.0,0.0,0.0,0.0,1.4,0.0,738.29,-3.087500000000091,-8.095833333333417,-7.628571428571377,0.0,,,0.4624999999999986,0.1999999999999993,0.26081125794639504,-0.9653898112826854,0.26081125794639504,-0.9653898112826854,0.8367016933346624,-2.3982205359476,29.0,45.0,,,0.0,6,0.0,0.0,0.7555555555555555,0.0,-0.0,26.5,0.14583333333333393,146,5,2016,237
2017-05-27,0.0,2.4,0,0.0,9.7,19.6,14.229166666666666,7.4,4.0125,-2.7879140373504154,-2.5626858504740855,79.29166666666667,285.4166666666667,600.0,49.375,1008.2624999999999,1006.6,10.233333333333333,8.5,,,,225.98029607541017,0.9411245121342869,0.0,0.0,0.0,0.0,0.0,0.0,,0.20833333333333334,0,0,0.0,0.0,0.0,0.0,0.0,0.0,738.29,3.2583333333333258,-2.3125,-3.0708333333334394,0.0,,,3.9958333333333336,1.1999999999999993,-0.7191008659324876,-0.6949057091542323,-0.7191008659324876,-0.6949057091542323,-2.2105835054491005,-2.0319963222717434,30.0,46.0,,,0.0,6,0.0,0.0,0.7879166666666667,0.0,-0.0,24.075000000000003,-0.6208333333333336,147,5,2016,238
2017-05-28,0.0,0.0,0,0.0,5.0,19.8,13.091666666666667,6.6,4.141666666666667,-3.264989671418963,1.6336897534843757,77.29166666666667,333.125,600.0,25.125,1012.6291666666666,1010.9,8.708333333333334,4.8,,,,292.2596723054647,0.8840679974528628,0.0,0.0,0.0,0.0,0.0,0.0,,0.6666666666666666,0,0,0.0,0.0,0.0,0.0,0.0,0.0,738.29,4.366666666666674,4.537499999999909,2.016666666666538,0.0,,,4.383333333333333,0.20000000000000018,-0.9254765698024562,0.37880485575910916,-0.9254765698024562,0.37880485575910916,-2.5235649335342405,1.2627060386306321,31.0,47.0,,,0.0,6,0.0,0.0,0.8130555555555556,0.0,-0.0,24.85,-1.1374999999999993,148,5,2016,239
2017-05-29,0.0,0.0,0,0.0,8.1,24.3,17.0,6.9,3.5041666666666664,0.1822540512456099,-1.7342614834249395,68.66666666666667,336.375,600.0,4.458333333333333,1013.3625000000001,1011.0,10.825000000000001,1.9,,,,184.27328239385258,0.39859913300926475,0.0,0.0,0.0,0.0,0.0,0.0,,0.9583333333333334,0,0,0.0,0.0,0.0,0.0,0.0,0.0,738.29,0.7333333333334622,8.358333333333462,3.2160714285715812,0.0,,,6.174999999999999,6.199999999999999,-0.07451372109671027,-0.9972199884520575,-0.07451372109671027,-0.9972199884520575,0.1251477818553188,-1.1908595519517917,32.0,48.0,,,0.0,6,0.0,0.0,0.7864722222222222,0.0,-0.0,21.025,3.908333333333333,149,5,2016,240
2017-05-30,0.0,0.0,0,0.0,13.8,25.7,19.599999999999998,6.8,2.9458333333333333,-2.5847200314595047,0.35612568755945057,72.08333333333333,326.4583333333333,600.0,65.25,1012.0,1010.7,13.829166666666667,9.7,,,,277.3889004986663,0.7570965729745505,0.0,0.0,0.0,0.0,0.0,0.0,,0.25,0,0,0.0,0.0,0.0,0.0,0.0,0.0,738.29,-1.3625000000000682,3.737500000000068,2.010714285714357,0.0,,,5.77083333333333,4.100000000000001,-0.9916960944241614,0.12860348480451367,-0.9916960944241614,0.12860348480451367,-1.8631523560103929,0.2567072664491039,33.0,49.0,,,0.0,6,0.0,0.0,0.7912499999999999,0.0,-0.0,17.675,2.599999999999998,150,5,2016,241
2017-05-31,0.0,0.2,0,0.0,14.4,24.3,19.354166666666668,6.1,3.0500000000000003,-0.30243997890956437,-1.1933985405843632,71.20833333333333,231.04166666666666,600.0,99.33333333333333,1008.4,1005.0,13.775,9.2,,,,217.13922810340884,0.27045568003659415,0.0,0.0,0.0,0.0,0.0,0.0,,0.0,0,0,0.0,0.0,0.0,0.0,0.0,0.0,738.29,-3.6000000000000227,-4.229166666666629,-1.2785714285714675,0.0,,,5.5791666666666675,5.200000000000001,-0.6037539197879246,-0.7971707498025228,-0.6037539197879246,-0.7971707498025228,-0.2153624683151856,-0.8497992107744485,34.0,50.0,,,0.0,6,0.0,0.0,0.7247222222222222,0.0,-0.0,18.3,-0.24583333333333002,151,5,2016,242
2017-06-01,0.0,4.9,0,0.0,13.1,20.3,16.7375,6.9,2.9875000000000003,-0.45086278133447816,-0.0422225175490174,88.04166666666667,184.45833333333334,600.0,78.04166666666667,1001.0666666666666,997.0,14.716666666666667,12.5,,,,306.5924647016864,0.2425978784747586,0.0,0.0,0.0,0.0,0.0,0.0,,0.125,0,0,0.0,0.0,0.0,0.0,0.0,0.0,738.29,-7.333333333333371,-12.295833333333462,-7.608333333333462,0.0,,,2.020833333333334,0.5999999999999996,-0.8028958812189195,0.5961192866546885,-0.8028958812189195,0.5961192866546885,-0.3969471070665635,-0.037173408158780744,35.0,51.0,,,0.0,6,0.0,0.0,0.7497777777777778,0.0,-0.0,17.925,-2.616666666666667,152,6,2016,243
2017-06-02,0.0,30.5,0,0.0,9.1,15.6,12.454166666666666,9.7,5.258333333333334,-3.159508605773043,1.1120672005058763,86.95833333333333,183.58333333333334,600.0,84.875,998.0333333333333,994.3,10.308333333333334,7.5,,,,273.8891985424381,0.5552066439048279,0.0,0.0,0.0,0.0,0.0,0.0,,0.0,0,0,0.0,0.0,0.0,0.0,0.0,0.0,738.29,-3.033333333333303,-13.966666666666697,-9.645833333333371,0.0,,,2.145833333333332,1.5999999999999996,-0.9976970834171038,0.0678272050213221,-0.9976970834171038,0.0678272050213221,-2.747456025103475,0.9670351031065683,36.0,52.0,,,0.0,6,0.0,0.0,0.7455833333333333,0.0,-0.0,31.550000000000004,-4.283333333333335,153,6,2016,244
2017-06-03,0.0,0.2,0,0.0,6.7,15.2,10.854166666666666,9.4,5.879166666666666,-4.37847197915032,3.28061953854213,79.95833333333333,282.25,600.0,67.41666666666667,1005.4833333333332,1003.3,7.345833333333334,5.7,,,,302.438910800852,0.9153959758701611,0.0,0.0,0.0,0.0,0.0,0.0,,0.041666666666666664,0,0,0.0,0.0,0.0,0.0,0.0,0.0,738.29,7.449999999999932,-2.9166666666667425,-1.798809523809723,0.0,,,3.508333333333332,1.0,-0.8439638392807065,0.5364000726944114,-0.8439638392807065,0.5364000726944114,-3.50095321999561,2.623128706025978,37.0,53.0,,,0.0,6,0.0,0.0,0.7880277777777778,0.0,-0.0,35.275,-1.5999999999999996,154,6,2016,245
2017-06-04,0.0,0.1,0,0.0,7.0,15.0,10.770833333333334,11.2,7.416666666666667,-4.239841044029169,5.988293376554484,77.33333333333333,297.75,600.0,42.791666666666664,1010.7458333333334,1009.3,6.766666666666667,5.6,,,,323.53266150954744,0.9889947586086433,0.0,0.0,0.0,0.0,0.0,0.0,,0.3333333333333333,0,0,0.0,0.0,0.0,0.0,0.0,0.0,738.29,5.262500000000159,9.679166666666788,3.7327380952382327,0.0,,,4.004166666666667,1.4000000000000004,-0.5943644508189393,0.8041958092421899,-0.5943644508189393,0.8041958092421899,-3.278810407382557,4.6309468778688005,38.0,54.0,,,0.0,6,0.0,0.0,0.7896111111111112,0.0,-0.0,44.5,-0.08333333333333215,155,6,2016,246
2017-06-05,0.0,0.1,0,0.0,6.4,16.9,12.116666666666667,8.0,4.554166666666666,-1.8702440316774622,3.6446523425779422,72.70833333333333,300.7083333333333,600.0,35.875,1015.2875,1013.6,7.008333333333333,3.7,,,,328.29577174355893,0.8579458728119873,0.0,0.0,0.0,0.0,0.0,0.0,,0.3333333333333333,0,0,0.0,0.0,0.0,0.0,0.0,0.0,738.29,4.541666666666629,17.25416666666672,7.999404761904771,0.0,,,5.108333333333334,2.7,-0.5255344369458295,0.8507723288777262,-0.5255344369458295,0.8507723288777262,-1.3598232646988213,2.649965974082712,39.0,55.0,,,0.0,6,0.0,0.0,0.7761666666666667,0.0,-0.0,27.324999999999996,1.3458333333333332,156,6,2016,247
2017-06-06,0.0,0.0,0,0.0,5.5,21.1,14.325000000000001,5.6,3.8375,0.7663398062659031,-1.5687237229115105,78.54166666666667,291.5,600.0,74.45833333333333,1019.1999999999999,1017.6,10.2125,4.9,,,,165.0036119964543,0.34028458092431524,0.0,0.0,0.0,0.0,0.0,0.0,,0.16666666666666666,0,0,0.0,0.0,0.0,0.0,0.0,0.0,738.29,3.912499999999909,13.716666666666697,10.883333333333212,0.0,,,4.112500000000001,0.5999999999999996,0.25875815143540987,-0.9659421406407992,0.25875815143540987,-0.9659421406407992,0.6018960561713448,-1.2321017573700823,40.0,56.0,,,0.0,6,0.0,0.0,0.7894722222222222,0.0,-0.0,23.025,2.208333333333334,157,6,2016,248
2017-06-07,0.0,3.2,0,0.0,11.5,18.1,14.329166666666666,11.7,6.795833333333333,3.1580120686713964,-5.5986771343930615,91.08333333333333,108.04166666666667,439.0,99.79166666666667,1015.5416666666666,1012.0,12.833333333333334,10.7,,,,156.46499366555082,0.9263948823817458,0.0,0.0,0.0,0.0,0.0,0.0,,0.0,0,0,0.0,0.0,0.0,0.0,0.0,0.0,738.29,-3.658333333333303,4.795833333333235,6.204761904761995,0.0,,,1.4958333333333318,0.8000000000000007,0.39930929597377246,-0.916816277205488,0.39930929597377246,-0.916816277205488,2.8764226592148634,-5.099461756576347,41.0,57.0,,,0.0,6,0.0,0.0,0.7089722222222222,0.0,-0.0,40.775,0.0041666666666646535,158,6,2016,249
2017-06-08,0.0,7.3,0,0.0,12.4,18.2,15.366666666666667,6.2,3.8041666666666667,0.22613420686523003,0.5697956814257676,95.33333333333333,82.25,233.0,95.875,1008.5208333333334,1006.8,14.575000000000001,12.4,,,,40.06641475372466,0.17033008124321555,0.0,0.0,0.0,0.0,0.0,0.0,,0.0,0,0,0.0,0.0,0.0,0.0,0.0,0.0,738.29,-7.0208333333332575,-6.7666666666666515,-1.8809523809522943,0.0,,,0.7916666666666661,0.0,0.6436751427570269,0.765298837446341,0.6436751427570269,0.765298837446341,0.2155812772115193,0.5432052162925651,42.0,58.0,,,0.0,6,0.0,0.0,0.7059444444444445,0.0,-0.0,22.825,1.0375000000000014,159,6,2016,250
2017-06-09,0.0,0.0,0,0.0,7.9,23.2,16.541666666666668,5.6,3.3833333333333333,-1.5187907819873396,-0.058002549408814864,76.0,329.875,600.0,64.375,1008.375,1006.8,11.612499999999999,7.7,,,,272.62141242004907,0.41689408126666294,0.0,0.0,0.0,0.0,0.0,0.0,,0.20833333333333334,0,0,0.0,0.0,0.0,0.0,0.0,0.0,738.29,-0.14583333333337123,-10.824999999999932,-3.5041666666667197,0.0,,,4.929166666666669,0.20000000000000018,-0.9989535471004145,0.04573631746763154,-0.9989535471004145,0.04573631746763154,-1.154280994310378,-0.0440819375506993,43.0,59.0,,,0.0,6,0.0,0.0,0.8065833333333332,0.0,-0.0,20.3,1.1750000000000007,160,6,2016,251
2017-06-10,0.0,16.6,0,0.0,7.7,19.6,13.095833333333333,9.1,4.645833333333333,-1.2781885620926354,0.2704936950411913,85.33333333333333,180.04166666666666,600.0,60.916666666666664,1007.4375,1004.1,10.516666666666667,5.9,,,,278.15697001988906,0.3976051039408836,0.0,0.0,0.0,0.0,0.0,0.0,,0.16666666666666666,0,0,0.0,0.0,0.0,0.0,0.0,0.0,738.29,-0.9375,-8.104166666666629,-4.720833333333417,0.0,,,2.5791666666666657,1.7999999999999998,-0.9898830682137175,0.14188555692457433,-0.9898830682137175,0.14188555692457433,-1.0907209063190488,0.2308212864351499,44.0,60.0,,,0.0,6,0.0,0.0,0.7378055555555555,0.0,-0.0,27.875,-3.4458333333333346,161,6,2016,252
2017-06-11,0.0,0.0,0,0.0,4.8,19.6,11.779166666666667,10.2,4.441666666666666,-2.04344416031626,3.5386535598291773,72.125,350.8333333333333,600.0,15.375,1008.1583333333333,1006.3,6.345833333333334,0.6,,,,321.14040439354596,0.8928562959157366,0.0,0.0,0.0,0.0,0.0,0.0,,0.7083333333333334,0,0,0.0,0.0,0.0,0.0,0.0,0.0,738.29,0.720833333333303,-0.3625000000000682,-3.6303571428571786,0.0,,,5.433333333333333,4.2,-0.6274140925020051,0.7786857880620947,-0.6274140925020051,0.7786857880620947,-1.4738341006281024,2.552253880026794,45.0,61.0,,,0.0,6,0.0,0.0,0.8076388888888889,0.0,-0.0,26.65,-1.3166666666666664,162,6,2016,253
2017-06-12,0.0,0.0,0,0.0,4.2,15.3,11.283333333333333,10.4,5.9750000000000005,-3.025296569370014,4.557326047508818,83.95833333333333,262.2083333333333,600.0,61.166666666666664,1012.3541666666666,1010.2,8.491666666666667,3.7,,,,328.7922910197467,0.7364570400483869,0.0,0.0,0.0,0.0,0.0,0.0,,0.08333333333333333,0,0,0.0,0.0,0.0,0.0,0.0,0.0,738.29,4.195833333333326,3.9791666666666288,0.9845238095236937,0.0,,,2.791666666666666,0.5,-0.518142091453746,0.8552945533931208,-0.518142091453746,0.8552945533931208,-2.539988578033574,3.8262549940542785,46.0,62.0,,,0.0,6,0.0,0.0,0.7879999999999999,0.0,-0.0,35.85,-0.49583333333333357,163,6,2016,254
2017-06-13,0.0,4.5,0,0.0,10.2,18.5,14.016666666666666,6.6,3.591666666666667,2.6223729239597082,-2.2039332460229075,84.45833333333333,259.8333333333333,600.0,74.25,1013.9625,1011.9,11.133333333333333,9.7,,,,128.73854504157458,0.9504076725193101,0.0,0.0,0.0,0.0,0.0,0.0,,0.0,0,0,0.0,0.0,0.0,0.0,0.0,0.0,738.29,1.6083333333333485,6.524999999999977,3.3410714285714675,0.0,,,2.883333333333333,0.5,0.7800096063451933,-0.6257675399133583,0.7800096063451933,-0.6257675399133583,2.21481246536097,-1.8614052873701805,47.0,63.0,,,0.0,6,0.0,0.0,0.7880833333333334,0.0,-0.0,21.55,2.7333333333333325,164,6,2016,255
2017-06-14,0.0,1.1,0,0.0,10.1,20.5,15.308333333333332,6.9,3.3541666666666665,1.1450049024316342,-0.2230570351313256,82.5,298.5833333333333,600.0,56.708333333333336,1010.2458333333334,1008.0,11.983333333333334,10.1,,,,93.32005359660675,0.36008954989739983,0.0,0.0,0.0,0.0,0.0,0.0,,0.08333333333333333,0,0,0.0,0.0,0.0,0.0,0.0,0.0,738.29,-3.7166666666665833,2.087500000000091,0.380952380952408,0.0,,,3.3249999999999975,0.0,0.9983216079819957,-0.057913444347945035,0.9983216079819957,-0.057913444347945035,0.9446290445060983,-0.18402205398334362,48.0,64.0,,,0.0,6,0.0,0.0,0.8073888888888888,0.0,-0.0,20.125,1.291666666666666,165,6,2016,256
2017-06-15,0.0,0.0,0,0.0,6.7,22.2,15.266666666666666,4.7,2.3958333333333335,-1.046842340602474,-0.8296942279798653,72.83333333333333,327.5416666666667,600.0,38.0,1008.1374999999999,1005.9,9.75,5.8,,,,237.3974529923429,0.5416463929650808,0.0,0.0,0.0,0.0,0.0,0.0,,0.4583333333333333,0,0,0.0,0.0,0.0,0.0,0.0,0.0,738.29,-2.108333333333462,-4.216666666666697,-1.6726190476190368,0.0,,,5.516666666666666,0.9000000000000004,-0.8424284458362427,-0.538808234575097,-0.8424284458362427,-0.538808234575097,-0.7624501714054684,-0.6042939627120019,49.0,65.0,,,0.0,6,0.0,0.0,0.7944722222222221,0.0,-0.0,14.375,-0.041666666666666075,166,6,2016,257
2017-06-16,0.0,0.1,0,0.0,10.1,20.1,15.495833333333335,5.8,3.533333333333333,-2.9657926253626923,0.6893236071391171,74.45833333333333,328.7083333333333,600.0,24.25,1008.9791666666666,1007.5,10.508333333333333,7.9,,,,286.9964983804035,0.8519957790307147,0.0,0.0,0.0,0.0,0.0,0.0,,0.5833333333333334,0,0,0.0,0.0,0.0,0.0,0.0,0.0,738.29,0.841666666666697,-4.9833333333333485,-0.9172619047618582,0.0,,,4.9875000000000025,2.1999999999999993,-0.9563226224127778,0.29231325981136685,-0.9563226224127778,0.29231325981136685,-2.2082797589679712,0.5132588691490009,50.0,66.0,,,0.0,6,0.0,0.0,0.8006666666666667,0.0,-0.0,21.2,0.22916666666666963,167,6,2016,258
2017-06-17,0.0,0.0,0,0.0,8.6,22.8,16.8875,8.7,4.908333333333333,2.522015723456113,-2.493986443029734,73.25,353.7083333333333,600.0,47.791666666666664,1012.5291666666667,1011.4,11.5375,7.9,,,,131.76083894548862,0.4584790004672997,0.0,0.0,0.0,0.0,0.0,0.0,,0.375,0,0,0.0,0.0,0.0,0.0,0.0,0.0,738.29,3.550000000000068,2.283333333333303,1.9053571428572695,0.0,,,5.35,0.6999999999999993,0.745931393358011,-0.6660227897024068,0.745931393358011,-0.6660227897024068,1.8473765174316028,-1.82684506951928,51.0,67.0,,,0.0,6,0.0,0.0,0.8133055555555555,0.0,-0.0,29.45,1.391666666666664,168,6,2016,259
2017-06-18,0.0,0.0,0,0.0,13.2,21.1,16.995833333333334,7.9,4.0125,1.5832669607967957,-1.2374101117867022,83.04166666666667,197.20833333333334,600.0,98.95833333333333,1013.0583333333334,1011.5,13.966666666666667,12.1,,,,120.22783695897382,0.24692449719324577,0.0,0.0,0.0,0.0,0.0,0.0,,0.0,0,0,0.0,0.0,0.0,0.0,0.0,0.0,738.29,0.529166666666697,4.920833333333462,1.734523809523921,0.0,,,3.029166666666667,1.0999999999999996,0.8640303094339409,-0.503439792209047,0.8640303094339409,-0.503439792209047,1.314771272028339,-1.0275659803295407,52.0,68.0,,,0.0,6,0.0,0.0,0.7416111111111111,0.0,-0.0,24.075000000000003,0.10833333333333428,169,6,2016,260
2017-06-19,0.0,0.0,0,0.0,12.9,23.9,17.974999999999998,7.2,4.333333333333333,-1.5601257768715762,3.3031717128199403,77.20833333333333,327.7083333333333,600.0,60.333333333333336,1011.5541666666667,1010.2,13.308333333333332,8.9,,,,335.60261902712745,0.7779649736282875,0.0,0.0,0.0,0.0,0.0,0.0,,0.375,0,0,0.0,0.0,0.0,0.0,0.0,0.0,738.29,-1.5041666666667197,2.5750000000000455,0.34464285714295784,0.0,,,4.666666666666666,4.0,-0.41306280145401386,0.91070254312534,-0.41306280145401386,0.91070254312534,-1.2045471102262626,2.5503238266063954,53.0,69.0,,,0.0,6,0.0,0.0,0.8091666666666666,0.0,-0.0,26.0,0.9791666666666643,170,6,2016,261
2017-06-20,0.0,0.0,0,0.0,10.8,26.5,19.712500000000002,11.2,5.925,1.7686719989648425,-4.388998770593216,68.95833333333333,344.5416666666667,600.0,80.16666666666667,1013.2166666666667,1011.9,13.049999999999999,9.5,,,,181.80688959187444,0.5874515213077196,0.0,0.0,0.0,0.0,0.0,0.0,,0.125,0,0,0.0,0.0,0.0,0.0,0.0,0.0,738.29,1.6625000000000227,0.6875,2.1136904761904134,0.0,,,6.662500000000003,1.3000000000000007,-0.03153094557890719,-0.9995027761196564,-0.03153094557890719,-0.9995027761196564,1.219646732619506,-3.0265804022215717,54.0,70.0,,,0.0,6,0.0,0.0,0.7928888888888889,0.0,-0.0,35.55,1.7375000000000043,171,6,2016,262
2017-06-21,0.0,29.0,0,0.0,12.9,17.5,15.495833333333332,17.7,7.766666666666667,2.4158789038902526,-5.9617991974113975,97.58333333333333,97.54166666666667,356.0,100.0,1007.225,1001.8,15.112499999999999,12.6,,,,168.75934279061107,0.5840068435922302,0.0,0.0,0.0,0.0,0.0,0.0,,0.0,0,0,0.0,0.0,0.0,0.0,0.0,0.0,738.29,-5.991666666666674,-5.833333333333371,-3.446428571428555,0.0,,,0.38333333333333286,0.3000000000000007,0.19493039016508307,-0.9808170792712005,0.19493039016508307,-0.9808170792712005,2.3574951637129047,-5.817722383473955,55.0,71.0,,,0.0,6,0.0,0.0,0.7236388888888889,0.0,-0.0,46.6,-4.21666666666667,172,6,2016,263
2017-06-22,0.0,0.1,0,0.0,13.8,22.5,17.829166666666666,9.8,4.6875,-1.9796713187616133,3.6113335601060217,80.125,267.0833333333333,600.0,92.75,1010.2208333333333,1007.3,13.9625,11.7,,,,345.97525503941375,0.7165678192814589,0.0,0.0,0.0,0.0,0.0,0.0,,0.041666666666666664,0,0,0.0,0.0,0.0,0.0,0.0,0.0,738.29,2.9958333333332803,-1.3333333333333712,-0.7482142857144254,0.0,,,3.8666666666666654,2.1000000000000014,-0.24234092534786827,0.970191154310087,-0.24234092534786827,0.970191154310087,-1.5862116441577427,2.89358101503495,56.0,72.0,,,0.0,6,0.0,0.0,0.7784722222222222,0.0,-0.0,28.125,2.333333333333334,173,6,2016,264
2017-06-23,0.0,0.4,0,0.0,11.7,24.6,18.729166666666668,4.5,2.2958333333333334,-1.016891368466782,-0.3971651337995969,74.875,298.2083333333333,600.0,54.541666666666664,1009.8916666666668,1008.3,13.725,8.8,,,,232.91207086799017,0.3146330645899671,0.0,0.0,0.0,0.0,0.0,0.0,,0.08333333333333333,0,0,0.0,0.0,0.0,0.0,0.0,0.0,738.29,-0.3291666666665378,-3.324999999999932,-1.207738095238028,0.0,,,5.004166666666668,2.8999999999999986,-0.7977109928053686,-0.6030399422571221,-0.7977109928053686,-0.6030399422571221,-0.7613974121395031,-0.29737739393244816,57.0,73.0,,,0.0,6,0.0,0.0,0.7817222222222222,0.0,-0.0,13.775,0.9000000000000021,174,6,2016,265
2017-06-24,0.0,3.7,0,0.0,12.4,23.2,18.954166666666666,5.8,2.9,-0.35884011851456465,-1.3761057060851432,87.83333333333333,236.5,600.0,97.66666666666667,1008.2708333333334,1006.2,16.75,12.2,,,,220.1527321198943,0.4407218334560539,0.0,0.0,0.0,0.0,0.0,0.0,,0.0,0,0,0.0,0.0,0.0,0.0,0.0,0.0,738.29,-1.620833333333394,1.0458333333333485,-2.2202380952381873,0.0,,,2.2041666666666657,0.20000000000000107,-0.6448273515953727,-0.7643282584299089,-0.6448273515953727,-0.7643282584299089,-0.31518123742862597,-1.208679511844784,58.0,74.0,,,0.0,6,0.0,0.0,0.7837777777777778,0.0,-0.0,17.4,0.22499999999999787,175,6,2016,266
2017-06-25,0.0,4.2,0,0.0,15.5,19.6,17.791666666666668,5.2,2.891666666666667,-0.1594010501544579,1.0933545907425182,95.375,62.0,226.0,99.45833333333333,1004.0458333333332,1002.4,17.037499999999998,15.2,,,,348.7002937768435,0.3446544124915396,0.0,0.0,0.0,0.0,0.0,0.0,,0.0,0,0,0.0,0.0,0.0,0.0,0.0,0.0,738.29,-4.225000000000136,-6.175000000000068,-5.157738095238187,0.0,,,0.75416666666667,0.3000000000000007,-0.19594111626263677,0.9806156632227286,-0.19594111626263677,0.9806156632227286,-0.15202875158481421,1.0427869409206767,59.0,75.0,,,0.0,6,0.0,0.0,0.6925833333333333,0.0,-0.0,17.35,-1.1624999999999979,176,6,2016,267
2017-06-26,0.0,0.0,0,0.0,16.2,23.7,19.599999999999998,4.5,3.0041666666666664,0.6595171867134169,2.046457983282222,80.33333333333333,288.7916666666667,600.0,96.41666666666667,1008.8333333333334,1005.6,15.845833333333333,14.6,,,,18.092051425961834,0.6611900721309407,0.0,0.0,0.0,0.0,0.0,0.0,,0.0,0,0,0.0,0.0,0.0,0.0,0.0,0.0,738.29,4.787500000000136,-1.058333333333394,0.01845238095233981,0.0,,,3.7541666666666647,1.5999999999999996,0.31054456274632786,0.9505588222454684,0.31054456274632786,0.9505588222454684,0.5298121399931115,1.6439879132367181,60.0,76.0,,,0.0,6,0.0,0.0,0.7936388888888889,0.0,-0.0,18.025,1.80833333333333,177,6,2016,268
2017-06-27,0.0,1.5,0,0.0,15.4,23.5,20.229166666666668,3.8,2.154166666666667,-0.10379506893926282,-0.19670017707418275,80.45833333333333,243.41666666666666,600.0,87.79166666666667,1013.1333333333333,1011.9,16.604166666666668,14.4,,,,294.8229318878376,0.0849428057610344,0.0,0.0,0.0,0.0,0.0,0.0,,0.0,0,0,0.0,0.0,0.0,0.0,0.0,0.0,738.29,4.2999999999999545,4.8624999999999545,4.33035714285711,0.0,,,3.625,1.0,-0.9076095256084636,0.4198153749266213,-0.9076095256084636,0.4198153749266213,-0.0835117825507152,-0.15826168413760286,61.0,77.0,,,0.0,6,0.0,0.0,0.7638055555555555,0.0,-0.0,12.925,0.62916666666667,178,6,2016,269
2017-06-28,0.0,4.1000000000000005,0,0.0,16.7,22.6,19.641666666666666,4.2,2.1166666666666667,0.19661957325958146,0.29393556643160684,89.29166666666667,182.29166666666666,600.0,87.5,1015.5749999999999,1014.7,17.75,16.0,,,,11.611404439903698,0.20674639983110304,0.0,0.0,0.0,0.0,0.0,0.0,,0.0,0,0,0.0,0.0,0.0,0.0,0.0,0.0,738.29,2.441666666666606,11.529166666666697,5.579166666666538,0.0,,,1.8916666666666657,0.6999999999999993,0.2012728967421296,0.9795352066347753,0.2012728967421296,0.9795352066347753,0.17556489395636796,0.26245996619288897,62.0,78.0,,,0.0,6,0.0,0.0,0.7525,0.0,-0.0,12.7,-0.5875000000000021,179,6,2016,270
2017-06-29,0.0,2.8,0,0.0,16.4,25.0,20.4375,4.1,2.6625,-0.09568160870864006,-0.9294635574139001,88.16666666666667,210.79166666666666,600.0,95.125,1016.5708333333333,1015.5,18.25,16.2,,,,193.23141686239725,0.2946182285217025,0.0,0.0,0.0,0.0,0.0,0.0,,0.0,0,0,0.0,0.0,0.0,0.0,0.0,0.0,738.29,0.995833333333394,7.7374999999999545,5.667857142857201,0.0,,,2.1875,0.1999999999999993,-0.22888467602588478,-0.9734535454147393,-0.22888467602588478,-0.9734535454147393,-0.084359285011451,-0.8194770364532553,63.0,79.0,,,0.0,6,0.0,0.0,0.76775,0.0,-0.0,15.975000000000001,0.7958333333333343,180,6,2016,271
2017-06-30,0.0,18.1,0,0.0,17.5,22.3,20.099999999999998,5.7,2.954166666666667,0.3794939555393306,-2.0071423376966,97.58333333333333,80.0,268.0,99.91666666666667,1013.9041666666667,1011.6,19.704166666666666,17.3,,,,179.36237721834345,0.5856057130500388,0.0,0.0,0.0,0.0,0.0,0.0,,0.0,0,0,0.0,0.0,0.0,0.0,0.0,0.0,738.29,-2.6666666666666288,0.7708333333333712,2.4279761904761017,0.0,,,0.39583333333333215,0.1999999999999993,0.011128387221059584,-0.9999380775817361,0.011128387221059584,-0.9999380775817361,0.37032285161379674,-1.958636397868932,64.0,80.0,,,0.0,6,0.0,0.0,0.7119444444444444,0.0,-0.0,17.725,-0.33750000000000213,181,6,2016,272
2017-07-01,0.0,64.2,0,0.0,19.1,21.7,20.179166666666667,8.7,2.9416666666666664,0.9690447616769596,-1.692802827544148,97.375,49.0,213.0,100.0,1011.4416666666666,1010.6,19.720833333333335,18.2,,,,143.5694902678008,0.4167116811376681,0.0,0.0,0.0,0.0,0.0,0.0,,0.0,0,0,0.0,0.0,0.0,0.0,0.0,0.0,738.29,-2.462500000000091,-4.133333333333326,-0.4874999999999545,0.0,,,0.45833333333333215,0.9000000000000021,0.5938474045997416,-0.8045776904998987,0.5938474045997416,-0.8045776904998987,0.9436073366829395,-1.6483667533211142,65.0,81.0,,,0.0,6,0.0,0.0,0.6905833333333334,0.0,-0.0,17.65,0.07916666666666927,182,7,2016,273
2017-07-02,0.0,30.099999999999998,0,0.0,19.0,25.6,22.2625,5.0,2.4916666666666667,-0.7460141718014964,-1.0744526624856583,86.5,202.29166666666666,600.0,95.41666666666667,1012.7791666666667,1011.4,19.787499999999998,18.4,,,,209.01560107046842,0.5170465221633841,0.0,0.0,0.0,0.0,0.0,0.0,,0.0,0,0,0.0,0.0,0.0,0.0,0.0,0.0,738.29,1.337500000000091,-3.7916666666666288,-0.39761904761905953,0.0,,,2.4750000000000014,0.6000000000000014,-0.4850477525117838,-0.8744876658840119,-0.4850477525117838,-0.8744876658840119,-0.6453022586082945,-0.9294015530500944,66.0,82.0,,,0.0,6,0.0,0.0,0.7565277777777778,0.0,-0.0,14.95,2.083333333333332,183,7,2016,274
2017-07-03,0.0,13.9,0,0.0,19.6,27.2,22.583333333333332,7.2,3.0541666666666667,-0.5832219999153294,-1.316595364703358,88.29166666666667,221.83333333333334,600.0,96.375,1011.2291666666666,1009.2,20.279166666666665,18.5,,,,192.89415344986415,0.4395373772201978,0.0,0.0,0.0,0.0,0.0,0.0,,0.0,0,0,0.0,0.0,0.0,0.0,0.0,0.0,738.29,-1.5500000000000682,-2.675000000000068,-2.2898809523809405,0.0,,,2.304166666666667,1.1000000000000014,-0.2231506487059358,-0.9747839699041629,-0.2231506487059358,-0.9747839699041629,-0.5149364240919097,-1.1624439907526731,67.0,83.0,,,0.0,6,0.0,0.0,0.7755277777777777,0.0,-0.0,18.325,0.32083333333333286,184,7,2016,275
2017-07-04,0.0,50.6,0,0.0,19.5,21.6,20.55,5.1,2.954166666666667,0.5555255766224853,-0.8725026278507105,98.54166666666667,62.458333333333336,269.0,99.95833333333333,1009.3249999999999,1007.3,20.3125,19.2,,,,131.13929695873355,0.2998362947135158,0.0,0.0,0.0,0.0,0.0,0.0,,0.0,0,0,0.0,0.0,0.0,0.0,0.0,0.0,738.29,-1.904166666666697,-2.1166666666666742,-3.650000000000091,0.0,,,0.2375000000000007,0.3000000000000007,0.7531123468455849,-0.6578919311169088,0.7531123468455849,-0.6578919311169088,0.5474241619634074,-0.8597786311945543,68.0,84.0,,,0.0,6,0.0,0.0,0.7034444444444444,0.0,-0.0,17.725,-2.0333333333333314,185,7,2016,276
2017-07-05,0.0,3.0,0,0.0,16.9,25.0,20.966666666666665,3.8,2.6999999999999997,-1.8972897892748801,1.3541916869447326,88.33333333333333,232.125,600.0,90.0,1010.475,1007.8,18.775000000000002,16.8,,,,303.9601180525273,0.819578892935663,0.0,0.0,0.0,0.0,0.0,0.0,,0.0,0,0,0.0,0.0,0.0,0.0,0.0,0.0,738.29,1.150000000000091,-2.3041666666666742,-1.771428571428487,0.0,,,2.191666666666663,0.09999999999999787,-0.8294266098117017,0.5586156987914564,-0.8294266098117017,0.5586156987914564,-1.6759393138594774,1.1962026568011803,69.0,85.0,,,0.0,6,0.0,0.0,0.7825277777777778,0.0,-0.0,16.2,0.4166666666666643,186,7,2016,277
2017-07-06,0.0,0.30000000000000004,0,0.0,14.3,25.1,20.0125,5.9,3.4125,0.7465328700080934,-0.0857263345894229,85.04166666666667,253.83333333333334,600.0,76.66666666666667,1014.2833333333333,1013.2,17.1125,14.1,,,,100.64114416783649,0.1396807571917119,0.0,0.0,0.0,0.0,0.0,0.0,,0.041666666666666664,0,0,0.0,0.0,0.0,0.0,0.0,0.0,738.29,3.8083333333332803,3.0541666666666742,2.3636904761904134,0.0,,,2.8999999999999986,0.20000000000000107,0.9828030000410953,-0.1846571501735657,0.9828030000410953,-0.1846571501735657,0.6348639948693828,-0.0729031037070884,70.0,86.0,,,0.0,6,0.0,0.0,0.7860277777777779,0.0,-0.0,20.475,-0.9541666666666657,187,7,2016,278
2017-07-07,0.0,0.0,0,0.0,17.3,27.3,21.825,6.9,3.579166666666667,1.0818935110332293,-0.9431208440081896,83.04166666666667,304.0416666666667,600.0,42.666666666666664,1014.2083333333334,1012.7,18.433333333333334,16.8,,,,170.45051849563762,0.15284101330479916,0.0,0.0,0.0,0.0,0.0,0.0,,0.4166666666666667,0,0,0.0,0.0,0.0,0.0,0.0,0.0,738.29,-0.07499999999993179,4.883333333333439,2.245238095238278,0.0,,,3.3916666666666657,0.5,0.165899315413382,-0.986142696137517,0.165899315413382,-0.986142696137517,0.8984224031205109,-0.7831832675451342,71.0,87.0,,,0.0,6,0.0,0.0,0.8128333333333334,0.0,-0.0,21.475,1.8125,188,7,2016,279
2017-07-08,0.0,0.0,0,0.0,15.3,28.5,22.445833333333336,8.2,3.670833333333333,0.7101171531822678,-1.656723491581304,81.0,321.0,600.0,66.79166666666667,1014.1416666666668,1012.6,18.520833333333332,15.2,,,,185.02353716940624,0.3702321809713234,0.0,0.0,0.0,0.0,0.0,0.0,,0.3333333333333333,0,0,0.0,0.0,0.0,0.0,0.0,0.0,738.29,-0.06666666666660603,3.6666666666667425,1.7928571428572013,0.0,,,3.9250000000000043,0.10000000000000142,-0.08756497326257176,-0.9961588103598367,-0.08756497326257176,-0.9961588103598367,0.5751948940776369,-1.3419460281808562,72.0,88.0,,,0.0,6,0.0,0.0,0.8173333333333334,0.0,-0.0,22.025,0.6208333333333371,189,7,2016,280
2017-07-09,0.0,1.6,0,0.0,17.3,27.6,22.954166666666666,7.1,3.7458333333333336,0.19929159990325007,-2.638173843898751,84.375,254.5,600.0,96.79166666666667,1013.4416666666666,1012.0,19.945833333333333,17.1,,,,192.66541160844676,0.6000813017053164,0.0,0.0,0.0,0.0,0.0,0.0,,0.0,0,0,0.0,0.0,0.0,0.0,0.0,0.0,738.29,-0.7000000000001592,-0.841666666666697,0.998214285714198,0.0,,,3.008333333333333,0.1999999999999993,-0.2192572523523319,-0.9756670832260899,-0.2192572523523319,-0.9756670832260899,0.16815228741836727,-2.2259591807895713,73.0,89.0,,,0.0,6,0.0,0.0,0.78425,0.0,-0.0,22.475,0.5083333333333293,190,7,2016,281
2017-07-10,0.0,0.1,0,0.0,19.9,28.6,24.016666666666666,11.0,5.029166666666667,1.6076664676309134,-4.006934719464853,82.125,288.5,600.0,83.20833333333333,1013.2041666666668,1011.7,20.425,18.3,,,,170.79319760498973,0.7620423238862499,0.0,0.0,0.0,0.0,0.0,0.0,,0.0,0,0,0.0,0.0,0.0,0.0,0.0,0.0,738.29,-0.23749999999984084,-1.004166666666606,0.478571428571513,0.0,,,3.591666666666665,1.5999999999999979,0.15999838351820392,-0.9871172763514788,0.15999838351820392,-0.9871172763514788,1.3202960865418876,-3.290695138360511,74.0,90.0,,,0.0,6,0.0,0.0,0.7994166666666667,0.0,-0.0,30.175,1.0625,191,7,2016,282
2017-07-11,0.0,9.700000000000001,0,0.0,20.7,28.1,24.054166666666664,6.5,3.595833333333333,0.15562688525117196,-2.3724649604334096,85.625,270.375,600.0,88.625,1014.7333333333332,1013.4,21.320833333333333,19.1,,,,173.6961497422138,0.5856487667498144,0.0,0.0,0.0,0.0,0.0,0.0,,0.0,0,0,0.0,0.0,0.0,0.0,0.0,0.0,738.29,1.5291666666664696,0.5916666666664696,1.235119047618923,0.0,,,2.7333333333333307,1.5999999999999979,0.10980110469681258,-0.9939535791008348,0.10980110469681258,-0.9939535791008348,0.133255520496316,-2.0314231223711072,75.0,91.0,,,0.0,6,0.0,0.0,0.799,0.0,-0.0,21.575,0.03749999999999787,192,7,2016,283
2017-07-12,0.0,2.8,0,0.0,20.9,27.8,23.875,4.6,2.2375000000000003,-0.2985968574892658,-1.3781732207183286,86.58333333333333,210.33333333333334,600.0,85.875,1013.9416666666666,1012.4,21.316666666666666,20.2,,,,189.35399247846692,0.5214028185094011,0.0,0.0,0.0,0.0,0.0,0.0,,0.0,0,0,0.0,0.0,0.0,0.0,0.0,0.0,738.29,-0.7916666666666288,0.5,-0.0517857142858702,0.0,,,2.5583333333333336,0.6999999999999993,-0.1625337092629131,-0.9867029914585437,-0.1625337092629131,-0.9867029914585437,-0.25853511244278926,-1.1932683136052862,76.0,92.0,,,0.0,6,0.0,0.0,0.7621666666666668,0.0,-0.0,13.425,-0.1791666666666636,193,7,2016,284
2017-07-13,0.0,6.0,0,0.0,20.3,26.1,23.008333333333336,4.0,2.3625000000000003,0.10020751670713364,-0.7616387155935898,93.20833333333333,166.875,502.0,78.58333333333333,1012.8625000000001,1011.6,21.808333333333334,19.8,,,,176.73974461689394,0.29509058995512216,0.0,0.0,0.0,0.0,0.0,0.0,,0.0,0,0,0.0,0.0,0.0,0.0,0.0,0.0,738.29,-1.0791666666665378,-0.341666666666697,-0.9279761904761017,0.0,,,1.2000000000000028,0.5,0.056871488980319365,-0.9983815071109647,0.056871488980319365,-0.9983815071109647,0.0934017561974408,-0.7099107528261918,77.0,93.0,,,0.0,6,0.0,0.0,0.7552777777777777,0.0,-0.0,14.175,-0.8666666666666636,194,7,2016,285
2017-07-14,0.0,4.8,0,0.0,19.3,26.4,22.8125,7.8,3.625,0.13940918610258224,-2.2924169228750926,90.20833333333333,195.58333333333334,600.0,66.83333333333333,1014.9958333333334,1013.9,21.045833333333334,18.9,,,,198.19350245782402,0.528733255724712,0.0,0.0,0.0,0.0,0.0,0.0,,0.0,0,0,0.0,0.0,0.0,0.0,0.0,0.0,738.29,2.1333333333333258,0.26250000000015916,1.0928571428572695,0.0,,,1.7666666666666657,0.40000000000000213,-0.3122271863445043,-0.9500074652903493,-0.3122271863445043,-0.9500074652903493,0.12575870329670438,-2.0679510991769066,78.0,94.0,,,0.0,6,0.0,0.0,0.7644166666666666,0.0,-0.0,21.75,-0.1958333333333364,195,7,2016,286
2017-07-15,0.0,2.8000000000000003,0,0.0,19.8,27.6,23.445833333333336,3.9,2.1458333333333335,-0.006921527884015362,-0.27266253814361185,87.79166666666667,230.5,600.0,81.54166666666667,1016.1041666666666,1014.9,21.1375,19.1,,,,147.99162471463683,0.024270727951833642,0.0,0.0,0.0,0.0,0.0,0.0,,0.0,0,0,0.0,0.0,0.0,0.0,0.0,0.0,738.29,1.1083333333332348,2.1625000000000227,1.9208333333333485,0.0,,,2.308333333333337,0.6999999999999993,0.5300432231087172,-0.8479706254561667,0.5300432231087172,-0.8479706254561667,-0.006076524688175153,-0.2393749866119126,79.0,95.0,,,0.0,6,0.0,0.0,0.779638888888889,0.0,-0.0,12.875,0.6333333333333364,196,7,2016,287
2017-07-16,0.0,11.9,0,0.0,19.5,24.7,22.008333333333336,4.7,2.1958333333333333,-1.8337663159234134,-0.12287658617722606,90.375,102.83333333333333,378.0,99.08333333333333,1014.9791666666666,1013.5,20.316666666666666,17.7,,,,265.5591092960658,0.8251154783790472,0.0,0.0,0.0,0.0,0.0,0.0,,0.0,0,0,0.0,0.0,0.0,0.0,0.0,0.0,738.29,-1.125,2.1166666666665606,0.5761904761905043,0.0,,,1.69166666666667,1.8000000000000007,-0.9969977456765833,-0.07743058256148563,-0.9969977456765833,-0.07743058256148563,-1.657266308015785,-0.11104971475766806,80.0,96.0,,,0.0,6,0.0,0.0,0.7031388888888889,0.0,-0.0,13.175,-1.4375,197,7,2016,288
2017-07-17,0.0,11.0,0,0.0,18.3,27.9,22.8875,6.8,3.0625,-2.234888188338702,0.5051745517066001,82.125,267.7083333333333,600.0,72.41666666666667,1012.9250000000001,1011.5,19.25,17.3,,,,277.9636232681118,0.6542535113249103,0.0,0.0,0.0,0.0,0.0,0.0,,0.08333333333333333,0,0,0.0,0.0,0.0,0.0,0.0,0.0,738.29,-2.0541666666665606,-2.0708333333333258,-1.4380952380952294,0.0,,,3.6374999999999993,1.0,-0.9903562292829639,0.13854435795235226,-0.9903562292829639,0.13854435795235226,-1.835401924673159,0.4148746005890453,81.0,97.0,,,0.0,6,0.0,0.0,0.7855555555555555,0.0,-0.0,18.375,0.8791666666666629,198,7,2016,289
2017-07-18,0.0,3.1,0,0.0,17.8,25.8,22.0625,8.7,4.0874999999999995,-3.2808074017833415,2.1054766534759626,81.45833333333333,254.91666666666666,600.0,56.25,1010.8416666666667,1009.7,18.520833333333332,16.4,,,,297.79817447601283,0.926466650719197,0.0,0.0,0.0,0.0,0.0,0.0,,0.125,0,0,0.0,0.0,0.0,0.0,0.0,0.0,738.29,-2.0833333333333712,-5.262499999999932,-2.9654761904761244,0.0,,,3.541666666666668,1.4000000000000021,-0.8845958344993287,0.4663584561112154,-0.8845958344993287,0.4663584561112154,-2.6724910293693465,1.715086190643961,82.0,98.0,,,0.0,6,0.0,0.0,0.7748055555555555,0.0,-0.0,24.525,-0.8249999999999993,199,7,2016,290
2017-07-19,0.0,0.2,0,0.0,16.0,26.8,22.2625,4.6,2.5458333333333334,-0.0539773568707538,0.37149020670222804,80.70833333333333,271.8333333333333,600.0,53.208333333333336,1011.1291666666666,1009.9,18.474999999999998,14.6,,,,327.72884623354906,0.1964641840548172,0.0,0.0,0.0,0.0,0.0,0.0,,0.3333333333333333,0,0,0.0,0.0,0.0,0.0,0.0,0.0,738.29,0.28749999999990905,-3.8500000000000227,-2.276190476190436,0.0,,,3.7875000000000014,1.4000000000000004,-0.5339267246820151,0.8455307520547882,-0.5339267246820151,0.8455307520547882,-0.043564225107770874,0.2998235543259232,83.0,99.0,,,0.0,6,0.0,0.0,0.7835833333333334,0.0,-0.0,15.275,0.1999999999999993,200,7,2016,291
2017-07-20,0.0,0.0,0,0.0,17.1,29.0,23.208333333333332,8.9,5.466666666666666,1.4698163158633257,-3.8921042629536013,81.20833333333333,311.5416666666667,600.0,45.708333333333336,1014.0166666666668,1012.7,19.395833333333332,16.8,,,,177.1378127835046,0.6164869323929373,0.0,0.0,0.0,0.0,0.0,0.0,,0.25,0,0,0.0,0.0,0.0,0.0,0.0,0.0,738.29,2.887500000000159,1.091666666666697,0.4464285714286689,0.0,,,3.8125,0.3000000000000007,0.04993381670525751,-0.9987525288825284,0.04993381670525751,-0.9987525288825284,1.193613333174009,-3.1607130035402364,84.0,100.0,,,0.0,6,0.0,0.0,0.8117222222222221,0.0,-0.0,32.8,0.9458333333333329,201,7,2016,292
2017-07-21,0.0,1.1,0,0.0,18.3,27.8,23.495833333333334,7.3,4.795833333333333,1.3780043252505036,-4.226477241184881,86.16666666666667,263.7083333333333,600.0,36.0,1015.4791666666666,1014.2,20.958333333333332,18.0,,,,160.45716421139366,0.9205808616299105,0.0,0.0,0.0,0.0,0.0,0.0,,0.3333333333333333,0,0,0.0,0.0,0.0,0.0,0.0,0.0,738.29,1.4624999999998636,4.637499999999932,1.8398809523810087,0.0,,,2.5375000000000014,0.3000000000000007,0.3345115087406237,-0.9423916651372037,0.3345115087406237,-0.9423916651372037,1.1873803935908507,-3.641814556154306,85.0,101.0,,,0.0,6,0.0,0.0,0.7963611111111111,0.0,-0.0,28.775,0.2875000000000014,202,7,2016,293
2017-07-22,0.0,4.5,0,0.0,19.3,28.8,23.46666666666667,6.5,2.65,0.04154368788678561,-0.9797324713806187,86.29166666666667,224.41666666666666,600.0,91.16666666666667,1014.975,1013.6,20.816666666666666,18.9,,,,184.23016655496542,0.20134978270814016,0.0,0.0,0.0,0.0,0.0,0.0,,0.0,0,0,0.0,0.0,0.0,0.0,0.0,0.0,738.29,-0.504166666666606,3.8458333333334167,1.4970238095237391,0.0,,,2.650000000000002,0.40000000000000213,-0.0737632787173152,-0.9972757786654961,-0.0737632787173152,-0.9972757786654961,0.035848740672305424,-0.8454274784288589,86.0,102.0,,,0.0,6,0.0,0.0,0.7705833333333333,0.0,-0.0,15.899999999999999,-0.02916666666666501,203,7,2016,294
2017-07-23,0.0,22.5,0,0.0,21.2,24.2,22.454166666666666,3.8,2.1333333333333333,0.14811171681248192,-1.197322286789152,95.0,71.41666666666667,308.0,98.375,1009.8083333333334,1007.8,21.575,19.8,,,,181.91049808793818,0.4617128584621106,0.0,0.0,0.0,0.0,0.0,0.0,,0.0,0,0,0.0,0.0,0.0,0.0,0.0,0.0,738.29,-5.166666666666629,-4.208333333333371,-2.9309523809523625,0.0,,,0.8791666666666664,1.3999999999999986,-0.03333830329580288,-0.9994441242677636,-0.03333830329580288,-0.9994441242677636,0.14070613097185783,-1.1374561724496943,87.0,103.0,,,0.0,6,0.0,0.0,0.6976111111111111,0.0,-0.0,12.8,-1.0125000000000028,204,7,2016,295
2017-07-24,0.0,12.5,0,0.0,21.3,28.0,24.150000000000002,4.3,2.6833333333333336,0.026677371345505713,-1.9613897692576119,90.45833333333333,159.95833333333334,600.0,94.125,1005.6291666666666,1003.7,22.445833333333336,21.0,,,,181.74978418461885,0.5564624283171897,0.0,0.0,0.0,0.0,0.0,0.0,,0.0,0,0,0.0,0.0,0.0,0.0,0.0,0.0,738.29,-4.179166666666788,-9.850000000000023,-6.067857142857179,0.0,,,1.7041666666666657,0.3000000000000007,-0.030534748277446868,-0.9995337058587034,-0.030534748277446868,-0.9995337058587034,0.024131905496288707,-1.774240495440948,88.0,104.0,,,0.0,6,0.0,0.0,0.7414999999999999,0.0,-0.0,16.1,1.6958333333333364,205,7,2016,296
2017-07-25,0.0,18.5,0,0.0,22.2,25.1,23.354166666666668,4.8,2.504166666666667,0.8204073564128606,0.1366654748378994,96.70833333333333,68.04166666666667,350.0,97.91666666666667,1006.1041666666666,1005.1,22.787499999999998,22.0,,,,83.17916218716837,0.29330896593926176,0.0,0.0,0.0,0.0,0.0,0.0,,0.0,0,0,0.0,0.0,0.0,0.0,0.0,0.0,738.29,0.47500000000002274,-8.870833333333394,-4.916071428571399,0.0,,,0.56666666666667,0.1999999999999993,0.992922380283211,0.11876509054735933,0.992922380283211,0.11876509054735933,0.7934022809309371,0.13216690295781855,89.0,105.0,,,0.0,6,0.0,0.0,0.7010555555555555,0.0,-0.0,15.025000000000002,-0.7958333333333343,206,7,2016,297
2017-07-26,0.0,20.7,0,0.0,19.9,26.5,22.891666666666666,6.6,4.4375,2.7579677487291523,-0.0005118945381246872,93.54166666666667,186.20833333333334,600.0,66.29166666666667,1009.6374999999999,1007.8,21.75,19.8,,,,78.52209265374825,0.5851803651254731,0.0,0.0,0.0,0.0,0.0,0.0,,0.0,0,0,0.0,0.0,0.0,0.0,0.0,0.0,738.29,3.533333333333303,-0.17083333333346218,-1.1696428571428896,0.0,,,1.1416666666666657,0.09999999999999787,0.9800015059634655,0.19899007088128748,0.9800015059634655,0.19899007088128748,2.579848998290395,-0.00047883468253746787,90.0,106.0,,,0.0,6,0.0,0.0,0.7692777777777778,0.0,-0.0,26.625,-0.46250000000000213,207,7,2016,298
2017-07-27,0.0,15.2,0,0.0,19.8,26.4,22.883333333333336,6.1,3.1791666666666667,2.087854658683614,-1.4970452551848854,92.95833333333333,158.41666666666666,487.0,89.58333333333333,1012.9833333333332,1011.6,21.629166666666666,19.8,,,,127.62837192121229,0.7428914502078581,0.0,0.0,0.0,0.0,0.0,0.0,,0.0,0,0,0.0,0.0,0.0,0.0,0.0,0.0,738.29,3.345833333333303,7.354166666666629,2.3238095238093592,0.0,,,1.25416666666667,0.0,0.7919874124488745,-0.6105374177907005,0.7919874124488745,-0.6105374177907005,1.9408348931346426,-1.3916283184656164,91.0,107.0,,,0.0,6,0.0,0.0,0.7488055555555556,0.0,-0.0,19.075,-0.008333333333329307,208,7,2016,299
2017-07-28,0.0,1.1,0,0.0,19.8,28.2,23.837500000000002,4.6,2.2791666666666663,0.6883160972486516,-0.7266656865161426,88.29166666666667,226.66666666666666,600.0,93.54166666666667,1012.225,1010.7,21.587500000000002,19.8,,,,133.48784168935427,0.22341989784220476,0.0,0.0,0.0,0.0,0.0,0.0,,0.0,0,0,0.0,0.0,0.0,0.0,0.0,0.0,738.29,-0.7583333333332121,6.120833333333394,2.030357142857156,0.0,,,2.25,0.0,0.7255204252772294,-0.6882006339037681,0.7255204252772294,-0.6882006339037681,0.6077257541957887,-0.6415852457198775,92.0,108.0,,,0.0,6,0.0,0.0,0.77875,0.0,-0.0,13.674999999999997,0.9541666666666657,209,7,2016,300
2017-07-29,0.0,3.1,0,0.0,20.8,26.0,23.045833333333334,5.4,2.829166666666667,1.2336393638060446,0.672664102874997,91.25,132.20833333333334,552.0,94.625,1010.9083333333333,1009.6,21.495833333333334,20.6,,,,45.96947447697723,0.44758035008667996,0.0,0.0,0.0,0.0,0.0,0.0,,0.0,0,0,0.0,0.0,0.0,0.0,0.0,0.0,738.29,-1.3166666666667197,1.2708333333333712,1.2946428571428896,0.0,,,1.5500000000000007,0.1999999999999993,0.718969604512563,0.6950415151536264,0.718969604512563,0.6950415151536264,1.1256959194730156,0.6138059938734348,93.0,109.0,,,0.0,6,0.0,0.0,0.7256388888888888,0.0,-0.0,16.975,-0.7916666666666679,210,7,2016,301
2017-07-30,0.0,4.3,0,0.0,20.4,25.6,22.46666666666667,5.2,3.220833333333333,2.158216806961301,-1.8324027949093933,94.58333333333333,120.625,517.0,93.29166666666667,1011.2416666666667,1010.2,21.508333333333336,20.3,,,,129.12996757115266,0.8197746954227171,0.0,0.0,0.0,0.0,0.0,0.0,,0.0,0,0,0.0,0.0,0.0,0.0,0.0,0.0,738.29,0.33333333333337123,-1.7416666666665606,1.42321428571438,0.0,,,0.9583333333333321,0.09999999999999787,0.7757164368084121,-0.6310816188618243,0.7757164368084121,-0.6310816188618243,2.0413133965842305,-1.7331476435184678,94.0,110.0,,,0.0,6,0.0,0.0,0.7290277777777777,0.0,-0.0,19.325,-0.5791666666666657,211,7,2016,302
2017-07-31,0.0,0.1,0,0.0,20.6,29.1,24.245833333333334,2.9,1.5374999999999999,-0.27859033205233075,0.22406390338141735,87.16666666666667,252.58333333333334,600.0,69.08333333333333,1012.0500000000001,1010.6,21.708333333333332,20.5,,,,354.7947312311933,0.0853100192187467,0.0,0.0,0.0,0.0,0.0,0.0,,0.0,0,0,0.0,0.0,0.0,0.0,0.0,0.0,738.29,0.808333333333394,-0.17499999999995453,1.314285714285802,0.0,,,2.5375000000000014,0.10000000000000142,-0.09072415871780219,0.9958760600722095,-0.09072415871780219,0.9958760600722095,-0.242837906105615,0.19530903578080214,95.0,111.0,,,0.0,6,0.0,0.0,0.7922777777777777,0.0,-0.0,9.225,1.779166666666665,212,7,2016,303
2017-08-01,0.0,4.9,0,0.0,20.2,24.7,22.0125,5.5,3.045833333333333,-0.19141385820479564,2.099939037139515,95.91666666666667,92.625,416.0,89.75,1012.2166666666667,1011.3,21.320833333333333,19.9,,,,343.6518276183317,0.5958494797351469,0.0,0.0,0.0,0.0,0.0,0.0,,0.08333333333333333,0,0,0.0,0.0,0.0,0.0,0.0,0.0,738.29,0.16666666666662877,1.308333333333394,0.6077380952380054,0.0,,,0.6916666666666664,0.3000000000000007,-0.2814735819235495,0.9595689775514457,-0.2814735819235495,0.9595689775514457,-0.18359779232809983,2.014191526456318,96.0,112.0,,,0.0,6,0.0,0.0,0.7148055555555555,0.0,-0.0,18.275,-2.2333333333333343,213,8,2016,304
2017-08-02,0.0,0.7000000000000001,0,0.0,18.3,26.7,22.233333333333334,8.2,4.729166666666667,2.966756307454068,-2.853292321417282,88.20833333333333,226.79166666666666,600.0,80.125,1011.3583333333332,1009.9,20.0125,18.2,,,,132.982709927779,0.5043335574327772,0.0,0.0,0.0,0.0,0.0,0.0,,0.08333333333333333,0,0,0.0,0.0,0.0,0.0,0.0,0.0,738.29,-0.8583333333334622,0.11666666666656056,-0.4964285714286234,0.0,,,2.220833333333335,0.10000000000000142,0.7315594740663716,-0.6817776293658614,0.7315594740663716,-0.6817776293658614,2.6169262928667756,-2.5168416018501607,97.0,113.0,,,0.0,6,0.0,0.0,0.7785555555555556,0.0,-0.0,28.375,0.220833333333335,214,8,2016,305
2017-08-03,0.0,1.8,0,0.0,19.0,26.4,22.366666666666664,6.9,4.05,2.2025809233396334,-3.1469207054862562,89.91666666666667,194.25,600.0,80.83333333333333,1012.6416666666668,1011.6,20.525000000000002,18.9,,,,148.73876041723594,0.9235421625243508,0.0,0.0,0.0,0.0,0.0,0.0,,0.0,0,0,0.0,0.0,0.0,0.0,0.0,0.0,738.29,1.2833333333335304,0.591666666666697,0.8357142857144026,0.0,,,1.8416666666666615,0.10000000000000142,0.5189409542952026,-0.854810087654085,0.5189409542952026,-0.854810087654085,1.9804873469028872,-2.829606201016392,98.0,114.0,,,0.0,6,0.0,0.0,0.7625555555555555,0.0,-0.0,24.299999999999997,0.1333333333333293,215,8,2016,306
2017-08-04,0.0,2.9,0,0.0,19.3,27.4,23.34583333333333,5.9,3.0083333333333333,1.3044606370234193,-1.9083796880739827,91.20833333333333,212.91666666666666,600.0,91.58333333333333,1013.3416666666667,1011.8,21.741666666666664,19.3,,,,151.332324852823,0.6547596536567502,0.0,0.0,0.0,0.0,0.0,0.0,,0.0,0,0,0.0,0.0,0.0,0.0,0.0,0.0,738.29,0.6999999999999318,1.125,1.3761904761905726,0.0,,,1.6041666666666679,0.0,0.47972855700828526,-0.8774169542416812,0.47972855700828526,-0.8774169542416812,1.1897768060184437,-1.740601307164145,99.0,115.0,,,0.0,6,0.0,0.0,0.7793055555555556,0.0,-0.0,18.05,0.9791666666666679,216,8,2016,307
2017-08-05,0.0,2.0,0,0.0,19.9,28.4,24.34583333333333,7.8,3.170833333333333,0.5976196665090535,-1.3753933387381003,87.79166666666667,234.25,600.0,83.04166666666667,1011.1625,1009.9,22.03333333333333,19.7,,,,161.26842834961226,0.32204302432693677,0.0,0.0,0.0,0.0,0.0,0.0,,0.0,0,0,0.0,0.0,0.0,0.0,0.0,0.0,738.29,-2.1791666666666742,-0.19583333333321207,-0.8392857142857792,0.0,,,2.3125,0.1999999999999993,0.32113488245340177,-0.947033466817113,0.32113488245340177,-0.947033466817113,0.5246602655560733,-1.2074807353004906,100.0,116.0,,,0.0,6,0.0,0.0,0.7821388888888889,0.0,-0.0,19.025,1.0,217,8,2016,308
2017-08-06,0.0,3.3000000000000003,0,0.0,20.5,28.9,24.837500000000002,6.0,3.5083333333333333,1.1721554510512424,-1.975869567923274,88.29166666666667,231.5,600.0,66.375,1008.7208333333333,1006.9,22.587500000000002,20.4,,,,162.6779434367285,0.5225128568900088,0.0,0.0,0.0,0.0,0.0,0.0,,0.08333333333333333,0,0,0.0,0.0,0.0,0.0,0.0,0.0,738.29,-2.4416666666667197,-3.920833333333462,-2.9208333333333485,0.0,,,2.25,0.10000000000000142,0.2977423964180704,-0.9546462514330765,0.2977423964180704,-0.9546462514330765,1.034915583657326,-1.7445281726789241,101.0,117.0,,,0.0,6,0.0,0.0,0.7819722222222222,0.0,-0.0,21.05,0.4916666666666707,218,8,2016,309
2017-08-07,0.0,7.2,0,0.0,21.9,27.3,23.90416666666667,16.0,8.454166666666667,3.3883846371523823,-7.434063092598511,91.08333333333333,269.125,600.0,92.66666666666667,1002.9416666666666,994.9,22.224999999999998,20.6,,,,162.5137597169461,0.9242423626821372,0.0,0.0,0.0,0.0,0.0,0.0,,0.0,0,0,0.0,0.0,0.0,0.0,0.0,0.0,738.29,-5.779166666666697,-10.400000000000091,-7.398809523809518,0.0,,,1.6791666666666707,1.2999999999999972,0.30047675345402663,-0.9537891384544742,0.30047675345402663,-0.9537891384544742,3.086253673672961,-6.77119246684181,102.0,118.0,,,0.0,6,0.0,0.0,0.8163611111111111,0.0,-0.0,50.72500000000001,-0.9333333333333336,219,8,2016,310
2017-08-08,0.0,39.2,0,0.0,22.6,25.2,23.583333333333332,13.1,4.9125000000000005,0.3458256625787619,-3.4101327319932047,97.625,67.54166666666667,291.0,99.79166666666667,993.7333333333332,991.7,23.183333333333334,22.5,,,,197.26889144562375,0.4691548300764461,0.0,0.0,0.0,0.0,0.0,0.0,,0.0,0,0,0.0,0.0,0.0,0.0,0.0,0.0,738.29,-9.208333333333371,-17.429166666666788,-13.966666666666697,0.0,,,0.3999999999999986,0.10000000000000142,-0.2968564460467127,-0.9549221174737316,-0.2968564460467127,-0.9549221174737316,0.3376123030925163,-3.329142079608366,103.0,119.0,,,0.0,6,0.0,0.0,0.7037777777777777,0.0,-0.0,29.475,-0.3208333333333364,220,8,2016,311
2017-08-09,0.0,3.8000000000000003,0,0.0,20.4,27.4,23.766666666666666,6.9,4.3374999999999995,-3.216056885085591,2.6249538615054715,89.625,219.41666666666666,600.0,58.916666666666664,1000.0583333333334,998.0,21.837500000000002,20.3,,,,305.57845510122695,0.9444175176330747,0.0,0.0,0.0,0.0,0.0,0.0,,0.08333333333333333,0,0,0.0,0.0,0.0,0.0,0.0,0.0,738.29,6.325000000000159,-8.662499999999909,-6.027380952380895,0.0,,,1.9291666666666636,0.09999999999999787,-0.8133195989195934,0.5818171792008825,-0.8133195989195934,0.5818171792008825,-2.882390983257961,2.352614898374279,104.0,120.0,,,0.0,6,0.0,0.0,0.7783611111111112,0.0,-0.0,26.025,0.18333333333333357,221,8,2016,312
2017-08-10,0.0,1.8,0,0.0,19.2,29.3,23.849999999999998,3.8,2.1416666666666666,0.341908773006849,-0.34343068715115727,83.625,224.875,600.0,69.08333333333333,1002.6333333333333,1001.5,20.645833333333332,16.7,,,,134.4956346688223,0.14125143219319633,0.0,0.0,0.0,0.0,0.0,0.0,,0.08333333333333333,0,0,0.0,0.0,0.0,0.0,0.0,0.0,738.29,2.574999999999932,-0.3083333333332803,-2.022619047619173,0.0,,,3.2041666666666657,2.5,0.7133038489416799,-0.7008549201403849,0.7133038489416799,-0.7008549201403849,0.2859212114269775,-0.28719391213015527,105.0,121.0,,,0.0,6,0.0,0.0,0.762,0.0,-0.0,12.85,0.08333333333333215,222,8,2016,313
2017-08-11,0.0,6.1,0,0.0,21.7,27.3,24.141666666666666,4.7,2.2416666666666667,0.8391949969561928,-0.47923685778000097,91.5,202.75,600.0,74.83333333333333,1005.9833333333332,1004.7,22.599999999999998,21.6,,,,127.05673026020108,0.28205820733365283,0.0,0.0,0.0,0.0,0.0,0.0,,0.0,0,0,0.0,0.0,0.0,0.0,0.0,0.0,738.29,3.349999999999909,12.25,2.378571428571263,0.0,,,1.5416666666666679,0.09999999999999787,0.7980392436665303,-0.60260548086468,0.7980392436665303,-0.60260548086468,0.7678634222149163,-0.43850172486870087,106.0,122.0,,,0.0,6,0.0,0.0,0.7735,0.0,-0.0,13.45,0.29166666666666785,223,8,2016,314
2017-08-12,0.0,7.5,0,0.0,21.4,26.2,23.241666666666664,4.3,2.4625,0.5917942892007209,0.707347890284007,94.41666666666667,157.08333333333334,587.0,86.83333333333333,1009.2708333333334,1007.8,22.254166666666666,21.4,,,,57.18311323509544,0.3240054760833806,0.0,0.0,0.0,0.0,0.0,0.0,,0.0,0,0,0.0,0.0,0.0,0.0,0.0,0.0,738.29,3.2875000000001364,9.212499999999977,5.936309523809655,0.0,,,0.9874999999999972,0.0,0.8404069095199336,0.5419559266500866,0.8404069095199336,0.5419559266500866,0.558752441387014,0.6678542997431499,107.0,123.0,,,0.0,6,0.0,0.0,0.7527777777777778,0.0,-0.0,14.774999999999999,-0.9000000000000021,224,8,2016,315
2017-08-13,0.0,8.6,0,0.0,21.1,26.1,22.962500000000002,4.4,2.654166666666667,1.2898424794134622,1.74908457235904,90.33333333333333,175.625,600.0,88.45833333333333,1011.1291666666666,1010.3,21.183333333333334,20.4,,,,33.03680485015554,0.8182277137237046,0.0,0.0,0.0,0.0,0.0,0.0,,0.0,0,0,0.0,0.0,0.0,0.0,0.0,0.0,738.29,1.8583333333332348,8.49583333333328,7.450595238095161,0.0,,,1.7791666666666686,0.7000000000000028,0.5451776559133965,0.8383205374394536,0.5451776559133965,0.8383205374394536,1.1651577064034941,1.5800063970309994,108.0,124.0,,,0.0,6,0.0,0.0,0.7515277777777779,0.0,-0.0,15.925,-0.27916666666666146,225,8,2016,316
2017-08-14,0.0,4.4,0,0.0,20.7,25.6,22.104166666666668,6.2,2.7458333333333336,1.5974861567407117,1.1547967070920333,95.70833333333333,150.375,600.0,98.29166666666667,1010.1666666666666,1008.8,21.3625,20.3,,,,58.33194331592962,0.7710680802495457,0.0,0.0,0.0,0.0,0.0,0.0,,0.0,0,0,0.0,0.0,0.0,0.0,0.0,0.0,738.29,-0.9624999999999773,4.183333333333394,5.45595238095234,0.0,,,0.7416666666666671,0.3999999999999986,0.8511039360550154,0.5249972285942661,0.8511039360550154,0.5249972285942661,1.5289273758472561,1.1052366817460002,109.0,125.0,,,0.0,6,0.0,0.0,0.752611111111111,0.0,-0.0,16.475,-0.8583333333333343,226,8,2016,317
2017-08-15,0.0,2.3000000000000003,0,0.0,20.1,22.5,21.166666666666668,8.2,5.0375000000000005,3.2691490249124517,-3.616147777430409,96.625,89.04166666666667,355.0,98.25,1008.25,1007.0,20.604166666666668,19.7,,,,135.90609156772808,0.9492818917706344,0.0,0.0,0.0,0.0,0.0,0.0,,0.0,0,0,0.0,0.0,0.0,0.0,0.0,0.0,738.29,-1.9166666666666288,-1.0208333333333712,1.4654761904761244,0.0,,,0.5625,0.40000000000000213,0.6958364429697523,-0.7182002817008656,0.6958364429697523,-0.7182002817008656,3.1588152453216565,-3.494102789942133,110.0,126.0,,,0.0,6,0.0,0.0,0.7147777777777778,0.0,-0.0,30.225,-0.9375,227,8,2016,318
2017-08-16,0.0,17.9,0,0.0,19.6,22.7,20.891666666666666,7.6,5.354166666666667,3.209992098256295,-4.155260155910241,98.41666666666667,71.83333333333333,295.0,99.58333333333333,1009.1791666666667,1007.8,20.616666666666667,19.5,,,,140.99513918411003,0.9812078160510549,0.0,0.0,0.0,0.0,0.0,0.0,,0.0,0,0,0.0,0.0,0.0,0.0,0.0,0.0,738.29,0.9291666666666742,-1.9499999999999318,1.0916666666668107,0.0,,,0.2749999999999986,0.10000000000000142,0.6293863197047371,-0.7770925688542687,0.6293863197047371,-0.7770925688542687,3.1591672233672368,-4.089468536774996,111.0,127.0,,,0.0,6,0.0,0.0,0.7092777777777778,0.0,-0.0,32.125,-0.27500000000000213,228,8,2016,319
2017-08-17,0.0,3.1,0,0.0,20.3,27.3,22.920833333333334,5.1,3.1,1.6956973132065265,-1.9771547624930113,88.54166666666667,208.75,600.0,80.70833333333333,1011.3666666666667,1010.2,20.729166666666668,20.1,,,,138.57332008339787,0.8649101972408585,0.0,0.0,0.0,0.0,0.0,0.0,,0.0,0,0,0.0,0.0,0.0,0.0,0.0,0.0,738.29,2.1875,1.2000000000000455,2.0315476190477284,0.0,,,2.1916666666666664,0.1999999999999993,0.6616610846256814,-0.7498030468676203,0.6616610846256814,-0.7498030468676203,1.5013986627349454,-1.7506057792906873,112.0,128.0,,,0.0,6,0.0,0.0,0.7676388888888889,0.0,-0.0,18.6,2.0291666666666686,229,8,2016,320
2017-08-18,0.0,18.0,0,0.0,20.4,25.8,22.333333333333332,4.1,2.0208333333333335,0.6940737483195658,-0.9577767220670875,94.54166666666667,123.79166666666667,575.0,82.91666666666667,1012.8583333333332,1011.9,21.3625,20.4,,,,147.58956295039195,0.3603926371363971,0.0,0.0,0.0,0.0,0.0,0.0,,0.0,0,0,0.0,0.0,0.0,0.0,0.0,0.0,738.29,1.4916666666665606,4.608333333333235,2.5410714285713993,0.0,,,0.9708333333333314,0.0,0.5359805896058818,-0.8442303048136399,0.5359805896058818,-0.8442303048136399,0.656188889557123,-0.9054980759875925,113.0,129.0,,,0.0,6,0.0,0.0,0.731,0.0,-0.0,12.125,-0.5875000000000021,230,8,2016,321
2017-08-19,0.0,3.6,0,0.0,18.7,26.8,22.333333333333332,4.7,2.0375,-0.509223155106521,0.6452833043059404,89.29166666666667,201.08333333333334,600.0,82.08333333333333,1014.2583333333333,1012.7,20.3,18.6,,,,318.9628030146145,0.29080063324727484,0.0,0.0,0.0,0.0,0.0,0.0,,0.0,0,0,0.0,0.0,0.0,0.0,0.0,0.0,738.29,1.400000000000091,5.0791666666666515,3.228571428571513,0.0,,,2.0333333333333314,0.09999999999999787,-0.656548855606407,0.7542835012128513,-0.656548855606407,0.7542835012128513,-0.4546938422471978,0.5761842171365127,114.0,130.0,,,0.0,6,0.0,0.0,0.7650277777777778,0.0,-0.0,12.225000000000001,0.0,231,8,2016,322
2017-08-20,0.0,0.7000000000000001,0,0.0,18.6,25.8,22.233333333333334,6.1,2.9125,0.37192752867200823,-1.2154847587834283,89.45833333333333,177.20833333333334,550.0,90.0,1015.3458333333333,1014.3,20.3125,18.3,,,,149.14322440489687,0.26537278264964825,0.0,0.0,0.0,0.0,0.0,0.0,,0.0,0,0,0.0,0.0,0.0,0.0,0.0,0.0,738.29,1.0874999999999773,3.9791666666666288,3.71369047619055,0.0,,,1.9208333333333343,0.3000000000000007,0.5128937747971395,-0.8584520812336243,0.5128937747971395,-0.8584520812336243,0.332720168357834,-1.0873524071283418,115.0,131.0,,,0.0,6,0.0,0.0,0.7496666666666667,0.0,-0.0,17.475,-0.09999999999999787,232,8,2016,323
2017-08-21,0.0,3.3,0,0.0,19.1,27.0,22.675,5.2,3.095833333333333,0.5720753817173975,-1.9656768674737453,88.91666666666667,204.54166666666666,600.0,97.41666666666667,1016.5583333333334,1015.5,20.604166666666668,18.9,,,,180.45924213077623,0.4488236911567637,0.0,0.0,0.0,0.0,0.0,0.0,,0.0,0,0,0.0,0.0,0.0,0.0,0.0,0.0,738.29,1.212500000000091,3.700000000000159,4.013095238095161,0.0,,,2.070833333333333,0.20000000000000284,-0.008015201422734788,-0.9999678777571572,-0.008015201422734788,-0.9999678777571572,0.5086703602437193,-1.7478143479954054,116.0,132.0,,,0.0,6,0.0,0.0,0.7660833333333333,0.0,-0.0,18.575,0.44166666666666643,233,8,2016,324
2017-08-22,0.0,3.2,0,0.0,17.9,26.8,22.287499999999998,3.6,2.183333333333333,-0.7920504950667779,-0.8093937301301631,89.79166666666667,159.125,566.0,96.16666666666667,1017.3291666666668,1016.1,20.454166666666666,17.4,,,,225.31664903473592,0.5235630170899397,0.0,0.0,0.0,0.0,0.0,0.0,,0.0,0,0,0.0,0.0,0.0,0.0,0.0,0.0,738.29,0.7708333333333712,3.0708333333334394,3.486904761904725,0.0,,,1.8333333333333321,0.5,-0.7110038366269688,-0.7031881286695124,-0.7110038366269688,-0.7031881286695124,-0.7111953403620445,-0.7267681201793756,117.0,133.0,,,0.0,6,0.0,0.0,0.7387222222222222,0.0,-0.0,13.099999999999998,-0.38750000000000284,234,8,2016,325
2017-08-23,0.0,7.5,0,0.0,21.0,26.8,23.208333333333332,4.3,2.2916666666666665,-0.31159668683887315,0.3904348101031377,91.29166666666667,176.125,600.0,91.79166666666667,1015.5583333333334,1014.0,21.662499999999998,20.6,,,,13.335822840608161,0.10020945037375127,0.0,0.0,0.0,0.0,0.0,0.0,,0.0,0,0,0.0,0.0,0.0,0.0,0.0,0.0,738.29,-1.7708333333333712,0.21250000000009095,0.8047619047619037,0.0,,,1.5458333333333343,0.3999999999999986,0.2306581494204001,0.9730348493789708,0.2306581494204001,0.9730348493789708,-0.28446180869332127,0.3564344453899895,118.0,134.0,,,0.0,6,0.0,0.0,0.7550555555555555,0.0,-0.0,13.75,0.9208333333333343,235,8,2016,326
2017-08-24,0.0,4.4,0,0.0,20.4,28.1,23.795833333333334,4.9,2.658333333333333,-0.16417176942184217,-1.79627260712922,86.75,176.20833333333334,600.0,76.41666666666667,1011.8625000000001,1009.4,21.325,19.9,,,,192.54541164332582,0.6299286804175735,0.0,0.0,0.0,0.0,0.0,0.0,,0.08333333333333333,0,0,0.0,0.0,0.0,0.0,0.0,0.0,738.29,-3.6958333333333258,-4.695833333333326,-2.961904761904748,0.0,,,2.470833333333335,0.5,-0.2172133411950031,-0.9761241541970485,-0.2172133411950031,-0.9761241541970485,-0.14241900997344809,-1.5582664866845986,119.0,135.0,,,0.0,6,0.0,0.0,0.7399722222222223,0.0,-0.0,15.95,0.5875000000000021,236,8,2016,327
2017-08-25,0.0,37.0,0,0.0,20.8,25.9,23.162499999999998,4.9,2.225,0.15047689383098026,-1.1511196915383066,94.04166666666667,74.75,442.0,94.66666666666667,1009.2791666666667,1007.9,22.129166666666666,20.3,,,,195.39087261711035,0.3631887435863585,0.0,0.0,0.0,0.0,0.0,0.0,,0.0,0,0,0.0,0.0,0.0,0.0,0.0,0.0,738.29,-2.5833333333333712,-8.050000000000068,-5.0339285714285325,0.0,,,1.0333333333333314,0.5,-0.2654025309400176,-0.9641376958560604,-0.2654025309400176,-0.9641376958560604,0.14151097890688435,-1.082532143250816,120.0,136.0,,,0.0,6,0.0,0.0,0.6966388888888888,0.0,-0.0,13.350000000000001,-0.6333333333333364,237,8,2016,328
2017-08-26,0.0,17.7,0,0.0,17.0,25.7,21.7375,5.4,3.795833333333333,-1.6849874948051944,2.3435034313858685,82.375,235.5,600.0,88.54166666666667,1012.5416666666666,1008.4,18.154166666666665,14.4,,,,323.64838527517816,0.7576361965530987,0.0,0.0,0.0,0.0,0.0,0.0,,0.0,0,0,0.0,0.0,0.0,0.0,0.0,0.0,738.29,3.262499999999932,-3.016666666666765,-1.5261904761905498,0.0,,,3.5833333333333357,2.5999999999999996,-0.5927389564714081,0.8053946420738012,-0.5927389564714081,0.8053946420738012,-1.388008448845779,1.9304609516041091,121.0,137.0,,,0.0,6,0.0,0.0,0.7649166666666667,0.0,-0.0,22.775,-1.4249999999999972,238,8,2016,329
2017-08-27,0.0,1.3,0,0.0,16.6,26.5,21.125,6.6,4.545833333333333,2.1583432396373983,-2.3904987520741647,84.75,270.0833333333333,600.0,71.875,1018.1083333333332,1016.6,18.224999999999998,15.9,,,,137.07489441604085,0.5361198616390225,0.0,0.0,0.0,0.0,0.0,0.0,,0.16666666666666666,0,0,0.0,0.0,0.0,0.0,0.0,0.0,738.29,5.566666666666606,6.245833333333167,3.64583333333303,0.0,,,2.900000000000002,0.7000000000000011,0.6810417856587827,-0.7322445535384314,0.6810417856587827,-0.7322445535384314,1.829195895592695,-2.0259476923828545,122.0,138.0,,,0.0,6,0.0,0.0,0.7958888888888889,0.0,-0.0,27.275,-0.6125000000000007,239,8,2016,330
2017-08-28,0.0,0.1,0,0.0,18.9,26.2,21.825,6.0,3.4166666666666665,1.366466897979339,-2.6679253323727288,88.33333333333333,172.66666666666666,600.0,95.0,1016.5875,1014.2,19.641666666666666,18.6,,,,155.71465353002517,0.8362844744619459,0.0,0.0,0.0,0.0,0.0,0.0,,0.0,0,0,0.0,0.0,0.0,0.0,0.0,0.0,738.29,-1.5208333333332575,7.30833333333328,2.120833333333394,0.0,,,2.1833333333333336,0.29999999999999716,0.4112812516230921,-0.9115084925898073,0.4112812516230921,-0.9115084925898073,1.2070457598817494,-2.3566673769292437,123.0,139.0,,,0.0,6,0.0,0.0,0.7428888888888888,0.0,-0.0,20.5,0.6999999999999993,240,8,2016,331
2017-08-29,0.0,2.8,0,0.0,19.3,28.3,23.395833333333332,3.6,2.1750000000000003,-0.5839313445585735,-0.6126024698620058,86.16666666666667,225.66666666666666,600.0,85.875,1012.8916666666668,1011.1,20.804166666666667,18.9,,,,227.9296118991638,0.36124033917623105,0.0,0.0,0.0,0.0,0.0,0.0,,0.0,0,0,0.0,0.0,0.0,0.0,0.0,0.0,738.29,-3.695833333333212,0.3500000000001364,-0.9410714285712629,0.0,,,2.591666666666665,0.40000000000000213,-0.7423222351962498,-0.6700430576711048,-0.7423222351962498,-0.6700430576711048,-0.5031541752279709,-0.5278591281977617,124.0,140.0,,,0.0,6,0.0,0.0,0.771,0.0,-0.0,13.05,1.5708333333333329,241,8,2016,332
2017-08-30,0.0,18.9,0,0.0,18.8,25.5,21.479166666666668,5.8,2.9875000000000003,0.8857590528895901,2.073288496157144,92.91666666666667,154.0,600.0,94.29166666666667,1012.0333333333333,1010.4,20.1875,18.7,,,,40.40369698896096,0.672818942683254,0.0,0.0,0.0,0.0,0.0,0.0,,0.0,0,0,0.0,0.0,0.0,0.0,0.0,0.0,738.29,-0.8583333333334622,-6.074999999999932,-1.2958333333333485,0.0,,,1.2916666666666679,0.10000000000000142,0.6481690376912527,0.7614964862547926,0.6481690376912527,0.7614964862547926,0.8230177866432442,1.9264305610126797,125.0,141.0,,,0.0,6,0.0,0.0,0.7457222222222223,0.0,-0.0,17.925,-1.9166666666666643,242,8,2016,333
2017-08-31,0.0,3.7,0,0.0,15.8,23.0,19.5125,7.2,3.9875000000000003,2.07596706193558,2.006070349168943,80.33333333333333,127.875,486.0,81.29166666666667,1010.025,1007.3,15.754166666666668,8.3,,,,48.71675477603215,0.7444645529277668,0.0,0.0,0.0,0.0,0.0,0.0,,0.0,0,0,0.0,0.0,0.0,0.0,0.0,0.0,738.29,-2.0083333333333258,-6.5625,-3.0416666666666288,0.0,,,3.758333333333331,7.5,0.7514571030318511,0.6597819505738073,0.7514571030318511,0.6597819505738073,1.6676935397549157,1.6115431804990508,126.0,142.0,,,0.0,6,0.0,0.0,0.6863611111111111,0.0,-0.0,23.925,-1.9666666666666686,243,8,2016,334
2017-09-01,0.0,0.0,0,0.0,15.4,22.6,18.075,7.9,5.5874999999999995,2.3266933136375982,2.1787471895863555,78.75,274.9166666666667,600.0,39.958333333333336,1010.0375,1008.4,13.941666666666668,10.9,,,,54.30601217062708,0.5484351927129542,0.0,0.0,0.0,0.0,0.0,0.0,,0.4166666666666667,0,0,0.0,0.0,0.0,0.0,0.0,0.0,738.29,0.012500000000045475,-2.8541666666667425,-3.1375000000000455,0.0,,,4.133333333333331,4.5,0.8121447546679943,0.5834559944548203,0.8121447546679943,0.5834559944548203,1.8322709844896088,1.7157634117992548,127.0,143.0,,,0.0,6,0.0,0.0,0.7791111111111112,0.0,-0.0,33.525,-1.4375,244,9,2016,335
2017-09-02,0.0,0.0,0,0.0,13.3,23.4,17.625,7.3,4.608333333333333,0.6214252557998846,3.222639599153988,79.04166666666667,258.625,600.0,35.0,1009.0,1006.8,13.745833333333332,9.2,,,,14.334432406941756,0.5800377159355302,0.0,0.0,0.0,0.0,0.0,0.0,,0.3333333333333333,0,0,0.0,0.0,0.0,0.0,0.0,0.0,738.29,-1.0375000000000227,-3.033333333333303,-3.66904761904766,0.0,,,3.879166666666668,4.100000000000001,0.24758130668511488,0.9688671201873305,0.24758130668511488,0.9688671201873305,0.49118487927182547,2.5472280498312982,128.0,144.0,,,0.0,6,0.0,0.0,0.7692222222222224,0.0,-0.0,27.65,-0.4499999999999993,245,9,2016,336
2017-09-03,0.0,0.0,0,0.0,13.6,21.0,16.7375,10.4,5.958333333333333,-0.9366303505829839,5.598348096219438,81.66666666666667,219.875,600.0,70.625,1013.5291666666667,1010.2,13.408333333333333,10.4,,,,347.2029723138108,0.9354425437468433,0.0,0.0,0.0,0.0,0.0,0.0,,0.0,0,0,0.0,0.0,0.0,0.0,0.0,0.0,738.29,4.529166666666697,3.5041666666667197,1.5142857142857338,0.0,,,3.3291666666666675,3.1999999999999993,-0.22149790982753198,0.9751608461900193,-0.22149790982753198,0.9751608461900193,-0.7649147863094369,4.571984278579208,129.0,145.0,,,0.0,6,0.0,0.0,0.752138888888889,0.0,-0.0,35.75,-0.8874999999999993,246,9,2016,337
2017-09-04,0.0,0.0,0,0.0,12.3,21.3,17.066666666666666,7.0,3.85,1.8284981023802944,-1.7560985875926232,83.625,200.5,600.0,93.0,1018.625,1017.0,14.162500000000001,10.3,,,,150.45171461516298,0.403296549641806,0.0,0.0,0.0,0.0,0.0,0.0,,0.0,0,0,0.0,0.0,0.0,0.0,0.0,0.0,738.29,5.095833333333303,8.587499999999977,6.3190476190476375,0.0,,,2.904166666666665,2.0,0.49315686779669166,-0.8699404024098182,0.49315686779669166,-0.8699404024098182,1.5290815381155212,-1.4685374438743313,130.0,146.0,,,0.0,6,0.0,0.0,0.74575,0.0,-0.0,23.1,0.3291666666666657,247,9,2016,338
2017-09-05,0.0,2.6,0,0.0,14.6,24.1,19.008333333333333,6.4,4.05,0.7382963706361366,-2.664885258762595,84.66666666666667,220.20833333333334,600.0,87.95833333333333,1016.6583333333333,1014.7,16.145833333333332,14.1,,,,172.77152721408078,0.57553536627736,0.0,0.0,0.0,0.0,0.0,0.0,,0.0,0,0,0.0,0.0,0.0,0.0,0.0,0.0,738.29,-1.966666666666697,7.658333333333303,3.8142857142855746,0.0,,,2.8625000000000007,0.5,0.12582624337901885,-0.9920522952330305,0.12582624337901885,-0.9920522952330305,0.6250909271385957,-2.256269519085664,131.0,147.0,,,0.0,6,0.0,0.0,0.7623611111111112,0.0,-0.0,24.299999999999997,1.9416666666666664,248,9,2016,339
2017-09-06,0.0,14.100000000000001,0,0.0,17.3,20.1,18.558333333333334,4.7,2.5833333333333335,0.6217057117684422,-0.9791136796728418,99.0,28.416666666666668,109.0,100.0,1010.5041666666666,1008.0,18.3875,17.2,,,,165.35249550469166,0.2778251070552563,0.0,0.0,0.0,0.0,0.0,0.0,,0.0,0,0,0.0,0.0,0.0,0.0,0.0,0.0,738.29,-6.154166666666697,-3.025000000000091,-2.1214285714286234,0.0,,,0.17083333333333428,0.10000000000000142,0.2528716087197646,-0.9674998447046275,0.2528716087197646,-0.9674998447046275,0.6154886546507579,-0.9693225428761134,132.0,148.0,,,0.0,6,0.0,0.0,0.6822777777777778,0.0,-0.0,15.5,-0.4499999999999993,249,9,2016,340
2017-09-07,0.0,25.4,0,0.0,18.4,22.0,20.05,5.9,3.625,0.002042994911296503,-0.32281489091437415,99.08333333333333,45.5,311.0,99.54166666666667,1006.1958333333333,1003.8,19.912499999999998,18.2,,,,175.2861748908128,0.07631814153681035,0.0,0.0,0.0,0.0,0.0,0.0,,0.0,0,0,0.0,0.0,0.0,0.0,0.0,0.0,738.29,-4.30833333333328,-12.429166666666674,-5.882738095238096,0.0,,,0.13750000000000284,0.1999999999999993,0.08217898853984261,-0.9966175865609479,0.08217898853984261,-0.9966175865609479,0.0020242674579429515,-0.3198557544143257,133.0,149.0,,,0.0,6,0.0,0.0,0.6939444444444444,0.0,-0.0,21.75,1.4916666666666671,250,9,2016,341
2017-09-08,0.0,6.5,0,0.0,15.7,20.9,18.529166666666665,10.2,6.4624999999999995,-1.6730956034067874,6.1572750207614275,90.125,178.29166666666666,553.0,65.41666666666667,1009.7833333333333,1006.2,16.825,15.4,,,,344.63096537062734,0.9841639528069719,0.0,0.0,0.0,0.0,0.0,0.0,,0.0,0,0,0.0,0.0,0.0,0.0,0.0,0.0,738.29,3.5874999999999773,-6.875,-2.258928571428555,0.0,,,1.7041666666666657,0.29999999999999893,-0.2650350356135018,0.9642387826142184,-0.2650350356135018,0.9642387826142184,-1.5078774125703671,5.549244112461237,134.0,150.0,,,0.0,6,0.0,0.0,0.752611111111111,0.0,-0.0,38.775,-1.5208333333333357,251,9,2016,342
2017-09-09,0.0,0.0,0,0.0,12.4,24.1,18.704166666666666,6.9,3.5124999999999997,0.16948418647559352,-0.6914952732820887,78.5,268.7083333333333,600.0,42.75,1015.1875,1013.8,14.604166666666666,11.1,,,,210.5973711548839,0.13682739434976174,0.0,0.0,0.0,0.0,0.0,0.0,,0.5,0,0,0.0,0.0,0.0,0.0,0.0,0.0,738.29,5.404166666666697,4.683333333333394,2.2613095238095866,0.0,,,4.1,1.3000000000000007,-0.5090019226464848,-0.8607653819375998,-0.5090019226464848,-0.8607653819375998,0.13304508638334092,-0.5428237895264396,135.0,151.0,,,0.0,6,0.0,0.0,0.7741388888888889,0.0,-0.0,21.075,0.1750000000000007,252,9,2016,343
2017-09-10,0.0,0.0,0,0.0,14.7,25.2,19.779166666666665,3.9,2.279166666666667,-0.9625478306186966,-0.06299357651660803,76.45833333333333,257.9583333333333,600.0,42.0,1017.4583333333334,1016.3,15.1625,12.6,,,,288.3079522548099,0.35546651215697156,0.0,0.0,0.0,0.0,0.0,0.0,,0.5416666666666666,0,0,0.0,0.0,0.0,0.0,0.0,0.0,738.29,2.2708333333333712,11.262500000000045,3.970833333333303,0.0,,,4.616666666666665,2.0999999999999996,-0.9493818885332432,0.31412422658090605,-0.9493818885332432,0.31412422658090605,-0.7359480288272118,-0.048163838711656554,136.0,152.0,,,0.0,6,0.0,0.0,0.7601666666666667,0.0,-0.0,13.675,1.0749999999999993,253,9,2016,344
2017-09-11,0.0,9.399999999999999,0,0.0,15.8,21.8,18.962500000000002,9.9,6.3625,1.910409246389901,-5.031418747534324,91.08333333333333,139.33333333333334,501.0,99.95833333333333,1015.8916666666668,1012.7,17.412499999999998,14.9,,,,167.4292687242873,0.7842810246233717,0.0,0.0,0.0,0.0,0.0,0.0,,0.0,0,0,0.0,0.0,0.0,0.0,0.0,0.0,738.29,-1.566666666666606,6.108333333333462,2.7946428571428896,0.0,,,1.5500000000000043,0.9000000000000004,0.21764467992451073,-0.9760280699347521,0.21764467992451073,-0.9760280699347521,1.7400644219201349,-4.582783909212512,137.0,153.0,,,0.0,6,0.0,0.0,0.7298333333333332,0.0,-0.0,38.175,-0.8166666666666629,254,9,2016,345
2017-09-12,0.0,30.0,0,0.0,16.8,22.8,19.733333333333334,5.7,3.6624999999999996,-0.3693433309674323,-0.48293070951967904,95.70833333333333,96.20833333333333,452.0,92.58333333333333,1010.9625,1008.5,19.008333333333333,16.8,,,,218.5321514044322,0.23957147119666364,0.0,0.0,0.0,0.0,0.0,0.0,,0.0,0,0,0.0,0.0,0.0,0.0,0.0,0.0,738.29,-4.929166666666788,-4.225000000000023,-1.3208333333334394,0.0,,,0.7250000000000014,0.0,-0.6229536975012231,-0.7822587108940077,-0.6229536975012231,-0.7822587108940077,-0.35349234634674664,-0.46220493323612616,138.0,154.0,,,0.0,6,0.0,0.0,0.7164999999999999,0.0,-0.0,21.974999999999998,0.7708333333333321,255,9,2016,346
2017-09-13,0.0,0.5,0,0.0,14.9,23.8,19.175,4.9,2.8208333333333333,-1.7334206538064343,1.8555444237213508,86.33333333333333,218.0,600.0,54.125,1016.7375000000001,1014.9,16.587500000000002,14.2,,,,322.4236421035885,0.8788157963806772,0.0,0.0,0.0,0.0,0.0,0.0,,0.125,0,0,0.0,0.0,0.0,0.0,0.0,0.0,738.29,5.775000000000091,-0.720833333333303,3.5636904761905726,0.0,,,2.5874999999999986,0.7000000000000011,-0.609818187471521,0.7925413416528811,-0.609818187471521,0.7925413416528811,-1.4965198311195547,1.6019533524794327,139.0,155.0,,,0.0,6,0.0,0.0,0.7664444444444444,0.0,-0.0,16.925,-0.5583333333333336,256,9,2016,347
2017-09-14,0.0,0.4,0,0.0,12.9,21.4,16.675,7.3,4.45,-1.8102838558508882,3.6398039515270355,85.58333333333333,168.75,600.0,61.458333333333336,1018.9708333333333,1017.7,14.125,12.3,,,,328.4060994189346,0.8959895123657645,0.0,0.0,0.0,0.0,0.0,0.0,,0.041666666666666664,0,0,0.0,0.0,0.0,0.0,0.0,0.0,738.29,2.233333333333235,3.079166666666538,3.972023809523762,0.0,,,2.5500000000000007,0.5999999999999996,-0.5238952324590619,0.851782710206462,-0.5238952324590619,0.851782710206462,-1.5493012666323849,3.1150655485152208,140.0,156.0,,,0.0,6,0.0,0.0,0.7311111111111112,0.0,-0.0,26.700000000000003,-2.5,257,9,2016,348
2017-09-15,0.0,0.0,0,0.0,12.6,20.3,15.674999999999999,7.0,4.6875,1.1165861572160218,2.5416999066481716,81.20833333333333,210.66666666666666,600.0,96.75,1020.1541666666667,1018.2,12.170833333333334,9.7,,,,35.44583987696405,0.5350346982405522,0.0,0.0,0.0,0.0,0.0,0.0,,0.0,0,0,0.0,0.0,0.0,0.0,0.0,0.0,738.29,1.183333333333394,9.19166666666672,3.6738095238094957,0.0,,,3.5041666666666647,2.9000000000000004,0.5799331353977769,0.814664077069625,0.5799331353977769,0.814664077069625,0.9067610085058443,2.064072132523869,141.0,157.0,,,0.0,6,0.0,0.0,0.7444722222222223,0.0,-0.0,28.125,-1.0000000000000018,258,9,2016,349
2017-09-16,0.0,3.2,0,0.0,13.7,19.3,15.658333333333333,9.4,5.5249999999999995,2.8650503262735785,-4.305185031466441,89.45833333333333,143.875,573.0,99.45833333333333,1019.3291666666668,1018.0,13.8375,12.5,,,,140.4722958735927,0.9341472117436019,0.0,0.0,0.0,0.0,0.0,0.0,,0.0,0,0,0.0,0.0,0.0,0.0,0.0,0.0,738.29,-0.8249999999999318,2.591666666666697,2.257142857142867,0.0,,,1.8208333333333329,1.1999999999999993,0.6364512481688369,-0.7713169314259408,0.6364512481688369,-0.7713169314259408,2.563026271045572,-3.85134677606602,142.0,158.0,,,0.0,6,0.0,0.0,0.7274444444444444,0.0,-0.0,33.15,-0.01666666666666572,259,9,2016,350
2017-09-17,0.0,21.1,0,0.0,13.3,17.5,15.095833333333333,15.3,9.216666666666667,-0.0714954287293541,-8.573090122772285,98.95833333333333,44.458333333333336,244.0,100.0,1011.9875000000001,993.6,14.933333333333332,13.2,,,,182.94368910112183,0.9216962265078161,0.0,0.0,0.0,0.0,0.0,0.0,,0.0,0,0,0.0,0.0,0.0,0.0,0.0,0.0,738.29,-7.341666666666697,-6.983333333333235,-4.302976190476215,0.0,,,0.16250000000000142,0.10000000000000142,-0.05135446744243712,-0.9986804887819245,-0.05135446744243712,-0.9986804887819245,-0.07075068468008999,-8.483787100660074,143.0,159.0,,,0.0,6,0.0,0.0,0.6928333333333333,0.0,-0.0,55.3,-0.5625,260,9,2016,351
2017-09-18,0.0,34.0,0,0.0,13.0,20.9,17.8375,18.8,6.191666666666666,-2.372267012433765,-0.27426636409784033,91.95833333333333,152.41666666666666,583.0,66.16666666666667,1002.3000000000001,986.6,16.458333333333332,12.8,,,,289.58289730506374,0.634978023863448,0.0,0.0,0.0,0.0,0.0,0.0,,0.20833333333333334,0,0,0.0,0.0,0.0,0.0,0.0,0.0,738.29,-9.6875,-17.85416666666663,-12.04880952380961,0.0,,,1.3791666666666664,0.1999999999999993,-0.9421575425524747,0.3351703522262698,-0.9421575425524747,0.3351703522262698,-2.18149720685055,-0.25221077731830566,144.0,160.0,,,0.0,6,0.0,0.0,0.7414722222222222,0.0,-0.0,37.15,2.7416666666666654,261,9,2016,352
2017-09-19,0.0,0.0,0,0.0,10.1,23.2,16.958333333333332,3.6,2.3541666666666665,-1.021465828726348,-0.7917237843547066,76.20833333333333,247.41666666666666,600.0,39.291666666666664,1012.0833333333334,1010.2,12.233333333333334,8.0,,,,233.94974575046888,0.5533104476747992,0.0,0.0,0.0,0.0,0.0,0.0,,0.5,0,0,0.0,0.0,0.0,0.0,0.0,0.0,738.29,9.783333333333303,-7.245833333333394,-2.4255952380952976,0.0,,,4.724999999999998,2.0999999999999996,-0.8085011355600125,-0.5884946166263294,-0.8085011355600125,-0.5884946166263294,-0.778442083641871,-0.603359500660316,145.0,161.0,,,0.0,6,0.0,0.0,0.7523055555555556,0.0,-0.0,14.125,-0.8791666666666664,262,9,2016,353
2017-09-20,0.0,3.3,0,0.0,13.3,22.4,17.020833333333332,6.6,3.5416666666666665,-1.3759114407746391,-1.4636803828235099,83.125,164.83333333333334,600.0,87.0,1010.1166666666667,1007.1,13.954166666666666,11.0,,,,234.34381264646984,0.6016070726156286,0.0,0.0,0.0,0.0,0.0,0.0,,0.0,0,0,0.0,0.0,0.0,0.0,0.0,0.0,738.29,-1.966666666666697,-1.870833333333394,-3.446428571428669,0.0,,,3.0666666666666664,2.3000000000000007,-0.8125295087622542,-0.5829200608922032,-0.8125295087622542,-0.5829200608922032,-1.1437263851439188,-1.2166843182220426,146.0,162.0,,,0.0,6,0.0,0.0,0.7203055555555556,0.0,-0.0,21.25,0.0625,263,9,2016,354
2017-09-21,0.0,0.6000000000000001,0,0.0,13.3,20.2,16.404166666666665,9.7,4.870833333333333,-1.830753223313416,2.864171000994777,83.04166666666667,217.20833333333334,600.0,58.916666666666664,1014.2666666666668,1010.3,13.237499999999999,11.0,,,,332.35437498076016,0.51379850377354,0.0,0.0,0.0,0.0,0.0,0.0,,0.16666666666666666,0,0,0.0,0.0,0.0,0.0,0.0,0.0,738.29,4.150000000000091,11.966666666666697,1.3755952380953431,0.0,,,3.166666666666666,2.3000000000000007,-0.46400157809878034,0.8858343725109348,-0.46400157809878034,0.8858343725109348,-1.5202879891931826,2.378455335409413,147.0,163.0,,,0.0,6,0.0,0.0,0.7549444444444444,0.0,-0.0,29.224999999999994,-0.6166666666666671,264,9,2016,355
2017-09-22,0.0,0.9000000000000001,0,0.0,11.0,19.9,16.054166666666667,11.0,6.733333333333333,1.8959687416961952,-5.122490565870111,88.95833333333333,186.29166666666666,600.0,80.95833333333333,1018.0,1016.7,14.1,10.9,,,,167.83384445340772,0.7709799147853654,0.0,0.0,0.0,0.0,0.0,0.0,,0.08333333333333333,0,0,0.0,0.0,0.0,0.0,0.0,0.0,738.29,3.733333333333235,5.916666666666629,5.416666666666629,0.0,,,1.9541666666666675,0.09999999999999964,0.21074740284218843,-0.9775405527113811,0.21074740284218843,-0.9775405527113811,1.686622193133907,-4.556882232555285,148.0,164.0,,,0.0,6,0.0,0.0,0.7540555555555555,0.0,-0.0,40.4,-0.34999999999999787,265,9,2016,356
2017-09-23,0.0,4.1,0,0.0,14.9,21.7,17.704166666666666,4.1,2.9125,0.2086844869272579,-0.6391981963015166,93.25,120.41666666666667,447.0,93.16666666666667,1016.6416666666668,1014.6,16.504166666666666,14.8,,,,172.15070204700243,0.18863590754809198,0.0,0.0,0.0,0.0,0.0,0.0,,0.0,0,0,0.0,0.0,0.0,0.0,0.0,0.0,738.29,-1.3583333333332348,6.525000000000091,4.442261904761949,0.0,,,1.1999999999999993,0.09999999999999964,0.1365679730224291,-0.9906307025044929,0.1365679730224291,-0.9906307025044929,0.194598284059668,-0.5960523180511642,149.0,165.0,,,0.0,6,0.0,0.0,0.7244444444444444,0.0,-0.0,17.475,1.6499999999999986,266,9,2016,357
2017-09-24,0.0,0.0,0,0.0,12.7,23.2,17.587500000000002,5.4,2.5875,0.44010858817779125,-0.21161250312163138,83.91666666666667,219.25,600.0,55.25,1017.2791666666667,1015.4,14.525,12.2,,,,83.55246873504313,0.006677198534152863,0.0,0.0,0.0,0.0,0.0,0.0,,0.25,0,0,0.0,0.0,0.0,0.0,0.0,0.0,738.29,0.6374999999999318,3.012499999999932,4.323809523809587,0.0,,,3.0625000000000018,0.5,0.9936751051463149,0.11229330083517905,0.9936751051463149,0.11229330083517905,0.36932445691252985,-0.177578158869569,150.0,166.0,,,0.0,6,0.0,0.0,0.7592222222222222,0.0,-0.0,15.524999999999999,-0.11666666666666359,267,9,2016,358
2017-09-25,0.0,0.1,0,0.0,11.0,22.3,16.587500000000002,3.2,1.7416666666666665,-0.25060034537330517,0.3855944315031446,85.04166666666667,214.29166666666666,600.0,48.25,1017.1458333333334,1015.4,13.808333333333332,10.8,,,,313.28985414265514,0.28887909192754674,0.0,0.0,0.0,0.0,0.0,0.0,,0.4583333333333333,0,0,0.0,0.0,0.0,0.0,0.0,0.0,738.29,-0.13333333333332575,-0.8541666666666288,2.069642857142867,0.0,,,2.7791666666666703,0.1999999999999993,-0.7278941900110865,0.6856894691827375,-0.7278941900110865,0.6856894691827375,-0.21311471037788163,0.3279159311241326,151.0,167.0,,,0.0,6,0.0,0.0,0.7596666666666666,0.0,-0.0,10.45,-1.0,268,9,2016,359
2017-09-26,0.0,0.2,0,0.0,10.8,22.9,17.275,6.5,3.329166666666667,-0.43116342895323356,-1.9014695342277657,80.54166666666667,223.66666666666666,600.0,39.291666666666664,1016.8208333333333,1015.2,13.541666666666666,8.7,,,,214.83192868335985,0.47892235337294176,0.0,0.0,0.0,0.0,0.0,0.0,,0.5,0,0,0.0,0.0,0.0,0.0,0.0,0.0,738.29,-0.3250000000000455,0.17916666666656056,1.067857142857065,0.0,,,3.7333333333333325,2.1000000000000014,-0.5711710731886199,-0.8208310454366112,-0.5711710731886199,-0.8208310454366112,-0.3472662117360836,-1.5314752540259462,152.0,168.0,,,0.0,6,0.0,0.0,0.7509166666666666,0.0,-0.0,19.975,0.6874999999999964,269,9,2016,360
2017-09-27,0.0,8.8,0,0.0,13.3,20.7,16.804166666666667,7.1,4.704166666666667,1.8357267569075821,-3.3439007313135574,90.125,115.41666666666667,535.0,94.25,1013.2333333333332,1010.3,15.1,12.8,,,,159.45895635558375,0.7190212476607128,0.0,0.0,0.0,0.0,0.0,0.0,,0.0,0,0,0.0,0.0,0.0,0.0,0.0,0.0,738.29,-3.587500000000091,-4.045833333333462,-2.9648809523810087,0.0,,,1.7041666666666675,0.5,0.35087827340896377,-0.936421079028844,0.35087827340896377,-0.936421079028844,1.6544487396629584,-3.0136905340963436,153.0,169.0,,,0.0,6,0.0,0.0,0.7106944444444445,0.0,-0.0,28.225,-0.47083333333333144,270,9,2016,361
2017-09-28,0.0,22.5,0,0.0,8.3,18.2,13.424999999999999,15.5,6.7250000000000005,-2.3836900240253995,3.912411058608065,94.375,30.875,142.0,74.33333333333333,1005.9291666666667,1002.6,12.529166666666667,6.5,,,,313.38810473762624,0.5638343990161171,0.0,0.0,0.0,0.0,0.0,0.0,,0.16666666666666666,0,0,0.0,0.0,0.0,0.0,0.0,0.0,738.29,-7.304166666666561,-11.216666666666697,-9.077976190476193,0.0,,,0.8958333333333321,1.8000000000000007,-0.7267173025758441,0.6869366507450954,-0.7267173025758441,0.6869366507450954,-2.2496074601739706,3.692337936561361,154.0,170.0,,,0.0,6,0.0,0.0,0.6685,0.0,-0.0,40.35,-3.379166666666668,271,9,2016,362
2017-09-29,0.0,0.0,0,0.0,6.5,18.7,12.779166666666667,8.3,3.970833333333333,-3.148832313704581,0.3979959497913787,75.08333333333333,170.875,549.0,39.208333333333336,1014.2708333333334,1009.8,8.216666666666667,0.9,,,,272.70242310904825,0.7453060492651907,0.0,0.0,0.0,0.0,0.0,0.0,,0.3333333333333333,0,0,0.0,0.0,0.0,0.0,0.0,0.0,738.29,8.341666666666697,-2.5499999999999545,-0.20357142857142208,0.0,,,4.5625,5.6,-0.9988878818788994,0.04714869494997648,-0.9988878818788994,0.04714869494997648,-2.3642482622065226,0.2988286256350268,155.0,171.0,,,0.0,6,0.0,0.0,0.6975277777777777,0.0,-0.0,23.825,-0.6458333333333321,272,9,2016,363
2017-09-30,0.0,0.0,0,0.0,7.7,18.7,12.995833333333332,7.4,3.608333333333333,-3.0091105413151378,1.2038870698345836,73.29166666666667,228.45833333333334,600.0,37.125,1021.7624999999999,1018.8,7.495833333333334,2.7,,,,287.9112516882566,0.8818920226812691,0.0,0.0,0.0,0.0,0.0,0.0,,0.4166666666666667,0,0,0.0,0.0,0.0,0.0,0.0,0.0,738.29,7.491666666666561,8.529166666666697,6.556547619047478,0.0,,,5.499999999999998,5.0,-0.9515340271436028,0.3075434850356569,-0.9515340271436028,0.3075434850356569,-2.20542726757222,0.8823488982662636,156.0,172.0,,,0.0,6,0.0,0.0,0.7299444444444445,0.0,-0.0,21.65,0.216666666666665,273,9,2016,364
2017-10-01,0.0,0.0,0,0.0,8.0,20.2,14.825000000000001,7.1,4.754166666666666,0.8838978068752182,-3.3530661132267103,69.83333333333333,206.91666666666666,600.0,52.875,1023.8916666666668,1021.8,8.970833333333333,0.7,,,,178.9091347478939,0.5963563524112516,0.0,0.0,0.0,0.0,0.0,0.0,,0.375,0,0,0.0,0.0,0.0,0.0,0.0,0.0,0.0,0.0,0.0,0.0,0.0,,,5.854166666666668,7.3,0.01903804011057242,-0.9998187600904217,0.01903804011057242,-0.9998187600904217,0.617255301801194,-2.3415578357366527,157.0,173.0,,,0.0,0,0.0,0.0,0.7040555555555555,0.0,-0.0,0.0,1.8291666666666693,274,10,2017,0
2017-10-02,0.0,16.1,0,0.0,12.3,17.7,14.954166666666666,8.7,5.404166666666666,2.38071101027605,-4.412647664584893,96.04166666666667,50.0,290.0,99.83333333333333,1018.6541666666667,1014.9,14.299999999999999,11.7,,,,156.1328816269999,0.9200956335273158,0.0,0.0,0.0,0.0,0.0,0.0,,0.0,0,0,0.0,0.0,0.0,0.0,0.0,0.0,0.0,-5.237500000000068,0.0,-2.618750000000091,0.0,,,0.6541666666666668,0.6000000000000014,0.4046168364620996,-0.9144863124461746,0.4046168364620996,-0.9144863124461746,2.286474532785957,-4.237980361195074,158.0,174.0,,,0.0,1,0.0,0.0,0.6868055555555556,0.0,-0.0,5.404166666666666,0.12916666666666465,275,10,2017,1
2017-10-03,0.0,2.6,0,0.0,12.6,19.1,15.604166666666666,10.7,6.016666666666667,-1.7958998231498722,5.208347751930261,92.08333333333333,59.833333333333336,211.0,96.41666666666667,1013.6041666666666,1011.2,14.3125,10.9,,,,331.72804659949503,0.8222095609635689,0.0,0.0,0.0,0.0,0.0,0.0,,0.0,0,0,0.0,0.0,0.0,0.0,0.0,0.0,0.0,-5.050000000000068,0.0,-5.112500000000068,0.0,,,1.291666666666666,1.6999999999999993,-0.47365715375312895,0.880709316800092,-0.47365715375312895,0.880709316800092,-1.6537244204838404,4.7960202215691154,159.0,175.0,,,0.0,2,0.0,0.0,0.6801666666666666,0.0,-0.0,12.033333333333333,0.6500000000000004,276,10,2017,2
2017-10-04,0.0,1.5,0,0.0,6.5,12.0,9.5625,11.9,8.941666666666666,-3.5098550451715074,8.132102188640902,83.875,104.125,459.0,87.75,1022.3791666666666,1017.3,6.929166666666667,4.5,,,,335.36278295020395,0.9876320982711861,0.0,0.0,0.0,0.0,0.0,0.0,,0.0,0,0,0.0,0.0,0.0,0.0,0.0,0.0,0.0,8.774999999999977,-1.5125000000001592,2.746874999999932,0.0,,,2.633333333333333,2.0,-0.4168713078572108,0.9089655178748084,-0.4168713078572108,0.9089655178748084,-2.9438909191376017,6.820800710722556,160.0,176.0,,,0.0,3,0.0,0.0,0.6156666666666667,0.0,-0.0,26.825,-6.041666666666666,277,10,2017,3
2017-10-05,0.0,0.0,0,0.0,6.4,16.5,11.15,7.4,4.633333333333334,1.8434222036860073,-1.0416194659129856,78.29166666666667,183.91666666666666,600.0,75.58333333333333,1026.9333333333334,1024.7,7.3999999999999995,4.3,,,,99.87602395916599,0.3634796363657121,0.0,0.0,0.0,0.0,0.0,0.0,,0.08333333333333333,0,0,0.0,0.0,0.0,0.0,0.0,0.0,0.0,4.554166666666788,8.279166666666697,5.840833333333421,0.0,,,3.750000000000001,2.1000000000000005,0.9851811854998368,-0.17151685554818236,0.9851811854998368,-0.17151685554818236,1.4432459669691697,-0.8155012401877083,161.0,177.0,,,0.0,4,0.0,0.0,0.7169166666666666,0.0,-0.0,18.533333333333335,1.5875000000000004,278,10,2017,4
2017-10-06,0.0,20.8,0,0.0,9.0,15.1,11.358333333333334,9.2,5.379166666666666,1.010432675743493,-4.729787960082631,88.625,65.5,443.0,99.95833333333333,1027.5125,1025.7,9.445833333333333,7.9,,,,172.30996661386266,0.8736530518845992,0.0,0.0,0.0,0.0,0.0,0.0,,0.0,0,0,0.0,0.0,0.0,0.0,0.0,0.0,0.0,0.5791666666666515,13.908333333333417,5.350000000000023,0.0,,,1.9125000000000014,1.0999999999999996,0.1338138016393185,-0.9910064916491885,0.1338138016393185,-0.9910064916491885,0.8954959588776705,-4.191774579623232,162.0,178.0,,,0.0,5,0.0,0.0,0.6724166666666666,0.0,-0.0,26.895833333333332,0.20833333333333393,279,10,2017,5
2017-10-07,0.0,8.1,0,0.0,10.7,18.7,15.108333333333333,7.6,4.083333333333333,-0.6138554417685131,-1.8294197800818,95.375,74.04166666666667,320.0,94.29166666666667,1021.6333333333333,1019.5,14.325000000000001,10.5,,,,220.01405176127076,0.3703914372329034,0.0,0.0,0.0,0.0,0.0,0.0,,0.0,0,0,0.0,0.0,0.0,0.0,0.0,0.0,0.0,-5.87916666666672,-0.7458333333332803,-0.4535714285714221,0.0,,,0.7833333333333314,0.1999999999999993,-0.642975462370241,-0.7658867767429954,-0.642975462370241,-0.7658867767429954,-0.5854646275867195,-1.7448091152530167,163.0,179.0,,,0.0,6,0.0,0.0,0.7006111111111112,0.0,-0.0,24.5,3.7499999999999982,280,10,2017,6
2017-10-08,0.0,0.0,0,0.0,12.2,22.4,17.766666666666666,7.9,4.154166666666667,1.091854091685759,-1.8366043315424747,80.58333333333333,200.83333333333334,600.0,60.875,1024.2708333333333,1022.6,14.137500000000001,11.7,,,,170.4288340266214,0.2760114001875398,0.0,0.0,0.0,0.0,0.0,0.0,,0.16666666666666666,0,0,0.0,0.0,0.0,0.0,0.0,0.0,0.0,2.637499999999932,-2.6625000000001364,2.1297619047618355,0.0,,,3.6291666666666647,0.5,0.16627252439418724,-0.9860798383658315,0.16627252439418724,-0.9860798383658315,0.8798524222167741,-1.4799969905013108,164.0,180.0,,,0.0,6,0.0,0.0,0.7358333333333333,0.0,-0.0,24.925,2.658333333333333,281,10,2017,7
2017-10-09,0.0,0.30000000000000004,0,0.0,15.0,23.2,18.279166666666665,4.3,2.3333333333333335,-0.5117026181064124,0.13295754343001034,81.91666666666667,170.45833333333334,600.0,64.5,1023.5708333333333,1020.9,14.887500000000001,12.9,,,,268.2801149242531,0.2097826270995107,0.0,0.0,0.0,0.0,0.0,0.0,,0.041666666666666664,0,0,0.0,0.0,0.0,0.0,0.0,0.0,0.0,-0.6999999999999318,-3.9416666666667197,0.7273809523810542,0.0,,,3.391666666666664,2.0999999999999996,-0.9995495039527906,-0.03001314958031271,-0.9995495039527906,-0.03001314958031271,-0.4191697279988362,0.10891438765975014,165.0,181.0,,,0.0,6,0.0,0.0,0.7200277777777778,0.0,-0.0,14.0,0.5124999999999993,282,10,2017,8
2017-10-10,0.0,0.0,0,0.0,13.3,24.2,18.17083333333333,6.3,3.0708333333333333,-2.8460256264724393,0.5837881983235973,84.41666666666667,185.5,600.0,25.083333333333332,1019.2791666666667,1017.5,15.241666666666667,12.2,,,,277.4911783658498,0.9225444515706115,0.0,0.0,0.0,0.0,0.0,0.0,,0.5416666666666666,0,0,0.0,0.0,0.0,0.0,0.0,0.0,0.0,-4.291666666666629,-2.3541666666666288,-4.374999999999886,0.0,,,2.9291666666666636,1.1000000000000014,-0.9914649462912621,0.13037354131749576,-0.9914649462912621,0.13037354131749576,-2.402519966347151,0.4928145374181701,166.0,182.0,,,0.0,6,0.0,0.0,0.7383888888888889,0.0,-0.0,18.425,-0.10833333333333428,283,10,2017,9
2017-10-11,0.0,2.0,0,0.0,13.9,24.5,18.9875,6.1,2.4499999999999997,-1.815131599075439,-0.2830817573008606,85.125,178.04166666666666,600.0,46.541666666666664,1016.4166666666666,1014.6,16.25,12.2,,,,257.654088651518,0.6360256388558083,0.0,0.0,0.0,0.0,0.0,0.0,,0.25,0,0,0.0,0.0,0.0,0.0,0.0,0.0,0.0,-2.862500000000068,-7.854166666666629,-6.385714285714357,0.0,,,2.7375000000000007,1.700000000000001,-0.9768745586365336,-0.21381322851656706,-0.9768745586365336,-0.21381322851656706,-1.5451307737129676,-0.24097334590235758,167.0,183.0,,,0.0,6,0.0,0.0,0.7357777777777778,0.0,-0.0,14.7,0.81666666666667,284,10,2017,10
2017-10-12,0.0,7.7,0,0.0,12.0,16.9,14.970833333333333,9.5,5.179166666666666,-0.5578643864559657,4.380540648416324,94.83333333333333,32.208333333333336,162.0,99.66666666666667,1017.1041666666666,1015.7,14.133333333333333,11.9,,,,348.28276802019525,0.7714829810167256,0.0,0.0,0.0,0.0,0.0,0.0,,0.0,0,0,0.0,0.0,0.0,0.0,0.0,0.0,0.0,0.6875,-6.466666666666697,-4.2940476190475465,0.0,,,0.8375000000000004,0.09999999999999964,-0.20308179212579006,0.9791617770863901,-0.20308179212579006,0.9791617770863901,-0.5290413931557407,4.154212714914814,168.0,184.0,,,0.0,6,0.0,0.0,0.6709166666666667,0.0,-0.0,31.074999999999996,-4.0166666666666675,285,10,2017,11
2017-10-13,0.0,20.1,0,0.0,10.7,15.2,12.637500000000001,7.6,4.125,1.8875122300410105,0.14444140652339826,95.95833333333333,41.375,182.0,84.375,1018.4333333333334,1016.9,11.991666666666667,10.6,,,,79.0643456618696,0.4427662413729776,0.0,0.0,0.0,0.0,0.0,0.0,,0.0,0,0,0.0,0.0,0.0,0.0,0.0,0.0,0.0,1.3291666666667652,-0.845833333333303,-1.6678571428570876,0.0,,,0.6458333333333339,0.09999999999999964,0.9818408512076393,0.18970646509768255,0.9818408512076393,0.18970646509768255,1.8112252774101862,0.13860356634307758,169.0,185.0,,,0.0,6,0.0,0.0,0.6807777777777778,0.0,-0.0,24.75,-2.333333333333332,286,10,2017,12
2017-10-14,0.0,3.9000000000000004,0,0.0,12.7,18.0,14.4125,4.5,2.766666666666667,1.9309766593084188,0.06465028587144991,94.16666666666667,71.29166666666667,353.0,95.58333333333333,1020.8625000000001,1018.7,13.466666666666667,11.3,,,,88.19501451879599,0.6349973084682798,0.0,0.0,0.0,0.0,0.0,0.0,,0.0,0,0,0.0,0.0,0.0,0.0,0.0,0.0,0.0,2.4291666666666742,4.445833333333439,0.8714285714286234,0.0,,,0.9458333333333329,1.3999999999999986,0.9995038234356455,0.0314977290852218,0.9995038234356455,0.0314977290852218,1.8183363541820945,0.06087901919561534,170.0,186.0,,,0.0,6,0.0,0.0,0.69475,0.0,-0.0,16.6,1.7749999999999986,287,10,2017,13
2017-10-15,0.0,3.5,0,0.0,9.8,13.8,11.450000000000001,6.9,3.8708333333333336,1.2356367092128104,2.1273077279582218,95.375,40.041666666666664,233.0,99.29166666666667,1026.0708333333334,1023.2,10.716666666666667,9.6,,,,30.489321006899957,0.5843924985705411,0.0,0.0,0.0,0.0,0.0,0.0,,0.0,0,0,0.0,0.0,0.0,0.0,0.0,0.0,0.0,5.208333333333371,8.96666666666681,5.822619047619128,0.0,,,0.7333333333333343,0.20000000000000107,0.5073777606094755,0.8617237422973292,0.5073777606094755,0.8617237422973292,1.1784885114117178,2.028919745540154,171.0,187.0,,,0.0,6,0.0,0.0,0.6512777777777777,0.0,-0.0,23.225,-2.9624999999999986,288,10,2017,14
2017-10-16,0.0,20.6,0,0.0,10.0,11.9,10.595833333333333,5.9,3.8333333333333335,2.499477719980557,-2.6128374197014708,99.25,22.75,103.0,99.5,1026.1791666666666,1024.5,10.487499999999999,9.8,,,,136.2110502414957,0.9398247226749153,0.0,0.0,0.0,0.0,0.0,0.0,,0.0,0,0,0.0,0.0,0.0,0.0,0.0,0.0,0.0,0.10833333333312112,7.745833333333167,5.558333333333167,0.0,,,0.10833333333333428,0.1999999999999993,0.6920039600856747,-0.7218937035504216,0.6920039600856747,-0.7218937035504216,2.480731637080703,-2.5932411390537093,172.0,188.0,,,0.0,6,0.0,0.0,0.6104444444444445,0.0,-0.0,23.0,-0.8541666666666679,289,10,2017,15
2017-10-17,0.0,1.0,0,0.0,7.3,17.3,11.979166666666666,7.2,3.975,-1.32615493557161,2.5218683393980657,80.79166666666667,177.95833333333334,600.0,49.125,1022.9499999999999,1020.3,8.5375,4.7,,,,320.571042323575,0.5917874009266829,0.0,0.0,0.0,0.0,0.0,0.0,,0.20833333333333334,0,0,0.0,0.0,0.0,0.0,0.0,0.0,0.0,-3.2291666666666288,2.0874999999998636,1.8047619047619037,0.0,,,3.4416666666666664,2.5999999999999996,-0.6351209769197027,0.7724126777031579,-0.6351209769197027,0.7724126777031579,-1.0714226750305633,2.0374594625386875,173.0,189.0,,,0.0,6,0.0,0.0,0.7212777777777778,0.0,-0.0,23.85,1.3833333333333329,290,10,2017,16
2017-10-18,0.0,0.4,0,0.0,7.3,15.7,10.833333333333334,6.6,4.666666666666667,2.312381425400764,0.5094708671804874,81.83333333333333,135.91666666666666,600.0,86.58333333333333,1024.0458333333333,1021.4,7.7,5.7,,,,81.31006128833297,0.5648202195888701,0.0,0.0,0.0,0.0,0.0,0.0,,0.0,0,0,0.0,0.0,0.0,0.0,0.0,0.0,0.0,1.0958333333334167,-2.025000000000091,1.810714285714198,0.0,,,3.1333333333333337,1.5999999999999996,0.9885204333623964,0.15108723581103725,0.9885204333623964,0.15108723581103725,1.892298799786292,0.41691699297603213,174.0,190.0,,,0.0,6,0.0,0.0,0.6967222222222222,0.0,-0.0,28.0,-1.1458333333333321,291,10,2017,17
2017-10-19,1.9600000000000002,22.9,5,0.91,5.8,9.4,7.941666666666666,6.9,5.625,3.3026353422029033,-4.181952662195536,99.58333333333333,24.708333333333332,114.0,100.0,1022.3541666666666,1020.1,7.854166666666667,5.8,,,,141.29004733892742,0.9333902018782536,6.459999999999999,6.08,6.9,99.6,4.123294942119789,-4.379663462915083,136.2316708978316,0.0,0,5,1.9600000000000002,1.9600000000000002,1.9600000000000002,1.9600000000000002,1.9600000000000002,0.0,1.9600000000000002,-1.6916666666667197,-3.824999999999932,-0.630952380952408,0.0,,,0.08749999999999947,0.0,0.6253782128965621,-0.7803217867228252,0.6917441069241418,-0.7221427078740889,3.288874361610391,-4.1645278594363875,0.0,191.0,1.0,1.0,13.524000000000003,0,0.16027704000000007,1.9600000000000002,0.5573055555555556,11.916800000000002,0.0,0.0,-2.8916666666666675,292,10,2017,18
2017-10-20,0.0,8.4,0,0.0,9.0,13.5,11.758333333333333,7.7,4.229166666666667,0.9763235226995003,-3.643144839946904,97.54166666666667,42.5,245.0,99.625,1017.9416666666666,1016.2,11.387500000000001,8.9,,,,172.28234911166513,0.8831286516000426,0.0,0.0,0.0,0.0,0.0,0.0,,0.0,0,0,1.9600000000000002,1.9600000000000002,1.9600000000000002,1.9600000000000002,1.9600000000000002,0.0,1.9600000000000002,-4.412500000000023,-5.008333333333326,-4.973214285714334,0.0,,,0.3708333333333318,0.09999999999999964,0.1342914674021925,-0.990941876087072,0.1342914674021925,-0.990941876087072,0.9523222360998043,-3.553584195964876,1.0,192.0,0.0,1.0,0.0,1,0.0,0.9800000000000001,0.6534722222222222,0.0,-0.0,4.229166666666667,3.8166666666666664,293,10,2017,19
2017-10-21,0.0,3.2,0,0.0,12.7,14.8,13.708333333333334,8.3,5.0625,1.6422376300600883,-4.270464443343305,99.04166666666667,34.166666666666664,140.0,100.0,1017.5291666666667,1016.6,13.558333333333332,12.5,,,,162.45524677308313,0.8762142251291887,0.0,0.0,0.0,0.0,0.0,0.0,,0.0,0,0,0.0,1.9600000000000002,1.9600000000000002,1.9600000000000002,1.9600000000000002,0.0,1.9600000000000002,-0.41249999999990905,-6.5166666666666515,-4.909523809523762,0.0,,,0.15000000000000213,0.1999999999999993,0.3014506475776497,-0.9534817811972159,0.3014506475776497,-0.9534817811972159,1.626499519438679,-4.229539159094599,2.0,193.0,0.0,1.0,0.0,2,0.0,0.6533333333333334,0.6818055555555556,0.0,-0.0,10.125,1.950000000000001,294,10,2017,20
2017-10-22,0.0,48.9,0,0.0,12.7,15.5,14.016666666666666,8.7,4.3625,-0.4641859654973393,0.5493788338087621,95.25,11.791666666666666,62.0,100.0,1007.6999999999999,990.9,13.233333333333334,12.1,,,,315.1613436460617,0.2066008307163694,0.0,0.0,0.0,0.0,0.0,0.0,,0.0,0,0,0.0,0.0,1.9600000000000002,1.9600000000000002,1.9600000000000002,0.0,1.9600000000000002,-9.829166666666765,-14.654166666666697,-12.114285714285757,0.0,,,0.7833333333333314,0.5999999999999996,-0.7051127832025589,0.7090951720074966,-0.7051127832025589,0.7090951720074966,-0.4421371321362157,0.5232833392028459,3.0,194.0,,0.0,0.0,3,0.0,0.0,0.6586944444444445,0.0,-0.0,13.087499999999999,0.3083333333333318,295,10,2017,21
2017-10-23,9.52,100.2,11,1.68,6.4,13.1,8.612499999999999,32.0,17.55,-7.816179448899052,15.6030483828831,98.16666666666667,31.375,160.0,99.91666666666667,1000.3541666666666,984.2,8.345833333333333,5.7,,,,334.0437463260926,0.9950140444298303,7.327272727272727,15.70909090909091,21.5,99.0,-8.003136872235629,13.45160454437066,330.81843681224956,0.0,0,11,9.52,9.52,11.48,11.48,11.48,0.0,11.48,-7.345833333333303,-17.587499999999977,-15.770833333333258,0.0,,,0.2666666666666657,0.7000000000000002,-0.4376847741628819,0.8991284882962985,-0.4875787423337349,0.873079017056448,-7.6728828256692365,15.316992495863579,0.0,195.0,1.0,0.8292682926829268,100.0,0,0.5112003966942146,9.52,0.63925,149.55054545454547,0.0,0.0,-5.404166666666667,296,10,2017,22
2017-10-24,0.0,0.4,0,0.0,6.4,14.6,9.862499999999999,5.7,3.65,1.3374752148277942,-1.0703177702364892,88.875,134.41666666666666,600.0,90.91666666666667,1021.8041666666667,1018.9,8.041666666666666,5.5,,,,132.0527863044954,0.4720730956869896,0.0,0.0,0.0,0.0,0.0,0.0,,0.0,0,0,9.52,9.52,11.48,11.48,11.48,0.0,11.48,21.450000000000045,4.274999999999977,5.8428571428572695,0.0,,,1.8208333333333329,0.9000000000000004,0.742528043622727,-0.6698149777616246,0.742528043622727,-0.6698149777616246,1.188681097178202,-0.9512449182976798,1.0,196.0,0.0,0.8292682926829268,0.0,1,0.0,4.76,0.7103055555555556,0.0,-0.0,3.65,1.25,297,10,2017,23
2017-10-25,0.14,16.6,1,0.14,5.1,11.1,8.395833333333334,7.4,4.1375,-1.6866031094368115,0.14068974503363715,98.0,30.916666666666668,116.0,88.08333333333333,1022.3375,1020.3,8.083333333333334,5.0,,,,271.34395945357585,0.40009811179956295,8.1,4.4,4.4,97.0,-4.3458286986186065,0.688311646177015,279.0,0.041666666666666664,0,1,0.14,9.66,11.620000000000001,11.620000000000001,11.620000000000001,0.0,11.620000000000001,0.533333333333303,14.637500000000045,6.6202380952381645,0.0,,,0.3125,0.09999999999999964,-0.9997249085073776,0.02345436654261896,-0.9876883405951378,0.15643446504023067,-1.6528710472480754,0.13787595013296441,0.0,197.0,0.014492753623188408,0.8313253012048192,1.0360000000000003,2,0.006284249999999998,9.66,0.5939444444444444,0.6160000000000001,0.0,8.275,-1.466666666666665,298,10,2017,24
2017-10-26,0.0,0.0,0,0.0,3.1,17.2,10.35,6.7,3.5500000000000003,-1.1935711347408564,-0.3374585290040914,67.75,187.0,600.0,9.583333333333334,1021.3833333333333,1019.9,3.983333333333333,-1.8,,,,257.8660090130867,0.42554967938495575,0.0,0.0,0.0,0.0,0.0,0.0,,0.8333333333333334,0,0,0.14,0.14,9.66,11.620000000000001,11.620000000000001,0.0,11.620000000000001,-0.9541666666666515,21.029166666666697,5.804761904761904,0.0,,,6.366666666666667,4.9,-0.977658707515402,-0.21019860042187166,-0.977658707515402,-0.21019860042187166,-0.8086444437869302,-0.22862815340027193,1.0,198.0,0.0,0.014492753623188408,0.0,3,0.0,0.07,0.6838333333333333,0.0,-0.0,10.65,1.9541666666666657,299,10,2017,25
2017-10-27,0.0,0.0,0,0.0,5.3,16.9,11.325000000000001,8.4,4.295833333333333,-0.40911338784313217,-3.3021209325440037,59.375,175.45833333333334,600.0,13.833333333333334,1021.7624999999999,1020.1,3.4291666666666667,-1.8,,,,207.4306539297614,0.6656158060740753,0.0,0.0,0.0,0.0,0.0,0.0,,0.7083333333333334,0,0,0.0,0.14,9.66,11.620000000000001,11.620000000000001,0.0,11.620000000000001,0.37916666666660603,-0.04166666666674246,5.638095238095161,0.0,,,7.895833333333334,7.1,-0.4606747107854024,-0.887569045676327,-0.4606747107854024,-0.887569045676327,-0.24291107403185971,-1.960634303698002,2.0,199.0,0.0,0.014492753623188408,0.0,4,0.0,0.04666666666666667,0.6482222222222223,0.0,-0.0,17.183333333333334,0.9750000000000014,300,10,2017,26
2017-10-28,0.0,10.0,0,0.0,6.4,11.9,9.441666666666666,7.6,5.295833333333333,-0.819757262799215,-5.103550617208615,93.0,41.708333333333336,165.0,88.91666666666667,1025.8916666666667,1023.7,8.341666666666667,5.1,,,,189.96371629310462,0.9728977364496154,0.0,0.0,0.0,0.0,0.0,0.0,,0.08333333333333333,0,0,0.0,0.0,9.66,11.620000000000001,11.620000000000001,0.0,11.620000000000001,4.12916666666672,3.5541666666666742,8.572619047619128,0.0,,,1.0999999999999996,1.3000000000000007,-0.17302449353583516,-0.9849175217431497,-0.17302449353583516,-0.9849175217431497,-0.76237425440327,-4.746302074004012,3.0,200.0,,0.0,0.0,5,0.0,0.0,0.6022500000000001,0.0,-0.0,26.479166666666668,-1.8833333333333346,301,10,2017,27
2017-10-29,0.0,47.5,0,0.0,10.4,14.1,12.15,6.7,4.358333333333333,-0.9150326908757677,0.24927290122068943,97.58333333333333,19.666666666666668,105.0,99.5,1008.7916666666666,997.6,11.775,9.8,,,,280.1636294597936,0.2858263360325896,0.0,0.0,0.0,0.0,0.0,0.0,,0.0,0,0,0.0,0.0,9.66,11.620000000000001,11.620000000000001,0.0,11.620000000000001,-17.100000000000023,-12.591666666666697,-8.683333333333394,0.0,,,0.375,0.5999999999999996,-0.9843078205263123,0.17645995140751056,-0.9843078205263123,0.17645995140751056,-0.8929194008462699,0.2432488061078561,4.0,201.0,,0.0,0.0,6,0.0,0.0,0.6517222222222222,0.0,-0.0,26.15,2.708333333333334,302,10,2017,28
2017-10-30,9.87,31.6,20,1.33,1.3,11.3,4.675,12.0,8.916666666666666,-2.428341795233568,8.46006169161002,93.08333333333333,67.04166666666667,283.0,90.25,1013.6875,1000.3,3.6374999999999997,-0.2,,,,342.2951120429548,0.9847471320527758,3.7299999999999995,8.86,12.0,91.8,-2.6294626332573534,8.349095458112625,340.599567067623,0.0,0,20,9.87,9.87,10.01,21.490000000000002,21.490000000000002,0.0,21.490000000000002,4.895833333333371,-8.074999999999932,-5.692261904761949,0.0,,,1.0375,1.5,-0.3041143322694282,0.9526355404394273,-0.33216825895462426,0.9432201480794681,-2.2603814877299127,7.8749074246069934,0.0,202.0,1.0,0.9860139860139859,100.0,0,1.3757786831250003,9.87,0.6060833333333333,87.44819999999999,0.0,0.0,-7.4750000000000005,303,10,2017,29
2017-10-31,0.14,0.2,2,0.07,0.1,9.9,4.245833333333334,7.3,5.6375,-4.802261970673798,2.128033454365833,75.70833333333333,154.70833333333334,600.0,31.875,1024.05,1021.9,0.14583333333333334,-5.6,,,,291.2729208703661,0.925948529547369,3.2,6.199999999999999,6.6,86.5,-3.614994795668675,5.002015285710018,324.5,0.4166666666666667,0,2,10.01,10.01,10.15,21.63,21.63,0.0,21.63,10.362499999999955,-1.841666666666697,4.34940476190468,0.0,,,4.1000000000000005,5.699999999999999,-0.9318628033092918,0.36281085403905455,-0.5807029557109397,0.8141155183563192,-3.635712500297621,1.6110986610761324,0.0,203.0,0.013986013986013988,0.9862068965517241,1.022,1,0.021955499999999992,10.01,0.5755,0.868,0.0,5.6375,-0.42916666666666625,304,10,2017,30
2017-11-01,0.0,0.0,0,0.0,2.1,15.4,7.716666666666668,4.8,2.8333333333333335,-2.0575561786475207,-0.6908162111227657,62.875,125.70833333333333,475.0,39.708333333333336,1020.9708333333333,1018.4,0.7166666666666668,-9.2,,,,240.0832608494116,0.6325662867019268,0.0,0.0,0.0,0.0,0.0,0.0,,0.5,0,0,0.14,10.01,10.01,21.63,21.63,0.0,21.63,-3.0791666666666515,12.179166666666674,1.4654761904762381,0.0,,,7.000000000000001,11.299999999999999,-0.8667510771072505,-0.4987409852151927,-0.8667510771072505,-0.4987409852151927,-1.2936884473246286,-0.43435069274343896,1.0,204.0,0.0,1.0,0.0,2,0.0,5.005,0.6267222222222223,0.0,-0.0,5.666666666666667,3.470833333333334,305,11,2017,31
2017-11-02,0.0,0.0,0,0.0,4.4,16.0,9.316666666666666,7.9,4.395833333333333,-1.1843059703520327,-3.1507502046003935,67.70833333333333,136.54166666666666,536.0,76.375,1019.1583333333333,1017.5,3.283333333333333,-1.7,,,,210.0896772967783,0.735553935228213,0.0,0.0,0.0,0.0,0.0,0.0,,0.0,0,0,0.0,0.14,10.01,19.669999999999998,21.63,0.0,21.63,-1.8125,5.470833333333303,-0.029166666666696983,0.0,,,6.033333333333333,6.1000000000000005,-0.5013548588777295,-0.8652417612896941,-0.5013548588777295,-0.8652417612896941,-0.8018738340925221,-2.133320451031516,2.0,205.0,0.0,0.013986013986013988,0.0,3,0.0,0.04666666666666667,0.6500555555555555,0.0,-0.0,13.1875,1.5999999999999988,306,11,2017,32
2017-11-03,0.0,0.0,0,0.0,4.7,17.0,9.9375,5.1,2.775,-2.4123250116570185,-0.37590089047057346,72.45833333333333,164.625,600.0,41.125,1015.7916666666666,1013.8,4.645833333333333,1.0,,,,262.4584957652301,0.8871057908321553,0.0,0.0,0.0,0.0,0.0,0.0,,0.4583333333333333,0,0,0.0,0.0,10.01,19.669999999999998,21.63,0.0,21.63,-3.3666666666666742,-8.258333333333326,-2.5428571428570876,0.0,,,5.291666666666667,3.7,-0.9913500499718919,-0.13124434624290462,-0.9913500499718919,-0.13124434624290462,-1.7479304980298145,-0.27237152022013633,3.0,206.0,,0.0,0.0,4,0.0,0.0,0.6846111111111112,0.0,-0.0,11.1,0.6208333333333336,307,11,2017,33
2017-11-04,5.74,20.2,9,2.24,4.1,10.1,6.920833333333333,14.6,6.5125,-3.860958394342696,4.598272960710802,93.5,34.083333333333336,186.0,95.54166666666667,1017.7416666666667,1013.4,5.933333333333334,2.4,,,,310.77367719484664,0.8991385737761308,4.777777777777778,9.866666666666667,14.6,91.44444444444444,-4.553812109683625,8.72032207150244,333.2222596509112,0.0,0,9,5.74,5.74,15.75,25.41,27.37,0.0,27.37,1.9500000000000455,-3.2291666666666288,0.5714285714285552,0.0,,,0.9874999999999998,1.6999999999999997,-0.7572951699975585,0.6530727566652654,-0.45053073333322896,0.8927609189039487,-3.609996098710421,4.2993852182646,0.0,207.0,1.0,0.36444444444444446,83.804,5,0.6569642592592592,5.74,0.5588333333333334,56.634666666666675,0.0,32.5625,-3.0166666666666666,308,11,2017,34
2017-11-05,0.21000000000000002,0.4,3,0.07,3.3,10.5,6.125,7.4,4.458333333333333,-2.1281260080756064,2.394213998232059,74.875,155.08333333333334,600.0,29.833333333333332,1027.1416666666667,1024.3,1.8041666666666665,-0.9,,,,309.862697062042,0.5585154505172353,3.3666666666666667,5.133333333333334,5.4,86.0,-3.113160951869451,4.0800864767077245,322.66670428043915,0.5833333333333334,0,3,5.95,5.95,15.959999999999999,25.62,27.580000000000002,0.0,27.580000000000002,9.399999999999977,7.9833333333333485,7.350000000000023,0.0,,,4.320833333333334,4.2,-0.7675826108057607,0.6409500258121628,-0.6064505634144637,0.7951211946202161,-1.5934343485466105,1.792667731176254,0.0,208.0,0.03529411764705882,0.3728070175438597,1.5540000000000003,6,0.03259039583333333,5.95,0.5863055555555555,1.0780000000000003,0.0,26.75,-0.7958333333333334,309,11,2017,35
2017-11-06,0.0,0.0,0,0.0,6.6,16.3,10.433333333333334,2.9,1.9541666666666666,-0.9319889643570821,-0.68811876056916,56.291666666666664,164.20833333333334,600.0,0.0,1024.5249999999999,1022.8,1.8541666666666667,-4.7,,,,242.7820997256105,0.5426070019078945,0.0,0.0,0.0,0.0,0.0,0.0,,1.0,0,0,0.21000000000000002,5.95,6.09,16.1,27.580000000000002,0.0,27.580000000000002,-2.616666666666788,8.733333333333235,3.1851190476190823,0.0,,,8.579166666666667,11.3,-0.8892735239360532,-0.45737577507598043,-0.8892735239360532,-0.45737577507598043,-0.5246321211860074,-0.3873535189703896,1.0,209.0,0.0,0.9770114942528736,0.0,2,0.0,2.975,0.6304444444444445,0.0,-0.0,3.908333333333333,4.308333333333334,310,11,2017,36
2017-11-07,0.0,0.0,0,0.0,7.7,17.2,11.804166666666667,4.8,2.829166666666667,-1.484292755536296,-1.1601275808456466,47.25,159.83333333333334,600.0,24.958333333333332,1022.2666666666668,1020.1,0.3291666666666668,-9.6,,,,241.59186927020536,0.6927522289837732,0.0,0.0,0.0,0.0,0.0,0.0,,0.6666666666666666,0,0,0.0,0.21000000000000002,5.95,16.1,27.580000000000002,0.0,27.580000000000002,-2.2583333333330984,4.525000000000091,1.1815476190477057,0.0,,,11.475,17.3,-0.8795810691268339,-0.4757490334553459,-0.8795810691268339,-0.4757490334553459,-0.7013283269908999,-0.548160281949568,2.0,210.0,0.0,0.03529411764705882,0.0,3,0.0,0.07,0.5973888888888889,0.0,-0.0,8.4875,1.3708333333333336,311,11,2017,37
2017-11-08,0.0,7.7,0,0.0,7.9,14.8,10.933333333333332,5.0,2.8166666666666664,-1.7690036153168396,-1.0672136384184359,77.125,63.416666666666664,242.0,95.625,1015.6041666666666,1012.7,6.729166666666667,-0.5,,,,243.52233172288845,0.7806163561196964,0.0,0.0,0.0,0.0,0.0,0.0,,0.0,0,0,0.0,0.0,5.95,15.959999999999999,27.580000000000002,0.0,27.580000000000002,-6.662500000000136,-11.537500000000023,-4.714285714285666,0.0,,,4.204166666666665,8.4,-0.8951082046139791,-0.445848967737662,-0.8951082046139791,-0.445848967737662,-1.3643440383131125,-0.8230885186302187,3.0,211.0,,0.0,0.0,4,0.0,0.0,0.62825,0.0,-0.0,11.266666666666666,-0.8708333333333353,312,11,2017,38
2017-11-09,0.14,5.4,2,0.07,2.4,9.0,6.058333333333334,12.5,8.4625,-4.028333530974989,7.170120909263761,88.95833333333333,104.25,469.0,80.54166666666667,1020.6958333333333,1014.1,4.2875,1.3,,,,329.56763289411924,0.9634806265665884,5.6,9.2,9.6,99.0,-1.994576500448697,8.980825754197873,347.5,0.0,0,2,0.14,0.14,6.09,16.099999999999998,27.72,0.0,27.72,5.091666666666697,-3.829166666666538,0.1577380952379599,0.0,,,1.770833333333334,1.0999999999999999,-0.5065209281618428,0.8622276667644487,-0.21643961393810288,0.9762960071199334,-3.5835383702631676,6.3784200588658875,0.0,212.0,1.0,0.02298850574712644,1.7500000000000002,5,0.013628999999999999,0.14,0.5660277777777778,1.288,0.0,42.3125,-4.874999999999998,313,11,2017,39
2017-11-10,0.0,0.0,0,0.0,-0.3,14.4,7.033333333333334,7.8,4.9375,0.38358171916898987,-3.1755645724537005,69.58333333333333,155.0,588.0,15.0,1018.4333333333334,1009.9,1.4875,-5.9,,,,184.04114758486983,0.55141249546476,0.0,0.0,0.0,0.0,0.0,0.0,,0.7083333333333334,1,0,0.14,0.14,6.09,16.099999999999998,27.72,1.0,27.72,-2.262499999999932,-3.8333333333333712,-2.4821428571428896,0.0,,,5.545833333333334,5.6000000000000005,-0.07047286712544189,-0.9975136966473793,-0.07047286712544189,-0.9975136966473793,0.26690894625508876,-2.2096636816657,1.0,213.0,0.0,0.02298850574712644,0.0,6,0.0,0.07,0.6552777777777777,0.0,-0.0,29.625,0.9750000000000005,314,11,2017,40
2017-11-11,11.97,35.6,19,1.75,2.7,7.6,4.995833333333334,9.4,7.133333333333333,-1.846260425590029,4.326978331706132,89.04166666666667,49.875,296.0,91.20833333333333,1010.6291666666666,1006.0,3.279166666666667,0.9,,,,333.7168164686426,0.6098511570581796,4.7105263157894735,7.484210526315789,9.4,90.47368421052632,-2.4796558672745053,6.192543391892124,335.39293403957913,0.0,0,17,11.97,12.110000000000001,12.32,28.07,39.69,1.0,39.69,-7.804166666666788,-4.975000000000023,-9.270238095238142,0.0,,,1.7166666666666668,1.8000000000000003,-0.4428080505146233,0.8966164343795171,-0.41639291997772365,0.9091847646064165,-1.643941053952455,3.8528136228566687,0.0,0.0,0.9884393063583815,0.9829545454545455,100.0,0,1.4347928782894743,12.110000000000001,0.49894444444444447,89.586,0.0,0.0,-2.0375000000000005,315,11,2017,41
2017-11-12,0.63,0.9,4,0.21,0.1,7.9,3.2125,6.8,4.583333333333333,-2.7371133902528526,3.6058625285206998,77.16666666666667,128.875,481.0,44.125,1020.1958333333333,1017.4,-0.5625,-5.5,,,,320.5098109990894,0.9744541476027916,2.575,6.3,6.8,87.5,-3.5399555838256562,5.207640297946397,325.7499666716823,0.4166666666666667,0,4,12.600000000000001,12.600000000000001,12.74,28.7,40.32,1.0,40.32,9.56666666666672,-0.5,1.288690476190368,0.0,,,3.775,5.6,-0.6359460824063305,0.7717334904434565,-0.5628054085130377,0.8265894217496814,-2.112139166145118,2.782523917841807,0.0,1.0,0.049999999999999996,0.9890109890109892,4.284,1,0.10773442968749997,12.600000000000001,0.5186944444444445,3.969,0.0,4.583333333333333,-1.7833333333333337,316,11,2017,42
2017-11-13,0.0,0.0,0,0.0,1.7,12.9,6.825,7.1,3.8333333333333335,-1.4301017382753385,-2.5820870810678676,60.333333333333336,134.20833333333334,594.0,40.916666666666664,1019.15,1016.1,-0.5833333333333334,-7.8,,,,222.74533829149433,0.7652678279536346,0.0,0.0,0.0,0.0,0.0,0.0,,0.4583333333333333,0,0,0.63,12.600000000000001,12.74,18.83,40.32,1.0,40.32,-1.0458333333333485,0.7166666666665833,1.0107142857142435,0.0,,,7.408333333333333,9.5,-0.6787409972191307,-0.734377735701444,-0.6787409972191307,-0.734377735701444,-0.8628280487594543,-1.5578592055776135,1.0,2.0,0.0,0.9890109890109892,0.0,2,0.0,6.300000000000001,0.5772499999999999,0.0,-0.0,7.666666666666667,3.6125000000000003,317,11,2017,43
2017-11-14,0.0,8.5,0,0.0,3.8,10.8,8.270833333333334,4.7,2.783333333333333,-1.8854429733463458,-1.2556747015154743,80.45833333333333,34.333333333333336,189.0,82.79166666666667,1014.3249999999999,1012.8,4.733333333333333,-1.5,,,,236.7346881960617,0.7903198886326959,0.0,0.0,0.0,0.0,0.0,0.0,,0.0,0,0,0.0,0.63,12.74,18.69,40.32,1.0,40.32,-4.8250000000000455,3.6958333333333258,-2.6797619047619037,0.0,,,3.5375000000000005,5.3,-0.8361395993400693,-0.5485167002156164,-0.8361395993400693,-0.5485167002156164,-1.516995992304914,-1.0102949369276586,2.0,3.0,0.0,0.04945054945054945,0.0,3,0.0,0.21,0.5310833333333334,0.0,-0.0,8.35,1.4458333333333337,318,11,2017,44
2017-11-15,0.8400000000000001,3.1,6,0.28,4.6,10.6,7.091666666666666,7.0,3.875,-2.875852775792113,-1.332591624309029,76.83333333333333,110.66666666666667,538.0,71.41666666666667,1013.0749999999999,1009.9,3.204166666666667,1.3,,,,243.80465168198342,0.8370198419413386,5.183333333333334,2.4,3.8,82.33333333333333,-1.4869287308798966,-1.726840675566818,224.85133046929175,0.0,0,6,0.8400000000000001,0.8400000000000001,13.58,19.53,41.160000000000004,1.0,41.160000000000004,-1.25,-7.120833333333394,-3.568452380952408,0.0,,,3.887499999999999,3.3,-0.8972942113263368,-0.44143300547223163,-0.7052696213779056,-0.7089391801568494,-2.2096135494002733,-1.0238745646774372,0.0,4.0,1.0,0.061855670103092786,5.880000000000001,4,0.09811549999999997,0.8400000000000001,0.5654444444444445,2.016,0.0,15.5,-1.179166666666668,319,11,2017,45
2017-11-16,9.59,13.6,19,1.47,0.3,4.5,2.283333333333333,8.4,4.770833333333333,-3.794961634877452,2.3626193382040728,78.33333333333333,93.375,480.0,76.125,1017.6833333333334,1013.5,-1.125,-2.8,,,,296.50552536871,0.9190644010220569,2.6,4.968421052631579,8.4,78.47368421052632,-3.8461613461068462,2.739083020902151,299.4143688588584,0.0,0,17,10.43,10.43,23.03,29.120000000000005,50.75,1.0,50.75,4.608333333333462,-1.4666666666665833,1.470238095238301,0.0,,,3.408333333333333,3.0999999999999996,-0.8948913279635574,0.44628411481434194,-0.8710906729687438,0.49112222457028054,-2.972719947320671,1.85071848159319,0.0,5.0,0.9194630872483222,0.45288753799392095,80.556,5,1.6639659473684205,10.43,0.42336111111111113,47.64715789473684,0.0,23.854166666666664,-4.808333333333333,320,11,2017,46
2017-11-17,0.0,0.1,0,0.0,0.3,7.5,2.7125,6.3,4.191666666666666,-3.2430729184829823,-2.089138956449963,71.29166666666667,119.625,488.0,51.208333333333336,1020.5166666666668,1018.2,-2.095833333333333,-3.6,,,,239.3216133395719,0.9172831043732731,0.0,0.0,0.0,0.0,0.0,0.0,,0.25,0,0,9.59,10.43,23.03,29.120000000000005,50.75,0.0,50.75,2.8333333333333712,6.191666666666833,4.005952380952522,0.0,,,4.808333333333334,3.9,-0.8600447994246727,-0.5102185247348184,-0.8600447994246727,-0.5102185247348184,-2.312040734801826,-1.4893819810357862,1.0,6.0,0.0,0.45288753799392095,0.0,6,0.0,5.215,0.4840555555555556,0.0,-0.0,25.15,0.4291666666666667,321,11,2017,47
2017-11-18,5.11,12.7,14,1.12,-0.4,8.2,3.933333333333333,14.3,6.5249999999999995,-2.1997138498757125,2.039057798255468,86.58333333333333,33.166666666666664,138.0,99.66666666666667,1010.6541666666667,1005.7,1.8041666666666665,-2.6,,,,259.3330995951285,0.3486836655039174,3.657142857142857,8.464285714285714,14.3,88.14285714285714,-2.917763344298707,4.178394100222854,290.48168198412657,0.0,0,8,5.11,14.7,16.17,28.490000000000002,53.9,0.0,55.86,-9.862500000000068,-2.420833333333235,-5.860119047618923,0.0,,,2.1291666666666664,2.2,-0.9827198916032638,-0.1850989320532928,-0.9367841060689478,0.3499079001917538,-1.9045855750173877,1.7654842103228594,0.0,7.0,0.34761904761904766,0.909090909090909,73.07300000000001,2,0.7245673660714287,14.7,0.4929444444444444,43.2525,0.0,13.049999999999999,1.2208333333333332,322,11,2017,48
2017-11-19,8.19,11.7,24,0.98,-5.8,2.3,-1.1333333333333333,8.9,5.854166666666667,-3.9118311066865026,3.454745030767492,77.875,77.20833333333333,347.0,91.79166666666667,1015.1958333333333,1011.4,-4.529166666666667,-9.2,,,,306.67147697043765,0.8798447543254619,-1.1333333333333333,5.854166666666667,8.9,77.875,-3.9118311066865026,3.454745030767492,306.67147697043765,0.0,1,24,13.3,13.3,23.729999999999997,36.47,62.09,1.0,64.05,4.541666666666629,-2.487500000000068,-0.6041666666666288,0.0,,,3.3958333333333335,3.3999999999999995,-0.8020730550971542,0.59722593236322,-0.8020730550971542,0.59722593236322,-3.0463384743321136,2.690382692710185,0.0,8.0,0.6157894736842104,0.5604719764011801,72.891,3,2.1127391796875,13.3,0.3621666666666667,47.945625,103.04415106863276,17.5625,-5.066666666666666,323,11,2017,49
2017-11-20,11.06,15.9,15,2.24,-5.6,3.8,-0.1333333333333333,14.5,5.2749999999999995,-3.8182801474411954,-1.080032288236716,77.33333333333333,84.33333333333333,327.0,94.91666666666667,1018.3666666666667,1014.5,-3.658333333333333,-9.4,,,,241.24345367925673,0.8189827852670671,0.08,5.786666666666666,14.5,79.53333333333333,-4.070452052452704,-0.2883538977866274,248.15314708941466,0.0,1,8,19.25,24.36,34.79,47.53,73.15,2.0,75.11,3.1708333333333485,-2.150000000000091,2.678571428571445,0.0,,,3.525,3.8000000000000007,-0.8766717946850979,-0.48108893606443437,-0.9281818350525728,-0.37212696902863485,-2.9528033140211907,-0.8352249695697269,0.0,0.0,0.4540229885057472,0.7002012072434608,100.0,0,2.5444783466666667,24.36,0.3984444444444444,64.00053333333334,72.27766027805218,0.0,1.0,324,11,2017,50
2017-11-21,4.27,6.1000000000000005,8,1.4,-2.7,3.4,-0.2041666666666667,16.1,5.591666666666666,-1.8003821397331183,3.035369330317307,74.83333333333333,135.08333333333334,530.0,40.458333333333336,1026.0458333333333,1021.8,-4.283333333333333,-7.8,,,,323.11964891583887,0.3733541440302968,-1.925,9.2,16.1,84.125,-3.8504867679903705,8.34647831383968,335.4997523452885,0.4583333333333333,0,8,15.329999999999998,23.520000000000003,39.06,51.8,77.42,2.0,79.38,7.679166666666674,15.391666666666652,8.68333333333328,0.0,,,4.079166666666667,5.1,-0.6001459475465574,0.7998905185357836,-0.4146971758599751,0.9099594784020665,-1.3472859679002835,2.271468048854118,0.0,1.0,0.181547619047619,0.6021505376344086,68.747,1,1.1265994687499998,23.520000000000003,0.4150555555555555,39.28399999999999,79.83503002582043,5.591666666666666,-0.07083333333333339,325,11,2017,51
2017-11-22,2.87,4.7,7,0.84,0.7,7.2,3.391666666666667,5.9,4.020833333333333,0.6372514660088185,-3.6153141604267716,69.25,97.33333333333333,426.0,68.33333333333333,1020.4791666666666,1013.8,-2.0791666666666666,-9.5,,,,170.45989277148985,0.90872314565335,4.271428571428571,3.6,4.3,88.85714285714286,-0.5266592584643226,-3.3896027526333454,189.62341147322763,0.3333333333333333,0,7,7.139999999999998,18.2,41.09,54.67,70.77000000000001,2.0,82.25,-5.56666666666672,5.283333333333303,2.058928571428396,0.0,,,5.470833333333333,10.2,0.16573796843592412,-0.9861698260536735,-0.1671716179522584,-0.985927811835747,0.44129664021110687,-2.503605056095539,0.0,2.0,0.15769230769230771,0.4429301533219761,16.933000000000003,2,0.39252887500000005,18.2,0.4557222222222223,10.332,0.0,8.041666666666666,3.5958333333333337,326,11,2017,52
2017-11-23,7.56,21.6,16,1.61,-0.2,7.0,4.129166666666666,7.6,4.175,-1.6591508209892565,2.6644449755219086,86.70833333333333,55.083333333333336,298.0,95.33333333333333,1009.9541666666668,1006.3,2.1041666666666665,-2.4,,,,311.71774508136855,0.6912194180754935,3.0125,4.85,7.6,86.5625,-1.6530984170853722,3.8406098177379597,325.56487351025487,0.0,1,13,10.429999999999998,14.7,39.06,62.089999999999996,78.33,3.0,89.81,-10.524999999999864,-8.412499999999909,-7.361904761904725,0.0,,,2.025,2.1999999999999997,-0.7464321179228438,0.6654615641291522,-0.5654727519452745,0.8247669772774842,-1.4386220243661012,2.310295830858788,0.0,3.0,0.5142857142857142,0.3763440860215053,57.455999999999996,3,1.240573851562499,14.7,0.4813055555555555,36.666,0.0,12.524999999999999,0.7374999999999994,327,11,2017,53
2017-11-24,20.23,28.9,24,1.82,-3.4,0.4,-1.1291666666666667,7.2,3.5083333333333333,-2.980409861622576,-1.0220946242205773,82.79166666666667,53.0,254.0,93.83333333333333,1017.75,1012.9,-3.704166666666667,-5.3,,,,249.6113062270683,0.8740585848304849,-1.1291666666666667,3.5083333333333333,7.2,82.79166666666667,-2.980409861622576,-1.0220946242205773,249.6113062270683,0.0,1,24,27.79,30.66,59.29,82.32,98.42,4.0,110.03999999999999,7.795833333333235,-8.295833333333348,0.8291666666666515,0.0,,,2.575,1.9,-0.9373507552745504,-0.34838708584881567,-0.9373507552745504,-0.34838708584881567,-2.4675309979350244,-0.8462091743026197,0.0,0.0,0.6598173515981736,0.5171192443919717,100.0,0,5.381739529839409,30.66,0.32019444444444445,70.97358333333334,78.99824705719006,0.0,-5.258333333333333,328,11,2017,54
2017-11-25,9.24,13.1,17,0.98,-4.8,1.0,-1.325,8.0,4.4125000000000005,-4.3298039769538255,-0.17747406523070375,85.20833333333333,56.708333333333336,305.0,89.33333333333333,1025.3708333333334,1021.1,-3.4958333333333336,-8.3,,,,269.63525647434255,0.9733991003583456,-0.9058823529411765,3.7529411764705882,6.9,86.23529411764706,-3.6574254304704987,0.04306932363929111,272.5708527686652,0.041666666666666664,1,17,29.47,37.03,63.42,79.59,107.66,5.0,119.28,7.620833333333394,4.891666666666765,6.347619047619105,0.0,,,2.1708333333333334,3.500000000000001,-0.9999797372467276,-0.006365932450599993,-0.9989935173668923,0.044854790813519556,-3.6893538053627384,-0.15122269308199546,0.0,1.0,0.2495274102079395,0.5838852097130243,73.92,1,2.401075946366783,37.03,0.34405555555555556,34.677176470588236,133.7886222466119,4.4125000000000005,-0.1958333333333333,329,11,2017,55
2017-11-26,10.92,15.8,14,1.68,-5.3,4.9,1.8375000000000001,8.3,4.7,-3.67973779472234,-0.5083339090486023,71.58333333333333,70.95833333333333,290.0,75.20833333333333,1022.5875,1020.2,-3.2916666666666665,-12.8,,,,254.12365016315965,0.8152664593500606,3.692857142857143,5.057142857142857,8.3,86.85714285714286,-3.8434073809220854,0.5853565917090988,265.8524968242896,0.16666666666666666,0,14,20.16,40.39,66.15,89.88000000000001,118.58,4.0,130.2,-2.7833333333334167,12.633333333333212,2.5083333333333258,0.0,,,5.129166666666666,7.500000000000001,-0.9618543106421178,-0.27356221431180217,-0.9973811625360068,-0.07232438467296819,-2.6340789713887416,-0.3638823565606245,0.0,0.0,0.2703639514731369,0.6105820105820106,90.63600000000001,2,1.6130044821428573,40.39,0.3948055555555556,55.224,0.0,9.4,3.1625,330,11,2017,56
2017-11-27,1.89,2.6999999999999997,4,0.98,1.2,6.0,3.408333333333333,8.9,4.633333333333334,0.45261370110137294,-0.6279478804900746,87.45833333333333,122.41666666666667,502.0,44.541666666666664,1027.1000000000001,1025.0,1.5166666666666666,-1.1,,,,129.566755978111,0.2528651403296401,2.95,7.45,8.9,87.0,-3.9758528725068256,6.2934703730745225,327.99954277212777,0.3333333333333333,0,4,12.81,22.05,56.98,91.77000000000001,120.47,3.0,132.09,4.512500000000159,9.350000000000136,5.773214285714403,0.0,,,1.8916666666666666,2.3,0.7708829576995323,-0.6369768171043756,-0.5299260317519139,0.8480438673038497,0.39584839942157574,-0.5491927504786109,0.0,1.0,0.0857142857142857,0.386977886977887,16.821,3,0.3020913984374998,22.05,0.5064722222222222,14.080499999999999,0.0,13.900000000000002,1.570833333333333,331,11,2017,57
2017-11-28,0.0,0.0,0,0.0,-0.4,11.5,6.141666666666667,5.0,3.5083333333333333,-2.2996794966186576,-2.1074343064770305,57.916666666666664,140.66666666666666,575.0,1.4166666666666667,1024.4458333333334,1021.5,-1.7666666666666666,-9.5,,,,230.280392093744,0.893256317060282,0.0,0.0,0.0,0.0,0.0,0.0,,1.0,0,0,1.89,12.81,52.709999999999994,91.77000000000001,120.47,3.0,132.09,-2.654166666666697,-0.9249999999999545,3.347619047619105,0.0,,,7.908333333333333,9.1,-0.7691809092620672,-0.6390310859627877,-0.7691809092620672,-0.6390310859627877,-1.3318977084583057,-1.22055570250128,1.0,2.0,0.0,0.24302788844621517,0.0,4,0.0,6.405,0.5423888888888889,0.0,-0.0,14.033333333333333,2.7333333333333334,332,11,2017,58
2017-11-29,0.0,3.9,0,0.0,0.1,11.1,6.704166666666667,8.9,4.329166666666667,-2.9866567218314484,1.558550736297093,70.45833333333333,40.208333333333336,228.0,83.45833333333333,1018.8291666666668,1017.6,0.9833333333333334,-10.4,,,,282.23026036334613,0.739518647772611,0.0,0.0,0.0,0.0,0.0,0.0,,0.125,0,0,0.0,1.89,49.839999999999996,90.93,110.6,3.0,132.09,-5.616666666666674,-3.758333333333212,-2.033333333333303,0.0,,,5.720833333333333,10.5,-0.9773041482672172,0.2118409822949496,-0.9773041482672172,0.2118409822949496,-2.104348548590408,1.0981288729493266,2.0,3.0,0.0,0.037921348314606744,0.0,5,0.0,0.63,0.5083333333333333,0.0,-0.0,21.645833333333332,0.5625,333,11,2017,59
2017-11-30,3.1500000000000004,4.6,15,0.77,3.5,6.4,4.816666666666666,9.2,3.920833333333333,-2.0669147470076883,2.759236342594514,84.33333333333333,40.25,174.0,98.04166666666667,1016.6416666666668,1013.8,2.3874999999999997,1.5,,,,322.8728441933824,0.8730108697286566,5.16,3.7066666666666666,9.0,83.86666666666666,-2.154128911222203,2.127611661592769,314.8246939520673,0.0,0,14,3.1500000000000004,3.1500000000000004,45.43,84.49,113.61,2.0,135.24,-2.1875,-10.458333333333371,-5.176190476190413,0.0,,,2.4291666666666667,2.0,-0.6035859414522693,0.7972979438586166,-0.7092669798035139,0.7049399629474853,-1.743098103309817,2.326955982254707,0.0,4.0,1.0,0.06933744221879816,28.98,6,0.36349005000000034,3.1500000000000004,0.4501666666666666,11.676,0.0,23.525,-1.8875000000000002,334,11,2017,60
2017-12-01,4.2,6.0,22,1.12,-0.7,4.0,1.8125,9.3,4.920833333333333,-3.361574558549135,2.4918330899991425,80.91666666666667,68.95833333333333,302.0,92.54166666666667,1019.0208333333334,1016.5,-1.1541666666666666,-3.0,,,,303.11683834590315,0.8324263970685731,1.6454545454545455,5.040909090909091,9.3,81.27272727272727,-3.339899518417238,2.7183633709081554,306.53334184366827,0.0,0,12,7.3500000000000005,7.3500000000000005,29.4,88.69,117.81,1.0,139.44,2.379166666666606,-5.425000000000068,-2.9785714285713993,0.0,,,2.966666666666667,2.3,-0.8375581895030506,0.5463481300383226,-0.8035105823082076,0.5952904703745266,-2.7200740802926755,2.0163082753243065,0.0,5.0,0.5714285714285714,0.25000000000000006,39.06,5,0.821951986053719,7.3500000000000005,0.40458333333333335,21.171818181818182,5.5623243229638994,24.604166666666668,-3.0041666666666664,335,12,2017,61
2017-12-02,2.73,3.9,9,0.84,-4.9,2.3,-1.4666666666666668,8.4,5.8374999999999995,-5.00110954861067,1.611817096948989,71.33333333333333,107.16666666666667,466.0,69.95833333333333,1026.3416666666667,1024.5,-6.020833333333333,-10.0,,,,283.4153329117165,0.9028702833820389,-1.9333333333333331,7.122222222222222,8.4,77.44444444444444,-5.0663949932731605,4.521737897826252,311.6095305726081,0.125,1,9,6.93,10.08,22.889999999999997,86.31,120.53999999999999,1.0,142.17,7.320833333333326,7.512499999999932,4.203571428571422,0.0,,,4.554166666666666,5.1,-0.9727138253688958,0.2320082195445007,-0.7476876427526739,0.6640505921049615,-3.567458144675611,1.1497628624902787,0.0,6.0,0.2708333333333333,0.4403669724770643,22.932000000000002,6,0.7419413263888889,10.08,0.36033333333333334,19.443666666666665,181.74214339827742,35.025,-3.279166666666667,336,12,2017,62
2017-12-03,0.0,0.0,0,0.0,-3.9,5.2,-0.12916666666666665,7.7,4.854166666666667,-4.4468001191938535,-1.1095798278428497,65.29166666666667,129.75,550.0,57.75,1022.4833333333332,1019.5,-6.120833333333334,-11.6,,,,253.4236282864185,0.947999527425987,0.0,0.0,0.0,0.0,0.0,0.0,,0.25,1,0,2.73,6.93,11.97,78.12,120.53999999999999,2.0,142.17,-3.858333333333462,5.84166666666647,0.3601190476188094,0.0,,,5.991666666666667,7.699999999999999,-0.9584403083966914,-0.28529313914017485,-0.9584403083966914,-0.28529313914017485,-2.903389911156987,-0.7244631625957274,1.0,7.0,0.0,0.5789473684210525,0.0,2,0.0,3.465,0.4196944444444444,0.0,-0.0,9.708333333333334,1.3375000000000001,337,12,2017,63
2017-12-04,2.17,3.1,6,0.77,-1.7,8.8,3.3833333333333333,5.6,3.154166666666667,-2.174919839087716,-1.426772624975505,67.45833333333333,97.04166666666667,459.0,66.75,1014.0375,1008.3,-2.3541666666666665,-7.5,,,,239.05215799294984,0.7300574762726582,3.35,3.266666666666667,4.8,85.66666666666667,-2.0334039836925744,-1.8597137939662245,228.80935153186212,0.20833333333333334,1,6,2.17,4.9,12.25,69.23,116.97,3.0,144.34,-8.445833333333212,-4.9833333333333485,-6.219642857142844,0.0,,,5.7375,5.8,-0.8576357994162235,-0.5142575576106736,-0.7525224068875338,-0.6585666459305337,-1.4671646747845881,-0.962477033264726,0.0,8.0,0.44285714285714284,0.4,12.152,3,0.3460313645833333,4.9,0.4851111111111111,7.088666666666668,0.0,9.4625,3.5125,338,12,2017,64
2017-12-05,10.92,15.7,24,0.98,-2.5,3.2,0.8833333333333333,9.8,5.641666666666667,-5.158228590017488,-0.3643129316638957,76.875,76.0,331.0,87.41666666666667,1008.2708333333334,1006.1,-2.7458333333333336,-6.3,,,,263.40342594140463,0.8905241832279925,0.8833333333333333,5.641666666666667,9.8,76.875,-5.158228590017488,-0.3643129316638957,263.40342594140463,0.0,0,24,13.09,13.09,23.17,75.88000000000001,127.67999999999999,3.0,155.26,-5.7666666666666515,-18.070833333333326,-9.675595238095298,0.0,,,3.629166666666667,3.8,-0.9933796363716716,-0.11487775259851458,-0.9933796363716716,-0.11487775259851458,-3.965388228575944,-0.2800655662166198,0.0,0.0,0.8342245989304813,0.5649546827794562,100.0,0,2.313334223958333,13.09,0.3780277777777778,61.607,0.0,0.0,-2.5,339,12,2017,65
2017-12-06,3.0100000000000002,4.4,15,0.56,-4.1,1.1,-0.8125,7.3,4.216666666666667,-3.1830863933378715,0.5716434741559436,73.25,103.20833333333333,487.0,79.66666666666667,1018.0041666666666,1012.7,-5.083333333333333,-7.7,,,,277.7838554531806,0.7660109704814901,-1.4,3.6599999999999997,5.9,75.0,-2.718284998412396,1.464240069207249,291.19040476023633,0.0,1,10,13.93,16.1,26.18,76.02,130.69,4.0,158.27,9.733333333333235,-4.479166666666629,0.17559523809518396,0.0,,,4.270833333333333,3.6000000000000005,-0.9907860424625626,0.13543639858388495,-0.9323843488752485,0.36146843011870206,-2.331610783119991,0.41872884481922873,0.0,1.0,0.18695652173913044,0.6149732620320856,21.973000000000003,1,0.8186033624999999,16.1,0.3374166666666667,11.0166,108.47769333664291,4.216666666666667,-1.6958333333333333,340,12,2017,66
2017-12-07,0.07,0.1,1,0.07,-2.3,4.7,0.6791666666666667,6.6,4.870833333333334,-2.9722863588990873,-3.5165039794935162,66.66666666666667,129.91666666666666,543.0,52.291666666666664,1018.5541666666667,1014.8,-4.920833333333333,-6.1,,,,220.1589422363334,0.9505932879021258,0.1,4.8,4.8,77.0,-2.179154398749824,-4.276831316104166,207.0,0.3333333333333333,1,1,3.08,14.0,23.1,68.53,130.76,5.0,158.34,0.5500000000000682,4.5166666666666515,0.4523809523809632,0.0,,,5.6,3.8,-0.6449101910383177,-0.7642583630519986,-0.4539904997395467,-0.8910065241883679,-1.9815242392660586,-2.344335986329011,0.0,2.0,0.005,0.6060606060606061,0.462,2,0.016285499999999994,14.0,0.4132777777777778,0.336,2.756630314418869,9.741666666666667,1.4916666666666667,341,12,2017,67
2017-12-08,8.26,11.9,21,1.4,-3.3,3.3,-0.06249999999999998,11.9,6.2250000000000005,-2.4318594413392556,3.296819534364855,81.33333333333333,46.833333333333336,225.0,96.625,1011.9250000000001,1007.9,-2.8958333333333335,-6.4,,,,297.76678785224243,0.608735185378153,0.04285714285714289,6.285714285714286,11.9,81.71428571428571,-2.416677569248785,3.8849593001404683,303.2636783822426,0.0,1,19,8.33,11.34,27.159999999999997,56.56,139.01999999999998,6.0,166.6,-6.629166666666606,3.654166666666697,-5.1630952380951385,0.0,,,2.8333333333333335,3.1000000000000005,-0.8848511728873815,0.46587380462934946,-0.8361552364361702,0.5484928628344878,-1.9779123456225944,2.681413221283415,0.0,3.0,0.7283950617283951,0.41752577319587636,98.294,3,1.894595357142857,11.34,0.3756666666666666,51.919999999999995,0.0,18.675,-0.7416666666666667,342,12,2017,68
2017-12-09,0.6300000000000001,0.9,7,0.14,-7.7,1.1,-2.370833333333333,7.9,4.866666666666666,-3.5402763758965983,0.5895985533314073,69.45833333333333,97.875,407.0,67.45833333333333,1016.3291666666668,1014.9,-7.2749999999999995,-11.7,,,,270.65332450738185,0.7141742170177618,-0.8428571428571429,4.228571428571429,6.7,74.71428571428571,-2.114700081258903,-2.167531275824803,218.0329681111187,0.0,1,5,8.89,8.96,25.060000000000002,47.949999999999996,139.51000000000002,6.0,167.23,4.404166666666697,-1.6749999999998408,0.6714285714285779,0.0,,,4.904166666666667,3.999999999999999,-0.9999349903342298,0.011402416642259385,-0.6161147964140612,-0.7876563702780927,-2.459016966091512,0.40952532850143997,0.0,4.0,0.0703125,0.3575418994413408,4.977000000000001,4,0.16174832142857146,8.96,0.32122222222222224,2.6640000000000006,71.71388538065919,19.466666666666665,-2.308333333333333,343,12,2017,69
2017-12-10,0.7000000000000001,1.0,5,0.28,-0.8,6.2,2.529166666666667,5.4,3.7291666666666665,-1.2320772478950894,-2.897317688263658,63.791666666666664,115.54166666666667,521.0,66.29166666666667,1014.6041666666666,1010.1,-3.75,-4.5,,,,209.25380965095653,0.7514343633097796,1.8199999999999998,3.3199999999999994,4.3,69.6,-0.36516399670127614,-3.231202186501225,187.7503975327352,0.16666666666666666,1,4,1.33,9.59,25.76,37.730000000000004,140.21,6.0,167.93,-1.7250000000001364,-3.9500000000000455,0.07202380952389831,0.0,,,6.279166666666667,3.7,-0.4886792535074038,-0.8724635162523683,-0.13485780515085685,-0.9908649617328759,-0.7859626110530757,-1.8482472419715252,0.0,5.0,0.07299270072992702,0.37228260869565216,3.7800000000000007,5,0.13720927500000002,9.59,0.42744444444444446,2.324,0.0,18.645833333333332,4.9,344,12,2017,70
2017-12-11,13.72,19.7,20,1.4,-4.4,4.5,1.2041666666666666,7.9,4.304166666666666,-3.0430378512584144,-1.6045153789974043,76.45833333333333,54.25,249.0,85.0,1007.5749999999999,1005.6,-2.5124999999999997,-7.3,,,,231.93296851619886,0.7583448002122303,0.725,4.21,7.9,77.75,-3.4018655052734807,-1.0560830915370218,239.94857881957398,0.0,0,17,14.42,15.05,37.31,49.56,141.96,5.0,181.65,-7.029166666666697,-4.350000000000136,-6.03392857142876,0.0,,,3.7166666666666663,2.8999999999999995,-0.7872899397592046,-0.6165829633990451,-0.8655763206225846,-0.5007770294027758,-2.3266560237746625,-1.226785716858432,0.0,0.0,0.9116279069767442,0.40337711069418386,100.0,0,3.013907771874999,15.05,0.39102777777777775,57.7612,0.0,0.0,-1.3250000000000002,345,12,2017,71
2017-12-12,18.76,26.8,24,1.12,-6.8,-3.0,-5.158333333333333,8.2,3.975,0.11569054721197175,3.0326935215347848,80.91666666666667,47.583333333333336,228.0,97.0,1013.9458333333333,1009.1,-7.954166666666667,-8.8,,,,10.36080805331429,0.6482962135322586,-5.158333333333333,3.975,8.2,80.91666666666667,0.11569054721197175,3.0326935215347848,10.36080805331429,0.0,0,24,32.480000000000004,33.18,45.15,68.32000000000001,160.08999999999997,5.0,200.41,6.370833333333394,-2.3833333333334394,-0.47380952380956387,0.0,,,2.7958333333333334,2.000000000000001,0.17984631214343277,0.9836947209416176,0.17984631214343277,0.9836947209416176,0.0936129344523538,2.453954507841897,0.0,0.0,0.5654008438818566,0.7348837209302326,100.0,0,6.756017059895833,33.18,0.30144444444444446,74.57100000000001,0.0,0.0,-6.3625,346,12,2017,72
2017-12-13,8.61,12.3,24,0.77,-4.9,-1.4,-3.5375,9.2,5.666666666666667,-3.9449905106548777,3.61845822437475,73.91666666666667,65.45833333333333,319.0,95.79166666666667,1018.0124999999999,1016.1,-7.516666666666667,-8.8,,,,307.142918867251,0.9323622171374846,-3.5375,5.666666666666667,9.2,73.91666666666667,-3.9449905106548777,3.61845822437475,307.142918867251,0.0,0,24,27.37,41.09,50.75,76.93,168.7,4.0,209.02,4.066666666666606,3.408333333333303,3.5916666666665833,0.0,,,3.9791666666666665,3.9000000000000004,-0.7971318567476509,0.603805269071116,-0.7971318567476509,0.603805269071116,-2.916005485792397,2.6746437041836697,0.0,1.0,0.20954003407155022,0.8096551724137931,79.21199999999999,1,2.7075423046875002,41.09,0.29002777777777783,48.79,78.6105109089817,5.666666666666667,1.6208333333333331,347,12,2017,73
2017-12-14,2.45,3.6,20,0.21,-7.5,-2.5,-4.691666666666666,12.0,6.904166666666668,-4.845579920083407,4.661113401666643,76.08333333333333,79.625,368.0,94.45833333333333,1025.3416666666667,1021.1,-8.283333333333333,-11.3,,,,311.15858922534443,0.9622926289260535,-4.425,7.465000000000001,12.0,76.6,-5.024260752528258,5.46704612629012,317.1063405284072,0.0,0,20,11.059999999999995,29.82,53.13,76.23,171.14999999999998,3.0,211.47,7.329166666666765,17.766666666666765,9.951190476190618,0.0,,,3.591666666666667,3.8000000000000007,-0.7528907830148608,0.6581454769663541,-0.6806397993250387,0.7326182249813138,-3.6866787225301247,3.5463304464347045,0.0,2.0,0.08215962441314555,0.5612648221343873,29.400000000000002,2,0.801086740234375,29.82,0.30669444444444444,18.289250000000003,276.17733324054143,13.808333333333335,-1.1541666666666663,348,12,2017,74
2017-12-15,0.0,0.0,0,0.0,-9.3,1.0,-4.483333333333333,7.5,3.966666666666667,-3.548841420981931,0.74670341747903,59.75,124.375,533.0,60.041666666666664,1023.8916666666668,1019.3,-11.366666666666667,-13.9,,,,279.65126805091273,0.9339885735518704,0.0,0.0,0.0,0.0,0.0,0.0,,0.2916666666666667,1,0,2.4499999999999966,11.060000000000002,44.870000000000005,72.03,170.31,3.0,211.47,-1.4499999999999318,9.94583333333344,6.791666666666629,0.0,,,6.883333333333334,4.6,-0.9858464183106863,0.1676509454312478,-0.9858464183106863,0.1676509454312478,-2.120432749036704,0.44615529194372044,1.0,3.0,0.0,0.2464898595943838,0.0,3,0.0,5.530000000000001,0.30430555555555555,0.0,-0.0,11.9,0.20833333333333304,349,12,2017,75
2017-12-16,9.100000000000001,13.0,22,2.1,-6.0,3.6,0.0666666666666667,6.8,4.679166666666666,-4.34667592438185,-0.8492522154173083,76.08333333333333,65.125,323.0,96.04166666666667,1013.8041666666667,1010.0,-3.6999999999999997,-12.4,,,,260.4336836948216,0.9372189211274203,0.5545454545454546,4.904545454545455,6.8,77.5909090909091,-4.543059447084322,-0.9108135157694041,259.9417595679906,0.0,1,22,9.099999999999998,11.550000000000004,53.34,78.4,169.82000000000002,3.0,220.57,-10.087500000000091,-4.2083333333332575,-2.9351190476189686,0.0,,,3.7666666666666666,6.4,-0.9860939085851844,-0.1661890593606992,-0.9846307331014716,-0.17464913235415316,-3.30709593246719,-0.6461393938966686,0.0,4.0,0.7878787878787877,0.2165354330708662,61.88000000000001,4,2.01710231017562,11.550000000000004,0.37702777777777774,44.63136363636365,0.0,18.716666666666665,4.55,350,12,2017,76
2017-12-17,14.629999999999999,20.9,24,2.03,-6.9,-1.9,-5.254166666666666,11.8,7.770833333333333,-4.9731618593819595,5.202264662514285,77.20833333333333,67.625,323.0,97.79166666666667,1019.9458333333333,1013.1,-8.637500000000001,-11.5,,,,315.87978330298057,0.9210346517229367,-5.254166666666666,7.770833333333333,11.8,77.20833333333333,-4.9731618593819595,5.202264662514285,315.87978330298057,0.0,0,24,23.729999999999997,23.730000000000004,67.27,93.03,184.45000000000002,2.0,235.2,6.1416666666666515,-5.395833333333371,2.4434523809522943,0.0,,,3.3833333333333346,4.6,-0.6961661426413024,0.7178807016767688,-0.6961661426413024,0.7178807016767688,-3.839695385597821,4.016581841516237,0.0,0.0,0.6165191740412977,0.35275754422476596,100.0,5,5.037272428656683,23.730000000000004,0.3024444444444444,113.68729166666665,210.75016669595848,38.854166666666664,-5.320833333333333,351,12,2017,77
2017-12-18,0.9800000000000001,1.4000000000000001,13,0.14,-8.4,-0.6,-3.8666666666666667,9.0,5.741666666666667,-5.422197456732651,-1.4180540241102115,75.5,85.45833333333333,326.0,92.875,1023.7624999999999,1022.2,-7.579166666666667,-10.7,,,,252.59933833499156,0.9713382461474128,-3.5615384615384618,5.1923076923076925,7.3,74.92307692307692,-4.726198280893734,-1.6254146434901804,247.86525474541645,0.0,0,6,15.609999999999996,24.710000000000004,54.529999999999994,91.84,180.32,2.0,236.18,3.816666666666606,-0.1291666666668334,3.9476190476189004,0.0,,,3.7125,2.299999999999999,-0.9542368750599192,-0.29905181202574277,-0.9263003109470864,-0.37678605857877895,-4.093759079833152,-1.0706307882032098,0.0,1.0,0.039660056657223795,0.45314505776636727,8.82,6,0.3106928901627219,24.710000000000004,0.3086388888888889,5.088461538461539,151.5219168854507,34.45,1.3874999999999997,352,12,2017,78
2017-12-19,13.09,18.7,22,1.89,-3.9,0.5,-1.7708333333333333,7.6,5.3625,-3.292170623697943,1.5869792086240757,79.29166666666667,35.583333333333336,142.0,97.20833333333333,1021.4416666666666,1017.6,-4.8999999999999995,-8.2,,,,283.6915665328188,0.6858754878312521,-1.5954545454545455,5.263636363636364,7.6,80.0,-3.0674667508401012,1.4693325755442934,281.9432982038519,0.0,1,22,14.069999999999997,28.700000000000003,48.86,94.01,185.22,3.0,249.27,-2.3208333333333258,7.637499999999932,0.5559523809523625,0.0,,,3.1291666666666664,4.299999999999999,-0.971583970098857,0.23669513946624138,-0.978352877991827,0.20694358198578938,-2.610416957040494,1.2583422641715067,0.0,0.0,0.4560975609756097,0.5873925501432665,99.484,2,3.5449442457386353,28.700000000000003,0.2991388888888889,68.901,0.0,10.725,2.095833333333333,353,12,2017,79
2017-12-20,0.0,0.0,0,0.0,-7.4,0.9,-3.279166666666667,6.8,5.745833333333334,-5.63221775048903,-0.20020208881594903,73.79166666666667,120.5,522.0,62.708333333333336,1026.1458333333333,1024.5,-7.341666666666666,-10.0,,,,266.91805668041764,0.9808782930301876,0.0,0.0,0.0,0.0,0.0,0.0,,0.20833333333333334,1,0,13.089999999999996,14.070000000000004,40.25,91.0,174.16,4.0,249.27,4.7041666666666515,6.199999999999932,4.098214285714221,0.0,,,4.062499999999999,2.5999999999999996,-0.9985536635974619,-0.05376412294538945,-0.9985536635974619,-0.05376412294538945,-4.156107348381696,-0.14773245803876905,1.0,1.0,0.0,0.3495652173913044,0.0,3,0.0,7.035000000000002,0.3463055555555556,0.0,-0.0,17.2375,-1.5083333333333335,354,12,2017,80
2017-12-21,0.0,0.0,0,0.0,-6.9,0.1,-3.529166666666667,6.8,4.283333333333333,-3.912992645959978,0.9265305549716301,72.79166666666667,118.5,497.0,31.333333333333332,1026.925,1024.8,-7.7625,-11.4,,,,281.7260677840387,0.9439922347989719,0.0,0.0,0.0,0.0,0.0,0.0,,0.5416666666666666,1,0,0.0,13.090000000000003,37.8,90.93,169.89000000000001,5.0,249.27,0.779166666666697,3.1625000000000227,4.651190476190436,0.0,,,4.233333333333333,4.5,-0.9791304474130434,0.2032327900431751,-0.9791304474130434,0.2032327900431751,-2.8483325635383676,0.6744370331397657,2.0,2.0,0.0,0.34629629629629644,0.0,4,0.0,4.363333333333334,0.32386111111111116,0.0,-0.0,17.133333333333333,-0.25,355,12,2017,81
2017-12-22,0.0,0.0,0,0.0,-5.0,4.9,-0.3875,4.7,3.1291666666666664,-2.867300724447197,-0.17753237282112375,52.041666666666664,112.375,457.0,16.541666666666668,1024.9583333333333,1022.2,-9.120833333333334,-13.6,,,,267.14382939328476,0.9238156946526103,0.0,0.0,0.0,0.0,0.0,0.0,,0.7083333333333334,1,0,0.0,0.0,37.8,82.67,167.02,5.0,249.27,-1.966666666666697,3.5166666666666515,2.532142857142844,0.0,,,8.733333333333334,8.6,-0.9987577669085224,-0.049828937776173574,-0.9987577669085224,-0.049828937776173574,-1.492191085347729,-0.09239080568899315,3.0,3.0,,0.0,0.0,5,0.0,0.0,0.35727777777777775,0.0,-0.0,15.645833333333332,3.1416666666666666,356,12,2017,82
2017-12-23,4.0600000000000005,6.0,10,0.84,-5.2,2.4,-0.5041666666666668,6.2,3.9416666666666664,-3.8685426129668268,0.1949424297669703,77.875,87.25,410.0,76.375,1022.725,1021.1,-3.9333333333333336,-8.0,,,,272.3615994164084,0.9809495652771698,-0.78,3.69,4.7,76.9,-3.6279378066194043,-0.25073995117186265,265.44651772523537,0.041666666666666664,1,10,4.059999999999997,4.060000000000004,32.76,86.10000000000001,163.52,5.0,253.33,-2.233333333333235,-3.420833333333235,-0.9755952380952522,0.0,,,3.4291666666666667,2.8,-0.9991506714576499,0.04120601564974737,-0.9968436624315434,-0.07938962570806732,-3.012627559847916,0.1518114171810281,0.0,4.0,0.9999999999999991,0.12393162393162406,25.172000000000004,6,1.0437014087500005,4.060000000000004,0.3710833333333334,14.981400000000002,0.0,23.65,-0.11666666666666675,357,12,2017,83
2017-12-24,1.96,2.8,4,0.77,-4.8,6.7,1.6166666666666665,7.6,4.929166666666666,0.05548799974148616,-3.642534140713907,56.291666666666664,103.25,499.0,81.375,1016.6625,1007.1,-6.545833333333333,-12.7,,,,190.20734165634235,0.6898381786519997,2.575,5.825,6.6,79.5,3.9521551274194766,-4.241806658605748,137.5,0.125,1,4,6.019999999999997,6.020000000000004,20.09,87.36,145.25000000000003,6.0,255.29,-6.0625,-10.262499999999932,-6.569047619047524,0.0,,,8.1625,7.8999999999999995,-0.17721084982842397,-0.9841729089459269,0.6755902076156604,-0.737277336810124,0.031235119854478247,-2.0504431767102034,0.0,5.0,0.325581395348837,0.2996515679442511,14.895999999999999,5,0.3373339921874999,6.020000000000004,0.40536111111111106,11.417,0.0,24.645833333333332,2.120833333333333,358,12,2017,84
2017-12-25,21.63,31.0,24,2.45,-1.7,3.7,0.6958333333333333,12.8,7.175,-3.9091188494815303,4.819289694736748,84.45833333333333,53.583333333333336,277.0,96.08333333333333,1007.3000000000001,1000.2,-1.6541666666666668,-4.8,,,,317.46150467957284,0.7739532101285179,0.6958333333333333,7.175,12.8,84.45833333333333,-3.9091188494815303,4.819289694736748,317.46150467957284,0.0,0,24,23.589999999999996,27.650000000000002,40.739999999999995,95.27000000000001,157.64000000000001,6.0,276.92,-9.362499999999955,-17.65833333333319,-13.579761904761767,0.0,,,2.35,3.0999999999999996,-0.6760854096837184,0.736823261585028,-0.6760854096837184,0.736823261585028,-3.3015766282912757,4.070291754679745,0.0,0.0,0.7822784810126582,0.6786941580756015,100.0,0,4.579989852539064,27.650000000000002,0.39947222222222223,155.19525,0.0,0.0,-0.9208333333333332,359,12,2017,85
2017-12-26,26.67,38.2,24,1.82,-5.5,-1.3,-3.1291666666666664,7.7,4.720833333333333,-0.4046843404200366,2.758729529435423,84.41666666666667,25.75,128.0,97.04166666666667,1010.8041666666667,1007.3,-5.429166666666667,-7.9,,,,328.13093587085694,0.3590785195936277,-3.1291666666666664,4.720833333333333,7.7,84.41666666666667,-0.4046843404200366,2.758729529435423,328.13093587085694,0.0,0,24,48.3,50.260000000000005,54.32,103.18,173.39,5.0,303.59000000000003,3.504166666666606,-11.920833333333348,-8.555952380952363,0.0,,,2.3000000000000007,2.4000000000000004,-0.5279798700541555,0.8492568850575173,-0.5279798700541555,0.8492568850575173,-0.3416210307045809,2.3288275110984027,0.0,0.0,0.5306406685236769,0.9252577319587629,100.0,0,8.237302248209637,50.260000000000005,0.2985555555555556,125.90462500000001,7.799447569220195,0.0,-3.8249999999999997,360,12,2017,86
2017-12-27,28.42,40.5,24,1.61,-9.4,-6.3,-8.245833333333334,9.8,7.6875,-1.28454628114202,7.461620439915393,85.45833333333333,31.708333333333332,134.0,98.79166666666667,1014.0375,1010.7,-10.241666666666667,-11.5,,,,350.35502602813057,0.9852581915626583,-8.245833333333334,7.6875,9.8,85.45833333333333,-1.28454628114202,7.461620439915393,350.35502602813057,0.0,0,24,55.09,76.72,82.74000000000001,122.99000000000001,199.92000000000002,4.0,332.01,3.2333333333333485,-2.625,-3.592857142857156,0.0,,,1.9958333333333336,2.0999999999999996,-0.16754264682216677,0.9858648292214418,-0.16754264682216677,0.9858648292214418,-1.0977518427592845,6.376576467611029,0.0,0.0,0.3704379562043796,0.9272419627749576,100.0,0,11.717937439778648,76.72,0.306,218.47875000000002,39.04164330484331,0.0,-5.116666666666667,361,12,2017,87
2017-12-28,14.84,21.2,23,0.98,-9.2,-5.0,-7.020833333333333,11.1,7.4624999999999995,-3.655211746513737,6.320141651279413,81.83333333333333,62.416666666666664,303.0,95.125,1022.1416666666668,1019.7,-9.608333333333333,-11.3,,,,330.2765291870881,0.9761793582680217,-7.078260869565218,7.465217391304347,11.1,82.21739130434783,-3.532734612326007,6.4389481930818695,331.5940376284817,0.0,0,23,43.26,69.93,97.58,135.38,214.76000000000002,3.0,346.85,8.104166666666742,14.841666666666697,5.194642857142981,0.0,,,2.5874999999999995,2.1000000000000014,-0.4958144556393564,0.8684284804052943,-0.47571574537676437,0.8795990732149673,-2.9911816125637416,5.171982584630319,0.0,0.0,0.21221221221221218,0.7166427546628408,100.0,1,5.7447863194707,69.93,0.3143888888888889,110.78382608695651,263.39480480400897,7.4624999999999995,1.2250000000000005,362,12,2017,88
2017-12-29,10.15,14.4,11,1.75,-6.7,-1.0,-4.2,9.3,6.645833333333333,-4.65084981649436,3.792069843969959,76.5,80.16666666666667,435.0,95.625,1019.8125,1015.9,-7.758333333333333,-10.6,,,,310.0937171749757,0.8939053147823258,-3.309090909090909,5.818181818181818,7.8,83.54545454545455,-2.1542544028743773,5.065581720808854,334.738373086114,0.0,0,11,24.989999999999995,53.41000000000001,107.73,145.53,224.91,2.0,357.0,-2.329166666666765,9.008333333333326,3.600595238095252,0.0,,,3.5583333333333327,3.8999999999999995,-0.764992028329212,0.6440397476808074,-0.4267522703268851,0.904368564121315,-3.5579001096181857,2.9009334306370187,0.0,0.0,0.19003931847968542,0.49577647823261867,94.39500000000001,2,3.1315685950413226,53.41000000000001,0.30844444444444447,59.05454545454546,0.0,13.291666666666666,2.820833333333333,363,12,2017,89
2017-12-30,2.03,2.9,10,0.63,-5.6,-1.0,-3.5041666666666664,12.3,8.216666666666667,-5.770664637940669,4.984135757407986,77.41666666666667,88.58333333333333,379.0,87.25,1023.1999999999999,1020.2,-6.908333333333334,-8.8,,,,303.51289972089756,0.8605380369168543,-4.36,10.709999999999999,12.3,81.0,-6.712208153362165,8.234107912558827,320.5950242924071,0.0,0,8,12.179999999999996,27.020000000000003,105.7,138.46,223.79,1.0,359.03000000000003,3.387499999999932,9.162499999999909,6.920238095238119,0.0,,,3.4041666666666677,3.200000000000001,-0.8337615364045673,0.5521247145458129,-0.6347976169087246,0.772678449011621,-4.4674562072057356,3.8585517655266828,0.0,1.0,0.07512953367875647,0.2556291390728477,24.968999999999998,3,0.63120591625,27.020000000000003,0.3171111111111111,21.741299999999995,127.33058866927769,24.65,0.6958333333333337,364,12,2017,90
2017-12-31,3.85,5.4,8,0.91,-1.7,3.0,0.6666666666666666,7.3,3.9791666666666665,0.3748053468135231,-3.1395470754713206,72.125,99.625,456.0,88.25,1017.025,1013.6,-3.904166666666667,-8.0,,,,186.67988666656194,0.7241123261341729,2.125,2.1125,3.0,83.875,-1.3040699980981263,-1.032095419911519,235.304893249043,0.0,1,8,5.879999999999996,16.030000000000005,107.59,127.68,223.44000000000003,1.0,362.88,-6.1749999999999545,-5.116666666666788,0.693452380952408,0.0,,,4.570833333333334,6.3,-0.11632208342744121,-0.9932115448921742,-0.8221926563862955,-0.5692093075349761,0.27032835638925357,-2.26439832818369,0.0,2.0,0.2401746724890829,0.14899154196486666,28.105,4,0.7379536376953126,16.030000000000005,0.37349999999999994,8.133125,0.0,15.916666666666666,4.170833333333333,365,12,2017,91
2018-01-01,6.44,9.3,24,0.56,-2.0,1.5,-0.4166666666666667,8.4,3.7916666666666665,-2.050401549267321,2.2518942790777396,83.16666666666667,69.33333333333333,321.0,88.66666666666667,1015.9833333333332,1013.8,-2.954166666666667,-5.0,,,,290.2324334697581,0.504373020786717,-0.4166666666666667,3.7916666666666665,8.4,83.16666666666667,-2.050401549267321,2.2518942790777396,290.2324334697581,0.0,1,24,10.289999999999997,12.320000000000004,92.4,133.14000000000001,227.15,2.0,369.32,-1.0416666666667425,-3.829166666666765,-1.5886904761905498,0.0,,,2.5375000000000005,3.0,-0.93829740916656,0.3458293971762972,-0.93829740916656,0.3458293971762972,-1.705250621807322,1.8728254087663203,0.0,3.0,0.5227272727272726,0.13333333333333336,54.096000000000004,5,1.5975965711805562,12.320000000000004,0.3567777777777778,24.418333333333333,0.0,18.958333333333332,-1.0833333333333333,1,1,2017,92
2018-01-02,14.77,21.1,24,1.82,-5.0,-2.3,-3.670833333333333,8.7,5.883333333333333,-2.193593491445578,4.667613058393145,82.66666666666667,68.0,326.0,92.79166666666667,1018.9250000000001,1014.4,-6.204166666666667,-7.5,,,,340.9867395307499,0.8330149302844673,-3.670833333333333,5.883333333333333,8.7,82.66666666666667,-2.193593491445578,4.667613058393145,340.9867395307499,0.0,0,24,21.209999999999997,25.060000000000002,80.5,134.82,241.92,2.0,384.09000000000003,2.9416666666668334,-4.274999999999864,0.1928571428571786,0.0,,,2.5333333333333337,2.5,-0.3257869754664773,0.9454432011582742,-0.3257869754664773,0.9454432011582742,-1.8133706195950112,3.8585601282716664,0.0,0.0,0.5893854748603351,0.31130434782608696,100.0,6,4.67672016905382,25.060000000000002,0.3208888888888889,86.89683333333332,32.264104270013874,35.3,-3.2541666666666664,2,1,2017,93
2018-01-03,17.57,25.2,24,1.47,-8.8,-5.8,-7.441666666666666,9.4,7.3,-3.939880789165079,5.61565216637105,85.79166666666667,49.541666666666664,190.0,97.20833333333333,1019.5208333333334,1015.4,-9.4125,-10.7,,,,325.87439771412437,0.9362595952816507,-7.441666666666666,7.3,9.4,85.79166666666667,-3.939880789165079,5.61565216637105,325.87439771412437,0.0,0,24,32.339999999999996,38.78,69.65,152.39,257.32,2.0,401.66,0.595833333333303,2.495833333333394,0.005357142857292274,0.0,,,1.9708333333333332,1.8999999999999986,-0.5610089525246085,0.827809733687181,-0.5610089525246085,0.827809733687181,-3.380089393704541,4.817761587732496,0.0,0.0,0.45306859205776173,0.5567839195979899,100.0,0,6.9621628307291665,38.78,0.319,128.261,20.65810827118785,0.0,-3.7708333333333335,3,1,2017,94
2018-01-04,9.8,14.1,23,0.63,-9.9,-5.7,-7.804166666666667,9.3,6.941666666666666,-5.280260207036836,4.058518778891196,82.08333333333333,64.0,287.0,90.45833333333333,1023.3000000000001,1021.4,-10.370833333333334,-12.1,,,,309.4921676651369,0.9543187896428473,-7.813043478260869,6.895652173913043,9.3,82.43478260869566,-5.165395670389196,4.186568081987312,310.8492385129029,0.0,0,23,27.369999999999997,42.14,64.61,162.19,256.2,2.0,411.46,3.779166666666697,7.316666666666833,3.6190476190477057,0.0,,,2.5666666666666664,2.1999999999999993,-0.7717115280905495,0.6359727332300882,-0.7564332434028741,0.6540709046235035,-4.334213586609403,3.3313674976731904,0.0,1.0,0.23255813953488375,0.6522210184182016,91.14000000000001,1,3.9880209617202276,42.14,0.31627777777777777,67.57739130434783,193.25682226302533,6.941666666666666,-0.3625000000000007,4,1,2017,95
2018-01-05,0.0,0.0,0,0.0,-9.7,-1.8,-6.645833333333333,8.4,5.579166666666667,-5.506172893649986,0.7038448168587123,67.91666666666667,86.33333333333333,365.0,77.54166666666667,1017.0083333333333,1013.7,-11.708333333333334,-14.9,,,,276.756273325555,0.9941070366067032,0.0,0.0,0.0,0.0,0.0,0.0,,0.08333333333333333,0,0,9.799999999999997,27.37,54.459999999999994,162.19,253.19,2.0,411.46,-6.2916666666667425,-1.9166666666667425,-2.2720238095237164,0.0,,,5.062500000000001,5.200000000000001,-0.9930555818109419,0.11764612800314213,-0.9930555818109419,0.11764612800314213,-3.7396090902706156,0.4780279381165421,1.0,2.0,0.0,0.5025706940874036,0.0,2,0.0,13.685,0.28394444444444444,0.0,-0.0,11.158333333333333,1.158333333333334,5,1,2017,96
2018-01-06,4.34,6.300000000000001,13,1.12,-9.7,-0.9,-5.1875,8.5,5.779166666666666,-4.142260633141734,3.08661637156896,78.875,88.70833333333333,483.0,83.375,1014.3958333333334,1011.9,-8.291666666666666,-12.8,,,,303.593790714882,0.892519662138124,-3.5615384615384613,6.2153846153846155,8.5,81.46153846153847,-3.3191795113196068,4.845842236031945,323.73464821672485,0.0,0,11,4.339999999999996,14.14,56.769999999999996,162.47,257.46000000000004,2.0,415.8,-2.6124999999999545,-5.125,-3.6267857142856883,0.0,,,3.104166666666666,3.1000000000000014,-0.8329812082276163,0.5533012802620834,-0.591525705228769,0.8062861403085182,-3.2672080743905427,2.434568663075017,0.0,3.0,0.3069306930693069,0.249075215782984,36.89,3,1.3571083698224848,14.14,0.32205555555555554,26.97476923076923,0.0,17.3375,1.458333333333333,6,1,2017,97
2018-01-07,0.7000000000000001,1.1,9,0.14,-6.8,-2.2,-5.004166666666666,9.0,6.629166666666666,-5.172762554230784,3.4201036779291125,73.33333333333333,103.33333333333333,409.0,84.41666666666667,1023.7708333333334,1021.0,-9.308333333333334,-14.4,,,,299.76256620256265,0.9290217886127137,-6.322222222222222,8.3,9.0,86.11111111111111,-5.60230582143849,6.08135693099743,317.2275196720045,0.041666666666666664,0,9,5.0399999999999965,5.04,53.620000000000005,161.20999999999998,249.9,1.0,416.5,9.375,0.470833333333303,4.784523809523876,0.0,,,4.304166666666667,7.6000000000000005,-0.8680899626068859,0.4964069065002777,-0.6790888089291476,0.7340561215514735,-3.7933592064359076,2.508076030481349,0.0,4.0,0.1388888888888889,0.09399477806788512,6.300000000000001,4,0.2560038541666667,5.04,0.3133333333333333,5.810000000000001,357.14699611670375,26.516666666666666,0.18333333333333357,7,1,2017,98
2018-01-08,7.7,17.8,10,1.47,-2.0,7.0,1.8125,7.0,4.825,0.0343313184800565,-3.5715733247791643,67.79166666666667,46.166666666666664,281.0,94.70833333333333,1013.6750000000001,1001.7,-4.258333333333334,-17.1,,,,182.19961573840806,0.6970543736456981,1.78,4.779999999999999,6.2,85.9,2.0200837300783983,-3.7031237053582657,153.72822460424692,0.0,1,10,8.399999999999997,12.74,54.879999999999995,147.28,256.96999999999997,1.0,424.2,-10.095833333333303,-3.3333333333332575,-4.98154761904766,0.0,,,6.070833333333334,15.100000000000001,-0.038381107400035,-0.9992631738409792,0.44262951686345253,-0.896704583907781,0.023273772986271635,-2.4212290830898753,0.0,5.0,0.6043956043956044,0.23214285714285718,53.9,5,1.4878045875,12.74,0.41230555555555554,36.806,0.0,24.125,6.816666666666666,8,1,2017,99
2018-01-09,22.26,46.4,18,1.82,-3.0,6.8,1.7750000000000001,7.3,4.404166666666667,-0.5571970660100475,0.6649223703773556,86.70833333333333,35.916666666666664,194.0,97.375,1000.1333333333333,995.0,-0.20833333333333337,-5.4,,,,301.1414856793766,0.10695364036702779,0.2111111111111111,4.727777777777778,7.3,85.83333333333333,-0.3250494681775891,1.6878800765873738,2.233265048899833,0.0,0,18,29.959999999999997,30.660000000000004,62.370000000000005,142.87,278.53000000000003,1.0,446.46000000000004,-13.541666666666742,-14.262500000000045,-15.83869047619055,0.0,,,1.9833333333333334,2.4000000000000004,-0.8558928581785001,0.5171531836110438,0.03896795927481091,0.9992404606249472,-0.48313628931954533,0.5765431053146987,0.0,0.0,0.726027397260274,0.4915824915824916,100.0,0,5.125583563657407,30.660000000000004,0.46408333333333335,105.24033333333334,0.0,0.0,-0.03749999999999987,9,1,2017,100
2018-01-10,17.5,24.9,24,1.19,-3.6,-0.6,-2.3833333333333333,6.5,4.104166666666667,-3.0015982459002077,-1.6316958433915107,76.95833333333333,53.833333333333336,235.0,96.75,1008.8208333333333,1006.7,-5.9125000000000005,-7.9,,,,234.78553524267335,0.8311139718883269,-2.3833333333333333,4.104166666666667,6.5,76.95833333333333,-3.0015982459002077,-1.6316958433915107,234.78553524267335,0.0,0,24,39.76,47.46,62.300000000000004,131.95,282.31,1.0,463.96000000000004,8.6875,-14.950000000000045,-5.622619047619082,0.0,,,3.5291666666666672,4.300000000000001,-0.8169993475537153,-0.5766385922714534,-0.8169993475537153,-0.5766385922714534,-2.309979983407368,-1.2557259261433833,0.0,0.0,0.3687315634218289,0.7617977528089888,100.0,1,5.139768608940972,47.46,0.29241666666666666,71.82291666666667,93.874985140529,4.104166666666667,-4.158333333333333,10,1,2017,101
2018-01-11,10.29,14.7,24,0.98,-7.0,-3.0,-4.495833333333334,9.1,5.045833333333333,-4.51488517758314,-1.946175574427101,68.79166666666667,71.29166666666667,311.0,98.20833333333333,1014.1208333333334,1011.0,-9.379166666666666,-11.9,,,,245.18911946082298,0.9760170292169673,-4.495833333333334,5.045833333333333,9.1,68.79166666666667,-4.51488517758314,-1.946175574427101,245.18911946082298,0.0,0,24,27.789999999999996,50.05,62.79,127.4,273.84,1.0,474.25,5.300000000000068,0.44583333333332575,0.9886904761905271,0.0,,,4.883333333333333,4.9,-0.9076978076973807,-0.4196244629443914,-0.9076978076973807,-0.4196244629443914,-3.1058647617457353,-1.3388066139079766,0.0,0.0,0.2055944055944056,0.7971014492753623,93.63899999999998,2,3.493850868001302,50.05,0.2768333333333333,51.921625,167.50224008833663,10.091666666666667,-2.1125000000000003,11,1,2017,102
2018-01-12,2.1,3.0,16,0.28,-8.4,-3.0,-5.658333333333334,9.5,5.433333333333334,-4.742607015660739,0.8650700818587188,65.58333333333333,126.58333333333333,544.0,60.791666666666664,1020.6708333333332,1017.2,-11.116666666666667,-12.7,,,,278.915686392014,0.8828649747367617,-5.66875,5.4875,8.4,66.4375,-4.840232400067562,0.08242608958079137,270.58241026253773,0.125,0,14,12.389999999999995,29.89,64.89,119.35,267.33000000000004,1.0,476.35,6.549999999999841,20.53749999999991,7.015476190475965,0.0,,,5.458333333333333,4.299999999999999,-0.9879174722596323,0.15498086334815186,-0.9999483370694101,0.010164801627256465,-3.1103597677708343,0.5673417953523431,0.0,1.0,0.0702576112412178,0.46062567421790723,19.95,3,0.7661835131835938,29.89,0.303,11.52375,266.3095866517108,16.3,-1.1625000000000005,12,1,2017,103
2018-01-13,8.26,11.7,17,1.33,-8.0,-2.5,-5.570833333333333,7.1,4.266666666666667,-2.07044010144538,0.1972663826307588,68.58333333333333,70.79166666666667,286.0,78.66666666666667,1024.3333333333333,1021.7,-10.575,-15.0,,,,256.3021965621744,0.5109347532036094,-5.105882352941176,4.511764705882353,7.1,74.3529411764706,-1.7575445309991518,1.0577592543946759,272.9545728554802,0.16666666666666666,0,17,10.359999999999996,20.65,68.81,125.58,273.14,1.0,484.61,3.6625000000000227,15.512499999999932,9.258333333333326,0.0,,,5.004166666666666,7.0,-0.9715581990050399,-0.2368008993776906,-0.998670715605422,0.051544173212443145,-1.4199768362412897,0.13529186075426206,0.0,2.0,0.4,0.3001017293997965,58.645999999999994,4,2.9434417110726643,20.65,0.2758055555555556,37.26717647058823,51.49605475827546,17.066666666666666,0.08750000000000124,13,1,2017,104
2018-01-14,0.84,1.2,5,0.42,-8.4,-0.2,-4.258333333333334,6.2,4.204166666666667,-1.8508962494632104,0.9484552680148197,66.66666666666667,127.08333333333333,530.0,41.25,1030.1541666666667,1028.5,-9.829166666666667,-12.6,,,,300.95157078974495,0.5220478892869294,-6.7,4.26,5.1,78.8,-2.4583456600572386,3.4428963105774706,325.2047422622192,0.5,0,5,9.099999999999996,11.2,68.95,122.57000000000001,273.97999999999996,1.0,485.45,5.820833333333439,16.033333333333303,14.167261904761972,0.0,,,5.570833333333334,4.199999999999999,-0.8576023299572761,0.514313371060729,-0.5706456007782429,0.821196443192759,-1.2339308329754737,0.6323035120098798,0.0,3.0,0.075,0.16243654822335024,5.208,5,0.332025225,11.2,0.30694444444444446,3.5784,120.20081104850088,21.020833333333332,1.3124999999999991,14,1,2017,105
2018-01-15,1.75,2.5,5,0.63,-1.7,4.4,0.8500000000000001,5.8,2.8833333333333333,-0.570676943399549,-1.9137071554496297,52.208333333333336,129.5,551.0,51.166666666666664,1023.6999999999999,1019.7,-8.35,-13.7,,,,184.02415727241555,0.5543835037822146,0.38,3.02,3.8,78.6,-2.094959162456158,-0.7020424007034006,260.7318358839896,0.375,1,5,2.5899999999999963,10.85,63.0,117.88000000000001,266.63,1.0,487.2,-6.454166666666765,3.029166666666697,6.280952380952272,0.0,,,9.2,12.0,-0.07017706441869395,-0.9975345505944014,-0.9869453577708949,-0.1610554586919684,-0.2979409208665146,-0.9991146107409942,0.0,4.0,0.16129032258064516,0.17222222222222222,10.15,6,0.4049869687500001,10.85,0.35813888888888884,5.285,0.0,17.3,5.108333333333334,15,1,2017,106
2018-01-16,1.05,1.5,4,0.49,-4.7,7.2,2.0875,5.0,3.6208333333333336,-1.8269457010775947,-1.0406667267126193,70.29166666666667,121.0,512.0,87.16666666666667,1020.0541666666667,1016.5,-3.016666666666667,-9.1,,,,237.26356137021708,0.5507187842177962,3.05,4.0,4.5,82.0,-3.3406794849029384,-0.6117858677580768,261.9270182414515,0.0,0,3,2.7999999999999963,3.6399999999999997,41.79,104.16,253.04999999999998,1.0,488.25,-3.6458333333332575,-4.279166666666583,-0.21071428571417528,0.0,,,5.104166666666667,4.3999999999999995,-0.8411670329559907,-0.5407753902203902,-0.9900899906406412,-0.14043436343436394,-1.2841905823824593,-0.7315019866517453,0.0,5.0,0.2884615384615385,0.08710217755443886,5.25,6,0.17331562500000008,3.6399999999999997,0.4749722222222223,4.2,0.0,21.725,1.2374999999999998,16,1,2017,107
2018-01-17,10.64,29.5,15,1.33,2.6,6.6,4.670833333333333,9.3,4.466666666666667,-0.12916767383619918,-0.7389947112493366,93.95833333333333,33.416666666666664,212.0,99.95833333333333,1013.0,1008.0,3.7624999999999997,0.7,,,,188.16581856829063,0.2561279827895942,4.066666666666666,4.753333333333333,9.3,91.8,-1.4465332279969585,0.043331798779449926,238.52414439274736,0.0,0,12,11.689999999999998,13.440000000000001,34.93,97.23,262.71000000000004,1.0,498.89,-7.054166666666674,-17.154166666666697,-7.861904761904725,0.0,,,0.9083333333333337,1.9000000000000001,-0.14203842911402073,-0.9898611441282162,-0.8528602690935327,-0.5221392164947074,-0.1213637935419288,-0.6943471141113559,0.0,0.0,0.7916666666666666,0.38476953907815636,98.95200000000001,0,1.4844913222222234,13.440000000000001,0.4821388888888889,50.575466666666664,0.0,0.0,2.5833333333333335,17,1,2017,108
2018-01-18,4.76,6.9,13,0.7,0.3,4.1,2.4499999999999997,10.5,6.195833333333333,-3.926968250970234,3.336900524473913,87.41666666666667,82.04166666666667,377.0,90.25,1016.6999999999999,1012.1,0.5458333333333333,-1.2,,,,313.24611351765634,0.7149494519020161,2.5615384615384613,6.084615384615384,10.5,89.92307692307692,-2.6074372816895375,4.59182118964927,335.76713559951276,0.0,0,9,15.399999999999997,16.450000000000003,29.4,92.19000000000001,254.38,1.0,503.65000000000003,3.699999999999932,-7.0,-4.5303571428572695,0.0,,,1.9041666666666663,1.5,-0.7284174454798241,0.6851335819536563,-0.4104461511762473,0.9118848375670061,-3.43282474605648,2.9170072084776124,0.0,1.0,0.2893617021276595,0.5595238095238096,49.98,1,0.8178524090236688,16.450000000000003,0.4371944444444445,28.96276923076923,0.0,6.195833333333333,-2.2208333333333337,18,1,2017,109
2018-01-19,1.05,1.5,6,0.35,-1.5,2.4,0.5499999999999999,8.9,5.254166666666667,-2.8930277142852088,3.1773200749288546,63.208333333333336,140.66666666666666,591.0,66.08333333333333,1020.4708333333333,1018.4,-5.8999999999999995,-10.0,,,,311.0016289337797,0.7129285048927939,0.31666666666666665,8.016666666666667,8.9,80.16666666666667,-4.607604547241414,6.527645582783845,325.16464292337844,0.16666666666666666,1,6,5.809999999999996,16.45,28.349999999999998,93.24000000000001,255.43,2.0,504.7,3.7708333333333712,0.41666666666662877,-0.7309523809523171,0.0,,,6.449999999999999,8.5,-0.754690927990471,0.6560804853132592,-0.5712201880285138,0.8207968669461826,-1.8286346010711092,2.008331064027947,0.0,2.0,0.06382978723404256,0.5802469135802469,9.345,2,0.22871579427083333,16.45,0.35780555555555554,8.4175,26.061763220334512,10.508333333333335,-1.9,19,1,2017,110
2018-01-20,0.56,0.8,7,0.14,-6.2,3.3,-1.6958333333333335,7.3,4.429166666666666,-3.643745804688308,0.10486996259201492,72.20833333333333,98.625,478.0,53.75,1018.0458333333332,1015.2,-6.1875,-12.7,,,,267.74834339215266,0.8142172718493416,0.37142857142857144,4.985714285714286,7.3,82.85714285714286,-3.1489450069524274,2.485654693125992,313.1840166564892,0.2916666666666667,1,5,1.6099999999999965,6.37,20.650000000000002,89.46000000000001,255.99,3.0,505.26,-2.425000000000068,5.045833333333235,-2.25773809523821,0.0,,,4.491666666666666,6.499999999999999,-0.9992279006937433,-0.03928870671292864,-0.729159561663896,0.6843437247714887,-2.6310881164686823,0.0757248521549841,0.0,3.0,0.08791208791208792,0.3084745762711864,4.088,3,0.12639907142857146,6.37,0.37977777777777777,2.7920000000000003,0.0,13.287499999999998,-2.2458333333333336,20,1,2017,111
2018-01-21,3.7100000000000004,5.2,9,1.12,-4.9,1.0,-2.6916666666666664,12.2,7.645833333333333,-6.185810284177479,3.136700407930095,80.45833333333333,87.33333333333333,446.0,87.375,1020.1541666666667,1017.2,-5.604166666666667,-8.5,,,,295.94413529120015,0.8878860438367,-2.3555555555555556,8.488888888888889,12.2,82.44444444444444,-5.173437542550712,6.393660009110341,325.7998534377374,0.0,1,9,4.269999999999997,5.32,23.520000000000003,92.47,259.7,4.0,508.97,2.108333333333462,3.454166666666765,1.2791666666668107,0.0,,,2.9125000000000005,3.5999999999999996,-0.899221040999531,0.43749459359370346,-0.5620854935174728,0.8270791364659243,-4.97699985781113,2.523736869880422,0.0,4.0,0.6973684210526316,0.22619047619047616,45.262,4,1.0243768024691358,5.32,0.3486388888888889,31.49377777777778,53.44592101250424,30.583333333333332,-0.9958333333333329,21,1,2017,112
2018-01-22,9.94,14.2,14,1.68,-6.4,0.3,-2.1041666666666665,5.6,3.641666666666666,0.053816864759726225,-1.890061287010482,78.08333333333333,55.125,251.0,99.04166666666667,1016.1750000000001,1008.7,-5.5874999999999995,-9.9,,,,186.9738907189728,0.4955156126133769,-1.2142857142857142,3.8428571428571425,5.6,87.71428571428571,1.1764640419297303,-2.417597902905037,155.93937198331528,0.0,1,14,13.649999999999997,14.21,31.71,94.71,265.58,4.0,518.91,-3.9791666666666288,-4.295833333333235,-1.6249999999998863,0.0,,,3.483333333333333,3.5,-0.12141703451401384,-0.9926015835821655,0.4077030910843996,-0.9131145544345604,0.042022001899886224,-1.4758228549406847,0.0,5.0,0.6995073891625615,0.4481236203090508,55.663999999999994,5,2.6528864732142856,14.21,0.30369444444444443,38.19799999999999,0.0,18.208333333333332,0.5874999999999999,22,1,2017,113
2018-01-23,17.22,24.5,21,1.47,-6.6,0.4,-2.783333333333333,6.9,3.954166666666667,-0.9126281211430319,-1.1400677043534329,76.95833333333333,66.5,323.0,88.33333333333333,1006.725,1002.7,-6.295833333333333,-10.1,,,,211.7511251350259,0.44906874937187824,-3.0047619047619047,3.8190476190476192,6.9,77.0952380952381,-0.42625150180585164,-0.9789452168593361,201.35812497446435,0.0,1,20,27.159999999999997,30.869999999999997,47.879999999999995,89.66999999999999,280.84000000000003,5.0,536.13,-9.450000000000045,-11.320833333333212,-9.170833333333348,0.0,,,3.5125,3.5,-0.5262306221812815,-0.8503418914052755,-0.3641962182228158,-0.9313222399536044,-0.7023433915629915,-0.877377104141996,0.0,0.0,0.5578231292517007,0.6447368421052632,100.0,0,5.331285886904762,30.869999999999997,0.30974999999999997,65.764,0.0,0.0,-0.6791666666666667,23,1,2017,114
2018-01-24,22.05,31.5,24,1.26,-14.1,-6.0,-8.799999999999999,7.2,4.316666666666666,-1.8907762327301674,2.610798097240166,74.0,49.666666666666664,236.0,97.75,1009.75,1007.5,-12.633333333333333,-17.0,,,,305.7868957015778,0.5922318381384633,-8.799999999999999,4.316666666666666,7.2,74.0,-1.8907762327301674,2.610798097240166,305.7868957015778,0.0,0,24,39.269999999999996,49.209999999999994,59.29,94.22,281.26000000000005,5.0,558.1800000000001,3.0249999999999773,-10.404166666666697,-5.681547619047706,0.0,,,3.833333333333334,2.9000000000000004,-0.8111975852894922,0.5847721587255134,-0.8111975852894922,0.5847721587255134,-1.3991744122203238,1.931990591957723,0.0,0.0,0.4480796586059745,0.8299881936245571,100.0,0,9.8043028125,49.209999999999994,0.27977777777777774,95.1825,80.64633326652286,0.0,-6.016666666666666,24,1,2017,115
2018-01-25,16.94,24.2,24,0.91,-14.6,-11.5,-13.295833333333334,9.5,6.966666666666666,-3.186687021420721,6.145970296731797,77.54166666666667,73.04166666666667,294.0,99.79166666666667,1015.475,1012.9,-16.3875,-17.7,,,,332.6130973112193,0.992757584294317,-13.295833333333334,6.966666666666666,9.5,77.54166666666667,-3.186687021420721,6.145970296731797,332.6130973112193,0.0,0,24,38.99,56.21,71.47,100.87,271.53000000000003,5.0,575.12,5.725000000000023,-0.7000000000000455,0.21845238095249897,0.0,,,3.091666666666665,3.0999999999999996,-0.45999682597423336,0.8879205595624142,-0.45999682597423336,0.8879205595624142,-2.471010227859984,4.765687800924114,0.0,0.0,0.30136986301369867,0.7864838393731636,100.0,1,9.006639936631947,56.21,0.3071666666666667,118.01533333333333,266.359234685452,6.966666666666666,-4.495833333333335,25,1,2017,116
2018-01-26,15.4,22.0,24,0.91,-13.5,-11.1,-11.854166666666666,11.8,8.0875,-3.895557489465144,7.009764450925759,71.125,66.20833333333333,265.0,99.0,1013.1958333333333,1011.5,-16.037499999999998,-18.0,,,,331.30602091884344,0.9908683101806806,-11.854166666666666,8.0875,11.8,71.125,-3.895557489465144,7.009764450925759,331.30602091884344,0.0,0,24,32.34,54.39,85.82000000000001,114.17,258.51,4.0,590.52,-2.279166666666697,6.470833333333303,-1.0214285714287143,0.0,,,4.183333333333332,4.5,-0.4801313200119513,0.8771966230803566,-0.4801313200119513,0.8771966230803566,-2.770715264382084,4.9856949657209455,0.0,0.0,0.28314028314028317,0.633768352365416,100.0,2,7.563266097005207,54.39,0.2812222222222222,124.54750000000001,0.0,16.175,1.4416666666666682,26,1,2017,117
2018-01-27,10.01,14.3,24,0.7,-12.6,-7.5,-10.245833333333334,12.0,8.295833333333333,-5.153801566009903,6.359742276469343,75.5,81.20833333333333,337.0,96.70833333333333,1021.3416666666667,1016.1,-13.758333333333333,-16.2,,,,321.02700839366423,0.9882487550575063,-10.245833333333334,8.295833333333333,12.0,75.5,-5.153801566009903,6.359742276469343,321.02700839366423,0.0,0,24,25.41,42.35000000000001,95.27000000000001,115.92,253.68,3.0,600.53,8.145833333333371,11.591666666666697,6.6535714285714675,0.0,,,3.5124999999999993,3.5999999999999996,-0.6289539858884878,0.7774425275446307,-0.6289539858884878,0.7774425275446307,-3.891120182337476,4.801605418734354,0.0,0.0,0.2363636363636363,0.4445260837619398,100.0,3,4.541132244520399,42.35000000000001,0.30580555555555555,83.04129166666665,528.9733082313438,24.887499999999996,1.6083333333333325,27,1,2017,118
2018-01-28,1.54,2.2,11,0.28,-12.7,-1.2,-6.829166666666667,8.6,4.754166666666666,-4.079355699705956,-0.7922735106981631,70.375,83.66666666666667,322.0,81.54166666666667,1016.35,1010.4,-11.458333333333334,-16.9,,,,256.6520430143114,0.8949968041610474,-3.9545454545454546,4.418181818181818,6.0,73.9090909090909,-3.688077782194314,-1.960599674868755,244.14988483096752,0.0,0,10,11.55,26.95,93.1,116.62,245.07000000000002,2.0,602.07,-4.991666666666674,0.875,2.2053571428571104,0.0,,,4.629166666666667,4.199999999999999,-0.9729859785948736,-0.23086421432906468,-0.899937741420322,-0.43601841883949083,-2.8708465736680666,-0.5575624831538323,0.0,1.0,0.05714285714285715,0.2894736842105263,13.244,4,0.5075791477272728,26.95,0.2903611111111111,6.804,0.0,19.016666666666666,3.416666666666667,28,1,2017,119
2018-01-29,8.959999999999999,12.8,23,0.98,-6.0,-1.7,-4.004166666666666,8.2,5.3500000000000005,-4.296114182432267,2.6659887209726802,75.04166666666667,87.125,361.0,97.91666666666667,1010.5749999999999,1009.1,-7.833333333333333,-10.0,,,,301.1796081254797,0.9434151089862307,-4.091304347826087,5.369565217391305,8.2,75.47826086956522,-4.310545961127702,2.656677459439618,300.9571746767024,0.0,0,13,10.499999999999998,20.509999999999998,92.12,123.83,252.0,1.0,611.03,-5.775000000000091,-2.620833333333394,-2.769642857143026,0.0,,,3.8291666666666666,4.0,-0.8555485745673255,0.5177225478534014,-0.8575520227787035,0.5143972474927855,-3.223875684400214,2.0006023693632486,0.0,2.0,0.43686006825938567,0.22264437689969602,73.47199999999998,5,2.9445924763705102,20.509999999999998,0.30822222222222223,48.111304347826085,0.0,26.750000000000004,2.825,29,1,2017,120
2018-01-30,3.5700000000000003,5.0,21,0.49,-7.2,-4.4,-6.058333333333334,7.8,5.641666666666667,-4.43707117344465,2.3344610751032477,68.83333333333333,108.75,449.0,92.66666666666667,1017.8958333333334,1013.6,-10.883333333333333,-12.1,,,,294.1507317266085,0.8653979664536765,-6.076190476190476,5.809523809523809,7.8,68.76190476190476,-4.505369974928558,2.514304309039215,295.6581684870195,0.0,0,15,12.529999999999998,14.07,78.47,126.35,251.72,0.0,614.6,7.320833333333439,-3.4458333333333258,2.955357142857224,0.0,,,4.824999999999999,4.8999999999999995,-0.9124722690984529,0.40913855614732825,-0.9013933946087891,0.4330010948665647,-3.054183991054401,1.6068873733627353,0.0,3.0,0.2537313432835821,0.1793041926851026,27.846,6,1.3306061904761906,14.07,0.3019444444444444,20.740000000000002,237.47805137848778,33.85,-2.054166666666667,30,1,2017,121
2018-01-31,2.87,4.2,21,0.35,-6.8,-1.9,-3.8791666666666664,6.9,5.375,-4.917009711582341,-1.3831344663682408,69.95833333333333,90.95833333333333,388.0,93.16666666666667,1023.0875,1021.7,-8.5625,-11.4,,,,252.93318519589167,0.9412978464615485,-3.9000000000000004,5.261904761904762,6.9,69.9047619047619,-4.743074898735635,-1.4963816317054999,251.20601242936044,0.0,0,21,6.44,15.400000000000002,59.29,118.58,248.15,0.0,617.47,5.191666666666606,6.7374999999999545,6.241666666666561,0.0,,,4.683333333333334,4.6000000000000005,-0.9559631599624203,-0.29348668929725585,-0.9466830723983584,-0.3221663552179287,-3.439858044061146,-0.9676178204301151,0.0,4.0,0.18636363636363634,0.25974025974025977,19.803,6,0.9317271354166665,15.400000000000002,0.29383333333333334,15.101666666666667,167.44635417502843,32.25,2.179166666666667,31,1,2017,122
2018-02-01,3.01,4.2,11,0.42,-5.6,1.4,-2.4,6.6,3.8208333333333333,-1.116134743998612,-0.4790581623228198,75.29166666666667,92.0,482.0,91.79166666666667,1024.6958333333334,1023.1,-6.308333333333334,-10.0,,,,208.58525262589814,0.27853762284134664,-1.1454545454545455,2.963636363636364,6.3,84.36363636363636,2.3612645089762894,-1.4785990125060815,128.2823082053889,0.0,1,11,5.88,9.45,45.36,116.83,236.39000000000001,1.0,620.48,1.6083333333334622,14.120833333333508,6.532738095238074,0.0,,,3.9083333333333337,4.4,-0.4784658578429161,-0.8781061569529293,0.784967708528424,-0.6195366789526148,-0.8403564510022883,-0.3606908747155564,0.0,5.0,0.31851851851851853,0.20833333333333331,19.865999999999996,6,0.8076256002066112,9.45,0.3434166666666667,8.920545454545454,0.0,22.925,1.4791666666666665,32,2,2017,123
2018-02-02,0.7000000000000001,1.0,8,0.14,-4.7,3.5,-1.2208333333333334,6.3,3.783333333333333,1.362530047474378,-2.820250856225759,80.45833333333333,140.75,553.0,70.625,1023.475,1019.8,-4.279166666666667,-5.9,,,,142.01397238086054,0.7346793887564589,-3.4625,3.4625000000000004,4.5,90.75,2.996843611030666,-1.6720618763217376,118.981721373225,0.0,1,8,3.71,6.58,30.659999999999997,116.48,219.51999999999998,2.0,621.1800000000001,-1.2208333333334167,5.5791666666666515,3.843452380952499,0.0,,,3.0583333333333336,1.2000000000000002,0.6154692895268682,-0.788160867874885,0.8747743276707973,-0.4845305724596793,1.09626896736376,-2.2691268347383082,0.0,6.0,0.10638297872340427,0.21461187214611874,4.41,6,0.2253969580078125,6.58,0.43980555555555556,2.4237500000000005,0.0,22.7,1.1791666666666665,33,2,2017,124
2018-02-03,0.7000000000000001,1.0,6,0.21,-6.7,1.9,-2.254166666666667,8.6,5.1,-4.224007470675663,-1.381561799258604,70.375,112.70833333333333,393.0,76.25,1016.4083333333333,1014.0,-6.954166666666667,-10.1,,,,250.45239479934827,0.8603750181287088,0.2833333333333333,5.75,8.6,67.66666666666667,-5.389985042274581,-0.2933855292398611,264.7568592871851,0.041666666666666664,1,6,1.4000000000000001,4.41,21.35,116.61999999999999,210.42000000000002,3.0,621.88,-7.06666666666672,-6.679166666666674,-2.5184523809524535,0.0,,,4.699999999999999,3.3999999999999995,-0.9423638164840797,-0.3345899540953968,-0.9958158747512155,-0.09138240308435484,-2.9726452574879976,-0.9722741162282427,0.0,7.0,0.15873015873015875,0.2065573770491803,6.0200000000000005,5,0.157819921875,4.41,0.3519444444444444,4.025,0.0,25.5,-1.0333333333333334,34,2,2017,125
2018-02-04,4.83,7.0,19,0.84,-7.9,-1.7,-4.508333333333334,10.7,6.645833333333333,-5.614378319099843,-1.1221663142924438,70.0,102.41666666666667,413.0,85.95833333333333,1011.9625,1010.0,-9.195833333333333,-10.9,,,,254.02560554969392,0.8621236124306726,-3.8473684210526313,6.673684210526315,10.7,68.15789473684211,-5.499584796580536,-0.9260129883004925,254.53395082519685,0.0,0,17,5.53,6.23,24.64,117.74000000000001,215.25,3.0,626.71,-4.445833333333326,-12.733333333333462,-6.337499999999977,0.0,,,4.687499999999999,3.0,-0.9613847825933269,-0.27520773934971665,-0.9637886371085678,-0.2666673264207848,-3.93006482336989,-0.7855164200047107,0.0,8.0,0.7752808988764045,0.2528409090909091,51.681,6,1.5325839193213295,6.23,0.3016111111111111,32.2338947368421,0.0,39.875,-2.254166666666667,35,2,2017,126
2018-02-05,3.43,4.9,20,0.35,-6.7,-2.5,-5.066666666666666,9.5,6.825,-6.104084789030196,-0.9976623195067424,63.416666666666664,150.08333333333334,600.0,83.45833333333333,1012.8333333333334,1009.7,-11.054166666666667,-12.1,,,,259.32059356867177,0.9127074235628347,-5.45,6.815,9.5,65.65,-6.07707080915063,-0.6236971091021978,262.4040410616316,0.125,0,10,8.26,8.96,19.11,111.23,214.34,3.0,630.14,0.870833333333394,-10.641666666666652,-5.789285714285711,0.0,,,5.987500000000001,5.3999999999999995,-0.9826794664024651,-0.1853134272279442,-0.9912248658069744,-0.13218647966394131,-3.8710071037099825,-0.6326841876205258,0.0,9.0,0.3828125,0.4688644688644689,32.585,1,1.2119779054687498,8.96,0.31144444444444447,23.37545,35.45717605855925,6.825,-0.5583333333333327,36,2,2017,127
2018-02-06,5.88,8.4,24,0.84,-8.6,-4.2,-6.133333333333333,11.2,5.995833333333334,-4.888033976904706,-2.979945522734764,64.16666666666667,128.58333333333334,532.0,95.54166666666667,1013.1625,1011.8,-11.845833333333333,-13.3,,,,234.89336646458563,0.9535329033535643,-6.133333333333333,5.995833333333334,11.2,64.16666666666667,-4.888033976904706,-2.979945522734764,234.89336646458563,0.0,0,24,9.31,14.14,21.42,99.89,219.52,3.0,636.02,0.3291666666666515,-3.2458333333332803,-4.7839285714285325,0.0,,,5.7125,4.700000000000001,-0.8180831395391688,-0.5750999711369641,-0.8180831395391688,-0.5750999711369641,-3.136488468513853,-1.912131710421474,0.0,10.0,0.4158415841584158,0.6601307189542484,65.856,0,2.193853520833333,14.14,0.2996111111111111,35.2555,13.8372095162871,0.0,-1.0666666666666664,37,2,2017,128
2018-02-07,2.45,3.5,18,0.49,-11.1,-3.7,-7.358333333333333,9.0,5.6499999999999995,-4.160995509830323,-0.8354323963948301,69.16666666666667,126.33333333333333,509.0,76.83333333333333,1016.1750000000001,1013.8,-12.1,-15.2,,,,249.780270550569,0.7459060954526623,-7.105555555555556,5.488888888888889,9.0,69.83333333333333,-3.985358363082021,-0.5328667177958681,250.63693216220867,0.0,0,10,8.330000000000002,11.759999999999998,21.0,80.29,214.27,3.0,638.47,3.0125000000000455,4.212500000000091,-0.7839285714285325,0.0,,,4.741666666666666,4.1,-0.938374065810093,-0.3456213428233785,-0.9434365690047043,-0.3315530730737266,-2.8780218942993065,-0.5778407408397576,0.0,11.0,0.20833333333333337,0.5599999999999999,22.05,1,0.9758303684413582,11.759999999999998,0.3147777777777778,13.447777777777778,133.26540196351093,5.6499999999999995,-1.2250000000000005,38,2,2017,129
2018-02-08,0.91,1.2,7,0.49,-9.7,-3.1,-6.758333333333333,6.9,4.875,-4.277637104685933,0.4330126892430551,67.04166666666667,146.29166666666666,567.0,58.708333333333336,1021.7791666666667,1019.3,-11.904166666666667,-14.7,,,,274.7501515638042,0.8848904498099066,-4.8999999999999995,4.685714285714285,6.9,63.0,-3.797928443435061,1.1234006807609116,280.76234338034044,0.125,0,6,3.3600000000000003,9.239999999999998,18.900000000000002,64.25999999999999,192.92000000000002,2.0,639.38,5.604166666666629,8.945833333333326,5.236904761904725,0.0,,,5.145833333333334,5.0,-0.996565283442766,0.08281084371409117,-0.9824101915642423,0.18673568354952638,-2.8677992089331945,0.2902989237466982,0.0,12.0,0.09848484848484851,0.48888888888888876,6.279000000000001,2,0.31912074999999995,9.239999999999998,0.321,4.263999999999999,206.45697265531328,9.75,0.6000000000000005,39,2,2017,130
2018-02-09,0.0,0.0,0,0.0,-11.8,-0.2,-6.933333333333334,6.6,4.2749999999999995,-4.1618203321806195,-0.37390454734988765,62.333333333333336,176.75,600.0,33.625,1025.2458333333334,1023.9,-13.0375,-16.8,,,,264.3853427217995,0.9765731678391133,0.0,0.0,0.0,0.0,0.0,0.0,,0.4583333333333333,0,0,0.91,3.3600000000000003,18.200000000000003,48.86,175.42000000000002,1.0,639.38,3.466666666666697,12.083333333333371,8.450595238095161,0.0,,,6.104166666666666,5.0,-0.9952024039776864,-0.09783749341144159,-0.9952024039776864,-0.09783749341144159,-2.5942013403925865,-0.23306716784809667,1.0,13.0,0.0,0.1846153846153846,0.0,3,0.0,1.6800000000000002,0.32561111111111113,0.0,-0.0,12.825,-0.1750000000000007,40,2,2017,131
2018-02-10,5.8100000000000005,8.2,12,1.12,-7.1,5.6,-0.15833333333333335,6.6,4.058333333333334,-2.09469692040888,-2.961106393050867,61.291666666666664,120.33333333333333,523.0,76.75,1017.4708333333333,1009.3,-7.279166666666666,-16.7,,,,220.1859473172992,0.8920763070522122,2.158333333333333,4.625,6.6,77.91666666666667,-1.6977625131374205,-3.9361725262371787,206.89494663371428,0.16666666666666666,0,10,5.8100000000000005,6.720000000000001,23.31,44.660000000000004,170.94,0.0,645.19,-7.775000000000091,1.2958333333332348,0.5238095238095184,0.0,,,7.120833333333333,9.6,-0.6452703354346181,-0.7639543142152516,-0.45235605290067427,-0.891837429918773,-1.2838746541339427,-1.8149114600740939,0.0,14.0,0.8645833333333334,0.28828828828828834,38.346000000000004,4,1.073153525390625,6.720000000000001,0.40897222222222224,26.871250000000003,0.0,16.233333333333334,6.775,41,2,2017,132
2018-02-11,12.32,17.7,24,0.91,-8.4,1.8,-2.625,6.9,4.533333333333333,-3.333568669847354,2.5094708464281026,78.41666666666667,81.25,316.0,96.375,1009.9250000000001,1006.6,-5.8875,-11.6,,,,305.4376435956217,0.9086995128059583,-2.625,4.533333333333333,6.9,78.41666666666667,-3.333568669847354,2.5094708464281026,305.4376435956217,0.0,0,24,18.130000000000003,18.130000000000003,30.8,55.44,181.16,0.0,657.51,-7.545833333333235,-11.854166666666629,-6.730952380952431,0.0,,,3.2625,3.1999999999999993,-0.814747029384207,0.5798165900606935,-0.814747029384207,0.5798165900606935,-2.6140734319386336,1.9678433887407039,0.0,0.0,0.6795366795366795,0.5886363636363637,85.00800000000001,0,3.668151666666667,18.130000000000003,0.35555555555555557,55.85066666666667,0.0,0.0,-2.466666666666667,42,2,2017,133
2018-02-12,14.14,20.2,24,0.98,-9.6,-5.6,-7.120833333333334,6.4,3.2416666666666667,-2.6848262347315894,0.19522419955420003,74.70833333333333,93.41666666666667,385.0,97.91666666666667,1012.7583333333333,1011.6,-10.879166666666668,-12.8,,,,260.25738521235735,0.7387048674720972,-7.120833333333334,3.2416666666666667,6.4,74.70833333333333,-2.6848262347315894,0.19522419955420003,260.25738521235735,0.0,0,24,26.46,32.27,41.510000000000005,60.620000000000005,187.04,0.0,671.65,2.8333333333332575,-12.487500000000068,-3.8869047619047024,0.0,,,3.7583333333333346,3.200000000000001,-0.985577879390523,-0.16922246794110893,-0.985577879390523,-0.16922246794110893,-2.0057889328640583,0.14584874575028361,0.0,0.0,0.43817787418655096,0.7774030354131535,90.49600000000001,0,5.806973804904514,32.27,0.31130555555555556,45.83716666666667,73.02727358469727,0.0,-4.495833333333334,43,2,2017,134
2018-02-13,12.67,18.1,24,1.12,-6.6,-3.7,-5.191666666666666,8.9,4.291666666666667,-3.611039845129209,0.3633092961559208,71.83333333333333,84.70833333333333,319.0,94.45833333333333,1015.5291666666667,1012.3,-9.508333333333335,-10.5,,,,275.1965811544123,0.8464110987647663,-5.191666666666666,4.291666666666667,8.9,71.83333333333333,-3.611039845129209,0.3633092961559208,275.1965811544123,0.0,0,24,26.810000000000002,39.129999999999995,48.3,69.72,198.87,0.0,684.32,2.7708333333333712,-1.941666666666606,-1.4541666666666515,0.0,,,4.316666666666668,3.9000000000000004,-0.9958898048992553,0.0905731555027388,-0.9958898048992553,0.0905731555027388,-2.5939302887511486,0.26097717773866974,0.0,0.0,0.32379248658318427,0.8101449275362318,100.0,1,4.553818790147569,39.129999999999995,0.29591666666666666,54.37541666666667,66.03689116780131,4.291666666666667,1.9291666666666671,44,2,2017,135
2018-02-14,0.7000000000000001,0.9,7,0.21,-6.1,1.1,-3.2458333333333336,6.5,4.4624999999999995,-0.9449221769116106,-2.816317009069691,72.45833333333333,186.58333333333334,600.0,51.958333333333336,1018.2583333333333,1012.7,-7.5874999999999995,-10.5,,,,202.65085466623339,0.5635140831760751,-4.4,4.1,6.5,77.28571428571429,-1.0176448488618557,-1.6981775548555837,232.75292597553585,0.4166666666666667,1,4,13.37,27.509999999999998,46.550000000000004,67.55,197.82,1.0,685.02,2.7291666666666288,8.333333333333258,0.9773809523808268,0.0,,,4.341666666666666,4.4,-0.3851145953635677,-0.9228687601376241,-0.7960329125936978,-0.6052533370974458,-0.6846748606872045,-2.04065636615508,0.0,1.0,0.025445292620865145,0.5909774436090225,4.550000000000001,2,0.239085,27.509999999999998,0.3903611111111111,2.87,16.941666640114533,8.924999999999999,1.9458333333333329,45,2,2017,136
2018-02-15,10.22,14.5,22,2.66,-7.2,2.3,-2.6333333333333333,8.7,6.866666666666667,-3.429515783009825,4.58188235692057,79.58333333333333,72.54166666666667,336.0,98.25,1017.1666666666666,1010.9,-5.691666666666666,-10.1,,,,325.2989864984527,0.7823543226618022,-2.6863636363636365,6.804545454545454,8.7,79.95454545454545,-3.217760314684118,4.558606443474686,327.08548016649894,0.0,1,12,10.92,23.59,55.86,74.76,206.99,2.0,695.24,-1.091666666666697,4.408333333333303,0.5446428571428896,0.0,,,3.058333333333333,2.8999999999999995,-0.5692940661975503,0.8221339709513645,-0.5433872080504457,0.8394821869028203,-2.729322977311986,3.646414709049287,0.0,0.0,0.4332344213649852,0.4223057644110276,88.914,3,2.96566563830062,23.59,0.36474999999999996,69.54245454545455,0.0,20.6,0.6125000000000003,46,2,2017,137
2018-02-16,0.35000000000000003,0.5,5,0.07,-8.4,0.6,-4.054166666666666,8.8,6.2625,-5.727463336267019,2.1116599532996614,69.20833333333333,147.70833333333334,600.0,94.70833333333333,1016.0833333333334,1010.9,-9.125,-11.2,,,,287.24156589850105,0.976635351892676,-6.9799999999999995,8.360000000000001,8.8,79.0,-6.775494194271164,4.886354555442064,305.79937099081855,0.0,1,5,10.57,11.27,56.21,74.41,196.7,3.0,695.59,-1.0833333333332575,0.5541666666666742,0.7702380952380281,0.0,,,5.070833333333334,2.799999999999999,-0.9550635858722136,0.29640099011458915,-0.8110702407703211,0.5849487708652558,-3.9638819173081323,1.4614446593461405,0.0,1.0,0.031055900621118016,0.20049813200498132,3.0800000000000005,4,0.1330489125,11.27,0.34249999999999997,2.9260000000000006,0.0,25.05,-1.420833333333333,47,2,2017,138
2018-02-17,21.56,30.8,20,2.03,-11.1,-0.8,-6.175,11.6,7.704166666666667,-4.350371930305363,5.202475070602028,80.79166666666667,73.0,312.0,84.70833333333333,1010.8375,1006.4,-9.008333333333333,-13.2,,,,313.09104221013695,0.8637701711638542,-5.945,7.93,11.6,80.15,-3.9059122745498813,6.225175859599832,321.7078038547327,0.125,0,20,21.909999999999997,32.129999999999995,71.96,95.27,213.5,3.0,717.15,-5.245833333333394,-7.4208333333333485,-3.527976190476238,0.0,,,2.833333333333333,2.0999999999999996,-0.7302690927181895,0.6831596096232215,-0.6196721371824747,0.7848607789918567,-3.5147379886925414,4.203166317457222,0.0,0.0,0.6710239651416122,0.44649805447470814,100.0,0,7.742439560625,32.129999999999995,0.31797222222222227,170.9708,0.0,0.0,-2.1208333333333336,48,2,2017,139
2018-02-18,6.3,9.0,22,0.7,-12.0,-6.3,-9.175,12.5,9.299999999999999,-6.29689374369523,6.534566804281308,77.04166666666667,119.83333333333333,453.0,95.54166666666667,1024.1625000000001,1021.1,-12.475,-14.7,,,,316.5185645314572,0.9750698705302524,-9.186363636363636,9.259090909090908,12.5,77.0909090909091,-6.034544538679543,6.833212574560647,318.92247371633687,0.0,0,22,27.86,28.21,65.94,96.74,218.75,3.0,723.45,13.32500000000016,6.995833333333508,7.763095238095389,0.0,,,3.299999999999999,2.6999999999999993,-0.6881195094204539,0.7255973682111546,-0.6570796172671121,0.7538211834195863,-4.851231888371867,5.034339175465059,0.0,1.0,0.22332506203473945,0.4278131634819533,78.75,1,2.6721072113894633,28.21,0.33669444444444446,58.332272727272716,964.9236717348705,9.299999999999999,-3.000000000000001,49,2,2017,140
2018-02-19,0.28,0.4,4,0.07,-10.2,-0.7,-5.991666666666667,9.9,7.420833333333333,-6.852119100208942,2.6996516369049677,73.25,170.16666666666666,600.0,84.20833333333333,1022.3208333333333,1018.7,-10.083333333333334,-13.6,,,,292.0887286935095,0.9918512682520317,-8.975,9.3,9.9,77.75,-8.733600560328046,3.1549847281930603,289.99923764378616,0.08333333333333333,0,3,6.58,28.139999999999997,52.080000000000005,93.58999999999999,218.47,3.0,723.73,-1.8416666666668107,6.2374999999999545,4.555357142857133,0.0,,,4.091666666666667,3.4000000000000004,-0.926602624310592,0.3760419878427458,-0.9396971714948398,0.3420076400968224,-5.01917724090305,1.977494824032889,0.0,2.0,0.009950248756218907,0.5403225806451611,2.7720000000000002,2,0.11738409375,28.139999999999997,0.3576111111111111,2.6040000000000005,0.0,14.841666666666667,3.1833333333333336,50,2,2017,141
2018-02-20,2.73,3.9000000000000004,16,0.35,-7.5,-1.5,-4.604166666666667,9.0,5.704166666666667,-4.708962374219204,2.4731600852094204,79.08333333333333,123.70833333333333,501.0,93.79166666666667,1018.8958333333334,1016.5,-7.7124999999999995,-9.6,,,,298.4260622459674,0.9002602989021848,-4.3375,5.05,9.0,79.3125,-4.023290828853498,2.658765610609171,299.3099464515685,0.0,0,9,3.01,9.309999999999999,42.14,90.44,217.48999999999998,3.0,726.46,-3.4249999999999545,8.058333333333394,0.6494047619048615,0.0,,,3.1083333333333325,2.0999999999999996,-0.8794321337342159,0.47602428735904245,-0.8719843033162934,0.48953383414223617,-3.72400441094502,1.9558574340531165,0.0,3.0,0.29323308270676696,0.2209302325581395,24.57,3,0.9167643925781249,9.309999999999999,0.3460833333333333,13.7865,0.0,17.1125,1.3875000000000002,51,2,2017,142
2018-02-21,2.0300000000000002,2.9,14,0.28,-7.0,-0.4,-4.058333333333334,8.4,6.0125,-4.9150828265306945,3.4108369330402684,69.20833333333333,165.54166666666666,600.0,95.375,1018.4416666666666,1015.5,-8.966666666666667,-10.3,,,,304.04930059651497,0.9941244820182024,-5.571428571428571,6.95,8.4,74.57142857142857,-5.602391742137969,4.066984028582612,306.2167169112866,0.0,0,8,4.76,5.04,43.47,90.02,209.57999999999998,2.0,728.49,-0.4541666666667652,-5.72083333333353,0.1690476190476602,0.0,,,4.908333333333333,3.3000000000000007,-0.8285561038522181,0.5599060481627541,-0.8067879596523314,0.5908410853690086,-3.4016469061947845,2.3605833940749523,0.0,4.0,0.40277777777777785,0.11594202898550725,17.052000000000003,4,0.72159703125,5.04,0.3410555555555555,14.108500000000003,0.0,24.05,0.5458333333333334,52,2,2017,143
2018-02-22,0.14,0.2,2,0.07,-9.9,-1.4,-6.233333333333333,9.2,6.1625000000000005,-5.714935706235504,1.3973491659652737,67.16666666666667,203.25,600.0,56.166666666666664,1021.2458333333334,1019.9,-11.604166666666666,-14.1,,,,279.79615025411687,0.9521032845298832,-7.5,9.1,9.2,76.5,-7.878758265356996,4.550818435694767,300.0,0.3333333333333333,0,2,2.1700000000000004,4.8999999999999995,33.39,89.25,192.5,1.0,728.63,2.804166666666788,-1.0749999999999318,2.3904761904761926,0.0,,,5.370833333333333,4.199999999999999,-0.985419332761501,0.17014328849495744,-0.8660254037844386,0.5000000000000001,-3.8385318160215136,0.9385528564733423,0.0,5.0,0.028571428571428577,0.14675052410901465,1.288,5,0.054282812500000006,4.8999999999999995,0.3593888888888889,1.274,218.72417789415138,30.812500000000004,-2.175,53,2,2017,144
2018-02-23,0.77,1.2,4,0.35,-8.9,-1.4,-4.966666666666667,7.9,5.641666666666667,-5.390503542663553,-0.12337273174032093,70.83333333333333,193.20833333333334,600.0,62.833333333333336,1021.9958333333334,1019.9,-9.504166666666666,-13.3,,,,271.0381986049578,0.9449503152684988,-3.525,4.525,7.3,77.5,-3.9511639555854883,1.8984465738844332,300.08524681171053,0.125,0,4,0.91,2.9400000000000004,33.809999999999995,90.02,171.22,0.0,729.4,0.75,3.1000000000000227,2.295833333333462,0.0,,,4.5375,4.4,-0.9998358375826426,0.018118992395151367,-0.8652805267453559,0.5012879512169421,-3.8182733427200164,-0.08738901831606066,0.0,6.0,0.26190476190476186,0.08695652173913046,6.083,6,0.24562984960937503,2.9400000000000004,0.3649166666666666,3.4842500000000003,26.374019403533136,33.85,1.2666666666666666,54,2,2017,145
2018-02-24,7.84,11.3,16,1.05,-9.4,0.9,-3.5416666666666665,8.6,5.1875,-3.3287547786341705,1.8686724505218313,77.95833333333333,66.79166666666667,263.0,84.75,1024.8125,1022.1,-6.8625,-13.2,,,,287.3460594632711,0.655783235607013,-1.54375,4.66875,6.5,78.875,-2.1647779395519438,2.826086668770269,305.0529832044645,0.08333333333333333,1,14,8.61,8.75,20.09,92.05,162.12,1.0,737.24,2.816666666666606,6.370833333333394,3.116071428571445,0.0,,,3.3208333333333333,3.799999999999999,-0.954521434552083,0.2981422998848595,-0.8186212900030596,0.5743336865914506,-2.595041746176889,1.4567858978859776,0.0,7.0,0.896,0.4355400696864112,67.42399999999999,0,2.130532537109375,8.75,0.3243888888888889,36.603,57.31610391286907,0.0,1.4250000000000003,55,2,2017,146
2018-02-25,0.21000000000000002,0.30000000000000004,3,0.07,-7.0,2.8,-1.3,5.6,3.7916666666666665,-3.0173162222530014,1.3245948843117967,62.916666666666664,161.0,600.0,83.16666666666667,1025.0916666666667,1021.5,-7.579166666666667,-11.7,,,,290.69563366886644,0.8500155143014946,-0.06666666666666667,3.1666666666666665,3.7,60.333333333333336,-2.7639681786589647,-0.23991865819604666,268.15854106625574,0.0,1,3,8.05,8.82,14.0,79.94,146.93,2.0,737.45,0.279166666666697,3.845833333333303,3.2625000000000455,0.0,,,6.279166666666667,4.699999999999999,-0.9354709653195469,0.3534035555057633,-0.9994835700371003,-0.0321339886396438,-1.89839478983418,0.8333909480461721,0.0,8.0,0.02380952380952381,0.63,1.176,1,0.05075802083333335,8.82,0.37927777777777777,0.665,5.4012544824633135,3.7916666666666665,2.2416666666666663,56,2,2017,147
2018-02-26,0.0,0.0,0,0.0,-4.5,2.4,-0.19166666666666668,7.1,3.4458333333333333,-1.5919962737412334,2.8531426249520826,63.333333333333336,214.08333333333334,600.0,37.875,1022.3916666666668,1020.3,-6.570833333333333,-8.5,,,,326.3360727541958,0.925215329354549,0.0,0.0,0.0,0.0,0.0,0.0,,0.4583333333333333,1,0,0.21000000000000002,8.05,13.72,65.8,136.92000000000002,3.0,737.45,-2.699999999999932,0.39583333333337123,0.5523809523810996,0.0,,,6.379166666666666,4.0,-0.5543205289103788,0.8323032807988432,-0.5543205289103788,0.8323032807988432,-1.0082643067027812,1.806990329136319,1.0,9.0,0.0,0.5867346938775511,0.0,2,0.0,4.025,0.4071666666666667,0.0,-0.0,6.891666666666667,1.1083333333333334,57,2,2017,148
2018-02-27,0.14,0.2,1,0.14,-5.2,2.9,-0.9791666666666666,6.0,3.216666666666667,-2.996901907638506,0.32714666016707716,67.08333333333333,200.54166666666666,600.0,49.916666666666664,1023.1791666666667,1021.0,-6.4750000000000005,-11.9,,,,276.50821072386907,0.9411207231141439,-1.8,5.5,5.5,84.0,-5.3989495089621515,1.0494494745709981,281.0,0.2916666666666667,1,1,0.14,0.35000000000000003,11.13,53.27,135.51999999999998,4.0,737.59,0.787499999999909,-1.6333333333333258,0.7279761904761699,0.0,,,5.495833333333334,6.7,-0.9935556229825261,0.11334559559067303,-0.9816271834476639,0.1908089953765451,-2.0104216963741646,0.21946088452874757,0.0,10.0,0.4,0.031446540880503145,0.8400000000000001,3,0.03846062500000001,0.35000000000000003,0.42175,0.77,22.10869823919746,9.65,-0.7875,58,2,2017,149
2018-02-28,2.17,3.2,10,0.56,-1.2,6.2,2.225,19.0,5.995833333333334,0.12727359496482404,-2.6542621018178916,71.66666666666667,148.83333333333334,580.0,96.91666666666667,1020.3666666666667,1011.5,-2.683333333333333,-9.2,,,,199.54766907702316,0.19212081904361902,1.33,8.98,19.0,81.5,0.6055325788137983,-6.052917434486476,203.9277062796615,0.0,0,6,2.31,2.31,11.27,54.74,128.73,4.0,739.76,-2.8125,-4.725000000000023,-2.359523809523921,0.0,,,4.908333333333333,7.999999999999999,-0.33459100469231284,-0.9423634434648814,-0.4055836413428436,-0.9140579357322377,0.09121274305812391,-1.9022211729694891,0.0,11.0,0.9393939393939393,0.2049689440993789,41.23,4,0.417550993125,2.31,0.47588888888888886,19.4866,0.0,23.983333333333334,3.2041666666666666,59,2,2017,150
2018-03-01,40.53,58.0,24,4.13,-2.6,6.2,1.4791666666666667,19.3,7.729166666666667,2.9349192264662154,-3.6236564179182404,93.29166666666667,73.95833333333333,353.0,96.125,996.4208333333332,988.8,0.4791666666666667,-3.8,,,,129.61237916199755,0.48148634412973773,1.4791666666666667,7.729166666666667,19.3,93.29166666666667,2.9349192264662154,-3.6236564179182404,129.61237916199755,0.0,0,24,42.7,42.84,51.66,85.05000000000001,165.69,4.0,780.29,-23.94583333333344,-25.97083333333353,-22.75892857142867,0.0,,,1.0,1.1999999999999997,0.7703755047914966,-0.6375904497537952,0.7703755047914966,-0.6375904497537952,2.738035061690774,-3.380569466549559,0.0,0.0,0.946078431372549,0.8292682926829269,100.0,0,7.799589725748697,42.84,0.49805555555555553,313.263125,0.0,0.0,-0.7458333333333333,60,3,2017,151
2018-03-02,8.61,12.2,14,1.33,-6.3,-1.6,-3.7875,11.5,7.558333333333334,-4.833172417011222,4.888700242531592,76.70833333333333,143.125,509.0,72.33333333333333,1012.1999999999999,1003.2,-7.383333333333333,-13.4,,,,311.6628362496531,0.8845324447029822,-3.7785714285714285,8.821428571428571,11.5,82.85714285714286,-4.398742738388379,7.226098200788825,331.8718478939802,0.16666666666666666,0,14,49.14,51.31,59.5,93.31,171.43,4.0,788.9,15.779166666666697,-10.979166666666742,-5.580357142857338,0.0,,,3.5958333333333328,7.1000000000000005,-0.7470695134279461,0.6647459229709738,-0.47144525468325804,0.8818953292974387,-3.7074460082156913,3.7500404777086085,0.0,1.0,0.16780354706684855,0.8623529411764707,99.01499999999999,1,2.638800954241071,51.31,0.3511111111111111,75.95249999999999,437.2735171947666,7.558333333333334,-5.266666666666667,61,3,2017,152
2018-03-03,0.0,0.0,0,0.0,-5.6,9.2,1.8541666666666667,6.6,4.3125,-3.987704612135109,-0.9729347591284995,44.0,223.79166666666666,600.0,34.958333333333336,1016.7833333333333,1014.9,-9.466666666666667,-14.7,,,,256.75850605496476,0.9521812798685437,0.0,0.0,0.0,0.0,0.0,0.0,,0.625,0,0,8.61,49.14,51.66,71.75,168.42000000000002,3.0,788.9,4.583333333333371,-3.5833333333333712,0.14999999999997726,0.0,,,11.320833333333333,9.1,-0.9734132745178623,-0.2290558818114321,-0.9734132745178623,-0.2290558818114321,-1.754590029339448,-0.4280912940165398,1.0,2.0,0.0,0.951219512195122,0.0,2,0.0,24.57,0.5003055555555554,0.0,-0.0,8.625,5.641666666666667,62,3,2017,153
2018-03-04,0.0,0.0,0,0.0,3.1,14.4,8.029166666666667,6.9,3.0083333333333333,-1.586743609353805,-1.4065749528444205,52.416666666666664,223.5,600.0,0.6666666666666666,1018.25,1016.7,-1.425,-8.9,,,,235.8810463232594,0.6333244630280229,0.0,0.0,0.0,0.0,0.0,0.0,,1.0,0,0,0.0,8.61,51.449999999999996,65.45000000000002,167.72,2.0,788.9,1.466666666666697,21.829166666666765,2.5940476190477284,0.0,,,9.454166666666667,12.0,-0.8278748276598973,-0.5609128896068404,-0.8278748276598973,-0.5609128896068404,-0.8317181085696194,-0.7372797044492837,2.0,3.0,0.0,0.1673469387755102,0.0,3,0.0,2.8699999999999997,0.6437222222222222,0.0,-0.0,9.025,6.175,63,3,2017,154
2018-03-05,2.1,44.4,5,0.63,2.0,12.3,6.541666666666667,15.8,7.95,0.10199245123015523,0.6222209697325564,83.41666666666667,40.958333333333336,231.0,97.45833333333333,1011.35,1002.2,3.8000000000000003,-1.8,,,,152.23288478800885,0.20732958438809687,2.66,12.940000000000001,15.1,85.6,-4.793806985836852,11.968362131179735,338.4023312926084,0.0,0,5,2.1,2.1,53.55,67.27000000000001,169.12,1.0,791.0,-6.899999999999977,-0.849999999999909,-2.7285714285713993,0.0,,,2.7416666666666667,3.8,0.46587886022374725,-0.8848485111004155,-0.3680867209538512,0.9297914636398001,0.08507870306782114,0.5190359922519074,0.0,4.0,1.0,0.03921568627450981,33.18,4,0.3230196375000002,2.1,0.5786944444444445,27.174000000000003,0.0,31.8,-1.4874999999999998,64,3,2017,155
2018-03-06,0.14,0.2,2,0.07,-2.8,4.1,0.3833333333333333,12.3,9.0875,-2.0834123538857248,8.788870946196186,76.79166666666667,232.25,600.0,59.166666666666664,1025.3958333333333,1018.3,-3.3874999999999997,-5.0,,,,347.3569069134222,0.9928254295776393,0.39999999999999997,11.55,11.7,83.5,-2.203843896599091,11.337793968820518,349.0,0.25,1,2,2.24,2.24,53.55,64.68,164.43,1.0,791.14,14.045833333333235,8.612499999999955,11.00059523809523,0.0,,,3.770833333333333,2.2,-0.21887718247887128,0.975752416850766,-0.19080899537654467,0.981627183447664,-1.5998870700880794,6.749120480766488,0.0,5.0,0.0625,0.04183006535947713,1.7220000000000002,5,0.028749000000000004,2.24,0.5019166666666667,1.6170000000000002,86.67350738008064,45.4375,-6.158333333333333,65,3,2017,156
2018-03-07,0.0,0.0,0,0.0,-5.0,5.4,-0.13333333333333333,6.1,4.204166666666667,2.208990634487282,-0.7043351288146664,75.875,203.5,600.0,73.125,1032.2625,1029.0,-4.05,-7.1,,,,100.37467198193984,0.5369910381304535,0.0,0.0,0.0,0.0,0.0,0.0,,0.08333333333333333,1,0,0.14,2.24,51.379999999999995,62.650000000000006,161.0,2.0,791.14,6.866666666666788,14.012500000000045,16.167857142857315,0.0,,,3.9166666666666665,2.0999999999999996,0.9836511745160641,-0.18008433266991197,0.9836511745160641,-0.18008433266991197,1.676071643917225,-0.5344142789881281,1.0,6.0,0.0,0.04359673024523161,0.0,6,0.0,1.12,0.5085833333333333,0.0,-0.0,25.225,-0.5166666666666666,66,3,2017,157
2018-03-08,6.93,24.1,12,1.12,-2.2,5.2,1.325,13.1,7.1499999999999995,-0.6690044574572455,-6.875557358113774,94.25,75.70833333333333,326.0,97.04166666666667,1023.1875,1009.9,0.4916666666666667,-4.2,,,,189.01250574136927,0.966480867262267,2.183333333333333,9.25,13.1,96.0,-0.4571746659519951,-8.890723987850015,185.87103818531781,0.0,0,10,6.93,7.07,17.779999999999994,69.44,162.04999999999998,2.0,798.07,-9.075000000000045,11.837499999999977,3.2690476190475692,0.0,,,0.8333333333333333,2.0,-0.15665004045341843,-0.9876541726869493,-0.102289722267722,-0.9947546495083058,-0.6305367011534538,-6.480212810022232,0.0,7.0,0.9801980198019801,0.3976377952755907,90.78299999999999,6,1.1976537890625008,7.07,0.4801944444444444,64.10249999999999,0.0,42.9,1.4583333333333333,67,3,2017,158
2018-03-09,3.5,15.2,16,0.56,-1.1,7.0,3.033333333333333,12.9,9.591666666666667,-4.945693586172756,7.0018026523555905,87.66666666666667,82.41666666666667,333.0,99.0,1011.7624999999999,1003.7,1.1833333333333333,-3.5,,,,313.9072413061461,0.8009846131325922,1.4875,11.775,12.9,83.8125,-5.324030397857932,10.43504107287167,332.7137882487349,0.0,0,16,10.43,10.43,12.669999999999993,72.17,163.1,2.0,801.57,-11.425000000000068,-13.633333333333326,-8.093452380952385,0.0,,,1.8499999999999999,2.4,-0.7204634705892998,0.6934928893265029,-0.4584356951677464,0.8887275810933658,-4.335724710544783,6.138246991898401,0.0,8.0,0.33557046979865773,0.8232044198895032,45.15,1,0.6352120605468748,10.43,0.5027222222222222,41.2125,0.0,9.591666666666667,1.7083333333333333,68,3,2017,159
2018-03-10,0.9800000000000001,1.4000000000000001,5,0.28,-2.3,3.6,-0.1125,9.4,5.491666666666667,-1.7533442711225289,4.968622338631851,75.5,230.95833333333334,600.0,40.333333333333336,1020.8291666666668,1018.7,-4.033333333333333,-5.6,,,,336.78331212942345,0.8980898627635552,-1.64,9.02,9.4,80.8,-2.5234145525076976,8.639757399931307,343.8023350023895,0.5,1,5,4.48,11.41,13.649999999999993,65.31,163.17000000000002,3.0,802.5500000000001,9.066666666666833,-11.43333333333328,0.3952380952381418,0.0,,,3.9208333333333334,3.3,-0.3942095986620101,0.9190205614254433,-0.2789519704982968,0.9603050547378772,-1.3237749246975092,3.751309865667048,0.0,9.0,0.08588957055214724,0.8358974358974364,9.212000000000002,2,0.253025955,11.41,0.48563888888888895,8.8396,52.62160480162815,10.983333333333334,-3.145833333333333,69,3,2017,160
2018-03-11,1.47,2.1,9,0.35,-1.5,6.2,1.4749999999999999,6.5,3.591666666666667,-2.390016442895004,0.1352501058772961,66.29166666666667,180.25,600.0,40.833333333333336,1020.5458333333332,1018.0,-4.533333333333333,-9.0,,,,267.44024988836065,0.6077110290736893,1.2111111111111112,4.188888888888889,6.5,78.88888888888889,-2.8040973769704567,2.5591738124569865,309.8003137313252,0.4583333333333333,1,8,2.45,5.950000000000001,15.119999999999994,66.57000000000001,164.64000000000001,4.0,804.02,-0.2833333333335304,-2.641666666666765,-0.21607142857146755,0.0,,,6.008333333333333,7.5,-0.999002190478896,-0.044661207085875926,-0.768280018568792,0.6401139063228798,-1.58438173360248,0.08965954935449089,0.0,10.0,0.24705882352941172,0.39351851851851877,9.555,3,0.3060794641203703,5.950000000000001,0.47891666666666666,6.157666666666667,0.0,10.775,1.5875,70,3,2017,161
2018-03-12,0.07,0.1,1,0.07,-4.1,6.0,1.3375000000000001,6.4,3.9875000000000003,-3.1527803422802125,2.1357999314742626,57.833333333333336,245.375,600.0,23.041666666666668,1023.6208333333334,1021.9,-6.608333333333333,-9.2,,,,303.69055084167843,0.8730902109954191,-1.6,3.2,3.2,81.0,-2.8512208774027776,1.4527695991665492,297.0,0.6666666666666666,0,1,1.5400000000000003,2.520000000000001,13.089999999999993,66.64000000000001,158.9,4.0,804.09,3.075000000000159,11.858333333333462,1.1059523809525444,0.0,,,7.945833333333334,5.1,-0.8320456151623217,0.5547072149243722,-0.8910065241883679,0.45399049973954664,-1.823357964618723,1.2352042937026153,0.0,11.0,0.02777777777777777,0.1925133689839574,0.44800000000000006,4,0.019488000000000005,2.520000000000001,0.48969444444444443,0.22400000000000003,35.94676721185738,15.950000000000001,-0.13749999999999973,71,3,2017,162
2018-03-13,0.0,0.0,0,0.0,4.3,12.6,7.541666666666667,5.8,2.9333333333333336,-2.248742419629106,-1.1067354437082715,43.416666666666664,244.20833333333334,600.0,0.7916666666666666,1021.0666666666666,1018.2,-4.466666666666667,-9.9,,,,249.34529571026758,0.8398262148973509,0.0,0.0,0.0,0.0,0.0,0.0,,1.0,0,0,0.07,1.5400000000000011,12.949999999999992,66.50000000000001,146.58,3.0,804.09,-2.554166666666788,0.23749999999984084,-0.8297619047618809,0.0,,,12.008333333333333,14.2,-0.9357231813004292,-0.3527352094376234,-0.9357231813004292,-0.3527352094376234,-0.9763290005223035,-0.48050763847667455,1.0,12.0,0.0,0.11891891891891908,0.0,5,0.0,0.7700000000000006,0.5875277777777778,0.0,-0.0,14.666666666666668,6.204166666666667,72,3,2017,163
2018-03-14,0.0,0.0,0,0.0,4.4,10.6,8.5,6.2,3.4000000000000004,-3.0436266667195397,-0.780502538607021,57.541666666666664,243.75,600.0,1.5833333333333333,1021.1333333333333,1019.9,0.15,-5.6,,,,252.55640646555526,0.9099650357380914,0.0,0.0,0.0,0.0,0.0,0.0,,1.0,0,0,0.0,0.0700000000000009,12.949999999999992,64.33000000000001,132.44,2.0,804.09,0.06666666666671972,0.587500000000091,0.8267857142856201,0.0,,,8.35,10.0,-0.9540125269376359,-0.299766740059778,-0.9540125269376359,-0.299766740059778,-1.751353511141535,-0.4491141690901233,2.0,13.0,0.0,0.005405405405405478,0.0,6,0.0,0.023333333333333633,0.5898611111111111,0.0,-0.0,20.400000000000002,0.958333333333333,73,3,2017,164
2018-03-15,0.0,0.5,0,0.0,3.0,13.1,8.370833333333334,5.8,4.229166666666667,-2.4631647461953348,-2.5313098305100756,64.08333333333333,236.45833333333334,600.0,58.375,1017.4583333333334,1013.1,1.8458333333333332,-2.2,,,,229.36638855922055,0.8289624892429889,0.0,0.0,0.0,0.0,0.0,0.0,,0.25,0,0,0.0,0.0,6.019999999999993,23.8,119.77,2.0,804.09,-3.6749999999999545,-6.162500000000023,-2.0297619047619264,0.0,,,6.525,5.2,-0.7588894128313458,-0.6512195168240086,-0.7588894128313458,-0.6512195168240086,-1.57847807485351,-1.6221477163852065,3.0,14.0,,0.0,0.0,6,0.0,0.0,0.6623611111111111,0.0,-0.0,25.375,-0.12916666666666643,74,3,2017,165
2018-03-16,2.1700000000000004,20.1,6,0.56,-1.9,8.9,3.920833333333333,13.9,7.679166666666667,-2.356880594344999,6.330228540614862,80.5,91.58333333333333,382.0,96.41666666666667,1017.0,1011.2,0.8333333333333334,-5.4,,,,332.8242479006146,0.7157188647532693,4.283333333333333,10.5,11.4,79.16666666666667,-2.8178218954524197,10.065926222031317,344.33243005599024,0.0,0,6,2.1700000000000004,2.1700000000000013,4.689999999999993,17.36,121.24000000000001,2.0,806.26,-0.45833333333337123,-4.066666666666606,-3.2363095238096093,0.0,,,3.0874999999999995,3.5000000000000004,-0.45672148005510704,0.8896097400862203,-0.2700555082967382,0.9628447551077953,-1.897288878447724,5.095833975194965,0.0,15.0,0.9999999999999996,0.46268656716418005,30.163000000000007,0,0.2694247135416668,2.1700000000000013,0.5271666666666667,22.785000000000004,0.0,0.0,-4.450000000000001,75,3,2017,166
2018-03-17,0.0,0.0,0,0.0,-5.1,6.7,1.6416666666666666,6.4,3.4916666666666667,-0.47640840225193687,2.036375771782036,63.291666666666664,260.1666666666667,600.0,8.666666666666666,1026.1625000000001,1023.9,-4.966666666666667,-7.7,,,,356.1709448596111,0.5670948968140508,0.0,0.0,0.0,0.0,0.0,0.0,,0.7916666666666666,0,0,2.1700000000000004,2.1700000000000013,3.7099999999999933,17.36,111.02000000000001,1.0,806.26,9.162500000000136,5.029166666666811,5.164285714285938,0.0,,,6.608333333333333,2.6000000000000005,-0.06677988482856524,0.9977677319808872,-0.06677988482856524,0.9977677319808872,-0.30152681792528835,1.288856165557047,1.0,16.0,0.0,0.5849056603773599,0.0,1,0.0,1.0850000000000006,0.5333055555555556,0.0,-0.0,3.4916666666666667,-2.2791666666666663,76,3,2017,167
2018-03-18,0.0,0.0,0,0.0,3.4,11.5,6.604166666666667,6.2,3.0583333333333336,-1.3895623034510451,-1.6397879577245702,51.875,231.45833333333334,600.0,65.70833333333333,1023.2666666666668,1020.3,-2.9875000000000003,-6.7,,,,208.6442851698083,0.689707238816158,0.0,0.0,0.0,0.0,0.0,0.0,,0.25,0,0,0.0,2.1700000000000013,2.239999999999993,17.36,110.67,0.0,806.26,-2.8958333333333712,5.808333333333394,1.8797619047619492,0.0,,,9.591666666666667,10.1,-0.4793703272632564,-0.8776127217283934,-0.4793703272632564,-0.8776127217283934,-0.7208354449152297,-0.8506400030696208,2.0,17.0,0.0,0.9687500000000036,0.0,2,0.0,0.7233333333333337,0.5827777777777778,0.0,-0.0,6.116666666666667,4.9625,77,3,2017,168
2018-03-19,2.87,16.5,10,0.7,5.0,10.2,6.6125,5.0,2.4541666666666666,0.028665092271355743,1.4409680546620791,81.875,77.20833333333333,429.0,98.0,1018.2333333333332,1015.6,3.533333333333333,-0.7,,,,2.7514607144511047,0.5389988793854354,5.64,2.67,5.0,87.4,0.17569587546969406,1.407442474800927,3.946397344909572,0.0,0,6,2.87,2.870000000000001,5.039999999999994,18.130000000000003,91.98,0.0,809.13,-5.03333333333353,1.2333333333332348,-2.383928571428669,0.0,,,3.0791666666666666,5.7,0.04800359342279905,0.9988471629926665,0.0688231794695734,0.9976288738642737,0.023469544297172514,1.1797925947545773,0.0,18.0,0.9999999999999997,0.5694444444444453,14.350000000000001,0,0.30238929875,2.870000000000001,0.5510555555555555,7.6629000000000005,0.0,0.0,0.00833333333333286,78,3,2017,169
2018-03-20,6.09,8.9,13,0.77,0.8,5.0,3.670833333333333,6.1,3.2541666666666664,2.3975264427228202,1.4074769046199798,87.91666666666667,101.25,345.0,91.875,1019.8249999999999,1017.9,1.8208333333333335,-2.1,,,,63.74520900620198,0.8596329587306893,4.353846153846154,3.0461538461538464,6.1,92.76923076923077,1.963003956251804,2.211977003948959,46.49943276649176,0.0,0,13,8.96,8.96,11.129999999999994,24.08,91.77000000000001,0.0,815.22,1.591666666666697,-6.337500000000205,-0.6148809523810996,0.0,,,1.8499999999999994,2.9000000000000004,0.8968357548289866,0.4423636839302271,0.7253675562028736,0.6883617569332792,2.107825330893813,1.2374067786450658,0.0,19.0,0.6796874999999999,0.805031446540881,37.148999999999994,0,0.8268949748520705,8.96,0.4716666666666667,18.551076923076923,0.0,0.0,-2.941666666666667,79,3,2017,170
2018-03-21,10.92,15.7,18,1.19,-0.5,1.3,0.2041666666666667,13.3,8.779166666666667,0.4775959661648305,-8.015549937359923,86.79166666666667,70.70833333333333,257.0,99.83333333333333,1018.4541666666668,1010.2,-1.7791666666666666,-2.9,,,,171.31456012913497,0.8856935526506688,-0.07222222222222222,9.838888888888889,13.3,88.5,-0.640958527868931,-9.379781048969056,183.88362403539907,0.0,1,18,17.009999999999998,19.880000000000003,22.049999999999994,35.0,102.41,1.0,826.14,-1.3708333333331666,-4.8125,-1.6029761904760562,0.0,,,1.9833333333333332,2.4,0.15100961713165106,-0.9885322936220912,-0.06773013525726007,-0.9977036778412883,0.41451349896722584,-6.956829383133634,0.0,0.0,0.5492957746478873,0.9015873015873019,100.0,0,2.4115397071759266,19.880000000000003,0.36533333333333334,107.44066666666666,0.0,0.0,-3.4666666666666663,80,3,2017,171
2018-03-22,8.96,14.1,19,1.4,1.0,8.1,4.391666666666667,13.3,6.129166666666666,-1.1023001599193367,-2.565878453186356,87.58333333333333,146.45833333333334,588.0,96.79166666666667,1000.8041666666667,995.5,2.466666666666667,0.3,,,,249.17666608396743,0.3454254019471708,3.694736842105263,7.0,13.3,90.63157894736842,-0.6583525184880957,-3.1427599977967637,228.16409855766256,0.0,0,10,19.88,25.97,31.009999999999994,37.03,108.64,1.0,835.1,-17.65000000000009,-17.42916666666656,-16.87380952380954,0.0,,,1.9249999999999998,0.7,-0.9346809802661055,-0.35548764412957057,-0.7450582052009992,-0.6669994534200652,-0.9654312233960191,-2.2472818785823834,0.0,1.0,0.34501347708894886,0.8374717832957111,100.0,1,1.2887957894736837,25.97,0.5695833333333332,62.720000000000006,0.0,6.129166666666666,4.1875,81,3,2017,172
2018-03-23,1.6800000000000002,2.4,11,0.21,1.3,5.2,2.8541666666666665,8.2,4.445833333333334,-3.04557725438227,2.8784044852571546,84.79166666666667,185.625,600.0,71.16666666666667,1014.4208333333332,1007.3,0.4375,-1.1,,,,307.3396046443829,0.908160379693412,2.3363636363636364,3.709090909090909,5.9,89.54545454545455,-2.914737959388127,2.2245511068176693,306.10027766652524,0.0,0,11,10.639999999999999,21.560000000000002,30.519999999999992,35.21,108.29,1.0,836.78,13.61666666666656,-5.404166666666697,-2.8886904761905043,0.0,,,2.4166666666666665,2.4000000000000004,-0.7950544126125861,0.606538111733513,-0.8079870285280498,0.5892002730230294,-2.5823957136116333,2.440647136457629,0.0,2.0,0.07792207792207792,0.7064220183486241,13.776,2,0.3069495371900828,21.560000000000002,0.5219444444444444,6.231272727272728,0.0,8.891666666666667,-1.5375,82,3,2017,173
2018-03-24,2.0300000000000002,2.9,2,1.61,-0.4,9.4,4.133333333333334,6.2,2.8791666666666664,-2.1761885977952597,-0.6168495990530275,63.875,257.0416666666667,600.0,42.416666666666664,1019.2833333333333,1016.3,-3.3083333333333336,-12.0,,,,250.69582484390997,0.7665083808572254,2.65,3.05,3.2,85.0,-2.8756104387013885,-0.7263847995832754,256.5,0.3333333333333333,1,2,3.7099999999999986,12.670000000000003,32.54999999999999,36.260000000000005,110.18,2.0,838.8100000000001,4.862500000000068,0.8291666666665378,2.956547619047683,0.0,,,7.441666666666667,11.6,-0.9437768644207327,-0.3305831668191379,-0.9723699203976767,-0.23344536385590514,-1.390040466841722,-0.39401268139512136,0.0,3.0,0.1602209944751381,0.3892473118279572,12.586000000000002,3,0.3587913984375002,12.670000000000003,0.5931666666666667,6.1915000000000004,5.593062303274279,8.6375,1.2791666666666672,83,3,2017,174
2018-03-25,0.35000000000000003,0.5,2,0.28,-1.1,8.4,3.6125000000000003,6.3,3.420833333333333,-2.7603392884460756,1.3506687349557012,72.875,271.5416666666667,600.0,9.708333333333334,1021.7833333333333,1020.6,-1.1624999999999999,-4.1,,,,304.8860615709665,0.854255331086266,1.9,1.7000000000000002,1.8,92.0,0.36319239979163725,1.6128052193506943,13.499999999999995,0.7916666666666666,1,2,2.3799999999999986,4.060000000000002,32.89999999999999,35.14,109.76,3.0,839.16,2.5,20.97916666666663,5.668452380952317,0.0,,,4.775,2.9999999999999996,-0.8202910383766359,0.5719463369573936,0.23344536385590534,0.9723699203976767,-2.0115972564550777,0.9842998405989672,0.0,4.0,0.0862068965517241,0.12340425531914903,2.205,4,0.06936890625000001,4.060000000000002,0.6106111111111111,0.5950000000000001,0.0,13.683333333333332,-0.5208333333333335,84,3,2017,175
2018-03-26,0.0,0.0,0,0.0,1.4,15.2,8.058333333333334,4.8,3.4499999999999997,-2.8185518176120055,0.0727694505342854,57.541666666666664,274.25,600.0,11.333333333333334,1019.9833333333332,1017.9,-0.29166666666666663,-4.9,,,,270.667413074173,0.8084022695418839,0.0,0.0,0.0,0.0,0.0,0.0,,0.625,0,0,0.34999999999999826,2.380000000000002,30.029999999999994,35.07,101.92000000000002,3.0,839.16,-1.8000000000000682,5.5625,3.6184523809523625,0.0,,,8.35,6.300000000000001,-0.9999321563431809,0.011648292187114669,-0.9999321563431809,0.011648292187114669,-1.6218416917175746,0.04187275466160338,1.0,5.0,0.0,0.07925407925407935,0.0,5,0.0,1.190000000000001,0.7079722222222222,0.0,-0.0,17.25,4.445833333333333,85,3,2017,176
2018-03-27,0.0,0.1,0,0.0,2.5,15.1,8.2875,5.6,3.658333333333333,-1.9987179978619771,-0.4696119623634174,62.708333333333336,268.625,600.0,34.333333333333336,1018.8375,1016.1,1.425,-4.1,,,,259.52205207134597,0.5503173409719234,0.0,0.0,0.0,0.0,0.0,0.0,,0.5,0,0,0.0,0.3500000000000018,23.93999999999999,35.07,101.71000000000001,3.0,839.16,-1.1458333333332575,-0.44583333333332575,2.6136904761906408,0.0,,,6.8625,6.6,-0.9833249737728769,-0.18185707562415854,-0.9833249737728769,-0.18185707562415854,-1.2533627444926148,-0.2944858347320597,2.0,6.0,0.0,0.014619883040935753,0.0,6,0.0,0.11666666666666727,0.7214444444444444,0.0,-0.0,21.95,0.22916666666666607,86,3,2017,177
2018-03-28,0.0,0.0,0,0.0,3.9,15.3,8.508333333333333,6.2,3.725,-3.199194828417589,-0.5779005292594402,60.958333333333336,275.5,600.0,0.0,1017.6291666666666,1015.9,0.7791666666666667,-3.0,,,,256.1563515606965,0.8326485574128276,0.0,0.0,0.0,0.0,0.0,0.0,,1.0,0,0,0.0,0.0,13.019999999999994,35.07,101.71000000000001,2.0,839.16,-1.2083333333333712,-4.154166666666697,1.5232142857141753,0.0,,,7.729166666666666,6.9,-0.9709522811970948,-0.2392732071046773,-0.9709522811970948,-0.2392732071046773,-1.9501758474895552,-0.35227853096106715,3.0,7.0,,0.0,0.0,6,0.0,0.0,0.7201944444444445,0.0,-0.0,22.35,0.22083333333333321,87,3,2017,178
2018-03-29,0.0,0.0,0,0.0,2.6,14.7,7.595833333333334,8.8,4.625,-3.3716675420871645,1.7144011625565885,73.29166666666667,255.66666666666666,600.0,34.083333333333336,1017.3375,1014.6,2.7416666666666667,-2.2,,,,283.3704105261863,0.7857207265588073,0.0,0.0,0.0,0.0,0.0,0.0,,0.5,0,0,0.0,0.0,4.059999999999993,35.07,101.57000000000001,2.0,839.16,-0.29166666666662877,-2.6458333333332575,-1.130357142857065,0.0,,,4.854166666666668,4.800000000000001,-0.9728954309195612,0.2312454983255704,-0.9728954309195612,0.2312454983255704,-2.4711513360547177,1.256513185390433,4.0,8.0,,0.0,0.0,5,0.0,0.0,0.7414166666666667,0.0,-0.0,23.125,-0.9124999999999988,88,3,2017,179
2018-03-30,0.0,0.0,0,0.0,-1.5,6.1,2.6958333333333333,9.3,7.020833333333333,-2.416496747358812,6.532597081558317,73.0,287.0833333333333,600.0,22.166666666666668,1025.1458333333333,1022.5,-2.129166666666667,-7.3,,,,337.85163965904053,0.985814931970341,0.0,0.0,0.0,0.0,0.0,0.0,,0.7083333333333334,1,0,0.0,0.0,2.3799999999999932,32.900000000000006,99.4,3.0,839.16,7.80833333333328,6.30833333333328,5.145833333333371,0.0,,,4.825,5.8,-0.3770061629079113,0.9262107498455486,-0.3770061629079113,0.9262107498455486,-1.7640426255719328,4.768795869537572,5.0,9.0,,0.0,0.0,6,0.0,0.0,0.5702777777777778,0.0,-0.0,42.125,-4.9,89,3,2017,180
2018-03-31,0.0,0.0,0,0.0,3.0,14.0,7.920833333333333,6.2,2.6750000000000003,-0.992805790092082,-1.16821032977522,52.583333333333336,277.9583333333333,600.0,4.833333333333333,1021.6958333333333,1017.9,-1.6458333333333333,-8.4,,,,229.68400359304613,0.599947513848867,0.0,0.0,0.0,0.0,0.0,0.0,,0.9583333333333334,0,0,0.0,0.0,0.34999999999999293,32.900000000000006,58.87,2.0,839.16,-3.449999999999932,4.06666666666672,1.3511904761905953,0.0,,,9.566666666666666,11.4,-0.7624877227551345,-0.6470026836479807,-0.7624877227551345,-0.6470026836479807,-0.5220503779567531,-0.6142839317401365,6.0,10.0,,0.0,0.0,6,0.0,0.0,0.6716944444444444,0.0,-0.0,16.05,5.225,90,3,2017,181
2018-04-01,0.0,0.2,0,0.0,4.9,14.6,9.125,5.9,2.441666666666667,-1.9291755499466106,0.037229091686424416,69.41666666666667,273.0,600.0,34.791666666666664,1017.8000000000001,1015.2,3.5375,-0.4,,,,278.88447089322267,0.6243792304558926,0.0,0.0,0.0,0.0,0.0,0.0,,0.4166666666666667,0,0,0.0,0.0,0.0,32.900000000000006,50.26,1.0,839.16,-3.8958333333332575,0.46250000000009095,-1.9755952380950248,0.0,,,5.5875,5.300000000000001,-0.9880017612628978,0.1544426098633788,-0.9880017612628978,0.1544426098633788,-1.3391693609212723,0.025843194478992953,7.0,11.0,,,0.0,6,0.0,0.0,0.7378333333333335,0.0,-0.0,14.650000000000002,1.2041666666666666,91,4,2017,182
2018-04-02,0.0,0.0,0,0.0,2.5,14.7,8.654166666666667,4.8,3.1916666666666664,-2.7720519344947925,0.604814021944453,82.875,230.29166666666666,600.0,54.041666666666664,1017.5,1016.0,5.7,2.0,,,,281.4900183191454,0.8804452916311387,0.0,0.0,0.0,0.0,0.0,0.0,,0.2916666666666667,0,0,0.0,0.0,0.0,30.029999999999998,50.26,1.0,839.16,-0.3000000000000682,-7.6458333333332575,-1.9208333333333485,0.0,,,2.9541666666666666,0.5,-0.9799594222751742,0.19919721557819736,-0.9799594222751742,0.19919721557819736,-2.297338040712559,0.5012396206864654,8.0,12.0,,,0.0,6,0.0,0.0,0.7564444444444445,0.0,-0.0,19.15,-0.4708333333333332,92,4,2017,183
2018-04-03,0.0,0.0,0,0.0,2.2,16.7,9.049999999999999,6.3,3.1291666666666664,-2.64789096682935,0.6722365812166414,79.08333333333333,271.25,600.0,49.625,1018.1333333333333,1016.7,5.3,1.6,,,,277.11229668342645,0.805347531711982,0.0,0.0,0.0,0.0,0.0,0.0,,0.125,0,0,0.0,0.0,0.0,23.939999999999998,50.26,1.0,839.16,0.6333333333333258,-3.5625,-1.1869047619047706,0.0,,,3.749999999999999,0.6000000000000001,-0.9923053879780459,0.12381444580395227,-0.9923053879780459,0.12381444580395227,-2.0940404396008776,0.5316270963121605,9.0,13.0,,,0.0,6,0.0,0.0,0.7777777777777777,0.0,-0.0,18.775,0.39583333333333215,93,4,2017,184
2018-04-04,0.0,9.1,0,0.0,3.2,15.6,8.333333333333334,10.8,4.425,-2.0682843822280694,2.372409214625575,85.66666666666667,208.54166666666666,600.0,65.54166666666667,1016.3874999999999,1012.6,5.9125000000000005,2.4,,,,298.9118898548289,0.5990501279675683,0.0,0.0,0.0,0.0,0.0,0.0,,0.16666666666666666,0,0,0.0,0.0,0.0,13.020000000000001,48.16,1.0,839.16,-1.745833333333394,-1.4125000000001364,-2.755357142857065,0.0,,,2.4208333333333334,0.8000000000000003,-0.8753642187849302,0.48346404672017634,-0.8753642187849302,0.48346404672017634,-1.7718302874420462,2.032363893862576,10.0,14.0,,,0.0,6,0.0,0.0,0.7579166666666666,0.0,-0.0,26.549999999999997,-0.716666666666665,94,4,2017,185
2018-04-05,0.14,0.6,2,0.07,1.6,12.8,7.125,8.8,4.3374999999999995,2.0945192637205623,0.7067985632133064,80.75,243.70833333333334,600.0,73.5,1019.225,1015.3,3.8625000000000003,0.7,,,,82.00146615390909,0.5950091828437107,3.45,8.05,8.8,92.0,-1.485797236994987,7.908911886400997,349.5,0.125,0,2,0.13999999999999824,0.1400000000000018,0.1399999999999929,4.2,48.16,1.0,839.3000000000001,2.837500000000091,1.7250000000000227,-0.1875,0.0,,,3.2624999999999997,0.9000000000000001,0.9902716297474843,0.1391477607339101,-0.18223552549214783,0.9832549075639545,1.691324305454354,0.570739839794745,0.0,15.0,0.9999999999999873,1.0000000000000635,1.2320000000000002,0,0.020618171874999994,0.1400000000000018,0.7160833333333333,1.1270000000000002,0.0,0.0,-1.208333333333334,95,4,2017,186
2018-04-06,0.0,20.6,0,0.0,6.6,13.7,9.591666666666667,9.5,5.829166666666667,2.566611628401129,-1.9532745946052295,92.625,111.41666666666667,569.0,98.5,1006.8583333333332,1000.7,8.416666666666666,5.6,,,,123.25546935531494,0.4855965418219718,0.0,0.0,0.0,0.0,0.0,0.0,,0.0,0,0,0.13999999999999824,0.1400000000000018,0.1399999999999929,2.5200000000000005,48.16,0.0,839.3000000000001,-12.366666666666788,-11.275000000000091,-9.941666666666833,0.0,,,1.1750000000000007,1.0,0.8362338129209258,-0.5483730574414921,0.8362338129209258,-0.5483730574414921,2.3773240208065456,-1.8092205932530938,1.0,16.0,0.0,1.0000000000000635,0.0,1,0.0,0.0700000000000009,0.6874722222222222,0.0,-0.0,5.829166666666667,2.466666666666667,96,4,2017,187
2018-04-07,9.03,15.5,14,1.47,0.2,7.3,4.366666666666666,12.4,5.404166666666666,-5.020591371443817,1.3323831595509923,81.16666666666667,127.75,422.0,89.5,1003.4708333333333,1000.7,1.3375000000000001,-1.5,,,,283.603553646719,0.9422036389359943,3.1714285714285713,6.271428571428571,12.4,76.28571428571429,-5.80413746926371,1.4388446411306,283.4787712307101,0.0,0,14,9.029999999999998,9.170000000000002,9.169999999999993,9.52,50.26,0.0,848.33,-3.387499999999932,-12.916666666666629,-10.725595238095252,0.0,,,3.029166666666666,1.7,-0.9719464145284235,0.23520239642771956,-0.9724563479427099,0.23308507319416066,-4.075046663155232,1.0814509978355555,0.0,17.0,0.9847328244274807,1.0000000000000009,100.0,0,1.4207034910714282,9.170000000000002,0.5179444444444444,56.63099999999999,0.0,0.0,-5.2250000000000005,97,4,2017,188
2018-04-08,6.09,8.7,19,0.77,-3.1,1.2,0.23750000000000002,8.1,5.391666666666667,-4.701708300778982,-1.5322003632470773,72.66666666666667,188.29166666666666,600.0,80.16666666666667,1014.475,1008.8,-4.145833333333333,-6.6,,,,251.9514328928525,0.9254286796219713,0.5631578947368421,5.3052631578947365,8.1,72.42105263157895,-5.004382487044381,-0.8569889477458993,258.53476139891114,0.08333333333333333,1,18,15.119999999999997,15.120000000000001,15.259999999999993,15.26,52.85,1.0,854.42,11.00416666666672,-4.75,0.7535714285713766,0.0,,,4.383333333333333,3.4999999999999996,-0.9507942345626046,-0.3098230519546776,-0.9800454809631475,-0.1987733765968493,-3.4165746985660603,-1.1133989306262095,0.0,18.0,0.40277777777777773,0.990825688073395,49.32899999999999,1,1.3414793891966756,15.120000000000001,0.3944166666666667,32.30905263157894,170.7140827486719,5.391666666666667,-4.129166666666666,98,4,2017,189
2018-04-09,10.22,14.6,15,1.75,-3.0,5.5,1.7,6.1,4.104166666666667,-1.333954575393612,-0.7232872348058669,82.16666666666667,104.20833333333333,356.0,85.79166666666667,1017.8333333333334,1015.5,-1.0708333333333333,-7.3,,,,242.48974466439915,0.3861440465360732,2.7066666666666666,3.44,5.6,82.46666666666667,-0.8624574222861795,-0.8686655766955026,224.77011283446097,0.0,1,15,16.31,25.340000000000003,25.479999999999993,25.48,62.09,2.0,864.64,3.3583333333333485,10.975000000000136,4.064285714285802,0.0,,,2.770833333333333,4.3,-0.8869281708756279,-0.4619073713497253,-0.7042639811279705,-0.7099381979340045,-1.0960660094484178,-0.5943010112654874,0.0,0.0,0.4033149171270718,0.9945054945054949,62.342,0,1.7833184600000012,25.340000000000003,0.4655833333333333,35.156800000000004,8.689258529533298,0.0,1.4625,99,4,2017,190
2018-04-10,0.0,0.0,0,0.0,-2.7,13.2,4.870833333333334,8.9,5.3,-0.6447381696157943,-3.317932245511024,68.45833333333333,294.875,600.0,56.958333333333336,1021.1541666666667,1018.1,-0.8458333333333333,-7.3,,,,197.99752892922484,0.5998741548099994,0.0,0.0,0.0,0.0,0.0,0.0,,0.20833333333333334,1,0,10.219999999999999,16.310000000000002,25.479999999999993,25.48,60.620000000000005,3.0,864.64,3.3208333333333258,17.683333333333394,6.953571428571422,0.0,,,5.716666666666667,4.6,-0.30897597661676973,-0.9510698427947936,-0.30897597661676973,-0.9510698427947936,-0.4413770052828125,-2.2714011164060883,1.0,1.0,0.0,0.6401098901098904,0.0,1,0.0,8.155000000000001,0.718111111111111,0.0,-0.0,5.3,3.1708333333333334,100,4,2017,191
2018-04-11,0.0,13.5,0,0.0,2.3,11.7,6.8875,8.8,5.8,1.1095697165297156,-4.5800384265632905,87.41666666666667,126.66666666666667,489.0,94.29166666666667,1012.625,1008.8,4.891666666666667,-0.5,,,,174.20651144669012,0.6889851235272524,0.0,0.0,0.0,0.0,0.0,0.0,,0.0,0,0,0.0,10.220000000000002,25.479999999999993,25.48,60.550000000000004,3.0,864.64,-8.529166666666697,-1.8500000000000227,-1.0380952380952522,0.0,,,1.9958333333333336,2.8,0.10094323213469045,-0.9948921870666197,0.10094323213469045,-0.9948921870666197,0.9699488605330597,-4.003716924554077,2.0,2.0,0.0,0.4010989010989013,0.0,2,0.0,3.4066666666666676,0.6358333333333334,0.0,-0.0,11.6,2.0166666666666666,101,4,2017,192
2018-04-12,0.0,1.0,0,0.0,1.5,10.2,6.258333333333333,6.6,3.579166666666667,-0.973447639973615,1.8747794182216364,81.5,223.125,600.0,68.41666666666667,1013.2708333333334,1010.7,3.1916666666666664,-0.7,,,,324.6608089476685,0.6280339979820194,0.0,0.0,0.0,0.0,0.0,0.0,,0.16666666666666666,0,0,0.0,0.0,25.339999999999993,25.48,60.550000000000004,3.0,864.64,0.6458333333333712,-4.5625,0.45833333333337123,0.0,,,3.0666666666666664,2.2,-0.5784157377980045,0.8157421371166198,-0.5784157377980045,0.8157421371166198,-0.7933598265784962,1.5279452258506336,3.0,3.0,,0.0,0.0,3,0.0,0.0,0.6470833333333333,0.0,-0.0,10.7375,-0.6291666666666673,102,4,2017,193
2018-04-13,0.49000000000000005,0.7000000000000001,3,0.28,-0.6,5.7,3.2458333333333336,14.3,6.670833333333333,-4.255293561295793,4.950614298246443,78.91666666666667,257.4583333333333,600.0,66.0,1024.0125,1019.0,-0.1875,-1.8,,,,317.88210077162313,0.9571905607083975,2.766666666666667,4.1000000000000005,4.6,89.0,-1.6770785893314646,3.724992996042314,335.3299021184476,0.16666666666666666,1,3,0.48999999999999827,0.4900000000000018,25.82999999999999,25.97,61.040000000000006,4.0,865.13,10.741666666666674,2.8583333333333485,8.749404761904884,0.0,,,3.4333333333333336,1.2000000000000002,-0.6706583798407201,0.7417663631827884,-0.41739287520090224,0.9087261346145625,-3.35813583545593,3.9068597836994847,0.0,4.0,0.9999999999999963,0.018970189701897094,7.0070000000000014,4,0.08406715625000004,0.4900000000000018,0.5613611111111111,2.0090000000000003,10.808771508241298,26.683333333333334,-3.0124999999999993,103,4,2017,194
2018-04-14,0.0,16.4,0,0.0,3.9,11.3,7.404166666666666,9.7,5.920833333333333,3.2266056959420593,-4.291615997072165,77.625,171.54166666666666,600.0,85.25,1016.9541666666668,1008.9,3.5124999999999997,-1.9,,,,149.73047526296517,0.768739652767163,0.0,0.0,0.0,0.0,0.0,0.0,,0.041666666666666664,0,0,0.48999999999999827,0.4900000000000018,16.79999999999999,25.97,61.040000000000006,4.0,865.13,-7.05833333333328,4.329166666666765,-0.2351190476189231,0.0,,,3.891666666666666,5.8,0.5040683178325194,-0.8636637835161866,0.5040683178325194,-0.8636637835161866,2.5046526714750232,-3.3313669177272676,1.0,5.0,0.0,0.029166666666666792,0.0,5,0.0,0.2450000000000009,0.6242222222222223,0.0,-0.0,29.604166666666668,4.158333333333332,104,4,2017,195
2018-04-15,0.21000000000000002,34.2,3,0.07,4.1,11.0,7.075,7.7,5.7875000000000005,-2.0535058964786748,2.070530614644366,85.45833333333333,109.625,463.0,94.375,1003.7583333333333,998.2,4.766666666666667,2.1,,,,312.0828334303645,0.4683652199856196,4.766666666666667,6.133333333333333,6.3,89.0,-2.8814086584571577,5.407993677694219,332.0,0.0,0,3,0.20999999999999824,0.7000000000000018,10.919999999999993,26.18,59.080000000000005,3.0,865.34,-13.19583333333344,-9.512500000000045,-11.900000000000091,0.0,,,2.3083333333333336,1.9999999999999996,-0.7421766763085521,0.6702042831432746,-0.4694715627858908,0.882947592858927,-1.7548919140324009,1.7694409544314977,0.0,6.0,0.2999999999999992,0.06410256410256432,1.6170000000000002,6,0.02536858333333334,0.7000000000000018,0.6023888888888889,1.288,0.0,34.725,-0.3291666666666657,105,4,2017,196
2018-04-16,0.0,0.0,0,0.0,1.8,7.8,5.008333333333334,10.0,5.625,-3.4885072042199163,4.123860780536565,76.66666666666667,282.2916666666667,600.0,71.95833333333333,1017.9541666666668,1012.3,1.0708333333333333,-0.4,,,,320.0035727783461,0.951617450730503,0.0,0.0,0.0,0.0,0.0,0.0,,0.16666666666666666,0,0,0.20999999999999824,0.2100000000000018,0.699999999999993,26.18,59.080000000000005,2.0,865.34,14.19583333333344,-6.05833333333328,2.2785714285714675,0.0,,,3.9375000000000004,2.2,-0.6427398403984289,0.7660845237730639,-0.6427398403984289,0.7660845237730639,-2.674522189901936,3.1616265984113663,1.0,7.0,0.0,0.3000000000000056,0.0,3,0.0,0.1050000000000009,0.6170833333333333,0.0,-0.0,16.875,-2.0666666666666664,106,4,2017,197
2018-04-17,0.0,6.0,0,0.0,2.3,11.9,7.0625,6.8,4.983333333333333,0.6557023857595571,-4.126601297363345,88.75,190.79166666666666,600.0,99.5,1023.4041666666667,1020.9,5.204166666666667,1.9,,,,174.43039690328936,0.8252616054787691,0.0,0.0,0.0,0.0,0.0,0.0,,0.0,0,0,0.0,0.2100000000000018,0.699999999999993,26.18,59.080000000000005,1.0,865.34,5.449999999999932,6.449999999999932,7.407142857142844,0.0,,,1.8583333333333334,0.3999999999999999,0.09705489199498106,-0.9952790301919571,0.09705489199498106,-0.9952790301919571,0.5819358673616069,-3.6623586514099684,2.0,8.0,0.0,0.3000000000000056,0.0,4,0.0,0.0700000000000006,0.6874722222222222,0.0,-0.0,19.933333333333334,2.0541666666666663,107,4,2017,198
2018-04-18,0.35000000000000003,12.4,3,0.14,4.2,12.2,7.454166666666667,8.6,3.670833333333333,-1.8566409081950097,-0.11834236246280035,92.20833333333333,161.04166666666666,600.0,84.95833333333333,1017.8458333333333,1013.2,6.1875,4.0,,,,260.3445865727242,0.567553145427379,6.1000000000000005,5.199999999999999,8.6,97.33333333333333,-0.9546392495848189,-5.026646687475512,195.34665633052398,0.041666666666666664,0,3,0.34999999999999826,0.3500000000000018,1.049999999999993,26.53,56.56,1.0,865.69,-5.558333333333394,14.087499999999977,1.10297619047617,0.0,,,1.2666666666666666,0.20000000000000018,-0.9858342861063735,-0.16772227144042898,-0.26465840784911476,-0.9643422251227889,-1.711977637431482,-0.10912152005424047,0.0,9.0,0.9999999999999949,0.3333333333333373,3.0100000000000002,5,0.03190687499999998,0.3500000000000018,0.6858333333333332,1.8199999999999998,0.0,18.354166666666664,0.3916666666666666,108,4,2017,199
2018-04-19,0.0,0.0,0,0.0,1.7,18.6,9.295833333333333,6.2,2.620833333333333,-2.1584544974610615,-0.40299131648484726,69.41666666666667,305.8333333333333,600.0,18.666666666666668,1016.0625,1013.9,2.858333333333333,-4.5,,,,255.62216907529142,0.7723235053004213,0.0,0.0,0.0,0.0,0.0,0.0,,0.7916666666666666,0,0,0.34999999999999826,0.3500000000000018,1.049999999999993,26.39,50.47,1.0,865.69,-1.783333333333303,-1.8916666666667652,-1.0791666666666515,0.0,,,6.4375,6.2,-0.9686793125488266,-0.2483151011113356,-0.9686793125488266,-0.2483151011113356,-1.4983271636542204,-0.27974313885989815,1.0,10.0,0.0,0.3333333333333373,0.0,6,0.0,0.1750000000000009,0.768611111111111,0.0,-0.0,15.724999999999998,1.841666666666666,109,4,2017,200
2018-04-20,0.0,0.0,0,0.0,2.6,14.0,8.154166666666667,8.1,4.533333333333333,-3.2085175863600366,2.4175396632624246,82.0,305.9583333333333,600.0,3.125,1019.7208333333333,1016.2,5.070833333333334,1.2,,,,299.1413875913573,0.8821191399367981,0.0,0.0,0.0,0.0,0.0,0.0,,0.9583333333333334,0,0,0.0,0.3500000000000018,0.559999999999993,26.39,39.55,0.0,865.69,3.658333333333303,-3.683333333333394,3.192261904761949,0.0,,,3.083333333333333,1.4000000000000001,-0.8734206908686486,0.48696642262329803,-0.8734206908686486,0.48696642262329803,-2.63098442081523,1.9823825238751882,2.0,11.0,0.0,0.6250000000000111,0.0,2,0.0,0.11666666666666727,0.7884166666666667,0.0,-0.0,9.066666666666666,-1.1416666666666657,110,4,2017,201
2018-04-21,0.0,0.0,0,0.0,6.8,23.8,14.920833333333334,4.1,2.908333333333333,-2.4288276862875042,-0.3919013790961752,60.083333333333336,306.125,600.0,0.4583333333333333,1020.6916666666666,1019.3,6.266666666666667,-6.7,,,,252.95901649989128,0.7547074151742311,0.0,0.0,0.0,0.0,0.0,0.0,,1.0,0,0,0.0,0.0,0.559999999999993,17.36,30.59,0.0,865.69,0.970833333333303,2.845833333333303,3.629166666666606,0.0,,,8.654166666666669,13.5,-0.9560953787263825,-0.29305567180666403,-0.9560953787263825,-0.29305567180666403,-1.4593206348444088,-0.23546741194028528,3.0,12.0,,0.0,0.0,3,0.0,0.0,0.7376944444444445,0.0,-0.0,8.725,6.7666666666666675,111,4,2017,202
2018-04-22,0.0,0.0,0,0.0,6.5,22.8,13.895833333333334,3.7,2.1374999999999997,-1.8553413191254053,0.13988907518654795,72.25,303.625,600.0,44.333333333333336,1019.9333333333334,1018.1,8.1625,1.5,,,,272.43551498326127,0.8552620164090856,0.0,0.0,0.0,0.0,0.0,0.0,,0.4166666666666667,0,0,0.0,0.0,0.34999999999999293,11.270000000000001,28.91,0.0,865.69,-0.7583333333332121,3.870833333333394,0.5601190476190823,0.0,,,5.733333333333334,5.0,-0.9990966813939317,0.04249495531980828,-0.9990966813939317,0.04249495531980828,-1.3404841030681052,0.1010698568222809,4.0,13.0,,0.0,0.0,4,0.0,0.0,0.7765833333333334,0.0,-0.0,8.549999999999999,-1.0250000000000004,112,4,2017,203
2018-04-23,0.0,1.8,0,0.0,5.8,19.8,13.829166666666666,9.5,4.366666666666666,1.1661532373470238,-3.2130140660731428,78.5,241.91666666666666,600.0,92.125,1018.9333333333334,1017.1,9.795833333333333,2.8,,,,184.56084226729385,0.5131794723044152,0.0,0.0,0.0,0.0,0.0,0.0,,0.0,0,0,0.0,0.0,0.34999999999999293,1.05,26.880000000000003,0.0,865.69,-1.0,-0.787499999999909,-0.5797619047617673,0.0,,,4.033333333333333,3.0,-0.07951767570444715,-0.9968334561252258,-0.07951767570444715,-0.9968334561252258,0.9154302913174136,-2.522216041867417,5.0,14.0,,0.0,0.0,5,0.0,0.0,0.7562777777777777,0.0,-0.0,21.833333333333332,-0.0666666666666682,113,4,2017,204
2018-04-24,0.0,38.0,0,0.0,10.1,12.6,11.2125,7.4,5.3625,3.311853473853463,-3.929554790936868,99.875,41.875,137.0,100.0,1013.5791666666668,1008.0,11.200000000000001,10.1,,,,143.292923359948,0.9519457366735421,0.0,0.0,0.0,0.0,0.0,0.0,,0.0,0,0,0.0,0.0,0.34999999999999293,1.05,26.53,0.0,865.69,-5.354166666666629,-7.112499999999841,-4.530357142857156,0.0,,,0.01249999999999929,0.0,0.5977241702630348,-0.8017018250467979,0.5977241702630348,-0.8017018250467979,3.3077136570111456,-3.924642847448197,6.0,15.0,,0.0,0.0,6,0.0,0.0,0.6408333333333333,0.0,-0.0,32.175,-2.6166666666666654,114,4,2017,205
2018-04-25,0.0,57.1,0,0.0,8.1,16.6,11.975,8.4,5.470833333333334,-2.767394152871074,0.5711294674244111,94.5,101.29166666666667,426.0,94.41666666666667,1003.9583333333334,1001.2,11.083333333333334,7.2,,,,273.1315965145569,0.519171878873937,0.0,0.0,0.0,0.0,0.0,0.0,,0.0,0,0,0.0,0.0,0.0,1.05,26.53,0.0,865.69,-9.620833333333394,-15.975000000000023,-12.167261904761858,0.0,,,0.8916666666666657,0.8999999999999995,-0.9985066960185334,0.05462946097255755,-0.9985066960185334,0.05462946097255755,-2.6151874744631645,0.5397173467160684,7.0,16.0,,,0.0,6,0.0,0.0,0.7158611111111112,0.0,-0.0,32.825,0.7624999999999993,115,4,2017,206
2018-04-26,0.0,0.4,0,0.0,6.7,16.8,11.066666666666668,11.6,6.8625,-3.035023700651422,3.2391440915765117,67.29166666666667,312.5,600.0,59.0,1012.275,1008.4,4.4375,0.9,,,,310.69421368915886,0.50721631086476,0.0,0.0,0.0,0.0,0.0,0.0,,0.3333333333333333,0,0,0.0,0.0,0.0,1.05,26.53,0.0,865.69,8.316666666666606,-6.658333333333417,-3.309523809523853,0.0,,,6.629166666666668,5.8,-0.7582001878638189,0.6520218363853083,-0.7582001878638189,0.6520218363853083,-2.042318031896686,2.1796740449566947,8.0,17.0,,,0.0,6,0.0,0.0,0.7659722222222222,0.0,-0.0,41.175,-0.9083333333333314,116,4,2017,207
2018-04-27,0.0,0.1,0,0.0,4.2,16.5,11.458333333333334,6.0,3.0625,-1.6924706818793573,0.3387892014253868,74.83333333333333,164.83333333333334,521.0,84.29166666666667,1011.0708333333333,1008.2,6.908333333333334,4.0,,,,278.60919081242116,0.4933831269135054,0.0,0.0,0.0,0.0,0.0,0.0,,0.08333333333333333,0,0,0.0,0.0,0.0,0.56,26.53,0.0,865.69,-1.2041666666666515,-2.5083333333334394,-3.277976190476352,0.0,,,4.55,0.20000000000000018,-0.9887323813709683,0.14969394786862322,-0.9887323813709683,0.14969394786862322,-1.266532226939719,0.2535272523999978,9.0,18.0,,,0.0,6,0.0,0.0,0.6926666666666668,0.0,-0.0,18.375,0.3916666666666657,117,4,2017,208
2018-04-28,0.0,0.0,0,0.0,2.9,18.6,11.020833333333334,6.7,3.5083333333333333,-2.5947904121976477,1.7526666539824498,67.54166666666667,307.6666666666667,600.0,16.166666666666668,1014.6166666666667,1011.9,4.004166666666666,-0.2,,,,307.2156355946074,0.7641972396594395,0.0,0.0,0.0,0.0,0.0,0.0,,0.7916666666666666,0,0,0.0,0.0,0.0,0.56,26.53,0.0,865.69,3.5458333333333485,10.658333333333303,1.1357142857142435,0.0,,,7.0166666666666675,3.1,-0.7963648977390176,0.6048164594727263,-0.7963648977390176,0.6048164594727263,-1.7525646909051613,1.1837802692106465,10.0,19.0,,,0.0,6,0.0,0.0,0.7635833333333334,0.0,-0.0,21.05,-0.4375,118,4,2017,209
2018-04-29,0.0,0.0,0,0.0,5.6,22.3,14.229166666666666,7.9,4.6625000000000005,0.125855218667044,-3.4128797710774994,62.583333333333336,312.875,600.0,0.0,1016.6916666666666,1015.1,6.620833333333334,-2.6,,,,195.72420941047247,0.6099618004795029,0.0,0.0,0.0,0.0,0.0,0.0,,1.0,0,0,0.0,0.0,0.0,0.35000000000000003,26.53,0.0,865.69,2.074999999999932,4.416666666666629,3.6738095238094957,0.0,,,7.6083333333333325,8.2,-0.2710071917279258,-0.9625773226249117,-0.2710071917279258,-0.9625773226249117,0.0787643910157917,-2.135893923399335,11.0,20.0,,,0.0,6,0.0,0.0,0.7505277777777778,0.0,-0.0,27.975,3.208333333333332,119,4,2017,210
2018-04-30,0.0,0.0,0,0.0,8.0,20.8,14.154166666666667,5.9,3.4125,-1.4656272341330936,-1.4096263558873565,73.70833333333333,251.08333333333334,600.0,52.625,1017.1708333333332,1015.3,8.887500000000001,4.8,,,,233.1569972678148,0.6208732993111155,0.0,0.0,0.0,0.0,0.0,0.0,,0.2916666666666667,0,0,0.0,0.0,0.0,0.35000000000000003,26.53,0.0,865.69,0.47916666666662877,6.099999999999909,4.404761904761813,0.0,,,5.266666666666666,3.2,-0.8002815547305457,-0.5996244100752242,-0.8002815547305457,-0.5996244100752242,-1.0802894071589342,-1.0390120931519724,12.0,21.0,,,0.0,6,0.0,0.0,0.7464166666666667,0.0,-0.0,20.475,-0.07499999999999929,120,4,2017,211
2018-05-01,0.0,0.0,0,0.0,6.8,22.6,14.5,5.6,2.795833333333333,-1.0697789617392528,-0.21006114240120566,78.08333333333333,288.625,600.0,65.08333333333333,1017.5541666666667,1015.7,10.225,4.0,,,,260.1864531766828,0.475359340363051,0.0,0.0,0.0,0.0,0.0,0.0,,0.25,0,0,0.0,0.0,0.0,0.35000000000000003,26.53,0.0,865.69,0.38333333333343944,2.9375,4.220238095238187,0.0,,,4.275,2.8,-0.9853676271733844,-0.17044248096848988,-0.9853676271733844,-0.17044248096848988,-0.8353190726247331,-0.1640227420249414,13.0,22.0,,,0.0,6,0.0,0.0,0.7860277777777777,0.0,-0.0,16.775,0.3458333333333332,121,5,2017,212
2018-05-02,0.0,10.299999999999999,0,0.0,8.8,16.9,13.029166666666667,11.7,6.016666666666667,0.9325625085239446,-5.028204531679143,90.70833333333333,134.75,543.0,93.79166666666667,1012.7916666666666,1005.9,11.450000000000001,8.2,,,,187.58328852941884,0.6843167662783556,0.0,0.0,0.0,0.0,0.0,0.0,,0.041666666666666664,0,0,0.0,0.0,0.0,0.0,26.53,0.0,865.69,-4.7625000000000455,-3.8999999999999773,-1.804166666666788,0.0,,,1.5791666666666657,0.6000000000000014,-0.13196727661610094,-0.9912540733346469,-0.13196727661610094,-0.9912540733346469,0.8459119087735947,-4.561000527277289,14.0,23.0,,,0.0,6,0.0,0.0,0.7255277777777778,0.0,-0.0,36.1,-1.4708333333333332,122,5,2017,213
2018-05-03,0.0,16.900000000000002,0,0.0,7.6,17.0,12.541666666666666,11.2,5.158333333333333,-3.5171276237754068,-0.8814198602455067,85.25,150.41666666666666,600.0,69.16666666666667,1002.5749999999999,1000.0,9.9625,4.3,,,,259.2244748079674,0.6612280837410527,0.0,0.0,0.0,0.0,0.0,0.0,,0.125,0,0,0.0,0.0,0.0,0.0,26.53,0.0,865.69,-10.216666666666697,-14.595833333333303,-10.635119047619128,0.0,,,2.5791666666666657,3.3,-0.9823672040303048,-0.18696169780380553,-0.9823672040303048,-0.18696169780380553,-2.9983512992685344,-0.7514104308592944,15.0,24.0,,,0.0,6,0.0,0.0,0.7177777777777777,0.0,-0.0,30.95,-0.4875000000000007,123,5,2017,214
2018-05-04,0.9099999999999999,7.0,3,0.49,5.1,9.9,7.3500000000000005,10.3,4.0874999999999995,-1.2692948246833986,-1.934681127553268,78.29166666666667,187.375,600.0,66.70833333333333,1009.2958333333332,1005.0,3.4791666666666665,-3.3,,,,221.67876593199026,0.5478820910771549,7.6000000000000005,4.533333333333333,8.2,85.66666666666667,-4.432087315808095,-0.8234163074136114,262.33237777578915,0.08333333333333333,0,2,0.9099999999999981,0.9100000000000017,0.9099999999999928,0.9099999999999999,27.44,0.0,866.6,6.720833333333303,-8.25833333333344,-3.6607142857142208,0.0,,,3.870833333333334,8.399999999999999,-0.6649536015809584,-0.7468846683019488,-0.9910587569137094,-0.13342616064570353,-0.9937520731583775,-1.5146940994469127,0.0,25.0,0.999999999999998,1.0000000000000098,9.373,0,0.05150599999999995,0.9100000000000017,0.6058888888888889,4.125333333333333,0.0,0.0,-5.1916666666666655,124,5,2017,215
2018-05-05,6.23,9.0,9,1.82,4.0,15.4,8.762500000000001,9.4,4.55,-2.553046431959754,-0.2302718569686892,70.54166666666667,287.6666666666667,600.0,45.791666666666664,1015.875,1014.0,3.375,-3.3,,,,239.88701940695472,0.4507307421822996,5.5,2.9555555555555557,5.5,78.55555555555556,1.2010308416046491,-2.358254456433955,157.95752938862654,0.4166666666666667,0,9,7.139999999999999,7.140000000000002,7.1399999999999935,7.140000000000001,33.53,0.0,872.83,6.579166666666765,3.0833333333333712,2.738690476190527,0.0,,,5.387500000000001,7.3,-0.8650377790605396,-0.5017067278779598,0.3752937673284236,-0.9269059219815348,-1.8009615038782767,-0.1624376057699962,0.0,26.0,0.8725490196078429,1.0000000000000013,58.562000000000005,0,0.6749815625000003,7.140000000000002,0.7602500000000001,18.413111111111114,0.0,0.0,1.4125000000000005,125,5,2017,216
2018-05-06,0.0,1.9,0,0.0,7.9,21.3,14.387500000000001,7.6,3.6750000000000003,-1.4717988258848624,-2.5937370759551865,59.666666666666664,225.33333333333334,600.0,87.70833333333333,1014.2791666666667,1010.9,5.8999999999999995,-2.2,,,,210.46353292689628,0.8110958092487405,0.0,0.0,0.0,0.0,0.0,0.0,,0.041666666666666664,0,0,6.229999999999999,7.140000000000002,7.1399999999999935,7.140000000000001,33.53,0.0,872.83,-1.595833333333303,11.704166666666765,1.4875000000000682,0.0,,,8.4875,10.100000000000001,-0.5069898586596002,-0.8619520190917349,-0.5069898586596002,-0.8619520190917349,-0.8781732994446345,-1.547596455319928,1.0,27.0,0.0,1.0000000000000013,0.0,1,0.0,3.570000000000001,0.6824444444444445,0.0,-0.0,3.6750000000000003,5.625,126,5,2017,217
2018-05-07,0.0,38.7,0,0.0,9.7,13.2,11.520833333333334,6.6,3.4625,0.43584998288114535,-0.9755306614851529,99.79166666666667,25.625,92.0,100.0,1007.7416666666667,1004.8,11.483333333333334,9.7,,,,173.4104139963215,0.1922471484330786,0.0,0.0,0.0,0.0,0.0,0.0,,0.0,0,0,0.0,6.230000000000002,7.1399999999999935,7.140000000000001,24.5,0.0,872.83,-6.537500000000023,-1.5541666666665606,-3.7029761904761926,0.0,,,0.037499999999999645,0.0,0.11475659462756219,-0.993393639998508,0.11475659462756219,-0.993393639998508,0.4349419620834763,-0.9734983059403922,2.0,28.0,0.0,0.8725490196078443,0.0,2,0.0,2.0766666666666675,0.6430555555555556,0.0,-0.0,6.925,-2.866666666666667,127,5,2017,218
2018-05-08,0.0,9.6,0,0.0,9.4,16.7,12.791666666666666,7.3,3.6208333333333336,1.195614173845938,-1.872927902049753,91.08333333333333,162.75,600.0,97.25,1010.75,1007.0,11.254166666666668,9.4,,,,156.36847481664918,0.3639816364473794,0.0,0.0,0.0,0.0,0.0,0.0,,0.0,0,0,0.0,0.0,7.1399999999999935,7.140000000000001,18.410000000000004,0.0,872.83,3.0083333333333258,-5.125,0.277380952380895,0.0,,,1.5374999999999979,0.0,0.4008531714250615,-0.9161423115206885,0.4008531714250615,-0.9161423115206885,1.0890052433446753,-1.705925164116983,3.0,29.0,,0.0,0.0,3,0.0,0.0,0.7454444444444444,0.0,-0.0,10.8625,1.2708333333333321,128,5,2017,219
2018-05-09,0.91,22.9,3,0.42,6.5,12.6,9.266666666666667,5.8,3.420833333333333,-0.39086824426369504,-2.0252259483797843,94.75,95.20833333333333,400.0,96.16666666666667,1015.9458333333333,1014.2,8.4125,6.4,,,,181.86651197495158,0.3904956071764071,6.533333333333334,4.466666666666667,5.4,100.0,-1.3311817178802003,-4.180329997318108,198.96602419811734,0.0,0,3,0.9099999999999983,0.9100000000000018,8.049999999999994,8.05,9.1,0.0,873.74,5.195833333333326,1.6666666666666288,5.0226190476190595,0.0,,,0.8541666666666679,0.09999999999999964,-0.032571017797338515,-0.999469423644188,-0.3250074145588533,-0.9457114678810709,-0.37034766143985104,-1.9189015860898457,0.0,30.0,0.999999999999998,0.11304347826086988,5.278,4,0.07446327777777778,0.9100000000000018,0.6593055555555555,4.064666666666667,0.0,13.683333333333332,-3.5249999999999986,129,5,2017,220
2018-05-10,0.0,2.1,0,0.0,2.7,10.4,6.883333333333333,10.7,6.216666666666666,-4.338067684296914,3.931325335297266,86.0,238.875,600.0,65.5,1019.6958333333333,1017.6,4.529166666666667,1.7,,,,308.8932602389395,0.9400658441408646,0.0,0.0,0.0,0.0,0.0,0.0,,0.0,0,0,0.9099999999999983,0.9100000000000018,8.049999999999994,8.05,9.1,0.0,873.74,3.75,11.954166666666652,6.326785714285734,0.0,,,2.354166666666666,1.0000000000000002,-0.7783170110773655,0.6278715077685848,-0.7783170110773655,0.6278715077685848,-3.7307382084953455,3.380939788355649,1.0,31.0,0.0,0.11304347826086988,0.0,5,0.0,0.4550000000000009,0.6770277777777777,0.0,-0.0,31.08333333333333,-2.3833333333333346,130,5,2017,221
2018-05-11,0.0,0.0,0,0.0,1.0,19.7,11.120833333333332,4.7,2.9416666666666664,-2.2959174529760498,-0.7989443301753805,62.208333333333336,328.625,600.0,43.875,1018.4833333333332,1015.9,3.141666666666667,-3.3,,,,250.05923545309736,0.8145041155015968,0.0,0.0,0.0,0.0,0.0,0.0,,0.3333333333333333,0,0,0.0,0.9100000000000018,7.1399999999999935,8.05,9.1,0.0,873.74,-1.212500000000091,7.733333333333235,3.801785714285529,0.0,,,7.979166666666664,4.3,-0.9400457173134996,-0.34104845603014833,-0.9400457173134996,-0.34104845603014833,-1.4282519822055175,-0.4970099520632679,2.0,32.0,0.0,0.12745098039215724,0.0,6,0.0,0.30333333333333395,0.7597777777777778,0.0,-0.0,17.65,4.237499999999999,131,5,2017,222
2018-05-12,0.0,0.4,0,0.0,6.8,21.2,13.862499999999999,7.0,3.3166666666666664,-0.7659479137082753,-1.5396051801375343,64.70833333333333,221.75,600.0,93.79166666666667,1016.6458333333334,1014.8,6.8374999999999995,0.5,,,,215.30276283449064,0.4022100259150089,0.0,0.0,0.0,0.0,0.0,0.0,,0.0,0,0,0.0,0.0,0.9099999999999929,8.05,9.1,0.0,873.74,-1.8374999999998636,0.7000000000000455,1.8541666666666288,0.0,,,7.0249999999999995,6.3,-0.5778969783221128,-0.8161097245139108,-0.5778969783221128,-0.8161097245139108,-0.4956321291620631,-0.9962528519806628,3.0,33.0,,0.0,0.0,3,0.0,0.0,0.696861111111111,0.0,-0.0,9.95,2.741666666666667,132,5,2017,223
2018-05-13,0.0,32.0,0,0.0,10.7,14.5,12.637500000000001,6.8,3.1166666666666667,-0.36212923895699767,-1.9484110933809706,89.45833333333333,54.166666666666664,275.0,99.54166666666667,1011.1625,1005.9,10.8375,6.6,,,,186.9448849158993,0.5286238256600411,0.0,0.0,0.0,0.0,0.0,0.0,,0.0,0,0,0.0,0.0,0.9099999999999929,8.05,8.61,0.0,873.74,-5.4833333333333485,-8.533333333333303,-3.1839285714286234,0.0,,,1.8000000000000007,4.1,-0.12091451763531445,-0.9926629233657411,-0.12091451763531445,-0.9926629233657411,-0.32395478168361413,-1.743016090620393,4.0,34.0,,0.0,0.0,4,0.0,0.0,0.6565277777777777,0.0,-0.0,12.466666666666667,-1.2249999999999979,133,5,2017,224
2018-05-14,0.0,3.9,0,0.0,6.7,17.8,13.154166666666667,14.5,6.833333333333333,-4.110751836595871,4.963179679571913,83.70833333333333,266.0,600.0,50.625,1009.5124999999999,1005.0,10.091666666666667,6.4,,,,310.81933419922154,0.9257918805137663,0.0,0.0,0.0,0.0,0.0,0.0,,0.3333333333333333,0,0,0.0,0.0,0.9099999999999929,8.05,8.61,0.0,873.74,-1.650000000000091,-8.970833333333303,-5.0869047619048615,0.0,,,3.0625,0.2999999999999998,-0.7567745187569225,0.6536760113085291,-0.7567745187569225,0.6536760113085291,-3.441041849883794,4.154594990108322,5.0,35.0,,0.0,0.0,5,0.0,0.0,0.7896944444444444,0.0,-0.0,34.166666666666664,0.5166666666666657,134,5,2017,225
2018-05-15,0.0,0.0,0,0.0,6.0,24.3,16.291666666666668,5.3,2.566666666666667,-1.4632626465060168,-1.003057003340404,68.29166666666667,314.6666666666667,600.0,14.625,1013.8791666666666,1012.6,9.5625,2.2,,,,229.3116244252155,0.6716134787073974,0.0,0.0,0.0,0.0,0.0,0.0,,0.75,0,0,0.0,0.0,0.9099999999999929,8.05,8.4,0.0,873.74,4.366666666666674,-2.766666666666765,-1.167261904761972,0.0,,,6.729166666666668,3.8,-0.7582666212480166,-0.6519445767096441,-0.7582666212480166,-0.6519445767096441,-0.9992864490097341,-0.6850043451978842,6.0,36.0,,0.0,0.0,6,0.0,0.0,0.77075,0.0,-0.0,15.400000000000002,3.137500000000001,135,5,2017,226
2018-05-16,0.0,0.0,0,0.0,11.7,27.6,19.679166666666667,5.8,2.766666666666667,-0.7404037008066364,-1.436273927588979,73.5,303.25,600.0,76.875,1013.0541666666667,1011.3,14.091666666666667,8.4,,,,208.44084189829988,0.523074696883741,0.0,0.0,0.0,0.0,0.0,0.0,,0.08333333333333333,0,0,0.0,0.0,0.0,8.05,8.4,0.0,873.74,-0.8249999999999318,1.8916666666666515,-1.5791666666666515,0.0,,,5.5875,3.299999999999999,-0.47625112420008225,-0.8793093123003747,-0.47625112420008225,-0.8793093123003747,-0.5441967200928778,-1.0556613367778995,7.0,37.0,,,0.0,6,0.0,0.0,0.7805,0.0,-0.0,16.6,3.3874999999999993,136,5,2017,227
2018-05-17,0.0,6.6000000000000005,0,0.0,15.1,23.3,19.5375,5.2,2.5749999999999997,-2.1720619206770437,0.16995725782022317,86.83333333333333,124.54166666666667,357.0,96.95833333333333,1010.5833333333334,1009.9,17.258333333333333,11.6,,,,273.8153228821811,0.780184125586971,0.0,0.0,0.0,0.0,0.0,0.0,,0.0,0,0,0.0,0.0,0.0,8.05,8.4,0.0,873.74,-2.470833333333303,1.0708333333334394,-2.748214285714198,0.0,,,2.2791666666666686,3.5,-0.9977837086665604,0.06654074480800837,-0.9977837086665604,0.06654074480800837,-1.8860737677878996,0.1475795522072271,8.0,38.0,,,0.0,6,0.0,0.0,0.7058055555555556,0.0,-0.0,15.45,-0.14166666666666572,137,5,2017,228
2018-05-18,0.0,5.5,0,0.0,15.9,25.8,20.212500000000002,6.8,4.033333333333333,-0.8852407270934105,-2.8517658315476244,88.25,212.41666666666666,600.0,84.79166666666667,1007.1,1003.3,18.029166666666665,15.3,,,,206.21807978055276,0.68998326031572,0.0,0.0,0.0,0.0,0.0,0.0,,0.0,0,0,0.0,0.0,0.0,7.140000000000001,8.049999999999999,0.0,873.74,-3.4833333333333485,-6.779166666666583,-4.605357142857088,0.0,,,2.183333333333337,0.5999999999999996,-0.44178896220875197,-0.8971190070835161,-0.44178896220875197,-0.8971190070835161,-0.7812249416599347,-2.5166833463407787,9.0,39.0,,,0.0,6,0.0,0.0,0.7691111111111111,0.0,-0.0,24.2,0.6750000000000007,138,5,2017,229
2018-05-19,0.0,7.2,0,0.0,7.0,17.4,11.629166666666668,12.3,8.1875,-5.5463952952614655,5.861350965090625,89.25,140.375,469.0,99.625,1008.5791666666668,1002.6,9.879166666666666,5.1,,,,314.63314622696356,0.9805080701277802,0.0,0.0,0.0,0.0,0.0,0.0,,0.0,0,0,0.0,0.0,0.0,0.91,8.049999999999999,0.0,873.74,1.4791666666667425,-4.474999999999909,-1.9738095238094502,0.0,,,1.7500000000000018,1.9000000000000004,-0.7116197237441022,0.7025648502297618,-0.7116197237441022,0.7025648502297618,-4.950157801020858,5.231255736343383,10.0,40.0,,,0.0,6,0.0,0.0,0.7244166666666666,0.0,-0.0,49.125,-8.583333333333334,139,5,2017,230
2018-05-20,0.0,0.5,0,0.0,5.9,16.9,11.733333333333334,9.9,6.116666666666667,1.9282815035487053,1.1132795717189479,72.83333333333333,320.7083333333333,600.0,71.20833333333333,1019.1583333333333,1016.4,6.679166666666667,4.5,,,,54.694573615385906,0.4142624182794321,0.0,0.0,0.0,0.0,0.0,0.0,,0.16666666666666666,0,0,0.0,0.0,0.0,0.91,8.049999999999999,0.0,873.74,10.579166666666538,8.574999999999932,7.463095238095207,0.0,,,5.054166666666667,1.4000000000000004,0.8160828585194726,0.5779349167775611,0.8160828585194726,0.5779349167775611,1.4044316950846403,0.810838621401967,11.0,41.0,,,0.0,6,0.0,0.0,0.7899166666666666,0.0,-0.0,36.7,0.10416666666666607,140,5,2017,231
2018-05-21,0.0,0.0,0,0.0,12.1,19.6,15.775,11.2,5.920833333333333,0.5526048143137203,-3.8078744247436833,50.708333333333336,295.9166666666667,600.0,95.625,1021.525,1020.3,5.245833333333333,-0.5,,,,200.5918513546017,0.5342155935753684,0.0,0.0,0.0,0.0,0.0,0.0,,0.0,0,0,0.0,0.0,0.0,0.91,8.049999999999999,0.0,873.74,2.3666666666666742,14.424999999999955,8.113690476190413,0.0,,,10.529166666666669,12.6,-0.35170851781213036,-0.9361095654347275,-0.35170851781213036,-0.9361095654347275,0.28021669125824905,-1.9309096562137762,12.0,42.0,,,0.0,6,0.0,0.0,0.6996388888888889,0.0,-0.0,35.525,4.041666666666666,141,5,2017,232
2018-05-22,0.0,0.0,0,0.0,11.4,20.3,15.737499999999999,14.6,7.345833333333334,1.0844820287102952,-5.837189741842277,61.0,322.9166666666667,600.0,22.083333333333332,1019.0958333333333,1016.4,8.066666666666666,3.6,,,,189.32998974364983,0.6870800805579244,0.0,0.0,0.0,0.0,0.0,0.0,,0.6666666666666666,0,0,0.0,0.0,0.0,0.91,8.049999999999999,0.0,873.74,-2.4291666666666742,10.516666666666538,4.939285714285802,0.0,,,7.6708333333333325,7.800000000000001,-0.16212033873326012,-0.9867709945924703,-0.16212033873326012,-0.9867709945924703,0.6615340375132801,-3.560685742523789,13.0,43.0,,,0.0,6,0.0,0.0,0.7519444444444444,0.0,-0.0,44.075,-0.03750000000000142,142,5,2017,233
2018-05-23,0.0,13.2,0,0.0,10.9,14.4,12.891666666666666,10.0,5.245833333333334,1.7333199962019974,-4.456326325304116,87.125,105.16666666666667,446.0,99.58333333333333,1010.6750000000001,1006.6,10.762500000000001,9.0,,,,165.14736570763338,0.8184529627564724,0.0,0.0,0.0,0.0,0.0,0.0,,0.0,0,0,0.0,0.0,0.0,0.0,8.049999999999999,0.0,873.74,-8.420833333333235,-8.483333333333235,-3.141666666666538,0.0,,,2.1291666666666647,1.9000000000000004,0.2563338143077315,-0.9665883175594714,0.2563338143077315,-0.9665883175594714,1.51015504669099,-3.8825743109212114,14.0,44.0,,,0.0,6,0.0,0.0,0.6805277777777778,0.0,-0.0,31.475,-2.845833333333333,143,5,2017,234
2018-05-24,0.0,2.1,0,0.0,10.3,19.8,15.679166666666667,8.0,4.0249999999999995,-2.983333867962577,1.975051516187263,75.66666666666667,291.2916666666667,600.0,38.375,1006.7583333333333,1005.1,10.933333333333332,6.5,,,,303.3594070214655,0.832933733423696,0.0,0.0,0.0,0.0,0.0,0.0,,0.5416666666666666,0,0,0.0,0.0,0.0,0.0,8.049999999999999,0.0,873.74,-3.9166666666667425,-14.766666666666652,-6.511904761904702,0.0,,,4.745833333333335,3.8000000000000007,-0.8352376589227388,0.5498891280224247,-0.8352376589227388,0.5498891280224247,-2.2573892934250166,1.4944556472483626,15.0,45.0,,,0.0,6,0.0,0.0,0.77975,0.0,-0.0,24.15,2.7875000000000014,144,5,2017,235
2018-05-25,0.0,0.0,0,0.0,8.8,23.4,15.983333333333334,8.0,4.016666666666667,-3.2250383177526083,-0.5973954258452081,64.58333333333333,336.25,600.0,14.958333333333334,1008.8666666666667,1007.2,8.6625,3.4,,,,259.8347174318249,0.7721154929775872,0.0,0.0,0.0,0.0,0.0,0.0,,0.7916666666666666,0,0,0.0,0.0,0.0,0.0,8.049999999999999,0.0,873.74,2.1083333333333485,-10.229166666666629,-4.655952380952272,0.0,,,7.320833333333335,5.4,-0.9843027288616072,-0.17648835076455757,-0.9843027288616072,-0.17648835076455757,-2.0828372468818928,-0.38581787919169686,16.0,46.0,,,0.0,6,0.0,0.0,0.7727777777777778,0.0,-0.0,24.1,0.30416666666666714,145,5,2017,236
2018-05-26,0.0,0.0,0,0.0,11.2,23.2,18.025000000000002,4.3,2.4,-0.06321886734643978,0.1799896220280163,59.333333333333336,294.5,600.0,66.875,1010.6708333333332,1009.1,9.200000000000001,-0.3,,,,13.096502064466764,0.14229190152811852,0.0,0.0,0.0,0.0,0.0,0.0,,0.25,0,0,0.0,0.0,0.0,0.0,8.049999999999999,0.0,873.74,1.8041666666665606,-0.004166666666833407,-3.1505952380953204,0.0,,,8.825000000000001,11.5,0.2265918453024348,0.9739898026378087,0.2265918453024348,0.9739898026378087,-0.03750986129222093,0.10679384240328968,17.0,47.0,,,0.0,6,0.0,0.0,0.7274444444444444,0.0,-0.0,14.399999999999999,2.041666666666668,146,5,2017,237
2018-05-27,0.0,0.0,0,0.0,9.5,22.9,16.54583333333333,6.8,3.033333333333333,-1.3897791162491497,0.6580250889122604,69.66666666666667,323.7083333333333,600.0,41.333333333333336,1011.9666666666667,1010.9,10.404166666666667,5.6,,,,319.85249276141616,0.5022105461578501,0.0,0.0,0.0,0.0,0.0,0.0,,0.4583333333333333,0,0,0.0,0.0,0.0,0.0,8.049999999999999,0.0,873.74,1.2958333333334622,5.208333333333371,-0.8273809523809632,0.0,,,6.141666666666664,3.9000000000000004,-0.6447576487642134,0.7643870579490755,-0.6447576487642134,0.7643870579490755,-0.968212784320241,0.4584241452755415,18.0,48.0,,,0.0,6,0.0,0.0,0.7813611111111111,0.0,-0.0,18.2,-1.4791666666666714,147,5,2017,238
2018-05-28,0.0,3.1,0,0.0,13.7,21.1,17.395833333333332,6.7,2.8833333333333333,-0.3722333890997609,-1.5781453535751107,75.54166666666667,207.25,600.0,79.625,1014.4458333333333,1012.9,12.879166666666668,10.2,,,,210.65840982925442,0.37799806712264994,0.0,0.0,0.0,0.0,0.0,0.0,,0.08333333333333333,0,0,0.0,0.0,0.0,0.0,8.049999999999999,0.0,873.74,2.4791666666666288,5.5791666666666515,2.663095238095366,0.0,,,4.516666666666664,3.5,-0.5099186292375854,-0.8602226406904564,-0.5099186292375854,-0.8602226406904564,-0.28119130601577774,-1.1921573025131982,19.0,49.0,,,0.0,6,0.0,0.0,0.7233055555555555,0.0,-0.0,17.3,0.8500000000000014,148,5,2017,239
2018-05-29,0.0,4.3999999999999995,0,0.0,10.7,21.8,16.595833333333335,7.8,5.054166666666666,0.026069186452281613,-3.670255627180591,80.58333333333333,252.20833333333334,600.0,75.0,1016.4416666666666,1014.8,12.983333333333334,9.6,,,,193.9024676183396,0.6397450560660659,0.0,0.0,0.0,0.0,0.0,0.0,,0.125,0,0,0.0,0.0,0.0,0.0,8.049999999999999,0.0,873.74,1.9958333333332803,5.770833333333371,5.038095238095025,0.0,,,3.6125000000000007,1.0999999999999996,-0.24026984913469868,-0.970706134521045,-0.24026984913469868,-0.970706134521045,0.021007419416130265,-2.9576143262363592,20.0,50.0,,,0.0,6,0.0,0.0,0.7700833333333333,0.0,-0.0,30.324999999999996,-0.7999999999999972,149,5,2017,240
2018-05-30,0.0,8.0,0,0.0,10.7,17.6,14.6625,8.4,4.3875,0.3151767902267641,-3.2253521432387395,94.125,96.66666666666667,290.0,93.5,1015.1416666666668,1011.7,13.704166666666666,10.1,,,,190.370236109475,0.6921173207724098,0.0,0.0,0.0,0.0,0.0,0.0,,0.0,0,0,0.0,0.0,0.0,0.0,8.049999999999999,0.0,873.74,-1.2999999999998408,3.175000000000068,3.1000000000000227,0.0,,,0.9583333333333339,0.5999999999999996,-0.1800081772861166,-0.9836651138015061,-0.1800081772861166,-0.9836651138015061,0.2966601538009417,-3.035862704823464,21.0,51.0,,,0.0,6,0.0,0.0,0.7115277777777779,0.0,-0.0,26.325000000000003,-1.9333333333333353,150,5,2017,241
2018-05-31,0.0,6.8,0,0.0,8.4,18.5,13.833333333333334,5.9,2.529166666666667,-1.2352497941786715,0.3329876024495048,91.70833333333333,128.79166666666666,456.0,86.91666666666667,1008.5374999999999,1005.9,12.4625,8.1,,,,262.8401465065547,0.3526779579634235,0.0,0.0,0.0,0.0,0.0,0.0,,0.041666666666666664,0,0,0.0,0.0,0.0,0.0,8.049999999999999,0.0,873.74,-6.604166666666856,-5.908333333333417,-3.7583333333334394,0.0,,,1.3708333333333336,0.3000000000000007,-0.9922022773439799,-0.12463803927140349,-0.9922022773439799,-0.12463803927140349,-1.13282699874469,0.3053773804130667,22.0,52.0,,,0.0,6,0.0,0.0,0.7248888888888888,0.0,-0.0,15.175,-0.8291666666666657,151,5,2017,242
2018-06-01,0.0,0.1,0,0.0,9.6,19.7,14.629166666666668,9.3,5.175,-1.2876297956735052,3.5973263666605457,81.70833333333333,268.7083333333333,600.0,55.5,1012.6,1008.9,11.266666666666666,9.1,,,,344.689970750002,0.629553262977474,0.0,0.0,0.0,0.0,0.0,0.0,,0.041666666666666664,0,0,0.0,0.0,0.0,0.0,8.049999999999999,0.0,873.74,4.062500000000114,-3.8416666666665833,-0.22916666666662877,0.0,,,3.3625000000000025,0.5,-0.26404188536473794,0.9645112144361176,-0.26404188536473794,0.9645112144361176,-1.0521008455482264,2.9393154187588872,23.0,53.0,,,0.0,6,0.0,0.0,0.7848333333333333,0.0,-0.0,31.049999999999997,0.7958333333333343,152,6,2017,243
2018-06-02,0.0,0.2,0,0.0,10.2,22.5,16.870833333333334,5.7,3.1833333333333336,0.9645353229629641,-0.9580165474614676,80.91666666666667,288.625,600.0,55.041666666666664,1016.6791666666667,1015.4,13.174999999999999,10.0,,,,144.4291514770575,0.21427747042634418,0.0,0.0,0.0,0.0,0.0,0.0,,0.125,0,0,0.0,0.0,0.0,0.0,8.049999999999999,0.0,873.74,4.0791666666666515,1.537499999999909,2.9916666666666742,0.0,,,3.6958333333333346,0.1999999999999993,0.5817091978974189,-0.8133968337051365,0.5817091978974189,-0.8133968337051365,0.7804698321641985,-0.7751950563209042,24.0,54.0,,,0.0,6,0.0,0.0,0.7954722222222222,0.0,-0.0,19.1,2.2416666666666654,153,6,2017,244
2018-06-03,0.0,0.0,0,0.0,10.4,24.3,17.75,9.2,5.395833333333333,1.9266670497619003,-3.7013811099125387,74.375,342.7083333333333,600.0,37.916666666666664,1017.8333333333334,1016.0,12.279166666666667,9.2,,,,169.11718588173764,0.6031614564983729,0.0,0.0,0.0,0.0,0.0,0.0,,0.5833333333333334,0,0,0.0,0.0,0.0,0.0,7.140000000000001,0.0,873.74,1.154166666666697,9.295833333333462,3.3077380952381645,0.0,,,5.470833333333333,1.200000000000001,0.18880089575477357,-0.9820153877420634,0.18880089575477357,-0.9820153877420634,1.4329586182604135,-2.752902200497451,25.0,55.0,,,0.0,6,0.0,0.0,0.8097222222222222,0.0,-0.0,32.375,0.8791666666666664,154,6,2017,245
2018-06-04,0.0,0.0,0,0.0,10.2,24.4,18.2375,11.5,5.995833333333334,1.461777629090922,-3.9319428451449343,75.04166666666667,341.9583333333333,600.0,18.75,1017.0333333333333,1015.1,13.033333333333333,9.9,,,,174.17598257966208,0.49866323500278886,0.0,0.0,0.0,0.0,0.0,0.0,,0.7916666666666666,0,0,0.0,0.0,0.0,0.0,0.91,0.0,873.74,-0.8000000000000682,4.43333333333328,2.138095238095161,0.0,,,5.2041666666666675,0.29999999999999893,0.1014733254347878,-0.9948382603344151,0.1014733254347878,-0.9948382603344151,1.0969422958303128,-2.950595443377511,26.0,56.0,,,0.0,6,0.0,0.0,0.8114444444444445,0.0,-0.0,35.975,0.4875000000000007,155,6,2017,246
2018-06-05,0.0,0.5,0,0.0,11.0,23.4,18.075,8.7,3.954166666666667,0.5034859785658606,-1.755861974651771,73.45833333333333,231.0,600.0,72.41666666666667,1016.2583333333333,1014.3,12.920833333333334,9.6,,,,197.0556698713097,0.29582149811673264,0.0,0.0,0.0,0.0,0.0,0.0,,0.16666666666666666,0,0,0.0,0.0,0.0,0.0,0.91,0.0,873.74,-0.7749999999999773,-0.4208333333333485,1.38928571428562,0.0,,,5.154166666666665,1.4000000000000004,-0.2933007338338883,-0.9560202296669786,-0.2933007338338883,-0.9560202296669786,0.36985240842150513,-1.2898269422129467,27.0,57.0,,,0.0,6,0.0,0.0,0.7321944444444445,0.0,-0.0,23.725,-0.16250000000000142,156,6,2017,247
2018-06-06,0.0,6.5,0,0.0,14.7,18.5,16.474999999999998,7.6,4.195833333333334,-0.5351134923868573,-3.6332647339193422,88.91666666666667,63.791666666666664,242.0,99.91666666666667,1014.6750000000001,1013.0,14.579166666666666,11.8,,,,195.45937002849507,0.8383477130100818,0.0,0.0,0.0,0.0,0.0,0.0,,0.0,0,0,0.0,0.0,0.0,0.0,0.91,0.0,873.74,-1.5833333333332575,-3.158333333333303,-0.12738095238091773,0.0,,,1.8958333333333321,2.8999999999999986,-0.26655497278545215,-0.9638197167952868,-0.26655497278545215,-0.9638197167952868,-0.47580508031398067,-3.230577892576615,28.0,58.0,,,0.0,6,0.0,0.0,0.67225,0.0,-0.0,25.175000000000004,-1.6000000000000014,157,6,2017,248
2018-06-07,0.0,0.0,0,0.0,15.1,25.4,20.195833333333333,8.4,4.320833333333334,0.08155991051623662,-2.4993707213050538,75.33333333333333,317.3333333333333,600.0,40.583333333333336,1014.3291666666668,1012.7,15.4,11.3,,,,195.45260128529847,0.475469536146581,0.0,0.0,0.0,0.0,0.0,0.0,,0.375,0,0,0.0,0.0,0.0,0.0,0.91,0.0,873.74,-0.345833333333303,-2.704166666666538,-1.300595238095184,0.0,,,4.7958333333333325,3.799999999999999,-0.2664411082955222,-0.9638512000356974,-0.2664411082955222,-0.9638512000356974,0.06144179925556492,-1.8828592767164738,29.0,59.0,,,0.0,6,0.0,0.0,0.7959999999999999,0.0,-0.0,25.925000000000004,3.720833333333335,158,6,2017,249
2018-06-08,0.0,2.9,0,0.0,13.8,25.5,19.641666666666666,6.3,3.4499999999999997,-0.41811940313252416,-1.7290025091486216,86.33333333333333,260.5416666666667,600.0,86.41666666666667,1010.1583333333333,1006.9,17.083333333333332,13.6,,,,213.4668799533369,0.5174813210433402,0.0,0.0,0.0,0.0,0.0,0.0,,0.0,0,0,0.0,0.0,0.0,0.0,0.0,0.0,873.74,-4.170833333333462,-6.100000000000023,-5.122619047619196,0.0,,,2.5583333333333336,0.20000000000000107,-0.551454862204579,-0.8342047320358047,-0.551454862204579,-0.8342047320358047,-0.3609764180377459,-1.4927054995649767,30.0,60.0,,,0.0,6,0.0,0.0,0.7948055555555555,0.0,-0.0,20.7,-0.5541666666666671,159,6,2017,250
2018-06-09,0.0,1.8,0,0.0,15.2,22.0,18.454166666666666,7.3,4.175,-0.7468839043067076,3.4426737772733897,88.41666666666667,265.5416666666667,600.0,75.41666666666667,1008.0208333333334,1006.7,16.354166666666668,14.4,,,,341.4195115502071,0.7757250265115201,0.0,0.0,0.0,0.0,0.0,0.0,,0.0,0,0,0.0,0.0,0.0,0.0,0.0,0.0,873.74,-2.137499999999932,-6.654166666666697,-6.023214285714289,0.0,,,2.099999999999998,0.7999999999999989,-0.31863653700357425,0.9478769737082813,-0.31863653700357425,0.9478769737082813,-0.6603698520578473,3.0438973980725557,31.0,61.0,,,0.0,6,0.0,0.0,0.8050833333333335,0.0,-0.0,25.049999999999997,-1.1875,160,6,2017,251
2018-06-10,0.0,3.0,0,0.0,13.8,17.6,15.445833333333333,9.7,5.433333333333334,2.9479441357417073,-4.083015054036327,97.45833333333333,86.66666666666667,344.0,99.875,1010.3208333333333,1009.5,15.058333333333332,13.7,,,,148.21696654003895,0.897597282630357,0.0,0.0,0.0,0.0,0.0,0.0,,0.0,0,0,0.0,0.0,0.0,0.0,0.0,0.0,873.74,2.2999999999999545,-4.008333333333439,-2.650000000000091,0.0,,,0.38750000000000107,0.10000000000000142,0.5267041004840126,-0.8500486989186721,0.5267041004840126,-0.8500486989186721,2.8730172222916055,-3.9792384214129037,32.0,62.0,,,0.0,6,0.0,0.0,0.7159722222222222,0.0,-0.0,32.6,-3.008333333333333,161,6,2017,252
2018-06-11,0.0,3.3000000000000003,0,0.0,14.6,19.8,17.462500000000002,13.4,6.8,-2.044674611734596,-6.035814560233624,93.375,118.29166666666667,480.0,96.45833333333333,1000.9541666666668,995.6,16.341666666666665,14.6,,,,203.87323413445478,0.9208373705122233,0.0,0.0,0.0,0.0,0.0,0.0,,0.0,0,0,0.0,0.0,0.0,0.0,0.0,0.0,873.74,-9.36666666666656,-9.204166666666538,-9.719642857142844,0.0,,,1.1208333333333371,0.0,-0.40471444658471173,-0.9144431183652871,-0.40471444658471173,-0.9144431183652871,-1.909214918707179,-5.635941845618147,33.0,63.0,,,0.0,6,0.0,0.0,0.7234444444444444,0.0,-0.0,40.8,2.0166666666666693,162,6,2017,253
2018-06-12,0.0,4.5,0,0.0,13.5,21.6,17.883333333333333,7.2,4.3875,-2.546680872778816,2.811071233142378,87.66666666666667,232.16666666666666,600.0,65.45833333333333,998.0749999999999,994.9,15.733333333333334,13.1,,,,311.9444680447429,0.8525424010308039,0.0,0.0,0.0,0.0,0.0,0.0,,0.041666666666666664,0,0,0.0,0.0,0.0,0.0,0.0,0.0,873.74,-2.8791666666668334,-9.94583333333344,-10.001190476190573,0.0,,,2.1499999999999986,0.40000000000000036,-0.7437930080566882,0.6684100247348055,-0.7437930080566882,0.6684100247348055,-2.232590231802762,2.464372447721485,34.0,64.0,,,0.0,6,0.0,0.0,0.7803333333333334,0.0,-0.0,26.325000000000003,0.42083333333333073,163,6,2017,254
2018-06-13,0.0,0.6000000000000001,0,0.0,11.4,18.8,15.3375,10.4,6.016666666666667,-1.5867849399800897,5.695985850463437,87.375,250.75,600.0,65.95833333333333,1006.1750000000001,1002.0,13.154166666666667,11.3,,,,346.16077866963246,0.9799609703501311,0.0,0.0,0.0,0.0,0.0,0.0,,0.041666666666666664,0,0,0.0,0.0,0.0,0.0,0.0,0.0,873.74,8.100000000000136,-4.1458333333332575,-0.6869047619046569,0.0,,,2.1833333333333336,0.09999999999999964,-0.2391981832115201,0.9709707663716287,-0.2391981832115201,0.9709707663716287,-1.3864533413076034,4.976867636842428,35.0,65.0,,,0.0,6,0.0,0.0,0.7917500000000001,0.0,-0.0,36.1,-2.5458333333333325,164,6,2017,255
2018-06-14,0.0,0.2,0,0.0,9.4,22.6,16.375,5.2,3.6041666666666665,1.5914817054188308,0.27265547830155074,76.58333333333333,313.875,600.0,65.79166666666667,1010.7375000000001,1009.3,11.729166666666666,7.7,,,,78.89015252351327,0.4517679909075616,0.0,0.0,0.0,0.0,0.0,0.0,,0.25,0,0,0.0,0.0,0.0,0.0,0.0,0.0,873.74,4.5625,9.783333333333303,4.388690476190504,0.0,,,4.645833333333334,1.7000000000000002,0.981259560577621,0.192690619322826,0.981259560577621,0.192690619322826,1.218809739399921,0.20880865379927094,36.0,66.0,,,0.0,6,0.0,0.0,0.7978611111111111,0.0,-0.0,21.625,1.0374999999999996,165,6,2017,256
2018-06-15,0.0,3.1,0,0.0,14.1,19.4,16.3875,5.4,3.7416666666666667,3.457473940128138,-0.34875469145123433,91.45833333333333,108.79166666666667,476.0,99.16666666666667,1010.0666666666666,1008.5,14.941666666666668,12.9,,,,94.5215529316563,0.9210902627888236,0.0,0.0,0.0,0.0,0.0,0.0,,0.0,0,0,0.0,0.0,0.0,0.0,0.0,0.0,873.74,-0.6708333333334622,11.991666666666674,3.7309523809524308,0.0,,,1.445833333333331,1.1999999999999993,0.9968877492718443,-0.07883410018333802,0.9968877492718443,-0.07883410018333802,3.162148041075526,-0.318965228223108,37.0,67.0,,,0.0,6,0.0,0.0,0.7107222222222221,0.0,-0.0,22.45,0.01249999999999929,166,6,2017,257
2018-06-16,0.0,2.9,0,0.0,11.9,18.5,14.958333333333334,5.2,2.8874999999999997,1.7957421778918994,-0.11826820480803203,89.79166666666667,224.41666666666666,600.0,93.375,1011.9333333333334,1010.0,13.145833333333334,11.8,,,,99.48753972579777,0.6863697502514925,0.0,0.0,0.0,0.0,0.0,0.0,,0.0,0,0,0.0,0.0,0.0,0.0,0.0,0.0,873.74,1.866666666666788,5.758333333333326,5.038690476190595,0.0,,,1.8125,0.09999999999999964,0.986321471580762,-0.16483311165770098,0.986321471580762,-0.16483311165770098,1.6124268305654348,-0.10619499223387877,38.0,68.0,,,0.0,6,0.0,0.0,0.78225,0.0,-0.0,17.325,-1.4291666666666654,167,6,2017,258
2018-06-17,0.0,0.0,0,0.0,12.1,23.7,17.39166666666667,5.9,3.345833333333333,1.8195391426077752,-1.8882687484128995,82.75,293.0833333333333,600.0,82.91666666666667,1014.5375,1012.8,14.058333333333332,11.1,,,,142.50497983415787,0.5018013774316648,0.0,0.0,0.0,0.0,0.0,0.0,,0.041666666666666664,0,0,0.0,0.0,0.0,0.0,0.0,0.0,873.74,2.6041666666666288,3.7999999999999545,7.04047619047617,0.0,,,3.3333333333333375,1.0,0.6086924727987895,-0.7934062474912174,0.6086924727987895,-0.7934062474912174,1.5056686405079338,-1.5625423893116743,39.0,69.0,,,0.0,6,0.0,0.0,0.8045555555555556,0.0,-0.0,20.075,2.4333333333333353,168,6,2017,259
2018-06-18,0.0,0.0,0,0.0,14.2,19.1,16.429166666666667,9.2,4.175,1.4462907600596164,-3.490401259436816,91.625,162.54166666666666,540.0,84.0,1013.0541666666667,1010.7,15.020833333333334,14.0,,,,168.40245729408986,0.8439318363906345,0.0,0.0,0.0,0.0,0.0,0.0,,0.041666666666666664,0,0,0.0,0.0,0.0,0.0,0.0,0.0,873.74,-1.4833333333333485,2.987500000000068,3.828571428571422,0.0,,,1.4083333333333332,0.1999999999999993,0.20103590906258362,-0.9795838725026973,0.20103590906258362,-0.9795838725026973,1.3251639089046237,-3.198080153958983,40.0,70.0,,,0.0,6,0.0,0.0,0.7471111111111112,0.0,-0.0,25.049999999999997,-0.9625000000000021,169,6,2017,260
2018-06-19,0.0,2.9,0,0.0,13.8,23.7,19.233333333333334,7.6,3.733333333333333,0.8198956562384412,-2.398671538034867,86.33333333333333,246.66666666666666,600.0,69.91666666666667,1010.475,1009.1,16.712500000000002,13.4,,,,171.8139866209949,0.5206166700896244,0.0,0.0,0.0,0.0,0.0,0.0,,0.25,0,0,0.0,0.0,0.0,0.0,0.0,0.0,873.74,-2.5791666666666515,-1.4583333333333712,-0.5220238095237164,0.0,,,2.520833333333332,0.40000000000000036,0.14238731262135246,-0.9898110189346597,0.14238731262135246,-0.9898110189346597,0.7078432498858542,-2.0708530945034354,41.0,71.0,,,0.0,6,0.0,0.0,0.7855555555555555,0.0,-0.0,22.4,2.804166666666667,170,6,2017,261
2018-06-20,0.0,32.8,0,0.0,16.2,21.4,18.349999999999998,9.9,5.808333333333334,3.3852985893036696,-4.217467992216313,97.66666666666667,111.125,542.0,99.95833333333333,1005.1416666666668,1002.2,17.95,16.2,,,,134.6642814800178,0.7788669774387039,0.0,0.0,0.0,0.0,0.0,0.0,,0.0,0,0,0.0,0.0,0.0,0.0,0.0,0.0,873.74,-5.3333333333332575,-9.395833333333258,-5.707738095238142,0.0,,,0.3999999999999986,0.0,0.7112378360455872,-0.702951449658645,0.7112378360455872,-0.702951449658645,3.306308288886584,-4.119060405731266,42.0,72.0,,,0.0,6,0.0,0.0,0.7329722222222222,0.0,-0.0,34.85,-0.8833333333333364,171,6,2017,262
2018-06-21,0.0,4.1,0,0.0,15.1,22.7,19.162499999999998,5.1,2.766666666666667,-2.1158119519988325,1.348546804456969,83.0,179.625,600.0,86.04166666666667,1004.9,1002.8,15.891666666666666,12.4,,,,295.1424774207813,0.885338919643397,0.0,0.0,0.0,0.0,0.0,0.0,,0.041666666666666664,0,0,0.0,0.0,0.0,0.0,0.0,0.0,873.74,-0.24166666666678793,-8.154166666666697,-5.115476190476215,0.0,,,3.270833333333332,2.6999999999999993,-0.9052540610889612,0.4248706684179825,-0.9052540610889612,0.4248706684179825,-1.756123920159031,1.1192938476992844,43.0,73.0,,,0.0,6,0.0,0.0,0.72975,0.0,-0.0,16.6,0.8125,172,6,2017,263
2018-06-22,0.0,0.0,0,0.0,11.7,22.2,17.254166666666666,7.4,3.725,-3.2665520100848924,1.2597927515529357,73.5,331.4583333333333,600.0,53.916666666666664,1010.525,1008.7,11.825000000000001,9.0,,,,285.1056636530393,0.8774156529269972,0.0,0.0,0.0,0.0,0.0,0.0,,0.25,0,0,0.0,0.0,0.0,0.0,0.0,0.0,873.74,5.625,0.049999999999954525,0.44404761904752377,0.0,,,5.429166666666665,2.6999999999999993,-0.9654468754497405,0.2605999437535111,-0.9654468754497405,0.2605999437535111,-2.400915727412396,0.9259476723914077,44.0,74.0,,,0.0,6,0.0,0.0,0.7993055555555556,0.0,-0.0,22.35,-1.9083333333333314,173,6,2017,264
2018-06-23,0.0,5.300000000000001,0,0.0,12.1,18.7,15.995833333333332,7.6,3.3249999999999997,-1.1397451659183853,-1.2119577858450452,83.70833333333333,88.16666666666667,350.0,97.625,1008.5124999999999,1005.7,13.104166666666666,7.5,,,,239.14388564894404,0.5403833389334103,0.0,0.0,0.0,0.0,0.0,0.0,,0.0,0,0,0.0,0.0,0.0,0.0,0.0,0.0,873.74,-2.0125000000000455,3.3708333333331666,-1.0797619047621083,0.0,,,2.8916666666666657,4.6,-0.8584580004249283,-0.5128838674655638,-0.8584580004249283,-0.5128838674655638,-0.954061682637515,-1.0145096632344566,45.0,75.0,,,0.0,6,0.0,0.0,0.6711388888888888,0.0,-0.0,19.95,-1.2583333333333346,174,6,2017,265
2018-06-24,0.0,0.0,0,0.0,13.9,24.9,19.3125,4.3,2.7916666666666665,-1.6227038114515793,0.7034618917902757,76.125,307.7916666666667,600.0,75.29166666666667,1007.8249999999999,1006.2,14.641666666666666,10.7,,,,287.62764426219377,0.5525461700021133,0.0,0.0,0.0,0.0,0.0,0.0,,0.08333333333333333,0,0,0.0,0.0,0.0,0.0,0.0,0.0,873.74,-0.6875,2.9249999999999545,-0.808333333333394,0.0,,,4.670833333333334,3.200000000000001,-0.9530446684005702,0.302829754207289,-0.9530446684005702,0.302829754207289,-1.2352832764675148,0.5355103651253474,46.0,76.0,,,0.0,6,0.0,0.0,0.7922777777777777,0.0,-0.0,16.75,3.316666666666668,175,6,2017,266
2018-06-25,0.0,0.0,0,0.0,12.7,26.7,20.308333333333334,3.7,2.370833333333333,-1.0227719894495582,0.938627320712934,76.08333333333333,329.375,600.0,32.416666666666664,1014.5041666666666,1011.5,15.470833333333333,10.7,,,,318.4200051648455,0.5662096164150477,0.0,0.0,0.0,0.0,0.0,0.0,,0.5833333333333334,0,0,0.0,0.0,0.0,0.0,0.0,0.0,873.74,6.679166666666674,3.9791666666666288,5.663690476190482,0.0,,,4.8375,2.0,-0.663665074002387,0.7480298587285179,-0.663665074002387,0.7480298587285179,-0.7781590219728721,0.7141389531757573,47.0,77.0,,,0.0,6,0.0,0.0,0.8065277777777777,0.0,-0.0,14.224999999999998,0.9958333333333336,176,6,2017,267
2018-06-26,0.0,0.30000000000000004,0,0.0,16.2,27.1,21.837500000000002,5.4,3.266666666666667,0.36976302797842303,-2.4864025258988645,82.625,264.0833333333333,600.0,79.95833333333333,1015.8791666666666,1013.2,18.495833333333334,15.4,,,,178.60207489894046,0.729244230758601,0.0,0.0,0.0,0.0,0.0,0.0,,0.16666666666666666,0,0,0.0,0.0,0.0,0.0,0.0,0.0,873.74,1.375,7.366666666666674,6.2666666666666515,0.0,,,3.3416666666666686,0.7999999999999989,0.024395975128678003,-0.9997023739081152,0.024395975128678003,-0.9997023739081152,0.30551670186717206,-2.0543900870239367,48.0,78.0,,,0.0,6,0.0,0.0,0.7848055555555556,0.0,-0.0,19.6,1.5291666666666686,177,6,2017,268
2018-06-27,0.0,26.400000000000002,0,0.0,18.5,24.4,21.320833333333333,6.3,3.975,1.8134668498274265,-2.9919143292556694,96.29166666666667,86.58333333333333,398.0,99.83333333333333,1008.5041666666666,1007.1,20.695833333333333,18.5,,,,145.34679138081123,0.7488384140779151,0.0,0.0,0.0,0.0,0.0,0.0,,0.0,0,0,0.0,0.0,0.0,0.0,0.0,0.0,873.74,-7.375,0.6791666666666742,-1.5886904761904361,0.0,,,0.625,0.0,0.5686079185090879,-0.8226086767161908,0.5686079185090879,-0.8226086767161908,1.7462174541463262,-2.8809641728791053,49.0,79.0,,,0.0,6,0.0,0.0,0.7120277777777778,0.0,-0.0,23.85,-0.5166666666666693,178,6,2017,269
2018-06-28,0.0,21.5,0,0.0,18.1,23.4,20.837500000000002,7.6,3.5583333333333336,1.4366230862413119,-2.042442663352487,95.66666666666667,112.875,380.0,97.29166666666667,1008.9499999999999,1007.7,20.087500000000002,17.7,,,,144.39488467043086,0.5846947767240543,0.0,0.0,0.0,0.0,0.0,0.0,,0.0,0,0,0.0,0.0,0.0,0.0,0.0,0.0,873.74,0.44583333333332575,-5.554166666666674,-1.7214285714286461,0.0,,,0.75,0.40000000000000213,0.5821955609391879,-0.8130487862500653,0.5821955609391879,-0.8130487862500653,1.374369419170855,-1.9539368146072127,50.0,80.0,,,0.0,6,0.0,0.0,0.7274722222222222,0.0,-0.0,21.35,-0.48333333333333073,179,6,2017,270
2018-06-29,0.0,5.3,0,0.0,17.2,26.5,21.224999999999998,15.2,7.7124999999999995,4.985306954053985,-5.630153009419742,92.625,195.41666666666666,600.0,100.0,1012.7416666666667,1010.1,19.866666666666667,17.2,,,,134.12906799925173,0.9705254430508125,0.0,0.0,0.0,0.0,0.0,0.0,,0.0,0,0,0.0,0.0,0.0,0.0,0.0,0.0,873.74,3.7916666666667425,-3.137499999999932,1.7535714285714903,0.0,,,1.3583333333333307,0.0,0.7177731463250319,-0.6962770356795235,0.7177731463250319,-0.6962770356795235,4.617640566192503,-5.2149292249750365,51.0,81.0,,,0.0,6,0.0,0.0,0.7723611111111112,0.0,-0.0,46.275,0.38749999999999574,180,6,2017,271
2018-06-30,0.0,3.4,0,0.0,17.5,26.8,21.620833333333334,7.1,4.2625,0.6801028221365648,-2.9815428208495702,92.79166666666667,210.83333333333334,600.0,93.41666666666667,1020.1916666666666,1017.5,20.329166666666666,17.5,,,,164.13742983336059,0.6886700164824755,0.0,0.0,0.0,0.0,0.0,0.0,,0.0,0,0,0.0,0.0,0.0,0.0,0.0,0.0,873.74,7.449999999999932,11.6875,7.535119047619105,0.0,,,1.2916666666666679,0.0,0.27333087984943716,-0.9619200747051351,0.27333087984943716,-0.9619200747051351,0.6310787437075541,-2.766623275846664,52.0,82.0,,,0.0,6,0.0,0.0,0.7831944444444444,0.0,-0.0,25.575000000000003,0.3958333333333357,181,6,2017,272
2018-07-01,0.0,2.4,0,0.0,18.4,27.6,23.05,7.9,3.9583333333333335,0.19868407626964177,-3.1294208166965998,89.29166666666667,276.375,600.0,78.58333333333333,1021.5333333333333,1020.2,21.033333333333335,18.3,,,,187.47771505002686,0.7262527735002232,0.0,0.0,0.0,0.0,0.0,0.0,,0.041666666666666664,0,0,0.0,0.0,0.0,0.0,0.0,0.0,873.74,1.341666666666697,12.583333333333371,6.918452380952431,0.0,,,2.0166666666666657,0.09999999999999787,-0.13014056409099312,-0.991495553988054,-0.13014056409099312,-0.991495553988054,0.1774083231024343,-2.794312004242006,53.0,83.0,,,0.0,6,0.0,0.0,0.8152222222222223,0.0,-0.0,23.75,1.4291666666666671,182,7,2017,273
2018-07-02,0.0,3.3,0,0.0,17.3,28.2,23.1125,5.5,3.233333333333333,-0.5204022141462725,-1.1246792328600923,88.125,268.9583333333333,600.0,69.0,1018.4833333333332,1016.1,20.858333333333334,17.1,,,,227.7328690693369,0.3831227406484292,0.0,0.0,0.0,0.0,0.0,0.0,,0.041666666666666664,0,0,0.0,0.0,0.0,0.0,0.0,0.0,873.74,-3.050000000000068,5.741666666666561,3.2999999999999545,0.0,,,2.2541666666666664,0.1999999999999993,-0.7400170626827234,-0.6725880960427669,-0.7400170626827234,-0.6725880960427669,-0.4586044512164027,-0.9911235739579564,54.0,84.0,,,0.0,6,0.0,0.0,0.8063888888888888,0.0,-0.0,19.4,0.0625,183,7,2017,274
2018-07-03,0.0,1.3,0,0.0,19.6,27.2,23.09166666666667,7.3,4.875,0.1259730865071014,-3.8828075365210744,82.58333333333333,250.70833333333334,600.0,99.16666666666667,1012.4875000000001,1009.4,19.854166666666668,16.1,,,,185.31631984386783,0.761669252042158,0.0,0.0,0.0,0.0,0.0,0.0,,0.0,0,0,0.0,0.0,0.0,0.0,0.0,0.0,873.74,-5.995833333333167,-7.704166666666538,-2.2113095238094047,0.0,,,3.2375000000000007,3.5,-0.09265420094894286,-0.9956983474157788,-0.09265420094894286,-0.9956983474157788,0.10403277394044791,-3.206551890576987,55.0,85.0,,,0.0,6,0.0,0.0,0.7757499999999999,0.0,-0.0,29.25,-0.02083333333333215,184,7,2017,275
2018-07-04,0.0,11.700000000000001,0,0.0,17.7,23.2,20.533333333333335,15.2,8.295833333333333,2.8151258389567047,-7.3248103546993635,93.875,112.08333333333333,392.0,98.04166666666667,1005.7375000000001,1002.9,19.470833333333335,16.0,,,,162.63854606428418,0.9356570810394745,0.0,0.0,0.0,0.0,0.0,0.0,,0.0,0,0,0.0,0.0,0.0,0.0,0.0,0.0,873.74,-6.75,-15.795833333333235,-8.566071428571377,0.0,,,1.0625,1.6999999999999993,0.2983987539775405,-0.9544412939645116,0.2983987539775405,-0.9544412939645116,2.6426993813206066,-6.876165720474027,56.0,86.0,,,0.0,6,0.0,0.0,0.7209722222222222,0.0,-0.0,49.77499999999999,-2.5583333333333336,185,7,2017,276
2018-07-05,0.0,90.9,0,0.0,18.6,22.2,20.391666666666666,5.2,3.1833333333333336,0.12030500862138659,-0.7964915620448257,98.58333333333333,39.041666666666664,144.0,98.83333333333333,1007.0708333333333,1004.0,20.170833333333334,18.5,,,,181.23299672670672,0.12544723433475138,0.0,0.0,0.0,0.0,0.0,0.0,,0.0,0,0,0.0,0.0,0.0,0.0,0.0,0.0,873.74,1.3333333333332575,-11.412499999999909,-6.964285714285779,0.0,,,0.22083333333333144,0.10000000000000142,-0.021518191597313295,-0.9997684569090892,-0.021518191597313295,-0.9997684569090892,0.11860068766591693,-0.785207931582524,57.0,87.0,,,0.0,6,0.0,0.0,0.6879722222222222,0.0,-0.0,19.1,-0.14166666666666927,186,7,2017,277
2018-07-06,0.0,63.199999999999996,0,0.0,18.8,22.5,20.375,9.4,5.441666666666666,3.4284014040285284,-3.1091552527641126,96.625,115.875,496.0,99.95833333333333,1011.2125,1009.1,19.795833333333334,18.5,,,,136.49422112413822,0.5724601557671949,0.0,0.0,0.0,0.0,0.0,0.0,,0.0,0,0,0.0,0.0,0.0,0.0,0.0,0.0,873.74,4.1416666666666515,-1.275000000000091,-2.6041666666666288,0.0,,,0.5791666666666657,0.3000000000000007,0.6884277337494573,-0.7253049395975366,0.6884277337494573,-0.7253049395975366,3.312692856642566,-3.004221262983324,58.0,88.0,,,0.0,6,0.0,0.0,0.7326666666666667,0.0,-0.0,32.65,-0.01666666666666572,187,7,2017,278
2018-07-07,0.0,33.5,0,0.0,17.3,20.9,19.070833333333333,12.7,9.320833333333333,4.788883500837438,-7.869919247791276,99.125,69.16666666666667,229.0,100.0,1012.9541666666668,1010.9,18.920833333333334,17.2,,,,148.9738687086595,0.9852614099363568,0.0,0.0,0.0,0.0,0.0,0.0,,0.0,0,0,0.0,0.0,0.0,0.0,0.0,0.0,873.74,1.741666666666788,7.216666666666697,0.17142857142857792,0.0,,,0.14999999999999858,0.10000000000000142,0.515428955683374,-0.8569323145051461,0.515428955683374,-0.8569323145051461,4.746980770205111,-7.801057454373103,59.0,89.0,,,0.0,6,0.0,0.0,0.7098611111111112,0.0,-0.0,55.925,-1.3041666666666671,188,7,2017,279
2018-07-08,0.0,8.4,0,0.0,16.9,24.8,21.025000000000002,7.9,5.904166666666666,2.4439946886097763,-4.944781463171302,92.04166666666667,208.625,600.0,70.58333333333333,1017.6416666666668,1014.9,19.616666666666667,16.9,,,,153.6205368937353,0.9323051424159489,0.0,0.0,0.0,0.0,0.0,0.0,,0.08333333333333333,0,0,0.0,0.0,0.0,0.0,0.0,0.0,873.74,4.6875,10.57083333333344,5.4148809523809405,0.0,,,1.408333333333335,0.0,0.4443140949180301,-0.8958710761360542,0.4443140949180301,-0.8958710761360542,2.2494934446412485,-4.551259271727253,60.0,90.0,,,0.0,6,0.0,0.0,0.7792222222222223,0.0,-0.0,35.425,1.9541666666666693,189,7,2017,280
2018-07-09,0.0,3.4,0,0.0,17.9,26.7,21.933333333333334,6.2,3.5041666666666664,-0.053986231168431785,-2.0317226498375462,89.5,258.6666666666667,600.0,80.41666666666667,1021.9833333333332,1020.7,19.8875,17.8,,,,183.48103420946958,0.34779028351770364,0.0,0.0,0.0,0.0,0.0,0.0,,0.08333333333333333,0,0,0.0,0.0,0.0,0.0,0.0,0.0,873.74,4.34166666666647,10.770833333333258,9.25654761904741,0.0,,,2.0458333333333343,0.09999999999999787,-0.06071813811692288,-0.9981549517502852,-0.06071813811692288,-0.9981549517502852,-0.048317676895746446,-1.8183917716046039,61.0,91.0,,,0.0,6,0.0,0.0,0.8041111111111112,0.0,-0.0,21.025,0.9083333333333314,190,7,2017,281
2018-07-10,0.0,4.1000000000000005,0,0.0,18.7,27.0,22.379166666666666,5.7,2.975,-0.36674865055779654,0.08804425325283756,89.875,213.41666666666666,600.0,64.625,1021.8708333333334,1020.2,20.545833333333334,18.0,,,,270.5888974339974,0.25398933163496595,0.0,0.0,0.0,0.0,0.0,0.0,,0.08333333333333333,0,0,0.0,0.0,0.0,0.0,0.0,0.0,873.74,-0.11249999999984084,8.916666666666629,7.803571428571445,0.0,,,1.8333333333333321,0.6999999999999993,-0.9999471797758127,0.010278018213567811,-0.9999471797758127,0.010278018213567811,-0.3296153496888196,0.07912977261098776,62.0,92.0,,,0.0,6,0.0,0.0,0.7751944444444444,0.0,-0.0,17.85,0.44583333333333286,191,7,2017,282
2018-07-11,0.0,2.8,0,0.0,17.5,27.2,22.425,7.4,3.6625,-2.19129803264284,2.6984662931761707,85.58333333333333,235.04166666666666,600.0,90.25,1019.3583333333332,1017.7,19.7,16.8,,,,315.6009755080829,0.942024402475014,0.0,0.0,0.0,0.0,0.0,0.0,,0.041666666666666664,0,0,0.0,0.0,0.0,0.0,0.0,0.0,873.74,-2.512500000000159,1.7166666666664696,3.3452380952380736,0.0,,,2.7250000000000014,0.6999999999999993,-0.6996511759230558,0.7144845918768894,-0.6996511759230558,0.7144845918768894,-1.8753858996034973,2.3094374025766062,63.0,93.0,,,0.0,6,0.0,0.0,0.7753055555555556,0.0,-0.0,21.975,0.04583333333333428,192,7,2017,283
2018-07-12,0.0,9.3,0,0.0,19.5,26.3,22.5125,5.5,2.6416666666666666,-0.6195028419758645,0.8277160838269904,90.66666666666667,202.91666666666666,600.0,96.04166666666667,1016.1833333333334,1015.0,20.808333333333334,19.3,,,,305.7292072566691,0.34505702176680736,0.0,0.0,0.0,0.0,0.0,0.0,,0.0,0,0,0.0,0.0,0.0,0.0,0.0,0.0,873.74,-3.174999999999841,-5.799999999999841,-1.1315476190475238,0.0,,,1.7041666666666657,0.1999999999999993,-0.8117859537929283,0.5839551054871476,-0.8117859537929283,0.5839551054871476,-0.5616825767247838,0.7504625826698046,64.0,94.0,,,0.0,6,0.0,0.0,0.7708333333333334,0.0,-0.0,15.85,0.08749999999999858,193,7,2017,284
2018-07-13,0.0,0.0,0,0.0,19.1,29.1,23.708333333333332,5.9,2.891666666666667,-2.238252726030469,1.1926446762967988,84.41666666666667,286.125,600.0,91.58333333333333,1013.9625,1012.2,20.604166666666668,18.3,,,,296.71976411386464,0.816340465156195,0.0,0.0,0.0,0.0,0.0,0.0,,0.0,0,0,0.0,0.0,0.0,0.0,0.0,0.0,873.74,-2.2208333333334167,-7.908333333333417,-3.7452380952381645,0.0,,,3.1041666666666643,0.8000000000000007,-0.8932163431032545,0.4496271393201807,-0.8932163431032545,0.4496271393201807,-1.889458342890721,1.0067908809072144,65.0,95.0,,,0.0,6,0.0,0.0,0.8054722222222223,0.0,-0.0,17.35,1.1958333333333329,194,7,2017,285
2018-07-14,0.0,0.1,0,0.0,17.8,30.3,24.3625,5.9,2.920833333333333,0.1009180403719968,0.18450177577272386,84.45833333333333,308.6666666666667,600.0,29.875,1014.6999999999999,1013.8,21.3125,17.1,,,,348.80596645130925,0.18587342494745668,0.0,0.0,0.0,0.0,0.0,0.0,,0.4583333333333333,0,0,0.0,0.0,0.0,0.0,0.0,0.0,873.74,0.7374999999999545,-4.658333333333303,-3.257142857142867,0.0,,,3.0500000000000007,0.6999999999999993,-0.19413219916706057,0.9809753764731104,-0.19413219916706057,0.9809753764731104,0.08523369493084897,0.15582712478804636,66.0,96.0,,,0.0,6,0.0,0.0,0.8206388888888888,0.0,-0.0,17.525,0.6541666666666686,195,7,2017,286
2018-07-15,0.0,0.0,0,0.0,20.2,32.5,26.270833333333332,4.1,2.029166666666667,-0.7034313123171644,-0.05705201615763474,79.33333333333333,322.7916666666667,600.0,37.333333333333336,1015.4333333333334,1013.9,21.7,18.0,,,,248.9405986482391,0.26108770638517725,0.0,0.0,0.0,0.0,0.0,0.0,,0.5833333333333334,0,0,0.0,0.0,0.0,0.0,0.0,0.0,873.74,0.7333333333334622,-0.75,-2.2083333333332575,0.0,,,4.570833333333333,2.1999999999999993,-0.9332083871612269,-0.35933564550701275,-0.9332083871612269,-0.35933564550701275,-0.558055507771617,-0.045261266151723566,67.0,97.0,,,0.0,6,0.0,0.0,0.8129722222222222,0.0,-0.0,12.175,1.9083333333333314,196,7,2017,287
2018-07-16,0.0,0.0,0,0.0,19.3,31.5,25.333333333333332,3.9,2.0791666666666666,-0.9862133948137298,1.18125138521856,75.5,303.0,600.0,85.95833333333333,1015.7958333333332,1014.5,20.083333333333332,17.0,,,,323.8333350285329,0.7424212466300875,0.0,0.0,0.0,0.0,0.0,0.0,,0.0,0,0,0.0,0.0,0.0,0.0,0.0,0.0,873.74,0.36249999999984084,1.8333333333332575,-0.9619047619047478,0.0,,,5.25,2.3000000000000007,-0.5901360733322181,0.807303793470606,-0.5901360733322181,0.807303793470606,-0.7445911130843661,0.8918447958400129,68.0,98.0,,,0.0,6,0.0,0.0,0.7869999999999999,0.0,-0.0,12.475,-0.9375,197,7,2017,288
2018-07-17,0.0,0.0,0,0.0,19.5,31.6,25.375,2.9,1.925,-0.8481169359951298,1.2750461558878863,74.58333333333333,311.625,600.0,90.125,1015.1833333333334,1013.9,19.95,16.4,,,,327.48299024852173,0.7859708720052386,0.0,0.0,0.0,0.0,0.0,0.0,,0.0,0,0,0.0,0.0,0.0,0.0,0.0,0.0,873.74,-0.6124999999998408,0.4833333333334622,-0.6190476190474783,0.0,,,5.425000000000001,3.1000000000000014,-0.5375499674863332,0.843231897199959,-0.5375499674863332,0.843231897199959,-0.6325538814297009,0.9509719245997151,69.0,99.0,,,0.0,6,0.0,0.0,0.7896944444444444,0.0,-0.0,11.55,0.04166666666666785,198,7,2017,289
2018-07-18,0.0,0.0,0,0.0,18.4,30.6,24.683333333333334,4.7,2.254166666666667,-0.8489198616535555,1.297993415562592,79.375,324.6666666666667,600.0,44.166666666666664,1014.6458333333334,1013.2,20.400000000000002,16.8,,,,322.16258447913685,0.6970741684094638,0.0,0.0,0.0,0.0,0.0,0.0,,0.4166666666666667,0,0,0.0,0.0,0.0,0.0,0.0,0.0,873.74,-0.5375000000000227,-0.7875000000000227,-0.4833333333333485,0.0,,,4.283333333333331,1.5999999999999979,-0.6134229131429787,0.789754600892696,-0.6134229131429787,0.789754600892696,-0.6738301401875098,1.0302822736028074,70.0,100.0,,,0.0,6,0.0,0.0,0.814361111111111,0.0,-0.0,13.525000000000002,-0.6916666666666664,199,7,2017,290
2018-07-19,0.0,0.0,0,0.0,18.8,31.6,25.695833333333336,5.0,2.7708333333333335,-0.18605162195776784,-0.39399965310365065,77.83333333333333,320.4583333333333,600.0,37.708333333333336,1014.1041666666666,1012.8,21.041666666666668,17.5,,,,94.17396351546624,0.04920933154946562,0.0,0.0,0.0,0.0,0.0,0.0,,0.2916666666666667,0,0,0.0,0.0,0.0,0.0,0.0,0.0,873.74,-0.5416666666667425,-1.691666666666606,-0.7279761904761699,0.0,,,4.654166666666669,1.3000000000000007,0.9973476553266454,-0.07278498756229114,0.9973476553266454,-0.07278498756229114,-0.14481017909046262,-0.3066630633323414,71.0,101.0,,,0.0,6,0.0,0.0,0.8064166666666667,0.0,-0.0,16.625,1.0125000000000028,200,7,2017,291
2018-07-20,0.0,0.0,0,0.0,19.1,31.5,25.425,4.4,2.475,0.08818441564645686,-0.6848831732073148,80.375,315.4583333333333,600.0,42.666666666666664,1014.725,1013.4,21.241666666666667,19.0,,,,208.07178012647174,0.18472572017457342,0.0,0.0,0.0,0.0,0.0,0.0,,0.4166666666666667,0,0,0.0,0.0,0.0,0.0,0.0,0.0,873.74,0.620833333333394,-0.45833333333337123,-0.21607142857135386,0.0,,,4.183333333333334,0.10000000000000142,-0.47057735041929316,-0.882358746356808,-0.47057735041929316,-0.882358746356808,0.0708782240758397,-0.5504748504653793,72.0,102.0,,,0.0,6,0.0,0.0,0.8115555555555556,0.0,-0.0,14.850000000000001,-0.2708333333333357,201,7,2017,292
2018-07-21,0.0,0.0,0,0.0,19.3,31.0,25.329166666666666,4.8,2.533333333333333,0.6475895887920446,0.23566453524421518,81.29166666666667,273.5416666666667,600.0,86.66666666666667,1015.2416666666667,1013.8,21.454166666666666,18.9,,,,359.7984489172878,0.1782115645868062,0.0,0.0,0.0,0.0,0.0,0.0,,0.08333333333333333,0,0,0.0,0.0,0.0,0.0,0.0,0.0,873.74,0.5166666666666515,0.595833333333303,0.22321428571433444,0.0,,,3.875,0.40000000000000213,-0.0035177227493108673,0.9999938127941888,-0.0035177227493108673,0.9999938127941888,0.5264363698888663,0.1915756284422766,73.0,103.0,,,0.0,6,0.0,0.0,0.7866666666666667,0.0,-0.0,15.2,-0.09583333333333499,202,7,2017,293
2018-07-22,0.0,0.1,0,0.0,20.0,31.4,25.354166666666668,5.4,3.2458333333333336,-1.2901145723560645,2.3646273729185685,79.875,311.625,600.0,69.75,1013.9291666666667,1012.3,21.162499999999998,19.3,,,,326.73450224941456,0.8043635481113942,0.0,0.0,0.0,0.0,0.0,0.0,,0.125,0,0,0.0,0.0,0.0,0.0,0.0,0.0,873.74,-1.3125,-0.17499999999995453,-0.8744047619047706,0.0,,,4.19166666666667,0.6999999999999993,-0.5485194138044851,0.8361378191898654,-0.5485194138044851,0.8361378191898654,-1.0304790146694065,1.8887461141187065,74.0,104.0,,,0.0,6,0.0,0.0,0.8073333333333333,0.0,-0.0,19.475,0.02500000000000213,203,7,2017,294
2018-07-23,0.0,0.0,0,0.0,19.9,30.1,24.825,8.2,4.666666666666667,-2.874896287791163,3.481664678656682,77.20833333333333,308.625,600.0,47.25,1011.4333333333334,1009.5,20.158333333333335,18.0,,,,316.65750833548043,0.9605263052846075,0.0,0.0,0.0,0.0,0.0,0.0,,0.4583333333333333,0,0,0.0,0.0,0.0,0.0,0.0,0.0,873.74,-2.4958333333332803,-3.2916666666666288,-2.747023809523853,0.0,,,4.666666666666664,1.8999999999999986,-0.6863578947107017,0.7272639413364953,-0.6863578947107017,0.7272639413364953,-2.2196595088654267,2.6881352706461796,75.0,105.0,,,0.0,6,0.0,0.0,0.7964444444444444,0.0,-0.0,28.0,-0.5291666666666686,204,7,2017,295
2018-07-24,0.0,0.0,0,0.0,18.2,31.0,25.058333333333334,7.0,3.154166666666667,0.25802224949922636,2.213097019001442,73.33333333333333,324.9166666666667,600.0,38.25,1010.6583333333333,1009.4,19.325,16.0,,,,338.1874318904157,0.6008477834779145,0.0,0.0,0.0,0.0,0.0,0.0,,0.375,0,0,0.0,0.0,0.0,0.0,0.0,0.0,873.74,-0.775000000000091,-4.583333333333371,-2.875595238095343,0.0,,,5.733333333333334,2.1999999999999993,-0.37157149452333305,0.9284043431919611,-0.37157149452333305,0.9284043431919611,0.18921631629943267,1.6229378139343908,76.0,106.0,,,0.0,6,0.0,0.0,0.7943888888888889,0.0,-0.0,18.925,0.23333333333333428,205,7,2017,296
2018-07-25,0.0,0.0,0,0.0,22.2,31.0,26.191666666666666,7.3,3.954166666666667,0.2561972271919452,0.13991192133833372,65.04166666666667,301.1666666666667,600.0,71.33333333333333,1011.875,1010.8,18.645833333333332,15.7,,,,245.54326378989998,0.09079038934563521,0.0,0.0,0.0,0.0,0.0,0.0,,0.08333333333333333,0,0,0.0,0.0,0.0,0.0,0.0,0.0,873.74,1.216666666666697,-2.0541666666666742,-1.2630952380951612,0.0,,,7.545833333333334,6.5,-0.9102741444656455,-0.4140060167646567,-0.9102741444656455,-0.4140060167646567,0.1666349465194277,0.0910010455038079,77.0,107.0,,,0.0,6,0.0,0.0,0.7509166666666668,0.0,-0.0,23.725,1.1333333333333329,206,7,2017,297
2018-07-26,0.0,0.0,0,0.0,19.9,30.3,24.883333333333336,7.3,4.3374999999999995,2.051972252298784,-0.0008108272618588819,70.58333333333333,295.0,600.0,75.5,1011.6333333333333,1009.9,18.599999999999998,14.8,,,,93.09651122948829,0.2213027763284507,0.0,0.0,0.0,0.0,0.0,0.0,,0.041666666666666664,0,0,0.0,0.0,0.0,0.0,0.0,0.0,873.74,-0.24166666666667425,0.1999999999999318,-1.1517857142857792,0.0,,,6.2833333333333385,5.099999999999998,0.9985399613628015,-0.05401801145520679,0.9985399613628015,-0.05401801145520679,1.4483504147475585,-0.000572308908995394,78.0,108.0,,,0.0,6,0.0,0.0,0.7652777777777778,0.0,-0.0,26.025,-1.30833333333333,207,7,2017,298
2018-07-27,0.0,0.0,0,0.0,17.3,29.4,23.400000000000002,9.7,4.9125,2.65603901786259,-1.7233751292170794,75.875,313.6666666666667,600.0,47.25,1010.3333333333334,1008.3,18.287499999999998,16.0,,,,144.42180398634684,0.4083650222470082,0.0,0.0,0.0,0.0,0.0,0.0,,0.375,0,0,0.0,0.0,0.0,0.0,0.0,0.0,873.74,-1.2999999999999545,-0.3249999999999318,-1.824404761904816,0.0,,,5.112500000000004,1.3000000000000007,0.5818135014196526,-0.8133222298485415,0.5818135014196526,-0.8133222298485415,2.0152696048032404,-1.307610879293459,79.0,109.0,,,0.0,6,0.0,0.0,0.7953611111111112,0.0,-0.0,29.474999999999998,-1.4833333333333343,208,7,2017,299
2018-07-28,0.0,6.7,0,0.0,18.6,26.8,22.554166666666664,10.8,6.008333333333333,1.4170907511330706,-4.064348290637377,83.41666666666667,180.16666666666666,600.0,84.91666666666667,1006.8208333333333,1001.6,19.520833333333332,15.0,,,,170.41019619235172,0.5951468517530231,0.0,0.0,0.0,0.0,0.0,0.0,,0.08333333333333333,0,0,0.0,0.0,0.0,0.0,0.0,0.0,873.74,-3.5125000000000455,-5.054166666666674,-4.133928571428555,0.0,,,3.0333333333333314,3.6000000000000014,0.16659327905366567,-0.986025699144879,0.16659327905366567,-0.986025699144879,1.1820898682368364,-3.3903438657733456,80.0,110.0,,,0.0,6,0.0,0.0,0.7315,0.0,-0.0,36.05,-0.8458333333333385,209,7,2017,300
2018-07-29,0.0,3.8000000000000003,0,0.0,19.9,27.4,23.6875,18.8,13.295833333333334,5.572342338110058,-11.973751293327524,91.25,269.5833333333333,600.0,84.125,1006.2208333333333,1001.2,22.05,19.6,,,,157.25682233254625,0.9889800716584355,0.0,0.0,0.0,0.0,0.0,0.0,,0.0,0,0,0.0,0.0,0.0,0.0,0.0,0.0,873.74,-0.6000000000000227,-5.412500000000023,-3.6327380952380963,0.0,,,1.6374999999999993,0.29999999999999716,0.3866011504288379,-0.9222470116444396,0.3866011504288379,-0.9222470116444396,5.084762383525428,-10.926048055161367,81.0,111.0,,,0.0,6,0.0,0.0,0.8172222222222222,0.0,-0.0,79.775,1.1333333333333364,210,7,2017,301
2018-07-30,0.0,0.0,0,0.0,18.7,29.0,23.683333333333334,11.2,7.066666666666666,2.4381894928522927,-6.19501824467659,79.08333333333333,302.9583333333333,600.0,65.45833333333333,1011.9666666666667,1010.3,19.508333333333333,17.9,,,,161.62410804636212,0.9410153471066942,0.0,0.0,0.0,0.0,0.0,0.0,,0.20833333333333334,0,0,0.0,0.0,0.0,0.0,0.0,0.0,873.74,5.745833333333394,1.6333333333333258,2.0369047619047933,0.0,,,4.175000000000001,0.8000000000000007,0.3152497554058953,-0.9490087416438919,0.3152497554058953,-0.9490087416438919,1.928201523930688,-4.899226928498403,82.0,112.0,,,0.0,6,0.0,0.0,0.7989166666666666,0.0,-0.0,42.4,-0.00416666666666643,211,7,2017,302
2018-07-31,0.0,0.0,0,0.0,19.3,30.3,25.445833333333336,9.9,4.304166666666666,1.0972405013785564,-2.106148843163832,77.625,296.25,600.0,18.958333333333332,1010.0833333333334,1007.8,20.904166666666665,18.2,,,,172.68966729513605,0.25467208862631835,0.0,0.0,0.0,0.0,0.0,0.0,,0.6666666666666666,0,0,0.0,0.0,0.0,0.0,0.0,0.0,873.74,-1.8833333333333258,3.2625000000000455,0.23571428571426623,0.0,,,4.541666666666671,1.1000000000000014,0.12724348450071168,-0.9918715116647504,0.12724348450071168,-0.9918715116647504,0.8517329391951044,-1.634898039505925,83.0,113.0,,,0.0,6,0.0,0.0,0.7895833333333333,0.0,-0.0,25.824999999999996,1.7625000000000028,212,7,2017,303
2018-08-01,0.0,1.0,0,0.0,20.4,30.2,24.8875,6.4,3.5083333333333333,-0.5739555376717315,2.8258848834365433,82.16666666666667,248.04166666666666,600.0,43.875,1008.65,1006.9,21.258333333333333,19.5,,,,338.77970404273356,0.8031200898748393,0.0,0.0,0.0,0.0,0.0,0.0,,0.3333333333333333,0,0,0.0,0.0,0.0,0.0,0.0,0.0,873.74,-1.433333333333394,2.4291666666666742,-0.7369047619048388,0.0,,,3.6291666666666664,0.8999999999999986,-0.361954805639577,0.9321956439902602,-0.361954805639577,0.9321956439902602,-0.471600133453606,2.3219354125570266,84.0,114.0,,,0.0,6,0.0,0.0,0.7725833333333334,0.0,-0.0,21.05,-0.5583333333333371,213,8,2017,304
2018-08-02,0.0,0.4,0,0.0,18.8,30.9,24.695833333333336,4.7,3.1208333333333336,-1.254564505356104,2.3551857941019936,75.66666666666667,286.25,600.0,52.375,1009.8375000000001,1009.0,19.604166666666668,16.6,,,,328.3468131479306,0.8267525959120219,0.0,0.0,0.0,0.0,0.0,0.0,,0.375,0,0,0.0,0.0,0.0,0.0,0.0,0.0,873.74,1.1875000000001137,-2.129166666666606,0.7071428571429124,0.0,,,5.091666666666669,2.1999999999999993,-0.5247763260159876,0.8512401586233828,-0.5247763260159876,0.8512401586233828,-0.9492871423861189,1.782090584203842,85.0,115.0,,,0.0,6,0.0,0.0,0.7763888888888889,0.0,-0.0,18.725,-0.19166666666666288,214,8,2017,305
2018-08-03,0.0,0.0,0,0.0,19.6,29.2,23.84583333333333,11.6,5.645833333333333,-2.6129737901552215,4.868975333562145,75.58333333333333,308.4166666666667,600.0,13.583333333333334,1011.2125,1010.1,18.829166666666666,17.5,,,,326.23901075482684,0.9663200587382623,0.0,0.0,0.0,0.0,0.0,0.0,,0.7916666666666666,0,0,0.0,0.0,0.0,0.0,0.0,0.0,873.74,1.3749999999998863,1.129166666666606,1.956547619047683,0.0,,,5.016666666666666,2.1000000000000014,-0.5557296974330679,0.831363039466484,-0.5557296974330679,0.831363039466484,-1.9749726897256548,3.6801338562840544,86.0,116.0,,,0.0,6,0.0,0.0,0.7908888888888889,0.0,-0.0,33.875,-0.850000000000005,215,8,2017,306
2018-08-04,0.0,0.1,0,0.0,18.4,31.5,25.3125,4.7,2.7291666666666665,-0.14135678100761415,1.2844045754542905,69.0,307.0,600.0,61.583333333333336,1010.7083333333334,1009.2,18.616666666666667,15.5,,,,341.7332260782309,0.4830507480176841,0.0,0.0,0.0,0.0,0.0,0.0,,0.125,0,0,0.0,0.0,0.0,0.0,0.0,0.0,873.74,-0.504166666666606,2.058333333333394,0.8970238095238301,0.0,,,6.695833333333333,2.8999999999999986,-0.31344182713068847,0.9496074036173979,-0.31344182713068847,0.9496074036173979,-0.09753617889525376,0.8862391570634606,87.0,117.0,,,0.0,6,0.0,0.0,0.7679999999999999,0.0,-0.0,16.375,1.4666666666666686,216,8,2017,307
2018-08-05,0.0,0.0,0,0.0,20.5,31.9,25.90833333333333,6.0,2.9291666666666667,-2.2032593138368557,1.0957690508963112,70.20833333333333,294.6666666666667,600.0,31.375,1008.8791666666666,1007.0,19.495833333333334,17.0,,,,297.34844463045687,0.7697690055158006,0.0,0.0,0.0,0.0,0.0,0.0,,0.375,0,0,0.0,0.0,0.0,0.0,0.0,0.0,873.74,-1.8291666666667652,-0.9583333333334849,-1.3119047619048843,0.0,,,6.412499999999998,3.5,-0.8882291184698766,0.4594007325878202,-0.8882291184698766,0.4594007325878202,-1.5468716432562923,0.7693211878167852,88.0,118.0,,,0.0,6,0.0,0.0,0.7638055555555555,0.0,-0.0,17.575,0.5958333333333314,217,8,2017,308
2018-08-06,0.0,4.8,0,0.0,19.4,29.7,24.375,6.0,2.8375,-0.7697828884561635,0.74548315657242,81.83333333333333,237.20833333333334,600.0,50.291666666666664,1008.0916666666667,1007.0,20.8125,17.2,,,,311.33951260923106,0.44333825941780397,0.0,0.0,0.0,0.0,0.0,0.0,,0.25,0,0,0.0,0.0,0.0,0.0,0.0,0.0,873.74,-0.787499999999909,-3.1208333333332803,-1.5458333333332348,0.0,,,3.5625,2.1999999999999993,-0.7508088011612621,0.660519601600731,-0.7508088011612621,0.660519601600731,-0.6299389970532938,0.6100537164617638,89.0,119.0,,,0.0,6,0.0,0.0,0.76425,0.0,-0.0,17.025,-1.5333333333333314,218,8,2017,309
2018-08-07,0.0,5.5,0,0.0,18.8,26.2,22.566666666666666,12.4,7.445833333333333,3.5339690724002693,-6.225233208365466,91.41666666666667,184.125,600.0,79.125,1010.0916666666667,1009.0,21.05,17.9,,,,151.6881591274485,0.9551594676854704,0.0,0.0,0.0,0.0,0.0,0.0,,0.041666666666666664,0,0,0.0,0.0,0.0,0.0,0.0,0.0,873.74,2.0,-0.6166666666666742,0.45297619047619264,0.0,,,1.5166666666666657,0.9000000000000021,0.47427016031962566,-0.8803793585894643,0.47427016031962566,-0.8803793585894643,3.2306367270192466,-5.690900691314097,90.0,120.0,,,0.0,6,0.0,0.0,0.7608055555555556,0.0,-0.0,44.675,-1.8083333333333336,219,8,2017,310
2018-08-08,0.0,1.3,0,0.0,18.8,31.3,24.683333333333334,8.2,5.145833333333333,2.6962654937949986,-1.426543651732988,82.75,266.8333333333333,600.0,34.875,1006.7833333333333,1004.4,21.1875,18.1,,,,115.24996981264074,0.4520935052167156,0.0,0.0,0.0,0.0,0.0,0.0,,0.5416666666666666,0,0,0.0,0.0,0.0,0.0,0.0,0.0,873.74,-3.308333333333394,-2.095833333333303,-2.588690476190436,0.0,,,3.4958333333333336,0.6999999999999993,0.9044553702000075,-0.4265682633721915,0.9044553702000075,-0.4265682633721915,2.2311596961153612,-1.1804648718090476,91.0,121.0,,,0.0,6,0.0,0.0,0.7870555555555555,0.0,-0.0,30.875,2.116666666666667,220,8,2017,311
2018-08-09,0.0,0.0,0,0.0,20.9,28.9,24.520833333333332,13.0,6.708333333333333,-2.639167270741066,5.786351801568833,83.5,265.0833333333333,600.0,23.958333333333332,1003.2291666666666,1001.5,21.304166666666667,19.9,,,,324.70877458782263,0.9207092983386493,0.0,0.0,0.0,0.0,0.0,0.0,,0.5833333333333334,0,0,0.0,0.0,0.0,0.0,0.0,0.0,873.74,-3.5541666666666742,-4.862500000000068,-5.198809523809587,0.0,,,3.216666666666665,1.0,-0.5777326298507232,0.8162260767739336,-0.5777326298507232,0.8162260767739336,-2.20370467106879,4.831603754309976,92.0,122.0,,,0.0,6,0.0,0.0,0.7883888888888889,0.0,-0.0,40.25,-0.16250000000000142,221,8,2017,312
2018-08-10,0.0,7.500000000000001,0,0.0,19.2,29.3,24.25,3.8,2.1625,-0.07769920565544529,0.7286508970425566,87.0,221.875,600.0,65.375,1006.1125000000001,1005.3,21.7,18.5,,,,354.7363451194295,0.36927806499098,0.0,0.0,0.0,0.0,0.0,0.0,,0.25,0,0,0.0,0.0,0.0,0.0,0.0,0.0,873.74,2.8833333333334394,-3.9791666666666288,-1.5869047619046341,0.0,,,2.5500000000000007,0.6999999999999993,-0.09173893890686677,0.9957830923892221,-0.09173893890686677,0.9957830923892221,-0.0675983089202374,0.6339262804270243,93.0,123.0,,,0.0,6,0.0,0.0,0.7712500000000001,0.0,-0.0,12.975000000000001,-0.27083333333333215,222,8,2017,313
2018-08-11,0.0,4.7,0,0.0,20.2,27.6,23.916666666666668,4.8,2.858333333333333,-0.13486967121443097,1.7639248352365426,89.25,224.91666666666666,600.0,50.375,1009.0291666666667,1007.1,21.875,20.1,,,,14.192565120505405,0.49670960837883316,0.0,0.0,0.0,0.0,0.0,0.0,,0.08333333333333333,0,0,0.0,0.0,0.0,0.0,0.0,0.0,873.74,2.9166666666666288,2.245833333333394,1.5696428571429806,0.0,,,2.041666666666668,0.09999999999999787,0.24518158555411743,0.9694771735864486,0.24518158555411743,0.9694771735864486,-0.12037118155887963,1.5743029154486143,94.0,124.0,,,0.0,6,0.0,0.0,0.7807777777777778,0.0,-0.0,17.15,-0.33333333333333215,223,8,2017,314
2018-08-12,0.0,4.2,0,0.0,19.7,28.3,23.916666666666668,4.4,1.7791666666666668,0.5367440718675472,-0.028556847414446983,89.79166666666667,220.54166666666666,600.0,61.583333333333336,1013.3708333333334,1011.6,22.041666666666668,19.5,,,,32.5760850451043,0.18934608810879772,0.0,0.0,0.0,0.0,0.0,0.0,,0.08333333333333333,0,0,0.0,0.0,0.0,0.0,0.0,0.0,873.74,4.341666666666697,10.141666666666765,5.269642857142912,0.0,,,1.875,0.1999999999999993,0.5384191029168245,0.8426772036872968,0.5384191029168245,0.8426772036872968,0.4819514478644018,-0.025641669240888856,95.0,125.0,,,0.0,6,0.0,0.0,0.7796666666666666,0.0,-0.0,10.675,0.0,224,8,2017,315
2018-08-13,0.0,8.9,0,0.0,21.5,27.7,23.991666666666664,4.1,1.7708333333333333,-1.1802909594937572,0.7745094330968066,90.70833333333333,147.0,555.0,90.29166666666667,1015.9,1015.1,22.325,20.7,,,,294.19364310330195,0.6418019132097342,0.0,0.0,0.0,0.0,0.0,0.0,,0.0,0,0,0.0,0.0,0.0,0.0,0.0,0.0,873.74,2.5291666666665833,9.787499999999909,6.683333333333167,0.0,,,1.6666666666666643,0.8000000000000007,-0.9121655910177593,0.40982183270687517,-0.9121655910177593,0.40982183270687517,-1.0706222578407956,0.7025445982715617,96.0,126.0,,,0.0,6,0.0,0.0,0.7336944444444443,0.0,-0.0,10.625,0.07499999999999574,225,8,2017,316
2018-08-14,0.0,7.799999999999999,0,0.0,19.8,29.1,24.304166666666664,4.8,2.620833333333333,-0.15286070302974175,-0.08858774367486377,88.75,213.91666666666666,600.0,90.83333333333333,1017.1625,1016.2,22.2,18.7,,,,259.3544663823168,0.12530937271635675,0.0,0.0,0.0,0.0,0.0,0.0,,0.0,0,0,0.0,0.0,0.0,0.0,0.0,0.0,873.74,1.2625000000000455,8.133333333333326,6.935714285714312,0.0,,,2.1041666666666643,1.1000000000000014,-0.9827888505076952,-0.18473244251555593,-0.9827888505076952,-0.18473244251555593,-0.1356638739388958,-0.0786216225114416,97.0,127.0,,,0.0,6,0.0,0.0,0.7717777777777778,0.0,-0.0,15.724999999999998,0.3125,226,8,2017,317
2018-08-15,0.0,27.400000000000002,0,0.0,20.7,28.3,23.712500000000002,6.9,3.2916666666666665,0.5420777872484842,-1.8280615647924991,92.375,183.0,600.0,97.08333333333333,1016.9541666666668,1014.3,22.337500000000002,20.2,,,,170.7941368702714,0.3848287948448001,0.0,0.0,0.0,0.0,0.0,0.0,,0.0,0,0,0.0,0.0,0.0,0.0,0.0,0.0,873.74,-0.20833333333325754,3.5833333333333712,5.274404761904748,0.0,,,1.375,0.5,0.15998220141498015,-0.987119899115815,0.15998220141498015,-0.987119899115815,0.5007443559707874,-1.6886718704770711,98.0,128.0,,,0.0,6,0.0,0.0,0.7632500000000001,0.0,-0.0,19.75,-0.5916666666666615,227,8,2017,318
2018-08-16,0.0,37.0,0,0.0,18.1,24.2,22.03333333333333,8.1,3.7916666666666665,-0.29347206125956865,0.47868635894039163,97.54166666666667,54.083333333333336,212.0,94.79166666666667,1010.6666666666666,1007.7,21.625,18.0,,,,127.96013513533757,0.04993780381203964,0.0,0.0,0.0,0.0,0.0,0.0,,0.0,0,0,0.0,0.0,0.0,0.0,0.0,0.0,873.74,-6.287500000000136,-5.2333333333333485,-2.075595238095275,0.0,,,0.40833333333333144,0.10000000000000142,0.7884389235545228,-0.6151130496292412,0.7884389235545228,-0.6151130496292412,-0.2862575397536043,0.46691865261644033,99.0,129.0,,,0.0,6,0.0,0.0,0.6945277777777777,0.0,-0.0,22.75,-1.6791666666666707,228,8,2017,319
2018-08-17,0.0,2.2,0,0.0,13.3,18.8,16.0125,12.8,8.320833333333333,-1.598855456066748,8.08744122576663,86.45833333333333,220.83333333333334,600.0,60.166666666666664,1013.5291666666667,1011.3,13.608333333333334,12.1,,,,348.5286077401921,0.9853047134027969,0.0,0.0,0.0,0.0,0.0,0.0,,0.25,0,0,0.0,0.0,0.0,0.0,0.0,0.0,873.74,2.862500000000068,-3.6333333333333258,-0.27261904761905953,0.0,,,2.404166666666665,1.200000000000001,-0.19887863390851654,0.9800241267309098,-0.19887863390851654,0.9800241267309098,-1.3823437797243758,6.992266893110732,100.0,130.0,,,0.0,6,0.0,0.0,0.7687499999999999,0.0,-0.0,49.925,-6.020833333333332,229,8,2017,320
2018-08-18,0.0,0.0,0,0.0,11.4,24.2,17.8,6.0,3.5124999999999997,1.124772938177225,-0.3455744430417775,79.0,280.0833333333333,600.0,79.33333333333333,1014.3916666666668,1012.8,13.6875,10.9,,,,87.79960925825854,0.27814324919659955,0.0,0.0,0.0,0.0,0.0,0.0,,0.041666666666666664,0,0,0.0,0.0,0.0,0.0,0.0,0.0,873.74,0.8625000000000682,-2.5625,-0.1761904761904134,0.0,,,4.112500000000001,0.5,0.999262654592894,0.038394623789829545,0.999262654592894,0.038394623789829545,0.8885706211600076,-0.2730038100030042,101.0,131.0,,,0.0,6,0.0,0.0,0.7833888888888888,0.0,-0.0,21.075,1.7875000000000014,230,8,2017,321
2018-08-19,0.0,0.0,0,0.0,13.2,24.2,19.183333333333334,9.2,4.2875000000000005,1.7321602567010466,-2.843451556178669,82.08333333333333,240.5,600.0,85.54166666666667,1015.8249999999999,1014.4,15.762500000000001,13.0,,,,162.3864363849032,0.5830252764837127,0.0,0.0,0.0,0.0,0.0,0.0,,0.041666666666666664,0,0,0.0,0.0,0.0,0.0,0.0,0.0,873.74,1.4333333333331666,5.158333333333303,0.906547619047501,0.0,,,3.4208333333333325,0.1999999999999993,0.3025955308565658,-0.953119061138551,0.3025955308565658,-0.953119061138551,1.4218148773754422,-2.3339998190299904,102.0,132.0,,,0.0,6,0.0,0.0,0.7672777777777777,0.0,-0.0,25.725,1.3833333333333329,231,8,2017,322
2018-08-20,0.0,2.0,0,0.0,15.0,27.0,21.329166666666666,7.9,4.3875,0.9893605283679353,-2.9365790720716145,83.16666666666667,271.1666666666667,600.0,88.58333333333333,1015.4041666666667,1013.0,18.058333333333334,14.8,,,,180.89952954688565,0.5936200904827356,0.0,0.0,0.0,0.0,0.0,0.0,,0.0,0,0,0.0,0.0,0.0,0.0,0.0,0.0,873.74,-0.4208333333332348,1.875,0.556547619047592,0.0,,,3.270833333333332,0.1999999999999993,-0.01569910736843482,-0.9998767614200433,-0.01569910736843482,-0.9998767614200433,0.8228181727593329,-2.442254928272893,103.0,133.0,,,0.0,6,0.0,0.0,0.7913333333333333,0.0,-0.0,26.325000000000003,2.145833333333332,232,8,2017,323
2018-08-21,0.0,0.0,0,0.0,18.2,27.6,22.995833333333334,11.0,6.95,1.5488225821972252,-6.28031976485017,88.16666666666667,213.91666666666666,600.0,58.375,1014.4791666666666,1012.9,20.795833333333334,17.8,,,,169.9378742142841,0.9091688924743077,0.0,0.0,0.0,0.0,0.0,0.0,,0.20833333333333334,0,0,0.0,0.0,0.0,0.0,0.0,0.0,873.74,-0.9250000000000682,0.08749999999986358,0.014880952380963208,0.0,,,2.1999999999999993,0.3999999999999986,0.17471590194329525,-0.9846188874930953,0.17471590194329525,-0.9846188874930953,1.3655452433038868,-5.5371485926762345,104.0,134.0,,,0.0,6,0.0,0.0,0.7698333333333333,0.0,-0.0,41.7,1.6666666666666679,233,8,2017,324
2018-08-22,0.0,0.5,0,0.0,20.6,29.5,24.683333333333334,8.3,5.166666666666667,0.8514646691296311,-4.488919698041349,81.25,255.16666666666666,600.0,35.916666666666664,1016.6541666666667,1015.7,21.154166666666665,18.9,,,,170.56996068982932,0.8042270096660675,0.0,0.0,0.0,0.0,0.0,0.0,,0.3333333333333333,0,0,0.0,0.0,0.0,0.0,0.0,0.0,873.74,2.175000000000068,0.8291666666667652,2.232738095238119,0.0,,,3.5291666666666686,1.7000000000000028,0.16384318462587877,-0.9864863966885961,0.16384318462587877,-0.9864863966885961,0.6918150436678253,-3.6472472546585966,105.0,135.0,,,0.0,6,0.0,0.0,0.7742777777777778,0.0,-0.0,31.0,1.6875,234,8,2017,325
2018-08-23,0.0,15.5,0,0.0,19.3,28.2,23.525000000000002,18.5,11.666666666666666,3.8856685692282436,-10.67158195975923,80.83333333333333,272.4166666666667,600.0,62.708333333333336,1015.225,1010.4,19.791666666666668,15.3,,,,164.59579155674567,0.964177445270514,0.0,0.0,0.0,0.0,0.0,0.0,,0.2916666666666667,0,0,0.0,0.0,0.0,0.0,0.0,0.0,873.74,-1.4291666666666742,-0.17916666666667425,0.152380952380895,0.0,,,3.7333333333333343,4.0,0.26562693072624105,-0.9640758962202907,0.26562693072624105,-0.9640758962202907,3.14091542679283,-8.626195417472044,106.0,136.0,,,0.0,6,0.0,0.0,0.7843888888888889,0.0,-0.0,70.0,-1.1583333333333314,235,8,2017,326
2018-08-24,0.0,31.8,0,0.0,21.5,27.2,23.474999999999998,18.7,11.570833333333333,6.027892147469083,-9.644159467790336,95.04166666666667,139.625,576.0,99.45833333333333,1009.7416666666667,1006.9,22.570833333333336,21.2,,,,143.2306155359608,0.9702431773775627,0.0,0.0,0.0,0.0,0.0,0.0,,0.0,0,0,0.0,0.0,0.0,0.0,0.0,0.0,873.74,-5.4833333333333485,-4.7374999999999545,-4.789880952380827,0.0,,,0.9041666666666615,0.3000000000000007,0.5985956486929902,-0.8010513400312231,0.5985956486929902,-0.8010513400312231,5.729009161823741,-9.165969894179065,107.0,137.0,,,0.0,6,0.0,0.0,0.7432222222222222,0.0,-0.0,69.425,-0.05000000000000426,236,8,2017,327
2018-08-25,0.0,6.7,0,0.0,21.0,29.1,24.108333333333334,4.6,2.2041666666666666,-0.9232546417793266,-1.088096978355484,93.04166666666667,179.29166666666666,600.0,85.75,1014.4125,1013.0,22.84583333333333,20.6,,,,221.7950281202376,0.7058835542604068,0.0,0.0,0.0,0.0,0.0,0.0,,0.0,0,0,0.0,0.0,0.0,0.0,0.0,0.0,873.74,4.6708333333333485,-2.2416666666666742,-0.12202380952385283,0.0,,,1.2625000000000028,0.3999999999999986,-0.6664677785592996,-0.7455338356789935,-0.6664677785592996,-0.7455338356789935,-0.8590115062888485,-1.0123835636115814,108.0,138.0,,,0.0,6,0.0,0.0,0.7629999999999999,0.0,-0.0,13.225,0.6333333333333364,237,8,2017,328
2018-08-26,0.0,0.5,0,0.0,19.7,29.1,24.266666666666666,4.8,2.3333333333333335,-2.0810604854139876,0.5876222098536551,80.91666666666667,249.79166666666666,600.0,67.16666666666667,1015.9916666666667,1014.9,20.533333333333335,18.1,,,,285.6417802073325,0.9077983698738217,0.0,0.0,0.0,0.0,0.0,0.0,,0.08333333333333333,0,0,0.0,0.0,0.0,0.0,0.0,0.0,873.74,1.5791666666666515,0.7666666666666515,1.4333333333332803,0.0,,,3.7333333333333307,1.5999999999999979,-0.9629662138215603,0.26962208929939147,-0.9629662138215603,0.26962208929939147,-1.6839247761141516,0.4754843048065826,109.0,139.0,,,0.0,6,0.0,0.0,0.7695833333333333,0.0,-0.0,14.0,0.15833333333333144,238,8,2017,329
2018-08-27,0.0,2.8,0,0.0,18.1,27.1,22.837500000000002,6.1,3.1125000000000003,-1.7611077666641537,1.410276615901432,83.0,218.58333333333334,600.0,61.0,1016.1958333333333,1015.2,19.6125,16.7,,,,308.91100838552563,0.7444573442124048,0.0,0.0,0.0,0.0,0.0,0.0,,0.08333333333333333,0,0,0.0,0.0,0.0,0.0,0.0,0.0,873.74,0.2041666666666515,6.4541666666666515,1.5244047619047478,0.0,,,3.2250000000000014,1.4000000000000021,-0.7781224820045104,0.6281125719161657,-0.7781224820045104,0.6281125719161657,-1.4617194463312475,1.1705295911981886,110.0,140.0,,,0.0,6,0.0,0.0,0.7557222222222223,0.0,-0.0,18.675,-1.4291666666666636,239,8,2017,330
2018-08-28,0.0,19.9,0,0.0,19.7,25.9,22.25,5.0,2.4625,-1.6621018230082834,-1.0958831332311971,90.58333333333333,106.83333333333333,547.0,92.75,1015.3249999999999,1013.9,20.579166666666666,18.4,,,,233.9678982180124,0.7968789993607526,0.0,0.0,0.0,0.0,0.0,0.0,,0.0,0,0,0.0,0.0,0.0,0.0,0.0,0.0,873.74,-0.870833333333394,0.912499999999909,0.5327380952380736,0.0,,,1.6708333333333343,1.3000000000000007,-0.8086875420364814,-0.5882384375021698,-0.8086875420364814,-0.5882384375021698,-1.5055872346750032,-0.9926874715185927,111.0,141.0,,,0.0,6,0.0,0.0,0.7065,0.0,-0.0,14.774999999999999,-0.5875000000000021,240,8,2017,331
2018-08-29,0.0,1.8,0,0.0,18.1,25.8,21.675,4.9,2.8708333333333336,-1.5043777687135453,-0.6469144068529625,91.79166666666667,131.08333333333334,528.0,72.91666666666667,1015.5333333333333,1014.7,20.183333333333334,17.9,,,,246.78089043863338,0.5127306492574147,0.0,0.0,0.0,0.0,0.0,0.0,,0.08333333333333333,0,0,0.0,0.0,0.0,0.0,0.0,0.0,873.74,0.20833333333337123,-0.45833333333337123,0.9011904761904361,0.0,,,1.4916666666666671,0.20000000000000284,-0.9190038987533221,-0.39424844207199305,-0.9190038987533221,-0.39424844207199305,-1.3808934268649753,-0.5938135159571152,112.0,142.0,,,0.0,6,0.0,0.0,0.7266944444444444,0.0,-0.0,17.225,-0.5749999999999993,241,8,2017,332
2018-08-30,0.0,8.3,0,0.0,17.6,25.1,21.724999999999998,5.1,2.095833333333333,-0.9844599749306872,-0.6436962219279586,91.70833333333333,125.95833333333333,528.0,77.41666666666667,1015.3375,1014.1,20.245833333333334,16.9,,,,245.99409692694917,0.5149579505274454,0.0,0.0,0.0,0.0,0.0,0.0,,0.08333333333333333,0,0,0.0,0.0,0.0,0.0,0.0,0.0,873.74,-0.19583333333332575,-0.8583333333333485,0.689285714285802,0.0,,,1.4791666666666643,0.7000000000000028,-0.9135035475065715,-0.4068307617338064,-0.9135035475065715,-0.4068307617338064,-0.9028318353426843,-0.5903230768597654,113.0,143.0,,,0.0,6,0.0,0.0,0.723,0.0,-0.0,12.575,0.04999999999999716,242,8,2017,333
2018-08-31,0.0,21.7,0,0.0,19.2,24.1,21.541666666666668,4.7,2.5166666666666666,-1.1767236003834958,-0.9831975881647379,96.41666666666667,50.916666666666664,271.0,98.08333333333333,1012.7624999999999,1011.1,20.929166666666667,18.8,,,,232.6520966434159,0.5510950950059225,0.0,0.0,0.0,0.0,0.0,0.0,,0.0,0,0,0.0,0.0,0.0,0.0,0.0,0.0,873.74,-2.5750000000000455,-2.5625,-2.317261904761949,0.0,,,0.6125000000000007,0.3999999999999986,-0.794966553383251,-0.6066532609340816,-0.794966553383251,-0.6066532609340816,-1.134557671369754,-0.9479663412555016,114.0,144.0,,,0.0,6,0.0,0.0,0.6886666666666668,0.0,-0.0,15.1,-0.18333333333333002,243,8,2017,334
2018-09-01,0.0,24.6,0,0.0,18.4,21.7,19.7125,7.7,3.9791666666666665,-0.6420927626389484,2.262747030565947,95.125,77.66666666666667,293.0,99.16666666666667,1012.5291666666667,1010.0,18.895833333333332,18.2,,,,349.88276897989044,0.5188237648452334,0.0,0.0,0.0,0.0,0.0,0.0,,0.0,0,0,0.0,0.0,0.0,0.0,0.0,0.0,873.74,-0.2333333333332348,-3.004166666666606,-2.2815476190476147,0.0,,,0.8166666666666664,0.1999999999999993,-0.1756627957083412,0.9844503960098394,-0.1756627957083412,0.9844503960098394,-0.6107907404602997,2.152438112825857,115.0,145.0,,,0.0,6,0.0,0.0,0.7021944444444445,0.0,-0.0,23.875,-1.8291666666666693,244,9,2017,335
2018-09-02,0.0,1.2,0,0.0,17.2,24.9,20.075,8.0,4.520833333333333,2.3626822896411985,-3.457674672768101,87.5,195.66666666666666,600.0,98.95833333333333,1014.7833333333333,1012.6,17.775000000000002,15.8,,,,146.02678914317562,0.8846372816655826,0.0,0.0,0.0,0.0,0.0,0.0,,0.0,0,0,0.0,0.0,0.0,0.0,0.0,0.0,873.74,2.254166666666606,-0.5541666666666742,0.1452380952381418,0.0,,,2.299999999999997,1.3999999999999986,0.558805218589006,-0.8292989374632608,0.558805218589006,-0.8292989374632608,2.067347003436049,-3.0254653386720882,116.0,146.0,,,0.0,6,0.0,0.0,0.7554444444444445,0.0,-0.0,27.125,0.3625000000000007,245,9,2017,336
2018-09-03,0.0,2.0,0,0.0,18.1,24.8,20.712500000000002,8.8,4.929166666666666,1.90776824011863,-3.9256725819823806,92.04166666666667,198.95833333333334,600.0,72.375,1013.5,1011.4,19.266666666666666,17.9,,,,160.9786123179972,0.7590685689576327,0.0,0.0,0.0,0.0,0.0,0.0,,0.08333333333333333,0,0,0.0,0.0,0.0,0.0,0.0,0.0,873.74,-1.283333333333303,0.7375000000000682,-0.7529761904761472,0.0,,,1.4458333333333364,0.20000000000000284,0.32592108011248194,-0.945396979865238,0.32592108011248194,-0.945396979865238,1.7559416843425226,-3.613254472332949,117.0,147.0,,,0.0,6,0.0,0.0,0.7727777777777778,0.0,-0.0,29.574999999999996,0.6375000000000028,246,9,2017,337
2018-09-04,0.0,63.8,0,0.0,18.6,23.1,21.075,26.3,12.716666666666667,5.0990937946877395,-11.188602306517899,97.79166666666667,98.75,425.0,99.875,1002.0166666666668,986.3,20.716666666666665,18.6,,,,161.76661829902392,0.966538300662594,0.0,0.0,0.0,0.0,0.0,0.0,,0.0,0,0,0.0,0.0,0.0,0.0,0.0,0.0,873.74,-11.483333333333235,-10.512499999999932,-10.33511904761906,0.0,,,0.3583333333333343,0.0,0.31288833874937866,-0.9497899175473775,0.31288833874937866,-0.9497899175473775,4.986488806721718,-10.941520672248963,118.0,148.0,,,0.0,6,0.0,0.0,0.725138888888889,0.0,-0.0,76.3,0.36249999999999716,247,9,2017,338
2018-09-05,0.0,13.4,0,0.0,18.2,27.1,21.833333333333332,7.2,4.645833333333333,-0.6161788170151715,-4.113097586796604,81.33333333333333,253.16666666666666,600.0,41.166666666666664,1004.1791666666667,1000.3,18.070833333333333,15.1,,,,193.98520594388484,0.8545997143099385,0.0,0.0,0.0,0.0,0.0,0.0,,0.4166666666666667,0,0,0.0,0.0,0.0,0.0,0.0,0.0,873.74,2.162499999999909,-10.604166666666629,-6.550595238095298,0.0,,,3.7624999999999993,3.0999999999999996,-0.24167135234074108,-0.97035815937096,-0.24167135234074108,-0.97035815937096,-0.5011587711723395,-3.345319370594571,119.0,149.0,,,0.0,6,0.0,0.0,0.7732222222222221,0.0,-0.0,27.875,0.7583333333333329,248,9,2017,339
2018-09-06,0.0,0.30000000000000004,0,0.0,15.9,26.0,20.537499999999998,6.2,3.3874999999999997,0.7684355093634626,-2.512352690153493,79.58333333333333,243.04166666666666,600.0,67.83333333333333,1010.6541666666667,1008.8,16.4375,13.7,,,,166.8610511367192,0.7067894175888481,0.0,0.0,0.0,0.0,0.0,0.0,,0.08333333333333333,0,0,0.0,0.0,0.0,0.0,0.0,0.0,873.74,6.475000000000023,-2.845833333333303,0.5934523809523853,0.0,,,4.099999999999998,2.200000000000001,0.22731335015061932,-0.9738216678855025,0.22731335015061932,-0.9738216678855025,0.6115465928684223,-1.9994140159138214,120.0,150.0,,,0.0,6,0.0,0.0,0.7606388888888889,0.0,-0.0,20.325,-1.2958333333333343,249,9,2017,340
2018-09-07,0.0,21.7,0,0.0,16.1,23.4,19.879166666666666,9.7,5.016666666666667,3.0025315214110857,-3.1399719468218996,94.91666666666667,96.75,464.0,98.75,1011.4083333333333,1009.9,18.995833333333334,15.2,,,,141.83657039960596,0.769547271575669,0.0,0.0,0.0,0.0,0.0,0.0,,0.0,0,0,0.0,0.0,0.0,0.0,0.0,0.0,873.74,0.754166666666606,9.391666666666538,1.5410714285713993,0.0,,,0.8833333333333329,0.9000000000000021,0.6179066774940005,-0.7862514469991934,0.6179066774940005,-0.7862514469991934,2.8499028357393557,-2.9803567061917864,121.0,151.0,,,0.0,6,0.0,0.0,0.7142222222222223,0.0,-0.0,30.1,-0.6583333333333314,250,9,2017,341
2018-09-08,0.0,36.3,0,0.0,18.5,21.8,19.8125,5.0,2.875,-0.36747852661469693,-0.8697105132881174,96.20833333333333,74.41666666666667,437.0,97.0,1014.6333333333333,1011.6,19.183333333333334,17.7,,,,199.33115836162546,0.30650329781716773,0.0,0.0,0.0,0.0,0.0,0.0,,0.0,0,0,0.0,0.0,0.0,0.0,0.0,0.0,873.74,3.2250000000000227,10.454166666666652,4.465476190476124,0.0,,,0.6291666666666664,0.8000000000000007,-0.33102759787363395,-0.9436210730192558,-0.33102759787363395,-0.9436210730192558,-0.35354496581388967,-0.8367339896592764,122.0,152.0,,,0.0,6,0.0,0.0,0.7036388888888889,0.0,-0.0,17.25,-0.06666666666666643,251,9,2017,342
2018-09-09,0.0,8.1,0,0.0,18.2,24.0,20.579166666666666,8.4,5.454166666666667,4.407413302366859,-2.8812018387260814,96.33333333333333,100.16666666666667,475.0,99.95833333333333,1016.2166666666667,1015.4,19.933333333333334,18.1,,,,120.20087231461166,0.9477091606890344,0.0,0.0,0.0,0.0,0.0,0.0,,0.0,0,0,0.0,0.0,0.0,0.0,0.0,0.0,873.74,1.5833333333333712,5.5625,5.844047619047615,0.0,,,0.6458333333333321,0.09999999999999787,0.8642671434945262,-0.5030331049501734,0.8642671434945262,-0.5030331049501734,4.24580814794674,-2.7755577713061252,123.0,153.0,,,0.0,6,0.0,0.0,0.7212222222222221,0.0,-0.0,32.725,0.7666666666666657,252,9,2017,343
2018-09-10,0.0,15.2,0,0.0,16.1,20.4,17.933333333333334,10.2,6.716666666666666,0.9547286849330437,2.335028191381016,97.33333333333333,48.083333333333336,198.0,96.29166666666667,1017.0500000000001,1015.4,17.516666666666666,15.6,,,,25.9736345394886,0.3694850816933692,0.0,0.0,0.0,0.0,0.0,0.0,,0.0,0,0,0.0,0.0,0.0,0.0,0.0,0.0,873.74,0.8333333333333712,5.641666666666765,6.170238095238119,0.0,,,0.41666666666666785,0.5000000000000018,0.43795750764224906,0.8989956737937004,0.43795750764224906,0.8989956737937004,0.9292692533348292,2.2727607729441885,124.0,154.0,,,0.0,6,0.0,0.0,0.6898333333333334,0.0,-0.0,40.3,-2.645833333333332,253,9,2017,344
2018-09-11,0.0,0.1,0,0.0,14.3,22.1,17.491666666666667,7.9,5.075,2.344417425974073,-0.9540730042067865,85.16666666666667,201.08333333333334,600.0,86.625,1021.5083333333333,1019.4,14.833333333333334,12.8,,,,96.5399682251383,0.41648896978737715,0.0,0.0,0.0,0.0,0.0,0.0,,0.0,0,0,0.0,0.0,0.0,0.0,0.0,0.0,873.74,4.4583333333332575,6.875,7.844047619047615,0.0,,,2.658333333333333,1.5,0.9934926459677081,-0.11389627916697727,0.9934926459677081,-0.11389627916697727,1.9966621744545856,-0.8125521752494466,125.0,155.0,,,0.0,6,0.0,0.0,0.7512777777777777,0.0,-0.0,30.450000000000003,-0.44166666666666643,254,9,2017,345
2018-09-12,0.0,6.1000000000000005,0,0.0,13.4,20.3,16.429166666666667,8.4,5.729166666666667,2.68100983601655,-4.796087360361899,93.75,113.58333333333333,463.0,94.33333333333333,1023.4625,1021.6,15.370833333333332,13.3,,,,151.0323989255145,0.957519797822857,0.0,0.0,0.0,0.0,0.0,0.0,,0.0,0,0,0.0,0.0,0.0,0.0,0.0,0.0,873.74,1.9541666666666515,7.24583333333328,7.043452380952431,0.0,,,1.0583333333333353,0.09999999999999964,0.4843149733724144,-0.8748937115828856,0.4843149733724144,-0.8748937115828856,2.513446721265516,-4.496331900339281,126.0,156.0,,,0.0,6,0.0,0.0,0.7215555555555556,0.0,-0.0,34.375,-1.0625,255,9,2017,346
2018-09-13,0.0,7.9,0,0.0,12.9,22.4,17.979166666666668,6.4,3.704166666666667,1.065868938919023,-2.463838603330495,91.29166666666667,153.70833333333334,574.0,87.125,1021.8625000000001,1020.1,16.458333333333332,12.8,,,,162.4652783657889,0.5446419861890325,0.0,0.0,0.0,0.0,0.0,0.0,,0.0,0,0,0.0,0.0,0.0,0.0,0.0,0.0,873.74,-1.599999999999909,4.8125,3.84226190476204,0.0,,,1.5208333333333357,0.09999999999999964,0.30128370324695214,-0.9535345458649113,0.30128370324695214,-0.9535345458649113,0.9730495188214916,-2.249279324957131,127.0,157.0,,,0.0,6,0.0,0.0,0.7401111111111112,0.0,-0.0,22.225,1.5500000000000007,256,9,2017,347
2018-09-14,0.0,6.5,0,0.0,16.9,22.8,19.3,8.8,4.425,1.6977362137051177,-3.5268968879315103,89.08333333333333,163.125,577.0,96.29166666666667,1020.6125000000001,1019.1,17.349999999999998,16.6,,,,160.91626439574992,0.6923040131330562,0.0,0.0,0.0,0.0,0.0,0.0,,0.0,0,0,0.0,0.0,0.0,0.0,0.0,0.0,873.74,-1.25,-0.8958333333332575,1.2773809523810087,0.0,,,1.9500000000000028,0.29999999999999716,0.3269496457435957,-0.9450417605313203,0.3269496457435957,-0.9450417605313203,1.5124000103756423,-3.141877310998987,128.0,158.0,,,0.0,6,0.0,0.0,0.7390277777777777,0.0,-0.0,26.549999999999997,1.3208333333333329,257,9,2017,348
2018-09-15,0.0,14.6,0,0.0,17.2,21.0,18.708333333333332,8.7,4.416666666666667,0.7589046428318466,-3.751565544708411,95.20833333333333,82.79166666666667,510.0,99.125,1017.1916666666666,1015.6,17.891666666666666,16.5,,,,172.3465278520175,0.8076565672011689,0.0,0.0,0.0,0.0,0.0,0.0,,0.0,0,0,0.0,0.0,0.0,0.0,0.0,0.0,873.74,-3.420833333333462,-6.270833333333371,-2.508928571428555,0.0,,,0.8166666666666664,0.6999999999999993,0.13318139933749082,-0.9910916783378356,0.13318139933749082,-0.9910916783378356,0.7225404620294872,-3.571803029024466,129.0,159.0,,,0.0,6,0.0,0.0,0.7058888888888889,0.0,-0.0,26.5,-0.5916666666666686,258,9,2017,349
2018-09-16,0.0,4.5,0,0.0,18.9,24.9,21.454166666666666,3.4,1.6458333333333333,-0.873375146718757,-0.4063037291498017,88.79166666666667,181.875,600.0,78.66666666666667,1014.7416666666667,1012.9,19.433333333333334,17.6,,,,241.69643482706246,0.4356220631134325,0.0,0.0,0.0,0.0,0.0,0.0,,0.0,0,0,0.0,0.0,0.0,0.0,0.0,0.0,873.74,-2.449999999999932,-7.120833333333394,-4.748214285714312,0.0,,,2.020833333333332,1.2999999999999972,-0.8804478521370114,-0.4741429949575585,-0.8804478521370114,-0.4741429949575585,-0.7754843490240297,-0.3607638528409281,130.0,160.0,,,0.0,6,0.0,0.0,0.7505555555555556,0.0,-0.0,9.875,2.7458333333333336,259,9,2017,350
2018-09-17,0.0,8.1,0,0.0,15.2,23.5,19.641666666666666,6.9,3.8375,-2.2451429051259306,2.7506836768872396,89.33333333333333,178.20833333333334,600.0,69.45833333333333,1015.3291666666668,1014.0,17.691666666666666,15.0,,,,320.2681001535452,0.9139210214346605,0.0,0.0,0.0,0.0,0.0,0.0,,0.041666666666666664,0,0,0.0,0.0,0.0,0.0,0.0,0.0,873.74,0.587500000000091,-5.283333333333303,-3.9148809523809405,0.0,,,1.9499999999999993,0.1999999999999993,-0.6391960873497712,0.7690437971382018,-0.6391960873497712,0.7690437971382018,-2.0056609952458313,2.457277418019267,131.0,161.0,,,0.0,6,0.0,0.0,0.7499166666666666,0.0,-0.0,23.025,-1.8125,260,9,2017,351
2018-09-18,0.0,0.2,0,0.0,12.0,21.7,16.525000000000002,6.8,4.154166666666667,-1.7119408793452227,2.86790458502036,88.0,163.58333333333334,589.0,76.33333333333333,1017.2458333333334,1015.4,14.404166666666667,11.7,,,,328.6789120021977,0.7247291867227252,0.0,0.0,0.0,0.0,0.0,0.0,,0.0,0,0,0.0,0.0,0.0,0.0,0.0,0.0,873.74,1.9166666666666288,0.05416666666678793,-1.38928571428562,0.0,,,2.1208333333333353,0.3000000000000007,-0.5198335645240735,0.8542675606589518,-0.5198335645240735,0.8542675606589518,-1.506507973823796,2.5237560348179167,132.0,162.0,,,0.0,6,0.0,0.0,0.7357222222222223,0.0,-0.0,24.925,-3.1166666666666636,261,9,2017,352
2018-09-19,0.0,0.0,0,0.0,9.7,21.2,15.625,5.2,3.1374999999999997,-0.4075652011823905,0.5217576351613872,69.08333333333333,247.875,600.0,27.541666666666668,1016.3541666666666,1014.6,9.533333333333333,3.5,,,,356.0460860180614,0.23435678360227805,0.0,0.0,0.0,0.0,0.0,0.0,,0.4166666666666667,0,0,0.0,0.0,0.0,0.0,0.0,0.0,873.74,-0.8916666666667652,1.6124999999999545,-1.2654761904763063,0.0,,,6.091666666666667,6.199999999999999,-0.06895405787358913,0.9976198363619109,-0.06895405787358913,0.9976198363619109,-0.2815596264835014,0.36044756629065833,133.0,163.0,,,0.0,6,0.0,0.0,0.7288611111111112,0.0,-0.0,18.825,-0.9000000000000021,262,9,2017,353
2018-09-20,0.0,12.2,0,0.0,12.5,17.5,14.754166666666668,6.3,3.5749999999999997,0.26536540104274314,-2.9153586042664767,86.20833333333333,49.375,253.0,92.25,1016.4625,1015.7,12.379166666666668,10.4,,,,174.75120860905628,0.7452055454944081,0.0,0.0,0.0,0.0,0.0,0.0,,0.041666666666666664,0,0,0.0,0.0,0.0,0.0,0.0,0.0,873.74,0.10833333333334849,1.133333333333212,-0.3857142857143572,0.0,,,2.375,2.0999999999999996,0.0914806129273727,-0.9958068575072337,0.0914806129273727,-0.9958068575072337,0.2287670894822648,-2.513282063428058,134.0,164.0,,,0.0,6,0.0,0.0,0.653611111111111,0.0,-0.0,21.45,-0.8708333333333318,263,9,2017,354
2018-09-21,0.0,7.7,0,0.0,12.9,17.3,15.058333333333332,8.9,5.516666666666667,0.8748253280787422,-4.857001634185764,96.95833333333333,108.5,500.0,99.91666666666667,1014.8166666666666,1012.3,14.5875,12.1,,,,177.06239581098248,0.8826489944080843,0.0,0.0,0.0,0.0,0.0,0.0,,0.0,0,0,0.0,0.0,0.0,0.0,0.0,0.0,873.74,-1.6458333333333712,-2.429166666666788,-1.203571428571422,0.0,,,0.47083333333333144,0.8000000000000007,0.05124840553651496,-0.9986859370843093,0.05124840553651496,-0.9986859370843093,0.8482160576830138,-4.70926783447928,135.0,165.0,,,0.0,6,0.0,0.0,0.7288611111111111,0.0,-0.0,33.1,0.3041666666666636,264,9,2017,355
2018-09-22,0.0,20.0,0,0.0,15.8,25.3,20.0125,5.2,3.5208333333333335,-0.9636062558470367,1.9925320297561153,86.5,195.04166666666666,600.0,60.916666666666664,1012.2791666666667,1008.8,17.474999999999998,15.5,,,,337.795171832249,0.6601398489288218,0.0,0.0,0.0,0.0,0.0,0.0,,0.08333333333333333,0,0,0.0,0.0,0.0,0.0,0.0,0.0,873.74,-2.537499999999909,-4.074999999999932,-3.039285714285711,0.0,,,2.5375000000000014,0.3000000000000007,-0.37791880620607665,0.925838741852907,-0.37791880620607665,0.925838741852907,-0.8335194113076868,1.7235402057390397,136.0,166.0,,,0.0,6,0.0,0.0,0.7516944444444444,0.0,-0.0,21.125,4.9541666666666675,265,9,2017,356
2018-09-23,0.0,0.0,0,0.0,13.2,24.1,18.558333333333334,6.5,3.6666666666666665,0.1371854551818024,-1.7998953512682763,84.29166666666667,220.33333333333334,600.0,43.75,1018.0375,1016.5,15.6,12.7,,,,187.5661744580965,0.35663055452273024,0.0,0.0,0.0,0.0,0.0,0.0,,0.25,0,0,0.0,0.0,0.0,0.0,0.0,0.0,873.74,5.758333333333326,1.5750000000000455,2.248214285714198,0.0,,,2.958333333333334,0.5,-0.13167118622158014,-0.9912934473298015,-0.13167118622158014,-0.9912934473298015,0.11563590659699427,-1.5171617898398848,137.0,167.0,,,0.0,6,0.0,0.0,0.7611944444444445,0.0,-0.0,22.0,-1.4541666666666657,266,9,2017,357
2018-09-24,0.0,0.0,0,0.0,12.8,24.2,18.979166666666668,4.2,2.0,-0.47888649892997687,-0.08598616539406508,77.66666666666667,160.66666666666666,600.0,78.33333333333333,1017.9,1016.3,14.629166666666668,12.2,,,,261.86830478788426,0.18938514846879934,0.0,0.0,0.0,0.0,0.0,0.0,,0.041666666666666664,0,0,0.0,0.0,0.0,0.0,0.0,0.0,873.74,-0.13750000000004547,3.0833333333333712,1.7434523809524762,0.0,,,4.35,0.6000000000000014,-0.9899455616778069,-0.14144887738830353,-0.9899455616778069,-0.14144887738830353,-0.37193518083561533,-0.06678258845605721,138.0,168.0,,,0.0,6,0.0,0.0,0.6993333333333333,0.0,-0.0,12.0,0.4208333333333343,267,9,2017,358
2018-09-25,0.0,15.5,0,0.0,14.5,18.2,16.433333333333334,5.1,2.475,0.6085390751865501,1.2999861921392146,96.79166666666667,48.791666666666664,244.0,99.91666666666667,1017.8166666666666,1016.7,15.895833333333334,14.1,,,,27.704313175635424,0.5160907940585886,0.0,0.0,0.0,0.0,0.0,0.0,,0.0,0,0,0.0,0.0,0.0,0.0,0.0,0.0,873.74,-0.08333333333337123,5.537499999999909,1.5785714285713084,0.0,,,0.5374999999999996,0.40000000000000036,0.4649086960569469,0.885358630347403,0.4649086960569469,0.885358630347403,0.5890151131909817,1.2582783018080814,139.0,169.0,,,0.0,6,0.0,0.0,0.6885,0.0,-0.0,14.850000000000001,-2.5458333333333343,268,9,2017,359
2018-09-26,0.0,5.1000000000000005,0,0.0,13.7,19.4,15.583333333333334,9.1,5.666666666666667,4.132233368670566,-3.480753095998324,91.25,160.16666666666666,600.0,93.70833333333333,1018.3625000000001,1016.5,14.083333333333334,13.3,,,,125.3724197631322,0.9015879039457111,0.0,0.0,0.0,0.0,0.0,0.0,,0.0,0,0,0.0,0.0,0.0,0.0,0.0,0.0,873.74,0.5458333333334622,0.3250000000000455,1.837500000000091,0.0,,,1.5,0.3999999999999986,0.8154065475069697,-0.5788887304851977,0.8154065475069697,-0.5788887304851977,3.7706629489118915,-3.1761872000984703,140.0,170.0,,,0.0,6,0.0,0.0,0.7442777777777777,0.0,-0.0,34.0,-0.8499999999999996,269,9,2017,360
2018-09-27,0.0,15.5,0,0.0,11.7,18.2,14.641666666666666,6.9,3.025,-0.9657626863467758,-0.37003142826642854,87.75,96.08333333333333,429.0,73.79166666666667,1014.6374999999999,1012.1,12.491666666666667,10.3,,,,234.20849640788865,0.3190078801836207,0.0,0.0,0.0,0.0,0.0,0.0,,0.16666666666666666,0,0,0.0,0.0,0.0,0.0,0.0,0.0,873.74,-3.7250000000001364,-3.2625000000000455,-1.6267857142856883,0.0,,,2.1499999999999986,1.3999999999999986,-0.8111505536159347,-0.5848373956652931,-0.8111505536159347,-0.5848373956652931,-0.8474567572692958,-0.32470257830379107,141.0,171.0,,,0.0,6,0.0,0.0,0.6898888888888889,0.0,-0.0,18.15,-0.9416666666666682,270,9,2017,361
2018-09-28,0.0,0.0,0,0.0,10.0,20.1,14.7125,5.6,3.908333333333333,0.543998538295328,0.4287418489812169,81.25,204.25,600.0,46.583333333333336,1018.5791666666668,1016.1,11.225,8.7,,,,40.070718722981674,0.185648227204801,0.0,0.0,0.0,0.0,0.0,0.0,,0.2916666666666667,0,0,0.0,0.0,0.0,0.0,0.0,0.0,873.74,3.9416666666668334,0.7625000000001592,1.7773809523811224,0.0,,,3.4875000000000007,1.3000000000000007,0.6437326289914619,0.7652504834181686,0.6437326289914619,0.7652504834181686,0.4419988123649539,0.3483527522972388,142.0,172.0,,,0.0,6,0.0,0.0,0.7403333333333334,0.0,-0.0,23.45,0.07083333333333464,271,9,2017,362
2018-09-29,0.0,26.7,0,0.0,12.3,14.6,13.554166666666667,7.4,3.9333333333333336,0.040472156258109175,-2.795783237828658,94.0,35.708333333333336,176.0,94.66666666666667,1020.4333333333334,1017.3,12.591666666666667,10.8,,,,179.42131196890463,0.6276852990098314,0.0,0.0,0.0,0.0,0.0,0.0,,0.0,0,0,0.0,0.0,0.0,0.0,0.0,0.0,873.74,1.8541666666666288,2.0708333333333258,2.4666666666668107,0.0,,,0.9625000000000004,1.5,0.010099839767954217,-0.999948995317592,0.010099839767954217,-0.999948995317592,0.038043826882622624,-2.628036243558938,143.0,173.0,,,0.0,6,0.0,0.0,0.6615833333333333,0.0,-0.0,23.6,-1.1583333333333332,272,9,2017,363
2018-09-30,0.0,29.6,0,0.0,12.6,19.6,16.120833333333334,10.9,6.083333333333333,1.3934550323052006,-5.220546745433739,97.54166666666667,87.04166666666667,311.0,100.0,1006.5500000000001,985.2,15.720833333333333,12.5,,,,168.8637614698215,0.8590347103161495,0.0,0.0,0.0,0.0,0.0,0.0,,0.0,0,0,0.0,0.0,0.0,0.0,0.0,0.0,873.74,-13.883333333333326,-8.087499999999864,-9.775595238095093,0.0,,,0.40000000000000036,0.09999999999999964,0.19314257759757478,-0.9811707011111598,0.19314257759757478,-0.9811707011111598,1.3591992627610312,-5.092208304608493,144.0,174.0,,,0.0,6,0.0,0.0,0.7165,0.0,-0.0,36.5,2.5666666666666664,273,9,2017,364
2018-10-01,0.0,41.199999999999996,0,0.0,13.0,20.8,17.366666666666667,12.9,5.254166666666666,-3.9397755952264206,1.505391990804279,82.75,178.54166666666666,600.0,59.083333333333336,998.3041666666667,978.9,14.308333333333332,8.4,,,,283.46370059091817,0.5268989860293178,0.0,0.0,0.0,0.0,0.0,0.0,,0.20833333333333334,0,0,0.0,0.0,0.0,0.0,0.0,0.0,0.0,0.0,0.0,0.0,0.0,,,3.0583333333333353,4.6,-0.9725176232011726,0.23282927771898007,-0.9725176232011726,0.23282927771898007,-3.260164305049863,1.245711872390541,145.0,175.0,,,0.0,0,0.0,0.0,0.7281944444444445,0.0,-0.0,0.0,1.2458333333333336,274,10,2018,0
2018-10-02,0.0,0.7000000000000001,0,0.0,11.4,19.6,14.958333333333334,5.8,2.954166666666667,-0.9595629544189904,0.09353077998202412,74.70833333333333,192.75,600.0,64.54166666666667,1014.3958333333334,1008.4,10.266666666666667,8.0,,,,285.6126231297037,0.19905554611979093,0.0,0.0,0.0,0.0,0.0,0.0,,0.08333333333333333,0,0,0.0,0.0,0.0,0.0,0.0,0.0,0.0,16.091666666666697,0.0,8.045833333333348,0.0,,,4.691666666666666,3.4000000000000004,-0.9631032963053682,0.2691320134167139,-0.9631032963053682,0.2691320134167139,-0.7168734905305207,0.06987528687823719,146.0,176.0,,,0.0,1,0.0,0.0,0.710861111111111,0.0,-0.0,2.954166666666667,-2.408333333333333,275,10,2018,1
2018-10-03,0.0,0.0,0,0.0,10.0,20.9,15.341666666666667,4.6,2.8541666666666665,0.9980170065942774,0.3237509343769795,84.58333333333333,202.91666666666666,600.0,49.708333333333336,1021.9083333333333,1020.3,12.4625,9.0,,,,60.1856210118284,0.29002176008986574,0.0,0.0,0.0,0.0,0.0,0.0,,0.25,0,0,0.0,0.0,0.0,0.0,0.0,0.0,0.0,7.512499999999932,0.0,10.372222222222149,0.0,,,2.8791666666666664,1.0,0.8676407051172228,0.4971917203893165,0.8676407051172228,0.4971917203893165,0.8441560514109929,0.2738393319938618,147.0,177.0,,,0.0,2,0.0,0.0,0.7505555555555555,0.0,-0.0,5.708333333333333,0.38333333333333286,276,10,2018,2
2018-10-04,0.0,0.30000000000000004,0,0.0,13.4,17.4,15.325000000000001,6.7,4.441666666666666,3.1856380795315693,-2.431107118680855,91.54166666666667,91.375,329.0,99.625,1026.8208333333334,1024.8,13.908333333333333,12.8,,,,122.55978321318649,0.9044879959979385,0.0,0.0,0.0,0.0,0.0,0.0,,0.0,0,0,0.0,0.0,0.0,0.0,0.0,0.0,0.0,4.912500000000136,28.516666666666765,11.463541666666742,0.0,,,1.4166666666666679,0.5999999999999996,0.8428303609253573,-0.5381793220687988,0.8428303609253573,-0.5381793220687988,2.9161861919711907,-2.2254759748924324,148.0,178.0,,,0.0,3,0.0,0.0,0.699388888888889,0.0,-0.0,13.325,-0.01666666666666572,277,10,2018,3
2018-10-05,0.0,0.6000000000000001,0,0.0,13.0,21.6,16.754166666666666,8.2,5.320833333333334,0.8523488470688337,-4.7010166835625276,93.75,128.70833333333334,577.0,94.5,1026.5791666666667,1023.6,15.695833333333333,13.0,,,,175.12865001384606,0.8943741809641899,0.0,0.0,0.0,0.0,0.0,0.0,,0.0,0,0,0.0,0.0,0.0,0.0,0.0,0.0,0.0,-0.24166666666678793,12.18333333333328,8.977499999999964,0.0,,,1.0583333333333336,0.0,0.08491870289446833,-0.9963878832556732,0.08491870289446833,-0.9963878832556732,0.7990770441270317,-4.4072031408398695,149.0,179.0,,,0.0,4,0.0,0.0,0.731638888888889,0.0,-0.0,21.283333333333335,1.4291666666666654,278,10,2018,4
2018-10-06,0.0,1.6,0,0.0,14.6,24.7,19.308333333333334,16.1,8.549999999999999,2.4011610312959633,-7.6029502522773305,92.83333333333333,177.125,600.0,79.0,1016.2708333333334,1008.7,18.041666666666668,14.5,,,,170.38658100663324,0.8992348501788314,0.0,0.0,0.0,0.0,0.0,0.0,,0.041666666666666664,0,0,0.0,0.0,0.0,0.0,0.0,0.0,0.0,-10.30833333333328,-5.637499999999932,-1.1090277777777828,0.0,,,1.2666666666666657,0.09999999999999964,0.16699966794995016,-0.9859569518516548,0.16699966794995016,-0.9859569518516548,2.229077824053086,-7.058072150864121,150.0,180.0,,,0.0,5,0.0,0.0,0.7608611111111111,0.0,-0.0,42.74999999999999,2.554166666666667,279,10,2018,5
2018-10-07,0.0,3.2,0,0.0,15.1,21.4,18.441666666666666,7.9,4.716666666666667,-2.2669491720505066,1.5147700379854252,89.54166666666667,152.29166666666666,553.0,55.625,1012.4958333333334,1007.7,16.575,15.0,,,,309.735118952654,0.6189538330704097,0.0,0.0,0.0,0.0,0.0,0.0,,0.041666666666666664,0,0,0.0,0.0,0.0,0.0,0.0,0.0,0.0,-3.7749999999999773,-14.325000000000045,-4.186309523809541,0.0,,,1.8666666666666671,0.09999999999999964,-0.7690078833300786,0.6392392942992415,-0.7690078833300786,0.6392392942992415,-2.0298640711402247,1.3563503381794495,151.0,181.0,,,0.0,6,0.0,0.0,0.7333333333333334,0.0,-0.0,28.3,-0.8666666666666671,280,10,2018,6
2018-10-08,0.0,0.30000000000000004,0,0.0,13.4,21.8,17.166666666666668,4.7,2.5458333333333334,1.0819463923438801,0.15296165210314236,85.20833333333333,189.08333333333334,600.0,49.0,1016.0958333333333,1014.3,14.395833333333334,12.7,,,,74.87179261927949,0.353401950715427,0.0,0.0,0.0,0.0,0.0,0.0,,0.16666666666666666,0,0,0.0,0.0,0.0,0.0,0.0,0.0,0.0,3.599999999999909,-10.483333333333348,-3.127976190476261,0.0,,,2.770833333333334,0.7000000000000011,0.9653442644743376,0.26097979049439823,0.9653442644743376,0.26097979049439823,0.9219084884763479,0.13033607439621922,152.0,182.0,,,0.0,6,0.0,0.0,0.7434166666666666,0.0,-0.0,15.275,-1.2749999999999986,281,10,2018,7
2018-10-09,0.0,1.9000000000000001,0,0.0,12.7,20.7,16.4875,5.4,2.6041666666666665,0.7690510156853776,-0.6854695330589263,87.875,171.66666666666666,600.0,64.70833333333333,1017.2375000000001,1015.3,14.237499999999999,12.6,,,,144.03764504858412,0.27669437597617214,0.0,0.0,0.0,0.0,0.0,0.0,,0.0,0,0,0.0,0.0,0.0,0.0,0.0,0.0,0.0,1.1416666666667652,0.966666666666697,-2.392261904761881,0.0,,,2.2500000000000018,0.09999999999999964,0.5872535769885491,-0.8094030122961949,0.5872535769885491,-0.8094030122961949,0.6758035800335256,-0.6023563521755315,153.0,183.0,,,0.0,6,0.0,0.0,0.7406944444444444,0.0,-0.0,15.625,-0.6791666666666671,282,10,2018,8
2018-10-10,0.0,7.3,0,0.0,13.8,19.0,16.220833333333335,6.1,3.0833333333333335,1.293061986474976,-1.7375308098526772,92.16666666666667,87.29166666666667,402.0,94.125,1017.0291666666667,1015.4,14.891666666666666,13.5,,,,147.57992442934366,0.595303175575821,0.0,0.0,0.0,0.0,0.0,0.0,,0.0,0,0,0.0,0.0,0.0,0.0,0.0,0.0,0.0,-0.20833333333337123,4.533333333333303,-1.9035714285714675,0.0,,,1.3291666666666693,0.3000000000000007,0.5361226017587113,-0.8441401281087579,0.5361226017587113,-0.8441401281087579,1.1917721308677696,-1.6014242297475507,154.0,184.0,,,0.0,6,0.0,0.0,0.69875,0.0,-0.0,18.5,-0.2666666666666657,283,10,2018,9
2018-10-11,0.0,10.0,0,0.0,14.2,17.2,15.8375,4.7,2.7125,-0.21291011446488425,0.16333986652093554,95.5,50.583333333333336,192.0,96.25,1016.0666666666666,1014.4,15.112499999999999,13.8,,,,262.86982109715746,0.13741984112206101,0.0,0.0,0.0,0.0,0.0,0.0,,0.0,0,0,0.0,0.0,0.0,0.0,0.0,0.0,0.0,-0.962500000000091,-0.029166666666696983,-1.329761904761881,0.0,,,0.7250000000000014,0.3999999999999986,-0.9922666967140473,-0.12412414185883759,-0.9922666967140473,-0.12412414185883759,-0.20332915931396445,0.15598957252749346,155.0,185.0,,,0.0,6,0.0,0.0,0.6853888888888888,0.0,-0.0,16.275,-0.38333333333333464,284,10,2018,10
2018-10-12,0.0,0.6000000000000001,0,0.0,9.0,14.5,11.858333333333334,10.4,6.7625,-2.9644900328452213,5.7362518856569205,85.33333333333333,153.33333333333334,600.0,87.04166666666667,1020.4,1015.2,9.366666666666667,7.2,,,,335.92114259880316,0.9289134960294393,0.0,0.0,0.0,0.0,0.0,0.0,,0.0,0,0,0.0,0.0,0.0,0.0,0.0,0.0,0.0,4.333333333333371,3.162499999999909,3.886309523809473,0.0,,,2.491666666666667,1.7999999999999998,-0.40799358950952086,0.9129847922715562,-0.40799358950952086,0.9129847922715562,-2.5296981613612552,4.894934942427239,156.0,186.0,,,0.0,6,0.0,0.0,0.708888888888889,0.0,-0.0,40.575,-3.979166666666666,285,10,2018,11
2018-10-13,0.0,0.2,0,0.0,9.3,17.1,12.1,6.9,3.7708333333333335,2.861873508115147,-1.3586233028895658,82.16666666666667,149.45833333333334,600.0,83.625,1024.0666666666666,1021.9,8.975,7.2,,,,100.55781216759662,0.7314632496473702,0.0,0.0,0.0,0.0,0.0,0.0,,0.0,0,0,0.0,0.0,0.0,0.0,0.0,0.0,0.0,3.6666666666666288,7.037499999999909,6.439285714285688,0.0,,,3.125,2.1000000000000005,0.9830705291114958,-0.18322754921802484,0.9830705291114958,-0.18322754921802484,2.3515060658346125,-1.1163354805409265,157.0,187.0,,,0.0,6,0.0,0.0,0.706861111111111,0.0,-0.0,22.625,0.24166666666666536,286,10,2018,12
2018-10-14,0.0,0.7,0,0.0,8.8,17.6,12.625,4.5,2.4458333333333333,-0.21742725810357041,-0.2697994032268813,81.375,165.95833333333334,600.0,54.125,1021.0500000000001,1018.6,9.195833333333333,7.4,,,,246.59509485174112,0.1827058908143216,0.0,0.0,0.0,0.0,0.0,0.0,,0.16666666666666666,0,0,0.0,0.0,0.0,0.0,0.0,0.0,0.0,-3.016666666666538,4.983333333333462,2.200595238095275,0.0,,,3.429166666666667,1.4000000000000004,-0.9177206220977326,-0.3972264590589989,-0.9177206220977326,-0.3972264590589989,-0.17693143128178043,-0.21954926437587463,158.0,188.0,,,0.0,6,0.0,0.0,0.7152222222222222,0.0,-0.0,14.675,0.5250000000000004,287,10,2018,13
2018-10-15,0.0,1.2,0,0.0,8.0,15.5,11.9625,4.4,1.9416666666666667,0.3311700673103146,-0.6891598563710105,84.54166666666667,113.33333333333333,434.0,72.95833333333333,1019.4083333333333,1017.4,9.3125,6.9,,,,170.58462819930548,0.22233404451735828,0.0,0.0,0.0,0.0,0.0,0.0,,0.041666666666666664,0,0,0.0,0.0,0.0,0.0,0.0,0.0,0.0,-1.6416666666667652,-0.9916666666666742,0.08571428571428896,0.0,,,2.6500000000000004,1.0999999999999996,0.16359064235944998,-0.986528307618399,0.16359064235944998,-0.986528307618399,0.27997669440526185,-0.5826272285736586,159.0,189.0,,,0.0,6,0.0,0.0,0.6906944444444445,0.0,-0.0,11.65,-0.6624999999999996,288,10,2018,14
2018-10-16,0.0,2.1,0,0.0,5.9,17.1,11.558333333333332,5.4,2.466666666666667,0.4541734771941412,-0.15598903798363226,85.95833333333333,133.08333333333334,469.0,97.25,1014.9583333333334,1012.4,8.979166666666666,5.7,,,,7.8891624997485374,0.08475632382185777,0.0,0.0,0.0,0.0,0.0,0.0,,0.0,0,0,0.0,0.0,0.0,0.0,0.0,0.0,0.0,-4.449999999999932,-9.108333333333235,-4.038690476190482,0.0,,,2.5791666666666657,0.20000000000000018,0.13725718865307968,0.9905354431634705,0.13725718865307968,0.9905354431634705,0.3903999514381305,-0.13408557723343054,160.0,190.0,,,0.0,6,0.0,0.0,0.7085833333333333,0.0,-0.0,14.8,-0.40416666666666856,289,10,2018,15
2018-10-17,0.0,8.3,0,0.0,7.9,15.1,11.233333333333334,6.5,3.275,0.2123714817034917,2.9965871224123273,88.875,105.45833333333333,540.0,70.375,1013.1625,1010.6,9.3125,7.7,,,,3.1781807652797776,0.8852146888090839,0.0,0.0,0.0,0.0,0.0,0.0,,0.0,0,0,0.0,0.0,0.0,0.0,0.0,0.0,0.0,-1.7958333333333485,-7.8875000000000455,-5.282142857142844,0.0,,,1.9208333333333343,0.20000000000000018,0.05544127725281318,0.9984619495887546,0.05544127725281318,0.9984619495887546,0.18874515436397826,2.663216805043956,161.0,191.0,,,0.0,6,0.0,0.0,0.6998888888888889,0.0,-0.0,19.65,-0.3249999999999975,290,10,2018,16
2018-10-18,0.0,5.0,0,0.0,7.5,15.1,11.379166666666668,7.8,3.545833333333333,1.951440235474432,-1.272128265110635,85.45833333333333,144.79166666666666,600.0,60.041666666666664,1016.6750000000001,1015.2,8.929166666666667,6.4,,,,110.34040028390115,0.3923525907286872,0.0,0.0,0.0,0.0,0.0,0.0,,0.3333333333333333,0,0,0.0,0.0,0.0,0.0,0.0,0.0,0.0,3.5125000000000455,-2.733333333333235,-1.8565476190476602,0.0,,,2.450000000000001,1.0999999999999996,0.9376440709137086,-0.34759688761605484,0.9376440709137086,-0.34759688761605484,1.667668301232525,-1.0871396132257967,162.0,192.0,,,0.0,6,0.0,0.0,0.7147222222222221,0.0,-0.0,21.275,0.14583333333333393,291,10,2018,17
2018-10-19,0.0,2.4000000000000004,0,0.0,8.0,15.6,11.629166666666668,5.9,2.9875000000000003,-0.6942478931410386,-1.1962003434812642,87.33333333333333,153.66666666666666,584.0,57.0,1018.5416666666666,1016.3,9.4375,7.8,,,,232.86388138456806,0.4327205615689454,0.0,0.0,0.0,0.0,0.0,0.0,,0.08333333333333333,0,0,0.0,0.0,0.0,0.0,0.0,0.0,0.0,1.8666666666665606,3.5833333333332575,0.2755952380952067,0.0,,,2.191666666666668,0.20000000000000018,-0.7972035148387362,-0.603710655801904,-0.7972035148387362,-0.603710655801904,-0.606309826676507,-1.0446816333069706,163.0,193.0,,,0.0,6,0.0,0.0,0.7268888888888888,0.0,-0.0,17.925,0.25,292,10,2018,18
2018-10-20,0.0,6.2,0,0.0,4.8,13.2,8.791666666666666,10.2,6.2749999999999995,-1.8019584328883183,5.5690594893472225,90.45833333333333,92.45833333333333,502.0,72.79166666666667,1021.1,1019.4,7.208333333333333,4.6,,,,332.3567516642651,0.8916070715382287,0.0,0.0,0.0,0.0,0.0,0.0,,0.041666666666666664,0,0,0.0,0.0,0.0,0.0,0.0,0.0,0.0,2.558333333333394,7.9375,3.2577380952379826,0.0,,,1.583333333333333,0.20000000000000018,-0.4639648324461183,0.8858536189762084,-0.4639648324461183,0.8858536189762084,-1.6300215657502244,5.037678396405341,164.0,194.0,,,0.0,6,0.0,0.0,0.6565,0.0,-0.0,37.65,-2.837500000000002,293,10,2018,19
2018-10-21,0.0,0.0,0,0.0,3.2,16.4,8.987499999999999,6.3,3.2583333333333333,-0.6648663401246845,1.5555649147679522,72.91666666666667,194.66666666666666,600.0,15.791666666666666,1022.4291666666667,1020.2,3.775,-1.1,,,,334.5790019936736,0.5081199410728765,0.0,0.0,0.0,0.0,0.0,0.0,,0.8333333333333334,0,0,0.0,0.0,0.0,0.0,0.0,0.0,0.0,1.3291666666666515,5.754166666666606,4.389880952380963,0.0,,,5.212499999999999,4.300000000000001,-0.42926616283513136,0.9031780341908247,-0.42926616283513136,0.9031780341908247,-0.4847983730075825,1.1342660836849652,165.0,195.0,,,0.0,6,0.0,0.0,0.7061666666666667,0.0,-0.0,19.55,0.19583333333333286,294,10,2018,20
2018-10-22,0.0,0.0,0,0.0,4.5,16.7,10.804166666666667,7.3,4.625,0.5242130772200676,-3.274159148152543,72.70833333333333,187.33333333333334,600.0,50.583333333333336,1023.2416666666667,1021.5,5.879166666666666,3.4,,,,172.87436194923393,0.6594780253344862,0.0,0.0,0.0,0.0,0.0,0.0,,0.2916666666666667,0,0,0.0,0.0,0.0,0.0,0.0,0.0,0.0,0.8125,4.7000000000000455,4.654761904761926,0.0,,,4.925000000000001,1.1,0.12404550153561716,-0.9922765307860391,0.12404550153561716,-0.9922765307860391,0.3811465915620908,-2.380586547302578,166.0,196.0,,,0.0,6,0.0,0.0,0.7005833333333333,0.0,-0.0,27.75,1.8166666666666682,295,10,2018,21
2018-10-23,0.0,4.6,0,0.0,5.8,15.1,10.341666666666667,8.9,6.158333333333334,2.394415833301086,-5.372856572115983,86.16666666666667,140.45833333333334,557.0,82.66666666666667,1022.2541666666666,1019.4,7.920833333333333,4.8,,,,157.82754924864614,0.9550963979550363,0.0,0.0,0.0,0.0,0.0,0.0,,0.041666666666666664,0,0,0.0,0.0,0.0,0.0,0.0,0.0,0.0,-0.9875000000000682,1.1541666666665833,2.625,0.0,,,2.4208333333333334,1.0,0.37739556134639196,-0.9260521531080427,0.37739556134639196,-0.9260521531080427,2.0631883096944357,-4.629611412973272,167.0,197.0,,,0.0,6,0.0,0.0,0.7141944444444445,0.0,-0.0,36.95,-0.46250000000000036,296,10,2018,22
2018-10-24,0.0,4.6,0,0.0,8.9,15.7,11.9625,7.6,3.8166666666666664,-0.6281495564169419,2.433582217964154,92.91666666666667,99.125,448.0,67.91666666666667,1017.6750000000001,1015.5,10.808333333333332,8.3,,,,337.37220556666523,0.628238411926127,0.0,0.0,0.0,0.0,0.0,0.0,,0.041666666666666664,0,0,0.0,0.0,0.0,0.0,0.0,0.0,0.0,-4.579166666666538,-4.754166666666606,-2.59880952380945,0.0,,,1.1541666666666686,0.5999999999999996,-0.38474313074060157,0.9230236851500184,-0.38474313074060157,0.9230236851500184,-0.5836556295040752,2.2612034775250267,168.0,198.0,,,0.0,6,0.0,0.0,0.709138888888889,0.0,-0.0,22.9,1.6208333333333336,297,10,2018,23
2018-10-25,0.0,0.0,0,0.0,9.1,15.0,11.291666666666666,6.1,3.845833333333333,0.8911923579652835,2.3325422924973904,86.5,128.41666666666666,533.0,68.66666666666667,1020.2416666666667,1018.7,8.9375,7.8,,,,29.888622670319577,0.5354809905518346,0.0,0.0,0.0,0.0,0.0,0.0,,0.0,0,0,0.0,0.0,0.0,0.0,0.0,0.0,0.0,2.566666666666606,-3.0,-0.5416666666667425,0.0,,,2.354166666666666,1.2999999999999998,0.4983155886246083,0.8669957174829125,0.4983155886246083,0.8669957174829125,0.7708813896399702,2.0176490830102427,169.0,199.0,,,0.0,6,0.0,0.0,0.7072777777777777,0.0,-0.0,23.075,-0.6708333333333343,298,10,2018,24
2018-10-26,0.0,0.30000000000000004,0,0.0,5.0,16.9,10.712499999999999,11.9,5.9125000000000005,2.0345312800571507,-4.689653668777427,87.20833333333333,162.0,600.0,81.70833333333333,1019.4416666666666,1016.0,8.362499999999999,4.8,,,,165.448792510506,0.7703446766263262,0.0,0.0,0.0,0.0,0.0,0.0,,0.041666666666666664,0,0,0.0,0.0,0.0,0.0,0.0,0.0,0.0,-0.8000000000000682,-2.8125,-1.4702380952381873,0.0,,,2.3499999999999996,0.20000000000000018,0.2512451755292184,-0.9679234792964226,0.2512451755292184,-0.9679234792964226,1.7742808204831735,-4.089768803646314,170.0,200.0,,,0.0,6,0.0,0.0,0.7320277777777777,0.0,-0.0,35.475,-0.5791666666666675,299,10,2018,25
2018-10-27,0.0,29.5,0,0.0,8.8,14.6,11.233333333333334,11.2,5.366666666666667,-1.585228307086165,-1.8358171656146531,90.54166666666667,73.25,462.0,93.0,1010.2375000000001,1007.2,9.6625,6.9,,,,243.11900302113725,0.43358661255979236,0.0,0.0,0.0,0.0,0.0,0.0,,0.0,0,0,0.0,0.0,0.0,0.0,0.0,0.0,0.0,-9.204166666666538,-7.4375,-9.122619047618969,0.0,,,1.5708333333333346,1.9000000000000004,-0.8919475374403326,-0.4521389061495664,-0.8919475374403326,-0.4521389061495664,-1.4352921297075987,-1.6621794587002674,171.0,201.0,,,0.0,6,0.0,0.0,0.6750833333333333,0.0,-0.0,32.2,0.5208333333333357,300,10,2018,26
2018-10-28,0.0,0.0,0,0.0,5.9,15.6,10.241666666666667,7.7,4.4624999999999995,-2.9908413085891117,-3.095520273024359,77.41666666666667,137.375,600.0,43.5,1010.1541666666667,1007.2,6.25,3.6,,,,224.53257203405522,0.9606966952138494,0.0,0.0,0.0,0.0,0.0,0.0,,0.20833333333333334,0,0,0.0,0.0,0.0,0.0,0.0,0.0,0.0,-0.08333333333337123,-10.087499999999977,-7.452380952380963,0.0,,,3.991666666666667,2.3000000000000003,-0.7013146262226628,-0.7128518745476978,-0.7013146262226628,-0.7128518745476978,-2.315409646399404,-2.3964486113663583,172.0,202.0,,,0.0,6,0.0,0.0,0.6829722222222223,0.0,-0.0,26.775,-0.9916666666666671,301,10,2018,27
2018-10-29,0.0,3.1,0,0.0,5.9,13.1,9.275,7.7,3.591666666666667,-1.6747845965938486,-1.9964754363234236,78.58333333333333,83.41666666666667,342.0,56.166666666666664,1010.7958333333332,1009.1,5.6875,1.5,,,,217.54042358225888,0.7648693749390907,0.0,0.0,0.0,0.0,0.0,0.0,,0.25,0,0,0.0,0.0,0.0,0.0,0.0,0.0,0.0,0.6416666666665378,-8.645833333333371,-5.032738095238187,0.0,,,3.5875000000000004,4.4,-0.6093210077549572,-0.7929236467078551,-0.6093210077549572,-0.7929236467078551,-1.3161015621566658,-1.568896947044157,173.0,203.0,,,0.0,6,0.0,0.0,0.6086666666666667,0.0,-0.0,21.55,-0.9666666666666668,302,10,2018,28
2018-10-30,0.0,11.4,0,0.0,5.6,10.0,7.870833333333334,7.1,4.504166666666666,-3.943576745987645,0.3350286128764925,89.0,88.79166666666667,368.0,91.08333333333333,1014.0,1010.5,6.120833333333334,4.1,,,,269.2927757844531,0.8752419144058593,0.0,0.0,0.0,0.0,0.0,0.0,,0.0,0,0,0.0,0.0,0.0,0.0,0.0,0.0,0.0,3.204166666666765,3.762499999999932,-0.6494047619047478,0.0,,,1.75,1.5,-0.9999238213151572,-0.012343077675101604,-0.9999238213151572,-0.012343077675101604,-3.5097833039290043,0.29817546546007834,174.0,204.0,,,0.0,6,0.0,0.0,0.5780833333333333,0.0,-0.0,27.025,-1.4041666666666668,303,10,2018,29
2018-10-31,1.61,5.1,18,0.28,5.2,6.9,5.933333333333334,6.3,3.9625,-2.2812797018392654,2.5385672528852727,90.625,58.625,254.0,90.20833333333333,1017.5583333333334,1015.9,4.495833333333334,3.0,,,,322.4841311511066,0.7945326973702068,5.833333333333333,4.155555555555555,6.3,90.33333333333333,-2.34182825465598,2.9192042875807522,323.1285815057671,0.0,0,12,1.61,1.61,1.61,1.61,1.61,0.0,1.61,3.558333333333394,7.404166666666697,2.9255952380952976,0.0,,,1.4375,2.2,-0.6089811357033527,0.7931847050702975,-0.6000212348380733,0.7999840734310862,-2.067409729791834,2.3005765729272785,0.0,205.0,1.0,1.0,10.143,0,0.1589968171296296,1.61,0.4945,6.690444444444444,0.0,0.0,-1.9375,304,10,2018,30
2018-11-01,0.35000000000000003,0.7000000000000001,4,0.14,3.7,8.9,6.129166666666666,9.0,6.3625,-4.530268917762796,4.29271408008708,83.41666666666667,100.25,504.0,78.95833333333333,1022.2125,1019.5,3.454166666666667,2.4,,,,313.6200215401301,0.9812406845410567,5.55,4.225,4.4,86.75,-2.6123555062395227,3.31536998099987,321.7502333693173,0.0,0,4,1.9600000000000002,1.9600000000000002,1.9600000000000002,1.9600000000000002,1.9600000000000002,0.0,1.9600000000000002,4.654166666666583,11.416666666666742,7.298214285714266,0.0,,,2.6749999999999994,1.3000000000000003,-0.7239308353358888,0.689872557542248,-0.6190907506593955,0.7853194524828646,-3.778999322233799,3.5808389951393065,0.0,206.0,0.17857142857142858,1.0,3.1500000000000004,1,0.03688111328125002,1.9600000000000002,0.5426666666666667,1.47875,0.0,6.3625,0.19583333333333286,305,11,2018,31
2018-11-02,0.0,0.0,0,0.0,1.3,12.9,7.2625,5.4,2.9583333333333335,-1.422664559189915,0.019900696765534576,81.54166666666667,133.91666666666666,544.0,57.5,1025.8,1023.7,4.0,0.1,,,,277.0218153025434,0.3973773255044418,0.0,0.0,0.0,0.0,0.0,0.0,,0.20833333333333334,0,0,0.35000000000000003,1.9600000000000002,1.9600000000000002,1.9600000000000002,1.9600000000000002,0.0,1.9600000000000002,3.5874999999999773,11.799999999999955,9.97738095238094,0.0,,,3.2625,1.2,-0.9924996780847207,0.1222472453747966,-0.9924996780847207,0.1222472453747966,-1.1600643926394434,0.01622735982089632,1.0,207.0,0.0,1.0,0.0,2,0.0,0.9800000000000001,0.6477499999999999,0.0,-0.0,5.916666666666667,1.1333333333333337,306,11,2018,32
2018-11-03,0.0,0.0,0,0.0,1.9,14.8,8.229166666666666,5.8,2.6666666666666665,-0.8564522135768229,-1.5312117576514834,81.25,154.25,600.0,31.75,1025.6375,1022.6,4.791666666666667,0.8,,,,216.20227789010457,0.5768515675970667,0.0,0.0,0.0,0.0,0.0,0.0,,0.6666666666666666,0,0,0.0,0.35000000000000003,1.9600000000000002,1.9600000000000002,1.9600000000000002,0.0,1.9600000000000002,-0.16249999999990905,8.079166666666652,7.6148809523811,0.0,,,3.437499999999999,1.0999999999999999,-0.5906377492179404,-0.806936830984164,-0.5906377492179404,-0.806936830984164,-0.6958674235311686,-1.2441095530918302,2.0,208.0,0.0,0.17857142857142858,0.0,3,0.0,0.11666666666666668,0.7025555555555556,0.0,-0.0,8.0,0.9666666666666659,307,11,2018,33
2018-11-04,0.0,0.4,0,0.0,4.5,14.6,10.116666666666667,6.9,4.316666666666666,0.2465161698850805,-3.000514374578833,79.45833333333333,113.91666666666667,524.0,51.916666666666664,1022.7375000000001,1020.2,6.616666666666667,0.6,,,,184.8153252815705,0.6526544186780111,0.0,0.0,0.0,0.0,0.0,0.0,,0.3333333333333333,0,0,0.0,0.0,1.9600000000000002,1.9600000000000002,1.9600000000000002,0.0,1.9600000000000002,-2.8999999999999773,0.525000000000091,2.917261904761972,0.0,,,3.5,3.9,-0.0839443788798631,-0.9964704417364691,-0.0839443788798631,-0.9964704417364691,0.1958776399878535,-2.384158713467431,3.0,209.0,,0.0,0.0,4,0.0,0.0,0.6652499999999999,0.0,-0.0,17.266666666666666,1.887500000000001,308,11,2018,34
2018-11-05,0.0,0.2,0,0.0,7.2,18.0,12.145833333333334,6.3,2.704166666666667,-0.10104319661182422,-1.1538540251497102,88.0,126.16666666666667,547.0,75.54166666666667,1022.0791666666668,1020.5,9.929166666666667,7.0,,,,206.61726089586105,0.26247514650843906,0.0,0.0,0.0,0.0,0.0,0.0,,0.0,0,0,0.0,0.0,1.9600000000000002,1.9600000000000002,1.9600000000000002,0.0,1.9600000000000002,-0.658333333333303,-3.7208333333331893,0.6470238095239438,0.0,,,2.216666666666667,0.20000000000000018,-0.4480284399426775,-0.8940193046028316,-0.4480284399426775,-0.8940193046028316,-0.08891801301840531,-1.015391542131745,4.0,210.0,,0.0,0.0,5,0.0,0.0,0.7107777777777778,0.0,-0.0,13.520833333333336,2.029166666666667,309,11,2018,35
2018-11-06,0.0,7.5,0,0.0,8.9,14.8,12.049999999999999,5.8,3.225,0.4100109612529638,1.743418294111131,94.83333333333333,38.541666666666664,240.0,92.83333333333333,1022.3083333333334,1020.4,11.229166666666666,8.7,,,,351.548152737037,0.475157206906346,0.0,0.0,0.0,0.0,0.0,0.0,,0.0,0,0,0.0,0.0,1.9600000000000002,1.9600000000000002,1.9600000000000002,0.0,1.9600000000000002,0.22916666666662877,-3.3291666666666515,-0.3107142857143117,0.0,,,0.8208333333333329,0.20000000000000107,-0.1469781665524338,0.9891397366180802,-0.1469781665524338,0.9891397366180802,0.38882706158822733,1.6533416822487224,5.0,211.0,,0.0,0.0,6,0.0,0.0,0.6706944444444444,0.0,-0.0,19.35,-0.09583333333333499,310,11,2018,36
2018-11-07,0.0,0.4,0,0.0,9.5,14.8,11.591666666666667,5.5,3.5208333333333335,1.623463969139558,1.1277265905142493,90.0,92.08333333333333,430.0,93.29166666666667,1024.3999999999999,1022.6,9.920833333333333,8.9,,,,56.78495005510096,0.5986931819472295,0.0,0.0,0.0,0.0,0.0,0.0,,0.0,0,0,0.0,0.0,0.35000000000000003,1.9600000000000002,1.9600000000000002,0.0,1.9600000000000002,2.0916666666664696,1.6624999999997954,0.8035714285712174,0.0,,,1.6708333333333343,0.5999999999999996,0.8366204555647183,0.5477829983950608,0.8366204555647183,0.5477829983950608,1.4611175722256022,1.0149539314628244,6.0,212.0,,0.0,0.0,6,0.0,0.0,0.6902777777777778,0.0,-0.0,21.125,-0.45833333333333215,311,11,2018,37
2018-11-08,0.0,0.0,0,0.0,9.4,17.3,11.679166666666667,7.9,5.204166666666667,2.4897161971754262,-3.8609823484364125,92.08333333333333,135.20833333333334,554.0,68.66666666666667,1023.8583333333332,1021.7,10.325000000000001,9.1,,,,143.94242431046385,0.8013363016859996,0.0,0.0,0.0,0.0,0.0,0.0,,0.08333333333333333,0,0,0.0,0.0,0.0,1.9600000000000002,1.9600000000000002,0.0,1.9600000000000002,-0.5416666666666288,1.7791666666664696,0.026785714285665563,0.0,,,1.354166666666666,0.3000000000000007,0.5885979247112696,-0.8084259292140415,0.5885979247112696,-0.8084259292140415,2.2926136648990383,-3.555321245851863,7.0,213.0,,,0.0,6,0.0,0.0,0.7304166666666667,0.0,-0.0,31.225,0.08750000000000036,312,11,2018,38
2018-11-09,0.0,7.2,0,0.0,9.1,15.5,12.4375,8.4,4.825,0.3370280905306349,-3.958238955046431,94.5,70.75,490.0,95.0,1019.9499999999999,1017.7,11.554166666666667,8.5,,,,180.2085890559579,0.8104319046557236,0.0,0.0,0.0,0.0,0.0,0.0,,0.0,0,0,0.0,0.0,0.0,1.9600000000000002,1.9600000000000002,0.0,1.9600000000000002,-3.908333333333303,-2.358333333333462,-3.0458333333333485,0.0,,,0.8833333333333329,0.5999999999999996,-0.0036405577682575565,-0.9999933731476104,-0.0036405577682575565,-0.9999933731476104,0.31849154555145004,-3.7405358125188775,8.0,214.0,,,0.0,6,0.0,0.0,0.6955,0.0,-0.0,28.950000000000003,0.7583333333333329,313,11,2018,39
2018-11-10,0.0,4.1,0,0.0,5.8,14.4,11.433333333333332,7.9,4.483333333333333,-2.4520553634913314,2.5804865974136755,88.04166666666667,90.625,455.0,61.875,1020.3666666666667,1017.9,9.4625,5.4,,,,309.54623511514774,0.7104312223127427,0.0,0.0,0.0,0.0,0.0,0.0,,0.041666666666666664,0,0,0.0,0.0,0.0,1.9600000000000002,1.9600000000000002,0.0,1.9600000000000002,0.41666666666674246,-4.033333333333189,-1.8761904761904589,0.0,,,1.9708333333333314,0.39999999999999947,-0.7711110457181177,0.6367006794181321,-0.7711110457181177,0.6367006794181321,-2.1588304096071598,2.271903408472957,9.0,215.0,,,0.0,6,0.0,0.0,0.673888888888889,0.0,-0.0,26.9,-1.0041666666666682,314,11,2018,40
2018-11-11,0.0,0.0,0,0.0,2.4,14.5,8.483333333333333,4.7,2.404166666666667,-0.8953095952275935,-0.4342319831238492,79.04166666666667,143.875,569.0,27.041666666666668,1021.35,1019.1,4.7625,-0.2,,,,239.6305075912657,0.31737624015341354,0.0,0.0,0.0,0.0,0.0,0.0,,0.7083333333333334,0,0,0.0,0.0,0.0,1.9600000000000002,1.9600000000000002,0.0,1.9600000000000002,0.9833333333333485,-2.508333333333212,-0.6946428571428669,0.0,,,3.7208333333333323,2.6,-0.8627829886109665,-0.5055744401802063,-0.8627829886109665,-0.5055744401802063,-0.7076676258944771,-0.34322419666080917,10.0,216.0,,,0.0,6,0.0,0.0,0.6816111111111112,0.0,-0.0,14.425,-2.9499999999999993,315,11,2018,41
2018-11-12,0.0,0.5,0,0.0,5.4,15.4,10.6,5.5,2.5791666666666666,-1.560112352565002,0.10553040917158042,73.58333333333333,107.29166666666667,573.0,81.79166666666667,1015.7958333333332,1012.9,5.741666666666667,1.7,,,,265.3178325929391,0.6225242678599908,0.0,0.0,0.0,0.0,0.0,0.0,,0.041666666666666664,0,0,0.0,0.0,0.0,1.9600000000000002,1.9600000000000002,0.0,1.9600000000000002,-5.554166666666788,-4.154166666666697,-5.351190476190595,0.0,,,4.8583333333333325,3.7,-0.9966628408794933,-0.08162831377664179,-0.9966628408794933,-0.08162831377664179,-1.1479826727624138,0.07765279274875458,11.0,217.0,,,0.0,6,0.0,0.0,0.6501388888888889,0.0,-0.0,15.475,2.116666666666667,316,11,2018,42
2018-11-13,0.0,1.5,0,0.0,7.2,12.5,9.058333333333334,7.3,5.279166666666667,0.546154401292487,5.091301478257691,86.16666666666667,92.375,448.0,86.95833333333333,1015.25,1013.1,6.704166666666667,4.6,,,,8.184365789087849,0.9567864635451716,0.0,0.0,0.0,0.0,0.0,0.0,,0.0,0,0,0.0,0.0,0.0,1.9600000000000002,1.9600000000000002,0.0,1.9600000000000002,-0.5458333333332348,-5.116666666666674,-4.888690476190391,0.0,,,2.354166666666667,2.6000000000000005,0.1423588496867103,0.9898151129962992,0.1423588496867103,0.9898151129962992,0.47060304244702633,4.387004773765377,12.0,218.0,,,0.0,6,0.0,0.0,0.6265833333333334,0.0,-0.0,31.675,-1.541666666666666,317,11,2018,43
2018-11-14,0.0,0.30000000000000004,0,0.0,2.2,9.5,6.241666666666667,9.1,5.820833333333333,0.1671726503315342,5.4335122442290364,83.66666666666667,103.95833333333333,436.0,65.25,1018.6041666666666,1016.0,3.525,1.4,,,,359.3811740903996,0.9097903167260665,0.0,0.0,0.0,0.0,0.0,0.0,,0.125,0,0,0.0,0.0,0.0,0.35000000000000003,1.9600000000000002,0.0,1.9600000000000002,3.3541666666666288,-2.745833333333394,-0.7065476190475692,0.0,,,2.7166666666666672,0.8000000000000003,-0.010800339636345219,0.9999416746309454,-0.010800339636345219,0.9999416746309454,0.13986778411071696,4.546038577671627,13.0,219.0,,,0.0,6,0.0,0.0,0.5593055555555555,0.0,-0.0,34.925,-2.8166666666666664,318,11,2018,44
2018-11-15,0.0,0.0,0,0.0,1.5,11.3,6.195833333333333,5.7,3.4583333333333335,0.39927906302663635,0.5563059201995474,78.5,135.45833333333334,543.0,22.416666666666668,1023.3874999999999,1021.1,2.4458333333333333,-0.2,,,,14.106169693809557,0.1719713136029817,0.0,0.0,0.0,0.0,0.0,0.0,,0.4166666666666667,0,0,0.0,0.0,0.0,0.0,1.9600000000000002,0.0,1.9600000000000002,4.783333333333303,7.591666666666697,4.144047619047569,0.0,,,3.7499999999999996,1.7,0.243719447618536,0.9698457768390373,0.243719447618536,0.9698457768390373,0.31343406447590955,0.43670014735664475,14.0,220.0,,,0.0,6,0.0,0.0,0.6030833333333333,0.0,-0.0,20.75,-0.04583333333333428,319,11,2018,45
2018-11-16,0.0,0.1,0,0.0,2.5,12.0,7.354166666666667,4.6,3.0124999999999997,0.26407556608312716,-2.2628476512929585,75.29166666666667,132.375,563.0,69.25,1021.9499999999999,1019.0,3.0666666666666664,0.3,,,,176.0176589159896,0.6758002314723434,0.0,0.0,0.0,0.0,0.0,0.0,,0.125,0,0,0.0,0.0,0.0,0.0,1.9600000000000002,0.0,1.9600000000000002,-1.4375,6.699999999999932,2.4208333333333485,0.0,,,4.2875000000000005,2.2,0.06944901498439685,-0.9975855022591783,0.06944901498439685,-0.9975855022591783,0.19882689496342118,-1.70373571078599,15.0,221.0,,,0.0,6,0.0,0.0,0.6058888888888889,0.0,-0.0,18.075,1.158333333333334,320,11,2018,46
2018-11-17,0.0,0.6000000000000001,0,0.0,3.2,9.2,6.833333333333333,7.6,3.8833333333333333,-1.1723349892590031,2.853122036244255,79.08333333333333,57.041666666666664,187.0,73.16666666666667,1019.0166666666668,1017.4,3.25,-1.6,,,,316.883200886443,0.6806383431078904,0.0,0.0,0.0,0.0,0.0,0.0,,0.20833333333333334,0,0,0.0,0.0,0.0,0.0,1.9600000000000002,0.0,1.9600000000000002,-2.9333333333331666,0.4125000000001364,-0.3196428571427532,0.0,,,3.583333333333333,4.800000000000001,-0.6834878277733847,0.7299619094758439,-0.6834878277733847,0.7299619094758439,-0.927121587338995,2.2563440103298316,16.0,222.0,,,0.0,6,0.0,0.0,0.5060833333333333,0.0,-0.0,23.3,-0.5208333333333339,321,11,2018,47
2018-11-18,0.0,0.30000000000000004,0,0.0,1.4,12.8,7.208333333333333,5.0,2.6791666666666667,-0.22857327142385764,-0.9259753519255565,75.29166666666667,119.125,534.0,74.29166666666667,1018.3375,1015.6,2.766666666666667,-1.3,,,,174.20661907092807,0.29971347669604137,0.0,0.0,0.0,0.0,0.0,0.0,,0.08333333333333333,0,0,0.0,0.0,0.0,0.0,1.9600000000000002,0.0,1.9600000000000002,-0.6791666666667879,-5.0499999999999545,-0.5684523809522943,0.0,,,4.441666666666666,2.7,0.10094136333170739,-0.99489237667636,0.10094136333170739,-0.99489237667636,-0.17209662560954617,-0.6971822753872836,17.0,223.0,,,0.0,6,0.0,0.0,0.6148333333333333,0.0,-0.0,16.075,0.375,322,11,2018,48
2018-11-19,0.63,5.0,4,0.28,3.9,9.6,6.5874999999999995,10.1,6.516666666666667,-4.038112903967271,3.167937479021225,87.625,54.208333333333336,304.0,97.91666666666667,1016.9208333333332,1014.7,4.616666666666666,2.7,,,,292.4920525606908,0.7081625837738652,5.175,9.7,10.1,89.25,-4.022317886674876,8.815569281243414,335.49980948352555,0.0,0,4,0.63,0.63,0.63,0.63,2.59,0.0,2.59,-1.4166666666667425,-5.029166666666697,-2.1458333333333712,0.0,,,1.9708333333333332,1.1999999999999997,-0.923932605253044,0.382555278293638,-0.41469626840234697,0.909959891958524,-3.538396432101321,2.7759052159923487,0.0,224.0,1.0,1.0,6.3629999999999995,0,0.06677950781250006,0.63,0.5415555555555556,6.111,0.0,0.0,-0.6208333333333336,323,11,2018,49
2018-11-20,0.0,0.0,0,0.0,0.1,7.2,3.0666666666666664,8.8,6.079166666666667,-4.843080052030252,2.971806983792827,76.58333333333333,91.45833333333333,485.0,56.041666666666664,1021.6625,1019.6,-0.775,-2.6,,,,299.7879192887491,0.9307841946494952,0.0,0.0,0.0,0.0,0.0,0.0,,0.20833333333333334,0,0,0.63,0.63,0.63,0.63,2.59,0.0,2.59,4.741666666666788,2.6458333333332575,1.6797619047620174,0.0,,,3.8416666666666663,2.7,-0.8678702201378694,0.49679098320908166,-0.8678702201378694,0.49679098320908166,-3.708992139846501,2.2759088484213397,1.0,225.0,0.0,1.0,0.0,1,0.0,0.315,0.47625,0.0,-0.0,6.079166666666667,-3.520833333333333,324,11,2018,50
2018-11-21,0.0,0.0,0,0.0,-1.3,10.8,4.4375,8.4,4.883333333333334,-4.4536970422405355,-1.2887613207674418,59.416666666666664,130.25,549.0,58.75,1021.9166666666666,1018.2,-3.8375,-13.1,,,,254.87418298763575,0.9460387195224276,0.0,0.0,0.0,0.0,0.0,0.0,,0.25,1,0,0.0,0.63,0.63,0.63,2.59,1.0,2.59,0.25416666666660603,3.5791666666666515,1.460714285714289,0.0,,,8.275,11.799999999999999,-0.9653551516584047,-0.26093951629942597,-0.9653551516584047,-0.26093951629942597,-2.6462383259312516,-0.7657390180893217,2.0,226.0,0.0,1.0,0.0,2,0.0,0.21,0.524888888888889,0.0,-0.0,9.766666666666667,1.3708333333333336,325,11,2018,51
2018-11-22,5.109999999999999,8.2,9,1.75,1.3,9.7,5.070833333333334,8.0,4.658333333333333,-2.9599187272770067,2.4036312269586433,71.66666666666667,53.0,308.0,93.79166666666667,1014.5333333333333,1010.9,0.012500000000000025,-6.0,,,,301.5506374559272,0.8005351619642364,3.5,5.588888888888889,8.0,91.44444444444444,-1.8153509220026334,5.040917076608731,342.36397330500637,0.0,0,9,5.109999999999999,5.109999999999999,5.739999999999999,5.739999999999999,7.699999999999999,1.0,7.699999999999999,-7.383333333333326,-2.387499999999932,-4.657738095238187,0.0,,,5.058333333333334,7.3,-0.8521780522425253,0.523251915692753,-0.30296918240319803,0.9530003538897233,-2.121275087881855,1.722602379320361,0.0,227.0,1.0,0.8902439024390244,40.879999999999995,0,0.7723640798611109,5.109999999999999,0.4897777777777777,28.559222222222218,0.0,0.0,0.6333333333333337,326,11,2018,52
2018-11-23,8.05,11.5,20,1.61,-1.7,1.4,0.05416666666666666,8.7,6.1875,-4.139617270190029,4.380798144915098,81.5,64.70833333333333,284.0,91.25,1022.9458333333333,1018.5,-2.720833333333333,-4.5,,,,317.61058047026086,0.97184973439747,0.04999999999999999,6.36,8.7,81.5,-4.588438992252761,4.2667756793783305,313.3784659412421,0.0,1,19,13.16,13.16,13.79,13.79,15.75,2.0,15.75,8.412500000000023,1.283333333333303,3.6124999999999545,0.0,,,2.775,2.8,-0.6741660099389929,0.7385798474389467,-0.7268328547742106,0.6868143862942675,-3.3737880752048732,3.570350488105805,0.0,228.0,0.6117021276595745,0.9543147208121828,70.035,0,1.8432437187500004,13.16,0.34591666666666665,51.19800000000001,65.62041313795497,0.0,-5.0166666666666675,327,11,2018,53
2018-11-24,0.07,0.1,1,0.07,-0.1,7.8,3.125,6.5,2.8041666666666667,-0.7339555173831446,-0.15064522129469246,66.41666666666667,123.625,520.0,50.083333333333336,1025.4583333333333,1022.5,-2.775,-5.8,,,,244.4175843431338,0.2950728530208273,2.8,2.6,2.6,73.0,-1.4539015490239415,-2.1554976886431088,213.99999999999997,0.125,1,1,8.120000000000001,13.23,13.86,13.86,15.82,3.0,15.82,2.512499999999932,3.5416666666666288,5.204761904761881,0.0,,,5.9,5.7,-0.9019650930714171,-0.43180895183016965,-0.5591929034707463,-0.8290375725550421,-0.4874687894619719,-0.10005353447655825,0.0,229.0,0.005291005291005292,0.9545454545454546,0.45500000000000007,1,0.012190500000000005,13.23,0.47713888888888895,0.18200000000000002,0.3652927641922554,2.8041666666666667,3.0708333333333333,328,11,2018,54
2018-11-25,0.0,0.0,0,0.0,2.4,10.1,5.404166666666666,5.8,3.2083333333333335,-2.279015425867739,-1.826954657347294,69.95833333333333,128.79166666666666,542.0,44.416666666666664,1022.6750000000001,1020.7,0.17916666666666667,-3.5,,,,225.6015701136367,0.9090867045502977,0.0,0.0,0.0,0.0,0.0,0.0,,0.4583333333333333,0,0,0.07,8.120000000000001,13.86,13.86,15.82,3.0,15.82,-2.7833333333331893,8.141666666666765,1.8017857142857565,0.0,,,5.225,5.9,-0.714491852695645,-0.6996437610895596,-0.714491852695645,-0.6996437610895596,-1.5943612083466392,-1.2781070290358776,1.0,230.0,0.0,0.585858585858586,0.0,2,0.0,4.0600000000000005,0.5435,0.0,-0.0,6.416666666666667,2.279166666666666,329,11,2018,55
2018-11-26,0.07,2.4,1,0.07,3.5,11.3,6.8500000000000005,7.2,4.5249999999999995,-2.0208126618130704,-0.7512064527417627,83.0,100.79166666666667,511.0,82.41666666666667,1024.0666666666666,1022.1,3.966666666666667,0.1,,,,254.0766936873585,0.47309159433361503,5.2,5.6,5.6,96.0,-2.542346798541463,4.989636535454859,333.0,0.08333333333333333,0,1,0.07,0.14,13.299999999999999,13.93,15.89,3.0,15.89,1.3916666666665378,1.1208333333332803,2.172619047619037,0.0,,,2.8833333333333337,3.4,-0.9616297910760616,-0.2743504053487256,-0.45399049973954697,0.8910065241883678,-1.6772745093048484,-0.623501355775663,0.0,231.0,0.5,0.010526315789473686,0.5040000000000001,3,0.007811999999999993,0.14,0.5949722222222222,0.392,0.0,13.575,1.4458333333333346,330,11,2018,56
2018-11-27,0.0,0.0,0,0.0,0.2,14.1,7.029166666666666,6.0,3.4916666666666667,-2.066280673722868,-1.6499970643531314,71.125,131.33333333333334,539.0,14.583333333333334,1021.1916666666666,1018.4,1.7874999999999999,-2.8,,,,224.6473234271382,0.6865376596603525,0.0,0.0,0.0,0.0,0.0,0.0,,0.7916666666666666,0,0,0.07,0.07,13.299999999999999,13.93,15.89,3.0,15.89,-2.875,-4.2666666666666515,-0.635119047619014,0.0,,,5.241666666666666,3.0,-0.7027409110663432,-0.7114458601423203,-0.7027409110663432,-0.7114458601423203,-1.4696421291853898,-1.1735604120211647,1.0,232.0,0.0,0.005263157894736843,0.0,4,0.0,0.035,0.6379722222222223,0.0,-0.0,13.966666666666667,0.17916666666666536,331,11,2018,57
2018-11-28,0.07,1.8,1,0.07,0.2,12.4,7.391666666666667,5.2,3.7416666666666667,-2.5668217378730627,0.7377029257768654,85.20833333333333,70.375,382.0,76.75,1018.7208333333333,1017.3,5.0125,-0.4,,,,281.51119290040543,0.7157958738472091,6.3,4.7,4.7,78.0,-1.8364363038995872,4.326372811226469,337.0,0.0,0,1,0.07,0.14,13.37,14.0,15.96,2.0,15.96,-2.470833333333303,-3.954166666666765,-2.6494047619048615,0.0,,,2.3791666666666664,0.6000000000000001,-0.9798857388056526,0.19955936180821074,-0.3907311284892739,0.9205048534524403,-2.1871460224793386,0.628584368005704,0.0,233.0,0.5,0.010471204188481678,0.36400000000000005,5,0.006094593750000003,0.14,0.6064999999999999,0.32900000000000007,0.0,18.708333333333332,0.3625000000000007,332,11,2018,58
2018-11-29,1.54,2.4,10,0.42,3.4,8.4,5.358333333333333,8.7,5.029166666666667,-2.892760717900361,2.94812026628729,77.91666666666667,104.375,475.0,79.91666666666667,1020.9291666666667,1018.9,1.5916666666666668,-2.5,,,,307.61976269036694,0.7699078408224684,4.79,5.45,8.7,83.9,-2.236845080124536,3.6788495614252463,317.88343597977985,0.0,0,5,1.61,1.61,9.8,15.54,17.5,2.0,17.5,2.2083333333333712,-3.137499999999932,-1.3547619047617445,0.0,,,3.7666666666666666,5.9,-0.7920791425087454,0.6104184073261638,-0.6706410936995645,0.7417819918557285,-2.253942726030698,2.2970770408155134,0.0,234.0,0.9565217391304347,0.16428571428571428,13.398,6,0.18692014687499997,1.61,0.5159722222222222,8.393,0.0,30.175,-2.033333333333333,333,11,2018,59
2018-11-30,0.28,0.5,3,0.14,1.5,7.6,4.2625,5.9,3.1,-1.9027713073514352,1.168431838295204,78.45833333333333,77.5,362.0,54.083333333333336,1023.5625,1022.1,0.7833333333333333,-0.9,,,,301.9238425913372,0.735679415999161,4.766666666666667,3.5666666666666664,5.9,74.33333333333333,-2.7567279266661093,2.1674321214658296,305.39969401454846,0.125,0,1,1.82,1.8900000000000001,2.0300000000000002,15.819999999999999,16.17,1.0,17.78,2.6333333333333258,2.370833333333394,1.1904761904762609,0.0,,,3.479166666666667,2.4,-0.848751714175447,0.5287915730079672,-0.8151308893411483,0.579276819182253,-1.4928826548928134,0.9167321464624453,0.0,235.0,0.14814814814814814,0.9310344827586207,1.6520000000000004,1,0.035000097222222235,1.8900000000000001,0.48208333333333336,0.9986666666666667,0.0,3.1,-1.0958333333333332,334,11,2018,60
2018-12-01,8.4,12.6,16,1.33,0.5,6.4,3.654166666666667,10.9,5.004166666666666,-1.2389777530135522,3.114111358634611,88.0,44.0,195.0,88.625,1023.9250000000001,1019.7,1.8291666666666666,-1.2,,,,325.3291595269132,0.34933924665678556,4.5625,5.43125,10.9,88.5625,-0.9373748411988292,3.9065848535063106,346.584598765533,0.0,0,16,8.68,10.22,10.360000000000001,24.22,24.22,0.0,26.18,0.3625000000000682,5.204166666666765,1.7720238095239438,0.0,,,1.8250000000000002,1.7,-0.5688610361608089,0.8224336578339014,-0.23200937946369768,0.9727135487083902,-1.090300422651926,2.740417995598458,0.0,236.0,0.821917808219178,0.9864864864864864,91.56,0,1.0643523925781253,10.22,0.4648888888888889,45.6225,0.0,0.0,-0.6083333333333334,335,12,2018,61
2018-12-02,0.0,0.0,0,0.0,-0.3,11.1,5.779166666666666,4.8,3.5,0.13459924578450214,-1.704126854009476,67.54166666666667,129.5,540.0,40.625,1028.0249999999999,1026.5,-0.029166666666666674,-4.4,,,,182.07874682940374,0.3535093627279981,0.0,0.0,0.0,0.0,0.0,0.0,,0.5416666666666666,0,0,8.4,8.68,10.360000000000001,24.22,24.22,0.0,26.18,4.099999999999795,7.095833333333189,5.107738095237892,0.0,,,5.808333333333333,4.1000000000000005,-0.03627301751480807,-0.9993419175639389,-0.03627301751480807,-0.9993419175639389,0.09091057392361583,-1.1509956793122338,1.0,237.0,0.0,0.8378378378378377,0.0,1,0.0,4.34,0.5581388888888889,0.0,-0.0,3.5,2.124999999999999,336,12,2018,62
2018-12-03,0.0,6.2,0,0.0,6.2,10.4,8.6875,7.2,3.658333333333333,0.510388944137377,-3.0933958056777833,82.875,36.708333333333336,173.0,98.54166666666667,1025.0791666666667,1021.5,5.670833333333333,0.2,,,,180.54443724514826,0.7052087930005364,0.0,0.0,0.0,0.0,0.0,0.0,,0.0,0,0,0.0,8.4,10.290000000000001,23.59,24.22,0.0,26.18,-2.945833333333212,1.5166666666666515,2.017261904761881,0.0,,,3.0166666666666666,6.0,-0.009502079502822966,-0.9999548542234904,-0.009502079502822966,-0.9999548542234904,0.4229848374538512,-2.563651773955463,2.0,238.0,0.0,0.8163265306122448,0.0,2,0.0,2.8000000000000003,0.5318333333333333,0.0,-0.0,7.316666666666666,2.908333333333334,337,12,2018,63
2018-12-04,0.0,16.3,0,0.0,8.0,16.8,12.629166666666668,9.0,4.395833333333333,1.2536041440538352,-1.9478381085114556,90.16666666666667,73.20833333333333,368.0,91.75,1014.475,1008.8,11.004166666666668,7.4,,,,133.57258541132998,0.4573303734771152,0.0,0.0,0.0,0.0,0.0,0.0,,0.0,0,0,0.0,0.0,10.290000000000001,23.59,24.22,0.0,26.18,-10.604166666666629,-9.450000000000045,-7.627380952380918,0.0,,,1.625,0.5999999999999996,0.7245017441272471,-0.6892729667965929,0.7245017441272471,-0.6892729667965929,1.1303330698885414,-1.7563006945078292,3.0,239.0,,0.0,0.0,3,0.0,0.0,0.6826944444444445,0.0,-0.0,13.1875,3.941666666666668,338,12,2018,64
2018-12-05,0.0,4.3,0,0.0,1.6,9.9,6.433333333333334,11.3,6.4875,-2.0754288425264007,5.137901000817299,93.79166666666667,49.875,222.0,77.16666666666667,1021.8291666666668,1014.5,5.483333333333333,0.7,,,,344.83138414329505,0.6478994073794838,0.0,0.0,0.0,0.0,0.0,0.0,,0.08333333333333333,0,0,0.0,0.0,10.22,23.59,24.22,0.0,26.18,7.3541666666667425,-6.195833333333098,-0.7172619047618127,0.0,,,0.9500000000000002,0.9000000000000001,-0.26166054514782444,0.9651599655564581,-0.26166054514782444,0.9651599655564581,-1.94657930188622,4.8189229803498925,4.0,240.0,,0.0,0.0,4,0.0,0.0,0.5658888888888889,0.0,-0.0,25.95,-6.195833333333335,339,12,2018,65
2018-12-06,0.0,15.0,0,0.0,1.6,11.1,6.7749999999999995,9.5,6.054166666666667,1.1036385485595857,-3.643802927320452,93.08333333333333,58.375,290.0,78.625,1016.9708333333333,1010.9,5.708333333333333,0.3,,,,169.57434136849398,0.525362904103657,0.0,0.0,0.0,0.0,0.0,0.0,,0.20833333333333334,0,0,0.0,0.0,8.680000000000001,18.48,24.22,0.0,26.18,-4.858333333333462,-8.108333333333348,-5.010119047619128,0.0,,,1.0666666666666664,1.3,0.180959597586837,-0.9834905307328637,0.180959597586837,-0.9834905307328637,1.027303548950881,-3.3917732248474537,5.0,241.0,,0.0,0.0,5,0.0,0.0,0.5958611111111111,0.0,-0.0,30.270833333333336,0.3416666666666659,340,12,2018,66
2018-12-07,5.8100000000000005,11.299999999999999,13,1.12,0.0,8.2,4.920833333333333,10.0,4.258333333333334,-2.2519751386238696,0.06210667592742769,93.375,42.666666666666664,182.0,98.33333333333333,1014.5708333333333,1010.8,3.9375,-2.1,,,,252.32199676902735,0.44760067023394046,3.0615384615384613,3.9538461538461536,10.0,93.15384615384616,-1.3144270718001958,2.5551439438937638,327.49777099712946,0.0,0,13,5.8100000000000005,5.8100000000000005,14.210000000000003,16.240000000000002,30.03,0.0,31.990000000000002,-2.3999999999999773,0.09583333333330302,-6.125595238095229,0.0,,,0.9833333333333334,2.1,-0.9527781342136991,-0.30366729650105956,-0.537332418767993,0.8433705423720574,-2.102781785690038,0.057992108647235606,0.0,242.0,1.0,0.40886699507389157,58.10000000000001,6,0.9580023912721893,5.8100000000000005,0.5219166666666667,22.971846153846155,-0.0,25.550000000000004,-1.854166666666666,341,12,2018,67
2018-12-08,7.91,11.3,24,1.12,-4.0,-0.8,-2.1875,9.2,4.766666666666667,-3.642671370663852,1.9119688813863724,82.20833333333333,47.875,221.0,97.16666666666667,1020.5500000000001,1019.5,-4.833333333333333,-5.5,,,,293.32637459953077,0.7980212270708951,-2.1875,4.766666666666667,9.2,82.20833333333333,-3.642671370663852,1.9119688813863724,293.32637459953077,0.0,0,24,13.72,13.72,13.72,24.08,37.94,0.0,39.9,5.9791666666667425,-1.279166666666697,0.33571428571440265,0.0,,,2.645833333333333,1.5,-0.9182642051111443,0.39596824318573626,-0.9182642051111443,0.39596824318573626,-2.994579422633241,1.5717977512397134,0.0,243.0,0.576530612244898,1.0,72.77199999999999,0,2.2664776367187502,13.72,0.3059444444444444,37.70433333333333,87.12055694837824,0.0,-7.108333333333333,342,12,2018,68
2018-12-09,10.22,14.6,24,1.19,-7.8,-4.0,-6.133333333333333,10.0,6.920833333333333,-5.470967582095116,3.740826388303169,79.25,57.375,264.0,94.75,1028.2791666666667,1022.1,-9.158333333333333,-11.2,,,,306.80070817299696,0.9481255264526223,-6.133333333333333,6.920833333333333,10.0,79.25,-5.470967582095116,3.740826388303169,306.80070817299696,0.0,0,24,18.130000000000003,23.94,23.94,34.3,48.16,0.0,50.120000000000005,7.729166666666629,11.308333333333394,8.028571428571354,0.0,,,3.0250000000000004,3.3999999999999995,-0.8007239669855619,0.5990334954699151,-0.8007239669855619,0.5990334954699151,-4.335741808810379,2.9646049127302616,0.0,0.0,0.4269005847953216,1.0,100.0,0,3.765464961805556,23.94,0.30241666666666667,70.73091666666667,329.83095810555767,0.0,-3.945833333333333,343,12,2018,69
2018-12-10,0.7000000000000001,1.0,9,0.14,-8.2,-1.6,-5.2250000000000005,10.3,8.4625,-7.835544803193012,2.754428562459618,75.5,103.91666666666667,441.0,81.20833333333333,1031.8708333333334,1030.2,-8.891666666666667,-11.5,,,,290.1018994743569,0.9811195643963585,-7.466666666666667,9.288888888888888,10.3,75.77777777777777,-8.913421165469297,2.1473283447812257,283.202735965698,0.0,0,9,10.92,18.830000000000002,24.64,34.93,48.86,0.0,50.82,3.591666666666697,17.300000000000068,10.649999999999977,0.0,,,3.666666666666667,3.3000000000000007,-0.9390828585444181,0.3436908273260204,-0.973567997641566,0.2283973598100287,-5.915836326410724,2.0795935646570114,0.0,1.0,0.03717472118959108,0.7642045454545455,7.210000000000001,1,0.2701753703703705,18.830000000000002,0.3209444444444444,6.502222222222222,262.5151090250154,8.4625,0.9083333333333323,344,12,2018,70
2018-12-11,2.8,4.0,6,0.63,-9.6,4.0,-1.575,8.0,4.8875,-0.7930638961279154,-2.2424256464685928,71.79166666666667,93.125,382.0,72.375,1027.95,1021.6,-6.1875,-14.7,,,,201.44776361550905,0.46569497919471053,1.8333333333333333,5.95,8.0,86.33333333333333,0.35941531857200076,-5.761413681352837,178.0777263087813,0.25,0,6,3.5,13.72,27.44,37.730000000000004,51.66,0.0,53.620000000000005,-3.9208333333333485,7.399999999999977,4.804166666666674,0.0,,,4.6125,5.1,-0.3656528157142854,-0.9307513192900748,0.03354371139363505,-0.99943725136996,-0.5693537887618326,-1.6098747453605773,0.0,2.0,0.2040816326530612,0.5,22.4,2,0.5291489583333334,13.72,0.3902777777777778,16.66,0.0,9.775,3.6500000000000004,345,12,2018,71
2018-12-12,9.52,20.0,20,1.33,-1.0,5.7,2.904166666666667,11.1,6.470833333333334,-2.969308953697725,3.505998800288172,87.45833333333333,49.666666666666664,247.0,97.58333333333333,1016.9,1013.4,1.0083333333333333,-4.0,,,,295.6057386009749,0.5735267185914887,2.4400000000000004,7.1450000000000005,11.1,86.45,-3.060276237139227,4.439802614946169,309.00299974144025,0.0,0,14,12.32,13.02,36.96,47.18,61.18,0.0,63.14,-11.050000000000068,-11.37916666666672,-5.541666666666629,0.0,,,1.8958333333333335,3.0,-0.9017892452614308,0.43217607190914575,-0.7771130120931994,0.6293610779476555,-2.596908122421469,3.066288117418697,0.0,3.0,0.7311827956989247,0.35227272727272724,100.0,3,1.6385818050000003,13.02,0.45130555555555557,68.0204,0.0,19.4125,4.479166666666667,346,12,2018,72
2018-12-13,4.13,5.9,9,1.54,-6.3,0.2,-1.7791666666666668,8.5,5.875,-4.609630901923226,0.9871171072994072,72.95833333333333,120.79166666666667,534.0,65.54166666666667,1021.8416666666667,1018.7,-6.079166666666667,-10.3,,,,276.68482615931015,0.8130440920458613,-1.4666666666666666,5.844444444444445,7.9,79.22222222222223,-3.4742771395524126,2.321401354143631,288.7539862460585,0.25,1,5,13.649999999999999,16.45,41.09,49.77,65.31,1.0,67.27,4.94166666666672,-10.029166666666697,-1.2958333333333485,0.0,,,4.3,4.000000000000001,-0.993201513026578,0.11640770817139263,-0.9469077636573395,0.3215053454072825,-3.363109878861487,0.720184189533859,0.0,4.0,0.25106382978723407,0.4003407155025553,35.105,4,1.0974404259259256,16.45,0.32816666666666666,24.137555555555558,108.16293304711665,23.5,-4.683333333333334,347,12,2018,73
2018-12-14,14.56,20.900000000000002,24,2.1,-3.6,0.3,-2.495833333333333,13.2,8.691666666666666,-4.4762743890438,7.2853505304605255,82.70833333333333,52.791666666666664,240.0,95.08333333333333,1025.075,1018.6,-5.0375000000000005,-6.4,,,,327.73854659754005,0.9702561531064962,-2.495833333333333,8.691666666666666,13.2,82.70833333333333,-4.4762743890438,7.2853505304605255,327.73854659754005,0.0,1,24,18.69,28.21,49.84,64.05,79.87,2.0,81.83,3.2333333333333485,-2.875,0.43690476190477057,0.0,,,2.5416666666666674,2.8000000000000003,-0.5337835658922075,0.8456211354876363,-0.5337835658922075,0.8456211354876363,-3.702251942604976,6.025592001235059,0.0,0.0,0.5161290322580645,0.5660112359550562,100.0,0,4.054309571180555,28.21,0.31755555555555554,126.55066666666667,52.10383388847008,0.0,-0.7166666666666663,348,12,2018,74
2018-12-15,1.26,1.8,13,0.21,-9.7,-2.3,-4.75,8.4,5.7375,-4.230874814201382,3.302847521374044,76.70833333333333,84.58333333333333,338.0,69.125,1029.4416666666666,1028.0,-8.225,-16.4,,,,305.9018177501173,0.9253389537467758,-3.5461538461538464,6.369230769230769,8.4,78.53846153846153,-3.859762773427745,4.8928486547957855,323.51003190332744,0.20833333333333334,0,13,15.820000000000002,19.950000000000003,43.190000000000005,56.910000000000004,81.13,2.0,83.09,4.366666666666561,12.541666666666629,3.533333333333303,0.0,,,3.4749999999999996,6.699999999999999,-0.8100230369502782,0.5863980555986251,-0.5946820305431129,0.8039609956640436,-3.2454335553936433,2.5335592861873395,0.0,1.0,0.0631578947368421,0.4619124797406807,10.584000000000001,1,0.39273165532544385,19.950000000000003,0.3120833333333333,8.025230769230769,163.48668520648386,5.7375,-2.254166666666667,349,12,2018,75
2018-12-16,1.54,2.2,3,0.91,-10.7,5.2,-0.13749999999999998,6.3,3.733333333333333,-1.3263967148805305,-2.8277266121825644,49.875,98.45833333333333,411.0,84.66666666666667,1021.3375,1016.1,-10.545833333333333,-22.3,,,,214.30007509886943,0.8264981008705929,0.9333333333333332,3.0,3.8,79.33333333333333,-1.554527661437355,-2.5075581676430905,210.36215920470232,0.08333333333333333,0,2,2.8,17.360000000000003,34.51,58.45,82.67,2.0,84.63,-8.104166666666629,-0.5041666666667197,-3.579166666666538,0.0,,,10.408333333333333,11.600000000000001,-0.5635271317227387,-0.8260975558687624,-0.5054640096915243,-0.8628476892862185,-0.6615403615466646,-1.410328647826054,0.0,2.0,0.08870967741935483,0.5030425963488845,9.702,2,0.3359766666666667,17.360000000000003,0.34744444444444444,4.62,0.0,7.466666666666666,4.6125,350,12,2018,76
2018-12-17,9.52,13.5,18,1.33,1.2,6.0,3.6833333333333336,5.8,3.2416666666666667,-2.8915609365150057,-0.2316485195947533,84.375,73.20833333333333,364.0,89.0,1009.3583333333332,1006.2,1.2708333333333333,-0.4,,,,262.9537482471091,0.8913340262221456,3.1,3.3777777777777778,5.8,85.88888888888889,-2.9422522897717034,-0.28795957527796234,262.6127609955165,0.0,0,10,11.059999999999999,12.32,43.33,67.97,92.19,2.0,94.15,-11.979166666666742,-15.71666666666681,-12.342261904761926,0.0,,,2.4125000000000005,1.6,-0.9924474497945645,-0.122670531898519,-0.9916998233210064,-0.12857472700762326,-2.439754540184536,-0.19545343840807308,0.0,3.0,0.7727272727272727,0.284329563812601,55.215999999999994,3,1.5728626666666665,12.32,0.46338888888888885,32.156444444444446,0.0,9.725,3.8208333333333337,351,12,2018,77
2018-12-18,10.36,15.0,20,2.03,-2.0,2.0,0.375,7.7,4.583333333333333,-3.1957613133387794,0.7941926621325615,79.08333333333333,87.83333333333333,450.0,83.33333333333333,1014.1125000000001,1009.4,-2.8833333333333333,-5.5,,,,276.243526991519,0.7210825564987966,0.47000000000000003,4.8,7.7,80.4,-3.1502343732650777,1.0425652887407968,279.5193820687921,0.041666666666666664,1,12,19.88,21.42,50.89,78.33,102.55,3.0,104.51,4.754166666666833,-15.329166666666538,-5.611309523809496,0.0,,,3.2583333333333333,3.5,-0.9940686311475037,0.10875457033397846,-0.9862297126506655,0.1653812380077794,-2.5273145719654178,0.6280740303031673,0.0,0.0,0.4836601307189542,0.4209078404401651,79.77199999999999,4,2.3201738,21.42,0.36661111111111105,49.727999999999994,29.95347849912983,18.333333333333332,-3.3083333333333336,352,12,2018,78
2018-12-19,13.719999999999999,19.6,20,1.68,-2.6,1.5,-0.004166666666666652,6.0,3.579166666666666,-1.3154277101304812,-0.029696782658891974,86.5,43.583333333333336,260.0,91.91666666666667,1017.8000000000001,1015.1,-2.0375,-4.8,,,,260.0938275544032,0.3764200171709515,0.14,3.375,4.8,87.5,-1.1452798805434468,0.773129535857722,285.6133219722723,0.0,1,14,24.08,33.6,55.09,92.05,115.64,4.0,118.23,3.6875,-3.537499999999909,-2.052380952380986,0.0,,,2.033333333333333,2.1999999999999997,-0.9850907986026336,-0.17203522461526732,-0.9631000136026313,0.26914376046754535,-1.1378449692628663,-0.02568771699994156,0.0,0.0,0.40833333333333327,0.6099110546378653,82.32,5,3.239302718749999,33.6,0.3507222222222222,46.30499999999999,10.980370854710296,17.895833333333332,-0.37916666666666665,353,12,2018,79
2018-12-20,7.0,10.1,19,1.33,-0.5,3.2,1.5250000000000001,4.8,3.454166666666667,-1.9298735125718032,2.082293232862901,90.29166666666667,58.75,278.0,95.125,1021.7541666666666,1019.1,0.09583333333333333,-2.1,,,,314.91491434151925,0.8356585374550104,1.4473684210526316,3.363157894736842,4.7,89.84210526315789,-1.6240944655608462,2.1009835824800924,317.9122819327237,0.0,1,19,20.72,31.08,57.959999999999994,99.05,122.64,4.0,125.23,3.954166666666538,12.395833333333371,1.914285714285711,0.0,,,1.4291666666666667,1.6,-0.7081560722774571,0.7060559307141078,-0.6702675534935176,0.7421195366878671,-1.742514959059624,1.8801372648391277,0.0,1.0,0.22522522522522523,0.5362318840579711,33.6,6,1.4337896035318565,31.08,0.41125000000000006,23.542105263157893,3.2109700996191517,20.725,1.5291666666666668,354,12,2018,80
2018-12-21,0.0,0.0,0,0.0,-1.7,8.1,2.6374999999999997,6.2,4.183333333333334,-3.1629304049672444,-0.15649784403653944,67.83333333333333,122.625,512.0,58.25,1024.2749999999999,1021.3,-3.1958333333333333,-9.0,,,,263.97108604837524,0.7741868161406821,0.0,0.0,0.0,0.0,0.0,0.0,,0.20833333333333334,1,0,7.0,20.72,43.39999999999999,93.24,122.64,4.0,125.23,2.5208333333332575,10.162499999999795,4.549404761904611,0.0,,,5.833333333333333,7.3,-0.9944690191096276,-0.105030329101337,-0.9944690191096276,-0.105030329101337,-2.1455211247027806,-0.1061577042047859,1.0,2.0,0.0,0.47741935483870973,0.0,2,0.0,10.36,0.4878611111111111,0.0,-0.0,8.366666666666667,1.1124999999999996,355,12,2018,81
2018-12-22,1.26,6.4,4,0.56,0.8,9.2,5.6375,4.8,2.9583333333333335,-2.083058039130027,1.2013250697024163,81.66666666666667,53.166666666666664,229.0,75.0,1019.9125,1017.6,2.4916666666666667,-8.3,,,,292.13154879508784,0.8238812723154546,5.675,1.825,2.6,67.5,-1.3413120681552992,-0.08025717713223846,270.9276052388958,0.0,0,4,1.26,8.26,43.4,86.59,118.79,4.0,126.49,-4.362499999999841,2.1124999999999545,1.5482142857142662,0.0,,,3.1458333333333335,9.100000000000001,-0.9263213299260146,0.37673438086282984,-0.9998689486077844,0.016189058340861505,-1.7011640652895221,0.9810821402569734,0.0,3.0,0.15254237288135594,0.1903225806451613,6.048,3,0.13312958203125003,8.26,0.5121111111111111,2.2995,0.0,8.875,3.0000000000000004,356,12,2018,82
2018-12-23,5.46,9.7,8,1.05,0.8,5.8,3.5124999999999997,8.6,5.258333333333334,-3.9285278426443493,0.5205355876601232,83.20833333333333,35.5,197.0,73.125,1015.775,1012.1,0.8875000000000001,-2.5,,,,271.78116529700065,0.7884981440283036,3.55,7.175,8.6,90.875,-4.870179901364122,5.1256658555875205,315.4180530140609,0.0,0,8,6.72,6.72,47.32,81.83,116.2,4.0,131.95,-4.1375000000000455,-5.979166666666629,-1.7946428571428896,0.0,,,2.6249999999999996,3.3,-0.9995168319441441,0.031082192013137104,-0.7019286697488046,0.7122472482113732,-3.268862542400319,0.4331289868988608,0.0,4.0,0.8125,0.14201183431952663,46.955999999999996,4,0.8014618828125006,6.72,0.42991666666666667,39.1755,0.0,21.033333333333335,-2.1250000000000004,357,12,2018,83
2018-12-24,12.53,17.9,20,2.17,-5.8,2.6,-2.783333333333333,12.6,9.0875,-6.362244940040882,5.910558709986961,83.375,47.958333333333336,232.0,95.45833333333333,1022.2708333333334,1013.9,-5.2124999999999995,-8.5,,,,311.81814153370755,0.9554272668900013,-2.27,9.16,12.6,83.2,-5.963072578349009,6.656384543929517,317.12916849488863,0.0,0,20,17.99,19.25,50.33,93.66,128.66,4.0,144.48,6.495833333333394,-2.0041666666664923,2.85654761904766,0.0,,,2.4291666666666663,2.7,-0.7452649184786635,0.6667684765231415,-0.6803478532295731,0.7328893494968468,-5.304521718759085,4.927928324451629,0.0,0.0,0.6509090909090909,0.3824756606397775,100.0,5,3.4034878762499994,19.25,0.36766666666666664,114.7748,224.66372861644965,45.4375,-6.2958333333333325,358,12,2018,84
2018-12-25,0.0,0.0,0,0.0,-9.0,1.3,-4.170833333333333,7.5,4.741666666666666,-4.649765042781504,0.3585120257511745,72.20833333333333,115.5,497.0,55.0,1022.0,1019.6,-8.5,-14.6,,,,273.7881853685094,0.9849961989607079,0.0,0.0,0.0,0.0,0.0,0.0,,0.375,1,0,12.53,17.989999999999995,39.97,90.86,128.66,4.0,144.48,-0.27083333333337123,2.0874999999999773,1.4589285714286007,0.0,,,4.329166666666667,5.6,-0.9978151130365042,0.06606814811956269,-0.9978151130365042,0.06606814811956269,-3.357517841308477,0.2588755585944939,1.0,1.0,0.0,0.45008756567425556,0.0,6,0.0,8.994999999999997,0.3465833333333333,0.0,-0.0,28.449999999999996,-1.3875000000000002,359,12,2018,85
2018-12-26,2.52,3.6,17,0.28,-4.2,3.5,0.5833333333333334,7.2,5.741666666666667,-5.676149345847249,0.4653224154068359,82.375,48.5,260.0,98.08333333333333,1016.8958333333334,1014.5,-2.0875,-6.1,,,,273.9616606308647,0.9889600204104069,1.576470588235294,5.294117647058823,6.9,81.29411764705883,-5.220457829681145,0.4424413059669123,273.8249869929094,0.0,0,17,2.520000000000002,15.049999999999999,28.77,83.86000000000001,131.11,3.0,147.0,-5.104166666666629,1.120833333333394,-3.516071428571422,0.0,,,2.6708333333333334,1.8999999999999995,-0.9976105043425922,0.06908893996377911,-0.9977724710091396,0.0667090405890808,-4.675728023641671,0.3833093396913811,0.0,2.0,0.1674418604651163,0.5231143552311435,18.144000000000002,2,0.4955636678200691,15.049999999999999,0.38469444444444445,13.341176470588236,0.0,11.483333333333334,4.754166666666666,360,12,2018,86
2018-12-27,12.11,17.3,19,2.66,-6.4,0.7,-1.9291666666666665,9.2,6.4875,-3.391616222264379,5.11340389321412,85.45833333333333,47.083333333333336,235.0,97.58333333333333,1012.5333333333333,1010.5,-4.0625,-8.2,,,,324.9248920812503,0.948531791798904,-2.384210526315789,6.489473684210526,9.2,85.26315789473684,-2.9203949585134064,5.469067252725672,329.93391239371573,0.0,1,19,14.63,14.629999999999997,33.879999999999995,91.84,143.22,3.0,159.11,-4.362500000000068,-9.737500000000068,-6.5613095238094274,0.0,,,2.1333333333333337,1.799999999999999,-0.5746497536466615,0.8183994505336812,-0.5009985809877834,0.8654481046534376,-2.8984186966101,4.369829743742567,0.0,0.0,0.8277511961722489,0.43181818181818177,100.0,3,3.4451808397680055,14.629999999999997,0.3318055555555555,78.58752631578946,0.0,19.4625,-2.5124999999999997,361,12,2018,87
2018-12-28,21.98,31.4,24,2.31,-11.6,-7.2,-9.2125,8.0,6.570833333333333,-2.896177327509763,5.817222905046954,84.875,37.666666666666664,154.0,100.0,1016.9375,1012.3,-11.299999999999999,-13.8,,,,333.3730566497246,0.9893187704494755,-9.2125,6.570833333333333,8.0,84.875,-2.896177327509763,5.817222905046954,333.3730566497246,0.0,0,24,34.09,36.61,55.86,99.25999999999999,165.13000000000002,2.0,181.09,4.404166666666697,-5.0625,-1.108928571428578,0.0,,,2.0874999999999986,2.200000000000001,-0.4481795145009189,0.8939435791937435,-0.4481795145009189,0.8939435791937435,-2.4581305067239114,4.937367940658603,0.0,0.0,0.6003824091778203,0.6553884711779449,100.0,0,9.69014308235677,36.61,0.3080277777777778,144.42691666666667,147.9608727002623,0.0,-7.283333333333334,362,12,2018,88
2018-12-29,14.49,20.6,24,1.4,-11.5,-6.3,-9.616666666666667,10.4,5.766666666666667,-3.2067177687063086,4.587564069413147,84.33333333333333,39.375,235.0,99.5,1021.6666666666666,1018.5,-11.791666666666666,-13.5,,,,322.7605914921073,0.9689714239339385,-9.616666666666667,5.766666666666667,10.4,84.33333333333333,-3.2067177687063086,4.587564069413147,322.7605914921073,0.0,0,24,36.47,48.57999999999999,69.09,112.49000000000001,178.07999999999998,2.0,195.58,4.729166666666629,4.7708333333332575,3.3696428571428214,0.0,,,2.174999999999999,2.0,-0.6051468316291932,0.7961138814071445,-0.6051468316291932,0.7961138814071445,-2.70433198494232,3.8688456985384203,0.0,0.0,0.298270893371758,0.7031408308004051,100.0,1,6.593903421875001,48.57999999999999,0.3073611111111111,83.559,174.39868198349484,5.766666666666667,-0.4041666666666668,363,12,2018,89
2018-12-30,10.22,14.5,24,0.63,-10.7,-6.1,-9.004166666666666,10.6,6.808333333333334,-4.085300536295729,5.167211025929487,86.5,43.708333333333336,174.0,97.5,1028.5249999999999,1026.0,-10.85,-12.7,,,,320.4529622851504,0.9720291341309414,-9.004166666666666,6.808333333333334,10.6,86.5,-4.085300536295729,5.167211025929487,320.4529622851504,0.0,0,24,24.71,46.69,73.85,121.17,188.01999999999998,2.0,205.8,6.858333333333235,15.99166666666656,8.406547619047501,0.0,,,1.8458333333333332,2.0,-0.636711481084877,0.7711021267346514,-0.636711481084877,0.7711021267346514,-3.5337849638958057,4.469637537429006,0.0,0.0,0.2188905547226387,0.6322274881516587,100.0,2,4.44233580577257,46.69,0.3174722222222222,69.58116666666668,299.79637543894415,13.616666666666667,0.6125000000000007,364,12,2018,90
2018-12-31,2.87,4.2,18,0.35,-8.6,-3.3,-6.0125,8.9,7.529166666666666,-6.285339795255948,3.7995790340908875,79.625,56.833333333333336,257.0,97.75,1032.8041666666666,1031.1,-8.979166666666666,-11.5,,,,301.6157239133073,0.9759703819829364,-6.211111111111111,7.422222222222222,8.9,79.11111111111111,-6.098214169450187,3.9403647410444784,303.04728123087966,0.0,0,10,13.09,27.58,64.19,114.52,182.49,2.0,208.67,4.279166666666697,15.86666666666656,11.180952380952249,0.0,,,2.966666666666666,2.9000000000000004,-0.8515831024925717,0.5242196291146736,-0.8382208391434068,0.545330931477138,-5.004701811972549,3.025414805894869,0.0,1.0,0.10406091370558376,0.42966194111232275,25.543000000000003,3,1.0552330077160497,27.58,0.30330555555555555,21.301777777777776,224.41936328090966,22.5875,2.9916666666666663,365,12,2018,91
2019-01-01,4.55,6.4,14,0.91,-6.8,-1.8,-4.391666666666667,9.4,6.9624999999999995,-6.807372777738823,0.5932611019402734,77.41666666666667,63.583333333333336,341.0,99.125,1026.3958333333333,1020.9,-7.745833333333334,-9.8,,,,273.47921097991446,0.9789839341569703,-3.292857142857143,6.621428571428572,9.4,76.92857142857143,-6.48353121584235,0.484277311718843,272.3564254432474,0.0,0,13,7.42,17.639999999999997,68.74,108.71000000000001,187.04000000000002,1.0,213.22,-6.408333333333303,4.729166666666629,4.144642857142799,0.0,,,3.354166666666667,3.000000000000001,-0.9981568833785757,0.060686375439372435,-0.9991543884051577,0.04111578931159366,-5.270041092099473,0.459282969752095,0.0,2.0,0.25793650793650796,0.2566191446028513,42.77,4,1.3869123270089287,17.639999999999997,0.30044444444444446,30.1275,0.0,27.849999999999998,1.6208333333333336,1,1,2018,92
2019-01-02,8.33,11.9,23,1.19,-6.7,-3.3,-4.804166666666666,10.4,7.783333333333334,-6.9402388499323,3.1009577582882675,77.16666666666667,55.75,260.0,98.41666666666667,1025.0249999999999,1022.0,-8.220833333333333,-10.1,,,,293.9440082781326,0.9736516197303027,-4.826086956521739,7.9173913043478255,10.4,77.47826086956522,-7.038138320093652,3.2215274248835235,294.8153529072086,0.0,0,22,12.879999999999999,15.749999999999996,74.55000000000001,103.32000000000001,195.37,1.0,221.55,-1.370833333333394,-3.5,1.6125000000000682,0.0,,,3.416666666666667,3.3999999999999995,-0.913942500638996,0.40584369592952757,-0.9076650500756677,0.41969531433068874,-5.355550979197758,2.3929057368124464,0.0,3.0,0.528888888888889,0.21126760563380273,86.632,5,2.7819675608459358,15.749999999999996,0.2943888888888889,65.9518695652174,0.0,38.91666666666667,-0.41249999999999964,2,1,2018,93
2019-01-03,5.46,7.8,20,0.56,-5.0,-2.1,-3.5666666666666664,9.5,5.895833333333333,-3.4984477852636116,4.307969884109675,79.58333333333333,58.041666666666664,241.0,93.41666666666667,1027.0375000000001,1024.1,-6.620833333333334,-9.1,,,,317.48808437711386,0.9284240806295915,-3.3850000000000002,5.955,9.5,78.8,-3.2302572113324346,4.6077356523479365,321.20882948155713,0.0,0,20,13.79,18.339999999999996,67.9,101.78,200.83,0.0,227.01,2.012500000000273,-5.766666666666424,1.552976190476329,0.0,,,3.054166666666667,4.1,-0.6757435222514769,0.7371368204988594,-0.6264837051975676,0.7794345175330172,-2.7841813624389573,3.4284260327706164,0.0,4.0,0.2977099236641222,0.2701030927835051,51.87,6,1.6910512795312502,18.339999999999996,0.3039722222222222,32.5143,32.50446318903703,35.375,1.2374999999999998,3,1,2018,94
2019-01-04,0.21000000000000002,0.30000000000000004,2,0.14,-6.8,-0.9,-4.983333333333333,8.8,6.1375,-5.892155599251733,1.331530025221885,74.70833333333333,123.95833333333333,520.0,59.083333333333336,1028.2458333333334,1021.7,-8.954166666666667,-11.2,,,,281.3047777385662,0.9826484642971424,-4.6,3.1,4.0,80.5,-3.1,-5.694607616035192e-16,270.0,0.25,0,2,5.670000000000002,13.999999999999996,46.13,101.99000000000001,201.04,0.0,227.22,1.2083333333332575,1.8500000000001364,1.145833333333485,0.0,,,3.970833333333334,4.3999999999999995,-0.9805983157235147,0.19602791433927497,-1.0,-1.8369701987210297e-16,-4.401931245607649,0.994763889676183,0.0,5.0,0.015000000000000005,0.30349013657056134,1.8480000000000003,6,0.07367981250000001,13.999999999999996,0.33166666666666667,0.6510000000000001,25.471666666665072,36.825,-1.416666666666667,4,1,2018,95
2019-01-05,16.310000000000002,23.3,24,1.26,-4.9,0.2,-2.1,11.1,5.7,-3.459861108640261,3.601603301753244,87.83333333333333,36.416666666666664,168.0,96.91666666666667,1018.5208333333334,1016.1,-3.8625000000000003,-6.7,,,,302.94861874707425,0.8375251172019128,-2.1,5.7,11.1,87.83333333333333,-3.459861108640261,3.601603301753244,302.94861874707425,0.0,1,24,16.520000000000003,21.979999999999997,47.95,117.04,217.35000000000002,1.0,243.53,-9.725000000000023,-6.504166666666492,-8.129761904761722,0.0,,,1.7625000000000002,1.7999999999999998,-0.8391586477075639,0.5438867198025824,-0.8391586477075639,0.5438867198025824,-3.038911340422362,3.163408233373266,0.0,0.0,0.7420382165605097,0.4583941605839415,100.0,0,4.5822435312500005,21.979999999999997,0.32149999999999995,92.96700000000001,0.0,0.0,2.8833333333333333,5,1,2018,96
2019-01-06,2.73,3.9,14,0.56,-6.2,-2.5,-4.55,11.2,7.8500000000000005,-5.43935105050008,5.401142723134032,78.875,60.958333333333336,254.0,97.5,1022.7916666666666,1021.7,-7.683333333333334,-8.8,,,,313.77935062562756,0.9769555450708333,-4.478571428571429,8.27142857142857,11.2,78.85714285714286,-4.945095463635795,6.609631323103797,322.5756965381855,0.0,0,8,19.040000000000003,19.249999999999996,40.46,114.31,214.27,1.0,246.26,4.2708333333332575,-4.245833333333508,-3.0398809523809405,0.0,,,3.1333333333333337,2.6000000000000005,-0.7220096293221446,0.691883006848773,-0.6077127562341058,0.7941569151687508,-4.290288141081938,4.260151322871968,0.0,1.0,0.14181818181818184,0.4757785467128027,30.575999999999997,1,0.8859935558035714,19.249999999999996,0.3035555555555555,22.580999999999996,130.9420069641872,7.8500000000000005,-2.4499999999999997,6,1,2018,97
2019-01-07,2.9400000000000004,4.1000000000000005,22,0.28,-7.5,-2.5,-5.704166666666667,9.1,6.8999999999999995,-6.3478819845736005,2.343583508942315,78.625,55.083333333333336,242.0,95.75,1024.1958333333334,1020.5,-8.8375,-10.5,,,,288.693963187497,0.9759234747733421,-5.6499999999999995,6.872727272727272,9.1,78.45454545454545,-6.299483665699998,2.3640813264721454,288.85205749073936,0.0,0,18,5.67,21.979999999999997,40.53000000000001,104.72000000000001,209.29999999999998,1.0,249.20000000000002,1.4041666666668107,-4.0499999999999545,-0.4059523809521579,0.0,,,3.1333333333333337,3.0,-0.9472440529958899,0.3205131885959136,-0.9463560669932589,0.3231256635816017,-4.991022210370994,1.8426425339058952,0.0,2.0,0.13375796178343952,0.5423143350604489,26.754,2,1.0514559204545455,21.979999999999997,0.29880555555555555,20.205818181818184,66.3414373544099,13.799999999999999,-1.1541666666666668,7,1,2018,98
2019-01-08,14.35,20.5,24,1.4,-3.2,1.4,-1.4833333333333334,7.6,3.829166666666667,-2.990114516864095,0.9198262911918403,83.125,48.5,287.0,94.16666666666667,1017.4875000000001,1015.1,-4.004166666666666,-6.2,,,,279.8274723482239,0.7682381264251021,-1.4833333333333334,3.829166666666667,7.6,83.125,-2.990114516864095,0.9198262911918403,279.8274723482239,0.0,1,24,17.29,20.019999999999992,50.33,119.07000000000001,213.43,2.0,263.55,-6.708333333333371,-1.033333333333303,-5.841666666666583,0.0,,,2.520833333333333,3.0,-0.9853261726627364,0.170681965848192,-0.9853261726627364,0.170681965848192,-2.4855326921432788,0.7646056045532172,0.0,0.0,0.716783216783217,0.39777468706536845,100.0,3,3.9224607020399307,20.019999999999992,0.34052777777777776,54.94854166666667,0.0,11.4875,4.220833333333333,8,1,2018,99
2019-01-09,15.68,22.4,19,1.89,-10.9,-3.8,-7.141666666666667,12.1,9.758333333333333,-5.773658526679309,7.18693200010665,88.58333333333333,45.041666666666664,194.0,90.16666666666667,1025.1666666666667,1015.5,-8.725,-14.9,,,,320.6514862101924,0.943153004328277,-6.484210526315789,9.810526315789474,12.1,90.0,-4.924421410517139,8.303177665495381,328.8077822254301,0.08333333333333333,0,19,30.029999999999998,32.96999999999999,57.68000000000001,132.23,228.41,2.0,279.23,7.679166666666674,2.3750000000001137,1.8172619047618355,0.0,,,1.583333333333333,4.0,-0.6340358756338604,0.7733036327402089,-0.5179108243536208,0.8554346135254014,-5.114499178216755,6.3664239300944745,0.0,0.0,0.4755838641188961,0.5716019417475726,100.0,4,5.669388498614959,32.96999999999999,0.3253055555555555,153.82905263157895,412.18843495606563,39.03333333333333,-5.658333333333333,9,1,2018,100
2019-01-10,3.7800000000000002,5.4,7,1.05,-12.0,-1.5,-6.295833333333333,7.8,5.183333333333334,-4.966278571079726,1.10334483300887,66.83333333333333,64.54166666666667,268.0,63.166666666666664,1019.4125,1015.9,-11.641666666666666,-18.4,,,,282.5287966505917,0.980374271046736,-4.0285714285714285,5.071428571428571,5.6,81.28571428571429,-4.482315819778125,1.9559417437665798,294.13004535915553,0.3333333333333333,0,7,19.46,33.80999999999999,56.0,123.9,229.39,2.0,283.01,-5.75416666666672,-4.783333333333417,-2.847619047619105,0.0,,,5.345833333333332,6.399999999999999,-0.976187102053309,0.21693026940646687,-0.9126199271441664,0.40880908573486535,-3.3191295116716164,0.737402130060928,0.0,1.0,0.11180124223602489,0.6037499999999998,29.484,5,1.2416600892857146,33.80999999999999,0.2658055555555556,19.17,0.0,25.916666666666668,0.8458333333333332,10,1,2018,101
2019-01-11,8.33,11.9,10,1.47,-6.6,-2.0,-3.7875,9.3,7.3625,-5.230903253606186,4.987687228723533,87.875,56.041666666666664,231.0,93.58333333333333,1022.5749999999999,1016.7,-5.495833333333334,-9.3,,,,314.81669355431995,0.9785438161966362,-3.41,5.970000000000001,8.4,89.4,-3.601621597358436,4.66104624754224,323.7989620787035,0.0,0,10,12.11,27.789999999999992,64.12,110.25,228.20000000000002,2.0,291.34000000000003,3.162499999999909,5.087499999999864,1.1249999999998863,0.0,,,1.7083333333333335,2.700000000000001,-0.7093654059694962,0.7048409187992224,-0.5906202857252759,0.8069496131046805,-4.596656234106436,4.382930152240804,0.0,2.0,0.29974811083123437,0.4334061135371178,77.46900000000001,6,2.5842322996875002,27.789999999999992,0.3302777777777778,49.73010000000001,75.17484679086178,44.175,2.5083333333333333,11,1,2018,102
2019-01-12,0.07,0.1,1,0.07,-8.8,4.2,-2.341666666666667,5.8,2.6791666666666667,-1.5732014101820677,1.0951292491901665,65.125,99.79166666666667,412.0,76.25,1019.775,1016.5,-8.379166666666666,-12.7,,,,299.1833194105509,0.6282716447453088,1.5,2.4,2.4,63.0,-1.0895771993749126,2.138415658052083,333.0,0.125,1,1,8.399999999999999,12.179999999999993,47.879999999999995,95.83,224.14000000000001,2.0,291.41,-2.7999999999999545,-5.391666666666765,-1.8541666666667425,0.0,,,6.0375,3.8999999999999986,-0.8730640714459506,0.48760550360944466,-0.45399049973954697,0.8910065241883678,-1.0245474183810714,0.713202923535096,0.0,3.0,0.0057471264367816135,0.25438596491228055,0.406,3,0.014428750000000002,12.179999999999993,0.37694444444444447,0.168,0.0,8.0375,1.4458333333333333,12,1,2018,103
2019-01-13,0.0,0.0,0,0.0,-7.6,0.2,-4.729166666666667,7.9,5.245833333333334,-4.214759544015086,2.9452816653849196,74.41666666666667,118.54166666666667,486.0,32.75,1020.8583333333332,1018.9,-8.645833333333334,-10.7,,,,304.0036837102228,0.9805458239016397,0.0,0.0,0.0,0.0,0.0,0.0,,0.25,1,0,0.07,8.399999999999991,45.15,85.61,209.58,3.0,291.41,1.0833333333332575,1.445833333333212,-0.4946428571430488,0.0,,,3.916666666666667,3.0999999999999996,-0.8290016187238134,0.5592462035215771,-0.8290016187238134,0.5592462035215771,-3.136483560671227,2.1917804393239444,1.0,4.0,0.0,0.1860465116279068,0.0,4,0.0,4.199999999999996,0.3315277777777778,0.0,-0.0,20.983333333333334,-2.3875,13,1,2018,104
2019-01-14,0.0,0.0,0,0.0,-7.6,1.0,-4.8,7.1,3.8041666666666667,-2.8016298650004354,1.8425975205960754,72.54166666666667,129.08333333333334,546.0,22.5,1024.0166666666667,1022.4,-9.058333333333334,-11.3,,,,299.92339117317374,0.9030416322194031,0.0,0.0,0.0,0.0,0.0,0.0,,0.5,1,0,0.0,0.0699999999999929,42.209999999999994,82.74000000000001,208.32,4.0,291.41,3.1583333333334167,1.4416666666667197,2.6892857142856883,0.0,,,4.258333333333334,3.700000000000001,-0.8666931675890697,0.49884161139025357,-0.8666931675890697,0.49884161139025357,-2.032348997902399,1.3366509513990699,2.0,5.0,0.0,0.001658374792702983,0.0,5,0.0,0.023333333333330968,0.35008333333333336,0.0,-0.0,19.020833333333332,-0.07083333333333286,14,1,2018,105
2019-01-15,4.76,6.800000000000001,8,1.19,-6.9,1.6,-1.8083333333333333,7.6,5.125,-2.072552970289141,-3.2740526409120103,64.875,92.41666666666667,427.0,93.375,1018.5166666666668,1012.8,-7.8374999999999995,-16.4,,,,214.39598181429068,0.7477722500495785,0.025000000000000012,5.025,7.6,81.625,-3.20682653182184,-2.107695468325634,238.67762473879395,0.0,1,7,4.76,4.759999999999993,32.62,82.95,211.54,4.0,296.17,-5.499999999999886,-1.258333333333212,-2.957738095238028,0.0,,,6.029166666666666,9.499999999999998,-0.5649091363552166,-0.8251531177074976,-0.8542558813505912,-0.5198527572091204,-1.3445687394750803,-2.1240416507916664,0.0,6.0,1.0000000000000016,0.14592274678111566,36.175999999999995,6,1.1124649921874998,4.759999999999993,0.3134166666666667,23.919,0.0,30.75,2.9916666666666663,15,1,2018,106
2019-01-16,10.15,14.5,20,1.33,-6.6,-0.0,-3.466666666666667,9.7,6.820833333333333,-5.225716973675202,3.9539530095848154,80.20833333333333,63.791666666666664,272.0,97.75,1017.3625000000001,1012.5,-6.425,-8.2,,,,305.53081425399944,0.9554231453703323,-2.94,6.82,9.7,78.9,-4.936798355299169,4.514826021102249,310.62803961641833,0.0,0,20,14.91,14.909999999999993,27.09,84.77,212.17,4.0,306.32,-1.154166666666697,-3.4958333333331666,-2.997023809523739,0.0,,,2.958333333333333,1.5999999999999996,-0.8138030926678044,0.5811407113292933,-0.7589527381791209,0.651145714268638,-4.191460489301985,3.1713998097711538,0.0,0.0,0.6807511737089206,0.5503875968992246,98.455,0,3.0036044937499997,14.909999999999993,0.3098888888888889,69.223,0.0,0.0,-1.6583333333333334,16,1,2018,107
2019-01-17,16.94,24.3,22,1.54,-7.3,-0.6,-3.0208333333333335,12.8,4.8,-2.2735458858371675,2.3077804295588376,84.58333333333333,45.708333333333336,196.0,97.79166666666667,1013.9458333333333,1011.3,-5.254166666666666,-9.0,,,,303.54081705322244,0.6145197201331926,-2.6454545454545455,4.595454545454545,12.8,84.36363636363636,-1.8431841686357076,2.4685151136652053,307.79699655958757,0.0,0,22,27.090000000000003,31.849999999999994,40.25,96.25,218.75,4.0,323.26,-3.4166666666667425,-10.070833333333326,-5.632738095237983,0.0,,,2.233333333333333,1.7000000000000002,-0.8334924150248282,0.5525308987704485,-0.7901871398312859,0.6128656329451438,-1.9230408951039373,1.9519976133351833,0.0,0.0,0.531868131868132,0.7913043478260868,100.0,0,5.047721656250001,31.849999999999994,0.3124166666666667,77.847,0.0,0.0,0.4458333333333333,17,1,2018,108
2019-01-18,7.630000000000001,10.9,23,1.12,-6.7,-3.7,-5.120833333333334,11.6,8.012500000000001,-4.572726733424349,6.460619043424661,83.04166666666667,72.33333333333333,326.0,91.95833333333333,1021.8208333333333,1016.8,-7.5625,-8.9,,,,324.8086422513845,0.9861523642712049,-5.160869565217391,8.039130434782608,11.6,83.1304347826087,-4.552115379900951,6.506210419574347,325.1519161772354,0.0,0,13,24.57,34.72,39.550000000000004,103.67,212.66,4.0,330.89,7.875,3.3041666666665606,2.349999999999909,0.0,,,2.4416666666666664,2.2,-0.5763090549563249,0.8172318356349976,-0.5714024923093729,0.8206699652007724,-3.797268491547803,5.365005730643896,0.0,1.0,0.21975806451612906,0.8778761061946901,88.50800000000001,1,2.6013277487594513,34.72,0.32502777777777775,61.338565217391306,240.18098773202397,8.012500000000001,-2.1,18,1,2018,109
2019-01-19,2.0300000000000002,2.9,10,0.28,-6.6,-0.8,-4.166666666666667,7.1,5.533333333333334,-5.00450906448118,2.147875382868751,80.75,94.95833333333333,437.0,83.25,1023.75,1019.0,-7.004166666666666,-9.2,,,,292.2664374075712,0.9817445534097566,-5.8100000000000005,6.26,7.1,83.0,-5.367626260745904,3.1282029958097177,300.80469765727184,0.0,0,10,9.659999999999997,26.599999999999994,41.510000000000005,89.39,207.69,3.0,332.92,1.9291666666666742,6.387499999999932,3.7113095238094047,0.0,,,2.8374999999999995,2.5999999999999996,-0.9254318366097389,0.3789141271965528,-0.8589179118608485,0.5121132889162315,-4.041141069568552,1.7344093716665163,0.0,2.0,0.07631578947368424,0.6408094435075883,14.413,2,0.7395730256250003,26.599999999999994,0.3324722222222222,12.7078,68.3433013649475,11.066666666666668,0.9541666666666666,19,1,2018,110
2019-01-20,25.759999999999998,36.8,20,2.17,-5.8,1.4,-1.4083333333333332,11.3,5.366666666666667,-2.9129430918970303,2.347468064224188,86.54166666666667,19.208333333333332,77.0,94.25,1010.5958333333333,1005.4,-3.3625000000000003,-8.3,,,,295.40089200441207,0.6994579263609451,-0.77,5.92,11.3,87.4,-2.9791811844983473,2.8343583146890334,303.2544667219558,0.0,1,20,27.789999999999992,35.41999999999999,67.27,112.42,233.45000000000002,3.0,358.68,-13.154166666666697,-3.3500000000000227,-7.976785714285711,0.0,,,1.954166666666667,2.500000000000001,-0.9033286149141208,0.42894919684892313,-0.8362434089119272,0.5483584238902138,-2.5209095007792217,2.0315379872473494,0.0,0.0,0.7272727272727275,0.5265348595213318,100.0,0,6.42262488,35.41999999999999,0.3323888888888889,152.49919999999997,0.0,0.0,2.7583333333333337,20,1,2018,111
2019-01-21,12.46,17.8,24,1.4,-7.6,-2.9,-4.979166666666667,10.0,5.841666666666666,-2.534636370762434,4.791353390308823,82.20833333333333,61.458333333333336,274.0,97.91666666666667,1014.3416666666667,1011.4,-7.5625,-10.5,,,,336.06267827447084,0.8030473973226726,-4.979166666666667,5.841666666666666,10.0,82.20833333333333,-2.534636370762434,4.791353390308823,336.06267827447084,0.0,0,24,38.21999999999999,40.249999999999986,79.73,121.94,244.65,2.0,371.14,3.745833333333394,-7.479166666666629,-2.848809523809564,0.0,,,2.583333333333333,2.9000000000000004,-0.4057370339206947,0.9139898573317086,-0.4057370339206947,0.9139898573317086,-2.083682316464284,3.938891766283044,0.0,0.0,0.3095652173913045,0.5048287971905178,100.0,1,4.325294447699654,40.249999999999986,0.315,72.78716666666666,72.15687308165639,5.841666666666666,-3.5708333333333337,21,1,2018,112
2019-01-22,14.28,20.4,16,1.75,-5.5,-2.2,-3.1750000000000003,8.4,5.5,-4.186462550445267,2.8629015627234877,78.875,60.5,261.0,87.08333333333333,1015.0,1011.2,-6.3500000000000005,-10.5,,,,300.3889928643089,0.9174753212713477,-2.83125,5.8875,8.4,80.125,-4.0881490324282765,3.917002979881969,310.74069349223555,0.0,0,16,26.739999999999995,52.499999999999986,89.25,121.87,253.47,1.0,385.42,0.658333333333303,-8.75,-1.6880952380953431,0.0,,,3.1750000000000003,5.0,-0.8626108678209773,0.5058680566285446,-0.7576710016359921,0.6526366931761595,-3.3020723366637044,2.258113607598151,0.0,0.0,0.2720000000000001,0.5882352941176469,100.0,2,4.2436412197265625,52.499999999999986,0.30324999999999996,84.0735,14.802506288250036,11.0,1.8041666666666667,22,1,2018,113
2019-01-23,13.02,18.6,16,3.08,-7.2,2.1,-2.2416666666666667,10.2,4.795833333333333,-2.471023108357638,-1.201030734443745,75.54166666666667,50.125,199.0,76.20833333333333,1013.4,1010.6,-6.0375000000000005,-12.0,,,,233.02852527190797,0.6395556401409788,-0.6125,4.425,10.2,81.375,-1.7476084099406117,0.018092751630528592,237.43732236928705,0.125,1,16,27.29999999999999,39.75999999999999,92.12,119.21,253.96,2.0,398.44,-1.6000000000000227,2.8041666666666742,-2.7220238095238756,0.0,,,3.795833333333334,4.8,-0.798935030634388,-0.6014173399771823,-0.8428031725828113,-0.5382218987409819,-1.8666520397718327,-0.9072786339777125,0.0,0.0,0.32746478873239443,0.43161094224924,100.0,3,3.2632989785156257,39.75999999999999,0.3318888888888889,57.613499999999995,0.0,14.3875,0.9333333333333336,23,1,2018,114
2019-01-24,8.96,12.7,24,1.75,-6.7,-3.0,-5.416666666666667,11.7,10.191666666666666,-6.313266460400935,7.956793603573824,81.5,73.33333333333333,329.0,90.70833333333333,1018.9083333333333,1015.0,-8.108333333333333,-9.6,,,,321.33686491610035,0.996317057874484,-5.416666666666667,10.191666666666666,11.7,81.5,-6.313266460400935,7.956793603573824,321.33686491610035,0.0,0,24,21.979999999999993,36.25999999999999,84.14,124.39,262.92,2.0,407.4,5.508333333333326,4.566666666666606,2.077380952380963,0.0,,,2.6916666666666655,2.8999999999999995,-0.6247403869723919,0.7808325357498791,-0.6247403869723919,0.7808325357498791,-5.145312165226763,6.484786786912666,0.0,1.0,0.2471042471042472,0.4309484193011646,100.0,4,3.0133930555555564,36.25999999999999,0.32055555555555554,91.31733333333334,232.99635977647986,40.766666666666666,-3.1750000000000003,24,1,2018,115
2019-01-25,3.29,4.7,13,0.91,-6.9,-1.2,-3.9916666666666667,7.6,5.404166666666666,-3.7533391730015944,0.39130526866810356,72.5,125.54166666666667,588.0,85.625,1017.275,1009.2,-8.220833333333333,-10.9,,,,270.88748356696857,0.7071137347730029,-5.1923076923076925,6.076923076923077,7.6,76.38461538461539,-3.7637705406567785,1.4985216316818135,286.6273271286442,0.0,0,9,12.249999999999993,25.269999999999992,79.8,119.35000000000001,263.69,2.0,410.69,-1.6333333333333258,2.2749999999999773,1.0934523809523853,0.0,,,4.229166666666666,4.0,-0.9998800399337981,0.015488890921764427,-0.9581862068696632,0.28614540528327054,-2.7211709004261557,0.2836963197843751,0.0,2.0,0.13019390581717455,0.3166666666666666,25.003999999999998,5,1.1546482525887576,25.269999999999992,0.3253611111111111,19.993076923076924,0.0,27.02083333333333,1.4250000000000003,25,1,2018,116
2019-01-26,16.17,23.1,24,1.54,-7.1,-2.4,-5.141666666666667,14.2,8.970833333333333,-4.771152718513585,7.372061924535944,78.16666666666667,75.95833333333333,313.0,96.66666666666667,1011.8375,1008.7,-8.370833333333334,-11.2,,,,325.7171877037714,0.9730007365041287,-5.141666666666667,8.970833333333333,14.2,78.16666666666667,-4.771152718513585,7.372061924535944,325.7171877037714,0.0,0,24,19.459999999999994,28.419999999999995,93.94,135.45,267.75,2.0,426.86,-5.4375,-1.5625,-2.6422619047619946,0.0,,,3.229166666666667,4.1,-0.563278208949176,0.8262673050066839,-0.563278208949176,0.8262673050066839,-3.7294510416381197,5.762495071012263,0.0,0.0,0.5689655172413794,0.3025335320417287,100.0,6,5.434635762044271,28.419999999999995,0.3111944444444445,145.058375,0.0,53.825,-1.15,26,1,2018,117
2019-01-27,4.34,6.2,11,1.61,-8.3,-2.8,-5.066666666666666,9.8,7.179166666666667,-4.518492216033651,5.024235176035668,79.70833333333333,101.875,487.0,79.95833333333333,1020.7208333333333,1016.4,-8.045833333333333,-11.3,,,,312.7757358416519,0.9318342977317762,-5.309090909090909,8.927272727272728,9.8,80.0909090909091,-4.123681348132639,7.863663928865045,332.28477052213253,0.0,0,11,20.509999999999994,23.799999999999994,72.52000000000001,139.79,250.10999999999999,1.0,431.2,8.883333333333326,1.8125,4.794642857142776,0.0,,,2.979166666666666,3.0,-0.7340175349260617,0.6791305164849153,-0.4650773709392863,0.885270037355948,-3.601614837196822,4.004734121565097,0.0,1.0,0.18235294117647063,0.32818532818532803,42.532000000000004,1,1.4756798057851237,23.799999999999994,0.3336111111111111,38.74436363636364,304.0458986000661,7.179166666666667,0.07500000000000018,27,1,2018,118
2019-01-28,20.37,29.1,14,2.73,-8.8,0.5,-3.0666666666666664,9.3,4.2875000000000005,-2.1531737560482638,-0.2630084080221768,72.20833333333333,54.25,250.0,97.95833333333333,1013.7416666666667,1009.3,-7.5,-13.6,,,,251.1891463190136,0.5654069459706554,-1.092857142857143,4.307142857142857,9.3,80.14285714285714,-1.5132200668555527,1.2216759065382654,273.8704199948745,0.0,1,14,24.709999999999994,40.879999999999995,80.43,160.16,255.99,2.0,451.57,-6.979166666666629,-3.533333333333303,-2.09880952380945,0.0,,,4.433333333333334,4.799999999999999,-0.9465881955445903,-0.3224450155540267,-0.9977192600269617,0.06750020867561844,-1.5547708830131837,-0.18991398795934683,0.0,0.0,0.4982876712328768,0.5082680591818972,100.0,0,5.3448973560267845,40.879999999999995,0.28797222222222224,87.7365,0.0,0.0,2.0,28,1,2018,119
2019-01-29,6.02,8.6,18,1.89,-8.3,-3.1,-5.379166666666666,11.3,9.674999999999999,-6.000334955008608,7.33155344711444,87.125,69.70833333333333,291.0,85.125,1022.9833333333332,1015.2,-7.183333333333334,-10.8,,,,320.4443075031126,0.9788658652767808,-5.0,9.722222222222221,11.3,87.22222222222223,-5.443439420841469,7.943201614411881,325.37921280892715,0.041666666666666664,0,18,26.389999999999993,30.729999999999993,72.17,161.42000000000002,251.79000000000002,2.0,457.59000000000003,9.24166666666656,11.145833333333258,6.002380952380918,0.0,,,1.8041666666666671,2.5,-0.6368279522223128,0.7710059398398534,-0.5681423456043028,0.8229302978571399,-5.22779182955125,6.387615940798456,0.0,1.0,0.19589977220956722,0.4258001939864208,68.026,1,1.9831510416666664,30.729999999999993,0.33688888888888885,58.52777777777777,417.5435569751575,9.674999999999999,-2.3125,29,1,2018,120
2019-01-30,0.0,0.0,0,0.0,-10.5,4.8,-4.654166666666667,7.2,4.470833333333333,-4.123875499202498,1.2282657398201282,60.75,150.08333333333334,589.0,45.25,1022.7541666666666,1018.6,-11.725,-13.6,,,,283.4783508872035,0.9501979456970735,0.0,0.0,0.0,0.0,0.0,0.0,,0.4166666666666667,1,0,6.0199999999999925,26.389999999999993,59.150000000000006,151.27,248.92000000000002,2.0,457.59000000000003,-0.22916666666662877,2.033333333333303,4.436904761904771,0.0,,,7.070833333333333,3.0999999999999996,-0.9724580579167849,0.23307793888035644,-0.9724580579167849,0.23307793888035644,-2.5052543657655177,0.746171436940728,1.0,2.0,0.0,0.446153846153846,0.0,2,0.0,13.194999999999997,0.4092222222222223,0.0,-0.0,8.941666666666666,0.7249999999999996,30,1,2018,121
2019-01-31,9.94,14.1,19,0.98,-7.1,0.5,-3.283333333333333,11.8,7.579166666666667,-5.502183318395751,4.507649884133895,78.91666666666667,38.25,157.0,92.33333333333333,1012.8958333333334,1009.7,-6.404166666666666,-10.4,,,,301.9840455863431,0.9187515383897815,-2.5105263157894737,8.38421052631579,11.8,79.42105263157895,-5.768722416394825,5.601804092887693,309.3442868750505,0.041666666666666664,1,19,9.939999999999992,15.959999999999992,60.13,144.27,254.31,3.0,467.53000000000003,-9.858333333333235,-0.845833333333303,-4.5625,0.0,,,3.1208333333333327,3.3000000000000007,-0.8481956230306857,0.5296830987218555,-0.7733504057320101,0.6339788245313366,-4.342139668767314,3.557287033562332,0.0,3.0,0.6228070175438599,0.2654249126891733,100.0,3,2.78304847351108,15.959999999999992,0.2996666666666667,83.33905263157895,0.0,22.7375,1.3708333333333336,31,1,2018,122
2019-02-01,3.9200000000000004,5.6000000000000005,18,0.56,-7.7,-5.0,-6.495833333333334,13.6,9.420833333333333,-6.292303359149902,6.313052049119164,79.125,98.91666666666667,386.0,92.125,1016.4666666666667,1010.6,-9.529166666666667,-11.0,,,,307.6060066847965,0.8947609310104448,-6.527777777777778,10.627777777777778,13.6,78.94444444444444,-6.686817165689953,7.722112415994975,314.72505767799396,0.0,0,15,13.859999999999992,13.859999999999992,60.760000000000005,140.56,249.9,3.0,471.45,3.5708333333333258,-6.516666666666538,-0.8761904761903452,0.0,,,3.033333333333333,3.3,-0.7922256735625782,0.610228221363384,-0.7104917839825248,0.7037054958527249,-4.97878503292736,4.995202433865538,0.0,4.0,0.282828282828283,0.22811059907834086,53.312000000000005,4,1.404546624228395,13.859999999999992,0.32969444444444446,41.66088888888889,183.85682414446393,37.68333333333333,-3.2125000000000004,32,2,2018,123
2019-02-02,4.9,7.0,16,0.63,-5.3,0.5,-2.0124999999999997,6.4,4.066666666666666,-3.1547842586516643,1.4888599701095178,80.91666666666667,70.625,297.0,93.45833333333333,1020.8958333333334,1017.9,-4.845833333333333,-8.0,,,,295.705306525412,0.824901252320735,-2.1625,3.625,5.4,80.0625,-2.4410677884687386,1.4666003358606254,300.21053776138325,0.0,1,16,8.819999999999993,18.75999999999999,49.49,143.43,249.34,4.0,476.35,4.429166666666674,-1.8583333333332348,2.258928571428669,0.0,,,2.8333333333333335,2.7,-0.9010368535401818,0.43374253718353356,-0.8641822725963028,0.5031788943609314,-2.5527462626256385,1.2047358591469515,0.0,5.0,0.2611940298507464,0.3790664780763789,31.360000000000003,5,1.4223948730468752,18.75999999999999,0.3279166666666667,17.762500000000003,57.30304922272521,20.333333333333332,4.483333333333334,33,2,2018,124
2019-02-03,10.78,19.8,8,2.45,-6.1,5.5,0.07083333333333326,7.2,4.3625,-0.2517916380410827,-2.5510803435162868,71.0,115.0,600.0,70.41666666666667,1017.4208333333332,1008.8,-4.8999999999999995,-12.7,,,,193.21284317217885,0.5442070146582921,2.7625,4.45,5.9,88.375,2.434649287472503,-2.7442428777408563,139.90683886538443,0.125,0,8,15.679999999999993,19.599999999999994,55.93000000000001,128.45000000000002,259.91,4.0,487.13,-3.4750000000001364,4.524999999999864,-0.7446428571429351,0.0,,,4.970833333333332,6.6,-0.22856909757495883,-0.9735276922788426,0.6440323236055223,-0.764998278528306,-0.1787720630091687,-1.8112670438965637,0.0,0.0,0.5500000000000002,0.3504380475594492,77.616,6,1.8420093398437496,19.599999999999994,0.43555555555555553,47.971,0.0,26.174999999999997,2.083333333333333,34,2,2018,125
2019-02-04,14.91,40.1,19,2.87,-3.3,7.4,2.0958333333333337,10.9,7.2250000000000005,-0.9366548785663819,5.215963928363277,89.41666666666667,48.458333333333336,233.0,99.20833333333333,1014.225,1002.7,0.5333333333333332,-5.9,,,,352.82402120392095,0.6561884863668409,0.9263157894736843,8.06842105263158,10.9,89.89473684210526,-1.4703838896055719,7.061338452316501,352.0687172386374,0.0,0,19,25.68999999999999,30.589999999999993,50.47,130.9,258.51,3.0,502.04,-3.195833333333212,-2.2416666666666742,-4.009523809523785,0.0,,,1.5625000000000004,2.6000000000000005,-0.12491727936724369,0.9921671599662458,-0.1379853309974733,0.9904342726448423,-0.8375255705847732,4.663941079278164,0.0,0.0,0.4874141876430207,0.6061026352288487,100.0,0,3.04110152596953,30.589999999999993,0.49480555555555555,120.30015789473686,0.0,0.0,2.0250000000000004,35,2,2018,126
2019-02-05,0.0,0.0,0,0.0,-4.3,2.4,-1.5458333333333334,6.7,5.175,-4.618642720617223,0.1681714521374588,69.91666666666667,160.45833333333334,600.0,52.458333333333336,1023.4041666666667,1022.1,-6.520833333333333,-12.3,,,,271.049329823751,0.9056005089547693,0.0,0.0,0.0,0.0,0.0,0.0,,0.2916666666666667,1,0,14.909999999999993,25.68999999999999,44.45,116.62,255.78,4.0,502.04,9.179166666666674,2.5083333333333258,5.109523809523807,0.0,,,4.975,8.0,-0.9998322986211647,0.01831323657680833,-0.9998322986211647,0.01831323657680833,-3.2292010354982086,0.11757987361943995,1.0,1.0,0.0,0.5779527559055115,0.0,1,0.0,12.844999999999995,0.3933611111111111,0.0,-0.0,5.175,-3.641666666666667,36,2,2018,127
2019-02-06,0.07,0.1,1,0.07,-5.0,6.4,0.5666666666666668,6.9,3.8125,-2.9508031729218946,-0.8373845850070647,62.291666666666664,88.5,371.0,65.5,1017.0416666666666,1013.0,-6.1875,-9.9,,,,248.6854309866981,0.7907099440290515,5.0,1.8,1.8,61.0,-0.3434561916777805,-1.7669289302057951,190.99999999999997,0.3333333333333333,1,1,0.0699999999999929,14.979999999999993,44.52,103.67,252.91,4.0,502.11,-6.362500000000068,-0.37916666666660603,-0.43690476190488425,0.0,,,6.754166666666666,4.9,-0.9315988309421362,-0.3634881266110971,-0.1908089953765443,-0.9816271834476641,-1.8381044764659302,-0.5216208144106507,0.0,2.0,0.0046728971962616845,0.33647798742138346,0.4830000000000001,2,0.008553125000000002,14.979999999999993,0.4088611111111111,0.12600000000000003,0.0,7.625,2.1125000000000003,37,2,2018,128
2019-02-07,9.379999999999999,13.4,9,3.15,-5.7,7.2,0.3875,11.9,6.016666666666667,-4.090023917848502,1.2542368526375318,76.91666666666667,129.45833333333334,600.0,67.08333333333333,1012.0625,1007.4,-3.4291666666666667,-7.8,,,,278.47837117969567,0.6434126470928153,1.9888888888888887,6.699999999999999,11.9,83.0,-2.428911902182739,5.637638180821243,341.4765295453821,0.2916666666666667,1,9,9.449999999999992,9.449999999999992,43.959999999999994,104.09,247.94000000000003,4.0,511.49,-4.979166666666629,-2.1625000000000227,-5.297023809523807,0.0,,,3.816666666666667,2.0999999999999996,-0.9890715900770243,0.1474360529263681,-0.3176930979541682,0.948193596008897,-3.145910063478473,0.9647171791537016,0.0,3.0,0.9925925925925934,0.21496815286624188,100.0,3,1.7212723402777776,9.449999999999992,0.5026944444444444,62.84599999999999,0.0,18.05,-0.17916666666666675,38,2,2018,129
2019-02-08,2.17,3.1,17,0.35,-9.6,-3.1,-7.05,13.0,10.479166666666666,-8.010668989291668,6.711731799626155,71.66666666666667,85.58333333333333,343.0,90.375,1021.2541666666666,1016.6,-11.333333333333334,-14.0,,,,309.5398724274686,0.9971874921084081,-6.752941176470588,11.835294117647058,13.0,72.88235294117646,-8.982546453640921,7.656353293464123,310.3500327083393,0.041666666666666664,0,17,11.549999999999992,11.619999999999992,42.209999999999994,102.97,234.43,4.0,513.66,9.191666666666606,-2.150000000000091,3.2107142857141753,0.0,,,4.283333333333334,4.4,-0.7711817464777591,0.6366150437269869,-0.7621032391920849,0.6474555218800222,-5.740979442325696,4.810074456398745,0.0,4.0,0.18674698795180736,0.2752902155887229,28.21,4,0.7743911557093425,11.619999999999992,0.29594444444444445,25.682588235294116,792.6198990692696,41.916666666666664,-7.4375,39,2,2018,130
2019-02-09,3.99,5.8,15,0.63,-10.3,-0.7,-6.2375,12.7,6.3999999999999995,-4.930780054939896,2.5667078210944663,70.5,43.375,196.0,91.66666666666667,1018.6333333333333,1013.0,-10.7875,-15.4,,,,288.1063438039505,0.8023462062655997,-4.626666666666667,6.753333333333333,12.7,74.6,-4.861495635708075,2.408439985446429,279.09595041821376,0.041666666666666664,0,15,6.159999999999993,15.539999999999992,41.3,90.78999999999999,234.64000000000001,3.0,517.65,-2.6208333333332803,1.591666666666697,0.9130952380951385,0.0,,,4.55,5.1,-0.9504813276247385,0.31078166908090726,-0.9874249826651821,0.15808827789771387,-3.4761999387326266,1.8095290138715987,0.0,5.0,0.2567567567567569,0.3762711864406778,50.673,5,1.3358452391666664,15.539999999999992,0.26391666666666663,26.9458,0.0,31.999999999999996,0.8125,40,2,2018,131
2019-02-10,4.83,6.9,18,0.49,-11.3,-6.6,-8.820833333333333,12.1,8.799999999999999,-7.184309270121019,4.899252908011365,77.79166666666667,64.95833333333333,251.0,98.91666666666667,1028.2291666666667,1023.5,-12.004166666666668,-14.3,,,,303.9697782469312,0.9868989990306561,-8.805555555555555,9.077777777777778,12.1,78.33333333333333,-7.181251204993597,5.427968263268634,307.4466852753495,0.0,0,18,8.819999999999993,10.989999999999993,35.35,91.28,231.14,3.0,522.48,9.595833333333417,16.166666666666742,8.964880952381009,0.0,,,3.1833333333333353,3.0,-0.8293324141881551,0.5587555340010929,-0.7939194598957979,0.6080229364084587,-5.588793919714976,3.811210491357175,0.0,6.0,0.4394904458598729,0.31089108910891067,58.443,6,2.0131014207175926,10.989999999999993,0.3026111111111111,43.845666666666666,778.6840134734771,52.8,-2.583333333333333,41,2,2018,132
2019-02-11,7.42,10.6,19,1.61,-9.2,-0.8,-5.154166666666667,8.7,5.6499999999999995,-5.111340248355134,0.05588730755869294,76.91666666666667,67.375,362.0,97.58333333333333,1024.2124999999999,1019.5,-8.6,-14.1,,,,264.99005115593883,0.9115489582921128,-4.605263157894737,5.410526315789474,8.7,79.47368421052632,-4.88177609151568,-0.2692803577723679,261.9369204053971,0.0,0,10,12.249999999999993,16.239999999999995,27.86,78.32999999999998,238.49,3.0,529.9,-4.016666666666879,2.9583333333332575,3.521428571428487,0.0,,,3.445833333333333,4.9,-0.9961795493431143,-0.08732872076556313,-0.9901142464741841,-0.14026324867497736,-3.9314725410264906,0.04298665406389466,0.0,7.0,0.45689655172413807,0.5829145728643215,64.55399999999999,4,2.526043680747922,16.239999999999995,0.30130555555555555,40.14610526315789,0.0,22.599999999999998,3.666666666666666,42,2,2018,133
2019-02-12,6.58,9.3,20,2.17,-7.8,-3.1,-6.216666666666666,11.2,9.066666666666666,-6.939976597499874,5.521268706797936,83.0,88.5,394.0,96.375,1029.5541666666666,1025.6,-8.65,-11.6,,,,306.5853263378316,0.9732958071484333,-6.045,9.575,11.2,82.0,-7.141655036902056,6.138994178045869,309.738456044716,0.0,0,18,13.999999999999993,18.82999999999999,34.44,78.89,245.07,2.0,536.48,5.341666666666697,10.920833333333235,7.984523809523807,0.0,,,2.4333333333333345,3.8,-0.8029701442687425,0.5960192508745292,-0.7689706506556128,0.6392840827287064,-5.760180575924895,4.582653026642287,0.0,8.0,0.3494423791821563,0.5467479674796746,73.696,5,2.3234990132812507,18.82999999999999,0.3356666666666666,63.003499999999995,297.5570571125258,45.33333333333333,-1.0624999999999991,43,2,2018,134
2019-02-13,2.59,3.7,17,0.49,-9.3,-3.4,-6.354166666666667,13.0,9.075000000000001,-7.176420238058392,5.399357158456987,78.41666666666667,124.45833333333333,600.0,95.29166666666667,1027.9916666666666,1026.2,-9.570833333333333,-12.5,,,,306.03655668473175,0.9850964138976088,-6.582352941176471,9.200000000000001,13.0,78.17647058823529,-7.232854582581181,5.485341742292452,306.0508437923463,0.0,0,11,9.169999999999993,16.589999999999993,36.96,81.47999999999999,247.66,1.0,539.07,-1.5625,-0.2375000000001819,4.857738095238119,0.0,,,3.216666666666666,3.1999999999999993,-0.8086418024531126,0.5883013133806361,-0.8084950802235084,0.5885029356378632,-5.627509536677456,4.233995905090021,0.0,9.0,0.15611814345991568,0.44886363636363613,33.67,6,0.9502310073529412,16.589999999999993,0.3443611111111111,23.828000000000003,0.0,54.45,-0.13750000000000107,44,2,2018,135
2019-02-14,1.4000000000000001,2.1,15,0.14,-12.1,-6.4,-9.066666666666666,13.5,10.104166666666666,-8.418812194607044,5.420304544742351,76.08333333333333,79.08333333333333,330.0,94.33333333333333,1030.8458333333333,1028.8,-12.533333333333333,-15.1,,,,303.42481481138,0.9912189211563257,-9.426666666666668,11.053333333333335,13.5,75.66666666666667,-9.348082297125643,5.667210949418048,301.86428143111834,0.0,0,9,3.989999999999993,10.569999999999993,28.98,72.94,244.3,0.0,540.47,2.8541666666667425,6.633333333333439,5.0285714285714675,0.0,,,3.466666666666667,3.0,-0.8346093716746326,0.5508422611899663,-0.8493009545993871,0.527908977491925,-6.405312944730192,4.123948374458139,0.0,10.0,0.1324503311258279,0.36473429951690794,18.900000000000002,3,0.5859892111111111,10.569999999999993,0.3063333333333333,15.47466666666667,322.8399171655331,30.3125,-2.7124999999999995,45,2,2018,136
2019-02-15,0.0,0.0,0,0.0,-12.2,0.2,-5.479166666666667,8.7,4.325,-3.837777846690822,-0.36368364943115505,67.5,112.70833333333333,493.0,65.95833333333333,1022.3416666666667,1014.7,-10.733333333333334,-17.3,,,,268.15078312443165,0.885169916312886,0.0,0.0,0.0,0.0,0.0,0.0,,0.20833333333333334,1,0,1.399999999999993,3.989999999999993,26.810000000000002,69.02,234.15,1.0,540.47,-8.504166666666606,-7.212499999999864,-3.6309523809522943,0.0,,,5.254166666666667,5.100000000000001,-0.999479209880671,-0.0322693200472151,-0.999479209880671,-0.0322693200472151,-2.590500046516305,-0.24548646336602967,1.0,11.0,0.0,0.14882506527415115,0.0,4,0.0,1.9949999999999966,0.3045833333333334,0.0,-0.0,17.3,3.5874999999999995,46,2,2018,137
2019-02-16,7.91,11.4,24,0.84,-6.9,-0.0,-3.2583333333333333,8.8,5.908333333333334,-4.747407047150742,2.9529095157610166,79.33333333333333,74.375,328.0,96.41666666666667,1014.85,1011.9,-6.370833333333334,-9.1,,,,297.167523069944,0.9161360665465373,-3.2583333333333333,5.908333333333334,8.8,79.33333333333333,-4.747407047150742,2.9529095157610166,297.167523069944,0.0,1,24,7.909999999999993,9.309999999999993,30.73,72.03,225.12,2.0,548.38,-7.491666666666674,-13.141666666666538,-10.582142857142685,0.0,,,3.1125000000000003,2.1999999999999993,-0.8896753269203195,0.4565937063399173,-0.8896753269203195,0.4565937063399173,-3.766276257406255,2.3426415491704065,0.0,12.0,0.8496240601503765,0.3029612756264235,69.608,0,2.428201946831597,9.309999999999993,0.3140277777777778,46.73491666666667,0.0,0.0,2.2208333333333337,47,2,2018,138
2019-02-17,1.19,1.7,10,0.21,-7.8,-1.9,-5.220833333333333,8.0,6.083333333333333,-5.006389560688192,3.152383945312059,78.83333333333333,131.95833333333334,575.0,82.08333333333333,1020.6291666666667,1018.4,-8.345833333333333,-10.4,,,,302.68277918201363,0.972158159209925,-6.9799999999999995,6.970000000000001,8.0,79.2,-5.639205006119716,3.73908785828407,304.77001710718173,0.0,0,10,9.099999999999993,9.099999999999993,27.09,62.440000000000005,218.68,2.0,549.57,5.779166666666697,-10.216666666666583,-3.7172619047618127,0.0,,,3.125,2.6000000000000005,-0.8416731185499181,0.5399873716212773,-0.8214477512105675,0.5702837820165516,-3.9467037703425247,2.4851293435543393,0.0,13.0,0.13076923076923086,0.33591731266149844,9.52,1,0.46114337062499994,9.099999999999993,0.35074999999999995,8.2943,254.20126366336282,6.083333333333333,-1.9625,48,2,2018,139
2019-02-18,0.0,0.0,0,0.0,-6.6,3.3,-2.35,7.0,5.216666666666667,-4.775406379172324,0.7448532006024836,63.958333333333336,192.41666666666666,600.0,56.833333333333336,1025.4041666666667,1022.7,-8.758333333333333,-15.5,,,,279.7884129659783,0.9295827892147159,0.0,0.0,0.0,0.0,0.0,0.0,,0.2916666666666667,1,0,1.1899999999999928,9.099999999999993,19.67,47.53,216.65,3.0,549.57,4.774999999999977,3.0625,0.8875000000000455,0.0,,,6.408333333333333,8.9,-0.9854423001222085,0.17001021478091005,-0.9854423001222085,0.17001021478091005,-3.054270330012299,0.4763956928853385,1.0,14.0,0.0,0.46263345195729494,0.0,2,0.0,4.549999999999996,0.4148055555555556,0.0,-0.0,10.433333333333334,2.870833333333333,49,2,2018,140
2019-02-19,7.7,26.8,11,1.61,-2.5,6.1,2.558333333333333,6.5,4.379166666666666,0.512721452757757,-2.6162981094553195,73.91666666666667,54.166666666666664,296.0,99.91666666666667,1020.4833333333332,1011.7,-1.9791666666666667,-10.7,,,,175.1491734967216,0.5977355697517198,3.0181818181818185,4.390909090909091,6.5,83.18181818181819,1.8020555672047103,-3.4127867860629517,151.78720954282196,0.0,0,11,7.699999999999993,8.889999999999993,20.79,55.230000000000004,198.59,3.0,557.27,-4.920833333333462,5.633333333333212,-2.7374999999999545,0.0,,,4.5375,8.2,0.08456178897273882,-0.9964182374112439,0.47274749138945477,-0.8811979399572932,0.3789866071634421,-1.9338803525723904,0.0,15.0,0.8661417322834652,0.42760942760942733,50.050000000000004,3,1.2702327272727274,8.889999999999993,0.41805555555555557,33.81,0.0,13.1375,4.908333333333333,50,2,2018,141
2019-02-20,3.29,7.1,6,0.98,1.0,8.0,5.508333333333333,6.9,4.383333333333334,-3.4143807429046777,1.046842835865245,87.08333333333333,118.79166666666667,545.0,88.625,1014.0583333333334,1011.6,3.5041666666666664,-0.1,,,,283.7832819376927,0.8488916534897009,2.566666666666667,5.266666666666667,6.9,90.0,-1.7241743722596992,4.611346219123838,334.874412233344,0.0,0,6,10.989999999999993,10.989999999999995,21.490000000000002,58.45,189.42000000000002,3.0,560.5600000000001,-6.424999999999841,-6.570833333333326,-7.172023809523807,0.0,,,2.0041666666666664,1.1,-0.9712038391083471,0.23825008478740956,-0.42460379910309237,0.9053792651630701,-2.9733565636128234,0.9116256362326509,0.0,16.0,0.2993630573248409,0.5114006514657977,22.701,4,0.5711417152777777,10.989999999999995,0.54725,17.327333333333332,0.0,17.533333333333335,2.9499999999999997,51,2,2018,142
2019-02-21,0.7000000000000001,1.0,5,0.28,-3.7,1.8,-0.5916666666666667,10.9,8.558333333333334,-6.198175710451351,5.62617599553461,83.375,146.95833333333334,600.0,76.04166666666667,1022.0375,1019.0,-3.1291666666666664,-4.9,,,,311.2642793798418,0.9764573824638889,-0.82,9.42,10.9,92.4,-5.013800622734741,7.838407049957314,328.20073015936885,0.0,1,5,3.989999999999993,11.689999999999994,20.790000000000003,49.77,175.84,4.0,561.26,7.979166666666629,-3.3666666666666742,2.065476190476147,0.0,,,2.5374999999999996,1.2000000000000002,-0.751675460521417,0.6595331697874761,-0.5269449646890821,0.8498994082765454,-5.167728998588814,4.690824236276981,0.0,17.0,0.05988023952095812,0.562289562289562,7.630000000000001,5,0.16705403749999997,11.689999999999994,0.4158888888888889,6.594,148.0220179682785,42.79166666666667,-6.1,52,2,2018,143
2019-02-22,0.0,0.0,0,0.0,-5.1,8.0,0.5875,7.1,3.4458333333333333,-1.9772771670339004,1.6501607042352573,68.20833333333333,193.125,600.0,60.083333333333336,1019.7375000000001,1015.6,-4.995833333333334,-7.9,,,,296.7422410611197,0.6580312719433525,0.0,0.0,0.0,0.0,0.0,0.0,,0.125,1,0,0.699999999999993,3.989999999999993,20.790000000000003,47.6,162.82,4.0,561.26,-2.2999999999999545,-0.7458333333331666,0.1374999999999318,0.0,,,5.583333333333334,2.8000000000000007,-0.8930398871173415,0.44997751056852386,-0.8930398871173415,0.44997751056852386,-1.348667801014373,1.125547113680465,1.0,18.0,0.0,0.19191919191919157,0.0,6,0.0,1.9949999999999966,0.5338888888888889,0.0,-0.0,20.675,1.1791666666666667,53,2,2018,144
2019-02-23,0.35000000000000003,0.5,5,0.07,-5.1,0.7,-1.425,11.5,7.820833333333333,-3.52620311816287,6.836976130843457,82.20833333333333,118.125,462.0,82.375,1019.3166666666666,1015.6,-4.095833333333333,-7.1,,,,330.47177860151595,0.9799475222135505,0.43999999999999995,11.2,11.5,88.6,-3.569891427125797,10.589919735787726,341.3958738392468,0.0,1,5,0.34999999999999293,1.049999999999993,13.23,43.96,154.21,4.0,561.61,-0.4208333333334622,5.258333333333212,-0.9214285714286916,0.0,,,2.6708333333333334,2.0,-0.49285219955361725,0.8701130440323036,-0.31902756209884553,0.9477454376684001,-2.898832813389726,5.620564127564225,0.0,19.0,0.3333333333333356,0.07936507936507883,4.025,4,0.071939,1.049999999999993,0.36833333333333335,3.92,0.0,31.28333333333333,-2.0125,54,2,2018,145
2019-02-24,0.0,0.0,0,0.0,-7.1,9.7,2.1458333333333335,6.4,2.8041666666666667,-1.9423658113719782,-1.006060087639963,49.416666666666664,214.91666666666666,600.0,2.6666666666666665,1021.7041666666668,1018.8,-8.204166666666667,-13.9,,,,253.38707023288927,0.609538318785274,0.0,0.0,0.0,0.0,0.0,0.0,,0.9583333333333334,0,0,0.34999999999999293,0.34999999999999293,12.040000000000001,39.13,150.92000000000002,4.0,561.61,2.387500000000159,-0.33333333333325754,1.3125000000001137,0.0,,,10.350000000000001,6.800000000000001,-0.9582580796251272,-0.2859046219164064,-0.9582580796251272,-0.2859046219164064,-0.9598524384529858,-0.49716135997541505,1.0,20.0,0.0,0.029069767441859875,0.0,5,0.0,0.17499999999999646,0.5235555555555554,0.0,-0.0,14.020833333333334,3.5708333333333337,55,2,2018,146
2019-02-25,0.0,0.0,0,0.0,-0.4,9.1,3.4958333333333336,6.9,3.3666666666666667,-2.7988611885472334,1.2286078143327555,59.75,174.91666666666666,600.0,52.833333333333336,1017.2958333333332,1013.8,-4.316666666666666,-10.7,,,,280.9628446372143,0.8948370732367767,0.0,0.0,0.0,0.0,0.0,0.0,,0.3333333333333333,0,0,0.0,0.34999999999999293,12.040000000000001,31.71,134.75,3.0,561.61,-4.40833333333353,-2.4416666666668334,-1.9375000000001137,0.0,,,7.8125,10.299999999999999,-0.9817507135058035,0.19017238635208258,-0.9817507135058035,0.19017238635208258,-1.672319560156972,0.7340931690638215,2.0,21.0,0.0,0.029069767441859875,0.0,6,0.0,0.11666666666666431,0.518,0.0,-0.0,20.2,1.35,56,2,2018,147
2019-02-26,0.0,0.0,0,0.0,-4.0,4.2,0.41250000000000003,8.2,5.966666666666666,-3.3460131160055795,4.858951517010428,79.0,192.5,600.0,59.166666666666664,1021.0333333333333,1017.7,-2.9791666666666665,-5.4,,,,326.0562604330633,0.9898014093742991,0.0,0.0,0.0,0.0,0.0,0.0,,0.16666666666666666,1,0,0.0,0.0,4.34,25.130000000000003,130.41000000000003,4.0,561.61,3.737500000000068,1.716666666666697,1.7214285714285325,0.0,,,3.3916666666666666,1.4000000000000004,-0.5583785773244425,0.8295862609669543,-0.5583785773244425,0.8295862609669543,-2.643350361644408,3.838571698438238,3.0,22.0,,0.0,0.0,6,0.0,0.0,0.48500000000000004,0.0,-0.0,35.8,-3.0833333333333335,57,2,2018,148
2019-02-27,0.0,0.0,0,0.0,-6.4,5.1,0.34583333333333327,7.0,4.0625,0.367635320577611,-0.6464781500148865,69.16666666666667,132.0,467.0,77.5,1023.475,1020.9,-4.754166666666666,-10.3,,,,129.5489788627871,0.20664905292436694,0.0,0.0,0.0,0.0,0.0,0.0,,0.08333333333333333,0,0,0.0,0.0,1.05,22.54,110.04,4.0,561.61,2.4416666666667197,1.7708333333332575,2.817857142857065,0.0,,,5.1,3.9000000000000004,0.7710805548746589,-0.636737605214415,0.7710805548746589,-0.636737605214415,0.2542810967328476,-0.4471473870936299,4.0,23.0,,0.0,0.0,6,0.0,0.0,0.43188888888888893,0.0,-0.0,24.375,-0.06666666666666676,58,2,2018,149
2019-02-28,3.0100000000000002,4.5,10,0.7,2.0,6.4,4.379166666666666,6.2,3.1999999999999997,0.13575148211943125,0.4381648748553845,81.875,78.33333333333333,349.0,99.45833333333333,1015.4416666666666,1011.6,1.3875,-2.5,,,,333.45329803628164,0.00976482350731652,4.5200000000000005,1.8699999999999999,3.7,77.6,-0.35408018095361476,-0.7974132810972009,212.93142629553418,0.0,0,10,3.009999999999993,3.009999999999993,3.3600000000000003,24.150000000000002,107.03,3.0,564.62,-8.033333333333417,-1.8541666666666288,-4.273214285714289,0.0,,,2.9916666666666663,4.5,-0.44692712851710126,0.8945703671570272,-0.5436348932770247,-0.8393218112331395,0.11114652598528434,0.35874749128784605,0.0,24.0,1.0000000000000024,0.8958333333333311,18.662000000000003,0,0.40273085124999974,3.009999999999993,0.4673611111111111,5.6287,0.0,0.0,4.033333333333333,59,2,2018,150
2019-03-01,0.21000000000000002,0.30000000000000004,3,0.07,-0.3,4.9,2.7541666666666664,8.0,6.104166666666667,-3.4703521987502968,4.5758793165838645,86.875,158.08333333333334,600.0,81.5,1017.4333333333334,1014.6,0.6666666666666666,-1.4,,,,322.63205482552354,0.9423652080787399,2.733333333333333,7.166666666666667,7.3,89.0,-2.039450350771618,6.836708185027599,343.3368615051862,0.0,0,3,3.219999999999993,3.219999999999993,3.5700000000000003,24.360000000000003,107.24,2.0,564.83,1.991666666666788,-3.599999999999909,-1.9523809523808495,0.0,,,2.0875,1.0999999999999999,-0.6069312997044735,0.794754300044384,-0.28674424088281747,0.9580071713304326,-3.0148684726643205,3.9752951562822325,0.0,25.0,0.06521739130434798,0.9019607843137235,1.6800000000000002,1,0.03473239583333333,3.219999999999993,0.5038611111111111,1.5050000000000001,1.2185715845861158,6.104166666666667,-1.625,60,3,2018,151
2019-03-02,0.56,0.8,3,0.28,-2.9,4.2,0.6541666666666667,8.7,5.445833333333333,-3.1852988399311717,2.7182611627626616,60.875,229.25,600.0,45.916666666666664,1021.1750000000001,1018.6,-6.704166666666667,-10.9,,,,309.40552495018,0.7761234069314052,0.3666666666666667,6.666666666666667,7.2,85.0,-4.786890946241228,4.559193488458024,312.9918245933818,0.4583333333333333,1,3,0.7699999999999929,3.779999999999993,3.7800000000000002,17.01,97.86,2.0,565.39,3.7416666666666742,-2.2999999999999545,1.523809523809632,0.0,,,7.358333333333333,8.0,-0.7726723637480554,0.6348050238458993,-0.7314510069942214,0.6818939978964029,-1.9390506688081006,1.6547414828317701,0.0,26.0,0.14814814814814842,0.9999999999999981,4.872,2,0.1236277777777778,3.779999999999993,0.44908333333333333,3.733333333333334,51.94175584250596,10.891666666666666,-2.0999999999999996,61,3,2018,152
2019-03-03,0.14,0.2,2,0.07,0.4,7.8,3.5,6.5,3.8833333333333333,-0.313497063830906,-3.4507090019919375,62.333333333333336,137.20833333333334,582.0,96.875,1015.6916666666666,1011.9,-3.341666666666667,-9.4,,,,184.19392404121396,0.8179471601280479,2.75,4.949999999999999,5.1,92.0,0.894773937873443,-4.863671730775568,169.50000000000003,0.0,0,2,0.699999999999993,0.9099999999999929,3.9200000000000004,15.96,94.08,2.0,565.53,-5.483333333333462,0.25,-3.100595238095366,0.0,,,6.841666666666667,9.8,-0.07313243601756071,-0.9973222381969317,0.18223552549214683,-0.9832549075639547,-0.1954131697879314,-2.1509419445749747,0.0,27.0,0.15384615384615505,0.23214285714285532,0.9100000000000001,3,0.023804921875000006,0.9099999999999929,0.4725833333333334,0.693,0.0,11.65,2.845833333333333,62,3,2018,153
2019-03-04,15.75,22.7,24,1.33,2.0,4.7,3.35,8.6,4.970833333333333,1.5859707105886278,-0.3005048055993332,94.5,47.333333333333336,185.0,99.625,1008.0041666666666,1003.8,2.5458333333333334,0.2,,,,112.80209246185036,0.4939581922253756,3.35,4.970833333333333,8.6,94.5,1.5859707105886278,-0.3005048055993332,112.80209246185036,0.0,0,24,15.889999999999993,16.449999999999992,19.67,31.71,104.93,2.0,581.28,-7.6875,-9.429166666666788,-9.460714285714289,0.0,,,0.8041666666666667,1.8,0.9218489987693751,-0.38754925295747983,0.9218489987693751,-0.38754925295747983,1.4987423215062532,-0.28397704129136986,0.0,0.0,0.9574468085106388,0.8362989323843412,100.0,0,2.4557397949218753,16.449999999999992,0.451,78.29062499999999,0.0,0.0,-0.1499999999999999,63,3,2018,154
2019-03-05,0.21000000000000002,0.30000000000000004,2,0.14,0.3,5.4,2.8708333333333336,6.5,5.2875000000000005,-3.6641001335432826,2.1738836348228197,63.333333333333336,223.20833333333334,600.0,68.45833333333333,1019.15,1013.3,-4.229166666666667,-9.2,,,,298.68731507966794,0.8046534493278419,2.2,5.85,5.9,89.0,-3.266201352210693,4.836105394114702,326.0,0.2916666666666667,0,2,15.959999999999994,16.09999999999999,19.88,24.22,94.36,1.0,581.49,11.145833333333371,-2.025000000000091,1.9541666666666515,0.0,,,7.1000000000000005,9.5,-0.8772524606289805,0.4800292911066979,-0.5591929034707466,0.8290375725550418,-2.320596751244079,1.3767929687211191,0.0,1.0,0.013043478260869573,0.809859154929577,1.3650000000000002,1,0.037955531249999994,16.09999999999999,0.4799166666666667,1.2285000000000001,0.0,5.2875000000000005,-0.4791666666666665,64,3,2018,155
2019-03-06,2.73,3.8,10,0.91,-0.1,7.3,3.3833333333333333,5.4,3.6458333333333335,-1.8244579625770012,-2.3241935416831896,72.83333333333333,115.29166666666667,593.0,98.625,1017.0875,1011.8,-1.1166666666666667,-7.1,,,,214.02471948316577,0.791857811725121,4.74,3.3600000000000003,4.3,79.6,-1.6525942562479456,-1.1829021061997151,223.4335343070685,0.0,1,10,2.939999999999993,18.689999999999994,22.61,23.66,82.17999999999999,2.0,584.22,-2.0625,1.3958333333333712,0.8041666666667879,0.0,,,4.5,7.0,-0.5595505283777334,-0.8287962392483447,-0.6875126456777849,-0.7261724051718934,-1.328813549410249,-1.692787629525923,0.0,2.0,0.14606741573033713,0.8266253869969038,14.742,2,0.34391720999999986,18.689999999999994,0.4818611111111111,9.1728,0.0,7.291666666666667,0.5124999999999997,65,3,2018,156
2019-03-07,13.37,19.0,24,1.26,-2.0,5.1,2.2916666666666665,14.2,7.658333333333334,-3.0490253119072404,6.7361992730009135,87.70833333333333,84.83333333333333,349.0,96.375,1007.9541666666668,1004.3,0.4458333333333333,-4.2,,,,335.37325621957814,0.9135068815643026,2.2916666666666665,7.658333333333334,14.2,87.70833333333333,-3.0490253119072404,6.7361992730009135,335.37325621957814,0.0,0,24,16.09999999999999,16.30999999999999,32.97,36.33,95.55000000000001,2.0,597.59,-9.133333333333212,-0.04999999999984084,-7.259523809523671,0.0,,,1.8458333333333332,2.2,-0.4167051483287758,0.9090417038597806,-0.4167051483287758,0.9090417038597806,-2.6742492839853087,5.908208112361217,0.0,0.0,0.8197424892703866,0.4946921443736728,100.0,3,2.3298632215711805,16.30999999999999,0.46225,102.39191666666667,0.0,22.975,-1.0916666666666668,66,3,2018,157
2019-03-08,3.43,4.9,10,0.63,-5.9,0.3,-2.1750000000000003,10.6,7.633333333333333,-4.405100951746491,5.527601717355613,78.58333333333333,187.5,600.0,52.583333333333336,1022.25,1015.3,-5.4875,-8.6,,,,314.2774152425478,0.9001415902496228,-2.52,9.43,10.6,86.2,-3.571114401228205,8.632631398185202,337.7085972517721,0.25,1,10,16.799999999999994,19.52999999999999,36.19,39.76,98.91,3.0,601.02,14.295833333333235,3.1000000000000227,6.348214285714334,0.0,,,3.3124999999999996,2.6999999999999993,-0.7159679783002526,0.6981331205784818,-0.3793173272156678,0.925266645499535,-3.461675164580784,4.343773682888619,0.0,1.0,0.17562724014336928,0.5396518375241777,36.358,4,0.9470405787499999,19.52999999999999,0.3936111111111111,32.3449,301.2071321359248,30.53333333333333,-4.466666666666667,67,3,2018,158
2019-03-09,0.0,0.0,0,0.0,-1.9,10.0,2.8791666666666664,5.8,3.6750000000000003,-2.063038823990896,-2.1488012447123395,43.0,245.20833333333334,600.0,28.416666666666668,1023.6916666666666,1020.7,-8.950000000000001,-18.3,,,,233.75437686450886,0.7835289280344335,0.0,0.0,0.0,0.0,0.0,0.0,,0.625,0,0,3.429999999999993,16.79999999999999,35.63,39.41,89.53,2.0,601.02,1.441666666666606,6.604166666666629,7.430357142857133,0.0,,,11.829166666666667,16.400000000000002,-0.8064897724703602,-0.5912480417732532,-0.8064897724703602,-0.5912480417732532,-0.8871066943160854,-0.9239845352263061,1.0,2.0,0.0,0.47151277013752424,0.0,5,0.0,8.399999999999995,0.5290277777777778,0.0,-0.0,18.375,5.054166666666667,68,3,2018,159
2019-03-10,3.99,6.4,5,1.47,2.2,8.0,4.533333333333333,8.6,4.1000000000000005,0.4055387783684748,-3.3394460370796453,63.166666666666664,160.29166666666666,600.0,98.04166666666667,1018.1999999999999,1010.7,-2.6166666666666667,-10.4,,,,188.95533960098203,0.7072541944909184,3.44,7.18,8.6,95.8,-0.20430604573110228,-7.108491766169005,182.4127416925739,0.0,0,5,3.989999999999993,7.419999999999993,39.480000000000004,43.4,91.35000000000001,2.0,605.01,-5.491666666666674,10.245833333333167,1.5803571428571104,0.0,,,7.15,12.600000000000001,-0.1556645431688034,-0.987809976665577,-0.0420978421106032,-0.9991134928973939,0.2561653283360866,-2.109416746755309,0.0,3.0,0.5377358490566043,0.18794326241134732,34.314,6,0.5956311900000002,7.419999999999993,0.49519444444444444,28.6482,0.0,24.6,1.6541666666666668,69,3,2018,160
2019-03-11,22.68,34.1,22,2.1,2.9,6.3,4.083333333333333,7.2,4.479166666666667,-2.7306169697980924,-0.3624661124886395,93.04166666666667,66.33333333333333,297.0,97.83333333333333,1001.1791666666667,995.4,3.0416666666666665,1.6,,,,272.64302363634596,0.6466326746128602,4.168181818181818,4.545454545454546,7.2,92.81818181818181,-2.717107954475154,-0.4463433675647364,273.8031207048021,0.0,0,21,26.669999999999995,26.66999999999999,46.41,66.08,110.04,2.0,627.69,-17.020833333333258,-21.070833333333326,-14.465476190476124,0.0,,,1.0416666666666665,1.2999999999999998,-0.9989362249014162,0.046113106376682915,-0.9977978570997232,0.06632824712895875,-2.5406115389829753,-0.337244512161305,0.0,0.0,0.8503937007874018,0.5746606334841627,100.0,0,3.118763584710743,26.66999999999999,0.4943611111111111,103.0909090909091,0.0,0.0,-0.4500000000000002,70,3,2018,161
2019-03-12,0.42000000000000004,0.6000000000000001,6,0.07,0.3,6.6,3.766666666666667,5.6,3.108333333333333,-1.994453738769795,-1.8586965713789318,79.91666666666667,205.79166666666666,600.0,52.708333333333336,1006.975,1004.6,0.4583333333333333,-1.6,,,,223.94210827985376,0.8745454638374645,4.716666666666667,2.533333333333333,2.9,81.66666666666667,-1.318709182305447,-1.68429103884894,218.02867303291637,0.125,0,4,23.099999999999994,27.089999999999993,46.62,66.5,105.63,2.0,628.11,5.7958333333333485,-16.716666666666583,-6.930357142857019,0.0,,,3.3083333333333336,1.9000000000000001,-0.6939311942463283,-0.7200413166283339,-0.6160557493966603,-0.7877025540363058,-1.5939009462335278,-1.4854083432936631,0.0,1.0,0.015503875968992253,0.5810810810810809,2.352,1,0.053718291666666675,27.089999999999993,0.55025,1.064,0.0,3.108333333333333,-0.316666666666666,71,3,2018,162
2019-03-13,18.2,26.0,17,2.03,-3.0,2.5,-0.5,11.6,5.579166666666667,-3.2208919610046975,0.012439440801430945,80.0,119.16666666666667,600.0,76.33333333333333,1009.5124999999999,1006.0,-3.5666666666666664,-7.2,,,,250.92835098208968,0.4234806563818192,-0.4882352941176471,6.0058823529411764,11.6,78.0,-3.807137703565099,1.590043462480147,290.13263775224357,0.125,1,17,18.619999999999994,41.3,62.089999999999996,84.7,116.41000000000001,2.0,646.3100000000001,2.537499999999909,-8.6875,-3.3107142857144254,0.0,,,3.0666666666666664,4.2,-0.9451107097689782,-0.3267502812240232,-0.9388983387288264,0.34419458091644894,-2.576713568803758,0.009951552641144756,0.0,0.0,0.4406779661016949,0.6651634723788049,100.0,2,4.413885136245675,41.3,0.40166666666666667,109.3070588235294,28.98183576838828,11.158333333333333,-4.2666666666666675,72,3,2018,163
2019-03-14,8.68,12.4,18,1.68,-4.0,-0.3,-2.1875,8.7,5.466666666666666,-3.7046799023363186,2.8045480242299603,76.95833333333333,141.875,504.0,81.45833333333333,1019.3791666666666,1013.7,-5.679166666666667,-8.1,,,,308.45103059309116,0.8378203154976259,-2.1277777777777778,5.477777777777778,8.7,78.16666666666667,-3.4409371116287586,3.820328204089226,318.8817840496629,0.0,0,16,26.879999999999992,27.299999999999994,57.4,90.36999999999999,118.50999999999999,2.0,654.99,9.866666666666674,18.199999999999932,4.923809523809496,0.0,,,3.491666666666667,4.1,-0.7831399201311371,0.6218455318622111,-0.6576147917024509,0.7533543560198893,-2.8510599081729917,2.158333416980307,0.0,1.0,0.31794871794871804,0.4756097560975609,75.51599999999999,3,2.4515275285493825,27.299999999999994,0.3511111111111111,47.54711111111111,135.80231800561512,16.4,-1.6875,73,3,2018,164
2019-03-15,1.54,2.2,10,0.42,-5.2,4.3,-0.23750000000000004,6.8,4.529166666666667,-2.959519833252333,-2.641755649593994,70.08333333333333,229.20833333333334,600.0,62.875,1020.2291666666666,1017.2,-5.195833333333334,-8.7,,,,230.01325066596834,0.836309241075228,-0.02000000000000004,3.9299999999999997,5.0,77.2,-2.4465799039460925,-1.6603267206799543,242.627566456083,0.16666666666666666,1,8,10.219999999999992,28.41999999999999,55.51,91.7,117.46000000000001,2.0,656.53,0.8500000000000227,13.254166666666606,6.0625,0.0,,,4.958333333333334,3.499999999999999,-0.7661930786755214,-0.6426104311242747,-0.8880366961869121,-0.45977258098481044,-2.0741301498043434,-1.851430417757124,0.0,2.0,0.05418719211822662,0.5119798234552332,10.472,4,0.36681904874999993,28.41999999999999,0.48197222222222225,6.0522,10.813883175442017,18.116666666666667,1.95,74,3,2018,165
2019-03-16,1.61,2.2,11,0.35,-5.1,2.4,-0.3666666666666667,10.9,5.7124999999999995,-2.110705675869671,3.524257864236255,77.66666666666667,164.375,600.0,62.708333333333336,1016.2375000000001,1013.4,-3.8333333333333335,-8.9,,,,323.8739421397927,0.5770244656326904,0.6363636363636364,7.163636363636363,10.9,79.54545454545455,-1.855756562338231,4.9004031712907485,332.052166826045,0.16666666666666666,1,6,3.1499999999999932,11.829999999999993,57.12,92.75,117.67,3.0,658.14,-3.9916666666665606,6.725000000000136,3.135714285714357,0.0,,,3.466666666666667,3.8000000000000007,-0.5895637665345197,0.8077218365190026,-0.4686674596432823,0.8833746726454819,-1.6393147415921114,2.737173607890158,0.0,3.0,0.1360946745562131,0.20710784313725478,17.549000000000003,5,0.3431379028925621,11.829999999999993,0.4218055555555556,11.533454545454545,0.0,28.562499999999996,-0.12916666666666665,75,3,2018,166
2019-03-17,4.0600000000000005,5.8,12,0.7,-6.3,2.3,-1.8458333333333332,7.9,4.433333333333334,-2.9870445189714943,1.410525071725108,73.91666666666667,120.79166666666667,397.0,66.16666666666667,1018.7291666666666,1014.3,-6.1125,-10.8,,,,280.2780942513738,0.5853931918657383,0.49166666666666664,4.233333333333333,7.9,73.83333333333333,-2.1343199665664803,2.9198231239207764,311.3635397853915,0.125,1,12,5.669999999999994,7.209999999999994,57.19,96.67,121.73,4.0,662.2,2.4916666666665606,-0.6499999999999773,5.551785714285643,0.0,,,4.266666666666667,4.500000000000001,-0.9839533270154673,0.17842603581090075,-0.7505317440547328,0.6608343976868647,-2.2079237402730962,1.0426131155168092,0.0,4.0,0.5631067961165054,0.12607099143206843,32.074000000000005,6,0.9140261788194444,7.209999999999994,0.3780277777777778,17.187333333333335,33.5034876751759,26.6,-1.4791666666666665,76,3,2018,167
2019-03-18,0.0,0.0,0,0.0,-7.6,9.2,1.6583333333333332,5.5,3.5749999999999997,-1.4169870288603292,-1.7711713343054452,54.875,264.5416666666667,600.0,35.875,1021.775,1017.4,-7.5249999999999995,-13.0,,,,219.83477824626922,0.6641090372324974,0.0,0.0,0.0,0.0,0.0,0.0,,0.5416666666666666,0,0,4.059999999999993,5.669999999999994,34.510000000000005,80.92,113.82000000000001,4.0,662.2,3.0458333333333485,1.5458333333333485,5.655357142857156,0.0,,,9.183333333333334,5.4,-0.6405759257191882,-0.7678948387565873,-0.6405759257191882,-0.7678948387565873,-0.7775716320871057,-0.971930269700113,1.0,5.0,0.0,0.16430020283975638,0.0,5,0.0,2.834999999999997,0.5637222222222222,0.0,-0.0,17.875,3.5041666666666664,77,3,2018,168
2019-03-19,0.0,0.0,0,0.0,2.3,10.6,5.595833333333334,5.7,2.595833333333333,-0.5149941262202753,0.44212155024104516,61.416666666666664,209.08333333333334,600.0,65.58333333333333,1017.0083333333333,1013.6,-1.5708333333333335,-4.3,,,,255.19376872260136,0.31154969834923574,0.0,0.0,0.0,0.0,0.0,0.0,,0.16666666666666666,0,0,0.0,4.059999999999993,34.09,80.71000000000001,112.63000000000001,4.0,662.2,-4.7666666666666515,0.7708333333332575,-0.5446428571428896,0.0,,,7.166666666666668,6.6,-0.9667956015494265,-0.2555509045663559,-0.9667956015494265,-0.2555509045663559,-0.31629222585361905,0.2715363187730419,2.0,6.0,0.0,0.1190965092402462,0.0,6,0.0,1.353333333333331,0.5796666666666667,0.0,-0.0,15.575,3.937500000000001,78,3,2018,169
2019-03-20,0.0,0.0,0,0.0,0.4,15.1,7.170833333333333,9.5,4.741666666666666,-1.766244494293242,-2.6687779559456786,52.708333333333336,263.875,600.0,37.75,1016.9833333333332,1015.0,-2.4583333333333335,-9.7,,,,233.7542391284661,0.6170748914022567,0.0,0.0,0.0,0.0,0.0,0.0,,0.625,0,0,0.0,0.0,15.89,77.98,112.63000000000001,3.0,662.2,-0.02500000000009095,-1.745833333333394,-1.6369047619049297,0.0,,,9.629166666666666,10.1,-0.8064883511388108,-0.5912499805305724,-0.8064883511388108,-0.5912499805305724,-0.9309580355337297,-1.406668380946368,3.0,7.0,,0.0,0.0,6,0.0,0.0,0.6849444444444446,0.0,-0.0,28.449999999999996,1.5749999999999993,79,3,2018,170
2019-03-21,2.0300000000000002,17.4,4,0.7,4.4,11.9,7.716666666666666,8.9,4.470833333333333,0.33980840998439676,-3.3600943877771825,85.25,94.54166666666667,420.0,91.20833333333333,1007.9208333333332,1001.6,5.366666666666667,2.3,,,,183.6609830989968,0.6627305500408642,4.675,7.475,8.9,88.25,2.5052962794373284,-6.947897388964183,161.9932335566627,0.0,0,4,2.029999999999993,2.029999999999993,9.240000000000002,66.64000000000001,106.96000000000001,3.0,664.23,-9.0625,-13.854166666666742,-9.0625,0.0,,,2.3499999999999988,2.1000000000000005,-0.06385273936491873,-0.9979593316741899,0.309129308870027,-0.9510200157712452,0.28968666951169825,-2.864480465580048,0.0,8.0,1.0000000000000036,0.21969696969696892,18.067000000000004,4,0.24499284960937512,2.029999999999993,0.611638888888889,15.17425,0.0,17.883333333333333,0.5458333333333325,80,3,2018,171
2019-03-22,0.8400000000000001,2.1,9,0.14,-1.1,8.3,4.241666666666666,11.1,7.945833333333333,-5.599350265611542,5.4762990113977175,84.625,141.0,508.0,94.95833333333333,1008.8083333333334,1002.9,1.8708333333333333,-4.2,,,,311.20204600408823,0.9757217080258476,0.8222222222222222,10.122222222222222,11.1,82.11111111111111,-6.801896370360069,7.474307237634932,317.6663092222475,0.0,0,8,2.869999999999993,2.869999999999993,8.540000000000001,64.05,104.50999999999999,2.0,665.07,0.8875000000001592,-8.199999999999932,-6.543452380952317,0.0,,,2.3708333333333327,3.1,-0.7523913869395553,0.6587163280647994,-0.6734473113115836,0.7392352256807023,-4.738450162273767,4.634318038395318,0.0,9.0,0.29268292682926905,0.33606557377049096,9.324,5,0.16834721296296298,2.869999999999993,0.5605277777777777,8.502666666666666,6.640351331565209,39.729166666666664,-3.4749999999999996,81,3,2018,172
2019-03-23,0.7000000000000001,0.9,7,0.14,-6.2,0.3,-2.2125,10.5,8.179166666666667,-6.758132720804572,4.144638433309875,73.33333333333333,167.20833333333334,600.0,88.45833333333333,1016.0208333333334,1013.5,-6.495833333333334,-10.3,,,,299.07686742396265,0.9581493831131866,-1.8571428571428572,8.928571428571429,10.0,78.28571428571429,-6.895057173849675,5.508411228379097,308.895296274437,0.0,1,4,1.539999999999993,3.569999999999993,7.630000000000001,64.75,104.50999999999999,2.0,665.77,7.212499999999977,-0.9624999999998636,0.7000000000000455,0.0,,,4.283333333333333,4.1000000000000005,-0.8739685046751098,0.485982564333282,-0.7782946988434712,0.6278991652742901,-4.955963995256686,3.0394015177605747,0.0,10.0,0.1960784313725494,0.4678899082568798,7.3500000000000005,6,0.18434151785714292,3.569999999999993,0.3625833333333333,6.250000000000001,308.32971917162183,49.075,-6.454166666666666,82,3,2018,173
2019-03-24,2.31,3.3,11,0.84,-5.7,0.6,-2.4208333333333334,9.7,5.466666666666666,-3.9878422130387494,2.9835716039524383,81.83333333333333,159.625,558.0,80.45833333333333,1017.8458333333333,1014.0,-5.1125,-8.6,,,,301.407421547888,0.877434463967311,-2.5636363636363635,5.681818181818182,8.8,81.0909090909091,-3.8225650213655213,3.2706411902096364,303.53424802444005,0.0,1,8,3.0099999999999927,3.849999999999993,5.880000000000001,63.07,106.82,2.0,668.08,1.8249999999999318,9.925000000000068,2.65119047619055,0.0,,,2.6916666666666664,2.8999999999999995,-0.8534833035049124,0.5211201882851418,-0.8335557578666387,0.5524353342495152,-3.2633842110033764,2.4415560959010785,0.0,11.0,0.6000000000000011,0.6547619047619034,22.407,0,0.6740194602272728,3.849999999999993,0.39252777777777775,13.125,39.76423263475335,0.0,-0.20833333333333348,83,3,2018,174
2019-03-25,0.0,0.0,0,0.0,-6.3,6.0,0.5416666666666667,6.2,3.9291666666666667,-3.6192106418586056,-0.5735964444051853,78.20833333333333,241.79166666666666,600.0,75.33333333333333,1017.4,1015.4,-3.0,-8.5,,,,260.57093331209796,0.9279979193608269,0.0,0.0,0.0,0.0,0.0,0.0,,0.0,1,0,2.309999999999993,3.0099999999999927,5.880000000000001,40.39,106.47,3.0,668.08,-0.44583333333332575,8.591666666666583,2.8303571428571104,0.0,,,3.541666666666667,2.2,-0.9864891778600451,-0.16382643854095189,-0.9864891778600451,-0.16382643854095189,-2.830524322820251,-0.4486002192285553,1.0,12.0,0.0,0.5119047619047606,0.0,1,0.0,1.5049999999999963,0.5552222222222222,0.0,-0.0,3.9291666666666667,2.9625000000000004,84,3,2018,175
2019-03-26,4.34,6.1,6,1.19,-0.3,8.3,3.591666666666667,7.8,4.058333333333333,-2.125102932363142,1.9732724489644309,68.20833333333333,230.66666666666666,600.0,69.70833333333333,1013.0083333333333,1009.6,-2.125,-6.4,,,,300.22179797605975,0.6953633635161344,1.9000000000000001,6.016666666666667,7.8,88.33333333333333,-1.1949030730065953,5.872988342523537,349.1590688971123,0.08333333333333333,1,6,4.339999999999993,6.649999999999993,10.22,44.31,110.81,4.0,672.42,-4.3916666666666515,-3.0125000000000455,-0.989880952380986,0.0,,,5.716666666666667,6.1000000000000005,-0.8640833672567301,0.5033487205012752,-0.1880829955452734,0.982153138154492,-1.4494972917826927,1.3459362495644889,0.0,13.0,0.6526315789473691,0.6506849315068486,33.852,0,0.81275315625,6.649999999999993,0.5655833333333332,26.112333333333332,0.0,0.0,3.05,85,3,2018,176
2019-03-27,0.56,0.8,6,0.14,-3.4,7.5,2.9416666666666664,9.3,4.504166666666666,-0.30243650229953156,-0.51624978682047,71.25,208.08333333333334,600.0,61.75,1013.5875,1006.9,-2.1416666666666666,-6.4,,,,178.5897908073502,0.268262174564555,4.933333333333333,4.833333333333333,9.3,73.0,2.095204835330408,0.18372452904905825,101.5744871771016,0.20833333333333334,1,3,4.899999999999993,4.899999999999993,10.780000000000001,26.67,111.37,5.0,672.98,0.5791666666666515,-4.258333333333326,0.07440476190481604,0.0,,,5.083333333333333,3.0000000000000004,0.02461030859981204,-0.9996971204873114,0.9796646890148097,-0.20064171325403923,-0.21548600788841626,-0.36782797310958487,0.0,14.0,0.11428571428571445,0.45454545454545386,5.208000000000001,1,0.0666477777777778,4.899999999999993,0.5428888888888889,2.7066666666666666,0.0,4.504166666666666,-0.6500000000000004,86,3,2018,177
2019-03-28,14.77,21.2,18,3.08,-5.2,6.9,0.4291666666666667,10.4,7.9375,-3.329855345800977,6.250257055262626,89.04166666666667,92.16666666666667,350.0,95.625,1012.8333333333334,1005.6,-1.2166666666666668,-6.4,,,,335.4921065062488,0.8507428213941329,1.9722222222222223,7.405555555555555,10.4,87.55555555555556,-2.079238912931787,6.229202460385803,344.6507929894307,0.0,0,18,15.329999999999993,19.669999999999995,23.52,32.760000000000005,126.14,5.0,687.75,-0.754166666666606,-4.566666666666606,-1.3815476190477511,0.0,,,1.6458333333333335,1.2000000000000002,-0.4148186017692722,0.9099041310084189,-0.2647013379473608,0.9643304421664168,-2.9649586974902866,5.565333052956763,0.0,0.0,0.7508896797153026,0.8363095238095236,100.0,0,2.6898573259066363,19.669999999999995,0.5115833333333334,109.38005555555554,0.0,0.0,-2.5124999999999997,87,3,2018,178
2019-03-29,0.07,0.1,1,0.07,-6.4,6.5,-0.3166666666666666,9.7,5.016666666666667,-4.5580727855659156,0.5012420705142774,76.29166666666667,147.79166666666666,574.0,70.20833333333333,1016.0083333333333,1013.6,-4.1625000000000005,-9.0,,,,269.85060277363317,0.9202730219113927,4.9,2.8,2.8,70.0,-2.144924440733138,-1.7998053071223103,230.0,0.125,1,1,14.839999999999993,15.399999999999993,22.75,31.290000000000003,126.21,6.0,687.82,3.1749999999999545,3.0,0.7648809523808495,0.0,,,3.845833333333334,2.5999999999999996,-0.9999966005429165,-0.002607470538783022,-0.7660444431189779,-0.6427876096865395,-3.477429695987997,0.3824059296298508,0.0,1.0,0.004545454545454548,0.6769230769230766,0.679,1,0.008612625000000004,15.399999999999993,0.49727777777777776,0.196,43.58486463569674,5.016666666666667,-0.7458333333333333,88,3,2018,179
2019-03-30,2.31,12.1,6,1.19,-0.9,7.6,3.65,6.7,4.066666666666666,-0.8765097199934924,-2.402793103479565,81.41666666666667,104.91666666666667,559.0,98.91666666666667,1011.275,1006.0,0.7333333333333334,-3.8,,,,217.38254077324478,0.5967617428429932,3.766666666666667,4.2,6.1,88.66666666666667,-1.7496118880197373,-2.403841997824614,210.66231748023097,0.0,1,6,2.379999999999993,17.14999999999999,24.36,31.990000000000002,125.50999999999999,6.0,690.13,-4.7333333333333485,-2.3125,-3.29047619047617,0.0,,,2.9166666666666665,2.9,-0.6071337367171119,-0.7945996638181498,-0.5099772964189971,-0.8601878615379145,-0.7136249970280351,-1.9562740517496124,0.0,2.0,0.13469387755102047,0.7040229885057467,15.477,2,0.3410763125000001,17.14999999999999,0.5102222222222222,9.702,0.0,8.133333333333333,3.9666666666666663,89,3,2018,180
2019-03-31,18.76,26.8,23,2.52,0.1,3.1,1.3625,8.6,4.725,-2.124998698159143,2.4006405685492926,88.79166666666667,110.58333333333333,436.0,87.91666666666667,1008.625,1005.3,-0.28750000000000003,-1.9,,,,313.5438598139767,0.5965554532160953,1.3869565217391304,4.804347826086956,8.6,88.73913043478261,-2.092242822437374,2.4896501108394826,316.0667403970435,0.0,0,22,21.069999999999993,21.139999999999993,40.81,46.69,144.06,5.0,708.89,-2.6499999999999773,-4.208333333333371,-4.623214285714312,0.0,,,1.6500000000000001,2.0,-0.7248472243702984,0.6889096467046127,-0.6938199838369852,0.7201484777658325,-1.8868217607404725,2.1315687714910596,0.0,0.0,0.8874172185430467,0.5180102915951971,100.0,0,3.79692680883743,21.139999999999993,0.4385833333333333,90.1295652173913,0.0,0.0,-2.2874999999999996,90,3,2018,181
2019-04-01,4.13,5.9,13,1.05,-1.9,2.6,0.03749999999999998,8.4,6.508333333333333,-4.733296155725049,4.018278207487904,74.875,245.58333333333334,600.0,72.375,1014.9375,1012.8,-4.108333333333333,-6.9,,,,310.0591528631028,0.9529763507973358,-0.4538461538461539,6.207692307692308,8.1,82.76923076923077,-3.6717159518494347,4.952652404647081,322.8563411437954,0.125,1,9,22.889999999999993,25.199999999999992,44.940000000000005,50.82,147.63,5.0,713.02,6.3125,-1.0708333333333258,2.041071428571513,0.0,,,4.145833333333333,5.0,-0.7653804131979803,0.6435781406269863,-0.6038155641729233,0.7971240583889903,-3.5440554965991304,3.0086858078565677,0.0,1.0,0.16388888888888895,0.5607476635514016,34.692,1,0.9956054606139056,25.199999999999992,0.47108333333333335,25.63776923076923,44.037643197494155,6.508333333333333,-1.3250000000000002,91,4,2018,182
2019-04-02,8.26,11.8,24,1.05,-3.8,-1.1,-2.5875,9.1,5.704166666666667,-3.6289537105715266,4.022713106589073,81.79166666666667,108.83333333333333,427.0,90.45833333333333,1018.2166666666667,1016.7,-5.316666666666666,-6.3,,,,316.3955381412183,0.951240512857502,-2.5875,5.704166666666667,9.1,81.79166666666667,-3.6289537105715266,4.022713106589073,316.3955381412183,0.0,0,24,12.389999999999993,31.149999999999995,48.86,59.08,155.75,4.0,721.28,3.279166666666697,6.94166666666672,4.576190476190504,0.0,,,2.7291666666666665,2.5,-0.6896759358957002,0.72411815572211,-0.6896759358957002,0.72411815572211,-2.9681817224382945,3.290244095097646,0.0,2.0,0.2651685393258427,0.6375358166189111,75.166,2,2.4139819078776044,31.149999999999995,0.3451944444444444,47.116416666666666,45.21978736181378,11.408333333333333,-2.625,92,4,2018,183
2019-04-03,1.4000000000000001,2.2,16,0.14,-5.6,0.1,-2.5416666666666665,9.0,5.1625000000000005,-3.7648265899661517,3.1275143770842466,83.29166666666667,137.41666666666666,529.0,81.33333333333333,1020.7208333333333,1019.8,-5.008333333333334,-7.6,,,,305.55932644612113,0.9318496064885482,-2.6,5.64375,9.0,82.6875,-4.002165100181682,3.860262154402072,312.3865951368523,0.0,1,15,9.659999999999995,13.789999999999994,49.7,60.480000000000004,141.4,4.0,722.6800000000001,2.504166666666606,12.095833333333303,6.0613095238094274,0.0,,,2.4666666666666672,2.0,-0.8135137979166281,0.581545613515624,-0.7386130795248493,0.6741296008593738,-3.135786813892641,2.6049588499130873,0.0,3.0,0.10152284263959396,0.2774647887323942,12.600000000000001,3,0.4098888281250001,13.789999999999994,0.3714722222222222,7.90125,56.123695254879756,15.4875,0.04583333333333339,93,4,2018,184
2019-04-04,0.6300000000000001,0.9,8,0.14,-4.2,4.7,0.6875,6.5,3.275,-2.8819723203571326,-0.41828849847182686,78.66666666666667,171.70833333333334,600.0,66.625,1016.1083333333332,1012.5,-2.6666666666666665,-6.1,,,,252.34881969971536,0.8334824946447109,-0.6375,1.75,3.2,81.0,-0.8079433728339334,-1.4366656647668279,211.2123821717942,0.125,1,7,2.029999999999993,10.289999999999992,35.56,59.08,141.82,5.0,723.3100000000001,-4.612500000000068,1.1708333333332348,0.9809523809523171,0.0,,,3.3541666666666665,1.8999999999999995,-0.9529201911775174,-0.30322122162903414,-0.5182118497597595,-0.8552522895430146,-2.2671515586809448,-0.3290536187978371,0.0,4.0,0.06122448979591843,0.28937007874015724,4.095000000000001,4,0.163875673828125,10.289999999999992,0.48113888888888895,1.1025000000000003,0.0,13.1,3.2291666666666665,94,4,2018,185
2019-04-05,4.970000000000001,7.9,4,2.45,2.5,9.3,6.0125,7.0,4.729166666666667,-2.0948001398388936,-2.429747011869796,60.666666666666664,289.1666666666667,600.0,36.833333333333336,1006.6958333333333,1001.7,-1.445833333333333,-7.6,,,,219.5126028240205,0.6114990839811911,4.9,3.4749999999999996,5.3,91.75,-1.4265863405971602,0.8073929453498316,317.95553069146587,0.5416666666666666,0,4,5.599999999999993,6.999999999999996,40.46,63.21000000000001,144.06,4.0,728.28,-9.412499999999909,-11.520833333333371,-7.101190476190482,0.0,,,7.458333333333333,10.1,-0.6362479320295501,-0.7714846524644032,-0.6697071861040185,0.7426252654472763,-1.2708454181689286,-1.474046520534343,0.0,5.0,0.7100000000000005,0.17301038062283725,34.790000000000006,5,0.6061497421875003,6.999999999999996,0.6016666666666667,17.27075,0.0,23.645833333333336,5.325,95,4,2018,186
2019-04-06,0.56,0.8,3,0.42,0.9,6.5,3.529166666666667,7.4,4.895833333333333,-3.1454098710038765,3.433328393173537,77.16666666666667,288.6666666666667,600.0,54.375,1011.3083333333334,1008.2,-0.325,-3.6,,,,317.525481588435,0.9371029028855202,2.0,4.766666666666667,5.2,91.0,-1.9149534382518236,4.053909247124072,336.043717668802,0.2916666666666667,0,2,5.529999999999994,6.159999999999995,38.71,63.07,131.25,3.0,728.84,4.612500000000068,-9.412499999999909,-2.4934523809523625,0.0,,,3.854166666666667,4.5,-0.6752622458477394,0.7375777242654954,-0.4060394737896491,0.9138555387612557,-2.4272079504579915,2.6493850767322464,0.0,6.0,0.090909090909091,0.15913200723327292,4.144000000000001,6,0.10532666666666665,6.159999999999995,0.5941111111111111,2.6693333333333333,0.0,29.375,-2.4833333333333334,96,4,2018,187
2019-04-07,1.12,1.8,6,0.35,1.5,9.1,5.695833333333333,5.9,3.595833333333333,-2.961205811526279,1.3335773962787238,78.125,211.25,600.0,78.25,1009.4083333333333,1008.1,2.0749999999999997,0.1,,,,293.010193783216,0.8466333468834837,5.233333333333333,2.533333333333333,4.0,76.66666666666667,-2.2205941701050906,0.6541886965704177,287.995804878217,0.041666666666666664,0,6,1.679999999999993,6.649999999999995,21.07,61.88,128.94,3.0,729.96,-1.900000000000091,-6.699999999999932,-4.505357142857179,0.0,,,3.620833333333333,1.4,-0.9204353219239583,0.3908948939993196,-0.951079139564623,0.30894735843670273,-2.313442040254906,1.041857340842753,0.0,7.0,0.16842105263157908,0.31561461794019907,6.608000000000001,5,0.1292402222222222,6.649999999999995,0.6034722222222223,2.8373333333333335,0.0,17.979166666666664,2.166666666666666,97,4,2018,188
2019-04-08,3.78,5.5,8,0.98,-0.2,8.9,4.079166666666667,8.5,4.654166666666667,-0.9958416266697294,4.094038157845068,78.75,228.625,600.0,77.75,1008.4833333333332,1004.9,0.4708333333333334,-1.9,,,,343.8861937958691,0.891951037536938,1.8125,6.4875,8.5,89.625,0.6602377973513871,6.302763018037744,5.959495574446585,0.125,0,8,4.899999999999993,5.459999999999995,20.720000000000002,65.66,132.72,2.0,733.74,-0.9250000000000682,1.787499999999909,-4.508333333333439,0.0,,,3.6083333333333334,1.7,-0.2775461581676049,0.9607123034948615,0.1038253742863312,0.9945955417426238,-0.784225281002412,3.2240550493029914,0.0,8.0,0.692307692307693,0.2635135135135132,32.129999999999995,6,0.7109749951171875,5.459999999999995,0.6126944444444445,24.52275,0.0,27.925,-1.6166666666666663,98,4,2018,189
2019-04-09,3.7800000000000002,5.4,15,0.56,-1.4,2.8,0.525,9.7,6.7,-3.630206138048196,5.449369393227357,89.625,190.16666666666666,600.0,89.04166666666667,1019.8625000000001,1015.6,-1.0125,-2.8,,,,324.78450578114337,0.9723360044209176,0.4066666666666666,7.066666666666666,9.2,91.26666666666667,-3.39343069769005,6.153805407682699,331.25741366891737,0.0,1,15,7.559999999999993,8.679999999999996,16.240000000000002,65.10000000000001,132.51,3.0,737.52,11.379166666666833,8.554166666666674,6.6357142857142435,0.0,,,1.5375,1.4,-0.5766532716086126,0.8169889866718423,-0.48087532264750676,0.8767889849152168,-3.2535722512256955,4.883997318680019,0.0,9.0,0.43548387096774216,0.5344827586206894,36.666,4,0.8264896500000001,8.679999999999996,0.48774999999999996,26.712,54.060178873118026,26.8,-3.5541666666666667,99,4,2018,190
2019-04-10,17.15,24.5,22,1.33,0.9,3.4,2.625,8.7,5.279166666666667,0.93179328907826,-3.8374393604668904,87.45833333333333,53.5,244.0,100.0,1010.9583333333334,1004.1,0.7000000000000001,-3.0,,,,181.893437271226,0.6438816956982013,2.7227272727272727,5.55,8.7,88.13636363636364,1.210852747327573,-4.219645084368923,175.16993605340755,0.0,0,22,20.929999999999993,24.709999999999994,31.990000000000002,81.69,126.98,2.0,754.67,-8.904166666666697,1.5500000000000682,-0.8738095238094274,0.0,,,1.9249999999999998,3.9,-0.033040699919201215,-0.9994540070202577,0.08420070639432715,-0.9964488150641237,0.8149308807396949,-3.356160507341668,0.0,0.0,0.6940509915014166,0.772428884026258,100.0,0,2.9036716157670464,24.709999999999994,0.40275,95.18249999999999,0.0,0.0,2.1,100,4,2018,191
2019-04-11,7.91,11.3,14,1.12,-2.6,3.2,0.49583333333333335,12.6,9.704166666666667,-6.500368142512861,6.814182090559375,84.70833333333333,110.45833333333333,410.0,99.0,1011.6625,1004.5,-1.7750000000000001,-5.9,,,,314.48873550644413,0.9658019130359778,1.2571428571428573,10.471428571428572,12.6,84.42857142857143,-6.510683378936032,8.171751886597484,321.00361563384786,0.0,0,14,25.05999999999999,28.839999999999993,39.27,74.83000000000001,134.47,1.0,762.58,0.7041666666666515,3.179166666666788,0.4654761904762381,0.0,,,2.2708333333333335,3.3000000000000003,-0.7133882358832412,0.700769023932563,-0.6292713482222686,0.7771856729936086,-5.506353514053602,5.772180079211337,0.0,1.0,0.2742718446601943,0.7344028520499106,99.666,1,1.5025993392857147,28.839999999999993,0.42711111111111116,82.82900000000001,11.91997615293513,9.704166666666667,-2.1291666666666664,101,4,2018,192
2019-04-12,0.28,0.4,4,0.07,-4.3,5.2,0.45,7.2,4.158333333333333,-2.882166462220386,2.367884879741934,73.33333333333333,175.95833333333334,600.0,75.54166666666667,1017.3375,1015.3,-3.891666666666667,-8.7,,,,306.86419712911515,0.8855856191529305,2.9,4.25,5.1,77.0,-1.2584235236471257,3.8868939447042656,337.6714019108454,0.0,1,3,8.189999999999992,25.339999999999996,34.580000000000005,75.03999999999999,116.55,2.0,762.86,5.6749999999999545,-2.525000000000091,4.6202380952381645,0.0,,,4.341666666666667,4.3999999999999995,-0.8000596917119659,0.5999204028017002,-0.37991791292384713,0.9250202048818112,-2.1135887389616164,1.7364489118107516,0.0,2.0,0.01104972375690608,0.7327935222672063,2.0160000000000005,2,0.0470596875,25.339999999999996,0.4773055555555555,1.1900000000000002,30.70868003579874,8.316666666666666,-0.04583333333333334,102,4,2018,193
2019-04-13,0.0,0.0,0,0.0,-6.5,10.4,2.5500000000000003,6.4,3.8541666666666665,-1.5870294573667263,-0.9335770454562974,65.375,308.9166666666667,600.0,30.5,1021.6374999999999,1019.0,-3.658333333333333,-10.8,,,,249.70664459076227,0.48069437566299666,0.0,0.0,0.0,0.0,0.0,0.0,,0.6666666666666666,0,0,0.2799999999999929,8.189999999999996,34.02,72.72999999999999,107.87,2.0,762.86,4.2999999999999545,10.67916666666656,7.444642857142867,0.0,,,6.208333333333334,4.300000000000001,-0.937929162427698,-0.34682688227367403,-0.937929162427698,-0.34682688227367403,-1.0375205077534972,-0.6103259934670544,1.0,3.0,0.0,0.2407407407407406,0.0,3,0.0,4.094999999999998,0.6549722222222223,0.0,-0.0,11.5625,2.1,103,4,2018,194
2019-04-14,0.49,11.2,2,0.35,-0.2,9.1,4.675,6.2,4.070833333333334,-0.0158710267507573,-3.32352122022059,81.0,184.08333333333334,600.0,97.5,1017.7833333333333,1011.7,1.5125,-3.5,,,,184.3682218339581,0.8086889425746419,5.15,2.6,3.6,99.5,1.4464594414653242,-2.1503491374358217,148.0,0.0,1,2,0.4899999999999929,0.7699999999999965,33.39000000000001,54.46000000000001,106.82000000000001,3.0,763.35,-3.8541666666666288,6.12083333333328,2.3940476190475692,0.0,,,3.1624999999999996,3.3,-0.0761660173701237,-0.9970951498217079,0.529919264233205,-0.848048096156426,-0.012855531668113413,-2.692052188378678,0.0,4.0,0.6363636363636392,0.023060796645702195,3.038,4,0.05748159375000003,0.7699999999999965,0.5949444444444445,1.274,0.0,16.283333333333335,2.1249999999999996,104,4,2018,195
2019-04-15,4.34,10.8,11,1.68,0.7,5.8,3.9875000000000003,14.5,7.3125,-6.250364323429427,3.3236470350372276,83.875,221.70833333333334,600.0,71.83333333333333,1013.2666666666668,1008.9,1.3958333333333333,-0.7,,,,300.5978948531783,0.9486302497278001,4.890909090909091,6.736363636363635,13.5,88.0,-6.081838015024359,2.447169507697233,293.5728587821335,0.0,0,8,4.829999999999993,4.8299999999999965,33.95,54.67,109.55,3.0,767.69,-4.516666666666538,-4.070833333333212,-2.805952380952249,0.0,,,2.591666666666667,1.4,-0.8607607294919724,0.509009790244203,-0.9165522735253814,0.3999149033175113,-5.242493076276431,2.7877089506374744,0.0,5.0,0.8985507246376818,0.14226804123711329,62.93,5,0.5076587221074378,4.8299999999999965,0.5562777777777778,29.23581818181818,0.0,36.5625,-0.6874999999999996,105,4,2018,196
2019-04-16,0.0,0.0,0,0.0,-0.3,14.5,6.458333333333333,7.1,3.908333333333333,-2.7360909072238417,0.8007626649878148,60.875,315.4166666666667,600.0,22.375,1018.8916666666668,1016.1,-2.0,-6.2,,,,275.5614968857658,0.6618114411048308,0.0,0.0,0.0,0.0,0.0,0.0,,0.625,1,0,4.339999999999993,4.8299999999999965,30.17,46.41,105.49,3.0,767.69,5.625,-2.7458333333331666,2.957738095238142,0.0,,,8.458333333333332,5.9,-0.9952927515638507,0.09691407887638943,-0.9952927515638507,0.09691407887638943,-1.6655953397725136,0.48746427231133227,1.0,6.0,0.0,0.16009280742459384,0.0,6,0.0,2.4149999999999983,0.7354166666666667,0.0,-0.0,23.45,2.4708333333333328,106,4,2018,197
2019-04-17,0.0,0.1,0,0.0,6.0,12.7,9.112499999999999,7.5,4.866666666666666,-0.483635621674537,-3.4027009389992053,61.5,253.375,600.0,89.66666666666667,1015.9499999999999,1012.3,1.7458333333333333,-3.0,,,,192.81662791840077,0.6723074075127946,0.0,0.0,0.0,0.0,0.0,0.0,,0.041666666666666664,0,0,0.0,4.339999999999996,13.020000000000003,45.01,105.49,3.0,767.69,-2.9416666666668334,-1.8333333333333712,-0.6970238095238983,0.0,,,7.366666666666665,9.0,-0.22183148825591018,-0.9750850172257638,-0.22183148825591018,-0.9750850172257638,-0.29743590732984027,-2.0926610774845114,2.0,7.0,0.0,0.333333333333333,0.0,6,0.0,1.4466666666666654,0.6561388888888888,0.0,-0.0,29.199999999999996,2.654166666666666,107,4,2018,198
2019-04-18,0.0,0.0,0,0.0,2.6,16.8,8.608333333333333,5.9,3.3166666666666664,-2.935016507372809,0.4056499569916942,75.125,303.0833333333333,600.0,26.375,1012.1333333333333,1009.8,3.7624999999999997,0.8,,,,276.33151294512726,0.8908512352254209,0.0,0.0,0.0,0.0,0.0,0.0,,0.5416666666666666,0,0,0.0,0.0,5.110000000000003,44.38,105.49,3.0,767.69,-3.816666666666606,-1.1333333333334394,-4.58095238095234,0.0,,,4.845833333333333,1.8,-0.9939004507377835,0.11028097761278081,-0.9939004507377835,0.11028097761278081,-2.204931151163823,0.3047445301900103,3.0,8.0,,0.0,0.0,3,0.0,0.0,0.7858055555555555,0.0,-0.0,9.95,-0.5041666666666664,108,4,2018,199
2019-04-19,0.0,4.7,0,0.0,4.0,11.1,7.241666666666667,6.8,4.191666666666666,-2.7361946611605004,2.6259724524784285,88.125,154.125,594.0,98.20833333333333,1013.5916666666667,1011.7,5.3875,3.1,,,,305.42174175401635,0.8829209143458716,0.0,0.0,0.0,0.0,0.0,0.0,,0.0,0,0,0.0,0.0,4.830000000000003,39.41,105.49,2.0,767.69,1.4583333333333712,-5.300000000000068,-2.5874999999999773,0.0,,,1.854166666666667,0.8999999999999999,-0.8149079200054267,0.5795904432549153,-0.8149079200054267,0.5795904432549153,-2.411271545147691,2.3141382237466153,4.0,9.0,,0.0,0.0,4,0.0,0.0,0.6431666666666667,0.0,-0.0,16.766666666666666,-1.3666666666666654,109,4,2018,200
2019-04-20,0.0,0.0,0,0.0,0.4,15.7,8.0375,6.5,3.3249999999999997,-1.6374622464228457,1.675716913355676,67.125,314.9583333333333,600.0,26.416666666666668,1014.9125,1012.1,1.6583333333333332,-3.2,,,,319.75872071059996,0.6207395431626629,0.0,0.0,0.0,0.0,0.0,0.0,,0.5833333333333334,0,0,0.0,0.0,4.830000000000003,38.85,103.46,2.0,767.69,1.3208333333333258,-1.037499999999909,-0.30595238095247623,0.0,,,6.379166666666666,3.6,-0.6460078042748585,0.7633308043148632,-0.6460078042748585,0.7633308043148632,-1.0991465329113352,1.1248249780899975,5.0,10.0,,0.0,0.0,5,0.0,0.0,0.7670555555555555,0.0,-0.0,16.625,0.7958333333333325,110,4,2018,201
2019-04-21,0.0,2.2,0,0.0,7.3,16.2,11.254166666666668,3.9,2.120833333333333,-0.7806062406379054,0.0180018445341871,65.125,177.45833333333334,600.0,87.08333333333333,1012.7624999999999,1011.2,4.675,0.5,,,,259.04346646824365,0.32267690380842906,0.0,0.0,0.0,0.0,0.0,0.0,,0.0,0,0,0.0,0.0,4.340000000000003,37.73,102.62,1.0,767.69,-2.150000000000091,0.629166666666606,-1.738690476190527,0.0,,,6.579166666666668,6.8,-0.9817716549565279,-0.19006424578000067,-0.9817716549565279,-0.19006424578000067,-0.5083698142154359,0.01172370125288935,6.0,11.0,,0.0,0.0,6,0.0,0.0,0.6687222222222222,0.0,-0.0,12.724999999999998,3.2166666666666686,111,4,2018,202
2019-04-22,0.0,6.5,0,0.0,2.2,14.8,9.5625,6.0,3.8666666666666667,-2.183190115918915,2.9284312680093536,86.16666666666667,249.70833333333334,600.0,62.416666666666664,1015.7208333333333,1013.1,7.308333333333334,1.5,,,,319.43199335515214,0.9346741863540108,0.0,0.0,0.0,0.0,0.0,0.0,,0.2916666666666667,0,0,0.0,0.0,0.0,33.95,101.92,1.0,767.69,2.9583333333333712,2.129166666666606,0.869047619047592,0.0,,,2.2541666666666664,0.7000000000000002,-0.6503501467933712,0.7596345743618049,-0.6503501467933712,0.7596345743618049,-1.8811821498834653,2.5233316092680598,7.0,12.0,,,0.0,6,0.0,0.0,0.7825833333333333,0.0,-0.0,23.2,-1.6916666666666682,112,4,2018,203
2019-04-23,0.0,0.0,0,0.0,2.9,16.3,11.6,9.0,5.454166666666667,-0.2548979601426045,-4.577975598092294,73.95833333333333,307.4583333333333,600.0,66.625,1019.4666666666667,1017.4,7.004166666666666,1.5,,,,187.08725669645693,0.8085170544094182,0.0,0.0,0.0,0.0,0.0,0.0,,0.20833333333333334,0,0,0.0,0.0,0.0,30.169999999999998,99.61,0.0,767.69,3.745833333333394,4.554166666666674,4.532738095238074,0.0,,,4.595833333333333,1.4,-0.12338076655445046,-0.9923594038675888,-0.12338076655445046,-0.9923594038675888,-0.18851828302213458,-3.385794452755759,8.0,13.0,,,0.0,6,0.0,0.0,0.7848333333333333,0.0,-0.0,32.725,2.0374999999999996,113,4,2018,204
2019-04-24,0.0,20.8,0,0.0,7.9,11.9,10.283333333333333,8.6,5.554166666666667,1.7938411617033996,-4.806145529392528,93.08333333333333,87.75,295.0,100.0,1015.9,1010.1,9.141666666666667,6.6,,,,164.2244249163626,0.8984979247482344,0.0,0.0,0.0,0.0,0.0,0.0,,0.0,0,0,0.0,0.0,0.0,13.02,99.61,0.0,767.69,-3.5666666666667197,3.1375000000000455,0.9732142857143344,0.0,,,1.1416666666666657,1.3000000000000007,0.27187003339091265,-0.9623339778600899,0.27187003339091265,-0.9623339778600899,1.6697671480189142,-4.473720463609545,9.0,14.0,,,0.0,6,0.0,0.0,0.6332222222222222,0.0,-0.0,33.325,-1.3166666666666664,114,4,2018,205
2019-04-25,0.0,10.1,0,0.0,8.0,16.7,12.379166666666668,8.4,4.308333333333334,-2.195953880077883,0.6647504147784283,91.41666666666667,157.41666666666666,528.0,87.66666666666667,1005.6791666666667,1004.1,10.929166666666667,8.0,,,,287.10067403945976,0.6390257381986453,0.0,0.0,0.0,0.0,0.0,0.0,,0.0,0,0,0.0,0.0,0.0,5.109999999999999,95.27,0.0,767.69,-10.220833333333303,-10.041666666666629,-8.325595238095161,0.0,,,1.450000000000001,0.0,-0.9557895555806853,0.2940515693596549,-0.9557895555806853,0.2940515693596549,-2.0074678387045313,0.6076926708432799,10.0,15.0,,,0.0,6,0.0,0.0,0.743,0.0,-0.0,25.85,2.095833333333335,115,4,2018,206
2019-04-26,0.0,15.5,0,0.0,6.1,11.9,9.429166666666667,6.1,3.3874999999999997,-2.4107536354665697,2.1617165610884754,92.83333333333333,106.125,518.0,96.54166666666667,1004.1041666666666,1002.5,8.291666666666666,5.4,,,,303.9254227239644,0.9329280595006676,0.0,0.0,0.0,0.0,0.0,0.0,,0.0,0,0,0.0,0.0,0.0,4.829999999999999,94.71,0.0,767.69,-1.5750000000000455,-15.362500000000068,-8.545238095238119,0.0,,,1.137500000000001,0.6999999999999993,-0.829764726182537,0.5581133390120858,-0.829764726182537,0.5581133390120858,-2.237982958258132,2.0067935408771347,11.0,16.0,,,0.0,6,0.0,0.0,0.6446388888888889,0.0,-0.0,20.325,-2.950000000000001,116,4,2018,207
2019-04-27,7.63,11.7,19,0.91,-0.6,6.2,3.0375,14.5,9.758333333333333,-4.022056874988039,8.648149242766593,89.29166666666667,144.79166666666666,600.0,89.58333333333333,1013.1374999999999,1007.1,1.4291666666666665,-1.6,,,,336.537170639622,0.9771626015025141,3.5157894736842104,9.81578947368421,14.5,88.10526315789474,-3.402484549016481,9.12849427335291,341.00861448937343,0.0,0,19,7.629999999999993,7.629999999999996,7.6300000000000034,12.459999999999999,87.57000000000001,0.0,775.32,9.033333333333303,-2.7625000000000455,0.7416666666666742,0.0,,,1.6083333333333336,1.0,-0.3981540422890227,0.9173185698594088,-0.3254259909226316,0.9455675144758429,-3.59136161795807,7.722076594687004,0.0,17.0,1.0000000000000004,0.9999999999999991,100.0,0,1.0851033033240998,7.629999999999996,0.5319444444444444,74.89447368421052,18.441466255669262,0.0,-6.3916666666666675,117,4,2018,208
2019-04-28,0.0,0.0,0,0.0,-3.1,10.2,4.3500000000000005,8.7,4.2749999999999995,-1.7088813519314463,0.7085320328181531,58.458333333333336,223.91666666666666,600.0,55.541666666666664,1022.2416666666667,1020.4,-3.6291666666666664,-11.1,,,,316.0667043655637,0.29837935173324603,0.0,0.0,0.0,0.0,0.0,0.0,,0.2916666666666667,0,0,7.629999999999993,7.629999999999996,7.6300000000000034,11.969999999999999,87.50000000000001,0.0,775.32,9.104166666666742,16.5625,8.491666666666674,0.0,,,7.979166666666667,8.0,-0.6938204367151498,0.7201480414445344,-0.6938204367151498,0.7201480414445344,-0.998983556983258,0.41419601751827867,1.0,18.0,0.0,0.9999999999999991,0.0,1,0.0,3.814999999999998,0.5708055555555555,0.0,-0.0,4.2749999999999995,1.3125000000000004,118,4,2018,209
2019-04-29,0.0,0.30000000000000004,0,0.0,2.0,14.2,7.520833333333333,8.9,4.929166666666666,0.5389713744079168,-4.335603544205781,72.33333333333333,244.83333333333334,600.0,82.83333333333333,1020.6083333333332,1017.0,2.716666666666667,-2.1,,,,178.14085173945188,0.8648664522490036,0.0,0.0,0.0,0.0,0.0,0.0,,0.125,0,0,0.0,7.629999999999996,7.6300000000000034,7.629999999999999,85.19000000000001,0.0,775.32,-1.6333333333334394,16.504166666666606,6.160119047618878,0.0,,,4.804166666666666,4.1,0.032442564657413124,-0.9994736014515089,0.032442564657413124,-0.9994736014515089,0.3898559608217264,-3.136086563642181,2.0,19.0,0.0,0.9999999999999991,0.0,2,0.0,2.543333333333332,0.7198888888888888,0.0,-0.0,9.858333333333333,3.1708333333333325,119,4,2018,210
2019-04-30,0.0,27.8,0,0.0,6.6,9.0,7.833333333333333,8.3,5.704166666666667,1.025684043267753,-5.181057250554767,97.95833333333333,79.375,280.0,100.0,1013.4791666666666,1009.8,7.533333333333334,6.1,,,,169.71212124098415,0.9235530718828041,0.0,0.0,0.0,0.0,0.0,0.0,,0.0,0,0,0.0,0.0,7.6300000000000034,7.629999999999999,66.43,0.0,775.32,-7.129166666666606,0.341666666666697,-0.11369047619041339,0.0,,,0.29999999999999893,0.5,0.17859406476198536,-0.9839228425195706,0.17859406476198536,-0.9839228425195706,1.0047429940510364,-5.075277331689274,3.0,20.0,,0.0,0.0,3,0.0,0.0,0.5794444444444444,0.0,-0.0,17.1125,0.3125,120,4,2018,211
2019-05-01,0.0,2.2,0,0.0,6.7,14.9,9.595833333333333,7.1,4.245833333333334,-2.9562333038543565,1.9654088507584626,92.04166666666667,100.70833333333333,311.0,99.91666666666667,1003.6541666666667,1001.3,8.275,6.2,,,,301.62739412187534,0.8495875350272571,0.0,0.0,0.0,0.0,0.0,0.0,,0.0,0,0,0.0,0.0,7.6300000000000034,7.629999999999999,62.3,0.0,775.32,-9.824999999999932,-18.587499999999977,-8.189285714285802,0.0,,,1.3208333333333329,0.5,-0.8514763099061706,0.5243930717206045,-0.8514763099061706,0.5243930717206045,-2.720966403422614,1.8089950630522684,4.0,21.0,,0.0,0.0,4,0.0,0.0,0.7050555555555555,0.0,-0.0,16.983333333333334,1.7625000000000002,121,5,2018,212
2019-05-02,0.0,1.7,0,0.0,2.6,10.2,7.291666666666667,8.6,4.983333333333333,-4.04200837622549,2.6992845440689326,77.16666666666667,284.875,600.0,40.583333333333336,1008.6333333333333,1002.7,3.3791666666666664,-0.7,,,,303.01952493252924,0.969763665106134,0.0,0.0,0.0,0.0,0.0,0.0,,0.5416666666666666,0,0,0.0,0.0,7.6300000000000034,7.629999999999999,54.04,0.0,775.32,4.979166666666629,-11.974999999999909,-3.632142857142867,0.0,,,3.9125000000000005,3.3,-0.8384849202348295,0.5449248008108932,-0.8384849202348295,0.5449248008108932,-3.1190831303206696,2.0829479065065266,5.0,22.0,,0.0,0.0,5,0.0,0.0,0.6738055555555555,0.0,-0.0,24.916666666666668,-2.3041666666666663,122,5,2018,213
2019-05-03,0.0,0.0,0,0.0,2.3,13.5,7.9750000000000005,6.2,4.029166666666667,-3.1323998680758685,1.7237429258581907,73.54166666666667,316.4583333333333,600.0,36.833333333333336,1015.8583333333332,1013.8,3.3625000000000003,-1.2,,,,292.3287354603154,0.8773117698720445,0.0,0.0,0.0,0.0,0.0,0.0,,0.5,0,0,0.0,0.0,7.6300000000000034,7.629999999999999,52.64,0.0,775.32,7.224999999999909,2.379166666666606,1.9136904761904816,0.0,,,4.612500000000001,3.5,-0.9250192939959223,0.3799201307318229,-0.9250192939959223,0.3799201307318229,-2.303619069647462,1.2676692767248778,6.0,23.0,,0.0,0.0,6,0.0,0.0,0.7561111111111112,0.0,-0.0,24.175,0.6833333333333336,123,5,2018,214
2019-05-04,0.0,0.1,0,0.0,1.2,16.3,8.841666666666667,6.9,3.6750000000000003,-1.328125017195142,0.4178641955153542,70.75,331.0,600.0,5.458333333333333,1019.0041666666666,1017.5,3.466666666666667,-3.0,,,,292.5941439354697,0.40108559998749316,0.0,0.0,0.0,0.0,0.0,0.0,,0.875,0,0,0.0,0.0,0.0,7.629999999999999,52.01,0.0,775.32,3.1458333333333712,15.349999999999909,4.221428571428646,0.0,,,5.375,4.2,-0.9232494901962149,0.3842009615454251,-0.9232494901962149,0.3842009615454251,-0.939648449665563,0.2956389183271131,7.0,24.0,,,0.0,6,0.0,0.0,0.7898333333333333,0.0,-0.0,22.05,0.8666666666666663,124,5,2018,215
2019-05-05,0.0,0.1,0,0.0,6.4,17.0,11.466666666666667,7.9,5.0249999999999995,-1.0835664650633827,-3.4451229962615693,62.75,328.0416666666667,600.0,34.541666666666664,1020.1416666666668,1017.6,4.420833333333333,-1.8,,,,202.48766175825256,0.6790703901531839,0.0,0.0,0.0,0.0,0.0,0.0,,0.4166666666666667,0,0,0.0,0.0,0.0,7.629999999999999,47.04,0.0,775.32,1.1375000000001592,11.50833333333344,5.658928571428646,0.0,,,7.045833333333333,8.200000000000001,-0.38248447255666396,-0.923961919265643,-0.38248447255666396,-0.923961919265643,-0.6799379568272726,-2.1618146801541345,8.0,25.0,,,0.0,6,0.0,0.0,0.7611944444444445,0.0,-0.0,30.15,2.625,125,5,2018,216
2019-05-06,0.0,9.7,0,0.0,5.6,16.0,9.979166666666666,7.1,4.570833333333334,-1.160136146822293,-1.5579361649739667,82.70833333333333,267.2083333333333,600.0,77.5,1014.0083333333333,1009.6,6.9750000000000005,4.6,,,,212.59578410863702,0.4633262177603553,0.0,0.0,0.0,0.0,0.0,0.0,,0.125,0,0,0.0,0.0,0.0,7.629999999999999,46.48,0.0,775.32,-6.133333333333439,-1.849999999999909,0.4684523809522716,0.0,,,3.0041666666666655,1.0,-0.5387087949025766,-0.8424920381194196,-0.5387087949025766,-0.8424920381194196,-0.9595292714342715,-1.2885430364472183,9.0,26.0,,,0.0,6,0.0,0.0,0.7871666666666667,0.0,-0.0,27.425000000000004,-1.4875000000000007,126,5,2018,217
2019-05-07,0.21000000000000002,0.8,3,0.07,-3.1,7.3,4.6875,12.0,6.866666666666667,-3.5550576978428645,5.327014573199093,74.54166666666667,309.2916666666667,600.0,40.916666666666664,1014.475,1012.1,0.19583333333333333,-5.5,,,,326.09094008317635,0.9128132586748104,4.2,6.766666666666667,7.2,92.66666666666667,-1.2365331060563787,6.592816448302552,349.6558701729083,0.5,0,3,0.20999999999999291,0.20999999999999647,0.21000000000000357,7.839999999999999,45.57,0.0,775.53,0.466666666666697,-4.529166666666583,0.7928571428572013,0.0,,,4.491666666666666,2.4,-0.5578763480130804,0.8299240810625924,-0.179559960870053,0.9837470307209801,-2.6499992589337023,3.970845446438824,0.0,27.0,1.0000000000000169,0.9999999999999661,2.5200000000000005,0,0.027874437499999984,0.20999999999999647,0.6168888888888889,1.421,1.7888512267616774,0.0,-5.291666666666666,127,5,2018,218
2019-05-08,0.0,0.0,0,0.0,-3.2,13.1,6.016666666666667,6.2,4.029166666666667,-3.7418689336925053,-0.49728361097711543,66.95833333333333,333.9583333333333,600.0,20.583333333333332,1012.8249999999999,1010.2,0.025000000000000022,-7.9,,,,261.38979710599097,0.9320661995856869,0.0,0.0,0.0,0.0,0.0,0.0,,0.7916666666666666,0,0,0.20999999999999291,0.20999999999999647,0.21000000000000357,7.839999999999999,41.79,0.0,775.53,-1.650000000000091,-7.316666666666833,-2.167261904761972,0.0,,,5.991666666666666,4.7,-0.9887297369994665,-0.14971141296830268,-0.9887297369994665,-0.14971141296830268,-2.505493073518273,-0.3329728178500935,1.0,28.0,0.0,0.9999999999999661,0.0,1,0.0,0.10499999999999823,0.7369444444444443,0.0,-0.0,4.029166666666667,1.3291666666666666,128,5,2018,219
2019-05-09,0.0,0.0,0,0.0,6.1,17.3,11.416666666666666,7.4,3.3375,-2.3061675871686083,-0.9574958912809582,61.583333333333336,262.7916666666667,600.0,73.08333333333333,1009.7583333333333,1007.2,3.891666666666667,-0.8,,,,246.07215005092667,0.7007301969044072,0.0,0.0,0.0,0.0,0.0,0.0,,0.08333333333333333,0,0,0.0,0.20999999999999647,0.21000000000000357,7.839999999999999,38.01,0.0,775.53,-3.066666666666606,-4.25,-5.394642857142799,0.0,,,7.524999999999999,6.8999999999999995,-0.914056918726651,-0.4055859333457469,-0.914056918726651,-0.4055859333457469,-1.4202148724313346,-0.5896578863805234,2.0,29.0,0.0,0.9999999999999661,0.0,2,0.0,0.06999999999999883,0.7138055555555556,0.0,-0.0,6.675,5.3999999999999995,129,5,2018,220
2019-05-10,0.0,0.0,0,0.0,4.2,19.7,11.4125,5.6,3.2875,-2.0292683756552887,1.5902091941307386,69.70833333333333,331.8333333333333,600.0,8.833333333333334,1013.6833333333334,1011.9,5.158333333333333,1.0,,,,305.7318070868304,0.7734430068693362,0.0,0.0,0.0,0.0,0.0,0.0,,0.8333333333333334,0,0,0.0,0.0,0.21000000000000357,7.839999999999999,20.86,0.0,775.53,3.925000000000068,-0.7916666666666288,-1.1589285714286461,0.0,,,6.254166666666666,3.2,-0.8117594556460982,0.5839919401576963,-0.8117594556460982,0.5839919401576963,-1.4145691635297075,1.108508325741969,3.0,30.0,,0.0,0.0,3,0.0,0.0,0.7869166666666666,0.0,-0.0,9.8625,-0.00416666666666643,130,5,2018,221
2019-05-11,0.0,0.0,0,0.0,4.7,19.7,11.841666666666667,7.5,3.704166666666667,-2.171573211666923,2.151260517292438,69.0,276.5833333333333,600.0,52.291666666666664,1015.2833333333333,1014.2,5.429166666666667,3.1,,,,299.2764122160725,0.8191108693655169,0.0,0.0,0.0,0.0,0.0,0.0,,0.20833333333333334,0,0,0.0,0.0,0.21000000000000357,0.20999999999999913,12.95,0.0,775.53,1.599999999999909,2.4583333333333712,0.9726190476189913,0.0,,,6.4125,1.6,-0.8722706696919089,0.48902339289161695,-0.8722706696919089,0.48902339289161695,-1.498385516050177,1.4843697569317822,4.0,31.0,,0.0,0.0,4,0.0,0.0,0.7477222222222221,0.0,-0.0,14.816666666666668,0.42916666666666714,131,5,2018,222
2019-05-12,0.0,0.2,0,0.0,6.4,20.7,13.941666666666668,8.2,3.875,-1.6586586751145456,3.011952488264241,59.625,323.9583333333333,600.0,5.791666666666667,1016.2916666666666,1015.1,5.55,-1.2,,,,319.0642611898373,0.8450853645812078,0.0,0.0,0.0,0.0,0.0,0.0,,0.9166666666666666,0,0,0.0,0.0,0.21000000000000357,0.20999999999999913,12.67,0.0,775.53,1.0083333333333258,6.533333333333303,2.5309523809523853,0.0,,,8.39166666666667,7.6000000000000005,-0.6552121574051178,0.7554449210819616,-0.6552121574051178,0.7554449210819616,-0.9889752350370478,1.7958766711275538,5.0,32.0,,0.0,0.0,5,0.0,0.0,0.7480555555555556,0.0,-0.0,19.375,2.1000000000000014,132,5,2018,223
2019-05-13,0.0,0.2,0,0.0,7.1,20.1,13.875,6.6,3.0708333333333333,-1.2087765627442135,0.22318490571832406,69.04166666666667,308.0833333333333,600.0,40.166666666666664,1017.7833333333333,1016.2,7.6875,2.2,,,,306.1198748549946,0.4828443830226966,0.0,0.0,0.0,0.0,0.0,0.0,,0.4166666666666667,0,0,0.0,0.0,0.21000000000000357,0.20999999999999913,12.67,0.0,775.53,1.4916666666666742,4.099999999999909,3.4833333333333485,0.0,,,6.1875,4.8999999999999995,-0.8077854538813439,0.5894765987702237,-0.8077854538813439,0.5894765987702237,-0.8345594851946508,0.15409057865635958,6.0,33.0,,0.0,0.0,6,0.0,0.0,0.7688611111111111,0.0,-0.0,18.425,-0.0666666666666682,133,5,2018,224
2019-05-14,0.0,16.900000000000002,0,0.0,9.4,18.1,12.579166666666666,5.5,2.9499999999999997,0.33836009492078906,-1.5262058947390307,87.625,131.45833333333334,600.0,98.58333333333333,1018.0166666666668,1016.2,10.4375,6.9,,,,180.3996404796487,0.4471601822476666,0.0,0.0,0.0,0.0,0.0,0.0,,0.0,0,0,0.0,0.0,0.0,0.20999999999999913,12.18,0.0,775.53,0.23333333333346218,2.733333333333462,3.210714285714289,0.0,,,2.1416666666666657,2.5,-0.006974985636878544,-0.9999756744918175,-0.006974985636878544,-0.9999756744918175,0.2964880331743414,-1.3373379152650755,7.0,34.0,,,0.0,6,0.0,0.0,0.7130555555555556,0.0,-0.0,17.7,-1.2958333333333343,134,5,2018,225
2019-05-15,0.0,0.7000000000000001,0,0.0,9.0,18.9,13.408333333333333,7.2,3.5500000000000003,0.6539714593996685,-2.4429685953250893,82.375,243.625,600.0,87.20833333333333,1016.775,1014.9,10.0,8.5,,,,174.0463417801433,0.6460035520075028,0.0,0.0,0.0,0.0,0.0,0.0,,0.0,0,0,0.0,0.0,0.0,0.20999999999999913,7.84,0.0,775.53,-1.241666666666788,0.4833333333333485,1.4047619047619264,0.0,,,3.408333333333333,0.5,0.10372404330238653,-0.9946061144196755,0.10372404330238653,-0.9946061144196755,0.5387089896804769,-2.012395380399042,8.0,35.0,,,0.0,6,0.0,0.0,0.7703333333333333,0.0,-0.0,21.3,0.8291666666666675,135,5,2018,226
2019-05-16,0.0,0.2,0,0.0,7.5,20.4,14.129166666666668,8.7,3.8791666666666664,1.4374476635876607,-2.3845849290157295,79.75,251.625,600.0,68.75,1016.1541666666667,1014.1,10.141666666666667,7.2,,,,165.3843181990836,0.49348327025068517,0.0,0.0,0.0,0.0,0.0,0.0,,0.0,0,0,0.0,0.0,0.0,0.20999999999999913,7.84,0.0,775.53,-0.6208333333332803,-1.629166666666606,-0.12976190476194915,0.0,,,3.9875000000000007,0.2999999999999998,0.25233420988739286,-0.9676401430906559,0.25233420988739286,-0.9676401430906559,1.1463645117111596,-1.9017064808900443,9.0,36.0,,,0.0,6,0.0,0.0,0.7669166666666666,0.0,-0.0,23.275,0.720833333333335,136,5,2018,227
2019-05-17,0.0,0.30000000000000004,0,0.0,8.0,20.6,14.950000000000001,11.8,6.070833333333333,2.0442947116118506,-5.124089171604374,77.41666666666667,256.5833333333333,600.0,51.583333333333336,1019.35,1018.0,10.612499999999999,7.9,,,,166.65696113365172,0.8218271031101569,0.0,0.0,0.0,0.0,0.0,0.0,,0.16666666666666666,0,0,0.0,0.0,0.0,0.20999999999999913,7.84,0.0,775.53,3.1958333333333258,1.3333333333332575,2.256547619047751,0.0,,,4.337500000000002,0.09999999999999964,0.23078069491586142,-0.9730057917885957,0.23078069491586142,-0.9730057917885957,1.5826248225728412,-3.9668990336837195,10.0,37.0,,,0.0,6,0.0,0.0,0.7624444444444446,0.0,-0.0,36.425,0.8208333333333329,137,5,2018,228
2019-05-18,0.0,0.0,0,0.0,9.9,20.1,15.020833333333334,15.0,7.991666666666667,3.0987318356518876,-7.176595567933158,76.58333333333333,280.75,600.0,95.66666666666667,1021.9333333333334,1019.4,10.533333333333333,8.2,,,,159.4213535670099,0.9758764838709972,0.0,0.0,0.0,0.0,0.0,0.0,,0.041666666666666664,0,0,0.0,0.0,0.0,0.20999999999999913,7.84,0.0,775.53,2.5833333333333712,5.158333333333417,3.889880952380963,0.0,,,4.487500000000001,1.700000000000001,0.35149276390129136,-0.936190598609616,0.35149276390129136,-0.936190598609616,2.3731121308034036,-5.496076105775477,11.0,38.0,,,0.0,6,0.0,0.0,0.7757777777777778,0.0,-0.0,47.95,0.07083333333333286,138,5,2018,229
2019-05-19,0.0,0.0,0,0.0,9.3,20.0,14.450000000000001,14.5,8.975,4.124035024681053,-7.801845056845554,77.75,319.5,600.0,63.166666666666664,1021.1999999999999,1018.1,10.283333333333333,8.5,,,,151.79946878184705,0.9821294990355117,0.0,0.0,0.0,0.0,0.0,0.0,,0.20833333333333334,0,0,0.0,0.0,0.0,0.20999999999999913,7.84,0.0,775.53,-0.7333333333334622,5.045833333333235,2.4553571428571104,0.0,,,4.166666666666668,0.8000000000000007,0.47255893585882425,-0.8812990707699491,0.47255893585882425,-0.8812990707699491,3.2064372316895184,-6.065934531697418,12.0,39.0,,,0.0,6,0.0,0.0,0.8055,0.0,-0.0,53.849999999999994,-0.5708333333333329,139,5,2018,230
2019-05-20,0.0,1.2999999999999998,0,0.0,9.2,20.2,14.183333333333332,16.8,10.858333333333334,4.195640695740772,-9.898890433029512,79.75,300.4166666666667,600.0,73.875,1014.25,1009.0,10.370833333333334,8.4,,,,159.45184032198478,0.9882947712523066,0.0,0.0,0.0,0.0,0.0,0.0,,0.125,0,0,0.0,0.0,0.0,0.20999999999999913,7.84,0.0,775.53,-6.949999999999932,-5.100000000000023,-3.989880952380986,0.0,,,3.8124999999999982,0.7999999999999989,0.35099457252990723,-0.9363774933511312,0.35099457252990723,-0.9363774933511312,3.3460234548532655,-7.894365120341036,13.0,40.0,,,0.0,6,0.0,0.0,0.7994444444444445,0.0,-0.0,65.15,-0.26666666666666927,140,5,2018,231
2019-05-21,0.0,44.9,0,0.0,7.9,18.8,13.987499999999999,12.9,5.695833333333333,-0.850547793750353,-1.3627384361242887,89.125,161.125,600.0,92.25,1004.7416666666667,1002.7,12.049999999999999,7.2,,,,286.1958749351881,0.318762796371863,0.0,0.0,0.0,0.0,0.0,0.0,,0.0,0,0,0.0,0.0,0.0,0.0,7.84,0.0,775.53,-9.508333333333326,-17.19166666666672,-11.601785714285597,0.0,,,1.9375,0.7000000000000002,-0.9603137694214229,0.27892196804772895,-0.9603137694214229,0.27892196804772895,-0.7580507211800022,-1.2145406311957723,14.0,41.0,,,0.0,6,0.0,0.0,0.7378333333333332,0.0,-0.0,34.175,-0.19583333333333286,141,5,2018,232
2019-05-22,0.0,0.0,0,0.0,4.3,19.8,12.887500000000001,5.0,2.6625,-1.5327874585097334,1.5730784207254453,62.708333333333336,330.25,600.0,17.333333333333332,1007.0333333333333,1005.3,5.0125,1.6,,,,318.9610389374469,0.8112506919810591,0.0,0.0,0.0,0.0,0.0,0.0,,0.7083333333333334,0,0,0.0,0.0,0.0,0.0,7.84,0.0,775.53,2.2916666666666288,-14.166666666666629,-7.918452380952431,0.0,,,7.875000000000001,2.6999999999999997,-0.656572078895863,0.7542632864022779,-0.656572078895863,0.7542632864022779,-0.9611854687738121,0.9864512596632481,15.0,42.0,,,0.0,6,0.0,0.0,0.7625277777777777,0.0,-0.0,15.975000000000001,-1.0999999999999979,142,5,2018,233
2019-05-23,0.0,0.0,0,0.0,7.6,20.9,15.333333333333334,5.9,2.7458333333333336,-2.172584627844776,0.8118335047832134,56.5,338.3333333333333,600.0,2.75,1010.3708333333334,1008.8,6.016666666666667,1.0,,,,284.97747834929396,0.6903047025772556,0.0,0.0,0.0,0.0,0.0,0.0,,0.9166666666666666,0,0,0.0,0.0,0.0,0.0,7.84,0.0,775.53,3.337500000000091,-3.879166666666606,-3.7547619047618355,0.0,,,9.316666666666666,6.6,-0.9660274874669645,0.2584393419320356,-0.9660274874669645,0.2584393419320356,-1.2275103147322983,0.4586859302025155,16.0,43.0,,,0.0,6,0.0,0.0,0.7472222222222222,0.0,-0.0,16.475,2.445833333333333,143,5,2018,234
2019-05-24,0.0,0.0,0,0.0,8.8,20.6,16.045833333333334,9.5,4.266666666666667,-2.9149754671115296,2.3255422649578232,56.5,337.8333333333333,600.0,1.9166666666666667,1013.1666666666666,1011.1,6.858333333333333,3.9,,,,302.1833448214388,0.8217753475137869,0.0,0.0,0.0,0.0,0.0,0.0,,0.9583333333333334,0,0,0.0,0.0,0.0,0.0,7.84,0.0,775.53,2.795833333333235,8.424999999999955,-0.07559523809527491,0.0,,,9.1875,4.9,-0.8463480309548878,0.5326302756122527,-0.8463480309548878,0.5326302756122527,-1.646961138918014,1.31393137970117,17.0,44.0,,,0.0,6,0.0,0.0,0.7468888888888889,0.0,-0.0,25.6,0.7125000000000004,144,5,2018,235
2019-05-25,0.0,0.0,0,0.0,8.8,25.9,18.316666666666666,6.0,3.8833333333333333,-0.9056059195433925,-0.9744194456692749,62.166666666666664,336.875,600.0,5.625,1018.1541666666667,1015.9,10.404166666666667,2.6,,,,214.15791203041624,0.32854466448361797,0.0,0.0,0.0,0.0,0.0,0.0,,0.9166666666666666,0,0,0.0,0.0,0.0,0.0,7.84,0.0,775.53,4.987500000000068,11.120833333333394,5.451785714285734,0.0,,,7.9125,6.200000000000001,-0.5614756746652012,-0.8274932427272486,-0.5614756746652012,-0.8274932427272486,-0.5629850133161424,-0.6057640887243992,18.0,45.0,,,0.0,6,0.0,0.0,0.7651388888888889,0.0,-0.0,23.3,2.270833333333332,145,5,2018,236
2019-05-26,0.0,0.0,0,0.0,12.7,27.6,20.170833333333334,5.3,3.358333333333333,-1.1852043780676087,-0.1005053234948559,69.16666666666667,296.5416666666667,600.0,82.08333333333333,1020.0749999999999,1018.6,13.604166666666666,8.8,,,,260.91909471023945,0.2936595546623588,0.0,0.0,0.0,0.0,0.0,0.0,,0.08333333333333333,0,0,0.0,0.0,0.0,0.0,7.84,0.0,775.53,1.9208333333332348,9.704166666666538,7.533333333333189,0.0,,,6.566666666666668,3.8999999999999986,-0.9874664605533058,-0.15782898745897941,-0.9874664605533058,-0.15782898745897941,-0.8197663614967626,-0.069516182083942,19.0,46.0,,,0.0,6,0.0,0.0,0.7615833333333334,0.0,-0.0,20.15,1.8541666666666679,146,5,2018,237
2019-05-27,0.0,0.0,0,0.0,13.0,27.0,20.345833333333335,11.5,5.9624999999999995,1.3914862845786045,-4.055177028896597,65.54166666666667,294.875,600.0,78.625,1015.8916666666668,1012.0,13.125,10.4,,,,177.98378611069472,0.5805057518574631,0.0,0.0,0.0,0.0,0.0,0.0,,0.16666666666666666,0,0,0.0,0.0,0.0,0.0,0.21000000000000002,0.0,775.53,-4.183333333333167,2.7250000000001364,3.115476190476329,0.0,,,7.220833333333335,2.5999999999999996,0.03518230866699037,-0.9993809109427999,0.03518230866699037,-0.9993809109427999,0.9120033023508937,-2.6578306110226446,20.0,47.0,,,0.0,6,0.0,0.0,0.748388888888889,0.0,-0.0,35.775,0.1750000000000007,147,5,2018,238
2019-05-28,0.0,8.1,0,0.0,14.9,19.7,17.066666666666666,6.5,3.9625,1.7823879490083911,-3.1075116794149213,88.70833333333333,116.125,471.0,98.75,1009.225,1007.2,15.120833333333332,12.0,,,,151.24722363445355,0.8523364095793953,0.0,0.0,0.0,0.0,0.0,0.0,,0.0,0,0,0.0,0.0,0.0,0.0,0.21000000000000002,0.0,775.53,-6.6666666666667425,-8.929166666666674,-4.19166666666672,0.0,,,1.9458333333333346,2.9000000000000004,0.48103125165761657,-0.8767034475401057,0.48103125165761657,-0.8767034475401057,1.581126643099527,-2.756621818947653,21.0,48.0,,,0.0,6,0.0,0.0,0.7064444444444445,0.0,-0.0,23.775,-3.2791666666666686,148,5,2018,239
2019-05-29,0.0,3.1,0,0.0,7.1,17.4,13.704166666666666,11.1,6.404166666666666,-4.451045951201828,3.872947636021643,73.20833333333333,327.3333333333333,600.0,35.833333333333336,1007.3291666666668,1005.1,8.424999999999999,3.6,,,,319.776476689519,0.8752742643047609,0.0,0.0,0.0,0.0,0.0,0.0,,0.5416666666666666,0,0,0.0,0.0,0.0,0.0,0.21000000000000002,0.0,775.53,-1.8958333333332575,-12.745833333333167,-6.129761904761722,0.0,,,5.279166666666667,3.4999999999999996,-0.6457712168172186,0.7635309656657081,-0.6457712168172186,0.7635309656657081,-3.2585365567756712,2.8353204152041775,22.0,49.0,,,0.0,6,0.0,0.0,0.7955833333333332,0.0,-0.0,38.425,-3.3625000000000007,149,5,2018,240
2019-05-30,0.0,0.0,0,0.0,5.2,21.1,13.9625,7.2,3.5666666666666664,0.2991838936966904,-2.1158665753541377,61.291666666666664,340.7083333333333,600.0,39.958333333333336,1012.9,1011.8,6.041666666666667,0.4,,,,174.00981304625532,0.5046008755892094,0.0,0.0,0.0,0.0,0.0,0.0,,0.5416666666666666,0,0,0.0,0.0,0.0,0.0,0.21000000000000002,0.0,775.53,5.570833333333212,-2.991666666666788,-0.9202380952381191,0.0,,,7.920833333333333,4.8,0.10435813000339106,-0.9945397833682649,0.10435813000339106,-0.9945397833682649,0.1833747948449298,-1.2968498884774735,23.0,50.0,,,0.0,6,0.0,0.0,0.7647777777777778,0.0,-0.0,21.4,0.25833333333333464,150,5,2018,241
2019-05-31,0.0,4.5,0,0.0,11.0,16.7,14.158333333333333,5.5,2.983333333333333,1.122878844875383,-1.59967932467769,82.75,96.0,301.0,96.08333333333333,1012.1833333333334,1010.4,11.220833333333333,7.8,,,,143.86175915376364,0.5429084549879681,0.0,0.0,0.0,0.0,0.0,0.0,,0.0,0,0,0.0,0.0,0.0,0.0,0.21000000000000002,0.0,775.53,-0.7166666666665833,2.9583333333333712,-1.4964285714286234,0.0,,,2.9375,3.2,0.5897355016993857,-0.8075964574187865,0.5897355016993857,-0.8075964574187865,0.9291822441343794,-1.3237346411707884,24.0,51.0,,,0.0,6,0.0,0.0,0.6731666666666666,0.0,-0.0,17.9,0.19583333333333286,151,5,2018,242
2019-06-01,0.0,0.1,0,0.0,11.5,21.8,16.329166666666666,4.2,2.341666666666667,-1.420636805665125,0.04880721068383919,73.45833333333333,297.875,600.0,84.04166666666667,1010.6875,1008.5,10.979166666666666,7.7,,,,265.423073295962,0.5219620138875053,0.0,0.0,0.0,0.0,0.0,0.0,,0.041666666666666664,0,0,0.0,0.0,0.0,0.0,0.21000000000000002,0.0,775.53,-1.495833333333394,3.358333333333235,-1.9255952380952976,0.0,,,5.35,3.8,-0.9968110941374346,-0.07979751001460166,-0.9968110941374346,-0.07979751001460166,-1.0435761201615064,0.03585296351483687,25.0,52.0,,,0.0,6,0.0,0.0,0.7767777777777778,0.0,-0.0,14.05,2.1708333333333325,152,6,2018,243
2019-06-02,0.0,0.0,0,0.0,11.2,19.9,16.191666666666666,8.7,4.458333333333333,2.1677230852498632,-2.5761031368870593,79.45833333333333,198.95833333333334,600.0,90.91666666666667,1012.1916666666666,1010.8,12.529166666666667,9.4,,,,154.26490324850982,0.491279529569969,0.0,0.0,0.0,0.0,0.0,0.0,,0.0,0,0,0.0,0.0,0.0,0.0,0.21000000000000002,0.0,775.53,1.504166666666606,-0.7083333333333712,0.7047619047617673,0.0,,,3.6624999999999996,1.799999999999999,0.4342109614105727,-0.9008112127360017,0.4342109614105727,-0.9008112127360017,1.7224366348214537,-2.0469286175181756,26.0,53.0,,,0.0,6,0.0,0.0,0.7308333333333333,0.0,-0.0,26.75,-0.1374999999999993,153,6,2018,244
2019-06-03,0.0,0.9,0,0.0,10.0,22.9,17.462500000000002,8.3,3.8541666666666665,-0.011941426588554682,-2.0309321856053586,79.125,303.3333333333333,600.0,31.375,1011.3791666666666,1009.7,13.458333333333334,8.9,,,,204.37361150856228,0.28465902489638,0.0,0.0,0.0,0.0,0.0,0.0,,0.375,0,0,0.0,0.0,0.0,0.0,0.21000000000000002,0.0,775.53,-0.8125,-0.8041666666667879,0.5369047619045659,0.0,,,4.004166666666668,1.0999999999999996,-0.4126849560395221,-0.9108738260915491,-0.4126849560395221,-0.9108738260915491,-0.009448653788193893,-1.6069750918602401,27.0,54.0,,,0.0,6,0.0,0.0,0.7993055555555554,0.0,-0.0,23.125,1.2708333333333357,154,6,2018,245
2019-06-04,0.0,0.2,0,0.0,12.4,24.1,18.833333333333332,7.6,3.2375000000000003,0.7001278892506368,-1.723916370143406,73.79166666666667,300.5,600.0,71.75,1013.1041666666666,1011.1,13.637500000000001,10.8,,,,167.7502622161368,0.4052101897338626,0.0,0.0,0.0,0.0,0.0,0.0,,0.041666666666666664,0,0,0.0,0.0,0.0,0.0,0.21000000000000002,0.0,775.53,1.7250000000000227,2.4166666666666288,1.7077380952381418,0.0,,,5.195833333333331,1.5999999999999996,0.2121731998219222,-0.9772320774909748,0.2121731998219222,-0.9772320774909748,0.5166360382761992,-1.2721066214683219,28.0,55.0,,,0.0,6,0.0,0.0,0.7796388888888889,0.0,-0.0,19.425,1.37083333333333,155,6,2018,246
2019-06-05,0.0,11.2,0,0.0,13.5,22.7,18.025000000000002,6.6,2.733333333333333,-0.6312300870639934,-0.10776714665005323,84.20833333333333,219.625,600.0,78.75,1012.4333333333334,1010.8,15.241666666666667,12.0,,,,269.8810531328759,0.2849741683751146,0.0,0.0,0.0,0.0,0.0,0.0,,0.08333333333333333,0,0,0.0,0.0,0.0,0.0,0.21000000000000002,0.0,775.53,-0.6708333333332348,0.24166666666678793,0.30773809523816453,0.0,,,2.783333333333335,1.5,-0.9999978450827419,-0.002076012975035224,-0.9999978450827419,-0.002076012975035224,-0.5315483358151378,-0.09074891807489899,29.0,56.0,,,0.0,6,0.0,0.0,0.7604444444444445,0.0,-0.0,16.4,-0.80833333333333,156,6,2018,247
2019-06-06,0.0,0.0,0,0.0,12.3,23.0,18.041666666666668,10.6,5.195833333333334,-3.0748281244000437,2.994066575739018,77.04166666666667,322.4166666666667,600.0,71.20833333333333,1014.3208333333333,1012.4,13.179166666666667,7.9,,,,306.8354673622705,0.7790587565791931,0.0,0.0,0.0,0.0,0.0,0.0,,0.08333333333333333,0,0,0.0,0.0,0.0,0.0,0.0,0.0,775.53,1.8874999999999318,2.9416666666667197,1.9922619047620174,0.0,,,4.862500000000001,4.4,-0.8003604086219478,0.5995191542482264,-0.8003604086219478,0.5995191542482264,-2.3688988341732005,2.306678791058935,30.0,57.0,,,0.0,6,0.0,0.0,0.8050833333333335,0.0,-0.0,31.175000000000004,0.01666666666666572,157,6,2018,248
2019-06-07,0.0,21.4,0,0.0,13.7,17.3,15.279166666666667,11.1,4.2,0.286315920852339,-2.4785297956567547,91.0,79.375,436.0,97.16666666666667,1009.4250000000001,1001.6,13.745833333333332,13.0,,,,198.78227223044198,0.4297193087654804,0.0,0.0,0.0,0.0,0.0,0.0,,0.0,0,0,0.0,0.0,0.0,0.0,0.0,0.0,775.53,-4.8958333333332575,-3.6791666666665606,-2.509523809523671,0.0,,,1.533333333333335,0.6999999999999993,-0.32197277900452886,-0.9467489263686021,-0.32197277900452886,-0.9467489263686021,0.2605474879756285,-2.255462114047647,31.0,58.0,,,0.0,6,0.0,0.0,0.6895833333333333,0.0,-0.0,25.200000000000003,-2.762500000000001,158,6,2018,249
2019-06-08,0.0,10.7,0,0.0,13.2,19.1,16.599999999999998,12.0,5.2124999999999995,-1.7550561324274623,4.745661442679275,91.08333333333333,163.83333333333334,600.0,79.625,1003.2541666666666,1000.0,15.066666666666668,13.0,,,,330.97802846399696,0.9199248461613501,0.0,0.0,0.0,0.0,0.0,0.0,,0.041666666666666664,0,0,0.0,0.0,0.0,0.0,0.0,0.0,775.53,-6.170833333333462,-9.179166666666788,-7.6184523809523625,0.0,,,1.5333333333333297,0.1999999999999993,-0.4851449799479261,0.8744337301541646,-0.4851449799479261,0.8744337301541646,-1.5985636272860133,4.322506630707039,32.0,59.0,,,0.0,6,0.0,0.0,0.7461666666666665,0.0,-0.0,31.275,1.320833333333331,159,6,2018,250
2019-06-09,0.0,8.9,0,0.0,11.3,18.3,14.691666666666668,11.0,5.954166666666667,2.2409125167809627,-4.331180892224062,89.08333333333333,180.54166666666666,600.0,96.29166666666667,1008.1,1007.0,12.7875,9.5,,,,164.7175751422401,0.6015152661906565,0.0,0.0,0.0,0.0,0.0,0.0,,0.0,0,0,0.0,0.0,0.0,0.0,0.0,0.0,775.53,4.845833333333417,-6.220833333333303,-2.1880952380952294,0.0,,,1.9041666666666686,1.8000000000000007,0.26357716525998026,-0.9646383145788442,0.26357716525998026,-0.9646383145788442,1.9962795670323743,-3.8583603114896023,33.0,60.0,,,0.0,6,0.0,0.0,0.7506388888888887,0.0,-0.0,35.725,-1.9083333333333297,160,6,2018,251
2019-06-10,0.0,23.5,0,0.0,9.4,17.0,13.595833333333333,9.5,6.008333333333333,0.2578511170357325,-5.642186070514463,97.91666666666667,98.41666666666667,576.0,90.70833333333333,1006.8000000000001,1005.7,13.262500000000001,9.0,,,,180.8133975151308,0.9349970133258465,0.0,0.0,0.0,0.0,0.0,0.0,,0.0,0,0,0.0,0.0,0.0,0.0,0.0,0.0,775.53,-1.2999999999999545,-2.625,-2.833928571428487,0.0,,,0.33333333333333215,0.40000000000000036,-0.014195987913044867,-0.99989923188648,-0.014195987913044867,-0.99989923188648,0.25247921876415474,-5.524640527378746,34.0,61.0,,,0.0,6,0.0,0.0,0.7253333333333334,0.0,-0.0,36.05,-1.095833333333335,161,6,2018,252
2019-06-11,0.0,18.8,0,0.0,11.3,19.0,14.475,6.9,3.220833333333333,-0.023455409681384005,-1.6176221791961958,89.54166666666667,181.875,549.0,65.54166666666667,1007.0416666666666,1005.4,12.733333333333334,8.8,,,,171.7365423115102,0.32011115604547574,0.0,0.0,0.0,0.0,0.0,0.0,,0.0,0,0,0.0,0.0,0.0,0.0,0.0,0.0,775.53,0.24166666666656056,3.7875000000000227,-1.7261904761904816,0.0,,,1.7416666666666654,2.5,0.14372506831237783,-0.9896176558341117,0.14372506831237783,-0.9896176558341117,-0.02100236475220593,-1.448445859621927,35.0,62.0,,,0.0,6,0.0,0.0,0.7530555555555556,0.0,-0.0,19.325,0.8791666666666664,162,6,2018,253
2019-06-12,0.0,4.9,0,0.0,10.4,19.3,15.104166666666666,6.6,3.8958333333333335,0.11816068722133172,2.2129851627572505,85.0,265.2916666666667,600.0,57.875,1008.775,1007.4,12.341666666666667,9.8,,,,356.1809095089689,0.4411509666058942,0.0,0.0,0.0,0.0,0.0,0.0,,0.08333333333333333,0,0,0.0,0.0,0.0,0.0,0.0,0.0,775.53,1.7333333333333485,0.6749999999999545,0.5297619047618127,0.0,,,2.7624999999999993,0.5999999999999996,-0.06660635610639289,0.9977793309776608,-0.06660635610639289,0.9977793309776608,0.10043658413813196,1.8810373883436629,36.0,63.0,,,0.0,6,0.0,0.0,0.7935277777777778,0.0,-0.0,23.375,0.6291666666666664,163,6,2018,254
2019-06-13,0.0,0.0,0,0.0,8.1,23.1,16.595833333333335,5.8,3.1750000000000003,-0.04743729375414857,-1.0527092936542635,72.83333333333333,354.125,600.0,16.833333333333332,1012.875,1011.5,11.208333333333334,6.5,,,,199.98807552690582,0.2684632936207914,0.0,0.0,0.0,0.0,0.0,0.0,,0.8333333333333334,0,0,0.0,0.0,0.0,0.0,0.0,0.0,775.53,4.100000000000023,6.074999999999932,4.836309523809405,0.0,,,5.387500000000001,1.5999999999999996,-0.3418245658539993,-0.9397637821169343,-0.3418245658539993,-0.9397637821169343,-0.03455016228427154,-0.7667232688781885,37.0,64.0,,,0.0,6,0.0,0.0,0.8121944444444443,0.0,-0.0,19.05,1.491666666666669,164,6,2018,255
2019-06-14,0.0,0.2,0,0.0,14.1,23.1,17.754166666666666,15.3,7.9375,2.1408766737854017,-6.6913298713521305,78.16666666666667,314.0416666666667,600.0,66.08333333333333,1012.9666666666667,1010.6,13.633333333333333,11.3,,,,175.64640425173516,0.7712932682939593,0.0,0.0,0.0,0.0,0.0,0.0,,0.2916666666666667,0,0,0.0,0.0,0.0,0.0,0.0,0.0,775.53,0.09166666666669698,5.925000000000068,4.422023809523807,0.0,,,4.120833333333334,2.799999999999999,0.07591148307004443,-0.9971145604884658,0.07591148307004443,-0.9971145604884658,1.6734519333422557,-5.230389516106916,38.0,65.0,,,0.0,6,0.0,0.0,0.8032499999999999,0.0,-0.0,47.625,1.1583333333333314,165,6,2018,256
2019-06-15,0.0,15.1,0,0.0,12.2,14.8,13.525,13.6,8.887500000000001,-1.1606168034323112,-8.259448007060522,95.70833333333333,116.91666666666667,463.0,100.0,1001.8874999999999,991.0,12.833333333333334,11.2,,,,187.57964253755335,0.9194462427538467,0.0,0.0,0.0,0.0,0.0,0.0,,0.0,0,0,0.0,0.0,0.0,0.0,0.0,0.0,775.53,-11.079166666666765,-6.8875000000000455,-6.4619047619048615,0.0,,,0.6916666666666664,1.0,-0.13190419832961608,-0.991262469007589,-0.13190419832961608,-0.991262469007589,-1.1108069989516745,-7.904980030090841,39.0,66.0,,,0.0,6,0.0,0.0,0.7258611111111111,0.0,-0.0,53.325,-4.229166666666666,166,6,2018,257
2019-06-16,0.0,55.5,0,0.0,11.9,16.7,14.229166666666666,6.8,4.233333333333333,1.3903889344728986,0.5728746893860476,98.25,75.16666666666667,240.0,99.375,994.4791666666666,988.0,13.950000000000001,11.8,,,,53.21481119704547,0.33565318409773626,0.0,0.0,0.0,0.0,0.0,0.0,,0.0,0,0,0.0,0.0,0.0,0.0,0.0,0.0,775.53,-7.408333333333303,-18.39583333333337,-11.924404761904725,0.0,,,0.279166666666665,0.09999999999999964,0.8008861942817359,0.5988165861170828,0.8008861942817359,0.5988165861170828,1.366057128119623,0.5628493823217917,40.0,67.0,,,0.0,6,0.0,0.0,0.7109444444444445,0.0,-0.0,25.4,0.7041666666666657,167,6,2018,258
2019-06-17,0.0,2.3,0,0.0,11.3,19.8,14.629166666666668,9.2,5.229166666666667,-2.893134111985652,4.0229773084708755,84.75,256.7083333333333,600.0,73.58333333333333,1011.5375,1006.3,11.858333333333334,10.4,,,,328.77588160572066,0.8139649006750678,0.0,0.0,0.0,0.0,0.0,0.0,,0.08333333333333333,0,0,0.0,0.0,0.0,0.0,0.0,0.0,775.53,17.058333333333394,-1.4291666666666742,4.457142857142912,0.0,,,2.770833333333334,0.9000000000000004,-0.5183870251090804,0.8551461233020691,-0.5183870251090804,0.8551461233020691,-2.45193115990784,3.4094732689290668,41.0,68.0,,,0.0,6,0.0,0.0,0.7869722222222223,0.0,-0.0,31.375,0.40000000000000213,168,6,2018,259
2019-06-18,0.0,2.4,0,0.0,9.9,21.5,16.408333333333335,7.1,3.2083333333333335,-0.7733487646702816,-1.9195323458826579,80.58333333333333,261.7916666666667,600.0,78.25,1013.15,1011.1,12.841666666666667,8.8,,,,208.81476643654653,0.6029787688479213,0.0,0.0,0.0,0.0,0.0,0.0,,0.0,0,0,0.0,0.0,0.0,0.0,0.0,0.0,775.53,1.6124999999999545,11.262500000000045,5.197023809523785,0.0,,,3.566666666666668,1.0999999999999996,-0.481979502430784,-0.8761824919710356,-0.481979502430784,-0.8761824919710356,-0.6231902128634685,-1.5468231487237751,42.0,69.0,,,0.0,6,0.0,0.0,0.7764722222222221,0.0,-0.0,19.25,1.7791666666666668,169,6,2018,260
2019-06-19,0.0,13.5,0,0.0,11.3,21.9,17.133333333333333,3.9,2.158333333333333,-0.10388637643370002,-0.6574889808344393,89.45833333333333,246.25,600.0,68.5,1009.1958333333333,1006.8,15.279166666666667,11.0,,,,178.09348281571295,0.2195936674530122,0.0,0.0,0.0,0.0,0.0,0.0,,0.08333333333333333,0,0,0.0,0.0,0.0,0.0,0.0,0.0,775.53,-3.9541666666666515,14.716666666666697,1.1827380952381645,0.0,,,1.854166666666666,0.3000000000000007,0.03326886196164925,-0.9994464381965532,0.03326886196164925,-0.9994464381965532,-0.09293502091798081,-0.5881786841048088,43.0,70.0,,,0.0,6,0.0,0.0,0.7956944444444444,0.0,-0.0,12.95,0.7249999999999979,170,6,2018,261
2019-06-20,0.0,3.9,0,0.0,12.7,22.6,17.7625,4.7,2.404166666666667,-0.08840985858893798,-0.02437078252408963,87.95833333333333,253.375,600.0,61.333333333333336,1008.0375,1006.6,15.508333333333333,12.4,,,,322.0577132591335,0.11903429863161498,0.0,0.0,0.0,0.0,0.0,0.0,,0.125,0,0,0.0,0.0,0.0,0.0,0.0,0.0,775.53,-1.158333333333303,-3.5,0.7154761904762381,0.0,,,2.2541666666666664,0.29999999999999893,-0.6148674106164955,0.7886305011612003,-0.6148674106164955,0.7886305011612003,-0.07776383811718669,-0.021436134128480503,44.0,71.0,,,0.0,6,0.0,0.0,0.7954444444444445,0.0,-0.0,14.425,0.6291666666666664,171,6,2018,262
2019-06-21,0.0,2.3000000000000003,0,0.0,13.2,22.8,18.037499999999998,8.4,3.5708333333333333,0.5204850235378848,-2.237408434355355,87.33333333333333,239.04166666666666,600.0,94.41666666666667,1010.4541666666668,1009.1,15.6875,13.1,,,,193.34785202337545,0.4616617810014274,0.0,0.0,0.0,0.0,0.0,0.0,,0.0,0,0,0.0,0.0,0.0,0.0,0.0,0.0,775.53,2.4166666666667425,-2.695833333333212,3.4910714285715585,0.0,,,2.349999999999998,0.09999999999999964,-0.23086243187873345,-0.9729864015221575,-0.23086243187873345,-0.9729864015221575,0.4545569205564194,-1.9540033660036766,45.0,72.0,,,0.0,6,0.0,0.0,0.7838055555555554,0.0,-0.0,21.425,0.2749999999999986,172,6,2018,263
2019-06-22,0.0,9.4,0,0.0,14.5,20.4,17.816666666666666,5.5,3.525,0.3799063010025591,-1.3939645185305232,90.29166666666667,152.58333333333334,496.0,69.875,1006.8458333333333,1004.6,16.150000000000002,14.4,,,,162.2912474678968,0.32288120085162686,0.0,0.0,0.0,0.0,0.0,0.0,,0.0,0,0,0.0,0.0,0.0,0.0,0.0,0.0,775.53,-3.608333333333462,-2.3500000000000227,-0.8255952380952749,0.0,,,1.6666666666666643,0.09999999999999964,0.30417858642464973,-0.9526150258948795,0.30417858642464973,-0.9526150258948795,0.343023730946894,-1.258633796523185,46.0,73.0,,,0.0,6,0.0,0.0,0.7360277777777777,0.0,-0.0,21.15,-0.22083333333333144,173,6,2018,264
2019-06-23,0.0,16.2,0,0.0,11.6,21.3,16.712500000000002,6.6,3.8874999999999997,0.47576255680987406,-0.3030414469654919,93.125,199.66666666666666,600.0,67.41666666666667,1006.6666666666666,1005.2,15.529166666666667,11.2,,,,124.56865598365003,0.17790520800845777,0.0,0.0,0.0,0.0,0.0,0.0,,0.20833333333333334,0,0,0.0,0.0,0.0,0.0,0.0,0.0,775.53,-0.17916666666667425,-1.370833333333394,-2.745833333333394,0.0,,,1.1833333333333353,0.40000000000000036,0.8234468878389586,-0.567393358181371,0.8234468878389586,-0.567393358181371,0.44305388102919524,-0.2822073474866143,47.0,74.0,,,0.0,6,0.0,0.0,0.7768611111111111,0.0,-0.0,23.325,-1.1041666666666643,174,6,2018,265
2019-06-24,0.0,28.6,0,0.0,13.6,19.0,16.295833333333334,5.4,3.1166666666666667,0.3332843968951215,-1.6927929990657056,94.5,146.91666666666666,542.0,82.70833333333333,1011.6625,1008.7,15.379166666666668,13.4,,,,169.70871594015875,0.44155383308417034,0.0,0.0,0.0,0.0,0.0,0.0,,0.0,0,0,0.0,0.0,0.0,0.0,0.0,0.0,775.53,4.995833333333394,1.2083333333332575,2.2321428571428896,0.0,,,0.9166666666666661,0.1999999999999993,0.17865254263280686,-0.9839122262736819,0.17865254263280686,-0.9839122262736819,0.3149537550658898,-1.5996893841170918,48.0,75.0,,,0.0,6,0.0,0.0,0.7462777777777778,0.0,-0.0,18.7,-0.41666666666666785,175,6,2018,266
2019-06-25,0.0,0.0,0,0.0,11.1,23.7,17.929166666666667,5.9,3.6999999999999997,0.7932439665115919,-1.8982710818777002,80.58333333333333,323.2083333333333,600.0,40.041666666666664,1017.6416666666668,1016.3,14.15,10.7,,,,172.94592079880698,0.4460497765747109,0.0,0.0,0.0,0.0,0.0,0.0,,0.25,0,0,0.0,0.0,0.0,0.0,0.0,0.0,775.53,5.9791666666667425,10.795833333333462,7.569642857142981,0.0,,,3.779166666666667,0.40000000000000036,0.12280611370854293,-0.9924306819298789,0.12280611370854293,-0.9924306819298789,0.6392224296805911,-1.52969011347978,49.0,76.0,,,0.0,6,0.0,0.0,0.8174166666666666,0.0,-0.0,22.2,1.6333333333333329,176,6,2018,267
2019-06-26,0.0,0.0,0,0.0,15.0,25.4,20.208333333333332,8.7,3.725,0.6748377105827711,-2.2323466595894828,81.375,327.7916666666667,600.0,76.5,1016.7041666666668,1014.0,16.570833333333333,13.7,,,,186.9818665409413,0.4325784288810075,0.0,0.0,0.0,0.0,0.0,0.0,,0.125,0,0,0.0,0.0,0.0,0.0,0.0,0.0,775.53,-0.9375,10.037500000000136,5.559523809523853,0.0,,,3.6374999999999993,1.3000000000000007,-0.12155520779929302,-0.9925846721851344,-0.12155520779929302,-0.9925846721851344,0.54914918698673,-1.8165720942409416,50.0,77.0,,,0.0,6,0.0,0.0,0.823111111111111,0.0,-0.0,22.35,2.279166666666665,177,6,2018,268
2019-06-27,0.0,19.8,0,0.0,16.4,22.0,19.650000000000002,9.2,5.2749999999999995,2.579900535231474,-3.5621244408110004,92.5,91.08333333333333,323.0,99.16666666666667,1009.9541666666668,1003.9,18.358333333333334,15.1,,,,158.17002294510536,0.7331420718867093,0.0,0.0,0.0,0.0,0.0,0.0,,0.0,0,0,0.0,0.0,0.0,0.0,0.0,0.0,775.53,-6.75,-1.7083333333332575,-1.4642857142856656,0.0,,,1.2916666666666679,1.299999999999999,0.37185356691320465,-0.9282914007863732,0.37185356691320465,-0.9282914007863732,2.3864079950891135,-3.2949651077501754,51.0,78.0,,,0.0,6,0.0,0.0,0.7023888888888888,0.0,-0.0,31.65,-0.55833333333333,178,6,2018,269
2019-06-28,0.0,31.7,0,0.0,17.7,24.7,21.224999999999998,5.2,2.4583333333333335,-1.3049675189526275,-0.5300952975053855,92.04166666666667,170.66666666666666,585.0,82.875,1003.7708333333334,1002.4,19.808333333333334,17.5,,,,248.21392700936605,0.5533930632000991,0.0,0.0,0.0,0.0,0.0,0.0,,0.08333333333333333,0,0,0.0,0.0,0.0,0.0,0.0,0.0,775.53,-6.183333333333394,-13.870833333333394,-6.692857142857292,0.0,,,1.4166666666666643,0.1999999999999993,-0.9285760686357186,-0.37114213551823133,-0.9285760686357186,-0.37114213551823133,-1.2011138539026476,-0.487908546745582,52.0,79.0,,,0.0,6,0.0,0.0,0.7539166666666667,0.0,-0.0,14.75,1.5749999999999957,179,6,2018,270
2019-06-29,0.0,15.600000000000001,0,0.0,18.0,23.9,20.641666666666666,5.7,3.0583333333333336,0.7839110063851508,-2.3078012442638234,93.75,118.20833333333333,502.0,99.41666666666667,1004.5375,1003.2,19.5625,17.0,,,,168.05828795857414,0.70754477363426,0.0,0.0,0.0,0.0,0.0,0.0,,0.0,0,0,0.0,0.0,0.0,0.0,0.0,0.0,775.53,0.7666666666666515,-12.166666666666742,-5.5964285714285325,0.0,,,1.0791666666666657,1.0,0.20691649742334853,-0.9783586065927224,0.20691649742334853,-0.9783586065927224,0.7349165684860789,-2.1635636664973346,53.0,80.0,,,0.0,6,0.0,0.0,0.7246388888888889,0.0,-0.0,18.35,-0.5833333333333321,180,6,2018,271
2019-06-30,0.0,55.699999999999996,0,0.0,18.3,25.9,21.47083333333333,5.5,3.8333333333333335,0.45333442037798216,-1.2679818222833548,97.125,122.375,548.0,95.91666666666667,1000.9166666666666,998.3,20.974999999999998,18.3,,,,175.34179207531844,0.34026261626814897,0.0,0.0,0.0,0.0,0.0,0.0,,0.0,0,0,0.0,0.0,0.0,0.0,0.0,0.0,775.53,-3.620833333333394,-9.037500000000136,-8.395833333333485,0.0,,,0.49583333333333357,0.0,0.08121153030313677,-0.9966968883997896,0.08121153030313677,-0.9966968883997896,0.44030105579211515,-1.2315273448927082,54.0,81.0,,,0.0,6,0.0,0.0,0.7386666666666667,0.0,-0.0,23.0,0.8291666666666657,181,6,2018,272
2019-07-01,0.0,0.6000000000000001,0,0.0,16.9,25.7,20.754166666666666,4.6,2.7458333333333336,-1.265263459485064,0.03287878091768304,86.5,238.79166666666666,600.0,80.25,1006.3666666666667,1004.9,18.204166666666666,16.6,,,,275.2591596229803,0.32240996378164677,0.0,0.0,0.0,0.0,0.0,0.0,,0.0,0,0,0.0,0.0,0.0,0.0,0.0,0.0,775.53,5.4500000000000455,2.595833333333303,-2.189285714285802,0.0,,,2.5500000000000007,0.29999999999999716,-0.9957902868905594,0.09166081242503518,-0.9957902868905594,0.09166081242503518,-1.0944528924545804,0.028440145493795827,55.0,82.0,,,0.0,6,0.0,0.0,0.7808611111111111,0.0,-0.0,16.475,-0.716666666666665,182,7,2018,273
2019-07-02,0.0,0.7000000000000001,0,0.0,16.4,24.8,20.166666666666668,3.1,1.9833333333333334,-0.834167437631209,-0.10453056600643378,85.0,213.54166666666666,600.0,96.875,1010.75,1008.8,17.395833333333332,15.6,,,,253.47911850494717,0.30748847942066093,0.0,0.0,0.0,0.0,0.0,0.0,,0.0,0,0,0.0,0.0,0.0,0.0,0.0,0.0,775.53,4.383333333333326,6.212499999999977,3.178571428571331,0.0,,,2.7708333333333357,0.7999999999999989,-0.9587161615617987,-0.28436476849323483,-0.9587161615617987,-0.28436476849323483,-0.7090423219865276,-0.0888509811054687,56.0,83.0,,,0.0,6,0.0,0.0,0.7590277777777777,0.0,-0.0,11.9,-0.5874999999999986,183,7,2018,274
2019-07-03,0.0,4.5,0,0.0,15.4,24.2,20.083333333333332,8.7,4.458333333333333,1.5008979920842052,-2.9859072018264516,89.91666666666667,226.29166666666666,600.0,97.29166666666667,1012.6625,1010.8,18.2625,15.3,,,,171.8586834956079,0.54089530493684,0.0,0.0,0.0,0.0,0.0,0.0,,0.0,0,0,0.0,0.0,0.0,0.0,0.0,0.0,775.53,1.9125000000000227,11.745833333333394,5.668452380952431,0.0,,,1.8208333333333329,0.09999999999999964,0.1416151102479948,-0.9899217951684104,0.1416151102479948,-0.9899217951684104,1.349557444549048,-2.6848282256422844,57.0,84.0,,,0.0,6,0.0,0.0,0.7839166666666667,0.0,-0.0,26.75,-0.0833333333333357,184,7,2018,275
2019-07-04,0.0,32.4,0,0.0,18.2,24.7,20.7,4.1,2.1041666666666665,0.07652407971128804,0.47951353873383146,90.33333333333333,210.5,600.0,90.45833333333333,1007.3000000000001,1005.9,18.8875,17.8,,,,352.801602400177,0.13599326063627615,0.0,0.0,0.0,0.0,0.0,0.0,,0.0,0,0,0.0,0.0,0.0,0.0,0.0,0.0,775.53,-5.3624999999999545,0.933333333333394,0.6851190476190823,0.0,,,1.8125,0.3999999999999986,-0.1253054868856718,0.9921182061409541,-0.1253054868856718,0.9921182061409541,0.06912675200586352,0.43316056332289443,58.0,85.0,,,0.0,6,0.0,0.0,0.7747777777777779,0.0,-0.0,12.625,0.6166666666666671,185,7,2018,276
2019-07-05,0.0,0.6000000000000001,0,0.0,16.4,22.9,19.45,8.3,4.3374999999999995,1.6915982828835938,-2.7207313501231525,91.54166666666667,184.54166666666666,542.0,94.29166666666667,1007.875,1006.8,17.920833333333334,16.3,,,,157.01623626305047,0.5950156743683265,0.0,0.0,0.0,0.0,0.0,0.0,,0.0,0,0,0.0,0.0,0.0,0.0,0.0,0.0,775.53,0.5749999999999318,-2.875,0.6738095238096093,0.0,,,1.529166666666665,0.09999999999999787,0.3904702635924483,-0.9206155404130673,0.3904702635924483,-0.9206155404130673,1.5485172614563567,-2.490602823425236,59.0,86.0,,,0.0,6,0.0,0.0,0.7615,0.0,-0.0,26.025,-1.25,186,7,2018,277
2019-07-06,0.0,0.1,0,0.0,15.7,22.6,18.5,10.2,6.341666666666666,1.6957140238882245,-5.523849370521148,86.45833333333333,265.9583333333333,600.0,79.33333333333333,1007.0208333333334,1005.9,16.070833333333333,15.0,,,,169.93855164955005,0.8981226743675416,0.0,0.0,0.0,0.0,0.0,0.0,,0.0,0,0,0.0,0.0,0.0,0.0,0.0,0.0,775.53,-0.8541666666666288,-5.6416666666666515,-0.5351190476189913,0.0,,,2.429166666666667,0.6999999999999993,0.17470426031343564,-0.9846209531735222,0.17470426031343564,-0.9846209531735222,1.4660860831533606,-4.775828101596409,60.0,87.0,,,0.0,6,0.0,0.0,0.7988333333333332,0.0,-0.0,38.05,-0.9499999999999993,187,7,2018,278
2019-07-07,0.0,0.2,0,0.0,15.5,22.8,18.879166666666666,12.4,8.0375,0.8284956206944337,-7.523524650012123,89.41666666666667,248.45833333333334,600.0,75.83333333333333,1008.8708333333334,1007.7,16.979166666666668,15.1,,,,178.35787137108352,0.9159005494624803,0.0,0.0,0.0,0.0,0.0,0.0,,0.0,0,0,0.0,0.0,0.0,0.0,0.0,0.0,775.53,1.8500000000000227,1.5708333333333258,0.1785714285715585,0.0,,,1.8999999999999986,0.40000000000000036,0.028656627717592753,-0.9995893145126429,0.028656627717592753,-0.9995893145126429,0.740813167504273,-6.72728495788584,61.0,88.0,,,0.0,6,0.0,0.0,0.7970277777777778,0.0,-0.0,48.224999999999994,0.37916666666666643,188,7,2018,279
2019-07-08,0.0,16.0,0,0.0,15.6,24.1,19.925,8.7,4.141666666666667,1.4690723478879901,-2.5197486526178996,90.29166666666667,226.33333333333334,600.0,82.79166666666667,1009.5208333333334,1007.8,18.125,15.4,,,,144.39193568822537,0.6294845962646435,0.0,0.0,0.0,0.0,0.0,0.0,,0.08333333333333333,0,0,0.0,0.0,0.0,0.0,0.0,0.0,775.53,0.6499999999999773,1.6458333333333712,0.37797619047626085,0.0,,,1.8000000000000007,0.1999999999999993,0.5822374073411148,-0.8130188198883816,0.5822374073411148,-0.8130188198883816,1.3264499074471978,-2.275123054259579,62.0,89.0,,,0.0,6,0.0,0.0,0.7851944444444444,0.0,-0.0,24.85,1.0458333333333343,189,7,2018,280
2019-07-09,0.0,26.5,0,0.0,16.9,21.5,18.908333333333335,6.3,2.9125,1.049618826325023,-1.960743175589695,94.95833333333333,128.0,453.0,89.83333333333333,1010.0666666666666,1009.2,18.041666666666668,15.9,,,,155.40342648844066,0.6936345454064754,0.0,0.0,0.0,0.0,0.0,0.0,,0.041666666666666664,0,0,0.0,0.0,0.0,0.0,0.0,0.0,775.53,0.5458333333332348,3.045833333333235,1.021428571428487,0.0,,,0.8666666666666671,0.9999999999999982,0.41622641600976973,-0.9092610024716017,0.41622641600976973,-0.9092610024716017,0.9967005438311364,-1.8618890404870476,63.0,90.0,,,0.0,6,0.0,0.0,0.7351944444444444,0.0,-0.0,17.475,-1.0166666666666657,190,7,2018,281
2019-07-10,0.0,0.30000000000000004,0,0.0,14.3,24.7,19.808333333333334,8.3,4.708333333333333,1.9039015458560697,-3.2095075606325367,84.20833333333333,286.8333333333333,600.0,34.833333333333336,1012.2166666666667,1010.7,16.858333333333334,14.0,,,,165.965847085882,0.5986688535037225,0.0,0.0,0.0,0.0,0.0,0.0,,0.4583333333333333,0,0,0.0,0.0,0.0,0.0,0.0,0.0,775.53,2.150000000000091,3.345833333333303,3.235119047619037,0.0,,,2.9499999999999993,0.3000000000000007,0.24250022723975345,-0.9701513489083381,0.24250022723975345,-0.9701513489083381,1.6032437600729654,-2.702672825015982,64.0,91.0,,,0.0,6,0.0,0.0,0.80525,0.0,-0.0,28.25,0.8999999999999986,191,7,2018,282
2019-07-11,0.0,10.4,0,0.0,16.1,18.6,17.5,8.5,5.045833333333333,2.9173070193183577,-3.861497514952163,99.0,52.666666666666664,186.0,99.91666666666667,1013.6291666666666,1011.2,17.341666666666665,16.0,,,,143.656714388533,0.9439563511938043,0.0,0.0,0.0,0.0,0.0,0.0,,0.0,0,0,0.0,0.0,0.0,0.0,0.0,0.0,775.53,1.412499999999909,4.108333333333235,3.7434523809523625,0.0,,,0.158333333333335,0.10000000000000142,0.5926218696257652,-0.8054808002933791,0.5926218696257652,-0.8054808002933791,2.8881339491251743,-3.822882539802641,65.0,92.0,,,0.0,6,0.0,0.0,0.6984444444444445,0.0,-0.0,30.275,-2.3083333333333336,192,7,2018,283
2019-07-12,0.0,13.7,0,0.0,15.8,24.9,19.729166666666668,6.9,3.9499999999999997,1.0075741551892456,-1.7273830095966618,93.29166666666667,197.75,600.0,85.29166666666667,1007.6374999999999,1005.3,18.558333333333334,15.8,,,,165.5587050632671,0.4374688264428672,0.0,0.0,0.0,0.0,0.0,0.0,,0.0,0,0,0.0,0.0,0.0,0.0,0.0,0.0,775.53,-5.991666666666674,-2.4291666666666742,-2.2142857142857792,0.0,,,1.1708333333333343,0.0,0.24938791198285729,-0.9684036706646824,0.24938791198285729,-0.9684036706646824,0.9399827222786338,-1.6115043993695526,66.0,93.0,,,0.0,6,0.0,0.0,0.7761388888888888,0.0,-0.0,23.7,2.229166666666668,193,7,2018,284
2019-07-13,0.0,6.7,0,0.0,16.7,22.6,19.670833333333334,4.8,2.8791666666666664,0.15811785368433234,-1.4834680975895,91.66666666666667,175.875,571.0,98.70833333333333,1006.2916666666666,1005.3,18.233333333333334,15.9,,,,171.1892665514071,0.4759303264448833,0.0,0.0,0.0,0.0,0.0,0.0,,0.0,0,0,0.0,0.0,0.0,0.0,0.0,0.0,775.53,-1.345833333333303,-5.925000000000068,-3.45595238095234,0.0,,,1.4375,0.7999999999999989,0.15317096239194744,-0.9881997046548459,0.15317096239194744,-0.9881997046548459,0.14494136587730466,-1.3598457561237083,67.0,94.0,,,0.0,6,0.0,0.0,0.756138888888889,0.0,-0.0,17.275,-0.05833333333333357,194,7,2018,285
2019-07-14,0.0,11.3,0,0.0,17.6,22.8,19.745833333333334,9.9,3.5500000000000003,2.182768957483167,-1.0400955388748376,95.125,133.95833333333334,600.0,97.20833333333333,1003.9125,1002.4,18.904166666666665,16.4,,,,94.93625005665066,0.5922775654235148,0.0,0.0,0.0,0.0,0.0,0.0,,0.0,0,0,0.0,0.0,0.0,0.0,0.0,0.0,775.53,-2.379166666666606,-9.716666666666583,-5.126785714285688,0.0,,,0.8416666666666686,1.2000000000000028,0.9962910549604593,-0.08604727657384027,0.9962910549604593,-0.08604727657384027,2.0763589708058623,-0.9893908813546893,68.0,95.0,,,0.0,6,0.0,0.0,0.7397222222222223,0.0,-0.0,21.3,0.07499999999999929,195,7,2018,286
2019-07-15,0.0,10.5,0,0.0,18.8,24.5,21.087500000000002,6.1,4.0625,2.5942562846757844,-2.5900629008448326,92.66666666666667,181.70833333333334,559.0,88.29166666666667,1008.4416666666666,1006.1,19.791666666666668,18.7,,,,132.1373508537119,0.8015992692149216,0.0,0.0,0.0,0.0,0.0,0.0,,0.0,0,0,0.0,0.0,0.0,0.0,0.0,0.0,775.53,4.529166666666583,0.8041666666666742,-0.443452380952408,0.0,,,1.2958333333333343,0.10000000000000142,0.7415386353360904,-0.6709101670893718,0.7415386353360904,-0.6709101670893718,2.40401082379956,-2.4001249547828785,69.0,96.0,,,0.0,6,0.0,0.0,0.7633611111111112,0.0,-0.0,24.375,1.3416666666666686,196,7,2018,287
2019-07-16,0.0,10.700000000000001,0,0.0,18.2,23.9,20.779166666666665,6.5,4.05,2.419992914990521,-2.9434519161011736,94.04166666666667,206.20833333333334,600.0,95.41666666666667,1013.7375000000001,1012.1,19.720833333333335,18.2,,,,140.64110299754978,0.9331358213664015,0.0,0.0,0.0,0.0,0.0,0.0,,0.0,0,0,0.0,0.0,0.0,0.0,0.0,0.0,775.53,5.295833333333462,7.445833333333439,4.327976190476193,0.0,,,1.05833333333333,0.0,0.6341760042709215,-0.7731887192703786,0.6341760042709215,-0.7731887192703786,2.275801670472336,-2.768071239433479,70.0,97.0,,,0.0,6,0.0,0.0,0.7842777777777777,0.0,-0.0,24.299999999999997,-0.3083333333333371,197,7,2018,288
2019-07-17,0.0,2.5,0,0.0,16.5,25.7,21.183333333333334,5.5,2.783333333333333,0.2908775962825794,-0.9310386763772004,86.625,283.7916666666667,600.0,58.458333333333336,1015.6791666666667,1014.5,18.587500000000002,16.5,,,,167.0782390044479,0.23977663872258612,0.0,0.0,0.0,0.0,0.0,0.0,,0.125,0,0,0.0,0.0,0.0,0.0,0.0,0.0,775.53,1.941666666666606,11.766666666666652,5.775000000000091,0.0,,,2.5958333333333314,0.0,0.2236203151969521,-0.9746763332672113,0.2236203151969521,-0.9746763332672113,0.2519727177797844,-0.8065122534117498,71.0,98.0,,,0.0,6,0.0,0.0,0.8112777777777778,0.0,-0.0,16.7,0.40416666666666856,198,7,2018,289
2019-07-18,0.0,13.1,0,0.0,17.3,22.5,19.954166666666666,7.0,3.7708333333333335,1.4300328622073266,-2.441797808140181,95.83333333333333,107.16666666666667,364.0,99.91666666666667,1016.2166666666667,1014.7,19.287499999999998,16.9,,,,162.35249892233233,0.5468997503534675,0.0,0.0,0.0,0.0,0.0,0.0,,0.0,0,0,0.0,0.0,0.0,0.0,0.0,0.0,775.53,0.5375000000000227,7.775000000000091,5.942857142857179,0.0,,,0.6666666666666679,0.40000000000000213,0.3031600296639994,-0.9529396604266835,0.3031600296639994,-0.9529396604266835,1.3704481596153544,-2.3400562328010066,72.0,99.0,,,0.0,6,0.0,0.0,0.7242222222222221,0.0,-0.0,22.625,-1.2291666666666679,199,7,2018,290
2019-07-19,0.0,5.7,0,0.0,19.3,25.5,22.016666666666666,4.6,1.9875,-0.15847304167094392,-0.9139432877484085,88.83333333333333,186.5,597.0,99.91666666666667,1014.9708333333333,1013.8,19.974999999999998,18.7,,,,214.30965045050928,0.5481136495745287,0.0,0.0,0.0,0.0,0.0,0.0,,0.0,0,0,0.0,0.0,0.0,0.0,0.0,0.0,775.53,-1.245833333333394,1.2333333333332348,3.649404761904748,0.0,,,2.041666666666668,0.6000000000000014,-0.5636651824434998,-0.8260033668823246,-0.5636651824434998,-0.8260033668823246,-0.14077688535102184,-0.8118862872831696,73.0,100.0,,,0.0,6,0.0,0.0,0.7537777777777778,0.0,-0.0,11.925,2.0625,200,7,2018,291
2019-07-20,0.0,1.3,0,0.0,20.0,24.2,21.962500000000002,6.5,2.475,-0.286294254319062,-1.8865145198752071,94.04166666666667,93.58333333333333,408.0,100.0,1018.0958333333333,1016.7,20.945833333333333,19.1,,,,190.42784114523587,0.5616388634178769,0.0,0.0,0.0,0.0,0.0,0.0,,0.0,0,0,0.0,0.0,0.0,0.0,0.0,0.0,775.53,3.125,2.4166666666666288,5.088095238095207,0.0,,,1.0166666666666693,0.8999999999999986,-0.18099706062655918,-0.9834836368972011,-0.18099706062655918,-0.9834836368972011,-0.2692358883325513,-1.7741096963993095,74.0,101.0,,,0.0,6,0.0,0.0,0.7091944444444445,0.0,-0.0,14.850000000000001,-0.05416666666666359,201,7,2018,292
2019-07-21,0.0,0.5,0,0.0,19.3,26.0,22.47083333333333,6.1,4.283333333333333,0.9384261981650281,-3.76958846697341,89.91666666666667,155.70833333333334,598.0,99.875,1016.8958333333334,1015.2,20.662499999999998,18.9,,,,169.09511427204586,0.90095524722191,0.0,0.0,0.0,0.0,0.0,0.0,,0.0,0,0,0.0,0.0,0.0,0.0,0.0,0.0,775.53,-1.1999999999999318,0.6791666666666742,2.0333333333334167,0.0,,,1.8083333333333336,0.40000000000000213,0.18917917592410233,-0.9819425845723758,0.18917917592410233,-0.9819425845723758,0.8438015565167212,-3.3894882965535915,75.0,102.0,,,0.0,6,0.0,0.0,0.7368611111111111,0.0,-0.0,25.7,0.5083333333333293,202,7,2018,293
2019-07-22,0.0,10.9,0,0.0,19.6,23.6,21.616666666666664,5.6,3.7583333333333333,1.451187168341425,-2.8500938239447176,96.41666666666667,113.625,370.0,96.08333333333333,1012.9333333333334,1010.9,21.0125,19.6,,,,155.14388051052816,0.8400181059375535,0.0,0.0,0.0,0.0,0.0,0.0,,0.0,0,0,0.0,0.0,0.0,0.0,0.0,0.0,775.53,-3.9624999999999773,-2.037499999999909,-2.570833333333212,0.0,,,0.6041666666666643,0.0,0.42034102178608956,-0.9073662024804683,0.42034102178608956,-0.9073662024804683,1.3991862948091907,-2.7479654619200318,76.0,103.0,,,0.0,6,0.0,0.0,0.7304722222222222,0.0,-0.0,22.55,-0.8541666666666679,203,7,2018,294
2019-07-23,0.0,23.7,0,0.0,18.5,25.7,22.037499999999998,5.4,2.983333333333333,0.5814893307980485,0.016348453128058108,93.91666666666667,188.625,592.0,77.04166666666667,1009.2875,1007.9,20.962500000000002,18.4,,,,50.24160160702419,0.07339684032070001,0.0,0.0,0.0,0.0,0.0,0.0,,0.0,0,0,0.0,0.0,0.0,0.0,0.0,0.0,775.53,-3.6458333333333712,-8.80833333333328,-5.58095238095234,0.0,,,1.0749999999999957,0.10000000000000142,0.7687480950952039,0.6395516916461838,0.7687480950952039,0.6395516916461838,0.5461153965078339,0.015353922229434573,77.0,104.0,,,0.0,6,0.0,0.0,0.772138888888889,0.0,-0.0,17.9,0.4208333333333343,204,7,2018,295
2019-07-24,0.0,2.2,0,0.0,17.7,26.0,22.391666666666666,5.0,2.2916666666666665,0.17529372741018515,-0.33137132875142966,85.95833333333333,264.5416666666667,600.0,51.291666666666664,1010.2416666666667,1009.2,19.729166666666668,17.1,,,,270.4419821047557,0.094674752259029,0.0,0.0,0.0,0.0,0.0,0.0,,0.16666666666666666,0,0,0.0,0.0,0.0,0.0,0.0,0.0,775.53,0.9541666666666515,-6.654166666666697,-3.849999999999909,0.0,,,2.662499999999998,0.5999999999999979,-0.9999702469181255,0.007713966457212917,-0.9999702469181255,0.007713966457212917,0.15067956651967163,-0.2848412713392497,78.0,105.0,,,0.0,6,0.0,0.0,0.7962222222222222,0.0,-0.0,13.75,0.35416666666666785,205,7,2018,296
2019-07-25,0.0,2.7,0,0.0,18.5,26.9,22.712500000000002,6.1,3.329166666666667,0.1657452065421374,-2.2359158099092435,88.0,224.20833333333334,600.0,64.54166666666667,1013.2458333333334,1012.0,20.454166666666666,18.0,,,,183.29777532797075,0.49805560498446383,0.0,0.0,0.0,0.0,0.0,0.0,,0.0,0,0,0.0,0.0,0.0,0.0,0.0,0.0,775.53,3.0041666666667197,0.3125,-0.4214285714285779,0.0,,,2.2583333333333364,0.5,-0.057525263448196445,-0.998344050948978,-0.057525263448196445,-0.998344050948978,0.14585578175708092,-1.9676059127201344,79.0,106.0,,,0.0,6,0.0,0.0,0.7761388888888888,0.0,-0.0,19.975,0.3208333333333364,206,7,2018,297
2019-07-26,0.0,0.4,0,0.0,19.0,28.2,23.445833333333336,11.8,6.579166666666667,2.310723737884961,-5.071554097059555,86.29166666666667,272.5833333333333,600.0,73.0,1013.6999999999999,1011.5,20.849999999999998,19.0,,,,168.7917362237096,0.7349321941250685,0.0,0.0,0.0,0.0,0.0,0.0,,0.041666666666666664,0,0,0.0,0.0,0.0,0.0,0.0,0.0,775.53,0.4541666666665378,4.412499999999909,0.21428571428555188,0.0,,,2.5958333333333385,0.0,0.1943758324641926,-0.9809271307053609,0.1943758324641926,-0.9809271307053609,1.993962025483231,-4.376328556254308,80.0,107.0,,,0.0,6,0.0,0.0,0.8026944444444445,0.0,-0.0,39.475,0.7333333333333343,207,7,2018,298
2019-07-27,0.0,27.599999999999998,0,0.0,18.9,26.5,22.958333333333332,11.3,6.141666666666667,1.4455126842149637,-3.6366229603509894,90.75,212.58333333333334,600.0,86.375,1012.4208333333332,1010.8,21.283333333333335,18.9,,,,167.39589060895176,0.4822019180784603,0.0,0.0,0.0,0.0,0.0,0.0,,0.0,0,0,0.0,0.0,0.0,0.0,0.0,0.0,775.53,-1.279166666666697,2.1791666666665606,-0.2541666666668334,0.0,,,1.6749999999999972,0.0,0.21821323593171957,-0.9759011136709537,0.21821323593171957,-0.9759011136709537,1.3118027609250797,-3.300235336518523,81.0,108.0,,,0.0,6,0.0,0.0,0.7775555555555554,0.0,-0.0,36.85,-0.48750000000000426,208,7,2018,299
2019-07-28,0.0,7.1,0,0.0,21.2,27.7,23.941666666666666,5.0,1.9708333333333332,-0.6890906632503851,-0.42862759898652003,88.20833333333333,232.79166666666666,600.0,59.5,1015.8583333333332,1013.4,21.745833333333334,20.2,,,,214.06836854161202,0.40628201912968975,0.0,0.0,0.0,0.0,0.0,0.0,,0.125,0,0,0.0,0.0,0.0,0.0,0.0,0.0,775.53,3.4375,2.612499999999841,3.3315476190475692,0.0,,,2.195833333333333,1.0,-0.5601817593166968,-0.8283697221222238,-0.5601817593166968,-0.8283697221222238,-0.6078353892087772,-0.3780852612726929,82.0,109.0,,,0.0,6,0.0,0.0,0.7825555555555556,0.0,-0.0,11.825,0.9833333333333343,209,7,2018,300
2019-07-29,0.0,3.8,0,0.0,19.5,28.2,23.5,3.9,2.3874999999999997,-0.5520827934210977,-0.646800709900427,90.83333333333333,204.125,600.0,67.41666666666667,1016.7041666666668,1015.5,21.829166666666666,18.3,,,,222.2795546480169,0.3007498978731061,0.0,0.0,0.0,0.0,0.0,0.0,,0.0,0,0,0.0,0.0,0.0,0.0,0.0,0.0,775.53,0.8458333333335304,3.0041666666668334,3.6386904761905043,0.0,,,1.6708333333333343,1.1999999999999993,-0.6727485416617871,-0.7398712047998209,-0.6727485416617871,-0.7398712047998209,-0.5014752040241637,-0.5875106448262212,83.0,110.0,,,0.0,6,0.0,0.0,0.7721944444444445,0.0,-0.0,14.325,-0.44166666666666643,210,7,2018,301
2019-07-30,0.0,1.5,0,0.0,19.9,29.2,24.537499999999998,4.3,2.591666666666667,-0.30477835841277573,-1.1694728998783235,81.58333333333333,259.75,600.0,44.166666666666664,1015.1041666666666,1013.6,21.0,17.4,,,,194.31435846066833,0.4358848257278422,0.0,0.0,0.0,0.0,0.0,0.0,,0.25,0,0,0.0,0.0,0.0,0.0,0.0,0.0,775.53,-1.6000000000001364,2.683333333333394,1.2077380952381418,0.0,,,3.537499999999998,2.5,-0.24724184264590776,-0.9689538024307744,-0.24724184264590776,-0.9689538024307744,-0.24864834407175618,-0.9540949741507322,84.0,111.0,,,0.0,6,0.0,0.0,0.7784444444444444,0.0,-0.0,15.55,1.0374999999999979,211,7,2018,302
2019-07-31,0.0,2.1,0,0.0,20.2,29.5,24.729166666666668,4.2,2.4499999999999997,-0.05506930121072282,-0.9602019718352631,87.0,258.625,600.0,66.83333333333333,1015.9166666666666,1015.1,22.2375,20.0,,,,201.2418351362022,0.2731678964186398,0.0,0.0,0.0,0.0,0.0,0.0,,0.041666666666666664,0,0,0.0,0.0,0.0,0.0,0.0,0.0,775.53,0.8125,0.058333333333393966,1.20952380952383,0.0,,,2.491666666666667,0.1999999999999993,-0.3623052199818527,-0.9320595086011951,-0.3623052199818527,-0.9320595086011951,-0.047910292053328855,-0.8353757154966789,85.0,112.0,,,0.0,6,0.0,0.0,0.79575,0.0,-0.0,14.7,0.19166666666666998,212,7,2018,303
2019-08-01,0.0,1.0,0,0.0,20.1,29.4,24.883333333333336,5.7,2.65,-0.04539710521507989,-0.46784049975060676,85.375,265.6666666666667,600.0,46.416666666666664,1016.375,1015.5,22.008333333333336,19.5,,,,280.56689222737714,0.07679848749866039,0.0,0.0,0.0,0.0,0.0,0.0,,0.20833333333333334,0,0,0.0,0.0,0.0,0.0,0.0,0.0,775.53,0.45833333333337123,-0.3291666666667652,1.2208333333334167,0.0,,,2.875,0.6000000000000014,-0.983041479425516,0.18338334092521283,-0.983041479425516,0.18338334092521283,-0.03875777857737446,-0.3994188266620805,86.0,113.0,,,0.0,6,0.0,0.0,0.7950277777777778,0.0,-0.0,15.899999999999999,0.15416666666666856,213,8,2018,304
2019-08-02,0.0,1.2000000000000002,0,0.0,20.5,29.8,25.195833333333336,5.0,2.625,0.5975969922484807,-0.04350839227693293,85.0,280.875,600.0,42.666666666666664,1015.9666666666667,1014.2,22.208333333333332,20.1,,,,22.99648082899049,0.09892080668132809,0.0,0.0,0.0,0.0,0.0,0.0,,0.25,0,0,0.0,0.0,0.0,0.0,0.0,0.0,775.53,-0.408333333333303,0.8625000000000682,0.4886904761905271,0.0,,,2.9875000000000043,0.3999999999999986,0.3906745893122449,0.9205288508600417,0.3906745893122449,0.9205288508600417,0.5079574434112086,-0.036982133435392986,87.0,114.0,,,0.0,6,0.0,0.0,0.8039166666666667,0.0,-0.0,15.75,0.3125,214,8,2018,305
2019-08-03,0.0,0.30000000000000004,0,0.0,21.3,30.6,25.71666666666667,7.1,3.545833333333333,1.0475822632769987,-0.8327643913106383,82.625,300.375,600.0,38.291666666666664,1015.75,1014.1,22.224999999999998,19.8,,,,269.90953791134507,0.07735750075750648,0.0,0.0,0.0,0.0,0.0,0.0,,0.25,0,0,0.0,0.0,0.0,0.0,0.0,0.0,775.53,-0.21666666666669698,-0.16666666666662877,-0.2035714285713084,0.0,,,3.4916666666666707,1.5,-0.9999987535987641,-0.0015788606392946542,-0.9999987535987641,-0.0015788606392946542,0.8655648450326201,-0.6880715783204149,88.0,115.0,,,0.0,6,0.0,0.0,0.809,0.0,-0.0,21.275,0.5208333333333321,215,8,2018,306
2019-08-04,0.0,0.0,0,0.0,21.6,30.6,26.008333333333336,9.2,4.791666666666667,1.770664178567629,-3.363845330793069,81.95833333333333,311.1666666666667,600.0,34.208333333333336,1015.4375,1013.8,22.316666666666666,21.0,,,,169.00727830104776,0.4922798963085956,0.0,0.0,0.0,0.0,0.0,0.0,,0.375,0,0,0.0,0.0,0.0,0.0,0.0,0.0,775.53,-0.3125,-0.9375,-0.4559523809523398,0.0,,,3.69166666666667,0.6000000000000014,0.19068429742484666,-0.9816514140547002,0.19068429742484666,-0.9816514140547002,1.4512068496843857,-2.7569515690291526,89.0,116.0,,,0.0,6,0.0,0.0,0.8139722222222222,0.0,-0.0,28.75,0.29166666666666785,216,8,2018,307
2019-08-05,0.0,0.7,0,0.0,22.0,30.8,25.849999999999998,7.4,4.316666666666667,0.7668017963093746,-2.922583421658583,81.79166666666667,310.0416666666667,600.0,33.583333333333336,1015.4916666666667,1013.1,22.05,19.2,,,,186.37943338213267,0.6059229746490652,0.0,0.0,0.0,0.0,0.0,0.0,,0.3333333333333333,0,0,0.0,0.0,0.0,0.0,0.0,0.0,775.53,0.054166666666674246,-0.47500000000002274,-0.22857142857128565,0.0,,,3.799999999999997,2.8000000000000007,-0.11111220687269109,-0.9938078674894258,-0.11111220687269109,-0.9938078674894258,0.6271799692313761,-2.3904296902982494,90.0,117.0,,,0.0,6,0.0,0.0,0.8126666666666668,0.0,-0.0,25.900000000000006,-0.15833333333333854,217,8,2018,308
2019-08-06,0.0,0.0,0,0.0,23.1,30.8,26.570833333333336,8.9,4.170833333333333,1.0330172636341688,-2.5065970318593402,77.41666666666667,295.375,600.0,62.958333333333336,1015.3291666666668,1013.4,21.991666666666664,19.7,,,,200.76046942103284,0.3804917328359252,0.0,0.0,0.0,0.0,0.0,0.0,,0.25,0,0,0.0,0.0,0.0,0.0,0.0,0.0,775.53,-0.16249999999990905,-0.4208333333332348,-0.4232142857142662,0.0,,,4.579166666666673,3.400000000000002,-0.3544619054747996,-0.9350704559375054,-0.3544619054747996,-0.9350704559375054,0.7997275315967858,-1.9405238688311062,91.0,118.0,,,0.0,6,0.0,0.0,0.7883055555555556,0.0,-0.0,25.025,0.7208333333333385,218,8,2018,309
2019-08-07,0.0,0.1,0,0.0,21.6,30.6,25.3625,4.9,2.2041666666666666,-0.1156607403777679,-0.8383105879827663,84.5,207.29166666666666,600.0,75.375,1014.5791666666668,1013.4,22.3,20.7,,,,234.4583768486924,0.3347604024216462,0.0,0.0,0.0,0.0,0.0,0.0,,0.041666666666666664,0,0,0.0,0.0,0.0,0.0,0.0,0.0,775.53,-0.75,-0.8583333333332348,-0.9821428571427759,0.0,,,3.0625,0.9000000000000021,-0.8136934455000281,-0.5812942256295798,-0.8136934455000281,-0.5812942256295798,-0.09773332561921387,-0.7083724468454374,92.0,119.0,,,0.0,6,0.0,0.0,0.7531944444444445,0.0,-0.0,13.225,-1.2083333333333357,219,8,2018,310
2019-08-08,0.0,10.6,0,0.0,21.7,29.0,24.97083333333333,4.7,2.2125,-0.464052350794456,-0.7364006284029446,88.04166666666667,234.33333333333334,600.0,65.70833333333333,1014.1999999999999,1013.2,22.766666666666666,20.0,,,,219.35275129704667,0.3366772562363086,0.0,0.0,0.0,0.0,0.0,0.0,,0.0,0,0,0.0,0.0,0.0,0.0,0.0,0.0,775.53,-0.3791666666668334,-1.2916666666667425,-1.0505952380952976,0.0,,,2.2041666666666657,1.6999999999999993,-0.6340930662404517,-0.773256738312562,-0.6340930662404517,-0.773256738312562,-0.40855942384528565,-0.6483393865897592,93.0,120.0,,,0.0,6,0.0,0.0,0.7830277777777778,0.0,-0.0,13.274999999999999,-0.39166666666666927,220,8,2018,311
2019-08-09,0.0,3.8000000000000003,0,0.0,19.2,30.0,24.412499999999998,5.2,2.1958333333333333,0.19951319781479038,0.04843646806540595,88.58333333333333,278.375,600.0,80.79166666666667,1012.8333333333334,1010.9,22.125,19.2,,,,312.30346362038944,0.07745767626271488,0.0,0.0,0.0,0.0,0.0,0.0,,0.041666666666666664,0,0,0.0,0.0,0.0,0.0,0.0,0.0,775.53,-1.3666666666665606,-2.495833333333394,-1.9696428571429578,0.0,,,2.287499999999998,0.0,-0.739590408957493,0.673057224148206,-0.739590408957493,0.673057224148206,0.17673544106426844,0.0429066379612721,94.0,121.0,,,0.0,6,0.0,0.0,0.8141944444444444,0.0,-0.0,13.175,-0.5583333333333336,221,8,2018,312
2019-08-10,0.0,0.0,0,0.0,20.0,30.5,25.241666666666664,4.7,2.025,-0.4647098266381942,0.3790358929535939,81.66666666666667,295.7083333333333,600.0,36.416666666666664,1012.1166666666667,1010.3,21.5,18.8,,,,346.88627926873465,0.36219846927987265,0.0,0.0,0.0,0.0,0.0,0.0,,0.3333333333333333,0,0,0.0,0.0,0.0,0.0,0.0,0.0,775.53,-0.716666666666697,-2.462500000000091,-2.167261904761972,0.0,,,3.7416666666666636,1.1999999999999993,-0.22688454084661552,0.9739216627248931,-0.22688454084661552,0.9739216627248931,-0.37951302508785867,0.3095459792454351,95.0,122.0,,,0.0,6,0.0,0.0,0.8026944444444445,0.0,-0.0,12.149999999999999,0.8291666666666657,222,8,2018,313
2019-08-11,0.0,0.4,0,0.0,20.8,29.7,24.974999999999998,8.4,4.529166666666667,2.5460204683193655,-2.4539040505960026,86.79166666666667,280.5833333333333,600.0,64.125,1011.6875,1009.7,22.40833333333333,20.6,,,,135.07675860200018,0.33466325889072757,0.0,0.0,0.0,0.0,0.0,0.0,,0.041666666666666664,0,0,0.0,0.0,0.0,0.0,0.0,0.0,775.53,-0.42916666666667425,-2.512499999999932,-2.0607142857143117,0.0,,,2.5666666666666664,0.1999999999999993,0.7061588428029675,-0.7080534504761444,0.7061588428029675,-0.7080534504761444,2.2097335981288495,-2.129784223913114,96.0,123.0,,,0.0,6,0.0,0.0,0.8096944444444444,0.0,-0.0,27.175,-0.2666666666666657,223,8,2018,314
2019-08-12,0.0,0.7000000000000001,0,0.0,22.0,29.4,24.96666666666667,8.0,5.141666666666667,1.8815488555522706,-4.483275172019499,87.04166666666667,257.625,600.0,98.625,1011.3625000000001,1009.7,22.429166666666664,21.6,,,,162.46279387681483,0.854808408638914,0.0,0.0,0.0,0.0,0.0,0.0,,0.0,0,0,0.0,0.0,0.0,0.0,0.0,0.0,775.53,-0.3249999999999318,-1.470833333333303,-1.7958333333333485,0.0,,,2.537500000000005,0.3999999999999986,0.30132505061766235,-0.9535214805499996,0.30132505061766235,-0.9535214805499996,1.637731483020289,-3.902317430978639,97.0,124.0,,,0.0,6,0.0,0.0,0.7952222222222223,0.0,-0.0,30.85,-0.008333333333329307,224,8,2018,315
2019-08-13,0.0,0.5,0,0.0,20.9,29.9,25.09583333333333,11.8,6.2250000000000005,1.9884959989801063,-4.753267329277928,87.79166666666667,281.9583333333333,600.0,85.375,1009.9666666666667,1007.9,22.729166666666668,20.8,,,,173.21494997491342,0.6984856337411274,0.0,0.0,0.0,0.0,0.0,0.0,,0.0,0,0,0.0,0.0,0.0,0.0,0.0,0.0,775.53,-1.3958333333333712,-2.1499999999999773,-2.425595238095184,0.0,,,2.3666666666666636,0.09999999999999787,0.11814487347732934,-0.9929963690120049,0.11814487347732934,-0.9929963690120049,1.7457337791046184,-4.172972609495248,98.0,125.0,,,0.0,6,0.0,0.0,0.8139444444444445,0.0,-0.0,37.35,0.12916666666666288,225,8,2018,316
2019-08-14,0.0,5.8999999999999995,0,0.0,22.9,27.1,24.554166666666664,12.9,8.799999999999999,2.6101881867651957,-8.31232896644986,93.58333333333333,242.375,600.0,86.5,1008.7125,1007.0,23.3875,22.3,,,,164.2307583450988,0.9859060737857831,0.0,0.0,0.0,0.0,0.0,0.0,,0.0,0,0,0.0,0.0,0.0,0.0,0.0,0.0,775.53,-1.2541666666667197,-2.9750000000000227,-2.841666666666697,0.0,,,1.1666666666666643,0.5999999999999979,0.27176365611713105,-0.9623640242724422,0.27176365611713105,-0.9623640242724422,2.442701111447762,-7.778954524435993,99.0,126.0,,,0.0,6,0.0,0.0,0.806861111111111,0.0,-0.0,52.8,-0.5416666666666679,226,8,2018,317
2019-08-15,0.0,10.2,0,0.0,22.2,27.5,24.2,21.6,15.733333333333334,7.381896825413448,-13.817228882616021,92.33333333333333,217.75,600.0,76.91666666666667,1001.9791666666666,995.7,22.8,22.2,,,,152.99849976847037,0.9948947562537653,0.0,0.0,0.0,0.0,0.0,0.0,,0.0,0,0,0.0,0.0,0.0,0.0,0.0,0.0,775.53,-6.7333333333333485,-9.38333333333344,-7.829166666666765,0.0,,,1.3999999999999986,0.0,0.4540138296806885,-0.8909946366048871,0.4540138296806885,-0.8909946366048871,6.81595140213175,-12.757908001615458,100.0,127.0,,,0.0,6,0.0,0.0,0.7862777777777777,0.0,-0.0,94.4,-0.3541666666666643,227,8,2018,318
2019-08-16,0.0,44.1,0,0.0,21.5,27.6,23.78333333333333,22.1,9.612499999999999,4.8609580760074795,-8.029372241216096,97.25,128.0,456.0,98.91666666666667,998.2624999999999,993.9,23.287499999999998,21.5,,,,153.48486020183137,0.9482611706361536,0.0,0.0,0.0,0.0,0.0,0.0,,0.0,0,0,0.0,0.0,0.0,0.0,0.0,0.0,775.53,-3.716666666666697,-11.704166666666765,-9.464285714285893,0.0,,,0.49583333333333357,0.0,0.44643427438239164,-0.8948164273506982,0.44643427438239164,-0.8948164273506982,4.727281728917274,-7.8085645045826535,101.0,128.0,,,0.0,6,0.0,0.0,0.7428333333333333,0.0,-0.0,57.675,-0.41666666666666785,228,8,2018,319
2019-08-17,0.0,3.6,0,0.0,19.6,28.2,23.933333333333334,5.1,2.25,-0.5019871406602424,-0.7321200968641824,87.95833333333333,243.20833333333334,600.0,55.958333333333336,1006.225,1003.7,21.666666666666668,19.2,,,,224.94065736122576,0.43821762385677193,0.0,0.0,0.0,0.0,0.0,0.0,,0.16666666666666666,0,0,0.0,0.0,0.0,0.0,0.0,0.0,775.53,7.962500000000091,-2.4874999999999545,-0.6601190476189913,0.0,,,2.2666666666666657,0.40000000000000213,-0.7063740342816021,-0.707838769560367,-0.7063740342816021,-0.707838769560367,-0.4415395224724049,-0.6439606352001205,102.0,129.0,,,0.0,6,0.0,0.0,0.7886666666666667,0.0,-0.0,13.5,0.15000000000000213,229,8,2018,320
2019-08-18,0.0,0.3,0,0.0,18.8,28.9,24.133333333333336,7.2,3.858333333333333,0.7850133220678708,-1.6374377924858161,82.04166666666667,275.0,600.0,52.625,1011.2458333333334,1009.6,20.6125,18.6,,,,185.19562255027498,0.2974967012751098,0.0,0.0,0.0,0.0,0.0,0.0,,0.20833333333333334,0,0,0.0,0.0,0.0,0.0,0.0,0.0,775.53,5.020833333333371,9.266666666666765,4.423809523809496,0.0,,,3.5208333333333357,0.1999999999999993,-0.09055649345848961,-0.9958913201210775,-0.09055649345848961,-0.9958913201210775,0.644038012979849,-1.3433812555852385,103.0,130.0,,,0.0,6,0.0,0.0,0.790138888888889,0.0,-0.0,23.15,0.20000000000000284,230,8,2018,321
2019-08-19,0.0,19.6,0,0.0,22.0,27.1,23.983333333333334,7.9,4.266666666666667,1.5761438830616148,-3.1805445366265386,87.66666666666667,174.125,600.0,71.83333333333333,1014.1791666666667,1013.2,21.770833333333332,19.8,,,,165.35319836079938,0.641968215999551,0.0,0.0,0.0,0.0,0.0,0.0,,0.08333333333333333,0,0,0.0,0.0,0.0,0.0,0.0,0.0,775.53,2.9333333333332803,15.916666666666742,6.954761904761881,0.0,,,2.212500000000002,2.1999999999999993,0.2528597402318762,-0.9675029466466074,0.2528597402318762,-0.9675029466466074,1.3817528041506824,-2.7882773771092655,104.0,131.0,,,0.0,6,0.0,0.0,0.7416388888888888,0.0,-0.0,25.6,-0.15000000000000213,231,8,2018,322
2019-08-20,0.0,9.1,0,0.0,20.3,24.5,22.65416666666667,5.2,2.9875000000000003,-0.24112731015757505,-1.004087304737771,97.79166666666667,81.45833333333333,277.0,95.33333333333333,1013.8000000000001,1012.9,22.275000000000002,20.1,,,,236.5604151681033,0.25119246306346954,0.0,0.0,0.0,0.0,0.0,0.0,,0.0,0,0,0.0,0.0,0.0,0.0,0.0,0.0,775.53,-0.37916666666660603,7.5750000000000455,6.027976190476352,0.0,,,0.37916666666666643,0.1999999999999993,-0.8344673448034627,-0.5510573930695956,-0.8344673448034627,-0.5510573930695956,-0.23580241539159527,-0.9819137100914785,105.0,132.0,,,0.0,6,0.0,0.0,0.7136111111111111,0.0,-0.0,17.925,-1.3291666666666657,232,8,2018,323
2019-08-21,0.0,36.900000000000006,0,0.0,20.3,26.4,22.96666666666667,4.3,2.6416666666666666,-0.5504538380879253,-1.208479592974271,89.25,173.41666666666666,600.0,72.83333333333333,1012.3666666666667,1010.9,21.025000000000002,19.1,,,,200.72517313288907,0.4662567876386983,0.0,0.0,0.0,0.0,0.0,0.0,,0.125,0,0,0.0,0.0,0.0,0.0,0.0,0.0,775.53,-1.433333333333394,1.1208333333332803,4.072619047619014,0.0,,,1.9416666666666664,1.1999999999999993,-0.35388580077538373,-0.9352886399446779,-0.35388580077538373,-0.9352886399446779,-0.4912800504934733,-1.078568036729537,106.0,133.0,,,0.0,6,0.0,0.0,0.7464444444444444,0.0,-0.0,15.85,0.3125,233,8,2018,324
2019-08-22,0.0,13.100000000000001,0,0.0,19.6,23.1,21.829166666666666,7.4,2.9875000000000003,-0.5165757071954911,-1.9212068357126206,95.58333333333333,44.666666666666664,159.0,95.54166666666667,1012.1291666666666,1010.7,21.108333333333334,18.9,,,,217.3576599921116,0.5695634230424875,0.0,0.0,0.0,0.0,0.0,0.0,,0.0,0,0,0.0,0.0,0.0,0.0,0.0,0.0,775.53,-0.2375000000000682,-2.050000000000068,2.385119047619014,0.0,,,0.7208333333333314,0.7000000000000028,-0.6067886233463848,-0.7948632376562644,-0.6067886233463848,-0.7948632376562644,-0.4937602801276902,-1.8363535338019799,107.0,134.0,,,0.0,6,0.0,0.0,0.6817222222222222,0.0,-0.0,17.925,-1.1375000000000028,234,8,2018,325
2019-08-23,0.0,10.0,0,0.0,19.9,25.6,22.245833333333334,6.3,2.5749999999999997,-0.28549997709011316,-1.6421018663628244,85.20833333333333,158.29166666666666,600.0,94.70833333333333,1009.1458333333334,1007.9,19.408333333333335,16.3,,,,204.96731872177685,0.6153914169307574,0.0,0.0,0.0,0.0,0.0,0.0,,0.0,0,0,0.0,0.0,0.0,0.0,0.0,0.0,775.53,-2.983333333333235,-4.654166666666697,-2.152976190476238,0.0,,,2.8374999999999986,3.599999999999998,-0.422101238765194,-0.9065486993167486,-0.422101238765194,-0.9065486993167486,-0.2432697721455339,-1.3992076319633233,108.0,135.0,,,0.0,6,0.0,0.0,0.7228888888888889,0.0,-0.0,15.45,0.41666666666666785,235,8,2018,326
2019-08-24,0.0,0.5,0,0.0,15.7,25.6,20.7625,5.6,2.6374999999999997,-2.1748591797422208,-0.041882795866154954,82.79166666666667,222.83333333333334,600.0,77.91666666666667,1011.6166666666667,1010.1,17.570833333333333,14.5,,,,266.3453838994714,0.7394027302467509,0.0,0.0,0.0,0.0,0.0,0.0,,0.041666666666666664,0,0,0.0,0.0,0.0,0.0,0.0,0.0,775.53,2.470833333333303,-0.75,-0.4523809523808495,0.0,,,3.1916666666666664,1.1999999999999993,-0.9979664211535832,-0.06374184065360006,-0.9979664211535832,-0.06374184065360006,-1.8006021625615805,-0.03467546474418746,109.0,136.0,,,0.0,6,0.0,0.0,0.7578611111111111,0.0,-0.0,15.825,-1.4833333333333343,236,8,2018,327
2019-08-25,0.0,0.7000000000000001,0,0.0,15.8,24.9,19.82916666666667,6.2,3.1458333333333335,-2.9153968491101296,0.7809203927485417,82.45833333333333,257.625,600.0,34.166666666666664,1013.0208333333334,1011.8,16.454166666666666,14.8,,,,282.9455676145992,0.9455875468462394,0.0,0.0,0.0,0.0,0.0,0.0,,0.5,0,0,0.0,0.0,0.0,0.0,0.0,0.0,775.53,1.404166666666697,0.8916666666667652,0.6982142857143572,0.0,,,3.3750000000000036,1.0,-0.9745833340241451,0.22402527768620595,-0.9745833340241451,0.22402527768620595,-2.4039876518287273,0.6439339405205683,110.0,137.0,,,0.0,6,0.0,0.0,0.7799444444444444,0.0,-0.0,18.875,-0.93333333333333,237,8,2018,328
2019-08-26,0.0,1.9000000000000001,0,0.0,14.1,23.3,18.716666666666665,5.4,2.3833333333333333,-0.3995954629838998,0.35937606041339537,84.66666666666667,248.91666666666666,600.0,33.958333333333336,1015.9041666666667,1014.5,15.858333333333334,13.0,,,,325.42653077302526,0.22244223084061462,0.0,0.0,0.0,0.0,0.0,0.0,,0.375,0,0,0.0,0.0,0.0,0.0,0.0,0.0,775.53,2.8833333333333258,6.758333333333326,3.3351190476190595,0.0,,,2.8583333333333307,1.0999999999999996,-0.567462531435555,0.8233992199515079,-0.567462531435555,0.8233992199515079,-0.33832415865970183,0.3042717311500081,111.0,138.0,,,0.0,6,0.0,0.0,0.7815,0.0,-0.0,14.3,-1.1125000000000043,238,8,2018,329
2019-08-27,0.0,5.4,0,0.0,15.4,24.4,19.454166666666666,9.0,4.229166666666667,0.7140349847929542,-3.237008336872727,86.58333333333333,177.33333333333334,600.0,98.95833333333333,1016.0041666666666,1013.9,16.974999999999998,14.9,,,,180.77795601399362,0.6627285832062807,0.0,0.0,0.0,0.0,0.0,0.0,,0.0,0,0,0.0,0.0,0.0,0.0,0.0,0.0,775.53,0.09999999999990905,4.387499999999932,3.120238095238051,0.0,,,2.479166666666668,0.5,-0.013577476682111324,-0.9999078218150644,-0.013577476682111324,-0.9999078218150644,0.6182352909998996,-2.802709718342302,112.0,139.0,,,0.0,6,0.0,0.0,0.7401666666666666,0.0,-0.0,25.375,0.7375000000000007,239,8,2018,330
2019-08-28,0.0,40.3,0,0.0,17.6,24.4,21.116666666666667,4.7,2.8375,1.1815387578372765,-2.17793026582589,97.41666666666667,116.0,458.0,97.66666666666667,1009.9791666666666,1008.5,20.645833333333332,17.6,,,,155.40901324073837,0.7796440905731351,0.0,0.0,0.0,0.0,0.0,0.0,,0.0,0,0,0.0,0.0,0.0,0.0,0.0,0.0,775.53,-6.024999999999977,-3.0416666666667425,-2.5636904761905726,0.0,,,0.470833333333335,0.0,0.41613775451673646,-0.9093015832306509,0.41613775451673646,-0.9093015832306509,1.1510156732598136,-2.1216670672920546,113.0,140.0,,,0.0,6,0.0,0.0,0.735388888888889,0.0,-0.0,17.025,1.6625000000000014,240,8,2018,331
2019-08-29,0.0,42.7,0,0.0,18.8,24.8,21.870833333333334,6.2,2.970833333333333,-0.7662095988875924,-1.6728138698891188,95.58333333333333,94.08333333333333,367.0,93.0,1010.7375000000001,1009.3,21.1125,18.8,,,,208.02611551985942,0.5728405613794385,0.0,0.0,0.0,0.0,0.0,0.0,,0.0,0,0,0.0,0.0,0.0,0.0,0.0,0.0,775.53,0.7583333333334394,-5.166666666666629,-1.6065476190476602,0.0,,,0.7583333333333329,0.0,-0.469873963113036,-0.8827335151609739,-0.469873963113036,-0.8827335151609739,-0.7323686749367238,-1.5989312573023495,114.0,141.0,,,0.0,6,0.0,0.0,0.7146666666666667,0.0,-0.0,17.825,0.7541666666666664,241,8,2018,332
2019-08-30,0.0,18.1,0,0.0,18.4,22.5,20.233333333333334,7.0,4.2250000000000005,-1.2630601296916653,-1.7094224823455182,97.0,82.29166666666667,377.0,85.0,1011.4541666666668,1010.5,19.741666666666667,17.9,,,,218.33095840981775,0.5445200073862765,0.0,0.0,0.0,0.0,0.0,0.0,,0.0,0,0,0.0,0.0,0.0,0.0,0.0,0.0,775.53,0.716666666666697,-4.549999999999841,-1.2196428571428442,0.0,,,0.49166666666666714,0.5,-0.620202976521934,-0.7844413731524704,-0.620202976521934,-0.7844413731524704,-1.2251683258009154,-1.6581398078751528,115.0,142.0,,,0.0,6,0.0,0.0,0.7115277777777779,0.0,-0.0,25.35,-1.6374999999999993,242,8,2018,333
2019-08-31,0.0,3.5,0,0.0,18.9,25.5,21.854166666666668,4.0,2.4833333333333334,-1.0808537252780746,-0.7800963516012055,84.875,235.375,600.0,61.0,1015.1333333333333,1013.0,19.033333333333335,18.3,,,,239.6449907906917,0.48349297734167085,0.0,0.0,0.0,0.0,0.0,0.0,,0.0,0,0,0.0,0.0,0.0,0.0,0.0,0.0,775.53,3.6791666666665606,5.154166666666697,1.9571428571427987,0.0,,,2.820833333333333,0.5999999999999979,-0.8629107599071698,-0.505356330163609,-0.8629107599071698,-0.505356330163609,-0.9173745993297657,-0.6621067784215232,116.0,143.0,,,0.0,6,0.0,0.0,0.7731666666666667,0.0,-0.0,14.9,1.6208333333333336,243,8,2018,334
2019-09-01,0.0,2.7,0,0.0,17.9,24.9,20.712500000000002,4.1,2.4541666666666666,0.08633049351385996,-1.2998235132817948,89.54166666666667,167.70833333333334,600.0,84.70833333333333,1020.5958333333333,1018.8,18.766666666666666,17.5,,,,181.4411344685706,0.48552959862019385,0.0,0.0,0.0,0.0,0.0,0.0,,0.0,0,0,0.0,0.0,0.0,0.0,0.0,0.0,775.53,5.462499999999977,9.858333333333235,6.337499999999977,0.0,,,1.9458333333333364,0.3999999999999986,-0.025149889397108327,-0.9996836915061249,-0.025149889397108327,-0.9996836915061249,0.07730176273386878,-1.1638836375177406,117.0,144.0,,,0.0,6,0.0,0.0,0.7436111111111111,0.0,-0.0,14.725,-1.1416666666666657,244,9,2018,335
2019-09-02,0.0,4.2,0,0.0,18.4,24.3,21.05,4.2,2.2624999999999997,-0.5221767004160204,-0.7031294821392042,91.70833333333333,113.875,458.0,89.875,1020.4208333333332,1019.3,19.587500000000002,16.4,,,,237.4419712001182,0.4450490026078362,0.0,0.0,0.0,0.0,0.0,0.0,,0.0,0,0,0.0,0.0,0.0,0.0,0.0,0.0,775.53,-0.1750000000000682,8.96666666666647,5.517261904761881,0.0,,,1.4624999999999986,2.0,-0.8428468397363992,-0.5381535141076055,-0.8428468397363992,-0.5381535141076055,-0.4788795490065253,-0.6448283292451619,118.0,145.0,,,0.0,6,0.0,0.0,0.7149444444444444,0.0,-0.0,13.575,0.3374999999999986,245,9,2018,336
2019-09-03,0.0,7.3999999999999995,0,0.0,18.8,24.3,21.412499999999998,6.2,2.466666666666667,0.022204265823202535,0.06143543681357939,90.45833333333333,143.66666666666666,579.0,85.95833333333333,1019.7666666666668,1018.2,19.75,18.2,,,,330.666830616452,0.15550309157167466,0.0,0.0,0.0,0.0,0.0,0.0,,0.041666666666666664,0,0,0.0,0.0,0.0,0.0,0.0,0.0,775.53,-0.6541666666664696,4.633333333333439,4.325595238095275,0.0,,,1.6624999999999979,0.6000000000000014,-0.4898872236567482,0.8717858154947712,-0.4898872236567482,0.8717858154947712,0.02008560879257196,0.05557347221761701,119.0,146.0,,,0.0,6,0.0,0.0,0.730638888888889,0.0,-0.0,14.8,0.36249999999999716,246,9,2018,337
2019-09-04,0.0,7.0,0,0.0,17.6,25.7,20.879166666666666,5.9,2.954166666666667,1.3493595572553698,-1.228275172478066,94.66666666666667,154.125,600.0,95.70833333333333,1020.2875,1019.3,19.891666666666666,17.6,,,,116.83926622642619,0.34737490920714903,0.0,0.0,0.0,0.0,0.0,0.0,,0.0,0,0,0.0,0.0,0.0,0.0,0.0,0.0,775.53,0.5208333333332575,-0.3083333333332803,3.373809523809541,0.0,,,0.9875000000000007,0.0,0.8922766112441077,-0.4514891460785424,0.8922766112441077,-0.4514891460785424,1.2773937142017502,-1.162767163279236,120.0,147.0,,,0.0,6,0.0,0.0,0.751638888888889,0.0,-0.0,17.725,-0.5333333333333314,247,9,2018,338
2019-09-05,0.0,6.6000000000000005,0,0.0,19.1,25.1,21.7,5.1,3.3791666666666664,1.1581480590407855,-2.232040691812786,95.875,134.33333333333334,535.0,98.75,1020.4666666666667,1019.4,20.970833333333335,19.1,,,,152.1934654838344,0.7651961125942739,0.0,0.0,0.0,0.0,0.0,0.0,,0.0,0,0,0.0,0.0,0.0,0.0,0.0,0.0,775.53,0.17916666666667425,0.04583333333346218,2.163095238095252,0.0,,,0.7291666666666643,0.0,0.4664875227247843,-0.8845277786152869,0.4664875227247843,-0.8845277786152869,1.110374451605353,-2.139969013275509,121.0,148.0,,,0.0,6,0.0,0.0,0.7424722222222222,0.0,-0.0,20.275,0.8208333333333329,248,9,2018,339
2019-09-06,0.0,0.2,0,0.0,19.6,27.0,22.8,7.4,4.345833333333333,0.6114506200712686,-3.3797101057944032,88.29166666666667,233.75,600.0,80.16666666666667,1019.6083333333332,1018.1,20.566666666666666,19.4,,,,175.60660010909655,0.7498567706715699,0.0,0.0,0.0,0.0,0.0,0.0,,0.0,0,0,0.0,0.0,0.0,0.0,0.0,0.0,775.53,-0.8583333333334622,-0.1583333333335304,0.13988095238073583,0.0,,,2.2333333333333343,0.20000000000000284,0.07660417348751623,-0.9970615831553709,0.07660417348751623,-0.9970615831553709,0.539859943304591,-2.984002380907642,122.0,149.0,,,0.0,6,0.0,0.0,0.7834722222222222,0.0,-0.0,26.075,1.1000000000000014,249,9,2018,340
2019-09-07,0.0,0.0,0,0.0,18.1,27.7,23.016666666666666,9.2,6.191666666666666,0.9607044262471703,-4.876019981081261,83.83333333333333,278.0416666666667,600.0,87.75,1018.0833333333334,1016.0,19.820833333333333,18.0,,,,178.1657878100016,0.7581246339165609,0.0,0.0,0.0,0.0,0.0,0.0,,0.0,0,0,0.0,0.0,0.0,0.0,0.0,0.0,775.53,-1.5249999999998636,-2.2041666666666515,-1.806547619047592,0.0,,,3.195833333333333,0.10000000000000142,0.03200757416236595,-0.9994876263347339,0.03200757416236595,-0.9994876263347339,0.8053905440038777,-4.08773008413979,123.0,150.0,,,0.0,6,0.0,0.0,0.798138888888889,0.0,-0.0,37.15,0.216666666666665,250,9,2018,341
2019-09-08,0.0,0.4,0,0.0,19.6,27.9,23.416666666666668,10.3,6.504166666666666,1.3349300925146779,-5.529773585934926,87.41666666666667,264.25,600.0,41.958333333333336,1015.5833333333334,1013.2,21.025000000000002,19.5,,,,172.2787145624122,0.8636816019114878,0.0,0.0,0.0,0.0,0.0,0.0,,0.375,0,0,0.0,0.0,0.0,0.0,0.0,0.0,775.53,-2.5,-4.883333333333326,-3.5904761904761244,0.0,,,2.3916666666666657,0.10000000000000142,0.13435432738250297,-0.9909333553340482,0.13435432738250297,-0.9909333553340482,1.166951389206581,-4.833943743038114,124.0,151.0,,,0.0,6,0.0,0.0,0.8008888888888889,0.0,-0.0,39.025,0.40000000000000213,251,9,2018,342
2019-09-09,0.0,16.4,0,0.0,20.6,27.3,23.7,12.4,6.254166666666666,-2.942088754585359,5.148419117629175,87.875,196.83333333333334,600.0,70.41666666666667,1013.4875000000001,1011.2,21.441666666666666,19.8,,,,325.97845057768967,0.9067760206406351,0.0,0.0,0.0,0.0,0.0,0.0,,0.25,0,0,0.0,0.0,0.0,0.0,0.0,0.0,775.53,-2.095833333333303,-6.120833333333167,-4.695833333333326,0.0,,,2.258333333333333,0.8000000000000007,-0.559504671883471,0.828827196791086,-0.559504671883471,0.828827196791086,-2.5853604930918848,4.5241732996166375,125.0,152.0,,,0.0,6,0.0,0.0,0.7574722222222222,0.0,-0.0,37.525,0.28333333333333144,252,9,2018,343
2019-09-10,0.0,2.9,0,0.0,18.8,27.7,23.28333333333333,4.3,1.9958333333333333,-0.9403385573050294,0.6132308602640343,87.91666666666667,208.0,600.0,43.875,1017.6625,1016.4,20.966666666666665,17.4,,,,307.2186057388244,0.489853946074986,0.0,0.0,0.0,0.0,0.0,0.0,,0.25,0,0,0.0,0.0,0.0,0.0,0.0,0.0,775.53,4.1749999999999545,-0.4208333333333485,-0.22023809523807358,0.0,,,2.3166666666666664,1.4000000000000021,-0.7963335437120451,0.6048577412574103,-0.7963335437120451,0.6048577412574103,-0.826714314964005,0.5391321313154634,126.0,153.0,,,0.0,6,0.0,0.0,0.7650555555555556,0.0,-0.0,11.975,-0.41666666666666785,253,9,2018,344
2019-09-11,0.0,11.9,0,0.0,19.3,27.4,22.729166666666668,5.4,2.4916666666666667,-1.495327432510652,0.4977095044228683,92.33333333333333,172.29166666666666,600.0,71.5,1016.2041666666668,1013.6,21.349999999999998,19.2,,,,274.21764154248365,0.6375230581386319,0.0,0.0,0.0,0.0,0.0,0.0,,0.0,0,0,0.0,0.0,0.0,0.0,0.0,0.0,775.53,-1.4583333333332575,0.620833333333394,-1.0952380952380736,0.0,,,1.37916666666667,0.10000000000000142,-0.9972918796892672,0.07354526977208013,-0.9972918796892672,0.07354526977208013,-1.3806856626848352,0.4595517757504484,127.0,154.0,,,0.0,6,0.0,0.0,0.7559722222222222,0.0,-0.0,14.95,-0.5541666666666636,254,9,2018,345
2019-09-12,0.0,0.7,0,0.0,17.0,23.0,19.208333333333332,9.0,5.0625,1.1756784225347732,3.5768598748837372,83.70833333333333,205.79166666666666,600.0,92.625,1016.8249999999999,1015.5,16.216666666666665,14.4,,,,32.10470871434782,0.6920310333785952,0.0,0.0,0.0,0.0,0.0,0.0,,0.0,0,0,0.0,0.0,0.0,0.0,0.0,0.0,775.53,0.6208333333331666,3.3374999999998636,0.04583333333334849,0.0,,,2.991666666666667,2.5999999999999996,0.5314681963791534,0.8470782468210889,0.5314681963791534,0.8470782468210889,0.9841408128634829,2.994129786933928,128.0,155.0,,,0.0,6,0.0,0.0,0.7495555555555554,0.0,-0.0,30.375,-3.5208333333333357,255,9,2018,346
2019-09-13,0.0,0.0,0,0.0,15.0,23.4,18.1375,9.5,5.2124999999999995,3.622396870630227,-3.230370246434663,89.33333333333333,195.66666666666666,600.0,85.45833333333333,1017.0541666666667,1015.5,16.25,14.5,,,,127.8978902595239,0.9069194881018188,0.0,0.0,0.0,0.0,0.0,0.0,,0.0,0,0,0.0,0.0,0.0,0.0,0.0,0.0,775.53,0.22916666666674246,-0.6083333333333485,0.6398809523809632,0.0,,,1.8874999999999993,0.5,0.7891067034588085,-0.6142561440933025,0.7891067034588085,-0.6142561440933025,3.236007871096336,-2.885797420148299,129.0,156.0,,,0.0,6,0.0,0.0,0.7615555555555554,0.0,-0.0,31.275,-1.0708333333333329,256,9,2018,347
2019-09-14,0.0,0.2,0,0.0,13.8,24.4,19.104166666666668,6.6,4.466666666666667,1.8128630010084705,-3.3125302610425127,85.41666666666667,208.625,600.0,53.083333333333336,1015.9166666666666,1013.4,16.4375,13.4,,,,152.37215810152273,0.8364140359714951,0.0,0.0,0.0,0.0,0.0,0.0,,0.0,0,0,0.0,0.0,0.0,0.0,0.0,0.0,775.53,-1.1375000000000455,-0.2875000000001364,-0.18809523809534312,0.0,,,2.666666666666668,0.40000000000000036,0.4637266157889484,-0.8859783438712986,0.4637266157889484,-0.8859783438712986,1.5484871466947354,-2.8294529313071464,130.0,157.0,,,0.0,6,0.0,0.0,0.757138888888889,0.0,-0.0,26.8,0.9666666666666686,257,9,2018,348
2019-09-15,0.0,0.0,0,0.0,15.8,25.5,20.625,8.7,4.945833333333334,1.5370123647884084,-3.4202241160715747,85.91666666666667,228.5,600.0,34.416666666666664,1012.4958333333334,1010.2,17.9875,15.8,,,,179.19075656049742,0.543064702280228,0.0,0.0,0.0,0.0,0.0,0.0,,0.5416666666666666,0,0,0.0,0.0,0.0,0.0,0.0,0.0,775.53,-3.420833333333235,-4.329166666666538,-3.1678571428572013,0.0,,,2.6374999999999993,0.0,0.014123492884627584,-0.9999002585001855,0.014123492884627584,-0.9999002585001855,1.3205497900807077,-2.9385425530581615,131.0,158.0,,,0.0,6,0.0,0.0,0.7720555555555556,0.0,-0.0,29.675000000000004,1.5208333333333321,258,9,2018,349
2019-09-16,0.0,1.5,0,0.0,17.5,26.3,21.337500000000002,8.5,5.666666666666667,-1.27500870178471,1.8594816218379393,84.04166666666667,159.41666666666666,600.0,54.125,1007.5,1005.4,18.425,15.2,,,,325.61243798672376,0.3104946920796089,0.0,0.0,0.0,0.0,0.0,0.0,,0.25,0,0,0.0,0.0,0.0,0.0,0.0,0.0,775.53,-4.995833333333394,-9.554166666666674,-7.308333333333394,0.0,,,2.9125000000000014,2.3000000000000007,-0.5647878713235257,0.8252361240310804,-0.5647878713235257,0.8252361240310804,-1.0715385631249001,1.5627393463529682,132.0,159.0,,,0.0,6,0.0,0.0,0.71975,0.0,-0.0,34.0,0.7125000000000021,259,9,2018,350
2019-09-17,0.0,0.2,0,0.0,18.2,24.0,20.541666666666668,6.3,4.5375000000000005,2.1392451746274674,1.5124810419534966,87.70833333333333,160.33333333333334,600.0,76.70833333333333,1012.7041666666668,1009.9,18.325,17.3,,,,54.622618172651784,0.5601367486094446,0.0,0.0,0.0,0.0,0.0,0.0,,0.0,0,0,0.0,0.0,0.0,0.0,0.0,0.0,775.53,5.204166666666765,-3.2124999999998636,-1.3958333333332575,0.0,,,2.2166666666666686,0.8999999999999986,0.815356410162119,0.5789593460749575,0.815356410162119,0.5789593460749575,1.8762962885795078,1.326571913880046,133.0,160.0,,,0.0,6,0.0,0.0,0.7325833333333334,0.0,-0.0,27.225,-0.7958333333333343,260,9,2018,351
2019-09-18,0.0,10.9,0,0.0,16.0,22.8,19.008333333333333,9.3,4.604166666666667,0.7903903999809776,2.309780122961025,93.33333333333333,126.45833333333333,600.0,85.0,1013.4583333333334,1010.9,17.879166666666666,15.3,,,,42.47122573150617,0.4642309488259163,0.0,0.0,0.0,0.0,0.0,0.0,,0.0,0,0,0.0,0.0,0.0,0.0,0.0,0.0,775.53,0.754166666666606,0.9624999999999773,-0.24940476190465688,0.0,,,1.1291666666666664,0.6999999999999993,0.675219857536213,0.7376165290913539,0.675219857536213,0.7376165290913539,0.7376977066489124,2.1557947814302896,134.0,161.0,,,0.0,6,0.0,0.0,0.7287499999999999,0.0,-0.0,27.625,-1.533333333333335,261,9,2018,352
2019-09-19,0.0,1.3,0,0.0,12.6,19.8,15.887500000000001,9.0,4.45,0.2369103101712032,4.116158179569474,84.25,195.16666666666666,600.0,79.20833333333333,1016.8125,1015.4,13.066666666666668,12.1,,,,14.18431926547979,0.8611705913290086,0.0,0.0,0.0,0.0,0.0,0.0,,0.0,0,0,0.0,0.0,0.0,0.0,0.0,0.0,775.53,3.3541666666666288,9.3125,3.1065476190475465,0.0,,,2.820833333333333,0.5,0.2450420584590069,0.9695124494229935,0.2450420584590069,0.9695124494229935,0.1995969363192387,3.467863266287282,135.0,162.0,,,0.0,6,0.0,0.0,0.7442777777777779,0.0,-0.0,26.700000000000003,-3.120833333333332,262,9,2018,353
2019-09-20,0.0,0.0,0,0.0,10.6,20.2,15.245833333333332,4.8,2.8708333333333336,1.1322426502560041,0.7342789371320274,78.29166666666667,179.875,600.0,90.625,1019.1916666666666,1017.9,11.070833333333333,8.2,,,,37.57217440686424,0.4529272484157934,0.0,0.0,0.0,0.0,0.0,0.0,,0.0,0,0,0.0,0.0,0.0,0.0,0.0,0.0,775.53,2.379166666666606,6.487499999999841,5.180357142857133,0.0,,,4.174999999999999,2.4000000000000004,0.6097603179114693,0.7925858658218072,0.6097603179114693,0.7925858658218072,0.8864516415962633,0.5748792178629498,136.0,163.0,,,0.0,6,0.0,0.0,0.7142222222222223,0.0,-0.0,17.225,-0.6416666666666693,263,9,2018,354
2019-09-21,0.0,4.7,0,0.0,14.5,17.9,15.945833333333333,5.1,3.4958333333333336,2.376593060230002,-1.9345605403965942,89.29166666666667,66.95833333333333,300.0,99.25,1022.4833333333332,1021.1,14.137500000000001,11.3,,,,129.0181876805957,0.8588751668849638,0.0,0.0,0.0,0.0,0.0,0.0,,0.0,0,0,0.0,0.0,0.0,0.0,0.0,0.0,775.53,3.2916666666666288,9.024999999999864,7.5339285714285325,0.0,,,1.8083333333333318,3.1999999999999993,0.7769461540442973,-0.6295670525970803,0.7769461540442973,-0.6295670525970803,2.122099553363706,-1.7274013491957922,137.0,164.0,,,0.0,6,0.0,0.0,0.675611111111111,0.0,-0.0,20.975,0.7000000000000011,264,9,2018,355
2019-09-22,0.0,2.6999999999999997,0,0.0,13.9,20.0,16.787499999999998,9.7,6.1875,3.4203075989492286,-4.59689537190808,94.20833333333333,120.70833333333333,422.0,99.0,1019.7958333333332,1015.8,15.808333333333332,13.6,,,,139.7863276027706,0.9234022392467982,0.0,0.0,0.0,0.0,0.0,0.0,,0.0,0,0,0.0,0.0,0.0,0.0,0.0,0.0,775.53,-2.6875,2.983333333333235,3.803571428571331,0.0,,,0.9791666666666661,0.3000000000000007,0.645639932729661,-0.7636419823875837,0.645639932729661,-0.7636419823875837,3.2222147838434188,-4.330658514951737,138.0,165.0,,,0.0,6,0.0,0.0,0.7278333333333333,0.0,-0.0,37.125,0.841666666666665,265,9,2018,356
2019-09-23,0.0,11.0,0,0.0,16.7,27.9,20.958333333333332,16.6,8.841666666666667,0.9643478330753408,-7.030214883257742,92.79166666666667,179.33333333333334,600.0,85.41666666666667,1008.975,1004.1,19.620833333333334,16.7,,,,182.23347873759926,0.617225355531105,0.0,0.0,0.0,0.0,0.0,0.0,,0.125,0,0,0.0,0.0,0.0,0.0,0.0,0.0,775.53,-10.820833333333212,-10.216666666666583,-7.227976190476056,0.0,,,1.3374999999999986,0.0,-0.038971686013162685,-0.999240315284212,-0.038971686013162685,-0.999240315284212,0.8948344267744933,-6.523453560422913,139.0,166.0,,,0.0,6,0.0,0.0,0.7621944444444445,0.0,-0.0,53.05,4.170833333333334,266,9,2018,357
2019-09-24,0.0,2.8000000000000003,0,0.0,15.2,22.0,18.474999999999998,6.4,3.9333333333333336,-1.1913433467631143,3.1637208398915533,88.20833333333333,182.625,600.0,60.958333333333336,1015.3708333333334,1013.4,16.445833333333333,14.4,,,,340.1173101183903,0.7805080238813081,0.0,0.0,0.0,0.0,0.0,0.0,,0.125,0,0,0.0,0.0,0.0,0.0,0.0,0.0,775.53,6.395833333333371,-7.112499999999841,-1.213095238095093,0.0,,,2.029166666666665,0.7999999999999989,-0.34009545618844456,0.940390919075665,-0.34009545618844456,0.940390919075665,-1.050864110457297,2.790665424187674,140.0,167.0,,,0.0,6,0.0,0.0,0.7491111111111112,0.0,-0.0,23.6,-2.4833333333333343,267,9,2018,358
2019-09-25,0.0,0.2,0,0.0,12.7,20.2,16.6125,9.4,4.8500000000000005,-0.9277653078505783,4.4693488153302665,77.04166666666667,240.29166666666666,600.0,41.5,1022.7875,1019.4,12.258333333333333,9.7,,,,345.3122700486722,0.9239762622130775,0.0,0.0,0.0,0.0,0.0,0.0,,0.2916666666666667,0,0,0.0,0.0,0.0,0.0,0.0,0.0,775.53,7.416666666666629,2.991666666666788,4.870833333333394,0.0,,,4.354166666666668,3.0,-0.25355079571954703,0.9673220735566745,-0.25355079571954703,0.9673220735566745,-0.7147658559232164,3.44326081647736,141.0,168.0,,,0.0,6,0.0,0.0,0.7503333333333334,0.0,-0.0,29.1,-1.8624999999999972,268,9,2018,359
2019-09-26,0.0,0.0,0,0.0,14.0,23.7,18.141666666666666,4.0,2.558333333333333,-0.2714257474396154,-0.5925188858211546,75.20833333333333,233.70833333333334,600.0,47.916666666666664,1026.9875,1025.5,13.4375,10.1,,,,191.8655306783627,0.13412341468532793,0.0,0.0,0.0,0.0,0.0,0.0,,0.20833333333333334,0,0,0.0,0.0,0.0,0.0,0.0,0.0,775.53,4.199999999999932,18.012499999999932,7.617261904761904,0.0,,,4.704166666666666,3.9000000000000004,-0.2056154740256101,-0.9786328611084055,-0.2056154740256101,-0.9786328611084055,-0.2041347808868774,-0.4456235787113267,142.0,169.0,,,0.0,6,0.0,0.0,0.7398333333333333,0.0,-0.0,15.349999999999998,1.529166666666665,269,9,2018,360
2019-09-27,0.0,0.0,0,0.0,12.1,24.3,18.933333333333334,7.7,3.8333333333333335,0.28764348529619554,-2.6740538796623383,69.875,242.20833333333334,600.0,36.25,1027.9291666666666,1026.3,12.625,10.0,,,,206.41325820222664,0.5770892759222205,0.0,0.0,0.0,0.0,0.0,0.0,,0.5,0,0,0.0,0.0,0.0,0.0,0.0,0.0,775.53,0.941666666666606,12.558333333333167,7.310714285714198,0.0,,,6.308333333333334,2.0999999999999996,-0.4448424343369176,-0.8956088479985027,-0.4448424343369176,-0.8956088479985027,0.20099088535071666,-1.8684951484140588,143.0,170.0,,,0.0,6,0.0,0.0,0.7277222222222223,0.0,-0.0,23.0,0.7916666666666679,270,9,2018,361
2019-09-28,0.0,10.0,0,0.0,16.8,23.1,18.741666666666667,6.9,3.220833333333333,1.058378430546766,-1.5871247486264037,83.16666666666667,91.54166666666667,600.0,90.5,1024.3083333333334,1021.8,15.729166666666666,12.0,,,,160.82274386291016,0.4863288707502216,0.0,0.0,0.0,0.0,0.0,0.0,,0.0,0,0,0.0,0.0,0.0,0.0,0.0,0.0,775.53,-3.6208333333331666,1.5208333333333712,3.4291666666666742,0.0,,,3.012500000000001,4.800000000000001,0.32849174563990624,-0.9445068411856249,0.32849174563990624,-0.9445068411856249,0.8802180614047272,-1.3199587492742924,144.0,171.0,,,0.0,6,0.0,0.0,0.6715833333333333,0.0,-0.0,19.325,-0.19166666666666643,271,9,2018,362
2019-09-29,0.0,2.5,0,0.0,17.8,24.1,20.029166666666665,3.8,2.191666666666667,-0.9210238183498602,-0.07158109577759968,85.04166666666667,145.83333333333334,600.0,80.08333333333333,1018.7083333333334,1016.5,17.325,13.7,,,,263.68560380535234,0.2923333022575382,0.0,0.0,0.0,0.0,0.0,0.0,,0.0,0,0,0.0,0.0,0.0,0.0,0.0,0.0,775.53,-5.600000000000023,-8.279166666666583,-2.0154761904761926,0.0,,,2.7041666666666657,4.100000000000001,-0.9939333521277149,-0.10998405124454962,-0.9939333521277149,-0.10998405124454962,-0.7832540055216937,-0.06087375686753373,145.0,172.0,,,0.0,6,0.0,0.0,0.7140277777777778,0.0,-0.0,13.150000000000002,1.2874999999999979,272,9,2018,363
2019-09-30,0.0,0.4,0,0.0,16.1,24.0,19.458333333333332,4.7,2.558333333333333,-0.3087909025215252,0.989488676304183,88.45833333333333,181.04166666666666,600.0,74.41666666666667,1019.4125,1018.1,17.316666666666666,15.8,,,,347.2440580462606,0.48594428732907846,0.0,0.0,0.0,0.0,0.0,0.0,,0.0,0,0,0.0,0.0,0.0,0.0,0.0,0.0,775.53,0.7041666666666515,-8.516666666666538,-2.8023809523810996,0.0,,,2.1416666666666657,0.3000000000000007,-0.2207985833257625,0.9753194274704756,-0.2207985833257625,0.9753194274704756,-0.27315128585549914,0.8752851915807419,146.0,173.0,,,0.0,6,0.0,0.0,0.7488888888888888,0.0,-0.0,15.349999999999998,-0.5708333333333329,273,9,2018,364
2019-10-01,0.0,0.1,0,0.0,14.8,23.9,19.404166666666665,7.1,2.891666666666667,0.7191704260026651,-0.9122793986243817,81.125,205.91666666666666,600.0,40.291666666666664,1022.6208333333334,1021.1,15.879166666666668,13.9,,,,260.2966053659494,0.16208484556308272,0.0,0.0,0.0,0.0,0.0,0.0,,0.25,0,0,0.0,0.0,0.0,0.0,0.0,0.0,0.0,0.0,0.0,0.0,0.0,,,3.524999999999997,0.9000000000000004,-0.9856934847773783,-0.16854777977602753,-0.9856934847773783,-0.16854777977602753,0.5834270080946621,-0.7400866621340296,147.0,174.0,,,0.0,0,0.0,0.0,0.7410277777777777,0.0,-0.0,0.0,-0.05416666666666714,274,10,2019,0
2019-10-02,0.0,1.1,0,0.0,13.3,23.8,19.191666666666666,6.5,3.4499999999999997,0.2518881248190833,-2.088168827925565,77.04166666666667,172.95833333333334,600.0,72.5,1022.0541666666667,1020.3,14.933333333333332,9.6,,,,191.79049656135143,0.510829828449543,0.0,0.0,0.0,0.0,0.0,0.0,,0.041666666666666664,0,0,0.0,0.0,0.0,0.0,0.0,0.0,0.0,-0.5666666666667197,0.0,-0.2833333333334167,0.0,,,4.258333333333335,3.700000000000001,-0.20433368792276949,-0.9789012942988073,-0.20433368792276949,-0.9789012942988073,0.19405880949603543,-1.6087600678476541,148.0,175.0,,,0.0,1,0.0,0.0,0.7054444444444444,0.0,-0.0,3.4499999999999997,-0.21249999999999858,275,10,2019,1
2019-10-03,0.0,9.6,0,0.0,15.6,21.4,17.779166666666665,11.6,7.904166666666666,3.661836858402775,-6.892310467822246,92.08333333333333,134.54166666666666,568.0,93.20833333333333,1015.6166666666667,1011.0,16.325,13.6,,,,153.69346025298654,0.9867123327162994,0.0,0.0,0.0,0.0,0.0,0.0,,0.0,0,0,0.0,0.0,0.0,0.0,0.0,0.0,0.0,-6.4375,0.0,-4.480555555555611,0.0,,,1.4541666666666657,2.0,0.44317351300441915,-0.8964358523460125,0.44317351300441915,-0.8964358523460125,3.3719414404458887,-6.346669222452984,149.0,176.0,,,0.0,2,0.0,0.0,0.7299722222222221,0.0,-0.0,15.808333333333332,-1.4125000000000014,276,10,2019,2
2019-10-04,0.0,26.3,0,0.0,15.7,19.7,17.5,11.3,5.891666666666667,-0.05507840461594885,-2.549569628881013,97.75,87.79166666666667,358.0,84.25,1006.4250000000001,1003.2,17.125,15.6,,,,186.0362651685028,0.2977561277859212,0.0,0.0,0.0,0.0,0.0,0.0,,0.08333333333333333,0,0,0.0,0.0,0.0,0.0,0.0,0.0,0.0,-9.191666666666606,-16.195833333333326,-10.254166666666606,0.0,,,0.375,0.09999999999999964,-0.10515792153394976,-0.9944555352245065,-0.10515792153394976,-0.9944555352245065,-0.05383914051209,-2.4922043122311903,150.0,177.0,,,0.0,3,0.0,0.0,0.7176944444444445,0.0,-0.0,17.675,-0.279166666666665,277,10,2019,3
2019-10-05,0.0,1.3,0,0.0,14.7,23.2,17.9875,6.1,3.983333333333333,-0.616662399111515,3.548772046701456,87.375,175.875,600.0,70.58333333333333,1013.3249999999999,1010.2,15.620833333333332,14.2,,,,353.18784849160784,0.8675274115616466,0.0,0.0,0.0,0.0,0.0,0.0,,0.125,0,0,0.0,0.0,0.0,0.0,0.0,0.0,0.0,6.899999999999864,-8.729166666666742,-2.6833333333335077,0.0,,,2.366666666666669,0.5,-0.11861455757058378,0.9929403742080058,-0.11861455757058378,0.9929403742080058,-0.5388087712236862,3.1007395758053975,151.0,178.0,,,0.0,4,0.0,0.0,0.7418333333333335,0.0,-0.0,15.933333333333332,0.4875000000000007,278,10,2019,4
2019-10-06,0.0,2.6999999999999997,0,0.0,13.7,17.8,15.200000000000001,8.8,5.408333333333334,1.2326360141869264,3.382157531743528,89.875,114.45833333333333,556.0,83.20833333333333,1020.2958333333332,1016.0,13.5,12.9,,,,20.23916038800196,0.6187678757156749,0.0,0.0,0.0,0.0,0.0,0.0,,0.0,0,0,0.0,0.0,0.0,0.0,0.0,0.0,0.0,6.970833333333303,4.679166666666561,3.5729166666666288,0.0,,,1.700000000000001,0.7999999999999989,0.3459395573562146,0.9382567999520101,0.3459395573562146,0.9382567999520101,1.1078316177505,3.039714081654496,152.0,179.0,,,0.0,5,0.0,0.0,0.7092222222222223,0.0,-0.0,27.04166666666667,-2.7874999999999996,279,10,2019,5
2019-10-07,0.0,7.1,0,0.0,12.5,17.4,14.683333333333332,9.2,5.233333333333333,3.2529946278517845,-3.988862723694655,96.83333333333333,81.70833333333333,444.0,97.95833333333333,1021.6374999999999,1018.4,14.158333333333333,12.2,,,,140.21659209479628,0.9806119935977968,0.0,0.0,0.0,0.0,0.0,0.0,,0.0,0,0,0.0,0.0,0.0,0.0,0.0,0.0,0.0,1.341666666666697,15.212499999999864,4.212499999999864,0.0,,,0.5249999999999986,0.3000000000000007,0.6398871879701544,-0.7684688586219017,0.6398871879701544,-0.7684688586219017,3.1499831313031446,-3.862548737444324,153.0,180.0,,,0.0,6,0.0,0.0,0.7105833333333332,0.0,-0.0,31.4,-0.5166666666666693,280,10,2019,6
2019-10-08,0.0,21.5,0,0.0,10.3,20.4,16.054166666666667,6.0,3.095833333333333,0.11988148927499902,-0.19816414692828818,97.33333333333333,86.75,420.0,91.08333333333333,1012.3125,1009.3,15.616666666666667,10.2,,,,280.7217309040799,0.08169942775775697,0.0,0.0,0.0,0.0,0.0,0.0,,0.041666666666666664,0,0,0.0,0.0,0.0,0.0,0.0,0.0,0.0,-9.324999999999932,-1.0124999999999318,-3.6398809523808495,0.0,,,0.4375,0.10000000000000142,-0.9825423070119622,0.18603928330223993,-0.9825423070119622,0.18603928330223993,0.11668464956099904,-0.19287976967686718,154.0,181.0,,,0.0,6,0.0,0.0,0.7156111111111111,0.0,-0.0,18.575,1.3708333333333353,281,10,2019,7
2019-10-09,0.0,1.3,0,0.0,8.5,17.2,12.908333333333333,8.1,4.991666666666666,0.1802901203673987,1.854674467614207,77.20833333333333,228.54166666666666,600.0,21.666666666666668,1018.1374999999999,1014.6,8.629166666666666,5.4,,,,10.062005578469256,0.31992805310085964,0.0,0.0,0.0,0.0,0.0,0.0,,0.7916666666666666,0,0,0.0,0.0,0.0,0.0,0.0,0.0,0.0,5.824999999999932,-2.158333333333303,2.7446428571428214,0.0,,,4.279166666666667,3.0999999999999996,0.17471383620043426,0.984619254047029,0.17471383620043426,0.984619254047029,0.13919899710032907,1.4319632452038022,155.0,182.0,,,0.0,6,0.0,0.0,0.7430555555555555,0.0,-0.0,29.949999999999996,-3.145833333333334,282,10,2019,8
2019-10-10,0.0,0.0,0,0.0,11.8,21.2,15.816666666666668,7.9,5.020833333333333,1.1997107078426659,-3.7364002205333837,72.625,225.45833333333334,600.0,10.333333333333334,1019.3416666666667,1016.5,10.679166666666667,7.0,,,,173.17824394665473,0.72457622266322,0.0,0.0,0.0,0.0,0.0,0.0,,0.8333333333333334,0,0,0.0,0.0,0.0,0.0,0.0,0.0,0.0,1.2041666666667652,-2.295833333333235,3.4166666666667425,0.0,,,5.137500000000001,4.800000000000001,0.11878100342419445,-0.9929204767883184,0.11878100342419445,-0.9929204767883184,0.871289901570736,-2.71356066016237,156.0,183.0,,,0.0,6,0.0,0.0,0.7257222222222222,0.0,-0.0,30.125,2.908333333333335,283,10,2019,9
2019-10-11,0.0,1.3,0,0.0,12.0,22.2,17.958333333333332,7.4,4.691666666666666,0.3793598939070366,-3.5467419240272466,83.0,127.91666666666667,503.0,80.33333333333333,1016.2083333333334,1013.7,14.916666666666666,10.7,,,,179.64145764104018,0.7528584577386794,0.0,0.0,0.0,0.0,0.0,0.0,,0.16666666666666666,0,0,0.0,0.0,0.0,0.0,0.0,0.0,0.0,-3.1333333333333258,3.8958333333333712,-1.1142857142856428,0.0,,,3.041666666666666,1.3000000000000007,0.006257703830241314,-0.9999804203797057,0.006257703830241314,-0.9999804203797057,0.3148687119428404,-2.9437957969426147,157.0,184.0,,,0.0,6,0.0,0.0,0.6952777777777778,0.0,-0.0,28.15,2.141666666666664,284,10,2019,10
2019-10-12,0.0,129.7,0,0.0,15.6,18.7,17.25,27.4,13.870833333333332,-3.0300941439548374,9.840953923771398,98.16666666666667,15.75,71.0,100.0,1002.5375,991.5,16.941666666666666,15.4,,,,348.1684341897026,0.46118444456748625,0.0,0.0,0.0,0.0,0.0,0.0,,0.0,0,0,0.0,0.0,0.0,0.0,0.0,0.0,0.0,-13.670833333333348,-15.599999999999909,-13.244047619047478,0.0,,,0.30833333333333357,0.1999999999999993,-0.20503530556795574,0.9787545777520813,-0.20503530556795574,0.9787545777520813,-2.9745424179823323,9.660536435168924,158.0,185.0,,,0.0,6,0.0,0.0,0.6710555555555556,0.0,-0.0,83.225,-0.7083333333333321,285,10,2019,11
2019-10-13,0.0,22.0,0,0.0,11.7,15.4,13.924999999999999,20.7,10.520833333333334,-2.6471035206246616,7.462722390252611,85.625,119.91666666666667,477.0,66.625,1014.2083333333334,995.5,11.404166666666667,4.5,,,,355.56277356203884,0.45775604631724415,0.0,0.0,0.0,0.0,0.0,0.0,,0.25,0,0,0.0,0.0,0.0,0.0,0.0,0.0,0.0,11.670833333333348,-5.133333333333326,-0.7035714285714221,0.0,,,2.520833333333332,7.199999999999999,-0.07736682090197307,0.9970026955949126,-0.07736682090197307,0.9970026955949126,-2.2665823895348667,6.389956046653798,159.0,186.0,,,0.0,6,0.0,0.0,0.6986944444444445,0.0,-0.0,63.125,-3.325000000000001,286,10,2019,12
2019-10-14,0.0,8.9,0,0.0,10.9,17.9,14.0375,6.2,3.5041666666666664,1.4864299392009428,-1.0295395854184066,88.875,77.91666666666667,502.0,83.79166666666667,1021.4291666666667,1019.8,12.120833333333332,7.6,,,,118.97157176118104,0.4898288516328498,0.0,0.0,0.0,0.0,0.0,0.0,,0.041666666666666664,0,0,0.0,0.0,0.0,0.0,0.0,0.0,0.0,7.220833333333303,5.220833333333303,6.547023809523921,0.0,,,1.9166666666666679,3.3000000000000007,0.8748601457005402,-0.48437560370525434,0.8748601457005402,-0.48437560370525434,1.321064608464838,-0.9150033065406089,160.0,187.0,,,0.0,6,0.0,0.0,0.6815277777777777,0.0,-0.0,21.025,0.11250000000000071,287,10,2019,13
2019-10-15,0.0,3.2,0,0.0,9.3,13.3,11.2125,9.3,5.966666666666666,0.28425858867912507,5.5280995091816685,91.58333333333333,85.0,423.0,96.125,1024.1916666666666,1021.6,9.862499999999999,8.0,,,,12.847638277771834,0.8531802487303156,0.0,0.0,0.0,0.0,0.0,0.0,,0.0,0,0,0.0,0.0,0.0,0.0,0.0,0.0,0.0,2.762499999999932,21.654166666666583,7.6124999999999545,0.0,,,1.3500000000000014,1.3000000000000007,0.2223592038047988,0.9749648119205615,0.2223592038047988,0.9749648119205615,0.26033349079863205,5.062817800492211,161.0,188.0,,,0.0,6,0.0,0.0,0.6575,0.0,-0.0,35.8,-2.8249999999999993,288,10,2019,14
2019-10-16,0.0,0.0,0,0.0,9.1,17.3,12.083333333333334,4.1,2.2333333333333334,1.5934717672970224,-0.03019288180349237,84.95833333333333,187.625,600.0,58.333333333333336,1024.7708333333333,1021.6,9.3375,8.5,,,,76.40992159188332,0.7091329854764666,0.0,0.0,0.0,0.0,0.0,0.0,,0.25,0,0,0.0,0.0,0.0,0.0,0.0,0.0,0.0,0.5791666666666515,10.562499999999886,7.244047619047592,0.0,,,2.7458333333333336,0.5999999999999996,0.9720017042593742,0.23497380049033564,0.9720017042593742,0.23497380049033564,1.3537870556327618,-0.025651369165550393,162.0,189.0,,,0.0,6,0.0,0.0,0.7416111111111111,0.0,-0.0,13.4,0.8708333333333336,289,10,2019,15
2019-10-17,0.0,0.3,0,0.0,8.7,18.2,13.0375,4.9,2.375,0.912786577957356,-0.4475207925502788,80.45833333333333,151.91666666666666,545.0,74.58333333333333,1025.2124999999999,1023.3,9.508333333333333,6.8,,,,100.22854557372696,0.21984083968515253,0.0,0.0,0.0,0.0,0.0,0.0,,0.16666666666666666,0,0,0.0,0.0,0.0,0.0,0.0,0.0,0.0,0.44166666666660603,3.7833333333331893,6.847023809523648,0.0,,,3.529166666666667,1.8999999999999995,0.984107259684836,-0.17757505859664743,0.984107259684836,-0.17757505859664743,0.7344128675148559,-0.3600677710060785,163.0,190.0,,,0.0,6,0.0,0.0,0.7028055555555556,0.0,-0.0,14.25,0.9541666666666657,290,10,2019,16
2019-10-18,0.0,5.7,0,0.0,11.2,17.5,13.395833333333334,9.4,6.354166666666667,3.9071172639277916,-4.328533484127574,94.0,110.54166666666667,555.0,87.70833333333333,1026.0833333333333,1023.5,12.429166666666667,10.5,,,,130.7276342738793,0.8457189742209469,0.0,0.0,0.0,0.0,0.0,0.0,,0.0,0,0,0.0,0.0,0.0,0.0,0.0,0.0,0.0,0.870833333333394,1.8916666666666515,6.307142857142821,0.0,,,0.9666666666666668,0.6999999999999993,0.7578197350586466,-0.6524639830332726,0.7578197350586466,-0.6524639830332726,3.672690228092124,-4.068821475079919,164.0,191.0,,,0.0,6,0.0,0.0,0.720361111111111,0.0,-0.0,38.125,0.3583333333333343,291,10,2019,17
2019-10-19,0.0,37.199999999999996,0,0.0,11.6,20.6,15.6,7.4,5.354166666666667,-0.19311801667275516,-1.921187380632148,96.16666666666667,97.91666666666667,504.0,93.875,1017.8916666666668,1013.5,14.954166666666666,11.6,,,,207.1112892174504,0.26473562345460877,0.0,0.0,0.0,0.0,0.0,0.0,,0.0,0,0,0.0,0.0,0.0,0.0,0.0,0.0,0.0,-8.191666666666492,-6.879166666666492,-4.077976190476193,0.0,,,0.6458333333333339,0.0,-0.45572030059234336,-0.8901230294897577,-0.45572030059234336,-0.8901230294897577,-0.1857151593669662,-1.8475418643745822,165.0,192.0,,,0.0,6,0.0,0.0,0.7191666666666666,0.0,-0.0,32.125,2.2041666666666657,292,10,2019,18
2019-10-20,0.0,0.7000000000000001,0,0.0,12.9,17.6,14.862499999999999,6.4,3.7708333333333335,-0.07976168619681238,2.712527908161055,91.33333333333333,92.66666666666667,353.0,96.58333333333333,1019.8083333333334,1017.7,13.416666666666666,12.4,,,,14.26629532593574,0.5720869745321456,0.0,0.0,0.0,0.0,0.0,0.0,,0.0,0,0,0.0,0.0,0.0,0.0,0.0,0.0,0.0,1.9166666666666288,-5.40416666666647,-2.9613095238094047,0.0,,,1.4458333333333329,0.5,0.24642893921275175,0.9691608627665883,0.24642893921275175,0.9691608627665883,-0.07284900672642197,2.4774421561204303,166.0,193.0,,,0.0,6,0.0,0.0,0.6995555555555555,0.0,-0.0,22.625,-0.7375000000000007,293,10,2019,19
2019-10-21,0.0,1.8,0,0.0,11.6,16.8,13.620833333333332,7.7,3.970833333333333,2.3128101591278583,-2.5312682441367893,92.0,88.20833333333333,370.0,100.0,1020.2624999999999,1018.6,12.291666666666666,11.1,,,,139.38802853147197,0.8092855831650276,0.0,0.0,0.0,0.0,0.0,0.0,,0.0,0,0,0.0,0.0,0.0,0.0,0.0,0.0,0.0,0.4541666666665378,-5.820833333333326,-2.340476190476352,0.0,,,1.3291666666666657,0.5,0.6509328463772489,-0.7591353169937576,0.6509328463772489,-0.7591353169937576,2.1277853463976295,-2.3287667846058464,167.0,194.0,,,0.0,6,0.0,0.0,0.6988055555555556,0.0,-0.0,23.825,-1.2416666666666671,294,10,2019,20
2019-10-22,0.0,34.800000000000004,0,0.0,10.3,15.0,11.970833333333333,8.6,4.3374999999999995,-1.1843384093198075,-1.5439069988240612,93.41666666666667,75.375,398.0,68.20833333333333,1015.7875,1013.3,10.904166666666667,8.6,,,,231.6583798697152,0.4081975877470448,0.0,0.0,0.0,0.0,0.0,0.0,,0.20833333333333334,0,0,0.0,0.0,0.0,0.0,0.0,0.0,0.0,-4.474999999999909,-2.1041666666667425,-5.614880952380872,0.0,,,1.0666666666666664,1.700000000000001,-0.7843259508834137,-0.6203489363018437,-0.7843259508834137,-0.6203489363018437,-1.106369464039587,-1.4422664547348105,168.0,195.0,,,0.0,6,0.0,0.0,0.6949722222222222,0.0,-0.0,26.025,-1.6499999999999986,295,10,2019,21
2019-10-23,0.0,0.0,0,0.0,9.3,19.6,13.904166666666667,6.3,4.754166666666667,0.23808623671872678,0.1449698981325502,81.125,187.875,600.0,64.29166666666667,1017.625,1014.4,10.316666666666666,8.9,,,,44.46830720482536,0.07723503323248716,0.0,0.0,0.0,0.0,0.0,0.0,,0.25,0,0,0.0,0.0,0.0,0.0,0.0,0.0,0.0,1.8374999999999773,-2.183333333333394,-2.7565476190475238,0.0,,,3.5875000000000004,0.40000000000000036,0.7005146271531675,0.7136380435097744,0.7005146271531675,0.7136380435097744,0.1931474595380671,0.11760682986003136,169.0,196.0,,,0.0,6,0.0,0.0,0.7290000000000001,0.0,-0.0,28.525000000000006,1.9333333333333336,296,10,2019,22
2019-10-24,0.0,6.2,0,0.0,10.7,16.1,12.991666666666667,12.1,6.433333333333334,1.1462938118020027,-5.669002965501196,93.75,83.875,464.0,99.54166666666667,1022.9,1021.5,11.983333333333334,10.2,,,,170.1404333257328,0.8599225623070513,0.0,0.0,0.0,0.0,0.0,0.0,,0.0,0,0,0.0,0.0,0.0,0.0,0.0,0.0,0.0,5.274999999999977,2.6375000000000455,2.84880952380945,0.0,,,1.0083333333333329,0.5,0.1712338711338115,-0.9852304102982862,0.1712338711338115,-0.9852304102982862,1.0746504485643775,-5.314690280157372,170.0,197.0,,,0.0,6,0.0,0.0,0.70175,0.0,-0.0,38.6,-0.9124999999999996,297,10,2019,23
2019-10-25,0.0,67.4,0,0.0,10.6,13.3,12.0,9.4,5.958333333333333,-1.155891058705499,-3.5658466971916254,98.70833333333333,18.5,94.0,98.91666666666667,1015.1458333333334,1009.9,11.825000000000001,10.4,,,,204.59952060885522,0.4961306475879712,0.0,0.0,0.0,0.0,0.0,0.0,,0.0,0,0,0.0,0.0,0.0,0.0,0.0,0.0,0.0,-7.754166666666606,-0.6416666666666515,-3.342857142857156,0.0,,,0.17499999999999893,0.1999999999999993,-0.4162731847092384,-0.9092395920174331,-0.4162731847092384,-0.9092395920174331,-1.1409607991972195,-3.5197878440195667,171.0,198.0,,,0.0,6,0.0,0.0,0.6369166666666667,0.0,-0.0,35.75,-0.9916666666666671,298,10,2019,24
2019-10-26,0.0,0.1,0,0.0,10.7,18.0,14.112499999999999,7.5,3.529166666666667,-2.634589991908509,1.5707292771544736,86.25,115.5,473.0,73.125,1012.2416666666667,1010.6,11.65,9.8,,,,287.6396595975067,0.7462208369248136,0.0,0.0,0.0,0.0,0.0,0.0,,0.0,0,0,0.0,0.0,0.0,0.0,0.0,0.0,0.0,-2.904166666666697,-5.383333333333326,-5.439880952380918,0.0,,,2.4624999999999986,0.8999999999999986,-0.9529811418766619,0.3030296078396524,-0.9529811418766619,0.3030296078396524,-2.2723338680210894,1.3547540015457336,172.0,199.0,,,0.0,6,0.0,0.0,0.6978333333333334,0.0,-0.0,21.175,2.112499999999999,299,10,2019,25
2019-10-27,0.0,2.5,0,0.0,8.3,13.4,10.616666666666667,6.0,3.3958333333333335,-1.6137845791413261,1.9597813261663422,89.16666666666667,66.83333333333333,243.0,90.0,1014.5541666666667,1012.9,8.866666666666667,7.5,,,,314.341910161278,0.7276457669729346,0.0,0.0,0.0,0.0,0.0,0.0,,0.0,0,0,0.0,0.0,0.0,0.0,0.0,0.0,0.0,2.3125,-8.345833333333303,-2.3767857142856883,0.0,,,1.75,0.8000000000000007,-0.715181672242638,0.6989386065229364,-0.715181672242638,0.6989386065229364,-1.4389579164010158,1.7474716824983219,173.0,200.0,,,0.0,6,0.0,0.0,0.6395555555555555,0.0,-0.0,20.375,-3.495833333333332,300,10,2019,26
2019-10-28,0.0,0.0,0,0.0,6.5,16.1,10.3125,8.0,4.420833333333333,0.7586561112816242,-1.8751005049602643,81.625,182.20833333333334,600.0,46.208333333333336,1018.4666666666667,1016.5,7.004166666666666,4.9,,,,153.4987541470525,0.27464721173400947,0.0,0.0,0.0,0.0,0.0,0.0,,0.2916666666666667,0,0,0.0,0.0,0.0,0.0,0.0,0.0,0.0,3.9125000000000227,3.3208333333333258,1.792261904761972,0.0,,,3.3083333333333336,1.5999999999999996,0.44621727266822386,-0.8949246591599385,0.44621727266822386,-0.8949246591599385,0.6192530508336258,-1.5305507871738158,174.0,201.0,,,0.0,6,0.0,0.0,0.7268888888888889,0.0,-0.0,26.525,-0.30416666666666714,301,10,2019,27
2019-10-29,0.0,5.4,0,0.0,8.6,13.1,11.070833333333333,4.7,2.670833333333333,0.12185675810557324,-1.5083062201896051,96.79166666666667,41.041666666666664,155.0,83.58333333333333,1016.7958333333332,1013.6,10.570833333333333,8.5,,,,171.86521201161003,0.45891695820213313,0.0,0.0,0.0,0.0,0.0,0.0,,0.0,0,0,0.0,0.0,0.0,0.0,0.0,0.0,0.0,-1.6708333333334622,4.554166666666561,-0.022619047619173216,0.0,,,0.5,0.09999999999999964,0.14150231358139395,-0.9899379249483843,0.14150231358139395,-0.9899379249483843,0.11794718711635277,-1.4599147289585221,175.0,202.0,,,0.0,6,0.0,0.0,0.6411111111111111,0.0,-0.0,16.025,0.7583333333333329,302,10,2019,28
2019-10-30,0.0,1.8,0,0.0,6.5,16.7,11.566666666666668,4.5,2.6125000000000003,-1.1884887121152266,0.0969378073227332,84.16666666666667,140.625,594.0,49.541666666666664,1018.4458333333333,1016.1,8.704166666666667,6.3,,,,252.0337579572149,0.47053630621532927,0.0,0.0,0.0,0.0,0.0,0.0,,0.20833333333333334,0,0,0.0,0.0,0.0,0.0,0.0,0.0,0.0,1.650000000000091,3.8916666666666515,1.510119047619014,0.0,,,2.8625000000000007,0.20000000000000018,-0.9512384201598723,-0.3084565901577568,-0.9512384201598723,-0.3084565901577568,-1.0003113326969824,0.08158932116330045,176.0,203.0,,,0.0,6,0.0,0.0,0.7076388888888889,0.0,-0.0,15.675,0.49583333333333535,303,10,2019,29
2019-10-31,0.0,0.0,0,0.0,4.6,17.5,10.766666666666666,6.4,2.6791666666666667,-1.3518755853232918,-1.0543513335103765,76.95833333333333,179.79166666666666,600.0,14.833333333333334,1018.7833333333333,1016.4,6.566666666666666,2.7,,,,231.82875133404832,0.5507259990136903,0.0,0.0,0.0,0.0,0.0,0.0,,0.75,0,0,0.0,0.0,0.0,0.0,0.0,0.0,0.0,0.33749999999997726,0.31666666666660603,2.435714285714198,0.0,,,4.199999999999999,1.8999999999999995,-0.7861671149186643,-0.6180139702470031,-0.7861671149186643,-0.6180139702470031,-1.04038091920505,-0.8114112137473605,177.0,204.0,,,0.0,6,0.0,0.0,0.7097222222222221,0.0,-0.0,16.075,-0.8000000000000025,304,10,2019,30
2019-11-01,0.0,0.8,0,0.0,5.5,15.7,10.020833333333334,10.0,5.625,-3.528624425114432,2.737711140984715,74.16666666666667,145.0,563.0,34.75,1018.1583333333333,1016.0,5.320833333333334,-0.8,,,,297.6538782390986,0.7837603582835423,0.0,0.0,0.0,0.0,0.0,0.0,,0.4166666666666667,0,0,0.0,0.0,0.0,0.0,0.0,0.0,0.0,-0.625,1.3625000000000682,1.3803571428571786,0.0,,,4.7,6.3,-0.8857675258144281,0.4641291740588891,-0.8857675258144281,0.4641291740588891,-2.617063115293204,2.0304690962303305,178.0,205.0,,,0.0,6,0.0,0.0,0.6772222222222223,0.0,-0.0,33.75,-0.7458333333333318,305,11,2019,31
2019-11-02,0.0,0.0,0,0.0,2.3,16.3,9.629166666666666,5.5,3.0749999999999997,-0.5252437535938249,0.3249201825446262,75.41666666666667,180.375,600.0,43.708333333333336,1020.5583333333334,1018.1,5.179166666666666,-0.2,,,,315.4303126965141,0.036392908027931735,0.0,0.0,0.0,0.0,0.0,0.0,,0.2916666666666667,0,0,0.0,0.0,0.0,0.0,0.0,0.0,0.0,2.400000000000091,2.112500000000068,2.59226190476204,0.0,,,4.45,2.5,-0.7017762528385576,0.7123974248633083,-0.7017762528385576,0.7123974248633083,-0.39612133083534296,0.2450439710024056,179.0,206.0,,,0.0,6,0.0,0.0,0.7049722222222222,0.0,-0.0,18.45,-0.3916666666666675,306,11,2019,32
2019-11-03,0.0,0.0,0,0.0,8.8,16.1,11.854166666666666,7.3,2.858333333333333,-0.4648828271039463,0.9735881272611104,71.83333333333333,106.66666666666667,517.0,92.0,1016.475,1014.0,6.6375,3.0,,,,321.00660858006364,0.318624562959767,0.0,0.0,0.0,0.0,0.0,0.0,,0.0,0,0,0.0,0.0,0.0,0.0,0.0,0.0,0.0,-4.083333333333371,-2.3083333333332803,-1.7654761904761926,0.0,,,5.216666666666666,5.800000000000001,-0.6292307496977632,0.7772185430332906,-0.6292307496977632,0.7772185430332906,-0.3339408308030014,0.6993608047492309,180.0,207.0,,,0.0,6,0.0,0.0,0.6438888888888888,0.0,-0.0,17.15,2.2249999999999996,307,11,2019,33
2019-11-04,0.0,2.5,0,0.0,2.6,10.0,7.404166666666666,9.5,6.195833333333333,-2.874942179204867,5.122018620839318,88.79166666666667,96.45833333333333,489.0,59.708333333333336,1017.4375,1015.9,5.608333333333333,1.0,,,,329.33958760356273,0.937301019723699,0.0,0.0,0.0,0.0,0.0,0.0,,0.16666666666666666,0,0,0.0,0.0,0.0,0.0,0.0,0.0,0.0,0.9624999999999773,-0.720833333333303,-0.655952380952499,0.0,,,1.7958333333333325,1.6,-0.5099486949038388,0.8602048177997329,-0.5099486949038388,0.8602048177997329,-2.552709076618988,4.547925700420246,181.0,208.0,,,0.0,6,0.0,0.0,0.5825,0.0,-0.0,37.175,-4.45,308,11,2019,34
2019-11-05,0.0,0.0,0,0.0,1.7,13.2,6.875,4.3,2.8333333333333335,-1.8588136718269064,1.018011831992991,71.41666666666667,172.79166666666666,600.0,5.333333333333333,1017.1708333333332,1014.1,1.7291666666666667,-1.5,,,,307.29409589254595,0.5801646795865378,0.0,0.0,0.0,0.0,0.0,0.0,,1.0,0,0,0.0,0.0,0.0,0.0,0.0,0.0,0.0,-0.2666666666667652,-3.387500000000159,-0.9761904761904816,0.0,,,5.145833333333333,3.2,-0.7955359213814754,0.6059064265971494,-0.7955359213814754,0.6059064265971494,-1.3275027639630492,0.7270301166816612,182.0,209.0,,,0.0,6,0.0,0.0,0.6465833333333334,0.0,-0.0,17.0,-0.5291666666666659,309,11,2019,35
2019-11-06,0.0,0.0,0,0.0,1.4,13.5,7.641666666666667,6.7,3.0749999999999997,-2.113102819315905,0.67505952283025,68.29166666666667,143.41666666666666,543.0,13.708333333333334,1015.9416666666666,1014.5,1.9666666666666668,-5.0,,,,285.28051749677707,0.6815521400449455,0.0,0.0,0.0,0.0,0.0,0.0,,0.8333333333333334,0,0,0.0,0.0,0.0,0.0,0.0,0.0,0.0,-1.2291666666666288,-0.5333333333334167,-1.847619047619105,0.0,,,5.675,6.4,-0.9646470884567816,0.2635450525656936,-0.9646470884567816,0.2635450525656936,-1.4430731336911535,0.4610093991328249,183.0,210.0,,,0.0,6,0.0,0.0,0.6232500000000001,0.0,-0.0,18.45,0.7666666666666666,310,11,2019,36
2019-11-07,0.0,3.1,0,0.0,3.9,15.3,9.3125,7.8,4.679166666666666,-1.6200513229365807,-0.49679699438621805,67.33333333333333,153.375,600.0,64.5,1013.3625000000001,1009.5,3.016666666666667,-0.9,,,,239.42223828288365,0.407521022249806,0.0,0.0,0.0,0.0,0.0,0.0,,0.125,0,0,0.0,0.0,0.0,0.0,0.0,0.0,0.0,-2.579166666666538,-4.074999999999932,-3.6523809523807813,0.0,,,6.2958333333333325,4.8,-0.8609395370495757,-0.5087072965319666,-0.8609395370495757,-0.5087072965319666,-1.0908345574439644,-0.33450997622005346,184.0,211.0,,,0.0,6,0.0,0.0,0.6600277777777778,0.0,-0.0,28.074999999999996,1.6708333333333334,311,11,2019,37
2019-11-08,0.0,1.0,0,0.0,3.0,11.1,6.708333333333333,6.6,4.245833333333334,-1.252736464456951,3.90361177132383,84.16666666666667,126.16666666666667,511.0,54.791666666666664,1018.3291666666668,1015.9,4.033333333333333,-1.1,,,,344.6973915965251,0.952809224841331,0.0,0.0,0.0,0.0,0.0,0.0,,0.25,0,0,0.0,0.0,0.0,0.0,0.0,0.0,0.0,4.966666666666697,1.1583333333335304,1.2898809523809405,0.0,,,2.675,4.1,-0.26391696138913456,0.9645454045772682,-0.26391696138913456,0.9645454045772682,-1.054386524251267,3.28553990753089,185.0,212.0,,,0.0,6,0.0,0.0,0.6113333333333334,0.0,-0.0,25.475,-2.604166666666667,312,11,2019,38
2019-11-09,0.0,0.1,0,0.0,2.4,13.6,8.054166666666667,4.5,3.0583333333333336,-1.160593788843879,1.5399692207705478,64.66666666666667,154.66666666666666,600.0,38.166666666666664,1017.3249999999999,1014.0,1.2,-7.1,,,,320.248361687161,0.5908856788233521,0.0,0.0,0.0,0.0,0.0,0.0,,0.5,0,0,0.0,0.0,0.0,0.0,0.0,0.0,0.0,-1.0041666666668334,1.3833333333333258,0.7476190476189686,0.0,,,6.854166666666667,9.5,-0.6394609859465538,0.7688235476702449,-0.6394609859465538,0.7688235476702449,-0.7505173167857087,0.9958467627649543,186.0,213.0,,,0.0,6,0.0,0.0,0.6208888888888889,0.0,-0.0,18.35,1.345833333333334,313,11,2019,39
2019-11-10,0.0,0.7,0,0.0,4.5,12.0,7.575,6.7,3.9499999999999997,1.2492314019479134,-0.34110240524988117,87.16666666666667,117.16666666666667,518.0,77.375,1015.8166666666666,1013.5,5.420833333333333,4.0,,,,77.821340431602,0.3564146883407778,0.0,0.0,0.0,0.0,0.0,0.0,,0.041666666666666664,0,0,0.0,0.0,0.0,0.0,0.0,0.0,0.0,-1.5083333333333258,2.454166666666538,-0.6666666666667425,0.0,,,2.154166666666667,0.5,0.977494536689012,0.21096073270429672,0.977494536689012,0.21096073270429672,1.0889133720312645,-0.29732759657614644,187.0,214.0,,,0.0,6,0.0,0.0,0.6353333333333334,0.0,-0.0,23.7,-0.47916666666666696,314,11,2019,40
2019-11-11,0.14,12.6,1,0.14,3.2,12.0,7.875,10.1,4.3,0.8056462031302115,-3.4044193180751,92.04166666666667,97.83333333333333,468.0,87.04166666666667,1009.3833333333333,1005.1,6.554166666666667,3.1,,,,169.53218357329266,0.7575181916912789,7.7,2.3,2.3,100.0,2.187429987478853,-0.7107390870623789,108.0,0.0,0,1,0.14,0.14,0.14,0.14,0.14,0.0,0.14,-6.43333333333328,-8.94583333333344,-5.949404761904702,0.0,,,1.3208333333333329,0.10000000000000009,0.18168319332741123,-0.9833571158345042,0.9510565162951536,-0.30901699437494734,0.7415301927977656,-3.13348428067829,0.0,215.0,1.0,1.0,1.4140000000000001,0,0.007818562499999984,0.14,0.6386944444444445,0.322,0.0,0.0,0.2999999999999998,315,11,2019,41
2019-11-12,0.0,3.5999999999999996,0,0.0,4.1,11.4,7.925,12.3,6.8625,-4.21289684275034,5.247642900997791,86.20833333333333,116.41666666666667,516.0,70.29166666666667,1017.0041666666666,1010.0,5.6375,1.5,,,,319.9265217561991,0.9765844719731263,0.0,0.0,0.0,0.0,0.0,0.0,,0.125,0,0,0.14,0.14,0.14,0.14,0.14,0.0,0.14,7.62083333333328,-0.32083333333332575,1.6952380952379826,0.0,,,2.2874999999999996,2.5999999999999996,-0.6437694847927105,0.7652194786136381,-0.6437694847927105,0.7652194786136381,-3.6318681531876886,4.523905484235179,1.0,216.0,0.0,1.0,0.0,1,0.0,0.07,0.6183055555555556,0.0,-0.0,6.8625,0.04999999999999982,316,11,2019,42
2019-11-13,0.0,0.1,0,0.0,1.7,15.3,9.025,9.4,5.204166666666667,0.9607324008383548,-3.737934072252678,69.66666666666667,154.79166666666666,600.0,27.5,1018.375,1012.1,3.4,-7.3,,,,174.61371060348483,0.5856156362140896,0.0,0.0,0.0,0.0,0.0,0.0,,0.5833333333333334,0,0,0.0,0.14,0.14,0.14,0.14,0.0,0.14,1.370833333333394,2.558333333333394,2.7184523809522716,0.0,,,5.625,9.0,0.09387007745356807,-0.9955844557639805,0.09387007745356807,-0.9955844557639805,0.6693102392507205,-2.6040940703360325,2.0,217.0,0.0,1.0,0.0,2,0.0,0.04666666666666667,0.6687500000000001,0.0,-0.0,10.408333333333333,1.1000000000000005,317,11,2019,43
2019-11-14,4.9,35.1,11,1.12,3.5,10.8,6.6875,8.3,5.0,-1.5788110440914007,2.1564180180524084,91.45833333333333,38.25,187.0,95.875,1012.8375,1007.2,5.3875,1.2,,,,310.8333433965592,0.4015815580846288,5.609090909090909,6.145454545454545,8.3,92.54545454545455,-2.00495306104831,5.552078756627603,336.1562902290319,0.0,0,10,4.9,4.9,5.04,5.04,5.04,0.0,5.04,-5.537500000000023,3.4541666666666515,-2.744047619047592,0.0,,,1.2999999999999998,2.3,-0.7566146680256913,0.653861028146175,-0.4042431827555649,0.9146515452321998,-1.4439542674085937,1.9722239790104317,0.0,218.0,1.0,0.9722222222222223,40.67000000000001,0,0.4965669111570247,4.9,0.5703611111111111,30.11272727272727,0.0,0.0,-2.3375000000000004,318,11,2019,44
2019-11-15,0.07,0.1,1,0.07,1.7,11.1,5.575,5.5,4.345833333333333,-3.9767836643354837,-1.0939032158948712,75.04166666666667,152.0,594.0,50.875,1017.8083333333334,1015.1,1.0666666666666667,-0.6,,,,255.4561922418984,0.9463023724045179,4.4,2.5,2.5,83.0,-2.475670171853926,0.34793275240016364,278.0,0.375,0,1,4.970000000000001,4.970000000000001,5.11,5.11,5.11,0.0,5.11,4.970833333333417,0.8041666666667879,2.3011904761906408,0.0,,,4.508333333333334,2.3,-0.9679559194571825,-0.2511201664299394,-0.9902680687415704,0.13917310096006547,-2.984244741445086,-0.8208832049277762,0.0,219.0,0.014084507042253521,0.9726027397260275,0.385,1,0.009493750000000002,4.970000000000001,0.5981388888888889,0.17500000000000002,0.0,4.345833333333333,-1.1124999999999998,319,11,2019,45
2019-11-16,3.78,15.0,8,0.84,4.3,8.8,6.845833333333334,7.1,2.4916666666666667,-1.1552693673122651,0.45597721235000277,93.375,45.625,192.0,91.08333333333333,1018.3458333333333,1017.1,5.845833333333334,1.8,,,,265.07757142206174,0.46627650813948557,6.0375,1.8,2.7,92.875,-0.7145986248021586,-1.0609544973274403,201.21144891492887,0.0,0,8,3.8499999999999996,8.75,8.89,8.89,8.89,0.0,8.89,0.537499999999909,-0.029166666666696983,2.6928571428571786,0.0,,,1.0,2.5,-0.996311783183433,-0.08580693847147693,-0.3618108609791717,-0.9322515223251236,-1.0787327717278277,0.4257687220318151,0.0,220.0,0.432,0.9842519685039369,26.837999999999997,2,0.3660309843749998,8.75,0.5372222222222223,6.803999999999999,0.0,4.983333333333333,1.270833333333334,320,11,2019,46
2019-11-17,0.07,0.2,1,0.07,4.1,7.8,5.916666666666667,10.4,5.829166666666667,-1.8932293864158016,2.7390987069672814,88.75,65.0,311.0,94.54166666666667,1024.825,1021.7,4.125,3.1,,,,326.1856975058057,0.40575455716790887,5.3,6.6,6.6,91.0,-4.329989591337348,4.981083229470294,319.0,0.0,0,1,3.8499999999999996,3.9199999999999995,8.959999999999999,8.959999999999999,8.959999999999999,0.0,8.959999999999999,6.4791666666667425,11.987500000000068,7.885119047619128,0.0,,,1.791666666666667,0.9999999999999996,-0.5565030331750871,0.8308455777501184,-0.6560590289905074,0.7547095802227719,-1.680241080444024,2.4309501024334623,0.0,221.0,0.01785714285714286,0.4375,0.7280000000000001,3,0.0075464375000000045,3.9199999999999995,0.5125000000000001,0.462,0.0,17.4875,-0.9291666666666671,321,11,2019,47
2019-11-18,0.0,15.299999999999999,0,0.0,3.9,16.5,9.695833333333333,10.1,6.1375,1.561788692056614,-3.929203967481388,83.41666666666667,121.0,535.0,66.20833333333333,1016.1666666666666,1010.1,6.770833333333333,2.3,,,,164.37155429999842,0.5981641899707764,0.0,0.0,0.0,0.0,0.0,0.0,,0.25,0,0,0.07,3.8499999999999996,8.819999999999999,8.959999999999999,8.959999999999999,0.0,8.959999999999999,-8.658333333333417,-1.6416666666667652,-1.7422619047620174,0.0,,,2.925,1.6,0.26939796985469217,-0.963028937175914,0.26939796985469217,-0.963028937175914,1.3027920672905589,-3.277610976207391,1.0,222.0,0.0,0.43650793650793657,0.0,4,0.0,1.9249999999999998,0.6920555555555555,0.0,-0.0,24.55,3.779166666666666,322,11,2019,48
2019-11-19,4.13,15.3,13,0.49,0.8,9.1,5.6125,6.9,4.620833333333334,-1.4214207540256538,3.633439384159526,91.70833333333333,56.333333333333336,222.0,97.41666666666667,1012.7333333333332,1009.0,4.3625,-0.7,,,,333.8173654457184,0.8431112701340987,3.2384615384615385,5.3307692307692305,6.9,87.0,-0.35701641910507287,4.713844247939679,355.05896522081883,0.0,0,13,4.13,4.199999999999999,12.95,13.09,13.09,0.0,13.09,-3.433333333333394,-5.612500000000068,-4.565476190476261,0.0,,,1.25,1.5,-0.4412338876789061,0.8973921419110814,-0.08613047570476583,0.9962838657505554,-1.3035612831710268,3.3321667018896317,0.0,223.0,0.9833333333333335,0.3243243243243243,28.497,5,0.6516092990014795,4.199999999999999,0.5454722222222222,22.01607692307692,0.0,23.104166666666668,-4.083333333333333,323,11,2019,49
2019-11-20,9.17,13.1,22,0.91,-2.4,1.5,-0.06249999999999998,11.3,8.258333333333335,-4.453392356180891,6.233113664426195,85.58333333333333,66.625,281.0,92.91666666666667,1024.4791666666667,1017.2,-2.1999999999999997,-4.2,,,,325.0812143505025,0.917544406978856,0.14545454545454548,8.286363636363637,11.3,85.31818181818181,-4.154953960287773,6.637636700633589,328.80996874147996,0.0,1,22,13.3,13.3,22.119999999999997,22.259999999999998,22.259999999999998,1.0,22.259999999999998,11.745833333333508,-0.345833333333303,6.308333333333394,0.0,,,2.1374999999999997,1.8000000000000003,-0.5724147470611141,0.8199642415050554,-0.5178781789627186,0.8554543773657707,-3.8113616248314792,5.334506444471418,0.0,224.0,0.6894736842105262,0.6012658227848102,100.0,0,2.025152344524793,13.3,0.3630277777777778,75.98595454545455,117.12815214051405,0.0,-5.675,324,11,2019,50
2019-11-21,0.0,0.0,0,0.0,-2.4,6.9,1.9541666666666666,7.8,5.170833333333333,-3.0785308805494735,0.8988363847378703,77.125,150.29166666666666,600.0,37.666666666666664,1032.2791666666667,1030.2,-1.7958333333333334,-4.5,,,,286.8384178457723,0.4860039602973106,0.0,0.0,0.0,0.0,0.0,0.0,,0.5833333333333334,0,0,9.17,13.3,17.22,22.259999999999998,22.259999999999998,1.0,22.259999999999998,7.7999999999999545,16.112500000000068,11.33095238095234,0.0,,,3.75,2.1,-0.9571254813503316,0.2896736317822113,-0.9571254813503316,0.2896736317822113,-2.3743169416237815,0.6932275617290824,1.0,225.0,0.0,0.7723577235772359,0.0,1,0.0,6.65,0.5106111111111111,0.0,-0.0,5.170833333333333,2.0166666666666666,325,11,2019,51
2019-11-22,0.0,0.0,0,0.0,2.9,10.9,6.904166666666666,5.9,3.904166666666667,-1.0540924407572938,-3.1492912476126516,65.29166666666667,62.875,333.0,72.20833333333333,1030.325,1029.0,0.4208333333333332,-9.3,,,,200.05291016030188,0.833122669837894,0.0,0.0,0.0,0.0,0.0,0.0,,0.20833333333333334,0,0,0.0,9.170000000000002,17.15,22.259999999999998,22.259999999999998,1.0,22.259999999999998,-1.9541666666666515,17.59166666666681,7.588690476190436,0.0,,,6.4833333333333325,12.200000000000001,-0.3428877626331474,-0.9393763794328844,-0.3428877626331474,-0.9393763794328844,-0.6882345227777832,-2.0562247437537606,2.0,226.0,0.0,0.5346938775510206,0.0,2,0.0,3.056666666666667,0.5017777777777778,0.0,-0.0,7.808333333333334,4.949999999999999,326,11,2019,52
2019-11-23,0.0,0.1,0,0.0,3.7,10.9,7.5874999999999995,11.0,6.008333333333333,-1.8533919667874355,-4.776785716148267,96.375,72.04166666666667,363.0,95.25,1029.1416666666667,1027.5,7.0375000000000005,3.3,,,,210.56610071020475,0.8380293721195996,0.0,0.0,0.0,0.0,0.0,0.0,,0.0,0,0,0.0,0.0,13.37,22.259999999999998,22.259999999999998,1.0,22.259999999999998,-1.183333333333394,4.662499999999909,4.863095238095184,0.0,,,0.5499999999999989,0.40000000000000036,-0.5085320650304294,-0.8610430528352733,-0.5085320650304294,-0.8610430528352733,-1.786206507991391,-4.6036272339378925,3.0,227.0,,0.0,0.0,3,0.0,0.0,0.6115,0.0,-0.0,18.025,0.6833333333333336,327,11,2019,53
2019-11-24,0.0,1.3,0,0.0,6.6,18.8,11.924999999999999,6.0,3.4166666666666665,-3.0904595575718585,-0.5251852679118135,88.45833333333333,123.0,549.0,67.41666666666667,1019.8666666666667,1015.6,9.941666666666666,6.4,,,,264.27714214176535,0.9170582755039693,0.0,0.0,0.0,0.0,0.0,0.0,,0.25,0,0,0.0,0.0,13.3,22.259999999999998,22.259999999999998,1.0,22.259999999999998,-9.274999999999977,-12.412500000000023,-3.703571428571422,0.0,,,1.9833333333333325,0.1999999999999993,-0.9950158676709839,-0.09971671416046103,-0.9950158676709839,-0.09971671416046103,-2.733769016968773,-0.46457013490699167,4.0,228.0,,0.0,0.0,4,0.0,0.0,0.7101944444444444,0.0,-0.0,13.666666666666666,4.3374999999999995,328,11,2019,54
2019-11-25,0.21000000000000002,1.4000000000000001,3,0.07,4.4,11.7,7.4750000000000005,13.8,7.508333333333333,-2.50217077456795,6.44651925492494,86.04166666666667,35.458333333333336,149.0,78.58333333333333,1020.5749999999999,1015.0,5.258333333333334,2.8,,,,322.13884882832326,0.8320861441710875,4.8999999999999995,10.299999999999999,10.9,90.0,-1.5969966055408615,10.17239830460747,351.0001015623428,0.20833333333333334,0,3,0.20999999999999824,0.21000000000000002,13.510000000000002,22.33,22.47,1.0,22.47,0.7083333333332575,-9.750000000000114,-3.6250000000001137,0.0,,,2.216666666666667,1.6000000000000005,-0.6137500283896677,0.7895004133321794,-0.15643271426632055,0.9876886178888931,-2.152909437284507,5.546692608925001,0.0,229.0,1.0,0.015544041450777202,2.8980000000000006,5,0.023327718750000014,0.21000000000000002,0.5704444444444444,2.163,0.0,37.541666666666664,-4.449999999999998,329,11,2019,55
2019-11-26,0.0,0.0,0,0.0,2.7,9.8,5.375,7.9,4.729166666666667,2.03379336058186,0.2266251141726944,84.95833333333333,116.125,508.0,51.583333333333336,1028.125,1025.8,2.9583333333333335,1.7,,,,93.33055351580147,0.5281736797902575,0.0,0.0,0.0,0.0,0.0,0.0,,0.2916666666666667,0,0,0.20999999999999824,0.21000000000000002,9.38,22.33,22.47,1.0,22.47,7.550000000000068,-1.0166666666666515,1.726190476190368,0.0,,,2.4166666666666665,1.0000000000000002,0.998310978107145,-0.05809639395655766,0.998310978107145,-0.05809639395655766,1.7278769425943385,0.19253691991588492,1.0,230.0,0.0,0.022388059701492536,0.0,6,0.0,0.10500000000000001,0.578388888888889,0.0,-0.0,28.375,-2.1000000000000005,330,11,2019,56
2019-11-27,0.0,1.9,0,0.0,5.3,11.6,8.229166666666666,5.4,2.954166666666667,-0.8915180440291207,0.4460169514792583,87.20833333333333,50.125,229.0,94.25,1022.0625,1018.4,6.204166666666667,2.8,,,,281.01821082823267,0.3893922523529543,0.0,0.0,0.0,0.0,0.0,0.0,,0.0,0,0,0.0,0.21000000000000002,0.21000000000000002,22.33,22.47,0.0,22.47,-6.0625,2.1958333333333258,-3.991071428571331,0.0,,,2.0249999999999995,2.5,-0.9815664873424,0.19112098504952815,-0.9815664873424,0.19112098504952815,-0.777478027563729,0.3889639497692031,2.0,231.0,0.0,1.0,0.0,2,0.0,0.07,0.5818888888888889,0.0,-0.0,5.908333333333334,2.854166666666666,331,11,2019,57
2019-11-28,6.0200000000000005,8.9,20,0.63,-0.5,5.7,1.9749999999999999,13.6,10.775,-2.7640570788691843,10.31942141291499,83.25,43.208333333333336,177.0,97.79166666666667,1024.6208333333334,1021.3,-0.6,-4.3,,,,345.8241036749503,0.9902825146934325,1.845,11.515,13.6,82.4,-3.137110383025192,10.998256288815181,344.4999504123171,0.0,0,19,6.019999999999999,6.0200000000000005,6.23,23.450000000000003,28.490000000000002,0.0,28.490000000000002,2.558333333333394,4.045833333333462,-0.33869047619032244,0.0,,,2.5749999999999997,3.8,-0.24489952968362144,0.9695484621001371,-0.26723921006980034,0.9636302219219098,-2.301077518158596,8.590918326251728,0.0,232.0,1.0,0.9662921348314607,81.872,0,1.0506690479687502,6.0200000000000005,0.43297222222222226,69.3203,4.01288703161982,0.0,-6.254166666666666,332,11,2019,58
2019-11-29,1.6800000000000002,2.4,6,0.98,-2.3,2.1,-0.27499999999999997,10.1,6.9375,-3.873851687207276,5.574915855252324,70.45833333333333,124.0,550.0,68.16666666666667,1026.9166666666667,1025.4,-5.0874999999999995,-7.3,,,,325.03182212779956,0.9771413691323413,-0.9499999999999998,6.1000000000000005,7.4,78.16666666666667,-3.178048999563964,5.137328344056699,327.8156674549486,0.041666666666666664,1,6,7.699999999999999,7.700000000000001,7.91,25.060000000000002,30.17,1.0,30.17,2.2958333333333485,-1.2083333333332575,2.444047619047751,0.0,,,4.812499999999999,5.0,-0.5731213901220226,0.8194704828025232,-0.5326448657514753,0.8463388488002856,-2.72945133461146,3.9279927963465333,0.0,233.0,0.21818181818181817,0.9734513274336284,16.968,1,0.4248326249999999,7.700000000000001,0.36419444444444443,10.248000000000001,16.781422904780992,6.9375,-2.25,333,11,2019,59
2019-11-30,1.82,2.6,5,0.98,-4.0,5.3,-0.24583333333333332,9.9,5.1125,-2.887365735908237,2.4725594332147884,71.125,114.79166666666667,490.0,44.333333333333336,1029.4291666666666,1027.3,-5.1499999999999995,-8.3,,,,307.1758285662144,0.6044205623615051,-3.4200000000000004,7.08,9.5,88.8,-3.69475497181532,5.989783331785973,329.39386575668743,0.4583333333333333,1,5,3.4999999999999982,9.520000000000001,9.73,23.1,31.990000000000002,2.0,31.990000000000002,2.512499999999818,7.366666666666561,4.915476190476056,0.0,,,4.904166666666666,4.300000000000001,-0.7967849100316927,0.6042630281142372,-0.5091335662351291,0.8606875227007184,-2.0536388796647334,1.7586078968740182,0.0,234.0,0.19117647058823528,0.9784172661870505,18.018,2,0.5565710150000001,9.520000000000001,0.4313888888888889,12.8856,37.132287466741275,10.225,0.029166666666666646,334,11,2019,60
2019-12-01,0.0,0.0,0,0.0,0.5,11.3,6.654166666666666,6.3,3.6,1.0540173879783894,-3.13420717293973,49.25,118.5,545.0,32.25,1023.9416666666666,1020.4,-3.4250000000000003,-8.9,,,,164.98226875878348,0.8450571248869961,0.0,0.0,0.0,0.0,0.0,0.0,,0.5,0,0,1.8199999999999983,3.5,9.73,23.03,31.990000000000002,2.0,31.990000000000002,-5.4874999999999545,-0.6791666666667879,-1.154166666666697,0.0,,,10.079166666666666,9.4,0.259117956359013,-0.9658456836846808,0.259117956359013,-0.9658456836846808,0.5191035635793567,-1.543597032672817,1.0,235.0,0.0,0.3597122302158273,0.0,3,0.0,1.75,0.4942777777777778,0.0,-0.0,10.8,6.8999999999999995,335,12,2019,61
2019-12-02,3.08,27.2,7,0.84,3.9,10.8,6.233333333333333,9.7,6.0125,-1.3881514694986359,-1.043750292372897,88.25,31.333333333333332,281.0,97.70833333333333,1012.3416666666667,1006.7,4.154166666666667,-2.4,,,,227.4391196011164,0.31970525436166586,5.128571428571428,5.271428571428571,7.3,97.14285714285714,-4.15878626082406,2.9707085527425385,305.6243758369982,0.0,0,7,3.0799999999999983,4.9,12.6,26.11,35.07,2.0,35.07,-11.599999999999909,-14.575000000000045,-11.577976190476193,0.0,,,2.0791666666666666,6.3,-0.7365590633020055,-0.6763732300052037,-0.8128530298803505,0.5824688419257584,-1.2250436718325461,-0.9211096330190816,0.0,236.0,0.6285714285714286,0.38888888888888895,29.875999999999998,4,0.35038358928571456,4.9,0.5550555555555555,16.236,0.0,24.05,-0.4208333333333325,336,12,2019,62
2019-12-03,8.26,11.8,24,0.63,-0.3,4.8,2.1625,7.2,4.55,-2.6761606711828034,2.8104530315899354,86.54166666666667,61.0,295.0,91.08333333333333,1016.4625,1011.8,0.14166666666666666,-1.6,,,,314.8633752243981,0.808556555292312,2.1625,4.55,7.2,86.54166666666667,-2.6761606711828034,2.8104530315899354,314.8633752243981,0.0,0,24,11.339999999999998,11.34,20.86,30.240000000000002,43.33,2.0,43.33,4.12083333333328,-12.966666666666583,-5.791071428571399,0.0,,,2.0208333333333335,1.3,-0.7087909022658784,0.7054186394369815,-0.7087909022658784,0.7054186394369815,-2.3159940475194514,2.43221289442179,0.0,237.0,0.7283950617283951,0.5436241610738255,59.472,0,1.5263947617187499,11.34,0.43580555555555556,37.583,3.308403629749698,0.0,-4.070833333333333,337,12,2019,63
2019-12-04,17.43,25.1,24,1.4,-1.5,2.2,-0.08333333333333333,5.1,3.295833333333333,-0.7287561847941425,2.056716739974362,90.125,45.791666666666664,199.0,96.20833333333333,1021.7583333333333,1019.6,-1.5166666666666666,-3.1,,,,339.5271397331553,0.44521808047406597,-0.08333333333333333,3.295833333333333,5.1,90.125,-0.7287561847941425,2.056716739974362,339.5271397331553,0.0,1,24,25.689999999999998,28.77,38.29,38.5,60.76,3.0,60.76,5.2958333333333485,-2.1833333333332803,-0.4517857142856201,0.0,,,1.4333333333333333,1.6,-0.3497636612581217,0.9368379695888259,-0.3497636612581217,0.9368379695888259,-0.656791511545721,1.8536159619018937,0.0,0.0,0.6058394160583942,0.7513711151736746,88.89299999999999,0,4.212796578776042,28.77,0.3798333333333333,57.44637499999999,5.789056942958486,0.0,-2.2458333333333336,338,12,2019,64
2019-12-05,8.68,12.4,24,0.7,-3.1,1.1,-1.4083333333333332,8.8,5.6875,-4.280715381362898,2.268629283125976,83.95833333333333,49.416666666666664,217.0,98.0,1024.5958333333333,1022.9,-3.779166666666667,-6.0,,,,300.4537192740076,0.8601962313327944,-1.4083333333333332,5.6875,8.8,83.95833333333333,-4.280715381362898,2.268629283125976,300.4537192740076,0.0,1,24,26.11,34.37,40.949999999999996,47.18,69.44,4.0,69.44,2.8374999999999773,12.254166666666606,2.3892857142857338,0.0,,,2.3708333333333336,2.9,-0.8620388439519002,0.5068422156037039,-0.8620388439519002,0.5068422156037039,-3.594017288935933,1.904703335624517,0.0,1.0,0.2525458248472505,0.8393162393162393,76.384,1,2.299608053385416,34.37,0.33725,49.3675,37.65424267331309,5.6875,-1.325,339,12,2019,65
2019-12-06,4.48,6.4,17,0.56,-6.0,-2.2,-4.3625,11.4,8.729166666666666,-7.7733420803945386,3.4403639402674853,77.16666666666667,60.083333333333336,312.0,97.54166666666667,1029.0874999999999,1024.9,-7.783333333333334,-10.6,,,,293.7081420195385,0.9728705204060736,-3.9647058823529413,8.735294117647058,11.4,77.11764705882354,-7.4454384310649795,4.363986536952499,300.43148275033946,0.0,0,17,13.16,30.59,43.75,51.66,73.92,3.0,73.92,4.491666666666561,12.624999999999886,6.570833333333326,0.0,,,3.4208333333333343,4.6,-0.9156054652859992,0.4020778928745138,-0.8622354847696964,0.5065076196899378,-5.998428972037787,2.6548141739064097,0.0,2.0,0.1464530892448513,0.6992,51.07200000000001,2,1.393266920415225,30.59,0.2972777777777778,39.13411764705882,200.65456571719645,17.458333333333332,-2.9541666666666666,340,12,2019,66
2019-12-07,0.14,0.2,2,0.07,-6.3,2.9,-1.6624999999999999,7.2,4.7,-4.563757560348429,-0.832089438169394,68.125,77.41666666666667,386.0,90.83333333333333,1023.4458333333333,1020.6,-6.816666666666666,-12.8,,,,259.558671987092,0.9873083809903613,0.15000000000000002,4.95,5.5,78.0,-4.872389103790379,0.8688805603740066,280.0,0.0,1,2,4.62,13.3,42.06999999999999,51.8,74.06,3.0,74.06,-5.641666666666538,1.6875,1.7839285714285325,0.0,,,5.154166666666667,6.500000000000001,-0.9834410047081391,-0.18122855806590193,-0.9848077530122081,0.17364817766692997,-3.1090598379873673,-0.5668609297528997,0.0,3.0,0.010526315789473684,0.31613976705490854,1.0080000000000002,3,0.03234185937500001,13.3,0.3431388888888889,0.6930000000000001,0.0,14.100000000000001,2.7,341,12,2019,67
2019-12-08,1.05,1.5,12,0.14,-0.7,3.5,1.45,9.2,4.970833333333333,-1.876519676142023,3.6511696324395078,83.75,75.875,320.0,83.0,1025.3666666666666,1022.2,-1.0166666666666666,-2.3,,,,334.4640424240371,0.677195092335897,1.8499999999999999,5.825,9.2,81.08333333333333,-2.7970979693279605,4.971698276824625,329.3294431588271,0.0,1,6,1.19,5.67,43.12,52.85,75.11,4.0,75.11,1.9208333333332348,0.7708333333332575,3.501190476190459,0.0,,,2.466666666666667,1.5999999999999999,-0.4310774547420494,0.9023149272915285,-0.5101009895807083,0.860114515880753,-1.5715852287689445,3.0578545671680875,0.0,4.0,0.1851851851851852,0.1314935064935065,9.66,4,0.19836017578125,5.67,0.40752777777777777,6.116250000000001,3.7609313112586933,19.883333333333333,3.1125,342,12,2019,68
2019-12-09,0.0,0.0,0,0.0,0.3,7.4,3.3208333333333333,6.0,3.7583333333333333,0.25258923490921176,-3.3533404945119254,66.58333333333333,130.04166666666666,510.0,17.875,1025.4750000000001,1022.7,-2.4208333333333334,-6.6,,,,188.5744151397732,0.785621029837528,0.0,0.0,0.0,0.0,0.0,0.0,,0.7083333333333334,0,0,1.0499999999999998,1.19,40.04,52.64,75.11,4.0,75.11,0.10833333333357587,-3.612499999999727,1.7333333333334622,0.0,,,5.741666666666667,6.8999999999999995,-0.14909380922640258,-0.9888230559864394,-0.14909380922640258,-0.9888230559864394,0.16818233224371681,-2.2327658792625233,1.0,5.0,0.0,0.02972027972027972,0.0,5,0.0,0.595,0.4730833333333333,0.0,-0.0,18.791666666666668,1.8708333333333333,343,12,2019,69
2019-12-10,0.0,0.0,0,0.0,3.6,10.3,6.220833333333334,3.8,2.025,-1.1660750000154836,-0.9980362076321055,62.791666666666664,116.54166666666667,505.0,41.208333333333336,1022.2458333333334,1019.7,-0.49166666666666664,-5.3,,,,237.60435392010194,0.5218055840380942,0.0,0.0,0.0,0.0,0.0,0.0,,0.3333333333333333,0,0,0.0,1.0499999999999998,31.78,52.64,75.11,4.0,75.11,-3.2291666666667425,-1.1999999999999318,-2.3220238095238983,0.0,,,6.7125,8.9,-0.844368640671547,-0.5357626327493211,-0.844368640671547,-0.5357626327493211,-0.7321979270930556,-0.626683568708993,2.0,6.0,0.0,0.033039647577092504,0.0,6,0.0,0.3499999999999999,0.515888888888889,0.0,-0.0,12.149999999999999,2.900000000000001,344,12,2019,70
2019-12-11,0.0,0.0,0,0.0,1.9,12.0,7.120833333333334,4.7,2.8249999999999997,-2.280239886339831,-0.7192422050626561,50.25,113.0,507.0,62.416666666666664,1015.6541666666667,1010.3,-2.9375,-11.7,,,,253.8604621112789,0.8114352509009376,0.0,0.0,0.0,0.0,0.0,0.0,,0.3333333333333333,0,0,0.0,0.0,14.35,52.64,74.97,3.0,75.11,-6.591666666666697,-9.712499999999864,-8.041666666666629,0.0,,,10.058333333333334,13.6,-0.9605875599082022,-0.27797758857434157,-0.9605875599082022,-0.27797758857434157,-1.145820542885765,-0.36141920804398464,3.0,7.0,,0.0,0.0,6,0.0,0.0,0.5095,0.0,-0.0,16.95,0.8999999999999995,345,12,2019,71
2019-12-12,15.26,22.6,20,1.4,-1.3,6.4,2.658333333333333,9.3,6.079166666666667,-3.2526023512379916,3.2437019241298812,76.54166666666667,51.166666666666664,251.0,85.25,1016.5708333333333,1009.9,-1.3291666666666666,-5.0,,,,303.62056524746345,0.6903524911056459,2.09,6.279999999999999,9.3,82.2,-3.340056442324785,4.647473495420823,316.3823027662478,0.041666666666666664,0,20,15.26,15.26,20.93,61.88,90.22999999999999,2.0,90.37,0.9166666666666288,-8.90416666666681,-5.978571428571399,0.0,,,3.9875,3.7,-0.8327225575240919,0.553690475076586,-0.6898431894178336,0.7239588206616665,-2.489596049676746,2.4827835144277466,0.0,0.0,1.0,0.7290969899665551,100.0,0,2.780778297499998,15.26,0.43147222222222226,95.83279999999999,3.980233927103537,0.0,-4.4625,346,12,2019,72
2019-12-13,0.28,0.4,2,0.21,-3.2,4.3,0.975,6.1,3.7541666666666664,-2.272968110350597,0.8688335366815623,62.458333333333336,120.29166666666667,527.0,65.125,1026.7250000000001,1025.0,-5.608333333333333,-7.4,,,,280.23072322378863,0.647524806169877,-0.9,5.85,5.9,78.5,-3.266201352210693,4.836105394114702,326.0,0.125,0,2,15.54,15.54,16.73,60.480000000000004,90.50999999999999,2.0,90.64999999999999,10.15416666666681,4.4791666666667425,4.513095238095389,0.0,,,6.583333333333333,4.2,-0.984100509849753,0.17761246159393285,-0.5591929034707466,0.8290375725550418,-1.4196579989231437,0.5426589464523591,0.0,1.0,0.01801801801801802,0.9288702928870292,1.708,1,0.0707205625,15.54,0.3839444444444444,1.6380000000000001,106.12976927116763,3.7541666666666664,-1.6833333333333331,347,12,2019,73
2019-12-14,11.06,15.8,11,2.45,-0.9,5.4,2.904166666666667,12.6,5.116666666666666,-1.8455293771327528,0.8761990761249888,64.25,92.875,545.0,57.583333333333336,1020.65,1016.3,-4.091666666666667,-9.9,,,,237.5682487075632,0.4272071921336028,2.1363636363636362,7.127272727272728,12.6,89.36363636363636,-3.201029589935508,5.761501122940782,320.4098201874857,0.3333333333333333,0,11,11.34,26.6,27.65,69.72,96.66999999999999,1.0,101.71,-6.075000000000159,4.99583333333328,-1.1625000000000227,0.0,,,6.995833333333334,9.0,-0.844030859632625,-0.5362946093219771,-0.6372919185740874,0.7706224824907192,-1.1857526248077936,0.5629579064103053,0.0,0.0,0.41578947368421054,0.9620253164556963,100.0,2,1.9805854958677693,26.6,0.39608333333333334,78.82763636363637,0.0,10.233333333333333,1.9291666666666667,348,12,2019,74
2019-12-15,0.21000000000000002,0.30000000000000004,3,0.07,-3.9,2.4,-0.7374999999999999,10.9,5.370833333333334,-3.094866075474028,4.251598081468712,75.5,107.95833333333333,480.0,60.583333333333336,1028.7666666666667,1025.3,-4.729166666666667,-13.9,,,,322.00495613016335,0.9620881835393083,-0.9333333333333332,9.766666666666666,10.9,84.66666666666667,-6.744386734473603,7.0610395349998525,316.3332957195608,0.2916666666666667,1,3,11.270000000000001,11.55,26.81,69.93,96.81,1.0,101.92,8.116666666666674,12.195833333333326,6.468452380952385,0.0,,,3.991666666666667,10.0,-0.6155933094701074,0.78806400586224,-0.6904621638253775,0.7233685093543798,-2.336623886982891,3.2099565515088777,0.0,1.0,0.01818181818181818,0.43080939947780683,2.289,3,0.05039241666666667,11.55,0.37697222222222226,2.051,213.4935620797621,16.1125,-3.6416666666666666,349,12,2019,75
2019-12-16,0.0,0.0,0,0.0,-0.7,9.0,4.7,5.8,2.9791666666666665,-1.4257215156026701,-2.1749447438665217,37.25,134.125,560.0,17.125,1026.1375,1024.3,-10.045833333333333,-22.4,,,,223.01514216496287,0.864495671209473,0.0,0.0,0.0,0.0,0.0,0.0,,0.7916666666666666,0,0,0.21000000000000002,11.270000000000001,26.81,66.85000000000001,93.03,1.0,101.92,-2.629166666666606,-0.587500000000091,3.744642857142935,0.0,,,14.745833333333334,21.7,-0.6821916188637103,-0.7311734371215288,-0.6821916188637103,-0.7311734371215288,-0.5310812645619947,-0.8101669170902794,1.0,2.0,0.0,0.4203655352480418,0.0,4,0.0,5.635000000000001,0.41358333333333336,0.0,-0.0,11.916666666666666,5.4375,350,12,2019,76
2019-12-17,0.0,5.3,0,0.0,2.5,9.0,6.4875,7.6,3.704166666666667,0.4615520795635188,-2.657617644559639,73.25,46.416666666666664,272.0,87.0,1017.975,1012.3,1.3625,-8.1,,,,171.08898595345374,0.545196301531548,0.0,0.0,0.0,0.0,0.0,0.0,,0.041666666666666664,0,0,0.0,0.21000000000000002,26.81,58.589999999999996,92.96000000000001,1.0,101.92,-8.162500000000023,-2.6749999999999545,-3.807738095237937,0.0,,,5.125,10.6,0.15490030032442673,-0.9879301073251096,0.15490030032442673,-0.9879301073251096,0.33808689828027755,-1.9467049246399355,2.0,3.0,0.0,0.00783289817232376,0.0,5,0.0,0.07,0.4751111111111111,0.0,-0.0,18.520833333333336,1.7874999999999996,351,12,2019,77
2019-12-18,4.69,15.100000000000001,12,1.33,1.5,9.5,5.949999999999999,8.7,5.879166666666666,-2.9746615739709923,3.9904384490627147,85.95833333333333,41.416666666666664,207.0,95.79166666666667,1015.0166666666668,1009.6,3.733333333333333,-0.4,,,,308.3897193641776,0.717663242475117,4.916666666666667,7.966666666666666,8.7,90.0,-3.671261045724371,7.052254100668432,332.4170225235264,0.0,0,12,4.69,4.69,31.5,45.85,97.65,1.0,106.61,-2.9583333333332575,-13.749999999999886,-6.6749999999999545,0.0,,,2.2166666666666663,1.9,-0.7838048978423193,0.6210071514229054,-0.46303272440633186,0.8863411849445166,-2.5569695112925652,3.430114383506825,0.0,4.0,1.0,0.1488888888888889,40.803,6,0.5366670920138894,4.69,0.5252499999999999,37.36366666666667,0.0,35.275,-0.5375000000000005,352,12,2019,78
2019-12-19,2.0300000000000002,2.9000000000000004,8,0.91,0.8,5.2,3.1958333333333333,5.7,3.8249999999999997,-2.2932262669956667,-0.5487879325144872,82.375,63.041666666666664,399.0,90.33333333333333,1018.8249999999999,1016.3,0.4166666666666667,-3.0,,,,248.3715933748898,0.6570072293298567,4.3375,3.95,5.3,87.75,-1.9672453429762338,-3.3626360372363022,212.04961499965256,0.0,0,8,6.720000000000001,6.720000000000001,18.27,39.2,95.55,1.0,108.64,3.8083333333331666,-7.312500000000114,-3.1886904761905726,0.0,,,2.779166666666667,3.8,-0.9295938594685201,-0.368585480504077,-0.5306534285539581,-0.8475888972632483,-1.8890451374376804,-0.45206405940880884,0.0,5.0,0.3020833333333333,0.36781609195402304,11.571000000000002,5,0.2731828886718751,6.720000000000001,0.43216666666666664,8.018500000000001,0.0,19.125,-2.754166666666666,353,12,2019,79
2019-12-20,5.25,7.5,18,0.77,0.1,4.5,1.8624999999999998,10.2,5.3999999999999995,-3.719031688066044,2.390430122063517,85.66666666666667,54.125,239.0,96.58333333333333,1021.0458333333332,1015.4,-0.29583333333333334,-3.4,,,,297.2848985920737,0.8070832133655442,2.227777777777778,5.194444444444445,10.2,86.83333333333333,-3.3409655526685307,2.808567601177993,303.32089223945,0.0,0,14,7.28,11.97,23.24,39.97,91.63,1.0,113.89,2.220833333333303,3.070833333333212,-0.15654761904761472,0.0,,,2.158333333333333,3.5,-0.8887380877254106,0.458415326343023,-0.8356071110242221,0.5493275489230022,-3.1859704794432444,2.047801804567746,0.0,6.0,0.43859649122807015,0.5150602409638555,53.55,6,0.9538682364004633,11.97,0.4216388888888889,27.270833333333336,0.0,32.4,-1.3333333333333335,354,12,2019,80
2019-12-21,0.0,0.0,0,0.0,-1.4,5.1,1.7791666666666668,6.0,4.458333333333333,-4.0692808666919165,-1.5506476425658164,77.20833333333333,108.25,491.0,85.54166666666667,1024.0833333333333,1021.7,-1.7958333333333334,-4.6,,,,249.60711858138382,0.9768919164371067,0.0,0.0,0.0,0.0,0.0,0.0,,0.0,1,0,5.25,7.28,12.18,39.830000000000005,91.63,2.0,113.89,3.0375000000000227,9.066666666666492,2.390476190476079,0.0,,,3.575,3.1999999999999997,-0.9373252897841775,-0.3484555942024862,-0.9373252897841775,-0.3484555942024862,-3.1418239358250504,-1.1972292006976908,1.0,7.0,0.0,0.5977011494252874,0.0,1,0.0,3.64,0.4428611111111111,0.0,-0.0,4.458333333333333,-0.08333333333333304,355,12,2019,81
2019-12-22,3.29,4.7,8,0.7,-0.3,5.6,2.3333333333333335,6.2,3.7916666666666665,-1.1333751781501225,-1.1947580204815833,79.33333333333333,79.125,395.0,95.33333333333333,1020.0500000000001,1015.2,-0.9791666666666666,-5.8,,,,211.84378624856933,0.40993193644171566,2.4625,3.275,3.9,89.5,0.4139764923421466,-0.9872506428874945,157.1277550864248,0.0,1,8,3.29,8.54,15.26,42.07,94.91999999999999,2.0,117.17999999999999,-4.033333333333189,1.2250000000001364,-0.39761904761905953,0.0,,,3.3125,5.5,-0.527605141624613,-0.8494897377433538,0.388677666039384,-0.9213737959819441,-0.8991443079990971,-0.9478413629153895,0.0,8.0,0.3852459016393443,0.5596330275229358,20.398,2,0.5945797880859376,8.54,0.4416388888888889,10.77475,0.0,7.583333333333333,0.5541666666666667,356,12,2019,82
2019-12-23,4.69,6.7,10,1.05,1.1,5.2,2.704166666666667,6.7,3.9499999999999997,-3.2209236553938005,0.38524246004408286,80.95833333333333,107.625,477.0,75.5,1015.3833333333333,1013.8,-0.3,-1.9,,,,276.1243917212249,0.8409262876980848,2.04,3.96,6.7,86.6,-2.704443241638235,1.7241744774322285,297.4852497583999,0.0,0,4,7.98,7.98,19.95,46.76,99.61,2.0,121.87,-4.6666666666667425,-5.662499999999909,-3.527976190476238,0.0,,,3.004166666666667,3.0,-0.9942926157316742,0.10668736711281902,-0.8871296764762874,0.46152024561776017,-2.6076061093458973,0.3118858749440221,0.0,9.0,0.5877192982456141,0.4,31.423000000000002,3,0.8871111550000004,7.98,0.45716666666666667,18.572400000000002,0.0,11.85,0.37083333333333357,357,12,2019,83
2019-12-24,4.34,6.2,14,1.33,-5.9,1.4,-1.9791666666666667,11.5,7.983333333333333,-5.816469649311169,5.373677796215176,77.20833333333333,56.791666666666664,246.0,77.70833333333333,1026.3458333333333,1019.8,-5.55,-12.0,,,,311.588798529284,0.9894122030247587,-1.2285714285714284,9.478571428571428,11.5,81.0,-6.960320831705893,6.367964908591312,312.3421222821927,0.16666666666666666,0,14,9.030000000000001,12.32,24.29,51.1,103.94999999999999,2.0,126.21,10.962499999999977,2.2625000000000455,6.238690476190413,0.0,,,3.570833333333333,6.1,-0.7479278754711233,0.6637800035352466,-0.7391361148451435,0.6735560880369406,-4.490799275072331,4.148927065161134,0.0,10.0,0.35227272727272724,0.5072046109510087,49.91,4,1.0739532053571428,12.32,0.3263333333333333,41.13699999999999,450.1848509936966,31.933333333333334,-4.683333333333334,358,12,2019,84
2019-12-25,0.0,0.0,0,0.0,-2.8,6.7,0.1875,7.3,3.9333333333333336,-2.5411922852296764,-1.6826610377694855,48.208333333333336,135.125,555.0,25.791666666666668,1023.4833333333332,1019.3,-10.258333333333333,-18.4,,,,245.5763342998709,0.7773959880565124,0.0,0.0,0.0,0.0,0.0,0.0,,0.7083333333333334,1,0,4.34,9.030000000000001,19.6,51.1,103.74,3.0,126.21,-2.862500000000068,3.4333333333331666,2.1666666666666288,0.0,,,10.445833333333333,15.599999999999998,-0.9105129526611323,-0.4134805473493361,-0.9105129526611323,-0.4134805473493361,-1.2250664475044732,-0.8111828419580395,1.0,11.0,0.0,0.46071428571428574,0.0,5,0.0,4.515000000000001,0.39966666666666667,0.0,-0.0,19.666666666666668,2.166666666666667,359,12,2019,85
2019-12-26,5.25,7.7,13,1.05,-3.4,6.0,1.6833333333333333,5.7,3.454166666666667,-1.7221910880815774,-2.0964433890821863,83.04166666666667,53.125,350.0,95.66666666666667,1012.9958333333334,1004.3,-1.0125,-7.0,,,,224.70769104207332,0.7733987301967877,3.784615384615385,3.6153846153846154,5.4,92.07692307692308,-0.7083696264929357,-3.3743365857863967,193.95114754721698,0.0,0,13,5.25,9.59,22.82,41.09,108.99,3.0,131.46,-10.48749999999984,-2.387499999999932,-7.488095238095184,0.0,,,2.6958333333333333,3.6,-0.7034901099346786,-0.7107050479798872,-0.24109449855151782,-0.9705016449075149,-1.4301361827277432,-1.740921531016999,0.0,12.0,0.5474452554744526,0.4202453987730061,29.925,6,0.7789027366863904,9.59,0.44555555555555554,18.98076923076923,0.0,20.725,1.4958333333333333,360,12,2019,86
2019-12-27,32.69,47.8,24,3.01,-3.4,4.8,0.42083333333333334,13.7,8.5375,-2.61108373977384,7.32986746638166,92.83333333333333,32.708333333333336,163.0,96.95833333333333,1008.7541666666666,999.3,-0.625,-4.5,,,,332.0495888094165,0.7590582658088364,0.42083333333333334,8.5375,13.7,92.83333333333333,-2.61108373977384,7.32986746638166,332.0495888094165,0.0,0,24,37.94,37.94,50.26,73.5,141.68,3.0,164.15,-4.241666666666788,-17.591666666666697,-9.973809523809678,0.0,,,1.0458333333333334,1.1,-0.46870720650477354,0.8833535841159482,-0.46870720650477354,0.8833535841159482,-2.4239560717567143,6.80456029795764,0.0,0.0,0.8616236162361623,0.754874651810585,100.0,0,6.993118331217448,37.94,0.4379166666666667,279.090875,0.0,0.0,-1.2625,361,12,2019,87
2019-12-28,0.9100000000000001,1.4000000000000001,10,0.14,-6.0,-1.4,-3.75,10.3,8.058333333333334,-5.077744935219532,5.881597140805716,88.95833333333333,65.41666666666667,318.0,97.125,1027.125,1021.7,-5.3,-7.9,,,,318.0870331615298,0.9658883258150441,-3.8299999999999996,8.040000000000001,10.3,90.2,-4.1003914984621925,6.692713732109316,326.7721459305002,0.0,0,5,33.599999999999994,38.849999999999994,51.17,63.349999999999994,136.57,2.0,165.06,18.370833333333394,3.641666666666765,7.962499999999977,0.0,,,1.5499999999999998,1.9000000000000004,-0.6680009865088641,0.7441603872977817,-0.547969947745395,0.8364980193448811,-4.517077265289042,5.232170789841751,0.0,1.0,0.02342342342342343,0.7592339261285909,9.373000000000003,1,0.28301193375,38.849999999999994,0.3401388888888888,7.316400000000002,451.96565291799664,8.058333333333334,-4.170833333333333,362,12,2019,88
2019-12-29,0.0,0.0,0,0.0,-7.3,1.6,-3.275,8.4,6.058333333333334,-5.919769250344221,0.690101313407515,74.95833333333333,119.375,493.0,57.291666666666664,1029.2124999999999,1027.0,-7.179166666666667,-10.1,,,,274.88300700146584,0.9809521205821959,0.0,0.0,0.0,0.0,0.0,0.0,,0.20833333333333334,1,0,0.9100000000000001,33.599999999999994,47.879999999999995,63.14,134.89000000000001,2.0,165.06,2.0874999999998636,16.21666666666647,8.741071428571445,0.0,,,3.9041666666666672,2.8,-0.9963705856437505,0.08512141953662256,-0.9963705856437505,0.08512141953662256,-4.437360367237189,0.5172884428417164,1.0,2.0,0.0,0.7017543859649122,0.0,2,0.0,16.799999999999997,0.365,0.0,-0.0,12.116666666666667,0.4750000000000001,363,12,2019,89
2019-12-30,8.68,13.6,13,1.75,-1.7,5.5,2.3666666666666667,8.6,3.279166666666667,-1.537637790761038,-1.740269061649627,84.70833333333333,27.791666666666668,109.0,96.58333333333333,1023.0458333333332,1015.4,0.02916666666666662,-6.5,,,,229.3343890451014,0.5540409293176257,2.1384615384615384,2.876923076923077,4.5,87.53846153846153,-0.24880828313041814,-2.13230016687224,189.51431218436147,0.0,0,13,8.68,9.59,51.86999999999999,71.82000000000001,141.75,2.0,173.74,-6.166666666666629,14.291666666666629,1.4797619047618582,0.0,,,2.3375,4.8,-0.758525590425719,-0.6516432526078317,-0.16529396966450216,-0.9862443427429891,-1.3025073452571625,-1.474152917639038,0.0,3.0,0.9051094890510949,0.18488529014844807,74.648,3,1.6446051213017743,9.59,0.42311111111111105,24.971692307692308,0.0,9.8375,5.641666666666667,364,12,2019,90
2019-12-31,13.86,23.1,13,2.31,-4.6,6.8,1.0041666666666667,15.1,7.9875,-4.24604620704834,5.059481714663362,82.25,44.458333333333336,209.0,87.58333333333333,1017.2083333333334,1010.3,-1.6833333333333333,-8.0,,,,300.96493742749453,0.7462214766629155,-0.9307692307692308,11.23076923076923,15.1,83.15384615384616,-4.661643155525488,9.840093915333993,334.76524826310936,0.0,0,13,22.54,22.54,61.39,85.68,155.60999999999999,2.0,187.6,-5.837499999999864,-9.916666666666629,-3.0523809523808723,0.0,,,2.6875,3.4000000000000004,-0.8574823215088482,0.5145134286875283,-0.4263280199827666,0.904568637184362,-3.4923730052972597,4.161423710310616,0.0,0.0,0.6149068322981367,0.3671607753705815,100.0,4,3.2558031878698217,22.54,0.45491666666666664,155.65846153846152,0.0,31.95,-1.3625,365,12,2019,91
2020-01-01,4.76,6.8,12,0.7,-6.0,0.6,-2.1458333333333335,6.3,4.116666666666666,-3.0321159361014747,1.5144180430485292,77.45833333333333,60.041666666666664,335.0,87.08333333333333,1024.0333333333333,1021.0,-5.595833333333334,-9.9,,,,290.57139356067495,0.7592023191315777,-0.3,3.4916666666666667,4.8,82.58333333333333,-1.8614025780420276,2.0111666499411873,307.201950738081,0.0,1,12,18.619999999999997,27.299999999999997,66.14999999999999,85.75,157.29,2.0,192.35999999999999,6.824999999999932,-5.179166666666561,3.6940476190476375,0.0,,,3.4500000000000006,3.9000000000000004,-0.9362350853481761,0.35137425199222183,-0.7965093328959685,0.6046262338086392,-2.3486264688386003,1.1730429758446732,0.0,1.0,0.17435897435897438,0.41269841269841273,29.988,5,1.1722033020833336,27.299999999999997,0.31155555555555553,16.62033333333333,76.22443557082026,20.583333333333332,-3.1500000000000004,1,1,2019,92
2020-01-02,2.5900000000000003,3.7,20,0.35,-2.3,1.4,-0.5666666666666667,6.8,5.304166666666666,-4.542682537890795,2.530158366492253,78.125,76.29166666666667,389.0,97.95833333333333,1023.8000000000001,1021.7,-3.9291666666666667,-5.5,,,,298.0326750096576,0.9750336679231295,-0.9049999999999999,5.154999999999999,6.8,78.75,-4.463781323761102,2.3527975684303835,296.76475176350596,0.0,1,10,7.35,21.21,63.489999999999995,86.31,151.61999999999998,3.0,194.95,-0.2333333333332348,0.7541666666668334,1.917261904761972,0.0,,,3.3625,3.2,-0.8826797159992161,0.4699750195101258,-0.892863028390051,0.4503283385865772,-3.548970732727184,1.9766862238220728,0.0,2.0,0.12211221122112212,0.33406835722160977,17.612000000000002,6,0.660599511796875,21.21,0.34238888888888885,13.35145,0.0,31.824999999999996,1.5791666666666668,2,1,2019,93
2020-01-03,14.28,20.5,24,1.12,-1.0,1.5,0.39999999999999997,6.4,3.4458333333333333,-2.080936169267887,1.4806782690706732,84.625,60.083333333333336,261.0,92.0,1018.5166666666668,1017.0,-1.9041666666666668,-3.4,,,,297.01535331578646,0.7498964569706074,0.39999999999999997,3.4458333333333333,6.4,84.625,-2.080936169267887,1.4806782690706732,297.01535331578646,0.0,0,24,16.869999999999997,21.63,45.08,95.34,148.47,3.0,209.23,-5.283333333333303,1.308333333333394,-4.76071428571413,0.0,,,2.3041666666666667,2.4,-0.8908848382220295,0.4542292428126006,-0.8908848382220295,0.4542292428126006,-1.7609922332429493,1.2530239852010572,0.0,0.0,0.6601941747572816,0.4798136645962733,91.392,0,3.2795804999999993,21.63,0.3554722222222222,49.2065,0.0,0.0,0.9666666666666666,3,1,2019,94
2020-01-04,6.65,9.5,16,1.33,-2.9,0.0,-0.8875000000000001,10.0,5.783333333333334,-3.3206474839051414,4.554401955055788,83.0,79.875,357.0,92.625,1017.6291666666666,1014.3,-3.4416666666666664,-5.2,,,,323.1535879123643,0.969378646345122,-0.9375,5.68125,10.0,84.875,-2.8180911132789284,4.78797310291608,328.15884667424854,0.0,0,8,20.93,23.519999999999996,50.82,101.99000000000001,146.44,3.0,215.88,-0.8875000000001592,-6.404166666666697,-4.2916666666667425,0.0,,,2.5541666666666663,2.3000000000000003,-0.5996720293497793,0.8002458729762482,-0.5275661043194214,0.8495139819763,-2.7561374116412676,3.7801536226963037,0.0,1.0,0.2827380952380953,0.4628099173553718,66.5,1,1.6892274475097655,23.519999999999996,0.32991666666666664,37.7803125,0.0,5.783333333333334,-1.2875,4,1,2019,95
2020-01-05,7.7,11.0,22,0.98,-4.2,-1.4,-2.8666666666666667,12.2,10.029166666666667,-4.908470011101646,8.540397108436151,86.95833333333333,53.583333333333336,247.0,97.33333333333333,1025.0666666666666,1019.6,-4.741666666666666,-6.0,,,,329.5784649117669,0.9804954092237406,-2.7545454545454544,10.113636363636363,12.2,86.5909090909091,-4.638374527139059,8.903961982585605,332.17056149905216,0.0,0,22,14.350000000000001,28.63,58.519999999999996,106.39999999999999,149.66,2.0,223.57999999999998,7.4375,1.2666666666665378,3.738095238095184,0.0,,,1.8749999999999996,1.7999999999999998,-0.5063579112003249,0.8623234113514743,-0.46684107537499187,0.884341229584328,-4.2683237138204735,7.426586985544269,0.0,2.0,0.26894865525672373,0.4892344497607656,93.94,2,2.1448561789772724,28.63,0.3255833333333333,77.875,144.89122429150638,20.058333333333334,-1.9791666666666665,5,1,2019,96
2020-01-06,0.0,0.0,0,0.0,-6.9,1.1,-3.25,9.7,7.2,-5.8396677308474985,4.060961679681874,76.125,131.125,565.0,67.66666666666667,1029.2208333333333,1026.9,-7.033333333333334,-9.1,,,,305.62121061250366,0.9869874158272731,0.0,0.0,0.0,0.0,0.0,0.0,,0.041666666666666664,1,0,7.7,14.350000000000001,49.84,101.71,149.51999999999998,3.0,223.57999999999998,4.154166666666697,10.704166666666538,7.010119047619014,0.0,,,3.783333333333334,2.1999999999999993,-0.8128852063092848,0.582423936118281,-0.8128852063092848,0.582423936118281,-4.445447060107658,3.0914070786578263,1.0,3.0,0.0,0.28792134831460675,0.0,3,0.0,7.175000000000001,0.3656111111111111,0.0,-0.0,21.6,-0.3833333333333333,6,1,2019,97
2020-01-07,9.1,17.4,12,1.26,-6.5,4.8,-0.6749999999999999,6.1,3.6625,-0.2713643071903606,-1.88819718180517,75.70833333333333,40.166666666666664,190.0,82.0,1022.5916666666667,1015.8,-4.666666666666667,-12.4,,,,203.9664055656604,0.4599474847318484,1.7833333333333332,4.2,6.1,85.75,1.4167901712753537,-3.5353292806718315,159.54196428710728,0.125,0,12,9.1,16.799999999999997,45.08,106.47,157.57000000000002,3.0,232.68,-6.629166666666606,4.962500000000091,-0.3880952380952749,0.0,,,3.991666666666667,5.9,-0.406200930895055,-0.9137837839117035,0.3495212546484978,-0.9369284351266857,-0.2054453942353688,-1.4295226163916641,0.0,4.0,0.5416666666666667,0.3726708074534161,55.51,4,1.7711538541666667,16.799999999999997,0.38580555555555557,38.22,0.0,14.65,2.575,7,1,2019,98
2020-01-08,18.62,48.6,11,3.92,4.1,9.7,5.8374999999999995,13.7,5.895833333333333,-0.9060516669312556,-1.0203245540118322,89.16666666666667,43.041666666666664,467.0,95.54166666666667,1002.7791666666667,996.0,4.158333333333333,2.2,,,,169.33960131021422,0.288788936246752,5.136363636363637,7.745454545454544,13.7,88.81818181818181,-5.658732362566574,0.2897842126736748,262.0741406740364,0.0,0,10,27.72,27.720000000000002,58.94,125.09,176.19,2.0,251.3,-19.8125,-22.28749999999991,-17.164285714285597,0.0,,,1.6791666666666663,1.8999999999999995,0.18498741540988545,-0.9827408896245086,-0.9904473294582189,-0.13789157903614824,-0.8078960696803696,-0.9097893939938838,0.0,0.0,0.6717171717171717,0.4703087885985749,100.0,0,2.0448241632231388,27.720000000000002,0.5414722222222222,144.22036363636363,0.0,0.0,6.512499999999999,8,1,2019,99
2020-01-09,11.55,16.5,15,3.29,0.9,3.0,1.8499999999999999,13.7,8.358333333333333,-5.277658843267317,5.6965581598245265,88.66666666666667,78.45833333333333,384.0,94.83333333333333,1013.025,1006.0,0.16666666666666666,-1.2,,,,307.9391073197001,0.8557900785692666,1.8599999999999999,8.533333333333333,13.7,89.66666666666667,-4.423300236271249,6.472622527425382,312.0650303026304,0.0,0,9,30.17,39.27,67.9,131.39,187.74,1.0,262.85,10.24583333333328,-16.195833333333326,-5.379166666666606,0.0,,,1.6833333333333331,2.1,-0.788664619780517,0.6148236474847504,-0.7423848884939355,0.6699736392842983,-4.679524174363689,5.050948235044413,0.0,0.0,0.29411764705882354,0.5783505154639175,100.0,1,2.0997130000000004,39.27,0.41452777777777783,98.56,0.0,8.358333333333333,-3.9875,9,1,2019,100
2020-01-10,4.69,6.6,11,0.98,-5.6,2.4,-0.4875,7.4,5.091666666666667,-3.362975933317078,3.5994279458773506,81.54166666666667,85.04166666666667,389.0,70.70833333333333,1018.0208333333334,1013.4,-3.279166666666667,-7.9,,,,317.4691801299539,0.9439763224056485,1.190909090909091,5.2727272727272725,6.9,83.27272727272727,-2.922557242874761,4.249996002319379,330.5845847920948,0.125,0,11,16.240000000000006,34.86,58.31,103.39,192.43,1.0,267.54,4.995833333333394,-4.570833333333326,-0.3124999999998863,0.0,,,2.791666666666667,2.3000000000000007,-0.6759866973876891,0.7369138246463319,-0.4911381325518232,0.8710817038335197,-2.742226625625634,2.9350335375341565,0.0,1.0,0.13453815261044177,0.5978391356542617,34.706,2,0.9647906559917355,34.86,0.3818333333333333,24.72909090909091,81.76340979816055,10.183333333333334,-2.3375,10,1,2019,101
2020-01-11,1.61,2.3,6,0.56,-6.3,2.4,-1.8041666666666665,6.4,4.333333333333333,-3.7083076037911966,0.6723368039875716,74.04166666666667,138.95833333333334,571.0,53.125,1015.6958333333333,1013.2,-6.0,-11.8,,,,279.94056362605915,0.8792005458223667,-0.033333333333333326,4.75,5.5,83.5,-3.6095332897053463,2.868566266065276,310.06023061990084,0.2916666666666667,1,4,6.300000000000004,17.85,53.27,104.09,178.78,2.0,269.15,-2.3250000000000455,12.916666666666629,-2.3613095238094957,0.0,,,4.195833333333334,5.500000000000001,-0.9849873588425823,0.17262648383233123,-0.7653683070973167,0.6435925376284186,-2.745692754973732,0.49780937528579783,0.0,2.0,0.09019607843137255,0.33508541392904073,10.304000000000002,3,0.3798635677083334,17.85,0.39277777777777784,7.647500000000001,0.0,13.0,-1.3166666666666664,11,1,2019,102
2020-01-12,2.3800000000000003,3.3,15,0.49,-4.0,1.2,-0.9583333333333334,6.2,4.004166666666666,-3.8685847873392194,0.20782711913482818,81.54166666666667,43.041666666666664,178.0,90.75,1011.9208333333332,1009.2,-3.716666666666667,-5.8,,,,273.7831444780174,0.9677189517489737,-0.15333333333333332,4.206666666666667,6.2,80.06666666666666,-4.13488213769316,-0.4064797432188983,264.41133048693746,0.0,1,14,3.9900000000000038,8.68,47.95,106.47,180.88,3.0,271.53,-3.775000000000091,-1.1041666666667425,-4.258333333333439,0.0,,,2.7583333333333333,1.7999999999999998,-0.9978209218593783,0.06598035995431083,-0.9952466779599619,-0.09738608735163305,-3.1545085120095218,0.1694656967278578,0.0,3.0,0.2741935483870968,0.18102189781021896,14.756000000000002,4,0.5723565147222224,8.68,0.32716666666666666,10.011866666666668,0.0,16.016666666666666,0.8458333333333331,12,1,2019,103
2020-01-13,6.65,9.5,20,1.05,-2.5,1.0,-0.6166666666666667,9.3,5.679166666666667,-5.218371569169107,-0.038383419715241916,84.5,75.16666666666667,301.0,96.75,1013.1583333333333,1008.4,-2.9416666666666664,-3.6,,,,266.54441891586384,0.919502118830125,-0.6950000000000001,5.305,8.5,85.25,-4.78762015064914,-0.05015724982354284,266.12892221332316,0.0,1,8,9.030000000000005,10.64,54.6,104.44,176.47,3.0,278.18,1.2375000000000682,-4.862500000000068,-0.7261904761903679,0.0,,,2.3249999999999997,1.1,-0.998181826733298,-0.06027471094394495,-0.9977184850161036,-0.06751166311957527,-4.409523975947895,-0.03243398965937942,0.0,4.0,0.625,0.19487179487179487,61.845000000000006,5,1.6601372238281253,10.64,0.35400000000000004,35.27825,14.811699841071592,28.395833333333336,0.3416666666666667,13,1,2019,104
2020-01-14,2.45,3.6,13,0.35,-0.4,5.0,1.7750000000000001,6.2,3.4291666666666667,-1.983307370882024,-0.8154249614092257,78.20833333333333,94.70833333333333,476.0,91.16666666666667,1019.7083333333334,1017.9,-1.6666666666666667,-4.0,,,,247.63096721757717,0.4798017037213193,1.776923076923077,3.276923076923077,6.2,81.38461538461539,-1.337077863430969,0.2111260561687312,289.64955850995,0.0,1,9,9.100000000000005,11.48,47.95,93.03,178.71,4.0,280.63,6.550000000000068,4.0125000000000455,6.235714285714266,0.0,,,3.441666666666667,3.6,-0.9247518594453081,-0.3805706221615708,-0.9417669485096144,0.33626628539728654,-1.5511116396439828,-0.6377302719021319,0.0,5.0,0.21341463414634146,0.23941605839416058,15.190000000000001,6,0.4830326312869823,11.48,0.4349444444444444,8.028461538461539,3.5031440021891758,20.575,2.3916666666666666,14,1,2019,105
2020-01-15,6.0200000000000005,8.6,12,2.66,-4.3,2.0,-0.4083333333333334,10.6,5.3875,-3.1333855659339584,3.548507742268653,81.875,79.70833333333333,493.0,81.16666666666667,1018.8708333333334,1015.5,-3.1625,-5.5,,,,306.0735873143935,0.8261794371474489,0.17499999999999996,6.941666666666666,10.6,81.5,-3.249965793628668,5.480486949844274,319.7360933920359,0.0,1,12,8.470000000000004,15.120000000000001,35.35,94.29,184.73000000000002,5.0,286.65,-0.8374999999999773,6.950000000000159,3.0994047619047933,0.0,,,2.754166666666667,1.2000000000000002,-0.8082614106790661,0.5888238208556835,-0.6463092094151907,0.7630756226122751,-2.5654594321084283,2.9053407139824596,0.0,6.0,0.39814814814814814,0.4277227722772277,63.812000000000005,6,1.35035772265625,15.120000000000001,0.3705,41.788833333333336,0.0,32.325,-2.1833333333333336,15,1,2019,106
2020-01-16,0.0,0.0,0,0.0,-5.8,1.1,-2.066666666666667,8.2,5.033333333333333,-3.6717696341187214,2.481829607124324,72.58333333333333,130.70833333333334,562.0,67.16666666666667,1023.0124999999999,1020.3,-6.491666666666667,-9.1,,,,303.3879404587109,0.8705913925298605,0.0,0.0,0.0,0.0,0.0,0.0,,0.16666666666666666,1,0,6.020000000000004,8.47,23.8,91.7,184.73000000000002,6.0,286.65,4.141666666666538,9.854166666666629,5.814285714285688,0.0,,,4.425000000000001,3.3,-0.8349637092416603,0.5503050101983518,-0.8349637092416603,0.5503050101983518,-2.665092792764505,1.8013946565044052,1.0,7.0,0.0,0.3558823529411765,0.0,3,0.0,4.235,0.3535277777777777,0.0,-0.0,15.1,-1.6583333333333334,16,1,2019,107
2020-01-17,0.07,0.1,1,0.07,-2.3,1.6,-0.5083333333333333,6.9,3.095833333333333,0.46381061179697697,1.9878605583704536,70.20833333333333,121.54166666666667,522.0,93.33333333333333,1020.4041666666667,1017.3,-5.4375,-8.5,,,,6.782692440532509,0.6200971638223414,-1.1,5.6,5.6,87.0,2.542346798541462,4.98963653545486,27.0,0.0,1,1,0.07000000000000356,6.090000000000001,19.18,77.49000000000001,180.11,7.0,286.72,-2.608333333333235,0.6958333333333258,2.8654761904761017,0.0,,,4.929166666666667,6.2,0.11810401394715772,0.9930012295508851,0.4539904997395468,0.8910065241883679,0.3256337003657942,1.3956437670225892,0.0,8.0,0.011494252873563218,0.31751824817518254,0.4830000000000001,4,0.01806525000000001,6.090000000000001,0.35061111111111104,0.392,0.0,12.383333333333333,1.5583333333333336,17,1,2019,108
2020-01-18,0.14,0.2,2,0.07,-6.3,0.9,-1.8916666666666666,7.1,3.841666666666667,-1.3661510745091654,3.365028449848532,73.54166666666667,95.95833333333333,384.0,82.625,1015.3208333333333,1012.1,-6.1125,-10.4,,,,344.52636821214406,0.914670335175121,-2.55,5.5,7.1,86.0,-3.3916232664823327,4.164816345202713,317.0,0.041666666666666664,1,1,0.21000000000000357,0.21000000000000002,17.71,70.98,178.22000000000003,7.0,286.86,-5.083333333333371,-3.550000000000068,-2.1642857142858247,0.0,,,4.220833333333333,4.1000000000000005,-0.26679487338045604,0.9637533374976744,-0.6819983600624984,0.7313537016191707,-1.0046902693786155,2.4746980058261077,0.0,9.0,0.6666666666666666,0.011857707509881424,0.994,5,0.04090515625,0.21000000000000002,0.32911111111111113,0.77,0.0,19.208333333333336,-1.3833333333333333,18,1,2019,109
2020-01-19,3.85,5.5,12,0.91,-2.4,4.3,-0.020833333333333398,5.8,3.983333333333333,-2.875082470742283,-0.29064236289124173,75.0,121.41666666666667,532.0,95.125,1015.1041666666666,1012.1,-4.1875,-6.5,,,,262.80247517267736,0.7312435230556095,-0.4166666666666667,3.8333333333333335,5.4,82.08333333333333,-2.311366343168614,-1.0273523392428234,248.20698531889735,0.041666666666666664,1,7,3.9900000000000038,4.0600000000000005,19.180000000000003,67.13,176.82000000000002,7.0,290.71,-0.21666666666669698,-7.908333333333303,-2.835714285714289,0.0,,,4.166666666666667,4.1,-0.9921201147734757,-0.12529037417880698,-0.9285310959637845,-0.3712546347566496,-2.156311853056712,-0.2179817721684313,0.0,10.0,0.9482758620689654,0.2116788321167883,22.33,6,0.9545627170138892,4.0600000000000005,0.42650000000000005,14.758333333333335,0.0,23.9,1.8708333333333331,19,1,2019,110
2020-01-20,7.7700000000000005,11.2,24,0.98,0.5,2.6,1.4625000000000001,7.2,3.3041666666666667,-2.9671071098686035,-0.6531436173169531,82.75,65.25,258.0,90.875,1014.0749999999999,1012.7,-1.1541666666666666,-2.6,,,,244.19974802305182,0.8780601669466668,1.4625000000000001,3.3041666666666667,7.2,82.75,-2.9671071098686035,-0.6531436173169531,244.19974802305182,0.0,0,24,11.620000000000005,11.76,20.3,74.9,184.59,6.0,298.48,-1.029166666666697,-6.329166666666765,-3.995833333333394,0.0,,,2.6166666666666667,3.1,-0.9003168573222395,-0.4352350588146664,-0.9003168573222395,-0.4352350588146664,-2.4552811334162694,-0.5404763433297787,0.0,11.0,0.6607142857142858,0.5793103448275861,55.944,0,1.5899136127929694,11.76,0.3771111111111111,25.673375,0.0,0.0,1.4833333333333336,20,1,2019,111
2020-01-21,10.5,15.0,18,1.26,-6.2,1.1,-2.8874999999999997,13.0,8.945833333333333,-4.257715042946352,7.322301667414405,85.45833333333333,69.45833333333333,323.0,81.79166666666667,1024.45,1014.5,-5.008333333333334,-9.2,,,,331.28981492559586,0.9310771909788342,-2.072222222222222,9.222222222222221,13.0,85.55555555555556,-3.4638492193861756,8.217145596092045,340.4442097554847,0.08333333333333333,0,18,18.270000000000003,22.119999999999997,28.35,76.30000000000001,191.79999999999998,5.0,308.98,10.375000000000114,9.12916666666672,5.7017857142858475,0.0,,,2.120833333333334,2.999999999999999,-0.48037941406113116,0.8770607838378617,-0.334724572973046,0.9423160086977256,-3.6385723137845702,6.2575169666112265,0.0,0.0,0.4746835443037975,0.7802469135802468,100.0,0,2.803647858796296,22.119999999999997,0.3556111111111111,96.83333333333333,222.8121010370182,0.0,-4.35,21,1,2019,112
2020-01-22,0.35,0.5,2,0.21,-7.2,5.5,-0.2125,6.0,3.841666666666667,-2.4242833349280635,-1.741066849583963,59.0,110.66666666666667,534.0,71.33333333333333,1026.1041666666667,1022.9,-7.5,-14.3,,,,245.29236618428644,0.7736256840044543,1.1,5.1,5.2,74.0,-4.521463755756386,-2.348807480525819,242.5,0.08333333333333333,0,2,10.850000000000003,18.619999999999997,22.680000000000003,58.03,187.46,4.0,309.33,1.654166666666697,11.000000000000114,6.322619047619241,0.0,,,7.2875,7.1000000000000005,-0.9084524948521767,-0.41798811537752584,-0.8870108331782215,-0.4617486132350344,-1.4303271676075573,-1.0272294412545382,0.0,1.0,0.01879699248120301,0.8209876543209874,2.0999999999999996,1,0.07291046874999997,18.619999999999997,0.39266666666666666,1.7849999999999997,53.85063333105955,3.841666666666667,2.675,22,1,2019,113
2020-01-23,3.85,8.8,12,0.98,1.5,7.8,4.9624999999999995,6.4,3.7875,-1.5349980191915167,-0.6068017494731904,84.83333333333333,46.75,229.0,99.125,1021.1458333333334,1017.4,2.5875,-1.7,,,,250.0997305433971,0.4443746722201408,3.658333333333333,3.9,5.5,84.08333333333333,-0.7854705161384712,-3.5164102441583935,193.10212424384707,0.0,0,9,4.200000000000004,14.7,26.53,50.330000000000005,186.97,3.0,313.18,-4.958333333333371,7.070833333333439,1.630952380952408,0.0,,,2.3749999999999996,3.2,-0.9402865262273621,-0.34038397229493683,-0.22668741748802576,-0.9739675635012747,-1.3021899862808033,-0.5147701508030899,0.0,2.0,0.2619047619047619,0.5540897097625329,24.64,2,0.5806291276041669,14.7,0.48727777777777775,15.015,0.0,7.575,5.175,23,1,2019,114
2020-01-24,1.54,2.8000000000000003,10,0.42,-0.9,6.1,3.8333333333333335,9.5,5.9125000000000005,-3.396709937372244,4.622304033511665,85.29166666666667,80.45833333333333,368.0,94.625,1024.7666666666667,1020.2,1.5583333333333333,-2.3,,,,320.8343325195918,0.9474435760981292,2.63,8.09,9.5,84.9,-4.2034691261720525,6.860688672079986,328.5041845734416,0.0,0,9,5.390000000000004,5.739999999999998,28.0,47.18,188.51,2.0,314.72,3.6208333333332803,0.31666666666660603,4.628571428571377,0.0,,,2.2750000000000004,1.4,-0.6315648304696759,0.7753230713153128,-0.5224362911024857,0.8526783225455417,-2.8971105174170764,3.942440148582658,0.0,3.0,0.26829268292682934,0.20499999999999993,14.63,3,0.2550512868749999,5.739999999999998,0.47350000000000003,12.4586,13.698055014912976,17.7375,-1.129166666666666,24,1,2019,115
2020-01-25,0.0,0.0,0,0.0,-4.1,2.6,-1.0999999999999999,9.2,5.075,-3.9536889763003678,3.0657956440980203,68.58333333333333,121.41666666666667,532.0,82.08333333333333,1029.3875,1027.6,-6.483333333333333,-9.0,,,,306.8902596742825,0.9843967479605336,0.0,0.0,0.0,0.0,0.0,0.0,,0.041666666666666664,1,0,1.5400000000000036,5.389999999999999,27.86,45.57,183.26,2.0,314.72,4.620833333333394,3.283333333333303,7.2398809523811,0.0,,,5.383333333333334,4.9,-0.7997867188220676,0.6002842696554949,-0.7997867188220676,0.6002842696554949,-2.7115716895793356,2.102624845910559,1.0,4.0,0.0,0.19346733668341703,0.0,4,0.0,2.6949999999999994,0.3673333333333333,0.0,-0.0,20.3,-4.933333333333334,25,1,2019,116
2020-01-26,0.0,0.0,0,0.0,-3.5,3.5,-0.5375,8.8,5.3875,-4.5745084003624745,2.540047617281925,68.29166666666667,147.375,600.0,80.625,1027.0874999999999,1025.1,-5.829166666666667,-7.6,,,,293.0181339446588,0.9610159607836571,0.0,0.0,0.0,0.0,0.0,0.0,,0.08333333333333333,1,0,0.0,1.5399999999999983,24.009999999999998,43.19,150.57,2.0,314.72,-2.300000000000182,5.941666666666492,3.227976190476056,0.0,,,5.291666666666667,4.1,-0.9203811421049817,0.3910224459766082,-0.9203811421049817,0.3910224459766082,-3.124008028414207,1.7346408519687815,2.0,5.0,0.0,0.06413994169096203,0.0,5,0.0,0.5133333333333328,0.4036666666666667,0.0,-0.0,26.9375,0.5624999999999999,26,1,2019,117
2020-01-27,3.64,5.2,8,1.26,-3.9,3.3,0.8375,11.3,5.9875,0.8522811846327846,-4.740139920196942,64.41666666666667,61.291666666666664,277.0,99.625,1024.8458333333333,1022.1,-5.270833333333333,-8.7,,,,169.7264220643148,0.6226388231411198,0.2625,8.9125,11.3,74.0,-1.5116944988783523,-8.426025905013312,188.5562284135282,0.0,1,8,3.6400000000000037,3.6399999999999983,19.88,40.18,153.3,3.0,318.36,-2.2416666666665606,0.07916666666665151,-0.5523809523810996,0.0,,,6.108333333333333,4.799999999999999,0.17834847555008781,-0.9839673883157712,-0.14877993123365846,-0.988870331268012,0.5490111297676188,-3.053440131926864,0.0,6.0,1.0000000000000004,0.1830985915492957,41.132000000000005,6,0.787394029296875,3.6399999999999983,0.3289166666666667,32.4415,0.0,35.925,1.375,27,1,2019,118
2020-01-28,11.06,16.1,22,1.12,-1.9,4.8,1.6624999999999999,17.0,11.491666666666667,-2.0974576721676494,-10.258640583062245,92.04166666666667,53.916666666666664,243.0,99.58333333333333,1017.9583333333334,1013.4,0.49166666666666664,-3.5,,,,192.83698224479934,0.9048708743741664,1.55,11.6,17.0,92.22727272727273,-2.5519325992861965,-10.293139703903721,195.64460427785056,0.0,0,12,14.700000000000005,14.7,20.44,48.790000000000006,164.36,3.0,329.42,-6.887499999999932,-11.429166666666674,-6.512499999999932,0.0,,,1.1708333333333332,1.6,-0.2221778732155063,-0.9750061500592878,-0.2696695529302408,-0.9629529231600079,-1.9305349990909741,-9.442223769993541,0.0,0.0,0.7523809523809525,0.7191780821917807,100.0,0,1.9976433749999993,14.7,0.44941666666666663,128.296,0.0,0.0,0.8249999999999998,28,1,2019,119
2020-01-29,4.34,12.200000000000001,6,2.52,3.8,8.5,5.458333333333333,13.4,5.170833333333333,-2.2802605218992937,-2.7300971827452565,89.83333333333333,96.54166666666667,456.0,93.04166666666667,1005.5708333333333,1002.9,3.891666666666667,2.6,,,,242.2975778622072,0.7026302099785594,4.25,8.700000000000001,13.4,96.0,-0.8290507628598451,-7.810608898086421,199.27707085637826,0.0,0,4,15.400000000000004,19.04,24.43,47.11,160.01999999999998,3.0,333.76,-12.387500000000045,-21.516666666666538,-15.96666666666681,0.0,,,1.566666666666666,1.1999999999999997,-0.885373974100744,-0.4648794746867785,-0.330136667450137,-0.9439331442453526,-2.0484340355061987,-2.4525373024994885,0.0,1.0,0.22794117647058823,0.7793696275071633,58.156,1,0.5560285937500001,19.04,0.5526944444444445,37.758,0.0,5.170833333333333,3.7958333333333334,29,1,2019,120
2020-01-30,14.14,20.2,18,1.4,1.2,4.4,2.9499999999999997,7.3,4.695833333333334,-1.440310736424263,0.8157605540207603,87.0,62.958333333333336,255.0,96.875,1002.125,1000.1,0.9708333333333333,-0.8,,,,258.48116553283245,0.31522869002960185,3.0277777777777777,5.066666666666666,7.3,87.66666666666667,-1.840712672580072,2.1692217192054475,299.73658543969265,0.0,0,17,18.480000000000004,29.54,34.72,61.25,160.3,3.0,347.9,-3.4458333333333258,-22.720833333333303,-16.695238095238096,0.0,,,1.9791666666666665,2.0,-0.9798591147589135,-0.19969004788391007,-0.8683149689916533,0.4960132202119457,-1.253070340689109,0.7097116819980614,0.0,0.0,0.4786729857819906,0.8508064516129032,100.0,0,2.30858412037037,29.54,0.42975,71.64266666666667,0.0,0.0,-2.5083333333333333,30,1,2019,121
2020-01-31,8.540000000000001,12.2,24,0.84,-2.7,0.9,-1.125,10.8,8.216666666666667,-2.2549895840908336,7.819844029306868,87.58333333333333,72.54166666666667,322.0,91.25,1009.2833333333333,1005.6,-2.9250000000000003,-4.7,,,,343.6702583419815,0.9884004751217035,-1.125,8.216666666666667,10.8,87.58333333333333,-2.2549895840908336,7.819844029306868,343.6702583419815,0.0,0,24,22.680000000000007,27.019999999999996,41.720000000000006,69.72,164.08,3.0,356.44,7.158333333333303,-8.675000000000068,-7.3250000000000455,0.0,,,1.8000000000000003,2.0,-0.28116489627715846,0.9596594714279929,-0.28116489627715846,0.9596594714279929,-1.9749950440662218,6.848880062334598,0.0,1.0,0.3160621761658032,0.6476510067114092,92.23200000000001,1,2.1312359505208334,27.019999999999996,0.3603055555555555,70.17033333333335,43.5833111865154,8.216666666666667,-4.074999999999999,31,1,2019,122
2020-02-01,2.1,3.0,22,0.14,-3.1,0.8,-1.0250000000000001,7.8,5.491666666666666,-3.8023271453844356,3.8139202122651112,82.29166666666667,80.875,298.0,95.79166666666667,1018.0083333333333,1014.2,-3.654166666666667,-5.5,,,,315.32195698308715,0.9777745530955753,-0.8590909090909092,5.6000000000000005,7.8,82.22727272727273,-3.790880025159095,4.001643180177763,317.2499194469521,0.0,1,22,10.640000000000004,24.78,43.82000000000001,71.68,163.59,3.0,358.54,8.725000000000023,12.4375,3.0255952380952067,0.0,,,2.6291666666666664,2.4,-0.7031222574210545,0.7110689777504854,-0.6788017779279686,0.7343215550981932,-3.1289983800559416,3.1385385080098316,0.0,2.0,0.0847457627118644,0.5654952076677315,16.38,2,0.5301951136363636,24.78,0.34600000000000003,11.760000000000002,102.53382748049088,10.983333333333333,0.09999999999999987,32,2,2019,123
2020-02-02,0.0,0.0,0,0.0,-5.6,2.4,-1.1958333333333333,7.0,5.116666666666666,-3.8597078198398687,1.8449481905244933,67.0,170.33333333333334,600.0,61.333333333333336,1023.6750000000001,1021.6,-6.866666666666667,-10.1,,,,294.3721370634284,0.8232018455161628,0.0,0.0,0.0,0.0,0.0,0.0,,0.25,1,0,2.1000000000000036,10.639999999999999,43.82000000000001,67.83000000000001,149.31,3.0,358.54,5.6666666666667425,21.550000000000068,9.179761904762017,0.0,,,5.670833333333334,4.5,-0.9108844457925046,0.4126615155466787,-0.9108844457925046,0.4126615155466787,-2.586004239292712,1.2361152876514105,1.0,3.0,0.0,0.24281150159744402,0.0,3,0.0,5.319999999999999,0.39022222222222225,0.0,-0.0,15.349999999999998,-0.17083333333333317,33,2,2019,124
2020-02-03,4.48,6.3999999999999995,12,0.63,-5.6,3.8,-0.6375000000000001,9.6,4.4875,-3.7334898119038233,-0.37503655748024406,73.125,106.20833333333333,575.0,70.125,1018.8958333333334,1016.4,-4.920833333333333,-11.2,,,,260.134907544226,0.8514311726019368,1.7666666666666666,5.091666666666667,9.6,80.08333333333333,-4.501555634113538,1.4752983678772715,286.0752893669728,0.16666666666666666,0,12,4.480000000000004,6.579999999999998,44.660000000000004,64.53999999999999,147.14000000000001,2.0,363.02,-4.779166666666697,9.612500000000068,5.250595238095343,0.0,,,4.283333333333333,5.6,-0.9852138913942553,-0.17132888899362075,-0.960898665591863,0.2769002608589905,-2.7301144249546705,-0.2742454826574285,0.0,4.0,0.6808510638297874,0.1473354231974921,43.008,4,0.8634433888888889,6.579999999999998,0.399,22.81066666666667,0.0,17.95,0.5583333333333332,34,2,2019,125
2020-02-04,1.05,1.5,6,0.35,-4.6,1.6,-1.3499999999999999,8.6,5.741666666666667,-4.954253236926903,1.8039581131644173,75.0,164.0,600.0,69.25,1021.75,1018.9,-5.433333333333334,-8.1,,,,288.5444026595057,0.9238271509277607,-0.9666666666666668,6.666666666666667,7.7,80.16666666666667,-4.278528825087874,5.089871179909458,319.66894174648945,0.25,1,6,5.530000000000004,5.5299999999999985,34.65,55.089999999999996,140.49,3.0,364.07,2.8541666666666288,3.7416666666666742,7.563095238095229,0.0,,,4.083333333333334,3.5,-0.9480774680413556,0.3180394859011885,-0.6472031031581531,0.762317613113102,-3.715689927695177,1.3529685848733128,0.0,5.0,0.18987341772151906,0.15959595959595957,9.03,5,0.26388541666666665,5.5299999999999985,0.3948888888888889,7.000000000000001,56.173518032715464,28.708333333333336,-0.7124999999999998,35,2,2019,126
2020-02-05,14.91,21.3,21,1.61,-6.3,0.7,-2.220833333333333,14.1,7.291666666666667,-4.204669995807471,2.9700818862562746,78.25,53.083333333333336,233.0,97.83333333333333,1016.1374999999999,1012.2,-5.504166666666666,-9.8,,,,279.11466402518107,0.6149642558810234,-2.123809523809524,7.690476190476191,14.1,77.57142857142857,-4.306976034265555,3.754877590992037,288.14743291968244,0.0,1,21,15.960000000000004,20.439999999999998,45.22,69.65,155.40000000000003,4.0,378.98,-5.612500000000068,-7.537500000000136,0.4410714285713766,0.0,,,3.283333333333333,3.500000000000001,-0.9873732961447307,0.1584107763388901,-0.9502582091553112,0.31146321762439433,-3.2901542717193464,2.324089075995535,0.0,0.0,0.7294520547945207,0.45201238390092874,100.0,0,4.084719806547619,20.439999999999998,0.31177777777777776,114.665,0.0,0.0,-0.8708333333333333,36,2,2019,127
2020-02-06,7.91,11.2,20,0.77,-12.7,-6.9,-9.733333333333333,14.1,12.083333333333334,-8.203949355706001,8.319471957183323,80.875,87.0,353.0,96.875,1028.5958333333333,1022.0,-12.454166666666666,-15.1,,,,314.7885936119816,0.9652208724645379,-9.215,12.275,14.1,80.4,-7.685536010529292,9.469547047942237,320.8177507705331,0.0,0,20,22.820000000000004,23.869999999999997,38.99,73.71,154.21,4.0,386.89,12.458333333333371,9.699999999999932,9.117857142857133,0.0,,,2.720833333333333,2.4000000000000004,-0.7097110003672639,0.7044929353497433,-0.631789187257248,0.7751402601238218,-6.634944041427229,6.728372945372013,0.0,1.0,0.33137829912023464,0.6122082585278276,100.0,1,3.216739616015625,23.869999999999997,0.32758333333333334,97.09525000000001,1216.0119121992905,12.083333333333334,-7.512499999999999,37,2,2019,128
2020-02-07,0.0,0.0,0,0.0,-13.0,-2.1,-8.058333333333334,10.2,6.208333333333333,-6.032941403455279,0.8931436367509851,61.791666666666664,185.79166666666666,600.0,63.708333333333336,1026.0,1020.3,-14.395833333333334,-17.3,,,,276.6791669664842,0.9789855752682951,0.0,0.0,0.0,0.0,0.0,0.0,,0.125,0,0,7.910000000000004,22.819999999999997,30.450000000000003,72.17,135.59000000000003,4.0,386.89,-2.595833333333303,4.25,4.133928571428555,0.0,,,6.3375,4.300000000000001,-0.9932130059513264,0.11630960755298907,-0.9932130059513264,0.11630960755298907,-3.727855042218408,0.5518883388757129,1.0,2.0,0.0,0.7494252873563216,0.0,2,0.0,11.409999999999998,0.32983333333333337,0.0,-0.0,12.416666666666666,1.674999999999999,38,2,2019,129
2020-02-08,8.26,11.7,23,1.26,-6.1,-0.5,-2.6666666666666665,10.1,6.458333333333333,-3.709052368780791,4.382792371826903,76.20833333333333,81.83333333333333,359.0,97.70833333333333,1017.0583333333334,1015.9,-6.266666666666667,-10.4,,,,311.71205098772236,0.8506478503171059,-2.517391304347826,6.556521739130435,10.1,76.43478260869566,-3.713789312512614,4.667398992976866,314.42928477098167,0.0,0,23,8.260000000000003,16.169999999999995,36.61,80.43,132.3,3.0,395.15,-8.941666666666606,0.9208333333334622,-4.672023809523807,0.0,,,3.6,4.300000000000001,-0.7464982482607756,0.6653873799100742,-0.7141149774241432,0.7000284272931461,-2.8266069927083612,3.3400530200297522,0.0,3.0,0.510822510822511,0.44168260038240903,83.426,3,2.372996701795841,16.169999999999995,0.3085833333333333,54.15686956521739,0.0,19.375,5.3916666666666675,39,2,2019,130
2020-02-09,5.46,7.9,16,1.19,-7.2,-4.5,-5.779166666666666,11.9,8.633333333333333,-4.173037918675008,7.394975336456496,82.16666666666667,102.0,391.0,91.08333333333333,1020.4541666666668,1018.3,-8.345833333333333,-10.0,,,,327.9241647520439,0.9777152493134696,-5.7125,10.05,11.9,83.0,-4.261512994901927,9.042227857600423,334.62829017139876,0.0,0,15,13.720000000000002,13.719999999999995,42.07,85.89,133.07000000000002,2.0,400.61,3.3958333333333712,-8.141666666666538,-0.8160714285712629,0.0,,,2.5666666666666673,2.8,-0.531041254796312,0.8473459657686219,-0.42848905333885473,0.9035469723090063,-3.428846156511298,6.076204734788421,0.0,4.0,0.3979591836734695,0.3261231281198002,64.974,4,1.87532124609375,13.719999999999995,0.3418888888888889,54.873000000000005,104.19399272535327,34.53333333333333,-3.1124999999999994,40,2,2019,131
2020-02-10,9.17,13.1,15,1.33,-9.6,-1.2,-4.529166666666667,10.7,4.883333333333334,-2.6303623484261736,1.6737972192900432,74.16666666666667,81.875,354.0,80.83333333333333,1017.0,1013.3,-8.491666666666667,-13.4,,,,278.30523429911534,0.6124488578051155,-2.9266666666666667,5.739999999999999,10.7,77.8,-2.360080364399252,3.205090442004198,303.12769452983457,0.0,0,15,14.630000000000004,22.889999999999997,46.760000000000005,91.42,140.63,2.0,409.78000000000003,-3.454166666666765,-9.0,-3.9994047619047706,0.0,,,3.9625000000000004,3.8000000000000007,-0.9895125971702303,0.14444659927262243,-0.8374546545266744,0.5465068175344279,-1.9508520750827456,1.241399604306782,0.0,5.0,0.4006116207951071,0.4895209580838322,98.119,5,2.750811632916666,22.889999999999997,0.3018055555555556,52.635799999999996,0.0,24.416666666666668,1.2499999999999991,41,2,2019,132
2020-02-11,1.82,2.5,10,0.42,-6.9,-0.1,-3.1833333333333336,8.9,5.795833333333333,-3.7617546911749753,4.105699649401388,69.5,174.41666666666666,600.0,43.791666666666664,1028.0874999999999,1022.7,-8.183333333333334,-14.3,,,,312.10646903877773,0.9407888690347392,-4.64,7.62,8.9,83.3,-4.240214718836141,6.114467812696566,326.09152598419485,0.5,0,10,10.990000000000006,16.449999999999996,47.53,82.18,140.07,1.0,411.6,11.087499999999864,11.02916666666647,6.1827380952378235,0.0,,,5.0,7.4,-0.7419001410411632,0.6705103882290729,-0.5578678612617055,0.8299297858079866,-2.614419510366608,2.8534612563339645,0.0,6.0,0.11063829787234046,0.34609720176730474,16.198,6,0.60267207,16.449999999999996,0.3479444444444444,13.868400000000001,324.3923267961564,34.775,1.3458333333333332,42,2,2019,133
2020-02-12,1.12,1.6,3,0.77,-1.3,10.0,4.629166666666666,4.8,2.625,-1.874035719338586,-1.125359668612447,32.916666666666664,175.08333333333334,600.0,54.833333333333336,1023.9708333333333,1021.0,-11.433333333333332,-22.7,,,,238.83160611154557,0.7535221278526472,4.2,3.533333333333333,4.6,57.0,-1.30867916800784,-3.254649939668113,203.31782875718707,0.25,0,3,2.940000000000004,12.109999999999996,33.74,78.96,134.54,0.0,412.72,-4.116666666666561,3.516666666666538,0.9470238095238983,0.0,,,16.0625,21.4,-0.8556498896109623,-0.5175550853858436,-0.39583127684157327,-0.9183232547823069,-0.6168700909489512,-0.37043089091826376,0.0,7.0,0.09248554913294801,0.358921161825726,5.376,2,0.15522733333333325,12.109999999999996,0.4486666666666666,3.9573333333333336,0.0,5.25,7.8125,43,2,2019,134
2020-02-13,6.65,18.9,7,1.61,2.2,10.8,6.320833333333333,5.1,3.5833333333333335,-1.1036068312522833,-0.3795365838588774,89.20833333333333,84.20833333333333,332.0,96.54166666666667,1016.5333333333333,1012.6,4.620833333333334,0.0,,,,263.3254223674629,0.3017374070910765,3.6999999999999997,4.471428571428571,5.1,91.28571428571429,2.2151402819012995,-2.8851645233316434,143.7766200561144,0.0,0,7,7.770000000000004,9.59,32.480000000000004,71.47,138.74,0.0,419.37,-7.4375,-0.466666666666697,-4.767261904761881,0.0,,,1.6999999999999993,2.2,-0.9932223190470071,-0.11623005182346466,0.5909349042436396,-0.8067192441900468,-0.9845092607129743,-0.3385782608507736,0.0,8.0,0.6934306569343066,0.29525862068965514,33.915,3,0.9888342187499999,9.59,0.5935,29.734999999999996,0.0,10.75,1.6916666666666664,44,2,2019,135
2020-02-14,0.0,0.0,0,0.0,1.1,11.1,5.504166666666666,5.6,3.595833333333333,-2.701135913163986,0.7476897231040686,79.875,96.0,498.0,75.16666666666667,1019.2624999999999,1016.6,1.95,-0.8,,,,284.36292837339175,0.7015868017606365,0.0,0.0,0.0,0.0,0.0,0.0,,0.125,0,0,6.650000000000004,7.769999999999999,32.480000000000004,62.93,132.72,0.0,419.37,2.7291666666666288,-8.824999999999932,-1.075595238095275,0.0,,,3.5541666666666663,1.9000000000000001,-0.9687438661889386,0.24806314059389745,-0.9687438661889386,0.24806314059389745,-2.1575323106397337,0.5972171663293748,1.0,9.0,0.0,0.23922413793103442,0.0,4,0.0,3.8849999999999993,0.5769166666666666,0.0,-0.0,14.383333333333333,-0.8166666666666664,45,2,2019,136
2020-02-15,0.0,0.0,0,0.0,1.8,12.5,7.158333333333334,7.7,3.6333333333333333,-1.692379877945479,0.828125178511072,75.04166666666667,158.83333333333334,600.0,59.166666666666664,1020.5958333333333,1017.7,2.8375,0.9,,,,298.4578478429564,0.45886737051398757,0.0,0.0,0.0,0.0,0.0,0.0,,0.2916666666666667,0,0,0.0,6.649999999999999,24.220000000000002,60.83,132.72,0.0,419.37,1.3333333333333712,-3.375,-0.24761904761896858,0.0,,,4.320833333333335,0.9,-0.8791679176046284,0.47651209077497847,-0.8791679176046284,0.47651209077497847,-1.2699900667415867,0.621438936041017,2.0,10.0,0.0,0.2745664739884392,0.0,5,0.0,2.2166666666666663,0.6338055555555556,0.0,-0.0,18.166666666666668,1.6541666666666677,46,2,2019,137
2020-02-16,0.0,29.7,0,0.0,6.5,11.5,8.695833333333333,8.2,4.733333333333333,1.529727192597906,-0.9916357704404013,73.66666666666667,44.75,189.0,97.625,1007.2916666666666,999.9,3.9499999999999997,-1.8,,,,111.78721498327462,0.4232792702725002,0.0,0.0,0.0,0.0,0.0,0.0,,0.0,0,0,0.0,0.0,18.76,60.83,132.65,0.0,419.37,-13.304166666666674,-9.241666666666674,-11.671428571428578,0.0,,,4.745833333333334,8.3,0.9285686710200662,-0.3711606433877762,0.9285686710200662,-0.3711606433877762,1.1268990318804575,-0.7305050175577624,3.0,11.0,,0.0,0.0,6,0.0,0.0,0.5309444444444446,0.0,-0.0,28.4,1.5374999999999988,47,2,2019,138
2020-02-17,7.699999999999999,12.6,18,1.75,-1.2,6.9,2.2708333333333335,10.1,8.191666666666666,-8.08979783991809,-0.6743042772109075,76.33333333333333,102.75,445.0,91.5,1004.1708333333332,1000.5,-1.5041666666666667,-5.8,,,,265.68379085887466,0.9893025374227646,1.6444444444444444,8.183333333333334,10.1,74.66666666666667,-8.08524023095972,-0.880078750945225,264.03923494068977,0.0,0,13,7.700000000000003,7.6999999999999975,17.29,64.05,140.20999999999998,0.0,427.07,-3.120833333333394,-15.091666666666697,-12.95952380952383,0.0,,,3.7750000000000004,4.6,-0.9971638819231466,-0.0752608303698599,-0.9945932410717888,-0.10384741120660916,-6.175212351137475,-0.514718931604326,0.0,12.0,1.0000000000000002,0.44534412955465574,77.77,0,1.4439139814814814,7.6999999999999975,0.4762777777777778,63.01166666666666,0.0,0.0,-6.424999999999999,48,2,2019,139
2020-02-18,12.39,17.8,23,1.05,-3.9,-1.8,-2.654166666666667,10.5,5.3875,-4.330049217936301,2.390035231594784,77.66666666666667,79.33333333333333,355.0,95.33333333333333,1013.8583333333332,1005.9,-6.0375000000000005,-8.1,,,,299.97751424060897,0.9191746524042435,-2.6739130434782608,5.465217391304348,10.5,77.56521739130434,-4.362647930745454,2.477588830022229,301.07844813222806,0.0,0,23,20.090000000000003,20.089999999999996,27.86,75.39,148.75,0.0,439.46,9.6875,-6.737500000000068,-1.2392857142856428,0.0,,,3.3833333333333337,4.199999999999999,-0.8662215623559943,0.4996600893703041,-0.8564613185746407,0.5162112065670289,-3.3630048925971936,1.8562606965386155,0.0,0.0,0.6167247386759583,0.7211055276381908,100.0,0,3.6575564718218336,20.089999999999996,0.31177777777777776,67.71404347826088,164.82629213347667,0.0,-4.925000000000001,49,2,2019,140
2020-02-19,0.0,0.0,0,0.0,-5.5,2.1,-1.7791666666666668,7.8,4.516666666666667,-4.221456851798643,1.3652839070042901,71.41666666666667,188.125,600.0,55.333333333333336,1026.4750000000001,1023.8,-6.391666666666667,-7.9,,,,285.66326016297234,0.9827346103137149,0.0,0.0,0.0,0.0,0.0,0.0,,0.25,1,0,12.390000000000004,20.089999999999996,26.74,60.480000000000004,140.98000000000002,1.0,439.46,12.616666666666902,19.183333333333508,11.019642857143026,0.0,,,4.6125,2.4000000000000004,-0.9628650659238701,0.2699830824763308,-0.9628650659238701,0.2699830824763308,-3.0148237683261976,0.9750402569188972,1.0,1.0,0.0,0.7513089005235601,0.0,1,0.0,10.044999999999998,0.4101388888888889,0.0,-0.0,4.516666666666667,0.875,50,2,2019,141
2020-02-20,0.21000000000000002,0.30000000000000004,3,0.07,-4.1,5.0,-0.02083333333333336,6.2,4.05,-3.139042727420128,1.603851909745467,74.45833333333333,153.95833333333334,600.0,87.04166666666667,1029.6875,1027.5,-4.079166666666667,-8.5,,,,291.3223307559417,0.8616298881103406,0.6333333333333333,3.8666666666666667,4.2,84.0,-1.4403428556850555,3.5867117139534628,338.0,0.0,1,3,0.21000000000000357,12.6,20.3,52.78,130.69000000000003,2.0,439.67,3.2124999999998636,25.516666666666765,12.35297619047617,0.0,,,4.058333333333334,4.4,-0.9315495813974114,0.3636143250730196,-0.37460659341591235,0.9271838545667873,-2.337278897458237,1.1942014011313122,0.0,2.0,0.01666666666666667,0.6206896551724137,1.3020000000000003,2,0.04679820833333333,12.6,0.46194444444444444,0.812,18.971115837940978,8.1,1.7583333333333335,51,2,2019,142
2020-02-21,0.0,0.0,0,0.0,-5.5,9.1,1.1208333333333331,7.6,4.425,-2.387994398171767,-0.9026242957177869,63.625,211.41666666666666,600.0,45.291666666666664,1033.3999999999999,1030.0,-5.770833333333333,-8.9,,,,258.03693727940356,0.6038216843008108,0.0,0.0,0.0,0.0,0.0,0.0,,0.4583333333333333,1,0,0.21000000000000357,0.20999999999999824,20.3,52.78,130.34,3.0,439.67,3.7124999999998636,19.54166666666663,14.045833333333235,0.0,,,6.891666666666666,3.4000000000000004,-0.9782814333759335,-0.2072810582564864,-0.9782814333759335,-0.2072810582564864,-1.5193614358367866,-0.5742947081504419,1.0,3.0,0.0,0.01034482758620681,0.0,3,0.0,0.10499999999999912,0.55525,0.0,-0.0,13.274999999999999,1.1416666666666664,52,2,2019,143
2020-02-22,7.91,17.8,14,1.61,-0.9,5.9,2.6166666666666667,12.6,4.579166666666667,-0.3325723061225076,-2.0332519695528135,83.5,52.75,251.0,95.66666666666667,1021.5958333333333,1014.9,0.004166666666666659,-6.2,,,,188.23407732372223,0.42733984124310903,3.6285714285714286,4.271428571428571,12.6,92.07142857142857,-0.7453873153557452,-0.0067018138937555705,257.96434478815365,0.0,0,14,7.910000000000004,8.12,28.21,52.43,134.4,3.0,447.58,-11.80416666666656,-4.879166666666833,2.098809523809564,0.0,,,2.6125,5.3,-0.1432175892389255,-0.9896912256520164,-0.9780180277239532,-0.20852035259645207,-0.27769787561229387,-1.6977653945765994,0.0,4.0,0.9741379310344829,0.28784119106699746,99.666,4,1.1926776696428576,8.12,0.44461111111111107,33.787,0.0,18.316666666666666,1.4958333333333336,53,2,2019,144
2020-02-23,15.82,22.5,22,1.75,-2.8,0.2,-1.2125000000000001,10.6,6.554166666666667,-1.1768144221404084,4.902539358141192,88.08333333333333,88.45833333333333,397.0,91.5,1020.6458333333334,1016.1,-2.954166666666667,-4.2,,,,355.5692954967242,0.6337496383026732,-1.1772727272727275,6.736363636363635,10.6,88.31818181818181,-0.9052149366349433,5.31474069766632,2.4942021005697796,0.0,0,22,23.730000000000004,23.73,44.03,62.79,148.68,3.0,463.4,-0.9499999999999318,-9.041666666666629,-0.7589285714284415,0.0,,,1.741666666666667,1.4000000000000004,-0.07725333234799846,0.997011495741714,0.04351829102019789,0.999052630418779,-1.0365773701686765,4.318320084629367,0.0,0.0,0.6666666666666666,0.5389507154213037,100.0,0,4.048375793130165,23.73,0.3570277777777777,106.56927272727272,0.0,0.0,-3.8291666666666666,54,2,2019,145
2020-02-24,0.28,0.4,4,0.07,-1.7,4.9,0.725,7.0,4.4875,-4.078220411638788,0.444084792520889,74.04166666666667,213.91666666666666,600.0,50.833333333333336,1023.4708333333333,1021.2,-3.608333333333333,-4.8,,,,272.5358362060598,0.9140808220444414,-0.75,3.4,3.9,81.25,-3.1482867702468624,-1.174903567636123,250.2805633229881,0.375,1,4,16.100000000000005,24.01,36.61,53.900000000000006,148.96,4.0,463.68,2.824999999999932,-9.92916666666656,-0.6910714285713766,0.0,,,4.333333333333333,3.0999999999999996,-0.9990207439971002,0.04424424328068395,-0.9413561364660518,-0.33741461784829085,-3.0195823631175527,0.32880778179567494,0.0,1.0,0.011661807580174927,0.6558317399617591,1.9600000000000002,1,0.07205187500000003,24.01,0.49830555555555556,0.9520000000000001,15.119647214110191,4.4875,1.9375,55,2,2019,146
2020-02-25,15.54,22.2,12,2.03,-3.0,7.9,2.1041666666666665,4.7,2.9250000000000003,-1.5889530684534863,-1.233213434903304,81.04166666666667,85.91666666666667,479.0,84.29166666666667,1020.2375000000001,1016.3,-1.1083333333333334,-5.2,,,,229.031427159939,0.7112287264930703,3.4166666666666665,2.9499999999999997,4.7,87.5,-0.7183364872161585,-2.7303514146102867,196.68227429193075,0.0,0,12,15.820000000000002,31.64,39.76,67.62,164.5,4.0,479.22,-3.233333333333235,-1.3583333333332348,-4.835714285714289,0.0,,,3.2125,2.2,-0.7550693199160212,-0.6556449665188906,-0.2870641826723773,-0.9579113502963831,-1.2877140492258463,-0.999416721202886,0.0,0.0,0.4911504424778761,0.795774647887324,73.038,2,2.463312578125001,31.64,0.5029722222222223,45.842999999999996,0.0,5.8500000000000005,1.3791666666666664,56,2,2019,147
2020-02-26,5.39,7.7,20,0.84,-0.4,5.3,2.7083333333333335,9.6,5.233333333333333,-1.9584533655822296,4.527935490994174,86.0,91.625,452.0,96.25,1016.1916666666666,1014.2,0.5666666666666668,-3.9,,,,341.06459343590456,0.8919577799332119,2.29,5.29,9.6,86.9,-2.0800549385598863,4.495582574204155,340.74581115612744,0.0,1,10,20.930000000000003,21.209999999999997,45.15,71.89,166.25,4.0,484.61,-4.045833333333462,-4.454166666666765,-7.412500000000023,0.0,,,2.1416666666666666,3.5,-0.32450200028103127,0.945885009826041,-0.3297596658966915,0.9440649144776552,-1.6842698944007173,3.894024522254989,0.0,1.0,0.25412541254125415,0.4697674418604651,51.74399999999999,3,0.9702237496874998,21.209999999999997,0.46552777777777776,28.513099999999998,0.0,15.7,0.604166666666667,57,2,2019,148
2020-02-27,9.870000000000001,14.1,24,0.7,-3.6,-0.2,-2.3874999999999997,12.4,8.004166666666666,-1.9498853445828253,7.692107377811106,86.04166666666667,102.29166666666667,394.0,92.41666666666667,1021.8708333333334,1018.2,-4.395833333333333,-5.2,,,,347.7097275401628,0.9915878403680057,-2.3874999999999997,8.004166666666666,12.4,86.04166666666667,-1.9498853445828253,7.692107377811106,347.7097275401628,0.0,0,24,15.260000000000005,30.799999999999997,54.81,75.10999999999999,165.06,3.0,494.48,5.679166666666788,-1.599999999999909,-0.6166666666665606,0.0,,,2.0083333333333333,1.6,-0.21286450274894483,0.9770817281422494,-0.21286450274894483,0.9770817281422494,-1.6777138485681393,6.618417389658306,0.0,2.0,0.3204545454545455,0.5619412515964239,100.0,4,2.7507948637695314,30.799999999999997,0.355,79.001125,39.865405869996714,32.016666666666666,-5.095833333333333,58,2,2019,149
2020-02-28,0.8400000000000001,1.2,7,0.21,-5.9,1.3,-2.8708333333333336,8.5,5.391666666666667,-4.014583955949369,3.0698495911810206,68.91666666666667,195.79166666666666,600.0,87.91666666666667,1025.325,1022.0,-8.145833333333334,-10.9,,,,307.9957831650857,0.9312041634990964,-4.271428571428571,6.057142857142857,7.9,86.28571428571429,-3.498112782078544,4.7803811013226865,326.39396694528114,0.0,1,7,10.710000000000004,16.1,55.65,75.94999999999999,161.56,3.0,495.32,3.4541666666666515,5.087499999999977,3.9910714285715585,0.0,,,5.275,5.0,-0.788056062712297,0.6156034779160952,-0.5534792500073654,0.8328629658060709,-2.7667174429751067,2.1156380099222534,0.0,3.0,0.05217391304347826,0.289308176100629,7.140000000000001,5,0.2770084285714286,16.1,0.3891388888888889,5.088,71.29008095176788,26.958333333333332,-0.48333333333333384,59,2,2019,150
2020-02-29,0.0,0.0,0,0.0,-4.9,6.3,1.8458333333333332,5.8,3.5124999999999997,-2.878283118098775,-0.7922391557844635,72.875,192.33333333333334,600.0,75.79166666666667,1017.2208333333333,1013.4,-2.525,-9.7,,,,257.9459943440372,0.8338878323982818,0.0,0.0,0.0,0.0,0.0,0.0,,0.041666666666666664,0,0,0.8400000000000036,10.709999999999999,47.74,75.94999999999999,147.42,3.0,495.32,-8.104166666666742,1.029166666666697,-3.4880952380952976,0.0,,,4.370833333333334,4.799999999999999,-0.9779511935688249,-0.2088335772746107,-0.9779511935688249,-0.2088335772746107,-2.097548822314482,-0.5773442847779278,1.0,4.0,0.0,0.22434017595307915,0.0,6,0.0,5.3549999999999995,0.5111388888888889,0.0,-0.0,21.075,4.716666666666667,60,2,2019,151
2020-03-01,0.0,0.0,0,0.0,0.9,7.7,4.004166666666666,7.0,3.970833333333333,-1.1905462613032114,2.0710444874291145,79.54166666666667,212.25,600.0,73.54166666666667,1017.3125,1014.9,0.7083333333333334,-1.6,,,,337.41306212544754,0.5986862047134069,0.0,0.0,0.0,0.0,0.0,0.0,,0.125,0,0,0.0,0.8399999999999983,31.919999999999998,75.94999999999999,138.88,3.0,495.32,0.09166666666669698,-4.558333333333394,-2.920238095238119,0.0,,,3.295833333333333,2.5,-0.3840848418903946,0.9232978036527708,-0.3840848418903946,0.9232978036527708,-0.9469803386782628,1.6473433027092415,2.0,5.0,0.0,0.02631578947368416,0.0,5,0.0,0.2799999999999994,0.57775,0.0,-0.0,19.854166666666664,2.158333333333333,61,3,2019,152
2020-03-02,0.14,1.0,2,0.07,1.5,7.9,4.7875000000000005,7.4,5.345833333333334,-0.10602511560795103,-2.997100572117615,85.45833333333333,143.5,554.0,82.41666666666667,1015.0333333333333,1009.9,2.5083333333333333,0.4,,,,187.4334679308892,0.5631910637599525,5.15,5.35,5.6,83.0,-3.961621189037608,-3.58466598449942,227.99999999999997,0.041666666666666664,0,2,0.14000000000000357,0.13999999999999824,31.779999999999998,68.39,136.92000000000002,2.0,495.46,-2.279166666666697,-10.291666666666742,-3.9940476190478194,0.0,,,2.2791666666666672,1.1,-0.12937483507259723,-0.9915957604033704,-0.7431448254773938,-0.6691306063588588,-0.09060729671329482,-2.5612721972555117,0.0,6.0,1.0000000000000127,0.00440528634361228,1.0360000000000003,6,0.015839796875000013,0.13999999999999824,0.5560833333333334,0.749,0.0,32.075,0.7833333333333341,62,3,2019,153
2020-03-03,0.21000000000000002,0.30000000000000004,3,0.07,0.4,6.3,2.8958333333333335,10.0,6.195833333333333,-3.413595044128824,3.1378917312316292,74.20833333333333,204.25,600.0,61.791666666666664,1022.8708333333334,1019.4,-1.4708333333333332,-3.4,,,,314.5573773651703,0.6694860851221988,1.8666666666666665,7.2,8.1,90.66666666666667,-5.376423923425246,4.775272491842617,311.3331262999033,0.16666666666666666,0,3,0.3500000000000036,0.34999999999999826,16.450000000000003,56.21,137.13000000000002,2.0,495.67,7.837500000000091,5.650000000000091,3.4672619047618127,0.0,,,4.366666666666667,3.8,-0.7125481843140827,0.7016231788009174,-0.750882419415438,0.66043591075351,-2.533171988997265,2.3285771555514714,0.0,7.0,0.6000000000000031,0.021276595744680743,2.1,5,0.03885700000000001,0.34999999999999826,0.5235277777777778,1.5120000000000002,0.0,30.979166666666664,-1.891666666666667,63,3,2019,154
2020-03-04,4.34,6.0,11,0.7,-0.7,5.5,3.0208333333333335,8.0,4.4750000000000005,0.15181151683270777,-4.132145896537021,85.91666666666667,92.41666666666667,384.0,95.29166666666667,1017.8208333333333,1009.5,0.8666666666666667,-2.5,,,,183.22873166251182,0.8959577757171979,4.327272727272727,3.1,5.0,86.9090909090909,0.063223595185924,-2.7963720215060284,184.7989045861158,0.0,1,11,4.550000000000003,4.689999999999998,15.400000000000002,60.55,136.98999999999998,2.0,500.01,-5.050000000000068,0.5083333333333258,-1.8154761904762609,0.0,,,2.154166666666667,1.8,-0.05632217816634287,-0.998412646277379,-0.08365879178961992,-0.9964944588688394,0.1304313948787681,-3.5502020161080576,0.0,8.0,0.9253731343283587,0.30454545454545434,34.72,6,0.5916406363636365,4.689999999999998,0.47022222222222226,13.454,0.0,26.85,0.125,64,3,2019,155
2020-03-05,19.74,28.1,23,1.68,-3.3,3.7,-0.8458333333333333,15.2,10.695833333333333,-6.118388759868073,8.493119866452515,84.125,82.25,330.0,92.20833333333333,1011.1791666666667,1006.6,-3.1958333333333333,-5.3,,,,319.47065176102603,0.9542136273221558,-1.0217391304347827,11.034782608695652,15.2,83.91304347826087,-6.259258539003214,8.877752082205882,321.606779030763,0.0,0,23,24.080000000000002,24.289999999999996,25.27,80.08,155.68,2.0,519.75,-6.6416666666666515,-3.8541666666666288,-6.929761904762017,0.0,,,2.35,2.0,-0.6498374608432937,0.7600732033723729,-0.6210550521368855,0.7837669438138166,-5.147094544239017,7.144837087653178,0.0,0.0,0.8126801152737753,0.9612188365650968,100.0,0,4.688969493147448,24.289999999999996,0.41747222222222224,217.82660869565214,0.0,0.0,-3.8666666666666667,65,3,2019,156
2020-03-06,1.05,1.5,6,0.35,-4.9,2.1,-1.6791666666666665,12.6,6.729166666666667,-4.049621345857429,5.284003952948264,72.625,224.0,600.0,50.166666666666664,1021.0333333333333,1017.5,-6.125,-8.1,,,,321.8654176609557,0.989710414089315,-2.85,9.516666666666667,12.6,82.66666666666667,-4.989134952226329,8.090903844738948,328.0006606454843,0.375,1,6,20.790000000000003,25.129999999999995,25.48,81.13,141.82,2.0,520.8,9.854166666666629,-1.837500000000091,3.5375000000000227,0.0,,,4.445833333333334,3.1999999999999993,-0.6175107375582132,0.7865624507947933,-0.529909485831231,0.8480542063017437,-2.9410375024289577,3.8375078708286763,0.0,1.0,0.041782729805013935,0.9862637362637361,13.23,1,0.2971863671875,25.129999999999995,0.4380833333333333,9.992500000000001,240.90245997447747,6.729166666666667,-0.8333333333333331,66,3,2019,157
2020-03-07,0.0,0.0,0,0.0,-2.1,6.3,1.4958333333333333,8.2,4.6375,1.6846049354055885,-3.5084893342915806,63.916666666666664,226.75,600.0,77.5,1021.4250000000001,1016.9,-4.9875,-11.2,,,,166.44414454893808,0.612907836202803,0.0,0.0,0.0,0.0,0.0,0.0,,0.08333333333333333,1,0,1.0500000000000036,20.789999999999996,25.48,73.22,133.91,3.0,520.8,0.3916666666667652,3.6041666666667425,3.328571428571422,0.0,,,6.483333333333333,9.1,0.23439317880243232,-0.9721418814817573,0.23439317880243232,-0.9721418814817573,1.0767433212134052,-2.242509432834702,1.0,2.0,0.0,0.8159340659340657,0.0,2,0.0,10.394999999999998,0.5042222222222222,0.0,-0.0,9.275,3.175,67,3,2019,158
2020-03-08,2.94,4.2,12,0.63,0.5,6.1,3.3041666666666667,4.8,3.2874999999999996,-0.03006609031152892,-2.2485199303415127,89.375,101.625,389.0,81.33333333333333,1019.35,1016.6,1.6624999999999999,-2.1,,,,178.9576997855208,0.650897365937848,2.875,3.0416666666666665,4.8,92.41666666666667,1.2603198227126307,-2.6893702628797223,151.14309816075587,0.16666666666666666,0,12,2.9400000000000035,3.9899999999999967,28.42,60.339999999999996,136.85,3.0,523.74,-2.0750000000000455,8.170833333333348,0.962500000000091,0.0,,,1.6416666666666668,2.6,0.018190567187615306,-0.9998345379438505,0.4826237179682633,-0.8758278066232484,-0.02687156821592897,-2.0096146877427272,0.0,3.0,0.7368421052631585,0.14039408866995062,14.112,3,0.50377646484375,3.9899999999999967,0.5012222222222222,8.942499999999999,0.0,9.862499999999999,1.8083333333333333,68,3,2019,159
2020-03-09,0.0,0.0,0,0.0,0.7,10.2,6.8125,9.0,6.8374999999999995,-1.112484467852976,-5.9723305898928905,76.66666666666667,253.25,600.0,29.708333333333332,1016.7958333333332,1013.7,2.858333333333333,-2.9,,,,190.8469549947469,0.8803131199026013,0.0,0.0,0.0,0.0,0.0,0.0,,0.7083333333333334,0,0,2.9400000000000035,2.939999999999997,28.28,60.059999999999995,128.59,3.0,523.74,-2.554166666666788,-4.237500000000068,-1.843452380952499,0.0,,,3.954166666666667,3.5999999999999996,-0.18818625489130697,-0.9821333582920315,-0.18818625489130697,-0.9821333582920315,-0.8529047586872817,-4.578786785584549,1.0,4.0,0.0,0.10396039603960384,0.0,4,0.0,1.4699999999999984,0.6510555555555556,0.0,-0.0,27.349999999999998,3.5083333333333333,69,3,2019,160
2020-03-10,0.0,22.6,0,0.0,6.4,9.1,7.6625000000000005,16.1,7.279166666666668,0.6586453589987877,-5.7443854267728165,97.375,61.541666666666664,272.0,99.66666666666667,1003.5625,993.1,7.270833333333333,5.7,,,,190.05254178908152,0.7071713047069217,0.0,0.0,0.0,0.0,0.0,0.0,,0.0,0,0,0.0,2.939999999999997,28.07,44.519999999999996,123.13000000000001,3.0,523.74,-13.233333333333235,-17.862500000000068,-12.318452380952294,0.0,,,0.3916666666666675,0.7000000000000002,-0.17455120003703184,-0.9846480988483307,-0.17455120003703184,-0.9846480988483307,0.6413559183250697,-5.593595309320031,2.0,5.0,0.0,0.10473815461346622,0.0,5,0.0,0.979999999999999,0.5678333333333333,0.0,-0.0,36.395833333333336,0.8500000000000005,70,3,2019,161
2020-03-11,12.81,24.6,23,1.47,1.1,6.8,4.233333333333333,8.4,4.695833333333334,-2.9656000759616608,2.860731155872543,86.29166666666667,124.75,600.0,91.33333333333333,1004.9125,994.8,2.095833333333333,-1.2,,,,316.5661357366407,0.8988339572518527,4.134782608695652,4.665217391304347,8.4,86.04347826086956,-2.8739157248189544,2.9048103898688002,317.80517854926427,0.0,0,23,12.810000000000004,12.809999999999997,36.54,51.94,126.77000000000001,2.0,536.55,1.3500000000000227,-14.4375,-9.12440476190477,0.0,,,2.1375,2.3,-0.6875168275652144,0.7261684458957599,-0.6716536306338102,0.7408653052049483,-2.5590657322152497,2.4685725932550153,0.0,0.0,1.0000000000000002,0.35057471264367807,100.0,6,1.7688003049976377,12.809999999999997,0.5219166666666667,59.76143478260869,0.0,28.175000000000004,-3.429166666666667,71,3,2019,162
2020-03-12,0.98,1.4,4,0.49,-1.0,7.4,2.7083333333333335,7.6,3.7458333333333336,-2.809660439953237,1.0327574349393718,63.833333333333336,257.0416666666667,600.0,28.458333333333332,1020.7666666666668,1015.8,-3.795833333333333,-8.7,,,,288.63504496941994,0.8306676343791155,0.375,6.375,7.6,81.0,-4.112408864105554,4.776612586475901,319.7476241474675,0.6666666666666666,1,4,13.790000000000004,13.789999999999997,17.78,43.05,125.92999999999999,3.0,537.53,15.854166666666742,3.9708333333335304,5.360119047619264,0.0,,,6.504166666666666,7.699999999999999,-0.9475731412398948,0.3195389522433195,-0.6461556276279228,0.7632056766591593,-1.7934999141701495,0.6592434959696324,0.0,1.0,0.07106598984771575,0.7755905511811022,7.4479999999999995,1,0.21702119140624998,13.789999999999997,0.5485833333333333,6.2475,65.1988155330071,3.7458333333333336,-1.525,72,3,2019,163
2020-03-13,0.21000000000000002,0.30000000000000004,3,0.07,0.2,8.9,4.320833333333334,7.4,3.954166666666667,-3.268950756354132,0.5116915831850467,64.33333333333333,218.375,600.0,73.79166666666667,1017.7624999999999,1014.0,-2.3291666666666666,-8.7,,,,270.66585969239406,0.8396139018926633,2.8333333333333335,5.633333333333333,7.4,88.66666666666667,-3.6152415507437485,4.31212289147726,320.667246271919,0.20833333333333334,0,1,1.1900000000000035,13.999999999999996,16.94,42.419999999999995,125.02000000000001,2.0,537.74,-3.0041666666668334,14.199999999999932,2.8232142857142435,0.0,,,6.65,8.899999999999999,-0.9999324717798338,0.011621182395606033,-0.6338231429121661,0.77347800454114,-2.1030249865878248,0.3291882518490467,0.0,2.0,0.015000000000000005,0.8264462809917352,1.5540000000000003,2,0.03497557291666665,13.999999999999996,0.5578055555555556,1.183,0.0,7.908333333333334,1.6125000000000003,73,3,2019,164
2020-03-14,4.41,6.2,18,0.49,-0.7,4.2,2.4250000000000003,6.5,3.4458333333333333,-0.21352397142064797,2.6696485863381945,85.875,74.54166666666667,283.0,87.875,1009.9666666666667,1006.8,0.2708333333333333,-2.1,,,,11.082346700349317,0.6835899616477752,3.2055555555555557,2.9388888888888887,6.5,84.38888888888889,0.2329106833319378,2.0017209928203403,25.671769497965137,0.08333333333333333,0,18,4.620000000000004,5.599999999999997,21.35,46.83,122.78,1.0,542.15,-7.795833333333235,5.054166666666674,-3.335714285714289,0.0,,,2.154166666666667,1.4000000000000001,0.19221961307350194,0.98135193501102,0.43321505761238827,0.9012905823639206,-0.18336371045748145,2.2925607235179246,0.0,3.0,0.7875000000000004,0.26229508196721296,28.665,3,0.7215689383680557,5.599999999999997,0.4292777777777778,12.9605,0.0,10.3375,-1.8958333333333335,74,3,2019,165
2020-03-15,5.88,8.4,12,1.26,-3.9,3.6,-0.2583333333333333,7.1,3.5,-1.9908371096371835,-0.007721595453515778,80.83333333333333,199.75,600.0,76.125,1006.7125,1003.6,-3.4250000000000003,-6.2,,,,257.6371455734966,0.5511807282850388,-0.7083333333333334,2.558333333333333,5.2,87.08333333333333,-1.2265239603694642,0.3399105750411347,252.33127558029247,0.041666666666666664,1,8,10.290000000000003,10.499999999999996,24.290000000000003,52.709999999999994,128.66,2.0,548.03,-3.2541666666667197,-14.054166666666788,-4.784523809523762,0.0,,,3.166666666666667,2.3000000000000003,-0.9768112886819531,-0.21410209317870305,-0.9528272993649591,-0.3035129940956047,-1.6092599969567232,-0.006241622991591921,0.0,4.0,0.5600000000000002,0.43227665706051854,41.748,4,1.5237857942708333,10.499999999999996,0.4826111111111111,15.043,0.0,14.0,-2.6833333333333336,75,3,2019,166
2020-03-16,16.240000000000002,23.2,22,3.64,-5.0,-0.3,-2.4833333333333334,18.0,8.404166666666667,-3.6333711838021983,6.409681079024817,86.25,104.83333333333333,455.0,88.95833333333333,1011.4208333333332,1004.3,-4.479166666666667,-6.5,,,,314.27354717177093,0.7415008048004925,-2.4363636363636365,8.654545454545454,18.0,86.18181818181819,-3.553549626764129,6.848292741167944,317.94692310549465,0.0,0,20,22.120000000000005,26.529999999999998,40.53,68.81,144.9,2.0,564.27,4.7083333333332575,-6.341666666666697,0.6916666666664923,0.0,,,1.9958333333333336,1.5,-0.7160151080340759,0.6980847835807271,-0.6698187436714319,0.7425246464774248,-3.1337826460293963,5.528349930658904,0.0,0.0,0.612137203166227,0.6545768566493955,100.0,0,4.502935933884299,26.529999999999998,0.3573888888888889,140.54981818181818,83.65648079673753,0.0,-2.225,76,3,2019,167
2020-03-17,7.98,11.4,6,2.24,-8.0,4.5,-1.2833333333333334,6.8,4.854166666666667,-4.371236751007082,-0.3065956109460485,74.75,248.04166666666666,600.0,52.291666666666664,1015.6625,1011.3,-5.375,-11.3,,,,261.98795137737494,0.8975747562523914,0.8666666666666667,4.35,6.1,86.83333333333333,-4.246527756780324,-0.30685765997109354,264.04601904775603,0.2916666666666667,1,6,24.220000000000006,30.099999999999998,48.510000000000005,76.58,152.88,3.0,572.25,4.241666666666788,5.695833333333326,3.2047619047619946,0.0,,,4.091666666666667,3.3000000000000007,-0.9902387803945524,-0.13938133950679876,-0.9946055301530431,-0.10372964566113224,-3.2674994713777936,-0.22918021918217124,0.0,1.0,0.2651162790697675,0.6204906204906204,54.264,1,1.7230233124999996,30.099999999999998,0.5145277777777778,34.713,144.0988418800831,4.854166666666667,1.2,77,3,2019,168
2020-03-18,3.2199999999999998,4.6,8,1.19,0.4,5.5,2.8833333333333333,6.8,3.141666666666667,-2.6025150569986653,0.35656064434188983,72.625,243.125,600.0,36.625,1014.6125000000001,1012.2,-1.6416666666666666,-4.3,,,,270.53745796294487,0.7559519135526002,1.5375,2.1,3.6,81.0,-0.8465203336678186,-0.18486799755721547,232.72334789977225,0.5,0,8,11.200000000000003,27.439999999999998,38.92,75.46000000000001,148.4,3.0,575.47,-1.0499999999999545,7.900000000000091,0.7690476190477966,0.0,,,4.525,4.7,-0.9999560042669264,0.009380273478026379,-0.7957203536962808,-0.6056641963278544,-1.8900765601452807,0.2589521679532975,0.0,2.0,0.11734693877551021,0.7050359712230215,21.895999999999997,2,0.6633489296874999,27.439999999999998,0.5263888888888889,6.762,0.0,6.283333333333334,4.166666666666667,78,3,2019,169
2020-03-19,0.0,0.0,0,0.0,3.0,9.3,5.6375,9.0,4.820833333333334,0.08185830580213715,-4.404447687202643,62.333333333333336,273.1666666666667,600.0,22.083333333333332,1009.1541666666667,999.8,-1.2541666666666667,-5.9,,,,195.3400212889459,0.7748239014006304,0.0,0.0,0.0,0.0,0.0,0.0,,0.5833333333333334,0,0,3.2200000000000033,11.199999999999996,37.940000000000005,55.72,136.01,2.0,575.47,-5.458333333333371,-2.266666666666538,-3.030357142857156,0.0,,,6.891666666666667,8.9,-0.26454673204200074,-0.964372866979312,-0.26454673204200074,-0.964372866979312,0.05102501061666549,-2.7454390583563137,1.0,3.0,0.0,0.2952029520295201,0.0,3,0.0,5.599999999999998,0.5965555555555556,0.0,-0.0,14.462500000000002,2.754166666666667,79,3,2019,170
2020-03-20,15.26,23.7,18,2.03,-1.3,5.8,2.025,14.4,6.816666666666666,-5.709095694498999,2.786184365503392,83.70833333333333,106.66666666666667,365.0,77.54166666666667,1006.8916666666668,999.2,-0.44166666666666665,-3.5,,,,294.4348591070697,0.9104545127153996,2.411111111111111,7.538888888888888,14.4,83.11111111111111,-6.125342189499002,4.012704833240015,305.73487087292466,0.08333333333333333,0,18,15.260000000000003,18.479999999999997,52.99,69.93,151.27,2.0,590.73,-2.262499999999932,-8.770833333333258,-3.7398809523808723,0.0,,,2.466666666666667,2.2,-0.9104321569798978,0.41365841891218746,-0.8117282265940603,0.5840353466618796,-4.778988854270204,2.332268495956798,0.0,0.0,0.8257575757575759,0.34874504623513863,100.0,4,2.6223323869598767,18.479999999999997,0.4790277777777778,115.04344444444443,0.0,27.266666666666666,-3.6125000000000003,80,3,2019,171
2020-03-21,0.0,0.0,0,0.0,-2.3,7.6,2.7875,6.6,4.070833333333334,-3.606517019709664,-0.3803843206651258,75.54166666666667,259.4166666666667,600.0,34.708333333333336,1013.0166666666668,1011.8,-1.4041666666666668,-6.1,,,,264.8882608803881,0.8715471242661215,0.0,0.0,0.0,0.0,0.0,0.0,,0.4166666666666667,0,0,15.260000000000003,15.259999999999998,48.580000000000005,69.93,151.06,2.0,590.73,6.125,-1.595833333333303,1.9494047619049297,0.0,,,4.191666666666666,3.8,-0.9960228312822413,-0.08909837015629325,-0.9960228312822413,-0.08909837015629325,-2.7244230653056754,-0.2873486555691138,1.0,1.0,0.0,0.31412103746397685,0.0,5,0.0,7.629999999999999,0.5936388888888889,0.0,-0.0,20.354166666666668,0.7625000000000002,81,3,2019,172
2020-03-22,1.6800000000000002,22.7,12,0.35,2.2,8.8,5.5375000000000005,9.4,4.245833333333334,-1.4888857681808034,1.4641662029249616,84.16666666666667,73.70833333333333,315.0,90.45833333333333,1010.1750000000001,1008.2,3.0041666666666664,-1.5,,,,302.20499286459585,0.4401091544587141,5.683333333333334,4.483333333333333,9.4,87.33333333333333,-1.893892962030514,2.45303198381941,311.9429874414566,0.0,0,5,1.6800000000000037,16.939999999999998,44.38,68.67,152.73999999999998,1.0,592.41,-2.841666666666697,1.0208333333333712,-1.3869047619047024,0.0,,,2.533333333333334,3.7,-0.8461467270495694,0.5329500129499027,-0.7438102804606673,0.6683908038573116,-1.2531455215521763,1.2323398874618428,0.0,2.0,0.09917355371900828,0.38170347003154564,15.792000000000002,6,0.17113964583333316,16.939999999999998,0.52525,7.532000000000001,0.0,25.475,2.7500000000000004,82,3,2019,173
2020-03-23,2.52,3.5999999999999996,6,0.63,-0.9,3.0,1.2,10.7,6.841666666666666,-3.5884442964955894,5.524136048154567,74.0,267.375,600.0,55.666666666666664,1013.9666666666667,1012.6,-3.170833333333333,-8.6,,,,328.6762125733758,0.9514025237573983,-0.10000000000000002,3.5500000000000003,6.0,84.66666666666667,-1.43146319589693,2.927307893641137,333.9852282335832,0.25,0,6,4.200000000000004,4.199999999999997,30.66,71.19000000000001,147.35,1.0,594.9300000000001,3.7916666666666288,7.074999999999932,2.0410714285713993,0.0,,,4.370833333333333,7.699999999999999,-0.5198738118413669,0.8542430683134203,-0.438602855667616,0.8986809973512361,-2.655448779406736,4.08786067563438,0.0,3.0,0.6000000000000005,0.1369863013698629,26.964,3,0.6080641875000001,4.199999999999997,0.4915833333333333,8.946000000000002,4.884868155998225,20.525,-4.3375,83,3,2019,174
2020-03-24,7.84,11.3,22,0.84,-4.4,-0.2,-1.9833333333333334,15.0,8.8,-3.823804968196566,7.651848332166153,86.70833333333333,155.79166666666666,600.0,85.45833333333333,1018.4,1014.8,-3.9333333333333336,-6.0,,,,333.67727316479534,0.9641849874377272,-1.7954545454545454,9.10909090909091,15.0,86.5,-3.746701475713861,8.1018911243609,336.63147362319137,0.0,0,22,10.360000000000003,12.039999999999996,30.52,79.03,139.37,0.0,602.77,4.43333333333328,5.383333333333212,6.0833333333332575,0.0,,,1.9500000000000002,1.5999999999999996,-0.4434267545656981,0.8963106120845229,-0.39664369128159416,0.9179726478313563,-3.315557557840439,6.634790158015735,0.0,4.0,0.6511627906976747,0.39449541284403655,100.0,4,2.048666714876033,12.039999999999996,0.39288888888888884,71.41527272727272,73.0856567862575,35.2,-3.1833333333333336,84,3,2019,175
2020-03-25,0.0,0.0,0,0.0,-5.1,7.6,-0.1625,7.3,4.4125000000000005,-3.1476951831015563,2.8885586280638353,65.5,288.7916666666667,600.0,28.416666666666668,1022.6625,1020.1,-6.345833333333334,-8.6,,,,313.1847873979536,0.9653349802363029,0.0,0.0,0.0,0.0,0.0,0.0,,0.625,1,0,7.840000000000003,10.359999999999996,27.3,66.22,139.09,1.0,602.77,4.2625000000000455,12.487499999999955,9.195833333333212,0.0,,,6.1833333333333345,3.5,-0.7291503558224012,0.6843535333466656,-0.7291503558224012,0.6843535333466656,-2.0617403449315193,1.892005901381812,1.0,5.0,0.0,0.3794871794871793,0.0,5,0.0,5.179999999999998,0.57975,0.0,-0.0,22.062500000000004,1.8208333333333333,85,3,2019,176
2020-03-26,0.0,0.0,0,0.0,-0.5,14.4,6.675,6.1,3.4291666666666667,-3.169349679965693,0.07676362637276722,47.958333333333336,285.25,600.0,22.25,1020.4791666666666,1018.8,-4.325,-9.9,,,,267.4828426832989,0.9239413192415145,0.0,0.0,0.0,0.0,0.0,0.0,,0.75,0,0,0.0,7.839999999999996,27.3,65.24,123.55000000000001,1.0,602.77,-2.183333333333394,6.512499999999932,5.394642857142799,0.0,,,11.0,9.4,-0.9990351148908058,-0.04391855206076871,-0.9990351148908058,-0.04391855206076871,-1.5199672840168805,0.036814555814606284,2.0,6.0,0.0,0.28717948717948705,0.0,6,0.0,2.613333333333332,0.6700277777777778,0.0,-0.0,20.575,6.8374999999999995,86,3,2019,177
2020-03-27,0.0,28.2,0,0.0,5.8,11.0,8.4375,7.2,4.879166666666666,1.9227173891934106,-2.338162324761245,76.83333333333333,118.95833333333333,481.0,97.83333333333333,1015.5,1011.5,3.920833333333333,-4.1,,,,148.29547321115473,0.5574276365779727,0.0,0.0,0.0,0.0,0.0,0.0,,0.0,0,0,0.0,0.0,12.04,65.03,118.16000000000001,1.0,602.77,-4.979166666666629,-2.8999999999999773,-0.814285714285802,0.0,,,4.5166666666666675,9.899999999999999,0.5255388697801886,-0.8507695906355387,0.5255388697801886,-0.8507695906355387,1.477287860696937,-1.796488052858223,3.0,7.0,,0.0,0.0,3,0.0,0.0,0.579861111111111,0.0,-0.0,14.6375,1.7625000000000002,87,3,2019,178
2020-03-28,6.51,22.4,4,2.1,3.2,11.8,7.891666666666667,6.5,4.204166666666667,-0.29779037312892714,3.7945933979705124,89.25,167.20833333333334,600.0,94.0,1014.0,1010.6,6.208333333333333,2.1,,,,357.16338571114323,0.8913738453229768,4.1,6.05,6.5,92.0,0.9080789414310171,5.946928888105839,9.00504488409434,0.0,0,4,6.510000000000003,6.509999999999996,18.55,67.13,114.8,1.0,609.28,-1.5,-8.662500000000023,-2.4547619047619946,0.0,,,1.6833333333333336,1.1,-0.04948803674569315,0.9987747164496391,0.1565214302319317,0.9876745627372159,-0.2657779080175675,3.3866746076886822,0.0,8.0,1.0000000000000004,0.3509433962264149,42.315,4,0.8876079843749998,6.509999999999996,0.6711944444444445,39.3855,0.0,16.816666666666666,-0.5458333333333334,88,3,2019,179
2020-03-29,19.25,27.5,13,2.24,2.1,6.3,3.470833333333333,6.7,2.8958333333333335,1.9511088437283528,-0.23881671056465792,90.0,141.33333333333334,600.0,86.95833333333333,1018.7916666666666,1015.4,1.9833333333333334,1.0,,,,85.00276642960824,0.6510705220392794,2.8153846153846156,3.6000000000000005,6.7,91.46153846153847,2.9154366587330793,-0.5541837359761259,90.42286748732516,0.0,0,13,25.760000000000005,25.759999999999998,36.120000000000005,80.5,133.21,1.0,628.53,4.791666666666629,-1.6875,1.105952380952317,0.0,,,1.4874999999999998,1.1,0.9961989050978668,0.0871076430734496,0.9999727647504784,-0.007380362950720607,1.7559979593555175,-0.21493503950819215,0.0,0.0,0.7472826086956522,0.7131782945736432,100.0,0,3.302004326923077,25.759999999999998,0.5342222222222223,69.30000000000001,0.0,0.0,-4.420833333333333,89,3,2019,180
2020-03-30,0.0,0.0,0,0.0,2.5,11.0,5.995833333333334,4.7,2.4791666666666665,0.5439993603688659,-1.1246403452521287,75.95833333333333,195.45833333333334,600.0,89.75,1019.9291666666667,1016.7,1.8416666666666668,-1.3,,,,159.24983906170624,0.30476629121775256,0.0,0.0,0.0,0.0,0.0,0.0,,0.0,0,0,19.250000000000007,25.759999999999998,33.599999999999994,64.25999999999999,133.21,1.0,628.53,1.1375000000000455,4.429166666666674,1.3916666666666515,0.0,,,4.154166666666667,3.8,0.35429366470052515,-0.9351342145131211,0.35429366470052515,-0.9351342145131211,0.41321284748018433,-0.8542580622477628,1.0,1.0,0.0,0.7666666666666667,0.0,1,0.0,12.879999999999999,0.6279444444444444,0.0,-0.0,2.4791666666666665,2.5250000000000004,90,3,2019,181
2020-03-31,0.0,0.6000000000000001,0,0.0,4.9,10.9,7.0874999999999995,7.7,4.279166666666667,0.9714581543544977,-3.472496273050529,85.20833333333333,235.54166666666666,600.0,85.29166666666667,1020.5749999999999,1017.5,4.679166666666666,0.4,,,,179.76843013630685,0.7540063526684294,0.0,0.0,0.0,0.0,0.0,0.0,,0.08333333333333333,0,0,0.0,19.25,25.76,56.28,133.21,1.0,628.53,0.6458333333332575,6.574999999999932,1.7267857142855974,0.0,,,2.408333333333333,4.5,0.004041645566447088,-0.9999918325172037,0.004041645566447088,-0.9999918325172037,0.8277633023562282,-2.9588561993284714,2.0,2.0,0.0,0.7472826086956521,0.0,2,0.0,6.416666666666667,0.6832777777777778,0.0,-0.0,8.558333333333334,1.091666666666666,91,3,2019,182
2020-04-01,1.12,16.1,2,1.05,5.5,8.6,6.845833333333334,15.9,5.329166666666667,-1.073548160563711,-1.1997940771899787,96.79166666666667,91.75,378.0,100.0,1009.4666666666667,998.5,6.370833333333334,4.6,,,,193.7216321624547,0.5181736186234,6.0,14.45,15.9,94.0,-7.964634200929317,12.056175236773893,326.5,0.0,0,2,1.1200000000000072,1.12,26.880000000000003,54.18,134.19000000000003,0.0,629.65,-11.108333333333235,-9.324999999999932,-7.49642857142851,0.0,,,0.47500000000000053,0.9000000000000004,-0.23720493993620664,-0.9714596319301491,-0.5519369853120584,0.833885822067168,-1.0391051570789585,-1.1613006838801336,0.0,3.0,1.0,0.041666666666666664,17.808000000000003,3,0.09176999999999999,1.12,0.5749166666666667,16.184,0.0,15.9875,-0.24166666666666536,92,4,2019,183
2020-04-02,14.209999999999999,20.5,18,1.82,-1.2,4.8,2.441666666666667,16.7,8.929166666666667,-5.534332225519691,6.734305869483027,87.5,102.875,359.0,84.375,1012.9333333333334,1002.3,0.5625,-2.8,,,,317.5676710418012,0.9651676528587045,3.0999999999999996,10.483333333333333,16.7,85.88888888888889,-6.399568198762623,8.136140489751519,320.35629146253905,0.08333333333333333,0,18,15.330000000000005,15.329999999999998,41.09,68.39,148.19,0.0,643.86,3.466666666666697,-6.99583333333328,-2.9517857142857338,0.0,,,1.8791666666666669,1.5999999999999999,-0.6747189512578385,0.7380747501530739,-0.638011596323097,0.7700267547022335,-4.84254069732973,5.892517635797649,0.0,0.0,0.9269406392694064,0.37308347529812597,100.0,4,2.1300123906249993,15.329999999999998,0.46691666666666665,148.96816666666663,26.622203706852744,35.71666666666667,-4.404166666666667,93,4,2019,184
2020-04-03,0.0,0.0,0,0.0,-1.8,9.0,3.5875,6.5,3.995833333333333,-3.7510178541863013,0.06932507884926359,64.83333333333333,294.7916666666667,600.0,9.791666666666666,1019.7416666666667,1018.0,-3.0666666666666664,-7.3,,,,268.7327348041283,0.9337391681129633,0.0,0.0,0.0,0.0,0.0,0.0,,0.75,0,0,14.210000000000006,15.33,41.09,53.129999999999995,143.85,0.0,643.86,6.80833333333328,-0.8333333333332575,3.2505952380952294,0.0,,,6.654166666666667,5.5,-0.9997554081117895,-0.022116146844087102,-0.9997554081117895,-0.022116146844087102,-2.431909908797452,0.04494575945393922,1.0,1.0,0.0,0.373083475298126,0.0,5,0.0,7.665,0.6126388888888888,0.0,-0.0,19.979166666666664,1.145833333333333,94,4,2019,185
2020-04-04,0.28,0.5,3,0.14,3.1,10.1,6.004166666666666,6.8,3.8708333333333336,-1.8329630857708077,-0.640020808733861,69.16666666666667,259.9166666666667,600.0,42.625,1015.1083333333332,1010.5,0.5708333333333334,-3.9,,,,232.56927799385682,0.5801634933215193,3.9333333333333336,5.333333333333333,6.3,88.0,-2.1688793438409166,4.795105155853494,334.6465848412478,0.3333333333333333,0,3,0.2800000000000089,14.49,34.86,53.41,124.39,0.0,644.14,-4.633333333333439,5.641666666666538,-1.5410714285713993,0.0,,,5.433333333333333,7.0,-0.7940888313272603,-0.6078017176360281,-0.4282005269425542,0.9036837437544835,-1.267799467658142,-0.4426810593742539,0.0,2.0,0.019323671497584544,0.41566265060240964,1.9040000000000001,6,0.03963555555555555,14.49,0.6282777777777778,1.4933333333333334,0.0,23.225,2.4166666666666665,95,4,2019,186
2020-04-05,2.24,3.2,16,0.35,0.2,3.2,2.0416666666666665,9.7,5.183333333333334,-4.178252522527729,2.822064748776789,80.875,208.625,600.0,89.25,1015.5458333333332,1014.0,-0.9625,-3.2,,,,302.5192360697668,0.9695162350742066,2.16875,4.64375,9.7,83.5,-3.633625680636184,2.590455937932603,303.0327649081944,0.0,0,7,2.5200000000000093,2.5200000000000005,17.849999999999998,53.97,125.58000000000001,0.0,646.38,0.4375,2.612499999999841,-0.6398809523810769,0.0,,,3.0041666666666664,3.4000000000000004,-0.8432110092077497,0.5375827321918443,-0.8383589759894545,0.5451185443350036,-3.3791617275943007,2.282344865573228,0.0,3.0,0.8888888888888888,0.14117647058823535,21.728,3,0.41309354296874984,2.5200000000000005,0.4797777777777778,10.402000000000001,0.0,15.55,-3.9625,96,4,2019,187
2020-04-06,3.0100000000000002,4.3,10,0.63,-0.3,4.1,1.7416666666666665,11.2,5.941666666666666,-4.826916774847857,3.3185062325458237,83.79166666666667,195.79166666666666,600.0,85.0,1017.7583333333333,1016.6,-0.7666666666666666,-1.5,,,,306.1787350309009,0.9803347368849917,1.19,4.39,8.4,86.3,-3.0481714061043226,3.0536691722787226,315.32961937327946,0.0,0,10,5.250000000000009,5.530000000000001,20.86,54.46,128.59,0.0,649.39,2.212500000000091,-1.9833333333333485,1.8827380952380963,0.0,,,2.508333333333333,1.2,-0.8071794561484654,0.5903061286924502,-0.7030271570795719,0.7111630026995323,-4.044554014257933,2.780631680687355,0.0,4.0,0.5443037974683543,0.26510067114093966,33.712,4,0.6265729815624999,5.530000000000001,0.5009444444444444,13.2139,2.023223770801827,23.766666666666666,-0.30000000000000004,97,4,2019,188
2020-04-07,0.0,0.0,0,0.0,-2.7,8.0,3.4958333333333336,6.3,3.420833333333333,-2.8256142914251914,1.241225346631578,64.25,289.125,600.0,33.458333333333336,1014.4125,1011.4,-3.0208333333333335,-8.3,,,,288.31397841061016,0.8519327719182909,0.0,0.0,0.0,0.0,0.0,0.0,,0.5,1,0,3.010000000000009,5.25,20.86,46.62,125.64999999999999,1.0,649.39,-3.345833333333303,-0.6958333333332121,-0.5827380952381418,0.0,,,6.5166666666666675,5.6000000000000005,-0.949348844870939,0.3142240772795966,-0.949348844870939,0.3142240772795966,-1.8154571822406853,0.7974872852107887,1.0,5.0,0.0,0.2516778523489933,0.0,5,0.0,2.625,0.5846944444444445,0.0,-0.0,17.104166666666664,1.754166666666667,98,4,2019,189
2020-04-08,0.56,1.0,4,0.28,-0.8,10.3,4.9624999999999995,5.3,3.9416666666666664,-2.1442680102651726,0.10080806839835811,70.16666666666667,293.0,600.0,42.166666666666664,1013.1999999999999,1010.3,-0.27499999999999997,-5.5,,,,268.4488964857399,0.5587456617513425,4.6499999999999995,4.625,4.8,89.25,-2.945145207874518,3.489964683533828,320.2091583452418,0.375,0,4,0.5600000000000089,3.5700000000000003,20.299999999999997,47.18,126.21,1.0,649.95,-1.212500000000091,-2.345833333333303,-2.328571428571422,0.0,,,5.2375,4.7,-0.9996335794865439,-0.02706855672028906,-0.6399868863508862,0.7683858310112817,-1.5045613872027295,0.07073366132618128,0.0,6.0,0.1568627450980392,0.1758620689655173,2.968,6,0.07056984375000001,3.5700000000000003,0.6581111111111112,2.5900000000000003,0.0,23.65,1.466666666666666,99,4,2019,190
2020-04-09,0.49,0.7,2,0.28,0.4,7.2,3.766666666666667,6.9,4.7124999999999995,-3.7695574769771656,2.4134357893467757,69.33333333333333,289.0416666666667,600.0,27.083333333333332,1018.3416666666667,1016.4,-1.7833333333333332,-6.1,,,,299.1154220769582,0.944524089000196,4.0,4.0,4.1,90.5,-2.7058482066617353,2.8787292908999316,317.0,0.625,0,2,1.050000000000009,1.05,6.580000000000001,47.669999999999995,126.7,1.0,650.44,5.141666666666765,0.5833333333333712,2.0404761904762836,0.0,,,5.550000000000001,6.5,-0.8736412864255596,0.48657055259509224,-0.6819983600624984,0.7313537016191707,-2.613559850704168,1.6733154806137644,0.0,7.0,0.4666666666666666,0.15957446808510636,3.3810000000000002,3,0.06982500000000001,1.05,0.5838055555555556,1.96,0.0,14.1375,-1.1958333333333324,100,4,2019,191
2020-04-10,3.0100000000000002,4.3,11,1.05,-1.5,3.1,0.9666666666666667,10.6,6.283333333333334,-3.4335867015140167,4.957155505828326,87.66666666666667,201.08333333333334,600.0,61.541666666666664,1021.3416666666667,1019.1,-0.8583333333333334,-3.8,,,,320.3880334856476,0.9404088769809659,1.8272727272727274,7.4818181818181815,10.6,87.36363636363636,-3.1201063917760687,6.76372033548204,334.9958367016134,0.125,1,6,3.500000000000009,4.0600000000000005,9.59,50.68,116.9,2.0,653.45,3.0,6.929166666666674,4.811904761904657,0.0,,,1.8250000000000002,2.3,-0.6375849014466065,0.7703800967362286,-0.4226841159074684,0.9062770758214741,-3.010111008327288,4.345772993442833,0.0,8.0,0.7413793103448275,0.4233576642335767,31.906000000000002,4,0.557481462551653,4.0600000000000005,0.4951666666666667,22.52027272727273,14.04047876299231,25.133333333333336,-2.8000000000000003,101,4,2019,192
2020-04-11,0.8400000000000001,1.3,4,0.35,-3.4,6.5,1.5416666666666667,6.9,4.829166666666667,-3.8589844716668478,2.2533523212656656,72.75,303.625,600.0,41.416666666666664,1020.0958333333333,1016.8,-3.170833333333333,-6.7,,,,297.60446860000803,0.9150791483796344,1.3,3.55,4.1,86.25,-3.0554863077751397,-0.9860565629037705,254.32263815316594,0.5,0,4,3.8500000000000094,4.34,10.150000000000002,45.01,116.76,2.0,654.29,-1.245833333333394,6.895833333333371,2.8535714285713993,0.0,,,4.7124999999999995,3.3000000000000003,-0.8861674432521082,0.46336515030807135,-0.9627985883056663,-0.270220055430044,-2.8074112031376317,1.6393138137207717,0.0,9.0,0.19354838709677422,0.42758620689655163,5.796000000000001,5,0.1745926875,4.34,0.5893611111111111,2.982,0.0,24.145833333333332,0.5750000000000001,102,4,2019,193
2020-04-12,2.1,3.6,13,0.35,1.4,6.4,3.908333333333333,7.9,3.983333333333333,1.463021941046132,-1.7719278198556445,81.20833333333333,148.70833333333334,481.0,89.16666666666667,1014.1166666666667,1010.3,0.8541666666666666,-4.0,,,,141.11705265110064,0.36710999643080955,4.823076923076924,4.884615384615385,7.9,87.76923076923077,3.5059595302926954,-3.1079549527772548,123.40294163176708,0.0,0,12,2.9400000000000093,5.95,10.010000000000002,27.86,118.65,2.0,656.39,-5.979166666666629,-4.225000000000023,-2.921428571428578,0.0,,,3.0541666666666667,5.4,0.6277314052946862,-0.7784300115018423,0.8348195998435275,-0.5505236014169534,1.1880957346245464,-1.4389530503744379,0.0,10.0,0.35294117647058826,0.5944055944055944,16.59,6,0.25519368528106495,5.95,0.5120555555555556,10.25769230769231,0.0,23.9,2.3666666666666663,103,4,2019,194
2020-04-13,10.92,17.4,21,1.4,2.0,7.9,4.254166666666666,12.2,7.5,-0.43893386812800067,-0.5609309573713719,92.375,106.5,438.0,99.45833333333333,998.9833333333332,992.0,3.1125000000000003,1.4,,,,182.67598659069841,0.15399016012526187,3.842857142857143,7.828571428571429,12.2,93.33333333333333,-0.8459978591199596,-0.43711361793798836,208.42468578419286,0.0,0,12,13.02000000000001,13.86,17.92,38.78,125.16,2.0,667.3100000000001,-15.13333333333344,-22.358333333333462,-15.372619047619196,0.0,,,1.1416666666666662,0.6000000000000001,-0.04668779879559582,-0.9989095301595745,-0.4760031599287838,-0.879443569387947,-0.4054651606832406,-0.5181599718718047,0.0,0.0,0.787878787878788,0.7734374999999999,100.0,0,1.5164119285714284,13.86,0.5544722222222221,85.488,0.0,0.0,0.3458333333333332,104,4,2019,195
2020-04-14,3.5,5.2,11,0.63,0.3,4.4,2.0958333333333337,16.3,10.958333333333334,-5.576170960668766,9.063747137015623,81.125,210.54166666666666,600.0,54.5,1009.4958333333334,1001.0,-0.9416666666666668,-4.5,,,,323.2438660732073,0.9589965831301499,2.2636363636363637,13.6,16.3,89.0909090909091,-5.459659532361908,12.342465693137369,336.00486944412165,0.375,0,6,14.420000000000007,16.520000000000003,21.42,42.28,122.78,1.0,670.8100000000001,10.51250000000016,-10.599999999999909,-4.15773809523796,0.0,,,3.0375000000000005,4.8,-0.5984103771463082,0.8011897531319364,-0.40665900135849237,0.9135800220090814,-4.523668691842536,7.3529648649039245,0.0,1.0,0.21186440677966098,0.7712418300653595,57.050000000000004,1,0.561853409090909,16.520000000000003,0.5085555555555555,47.6,0.0,10.958333333333334,-2.1583333333333328,105,4,2019,196
2020-04-15,0.0,0.0,0,0.0,-0.8,11.3,4.716666666666667,6.8,4.508333333333334,-4.180294818072487,1.11727588971331,70.58333333333333,321.0416666666667,600.0,50.791666666666664,1013.4041666666667,1011.4,-0.6125,-5.1,,,,282.6357217846952,0.9568016006343333,0.0,0.0,0.0,0.0,0.0,0.0,,0.4166666666666667,0,0,3.500000000000009,14.42,20.86,41.160000000000004,106.53999999999999,1.0,670.8100000000001,3.908333333333303,-0.7124999999999773,-0.27857142857135386,0.0,,,5.329166666666667,4.3,-0.9757805680884696,0.2187516467159586,-0.9757805680884696,0.2187516467159586,-2.950591425756164,0.7886105654893112,1.0,2.0,0.0,0.6912751677852349,0.0,2,0.0,7.21,0.7004166666666668,0.0,-0.0,9.016666666666667,2.620833333333333,106,4,2019,197
2020-04-16,0.0,0.0,0,0.0,1.3,9.5,5.516666666666667,5.9,3.391666666666667,-0.6902809308033517,1.829526260167363,77.125,301.2916666666667,600.0,30.416666666666668,1016.8291666666668,1012.8,1.7208333333333332,-1.7,,,,337.71090744938397,0.6346743946361934,0.0,0.0,0.0,0.0,0.0,0.0,,0.5416666666666666,0,0,0.0,3.5000000000000018,20.369999999999997,26.950000000000003,98.56,1.0,670.8100000000001,3.425000000000068,17.84583333333353,3.362500000000182,0.0,,,3.7958333333333334,3.0,-0.3792800196429502,0.9252819390324462,-0.3792800196429502,0.9252819390324462,-0.5323791678820851,1.411022128154079,2.0,3.0,0.0,0.1718213058419245,0.0,3,0.0,1.1666666666666672,0.6690555555555555,0.0,-0.0,10.175,0.7999999999999998,107,4,2019,198
2020-04-17,0.0,1.0,0,0.0,-0.5,14.7,7.125,6.6,3.4875000000000003,0.3182948812062195,-2.451560958262131,72.08333333333333,294.2916666666667,600.0,70.70833333333333,1021.6625,1018.0,1.5,-5.0,,,,181.71503099950402,0.6215679451192413,0.0,0.0,0.0,0.0,0.0,0.0,,0.08333333333333333,1,0,0.0,0.0,17.36,26.950000000000003,95.33999999999999,1.0,670.8100000000001,4.8333333333332575,12.166666666666629,8.150000000000091,0.0,,,5.625,4.5,-0.02992846802597508,-0.9995520430681026,-0.02992846802597508,-0.9995520430681026,0.22943756020281655,-1.7671668574139527,3.0,4.0,,0.0,0.0,4,0.0,0.0,0.7631388888888888,0.0,-0.0,13.950000000000001,1.6083333333333334,108,4,2019,199
2020-04-18,24.29,48.8,15,6.02,4.8,8.4,5.870833333333334,16.3,6.654166666666666,0.21289595208870896,-3.6876019042762955,92.58333333333333,89.58333333333333,498.0,88.0,1011.4416666666666,1004.0,4.7124999999999995,3.6,,,,222.93041649053148,0.37718449426928113,5.46,8.446666666666667,16.3,96.2,1.3278282906138492,-5.782815025817643,196.41117210141215,0.0,0,13,24.290000000000006,24.29,40.809999999999995,50.96,119.63,1.0,695.1,-10.220833333333417,-1.962500000000091,-0.8345238095238301,0.0,,,1.158333333333334,1.1999999999999997,-0.6811096565352563,-0.7321814227187311,-0.28252850806200286,-0.9592589025556442,0.19710616897546301,-3.41410476304247,0.0,0.0,1.0,0.5951972555746141,100.0,0,2.465830724583332,24.29,0.555,205.16953333333333,0.0,0.0,-1.2541666666666664,109,4,2019,200
2020-04-19,0.6300000000000001,5.2,3,0.28,4.8,11.9,7.083333333333333,9.5,6.508333333333333,-1.595603680295816,2.2301846052749092,89.20833333333333,224.875,600.0,90.83333333333333,1013.8708333333334,1007.8,5.3125,4.2,,,,326.83187668446914,0.3590922742033384,5.133333333333333,8.6,8.9,96.66666666666667,-3.2756577347902933,7.932502766600206,337.6670094218673,0.041666666666666664,0,3,24.920000000000005,24.919999999999998,39.339999999999996,49.35,105.0,1.0,695.73,2.429166666666788,-2.9583333333333712,1.6297619047619492,0.0,,,1.770833333333333,0.5999999999999996,-0.5470976023546877,0.8370688224380072,-0.37998882699671027,0.9249910763665042,-1.4234114497972257,1.9895105166223253,0.0,1.0,0.0252808988764045,0.6334519572953736,5.985000000000001,1,0.06841012500000003,24.919999999999998,0.7117222222222223,5.418000000000001,0.0,6.508333333333333,1.2124999999999995,110,4,2019,201
2020-04-20,5.67,18.7,8,1.19,4.3,12.7,6.858333333333333,13.0,7.104166666666667,0.19975902444191104,-5.204005826913137,93.29166666666667,152.125,498.0,96.16666666666667,1010.1666666666666,1004.6,5.795833333333333,4.1,,,,189.43601367756582,0.6440160528710089,4.7,8.725,13.0,98.75,1.5356255044065694,-8.374542489371576,169.89158961698558,0.0,0,8,6.300000000000007,30.59,34.089999999999996,52.01,110.67,1.0,701.4,-3.704166666666765,-11.495833333333394,-3.6720238095238074,0.0,,,1.0625,0.20000000000000018,-0.1639460470211467,-0.9864693070066296,0.17551123831633544,-0.9844774274835694,0.18635852321893284,-4.854903769357714,0.0,2.0,0.18535469107551486,0.8973305954825463,73.71,2,0.6693390703124997,30.59,0.6946111111111111,49.470749999999995,0.0,14.208333333333334,-0.22499999999999964,111,4,2019,202
2020-04-21,0.0,0.30000000000000004,0,0.0,4.3,12.1,7.683333333333334,5.7,3.6750000000000003,-2.728733718425538,-0.6268834400526998,84.0,205.95833333333334,600.0,81.95833333333333,1007.6875,1004.7,5.0625,2.9,,,,256.9858636886873,0.6725292152383596,0.0,0.0,0.0,0.0,0.0,0.0,,0.0,0,0,5.670000000000007,6.3,30.589999999999996,52.01,108.99,1.0,701.4,-2.4791666666666288,-3.754166666666606,-5.89285714285711,0.0,,,2.6208333333333336,1.4,-0.9743145340406462,-0.2251914491208727,-0.9743145340406462,-0.2251914491208727,-2.2921363234774517,-0.5265820896442679,1.0,3.0,0.0,0.2059496567505721,0.0,3,0.0,3.15,0.6861944444444444,0.0,-0.0,11.025,0.8250000000000002,112,4,2019,203
2020-04-22,2.94,4.3,13,0.49,1.2,6.5,4.083333333333333,8.4,4.345833333333333,-3.2306510251925267,1.5132112328734089,80.58333333333333,182.625,599.0,91.95833333333333,1007.625,1004.4,0.9916666666666667,-1.5,,,,283.52228661293856,0.7300981676746111,4.007692307692308,5.515384615384615,8.4,76.61538461538461,-4.251855928059498,2.931790602680964,302.7517764742874,0.0,0,10,2.940000000000007,8.61,33.529999999999994,54.39,109.41,1.0,704.34,-0.0625,-6.245833333333394,-5.129761904761949,0.0,,,3.0916666666666663,2.7,-0.972279042481658,0.23382357355696684,-0.8410222394706234,0.5410005477962267,-2.6033662844676444,1.219396051823822,0.0,4.0,0.34146341463414637,0.2567849686847599,24.696,4,0.410070036612426,8.61,0.5348055555555556,16.215230769230768,0.0,17.383333333333333,-3.6000000000000005,113,4,2019,204
2020-04-23,2.9400000000000004,4.1000000000000005,21,0.35,0.4,4.8,2.6916666666666664,8.3,4.8500000000000005,-3.8385386951296687,1.034366639146466,81.83333333333333,224.5,600.0,89.33333333333333,1010.2583333333333,1008.0,-0.1625,-1.5,,,,286.4461853825626,0.7388389077581942,2.8285714285714283,4.9904761904761905,8.3,81.57142857142857,-3.9794912743804476,1.0444548617706737,284.1978722544325,0.0,0,13,5.880000000000008,5.880000000000001,36.47,56.84,104.51,1.0,707.28,2.6333333333333258,0.09166666666669698,-1.5577380952380508,0.0,,,2.8541666666666665,1.9,-0.9590860711193423,0.2831146555458829,-0.9694544590024116,0.24527138422641473,-3.1412041655144454,0.8464566997015247,0.0,5.0,0.5,0.1612284069097889,24.402000000000005,5,0.49421899999999996,5.880000000000001,0.5291111111111111,14.672000000000002,0.0,24.250000000000004,-1.3916666666666666,114,4,2019,205
2020-04-24,3.57,5.1000000000000005,12,1.4,1.5,7.3,3.891666666666667,7.2,4.0625,-3.596208141404824,-0.35447104334029095,77.20833333333333,259.875,600.0,67.79166666666667,1011.8833333333333,1008.9,0.06250000000000001,-1.9,,,,266.80175006785566,0.877258534830166,3.6166666666666667,3.4333333333333336,7.2,80.58333333333333,-3.1667662063778192,0.18141271097065526,275.67409584594935,0.041666666666666664,0,9,6.510000000000007,9.45,40.03999999999999,57.4,108.08,0.0,710.85,1.625,4.195833333333326,1.4642857142856656,0.0,,,3.829166666666667,3.4,-0.9984424687531834,-0.055791008146908704,-0.9951003719900312,0.09886986227006438,-2.7765723691763076,-0.2736811847123163,0.0,6.0,0.37777777777777777,0.23601398601398604,25.704,6,0.5452623385416665,9.45,0.5928333333333333,12.257,0.0,24.375,1.2000000000000006,115,4,2019,206
2020-04-25,0.0,0.0,0,0.0,-0.6,10.7,5.741666666666667,7.2,4.608333333333333,-0.9791325412214601,-3.624581673799538,70.41666666666667,336.5,600.0,11.916666666666666,1015.8458333333333,1012.6,0.43333333333333335,-2.0,,,,195.40807685622454,0.7960116826179413,0.0,0.0,0.0,0.0,0.0,0.0,,0.7916666666666666,1,0,3.570000000000007,6.510000000000001,15.749999999999996,56.56,108.08,1.0,710.85,3.9624999999999773,8.220833333333303,4.797619047619037,0.0,,,5.308333333333334,1.4,-0.2656920211926173,-0.9640579598108102,-0.2656920211926173,-0.9640579598108102,-0.6894724977767782,-2.552309595300508,1.0,7.0,0.0,0.4133333333333335,0.0,5,0.0,3.2550000000000003,0.6968333333333333,0.0,-0.0,23.041666666666668,1.85,116,4,2019,207
2020-04-26,0.21,9.700000000000001,1,0.21,1.3,9.9,5.7625,6.3,4.1125,-2.036409768430928,-1.4982462384606343,80.79166666666667,154.08333333333334,600.0,70.45833333333333,1014.9,1013.6,2.6833333333333336,-2.3,,,,241.8928303764407,0.60016821969209,7.1,3.7,3.7,87.0,-3.6320205787563564,0.705993282893217,281.0,0.25,0,1,0.2100000000000071,3.78,15.329999999999997,54.67,108.28999999999999,1.0,711.0600000000001,-0.9458333333333258,4.6416666666666515,3.704761904761881,0.0,,,3.0791666666666666,3.5999999999999996,-0.8820679197286946,-0.47112226118651324,-0.9816271834476639,0.1908089953765451,-1.6452493920781541,-1.2104581068229876,0.0,8.0,0.05555555555555556,0.24657534246575347,1.323,6,0.01452084375,3.78,0.5920277777777778,0.777,0.0,24.674999999999997,0.020833333333333037,117,4,2019,208
2020-04-27,0.0,0.0,0,0.0,3.2,8.7,5.8,6.7,4.458333333333333,-3.2669896630778106,2.3530116654879136,72.16666666666667,305.9166666666667,600.0,34.666666666666664,1017.4375,1016.0,0.9375,-1.0,,,,301.0921855122891,0.8610302453578361,0.0,0.0,0.0,0.0,0.0,0.0,,0.625,0,0,0.2100000000000071,0.21,9.659999999999997,43.75,101.78,1.0,711.0600000000001,2.5375000000000227,5.554166666666674,5.203571428571422,0.0,,,4.8625,4.2,-0.8563375258625807,0.5164165390453271,-0.8563375258625807,0.5164165390453271,-2.35767754018782,1.6980900852604444,1.0,9.0,0.0,0.021739130434782615,0.0,3,0.0,0.105,0.6378333333333334,0.0,-0.0,13.375,0.037499999999999645,118,4,2019,209
2020-04-28,0.0,0.0,0,0.0,-0.1,7.8,4.695833333333334,7.0,4.05,-3.518179914021768,0.7774056012884168,69.625,281.9166666666667,600.0,27.458333333333332,1018.7125,1017.5,-0.5499999999999999,-2.3,,,,276.3669119784101,0.8748131955489401,0.0,0.0,0.0,0.0,0.0,0.0,,0.625,0,0,0.0,0.21,9.659999999999997,40.25,82.53,1.0,711.0600000000001,1.2749999999999773,2.8666666666666742,4.9035714285714675,0.0,,,5.245833333333334,2.1999999999999997,-0.9938321261880877,0.11089501772606848,-0.9938321261880877,0.11089501772606848,-2.449532765137656,0.5412686498970602,2.0,10.0,0.0,0.021739130434782615,0.0,4,0.0,0.06999999999999999,0.5933611111111111,0.0,-0.0,16.2,-1.104166666666666,119,4,2019,210
2020-04-29,0.0,0.0,0,0.0,0.3,12.4,6.558333333333334,5.4,3.5,-3.0797482322531846,-0.16456992009253915,73.58333333333333,333.8333333333333,600.0,21.875,1019.1208333333334,1017.3,2.0375,-2.6,,,,261.61553583435546,0.8578021380197576,0.0,0.0,0.0,0.0,0.0,0.0,,0.625,0,0,0.0,0.0,6.719999999999996,40.25,82.53,1.0,711.0600000000001,0.4083333333334167,4.220833333333417,3.6696428571430033,0.0,,,4.520833333333334,2.9,-0.9893119072220132,-0.145814780556508,-0.9893119072220132,-0.145814780556508,-2.2661814075663016,-0.1210960328680934,3.0,11.0,,0.0,0.0,5,0.0,0.0,0.7433888888888888,0.0,-0.0,17.5,1.8624999999999998,120,4,2019,211
2020-04-30,0.0,0.0,0,0.0,4.3,17.3,11.020833333333334,6.0,3.8041666666666667,-1.9184256585735735,-2.4188047055633892,62.416666666666664,332.2916666666667,600.0,5.333333333333333,1018.275,1015.4,3.970833333333333,-0.9,,,,224.3800204196893,0.7718250306683905,0.0,0.0,0.0,0.0,0.0,0.0,,0.8333333333333334,0,0,0.0,0.0,3.7799999999999963,40.25,82.53,1.0,711.0600000000001,-0.8458333333334167,0.8374999999999773,1.6785714285713311,0.0,,,7.050000000000001,5.2,-0.6994141545974776,-0.7147166154138965,-0.6994141545974776,-0.7147166154138965,-1.1974173485596722,-1.5097372703891485,4.0,12.0,,0.0,0.0,6,0.0,0.0,0.7629166666666666,0.0,-0.0,22.825,4.4625,121,4,2019,212
2020-05-01,0.0,0.0,0,0.0,6.5,17.2,11.658333333333333,6.6,3.1916666666666664,-2.571554747155831,-0.5120395204287724,68.58333333333333,304.75,600.0,42.25,1015.3958333333334,1014.4,5.666666666666667,0.3,,,,255.82159355566355,0.7229334661615189,0.0,0.0,0.0,0.0,0.0,0.0,,0.20833333333333334,0,0,0.0,0.0,0.20999999999999644,40.25,81.41,1.0,711.0600000000001,-2.879166666666606,-3.316666666666606,-1.7023809523809632,0.0,,,5.991666666666666,6.2,-0.9695377321589891,-0.24494200521757067,-0.9695377321589891,-0.24494200521757067,-1.7636579640910406,-0.3511737710940664,5.0,13.0,,0.0,0.0,5,0.0,0.0,0.7651111111111112,0.0,-0.0,15.958333333333332,0.6374999999999993,122,5,2019,213
2020-05-02,0.0,0.0,0,0.0,8.3,20.6,14.091666666666667,7.6,3.8166666666666664,-3.647073356632235,-0.04509647634831637,68.20833333333333,339.9166666666667,600.0,11.166666666666666,1014.4333333333334,1013.1,7.945833333333333,4.3,,,,270.81835114516616,0.936725077474054,0.0,0.0,0.0,0.0,0.0,0.0,,0.8333333333333334,0,0,0.0,0.0,0.20999999999999644,15.96,67.19999999999999,0.0,711.0600000000001,-0.9624999999999773,-4.6875,-2.4630952380952067,0.0,,,6.145833333333334,4.000000000000001,-0.9998980008047246,0.014282436301799525,-0.9998980008047246,0.014282436301799525,-2.4876079520029033,-0.030759554909247457,6.0,14.0,,0.0,0.0,6,0.0,0.0,0.7873055555555556,0.0,-0.0,22.9,2.4333333333333336,123,5,2019,214
2020-05-03,0.0,0.3,0,0.0,9.5,22.1,14.079166666666666,10.5,5.304166666666666,-2.1334040202421574,-3.448714552055414,68.625,253.58333333333334,600.0,99.29166666666667,1013.7916666666666,1012.0,8.304166666666667,3.7,,,,220.8326932959558,0.7705067605235402,0.0,0.0,0.0,0.0,0.0,0.0,,0.0,0,0,0.0,0.0,0.0,15.33,67.19999999999999,0.0,711.0600000000001,-0.6416666666667652,-4.4833333333333485,-2.946428571428669,0.0,,,5.774999999999999,5.8,-0.6538524432544444,-0.7566220869431408,-0.6538524432544444,-0.7566220869431408,-1.4640485088911805,-2.366680361348028,7.0,15.0,,,0.0,6,0.0,0.0,0.7311388888888889,0.0,-0.0,31.824999999999996,-0.012500000000001066,124,5,2019,215
2020-05-04,0.0,1.7,0,0.0,8.2,20.7,13.708333333333334,8.0,4.645833333333333,-1.6894166476998087,-2.0337844611671883,78.33333333333333,275.0,600.0,71.66666666666667,1009.0208333333334,1006.1,9.904166666666667,5.8,,,,221.70933510457706,0.5575106153329829,0.0,0.0,0.0,0.0,0.0,0.0,,0.041666666666666664,0,0,0.0,0.0,0.0,9.66,66.92,0.0,711.0600000000001,-4.7708333333332575,-6.375,-6.514880952380963,0.0,,,3.804166666666667,2.3999999999999995,-0.6653519943222257,-0.7465297875178438,-0.6653519943222257,-0.7465297875178438,-1.3233763740315165,-1.5931311612476307,8.0,16.0,,,0.0,6,0.0,0.0,0.7777777777777778,0.0,-0.0,27.875,-0.3708333333333318,125,5,2019,216
2020-05-05,0.0,1.3,0,0.0,8.2,19.6,13.362499999999999,8.4,4.191666666666666,-1.6937201528843688,0.873790221999457,82.5,304.6666666666667,600.0,86.20833333333333,1010.9625,1008.2,10.2125,7.6,,,,307.9028082394823,0.35350516382176694,0.0,0.0,0.0,0.0,0.0,0.0,,0.0,0,0,0.0,0.0,0.0,9.66,64.67999999999999,0.0,711.0600000000001,1.941666666666606,-3.4708333333334167,-3.4660714285714675,0.0,,,3.1499999999999986,0.5999999999999996,-0.7890539759109418,0.6143238747591817,-0.7890539759109418,0.6143238747591817,-1.3973191261296043,0.720876933149552,9.0,17.0,,,0.0,6,0.0,0.0,0.8114444444444443,0.0,-0.0,25.15,-0.345833333333335,126,5,2019,217
2020-05-06,0.0,6.7,0,0.0,7.2,16.6,11.254166666666668,8.9,4.704166666666667,-2.224149286995284,2.0608481785733463,89.79166666666667,155.125,600.0,96.20833333333333,1012.1125000000001,1010.4,9.529166666666667,6.6,,,,305.51756597036,0.5414405927217852,0.0,0.0,0.0,0.0,0.0,0.0,,0.0,0,0,0.0,0.0,0.0,6.72,61.67,0.0,711.0600000000001,1.150000000000091,-1.6791666666665606,-1.3148809523809177,0.0,,,1.7250000000000014,0.6000000000000005,-0.8139374458521599,0.5809525232234234,-0.8139374458521599,0.5809525232234234,-1.997100713947849,1.8504699270106508,10.0,18.0,,,0.0,6,0.0,0.0,0.7360555555555556,0.0,-0.0,28.225,-2.1083333333333307,127,5,2019,218
2020-05-07,0.0,0.0,0,0.0,2.8,10.2,6.779166666666666,10.7,7.320833333333333,-3.2937035721203656,6.436914555772861,71.0,314.0416666666667,600.0,53.0,1018.9416666666666,1014.8,1.0833333333333333,-7.8,,,,331.2289607574474,0.9818068236238784,0.0,0.0,0.0,0.0,0.0,0.0,,0.4166666666666667,0,0,0.0,0.0,0.0,3.78,61.67,0.0,711.0600000000001,6.829166666666538,9.920833333333235,5.41904761904766,0.0,,,5.695833333333333,10.6,-0.4813106741037072,0.8765500755768805,-0.4813106741037072,0.8765500755768805,-2.3385295362054594,4.570209334598732,11.0,19.0,,,0.0,6,0.0,0.0,0.6726944444444444,0.0,-0.0,43.925,-4.475000000000002,128,5,2019,219
2020-05-08,0.0,0.0,0,0.0,1.4,19.2,11.258333333333333,7.9,4.770833333333333,-0.5628986290794417,-3.3613457796349486,55.166666666666664,342.7916666666667,600.0,57.458333333333336,1020.3083333333334,1017.1,1.8125,-10.7,,,,199.31988917612173,0.6606041263131648,0.0,0.0,0.0,0.0,0.0,0.0,,0.3333333333333333,0,0,0.0,0.0,0.0,0.21,61.11,0.0,711.0600000000001,1.366666666666788,9.345833333333417,6.083928571428601,0.0,,,9.445833333333333,12.1,-0.3308419959358341,-0.9436861627284748,-0.3308419959358341,-0.9436861627284748,-0.31053241037549195,-1.85434242176528,12.0,20.0,,,0.0,6,0.0,0.0,0.74575,0.0,-0.0,28.625,4.479166666666667,129,5,2019,220
2020-05-09,0.0,1.5,0,0.0,8.2,13.9,10.795833333333334,6.5,4.104166666666667,-0.9914538547795492,-2.5813156880625954,77.91666666666667,105.5,376.0,96.875,1017.5708333333333,1014.7,6.9125000000000005,2.5,,,,207.0838245255752,0.662716255190579,0.0,0.0,0.0,0.0,0.0,0.0,,0.0,0,0,0.0,0.0,0.0,0.21,60.620000000000005,0.0,711.0600000000001,-2.737500000000068,5.4583333333332575,2.898214285714289,0.0,,,3.8833333333333337,5.699999999999999,-0.4552935683997187,-0.890341376424712,-0.4552935683997187,-0.890341376424712,-0.7725077951823988,-2.0112751402821054,13.0,21.0,,,0.0,6,0.0,0.0,0.6389444444444444,0.0,-0.0,24.625,-0.4624999999999986,130,5,2019,221
2020-05-10,0.0,18.0,0,0.0,8.9,21.4,14.995833333333332,8.2,4.95,-0.5172835670677179,-2.785803663016559,94.5,161.66666666666666,585.0,93.91666666666667,1007.0124999999999,1002.2,14.095833333333333,8.4,,,,182.95576006662031,0.6519408674104822,0.0,0.0,0.0,0.0,0.0,0.0,,0.0,0,0,0.0,0.0,0.0,0.0,57.61,0.0,711.0600000000001,-10.558333333333394,-11.929166666666674,-6.69166666666672,0.0,,,0.8999999999999986,0.5,-0.051564866400927604,-0.9986696473574505,-0.051564866400927604,-0.9986696473574505,-0.4888329708789934,-2.632584461550648,14.0,22.0,,,0.0,6,0.0,0.0,0.7561111111111111,0.0,-0.0,29.700000000000003,4.1999999999999975,131,5,2019,222
2020-05-11,0.0,1.4000000000000001,0,0.0,6.6,19.8,14.054166666666667,6.2,3.7083333333333335,-3.5458801846758123,0.92011461508881,81.29166666666667,315.3333333333333,600.0,46.75,1005.6750000000001,1003.7,10.179166666666667,6.4,,,,283.6757924411402,0.9880417771609592,0.0,0.0,0.0,0.0,0.0,0.0,,0.4583333333333333,0,0,0.0,0.0,0.0,0.0,56.77,0.0,711.0600000000001,-1.3374999999998636,-14.633333333333326,-7.551190476190413,0.0,,,3.875,0.1999999999999993,-0.9716490977772848,0.23642764387564438,-0.9716490977772848,0.23642764387564438,-2.8825051001260458,0.7479765058492786,15.0,23.0,,,0.0,6,0.0,0.0,0.8145277777777777,0.0,-0.0,22.25,-0.9416666666666647,132,5,2019,223
2020-05-12,0.0,0.0,0,0.0,7.0,20.9,14.033333333333333,7.3,3.704166666666667,-1.2735578849012346,-2.0417708278012676,67.33333333333333,250.83333333333334,600.0,52.958333333333336,1006.0833333333334,1004.0,7.666666666666667,0.5,,,,230.9527162169737,0.6814498386761173,0.0,0.0,0.0,0.0,0.0,0.0,,0.3333333333333333,0,0,0.0,0.0,0.0,0.0,54.67,0.0,711.0600000000001,0.408333333333303,-11.487499999999955,-6.445833333333439,0.0,,,6.366666666666666,6.5,-0.7766263453818589,-0.6299615223637215,-0.7766263453818589,-0.6299615223637215,-0.857528975833498,-1.3747923573861869,16.0,24.0,,,0.0,6,0.0,0.0,0.725,0.0,-0.0,22.225,-0.020833333333333925,133,5,2019,224
2020-05-13,0.0,0.4,0,0.0,3.9,14.7,9.608333333333333,12.6,5.720833333333334,-4.589589028740107,2.0718687682575534,81.95833333333333,292.1666666666667,600.0,24.416666666666668,1009.9291666666667,1005.6,6.4624999999999995,2.6,,,,286.41370906357633,0.8839295898843715,0.0,0.0,0.0,0.0,0.0,0.0,,0.5416666666666666,0,0,0.0,0.0,0.0,0.0,43.75,0.0,711.0600000000001,3.845833333333303,2.9166666666667425,-2.288095238095366,0.0,,,3.145833333333333,1.2999999999999998,-0.9592463917211801,0.28257098217951604,-0.9592463917211801,0.28257098217951604,-3.7615506748049126,1.698069111317753,17.0,25.0,,,0.0,6,0.0,0.0,0.794638888888889,0.0,-0.0,34.325,-4.425000000000001,134,5,2019,225
2020-05-14,0.0,0.0,0,0.0,1.6,18.2,10.6875,9.7,5.054166666666666,-3.7153758000300035,2.4302562024716496,70.375,340.2916666666667,600.0,28.041666666666668,1018.875,1017.2,4.9,-0.2,,,,295.4674007557535,0.8849029243066162,0.0,0.0,0.0,0.0,0.0,0.0,,0.625,0,0,0.0,0.0,0.0,0.0,40.25,0.0,711.0600000000001,8.945833333333326,13.199999999999932,6.667261904761858,0.0,,,5.7875,1.8,-0.9028300836225424,0.42999748848814595,-0.9028300836225424,0.42999748848814595,-2.614695719271115,1.7102928024894235,18.0,26.0,,,0.0,6,0.0,0.0,0.7947777777777777,0.0,-0.0,30.324999999999996,1.0791666666666675,135,5,2019,226
2020-05-15,0.0,2.5,0,0.0,7.3,18.4,13.120833333333332,8.9,4.1499999999999995,-1.0332215310591424,-2.8444811488937725,75.58333333333333,126.125,501.0,93.45833333333333,1019.4958333333334,1017.7,8.708333333333334,3.0,,,,210.36935084477153,0.7081099684437877,0.0,0.0,0.0,0.0,0.0,0.0,,0.041666666666666664,0,0,0.0,0.0,0.0,0.0,40.25,0.0,711.0600000000001,0.620833333333394,13.412500000000023,7.404166666666583,0.0,,,4.412499999999998,4.3,-0.5055723084513367,-0.8627842377600476,-0.5055723084513367,-0.8627842377600476,-0.7809432738922016,-2.1499536683722096,19.0,27.0,,,0.0,6,0.0,0.0,0.6693611111111112,0.0,-0.0,24.9,2.433333333333332,136,5,2019,227
2020-05-16,0.0,11.0,0,0.0,10.5,15.8,12.783333333333333,9.9,4.3375,0.586706334431521,-3.472184041236259,91.375,98.75,600.0,99.79166666666667,1011.2833333333333,1006.2,11.275,5.8,,,,181.07216450176142,0.6570796106475738,0.0,0.0,0.0,0.0,0.0,0.0,,0.0,0,0,0.0,0.0,0.0,0.0,40.25,0.0,711.0600000000001,-8.212500000000091,1.3541666666666288,0.089880952380895,0.0,,,1.5083333333333329,4.7,-0.018711708591028425,-0.9998249206544136,-0.018711708591028425,-0.9998249206544136,0.5361029130868024,-3.1727081676796316,20.0,28.0,,,0.0,6,0.0,0.0,0.70375,0.0,-0.0,26.025000000000002,-0.3374999999999986,137,5,2019,228
2020-05-17,0.0,1.0,0,0.0,10.4,21.3,15.404166666666667,5.9,2.9375,-2.5798652681929988,0.8693290904189931,86.79166666666667,274.25,600.0,93.83333333333333,1005.6,1004.1,12.883333333333333,10.4,,,,291.13065799671665,0.8292136209369083,0.0,0.0,0.0,0.0,0.0,0.0,,0.0,0,0,0.0,0.0,0.0,0.0,40.25,0.0,711.0600000000001,-5.68333333333328,-13.274999999999977,-5.391666666666765,0.0,,,2.520833333333334,0.0,-0.9327607731093511,0.36049596412227086,-0.9327607731093511,0.36049596412227086,-2.239108064019174,0.7545052063928178,21.0,29.0,,,0.0,6,0.0,0.0,0.8054722222222223,0.0,-0.0,17.625,2.6208333333333336,138,5,2019,229
2020-05-18,0.0,7.5,0,0.0,9.7,22.5,16.087500000000002,7.7,4.75,1.654305776728125,-3.08554236953194,85.04166666666667,249.375,600.0,89.375,1007.9375,1006.1,13.375,8.8,,,,171.03575467993474,0.524038644075835,0.0,0.0,0.0,0.0,0.0,0.0,,0.041666666666666664,0,0,0.0,0.0,0.0,0.0,15.96,0.0,711.0600000000001,2.3374999999999773,-11.558333333333394,-3.3773809523810314,0.0,,,2.712500000000002,0.8999999999999986,0.1558180806624831,-0.9877857691517224,0.1558180806624831,-0.9877857691517224,1.4068492042925431,-2.623996656756121,22.0,30.0,,,0.0,6,0.0,0.0,0.7830555555555555,0.0,-0.0,28.5,0.6833333333333353,139,5,2019,230
2020-05-19,0.0,37.7,0,0.0,13.2,20.0,15.775,10.4,7.4624999999999995,2.2879891855904697,-6.414857993428591,94.45833333333333,169.125,600.0,96.58333333333333,1000.1583333333333,997.4,14.8125,13.1,,,,165.4948436071587,0.8971300898778237,0.0,0.0,0.0,0.0,0.0,0.0,,0.0,0,0,0.0,0.0,0.0,0.0,15.33,0.0,711.0600000000001,-7.779166666666697,-11.125,-10.310119047618969,0.0,,,0.9625000000000004,0.09999999999999964,0.2504671324869856,-0.9681251032504771,0.2504671324869856,-0.9681251032504771,2.1611964515556643,-6.059367946292757,23.0,31.0,,,0.0,6,0.0,0.0,0.7609444444444445,0.0,-0.0,44.775,-0.3125000000000018,140,5,2019,231
2020-05-20,0.0,30.4,0,0.0,11.1,16.1,13.179166666666667,7.0,4.045833333333333,0.8679400753178905,-3.191232458765142,96.41666666666667,157.16666666666666,540.0,95.5,1005.1416666666668,1001.8,12.608333333333334,10.8,,,,161.58000223294235,0.7038655727662123,0.0,0.0,0.0,0.0,0.0,0.0,,0.0,0,0,0.0,0.0,0.0,0.0,9.66,0.0,711.0600000000001,4.983333333333462,-0.45833333333325754,-4.64285714285711,0.0,,,0.5708333333333329,0.29999999999999893,0.31598020094637913,-0.9487657838528357,0.31598020094637913,-0.9487657838528357,0.8368388892856662,-3.0768799623260583,24.0,32.0,,,0.0,6,0.0,0.0,0.7595000000000001,0.0,-0.0,24.275,-2.595833333333333,141,5,2019,232
2020-05-21,0.0,9.6,0,0.0,9.5,14.8,11.674999999999999,6.6,4.420833333333333,2.4725006468186286,-2.7525874424647614,95.66666666666667,139.66666666666666,505.0,96.0,1013.3416666666667,1010.6,10.958333333333334,9.4,,,,134.94202986458518,0.8092791766525558,0.0,0.0,0.0,0.0,0.0,0.0,,0.0,0,0,0.0,0.0,0.0,0.0,9.66,0.0,711.0600000000001,8.199999999999932,5.404166666666697,4.347619047619105,0.0,,,0.716666666666665,0.09999999999999964,0.7078218483773524,-0.7063909901461572,0.7078218483773524,-0.7063909901461572,2.3653589521231546,-2.6333086532912886,25.0,33.0,,,0.0,6,0.0,0.0,0.7408888888888888,0.0,-0.0,26.525,-1.5041666666666682,142,5,2019,233
2020-05-22,0.0,3.2,0,0.0,9.5,19.8,14.200000000000001,6.6,4.141666666666667,2.054519251857187,-3.4284267086526454,84.375,276.3333333333333,600.0,81.0,1016.8708333333334,1014.7,11.1875,9.3,,,,149.08381132676325,0.9616981036315387,0.0,0.0,0.0,0.0,0.0,0.0,,0.0,0,0,0.0,0.0,0.0,0.0,6.72,0.0,711.0600000000001,3.529166666666697,16.71250000000009,8.251785714285802,0.0,,,3.012500000000001,0.1999999999999993,0.5137836740625306,-0.8579197726284243,0.5137836740625306,-0.8579197726284243,1.7335006187545017,-2.8927350354256696,26.0,34.0,,,0.0,6,0.0,0.0,0.7988055555555555,0.0,-0.0,24.85,2.525000000000002,143,5,2019,234
2020-05-23,0.0,13.1,0,0.0,10.4,18.7,14.862499999999999,5.9,2.670833333333334,-0.3157277114847316,-1.304208275319453,91.08333333333333,272.2083333333333,600.0,66.33333333333333,1014.9583333333334,1013.0,13.325000000000001,10.4,,,,201.24917072263167,0.32665860069275515,0.0,0.0,0.0,0.0,0.0,0.0,,0.041666666666666664,0,0,0.0,0.0,0.0,0.0,3.78,0.0,711.0600000000001,-1.9125000000000227,9.816666666666606,5.814285714285802,0.0,,,1.5374999999999979,0.0,-0.3624245487175458,-0.9320131149757943,-0.3624245487175458,-0.9320131149757943,-0.287575323877343,-1.187916370770135,27.0,35.0,,,0.0,6,0.0,0.0,0.8184166666666667,0.0,-0.0,16.025000000000002,0.6624999999999979,144,5,2019,235
2020-05-24,0.0,1.7000000000000002,0,0.0,11.1,21.8,16.4875,13.5,6.108333333333333,2.1448703608743656,-5.031119004503936,86.66666666666667,275.2083333333333,600.0,69.41666666666667,1014.0625,1011.1,14.033333333333333,10.7,,,,173.30791721233922,0.7512215023635797,0.0,0.0,0.0,0.0,0.0,0.0,,0.0,0,0,0.0,0.0,0.0,0.0,0.21,0.0,711.0600000000001,-0.8958333333333712,0.720833333333303,3.70952380952383,0.0,,,2.4541666666666675,0.40000000000000036,0.11653349825237375,-0.9931867617850452,0.11653349825237375,-0.9931867617850452,1.8588876460911168,-4.360303137236745,28.0,36.0,,,0.0,6,0.0,0.0,0.8056944444444444,0.0,-0.0,36.65,1.6250000000000018,145,5,2019,236
2020-05-25,0.0,3.2,0,0.0,13.8,21.9,17.283333333333335,4.7,2.1208333333333336,-0.687611437292729,-0.873949737901918,85.125,205.91666666666666,600.0,97.20833333333333,1011.7208333333333,1010.1,14.4375,12.9,,,,213.4281088806282,0.3231326051724137,0.0,0.0,0.0,0.0,0.0,0.0,,0.0,0,0,0.0,0.0,0.0,0.0,0.21,0.0,711.0600000000001,-2.341666666666697,-5.150000000000091,0.8273809523809632,0.0,,,2.845833333333335,0.9000000000000004,-0.550890243937161,-0.834577701076931,-0.550890243937161,-0.834577701076931,-0.5853292359954356,-0.7439497143890077,29.0,37.0,,,0.0,6,0.0,0.0,0.7543611111111111,0.0,-0.0,12.725000000000001,0.7958333333333343,146,5,2019,237
2020-05-26,0.0,4.5,0,0.0,12.6,21.2,16.566666666666666,6.7,2.8041666666666667,-0.21332284364786724,-1.5687344497226354,85.16666666666667,186.58333333333334,600.0,97.45833333333333,1009.4541666666668,1007.9,13.820833333333333,12.1,,,,200.85474638367512,0.5758200143491018,0.0,0.0,0.0,0.0,0.0,0.0,,0.0,0,0,0.0,0.0,0.0,0.0,0.0,0.0,711.0600000000001,-2.266666666666538,-5.504166666666606,-2.767261904761881,0.0,,,2.7458333333333336,0.5,-0.3560000304473443,-0.9344859433514717,-0.3560000304473443,-0.9344859433514717,-0.1816799551734336,-1.3360388396804448,30.0,38.0,,,0.0,6,0.0,0.0,0.7416111111111111,0.0,-0.0,16.825,-0.7166666666666686,147,5,2019,238
2020-05-27,0.0,3.7,0,0.0,12.3,19.0,15.4,6.9,3.766666666666667,-2.699435415387096,1.1257525877005836,83.625,267.4583333333333,600.0,79.33333333333333,1005.8625000000001,1004.5,12.487499999999999,10.7,,,,285.0114472267035,0.7200661943770051,0.0,0.0,0.0,0.0,0.0,0.0,,0.08333333333333333,0,0,0.0,0.0,0.0,0.0,0.0,0.0,711.0600000000001,-3.591666666666697,-8.199999999999932,-6.461904761904634,0.0,,,2.9125000000000014,1.6000000000000014,-0.9658740970891853,0.2590120239914572,-0.9658740970891853,0.2590120239914572,-2.257402866117459,0.941410601464613,31.0,39.0,,,0.0,6,0.0,0.0,0.7903888888888889,0.0,-0.0,22.6,-1.166666666666666,148,5,2019,239
2020-05-28,0.0,1.0,0,0.0,8.2,19.1,13.775,7.3,4.104166666666667,-1.9060173790708264,3.0765484009890884,71.375,329.5,600.0,44.416666666666664,1009.0208333333334,1007.4,8.045833333333333,3.0,,,,325.57917635289016,0.8066909761657923,0.0,0.0,0.0,0.0,0.0,0.0,,0.375,0,0,0.0,0.0,0.0,0.0,0.0,0.0,711.0600000000001,3.158333333333303,-2.699999999999932,-2.686309523809541,0.0,,,5.729166666666668,5.199999999999999,-0.5652668463487609,0.8249081115002606,-0.5652668463487609,0.8249081115002606,-1.3604199043118024,2.195886421205962,32.0,40.0,,,0.0,6,0.0,0.0,0.7909166666666666,0.0,-0.0,24.625,-1.625,149,5,2019,240
2020-05-29,0.0,1.9000000000000001,0,0.0,5.6,18.4,12.762500000000001,6.1,3.1041666666666665,-1.3335265906143237,2.1942531647464683,74.66666666666667,311.5833333333333,600.0,28.166666666666668,1015.0,1011.9,7.7875000000000005,4.8,,,,318.3833880323384,0.7253885151000851,0.0,0.0,0.0,0.0,0.0,0.0,,0.4583333333333333,0,0,0.0,0.0,0.0,0.0,0.0,0.0,711.0600000000001,5.979166666666629,5.545833333333235,3.5601190476189686,0.0,,,4.9750000000000005,0.7999999999999998,-0.6641429964847042,0.7476055645996211,-0.6641429964847042,0.7476055645996211,-0.9956998543253617,1.6383756963440297,33.0,41.0,,,0.0,6,0.0,0.0,0.7899444444444444,0.0,-0.0,18.625,-1.0124999999999993,150,5,2019,241
2020-05-30,0.0,1.7000000000000002,0,0.0,9.5,20.7,15.620833333333332,5.1,3.2624999999999997,-1.4256356222111926,-1.0779005359017713,72.45833333333333,304.2916666666667,600.0,21.416666666666668,1021.1166666666667,1019.9,10.433333333333334,6.9,,,,230.93429871893824,0.5442360434891519,0.0,0.0,0.0,0.0,0.0,0.0,,0.5,0,0,0.0,0.0,0.0,0.0,0.0,0.0,711.0600000000001,6.116666666666674,15.254166666666606,8.797023809523694,0.0,,,5.187499999999998,2.5999999999999996,-0.7764238066625517,-0.6302111332304695,-0.7764238066625517,-0.6302111332304695,-1.0329918112605265,-0.7810287633054916,34.0,42.0,,,0.0,6,0.0,0.0,0.7777222222222222,0.0,-0.0,19.575,2.8583333333333307,151,5,2019,242
2020-05-31,0.0,0.30000000000000004,0,0.0,10.2,18.0,14.387500000000001,10.7,5.7375,1.1936615769279355,-4.318324746226158,79.375,168.83333333333334,570.0,93.04166666666667,1019.4791666666666,1016.8,10.770833333333334,8.5,,,,177.6274499922823,0.718260680127741,0.0,0.0,0.0,0.0,0.0,0.0,,0.0,0,0,0.0,0.0,0.0,0.0,0.0,0.0,711.0600000000001,-1.6375000000000455,10.458333333333258,6.38571428571413,0.0,,,3.616666666666667,1.6999999999999993,0.041396976442417445,-0.9991427777557249,0.041396976442417445,-0.9991427777557249,0.9474688766865488,-3.4276702673170125,35.0,43.0,,,0.0,6,0.0,0.0,0.7104722222222222,0.0,-0.0,34.425,-1.2333333333333307,152,5,2019,243
2020-06-01,0.0,1.1,0,0.0,12.4,20.8,16.179166666666667,9.7,4.933333333333334,1.97774755676083,-4.409762426924317,90.45833333333333,167.79166666666666,577.0,99.125,1012.8000000000001,1010.0,14.5375,11.3,,,,156.79465897570185,0.9730234028848997,0.0,0.0,0.0,0.0,0.0,0.0,,0.0,0,0,0.0,0.0,0.0,0.0,0.0,0.0,711.0600000000001,-6.679166666666561,-2.199999999999932,-0.44761904761901405,0.0,,,1.6416666666666675,1.0999999999999996,0.3940275882595469,-0.9190986126038734,0.3940275882595469,-0.9190986126038734,1.7890374773865674,-3.988997595355288,36.0,44.0,,,0.0,6,0.0,0.0,0.7467222222222222,0.0,-0.0,29.6,1.791666666666666,153,6,2019,244
2020-06-02,0.0,6.7,0,0.0,14.3,22.4,17.983333333333334,4.8,2.191666666666667,-1.259993986952104,0.23018049528608342,87.5,243.75,600.0,83.04166666666667,1008.975,1007.4,15.7125,14.2,,,,269.138265465191,0.4136282068916861,0.0,0.0,0.0,0.0,0.0,0.0,,0.0,0,0,0.0,0.0,0.0,0.0,0.0,0.0,711.0600000000001,-3.8250000000000455,-12.141666666666652,-4.204166666666765,0.0,,,2.270833333333334,0.10000000000000142,-0.9998868997541482,-0.015039537893095511,-0.9998868997541482,-0.015039537893095511,-1.102494738583091,0.20140793337532298,37.0,45.0,,,0.0,6,0.0,0.0,0.7875,0.0,-0.0,13.150000000000002,1.8041666666666671,154,6,2019,245
2020-06-03,0.0,0.2,0,0.0,11.9,23.3,17.516666666666666,6.0,2.9875000000000003,-1.5368242905072584,-1.3018904215770244,81.45833333333333,255.0,600.0,94.08333333333333,1007.7166666666667,1006.3,13.833333333333334,11.7,,,,231.6755769359173,0.589782154112395,0.0,0.0,0.0,0.0,0.0,0.0,,0.041666666666666664,0,0,0.0,0.0,0.0,0.0,0.0,0.0,711.0600000000001,-1.2583333333333258,-11.762499999999932,-5.7273809523809405,0.0,,,3.683333333333332,0.20000000000000107,-0.784512110448043,-0.6201134965152408,-0.784512110448043,-0.6201134965152408,-1.2518714533090374,-1.0604982392429512,38.0,46.0,,,0.0,6,0.0,0.0,0.7748611111111111,0.0,-0.0,17.925,-0.46666666666666856,155,6,2019,246
2020-06-04,0.0,0.0,0,0.0,11.2,25.3,19.087500000000002,8.2,4.091666666666667,0.7613306566316713,-2.8208480798404216,75.875,332.5833333333333,600.0,74.66666666666667,1007.1791666666667,1005.0,14.25,10.2,,,,196.5281715959246,0.5267066865831479,0.0,0.0,0.0,0.0,0.0,0.0,,0.16666666666666666,0,0,0.0,0.0,0.0,0.0,0.0,0.0,711.0600000000001,-0.5375000000000227,-5.620833333333394,-6.001785714285688,0.0,,,4.837500000000002,1.0,-0.28448674965279447,-0.9586799722910604,-0.28448674965279447,-0.9586799722910604,0.5776596357192806,-2.14031848057892,39.0,47.0,,,0.0,6,0.0,0.0,0.8079722222222223,0.0,-0.0,24.55,1.5708333333333364,156,6,2019,247
2020-06-05,0.0,0.1,0,0.0,12.0,25.8,19.541666666666668,5.5,2.875,-1.8755047947955434,-0.27056799583221824,77.04166666666667,323.0416666666667,600.0,62.166666666666664,1007.8041666666667,1006.2,14.6875,11.1,,,,270.2845184272869,0.6559852025021522,0.0,0.0,0.0,0.0,0.0,0.0,,0.25,0,0,0.0,0.0,0.0,0.0,0.0,0.0,711.0600000000001,0.625,-1.1708333333333485,-4.34880952380945,0.0,,,4.854166666666668,0.9000000000000004,-0.9999876705232523,0.004965762930232055,-0.9999876705232523,0.004965762930232055,-1.4449201523237334,-0.20845009345573814,40.0,48.0,,,0.0,6,0.0,0.0,0.8055,0.0,-0.0,17.25,0.4541666666666657,157,6,2019,248
2020-06-06,0.0,1.3,0,0.0,15.1,22.2,18.133333333333333,6.2,3.3625000000000003,-0.6899387766513304,3.0047758784720693,84.375,221.54166666666666,600.0,98.66666666666667,1009.8333333333334,1008.9,15.237499999999999,13.7,,,,344.5730066818033,0.8970417645042411,0.0,0.0,0.0,0.0,0.0,0.0,,0.0,0,0,0.0,0.0,0.0,0.0,0.0,0.0,711.0600000000001,2.029166666666697,2.1166666666666742,-0.7077380952380281,0.0,,,2.895833333333334,1.4000000000000004,-0.26601029482269595,0.9639701878421045,-0.26601029482269595,0.9639701878421045,-0.58213584279956,2.5352796474608086,41.0,49.0,,,0.0,6,0.0,0.0,0.7622777777777777,0.0,-0.0,20.175,-1.408333333333335,158,6,2019,249
2020-06-07,0.0,0.4,0,0.0,12.3,22.1,17.400000000000002,5.5,3.3666666666666667,0.298994673345712,2.8548406930608805,71.25,346.8333333333333,600.0,44.125,1011.2458333333334,1009.9,11.65,7.6,,,,6.198713202983436,0.8172896889674306,0.0,0.0,0.0,0.0,0.0,0.0,,0.3333333333333333,0,0,0.0,0.0,0.0,0.0,0.0,0.0,711.0600000000001,1.4125000000000227,4.06666666666672,1.880952380952408,0.0,,,5.750000000000002,4.700000000000001,0.10797702819663547,0.9941533892623527,0.10797702819663547,0.9941533892623527,0.2130337047588198,2.0340739938058774,42.0,50.0,,,0.0,6,0.0,0.0,0.8020555555555555,0.0,-0.0,20.2,-0.7333333333333307,159,6,2019,250
2020-06-08,0.0,0.2,0,0.0,12.2,24.8,18.979166666666668,4.2,2.5500000000000003,0.02717300262270154,1.0647273121631653,74.375,340.2916666666667,600.0,21.0,1017.6208333333334,1015.0,13.637500000000001,9.9,,,,349.7170393730556,0.3904809267108714,0.0,0.0,0.0,0.0,0.0,0.0,,0.5416666666666666,0,0,0.0,0.0,0.0,0.0,0.0,0.0,711.0600000000001,6.375,9.81666666666672,7.567261904761949,0.0,,,5.341666666666667,2.299999999999999,-0.17850960653102071,0.983938168980216,-0.17850960653102071,0.983938168980216,0.020209920700634272,0.7918909384213542,43.0,51.0,,,0.0,6,0.0,0.0,0.8081111111111111,0.0,-0.0,15.3,1.5791666666666657,160,6,2019,251
2020-06-09,0.0,0.0,0,0.0,14.4,28.0,21.6875,6.4,3.2375000000000003,0.0002086051996033437,-1.1589795199202058,72.83333333333333,332.5833333333333,600.0,8.041666666666666,1020.3625000000001,1018.9,16.154166666666665,11.4,,,,201.9083001064068,0.16197451162199705,0.0,0.0,0.0,0.0,0.0,0.0,,0.875,0,0,0.0,0.0,0.0,0.0,0.0,0.0,711.0600000000001,2.7416666666666742,10.529166666666697,8.682142857142935,0.0,,,5.533333333333335,3.0,-0.3731221889044411,-0.927782211592332,-0.3731221889044411,-0.927782211592332,0.00015193412037776865,-0.8441234170085498,44.0,52.0,,,0.0,6,0.0,0.0,0.7978333333333333,0.0,-0.0,19.425,2.708333333333332,161,6,2019,252
2020-06-10,0.0,0.9,0,0.0,16.9,28.0,21.916666666666668,11.6,6.7625,1.6679680251188485,-5.1030011331219765,71.5,330.4583333333333,600.0,24.291666666666668,1016.9041666666667,1013.7,15.758333333333333,11.5,,,,168.83398256916738,0.7282308535204385,0.0,0.0,0.0,0.0,0.0,0.0,,0.6666666666666666,0,0,0.0,0.0,0.0,0.0,0.0,0.0,711.0600000000001,-3.4583333333333712,5.658333333333303,3.91130952380945,0.0,,,6.158333333333335,5.399999999999999,0.19365250501465417,-0.9810701846970732,0.19365250501465417,-0.9810701846970732,1.1925971379599767,-3.648645810182213,45.0,53.0,,,0.0,6,0.0,0.0,0.7919722222222222,0.0,-0.0,40.575,0.22916666666666785,162,6,2019,253
2020-06-11,0.0,30.799999999999997,0,0.0,17.6,23.6,19.925,5.5,2.5500000000000003,1.1214246112635335,-1.5172873218098035,96.83333333333333,100.54166666666667,518.0,96.25,1008.8916666666668,1005.3,19.383333333333333,17.6,,,,138.39361403023634,0.3958048481726307,0.0,0.0,0.0,0.0,0.0,0.0,,0.0,0,0,0.0,0.0,0.0,0.0,0.0,0.0,711.0600000000001,-8.012499999999932,-8.729166666666629,-4.345833333333303,0.0,,,0.5416666666666679,0.0,0.6640095552605321,-0.7477240871623104,0.6640095552605321,-0.7477240871623104,1.085912831906855,-1.469239889952493,46.0,54.0,,,0.0,6,0.0,0.0,0.7231388888888889,0.0,-0.0,15.3,-1.9916666666666671,163,6,2019,254
2020-06-12,0.0,12.0,0,0.0,16.0,22.6,19.816666666666666,5.2,2.6666666666666665,-0.4795245301392659,1.9912512446848636,96.95833333333333,109.58333333333333,360.0,90.20833333333333,1008.3249999999999,1006.9,19.291666666666668,16.0,,,,344.94318604642797,0.7311225067903815,0.0,0.0,0.0,0.0,0.0,0.0,,0.0,0,0,0.0,0.0,0.0,0.0,0.0,0.0,711.0600000000001,-0.5666666666668334,-12.037500000000136,-4.986904761904839,0.0,,,0.5249999999999986,0.0,-0.25977672062564816,0.9656687089374824,-0.25977672062564816,0.9656687089374824,-0.4649389923475299,1.9306840193256989,47.0,55.0,,,0.0,6,0.0,0.0,0.7295833333333333,0.0,-0.0,16.0,-0.10833333333333428,164,6,2019,255
2020-06-13,0.0,27.8,0,0.0,17.4,20.3,18.825,4.2,2.1791666666666667,-0.9921593421231574,-0.5368229234231569,98.45833333333333,44.5,139.0,99.91666666666667,1009.4375,1008.6,18.583333333333332,17.4,,,,249.67382305256405,0.5905333498257409,0.0,0.0,0.0,0.0,0.0,0.0,,0.0,0,0,0.0,0.0,0.0,0.0,0.0,0.0,711.0600000000001,1.1125000000000682,-7.466666666666697,-3.8178571428571786,0.0,,,0.24166666666666714,0.0,-0.9377303308814355,-0.3473641123446597,-0.9377303308814355,-0.3473641123446597,-0.9768635522654253,-0.5285469033537165,48.0,56.0,,,0.0,6,0.0,0.0,0.6911944444444443,0.0,-0.0,13.075,-0.9916666666666671,165,6,2019,256
2020-06-14,0.0,49.9,0,0.0,16.5,22.3,19.504166666666666,7.9,4.016666666666667,0.8293853932917202,-1.0999845058710014,98.79166666666667,94.95833333333333,354.0,99.0,1007.025,1002.5,19.291666666666668,16.4,,,,159.40679444108696,0.22856675974256457,0.0,0.0,0.0,0.0,0.0,0.0,,0.0,0,0,0.0,0.0,0.0,0.0,0.0,0.0,711.0600000000001,-2.4125000000000227,-1.866666666666788,-5.627380952381145,0.0,,,0.21249999999999858,0.10000000000000142,0.35173064296674883,-0.9361012524284953,0.35173064296674883,-0.9361012524284953,0.8193636531227787,-1.08669302642506,49.0,57.0,,,0.0,6,0.0,0.0,0.7259444444444445,0.0,-0.0,24.1,0.6791666666666671,166,6,2019,257
2020-06-15,0.0,4.2,0,0.0,15.8,25.3,20.516666666666666,6.4,3.1958333333333333,-1.976993777094117,1.411544895559271,83.25,288.0,600.0,75.45833333333333,1004.7166666666667,1002.6,17.195833333333333,15.6,,,,299.04665615560623,0.7397316970903608,0.0,0.0,0.0,0.0,0.0,0.0,,0.041666666666666664,0,0,0.0,0.0,0.0,0.0,0.0,0.0,711.0600000000001,-2.3083333333332803,-3.608333333333235,-6.092261904761926,0.0,,,3.320833333333333,0.20000000000000107,-0.8742246350211994,0.48552166534774815,-0.8742246350211994,0.48552166534774815,-1.6458473194308525,1.1751111255530933,50.0,58.0,,,0.0,6,0.0,0.0,0.8028333333333334,0.0,-0.0,19.175,1.0124999999999993,167,6,2019,258
2020-06-16,0.0,0.30000000000000004,0,0.0,13.3,23.1,17.741666666666667,7.7,4.075,-2.8132782673606744,0.7516052164240111,80.79166666666667,286.0833333333333,600.0,58.625,1004.725,1002.5,13.979166666666666,11.9,,,,284.38476255834905,0.6870209909382535,0.0,0.0,0.0,0.0,0.0,0.0,,0.041666666666666664,0,0,0.0,0.0,0.0,0.0,0.0,0.0,711.0600000000001,0.008333333333325754,-4.712499999999977,-3.8500000000000227,0.0,,,3.762500000000001,1.4000000000000004,-0.9686492643414353,0.24843228995200334,-0.9686492643414353,0.24843228995200334,-2.2728944001718117,0.6072343811025657,51.0,59.0,,,0.0,6,0.0,0.0,0.7933611111111111,0.0,-0.0,24.450000000000003,-2.7749999999999986,168,6,2019,259
2020-06-17,0.0,0.5,0,0.0,11.0,23.7,18.041666666666668,6.1,3.35,0.4934078059866344,-0.9674114907941394,81.04166666666667,327.9583333333333,600.0,47.333333333333336,1008.0,1006.8,14.445833333333333,9.7,,,,157.21825964217328,0.18327655422800934,0.0,0.0,0.0,0.0,0.0,0.0,,0.25,0,0,0.0,0.0,0.0,0.0,0.0,0.0,711.0600000000001,3.2749999999999773,0.9750000000000227,0.6970238095237846,0.0,,,3.595833333333335,1.3000000000000007,0.38722177740280495,-0.9219866024541856,0.38722177740280495,-0.9219866024541856,0.39986590943500167,-0.7840063956644171,52.0,60.0,,,0.0,6,0.0,0.0,0.8221111111111111,0.0,-0.0,20.1,0.3000000000000007,169,6,2019,260
2020-06-18,0.0,6.7,0,0.0,12.5,20.5,17.279166666666665,6.1,3.9,1.3961574300026622,-2.887961119368397,91.58333333333333,134.70833333333334,492.0,99.91666666666667,1008.4583333333334,1007.1,15.775,9.6,,,,152.73337413027923,0.7962658139756573,0.0,0.0,0.0,0.0,0.0,0.0,,0.0,0,0,0.0,0.0,0.0,0.0,0.0,0.0,711.0600000000001,0.45833333333337123,3.7416666666666742,1.2172619047619264,0.0,,,1.5041666666666647,2.9000000000000004,0.45813186742341744,-0.8888842399610493,0.45813186742341744,-0.8888842399610493,1.2786475129774382,-2.6448910584882235,53.0,61.0,,,0.0,6,0.0,0.0,0.7284166666666666,0.0,-0.0,23.4,-0.7625000000000028,170,6,2019,261
2020-06-19,0.0,9.3,0,0.0,12.8,17.1,15.316666666666668,10.0,5.679166666666667,-0.0831188636046107,-2.352757220359225,94.04166666666667,85.08333333333333,380.0,88.66666666666667,1003.8583333333332,1001.7,14.370833333333332,12.6,,,,177.056415122964,0.33343348513558235,0.0,0.0,0.0,0.0,0.0,0.0,,0.041666666666666664,0,0,0.0,0.0,0.0,0.0,0.0,0.0,711.0600000000001,-4.600000000000136,-0.8666666666667879,-2.744642857143049,0.0,,,0.9458333333333364,0.20000000000000107,0.05135265078915576,-0.9986805821967938,0.05135265078915576,-0.9986805821967938,-0.07816636464816931,-2.212572102646155,54.0,62.0,,,0.0,6,0.0,0.0,0.7035277777777779,0.0,-0.0,34.075,-1.9624999999999968,171,6,2019,262
2020-06-20,0.0,1.6,0,0.0,11.7,21.4,16.837500000000002,8.1,4.554166666666666,-0.7216552790859839,3.7473413689746624,88.5,247.04166666666666,600.0,68.83333333333333,1010.0041666666666,1006.6,14.758333333333333,11.5,,,,357.3693718347803,0.6907478395237759,0.0,0.0,0.0,0.0,0.0,0.0,,0.08333333333333333,0,0,0.0,0.0,0.0,0.0,0.0,0.0,711.0600000000001,6.145833333333371,2.004166666666606,3.3202380952379826,0.0,,,2.0791666666666693,0.1999999999999993,-0.045896993654749044,0.9989461777160249,-0.045896993654749044,0.9989461777160249,-0.6386649219910958,3.3163971115425763,55.0,63.0,,,0.0,6,0.0,0.0,0.7930277777777777,0.0,-0.0,27.324999999999996,1.520833333333334,172,6,2019,263
2020-06-21,0.0,3.0,0,0.0,12.6,22.9,18.1375,8.4,4.045833333333333,2.4603812503864604,-2.2236801424660917,85.83333333333333,277.7083333333333,600.0,65.33333333333333,1012.5375,1011.0,15.541666666666666,12.4,,,,127.27491592933715,0.5749381848075233,0.0,0.0,0.0,0.0,0.0,0.0,,0.16666666666666666,0,0,0.0,0.0,0.0,0.0,0.0,0.0,711.0600000000001,2.5333333333334167,4.0791666666666515,5.066071428571377,0.0,,,2.595833333333333,0.1999999999999993,0.7957387061059135,-0.6056400842124691,0.7957387061059135,-0.6056400842124691,2.111827239915045,-1.9086587889500621,56.0,64.0,,,0.0,6,0.0,0.0,0.8045833333333333,0.0,-0.0,24.275,1.2999999999999972,173,6,2019,264
2020-06-22,0.0,2.7,0,0.0,15.6,20.1,17.479166666666668,7.1,4.758333333333334,-0.8506824633594303,-2.276842817823583,88.91666666666667,140.08333333333334,557.0,96.95833333333333,1011.9916666666667,1009.4,15.529166666666667,12.5,,,,208.9904261971808,0.5659472187326018,0.0,0.0,0.0,0.0,0.0,0.0,,0.0,0,0,0.0,0.0,0.0,0.0,0.0,0.0,711.0600000000001,-0.5458333333333485,8.13333333333344,3.4809523809524308,0.0,,,1.950000000000001,3.0999999999999996,-0.4846634694402558,-0.8747007038925567,-0.4846634694402558,-0.8747007038925567,-0.7563984903370935,-2.024492738848136,57.0,65.0,,,0.0,6,0.0,0.0,0.7231111111111111,0.0,-0.0,28.550000000000004,-0.6583333333333314,174,6,2019,265
2020-06-23,0.0,0.6,0,0.0,16.5,26.1,21.0,7.4,4.3374999999999995,0.299487933882581,0.4028131326960236,76.5,333.4166666666667,600.0,56.208333333333336,1011.7708333333334,1010.0,16.4875,12.4,,,,10.661275985038902,0.1175426963315051,0.0,0.0,0.0,0.0,0.0,0.0,,0.25,0,0,0.0,0.0,0.0,0.0,0.0,0.0,711.0600000000001,-0.22083333333330302,1.7666666666667652,2.253571428571604,0.0,,,4.512499999999999,4.1,0.18500246281271962,0.9827380570392236,0.18500246281271962,0.9827380570392236,0.22910826942017448,0.30815204651245803,58.0,66.0,,,0.0,6,0.0,0.0,0.8106111111111112,0.0,-0.0,26.025,3.520833333333332,175,6,2019,266
2020-06-24,0.0,2.1,0,0.0,17.6,24.4,20.758333333333333,8.7,5.7375,2.2245783496970364,-4.3641299777908955,89.66666666666667,213.5,600.0,81.66666666666667,1013.6458333333334,1012.0,18.858333333333334,17.3,,,,161.4491152108393,0.7174721403040623,0.0,0.0,0.0,0.0,0.0,0.0,,0.041666666666666664,0,0,0.0,0.0,0.0,0.0,0.0,0.0,711.0600000000001,1.875,1.1083333333333485,3.3220238095238983,0.0,,,1.8999999999999986,0.3000000000000007,0.31814674414066874,-0.9480414807341986,0.31814674414066874,-0.9480414807341986,1.994705253561676,-3.913169880085837,59.0,67.0,,,0.0,6,0.0,0.0,0.7745555555555557,0.0,-0.0,34.425,-0.24166666666666714,176,6,2019,267
2020-06-25,0.0,14.600000000000001,0,0.0,17.8,26.0,21.266666666666666,6.6,4.291666666666667,2.2771312284326752,-3.127938036104308,92.75,190.20833333333334,600.0,99.625,1009.9625,1007.1,19.929166666666667,17.8,,,,142.97805287646977,0.8812133922452332,0.0,0.0,0.0,0.0,0.0,0.0,,0.0,0,0,0.0,0.0,0.0,0.0,0.0,0.0,711.0600000000001,-3.683333333333394,-2.029166666666697,-0.5761904761905043,0.0,,,1.3374999999999986,0.0,0.6021208959795902,-0.7984049264782473,0.6021208959795902,-0.7984049264782473,2.1120392143713063,-2.9011625284867453,60.0,68.0,,,0.0,6,0.0,0.0,0.7693055555555555,0.0,-0.0,25.75,0.5083333333333329,177,6,2019,268
2020-06-26,0.0,38.5,0,0.0,17.9,23.5,21.150000000000002,6.3,3.370833333333333,0.3090184621366511,-0.4401038833520918,98.95833333333333,79.125,302.0,93.41666666666667,1007.2958333333332,1006.3,20.974999999999998,17.7,,,,146.83236811556554,0.19510659468306388,0.0,0.0,0.0,0.0,0.0,0.0,,0.0,0,0,0.0,0.0,0.0,0.0,0.0,0.0,711.0600000000001,-2.6666666666667425,-4.475000000000136,-3.733928571428578,0.0,,,0.17500000000000426,0.1999999999999993,0.5470904227193687,-0.837073514912963,0.5470904227193687,-0.837073514912963,0.30579951982272763,-0.4355194679005075,61.0,69.0,,,0.0,6,0.0,0.0,0.7159444444444444,0.0,-0.0,20.224999999999998,-0.11666666666666359,178,6,2019,269
2020-06-27,0.0,0.0,0,0.0,16.5,25.3,21.241666666666667,4.6,2.908333333333333,-1.9931427906548087,-0.9521280929874637,80.75,260.0,600.0,84.625,1007.6999999999999,1006.4,17.416666666666668,15.5,,,,243.0721692809733,0.7016234646009948,0.0,0.0,0.0,0.0,0.0,0.0,,0.0,0,0,0.0,0.0,0.0,0.0,0.0,0.0,711.0600000000001,0.404166666666697,-5.945833333333439,-3.0005952380952294,0.0,,,3.8249999999999993,1.0,-0.8915776598218665,-0.45286783558403004,-0.8915776598218665,-0.45286783558403004,-1.6094628034537581,-0.768843435087377,62.0,70.0,,,0.0,6,0.0,0.0,0.7758333333333334,0.0,-0.0,17.45,0.09166666666666501,179,6,2019,270
2020-06-28,0.0,14.5,0,0.0,16.8,23.3,19.241666666666667,8.5,3.8375,-0.9652175209312284,1.9016402270163513,89.125,223.66666666666666,600.0,69.91666666666667,1004.6208333333334,1002.0,17.320833333333333,16.0,,,,330.0052465525558,0.35896126797137595,0.0,0.0,0.0,0.0,0.0,0.0,,0.041666666666666664,0,0,0.0,0.0,0.0,0.0,0.0,0.0,711.0600000000001,-3.079166666666538,-5.341666666666583,-4.948809523809473,0.0,,,1.9208333333333343,0.8000000000000007,-0.49992069628977803,0.8660711849618041,-0.49992069628977803,0.8660711849618041,-0.8602501155299572,1.694836852328323,63.0,71.0,,,0.0,6,0.0,0.0,0.7795277777777777,0.0,-0.0,23.025,-2.0,180,6,2019,271
2020-06-29,0.0,1.6,0,0.0,13.4,24.4,18.779166666666665,8.2,3.3874999999999997,0.11009114465945823,-0.06280488320731085,85.04166666666667,285.7916666666667,600.0,65.16666666666667,1008.8416666666667,1006.8,15.904166666666667,12.9,,,,315.75485127349,0.12435282421544952,0.0,0.0,0.0,0.0,0.0,0.0,,0.08333333333333333,0,0,0.0,0.0,0.0,0.0,0.0,0.0,711.0600000000001,4.220833333333303,1.5458333333334622,-0.27797619047612443,0.0,,,2.8749999999999982,0.5,-0.6977298075568736,0.7163610232603725,-0.6977298075568736,0.7163610232603725,0.09362334427081427,-0.05341031942755061,64.0,72.0,,,0.0,6,0.0,0.0,0.8073333333333333,0.0,-0.0,20.325,-0.46250000000000213,181,6,2019,272
2020-06-30,0.0,33.2,0,0.0,16.8,19.4,17.962500000000002,12.1,6.05,3.6329407598611763,-4.530906135979776,99.33333333333333,93.25,396.0,100.0,1005.9333333333334,1002.1,17.849999999999998,16.4,,,,144.96744032719073,0.9211405773054631,0.0,0.0,0.0,0.0,0.0,0.0,,0.0,0,0,0.0,0.0,0.0,0.0,0.0,0.0,711.0600000000001,-2.908333333333303,-1.7666666666665378,-2.3523809523809405,0.0,,,0.11250000000000426,0.40000000000000213,0.574041846106347,-0.8188259637547022,0.574041846106347,-0.8188259637547022,3.6087211547954348,-4.500700095073244,65.0,73.0,,,0.0,6,0.0,0.0,0.7266111111111111,0.0,-0.0,36.3,-0.8166666666666629,182,6,2019,273
2020-07-01,0.0,26.900000000000002,0,0.0,17.6,25.1,21.474999999999998,10.7,5.241666666666666,2.5853960805173974,-3.491486160144259,92.83333333333333,220.625,600.0,84.83333333333333,1003.1750000000001,1000.8,20.208333333333332,17.6,,,,145.85215121808292,0.7602173212068899,0.0,0.0,0.0,0.0,0.0,0.0,,0.0,0,0,0.0,0.0,0.0,0.0,0.0,0.0,711.0600000000001,-2.7583333333333258,-1.4458333333333258,-3.6148809523808723,0.0,,,1.2666666666666657,0.0,0.5613303277241427,-0.8275918457652338,0.5613303277241427,-0.8275918457652338,2.4001093614136506,-3.24126298533392,66.0,74.0,,,0.0,6,0.0,0.0,0.789861111111111,0.0,-0.0,31.449999999999996,3.5124999999999957,183,7,2019,274
2020-07-02,0.0,3.2,0,0.0,17.0,24.7,20.633333333333333,6.8,4.241666666666666,-1.6789723893291517,-2.416576723383582,85.79166666666667,273.9583333333333,600.0,72.375,1009.3000000000001,1005.9,17.920833333333334,17.0,,,,219.90771481036788,0.6579768893487203,0.0,0.0,0.0,0.0,0.0,0.0,,0.0,0,0,0.0,0.0,0.0,0.0,0.0,0.0,711.0600000000001,6.125,0.45833333333337123,2.604761904761972,0.0,,,2.7124999999999986,0.0,-0.6415529236533861,-0.7670787744109417,-0.6415529236533861,-0.7670787744109417,-1.440418395678635,-2.073221447269498,67.0,75.0,,,0.0,6,0.0,0.0,0.8019444444444445,0.0,-0.0,25.449999999999996,-0.841666666666665,184,7,2019,275
2020-07-03,0.0,10.0,0,0.0,15.8,22.8,18.708333333333332,13.2,5.854166666666667,2.224377138253334,-3.2720055642337207,91.375,182.5,600.0,98.66666666666667,1015.7875,1014.6,17.1875,15.4,,,,158.25443571654796,0.406935017082408,0.0,0.0,0.0,0.0,0.0,0.0,,0.0,0,0,0.0,0.0,0.0,0.0,0.0,0.0,711.0600000000001,6.4874999999999545,9.854166666666629,7.879166666666606,0.0,,,1.5208333333333321,0.40000000000000036,0.370485529952947,-0.9288382378517177,0.370485529952947,-0.9288382378517177,2.032524610078984,-2.9897950843185623,68.0,76.0,,,0.0,6,0.0,0.0,0.7595833333333334,0.0,-0.0,35.125,-1.9250000000000007,185,7,2019,276
2020-07-04,0.0,62.5,0,0.0,16.1,23.6,19.770833333333332,6.9,4.404166666666667,0.4570295366326538,-2.768112739868714,95.58333333333333,139.45833333333334,491.0,93.91666666666667,1006.9916666666667,1002.7,19.004166666666666,16.0,,,,174.66619374202455,0.5954658467770861,0.0,0.0,0.0,0.0,0.0,0.0,,0.0,0,0,0.0,0.0,0.0,0.0,0.0,0.0,711.0600000000001,-8.795833333333348,3.816666666666606,-0.8154761904762609,0.0,,,0.7666666666666657,0.10000000000000142,0.09295807928465208,-0.9956700233991723,0.09295807928465208,-0.9956700233991723,0.43684406543137816,-2.6458544271911792,69.0,77.0,,,0.0,6,0.0,0.0,0.7449166666666667,0.0,-0.0,26.425,1.0625,186,7,2019,277
2020-07-05,0.0,17.900000000000002,0,0.0,17.0,23.8,20.3,6.1,3.591666666666667,0.1484285637464657,-2.5849333173247944,94.41666666666667,177.79166666666666,600.0,84.375,1008.0458333333332,1006.7,19.337500000000002,16.7,,,,177.81996075177148,0.7196908267153695,0.0,0.0,0.0,0.0,0.0,0.0,,0.0,0,0,0.0,0.0,0.0,0.0,0.0,0.0,711.0600000000001,1.0541666666665606,-1.2541666666668334,-0.2505952380953431,0.0,,,0.9624999999999986,0.3000000000000007,0.038039682711227096,-0.9992762293476359,0.038039682711227096,-0.9992762293476359,0.14014130227062138,-2.44060787377416,70.0,78.0,,,0.0,6,0.0,0.0,0.7665833333333333,0.0,-0.0,21.55,0.5291666666666686,187,7,2019,278
2020-07-06,0.0,56.7,0,0.0,18.0,21.0,19.554166666666667,8.1,4.395833333333333,1.958884665045492,-3.130109180820098,99.41666666666667,50.958333333333336,233.0,99.95833333333333,1009.6541666666667,1007.5,19.466666666666665,18.0,,,,158.40612549107928,0.562920846096385,0.0,0.0,0.0,0.0,0.0,0.0,,0.0,0,0,0.0,0.0,0.0,0.0,0.0,0.0,711.0600000000001,1.6083333333334622,-6.133333333333326,1.2416666666665606,0.0,,,0.08750000000000213,0.0,0.36802514818847276,-0.9298158367659978,0.36802514818847276,-0.9298158367659978,1.9474578378327267,-3.111850210598648,71.0,79.0,,,0.0,6,0.0,0.0,0.6986944444444445,0.0,-0.0,26.375,-0.7458333333333336,188,7,2019,279
2020-07-07,0.0,37.4,0,0.0,19.0,24.5,21.416666666666668,8.9,4.2875000000000005,2.708697031879988,-2.682391551595879,97.29166666666667,77.75,312.0,99.625,1009.1374999999999,1008.1,20.95,18.9,,,,132.33404478429352,0.8003119397516567,0.0,0.0,0.0,0.0,0.0,0.0,,0.0,0,0,0.0,0.0,0.0,0.0,0.0,0.0,711.0600000000001,-0.5166666666667652,2.1458333333332575,0.26726190476188094,0.0,,,0.46666666666666856,0.10000000000000142,0.7392310647186957,-0.673451878722499,0.7392310647186957,-0.673451878722499,2.635336487266572,-2.6097434470734906,72.0,80.0,,,0.0,6,0.0,0.0,0.7094722222222223,0.0,-0.0,25.725,1.8625000000000007,189,7,2019,280
2020-07-08,0.0,55.199999999999996,0,0.0,18.0,24.9,21.224999999999998,4.7,2.2958333333333334,0.2720558798493011,-0.7966624855648798,93.375,165.625,600.0,98.91666666666667,1007.7458333333334,1006.1,20.0625,17.8,,,,201.9609554036899,0.13863196472214198,0.0,0.0,0.0,0.0,0.0,0.0,,0.0,0,0,0.0,0.0,0.0,0.0,0.0,0.0,711.0600000000001,-1.3916666666665378,-0.29999999999984084,-1.777380952380895,0.0,,,1.1624999999999979,0.1999999999999993,-0.3739746707781636,-0.9274389174583759,-0.3739746707781636,-0.9274389174583759,0.2540321778092849,-0.7438835958962065,73.0,81.0,,,0.0,6,0.0,0.0,0.755,0.0,-0.0,13.775,-0.19166666666666998,190,7,2019,281
2020-07-09,0.0,1.6,0,0.0,17.6,22.7,19.845833333333335,6.1,3.216666666666667,0.5841060492960971,-1.5161596603893714,94.625,113.5,402.0,100.0,1011.5333333333333,1009.9,18.929166666666667,17.2,,,,204.9671031171139,0.28852307925177106,0.0,0.0,0.0,0.0,0.0,0.0,,0.0,0,0,0.0,0.0,0.0,0.0,0.0,0.0,711.0600000000001,3.787499999999909,1.879166666666606,1.691071428571263,0.0,,,0.9166666666666679,0.40000000000000213,-0.4220978274092507,-0.9065502876820405,-0.4220978274092507,-0.9065502876820405,0.5527103491464319,-1.4346660786434426,74.0,82.0,,,0.0,6,0.0,0.0,0.7244166666666668,0.0,-0.0,19.3,-1.3791666666666629,191,7,2019,282
2020-07-10,0.0,19.9,0,0.0,18.0,21.5,20.054166666666667,7.5,4.745833333333334,2.2309431866221785,-3.0843071453719997,98.45833333333333,75.58333333333333,255.0,99.91666666666667,1013.4791666666666,1011.1,19.808333333333334,17.7,,,,159.94729639178414,0.6240976554035698,0.0,0.0,0.0,0.0,0.0,0.0,,0.0,0,0,0.0,0.0,0.0,0.0,0.0,0.0,711.0600000000001,1.9458333333333258,4.341666666666697,3.966666666666697,0.0,,,0.24583333333333357,0.3000000000000007,0.3428843761659415,-0.9393776155419572,0.3428843761659415,-0.9393776155419572,2.196549479161753,-3.036757410214181,75.0,83.0,,,0.0,6,0.0,0.0,0.7119166666666666,0.0,-0.0,28.475,0.20833333333333215,192,7,2019,283
2020-07-11,0.0,54.5,0,0.0,19.1,24.9,21.733333333333334,9.0,3.8833333333333333,2.0058894382369683,-2.468099868998469,95.20833333333333,128.70833333333334,600.0,95.20833333333333,1008.0,1006.7,20.900000000000002,19.1,,,,152.95134189836813,0.6663715862676214,0.0,0.0,0.0,0.0,0.0,0.0,,0.0,0,0,0.0,0.0,0.0,0.0,0.0,0.0,711.0600000000001,-5.479166666666629,0.25416666666660603,-1.656547619047501,0.0,,,0.8333333333333321,0.0,0.45474701795312533,-0.8906206541860232,0.45474701795312533,-0.8906206541860232,1.9097739026547802,-2.3498367502756254,76.0,84.0,,,0.0,6,0.0,0.0,0.7364999999999999,0.0,-0.0,23.3,1.6791666666666671,193,7,2019,284
2020-07-12,0.0,11.9,0,0.0,15.4,22.1,19.729166666666668,11.8,6.416666666666667,-2.771352914102895,4.231592818855901,93.20833333333333,203.125,600.0,82.66666666666667,1008.6208333333334,1006.0,18.570833333333333,14.7,,,,315.29004192433877,0.6718076855167793,0.0,0.0,0.0,0.0,0.0,0.0,,0.0,0,0,0.0,0.0,0.0,0.0,0.0,0.0,711.0600000000001,0.620833333333394,-2.912499999999909,-1.1178571428571331,0.0,,,1.158333333333335,0.7000000000000011,-0.7035182299930244,0.7106772122894346,-0.7035182299930244,0.7106772122894346,-2.5831318620200734,3.944197139908604,77.0,85.0,,,0.0,6,0.0,0.0,0.7794444444444445,0.0,-0.0,38.5,-2.0041666666666664,194,7,2019,285
2020-07-13,0.0,18.0,0,0.0,13.4,22.9,17.724999999999998,7.9,3.908333333333333,1.235557039457544,-2.031985789290097,87.625,182.20833333333334,600.0,99.625,1011.1999999999999,1010.0,15.424999999999999,12.6,,,,156.65021186697507,0.45293322438425077,0.0,0.0,0.0,0.0,0.0,0.0,,0.0,0,0,0.0,0.0,0.0,0.0,0.0,0.0,711.0600000000001,2.579166666666538,-2.279166666666697,1.2404761904762154,0.0,,,2.299999999999999,0.8000000000000007,0.3963434525822784,-0.9181023186961023,0.3963434525822784,-0.9181023186961023,1.0826568558246727,-1.7805275478654474,78.0,86.0,,,0.0,6,0.0,0.0,0.7468888888888889,0.0,-0.0,23.45,-2.00416666666667,195,7,2019,286
2020-07-14,0.0,38.9,0,0.0,16.9,23.0,19.662499999999998,8.9,5.2749999999999995,3.806517855327719,-3.2999673263309646,97.25,128.375,590.0,99.33333333333333,1003.9833333333332,1001.1,19.191666666666666,16.8,,,,130.93614070678296,0.8915394442553365,0.0,0.0,0.0,0.0,0.0,0.0,,0.0,0,0,0.0,0.0,0.0,0.0,0.0,0.0,711.0600000000001,-7.216666666666697,-4.016666666666765,-5.2398809523811,0.0,,,0.47083333333333144,0.09999999999999787,0.7554403251305906,-0.6552174563964148,0.7554403251305906,-0.6552174563964148,3.7018386143062063,-3.209218224856863,79.0,87.0,,,0.0,6,0.0,0.0,0.7430833333333333,0.0,-0.0,31.65,1.9375,196,7,2019,287
2020-07-15,0.0,20.5,0,0.0,18.1,22.6,20.095833333333335,6.9,3.3958333333333335,-0.03783751988500611,-2.4460271771619673,95.875,116.95833333333333,459.0,95.41666666666667,1001.5625,1000.2,19.412499999999998,18.0,,,,189.58040864130186,0.7367748621767537,0.0,0.0,0.0,0.0,0.0,0.0,,0.0,0,0,0.0,0.0,0.0,0.0,0.0,0.0,711.0600000000001,-2.420833333333235,-7.058333333333394,-6.777380952380895,0.0,,,0.6833333333333371,0.10000000000000142,-0.16643159168631885,-0.9860530032857049,-0.16643159168631885,-0.9860530032857049,-0.03627672218974961,-2.345128556104036,80.0,88.0,,,0.0,6,0.0,0.0,0.7308888888888889,0.0,-0.0,20.375,0.4333333333333371,197,7,2019,288
2020-07-16,0.0,5.6,0,0.0,16.4,23.5,19.895833333333332,5.0,2.9458333333333333,0.06346648173652339,-0.2284030982473125,87.83333333333333,241.625,600.0,83.95833333333333,1007.7333333333332,1004.6,17.645833333333332,16.1,,,,131.13081266987206,0.049137905795132275,0.0,0.0,0.0,0.0,0.0,0.0,,0.0,0,0,0.0,0.0,0.0,0.0,0.0,0.0,711.0600000000001,6.170833333333235,-3.466666666666697,-0.06369047619057255,0.0,,,2.25,0.29999999999999716,0.7532097584198147,-0.6577804039504098,0.7532097584198147,-0.6577804039504098,0.05574472645857971,-0.20061405462722282,81.0,89.0,,,0.0,6,0.0,0.0,0.7871944444444444,0.0,-0.0,17.675,-0.20000000000000284,198,7,2019,289
2020-07-17,0.0,1.7,0,0.0,17.6,24.5,19.979166666666668,9.4,4.779166666666667,2.763289920240559,-3.4575385927134055,91.875,189.625,600.0,95.83333333333333,1011.5749999999999,1009.9,18.5,17.3,,,,138.7987766007675,0.8185279470255937,0.0,0.0,0.0,0.0,0.0,0.0,,0.0,0,0,0.0,0.0,0.0,0.0,0.0,0.0,711.0600000000001,3.841666666666697,7.591666666666697,4.0499999999999545,0.0,,,1.4791666666666679,0.3000000000000007,0.6587055257909957,-0.7524008441598187,0.6587055257909957,-0.7524008441598187,2.538772614221014,-3.176613582055441,82.0,90.0,,,0.0,6,0.0,0.0,0.766,0.0,-0.0,28.675,0.0833333333333357,199,7,2019,290
2020-07-18,0.0,25.099999999999998,0,0.0,17.9,26.2,20.954166666666666,10.1,3.85,0.4261966722380531,-1.857626125508956,95.54166666666667,176.16666666666666,600.0,92.16666666666667,1012.7041666666668,1010.9,20.145833333333332,17.8,,,,221.04664820356186,0.28922044500788135,0.0,0.0,0.0,0.0,0.0,0.0,,0.0,0,0,0.0,0.0,0.0,0.0,0.0,0.0,711.0600000000001,1.1291666666668334,11.141666666666765,4.507142857142981,0.0,,,0.8083333333333336,0.09999999999999787,-0.6566732694144943,-0.7541751900165365,-0.6566732694144943,-0.7541751900165365,0.4071954039341065,-1.7748069607466816,83.0,91.0,,,0.0,6,0.0,0.0,0.76925,0.0,-0.0,23.1,0.9749999999999979,200,7,2019,291
2020-07-19,0.0,2.3,0,0.0,17.8,26.4,22.25,4.5,1.9375,-0.10509989946374763,-0.4069045241768645,86.125,273.375,600.0,63.333333333333336,1013.9291666666667,1012.4,19.5625,17.6,,,,286.3576640234781,0.09777198828458791,0.0,0.0,0.0,0.0,0.0,0.0,,0.0,0,0,0.0,0.0,0.0,0.0,0.0,0.0,711.0600000000001,1.224999999999909,6.195833333333439,4.973809523809564,0.0,,,2.6875,0.1999999999999993,-0.9595223353583039,0.2816325406421401,-0.9595223353583039,0.2816325406421401,-0.09051728841315265,-0.3504465214473245,84.0,92.0,,,0.0,6,0.0,0.0,0.8026666666666666,0.0,-0.0,11.625,1.2958333333333343,201,7,2019,292
2020-07-20,0.0,12.1,0,0.0,17.5,27.0,22.40833333333333,3.7,1.7666666666666666,-0.6041684248768976,0.26781992501663404,90.16666666666667,202.70833333333334,600.0,92.625,1015.1083333333332,1013.9,20.625,17.1,,,,291.0089338186305,0.3967104179618692,0.0,0.0,0.0,0.0,0.0,0.0,,0.0,0,0,0.0,0.0,0.0,0.0,0.0,0.0,711.0600000000001,1.1791666666665606,3.533333333333303,5.594642857142844,0.0,,,1.7833333333333314,0.3999999999999986,-0.9335245367873838,0.3585135132960827,-0.9335245367873838,0.3585135132960827,-0.5447585297640027,0.24148429905666505,85.0,93.0,,,0.0,6,0.0,0.0,0.7690277777777778,0.0,-0.0,10.6,0.15833333333333144,202,7,2019,293
2020-07-21,0.0,7.2,0,0.0,20.2,27.2,23.2625,4.7,2.6333333333333333,-0.505615752500686,-1.7124600926882303,90.08333333333333,166.25,520.0,98.16666666666667,1014.3249999999999,1012.8,21.462500000000002,19.0,,,,203.72855109966355,0.6368342606985512,0.0,0.0,0.0,0.0,0.0,0.0,,0.0,0,0,0.0,0.0,0.0,0.0,0.0,0.0,711.0600000000001,-0.783333333333303,1.6208333333331666,3.333928571428487,0.0,,,1.7999999999999972,1.1999999999999993,-0.4024040111950726,-0.9154621847865241,-0.4024040111950726,-0.9154621847865241,-0.4554755237110346,-1.5426411334966474,86.0,94.0,,,0.0,6,0.0,0.0,0.7444444444444445,0.0,-0.0,15.8,0.8541666666666679,203,7,2019,294
2020-07-22,0.0,2.3,0,0.0,19.8,27.4,23.025000000000002,4.3,2.5625,-0.2487351739739059,1.5676454154678898,86.08333333333333,243.25,600.0,78.75,1012.0791666666668,1010.6,20.3875,19.4,,,,343.0676131221679,0.5587078025396655,0.0,0.0,0.0,0.0,0.0,0.0,,0.041666666666666664,0,0,0.0,0.0,0.0,0.0,0.0,0.0,711.0600000000001,-2.2458333333331666,-1.849999999999909,-0.41428571428559735,0.0,,,2.637500000000003,0.40000000000000213,-0.29124299332793063,0.956649109568073,-0.29124299332793063,0.956649109568073,-0.214119528929204,1.3494814284819419,87.0,95.0,,,0.0,6,0.0,0.0,0.7824444444444444,0.0,-0.0,15.375,-0.23749999999999716,204,7,2019,295
2020-07-23,0.0,12.0,0,0.0,19.3,23.3,20.650000000000002,4.7,2.3208333333333333,0.5655746820049449,0.39348069281545156,95.375,122.45833333333333,558.0,100.0,1011.6583333333333,1010.6,19.841666666666665,19.3,,,,87.26541602546395,0.24910598482070107,0.0,0.0,0.0,0.0,0.0,0.0,,0.0,0,0,0.0,0.0,0.0,0.0,0.0,0.0,711.0600000000001,-0.4208333333334622,-3.449999999999932,-1.3958333333332575,0.0,,,0.8083333333333371,0.0,0.9988612593442731,0.04770937623961234,0.9988612593442731,0.04770937623961234,0.5394168529622161,0.37528221077273693,88.0,96.0,,,0.0,6,0.0,0.0,0.7328888888888888,0.0,-0.0,13.925,-2.375,205,7,2019,296
2020-07-24,0.0,10.7,0,0.0,17.6,23.8,20.483333333333334,5.1,2.529166666666667,1.2421012889753333,-1.0654638381430586,96.33333333333333,89.45833333333333,372.0,99.66666666666667,1012.1,1011.1,19.85833333333333,17.4,,,,124.50404060737324,0.4678435321192977,0.0,0.0,0.0,0.0,0.0,0.0,,0.0,0,0,0.0,0.0,0.0,0.0,0.0,0.0,711.0600000000001,0.4416666666667197,-2.224999999999909,-1.0291666666665833,0.0,,,0.6250000000000036,0.20000000000000284,0.8240862425273358,-0.5664643544629946,0.8240862425273358,-0.5664643544629946,1.1965575750462378,-1.0263968307444797,89.0,97.0,,,0.0,6,0.0,0.0,0.7140833333333333,0.0,-0.0,15.175,-0.16666666666666785,206,7,2019,297
2020-07-25,0.0,51.8,0,0.0,19.0,21.5,20.291666666666668,7.9,4.825,3.145061861910125,-3.514802766027051,98.66666666666667,59.625,218.0,100.0,1013.1916666666666,1012.2,20.087500000000002,18.8,,,,139.39323273376107,0.968677202376111,0.0,0.0,0.0,0.0,0.0,0.0,,0.0,0,0,0.0,0.0,0.0,0.0,0.0,0.0,711.0600000000001,1.0916666666665833,1.1124999999998408,-0.0071428571428668874,0.0,,,0.20416666666666572,0.1999999999999993,0.6508638910784365,-0.7591944383952225,0.6508638910784365,-0.7591944383952225,3.1031277037513236,-3.4679387291466908,90.0,98.0,,,0.0,6,0.0,0.0,0.7019722222222223,0.0,-0.0,28.950000000000003,-0.19166666666666643,207,7,2019,298
2020-07-26,0.0,27.9,0,0.0,19.0,23.8,20.770833333333332,8.2,4.625,2.5895316407251285,-3.3418704417734815,97.375,99.41666666666667,522.0,99.66666666666667,1016.2875,1014.7,20.329166666666666,18.8,,,,151.32169740836008,0.7397652326858664,0.0,0.0,0.0,0.0,0.0,0.0,,0.0,0,0,0.0,0.0,0.0,0.0,0.0,0.0,711.0600000000001,3.0958333333334167,4.62916666666672,2.7517857142856883,0.0,,,0.44166666666666643,0.1999999999999993,0.4798912954709189,-0.8773279572265112,0.4798912954709189,-0.8773279572265112,2.521556435156094,-3.2541463426769273,91.0,99.0,,,0.0,6,0.0,0.0,0.7241944444444445,0.0,-0.0,27.75,0.4791666666666643,208,7,2019,299
2020-07-27,0.0,12.0,0,0.0,19.6,24.0,21.5125,7.1,3.441666666666667,1.7328900351597163,-2.4545518087857814,95.20833333333333,117.70833333333333,461.0,93.75,1016.8625000000001,1015.6,20.704166666666666,18.6,,,,137.8293067204213,0.7401838906929284,0.0,0.0,0.0,0.0,0.0,0.0,,0.0,0,0,0.0,0.0,0.0,0.0,0.0,0.0,711.0600000000001,0.5750000000000455,4.7625000000000455,3.0761904761905043,0.0,,,0.8083333333333336,1.0,0.6713415808324568,-0.7411480836144542,0.6713415808324568,-0.7411480836144542,1.64985572097498,-2.336937867948129,92.0,100.0,,,0.0,6,0.0,0.0,0.7291666666666666,0.0,-0.0,20.650000000000002,0.7416666666666671,209,7,2019,300
2020-07-28,0.0,44.0,0,0.0,20.6,23.2,21.920833333333334,3.8,2.1083333333333334,0.21876878817903575,-1.0183249836535953,97.16666666666667,50.208333333333336,244.0,99.91666666666667,1013.5541666666667,1011.1,21.46666666666667,20.1,,,,169.6247703092273,0.4595013903285224,0.0,0.0,0.0,0.0,0.0,0.0,,0.0,0,0,0.0,0.0,0.0,0.0,0.0,0.0,711.0600000000001,-3.308333333333394,0.3625000000000682,-0.12202380952385283,0.0,,,0.4541666666666657,0.5,0.18009390737967806,-0.9836494215546105,0.18009390737967806,-0.9836494215546105,0.21257033918062973,-0.9894724424500768,93.0,101.0,,,0.0,6,0.0,0.0,0.6906944444444445,0.0,-0.0,12.65,0.408333333333335,210,7,2019,301
2020-07-29,0.0,3.1,0,0.0,18.9,24.6,21.833333333333332,6.0,2.975,-1.0472793999488699,0.2840247552103605,93.83333333333333,134.45833333333334,430.0,95.75,1015.5833333333334,1013.2,20.775000000000002,18.7,,,,294.41780714346623,0.19864953618660652,0.0,0.0,0.0,0.0,0.0,0.0,,0.0,0,0,0.0,0.0,0.0,0.0,0.0,0.0,711.0600000000001,2.029166666666697,-0.7041666666666515,1.4065476190476147,0.0,,,1.05833333333333,0.1999999999999993,-0.9105552267433319,0.4133874442340979,-0.9105552267433319,0.4133874442340979,-0.9826971702853562,0.2665098953057216,94.0,102.0,,,0.0,6,0.0,0.0,0.73575,0.0,-0.0,17.85,-0.08750000000000213,211,7,2019,302
2020-07-30,0.0,11.299999999999999,0,0.0,20.2,25.7,22.47083333333333,4.2,2.5083333333333333,0.9610019771784787,-0.8904685826453868,94.29166666666667,201.25,600.0,88.20833333333333,1016.9416666666666,1015.9,21.458333333333332,20.1,,,,137.73236493088703,0.508163690504786,0.0,0.0,0.0,0.0,0.0,0.0,,0.0,0,0,0.0,0.0,0.0,0.0,0.0,0.0,711.0600000000001,1.3583333333332348,0.07916666666653782,2.010119047619014,0.0,,,1.0124999999999993,0.09999999999999787,0.6725946073349822,-0.7400111446349312,0.6725946073349822,-0.7400111446349312,0.9061447809812073,-0.8396376677193793,95.0,103.0,,,0.0,6,0.0,0.0,0.7818055555555556,0.0,-0.0,15.05,0.6374999999999993,212,7,2019,303
2020-07-31,0.0,5.1000000000000005,0,0.0,17.7,27.4,22.599999999999998,4.5,2.370833333333333,-1.7840803593662642,0.27339193304790704,85.0,262.7916666666667,600.0,56.208333333333336,1014.5583333333334,1012.4,19.679166666666667,17.0,,,,269.26607332124496,0.6957743177728206,0.0,0.0,0.0,0.0,0.0,0.0,,0.20833333333333334,0,0,0.0,0.0,0.0,0.0,0.0,0.0,711.0600000000001,-2.383333333333212,1.0041666666667197,-0.7244047619047933,0.0,,,2.9208333333333307,0.6999999999999993,-0.9999179602834884,-0.012809086716393029,-0.9999179602834884,-0.012809086716393029,-1.5164683054613246,0.23238314309072097,96.0,104.0,,,0.0,6,0.0,0.0,0.7918611111111112,0.0,-0.0,14.224999999999998,0.12916666666666643,213,7,2019,304
2020-08-01,0.0,1.5,0,0.0,17.0,26.6,21.65416666666667,5.0,3.0583333333333336,-0.35576312125729675,1.0007577146283615,85.75,260.0416666666667,600.0,62.0,1015.1,1013.7,18.883333333333333,16.7,,,,359.5841793178426,0.21644995999542893,0.0,0.0,0.0,0.0,0.0,0.0,,0.041666666666666664,0,0,0.0,0.0,0.0,0.0,0.0,0.0,711.0600000000001,0.5416666666666288,-0.4833333333333485,-0.45535714285722406,0.0,,,2.7708333333333357,0.3000000000000007,-0.007257376292949644,0.9999736648979025,-0.007257376292949644,0.9999736648979025,-0.30506687647813197,0.85814974029382,97.0,105.0,,,0.0,6,0.0,0.0,0.7925277777777778,0.0,-0.0,18.35,-0.9458333333333293,214,8,2019,305
2020-08-02,0.0,0.5,0,0.0,17.4,27.9,22.520833333333332,5.4,2.845833333333333,0.810701372227011,-1.4637688104064852,84.04166666666667,288.125,600.0,66.91666666666667,1015.9791666666666,1014.2,19.329166666666666,17.0,,,,150.86208281932983,0.5070131717559873,0.0,0.0,0.0,0.0,0.0,0.0,,0.041666666666666664,0,0,0.0,0.0,0.0,0.0,0.0,0.0,711.0600000000001,0.879166666666606,-0.9624999999999773,0.46785714285715585,0.0,,,3.1916666666666664,0.3999999999999986,0.48691351855768034,-0.8734501848679062,0.48691351855768034,-0.8734501848679062,0.6813269449091172,-1.2301757044124504,98.0,106.0,,,0.0,6,0.0,0.0,0.8055555555555555,0.0,-0.0,17.075,0.8666666666666636,215,8,2019,306
2020-08-03,0.0,6.8999999999999995,0,0.0,17.5,26.3,22.325,5.1,2.8125,0.1355080704551825,-1.8944437100485676,91.875,184.66666666666666,600.0,73.79166666666667,1016.6333333333333,1016.0,20.875,17.4,,,,175.0823184892751,0.6074993969445046,0.0,0.0,0.0,0.0,0.0,0.0,,0.08333333333333333,0,0,0.0,0.0,0.0,0.0,0.0,0.0,711.0600000000001,0.654166666666697,2.074999999999932,1.1547619047619264,0.0,,,1.4499999999999993,0.10000000000000142,0.08572439180034096,-0.9963188890362672,0.08572439180034096,-0.9963188890362672,0.12449803973069892,-1.7405201586071215,99.0,107.0,,,0.0,6,0.0,0.0,0.7626944444444445,0.0,-0.0,16.875,-0.19583333333333286,216,8,2019,307
2020-08-04,0.0,0.5,0,0.0,19.0,28.8,23.891666666666666,4.7,2.5958333333333337,0.2098139130267677,-1.016413782012928,84.95833333333333,284.5833333333333,600.0,85.91666666666667,1018.1041666666666,1016.9,20.883333333333333,18.9,,,,165.03424100302894,0.3236936333586211,0.0,0.0,0.0,0.0,0.0,0.0,,0.0,0,0,0.0,0.0,0.0,0.0,0.0,0.0,711.0600000000001,1.470833333333303,3.004166666666606,1.9755952380951385,0.0,,,3.008333333333333,0.10000000000000142,0.2582417440243391,-0.9660803287735796,0.2582417440243391,-0.9660803287735796,0.17825440360899136,-0.8635282089684833,100.0,108.0,,,0.0,6,0.0,0.0,0.8062499999999999,0.0,-0.0,15.575000000000003,1.5666666666666664,217,8,2019,308
2020-08-05,0.0,3.1,0,0.0,18.2,28.4,23.65833333333333,5.2,2.875,0.313095351231219,-1.3067879720586497,87.75,250.54166666666666,600.0,85.0,1020.125,1018.7,21.329166666666666,18.0,,,,201.7970262007057,0.2759916049785592,0.0,0.0,0.0,0.0,0.0,0.0,,0.0,0,0,0.0,0.0,0.0,0.0,0.0,0.0,711.0600000000001,2.0208333333333712,4.145833333333371,3.347619047619105,0.0,,,2.3291666666666657,0.1999999999999993,-0.3713196442318007,-0.9285051005824195,-0.3713196442318007,-0.9285051005824195,0.27474117070539467,-1.146706445481465,101.0,109.0,,,0.0,6,0.0,0.0,0.7928611111111111,0.0,-0.0,17.25,-0.23333333333333428,218,8,2019,309
2020-08-06,0.0,2.9,0,0.0,18.8,28.5,24.104166666666668,7.2,3.516666666666667,0.29967801360823204,-2.4610785505270485,89.625,270.75,600.0,88.58333333333333,1016.5416666666666,1014.2,22.15416666666667,18.7,,,,175.5933240467552,0.612520889090862,0.0,0.0,0.0,0.0,0.0,0.0,,0.0,0,0,0.0,0.0,0.0,0.0,0.0,0.0,711.0600000000001,-3.5833333333333712,-0.09166666666669698,-0.17857142857133113,0.0,,,1.9499999999999993,0.10000000000000142,0.07683520156506261,-0.9970438063598089,0.07683520156506261,-0.9970438063598089,0.268586419696378,-2.205741650909867,102.0,110.0,,,0.0,6,0.0,0.0,0.8125833333333334,0.0,-0.0,21.1,0.4458333333333364,219,8,2019,310
2020-08-07,0.0,8.0,0,0.0,18.5,25.9,22.541666666666668,4.6,2.5375,-0.7810804018355099,-1.4800736709652575,95.0,142.70833333333334,540.0,97.54166666666667,1012.4416666666666,1011.4,21.670833333333334,18.2,,,,209.43846816692925,0.538409896313023,0.0,0.0,0.0,0.0,0.0,0.0,,0.0,0,0,0.0,0.0,0.0,0.0,0.0,0.0,711.0600000000001,-4.100000000000023,-5.662500000000023,-3.9761904761904816,0.0,,,0.8708333333333336,0.3000000000000007,-0.49148857254430944,-0.8708840238851309,-0.49148857254430944,-0.8708840238851309,-0.7420263817437344,-1.4060699874169946,103.0,111.0,,,0.0,6,0.0,0.0,0.7451388888888889,0.0,-0.0,15.225000000000001,-1.5625,220,8,2019,311
2020-08-08,0.0,3.7,0,0.0,19.9,24.8,22.691666666666666,6.0,3.204166666666667,0.8598507522806841,-2.3593393735341435,94.875,102.25,404.0,99.125,1011.9375,1011.1,21.820833333333336,19.9,,,,164.04511900100948,0.5904222285748166,0.0,0.0,0.0,0.0,0.0,0.0,,0.0,0,0,0.0,0.0,0.0,0.0,0.0,0.0,711.0600000000001,-0.504166666666606,-8.1875,-4.02857142857124,0.0,,,0.87083333333333,0.0,0.2748803007594468,-0.9614784554291355,0.2748803007594468,-0.9614784554291355,0.815783401226299,-2.2384232306405187,104.0,112.0,,,0.0,6,0.0,0.0,0.71775,0.0,-0.0,19.225,0.14999999999999858,221,8,2019,312
2020-08-09,0.0,4.7,0,0.0,20.7,26.4,22.929166666666664,4.5,2.375,0.8443538349289454,-1.5310428627385384,96.125,103.08333333333333,477.0,96.45833333333333,1014.0166666666668,1012.1,22.254166666666666,20.6,,,,151.980709257839,0.731148961442248,0.0,0.0,0.0,0.0,0.0,0.0,,0.0,0,0,0.0,0.0,0.0,0.0,0.0,0.0,711.0600000000001,2.079166666666765,-2.5249999999998636,-1.6690476190475465,0.0,,,0.6749999999999972,0.09999999999999787,0.46976881311712476,-0.8827894778612441,0.46976881311712476,-0.8827894778612441,0.8116351238254488,-1.47171495180742,105.0,113.0,,,0.0,6,0.0,0.0,0.7224722222222222,0.0,-0.0,14.25,0.23749999999999716,222,8,2019,313
2020-08-10,0.0,1.4,0,0.0,21.3,29.3,24.983333333333334,7.1,4.2749999999999995,1.421799715883929,-3.6664260727672278,81.70833333333333,273.75,600.0,66.20833333333333,1017.2541666666666,1016.3,21.483333333333334,18.9,,,,167.5370496546726,0.8069218307765748,0.0,0.0,0.0,0.0,0.0,0.0,,0.0,0,0,0.0,0.0,0.0,0.0,0.0,0.0,711.0600000000001,3.237499999999841,4.8125,1.4797619047618582,0.0,,,3.5,2.400000000000002,0.21580825818363625,-0.9764357611741517,0.21580825818363625,-0.9764357611741517,1.161728851186827,-2.9957756369568886,106.0,114.0,,,0.0,6,0.0,0.0,0.7881944444444443,0.0,-0.0,25.65,2.0541666666666707,223,8,2019,314
2020-08-11,0.0,9.4,0,0.0,21.4,29.1,25.349999999999998,6.3,3.5500000000000003,0.34331739729749194,-2.6053196910958585,87.70833333333333,263.2083333333333,600.0,40.5,1017.6041666666666,1016.6,23.058333333333334,20.6,,,,173.16097231381593,0.6591962906748281,0.0,0.0,0.0,0.0,0.0,0.0,,0.041666666666666664,0,0,0.0,0.0,0.0,0.0,0.0,0.0,711.0600000000001,0.35000000000002274,5.666666666666629,1.9011904761904361,0.0,,,2.2916666666666643,0.7999999999999972,0.11908031078302264,-0.9928846255148776,0.11908031078302264,-0.9928846255148776,0.30111796721300854,-2.2850824790653257,107.0,115.0,,,0.0,6,0.0,0.0,0.8011666666666666,0.0,-0.0,21.3,0.3666666666666636,224,8,2019,315
2020-08-12,0.0,4.3,0,0.0,21.2,28.9,24.808333333333334,3.5,2.341666666666667,-1.5110468369037877,-0.9289344719850203,89.125,208.45833333333334,600.0,83.16666666666667,1017.3041666666667,1016.0,22.795833333333334,20.9,,,,233.84546436967406,0.6765121362408014,0.0,0.0,0.0,0.0,0.0,0.0,,0.0,0,0,0.0,0.0,0.0,0.0,0.0,0.0,711.0600000000001,-0.2999999999999545,3.287499999999909,2.0041666666667197,0.0,,,2.0124999999999993,0.3000000000000007,-0.8074287053800983,-0.5899651563679151,-0.8074287053800983,-0.5899651563679151,-1.3467204933905008,-0.8279128481566493,108.0,116.0,,,0.0,6,0.0,0.0,0.7693888888888889,0.0,-0.0,14.05,-0.5416666666666643,225,8,2019,316
2020-08-13,0.0,4.5,0,0.0,19.7,27.1,23.474999999999998,5.2,2.3958333333333335,-2.0581271342227763,0.1189289373794178,91.58333333333333,185.375,566.0,71.20833333333333,1014.4958333333334,1013.0,21.991666666666664,18.9,,,,263.1286008453178,0.7537801823547385,0.0,0.0,0.0,0.0,0.0,0.0,,0.125,0,0,0.0,0.0,0.0,0.0,0.0,0.0,711.0600000000001,-2.8083333333332803,-2.758333333333212,-0.5119047619045887,0.0,,,1.4833333333333343,0.8000000000000007,-0.9928171880169415,-0.11964126034998528,-0.9928171880169415,-0.11964126034998528,-1.884901433759026,0.10891908514998347,109.0,117.0,,,0.0,6,0.0,0.0,0.7621944444444445,0.0,-0.0,14.375,-1.3333333333333357,226,8,2019,317
2020-08-14,0.0,0.0,0,0.0,17.8,30.4,24.320833333333336,5.4,2.6333333333333333,-1.7134564633302876,-1.2765211727623333,80.5,299.0833333333333,600.0,28.0,1011.9583333333334,1010.5,20.400000000000002,16.3,,,,241.1751818255069,0.7277213600148286,0.0,0.0,0.0,0.0,0.0,0.0,,0.5833333333333334,0,0,0.0,0.0,0.0,0.0,0.0,0.0,711.0600000000001,-2.5375000000000227,-5.6458333333332575,-2.9803571428570876,0.0,,,3.9208333333333343,1.5,-0.8760979219692621,-0.4821332088968159,-0.8760979219692621,-0.4821332088968159,-1.3793324529808815,-1.0275995440736783,110.0,118.0,,,0.0,6,0.0,0.0,0.8010555555555556,0.0,-0.0,15.8,0.8458333333333385,227,8,2019,318
2020-08-15,0.0,0.2,0,0.0,20.2,30.4,25.366666666666664,5.2,2.9375,-2.6881662213021307,-0.11801511622127377,79.625,268.0833333333333,600.0,62.333333333333336,1011.8791666666666,1010.2,21.349999999999998,18.8,,,,266.9655909731967,0.8988260067332776,0.0,0.0,0.0,0.0,0.0,0.0,,0.0,0,0,0.0,0.0,0.0,0.0,0.0,0.0,711.0600000000001,-0.0791666666667652,-5.425000000000068,-3.051190476190527,0.0,,,4.016666666666666,1.3999999999999986,-0.9985979242720473,-0.05293567454522919,-0.9985979242720473,-0.05293567454522919,-2.1404523537118214,-0.09396953629118925,111.0,119.0,,,0.0,6,0.0,0.0,0.7774722222222222,0.0,-0.0,17.625,1.0458333333333272,228,8,2019,319
2020-08-16,0.0,0.4,0,0.0,20.9,29.6,25.09166666666667,5.5,2.9250000000000003,-2.398655095936889,0.7159273999297354,82.83333333333333,283.125,600.0,67.625,1013.8249999999999,1013.0,21.662499999999998,20.3,,,,286.00873259333923,0.8414035652319252,0.0,0.0,0.0,0.0,0.0,0.0,,0.125,0,0,0.0,0.0,0.0,0.0,0.0,0.0,711.0600000000001,1.9458333333333258,-0.6708333333334622,-1.0779761904761926,0.0,,,3.4291666666666707,0.5999999999999979,-0.9612196741934834,0.27578386091896984,-0.9612196741934834,0.27578386091896984,-1.9868859711343896,0.5930265296084641,112.0,120.0,,,0.0,6,0.0,0.0,0.7981944444444444,0.0,-0.0,17.55,-0.274999999999995,229,8,2019,320
2020-08-17,0.0,0.0,0,0.0,18.9,30.1,24.383333333333336,6.6,2.75,-2.386516852230825,0.3486779480731818,78.66666666666667,252.375,600.0,56.375,1014.7333333333332,1013.9,20.108333333333334,16.8,,,,274.17643193140407,0.7740740521310081,0.0,0.0,0.0,0.0,0.0,0.0,,0.125,0,0,0.0,0.0,0.0,0.0,0.0,0.0,711.0600000000001,0.908333333333303,2.7749999999998636,0.19047619047614717,0.0,,,4.275000000000002,2.099999999999998,-0.9973445186793058,0.07282795521188042,-0.9973445186793058,0.07282795521188042,-1.877393257088249,0.27429331915090305,113.0,121.0,,,0.0,6,0.0,0.0,0.7638055555555555,0.0,-0.0,16.5,-0.7083333333333321,230,8,2019,321
2020-08-18,0.0,0.1,0,0.0,20.1,29.1,24.008333333333336,7.2,3.8249999999999997,-1.2897518843961686,2.8454868107119857,82.83333333333333,278.2083333333333,600.0,74.375,1014.5375,1013.8,20.474999999999998,17.2,,,,328.79286260652157,0.7406497754923652,0.0,0.0,0.0,0.0,0.0,0.0,,0.041666666666666664,0,0,0.0,0.0,0.0,0.0,0.0,0.0,711.0600000000001,-0.19583333333321207,2.6583333333334167,0.43273809523805085,0.0,,,3.5333333333333385,2.900000000000002,-0.5181335589486162,0.8552997223729474,-0.5181335589486162,0.8552997223729474,-1.0683444775748263,2.357011574873095,114.0,122.0,,,0.0,6,0.0,0.0,0.7949166666666666,0.0,-0.0,22.95,-0.375,231,8,2019,322
2020-08-19,0.0,0.0,0,0.0,18.7,31.2,24.791666666666668,5.5,2.475,0.512444798763155,-0.1707949340379122,82.70833333333333,293.5833333333333,600.0,82.16666666666667,1014.2916666666666,1012.5,21.170833333333334,18.5,,,,272.35309878894344,0.11691397316833727,0.0,0.0,0.0,0.0,0.0,0.0,,0.041666666666666664,0,0,0.0,0.0,0.0,0.0,0.0,0.0,711.0600000000001,-0.24583333333339397,0.466666666666697,0.61726190476179,0.0,,,3.6208333333333336,0.1999999999999993,-0.9991567739477869,0.04105777726875818,-0.9991567739477869,0.04105777726875818,0.4238345523103594,-0.14126164336052321,115.0,123.0,,,0.0,6,0.0,0.0,0.80475,0.0,-0.0,14.850000000000001,0.7833333333333314,232,8,2019,323
2020-08-20,0.0,0.30000000000000004,0,0.0,20.1,31.4,25.5625,5.2,2.6999999999999997,0.346010780229041,-0.6797567891053409,83.08333333333333,268.5833333333333,600.0,67.41666666666667,1015.7166666666667,1014.4,22.133333333333336,18.8,,,,183.00383563922657,0.1618760952975497,0.0,0.0,0.0,0.0,0.0,0.0,,0.08333333333333333,0,0,0.0,0.0,0.0,0.0,0.0,0.0,711.0600000000001,1.4250000000000682,0.9833333333334622,1.8678571428571331,0.0,,,3.4291666666666636,1.3000000000000007,-0.052402808913886045,-0.9986260289106902,-0.052402808913886045,-0.9986260289106902,0.2874772899069616,-0.564764598948354,116.0,124.0,,,0.0,6,0.0,0.0,0.7893333333333334,0.0,-0.0,16.2,0.7708333333333321,233,8,2019,324
2020-08-21,0.0,0.6,0,0.0,21.9,31.4,25.508333333333336,5.1,2.6041666666666665,0.04060090755673062,-0.07405807268274493,85.875,278.0416666666667,600.0,49.208333333333336,1016.7291666666666,1015.6,22.683333333333334,21.6,,,,306.8133583204948,0.19937064825171721,0.0,0.0,0.0,0.0,0.0,0.0,,0.2916666666666667,0,0,0.0,0.0,0.0,0.0,0.0,0.0,711.0600000000001,1.0124999999999318,2.191666666666606,2.1988095238095866,0.0,,,2.825000000000003,0.29999999999999716,-0.8005916888268299,0.5992102700900614,-0.8005916888268299,0.5992102700900614,0.03486602936434242,-0.06359736991630721,117.0,125.0,,,0.0,6,0.0,0.0,0.8049444444444446,0.0,-0.0,15.625,-0.05416666666666359,234,8,2019,325
2020-08-22,0.0,1.6,0,0.0,21.0,29.4,24.145833333333332,6.6,2.7583333333333333,0.8247530600037072,-0.7088993964439565,88.375,244.91666666666666,600.0,65.75,1015.4333333333334,1014.0,21.895833333333332,20.5,,,,94.604161649201,0.14515979940547846,0.0,0.0,0.0,0.0,0.0,0.0,,0.125,0,0,0.0,0.0,0.0,0.0,0.0,0.0,711.0600000000001,-1.2958333333332348,1.1416666666667652,0.3952380952381418,0.0,,,2.25,0.5,0.9967730506196303,-0.08027132463361907,0.9967730506196303,-0.08027132463361907,0.7288755167782761,-0.6264898416073466,118.0,126.0,,,0.0,6,0.0,0.0,0.7911944444444444,0.0,-0.0,16.55,-1.3625000000000043,235,8,2019,326
2020-08-23,0.0,1.5,0,0.0,18.1,27.3,22.516666666666666,6.5,3.3625000000000003,1.9966739864537357,-1.6699084697494957,87.95833333333333,239.08333333333334,600.0,77.0,1011.9833333333332,1010.2,20.158333333333335,18.1,,,,140.19645342847355,0.3195187996673828,0.0,0.0,0.0,0.0,0.0,0.0,,0.0,0,0,0.0,0.0,0.0,0.0,0.0,0.0,711.0600000000001,-3.450000000000159,-3.733333333333462,-2.7916666666666288,0.0,,,2.3583333333333307,0.0,0.6401572545095777,-0.768243899747183,0.6401572545095777,-0.768243899747183,1.7562411605849317,-1.468823658183827,119.0,127.0,,,0.0,6,0.0,0.0,0.7859166666666666,0.0,-0.0,20.175,-1.6291666666666664,236,8,2019,327
2020-08-24,0.0,1.7000000000000002,0,0.0,17.8,27.6,22.65416666666667,6.4,2.9333333333333336,0.4209207141458556,-0.6762977807064113,85.41666666666667,217.45833333333334,600.0,49.125,1010.7083333333334,1009.2,19.787499999999998,17.6,,,,250.33137109586906,0.06916199015532075,0.0,0.0,0.0,0.0,0.0,0.0,,0.2916666666666667,0,0,0.0,0.0,0.0,0.0,0.0,0.0,711.0600000000001,-1.2749999999998636,-6.0208333333332575,-3.4916666666665606,0.0,,,2.8666666666666707,0.1999999999999993,-0.941654973082455,-0.3365797255763943,-0.941654973082455,-0.3365797255763943,0.35953644333291834,-0.5776710210200597,120.0,128.0,,,0.0,6,0.0,0.0,0.7630277777777777,0.0,-0.0,17.6,0.13750000000000284,237,8,2019,328
2020-08-25,0.0,0.2,0,0.0,18.0,29.9,23.695833333333336,6.8,2.9125,0.29575430917253803,-1.1512272967391068,80.08333333333333,252.25,600.0,62.791666666666664,1013.2041666666668,1011.5,19.620833333333334,17.2,,,,164.1700130001689,0.33524843231391427,0.0,0.0,0.0,0.0,0.0,0.0,,0.125,0,0,0.0,0.0,0.0,0.0,0.0,0.0,711.0600000000001,2.495833333333394,-2.2291666666666288,-0.8053571428570194,0.0,,,4.075000000000003,0.8000000000000007,0.272783807566434,-0.9620753579265808,0.272783807566434,-0.9620753579265808,0.23684990926234087,-0.9219411934719014,121.0,129.0,,,0.0,6,0.0,0.0,0.7684444444444445,0.0,-0.0,17.475,1.0416666666666679,238,8,2019,329
2020-08-26,0.0,0.0,0,0.0,20.3,29.5,24.520833333333332,10.3,5.8125,1.1523334134147674,-4.837625652728495,78.95833333333333,276.5,600.0,15.916666666666666,1015.225,1013.6,20.383333333333333,18.9,,,,179.7051496471372,0.790626678532493,0.0,0.0,0.0,0.0,0.0,0.0,,0.5833333333333334,0,0,0.0,0.0,0.0,0.0,0.0,0.0,711.0600000000001,2.0208333333332575,3.241666666666788,1.0821428571429124,0.0,,,4.137499999999999,1.4000000000000021,0.005146086744561729,-0.9999867588079442,0.005146086744561729,-0.9999867588079442,0.90986325767541,-3.8197085883002075,122.0,130.0,,,0.0,6,0.0,0.0,0.7808611111111111,0.0,-0.0,34.875,0.8249999999999957,239,8,2019,330
2020-08-27,0.0,2.3,0,0.0,20.8,29.5,24.429166666666664,10.3,5.895833333333333,1.433278435370754,-4.860419678397986,86.20833333333333,255.41666666666666,600.0,39.083333333333336,1015.6166666666667,1013.3,21.766666666666666,20.2,,,,177.68522465570578,0.7919880683143953,0.0,0.0,0.0,0.0,0.0,0.0,,0.3333333333333333,0,0,0.0,0.0,0.0,0.0,0.0,0.0,711.0600000000001,0.3916666666666515,4.908333333333303,1.488095238095184,0.0,,,2.662499999999998,0.6000000000000014,0.040389461853242326,-0.9991840127680214,0.040389461853242326,-0.9991840127680214,1.235605451159204,-4.190086797752263,123.0,131.0,,,0.0,6,0.0,0.0,0.7909722222222223,0.0,-0.0,35.375,-0.09166666666666856,240,8,2019,331
2020-08-28,0.0,3.9,0,0.0,21.7,28.8,24.900000000000002,9.4,5.254166666666666,1.6530189261063282,-4.422334104343375,88.75,206.625,600.0,77.70833333333333,1015.5666666666666,1014.1,22.837500000000002,21.1,,,,168.40142140681047,0.8118309957485201,0.0,0.0,0.0,0.0,0.0,0.0,,0.0,0,0,0.0,0.0,0.0,0.0,0.0,0.0,711.0600000000001,-0.05000000000006821,2.362499999999841,1.6041666666666288,0.0,,,2.0625,0.5999999999999979,0.2010536195571198,-0.9795802376849897,0.2010536195571198,-0.9795802376849897,1.467054296919366,-3.9248215176047454,124.0,132.0,,,0.0,6,0.0,0.0,0.7669166666666666,0.0,-0.0,31.525,0.47083333333333854,241,8,2019,332
2020-08-29,0.0,5.1000000000000005,0,0.0,21.9,28.9,25.054166666666664,5.8,2.558333333333333,0.8250448625153943,0.06099886866921648,90.75,189.54166666666666,600.0,76.5,1015.1291666666666,1013.3,23.354166666666668,21.7,,,,353.2208341354074,0.18969797318266282,0.0,0.0,0.0,0.0,0.0,0.0,,0.0,0,0,0.0,0.0,0.0,0.0,0.0,0.0,711.0600000000001,-0.4375,-0.0958333333334167,1.2101190476189458,0.0,,,1.6999999999999957,0.1999999999999993,-0.11804289413885892,0.9930084970146641,-0.11804289413885892,0.9930084970146641,0.7487282127327204,0.05535647331731395,125.0,133.0,,,0.0,6,0.0,0.0,0.7621944444444445,0.0,-0.0,15.349999999999998,0.15416666666666146,242,8,2019,333
2020-08-30,0.0,2.6,0,0.0,21.3,29.3,24.583333333333332,3.4,1.8958333333333333,-0.14502283282095227,0.7614642684578122,86.75,211.79166666666666,600.0,55.708333333333336,1014.2875,1012.4,21.995833333333334,20.9,,,,348.04833479377453,0.3681373131350818,0.0,0.0,0.0,0.0,0.0,0.0,,0.041666666666666664,0,0,0.0,0.0,0.0,0.0,0.0,0.0,711.0600000000001,-0.8416666666665833,-1.3291666666666515,0.03928571428571104,0.0,,,2.5874999999999986,0.40000000000000213,-0.20708645035176712,0.9783226472287684,-0.20708645035176712,0.9783226472287684,-0.12580730747217608,0.6605702528871521,126.0,134.0,,,0.0,6,0.0,0.0,0.7636944444444445,0.0,-0.0,11.375,-0.47083333333333144,243,8,2019,334
2020-08-31,0.0,3.5,0,0.0,20.2,28.2,24.016666666666666,5.1,2.091666666666667,0.2643792577992699,-0.11474157342036677,87.70833333333333,228.0,600.0,54.5,1013.9666666666667,1012.6,21.65833333333333,19.9,,,,16.229850447068475,0.22262172782090112,0.0,0.0,0.0,0.0,0.0,0.0,,0.08333333333333333,0,0,0.0,0.0,0.0,0.0,0.0,0.0,711.0600000000001,-0.32083333333332575,-1.599999999999909,-0.7470238095237391,0.0,,,2.3583333333333343,0.3000000000000007,0.27949137020148507,0.9601482041762597,0.27949137020148507,0.9601482041762597,0.2318826406947763,-0.10063792168744667,127.0,135.0,,,0.0,6,0.0,0.0,0.7776944444444444,0.0,-0.0,12.55,-0.5666666666666664,244,8,2019,335
2020-09-01,0.0,4.2,0,0.0,21.3,26.9,23.4375,7.6,4.820833333333334,2.8444458135705175,-3.77776309131945,93.45833333333333,181.41666666666666,600.0,94.04166666666667,1014.6416666666668,1013.1,22.245833333333334,21.3,,,,145.10979884799977,0.9808153114243712,0.0,0.0,0.0,0.0,0.0,0.0,,0.0,0,0,0.0,0.0,0.0,0.0,0.0,0.0,711.0600000000001,0.6750000000000682,-0.48749999999984084,-0.277380952380895,0.0,,,1.1916666666666664,0.0,0.5720056009332244,-0.8202497135025534,0.5720056009332244,-0.8202497135025534,2.6583716499327794,-3.530634422428969,128.0,136.0,,,0.0,6,0.0,0.0,0.7658055555555556,0.0,-0.0,28.925000000000004,-0.5791666666666657,245,9,2019,336
2020-09-02,0.0,2.7,0,0.0,20.9,27.7,23.820833333333336,12.2,8.154166666666667,2.9185263843339784,-7.4118065877545805,91.04166666666667,231.83333333333334,600.0,78.75,1015.6041666666666,1013.9,22.133333333333336,20.8,,,,163.17584615709262,0.9491405010671964,0.0,0.0,0.0,0.0,0.0,0.0,,0.0,0,0,0.0,0.0,0.0,0.0,0.0,0.0,711.0600000000001,0.9624999999998636,1.316666666666606,0.6309523809522943,0.0,,,1.6875,0.09999999999999787,0.28943534276843214,-0.9571975670448187,0.28943534276843214,-0.9571975670448187,2.6570750624040596,-6.747832247601566,129.0,137.0,,,0.0,6,0.0,0.0,0.7913611111111112,0.0,-0.0,48.925,0.3833333333333364,246,9,2019,337
2020-09-03,0.0,4.6,0,0.0,22.6,28.8,24.691666666666666,19.3,11.645833333333334,5.145918368176013,-10.303940479778062,89.95833333333333,202.75,600.0,91.29166666666667,1013.4958333333334,1011.5,22.8,22.0,,,,148.28437539586665,0.9335016035089119,0.0,0.0,0.0,0.0,0.0,0.0,,0.0,0,0,0.0,0.0,0.0,0.0,0.0,0.0,711.0600000000001,-2.108333333333235,-0.470833333333303,-1.174404761904725,0.0,,,1.8916666666666657,0.6000000000000014,0.525703648389512,-0.8506677812577341,0.525703648389512,-0.8506677812577341,4.629182398705005,-9.269253123267013,130.0,138.0,,,0.0,6,0.0,0.0,0.768361111111111,0.0,-0.0,69.875,0.87083333333333,247,9,2019,338
2020-09-04,0.0,18.3,0,0.0,21.3,28.1,23.46666666666667,4.8,2.9,1.6436194550330212,-0.5833026131424744,92.125,133.04166666666666,600.0,90.125,1018.1083333333332,1016.7,21.983333333333334,20.8,,,,93.94822149312363,0.41728653467337956,0.0,0.0,0.0,0.0,0.0,0.0,,0.0,0,0,0.0,0.0,0.0,0.0,0.0,0.0,711.0600000000001,4.612499999999841,3.4666666666664696,3.074999999999818,0.0,,,1.4833333333333343,0.5,0.9976266822080964,-0.0688549413365942,0.9976266822080964,-0.0688549413365942,1.5141844229491708,-0.5373675323575046,131.0,139.0,,,0.0,6,0.0,0.0,0.7291111111111112,0.0,-0.0,17.4,-1.2249999999999979,248,9,2019,339
2020-09-05,0.0,4.5,0,0.0,20.6,29.0,24.025000000000002,8.0,4.4875,2.913054430778065,-1.9466367220806846,88.20833333333333,210.58333333333334,600.0,55.375,1016.8874999999999,1014.8,21.8125,20.2,,,,117.36370139512543,0.6493818123909364,0.0,0.0,0.0,0.0,0.0,0.0,,0.041666666666666664,0,0,0.0,0.0,0.0,0.0,0.0,0.0,711.0600000000001,-1.220833333333303,1.283333333333303,1.6029761904760562,0.0,,,2.212500000000002,0.40000000000000213,0.8881067573973033,-0.45963723463754275,0.8881067573973033,-0.45963723463754275,2.569556762482151,-1.7170958086020038,132.0,140.0,,,0.0,6,0.0,0.0,0.76775,0.0,-0.0,26.924999999999997,0.5583333333333336,249,9,2019,340
2020-09-06,0.0,3.3,0,0.0,19.8,25.9,22.53333333333333,12.3,7.845833333333334,2.3918352639159983,-7.136031409468338,91.625,227.08333333333334,600.0,66.125,1015.25,1013.7,21.045833333333334,19.3,,,,163.13879076194306,0.9480651321596032,0.0,0.0,0.0,0.0,0.0,0.0,,0.041666666666666664,0,0,0.0,0.0,0.0,0.0,0.0,0.0,711.0600000000001,-1.6374999999999318,1.754166666666606,-0.17202380952392105,0.0,,,1.4874999999999972,0.5,0.29005433885732973,-0.9570101778508091,0.29005433885732973,-0.9570101778508091,2.1915190605630332,-6.538388778925365,133.0,141.0,,,0.0,6,0.0,0.0,0.7901388888888888,0.0,-0.0,47.075,-1.4916666666666707,250,9,2019,341
2020-09-07,0.0,3.3000000000000003,0,0.0,20.5,26.1,22.566666666666666,19.7,12.366666666666667,4.489820857650625,-11.416065643798762,94.54166666666667,95.04166666666667,385.0,97.33333333333333,1013.8000000000001,1011.0,21.583333333333332,20.3,,,,160.49814792416453,0.9917609937509455,0.0,0.0,0.0,0.0,0.0,0.0,,0.0,0,0,0.0,0.0,0.0,0.0,0.0,0.0,711.0600000000001,-1.4499999999999318,-4.308333333333167,-1.5982142857142208,0.0,,,0.9833333333333343,0.1999999999999993,0.3338373297771429,-0.942630700352618,0.3338373297771429,-0.942630700352618,4.244751469170529,-10.79293872740808,134.0,142.0,,,0.0,6,0.0,0.0,0.7118333333333333,0.0,-0.0,74.2,0.03333333333333499,251,9,2019,342
2020-09-08,0.0,2.1,0,0.0,19.6,27.2,23.208333333333332,10.0,5.166666666666667,1.8337612727581032,-4.602922482236683,83.95833333333333,228.58333333333334,600.0,53.791666666666664,1018.0749999999999,1016.2,20.129166666666666,18.9,,,,163.19283757239475,0.8814780198195356,0.0,0.0,0.0,0.0,0.0,0.0,,0.16666666666666666,0,0,0.0,0.0,0.0,0.0,0.0,0.0,711.0600000000001,4.274999999999864,1.1875,2.1863095238094274,0.0,,,3.0791666666666657,0.7000000000000028,0.28915146722809065,-0.9572833587814229,0.28915146722809065,-0.9572833587814229,1.539595401919824,-3.864537000711215,135.0,143.0,,,0.0,6,0.0,0.0,0.7655833333333333,0.0,-0.0,31.0,0.6416666666666657,252,9,2019,343
2020-09-09,0.0,16.3,0,0.0,18.4,26.4,22.141666666666666,8.2,3.995833333333333,1.3662218762934062,-3.008011989439726,86.33333333333333,189.91666666666666,600.0,65.29166666666667,1016.8291666666668,1014.1,19.570833333333333,17.8,,,,174.26398599014692,0.6571836885971182,0.0,0.0,0.0,0.0,0.0,0.0,,0.08333333333333333,0,0,0.0,0.0,0.0,0.0,0.0,0.0,711.0600000000001,-1.2458333333331666,1.5791666666667652,0.7654761904763063,0.0,,,2.570833333333333,0.5999999999999979,0.09994518524502172,-0.9949929446716385,0.09994518524502172,-0.9949929446716385,1.1795048865333073,-2.59691701754963,136.0,144.0,,,0.0,6,0.0,0.0,0.7477222222222221,0.0,-0.0,23.974999999999998,-1.0666666666666664,253,9,2019,344
2020-09-10,0.0,18.6,0,0.0,19.3,23.2,20.845833333333335,8.2,4.954166666666667,3.0604131024539627,-3.4232975393037575,93.58333333333333,131.20833333333334,600.0,85.95833333333333,1014.4583333333334,1013.4,19.720833333333335,18.7,,,,136.338389687604,0.888746996917426,0.0,0.0,0.0,0.0,0.0,0.0,,0.0,0,0,0.0,0.0,0.0,0.0,0.0,0.0,711.0600000000001,-2.370833333333394,0.658333333333303,-1.7428571428570194,0.0,,,1.125,0.6000000000000014,0.6903978489238748,-0.7234298930796864,0.6903978489238748,-0.7234298930796864,2.8640365950465,-3.203635947198433,137.0,145.0,,,0.0,6,0.0,0.0,0.7327499999999999,0.0,-0.0,29.725,-1.2958333333333307,254,9,2019,345
2020-09-11,0.0,16.2,0,0.0,19.3,26.1,21.983333333333334,5.3,2.9416666666666664,1.4164664457498157,-1.451068488829602,91.95833333333333,188.125,600.0,94.95833333333333,1018.0541666666667,1016.3,20.504166666666666,19.0,,,,134.8993078173704,0.4481921362553223,0.0,0.0,0.0,0.0,0.0,0.0,,0.0,0,0,0.0,0.0,0.0,0.0,0.0,0.0,711.0600000000001,3.595833333333303,-0.020833333333257542,1.86071428571438,0.0,,,1.4791666666666679,0.3000000000000007,0.7083483652126347,-0.7058630132685718,0.7083483652126347,-0.7058630132685718,1.3025589357374345,-1.3343783978528883,138.0,146.0,,,0.0,6,0.0,0.0,0.7652777777777778,0.0,-0.0,17.65,1.1374999999999993,255,9,2019,346
2020-09-12,0.0,2.2,0,0.0,19.1,25.8,21.84583333333333,11.8,6.554166666666666,1.7242019035018854,-5.914813804524244,91.95833333333333,208.08333333333334,600.0,84.0,1016.4125,1014.2,20.349999999999998,19.0,,,,169.23675588039998,0.9288884761295275,0.0,0.0,0.0,0.0,0.0,0.0,,0.0,0,0,0.0,0.0,0.0,0.0,0.0,0.0,711.0600000000001,-1.6416666666666515,-0.41666666666674246,0.2869047619047933,0.0,,,1.4958333333333336,0.10000000000000142,0.18675112786521422,-0.9824072557962255,0.18675112786521422,-0.9824072557962255,1.5855473337619421,-5.43916419441042,139.0,147.0,,,0.0,6,0.0,0.0,0.7785833333333333,0.0,-0.0,39.324999999999996,-0.13750000000000284,256,9,2019,347
2020-09-13,0.0,10.6,0,0.0,19.5,23.8,21.52916666666667,6.2,3.3791666666666664,0.2225669212194543,-3.062524121191309,98.25,83.83333333333333,355.0,95.54166666666667,1012.8125,1011.1,21.245833333333334,19.4,,,,184.6857023610914,0.821234192406349,0.0,0.0,0.0,0.0,0.0,0.0,,0.0,0,0,0.0,0.0,0.0,0.0,0.0,0.0,711.0600000000001,-3.6000000000000227,-1.6458333333333712,-2.964880952380895,0.0,,,0.283333333333335,0.10000000000000142,-0.08168980431665655,-0.9966578027942722,-0.08168980431665655,-0.9966578027942722,0.21867200009811383,-3.008929949070461,140.0,148.0,,,0.0,6,0.0,0.0,0.7167222222222223,0.0,-0.0,20.275,-0.3166666666666629,257,9,2019,348
2020-09-14,0.0,4.6,0,0.0,17.5,24.1,20.391666666666666,5.4,2.5416666666666665,-1.0679995872565033,0.18367818439249614,86.33333333333333,220.75,600.0,52.0,1013.1791666666667,1011.4,17.783333333333335,15.9,,,,286.66062030721605,0.3343136880687548,0.0,0.0,0.0,0.0,0.0,0.0,,0.16666666666666666,0,0,0.0,0.0,0.0,0.0,0.0,0.0,711.0600000000001,0.36666666666667425,-4.875,-2.5095238095237846,0.0,,,2.6083333333333307,1.5999999999999996,-0.9580197730051598,0.2867021355538569,-0.9580197730051598,0.2867021355538569,-0.9220396436647812,0.15857549919218833,141.0,149.0,,,0.0,6,0.0,0.0,0.7682777777777777,0.0,-0.0,15.25,-1.1375000000000028,258,9,2019,349
2020-09-15,0.0,4.5,0,0.0,17.0,22.3,18.870833333333334,6.9,3.0583333333333336,1.6473161287686235,-0.5105323736715793,91.91666666666667,157.875,600.0,86.91666666666667,1015.6958333333333,1014.4,17.39166666666667,16.6,,,,89.7231182243854,0.3607801317459847,0.0,0.0,0.0,0.0,0.0,0.0,,0.0,0,0,0.0,0.0,0.0,0.0,0.0,0.0,711.0600000000001,2.5166666666666515,-0.716666666666697,0.3470238095237619,0.0,,,1.4791666666666643,0.3999999999999986,0.9999883235012517,0.004832479814340243,0.9999883235012517,0.004832479814340243,1.5141580750264934,-0.46926434013312673,142.0,150.0,,,0.0,6,0.0,0.0,0.7449722222222223,0.0,-0.0,18.35,-1.5208333333333321,259,9,2019,350
2020-09-16,0.0,0.30000000000000004,0,0.0,15.4,23.7,18.8625,6.9,3.7291666666666665,0.7483794799047659,-2.6477070881338407,86.625,167.125,600.0,65.33333333333333,1015.65,1013.9,16.4375,14.8,,,,176.33458942110428,0.6246909175705467,0.0,0.0,0.0,0.0,0.0,0.0,,0.041666666666666664,0,0,0.0,0.0,0.0,0.0,0.0,0.0,711.0600000000001,-0.04583333333334849,2.8374999999999773,0.46964285714284415,0.0,,,2.4250000000000007,0.5999999999999996,0.06392985558519011,-0.9979543945315621,0.06392985558519011,-0.9979543945315621,0.6482837244675035,-2.2935762650959397,143.0,151.0,,,0.0,6,0.0,0.0,0.7334999999999999,0.0,-0.0,22.375,-0.00833333333333286,260,9,2019,351
2020-09-17,0.0,10.1,0,0.0,17.0,24.5,20.591666666666665,6.6,3.6,0.6924134748745971,-2.7752219371274482,92.625,121.79166666666667,530.0,94.83333333333333,1014.0833333333334,1012.4,19.279166666666665,16.7,,,,173.59444028745546,0.6981361272796127,0.0,0.0,0.0,0.0,0.0,0.0,,0.0,0,0,0.0,0.0,0.0,0.0,0.0,0.0,711.0600000000001,-1.566666666666606,0.904166666666697,-1.0434523809524308,0.0,,,1.3125,0.3000000000000007,0.11156536223898592,-0.9937570980619378,0.11156536223898592,-0.9937570980619378,0.6413479811025957,-2.570549319264299,144.0,152.0,,,0.0,6,0.0,0.0,0.7232777777777777,0.0,-0.0,21.6,1.7291666666666643,261,9,2019,352
2020-09-18,0.0,28.7,0,0.0,19.0,24.2,20.770833333333332,5.4,3.2916666666666665,0.19299510118545182,-0.06305028314086976,98.54166666666667,70.16666666666667,486.0,96.54166666666667,1011.4499999999999,1009.6,20.537499999999998,18.9,,,,356.7086734169203,0.16063537737161007,0.0,0.0,0.0,0.0,0.0,0.0,,0.0,0,0,0.0,0.0,0.0,0.0,0.0,0.0,711.0600000000001,-2.6333333333334394,-4.245833333333394,-2.733333333333462,0.0,,,0.23333333333333428,0.10000000000000142,-0.05741289763319881,0.9983505191992239,-0.05741289763319881,0.9983505191992239,0.190180589293164,-0.06213079984506541,145.0,153.0,,,0.0,6,0.0,0.0,0.7085833333333333,0.0,-0.0,19.75,0.17916666666666714,262,9,2019,353
2020-09-19,0.0,0.6000000000000001,0,0.0,15.2,21.8,18.579166666666666,5.0,2.5,-1.584009810069853,0.8963127243692269,86.04166666666667,175.58333333333334,589.0,80.66666666666667,1014.8041666666667,1013.4,16.054166666666667,13.8,,,,301.94759145247485,0.7175914251047314,0.0,0.0,0.0,0.0,0.0,0.0,,0.0,0,0,0.0,0.0,0.0,0.0,0.0,0.0,711.0600000000001,3.3541666666667425,-0.845833333333303,0.8505952380952522,0.0,,,2.5249999999999986,1.3999999999999986,-0.8485324593741708,0.5291433316110308,-0.8485324593741708,0.5291433316110308,-1.3629084407476029,0.771202406592689,146.0,154.0,,,0.0,6,0.0,0.0,0.7371944444444445,0.0,-0.0,15.0,-2.1916666666666664,263,9,2019,354
2020-09-20,0.0,0.6000000000000001,0,0.0,14.8,20.9,16.908333333333335,4.9,3.0541666666666667,-0.25553761874259917,-0.7352425242711073,78.375,153.75,600.0,94.16666666666667,1015.8874999999999,1013.7,12.929166666666667,10.7,,,,199.63410055043087,0.33519096989345243,0.0,0.0,0.0,0.0,0.0,0.0,,0.0,0,0,0.0,0.0,0.0,0.0,0.0,0.0,711.0600000000001,1.0833333333332575,1.8041666666665606,1.4946428571428214,0.0,,,3.979166666666668,4.100000000000001,-0.33601219170133645,-0.9418576362848391,-0.33601219170133645,-0.9418576362848391,-0.20027760868951208,-0.5762463283974804,147.0,155.0,,,0.0,6,0.0,0.0,0.6970833333333334,0.0,-0.0,18.325,-1.6708333333333307,264,9,2019,355
2020-09-21,0.0,1.3,0,0.0,13.0,21.0,16.6125,4.8,3.0,0.7782569713667628,1.032957828193998,85.45833333333333,175.08333333333334,600.0,84.25,1016.9916666666667,1015.2,13.9375,12.5,,,,24.41334047548512,0.4357985514337815,0.0,0.0,0.0,0.0,0.0,0.0,,0.0,0,0,0.0,0.0,0.0,0.0,0.0,0.0,711.0600000000001,1.1041666666667425,5.5416666666667425,2.0541666666666742,0.0,,,2.6750000000000007,0.5,0.4133164578563898,0.9105874508607327,0.4133164578563898,0.9105874508607327,0.6650854367805127,0.8827485440107874,148.0,156.0,,,0.0,6,0.0,0.0,0.7349166666666666,0.0,-0.0,18.0,-0.2958333333333343,265,9,2019,356
2020-09-22,0.0,1.4,0,0.0,14.8,21.0,17.2,8.1,4.733333333333333,2.7630409895523993,-3.5565868616582583,87.29166666666667,134.5,523.0,97.20833333333333,1018.9375,1017.3,14.945833333333333,13.7,,,,140.37585808047422,0.958112153643629,0.0,0.0,0.0,0.0,0.0,0.0,,0.0,0,0,0.0,0.0,0.0,0.0,0.0,0.0,711.0600000000001,1.9458333333333258,4.133333333333326,3.5369047619047933,0.0,,,2.2541666666666664,1.1000000000000014,0.637748593519872,-0.7702445919728519,0.637748593519872,-0.7702445919728519,2.4119045304634485,-3.104603947989188,149.0,157.0,,,0.0,6,0.0,0.0,0.7139722222222223,0.0,-0.0,28.4,0.5874999999999986,266,9,2019,357
2020-09-23,0.0,1.4,0,0.0,15.0,21.2,17.45,12.6,7.608333333333333,1.1131492030974721,-7.149605161798537,88.83333333333333,200.0,600.0,82.33333333333333,1016.8458333333333,1015.0,15.504166666666668,14.2,,,,176.72273733372697,0.9514634000419631,0.0,0.0,0.0,0.0,0.0,0.0,,0.0,0,0,0.0,0.0,0.0,0.0,0.0,0.0,711.0600000000001,-2.091666666666697,0.9583333333333712,1.2744047619047478,0.0,,,1.945833333333331,0.8000000000000007,0.05716783913633809,-0.9983645817878766,0.05716783913633809,-0.9983645817878766,0.988847542084921,-6.3512325853977,150.0,158.0,,,0.0,6,0.0,0.0,0.7627777777777777,0.0,-0.0,45.65,0.25,267,9,2019,358
2020-09-24,0.0,0.5,0,0.0,14.3,20.0,16.775000000000002,9.9,6.6375,0.9692471657012957,-6.172931680255199,85.5,188.41666666666666,600.0,74.08333333333333,1015.7375000000001,1013.9,14.112499999999999,11.7,,,,174.75587437469542,0.9390208644973682,0.0,0.0,0.0,0.0,0.0,0.0,,0.041666666666666664,0,0,0.0,0.0,0.0,0.0,0.0,0.0,711.0600000000001,-1.1083333333332348,-1.254166666666606,-0.07023809523798263,0.0,,,2.662500000000003,2.6000000000000014,0.09139952111167113,-0.9958143037437036,0.09139952111167113,-0.9958143037437036,0.8287063266746079,-5.277856586618196,151.0,159.0,,,0.0,6,0.0,0.0,0.7439444444444444,0.0,-0.0,39.825,-0.6749999999999972,268,9,2019,359
2020-09-25,0.0,48.6,0,0.0,15.1,19.0,16.7375,10.8,5.629166666666666,1.1085224751207465,-4.941467011341014,96.25,27.5,127.0,97.66666666666667,1009.5625,1004.9,16.116666666666667,14.7,,,,169.89685672561703,0.7483943390923388,0.0,0.0,0.0,0.0,0.0,0.0,,0.0,0,0,0.0,0.0,0.0,0.0,0.0,0.0,711.0600000000001,-6.175000000000068,-9.375,-5.975595238095252,0.0,,,0.6208333333333336,0.40000000000000036,0.17542073615224027,-0.9844935577888796,0.17542073615224027,-0.9844935577888796,1.0669528823037187,-4.756161998415726,152.0,160.0,,,0.0,6,0.0,0.0,0.6725,0.0,-0.0,33.775,-0.03750000000000142,269,9,2019,360
2020-09-26,0.0,6.7,0,0.0,15.5,22.8,18.925,5.2,2.7916666666666665,-1.0331446648374987,-0.7693630519404803,89.70833333333333,136.79166666666666,489.0,83.04166666666667,1008.2458333333334,1005.7,17.116666666666667,15.2,,,,236.53061641085728,0.3217683685865871,0.0,0.0,0.0,0.0,0.0,0.0,,0.041666666666666664,0,0,0.0,0.0,0.0,0.0,0.0,0.0,711.0600000000001,-1.316666666666606,-8.599999999999909,-6.355357142857088,0.0,,,1.8083333333333336,0.3000000000000007,-0.8341806344882914,-0.5514913136620663,-0.8341806344882914,-0.5514913136620663,-0.9268168597479728,-0.6901827711782725,153.0,161.0,,,0.0,6,0.0,0.0,0.7235555555555555,0.0,-0.0,16.75,2.1875,270,9,2019,361
2020-09-27,0.0,5.5,0,0.0,12.9,19.7,16.254166666666666,6.6,4.679166666666666,-2.0891486372077153,3.9452935285736976,89.375,164.45833333333334,600.0,60.75,1011.9875000000001,1010.6,14.4625,11.9,,,,331.3425328927742,0.9434778893494594,0.0,0.0,0.0,0.0,0.0,0.0,,0.20833333333333334,0,0,0.0,0.0,0.0,0.0,0.0,0.0,711.0600000000001,3.7416666666666742,-3.75,-2.056547619047592,0.0,,,1.791666666666666,1.0,-0.47957222536233046,0.8775024106297499,-0.47957222536233046,0.8775024106297499,-1.8671765945043957,3.5261060911627427,154.0,162.0,,,0.0,6,0.0,0.0,0.740888888888889,0.0,-0.0,28.074999999999996,-2.6708333333333343,271,9,2019,362
2020-09-28,0.0,0.7000000000000001,0,0.0,11.5,19.6,15.020833333333334,11.2,5.208333333333333,0.9081974474537696,2.351114812951717,85.5,200.0,600.0,48.5,1015.4916666666667,1013.7,12.429166666666667,10.5,,,,36.748277147617316,0.3944603522087912,0.0,0.0,0.0,0.0,0.0,0.0,,0.16666666666666666,0,0,0.0,0.0,0.0,0.0,0.0,0.0,711.0600000000001,3.504166666666606,5.929166666666674,1.6619047619047933,0.0,,,2.591666666666667,1.0,0.5983005070414319,0.8012718036184511,0.5983005070414319,0.8012718036184511,0.776508817572973,2.010203165073718,155.0,163.0,,,0.0,6,0.0,0.0,0.7516666666666666,0.0,-0.0,31.25,-1.2333333333333325,272,9,2019,363
2020-09-29,0.0,0.0,0,0.0,10.9,21.0,15.700000000000001,6.0,3.5875,1.2494613189061925,-1.4849907283384927,86.45833333333333,182.70833333333334,600.0,97.04166666666667,1012.4916666666667,1009.6,13.245833333333332,10.9,,,,163.01375858519484,0.397908909220088,0.0,0.0,0.0,0.0,0.0,0.0,,0.0,0,0,0.0,0.0,0.0,0.0,0.0,0.0,711.0600000000001,-3.0,4.24583333333328,-0.4172619047619719,0.0,,,2.4541666666666693,0.0,0.2921420563363501,-0.9563749363714886,0.2921420563363501,-0.9563749363714886,1.080263431970979,-1.2838982338759883,156.0,164.0,,,0.0,6,0.0,0.0,0.7433333333333333,0.0,-0.0,21.525,0.6791666666666671,273,9,2019,364
2020-09-30,0.0,3.1,0,0.0,10.4,21.9,15.804166666666667,4.8,2.795833333333333,0.6614390582711914,-0.1469061914579036,86.54166666666667,187.75,600.0,77.0,1008.6916666666666,1005.9,13.304166666666667,9.8,,,,84.80161910270448,0.10243403886001494,0.0,0.0,0.0,0.0,0.0,0.0,,0.0,0,0,0.0,0.0,0.0,0.0,0.0,0.0,711.0600000000001,-3.800000000000068,-3.295833333333462,-3.0523809523810996,0.0,,,2.5,0.5999999999999996,0.9958869593747949,0.09060443778990956,0.9958869593747949,0.09060443778990956,0.5724203850121936,-0.12713506652419407,157.0,165.0,,,0.0,6,0.0,0.0,0.7469722222222223,0.0,-0.0,16.775,0.10416666666666607,274,9,2019,365
2020-10-01,0.0,8.9,0,0.0,12.9,18.6,15.0875,6.6,3.595833333333333,-0.5343009343516112,1.8919427887765925,94.45833333333333,109.29166666666667,493.0,82.66666666666667,1012.3125,1010.1,14.183333333333332,12.6,,,,329.1817287829264,0.39145198122420083,0.0,0.0,0.0,0.0,0.0,0.0,,0.0,0,0,0.0,0.0,0.0,0.0,0.0,0.0,0.0,0.0,0.0,0.0,0.0,,,0.9041666666666686,0.3000000000000007,-0.5123167550397445,0.8587965664262674,-0.5123167550397445,0.8587965664262674,-0.5046917575729594,1.7870976258985563,158.0,166.0,,,0.0,0,0.0,0.0,0.7210555555555556,0.0,-0.0,0.0,-0.7166666666666668,275,10,2020,0
2020-10-02,0.0,0.0,0,0.0,8.7,21.4,15.666666666666666,5.5,2.9791666666666665,-0.19492508706191838,-1.3051762598955412,79.625,234.20833333333334,600.0,15.0,1017.4958333333334,1016.3,11.862499999999999,7.2,,,,201.5416452705305,0.3509927658643017,0.0,0.0,0.0,0.0,0.0,0.0,,0.7083333333333334,0,0,0.0,0.0,0.0,0.0,0.0,0.0,0.0,5.183333333333394,0.0,2.591666666666697,0.0,,,3.804166666666667,1.4999999999999991,-0.3671774011527381,-0.9301509318829505,-0.3671774011527381,-0.9301509318829505,-0.1552091005730525,-1.0392465969418248,159.0,167.0,,,0.0,1,0.0,0.0,0.7548888888888889,0.0,-0.0,2.9791666666666665,0.5791666666666657,276,10,2020,1
2020-10-03,0.0,0.0,0,0.0,11.7,18.8,15.637500000000001,5.4,3.0666666666666664,-0.6593674630833117,-1.915231704871422,83.20833333333333,78.375,310.0,77.125,1018.6583333333333,1017.2,12.737499999999999,11.2,,,,192.8398046184222,0.5570987564496838,0.0,0.0,0.0,0.0,0.0,0.0,,0.08333333333333333,0,0,0.0,0.0,0.0,0.0,0.0,0.0,0.0,1.162499999999909,0.0,2.5027777777777374,0.0,,,2.900000000000002,0.5,-0.22222590146850676,-0.9749952044582114,-0.22222590146850676,-0.9749952044582114,-0.5486486765739056,-1.5936323810950954,160.0,168.0,,,0.0,2,0.0,0.0,0.6629444444444444,0.0,-0.0,6.133333333333333,-0.02916666666666501,277,10,2020,2
2020-10-04,0.0,1.0,0,0.0,11.6,18.4,15.504166666666668,4.4,2.6916666666666664,0.3323594671440538,-1.8539519792358599,87.20833333333333,62.041666666666664,303.0,96.20833333333333,1014.0749999999999,1010.6,13.333333333333334,10.2,,,,171.5550336219676,0.6670259269485543,0.0,0.0,0.0,0.0,0.0,0.0,,0.0,0,0,0.0,0.0,0.0,0.0,0.0,0.0,0.0,-4.583333333333371,1.7624999999999318,-1.560416666666697,0.0,,,2.1708333333333343,1.4000000000000004,0.14685937564885665,-0.9891573806953209,0.14685937564885665,-0.9891573806953209,0.2898451519718769,-1.6168006218919393,161.0,169.0,,,0.0,3,0.0,0.0,0.6653888888888889,0.0,-0.0,8.075,-0.13333333333333286,278,10,2020,3
2020-10-05,0.0,7.800000000000001,0,0.0,9.7,18.2,14.970833333333333,7.4,4.045833333333333,-1.9753090986726267,1.7556219543750855,93.04166666666667,93.08333333333333,370.0,75.79166666666667,1010.0208333333334,1008.0,13.816666666666668,8.4,,,,307.95548765667746,0.5465627320949356,0.0,0.0,0.0,0.0,0.0,0.0,,0.0,0,0,0.0,0.0,0.0,0.0,0.0,0.0,0.0,-4.054166666666561,-7.475000000000023,-4.491666666666674,0.0,,,1.154166666666665,1.299999999999999,-0.7884888151203955,0.6150490943250261,-0.7884888151203955,0.6150490943250261,-1.8378605072233234,1.633459926716486,162.0,170.0,,,0.0,4,0.0,0.0,0.7055277777777778,0.0,-0.0,16.183333333333334,-0.533333333333335,279,10,2020,4
2020-10-06,0.0,1.4000000000000001,0,0.0,9.4,16.9,12.691666666666668,6.6,4.179166666666666,-0.8376480380518766,3.4290546731531637,81.79166666666667,144.875,586.0,83.70833333333333,1018.1708333333332,1015.2,9.458333333333334,7.9,,,,354.0787011156074,0.8007330553362374,0.0,0.0,0.0,0.0,0.0,0.0,,0.0,0,0,0.0,0.0,0.0,0.0,0.0,0.0,0.0,8.149999999999864,-0.4875000000000682,3.048611111110972,0.0,,,3.2333333333333343,1.5,-0.10316229618429344,0.9946645367388867,-0.10316229618429344,0.9946645367388867,-0.6851262911232641,2.804680968083192,163.0,171.0,,,0.0,5,0.0,0.0,0.7025555555555556,0.0,-0.0,20.895833333333332,-2.279166666666665,280,10,2020,5
2020-10-07,0.0,3.8,0,0.0,10.8,16.0,12.758333333333333,7.2,3.85,3.175990541425191,-0.6337521503846241,89.375,108.45833333333333,427.0,95.375,1025.1000000000001,1023.5,10.970833333333333,9.8,,,,87.70788742276514,0.7762033125320658,0.0,0.0,0.0,0.0,0.0,0.0,,0.0,0,0,0.0,0.0,0.0,0.0,0.0,0.0,0.0,6.929166666666902,11.025000000000205,8.552380952380986,0.0,,,1.7874999999999996,1.0,0.9991999102493453,0.03999424155675766,0.9991999102493453,0.03999424155675766,2.8385415463987647,-0.5664159844062577,164.0,172.0,,,0.0,6,0.0,0.0,0.7035555555555556,0.0,-0.0,23.1,0.06666666666666465,281,10,2020,6
2020-10-08,0.0,25.099999999999998,0,0.0,10.3,11.9,11.104166666666666,6.4,3.375,2.134562621714541,-2.191186204272242,96.08333333333333,22.416666666666668,83.0,99.0,1026.3500000000001,1025.3,10.495833333333334,8.6,,,,129.5094584020794,0.833968036388857,0.0,0.0,0.0,0.0,0.0,0.0,,0.0,0,0,0.0,0.0,0.0,0.0,0.0,0.0,0.0,1.25,16.329166666666765,7.797023809523921,0.0,,,0.6083333333333325,1.700000000000001,0.7715195689173576,-0.6362055915956528,0.7715195689173576,-0.6362055915956528,2.0509589190307214,-2.105364744604912,165.0,173.0,,,0.0,6,0.0,0.0,0.5996666666666667,0.0,-0.0,20.25,-1.6541666666666668,282,10,2020,7
2020-10-09,0.0,0.30000000000000004,0,0.0,10.5,12.8,11.316666666666668,9.3,5.995833333333334,0.3515317341868503,-5.59364048114005,94.66666666666667,51.0,219.0,100.0,1026.1291666666666,1024.0,10.479166666666666,8.5,,,,180.91449358910444,0.8954996090358399,0.0,0.0,0.0,0.0,0.0,0.0,,0.0,0,0,0.0,0.0,0.0,0.0,0.0,0.0,0.0,-0.2208333333335304,7.958333333333371,6.342857142857042,0.0,,,0.8375000000000021,2.0,-0.015960246449725303,-0.9998726271547111,-0.015960246449725303,-0.9998726271547111,0.3327833750302183,-5.29531298881258,166.0,174.0,,,0.0,6,0.0,0.0,0.634,0.0,-0.0,35.975,0.21250000000000213,283,10,2020,8
2020-10-10,0.0,15.900000000000002,0,0.0,11.1,16.1,13.466666666666667,11.8,6.654166666666666,-1.1785865917000897,-6.070943640387629,94.5,65.20833333333333,282.0,85.20833333333333,1019.0083333333333,1016.0,12.579166666666666,10.2,,,,196.55854269116276,0.9279108653099464,0.0,0.0,0.0,0.0,0.0,0.0,,0.125,0,0,0.0,0.0,0.0,0.0,0.0,0.0,0.0,-7.12083333333328,-6.091666666666811,-0.827976190476079,0.0,,,0.8875000000000011,0.9000000000000004,-0.28499488253190947,-0.9585290381259314,-0.28499488253190947,-0.9585290381259314,-1.1137643291565849,-5.73704174016631,167.0,175.0,,,0.0,6,0.0,0.0,0.6918055555555555,0.0,-0.0,39.925,2.1499999999999986,284,10,2020,9
2020-10-11,0.0,0.1,0,0.0,11.8,21.5,16.933333333333334,10.0,6.479166666666667,0.37183513278009417,-5.3961236719388985,84.70833333333333,199.66666666666666,600.0,32.0,1013.75,1011.9,14.225,10.4,,,,183.4994388019328,0.8153645522611092,0.0,0.0,0.0,0.0,0.0,0.0,,0.375,0,0,0.0,0.0,0.0,0.0,0.0,0.0,0.0,-5.258333333333326,-12.600000000000136,-6.0398809523809405,0.0,,,2.708333333333334,1.4000000000000004,-0.061038763047090626,-0.9981353963294164,-0.061038763047090626,-0.9981353963294164,0.31497534372580477,-4.570966427104908,168.0,176.0,,,0.0,6,0.0,0.0,0.7488055555555556,0.0,-0.0,38.875,3.466666666666667,285,10,2020,10
2020-10-12,0.0,5.6,0,0.0,15.5,21.9,17.795833333333334,8.2,4.675,0.6867868438504489,-0.7021280268229774,91.625,144.79166666666666,600.0,89.70833333333333,1012.6666666666666,1010.4,16.320833333333333,15.4,,,,140.63087096319006,0.10069494093553216,0.0,0.0,0.0,0.0,0.0,0.0,,0.0,0,0,0.0,0.0,0.0,0.0,0.0,0.0,0.0,-1.0833333333333712,-13.462499999999977,-7.5011904761905726,0.0,,,1.4750000000000014,0.09999999999999964,0.6343140722780898,-0.7730754540858132,0.6343140722780898,-0.7730754540858132,0.6292684456779738,-0.643324804576553,169.0,177.0,,,0.0,6,0.0,0.0,0.7352777777777778,0.0,-0.0,28.049999999999997,0.8625000000000007,286,10,2020,11
2020-10-13,0.0,3.1,0,0.0,14.1,18.7,16.1875,6.6,4.491666666666666,-0.0738502071735601,4.270731869402563,91.125,109.375,412.0,85.54166666666667,1015.3458333333333,1012.6,14.7125,13.2,,,,0.7392376921918865,0.9498681556469827,0.0,0.0,0.0,0.0,0.0,0.0,,0.0,0,0,0.0,0.0,0.0,0.0,0.0,0.0,0.0,2.6791666666666742,-3.6625000000000227,-4.418452380952431,0.0,,,1.4749999999999996,0.9000000000000004,0.012901773727676123,0.9999167686536115,0.012901773727676123,0.9999167686536115,-0.06729600128690665,3.8917044159930856,170.0,178.0,,,0.0,6,0.0,0.0,0.71,0.0,-0.0,26.949999999999996,-1.6083333333333343,287,10,2020,12
2020-10-14,0.0,0.30000000000000004,0,0.0,12.0,19.2,14.612499999999999,4.9,2.7875,-0.40100552851270804,2.6745992578754447,82.875,169.20833333333334,600.0,58.458333333333336,1019.3000000000001,1017.6,11.424999999999999,9.6,,,,350.5809197398661,0.965215012487737,0.0,0.0,0.0,0.0,0.0,0.0,,0.08333333333333333,0,0,0.0,0.0,0.0,0.0,0.0,0.0,0.0,3.954166666666765,5.550000000000068,0.3642857142858702,0.0,,,3.1875,2.4000000000000004,-0.16365449489117018,0.9865177171758832,-0.16365449489117018,0.9865177171758832,-0.33233333175490676,2.216574134964275,171.0,179.0,,,0.0,6,0.0,0.0,0.7223888888888889,0.0,-0.0,16.725,-1.575000000000001,288,10,2020,13
2020-10-15,0.0,1.5,0,0.0,6.3,13.8,10.9125,8.4,6.075,-0.21249714428147093,5.918697785720007,87.08333333333333,84.08333333333333,379.0,84.16666666666667,1022.4666666666667,1020.7,8.825000000000001,3.6,,,,357.459794460118,0.9668467986811115,0.0,0.0,0.0,0.0,0.0,0.0,,0.0,0,0,0.0,0.0,0.0,0.0,0.0,0.0,0.0,3.1666666666666288,9.800000000000068,4.085714285714289,0.0,,,2.0874999999999986,2.6999999999999997,-0.04432042773593597,0.9990173670589034,-0.04432042773593597,0.9990173670589034,-0.1850495964784476,5.154199321731173,172.0,180.0,,,0.0,6,0.0,0.0,0.653,0.0,-0.0,36.45,-3.6999999999999993,289,10,2020,14
2020-10-16,0.0,0.5,0,0.0,5.1,16.1,11.004166666666668,5.7,3.1333333333333333,1.8179668804563327,0.029727121001413514,74.45833333333333,190.0,600.0,63.541666666666664,1021.5666666666666,1018.6,6.404166666666666,1.7,,,,83.86387465035665,0.5386009621246955,0.0,0.0,0.0,0.0,0.0,0.0,,0.16666666666666666,0,0,0.0,0.0,0.0,0.0,0.0,0.0,0.0,-0.900000000000091,6.220833333333303,3.8374999999998636,0.0,,,4.600000000000002,3.3999999999999995,0.9942707463281192,0.10689098650552781,0.9942707463281192,0.10689098650552781,1.3536278397397776,0.02213431884563581,173.0,181.0,,,0.0,6,0.0,0.0,0.7081944444444445,0.0,-0.0,18.8,0.09166666666666856,290,10,2020,15
2020-10-17,0.0,8.8,0,0.0,8.7,10.7,9.65,4.4,2.1999999999999997,0.9555944719722284,-0.838676965249722,95.45833333333333,33.458333333333336,132.0,87.125,1022.0791666666668,1020.9,8.945833333333333,6.9,,,,114.61207006965037,0.5350278505693704,0.0,0.0,0.0,0.0,0.0,0.0,,0.125,0,0,0.0,0.0,0.0,0.0,0.0,0.0,0.0,0.5125000000001592,2.779166666666697,3.911309523809564,0.0,,,0.7041666666666675,1.799999999999999,0.9091483941381461,-0.41647232493411884,0.9091483941381461,-0.41647232493411884,0.9121945563701562,-0.8005870530779637,174.0,182.0,,,0.0,6,0.0,0.0,0.5782777777777778,0.0,-0.0,13.2,-1.3541666666666679,291,10,2020,16
2020-10-18,0.0,0.0,0,0.0,4.7,14.2,9.816666666666666,5.6,3.029166666666667,-0.6511396507558932,-0.5972924989132683,82.08333333333333,123.29166666666667,437.0,53.166666666666664,1022.2083333333334,1020.7,6.754166666666666,2.9,,,,263.0649640275675,0.30264966963675694,0.0,0.0,0.0,0.0,0.0,0.0,,0.16666666666666666,0,0,0.0,0.0,0.0,0.0,0.0,0.0,0.0,0.12916666666660603,-0.25833333333332575,2.8321428571427987,0.0,,,3.0625,1.8000000000000003,-0.9926836934811697,-0.1207438805761313,-0.9926836934811697,-0.1207438805761313,-0.5344771299954624,-0.49027759285797434,175.0,183.0,,,0.0,6,0.0,0.0,0.6713611111111111,0.0,-0.0,18.175,0.16666666666666607,292,10,2020,17
2020-10-19,0.0,0.0,0,0.0,5.7,12.7,10.4125,4.1,2.4458333333333333,-0.4026615963681121,-0.7034443617556478,79.45833333333333,59.375,217.0,90.54166666666667,1023.5416666666666,1022.4,6.879166666666666,4.4,,,,227.12207431076203,0.2788587993697433,0.0,0.0,0.0,0.0,0.0,0.0,,0.041666666666666664,0,0,0.0,0.0,0.0,0.0,0.0,0.0,0.0,1.3333333333332575,1.9750000000000227,2.611904761904725,0.0,,,3.533333333333333,1.2999999999999998,-0.732805105337029,-0.6804385920801272,-0.732805105337029,-0.6804385920801272,-0.3199481934474957,-0.5589451657783419,176.0,184.0,,,0.0,6,0.0,0.0,0.5866666666666666,0.0,-0.0,14.675,0.5958333333333332,293,10,2020,18
2020-10-20,0.0,0.0,0,0.0,5.5,15.8,10.704166666666666,5.9,3.658333333333333,1.3122470467139458,1.0519968626703573,73.16666666666667,184.75,600.0,19.166666666666668,1026.1541666666667,1024.7,5.8125,2.8,,,,41.35330512140876,0.345332852950032,0.0,0.0,0.0,0.0,0.0,0.0,,0.625,0,0,0.0,0.0,0.0,0.0,0.0,0.0,0.0,2.612500000000068,4.074999999999932,3.6803571428570194,0.0,,,4.891666666666666,2.7,0.6607003207216308,0.7506497759929954,0.6607003207216308,0.7506497759929954,0.9601274225123704,0.7697110378538115,177.0,185.0,,,0.0,6,0.0,0.0,0.700388888888889,0.0,-0.0,21.95,0.2916666666666661,294,10,2020,19
2020-10-21,0.0,0.0,0,0.0,8.3,15.6,11.191666666666668,10.3,6.154166666666666,2.3344542251314175,-5.302813989963194,74.79166666666667,194.45833333333334,600.0,46.166666666666664,1024.9208333333333,1021.9,6.633333333333333,0.8,,,,160.8719176085885,0.9284325927261199,0.0,0.0,0.0,0.0,0.0,0.0,,0.375,0,0,0.0,0.0,0.0,0.0,0.0,0.0,0.0,-1.2333333333333485,2.7124999999999773,1.644047619047683,0.0,,,4.558333333333335,7.500000000000001,0.3276810076488877,-0.9447884192909064,0.3276810076488877,-0.9447884192909064,1.745977222546206,-3.966062963326639,178.0,186.0,,,0.0,6,0.0,0.0,0.7122777777777779,0.0,-0.0,36.925,0.4875000000000025,295,10,2020,20
2020-10-22,0.0,8.0,0,0.0,8.7,12.8,11.0,5.6,4.345833333333333,1.0653144121239149,-4.110641005243002,92.95833333333333,36.208333333333336,160.0,95.33333333333333,1018.6833333333334,1014.2,9.879166666666666,7.6,,,,165.74916764424825,0.9758121761528014,0.0,0.0,0.0,0.0,0.0,0.0,,0.0,0,0,0.0,0.0,0.0,0.0,0.0,0.0,0.0,-6.2374999999999545,-4.858333333333235,-4.052976190476215,0.0,,,1.1208333333333336,1.0999999999999996,0.24616737335813882,-0.9692273336498278,0.24616737335813882,-0.9692273336498278,0.9902985222701892,-3.8211833677904736,179.0,187.0,,,0.0,6,0.0,0.0,0.6184444444444445,0.0,-0.0,26.075,-0.1916666666666682,296,10,2020,21
2020-10-23,0.0,35.2,0,0.0,8.3,15.1,12.362499999999999,6.7,4.191666666666666,-1.0034033766674388,0.6409882764418061,96.20833333333333,36.375,169.0,90.20833333333333,1006.1208333333334,1002.5,11.783333333333333,8.1,,,,289.0285218841747,0.20887249493193696,0.0,0.0,0.0,0.0,0.0,0.0,,0.0,0,0,0.0,0.0,0.0,0.0,0.0,0.0,0.0,-12.5625,-20.033333333333303,-14.408928571428646,0.0,,,0.5791666666666657,0.20000000000000107,-0.9453563903698566,0.32603879399064656,-0.9453563903698566,0.32603879399064656,-0.9653576653021319,0.6166841376267209,180.0,188.0,,,0.0,6,0.0,0.0,0.6782777777777778,0.0,-0.0,25.15,1.362499999999999,297,10,2020,22
2020-10-24,3.22,15.9,8,0.84,6.1,12.7,8.35,9.1,4.595833333333333,-2.3577400382520506,1.6144092586298553,87.75,141.125,578.0,81.91666666666667,1009.0458333333332,1005.2,6.183333333333334,4.5,,,,310.2803590145353,0.5426908416740902,6.6,2.25,3.4,97.625,-0.13243405592416915,1.3084055671053427,355.5225003789489,0.0,0,8,3.22,3.22,3.22,3.22,3.22,0.0,3.22,2.924999999999841,-15.875000000000114,-9.622023809523967,0.0,,,2.166666666666666,1.5999999999999996,-0.762890004329005,0.6465282989126545,-0.07806759457301013,0.9969480681949207,-2.068916883566174,1.416644124447698,0.0,189.0,1.0,1.0,29.302,0,0.2660021874999999,3.22,0.6688055555555555,7.245,0.0,0.0,-4.012499999999999,298,10,2020,23
2020-10-25,0.14,3.2,1,0.14,4.5,10.6,7.583333333333333,6.2,2.8083333333333336,-1.783340185303959,0.047683300112366205,89.125,105.04166666666667,495.0,77.0,1015.1083333333332,1012.4,5.791666666666667,3.6,,,,270.32071264316744,0.3309333270858474,6.0,2.1,2.1,100.0,1.0815799573111138,1.800051331474436,31.0,0.0,0,1,3.3600000000000003,3.3600000000000003,3.3600000000000003,3.3600000000000003,3.3600000000000003,0.0,3.3600000000000003,6.0625,-3.575000000000159,-2.545238095238119,0.0,,,1.791666666666666,0.8999999999999999,-0.9999843340849317,0.005597462346072246,0.5150380749100542,0.8571673007021123,-1.5894019401521535,0.04249774122514638,0.0,190.0,0.041666666666666664,1.0,0.8680000000000001,1,0.013632499999999999,3.3600000000000003,0.6026666666666666,0.29400000000000004,0.0,2.8083333333333336,-0.7666666666666666,299,10,2020,24
2020-10-26,0.0,0.4,0,0.0,5.1,14.4,9.625,4.1,2.9375,-1.8570006320901067,1.0063443560076708,83.20833333333333,133.875,556.0,76.79166666666667,1018.2333333333332,1015.8,6.6625000000000005,4.7,,,,289.21629663966013,0.7169920021509864,0.0,0.0,0.0,0.0,0.0,0.0,,0.0,0,0,0.14,3.3600000000000003,3.3600000000000003,3.3600000000000003,3.3600000000000003,0.0,3.3600000000000003,3.125,12.11249999999984,1.3380952380952067,0.0,,,2.9624999999999995,0.39999999999999947,-0.944282792491906,0.3291352424212393,-0.944282792491906,0.3291352424212393,-1.5451792759516427,0.8373623662280494,1.0,191.0,0.0,1.0,0.0,2,0.0,1.6800000000000002,0.6866111111111112,0.0,-0.0,5.875,2.041666666666667,300,10,2020,25
2020-10-27,0.0,0.0,0,0.0,2.9,14.4,8.450000000000001,4.8,2.3541666666666665,-0.8116967986055633,0.7949099947428514,82.29166666666667,153.0,586.0,70.29166666666667,1020.6166666666667,1018.1,5.241666666666666,1.6,,,,304.3903140307567,0.3808609109532666,0.0,0.0,0.0,0.0,0.0,0.0,,0.0,0,0,0.0,0.14,3.3600000000000003,3.3600000000000003,3.3600000000000003,0.0,3.3600000000000003,2.3833333333334394,11.57083333333344,4.5125000000000455,0.0,,,3.208333333333335,1.2999999999999998,-0.825208995320225,0.5648275082205052,-0.825208995320225,0.5648275082205052,-0.6679588238524948,0.6541446831738048,2.0,192.0,0.0,0.041666666666666664,0.0,3,0.0,0.04666666666666667,0.6963055555555556,0.0,-0.0,7.0625,-1.174999999999999,301,10,2020,26
2020-10-28,0.0,0.0,0,0.0,3.3,15.5,9.033333333333333,4.7,2.558333333333333,-1.2104275402714813,-1.429858178828189,71.16666666666667,130.58333333333334,579.0,72.33333333333333,1019.5500000000001,1017.7,3.6333333333333333,-0.2,,,,225.21921785932884,0.6777351502486316,0.0,0.0,0.0,0.0,0.0,0.0,,0.16666666666666666,0,0,0.0,0.0,3.3600000000000003,3.3600000000000003,3.3600000000000003,0.0,3.3600000000000003,-1.066666666666606,4.441666666666833,4.213095238095434,0.0,,,5.4,3.5,-0.7098070414451092,-0.7043961697191014,-0.7098070414451092,-0.7043961697191014,-0.8614209328265376,-1.017582403932728,3.0,193.0,,0.0,0.0,4,0.0,0.0,0.657611111111111,0.0,-0.0,10.233333333333333,0.5833333333333321,302,10,2020,27
2020-10-29,0.0,0.8,0,0.0,5.2,11.7,8.454166666666667,9.4,5.595833333333334,-2.5266232073190342,4.654925728521124,83.66666666666667,106.58333333333333,461.0,80.625,1020.1416666666668,1017.7,5.8,2.7,,,,328.89584742606434,0.9135716547515348,0.0,0.0,0.0,0.0,0.0,0.0,,0.0,0,0,0.0,0.0,3.3600000000000003,3.3600000000000003,3.3600000000000003,0.0,3.3600000000000003,0.591666666666697,1.9083333333335304,4.59642857142876,0.0,,,2.6541666666666677,2.5,-0.5165953863982097,0.856229646036672,-0.5165953863982097,0.856229646036672,-2.113941416790259,3.894621192862674,4.0,194.0,,0.0,0.0,5,0.0,0.0,0.6099444444444444,0.0,-0.0,27.97916666666667,-0.5791666666666657,303,10,2020,28
2020-10-30,0.0,1.4000000000000001,0,0.0,3.8,9.7,6.179166666666667,10.0,5.970833333333334,-2.1389409442915346,5.51015652149551,86.91666666666667,106.08333333333333,501.0,78.375,1022.6041666666666,1020.5,4.1,2.6,,,,337.5567343348171,0.9884592801016499,0.0,0.0,0.0,0.0,0.0,0.0,,0.0,0,0,0.0,0.0,3.3600000000000003,3.3600000000000003,3.3600000000000003,0.0,3.3600000000000003,2.4624999999998636,1.9874999999999545,4.7041666666666515,0.0,,,2.0791666666666675,1.1999999999999997,-0.3817684185215372,0.9242580130134466,-0.3817684185215372,0.9242580130134466,-1.8590961707467255,4.789244376599848,5.0,195.0,,0.0,0.0,6,0.0,0.0,0.5760000000000001,0.0,-0.0,35.825,-2.2750000000000004,304,10,2020,29
2020-10-31,0.0,0.0,0,0.0,1.1,14.1,7.629166666666666,7.9,5.191666666666666,-0.024474767736992187,-2.056048773722496,67.16666666666667,185.625,600.0,16.875,1026.2166666666667,1023.2,1.4124999999999999,-1.0,,,,177.64305451861998,0.3515764611823059,0.0,0.0,0.0,0.0,0.0,0.0,,0.625,0,0,0.0,0.0,0.14,3.3600000000000003,3.3600000000000003,0.0,3.3600000000000003,3.612500000000068,6.666666666666629,5.863690476190527,0.0,,,6.216666666666667,2.1,0.041124858012459554,-0.999154015181571,0.041124858012459554,-0.999154015181571,-0.01643888566334642,-1.3809794263502766,6.0,196.0,,0.0,0.0,6,0.0,0.0,0.6609722222222222,0.0,-0.0,31.15,1.4499999999999993,305,10,2020,30
2020-11-01,0.0,0.0,0,0.0,3.7,15.2,9.845833333333333,7.6,4.220833333333333,0.724829494089529,-3.8948432398713027,66.41666666666667,137.83333333333334,600.0,90.83333333333333,1024.7749999999999,1022.3,3.6791666666666667,0.5,,,,170.44768473497942,0.9255278284194335,0.0,0.0,0.0,0.0,0.0,0.0,,0.0,0,0,0.0,0.0,0.0,3.3600000000000003,3.3600000000000003,0.0,3.3600000000000003,-1.4416666666668334,4.633333333333098,3.0410714285712857,0.0,,,6.166666666666666,3.2,0.16594808830333344,-0.9861344898077894,0.16594808830333344,-0.9861344898077894,0.4814075889911289,-2.5868250518145235,7.0,197.0,,,0.0,6,0.0,0.0,0.6466111111111111,0.0,-0.0,25.325,2.216666666666667,306,11,2020,31
2020-11-02,0.0,25.3,0,0.0,7.0,13.1,10.887500000000001,5.2,2.920833333333333,0.4810870837596015,-1.1708741884854026,89.45833333333333,29.166666666666668,144.0,99.625,1017.7916666666666,1013.6,9.179166666666667,3.8,,,,172.4496267833311,0.3052453479918626,0.0,0.0,0.0,0.0,0.0,0.0,,0.0,0,0,0.0,0.0,0.0,3.3600000000000003,3.3600000000000003,0.0,3.3600000000000003,-6.983333333333235,-4.8125,-3.8791666666667197,0.0,,,1.708333333333334,3.2,0.13139779865420936,-0.9913297223975622,0.13139779865420936,-0.9913297223975622,0.43037248701327685,-1.047444534449233,8.0,198.0,,,0.0,6,0.0,0.0,0.60875,0.0,-0.0,17.525,1.0416666666666679,307,11,2020,32
2020-11-03,6.3,11.1,6,1.47,3.2,12.6,8.516666666666667,8.4,5.441666666666666,-3.6899061995992573,2.2684182508194435,80.33333333333333,157.08333333333334,600.0,68.16666666666667,1010.75,1007.0,4.970833333333333,1.4,,,,300.1486255824788,0.821455249892964,5.233333333333333,5.95,8.4,90.0,-0.5382006544026477,5.268252280617641,349.23977124392957,0.16666666666666666,0,6,6.3,6.3,6.3,9.66,9.66,0.0,9.66,-7.041666666666629,-15.466666666666697,-9.511309523809473,0.0,,,3.5458333333333343,1.8000000000000003,-0.8647254886727446,0.502244790156835,-0.18669942545620377,0.9824170827781464,-2.9642246470114033,1.8222959948249526,0.0,199.0,1.0,1.0,52.92,0,0.6949129687499999,6.3,0.6525,37.485,0.0,0.0,-2.3708333333333336,308,11,2020,33
2020-11-04,6.86,9.8,16,1.26,0.1,5.5,2.7916666666666665,7.5,4.829166666666667,-4.029190449197752,2.158959643098731,84.375,73.875,301.0,86.20833333333333,1018.5749999999999,1013.0,0.39166666666666666,-2.5,,,,297.8095994351987,0.9559665903821425,2.63125,4.91875,7.5,84.5625,-3.8181783312505124,2.878787439378274,305.33522336105415,0.0,0,9,13.16,13.16,13.16,16.52,16.52,0.0,16.52,7.824999999999932,-6.199999999999932,-1.5470238095238074,0.0,,,2.4,2.6,-0.8845028235660948,0.46653483803849605,-0.8157821900320122,0.5783592468583639,-3.399629441510603,1.8216221988645542,0.0,200.0,0.5212765957446809,1.0,51.45,0,1.1860403225097655,13.16,0.4527222222222222,33.742625000000004,0.0,0.0,-5.725000000000001,309,11,2020,34
2020-11-05,0.0,0.0,0,0.0,-0.3,11.1,4.1875,8.3,6.3,-6.260643832304363,0.18573781857519286,79.625,164.875,600.0,37.791666666666664,1026.0874999999999,1023.6,0.5541666666666666,-2.1,,,,271.1771196314089,0.9935905633227978,0.0,0.0,0.0,0.0,0.0,0.0,,0.375,1,0,6.86,13.16,13.16,16.52,16.52,1.0,16.52,7.512499999999932,8.295833333333235,5.116071428571217,0.0,,,3.6333333333333333,1.8,-0.9997889668559564,0.020543168039504473,-0.9997889668559564,0.020543168039504473,-4.985037651472349,0.14789373804049732,1.0,201.0,0.0,1.0,0.0,1,0.0,6.58,0.622,0.0,-0.0,6.3,1.3958333333333335,310,11,2020,35
2020-11-06,0.0,0.0,0,0.0,1.3,14.4,9.383333333333333,4.0,2.4291666666666667,-1.790604780650633,-1.134033058647815,58.708333333333336,76.875,326.0,82.375,1023.8375,1020.8,1.6041666666666667,-4.6,,,,242.505160560246,0.885278451583229,0.0,0.0,0.0,0.0,0.0,0.0,,0.0,0,0,0.0,6.86,13.16,16.52,16.52,1.0,16.52,-2.2499999999998863,13.087499999999977,2.6898809523810314,0.0,,,7.779166666666666,5.8999999999999995,-0.8870524187087869,-0.4616687193896624,-0.8870524187087869,-0.4616687193896624,-1.051234223306976,-0.6657719081811547,2.0,202.0,0.0,0.5212765957446809,0.0,2,0.0,2.2866666666666666,0.5669444444444445,0.0,-0.0,4.858333333333333,5.195833333333333,311,11,2020,36
2020-11-07,0.0,20.1,0,0.0,8.5,15.1,12.604166666666666,4.6,3.0541666666666667,-1.563285156306028,-1.1995945017594656,83.29166666666667,42.291666666666664,200.0,97.625,1016.5916666666667,1013.0,9.475,0.4,,,,229.19590579069032,0.6639408703856743,0.0,0.0,0.0,0.0,0.0,0.0,,0.0,0,0,0.0,0.0,13.16,13.3,16.52,1.0,16.52,-7.24583333333328,-1.9833333333332348,-3.180952380952249,0.0,,,3.1291666666666664,8.1,-0.7569483619602781,-0.6534746952450812,-0.7569483619602781,-0.6534746952450812,-1.3020862614398958,-0.999162253757155,3.0,203.0,,0.0,0.0,3,0.0,0.0,0.6391666666666667,0.0,-0.0,9.1625,3.220833333333333,312,11,2020,37
2020-11-08,0.9099999999999999,4.9,2,0.84,5.6,13.6,10.362499999999999,8.5,4.658333333333333,-2.0846489272322763,3.3973453349627474,87.54166666666667,94.33333333333333,444.0,78.04166666666667,1013.2375000000001,1011.5,8.308333333333334,5.3,,,,326.22187985392645,0.847320626741452,6.15,7.55,8.5,96.0,-1.399858420608242,7.416498827082627,349.5,0.0,0,2,0.9099999999999999,0.9099999999999999,14.07,14.07,17.43,1.0,17.43,-3.3541666666666288,-12.849999999999795,-4.886904761904589,0.0,,,2.0541666666666654,0.2999999999999998,-0.5559782423439208,0.8311968443396333,-0.18223552549214783,0.9832549075639545,-1.8249364150479221,2.9740927286486385,0.0,204.0,1.0,0.06467661691542288,7.734999999999999,4,0.07932142968750004,0.9099999999999999,0.6569166666666667,6.870499999999999,0.0,18.633333333333333,-2.241666666666667,313,11,2020,38
2020-11-09,6.44,9.200000000000001,22,1.26,1.7,5.2,3.5041666666666664,10.8,6.320833333333333,-3.5679863541692343,4.619729000281688,85.875,64.83333333333333,317.0,90.875,1017.8208333333333,1015.9,1.3125,0.4,,,,315.15234789415797,0.9014241740085834,3.540909090909091,6.4409090909090905,10.8,85.72727272727273,-3.5020690534865797,4.809780176519789,316.76229319672984,0.0,0,14,7.3500000000000005,7.3500000000000005,20.51,20.51,23.87,1.0,23.87,4.5833333333332575,-6.0166666666666515,-0.30773809523816453,0.0,,,2.1916666666666664,1.2999999999999998,-0.7052241063458529,0.7089844566904787,-0.6850266976421888,0.7285179637575434,-3.06400828164283,3.9671922789918996,0.0,205.0,0.8761904761904762,0.3583617747440273,69.552,5,0.9561887714359505,7.3500000000000005,0.4450277777777778,41.479454545454544,0.0,31.604166666666664,-6.8583333333333325,314,11,2020,39
2020-11-10,5.18,7.4,18,0.84,1.0,5.5,3.1666666666666665,9.4,5.5125,-3.864093758327698,3.8048080350002995,79.25,92.25,508.0,84.91666666666667,1022.8000000000001,1019.4,-0.1416666666666667,-2.0,,,,313.9190123031963,0.9794096568318567,3.05,4.922222222222222,7.4,81.72222222222223,-3.3295961117996455,3.4939180417986964,315.52757288405843,0.0,0,10,11.620000000000001,12.530000000000001,19.39,25.69,29.05,1.0,29.05,4.9791666666667425,6.208333333333371,2.949999999999932,0.0,,,3.308333333333333,3.0,-0.7203209823658682,0.6936408886185059,-0.70056594020918,0.7135876704503994,-3.0622943034747006,3.0153103677377375,0.0,206.0,0.41340782122905023,0.6462093862815885,48.692,6,0.8446484618055559,12.530000000000001,0.44788888888888884,25.497111111111106,0.0,33.075,-0.3374999999999999,315,11,2020,40
2020-11-11,0.9800000000000001,1.4000000000000001,12,0.14,-0.5,5.2,2.558333333333333,9.7,5.241666666666666,-2.248884138612006,4.2863137464896655,82.70833333333333,66.0,247.0,67.79166666666667,1031.3625,1027.3,-0.11666666666666664,-2.4,,,,330.877887156573,0.8555152363109753,2.441666666666667,6.875,8.7,79.16666666666667,-3.8598006633973228,5.600324217480927,325.1039093051072,0.08333333333333333,1,10,6.16,12.6,13.51,26.67,30.03,2.0,30.03,8.562499999999886,18.124999999999886,9.685714285714312,0.0,,,2.675,1.9,-0.4866725695285837,0.87358446075262,-0.5720899129498771,0.820190911618144,-1.86001458964368,3.545138661159161,0.0,207.0,0.07777777777777779,0.9326424870466321,9.506,2,0.16926533203124994,12.6,0.43524999999999997,6.737500000000001,16.524771590169568,10.483333333333333,-0.6083333333333334,316,11,2020,41
2020-11-12,0.0,0.0,0,0.0,-0.6,11.8,5.904166666666666,5.4,2.983333333333333,-0.3978633164080015,-1.976007456531233,76.375,151.20833333333334,580.0,11.125,1031.1708333333333,1028.2,1.8125,-2.0,,,,206.79007475591138,0.5958183354876733,0.0,0.0,0.0,0.0,0.0,0.0,,0.9166666666666666,1,0,0.9800000000000001,6.16,13.51,26.67,30.03,2.0,30.03,-0.19166666666660603,13.350000000000023,8.767857142857224,0.0,,,4.091666666666666,1.4,-0.4507229129009049,-0.8926639097589435,-0.4507229129009049,-0.8926639097589435,-0.3038681079066111,-1.5091756949257293,1.0,208.0,0.0,0.45595854922279794,0.0,3,0.0,3.08,0.6176111111111111,0.0,-0.0,8.95,3.3458333333333328,317,11,2020,42
2020-11-13,0.0,0.0,0,0.0,3.6,14.1,8.329166666666667,5.9,2.829166666666667,-2.1950841990242775,0.44462519906305076,67.625,152.875,593.0,19.541666666666668,1025.7,1022.3,2.225,-0.8,,,,261.62965856611436,0.7299905635788944,0.0,0.0,0.0,0.0,0.0,0.0,,0.6666666666666666,0,0,0.0,0.9800000000000001,13.51,26.67,30.03,2.0,30.03,-5.470833333333303,2.8999999999999773,3.0309523809523853,0.0,,,6.104166666666668,4.4,-0.9893478187863356,-0.1455709224492314,-0.9893478187863356,-0.1455709224492314,-1.4844256895901677,0.3006777908663881,2.0,209.0,0.0,0.07253886010362695,0.0,4,0.0,0.3266666666666667,0.6406666666666666,0.0,-0.0,11.316666666666668,2.4250000000000016,318,11,2020,43
2020-11-14,0.0,0.1,0,0.0,3.4,12.6,7.941666666666666,7.1,4.1375,-2.031947237599954,2.927394751937244,76.83333333333333,154.29166666666666,600.0,30.5,1028.9624999999999,1026.7,3.720833333333333,-0.4,,,,324.3992899419405,0.8132718512617254,0.0,0.0,0.0,0.0,0.0,0.0,,0.6666666666666666,0,0,0.0,0.0,13.51,26.67,30.03,2.0,30.03,3.262499999999818,-2.400000000000091,4.526190476190322,0.0,,,4.220833333333333,3.8,-0.5821330467491822,0.8130935468213448,-0.5821330467491822,0.8130935468213448,-1.5612127942226315,2.2492149677384488,3.0,210.0,,0.0,0.0,5,0.0,0.0,0.6389722222222222,0.0,-0.0,20.6875,-0.38750000000000107,319,11,2020,44
2020-11-15,0.0,0.0,0,0.0,5.6,16.1,10.416666666666666,4.8,3.329166666666666,-0.9070935455329766,-2.1949762112601867,46.0,146.70833333333334,587.0,32.666666666666664,1027.2958333333333,1025.6,-2.233333333333333,-10.2,,,,211.99215105462238,0.6886205473556729,0.0,0.0,0.0,0.0,0.0,0.0,,0.3333333333333333,0,0,0.0,0.0,12.6,26.67,30.03,2.0,30.03,-1.666666666666515,-3.875,0.8511904761903679,0.0,,,12.649999999999999,15.799999999999999,-0.5298030852037597,-0.8481206818068864,-0.5298030852037597,-0.8481206818068864,-0.4172630309451692,-1.009689057179686,4.0,211.0,,0.0,0.0,6,0.0,0.0,0.5844722222222222,0.0,-0.0,19.974999999999998,2.4749999999999996,320,11,2020,45
2020-11-16,0.0,0.4,0,0.0,4.7,15.0,10.299999999999999,6.2,3.3000000000000003,-1.9329090084608884,0.6648372403882457,79.91666666666667,109.875,509.0,66.41666666666667,1025.2541666666666,1022.4,6.8125,2.3,,,,276.53432811156455,0.6217612473656845,0.0,0.0,0.0,0.0,0.0,0.0,,0.041666666666666664,0,0,0.0,0.0,6.16,26.67,30.03,2.0,30.03,-2.0416666666667425,-0.44583333333343944,-2.2523809523809177,0.0,,,3.487499999999999,2.4000000000000004,-0.9935038529389493,0.1137984806377596,-0.9935038529389493,0.1137984806377596,-1.5447164492616603,0.5313157612769397,5.0,212.0,,0.0,0.0,6,0.0,0.0,0.6729722222222222,0.0,-0.0,19.8,-0.11666666666666714,321,11,2020,46
2020-11-17,0.0,0.0,0,0.0,4.3,15.9,9.862499999999999,7.0,4.2875000000000005,-0.1550607979693488,-2.5047787452038612,76.5,149.5,595.0,34.958333333333336,1027.9833333333333,1025.6,5.370833333333334,2.7,,,,210.8584374546488,0.4531664587750713,0.0,0.0,0.0,0.0,0.0,0.0,,0.4583333333333333,0,0,0.0,0.0,0.9800000000000001,20.37,30.03,2.0,30.03,2.7291666666667425,-0.9791666666665151,-0.26369047619027697,0.0,,,4.491666666666665,1.5999999999999996,-0.5129186739159983,-0.8584372044292196,-0.5129186739159983,-0.8584372044292196,-0.11862151044655184,-1.916155740080954,6.0,213.0,,0.0,0.0,6,0.0,0.0,0.6880000000000001,0.0,-0.0,25.725,-0.4375,322,11,2020,47
2020-11-18,0.0,0.0,0,0.0,8.2,17.5,12.645833333333334,6.3,2.558333333333333,-0.759843522719681,-1.6186983552864123,69.58333333333333,145.58333333333334,578.0,38.708333333333336,1025.3541666666667,1023.3,7.070833333333333,2.5,,,,217.09720544153177,0.607215431386688,0.0,0.0,0.0,0.0,0.0,0.0,,0.5416666666666666,0,0,0.0,0.0,0.0,13.510000000000002,30.03,1.0,30.03,-2.629166666666606,-1.941666666666606,-2.034523809523762,0.0,,,5.575000000000001,5.699999999999999,-0.6031690854727266,-0.7976133488915507,-0.6031690854727266,-0.7976133488915507,-0.528724451225778,-1.1263442722201285,7.0,214.0,,,0.0,6,0.0,0.0,0.6623333333333333,0.0,-0.0,15.349999999999998,2.783333333333335,323,11,2020,48
2020-11-19,0.0,0.1,0,0.0,9.1,17.9,12.970833333333333,10.6,6.220833333333332,2.4861632591826774,-5.037719908422675,81.16666666666667,133.04166666666666,523.0,83.95833333333333,1018.9791666666666,1013.8,9.691666666666666,5.4,,,,156.66682113364948,0.8796856786743859,0.0,0.0,0.0,0.0,0.0,0.0,,0.041666666666666664,0,0,0.0,0.0,0.0,13.510000000000002,30.03,0.0,30.03,-6.375000000000114,-6.274999999999977,-6.667857142857088,0.0,,,3.279166666666667,3.6999999999999993,0.39607729056617663,-0.9182171746911275,0.39607729056617663,-0.9182171746911275,2.01793584536994,-4.088949325669738,8.0,215.0,,,0.0,6,0.0,0.0,0.6925833333333333,0.0,-0.0,37.324999999999996,0.3249999999999993,324,11,2020,49
2020-11-20,0.0,17.099999999999998,0,0.0,9.0,18.7,12.65,8.2,5.320833333333334,-0.7590350102329838,-1.89266374436598,96.75,81.66666666666667,449.0,85.45833333333333,1009.9125,1006.3,12.095833333333333,8.9,,,,219.90467450577998,0.3453874985081984,0.0,0.0,0.0,0.0,0.0,0.0,,0.0,0,0,0.0,0.0,0.0,13.510000000000002,30.03,0.0,30.03,-9.066666666666606,-18.070833333333326,-13.479166666666629,0.0,,,0.5541666666666671,0.09999999999999964,-0.6415122189996354,-0.7671128162624868,-0.6415122189996354,-0.7671128162624868,-0.7343663724004118,-1.8311521726740856,9.0,216.0,,,0.0,6,0.0,0.0,0.7102777777777778,0.0,-0.0,31.925000000000004,-0.32083333333333286,325,11,2020,50
2020-11-21,3.71,9.4,6,0.98,4.1,9.6,6.279166666666666,12.5,7.120833333333334,-3.526645680145952,5.372072563271433,85.58333333333333,88.91666666666667,434.0,62.25,1019.4416666666666,1011.0,3.9291666666666667,-0.3,,,,321.70955649499876,0.8273684979642175,5.083333333333333,9.033333333333333,10.8,95.33333333333333,-4.100555307772315,7.9187565401850355,333.83397805793345,0.16666666666666666,0,6,3.71,3.71,3.71,17.220000000000002,33.74,0.0,33.74,9.529166666666583,-5.912500000000136,-2.5898809523811224,0.0,,,2.349999999999999,4.3999999999999995,-0.6196481285167936,0.7848797339883578,-0.44097367496811396,0.8975200376510355,-3.0182209279249106,4.5975987687331346,0.0,217.0,1.0,1.0,46.375,0,0.40452848090277743,3.71,0.5578888888888889,33.513666666666666,0.0,0.0,-6.3708333333333345,326,11,2020,51
2020-11-22,0.0,3.9,0,0.0,2.2,15.2,9.508333333333333,7.3,4.533333333333333,-0.7772715207885857,-3.4771683415993615,65.91666666666667,124.95833333333333,554.0,47.791666666666664,1017.4791666666666,1012.9,2.870833333333333,-7.8,,,,199.71634586414083,0.7525163864006664,0.0,0.0,0.0,0.0,0.0,0.0,,0.4583333333333333,0,0,3.71,3.71,3.71,16.310000000000002,33.74,0.0,33.74,-1.9624999999999773,-1.5,-3.150000000000091,0.0,,,6.637499999999999,10.0,-0.3373638360312823,-0.9413743368810614,-0.3373638360312823,-0.9413743368810614,-0.5123514774531428,-2.2920334651709124,1.0,218.0,0.0,1.0,0.0,1,0.0,1.855,0.636361111111111,0.0,-0.0,4.533333333333333,3.229166666666667,327,11,2020,52
2020-11-23,6.37,21.0,15,1.05,2.3,8.8,5.170833333333333,10.5,7.7375,-4.067258038974102,6.25766271101793,92.70833333333333,52.125,240.0,94.08333333333333,1019.3833333333333,1011.9,4.058333333333334,0.4,,,,323.3714137748157,0.9401369838698883,4.92,8.566666666666666,10.5,91.33333333333333,-3.9512793770754238,7.512514415325651,331.7452345452883,0.0,0,14,6.37,10.08,10.08,16.240000000000002,36.89,0.0,40.11,1.904166666666697,9.470833333333303,-0.40714285714295784,0.0,,,1.1124999999999998,1.9,-0.5966253454468226,0.802519904532255,-0.4733929317629326,0.8808513678010016,-3.7706871402989073,5.801374805006206,0.0,219.0,0.6319444444444444,1.0,66.885,0,0.7223606541666667,10.08,0.5393333333333333,54.56966666666666,0.0,0.0,-4.3374999999999995,328,11,2020,53
2020-11-24,0.0,0.0,0,0.0,-0.7,10.8,4.958333333333333,9.2,4.570833333333334,-1.3226441420536994,-0.1319418771477828,70.04166666666667,131.875,563.0,41.333333333333336,1024.8208333333334,1022.4,-0.22500000000000006,-5.2,,,,182.53483508042115,0.181812879422659,0.0,0.0,0.0,0.0,0.0,0.0,,0.25,1,0,6.37,6.37,10.08,11.06,36.75,1.0,40.11,5.437500000000114,5.379166666666833,5.482142857143003,0.0,,,5.183333333333333,4.5,-0.0442267874457901,-0.9990215169215451,-0.0442267874457901,-0.9990215169215451,-0.9264020011634453,-0.09241428978559288,1.0,220.0,0.0,0.6319444444444444,0.0,1,0.0,3.185,0.5613888888888889,0.0,-0.0,4.570833333333334,-0.21250000000000036,329,11,2020,54
2020-11-25,0.0,0.0,0,0.0,1.2,12.4,6.9750000000000005,6.6,3.0124999999999997,-2.6106669125670714,0.1556594656986829,67.125,121.45833333333333,526.0,28.5,1022.4041666666667,1019.5,0.9125000000000001,-3.5,,,,263.4424400897278,0.8657198841342859,0.0,0.0,0.0,0.0,0.0,0.0,,0.6666666666666666,0,0,0.0,6.37,10.08,10.08,36.75,1.0,40.11,-2.4166666666667425,4.925000000000068,3.486904761904725,0.0,,,6.0625,4.7,-0.9934576292438738,-0.1142013086489897,-0.9934576292438738,-0.1142013086489897,-1.7524101650606465,0.10448641635024089,2.0,221.0,0.0,0.6319444444444444,0.0,2,0.0,2.1233333333333335,0.5802777777777778,0.0,-0.0,6.0249999999999995,2.0166666666666675,330,11,2020,55
2020-11-26,0.0,0.0,0,0.0,0.9,11.2,5.508333333333333,8.5,4.370833333333334,-1.4741828690695222,3.1220340217018965,84.45833333333333,82.83333333333333,375.0,66.375,1023.1374999999999,1021.2,2.9125,-1.4,,,,325.2300140056636,0.7468392950996747,0.0,0.0,0.0,0.0,0.0,0.0,,0.20833333333333334,0,0,0.0,0.0,10.08,10.08,36.75,1.0,40.11,0.7333333333332348,3.754166666666606,3.626190476190345,0.0,,,2.5958333333333328,2.3,-0.5702833359526028,0.8214480608868528,-0.5702833359526028,0.8214480608868528,-1.245070281501634,2.63681790082906,3.0,222.0,,0.0,0.0,3,0.0,0.0,0.5856388888888888,0.0,-0.0,13.1125,-1.4666666666666677,331,11,2020,56
2020-11-27,0.0,1.9,0,0.0,4.3,11.2,7.129166666666666,6.0,3.608333333333333,1.2839988804806848,-0.23445284058322888,83.75,114.25,519.0,79.625,1019.4875000000001,1011.8,4.379166666666666,2.5,,,,100.98334709940367,0.42036665176245663,0.0,0.0,0.0,0.0,0.0,0.0,,0.08333333333333333,0,0,0.0,0.0,10.08,10.08,36.75,1.0,40.11,-3.6499999999998636,-5.333333333333371,-1.3916666666666515,0.0,,,2.75,1.7999999999999998,0.981682600227275,-0.19052367939711887,0.981682600227275,-0.19052367939711887,1.0753490624025737,-0.19635425398845416,4.0,223.0,,0.0,0.0,4,0.0,0.0,0.6042222222222222,0.0,-0.0,14.433333333333332,1.6208333333333336,332,11,2020,57
2020-11-28,20.44,36.1,21,3.29,-1.8,6.5,2.279166666666667,11.0,7.075,-3.4230704124933182,5.6965688053682335,89.16666666666667,57.958333333333336,273.0,93.91666666666667,1017.6458333333334,1010.3,0.6541666666666667,-4.5,,,,321.46054275555235,0.8706753493782455,2.4142857142857146,7.5,11.0,89.47619047619048,-3.4113439053520525,6.253139948985165,325.72252301378364,0.0,0,21,20.44,20.44,26.810000000000002,30.520000000000003,57.190000000000005,1.0,60.550000000000004,-1.841666666666697,-4.758333333333326,-2.976785714285711,0.0,,,1.625,2.7,-0.6230534389980942,0.7821792711090265,-0.5632012655481184,0.8263197531736717,-3.052237784473209,5.079440518120008,0.0,0.0,1.0,0.762402088772846,100.0,0,3.512896875000002,20.44,0.4803055555555556,153.3,0.0,0.0,-4.85,333,11,2020,58
2020-11-29,0.14,0.2,2,0.07,-1.6,5.2,1.5041666666666667,7.3,4.541666666666667,-4.259681395852289,-0.586093749326199,78.625,92.08333333333333,424.0,70.375,1022.5666666666666,1020.6,-1.8541666666666667,-5.3,,,,262.39367306282907,0.9458658645173109,0.5,4.15,4.3,81.5,-3.923831649273988,-0.7205961525716295,259.0,0.16666666666666666,0,1,20.580000000000002,20.580000000000002,26.950000000000003,30.66,57.330000000000005,1.0,60.690000000000005,4.920833333333235,-0.5708333333333258,1.2172619047618127,0.0,,,3.3583333333333334,3.6999999999999997,-0.9912009296792242,-0.13236584530399656,-0.981627183447664,-0.1908089953765446,-3.349174497488862,-0.4608162104077239,0.0,1.0,0.006802721088435374,0.7636363636363637,1.022,1,0.031525156250000005,20.580000000000002,0.43902777777777774,0.5810000000000001,30.893634518616583,4.541666666666667,-0.7750000000000001,334,11,2020,59
2020-11-30,1.4000000000000001,2.0,12,0.28,0.1,5.4,2.8791666666666664,7.2,4.879166666666666,-4.244813622167718,0.8699006458912434,87.79166666666667,56.916666666666664,242.0,90.08333333333333,1025.8416666666667,1022.6,1.0333333333333334,-1.7,,,,280.7413699836452,0.8886069148181734,3.9583333333333335,4.45,5.5,84.83333333333333,-3.994570246898989,0.42144965734608447,275.20743050825854,0.0,0,6,1.54,21.98,21.98,32.06,58.730000000000004,1.0,62.09,3.275000000000091,6.354166666666629,3.569642857142867,0.0,,,1.845833333333333,1.8,-0.9824784812415908,0.18637605505326374,-0.9958726363888734,0.09076173253015175,-3.726592625794743,0.7637002753720208,0.0,2.0,0.06369426751592357,1.0,10.080000000000002,2,0.19969596354166663,21.98,0.45058333333333334,6.23,0.0,9.758333333333333,1.3749999999999998,335,11,2020,60
2020-12-01,0.0,0.0,0,0.0,-0.8,6.9,2.3583333333333334,8.4,5.545833333333333,-4.6497404228324415,2.4965577631495366,70.0,119.20833333333333,504.0,64.625,1029.2541666666666,1028.0,-2.779166666666667,-4.9,,,,297.07297516787077,0.9550883252342239,0.0,0.0,0.0,0.0,0.0,0.0,,0.041666666666666664,1,0,1.4,1.54,21.98,32.06,58.730000000000004,1.0,62.09,3.412499999999909,11.608333333333235,6.348809523809564,0.0,,,5.1375,4.1000000000000005,-0.8904275734925766,0.45512496785401935,-0.8904275734925766,0.45512496785401935,-3.254818295982709,1.7475904342046755,1.0,3.0,0.0,0.07006369426751592,0.0,3,0.0,0.77,0.4661388888888889,0.0,-0.0,16.6375,-0.520833333333333,336,12,2020,61
2020-12-02,0.0,0.0,0,0.0,-1.0,9.8,3.079166666666667,6.5,2.8375,-1.52508209138801,-1.4627644044541446,64.20833333333333,123.29166666666667,512.0,29.416666666666668,1024.8625,1020.8,-3.266666666666667,-8.7,,,,236.89833568708988,0.7515157363619639,0.0,0.0,0.0,0.0,0.0,0.0,,0.5,1,0,0.0,1.4,21.98,32.06,58.730000000000004,2.0,62.09,-4.3916666666666515,2.2958333333333485,1.6059523809524308,0.0,,,6.345833333333334,7.699999999999999,-0.8377028532392068,-0.5461262946195614,-0.8377028532392068,-0.5461262946195614,-0.9792297928453847,-0.9392166446932653,2.0,4.0,0.0,0.06369426751592357,0.0,4,0.0,0.4666666666666666,0.5140000000000001,0.0,-0.0,11.35,0.7208333333333337,337,12,2020,62
2020-12-03,3.43,5.0,13,0.98,-1.1,8.1,4.041666666666667,9.2,6.1875,-3.8149881970887978,1.4833368530583366,80.95833333333333,72.70833333333333,357.0,83.83333333333333,1018.4791666666666,1016.7,1.0125,-5.3,,,,290.15971401040133,0.6237373612526232,4.053846153846154,6.015384615384615,9.2,84.53846153846153,-2.2763400880979154,4.287806517982657,331.63561464979523,0.0,0,11,3.43,3.43,25.41,35.49,55.86000000000001,2.0,65.52000000000001,-6.383333333333326,-7.362500000000068,-4.111904761904725,0.0,,,3.029166666666667,4.199999999999999,-0.9387355779135877,0.34463823751760686,-0.47507733391203105,0.879944047541113,-3.088550861226472,1.200884793955145,0.0,5.0,1.0,0.1349862258953168,31.555999999999997,5,0.4715434360207104,3.43,0.4983333333333333,20.63276923076923,0.0,30.9375,0.9624999999999999,338,12,2020,63
2020-12-04,2.94,4.2,9,0.7,-2.0,1.7,-0.2833333333333333,10.5,7.7124999999999995,-6.5166668438251065,2.917232566137988,72.70833333333333,73.75,327.0,78.41666666666667,1025.3583333333333,1022.6,-4.708333333333333,-8.6,,,,288.1890830114257,0.8836328287461092,-1.0,9.288888888888888,10.5,81.33333333333333,-7.754159224557195,5.046020925589409,302.66889820302947,0.08333333333333333,1,9,6.37,6.37,28.35,38.43,51.94,3.0,68.46000000000001,6.87916666666672,-3.8958333333332575,1.9285714285714448,0.0,,,4.425,6.6,-0.9500315457619114,0.31215390764370254,-0.8418039159333299,0.5397834446510111,-4.738159851031171,2.121071178296162,0.0,6.0,0.4615384615384615,0.22469135802469134,30.87,6,0.7146241666666667,6.37,0.3293055555555555,27.30933333333333,106.68430733120023,46.275,-4.325,339,12,2020,64
2020-12-05,0.56,0.9,7,0.14,-0.1,7.0,2.9458333333333333,7.2,4.783333333333333,-4.031913660202429,-1.045163388135413,72.375,70.16666666666667,380.0,67.29166666666667,1024.3166666666666,1022.8,-1.6624999999999999,-5.8,,,,257.4531452161417,0.8558269644652233,4.357142857142857,4.328571428571428,5.5,81.71428571428571,-3.7505201093450227,1.1812676734907188,291.50991956911696,0.16666666666666666,1,7,3.5,6.93,8.47,35.28,52.5,4.0,69.02000000000001,-1.0416666666667425,-0.5458333333333485,-0.06607142857160397,0.0,,,4.608333333333333,5.7,-0.9761186828146854,-0.21723792730580802,-0.9303541019955828,0.3666623036255468,-2.918097511571508,-0.7564370021630051,0.0,7.0,0.08080808080808081,0.8181818181818181,4.032000000000001,2,0.07472553571428575,6.93,0.4435833333333334,2.424,0.0,9.566666666666666,3.2291666666666665,340,12,2020,65
2020-12-06,0.0,0.0,0,0.0,-2.9,10.4,2.9875000000000003,6.2,3.4166666666666665,-3.143329238028095,-0.35170793375117176,52.541666666666664,125.25,514.0,9.75,1023.9708333333333,1021.6,-6.479166666666667,-9.2,,,,259.32886594312583,0.93023831604215,0.0,0.0,0.0,0.0,0.0,0.0,,0.75,0,0,0.56,3.5,8.33,35.28,52.5,4.0,69.02000000000001,-0.345833333333303,5.491666666666674,-0.6124999999999545,0.0,,,9.466666666666667,6.299999999999999,-0.9827062117444293,-0.18517154586737364,-0.9827062117444293,-0.18517154586737364,-1.651557570480595,-0.18479321019176148,1.0,8.0,0.0,0.42016806722689076,0.0,3,0.0,1.75,0.48974999999999996,0.0,-0.0,10.25,0.04166666666666696,341,12,2020,66
2020-12-07,0.56,0.8,1,0.56,-3.3,10.3,3.908333333333333,8.3,4.8999999999999995,-4.759863640481901,-0.6173140744283709,73.45833333333333,101.33333333333333,452.0,51.875,1021.0458333333332,1018.4,-0.775,-6.8,,,,261.9226084967539,0.9767110749673651,4.9,3.3,3.3,88.0,-3.281922254715302,-0.3449439287832561,264.0,0.2916666666666667,0,1,0.56,1.12,7.49,29.470000000000002,53.06,4.0,69.58,-2.925000000000068,-4.312500000000114,-2.852380952381054,0.0,,,4.683333333333334,3.5,-0.9900791792386583,-0.14051056486294808,-0.9945218953682734,-0.10452846326765336,-3.496516499237329,-0.4534686305071741,0.0,9.0,0.5,0.14953271028037385,4.648000000000001,4,0.06845475000000004,1.12,0.5413055555555556,1.848,0.0,19.599999999999998,0.920833333333333,342,12,2020,67
2020-12-08,11.34,16.2,16,1.26,-1.4,4.7,2.0124999999999997,8.9,5.925,-3.8241587920782636,4.146335121259577,85.95833333333333,51.625,210.0,97.33333333333333,1021.3458333333333,1017.9,-0.125,-4.0,,,,311.5095367156565,0.9102630696540154,3.06875,5.9375,8.9,88.0625,-3.6243029650266343,4.17346393794135,310.22145867042275,0.0,0,16,11.9,11.9,18.83,40.81,63.49000000000001,3.0,80.92,0.3000000000000682,-2.970833333333303,-1.422619047618923,0.0,,,2.1374999999999997,2.6,-0.7488454192372422,0.6627447005351299,-0.7635542353852384,0.6457437027375986,-3.287183161690607,3.564120564649378,0.0,0.0,0.9529411764705882,0.6319702602230484,100.0,0,1.8191688354492181,11.9,0.42538888888888887,67.33125,1.5222072453115323,0.0,-1.8958333333333335,343,12,2020,68
2020-12-09,0.0,0.0,0,0.0,-5.3,4.4,-0.7749999999999999,7.4,5.7749999999999995,-5.280950653158874,0.9095067284960615,74.29166666666667,111.29166666666667,463.0,47.75,1023.7041666666668,1022.2,-4.845833333333333,-10.4,,,,277.5864836906875,0.930495475535795,0.0,0.0,0.0,0.0,0.0,0.0,,0.4583333333333333,1,0,11.34,11.9,18.83,40.81,57.05000000000001,3.0,80.92,2.358333333333462,-0.2666666666665378,1.1011904761905953,0.0,,,4.070833333333333,5.1000000000000005,-0.9912467124950533,0.1320225547690591,-0.9912467124950533,0.1320225547690591,-3.9233062560759477,0.6756877070451991,1.0,1.0,0.0,0.6319702602230484,0.0,1,0.0,5.95,0.41961111111111116,0.0,-0.0,5.7749999999999995,-2.7874999999999996,344,12,2020,69
2020-12-10,0.07,0.0,1,0.07,-2.8,9.4,2.716666666666667,7.6,4.575,-3.8610237287503892,-0.5641249949777455,62.833333333333336,110.33333333333333,485.0,40.541666666666664,1019.0208333333334,1016.5,-4.158333333333333,-10.2,,,,256.8204647229404,0.8495624978590995,3.9,3.7,3.7,81.0,-3.6320205787563564,0.705993282893217,281.0,0.4583333333333333,0,1,0.07,11.41,15.47,40.879999999999995,51.94,3.0,80.99000000000001,-4.683333333333394,-2.0249999999998636,-3.659523809523762,0.0,,,6.875,7.3999999999999995,-0.9736604024012427,-0.22800311575908333,-0.9816271834476639,0.1908089953765451,-2.426009909564828,-0.3544585385110167,0.0,2.0,0.006134969325153374,0.7375565610859728,0.532,2,0.010181281250000007,11.41,0.4918888888888889,0.25900000000000006,0.0,9.15,3.4916666666666667,345,12,2020,70
2020-12-11,0.0,0.0,0,0.0,1.2,9.0,4.066666666666667,6.2,4.0249999999999995,-3.5663599625818088,-1.0020439576344395,72.16666666666667,85.54166666666667,417.0,75.45833333333333,1016.6791666666667,1014.3,-0.6958333333333333,-2.7,,,,255.50637345483278,0.911666270863592,0.0,0.0,0.0,0.0,0.0,0.0,,0.041666666666666664,0,0,0.07,0.07,12.530000000000001,40.879999999999995,50.96,2.0,80.99000000000001,-2.341666666666697,-4.666666666666629,-4.761309523809587,0.0,,,4.762500000000001,3.9000000000000004,-0.9681754861018914,-0.2502723079195266,-0.9681754861018914,-0.2502723079195266,-2.573723106329872,-0.7231417227595206,1.0,3.0,0.0,0.00558659217877095,0.0,3,0.0,0.035,0.4975833333333333,0.0,-0.0,12.075,1.3500000000000005,346,12,2020,71
2020-12-12,2.66,5.3,15,0.35,2.1,7.2,4.545833333333333,7.1,3.6041666666666665,-1.851966334622425,2.0082589804166306,84.625,34.166666666666664,162.0,98.29166666666667,1010.2583333333333,1007.6,2.1333333333333333,-2.3,,,,293.90430062395137,0.7055756272110364,5.0,3.9466666666666668,7.1,89.26666666666667,-1.7927965113831843,2.8772043464031847,310.8061124600266,0.0,0,11,2.66,2.73,14.63,23.1,53.620000000000005,1.0,83.65,-6.4208333333333485,-13.44583333333344,-9.173809523809496,0.0,,,2.4125,4.4,-0.9142235427119476,0.4052102095841314,-0.7569253427660194,0.6535013584366478,-1.5672265106742274,1.6994891621775736,0.0,4.0,0.9743589743589745,0.18660287081339713,18.886,4,0.3160966666666667,2.73,0.4648611111111111,10.498133333333334,0.0,14.416666666666666,0.4791666666666661,347,12,2020,72
2020-12-13,7.63,10.9,17,1.96,-3.1,4.5,0.9583333333333334,11.2,4.454166666666667,-1.7614210679189635,-0.028186436694390804,89.95833333333333,39.833333333333336,218.0,87.95833333333333,1011.2875,1008.6,-0.49583333333333335,-5.5,,,,222.14725388181427,0.5597685698205481,1.9294117647058822,4.364705882352942,11.2,90.3529411764706,-1.0080455190290176,0.5959719474117731,205.25220825712643,0.0,1,15,10.29,10.29,22.259999999999998,30.59,61.25,2.0,91.28,1.029166666666697,-7.7333333333333485,-6.332738095238142,0.0,,,1.4541666666666666,2.4,-0.6710383249360917,-0.7414226638476626,-0.4266035985138115,-0.904438704244277,-1.5845450356821007,-0.02535604867632906,0.0,5.0,0.7414965986394558,0.46226415094339623,85.45599999999999,5,1.45547332266436,10.29,0.42641666666666667,33.302705882352946,3.216085224668923,22.270833333333332,-3.5875,348,12,2020,73
2020-12-14,17.92,25.6,24,2.45,-7.2,0.1,-3.3041666666666667,13.2,8.220833333333333,-6.552084121451109,3.7297868546946322,79.20833333333333,54.375,297.0,99.16666666666667,1012.6416666666668,1007.0,-6.429166666666667,-12.0,,,,297.1971224147894,0.8829965441837715,-3.3041666666666667,8.220833333333333,13.2,79.20833333333333,-6.552084121451109,3.7297868546946322,297.1971224147894,0.0,1,24,25.55,28.21,39.62,47.11,79.17,3.0,109.2,1.3541666666667425,-4.037499999999909,-3.7779761904761244,0.0,,,3.1250000000000004,4.8,-0.8894393291525361,0.45705325702448135,-0.8894393291525361,0.45705325702448135,-5.189796631199399,2.9543020044893726,0.0,0.0,0.6352357320099256,0.7120141342756184,100.0,0,5.347787180555557,28.21,0.3025,147.31733333333335,63.88282018415189,0.0,-4.2625,349,12,2020,74
2020-12-15,16.1,23.0,24,1.33,-7.0,-3.0,-4.875,9.2,5.929166666666667,-3.3430039291661404,4.475133973456765,76.75,47.875,217.0,99.75,1014.7666666666668,1013.5,-8.320833333333333,-10.2,,,,319.97612819087004,0.9398322707915215,-4.875,5.929166666666667,9.2,76.75,-3.3430039291661404,4.475133973456765,319.97612819087004,0.0,0,24,34.02,41.650000000000006,44.38,63.21000000000001,95.27000000000001,3.0,125.30000000000001,2.125,4.508333333333439,-0.7130952380952067,0.0,,,3.445833333333333,3.1999999999999993,-0.643106719920799,0.7657765645360995,-0.643106719920799,0.7657765645360995,-2.5657555156350127,3.434665324628067,0.0,0.0,0.38655462184873945,0.9384858044164038,100.0,1,5.543449593098958,41.650000000000006,0.28775,95.45958333333336,49.72718344634634,5.929166666666667,-1.5708333333333333,350,12,2020,75
2020-12-16,19.67,28.1,24,2.1,-6.7,-3.5,-5.5625,7.9,4.929166666666666,-2.8968799849208637,3.6413504411536484,76.66666666666667,45.416666666666664,230.0,99.54166666666667,1015.8249999999999,1014.1,-9.012500000000001,-10.6,,,,317.84321654985695,0.9248076068132554,-5.5625,4.929166666666666,7.9,76.66666666666667,-2.8968799849208637,3.6413504411536484,317.84321654985695,0.0,0,24,35.77,53.69,64.05000000000001,82.88000000000001,114.94000000000001,2.0,144.97,1.0583333333331666,4.537499999999909,1.4708333333331893,0.0,,,3.450000000000001,3.8999999999999995,-0.6711616308090883,0.7413110449262745,-0.6711616308090883,0.7413110449262745,-2.220941321772662,2.791702004884464,0.0,0.0,0.36636245110821386,0.8382513661202184,100.0,0,7.181331633300781,53.69,0.28583333333333333,96.95670833333334,20.541293159739787,0.0,-0.6875,351,12,2020,76
2020-12-17,8.19,11.7,24,1.68,-7.3,-3.7,-5.170833333333333,9.3,6.291666666666667,-3.728873953869312,4.634868013642467,77.95833333333333,63.208333333333336,306.0,95.08333333333333,1020.0208333333334,1016.8,-8.416666666666666,-10.6,,,,317.8104572085735,0.9220249981605357,-5.170833333333333,6.291666666666667,9.3,77.95833333333333,-3.728873953869312,4.634868013642467,317.8104572085735,0.0,0,24,27.86,43.96,72.17,87.64,123.13000000000001,2.0,153.16,4.195833333333439,7.379166666666606,5.523809523809518,0.0,,,3.2458333333333327,3.3,-0.6715853718739476,0.7409271814995934,-0.6715853718739476,0.7409271814995934,-2.906967986537284,3.6132658556354396,0.0,1.0,0.18630573248407642,0.609117361784675,76.167,1,2.8619362255859375,43.96,0.302,51.52875,114.21385550953913,6.291666666666667,0.3916666666666666,352,12,2020,77
2020-12-18,12.67,18.0,24,1.19,-4.6,1.2,-1.8291666666666666,6.0,3.9291666666666667,-3.640086134866426,-0.27524202169594125,79.0,47.458333333333336,213.0,97.08333333333333,1019.7125,1017.0,-5.0249999999999995,-8.3,,,,264.5468686437703,0.9265793084569406,-1.8291666666666666,3.9291666666666667,6.0,79.0,-3.640086134866426,-0.27524202169594125,264.5468686437703,0.0,1,24,20.86,40.53,84.84,97.37,135.8,3.0,165.83,-0.30833333333339397,4.945833333333212,4.782142857142844,0.0,,,3.195833333333333,3.700000000000001,-0.99547426831688,-0.09503147435966859,-0.99547426831688,-0.09503147435966859,-2.8756680465444764,-0.2174411971397936,0.0,0.0,0.312607944732297,0.4777227722772277,76.02,2,3.562861672146267,40.53,0.32163888888888886,49.78254166666667,0.0,7.858333333333333,3.341666666666667,353,12,2020,78
2020-12-19,21.21,30.3,24,1.96,-7.7,-1.5,-4.9875,8.6,6.008333333333333,-3.3473234341211273,4.631926073927209,84.33333333333333,50.375,223.0,96.70833333333333,1020.8791666666666,1017.4,-7.2,-10.2,,,,322.9330754945173,0.9512820634884381,-4.9875,6.008333333333333,8.6,84.33333333333333,-3.3473234341211273,4.631926073927209,322.9330754945173,0.0,0,24,33.88,42.07,103.39000000000001,118.02,157.01000000000002,3.0,187.04000000000002,1.1666666666666288,5.054166666666674,4.431547619047592,0.0,,,2.2125000000000004,2.499999999999999,-0.6027474609776997,0.7979320135731718,-0.6027474609776997,0.7979320135731718,-2.8229094294421504,3.906257655678613,0.0,0.0,0.5041597337770383,0.40690589031821256,100.0,0,7.350259909179689,42.07,0.31469444444444444,127.43674999999999,30.07012218318715,0.0,-3.158333333333333,354,12,2020,79
2020-12-20,9.94,14.200000000000001,23,0.91,-8.6,-4.8,-6.679166666666667,10.2,6.6125,-3.3336134384427116,5.518068033176829,84.25,61.833333333333336,275.0,92.91666666666667,1024.6708333333333,1021.9,-8.9125,-10.5,,,,327.62589844847247,0.9746416552975059,-6.673913043478261,6.734782608695652,10.2,84.34782608695652,-3.3538620051208063,5.6495916733078255,328.3566306484402,0.0,0,22,31.15,43.82,105.7,127.96,166.95000000000002,2.0,196.98000000000002,3.7916666666667425,4.649999999999977,6.311309523809541,0.0,,,2.2333333333333325,1.9000000000000004,-0.5354450928880935,0.8445700400215845,-0.5246304602626597,0.8513300653475065,-2.8085693218879846,4.648972317951478,0.0,1.0,0.22683706070287538,0.41456953642384103,100.0,1,3.7946504897211724,43.82,0.3220555555555556,66.94373913043478,109.36385021698314,6.6125,-1.6916666666666673,355,12,2020,80
2020-12-21,0.14,0.2,2,0.07,-6.3,-1.2,-4.533333333333333,6.0,4.808333333333334,-4.45008892583005,1.5159735945942776,77.91666666666667,94.08333333333333,398.0,77.625,1024.8083333333334,1023.9,-7.833333333333333,-9.9,,,,289.4316743268816,0.9773782861344162,-5.55,5.1,5.2,75.0,-4.320561198104205,2.7039015490239424,302.0,0.0,0,2,10.08,31.29,87.92,127.54,163.38,1.0,197.12,0.13750000000004547,5.095833333333417,4.710714285714289,0.0,,,3.3,3.6000000000000005,-0.9430388880809427,0.3326825146698562,-0.8480480961564262,0.5299192642332047,-3.4673609547092474,1.181196092454708,0.0,2.0,0.00447427293064877,0.35589171974522293,0.8400000000000001,2,0.05095540625000001,31.29,0.3224444444444445,0.714,3.742686137859005,9.616666666666667,2.145833333333334,356,12,2020,81
2020-12-22,0.35000000000000003,0.5,3,0.14,-7.1,3.2,-2.2708333333333335,7.1,4.191666666666666,-3.5370633508545204,-1.3183265016546788,74.33333333333333,127.16666666666667,549.0,50.375,1022.6166666666667,1020.3,-6.283333333333334,-10.3,,,,249.8395253680574,0.9062657271969015,-0.9666666666666668,4.033333333333333,4.8,80.66666666666667,-2.498577074787334,-2.9938465470769753,218.72904031159058,0.16666666666666666,1,2,0.49000000000000005,10.43,72.17,116.55000000000001,163.73,2.0,197.47,-2.1916666666667197,1.7375000000000682,1.3976190476189458,0.0,,,4.012500000000001,3.200000000000001,-0.9387310026375539,-0.34465069953083316,-0.6256381364205525,-0.7801134034588934,-2.6292170908018604,-0.9799560328966445,0.0,3.0,0.03355704697986578,0.1445198836081474,2.4850000000000003,3,0.09112043402777778,10.43,0.4036666666666666,1.4116666666666668,0.0,12.575,2.2624999999999997,357,12,2020,82
2020-12-23,0.98,1.4,3,0.49,-4.2,2.7,-0.9291666666666667,6.5,4.258333333333334,-4.107814479105875,-0.5421181261649891,78.54166666666667,129.79166666666666,550.0,56.583333333333336,1022.2833333333333,1019.8,-4.270833333333333,-8.9,,,,262.9346990467317,0.9723865257703692,-0.8333333333333334,3.4,3.8,86.66666666666667,-3.228392983354104,0.11391904040671585,273.248731193426,0.2916666666666667,1,3,1.33,1.47,53.48,117.53,158.34,3.0,198.45000000000002,-0.33333333333337123,-2.3875000000000455,0.1416666666666515,0.0,,,3.3416666666666663,4.7,-0.992406610517066,-0.12300048537314148,-0.9983929257659522,0.056670678313409155,-3.2263459554644065,-0.4257886115920852,0.0,4.0,0.6666666666666666,0.0274869109947644,6.37,4,0.25413645833333326,1.47,0.4083333333333334,3.332,0.0,17.033333333333335,1.3416666666666668,358,12,2020,83
2020-12-24,1.26,1.7999999999999998,5,0.49,-5.1,6.9,1.2166666666666668,5.5,3.4250000000000003,-2.409794818459971,-1.864594677638207,57.458333333333336,98.75,418.0,77.33333333333333,1013.0166666666668,1009.4,-6.583333333333333,-14.4,,,,232.0511142053544,0.8845077665331508,2.6,3.2399999999999998,3.8,79.2,-2.0173913092282136,-2.507168951438156,217.99210924273677,0.125,0,5,2.24,2.59,46.550000000000004,118.72,159.6,3.0,199.71,-9.266666666666538,-11.791666666666629,-8.124404761904657,0.0,,,7.8,9.3,-0.7885596784438297,-0.6149582372263697,-0.6155529448870416,-0.7880955348438987,-1.384627939440125,-1.0713650251929532,0.0,5.0,0.4864864864864865,0.05563909774436089,6.93,5,0.22365944999999993,2.59,0.4106944444444444,4.0824,0.0,17.125,2.1458333333333335,359,12,2020,84
2020-12-25,12.81,18.3,23,1.05,-3.2,0.6,-0.8333333333333334,8.7,5.8374999999999995,-3.4065683290169293,4.202673281920616,82.45833333333333,58.708333333333336,337.0,95.25,1011.7125,1008.9,-3.4791666666666665,-5.7,,,,318.68073033356194,0.9154578356888478,-0.8956521739130435,5.960869565217391,8.7,81.73913043478261,-3.42811968337297,4.416953237082338,321.0457437242406,0.0,1,23,14.07,15.05,46.69,131.53,172.41,3.0,212.52,-1.304166666666788,-10.904166666666697,-8.285714285714334,0.0,,,2.645833333333333,2.5,-0.6602542951256999,0.751042119836208,-0.6286997338439146,0.7776481496567653,-2.808999467968543,3.4654543437170404,0.0,0.0,0.8511627906976744,0.3223388305847077,100.0,6,3.2293394018194714,15.05,0.3273333333333333,76.35873913043478,0.0,35.025,-2.0500000000000003,360,12,2020,85
2020-12-26,6.44,9.2,22,0.56,-4.2,-0.1,-1.8875,6.2,4.095833333333333,-2.7415013023365495,2.3235537670717936,81.83333333333333,56.333333333333336,257.0,97.08333333333333,1021.4458333333333,1017.3,-4.595833333333333,-6.3,,,,312.5658597338856,0.8897424222518345,-1.8772727272727272,3.940909090909091,6.2,81.86363636363636,-2.4661545111135426,2.552008880937122,316.54121666241844,0.0,0,22,19.25,20.51,31.92,135.31,178.85,3.0,218.96,9.733333333333348,-0.8374999999999773,1.3666666666666742,0.0,,,2.708333333333333,2.0999999999999996,-0.7365002797704839,0.6764372386984612,-0.6878325876333936,0.7258693624816727,-2.243461899078743,1.9014414993870843,0.0,1.0,0.31399317406143346,0.6425438596491229,39.928000000000004,1,1.8180413143078515,20.51,0.3103333333333333,25.379454545454546,100.81639641432179,4.095833333333333,-1.0541666666666667,361,12,2020,86
2020-12-27,0.28,0.30000000000000004,4,0.07,-1.9,4.1,0.6208333333333332,6.9,4.345833333333333,-3.8119863634065303,-1.4227276665087185,78.29166666666667,81.95833333333333,385.0,87.25,1022.7916666666666,1021.5,-2.733333333333333,-5.3,,,,251.65805570946895,0.9361903172892799,-0.9500000000000001,3.2,3.6,80.0,-3.173202358385823,0.09520543950393626,271.9846852471808,0.0,1,4,6.720000000000001,19.53,22.26,127.96000000000001,179.13,4.0,219.24,1.345833333333303,9.774999999999864,2.980952380952317,0.0,,,3.354166666666666,3.4,-0.9491953600615818,-0.3146874138531189,-0.9994001197043244,0.034632365425740934,-2.984467657017029,-1.113877202237451,0.0,2.0,0.014336917562724014,0.8773584905660378,1.9320000000000004,2,0.073584,19.53,0.4067222222222222,0.8960000000000001,8.114142863922233,8.691666666666666,2.5083333333333333,362,12,2020,87
2020-12-28,1.19,1.7,10,0.21,-0.6,5.7,2.3958333333333335,5.7,3.9499999999999997,-3.2814076795145515,0.000949839040917925,84.54166666666667,69.875,397.0,95.16666666666667,1020.3791666666666,1018.0,0.008333333333333326,-4.5,,,,269.8280656240912,0.8355779389738186,2.1399999999999997,3.71,4.9,82.5,-3.0160768794660853,-0.9738519293935294,255.2279295688527,0.0,0,6,1.47,7.91,23.310000000000002,111.23,159.88,4.0,220.43,-2.4125000000000227,8.666666666666629,1.2011904761903907,0.0,,,2.3875,3.9,-0.9999954975401708,-0.003000816453276968,-0.9669477940701215,-0.2549744370381584,-2.7741567423895943,0.0008030097558426959,0.0,3.0,0.15044247787610618,0.3393393393393393,6.7829999999999995,3,0.22299090187499998,7.91,0.45505555555555555,4.414899999999999,0.0,11.85,1.7750000000000004,363,12,2020,88
2020-12-29,0.0,0.0,0,0.0,-1.9,8.5,3.3874999999999997,6.9,4.1375,-2.0357585687505035,-1.1791527563146784,70.66666666666667,110.29166666666667,465.0,79.16666666666667,1017.2125,1008.8,-1.7375,-5.2,,,,242.2054019966053,0.5971939658832162,0.0,0.0,0.0,0.0,0.0,0.0,,0.08333333333333333,1,0,1.19,1.47,22.96,95.13,159.74,4.0,220.43,-3.1666666666666288,-4.2333333333333485,-1.1934523809522943,0.0,,,5.125,3.3000000000000003,-0.8846249434410268,-0.4663032376490218,-0.8846249434410268,-0.4663032376490218,-1.4386027219170225,-0.8332679477957062,1.0,4.0,0.0,0.06402439024390244,0.0,4,0.0,0.735,0.49797222222222226,0.0,-0.0,16.55,0.9916666666666663,364,12,2020,89
2020-12-30,31.57,45.0,23,3.01,-7.0,6.5,0.0625,20.0,8.7125,-4.494702493628892,5.769703554694615,81.95833333333333,24.208333333333332,133.0,98.70833333333333,1000.6333333333333,991.8,-2.8166666666666664,-9.7,,,,308.319468318601,0.7116701310093245,-0.21739130434782608,8.956521739130435,20.0,83.47826086956522,-4.594818644583266,6.115865927580394,311.6702523931556,0.0,0,23,31.57,32.76,53.55,107.03,189.91,3.0,252.0,-16.57916666666665,-22.158333333333303,-14.679761904761904,0.0,,,2.8791666666666664,2.6999999999999993,-0.784565732835197,0.6200456522392285,-0.7469834650357631,0.6648426151828454,-3.6837832520700124,4.728752871701795,0.0,0.0,0.9636752136752137,0.611764705882353,100.0,0,7.161250177221169,32.76,0.4337777777777778,282.75739130434783,0.0,0.0,-3.3249999999999997,365,12,2020,90
2020-12-31,15.82,22.7,24,1.75,-9.1,-6.5,-7.9624999999999995,11.2,6.4125000000000005,-4.517618212664501,3.4610712788105746,75.91666666666667,58.666666666666664,267.0,98.75,1012.3708333333334,1008.1,-11.483333333333334,-13.0,,,,299.288514864362,0.867659547592246,-7.9624999999999995,6.4125000000000005,11.2,75.91666666666667,-4.517618212664501,3.4610712788105746,299.288514864362,0.0,0,24,47.39,47.39,68.11,114.66,205.73000000000002,3.0,267.82,11.737500000000068,-8.008333333333212,-2.8499999999997954,0.0,,,3.520833333333335,3.9000000000000004,-0.8721673533028788,0.48920763263940553,-0.8721673533028788,0.48920763263940553,-3.429625159781134,2.627529945830361,0.0,0.0,0.33382570162481534,0.6957862281603289,100.0,1,6.534725223632811,47.39,0.2921666666666667,101.44575,482.53244831746395,6.4125000000000005,-8.024999999999999,366,12,2020,91
2021-01-01,15.05,21.6,24,1.05,-8.4,-1.6,-5.279166666666667,7.9,4.266666666666667,-0.354313883950272,3.5214596130820106,80.125,49.166666666666664,202.0,96.875,1016.2458333333334,1013.1,-8.216666666666667,-11.7,,,,349.9361378022528,0.7568313370639966,-5.279166666666667,4.266666666666667,7.9,80.125,-0.354313883950272,3.5214596130820106,349.9361378022528,0.0,0,24,30.87,62.44,70.35,117.03999999999999,220.78,2.0,282.87,3.875,-0.9666666666665833,0.3773809523810314,0.0,,,2.9375,3.299999999999999,-0.17474574182853,0.9846135920820902,-0.17474574182853,0.9846135920820902,-0.2838939995151555,2.8215695149819613,0.0,0.0,0.24103139013452918,0.8875621890547264,100.0,2,5.44218451388889,62.44,0.29986111111111113,64.21333333333334,11.532916922581355,8.533333333333333,2.6833333333333327,1,1,2020,92
2021-01-02,12.53,17.9,23,0.98,-8.4,-1.2,-3.375,9.7,5.370833333333334,-3.6774271875254807,2.396029310545353,76.41666666666667,51.666666666666664,281.0,95.875,1018.5500000000001,1016.2,-6.920833333333333,-11.3,,,,292.25354689165647,0.7845929727739042,-3.1565217391304343,5.22608695652174,9.7,76.26086956521739,-3.4755826575536135,2.389611722695681,292.5477049815564,0.0,0,23,27.58,43.4,76.44,108.36,229.88,2.0,295.40000000000003,2.3041666666666742,17.916666666666742,3.0952380952381873,0.0,,,3.5458333333333334,2.9000000000000004,-0.9255170620251075,0.37870591215402655,-0.9235605866449562,0.383452530042539,-2.8101672758007212,1.830965731475074,0.0,0.0,0.2887096774193548,0.5677655677655677,100.0,3,3.8520533107277872,43.4,0.2891666666666666,65.4828695652174,67.26990233695041,16.1125,1.9041666666666668,2,1,2020,93
2021-01-03,4.76,6.8,24,0.63,-9.6,-3.3,-6.904166666666666,10.7,8.608333333333333,-7.454658453878689,2.702482194019567,77.375,52.375,242.0,98.08333333333333,1024.925,1023.0,-10.220833333333333,-11.9,,,,284.41997988907,0.8825513247637607,-6.904166666666666,8.608333333333333,10.7,77.375,-7.454658453878689,2.702482194019567,284.41997988907,0.0,0,24,17.29,32.34,80.92,103.18,231.7,1.0,300.16,6.374999999999886,12.55416666666656,9.16547619047617,0.0,,,3.3166666666666673,2.3000000000000007,-0.9684963803832275,0.24902763136765915,-0.9684963803832275,0.24902763136765915,-5.768041978688635,2.09104559762264,0.0,1.0,0.14718614718614717,0.39965397923875434,50.931999999999995,4,1.7951397400173612,32.34,0.29283333333333333,40.97566666666666,456.2250973773676,34.43333333333333,-3.529166666666666,3,1,2020,94
2021-01-04,7.0,10.0,23,0.77,-4.6,-0.2,-2.5833333333333335,6.6,4.041666666666667,-3.801773839150582,-0.40077554722139314,80.33333333333333,57.458333333333336,290.0,94.16666666666667,1026.0291666666667,1024.3,-5.533333333333334,-7.2,,,,265.1227540248432,0.9351974843623455,-2.5043478260869567,3.930434782608696,6.5,80.1304347826087,-3.6874665092187575,-0.3536493988975619,265.50008058268253,0.0,0,22,11.76,24.29,86.73,110.04,238.14,1.0,307.16,1.1041666666667425,9.783333333333303,9.462499999999977,0.0,,,2.9500000000000006,2.6000000000000005,-0.9963791394702205,-0.08502123516265192,-0.9969174440796136,-0.0784576936302011,-3.054091650784301,-0.32195635626785246,0.0,2.0,0.2881844380403458,0.2800645682001614,46.199999999999996,5,2.0807506616257085,24.29,0.3060833333333333,27.513043478260872,18.72925697807489,20.208333333333336,4.320833333333333,4,1,2020,95
2021-01-05,6.79,9.8,23,0.84,-4.4,0.9,-1.0625,7.4,4.6375,-4.2029095181688545,-1.0998522308489664,78.79166666666667,58.416666666666664,306.0,98.29166666666667,1020.7875,1016.4,-4.3125,-6.6,,,,256.593796858698,0.9335650309039064,-1.1304347826086956,4.643478260869565,7.4,78.82608695652173,-4.214523467561967,-1.0528178369246382,257.3120565414336,0.0,1,12,13.79,18.55,93.52000000000001,116.48,244.93,1.0,313.95,-5.241666666666674,2.2374999999999545,3.7101190476190595,0.0,,,3.25,2.1999999999999993,-0.9727507822659979,-0.2318532199493662,-0.9755807837806645,-0.2196409213191027,-3.31154245785721,-0.8665919035564148,0.0,3.0,0.3660377358490566,0.19835329341317365,50.246,6,1.7797244612476366,18.55,0.32158333333333333,31.529217391304346,0.0,27.825000000000003,1.5208333333333335,5,1,2020,96
2021-01-06,0.9800000000000001,1.5,11,0.21,-3.8,-0.3,-1.7125000000000001,8.7,4.95,-3.990835973043288,-1.0434963680503067,73.58333333333333,86.83333333333333,388.0,88.58333333333333,1014.275,1011.1,-5.820833333333333,-7.9,,,,250.86569386032312,0.8249688067463046,-1.8090909090909089,5.363636363636363,8.7,73.81818181818181,-4.492078444015808,-0.9775313112442411,250.21579197166656,0.0,0,6,7.7700000000000005,14.77,62.93,116.48,245.35,1.0,314.93,-6.5125000000000455,-10.649999999999977,-4.751190476190686,0.0,,,4.1083333333333325,4.1000000000000005,-0.9447528194006477,-0.327783633262137,-0.9409740968044018,-0.3384785800359312,-2.936590136831019,-0.7678394108236839,0.0,4.0,0.06635071090047394,0.2347052280311457,8.526,6,0.26992495351239665,14.77,0.30316666666666664,5.256363636363637,0.0,29.700000000000003,-0.6500000000000001,6,1,2020,97
2021-01-07,15.33,22.0,23,1.75,-10.2,-0.8,-4.533333333333333,10.2,5.779166666666666,-2.54035477981664,-0.4881474294285926,77.16666666666667,58.833333333333336,436.0,97.0,1007.4333333333334,1000.7,-8.0,-13.5,,,,241.640954680312,0.4798110408752705,-4.6521739130434785,5.7956521739130435,10.2,77.34782608695652,-2.6181295639310873,-0.27687351022094536,245.85770539738616,0.0,0,13,16.310000000000002,23.1,62.44,130.55,249.34,1.0,330.26,-6.841666666666583,-18.595833333333303,-10.887500000000045,0.0,,,3.466666666666667,3.3000000000000007,-0.8799883214563323,-0.4749953200827002,-0.912532507145863,-0.4090041850667123,-1.9603071050918404,-0.376687099709064,0.0,0.0,0.6636363636363636,0.36995515695067266,100.0,0,5.208631029655009,23.1,0.29644444444444445,88.84734782608696,0.0,0.0,-2.820833333333333,7,1,2020,98
2021-01-08,10.99,15.7,24,1.26,-12.9,-7.3,-9.799999999999999,8.7,5.7124999999999995,-5.283912219835373,0.793016760774169,71.29166666666667,53.625,281.0,99.75,1011.8916666666668,1009.9,-14.020833333333334,-16.9,,,,275.7288568406646,0.9213531988068192,-9.799999999999999,5.7124999999999995,8.7,71.29166666666667,-5.283912219835373,0.793016760774169,275.7288568406646,0.0,0,24,26.32,27.3,58.379999999999995,128.73,260.33,1.0,341.25,4.458333333333371,-8.895833333333258,-5.807142857142821,0.0,,,4.220833333333335,3.9999999999999982,-0.9950054216781438,0.09982089376027119,-0.9950054216781438,0.09982089376027119,-3.7669890867243017,0.5653548657019181,0.0,0.0,0.4025641025641026,0.4676258992805756,95.613,1,5.051596429687499,27.3,0.2733888888888889,62.78037499999999,303.8910015432845,5.7124999999999995,-5.266666666666666,8,1,2020,99
2021-01-09,10.29,14.6,24,0.91,-8.3,-5.2,-6.933333333333334,7.9,5.070833333333334,-4.469569562919481,-1.0329103307965066,69.33333333333333,57.5,219.0,98.375,1011.375,1010.0,-11.616666666666667,-13.2,,,,255.48993011469872,0.9011744751446913,-6.933333333333334,5.070833333333334,7.9,69.33333333333333,-4.469569562919481,-1.0329103307965066,255.48993011469872,0.0,0,24,21.28,36.61,56.14,132.58,270.55,1.0,351.54,-0.5166666666667652,-2.8999999999999773,-5.298809523809609,0.0,,,4.683333333333334,4.899999999999999,-0.9681036204756078,-0.2505501547036445,-0.9681036204756078,-0.2505501547036445,-3.0989015636241732,-0.7161511626855779,0.0,0.0,0.28107074569789675,0.6521197007481296,81.291,2,4.079986786458333,36.61,0.26944444444444443,52.178875,0.0,10.141666666666667,2.8666666666666654,9,1,2020,100
2021-01-10,5.11,7.3,16,0.77,-7.3,-3.3,-5.7250000000000005,6.5,4.608333333333333,-3.6393078737270312,0.9573138145586494,71.375,102.45833333333333,466.0,85.79166666666667,1017.8791666666666,1012.8,-10.108333333333333,-11.3,,,,287.2657208759812,0.7921869785017315,-6.10625,4.05625,5.6,73.25,-2.721643072385116,0.9892736893581477,292.5473277182802,0.0,0,11,15.399999999999999,26.39,56.49,137.41,275.66,1.0,356.65000000000003,6.504166666666606,10.445833333333212,2.211904761904634,0.0,,,4.383333333333332,4.000000000000001,-0.9549385431210182,0.29680360318215016,-0.9235631114628728,0.3834464488621809,-2.5975559948726685,0.6832827351412359,0.0,1.0,0.19363395225464192,0.4671623296158612,33.215,3,1.9532480343017578,26.39,0.30622222222222223,20.727437500000004,129.22474709479093,13.825,1.208333333333333,10,1,2020,101
2021-01-11,5.53,7.9,10,1.05,-8.5,-0.5,-4.745833333333334,11.1,5.708333333333333,-4.006714063744537,-0.3602158877626194,70.70833333333333,112.83333333333333,430.0,89.45833333333333,1023.625,1019.3,-9.320833333333333,-11.8,,,,260.4235307632682,0.5898961783999036,-6.529999999999999,6.56,11.1,74.7,-5.555665002436072,1.5116289557355769,279.8728526518173,0.0,0,9,10.64,20.93,55.019999999999996,141.75,278.53000000000003,1.0,362.18,5.745833333333394,11.733333333333235,8.301190476190527,0.0,,,4.574999999999999,3.3000000000000007,-0.9860644440556663,-0.16636379464652054,-0.9851906774066371,0.17146232574840314,-2.8330807359060333,-0.2547026506388188,0.0,2.0,0.26421404682274247,0.3804071246819339,61.383,4,2.097880155,20.93,0.3109166666666667,36.2768,271.33636385856295,22.833333333333332,0.979166666666667,11,1,2020,102
2021-01-12,3.08,4.4,21,0.28,-5.0,1.3,-1.8791666666666667,5.1,3.9958333333333336,-3.0075305235478624,-1.8492099561006974,76.66666666666667,59.166666666666664,265.0,97.29166666666667,1014.8416666666667,1011.3,-5.445833333333333,-9.7,,,,240.0392307489231,0.8916206926330229,-1.480952380952381,4.019047619047619,5.1,77.66666666666667,-2.9583619809245,-1.8541703404661487,239.8289362524038,0.0,1,18,8.61,13.72,51.31,144.83,273.97999999999996,1.0,365.26,-8.783333333333303,3.466666666666697,0.3672619047619037,0.0,,,3.5666666666666664,4.699999999999999,-0.8663675536202043,-0.49940691027872486,-0.8645287333338709,-0.502583395308811,-2.3057734013866944,-1.4177276330105348,0.0,3.0,0.22448979591836735,0.2673942701227831,15.707999999999998,5,0.8396211825396827,13.72,0.3238888888888889,12.378666666666668,0.0,19.979166666666668,2.866666666666667,12,1,2020,103
2021-01-13,1.54,2.2,13,0.21,-3.2,2.2,-0.9041666666666667,5.5,4.125,-3.3110998146505044,-2.261911303317968,76.54166666666667,73.5,312.0,76.125,1015.2416666666667,1012.6,-4.5249999999999995,-6.9,,,,235.03742739704165,0.9720642121840578,-0.9384615384615386,3.9615384615384617,4.6,77.3076923076923,-2.8209109505455867,-2.7082186687214542,226.0483665613886,0.041666666666666664,1,13,4.62,10.149999999999999,51.87,114.8,257.6,2.0,366.8,0.39999999999997726,-2.637499999999932,0.629166666666606,0.0,,,3.6208333333333327,3.7,-0.8195265475779298,-0.573041218251357,-0.7199259438222485,-0.6940508882003139,-2.534370983130407,-1.7313046100812948,0.0,4.0,0.1517241379310345,0.19568151147098514,8.47,6,0.40027669748520706,10.149999999999999,0.3530277777777778,6.100769230769231,3.6107660166981463,24.75,0.975,13,1,2020,104
2021-01-14,2.52,3.6,14,0.56,-3.2,3.9,1.7041666666666666,5.6,3.420833333333333,-0.9720153809365201,0.42973544993038276,76.70833333333333,45.625,198.0,74.83333333333333,1019.6916666666666,1016.1,-2.1166666666666667,-7.7,,,,283.9629883111857,0.3039587071355189,2.692857142857143,3.2285714285714286,4.9,78.71428571428571,-0.998303219115094,1.150637748877965,293.18255345795706,0.08333333333333333,0,14,4.0600000000000005,7.140000000000001,39.059999999999995,101.5,244.02,2.0,369.32,4.449999999999932,-3.933333333333394,3.3279761904761926,0.0,,,3.8208333333333333,4.5,-0.970451799517994,0.24129505757948527,-0.9192552517968413,0.39366201498738207,-0.7456167984600556,0.32964290138409774,0.0,5.0,0.3529411764705882,0.18279569892473121,14.111999999999998,6,0.44177158928571436,7.140000000000001,0.3727777777777778,8.136000000000001,14.21583784019872,20.525,2.6083333333333334,14,1,2020,105
2021-01-15,0.0,0.0,0,0.0,-0.6,4.3,1.8958333333333333,7.1,4.008333333333334,0.5304950000909313,-2.4795518664965823,65.625,148.0,591.0,8.666666666666666,1021.3000000000001,1016.9,-3.9375,-7.8,,,,186.96018187847244,0.33334377609889587,0.0,0.0,0.0,0.0,0.0,0.0,,0.9166666666666666,1,0,2.52,4.0600000000000005,28.07,86.44999999999999,224.35000000000002,3.0,369.32,1.6083333333334622,6.458333333333371,3.59226190476204,0.0,,,5.833333333333333,7.2,-0.12117953681519981,-0.9926306059442523,-0.12117953681519981,-0.9926306059442523,0.3481373438096737,-1.6272059123883822,1.0,6.0,0.0,0.14463840399002495,0.0,6,0.0,2.0300000000000002,0.41297222222222224,0.0,-0.0,24.050000000000004,0.19166666666666665,15,1,2020,106
2021-01-16,13.65,19.6,18,2.03,-7.0,4.0,0.025000000000000095,9.9,6.45,-3.958969845534473,0.45489702169575574,78.08333333333333,39.0,162.0,81.5,1015.3375,1011.6,-3.483333333333333,-8.7,,,,268.5665827999777,0.5647197692915049,-0.461111111111111,6.705555555555556,9.9,83.38888888888889,-5.082147266051534,2.4646356377937226,293.27488391259584,0.125,1,18,13.65,16.17,31.43,87.57000000000001,229.81,4.0,382.97,-5.962500000000091,0.09583333333330302,-2.9363095238094274,0.0,,,3.508333333333333,1.6999999999999993,-0.999687069920551,-0.025015240028097362,-0.9186196837957857,0.3951428558672556,-3.091295621054834,0.35519875777410254,0.0,0.0,0.8441558441558441,0.5144766146993319,100.0,0,3.2706309736689816,16.17,0.37516666666666665,91.53083333333333,0.0,0.0,-1.8708333333333331,16,1,2020,107
2021-01-17,1.75,2.5,15,0.35,-7.0,0.2,-3.391666666666667,10.5,6.516666666666667,-5.807740475535913,2.276032194733672,74.0,80.125,341.0,95.08333333333333,1017.3874999999999,1013.2,-7.370833333333334,-10.5,,,,288.2411497628161,0.9547448822403701,-3.9733333333333336,7.8533333333333335,10.5,74.73333333333333,-6.810601205147138,3.2329508137853695,293.51246811273165,0.0,1,9,15.4,15.4,28.07,84.56,218.89,5.0,384.72,2.0499999999999545,-2.3041666666666742,-0.8160714285714903,0.0,,,3.9791666666666665,3.5,-0.9497474879630757,0.31301710673352545,-0.9169732810397654,0.39894862057559155,-4.297727951896575,1.6842638241029175,0.0,1.0,0.11363636363636363,0.5486284289276808,18.375,1,0.5513207777777778,15.4,0.3045277777777778,13.743333333333334,97.73212729385925,6.516666666666667,-3.416666666666667,17,1,2020,108
2021-01-18,11.48,16.5,20,1.68,-5.1,-2.1,-3.716666666666667,7.7,4.445833333333334,-3.6593032997897836,-2.0852908892792845,75.875,76.29166666666667,439.0,97.25,1015.3166666666666,1010.6,-7.408333333333334,-8.1,,,,238.9954239832148,0.8984712210675561,-3.7350000000000003,4.3100000000000005,6.6,76.45,-3.475779153067022,-2.1436211427699,236.08527310765334,0.0,0,12,13.23,26.880000000000003,34.02,89.04,209.16,5.0,396.2,-2.0708333333333258,-5.983333333333462,-1.7000000000000455,0.0,,,3.6916666666666673,3.0,-0.8571261636492946,-0.5151065322706,-0.8298688989144594,-0.5579584309018933,-2.7764963787154984,-1.582214462240657,0.0,0.0,0.4270833333333333,0.7901234567901234,88.396,2,3.729572713125,26.880000000000003,0.30377777777777776,49.47880000000001,0.0,8.891666666666667,-0.32499999999999973,18,1,2020,109
2021-01-19,14.49,20.7,24,1.68,-9.7,-5.0,-7.4624999999999995,16.6,11.525,-5.192918431134191,9.185907991701272,83.33333333333333,66.875,280.0,97.75,1022.6291666666667,1010.6,-9.8125,-13.4,,,,336.70437174672435,0.8487381526630419,-7.4624999999999995,11.525,16.6,83.33333333333333,-5.192918431134191,9.185907991701272,336.70437174672435,0.0,0,24,25.97,27.72,45.43000000000001,96.74,213.70999999999998,4.0,410.69,7.312500000000114,7.2916666666667425,4.5,0.0,,,2.3500000000000005,3.700000000000001,-0.3954754226904079,0.918476559334991,-0.3954754226904079,0.918476559334991,-4.327432025945159,7.654923326417727,0.0,0.0,0.5227272727272727,0.6101694915254237,100.0,0,5.414481413085937,27.72,0.3223611111111111,166.99725,368.34019546839284,0.0,-3.7458333333333327,19,1,2020,110
2021-01-20,0.14,0.2,2,0.07,-10.2,2.0,-4.616666666666666,11.0,5.254166666666666,-3.8378762496692844,2.4816245692707395,61.75,156.5,600.0,32.625,1030.4916666666666,1026.6,-11.200000000000001,-15.6,,,,308.4369338958742,0.6428311147241386,-9.8,10.75,11.0,73.5,-9.164392857546435,5.61850584656041,301.5,0.5833333333333334,1,2,14.63,26.11,44.03,95.9,213.71,4.0,410.83,7.862499999999841,13.104166666666629,10.183928571428396,0.0,,,6.583333333333335,5.4,-0.7832928914336758,0.6216528341682935,-0.8526401643540921,0.522498564715949,-2.3698885841707833,1.5324031715246815,0.0,1.0,0.005361930294906167,0.5930047694753576,1.54,1,0.0599878125,26.11,0.35461111111111115,1.5050000000000001,734.9613961930653,5.254166666666666,2.845833333333333,20,1,2020,111
2021-01-21,0.0,0.0,0,0.0,-5.7,8.0,-0.2958333333333334,4.3,2.408333333333333,-2.311444688344147,0.34871210910851347,44.666666666666664,157.875,600.0,4.5,1023.4083333333333,1020.1,-11.229166666666666,-16.6,,,,279.7840652467448,0.957218632313487,0.0,0.0,0.0,0.0,0.0,0.0,,0.9166666666666666,1,0,0.14,14.63,41.51,80.57000000000001,213.36,5.0,410.83,-7.0833333333332575,8.091666666666697,2.569642857142867,0.0,,,10.933333333333334,10.900000000000002,-0.9854551980028345,0.16993543694354674,-0.9854551980028345,0.16993543694354674,-1.032445294127052,0.15575807540180267,1.0,2.0,0.0,0.35244519392917373,0.0,2,0.0,7.315,0.43191666666666667,0.0,-0.0,4.816666666666666,4.320833333333333,21,1,2020,112
2021-01-22,8.61,12.4,16,0.98,-4.9,3.2,0.5666666666666667,5.7,3.920833333333333,-3.6193857735492645,1.3051053513174595,83.83333333333333,36.75,171.0,92.70833333333333,1019.7583333333333,1019.1,-1.9041666666666668,-11.4,,,,287.71420627897663,0.9820891691742951,1.2437500000000001,3.8625,5.7,85.375,-3.615471000846972,1.12473088537852,285.98471345407717,0.0,0,16,8.61,8.75,50.120000000000005,78.19,220.99,4.0,419.44,-3.6499999999999773,-2.870833333333394,-0.8601190476190368,0.0,,,2.470833333333333,6.5,-0.952586068085303,0.30426926050750247,-0.9613352019251536,0.2753808808532722,-3.0342517401588,1.0941133195211368,0.0,3.0,0.984,0.17458100558659218,49.077,3,1.7937831423339847,8.75,0.37505555555555553,33.256125,0.0,11.7625,0.8625,22,1,2020,113
2021-01-23,4.76,6.8,15,0.7,-0.4,4.7,2.795833333333333,5.6,4.058333333333334,0.36392019383073576,-2.008032036502993,89.41666666666667,41.291666666666664,187.0,94.41666666666667,1020.1083333333332,1019.3,1.2041666666666666,-1.9,,,,170.33072585453002,0.47628580908223284,3.64,4.126666666666667,5.6,93.0,2.5186643828966706,-3.0712876158069045,139.13162047998512,0.0,0,15,13.37,13.37,41.230000000000004,72.66000000000001,224.49,3.0,424.2,0.34999999999990905,-10.383333333333326,-1.1916666666668334,0.0,,,1.5916666666666663,1.5,0.1679607547984086,-0.9857936826981338,0.6543235724939047,-0.7562146933766983,0.32540530665031625,-1.7955153126397598,0.0,4.0,0.35602094240837695,0.3242784380305602,26.656,4,0.7177996700000001,13.37,0.43002777777777784,19.642933333333335,0.0,16.233333333333334,2.229166666666666,23,1,2020,114
2021-01-24,10.29,14.8,22,0.98,1.6,4.0,2.8375,8.2,5.829166666666667,1.7588632189648337,-4.495265607418172,93.0,51.041666666666664,239.0,96.83333333333333,1021.2666666666668,1019.4,1.8250000000000002,0.6,,,,159.93500885058148,0.7493593264274663,2.8363636363636364,6.027272727272727,8.2,93.0909090909091,2.0997861398674917,-5.181953847178756,158.6486060468981,0.0,0,22,15.049999999999999,23.659999999999997,49.77,77.84,221.97,2.0,434.49,1.1583333333335304,-2.141666666666538,-0.5874999999998636,0.0,,,1.0124999999999997,1.0,0.34308582537192933,-0.9393040596254559,0.3640868053842887,-0.931365018746712,1.6357427936372955,-4.1805970148989,0.0,0.0,0.4349112426035503,0.47538677918424743,84.37799999999999,5,1.70400380268595,23.659999999999997,0.43291666666666667,62.020636363636356,0.0,29.145833333333332,0.04166666666666696,24,1,2020,115
2021-01-25,0.0,0.0,0,0.0,-1.4,5.5,2.15,6.6,3.891666666666667,-1.26887786469991,0.9144296951795123,72.875,164.375,600.0,24.583333333333332,1026.2416666666666,1024.2,-2.533333333333333,-7.0,,,,304.33151435196186,0.41679357912574394,0.0,0.0,0.0,0.0,0.0,0.0,,0.625,1,0,10.29,15.049999999999999,38.29,72.31,215.53,3.0,434.49,4.974999999999795,6.483333333333235,2.82678571428562,0.0,,,4.683333333333334,5.6,-0.8257882137669863,0.5639803418591203,-0.8257882137669863,0.5639803418591203,-0.9246947439000595,0.6663906403620696,1.0,1.0,0.0,0.3930530164533821,0.0,6,0.0,7.5249999999999995,0.4747222222222222,0.0,-0.0,23.35,-0.6875,25,1,2020,116
2021-01-26,1.33,1.9,3,0.7,-0.8,4.3,2.1,7.5,4.758333333333334,-0.13608402486682097,-4.0708706508725365,60.583333333333336,108.54166666666667,408.0,70.08333333333333,1022.9541666666668,1016.9,-5.333333333333333,-12.1,,,,185.3475037106646,0.8200892647701412,1.8666666666666665,6.033333333333334,7.4,87.66666666666667,0.34694449153548046,-5.8864140527784565,175.61239156684977,0.25,1,3,1.33,11.62,25.13,70.56,216.58,4.0,435.82,-3.2874999999997954,2.8458333333335304,-0.5071428571426395,0.0,,,7.433333333333334,11.299999999999999,-0.09319610712589405,-0.995647771863413,0.0765033901052584,-0.9970693212121224,-0.08244423839848239,-2.466269135986945,0.0,2.0,0.11445783132530121,0.4623955431754875,9.975000000000001,2,0.25003815277777786,11.62,0.36986111111111114,8.024333333333335,0.0,9.516666666666667,-0.04999999999999982,26,1,2020,117
2021-01-27,8.82,13.7,16,1.4,-1.0,5.7,2.629166666666667,13.2,6.254166666666666,-2.7153174479989777,4.160999672018395,89.45833333333333,68.58333333333333,286.0,92.75,1016.4499999999999,1012.8,1.0708333333333333,-2.7,,,,316.7252561023504,0.7593024899305671,3.39375,6.85,13.2,89.8125,-2.8621849904003343,4.15786018722685,309.35411689335797,0.0,0,9,10.15,10.15,33.81,77.84,224.21,3.0,444.64,-6.504166666666833,-4.816666666666833,-5.005357142857179,0.0,,,1.5583333333333336,1.7000000000000002,-0.685497482517639,0.728074997141077,-0.7732416250224828,0.6341114959788934,-2.4290777336890854,3.7223609565931226,0.0,3.0,0.8689655172413793,0.3002070393374741,100.0,3,1.3319500605468761,10.15,0.47058333333333335,60.417,0.0,18.7625,0.5291666666666668,27,1,2020,118
2021-01-28,0.07,0.1,1,0.07,-1.7,3.8,1.0166666666666666,7.6,4.504166666666666,1.677654283071526,-3.6038467479106857,82.16666666666667,103.20833333333333,488.0,83.16666666666667,1011.4208333333332,1002.2,-1.7041666666666666,-4.6,,,,153.7186333621757,0.7235330053045543,3.2,7.5,7.5,83.0,4.301823272632845,-6.14364033216744,145.0,0.0,1,1,8.89,10.22,33.879999999999995,75.39,224.28,3.0,444.71000000000004,-5.029166666666697,-14.820833333333326,-8.322023809523898,0.0,,,2.720833333333333,2.8999999999999995,0.4427796178905964,-0.8966304757148608,0.5735764363510459,-0.8191520442889919,1.3784726025904375,-2.9611607445332804,0.0,4.0,0.006849315068493151,0.3016528925619835,0.532,4,0.010784374999999995,10.22,0.42713888888888896,0.525,0.0,18.016666666666666,-1.6125000000000003,28,1,2020,119
2021-01-29,24.99,35.6,23,2.17,-7.4,1.2,-4.658333333333333,14.1,9.0,-6.466705961390865,4.0860009235397765,78.16666666666667,54.666666666666664,205.0,95.54166666666667,1007.1416666666668,1000.5,-7.916666666666667,-10.3,,,,299.92187087448747,0.8266894342719214,-4.8304347826086955,9.078260869565218,14.1,77.91304347826087,-6.73148366036659,4.576267600660329,302.43764930863,0.0,1,23,25.06,33.879999999999995,50.26,100.38,217.70000000000002,4.0,469.7,-4.27916666666647,-15.8125,-10.798809523809496,0.0,,,3.2583333333333337,2.9000000000000004,-0.8667064036558729,0.49881861418946966,-0.8439756490999452,0.5363814908498673,-5.0548084931538595,3.193890721900259,0.0,0.0,0.737603305785124,0.6740947075208913,100.0,0,8.213902396502833,33.879999999999995,0.3236666666666667,226.8657391304348,0.0,0.0,-5.675,29,1,2020,120
2021-01-30,12.53,18.1,24,1.19,-9.6,-6.0,-7.695833333333333,10.5,6.354166666666667,-2.3007735928773143,5.190862274033116,84.33333333333333,71.625,314.0,98.25,1021.9541666666668,1015.3,-9.883333333333333,-12.1,,,,336.4405373926335,0.796500131762109,-7.695833333333333,6.354166666666667,10.5,84.33333333333333,-2.3007735928773143,5.190862274033116,336.4405373926335,0.0,0,24,37.519999999999996,37.589999999999996,58.03,99.25999999999999,214.41,4.0,482.23,14.8125,5.504166666666833,3.7500000000001137,0.0,,,2.1875,2.5,-0.3997005957241202,0.9166457515189733,-0.3997005957241202,0.9166457515189733,-1.940319063326535,4.377627184434594,0.0,0.0,0.33333333333333337,0.6477683956574185,100.0,1,5.102938011338975,37.589999999999996,0.3288611111111111,79.61770833333334,327.17000490715407,6.354166666666667,-3.0374999999999996,30,1,2020,121
2021-01-31,6.86,9.7,16,0.98,-8.0,-2.9,-5.216666666666667,9.8,7.345833333333334,-4.261817760448241,5.414262781490463,84.20833333333333,78.25,343.0,79.54166666666667,1029.075,1023.2,-7.491666666666667,-11.5,,,,320.08748554562055,0.9257099733760635,-4.3375,7.625,9.8,85.1875,-3.444220684415655,6.6086822172371456,332.49761717657975,0.08333333333333333,0,16,19.39,44.379999999999995,54.6,104.36999999999999,206.22,4.0,489.09000000000003,7.12083333333328,17.65416666666681,9.755357142857179,0.0,,,2.2750000000000004,3.5,-0.6416171792774527,0.7670250290936048,-0.4617855019435162,0.8869916291571047,-3.5888057057774563,4.559260450580094,0.0,1.0,0.15457413249211358,0.8128205128205127,67.22800000000001,2,2.224519130859375,44.379999999999995,0.3328611111111111,52.307500000000005,196.20577165554369,14.691666666666668,2.479166666666666,31,1,2020,122
2021-02-01,14.21,20.3,9,2.31,-7.8,4.3,-2.0625,5.6,4.079166666666667,-2.043561887568472,-2.5057579370364187,74.04166666666667,99.0,512.0,54.916666666666664,1022.3249999999999,1014.0,-6.283333333333334,-12.9,,,,223.97537384284362,0.7768181164320993,0.5666666666666667,4.333333333333333,5.6,91.22222222222223,-1.4898735698053887,-3.7947751347459158,199.56477792645637,0.3333333333333333,1,9,21.07,33.6,68.81,107.1,207.9,4.0,503.3,-6.750000000000114,15.183333333333167,3.5648809523809177,0.0,,,4.220833333333334,5.1000000000000005,-0.6943491286459789,-0.7196383032805924,-0.3348723849175863,-0.9422634906540781,-1.5130872809204896,-1.8553049392140486,0.0,0.0,0.42291666666666666,0.4883011190233978,79.576,3,3.169668784722222,33.6,0.4083611111111112,61.57666666666667,0.0,12.2375,3.154166666666667,32,2,2020,123
2021-02-02,26.6,38.5,24,3.01,-4.7,4.1,0.1541666666666666,10.7,5.579166666666667,-2.747651674404906,3.862639919128655,85.79166666666667,68.58333333333333,269.0,95.75,1012.0958333333333,1009.0,-1.9333333333333333,-7.5,,,,316.34924039021587,0.7327651139643863,0.1541666666666666,5.579166666666667,10.7,85.79166666666667,-2.747651674404906,3.862639919128655,316.34924039021587,0.0,0,24,40.81,47.67,94.08000000000001,119.21000000000001,229.73999999999998,3.0,529.9,-10.229166666666629,-9.858333333333462,-5.113095238095298,0.0,,,2.0875,2.8,-0.6902608330388775,0.7235606279866773,-0.6902608330388775,0.7235606279866773,-2.3572561656665427,3.313823163952459,0.0,0.0,0.5580029368575624,0.5066964285714285,100.0,0,6.0908606976996555,47.67,0.4228055555555555,148.40583333333333,0.0,0.0,2.216666666666667,33,2,2020,124
2021-02-03,12.040000000000001,17.2,24,1.12,-5.8,-3.2,-4.75,7.8,4.408333333333333,-1.746085515198483,2.9853805359317214,82.75,65.5,314.0,96.04166666666667,1018.4916666666667,1014.7,-7.245833333333334,-8.4,,,,331.4617365694089,0.6653079083873822,-4.75,4.408333333333333,7.8,82.75,-1.746085515198483,2.9853805359317214,331.4617365694089,0.0,0,24,38.64,52.85,97.3,131.11,234.78000000000003,3.0,541.94,6.395833333333371,-10.583333333333371,0.9910714285713311,0.0,,,2.4958333333333336,2.6000000000000005,-0.4777455479587033,0.8784982591932885,-0.4777455479587033,0.8784982591932885,-1.4448857638267447,2.4704023934834995,0.0,0.0,0.22781456953642384,0.5431654676258993,93.912,1,4.195101276041668,52.85,0.3195,53.07633333333334,64.77249725755078,4.408333333333333,-4.904166666666667,34,2,2020,125
2021-02-04,18.9,27.0,24,2.1,-5.4,-1.7,-3.766666666666667,7.3,4.291666666666667,-0.8824541820747976,2.7442679253467337,82.20833333333333,62.958333333333336,275.0,97.08333333333333,1017.1374999999999,1012.6,-6.370833333333334,-8.4,,,,324.371013891663,0.4778642829620725,-3.766666666666667,4.291666666666667,7.3,82.20833333333333,-0.8824541820747976,2.7442679253467337,324.371013891663,0.0,0,24,30.939999999999998,57.54,116.13,150.01,246.89,2.0,560.84,-1.3541666666667425,-5.1875,-1.1797619047620174,0.0,,,2.6041666666666665,3.0,-0.5825342457830238,0.8128061592347856,-0.5825342457830238,0.8128061592347856,-0.7254508755139898,2.2560169236287937,0.0,0.0,0.3284671532846715,0.49547920433996384,100.0,2,6.155797265624998,57.54,0.316,81.1125,0.0,8.583333333333334,0.983333333333333,35,2,2020,126
2021-02-05,2.66,3.8,9,0.7,-6.7,1.1,-3.2375000000000003,7.3,5.383333333333333,-4.412608201253923,1.467853472313421,74.25,142.41666666666666,575.0,91.54166666666667,1020.7583333333333,1016.9,-7.229166666666667,-9.4,,,,285.1389721676667,0.87731764167654,-5.933333333333334,6.300000000000001,7.1,80.11111111111111,-4.018972567072658,4.596749478710817,317.801837591575,0.0,1,9,21.56,33.599999999999994,93.8,144.05999999999997,248.57,2.0,563.5,3.620833333333394,8.662500000000023,0.49583333333339397,0.0,,,3.9916666666666667,2.7,-0.9652952142990365,0.26116115570922344,-0.6716968298752575,0.7408261393441308,-3.276361589431038,1.089881203192715,0.0,1.0,0.07916666666666669,0.3582089552238805,19.418,3,0.9761257916666668,33.599999999999994,0.3668888888888889,16.758000000000003,97.49859990528137,16.15,0.5291666666666668,36,2,2020,127
2021-02-06,0.0,0.0,0,0.0,-3.9,4.2,-0.3833333333333333,6.1,4.3999999999999995,-3.962754370769229,-0.9343246203252394,73.875,167.375,600.0,55.625,1014.4166666666666,1012.1,-4.579166666666667,-8.8,,,,255.701289679828,0.9232620864893311,0.0,0.0,0.0,0.0,0.0,0.0,,0.25,1,0,2.66,21.56,81.27000000000001,139.29999999999998,233.23999999999998,3.0,563.5,-6.341666666666697,-4.0750000000000455,-4.769047619047569,0.0,,,4.195833333333333,4.9,-0.9690212909015102,-0.24697720093071468,-0.9690212909015102,-0.24697720093071468,-2.9274847914057682,-0.6902323132652707,1.0,2.0,0.0,0.26528854435831173,0.0,4,0.0,10.78,0.45116666666666666,0.0,-0.0,17.599999999999998,2.854166666666667,37,2,2020,128
2021-02-07,10.709999999999999,15.2,16,1.19,-2.8,2.5,-0.10833333333333332,7.5,4.858333333333333,-1.9929449481628527,3.4574831292843626,88.08333333333333,72.66666666666667,297.0,91.375,1014.5041666666666,1011.8,-1.8625,-5.2,,,,321.3029593522627,0.8162084913258546,-0.04999999999999993,5.3875,7.5,88.125,-1.1720371086050443,4.760816074791007,340.9846099384697,0.0,1,15,10.709999999999999,13.37,85.12,139.72,232.96,4.0,574.21,0.08749999999997726,-2.6333333333333258,-2.6000000000000227,0.0,,,1.7541666666666667,2.4000000000000004,-0.6252023459272392,0.7804627003560624,-0.32582211584968873,0.9454310915255707,-1.7554523418401127,3.0454663897113092,0.0,0.0,0.8010471204188482,0.15707236842105263,80.32499999999999,5,2.5096730449218745,13.37,0.3976111111111111,57.700125,0.2871490916081612,24.291666666666668,0.27499999999999997,38,2,2020,129
2021-02-08,15.82,22.7,24,1.47,-9.2,-3.0,-7.404166666666666,9.5,7.3875,-4.782476553816439,5.345737813601016,83.45833333333333,66.79166666666667,257.0,98.45833333333333,1017.8000000000001,1015.6,-9.745833333333334,-12.1,,,,319.4250885711317,0.9706131830596012,-7.404166666666666,7.3875,9.5,83.45833333333333,-4.782476553816439,5.345737813601016,319.4250885711317,0.0,0,24,26.53,26.53,86.73,155.54,238.48999999999998,3.0,590.03,3.295833333333462,-2.9583333333332575,1.34226190476204,0.0,,,2.3416666666666677,2.9000000000000004,-0.6504416865563843,0.7595561943593682,-0.6504416865563843,0.7595561943593682,-3.991375223872636,4.46146368360118,0.0,0.0,0.5963060686015831,0.3058918482647296,100.0,6,6.247713757486979,26.53,0.3227222222222222,116.87025,145.01265990597645,44.325,-7.2958333333333325,39,2,2020,130
2021-02-09,8.4,12.1,24,1.19,-11.8,-5.7,-8.291666666666666,8.4,6.008333333333333,-3.514092045353673,4.7566168505344715,83.5,90.20833333333333,400.0,97.33333333333333,1022.375,1019.7,-10.625,-14.0,,,,322.76843306016985,0.9839282470893349,-8.291666666666666,6.008333333333333,8.4,83.5,-3.514092045353673,4.7566168505344715,322.76843306016985,0.0,0,24,24.22,34.93,68.53,162.60999999999999,241.78,3.0,598.4300000000001,4.574999999999932,7.958333333333371,4.448809523809587,0.0,,,2.333333333333334,2.1999999999999993,-0.6050378688758487,0.7961966950610706,-0.6050378688758487,0.7961966950610706,-2.934266857870317,3.9717750701962835,0.0,1.0,0.2404809619238477,0.5097037793667007,70.56,5,3.552756119791667,34.93,0.33847222222222223,50.47,189.7082590684152,30.041666666666664,-0.8875000000000002,40,2,2020,131
2021-02-10,2.31,3.3,12,0.63,-6.4,0.1,-3.095833333333333,6.9,4.370833333333334,-4.0555909614709815,1.2025076888827824,82.95833333333333,129.66666666666666,541.0,92.625,1021.1833333333334,1018.9,-5.5874999999999995,-9.0,,,,287.95639377307754,0.965490091725155,-3.716666666666667,3.5833333333333335,4.7,84.83333333333333,-3.2466763438304143,1.195412724878739,290.89308882887,0.0,1,7,10.71,26.529999999999998,58.8,156.1,238.56,4.0,600.74,-1.191666666666606,6.679166666666788,2.8726190476190823,0.0,,,2.4916666666666663,2.5999999999999996,-0.951291425086085,0.30829308224104796,-0.9342474982222633,0.3566253104666608,-3.364450668453635,0.9975803369023414,0.0,2.0,0.0870712401055409,0.4511904761904762,15.939000000000002,6,0.7566563411458336,26.529999999999998,0.36519444444444443,8.2775,0.0,26.225,5.195833333333333,41,2,2020,132
2021-02-11,4.9,7.0,11,1.19,-3.7,1.1,-1.9749999999999999,10.7,6.2124999999999995,-3.8853613925851316,4.534647578516935,86.45833333333333,123.54166666666667,545.0,90.25,1023.7375000000001,1019.2,-3.983333333333333,-8.3,,,,317.9946935300227,0.9408658670910315,-2.7545454545454544,4.4363636363636365,6.3,92.18181818181819,-2.2302296660876335,3.414042848187341,321.8546453599711,0.0,1,11,7.210000000000001,15.610000000000001,44.8,160.93,240.38,5.0,605.64,2.5541666666666742,5.9375,4.483928571428692,0.0,,,2.008333333333333,4.6000000000000005,-0.6691994301240185,0.7430828505097457,-0.617658609917327,0.7864463373905402,-3.3592187040058947,3.9205807189261,0.0,3.0,0.31390134529147984,0.34843750000000007,52.43,3,1.4757878719008266,15.610000000000001,0.395,21.738181818181822,21.076599606889072,18.6375,1.1208333333333333,42,2,2020,133
2021-02-12,0.0,0.0,0,0.0,-2.8,9.4,4.604166666666667,4.8,2.4583333333333335,-1.4812754063683373,0.12062640909575295,35.375,170.91666666666666,600.0,96.08333333333333,1025.3166666666666,1023.3,-10.183333333333334,-15.2,,,,276.21323710556044,0.6031039030573356,0.0,0.0,0.0,0.0,0.0,0.0,,0.0,0,0,4.9,7.210000000000001,42.14,135.94,238.84,4.0,605.64,1.5791666666665378,2.941666666666606,5.411904761904793,0.0,,,14.787500000000001,12.399999999999999,-0.9941259862336577,0.10822903258810722,-0.9941259862336577,0.10822903258810722,-0.5240011750027993,0.0426715922176226,1.0,4.0,0.0,0.17109634551495018,0.0,4,0.0,3.6050000000000004,0.44075,0.0,-0.0,9.833333333333334,6.579166666666667,43,2,2020,134
2021-02-13,0.0,0.0,0,0.0,3.8,10.5,6.133333333333333,6.8,3.1750000000000003,-1.7157341140315008,-1.2305127269729865,50.125,188.70833333333334,600.0,38.166666666666664,1026.075,1023.8,-3.7583333333333333,-9.3,,,,229.45123059974205,0.5824611850955804,0.0,0.0,0.0,0.0,0.0,0.0,,0.2916666666666667,0,0,0.0,4.9,42.14,123.41000000000001,236.32,3.0,605.64,0.7583333333334394,4.8916666666666515,4.504761904761949,0.0,,,9.891666666666666,13.100000000000001,-0.75985288872085,-0.6500950603585445,-0.75985288872085,-0.6500950603585445,-0.8600117246582897,-0.6167945043952094,2.0,5.0,0.0,0.11627906976744187,0.0,5,0.0,1.6333333333333335,0.5262222222222223,0.0,-0.0,15.875000000000002,1.529166666666666,44,2,2020,135
2021-02-14,0.0,0.0,0,0.0,2.2,11.2,6.416666666666667,8.2,4.308333333333334,-0.6380681249854704,-3.1635504257932308,55.916666666666664,193.20833333333334,600.0,33.916666666666664,1020.3291666666668,1015.6,-2.004166666666667,-5.4,,,,196.23948419781112,0.6446098125569245,0.0,0.0,0.0,0.0,0.0,0.0,,0.5833333333333334,0,0,0.0,0.0,31.430000000000003,116.55000000000001,236.32,2.0,605.64,-5.74583333333328,-3.408333333333303,-2.073214285714357,0.0,,,8.420833333333334,7.6000000000000005,-0.2796528062120681,-0.9601011967379873,-0.2796528062120681,-0.9601011967379873,-0.3567864265543755,-1.7689519464227148,3.0,6.0,,0.0,0.0,6,0.0,0.0,0.5640833333333333,0.0,-0.0,25.85,0.2833333333333341,45,2,2020,136
2021-02-15,34.09,54.7,20,3.36,1.3,5.9,4.029166666666667,7.7,4.3500000000000005,-0.811061304478927,-0.9131956073036575,93.875,26.25,106.0,98.125,1000.7708333333334,990.9,3.1041666666666665,-0.2,,,,213.9224634680312,0.2533074814409144,4.3549999999999995,3.925,7.7,94.9,-1.0587635042478842,0.18277461432759137,253.28929955132543,0.0,0,20,34.09,34.09,49.7,136.43,256.76,2.0,639.73,-19.558333333333394,-24.545833333333235,-19.198809523809587,0.0,,,0.9250000000000003,1.5,-0.5580704819489576,-0.8297935509373752,-0.9577688112484447,-0.2875393959090495,-0.7613837995795927,-0.8572623763563084,0.0,0.0,1.0,0.6859154929577465,100.0,0,4.574913954296877,34.09,0.46152777777777776,133.80325000000002,0.0,0.0,-2.3875,46,2,2020,137
2021-02-16,24.71,35.3,24,3.43,-4.4,0.9,-2.8833333333333333,7.9,4.083333333333333,0.093768053258713,2.9390732083080677,88.41666666666667,79.08333333333333,348.0,90.70833333333333,1003.2416666666667,994.9,-4.554166666666666,-6.3,,,,4.005660163494031,0.431867096607656,-2.8833333333333333,4.083333333333333,7.9,88.41666666666667,0.093768053258713,2.9390732083080677,4.005660163494031,0.0,0,24,58.800000000000004,58.800000000000004,66.01,134.54000000000002,279.72,2.0,664.44,2.470833333333303,-22.83333333333337,-13.994642857142935,0.0,,,1.670833333333333,1.8999999999999995,0.06985502124896002,0.997557154255488,0.06985502124896002,0.997557154255488,0.08290658708957874,2.5986305616790504,0.0,0.0,0.42023809523809524,0.8907741251325557,100.0,1,7.552454917534721,58.800000000000004,0.36744444444444446,100.89916666666666,0.0,4.083333333333333,-6.9125,47,2,2020,138
2021-02-17,20.72,29.6,24,1.89,-6.9,-2.4,-5.016666666666667,8.9,4.991666666666666,-3.9735459455522366,2.042643489985687,72.83333333333333,70.20833333333333,314.0,98.75,1002.1166666666667,1000.2,-9.1625,-11.5,,,,295.9625992003634,0.8738799033844368,-5.016666666666667,4.991666666666666,8.9,72.83333333333333,-3.9735459455522366,2.042643489985687,295.9625992003634,0.0,0,24,45.43,79.52000000000001,84.42,143.22,288.96,1.0,685.16,-1.125,-18.21250000000009,-12.395833333333371,0.0,,,4.145833333333333,4.6,-0.8990800090492813,0.43778435025471646,-0.8990800090492813,0.43778435025471646,-2.894065963677212,1.4877253418729086,0.0,0.0,0.26056338028169007,0.9419568822553899,100.0,2,7.293279024305554,79.52000000000001,0.2895833333333333,103.42733333333332,0.0,9.983333333333333,-2.1333333333333333,48,2,2020,139
2021-02-18,12.6,18.0,24,1.05,-7.7,-4.6,-6.079166666666667,6.6,3.654166666666667,-2.3331712147668355,1.5427335019210089,73.66666666666667,82.5,299.0,97.54166666666667,1007.3416666666667,1004.3,-10.070833333333333,-13.0,,,,294.47794851499145,0.6635865359177743,-6.079166666666667,3.654166666666667,6.6,73.66666666666667,-2.3331712147668355,1.5427335019210089,294.47794851499145,0.0,0,24,33.32,58.03,92.11999999999999,136.92,287.07,0.0,697.76,5.225000000000023,6.570833333333326,-4.828571428571422,0.0,,,3.9916666666666663,5.3,-0.9101208068888836,0.4143429942305378,-0.9101208068888836,0.4143429942305378,-1.7187694615449025,1.1364803464151434,0.0,0.0,0.21712907117008443,0.6299392097264438,83.16,3,4.833585927734375,58.03,0.3005555555555556,46.0425,93.86931089810713,10.9625,-1.0625,49,2,2020,140
2021-02-19,0.42000000000000004,0.6,3,0.21,-6.6,4.1,-1.2458333333333333,5.8,3.4,-2.4901308887578684,-0.4612426337490147,65.45833333333333,194.125,600.0,39.291666666666664,1014.25,1012.0,-7.316666666666666,-9.8,,,,252.6660115605232,0.7547298307519642,-5.566666666666666,3.6,3.9,83.0,-2.1653369719355022,2.8696985401245114,323.0006098385439,0.5416666666666666,0,3,13.02,33.74,92.53999999999999,134.68,287.35,0.0,698.1800000000001,6.908333333333303,11.008333333333326,3.6607142857143344,0.0,,,6.070833333333333,3.200000000000001,-0.9545842257222569,-0.29794119554408593,-0.6018065226887711,0.798641915534897,-1.6299981775994212,-0.30192174067487587,0.0,1.0,0.012448132780082988,0.3645990922844176,2.436,4,0.15609475,33.74,0.43872222222222224,1.5120000000000002,98.72853923539878,13.6,4.833333333333333,50,2,2020,141
2021-02-20,4.06,6.1,7,1.19,0.6,6.2,3.5416666666666665,7.2,3.595833333333333,-0.7050033404071557,-2.3319938576351102,57.916666666666664,205.33333333333334,600.0,35.625,1009.0916666666667,1005.9,-4.4625,-11.4,,,,181.84021513906364,0.612159375317942,4.885714285714286,2.4857142857142853,5.1,81.71428571428571,1.853712867109964,-0.26712753567411013,95.05514701947139,0.5833333333333334,0,7,4.4799999999999995,17.08,96.6,138.74,291.41,0.0,702.24,-5.158333333333303,6.975000000000023,0.9285714285713311,0.0,,,8.004166666666666,12.0,-0.03211229153050135,-0.9994842673762605,0.9961103495206836,-0.08811453669957997,-0.40831443465247763,-1.3506131092136677,0.0,2.0,0.2377049180327869,0.17681159420289855,29.232,5,0.5029708214285715,17.08,0.4677222222222222,10.091999999999997,0.0,17.979166666666664,4.7875,51,2,2020,142
2021-02-21,0.28,0.4,2,0.21,3.5,10.5,7.5125,6.2,3.2875,0.20540627310724877,-1.8871291070212586,68.04166666666667,209.5,600.0,21.333333333333332,1011.9166666666666,1010.5,1.6624999999999999,-1.4,,,,167.17935406367286,0.49859660569391084,4.699999999999999,0.9,1.3,88.5,0.5402520825526224,-0.7156511174574139,140.5,0.7083333333333334,0,2,4.34,4.76,96.88,128.31,283.08,0.0,702.52,2.824999999999932,4.574999999999932,4.955357142857224,0.0,,,5.8500000000000005,4.9,0.2218998681236045,-0.9750694583088565,0.6360782202777638,-0.7716245833877201,0.1397618516600572,-1.2840340965690482,0.0,3.0,0.05882352941176471,0.049132947976878616,1.7360000000000002,6,0.03668262499999999,4.76,0.5998055555555556,0.25200000000000006,0.0,19.725,3.9708333333333337,52,2,2020,143
2021-02-22,0.07,0.4,1,0.07,3.1,8.9,6.3125,6.5,4.654166666666667,-1.0572847561634182,-2.7144268565624947,73.375,214.91666666666666,600.0,22.583333333333332,1010.6958333333333,1007.7,1.7291666666666667,-2.3,,,,206.5734122992733,0.6130714707821463,3.3,1.5,1.5,91.0,-1.4554435894139948,0.36288284339950116,284.0,0.7083333333333334,0,1,0.35000000000000003,4.409999999999999,62.86,112.56,278.39,0.0,702.59,-1.220833333333303,-3.5541666666666742,2.316666666666606,0.0,,,4.583333333333333,5.4,-0.4473441137029762,-0.8943619199939691,-0.9702957262759966,0.24192189559966745,-0.7757826898349082,-1.9917107060027306,0.0,4.0,0.015873015873015876,0.07015590200445433,0.45500000000000007,6,0.011505156250000008,4.409999999999999,0.5856388888888889,0.10500000000000001,0.0,27.925,-1.2000000000000002,53,2,2020,144
2021-02-23,21.14,31.2,24,2.31,-5.4,4.1,-1.4416666666666667,12.5,9.054166666666667,-4.463799043578352,7.599563410727381,89.83333333333333,91.54166666666667,343.0,97.75,1016.625,1008.5,-2.8958333333333335,-8.7,,,,328.59349839873886,0.9507848903491882,-1.4416666666666667,9.054166666666667,12.5,89.83333333333333,-4.463799043578352,7.599563410727381,328.59349839873886,0.0,0,24,21.21,21.490000000000002,59.29,125.30000000000001,289.24,0.0,723.73,5.929166666666674,7.533333333333303,6.333928571428487,0.0,,,1.4541666666666668,3.299999999999999,-0.521106484606765,0.8534916705514937,-0.521106484606765,0.8534916705514937,-4.009979474147887,6.826941130636763,0.0,0.0,0.9837133550488598,0.36245572609208976,100.0,0,5.362547970269097,21.490000000000002,0.4515833333333334,191.40508333333335,142.9196858777701,0.0,-7.754166666666666,54,2,2020,145
2021-02-24,2.87,4.1000000000000005,22,0.35,-8.8,-3.9,-6.0874999999999995,11.5,9.979166666666666,-7.1160944611450745,6.6990774030108104,83.5,98.125,384.0,93.58333333333333,1026.1666666666667,1022.7,-8.4375,-10.5,,,,313.6158030462241,0.9790056857152194,-5.859090909090909,9.954545454545455,11.5,83.04545454545455,-6.911915788899518,6.929065093897257,315.3949346014303,0.0,0,22,24.01,24.080000000000002,41.44,125.86000000000001,292.10999999999996,0.0,726.6,9.541666666666742,14.250000000000114,12.439880952381031,0.0,,,2.3500000000000005,1.6999999999999993,-0.7239816263501299,0.6898192551005089,-0.702215998966426,0.7119639673435619,-5.941938875056137,5.593729631514027,0.0,1.0,0.1191860465116279,0.5810810810810811,33.005,1,0.9963000794163224,24.080000000000002,0.34375,28.569545454545455,580.3705290746008,9.979166666666666,-4.645833333333333,55,2,2020,146
2021-02-25,0.0,0.0,0,0.0,-10.4,5.0,-3.295833333333333,10.2,5.841666666666666,-5.298178525214008,1.8998151234249425,61.041666666666664,212.625,600.0,80.875,1024.8500000000001,1020.8,-10.529166666666667,-14.1,,,,285.016012892661,0.9515114028220414,0.0,0.0,0.0,0.0,0.0,0.0,,0.041666666666666664,1,0,2.87,24.01,28.84,120.96000000000001,290.78,1.0,726.6,-1.316666666666606,14.15416666666681,8.622023809523853,0.0,,,7.233333333333334,3.6999999999999993,-0.9658534544154823,0.25908898971913064,-0.9658534544154823,0.25908898971913064,-3.2340964747660506,1.1596788149239752,1.0,2.0,0.0,0.8325242718446603,0.0,2,0.0,12.005,0.4563333333333333,0.0,-0.0,11.683333333333332,2.7916666666666665,56,2,2020,147
2021-02-26,1.26,1.8,13,0.21,-5.2,1.9,-2.2666666666666666,11.5,7.170833333333333,-5.646654561882847,3.948264336558644,74.875,109.04166666666667,386.0,99.16666666666667,1024.3458333333333,1022.9,-6.120833333333334,-9.7,,,,301.7115684555074,0.9625256600957378,-1.8846153846153846,5.6,9.0,74.0,-5.097505240232727,1.8948198488547947,291.2955101842349,0.0,1,10,1.26,4.13,29.68,122.22,283.22,2.0,727.86,-0.5041666666668334,7.720833333333303,6.67559523809507,0.0,,,3.854166666666667,4.499999999999999,-0.8507049953425035,0.5256434256216956,-0.9317196898425324,0.3631782201065136,-4.227932603209782,2.9562629219982846,0.0,3.0,0.3050847457627119,0.1391509433962264,14.49,3,0.34815980769230764,4.13,0.36450000000000005,7.055999999999999,0.0,21.5125,1.0291666666666663,57,2,2020,148
2021-02-27,0.28,0.4,4,0.07,-6.3,0.5,-3.1625,12.3,7.720833333333334,-3.5955501742069615,4.867992616646517,69.66666666666667,200.45833333333334,600.0,47.708333333333336,1030.2,1026.7,-8.145833333333334,-10.7,,,,321.44117370227013,0.5511288534601424,-4.7,11.7,12.3,84.0,-7.560429291244416,8.928715395803422,319.75000475973775,0.4583333333333333,1,4,1.54,1.54,25.900000000000002,122.5,283.43,3.0,728.14,5.8541666666667425,4.033333333333303,9.514285714285734,0.0,,,4.983333333333334,4.3999999999999995,-0.6233178220296158,0.7819686008659531,-0.6461239162388781,0.7632325234580449,-2.5048999546975166,3.391368189597074,0.0,4.0,0.18181818181818182,0.059459459459459456,3.4440000000000004,4,0.087850875,1.54,0.37697222222222226,3.2760000000000002,278.83808279771176,30.883333333333336,-0.8958333333333335,58,2,2020,149
2021-02-28,0.0,0.0,0,0.0,-1.2,9.9,3.658333333333333,7.9,4.179166666666666,-0.8206688581222857,-2.9350493043646124,41.041666666666664,240.29166666666666,600.0,18.625,1029.9958333333334,1027.5,-8.816666666666666,-15.7,,,,216.0724538926704,0.5931104604979971,0.0,0.0,0.0,0.0,0.0,0.0,,0.7916666666666666,1,0,0.28,1.54,25.62,122.5,258.44,4.0,728.14,-0.2041666666666515,5.1458333333332575,6.7273809523809405,0.0,,,12.475,14.5,-0.5888078317610314,-0.8082730585989323,-0.5888078317610314,-0.8082730585989323,-0.3368161771876881,-1.204593151999643,1.0,5.0,0.0,0.060109289617486336,0.0,5,0.0,0.77,0.517,0.0,-0.0,20.895833333333332,6.820833333333333,59,2,2020,150
2021-03-01,0.0,0.0,0,0.0,1.1,9.4,4.8999999999999995,10.1,5.220833333333333,2.413588142725621,-4.0371849389685694,63.625,211.75,600.0,54.458333333333336,1023.3166666666666,1016.8,-1.7208333333333334,-6.4,,,,156.47224389896172,0.7425363004654669,0.0,0.0,0.0,0.0,0.0,0.0,,0.2916666666666667,0,0,0.0,0.28,25.55,88.41,245.91,4.0,728.14,-6.679166666666788,-1.029166666666697,-1.7547619047620628,0.0,,,6.620833333333333,7.5,0.3991932784378194,-0.9168667986409289,0.3991932784378194,-0.9168667986409289,1.5356454558091763,-2.5686589174187526,2.0,6.0,0.0,0.010958904109589041,0.0,6,0.0,0.09333333333333334,0.5621388888888889,0.0,-0.0,31.325,1.2416666666666663,60,3,2020,151
2021-03-02,12.11,25.3,12,2.59,-1.5,9.5,3.4166666666666665,14.7,9.679166666666665,-2.7724005980297353,2.2700682026959673,90.66666666666667,50.208333333333336,212.0,99.5,1012.8208333333333,1007.3,1.9958333333333333,-3.5,,,,280.493479024438,0.24591807043820293,1.2249999999999999,12.291666666666666,14.7,85.16666666666667,-6.386477201126735,10.327691138570021,326.97200505485034,0.0,0,12,12.11,12.11,16.52,75.81,251.16000000000003,4.0,740.25,-10.49583333333328,-17.37916666666672,-11.707142857142912,0.0,,,1.4208333333333332,2.0,-0.9832756418753714,0.18212361761884815,-0.5450487477531577,0.8384043550535235,-2.5136432088802936,2.058195170444344,0.0,0.0,1.0,0.733050847457627,100.0,0,2.248450927734375,12.11,0.5468055555555557,148.85208333333333,0.0,0.0,-1.483333333333333,61,3,2020,152
2021-03-03,2.31,3.3000000000000003,7,0.7,-4.6,4.3,-0.6083333333333333,15.5,7.625,-1.9452577993867752,3.903260817957143,66.20833333333333,224.29166666666666,600.0,43.833333333333336,1027.5125,1021.7,-6.545833333333333,-10.6,,,,351.6472891367704,0.3982677103334998,-3.542857142857143,13.714285714285714,15.5,80.14285714285714,-6.4557484785800545,12.090038025617279,331.71429016813323,0.5,1,7,14.42,14.42,15.959999999999999,57.4,239.26000000000002,5.0,742.5600000000001,14.69166666666672,-2.4833333333333485,2.792261904761972,0.0,,,5.9375,6.0,-0.145266481854025,0.9893925657946668,-0.4738685940205172,0.8805955686925856,-1.2879227680106606,2.584283933222458,0.0,1.0,0.16019417475728157,0.9035087719298246,35.805,1,0.6480257142857143,14.42,0.4657777777777777,31.68,436.29024176323924,7.625,-4.0249999999999995,62,3,2020,153
2021-03-04,0.0,0.0,0,0.0,-0.8,8.2,3.2083333333333335,7.0,4.2625,1.5761453279722721,-3.837415952210893,73.125,195.375,600.0,63.541666666666664,1029.6041666666667,1026.3,-1.2208333333333334,-4.7,,,,155.7334745299345,0.9701948336820823,0.0,0.0,0.0,0.0,0.0,0.0,,0.125,0,0,2.31,14.42,15.96,44.8,212.66000000000003,4.0,742.5600000000001,2.091666666666697,6.287500000000136,4.204761904761881,0.0,,,4.429166666666667,3.9000000000000004,0.41098180945714535,-0.9116435445366411,0.41098180945714535,-0.9116435445366411,1.152556271079724,-2.8061104150542153,1.0,2.0,0.0,0.9035087719298245,0.0,2,0.0,7.21,0.5562222222222222,0.0,-0.0,8.525,3.816666666666667,63,3,2020,154
2021-03-05,3.22,6.0,9,0.7,-0.8,6.1,3.391666666666667,6.5,4.091666666666667,0.48292586899252493,-3.8995921922474133,87.125,97.45833333333333,421.0,93.5,1024.375,1020.7,1.4083333333333332,-2.6,,,,172.2406339222659,0.9479368025525566,4.988888888888889,3.1555555555555554,4.2,90.66666666666667,1.006243469413071,-2.8726329460457283,162.0457895822684,0.0,0,9,3.22,5.53,17.919999999999998,47.599999999999994,203.84,3.0,745.78,-5.2291666666667425,11.554166666666674,-1.0285714285714675,0.0,,,1.9833333333333338,1.8,0.1350129042240547,-0.9908438402154934,0.30825683140266635,-0.9513031724395689,0.42074916335973733,-3.397519697495559,0.0,3.0,0.5822784810126582,0.30859375000000006,20.93,3,0.3874827746913582,5.53,0.4909444444444444,10.16088888888889,0.0,12.275,0.18333333333333357,64,3,2020,155
2021-03-06,0.07,2.3000000000000003,1,0.07,0.9,7.6,4.595833333333333,13.0,6.858333333333333,-2.057700820610744,5.714150854598817,87.91666666666667,123.0,502.0,97.66666666666667,1022.1041666666666,1017.7,2.766666666666666,-0.4,,,,331.19507688133893,0.7586087685812404,4.9,12.8,12.8,82.0,-3.5281581544575866,12.304149708010483,344.0,0.0,0,1,3.29,3.29,17.71,43.61,185.01000000000002,2.0,745.85,-2.2708333333333712,-5.408333333333417,-2.1428571428569967,0.0,,,1.829166666666667,1.3,-0.4818289686505573,0.8762652823027627,-0.27563735581699894,0.9612616959383189,-1.8090619714536122,5.0236909596681265,0.0,4.0,0.021276595744680854,0.18577075098814227,0.9100000000000001,4,0.007497000000000003,3.29,0.5439444444444445,0.8960000000000001,0.0,27.433333333333334,1.2041666666666662,65,3,2020,156
2021-03-07,0.07,0.1,1,0.07,-0.8,7.0,3.2125,6.9,3.2875,1.1202032204011563,0.5036994374680642,77.66666666666667,223.0,600.0,75.66666666666667,1025.2625,1021.5,-0.3958333333333333,-3.0,,,,85.25599174625268,0.5151144855400474,4.2,1.6,1.6,76.0,0.7263847995832751,-1.4256104387013886,153.0,0.041666666666666664,1,1,0.14,3.3600000000000003,17.78,43.4,182.42000000000002,2.0,745.9200000000001,3.1583333333334167,-4.341666666666697,1.6916666666668334,0.0,,,3.6083333333333334,2.2,0.9965741567747578,0.08270399052452318,0.45399049973954686,-0.8910065241883678,0.8700245011782315,0.3912065631001965,0.0,5.0,0.020833333333333332,0.1889763779527559,0.4830000000000001,5,0.009946999999999994,3.3600000000000003,0.5631111111111111,0.11200000000000002,0.0,16.4375,-1.3833333333333333,66,3,2020,157
2021-03-08,0.14,0.2,2,0.07,0.8,7.0,3.9625,4.6,2.2416666666666667,0.22809606405166175,1.0381407480115672,80.20833333333333,220.08333333333334,600.0,50.208333333333336,1024.3083333333334,1021.9,0.7583333333333333,-0.7,,,,16.852553912623073,0.6233955987730595,4.3,0.85,1.0,77.5,0.3535533905932736,0.7035533905932738,22.499999999999993,0.4166666666666667,0,2,0.21000000000000002,0.28,17.92,43.47,182.56000000000003,2.0,746.0600000000001,-0.9541666666666515,-0.06666666666660603,0.5958333333335304,0.0,,,3.2041666666666666,1.5,0.2899097658330017,0.9570539836783786,0.38268343236508967,0.9238795325112868,0.18295205137477033,0.8326753916342778,0.0,6.0,0.5,0.015625,0.644,6,0.019738031250000013,0.28,0.5696388888888889,0.11900000000000001,0.0,13.45,0.75,67,3,2020,158
2021-03-09,0.0,0.0,0,0.0,2.0,10.9,5.679166666666667,7.2,3.6,0.6959509936400603,-2.991622026733955,67.66666666666667,233.66666666666666,600.0,63.916666666666664,1022.0625,1018.8,-0.05833333333333332,-2.8,,,,170.9365576991028,0.7670802380059106,0.0,0.0,0.0,0.0,0.0,0.0,,0.375,0,0,0.14,0.21000000000000002,5.8100000000000005,22.33,171.85000000000002,2.0,746.0600000000001,-2.245833333333394,-0.04166666666662877,-2.9702380952380736,0.0,,,5.737500000000001,4.8,0.15752801353551782,-0.9875145188560792,0.15752801353551782,-0.9875145188560792,0.4709268390297742,-2.024330904756643,1.0,7.0,0.0,0.03614457831325301,0.0,4,0.0,0.10500000000000001,0.6235555555555555,0.0,-0.0,14.4,1.7166666666666672,68,3,2020,159
2021-03-10,0.14,0.2,1,0.14,-4.0,5.8,1.7583333333333335,12.8,6.641666666666667,-3.9333306852615646,5.019344158445658,79.08333333333333,186.20833333333334,600.0,44.25,1024.7416666666666,1019.9,-1.5708333333333335,-6.2,,,,316.95358286028664,0.9346560873643314,4.0,8.4,8.4,85.0,-6.143371093601031,5.728786224524989,313.0,0.4166666666666667,0,1,0.14,0.28,3.64,19.599999999999998,156.17000000000002,1.0,746.2,2.6791666666665606,-0.5208333333334849,0.10476190476174452,0.0,,,3.329166666666667,2.2,-0.6825906291718173,0.7308009530418133,-0.7313537016191703,0.6819983600624987,-3.110609016927687,3.9694646719707745,0.0,8.0,0.5,0.07692307692307693,1.7920000000000003,5,0.018795000000000006,0.28,0.5166388888888889,1.1760000000000002,65.83646021975511,33.208333333333336,-3.9208333333333334,69,3,2020,160
2021-03-11,0.0,0.0,0,0.0,-2.1,10.6,5.304166666666666,4.6,2.9499999999999997,-1.781379750272544,0.2363511451949818,47.541666666666664,259.2083333333333,600.0,27.041666666666668,1027.1000000000001,1024.4,-5.279166666666667,-12.7,,,,278.3181453335458,0.6013061382756785,0.0,0.0,0.0,0.0,0.0,0.0,,0.6666666666666666,1,0,0.14,0.14,3.64,19.599999999999998,147.77,2.0,746.2,2.358333333333576,2.7916666666667425,2.8208333333334394,0.0,,,10.583333333333332,10.6,-0.9894800224422591,0.14466957243203,-0.9894800224422591,0.14466957243203,-0.8468976229420718,0.11236527361144759,1.0,9.0,0.0,0.038461538461538464,0.0,6,0.0,0.07,0.5668333333333333,0.0,-0.0,17.7,3.5458333333333325,70,3,2020,161
2021-03-12,3.5,5.4,7,0.98,4.1,9.5,6.375,7.2,3.4416666666666664,0.13528254172043763,-2.713655700857166,58.166666666666664,123.16666666666667,533.0,99.29166666666667,1024.6916666666668,1022.7,-1.9958333333333333,-7.0,,,,173.95659440228548,0.6839675105680914,4.514285714285714,5.6000000000000005,7.2,88.85714285714286,1.0642985324365746,-5.398354993645761,167.8465669319803,0.0,0,7,3.5,3.64,3.92,21.84,148.96,2.0,749.7,-2.408333333333303,2.6291666666668334,0.36726190476201737,0.0,,,8.370833333333334,11.1,0.10528185374339125,-0.9944424223012387,0.2105303356092869,-0.9775873248913577,0.07868934510072122,-1.5784430659985846,0.0,10.0,0.9615384615384615,0.9285714285714286,25.2,0,0.44640000000000024,3.64,0.48711111111111105,19.6,0.0,0.0,1.0708333333333337,71,3,2020,162
2021-03-13,12.950000000000001,19.7,18,2.24,2.7,8.1,4.616666666666666,16.4,8.5,-1.8223793082837219,-3.8088641767926426,92.33333333333333,132.04166666666666,552.0,97.91666666666667,1012.3791666666666,1005.6,3.4333333333333336,2.0,,,,235.60366358257158,0.39589895748697673,3.8833333333333337,9.788888888888888,16.4,94.83333333333333,-1.8738380198936173,-5.056948766826697,219.33104151242424,0.0,0,13,16.450000000000003,16.450000000000003,16.8,34.510000000000005,157.01,2.0,762.65,-12.312500000000227,-12.362499999999955,-10.555952380952476,0.0,,,1.1833333333333327,0.7000000000000002,-0.8251496214734039,-0.5649142432106826,-0.6338000281666093,-0.7734969452402545,-1.682663561315303,-3.516851256571873,0.0,0.0,0.7872340425531914,0.9791666666666667,100.0,0,1.737962693865741,16.450000000000003,0.5758055555555556,126.7661111111111,0.0,0.0,-1.7583333333333337,72,3,2020,163
2021-03-14,6.37,9.200000000000001,8,1.12,-1.1,3.9,2.1708333333333334,10.0,6.883333333333333,-4.803595040224992,4.787173425273645,82.66666666666667,225.33333333333334,600.0,58.791666666666664,1013.2916666666666,1008.2,-0.6083333333333334,-2.5,,,,313.5002660433097,0.9849017748383488,2.8875,7.4875,10.0,91.5,-4.284456150208675,6.10990127797894,324.12790889253296,0.08333333333333333,0,8,19.32,22.82,23.1,40.88,163.38,1.0,769.02,0.9125000000000227,-13.808333333333508,-7.933333333333394,0.0,,,2.779166666666667,1.4,-0.7253711747458408,0.6883579438401498,-0.5859777142315438,0.8103271675218444,-3.9709718999193266,3.9573966982262134,0.0,1.0,0.2791411042944785,0.9878787878787878,63.7,1,1.0266552016601558,22.82,0.5124444444444444,47.695375,4.300522860772065,6.883333333333333,-2.445833333333333,73,3,2020,164
2021-03-15,0.0,0.0,0,0.0,-1.3,6.0,2.8375,7.1,5.0625,-3.6918523325928354,2.6854293807721565,72.875,249.66666666666666,600.0,40.375,1017.7791666666667,1016.1,-1.8499999999999999,-4.9,,,,303.42982321703903,0.8942536951540895,0.0,0.0,0.0,0.0,0.0,0.0,,0.5,1,0,6.37,19.32,22.96,40.88,163.38,2.0,769.02,4.487500000000068,-6.912500000000136,-2.513095238095161,0.0,,,4.6875,3.6000000000000005,-0.8345612176183584,0.5509152149354408,-0.8345612176183584,0.5509152149354408,-2.690437387377029,1.957006661237709,1.0,2.0,0.0,0.8414634146341463,0.0,2,0.0,9.66,0.5426944444444445,0.0,-0.0,10.125,0.6666666666666665,74,3,2020,165
2021-03-16,0.56,9.9,3,0.35,3.8,9.3,6.8875,5.8,3.216666666666667,-1.4850163736930473,-0.1804461250781788,66.25,90.54166666666667,599.0,92.875,1010.8916666666668,1008.0,0.24999999999999997,-7.0,,,,250.59171295381313,0.5165766288790922,7.033333333333334,2.1999999999999997,4.0,80.0,-0.4822464374119347,-1.797941267897051,208.57136483589503,0.0,0,3,0.56,6.93,23.52,29.330000000000002,163.94,2.0,769.58,-6.887499999999932,-1.4874999999998408,-7.804761904761904,0.0,,,6.6375,10.8,-0.9431746055442312,-0.3322975525887664,-0.47825300169181356,-0.8782221053769771,-0.9838233475716439,-0.11954555786429345,0.0,3.0,0.08080808080808081,0.29464285714285715,3.248,3,0.0403911666666667,6.93,0.4878611111111111,1.232,0.0,9.65,4.050000000000001,75,3,2020,166
2021-03-17,0.0,0.0,0,0.0,-0.3,5.3,2.8625000000000003,10.4,7.2375,-4.723956141824193,5.403837062287475,79.45833333333333,234.54166666666666,600.0,36.208333333333336,1016.7833333333333,1012.8,-0.5,-3.2,,,,319.65752230140686,0.9904998206824196,0.0,0.0,0.0,0.0,0.0,0.0,,0.4583333333333333,1,0,0.56,0.56,23.38,27.020000000000003,129.85,3.0,769.58,5.891666666666538,3.4916666666666742,-0.7761904761905498,0.0,,,3.3625000000000003,2.9000000000000004,-0.6473550254746995,0.762188605918936,-0.6473550254746995,0.762188605918936,-3.753576817691139,4.293798865742589,1.0,4.0,0.0,0.02395209580838324,0.0,4,0.0,0.28,0.539,0.0,-0.0,28.95,-4.025,76,3,2020,167
2021-03-18,0.0,0.0,0,0.0,-2.6,10.7,3.3249999999999997,6.4,4.133333333333334,-2.3665389192469917,3.2389782074496325,64.33333333333333,273.7916666666667,600.0,17.708333333333332,1019.7166666666667,1016.9,-3.3125,-7.3,,,,324.1156780964268,0.9736468605826981,0.0,0.0,0.0,0.0,0.0,0.0,,0.7916666666666666,0,0,0.0,0.56,23.38,27.020000000000003,105.14,2.0,769.58,2.933333333333394,1.9375,3.211904761904748,0.0,,,6.637499999999999,4.699999999999999,-0.5861506795252465,0.8102020617673666,-0.5861506795252465,0.8102020617673666,-1.5224733713822312,2.083742646792597,2.0,5.0,0.0,0.02395209580838324,0.0,5,0.0,0.18666666666666668,0.63475,0.0,-0.0,20.666666666666668,0.46249999999999947,77,3,2020,168
2021-03-19,0.0,0.0,0,0.0,1.0,11.1,6.854166666666667,4.9,2.858333333333333,-0.2624390542873372,0.8174063427772845,53.916666666666664,250.875,600.0,49.666666666666664,1019.7958333333332,1017.7,-2.0625,-5.9,,,,7.830312874405213,0.39989540244432886,0.0,0.0,0.0,0.0,0.0,0.0,,0.5,0,0,0.0,0.0,19.88,23.8,84.42000000000002,2.0,769.58,0.07916666666653782,8.90416666666647,3.9904761904761017,0.0,,,8.916666666666668,6.9,0.1362397179377445,0.9906759002096719,0.1362397179377445,0.9906759002096719,-0.141498390103256,0.4407182531474192,3.0,6.0,,0.0,0.0,6,0.0,0.0,0.5936388888888889,0.0,-0.0,17.15,3.5291666666666672,78,3,2020,169
2021-03-20,0.0,10.8,0,0.0,4.7,12.3,7.579166666666667,8.4,5.1125,3.435049718462611,-3.4829045699500543,78.66666666666667,251.625,600.0,48.291666666666664,1018.4,1013.2,3.8625000000000003,1.7,,,,132.62310746558265,0.9264423619166887,0.0,0.0,0.0,0.0,0.0,0.0,,0.4583333333333333,0,0,0.0,0.0,6.93,23.73,71.82000000000001,2.0,769.58,-1.3958333333332575,1.6166666666666742,1.7345238095236937,0.0,,,3.7166666666666663,3.0,0.7358240422667516,-0.6771727835805408,0.7358240422667516,-0.6771727835805408,2.702239111857254,-2.7398849283607096,4.0,7.0,,0.0,0.0,6,0.0,0.0,0.7033055555555556,0.0,-0.0,30.674999999999997,0.7249999999999996,79,3,2020,170
2021-03-21,0.0,31.599999999999998,0,0.0,4.9,13.1,7.541666666666667,8.2,5.675,-1.0064963945735284,-1.8229275127735238,94.375,114.04166666666667,471.0,97.79166666666667,1007.2583333333333,1000.1,6.675,3.9,,,,193.4441608289942,0.4051305311325522,0.0,0.0,0.0,0.0,0.0,0.0,,0.0,0,0,0.0,0.0,0.56,23.66,71.4,2.0,769.58,-11.141666666666652,-12.458333333333371,-8.545238095238119,0.0,,,0.8666666666666671,1.0000000000000004,-0.23249760340770637,-0.972596969155093,-0.23249760340770637,-0.972596969155093,-0.9498809723787675,-1.720387840180013,5.0,8.0,,0.0,0.0,5,0.0,0.0,0.6817222222222222,0.0,-0.0,28.375,-0.037499999999999645,80,3,2020,171
2021-03-22,1.96,2.8,14,0.49,-1.3,4.7,1.9541666666666666,9.2,6.0249999999999995,-3.141284697870384,4.734119781518846,82.875,176.875,584.0,74.08333333333333,1012.1958333333333,1005.7,-0.725,-3.9,,,,328.5811885899212,0.937363014859751,2.2714285714285714,6.442857142857143,9.2,84.42857142857143,-3.0313605040558107,5.399209608593409,333.5596389148411,0.0,0,6,1.96,1.96,2.52,25.480000000000004,69.3,1.0,771.54,4.9375,-7.599999999999909,-2.8101190476190823,0.0,,,2.6791666666666667,2.5999999999999996,-0.5212898424423609,0.853379692848628,-0.44526603847474455,0.8953983219668257,-2.6033396933600805,3.9234017689337435,0.0,9.0,1.0,0.7777777777777778,18.032,0,0.34820112499999994,1.96,0.4986111111111111,12.628,19.457545235408237,0.0,-5.5875,81,3,2020,172
2021-03-23,0.35000000000000003,0.5,5,0.07,-0.6,6.7,2.9125,4.1,2.404166666666667,-1.9112169076899246,-0.22612209733343333,66.25,265.6666666666667,600.0,25.5,1021.0791666666668,1019.1,-3.029166666666667,-4.1,-0.4916666666666667,-4.3,3.4,256.08860554408574,0.7774161071724014,-0.32,0.96,1.4,83.8,-0.3569711251016203,-0.7868115111397037,217.8278360408142,0.5416666666666666,1,5,2.31,2.31,2.31,25.830000000000002,69.37,2.0,771.89,8.88333333333344,2.679166666666788,4.6178571428573605,0.0,-0.04916666666666667,0.4916666666666667,5.941666666666666,3.4999999999999996,-0.9706686880464831,-0.24042108486178843,-0.6132908627597036,-0.7898571501578361,-1.266181201344575,-0.1498058894833996,0.0,10.0,0.15151515151515152,1.0,1.435,1,0.0892164,2.31,0.5468333333333333,0.336,1.9026560967916588,2.404166666666667,0.9583333333333335,82,3,2020,173
2021-03-24,0.0,0.0,0,0.0,5.2,13.2,8.158333333333333,6.9,3.1125000000000003,-0.027587767085058917,-2.4963360700348995,56.416666666666664,283.5416666666667,600.0,32.625,1022.4333333333334,1019.8,-0.20000000000000004,-5.5,4.4125000000000005,2.4,7.8,184.9659551474467,0.728724032705895,0.0,0.0,0.0,0.0,0.0,0.0,,0.5833333333333334,0,0,0.35000000000000003,2.31,2.31,25.69,69.3,1.0,771.89,1.3541666666666288,15.175000000000068,5.164880952381054,4.904166666666667,0.44125000000000003,0.0,8.358333333333333,10.7,-0.08656379371664646,-0.9962463097133067,-0.08656379371664646,-0.9962463097133067,-0.015564098597154073,-1.4083495995113557,1.0,11.0,0.0,1.0,0.0,2,0.0,1.155,0.6704166666666667,0.0,-0.0,6.2250000000000005,5.245833333333334,83,3,2020,174
2021-03-25,0.0,0.9,0,0.0,0.5,9.8,6.545833333333333,5.4,3.3041666666666667,-1.4454535656130343,-0.8651777194212819,73.625,142.25,600.0,85.0,1019.6958333333333,1017.5,1.8916666666666666,-2.0,1.4166666666666667,-1.8,5.3,242.58003344832014,0.4616093486962925,0.0,0.0,0.0,0.0,0.0,0.0,,0.0,0,0,0.0,0.35000000000000003,2.31,25.69,48.160000000000004,1.0,771.89,-2.737500000000068,7.5,2.430357142857133,-2.9958333333333336,0.14166666666666666,0.0,4.654166666666667,2.5,-0.8876549598593352,-0.4605091445749172,-0.8876549598593352,-0.4605091445749172,-1.0642151876825965,-0.6369870959239188,2.0,12.0,0.0,0.15151515151515152,0.0,3,0.0,0.11666666666666668,0.5580277777777778,0.0,-0.0,9.9125,-1.6124999999999998,84,3,2020,175
2021-03-26,4.76,6.8,7,1.61,-1.0,5.1,1.9625000000000001,10.4,5.341666666666666,-2.667945242710838,3.9761312080451052,87.45833333333333,118.45833333333333,378.0,36.041666666666664,1019.8375,1017.0,0.05833333333333332,-2.6,-0.8541666666666666,-3.4,3.1,319.49979627485067,0.8880045628004349,4.3,6.8999999999999995,10.4,88.85714285714286,-0.6106130738153045,6.752211750501384,357.14221020236016,0.5416666666666666,1,7,4.76,4.76,7.07,26.950000000000003,50.050000000000004,2.0,776.65,0.1416666666666515,-1.241666666666788,2.5660714285713766,-2.2708333333333335,-0.08541666666666667,0.8541666666666666,1.9041666666666668,1.6,-0.6494507520822747,0.7604036563692785,-0.049857162863353136,0.998756358333311,-2.3333404435208536,3.4774580857027813,0.0,13.0,1.0,0.6732673267326732,49.504,0,0.6197966250000003,4.76,0.4838333333333333,32.843999999999994,0.08650351879049221,0.0,-4.583333333333333,85,3,2020,176
2021-03-27,0.0,0.0,0,0.0,-0.5,10.7,5.633333333333333,7.9,4.445833333333334,0.7382412918715588,-3.282343491924163,69.33333333333333,222.625,600.0,84.58333333333333,1021.0458333333332,1018.1,0.3041666666666667,-5.7,5.183333333333334,2.7,9.1,186.9077686745069,0.5316395577865296,0.0,0.0,0.0,0.0,0.0,0.0,,0.08333333333333333,1,0,4.76,4.76,7.07,14.0,50.050000000000004,3.0,776.65,1.2083333333332575,-1.3875000000001592,3.396428571428487,6.0375000000000005,0.5183333333333333,0.0,5.329166666666666,5.2,-0.12027144465418284,-0.9927410435762167,-0.12027144465418284,-0.9927410435762167,0.5118472956976141,-2.2757581544007532,1.0,14.0,0.0,0.6732673267326732,0.0,1,0.0,2.38,0.6173055555555554,0.0,-0.0,4.445833333333334,3.6708333333333325,86,3,2020,177
2021-03-28,0.07,22.7,1,0.07,3.9,9.5,6.670833333333333,13.4,6.170833333333333,2.137738794057547,-5.39976257530655,95.45833333333333,62.791666666666664,304.0,99.79166666666667,1014.0749999999999,1008.6,5.9875,2.3,6.058333333333334,4.1,8.7,161.12343316012584,0.9130550833203608,6.1,4.7,4.7,95.0,-0.3278554265973888,-4.688551036221174,183.99999999999997,0.0,0,1,0.07,4.83,7.140000000000001,7.7,48.86,3.0,776.72,-6.970833333333303,-5.620833333333394,-4.54821428571438,0.875,0.6058333333333333,0.0,0.6833333333333336,1.6,0.32353045564242267,-0.946217757322175,-0.06975647374412483,-0.9975640502598243,2.040649823827433,-5.15452335834471,0.0,15.0,0.014492753623188408,0.676470588235294,0.9380000000000002,2,0.006424031249999996,4.83,0.5711666666666667,0.32900000000000007,0.0,12.341666666666667,1.0375000000000005,87,3,2020,178
2021-03-29,0.0,1.2,0,0.0,5.6,14.0,8.758333333333333,6.0,3.9625000000000004,-3.1938017828401883,-0.8400567471036738,87.625,261.9583333333333,600.0,66.16666666666667,1005.2333333333335,1002.5,6.645833333333333,5.2,7.175,4.2,12.3,260.84559595344734,0.8469765191243488,0.0,0.0,0.0,0.0,0.0,0.0,,0.25,0,0,0.07,0.07,5.180000000000001,7.7,48.58,3.0,776.72,-8.84166666666647,-14.604166666666515,-12.395238095237914,1.1166666666666663,0.7175,0.0,2.1125,0.39999999999999947,-0.9872631858557657,-0.15909557458937673,-0.9872631858557657,-0.15909557458937673,-2.798568812213715,-0.7360997246495943,1.0,16.0,0.0,0.013513513513513513,0.0,3,0.0,0.035,0.7778333333333333,0.0,-0.0,11.887500000000001,2.0874999999999995,88,3,2020,179
2021-03-30,0.0,0.4,0,0.0,2.5,16.4,8.258333333333333,7.1,3.670833333333333,-2.611663770889578,0.9499571612913904,83.125,231.04166666666666,600.0,94.45833333333333,1009.0625,1006.7,5.083333333333333,2.0,4.8875,-0.2,11.8,282.966698694363,0.7266826263653506,0.0,0.0,0.0,0.0,0.0,0.0,,0.0,0,0,0.0,0.07,4.830000000000001,7.140000000000001,48.58,2.0,776.72,3.829166666666538,-11.983333333333235,-6.849404761904793,-2.2874999999999996,0.48875,0.0,3.175,0.5,-0.9745006456734624,0.22438469551643875,-0.9745006456734624,0.22438469551643875,-2.1709455095519616,0.7896518903234683,2.0,17.0,0.0,0.014492753623188404,0.0,4,0.0,0.023333333333333334,0.7644444444444444,0.0,-0.0,14.683333333333332,-0.5,89,3,2020,180
2021-03-31,0.0,0.0,0,0.0,1.1,11.8,5.779166666666668,7.1,5.158333333333333,-3.5713399175689973,3.4210166151764487,81.41666666666667,294.9166666666667,600.0,25.416666666666668,1014.3833333333333,1011.8,2.379166666666667,-1.6,2.858333333333333,0.5,7.4,316.01113545182807,0.9568495934421546,0.0,0.0,0.0,0.0,0.0,0.0,,0.625,0,0,0.0,0.0,4.830000000000001,7.140000000000001,48.58,2.0,776.72,5.320833333333326,0.30833333333339397,-0.3785714285714903,-2.0291666666666672,0.2858333333333333,0.0,3.400000000000001,2.7,-0.6945185534359171,0.7194747938137105,-0.6945185534359171,0.7194747938137105,-2.9076659162207585,2.7852776941894923,3.0,18.0,,0.0,0.0,5,0.0,0.0,0.7302222222222223,0.0,-0.0,25.791666666666664,-2.479166666666665,90,3,2020,181
2021-04-01,0.0,0.0,0,0.0,-0.7,12.0,6.804166666666667,5.6,3.658333333333333,-1.3657017069415585,0.5876879616203157,70.16666666666667,299.0416666666667,600.0,38.625,1021.275,1018.1,1.4583333333333333,-5.5,5.1875,4.0,7.7,310.5933269064963,0.4624222360122794,0.0,0.0,0.0,0.0,0.0,0.0,,0.5,1,0,0.0,0.0,4.830000000000001,7.140000000000001,36.47,3.0,776.72,6.8916666666666515,16.041666666666515,6.287499999999909,2.329166666666667,0.51875,0.0,5.345833333333334,4.8,-0.7593470962005971,0.6506857824570329,-0.7593470962005971,0.6506857824570329,-0.9582673643706603,0.41236105307025483,4.0,19.0,,0.0,0.0,6,0.0,0.0,0.6999166666666667,0.0,-0.0,21.95,1.0249999999999995,91,4,2020,182
2021-04-02,0.0,0.0,0,0.0,5.5,13.0,8.683333333333334,7.1,5.1125,1.004510918341938,-4.265258247058512,85.08333333333333,273.7083333333333,600.0,62.708333333333336,1026.4208333333333,1023.4,6.1875,3.9,6.0,3.7,9.2,167.19099677291976,0.8125639232407914,0.0,0.0,0.0,0.0,0.0,0.0,,0.0,0,0,0.0,0.0,0.0700000000000009,7.140000000000001,34.160000000000004,2.0,776.72,5.145833333333371,17.35833333333335,10.492857142857133,0.8125,0.6,0.0,2.4958333333333336,1.6,0.2217017259095212,-0.975114529031713,0.2217017259095212,-0.975114529031713,0.8546713730225989,-3.6290238918722832,5.0,20.0,,0.0,0.0,5,0.0,0.0,0.7549722222222223,0.0,-0.0,25.5625,1.8791666666666664,92,4,2020,183
2021-04-03,0.0,0.0,0,0.0,5.2,15.0,9.029166666666667,8.0,4.854166666666667,0.18950756820964546,-4.314181284760214,89.91666666666667,250.33333333333334,600.0,59.25,1021.4916666666667,1016.6,7.2875000000000005,5.1,8.529166666666667,6.6,11.7,178.8116033804287,0.8759941359373419,0.0,0.0,0.0,0.0,0.0,0.0,,0.125,0,0,0.0,0.0,0.0700000000000009,7.140000000000001,34.160000000000004,1.0,776.72,-4.929166666666674,7.1083333333333485,5.499999999999886,2.529166666666667,0.8529166666666667,0.0,1.7416666666666663,0.10000000000000053,0.020739946677808027,-0.9997849041727934,0.020739946677808027,-0.9997849041727934,0.1703988884151729,-3.8791680052135593,6.0,21.0,,0.0,0.0,6,0.0,0.0,0.7999444444444445,0.0,-0.0,29.125,0.3458333333333332,93,4,2020,184
2021-04-04,0.0,21.5,0,0.0,3.9,13.2,9.4375,7.2,3.7416666666666667,-0.325333302468591,-1.449946141129238,96.75,114.41666666666667,480.0,98.95833333333333,1011.6666666666666,1008.0,8.929166666666667,3.7,6.283333333333334,0.0,9.8,213.92748115975047,0.4430212489543555,0.0,0.0,0.0,0.0,0.0,0.0,,0.0,0,0,0.0,0.0,0.0,7.140000000000001,30.94,1.0,776.72,-9.825000000000045,-9.608333333333348,-3.980952380952317,-2.2458333333333327,0.6283333333333334,0.0,0.5083333333333329,0.19999999999999973,-0.5581431491793204,-0.8297446745982712,-0.5581431491793204,-0.8297446745982712,-0.31475997013836177,-1.4028228915425378,7.0,22.0,,,0.0,6,0.0,0.0,0.6921111111111111,0.0,-0.0,22.45,0.4083333333333332,94,4,2020,185
2021-04-05,0.0,0.7000000000000001,0,0.0,-0.5,8.0,5.625,11.8,7.854166666666667,-3.5504735909426812,6.9325965957682625,77.95833333333333,173.0,600.0,60.5,1015.3916666666668,1009.2,1.5874999999999997,-9.3,-0.024999999999999984,-1.4,3.3,330.22879927667844,0.9793107460254841,0.0,0.0,0.0,0.0,0.0,0.0,,0.375,1,0,0.0,0.0,0.0,5.18,30.87,2.0,776.72,3.7250000000001364,-11.029166666666583,-1.7071428571427987,-6.3083333333333345,-0.0024999999999999983,0.024999999999999984,4.0375000000000005,8.8,-0.4965377227291245,0.8680151438235252,-0.4965377227291245,0.8680151438235252,-2.767890036939065,5.404536762784341,8.0,23.0,,,0.0,6,0.0,0.0,0.5529722222222222,0.0,-0.0,47.125,-3.8125,95,4,2020,186
2021-04-06,0.0,0.2,0,0.0,4.1,14.3,8.2875,8.1,4.8500000000000005,1.452262002528142,-4.165286900832133,46.333333333333336,232.04166666666666,600.0,66.95833333333333,1016.7166666666667,1013.3,-3.7083333333333335,-10.2,2.8874999999999997,-1.0,6.4,156.929581302108,0.8370683787565957,0.0,0.0,0.0,0.0,0.0,0.0,,0.125,0,0,0.0,0.0,0.0,4.83,30.8,2.0,776.72,1.3249999999999318,-4.774999999999977,-1.4755952380952522,2.9124999999999996,0.28874999999999995,0.0,11.995833333333334,14.299999999999999,0.39186216866469314,-0.9200239348894156,0.39186216866469314,-0.9200239348894156,0.6728813945047059,-1.9299162640522218,9.0,24.0,,,0.0,6,0.0,0.0,0.6269166666666667,0.0,-0.0,29.1,2.6624999999999996,96,4,2020,187
2021-04-07,0.0,0.2,0,0.0,-0.3,11.9,6.066666666666666,9.3,5.6375,-3.9682338319855823,3.2738593649390366,73.375,291.4583333333333,600.0,44.0,1015.7125,1012.9,0.9333333333333332,-3.2,0.42916666666666664,-2.3,4.5,304.0985644951607,0.8914892682685139,0.0,0.0,0.0,0.0,0.0,0.0,,0.5,0,0,0.0,0.0,0.0,4.83,30.660000000000004,2.0,776.72,-1.0041666666667197,4.0458333333333485,-2.669642857142776,-2.458333333333333,0.042916666666666665,0.0,5.133333333333333,2.9000000000000004,-0.8280743807722412,0.5606182479269377,-0.8280743807722412,0.5606182479269377,-2.9116915742194207,2.402194309024018,10.0,25.0,,,0.0,6,0.0,0.0,0.7033333333333333,0.0,-0.0,33.825,-2.220833333333333,97,4,2020,188
2021-04-08,2.17,3.3,6,0.7,-1.3,9.9,4.770833333333333,9.8,6.1625000000000005,-4.63899945186452,2.2935153243447117,71.16666666666667,248.91666666666666,600.0,73.0,1015.6875,1012.9,-0.5625,-6.3,-0.8083333333333332,-5.4,3.7,295.70817899207094,0.794706856178924,4.216666666666667,5.333333333333333,6.6,87.33333333333333,-1.0680104748755215,5.203237319591462,347.5109982984039,0.0,1,6,2.17,2.17,2.170000000000001,7.0,32.830000000000005,2.0,778.89,-0.024999999999977263,0.2958333333332348,-1.896428571428487,-1.2374999999999998,-0.08083333333333333,0.8083333333333332,5.333333333333333,5.0,-0.9010151071591214,0.4337877092208088,-0.2162522035683467,0.9763375361276623,-3.3014212765769173,1.63221840582532,0.0,26.0,1.0,0.9999999999999996,21.266000000000002,0,0.29282944444444436,2.17,0.6231666666666666,11.573333333333332,0.0,0.0,-1.2958333333333334,98,4,2020,189
2021-04-09,0.6300000000000001,0.9,8,0.14,-4.2,4.5,1.6500000000000001,12.5,7.508333333333333,-4.031702804837731,5.842917682443001,73.29166666666667,221.66666666666666,600.0,57.375,1023.5375,1018.0,-2.720833333333333,-7.3,-5.429166666666667,-8.0,-1.4,326.2769250498095,0.9458844395658891,2.1999999999999997,8.5875,12.5,80.125,-2.845244408232234,7.912469978594829,342.4009731681729,0.125,0,6,2.8,2.8,2.8000000000000007,2.87,33.32,2.0,779.52,7.850000000000023,6.820833333333326,6.365476190476215,-4.620833333333334,-0.5429166666666667,5.429166666666667,4.370833333333334,3.0999999999999996,-0.555179438533822,0.8317306000318073,-0.3023537007740195,0.9531958034046597,-2.9549021807123204,4.28237175142385,0.0,27.0,0.22500000000000006,0.9999999999999997,7.875000000000002,1,0.10966282031249999,2.8,0.49208333333333326,5.410125000000002,93.80770813941703,7.508333333333333,-3.1208333333333327,99,4,2020,190
2021-04-10,0.0,0.0,0,0.0,-5.8,9.0,2.725,8.9,5.295833333333333,-1.0937725466553647,2.6236131165883516,61.583333333333336,298.9583333333333,600.0,12.666666666666666,1030.9666666666667,1029.0,-4.241666666666666,-10.8,-0.9,-3.1,0.5,351.4640582551921,0.49997143956669615,0.0,0.0,0.0,0.0,0.0,0.0,,0.75,0,0,0.6300000000000001,2.8,2.8000000000000007,2.87,33.32,2.0,779.52,7.429166666666674,15.25416666666672,12.44107142857149,4.529166666666667,-0.09,0.9,6.966666666666667,5.000000000000001,-0.1484297934241446,0.9889229476678483,-0.1484297934241446,0.9889229476678483,-0.6735815933152621,1.61570841096566,1.0,28.0,0.0,0.9999999999999997,0.0,2,0.0,1.4,0.6045833333333333,0.0,-0.0,10.591666666666667,1.075,100,4,2020,191
2021-04-11,0.0,0.0,0,0.0,1.3,12.8,6.870833333333334,6.6,3.3791666666666664,-0.21739715630418552,-1.1314641815815827,64.25,306.875,600.0,0.5833333333333334,1032.7958333333333,1029.6,-0.06666666666666667,-4.6,2.1166666666666667,0.5,4.0,189.6511904129257,0.2213056352573547,0.0,0.0,0.0,0.0,0.0,0.0,,1.0,0,0,0.0,0.6300000000000001,2.8000000000000007,2.8,29.820000000000004,2.0,779.52,1.8291666666666515,17.10833333333335,11.251785714285688,3.0166666666666666,0.21166666666666667,0.0,6.9375,5.8999999999999995,-0.16764960957124372,-0.9858466454832666,-0.16764960957124372,-0.9858466454832666,-0.1396776729254392,-0.7269657366661668,2.0,29.0,0.0,0.22499999999999998,0.0,3,0.0,0.21000000000000005,0.7031944444444446,0.0,-0.0,10.1375,4.145833333333334,101,4,2020,192
2021-04-12,0.0,0.0,0,0.0,2.3,15.5,8.445833333333333,12.5,7.55,1.788485650401806,-6.938427283432291,71.08333333333333,260.0,600.0,75.08333333333333,1030.0833333333333,1025.1,3.2583333333333333,-0.4,4.7375,2.2,8.2,168.86641137127214,0.9408916006257496,0.0,0.0,0.0,0.0,0.0,0.0,,0.08333333333333333,0,0,0.0,0.0,2.8000000000000007,2.8,16.87,1.0,779.52,-2.712500000000091,6.545833333333235,6.440476190476147,2.620833333333333,0.47375,0.0,5.1875,2.6999999999999997,0.19309719873161266,-0.9811796328104269,0.19309719873161266,-0.9811796328104269,1.2713152164939503,-4.93206539397312,3.0,30.0,,0.0,0.0,4,0.0,0.0,0.7436111111111111,0.0,-0.0,30.2,1.5749999999999993,102,4,2020,193
2021-04-13,0.0,24.6,0,0.0,5.8,13.4,8.945833333333333,15.4,8.866666666666665,3.392107392684466,-7.854337561760396,95.29166666666667,100.16666666666667,600.0,98.20833333333333,1017.4375,1011.4,8.1625,5.8,6.304166666666667,4.0,8.4,153.5158125292338,0.9411650645330583,0.0,0.0,0.0,0.0,0.0,0.0,,0.0,0,0,0.0,0.0,2.8000000000000007,2.8,10.499999999999998,1.0,779.52,-12.645833333333258,-13.529166666666697,-6.30833333333328,1.5666666666666673,0.6304166666666667,0.0,0.7833333333333332,0.0,0.4459508115105827,-0.8950574695029659,0.4459508115105827,-0.8950574695029659,3.2323956696122393,-7.48452916822751,4.0,31.0,,0.0,0.0,5,0.0,0.0,0.6821944444444444,0.0,-0.0,44.33333333333333,0.5,103,4,2020,194
2021-04-14,0.49000000000000005,3.7,6,0.14,1.1,13.7,7.8500000000000005,13.2,6.6875,-2.1711050346214784,6.072780500291788,86.41666666666667,110.25,528.0,91.75,1010.5749999999999,1006.8,5.6875,-1.1,-1.6333333333333335,-6.3,5.1,331.2065660833415,0.8876620847991231,4.3,11.566666666666668,13.2,81.83333333333333,-3.623494768719434,10.97887846455698,341.66672121466013,0.0,0,6,0.49000000000000005,0.49000000000000005,3.290000000000001,3.29,10.99,1.0,780.01,-6.862500000000068,-22.220833333333417,-12.436904761904884,-7.937500000000001,-0.16333333333333336,1.6333333333333335,2.1625000000000005,2.2,-0.48165324639162627,0.8763618831512513,-0.3145438524325247,0.9492429430324495,-1.876196600752061,5.247894482335487,0.0,32.0,1.0,0.14893617021276592,6.468,6,0.059729468750000035,0.49000000000000005,0.666,5.667666666666668,0.0,40.125,-1.0958333333333323,104,4,2020,195
2021-04-15,0.0,0.0,0,0.0,-1.5,12.7,5.779166666666666,8.9,4.483333333333333,1.0550876323032006,0.6584618079815243,59.541666666666664,309.7083333333333,600.0,52.875,1020.4125,1017.5,-2.0791666666666666,-9.0,2.0833333333333335,-0.4,5.3,54.68884944579222,0.4267897120601218,0.0,0.0,0.0,0.0,0.0,0.0,,0.3333333333333333,1,0,0.49000000000000005,0.49000000000000005,1.120000000000001,3.29,10.43,1.0,780.01,9.837500000000091,-9.670833333333235,-3.274404761904748,3.716666666666667,0.20833333333333334,0.0,7.8583333333333325,7.5,0.8160251155085612,0.5780164451460178,0.8160251155085612,0.5780164451460178,0.6282167610671973,0.3920591348356659,1.0,33.0,0.0,0.43749999999999967,0.0,6,0.0,0.24500000000000002,0.6871666666666666,0.0,-0.0,26.9,-2.0708333333333346,105,4,2020,196
2021-04-16,0.0,0.7,0,0.0,2.3,12.2,7.220833333333334,13.5,7.920833333333333,3.4044915605532444,-6.985731604363587,84.45833333333333,196.66666666666666,600.0,86.25,1025.075,1023.0,4.633333333333334,0.8,5.345833333333334,3.3,8.6,157.89149332563719,0.9696722790742156,0.0,0.0,0.0,0.0,0.0,0.0,,0.0,0,0,0.0,0.49000000000000005,0.49000000000000093,3.29,10.43,1.0,780.01,4.662500000000023,7.6375000000000455,1.1684523809525444,3.2625000000000006,0.5345833333333334,0.0,2.5875000000000004,1.4999999999999998,0.37636182021261827,-0.9264727628410049,0.37636182021261827,-0.9264727628410049,2.875376830517261,-5.900032484185413,2.0,34.0,0.0,0.9999999999999982,0.0,2,0.0,0.16333333333333336,0.6837499999999999,0.0,-0.0,15.841666666666667,1.4416666666666682,106,4,2020,197
2021-04-17,0.35000000000000003,46.6,2,0.28,6.5,9.4,7.7250000000000005,10.7,6.7124999999999995,2.7248012509691417,-5.8068243051587265,99.625,37.041666666666664,146.0,99.29166666666667,1016.9791666666666,1005.3,7.645833333333333,6.5,2.2666666666666666,-2.2,4.0,159.51397459606625,0.9256531966835196,7.3,5.05,7.1,100.0,1.806797926318593,-4.698529964045227,160.99999999999997,0.0,0,1,0.35000000000000003,0.35000000000000003,0.840000000000001,3.64,10.780000000000001,1.0,780.36,-8.095833333333417,6.404166666666697,-4.929166666666561,-3.0791666666666675,0.22666666666666666,0.0,0.0791666666666675,0.0,0.3499789139569289,-0.9367575779173225,0.32556815445715703,-0.9455185755993167,2.714583246278007,-5.785048714014381,0.0,35.0,1.0,0.41666666666666624,3.745,3,0.02213367187500004,0.35000000000000003,0.5656666666666667,1.7675,0.0,20.1375,0.5041666666666664,107,4,2020,198
2021-04-18,15.049999999999999,26.2,21,2.03,1.8,7.2,4.341666666666667,13.6,7.3374999999999995,-6.39519061173877,0.7210892440864117,87.04166666666667,107.70833333333333,443.0,90.91666666666667,1003.3125,1000.8,2.3416666666666663,-0.4,-2.345833333333333,-3.4,-1.1,278.63586240125557,0.853311707481582,3.957142857142857,7.923809523809524,13.6,85.23809523809524,-6.8586348031910935,0.7395829803844857,278.6882108325884,0.0,0,21,15.399999999999999,15.399999999999999,15.89,18.689999999999998,25.83,1.0,795.41,-13.666666666666629,-17.100000000000023,-14.383928571428555,-4.6125,-0.2345833333333333,2.345833333333333,2.0000000000000004,2.2,-0.9886625906590499,0.1501541935189816,-0.9885249892777028,0.15105742475468587,-5.566480494967622,0.6276480962068809,0.0,0.0,0.9772727272727273,0.9691629955947135,100.0,0,2.048427857142858,15.399999999999999,0.5219444444444444,119.25333333333333,0.0,0.0,-3.3833333333333337,108,4,2020,199
2021-04-19,0.49000000000000005,0.7000000000000001,7,0.07,1.0,8.2,4.3625,6.0,4.3374999999999995,-3.2384477020605456,2.0496917871504876,76.54166666666667,299.75,600.0,34.791666666666664,1013.1833333333334,1009.7,0.4083333333333334,-3.7,2.308333333333333,0.2,6.8,300.67970863108917,0.887430986812708,1.542857142857143,5.042857142857143,6.0,90.71428571428571,-1.9589694304469343,4.469516145676104,336.10984850066717,0.5,0,7,15.54,15.889999999999999,16.38,19.18,26.319999999999997,1.0,795.9,9.870833333333394,-11.891666666666652,-2.0988095238093365,4.654166666666667,0.2308333333333333,0.0,3.9541666666666666,4.7,-0.8600330270560547,0.5102383681896135,-0.40498443081407365,0.914323581013965,-2.4787618452855096,1.5688682554147693,0.0,1.0,0.030837004405286347,0.9700854700854701,2.9400000000000004,1,0.09706949999999999,15.889999999999999,0.6371944444444445,2.471,0.0,4.3374999999999995,0.020833333333333037,109,4,2020,200
2021-04-20,0.0,0.0,0,0.0,0.3,14.7,7.6499999999999995,8.1,4.8,-4.488326430217694,0.7286606228858918,64.45833333333333,322.625,600.0,4.833333333333333,1016.6416666666668,1015.0,1.05,-7.7,5.154166666666667,1.9,8.9,275.8618872271259,0.9271054912846327,0.0,0.0,0.0,0.0,0.0,0.0,,0.9166666666666666,0,0,0.49000000000000005,15.54,16.38,19.18,26.319999999999997,1.0,795.9,3.4583333333333712,-0.3374999999998636,1.4732142857143344,2.8458333333333337,0.5154166666666666,0.0,6.6,8.0,-0.9947709739573207,0.1021308443713437,-0.9947709739573207,0.1021308443713437,-2.8931004114778216,0.4696824931685311,1.0,2.0,0.0,0.9487179487179487,0.0,2,0.0,7.77,0.756611111111111,0.0,-0.0,9.6,3.2874999999999996,110,4,2020,201
2021-04-21,0.0,0.0,0,0.0,2.0,14.3,7.958333333333333,13.2,7.908333333333332,-4.506734637015711,6.186625948206987,58.041666666666664,325.0416666666667,600.0,4.0,1022.4208333333332,1020.5,-0.8000000000000002,-6.1,5.383333333333333,3.7,8.1,320.6582661106007,0.9687697279885833,0.0,0.0,0.0,0.0,0.0,0.0,,0.9166666666666666,0,0,0.0,0.49000000000000005,15.89,19.18,24.359999999999996,1.0,795.9,5.77916666666647,19.108333333333235,5.560119047618969,0.22916666666666607,0.5383333333333333,0.0,8.758333333333333,8.1,-0.6339443649504611,0.7733786537961573,-0.6339443649504611,0.7733786537961573,-2.6157838955678687,3.590820810771805,2.0,3.0,0.0,0.030837004405286344,0.0,3,0.0,0.16333333333333336,0.7279444444444444,0.0,-0.0,23.724999999999998,0.30833333333333357,111,4,2020,202
2021-04-22,0.0,0.0,0,0.0,2.8,15.1,8.533333333333333,13.6,7.808333333333334,-4.056953315871342,6.228319498909012,41.791666666666664,325.75,600.0,23.166666666666668,1022.4333333333334,1021.2,-4.004166666666666,-9.3,5.5375000000000005,2.7,8.6,320.39855122831005,0.9496860676871558,0.0,0.0,0.0,0.0,0.0,0.0,,0.75,0,0,0.0,0.0,15.89,17.009999999999998,24.009999999999998,0.0,795.9,0.012500000000159162,9.25,5.283928571428646,0.15416666666666767,0.5537500000000001,0.0,12.5375,12.100000000000001,-0.6374434726164809,0.7704971247309373,-0.6374434726164809,0.7704971247309373,-1.6954684065912315,2.6029185239190578,3.0,4.0,,0.0,0.0,4,0.0,0.0,0.6898055555555556,0.0,-0.0,31.233333333333334,0.5750000000000002,112,4,2020,203
2021-04-23,0.0,0.0,0,0.0,2.7,18.9,10.841666666666667,7.8,3.8708333333333336,-0.2523196896749746,1.3592077844443242,50.875,335.2916666666667,600.0,31.208333333333332,1020.7458333333334,1018.3,-0.4375,-9.8,8.579166666666667,6.3,12.4,350.73263824722795,0.2441446542788543,0.0,0.0,0.0,0.0,0.0,0.0,,0.625,0,0,0.0,0.0,15.89,16.38,24.009999999999998,0.0,795.9,-1.6875,4.104166666666629,4.214880952381122,3.041666666666667,0.8579166666666668,0.0,11.279166666666667,12.5,-0.1610416376115188,0.9869476130754865,-0.1610416376115188,0.9869476130754865,-0.12836764212214333,0.69149696033605,4.0,5.0,,0.0,0.0,5,0.0,0.0,0.7264444444444446,0.0,-0.0,19.354166666666668,2.3083333333333336,113,4,2020,204
2021-04-24,0.0,0.0,0,0.0,3.6,19.4,11.404166666666667,5.9,3.35,-0.5534064777829958,-1.171599386291119,70.5,279.25,600.0,77.625,1019.0,1016.2,4.8625,0.3,7.3625,4.2,10.7,240.21532493032868,0.36573867212008293,0.0,0.0,0.0,0.0,0.0,0.0,,0.041666666666666664,0,0,0.0,0.0,15.540000000000001,16.38,24.009999999999998,0.0,795.9,-1.745833333333394,-3.420833333333235,2.180357142857133,-1.2166666666666677,0.73625,0.0,6.541666666666667,3.3000000000000003,-0.8678983481969768,-0.49674184160080503,-0.8678983481969768,-0.49674184160080503,-0.390151566837012,-0.8259775673352387,5.0,6.0,,0.0,0.0,6,0.0,0.0,0.7545000000000001,0.0,-0.0,20.1,0.5625,114,4,2020,205
2021-04-25,0.21000000000000002,1.4000000000000001,2,0.14,0.8,13.0,7.5,10.9,7.004166666666666,-2.880815039448896,5.792859969221941,85.41666666666667,204.45833333333334,600.0,82.29166666666667,1016.4625,1013.9,4.929166666666666,-1.0,-0.375,-5.2,5.8,322.0868251173925,0.8995220316308202,4.0,10.75,10.9,92.0,-1.4900154664434422,10.639625420721792,352.0,0.0,0,2,0.21000000000000002,0.21000000000000002,0.7000000000000018,16.59,19.459999999999997,0.0,796.11,-2.5375000000000227,-5.970833333333417,-2.23571428571438,-7.7375,-0.0375,0.375,2.5708333333333337,1.8,-0.6144666298603244,0.7889428121151083,-0.13917310096006588,0.9902680687415703,-2.4606961795292652,4.948067890377074,0.0,7.0,1.0,0.2999999999999992,2.289,6,0.027267187500000005,0.21000000000000002,0.7099166666666669,2.2575000000000003,0.0,42.025,-3.904166666666667,115,4,2020,206
2021-04-26,0.0,0.0,0,0.0,-0.6,8.6,3.1041666666666665,12.9,8.866666666666667,-2.605245533334024,8.399475804756124,68.5,327.625,600.0,16.75,1022.0958333333333,1019.5,-2.670833333333333,-5.0,0.6625,-2.3,5.9,342.05172775665665,0.9884929446675853,0.0,0.0,0.0,0.0,0.0,0.0,,0.7083333333333334,1,0,0.21000000000000002,0.21000000000000002,0.2100000000000018,16.59,19.459999999999997,1.0,796.11,5.633333333333326,1.349999999999909,2.124404761904657,1.0375,0.06625,0.0,5.7749999999999995,4.4,-0.30815823602569153,0.9513351152824825,-0.30815823602569153,0.9513351152824825,-1.7845931903338064,5.753640926257945,1.0,8.0,0.0,0.9999999999999916,0.0,1,0.0,0.10500000000000001,0.6378611111111111,0.0,-0.0,8.866666666666667,-4.395833333333334,116,4,2020,207
2021-04-27,0.0,0.0,0,0.0,1.3,17.1,10.054166666666667,6.0,3.2458333333333336,-0.30689185947973063,-2.6838334847003904,56.0,313.875,600.0,35.625,1021.2333333333332,1018.3,0.7875000000000001,-8.9,6.7875000000000005,4.6,10.3,193.74778473969494,0.7713237737387109,0.0,0.0,0.0,0.0,0.0,0.0,,0.4583333333333333,0,0,0.0,0.21000000000000002,0.2100000000000018,16.59,19.389999999999997,1.0,796.11,-0.8625000000000682,2.233333333333235,0.6059523809523171,6.125000000000001,0.6787500000000001,0.0,9.266666666666667,10.200000000000001,-0.2376483365807667,-0.9713512588762083,-0.2376483365807667,-0.9713512588762083,-0.17185944130864914,-1.5029467514322186,2.0,9.0,0.0,0.9999999999999916,0.0,2,0.0,0.07,0.7292500000000001,0.0,-0.0,6.491666666666667,6.950000000000001,117,4,2020,208
2021-04-28,0.0,13.3,0,0.0,7.4,13.3,9.979166666666666,5.0,3.025,1.5128088004696936,-2.4857617401115393,89.79166666666667,95.91666666666667,339.0,98.33333333333333,1020.2458333333334,1017.6,8.270833333333334,2.9,6.179166666666667,5.3,6.8,146.68376058872437,0.948360874393312,0.0,0.0,0.0,0.0,0.0,0.0,,0.0,0,0,0.0,0.0,0.2100000000000018,16.1,19.389999999999997,1.0,796.11,-0.9874999999998408,3.7833333333334167,-0.07083333333332575,-0.6083333333333334,0.6179166666666667,0.0,1.7083333333333321,4.5,0.5492596898220795,-0.8356517176052193,0.5492596898220795,-0.8356517176052193,1.358376235421746,-2.232006895808486,3.0,10.0,,0.0,0.0,3,0.0,0.0,0.6588055555555555,0.0,-0.0,9.075,-0.07500000000000107,118,4,2020,209
2021-04-29,0.0,55.5,0,0.0,8.2,11.8,9.983333333333333,7.4,4.433333333333334,0.32455244424632573,-1.2337653473219672,99.125,46.875,178.0,100.0,1009.2041666666668,1002.6,9.866666666666667,8.1,5.204166666666667,3.7,6.4,165.138210387911,0.343141523726368,0.0,0.0,0.0,0.0,0.0,0.0,,0.0,0,0,0.0,0.0,0.2100000000000018,16.1,19.389999999999997,1.0,796.11,-11.041666666666629,-12.891666666666538,-9.222619047618991,-0.9750000000000005,0.5204166666666666,0.0,0.11666666666666536,0.09999999999999964,0.2564882626392693,-0.9665473455182054,0.2564882626392693,-0.9665473455182054,0.3217126103591704,-1.2229699005329,4.0,11.0,,0.0,0.0,4,0.0,0.0,0.6238888888888888,0.0,-0.0,17.733333333333334,0.00416666666666643,119,4,2020,210
2021-04-30,0.42,10.3,2,0.35,6.4,15.2,9.708333333333334,10.2,4.5874999999999995,-2.8211725749914973,-1.1071024467019963,82.125,252.41666666666666,600.0,67.33333333333333,1004.6125000000001,1001.7,6.325,2.8,3.4291666666666667,0.6,9.1,254.69429368047344,0.6185500555309674,7.0,3.15,5.0,99.0,-1.2593952611192374,1.7950766440822266,276.5,0.16666666666666666,0,2,0.42,0.42,0.6300000000000018,16.52,19.81,1.0,796.53,-4.591666666666697,-16.620833333333167,-11.509523809523785,-1.775,0.34291666666666665,0.0,3.3833333333333337,3.6000000000000005,-0.9645311334847276,-0.2639691128497167,-0.9935718556765876,0.11320321376790658,-2.316887977211767,-0.9092078843540145,0.0,12.0,1.0,0.6666666666666647,4.284,0,0.03025968749999998,0.42,0.7753611111111112,1.323,0.0,0.0,-0.2749999999999986,120,4,2020,211
2021-05-01,0.0,17.8,0,0.0,4.8,14.4,9.058333333333334,16.7,6.466666666666666,1.1704256136845899,-5.071291655528868,82.20833333333333,170.70833333333334,600.0,69.16666666666667,1004.7125,999.8,6.045833333333333,1.2,5.904166666666666,2.1,12.2,180.0481118726906,0.7533017684197715,0.0,0.0,0.0,0.0,0.0,0.0,,0.20833333333333334,0,0,0.42,0.42,0.6300000000000018,16.169999999999998,19.81,1.0,796.53,0.09999999999990905,-15.533333333333417,-9.368452380952363,2.474999999999999,0.5904166666666666,0.0,3.0125,3.5999999999999996,-0.0008397104890697357,-0.9999996474430851,-0.0008397104890697357,-0.9999996474430851,0.96218738991654,-4.16902434848269,1.0,13.0,0.0,0.6666666666666647,0.0,1,0.0,0.21,0.7078333333333333,0.0,-0.0,6.466666666666666,-0.6500000000000004,121,5,2020,212
2021-05-02,6.930000000000001,21.2,12,1.61,3.5,10.1,6.4375,12.4,7.820833333333333,-4.477422988099117,2.9755360791483647,92.08333333333333,160.54166666666666,594.0,90.08333333333333,1003.4250000000001,998.8,5.145833333333333,3.4,-0.6416666666666667,-4.3,4.0,289.8427002536022,0.6778826007520897,5.925,9.125,12.4,96.0,-4.153815912394756,6.905249884499457,320.7057713731843,0.0,0,10,6.930000000000001,7.3500000000000005,7.350000000000002,8.05,26.74,1.0,803.46,-1.287499999999909,-5.779166666666697,-8.793452380952203,-6.5458333333333325,-0.06416666666666668,0.6416666666666667,1.291666666666667,0.10000000000000009,-0.9406280598610088,0.3394390269284227,-0.6333029209045283,0.7739040059166207,-4.122960334874603,2.7399728062157855,0.0,14.0,0.9428571428571428,0.9999999999999998,85.93200000000002,0,0.6254663378906254,7.3500000000000005,0.6384166666666666,63.236250000000005,0.0,0.0,-2.6208333333333336,122,5,2020,213
2021-05-03,0.14,1.7,1,0.14,0.4,8.3,5.341666666666666,12.0,5.675,-4.226445898157542,3.2846586312591897,87.5,231.75,600.0,79.20833333333333,1016.3291666666668,1014.3,3.3125,-0.6,2.0458333333333334,0.8,7.0,312.50533775087973,0.9251966983482075,6.9,5.6,5.6,84.0,-3.5996106142446216,4.289848881466275,320.0,0.041666666666666664,0,1,7.07,7.07,7.490000000000002,7.7,26.88,0.0,803.6,12.904166666666697,11.716666666666697,4.934523809523853,2.6875,0.20458333333333334,0.0,2.029166666666666,1.0,-0.7372143947301985,0.6756588904192611,-0.6427876096865396,0.7660444431189778,-3.6981401608878492,2.8740763023517912,0.0,15.0,0.019801980198019802,0.9439252336448596,1.6800000000000002,1,0.010090500000000004,7.07,0.6306111111111111,0.784,0.0,5.675,-1.095833333333334,123,5,2020,214
2021-05-04,0.0,0.0,0,0.0,0.5,19.8,11.041666666666666,8.1,3.516666666666667,-1.944243252821839,-1.8674993648390235,69.125,335.4166666666667,600.0,55.208333333333336,1017.7291666666666,1015.4,4.566666666666666,-1.0,9.829166666666667,7.4,12.9,230.9571052206684,0.7621544757934581,0.0,0.0,0.0,0.0,0.0,0.0,,0.3333333333333333,0,0,0.14,7.07,7.490000000000002,7.7,26.88,0.0,803.6,1.3999999999998636,13.016666666666652,6.8351190476190595,7.783333333333334,0.9829166666666668,0.0,6.475,1.5,-0.7766745997718962,-0.6299020289451089,-0.7766745997718962,-0.6299020289451089,-1.343958148513096,-1.2909089359449748,1.0,16.0,0.0,0.9439252336448596,0.0,2,0.0,3.535,0.7873611111111112,0.0,-0.0,7.033333333333334,5.7,124,5,2020,215
2021-05-05,0.0,30.3,0,0.0,7.5,12.2,10.541666666666666,10.6,6.120833333333334,2.628274481108971,-4.049179519161831,89.33333333333333,68.75,220.0,95.41666666666667,1014.9916666666667,1013.0,8.708333333333334,3.6,6.75,4.0,8.7,145.30924921830936,0.6508056859475475,0.0,0.0,0.0,0.0,0.0,0.0,,0.0,0,0,0.0,0.14,7.490000000000002,7.7,26.88,0.0,803.6,-2.7374999999999545,11.566666666666606,4.848214285714334,-3.0791666666666675,0.675,0.0,1.8333333333333321,3.9,0.5691467978663608,-0.8222359287202596,0.5691467978663608,-0.8222359287202596,2.347925203124014,-3.6172670371179025,2.0,17.0,0.0,0.018691588785046724,0.0,3,0.0,0.04666666666666667,0.6147222222222222,0.0,-0.0,18.3625,-0.5,125,5,2020,216
2021-05-06,0.0,2.7,0,0.0,7.1,20.6,13.920833333333334,7.5,3.704166666666667,-1.8987860460097739,-0.9841064031640504,73.04166666666667,340.0,600.0,56.5,1017.2125,1015.9,7.970833333333334,2.6,10.804166666666667,9.4,12.9,246.68452147463017,0.5132711947364681,0.0,0.0,0.0,0.0,0.0,0.0,,0.25,0,0,0.0,0.0,7.490000000000002,7.7,26.88,0.0,803.6,2.220833333333303,0.8833333333332121,5.9249999999999545,4.054166666666667,1.0,0.0,5.95,4.5,-0.9183394907250472,-0.3957936075467377,-0.9183394907250472,-0.3957936075467377,-1.3869049744396391,-0.7188077186444086,3.0,18.0,,0.0,0.0,4,0.0,0.0,0.8034722222222223,0.0,-0.0,14.816666666666668,3.379166666666668,126,5,2020,217
2021-05-07,0.0,2.1,0,0.0,9.9,14.9,12.108333333333334,11.3,4.625,0.6512096439364106,-3.6047370877215577,79.75,94.5,298.0,83.375,1012.7416666666667,1007.4,8.604166666666666,4.6,8.629166666666666,6.3,13.0,183.6523705462597,0.6952112811412816,0.0,0.0,0.0,0.0,0.0,0.0,,0.16666666666666666,0,0,0.0,0.0,7.070000000000002,7.7,26.88,0.0,803.6,-4.470833333333303,-4.9874999999999545,0.2928571428572013,-2.1750000000000007,0.8629166666666667,0.0,3.504166666666668,5.300000000000001,-0.06370272798979455,-0.9979689185774566,-0.06370272798979455,-0.9979689185774566,0.5193396910392875,-2.874777827457942,4.0,19.0,,0.0,0.0,5,0.0,0.0,0.6599444444444446,0.0,-0.0,23.125,-1.8125,127,5,2020,218
2021-05-08,0.0,1.8,0,0.0,8.4,21.3,14.487499999999999,5.2,3.3000000000000003,-0.8729806699202615,-2.684519390511948,73.75,289.2916666666667,600.0,80.375,1006.3333333333334,1005.0,9.299999999999999,4.5,10.75,7.4,14.8,203.42797577655472,0.8342453098138832,0.0,0.0,0.0,0.0,0.0,0.0,,0.08333333333333333,0,0,0.0,0.0,7.070000000000002,7.7,24.71,0.0,803.6,-6.408333333333303,-8.658333333333303,-6.347023809523876,2.1208333333333336,1.0,0.0,5.1875,3.9000000000000004,-0.3975959547867049,-0.9175606011252055,-0.3975959547867049,-0.9175606011252055,-0.6438232440661928,-1.9798330505025619,5.0,20.0,,0.0,0.0,6,0.0,0.0,0.7720277777777778,0.0,-0.0,19.8,2.3791666666666647,128,5,2020,219
2021-05-09,0.0,1.3,0,0.0,7.7,15.5,12.158333333333333,13.5,6.175,-4.333110022750808,0.5672127298456978,66.375,254.0,600.0,47.0,1004.7624999999999,1002.9,6.0125,-0.3,5.079166666666667,1.3,10.5,262.2600608818303,0.5757289758492694,0.0,0.0,0.0,0.0,0.0,0.0,,0.375,0,0,0.0,0.0,0.1400000000000018,7.49,24.08,0.0,803.6,-1.5708333333334394,-12.450000000000045,-8.108928571428692,-5.670833333333333,0.5079166666666667,0.0,6.145833333333333,8.0,-0.9908895613290478,-0.13467693658948152,-0.9908895613290478,-0.13467693658948152,-2.876101777600849,0.3764874494350819,6.0,21.0,,0.0,0.0,6,0.0,0.0,0.7239166666666667,0.0,-0.0,37.05,-2.3291666666666657,129,5,2020,220
2021-05-10,0.0,3.9000000000000004,0,0.0,0.9,15.0,8.641666666666667,9.9,4.8625,-3.864348708007699,2.134664648038784,74.83333333333333,271.5833333333333,600.0,61.083333333333336,1012.9375,1010.7,3.8375000000000004,-0.6,4.441666666666666,2.2,9.1,299.0324492306525,0.8817197714123559,0.0,0.0,0.0,0.0,0.0,0.0,,0.375,0,0,0.0,0.0,0.0,7.49,24.08,0.0,803.6,8.175000000000068,0.19583333333332575,0.550595238095184,-0.6375000000000002,0.44416666666666665,0.0,4.804166666666667,1.5,-0.8743449969401524,0.4853048797670645,-0.8743449969401524,0.4853048797670645,-2.891820949825761,1.59744071161569,7.0,22.0,,,0.0,6,0.0,0.0,0.7638333333333334,0.0,-0.0,29.174999999999997,-3.5166666666666657,130,5,2020,221
2021-05-11,0.0,0.1,0,0.0,5.4,15.5,10.191666666666666,8.7,5.404166666666666,-3.9768595087744583,3.158628254156565,82.83333333333333,262.125,600.0,80.08333333333333,1016.7125,1014.8,7.154166666666666,5.0,5.4125000000000005,3.3,8.7,304.3635080221363,0.9423560771323514,0.0,0.0,0.0,0.0,0.0,0.0,,0.0,0,0,0.0,0.0,0.0,7.49,24.08,0.0,803.6,3.7749999999999773,10.379166666666606,4.470833333333303,0.9708333333333341,0.54125,0.0,3.0375000000000005,0.40000000000000036,-0.8254731613032086,0.5644413698233741,-0.8254731613032086,0.5644413698233741,-3.2941652931015097,2.6163970705263546,8.0,23.0,,,0.0,6,0.0,0.0,0.7841944444444443,0.0,-0.0,32.425,1.549999999999999,131,5,2020,222
2021-05-12,0.0,0.0,0,0.0,3.0,16.9,10.995833333333332,11.1,6.175,1.7904642842110379,-4.996985868760469,74.375,259.7083333333333,600.0,97.29166666666667,1019.9499999999999,1017.9,6.358333333333333,1.1,8.700000000000001,5.9,11.9,170.5075889195936,0.8011706359422087,0.0,0.0,0.0,0.0,0.0,0.0,,0.0,0,0,0.0,0.0,0.0,7.49,24.08,0.0,803.6,3.2374999999999545,15.1875,7.0,3.2875000000000005,0.8700000000000001,0.0,4.637499999999998,1.9,0.16491696927421157,-0.9863074537107629,0.16491696927421157,-0.9863074537107629,1.3316578113819595,-3.716508239890599,9.0,24.0,,,0.0,6,0.0,0.0,0.7543888888888889,0.0,-0.0,37.05,0.8041666666666654,132,5,2020,223
2021-05-13,0.0,0.1,0,0.0,6.0,19.7,12.991666666666667,10.0,5.8125,1.3433460805668227,-4.816789316295871,86.83333333333333,258.0,600.0,64.75,1016.7416666666667,1013.0,10.645833333333334,5.7,12.195833333333333,10.1,15.8,173.16732040890486,0.7891898680736877,0.0,0.0,0.0,0.0,0.0,0.0,,0.041666666666666664,0,0,0.0,0.0,0.0,7.49,24.08,0.0,803.6,-3.2083333333332575,3.8041666666666742,3.858928571428578,3.495833333333332,1.0,0.0,2.345833333333333,0.2999999999999998,0.11897030324088535,-0.9928978129428888,0.11897030324088535,-0.9928978129428888,1.1664721799588578,-4.182578722983581,10.0,25.0,,,0.0,6,0.0,0.0,0.7947777777777777,0.0,-0.0,34.875,1.9958333333333353,133,5,2020,224
2021-05-14,0.0,1.2,0,0.0,7.6,22.6,15.416666666666666,5.2,3.1,-2.0624437646723766,1.7736579633931198,84.91666666666667,325.7916666666667,600.0,50.791666666666664,1014.8125,1013.2,12.491666666666667,7.5,13.233333333333334,11.1,16.3,312.01219900564064,0.8102954650861999,0.0,0.0,0.0,0.0,0.0,0.0,,0.375,0,0,0.0,0.0,0.0,7.07,23.59,0.0,803.6,-1.9291666666666742,-1.8999999999999773,1.6339285714285552,1.0375000000000014,1.0,0.0,2.924999999999999,0.09999999999999964,-0.7430023421541345,0.6692888162471194,-0.7430023421541345,0.6692888162471194,-1.7513584968342932,1.5061312205813244,11.0,26.0,,,0.0,6,0.0,0.0,0.8335833333333333,0.0,-0.0,18.6,2.424999999999999,134,5,2020,225
2021-05-15,0.0,0.4,0,0.0,10.5,23.2,16.575,13.8,7.325,2.1039491548646416,-5.842268255396445,84.79166666666667,289.875,600.0,62.958333333333336,1016.9499999999999,1015.1,13.841666666666667,9.2,13.145833333333334,10.3,18.2,173.1142827976884,0.6958879993191701,0.0,0.0,0.0,0.0,0.0,0.0,,0.041666666666666664,0,0,0.0,0.0,0.0,7.07,23.59,0.0,803.6,2.137499999999932,-3.0,2.254761904761949,-0.08750000000000036,1.0,0.0,2.7333333333333325,1.3000000000000007,0.11988935872158792,-0.9927872590164151,0.11988935872158792,-0.9927872590164151,1.7839735542289776,-4.953756624888236,12.0,27.0,,,0.0,6,0.0,0.0,0.8092222222222222,0.0,-0.0,43.95,1.1583333333333332,135,5,2020,226
2021-05-16,0.0,16.0,0,0.0,12.1,18.0,14.941666666666668,8.7,6.141666666666667,2.289123528248028,-5.538524149585752,98.16666666666667,92.5,402.0,99.20833333333333,1013.6374999999999,1009.1,14.65,12.0,13.716666666666667,11.0,15.3,158.89336403472095,0.9700618739531052,0.0,0.0,0.0,0.0,0.0,0.0,,0.0,0,0,0.0,0.0,0.0,0.14,23.59,0.0,803.6,-3.3125,-3.1041666666667425,-2.325595238095161,0.5708333333333329,1.0,0.0,0.29166666666666785,0.09999999999999964,0.36010485986418983,-0.9329118339383375,0.36010485986418983,-0.9329118339383375,2.2471562635634807,-5.436984540176679,13.0,28.0,,,0.0,6,0.0,0.0,0.7222222222222223,0.0,-0.0,36.85,-1.633333333333331,136,5,2020,227
2021-05-17,0.0,45.7,0,0.0,15.3,21.9,18.666666666666668,9.8,3.8666666666666667,-0.029279143547357955,-1.9482176844611585,97.5,77.25,263.0,99.54166666666667,1005.6666666666666,1004.4,18.254166666666666,15.3,13.479166666666666,11.3,15.4,214.41190659911544,0.3975325693756167,0.0,0.0,0.0,0.0,0.0,0.0,,0.0,0,0,0.0,0.0,0.0,0.0,23.24,0.0,803.6,-7.970833333333303,-9.145833333333371,-9.257738095238096,-0.2375000000000007,1.0,0.0,0.4125000000000014,0.0,-0.5651384575304901,-0.8249960750331231,-0.5651384575304901,-0.8249960750331231,-0.028547164958674008,-1.8995122423496296,14.0,29.0,,,0.0,6,0.0,0.0,0.7098333333333334,0.0,-0.0,23.2,3.7249999999999996,137,5,2020,228
2021-05-18,0.0,11.5,0,0.0,16.1,22.3,18.004166666666666,6.0,2.966666666666667,-0.04589036626769424,-0.25705295059806993,94.25,136.29166666666666,600.0,98.125,1009.9875000000001,1006.8,17.016666666666666,15.9,12.924999999999999,12.2,14.2,205.82012078097029,0.07843317270732829,0.0,0.0,0.0,0.0,0.0,0.0,,0.0,0,0,0.0,0.0,0.0,0.0,8.190000000000001,0.0,803.6,4.320833333333439,-6.962499999999864,-3.976190476190368,-0.5541666666666671,1.0,0.0,0.9875000000000007,0.20000000000000107,-0.43554724096139935,-0.9001658740981646,-0.43554724096139935,-0.9001658740981646,-0.043251670207301814,-0.24227240593868093,15.0,30.0,,,0.0,6,0.0,0.0,0.7383611111111111,0.0,-0.0,17.8,-0.6625000000000014,138,5,2020,229
2021-05-19,0.0,7.6,0,0.0,14.3,19.3,17.204166666666666,4.6,2.2916666666666665,-0.1828868100792365,-0.36621163161812625,94.66666666666667,116.66666666666667,325.0,95.29166666666667,1011.9708333333333,1010.9,16.316666666666666,14.0,11.4625,9.4,14.2,199.5758892780736,0.257278870236454,0.0,0.0,0.0,0.0,0.0,0.0,,0.0,0,0,0.0,0.0,0.0,0.0,7.7,0.0,803.6,1.9833333333332348,-1.6666666666666288,-0.8529761904761699,-1.4624999999999986,1.0,0.0,0.8874999999999993,0.3000000000000007,-0.3350551114672393,-0.9421985312447031,-0.3350551114672393,-0.9421985312447031,-0.17313284687501057,-0.3466803445984929,16.0,31.0,,,0.0,6,0.0,0.0,0.7266666666666667,0.0,-0.0,13.75,-0.8000000000000007,139,5,2020,230
2021-05-20,0.0,27.6,0,0.0,9.0,17.9,13.858333333333334,9.4,4.795833333333333,-1.164991561909097,-3.2983143071726477,86.625,122.75,479.0,97.08333333333333,1014.8541666666666,1011.1,11.279166666666667,5.7,12.270833333333334,8.0,16.4,221.97842341961623,0.6411959955388042,0.0,0.0,0.0,0.0,0.0,0.0,,0.0,0,0,0.0,0.0,0.0,0.0,7.7,0.0,803.6,2.8833333333333258,9.1875,2.2999999999999545,0.8083333333333336,1.0,0.0,2.5791666666666675,3.3,-0.6688507036804338,-0.7433967555660898,-0.6688507036804338,-0.7433967555660898,-1.0091739405037552,-2.8571647685883064,17.0,32.0,,,0.0,6,0.0,0.0,0.7039166666666666,0.0,-0.0,28.775,-3.3458333333333314,140,5,2020,231
2021-05-21,0.0,65.0,0,0.0,13.2,20.4,16.845833333333335,7.1,3.9375,0.6712650460976292,-2.8011031776501647,98.375,78.79166666666667,384.0,99.875,1005.5833333333334,1003.7,16.587500000000002,13.2,11.3125,8.0,13.5,169.62762036108134,0.6890352668693029,0.0,0.0,0.0,0.0,0.0,0.0,,0.0,0,0,0.0,0.0,0.0,0.0,7.7,0.0,803.6,-9.270833333333258,-4.404166666666697,-5.652380952380895,-0.9583333333333339,1.0,0.0,0.25833333333333286,0.0,0.18004497769155445,-0.9836583787108447,0.18004497769155445,-0.9836583787108447,0.6603569890985428,-2.7555852510133496,18.0,33.0,,,0.0,6,0.0,0.0,0.7137777777777777,0.0,-0.0,23.625,2.9875000000000007,141,5,2020,232
2021-05-22,0.0,7.9,0,0.0,9.9,19.0,14.595833333333333,7.7,4.266666666666667,-1.8616283927183923,-0.8015743077092846,92.04166666666667,171.375,600.0,76.08333333333333,1005.1708333333332,1003.7,13.245833333333332,8.7,8.0,5.7,12.1,219.59214443901035,0.4015120587780379,0.0,0.0,0.0,0.0,0.0,0.0,,0.125,0,0,0.0,0.0,0.0,0.0,7.7,0.0,803.6,-0.4125000000001364,-6.800000000000068,-4.382142857142981,-3.3125,0.8,0.0,1.3500000000000014,1.200000000000001,-0.6373183422285765,-0.770600629807048,-0.6373183422285765,-0.770600629807048,-1.713473799797887,-0.7377823523874207,19.0,34.0,,,0.0,6,0.0,0.0,0.7543888888888889,0.0,-0.0,25.6,-2.2500000000000018,142,5,2020,233
2021-05-23,0.0,0.9,0,0.0,10.7,19.0,14.533333333333333,11.4,4.8875,-4.185224021787597,1.0836911461911878,82.66666666666667,263.2083333333333,600.0,58.625,1008.3083333333334,1006.6,11.387500000000001,9.6,10.6625,7.4,15.9,273.8767108438545,0.7254325764598598,0.0,0.0,0.0,0.0,0.0,0.0,,0.20833333333333334,0,0,0.0,0.0,0.0,0.0,7.7,0.0,803.6,3.137500000000159,-6.545833333333235,-0.4833333333333485,2.6624999999999996,1.0,0.0,3.145833333333332,1.0999999999999996,-0.9977118427583758,0.06760975387979237,-0.9977118427583758,0.06760975387979237,-3.459785191344414,0.8958513475180486,20.0,35.0,,,0.0,6,0.0,0.0,0.7843611111111111,0.0,-0.0,29.325000000000003,-0.0625,143,5,2020,234
2021-05-24,0.0,3.1,0,0.0,10.9,22.6,16.337500000000002,4.4,2.55,-0.8976305263089254,0.183424401352843,80.41666666666667,186.5,600.0,89.66666666666667,1008.525,1006.3,12.604166666666666,9.0,11.725,8.1,18.1,272.3334861506705,0.19099994286463967,0.0,0.0,0.0,0.0,0.0,0.0,,0.0,0,0,0.0,0.0,0.0,0.0,7.7,0.0,803.6,0.2166666666665833,2.941666666666606,-0.6749999999999545,1.0625,1.0,0.0,3.733333333333336,1.9000000000000004,-0.9991707696976014,0.040715758397733705,-0.9991707696976014,0.040715758397733705,-0.7218445482400943,0.1475037894212446,21.0,36.0,,,0.0,6,0.0,0.0,0.7257222222222222,0.0,-0.0,15.299999999999999,1.804166666666669,144,5,2020,235
2021-05-25,0.0,12.3,0,0.0,10.6,19.6,15.216666666666667,5.5,2.9875000000000003,-0.4038548446871209,0.8674875643981768,85.375,235.79166666666666,600.0,87.0,1004.7166666666667,1002.3,12.525,9.4,7.925,1.7,14.1,345.29533734954236,0.22666653556110464,0.0,0.0,0.0,0.0,0.0,0.0,,0.0,0,0,0.0,0.0,0.0,0.0,7.49,0.0,803.6,-3.8083333333332803,-0.4541666666665378,-3.7303571428570876,-3.8,0.7925,0.0,2.6916666666666664,1.1999999999999993,-0.2538366586422903,0.9672470991061785,-0.2538366586422903,0.9672470991061785,-0.3447910736516295,0.7406175081049434,22.0,37.0,,,0.0,6,0.0,0.0,0.775111111111111,0.0,-0.0,17.925,-1.1208333333333353,145,5,2020,236
2021-05-26,0.0,0.2,0,0.0,6.5,17.6,12.7125,6.3,3.283333333333333,-1.46404005203154,-0.5300425431925735,72.83333333333333,281.6666666666667,600.0,86.70833333333333,1010.1208333333334,1007.7,7.2375,4.1,9.424999999999999,6.3,11.7,240.99662706373513,0.38172465864355776,0.0,0.0,0.0,0.0,0.0,0.0,,0.0,0,0,0.0,0.0,0.0,0.0,7.49,0.0,803.6,5.404166666666697,1.8125,1.9380952380952294,1.4999999999999991,0.9424999999999999,0.0,5.4750000000000005,2.4000000000000004,-0.8745911654423415,-0.48486110725671416,-0.8745911654423415,-0.48486110725671416,-1.0663091712296382,-0.3860476522919243,23.0,38.0,,,0.0,6,0.0,0.0,0.763888888888889,0.0,-0.0,19.7,-2.5041666666666664,146,5,2020,237
2021-05-27,0.0,28.6,0,0.0,10.9,14.0,12.233333333333334,11.4,5.175,2.025982590616509,-4.088900288661954,94.625,71.79166666666667,232.0,99.66666666666667,1005.725,999.3,11.383333333333333,9.7,8.604166666666666,6.0,11.8,154.00315907918085,0.6568631740813654,0.0,0.0,0.0,0.0,0.0,0.0,,0.0,0,0,0.0,0.0,0.0,0.0,7.49,0.0,803.6,-4.395833333333371,-2.7999999999999545,-1.1535714285713539,-0.8208333333333329,0.8604166666666666,0.0,0.8500000000000014,1.200000000000001,0.4383215899149065,-0.8988182151105242,0.4383215899149065,-0.8988182151105242,1.9170860263708716,-3.8691218981463735,24.0,39.0,,,0.0,6,0.0,0.0,0.6743888888888888,0.0,-0.0,31.049999999999997,-0.4791666666666661,147,5,2020,238
2021-05-28,0.0,3.0,0,0.0,12.1,22.8,16.849999999999998,9.5,5.1000000000000005,2.4958705179959035,-3.89282730332963,79.95833333333333,341.75,600.0,56.291666666666664,1004.5458333333332,1002.4,12.883333333333333,11.2,12.791666666666666,8.4,18.1,150.61016064904337,0.816761682988596,0.0,0.0,0.0,0.0,0.0,0.0,,0.3333333333333333,0,0,0.0,0.0,0.0,0.0,7.49,0.0,803.6,-1.179166666666788,-0.17083333333346218,-2.1845238095239665,4.1875,1.0,0.0,3.966666666666665,0.9000000000000004,0.49074924764498934,-0.8713008527115516,0.49074924764498934,-0.8713008527115516,1.9956564683475577,-3.1126398312873165,25.0,40.0,,,0.0,6,0.0,0.0,0.8276944444444444,0.0,-0.0,30.6,4.616666666666664,148,5,2020,239
2021-05-29,0.0,6.8,0,0.0,9.0,19.2,14.5875,6.8,3.9,-3.052832747692179,-0.38621529402336313,82.41666666666667,254.83333333333334,600.0,56.125,1003.2125,1000.3,11.375,8.7,9.266666666666667,6.2,12.9,262.97560784882717,0.7543279186761239,0.0,0.0,0.0,0.0,0.0,0.0,,0.0,0,0,0.0,0.0,0.0,0.0,7.49,0.0,803.6,-1.3333333333332575,-6.908333333333417,-3.2380952380952976,-3.5249999999999986,0.9266666666666667,0.0,3.2125000000000004,0.3000000000000007,-0.9924941790730853,-0.1222918824208806,-0.9924941790730853,-0.1222918824208806,-2.516042989556304,-0.31830577149092176,26.0,41.0,,,0.0,6,0.0,0.0,0.7779444444444445,0.0,-0.0,23.4,-2.2624999999999975,149,5,2020,240
2021-05-30,0.0,0.1,0,0.0,8.6,17.0,13.345833333333333,8.6,4.55,-3.6049675404522628,2.158949256323862,79.16666666666667,288.4166666666667,600.0,32.166666666666664,1009.1541666666667,1007.9,9.545833333333333,8.5,7.7375,5.3,10.7,302.26725676159515,0.9099477606636687,0.0,0.0,0.0,0.0,0.0,0.0,,0.2916666666666667,0,0,0.0,0.0,0.0,0.0,7.07,0.0,803.6,5.94166666666672,3.4291666666666742,2.582738095238142,-1.5291666666666677,0.7737499999999999,0.0,3.8000000000000007,0.09999999999999964,-0.8455670654272196,0.5338692141946378,-0.8455670654272196,0.5338692141946378,-2.853932636191375,1.709168161256391,27.0,42.0,,,0.0,6,0.0,0.0,0.7895,0.0,-0.0,27.299999999999997,-1.2416666666666671,150,5,2020,241
2021-05-31,0.0,1.7,0,0.0,6.3,20.8,13.308333333333332,8.7,3.7291666666666665,-0.12536883782470787,1.7251926566471687,78.375,306.125,600.0,53.25,1013.3791666666666,1011.0,9.095833333333333,5.3,9.424999999999999,7.0,14.2,342.2277175805462,0.37336380797650537,0.0,0.0,0.0,0.0,0.0,0.0,,0.125,0,0,0.0,0.0,0.0,0.0,7.07,0.0,803.6,4.224999999999909,8.833333333333371,6.114285714285643,1.6874999999999991,0.9424999999999999,0.0,4.212499999999999,1.0,-0.30523466419997713,0.9522771654149474,-0.30523466419997713,0.9522771654149474,-0.09825782664511479,1.3521197446472184,28.0,43.0,,,0.0,6,0.0,0.0,0.7986666666666666,0.0,-0.0,22.375,-0.03750000000000142,151,5,2020,242
2021-06-01,0.0,0.0,0,0.0,6.9,22.0,15.458333333333334,7.8,3.7083333333333335,1.0497046300296051,-1.8460327592406467,76.375,333.875,600.0,38.541666666666664,1016.6958333333333,1014.8,10.916666666666666,5.5,12.554166666666667,10.3,15.8,156.34790319789929,0.3367714881695861,0.0,0.0,0.0,0.0,0.0,0.0,,0.4583333333333333,0,0,0.0,0.0,0.0,0.0,0.14,0.0,803.6,3.3166666666667197,13.483333333333348,7.719642857142844,3.129166666666668,1.0,0.0,4.541666666666668,1.4000000000000004,0.4011820795879438,-0.9159983291564961,0.4011820795879438,-0.9159983291564961,0.8017119111851109,-1.409907519870044,29.0,44.0,,,0.0,6,0.0,0.0,0.8104999999999999,0.0,-0.0,22.25,2.150000000000002,152,6,2020,243
2021-06-02,0.0,2.0,0,0.0,12.0,21.8,17.125,7.2,3.3625000000000003,0.8725112860755786,-2.5612840894065743,84.54166666666667,246.70833333333334,600.0,97.08333333333333,1019.0333333333333,1017.8,14.237499999999999,12.0,13.004166666666668,10.6,15.9,158.09851054846757,0.6780926180107545,0.0,0.0,0.0,0.0,0.0,0.0,,0.0,0,0,0.0,0.0,0.0,0.0,0.0,0.0,803.6,2.3374999999999773,9.879166666666606,8.783928571428532,0.45000000000000107,1.0,0.0,2.887500000000001,0.0,0.3730119023263534,-0.9278265574571979,0.3730119023263534,-0.9278265574571979,0.7376355831030621,-2.165352257252475,30.0,45.0,,,0.0,6,0.0,0.0,0.7796111111111111,0.0,-0.0,20.175,1.666666666666666,153,6,2020,244
2021-06-03,0.0,0.5,0,0.0,13.6,22.0,17.220833333333335,16.3,9.174999999999999,3.477977364366897,-8.082499103554694,84.45833333333333,283.75,600.0,96.20833333333333,1015.0416666666666,1010.4,14.4125,12.1,12.904166666666667,9.8,17.4,166.37649663629304,0.9066051048557889,0.0,0.0,0.0,0.0,0.0,0.0,,0.0,0,0,0.0,0.0,0.0,0.0,0.0,0.0,803.6,-3.9916666666666742,1.6625000000000227,3.4613095238095184,-0.10000000000000142,1.0,0.0,2.8083333333333353,1.5,0.23554080248104844,-0.9718644609031568,0.23554080248104844,-0.9718644609031568,2.9374417156548756,-6.826344034543902,31.0,46.0,,,0.0,6,0.0,0.0,0.8040277777777778,0.0,-0.0,55.05,0.09583333333333499,154,6,2020,245
2021-06-04,0.0,48.7,0,0.0,11.7,19.3,15.404166666666667,14.8,6.670833333333333,1.031270845908462,-2.815353378011921,97.45833333333333,50.0,225.0,99.75,1002.725,999.2,14.995833333333332,9.7,11.229166666666666,8.0,13.3,170.706877622499,0.11116905784057887,0.0,0.0,0.0,0.0,0.0,0.0,,0.0,0,0,0.0,0.0,0.0,0.0,0.0,0.0,803.6,-12.316666666666606,-13.970833333333303,-8.595238095238074,-1.6750000000000007,1.0,0.0,0.408333333333335,2.0,0.16148536058449803,-0.9868751077602954,0.16148536058449803,-0.9868751077602954,1.0050593785749553,-2.743796479654118,32.0,47.0,,,0.0,6,0.0,0.0,0.6915277777777779,0.0,-0.0,40.025,-1.8166666666666682,155,6,2020,246
2021-06-05,0.0,0.0,0,0.0,10.5,23.1,17.491666666666667,5.9,3.5749999999999997,0.7487544143241167,-1.703646810371186,79.70833333333333,310.375,600.0,85.79166666666667,1004.75,1002.7,13.470833333333333,10.3,14.279166666666667,11.7,17.5,169.98345241935854,0.4227867939198444,0.0,0.0,0.0,0.0,0.0,0.0,,0.08333333333333333,0,0,0.0,0.0,0.0,0.0,0.0,0.0,803.6,2.0249999999999773,-14.283333333333303,-6.789880952381054,3.0500000000000007,1.0,0.0,4.020833333333334,0.1999999999999993,0.17393259251702908,-0.9847575606515063,0.17393259251702908,-0.9847575606515063,0.5968196644175147,-1.3579484784333662,33.0,48.0,,,0.0,6,0.0,0.0,0.8059444444444445,0.0,-0.0,21.45,2.0875000000000004,156,6,2020,247
2021-06-06,0.0,0.0,0,0.0,14.8,23.0,18.433333333333334,4.0,2.091666666666667,0.10202940344202677,-0.7768777323570166,76.0,218.41666666666666,600.0,96.33333333333333,1010.4166666666666,1007.7,13.754166666666668,11.5,15.354166666666666,13.5,18.2,204.8051890985033,0.25214117697253685,0.0,0.0,0.0,0.0,0.0,0.0,,0.0,0,0,0.0,0.0,0.0,0.0,0.0,0.0,803.6,5.666666666666629,-4.625,-1.3035714285713311,1.0749999999999993,1.0,0.0,4.679166666666665,3.3000000000000007,-0.41953429527626424,-0.9077394863544542,-0.41953429527626424,-0.9077394863544542,0.07754234661594034,-0.5904270765913326,34.0,49.0,,,0.0,6,0.0,0.0,0.7322777777777777,0.0,-0.0,12.55,0.9416666666666664,157,6,2020,248
2021-06-07,0.0,0.4,0,0.0,14.1,24.3,19.099999999999998,6.0,3.0833333333333335,-2.466826603587592,0.1772881396848256,72.375,284.6666666666667,600.0,86.58333333333333,1016.15,1014.3,13.483333333333334,11.1,15.479166666666666,13.3,18.3,273.075046688249,0.7398974430839597,0.0,0.0,0.0,0.0,0.0,0.0,,0.0,0,0,0.0,0.0,0.0,0.0,0.0,0.0,803.6,5.7333333333333485,13.424999999999955,4.0339285714285325,0.125,1.0,0.0,5.616666666666664,3.0,-0.9985601278932172,0.053643927726087656,-0.9985601278932172,0.053643927726087656,-1.7853657543465198,0.12831229109689252,35.0,50.0,,,0.0,6,0.0,0.0,0.764361111111111,0.0,-0.0,18.5,0.6666666666666643,158,6,2020,249
2021-06-08,0.0,0.7,0,0.0,11.6,21.6,16.679166666666667,7.7,2.9749999999999996,-2.1255852224048537,1.4831798662157993,78.625,181.0,599.0,52.791666666666664,1016.8958333333334,1015.6,12.616666666666667,9.2,12.004166666666668,9.3,16.3,298.7545021710725,0.8794914910978819,0.0,0.0,0.0,0.0,0.0,0.0,,0.25,0,0,0.0,0.0,0.0,0.0,0.0,0.0,803.6,0.745833333333394,12.145833333333371,4.7511904761905726,-3.474999999999998,1.0,0.0,4.0625,2.4000000000000004,-0.8766889580055175,0.48105765861401684,-0.8766889580055175,0.48105765861401684,-1.6712413811158162,1.1661501698121723,36.0,51.0,,,0.0,6,0.0,0.0,0.7160833333333333,0.0,-0.0,17.849999999999998,-2.4208333333333307,159,6,2020,250
2021-06-09,0.0,0.0,0,0.0,9.1,24.1,17.783333333333335,8.9,4.045833333333333,1.0647324299720862,-0.24099184986082686,72.95833333333333,349.5,600.0,24.0,1018.5916666666667,1017.5,12.299999999999999,8.9,14.9625,13.3,17.6,310.0915484991043,0.14318327664299293,0.0,0.0,0.0,0.0,0.0,0.0,,0.75,0,0,0.0,0.0,0.0,0.0,0.0,0.0,803.6,1.6958333333333258,8.175000000000068,6.510119047619128,2.958333333333332,1.0,0.0,5.483333333333336,0.1999999999999993,-0.76501640502982,0.6440107918624115,-0.76501640502982,0.6440107918624115,0.7768110353671345,-0.17582363712762825,37.0,52.0,,,0.0,6,0.0,0.0,0.8095277777777777,0.0,-0.0,24.275,1.1041666666666679,160,6,2020,251
2021-06-10,0.0,0.0,0,0.0,14.0,25.6,19.933333333333334,10.7,5.266666666666667,2.0351156989326165,-3.6206929014464055,68.58333333333333,346.25,600.0,10.291666666666666,1020.6041666666666,1018.9,13.654166666666667,9.9,15.899999999999999,12.7,18.9,174.11527319046297,0.511651658318241,0.0,0.0,0.0,0.0,0.0,0.0,,0.8333333333333334,0,0,0.0,0.0,0.0,0.0,0.0,0.0,803.6,2.012499999999932,4.4541666666666515,7.72797619047617,0.9374999999999982,1.0,0.0,6.279166666666667,4.1,0.10252737773398786,-0.9947301829214755,0.10252737773398786,-0.9947301829214755,1.3957501835179529,-2.483191881575326,38.0,53.0,,,0.0,6,0.0,0.0,0.7927777777777777,0.0,-0.0,31.6,2.1499999999999986,161,6,2020,252
2021-06-11,0.0,0.0,0,0.0,14.1,24.7,19.029166666666665,11.6,7.945833333333333,2.3762300134031267,-7.23141638109276,77.33333333333333,295.4583333333333,600.0,88.83333333333333,1020.0916666666667,1018.3,14.720833333333333,12.4,15.549999999999999,12.6,19.2,164.58716061082174,0.9542941236831528,0.0,0.0,0.0,0.0,0.0,0.0,,0.08333333333333333,0,0,0.0,0.0,0.0,0.0,0.0,0.0,803.6,-0.5124999999999318,3.1958333333333258,4.734523809523807,-0.34999999999999964,1.0,0.0,4.308333333333332,1.6999999999999993,0.26577215458545694,-0.9640358716598693,0.26577215458545694,-0.9640358716598693,1.837617877031751,-5.592295334711735,39.0,54.0,,,0.0,6,0.0,0.0,0.7880833333333334,0.0,-0.0,47.675,-0.9041666666666686,162,6,2020,253
2021-06-12,0.0,0.5,0,0.0,13.3,24.6,19.3125,6.9,3.4583333333333335,0.6698854029079372,-1.4089371716652381,82.08333333333333,230.45833333333334,600.0,86.375,1018.0375,1016.2,15.975,13.0,15.008333333333333,13.2,19.4,151.49413578971806,0.41245495132948123,0.0,0.0,0.0,0.0,0.0,0.0,,0.0,0,0,0.0,0.0,0.0,0.0,0.0,0.0,803.6,-2.0541666666666742,-0.5541666666666742,0.7821428571428442,-0.5416666666666661,1.0,0.0,3.3375000000000004,0.3000000000000007,0.477248704496118,-0.878768270966116,0.477248704496118,-0.878768270966116,0.5498642682202651,-1.1565025950752164,40.0,55.0,,,0.0,6,0.0,0.0,0.7605833333333333,0.0,-0.0,20.75,0.283333333333335,163,6,2020,254
2021-06-13,0.0,11.3,0,0.0,15.0,20.9,17.958333333333332,5.1,2.4791666666666665,0.8315690365861848,-0.7142257382901077,94.625,99.0,384.0,99.79166666666667,1013.9958333333334,1011.4,17.058333333333334,14.3,14.116666666666667,12.6,15.7,124.32290710086039,0.20203196964735637,0.0,0.0,0.0,0.0,0.0,0.0,,0.0,0,0,0.0,0.0,0.0,0.0,0.0,0.0,803.6,-4.041666666666629,-6.608333333333235,-3.7708333333332575,-0.8916666666666657,1.0,0.0,0.8999999999999986,0.6999999999999993,0.8258729283229272,-0.5638562815676642,0.8258729283229272,-0.5638562815676642,0.7868722008696772,-0.6758361048570144,41.0,56.0,,,0.0,6,0.0,0.0,0.71475,0.0,-0.0,14.875,-1.3541666666666679,164,6,2020,255
2021-06-14,0.0,5.3,0,0.0,14.8,20.6,18.170833333333334,4.8,2.65,0.6285768208933035,-0.1552310322464502,93.83333333333333,132.95833333333334,423.0,83.54166666666667,1009.7666666666668,1008.0,17.141666666666666,14.7,13.983333333333334,11.8,15.9,81.50394415386634,0.16798419693265831,0.0,0.0,0.0,0.0,0.0,0.0,,0.125,0,0,0.0,0.0,0.0,0.0,0.0,0.0,803.6,-4.229166666666629,-10.324999999999932,-7.088095238095207,-0.13333333333333286,1.0,0.0,1.0291666666666686,0.10000000000000142,0.9890260359924539,0.14774132843944993,0.9890260359924539,0.14774132843944993,0.589814583604883,-0.1456584519245858,42.0,57.0,,,0.0,6,0.0,0.0,0.73475,0.0,-0.0,15.899999999999999,0.21250000000000213,165,6,2020,256
2021-06-15,0.0,1.1,0,0.0,13.3,23.9,18.654166666666665,8.8,3.045833333333334,0.8385349783641977,-1.2062342907356578,83.04166666666667,308.4166666666667,600.0,65.875,1008.4083333333333,1006.9,15.429166666666667,13.0,14.866666666666667,12.3,18.2,175.20901819413658,0.14457996531580114,0.0,0.0,0.0,0.0,0.0,0.0,,0.16666666666666666,0,0,0.0,0.0,0.0,0.0,0.0,0.0,803.6,-1.3583333333334622,-9.62916666666672,-7.233928571428578,0.8833333333333329,1.0,0.0,3.224999999999998,0.3000000000000007,0.08352099713024864,-0.9965060175625479,0.08352099713024864,-0.9965060175625479,0.6963334216166025,-1.0016770589317359,43.0,58.0,,,0.0,6,0.0,0.0,0.81575,0.0,-0.0,18.275000000000002,0.48333333333333073,166,6,2020,257
2021-06-16,0.0,3.0,0,0.0,14.5,22.9,18.058333333333334,8.4,4.0249999999999995,0.8727433799375648,-2.712258135471597,86.08333333333333,217.79166666666666,600.0,95.25,1008.6458333333334,1007.4,15.475,14.2,13.179166666666667,10.9,18.0,170.04959046579162,0.571865872760694,0.0,0.0,0.0,0.0,0.0,0.0,,0.0,0,0,0.0,0.0,0.0,0.0,0.0,0.0,803.6,0.2375000000000682,-5.350000000000023,-5.575595238095275,-1.6875,1.0,0.0,2.583333333333334,0.3000000000000007,0.1727957449726774,-0.9849576795575217,0.1727957449726774,-0.9849576795575217,0.7512865928962537,-2.334802211618466,44.0,59.0,,,0.0,6,0.0,0.0,0.7654722222222222,0.0,-0.0,24.15,-0.5958333333333314,167,6,2020,258
2021-06-17,0.0,0.5,0,0.0,13.6,21.7,17.679166666666667,6.4,4.329166666666667,0.4072485236717162,-1.5850699670153812,79.16666666666667,291.375,600.0,44.583333333333336,1007.7666666666668,1006.1,13.7875,11.3,12.783333333333333,10.5,15.3,167.39583028690137,0.3055603120065294,0.0,0.0,0.0,0.0,0.0,0.0,,0.3333333333333333,0,0,0.0,0.0,0.0,0.0,0.0,0.0,803.6,-0.879166666666606,-2.0,-4.62083333333328,-0.3958333333333339,1.0,0.0,3.8916666666666675,2.299999999999999,0.21821426337823904,-0.9759008839315049,0.21821426337823904,-0.9759008839315049,0.32240508124010864,-1.2548470572205102,45.0,60.0,,,0.0,6,0.0,0.0,0.7914722222222222,0.0,-0.0,25.975,-0.37916666666666643,168,6,2020,259
2021-06-18,0.0,0.4,0,0.0,10.9,22.9,17.833333333333332,6.6,2.783333333333333,0.9264382211293606,-1.6797509109144617,80.83333333333333,254.125,600.0,93.16666666666667,1005.875,1004.2,14.083333333333334,10.8,14.299999999999999,11.1,18.9,161.5240921080219,0.4622355761546329,0.0,0.0,0.0,0.0,0.0,0.0,,0.0,0,0,0.0,0.0,0.0,0.0,0.0,0.0,803.6,-1.8916666666667652,-2.533333333333303,-4.48154761904766,1.5166666666666657,1.0,0.0,3.7499999999999982,0.09999999999999964,0.31690587096793094,-0.9484569937251014,0.31690587096793094,-0.9484569937251014,0.7488708954128999,-1.35779865298919,46.0,61.0,,,0.0,6,0.0,0.0,0.7721944444444443,0.0,-0.0,16.7,0.154166666666665,169,6,2020,260
2021-06-19,0.0,33.8,0,0.0,15.2,16.9,16.083333333333332,6.1,4.033333333333333,2.4593390186375648,-2.5986267607905664,98.91666666666667,47.166666666666664,144.0,99.08333333333333,1003.1541666666667,1001.1,15.904166666666667,14.7,12.433333333333332,11.1,13.2,137.61617955162762,0.7457682479863516,0.0,0.0,0.0,0.0,0.0,0.0,,0.0,0,0,0.0,0.0,0.0,0.0,0.0,0.0,803.6,-2.720833333333303,-5.491666666666674,-5.076190476190618,-1.8666666666666671,1.0,0.0,0.17916666666666536,0.5,0.674093830921147,-0.7386457250360636,0.674093830921147,-0.7386457250360636,2.432696179268991,-2.570474970882002,47.0,62.0,,,0.0,6,0.0,0.0,0.6945,0.0,-0.0,24.2,-1.75,170,6,2020,261
2021-06-20,0.0,0.4,0,0.0,12.3,21.9,17.441666666666666,9.2,4.970833333333333,-2.551504226255132,4.178990542200891,82.375,268.125,600.0,85.375,1002.6083333333332,1000.8,14.049999999999999,11.8,12.887500000000001,10.0,16.3,328.5046443782864,0.9768381941419584,0.0,0.0,0.0,0.0,0.0,0.0,,0.041666666666666664,0,0,0.0,0.0,0.0,0.0,0.0,0.0,803.6,-0.5458333333334622,-5.15833333333353,-3.9952380952381645,0.45416666666666927,1.0,0.0,3.3916666666666675,0.5,-0.5224294482496447,0.8526825151259828,-0.5224294482496447,0.8526825151259828,-2.101801606377665,3.442443459137984,48.0,63.0,,,0.0,6,0.0,0.0,0.7866666666666666,0.0,-0.0,29.825,1.3583333333333343,171,6,2020,262
2021-06-21,0.0,0.4,0,0.0,9.8,23.6,17.479166666666668,5.9,3.0500000000000003,-0.2850473505597321,-1.4499537135756917,75.58333333333333,285.375,600.0,58.75,1006.3708333333334,1004.8,12.691666666666668,7.8,15.333333333333334,11.9,19.3,194.45287694767765,0.34836391914045456,0.0,0.0,0.0,0.0,0.0,0.0,,0.16666666666666666,0,0,0.0,0.0,0.0,0.0,0.0,0.0,803.6,3.762500000000159,0.49583333333339397,0.2523809523810314,2.445833333333333,1.0,0.0,4.7875,2.000000000000001,-0.24958366409572583,-0.968353238553242,-0.24958366409572583,-0.968353238553242,-0.21544828913139752,-1.0959233485109603,49.0,64.0,,,0.0,6,0.0,0.0,0.7755277777777777,0.0,-0.0,18.3,0.03750000000000142,172,6,2020,263
2021-06-22,0.0,9.2,0,0.0,15.5,21.6,18.075,7.5,3.220833333333333,0.17970932363988526,-2.451251642644509,84.95833333333333,237.83333333333334,600.0,74.0,1009.5666666666666,1008.4,15.387500000000001,12.6,12.820833333333333,10.0,17.1,191.21739650238058,0.6734527329567223,0.0,0.0,0.0,0.0,0.0,0.0,,0.08333333333333333,0,0,0.0,0.0,0.0,0.0,0.0,0.0,803.6,3.195833333333212,6.412499999999909,3.28273809523796,-2.512500000000001,1.0,0.0,2.6874999999999982,2.9000000000000004,-0.19453218599247724,-0.9808961354868253,-0.19453218599247724,-0.9808961354868253,0.1526780462090525,-2.0825425413967302,50.0,65.0,,,0.0,6,0.0,0.0,0.7750833333333333,0.0,-0.0,19.325,0.5958333333333314,173,6,2020,264
2021-06-23,0.0,45.4,0,0.0,15.5,20.1,17.537499999999998,7.2,2.9791666666666665,1.5167926234315654,-0.7117807230932889,88.5,200.375,600.0,78.70833333333333,1011.8333333333334,1010.8,15.545833333333334,12.4,11.720833333333333,9.7,14.1,119.46641750404136,0.43068367905343125,0.0,0.0,0.0,0.0,0.0,0.0,,0.0,0,0,0.0,0.0,0.0,0.0,0.0,0.0,803.6,2.266666666666765,9.225000000000136,5.094047619047615,-1.0999999999999996,1.0,0.0,1.9916666666666636,3.0999999999999996,0.8706441682421944,-0.49191333820690164,0.8706441682421944,-0.49191333820690164,1.3423614717369352,-0.6299259399375606,51.0,66.0,,,0.0,6,0.0,0.0,0.7619166666666667,0.0,-0.0,17.875,-0.5375000000000014,174,6,2020,265
2021-06-24,0.0,6.7,0,0.0,12.0,20.1,16.645833333333332,4.8,2.2875,0.017484757936226187,-0.9321282326173822,91.625,225.95833333333334,600.0,71.66666666666667,1013.6541666666667,1012.3,15.174999999999999,12.0,12.504166666666668,11.0,14.0,190.23339228887016,0.2931932456379646,0.0,0.0,0.0,0.0,0.0,0.0,,0.0,0,0,0.0,0.0,0.0,0.0,0.0,0.0,803.6,1.8208333333333258,7.283333333333303,6.073809523809587,0.783333333333335,1.0,0.0,1.4708333333333332,0.0,-0.1776583047133941,-0.9840922348877481,-0.1776583047133941,-0.9840922348877481,0.016020409459067245,-0.8540624931356764,52.0,67.0,,,0.0,6,0.0,0.0,0.7893888888888889,0.0,-0.0,13.725000000000001,-0.8916666666666657,175,6,2020,266
2021-06-25,0.0,13.799999999999999,0,0.0,13.0,21.9,17.529166666666665,5.6,3.0666666666666664,0.06457904364569328,-1.2230839249067913,90.20833333333333,219.29166666666666,600.0,86.58333333333333,1014.9791666666666,1013.8,15.845833333333333,12.8,13.85,12.2,15.1,206.09347567044654,0.3486186140959683,0.0,0.0,0.0,0.0,0.0,0.0,,0.08333333333333333,0,0,0.0,0.0,0.0,0.0,0.0,0.0,803.6,1.3249999999999318,5.412500000000023,6.098214285714221,1.3458333333333314,1.0,0.0,1.6833333333333318,0.1999999999999993,-0.43983690767688594,-0.8980776662656936,-0.43983690767688594,-0.8980776662656936,0.0582556789553858,-1.1033236239263347,53.0,68.0,,,0.0,6,0.0,0.0,0.7802222222222222,0.0,-0.0,18.4,0.8833333333333329,176,6,2020,267
2021-06-26,0.0,7.0,0,0.0,16.5,22.9,19.212500000000002,6.1,2.8166666666666664,0.43780167594816,-1.8883480087470346,83.54166666666667,244.41666666666666,600.0,78.58333333333333,1015.2791666666667,1014.2,16.2,14.4,14.575000000000001,12.7,17.0,188.82655301534632,0.5607156189791831,0.0,0.0,0.0,0.0,0.0,0.0,,0.16666666666666666,0,0,0.0,0.0,0.0,0.0,0.0,0.0,803.6,0.3000000000000682,3.4458333333333258,4.666071428571513,0.7250000000000014,1.0,0.0,3.012500000000003,2.0999999999999996,-0.15344380197306023,-0.9881573759457813,-0.15344380197306023,-0.9881573759457813,0.36574681678169196,-1.5775573989740852,54.0,69.0,,,0.0,6,0.0,0.0,0.77475,0.0,-0.0,16.9,1.6833333333333371,177,6,2020,268
2021-06-27,0.0,29.9,0,0.0,14.6,21.4,18.0125,7.0,3.275,0.9971802621352074,-2.2770335803012567,93.125,101.70833333333333,495.0,85.375,1012.3125,1009.6,16.825,14.5,13.870833333333332,12.6,16.3,159.63546865764786,0.6058060858732964,0.0,0.0,0.0,0.0,0.0,0.0,,0.125,0,0,0.0,0.0,0.0,0.0,0.0,0.0,803.6,-2.966666666666697,-1.341666666666697,0.31309523809522943,-0.7041666666666693,1.0,0.0,1.1875,0.09999999999999964,0.3479917609742318,-0.9374975916204015,0.3479917609742318,-0.9374975916204015,0.9286241191134118,-2.120487521655545,55.0,70.0,,,0.0,6,0.0,0.0,0.7115555555555555,0.0,-0.0,19.65,-1.2000000000000028,178,6,2020,269
2021-06-28,0.0,1.1,0,0.0,13.4,24.5,19.400000000000002,7.7,4.270833333333333,1.2021348169854231,-2.4249133748101643,83.0,261.2083333333333,600.0,63.791666666666664,1007.9333333333334,1006.5,16.2,12.8,15.395833333333334,13.4,18.2,167.42815047636157,0.3143067501693493,0.0,0.0,0.0,0.0,0.0,0.0,,0.3333333333333333,0,0,0.0,0.0,0.0,0.0,0.0,0.0,803.6,-4.379166666666606,-7.045833333333235,-4.289285714285711,1.5250000000000021,1.0,0.0,3.200000000000003,0.5999999999999996,0.21766372912846296,-0.9760238219541012,0.21766372912846296,-0.9760238219541012,0.9977718980979011,-2.0126781010924364,56.0,71.0,,,0.0,6,0.0,0.0,0.7841388888888888,0.0,-0.0,25.625,1.3875000000000028,179,6,2020,270
2021-06-29,0.0,16.8,0,0.0,16.1,23.3,19.104166666666668,6.1,3.9166666666666665,-0.4483526515689668,-2.3241931635071507,91.08333333333333,236.66666666666666,600.0,74.29166666666667,1006.2375000000001,1004.0,17.5125,15.8,13.933333333333332,11.7,16.4,198.1143449136345,0.5979197680625308,0.0,0.0,0.0,0.0,0.0,0.0,,0.0,0,0,0.0,0.0,0.0,0.0,0.0,0.0,803.6,-1.6958333333333258,-9.041666666666629,-5.509523809523785,-1.4625000000000021,1.0,0.0,1.5916666666666686,0.3000000000000007,-0.3109143966879572,-0.9504379190310978,-0.3109143966879572,-0.9504379190310978,-0.4083745401374006,-2.116952606427763,57.0,72.0,,,0.0,6,0.0,0.0,0.7947222222222222,0.0,-0.0,23.5,-0.2958333333333343,180,6,2020,271
2021-06-30,0.0,20.6,0,0.0,15.6,23.2,18.916666666666668,7.9,5.0874999999999995,2.293354230633264,-3.2808204541832278,94.5,209.45833333333334,600.0,89.29166666666667,1012.6708333333332,1009.6,17.958333333333332,15.5,15.295833333333334,13.5,18.8,155.38513050341552,0.6482771736223563,0.0,0.0,0.0,0.0,0.0,0.0,,0.0,0,0,0.0,0.0,0.0,0.0,0.0,0.0,803.6,6.433333333333167,0.3583333333332348,0.8041666666665606,1.3625000000000025,1.0,0.0,0.9583333333333357,0.09999999999999964,0.41651674471582323,-0.9091280445412152,0.41651674471582323,-0.9091280445412152,2.1672197479484345,-3.10037532920315,58.0,73.0,,,0.0,6,0.0,0.0,0.7879722222222222,0.0,-0.0,30.525,-0.1875,181,6,2020,272
2021-07-01,0.0,12.7,0,0.0,17.2,22.3,18.983333333333334,13.9,7.1875,3.2638030744667508,-6.170430587281129,92.83333333333333,199.33333333333334,600.0,92.0,1013.7958333333332,1011.7,17.716666666666665,17.1,15.454166666666666,14.0,17.6,154.799924420385,0.9436270653482968,0.0,0.0,0.0,0.0,0.0,0.0,,0.0,0,0,0.0,0.0,0.0,0.0,0.0,0.0,803.6,1.125,5.862499999999841,1.9089285714285325,0.15833333333333144,1.0,0.0,1.2666666666666693,0.09999999999999787,0.4257804851339468,-0.9048264908141787,0.4257804851339468,-0.9048264908141787,3.0298971874633,-5.728216395192647,59.0,74.0,,,0.0,6,0.0,0.0,0.7756666666666666,0.0,-0.0,43.125,0.06666666666666643,182,7,2020,273
2021-07-02,0.0,15.5,0,0.0,16.6,23.5,19.958333333333332,11.6,4.608333333333333,0.6264853511452553,-3.1201238400019764,93.95833333333333,194.54166666666666,600.0,89.625,1012.5833333333334,1010.8,18.891666666666666,16.6,16.795833333333334,15.7,18.6,199.165395264593,0.4653936081680589,0.0,0.0,0.0,0.0,0.0,0.0,,0.0,0,0,0.0,0.0,0.0,0.0,0.0,0.0,803.6,-1.2124999999998636,6.345833333333303,1.0386904761904816,1.3416666666666686,1.0,0.0,1.0666666666666664,0.0,-0.3282962150352189,-0.9445748224431717,-0.3282962150352189,-0.9445748224431717,0.5886351945135627,-2.931616358001857,60.0,75.0,,,0.0,6,0.0,0.0,0.7762222222222221,0.0,-0.0,27.65,0.9749999999999979,183,7,2020,274
2021-07-03,0.0,5.9,0,0.0,17.0,26.0,21.741666666666664,5.2,3.0541666666666667,-0.6913020861412232,0.1907342137442428,88.70833333333333,274.25,600.0,78.25,1012.0541666666667,1010.8,19.616666666666667,16.9,16.875,14.6,18.7,328.78862810933316,0.12938623701860258,0.0,0.0,0.0,0.0,0.0,0.0,,0.08333333333333333,0,0,0.0,0.0,0.0,0.0,0.0,0.0,803.6,-0.529166666666697,-0.6166666666665606,0.9702380952380736,0.07916666666666572,1.0,0.0,2.1249999999999964,0.10000000000000142,-0.5181967692447506,0.8552614269007476,-0.5181967692447506,0.8552614269007476,-0.6132425589144435,0.1691971421089554,61.0,76.0,,,0.0,6,0.0,0.0,0.811861111111111,0.0,-0.0,18.325,1.7833333333333314,184,7,2020,275
2021-07-04,0.0,19.7,0,0.0,19.4,22.0,20.683333333333334,6.4,4.279166666666667,2.083176963430241,-2.8407367122437246,99.375,65.20833333333333,374.0,100.0,1014.6791666666667,1014.0,20.587500000000002,19.2,17.033333333333335,15.6,18.8,147.87469753487065,0.761067671633271,0.0,0.0,0.0,0.0,0.0,0.0,,0.0,0,0,0.0,0.0,0.0,0.0,0.0,0.0,803.6,2.625,0.8833333333334394,3.257142857142867,0.158333333333335,1.0,0.0,0.09583333333333144,0.1999999999999993,0.5317726263235577,-0.8468871671556643,0.5317726263235577,-0.8468871671556643,2.070157107408802,-2.8229821077922015,62.0,77.0,,,0.0,6,0.0,0.0,0.7080555555555555,0.0,-0.0,25.675,-1.05833333333333,185,7,2020,276
2021-07-05,0.0,43.1,0,0.0,19.4,25.0,21.72083333333333,4.3,2.216666666666667,0.16243607322722445,-1.2257153805189118,93.20833333333333,121.08333333333333,525.0,98.70833333333333,1012.5083333333333,1011.5,20.4875,19.3,16.212500000000002,15.0,19.7,185.07874395503427,0.48001311694445414,0.0,0.0,0.0,0.0,0.0,0.0,,0.0,0,0,0.0,0.0,0.0,0.0,0.0,0.0,803.6,-2.1708333333333485,-0.07500000000004547,0.43273809523805085,-0.8208333333333329,1.0,0.0,1.2333333333333307,0.09999999999999787,-0.08852477150406957,-0.9960739755812077,-0.08852477150406957,-0.9960739755812077,0.1514039565872088,-1.1424688775920024,63.0,78.0,,,0.0,6,0.0,0.0,0.7247499999999999,0.0,-0.0,13.3,1.0374999999999979,186,7,2020,277
2021-07-06,0.0,17.2,0,0.0,18.0,23.1,20.570833333333333,4.0,2.6125000000000003,-0.45403216737090846,-1.0764592041544099,94.83333333333333,126.54166666666667,515.0,98.66666666666667,1013.0458333333332,1011.8,19.666666666666668,17.9,15.5,14.6,17.3,194.3782138373069,0.4981012131124806,0.0,0.0,0.0,0.0,0.0,0.0,,0.0,0,0,0.0,0.0,0.0,0.0,0.0,0.0,803.6,0.537499999999909,0.9916666666665606,-0.0023809523810314204,-0.7125000000000021,1.0,0.0,0.904166666666665,0.10000000000000142,-0.24832157487254347,-0.9686776530161206,-0.24832157487254347,-0.9686776530161206,-0.4305738387234115,-1.0208421452730987,64.0,79.0,,,0.0,6,0.0,0.0,0.7338055555555556,0.0,-0.0,15.675,-1.1499999999999986,187,7,2020,278
2021-07-07,0.0,8.9,0,0.0,19.1,27.3,22.204166666666666,4.8,2.7708333333333335,-0.93678763622081,-0.00038749712681764487,87.08333333333333,186.66666666666666,600.0,96.04166666666667,1010.3583333333332,1008.9,19.758333333333333,18.8,17.145833333333332,15.7,20.6,261.99161703786655,0.32306585260438375,0.0,0.0,0.0,0.0,0.0,0.0,,0.0,0,0,0.0,0.0,0.0,0.0,0.0,0.0,803.6,-2.6875,-4.320833333333439,-2.3595238095238074,1.6458333333333321,1.0,0.0,2.445833333333333,0.3000000000000007,-0.9902476956856535,-0.13931798587854116,-0.9902476956856535,-0.13931798587854116,-0.815785899875622,-0.00033744541460369905,65.0,80.0,,,0.0,6,0.0,0.0,0.7480555555555556,0.0,-0.0,16.625,1.6333333333333329,188,7,2020,279
2021-07-08,0.0,11.1,0,0.0,18.9,22.1,20.641666666666666,5.9,2.9916666666666667,0.6847076770167305,-1.8663170634532273,97.20833333333333,100.45833333333333,437.0,99.08333333333333,1010.3166666666666,1009.3,20.175,18.6,16.945833333333333,16.1,18.6,173.81735472799235,0.5374781885295548,0.0,0.0,0.0,0.0,0.0,0.0,,0.0,0,0,0.0,0.0,0.0,0.0,0.0,0.0,803.6,-0.04166666666662877,-2.1916666666667197,-1.9041666666668107,-0.1999999999999993,1.0,0.0,0.466666666666665,0.29999999999999716,0.10769822526839128,-0.9941836310632151,0.10769822526839128,-0.9941836310632151,0.6655929210333467,-1.8142157120984914,66.0,81.0,,,0.0,6,0.0,0.0,0.7243333333333334,0.0,-0.0,17.95,-1.5625,189,7,2020,280
2021-07-09,0.0,14.3,0,0.0,19.2,23.1,21.5625,7.4,3.5666666666666664,1.6306966913505165,-2.5033771394452455,96.83333333333333,80.16666666666667,344.0,98.83333333333333,1009.6333333333333,1008.4,21.020833333333332,19.1,17.229166666666668,16.4,18.8,159.79554314309917,0.5672370152153181,0.0,0.0,0.0,0.0,0.0,0.0,,0.0,0,0,0.0,0.0,0.0,0.0,0.0,0.0,803.6,-0.6833333333332803,-3.412499999999909,-2.1660714285713993,0.283333333333335,1.0,0.0,0.5416666666666679,0.09999999999999787,0.34537120034839636,-0.9384661602689294,0.34537120034839636,-0.9384661602689294,1.5790579627910832,-2.4241035300294795,67.0,82.0,,,0.0,6,0.0,0.0,0.7095555555555556,0.0,-0.0,21.4,0.9208333333333343,190,7,2020,281
2021-07-10,0.0,11.2,0,0.0,19.9,27.2,23.02916666666667,3.9,2.5708333333333333,-1.2894546071183643,-1.7158630744535852,85.875,215.58333333333334,600.0,86.08333333333333,1011.9499999999999,1010.2,20.379166666666666,19.2,17.379166666666666,15.6,20.3,212.45440033823937,0.7946107033028353,0.0,0.0,0.0,0.0,0.0,0.0,,0.0,0,0,0.0,0.0,0.0,0.0,0.0,0.0,803.6,2.316666666666606,1.591666666666697,0.1654761904762836,0.14999999999999858,1.0,0.0,2.650000000000002,0.6999999999999993,-0.5366282131666729,-0.8438187962077782,-0.5366282131666729,-0.8438187962077782,-1.1073191438628953,-1.4734974151870162,68.0,83.0,,,0.0,6,0.0,0.0,0.7633055555555556,0.0,-0.0,15.425,1.4666666666666686,191,7,2020,282
2021-07-11,0.0,7.3,0,0.0,18.7,25.7,21.379166666666666,4.6,2.1583333333333337,-1.270284099746257,-0.7507601430404222,91.70833333333333,185.75,600.0,85.33333333333333,1014.3791666666666,1012.6,19.933333333333334,18.2,16.420833333333334,15.0,18.1,239.80335217314973,0.611741804942459,0.0,0.0,0.0,0.0,0.0,0.0,,0.0,0,0,0.0,0.0,0.0,0.0,0.0,0.0,803.6,2.4291666666666742,4.0625,2.637499999999932,-0.9583333333333321,1.0,0.0,1.4458333333333329,0.5,-0.8643042303901413,-0.5029693801114594,-0.8643042303901413,-0.5029693801114594,-1.1649563764756299,-0.6885096145133204,69.0,84.0,,,0.0,6,0.0,0.0,0.7628611111111111,0.0,-0.0,12.950000000000003,-1.6500000000000021,192,7,2020,283
2021-07-12,0.0,4.300000000000001,0,0.0,18.5,25.4,21.316666666666666,3.8,2.0500000000000003,-0.8771698121005419,-0.9718896011410433,88.29166666666667,192.83333333333334,600.0,88.83333333333333,1014.6416666666668,1013.6,19.233333333333334,16.9,16.183333333333334,14.2,18.1,216.85512590547413,0.5453951290366432,0.0,0.0,0.0,0.0,0.0,0.0,,0.0,0,0,0.0,0.0,0.0,0.0,0.0,0.0,803.6,0.26250000000015916,5.008333333333439,2.595238095238301,-0.2375000000000007,1.0,0.0,2.083333333333332,1.6000000000000014,-0.599793727657071,-0.8001546627141752,-0.599793727657071,-0.8001546627141752,-0.7744678466004368,-0.8580975270074462,70.0,85.0,,,0.0,6,0.0,0.0,0.7561944444444445,0.0,-0.0,12.3,-0.0625,193,7,2020,284
2021-07-13,0.0,9.3,0,0.0,16.0,25.1,20.916666666666668,4.9,2.5458333333333334,0.26086588168896935,0.5838724053407262,88.45833333333333,255.0,600.0,67.91666666666667,1015.5708333333333,1014.2,18.733333333333334,16.0,16.2625,15.0,17.7,28.411143850393213,0.18516516824014764,0.0,0.0,0.0,0.0,0.0,0.0,,0.0,0,0,0.0,0.0,0.0,0.0,0.0,0.0,803.6,0.9291666666665606,3.620833333333394,3.163690476190368,0.07916666666666572,1.0,0.0,2.1833333333333336,0.0,0.4757952889765384,0.8795560488040158,0.4757952889765384,0.8795560488040158,0.23075761117736746,0.5164837985576507,71.0,86.0,,,0.0,6,0.0,0.0,0.7981944444444444,0.0,-0.0,15.275,-0.3999999999999986,194,7,2020,285
2021-07-14,0.0,7.2,0,0.0,16.7,25.2,20.716666666666665,5.9,2.8083333333333336,0.8591049924641759,-1.426126317965764,90.79166666666667,224.25,600.0,93.45833333333333,1018.1083333333332,1016.9,19.0125,16.4,16.366666666666667,14.7,18.1,153.86118235093602,0.4163420218720491,0.0,0.0,0.0,0.0,0.0,0.0,,0.0,0,0,0.0,0.0,0.0,0.0,0.0,0.0,803.6,2.537499999999909,3.7291666666666288,4.594047619047615,0.10416666666666785,1.0,0.0,1.7041666666666657,0.3000000000000007,0.4405474787397564,-0.8977293127530391,0.4405474787397564,-0.8977293127530391,0.7799957410747664,-1.2948038528530832,72.0,87.0,,,0.0,6,0.0,0.0,0.7854722222222223,0.0,-0.0,16.85,-0.20000000000000284,195,7,2020,286
2021-07-15,0.0,4.4,0,0.0,18.7,25.1,21.25,8.7,4.6875,2.143131922297512,-3.8376217328021096,89.70833333333333,227.75,600.0,82.54166666666667,1021.2166666666667,1019.8,19.35833333333333,18.6,16.495833333333334,15.1,17.7,157.16245483809658,0.903864869780159,0.0,0.0,0.0,0.0,0.0,0.0,,0.0,0,0,0.0,0.0,0.0,0.0,0.0,0.0,803.6,3.108333333333462,6.574999999999932,6.145238095238142,0.12916666666666643,1.0,0.0,1.8916666666666693,0.09999999999999787,0.388119587865531,-0.9216090198750717,0.388119587865531,-0.9216090198750717,1.9225679286277264,-3.442666496134559,73.0,88.0,,,0.0,6,0.0,0.0,0.7841944444444445,0.0,-0.0,28.125,0.533333333333335,196,7,2020,287
2021-07-16,0.0,0.9,0,0.0,19.5,27.5,22.837500000000002,10.6,5.8374999999999995,2.128527321928076,-4.724617362843081,86.375,311.6666666666667,600.0,78.0,1022.3708333333334,1020.3,20.2,19.0,18.75,16.7,21.2,167.23062444559946,0.8331469608736046,0.0,0.0,0.0,0.0,0.0,0.0,,0.0,0,0,0.0,0.0,0.0,0.0,0.0,0.0,803.6,1.154166666666697,6.800000000000068,5.479761904761972,2.2541666666666664,1.0,0.0,2.637500000000003,0.5,0.221027251195855,-0.9752676321035187,0.221027251195855,-0.9752676321035187,1.8385154743153753,-4.080888247155712,74.0,89.0,,,0.0,6,0.0,0.0,0.8290277777777778,0.0,-0.0,35.025,1.5875000000000021,197,7,2020,288
2021-07-17,0.0,0.0,0,0.0,16.9,28.0,23.683333333333334,9.9,5.1375,0.807815643062451,-3.6471783052506788,78.83333333333333,340.9583333333333,600.0,24.208333333333332,1020.2875,1018.2,19.395833333333332,16.4,20.0,17.9,22.9,191.6241972040029,0.5368310543717214,0.0,0.0,0.0,0.0,0.0,0.0,,0.6666666666666666,0,0,0.0,0.0,0.0,0.0,0.0,0.0,803.6,-2.0833333333333712,2.179166666666788,2.205357142857224,1.25,1.0,0.0,4.287500000000001,0.5,-0.20149159828312072,-0.9794902428413024,-0.20149159828312072,-0.9794902428413024,0.6368279986142322,-2.875192230639285,75.0,90.0,,,0.0,6,0.0,0.0,0.8234166666666667,0.0,-0.0,30.825000000000003,0.8458333333333314,198,7,2020,289
2021-07-18,0.0,0.0,0,0.0,19.1,29.3,24.412499999999998,6.7,3.720833333333333,0.5081491511881813,-1.374827141433393,79.16666666666667,315.5833333333333,600.0,11.583333333333334,1018.7791666666667,1016.8,20.175,18.1,20.5125,18.6,23.3,194.2458060263029,0.22151957643032097,0.0,0.0,0.0,0.0,0.0,0.0,,0.75,0,0,0.0,0.0,0.0,0.0,0.0,0.0,803.6,-1.5083333333333258,-2.4375,0.06845238095240802,0.5124999999999993,1.0,0.0,4.237499999999997,1.0,-0.24608234597571352,-0.9692489251988311,-0.24608234597571352,-0.9692489251988311,0.4022847446906435,-1.0884048203014363,76.0,91.0,,,0.0,6,0.0,0.0,0.8076111111111111,0.0,-0.0,22.325,0.7291666666666643,199,7,2020,290
2021-07-19,0.0,0.6000000000000001,0,0.0,19.6,29.3,24.625,7.4,4.179166666666666,0.9839636643153159,-1.4781624955858739,81.91666666666667,287.9166666666667,600.0,18.375,1019.2083333333334,1017.8,21.070833333333333,18.7,20.620833333333334,18.9,23.3,174.65927808230887,0.1812351880959418,0.0,0.0,0.0,0.0,0.0,0.0,,0.75,0,0,0.0,0.0,0.0,0.0,0.0,0.0,803.6,0.42916666666667425,-3.1625000000000227,-0.15476190476192642,0.10833333333333428,1.0,0.0,3.554166666666667,0.9000000000000021,0.09307825700656078,-0.9956587960102701,0.09307825700656078,-0.9956587960102701,0.8060302350182963,-1.2108614443007617,77.0,92.0,,,0.0,6,0.0,0.0,0.7983333333333333,0.0,-0.0,25.074999999999996,0.21250000000000213,200,7,2020,291
2021-07-20,0.0,1.1,0,0.0,18.8,28.4,24.233333333333334,6.7,3.8208333333333333,1.7000215646053147,-1.6800067735576685,83.625,281.125,600.0,37.875,1019.0625,1017.4,21.045833333333334,18.4,20.783333333333335,18.5,24.3,161.6694333622407,0.2401346947331887,0.0,0.0,0.0,0.0,0.0,0.0,,0.3333333333333333,0,0,0.0,0.0,0.0,0.0,0.0,0.0,803.6,-0.14583333333337123,-1.2250000000000227,-0.7994047619047251,0.16250000000000142,1.0,0.0,3.1875,0.40000000000000213,0.3144989188062935,-0.9492578311869081,0.3144989188062935,-0.9492578311869081,1.4216430334011942,-1.4049056643876003,78.0,93.0,,,0.0,6,0.0,0.0,0.7995000000000001,0.0,-0.0,22.925,-0.3916666666666657,201,7,2020,292
2021-07-21,0.0,0.8,0,0.0,20.1,30.1,24.962500000000002,7.4,4.058333333333334,1.6046076094253061,-1.9058466551777495,78.75,314.8333333333333,600.0,21.416666666666668,1017.75,1015.7,20.75,17.9,19.866666666666667,17.7,23.5,166.53467445098985,0.3933283529154793,0.0,0.0,0.0,0.0,0.0,0.0,,0.5833333333333334,0,0,0.0,0.0,0.0,0.0,0.0,0.0,803.6,-1.3125,-1.029166666666697,-2.0607142857143117,-0.9166666666666679,1.0,0.0,4.212500000000002,2.200000000000003,0.23285685907016607,-0.9725110195694323,0.23285685907016607,-0.9725110195694323,1.2636284924224286,-1.5008542409524779,79.0,94.0,,,0.0,6,0.0,0.0,0.8057222222222222,0.0,-0.0,24.35,0.7291666666666679,202,7,2020,293
2021-07-22,0.0,0.6000000000000001,0,0.0,21.0,29.0,24.604166666666668,6.4,2.8874999999999997,1.0147538978919985,-0.15072313872270524,79.91666666666667,289.5416666666667,600.0,15.5,1016.0124999999999,1014.2,20.712500000000002,18.0,18.912499999999998,16.8,21.2,41.2035561874273,0.1545662061130548,0.0,0.0,0.0,0.0,0.0,0.0,,0.5,0,0,0.0,0.0,0.0,0.0,0.0,0.0,803.6,-1.7375000000000682,-3.1958333333334394,-3.0547619047619037,-0.9541666666666693,1.0,0.0,3.8916666666666657,3.0,0.6587361591210564,0.7523740244495674,0.6587361591210564,0.7523740244495674,0.8109574900653556,-0.12045290836256195,80.0,95.0,,,0.0,6,0.0,0.0,0.79275,0.0,-0.0,17.325,-0.3583333333333343,203,7,2020,294
2021-07-23,0.0,1.4000000000000001,0,0.0,19.0,28.9,23.854166666666668,4.6,2.4250000000000003,1.1142211586275585,-0.2026432140097202,83.45833333333333,275.0416666666667,600.0,51.958333333333336,1014.4541666666668,1012.8,20.541666666666668,18.9,18.7625,17.0,22.3,63.01391903116672,0.19557002211345131,0.0,0.0,0.0,0.0,0.0,0.0,,0.125,0,0,0.0,0.0,0.0,0.0,0.0,0.0,803.6,-1.5583333333331666,-4.608333333333235,-3.482142857142776,-0.14999999999999858,1.0,0.0,3.3125,0.10000000000000142,0.8911167871341926,0.4537740315263028,0.8911167871341926,0.4537740315263028,0.9299104086379165,-0.16912264902561233,81.0,96.0,,,0.0,6,0.0,0.0,0.7948888888888889,0.0,-0.0,14.55,-0.75,204,7,2020,295
2021-07-24,0.0,1.5,0,0.0,18.7,28.6,23.645833333333332,9.2,3.9916666666666667,2.0728874605616414,-2.056357594955823,84.58333333333333,284.7916666666667,600.0,50.333333333333336,1014.2083333333334,1012.4,20.554166666666667,18.6,18.891666666666666,16.8,22.4,136.4366107896579,0.4623043343356941,0.0,0.0,0.0,0.0,0.0,0.0,,0.125,0,0,0.0,0.0,0.0,0.0,0.0,0.0,803.6,-0.24583333333339397,-3.5416666666666288,-2.8595238095238074,0.12916666666666643,1.0,0.0,3.091666666666665,0.09999999999999787,0.6891566725009952,-0.7246123658531891,0.6891566725009952,-0.7246123658531891,1.7533173103917215,-1.7393357990668001,82.0,97.0,,,0.0,6,0.0,0.0,0.805138888888889,0.0,-0.0,23.95,-0.2083333333333357,205,7,2020,296
2021-07-25,0.0,3.9,0,0.0,21.0,26.2,23.3625,5.3,3.4958333333333336,1.4389390813671745,-0.48185174513441864,88.83333333333333,225.66666666666666,600.0,56.125,1013.3833333333333,1011.7,21.283333333333335,20.7,18.633333333333333,16.3,21.0,125.57399467641876,0.282162999897159,0.0,0.0,0.0,0.0,0.0,0.0,,0.08333333333333333,0,0,0.0,0.0,0.0,0.0,0.0,0.0,803.6,-0.8250000000000455,-2.629166666666606,-2.9136904761904816,-0.25833333333333286,1.0,0.0,2.0791666666666657,0.3000000000000007,0.8133648903981423,-0.5817538612399732,0.8133648903981423,-0.5817538612399732,1.2782575506145066,-0.42804496692774185,83.0,98.0,,,0.0,6,0.0,0.0,0.7798888888888889,0.0,-0.0,20.975,-0.28333333333333144,206,7,2020,297
2021-07-26,0.0,0.1,0,0.0,19.7,27.0,22.849999999999998,9.7,5.9125000000000005,-0.9577862132307514,5.037694944674679,83.375,251.66666666666666,600.0,63.166666666666664,1008.7791666666667,1006.2,19.7,17.6,17.670833333333334,15.0,21.4,335.2081617018903,0.8166224442697352,0.0,0.0,0.0,0.0,0.0,0.0,,0.08333333333333333,0,0,0.0,0.0,0.0,0.0,0.0,0.0,803.6,-4.604166666666629,-5.675000000000068,-6.027976190476238,-0.9624999999999986,1.0,0.0,3.1499999999999986,2.099999999999998,-0.41932276658674245,0.9078372196721394,-0.41932276658674245,0.9078372196721394,-0.798554255281139,4.200178160122514,84.0,99.0,,,0.0,6,0.0,0.0,0.7790277777777778,0.0,-0.0,35.475,-0.5125000000000028,207,7,2020,298
2021-07-27,0.0,2.0,0,0.0,19.6,24.7,21.6875,10.7,6.770833333333333,-2.5134849278451084,6.203296053694147,86.29166666666667,147.875,600.0,87.54166666666667,1003.3874999999999,1002.2,19.245833333333334,17.7,16.1125,15.0,17.9,336.69183187595337,0.989235265349867,0.0,0.0,0.0,0.0,0.0,0.0,,0.0,0,0,0.0,0.0,0.0,0.0,0.0,0.0,803.6,-5.391666666666765,-10.82083333333344,-9.180357142857247,-1.5583333333333336,1.0,0.0,2.4416666666666664,1.9000000000000021,-0.3956764328638394,0.9183899827829938,-0.3956764328638394,0.9183899827829938,-2.1689280356530083,5.352927553000241,85.0,100.0,,,0.0,6,0.0,0.0,0.7195555555555555,0.0,-0.0,40.625,-1.1624999999999979,208,7,2020,299
2021-07-28,0.0,7.3,0,0.0,18.3,26.5,22.191666666666666,3.8,2.1708333333333334,-1.0808771813944091,-0.5430464647869778,89.45833333333333,246.54166666666666,600.0,50.791666666666664,1003.6041666666666,1002.2,20.275000000000002,17.7,17.820833333333333,15.7,20.8,236.69933316535526,0.5340009910077335,0.0,0.0,0.0,0.0,0.0,0.0,,0.0,0,0,0.0,0.0,0.0,0.0,0.0,0.0,803.6,0.21666666666669698,-9.779166666666697,-6.942857142857179,1.7083333333333321,1.0,0.0,1.9166666666666643,0.6000000000000014,-0.8358009715314932,-0.5490325454715886,-0.8358009715314932,-0.5490325454715886,-0.9669347118557485,-0.48580031662401724,86.0,101.0,,,0.0,6,0.0,0.0,0.7958888888888889,0.0,-0.0,13.025,0.5041666666666664,209,7,2020,300
2021-07-29,0.0,31.599999999999998,0,0.0,20.0,26.0,22.5125,5.6,2.1999999999999997,-0.028755614077854524,-0.5059473514178341,91.83333333333333,172.25,554.0,77.29166666666667,1005.2833333333333,1004.1,21.095833333333335,18.4,17.616666666666667,15.9,19.6,213.22619213206613,0.18609384047946503,0.0,0.0,0.0,0.0,0.0,0.0,,0.041666666666666664,0,0,0.0,0.0,0.0,0.0,0.0,0.0,803.6,1.6791666666666742,-3.495833333333394,-3.7309523809524308,-0.20416666666666572,1.0,0.0,1.4166666666666643,1.6000000000000014,-0.5479456838189585,-0.8365139135628133,-0.5479456838189585,-0.8365139135628133,-0.02640723892816307,-0.46462831771871094,87.0,102.0,,,0.0,6,0.0,0.0,0.7542777777777778,0.0,-0.0,13.2,0.32083333333333286,210,7,2020,301
2021-07-30,0.0,28.1,0,0.0,18.0,26.2,22.254166666666666,4.8,2.4,1.0991987455760743,-0.6894019883195938,91.75,203.5,569.0,64.66666666666667,1005.4041666666667,1004.2,20.770833333333332,18.0,18.433333333333334,16.5,22.1,126.83393805504214,0.26235997042215414,0.0,0.0,0.0,0.0,0.0,0.0,,0.08333333333333333,0,0,0.0,0.0,0.0,0.0,0.0,0.0,803.6,0.12083333333339397,2.016666666666765,-2.317261904761722,0.8166666666666664,1.0,0.0,1.4833333333333343,0.0,0.800376410370221,-0.5994977912577156,0.800376410370221,-0.5994977912577156,1.0085148490660483,-0.6325263242832273,88.0,103.0,,,0.0,6,0.0,0.0,0.7748333333333334,0.0,-0.0,14.399999999999999,-0.25833333333333286,211,7,2020,302
2021-07-31,0.0,8.5,0,0.0,20.4,27.6,23.295833333333334,5.9,2.9875000000000003,1.283290026813486,-0.13349594553515198,86.33333333333333,252.16666666666666,600.0,60.041666666666664,1005.8208333333333,1004.7,20.6875,19.6,18.287499999999998,16.8,20.0,105.14221318440403,0.20857412344361967,0.0,0.0,0.0,0.0,0.0,0.0,,0.0,0,0,0.0,0.0,0.0,0.0,0.0,0.0,803.6,0.41666666666662877,2.216666666666697,-0.7023809523809632,-0.1458333333333357,1.0,0.0,2.6083333333333343,0.7999999999999972,0.965280439804848,-0.2612157585793001,0.965280439804848,-0.2612157585793001,1.1079070564823095,-0.11525149964534787,89.0,104.0,,,0.0,6,0.0,0.0,0.7892222222222222,0.0,-0.0,17.925,1.0416666666666679,212,7,2020,303
2021-08-01,0.0,1.3,0,0.0,18.8,27.4,22.866666666666664,5.2,2.5416666666666665,0.4001931183290537,0.23823751560234893,87.25,222.875,600.0,62.875,1006.6625,1005.6,20.458333333333332,17.8,18.970833333333335,17.3,21.7,345.292268609932,0.21572921874162249,0.0,0.0,0.0,0.0,0.0,0.0,,0.20833333333333334,0,0,0.0,0.0,0.0,0.0,0.0,0.0,803.6,0.841666666666697,1.3791666666667197,1.0994047619047933,0.6833333333333371,1.0,0.0,2.4083333333333314,1.0,-0.25388846365566914,0.9672335023263845,-0.25388846365566914,0.9672335023263845,0.34916849574209935,0.20786223236304946,90.0,105.0,,,0.0,6,0.0,0.0,0.7727499999999999,0.0,-0.0,15.25,-0.4291666666666707,213,8,2020,304
2021-08-02,0.0,0.7000000000000001,0,0.0,19.5,27.5,23.641666666666666,9.5,5.879166666666666,1.83233148128431,-4.8960986757819684,85.91666666666667,273.9583333333333,600.0,67.45833333333333,1011.1416666666668,1008.9,21.004166666666666,19.4,19.75,17.6,22.6,171.46385055330958,0.7519349084683989,0.0,0.0,0.0,0.0,0.0,0.0,,0.0,0,0,0.0,0.0,0.0,0.0,0.0,0.0,803.6,4.4791666666667425,5.737500000000068,5.2410714285715585,0.779166666666665,1.0,0.0,2.6374999999999993,0.10000000000000142,0.1484333783496624,-0.9889224095912207,0.1484333783496624,-0.9889224095912207,1.5742781310034362,-4.206564778942675,91.0,106.0,,,0.0,6,0.0,0.0,0.8023611111111112,0.0,-0.0,35.275,0.7750000000000021,214,8,2020,305
2021-08-03,0.0,0.8,0,0.0,21.5,28.5,24.766666666666666,10.4,6.316666666666666,2.8051807109634006,-5.469535155604877,86.45833333333333,223.41666666666666,600.0,91.58333333333333,1015.0083333333333,1013.9,22.233333333333334,21.5,20.2375,18.7,22.3,154.81637337937255,0.9630638140738783,0.0,0.0,0.0,0.0,0.0,0.0,,0.041666666666666664,0,0,0.0,0.0,0.0,0.0,0.0,0.0,803.6,3.8666666666665606,9.1875,7.447619047619014,0.4875000000000007,1.0,0.0,2.5333333333333314,0.0,0.42552070231759714,-0.904948690202455,0.42552070231759714,-0.904948690202455,2.4253124896871068,-4.728868936616717,92.0,107.0,,,0.0,6,0.0,0.0,0.7704722222222221,0.0,-0.0,37.9,1.125,215,8,2020,306
2021-08-04,0.0,1.8,0,0.0,20.7,28.9,25.175,6.4,3.4375,1.5774110414794789,-1.6820827505545413,86.75,234.625,600.0,54.583333333333336,1015.1,1013.1,22.662499999999998,20.7,20.2,18.8,22.7,149.73646762272466,0.47145492282440576,0.0,0.0,0.0,0.0,0.0,0.0,,0.041666666666666664,0,0,0.0,0.0,0.0,0.0,0.0,0.0,803.6,0.09166666666669698,8.4375,5.897023809523944,-0.03750000000000142,1.0,0.0,2.512500000000003,0.0,0.503977987583218,-0.8637164974872078,0.503977987583218,-0.8637164974872078,1.368404078483448,-1.4592067861060645,93.0,108.0,,,0.0,6,0.0,0.0,0.7789166666666666,0.0,-0.0,20.625,0.408333333333335,216,8,2020,307
2021-08-05,0.0,0.5,0,0.0,21.5,29.9,25.587500000000002,7.6,4.0625,2.1710253967376287,-2.312747001672078,85.08333333333333,278.0,600.0,38.875,1011.6458333333334,1009.9,22.741666666666664,20.7,21.133333333333333,19.1,23.7,152.1756402707992,0.36572294476059525,0.0,0.0,0.0,0.0,0.0,0.0,,0.125,0,0,0.0,0.0,0.0,0.0,0.0,0.0,803.6,-3.4541666666666515,0.504166666666606,1.5339285714285325,0.9333333333333336,1.0,0.0,2.8458333333333385,0.8000000000000007,0.466762684394588,-0.8843826075046695,0.466762684394588,-0.8843826075046695,1.847180775057599,-1.9677622405893263,94.0,109.0,,,0.0,6,0.0,0.0,0.8022777777777778,0.0,-0.0,24.375,0.4125000000000014,217,8,2020,308
2021-08-06,0.0,0.0,0,0.0,21.6,29.7,25.170833333333334,10.3,6.395833333333333,0.9758061690745808,-5.642812807200745,74.91666666666667,310.2083333333333,600.0,78.0,1009.8416666666667,1008.0,20.025000000000002,16.6,21.25,17.3,25.8,181.47471010408955,0.8448040289299998,0.0,0.0,0.0,0.0,0.0,0.0,,0.0,0,0,0.0,0.0,0.0,0.0,0.0,0.0,803.6,-1.8041666666666742,-5.166666666666629,-0.904166666666697,0.11666666666666714,1.0,0.0,5.145833333333332,5.0,-0.025735705075088284,-0.9996687818894257,-0.025735705075088284,-0.9996687818894257,0.7310414549983736,-4.227407261394558,95.0,110.0,,,0.0,6,0.0,0.0,0.7898611111111111,0.0,-0.0,38.375,-0.41666666666666785,218,8,2020,309
2021-08-07,0.0,3.3,0,0.0,20.7,28.4,24.09583333333333,11.2,6.541666666666667,1.9514850830728958,-5.659003475503886,87.91666666666667,259.8333333333333,600.0,72.375,1009.0583333333334,1007.5,21.849999999999998,20.0,20.229166666666668,18.1,23.8,167.37011262415342,0.8561206524354914,0.0,0.0,0.0,0.0,0.0,0.0,,0.0,0,0,0.0,0.0,0.0,0.0,0.0,0.0,803.6,-0.783333333333303,-6.041666666666629,-2.1499999999998636,-1.0208333333333321,1.0,0.0,2.2458333333333336,0.6999999999999993,0.2186522821938037,-0.9758028384317404,0.2186522821938037,-0.9758028384317404,1.715680635534921,-4.975207222213834,96.0,111.0,,,0.0,6,0.0,0.0,0.7996111111111112,0.0,-0.0,39.25,-1.0750000000000028,219,8,2020,310
2021-08-08,0.0,2.0,0,0.0,21.0,28.4,24.816666666666666,10.1,4.175,-0.699861368603571,2.7446580858570733,84.29166666666667,251.83333333333334,600.0,79.20833333333333,1006.1458333333334,1004.6,21.858333333333334,19.4,19.908333333333335,18.3,23.5,340.16939302522985,0.591853274872079,0.0,0.0,0.0,0.0,0.0,0.0,,0.0,0,0,0.0,0.0,0.0,0.0,0.0,0.0,803.6,-2.9125000000000227,-5.5,-4.988690476190527,-0.32083333333333286,1.0,0.0,2.958333333333332,1.6000000000000014,-0.33924048332492945,0.9406996834662316,-0.33924048332492945,0.9406996834662316,-0.5899248119520933,2.3135180448703583,97.0,112.0,,,0.0,6,0.0,0.0,0.7821944444444444,0.0,-0.0,25.049999999999997,0.720833333333335,220,8,2020,311
2021-08-09,0.0,15.8,0,0.0,21.0,26.1,23.025000000000002,21.3,10.391666666666667,4.416073267262572,-9.063688264621428,95.91666666666667,208.58333333333334,600.0,89.875,998.8291666666668,992.9,22.333333333333332,20.7,18.595833333333335,17.4,19.9,160.022986974,0.960075588085899,0.0,0.0,0.0,0.0,0.0,0.0,,0.0,0,0,0.0,0.0,0.0,0.0,0.0,0.0,803.6,-7.316666666666606,-11.012499999999932,-10.546428571428464,-1.3125,1.0,0.0,0.69166666666667,0.3000000000000007,0.34164311265153297,-0.939829763083598,0.34164311265153297,-0.939829763083598,4.235750275516017,-8.69358766048272,98.0,113.0,,,0.0,6,0.0,0.0,0.7921111111111111,0.0,-0.0,62.35000000000001,-1.7916666666666643,221,8,2020,312
2021-08-10,0.0,64.5,0,0.0,19.6,24.2,21.795833333333334,10.7,5.658333333333334,-2.0153792379314854,3.1312453573131145,95.375,198.20833333333334,600.0,79.375,1004.225,993.9,20.979166666666668,19.3,15.5,14.5,17.3,319.8578275114296,0.4957761806206768,0.0,0.0,0.0,0.0,0.0,0.0,,0.041666666666666664,0,0,0.0,0.0,0.0,0.0,0.0,0.0,803.6,5.3958333333332575,-4.833333333333371,-3.610119047619037,-3.095833333333335,1.0,0.0,0.8166666666666664,0.3000000000000007,-0.6446864746912505,0.7644470873449435,-0.6446864746912505,0.7644470873449435,-1.9221679481771543,2.986425259537383,99.0,114.0,,,0.0,6,0.0,0.0,0.7833888888888888,0.0,-0.0,33.95,-1.2291666666666679,222,8,2020,313
2021-08-11,0.0,0.1,0,0.0,18.4,27.1,22.383333333333336,4.8,2.4583333333333335,-0.8122947044050389,0.7711915072580301,83.375,264.6666666666667,600.0,86.66666666666667,1014.7083333333334,1012.8,19.025000000000002,16.9,17.295833333333334,15.2,20.4,324.0723642484183,0.4272054785297043,0.0,0.0,0.0,0.0,0.0,0.0,,0.041666666666666664,0,0,0.0,0.0,0.0,0.0,0.0,0.0,803.6,10.483333333333348,8.5625,6.929166666666561,1.7958333333333343,1.0,0.0,3.3583333333333343,1.5,-0.5867629998300748,0.8097587184034585,-0.5867629998300748,0.8097587184034585,-0.6772507097977012,0.6429809191763826,100.0,115.0,,,0.0,6,0.0,0.0,0.7876944444444444,0.0,-0.0,14.75,0.5875000000000021,223,8,2020,314
2021-08-12,0.0,7.4,0,0.0,18.2,24.3,21.1875,4.4,2.275,-0.3369873872549038,-0.9287658932726672,91.91666666666667,163.375,562.0,88.33333333333333,1014.6833333333334,1013.1,19.7625,17.9,16.083333333333332,14.7,18.1,208.15629445241183,0.24403264472568045,0.0,0.0,0.0,0.0,0.0,0.0,,0.0,0,0,0.0,0.0,0.0,0.0,0.0,0.0,803.6,-0.024999999999977263,15.854166666666629,6.470238095238187,-1.2125000000000021,1.0,0.0,1.4250000000000007,0.3000000000000007,-0.471878364149439,-0.8816636600471006,-0.471878364149439,-0.8816636600471006,-0.3097475734517991,-0.8536906502331267,101.0,116.0,,,0.0,6,0.0,0.0,0.748638888888889,0.0,-0.0,13.649999999999999,-1.1958333333333364,224,8,2020,315
2021-08-13,0.0,58.8,0,0.0,17.2,20.5,18.945833333333333,11.8,4.908333333333333,1.5240278421758393,-3.879519070441036,98.79166666666667,35.5,114.0,100.0,1011.5416666666666,1009.1,18.75,17.1,14.616666666666667,12.9,16.1,171.74175360821633,0.7076253229867456,0.0,0.0,0.0,0.0,0.0,0.0,,0.0,0,0,0.0,0.0,0.0,0.0,0.0,0.0,803.6,-3.141666666666765,7.316666666666606,3.0857142857141753,-1.466666666666665,1.0,0.0,0.19583333333333286,0.09999999999999787,0.14363505775088406,-0.9896307241516404,0.14363505775088406,-0.9896307241516404,1.5056125057495482,-3.8326415483398732,102.0,117.0,,,0.0,6,0.0,0.0,0.6863055555555556,0.0,-0.0,29.45,-2.241666666666667,225,8,2020,316
2021-08-14,0.0,100.1,0,0.0,18.6,21.3,20.033333333333335,6.4,2.829166666666667,-0.18492500990249575,0.6141515004113837,96.33333333333333,37.375,185.0,99.70833333333333,1007.9833333333332,1006.4,19.420833333333334,17.7,15.008333333333333,14.1,16.3,329.74765255798536,0.12052751514136,0.0,0.0,0.0,0.0,0.0,0.0,,0.0,0,0,0.0,0.0,0.0,0.0,0.0,0.0,803.6,-3.558333333333394,-6.725000000000136,-0.31904761904775114,0.3916666666666657,1.0,0.0,0.6125000000000007,0.9000000000000021,-0.5038093684748748,0.8638148645612368,-0.5038093684748748,0.8638148645612368,-0.17814442620607088,0.5916326120629662,103.0,118.0,,,0.0,6,0.0,0.0,0.6793611111111111,0.0,-0.0,16.975,1.0875000000000021,226,8,2020,317
2021-08-15,0.0,25.4,0,0.0,18.4,24.9,20.833333333333332,5.1,3.358333333333333,1.5120829176631707,0.2579406682248128,90.29166666666667,174.04166666666666,600.0,86.5,1012.4375,1008.6,19.070833333333333,18.1,15.208333333333334,14.6,16.1,81.40796113512128,0.4049967227903013,0.0,0.0,0.0,0.0,0.0,0.0,,0.0,0,0,0.0,0.0,0.0,0.0,0.0,0.0,803.6,4.454166666666765,-2.245833333333394,3.2363095238096093,0.20000000000000107,1.0,0.0,1.7624999999999993,0.29999999999999716,0.9887771491421015,0.1493979562591749,0.9887771491421015,0.1493979562591749,1.365284867740038,0.2328989283513206,104.0,119.0,,,0.0,6,0.0,0.0,0.7503333333333333,0.0,-0.0,20.15,0.7999999999999972,227,8,2020,318
2021-08-16,0.0,1.7,0,0.0,18.2,23.0,20.308333333333334,7.1,4.070833333333334,2.467058940062483,-2.935619400187788,92.33333333333333,120.5,449.0,99.66666666666667,1018.0124999999999,1017.0,18.974999999999998,18.0,15.154166666666667,14.1,16.5,141.19804023382494,0.9380294188505712,0.0,0.0,0.0,0.0,0.0,0.0,,0.0,0,0,0.0,0.0,0.0,0.0,0.0,0.0,803.6,5.574999999999932,6.470833333333303,6.070833333333326,-0.05416666666666714,1.0,0.0,1.3333333333333357,0.1999999999999993,0.6266304677638299,-0.7793165318855257,0.6266304677638299,-0.7793165318855257,2.2779177546576928,-2.710555246173391,105.0,120.0,,,0.0,6,0.0,0.0,0.7214444444444444,0.0,-0.0,24.425000000000004,-0.5249999999999986,228,8,2020,319
2021-08-17,0.0,33.2,0,0.0,18.6,20.8,19.504166666666666,11.4,6.866666666666667,4.250324527058105,-5.08233518224831,99.16666666666667,57.125,246.0,100.0,1016.1750000000001,1013.2,19.35833333333333,18.2,15.595833333333333,14.4,17.5,141.58834215397303,0.9255486934779219,0.0,0.0,0.0,0.0,0.0,0.0,,0.0,0,0,0.0,0.0,0.0,0.0,0.0,0.0,803.6,-1.8374999999998636,8.191666666666833,2.5261904761906635,0.44166666666666643,1.0,0.0,0.1458333333333357,0.40000000000000213,0.6213072238008936,-0.7835670575342141,0.6213072238008936,-0.7835670575342141,4.214905155999287,-5.039982389062908,106.0,121.0,,,0.0,6,0.0,0.0,0.7019722222222221,0.0,-0.0,41.2,-0.8041666666666671,229,8,2020,320
2021-08-18,0.0,11.5,0,0.0,18.8,24.6,21.270833333333332,9.7,5.608333333333333,3.407559468800494,-4.150916707642042,97.08333333333333,138.95833333333334,509.0,96.25,1013.6083333333332,1011.9,20.7625,18.8,17.379166666666666,15.9,19.4,140.0851558691302,0.9564371327144001,0.0,0.0,0.0,0.0,0.0,0.0,,0.0,0,0,0.0,0.0,0.0,0.0,0.0,0.0,803.6,-2.5666666666668334,1.1708333333332348,0.11666666666656056,1.7833333333333332,1.0,0.0,0.5083333333333329,0.0,0.6416483663876307,-0.7669989399680321,0.6416483663876307,-0.7669989399680321,3.308172317627146,-4.02984830366915,107.0,122.0,,,0.0,6,0.0,0.0,0.7495833333333333,0.0,-0.0,33.65,1.7666666666666657,230,8,2020,321
2021-08-19,0.0,14.2,0,0.0,19.3,24.0,21.412499999999998,8.2,4.225,1.9553285348878442,-2.4472593117714507,95.95833333333333,122.08333333333333,600.0,96.29166666666667,1018.4416666666666,1016.4,20.716666666666665,19.2,18.333333333333332,17.4,20.0,142.26333755207176,0.4526058539064761,0.0,0.0,0.0,0.0,0.0,0.0,,0.0,0,0,0.0,0.0,0.0,0.0,0.0,0.0,803.6,4.833333333333371,0.42916666666667425,4.413095238095252,0.9541666666666657,1.0,0.0,0.6958333333333329,0.10000000000000142,0.6120332034104095,-0.7908320668278395,0.6120332034104095,-0.7908320668278395,1.8763006732694603,-2.3483492479206878,108.0,123.0,,,0.0,6,0.0,0.0,0.7345833333333333,0.0,-0.0,25.349999999999998,0.14166666666666572,231,8,2020,322
2021-08-20,0.0,5.7,0,0.0,18.4,25.8,22.133333333333336,7.7,4.220833333333333,1.1991620880013363,-2.8344853882390524,90.54166666666667,203.29166666666666,600.0,71.83333333333333,1020.6750000000001,1019.2,20.45,18.3,18.379166666666666,17.0,20.4,173.99663746041722,0.618646580724712,0.0,0.0,0.0,0.0,0.0,0.0,,0.041666666666666664,0,0,0.0,0.0,0.0,0.0,0.0,0.0,803.6,2.233333333333462,4.5,5.341666666666811,0.04583333333333428,1.0,0.0,1.6833333333333371,0.09999999999999787,0.10458682897891293,-0.9945157591532352,0.10458682897891293,-0.9945157591532352,1.08574134051121,-2.5663903119347755,109.0,124.0,,,0.0,6,0.0,0.0,0.7706666666666667,0.0,-0.0,25.325,0.7208333333333385,232,8,2020,323
2021-08-21,0.0,7.1,0,0.0,19.8,25.8,22.22083333333333,8.6,3.766666666666667,1.203495635124085,-2.8802718878381204,91.45833333333333,180.375,600.0,87.08333333333333,1018.6,1017.0,20.6875,19.5,18.383333333333333,16.7,21.6,170.52147955484733,0.6451929614540678,0.0,0.0,0.0,0.0,0.0,0.0,,0.0,0,0,0.0,0.0,0.0,0.0,0.0,0.0,803.6,-2.0750000000000455,4.991666666666788,1.75,0.00416666666666643,1.0,0.0,1.5333333333333314,0.3000000000000007,0.16467784669384597,-0.9863474067529544,0.16467784669384597,-0.9863474067529544,1.1006970496239028,-2.634248664085281,110.0,125.0,,,0.0,6,0.0,0.0,0.7584444444444444,0.0,-0.0,22.6,0.08749999999999503,233,8,2020,324
2021-08-22,0.0,19.8,0,0.0,19.9,26.1,22.670833333333334,5.1,2.808333333333333,0.49474686474517887,-2.0706517248618566,93.33333333333333,179.875,600.0,97.08333333333333,1015.4375,1014.3,21.4875,19.9,17.883333333333333,15.6,20.5,172.5863902955499,0.7081691743489552,0.0,0.0,0.0,0.0,0.0,0.0,,0.0,0,0,0.0,0.0,0.0,0.0,0.0,0.0,803.6,-3.1625000000000227,-3.004166666666606,-1.8410714285713539,-0.5,1.0,0.0,1.1833333333333336,0.0,0.1290311487113542,-0.9916405410541808,0.1290311487113542,-0.9916405410541808,0.4617637404288336,-1.9326082765377328,111.0,126.0,,,0.0,6,0.0,0.0,0.764361111111111,0.0,-0.0,16.849999999999998,0.45000000000000284,234,8,2020,325
2021-08-23,0.0,1.7,0,0.0,19.2,25.9,22.099999999999998,4.5,2.495833333333333,-1.8745207239735173,-0.40720296985815624,86.16666666666667,170.20833333333334,600.0,95.5,1014.0875,1012.7,19.441666666666666,16.5,17.820833333333333,15.4,20.5,259.24114984182876,0.6193767235979618,0.0,0.0,0.0,0.0,0.0,0.0,,0.0,0,0,0.0,0.0,0.0,0.0,0.0,0.0,803.6,-1.3500000000000227,-6.587500000000091,-2.6303571428572923,-0.0625,1.0,0.0,2.6583333333333314,2.6999999999999993,-0.9824215746821614,-0.18667578739360483,-0.9824215746821614,-0.18667578739360483,-1.6152120238238477,-0.3508732256944447,112.0,127.0,,,0.0,6,0.0,0.0,0.7340277777777778,0.0,-0.0,14.974999999999998,-0.5708333333333364,235,8,2020,326
2021-08-24,0.0,13.7,0,0.0,18.7,23.4,21.041666666666668,6.9,3.9791666666666665,1.6588058715194467,-2.5013105489765333,89.91666666666667,103.875,439.0,99.58333333333333,1012.9666666666667,1011.1,19.233333333333334,16.5,17.629166666666666,15.7,20.0,157.4937458080071,0.5790989778297532,0.0,0.0,0.0,0.0,0.0,0.0,,0.0,0,0,0.0,0.0,0.0,0.0,0.0,0.0,803.6,-1.1208333333332803,-5.633333333333326,-3.2928571428570876,-0.19166666666666643,1.0,0.0,1.8083333333333336,2.1999999999999993,0.3827842773031691,-0.9238377547218399,0.3827842773031691,-0.9238377547218399,1.491542946141236,-2.2490950686213993,113.0,128.0,,,0.0,6,0.0,0.0,0.7023055555555556,0.0,-0.0,23.875,-1.05833333333333,236,8,2020,327
2021-08-25,0.0,14.6,0,0.0,19.8,27.0,22.995833333333334,4.5,3.0541666666666667,0.4310398500749502,-2.088952629478262,95.375,115.625,513.0,94.875,1012.8791666666666,1011.3,22.183333333333334,19.7,18.6125,17.4,20.3,169.37728012590085,0.6897477808011011,0.0,0.0,0.0,0.0,0.0,0.0,,0.0,0,0,0.0,0.0,0.0,0.0,0.0,0.0,803.6,-0.08750000000009095,-2.558333333333394,-3.276190476190436,0.9833333333333343,1.0,0.0,0.8125,0.10000000000000142,0.18434110599002484,-0.9828623284277277,0.18434110599002484,-0.9828623284277277,0.41110425700898373,-1.9923385703648924,114.0,129.0,,,0.0,6,0.0,0.0,0.7283333333333334,0.0,-0.0,18.325,1.9541666666666657,237,8,2020,328
2021-08-26,0.0,0.5,0,0.0,19.6,29.7,24.0125,5.4,2.704166666666667,-1.8564316594809804,-0.8830272927821773,84.0,257.125,600.0,66.83333333333333,1015.9083333333333,1014.7,20.883333333333333,18.7,18.820833333333333,16.3,22.9,237.40557227423935,0.7481625953311739,0.0,0.0,0.0,0.0,0.0,0.0,,0.0,0,0,0.0,0.0,0.0,0.0,0.0,0.0,803.6,3.029166666666697,1.8208333333333258,0.11488095238087226,0.20833333333333215,1.0,0.0,3.1291666666666664,0.9000000000000021,-0.8425047909236337,-0.5386888501451688,-0.8425047909236337,-0.5386888501451688,-1.5594025939640235,-0.7417429259370288,115.0,130.0,,,0.0,6,0.0,0.0,0.78475,0.0,-0.0,16.225,1.0166666666666657,238,8,2020,329
2021-08-27,0.0,0.0,0,0.0,17.5,29.1,23.433333333333334,5.0,2.654166666666667,-0.5978727599183975,0.3748123395033289,80.33333333333333,283.1666666666667,600.0,68.70833333333333,1015.8416666666667,1014.1,19.425,16.5,18.775000000000002,17.0,22.3,303.3681096127651,0.2469712529987273,0.0,0.0,0.0,0.0,0.0,0.0,,0.125,0,0,0.0,0.0,0.0,0.0,0.0,0.0,803.6,-0.06666666666660603,2.875,0.7386904761905271,-0.04583333333333073,1.0,0.0,4.008333333333333,1.0,-0.8351541272493183,0.5500159849844634,-0.8351541272493183,0.5500159849844634,-0.480291117134446,0.3010992460676742,116.0,131.0,,,0.0,6,0.0,0.0,0.7898888888888888,0.0,-0.0,15.925,-0.5791666666666657,239,8,2020,330
2021-08-28,0.0,0.6000000000000001,0,0.0,17.6,28.8,23.1125,6.7,3.3208333333333333,-3.0315226932775645,-0.5014555313421115,80.0,263.9583333333333,600.0,32.958333333333336,1014.9208333333332,1013.2,19.220833333333335,13.7,17.529166666666665,14.6,22.0,262.26946405134834,0.9052536320523166,0.0,0.0,0.0,0.0,0.0,0.0,,0.375,0,0,0.0,0.0,0.0,0.0,0.0,0.0,803.6,-0.9208333333334622,2.0416666666666288,0.3434523809522716,-1.2458333333333371,1.0,0.0,3.8916666666666657,3.900000000000002,-0.9909116506608122,-0.13451431367949096,-0.9909116506608122,-0.13451431367949096,-2.4252181546220517,-0.4011644250736892,117.0,132.0,,,0.0,6,0.0,0.0,0.7759722222222223,0.0,-0.0,19.925,-0.32083333333333286,240,8,2020,331
2021-08-29,0.0,0.4,0,0.0,19.9,28.7,23.679166666666664,4.3,2.15,-0.9572169263715833,0.35986711246482955,79.875,271.5,600.0,29.125,1015.6416666666668,1014.0,19.516666666666666,16.4,18.545833333333334,16.2,22.2,310.12831412910896,0.3356314071641136,0.0,0.0,0.0,0.0,0.0,0.0,,0.5416666666666666,0,0,0.0,0.0,0.0,0.0,0.0,0.0,803.6,0.7208333333335304,-0.2666666666665378,1.035119047619105,1.0166666666666693,1.0,0.0,4.162499999999998,3.5,-0.7646029978795509,0.6445015559590244,-0.7646029978795509,0.6445015559590244,-0.7645770199393022,0.28744385608128264,118.0,133.0,,,0.0,6,0.0,0.0,0.7805833333333334,0.0,-0.0,12.899999999999999,0.5666666666666629,241,8,2020,332
2021-08-30,0.0,2.1,0,0.0,19.2,27.5,23.28333333333333,6.1,3.225,-2.5756926228715353,-0.13958430208861508,84.58333333333333,226.75,600.0,64.83333333333333,1016.4083333333333,1014.3,20.366666666666667,17.8,16.954166666666666,14.0,20.4,267.4265225739389,0.7874067646288517,0.0,0.0,0.0,0.0,0.0,0.0,,0.08333333333333333,0,0,0.0,0.0,0.0,0.0,0.0,0.0,803.6,0.7666666666665378,0.566666666666606,1.4702380952380736,-1.5916666666666686,1.0,0.0,2.9166666666666643,1.3999999999999986,-0.9989914615694975,-0.04490055357386086,-0.9989914615694975,-0.04490055357386086,-2.178606676845507,-0.11806505551662023,119.0,134.0,,,0.0,6,0.0,0.0,0.7664444444444444,0.0,-0.0,19.35,-0.39583333333333215,242,8,2020,333
2021-08-31,0.0,0.1,0,0.0,19.0,25.2,21.379166666666666,4.6,2.2958333333333334,-0.8876913466280104,1.6740925205220965,85.16666666666667,181.16666666666666,600.0,84.25,1017.5458333333332,1015.9,18.645833333333332,16.8,15.85,13.5,19.6,340.3448399019066,0.7104992772672342,0.0,0.0,0.0,0.0,0.0,0.0,,0.041666666666666664,0,0,0.0,0.0,0.0,0.0,0.0,0.0,803.6,1.1374999999999318,2.625,1.953571428571422,-1.104166666666666,1.0,0.0,2.7333333333333343,2.1999999999999993,-0.3363583567249068,0.9417340685465936,-0.3363583567249068,0.9417340685465936,-0.7560171302115222,1.4257687966446522,120.0,135.0,,,0.0,6,0.0,0.0,0.738,0.0,-0.0,13.775,-1.904166666666665,243,8,2020,334
2021-09-01,0.0,21.5,0,0.0,18.5,20.2,19.337500000000002,5.7,3.0,1.3953831594913186,-0.17382399097051757,97.875,68.70833333333333,235.0,99.79166666666667,1014.0291666666667,1011.3,18.970833333333335,17.6,14.362499999999999,13.8,15.0,92.87958491017281,0.40823671657457544,0.0,0.0,0.0,0.0,0.0,0.0,,0.0,0,0,0.0,0.0,0.0,0.0,0.0,0.0,803.6,-3.516666666666538,-1.6125000000000682,-1.7273809523809405,-1.4875000000000007,1.0,0.0,0.36666666666666714,0.8999999999999986,0.9987373205840248,-0.050237082644625584,0.9987373205840248,-0.050237082644625584,1.365731267352128,-0.17013023116239406,121.0,136.0,,,0.0,6,0.0,0.0,0.7053888888888888,0.0,-0.0,18.0,-2.0416666666666643,244,9,2020,335
2021-09-02,0.0,25.9,0,0.0,18.5,22.9,20.154166666666665,5.9,3.641666666666667,2.53813167326341,-1.077878618568924,95.58333333333333,123.25,537.0,98.16666666666667,1010.0208333333334,1008.8,19.395833333333332,18.4,14.85,13.9,16.2,106.86396343302638,0.6644771931135788,0.0,0.0,0.0,0.0,0.0,0.0,,0.0,0,0,0.0,0.0,0.0,0.0,0.0,0.0,803.6,-4.008333333333326,-6.387499999999932,-4.894642857142799,0.4875000000000007,1.0,0.0,0.7583333333333329,0.10000000000000142,0.9569962338996421,-0.29010034178177296,0.9569962338996421,-0.29010034178177296,2.4260308576942755,-1.0302723129154632,122.0,137.0,,,0.0,6,0.0,0.0,0.734111111111111,0.0,-0.0,21.85,0.8166666666666629,245,9,2020,336
2021-09-03,0.0,8.6,0,0.0,17.8,22.4,19.383333333333333,7.7,5.291666666666667,2.3968567734402684,-4.609965643640268,94.75,138.04166666666666,582.0,98.70833333333333,1011.8833333333333,1010.7,18.495833333333334,17.5,14.65,13.5,16.3,152.92331347695426,0.9800824941158847,0.0,0.0,0.0,0.0,0.0,0.0,,0.0,0,0,0.0,0.0,0.0,0.0,0.0,0.0,803.6,1.8624999999999545,-5.662499999999909,-2.466666666666697,-0.1999999999999993,1.0,0.0,0.8874999999999993,0.3000000000000007,0.4551826446724791,-0.8903980907374901,0.4551826446724791,-0.8903980907374901,2.271021792834654,-4.367942447349154,123.0,138.0,,,0.0,6,0.0,0.0,0.7411944444444444,0.0,-0.0,31.75,-0.7708333333333321,246,9,2020,337
2021-09-04,0.0,15.6,0,0.0,16.5,20.7,18.508333333333333,9.4,5.2,2.207253922210505,-3.9446188271477016,96.79166666666667,104.70833333333333,475.0,96.375,1014.9833333333332,1013.6,17.983333333333334,16.5,14.549999999999999,13.4,16.7,158.49694604498518,0.7762617829298267,0.0,0.0,0.0,0.0,0.0,0.0,,0.0,0,0,0.0,0.0,0.0,0.0,0.0,0.0,803.6,3.099999999999909,0.9541666666665378,0.6244047619046569,-0.10000000000000142,1.0,0.0,0.5249999999999986,0.0,0.36655081892097874,-0.9303980315694782,0.36655081892097874,-0.9303980315694782,2.136437858872918,-3.81806230644338,124.0,139.0,,,0.0,6,0.0,0.0,0.7257777777777777,0.0,-0.0,31.200000000000003,-0.875,247,9,2020,338
2021-09-05,0.0,20.5,0,0.0,15.5,22.8,19.166666666666668,5.8,3.3125,0.7474233312042657,-1.6633544757141818,89.79166666666667,204.70833333333334,600.0,68.45833333333333,1017.7583333333333,1016.6,17.375,15.3,13.808333333333332,11.9,16.1,147.77126223450728,0.4912483047864147,0.0,0.0,0.0,0.0,0.0,0.0,,0.041666666666666664,0,0,0.0,0.0,0.0,0.0,0.0,0.0,803.6,2.775000000000091,7.7374999999999545,3.097023809523762,-0.7416666666666671,1.0,0.0,1.7916666666666679,0.1999999999999993,0.53330063296975,-0.8459257856774812,0.53330063296975,-0.8459257856774812,0.6711238661438302,-1.493553706318359,125.0,140.0,,,0.0,6,0.0,0.0,0.7691111111111111,0.0,-0.0,19.875,0.658333333333335,248,9,2020,339
2021-09-06,0.0,5.7,0,0.0,13.8,20.8,17.629166666666666,5.8,2.35,0.33803383331811615,-0.4601667963560823,92.66666666666667,185.375,600.0,69.54166666666667,1017.775,1015.9,16.366666666666667,13.8,11.783333333333333,9.4,14.1,102.15401411016148,0.14801400969530792,0.0,0.0,0.0,0.0,0.0,0.0,,0.041666666666666664,0,0,0.0,0.0,0.0,0.0,0.0,0.0,803.6,0.01666666666665151,5.8916666666666515,2.9184523809524308,-2.0249999999999986,1.0,0.0,1.2624999999999993,0.0,0.9775851898322256,-0.2105402494077829,0.9775851898322256,-0.2105402494077829,0.31324468554145435,-0.4264212312899696,126.0,141.0,,,0.0,6,0.0,0.0,0.7658055555555556,0.0,-0.0,14.100000000000001,-1.5375000000000014,249,9,2020,340
2021-09-07,0.0,0.4,0,0.0,12.6,21.5,17.266666666666666,7.7,5.075,2.262898860709731,-4.24377764605988,89.125,190.79166666666666,600.0,99.54166666666667,1017.4250000000001,1015.8,15.308333333333332,12.5,13.666666666666666,11.3,17.5,153.38048924166793,0.9360801212986948,0.0,0.0,0.0,0.0,0.0,0.0,,0.0,0,0,0.0,0.0,0.0,0.0,0.0,0.0,803.6,-0.34999999999990905,2.4416666666668334,2.5857142857144026,1.8833333333333329,1.0,0.0,1.958333333333334,0.09999999999999964,0.4480635455073019,-0.8940017109532991,0.4480635455073019,-0.8940017109532991,2.0168086096075477,-3.7822668270508677,127.0,142.0,,,0.0,6,0.0,0.0,0.7576111111111111,0.0,-0.0,30.450000000000003,-0.3625000000000007,250,9,2020,341
2021-09-08,0.0,42.5,0,0.0,14.2,18.6,16.420833333333334,8.9,6.075,3.542491389093344,-4.516080127406364,99.0,59.75,307.0,98.08333333333333,1014.9416666666666,1014.0,16.275000000000002,14.0,14.0375,12.9,14.8,141.64155019126213,0.9359310541047121,0.0,0.0,0.0,0.0,0.0,0.0,,0.0,0,0,0.0,0.0,0.0,0.0,0.0,0.0,803.6,-2.483333333333462,-2.8166666666667197,-0.02797619047612443,0.37083333333333357,1.0,0.0,0.14583333333333215,0.1999999999999993,0.6205792921875684,-0.7841436999096382,0.6205792921875684,-0.7841436999096382,3.5070664752024108,-4.470919326132301,128.0,143.0,,,0.0,6,0.0,0.0,0.7031666666666666,0.0,-0.0,36.45,-0.8458333333333314,251,9,2020,342
2021-09-09,0.0,16.7,0,0.0,17.1,25.7,20.608333333333334,4.1,2.8166666666666664,0.7376402919698983,0.3537487655001444,86.66666666666667,188.625,600.0,81.83333333333333,1014.6666666666666,1012.7,18.091666666666665,16.8,14.7875,12.6,18.1,73.57469470887065,0.1652580467434659,0.0,0.0,0.0,0.0,0.0,0.0,,0.0,0,0,0.0,0.0,0.0,0.0,0.0,0.0,803.6,-0.27499999999997726,-3.1083333333333485,-0.966666666666697,0.75,1.0,0.0,2.5166666666666693,0.3000000000000007,0.9591891818693464,0.28276512052375535,0.9591891818693464,0.28276512052375535,0.6392882530405786,0.3065822634334585,129.0,144.0,,,0.0,6,0.0,0.0,0.7479722222222223,0.0,-0.0,16.9,4.1875,252,9,2020,343
2021-09-10,0.0,2.2,0,0.0,18.5,25.4,21.337500000000002,6.7,3.1333333333333333,1.21843941157786,-1.2047043547472278,86.54166666666667,215.125,600.0,84.0,1015.9250000000001,1014.5,18.849999999999998,18.2,16.145833333333332,13.3,19.8,148.63851686765253,0.22278289007856633,0.0,0.0,0.0,0.0,0.0,0.0,,0.0,0,0,0.0,0.0,0.0,0.0,0.0,0.0,803.6,1.2583333333334394,-1.5,-0.28571428571422075,1.3583333333333325,1.0,0.0,2.4875000000000043,0.3000000000000007,0.5204357179135874,-0.8539008511061275,0.5204357179135874,-0.8539008511061275,1.0544577741030066,-1.0425712270041634,130.0,145.0,,,0.0,6,0.0,0.0,0.7652222222222221,0.0,-0.0,18.8,0.7291666666666679,253,9,2020,344
2021-09-11,0.0,5.5,0,0.0,18.3,22.5,20.029166666666665,4.2,2.533333333333333,-0.6501372436923897,-1.2150964958297443,92.125,148.70833333333334,600.0,84.83333333333333,1015.0958333333333,1013.5,18.662499999999998,17.8,14.424999999999999,13.0,18.1,199.49572839623895,0.4482769559994447,0.0,0.0,0.0,0.0,0.0,0.0,,0.0,0,0,0.0,0.0,0.0,0.0,0.0,0.0,803.6,-0.8291666666667652,0.15416666666669698,-1.130952380952408,-1.7208333333333332,1.0,0.0,1.3666666666666671,0.5,-0.33373658103663734,-0.9426663749588059,-0.33373658103663734,-0.9426663749588059,-0.5989389357516139,-1.119407646783152,131.0,146.0,,,0.0,6,0.0,0.0,0.7395555555555555,0.0,-0.0,15.2,-1.3083333333333371,254,9,2020,345
2021-09-12,0.0,0.0,0,0.0,14.6,23.5,18.650000000000002,4.3,2.8041666666666667,-1.3899938968427066,0.15881388347456288,88.25,192.29166666666666,600.0,87.79166666666667,1014.9583333333334,1013.7,16.533333333333335,14.2,14.054166666666667,11.2,18.1,267.02265703607634,0.29473235110594365,0.0,0.0,0.0,0.0,0.0,0.0,,0.041666666666666664,0,0,0.0,0.0,0.0,0.0,0.0,0.0,803.6,-0.1374999999999318,0.29166666666674246,-0.8684523809523625,-0.3708333333333318,1.0,0.0,2.116666666666667,0.40000000000000036,-0.9986501523990047,-0.05194105421961347,-0.9986501523990047,-0.05194105421961347,-1.2266696139636886,0.14015325216630173,132.0,147.0,,,0.0,6,0.0,0.0,0.7556944444444444,0.0,-0.0,16.825,-1.3791666666666629,255,9,2020,346
2021-09-13,0.0,0.0,0,0.0,14.6,24.6,18.716666666666665,5.9,3.6958333333333333,-0.15483914414742547,0.8236044820259744,80.5,203.875,600.0,99.41666666666667,1019.225,1017.4,14.670833333333334,10.2,14.179166666666667,12.6,17.1,7.002014974557726,0.24783790946224057,0.0,0.0,0.0,0.0,0.0,0.0,,0.0,0,0,0.0,0.0,0.0,0.0,0.0,0.0,803.6,4.2666666666666515,3.2999999999999545,3.1910714285713766,0.125,1.0,0.0,4.045833333333331,4.4,0.12190424913365884,0.9925418651337378,0.12190424913365884,0.9925418651337378,-0.1246455110386775,0.6630016080309094,133.0,148.0,,,0.0,6,0.0,0.0,0.7375833333333334,0.0,-0.0,22.175,0.06666666666666288,256,9,2020,347
2021-09-14,0.0,0.30000000000000004,0,0.0,16.8,23.2,18.920833333333334,4.8,2.9375,1.0496987673266733,-1.8923968393612085,82.125,186.375,600.0,98.25,1019.4041666666667,1017.7,15.5875,13.4,14.004166666666668,11.6,17.6,157.8075780578521,0.5766610263293576,0.0,0.0,0.0,0.0,0.0,0.0,,0.0,0,0,0.0,0.0,0.0,0.0,0.0,0.0,803.6,0.17916666666667425,4.308333333333394,3.0874999999999773,-0.17499999999999893,1.0,0.0,3.333333333333334,3.4000000000000004,0.3777183259627571,-0.9259205507125826,0.3777183259627571,-0.9259205507125826,0.8620651126670305,-1.5541309043253924,134.0,149.0,,,0.0,6,0.0,0.0,0.7313333333333333,0.0,-0.0,17.625,0.20416666666666927,257,9,2020,348
2021-09-15,0.0,1.3,0,0.0,16.0,22.9,18.391666666666666,5.8,3.1041666666666665,2.077982783317785,0.5357912134520938,88.0,201.0,600.0,70.83333333333333,1016.8375,1015.1,16.166666666666668,14.2,12.525,10.9,15.9,79.26129362837963,0.6247766839636466,0.0,0.0,0.0,0.0,0.0,0.0,,0.041666666666666664,0,0,0.0,0.0,0.0,0.0,0.0,0.0,803.6,-2.5666666666667197,1.879166666666606,0.25,-1.4791666666666679,1.0,0.0,2.224999999999998,1.8000000000000007,0.9824871445790334,0.1863303806064309,0.9824871445790334,0.1863303806064309,1.8286248493196506,0.47149626783784254,135.0,150.0,,,0.0,6,0.0,0.0,0.7606666666666667,0.0,-0.0,18.625,-0.5291666666666686,258,9,2020,349
2021-09-16,0.0,1.6,0,0.0,15.2,20.2,17.445833333333333,10.0,5.783333333333334,2.863967670157878,-4.388175923064744,87.33333333333333,153.125,588.0,67.54166666666667,1017.6333333333333,1016.4,15.266666666666666,12.6,13.254166666666668,11.3,16.2,149.51405032872037,0.7392456504195416,0.0,0.0,0.0,0.0,0.0,0.0,,0.25,0,0,0.0,0.0,0.0,0.0,0.0,0.0,803.6,0.7958333333333485,-1.591666666666697,0.6220238095238528,0.7291666666666679,1.0,0.0,2.179166666666667,2.5999999999999996,0.5073270551247926,-0.8617535953730658,0.5073270551247926,-0.8617535953730658,2.5011984319378797,-3.8323403061432093,136.0,151.0,,,0.0,6,0.0,0.0,0.7265277777777778,0.0,-0.0,34.7,-0.9458333333333329,259,9,2020,350
2021-09-17,0.0,8.8,0,0.0,15.1,20.0,17.3875,9.5,6.054166666666667,3.7774556567929434,-4.618212251031588,95.04166666666667,111.83333333333333,470.0,99.5,1016.1708333333332,1013.3,16.545833333333334,15.1,14.8125,13.4,17.7,140.1707367350349,0.9850741841702669,0.0,0.0,0.0,0.0,0.0,0.0,,0.0,0,0,0.0,0.0,0.0,0.0,0.0,0.0,803.6,-1.462500000000091,-3.233333333333462,-0.8755952380953431,1.5583333333333318,1.0,0.0,0.841666666666665,0.0,0.6405020093551714,-0.7679564935671733,0.6405020093551714,-0.7679564935671733,3.5901568138102937,-4.389225893584605,137.0,152.0,,,0.0,6,0.0,0.0,0.7246944444444444,0.0,-0.0,36.325,-0.05833333333333357,260,9,2020,351
2021-09-18,0.0,32.7,0,0.0,16.7,23.6,19.587500000000002,7.2,5.045833333333333,0.6155382686722369,0.7570151917144976,96.54166666666667,101.375,499.0,95.83333333333333,1010.5708333333333,1008.4,19.008333333333333,16.7,14.700000000000001,12.1,16.1,41.691650966565454,0.22551910789594878,0.0,0.0,0.0,0.0,0.0,0.0,,0.0,0,0,0.0,0.0,0.0,0.0,0.0,0.0,803.6,-5.599999999999909,-6.2666666666666515,-5.8291666666666515,-0.11249999999999893,1.0,0.0,0.5791666666666693,0.0,0.6651215488777439,0.7467351104765806,0.6651215488777439,0.7467351104765806,0.5942509035473221,0.7308350830010378,138.0,153.0,,,0.0,6,0.0,0.0,0.7227222222222222,0.0,-0.0,30.275,2.200000000000003,261,9,2020,352
2021-09-19,0.0,0.30000000000000004,0,0.0,15.5,24.8,19.483333333333334,7.2,4.970833333333333,1.7461237320872638,0.5672457018081715,78.70833333333333,262.6666666666667,600.0,49.833333333333336,1015.7624999999999,1013.9,15.295833333333333,12.4,15.1,13.3,18.5,51.3128533846729,0.363674011034839,0.0,0.0,0.0,0.0,0.0,0.0,,0.3333333333333333,0,0,0.0,0.0,0.0,0.0,0.0,0.0,803.6,5.191666666666606,-1.870833333333394,-0.7523809523809177,0.3999999999999986,1.0,0.0,4.187500000000002,3.0999999999999996,0.7805706508119462,0.6250675636209375,0.7805706508119462,0.6250675636209375,1.3743448874636837,0.4464696377981816,139.0,154.0,,,0.0,6,0.0,0.0,0.7708055555555555,0.0,-0.0,29.825,-0.10416666666666785,262,9,2020,353
2021-09-20,0.0,0.1,0,0.0,15.4,23.8,19.354166666666668,8.7,4.1625000000000005,2.2493427887958246,-2.3026413895765905,80.16666666666667,150.91666666666666,580.0,53.541666666666664,1018.6333333333333,1017.5,15.795833333333334,13.6,15.604166666666666,13.3,19.1,119.69068875040357,0.4274791013854307,0.0,0.0,0.0,0.0,0.0,0.0,,0.2916666666666667,0,0,0.0,0.0,0.0,0.0,0.0,0.0,803.6,2.870833333333394,2.462500000000091,2.2029761904761926,0.5041666666666664,1.0,0.0,3.5583333333333336,1.8000000000000007,0.8687120209282567,-0.4953174988779863,0.8687120209282567,-0.4953174988779863,1.8032231356846529,-1.8459508473105668,140.0,155.0,,,0.0,6,0.0,0.0,0.7011666666666666,0.0,-0.0,24.975,-0.12916666666666643,263,9,2020,354
2021-09-21,0.0,0.0,0,0.0,13.8,23.5,18.5,6.7,5.141666666666667,1.4037484875392205,-4.242597100590011,84.58333333333333,208.625,600.0,18.625,1017.025,1014.4,15.691666666666668,12.9,16.595833333333335,14.2,19.6,163.19818614501878,0.8672152953971282,0.0,0.0,0.0,0.0,0.0,0.0,,0.625,0,0,0.0,0.0,0.0,0.0,0.0,0.0,803.6,-1.6083333333333485,6.4541666666666515,0.9345238095238528,0.9916666666666689,1.0,0.0,2.808333333333332,0.9000000000000004,0.2890621033728893,-0.9573103469584151,0.2890621033728893,-0.9573103469584151,1.187337262376924,-3.588530047582384,141.0,156.0,,,0.0,6,0.0,0.0,0.7543611111111111,0.0,-0.0,30.85,-0.8541666666666679,264,9,2020,355
2021-09-22,0.0,18.5,0,0.0,16.1,25.5,20.333333333333332,6.3,3.954166666666666,0.3854834872919706,-2.795448314714692,89.45833333333333,152.20833333333334,592.0,65.83333333333333,1013.2541666666666,1010.9,18.4875,14.7,15.4125,11.8,19.1,169.1823806233782,0.5497616263358047,0.0,0.0,0.0,0.0,0.0,0.0,,0.0,0,0,0.0,0.0,0.0,0.0,0.0,0.0,803.6,-3.7708333333333712,-2.5083333333333258,-2.324404761904816,-1.1833333333333353,1.0,0.0,1.8458333333333314,1.4000000000000021,0.1876833748990141,-0.9822295815065417,0.1876833748990141,-0.9822295815065417,0.34484710300660865,-2.5007614715385182,142.0,157.0,,,0.0,6,0.0,0.0,0.733,0.0,-0.0,23.724999999999998,1.8333333333333321,265,9,2020,356
2021-09-23,0.0,0.7000000000000001,0,0.0,13.7,24.2,19.1125,8.2,4.1499999999999995,-2.957835483064247,-1.4179615418652343,80.25,231.375,600.0,36.375,1015.3708333333334,1013.4,15.266666666666666,12.9,12.808333333333332,9.8,17.9,248.9492930170075,0.7468477997557578,0.0,0.0,0.0,0.0,0.0,0.0,,0.2916666666666667,0,0,0.0,0.0,0.0,0.0,0.0,0.0,803.6,2.116666666666788,-3.262499999999932,0.11547619047621538,-2.604166666666668,1.0,0.0,3.845833333333335,0.7999999999999989,-0.9332629039340725,-0.3591940313264435,-0.9332629039340725,-0.3591940313264435,-2.3736629751590583,-1.1379141373468504,143.0,158.0,,,0.0,6,0.0,0.0,0.7550833333333333,0.0,-0.0,24.9,-1.2208333333333314,266,9,2020,357
2021-09-24,0.0,0.7,0,0.0,12.7,22.0,16.908333333333335,6.8,3.654166666666667,-0.288597253405896,2.6679932456184896,85.91666666666667,186.625,600.0,74.125,1021.5708333333333,1018.7,14.391666666666666,11.6,11.379166666666668,10.1,14.0,350.02701163798963,0.6386351488383872,0.0,0.0,0.0,0.0,0.0,0.0,,0.0,0,0,0.0,0.0,0.0,0.0,0.0,0.0,803.6,6.199999999999932,4.5458333333333485,5.54404761904766,-1.4291666666666636,1.0,0.0,2.5166666666666693,1.0999999999999996,-0.17318387863113913,0.9848895086162076,-0.17318387863113913,0.9848895086162076,-0.247953140217899,2.292250863527219,144.0,159.0,,,0.0,6,0.0,0.0,0.744138888888889,0.0,-0.0,21.925,-2.2041666666666657,267,9,2020,358
2021-09-25,0.0,5.6,0,0.0,14.5,21.5,17.616666666666667,8.7,4.504166666666666,2.814168626588545,-2.915019214520036,89.58333333333333,185.54166666666666,600.0,77.08333333333333,1024.7749999999999,1023.6,15.762500000000001,13.4,12.741666666666667,11.0,15.7,127.26163859491348,0.8618184032779718,0.0,0.0,0.0,0.0,0.0,0.0,,0.0,0,0,0.0,0.0,0.0,0.0,0.0,0.0,803.6,3.204166666666538,11.520833333333258,6.719047619047501,1.362499999999999,1.0,0.0,1.854166666666666,1.0999999999999996,0.7958790316546838,-0.6054556688746112,0.7958790316546838,-0.6054556688746112,2.5210260613189046,-2.611371379674199,145.0,160.0,,,0.0,6,0.0,0.0,0.755638888888889,0.0,-0.0,27.025,0.7083333333333321,268,9,2020,359
2021-09-26,0.0,28.4,0,0.0,13.0,17.6,15.174999999999999,7.1,4.8125,2.184090921859999,-4.185396103576074,96.29166666666667,64.41666666666667,443.0,87.125,1023.0833333333334,1020.8,14.549999999999999,12.9,10.733333333333334,9.3,11.9,151.6155004302445,0.979780875723803,0.0,0.0,0.0,0.0,0.0,0.0,,0.0,0,0,0.0,0.0,0.0,0.0,0.0,0.0,803.6,-1.6916666666664923,7.712499999999977,3.98154761904766,-2.008333333333333,1.0,0.0,0.625,0.09999999999999964,0.47538621722286534,-0.879777212977544,0.47538621722286534,-0.879777212977544,2.1030975501743576,-4.030187664735128,146.0,161.0,,,0.0,6,0.0,0.0,0.69725,0.0,-0.0,28.875,-2.441666666666668,269,9,2020,360
2021-09-27,0.0,0.0,0,0.0,12.0,20.5,15.845833333333333,9.9,5.691666666666666,2.19019399184936,-4.684534202314279,89.25,201.625,600.0,62.25,1019.5166666666668,1017.5,13.9375,11.9,12.583333333333334,10.4,15.3,162.61265708975608,0.8943812761998652,0.0,0.0,0.0,0.0,0.0,0.0,,0.125,0,0,0.0,0.0,0.0,0.0,0.0,0.0,803.6,-3.566666666666606,-2.0541666666665606,0.2886904761904816,1.8499999999999996,1.0,0.0,1.9083333333333332,0.09999999999999964,0.29882998574367065,-0.9543063657025649,0.29882998574367065,-0.9543063657025649,1.9547481377255536,-4.180946775565494,147.0,162.0,,,0.0,6,0.0,0.0,0.76525,0.0,-0.0,34.15,0.6708333333333343,270,9,2020,361
2021-09-28,0.0,0.2,0,0.0,12.9,19.7,16.2375,7.4,4.541666666666667,1.5690748475956375,-3.8735792862848495,88.33333333333333,122.29166666666667,494.0,74.83333333333333,1018.7708333333334,1016.8,14.204166666666666,12.8,13.241666666666667,11.5,15.8,163.66046788081584,0.9079412917521912,0.0,0.0,0.0,0.0,0.0,0.0,,0.041666666666666664,0,0,0.0,0.0,0.0,0.0,0.0,0.0,803.6,-0.745833333333394,-6.004166666666492,-0.7065476190475692,0.6583333333333332,1.0,0.0,2.033333333333335,0.09999999999999964,0.28132887473479656,-0.9596114131462032,0.28132887473479656,-0.9596114131462032,1.3860161153761466,-3.4216617028849505,148.0,163.0,,,0.0,6,0.0,0.0,0.7093055555555555,0.0,-0.0,27.25,0.3916666666666675,271,9,2020,362
2021-09-29,0.0,0.1,0,0.0,13.0,22.3,17.304166666666667,7.7,5.575,1.7795199559308894,-4.855627538315341,89.79166666666667,145.45833333333334,561.0,62.041666666666664,1016.5666666666666,1014.1,15.512500000000001,12.1,14.408333333333333,12.3,18.2,162.10931382052416,0.9267504595448736,0.0,0.0,0.0,0.0,0.0,0.0,,0.125,0,0,0.0,0.0,0.0,0.0,0.0,0.0,803.6,-2.204166666666765,-6.516666666666765,-3.383928571428555,1.166666666666666,1.0,0.0,1.791666666666666,0.9000000000000004,0.3072019255659522,-0.9516443542251334,0.3072019255659522,-0.9516443542251334,1.597860627096278,-4.359948893778983,149.0,164.0,,,0.0,6,0.0,0.0,0.7296111111111111,0.0,-0.0,33.45,1.0666666666666664,272,9,2020,363
2021-09-30,0.0,0.8,0,0.0,14.9,24.3,18.933333333333334,6.2,3.975,1.3993111828637248,-2.848235267012058,88.875,192.125,600.0,91.04166666666667,1011.9166666666666,1009.6,16.900000000000002,14.8,14.825000000000001,12.4,19.3,147.39482052315785,0.7971762295665608,0.0,0.0,0.0,0.0,0.0,0.0,,0.041666666666666664,0,0,0.0,0.0,0.0,0.0,0.0,0.0,803.6,-4.649999999999977,-7.600000000000136,-7.54047619047617,0.41666666666666785,1.0,0.0,2.0333333333333314,0.09999999999999964,0.538846939595921,-0.8424036892654909,0.538846939595921,-0.8424036892654909,1.2436378137701354,-2.531369093556967,150.0,165.0,,,0.0,6,0.0,0.0,0.7576666666666667,0.0,-0.0,23.85,1.6291666666666664,273,9,2020,364
2021-10-01,0.0,4.8,0,0.0,15.6,19.1,17.162499999999998,13.6,6.670833333333333,-0.9651219713770222,2.323279781612692,94.5,48.291666666666664,204.0,100.0,1005.5124999999999,1001.8,16.270833333333332,14.7,12.583333333333334,9.2,14.5,77.82849432177669,0.13530223502227567,0.0,0.0,0.0,0.0,0.0,0.0,,0.0,0,0,0.0,0.0,0.0,0.0,0.0,0.0,0.0,0.0,0.0,0.0,-2.241666666666667,1.0,0.0,0.8916666666666657,0.9000000000000004,0.9775208694025124,0.21083868213057183,0.9775208694025124,0.21083868213057183,-0.912040262951286,2.195499393623994,151.0,166.0,,,0.0,0,0.0,0.0,0.6805277777777777,0.0,-0.0,0.0,-1.7708333333333357,274,10,2021,0
2021-10-02,0.0,2.7,0,0.0,11.7,21.9,16.983333333333334,8.0,5.158333333333333,-2.5649161977232695,3.9403116454214495,84.625,199.54166666666666,600.0,42.541666666666664,1012.0875,1005.8,14.058333333333332,10.8,11.495833333333332,9.7,15.4,323.5050433430447,0.8928591107871934,0.0,0.0,0.0,0.0,0.0,0.0,,0.4166666666666667,0,0,0.0,0.0,0.0,0.0,0.0,0.0,0.0,6.5750000000000455,0.0,3.2875000000000227,-1.0875000000000021,1.0,0.0,2.9250000000000025,0.8999999999999986,-0.5947520266017117,0.8039092155543167,-0.5947520266017117,0.8039092155543167,-2.170560332323317,3.334488729937902,152.0,167.0,,,0.0,1,0.0,0.0,0.7484444444444444,0.0,-0.0,5.158333333333333,-0.1791666666666636,275,10,2021,1
2021-10-03,0.0,0.0,0,0.0,10.0,22.7,16.520833333333332,5.4,3.341666666666667,-0.6081830742100879,-1.1560103008746465,76.0,237.25,600.0,1.8333333333333333,1024.7,1019.6,11.804166666666667,8.7,15.433333333333332,13.2,16.5,226.40223226414713,0.34489775532079414,0.0,0.0,0.0,0.0,0.0,0.0,,1.0,0,0,0.0,0.0,0.0,0.0,0.0,0.0,0.0,12.612500000000068,0.0,10.600000000000023,3.9375,1.0,0.0,4.716666666666665,1.3000000000000007,-0.724198728712942,-0.689591329216485,-0.724198728712942,-0.689591329216485,-0.4622191363996668,-0.8785678286647314,153.0,168.0,,,0.0,2,0.0,0.0,0.7448333333333332,0.0,-0.0,6.683333333333334,-0.46250000000000213,276,10,2021,2
2021-10-04,0.0,0.0,0,0.0,14.9,24.7,19.575,5.2,3.1166666666666667,-0.7881114339527056,-1.036098104106494,63.416666666666664,230.95833333333334,600.0,32.583333333333336,1026.8875,1025.6,11.875,4.3,15.575000000000001,13.4,18.7,220.79276243961132,0.3672233126845184,0.0,0.0,0.0,0.0,0.0,0.0,,0.625,0,0,0.0,0.0,0.0,0.0,0.0,0.0,0.0,2.1875,21.375000000000114,9.590625000000045,0.14166666666666927,1.0,0.0,7.699999999999999,10.600000000000001,-0.6533249757229992,-0.7570775892182667,-0.6533249757229992,-0.7570775892182667,-0.4997940010316741,-0.6570588810208683,154.0,169.0,,,0.0,3,0.0,0.0,0.6986944444444445,0.0,-0.0,9.35,3.054166666666667,277,10,2021,3
2021-10-05,0.0,0.0,0,0.0,11.8,25.3,17.616666666666667,6.1,2.9166666666666665,-2.370123752148652,-0.36286146464367963,73.91666666666667,216.75,600.0,60.166666666666664,1022.7708333333334,1020.1,12.191666666666668,9.7,14.733333333333334,9.8,18.7,256.8319985007192,0.7599255541010024,0.0,0.0,0.0,0.0,0.0,0.0,,0.20833333333333334,0,0,0.0,0.0,0.0,0.0,0.0,0.0,0.0,-4.116666666666674,10.683333333333394,4.37916666666672,-0.8416666666666668,1.0,0.0,5.424999999999999,2.1000000000000014,-0.9737062802471048,-0.2278071109674732,-0.9737062802471048,-0.2278071109674732,-1.751916473463212,-0.2682150992824532,155.0,170.0,,,0.0,4,0.0,0.0,0.7242222222222222,0.0,-0.0,11.666666666666666,-1.9583333333333321,278,10,2021,4
2021-10-06,0.0,1.6,0,0.0,13.3,19.8,16.1125,8.0,5.020833333333333,-0.6630462367941481,3.554805869574827,85.70833333333333,94.91666666666667,449.0,82.95833333333333,1020.5333333333333,1018.5,13.645833333333334,8.1,11.016666666666666,10.1,13.4,357.762366192722,0.515403791040065,0.0,0.0,0.0,0.0,0.0,0.0,,0.0,0,0,0.0,0.0,0.0,0.0,0.0,0.0,0.0,-2.237500000000068,-4.1666666666667425,1.7847222222221717,-3.7166666666666686,1.0,0.0,2.466666666666667,5.200000000000001,-0.03904415046509746,0.9992374864437676,-0.03904415046509746,0.9992374864437676,-0.5682858787856511,3.0467648640480913,156.0,171.0,,,0.0,5,0.0,0.0,0.6823055555555556,0.0,-0.0,25.104166666666664,-1.5041666666666664,279,10,2021,5
2021-10-07,0.0,2.2,0,0.0,14.7,22.4,18.058333333333334,6.6,3.5625,2.0485172560029725,-2.3464306765955336,91.75,174.91666666666666,600.0,76.04166666666667,1020.1416666666668,1018.0,16.587500000000002,14.4,14.658333333333333,12.4,18.3,136.6538306307222,0.7964132459190691,0.0,0.0,0.0,0.0,0.0,0.0,,0.0,0,0,0.0,0.0,0.0,0.0,0.0,0.0,0.0,-0.3916666666665378,-6.74583333333328,1.1940476190477511,3.6416666666666675,1.0,0.0,1.4708333333333314,0.29999999999999893,0.686404574956018,-0.7272198838586911,0.686404574956018,-0.7272198838586911,1.8795145823827273,-2.152850145776402,157.0,172.0,,,0.0,6,0.0,0.0,0.7557777777777778,0.0,-0.0,21.375,1.9458333333333329,280,10,2021,6
2021-10-08,0.0,1.2000000000000002,0,0.0,13.7,23.9,18.491666666666667,4.1,2.1958333333333333,-0.0734136350036613,0.1612097340360685,82.70833333333333,171.66666666666666,600.0,68.83333333333333,1022.8208333333333,1021.0,15.283333333333333,11.8,13.945833333333333,12.6,16.8,7.599894505405731,0.12417457652346763,0.0,0.0,0.0,0.0,0.0,0.0,,0.0,0,0,0.0,0.0,0.0,0.0,0.0,0.0,0.0,2.6791666666665606,0.049999999999954525,1.4005952380952067,-0.7125000000000004,1.0,0.0,3.208333333333334,1.8999999999999986,0.1322545652030786,0.9912157837640322,0.1322545652030786,0.9912157837640322,-0.06071919395094486,0.13333388419233164,158.0,173.0,,,0.0,6,0.0,0.0,0.7234722222222222,0.0,-0.0,13.175,0.43333333333333357,281,10,2021,7
2021-10-09,0.0,5.9,0,0.0,16.5,21.9,18.4375,9.2,4.841666666666667,3.1190181879646275,-2.4761750001149134,93.20833333333333,121.0,596.0,91.625,1026.8583333333333,1025.5,17.208333333333332,16.3,13.533333333333333,11.8,16.4,105.64094686836218,0.5133625253997515,0.0,0.0,0.0,0.0,0.0,0.0,,0.0,0,0,0.0,0.0,0.0,0.0,0.0,0.0,0.0,4.037500000000023,6.3250000000000455,3.3279761904763063,-0.41249999999999964,1.0,0.0,1.2291666666666679,0.1999999999999993,0.962970135240561,-0.26960808340028647,0.962970135240561,-0.26960808340028647,2.907184869365363,-2.3080014480237754,159.0,174.0,,,0.0,6,0.0,0.0,0.7246944444444444,0.0,-0.0,29.05,-0.05416666666666714,282,10,2021,8
2021-10-10,0.0,1.8,0,0.0,15.6,23.2,18.345833333333335,11.9,6.216666666666666,3.311499549537167,-5.118436097999635,91.33333333333333,165.20833333333334,600.0,72.54166666666667,1025.1333333333334,1022.4,16.758333333333333,15.6,15.895833333333334,13.5,18.6,146.40331299990456,0.9794646343191974,0.0,0.0,0.0,0.0,0.0,0.0,,0.0,0,0,0.0,0.0,0.0,0.0,0.0,0.0,0.0,-1.724999999999909,4.991666666666674,1.5410714285716267,2.3625000000000007,1.0,0.0,1.5875000000000021,0.0,0.5533433865162007,-0.8329532379424325,0.5533433865162007,-0.8329532379424325,3.0245029219106123,-4.6748383028396665,160.0,175.0,,,0.0,6,0.0,0.0,0.7479166666666668,0.0,-0.0,37.3,-0.09166666666666501,283,10,2021,9
2021-10-11,0.0,0.0,0,0.0,15.1,24.9,19.066666666666666,5.8,2.908333333333333,0.20078742771386068,-0.6600919062602993,87.91666666666667,174.875,600.0,80.91666666666667,1020.7416666666667,1018.2,16.783333333333335,14.7,13.654166666666667,11.8,17.7,149.22430078775963,0.3851818086553149,0.0,0.0,0.0,0.0,0.0,0.0,,0.0,0,0,0.0,0.0,0.0,0.0,0.0,0.0,0.0,-4.391666666666765,-2.0791666666666515,-1.9726190476189913,-2.241666666666667,1.0,0.0,2.2833333333333314,0.40000000000000036,0.5116785092334283,-0.859176991770995,0.5116785092334283,-0.859176991770995,0.1765256135317692,-0.5803308009205133,161.0,176.0,,,0.0,6,0.0,0.0,0.7429722222222223,0.0,-0.0,17.45,0.7208333333333314,284,10,2021,10
2021-10-12,0.0,8.2,0,0.0,16.3,20.3,17.904166666666665,4.1,2.7375000000000003,2.1254398864960353,-0.5902050219362619,97.33333333333333,68.08333333333333,306.0,94.75,1024.0,1022.4,17.458333333333332,16.2,12.233333333333334,11.3,13.3,97.02194683570461,0.7584188058120699,0.0,0.0,0.0,0.0,0.0,0.0,,0.0,0,0,0.0,0.0,0.0,0.0,0.0,0.0,0.0,3.2583333333333258,-2.8583333333333485,1.1101190476190368,-1.4208333333333325,1.0,0.0,0.44583333333333286,0.10000000000000142,0.9924993974407254,-0.12224952384282352,0.9924993974407254,-0.12224952384282352,2.068761489522808,-0.5744662213512949,162.0,177.0,,,0.0,6,0.0,0.0,0.7031666666666666,0.0,-0.0,16.425,-1.1625000000000014,285,10,2021,11
2021-10-13,0.0,29.0,0,0.0,15.4,18.4,16.966666666666665,6.1,2.2291666666666665,1.651551871033096,-0.6295383761444174,97.16666666666667,56.791666666666664,243.0,99.54166666666667,1023.1750000000001,1021.5,16.479166666666668,14.9,10.8375,8.7,13.4,99.24548920942651,0.7109991411581057,0.0,0.0,0.0,0.0,0.0,0.0,,0.0,0,0,0.0,0.0,0.0,0.0,0.0,0.0,0.0,-0.8249999999999318,-1.9583333333333712,-0.09226190476181273,-1.395833333333334,1.0,0.0,0.48749999999999716,0.5,0.9870090184658517,-0.16066486071034985,0.9870090184658517,-0.16066486071034985,1.6047579013538251,-0.6117014554869923,163.0,178.0,,,0.0,6,0.0,0.0,0.6950833333333334,0.0,-0.0,13.375,-0.9375,286,10,2021,12
2021-10-14,0.0,0.0,0,0.0,9.9,21.1,15.429166666666667,6.4,3.079166666666667,0.4355768003487572,-0.27076205973770895,87.125,201.79166666666666,600.0,52.916666666666664,1019.1875,1016.5,13.066666666666668,9.5,11.029166666666667,8.9,14.5,228.0053403911375,0.03993608018246582,0.0,0.0,0.0,0.0,0.0,0.0,,0.375,0,0,0.0,0.0,0.0,0.0,0.0,0.0,0.0,-3.987500000000068,-1.5541666666666742,-3.943452380952408,0.19166666666666643,1.0,0.0,2.362499999999999,0.40000000000000036,-0.74320719017912,-0.6690613368489151,-0.74320719017912,-0.6690613368489151,0.3794962873038547,-0.2359014445464789,164.0,179.0,,,0.0,6,0.0,0.0,0.7582777777777777,0.0,-0.0,18.475,-1.5374999999999979,287,10,2021,13
2021-10-15,0.0,0.0,0,0.0,11.0,23.1,16.533333333333335,4.2,2.216666666666667,-0.18439120500895123,0.5351540794792327,84.25,182.04166666666666,600.0,64.375,1017.0500000000001,1014.7,13.633333333333333,10.2,12.079166666666666,10.4,15.0,348.9437726796688,0.18819260391351633,0.0,0.0,0.0,0.0,0.0,0.0,,0.16666666666666666,0,0,0.0,0.0,0.0,0.0,0.0,0.0,0.0,-2.137499999999932,-6.949999999999932,-5.2565476190476375,1.049999999999999,1.0,0.0,2.900000000000002,0.8000000000000007,-0.19177222501397062,0.9814394600346936,-0.19177222501397062,0.9814394600346936,-0.1553495902200414,0.4508673119612535,165.0,180.0,,,0.0,6,0.0,0.0,0.7355277777777779,0.0,-0.0,13.3,1.1041666666666679,288,10,2021,14
2021-10-16,0.0,4.1,0,0.0,13.2,23.1,17.779166666666665,10.0,5.041666666666667,0.3179523584176256,-3.021387853624608,85.79166666666667,164.75,600.0,82.20833333333333,1013.7458333333334,1010.0,15.125,13.2,11.708333333333334,4.9,17.5,176.3634110444319,0.6116294813715997,0.0,0.0,0.0,0.0,0.0,0.0,,0.041666666666666664,0,0,0.0,0.0,0.0,0.0,0.0,0.0,0.0,-3.3041666666666742,-9.429166666666674,-6.6875,-0.3708333333333318,1.0,0.0,2.654166666666665,0.0,0.06342784430054021,-0.997986427045672,0.06342784430054021,-0.997986427045672,0.2727766274924546,-2.592098996088778,166.0,181.0,,,0.0,6,0.0,0.0,0.7291388888888889,0.0,-0.0,30.25,1.24583333333333,289,10,2021,15
2021-10-17,0.91,21.2,6,0.21,5.6,13.8,8.629166666666666,13.6,9.450000000000001,-2.9391413466568266,8.887253554350528,97.125,51.791666666666664,222.0,100.0,1017.6583333333333,1011.1,8.191666666666666,3.8,1.3958333333333333,-1.0,4.7,341.21811210737707,0.9863556433554069,6.55,9.916666666666666,12.3,99.5,-2.9024031445574643,9.473692339649075,343.33383749082526,0.0,0,6,0.91,0.91,0.91,0.91,0.91,0.0,0.91,3.912499999999909,-1.529166666666697,-1.7071428571429124,-10.3125,0.13958333333333334,0.0,0.4375,1.7999999999999998,-0.3219664282429954,0.9467510861279474,-0.28679480315083145,0.9579920359197543,-2.854641032940443,8.631745014662949,0.0,182.0,1.0,1.0,12.376,0,0.06875832031250004,0.91,0.6649444444444444,9.024166666666666,0.0,0.0,-9.149999999999999,290,10,2021,16
2021-10-18,0.0,0.0,0,0.0,4.2,14.0,8.1875,6.2,4.2250000000000005,1.6258659350270728,-0.766652775421584,81.125,174.875,600.0,67.95833333333333,1023.0333333333333,1019.7,4.9125000000000005,3.0,4.166666666666667,2.7,6.4,101.66811175502738,0.3436153934013833,0.0,0.0,0.0,0.0,0.0,0.0,,0.041666666666666664,0,0,0.91,0.91,0.91,0.91,0.91,0.0,0.91,5.375,5.983333333333235,3.3404761904761244,2.770833333333334,0.4166666666666667,0.0,3.2749999999999995,1.2000000000000002,0.9793355212134732,-0.20224227275605544,0.9793355212134732,-0.20224227275605544,1.3189837397907127,-0.6219470640607601,1.0,183.0,0.0,1.0,0.0,1,0.0,0.455,0.698111111111111,0.0,-0.0,4.2250000000000005,-0.44166666666666643,291,10,2021,17
2021-10-19,0.0,7.5,0,0.0,6.7,16.1,10.491666666666667,8.2,3.8000000000000003,0.5715204875858758,-2.6843129101732033,86.58333333333333,161.125,600.0,81.5,1015.9125,1009.3,8.216666666666667,5.5,5.7749999999999995,1.2,10.9,180.20942367008874,0.7286890022574296,0.0,0.0,0.0,0.0,0.0,0.0,,0.125,0,0,0.0,0.91,0.91,0.91,0.91,0.0,0.91,-7.12083333333328,2.1666666666666288,-2.625,1.6083333333333325,0.5774999999999999,0.0,2.2750000000000004,1.2000000000000002,-0.0036551244359060114,-0.9999933200103679,-0.0036551244359060114,-0.9999933200103679,0.49484148883477075,-2.324167594724965,2.0,184.0,0.0,1.0,0.0,2,0.0,0.30333333333333334,0.729361111111111,0.0,-0.0,7.6000000000000005,2.304166666666667,292,10,2021,18
2021-10-20,1.61,15.1,12,0.35,5.4,9.5,7.145833333333333,10.7,5.804166666666667,-3.7566112932640707,3.290357141387784,96.58333333333333,75.70833333333333,310.0,98.41666666666667,1012.0124999999999,1007.8,6.620833333333334,3.5,0.15000000000000002,-1.2,1.2,299.75895475077743,0.740354967797281,6.825,7.3999999999999995,10.7,97.5,-4.670820435842646,5.616689424975786,319.6673127240884,0.0,0,8,1.61,1.61,2.52,2.52,2.52,0.0,2.52,-3.900000000000091,-5.645833333333371,-4.930357142857247,-5.624999999999999,0.015000000000000003,0.0,0.5249999999999995,1.9000000000000004,-0.8681212502657405,0.4963521883068992,-0.647224776961894,0.7622992116528959,-3.6282604074108815,3.1779366057237013,0.0,185.0,1.0,0.638888888888889,17.227,0,0.11597282812499995,1.61,0.5835277777777778,11.914,0.0,0.0,-3.345833333333334,293,10,2021,19
2021-10-21,0.14,0.5,2,0.07,5.5,11.0,7.033333333333334,7.9,5.0375000000000005,-3.7498868891824633,2.953944538741968,76.41666666666667,166.58333333333334,600.0,77.16666666666667,1018.8874999999999,1016.6,2.970833333333333,1.6,0.9083333333333333,0.1,2.7,308.05800891006413,0.9311874844354455,5.6,4.05,4.2,84.5,-3.416674597956767,2.1720061190790707,302.5,0.08333333333333333,0,1,1.75,1.75,2.66,2.66,2.66,0.0,2.66,6.875,-4.145833333333371,1.9874999999999545,0.7583333333333333,0.09083333333333334,0.0,4.062500000000001,3.9,-0.7873870255477031,0.6164589783587717,-0.8433914458128857,0.5372996083468239,-2.865538564483599,2.2573059516886538,0.0,186.0,0.08,0.6578947368421052,1.106,1,0.014620374999999998,1.75,0.6102222222222222,0.5670000000000001,0.0,5.0375000000000005,-0.11249999999999893,294,10,2021,20
2021-10-22,0.0,1.3,0,0.0,3.9,13.0,7.6375,7.5,4.366666666666666,0.057778097769353796,2.4083077420336507,83.125,143.70833333333334,600.0,81.66666666666667,1017.5041666666666,1013.9,4.8374999999999995,2.2,1.9625000000000001,-0.8,6.5,347.7733473361296,0.41779734871748586,0.0,0.0,0.0,0.0,0.0,0.0,,0.0,0,0,0.14,1.75,2.66,2.66,2.66,0.0,2.66,-1.3833333333333258,1.5916666666665833,0.539285714285711,1.0541666666666667,0.19625,0.0,2.8000000000000007,1.6999999999999997,-0.2117794447130863,0.9773174851587466,-0.2117794447130863,0.9773174851587466,0.048028043770775346,2.0019058105654723,1.0,187.0,0.0,0.6578947368421052,0.0,2,0.0,0.875,0.6617777777777778,0.0,-0.0,8.733333333333333,0.6041666666666661,295,10,2021,21
2021-10-23,5.8100000000000005,9.6,17,0.98,4.3,7.3,5.858333333333333,11.7,8.041666666666666,-4.058067074180793,6.757330888547344,87.83333333333333,74.625,349.0,99.5,1023.6208333333334,1018.6,3.995833333333333,3.2,-0.16666666666666666,-0.8,1.2,327.163453294737,0.9684811647219415,5.982352941176471,9.058823529411764,11.7,87.05882352941177,-4.1887838698762225,7.972771910661571,333.0060363718878,0.0,0,17,5.8100000000000005,5.95,8.47,8.47,8.47,0.0,8.47,6.116666666666788,11.608333333333462,5.2452380952381645,-2.129166666666667,-0.016666666666666666,0.16666666666666666,1.8625000000000003,1.0999999999999996,-0.542244264142588,0.8402208983383258,-0.45389662561600824,0.8910543492146824,-3.5643355801554635,5.935188963774083,0.0,188.0,0.9764705882352942,0.7024793388429752,67.977,0,0.5174832807093421,5.95,0.50475,52.631764705882354,0.0,0.0,-1.7791666666666668,296,10,2021,22
2021-10-24,0.0,0.0,0,0.0,1.6,14.2,7.870833333333334,5.8,3.420833333333333,-0.9962735896608259,-1.4986449647888875,79.125,186.16666666666666,600.0,70.25,1027.2458333333334,1024.5,4.070833333333334,0.8,4.904166666666667,3.0,6.8,225.97988256229036,0.4938567496912147,0.0,0.0,0.0,0.0,0.0,0.0,,0.20833333333333334,0,0,5.8100000000000005,5.8100000000000005,7.5600000000000005,8.47,8.47,0.0,8.47,3.625,8.358333333333462,7.500595238095229,5.070833333333334,0.49041666666666667,0.0,3.8,0.8,-0.7190958506642907,-0.6949108990060524,-0.7190958506642907,-0.6949108990060524,-0.7883014778191285,-1.1858028283892073,1.0,189.0,0.0,0.7685185185185185,0.0,1,0.0,2.9050000000000002,0.7034166666666666,0.0,-0.0,3.420833333333333,2.0125,297,10,2021,23
2021-10-25,0.0,8.0,0,0.0,4.0,11.5,8.066666666666666,8.6,5.083333333333333,0.4403064965279672,-4.676196615040578,85.0,87.08333333333333,457.0,82.83333333333333,1025.2708333333333,1022.4,5.6000000000000005,-0.1,4.875,3.3,7.4,176.03772429630365,0.9231390808032293,0.0,0.0,0.0,0.0,0.0,0.0,,0.08333333333333333,0,0,0.0,5.8100000000000005,7.5600000000000005,8.47,8.47,0.0,8.47,-1.9750000000001364,7.7666666666666515,5.20595238095234,-0.029166666666666785,0.4875,0.0,2.466666666666666,4.1,0.069099649354504,-0.9976097626121572,0.069099649354504,-0.9976097626121572,0.37426052204877214,-3.974767122784491,2.0,190.0,0.0,0.7685185185185185,0.0,2,0.0,1.9366666666666668,0.5969444444444445,0.0,-0.0,10.166666666666666,0.19583333333333286,298,10,2021,24
2021-10-26,0.0,8.5,0,0.0,6.6,13.4,9.875,8.5,3.904166666666667,-1.3815019902519852,2.1855804219589516,88.375,86.54166666666667,427.0,90.20833333333333,1017.6708333333332,1015.6,7.979166666666667,5.1,5.391666666666667,4.2,7.0,315.65326592206253,0.6190171794895231,0.0,0.0,0.0,0.0,0.0,0.0,,0.0,0,0,0.0,0.0,7.5600000000000005,8.47,8.47,0.0,8.47,-7.600000000000023,-5.950000000000159,-2.645238095238142,0.5166666666666666,0.5391666666666667,0.0,1.895833333333333,1.5,-0.6989988174996382,0.7151228238100834,-0.6989988174996382,0.7151228238100834,-1.2209023838851918,1.9315066979062234,3.0,191.0,,0.0,0.0,3,0.0,0.0,0.6500555555555555,0.0,-0.0,11.7125,1.8083333333333336,299,10,2021,25
2021-10-27,0.0,0.0,0,0.0,4.0,16.1,10.070833333333335,4.9,3.154166666666667,-1.5194424127524646,-0.8572725851915575,80.83333333333333,132.95833333333334,582.0,95.75,1016.8249999999999,1014.6,6.675,2.9,6.220833333333334,3.4,10.0,249.33118509849714,0.5825360109368365,0.0,0.0,0.0,0.0,0.0,0.0,,0.0,0,0,0.0,0.0,5.950000000000001,8.47,8.47,0.0,8.47,-0.845833333333303,-10.420833333333462,-4.178571428571445,0.8291666666666675,0.6220833333333334,0.0,3.395833333333335,1.1,-0.935636282484103,-0.3529656454944699,-0.935636282484103,-0.3529656454944699,-1.2282159503082422,-0.6929620063631756,4.0,192.0,,0.0,0.0,4,0.0,0.0,0.6914166666666666,0.0,-0.0,12.616666666666667,0.19583333333333464,300,10,2021,26
2021-10-28,0.0,0.0,0,0.0,5.0,14.5,9.295833333333333,10.8,6.066666666666666,-3.739795434192039,4.074000733632044,82.25,142.45833333333334,563.0,73.95833333333333,1018.8958333333334,1016.4,6.233333333333333,4.0,2.6791666666666667,-0.2,6.2,312.4415257524867,0.8936626837070815,0.0,0.0,0.0,0.0,0.0,0.0,,0.0,0,0,0.0,0.0,5.8100000000000005,8.47,8.47,0.0,8.47,2.0708333333334394,-6.374999999999886,-2.1089285714284642,-3.5416666666666674,0.2679166666666667,0.0,3.062499999999999,1.0,-0.7379664385775556,0.6748374141474069,-0.7379664385775556,0.6748374141474069,-3.0759817446229523,3.3508656034123563,5.0,193.0,,0.0,0.0,5,0.0,0.0,0.6913611111111111,0.0,-0.0,30.333333333333332,-0.7750000000000021,301,10,2021,27
2021-10-29,0.0,0.0,0,0.0,5.9,11.0,8.0625,11.5,6.375,0.11223135153795465,6.161837035782859,77.95833333333333,111.125,472.0,62.0,1023.6125000000001,1021.5,4.3625,2.3,3.091666666666667,1.3,5.7,354.29818216390083,0.9258772554525618,0.0,0.0,0.0,0.0,0.0,0.0,,0.2916666666666667,0,0,0.0,0.0,5.8100000000000005,8.47,8.47,0.0,8.47,4.716666666666697,5.941666666666833,1.7351190476191505,0.4125000000000001,0.3091666666666667,0.0,3.7,3.6000000000000005,-0.0993513200457922,0.9950524183203409,-0.0993513200457922,0.9950524183203409,0.08749369113646381,4.803665455812387,6.0,194.0,,0.0,0.0,6,0.0,0.0,0.5783888888888888,0.0,-0.0,38.25,-1.2333333333333325,302,10,2021,28
2021-10-30,0.0,0.0,0,0.0,7.0,15.3,10.508333333333333,6.4,4.1125,1.0786090814315,-2.897794828092609,67.625,179.20833333333334,600.0,41.25,1024.9375,1022.5,4.5625,0.7,6.441666666666666,5.7,8.3,164.1001984482129,0.66302420602622,0.0,0.0,0.0,0.0,0.0,0.0,,0.4166666666666667,0,0,0.0,0.0,0.0,8.47,8.47,0.0,8.47,1.3249999999999318,8.112500000000068,2.872023809523853,3.3499999999999996,0.6441666666666667,0.0,5.945833333333333,6.3,0.27395588762791234,-0.9617422584216639,0.27395588762791234,-0.9617422584216639,0.7294093913180518,-1.9596337524976268,7.0,195.0,,,0.0,6,0.0,0.0,0.6782222222222222,0.0,-0.0,24.674999999999997,2.445833333333333,303,10,2021,29
2021-10-31,0.0,1.1,0,0.0,8.7,15.8,11.658333333333333,5.8,3.204166666666667,0.7806948259628039,-2.4113725187512887,81.16666666666667,122.95833333333333,514.0,74.29166666666667,1024.3374999999999,1021.9,8.466666666666667,6.1,6.933333333333334,5.6,8.9,163.64437751765496,0.7349838825481438,0.0,0.0,0.0,0.0,0.0,0.0,,0.0,0,0,0.0,0.0,0.0,7.5600000000000005,8.47,0.0,8.47,-0.6000000000001364,5.441666666666492,2.6875,0.49166666666666714,0.6933333333333334,0.0,3.1916666666666664,2.5999999999999996,0.2815983511333242,-0.9595323697713345,0.2815983511333242,-0.9595323697713345,0.6336639670731425,-1.9572306943864626,8.0,196.0,,,0.0,6,0.0,0.0,0.6858611111111111,0.0,-0.0,19.225,1.1500000000000004,304,10,2021,30
2021-11-01,0.0,0.0,0,0.0,4.4,16.1,10.4,5.1,2.466666666666667,-0.5060054498840449,-1.517910998386177,84.66666666666667,105.83333333333333,429.0,94.33333333333333,1020.8083333333334,1018.4,7.708333333333333,4.3,6.729166666666667,4.6,9.8,211.60836096369798,0.5220858711658748,0.0,0.0,0.0,0.0,0.0,0.0,,0.0,0,0,0.0,0.0,0.0,7.5600000000000005,8.47,0.0,8.47,-3.5291666666664696,-2.8041666666666742,-0.20416666666653782,-0.2041666666666666,0.6729166666666667,0.0,2.6916666666666673,0.10000000000000053,-0.5241101897892115,-0.8516504617265916,-0.5241101897892115,-0.8516504617265916,-0.4284179475684914,-1.2851646453002965,9.0,197.0,,,0.0,6,0.0,0.0,0.6861111111111112,0.0,-0.0,14.8,-1.2583333333333329,305,11,2021,31
2021-11-02,0.0,0.1,0,0.0,5.0,15.3,10.166666666666666,4.9,3.1958333333333333,-1.8623984580310706,0.8233905321334948,84.04166666666667,127.70833333333333,511.0,72.75,1017.1166666666667,1014.4,7.341666666666666,4.6,4.441666666666666,2.3,8.1,295.51117260077865,0.6026882525308009,0.0,0.0,0.0,0.0,0.0,0.0,,0.0,0,0,0.0,0.0,0.0,7.5600000000000005,8.47,0.0,8.47,-3.6916666666667197,-7.820833333333326,-3.8166666666667197,-2.2875000000000005,0.44416666666666665,0.0,2.825,0.40000000000000036,-0.9025013180990994,0.430687091551846,-0.9025013180990994,0.430687091551846,-1.5651907041036122,0.6919911263805245,10.0,198.0,,,0.0,6,0.0,0.0,0.6986111111111111,0.0,-0.0,19.175,-0.23333333333333428,306,11,2021,32
2021-11-03,0.0,0.30000000000000004,0,0.0,2.9,13.5,7.879166666666666,7.0,4.2375,-2.0967425705958407,3.1056579421932717,85.0,119.33333333333333,483.0,66.04166666666667,1015.3375,1012.9,5.3500000000000005,1.8,3.0666666666666664,1.0,6.5,318.3006950705278,0.8860184082521516,0.0,0.0,0.0,0.0,0.0,0.0,,0.125,0,0,0.0,0.0,0.0,5.950000000000001,8.47,0.0,8.47,-1.779166666666697,-8.999999999999886,-5.383333333333439,-1.375,0.30666666666666664,0.0,2.529166666666666,1.0999999999999999,-0.6652212969365937,0.7466462523189923,-0.6652212969365937,0.7466462523189923,-1.7822311850064645,2.639809250864281,11.0,199.0,,,0.0,6,0.0,0.0,0.6628888888888889,0.0,-0.0,25.424999999999997,-2.2874999999999996,307,11,2021,33
2021-11-04,0.0,0.6,0,0.0,1.7,13.8,7.370833333333334,6.8,3.525,-1.8811479964709263,2.0611243707362292,81.75,156.91666666666666,600.0,65.41666666666667,1016.5791666666668,1013.9,4.095833333333333,0.4,3.1750000000000003,1.2,6.9,308.8226172407966,0.7688794822223359,0.0,0.0,0.0,0.0,0.0,0.0,,0.20833333333333334,0,0,0.0,0.0,0.0,5.8100000000000005,8.47,0.0,8.47,1.241666666666788,-4.229166666666629,-3.810714285714198,0.10833333333333384,0.3175,0.0,3.2750000000000004,1.2999999999999998,-0.7790905552963806,0.6269114025506135,-0.7790905552963806,0.6269114025506135,-1.5378384871149822,1.6849691730768674,12.0,200.0,,,0.0,6,0.0,0.0,0.6837777777777778,0.0,-0.0,21.15,-0.5083333333333329,308,11,2021,34
2021-11-05,0.0,0.2,0,0.0,1.9,13.6,7.666666666666667,8.1,3.6875,-1.5940844989951577,1.928079368957241,81.625,143.70833333333334,595.0,60.708333333333336,1019.3291666666668,1016.7,4.379166666666666,1.6,3.3208333333333333,1.7,6.2,308.2927710165735,0.6032014782790198,0.0,0.0,0.0,0.0,0.0,0.0,,0.041666666666666664,0,0,0.0,0.0,0.0,5.8100000000000005,8.47,0.0,8.47,2.75,2.212500000000091,-0.44880952380935923,0.14583333333333304,0.33208333333333334,0.0,3.2875000000000005,0.2999999999999998,-0.7848545615357467,0.6196800119711227,-0.7848545615357467,0.6196800119711227,-1.3011714723047976,1.5737947849113478,13.0,201.0,,,0.0,6,0.0,0.0,0.6701111111111112,0.0,-0.0,22.125,0.2958333333333334,309,11,2021,35
2021-11-06,0.0,0.0,0,0.0,1.5,14.5,8.008333333333333,7.1,3.3625000000000003,-0.12689454904628747,-1.0785906588560543,79.0,151.08333333333334,600.0,51.625,1021.4,1018.2,4.220833333333333,0.8,4.45,2.4,7.4,219.48909853894472,0.30757489916793734,0.0,0.0,0.0,0.0,0.0,0.0,,0.20833333333333334,0,0,0.0,0.0,0.0,0.0,8.47,0.0,8.47,2.070833333333212,6.0625,2.1273809523810314,1.1291666666666669,0.445,0.0,3.7874999999999996,0.7,-0.6359313945423133,-0.7717455937259822,-0.6359313945423133,-0.7717455937259822,-0.1002466937465671,-0.8520866204962829,14.0,202.0,,,0.0,6,0.0,0.0,0.6862777777777778,0.0,-0.0,20.175,0.3416666666666659,310,11,2021,36
2021-11-07,0.0,0.0,0,0.0,2.5,13.9,8.154166666666667,9.7,5.458333333333333,1.2709483053626447,-3.4654580256128753,81.79166666666667,170.625,600.0,28.625,1024.0208333333333,1022.0,4.945833333333334,2.2,5.558333333333334,3.7,8.4,183.29230106822894,0.5045473902218583,0.0,0.0,0.0,0.0,0.0,0.0,,0.625,0,0,0.0,0.0,0.0,0.0,8.47,0.0,8.47,2.6208333333332803,7.441666666666492,4.793452380952203,1.1083333333333334,0.5558333333333334,0.0,3.208333333333333,0.2999999999999998,-0.05742987754493271,-0.9983495425777357,-0.05742987754493271,-0.9983495425777357,1.039529801427863,-2.834455876782531,15.0,203.0,,,0.0,6,0.0,0.0,0.6952777777777778,0.0,-0.0,32.75,0.14583333333333393,311,11,2021,37
2021-11-08,0.0,0.2,0,0.0,4.8,13.8,9.5,12.7,8.7875,1.3804885226046757,-8.186622873574734,91.04166666666667,110.625,553.0,92.125,1022.2208333333333,1016.7,8.029166666666667,4.0,6.1625000000000005,4.5,8.0,173.62600688133722,0.9391772070258059,0.0,0.0,0.0,0.0,0.0,0.0,,0.0,0,0,0.0,0.0,0.0,0.0,8.47,0.0,8.47,-1.7999999999999545,2.891666666666538,2.7916666666666288,0.604166666666667,0.6162500000000001,0.0,1.4708333333333332,0.7999999999999998,0.11101784380837387,-0.9938184131702026,0.11101784380837387,-0.9938184131702026,1.2568197591213401,-7.453237907816998,16.0,204.0,,,0.0,6,0.0,0.0,0.6838888888888889,0.0,-0.0,52.724999999999994,1.3458333333333332,312,11,2021,38
2021-11-09,0.0,18.3,0,0.0,8.7,14.0,10.808333333333332,13.0,6.2124999999999995,-1.088199517131373,-0.8067428905838033,94.66666666666667,38.541666666666664,270.0,99.95833333333333,1008.2041666666668,1003.6,9.950000000000001,7.3,5.279166666666667,2.3,7.7,273.0289366516019,0.31572704554804987,0.0,0.0,0.0,0.0,0.0,0.0,,0.0,0,0,0.0,0.0,0.0,0.0,8.47,0.0,8.47,-14.016666666666538,-13.195833333333212,-9.951785714285506,-0.8833333333333337,0.5279166666666667,0.0,0.8583333333333307,1.3999999999999995,-0.9986029756546302,0.05284029725236232,-0.9986029756546302,0.05284029725236232,-1.030162209551033,-0.7637166030860005,17.0,205.0,,,0.0,6,0.0,0.0,0.6523611111111112,0.0,-0.0,37.275,1.3083333333333318,313,11,2021,39
2021-11-10,0.0,0.7000000000000001,0,0.0,4.0,10.7,8.075000000000001,11.5,5.179166666666666,-2.7666411396290935,-3.7944639895030807,75.91666666666667,142.91666666666666,565.0,70.91666666666667,1002.5124999999999,1000.6,3.8666666666666667,1.3,1.8958333333333333,0.4,4.7,215.76668267658582,0.8656291599213624,0.0,0.0,0.0,0.0,0.0,0.0,,0.08333333333333333,0,0,0.0,0.0,0.0,0.0,8.47,0.0,8.47,-5.691666666666833,-21.508333333333326,-13.811309523809541,-3.3833333333333337,0.18958333333333333,0.0,4.208333333333334,2.7,-0.5844859449446881,-0.8114038329722846,-0.5844859449446881,-0.8114038329722846,-2.100341731835087,-2.8806305786977555,18.0,206.0,,,0.0,6,0.0,0.0,0.5861111111111111,0.0,-0.0,31.074999999999996,-2.7333333333333307,314,11,2021,40
2021-11-11,0.28,6.6,3,0.14,5.5,11.6,7.533333333333334,9.4,4.029166666666667,-0.9887255075837333,-3.436005684233758,87.29166666666667,88.5,358.0,90.54166666666667,1005.9166666666666,1003.0,5.3374999999999995,3.2,1.7583333333333335,-1.4,6.5,188.24335300930105,0.8817497285297716,5.733333333333333,2.5666666666666664,2.9,97.33333333333333,0.5939824559587564,-2.2671636370094617,163.08348407317544,0.0,0,2,0.28,0.28,0.28,0.28,8.75,0.0,8.75,3.404166666666697,-16.304166666666674,-8.883928571428555,-0.13749999999999973,0.17583333333333334,0.0,2.1958333333333346,2.3,-0.14337780971477324,-0.9896680270077407,0.2909779900192398,-0.9567297472768176,-0.8630749743283006,-2.9993466285290515,0.0,207.0,1.0,1.0,2.6320000000000006,0,0.028908444444444455,0.28,0.6077499999999999,0.7186666666666667,0.0,0.0,-0.541666666666667,315,11,2021,41
2021-11-12,5.53,8.5,14,0.91,1.7,6.4,4.9375,6.5,3.6791666666666667,-1.948900988912257,-2.182211996504052,89.04166666666667,50.666666666666664,223.0,87.66666666666667,1011.4541666666668,1008.9,3.225,0.3,-1.3791666666666667,-3.6,-0.2,221.56538746279745,0.8087932828394223,5.621428571428572,3.314285714285714,6.5,86.21428571428571,-2.6226135823820904,-0.8771563637435114,244.5320914823286,0.0,0,12,5.8100000000000005,5.8100000000000005,5.8100000000000005,5.8100000000000005,14.280000000000001,0.0,14.280000000000001,5.537500000000136,3.25,-2.2214285714284188,-3.1375,-0.13791666666666666,1.3791666666666667,1.7125,1.4,-0.663474344660133,-0.7481990336653791,-0.9028262728989148,-0.430005489457349,-1.7353339222106223,-1.9430779318871496,0.0,208.0,0.9518072289156626,1.0,35.945,0,0.580259232142857,5.8100000000000005,0.47280555555555565,18.328,0.0,0.0,-2.595833333333334,316,11,2021,42
2021-11-13,0.07,0.1,1,0.07,0.6,10.8,5.808333333333334,5.9,4.0125,-1.8534261780129142,-2.9093640567570387,77.33333333333333,154.95833333333334,596.0,21.083333333333332,1018.0,1015.3,1.8375000000000001,-1.3,1.0875000000000001,-0.6,3.7,213.69519591819426,0.8587363956455482,4.6,2.2,2.2,96.0,2.6942229581241775e-16,-2.2,180.0,0.7916666666666666,0,1,5.6000000000000005,5.880000000000001,5.880000000000001,5.880000000000001,14.350000000000001,0.0,14.350000000000001,6.545833333333235,15.487500000000068,4.810119047619082,2.466666666666667,0.10875000000000001,0.0,3.970833333333333,1.9,-0.554774668602958,-0.8320006412716748,1.2246467991473532e-16,-1.0,-1.433316244329987,-2.24990820389211,0.0,209.0,0.011904761904761904,1.0,0.4130000000000001,1,0.009190125000000002,5.880000000000001,0.6010833333333334,0.15400000000000003,0.0,4.0125,0.8708333333333336,317,11,2021,43
2021-11-14,0.0,0.0,0,0.0,3.6,12.5,7.491666666666667,6.0,3.358333333333333,-2.1740830330887464,-2.0942422542852364,68.625,123.20833333333333,527.0,80.04166666666667,1018.3208333333333,1014.9,1.9000000000000001,-2.6,3.0833333333333335,1.0,5.8,217.83532595423603,0.8486373718972552,0.0,0.0,0.0,0.0,0.0,0.0,,0.0,0,0,0.07,5.6000000000000005,5.880000000000001,5.880000000000001,14.350000000000001,0.0,14.350000000000001,0.32083333333332575,12.404166666666697,5.945238095238096,1.9958333333333333,0.30833333333333335,0.0,5.591666666666667,6.2,-0.6133941105288143,-0.789776971789229,-0.6133941105288143,-0.789776971789229,-1.491964481457152,-1.4371737470032435,1.0,210.0,0.0,0.9523809523809523,0.0,2,0.0,2.8000000000000003,0.5886666666666667,0.0,-0.0,6.716666666666666,1.6833333333333336,318,11,2021,44
2021-11-15,0.0,0.2,0,0.0,2.3,12.2,6.870833333333334,6.9,4.075,-3.8722825959365053,-0.2999587000609505,84.54166666666667,95.33333333333333,471.0,88.16666666666667,1018.7416666666667,1017.3,4.279166666666667,1.2,3.3041666666666667,1.2,6.0,265.3286218230316,0.9454167683376106,0.0,0.0,0.0,0.0,0.0,0.0,,0.0,0,0,0.0,0.07,5.880000000000001,5.880000000000001,14.350000000000001,0.0,14.350000000000001,0.4208333333333485,7.287499999999909,6.863095238095298,0.22083333333333321,0.3304166666666667,0.0,2.591666666666667,1.0999999999999999,-0.9966781944396466,-0.08144063315401022,-0.9966781944396466,-0.08144063315401022,-3.2736922446479872,-0.25359008434319524,2.0,211.0,0.0,0.011904761904761904,0.0,3,0.0,0.023333333333333334,0.6164722222222222,0.0,-0.0,12.225000000000001,-0.6208333333333336,319,11,2021,45
2021-11-16,0.0,0.0,0,0.0,0.4,10.8,4.441666666666666,7.6,3.7375000000000003,-3.183269853625403,1.7105086887435867,85.16666666666667,78.70833333333333,365.0,81.70833333333333,1021.1791666666667,1019.1,1.9583333333333333,-0.9,1.5250000000000001,0.0,4.0,295.03011307186904,0.9653934465181615,0.0,0.0,0.0,0.0,0.0,0.0,,0.041666666666666664,0,0,0.0,0.0,5.880000000000001,5.880000000000001,13.440000000000001,0.0,14.350000000000001,2.4375,3.1791666666666742,7.447023809523785,-1.7791666666666666,0.15250000000000002,0.0,2.4833333333333334,1.3,-0.9060855454423428,0.4230945335742974,-0.9060855454423428,0.4230945335742974,-2.7110848253376347,1.4567832332466215,3.0,212.0,,0.0,0.0,4,0.0,0.0,0.5763611111111112,0.0,-0.0,14.950000000000001,-2.429166666666667,320,11,2021,46
2021-11-17,0.0,0.0,0,0.0,-0.0,11.9,4.979166666666667,6.6,2.254166666666667,-0.46672848614794943,-0.570257783425692,76.79166666666667,142.66666666666666,584.0,37.666666666666664,1021.8708333333334,1019.2,0.7666666666666667,-1.9,2.533333333333333,1.1,4.9,259.2087419140178,0.3328865950212549,0.0,0.0,0.0,0.0,0.0,0.0,,0.375,0,0,0.0,0.0,5.880000000000001,5.880000000000001,13.440000000000001,0.0,14.350000000000001,0.6916666666667197,3.550000000000068,5.373214285714425,1.008333333333333,0.2533333333333333,0.0,4.2125,1.9,-0.9823158290334307,-0.18723143974868006,-0.9823158290334307,-0.18723143974868006,-0.35840858332111286,-0.43791045618897934,4.0,213.0,,0.0,0.0,5,0.0,0.0,0.6155277777777778,0.0,-0.0,11.270833333333334,0.5375000000000005,321,11,2021,47
2021-11-18,0.0,0.0,0,0.0,1.2,12.2,6.566666666666666,5.0,3.1750000000000003,-1.4080202009499578,-1.9439214273995564,73.75,115.41666666666667,459.0,59.375,1019.2083333333334,1016.1,2.0708333333333333,-0.9,3.3000000000000003,1.9,6.0,213.25801653807702,0.7400949099344554,0.0,0.0,0.0,0.0,0.0,0.0,,0.3333333333333333,0,0,0.0,0.0,5.6000000000000005,5.880000000000001,13.440000000000001,0.0,14.350000000000001,-2.6625000000000227,0.466666666666697,0.8119047619047706,0.766666666666667,0.33,0.0,4.495833333333334,2.1,-0.5484102331169434,-0.8362094332238903,-0.5484102331169434,-0.8362094332238903,-1.0384148982005938,-1.433642052707173,5.0,214.0,,0.0,0.0,6,0.0,0.0,0.5938888888888888,0.0,-0.0,19.05,1.5874999999999995,322,11,2021,48
2021-11-19,0.0,0.0,0,0.0,1.0,14.2,6.516666666666667,6.0,3.6625,-2.764275836681129,-0.3585796386509525,65.125,152.58333333333334,600.0,10.5,1017.3375,1014.3,-0.32916666666666666,-5.3,4.004166666666666,2.2,7.1,264.4948865593674,0.7497529440627179,0.0,0.0,0.0,0.0,0.0,0.0,,0.8333333333333334,0,0,0.0,0.0,0.07,5.880000000000001,11.830000000000002,0.0,14.350000000000001,-1.870833333333394,-3.841666666666697,-1.8994047619047478,0.7041666666666662,0.40041666666666664,0.0,6.845833333333333,6.3,-0.9953876405170814,-0.09593458764094151,-0.9953876405170814,-0.09593458764094151,-1.8002346386385852,-0.2335249896714328,6.0,215.0,,0.0,0.0,6,0.0,0.0,0.6343611111111112,0.0,-0.0,21.975,-0.04999999999999982,323,11,2021,49
2021-11-20,0.0,0.0,0,0.0,3.0,12.3,7.262499999999999,5.2,2.7624999999999997,-0.6689890372670343,1.480574872315489,85.58333333333333,96.20833333333333,423.0,82.83333333333333,1020.1666666666666,1018.0,4.825,1.6,3.091666666666667,1.6,5.2,347.5580171283248,0.575196654871065,0.0,0.0,0.0,0.0,0.0,0.0,,0.0,0,0,0.0,0.0,0.0,5.880000000000001,11.690000000000001,0.0,14.350000000000001,2.8291666666666515,-1.7041666666667652,0.6202380952380508,-0.9124999999999996,0.3091666666666667,0.0,2.437499999999999,1.4,-0.2154509156573758,0.9765146711352566,-0.2154509156573758,0.9765146711352566,-0.5725431177277035,1.2671253282233392,7.0,216.0,,,0.0,6,0.0,0.0,0.62275,0.0,-0.0,16.575,0.7458333333333327,324,11,2021,50
2021-11-21,0.0,0.0,0,0.0,1.1,12.6,6.8374999999999995,7.4,4.2625,0.6487328860387579,-2.907148873825476,78.0,118.54166666666667,540.0,80.29166666666667,1020.8625000000001,1018.8,3.0083333333333333,-2.5,6.2625,4.8,8.3,182.50267544820474,0.5521015616943991,0.0,0.0,0.0,0.0,0.0,0.0,,0.041666666666666664,0,0,0.0,0.0,0.0,5.880000000000001,11.690000000000001,0.0,14.350000000000001,0.6958333333334394,1.654166666666697,0.9529761904761926,3.1708333333333334,0.62625,0.0,3.829166666666666,3.6,-0.043666038254248155,-0.9990461836687924,-0.043666038254248155,-0.9990461836687924,0.5060116511102312,-2.267576121583871,8.0,217.0,,,0.0,6,0.0,0.0,0.6190277777777778,0.0,-0.0,25.575000000000003,-0.4249999999999998,325,11,2021,51
2021-11-22,1.8199999999999998,32.3,4,0.7,4.1,11.2,8.2125,11.1,5.991666666666667,0.07318474527546154,-1.6112735092264596,97.625,27.166666666666668,130.0,97.91666666666667,1009.0541666666667,1000.5,7.833333333333333,3.5,2.720833333333333,-2.1,7.4,176.86344369984195,0.37877199186341165,6.075,6.875,7.3,100.0,-3.501062902799237,5.8383979035615425,328.7445818016595,0.0,0,4,1.8199999999999998,1.8199999999999998,1.8199999999999998,7.7,7.7,0.0,16.17,-11.808333333333394,-8.283333333333303,-9.471428571428532,-3.541666666666667,0.27208333333333334,0.0,0.3791666666666673,0.5999999999999996,0.05471589608945616,-0.9985019633005875,-0.5188541009243067,0.854862808849484,0.07144660757516932,-1.5730057633823313,0.0,218.0,1.0,1.0,20.201999999999998,0,0.16324013671874985,1.8199999999999998,0.5924166666666667,12.5125,0.0,0.0,1.3750000000000009,326,11,2021,52
2021-11-23,12.6,18.1,22,1.05,1.3,5.6,3.3541666666666665,9.8,4.754166666666667,-2.680928960359735,-1.4810669811144945,83.16666666666667,52.041666666666664,241.0,99.95833333333333,1007.1374999999999,1005.6,0.6916666666666668,-1.1,-2.1083333333333334,-3.4,-0.7,231.40468600437455,0.6493321149046773,3.377272727272727,4.754545454545455,9.8,83.72727272727273,-2.581335174291225,-1.3565072770149673,231.17087378467932,0.0,0,15,14.42,14.42,14.42,20.3,20.3,0.0,28.770000000000003,-1.9166666666667425,-13.029166666666697,-9.38214285714298,-4.829166666666667,-0.21083333333333334,2.1083333333333334,2.6624999999999996,2.4000000000000004,-0.7815714945496267,-0.623815677029251,-0.7790193312303316,-0.6269999055577654,-2.2296392520325132,-1.2317540392935546,0.0,0.0,0.8737864077669902,1.0,100.0,0,1.9621748631198355,14.42,0.43636111111111103,59.907272727272726,0.0,0.0,-4.858333333333334,327,11,2021,53
2021-11-24,25.13,35.9,24,1.75,0.3,3.3,1.5416666666666667,3.8,1.8166666666666667,-0.8586083682055942,-0.46302183361073473,88.5,35.041666666666664,160.0,99.95833333333333,1010.2833333333333,1006.8,-0.15,-1.5,-2.0375,-3.1,-0.1,229.02240344069094,0.603823151932871,1.5416666666666667,1.8166666666666667,3.8,88.5,-0.8586083682055942,-0.46302183361073473,229.02240344069094,0.0,0,24,37.73,39.55,39.55,45.42999999999999,45.42999999999999,0.0,53.9,3.1458333333333712,-10.579166666666765,-4.5809523809524535,0.0708333333333333,-0.20375000000000001,2.0375,1.6916666666666667,1.8,-0.7549660506582488,-0.6557638769812549,-0.7549660506582488,-0.6557638769812549,-0.7598684058619508,-0.40977432274550024,0.0,0.0,0.6353982300884956,1.0,95.49399999999999,0,5.193277016059027,39.55,0.3916944444444444,45.652833333333334,0.0,0.0,-1.8124999999999998,328,11,2021,54
2021-11-25,19.04,27.5,24,2.31,3.2,5.8,4.5249999999999995,4.6,2.433333333333333,-1.0414149603195921,-1.735719449452106,89.0,48.125,226.0,100.0,1012.8458333333333,1012.0,2.8375,1.5,-0.5625,-2.3,0.7,211.01192174445097,0.8355535638091378,4.5249999999999995,2.433333333333333,4.6,89.0,-1.0414149603195921,-1.735719449452106,211.01192174445097,0.0,0,24,44.17,56.769999999999996,58.59,64.19,64.47,0.0,72.94,2.5625,3.7916666666666288,-1.1095238095238074,1.475,-0.05625,0.5625,1.6874999999999996,1.7000000000000002,-0.5152164177255585,-0.8570601162730901,-0.5152164177255585,-0.8570601162730901,-0.9268593146844369,-1.5447903100123745,0.0,0.0,0.3353884093711467,0.9689366786140978,87.58399999999999,1,2.5268311250000015,56.769999999999996,0.45763888888888893,46.33066666666666,0.0,2.433333333333333,2.9833333333333325,329,11,2021,55
2021-11-26,16.52,23.5,24,2.66,2.3,5.7,4.1875,4.6,3.15,-2.668983605030395,0.691485825164967,87.0,68.625,309.0,99.79166666666667,1016.7333333333332,1014.6,2.183333333333333,0.6,-2.375,-5.7,0.2,282.9472783415735,0.877469275181879,4.1875,3.15,4.6,87.0,-2.668983605030395,0.691485825164967,282.9472783415735,0.0,0,24,35.56,60.69,75.11,75.17999999999999,80.99,0.0,89.46,3.887499999999932,9.595833333333303,2.864285714285643,-1.8125,-0.2375,2.375,2.004166666666667,1.6999999999999997,-0.9745766446836941,0.22405437651845297,-0.9745766446836941,0.22405437651845297,-2.3220157363764438,0.6015926678935213,0.0,0.0,0.2722029988465975,0.8080149114631873,75.99199999999999,2,2.306040351562499,60.69,0.46241666666666664,52.038,0.0,6.3,-0.33749999999999947,330,11,2021,56
2021-11-27,11.620000000000001,16.6,24,1.47,-1.0,2.0,0.425,11.5,6.9750000000000005,-5.183242554990875,4.300772215500936,82.16666666666667,81.54166666666667,436.0,98.0,1025.5583333333334,1019.5,-2.2875,-4.0,-5.591666666666666,-6.2,-5.2,309.8267324548495,0.96120923602559,0.425,6.9750000000000005,11.5,82.16666666666667,-5.183242554990875,4.300772215500936,309.8267324548495,0.0,1,24,28.140000000000004,47.18000000000001,86.73,86.73,92.61,1.0,101.08,8.82500000000016,15.275000000000091,10.919047619047774,-3.216666666666666,-0.5591666666666666,5.591666666666666,2.7125,3.0,-0.76798478441256,0.6404680873476786,-0.76798478441256,0.6404680873476786,-4.25889763268417,3.533801170403269,0.0,0.0,0.2462908011869436,0.5439870863599677,100.0,3,2.53902219921875,47.18000000000001,0.37269444444444444,81.04950000000001,45.7421155477953,20.925,-3.7625,331,11,2021,57
2021-11-28,0.8400000000000001,1.2,4,0.42,-0.6,2.9,0.9958333333333332,7.8,5.083333333333333,-4.110548207815438,2.697726217741234,72.83333333333333,98.25,391.0,61.25,1033.1291666666666,1031.0,-3.591666666666667,-12.4,-1.9000000000000001,-4.5,1.1,298.99782296709407,0.944846380536193,0.425,7.05,7.8,85.5,-5.67737109452969,4.063086670473702,306.0,0.3333333333333333,1,4,12.460000000000004,28.980000000000004,87.57000000000001,87.57000000000001,93.45,2.0,101.92,7.570833333333212,20.283333333333303,16.737500000000068,3.6916666666666655,-0.19,1.9000000000000001,4.5875,11.8,-0.8746381275244764,0.48477638750301943,-0.8090169943749476,0.5877852522924729,-2.993849278025577,1.9648439285881987,0.0,1.0,0.028985507246376812,0.33093525179856115,6.5520000000000005,4,0.183355265625,28.980000000000004,0.37272222222222223,5.922000000000001,25.7894581969007,20.333333333333332,0.5708333333333333,332,11,2021,58
2021-11-29,0.0,0.0,0,0.0,1.4,9.2,4.845833333333333,4.4,2.966666666666667,-1.8585086732788783,-1.6140448094916635,39.375,129.20833333333334,523.0,52.041666666666664,1028.1958333333334,1025.1,-8.725,-17.2,1.3625,-0.5,2.3,235.11231752175823,0.7880932585562105,0.0,0.0,0.0,0.0,0.0,0.0,,0.2916666666666667,0,0,0.8400000000000036,12.460000000000004,85.75000000000001,87.57000000000001,93.45,2.0,101.92,-4.933333333333167,11.462500000000205,9.06964285714298,3.2625,0.13625,0.0,13.570833333333333,18.599999999999998,-0.8202748575899546,-0.5719695429004763,-0.8202748575899546,-0.5719695429004763,-0.7317877901035582,-0.6355301437373425,1.0,2.0,0.0,0.1453061224489796,0.0,5,0.0,6.230000000000002,0.42183333333333334,0.0,-0.0,14.833333333333334,3.85,333,11,2021,59
2021-11-30,0.0,0.0,0,0.0,3.3,7.4,5.575,11.6,6.0375000000000005,1.954023087333379,-5.174011430630311,59.083333333333336,136.875,551.0,68.41666666666667,1019.6708333333332,1009.4,-3.225,-12.0,2.254166666666667,0.8,3.3,165.15331813599357,0.8801426741175672,0.0,0.0,0.0,0.0,0.0,0.0,,0.08333333333333333,0,0,0.0,0.8400000000000036,73.15,87.57000000000001,93.45,2.0,101.92,-8.525000000000205,-5.887500000000159,-1.245833333333394,0.8916666666666668,0.22541666666666668,0.0,8.8,15.3,0.25623339457332284,-0.966614942728195,0.25623339457332284,-0.966614942728195,1.1545019740994715,-3.0569784202640755,2.0,3.0,0.0,0.011483253588516795,0.0,6,0.0,0.2800000000000012,0.45263888888888887,0.0,-0.0,36.225,0.729166666666667,334,11,2021,60
2021-12-01,19.32,56.6,21,2.87,0.5,6.0,3.966666666666667,9.0,3.9875000000000003,-2.478193146790699,-0.6624472561900032,88.375,56.5,268.0,99.29166666666667,1004.4416666666666,1001.5,2.183333333333333,-2.7,-3.6125000000000003,-6.3,0.4,253.71402432993892,0.7298871744092186,3.7,3.761904761904762,9.0,86.76190476190476,-3.0575292911518295,-0.055735230810641724,262.88942157721493,0.0,0,20,19.320000000000004,19.320000000000004,67.34,106.89,112.77,2.0,121.24,-15.229166666666629,-28.6875,-15.640476190476193,-5.866666666666667,-0.36125,3.6125000000000003,1.7833333333333337,3.2,-0.9598739622182529,-0.28043176827070077,-0.9923091006410791,-0.12378468719875112,-2.19010319347628,-0.5854377626579154,0.0,0.0,0.9999999999999998,0.2869022869022869,100.0,0,2.8998112499999995,19.320000000000004,0.4655833333333333,72.68,0.0,0.0,-1.6083333333333334,335,12,2021,61
2021-12-02,5.39,7.7,10,1.75,-1.3,4.9,1.2958333333333334,8.7,4.354166666666667,-2.0423367052018206,0.17811390266289226,69.625,119.70833333333333,558.0,49.625,1015.8333333333334,1010.6,-3.7375000000000003,-5.1,-4.891666666666667,-6.9,-1.8,262.3586281288615,0.5080295638794484,-0.75,5.37,8.7,78.2,-3.320633000350502,3.9273750478587743,319.99743808903924,0.4583333333333333,0,10,24.710000000000004,24.710000000000004,53.690000000000005,112.28,118.16,2.0,126.63,11.391666666666765,-12.362500000000068,-4.675595238095184,-1.2791666666666663,-0.48916666666666664,4.891666666666667,5.033333333333333,3.8,-0.9911197827717018,-0.13297208804322294,-0.6428218617877369,0.7660157008885312,-1.4219769309967676,0.12401180472903875,0.0,1.0,0.21813031161473082,0.4602346805736637,46.892999999999994,1,1.3513277421875003,24.710000000000004,0.42077777777777775,28.9443,49.175807541024405,4.354166666666667,-2.6708333333333334,336,12,2021,62
2021-12-03,0.14,0.2,2,0.07,-1.4,6.3,2.55,5.7,3.783333333333333,-0.005384302244029693,-2.2314966124074735,60.708333333333336,141.5,575.0,28.0,1014.2624999999999,1010.7,-4.3875,-7.8,-1.3208333333333333,-3.3,1.3,191.9042827368574,0.595032601821513,2.0,3.5,3.7,72.5,-3.456971416735829,-0.5254686058382356,261.5,0.7083333333333334,1,1,5.530000000000003,24.850000000000005,37.31,112.42,118.3,3.0,126.77,-1.5708333333334394,-5.408333333333303,-5.893452380952567,3.5708333333333333,-0.13208333333333333,1.3208333333333333,6.9375,6.4,-0.20627732627230846,-0.9784935690468014,-0.9890158633619168,-0.14780941112961046,-0.003268720153979693,-1.3547044017823706,0.0,2.0,0.005633802816901408,0.6660412757973735,0.7980000000000002,2,0.026775,24.850000000000005,0.43669444444444444,0.49000000000000005,0.0,7.566666666666666,1.2541666666666664,337,12,2021,63
2021-12-04,15.4,21.9,24,1.12,-0.4,3.4,1.8833333333333335,8.9,3.670833333333333,-1.98415529745096,0.9649970899083664,84.79166666666667,56.791666666666664,247.0,98.75,1015.4916666666667,1012.0,-0.4083333333333334,-3.3,-5.7250000000000005,-10.3,-1.9,269.0452992658883,0.6659149533788162,1.8833333333333335,3.670833333333333,8.9,84.79166666666667,-1.98415529745096,0.9649970899083664,269.0452992658883,0.0,0,24,15.540000000000003,20.930000000000003,41.09,127.82,133.7,2.0,142.17,1.2291666666667425,11.050000000000068,-3.226190476190368,-4.404166666666667,-0.5725,5.7250000000000005,2.291666666666667,2.9,-0.9998611809064584,-0.016661900142017586,-0.9998611809064584,-0.016661900142017586,-1.6823983459636267,0.8182371158181357,0.0,0.0,0.7357859531772575,0.5093696763202726,100.0,3,2.981528563368055,20.930000000000003,0.3960555555555556,56.53083333333333,0.9755430212467822,11.0125,-0.6666666666666663,338,12,2021,64
2021-12-05,0.35000000000000003,0.5,2,0.28,-5.1,4.9,0.3458333333333334,6.4,4.383333333333334,-0.2200776092967234,0.2781066939830182,76.41666666666667,135.08333333333334,551.0,26.916666666666668,1028.9583333333333,1024.4,-3.3874999999999997,-7.6,-1.1791666666666667,-5.7,2.8,36.71408871471699,0.08233972504004619,-0.9,6.25,6.4,83.5,-3.413271808710496,5.187656428915659,326.5,0.7083333333333334,0,2,15.750000000000004,15.890000000000002,40.6,128.17,134.04999999999998,1.0,142.52,13.466666666666583,13.124999999999886,10.836309523809405,4.545833333333334,-0.11791666666666667,1.1791666666666667,3.733333333333333,2.5,0.5978222810945352,0.8016286672936084,-0.5519369853120584,0.833885822067168,-0.16817597310424615,0.21251986531868972,0.0,1.0,0.02202643171806167,0.39137931034482765,2.24,4,0.087923828125,15.890000000000002,0.45366666666666666,2.1875,234.42350782223536,17.533333333333335,-1.5375,339,12,2021,65
2021-12-06,0.0,0.1,0,0.0,2.0,5.8,4.4375,5.9,4.575,-0.40274810169540093,-4.329112669137493,83.58333333333333,57.541666666666664,255.0,73.58333333333333,1028.7666666666667,1026.3,1.7291666666666667,-2.8,2.1708333333333334,0.8,3.3,185.99678874296603,0.9434274763947345,0.0,0.0,0.0,0.0,0.0,0.0,,0.16666666666666666,0,0,0.3500000000000036,15.750000000000004,40.6,126.35,134.04999999999998,1.0,142.52,-0.19166666666660603,14.50416666666672,10.563095238095343,3.35,0.21708333333333335,0.0,2.708333333333333,4.8,-0.10447272312651211,-0.9945277523138966,-0.10447272312651211,-0.9945277523138966,-0.3366302883337393,-3.618416672620755,1.0,2.0,0.0,0.3879310344827587,0.0,5,0.0,7.875000000000002,0.4458611111111111,0.0,-0.0,22.875,4.091666666666667,340,12,2021,66
2021-12-07,5.6,23.3,6,1.47,4.9,7.5,6.1625000000000005,8.2,4.358333333333333,-0.05971284384669747,-0.19071388648946588,96.29166666666667,25.166666666666668,116.0,99.58333333333333,1022.4833333333332,1020.0,5.604166666666667,4.5,1.075,0.2,2.5,132.04809955252455,0.13276586587562444,5.2,5.7,8.2,97.33333333333333,-3.4839470910293513,4.429589184216763,320.8633897302666,0.0,0,5,5.600000000000003,5.950000000000003,46.2,119.35,139.65,1.0,148.12,-6.283333333333417,6.991666666666561,3.8779761904760335,-1.0958333333333334,0.1075,0.0,0.5583333333333336,0.40000000000000036,0.7425828315034013,-0.6697542372814009,-0.6311715488269511,0.7756432659099076,-0.05749849255404911,-0.18364157986548155,0.0,3.0,0.9411764705882348,0.12878787878787884,45.919999999999995,6,0.6241199999999993,5.950000000000003,0.5044166666666667,31.919999999999998,0.0,26.15,1.7250000000000005,341,12,2021,67
2021-12-08,10.99,22.3,23,1.47,5.0,5.9,5.366666666666667,9.3,7.616666666666667,-2.2768607170243,7.209496741251794,93.75,41.375,198.0,100.0,1023.0958333333333,1020.0,4.4375,3.7,-0.6333333333333333,-2.3,0.4,341.9729822942849,0.9916940539475911,5.365217391304348,7.673913043478261,9.3,93.69565217391305,-2.2347790146369504,7.288163817200859,342.5364582655928,0.0,0,20,16.590000000000003,16.590000000000003,37.870000000000005,105.21000000000001,150.64,1.0,159.10999999999999,0.6125000000000682,-5.8624999999999545,1.825595238095275,-1.7083333333333333,-0.06333333333333332,0.6333333333333333,0.9291666666666671,1.2999999999999998,-0.3094654287252867,0.9509106942420379,-0.3000988725739214,0.9539081018000954,-2.1345569222102814,6.758903194923557,0.0,0.0,0.6624472573839661,0.4380776340110906,100.0,4,1.1512563852788285,16.590000000000003,0.47119444444444447,84.33630434782609,0.0,30.46666666666667,-0.7958333333333334,342,12,2021,68
2021-12-09,0.14,0.4,2,0.07,4.4,9.3,6.179166666666667,6.8,3.533333333333333,-0.7651595436907451,1.7072976431401365,77.16666666666667,125.58333333333333,542.0,45.375,1028.4875,1026.8,2.095833333333333,-2.4,1.0916666666666666,-1.2,1.8,339.232451091701,0.4980745895817197,4.95,6.5,6.8,93.5,-1.4284527454307785,6.31048522549162,347.5,0.5416666666666666,0,2,11.130000000000004,16.730000000000004,32.620000000000005,86.31,150.78,1.0,159.25,5.3916666666666515,-0.279166666666697,5.409523809523876,1.7249999999999999,0.10916666666666666,0.0,4.083333333333334,6.800000000000001,-0.35457744041286093,0.9350266513582722,-0.21643961393810288,0.9762960071199334,-0.590448114548025,1.3174646812898054,0.0,1.0,0.008368200836820083,0.5128755364806867,0.9520000000000001,5,0.016238906249999997,16.730000000000004,0.5476111111111112,0.9100000000000001,0.0,17.666666666666664,0.8125,343,12,2021,69
2021-12-10,0.0,0.0,0,0.0,-2.6,9.2,5.304166666666666,4.5,3.329166666666667,-1.545794305012441,-1.2001240605307022,62.833333333333336,106.625,482.0,66.91666666666667,1024.3833333333334,1022.3,-1.5541666666666665,-5.1,0.15,-1.6,3.1,235.03035574009064,0.5425205289643384,0.0,0.0,0.0,0.0,0.0,0.0,,0.2916666666666667,0,0,0.14000000000000357,11.130000000000004,32.480000000000004,69.79,150.78,0.0,159.25,-4.104166666666515,1.9000000000002046,-0.14047619047596527,-0.9416666666666665,0.015,0.0,6.8583333333333325,2.4999999999999996,-0.8194558144701173,-0.5731423628830072,-0.8194558144701173,-0.5731423628830072,-0.9712740883161505,-0.7540779513667912,1.0,2.0,0.0,0.34267241379310354,0.0,6,0.0,5.565000000000002,0.4849722222222222,0.0,-0.0,19.975,-0.8750000000000009,344,12,2021,70
2021-12-11,0.0,0.0,0,0.0,-4.1,7.2,1.1916666666666667,6.8,4.191666666666666,-4.072530010472211,0.7549500223617874,84.625,90.875,395.0,65.0,1023.7708333333334,1022.0,-1.1333333333333333,-6.5,2.1666666666666665,0.7,3.4,279.84481303284963,0.987259190178493,0.0,0.0,0.0,0.0,0.0,0.0,,0.25,1,0,0.0,0.14000000000000357,17.080000000000002,58.169999999999995,150.5,1.0,159.25,-0.6125000000000682,0.6750000000000682,-1.935714285714198,2.0166666666666666,0.21666666666666665,0.0,2.325,2.4000000000000004,-0.9852744702910732,0.1709801690040258,-0.9852744702910732,0.1709801690040258,-3.4463785213621088,0.6388764564236626,2.0,3.0,0.0,0.008196721311475618,0.0,3,0.0,0.046666666666667855,0.5026666666666667,0.0,-0.0,12.575,-4.1125,345,12,2021,71
2021-12-12,13.65,25.2,9,2.73,0.1,7.3,4.2124999999999995,7.5,3.8125,-2.9798516362260776,-0.3905082346724436,84.54166666666667,55.041666666666664,347.0,99.41666666666667,1015.4666666666667,1011.4,1.8,-3.1,-0.1166666666666667,-5.8,4.7,258.8275538445496,0.835448421431669,4.844444444444445,4.922222222222222,7.5,93.33333333333333,-3.523492501088003,1.1481266963686896,285.83548562303565,0.0,0,9,13.650000000000004,13.650000000000004,30.380000000000003,70.97999999999999,158.62,1.0,172.9,-8.304166666666674,-13.020833333333258,-8.312499999999886,-2.283333333333333,-0.011666666666666669,0.1166666666666667,2.4124999999999996,3.2,-0.9810484502435716,-0.19376258223580325,-0.9620491746853879,0.2728761357963794,-2.5192162374594633,-0.3301421700626617,0.0,0.0,0.9999999999999998,0.44930875576036877,100.0,0,1.6510854629629623,13.650000000000004,0.4807222222222222,67.18833333333333,0.0,0.0,3.020833333333333,346,12,2021,72
2021-12-13,14.07,20.2,18,2.31,-4.7,2.4,-1.2375,11.5,8.141666666666667,-4.171412594993586,6.573656698853881,84.41666666666667,60.666666666666664,262.0,99.95833333333333,1019.3708333333334,1013.2,-3.5500000000000003,-7.9,-6.8625,-9.3,-4.8,324.5624241378612,0.9451361935427529,-0.6944444444444444,9.122222222222222,11.5,86.83333333333333,-4.0087660931810305,7.99722908951156,333.82111464010836,0.0,0,18,27.720000000000006,27.720000000000006,44.45,85.05,172.62,1.0,186.97,3.904166666666697,-5.0125000000000455,-3.0660714285713766,-6.745833333333334,-0.68625,6.8625,2.3125,3.2,-0.5798156268889259,0.8147477148267444,-0.44117516517378347,0.8974210124762428,-3.5213674656070855,5.549261863282485,0.0,0.0,0.5075757575757575,0.6236220472440945,100.0,0,3.3328244646990735,27.720000000000006,0.3751666666666667,128.34966666666665,73.559187490667,0.0,-5.449999999999999,347,12,2021,73
2021-12-14,0.0,0.0,0,0.0,-8.3,7.0,-0.37083333333333335,5.8,3.1458333333333335,-1.9834492435978672,-1.2080165405546492,55.0,137.29166666666666,567.0,13.916666666666666,1020.1333333333333,1016.7,-8.8375,-16.4,-2.283333333333333,-4.5,0.6,247.67854672833738,0.7902110175273878,0.0,0.0,0.0,0.0,0.0,0.0,,0.7916666666666666,1,0,14.070000000000004,27.720000000000006,38.85000000000001,85.05,172.62,2.0,186.97,0.7624999999999318,-3.6375000000000455,-1.9678571428571558,4.579166666666667,-0.22833333333333333,2.283333333333333,8.466666666666667,8.099999999999998,-0.9250675736773215,-0.37980255940521707,-0.9250675736773215,-0.37980255940521707,-1.090897083978827,-0.664409097305057,1.0,1.0,0.0,0.7135135135135136,0.0,1,0.0,13.860000000000003,0.43041666666666667,0.0,-0.0,3.1458333333333335,0.8666666666666667,348,12,2021,74
2021-12-15,2.8000000000000003,4.0,16,0.42,-2.1,4.8,2.2291666666666665,6.3,3.641666666666667,-2.831155417104409,-1.8094869779343015,72.33333333333333,52.625,226.0,83.16666666666667,1019.6750000000001,1018.1,-2.5,-10.7,-1.2666666666666666,-2.2,-0.5,239.7632441189901,0.9108766316076845,3.1,3.19375,5.8,81.4375,-2.310071014273732,-1.7687530671028941,235.15289375360794,0.16666666666666666,1,8,2.800000000000004,16.870000000000005,30.660000000000007,68.53,175.42,3.0,189.77,-0.45833333333325754,4.208333333333371,-1.9375,1.0166666666666666,-0.12666666666666665,1.2666666666666666,4.729166666666666,8.6,-0.8639519312345485,-0.5035742850028126,-0.8206797143085824,-0.5713884900156666,-2.047869085038856,-1.308862247372478,0.0,2.0,0.1659751037344398,0.5502283105022832,17.64,2,0.46371773437499997,16.870000000000005,0.3828611111111111,8.9425,0.0,7.283333333333334,2.5999999999999996,349,12,2021,75
2021-12-16,0.35000000000000003,1.1,4,0.14,1.3,8.1,4.383333333333334,6.0,3.0749999999999997,-1.7298219942347497,-2.1364514629973317,81.83333333333333,68.0,304.0,99.45833333333333,1018.3249999999999,1011.7,1.5166666666666666,-0.9,1.6875,0.8,3.5,220.18590633609708,0.88207222681174,4.075,2.9,4.0,80.25,-1.4265118353667319,-2.326845412811769,216.8699772843433,0.0,0,3,3.150000000000004,3.150000000000004,30.870000000000005,63.49,175.77,3.0,190.12,-1.3500000000001364,-1.0458333333334622,-1.8357142857144026,2.9541666666666666,0.16875,0.0,2.866666666666667,2.2,-0.6452697890108521,-0.7639547757491215,-0.6000011119626393,-0.799999166026813,-1.4155709986154366,-1.748329447219483,0.0,3.0,0.11111111111111098,0.10204081632653073,2.1,3,0.04996441406249999,3.150000000000004,0.498111111111111,1.0150000000000001,0.0,9.225,2.1541666666666672,350,12,2021,76
2021-12-17,46.06,69.0,24,4.13,-5.9,5.7,2.970833333333333,18.9,5.0375000000000005,-2.5892127464816723,2.5665800388226714,89.95833333333333,38.25,242.0,99.95833333333333,1003.4083333333333,996.5,1.4541666666666666,-7.6,-5.804166666666667,-11.8,0.8,272.6719371599159,0.5759266048030875,2.970833333333333,5.0375000000000005,18.9,89.95833333333333,-2.5892127464816723,2.5665800388226714,272.6719371599159,0.0,0,24,46.410000000000004,49.21000000000001,76.93,109.41,221.83,3.0,236.18,-14.916666666666629,-16.725000000000023,-13.755952380952522,-7.491666666666667,-0.5804166666666667,5.804166666666667,1.5166666666666666,1.6999999999999993,-0.9989128273669522,0.04661719984900054,-0.9989128273669522,0.04661719984900054,-2.3292126331891376,2.3088526265908946,0.0,0.0,0.9359886201991464,0.6396724294813467,100.0,0,7.584410975585939,49.21000000000001,0.45202777777777775,232.02725000000004,0.0,0.0,-1.4125000000000005,351,12,2021,77
2021-12-18,14.77,21.2,20,2.52,-7.6,-5.2,-6.3374999999999995,11.8,8.299999999999999,-5.0436772270425445,5.70880577456359,77.54166666666667,53.0,239.0,99.91666666666667,1016.35,1011.0,-9.641666666666667,-11.8,-10.195833333333333,-13.8,-6.4,310.14138452772545,0.8591792619316087,-6.345000000000001,9.209999999999999,11.8,78.6,-5.426996735697189,7.175942348534218,320.2925297660613,0.0,0,20,60.83,61.18000000000001,91.7,108.78,236.6,2.0,250.95,12.94166666666672,-3.3250000000000455,0.24583333333339397,-4.391666666666666,-1.0195833333333333,10.195833333333333,3.304166666666668,4.200000000000001,-0.7644559533305657,0.6446759615632152,-0.6388681265371454,0.7693162658457949,-3.910951383135907,4.426703144359518,0.0,0.0,0.24141876430205947,0.667175572519084,100.0,1,5.340566832343749,61.18000000000001,0.2938055555555556,136.03169999999997,533.7813089340588,8.299999999999999,-9.308333333333334,352,12,2021,78
2021-12-19,18.830000000000002,26.900000000000002,23,1.82,-7.7,-0.6,-2.775,5.1,3.2416666666666667,-1.978155445024554,-1.3749897778042908,79.0,35.791666666666664,186.0,99.95833333333333,1014.2916666666666,1011.4,-5.95,-12.6,-5.154166666666667,-6.0,-4.6,247.12430281451805,0.7520929673356693,-2.5608695652173914,3.182608695652174,5.1,79.47826086956522,-1.8739509002448516,-1.3729685431816616,246.83875002124282,0.0,0,23,33.6,79.66000000000001,96.88,127.26,255.43,2.0,269.78,-2.058333333333394,-4.033333333333303,-1.6446428571429124,5.041666666666666,-0.5154166666666666,5.154166666666667,3.1750000000000003,4.8999999999999995,-0.921350375115241,-0.38873318134036955,-0.9194015580296714,-0.39332019410731095,-1.5627428015693976,-1.0862419244653898,0.0,0.0,0.23637961335676624,0.8222543352601157,96.033,2,5.677793615075614,79.66000000000001,0.2871944444444445,59.928521739130446,0.0,6.483333333333333,3.5624999999999996,353,12,2021,79
2021-12-20,6.72,9.5,20,1.12,-2.1,1.7,-0.23749999999999996,4.2,3.3708333333333336,-2.3588196532806345,-0.0067017668629177725,80.45833333333333,58.125,245.0,100.0,1017.3041666666667,1016.0,-3.2375000000000003,-5.5,-2.75,-4.7,-0.5,268.21389927481744,0.6924917223923166,-0.505,3.34,4.2,80.6,-2.27196419172828,0.31584467014744855,274.62264351409624,0.0,0,14,25.55,40.32000000000001,89.53000000000002,133.98000000000002,262.15000000000003,2.0,276.5,3.0125000000000455,13.895833333333371,1.6630952380952522,2.404166666666667,-0.275,2.75,3.0000000000000004,3.4,-0.9995141508323342,-0.031168289749644543,-0.9967471056898872,0.08059284893111072,-1.8978669793687104,-0.005392129921789257,0.0,1.0,0.16666666666666663,0.4503518373729476,28.224,3,1.6911579300000001,40.32000000000001,0.3447222222222222,22.444799999999997,14.373013467921249,10.1125,2.5375,354,12,2021,80
2021-12-21,4.55,6.6,21,0.63,-0.4,5.0,2.6041666666666665,3.9,2.15,-1.7121815870268513,-0.9085888296542226,89.125,51.833333333333336,216.0,100.0,1013.7416666666667,1011.3,0.9791666666666666,-2.3,-0.9874999999999999,-4.0,0.7,242.52414535230443,0.900441933359383,2.9666666666666663,2.0047619047619047,3.6,89.33333333333333,-1.5992091390548127,-0.7635894453853521,244.25083993889467,0.0,1,19,11.27,30.10000000000001,94.08000000000001,132.93,266.7,2.0,281.05,-3.5625,-2.6083333333333485,-0.9863095238096093,1.7625000000000002,-0.09874999999999999,0.9874999999999999,1.625,1.9,-0.8872053426156612,-0.4613747717791114,-0.9007046080626088,-0.434432053392452,-1.5259818394376814,-0.8097797944293259,0.0,2.0,0.15116279069767438,0.3199404761904762,17.744999999999997,4,0.779993003472222,30.10000000000001,0.44275,9.121666666666666,0.0,8.6,2.8416666666666663,355,12,2021,81
2021-12-22,6.09,8.7,22,0.84,-3.7,3.3,-0.35000000000000003,10.5,8.950000000000001,-5.246692604445007,7.054185625247402,83.54166666666667,49.041666666666664,226.0,100.0,1019.3916666666668,1013.6,-2.8708333333333336,-10.8,-7.9624999999999995,-10.4,-4.3,323.0583140402136,0.9802094953811057,-0.09545454545454546,8.945454545454545,10.5,85.72727272727273,-5.070235605719495,7.203081117690943,324.52527621296565,0.0,1,22,10.64,17.360000000000007,97.37,128.03,270.97,2.0,287.14,5.650000000000091,5.100000000000136,4.704166666666765,-6.975,-0.7962499999999999,7.9624999999999995,2.5208333333333335,7.1000000000000005,-0.6010018827325719,0.7992476067852213,-0.5803437495993442,0.8143716180595771,-4.3831744466301,5.8931842410921,0.0,3.0,0.3508064516129031,0.17828900071890733,63.945,5,1.3651647241735534,17.360000000000007,0.3845,54.47781818181818,105.99327533756777,44.75000000000001,-2.9541666666666666,356,12,2021,82
2021-12-23,0.6300000000000001,0.9,8,0.14,-5.0,-0.3,-2.9291666666666667,9.3,6.3,-5.315374055005649,3.1181823764679724,71.79166666666667,85.95833333333333,343.0,99.875,1024.6583333333333,1020.5,-7.516666666666667,-12.5,-3.4291666666666667,-5.7,-2.1,297.4834908626858,0.9721667381988929,-2.9125,7.2124999999999995,9.3,61.75,-5.719031137813017,4.195081824928569,300.6169551973569,0.0,0,6,6.72,11.270000000000008,97.65,128.52,259.0,2.0,287.77,5.266666666666538,7.354166666666629,9.066071428571263,4.533333333333333,-0.34291666666666665,3.4291666666666667,4.5875,7.5,-0.8871438440474114,0.4614930118309293,-0.8605913517364219,0.5092961076981427,-3.815995623656139,2.238595097772632,0.0,4.0,0.05590062111801239,0.1154121863799284,5.859000000000002,6,0.18503662939453133,11.270000000000008,0.29661111111111116,4.543875000000001,150.6011532957391,37.8,-2.5791666666666666,357,12,2021,83
2021-12-24,3.0100000000000002,4.3,12,0.63,-1.4,4.8,1.6666666666666667,6.6,4.266666666666667,-4.078211481805185,-0.42273232260321353,80.70833333333333,79.04166666666667,388.0,100.0,1017.9833333333332,1014.0,-1.3583333333333334,-3.8,-1.1958333333333333,-2.4,0.6,267.7665127368296,0.9564091765948453,0.15000000000000002,3.533333333333333,6.3,84.83333333333333,-3.215458100597512,-0.4268486198706059,270.8318241999927,0.0,0,8,3.6400000000000006,9.730000000000008,54.6,131.53,236.88,2.0,290.78,-6.675000000000068,4.241666666666561,0.3089285714285097,2.2333333333333334,-0.11958333333333333,1.1958333333333333,3.0250000000000004,2.4,-0.9992403094852419,-0.03897183469940868,-0.9998946146570109,0.014517561086756744,-3.291456516773601,-0.3411802120343436,0.0,5.0,0.3093525179856113,0.17820512820512835,19.866,5,0.7084756145833336,9.730000000000008,0.4283888888888889,10.635333333333334,0.0,21.333333333333332,4.595833333333333,358,12,2021,84
2021-12-25,6.86,9.9,23,0.98,-9.8,3.5,-2.2125,15.8,10.729166666666666,-7.852802944667577,6.234403783754885,80.04166666666667,57.25,269.0,100.0,1013.5791666666668,1009.0,-5.179166666666666,-13.5,-8.720833333333333,-12.3,-1.9,301.36168630819094,0.870639958711283,-1.9043478260869564,10.58695652173913,15.8,80.3913043478261,-7.6956148718250414,6.156331334834896,301.1789558319637,0.0,0,20,9.870000000000001,10.500000000000007,46.69,138.39000000000001,224.70000000000002,2.0,297.64,-4.40416666666647,-5.8125,-3.699404761904816,-7.525,-0.8720833333333333,8.720833333333333,2.9666666666666663,3.6999999999999993,-0.8538990055902019,0.5204387459173888,-0.855554468612004,0.5177128076820502,-6.285514356961006,4.99012069524714,0.0,6.0,0.6533333333333329,0.22488755622188922,100.0,6,1.7714170971172019,10.500000000000007,0.38275,72.62652173913044,0.0,64.375,-3.8791666666666664,359,12,2021,85
2021-12-26,19.46,27.8,24,1.26,-12.7,-9.2,-11.054166666666667,10.6,7.25,-5.341690345709204,4.154963983567975,75.95833333333333,49.083333333333336,252.0,100.0,1018.6875,1016.2,-14.495833333333332,-16.6,-11.733333333333334,-12.3,-11.0,306.9658173383642,0.9296582741836291,-11.054166666666667,7.25,10.6,75.95833333333333,-5.341690345709204,4.154963983567975,306.9658173383642,0.0,0,24,26.32,29.330000000000005,47.32,144.2,227.64,2.0,317.1,5.108333333333235,-5.970833333333303,0.780952380952499,-3.012500000000001,-1.1733333333333333,11.733333333333334,3.4416666666666647,3.900000000000002,-0.798994410734593,0.6013384501384229,-0.798994410734593,0.6013384501384229,-4.057458958428283,3.1560413925185076,0.0,0.0,0.6634844868735083,0.6198224852071007,100.0,0,9.314593613281252,29.330000000000005,0.28591666666666665,141.085,346.54661258649935,0.0,-8.841666666666667,360,12,2021,86
2021-12-27,14.35,20.5,24,1.33,-11.0,-5.8,-8.458333333333334,8.4,5.454166666666667,-4.2893385030656,2.6664597790428775,70.375,57.5,275.0,100.0,1019.0749999999999,1017.4,-12.908333333333333,-15.9,-9.454166666666667,-10.6,-8.2,300.7378808840603,0.9284733086734211,-8.458333333333334,5.454166666666667,8.4,70.375,-4.2893385030656,2.6664597790428775,300.7378808840603,0.0,0,24,33.81,40.67000000000001,54.95,144.48,230.36999999999998,2.0,331.45,0.3874999999999318,1.091666666666697,0.9154761904760562,2.279166666666667,-0.9454166666666668,9.454166666666667,4.449999999999999,4.9,-0.8595145402098378,0.511111294306701,-0.8595145402098378,0.511111294306701,-3.018621971532416,1.876521069501425,0.0,0.0,0.35283993115318407,0.740127388535032,100.0,1,6.170463408745661,40.67000000000001,0.27291666666666664,78.26729166666667,18.2833053693139,5.454166666666667,2.595833333333333,361,12,2021,87
2021-12-28,7.9799999999999995,11.4,12,1.89,-9.8,-3.5,-6.458333333333333,9.3,7.041666666666667,-4.787732871754423,4.740545757641712,74.91666666666667,71.625,324.0,95.04166666666667,1024.4750000000001,1018.7,-10.1875,-14.2,-8.783333333333333,-11.3,-5.3,310.3534643147762,0.9475121396330884,-7.0249999999999995,8.35,9.3,75.5,-4.631819645504814,6.821540611880285,325.8537181482055,0.0,0,12,22.33,41.790000000000006,58.38,152.46,237.51000000000002,1.0,339.43,5.400000000000205,10.895833333333371,4.782142857142958,0.6708333333333343,-0.8783333333333333,8.783333333333333,3.729166666666667,4.399999999999999,-0.7620644598810942,0.6475011652392112,-0.5613076944581258,0.8276071967679494,-3.5868098764226892,3.5514588634332496,0.0,1.0,0.1909547738693467,0.7158273381294965,74.214,2,3.0419791171874992,41.790000000000006,0.29747222222222225,66.633,245.11589564012408,14.083333333333334,2.000000000000001,362,12,2021,88
2021-12-29,6.09,8.8,12,1.05,-11.2,1.5,-2.575,7.4,4.0,-2.050001711555019,-2.2818479009628816,70.58333333333333,89.54166666666667,456.0,94.375,1019.2416666666667,1012.9,-7.354166666666667,-15.2,-2.845833333333333,-4.0,-1.3,227.25774047637094,0.7662768318726807,-0.27499999999999997,4.508333333333334,7.4,79.58333333333333,-2.727954507671822,-3.002642098206137,222.30400950465977,0.0,1,12,14.07,28.42,58.38,155.75,243.60000000000002,1.0,345.52,-5.233333333333462,0.5541666666666742,-0.4297619047619037,5.9375,-0.2845833333333333,2.845833333333333,4.779166666666667,4.0,-0.7344142065417295,-0.6787015347188202,-0.6730642705488994,-0.7395839963861291,-1.4469595414059173,-1.6106043100963003,0.0,2.0,0.21428571428571427,0.486810551558753,45.066,3,1.4762100527343747,28.42,0.3283055555555556,27.455750000000002,0.0,12.0,3.883333333333333,363,12,2021,89
2021-12-30,34.16,48.8,24,2.94,-3.2,1.5,-0.3875,7.1,4.241666666666666,-2.908417491086796,1.4745996640628511,82.04166666666667,38.333333333333336,167.0,99.54166666666667,1009.4208333333332,1007.4,-3.091666666666667,-6.5,-6.825,-10.4,-3.5,280.38659378200157,0.6972717705503307,-0.3875,4.241666666666666,7.1,82.04166666666667,-2.908417491086796,1.4745996640628511,280.38659378200157,0.0,1,24,40.25,48.23,91.91,189.56,277.76,2.0,379.68,-9.82083333333344,-9.654166666666697,-8.073809523809587,-3.979166666666667,-0.6825,6.825,2.7041666666666666,3.3,-0.9836136822357301,0.18028900165752804,-0.9836136822357301,0.18028900165752804,-2.386114183312459,1.209786141058231,0.0,0.0,0.7082728592162554,0.5247524752475248,100.0,0,8.400581164062498,48.23,0.3323611111111111,144.8953333333333,0.0,0.0,2.1875,364,12,2021,90
2021-12-31,26.18,37.5,24,1.82,-11.6,-3.5,-7.595833333333334,10.3,7.216666666666666,-4.445653377569289,5.358778069859684,78.66666666666667,44.625,180.0,100.0,1015.5666666666666,1011.0,-10.6875,-14.1,-11.833333333333334,-13.9,-9.3,320.7007343384197,0.9652996758076204,-7.595833333333334,7.216666666666666,10.3,78.66666666666667,-4.445653377569289,5.358778069859684,320.7007343384197,0.0,0,24,60.339999999999996,66.43,115.08000000000001,169.68,284.62,2.0,405.86,6.145833333333371,-8.90833333333353,-1.5827380952381418,-5.008333333333334,-1.1833333333333333,11.833333333333334,3.091666666666666,2.5,-0.6333709545571069,0.7738483274669651,-0.6333709545571069,0.7738483274669651,-3.4972473236878407,4.215572081622952,0.0,0.0,0.39409905163329817,0.5772506082725061,100.0,1,10.477591088975696,66.43,0.29197222222222224,188.9323333333333,316.9380387092125,7.216666666666666,-7.208333333333334,365,12,2021,91
2022-01-01,9.73,13.9,19,1.05,-11.7,-6.8,-9.075000000000001,13.3,8.9,-5.170785792812643,6.530118530730501,78.45833333333333,64.54166666666667,299.0,99.95833333333333,1024.6958333333334,1020.4,-12.141666666666666,-14.2,-12.174999999999999,-14.1,-10.0,321.1384190437217,0.9264374205914568,-9.131578947368421,9.342105263157896,13.3,80.10526315789474,-4.712955206618054,7.7247371421334865,330.10966933680436,0.0,0,19,35.91,70.07,117.94999999999999,164.64000000000001,288.96,2.0,415.59,9.129166666666833,5.454166666666765,5.958333333333371,-0.341666666666665,-1.2174999999999998,12.174999999999999,3.0666666666666647,2.5,-0.6274410742818868,0.7786640471371411,-0.49834143363161276,0.8669808622605166,-4.0569123532775855,5.123422163902306,0.0,1.0,0.13886113886113888,0.5940652818991098,100.0,2,4.110308031076869,70.07,0.3045555555555555,90.89868421052633,503.3966368128918,17.8,-1.479166666666667,1,1,2021,92
2022-01-02,8.68,12.4,8,2.24,-12.7,-0.9,-6.233333333333333,8.4,4.420833333333333,-3.639107114080597,-0.07821799384164178,69.70833333333333,119.125,553.0,62.083333333333336,1021.3958333333334,1017.2,-11.012500000000001,-20.6,-5.825,-10.7,-2.8,269.10567059713975,0.8604171377287195,-2.5,4.9125,8.4,82.5,-3.95853361214204,2.251029108809164,294.74845569786385,0.25,0,8,18.41,44.59,107.17,154.49,297.5,2.0,424.27,-3.300000000000068,11.975000000000136,2.271428571428487,6.349999999999999,-0.5825,5.825,4.779166666666668,7.900000000000002,-0.9998781821471451,-0.015608358854167597,-0.908154457696812,0.418635260059887,-2.5367609174403496,-0.054524459873777784,0.0,2.0,0.19466248037676606,0.4160679294578707,72.912,3,2.545935546875,44.59,0.31177777777777776,42.640499999999996,0.0,13.2625,2.8416666666666677,2,1,2021,93
2022-01-03,7.84,11.200000000000001,23,1.26,-6.5,-0.2,-2.775,7.7,4.8,-4.081808520075909,1.316141811484514,76.66666666666667,66.5,335.0,99.79166666666667,1019.8874999999999,1015.0,-6.333333333333333,-10.7,-5.183333333333333,-6.6,-4.6,280.9516318238834,0.8491992140074677,-2.8869565217391306,4.791304347826087,7.7,76.8695652173913,-4.071012063604331,1.2646697163316667,279.9895977147209,0.0,0,12,16.52,26.25,100.66,155.61,289.94,2.0,432.11,-1.5083333333334394,4.320833333333326,0.6470238095237164,0.6416666666666675,-0.5183333333333333,5.183333333333333,3.558333333333333,4.199999999999999,-0.9817879115388767,0.18998025359529058,-0.9848392633249163,0.17346937889332556,-3.1293865320581973,1.0090420554714608,0.0,3.0,0.29866666666666664,0.260778859527121,60.368,4,2.374567417769376,26.25,0.2998888888888889,37.563826086956524,0.0,19.2,3.4583333333333335,3,1,2021,94
2022-01-04,32.97,47.0,24,2.03,-8.1,-1.3,-3.9375,10.6,6.283333333333334,-2.5475025924353623,5.314115858357185,86.20833333333333,30.291666666666668,137.0,100.0,1017.9,1013.4,-5.875,-10.2,-9.183333333333334,-12.1,-5.3,331.1165825540595,0.8459366701752632,-3.9375,6.283333333333334,10.6,86.20833333333333,-2.5475025924353623,5.314115858357185,331.1165825540595,0.0,0,24,40.81,49.489999999999995,125.65,184.02999999999997,322.56,2.0,465.08,-1.9874999999999545,-6.795833333333462,-0.4011904761905498,-4.000000000000001,-0.9183333333333333,9.183333333333334,1.9375,2.0999999999999996,-0.4830289859283298,0.8756043619997843,-0.4830289859283298,0.8756043619997843,-2.1961595265619853,4.58121071289209,0.0,0.0,0.6661951909476662,0.39387186629526455,100.0,5,10.585698935546873,49.489999999999995,0.3075555555555555,207.16150000000002,0.0,31.41666666666667,-1.1625,4,1,2021,95
2022-01-05,4.55,6.5,18,0.7,-9.5,-5.7,-8.066666666666666,12.4,9.508333333333333,-6.401558398070132,6.534996167877179,78.29166666666667,52.375,237.0,100.0,1026.6208333333334,1024.2,-11.258333333333333,-14.9,-10.554166666666667,-12.9,-8.7,313.6946934388007,0.9530944370694981,-7.883333333333334,10.3,12.4,83.0,-6.287633007593733,7.96844602440357,322.30897324300525,0.0,0,18,37.519999999999996,45.35999999999999,124.11,182.49,327.11,1.0,469.63,8.720833333333417,5.225000000000023,7.265476190476193,-1.3708333333333336,-1.0554166666666667,10.554166666666667,3.1916666666666664,5.4,-0.7230311302407133,0.6908154490910265,-0.6114031170843274,0.7913192961248754,-5.011886762489074,5.116357416433842,0.0,1.0,0.10030864197530866,0.365482233502538,56.42,6,1.772322161458333,45.35999999999999,0.2958888888888889,46.865,520.9172954437133,57.05,-4.129166666666666,5,1,2021,96
2022-01-06,0.07,0.1,1,0.07,-9.4,1.7,-4.5125,6.5,3.6833333333333336,-3.385046826889834,-0.5475628319273179,58.333333333333336,118.91666666666667,455.0,66.20833333333333,1021.8708333333334,1018.8,-11.616666666666667,-16.2,-7.316666666666666,-11.3,-4.7,266.28983034689855,0.9296731135481042,-5.7,4.4,4.4,64.0,-4.345828698618606,-0.6883116461770166,261.0,0.16666666666666666,1,1,4.62,37.589999999999996,90.02,181.92999999999998,321.58000000000004,1.0,469.7,-4.75,1.9833333333334622,0.7369047619048388,3.2375000000000007,-0.7316666666666667,7.316666666666666,7.104166666666667,6.799999999999999,-0.9979041484599948,-0.064709431200813,-0.9876883405951377,-0.15643446504023104,-1.9746106490190698,-0.3194116519576021,0.0,2.0,0.0018621973929236503,0.4175738724727838,0.45500000000000007,2,0.025963874999999997,37.589999999999996,0.31150000000000005,0.30800000000000005,0.0,7.366666666666667,3.5541666666666663,6,1,2021,97
2022-01-07,5.8100000000000005,8.3,18,0.91,-6.2,-3.2,-4.345833333333333,10.8,7.0874999999999995,-4.812113937445082,4.792282286504091,78.08333333333333,63.75,277.0,99.375,1024.3666666666666,1019.3,-7.6000000000000005,-9.4,-10.6875,-12.1,-8.6,312.0709901800856,0.9541341738130604,-4.15,7.911111111111111,10.8,77.27777777777777,-5.0164194087091545,5.789939321361563,318.17305729971866,0.0,0,18,5.880000000000001,10.43,69.65,184.73,316.40000000000003,1.0,475.51,2.4958333333331666,6.466666666666583,1.9755952380951385,-3.3708333333333336,-1.06875,10.6875,3.2541666666666673,3.2,-0.7423151941650799,0.6700508581530658,-0.6668829483045386,0.745162487824398,-3.7574589661550344,3.7419737520452774,0.0,3.0,0.5570469798657719,0.14974874371859295,62.74800000000001,3,1.852042402777778,10.43,0.30277777777777776,45.96355555555556,77.62491000026172,21.2625,0.16666666666666696,7,1,2021,98
2022-01-08,0.0,0.0,0,0.0,-8.9,2.5,-2.7750000000000004,5.8,3.6208333333333336,-2.7765464070485977,-0.8275559344726736,60.75,139.04166666666666,574.0,45.291666666666664,1022.975,1018.9,-9.758333333333333,-11.7,-5.2,-7.4,-3.3,250.90878120231605,0.8171201992870087,0.0,0.0,0.0,0.0,0.0,0.0,,0.4166666666666667,1,0,5.8100000000000005,5.880000000000001,59.919999999999995,177.86999999999998,316.26000000000005,2.0,475.51,-1.3916666666665378,-3.6458333333333712,0.8297619047619946,5.4875,-0.52,5.2,6.9833333333333325,2.799999999999999,-0.9449990507667333,-0.3270730714228444,-0.9449990507667333,-0.3270730714228444,-1.6867519422820232,-0.5027402301921492,1.0,4.0,0.0,0.09813084112149535,0.0,4,0.0,2.9400000000000004,0.35074999999999995,0.0,-0.0,14.483333333333334,1.5708333333333329,8,1,2021,99
2022-01-09,2.8,4.0,15,0.42,-3.2,3.5,0.08333333333333333,6.7,3.733333333333333,-2.298375376031773,0.056345294277033386,77.66666666666667,61.166666666666664,247.0,98.70833333333333,1018.7083333333334,1016.8,-3.391666666666667,-9.0,-3.9250000000000003,-5.3,-1.8,269.06970407940776,0.6297580127861042,-0.3,3.5533333333333332,4.7,74.33333333333333,-2.5671473691025013,-1.6879117517428768,238.8736473862487,0.0,1,15,2.8,8.61,54.03999999999999,161.21,319.06,3.0,478.31,-4.2666666666666515,-3.1625000000000227,-3.0529761904761017,1.275,-0.3925,3.9250000000000003,3.4750000000000005,5.8,-0.999868187246757,-0.016236013423381265,-0.8560294197638587,-0.5169271055949295,-1.7850715420513439,0.04376151188849593,0.0,5.0,0.3252032520325203,0.15932642487046633,18.759999999999998,5,0.6889755833333334,8.61,0.37744444444444447,9.949333333333332,0.0,18.666666666666664,2.858333333333334,9,1,2021,100
2022-01-10,0.0,0.0,0,0.0,-4.4,4.7,0.25416666666666665,8.3,3.170833333333333,-0.8722178898987192,-0.20630085901371234,67.625,135.04166666666666,552.0,57.625,1019.4125,1017.4,-5.683333333333334,-8.5,-4.425,-6.6,-2.2,305.19136510965916,0.5121333682080251,0.0,0.0,0.0,0.0,0.0,0.0,,0.375,1,0,2.8,2.8,46.2,146.86,319.06,4.0,478.31,0.7041666666666515,-4.954166666666538,-2.2809523809522716,-0.49999999999999956,-0.4425,4.425,5.9375,4.1,-0.8172317615940029,0.5763091599497295,-0.8172317615940029,0.5763091599497295,-0.5898373480440088,-0.13951095590802295,1.0,6.0,0.0,0.0606060606060606,0.0,6,0.0,1.4,0.4198888888888889,0.0,-0.0,19.025,0.17083333333333334,10,1,2021,101
2022-01-11,18.689999999999998,26.7,16,2.8,-4.1,2.8,0.025000000000000012,9.5,5.641666666666667,-0.6621943271144922,-1.5005603249633108,86.16666666666667,32.458333333333336,141.0,96.79166666666667,1006.6833333333334,1000.4,-2.0375,-7.3,-4.841666666666667,-10.5,0.5,213.4025647760193,0.31885050926711206,0.95,5.275,9.5,89.0625,-1.9121826015586014,0.7606916198893899,279.90687786046055,0.0,1,16,18.689999999999998,21.49,31.919999999999998,157.57,324.09999999999997,5.0,497.0,-12.729166666666629,-16.29166666666663,-13.40773809523796,-0.41666666666666696,-0.4841666666666667,4.841666666666667,2.0625,3.2,-0.550518110484645,-0.8348232208248739,-0.9850886804626363,0.17204735285491024,-0.5705907785303208,-1.292982813343386,0.0,0.0,0.8697068403908794,0.6732456140350878,100.0,0,3.9497883632812507,21.49,0.3710833333333334,98.58975,0.0,0.0,-0.22916666666666663,11,1,2021,102
2022-01-12,20.79,29.8,24,3.5,-6.5,-2.2,-4.9375,15.4,10.2125,-6.185825496296743,7.6649241867705085,76.16666666666667,50.541666666666664,228.0,100.0,1006.8416666666667,1003.8,-8.479166666666666,-9.6,-9.975,-11.7,-7.6,322.23091688294636,0.9617570003730755,-4.9375,10.2125,15.4,76.16666666666667,-6.185825496296743,7.6649241867705085,322.23091688294636,0.0,0,24,39.48,39.48,48.16,172.26999999999998,330.82,5.0,517.79,0.15833333333330302,-11.866666666666674,-10.423809523809496,-5.133333333333333,-0.9974999999999999,9.975,3.541666666666666,3.0999999999999996,-0.6124805956913257,0.7904856228304211,-0.6124805956913257,0.7904856228304211,-4.711537086346019,5.838117255590205,0.0,0.0,0.5265957446808511,0.8197674418604651,100.0,0,6.772672419433593,39.48,0.28758333333333336,212.317875,6.366245406604179,0.0,-4.9625,12,1,2021,103
2022-01-13,26.25,37.5,24,2.45,-5.7,-1.4,-3.6041666666666665,9.4,4.595833333333333,-3.132697684520265,1.853918628368918,75.54166666666667,48.958333333333336,199.0,100.0,1005.15,999.9,-7.316666666666666,-8.6,-8.779166666666667,-11.2,-5.7,284.2059196088866,0.7995802811118295,-3.6041666666666665,4.595833333333333,9.4,75.54166666666667,-3.132697684520265,1.853918628368918,284.2059196088866,0.0,0,24,47.04,65.72999999999999,74.34,164.35999999999999,357.07,4.0,544.04,-1.6916666666667197,-14.262500000000045,-9.726785714285711,1.1958333333333329,-0.8779166666666667,8.779166666666667,3.7125,2.8999999999999995,-0.9694200003799609,0.2454075444303142,-0.9694200003799609,0.2454075444303142,-2.366492042514684,1.4004810305136868,0.0,0.0,0.39936102236421733,0.8841807909604518,100.0,0,8.414854634602865,65.72999999999999,0.28444444444444444,120.640625,0.0,0.0,1.3333333333333335,13,1,2021,104
2022-01-14,17.36,24.8,24,2.03,-6.8,-4.8,-5.8500000000000005,11.0,7.645833333333333,-4.06144507770886,6.321216526390945,78.25,45.625,228.0,100.0,1012.8291666666668,1007.3,-9.054166666666667,-10.4,-10.666666666666666,-12.9,-8.7,327.9810231627466,0.9840143829845978,-5.8500000000000005,7.645833333333333,11.0,78.25,-4.06144507770886,6.321216526390945,327.9810231627466,0.0,0,24,43.61,64.4,85.88999999999999,155.54000000000002,371.63,4.0,561.4,7.679166666666788,6.145833333333371,-0.39940476190474783,-1.8874999999999993,-1.0666666666666667,10.666666666666666,3.2041666666666666,3.6000000000000005,-0.5302001157234768,0.8478725359904116,-0.5302001157234768,0.8478725359904116,-3.1780807733071827,4.946351931900915,0.0,0.0,0.2695652173913043,0.7497962510187451,100.0,1,6.221463463541666,64.4,0.29125,132.73166666666665,212.0818928828305,7.645833333333333,-2.245833333333334,14,1,2021,105
2022-01-15,0.21000000000000002,0.30000000000000004,3,0.07,-6.6,-0.2,-3.7083333333333335,9.8,5.191666666666666,-4.415252070623692,2.3609481330591535,69.375,125.79166666666667,537.0,91.58333333333333,1021.4666666666667,1019.0,-8.554166666666667,-12.0,-7.779166666666666,-9.7,-5.3,297.65675932064744,0.9557234386009209,-5.166666666666667,7.8,8.1,79.66666666666667,-6.493107658987938,4.318624653331209,303.66670428043915,0.0,0,3,17.57,43.82,86.1,146.01999999999998,371.49,3.0,561.61,8.637499999999932,14.625,8.453571428571422,2.8875,-0.7779166666666666,7.779166666666666,4.845833333333333,5.4,-0.8857441862565669,0.46417371372439004,-0.8322764127933202,0.5543608686657843,-3.063081123995187,1.6379077673097877,0.0,1.0,0.004792332268370608,0.5089430894308944,2.0580000000000003,2,0.0718615625,43.82,0.3151111111111111,1.6380000000000001,370.1558348697519,10.383333333333333,2.141666666666667,15,1,2021,106
2022-01-16,5.6,8.0,14,0.77,-9.1,0.9,-3.1125000000000003,6.8,4.270833333333333,-3.954412292557908,-1.4571898516785,71.5,57.416666666666664,239.0,66.70833333333333,1018.0416666666666,1015.7,-7.691666666666666,-15.7,-4.2,-6.9,-2.5,251.00335402245605,0.9843854769133582,-0.5642857142857143,4.078571428571428,6.8,81.07142857142857,-3.7549354998697066,-1.3878663027160063,251.57206525447594,0.3333333333333333,1,14,5.81,23.169999999999998,88.89999999999999,142.94,331.03000000000003,3.0,567.21,-3.425000000000068,12.891666666666652,5.1238095238094274,3.5791666666666657,-0.42000000000000004,4.2,4.579166666666666,6.6,-0.9455376323271948,-0.325512804437986,-0.948722003147886,-0.3161116270292231,-2.827404789178904,-1.0418907439501275,0.0,2.0,0.24169184290030213,0.2606299212598425,38.08,3,1.403597410714286,23.169999999999998,0.2966111111111111,22.839999999999996,0.0,12.8125,0.5958333333333332,16,1,2021,107
2022-01-17,19.53,27.9,24,2.38,-5.3,-1.7,-4.104166666666667,8.6,5.733333333333333,-5.2016614186192145,1.4369760184775549,84.5,50.791666666666664,197.0,99.95833333333333,1016.0583333333334,1011.4,-6.320833333333333,-7.3,-7.6625000000000005,-11.0,-4.8,283.1796966289081,0.9396913872235473,-4.104166666666667,5.733333333333333,8.6,84.5,-5.2016614186192145,1.4369760184775549,283.1796966289081,0.0,0,24,25.130000000000003,25.34,108.42999999999999,154.63,335.78999999999996,2.0,586.74,-1.9833333333332348,3.2291666666666288,3.6196428571428214,-3.4625000000000004,-0.7662500000000001,7.6625000000000005,2.216666666666666,2.0,-0.9736597603130169,0.22800585770369658,-0.9736597603130169,0.22800585770369658,-4.395403898733236,1.2142447356135337,0.0,0.0,0.770718232044199,0.23369916074887026,100.0,4,6.392836953125001,25.34,0.3155277777777778,111.97200000000001,0.0,22.933333333333334,-0.9916666666666667,17,1,2021,108
2022-01-18,18.06,25.8,24,1.54,-8.8,-5.2,-7.504166666666666,12.4,9.591666666666667,-4.075620254497047,8.27013071882278,80.66666666666667,47.375,195.0,100.0,1017.1541666666667,1013.4,-10.270833333333334,-12.6,-12.370833333333332,-15.7,-10.0,333.68221016494505,0.9571425184033365,-7.504166666666666,9.591666666666667,12.4,80.66666666666667,-4.075620254497047,8.27013071882278,333.68221016494505,0.0,0,24,37.59,43.19,107.8,139.72,335.02,1.0,604.8,1.095833333333303,-4.3125,3.219642857142844,-4.708333333333331,-1.237083333333333,12.370833333333332,2.7666666666666675,3.799999999999999,-0.4433495206057738,0.89634881746931,-0.4433495206057738,0.89634881746931,-3.287667005294285,6.671238779850377,0.0,0.0,0.4181523500810373,0.40064935064935064,100.0,5,6.955578742838542,43.19,0.30047222222222225,173.22549999999998,39.302564654198775,47.958333333333336,-3.3999999999999995,18,1,2021,109
2022-01-19,0.35000000000000003,0.5,5,0.07,-7.6,-1.3,-5.179166666666666,8.8,6.125,-5.956970614458023,-0.22228340822300527,65.0,116.375,516.0,95.79166666666667,1019.0625,1016.0,-10.783333333333333,-14.4,-9.033333333333333,-11.9,-6.8,268.28890756030506,0.9705399790174725,-3.96,5.159999999999999,8.1,71.2,-4.9842817474827665,1.3028033323757096,285.19726270996614,0.0,0,4,18.41,37.94,87.35999999999999,135.51999999999998,328.65,1.0,605.15,1.908333333333303,1.0208333333333712,3.382142857142867,3.3374999999999986,-0.9033333333333333,9.033333333333333,5.604166666666667,6.800000000000001,-0.9995540980144341,-0.029859757911797687,-0.9650290193865778,0.26214307494530553,-3.8720308993977155,-0.14448421534495343,0.0,1.0,0.009225092250922511,0.43429487179487186,3.0800000000000005,6,0.114271325,37.94,0.29425,1.8059999999999998,72.28869961099058,36.75,2.325,19,1,2021,110
2022-01-20,14.7,21.0,23,1.19,-7.6,-3.6,-5.170833333333333,11.0,6.533333333333334,-3.534472695074627,4.170945388207518,76.33333333333333,61.583333333333336,271.0,99.91666666666667,1016.0500000000001,1012.0,-8.729166666666666,-13.1,-9.645833333333334,-11.1,-7.8,304.3545009785548,0.7538907925798819,-5.078260869565217,6.643478260869566,11.0,76.91304347826087,-3.514232377469176,4.352290839868715,306.22625869384837,0.0,0,23,15.049999999999999,33.11,75.81,150.14999999999998,338.8,1.0,619.85,-3.012499999999932,-0.008333333333325754,-1.1875,-0.6125000000000007,-0.9645833333333333,9.645833333333334,3.5583333333333327,5.5,-0.8255618827349297,0.5643115963500646,-0.8066895524363288,0.590975436029346,-2.697980823906965,3.183821646331739,0.0,0.0,0.4439746300211416,0.43674976915974145,100.0,3,5.081095293005671,33.11,0.2955,97.65913043478261,0.0,19.6,0.00833333333333286,20,1,2021,111
2022-01-21,5.39,7.8,18,0.56,-10.2,-5.7,-7.129166666666666,13.0,9.895833333333334,-5.392303609918842,7.81842185916785,80.04166666666667,61.583333333333336,250.0,99.375,1024.3458333333333,1021.3,-9.991666666666665,-13.3,-12.470833333333333,-14.8,-10.3,324.60171678067604,0.9539263273842258,-6.344444444444445,10.327777777777778,13.0,80.38888888888889,-4.704862777985445,9.084527612450783,333.1902707949714,0.0,0,18,20.09,20.439999999999998,63.839999999999996,149.73,338.09999999999997,1.0,625.24,8.295833333333235,7.191666666666606,5.463095238095207,-2.8249999999999993,-1.2470833333333333,12.470833333333333,2.862499999999999,3.1000000000000014,-0.5792567480210413,0.8151451526397541,-0.4510291012061327,0.8925092435740866,-4.316089681105874,6.257995163108933,0.0,1.0,0.2636986301369863,0.3201754385964912,70.07,4,1.9180883736496916,20.439999999999998,0.3078611111111111,55.66672222222222,398.1137261161786,39.583333333333336,-1.958333333333333,21,1,2021,112
2022-01-22,0.0,0.0,0,0.0,-12.1,0.5,-5.683333333333334,5.8,4.145833333333333,-3.669903311140837,1.3491404180485647,55.541666666666664,160.33333333333334,600.0,25.5,1026.1208333333334,1024.6,-13.637500000000001,-17.4,-7.4624999999999995,-9.1,-5.3,287.8944449576593,0.9513436092931912,0.0,0.0,0.0,0.0,0.0,0.0,,0.6666666666666666,1,0,5.39,20.089999999999996,63.629999999999995,149.73,337.46999999999997,2.0,625.24,1.775000000000091,7.058333333333394,6.5732142857142435,5.008333333333334,-0.74625,7.4624999999999995,7.9541666666666675,5.299999999999999,-0.9516241987924569,0.30726435568190213,-0.9516241987924569,0.30726435568190213,-2.0383254640628063,0.7493350738578068,1.0,2.0,0.0,0.3157315731573157,0.0,5,0.0,10.044999999999998,0.3031388888888889,0.0,-0.0,20.729166666666664,1.4458333333333329,22,1,2021,113
2022-01-23,0.07,0.1,1,0.07,-10.4,1.0,-3.404166666666667,6.6,4.141666666666667,-3.799961502371904,-0.9879456377574751,53.958333333333336,125.29166666666667,533.0,88.45833333333333,1020.1208333333334,1016.5,-11.691666666666668,-19.8,-3.8791666666666664,-6.9,-0.6,257.75837072523257,0.9507518000693094,-0.3,5.4,5.4,67.0,-5.34744757120448,0.7515347451843536,278.0,0.041666666666666664,1,1,0.07,5.46,58.099999999999994,147.0,334.53,2.0,625.31,-6.0,4.070833333333326,0.27619047619043613,3.583333333333333,-0.38791666666666663,3.8791666666666664,8.287500000000001,9.4,-0.9772620944945651,-0.212034899637054,-0.9902680687415704,0.13917310096006547,-2.0503958939881732,-0.5330790003733044,0.0,3.0,0.012820512820512822,0.09397590361445785,0.462,6,0.016808312500000006,5.46,0.2856111111111111,0.37800000000000006,0.0,24.85,2.279166666666667,23,1,2021,114
2022-01-24,0.07,0.1,1,0.07,-7.6,0.5,-2.2583333333333333,10.7,7.591666666666666,-4.0810025440201505,6.3092296547323174,74.625,129.58333333333334,543.0,72.625,1018.1458333333334,1016.3,-6.204166666666667,-11.9,-9.137500000000001,-11.9,-4.8,326.5253081281389,0.9882906387110003,-0.5,6.0,6.0,71.0,-5.032023407672545,3.26783421009016,303.0,0.0,1,1,0.14,0.14,38.63999999999999,147.07,327.73999999999995,3.0,625.38,-1.9750000000000227,-6.199999999999932,-1.9970238095237391,-5.258333333333335,-0.9137500000000001,9.137500000000001,3.9458333333333333,4.300000000000001,-0.5515685956375735,0.8341295368864449,-0.8386705679454243,0.5446390350150266,-3.0454481484750375,4.708262629843992,0.0,4.0,0.5,0.0036231884057971024,0.749,6,0.016996875,0.14,0.34625,0.42000000000000004,0.0,45.55,1.1458333333333335,24,1,2021,115
2022-01-25,0.0,0.0,0,0.0,-9.1,3.8,-1.6708333333333334,5.2,3.220833333333333,-1.719912386129873,0.9319210720462898,56.708333333333336,131.70833333333334,517.0,77.75,1018.7833333333333,1016.7,-9.608333333333333,-16.7,-4.645833333333333,-5.9,-2.4,292.7401672916877,0.5814228613474822,0.0,0.0,0.0,0.0,0.0,0.0,,0.08333333333333333,1,0,0.07,0.14,20.58,128.38,308.28,4.0,625.38,0.6374999999999318,-7.337500000000091,-1.5922619047619264,4.491666666666668,-0.4645833333333333,4.645833333333333,7.937499999999999,7.6,-0.9222673227704722,0.3865526941437425,-0.9222673227704722,0.3865526941437425,-0.9753336489678155,0.5284769079395836,1.0,5.0,0.0,0.006802721088435376,0.0,5,0.0,0.07,0.3612777777777778,0.0,-0.0,16.104166666666664,0.5874999999999999,25,1,2021,116
2022-01-26,5.39,7.6,14,1.19,-5.1,3.8,-0.43333333333333335,7.1,3.875,-3.3726375349302002,0.6620281267988571,77.70833333333333,98.95833333333333,546.0,94.08333333333333,1016.9791666666666,1014.1,-3.891666666666667,-8.8,-5.270833333333333,-9.4,-1.7,278.7880685826382,0.8763293897605742,0.6,4.0,7.1,81.14285714285714,-3.4467563398647445,1.417948968076715,290.3891734012785,0.041666666666666664,1,12,5.39,5.46,25.619999999999997,112.98,299.32,5.0,630.77,-1.8041666666666742,-3.141666666666765,-3.098809523809564,-0.625,-0.5270833333333333,5.270833333333333,3.458333333333334,3.700000000000001,-0.9882602181747607,0.15278004180250207,-0.9373478388607202,0.34839493248774067,-2.6208204177686762,0.5144510235332785,0.0,6.0,0.9871794871794871,0.21311475409836067,38.269,6,1.2033174999999998,5.46,0.40944444444444433,21.56,0.0,23.25,1.2375,26,1,2021,117
2022-01-27,1.54,2.2,18,0.14,-6.2,-1.3,-3.358333333333333,10.4,8.7625,-7.041742047057288,4.998433439313037,79.25,75.5,362.0,100.0,1021.1791666666667,1018.9,-6.458333333333333,-11.7,-9.424999999999999,-12.2,-5.6,305.10402725956345,0.9859955275394076,-2.5611111111111113,8.68888888888889,10.4,82.33333333333333,-6.644134876216631,5.508982135471538,309.22404817999455,0.0,0,18,6.93,6.93,12.459999999999999,88.27,292.88,5.0,632.31,4.2000000000000455,3.033333333333303,0.36845238095236255,-4.154166666666666,-0.9424999999999999,9.424999999999999,3.1,5.499999999999999,-0.8181092988947991,0.575062757498571,-0.7746791451646318,0.6323545066234567,-5.5805805722929005,3.9612585006555814,0.0,7.0,0.22222222222222224,0.5561797752808989,16.016000000000002,6,0.43107814274691364,6.93,0.3145,13.38088888888889,173.01327217668296,52.574999999999996,-2.925,27,1,2021,118
2022-01-28,4.62,6.6,17,0.7,-7.8,-3.8,-6.0125,9.3,7.375,-6.612818268942139,3.1359375377459187,76.33333333333333,78.20833333333333,328.0,99.875,1019.8416666666667,1018.3,-9.520833333333334,-11.6,-9.3125,-12.3,-5.2,295.237014636168,0.9919400304259435,-5.670588235294118,7.011764705882353,8.9,75.70588235294117,-6.34703630332299,2.8412719286130756,294.15589684809305,0.0,0,13,6.16,11.55,11.69,75.53,291.40999999999997,5.0,636.93,-1.3374999999999773,1.058333333333394,-0.3255952380951612,0.11249999999999893,-0.93125,9.3125,3.5083333333333337,3.8,-0.9045517986353726,0.426363745627501,-0.9124353822143295,0.409220812378098,-5.047784611959166,2.393765653812718,0.0,8.0,0.39999999999999997,0.9880239520958085,42.966,2,1.6513158892733568,11.55,0.3065833333333333,32.39435294117647,0.0,14.75,-2.6541666666666672,28,1,2021,119
2022-01-29,3.29,4.7,15,0.56,-7.7,-0.2,-4.566666666666666,8.1,5.45,-4.876904733664377,1.974274840828672,75.75,88.0,382.0,100.0,1015.1666666666666,1011.3,-8.241666666666667,-12.4,-6.558333333333334,-10.4,-3.3,290.5956708969003,0.9517346533458596,-5.36,5.866666666666666,8.1,78.6,-5.251955463081127,2.299928222125943,293.3986547990328,0.0,0,9,7.91,9.45,14.98,78.60999999999999,260.54,4.0,640.22,-4.675000000000068,-1.8125,-3.4357142857143117,2.7541666666666664,-0.6558333333333334,6.558333333333334,3.6750000000000007,4.7,-0.9360861172026037,0.3517709214539388,-0.9177639497430731,0.39712634331153857,-3.6942553357507655,1.495513191927719,0.0,9.0,0.34814814814814815,0.630841121495327,26.648999999999997,3,1.1707136,9.45,0.31116666666666665,19.301333333333332,0.0,16.35,1.4458333333333337,29,1,2021,120
2022-01-30,1.61,2.3,10,0.49,-8.2,-4.6,-6.341666666666666,11.3,9.1,-7.6407282620547425,4.7354902007703386,73.95833333333333,91.08333333333333,380.0,100.0,1018.1625,1015.8,-10.266666666666667,-13.0,-10.6875,-14.5,-6.9,302.34636632013064,0.9878218217041075,-6.45,9.82,11.3,77.9,-8.289134790407676,4.988623511431391,301.8450394625537,0.0,0,8,4.9,9.52,16.52,74.62,235.97,3.0,641.83,2.995833333333394,-3.0166666666666515,-0.16011904761899132,-4.129166666666666,-1.06875,10.6875,3.9250000000000016,4.800000000000001,-0.8448291345582751,0.5350361982160795,-0.8494781973857561,0.5276237221413063,-5.650955277144654,3.5022896276530626,0.0,10.0,0.16911764705882354,0.576271186440678,18.193,4,0.580838190625,9.52,0.30724999999999997,15.810200000000002,203.62950373869398,36.4,-1.7749999999999995,30,1,2021,121
2022-01-31,1.12,1.6,10,0.21,-8.7,-3.7,-6.395833333333333,10.7,7.8875,-5.647020689028589,5.330124062447845,74.83333333333333,119.70833333333333,541.0,98.70833333333333,1019.6791666666667,1017.5,-10.129166666666666,-13.3,-10.070833333333333,-13.0,-7.7,313.5230849773854,0.9838598842546098,-5.59,6.970000000000001,8.9,80.1,-4.408080219764721,5.270183209131656,319.78466173522804,0.0,0,10,2.7300000000000004,6.0200000000000005,17.57,56.209999999999994,227.35999999999999,2.0,642.95,1.5166666666666515,-0.16250000000002274,1.1375000000000455,0.6166666666666671,-1.0070833333333333,10.070833333333333,3.7333333333333334,4.600000000000001,-0.7250969679832493,0.6886467795768008,-0.6456621352508147,0.7636232101654314,-4.2258538156230605,3.9887095067318032,0.0,11.0,0.18604651162790697,0.3426294820717132,11.984,5,0.39848819500000005,6.0200000000000005,0.32925,7.806400000000002,58.16461849979491,39.4375,-0.05416666666666714,31,1,2021,122
2022-02-01,9.870000000000001,14.1,20,1.19,-7.3,-1.7,-4.983333333333333,9.3,5.729166666666667,-5.245428730402135,0.06592326901853157,75.16666666666667,106.04166666666667,530.0,99.75,1018.6583333333333,1014.2,-8.716666666666667,-11.6,-7.158333333333334,-9.5,-5.2,268.98999352404695,0.8711673512504713,-5.165,5.36,9.3,76.2,-4.785603143650953,0.18425423008347114,269.6950739174657,0.0,0,11,10.990000000000002,12.600000000000001,27.439999999999998,48.019999999999996,228.54999999999998,1.0,652.8199999999999,-1.0208333333333712,3.4916666666666742,0.13452380952378462,2.9124999999999988,-0.7158333333333334,7.158333333333334,3.7333333333333334,4.3,-0.99984463191599,-0.017627025522713766,-0.9999858383824024,-0.0053219389928676405,-3.942813929018938,0.04955232387892956,0.0,12.0,0.7833333333333333,0.4591836734693878,91.79100000000001,0,3.49125217875,12.600000000000001,0.32125000000000004,52.903200000000005,0.0,0.0,1.4124999999999996,32,2,2021,123
2022-02-02,11.34,16.2,24,1.19,-6.1,-3.2,-4.408333333333333,13.5,6.233333333333333,-4.044542525256546,3.3539819985484876,80.16666666666667,74.79166666666667,332.0,99.91666666666667,1020.3125,1014.5,-7.3125,-8.9,-7.458333333333333,-9.3,-6.5,298.6147938960429,0.7763830550439685,-4.408333333333333,6.233333333333333,13.5,80.16666666666667,-4.044542525256546,3.3539819985484876,298.6147938960429,0.0,0,24,21.21,22.330000000000002,33.39,59.010000000000005,232.04999999999998,0.0,664.16,1.654166666666697,2.1499999999999773,1.3125,-0.29999999999999893,-0.7458333333333333,7.458333333333333,2.904166666666667,2.8000000000000007,-0.8778593468739867,0.47891853911284077,-0.8778593468739867,0.47891853911284077,-3.2423749244139977,2.688775568836371,0.0,0.0,0.5078369905956113,0.6687631027253669,100.0,0,3.766491421874999,22.330000000000002,0.3170833333333334,70.68599999999999,40.81111930589148,0.0,0.5750000000000002,33,2,2021,124
2022-02-03,12.04,17.2,24,0.84,-6.5,-2.1,-3.8874999999999997,7.8,5.2,-3.7618646869297767,2.205345589270444,76.91666666666667,61.916666666666664,255.0,100.0,1018.7416666666667,1016.3,-7.366666666666667,-11.7,-9.195833333333333,-13.2,-5.1,294.9137218539142,0.828247049675449,-3.8874999999999997,5.2,7.8,76.91666666666667,-3.7618646869297767,2.205345589270444,294.9137218539142,0.0,0,24,23.38,33.25,43.89,56.349999999999994,211.11999999999998,0.0,676.2,-1.5708333333333258,-0.9375,0.08988095238100868,-1.7374999999999998,-0.9195833333333333,9.195833333333333,3.4791666666666674,5.199999999999999,-0.9069431537688869,0.42125303064992314,-0.9069431537688869,0.42125303064992314,-2.89350092169682,1.6962783157471832,0.0,0.0,0.3621052631578947,0.7575757575757576,93.91199999999999,0,3.9084285625,33.25,0.2976666666666667,62.608,0.0,0.0,0.5208333333333335,34,2,2021,125
2022-02-04,3.5700000000000003,5.1,14,1.05,-4.3,-1.2,-2.7624999999999997,7.2,4.541666666666667,-3.866606757727706,-0.04076628348868463,67.70833333333333,122.04166666666667,507.0,98.54166666666667,1014.5166666666668,1009.8,-7.970833333333334,-12.0,-7.925,-10.1,-5.6,261.8286150582762,0.8042779083486273,-3.2714285714285714,3.857142857142857,6.1,68.71428571428571,-2.7952090094928037,-0.7671622798836514,245.05765990134577,0.0,0,7,15.61,26.95,42.84,54.53,210.14,0.0,679.77,-4.224999999999909,-4.141666666666538,-3.374404761904657,1.270833333333333,-0.7925,7.925,5.208333333333334,7.7,-0.9898473402042063,-0.14213459498186357,-0.9067326320865682,-0.42170598040502605,-2.6180149922114673,-0.027602171112130213,0.0,1.0,0.13246753246753248,0.6290849673202614,25.704000000000004,1,1.1273663839285717,26.95,0.3070555555555555,13.770000000000001,0.0,4.541666666666667,1.125,35,2,2021,126
2022-02-05,14.56,20.8,24,1.26,-9.5,-3.4,-5.695833333333333,8.7,6.095833333333334,-4.200501200247593,3.6653971702394386,73.5,70.95833333333333,319.0,99.66666666666667,1012.2208333333333,1009.3,-9.695833333333333,-13.3,-10.7125,-11.9,-9.3,310.8913448807663,0.9134443833048577,-5.695833333333333,6.095833333333334,8.7,73.5,-4.200501200247593,3.6653971702394386,310.8913448807663,0.0,0,24,18.130000000000003,30.17,54.11,69.09,224.63,0.0,694.33,-2.295833333333462,-8.091666666666697,-5.249404761904884,-2.7875000000000005,-1.07125,10.7125,4.0,3.8000000000000007,-0.7559523659052003,0.6546266267746297,-0.7559523659052003,0.6546266267746297,-3.0873683821819804,2.6940669201259873,0.0,0.0,0.48259860788863107,0.5575679172056921,100.0,0,5.2779430460069445,30.17,0.29230555555555554,88.75533333333335,0.0,0.0,-2.933333333333333,36,2,2021,127
2022-02-06,14.56,20.8,24,1.12,-11.0,-8.0,-9.858333333333333,7.9,5.754166666666666,-4.6976490042543775,2.604575110084986,76.33333333333333,68.375,301.0,100.0,1018.9291666666667,1015.6,-13.254166666666668,-14.9,-11.225,-14.7,-9.7,299.63847312838544,0.9393829482461789,-9.858333333333333,5.754166666666666,7.9,76.33333333333333,-4.6976490042543775,2.604575110084986,299.63847312838544,0.0,0,24,29.12,32.69,67.06,83.58000000000001,233.38,0.0,708.89,6.708333333333371,0.1875,1.3494047619047933,-0.5124999999999993,-1.1225,11.225,3.3958333333333357,3.9000000000000004,-0.8691630600574928,0.49452560604229095,-0.8691630600574928,0.49452560604229095,-3.5858720732475082,1.988159000698206,0.0,0.0,0.4453961456102784,0.487473903966597,100.0,1,6.708513206597222,32.69,0.3000277777777778,83.78066666666666,346.64734943893956,5.754166666666666,-4.1625,37,2,2021,128
2022-02-07,2.5900000000000003,3.7,18,0.56,-9.7,-6.2,-8.0375,9.6,7.320833333333333,-6.295015898281708,2.9385806569618036,69.91666666666667,97.625,402.0,100.0,1024.9624999999999,1022.4,-12.608333333333334,-14.8,-9.366666666666667,-11.7,-7.6,295.4644059719809,0.9502814691115584,-8.11111111111111,7.283333333333333,9.6,71.72222222222223,-5.95008243597801,3.521027863550943,301.0976804740039,0.0,0,10,17.150000000000002,31.71,68.53,86.1,235.97,0.0,711.48,6.033333333333189,10.445833333333098,6.6279761904760335,1.8583333333333325,-0.9366666666666668,9.366666666666667,4.570833333333335,5.100000000000001,-0.9028525578579815,0.429950298022109,-0.8562879949063111,0.5164986638698394,-4.401265282215294,2.054557642659128,0.0,1.0,0.08167770419426049,0.4627170582226762,24.864,2,1.0659303877314814,31.71,0.2981388888888889,18.863833333333336,348.21865776154476,14.641666666666666,1.8208333333333329,38,2,2021,129
2022-02-08,0.28,0.4,3,0.14,-7.6,1.1,-3.345833333333333,9.1,5.479166666666667,-4.891996671581544,1.6518216283532565,67.33333333333333,153.375,600.0,91.5,1023.0666666666666,1020.0,-8.591666666666667,-13.6,-7.616666666666667,-12.2,-4.5,284.15486349203024,0.9408919340476177,-3.4,8.433333333333332,8.7,79.0,-6.690671634131931,5.065430360902986,307.0061151618099,0.0,1,3,2.87,17.43,58.940000000000005,86.38,233.45,1.0,711.76,-1.8958333333332575,10.845833333333303,4.1023809523809405,1.75,-0.7616666666666667,7.616666666666667,5.245833333333334,6.0,-0.9696382974755545,0.244543599525132,-0.7985712739570785,0.6019002578588654,-3.2939444255315724,1.1122265630911925,0.0,2.0,0.016064257028112452,0.29572446555819476,2.548,3,0.08391191666666667,17.43,0.3511388888888889,2.361333333333333,0.0,16.4375,4.691666666666666,39,2,2021,130
2022-02-09,0.0,0.0,0,0.0,-9.4,2.9,-2.5375,9.5,4.9624999999999995,-1.2902389033794024,0.4076577189975647,70.45833333333333,189.29166666666666,600.0,70.29166666666667,1024.7708333333333,1021.8,-7.408333333333334,-11.4,-5.841666666666666,-8.1,-4.6,124.07206582156584,0.11052212826194738,0.0,0.0,0.0,0.0,0.0,0.0,,0.20833333333333334,1,0,0.28,2.87,47.6,80.99,233.45,2.0,711.76,1.7041666666666515,5.841666666666583,5.169642857142776,1.7750000000000012,-0.5841666666666666,5.841666666666666,4.870833333333334,2.0,0.8283335720318782,-0.5602352126070882,0.8283335720318782,-0.5602352126070882,-0.9090808273394039,0.28722883451036746,1.0,3.0,0.0,0.060294117647058824,0.0,4,0.0,1.435,0.4255,0.0,-0.0,19.849999999999998,0.8083333333333331,40,2,2021,131
2022-02-10,9.24,13.1,18,0.91,-3.4,0.8,-1.2416666666666667,7.2,5.1000000000000005,1.090775918571291,-0.4674569042271521,84.875,56.5,252.0,100.0,1019.6333333333333,1016.6,-3.4916666666666667,-6.4,-6.7250000000000005,-10.5,-3.6,110.42636177153756,0.3003361028922888,-0.9944444444444444,4.9,7.2,86.83333333333333,1.1404935631384827,-0.14184593410299973,97.86876709476687,0.0,1,18,9.24,9.52,44.8,88.69000000000001,224.0,3.0,721.0,-5.137499999999932,-5.329166666666538,-0.09523809523807358,-0.8833333333333346,-0.6725000000000001,6.7250000000000005,2.25,3.0000000000000004,0.9371215123922396,-0.3490032535832316,0.9905842394312833,-0.13690458206483078,0.9257960608873833,-0.3967540474627953,0.0,4.0,0.9705882352941178,0.2125,66.528,5,2.384159020833333,9.52,0.3383611111111111,45.276,0.0,25.500000000000004,1.2958333333333334,41,2,2021,132
2022-02-11,0.0,0.0,0,0.0,-6.9,-0.6,-3.420833333333333,10.2,8.216666666666667,-6.29095181442787,5.092164535865105,81.04166666666667,134.25,559.0,97.5,1023.5333333333333,1020.3,-6.241666666666667,-9.2,-8.183333333333334,-10.6,-5.4,308.7605465289643,0.9846370693889417,0.0,0.0,0.0,0.0,0.0,0.0,,0.0,0,0,9.24,9.24,41.230000000000004,84.07000000000001,203.21,3.0,721.0,3.8999999999999773,0.466666666666697,2.5166666666666515,-1.458333333333333,-0.8183333333333334,8.183333333333334,2.820833333333334,2.299999999999999,-0.7797692551118827,0.626067016206939,-0.7797692551118827,0.626067016206939,-5.0982921996092525,4.126775009274012,1.0,5.0,0.0,0.22410865874363325,0.0,6,0.0,4.62,0.3596388888888889,0.0,-0.0,49.3,-2.1791666666666663,42,2,2021,133
2022-02-12,0.0,0.0,0,0.0,-8.5,1.2,-4.020833333333333,7.6,5.420833333333333,-5.353825536239563,0.6393277169683196,73.25,159.25,600.0,92.375,1024.5625,1023.0,-8.204166666666667,-14.4,-6.308333333333334,-8.6,-3.7,276.1004730130646,0.993433115960544,0.0,0.0,0.0,0.0,0.0,0.0,,0.0,1,0,0.0,9.24,26.67,80.78,176.96,4.0,721.0,1.029166666666697,-0.20833333333325754,1.7827380952381873,1.875,-0.6308333333333334,6.308333333333334,4.1833333333333345,5.9,-0.9943370668218927,0.10627228022412497,-0.9943370668218927,0.10627228022412497,-3.9216772052954796,0.46830755267929414,2.0,6.0,0.0,0.3464566929133858,0.0,6,0.0,3.08,0.377,0.0,-0.0,32.525,-0.6000000000000001,43,2,2021,134
2022-02-13,4.970000000000001,7.1000000000000005,11,0.77,-8.8,2.2,-3.0749999999999997,6.3,3.391666666666667,-2.7258599958295235,1.4966694232963624,72.83333333333333,111.04166666666667,479.0,92.79166666666667,1021.8458333333333,1019.9,-7.449999999999999,-13.4,-5.8125,-10.3,-2.8,296.2888498613396,0.9125006946357728,-0.8363636363636363,3.9818181818181815,5.4,78.27272727272727,-2.8748964154066496,2.4560177880084626,309.8979967387524,0.0,1,11,4.970000000000001,4.970000000000001,17.080000000000002,84.14,164.57,5.0,725.97,-2.716666666666697,2.2124999999999773,-1.3505952380952522,0.49583333333333357,-0.58125,5.8125,4.375,4.6,-0.8965726379991853,0.44289672023078014,-0.7671875786734967,0.6414228083948195,-1.9853346969625028,1.0900742299675172,0.0,7.0,1.0,0.29098360655737704,31.311000000000003,3,1.279403276859504,4.970000000000001,0.3656944444444445,19.789636363636365,0.0,10.175,0.9458333333333333,44,2,2021,135
2022-02-14,0.91,1.3,4,0.42,-4.9,4.4,-0.44999999999999996,6.0,3.8166666666666664,-1.4098527082977308,0.5199550791499651,67.41666666666667,196.625,600.0,56.208333333333336,1018.5166666666668,1015.6,-6.095833333333334,-11.2,-6.254166666666666,-9.2,-3.1,290.7774587417022,0.2741698698182641,-2.475,3.925,4.8,83.75,-3.0466791498220447,2.4268092720362016,307.7448784146557,0.4166666666666667,1,4,5.880000000000001,5.880000000000001,15.400000000000002,83.93,165.27,6.0,726.88,-3.329166666666538,-5.016666666666538,-3.7589285714284415,-0.44166666666666643,-0.6254166666666666,6.254166666666666,5.645833333333334,6.299999999999999,-0.934965309935015,0.3547391565899109,-0.7907442957858197,0.6121465990121876,-0.9504757008440536,0.3505363825269348,0.0,8.0,0.15476190476190474,0.38181818181818183,5.46,4,0.26988200585937505,5.880000000000001,0.4535833333333333,3.5717499999999998,0.0,15.266666666666666,2.625,45,2,2021,136
2022-02-15,14.209999999999999,20.3,15,2.31,-5.9,3.2,-1.2166666666666666,8.6,4.495833333333334,-0.4261574278978855,-3.1923430693390267,78.58333333333333,74.58333333333333,322.0,77.29166666666667,1012.1791666666667,1008.7,-4.541666666666667,-11.3,-5.175,-9.3,-1.8,202.6887732726488,0.6328396881526516,0.9333333333333333,3.0133333333333336,5.2,84.66666666666667,-1.482970253618565,-1.0294970678694526,235.35474007350888,0.125,1,15,15.12,20.09,29.33,88.27,173.88,6.0,741.09,-6.337500000000091,-12.383333333333326,-8.541071428571513,1.0791666666666666,-0.5175,5.175,3.325,5.4,-0.3857252697075265,-0.9226136874711192,-0.8226875522647281,-0.568493791829489,-0.334888712089755,-2.5086495953222516,0.0,0.0,0.7073170731707317,0.684964200477327,100.0,0,3.0996115111111116,20.09,0.38277777777777783,42.81946666666667,0.0,0.0,-0.7666666666666666,46,2,2021,137
2022-02-16,18.48,26.5,24,1.54,-4.2,-0.7,-2.566666666666667,8.6,3.8791666666666664,-2.475191678057945,-1.8322939010076842,78.20833333333333,77.54166666666667,379.0,98.54166666666667,1008.8083333333334,1008.0,-5.916666666666667,-7.7,-9.358333333333333,-12.9,-6.6,217.39973765998158,0.7450592910068237,-2.566666666666667,3.8791666666666664,8.6,78.20833333333333,-2.475191678057945,-1.8322939010076842,217.39973765998158,0.0,0,24,32.69,33.6,47.81,95.41,172.83,5.0,759.5699999999999,-3.3708333333332803,-13.037499999999909,-9.631547619047637,-4.183333333333333,-0.9358333333333333,9.358333333333333,3.35,3.5,-0.6073722023330156,-0.7944174015170755,-0.6073722023330156,-0.7944174015170755,-1.9358061582144845,-1.4330065217464263,0.0,0.0,0.55,0.7027818448023426,100.0,0,5.524279177083334,33.6,0.3123888888888889,71.687,0.0,0.0,-1.3500000000000003,47,2,2021,138
2022-02-17,14.21,20.3,24,1.47,-6.6,-4.4,-5.366666666666667,6.6,3.5124999999999997,-2.998920532129213,0.3873102862317082,76.29166666666667,96.08333333333333,389.0,98.58333333333333,1012.775,1008.5,-8.933333333333334,-11.2,-9.304166666666667,-10.1,-8.2,264.6840454815968,0.7604117968157069,-5.366666666666667,3.5124999999999997,6.6,76.29166666666667,-2.998920532129213,0.3873102862317082,264.6840454815968,0.0,0,24,32.69,46.900000000000006,52.78,97.58000000000001,168.98000000000002,4.0,773.78,3.9666666666665833,-5.741666666666788,-4.685119047619082,0.054166666666665364,-0.9304166666666667,9.304166666666667,3.5666666666666664,4.6,-0.9956989381709728,-0.09264785224276578,-0.9956989381709728,-0.09264785224276578,-2.2879264559702457,0.29548547253760743,0.0,0.0,0.30298507462686564,0.8885941644562335,93.786,1,5.219323748697916,46.900000000000006,0.3183611111111111,49.912625,78.51173953114115,3.5124999999999997,-2.8000000000000003,48,2,2021,139
2022-02-18,8.96,12.7,14,1.4,-8.5,-1.8,-4.516666666666667,8.9,5.891666666666667,-4.729701706714937,3.20339365632543,79.875,108.79166666666667,575.0,96.95833333333333,1025.9541666666667,1019.1,-7.5,-10.0,-7.883333333333333,-11.0,-4.5,302.67914611016073,0.9619780457956543,-4.35,5.95,8.7,78.21428571428571,-4.582424416582148,3.566039326897975,308.44627425627715,0.0,0,13,23.170000000000005,41.650000000000006,61.74,102.97,177.58999999999997,4.0,782.74,13.179166666666674,13.774999999999977,8.148214285714289,1.4208333333333343,-0.7883333333333333,7.883333333333333,2.9833333333333334,1.5,-0.8417073569526089,0.5399340008295953,-0.783191539154555,0.6217805183476878,-3.777849238238556,2.5587106829899375,0.0,1.0,0.21512605042016805,0.6746031746031746,79.74400000000001,2,2.9753290000000003,41.650000000000006,0.3387777777777778,53.312000000000005,513.3365485500809,11.783333333333333,0.8500000000000005,49,2,2021,140
2022-02-19,5.88,8.3,9,1.19,-8.5,3.4,-0.8833333333333333,7.5,4.1,-1.4687072305862063,-2.337446650436782,65.04166666666667,137.83333333333334,585.0,98.0,1020.2208333333333,1012.7,-7.033333333333334,-13.4,-2.8625000000000003,-4.6,-1.0,220.9754249383971,0.6867705659036596,0.01111111111111114,3.677777777777778,4.7,81.22222222222223,-3.241883825332776,-0.6872810692068686,257.80591136914944,0.0,1,9,14.840000000000003,29.049999999999997,67.62,94.28999999999999,168.77,4.0,788.62,-5.7333333333333485,11.412499999999909,3.0351190476189913,5.020833333333332,-0.28625,2.8625000000000003,6.15,4.9,-0.6557352618360474,-0.7549909048358202,-0.9774376920665119,-0.21122395254253404,-0.9552716612271118,-1.520314258888257,0.0,2.0,0.2024096385542169,0.4296066252587991,44.1,3,1.4008625879629628,29.049999999999997,0.38425000000000004,21.625333333333334,0.0,12.299999999999999,3.6333333333333333,50,2,2021,141
2022-02-20,21.07,30.1,24,2.59,-8.6,0.4,-2.8874999999999997,10.2,7.0625,-3.2882066779754093,5.106993014819345,83.70833333333333,88.75,360.0,99.95833333333333,1009.5041666666666,1006.5,-5.283333333333333,-10.7,-9.004166666666666,-12.8,-3.4,319.24635132810135,0.8312435606487838,-2.8874999999999997,7.0625,10.2,83.70833333333333,-3.2882066779754093,5.106993014819345,319.24635132810135,0.0,1,24,26.950000000000003,35.91,83.72,100.8,184.45000000000002,4.0,809.6899999999999,-10.716666666666697,-3.2708333333333712,-5.918452380952431,-6.141666666666666,-0.9004166666666666,9.004166666666666,2.3958333333333335,2.0999999999999996,-0.6528079938909117,0.7575234142335955,-0.6528079938909117,0.7575234142335955,-2.752503006688582,4.274978736155027,0.0,0.0,0.5867446393762183,0.4289297658862876,100.0,0,6.189194187011719,35.91,0.34708333333333335,148.806875,0.0,0.0,-2.0041666666666664,51,2,2021,142
2022-02-21,15.26,22.1,24,0.91,-11.3,-8.7,-9.799999999999999,9.7,7.341666666666666,-2.674594790854266,6.771429710344006,82.95833333333333,74.75,275.0,100.0,1019.3958333333334,1015.8,-12.154166666666667,-14.0,-10.566666666666666,-11.3,-9.9,338.532351294646,0.9915024249192163,-9.799999999999999,7.341666666666666,9.7,82.95833333333333,-2.674594790854266,6.771429710344006,338.532351294646,0.0,0,24,36.330000000000005,42.209999999999994,98.07000000000001,113.47,199.71,3.0,824.95,9.891666666666765,-6.55833333333328,3.847619047619105,-1.5625,-1.0566666666666666,10.566666666666666,2.354166666666668,2.6999999999999993,-0.36597582050885624,0.9306243596655256,-0.36597582050885624,0.9306243596655256,-2.218799261912851,5.617465230539548,0.0,0.0,0.361525704809287,0.4304068522483939,100.0,1,6.860490656249998,42.209999999999994,0.3263611111111111,112.03383333333332,298.95506157673094,7.341666666666666,-6.9125,52,2,2021,143
2022-02-22,14.35,20.5,24,1.26,-11.8,-6.4,-9.095833333333333,9.3,6.3999999999999995,-3.8252495938001574,4.3790159658133145,83.45833333333333,89.125,434.0,100.0,1022.2624999999999,1019.0,-11.383333333333333,-13.8,-10.495833333333334,-13.3,-7.7,315.08575870521,0.9180379506432668,-9.095833333333333,6.3999999999999995,9.3,83.45833333333333,-3.8252495938001574,4.3790159658133145,315.08575870521,0.0,0,24,29.610000000000003,50.67999999999999,98.21,127.54,213.98999999999998,2.0,839.3,2.8666666666665606,2.0416666666666288,5.273809523809405,0.07083333333333286,-1.0495833333333333,10.495833333333334,2.2874999999999996,2.0,-0.7060476120399677,0.7081643661839102,-0.7060476120399677,0.7081643661839102,-3.1924895568257146,3.654653741468362,0.0,0.0,0.28314917127071826,0.5160370634354954,100.0,2,6.302579791666665,50.67999999999999,0.3376111111111111,91.83999999999999,129.39544292627522,12.799999999999999,0.7041666666666657,53,2,2021,144
2022-02-23,9.8,14.0,22,0.91,-11.4,-6.9,-9.5875,8.6,7.058333333333334,-4.947231244902636,4.073050211132307,78.0,102.66666666666667,466.0,100.0,1025.9791666666667,1024.4,-12.720833333333333,-14.8,-12.729166666666666,-15.8,-8.6,308.08773972369653,0.9170370585490046,-9.55909090909091,7.045454545454546,8.6,78.81818181818181,-4.74243408534833,4.443327503053426,311.5427409847999,0.0,0,22,24.150000000000006,39.41,89.53,137.34,223.72,2.0,849.1,3.7166666666668107,16.475000000000136,6.537500000000136,-2.2333333333333325,-1.2729166666666667,12.729166666666666,3.133333333333333,3.4000000000000004,-0.7870670386311598,0.6168674709371345,-0.7484612171676349,0.6631785629797924,-3.858840371024056,3.1769791646831993,0.0,1.0,0.24866785079928955,0.44018764659890536,84.28,3,4.369956547004133,39.41,0.3284444444444445,69.04545454545456,200.93693219621656,21.175,-0.49166666666666714,54,2,2021,145
2022-02-24,1.12,1.6,10,0.14,-9.5,-4.1,-6.7,10.4,6.5625,-5.907728009416011,2.470771867281052,70.20833333333333,157.20833333333334,600.0,98.625,1024.5291666666667,1023.0,-11.258333333333333,-14.7,-11.120833333333332,-13.8,-8.3,291.7626941564606,0.9760456414577097,-7.959999999999999,5.14,7.0,63.8,-4.785214915395768,1.5858299061707768,289.356319610097,0.0,0,10,10.920000000000005,25.27,76.44,129.22,224.84,2.0,850.22,-1.4500000000000455,5.133333333333326,3.408333333333303,1.6083333333333343,-1.112083333333333,11.120833333333332,4.558333333333333,5.199999999999999,-0.928727431287981,0.37076321065233603,-0.9434756123814225,0.33144195395498693,-4.147717373277491,1.7346877484869052,0.0,2.0,0.044321329639889204,0.3305860805860806,11.648000000000001,4,0.47056996000000006,25.27,0.3388333333333333,5.7568,0.0,26.25,2.8875,55,2,2021,146
2022-02-25,0.56,0.8,7,0.14,-10.4,-0.3,-3.8208333333333333,6.8,4.595833333333333,-4.409009375399299,0.37296388962249366,77.04166666666667,151.33333333333334,600.0,99.16666666666667,1022.9708333333333,1021.8,-7.3125,-13.0,-7.795833333333333,-9.8,-5.1,271.8673027328515,0.9594939184393523,-3.685714285714286,4.228571428571429,6.6,75.0,-3.806472225644925,0.1900811370634825,264.8332026494845,0.0,0,5,1.6800000000000037,11.479999999999997,68.03999999999999,129.78,220.01000000000002,2.0,850.78,-1.558333333333394,0.7083333333333712,2.27619047619055,3.3249999999999984,-0.7795833333333333,7.795833333333333,3.4916666666666667,2.5999999999999996,-0.9994689740256697,0.03258481180051688,-0.9959367525737898,-0.09005545443099965,-3.39677430629721,0.2873375966299962,0.0,3.0,0.048780487804878064,0.16872427983539093,3.8080000000000003,5,0.18147257142857148,11.479999999999997,0.3576944444444445,2.3680000000000003,0.0,22.979166666666664,2.879166666666667,56,2,2021,147
2022-02-26,0.0,0.0,0,0.0,-6.7,4.7,-1.5208333333333333,6.5,4.45,-4.133683118639531,-1.0905657626808483,72.70833333333333,224.41666666666666,600.0,77.66666666666667,1019.1541666666667,1014.2,-6.054166666666667,-8.6,-4.3999999999999995,-7.5,-1.7,254.03371704933278,0.9556850196147537,0.0,0.0,0.0,0.0,0.0,0.0,,0.16666666666666666,1,0,0.5600000000000036,1.6799999999999966,62.16,129.78,218.47,2.0,850.78,-3.816666666666606,-6.8250000000000455,-1.388095238095275,3.395833333333334,-0.43999999999999995,4.3999999999999995,4.533333333333334,1.8999999999999995,-0.9614237347723511,-0.2750716310643174,-0.9614237347723511,-0.2750716310643174,-3.0055321008441584,-0.7929321899492001,1.0,4.0,0.0,0.027027027027026973,0.0,6,0.0,0.8399999999999983,0.4964166666666667,0.0,-0.0,26.700000000000003,2.3,57,2,2021,148
2022-02-27,10.43,14.9,15,2.73,-4.3,0.9,-1.5374999999999999,9.4,5.2875,-3.8750945574476128,0.9153802089837054,81.375,73.33333333333333,320.0,98.0,1014.4125,1009.7,-4.341666666666667,-8.7,-7.300000000000001,-10.0,-3.3,268.6349076741026,0.7795008642861171,-0.6533333333333334,6.0,9.4,83.6,-4.132359309551963,2.471324937409228,284.2625367330272,0.0,1,14,10.430000000000003,10.989999999999997,51.52,135.24,224.28000000000003,2.0,861.21,-4.741666666666674,-10.116666666666674,-6.83095238095234,-2.9000000000000012,-0.7300000000000001,7.300000000000001,2.804166666666667,4.3999999999999995,-0.9997161896390823,-0.02382310167703618,-0.9691770263756879,0.24636536190296532,-3.1533581961229946,0.7448906450604903,0.0,0.0,0.9490445859872614,0.21331521739130427,98.042,6,2.5695174166666663,10.989999999999997,0.34013888888888894,62.58,0.0,31.724999999999998,-0.016666666666666607,58,2,2021,149
2022-02-28,0.56,0.8,6,0.14,-3.0,4.9,0.9583333333333334,6.1,3.9291666666666667,-3.68995448787407,-0.21350721534517367,74.79166666666667,147.54166666666666,560.0,97.91666666666667,1020.775,1019.0,-3.033333333333333,-6.3,-3.8208333333333333,-5.7,-0.5,266.1192455086726,0.9371593339791748,-0.2833333333333334,4.366666666666666,5.2,75.33333333333333,-4.033263499972854,-0.008472323834670373,267.6257860942486,0.0,1,5,10.990000000000004,10.989999999999997,36.82,134.89,221.54999999999998,3.0,861.77,6.3624999999999545,-2.1958333333333258,-0.6654761904762836,3.4791666666666674,-0.38208333333333333,3.8208333333333333,3.9916666666666667,3.3,-0.9977070687178415,-0.06768016718693982,-0.9991415751455539,-0.041425992029900986,-2.7597784607224822,-0.1596856048102445,0.0,1.0,0.05095541401273888,0.29847908745247137,3.416,6,0.13610848611111112,10.989999999999997,0.4565555555555556,2.445333333333333,76.9849170557313,23.575,2.495833333333333,59,2,2021,150
2022-03-01,8.54,12.2,13,1.33,-4.7,4.9,0.5416666666666666,5.9,3.8874999999999997,-3.3455951894943463,-1.1764057654436104,73.83333333333333,92.25,432.0,82.70833333333333,1013.4291666666667,1009.7,-3.6916666666666664,-10.3,-1.3499999999999999,-5.3,1.7,250.47686931414643,0.9059601845860834,3.023076923076923,4.007692307692308,5.9,80.38461538461539,-3.317589328348259,-1.317390481107674,248.1752436314869,0.041666666666666664,0,13,9.100000000000003,19.529999999999994,31.009999999999998,129.22,228.48000000000002,3.0,870.31,-7.345833333333303,-5.725000000000023,-6.749404761904771,2.470833333333333,-0.13499999999999998,1.3499999999999999,4.233333333333333,5.6000000000000005,-0.9425066542394304,-0.3341873826379369,-0.9283252795479975,-0.3717689811591767,-2.4701644482433256,-0.8685795901525323,0.0,2.0,0.4372759856630825,0.6297968397291195,50.385999999999996,2,1.4149511948964502,19.529999999999994,0.41650000000000004,34.225692307692306,0.0,7.7749999999999995,-0.41666666666666674,60,3,2021,151
2022-03-02,2.87,4.1,8,0.91,-2.4,4.3,2.1416666666666666,6.5,4.754166666666666,-4.1450933466855995,1.7261169279849107,78.29166666666667,160.875,600.0,90.0,1012.0333333333333,1010.5,-1.3083333333333333,-5.0,-5.245833333333334,-8.2,-1.8,291.0190875874313,0.9314807963547863,2.3375,5.0,6.2,82.75,-3.7892663908680393,3.0097063003604094,309.46779793449434,0.0,0,6,11.410000000000004,11.969999999999995,24.08,113.61,230.23000000000002,3.0,873.18,-1.3958333333333712,-2.3791666666667197,-6.152976190476238,-3.895833333333334,-0.5245833333333334,5.245833333333334,3.45,2.6,-0.9334609875480159,0.35867894380055665,-0.7719819578566967,0.6356444420772838,-3.2452626660092676,1.351405711534853,0.0,3.0,0.23976608187134513,0.4970930232558138,18.655,3,0.5154228515625002,11.969999999999995,0.4637777777777778,14.350000000000001,0.0,14.2625,1.6,61,3,2021,152
2022-03-03,4.48,6.4,15,0.56,-2.8,3.6,0.09583333333333333,8.8,5.3125,-3.8733537856200733,1.8112881541781116,80.54166666666667,112.875,446.0,98.875,1012.9125,1010.6,-2.858333333333333,-5.6,-7.945833333333333,-14.1,-2.2,282.634911132929,0.7249910965277976,1.3333333333333333,6.053333333333333,8.8,80.0,-3.902280402633442,2.494615931669969,286.61025031613485,0.0,1,15,7.350000000000004,15.889999999999997,27.439999999999998,103.88000000000001,224.84,4.0,877.66,0.8791666666667197,-7.8624999999999545,-3.614285714285643,-2.6999999999999993,-0.7945833333333333,7.945833333333333,2.954166666666666,2.8,-0.9757836630077532,0.21873784082131653,-0.9582714489760129,0.28585980843310704,-3.1196636948348346,1.4588416675109541,0.0,4.0,0.2819383259911895,0.5790816326530611,39.42400000000001,4,0.8972195555555557,15.889999999999997,0.4237222222222223,27.118933333333334,9.606113591149903,21.25,-2.0458333333333334,62,3,2021,153
2022-03-04,0.0,0.0,0,0.0,-7.7,5.6,-0.6166666666666667,6.2,3.7458333333333336,-2.7943214212344434,-0.5606556645463207,59.541666666666664,233.20833333333334,600.0,57.25,1016.9541666666668,1013.6,-8.029166666666667,-11.5,-4.691666666666666,-7.5,-0.1,257.1114529136249,0.7516593025061838,0.0,0.0,0.0,0.0,0.0,0.0,,0.2916666666666667,1,0,4.480000000000004,7.349999999999997,26.88,94.92,213.5,5.0,877.66,4.0416666666667425,3.525000000000091,1.2869047619047933,3.2541666666666664,-0.4691666666666666,4.691666666666666,7.4125,3.8,-0.9748058004174165,-0.22305526551184585,-0.9748058004174165,-0.22305526551184585,-1.6637855462266748,-0.33382372693195506,1.0,5.0,0.0,0.2734374999999999,0.0,5,0.0,3.6749999999999985,0.4783888888888888,0.0,-0.0,18.729166666666668,-0.7125,63,3,2021,154
2022-03-05,13.16,18.8,11,2.52,-5.2,6.7,0.7083333333333334,7.1,4.091666666666667,-0.7013075304427558,-1.967305464401224,72.375,161.16666666666666,600.0,70.16666666666667,1006.6041666666666,1001.9,-3.891666666666667,-10.4,-4.495833333333333,-8.8,1.6,204.79304067672638,0.5534249043585603,1.5363636363636362,3.6090909090909093,6.9,84.0,-1.817775285574111,0.9536885321417162,276.5195685108785,0.2916666666666667,1,11,13.160000000000004,17.639999999999997,40.04,102.2,214.62,5.0,890.8199999999999,-10.350000000000136,-5.429166666666674,-7.270238095238142,0.19583333333333375,-0.4495833333333333,4.495833333333333,4.6000000000000005,5.2,-0.41934181788125774,-0.9078284197886967,-0.9935331348758534,0.11354254666757939,-0.5075713251579446,-1.423837329860386,0.0,0.0,0.7460317460317462,0.4405594405594405,93.43599999999999,0,2.6589158026859514,17.639999999999997,0.4975833333333333,47.495636363636365,0.0,0.0,1.3250000000000002,64,3,2021,155
2022-03-06,18.27,26.2,24,1.4,-4.9,-2.8,-3.975,10.6,7.2875000000000005,-3.049408343967979,6.494474932695696,82.16666666666667,76.41666666666667,336.0,99.95833333333333,1010.4458333333333,1007.8,-6.583333333333333,-7.9,-8.533333333333333,-11.8,-7.2,335.0883974817679,0.9833540462969884,-3.975,7.2875000000000005,10.6,82.16666666666667,-3.049408343967979,6.494474932695696,335.0883974817679,0.0,0,24,31.430000000000003,31.429999999999996,47.879999999999995,99.39999999999999,229.32000000000002,4.0,909.09,3.841666666666697,-2.466666666666697,-2.861904761904839,-4.0375000000000005,-0.8533333333333333,8.533333333333333,2.608333333333333,3.0,-0.4212194830917098,0.9069587350392259,-0.4212194830917098,0.9069587350392259,-2.5055971892936895,5.336293569698297,0.0,0.0,0.581291759465479,0.6564327485380117,100.0,0,5.801622442382813,31.429999999999996,0.32483333333333336,133.142625,57.40257090157769,0.0,-4.683333333333334,65,3,2021,156
2022-03-07,3.43,4.9,8,0.91,-5.9,0.7,-3.3000000000000003,10.7,6.754166666666666,-5.265622984789954,3.854588142747479,74.5,193.625,600.0,100.0,1018.5708333333333,1016.3,-7.229166666666667,-10.8,-8.904166666666667,-12.7,-4.9,305.54591793838466,0.9654832305305836,-5.175,8.125,10.7,82.0,-5.005132042197509,6.253176897269091,322.88495476015066,0.0,1,8,21.700000000000003,34.86,50.75,87.57000000000001,218.19,4.0,912.52,8.125,1.6166666666665606,5.577976190476193,-0.37083333333333357,-0.8904166666666666,8.904166666666667,3.9291666666666667,4.9,-0.8136498704597195,0.5813552169722755,-0.6034174036904376,0.7974255055636805,-3.922889123668516,2.8716681663468715,0.0,1.0,0.09839357429718876,0.6868965517241379,36.701,1,1.1690974121093751,34.86,0.3929722222222222,27.868750000000002,239.9335172728431,6.754166666666666,0.6749999999999998,66,3,2021,157
2022-03-08,0.0,0.0,0,0.0,-7.7,2.7,-2.533333333333333,7.1,2.9416666666666664,-1.4416710528984655,1.9772610009877853,66.79166666666667,229.125,600.0,40.083333333333336,1018.5500000000001,1015.9,-8.15,-13.9,-7.166666666666667,-10.1,-3.3,321.19789179037133,0.7451598093225675,0.0,0.0,0.0,0.0,0.0,0.0,,0.4166666666666667,1,0,3.4300000000000037,21.699999999999996,42.21,73.22,203.63,5.0,912.52,-0.020833333333257542,11.94583333333344,4.825595238095275,1.7374999999999998,-0.7166666666666667,7.166666666666667,5.616666666666667,6.2,-0.6266324868360535,0.7793149083917639,-0.6266324868360535,0.7793149083917639,-0.9629161240817669,1.3206455769097585,1.0,2.0,0.0,0.5140961857379767,0.0,2,0.0,10.849999999999998,0.4353888888888889,0.0,-0.0,5.883333333333333,0.766666666666667,67,3,2021,158
2022-03-09,0.0,0.0,0,0.0,-8.5,4.4,-1.8625,5.9,3.1875,-1.8569791583025,2.1290400022116454,66.20833333333333,247.25,600.0,3.2916666666666665,1020.65,1019.0,-7.625,-14.8,-5.0874999999999995,-6.9,-2.8,307.6550142902137,0.8587954838003888,0.0,0.0,0.0,0.0,0.0,0.0,,1.0,1,0,0.0,3.4299999999999966,39.34,63.42,201.04,6.0,912.52,2.099999999999909,10.204166666666652,5.694642857142867,2.0791666666666675,-0.5087499999999999,5.0874999999999995,5.7625,6.300000000000001,-0.7917034287323983,0.6109056235895725,-0.7917034287323983,0.6109056235895725,-1.2294749510594467,1.4096019014642933,2.0,3.0,0.0,0.08718861209964403,0.0,3,0.0,1.1433333333333322,0.4833055555555556,0.0,-0.0,9.5625,0.6708333333333332,68,3,2021,159
2022-03-10,0.0,0.0,0,0.0,-6.8,7.4,1.225,4.5,2.6333333333333333,-2.3236657584285454,0.25314908953443105,51.458333333333336,240.125,600.0,31.333333333333332,1022.2458333333334,1020.2,-8.591666666666667,-11.7,-2.066666666666667,-3.3,1.1,283.3363799735032,0.8560606445091183,0.0,0.0,0.0,0.0,0.0,0.0,,0.625,1,0,0.0,0.0,34.86,62.300000000000004,200.76,6.0,912.52,1.5958333333334167,3.675000000000068,5.957142857142912,3.0208333333333326,-0.2066666666666667,2.066666666666667,9.816666666666666,4.8999999999999995,-0.9730326064584743,0.23066761100906177,-0.9730326064584743,0.23066761100906177,-1.195719671524689,0.130266302322926,3.0,4.0,,0.0,0.0,4,0.0,0.0,0.49605555555555564,0.0,-0.0,10.533333333333333,3.0875000000000004,69,3,2021,160
2022-03-11,0.0,0.0,0,0.0,0.1,10.8,4.270833333333333,6.2,3.5666666666666664,-2.7298606619048917,-1.1247707993868057,45.916666666666664,252.125,600.0,41.333333333333336,1018.5708333333333,1015.1,-7.220833333333334,-14.1,0.17500000000000002,-1.6,2.1,241.72222813742948,0.7828549512587439,0.0,0.0,0.0,0.0,0.0,0.0,,0.375,0,0,0.0,0.0,34.86,61.74,200.76,5.0,912.52,-3.675000000000068,0.020833333333257542,2.051190476190527,2.2416666666666667,0.0175,0.0,11.491666666666667,14.2,-0.8806612117495397,-0.47374658850469026,-0.8806612117495397,-0.47374658850469026,-1.2534610205913295,-0.5164572587184416,4.0,5.0,,0.0,0.0,5,0.0,0.0,0.561138888888889,0.0,-0.0,17.833333333333332,3.045833333333333,70,3,2021,161
2022-03-12,0.0,0.0,0,0.0,-2.6,9.1,3.8333333333333335,5.4,4.054166666666666,-3.663830441325498,1.3529651426972016,67.375,255.75,600.0,17.875,1017.8166666666666,1016.2,-1.804166666666667,-5.9,2.15,0.2,4.8,289.58578775509017,0.9630528609086803,0.0,0.0,0.0,0.0,0.0,0.0,,0.7083333333333334,1,0,0.0,0.0,21.7,61.74,191.51999999999998,5.0,912.52,-0.7541666666667197,-2.8333333333333712,-0.3047619047619037,1.9749999999999999,0.215,0.0,5.6375,3.3000000000000003,-0.9421406327232938,0.33521788164080923,-0.9421406327232938,0.33521788164080923,-2.468505759843054,0.9115602648922396,5.0,6.0,,0.0,0.0,6,0.0,0.0,0.5973055555555556,0.0,-0.0,24.324999999999996,-0.43749999999999956,71,3,2021,162
2022-03-13,0.0,0.1,0,0.0,7.7,12.0,9.299999999999999,5.8,3.3333333333333335,-0.31065149930345926,-2.929277545636841,64.54166666666667,173.66666666666666,600.0,99.16666666666667,1015.4166666666666,1012.8,2.6625,-3.7,4.516666666666667,3.0,6.0,192.82934796497474,0.8607522658793321,0.0,0.0,0.0,0.0,0.0,0.0,,0.0,0,0,0.0,0.0,3.43,51.31,191.51999999999998,5.0,912.52,-2.3999999999999773,-6.829166666666765,-3.4148809523809405,2.3666666666666667,0.45166666666666666,0.0,6.637499999999999,11.4,-0.22204795818820375,-0.9750357451214031,-0.22204795818820375,-0.9750357451214031,-0.20049965517544102,-1.8906045492464445,6.0,7.0,,0.0,0.0,6,0.0,0.0,0.5975833333333334,0.0,-0.0,20.0,5.466666666666665,72,3,2021,163
2022-03-14,0.7,20.4,2,0.49,5.6,14.1,9.354166666666666,6.9,3.5041666666666664,-0.8620864378169819,-1.6664546577352917,79.875,210.75,600.0,86.04166666666667,1011.1999999999999,1009.2,5.795833333333333,3.4,4.370833333333333,1.9,8.0,234.54320589400882,0.4587860948064458,6.65,1.8,3.1,96.5,-0.7322470170918527,-1.2702729657740257,258.0,0.08333333333333333,0,2,0.7000000000000035,0.6999999999999964,0.7,51.449999999999996,192.22,4.0,913.22,-4.216666666666697,-7.370833333333394,-6.578571428571422,-0.14583333333333393,0.43708333333333327,0.0,3.5583333333333327,2.1999999999999997,-0.8145531862940654,-0.5800888782748603,-0.9781476007338056,-0.2079116908177598,-0.6885915422063142,-1.3310806578660643,0.0,8.0,1.000000000000005,0.9999999999999949,4.83,0,0.057305937499999994,0.6999999999999964,0.7200833333333333,1.26,0.0,0.0,0.05416666666666714,73,3,2021,164
2022-03-15,1.05,14.2,1,1.05,-0.1,9.0,5.683333333333334,7.4,5.154166666666667,-3.0335433875651314,0.1621821681566546,81.79166666666667,159.75,587.0,69.83333333333333,1010.0083333333333,1004.9,2.7916666666666665,-2.4,-0.6083333333333333,-4.5,4.1,270.6360752415703,0.579311757320435,6.5,5.1,5.1,88.0,0.7097828148963331,-5.050367150582009,172.0,0.25,1,1,1.7500000000000036,1.7499999999999964,1.75,43.96,188.29999999999998,4.0,914.27,-1.191666666666606,-7.80833333333328,-6.5499999999999545,-4.979166666666666,-0.06083333333333333,0.6083333333333333,2.891666666666667,2.3,-0.999938377791062,0.011101379219696478,0.13917310096006533,-0.9902680687415704,-2.4811856957459804,0.13265149837146376,0.0,9.0,0.6000000000000012,0.999999999999998,7.7700000000000005,0,0.08601796875000002,1.7499999999999964,0.579138888888889,5.3549999999999995,0.0,0.0,-3.6708333333333325,74,3,2021,165
2022-03-16,0.0,0.1,0,0.0,1.1,13.1,7.129166666666666,5.6,3.4125,-2.491256155801549,0.47680484557810826,61.125,257.4583333333333,600.0,49.583333333333336,1013.6166666666667,1010.7,-0.9625,-8.6,1.3833333333333335,-1.4,6.2,280.9836504108241,0.7272636381403413,0.0,0.0,0.0,0.0,0.0,0.0,,0.4583333333333333,0,0,1.0500000000000036,1.7499999999999964,1.75,41.09,187.39,3.0,914.27,3.6083333333333485,-1.7999999999999545,-1.9369047619047706,1.9916666666666667,0.13833333333333336,0.0,8.091666666666667,9.7,-0.9816815916225149,0.19052887620905612,-0.9816815916225149,0.19052887620905612,-1.5227803252336969,0.29144696185961866,1.0,10.0,0.0,0.999999999999998,0.0,1,0.0,0.8749999999999982,0.6665,0.0,-0.0,3.4125,1.4458333333333329,75,3,2021,166
2022-03-17,0.14,0.2,2,0.07,1.8,8.9,4.954166666666667,7.9,4.466666666666667,-3.0251128786980352,2.87585529821699,80.375,186.79166666666666,600.0,95.625,1019.475,1017.7,1.7833333333333332,-0.7,0.016666666666666677,-1.2,1.1,318.7094557747261,0.8635721217912503,6.449999999999999,4.85,5.6,72.5,-3.760346485626918,3.0619113315399096,309.0,0.0,0,2,0.14000000000000357,1.1899999999999964,1.8900000000000001,36.74999999999999,173.32,2.0,914.41,5.8583333333333485,8.275000000000091,4.3172619047618355,-1.366666666666667,0.0016666666666666676,0.0,3.1708333333333334,2.5,-0.65987767454624,0.7513730462529559,-0.7771459614569708,0.6293203910498375,-2.431434476253546,2.3114686959419055,0.0,11.0,0.11764705882352978,0.6296296296296277,1.106,2,0.011671734374999986,1.1899999999999964,0.5902222222222222,0.679,0.0,8.933333333333334,-2.175,76,3,2021,167
2022-03-18,27.72,39.8,23,4.2,2.8,5.0,3.9458333333333333,8.9,4.783333333333333,2.8806266875249005,-3.2586944004885616,95.25,80.125,345.0,100.0,1012.8375,999.7,3.2375000000000003,2.4,0.4875,-1.6,1.6,138.2937445726606,0.8765527764152808,3.9,4.9739130434782615,8.9,95.78260869565217,2.9884800217651133,-3.4003767657271946,140.39250840238353,0.0,0,23,27.860000000000003,27.859999999999996,29.61,64.47,182.56,2.0,942.13,-6.6375000000000455,2.8291666666666515,-1.5011904761904589,0.4708333333333333,0.04875,0.0,0.708333333333333,0.3999999999999999,0.6653118670060161,-0.7465655494469117,0.6375247312520179,-0.7704298910621539,2.7437969198674677,-3.103906416465355,0.0,0.0,0.9949748743718594,0.9408983451536642,100.0,0,3.9644722173913065,27.859999999999996,0.4820277777777778,137.8768695652174,0.0,0.0,-1.0083333333333333,77,3,2021,168
2022-03-19,2.66,4.6,14,0.42,1.3,7.5,4.1,9.9,6.304166666666667,-3.7134349918249803,4.772418185728028,85.625,159.83333333333334,600.0,99.70833333333333,1000.0958333333333,995.7,1.8583333333333334,-0.8,-3.0749999999999997,-5.6,-0.2,319.2566994279388,0.9335437647428423,3.1928571428571426,6.207142857142856,9.2,88.64285714285714,-3.407028897406022,4.729606702293604,320.08323388115025,0.0,0,8,30.380000000000003,30.519999999999996,32.269999999999996,53.97,171.01,1.0,944.79,-12.741666666666674,-13.520833333333371,-11.711309523809632,-3.5624999999999996,-0.3075,3.0749999999999997,2.2416666666666663,2.1,-0.6526711681425279,0.7576413044940646,-0.6416740950201925,0.7669774154302179,-3.1796287117501394,4.086383071529624,0.0,1.0,0.08715596330275231,0.9457700650759219,26.334000000000003,1,0.4175522700892857,30.519999999999996,0.5586388888888889,16.511,0.0,6.304166666666667,0.15416666666666634,78,3,2021,169
2022-03-20,4.13,5.9,24,0.35,-2.5,1.1,-0.7541666666666668,9.2,7.708333333333333,-6.110531154653678,4.3309422328466605,79.25,103.95833333333333,367.0,100.0,1015.9041666666667,1007.7,-3.8874999999999997,-5.8,-5.870833333333334,-9.1,-3.7,304.86100868337775,0.9708295749412645,-0.7541666666666668,7.708333333333333,9.2,79.25,-6.110531154653678,4.3309422328466605,304.86100868337775,0.0,1,24,6.790000000000004,34.51,36.4,39.830000000000005,166.18,2.0,948.92,15.808333333333394,-3.5708333333333258,4.027380952381009,-2.795833333333334,-0.5870833333333334,5.870833333333334,3.133333333333333,3.3,-0.8205410465623821,0.5715876056269159,-0.8205410465623821,0.5715876056269159,-4.84259594006304,3.432271719530979,0.0,2.0,0.11967545638945233,0.948076923076923,37.995999999999995,2,1.0033791531032985,34.51,0.35791666666666666,31.835416666666664,241.49328334120983,15.416666666666666,-4.854166666666666,79,3,2021,170
2022-03-21,1.05,1.5,14,0.14,-3.2,0.9,-1.125,7.6,6.145833333333333,-5.677379210921033,2.0367979885595413,79.125,128.33333333333334,438.0,100.0,1023.5916666666667,1021.5,-4.3,-6.2,-4.383333333333334,-5.7,-2.7,289.27542235843623,0.9812168094578148,-1.2785714285714287,6.714285714285714,7.6,79.92857142857143,-6.155341435379561,2.3608774593917485,291.11187723984114,0.0,1,8,5.180000000000003,7.839999999999996,36.75,37.449999999999996,161.35,3.0,949.97,7.6875,10.75416666666672,9.944642857142867,1.4874999999999998,-0.43833333333333335,4.383333333333334,3.175,3.0,-0.9439426424533532,0.3301095087363902,-0.9328788885433812,0.3601901987978932,-4.492226300641267,1.611616408447737,0.0,3.0,0.1339285714285715,0.21333333333333324,7.9799999999999995,3,0.2712143973214285,7.839999999999996,0.36930555555555555,7.050000000000001,151.4213993103372,18.4375,-0.37083333333333324,80,3,2021,171
2022-03-22,5.39,7.8,12,0.98,-6.5,3.4,0.25416666666666665,8.5,3.529166666666667,-2.1949295750864626,1.353408413508043,64.5,92.83333333333333,414.0,65.875,1020.2333333333332,1018.5,-5.8,-15.6,-5.966666666666666,-9.3,-2.7,302.5104152205821,0.688373082160946,2.0083333333333333,2.183333333333333,4.6,72.91666666666667,-1.0775997083386886,0.4291835893668732,307.91326155492925,0.3333333333333333,0,12,6.440000000000003,10.569999999999997,41.089999999999996,42.839999999999996,145.67,2.0,955.36,-3.358333333333462,20.137499999999932,5.125595238095116,-1.5833333333333321,-0.5966666666666666,5.966666666666666,6.054166666666666,9.1,-0.8432937616144431,0.5374529110742287,-0.7889418825998523,0.6144678233071288,-1.4157295759307684,0.8729484267126878,0.0,4.0,0.5099337748344372,0.25724020442930146,45.815,4,1.0474873129340279,10.569999999999997,0.3524444444444444,11.768166666666664,0.0,14.116666666666667,1.3791666666666667,81,3,2021,172
2022-03-23,0.42000000000000004,0.6000000000000001,4,0.14,-8.1,5.5,0.8708333333333332,7.8,4.516666666666667,1.2074475648903502,-3.475814078216327,52.791666666666664,196.70833333333334,600.0,87.79166666666667,1017.9458333333333,1014.3,-8.208333333333334,-20.0,-2.1333333333333333,-3.9,0.1,166.59878571079147,0.6904172341325465,1.025,3.45,4.2,71.5,0.7150157131832778,-3.3110295272624795,169.00339326546904,0.125,1,4,5.810000000000003,6.859999999999996,41.51,43.26,130.83,3.0,955.78,-2.287499999999909,2.0416666666666288,2.219642857142844,3.8333333333333326,-0.21333333333333332,2.1333333333333333,9.079166666666667,11.9,0.23176851981667143,-0.9727709664777158,0.1907508594924699,-0.9816384821322379,0.6374316936316974,-1.834940182125036,0.0,5.0,0.06122448979591841,0.16526138279932537,3.2760000000000002,5,0.0901735078125,6.859999999999996,0.4293333333333333,1.4490000000000003,0.0,22.583333333333332,0.6166666666666666,82,3,2021,173
2022-03-24,2.45,3.5,12,0.49,0.4,5.4,2.4833333333333334,5.9,3.108333333333333,-2.2589953409381502,1.2526706179195197,81.45833333333333,205.25,600.0,88.33333333333333,1018.2166666666667,1015.3,-0.5041666666666667,-3.6,-3.045833333333334,-5.2,0.4,295.0661929450879,0.7883513769116184,2.1416666666666666,2.9916666666666667,4.2,86.5,-1.734751642610383,1.910798053573643,317.6862654234729,0.041666666666666664,0,8,2.8700000000000037,8.259999999999996,43.82,45.709999999999994,118.92999999999999,3.0,958.23,0.27083333333337123,-5.375,2.670238095238119,-0.9125000000000005,-0.3045833333333334,3.045833333333334,2.9875,4.0,-0.9058189378604102,0.42366502311783805,-0.6731897937905129,0.7394697434894052,-1.840139954805868,1.0204046075136086,0.0,6.0,0.2966101694915256,0.18849840255591047,14.455000000000002,6,0.46332344509548634,8.259999999999996,0.5283611111111112,7.329583333333334,0.0,18.65,1.6125000000000003,83,3,2021,174
2022-03-25,0.0,0.0,0,0.0,-2.5,12.4,4.883333333333334,9.0,5.045833333333333,-1.0739742678504023,-2.847915379719643,72.0,279.9583333333333,600.0,79.95833333333333,1025.4333333333334,1022.9,-0.024999999999999984,-4.2,3.595833333333333,1.3,6.2,208.03056893860068,0.5842567612544081,0.0,0.0,0.0,0.0,0.0,0.0,,0.125,1,0,2.4500000000000037,2.8699999999999966,16.1,45.709999999999994,109.13,4.0,958.23,7.216666666666697,5.200000000000159,8.087499999999977,6.6416666666666675,0.3595833333333333,0.0,4.908333333333334,1.7000000000000002,-0.4699425737626503,-0.8826969906855557,-0.4699425737626503,-0.8826969906855557,-0.7732614728522897,-2.050499073398143,1.0,7.0,0.0,0.17826086956521717,0.0,3,0.0,1.4349999999999983,0.7021944444444443,0.0,-0.0,15.1375,2.4000000000000004,84,3,2021,175
2022-03-26,0.21,26.6,1,0.21,3.8,9.5,6.383333333333333,15.8,7.2625,2.892972577187709,-4.049955428990616,88.95833333333333,46.958333333333336,175.0,100.0,1013.0416666666666,1002.2,4.6499999999999995,0.4,4.916666666666667,1.1,8.0,147.02554374561473,0.4619872286951243,6.3,15.8,15.8,84.0,7.8999999999999995,-13.683201379794133,150.0,0.0,0,1,0.21000000000000354,2.6599999999999966,13.65,45.919999999999995,108.22,4.0,958.4399999999999,-12.391666666666765,-4.904166666666697,-6.1535714285714675,1.3208333333333337,0.4916666666666667,0.0,1.7333333333333334,3.4,0.54426508272251,-0.8389132969080055,0.49999999999999994,-0.8660254037844387,2.573540188456566,-3.602772850372902,0.0,8.0,0.07894736842105272,0.19487179487179462,3.318,4,0.015588562500000003,2.6599999999999966,0.5389444444444443,3.318,0.0,29.05,1.4999999999999991,85,3,2021,176
2022-03-27,0.0,1.0,0,0.0,0.4,9.7,6.379166666666666,7.9,5.3875,-4.177841375799786,2.8879897540222554,80.70833333333333,207.16666666666666,600.0,78.66666666666667,1007.5541666666667,1001.6,3.1500000000000004,-2.0,0.3208333333333333,-3.7,4.8,301.04097877313677,0.9502342275769277,0.0,0.0,0.0,0.0,0.0,0.0,,0.08333333333333333,0,0,0.21000000000000354,0.20999999999999644,9.52,45.919999999999995,107.66,3.0,958.4399999999999,-5.4874999999999545,-10.662500000000023,-10.448214285714243,-4.595833333333333,0.03208333333333333,0.0,3.229166666666666,2.4,-0.8567987187925792,0.5156510016235737,-0.8567987187925792,0.5156510016235737,-3.3718661437184103,2.3308483973087952,1.0,9.0,0.0,0.02205882352941139,0.0,5,0.0,0.10499999999999822,0.6226944444444444,0.0,-0.0,26.9375,-0.00416666666666643,86,3,2021,177
2022-03-28,2.31,3.3,8,0.7,-1.5,3.7,1.7458333333333333,10.9,6.841666666666666,-4.258885282597876,4.250014523614364,79.29166666666667,131.33333333333334,552.0,94.41666666666667,1022.9625,1014.0,-1.5750000000000002,-5.2,-2.004166666666667,-4.0,1.8,311.13564780154616,0.8256743211650468,2.4125,7.9375,10.9,85.5,-3.719835041635079,6.615030381233426,335.04186704675044,0.0,0,5,2.3100000000000036,2.5199999999999965,10.78,47.53,109.96999999999998,2.0,960.75,15.408333333333303,-2.4708333333334167,5.0499999999999545,-2.325,-0.2004166666666667,2.004166666666667,3.3208333333333337,3.7,-0.7531542463287718,0.6578439642019526,-0.421955893726594,0.906616359740652,-3.376941121993233,3.369907349349223,0.0,10.0,0.916666666666668,0.23376623376623346,25.179000000000002,6,0.39470263916015624,2.5199999999999965,0.4340833333333333,18.335625,85.9746873997906,41.05,-4.633333333333333,87,3,2021,178
2022-03-29,0.0,0.0,0,0.0,3.0,8.7,6.470833333333334,6.2,4.083333333333333,0.8733389000192989,-3.372561253574691,64.29166666666667,200.04166666666666,600.0,78.70833333333333,1027.3291666666667,1024.9,0.04583333333333337,-5.8,4.4875,2.4,5.9,172.74279359894206,0.7262291377716235,0.0,0.0,0.0,0.0,0.0,0.0,,0.20833333333333334,0,0,2.3100000000000036,2.3099999999999965,5.390000000000001,46.48,99.53999999999999,2.0,960.75,4.366666666666674,14.287500000000023,8.402976190476124,6.491666666666667,0.44875,0.0,6.425000000000001,8.8,0.1263237379821243,-0.9919890691042031,0.1263237379821243,-0.9919890691042031,0.561484134470741,-2.1682758392773955,1.0,11.0,0.0,0.4285714285714279,0.0,5,0.0,1.1549999999999983,0.5409999999999999,0.0,-0.0,20.416666666666664,4.7250000000000005,88,3,2021,179
2022-03-30,0.0,0.0,0,0.0,3.8,15.4,9.783333333333333,6.9,2.954166666666667,-2.1176023402922564,-0.6063395459966975,65.125,279.625,600.0,26.541666666666668,1022.6666666666666,1019.4,2.9375,-1.1,6.254166666666666,3.9,8.8,251.03746705454208,0.5751227485522912,0.0,0.0,0.0,0.0,0.0,0.0,,0.625,0,0,0.0,2.3099999999999965,4.970000000000001,46.48,98.97999999999999,1.0,960.75,-4.662500000000023,15.112499999999955,3.066071428571263,1.7666666666666666,0.6254166666666666,0.0,6.845833333333333,4.9,-0.9457312700796996,-0.3249497881110839,-0.9457312700796996,-0.3249497881110839,-1.379088524115332,-0.39487862933034923,2.0,12.0,0.0,0.4647887323943654,0.0,6,0.0,0.7699999999999988,0.7368333333333333,0.0,-0.0,17.725,3.312499999999999,89,3,2021,180
2022-03-31,0.77,4.3999999999999995,4,0.35,2.6,8.4,6.408333333333334,10.3,5.2625,-2.734851848986326,3.4469525723830388,83.75,78.66666666666667,340.0,98.83333333333333,1018.2125,1015.7,3.85,0.4,-2.5500000000000003,-8.0,2.8,310.4342685231591,0.8080872239359088,4.925,8.25,10.3,85.75,-2.877317604180625,7.565085168185034,337.7493490194873,0.0,0,2,0.7700000000000036,0.7699999999999965,3.29,47.11,91.21000000000001,1.0,961.52,-4.4541666666666515,-4.75,-1.3875000000000455,-8.804166666666667,-0.255,2.5500000000000003,2.558333333333334,2.2,-0.7611505317715573,0.648575260076944,-0.3786591330908812,0.9255362018456449,-2.290438423526048,2.886822779370795,0.0,13.0,1.0000000000000047,0.23404255319148828,7.931000000000001,3,0.08761908203125005,0.7699999999999965,0.5182777777777777,6.3525,0.0,15.787500000000001,-3.374999999999999,90,3,2021,181
2022-04-01,1.05,1.5,3,0.56,-3.1,1.9,-0.8624999999999999,16.3,10.779166666666667,-7.161569203195534,7.924940769807427,69.29166666666667,263.8333333333333,600.0,91.08333333333333,1026.5083333333334,1022.8,-5.879166666666666,-8.4,-7.145833333333333,-9.5,-4.1,316.6886085603778,0.9914740148985023,1.2666666666666666,10.799999999999999,10.9,79.33333333333333,-6.082471629375306,8.763955876621532,325.33746312054336,0.0,1,3,1.8200000000000036,1.8199999999999965,4.34,20.44,89.39,1.0,962.5699999999999,8.295833333333462,-0.8208333333332121,6.754761904762063,-4.595833333333333,-0.7145833333333333,7.145833333333333,5.016666666666667,5.300000000000001,-0.6859630337889365,0.7276363901531302,-0.5687418389494284,0.8225160914100237,-4.9623706603809055,5.4913235417457305,0.0,14.0,0.5769230769230781,0.4193548387096766,17.115000000000002,4,0.19830125000000007,1.8199999999999965,0.4490833333333333,11.34,156.42342976528295,43.11666666666667,-7.270833333333334,91,4,2021,182
2022-04-02,0.0,0.0,0,0.0,-8.2,8.0,1.2166666666666668,4.6,2.9,-0.6909347247948796,-0.20930697272918186,67.70833333333333,304.1666666666667,600.0,34.291666666666664,1026.9791666666667,1022.7,-4.4750000000000005,-11.0,-1.6875,-3.0,0.8,253.26190496465603,0.22561067038537877,0.0,0.0,0.0,0.0,0.0,0.0,,0.4583333333333333,0,0,1.0500000000000036,1.8199999999999965,4.13,17.78,84.91,1.0,962.5699999999999,0.470833333333303,4.312500000000114,5.234523809523921,5.458333333333333,-0.16875,1.6875,5.691666666666667,2.8000000000000007,-0.9576312217937933,-0.2879972969417015,-0.9576312217937933,-0.2879972969417015,-0.4678203865798664,-0.14171826278538355,1.0,15.0,0.0,0.4406779661016941,0.0,5,0.0,0.9099999999999983,0.60625,0.0,-0.0,14.5,2.0791666666666666,92,4,2021,183
2022-04-03,4.34,8.9,11,1.05,-0.9,9.1,3.983333333333333,7.8,5.095833333333333,1.5810414538096242,-4.47326629898713,83.70833333333333,210.08333333333334,600.0,76.91666666666667,1028.5416666666667,1025.6,1.3708333333333333,-3.9,-0.13333333333333333,-1.3,1.7,161.56111531129386,0.9332747706799829,5.972727272727273,5.172727272727273,6.4,88.0,2.823351587015185,-4.206962778180929,146.94062210960243,0.0,1,11,4.340000000000003,5.389999999999996,8.469999999999999,17.990000000000002,89.25,2.0,966.91,1.5625,10.329166666666765,3.798809523809723,1.5541666666666667,-0.013333333333333332,0.13333333333333333,2.6125,3.0,0.316292933947397,-0.9486615729199468,0.5455078899849967,-0.838105686631535,1.3234634502931397,-3.7444966644438096,0.0,16.0,0.8051948051948058,0.636363636363636,33.852,0,0.4087057133264468,5.389999999999996,0.6213055555555554,22.449636363636362,0.0,0.0,2.766666666666666,93,4,2021,184
2022-04-04,0.91,1.4,5,0.49,0.9,9.1,4.9875,8.1,4.066666666666666,-0.28346026024107096,-1.2484746812103207,89.75,168.5,600.0,94.75,1026.6041666666667,1023.1,3.3874999999999997,0.3,0.575,-2.2,2.4,183.9879815864226,0.30879768413305925,4.279999999999999,2.02,2.3,91.0,-0.71249931350412,-1.7369821183051273,203.0741015765061,0.0,0,5,5.2500000000000036,5.2499999999999964,7.069999999999999,17.849999999999998,77.0,2.0,967.8199999999999,-1.9375,0.09583333333330302,1.3410714285714675,0.7083333333333333,0.057499999999999996,0.0,1.6,0.6000000000000001,-0.06954722229021813,-0.9975786604933543,-0.3919213054827638,-0.9199987447321252,-0.25440558356636117,-1.120506026386263,0.0,17.0,0.17333333333333345,0.7425742574257421,7.3709999999999996,1,0.12684421750000002,5.2499999999999964,0.6137222222222222,1.8382,0.0,4.066666666666666,1.0041666666666669,94,4,2021,185
2022-04-05,0.0,0.0,0,0.0,-0.1,14.2,6.604166666666667,6.3,4.241666666666666,-2.636769649200149,-0.6551419837151718,75.75,307.0416666666667,600.0,64.41666666666667,1021.0208333333334,1017.7,2.1,-0.5,4.9624999999999995,2.4,8.0,252.64561977683445,0.6331031271876948,0.0,0.0,0.0,0.0,0.0,0.0,,0.2916666666666667,1,0,0.9100000000000036,5.2499999999999964,7.07,12.459999999999999,58.730000000000004,3.0,967.8199999999999,-5.583333333333371,-5.958333333333371,-3.341071428571354,4.387499999999999,0.49624999999999997,0.0,4.504166666666666,0.4,-0.954478126873644,-0.29828091678781593,-0.954478126873644,-0.29828091678781593,-1.9973530092691127,-0.4962700526642427,1.0,18.0,0.0,0.742574257425742,0.0,2,0.0,2.6249999999999982,0.7727499999999999,0.0,-0.0,8.483333333333333,1.6166666666666671,95,4,2021,186
2022-04-06,0.0,0.0,0,0.0,2.3,11.9,8.0625,5.4,2.9,-2.1976828835146898,0.6565799140092411,70.0,286.8333333333333,600.0,66.0,1018.5083333333333,1016.2,2.6041666666666665,-1.2,3.608333333333333,1.0,7.4,273.024381852905,0.6959951633271795,0.0,0.0,0.0,0.0,0.0,0.0,,0.16666666666666666,0,0,0.0,0.9099999999999965,7.07,12.04,55.3,3.0,967.8199999999999,-2.5125000000000455,-10.033333333333417,-5.259523809523785,-1.3541666666666665,0.3608333333333333,0.0,5.458333333333334,3.5,-0.9986071731038509,0.05276091190962741,-0.9986071731038509,0.05276091190962741,-1.5383780184602827,0.45960593980646874,2.0,19.0,0.0,0.12871287128712822,0.0,3,0.0,0.3033333333333322,0.6890000000000001,0.0,-0.0,8.7,1.458333333333333,96,4,2021,187
2022-04-07,2.7300000000000004,9.6,4,1.12,0.5,13.2,6.6499999999999995,6.5,3.7624999999999997,-1.7268491568437077,-1.4642104767865973,78.58333333333333,279.5416666666667,600.0,49.375,1015.0666666666666,1009.5,2.904166666666667,-1.6,3.154166666666667,-1.9,10.0,241.83593448425515,0.5670696456517994,5.25,4.1,5.2,94.25,-3.4421687700270396,1.457169978566276,297.7919846977157,0.3333333333333333,0,4,2.730000000000004,2.729999999999997,9.030000000000001,12.32,58.029999999999994,3.0,970.55,-3.4416666666667197,-11.537500000000136,-8.251785714285802,-0.45416666666666616,0.3154166666666667,0.0,3.7458333333333327,2.1,-0.8815996507726399,-0.4719979404166499,-0.884646210979188,0.4662628887228383,-1.3570156290863469,-1.150625399674801,0.0,20.0,1.0000000000000013,0.30232558139534843,17.745000000000005,4,0.3075728906250001,2.729999999999997,0.7416388888888888,11.193000000000001,0.0,15.049999999999999,-1.4125000000000005,97,4,2021,188
2022-04-08,1.96,3.0,6,0.98,3.3,12.0,7.291666666666667,7.1,4.745833333333334,-2.3616725522943423,1.3575867660832779,65.66666666666667,308.25,600.0,32.5,1018.0500000000001,1015.6,0.7125,-3.8,4.166666666666667,1.4,7.7,296.38193725311015,0.4916918192872792,4.283333333333333,5.216666666666666,6.6,88.33333333333333,-2.455030323740639,4.375420966468762,333.49670214404557,0.6666666666666666,0,4,4.690000000000004,4.689999999999997,9.940000000000001,14.280000000000001,59.989999999999995,2.0,972.51,2.983333333333462,-2.970833333333303,-4.060119047619082,1.0125000000000002,0.4166666666666667,0.0,6.579166666666667,7.1,-0.8958518889257195,0.44435278001630674,-0.4462493234005869,0.8949086776674581,-1.5508316426732849,0.891481976394686,0.0,21.0,0.4179104477611943,0.47183098591549255,13.915999999999999,5,0.2618507256944445,4.689999999999997,0.6910555555555556,10.224666666666664,0.0,23.729166666666668,0.6416666666666675,98,4,2021,189
2022-04-09,0.0,0.0,0,0.0,3.4,16.5,9.983333333333333,6.2,3.0083333333333333,-2.1704991639007702,-0.4763902768329245,56.333333333333336,310.5416666666667,600.0,0.25,1017.5916666666667,1015.4,0.9791666666666665,-4.5,8.241666666666667,6.3,11.0,244.09527912887876,0.659943920207521,0.0,0.0,0.0,0.0,0.0,0.0,,1.0,0,0,1.9600000000000035,4.689999999999997,9.940000000000001,14.07,59.989999999999995,2.0,972.51,-0.45833333333337123,-0.9166666666666288,-3.1773809523808723,4.075,0.8241666666666667,0.0,9.004166666666666,7.9,-0.899521785729914,-0.43687590571839346,-0.899521785729914,-0.43687590571839346,-1.222714528997434,-0.26836652261588084,1.0,22.0,0.0,0.47183098591549255,0.0,6,0.0,2.3449999999999984,0.728138888888889,0.0,-0.0,18.05,2.6916666666666655,99,4,2021,190
2022-04-10,0.0,0.0,0,0.0,3.3,19.2,11.612499999999999,6.5,3.5583333333333336,-2.8355524252596904,-0.35893776412817985,63.916666666666664,308.75,600.0,15.208333333333334,1020.1,1018.8,4.241666666666666,0.5,11.191666666666668,9.8,13.6,261.15162071983553,0.7807287598229135,0.0,0.0,0.0,0.0,0.0,0.0,,0.7916666666666666,0,0,0.0,1.9599999999999964,5.6000000000000005,14.07,59.989999999999995,1.0,972.51,2.5083333333333258,5.033333333333417,0.5369047619047933,2.950000000000001,1.0,0.0,7.370833333333333,2.8,-0.9880988513385253,-0.15382021968352189,-0.9880988513385253,-0.15382021968352189,-1.8123905918118188,-0.22942105423859493,2.0,23.0,0.0,0.3499999999999993,0.0,3,0.0,0.6533333333333321,0.7522222222222222,0.0,-0.0,10.675,1.6291666666666664,100,4,2021,191
2022-04-11,0.0,0.0,0,0.0,3.4,19.4,10.795833333333334,6.9,3.654166666666667,-2.823031368685667,-0.6297974146148997,68.75,286.875,600.0,75.5,1018.8041666666667,1015.9,4.5375000000000005,0.8,10.741666666666667,8.2,14.1,253.41431809306422,0.7788040192864636,0.0,0.0,0.0,0.0,0.0,0.0,,0.125,0,0,0.0,0.0,4.69,11.760000000000002,59.989999999999995,1.0,972.51,-1.2958333333333485,0.754166666666606,0.3553571428572013,-0.45000000000000107,1.0,0.0,6.258333333333334,2.5999999999999996,-0.9583939374547946,-0.28544887572014566,-0.9583939374547946,-0.28544887572014566,-1.9408340659713963,-0.4329857225477436,3.0,24.0,,0.0,0.0,4,0.0,0.0,0.75375,0.0,-0.0,14.616666666666667,-0.8166666666666647,101,4,2021,192
2022-04-12,0.0,0.0,0,0.0,2.6,20.4,11.070833333333333,6.5,3.1666666666666665,-2.568796704131096,-0.45687093978586163,70.25,309.625,600.0,29.583333333333332,1014.4333333333334,1011.9,4.741666666666666,0.8,11.733333333333334,9.7,15.1,256.70000825891583,0.7684549169828678,0.0,0.0,0.0,0.0,0.0,0.0,,0.7083333333333334,0,0,0.0,0.0,4.69,11.760000000000002,59.989999999999995,0.0,972.51,-4.37083333333328,-3.158333333333303,-3.0744047619047024,0.9916666666666671,1.0,0.0,6.329166666666667,1.8,-0.9731789059376604,-0.2300495969089672,-0.9731789059376604,-0.2300495969089672,-1.804579684652095,-0.32095183519956777,4.0,25.0,,0.0,0.0,5,0.0,0.0,0.7739166666666667,0.0,-0.0,15.833333333333332,0.2749999999999986,102,4,2021,193
2022-04-13,0.0,1.3,0,0.0,3.7,21.6,12.245833333333332,7.9,2.8874999999999997,-2.1375948480466582,0.8092674929301733,82.875,265.3333333333333,600.0,94.45833333333333,1013.7708333333334,1011.1,8.908333333333333,2.9,10.258333333333333,8.2,14.5,283.1737564125606,0.8032307076564258,0.0,0.0,0.0,0.0,0.0,0.0,,0.0,0,0,0.0,0.0,4.69,11.760000000000002,59.29,0.0,972.51,-0.6625000000000227,-6.3291666666666515,-3.0601190476189686,-1.4750000000000014,1.0,0.0,3.3374999999999986,0.8000000000000003,-0.9736833938915,0.22790491100441443,-0.9736833938915,0.22790491100441443,-1.771531730318668,0.6706804347658811,5.0,26.0,,0.0,0.0,6,0.0,0.0,0.7864722222222222,0.0,-0.0,17.325,1.174999999999999,103,4,2021,194
2022-04-14,0.0,24.8,0,0.0,9.0,13.6,11.158333333333333,8.2,4.7250000000000005,0.7022465083835471,-3.1993037661540513,99.875,70.70833333333333,312.0,100.0,1016.4666666666667,1015.2,11.133333333333333,9.0,8.345833333333333,6.9,10.6,193.04150675887385,0.5922741430290914,0.0,0.0,0.0,0.0,0.0,0.0,,0.0,0,0,0.0,0.0,1.96,10.990000000000002,58.239999999999995,0.0,972.51,2.6958333333333258,-2.3374999999999773,-0.564285714285802,-1.9124999999999996,0.8345833333333333,0.0,0.025000000000000355,0.0,-0.22565685777552572,-0.9742068479223887,-0.22565685777552572,-0.9742068479223887,0.7013687002480676,-3.1953046364463584,6.0,27.0,,0.0,0.0,6,0.0,0.0,0.6822777777777778,0.0,-0.0,28.35,-1.0874999999999986,104,4,2021,195
2022-04-15,0.0,10.9,0,0.0,9.2,15.2,11.783333333333333,4.7,2.775,-0.1552245497490011,0.8492966050781318,93.83333333333333,71.625,327.0,99.29166666666667,1009.9166666666666,1006.7,10.804166666666667,8.2,4.75,-0.5,8.3,343.5110867002449,0.3163537210513188,0.0,0.0,0.0,0.0,0.0,0.0,,0.0,0,0,0.0,0.0,0.0,9.940000000000001,58.239999999999995,0.0,972.51,-6.550000000000068,-4.516666666666765,-5.952380952380963,-3.595833333333333,0.475,0.0,0.9791666666666661,1.0,-0.2838298083230902,0.9588746737229417,-0.2838298083230902,0.9588746737229417,-0.14565236918114602,0.7969233144316469,7.0,28.0,,,0.0,6,0.0,0.0,0.6938611111111112,0.0,-0.0,16.65,0.625,105,4,2021,196
2022-04-16,2.45,4.8,8,0.7,-0.5,8.4,5.2875000000000005,13.2,8.820833333333333,-5.1464219566228016,7.057487943129206,82.91666666666667,185.41666666666666,600.0,70.33333333333333,1011.7041666666668,1006.7,2.4375,-3.7,-0.3125,-2.8,3.6,321.15498271808735,0.98129975637031,5.5375,11.4125,13.2,90.875,-6.30160653434923,9.492052282211873,326.1247051436577,0.2916666666666667,0,8,2.4500000000000037,2.4499999999999966,2.45,12.39,60.550000000000004,0.0,974.96,1.7875000000001364,-2.066666666666606,-3.3238095238095866,-5.0625,-0.03125,0.3125,2.8500000000000005,3.2,-0.6272159435677663,0.7788454019472649,-0.5573871673830544,0.8302526998671518,-4.267241539033073,5.851833752844634,0.0,29.0,1.0000000000000016,0.9999999999999986,32.34,0,0.2343361596679688,2.4499999999999966,0.5866666666666668,27.960625,5.632060840075054,0.0,-6.495833333333333,106,4,2021,197
2022-04-17,0.0,3.5,0,0.0,0.5,14.3,7.0874999999999995,7.4,3.3625000000000003,-0.6797426510130323,-2.277279172021028,69.125,300.8333333333333,600.0,37.333333333333336,1017.525,1015.1,1.2874999999999999,-4.8,4.2250000000000005,2.3,7.4,205.64982258909097,0.4692884607866927,0.0,0.0,0.0,0.0,0.0,0.0,,0.375,0,0,2.4500000000000037,2.4499999999999966,2.45,8.05,32.83,0.0,974.96,5.820833333333212,1.0583333333332803,2.8648809523808723,4.5375000000000005,0.42250000000000004,0.0,5.8,5.3,-0.43286979024866534,-0.9014564574565299,-0.43286979024866534,-0.9014564574565299,-0.4698721075127586,-1.5741692276595356,1.0,30.0,0.0,0.9999999999999986,0.0,1,0.0,1.2249999999999983,0.7487500000000001,0.0,-0.0,3.3625000000000003,1.799999999999999,107,4,2021,198
2022-04-18,0.0,5.4,0,0.0,0.3,12.2,6.574999999999999,8.4,3.3083333333333336,-1.483357146495563,-1.0453264557228754,90.375,132.875,600.0,91.375,1018.2416666666667,1016.0,5.0125,-0.5,3.6,0.5,8.4,251.83112145015366,0.6323390271087738,0.0,0.0,0.0,0.0,0.0,0.0,,0.041666666666666664,0,0,0.0,2.4499999999999966,2.45,7.140000000000001,30.17,0.0,974.96,0.716666666666697,8.325000000000045,3.6619047619047933,-0.6250000000000004,0.36,0.0,1.5624999999999991,0.8,-0.9501415628900517,-0.3118188744589556,-0.9501415628900517,-0.3118188744589556,-1.340584021145365,-0.9447137843595486,2.0,31.0,0.0,0.9999999999999986,0.0,2,0.0,0.8166666666666655,0.6609444444444444,0.0,-0.0,6.616666666666667,-0.5125000000000002,108,4,2021,199
2022-04-19,0.0,0.0,0,0.0,2.0,13.2,7.075,10.2,5.783333333333334,-4.410309481046182,3.4201846615020144,79.5,303.8333333333333,600.0,38.458333333333336,1016.3541666666666,1014.1,3.1958333333333333,1.4,3.420833333333333,1.4,5.9,306.73543724686516,0.9514163887759951,0.0,0.0,0.0,0.0,0.0,0.0,,0.5416666666666666,0,0,0.0,0.0,2.45,7.140000000000001,26.04,0.0,974.96,-1.8875000000000455,4.649999999999864,1.4999999999998863,-0.17916666666666714,0.3420833333333333,0.0,3.879166666666667,0.6000000000000001,-0.8014058617696861,0.5981209281752201,-0.8014058617696861,0.5981209281752201,-3.5061960374317147,2.7190468058941013,3.0,32.0,,0.0,0.0,3,0.0,0.0,0.7608888888888888,0.0,-0.0,17.35,0.5000000000000009,109,4,2021,200
2022-04-20,0.0,0.0,0,0.0,1.5,16.9,8.820833333333333,7.3,4.308333333333334,-0.6833866352983983,-3.523798346050498,70.91666666666667,292.75,600.0,31.375,1019.2083333333334,1015.8,2.9375,-0.6,6.533333333333334,4.7,9.3,188.17313144716908,0.8166687917012624,0.0,0.0,0.0,0.0,0.0,0.0,,0.4583333333333333,0,0,0.0,0.0,2.45,7.140000000000001,24.990000000000002,0.0,974.96,2.8541666666667425,1.683333333333394,3.577380952380963,3.112500000000001,0.6533333333333334,0.0,5.883333333333333,2.1,-0.1421647677101288,-0.9898430071591783,-0.1421647677101288,-0.9898430071591783,-0.48463502219911414,-2.498960327074145,4.0,33.0,,0.0,0.0,4,0.0,0.0,0.7648888888888891,0.0,-0.0,17.233333333333334,1.7458333333333327,110,4,2021,201
2022-04-21,0.0,9.1,0,0.0,3.5,16.3,10.495833333333334,10.4,6.495833333333334,1.7795640203878902,-5.6737688058830065,77.25,200.25,600.0,83.29166666666667,1018.7166666666667,1013.7,6.354166666666667,0.6,8.512500000000001,6.3,11.2,167.13141197057953,0.9013961573821557,0.0,0.0,0.0,0.0,0.0,0.0,,0.16666666666666666,0,0,0.0,0.0,2.45,4.41,19.6,0.0,974.96,-0.49166666666667425,0.47500000000002274,2.7642857142858475,1.979166666666667,0.8512500000000001,0.0,4.141666666666667,2.9,0.2227156771566956,-0.9748834428528543,0.2227156771566956,-0.9748834428528543,1.3747132057496452,-4.382986402544622,5.0,34.0,,0.0,0.0,5,0.0,0.0,0.7243333333333334,0.0,-0.0,32.47916666666667,1.6750000000000007,111,4,2021,202
2022-04-22,0.0,3.9,0,0.0,6.5,20.7,12.820833333333333,6.4,3.470833333333333,-2.946119451968246,-1.0474561240135625,82.54166666666667,248.625,600.0,55.291666666666664,1010.8833333333333,1009.2,9.3125,3.0,9.995833333333334,8.0,13.4,254.92416511294903,0.8679253162714532,0.0,0.0,0.0,0.0,0.0,0.0,,0.2916666666666667,0,0,0.0,0.0,2.45,2.45,19.18,0.0,974.96,-7.833333333333371,-5.470833333333303,-5.207142857143026,1.4833333333333325,0.9995833333333334,0.0,3.508333333333333,3.5,-0.9655824155918719,-0.26009728699039847,-0.9655824155918719,-0.26009728699039847,-2.4317760976454563,-0.8645877423628615,6.0,35.0,,0.0,0.0,6,0.0,0.0,0.7742222222222223,0.0,-0.0,20.825,2.3249999999999993,112,4,2021,203
2022-04-23,0.0,0.4,0,0.0,6.3,17.0,11.4125,7.0,3.7583333333333333,-3.239452437113112,0.8862191386286886,78.54166666666667,159.79166666666666,496.0,96.29166666666667,1012.5583333333334,1010.0,7.641666666666667,0.0,8.345833333333333,6.5,10.3,276.89493622555773,0.9172676002706825,0.0,0.0,0.0,0.0,0.0,0.0,,0.0,0,0,0.0,0.0,0.0,2.45,16.729999999999997,0.0,974.96,1.6750000000000682,-6.649999999999977,-3.6541666666665833,-1.6500000000000004,0.8345833333333333,0.0,3.770833333333333,6.3,-0.9927679556903908,0.12004909893173799,-0.9927679556903908,0.12004909893173799,-2.5443199349825902,0.6960512817979492,7.0,36.0,,,0.0,6,0.0,0.0,0.7016666666666667,0.0,-0.0,22.55,-1.4083333333333332,113,4,2021,204
2022-04-24,0.0,0.0,0,0.0,4.7,16.2,11.641666666666666,8.7,4.870833333333334,-0.19668125794145516,-3.1547897793110766,80.125,155.625,537.0,100.0,1014.3333333333334,1012.1,8.029166666666667,-1.4,10.129166666666666,8.2,13.0,202.98935817507228,0.5869544552887213,0.0,0.0,0.0,0.0,0.0,0.0,,0.0,0,0,0.0,0.0,0.0,2.45,16.729999999999997,0.0,974.96,1.7749999999999773,-4.383333333333326,-1.4232142857142662,1.7833333333333332,1.0,0.0,3.612499999999999,6.1,-0.39056015188900967,-0.9205774099750839,-0.39056015188900967,-0.9205774099750839,-0.15759085792559094,-2.527775310673,8.0,37.0,,,0.0,6,0.0,0.0,0.7041666666666666,0.0,-0.0,29.225,0.22916666666666607,114,4,2021,205
2022-04-25,0.0,0.0,0,0.0,3.9,23.6,14.291666666666666,6.6,3.5083333333333333,-1.3421433738584014,-1.7068123425386197,73.33333333333333,314.4583333333333,600.0,75.95833333333333,1014.7916666666666,1012.7,8.683333333333334,3.8,13.258333333333333,10.4,16.9,214.40965251634856,0.5569496099130257,0.0,0.0,0.0,0.0,0.0,0.0,,0.041666666666666664,0,0,0.0,0.0,0.0,2.45,16.520000000000003,0.0,974.96,0.45833333333325754,3.908333333333303,-0.47202380952387557,3.1291666666666664,1.0,0.0,5.6083333333333325,0.10000000000000009,-0.5651060007857083,-0.8250183076004938,-0.5651060007857083,-0.8250183076004938,-0.9842384741628277,-1.251662384528321,9.0,38.0,,,0.0,6,0.0,0.0,0.7874166666666667,0.0,-0.0,21.05,2.6500000000000004,115,4,2021,206
2022-04-26,0.0,34.1,0,0.0,11.0,18.4,14.770833333333334,12.3,6.629166666666666,1.617867693751333,-5.844184553465581,91.79166666666667,88.125,553.0,100.0,1010.3125,1004.5,13.379166666666668,9.5,13.570833333333333,10.5,16.8,166.20653601973416,0.9095293054097872,0.0,0.0,0.0,0.0,0.0,0.0,,0.0,0,0,0.0,0.0,0.0,2.45,16.520000000000003,0.0,974.96,-4.479166666666629,-2.245833333333394,-4.088095238095207,0.3125,1.0,0.0,1.3916666666666657,1.5,0.23842267382132903,-0.9711614843103531,0.23842267382132903,-0.9711614843103531,1.485067720555911,-5.364474404701948,10.0,39.0,,,0.0,6,0.0,0.0,0.6980555555555555,0.0,-0.0,39.775,0.47916666666666785,116,4,2021,207
2022-04-27,0.0,32.1,0,0.0,9.5,20.4,14.958333333333334,9.3,3.9499999999999997,-2.5851544407410874,2.3361874746534386,90.58333333333333,163.66666666666666,600.0,99.95833333333333,1010.0124999999999,1003.6,13.304166666666667,9.5,6.8625,4.3,10.0,307.1096666039199,0.8587384275160148,0.0,0.0,0.0,0.0,0.0,0.0,,0.0,0,0,0.0,0.0,0.0,2.45,14.21,0.0,974.96,-0.3000000000000682,-4.320833333333439,-3.074404761904816,-6.708333333333333,0.68625,0.0,1.6541666666666668,0.0,-0.7974821478021343,0.6033425427871756,-0.7974821478021343,0.6033425427871756,-2.341719064237968,2.1161964874569064,11.0,40.0,,,0.0,6,0.0,0.0,0.7443888888888889,0.0,-0.0,23.7,0.1875,117,4,2021,208
2022-04-28,0.0,0.0,0,0.0,5.7,19.4,12.854166666666666,7.4,3.841666666666667,1.1299683521988495,-1.2761411721317564,78.54166666666667,315.5833333333333,600.0,58.791666666666664,1017.1916666666666,1015.0,8.829166666666667,2.7,9.445833333333333,6.9,12.7,144.18630663264642,0.24481608512873626,0.0,0.0,0.0,0.0,0.0,0.0,,0.2916666666666667,0,0,0.0,0.0,0.0,2.45,14.21,0.0,974.96,7.179166666666674,2.3999999999999773,4.322619047619014,2.583333333333333,0.9445833333333333,0.0,4.024999999999999,3.0,0.5851514979464646,-0.8109239942503913,0.5851514979464646,-0.8109239942503913,0.8874959766228464,-1.002302545611817,12.0,41.0,,,0.0,6,0.0,0.0,0.8055277777777778,0.0,-0.0,23.05,-2.104166666666668,118,4,2021,209
2022-04-29,2.87,39.8,4,1.12,4.0,12.9,9.716666666666667,16.3,6.9750000000000005,0.13046860383254186,0.8695772048530107,95.91666666666667,78.79166666666667,456.0,99.95833333333333,1010.4833333333332,1002.4,9.049999999999999,2.6,2.9625,-2.1,11.0,129.82075147140077,0.10102256180059135,5.4,14.3,16.3,94.25,-7.053880292002299,12.410052550663655,330.99816969416923,0.0,0,3,2.8700000000000037,2.8699999999999966,2.87,5.32,17.080000000000002,0.0,977.83,-6.708333333333371,0.1708333333332348,-2.328571428571422,-6.4833333333333325,0.29625,0.0,0.6666666666666679,1.4,0.7680516373171348,-0.6403879155749806,-0.4848375596057436,0.8746042195162033,0.12514113584271308,0.8340694689881795,0.0,42.0,1.0000000000000013,0.9999999999999988,46.781000000000006,0,0.2710535625,2.8699999999999966,0.6589166666666667,41.041000000000004,0.0,0.0,-3.1374999999999993,119,4,2021,210
2022-04-30,2.03,2.9,4,0.77,3.1,14.1,8.0625,14.3,7.766666666666667,-0.034590053141606986,0.5566513176336693,71.125,285.6666666666667,600.0,92.83333333333333,1015.1750000000001,1011.9,2.525,-6.2,4.879166666666666,1.3,8.4,105.9110096919636,0.12776815823682153,3.4,13.600000000000001,14.3,90.5,-7.190397242714402,11.529772129602923,327.9993142278775,0.0,0,4,4.900000000000004,4.899999999999997,4.9,4.9,18.34,0.0,979.86,4.691666666666833,5.162500000000136,1.9892857142858702,1.9166666666666665,0.48791666666666667,0.0,5.5375,9.3,0.9616886490577805,-0.2741440173949105,-0.5299294144671841,0.8480417535018352,-0.024602175296967968,0.3959182496669472,0.0,43.0,0.41428571428571453,0.9999999999999992,29.029,1,0.2780085,4.899999999999997,0.7408611111111112,27.608,0.0,7.766666666666667,-1.6541666666666668,120,4,2021,211
2022-05-01,1.6800000000000002,15.6,3,1.19,4.7,9.2,7.029166666666666,7.9,5.095833333333333,0.05737069710899401,-1.2228641255979822,97.83333333333333,41.25,172.0,99.16666666666667,1012.2083333333334,1010.1,6.7,2.9,0.6083333333333334,-3.1,4.2,197.37907031620674,0.1862512653073588,6.733333333333333,5.233333333333333,5.7,99.66666666666667,-3.8497604473610125,3.359536174673803,310.682133739111,0.0,0,3,3.7100000000000035,6.5799999999999965,6.58,6.58,18.97,0.0,981.54,-2.966666666666697,-4.983333333333235,-0.6738095238094957,-4.270833333333333,0.060833333333333336,0.0,0.3291666666666657,1.8000000000000003,-0.29869219605556435,-0.9543495020250727,-0.7583376399711408,0.6518619668327034,0.05612766533829913,-1.1963687362100257,0.0,44.0,0.25531914893617036,0.9999999999999994,13.272000000000002,2,0.12822483333333334,6.5799999999999965,0.5580555555555555,8.792000000000002,0.0,10.191666666666666,-1.033333333333334,121,5,2021,212
2022-05-02,0.0,0.9,0,0.0,3.3,11.5,7.1125,10.8,5.5874999999999995,-5.252531116703036,0.2995431369084067,72.45833333333333,263.7916666666667,600.0,84.25,1011.0333333333333,1009.3,2.2125,-1.2,-0.07916666666666668,-3.5,4.2,267.83738855853943,0.9031093175759278,0.0,0.0,0.0,0.0,0.0,0.0,,0.125,0,0,1.6800000000000037,3.7099999999999964,6.58,6.58,18.97,0.0,981.54,-1.1750000000000682,0.5500000000000682,-1.3119047619046569,-0.6875000000000001,-0.007916666666666667,0.07916666666666668,4.9,4.5,-0.9992877537500066,-0.03773572849788578,-0.9992877537500066,-0.03773572849788578,-3.805896504977741,0.21704396461821635,1.0,45.0,0.0,0.563829787234042,0.0,3,0.0,1.8549999999999982,0.6729444444444445,0.0,-0.0,16.7625,0.08333333333333393,122,5,2021,213
2022-05-03,0.14,0.2,2,0.07,4.4,11.3,7.645833333333333,8.8,4.333333333333333,-3.9297949841682343,0.8063852910795375,63.583333333333336,319.2916666666667,600.0,39.041666666666664,1017.7208333333333,1014.2,0.9083333333333333,-0.6,3.6958333333333333,0.8,8.9,277.8254869768128,0.9168499414188805,5.15,2.85,3.1,75.0,-2.331725185602723,1.638017915565304,305.0,0.5416666666666666,0,2,0.14000000000000357,1.8199999999999967,6.72,6.72,14.770000000000001,0.0,981.68,6.6875,2.545833333333235,4.317261904761949,3.775,0.3695833333333333,0.0,6.7375,5.0,-0.990687371867606,0.13615627500066133,-0.8191520442889918,0.573576436351046,-2.4986946441003024,0.5127266475780726,0.0,46.0,0.07692307692307707,0.27083333333333287,1.2320000000000002,4,0.016370265625000012,1.8199999999999967,0.6759166666666667,0.3990000000000001,0.0,17.333333333333332,0.5333333333333332,123,5,2021,214
2022-05-04,0.0,0.0,0,0.0,5.6,19.6,12.924999999999999,9.7,4.195833333333334,-3.4833762089806624,-1.0378321615761936,55.458333333333336,331.25,600.0,1.0833333333333333,1020.4,1019.1,3.845833333333333,-4.8,10.8375,10.0,12.4,243.64613663674203,0.8063989025262359,0.0,0.0,0.0,0.0,0.0,0.0,,1.0,0,0,0.14000000000000357,0.13999999999999646,6.72,6.72,13.860000000000001,0.0,981.68,2.6791666666666742,8.191666666666606,5.5125000000000455,7.1416666666666675,1.0,0.0,9.079166666666666,10.399999999999999,-0.8960695061581887,-0.44391377556167355,-0.8960695061581887,-0.44391377556167355,-1.9318223892305257,-0.5755644196074641,1.0,47.0,0.0,0.02083333333333281,0.0,5,0.0,0.06999999999999823,0.7390277777777778,0.0,-0.0,20.979166666666668,5.279166666666666,124,5,2021,215
2022-05-05,0.0,0.0,0,0.0,6.0,22.3,14.5875,9.8,4.804166666666666,0.25319406984112786,-3.0549958938215993,65.83333333333333,320.25,600.0,6.0,1023.125,1021.5,7.616666666666667,2.2,11.658333333333333,9.7,14.2,188.9957973377022,0.5174447075958393,0.0,0.0,0.0,0.0,0.0,0.0,,0.875,0,0,0.0,0.13999999999999646,6.72,6.72,13.860000000000001,0.0,981.68,2.7250000000000227,12.091666666666697,7.389880952380963,0.8208333333333329,1.0,0.0,6.970833333333333,3.8,-0.15636201738886235,-0.9876998124521869,-0.15636201738886235,-0.9876998124521869,0.16668609597874248,-2.0112056300992194,2.0,48.0,0.0,0.02083333333333281,0.0,6,0.0,0.04666666666666549,0.7662777777777777,0.0,-0.0,28.824999999999996,1.6625000000000014,125,5,2021,216
2022-05-06,0.0,0.0,0,0.0,10.3,21.6,15.299999999999999,12.9,6.991666666666667,0.763558388174559,-5.430441557049625,72.70833333333333,322.3333333333333,600.0,46.5,1021.75,1019.1,9.829166666666667,7.2,11.645833333333334,8.0,15.4,184.9431964904122,0.7339393127342534,0.0,0.0,0.0,0.0,0.0,0.0,,0.3333333333333333,0,0,0.0,0.0,3.85,6.72,13.860000000000001,0.0,981.68,-1.375,4.029166666666697,4.405357142857042,-0.01249999999999929,1.0,0.0,5.470833333333331,3.1000000000000005,-0.08616806441596395,-0.9962806154266007,-0.08616806441596395,-0.9962806154266007,0.5551705780685856,-3.948383548771498,3.0,49.0,,0.0,0.0,6,0.0,0.0,0.7905833333333333,0.0,-0.0,41.95,0.7124999999999986,126,5,2021,217
2022-05-07,0.0,4.1,0,0.0,6.1,22.9,14.704166666666666,9.3,4.841666666666667,-0.4135716486742182,-2.36886097973182,80.5,310.4583333333333,600.0,60.625,1016.3833333333333,1012.0,10.833333333333334,6.0,8.5375,2.1,15.1,209.23402520692375,0.46570970853339333,0.0,0.0,0.0,0.0,0.0,0.0,,0.16666666666666666,0,0,0.0,0.0,1.8200000000000003,6.72,11.13,0.0,981.68,-5.366666666666674,-4.0166666666666515,-1.1339285714285552,-3.1083333333333343,0.85375,0.0,3.870833333333332,0.09999999999999964,-0.48837795950892204,-0.8726322069840774,-0.48837795950892204,-0.8726322069840774,-0.33292517718274567,-1.906933088684115,4.0,50.0,,0.0,0.0,6,0.0,0.0,0.8086388888888889,0.0,-0.0,29.05,-0.5958333333333332,127,5,2021,218
2022-05-08,0.0,0.9,0,0.0,6.6,14.6,10.612499999999999,9.5,5.845833333333334,-0.14201620033967868,5.277176319450027,76.83333333333333,274.5,600.0,86.875,1017.9,1015.6,6.391666666666667,3.5,4.533333333333333,2.9,7.2,10.214444637870036,0.8148103855794128,0.0,0.0,0.0,0.0,0.0,0.0,,0.041666666666666664,0,0,0.0,0.0,0.14,6.72,9.170000000000002,0.0,981.68,1.5166666666666515,-5.225000000000023,-0.4303571428571331,-4.004166666666666,0.4533333333333333,0.0,4.220833333333332,3.0999999999999996,0.17733285678969463,0.9841509324807886,0.17733285678969463,0.9841509324807886,-0.10911578059431978,4.05463047211077,5.0,51.0,,0.0,0.0,5,0.0,0.0,0.7635555555555555,0.0,-0.0,29.22916666666667,-4.091666666666667,128,5,2021,219
2022-05-09,0.0,7.9,0,0.0,6.4,11.0,8.85,5.1,2.8208333333333333,0.026743793116271414,-0.5711740322689446,80.70833333333333,63.541666666666664,267.0,88.79166666666667,1019.5708333333333,1018.3,5.533333333333332,1.1,2.4208333333333334,1.4,5.6,166.67487323724745,0.12776906862710313,0.0,0.0,0.0,0.0,0.0,0.0,,0.08333333333333333,0,0,0.0,0.0,0.14,6.72,9.170000000000002,0.0,981.68,1.6708333333333485,-2.1791666666666742,0.020833333333257542,-2.1125,0.24208333333333334,0.0,3.3166666666666673,5.300000000000001,0.23047649752879493,-0.9730778920964444,0.23047649752879493,-0.9730778920964444,0.021584469694257383,-0.4609850418770607,6.0,52.0,,0.0,0.0,6,0.0,0.0,0.5558333333333333,0.0,-0.0,16.925,-1.7624999999999993,129,5,2021,220
2022-05-10,0.0,0.0,0,0.0,6.0,18.1,12.316666666666668,8.7,5.895833333333333,0.8190074896995161,-4.035130379290457,52.416666666666664,333.7083333333333,600.0,68.125,1019.8833333333333,1017.7,2.5083333333333333,-2.4,8.9,6.2,12.1,181.36726295641859,0.6721619979173133,0.0,0.0,0.0,0.0,0.0,0.0,,0.25,0,0,0.0,0.0,0.0,6.72,9.170000000000002,0.0,981.68,0.3125,3.5,0.02440476190474783,6.479166666666667,0.89,0.0,9.808333333333335,8.4,-0.023860975557314094,-0.9997152863918073,-0.023860975557314094,-0.9997152863918073,0.42929642585082967,-2.115080840478081,7.0,53.0,,,0.0,6,0.0,0.0,0.7305277777777777,0.0,-0.0,35.375,3.4666666666666686,130,5,2021,221
2022-05-11,0.0,0.8,0,0.0,6.9,19.0,13.995833333333332,6.4,4.195833333333334,0.4382416664163992,-2.847401933317918,73.41666666666667,204.04166666666666,600.0,96.83333333333333,1019.4833333333332,1017.8,9.174999999999999,2.6,11.325000000000001,9.5,14.2,174.30629361536583,0.655098682055808,0.0,0.0,0.0,0.0,0.0,0.0,,0.0,0,0,0.0,0.0,0.0,6.72,9.170000000000002,0.0,981.68,-0.40000000000009095,1.5833333333332575,-0.2446428571429351,2.4250000000000007,1.0,0.0,4.820833333333333,4.300000000000001,0.09921044795219226,-0.9950664736675261,0.09921044795219226,-0.9950664736675261,0.3217424234273731,-2.0904675860442383,8.0,54.0,,,0.0,6,0.0,0.0,0.7140833333333334,0.0,-0.0,25.175000000000004,1.6791666666666636,131,5,2021,222
2022-05-12,0.0,1.7000000000000002,0,0.0,10.1,20.9,15.716666666666667,11.9,6.5125,2.8448001834263077,-5.137251940553038,87.04166666666667,199.70833333333334,600.0,100.0,1016.7958333333332,1014.5,13.370833333333332,9.7,12.033333333333333,10.6,14.6,160.60086899762763,0.8356717916039129,0.0,0.0,0.0,0.0,0.0,0.0,,0.0,0,0,0.0,0.0,0.0,6.72,9.170000000000002,0.0,981.68,-2.6875,-2.775000000000091,-2.027976190476238,0.7083333333333321,1.0,0.0,2.345833333333335,0.40000000000000036,0.3321468261102599,-0.9432276956837521,0.3321468261102599,-0.9432276956837521,2.476161492990649,-4.471549709923041,9.0,55.0,,,0.0,6,0.0,0.0,0.7566111111111112,0.0,-0.0,39.075,1.720833333333335,132,5,2021,223
2022-05-13,0.0,19.1,0,0.0,12.6,17.8,15.145833333333334,8.9,4.958333333333333,0.8786038217065971,-4.071329128469221,97.58333333333333,91.91666666666667,356.0,100.0,1010.4958333333334,1005.3,14.75,12.6,13.366666666666667,12.4,15.1,178.4829552221318,0.7955160486937531,0.0,0.0,0.0,0.0,0.0,0.0,,0.0,0,0,0.0,0.0,0.0,3.85,9.170000000000002,0.0,981.68,-6.299999999999841,-9.387499999999932,-6.72023809523796,1.333333333333334,1.0,0.0,0.3958333333333339,0.0,0.026474332697709033,-0.9996494934266765,0.026474332697709033,-0.9996494934266765,0.8573708960153543,-3.9729386745312145,10.0,56.0,,,0.0,6,0.0,0.0,0.7198888888888888,0.0,-0.0,29.75,-0.5708333333333329,133,5,2021,224
2022-05-14,0.0,34.4,0,0.0,9.8,18.4,15.025,6.9,4.045833333333333,-2.8988083856038354,2.658672585097674,89.875,122.0,385.0,94.66666666666667,1006.0541666666667,1002.9,13.329166666666666,7.8,6.254166666666666,2.2,11.9,309.51543229823864,0.9603618258731763,0.0,0.0,0.0,0.0,0.0,0.0,,0.0,0,0,0.0,0.0,0.0,1.8200000000000003,9.170000000000002,0.0,981.68,-4.44166666666672,-13.42916666666656,-9.686309523809541,-7.112500000000001,0.6254166666666666,0.0,1.6958333333333346,2.000000000000001,-0.7714532312840949,0.6362860299749861,-0.7714532312840949,0.6362860299749861,-2.605304036561447,2.3894819858565346,11.0,57.0,,,0.0,6,0.0,0.0,0.7142499999999999,0.0,-0.0,24.275,-0.12083333333333357,134,5,2021,225
2022-05-15,0.0,0.1,0,0.0,7.6,14.1,11.108333333333334,7.2,3.35,-2.377711364079878,1.0862450562712989,64.66666666666667,173.83333333333334,600.0,96.20833333333333,1011.8916666666668,1010.2,4.258333333333334,1.2,5.641666666666667,3.7,7.8,288.73995527462785,0.7360253536073259,0.0,0.0,0.0,0.0,0.0,0.0,,0.0,0,0,0.0,0.0,0.0,0.14,9.170000000000002,0.0,981.68,5.837500000000091,-4.90416666666647,-2.990476190475988,-0.6124999999999998,0.5641666666666667,0.0,6.8500000000000005,6.3999999999999995,-0.9469864676303555,0.32127345070046087,-0.9469864676303555,0.32127345070046087,-1.537586682104988,0.7024384697221067,12.0,58.0,,,0.0,6,0.0,0.0,0.6447777777777778,0.0,-0.0,20.1,-3.916666666666666,135,5,2021,226
2022-05-16,0.0,0.7,0,0.0,7.3,15.4,11.704166666666666,5.1,2.6999999999999997,0.49713661104105916,-1.1828854774609414,76.16666666666667,156.08333333333334,551.0,97.91666666666667,1012.3166666666666,1010.2,7.504166666666666,4.1,7.6125,5.9,11.0,171.16105457097026,0.3737426884616603,0.0,0.0,0.0,0.0,0.0,0.0,,0.0,0,0,0.0,0.0,0.0,0.14,6.72,0.0,981.68,0.42499999999984084,1.820833333333212,-1.5291666666665833,1.9708333333333332,0.76125,0.0,4.199999999999999,3.2,0.15365752538087843,-0.9881241647150548,0.15365752538087843,-0.9881241647150548,0.3786523854096068,-0.9009644386660838,13.0,59.0,,,0.0,6,0.0,0.0,0.6912777777777778,0.0,-0.0,16.2,0.5958333333333314,136,5,2021,227
2022-05-17,0.0,2.5,0,0.0,8.3,15.9,12.479166666666666,4.3,2.2375000000000003,-0.3282004916941499,0.6393448133837877,80.79166666666667,160.70833333333334,510.0,95.54166666666667,1015.3791666666666,1013.9,9.1625,6.8,7.166666666666667,5.6,9.5,345.41370452498296,0.294332294757145,0.0,0.0,0.0,0.0,0.0,0.0,,0.0,0,0,0.0,0.0,0.0,0.0,6.72,0.0,981.68,3.0625,9.324999999999932,2.1767857142857565,-0.44583333333333286,0.7166666666666667,0.0,3.3166666666666664,1.5000000000000009,-0.2518378855652379,0.9677694350381345,-0.2518378855652379,0.9677694350381345,-0.2651586472478986,0.5165373304796518,14.0,60.0,,,0.0,6,0.0,0.0,0.7097777777777777,0.0,-0.0,13.425,0.7750000000000004,137,5,2021,228
2022-05-18,0.0,0.0,0,0.0,6.5,19.9,13.4375,6.1,3.5625,-0.8229948497198882,1.3832063157386794,54.666666666666664,343.1666666666667,600.0,33.208333333333336,1019.6,1017.9,4.1,-0.8,9.608333333333333,7.8,12.4,323.3884025066212,0.34953993855047455,0.0,0.0,0.0,0.0,0.0,0.0,,0.5,0,0,0.0,0.0,0.0,0.0,6.72,0.0,981.68,4.220833333333417,7.7083333333332575,6.380952380952294,2.4416666666666655,0.9608333333333332,0.0,9.3375,7.3,-0.5963873646035865,0.8026967742187512,-0.5963873646035865,0.8026967742187512,-0.44990385118020554,0.7561527859371446,15.0,61.0,,,0.0,6,0.0,0.0,0.7443333333333332,0.0,-0.0,21.375,0.9583333333333339,138,5,2021,229
2022-05-19,0.0,0.0,0,0.0,11.6,20.8,16.1125,7.9,4.3999999999999995,-2.2534870016826383,-2.7041030497542526,53.375,316.2916666666667,600.0,46.0,1018.9166666666666,1016.9,6.3999999999999995,2.1,11.35,9.2,14.2,219.57607324934193,0.698245930719277,0.0,0.0,0.0,0.0,0.0,0.0,,0.5,0,0,0.0,0.0,0.0,0.0,6.72,0.0,981.68,-0.683333333333394,6.600000000000023,5.394642857142799,1.7416666666666671,1.0,0.0,9.712500000000002,9.5,-0.6371021674020193,-0.7707793642097909,-0.6371021674020193,-0.7707793642097909,-1.2027986871481082,-1.4433150028063324,16.0,62.0,,,0.0,6,0.0,0.0,0.722111111111111,0.0,-0.0,26.4,2.6750000000000007,139,5,2021,230
2022-05-20,0.0,1.7000000000000002,0,0.0,12.6,19.5,15.387500000000001,5.3,2.85,0.4613354744691402,-1.8569765304305657,69.25,178.125,600.0,99.08333333333333,1016.9625,1015.6,9.554166666666667,4.4,11.420833333333334,9.8,14.5,182.75347880193647,0.4380938792539599,0.0,0.0,0.0,0.0,0.0,0.0,,0.0,0,0,0.0,0.0,0.0,0.0,6.72,0.0,981.68,-1.9541666666666515,1.5833333333333712,2.5166666666666515,0.07083333333333464,1.0,0.0,5.833333333333334,8.2,-0.04803877505869011,-0.9988454715774912,-0.04803877505869011,-0.9988454715774912,0.3194748160698796,-1.2859562473231667,17.0,63.0,,,0.0,6,0.0,0.0,0.6829166666666667,0.0,-0.0,17.1,-0.7249999999999996,140,5,2021,231
2022-05-21,0.0,13.7,0,0.0,11.8,14.9,13.104166666666666,6.9,3.6875,0.6452531095471755,-2.7462325926571847,90.54166666666667,69.70833333333333,340.0,98.75,1012.6541666666667,1008.7,11.549999999999999,9.8,8.395833333333334,6.9,9.8,174.35444835604423,0.6877587568198459,0.0,0.0,0.0,0.0,0.0,0.0,,0.0,0,0,0.0,0.0,0.0,0.0,6.72,0.0,981.68,-4.30833333333328,-6.945833333333326,-2.7345238095236937,-3.0250000000000004,0.8395833333333333,0.0,1.5541666666666671,2.0,0.09837410066117962,-0.9951495045062848,0.09837410066117962,-0.9951495045062848,0.5842229196025052,-2.486484759935026,18.0,64.0,,,0.0,6,0.0,0.0,0.679388888888889,0.0,-0.0,22.125,-2.283333333333335,141,5,2021,232
2022-05-22,0.0,13.6,0,0.0,10.7,18.5,14.329166666666666,9.2,5.195833333333334,-2.8260426735921462,3.712086629572678,81.375,264.2083333333333,600.0,62.75,1006.5541666666667,1004.8,10.875,10.3,9.095833333333333,5.1,12.3,322.92324295031915,0.8434154904134605,0.0,0.0,0.0,0.0,0.0,0.0,,0.25,0,0,0.0,0.0,0.0,0.0,6.72,0.0,981.68,-6.100000000000023,-12.362499999999955,-8.072023809523785,0.6999999999999993,0.9095833333333333,0.0,3.4541666666666657,0.3999999999999986,-0.6028843854299208,0.797828564169513,-0.6028843854299208,0.797828564169513,-2.2996922256356087,3.0207104948147667,19.0,65.0,,,0.0,6,0.0,0.0,0.7807222222222222,0.0,-0.0,31.175000000000004,1.2249999999999996,142,5,2021,233
2022-05-23,0.0,1.2,0,0.0,9.1,17.7,13.383333333333333,13.3,6.420833333333333,-3.5686925812509798,4.145192025776486,80.5,273.2916666666667,600.0,63.375,1011.35,1006.3,9.683333333333334,7.9,8.916666666666666,6.8,11.9,315.2385943582217,0.7090312169632684,0.0,0.0,0.0,0.0,0.0,0.0,,0.20833333333333334,0,0,0.0,0.0,0.0,0.0,6.72,0.0,981.68,4.7958333333333485,-5.6124999999999545,-3.138095238095275,-0.17916666666666714,0.8916666666666666,0.0,3.6999999999999993,1.1999999999999993,-0.7041560842695849,0.7100452161560736,-0.7041560842695849,0.7100452161560736,-2.872797527907039,3.336879580750071,20.0,66.0,,,0.0,6,0.0,0.0,0.7838611111111112,0.0,-0.0,38.525,-0.9458333333333329,143,5,2021,234
2022-05-24,0.0,0.1,0,0.0,6.1,22.0,15.5375,5.9,3.295833333333333,-0.08852693248817038,-0.8027031484747501,74.29166666666667,331.2916666666667,600.0,46.291666666666664,1016.5083333333333,1015.0,10.345833333333333,5.8,12.987499999999999,10.6,15.7,192.26222150319296,0.24053978993841837,0.0,0.0,0.0,0.0,0.0,0.0,,0.4583333333333333,0,0,0.0,0.0,0.0,0.0,6.72,0.0,981.68,5.158333333333303,3.8541666666666288,1.858928571428578,4.070833333333333,1.0,0.0,5.191666666666666,0.2999999999999998,-0.21238611606862273,-0.9771858255732558,-0.21238611606862273,-0.9771858255732558,-0.06576813359433659,-0.5963415473876998,21.0,67.0,,,0.0,6,0.0,0.0,0.8018333333333333,0.0,-0.0,19.775,2.154166666666667,144,5,2021,235
2022-05-25,0.0,1.5,0,0.0,12.3,22.7,16.720833333333335,9.4,5.379166666666666,0.19527857610830676,-4.000863085711345,75.33333333333333,300.0416666666667,600.0,30.0,1014.5124999999999,1012.0,11.816666666666668,9.3,11.954166666666666,9.2,16.7,184.30377132134734,0.7395716163165036,0.0,0.0,0.0,0.0,0.0,0.0,,0.5416666666666666,0,0,0.0,0.0,0.0,0.0,6.72,0.0,981.68,-1.995833333333394,7.9583333333332575,0.589880952380895,-1.0333333333333332,1.0,0.0,4.904166666666667,3.0,-0.07504436335844861,-0.9971801961170935,-0.07504436335844861,-0.9971801961170935,0.14710986066825776,-3.013983524569213,22.0,68.0,,,0.0,6,0.0,0.0,0.7844722222222223,0.0,-0.0,32.275,1.1833333333333353,145,5,2021,236
2022-05-26,0.0,8.3,0,0.0,9.6,20.0,15.116666666666667,11.6,7.004166666666666,2.3288355181308105,-5.0867629695547345,89.875,229.54166666666666,600.0,98.08333333333333,1010.1916666666666,1007.9,13.308333333333332,9.4,12.329166666666666,10.1,15.8,166.13868719841605,0.6694196484129167,0.0,0.0,0.0,0.0,0.0,0.0,,0.0,0,0,0.0,0.0,0.0,0.0,6.72,0.0,981.68,-4.320833333333326,-1.1583333333334167,-2.4845238095238074,0.375,1.0,0.0,1.8083333333333353,0.1999999999999993,0.23957254156162572,-0.9708784668173989,0.23957254156162572,-0.9708784668173989,2.093040921920066,-4.571728218887318,23.0,69.0,,,0.0,6,0.0,0.0,0.7859444444444444,0.0,-0.0,42.025,-1.6041666666666679,146,5,2021,237
2022-05-27,0.0,36.0,0,0.0,13.0,21.0,15.920833333333334,7.6,4.070833333333334,-0.23655919881295473,-1.6528444129003361,83.625,205.75,600.0,71.33333333333333,1001.6999999999999,998.6,12.879166666666668,9.9,10.083333333333334,7.2,15.0,217.40393912368313,0.38339424849290554,0.0,0.0,0.0,0.0,0.0,0.0,,0.125,0,0,0.0,0.0,0.0,0.0,6.72,0.0,981.68,-8.491666666666674,-14.808333333333394,-8.795833333333348,-2.245833333333332,1.0,0.0,3.041666666666666,3.0999999999999996,-0.6074304548315219,-0.7943728611572594,-0.6074304548315219,-0.7943728611572594,-0.1978226300073334,-1.3821911402879061,24.0,70.0,,,0.0,6,0.0,0.0,0.74925,0.0,-0.0,24.425000000000004,0.8041666666666671,147,5,2021,238
2022-05-28,0.0,0.30000000000000004,0,0.0,8.9,17.8,13.854166666666666,12.1,6.1625000000000005,-4.4814557411403255,2.4749069862433672,73.375,301.0,600.0,70.375,1004.1875,1000.8,8.841666666666667,6.4,10.758333333333333,8.1,15.0,310.08328817452343,0.6725866542165566,0.0,0.0,0.0,0.0,0.0,0.0,,0.08333333333333333,0,0,0.0,0.0,0.0,0.0,6.72,0.0,981.68,2.487500000000068,-10.324999999999932,-5.098809523809564,0.6749999999999989,1.0,0.0,5.012499999999999,2.5,-0.7651092440255719,0.6439004928609837,-0.7651092440255719,0.6439004928609837,-3.2882681500617137,1.8159630011560708,25.0,71.0,,,0.0,6,0.0,0.0,0.7785833333333333,0.0,-0.0,36.975,-2.066666666666668,148,5,2021,239
2022-05-29,0.0,0.0,0,0.0,8.4,24.6,17.041666666666668,10.8,5.1875,-4.168626756358256,2.671356810466883,62.375,354.25,600.0,4.166666666666667,1008.5458333333332,1007.5,8.933333333333334,5.1,15.316666666666668,12.8,18.9,298.1751797976399,0.9395071688540774,0.0,0.0,0.0,0.0,0.0,0.0,,0.9583333333333334,0,0,0.0,0.0,0.0,0.0,3.85,0.0,981.68,4.358333333333235,-1.6458333333333712,-1.025000000000091,4.558333333333335,1.0,0.0,8.108333333333334,3.3000000000000007,-0.8815080756423074,0.47216894495232964,-0.8815080756423074,0.47216894495232964,-2.600180939278462,1.6662588105287182,26.0,72.0,,,0.0,6,0.0,0.0,0.7774166666666668,0.0,-0.0,31.125,3.1875000000000018,149,5,2021,240
2022-05-30,0.0,0.8,0,0.0,12.2,24.8,18.545833333333334,11.1,6.8999999999999995,1.356741925932334,-4.806883266340205,68.25,296.0833333333333,600.0,85.08333333333333,1006.9916666666667,1004.2,12.0375,4.0,15.225,10.4,21.0,181.3424113864181,0.594614021712322,0.0,0.0,0.0,0.0,0.0,0.0,,0.08333333333333333,0,0,0.0,0.0,0.0,0.0,1.8200000000000003,0.0,981.68,-1.5541666666665606,5.2916666666667425,-1.9565476190475692,-0.09166666666666856,1.0,0.0,6.508333333333335,8.2,-0.02342735509777693,-0.9997255418529241,-0.02342735509777693,-0.9997255418529241,0.9259763644488178,-3.28069782927719,27.0,73.0,,,0.0,6,0.0,0.0,0.7582222222222222,0.0,-0.0,41.4,1.5041666666666664,150,5,2021,241
2022-05-31,0.0,10.7,0,0.0,9.1,19.8,15.008333333333333,10.6,5.8875,-0.04944238718950907,-2.565838924286712,92.45833333333333,147.54166666666666,600.0,89.125,1005.0583333333334,1003.1,13.691666666666668,8.5,8.75,4.5,13.3,210.40040652224687,0.3874584286920738,0.0,0.0,0.0,0.0,0.0,0.0,,0.0,0,0,0.0,0.0,0.0,0.0,0.14,0.0,981.68,-1.9333333333332803,0.870833333333394,-2.254166666666606,-6.475,0.875,0.0,1.3166666666666647,0.5999999999999996,-0.5060398837737446,-0.8625100787992306,-0.5060398837737446,-0.8625100787992306,-0.04571360715563359,-2.3723319054134224,28.0,74.0,,,0.0,6,0.0,0.0,0.7398888888888889,0.0,-0.0,35.325,-3.5375000000000014,151,5,2021,242
2022-06-01,0.0,0.0,0,0.0,7.3,20.8,14.8375,6.5,3.7083333333333335,-1.3437138936420479,0.14928379486120988,69.25,267.0416666666667,600.0,75.20833333333333,1009.6750000000001,1008.5,8.745833333333334,4.1,12.195833333333333,9.7,14.6,272.1952942509803,0.20916842747796138,0.0,0.0,0.0,0.0,0.0,0.0,,0.08333333333333333,0,0,0.0,0.0,0.0,0.0,0.14,0.0,981.68,4.616666666666674,1.1291666666668334,3.053571428571445,3.445833333333333,1.0,0.0,6.091666666666667,3.2,-0.9992660658623828,0.03830573868124916,-0.9992660658623828,0.03830573868124916,-0.9305218713471182,0.10337902794138784,29.0,75.0,,,0.0,6,0.0,0.0,0.7421944444444444,0.0,-0.0,22.25,-0.1708333333333325,152,6,2021,243
2022-06-02,0.0,0.5,0,0.0,11.4,22.0,16.5,7.7,4.395833333333333,-2.1459532457501758,-1.964818731845895,68.54166666666667,309.8333333333333,600.0,25.041666666666668,1009.1041666666666,1007.1,10.270833333333334,5.9,12.320833333333333,9.4,16.9,234.7690764572119,0.6933628675057866,0.0,0.0,0.0,0.0,0.0,0.0,,0.5416666666666666,0,0,0.0,0.0,0.0,0.0,0.0,0.0,981.68,-0.5708333333334394,2.1124999999999545,2.638095238095275,0.125,1.0,0.0,6.229166666666666,5.5,-0.8168336686469021,-0.5768732597068814,-0.8168336686469021,-0.5768732597068814,-1.4708721205245996,-1.3467195057860406,30.0,76.0,,,0.0,6,0.0,0.0,0.768361111111111,0.0,-0.0,26.375,1.6624999999999996,153,6,2021,244
2022-06-03,0.0,1.9000000000000001,0,0.0,11.4,18.5,14.512500000000001,9.7,4.504166666666666,-3.1341941695405633,2.3758481201881962,83.0,228.91666666666666,600.0,90.95833333333333,1010.1833333333334,1009.1,11.470833333333333,9.3,8.299999999999999,4.5,12.6,294.6251076178157,0.837744352012733,0.0,0.0,0.0,0.0,0.0,0.0,,0.0,0,0,0.0,0.0,0.0,0.0,0.0,0.0,981.68,1.0791666666667652,5.125,2.5053571428571786,-4.020833333333334,0.8299999999999998,0.0,3.041666666666668,2.0999999999999996,-0.90905360309827,0.416679189178021,-0.90905360309827,0.416679189178021,-2.6013811607186677,1.9719539397562027,31.0,77.0,,,0.0,6,0.0,0.0,0.7626111111111111,0.0,-0.0,27.025,-1.987499999999999,154,6,2021,245
2022-06-04,0.0,0.0,0,0.0,7.5,20.7,14.491666666666667,5.1,3.7375000000000003,-0.24417816443657367,2.6956227980895817,77.29166666666667,312.2083333333333,600.0,67.91666666666667,1012.9250000000001,1011.1,10.116666666666667,7.0,9.9125,7.6,13.2,357.39248426150897,0.6475140652789412,0.0,0.0,0.0,0.0,0.0,0.0,,0.08333333333333333,0,0,0.0,0.0,0.0,0.0,0.0,0.0,981.68,2.7416666666666742,3.25,3.998809523809541,1.6125000000000007,0.99125,0.0,4.375,0.5,-0.045494027086119375,0.9989646107342779,-0.045494027086119375,0.9989646107342779,-0.18872937292910172,2.0834917876900727,32.0,78.0,,,0.0,6,0.0,0.0,0.799111111111111,0.0,-0.0,22.425,-0.020833333333333925,155,6,2021,246
2022-06-05,0.0,2.4,0,0.0,10.7,22.5,16.825,6.8,2.891666666666667,1.525976428096655,-0.5978227919083217,79.0,267.125,600.0,96.54166666666667,1010.5416666666666,1008.1,12.758333333333333,10.6,12.65,8.9,16.7,85.83127216611808,0.4102585410934599,0.0,0.0,0.0,0.0,0.0,0.0,,0.0,0,0,0.0,0.0,0.0,0.0,0.0,0.0,981.68,-2.3833333333334394,1.4375,1.3303571428571104,2.7375000000000007,1.0,0.0,4.066666666666666,0.09999999999999964,0.9973543022461604,0.07269384974724176,0.9973543022461604,0.07269384974724176,1.2055213781963574,-0.4722800056075741,33.0,79.0,,,0.0,6,0.0,0.0,0.77475,0.0,-0.0,17.35,2.333333333333332,156,6,2021,247
2022-06-06,0.0,50.4,0,0.0,11.7,14.6,12.604166666666666,20.2,9.700000000000001,3.4837472564154854,-8.623004678966069,98.45833333333333,84.33333333333333,372.0,99.66666666666667,1000.975,995.2,12.354166666666666,11.0,8.729166666666666,8.0,9.9,162.16020770766946,0.9404372371442179,0.0,0.0,0.0,0.0,0.0,0.0,,0.0,0,0,0.0,0.0,0.0,0.0,0.0,0.0,981.68,-9.566666666666606,-9.208333333333371,-7.376785714285688,-3.9208333333333343,0.8729166666666666,0.0,0.25,0.6999999999999993,0.30635649125483855,-0.9519168557526566,0.30635649125483855,-0.9519168557526566,3.4300394862124133,-8.490066690165342,34.0,80.0,,,0.0,6,0.0,0.0,0.708861111111111,0.0,-0.0,58.2,-4.220833333333333,157,6,2021,248
2022-06-07,0.0,4.3,0,0.0,10.6,16.9,14.270833333333334,7.4,4.341666666666667,-3.2194512516493603,-2.0292542285569803,83.41666666666667,174.20833333333334,560.0,88.16666666666667,1000.4291666666667,995.4,11.395833333333334,9.1,8.116666666666665,6.9,9.4,239.35901404189906,0.8653964340695235,0.0,0.0,0.0,0.0,0.0,0.0,,0.0,0,0,0.0,0.0,0.0,0.0,0.0,0.0,981.68,-0.5458333333333485,-12.495833333333394,-7.261309523809473,-0.6125000000000007,0.8116666666666665,0.0,2.875,1.5,-0.8603776691657867,-0.5096570085860176,-0.8603776691657867,-0.5096570085860176,-2.685558919084175,-1.6927362356546147,35.0,81.0,,,0.0,6,0.0,0.0,0.7275277777777779,0.0,-0.0,26.05,1.6666666666666679,158,6,2021,249
2022-06-08,0.0,7.8999999999999995,0,0.0,9.4,17.6,13.2875,4.7,2.775,-0.39228205968554714,-0.11930480611506455,88.54166666666667,193.58333333333334,600.0,85.375,1010.9791666666666,1008.1,11.379166666666668,8.7,8.354166666666666,6.5,10.3,201.4522094532546,0.0067527002432039495,0.0,0.0,0.0,0.0,0.0,0.0,,0.0,0,0,0.0,0.0,0.0,0.0,0.0,0.0,981.68,10.549999999999955,0.4375,3.1023809523809405,0.2375000000000007,0.8354166666666666,0.0,1.9083333333333314,0.7000000000000011,-0.3657250358028842,-0.9307229438382719,-0.3657250358028842,-0.9307229438382719,-0.3473330736799115,-0.10563446374771342,36.0,82.0,,,0.0,6,0.0,0.0,0.7575277777777778,0.0,-0.0,16.65,-0.9833333333333343,159,6,2021,250
2022-06-09,0.0,1.9000000000000001,0,0.0,9.8,20.0,14.762500000000001,5.2,2.7375000000000003,0.17850794516994142,-1.7288814930644563,84.875,258.5,600.0,82.0,1015.6041666666666,1014.5,11.958333333333334,9.3,10.704166666666666,9.1,12.7,175.73696357238748,0.5033651923907692,0.0,0.0,0.0,0.0,0.0,0.0,,0.0,0,0,0.0,0.0,0.0,0.0,0.0,0.0,981.68,4.625,14.629166666666606,6.798809523809382,2.3499999999999996,1.0,0.0,2.804166666666667,0.5,0.07433539119821499,-0.9972332974863045,0.07433539119821499,-0.9972332974863045,0.15150861846298777,-1.4673881672384572,37.0,83.0,,,0.0,6,0.0,0.0,0.7885833333333333,0.0,-0.0,16.425,1.4750000000000014,160,6,2021,251
2022-06-10,0.0,1.2000000000000002,0,0.0,11.4,21.4,16.283333333333335,5.2,2.9416666666666664,-0.1997111948057532,-2.2670520313082005,83.875,279.0416666666667,600.0,73.20833333333333,1017.4416666666666,1015.6,13.3125,10.6,11.879166666666668,10.9,13.2,186.45904874141917,0.6540424031381711,0.0,0.0,0.0,0.0,0.0,0.0,,0.041666666666666664,0,0,0.0,0.0,0.0,0.0,0.0,0.0,981.68,1.8374999999999773,17.012499999999932,7.599404761904566,1.1750000000000025,1.0,0.0,2.970833333333335,0.8000000000000007,-0.11249304503384587,-0.9936525121082386,-0.11249304503384587,-0.9936525121082386,-0.1675077646433255,-1.9014898912597533,38.0,84.0,,,0.0,6,0.0,0.0,0.7989444444444445,0.0,-0.0,17.65,1.520833333333334,161,6,2021,252
2022-06-11,0.0,4.0,0,0.0,12.0,20.5,16.162499999999998,5.2,2.6916666666666664,0.8423835930287816,-0.8609850118657288,88.29166666666667,188.29166666666666,600.0,100.0,1015.9083333333333,1012.6,14.041666666666666,11.9,11.933333333333332,9.1,14.6,140.11062772860376,0.3251042727383727,0.0,0.0,0.0,0.0,0.0,0.0,,0.0,0,0,0.0,0.0,0.0,0.0,0.0,0.0,981.68,-1.533333333333303,4.929166666666674,5.639880952380963,0.05416666666666359,1.0,0.0,2.120833333333332,0.09999999999999964,0.6413073199485951,-0.7672841203754645,0.6413073199485951,-0.7672841203754645,0.7437545140116619,-0.7601780167264498,39.0,85.0,,,0.0,6,0.0,0.0,0.7531666666666667,0.0,-0.0,16.15,-0.12083333333333712,162,6,2021,253
2022-06-12,0.0,0.30000000000000004,0,0.0,9.2,18.9,14.9625,13.3,7.495833333333334,-2.163367409807363,6.792718556536567,81.125,306.5,600.0,54.375,1011.4916666666667,1009.8,11.483333333333334,7.6,9.179166666666667,6.5,12.8,342.3325978102026,0.9002339113652854,0.0,0.0,0.0,0.0,0.0,0.0,,0.2916666666666667,0,0,0.0,0.0,0.0,0.0,0.0,0.0,981.68,-4.416666666666629,-4.1124999999999545,1.087500000000091,-2.7541666666666647,0.9179166666666667,0.0,3.479166666666666,1.5999999999999996,-0.3034910053663186,0.9528343033611569,-0.3034910053663186,0.9528343033611569,-1.7550318112062235,5.510592928990289,40.0,86.0,,,0.0,6,0.0,0.0,0.8080833333333333,0.0,-0.0,44.975,-1.1999999999999975,163,6,2021,254
2022-06-13,0.0,0.3,0,0.0,8.8,21.4,15.458333333333334,8.2,5.620833333333334,1.563850326544584,-0.09331397845716656,70.20833333333333,297.875,600.0,97.125,1014.0749999999999,1012.2,9.512500000000001,5.2,11.645833333333334,8.8,16.2,69.87760488871157,0.24815433197208803,0.0,0.0,0.0,0.0,0.0,0.0,,0.0,0,0,0.0,0.0,0.0,0.0,0.0,0.0,981.68,2.5833333333332575,-3.3666666666666742,1.799404761904725,2.466666666666667,1.0,0.0,5.945833333333333,3.6000000000000005,0.938959854636895,0.3440267306188008,0.938959854636895,0.3440267306188008,1.0979532500948432,-0.06551418904180235,41.0,87.0,,,0.0,6,0.0,0.0,0.7659444444444444,0.0,-0.0,33.725,0.49583333333333357,164,6,2021,255
2022-06-14,0.0,5.2,0,0.0,11.9,15.8,13.2125,10.3,8.083333333333334,3.315717646243057,-7.269366031260486,94.375,128.41666666666666,417.0,100.0,1017.2458333333334,1016.2,12.279166666666667,11.7,9.208333333333334,8.1,11.7,156.4227569957004,0.9889019155061144,0.0,0.0,0.0,0.0,0.0,0.0,,0.0,0,0,0.0,0.0,0.0,0.0,0.0,0.0,981.68,3.170833333333462,1.337500000000091,2.5678571428571786,-2.4375,0.9208333333333334,0.0,0.9333333333333336,0.20000000000000107,0.3999850359126709,-0.9165216697088724,0.3999850359126709,-0.9165216697088724,3.129208528641885,-6.860464192002085,42.0,88.0,,,0.0,6,0.0,0.0,0.7335277777777778,0.0,-0.0,48.5,-2.2458333333333336,165,6,2021,256
2022-06-15,0.0,10.3,0,0.0,11.5,18.4,14.058333333333332,9.4,6.3374999999999995,3.2672100031583082,-5.00926950045353,96.95833333333333,118.08333333333333,484.0,100.0,1014.0333333333333,1010.8,13.541666666666666,11.2,12.5625,9.5,14.7,148.27775037085846,0.7736109011226069,0.0,0.0,0.0,0.0,0.0,0.0,,0.0,0,0,0.0,0.0,0.0,0.0,0.0,0.0,981.68,-3.212500000000091,2.5416666666666288,-1.0809523809523398,3.354166666666666,1.0,0.0,0.5166666666666657,0.3000000000000007,0.5258020063140291,-0.8506069892471738,0.5258020063140291,-0.8506069892471738,3.1678323655622425,-4.8569042198147345,43.0,89.0,,,0.0,6,0.0,0.0,0.7352500000000001,0.0,-0.0,38.025,0.8458333333333314,166,6,2021,257
2022-06-16,0.0,8.9,0,0.0,14.9,22.3,18.05,6.6,2.904166666666667,0.4650246299830816,-2.030555382031468,86.375,223.25,600.0,89.04166666666667,1011.125,1009.6,15.558333333333332,13.9,13.737499999999999,11.5,17.0,170.71217301212238,0.4507301068874005,0.0,0.0,0.0,0.0,0.0,0.0,,0.0,0,0,0.0,0.0,0.0,0.0,0.0,0.0,981.68,-2.908333333333303,-2.949999999999932,-3.3494047619047933,1.174999999999999,1.0,0.0,2.491666666666669,1.0,0.16139415093941648,-0.9868900283428468,0.16139415093941648,-0.9868900283428468,0.40166502414788674,-1.7538922112296804,44.0,90.0,,,0.0,6,0.0,0.0,0.7700833333333333,0.0,-0.0,17.425,3.991666666666669,167,6,2021,258
2022-06-17,0.0,2.7,0,0.0,14.7,22.9,18.724999999999998,5.8,2.6,-1.6378996811718858,-1.2173403652426498,79.79166666666667,277.5416666666667,600.0,55.708333333333336,1011.6333333333333,1010.6,14.866666666666667,13.7,15.366666666666667,13.3,17.6,230.2019744129978,0.6804997295301415,0.0,0.0,0.0,0.0,0.0,0.0,,0.2916666666666667,0,0,0.0,0.0,0.0,0.0,0.0,0.0,981.68,0.5083333333333258,-5.612500000000068,-2.011309523809473,1.6291666666666682,1.0,0.0,3.8583333333333307,1.0,-0.7683055813224666,-0.6400832240488314,-0.7683055813224666,-0.6400832240488314,-1.3069074539350671,-0.9713361664331976,45.0,91.0,,,0.0,6,0.0,0.0,0.7843333333333334,0.0,-0.0,15.600000000000001,0.6749999999999972,168,6,2021,259
2022-06-18,0.0,1.5,0,0.0,15.2,22.9,19.420833333333334,7.2,3.3125,0.25822227650637447,-1.8752494563399844,81.41666666666667,225.375,600.0,88.29166666666667,1012.5791666666668,1010.9,16.058333333333334,13.3,15.9125,13.6,18.7,209.47198674940316,0.42252968296223137,0.0,0.0,0.0,0.0,0.0,0.0,,0.08333333333333333,0,0,0.0,0.0,0.0,0.0,0.0,0.0,981.68,0.9458333333334394,-1.4541666666665378,-0.589880952380895,0.5458333333333325,1.0,0.0,3.3625000000000007,1.8999999999999986,-0.4919979639486783,-0.8705963493320857,-0.4919979639486783,-0.8705963493320857,0.21023597012227324,-1.526765599036804,46.0,92.0,,,0.0,6,0.0,0.0,0.7549722222222223,0.0,-0.0,19.875,0.6958333333333364,169,6,2021,260
2022-06-19,0.0,0.5,0,0.0,13.6,26.1,19.875,5.2,3.1833333333333336,-1.7303165200029422,-1.4819028458880055,80.45833333333333,291.625,600.0,33.791666666666664,1010.4583333333334,1008.4,15.975,13.2,16.3125,13.6,19.9,227.54650954593356,0.724072070504589,0.0,0.0,0.0,0.0,0.0,0.0,,0.16666666666666666,0,0,0.0,0.0,0.0,0.0,0.0,0.0,981.68,-2.120833333333394,-0.6666666666666288,-2.5630952380951157,0.40000000000000036,1.0,0.0,3.9000000000000004,0.40000000000000036,-0.7378255006202864,-0.6749915041201806,-0.7378255006202864,-0.6749915041201806,-1.3921838333857004,-1.1923143314207243,47.0,93.0,,,0.0,6,0.0,0.0,0.7959444444444445,0.0,-0.0,19.1,0.4541666666666657,170,6,2021,261
2022-06-20,0.0,2.6,0,0.0,15.3,26.2,20.429166666666667,3.3,2.033333333333333,-1.396599633625421,1.0508042279386345,83.625,289.0833333333333,600.0,67.41666666666667,1008.5166666666668,1006.5,17.279166666666665,14.7,16.620833333333334,14.5,20.2,304.42494874412307,0.8103940899162929,0.0,0.0,0.0,0.0,0.0,0.0,,0.0,0,0,0.0,0.0,0.0,0.0,0.0,0.0,981.68,-1.941666666666606,-3.1166666666665606,-3.710714285714289,0.30833333333333357,1.0,0.0,3.150000000000002,0.6000000000000014,-0.8248674121137928,0.5653262354010242,-0.8248674121137928,0.5653262354010242,-1.1679064436192583,0.878735035613683,48.0,94.0,,,0.0,6,0.0,0.0,0.8048055555555557,0.0,-0.0,12.2,0.5541666666666671,171,6,2021,262
2022-06-21,0.0,1.1,0,0.0,14.4,25.2,19.837500000000002,6.4,3.7583333333333333,1.1260398342652032,-2.5011825121178757,88.0,214.58333333333334,600.0,98.125,1009.9875000000001,1009.0,17.633333333333333,14.3,17.095833333333335,14.5,21.0,171.73505661241722,0.5272434848217542,0.0,0.0,0.0,0.0,0.0,0.0,,0.0,0,0,0.0,0.0,0.0,0.0,0.0,0.0,981.68,1.470833333333303,-2.591666666666697,-1.2029761904761926,0.4750000000000014,1.0,0.0,2.2041666666666693,0.09999999999999964,0.1437507293871987,-0.989613928661399,0.1437507293871987,-0.989613928661399,0.9909150541533788,-2.2010406106637306,49.0,95.0,,,0.0,6,0.0,0.0,0.7697222222222222,0.0,-0.0,22.55,-0.591666666666665,172,6,2021,263
2022-06-22,0.0,0.6000000000000001,0,0.0,15.3,26.7,21.191666666666666,8.2,4.7250000000000005,1.7359871780567397,-3.0304044852834036,86.70833333333333,288.1666666666667,600.0,95.125,1011.1166666666667,1009.4,18.6375,15.3,17.025,15.4,20.4,158.76541968824955,0.5806813605765884,0.0,0.0,0.0,0.0,0.0,0.0,,0.0,0,0,0.0,0.0,0.0,0.0,0.0,0.0,981.68,1.129166666666606,0.658333333333303,0.3428571428569285,-0.07083333333333641,1.0,0.0,2.554166666666667,0.0,0.3621871991684261,-0.9321053764240022,0.3621871991684261,-0.9321053764240022,1.5052455489733645,-2.6276132224478177,50.0,96.0,,,0.0,6,0.0,0.0,0.8144722222222223,0.0,-0.0,28.35,1.3541666666666643,173,6,2021,264
2022-06-23,0.0,2.3000000000000003,0,0.0,19.8,27.5,22.545833333333334,8.7,4.016666666666667,1.9813788856938974,-3.3965352428917472,85.16666666666667,283.5,600.0,97.66666666666667,1012.2333333333332,1010.4,19.545833333333334,18.0,18.162499999999998,15.6,21.4,147.3731349904286,0.968586662708901,0.0,0.0,0.0,0.0,0.0,0.0,,0.0,0,0,0.0,0.0,0.0,0.0,0.0,0.0,981.68,1.1166666666665606,3.7166666666664696,1.3011904761902997,1.1374999999999993,1.0,0.0,3.0,1.8000000000000007,0.5391657372659558,-0.8421996840170733,0.5391657372659558,-0.8421996840170733,1.687474350982636,-2.8927158485294715,51.0,97.0,,,0.0,6,0.0,0.0,0.8062222222222223,0.0,-0.0,24.1,1.3541666666666679,174,6,2021,265
2022-06-24,0.0,3.8,0,0.0,19.3,28.5,22.758333333333336,10.9,8.058333333333334,3.1840216693873242,-6.821550323486339,86.95833333333333,239.95833333333334,600.0,90.54166666666667,1007.1041666666666,1004.3,20.175,19.0,19.104166666666668,15.7,24.5,150.51614632871753,0.9291500939665988,0.0,0.0,0.0,0.0,0.0,0.0,,0.0,0,0,0.0,0.0,0.0,0.0,0.0,0.0,981.68,-5.129166666666606,-2.8833333333334394,-3.1809523809524762,0.94166666666667,1.0,0.0,2.5833333333333357,0.3000000000000007,0.4921782685758922,-0.8704944295867935,0.4921782685758922,-0.8704944295867935,2.768772176671394,-5.931906468798329,52.0,98.0,,,0.0,6,0.0,0.0,0.7831666666666667,0.0,-0.0,48.35,0.21250000000000213,175,6,2021,266
2022-06-25,0.0,17.7,0,0.0,19.8,28.6,23.520833333333332,8.2,3.775,-0.26496683132260185,-2.253058773050262,79.95833333333333,282.2083333333333,600.0,77.70833333333333,1009.6458333333334,1005.5,19.391666666666666,16.4,18.679166666666667,15.7,22.7,170.01816518518788,0.5235494804210666,0.0,0.0,0.0,0.0,0.0,0.0,,0.041666666666666664,0,0,0.0,0.0,0.0,0.0,0.0,0.0,981.68,2.5416666666667425,-1.470833333333303,-0.22023809523807358,-0.4250000000000007,1.0,0.0,4.129166666666666,3.400000000000002,0.173335943238991,-0.9848627573329439,0.173335943238991,-0.9848627573329439,-0.21186306221169704,-1.8015082439514385,53.0,99.0,,,0.0,6,0.0,0.0,0.7879999999999999,0.0,-0.0,22.65,0.7624999999999957,176,6,2021,267
2022-06-26,0.0,1.1,0,0.0,17.6,26.2,22.504166666666666,8.0,3.8833333333333333,-0.1138274229432691,-2.6160659487275097,79.04166666666667,259.6666666666667,600.0,92.58333333333333,1016.35,1014.9,18.470833333333335,16.8,17.679166666666667,15.6,19.6,175.25675712824955,0.5934429741141892,0.0,0.0,0.0,0.0,0.0,0.0,,0.0,0,0,0.0,0.0,0.0,0.0,0.0,0.0,981.68,6.7041666666666515,4.116666666666788,5.642261904761881,-1.0,1.0,0.0,4.033333333333331,0.8000000000000007,0.08269067784517073,-0.9965752614817941,0.08269067784517073,-0.9965752614817941,-0.08997109221807563,-2.0677821269733694,54.0,100.0,,,0.0,6,0.0,0.0,0.7699166666666667,0.0,-0.0,23.3,-1.0166666666666657,177,6,2021,268
2022-06-27,0.0,4.3,0,0.0,18.2,27.2,22.1125,6.5,3.1999999999999997,-2.6764369768769485,-0.6702299967742268,85.70833333333333,182.04166666666666,600.0,95.95833333333333,1017.4208333333332,1016.1,19.416666666666668,16.7,18.116666666666667,15.9,21.0,250.8775776869831,0.8419175546408265,0.0,0.0,0.0,0.0,0.0,0.0,,0.0,0,0,0.0,0.0,0.0,0.0,0.0,0.0,981.68,1.070833333333212,10.316666666666606,5.441071428571377,0.4375,1.0,0.0,2.695833333333333,1.5,-0.9448207853058019,-0.32758767323287336,-0.9448207853058019,-0.32758767323287336,-2.2939295255982843,-0.5744429597352435,55.0,101.0,,,0.0,6,0.0,0.0,0.7403888888888889,0.0,-0.0,19.2,-0.3916666666666657,178,6,2021,269
2022-06-28,0.0,0.1,0,0.0,17.6,30.1,24.554166666666664,6.5,3.2583333333333333,-1.4419267919239758,-2.1433122422019273,73.04166666666667,320.25,600.0,83.41666666666667,1014.7041666666668,1012.7,18.983333333333334,16.6,21.079166666666666,18.9,24.5,217.70488436520174,0.6751135973713678,0.0,0.0,0.0,0.0,0.0,0.0,,0.125,0,0,0.0,0.0,0.0,0.0,0.0,0.0,981.68,-2.7166666666664696,5.058333333333394,2.0505952380954113,2.9624999999999986,1.0,0.0,5.570833333333329,1.0,-0.6115944883889006,-0.7911713984796966,-0.6115944883889006,-0.7911713984796966,-1.0532073609344708,-1.5655109835749912,56.0,102.0,,,0.0,6,0.0,0.0,0.7903055555555555,0.0,-0.0,19.55,2.441666666666663,179,6,2021,270
2022-06-29,0.0,0.0,0,0.0,19.9,30.8,25.491666666666664,5.4,2.6333333333333333,-1.6184754555985805,-0.9297560289488698,72.41666666666667,323.1666666666667,600.0,98.83333333333333,1013.8041666666667,1012.3,19.849999999999998,17.3,19.883333333333333,16.4,24.5,247.0574767416019,0.5582123191774264,0.0,0.0,0.0,0.0,0.0,0.0,,0.0,0,0,0.0,0.0,0.0,0.0,0.0,0.0,981.68,-0.900000000000091,-2.5458333333333485,0.7666666666665378,-1.1958333333333329,1.0,0.0,5.641666666666666,2.599999999999998,-0.920896355429952,-0.389807519881071,-0.920896355429952,-0.389807519881071,-1.1720459757626387,-0.6732983242971399,57.0,103.0,,,0.0,6,0.0,0.0,0.7901666666666668,0.0,-0.0,15.8,0.9375,180,6,2021,271
2022-06-30,0.0,0.0,0,0.0,17.5,29.8,23.691666666666666,6.1,3.3208333333333333,-2.405632306227737,1.1476561591276127,78.875,326.0416666666667,600.0,43.291666666666664,1016.7624999999999,1015.5,19.275000000000002,17.0,19.679166666666667,17.3,22.7,287.04455298807915,0.6722110429821977,0.0,0.0,0.0,0.0,0.0,0.0,,0.2916666666666667,0,0,0.0,0.0,0.0,0.0,0.0,0.0,981.68,2.9583333333332575,-0.658333333333303,3.077976190476079,-0.20416666666666572,1.0,0.0,4.416666666666664,0.5,-0.9560771197025935,0.2931152353276656,-0.9560771197025935,0.2931152353276656,-1.8974424815371276,0.9052137955119045,58.0,104.0,,,0.0,6,0.0,0.0,0.8136111111111112,0.0,-0.0,19.925,-1.7999999999999972,181,6,2021,272
2022-07-01,0.0,0.4,0,0.0,16.4,30.0,23.875,4.1,2.370833333333333,-0.37449910229275657,1.0503822623699173,77.79166666666667,328.875,600.0,37.166666666666664,1019.0625,1017.8,19.150000000000002,16.0,20.495833333333334,18.9,23.2,337.1870164487558,0.47194566486670625,0.0,0.0,0.0,0.0,0.0,0.0,,0.4583333333333333,0,0,0.0,0.0,0.0,0.0,0.0,0.0,981.68,2.300000000000068,4.358333333333235,3.6696428571428896,0.8166666666666664,1.0,0.0,4.724999999999998,0.3999999999999986,-0.38772447596201404,0.9217753146727143,-0.38772447596201404,0.9217753146727143,-0.2913290933252402,0.8171098682685982,59.0,105.0,,,0.0,6,0.0,0.0,0.8118888888888889,0.0,-0.0,14.224999999999998,0.18333333333333357,182,7,2021,273
2022-07-02,0.0,0.0,0,0.0,17.5,31.5,24.670833333333334,5.9,2.9499999999999997,0.13013818520103057,-0.7078436494245378,73.66666666666667,319.7083333333333,600.0,33.083333333333336,1018.3125,1015.9,18.754166666666666,15.3,20.650000000000002,16.5,24.5,223.3794538745289,0.1618962014312796,0.0,0.0,0.0,0.0,0.0,0.0,,0.4166666666666667,0,0,0.0,0.0,0.0,0.0,0.0,0.0,981.68,-0.75,4.508333333333326,1.681547619047592,0.15416666666666856,1.0,0.0,5.916666666666668,2.1999999999999993,-0.6868269187447799,-0.7268210121395443,-0.6868269187447799,-0.7268210121395443,0.09586846309809254,-0.5214448217427429,60.0,106.0,,,0.0,6,0.0,0.0,0.7920277777777778,0.0,-0.0,17.7,0.7958333333333343,183,7,2021,274
2022-07-03,0.0,17.5,0,0.0,19.1,26.0,22.3125,6.6,3.2624999999999997,-0.9525300733250538,-1.3232272258458864,88.125,140.5,600.0,93.20833333333333,1015.6708333333332,1013.9,20.166666666666668,17.6,16.95,16.2,18.3,232.95181531618763,0.5035120936231994,0.0,0.0,0.0,0.0,0.0,0.0,,0.041666666666666664,0,0,0.0,0.0,0.0,0.0,0.0,0.0,981.68,-2.641666666666765,-1.091666666666697,-0.863095238095184,-3.700000000000003,1.0,0.0,2.145833333333332,1.5,-0.7981291124599987,-0.6024864478507502,-0.7981291124599987,-0.6024864478507502,-0.8394171271177037,-1.1660939927766873,61.0,107.0,,,0.0,6,0.0,0.0,0.7207500000000001,0.0,-0.0,19.575,-2.3583333333333343,184,7,2021,275
2022-07-04,0.0,4.9,0,0.0,19.1,26.0,22.125,4.7,2.0083333333333333,-0.3346175850774973,-1.035577120219647,91.04166666666667,203.625,600.0,93.20833333333333,1013.0708333333333,1012.0,20.508333333333333,19.0,17.241666666666667,15.7,18.8,206.6753658109585,0.5293287882747718,0.0,0.0,0.0,0.0,0.0,0.0,,0.0,0,0,0.0,0.0,0.0,0.0,0.0,0.0,981.68,-2.599999999999909,-5.991666666666674,-2.8416666666668107,0.29166666666666785,1.0,0.0,1.6166666666666671,0.10000000000000142,-0.4489348541180841,-0.8935644894231052,-0.4489348541180841,-0.8935644894231052,-0.30464142641430486,-0.9428066698666371,62.0,108.0,,,0.0,6,0.0,0.0,0.7725555555555556,0.0,-0.0,12.05,-0.1875,185,7,2021,276
2022-07-05,0.0,0.30000000000000004,0,0.0,18.0,25.1,21.75,10.8,5.466666666666666,1.1328849877552054,-3.6945900046986124,86.75,239.70833333333334,600.0,79.04166666666667,1011.6208333333334,1009.4,19.341666666666665,17.6,17.395833333333332,15.9,19.4,181.6391469093712,0.5377437176828791,0.0,0.0,0.0,0.0,0.0,0.0,,0.041666666666666664,0,0,0.0,0.0,0.0,0.0,0.0,0.0,981.68,-1.4499999999999318,-6.691666666666606,-3.8511904761904816,0.154166666666665,1.0,0.0,2.408333333333335,0.3999999999999986,-0.028604608227785957,-0.9995908044735781,-0.028604608227785957,-0.9995908044735781,0.9827777268776408,-3.2050568290760464,63.0,109.0,,,0.0,6,0.0,0.0,0.7823055555555557,0.0,-0.0,32.8,-0.375,186,7,2021,277
2022-07-06,0.0,1.4,0,0.0,16.9,27.0,22.47083333333333,9.1,5.070833333333334,-1.3556305869648007,3.6022764401922545,80.875,271.4166666666667,600.0,60.708333333333336,1010.4666666666667,1009.5,18.82916666666667,16.3,17.75,15.4,20.4,324.11860364678495,0.7371576464727683,0.0,0.0,0.0,0.0,0.0,0.0,,0.20833333333333334,0,0,0.0,0.0,0.0,0.0,0.0,0.0,981.68,-1.154166666666697,-5.204166666666538,-4.528571428571354,0.35416666666666785,1.0,0.0,3.641666666666662,0.5999999999999979,-0.5861093094499858,0.8102319898498582,-0.5861093094499858,0.8102319898498582,-1.0963662372077825,2.913341071005486,64.0,110.0,,,0.0,6,0.0,0.0,0.783861111111111,0.0,-0.0,30.425000000000004,0.7208333333333314,187,7,2021,278
2022-07-07,0.0,1.6,0,0.0,15.5,26.5,21.683333333333334,6.7,3.466666666666667,1.4614237788844475,0.15467809314888664,81.5,292.4166666666667,600.0,39.708333333333336,1012.3375,1011.1,18.1375,14.3,17.391666666666666,15.2,21.2,68.53200055445835,0.1802018464346858,0.0,0.0,0.0,0.0,0.0,0.0,,0.25,0,0,0.0,0.0,0.0,0.0,0.0,0.0,981.68,1.8708333333332803,-0.7333333333333485,-2.0255952380952067,-0.3583333333333343,1.0,0.0,3.5458333333333343,1.1999999999999993,0.930622119301085,0.3659815173851777,0.930622119301085,0.3659815173851777,1.1910603797908248,0.1260626459163426,65.0,111.0,,,0.0,6,0.0,0.0,0.7999444444444445,0.0,-0.0,20.8,-0.7874999999999979,188,7,2021,279
2022-07-08,0.0,1.4,0,0.0,16.4,28.1,22.241666666666664,7.2,3.4875000000000003,1.5518675234862531,0.09206068138326202,85.75,281.7083333333333,600.0,88.875,1009.2958333333332,1007.4,19.454166666666666,16.2,17.875,15.7,21.8,93.24590409729272,0.18343948210697622,0.0,0.0,0.0,0.0,0.0,0.0,,0.0,0,0,0.0,0.0,0.0,0.0,0.0,0.0,981.68,-3.0416666666667425,-2.325000000000159,-3.6720238095238074,0.4833333333333343,1.0,0.0,2.787499999999998,0.1999999999999993,0.9983957208028892,-0.0566214154051215,0.9983957208028892,-0.0566214154051215,1.3307264013894622,0.07894203428614718,66.0,112.0,,,0.0,6,0.0,0.0,0.8069722222222223,0.0,-0.0,20.925,0.55833333333333,189,7,2021,280
2022-07-09,0.0,1.1,0,0.0,18.9,27.3,22.65833333333333,6.9,2.983333333333333,0.15911908180806164,-1.61909384939719,84.20833333333333,251.625,600.0,97.5,1005.9041666666667,1003.4,19.5625,18.3,18.7,16.1,23.1,177.8419073650243,0.43943029186272725,0.0,0.0,0.0,0.0,0.0,0.0,,0.0,0,0,0.0,0.0,0.0,0.0,0.0,0.0,981.68,-3.391666666666538,-4.5625,-5.291071428571399,0.8249999999999993,1.0,0.0,3.0958333333333314,0.5999999999999979,0.037656916502658316,-0.9992907267855096,0.037656916502658316,-0.9992907267855096,0.1339915268058719,-1.3634119456798837,67.0,113.0,,,0.0,6,0.0,0.0,0.7817777777777778,0.0,-0.0,17.9,0.41666666666666785,190,7,2021,281
2022-07-10,0.0,5.2,0,0.0,20.4,26.9,22.78333333333333,6.8,3.35,0.6321666688521247,-1.3392377756540366,88.45833333333333,196.0,600.0,74.0,1008.8291666666668,1007.1,20.716666666666665,18.3,18.083333333333332,16.5,20.6,155.87463165296225,0.31796408318288344,0.0,0.0,0.0,0.0,0.0,0.0,,0.041666666666666664,0,0,0.0,0.0,0.0,0.0,0.0,0.0,981.68,2.925000000000068,-3.508333333333212,-1.3886904761905043,-0.6166666666666671,1.0,0.0,2.0666666666666664,2.099999999999998,0.4087345878830606,-0.9126532948869821,0.4087345878830606,-0.9126532948869821,0.5592040991554419,-1.1846674157139665,68.0,114.0,,,0.0,6,0.0,0.0,0.758861111111111,0.0,-0.0,20.1,0.125,191,7,2021,282
2022-07-11,0.0,3.5,0,0.0,18.8,28.8,23.520833333333332,5.4,2.5749999999999997,0.41714855902952225,-1.5723993201054274,89.41666666666667,252.0,600.0,96.75,1010.8208333333333,1009.2,21.4875,18.8,18.754166666666666,16.3,22.0,188.02148606105345,0.45576510687945493,0.0,0.0,0.0,0.0,0.0,0.0,,0.0,0,0,0.0,0.0,0.0,0.0,0.0,0.0,981.68,1.9916666666665606,1.525000000000091,0.9244047619048388,0.6708333333333343,1.0,0.0,2.0333333333333314,0.0,-0.13954444417565331,-0.9902158088516402,-0.13954444417565331,-0.9902158088516402,0.3730003365322312,-1.4059870587276029,69.0,115.0,,,0.0,6,0.0,0.0,0.7993888888888888,0.0,-0.0,15.45,0.7375000000000007,192,7,2021,283
2022-07-12,0.0,32.5,0,0.0,18.8,25.8,21.820833333333336,6.4,3.1458333333333335,0.6158214293219949,-2.212247455662793,95.125,159.08333333333334,600.0,85.54166666666667,1009.7333333333332,1008.1,20.945833333333333,18.6,17.0,15.7,19.4,164.80184475307948,0.6302148322802101,0.0,0.0,0.0,0.0,0.0,0.0,,0.0,0,0,0.0,0.0,0.0,0.0,0.0,0.0,981.68,-1.087500000000091,3.829166666666538,0.10654761904743282,-1.7541666666666664,1.0,0.0,0.8750000000000036,0.1999999999999993,0.2621581078543044,-0.9650249356810687,0.2621581078543044,-0.9650249356810687,0.5858001346425477,-2.104400392199232,70.0,116.0,,,0.0,6,0.0,0.0,0.7564722222222223,0.0,-0.0,18.875,-1.6999999999999957,193,7,2021,284
2022-07-13,0.0,0.4,0,0.0,17.9,27.2,22.3,8.7,4.670833333333333,2.5652753179969943,-2.579477853904438,86.95833333333333,264.125,600.0,81.5,1007.9625,1006.6,19.779166666666665,17.8,17.645833333333332,16.1,20.8,139.80727891430612,0.6045073988263184,0.0,0.0,0.0,0.0,0.0,0.0,,0.125,0,0,0.0,0.0,0.0,0.0,0.0,0.0,981.68,-1.7708333333332575,-0.8666666666667879,-1.306547619047592,0.6458333333333321,1.0,0.0,2.5208333333333357,0.09999999999999787,0.6453606490885376,-0.7638780220742193,0.6453606490885376,-0.7638780220742193,2.2307206619415525,-2.243070950457734,71.0,117.0,,,0.0,6,0.0,0.0,0.7992777777777778,0.0,-0.0,28.025,0.4791666666666643,194,7,2021,285
2022-07-14,0.0,13.8,0,0.0,19.3,25.6,21.133333333333333,9.4,6.979166666666667,3.923177757521172,-5.65242417080394,95.79166666666667,143.70833333333334,600.0,99.625,1006.5083333333333,1005.2,20.395833333333332,19.0,17.258333333333333,16.3,18.9,146.723707776415,0.9828923444396608,0.0,0.0,0.0,0.0,0.0,0.0,,0.0,0,0,0.0,0.0,0.0,0.0,0.0,0.0,981.68,-1.4541666666666515,-4.3125,-1.9279761904762154,-0.3874999999999993,1.0,0.0,0.7375000000000007,0.3000000000000007,0.5486769316772329,-0.8360344637903734,0.5486769316772329,-0.8360344637903734,3.7580773602254895,-5.414551320282608,72.0,118.0,,,0.0,6,0.0,0.0,0.7484444444444445,0.0,-0.0,41.875,-1.1666666666666679,195,7,2021,286
2022-07-15,0.0,22.200000000000003,0,0.0,19.7,24.2,20.891666666666666,8.4,4.9375,2.3454104902298747,-3.551788567563918,95.08333333333333,128.625,600.0,92.95833333333333,1004.1666666666666,1003.2,20.054166666666667,18.9,16.804166666666667,15.3,19.1,153.41575601555476,0.7870280262689759,0.0,0.0,0.0,0.0,0.0,0.0,,0.041666666666666664,0,0,0.0,0.0,0.0,0.0,0.0,0.0,981.68,-2.341666666666697,-5.566666666666606,-3.5369047619047933,-0.4541666666666657,1.0,0.0,0.8374999999999986,0.8000000000000007,0.4475131835499224,-0.894277334247611,0.4475131835499224,-0.894277334247611,2.230094474460239,-3.377158962992025,73.0,119.0,,,0.0,6,0.0,0.0,0.7360277777777777,0.0,-0.0,29.625,-0.24166666666666714,196,7,2021,287
2022-07-16,0.0,8.6,0,0.0,16.8,24.3,20.825,9.2,4.5,0.9187021152077591,-3.1826361990760486,91.83333333333333,216.25,600.0,95.33333333333333,1004.3458333333333,1003.6,19.370833333333334,16.8,17.304166666666667,15.0,20.6,176.95478423431302,0.5906726259854593,0.0,0.0,0.0,0.0,0.0,0.0,,0.0,0,0,0.0,0.0,0.0,0.0,0.0,0.0,981.68,0.17916666666667425,-3.6166666666666742,-3.1351190476191277,0.5,1.0,0.0,1.4541666666666657,0.0,0.05312402232748975,-0.9985879221439384,0.05312402232748975,-0.9985879221439384,0.8436747757991254,-2.9227209094848376,74.0,120.0,,,0.0,6,0.0,0.0,0.7836111111111111,0.0,-0.0,27.0,-0.06666666666666643,197,7,2021,288
2022-07-17,0.0,18.0,0,0.0,17.2,25.0,20.883333333333333,5.9,2.8000000000000003,-0.5808972286236253,-1.2275746873080469,92.125,229.375,600.0,81.5,1003.4916666666667,1002.0,19.491666666666667,17.0,16.795833333333334,15.1,18.6,223.75122912290337,0.5207055264633146,0.0,0.0,0.0,0.0,0.0,0.0,,0.0,0,0,0.0,0.0,0.0,0.0,0.0,0.0,981.68,-0.8541666666666288,-3.0166666666666515,-3.2267857142855974,-0.5083333333333329,1.0,0.0,1.3916666666666657,0.1999999999999993,-0.691528551949371,-0.7223491273884161,-0.691528551949371,-0.7223491273884161,-0.5351515718695148,-1.1309031806825383,75.0,121.0,,,0.0,6,0.0,0.0,0.7933333333333333,0.0,-0.0,16.8,0.05833333333333357,198,7,2021,289
2022-07-18,0.0,2.0,0,0.0,17.2,27.1,22.045833333333334,5.9,2.766666666666667,-0.28730128668873184,-1.5934843285680789,86.25,233.625,600.0,96.75,1006.9458333333333,1005.3,19.358333333333334,17.1,18.224999999999998,15.9,21.0,195.65786035107618,0.5437820213277152,0.0,0.0,0.0,0.0,0.0,0.0,,0.0,0,0,0.0,0.0,0.0,0.0,0.0,0.0,981.68,3.4541666666666515,2.779166666666697,0.7809523809523853,1.4291666666666636,1.0,0.0,2.6875,0.09999999999999787,-0.26989233654405814,-0.9628905060674287,-0.26989233654405814,-0.9628905060674287,-0.24779735976903122,-1.374380233389968,76.0,122.0,,,0.0,6,0.0,0.0,0.7765833333333333,0.0,-0.0,16.6,1.1625000000000014,199,7,2021,290
2022-07-19,0.0,34.1,0,0.0,19.2,23.3,21.458333333333332,6.7,4.220833333333333,1.6817453498431842,-2.9854451922618224,97.5,72.83333333333333,224.0,100.0,1005.25,1003.3,21.058333333333334,18.8,17.441666666666666,14.7,19.9,156.18309412657533,0.6443201907075589,0.0,0.0,0.0,0.0,0.0,0.0,,0.0,0,0,0.0,0.0,0.0,0.0,0.0,0.0,981.68,-1.6958333333333258,0.904166666666697,-0.27440476190463414,-0.7833333333333314,1.0,0.0,0.3999999999999986,0.3999999999999986,0.40381524966723764,-0.9148405566743237,0.40381524966723764,-0.9148405566743237,1.6397017160971046,-2.910809062455277,77.0,123.0,,,0.0,6,0.0,0.0,0.7068888888888889,0.0,-0.0,25.325,-0.5875000000000021,200,7,2021,291
2022-07-20,0.0,3.5,0,0.0,17.8,26.3,22.291666666666668,6.0,3.75,-2.7089761787476205,2.296743265711472,86.04166666666667,221.33333333333334,600.0,93.16666666666667,1007.7041666666668,1004.9,19.683333333333334,17.1,16.895833333333332,14.5,20.4,307.06665742065445,0.9371548851774103,0.0,0.0,0.0,0.0,0.0,0.0,,0.0,0,0,0.0,0.0,0.0,0.0,0.0,0.0,981.68,2.454166666666765,4.212500000000091,2.216666666666697,-0.5458333333333343,1.0,0.0,2.6083333333333343,0.6999999999999993,-0.7979348232775996,0.6027437414033812,-0.7979348232775996,0.6027437414033812,-2.330848253797432,1.9761561848725793,78.0,124.0,,,0.0,6,0.0,0.0,0.7676944444444445,0.0,-0.0,22.5,0.8333333333333357,201,7,2021,292
2022-07-21,0.0,5.5,0,0.0,15.4,25.8,20.9375,7.2,2.6041666666666665,0.8718618396099546,-1.3947134434644297,86.0,161.54166666666666,600.0,96.25,1008.3041666666667,1006.6,18.283333333333335,15.0,17.483333333333334,15.1,19.7,161.78404103256477,0.3896006834732554,0.0,0.0,0.0,0.0,0.0,0.0,,0.0,0,0,0.0,0.0,0.0,0.0,0.0,0.0,981.68,0.599999999999909,1.3583333333333485,2.5601190476189686,0.5875000000000021,1.0,0.0,2.654166666666665,0.40000000000000036,0.31259950830887817,-0.9498850179916765,0.31259950830887817,-0.9498850179916765,0.7498011820645609,-1.1994535613794097,79.0,125.0,,,0.0,6,0.0,0.0,0.7276944444444444,0.0,-0.0,15.625,-1.3541666666666679,202,7,2021,293
2022-07-22,0.0,18.8,0,0.0,19.4,26.5,22.691666666666666,5.9,3.15,1.459888077722332,-1.9531007344801108,90.54166666666667,255.04166666666666,600.0,79.125,1003.125,1000.9,20.9875,19.2,17.483333333333334,15.1,21.5,150.33547421485315,0.697021795265621,0.0,0.0,0.0,0.0,0.0,0.0,,0.0,0,0,0.0,0.0,0.0,0.0,0.0,0.0,981.68,-5.179166666666674,-2.125,-2.47023809523796,0.0,1.0,0.0,1.7041666666666657,0.1999999999999993,0.49492076738131324,-0.8689381071254109,0.49492076738131324,-0.8689381071254109,1.3218069970377615,-1.7683699566772004,80.0,126.0,,,0.0,6,0.0,0.0,0.8051666666666666,0.0,-0.0,18.9,1.7541666666666664,203,7,2021,294
2022-07-23,0.0,5.4,0,0.0,19.5,25.1,21.65833333333333,8.9,4.291666666666667,-1.4772227338960675,2.279475093809134,87.70833333333333,236.41666666666666,600.0,88.08333333333333,1005.975,1002.4,19.408333333333335,18.9,15.629166666666668,14.6,17.9,320.0645587803413,0.5145475681062862,0.0,0.0,0.0,0.0,0.0,0.0,,0.0,0,0,0.0,0.0,0.0,0.0,0.0,0.0,981.68,2.8500000000000227,-1.7291666666667425,0.1470238095238301,-1.854166666666666,1.0,0.0,2.2499999999999964,0.6000000000000014,-0.6419240510812577,0.7667682261566573,-0.6419240510812577,0.7667682261566573,-1.2956474395213424,1.9992896135284277,81.0,127.0,,,0.0,6,0.0,0.0,0.7833055555555556,0.0,-0.0,25.75,-1.033333333333335,204,7,2021,295
2022-07-24,0.0,0.5,0,0.0,18.7,27.8,23.104166666666668,6.9,4.1375,2.040485861639246,-3.2136305178875824,84.5,266.0416666666667,600.0,82.83333333333333,1009.9333333333334,1008.8,20.075,18.5,18.958333333333332,17.1,21.6,150.17861314506843,0.8961510411165774,0.0,0.0,0.0,0.0,0.0,0.0,,0.0,0,0,0.0,0.0,0.0,0.0,0.0,0.0,981.68,3.9583333333333712,1.6291666666667197,3.1851190476190823,3.329166666666664,1.0,0.0,3.0291666666666686,0.1999999999999993,0.49729783810712047,-0.867579886934906,0.49729783810712047,-0.867579886934906,1.7242105530851628,-2.715517787615007,82.0,128.0,,,0.0,6,0.0,0.0,0.7923611111111111,0.0,-0.0,24.825000000000003,1.4458333333333364,205,7,2021,296
2022-07-25,0.0,5.2,0,0.0,18.7,28.4,23.53333333333333,6.2,2.6625,0.3495925233407781,-1.7417982787162705,88.79166666666667,260.3333333333333,600.0,69.91666666666667,1013.3125,1012.2,21.383333333333336,18.7,19.533333333333335,17.9,22.0,183.63665896758135,0.44278686320920513,0.0,0.0,0.0,0.0,0.0,0.0,,0.041666666666666664,0,0,0.0,0.0,0.0,0.0,0.0,0.0,981.68,3.379166666666606,10.1875,5.654761904761813,0.5750000000000028,1.0,0.0,2.149999999999995,0.0,-0.06342906378017472,-0.9979863495398975,-0.06342906378017472,-0.9979863495398975,0.3104090280163326,-1.5465717216434884,83.0,129.0,,,0.0,6,0.0,0.0,0.8028611111111111,0.0,-0.0,15.975000000000001,0.4291666666666636,206,7,2021,297
2022-07-26,0.0,4.4,0,0.0,18.6,28.5,23.52916666666667,6.3,2.5708333333333333,0.8033486979473615,-1.4176592684360714,90.29166666666667,261.1666666666667,600.0,84.16666666666667,1013.9250000000001,1012.2,21.71666666666667,18.5,19.0,18.0,20.4,162.37514531484848,0.3989179532937458,0.0,0.0,0.0,0.0,0.0,0.0,,0.0,0,0,0.0,0.0,0.0,0.0,0.0,0.0,981.68,0.6125000000000682,7.9500000000000455,5.027976190476238,-0.533333333333335,1.0,0.0,1.8125,0.10000000000000142,0.3027833526727704,-0.9530594112353316,0.3027833526727704,-0.9530594112353316,0.7253569285216385,-1.280028181125403,84.0,130.0,,,0.0,6,0.0,0.0,0.8084166666666667,0.0,-0.0,15.425,-0.004166666666662877,207,7,2021,298
2022-07-27,0.0,13.700000000000001,0,0.0,19.3,27.3,22.791666666666668,6.6,3.1,-0.2567118556570974,-1.0799581742313347,95.375,160.70833333333334,600.0,91.45833333333333,1015.4958333333334,1013.6,21.983333333333334,19.2,19.033333333333335,17.6,20.2,225.52349802795231,0.1876229662222743,0.0,0.0,0.0,0.0,0.0,0.0,,0.0,0,0,0.0,0.0,0.0,0.0,0.0,0.0,981.68,1.5708333333333258,5.5625,5.48571428571438,0.03333333333333499,1.0,0.0,0.8083333333333336,0.10000000000000142,-0.7135378446373861,-0.7006166885467641,-0.7135378446373861,-0.7006166885467641,-0.24483893233295667,-1.0300101086731355,85.0,131.0,,,0.0,6,0.0,0.0,0.7583888888888889,0.0,-0.0,18.6,-0.7375000000000007,208,7,2021,299
2022-07-28,0.0,6.5,0,0.0,19.3,27.1,22.97083333333333,5.9,2.408333333333333,0.09284380698599094,-0.7550821025071787,93.79166666666667,195.25,600.0,88.66666666666667,1017.8041666666667,1016.5,21.849999999999998,19.2,19.158333333333335,18.0,20.4,192.11353116718948,0.2205925550305926,0.0,0.0,0.0,0.0,0.0,0.0,,0.041666666666666664,0,0,0.0,0.0,0.0,0.0,0.0,0.0,981.68,2.3083333333332803,4.491666666666674,6.436904761904771,0.125,1.0,0.0,1.1208333333333336,0.10000000000000142,-0.20984947368845616,-0.9777337052555148,-0.20984947368845616,-0.9777337052555148,0.08707975396894402,-0.7082040886431913,86.0,132.0,,,0.0,6,0.0,0.0,0.7761388888888888,0.0,-0.0,14.45,0.1791666666666636,209,7,2021,300
2022-07-29,0.0,1.8,0,0.0,20.9,29.5,24.570833333333336,6.2,2.845833333333333,-0.019680907603438602,-1.1283386975443348,87.25,256.5,600.0,56.25,1019.3958333333334,1018.0,22.1875,20.0,19.983333333333334,18.0,21.8,224.13924032051543,0.2779819898529943,0.0,0.0,0.0,0.0,0.0,0.0,,0.20833333333333334,0,0,0.0,0.0,0.0,0.0,0.0,0.0,981.68,1.591666666666697,5.470833333333303,5.704166666666765,0.8249999999999993,1.0,0.0,2.3833333333333364,0.8999999999999986,-0.6964044585076052,-0.7176495176412572,-0.6964044585076052,-0.7176495176412572,-0.017171591884000182,-0.984475513607432,87.0,133.0,,,0.0,6,0.0,0.0,0.7951666666666667,0.0,-0.0,17.075,1.600000000000005,210,7,2021,301
2022-07-30,0.0,0.4,0,0.0,19.5,29.1,24.349999999999998,5.8,2.8000000000000003,-0.3629344696508139,-1.4385541927187873,87.54166666666667,232.41666666666666,600.0,55.791666666666664,1018.7958333333332,1017.2,21.979166666666668,19.3,20.5625,19.1,22.3,218.9671150225524,0.49264059599442733,0.0,0.0,0.0,0.0,0.0,0.0,,0.16666666666666666,0,0,0.0,0.0,0.0,0.0,0.0,0.0,981.68,-0.6000000000001364,3.299999999999841,3.272619047618946,0.5791666666666657,1.0,0.0,2.37083333333333,0.1999999999999993,-0.628874243615543,-0.7775070325836151,-0.628874243615543,-0.7775070325836151,-0.31771888364015,-1.2593343162092383,88.0,134.0,,,0.0,6,0.0,0.0,0.7800833333333334,0.0,-0.0,16.8,-0.22083333333333854,211,7,2021,302
2022-07-31,0.0,11.6,0,0.0,19.7,29.4,24.245833333333334,5.9,2.3208333333333333,-0.4859916693911614,-0.07681532607902189,88.125,239.04166666666666,600.0,75.5,1018.1583333333333,1016.7,21.925,19.5,20.733333333333334,19.1,23.3,238.8437130234518,0.255592683085795,0.0,0.0,0.0,0.0,0.0,0.0,,0.08333333333333333,0,0,0.0,0.0,0.0,0.0,0.0,0.0,981.68,-0.6374999999999318,0.35416666666662877,1.4601190476190595,0.17083333333333428,1.0,0.0,2.320833333333333,0.1999999999999993,-0.8557592327309264,-0.5173742703264014,-0.8557592327309264,-0.5173742703264014,-0.428280158650961,-0.06769350610713804,89.0,135.0,,,0.0,6,0.0,0.0,0.7864444444444444,0.0,-0.0,13.925,-0.1041666666666643,212,7,2021,303
2022-08-01,0.0,0.4,0,0.0,22.4,30.7,25.825,5.9,3.0500000000000003,0.15680228854978548,-1.5569279481213272,82.70833333333333,280.4583333333333,600.0,91.91666666666667,1017.5291666666667,1015.9,22.5125,19.7,21.650000000000002,20.0,24.7,165.93133937946322,0.4250678776114323,0.0,0.0,0.0,0.0,0.0,0.0,,0.0,0,0,0.0,0.0,0.0,0.0,0.0,0.0,981.68,-0.629166666666606,-1.8666666666666742,0.22857142857139934,0.9166666666666679,1.0,0.0,3.3125,2.6999999999999993,0.24308447927789265,-0.9700051216020438,0.24308447927789265,-0.9700051216020438,0.12968855948805172,-1.2877091570920143,90.0,136.0,,,0.0,6,0.0,0.0,0.7959999999999999,0.0,-0.0,18.3,1.5791666666666657,213,8,2021,304
2022-08-02,0.0,0.5,0,0.0,21.5,29.9,25.854166666666668,3.6,2.1374999999999997,-0.8385423152788292,0.4482329467783401,80.125,283.4166666666667,600.0,95.04166666666667,1016.9375,1015.6,21.916666666666668,18.7,20.433333333333334,18.3,23.7,297.76627489197097,0.2537230477786995,0.0,0.0,0.0,0.0,0.0,0.0,,0.041666666666666664,0,0,0.0,0.0,0.0,0.0,0.0,0.0,981.68,-0.591666666666697,-1.8583333333332348,-0.7934523809524308,-1.2166666666666686,1.0,0.0,3.9375,2.8000000000000007,-0.8848553437481937,0.46586588267468776,-0.8848553437481937,0.46586588267468776,-0.6718820301171619,0.359146648606145,91.0,137.0,,,0.0,6,0.0,0.0,0.7893611111111111,0.0,-0.0,12.825,0.02916666666666856,214,8,2021,305
2022-08-03,0.0,8.6,0,0.0,19.8,27.9,23.645833333333332,7.0,3.6125000000000003,-3.3893100103759353,0.8550582737364295,88.91666666666667,173.5,600.0,97.66666666666667,1013.7375000000001,1012.2,21.599999999999998,19.4,18.337500000000002,17.1,21.0,283.20348679554854,0.9694453586023266,0.0,0.0,0.0,0.0,0.0,0.0,,0.0,0,0,0.0,0.0,0.0,0.0,0.0,0.0,981.68,-3.199999999999932,-4.420833333333235,-3.7422619047619037,-2.0958333333333314,1.0,0.0,2.0458333333333343,0.40000000000000213,-0.9735650045355021,0.22841011786649867,-0.9735650045355021,0.22841011786649867,-3.013661484225936,0.7602893150639752,92.0,138.0,,,0.0,6,0.0,0.0,0.7453888888888889,0.0,-0.0,21.675,-2.2083333333333357,215,8,2021,306
2022-08-04,0.0,6.0,0,0.0,20.6,26.7,23.204166666666666,4.7,2.725,-1.4616120831093689,-0.35043027056019915,90.04166666666667,151.91666666666666,600.0,94.875,1011.3291666666668,1009.9,21.4375,19.4,18.008333333333333,16.5,19.9,241.71307430492473,0.5046700472738623,0.0,0.0,0.0,0.0,0.0,0.0,,0.0,0,0,0.0,0.0,0.0,0.0,0.0,0.0,981.68,-2.408333333333303,-6.199999999999932,-5.2255952380951385,-0.32916666666666927,1.0,0.0,1.7666666666666657,1.2000000000000028,-0.8805855126159536,-0.4738872808705655,-0.8805855126159536,-0.4738872808705655,-1.3160598798330612,-0.3155332561169127,93.0,139.0,,,0.0,6,0.0,0.0,0.73475,0.0,-0.0,16.35,-0.44166666666666643,216,8,2021,307
2022-08-05,0.0,4.7,0,0.0,20.1,26.9,22.6125,5.9,3.2291666666666665,0.7646601363070077,-1.7234514898523967,91.875,212.83333333333334,600.0,88.66666666666667,1010.3000000000001,1008.5,21.162499999999998,20.0,18.233333333333334,16.7,20.4,160.1592974910595,0.5787202410609121,0.0,0.0,0.0,0.0,0.0,0.0,,0.0,0,0,0.0,0.0,0.0,0.0,0.0,0.0,981.68,-1.029166666666697,-6.637499999999932,-4.95535714285711,0.22500000000000142,1.0,0.0,1.4500000000000028,0.10000000000000142,0.339406229634752,-0.9406398945851286,0.339406229634752,-0.9406398945851286,0.7025315002320633,-1.5834210563018893,94.0,140.0,,,0.0,6,0.0,0.0,0.7814722222222222,0.0,-0.0,19.375,-0.591666666666665,217,8,2021,308
2022-08-06,0.0,7.2,0,0.0,18.9,27.8,22.870833333333334,4.6,2.9458333333333333,0.746160997408977,-1.8461330417981339,89.91666666666667,242.25,600.0,93.91666666666667,1011.8125,1010.1,20.954166666666666,18.7,18.7625,16.7,21.1,167.5450331159039,0.5542546701688269,0.0,0.0,0.0,0.0,0.0,0.0,,0.0,0,0,0.0,0.0,0.0,0.0,0.0,0.0,981.68,1.5124999999999318,-1.9250000000000682,-2.4452380952380963,0.529166666666665,1.0,0.0,1.9166666666666679,0.1999999999999993,0.215672201791395,-0.9764658219182337,0.215672201791395,-0.9764658219182337,0.6709230968369052,-1.659981293416822,95.0,141.0,,,0.0,6,0.0,0.0,0.7945555555555556,0.0,-0.0,17.675,0.25833333333333286,218,8,2021,309
2022-08-07,0.0,2.6999999999999997,0,0.0,20.8,27.8,23.679166666666664,6.0,3.275,1.2017604292831627,-2.5501810820500825,90.04166666666667,223.125,600.0,79.91666666666667,1014.5166666666668,1013.4,21.858333333333334,20.6,19.508333333333333,18.1,22.0,152.3885205607904,0.8193933780249909,0.0,0.0,0.0,0.0,0.0,0.0,,0.08333333333333333,0,0,0.0,0.0,0.0,0.0,0.0,0.0,981.68,2.704166666666765,3.1875,0.779166666666697,0.7458333333333336,1.0,0.0,1.8208333333333293,0.1999999999999993,0.4634735802611315,-0.8861107382262832,0.4634735802611315,-0.8861107382262832,1.0820851198670478,-2.2962255492959285,96.0,142.0,,,0.0,6,0.0,0.0,0.7822222222222223,0.0,-0.0,19.65,0.80833333333333,219,8,2021,310
2022-08-08,0.0,1.5,0,0.0,20.5,28.6,24.5125,5.9,3.6625,0.5758407793675754,-3.2138198036738026,87.70833333333333,257.0,600.0,90.54166666666667,1014.9125,1013.0,22.15833333333333,20.4,20.029166666666665,18.5,22.4,171.3086842703674,0.836954886042072,0.0,0.0,0.0,0.0,0.0,0.0,,0.0,0,0,0.0,0.0,0.0,0.0,0.0,0.0,981.68,0.39583333333325754,4.6124999999999545,1.5488095238094957,0.5208333333333321,1.0,0.0,2.354166666666668,0.10000000000000142,0.15111099337062436,-0.9885168019222248,0.15111099337062436,-0.9885168019222248,0.5050603502369776,-2.818787786138898,97.0,143.0,,,0.0,6,0.0,0.0,0.7970277777777778,0.0,-0.0,21.975,0.8333333333333357,220,8,2021,311
2022-08-09,0.0,1.2,0,0.0,21.9,30.0,25.34583333333333,6.7,3.7291666666666665,-0.7038612357552764,-3.4014353924079455,81.33333333333333,272.25,600.0,89.16666666666667,1013.5041666666666,1011.6,21.695833333333336,20.3,20.45,18.5,23.2,193.4856123198708,0.9104418868612691,0.0,0.0,0.0,0.0,0.0,0.0,,0.0,0,0,0.0,0.0,0.0,0.0,0.0,0.0,981.68,-1.4083333333334167,1.691666666666606,0.6309523809522943,0.4208333333333343,1.0,0.0,3.649999999999995,1.5999999999999979,-0.23320118236358486,-0.9724285107627326,-0.23320118236358486,-0.9724285107627326,-0.5724738050809581,-2.7665007858251287,98.0,144.0,,,0.0,6,0.0,0.0,0.7859444444444444,0.0,-0.0,22.375,0.8333333333333321,221,8,2021,312
2022-08-10,0.0,2.9,0,0.0,20.9,28.9,24.84583333333333,5.2,3.4958333333333336,0.2538365234787225,-3.144315695409657,84.33333333333333,240.08333333333334,600.0,89.5,1013.6416666666668,1012.5,21.866666666666664,19.9,20.6125,18.6,23.5,177.79214083186085,0.8160403099302501,0.0,0.0,0.0,0.0,0.0,0.0,,0.0,0,0,0.0,0.0,0.0,0.0,0.0,0.0,981.68,0.13750000000015916,-0.875,0.7821428571429578,0.16250000000000142,1.0,0.0,2.979166666666668,1.0,0.03852487598190246,-0.9992576414171568,0.03852487598190246,-0.9992576414171568,0.21406880146705595,-2.651706236462144,99.0,145.0,,,0.0,6,0.0,0.0,0.7745000000000001,0.0,-0.0,20.975,-0.5,222,8,2021,313
2022-08-11,0.0,0.9,0,0.0,20.5,29.0,24.945833333333336,7.1,4.254166666666666,1.3317490734254671,-3.314203634596849,81.70833333333333,219.0,600.0,89.95833333333333,1012.7583333333333,1010.7,21.420833333333334,18.1,20.2625,18.2,23.3,158.80132215312258,0.7405287682992466,0.0,0.0,0.0,0.0,0.0,0.0,,0.041666666666666664,0,0,0.0,0.0,0.0,0.0,0.0,0.0,981.68,-0.8833333333334394,-2.154166666666697,-0.3053571428571331,-0.3500000000000014,1.0,0.0,3.525000000000002,2.3999999999999986,0.3616030557515086,-0.9323321457888124,0.3616030557515086,-0.9323321457888124,1.0881499720780587,-2.7079805531018417,100.0,146.0,,,0.0,6,0.0,0.0,0.7516944444444444,0.0,-0.0,25.525,0.10000000000000497,223,8,2021,314
2022-08-12,0.0,5.7,0,0.0,20.1,26.4,23.258333333333336,7.6,4.954166666666667,1.478495046601319,-4.3027876253594926,90.41666666666667,155.29166666666666,552.0,90.08333333333333,1011.9541666666668,1011.1,21.583333333333332,18.9,19.537499999999998,17.3,22.4,162.76028979169013,0.8998106947173503,0.0,0.0,0.0,0.0,0.0,0.0,,0.0,0,0,0.0,0.0,0.0,0.0,0.0,0.0,981.68,-0.8041666666665606,-1.5499999999998408,-1.345833333333303,-0.7250000000000014,1.0,0.0,1.6750000000000043,1.2000000000000028,0.29637005745165773,-0.9550731851780266,0.29637005745165773,-0.9550731851780266,1.3368059379686925,-3.8904371445958748,101.0,147.0,,,0.0,6,0.0,0.0,0.73825,0.0,-0.0,29.725,-1.6875,224,8,2021,315
2022-08-13,0.0,9.5,0,0.0,21.3,27.0,23.587500000000002,10.7,5.279166666666667,2.1351985081553058,-2.8148935734844187,91.33333333333333,186.95833333333334,600.0,90.66666666666667,1011.2708333333334,1009.7,22.025000000000002,20.8,18.979166666666668,16.9,21.6,145.82821796090292,0.5169915048440473,0.0,0.0,0.0,0.0,0.0,0.0,,0.0,0,0,0.0,0.0,0.0,0.0,0.0,0.0,981.68,-0.683333333333394,-2.370833333333394,-1.9517857142857338,-0.55833333333333,1.0,0.0,1.5625,0.5,0.5616759755570985,-0.827357297956561,0.5616759755570985,-0.827357297956561,1.9501479707818459,-2.5709361304491023,102.0,148.0,,,0.0,6,0.0,0.0,0.7624166666666667,0.0,-0.0,31.675,0.3291666666666657,225,8,2021,316
2022-08-14,0.0,5.6,0,0.0,21.4,28.8,23.962500000000002,5.9,3.1458333333333335,-1.626344740030764,-2.210127868408946,89.16666666666667,194.25,600.0,91.16666666666667,1010.1666666666666,1008.7,21.912499999999998,20.7,18.291666666666668,17.1,20.3,217.01560986520357,0.8552771309140086,0.0,0.0,0.0,0.0,0.0,0.0,,0.0,0,0,0.0,0.0,0.0,0.0,0.0,0.0,981.68,-1.1041666666667425,-2.591666666666697,-2.4345238095239665,-0.6875,1.0,0.0,2.0500000000000043,0.6999999999999993,-0.6020325839027487,-0.7984715197922715,-0.6020325839027487,-0.7984715197922715,-1.4501573931940979,-1.9706973493313102,103.0,149.0,,,0.0,6,0.0,0.0,0.7600555555555556,0.0,-0.0,18.875,0.375,226,8,2021,317
2022-08-15,0.0,6.8,0,0.0,20.1,25.6,23.34583333333333,4.8,2.6750000000000003,-0.6275439075319732,-2.1432129453397395,92.58333333333333,103.625,330.0,97.08333333333333,1010.4541666666668,1009.4,22.054166666666664,20.1,19.695833333333333,18.6,21.8,196.0677563152616,0.8128931232401282,0.0,0.0,0.0,0.0,0.0,0.0,,0.0,0,0,0.0,0.0,0.0,0.0,0.0,0.0,981.68,0.2875000000001364,-1.5,-1.5101190476189004,1.404166666666665,1.0,0.0,1.2916666666666679,0.0,-0.2767739228197575,-0.9609350631790698,-0.2767739228197575,-0.9609350631790698,-0.5810010677233518,-1.984257985227042,104.0,150.0,,,0.0,6,0.0,0.0,0.7110277777777778,0.0,-0.0,16.05,-0.6166666666666707,227,8,2021,318
2022-08-16,0.0,28.099999999999998,0,0.0,19.9,26.4,22.8875,5.9,3.0416666666666665,-0.14653128878747806,-2.000321822861782,94.08333333333333,126.25,520.0,99.75,1008.2624999999999,1007.0,21.870833333333334,19.6,18.054166666666667,15.9,22.8,196.05530736306963,0.6407939898455371,0.0,0.0,0.0,0.0,0.0,0.0,,0.0,0,0,0.0,0.0,0.0,0.0,0.0,0.0,981.68,-2.1916666666668334,-3.0083333333334394,-2.9529761904761926,-1.6416666666666657,1.0,0.0,1.0166666666666657,0.29999999999999716,-0.2765651289263083,-0.9609951766070288,-0.2765651289263083,-0.9609951766070288,-0.13786152086755227,-1.8819694483424596,105.0,151.0,,,0.0,6,0.0,0.0,0.7311111111111112,0.0,-0.0,18.25,-0.45833333333333215,228,8,2021,319
2022-08-17,0.0,19.0,0,0.0,20.4,24.1,21.47083333333333,6.1,3.404166666666667,0.5262520615556657,-2.376255601547537,96.95833333333333,69.20833333333333,263.0,99.95833333333333,1011.8166666666666,1010.0,20.9375,19.3,16.683333333333334,15.9,17.1,176.81802013876307,0.7021103409609175,0.0,0.0,0.0,0.0,0.0,0.0,,0.0,0,0,0.0,0.0,0.0,0.0,0.0,0.0,981.68,3.5541666666666742,1.6499999999999773,0.8619047619047251,-1.3708333333333336,1.0,0.0,0.5333333333333314,1.0999999999999979,0.05550748188084211,-0.9984582712638761,0.05550748188084211,-0.9984582712638761,0.5102452280166808,-2.303977827000466,106.0,152.0,,,0.0,6,0.0,0.0,0.7026666666666666,0.0,-0.0,20.425,-1.4166666666666679,229,8,2021,320
2022-08-18,0.0,24.2,0,0.0,18.4,26.0,21.6375,8.7,5.783333333333334,-1.3052938975212742,-0.4667990338030538,89.83333333333333,212.08333333333334,600.0,82.20833333333333,1008.0666666666666,1005.5,19.733333333333334,17.6,15.358333333333334,12.3,19.8,253.45965895276527,0.3114250644698305,0.0,0.0,0.0,0.0,0.0,0.0,,0.0,0,0,0.0,0.0,0.0,0.0,0.0,0.0,981.68,-3.75,-2.387500000000159,-2.217857142857042,-1.3249999999999993,1.0,0.0,1.904166666666665,0.7999999999999972,-0.9586195265369742,-0.2846903639781776,-0.9586195265369742,-0.2846903639781776,-1.1725890179399447,-0.41934113203307666,107.0,153.0,,,0.0,6,0.0,0.0,0.7741666666666668,0.0,-0.0,34.7,0.16666666666666785,230,8,2021,321
2022-08-19,0.0,0.0,0,0.0,14.8,27.3,21.366666666666664,5.5,2.433333333333333,-1.232735003303349,0.23069779830532686,79.75,299.7083333333333,600.0,55.875,1008.0458333333332,1006.1,17.345833333333335,14.4,17.366666666666667,12.9,20.8,276.2352249288929,0.3396116871009167,0.0,0.0,0.0,0.0,0.0,0.0,,0.3333333333333333,0,0,0.0,0.0,0.0,0.0,0.0,0.0,981.68,-0.02083333333337123,-0.21666666666669698,-1.6803571428572468,2.008333333333333,1.0,0.0,4.020833333333329,0.40000000000000036,-0.994084379067305,0.10861053031069658,-0.994084379067305,0.10861053031069658,-0.9831061651344208,0.18398149414849818,108.0,154.0,,,0.0,6,0.0,0.0,0.7989722222222221,0.0,-0.0,14.599999999999998,-0.2708333333333357,231,8,2021,322
2022-08-20,0.0,26.400000000000002,0,0.0,18.2,25.0,21.866666666666664,6.5,2.875,-0.7478206688829291,-1.9622044271851582,90.25,133.75,600.0,89.79166666666667,1006.0,1004.6,20.133333333333333,15.4,17.508333333333333,16.7,18.6,211.23983781546838,0.7062506962210009,0.0,0.0,0.0,0.0,0.0,0.0,,0.0,0,0,0.0,0.0,0.0,0.0,0.0,0.0,981.68,-2.045833333333235,-5.816666666666606,-2.9732142857143344,0.14166666666666572,1.0,0.0,1.7333333333333307,2.799999999999999,-0.5186216197722288,-0.8550038687075222,-0.5186216197722288,-0.8550038687075222,-0.6749081536668434,-1.7708894955346053,109.0,155.0,,,0.0,6,0.0,0.0,0.7233333333333333,0.0,-0.0,17.25,0.5,232,8,2021,323
2022-08-21,0.0,1.5,0,0.0,19.1,26.9,22.833333333333332,7.5,3.8375,1.5306863352787197,-1.5563983725173356,90.45833333333333,199.58333333333334,600.0,83.16666666666667,1008.1750000000001,1006.2,21.125,18.7,18.208333333333332,17.1,19.9,136.73634432013048,0.37624262039917766,0.0,0.0,0.0,0.0,0.0,0.0,,0.041666666666666664,0,0,0.0,0.0,0.0,0.0,0.0,0.0,981.68,2.175000000000068,0.10833333333346218,-0.5136904761903907,0.6999999999999993,1.0,0.0,1.7083333333333321,0.40000000000000213,0.6853565683065631,-0.7282076450292535,0.6853565683065631,-0.7282076450292535,1.3846333474542083,-1.4078920278063063,110.0,156.0,,,0.0,6,0.0,0.0,0.7679166666666667,0.0,-0.0,23.025,0.9666666666666686,233,8,2021,324
2022-08-22,0.0,1.4000000000000001,0,0.0,20.5,27.6,23.28333333333333,11.8,6.129166666666666,2.990391234874727,-5.041838526139198,90.91666666666667,204.79166666666666,600.0,92.95833333333333,1010.4125,1008.8,21.59583333333333,20.4,19.883333333333333,18.2,22.0,148.37863734985305,0.9025895026516213,0.0,0.0,0.0,0.0,0.0,0.0,,0.0,0,0,0.0,0.0,0.0,0.0,0.0,0.0,981.68,2.2374999999999545,2.366666666666788,1.7297619047618582,1.6750000000000007,1.0,0.0,1.6875,0.10000000000000142,0.5243034347211523,-0.8515315075436741,0.5243034347211523,-0.8515315075436741,2.718764031040273,-4.583871526681555,111.0,157.0,,,0.0,6,0.0,0.0,0.7729166666666667,0.0,-0.0,36.775,0.4499999999999993,234,8,2021,325
2022-08-23,0.0,5.8,0,0.0,21.7,28.1,24.270833333333332,4.3,2.370833333333333,0.0490225219924193,-1.481226654107459,91.875,202.5,600.0,87.20833333333333,1009.5083333333333,1007.4,22.795833333333334,21.2,19.1125,16.8,22.1,183.10629679715885,0.5502594851818354,0.0,0.0,0.0,0.0,0.0,0.0,,0.0,0,0,0.0,0.0,0.0,0.0,0.0,0.0,981.68,-0.904166666666697,3.5083333333333258,0.6476190476189458,-0.7708333333333321,1.0,0.0,1.4749999999999979,0.5,-0.05418855168102412,-0.9985307210430298,-0.05418855168102412,-0.9985307210430298,0.04503944208053524,-1.360876988461228,112.0,158.0,,,0.0,6,0.0,0.0,0.7745833333333333,0.0,-0.0,14.224999999999998,0.9875000000000007,235,8,2021,326
2022-08-24,0.0,0.6000000000000001,0,0.0,21.5,27.9,23.3125,5.2,3.4916666666666667,0.960249365151472,1.3783299136587885,91.79166666666667,153.04166666666666,600.0,94.45833333333333,1009.8833333333333,1008.8,21.825,21.2,18.245833333333334,17.3,19.1,33.072927270462195,0.48532227259145644,0.0,0.0,0.0,0.0,0.0,0.0,,0.0,0,0,0.0,0.0,0.0,0.0,0.0,0.0,981.68,0.375,1.7083333333332575,1.2988095238094957,-0.8666666666666671,1.0,0.0,1.4875000000000007,0.3000000000000007,0.5457060710468794,0.8379766607863123,0.5457060710468794,0.8379766607863123,0.881428896428622,1.2651919999126298,113.0,159.0,,,0.0,6,0.0,0.0,0.7413333333333334,0.0,-0.0,20.95,-0.9583333333333321,236,8,2021,327
2022-08-25,0.0,42.699999999999996,0,0.0,21.1,26.7,23.254166666666666,7.2,3.904166666666667,2.6284067789746417,-2.5662125040388846,95.41666666666667,148.33333333333334,578.0,99.33333333333333,1008.5208333333334,1007.0,22.4375,21.1,18.925,17.6,22.0,132.35134460943559,0.912868671935563,0.0,0.0,0.0,0.0,0.0,0.0,,0.0,0,0,0.0,0.0,0.0,0.0,0.0,0.0,981.68,-1.3624999999999545,-1.8916666666666515,-0.1285714285713766,0.6791666666666671,1.0,0.0,0.8166666666666664,0.0,0.7390276896996519,-0.6736750506417726,0.7390276896996519,-0.6736750506417726,2.5079381349383043,-2.4485944309371024,114.0,160.0,,,0.0,6,0.0,0.0,0.7502777777777778,0.0,-0.0,23.425,-0.05833333333333357,237,8,2021,328
2022-08-26,0.0,12.8,0,0.0,21.8,26.3,23.420833333333334,5.1,3.1625,1.1871503565389712,-1.3690719512832177,92.95833333333333,173.875,577.0,97.70833333333333,1008.2875,1007.0,22.150000000000002,21.1,17.75,16.2,18.6,130.5077028039345,0.4290554928920393,0.0,0.0,0.0,0.0,0.0,0.0,,0.0,0,0,0.0,0.0,0.0,0.0,0.0,0.0,981.68,-0.2333333333333485,-1.220833333333303,-0.39642857142860066,-1.1750000000000007,1.0,0.0,1.2708333333333321,0.6999999999999993,0.7603186473938351,-0.6495502708991883,0.7603186473938351,-0.6495502708991883,1.103555185599352,-1.2726664680470243,115.0,161.0,,,0.0,6,0.0,0.0,0.7591111111111112,0.0,-0.0,18.975,0.16666666666666785,238,8,2021,329
2022-08-27,0.0,34.2,0,0.0,20.7,24.9,22.462500000000002,5.3,2.3,0.7008088867072361,-1.2715657482556086,95.83333333333333,150.08333333333334,600.0,96.04166666666667,1009.3583333333332,1008.2,21.733333333333334,20.3,16.004166666666666,13.9,19.6,149.13798510298471,0.6444258355237193,0.0,0.0,0.0,0.0,0.0,0.0,,0.0,0,0,0.0,0.0,0.0,0.0,0.0,0.0,981.68,1.070833333333212,-0.525000000000091,0.1946428571427532,-1.7458333333333336,1.0,0.0,0.7291666666666679,0.3999999999999986,0.512972272145452,-0.8584051770637992,0.512972272145452,-0.8584051770637992,0.6716085164277679,-1.2185838420782915,116.0,162.0,,,0.0,6,0.0,0.0,0.7528333333333332,0.0,-0.0,13.799999999999999,-0.9583333333333321,239,8,2021,330
2022-08-28,0.0,12.0,0,0.0,17.6,22.0,19.599999999999998,7.2,4.516666666666667,1.483783691015056,3.0593281499202614,93.33333333333333,131.25,583.0,90.54166666666667,1014.9208333333332,1010.9,18.466666666666665,16.9,12.854166666666666,11.5,15.4,26.38258971864292,0.7366458134330451,0.0,0.0,0.0,0.0,0.0,0.0,,0.0,0,0,0.0,0.0,0.0,0.0,0.0,0.0,981.68,5.5625,6.399999999999864,4.793452380952317,-3.1500000000000004,1.0,0.0,1.1333333333333329,0.7000000000000028,0.44436298165478977,0.8958468287240096,0.44436298165478977,0.8958468287240096,1.3848647782807189,2.855372939925577,117.0,163.0,,,0.0,6,0.0,0.0,0.7319444444444444,0.0,-0.0,27.1,-2.8625000000000043,240,8,2021,331
2022-08-29,0.0,0.1,0,0.0,15.7,24.5,19.983333333333334,9.2,4.170833333333333,1.9972242635162942,-3.324812299639607,87.16666666666667,240.41666666666666,600.0,93.83333333333333,1019.7541666666666,1018.5,17.6125,15.6,17.412499999999998,15.6,20.0,154.86619163277402,0.9028749774148729,0.0,0.0,0.0,0.0,0.0,0.0,,0.0,0,0,0.0,0.0,0.0,0.0,0.0,0.0,981.68,4.833333333333371,11.466666666666583,8.292261904761972,4.558333333333332,1.0,0.0,2.3708333333333336,0.09999999999999964,0.4247336954224834,-0.9053183351577284,0.4247336954224834,-0.9053183351577284,1.7409138163650366,-2.8981280545191908,118.0,164.0,,,0.0,6,0.0,0.0,0.7841666666666667,0.0,-0.0,25.025,0.3833333333333364,241,8,2021,332
2022-08-30,0.0,5.1,0,0.0,17.8,25.7,21.545833333333334,6.4,3.1833333333333336,0.8311308430854951,-2.075792254545052,94.04166666666667,119.75,600.0,99.375,1016.8333333333334,1014.4,20.516666666666666,17.6,18.0625,16.2,20.2,179.8610150549464,0.566503941588082,0.0,0.0,0.0,0.0,0.0,0.0,,0.0,0,0,0.0,0.0,0.0,0.0,0.0,0.0,981.68,-2.920833333333235,7.475000000000136,4.325000000000159,0.6500000000000021,1.0,0.0,1.0291666666666686,0.1999999999999993,0.0024257425229460387,-0.9999970578822781,0.0024257425229460387,-0.9999970578822781,0.7816092970183177,-1.9521096327117429,119.0,165.0,,,0.0,6,0.0,0.0,0.726638888888889,0.0,-0.0,19.1,1.5625,242,8,2021,333
2022-08-31,0.0,3.3000000000000003,0,0.0,21.2,28.5,23.704166666666666,10.8,6.445833333333333,3.837321279292105,-4.888088792611967,92.375,205.125,600.0,92.91666666666667,1011.7458333333334,1009.0,22.295833333333334,20.9,20.304166666666667,17.5,24.4,139.73745250667577,0.9163363042317357,0.0,0.0,0.0,0.0,0.0,0.0,,0.0,0,0,0.0,0.0,0.0,0.0,0.0,0.0,981.68,-5.087499999999977,-3.174999999999841,-1.0285714285712402,2.241666666666667,1.0,0.0,1.4083333333333314,0.3000000000000007,0.6462911082971489,-0.7630909535147452,0.6462911082971489,-0.7630909535147452,3.544725531746082,-4.515372022175304,120.0,166.0,,,0.0,6,0.0,0.0,0.778,0.0,-0.0,38.675,2.1583333333333314,243,8,2021,334
2022-09-01,0.0,34.8,0,0.0,18.2,24.4,21.766666666666666,6.0,3.275,-0.16664818629825476,-0.8812165040064007,96.33333333333333,96.75,402.0,97.83333333333333,1013.9583333333334,1012.0,21.150000000000002,18.2,16.7375,14.7,18.6,203.1838571660775,0.12476325525240421,0.0,0.0,0.0,0.0,0.0,0.0,,0.0,0,0,0.0,0.0,0.0,0.0,0.0,0.0,981.68,2.2124999999999773,-5.795833333333235,0.40714285714284415,-3.5666666666666664,1.0,0.0,0.6166666666666636,0.0,-0.3936829316187242,-0.9192462941737034,-0.3936829316187242,-0.9192462941737034,-0.16053775280065208,-0.8489052321928326,121.0,167.0,,,0.0,6,0.0,0.0,0.7189444444444444,0.0,-0.0,19.65,-1.9375,244,9,2021,335
2022-09-02,0.0,7.8,0,0.0,18.8,23.8,20.945833333333333,9.2,4.383333333333334,2.5527258477706884,-0.7972875459722951,93.58333333333333,128.29166666666666,600.0,98.08333333333333,1018.625,1016.9,19.775000000000002,18.5,15.991666666666667,14.8,17.5,77.60824339807816,0.45785796081684127,0.0,0.0,0.0,0.0,0.0,0.0,,0.0,0,0,0.0,0.0,0.0,0.0,0.0,0.0,981.68,4.666666666666629,1.7916666666666288,3.5970238095238756,-0.7458333333333336,1.0,0.0,1.1708333333333307,0.3000000000000007,0.9767031631500931,0.21459480676988138,0.9767031631500931,0.21459480676988138,2.3889259392054023,-0.7461282617724062,122.0,168.0,,,0.0,6,0.0,0.0,0.7308055555555555,0.0,-0.0,26.300000000000004,-0.8208333333333329,245,9,2021,336
2022-09-03,0.0,13.5,0,0.0,18.4,24.2,20.849999999999998,7.4,3.341666666666667,0.8290008132138912,-1.8906310684375132,93.875,148.58333333333334,527.0,99.54166666666667,1019.1458333333334,1017.8,19.816666666666666,18.2,17.029166666666665,15.8,18.6,195.0120032657874,0.3541531338799973,0.0,0.0,0.0,0.0,0.0,0.0,,0.0,0,0,0.0,0.0,0.0,0.0,0.0,0.0,981.68,0.5208333333333712,7.399999999999977,2.719642857142844,1.0374999999999979,1.0,0.0,1.0333333333333314,0.1999999999999993,-0.2590213975099565,-0.9658715834064014,-0.2590213975099565,-0.9658715834064014,0.7782245134045404,-1.7748299154957154,123.0,169.0,,,0.0,6,0.0,0.0,0.7453055555555554,0.0,-0.0,20.05,-0.09583333333333499,246,9,2021,337
2022-09-04,0.0,2.2,0,0.0,20.0,25.9,22.425,8.1,3.841666666666667,0.9194103602274866,-2.869294009349744,86.625,211.91666666666666,600.0,78.95833333333333,1018.6583333333333,1017.3,20.020833333333332,17.8,17.866666666666667,15.9,20.9,175.09454185821502,0.6472745524639876,0.0,0.0,0.0,0.0,0.0,0.0,,0.08333333333333333,0,0,0.0,0.0,0.0,0.0,0.0,0.0,981.68,-0.4875000000000682,4.699999999999932,1.6982142857142435,0.8375000000000021,1.0,0.0,2.4041666666666686,2.1999999999999993,0.08551183713844868,-0.9963371546365254,0.08551183713844868,-0.9963371546365254,0.7964392245470603,-2.485525935599216,124.0,170.0,,,0.0,6,0.0,0.0,0.7633611111111112,0.0,-0.0,23.05,1.5750000000000028,247,9,2021,338
2022-09-05,0.0,0.5,0,0.0,20.7,26.9,23.079166666666666,10.8,6.904166666666666,4.275014794088431,-5.369529938910063,88.58333333333333,229.41666666666666,600.0,89.29166666666667,1017.5708333333333,1015.3,20.908333333333335,20.2,18.154166666666665,15.9,21.2,142.16185161171623,0.9928620789637846,0.0,0.0,0.0,0.0,0.0,0.0,,0.0,0,0,0.0,0.0,0.0,0.0,0.0,0.0,981.68,-1.0874999999999773,-1.0541666666666742,0.9226190476190368,0.28749999999999787,1.0,0.0,2.1708333333333307,0.5,0.6134330148039921,-0.7897467545666048,0.6134330148039921,-0.7897467545666048,3.786950605096669,-4.756508604217831,125.0,171.0,,,0.0,6,0.0,0.0,0.7815555555555554,0.0,-0.0,41.425,0.654166666666665,248,9,2021,339
2022-09-06,0.0,0.6000000000000001,0,0.0,19.5,27.3,22.616666666666664,19.0,10.991666666666667,4.432645548556889,-9.688498111551992,85.95833333333333,235.33333333333334,600.0,90.08333333333333,1013.0166666666668,1008.7,19.9875,19.2,18.770833333333332,16.1,25.2,162.79350946366048,0.8706332923817035,0.0,0.0,0.0,0.0,0.0,0.0,,0.0,0,0,0.0,0.0,0.0,0.0,0.0,0.0,981.68,-4.554166666666561,-6.129166666666606,-3.0863095238095184,0.6166666666666671,1.0,0.0,2.629166666666663,0.3000000000000007,0.29581626325368615,-0.955244857821609,0.29581626325368615,-0.955244857821609,3.8102282361136925,-8.328071501721565,126.0,172.0,,,0.0,6,0.0,0.0,0.7767499999999999,0.0,-0.0,65.95,-0.46250000000000213,249,9,2021,340
2022-09-07,0.0,6.4,0,0.0,20.8,24.2,22.212500000000002,5.5,3.5749999999999997,2.584773594155321,-1.1736368058165108,95.79166666666667,67.375,233.0,100.0,1016.1750000000001,1014.1,21.504166666666666,20.5,16.650000000000002,15.9,17.5,117.86445810783789,0.6559450422088962,0.0,0.0,0.0,0.0,0.0,0.0,,0.0,0,0,0.0,0.0,0.0,0.0,0.0,0.0,981.68,3.158333333333303,-2.483333333333235,-0.5607142857143117,-2.12083333333333,1.0,0.0,0.7083333333333357,0.3000000000000007,0.8840557276784554,-0.4673815040830314,0.8840557276784554,-0.4673815040830314,2.475997705401285,-1.124246256905066,127.0,173.0,,,0.0,6,0.0,0.0,0.6975555555555556,0.0,-0.0,21.45,-0.40416666666666146,250,9,2021,341
2022-09-08,0.0,32.8,0,0.0,18.8,24.1,21.1375,11.5,5.420833333333333,3.7166351379894245,-3.306947741059227,96.16666666666667,115.58333333333333,600.0,100.0,1018.2666666666668,1016.6,20.470833333333335,18.5,16.529166666666665,14.8,18.6,125.05213439710596,0.8620267862438008,0.0,0.0,0.0,0.0,0.0,0.0,,0.0,0,0,0.0,0.0,0.0,0.0,0.0,0.0,981.68,2.091666666666697,0.6958333333334394,0.9154761904762836,-0.12083333333333712,1.0,0.0,0.6666666666666643,0.3000000000000007,0.8186297983699344,-0.5743215590771432,0.8186297983699344,-0.5743215590771432,3.5741641243664968,-3.18018141098529,128.0,174.0,,,0.0,6,0.0,0.0,0.7309444444444445,0.0,-0.0,32.525,-1.0750000000000028,251,9,2021,342
2022-09-09,0.0,24.4,0,0.0,19.4,24.0,21.287499999999998,6.0,2.6083333333333334,1.2528430128140098,0.8096703491357027,92.29166666666667,118.20833333333333,477.0,91.5,1017.8874999999999,1016.7,19.954166666666666,17.7,15.883333333333333,15.0,17.6,46.15190889581145,0.5675507812428453,0.0,0.0,0.0,0.0,0.0,0.0,,0.0,0,0,0.0,0.0,0.0,0.0,0.0,0.0,981.68,-0.3791666666668334,4.870833333333167,0.6416666666666515,-0.6458333333333321,1.0,0.0,1.3333333333333321,1.6999999999999993,0.7211790248605043,0.6927487380726522,0.7211790248605043,0.6927487380726522,1.1562696972429298,0.7472582597231591,129.0,175.0,,,0.0,6,0.0,0.0,0.7197777777777778,0.0,-0.0,15.65,0.14999999999999858,252,9,2021,343
2022-09-10,0.0,0.5,0,0.0,17.8,25.9,21.745833333333334,8.8,4.820833333333334,2.6254466491003376,-2.9295021576485993,89.25,235.70833333333334,600.0,70.95833333333333,1019.0041666666666,1017.1,19.741666666666667,17.3,17.325,15.3,20.8,139.24417369327568,0.530589776339763,0.0,0.0,0.0,0.0,0.0,0.0,,0.125,0,0,0.0,0.0,0.0,0.0,0.0,0.0,981.68,1.1166666666666742,2.829166666666538,1.7785714285713539,1.4416666666666664,1.0,0.0,2.0041666666666664,0.5,0.6528367845342514,-0.7574986024798853,0.6528367845342514,-0.7574986024798853,2.3432111343220514,-2.6145806757013745,130.0,176.0,,,0.0,6,0.0,0.0,0.7879722222222223,0.0,-0.0,28.925000000000004,0.4583333333333357,253,9,2021,344
2022-09-11,0.0,0.0,0,0.0,15.6,26.4,20.666666666666668,8.9,5.320833333333334,1.0099472716290083,-3.667540260015951,81.91666666666667,228.04166666666666,600.0,57.666666666666664,1018.2041666666668,1015.8,17.170833333333334,15.4,17.654166666666665,15.7,20.0,178.95260754618855,0.6046925532830216,0.0,0.0,0.0,0.0,0.0,0.0,,0.2916666666666667,0,0,0.0,0.0,0.0,0.0,0.0,0.0,981.68,-0.7999999999998408,-0.0625,1.0434523809524308,0.3291666666666657,1.0,0.0,3.4958333333333336,0.1999999999999993,0.01827942875263944,-0.9998329172839215,0.01827942875263944,-0.9998329172839215,0.8273151400094294,-3.0043267296630667,131.0,177.0,,,0.0,6,0.0,0.0,0.7584166666666667,0.0,-0.0,31.925000000000004,-1.0791666666666657,254,9,2021,345
2022-09-12,0.0,0.2,0,0.0,17.0,26.7,22.2,7.7,4.783333333333333,1.1813278308238664,-3.431324037995759,81.33333333333333,233.33333333333334,600.0,60.75,1017.625,1015.6,18.708333333333332,16.0,18.454166666666666,17.0,20.5,169.38390123342853,0.710271008758066,0.0,0.0,0.0,0.0,0.0,0.0,,0.125,0,0,0.0,0.0,0.0,0.0,0.0,0.0,981.68,-0.5791666666667652,-0.2624999999999318,0.45654761904756924,0.8000000000000007,1.0,0.0,3.491666666666667,1.0,0.18422752506442688,-0.9828836243465632,0.18422752506442688,-0.9828836243465632,0.9608133024034113,-2.790810217569884,132.0,178.0,,,0.0,6,0.0,0.0,0.7600000000000001,0.0,-0.0,28.7,1.5333333333333314,255,9,2021,346
2022-09-13,0.0,1.4000000000000001,0,0.0,19.0,27.8,23.058333333333334,5.4,2.775,0.5138297759866558,-0.10720485469256812,82.04166666666667,220.75,600.0,86.08333333333333,1018.3583333333332,1017.3,19.625,16.0,17.8875,16.2,19.8,277.5934561612834,0.05260065855859305,0.0,0.0,0.0,0.0,0.0,0.0,,0.041666666666666664,0,0,0.0,0.0,0.0,0.0,0.0,0.0,981.68,0.7333333333332348,-0.6458333333333712,0.42678571428552914,-0.5666666666666664,1.0,0.0,3.4333333333333336,3.0,-0.991230638991524,0.13214318115005047,-0.991230638991524,0.13214318115005047,0.4215545120490522,-0.0879526495373611,133.0,179.0,,,0.0,6,0.0,0.0,0.7539722222222222,0.0,-0.0,16.65,0.8583333333333343,256,9,2021,347
2022-09-14,0.0,0.0,0,0.0,17.1,27.5,22.191666666666666,8.3,4.370833333333334,2.7780430036803225,-1.7993991165246639,82.79166666666667,246.125,600.0,99.0,1018.7208333333333,1017.0,18.833333333333332,16.7,18.416666666666668,16.9,21.6,124.28529601666665,0.37084407469009073,0.0,0.0,0.0,0.0,0.0,0.0,,0.0,0,0,0.0,0.0,0.0,0.0,0.0,0.0,981.68,0.3625000000000682,0.5166666666665378,0.42559523809518396,0.5291666666666686,1.0,0.0,3.3583333333333343,0.40000000000000213,0.8262428866273165,-0.5633140263634127,0.8262428866273165,-0.5633140263634127,2.2999881034636673,-1.4897525185560447,134.0,180.0,,,0.0,6,0.0,0.0,0.7733888888888889,0.0,-0.0,26.225,-0.8666666666666671,257,9,2021,348
2022-09-15,0.0,1.0,0,0.0,19.3,27.7,22.704166666666666,5.4,3.2375000000000003,1.7206493038733106,-1.129665049396522,83.91666666666667,216.66666666666666,600.0,93.33333333333333,1016.6333333333333,1014.3,19.670833333333334,16.5,17.783333333333335,16.1,20.0,127.50305507768739,0.4980118820142082,0.0,0.0,0.0,0.0,0.0,0.0,,0.0,0,0,0.0,0.0,0.0,0.0,0.0,0.0,981.68,-2.0874999999999773,-0.9916666666666742,-1.4285714285714448,-0.6333333333333329,1.0,0.0,3.0333333333333314,2.8000000000000007,0.7933208792951133,-0.6088037306673049,0.7933208792951133,-0.6088037306673049,1.4439115408336867,-0.9479772539519147,135.0,181.0,,,0.0,6,0.0,0.0,0.7575,0.0,-0.0,19.425,0.5124999999999993,258,9,2021,349
2022-09-16,0.0,0.0,0,0.0,16.9,26.7,21.645833333333332,9.9,5.0625,2.4164165648952185,-3.8547174355539227,85.75,240.95833333333334,600.0,64.83333333333333,1015.8083333333334,1013.9,18.866666666666667,16.2,17.058333333333334,13.8,21.5,154.44005788813124,0.7730624881290119,0.0,0.0,0.0,0.0,0.0,0.0,,0.2916666666666667,0,0,0.0,0.0,0.0,0.0,0.0,0.0,981.68,-0.8249999999999318,-2.549999999999841,-1.9565476190475692,-0.7250000000000014,1.0,0.0,2.779166666666665,0.6999999999999993,0.4314551342200786,-0.9021343952843911,0.4314551342200786,-0.9021343952843911,2.0720772043976496,-3.3054202009874887,136.0,182.0,,,0.0,6,0.0,0.0,0.7798055555555555,0.0,-0.0,30.375,-1.0583333333333336,259,9,2021,350
2022-09-17,0.0,0.0,0,0.0,15.2,26.0,20.0125,7.9,5.695833333333333,1.3208390180807048,-4.456514047762436,88.375,223.75,600.0,94.41666666666667,1016.9333333333334,1015.4,17.820833333333333,15.1,17.816666666666666,15.8,21.7,171.49460630813712,0.7862226807310184,0.0,0.0,0.0,0.0,0.0,0.0,,0.0,0,0,0.0,0.0,0.0,0.0,0.0,0.0,981.68,1.125,-1.787499999999909,-0.5357142857143344,0.7583333333333329,1.0,0.0,2.1916666666666664,0.09999999999999964,0.1479025141352221,-0.9890019445443373,0.1479025141352221,-0.9890019445443373,1.167291482228823,-3.938444289710053,137.0,183.0,,,0.0,6,0.0,0.0,0.7770833333333332,0.0,-0.0,34.175,-1.6333333333333329,260,9,2021,351
2022-09-18,0.0,3.5999999999999996,0,0.0,17.7,26.0,21.96666666666667,12.4,7.879166666666666,2.3501743317445563,-7.237381591151903,94.0,143.125,510.0,100.0,1013.6083333333332,1010.0,20.895833333333332,17.6,18.51666666666667,17.3,20.8,166.4528330172427,0.9514262499293218,0.0,0.0,0.0,0.0,0.0,0.0,,0.0,0,0,0.0,0.0,0.0,0.0,0.0,0.0,981.68,-3.325000000000159,-3.025000000000091,-3.204166666666765,0.7000000000000028,1.0,0.0,1.0708333333333364,0.09999999999999787,0.23424575820050578,-0.9721774142434446,0.23424575820050578,-0.9721774142434446,2.2091638718398827,-6.803138695682788,138.0,184.0,,,0.0,6,0.0,0.0,0.7420833333333333,0.0,-0.0,47.275,1.9541666666666693,261,9,2021,352
2022-09-19,0.0,12.9,0,0.0,20.7,26.1,22.416666666666668,22.2,13.358333333333334,4.996077762417005,-12.266745881076327,92.70833333333333,196.41666666666666,600.0,99.91666666666667,1002.3041666666667,995.2,21.037499999999998,20.2,18.0625,11.8,21.0,158.62724082799937,0.9897709152837209,0.0,0.0,0.0,0.0,0.0,0.0,,0.0,0,0,0.0,0.0,0.0,0.0,0.0,0.0,981.68,-11.30416666666656,-13.50416666666672,-12.319642857142867,-0.45416666666666927,1.0,0.0,1.37916666666667,0.5,0.3644340799458273,-0.9312291884246532,0.3644340799458273,-0.9312291884246532,4.631780425574098,-11.372295660581178,139.0,185.0,,,0.0,6,0.0,0.0,0.7733055555555556,0.0,-0.0,80.15,0.4499999999999993,262,9,2021,353
2022-09-20,0.0,34.3,0,0.0,12.7,21.4,16.2375,15.8,10.829166666666666,-1.7451453936753882,6.983172372433347,93.41666666666667,77.95833333333333,294.0,100.0,1004.8208333333333,994.1,15.174999999999999,11.4,8.625,7.6,11.2,350.7642820935707,0.5742580867722613,0.0,0.0,0.0,0.0,0.0,0.0,,0.0,0,0,0.0,0.0,0.0,0.0,0.0,0.0,981.68,2.5166666666666515,-12.112500000000068,-7.869047619047592,-9.4375,0.8625,0.0,1.0625000000000018,1.299999999999999,-0.16049653246553747,0.9870364041242545,-0.16049653246553747,0.9870364041242545,-1.6302566552584252,6.523446857914819,140.0,186.0,,,0.0,6,0.0,0.0,0.6966944444444444,0.0,-0.0,64.975,-6.179166666666667,263,9,2021,354
2022-09-21,0.0,0.8,0,0.0,12.2,17.8,14.304166666666667,6.0,4.233333333333333,1.7518053963494589,1.9141212921417436,87.875,94.45833333333333,408.0,89.54166666666667,1016.5708333333333,1012.4,12.279166666666667,10.4,9.5875,8.0,13.8,44.62485226264484,0.5907039585529188,0.0,0.0,0.0,0.0,0.0,0.0,,0.0,0,0,0.0,0.0,0.0,0.0,0.0,0.0,981.68,11.75,2.962500000000091,4.188095238095229,0.9625000000000004,0.95875,0.0,2.0250000000000004,1.799999999999999,0.7024618309431807,0.7117214174576695,0.7024618309431807,0.7117214174576695,1.539398992042087,1.6820340854695572,141.0,187.0,,,0.0,6,0.0,0.0,0.6892222222222223,0.0,-0.0,25.4,-1.9333333333333336,264,9,2021,355
2022-09-22,0.0,3.1,0,0.0,12.3,19.4,15.041666666666666,6.9,5.020833333333333,1.0554176283871324,-4.2177791412783465,93.5,99.625,585.0,96.29166666666667,1021.0791666666668,1019.5,13.975,10.5,14.729166666666666,13.4,18.3,168.88848693175024,0.8540745052172827,0.0,0.0,0.0,0.0,0.0,0.0,,0.0,0,0,0.0,0.0,0.0,0.0,0.0,0.0,981.68,4.508333333333439,18.77500000000009,8.061309523809655,5.141666666666666,1.0,0.0,1.0666666666666664,1.8000000000000007,0.19271914451595937,-0.9812539586350909,0.19271914451595937,-0.9812539586350909,0.9868154825419688,-3.943623497095254,142.0,188.0,,,0.0,6,0.0,0.0,0.7114166666666666,0.0,-0.0,30.125,0.7374999999999989,265,9,2021,356
2022-09-23,0.0,29.2,0,0.0,14.7,18.9,17.474999999999998,6.8,4.866666666666666,-0.4900234612904421,-4.282974764739477,96.66666666666667,41.0,209.0,100.0,1016.3083333333334,1013.1,16.945833333333333,13.9,15.358333333333334,14.7,15.7,186.36765420133247,0.8612647445085883,0.0,0.0,0.0,0.0,0.0,0.0,,0.0,0,0,0.0,0.0,0.0,0.0,0.0,0.0,981.68,-4.770833333333371,11.487500000000068,3.2190476190477284,0.6291666666666682,1.0,0.0,0.529166666666665,0.7999999999999989,-0.11090789205046314,-0.9938306895447145,-0.11090789205046314,-0.9938306895447145,-0.47368934591409406,-4.140208939248161,143.0,189.0,,,0.0,6,0.0,0.0,0.6828888888888889,0.0,-0.0,29.199999999999996,2.433333333333332,266,9,2021,357
2022-09-24,0.0,1.1,0,0.0,15.7,23.6,19.383333333333333,7.6,4.745833333333333,-1.581799821278454,4.073218775404548,90.75,102.33333333333333,472.0,94.79166666666667,1013.475,1010.8,17.8,14.0,11.725,8.9,14.6,333.79844910901596,0.8821848338682977,0.0,0.0,0.0,0.0,0.0,0.0,,0.0,0,0,0.0,0.0,0.0,0.0,0.0,0.0,981.68,-2.8333333333333712,-3.095833333333303,0.8797619047618355,-3.6333333333333346,1.0,0.0,1.5833333333333321,1.6999999999999993,-0.4415301397577378,0.897246418597206,-0.4415301397577378,0.897246418597206,-1.4354833378101972,3.6964460386796274,144.0,190.0,,,0.0,6,0.0,0.0,0.7040555555555557,0.0,-0.0,28.474999999999994,1.908333333333335,267,9,2021,358
2022-09-25,0.0,0.0,0,0.0,9.8,24.2,17.579166666666666,5.2,3.2916666666666665,1.0275331225058844,-0.8096063142708476,81.375,232.125,600.0,70.45833333333333,1016.9375,1015.3,14.145833333333334,7.8,14.8125,12.9,18.1,134.9844673971551,0.16234458211433958,0.0,0.0,0.0,0.0,0.0,0.0,,0.041666666666666664,0,0,0.0,0.0,0.0,0.0,0.0,0.0,981.68,3.4624999999999773,-4.141666666666765,3.8666666666666742,3.0875000000000004,1.0,0.0,3.433333333333332,2.000000000000001,0.7072984483566791,-0.7069150620493485,0.7072984483566791,-0.7069150620493485,0.8361550784391634,-0.6588171382379022,145.0,191.0,,,0.0,6,0.0,0.0,0.7593333333333333,0.0,-0.0,19.75,-1.8041666666666671,268,9,2021,359
2022-09-26,0.0,0.5,0,0.0,15.0,25.7,19.979166666666668,5.4,2.3625000000000003,-0.43594645848681296,-0.3889107829317444,81.58333333333333,228.66666666666666,600.0,69.95833333333333,1017.9916666666667,1016.0,16.379166666666666,13.7,15.391666666666666,12.9,18.5,250.26767769217557,0.14480356717731646,0.0,0.0,0.0,0.0,0.0,0.0,,0.08333333333333333,0,0,0.0,0.0,0.0,0.0,0.0,0.0,981.68,1.0541666666666742,1.6833333333332803,2.6797619047619037,0.5791666666666657,1.0,0.0,3.6000000000000014,1.3000000000000007,-0.9412802292318472,-0.33762631718697705,-0.9412802292318472,-0.33762631718697705,-0.35565965238215824,-0.31728638040848145,146.0,192.0,,,0.0,6,0.0,0.0,0.7577222222222222,0.0,-0.0,14.175,2.400000000000002,269,9,2021,360
2022-09-27,0.0,38.0,0,0.0,15.1,21.5,18.320833333333333,6.6,3.245833333333333,1.49816534092946,-0.6412515956241738,94.16666666666667,92.54166666666667,418.0,99.875,1016.5958333333333,1014.8,17.320833333333333,14.8,12.966666666666667,10.6,16.8,94.26293418633566,0.28020153088549316,0.0,0.0,0.0,0.0,0.0,0.0,,0.0,0,0,0.0,0.0,0.0,0.0,0.0,0.0,981.68,-1.3958333333333712,3.1208333333332803,-0.39821428571428896,-2.424999999999999,1.0,0.0,1.0,0.29999999999999893,0.9972334301322762,-0.07433361168821775,0.9972334301322762,-0.07433361168821775,1.4107723627085749,-0.603845252546097,147.0,193.0,,,0.0,6,0.0,0.0,0.7089166666666666,0.0,-0.0,19.474999999999998,-1.658333333333335,270,9,2021,361
2022-09-28,0.0,18.1,0,0.0,14.2,19.3,17.2625,6.1,3.1916666666666664,0.4360374013955281,1.8599636104140413,95.20833333333333,108.45833333333333,443.0,100.0,1012.8208333333333,1010.8,16.474999999999998,13.5,11.441666666666668,10.0,12.8,30.712555887475737,0.4628509959569405,0.0,0.0,0.0,0.0,0.0,0.0,,0.0,0,0,0.0,0.0,0.0,0.0,0.0,0.0,981.68,-3.7749999999999773,-4.116666666666674,-3.637499999999932,-1.5249999999999986,1.0,0.0,0.7875000000000014,0.6999999999999993,0.5107313350339402,0.8597403697712752,0.5107313350339402,0.8597403697712752,0.415143942578659,1.7708403540817017,148.0,194.0,,,0.0,6,0.0,0.0,0.723,0.0,-0.0,19.15,-1.0583333333333336,271,9,2021,362
2022-09-29,0.0,0.0,0,0.0,10.0,22.4,16.929166666666667,7.4,3.6458333333333335,0.7261495818867462,-1.1193972096860267,69.16666666666667,241.79166666666666,600.0,24.541666666666668,1014.9958333333334,1013.5,10.658333333333333,7.6,13.266666666666666,11.3,16.7,211.11567265115943,0.20064247648674613,0.0,0.0,0.0,0.0,0.0,0.0,,0.625,0,0,0.0,0.0,0.0,0.0,0.0,0.0,981.68,2.175000000000068,-2.9958333333332803,-0.5934523809522716,1.8249999999999975,1.0,0.0,6.270833333333334,2.4000000000000004,-0.5167675322940365,-0.8561257603686108,-0.5167675322940365,-0.8561257603686108,0.5022534608049994,-0.7742497366995019,149.0,195.0,,,0.0,6,0.0,0.0,0.7250833333333334,0.0,-0.0,21.875,-0.33333333333333215,272,9,2021,363
2022-09-30,0.0,0.0,0,0.0,16.1,22.1,18.525000000000002,8.6,5.0874999999999995,0.0543083569494206,-3.694059852087203,52.916666666666664,249.45833333333334,600.0,0.2916666666666667,1018.2208333333333,1017.1,8.545833333333333,5.8,13.833333333333334,11.5,17.3,195.83552111400468,0.6419992513433591,0.0,0.0,0.0,0.0,0.0,0.0,,1.0,0,0,0.0,0.0,0.0,0.0,0.0,0.0,981.68,3.224999999999909,1.625,2.358333333333235,0.5666666666666682,1.0,0.0,9.97916666666667,10.3,-0.27287673172254945,-0.962049005656375,-0.27287673172254945,-0.962049005656375,0.028738172219068398,-1.954773338396145,150.0,196.0,,,0.0,6,0.0,0.0,0.6760277777777778,0.0,-0.0,30.525,1.595833333333335,273,9,2021,364
2022-10-01,0.0,0.0,0,0.0,11.0,23.0,17.570833333333333,7.9,3.6958333333333333,-0.7751762010855048,1.1010860051846987,69.5,228.16666666666666,600.0,25.833333333333332,1019.7458333333334,1018.1,11.583333333333334,6.3,13.049999999999999,11.6,16.1,314.37167886974396,0.3638005680927883,0.0,0.0,0.0,0.0,0.0,0.0,,0.5416666666666666,0,0,0.0,0.0,0.0,0.0,0.0,0.0,0.0,0.0,0.0,0.0,-0.783333333333335,1.0,0.0,5.987499999999999,4.7,-0.714818433805181,0.6993100933722524,-0.714818433805181,0.6993100933722524,-0.5387474597544258,0.7652547736033655,151.0,197.0,,,0.0,0,0.0,0.0,0.717111111111111,0.0,-0.0,0.0,-0.9541666666666693,274,10,2022,0
2022-10-02,0.0,0.0,0,0.0,9.6,22.5,16.675,9.3,5.279166666666667,0.005448373727140761,-3.9985443514733627,65.20833333333333,238.125,600.0,76.70833333333333,1022.9416666666666,1021.5,9.245833333333334,7.2,14.583333333333334,12.8,17.3,198.85149975547287,0.6436697429596294,0.0,0.0,0.0,0.0,0.0,0.0,,0.08333333333333333,0,0,0.0,0.0,0.0,0.0,0.0,0.0,0.0,3.195833333333212,0.0,1.597916666666606,1.533333333333335,1.0,0.0,7.429166666666667,2.3999999999999995,-0.32311645143657414,-0.9463592123559827,-0.32311645143657414,-0.9463592123559827,0.003552793701239704,-2.607384129189922,152.0,198.0,,,0.0,1,0.0,0.0,0.7094444444444444,0.0,-0.0,5.279166666666667,-0.8958333333333321,275,10,2022,1
2022-10-03,0.0,0.1,0,0.0,14.3,20.1,16.754166666666666,6.7,4.029166666666667,0.7073008139296348,-3.3113807626210723,77.91666666666667,83.33333333333333,512.0,76.875,1023.2791666666667,1020.7,12.841666666666667,9.7,14.762500000000001,13.5,16.7,168.03592038691218,0.8017588170301506,0.0,0.0,0.0,0.0,0.0,0.0,,0.20833333333333334,0,0,0.0,0.0,0.0,0.0,0.0,0.0,0.0,0.33750000000009095,0.0,1.29027777777776,0.17916666666666714,1.0,0.0,3.9124999999999996,4.600000000000001,0.2072984208821794,-0.9782777543723228,0.2072984208821794,-0.9782777543723228,0.5511052175201738,-2.5801175108755854,153.0,199.0,,,0.0,2,0.0,0.0,0.6486111111111111,0.0,-0.0,8.058333333333334,0.07916666666666572,276,10,2022,2
2022-10-04,0.0,8.3,0,0.0,14.3,24.0,18.754166666666666,7.7,4.295833333333333,1.4903657908922938,-2.671739630493226,85.875,160.04166666666666,600.0,95.45833333333333,1014.6416666666668,1011.1,16.224999999999998,13.4,14.608333333333333,7.7,19.9,151.93201561394585,0.6626319320870421,0.0,0.0,0.0,0.0,0.0,0.0,,0.0,0,0,0.0,0.0,0.0,0.0,0.0,0.0,0.0,-8.637499999999932,-5.104166666666629,-5.510416666666629,-0.15416666666666856,1.0,0.0,2.5291666666666686,0.9000000000000004,0.4705188947363748,-0.8823899193078195,0.4705188947363748,-0.8823899193078195,1.2798516229287573,-2.294356407686058,154.0,200.0,,,0.0,3,0.0,0.0,0.7262777777777778,0.0,-0.0,12.8875,2.0,277,10,2022,3
2022-10-05,0.0,6.0,0,0.0,11.4,17.4,13.504166666666668,9.9,7.133333333333333,-0.821300522469714,7.030708015618476,92.58333333333333,36.166666666666664,128.0,100.0,1017.0541666666667,1013.0,12.320833333333333,9.8,6.141666666666667,4.1,7.6,354.2299055303069,0.9908360252353812,0.0,0.0,0.0,0.0,0.0,0.0,,0.0,0,0,0.0,0.0,0.0,0.0,0.0,0.0,0.0,2.412499999999909,-5.887499999999932,-2.478333333333353,-8.466666666666665,0.6141666666666666,0.0,1.1833333333333353,1.5999999999999996,-0.10053700548650636,0.9949333196389626,-0.10053700548650636,0.9949333196389626,-0.7603874003865435,6.509263837793438,155.0,201.0,,,0.0,4,0.0,0.0,0.6660555555555555,0.0,-0.0,28.53333333333333,-5.249999999999998,278,10,2022,4
2022-10-06,0.0,1.8,0,0.0,7.7,12.0,10.025,6.4,4.291666666666667,1.121768423065214,2.171122296350255,87.16666666666667,64.91666666666667,286.0,90.66666666666667,1021.525,1019.9,7.925,6.0,5.891666666666667,4.5,6.9,37.99120813381217,0.5709421313781282,0.0,0.0,0.0,0.0,0.0,0.0,,0.0,0,0,0.0,0.0,0.0,0.0,0.0,0.0,0.0,4.470833333333303,-1.7541666666667197,1.660416666666606,-0.25,0.5891666666666666,0.0,2.1000000000000005,1.7000000000000002,0.6155405501820964,0.7881052157431279,0.6155405501820964,0.7881052157431279,0.9778081421051783,1.8924949349853057,156.0,202.0,,,0.0,5,0.0,0.0,0.6005,0.0,-0.0,21.458333333333336,-3.479166666666668,279,10,2022,5
2022-10-07,0.0,31.7,0,0.0,9.1,12.7,10.275,7.5,3.716666666666667,1.6033911564204935,-2.8574292581740033,93.91666666666667,26.541666666666668,119.0,100.0,1017.0083333333333,1013.9,9.316666666666666,7.0,7.108333333333333,4.9,8.9,157.83163440669378,0.7988044847250216,0.0,0.0,0.0,0.0,0.0,0.0,,0.0,0,0,0.0,0.0,0.0,0.0,0.0,0.0,0.0,-4.5166666666666515,2.3666666666665606,-2.4482142857142435,1.2166666666666668,0.7108333333333333,0.0,0.9583333333333339,2.0999999999999996,0.3773295333702184,-0.9260790588532997,0.3773295333702184,-0.9260790588532997,1.505851527738247,-2.683602311635085,157.0,203.0,,,0.0,6,0.0,0.0,0.6129722222222221,0.0,-0.0,22.3,0.25,280,10,2022,6
2022-10-08,0.0,6.5,0,0.0,10.9,14.1,12.029166666666667,10.7,5.8875,-0.13841052889280067,4.803484284295181,92.0,88.375,450.0,98.625,1020.6625,1013.8,10.741666666666667,9.9,5.5874999999999995,4.7,6.8,7.852769647382306,0.6657487329991854,0.0,0.0,0.0,0.0,0.0,0.0,,0.0,0,0,0.0,0.0,0.0,0.0,0.0,0.0,0.0,3.654166666666697,3.6083333333333485,1.0750000000000455,-1.520833333333334,0.55875,0.0,1.2874999999999996,1.0,0.13662799756019112,0.9906224256913895,0.13662799756019112,0.9906224256913895,-0.12733768658137662,4.419205541551566,158.0,204.0,,,0.0,6,0.0,0.0,0.6789166666666667,0.0,-0.0,35.325,1.7541666666666664,281,10,2022,7
2022-10-09,0.0,11.5,0,0.0,9.2,14.8,11.8375,10.0,5.941666666666666,1.3252411630844336,-5.162801153720866,91.625,92.625,406.0,100.0,1024.0708333333334,1018.2,10.466666666666667,8.2,9.0,7.2,13.4,178.59846613908175,0.794735353143445,0.0,0.0,0.0,0.0,0.0,0.0,,0.0,0,0,0.0,0.0,0.0,0.0,0.0,0.0,0.0,3.4083333333334167,2.545833333333462,4.322023809523898,3.4125000000000005,0.9,0.0,1.3708333333333336,1.0,0.02445894107579173,-0.9997008353509819,0.02445894107579173,-0.9997008353509819,1.2142522156761124,-4.730416557096744,159.0,205.0,,,0.0,6,0.0,0.0,0.6960555555555556,0.0,-0.0,35.65,-0.19166666666666643,282,10,2022,8
2022-10-10,0.0,16.3,0,0.0,10.9,19.7,14.883333333333333,9.7,4.904166666666667,-0.9574670373884716,-3.6880359276084924,97.75,71.20833333333333,285.0,100.0,1010.5041666666666,1007.3,14.5,10.9,9.012500000000001,4.8,13.6,199.53419756903918,0.695699112516447,0.0,0.0,0.0,0.0,0.0,0.0,,0.0,0,0,0.0,0.0,0.0,0.0,0.0,0.0,0.0,-13.566666666666833,-6.50416666666672,-7.41964285714289,0.012500000000001066,0.9012500000000001,0.0,0.38333333333333286,0.0,-0.33436942490853927,-0.9424420871790121,-0.33436942490853927,-0.9424420871790121,-0.935924029047231,-3.605055119237301,160.0,206.0,,,0.0,6,0.0,0.0,0.7066388888888889,0.0,-0.0,29.425,3.0458333333333325,283,10,2022,9
2022-10-11,0.0,0.5,0,0.0,8.3,16.0,12.466666666666667,7.6,4.0125,-3.344918775047945,0.5441854110139767,81.54166666666667,168.25,600.0,74.125,1015.0958333333333,1009.5,9.15,6.6,5.9875,4.1,9.3,269.4157130456088,0.7970403061386037,0.0,0.0,0.0,0.0,0.0,0.0,,0.0,0,0,0.0,0.0,0.0,0.0,0.0,0.0,0.0,4.591666666666697,-5.56666666666672,-2.892857142857224,-3.0250000000000012,0.59875,0.0,3.3166666666666664,1.700000000000001,-0.999948003590505,-0.010197554381495878,-0.999948003590505,-0.010197554381495878,-2.727502517820345,0.44373785389764686,161.0,207.0,,,0.0,6,0.0,0.0,0.7173055555555555,0.0,-0.0,24.075000000000003,-2.416666666666666,284,10,2022,10
2022-10-12,0.0,0.0,0,0.0,8.2,16.7,12.383333333333333,4.9,3.5250000000000004,1.5160064801432822,0.8371217151318889,85.54166666666667,92.41666666666667,368.0,92.70833333333333,1025.4375,1022.4,9.9125,7.0,8.029166666666667,6.8,9.3,53.925681110188236,0.47549770677089026,0.0,0.0,0.0,0.0,0.0,0.0,,0.0,0,0,0.0,0.0,0.0,0.0,0.0,0.0,0.0,10.341666666666697,1.3666666666665606,6.251190476190459,2.041666666666667,0.8029166666666667,0.0,2.470833333333333,1.1999999999999993,0.8082538922752376,0.5888341410124999,0.8082538922752376,0.5888341410124999,1.2968172098892328,0.7160878671524035,162.0,208.0,,,0.0,6,0.0,0.0,0.6800833333333335,0.0,-0.0,21.150000000000002,-0.08333333333333393,285,10,2022,11
2022-10-13,0.0,0.0,0,0.0,9.8,17.6,12.883333333333333,10.4,6.120833333333334,1.4233281036894085,-3.9141787339129883,88.08333333333333,147.25,600.0,76.875,1025.2250000000001,1023.0,10.841666666666667,9.0,10.020833333333334,8.8,11.9,165.67959642352588,0.5457997184097082,0.0,0.0,0.0,0.0,0.0,0.0,,0.08333333333333333,0,0,0.0,0.0,0.0,0.0,0.0,0.0,0.0,-0.21249999999986358,14.72083333333353,5.510119047619241,1.9916666666666671,1.0,0.0,2.041666666666666,0.8000000000000007,0.24734407284749102,-0.9689277112495106,0.24734407284749102,-0.9689277112495106,1.253714837999754,-3.447739101455024,163.0,209.0,,,0.0,6,0.0,0.0,0.725111111111111,0.0,-0.0,36.725,0.5,286,10,2022,12
2022-10-14,0.0,0.0,0,0.0,9.5,20.2,15.216666666666667,11.3,6.1875,0.8953222734481688,-4.744994096468591,87.45833333333333,199.41666666666666,600.0,65.0,1020.3708333333334,1017.9,12.975,9.1,11.700000000000001,9.9,14.2,180.11622565439168,0.719163817989053,0.0,0.0,0.0,0.0,0.0,0.0,,0.16666666666666666,0,0,0.0,0.0,0.0,0.0,0.0,0.0,0.0,-4.8541666666667425,5.275000000000091,0.17559523809529765,1.6791666666666671,1.0,0.0,2.241666666666667,0.40000000000000036,-0.0020285189532290022,-0.9999979425533116,-0.0020285189532290022,-0.9999979425533116,0.7830339383198777,-4.149892753536488,164.0,210.0,,,0.0,6,0.0,0.0,0.7578055555555556,0.0,-0.0,37.125,2.333333333333334,287,10,2022,13
2022-10-15,0.0,0.0,0,0.0,11.4,22.0,16.287499999999998,5.6,3.091666666666667,0.7746441978408928,-0.3330217545114655,85.20833333333333,179.625,600.0,81.5,1019.1,1017.4,13.5,11.1,11.820833333333333,10.4,14.7,129.1670140490654,0.05016410068786613,0.0,0.0,0.0,0.0,0.0,0.0,,0.0,0,0,0.0,0.0,0.0,0.0,0.0,0.0,0.0,-1.2708333333333712,-6.337499999999977,-0.8720238095238528,0.1208333333333318,1.0,0.0,2.787499999999998,0.3000000000000007,0.7753082280287533,-0.6315830519820134,0.7753082280287533,-0.6315830519820134,0.6600614102435941,-0.28376228665664455,165.0,211.0,,,0.0,6,0.0,0.0,0.737111111111111,0.0,-0.0,18.55,1.070833333333331,288,10,2022,14
2022-10-16,0.0,0.7000000000000001,0,0.0,11.1,21.4,16.191666666666666,7.4,3.6041666666666665,1.0612444602995803,-2.5042440853830557,88.33333333333333,179.08333333333334,600.0,65.25,1019.1458333333334,1017.0,14.091666666666667,10.7,12.533333333333333,10.4,15.9,178.18005374784005,0.5349418295036745,0.0,0.0,0.0,0.0,0.0,0.0,,0.125,0,0,0.0,0.0,0.0,0.0,0.0,0.0,0.0,0.04583333333334849,-6.079166666666765,-0.12261904761896858,0.7125000000000004,1.0,0.0,2.0999999999999996,0.40000000000000036,0.03175871316130179,-0.9994955648417546,0.03175871316130179,-0.9994955648417546,0.9374326065979625,-2.212082275421699,166.0,212.0,,,0.0,6,0.0,0.0,0.7471666666666668,0.0,-0.0,21.625,-0.09583333333333144,289,10,2022,15
2022-10-17,0.0,11.8,0,0.0,12.9,19.7,15.762500000000001,4.8,2.6083333333333334,-0.7932202951740105,-0.3726283043906633,95.08333333333333,58.708333333333336,265.0,99.66666666666667,1012.6791666666667,1009.6,14.970833333333333,11.6,9.004166666666666,3.9,14.7,209.43001410883588,0.412892421412262,0.0,0.0,0.0,0.0,0.0,0.0,,0.0,0,0,0.0,0.0,0.0,0.0,0.0,0.0,0.0,-6.466666666666697,-7.69166666666672,-6.899999999999977,-3.529166666666667,0.9004166666666666,0.0,0.7916666666666679,1.3000000000000007,-0.491360067256324,-0.8709565341082531,-0.491360067256324,-0.8709565341082531,-0.7542202973279549,-0.35430741275812233,167.0,213.0,,,0.0,6,0.0,0.0,0.6894166666666667,0.0,-0.0,15.65,-0.42916666666666536,290,10,2022,16
2022-10-18,0.0,0.4,0,0.0,7.7,12.9,10.0875,12.1,8.325000000000001,-3.7016961692384487,7.255454600312362,82.79166666666667,83.25,368.0,99.58333333333333,1015.4,1010.7,7.220833333333334,4.2,2.2875,-0.2,4.7,332.11590832315125,0.9763449732960052,0.0,0.0,0.0,0.0,0.0,0.0,,0.0,0,0,0.0,0.0,0.0,0.0,0.0,0.0,0.0,2.720833333333303,-3.7000000000000455,-4.222619047619105,-6.716666666666667,0.22875,0.0,2.8666666666666663,3.5,-0.4676844163867279,0.8838955179595639,-0.4676844163867279,0.8838955179595639,-3.064695953448666,6.006911787841943,168.0,214.0,,,0.0,6,0.0,0.0,0.6181388888888889,0.0,-0.0,49.95,-5.675000000000001,291,10,2022,17
2022-10-19,0.0,0.0,0,0.0,4.0,12.7,7.824999999999999,11.9,6.433333333333334,-3.514154801475883,5.18787745929412,62.25,202.29166666666666,600.0,11.375,1022.6458333333334,1020.6,0.7875,-1.4,2.891666666666667,1.4,5.4,322.87174638684775,0.9715597993067366,0.0,0.0,0.0,0.0,0.0,0.0,,0.875,0,0,0.0,0.0,0.0,0.0,0.0,0.0,0.0,7.245833333333394,3.5,3.4220238095236937,0.604166666666667,0.2891666666666667,0.0,7.0375,5.4,-0.6036012178400271,0.7972863788012662,-0.6036012178400271,0.7972863788012662,-2.1875613639187375,3.22945371841059,169.0,215.0,,,0.0,6,0.0,0.0,0.6245833333333333,0.0,-0.0,38.6,-2.262500000000001,292,10,2022,18
2022-10-20,0.0,0.0,0,0.0,6.3,15.9,10.737499999999999,4.1,2.4625,-0.7525592454410363,0.8748004355081519,65.125,204.25,600.0,0.625,1026.4208333333333,1024.4,4.266666666666667,-1.3,7.733333333333333,4.8,9.7,324.9935880037703,0.4592753514137649,0.0,0.0,0.0,0.0,0.0,0.0,,1.0,0,0,0.0,0.0,0.0,0.0,0.0,0.0,0.0,3.7749999999999773,13.741666666666674,7.026190476190436,4.841666666666667,0.7733333333333333,0.0,6.470833333333332,7.6,-0.5736681044296165,0.819087849964905,-0.5736681044296165,0.819087849964905,-0.4901042085934748,0.569713783624684,170.0,216.0,,,0.0,6,0.0,0.0,0.6865833333333334,0.0,-0.0,14.774999999999999,2.9124999999999996,293,10,2022,19
2022-10-21,0.0,0.0,0,0.0,9.4,19.4,13.987499999999999,4.0,2.9499999999999997,-0.8562490862013129,-1.3179943499935676,56.041666666666664,190.54166666666666,600.0,29.666666666666668,1025.3333333333333,1022.8,4.9624999999999995,-4.9,11.108333333333334,9.7,13.4,218.6700228189153,0.4961332345908614,0.0,0.0,0.0,0.0,0.0,0.0,,0.5416666666666666,0,0,0.0,0.0,0.0,0.0,0.0,0.0,0.0,-1.087500000000091,9.93333333333328,5.2297619047617445,3.375000000000001,1.0,0.0,9.024999999999999,14.3,-0.6248342491903099,-0.7807574277832915,-0.6248342491903099,-0.7807574277832915,-0.47985625872531906,-0.7386260003088951,171.0,217.0,,,0.0,6,0.0,0.0,0.6471666666666667,0.0,-0.0,17.7,3.25,294,10,2022,20
2022-10-22,0.0,1.7,0,0.0,11.0,19.6,14.737499999999999,5.3,2.6125000000000003,-0.9124619800783105,-1.4991476407364777,68.875,122.45833333333333,600.0,84.33333333333333,1019.8333333333334,1016.8,8.695833333333333,3.0,9.6875,7.5,13.5,221.84558040607402,0.5950472188718119,0.0,0.0,0.0,0.0,0.0,0.0,,0.0,0,0,0.0,0.0,0.0,0.0,0.0,0.0,0.0,-5.499999999999886,-2.8125,-0.3749999999998863,-1.4208333333333343,0.96875,0.0,6.041666666666666,8.0,-0.6671253064249976,-0.744945518496053,-0.6671253064249976,-0.744945518496053,-0.6284581887789363,-1.032537937557249,172.0,218.0,,,0.0,6,0.0,0.0,0.6445555555555555,0.0,-0.0,15.675,0.75,295,10,2022,21
2022-10-23,0.0,1.7000000000000002,0,0.0,8.7,17.1,12.370833333333332,8.4,5.454166666666667,-2.747003238324522,2.130387568464069,83.20833333333333,132.75,600.0,80.25,1013.3583333333332,1010.1,9.5,6.8,5.070833333333334,1.3,9.9,284.08764507823787,0.5607133024319131,0.0,0.0,0.0,0.0,0.0,0.0,,0.08333333333333333,0,0,0.0,0.0,0.0,0.0,0.0,0.0,0.0,-6.475000000000136,-13.062500000000114,-6.023214285714403,-4.616666666666666,0.5070833333333333,0.0,2.870833333333332,1.8999999999999995,-0.9699245244307007,0.24340586868002811,-0.9699245244307007,0.24340586868002811,-2.2857356112225293,1.7726599892594774,173.0,219.0,,,0.0,6,0.0,0.0,0.6991944444444446,0.0,-0.0,32.725,-2.366666666666667,296,10,2022,22
2022-10-24,4.34,10.2,3,1.82,4.2,10.5,7.675,7.9,4.308333333333334,-0.12721185167728533,3.345429514798506,88.58333333333333,110.75,600.0,84.75,1015.6083333333332,1013.4,5.829166666666667,2.9,0.6833333333333332,-1.1,3.3,1.5822890773318539,0.6704062769941742,8.666666666666666,5.433333333333334,6.9,78.33333333333333,0.5947812696110943,5.397629105019803,6.333227982674381,0.0,0,3,4.34,4.34,4.34,4.34,4.34,0.0,4.34,2.25,-9.725000000000023,-4.19166666666672,-4.3875,0.06833333333333333,0.0,1.8458333333333332,1.3000000000000003,0.027612643999254366,0.999618698250173,0.11031072803723885,0.9938971492462861,-0.11268849861079526,2.9634929785256765,0.0,220.0,1.0,1.0,34.286,0,0.1348413888888893,4.34,0.6024444444444444,23.580666666666666,0.0,0.0,-4.695833333333332,297,10,2022,23
2022-10-25,0.0,0.0,0,0.0,1.3,10.2,6.020833333333333,8.0,4.604166666666667,-0.030444529048504438,3.639596135353479,71.66666666666667,128.66666666666666,516.0,60.583333333333336,1022.025,1018.7,1.1416666666666666,-2.0,0.8458333333333333,-0.1,2.8,354.0657367206904,0.7839080709039576,0.0,0.0,0.0,0.0,0.0,0.0,,0.375,0,0,4.34,4.34,4.34,4.34,4.34,0.0,4.34,6.4166666666667425,2.191666666666606,1.2785714285714675,0.1625000000000001,0.08458333333333333,0.0,4.879166666666666,3.3,-0.1033873576556961,0.9946411686015079,-0.1033873576556961,0.9946411686015079,-0.021818579151428184,2.60837723033666,1.0,221.0,0.0,1.0,0.0,1,0.0,2.17,0.5513333333333333,0.0,-0.0,4.604166666666667,-1.6541666666666668,298,10,2022,24
2022-10-26,0.0,0.0,0,0.0,1.4,12.7,7.820833333333333,6.4,3.6208333333333336,0.004014618135766451,1.7524198156440838,62.166666666666664,193.95833333333334,600.0,0.9166666666666666,1026.7124999999999,1024.6,0.8041666666666667,-6.9,3.8375,2.3,6.2,341.32539588483536,0.4515755277530337,0.0,0.0,0.0,0.0,0.0,0.0,,1.0,0,0,0.0,4.34,4.34,4.34,4.34,0.0,4.34,4.687499999999886,13.354166666666629,5.385119047619014,2.9916666666666667,0.38375,0.0,7.016666666666666,8.3,-0.32019311591012084,0.9473522937765908,-0.32019311591012084,0.9473522937765908,0.002495754274401477,1.089420985392072,2.0,222.0,0.0,1.0,0.0,2,0.0,1.4466666666666665,0.6187499999999999,0.0,-0.0,7.241666666666667,1.7999999999999998,299,10,2022,25
2022-10-27,0.0,0.0,0,0.0,6.6,14.4,9.945833333333333,5.6,2.8125,0.6256822354415464,-1.8151360657609512,67.83333333333333,141.33333333333334,561.0,54.666666666666664,1025.0916666666667,1023.1,4.033333333333333,0.1,4.941666666666666,3.3,7.5,177.66619754936076,0.469830521725395,0.0,0.0,0.0,0.0,0.0,0.0,,0.375,0,0,0.0,0.0,4.34,4.34,4.34,0.0,4.34,-1.6208333333331666,9.483333333333462,3.954166666666765,1.1041666666666665,0.49416666666666664,0.0,5.9125,6.5,0.040721274295245885,-0.9991705449120142,0.040721274295245885,-0.9991705449120142,0.42442111637451563,-1.2312672979411785,3.0,223.0,,0.0,0.0,3,0.0,0.0,0.6403333333333333,0.0,-0.0,8.4375,2.125,300,10,2022,26
2022-10-28,0.0,0.0,0,0.0,5.0,15.7,9.658333333333333,5.1,3.1333333333333333,-1.4884347497212156,-0.5166751447838053,74.33333333333333,179.83333333333334,600.0,27.0,1024.4375,1021.7,4.95,1.4,4.570833333333334,2.1,8.0,233.5842482635486,0.4116200790977858,0.0,0.0,0.0,0.0,0.0,0.0,,0.625,0,0,0.0,0.0,4.34,4.34,4.34,0.0,4.34,-0.654166666666697,2.4125000000000227,3.427976190476329,-0.3708333333333327,0.4570833333333334,0.0,4.708333333333333,3.6,-0.8047306244197958,-0.5936401453076817,-0.8047306244197958,-0.5936401453076817,-1.106403163959437,-0.38406185762262857,4.0,224.0,,0.0,0.0,4,0.0,0.0,0.701,0.0,-0.0,12.533333333333333,-0.28749999999999964,301,10,2022,27
2022-10-29,0.0,0.4,0,0.0,3.9,12.2,7.945833333333333,9.8,4.8,-2.7414395123002993,3.6343812493215317,83.79166666666667,126.54166666666667,600.0,87.45833333333333,1024.0958333333333,1022.2,5.179166666666666,3.3,1.4333333333333333,-0.1,3.6,320.8811385133892,0.9267623506944052,0.0,0.0,0.0,0.0,0.0,0.0,,0.0,0,0,0.0,0.0,4.34,4.34,4.34,0.0,4.34,-0.341666666666697,-2.6166666666665606,2.4773809523809405,-3.1375,0.14333333333333334,0.0,2.7666666666666666,0.6000000000000001,-0.6309312438841836,0.7758387496708042,-0.6309312438841836,0.7758387496708042,-2.297097858014959,3.0453086218273335,5.0,225.0,,0.0,0.0,5,0.0,0.0,0.6347777777777778,0.0,-0.0,24.0,-1.7125000000000004,302,10,2022,28
2022-10-30,0.0,0.30000000000000004,0,0.0,3.9,13.4,8.15,5.6,3.9125,-0.7179171118404956,2.8815172402721587,82.625,130.29166666666666,595.0,89.79166666666667,1024.2583333333334,1021.4,5.141666666666667,2.6,2.4250000000000003,1.1,5.1,342.0548702442849,0.7253967743303393,0.0,0.0,0.0,0.0,0.0,0.0,,0.0,0,0,0.0,0.0,4.34,4.34,4.34,0.0,4.34,0.16250000000013642,-0.8333333333332575,1.0827380952382555,0.9916666666666669,0.24250000000000002,0.0,3.0083333333333337,1.2999999999999998,-0.308106057917454,0.951352015331111,-0.308106057917454,0.951352015331111,-0.5931790136582095,2.380853619774871,6.0,226.0,,0.0,0.0,6,0.0,0.0,0.6600555555555556,0.0,-0.0,23.475,0.2041666666666675,303,10,2022,29
2022-10-31,0.0,0.0,0,0.0,0.6,13.9,7.720833333333334,7.7,4.9375,0.644932278126176,-3.164638946332396,75.04166666666667,178.79166666666666,600.0,42.625,1025.2041666666667,1022.5,3.279166666666667,-1.7,6.066666666666666,4.5,8.2,190.9002352840342,0.4978000442809235,0.0,0.0,0.0,0.0,0.0,0.0,,0.3333333333333333,0,0,0.0,0.0,0.0,4.34,4.34,0.0,4.34,0.9458333333332121,0.7666666666666515,0.6577380952380736,3.641666666666666,0.6066666666666667,0.0,4.441666666666667,2.3,-0.18909947538316638,-0.9819579361713063,-0.18909947538316638,-0.9819579361713063,0.4839679303771846,-2.374797809310269,7.0,227.0,,,0.0,6,0.0,0.0,0.6782222222222222,0.0,-0.0,29.625,-0.42916666666666625,304,10,2022,30
2022-11-01,0.0,9.2,0,0.0,7.2,11.4,9.333333333333334,8.0,4.383333333333334,1.0759234047914463,-3.5834482783288504,89.91666666666667,39.125,274.0,96.91666666666667,1023.3208333333333,1020.4,7.704166666666667,5.1,6.0,5.1,6.9,172.93175563519114,0.8088733826394291,0.0,0.0,0.0,0.0,0.0,0.0,,0.0,0,0,0.0,0.0,0.0,4.34,4.34,0.0,4.34,-1.8833333333333258,-0.7749999999999773,-1.4107142857143344,-0.06666666666666643,0.6,0.0,1.6291666666666673,2.1000000000000005,0.12305146734414181,-0.9924002903992187,0.12305146734414181,-0.9924002903992187,0.9674344614749755,-3.222117243597358,8.0,228.0,,,0.0,6,0.0,0.0,0.579138888888889,0.0,-0.0,26.300000000000004,1.6124999999999998,305,11,2022,31
2022-11-02,0.0,0.0,0,0.0,9.2,17.7,12.483333333333334,4.2,2.654166666666667,-2.0621711483376615,-0.11817312886525962,80.41666666666667,166.41666666666666,600.0,45.041666666666664,1018.6458333333334,1016.8,8.9625,7.3,6.970833333333334,5.2,9.9,270.1750285756515,0.6556474413112089,0.0,0.0,0.0,0.0,0.0,0.0,,0.375,0,0,0.0,0.0,0.0,4.34,4.34,0.0,4.34,-4.6749999999999545,-5.612500000000068,-4.93333333333328,0.9708333333333341,0.6970833333333334,0.0,3.520833333333334,1.8999999999999995,-0.9999953340259515,0.003054820178947767,-0.9999953340259515,0.003054820178947767,-1.6583292984548694,-0.09503089112914628,9.0,229.0,,,0.0,6,0.0,0.0,0.7123333333333334,0.0,-0.0,15.925,3.1500000000000004,306,11,2022,32
2022-11-03,0.0,0.4,0,0.0,4.4,17.1,11.137500000000001,4.8,2.620833333333333,-1.733575535072026,-1.3046738541791587,76.20833333333333,169.625,600.0,54.291666666666664,1014.4041666666667,1012.0,6.604166666666667,1.4,6.595833333333334,2.8,10.9,230.60103188400444,0.7907595990305212,0.0,0.0,0.0,0.0,0.0,0.0,,0.2916666666666667,0,0,0.0,0.0,0.0,4.34,4.34,0.0,4.34,-4.241666666666674,-10.799999999999955,-7.648214285714289,-0.375,0.6595833333333334,0.0,4.533333333333334,3.0000000000000004,-0.7727450047247291,-0.6347165963427919,-0.7727450047247291,-0.6347165963427919,-1.3211290223528065,-0.9942701997057004,10.0,230.0,,,0.0,6,0.0,0.0,0.7004444444444444,0.0,-0.0,15.724999999999998,-1.3458333333333332,307,11,2022,33
2022-11-04,0.0,6.3,0,0.0,4.3,11.3,7.933333333333334,9.2,5.508333333333333,-3.1751710935242436,3.8089658832797073,91.45833333333333,35.875,157.0,99.91666666666667,1015.0541666666667,1011.8,6.595833333333334,1.1,0.7875,-1.0,2.9,318.6280795004323,0.8030586215584986,0.0,0.0,0.0,0.0,0.0,0.0,,0.0,0,0,0.0,0.0,0.0,4.34,4.34,0.0,4.34,0.6499999999999773,-8.266666666666652,-5.65773809523796,-5.8083333333333345,0.07875,0.0,1.3374999999999995,3.1999999999999997,-0.6609441716879205,0.7504350750809617,-0.6609441716879205,0.7504350750809617,-2.9039585626190476,3.483616714082899,11.0,231.0,,,0.0,6,0.0,0.0,0.5798888888888889,0.0,-0.0,33.05,-3.2041666666666675,308,11,2022,34
2022-11-05,0.0,0.1,0,0.0,-0.9,11.4,4.983333333333333,8.7,5.095833333333333,-4.604242666913142,2.091363330745225,76.95833333333333,143.20833333333334,600.0,43.541666666666664,1019.8625000000001,1017.8,1.0958333333333334,-1.8,1.1208333333333333,-0.5,3.7,293.70782643244274,0.991187637252882,0.0,0.0,0.0,0.0,0.0,0.0,,0.375,0,0,0.0,0.0,0.0,4.34,4.34,0.0,4.34,4.808333333333394,1.216666666666697,-0.2446428571428214,0.33333333333333337,0.11208333333333334,0.0,3.8875,0.9,-0.9156076799307735,0.40207284968247514,-0.9156076799307735,0.40207284968247514,-3.543348419078572,1.6094783632860126,12.0,232.0,,,0.0,6,0.0,0.0,0.6053333333333334,0.0,-0.0,30.575,-2.95,309,11,2022,35
2022-11-06,0.0,0.0,0,0.0,-0.7,12.2,5.570833333333333,4.4,2.466666666666667,-2.2143710169412194,0.4651013497212925,72.20833333333333,171.33333333333334,600.0,15.791666666666666,1023.0333333333333,1021.0,0.4333333333333333,-3.0,2.4125,1.2,4.9,280.93556274447246,0.924044158349885,0.0,0.0,0.0,0.0,0.0,0.0,,0.75,0,0,0.0,0.0,0.0,4.34,4.34,0.0,4.34,3.170833333333235,8.629166666666606,3.101190476190368,1.2916666666666667,0.24125000000000002,0.0,5.137499999999999,2.3,-0.9818411544732086,0.18970489551594844,-0.9818411544732086,0.18970489551594844,-1.5989604051496389,0.3358419329445833,13.0,233.0,,,0.0,6,0.0,0.0,0.6260277777777777,0.0,-0.0,14.8,0.5874999999999995,310,11,2022,36
2022-11-07,0.0,0.0,0,0.0,0.7,13.7,7.058333333333334,6.2,3.4416666666666664,-0.6300245202753721,-0.9099741184250876,73.08333333333333,158.625,600.0,49.375,1022.1083333333332,1018.4,2.2916666666666665,-2.5,3.6333333333333333,1.3,8.0,229.21785860690932,0.34067813422047194,0.0,0.0,0.0,0.0,0.0,0.0,,0.2916666666666667,0,0,0.0,0.0,0.0,0.0,4.34,0.0,4.34,-0.9250000000000682,7.054166666666561,2.6184523809523625,1.2208333333333332,0.36333333333333334,0.0,4.7666666666666675,3.2,-0.7571986845187316,-0.6531846233363905,-0.7571986845187316,-0.6531846233363905,-0.46044292023458444,-0.6650394182156681,14.0,234.0,,,0.0,6,0.0,0.0,0.6538055555555555,0.0,-0.0,20.65,1.4875000000000007,311,11,2022,37
2022-11-08,0.0,1.8,0,0.0,1.0,10.5,5.420833333333333,9.4,4.8999999999999995,-4.147857172175035,1.8994582906003765,86.16666666666667,77.125,320.0,65.91666666666667,1021.8333333333334,1019.6,3.2458333333333336,0.0,1.6416666666666666,0.0,4.2,287.9873086627408,0.9234553788434193,0.0,0.0,0.0,0.0,0.0,0.0,,0.125,0,0,0.0,0.0,0.0,0.0,4.34,0.0,4.34,-0.2749999999998636,1.970833333333303,2.5559523809524762,-1.9916666666666667,0.16416666666666666,0.0,2.175,1.0,-0.951124941964364,0.3088063224308809,-0.951124941964364,0.3088063224308809,-3.5740702633574886,1.6366998937339912,15.0,235.0,,,0.0,6,0.0,0.0,0.5719722222222222,0.0,-0.0,29.4,-1.6375000000000002,312,11,2022,38
2022-11-09,0.0,0.0,0,0.0,1.9,14.0,8.258333333333333,5.6,3.4333333333333336,-1.7370102175992523,-0.8598972397312018,69.04166666666667,166.66666666666666,600.0,6.708333333333333,1025.8583333333333,1023.2,2.716666666666667,0.1,5.175,3.3,6.8,236.790722431166,0.5767092287819496,0.0,0.0,0.0,0.0,0.0,0.0,,0.8333333333333334,0,0,0.0,0.0,0.0,0.0,4.34,0.0,4.34,4.024999999999977,2.8250000000000455,5.550595238095184,3.533333333333333,0.5175,0.0,5.541666666666666,1.7999999999999998,-0.8366756387950057,-0.5476987086409545,-0.8366756387950057,-0.5476987086409545,-1.1992608044008173,-0.5936873859310839,16.0,236.0,,,0.0,6,0.0,0.0,0.6523611111111111,0.0,-0.0,20.6,2.8374999999999995,313,11,2022,39
2022-11-10,0.0,0.0,0,0.0,2.4,15.2,9.820833333333333,5.3,2.654166666666667,-1.1809088701767203,-0.2698094802458603,56.791666666666664,158.83333333333334,600.0,47.833333333333336,1024.0708333333334,1021.9,0.9791666666666666,-6.3,5.745833333333334,4.2,8.6,248.89595209236478,0.39749483538751484,0.0,0.0,0.0,0.0,0.0,0.0,,0.375,0,0,0.0,0.0,0.0,0.0,4.34,0.0,4.34,-1.787499999999909,1.9625000000002046,2.3821428571429806,0.5708333333333337,0.5745833333333333,0.0,8.841666666666667,8.7,-0.9329280989688984,-0.3600627197507085,-0.9329280989688984,-0.3600627197507085,-0.6706578291878624,-0.15322930065629484,17.0,237.0,,,0.0,6,0.0,0.0,0.6285277777777778,0.0,-0.0,15.925,1.5625,314,11,2022,40
2022-11-11,0.0,0.0,0,0.0,2.5,15.5,9.4625,7.7,4.579166666666667,0.200501414339052,-2.136241454404891,69.20833333333333,159.04166666666666,600.0,2.5416666666666665,1026.6041666666667,1024.8,3.9625,-1.3,7.120833333333334,5.9,8.8,193.978981164119,0.38887399619921376,0.0,0.0,0.0,0.0,0.0,0.0,,1.0,0,0,0.0,0.0,0.0,0.0,4.34,0.0,4.34,2.533333333333303,4.770833333333371,3.265476190476079,1.375,0.7120833333333334,0.0,5.5,3.8,-0.24156592838815608,-0.9703844095212826,-0.24156592838815608,-0.9703844095212826,0.1387636871738189,-1.478457106569385,18.0,238.0,,,0.0,6,0.0,0.0,0.6700555555555555,0.0,-0.0,27.475,-0.3583333333333325,315,11,2022,41
2022-11-12,0.0,0.0,0,0.0,9.1,16.3,12.137500000000001,5.9,4.604166666666667,0.4610529764937477,-3.9318584702777084,73.33333333333333,158.33333333333334,600.0,8.666666666666666,1024.3374999999999,1020.8,7.445833333333333,4.4,9.170833333333333,7.8,11.2,173.58920135783075,0.8390125893006731,0.0,0.0,0.0,0.0,0.0,0.0,,0.875,0,0,0.0,0.0,0.0,0.0,4.34,0.0,4.34,-2.266666666666879,-1.520833333333485,0.35952380952358,2.049999999999999,0.9170833333333333,0.0,4.691666666666668,4.699999999999999,0.11165622751416372,-0.9937468927535348,0.11165622751416372,-0.9937468927535348,0.338105516095415,-2.883362878203653,19.0,239.0,,,0.0,6,0.0,0.0,0.6833333333333332,0.0,-0.0,27.625,2.6750000000000007,316,11,2022,42
2022-11-13,0.0,25.900000000000002,0,0.0,6.4,14.6,10.545833333333333,10.2,6.345833333333334,0.6165304452573874,-1.6965455467678463,90.70833333333333,65.41666666666667,382.0,83.75,1012.5500000000001,1006.8,9.049999999999999,4.4,6.6875,0.8,13.2,164.86881458396164,0.34927671729321763,0.0,0.0,0.0,0.0,0.0,0.0,,0.125,0,0,0.0,0.0,0.0,0.0,4.34,0.0,4.34,-11.787499999999795,-11.520833333333371,-9.930357142857133,-2.4833333333333325,0.66875,0.0,1.4958333333333336,2.0,0.26102996537880285,-0.9653306983486752,0.26102996537880285,-0.9653306983486752,0.5592444913855552,-1.5389081897140005,20.0,240.0,,,0.0,6,0.0,0.0,0.6704166666666665,0.0,-0.0,38.075,-1.5916666666666686,317,11,2022,43
2022-11-14,0.42000000000000004,3.2,4,0.14,5.0,11.1,7.295833333333333,10.7,6.379166666666666,-2.0072263258795693,5.112626909468831,86.08333333333333,100.0,467.0,86.5,1013.9416666666666,1011.3,4.9875,3.5,1.7583333333333335,0.8,3.6,343.93075986848027,0.6269791690615821,5.25,10.375,10.7,93.0,-3.8260911631101173,9.628250020836102,338.25026202503466,0.0,0,4,0.42000000000000004,0.42000000000000004,0.42000000000000004,0.42000000000000004,4.76,0.0,4.76,1.3916666666665378,-12.662500000000136,-7.3720238095239665,-4.929166666666666,0.17583333333333334,0.0,2.3083333333333336,1.5,-0.27679880852275196,0.9609278951099218,-0.3705531898745065,0.9288112474953283,-1.7278873288613292,4.4011196645677515,0.0,241.0,1.0,1.0,4.494,0,0.04340683593750002,0.42000000000000004,0.6002777777777778,4.357500000000001,0.0,0.0,-3.249999999999999,318,11,2022,44
2022-11-15,0.0,1.0,0,0.0,6.7,8.7,7.445833333333333,6.6,3.8541666666666665,-3.264095318478608,-0.47171614529167744,81.45833333333333,49.291666666666664,207.0,99.45833333333333,1011.8333333333334,1010.4,4.454166666666667,3.6,1.5041666666666667,-1.3,4.6,255.5485275795303,0.8527540484868221,0.0,0.0,0.0,0.0,0.0,0.0,,0.0,0,0,0.42000000000000004,0.42000000000000004,0.42000000000000004,0.42000000000000004,4.76,0.0,4.76,-2.108333333333235,-12.504166666666492,-8.051785714285643,-0.2541666666666669,0.15041666666666667,0.0,2.9916666666666663,3.1,-0.9683593564624421,-0.24955992617334422,-0.9683593564624421,-0.24955992617334422,-2.6588776448440323,-0.38425211001884557,1.0,242.0,0.0,1.0,0.0,1,0.0,0.21000000000000002,0.49772222222222223,0.0,-0.0,3.8541666666666665,0.14999999999999947,319,11,2022,45
2022-11-16,6.23,9.3,11,1.68,3.6,9.0,5.783333333333334,6.9,4.058333333333334,-2.7701629171697792,1.3622441315803926,81.58333333333333,103.54166666666667,536.0,85.33333333333333,1016.2208333333333,1011.1,2.6916666666666664,0.8,-1.0416666666666667,-2.2,0.8,291.3457867485073,0.752264922517654,4.918181818181818,3.5727272727272723,6.5,88.9090909090909,-1.5031841009713482,2.21812326246406,311.4294753116263,0.0,0,7,6.23,6.65,6.65,6.65,10.99,0.0,10.99,4.387499999999932,3.670833333333235,-2.287499999999909,-2.5458333333333334,-0.10416666666666667,1.0416666666666667,3.0916666666666677,2.8,-0.9314006453440176,0.3639956563652205,-0.7497707642937689,0.6616976658643565,-2.2599912465910115,1.1113641706810036,0.0,243.0,0.9368421052631579,1.0,42.987,0,0.7561458158574376,6.65,0.5409722222222223,22.258090909090907,0.0,0.0,-1.6624999999999988,320,11,2022,46
2022-11-17,0.07,0.1,1,0.07,2.2,10.5,6.633333333333333,4.5,2.6958333333333333,-1.8481270185546916,-0.6100609599125223,80.125,85.04166666666667,375.0,91.625,1022.9541666666668,1021.1,3.275,-0.1,0.9541666666666666,-0.4,2.8,248.43025032705143,0.7062217936562104,4.8,3.4,3.4,94.0,-3.233592155403522,-1.0506577808748216,252.0,0.0,0,1,6.300000000000001,6.300000000000001,6.720000000000001,6.720000000000001,11.06,0.0,11.06,6.733333333333462,9.01250000000016,4.605357142857201,1.9958333333333333,0.09541666666666666,0.0,3.358333333333333,2.3000000000000003,-0.9299707142043543,-0.3676336093480072,-0.9510565162951535,-0.30901699437494756,-1.4808117736169466,-0.48881134412990845,0.0,244.0,0.011111111111111112,0.9375,0.31500000000000006,1,0.00871325000000001,6.300000000000001,0.5571111111111111,0.23800000000000002,0.0,2.6958333333333333,0.8499999999999988,321,11,2022,47
2022-11-18,0.0,0.0,0,0.0,-1.8,12.2,4.466666666666667,5.7,3.2916666666666665,-3.0806823045090876,0.09165097911353871,73.625,150.625,600.0,40.0,1025.3791666666666,1022.9,-0.6124999999999999,-4.1,2.1375,0.2,4.9,264.8729023238611,0.8967053412378285,0.0,0.0,0.0,0.0,0.0,0.0,,0.375,1,0,0.07,6.300000000000001,6.720000000000001,6.720000000000001,11.06,1.0,11.06,2.424999999999841,13.545833333333235,7.20535714285711,1.1833333333333336,0.21375000000000002,0.0,5.079166666666667,2.3,-0.9959989120223933,-0.08936535822234869,-0.9959989120223933,-0.08936535822234869,-2.2681523466948157,0.06747803337234287,1.0,245.0,0.0,0.9375,0.0,2,0.0,3.1500000000000004,0.6169444444444444,0.0,-0.0,6.583333333333333,-2.166666666666666,322,11,2022,48
2022-11-19,0.0,0.4,0,0.0,5.6,12.8,8.316666666666666,6.8,4.745833333333334,0.6857426500039967,-0.2363440307375242,75.08333333333333,139.75,595.0,78.58333333333333,1024.8999999999999,1021.8,3.983333333333333,0.7,4.220833333333333,1.7,7.5,66.13849556612425,0.13420182676388515,0.0,0.0,0.0,0.0,0.0,0.0,,0.041666666666666664,0,0,0.0,0.07,6.720000000000001,6.720000000000001,11.06,1.0,11.06,-0.47916666666674246,8.67916666666656,6.6458333333332575,2.083333333333333,0.4220833333333333,0.0,4.333333333333334,4.8999999999999995,0.914525953110662,0.4045272315766087,0.914525953110662,0.4045272315766087,0.5148784397113342,-0.17745497641209107,2.0,246.0,0.0,0.010416666666666666,0.0,3,0.0,0.023333333333333334,0.6278888888888888,0.0,-0.0,14.2375,3.8499999999999996,323,11,2022,49
2022-11-20,1.33,7.2,7,0.49,2.6,8.4,5.720833333333334,7.2,4.9125000000000005,0.1168286053717003,-4.452505190746385,91.125,34.125,250.0,98.625,1024.5208333333333,1021.8,4.3625,0.5,2.495833333333333,1.3,4.6,182.28992148393607,0.8602301728816126,6.357142857142857,3.5714285714285716,6.2,96.57142857142857,0.27297231612976786,-2.575341328641032,186.11314098209115,0.0,0,3,1.33,1.33,8.05,8.05,12.39,1.0,12.39,-0.37916666666660603,1.5666666666664923,4.556547619047592,-1.725,0.24958333333333332,0.0,1.3583333333333343,2.1,-0.039956030332106186,-0.9992014389701908,-0.10649212333197737,-0.9943135459543166,0.1064600666449619,-4.0573453550676435,0.0,247.0,1.0,0.16521739130434782,9.576,4,0.1157176339285716,1.33,0.5131666666666667,4.750000000000001,0.0,19.650000000000002,-2.5958333333333323,324,11,2022,50
2022-11-21,0.0,7.9,0,0.0,5.9,15.7,9.770833333333334,5.4,3.0500000000000003,-2.171652168426791,-0.5476186492420111,85.95833333333333,122.29166666666667,490.0,64.33333333333333,1018.9291666666667,1015.7,7.354166666666667,4.8,5.179166666666666,3.0,8.4,252.58627161746293,0.6323394867905723,0.0,0.0,0.0,0.0,0.0,0.0,,0.16666666666666666,0,0,1.33,1.33,7.630000000000001,8.05,12.39,1.0,12.39,-5.591666666666583,-6.449999999999932,-1.7476190476189686,2.683333333333333,0.5179166666666666,0.0,2.416666666666667,1.1000000000000005,-0.9541686493136744,-0.2992694248781827,-0.9541686493136744,-0.2992694248781827,-1.8667160097768625,-0.47072386391094534,1.0,248.0,0.0,0.17431192660550457,0.0,5,0.0,0.665,0.7013888888888888,0.0,-0.0,15.250000000000002,4.05,325,11,2022,51
2022-11-22,0.0,0.5,0,0.0,5.2,10.8,8.25,8.6,4.204166666666667,-1.8954625562273122,1.5934518265399928,90.875,51.708333333333336,186.0,99.08333333333333,1021.3416666666667,1019.0,6.820833333333333,3.7,3.966666666666667,3.1,5.2,305.6023755637482,0.3680571673795755,0.0,0.0,0.0,0.0,0.0,0.0,,0.0,0,0,0.0,1.33,7.630000000000001,8.05,12.39,1.0,12.39,2.4125000000000227,-3.5583333333331666,-0.693452380952408,-1.2124999999999995,0.39666666666666667,0.0,1.4291666666666671,1.5,-0.8130766247096025,0.5821566819601405,-0.8130766247096025,0.5821566819601405,-1.7225015979715699,1.4480493473682186,2.0,249.0,0.0,0.17431192660550457,0.0,6,0.0,0.44333333333333336,0.5773888888888888,0.0,-0.0,25.225,-1.520833333333334,326,11,2022,52
2022-11-23,2.94,23.9,7,0.77,6.1,8.2,7.208333333333333,9.3,5.533333333333334,1.3798333552572943,-4.165935586372796,96.875,16.0,71.0,97.79166666666667,1016.9916666666667,1009.0,6.7124999999999995,6.0,2.9875000000000003,1.4,4.2,164.30482911059892,0.6565447899491641,6.485714285714286,6.814285714285715,8.7,99.85714285714286,-0.0388914382344672,-5.233151084226148,190.2262531820359,0.0,0,5,2.94,2.94,4.34,10.99,10.99,1.0,15.33,-4.350000000000023,-7.529166666666583,-5.153571428571354,-0.9791666666666665,0.29875,0.0,0.49583333333333357,0.09999999999999964,0.2705193056192869,-0.9627145502625681,-0.17753568453686108,-0.9841143636366803,1.336713562905504,-4.035750099298646,0.0,250.0,1.0,0.6774193548387097,27.342000000000002,0,0.23629837499999998,2.94,0.5158055555555555,20.034000000000002,0.0,0.0,-1.041666666666667,327,11,2022,53
2022-11-24,0.0,9.4,0,0.0,6.8,9.4,7.733333333333333,13.4,7.1875,-3.717266837244789,5.936596129272881,95.25,52.791666666666664,248.0,100.0,1014.3833333333333,1008.6,6.983333333333333,6.6,1.7166666666666668,-0.8,3.3,330.47727965148636,0.965260677630434,0.0,0.0,0.0,0.0,0.0,0.0,,0.0,0,0,2.94,2.94,4.27,10.99,10.99,1.0,15.33,-2.6083333333333485,-4.5458333333333485,-6.537500000000023,-1.2708333333333335,0.1716666666666667,0.0,0.75,0.20000000000000018,-0.4927686564807811,0.8701603594683718,-0.4927686564807811,0.8701603594683718,-3.5406966624756615,5.654607813132419,1.0,251.0,0.0,0.6885245901639345,0.0,1,0.0,1.47,0.5615833333333334,0.0,-0.0,7.1875,0.5250000000000004,328,11,2022,54
2022-11-25,0.0,0.8,0,0.0,1.3,12.7,7.016666666666667,7.6,5.095833333333333,-1.1969520489956684,-1.439591456620317,76.66666666666667,140.79166666666666,578.0,52.958333333333336,1021.0458333333332,1018.7,2.829166666666667,0.4,4.7375,1.9,6.9,227.0299980596702,0.3888892462462194,0.0,0.0,0.0,0.0,0.0,0.0,,0.4583333333333333,0,0,0.0,2.94,4.27,10.99,10.99,0.0,15.33,6.662499999999909,-0.2958333333334622,0.744047619047592,3.020833333333333,0.47375,0.0,4.1875,0.9,-0.7317106717737586,-0.681615355469927,-0.7317106717737586,-0.681615355469927,-0.9176632375633459,-1.10368678340891,2.0,252.0,0.0,0.6885245901639345,0.0,2,0.0,0.98,0.6316388888888889,0.0,-0.0,10.191666666666666,-0.7166666666666668,329,11,2022,55
2022-11-26,0.0,1.0,0,0.0,4.0,15.1,9.458333333333334,6.9,4.866666666666666,-0.9889847537891417,-2.9044608144461286,73.79166666666667,127.29166666666667,534.0,72.66666666666667,1014.725,1010.9,4.804166666666666,0.6,4.9125000000000005,0.0,9.9,209.27280318996986,0.5912940752681325,0.0,0.0,0.0,0.0,0.0,0.0,,0.16666666666666666,0,0,0.0,0.0,4.27,10.99,10.99,0.0,15.33,-6.320833333333212,-2.2666666666666515,-4.123214285714312,0.1750000000000007,0.4912500000000001,0.0,4.654166666666668,3.4,-0.4889684481256137,-0.8723014712458239,-0.4889684481256137,-0.8723014712458239,-0.7297883329002376,-2.143250042660039,3.0,253.0,,0.0,0.0,3,0.0,0.0,0.6641666666666667,0.0,-0.0,14.599999999999998,2.4416666666666673,330,11,2022,56
2022-11-27,0.07,1.9,1,0.07,2.2,9.3,6.270833333333333,9.2,4.933333333333334,-1.9478702159859447,4.245617610840337,84.08333333333333,97.70833333333333,398.0,62.0,1020.2583333333333,1014.8,3.6208333333333336,-2.9,3.3541666666666665,0.5,6.6,335.9843277847818,0.8563153038636581,5.0,7.1,7.1,93.0,-2.887830165838181,6.486172749262466,336.0,0.3333333333333333,0,1,0.07,0.07,3.0099999999999993,11.06,11.06,0.0,15.4,5.533333333333303,5.875,2.019047619047683,-1.558333333333334,0.33541666666666664,0.0,2.6499999999999995,5.1,-0.4069865115505424,0.9134341680799554,-0.40673664307580015,0.9135454576426009,-1.6378342066081817,3.5698568077815827,0.0,254.0,1.0,0.02325581395348838,0.644,4,0.007973437500000001,0.07,0.5520833333333334,0.497,0.0,19.733333333333334,-3.187500000000001,331,11,2022,57
2022-11-28,0.0,0.0,0,0.0,5.4,14.5,9.575000000000001,8.3,4.6499999999999995,1.6469330493298904,-3.6479819876773263,63.958333333333336,120.95833333333333,491.0,70.75,1024.3125,1022.8,2.2875,-7.7,7.933333333333334,6.4,10.6,165.13581554391547,0.7556726037587355,0.0,0.0,0.0,0.0,0.0,0.0,,0.20833333333333334,0,0,0.07,0.07,3.01,10.64,11.06,0.0,15.4,4.054166666666674,3.266666666666765,5.304166666666674,4.5791666666666675,0.7933333333333333,0.0,7.287500000000001,13.100000000000001,0.2565286620768651,-0.9665366239998635,0.2565286620768651,-0.9665366239998635,1.0533509294672425,-2.3331884796186233,1.0,255.0,0.0,0.023255813953488375,0.0,5,0.0,0.035,0.6160555555555556,0.0,-0.0,23.249999999999996,3.304166666666668,332,11,2022,58
2022-11-29,0.0,42.0,0,0.0,7.9,13.8,11.054166666666667,13.8,8.454166666666667,4.081037768956837,-5.916736262044584,98.95833333333333,37.125,182.0,100.0,1014.3708333333334,1007.8,10.895833333333334,6.9,8.933333333333334,5.3,11.3,145.9098683646543,0.7552676766130332,0.0,0.0,0.0,0.0,0.0,0.0,,0.0,0,0,0.0,0.07,3.01,10.64,11.06,0.0,15.4,-9.941666666666606,-0.35416666666662877,-3.641666666666538,1.0,0.8933333333333333,0.0,0.15833333333333321,1.0,0.5604963648997492,-0.8281568842521128,0.5604963648997492,-0.8281568842521128,4.038526958863537,-5.855103592648286,2.0,256.0,0.0,0.023255813953488375,0.0,6,0.0,0.023333333333333334,0.6612777777777777,0.0,-0.0,50.72500000000001,1.479166666666666,333,11,2022,59
2022-11-30,0.14,5.4,2,0.07,4.0,11.8,8.558333333333334,11.1,6.0625,-3.171475109011624,4.661314043995036,90.70833333333333,47.625,301.0,99.95833333333333,1013.6125000000001,1009.0,7.083333333333333,1.3,0.04583333333333328,-3.4,5.3,324.8934545119991,0.9252510445765736,4.75,9.649999999999999,11.1,87.5,-4.678412835377151,8.440080173895169,331.0,0.0,0,2,0.14,0.14,0.20999999999999958,4.55,11.200000000000001,0.0,15.540000000000001,-0.7583333333333258,-6.6458333333332575,-3.9172619047617445,-8.887500000000001,0.004583333333333328,0.0,1.4750000000000005,2.7,-0.5750987139738022,0.8180840233042562,-0.4848096202463369,0.8746197071393959,-2.876792213465961,4.228200280740498,0.0,257.0,1.0,0.6666666666666681,1.554,0,0.016158515624999998,0.14,0.5963333333333333,1.351,0.0,0.0,-2.4958333333333336,334,11,2022,60
2022-12-01,1.47,2.1,11,0.21,2.0,6.0,3.470833333333333,8.5,5.566666666666666,-4.928564695365577,0.8859435434895211,71.04166666666667,44.875,178.0,99.70833333333333,1019.5916666666667,1017.4,-1.3208333333333333,-2.6,-3.3708333333333336,-5.2,-1.3,278.7498409507463,0.9095646880503679,3.3818181818181823,6.009090909090909,8.5,69.72727272727273,-5.6799973169832345,0.2674049249116869,273.1724032572341,0.0,0,10,1.6099999999999999,1.6099999999999999,1.6799999999999995,5.949999999999999,12.67,0.0,17.01,5.979166666666629,-4.720833333333303,1.3178571428571786,-3.416666666666667,-0.33708333333333335,3.3708333333333336,4.791666666666666,4.6,-0.9883619327483033,0.15212064256384958,-0.998467535019019,0.055340595524841434,-3.501334502332629,0.6293890590206807,0.0,258.0,0.9130434782608696,0.9583333333333336,12.495,0,0.22494917975206608,1.6099999999999999,0.40005555555555555,8.833363636363636,0.0,0.0,-5.0875,335,12,2022,61
2022-12-02,4.76,6.9,16,0.7,-3.8,1.5,-0.3,11.0,7.4375,-6.210658585161084,2.810459704974365,73.375,43.875,170.0,92.625,1024.2291666666667,1019.9,-4.5125,-9.7,-4.875,-6.9,-2.7,291.5480530272778,0.9095430998794054,0.65625,7.61875,11.0,72.75,-5.963182150627666,4.330443397767,304.4025494266787,0.0,1,16,6.2299999999999995,6.369999999999999,6.4399999999999995,10.709999999999999,17.43,1.0,21.77,4.6375000000000455,9.858333333333348,5.500595238095229,-1.5041666666666664,-0.4875,4.875,4.2125,5.8999999999999995,-0.9301098622480223,0.36728142363719557,-0.8250883587520873,0.5650037170247528,-4.557070736861945,2.06217480852494,0.0,259.0,0.7472527472527473,0.9891304347826086,52.36,0,1.0060145532226563,6.369999999999999,0.30716666666666664,36.26525,105.08617744943707,0.0,-3.770833333333333,336,12,2022,62
2022-12-03,0.0,0.0,0,0.0,-6.6,9.8,0.6833333333333332,9.8,7.095833333333334,-5.808983598961919,-2.7241946156409793,59.791666666666664,126.79166666666667,554.0,55.458333333333336,1023.7624999999999,1019.7,-6.858333333333333,-13.9,0.3541666666666667,-1.0,3.5,245.0101244683467,0.9127085985551534,0.0,0.0,0.0,0.0,0.0,0.0,,0.16666666666666666,1,0,4.76,6.2299999999999995,6.4399999999999995,10.709999999999999,17.43,2.0,21.77,-0.46666666666681067,10.149999999999864,3.7428571428570194,5.229166666666667,0.035416666666666666,0.0,7.541666666666667,7.300000000000001,-0.9063824517766025,-0.4224581057471083,-0.9063824517766025,-0.4224581057471083,-3.473288110212647,-1.6288413639353354,1.0,260.0,0.0,0.967391304347826,0.0,1,0.0,3.1149999999999998,0.5016111111111111,0.0,-0.0,7.095833333333334,0.9833333333333332,337,12,2022,63
2022-12-04,5.109999999999999,8.0,11,0.91,-1.7,7.1,2.9958333333333336,9.9,6.2375,-4.334473820248342,2.744791308039824,84.66666666666667,29.875,112.0,97.25,1020.5916666666667,1018.7,0.6208333333333333,-2.8,-1.8291666666666666,-3.9,1.3,299.10119842759315,0.8163694419321992,5.318181818181818,6.763636363636363,9.9,82.27272727272727,-3.441655941177669,4.975091602934466,317.9335592751905,0.0,1,11,5.109999999999999,9.87,11.479999999999999,14.489999999999998,22.54,3.0,26.88,-3.170833333333235,1.0,0.5244047619047478,-2.183333333333333,-0.18291666666666667,1.8291666666666666,2.375,1.0999999999999999,-0.8737620504067706,0.4863536565802258,-0.6699919140069803,0.7423683958556311,-3.6698545011435963,2.323923307473718,0.0,261.0,0.5177304964539007,0.8597560975609756,50.589,0,0.5475354442148757,9.87,0.4599166666666667,34.56218181818181,0.0,0.0,2.3125000000000004,338,12,2022,64
2022-12-05,0.28,0.4,3,0.14,-0.5,7.5,3.0250000000000004,5.4,2.595833333333333,-0.6104373731040255,0.16851184971757863,80.91666666666667,70.66666666666667,461.0,97.83333333333333,1019.775,1017.3,-0.125,-2.1,-1.55,-3.0,0.1,277.0982326592329,0.3216170363960702,2.9333333333333336,2.8000000000000003,3.5,90.0,2.157569055033696,-1.6843843968429084,130.7126742772932,0.0,1,3,5.39,5.39,11.759999999999998,14.769999999999998,22.82,4.0,27.16,-0.8166666666667197,-4.454166666666765,0.3559523809522034,0.27916666666666656,-0.155,1.55,3.1500000000000004,1.6,-0.9923357500140946,0.12357086729470046,0.757990068351625,-0.652266093155469,-0.49394557440334064,0.13635417172980738,0.0,262.0,0.05194805194805196,0.45833333333333337,1.5120000000000002,1,0.047735333333333296,5.39,0.4835,0.7840000000000001,0.0,2.595833333333333,0.029166666666666785,339,12,2022,65
2022-12-06,5.46,7.8,13,1.47,1.6,6.5,3.6625,9.0,4.929166666666666,-1.9892918635754988,-1.899858689523467,81.375,57.625,325.0,96.54166666666667,1015.1333333333333,1013.1,0.6791666666666667,-1.8,-2.5124999999999997,-4.0,0.6,207.3448972064894,0.4354822268895059,3.5,5.7153846153846155,9.0,76.53846153846153,-4.856650470946188,-1.5804815549640772,247.5414172554812,0.0,0,12,5.74,10.85,17.22,20.229999999999997,28.28,4.0,32.62,-4.6416666666666515,-8.629166666666606,-4.394642857143026,-0.9624999999999997,-0.25125,2.5124999999999997,2.9833333333333334,3.4000000000000004,-0.45934573768699694,-0.8882575602091932,-0.924155920512995,-0.38201548997492085,-1.6187862539845623,-1.5460100085997213,0.0,263.0,0.503225806451613,0.6300813008130082,49.14,0,0.8238628124999999,10.85,0.45411111111111113,31.206,0.0,0.0,0.6374999999999997,340,12,2022,66
2022-12-07,9.8,13.9,23,1.26,0.6,3.9,2.625,8.1,4.3,-3.5054404807899737,-1.530944767500867,81.08333333333333,62.083333333333336,306.0,99.875,1017.2583333333333,1015.6,-0.32083333333333336,-2.0,-2.6958333333333333,-4.8,-1.3,243.35431036178522,0.8691065908847291,2.6043478260869564,4.3304347826086955,8.1,81.08695652173913,-3.5328471175125706,-1.5033104494205838,243.8724408487465,0.0,0,17,15.260000000000002,15.540000000000001,26.88,27.090000000000003,38.08,4.0,42.42,2.125,-3.3333333333333712,-2.7904761904762836,-0.18333333333333357,-0.26958333333333334,2.6958333333333333,2.9458333333333333,2.6,-0.893796893981541,-0.44847197494263774,-0.8978158620560578,-0.4403710683509281,-2.8423279898405367,-1.241341048981953,0.0,264.0,0.6306306306306306,0.5781250000000001,79.38,0,1.7138539650283555,15.540000000000001,0.39833333333333326,42.43826086956522,0.0,0.0,-1.0375,341,12,2022,67
2022-12-08,14.63,20.900000000000002,20,1.47,1.1,3.9,2.466666666666667,7.3,3.4625,-2.245992459405016,1.680117952758878,86.91666666666667,52.958333333333336,268.0,99.95833333333333,1020.1999999999999,1017.7,0.5,-1.6,-3.7083333333333335,-5.4,-1.7,294.05015669412285,0.7761443720779821,2.57,3.3049999999999997,7.3,88.15,-1.8492236714517187,1.9423763657251487,299.19059363033836,0.0,0,20,24.43,29.89,40.04,41.72,52.71,4.0,57.05,2.941666666666606,0.4249999999999545,0.0642857142856883,-1.0125000000000002,-0.37083333333333335,3.7083333333333335,1.9666666666666668,2.7,-0.9131890506166844,0.4075362043227554,-0.873002158460856,0.48771634309574496,-1.9521417792995266,1.4603025206062583,0.0,0.0,0.4894613583138174,0.7465034965034966,100.0,0,2.6052548517187497,29.89,0.4116944444444444,48.35215,0.0,0.0,-0.15833333333333321,342,12,2022,68
2022-12-09,0.07,0.1,1,0.07,-0.4,5.3,2.620833333333333,6.2,4.175,-3.804971633526794,-1.456849823040126,78.125,122.70833333333333,539.0,86.20833333333333,1021.7875,1019.5,-0.8125,-3.7,-1.2375,-2.5,0.8,248.20888926450561,0.9758532290285242,1.4,4.7,4.7,79.0,-3.9858260519352022,-2.490620541896064,238.0,0.041666666666666664,1,1,14.700000000000001,24.5,35.35,41.79,52.78,4.0,57.12,1.587500000000091,6.654166666666697,2.0005952380952294,2.470833333333333,-0.12375,1.2375,3.433333333333333,3.3000000000000003,-0.928543432287052,-0.37122377935226725,-0.848048096156426,-0.529919264233205,-2.9726340886928075,-1.1381639242500983,0.0,1.0,0.0028571428571428576,0.693069306930693,0.43400000000000005,1,0.014165812500000008,24.5,0.45999999999999996,0.32900000000000007,2.5309995429789987,4.175,0.15416666666666634,343,12,2022,69
2022-12-10,0.21,0.3,1,0.21,-1.2,9.0,3.829166666666667,9.1,4.508333333333334,-2.6415284229018847,-1.422280075387655,75.0,127.0,548.0,67.70833333333333,1017.4250000000001,1014.2,-0.3333333333333333,-4.3,0.2333333333333333,-1.3,3.0,250.99042906003103,0.6464991452278239,3.7,5.4,5.4,85.0,-0.3766849582182765,-5.386845871403051,183.99999999999997,0.2916666666666667,1,1,0.28,14.91,35.56,42.0,52.99,4.0,57.33,-4.3624999999999545,0.16666666666674246,-1.4565476190474556,1.4708333333333334,0.02333333333333333,0.0,4.1625000000000005,3.0999999999999996,-0.9454641780658778,-0.32572609351142584,-0.06975647374412483,-0.9975640502598243,-1.9811463171764134,-1.0667100565407412,0.0,2.0,0.01408450704225352,0.41929133858267714,1.9109999999999998,2,0.030842437499999993,14.91,0.5346666666666667,1.1340000000000001,0.0,9.016666666666667,1.208333333333334,344,12,2022,70
2022-12-11,7.35,10.5,13,1.96,-2.9,3.4,1.0833333333333333,9.9,6.408333333333334,-4.144019555092522,3.455143923112606,83.08333333333333,44.458333333333336,226.0,93.625,1015.15,1011.5,-1.4583333333333333,-5.0,-4.020833333333333,-8.3,-1.6,305.42585675069046,0.8410611239308396,2.5615384615384613,7.1461538461538465,9.9,84.38461538461539,-4.079399210330882,4.021273193629131,308.9099707883853,0.0,1,13,7.56,7.63,37.800000000000004,49.28,60.34,4.0,64.68,-2.275000000000091,-5.0499999999999545,-2.954166666666765,-4.254166666666666,-0.4020833333333333,4.020833333333333,2.5416666666666665,2.1,-0.8148662915786293,0.5796489686429989,-0.7781338566729997,0.6280984804146588,-3.4429895803560373,2.8706487427860568,0.0,3.0,0.963302752293578,0.20185185185185184,72.765,3,1.24472372318787,7.63,0.38213888888888886,52.52423076923077,0.0,19.225,-2.7458333333333336,345,12,2022,71
2022-12-12,0.14,0.2,2,0.07,-5.8,4.4,-0.27499999999999997,9.7,5.516666666666667,0.44595520188737847,-1.4429560275766329,82.66666666666667,129.04166666666666,545.0,63.375,1020.7125,1017.9,-2.9375,-7.6,-1.2874999999999999,-4.1,0.7,157.48479781256333,0.14440913044850753,-0.7,5.6,6.2,90.0,-3.072134282106669,4.673016192023432,327.0,0.20833333333333334,1,2,7.489999999999999,7.699999999999999,37.660000000000004,49.42,60.480000000000004,4.0,64.82000000000001,5.5625,-1.0750000000000455,2.4744047619047933,2.7333333333333334,-0.12874999999999998,1.2874999999999999,2.6625,1.7999999999999998,0.38292855020774086,-0.923777963276781,-0.544639035015027,0.838670567945424,0.36865630022689955,-1.1928436494633499,0.0,4.0,0.018181818181818184,0.2044609665427509,1.358,4,0.0348285,7.699999999999999,0.4593611111111111,0.784,99.11473227646638,22.066666666666666,-1.3583333333333332,346,12,2022,72
2022-12-13,14.98,21.9,21,1.68,-4.0,5.8,2.1333333333333333,7.6,4.345833333333333,-0.6870383648304589,-2.589410735893292,91.625,37.791666666666664,210.0,99.5,1013.3125,1009.2,0.8999999999999999,-5.0,-1.075,-3.1,1.3,192.1522332285716,0.6399826136286462,2.861904761904762,3.995238095238095,7.6,92.04761904761905,-1.066243154206467,-2.0315723283187914,198.67972097950135,0.0,0,21,15.120000000000001,22.47,47.18,64.4,75.46000000000001,4.0,79.8,-7.399999999999977,-4.112500000000068,-4.66547619047617,0.2124999999999999,-0.1075,1.075,1.2333333333333334,1.0,-0.21050986376142722,-0.9775917334241044,-0.3202777190002991,-0.9473236947907328,-0.629498901775908,-2.372547586762229,0.0,0.0,0.6666666666666667,0.4762611275964391,100.0,0,2.539714953373017,22.47,0.4595,59.84866666666666,0.0,0.0,2.408333333333333,347,12,2022,73
2022-12-14,31.22,44.6,24,3.29,-5.5,-0.4,-3.025,6.8,4.125,-1.1521534503868172,2.079939026696954,87.54166666666667,36.625,157.0,99.875,1012.8041666666667,1007.4,-4.820833333333334,-7.6,-7.658333333333334,-9.8,-4.2,317.6265930478349,0.5534812976897445,-3.025,4.125,6.8,87.54166666666667,-1.1521534503868172,2.079939026696954,317.6265930478349,0.0,0,24,46.2,46.339999999999996,68.6,95.48,106.25999999999999,4.0,111.02,-0.5083333333333258,-2.345833333333303,-4.537499999999909,-6.583333333333334,-0.7658333333333334,7.658333333333334,1.7958333333333338,2.0999999999999996,-0.6739595710787761,0.7387682292514426,-0.6739595710787761,0.7387682292514426,-1.0086143330261264,1.8208132896209586,0.0,0.0,0.6737160120845922,0.6755102040816326,100.0,0,9.641827480468748,46.339999999999996,0.31622222222222224,128.7825,0.0,0.0,-5.158333333333333,348,12,2022,74
2022-12-15,12.040000000000001,17.2,23,1.33,-4.3,-0.1,-2.1750000000000003,6.6,4.2749999999999995,-2.8550356290174688,0.8707073728453185,79.70833333333333,56.166666666666664,258.0,100.0,1017.4499999999999,1015.4,-5.216666666666667,-7.5,-5.195833333333334,-8.4,-3.6,273.40397042676705,0.6723906006411724,-2.0869565217391304,4.3304347826086955,6.6,79.52173913043478,-2.8526073007648374,0.8770091852821149,272.70877972270006,0.0,0,22,43.26,58.239999999999995,66.01,106.05,118.3,4.0,123.06,4.6458333333332575,-3.2625000000000455,0.5011904761904589,2.4625000000000004,-0.5195833333333334,5.195833333333334,3.0416666666666665,3.2,-0.9982357157720128,0.05937554847862426,-0.998882644874336,0.04725951511443222,-2.275701315962674,0.694026335105456,0.0,0.0,0.20673076923076927,0.882290562036055,79.464,1,3.441237977315689,58.239999999999995,0.30313888888888885,52.1384347826087,56.986773764653286,4.2749999999999995,0.8499999999999996,349,12,2022,75
2022-12-16,14.28,20.4,21,1.4,-3.9,1.0,-1.6958333333333335,7.4,4.820833333333334,-3.755655306234836,2.163110090967641,81.58333333333333,44.916666666666664,197.0,100.0,1021.1916666666666,1017.3,-4.445833333333334,-6.2,-5.508333333333333,-8.3,-2.4,289.82354573361476,0.8286649792856383,-1.6476190476190478,4.604761904761905,7.4,82.76190476190476,-3.432846890682641,2.19861574344051,290.2055168719517,0.0,1,21,26.32,57.53999999999999,80.22,115.57,126.35,4.0,137.34,3.7416666666666742,7.879166666666606,4.327976190476193,-0.3124999999999991,-0.5508333333333333,5.508333333333333,2.75,2.3000000000000003,-0.9407414849664307,0.3391245471256169,-0.9384597704811342,0.34538856261969214,-3.063988787336587,1.7647373158811004,0.0,0.0,0.24817518248175185,0.7172774869109947,100.0,2,3.9188559880952383,57.53999999999999,0.32411111111111107,65.756,50.09381825228654,9.641666666666667,0.47916666666666674,350,12,2022,76
2022-12-17,7.98,11.4,13,1.26,-3.8,3.2,-0.24999999999999997,8.7,5.391666666666667,-4.942271815058572,-0.8592404865563653,77.875,45.291666666666664,208.0,100.0,1016.0166666666668,1009.1,-3.6791666666666667,-8.7,-3.970833333333333,-8.0,-1.0,256.0492285162639,0.9267668187224349,1.6615384615384616,5.092307692307693,8.7,82.6923076923077,-4.635670718019837,-1.478038384812108,247.77523584716266,0.0,1,13,22.259999999999998,34.3,87.99,123.55,134.26,4.0,145.32,-5.174999999999841,3.212500000000091,-0.6458333333333712,1.5374999999999996,-0.39708333333333334,3.970833333333333,3.4291666666666667,4.8999999999999995,-0.9705032273214269,-0.24108812861419543,-0.9257071894989968,-0.37824092759756767,-3.8487941759768627,-0.6691335289057695,0.0,1.0,0.23265306122448984,0.3898170246618934,69.426,3,1.5576334349112428,34.3,0.36088888888888887,40.63661538461539,0.0,16.175,1.4458333333333335,351,12,2022,77
2022-12-18,19.04,27.2,24,1.26,-6.8,0.6,-4.55,9.5,4.9125000000000005,-3.1138189626778665,2.7243031927867674,79.33333333333333,41.083333333333336,173.0,99.91666666666667,1009.8041666666667,1007.5,-7.5874999999999995,-9.4,-8.841666666666667,-9.9,-7.6,304.7413357778796,0.7942668169742605,-4.55,4.9125000000000005,9.5,79.33333333333333,-3.1138189626778665,2.7243031927867674,304.7413357778796,0.0,0,24,27.019999999999996,41.3,99.68,137.48,153.3,3.0,164.36,-6.212500000000091,-7.6458333333332575,-6.0946428571427305,-4.870833333333334,-0.8841666666666667,8.841666666666667,3.0374999999999996,2.6000000000000005,-0.8217331230036572,0.569872507284442,-0.8217331230036572,0.569872507284442,-2.4702963770577737,2.161280532944169,0.0,0.0,0.4610169491525424,0.41432584269662914,100.0,4,6.50051259375,41.3,0.30516666666666664,93.534,0.0,19.650000000000002,-4.3,352,12,2022,78
2022-12-19,14.14,20.2,24,0.91,-6.1,-1.6,-4.179166666666666,5.7,3.404166666666667,-3.041452717350918,-0.4504154415991451,77.08333333333333,57.25,250.0,100.0,1016.5458333333332,1013.4,-7.633333333333333,-10.0,-7.966666666666666,-10.7,-6.8,264.10428106157525,0.9104262182826123,-4.179166666666666,3.404166666666667,5.7,77.08333333333333,-3.041452717350918,-0.4504154415991451,264.10428106157525,0.0,0,24,33.17999999999999,41.16,113.68,151.34,167.44,2.0,178.5,6.741666666666561,-4.645833333333371,1.24226190476179,0.8750000000000009,-0.7966666666666666,7.966666666666666,3.4541666666666666,3.9000000000000004,-0.9947104948570096,-0.10271821367860334,-0.9947104948570096,-0.10271821367860334,-2.3444531362913326,-0.34719523623267434,0.0,0.0,0.34353741496598644,0.3620689655172413,80.598,5,4.799050102322048,41.16,0.2951111111111111,48.13491666666667,125.07720845712339,17.020833333333336,0.37083333333333357,353,12,2022,79
2022-12-20,4.55,6.5,10,1.05,-7.7,0.6,-2.15,5.6,4.058333333333334,-3.722401764075569,0.8281036621962842,76.0,95.70833333333333,436.0,96.875,1022.3083333333334,1019.2,-5.883333333333333,-9.6,-6.454166666666667,-8.0,-4.6,281.08087167463145,0.9353275995858148,-2.13,3.94,4.9,76.5,-3.3543034185979415,0.9791274348068668,284.5961755098263,0.0,1,10,18.689999999999998,37.72999999999999,103.25,150.42999999999998,170.66,3.0,183.05,5.762500000000159,6.291666666666629,5.719642857142958,1.5124999999999993,-0.6454166666666666,6.454166666666667,3.733333333333333,1.8999999999999995,-0.981356883198175,0.1921943490312957,-0.9677259939421037,0.25200476314698395,-2.8290253406974326,0.6293587832691759,0.0,1.0,0.12059369202226349,0.3654237288135592,25.479999999999997,6,1.3118329656249998,37.72999999999999,0.3304722222222222,17.927,148.834635562468,24.35,2.0291666666666663,354,12,2022,80
2022-12-21,0.0,0.0,0,0.0,-7.7,5.7,-1.1125,7.0,4.683333333333334,0.5702177010811275,-3.222633662029273,61.416666666666664,115.91666666666667,482.0,91.875,1016.2958333333332,1010.5,-7.779166666666666,-13.0,-0.6833333333333332,-3.0,1.3,184.10203395689413,0.5709414195276776,0.0,0.0,0.0,0.0,0.0,0.0,,0.0,1,0,4.549999999999996,18.689999999999998,72.03,140.63,170.66,4.0,183.05,-6.012500000000159,6.491666666666561,-0.7916666666667425,5.770833333333333,-0.06833333333333333,0.6833333333333332,6.666666666666666,5.3,-0.07153285268200162,-0.997438244197191,-0.07153285268200162,-0.997438244197191,0.35020870474732574,-1.9792341740963115,1.0,2.0,0.0,0.2594752186588921,0.0,3,0.0,9.344999999999999,0.4086666666666667,0.0,-0.0,14.05,1.0374999999999999,355,12,2022,81
2022-12-22,21.07,30.6,21,4.55,-2.1,6.3,1.8041666666666665,16.0,5.983333333333333,-3.2368028121095365,-1.1335931138291075,86.83333333333333,37.916666666666664,233.0,99.33333333333333,998.1625,990.5,-0.2041666666666667,-4.5,-4.7375,-11.2,2.2,231.99376892777101,0.5535487377115105,1.5238095238095237,6.347619047619048,16.0,87.66666666666667,-3.925191637503756,-1.0245713163142538,238.82762111750787,0.0,1,11,21.069999999999997,25.619999999999997,81.06,147.07,191.73,5.0,204.12,-18.133333333333212,-18.383333333333212,-16.169642857142776,-4.054166666666666,-0.47375,4.7375,2.0083333333333333,2.4,-0.7879437940829559,-0.6157471700025559,-0.855613890929701,-0.5176145956676046,-2.810623775181781,-0.9843366871749417,0.0,0.0,0.8224043715846996,0.31606217616580307,100.0,0,4.110570069444442,25.619999999999997,0.4547222222222222,133.74433333333334,0.0,0.0,2.9166666666666665,356,12,2022,82
2022-12-23,13.44,19.2,24,1.75,-6.0,-2.1,-4.45,9.0,5.0249999999999995,-1.7546039652985266,-4.032873359004232,69.33333333333333,62.916666666666664,275.0,99.625,995.8291666666668,994.0,-9.245833333333334,-11.0,-8.525,-10.9,-5.2,203.8946058333847,0.8700719430007683,-4.45,5.0249999999999995,9.0,69.33333333333333,-1.7546039652985266,-4.032873359004232,203.8946058333847,0.0,0,24,34.51,34.51,80.22,160.44,202.23,4.0,217.56,-2.3333333333332575,-26.47916666666663,-14.879761904761835,-3.7875000000000005,-0.8525,8.525,4.795833333333333,5.0,-0.4050555116610457,-0.914292093629278,-0.4050555116610457,-0.914292093629278,-1.2165254159403116,-2.7961255289096005,0.0,0.0,0.3894523326572008,0.43019197207678883,100.0,1,4.550232749999999,34.51,0.27305555555555555,67.53599999999999,0.0,5.0249999999999995,-6.254166666666666,357,12,2022,83
2022-12-24,21.7,30.900000000000002,24,2.31,-6.3,-0.2,-2.5708333333333333,8.8,4.7625,-2.2671024181622155,2.5675840940127705,84.66666666666667,34.875,154.0,100.0,1000.9666666666667,995.5,-4.804166666666666,-8.1,-5.670833333333333,-7.7,-3.9,313.53996070443077,0.602654004295622,-2.5708333333333333,4.7625,8.8,84.66666666666667,-2.2671024181622155,2.5675840940127705,313.53996070443077,0.0,0,24,35.13999999999999,56.209999999999994,93.94,181.93,223.93,3.0,239.26,5.137499999999932,-15.329166666666538,-7.592261904761813,2.854166666666667,-0.5670833333333334,5.670833333333333,2.233333333333333,1.7999999999999998,-0.7248941045774239,0.6888603175890557,-0.7248941045774239,0.6888603175890557,-1.9194800473773426,2.173887866264146,0.0,0.0,0.3860523038605231,0.5983606557377049,100.0,0,6.413693181966144,56.209999999999994,0.3054722222222222,103.34625,73.37760364184183,0.0,1.8791666666666669,358,12,2022,84
2022-12-25,6.58,9.4,24,0.77,-2.6,0.2,-1.0041666666666667,9.7,6.583333333333333,-3.9804705801611298,5.169390869439538,80.66666666666667,52.958333333333336,302.0,99.91666666666667,1008.8541666666666,1007.1,-3.9333333333333336,-5.3,-6.270833333333333,-7.5,-4.3,322.370694922301,0.9910108473053137,-1.0041666666666667,6.583333333333333,9.7,80.66666666666667,-3.9804705801611298,5.169390869439538,322.370694922301,0.0,1,24,28.279999999999994,41.71999999999999,81.48,181.16,230.51,4.0,245.84,7.887499999999932,10.691666666666606,0.43095238095224886,-0.5999999999999996,-0.6270833333333333,6.270833333333333,2.929166666666667,2.6999999999999997,-0.6105503165339947,0.7919774687326899,-0.6105503165339947,0.7919774687326899,-3.210912934663311,4.169975301347894,0.0,1.0,0.15771812080536915,0.5120274914089346,63.82599999999999,1,1.6612222417534726,41.71999999999999,0.3086388888888889,43.318333333333335,81.62950042265366,6.583333333333333,1.5666666666666667,359,12,2022,85
2022-12-26,7.7700000000000005,11.1,22,1.4,-4.5,-2.3,-3.2583333333333333,10.5,8.266666666666667,-5.358899508903035,5.779119859392964,82.0,53.916666666666664,261.0,100.0,1017.0124999999999,1012.1,-5.904166666666666,-7.5,-8.704166666666667,-10.6,-5.8,315.36102217860395,0.9477020799197715,-3.222727272727273,8.368181818181817,10.5,82.22727272727273,-5.210191657888331,6.170225927380102,318.34795838517977,0.0,0,20,14.349999999999994,36.05,75.11,188.79,238.28,4.0,253.60999999999999,8.158333333333303,21.183333333333167,8.522619047618946,-2.4333333333333345,-0.8704166666666667,8.704166666666667,2.6458333333333326,3.0,-0.7026372756186126,0.7115482126400529,-0.664605161843891,0.7471947395762737,-4.394297597300489,4.7388782847022295,0.0,2.0,0.2155339805825243,0.47996272134203166,81.58500000000001,2,2.2998422899664255,36.05,0.30927777777777776,65.02077272727273,191.27916124022465,16.533333333333335,-2.2541666666666664,360,12,2022,86
2022-12-27,0.21000000000000002,0.30000000000000004,3,0.07,-5.8,-0.3,-2.733333333333333,8.3,5.875,-5.62575123295385,1.24053193191348,82.0,75.04166666666667,323.0,94.125,1024.6875,1022.1,-5.3999999999999995,-8.0,-5.845833333333334,-7.1,-3.6,283.29459808747777,0.9798566874796101,-3.6666666666666665,5.866666666666667,6.2,80.0,-5.765452653326353,1.0839470829425266,280.66667042747105,0.0,0,3,7.979999999999993,14.559999999999993,70.77000000000001,174.01999999999998,238.42,3.0,253.82,7.675000000000068,23.720833333333303,15.857738095238119,2.8583333333333334,-0.5845833333333335,5.845833333333334,2.6666666666666665,2.2,-0.9732005578077391,0.22995798373334525,-0.9827206345570731,0.1850949875489434,-4.613116011022157,1.0172361841690536,0.0,3.0,0.01442307692307693,0.20573689416419375,1.7430000000000003,3,0.06648833333333334,14.559999999999993,0.3233611111111111,1.2320000000000002,256.64912486282486,17.625,0.5250000000000004,361,12,2022,87
2022-12-28,4.34,6.2,10,1.19,-7.0,2.9,-2.004166666666667,5.8,3.8208333333333333,-3.719523595312818,-0.43645164998444,74.16666666666667,95.375,489.0,79.54166666666667,1022.4,1020.6,-6.120833333333334,-13.4,-3.0625,-5.4,-0.4,262.8120076185045,0.9803528079958371,0.30999999999999994,3.6399999999999997,4.8,82.4,-3.5163495028852965,-0.7181582414773166,258.8104889366214,0.0,1,10,4.549999999999993,12.319999999999993,75.11000000000001,147.14,242.76,3.0,258.16,-2.2875000000000227,13.545833333333348,12.698214285714357,2.783333333333334,-0.30625,3.0625,4.116666666666667,6.4,-0.9921409459234997,-0.1251253108768303,-0.9809906967102469,-0.1940547679598326,-2.7586466665236737,-0.32370164040512633,0.0,4.0,0.35227272727272746,0.1640260950605777,25.171999999999997,4,1.0035278925000004,12.319999999999993,0.37525000000000003,15.797599999999997,0.0,15.283333333333333,0.7291666666666661,362,12,2022,88
2022-12-29,17.22,24.6,24,1.4,-4.5,-0.7,-2.525,7.0,4.729166666666667,-3.0504716573679898,2.9449877113056875,88.25,46.333333333333336,206.0,100.0,1023.5749999999999,1021.4,-4.2,-6.4,-6.166666666666667,-9.4,-4.0,304.67363742461424,0.8497119980157756,-2.525,4.729166666666667,7.0,88.25,-3.0504716573679898,2.9449877113056875,304.67363742461424,0.0,0,24,21.55999999999999,21.769999999999992,71.25999999999999,152.32,259.98,2.0,275.38,1.1749999999999545,6.5625,10.24285714285702,-3.104166666666667,-0.6166666666666667,6.166666666666667,1.6750000000000003,1.9000000000000004,-0.8224058873261468,0.5689011834152685,-0.8224058873261468,0.5689011834152685,-2.692041237627251,2.5989516552272693,0.0,0.0,0.7909967845659166,0.30550098231827105,100.0,5,5.073265927734374,21.769999999999992,0.32505555555555554,81.43625,16.12936888833262,23.645833333333336,-0.520833333333333,363,12,2022,89
2022-12-30,4.2,5.9,21,0.49,-4.0,-1.5,-2.858333333333333,7.1,5.691666666666666,-4.6449756117889605,2.6584788476475225,78.83333333333333,64.16666666666667,274.0,100.0,1026.6666666666667,1024.8,-6.008333333333333,-7.7,-6.504166666666666,-7.6,-4.5,299.55039966757306,0.9396658920201483,-2.9333333333333336,5.685714285714286,7.1,78.71428571428571,-4.589988644205603,2.714665626941926,299.98327375937106,0.0,0,11,21.41999999999999,25.75999999999999,62.02,142.24,264.04,2.0,279.58,3.0916666666668107,1.9791666666667425,8.929166666666788,-0.33749999999999947,-0.6504166666666666,6.504166666666666,3.15,3.7,-0.8699222037397496,0.4931889693014002,-0.8661713308654111,0.4997471616596162,-3.6617891072936306,2.09576749156213,0.0,1.0,0.16304347826086962,0.41534988713318266,29.82,6,1.2614850000000002,25.75999999999999,0.3055555555555556,23.880000000000003,56.76285956667859,34.15,-0.33333333333333304,364,12,2022,90
2022-12-31,0.98,1.5,7,0.42,-3.3,1.4,-1.1291666666666667,7.3,4.5249999999999995,-4.229570870087275,-0.1016208901735337,75.25,121.0,548.0,90.83333333333333,1024.3166666666666,1022.2,-5.016666666666667,-8.0,-4.945833333333334,-6.8,-3.3,263.66218250951124,0.9141111724010851,-0.6285714285714287,3.3285714285714287,4.2,81.57142857142857,-2.512350971091064,-1.630370407903554,233.667630621113,0.0,1,7,5.179999999999993,22.39999999999999,41.3,135.23999999999998,263.55,3.0,280.56,-2.3500000000001364,1.9166666666666288,3.2434523809523625,1.5583333333333327,-0.4945833333333334,4.945833333333334,3.8875,4.7,-0.9938883099452985,-0.11039034085497781,-0.8055936944813032,-0.592468395285322,-3.1827520797406743,-0.07646971985558411,0.0,2.0,0.04375000000000002,0.542372881355932,7.154,2,0.24956550000000008,22.39999999999999,0.36261111111111105,3.262,0.0,9.049999999999999,1.7291666666666663,365,12,2022,91
2023-01-01,14.56,20.8,24,1.4,-1.8,1.3,-0.28750000000000003,6.8,3.283333333333333,-2.160050131245953,0.42328223887249167,86.875,54.625,245.0,99.83333333333333,1021.5124999999999,1019.9,-2.25,-3.5,-4.391666666666667,-6.6,-3.1,264.991277557185,0.6741145547079388,-0.28750000000000003,3.283333333333333,6.8,86.875,-2.160050131245953,0.42328223887249167,264.991277557185,0.0,1,24,15.539999999999992,19.739999999999995,49.28,130.76,273.34999999999997,3.0,295.12,-2.8041666666666742,-2.0625,-1.369047619047592,0.5541666666666671,-0.43916666666666665,4.391666666666667,1.9625,1.7,-0.9961814183634439,-0.08730739778161495,-0.9961814183634439,-0.08730739778161495,-1.8765435515199216,0.36772644502047713,0.0,0.0,0.7375886524822697,0.4005681818181817,99.008,3,3.590963322916667,19.739999999999995,0.35488888888888886,47.80533333333333,0.0,9.85,0.8416666666666666,1,1,2022,92
2023-01-02,11.27,16.1,24,1.33,-5.1,-0.9,-3.225,10.3,7.504166666666666,-4.698802228589636,5.577862232834072,79.75,68.33333333333333,377.0,99.95833333333333,1022.9166666666666,1020.1,-6.216666666666666,-9.3,-8.054166666666667,-10.5,-6.0,318.64193854503566,0.9667416293820829,-3.225,7.504166666666666,10.3,79.75,-4.698802228589636,5.577862232834072,318.64193854503566,0.0,0,24,25.82999999999999,26.809999999999995,52.779999999999994,127.89,284.62,3.0,306.39,1.404166666666697,-3.7500000000001137,-0.808333333333394,-3.6625000000000005,-0.8054166666666667,8.054166666666667,2.991666666666666,4.200000000000001,-0.6607626326459745,0.7505949262410192,-0.6607626326459745,0.7505949262410192,-3.7472947773002345,4.448345130685172,0.0,0.0,0.4203655352480418,0.5079575596816975,100.0,4,3.3766237034505213,26.809999999999995,0.3113888888888889,84.57195833333333,33.64929745948825,30.016666666666666,-2.9375,2,1,2022,93
2023-01-03,3.0100000000000002,4.3,22,0.42,-4.5,-2.1,-3.5041666666666664,6.6,5.541666666666667,-4.63804883240627,2.4119241232808766,73.83333333333333,67.41666666666667,308.0,100.0,1021.9541666666668,1020.0,-7.504166666666666,-9.5,-7.345833333333334,-8.6,-5.9,296.89290454651825,0.9447826757431633,-3.463636363636364,5.631818181818182,6.6,74.27272727272727,-4.668117914820943,2.4996317724622994,297.65213842462146,0.0,0,21,14.279999999999992,28.839999999999993,55.58,126.35,282.52,3.0,309.4,-0.9624999999998636,-2.362499999999841,-1.3803571428569512,0.708333333333333,-0.7345833333333334,7.345833333333334,4.0,5.0,-0.8918535518400791,0.45232426650604907,-0.8857816189163168,0.46410227707908197,-3.4244260545932956,1.780803977689047,0.0,1.0,0.10436893203883499,0.5188916876574307,19.866,5,0.9418159789514466,28.839999999999993,0.29105555555555557,16.95177272727273,0.0,27.708333333333336,-0.27916666666666634,3,1,2022,94
2023-01-04,12.040000000000001,17.2,24,1.05,-5.9,-2.9,-4.441666666666666,7.7,5.9125000000000005,-4.472113082468729,3.6092698247195583,78.79166666666667,53.625,241.0,100.0,1022.4625,1020.9,-7.570833333333333,-9.5,-8.112499999999999,-10.7,-6.3,308.11341011111483,0.9727234060069346,-4.441666666666666,5.9125000000000005,7.7,78.79166666666667,-4.472113082468729,3.6092698247195583,308.11341011111483,0.0,0,24,15.049999999999994,26.319999999999993,63.28,138.39,294.28000000000003,2.0,321.44,0.5083333333332121,0.9500000000000455,-0.8809523809525217,-0.7666666666666648,-0.8112499999999999,8.112499999999999,3.1291666666666664,3.5999999999999996,-0.7867905827967622,0.6172200408463187,-0.7867905827967622,0.6172200408463187,-3.523652432895153,2.843803849393619,0.0,0.0,0.45744680851063846,0.4159292035398229,92.70800000000001,6,4.025675509114584,26.319999999999993,0.29838888888888887,71.18650000000001,13.412612486500931,35.475,-0.9375,4,1,2022,95
2023-01-05,2.8000000000000003,4.0,24,0.21,-6.5,-3.6,-5.504166666666666,8.3,6.916666666666667,-5.216211570659551,4.219074758067987,79.41666666666667,63.666666666666664,264.0,100.0,1026.4041666666667,1024.9,-8.5,-10.5,-7.991666666666667,-9.5,-7.0,308.3320146922454,0.9698590397899942,-5.504166666666666,6.916666666666667,8.3,79.41666666666667,-5.216211570659551,4.219074758067987,308.3320146922454,0.0,0,24,14.839999999999995,17.849999999999994,48.86,120.12,291.62,2.0,324.24,3.9416666666667197,3.487500000000068,2.6565476190477284,0.1208333333333318,-0.7991666666666667,7.991666666666667,2.9958333333333336,4.0,-0.7844299392013312,0.6202174380687759,-0.7844299392013312,0.6202174380687759,-4.142541355698794,3.3506485370323262,0.0,1.0,0.15686274509803927,0.3653295128939827,23.240000000000006,4,0.9914591579861113,17.849999999999994,0.30716666666666664,19.36666666666667,133.64368728327506,27.666666666666668,-1.0625,5,1,2022,96
2023-01-06,0.7000000000000001,1.0,10,0.07,-7.6,-1.7,-4.383333333333334,7.2,4.7625,-4.5174338952228315,1.3796414805664527,77.91666666666667,86.75,489.0,98.66666666666667,1022.775,1018.9,-7.666666666666667,-10.7,-6.0874999999999995,-7.4,-3.6,286.0606783959089,0.9878544096150571,-5.14,6.14,7.2,75.8,-5.878853544483126,1.7325672753598003,286.300614879898,0.0,0,10,3.4999999999999933,15.539999999999994,45.36,107.38,282.52000000000004,2.0,324.94,-3.6291666666667197,0.8208333333332121,-0.41666666666674246,1.9041666666666677,-0.6087499999999999,6.0874999999999995,3.283333333333333,3.0999999999999996,-0.960969246559004,0.2766552135200424,-0.9598022798949684,0.28067700922665684,-3.5198339100277893,1.0749706536080277,0.0,2.0,0.04504504504504507,0.34259259259259245,5.040000000000001,5,0.24461508750000008,15.539999999999994,0.31755555555555554,4.298,0.0,23.8125,1.1208333333333327,6,1,2022,97
2023-01-07,0.28,0.4,4,0.07,-7.1,2.0,-2.7291666666666665,6.8,4.291666666666667,-4.024526684731257,-0.10819720268121603,78.16666666666667,86.95833333333333,353.0,91.29166666666667,1014.1666666666666,1011.0,-6.020833333333333,-9.6,-4.175,-6.3,-2.1,264.3866134716588,0.9281537837012979,-0.95,2.775,3.1,77.25,-1.9012241510821255,-1.8078860909440024,227.33619154961804,0.0,1,3,0.979999999999993,3.779999999999993,44.660000000000004,85.96,268.17,2.0,325.21999999999997,-8.608333333333348,-8.295833333333348,-7.5750000000000455,1.9124999999999996,-0.4175,4.175,3.2916666666666665,2.5,-0.9952045736480846,-0.09781542102314016,-0.7353428159987558,-0.677695317203107,-3.1458383585649328,-0.08457414676248387,0.0,3.0,0.07407407407407421,0.08463949843260173,1.9040000000000001,6,0.073991203125,3.779999999999993,0.36297222222222225,0.777,0.0,25.75,1.6541666666666672,7,1,2022,98
2023-01-08,0.6300000000000001,0.9,7,0.14,-5.5,2.2,-1.8458333333333332,6.9,4.8125,-4.6196914388943044,1.0600517041214763,78.125,94.5,466.0,89.375,1020.15,1015.2,-5.204166666666667,-7.7,-4.391666666666667,-5.7,-2.7,282.7909779399885,0.9848460117608685,-2.142857142857143,4.728571428571429,5.5,81.71428571428571,-4.6419801592671925,0.40563781885279865,275.59904797749675,0.0,1,4,0.909999999999993,1.6099999999999932,30.73,80.01,268.73,2.0,325.85,5.9833333333333485,-6.25416666666672,-1.3970238095239438,-0.21666666666666679,-0.43916666666666665,4.391666666666667,3.3583333333333334,2.2,-0.9751842282731403,0.22139494331921789,-0.9952290212748072,0.09756636311961901,-3.609133936636175,0.8281653938449034,0.0,4.0,0.3913043478260887,0.052391799544418916,4.347000000000001,4,0.17994575892857148,1.6099999999999932,0.3723055555555555,2.9790000000000005,152.75983040788492,19.25,0.8833333333333333,8,1,2022,99
2023-01-09,16.45,23.5,20,2.52,-0.9,3.8,1.7874999999999999,9.7,3.8375,-1.812785260084308,-0.5113186540264872,82.04166666666667,79.91666666666667,462.0,98.70833333333333,1018.6666666666666,1015.4,-0.9916666666666667,-3.7,-4.045833333333333,-10.0,-0.6,229.4781419638963,0.6285241490101005,1.6800000000000002,3.965,9.7,83.25,-1.9446127501041992,-0.03800358494222085,239.33820642194274,0.0,0,12,17.07999999999999,17.359999999999992,35.91,88.69,284.96999999999997,2.0,342.3,-1.4833333333333485,-4.1083333333333485,-2.273214285714289,0.3458333333333332,-0.40458333333333335,4.045833333333333,2.779166666666667,2.8000000000000003,-0.7601581492848981,-0.6497380919076228,-0.8601925246414808,-0.509969430996521,-1.4872392404608346,-0.4194943457408973,0.0,0.0,0.9475806451612907,0.4834307992202727,100.0,0,3.2520169499999994,17.359999999999992,0.4111944444444444,65.22425,0.0,0.0,3.633333333333333,9,1,2022,100
2023-01-10,15.75,22.5,18,2.8,-6.8,-0.9,-4.016666666666667,13.2,9.85,-5.293169551073992,8.041782644349881,83.25,48.75,211.0,95.83333333333333,1022.9291666666667,1018.2,-6.441666666666666,-8.8,-9.216666666666667,-11.7,-7.1,325.06491349721176,0.9723123381904092,-3.5888888888888886,10.505555555555555,13.2,82.72222222222223,-4.906447019593212,9.278835072341131,332.11103570661237,0.041666666666666664,0,18,32.19999999999999,32.82999999999999,48.650000000000006,104.22999999999999,293.37,2.0,358.05,4.2625000000000455,8.762500000000045,1.8500000000000227,-5.170833333333333,-0.9216666666666666,9.216666666666667,2.425,2.000000000000001,-0.5726480066381335,0.8198013542885692,-0.46775958400030465,0.8838557413830959,-4.406563651269098,6.694784051421276,0.0,0.0,0.4797441364605545,0.6748201438848919,100.0,1,4.647983897569445,32.82999999999999,0.31,165.46249999999998,142.2133668629108,9.85,-5.804166666666666,10,1,2022,101
2023-01-11,0.0,0.0,0,0.0,-9.6,3.6,-2.220833333333333,5.8,3.775,-3.3919472379846867,0.7408159242966601,51.875,146.625,588.0,4.083333333333333,1025.4583333333333,1024.2,-11.595833333333333,-18.7,-2.3583333333333334,-4.0,-0.7,280.00990140341787,0.9175659027258799,0.0,0.0,0.0,0.0,0.0,0.0,,0.9166666666666666,0,0,15.749999999999993,32.19999999999999,36.61,99.88999999999999,293.22999999999996,2.0,358.05,2.5291666666665833,5.30833333333328,3.9511904761905043,6.858333333333333,-0.23583333333333334,2.3583333333333334,9.375,9.1,-0.9847777298026552,0.17381836175942,-0.9847777298026552,0.17381836175942,-1.7595726297045562,0.3842982607288924,1.0,1.0,0.0,0.8795411089866154,0.0,2,0.0,16.099999999999994,0.3506666666666667,0.0,-0.0,7.55,1.7958333333333334,11,1,2022,102
2023-01-12,0.0,0.0,0,0.0,-4.5,6.8,0.8708333333333332,6.5,3.716666666666667,-3.685557255940879,-0.14728630103190135,36.25,143.33333333333334,569.0,42.625,1024.2041666666667,1022.9,-13.320833333333333,-23.4,0.9375,0.1,2.2,268.0994007447609,0.9917538000245039,0.0,0.0,0.0,0.0,0.0,0.0,,0.2916666666666667,1,0,0.0,15.749999999999993,33.81,82.66999999999999,278.25,3.0,358.05,-1.254166666666606,5.537500000000023,3.011309523809473,3.2958333333333334,0.09375,0.0,14.191666666666666,18.9,-0.9994498691178445,-0.03316563161351602,-0.9994498691178445,-0.03316563161351602,-1.3360145052785686,-0.05339128412406424,2.0,2.0,0.0,0.46583850931676996,0.0,3,0.0,5.249999999999997,0.3675,0.0,-0.0,11.15,3.0916666666666663,12,1,2022,103
2023-01-13,3.29,7.6,5,1.4,-5.2,9.1,3.7624999999999997,7.2,3.9791666666666665,-2.229778319528189,-1.6174508934355252,56.166666666666664,120.16666666666667,517.0,60.416666666666664,1020.3583333333332,1015.1,-4.820833333333334,-13.0,4.633333333333334,2.8,7.0,247.50443964512533,0.6702626598541027,3.6399999999999997,5.82,7.2,85.2,-0.22039186021012638,-5.7633115663021055,181.82367800544228,0.3333333333333333,1,5,3.289999999999993,3.289999999999993,36.400000000000006,81.76,250.32,4.0,361.34,-3.8458333333334167,-2.5708333333334394,-0.4892857142856428,3.6958333333333337,0.4633333333333334,0.0,8.583333333333334,7.8,-0.9239091825088058,-0.38261184309416013,-0.03182381162098382,-0.99949349423291,-1.2523921561349993,-0.9084682518129533,0.0,3.0,1.0000000000000022,0.09038461538461517,23.688000000000002,4,0.4850537475000001,3.289999999999993,0.4695555555555555,19.1478,0.0,15.916666666666666,2.8916666666666666,13,1,2022,104
2023-01-14,0.28,16.5,1,0.28,4.7,11.8,8.220833333333333,9.0,4.0375000000000005,-1.17815701515933,1.0251029211457314,83.16666666666667,57.958333333333336,254.0,100.0,1009.4499999999999,1005.1,5.4624999999999995,2.9,2.9458333333333333,-0.6,7.0,262.71211993167464,0.23275651399691297,4.9,4.3,4.3,89.0,5.265981236333618e-16,-4.3,180.0,0.0,0,1,3.569999999999993,3.569999999999993,36.4,81.06,238.56,3.0,361.62,-10.908333333333303,-16.008333333333326,-10.723809523809678,-1.6875000000000004,0.2945833333333333,0.0,2.7583333333333337,1.8000000000000003,-0.9919212987194943,-0.12685478763780203,1.2246467991473532e-16,-1.0,-0.9798339176075095,0.8525439294195334,0.0,4.0,0.07843137254901976,0.0980769230769229,2.5200000000000005,5,0.033781125000000016,3.569999999999993,0.5780833333333334,1.204,0.0,20.187500000000004,4.458333333333334,14,1,2022,105
2023-01-15,3.43,5.2,10,0.63,4.1,6.9,5.033333333333333,8.5,3.6125000000000003,-1.1104519078484965,2.156917781009976,89.91666666666667,58.166666666666664,272.0,100.0,1011.1374999999999,1009.1,3.4791666666666665,2.3,-0.32916666666666666,-1.4,0.4,321.31117980224894,0.5626496526639436,4.66,2.5100000000000002,4.0,92.6,-0.7544895855074992,-0.26546432814791737,259.1376015246134,0.0,0,10,3.709999999999993,6.999999999999993,39.2,69.93,227.71,2.0,365.05,1.6875,-13.06666666666672,-7.748809523809541,-3.275,-0.032916666666666664,0.32916666666666666,1.5541666666666667,1.7999999999999998,-0.6250903634511294,0.7805523925532065,-0.9820825989708011,-0.18845097187002421,-0.9984813404737731,1.9394285714248036,0.0,5.0,0.49000000000000055,0.17857142857142838,29.155,6,0.4435382306250002,6.999999999999993,0.49183333333333334,8.609300000000001,0.0,21.675,-3.1875,15,1,2022,106
2023-01-16,3.5700000000000003,5.1,23,0.35,-3.2,5.5,0.9708333333333333,14.5,8.174999999999999,-4.349390191062004,6.629901026670461,84.75,45.75,176.0,100.0,1013.8958333333334,1008.0,-1.3041666666666665,-5.5,-7.733333333333333,-12.2,-3.0,327.19575032783706,0.9308648364570218,0.8043478260869565,8.417391304347825,14.5,84.47826086956522,-4.507335106972343,6.809493227419628,326.4211627378925,0.0,0,21,6.999999999999993,7.279999999999993,26.32,62.230000000000004,223.3,2.0,368.62,2.7583333333334394,-6.462499999999864,-4.30892857142851,-7.404166666666667,-0.7733333333333333,7.733333333333333,2.275,2.3,-0.5417705542660044,0.8405264222677991,-0.5530838641662361,0.8331255842902344,-3.6861081869250483,5.618841120103216,0.0,6.0,0.49038461538461586,0.2765957446808508,51.765,6,0.7343587854442346,7.279999999999993,0.43522222222222223,30.05008695652174,39.78474454421075,49.05,-4.0625,16,1,2022,107
2023-01-17,0.21000000000000002,0.30000000000000004,3,0.07,-5.9,2.1,-2.654166666666667,10.0,5.941666666666666,-4.780624677857104,0.6510781107312926,72.16666666666667,146.04166666666666,600.0,73.16666666666667,1022.5333333333333,1019.5,-7.129166666666666,-9.2,-5.075,-7.2,-2.9,265.81256213586863,0.7669193304157942,-4.3,9.299999999999999,9.4,85.66666666666667,-7.54841766565385,5.412463842590209,305.6668737000967,0.125,1,3,3.779999999999993,7.209999999999993,10.780000000000001,59.43,204.47,3.0,368.83,8.637499999999932,13.083333333333371,4.385119047619014,2.658333333333333,-0.5075000000000001,5.075,4.475,3.299999999999999,-0.9973305107744634,-0.07301953353964834,-0.8124207730831687,0.5830715972013613,-3.450017475853544,0.4698613699110829,0.0,7.0,0.029126213592233042,0.6688311688311681,2.1,1,0.06634753125000002,7.209999999999993,0.38458333333333333,1.953,384.67679976379924,5.941666666666666,-3.625,17,1,2022,108
2023-01-18,2.66,3.8000000000000003,14,0.35,-7.2,-0.0,-2.6458333333333335,9.2,6.604166666666667,-5.986774329433634,1.80127417115303,83.125,53.208333333333336,257.0,98.875,1020.2833333333333,1018.6,-5.133333333333334,-9.0,-5.658333333333334,-8.7,-2.7,286.93982636313456,0.9444583366680738,-1.5214285714285716,6.335714285714286,9.2,80.85714285714286,-5.427983966121867,2.7506991381723087,297.04880199523774,0.0,1,14,2.869999999999993,6.439999999999993,13.440000000000001,50.05,192.99,4.0,371.49,-2.25,9.145833333333371,2.8744047619048843,-0.5833333333333339,-0.5658333333333334,5.658333333333334,2.4875000000000003,1.7999999999999998,-0.9566112854905007,0.2913672055537681,-0.8906195121237341,0.45474925467171656,-4.9765061613417085,1.497309154770956,0.0,8.0,0.41304347826087,0.47916666666666613,24.471999999999998,2,0.7054966763392857,6.439999999999993,0.3125555555555556,16.853,0.0,13.208333333333334,0.008333333333333304,18,1,2022,109
2023-01-19,0.0,0.0,0,0.0,-8.4,1.4,-3.2708333333333335,9.1,6.4875,-6.302802161300169,-0.16092909625255888,77.75,139.45833333333334,600.0,63.208333333333336,1021.5541666666667,1020.0,-6.7375,-10.8,-4.708333333333333,-6.2,-1.8,268.4489523696517,0.9698942476705302,0.0,0.0,0.0,0.0,0.0,0.0,,0.25,1,0,2.659999999999993,2.869999999999993,13.440000000000001,47.25,188.44,4.0,371.49,1.2708333333333712,7.658333333333303,4.523809523809632,0.9500000000000011,-0.4708333333333333,4.708333333333333,3.4666666666666663,2.4000000000000004,-0.9996336058876087,-0.027067581719407523,-0.9996336058876087,-0.027067581719407523,-4.900428680410881,-0.12512237233636453,1.0,9.0,0.0,0.21354166666666613,0.0,3,0.0,1.4349999999999965,0.38325000000000004,0.0,-0.0,19.4625,-0.625,19,1,2022,110
2023-01-20,11.62,16.6,10,1.89,-4.0,1.5,-1.55,9.2,5.6875,-4.276125539243138,0.3216466847482293,84.95833333333333,81.08333333333333,372.0,100.0,1017.8541666666666,1014.1,-3.766666666666667,-5.7,-6.845833333333334,-14.1,-1.1,267.3359686720824,0.7478584081691942,-1.73,4.24,9.2,89.4,-1.1019549006295688,2.5569824597145328,297.6287995994524,0.0,1,10,11.619999999999992,14.279999999999992,21.77,58.17,200.06,4.0,383.11,-3.7000000000000455,-4.679166666666674,1.1815476190474783,-2.137500000000001,-0.6845833333333334,6.845833333333334,2.216666666666667,1.7000000000000002,-0.9989192502293474,-0.04647936661830275,-0.8859705925407948,0.463741424883429,-3.632924989381982,0.27326566258401647,0.0,0.0,0.8137254901960789,0.655948553054662,100.0,0,3.226964055,14.279999999999992,0.37058333333333326,49.2688,0.0,0.0,1.7208333333333334,20,1,2022,111
2023-01-21,6.16,8.799999999999999,15,1.61,-8.6,-4.8,-6.325,11.3,9.345833333333333,-7.047624201479741,5.492571363044188,77.625,86.66666666666667,378.0,100.0,1026.4375,1021.1,-9.608333333333333,-12.6,-10.179166666666667,-12.4,-8.1,306.5952594530437,0.9567393393669983,-6.246666666666667,9.493333333333334,11.3,79.2,-6.326649764728975,6.559250215832766,314.7129366129154,0.0,0,10,17.779999999999994,17.779999999999994,27.65,64.05,185.15,4.0,389.27,8.583333333333371,6.154166666666697,7.338095238095207,-3.333333333333333,-1.0179166666666668,10.179166666666667,3.2833333333333323,4.0,-0.8028668029879418,0.5961584492900538,-0.7106406387355957,0.7035551737976664,-5.4707182863986485,4.263608520563051,0.0,1.0,0.34645669291338593,0.6430379746835441,69.608,1,2.205084248888889,17.779999999999994,0.3165277777777778,58.47893333333334,467.0121967997459,9.345833333333333,-4.775,21,1,2022,112
2023-01-22,0.14,0.2,2,0.07,-11.0,-1.5,-6.075,9.1,7.079166666666667,-6.939346951091842,0.9385819868717523,76.0,88.45833333333333,362.0,87.625,1026.1083333333333,1023.5,-9.683333333333334,-13.4,-5.6125,-7.0,-4.1,277.7873097480743,0.988058492629593,-3.95,6.1,6.5,74.5,-5.9605110714411875,0.880698433968599,279.0,0.08333333333333333,0,1,6.299999999999993,17.91999999999999,24.36,63.56,171.85,4.0,389.40999999999997,-0.3291666666666515,4.554166666666674,4.8702380952381645,4.566666666666667,-0.56125,5.6125,3.6083333333333334,2.4000000000000004,-0.9907778753613906,0.1354961316583196,-0.9876883405951378,0.15643446504023067,-5.2739036828298005,0.7133223100225318,0.0,2.0,0.007812500000000005,0.7356321839080456,1.274,2,0.04510209375,17.91999999999999,0.31230555555555556,0.854,0.0,14.158333333333333,0.25,22,1,2022,113
2023-01-23,0.7000000000000001,1.0,10,0.07,-4.2,4.0,-1.5,7.6,5.7250000000000005,-5.289202023148419,-0.7163833910035055,70.16666666666667,116.54166666666667,600.0,93.20833333333333,1018.725,1013.3,-6.283333333333334,-9.1,-3.7624999999999997,-5.4,-1.4,261.398933170635,0.9140570833343095,-3.16,5.42,6.8,67.2,-5.136837914673398,-1.0170392459072384,258.16619989946486,0.041666666666666664,1,10,0.839999999999993,6.999999999999993,21.49,47.81,150.85,5.0,390.11,-7.383333333333326,0.870833333333394,-3.2029761904761926,1.85,-0.37625,3.7624999999999997,4.783333333333334,4.8999999999999995,-0.988753596574621,-0.14955375375011998,-0.9787465815083135,-0.20507347265258438,-3.7112567529091405,-0.502662346020793,0.0,3.0,0.10000000000000012,0.325732899022801,5.32,3,0.21469717500000002,6.999999999999993,0.4004722222222223,3.7940000000000005,0.0,17.175,4.575,23,1,2022,114
2023-01-24,21.0,30.0,19,2.17,-11.9,-1.3,-5.2375,20.1,11.233333333333334,-7.457514046336628,6.640908989384569,76.66666666666667,55.833333333333336,254.0,99.91666666666667,1006.65,1000.4,-8.691666666666666,-15.9,-12.541666666666666,-17.7,-3.3,297.94947438682357,0.8555674851123549,-5.821052631578947,12.763157894736842,20.1,76.94736842105263,-8.000934808625459,8.369054696602344,306.0284039532978,0.0,0,19,21.699999999999992,21.839999999999993,42.28,53.06,165.27,4.0,411.11,-12.075000000000045,-19.787500000000023,-13.008928571428442,-8.779166666666667,-1.2541666666666667,12.541666666666666,3.4541666666666666,4.0,-0.8833612475060248,0.4686927633371348,-0.8087255048408777,0.5881862441606974,-5.7174274355247485,5.09136355852817,0.0,0.0,0.9615384615384619,0.5165562913907283,100.0,0,6.980909366343491,21.839999999999993,0.2927777777777778,268.0263157894737,0.0,0.0,-3.7375,24,1,2022,115
2023-01-25,11.69,16.8,22,0.98,-13.5,-10.3,-11.9625,13.7,9.9,-6.253752830440123,7.0458092439009405,73.41666666666667,52.583333333333336,244.0,100.0,1018.2333333333332,1012.4,-15.787500000000001,-17.8,-13.7125,-16.9,-8.3,313.6357426838066,0.9198060588216506,-12.063636363636363,10.399999999999999,13.7,74.63636363636364,-6.445609055979605,7.8180461928382945,318.4227447405236,0.0,0,22,32.68999999999999,33.38999999999999,51.31,64.75,169.19,3.0,422.8,11.583333333333258,-7.875000000000114,-1.13273809523821,-1.1708333333333343,-1.37125,13.7125,3.825000000000001,4.300000000000001,-0.7237415169088339,0.69007116785336,-0.6636293064835328,0.748061590763879,-4.591296869681457,5.172798286563941,0.0,0.0,0.35010482180293506,0.6507503410641199,100.0,1,5.609845022727272,33.38999999999999,0.2797777777777778,121.57599999999998,1007.9321161288042,9.9,-6.7250000000000005,25,1,2022,116
2023-01-26,12.74,18.2,22,1.33,-11.7,-4.4,-7.304166666666667,8.3,4.25,-2.8900380968221415,-0.7510733472909994,73.58333333333333,57.166666666666664,253.0,99.70833333333333,1019.9083333333333,1017.8,-11.266666666666666,-17.8,-7.5874999999999995,-8.8,-6.5,245.97365650906255,0.6485007267664272,-6.918181818181818,4.25,8.3,74.86363636363636,-2.842796236470045,-0.6055194375562666,247.66920955554954,0.0,0,22,24.429999999999993,45.42999999999999,64.05,77.49,181.72,2.0,435.54,1.6750000000000682,1.1833333333332803,0.7773809523810087,6.125000000000001,-0.7587499999999999,7.5874999999999995,3.9624999999999986,6.100000000000001,-0.9133583514487505,-0.4071566305966545,-0.9250056670946605,-0.37995330745074735,-2.126586366244959,-0.5526648047149604,0.0,0.0,0.2804314329738059,0.7092896174863387,100.0,2,5.102179985795455,45.42999999999999,0.28338888888888886,54.145,55.71169924422397,8.5,4.658333333333333,26,1,2022,117
2023-01-27,8.82,12.6,22,1.26,-6.3,-0.4,-3.5708333333333333,14.7,6.5249999999999995,-3.925891100537029,2.1345683564373448,73.45833333333333,89.29166666666667,403.0,99.91666666666667,1009.4375,1002.6,-7.6499999999999995,-10.9,-8.137500000000001,-11.6,-5.1,275.3308983643379,0.6882230380143285,-3.790909090909091,6.745454545454546,14.7,73.86363636363636,-4.01980944215234,2.588505783246035,281.1517698749421,0.0,0,12,21.559999999999995,33.24999999999999,61.25,83.02,186.20000000000002,1.0,444.36,-10.470833333333303,2.7875000000000227,-8.491071428571445,-0.5500000000000016,-0.8137500000000001,8.137500000000001,4.079166666666666,4.6000000000000005,-0.9956747399548739,0.09290754660303008,-0.9811183093053762,0.19340853948510145,-2.883894170936159,1.5680183384995994,0.0,1.0,0.2652631578947369,0.5428571428571427,100.0,3,2.784492678719008,33.24999999999999,0.3043888888888889,59.4949090909091,0.0,19.575,3.733333333333334,27,1,2022,118
2023-01-28,7.07,10.1,24,1.33,-7.0,-5.0,-5.933333333333334,11.9,6.520833333333333,-4.279044413583903,4.665486714164303,71.83333333333333,91.75,377.0,99.875,1011.3125,1008.6,-10.208333333333334,-10.8,-10.8375,-13.5,-8.7,314.2944909411669,0.9521235360695295,-5.933333333333334,6.520833333333333,11.9,71.83333333333333,-4.279044413583903,4.665486714164303,314.2944909411669,0.0,0,24,15.889999999999993,28.629999999999995,62.16,89.81,176.05,1.0,451.43,1.875,-6.920833333333235,-4.45535714285711,-2.6999999999999993,-1.08375,10.8375,4.275,3.8000000000000007,-0.7157598838738178,0.6983464674765233,-0.7157598838738178,0.6983464674765233,-3.0737802370911034,3.3513746230080246,0.0,2.0,0.24694376528117365,0.46058558558558554,84.13300000000001,4,2.5866656727430555,28.629999999999995,0.3006111111111111,46.102291666666666,56.162457928288724,26.083333333333332,-2.3625000000000003,28,1,2022,119
2023-01-29,4.48,6.4,21,0.91,-6.7,-1.4,-3.858333333333334,5.9,3.6458333333333335,-2.878191072403722,-0.1327502802762909,72.0,106.75,454.0,95.54166666666667,1014.3958333333334,1012.6,-8.225,-11.4,-7.1000000000000005,-8.4,-5.6,260.64289996009165,0.8092434879424554,-3.9428571428571426,3.6380952380952385,5.9,72.9047619047619,-2.960928111601901,0.260481662752359,267.23842087050144,0.0,0,12,11.549999999999994,20.369999999999994,66.5,90.86,176.32999999999998,1.0,455.90999999999997,3.0833333333333712,-5.512499999999932,0.3011904761904134,3.7375,-0.7100000000000001,7.1000000000000005,4.366666666666665,4.7,-0.9866941746374097,-0.16258722501045675,-0.9988386699988032,-0.048179988740367996,-2.07229757213068,-0.09558020179892945,0.0,3.0,0.2199312714776633,0.3063157894736841,26.432000000000006,5,1.4905843809523809,20.369999999999994,0.31116666666666665,16.29866666666667,61.16783990551002,18.229166666666668,2.0749999999999997,29,1,2022,120
2023-01-30,18.76,26.8,22,2.31,-5.6,-1.8,-3.5375,11.0,5.270833333333333,-2.9000356580579365,1.4827914306880123,78.70833333333333,65.25,267.0,99.70833333333333,1013.6041666666666,1011.1,-6.708333333333333,-8.3,-10.854166666666666,-15.7,-5.9,273.27877784713525,0.5956580770393181,-3.522727272727273,5.418181818181818,11.0,79.0909090909091,-3.1635080341446864,1.9478952447088447,281.11858223811106,0.0,0,15,23.239999999999995,30.309999999999995,84.56,106.05,194.11,0.0,474.67,-0.7916666666667425,4.166666666666629,0.2410714285714448,-3.7541666666666655,-1.0854166666666667,10.854166666666666,3.170833333333333,2.700000000000001,-0.99836306964129,0.057194240762691535,-0.9812301734226508,0.1928402104462516,-2.282569732529767,1.167080421904023,0.0,0.0,0.6189376443418015,0.35844370860927144,100.0,6,5.91262195247934,30.309999999999995,0.3058611111111111,101.64509090909091,0.0,31.625,0.32083333333333375,30,1,2022,121
2023-01-31,0.49000000000000005,0.7000000000000001,5,0.14,-6.7,-1.4,-4.4375,6.1,3.8708333333333336,-2.1374872958087483,0.747485970656121,67.58333333333333,159.125,600.0,62.083333333333336,1020.0416666666666,1018.4,-9.7125,-11.4,-7.625,-10.5,-5.3,289.5653941113994,0.5931709943948853,-5.720000000000001,5.2,6.1,78.0,-3.2333538893506684,2.370554725302915,302.43139737215745,0.2916666666666667,0,4,19.249999999999993,23.729999999999993,64.05,106.33,180.04,0.0,475.16,6.4375,8.729166666666629,4.765476190476193,3.229166666666666,-0.7625,7.625,5.275,4.7,-0.9422598892292395,0.33488251842952527,-0.8440341723480983,0.5362893956705286,-1.4445851640840788,0.5051759351684284,0.0,1.0,0.020648967551622426,0.3704918032786884,2.9890000000000003,1,0.18005295000000002,23.729999999999993,0.33136111111111105,2.5480000000000005,139.45859494005603,3.8708333333333336,-0.8999999999999999,31,1,2022,122
2023-02-01,16.73,23.9,15,2.45,-10.1,-0.5,-3.7874999999999996,7.7,4.208333333333333,-2.611472412822359,-1.2855750707977953,82.04166666666667,76.5,435.0,88.33333333333333,1014.1041666666666,1009.4,-6.4375,-12.6,-4.920833333333333,-11.3,-1.2,239.21606333235718,0.7436248494105993,-2.253333333333333,4.22,7.7,84.33333333333333,-2.6931081348279067,-0.1399476565245853,257.3724144937563,0.041666666666666664,0,12,17.21999999999999,35.97999999999999,69.09,120.4,185.5,0.0,491.89,-5.9375,-0.29166666666674246,-0.5821428571429124,2.7041666666666666,-0.4920833333333333,4.920833333333333,2.6500000000000004,2.5,-0.8591034185045998,-0.5118020284384485,-0.9758116220441799,-0.21861307893972529,-2.1424954920196773,-1.0547072143336913,0.0,0.0,0.46498054474708184,0.5207700101317121,100.0,2,4.854615202500001,35.97999999999999,0.3244722222222222,70.6006,0.0,8.416666666666666,0.6500000000000004,32,2,2022,123
2023-02-02,9.66,13.7,21,1.75,-7.5,-2.5,-6.029166666666666,10.3,8.733333333333333,-6.075357952736634,5.8319213216801735,82.79166666666667,80.125,384.0,100.0,1022.3208333333333,1014.9,-8.5,-10.5,-9.7875,-11.0,-7.7,316.0499466690384,0.9608596830547151,-5.938095238095238,8.619047619047619,10.3,83.52380952380952,-5.743743725845667,6.024073632901279,318.67970014706515,0.0,0,21,26.389999999999993,26.879999999999992,66.01,130.06,192.15,0.0,501.55,8.216666666666697,8.716666666666697,7.289880952380827,-4.866666666666666,-0.97875,9.7875,2.470833333333334,3.0,-0.6940310337603753,0.7199450841401064,-0.6602677988661498,0.7510302482460007,-5.0298901050365386,4.828344860907711,0.0,1.0,0.3593750000000001,0.4072110286320253,99.498,3,3.4343606845238095,26.879999999999992,0.3293888888888889,83.25999999999999,353.95820710524055,26.199999999999996,-2.2416666666666663,33,2,2022,124
2023-02-03,0.42000000000000004,0.5,6,0.07,-9.4,-1.2,-5.629166666666666,9.7,6.795833333333333,-6.022835752877637,2.884056383686403,74.125,117.91666666666667,485.0,98.375,1021.7458333333334,1019.7,-9.625,-11.7,-6.425,-7.8,-4.7,293.27369709584656,0.9828784725613466,-2.1999999999999997,5.8,6.6,64.83333333333333,-5.519132182650793,1.7696742155728735,287.6660609967288,0.0,0,6,10.079999999999993,26.809999999999995,57.61,118.86,180.53,0.0,501.96999999999997,-0.5749999999999318,1.7041666666667652,4.956547619047569,3.3625,-0.6425,6.425,3.9958333333333336,2.299999999999999,-0.9186278685324659,0.395123827623061,-0.952841407288865,0.30346870111392926,-4.464427001820549,2.137806794407546,0.0,2.0,0.015665796344647525,0.46537059538274594,4.074,4,0.11881275,26.809999999999995,0.32569444444444445,2.436,0.0,27.183333333333334,0.39999999999999947,34,2,2022,125
2023-02-04,8.47,12.1,16,1.47,-8.0,0.1,-3.091666666666667,6.8,5.295833333333333,-4.667896505903222,-0.10568477835928491,79.125,63.0,249.0,99.33333333333333,1018.3458333333333,1016.1,-6.2124999999999995,-10.6,-5.875,-9.5,-3.1,270.2923410491678,0.8708482242178984,-1.56875,5.03125,6.5,78.9375,-4.128071716030358,0.06697587039657468,273.4721520979948,0.0,1,16,8.889999999999993,18.549999999999994,59.010000000000005,121.17,186.2,1.0,510.44,-3.400000000000091,4.241666666666674,0.5517857142856428,0.5499999999999998,-0.5875,5.875,3.1208333333333327,2.5999999999999996,-0.9999869832249443,0.0051022917081364055,-0.9981643524091508,0.060563401321429726,-3.6934731102959244,-0.0836230808767842,0.0,3.0,0.45660377358490584,0.31435349940688007,57.596000000000004,5,2.295620729370118,18.549999999999994,0.30797222222222226,42.6146875,0.0,26.479166666666668,2.5374999999999996,35,2,2022,126
2023-02-05,0.21000000000000002,0.30000000000000004,2,0.14,-4.2,3.1,-1.1708333333333334,8.0,3.975,-2.246725543611492,1.2063786964139098,72.25,171.54166666666666,600.0,45.166666666666664,1022.6041666666666,1020.1,-5.670833333333333,-10.0,-5.45,-6.9,-3.6,286.0832810930754,0.5847095625052474,-1.5,4.65,4.8,80.5,-2.1803988449291705,4.106309999115723,332.0,0.5,1,2,8.679999999999994,9.099999999999994,54.74,121.24,185.71,2.0,510.65,4.258333333333326,0.283333333333303,3.6375000000000455,0.4249999999999998,-0.545,5.45,4.5,5.8,-0.9608600336609998,0.2770342861686661,-0.4694715627858908,0.882947592858927,-1.623259205259303,0.8716086081590498,0.0,4.0,0.023076923076923092,0.16624040920716102,1.6800000000000002,6,0.056865703125,9.099999999999994,0.42408333333333337,0.9765000000000001,38.996433341558145,23.85,1.9208333333333334,36,2,2022,127
2023-02-06,0.0,0.0,0,0.0,-7.9,2.5,-3.141666666666667,6.6,4.3625,-4.325992799440857,-0.013293598068342639,62.791666666666664,183.16666666666666,600.0,45.083333333333336,1021.875,1020.5,-9.308333333333334,-14.8,-2.0124999999999997,-3.4,-0.2,269.2071133484097,0.9923215372306586,0.0,0.0,0.0,0.0,0.0,0.0,,0.4583333333333333,1,0,0.20999999999999291,8.679999999999994,35.980000000000004,120.53999999999999,185.43,3.0,510.65,-0.7291666666666288,0.12916666666660603,1.726785714285711,3.4375000000000004,-0.20124999999999998,2.0124999999999997,6.166666666666666,6.9,-0.9999042497268184,-0.013838040983046541,-0.9999042497268184,-0.013838040983046541,-2.7163629786489047,-0.008347271787080147,1.0,5.0,0.0,0.24124513618677024,0.0,5,0.0,4.339999999999997,0.3869722222222222,0.0,-0.0,21.8125,-1.9708333333333337,37,2,2022,128
2023-02-07,0.14,0.2,2,0.07,-3.3,7.7,3.5749999999999997,4.4,2.4166666666666665,-0.2181422011630313,-0.606508153447578,54.875,162.125,600.0,94.83333333333333,1018.3291666666668,1015.7,-5.375,-13.9,-0.9708333333333333,-3.4,1.6,227.64789254689208,0.25958457158251075,3.95,3.3000000000000003,4.4,78.0,1.4339460715165553,-2.888591672090434,158.00000000000003,0.0,0,2,0.1399999999999929,0.34999999999999293,35.63,99.67999999999999,184.94,3.0,510.79,-3.545833333333235,-0.01666666666653782,-1.5744047619045887,1.0416666666666665,-0.09708333333333333,0.9708333333333333,8.95,10.600000000000001,-0.7390187202344145,-0.6736848900955759,0.3746065934159118,-0.9271838545667875,-0.11970553288821342,-0.33282134920435846,0.0,6.0,0.4000000000000081,0.009823182711198229,0.6160000000000001,6,0.020301531249999987,0.34999999999999293,0.46211111111111114,0.4620000000000001,0.0,14.5,6.716666666666667,38,2,2022,129
2023-02-08,6.58,9.4,24,0.77,-3.8,2.1,0.10833333333333335,9.1,6.333333333333333,-3.8709964983746583,4.816054248538305,83.33333333333333,75.375,334.0,100.0,1019.5666666666666,1016.3,-2.3874999999999997,-5.6,-6.4624999999999995,-11.0,-2.2,321.0633781621812,0.975482331933876,0.10833333333333335,6.333333333333333,9.1,83.33333333333333,-3.8709964983746583,4.816054248538305,321.0633781621812,0.0,0,24,6.719999999999993,6.719999999999993,25.48,94.57,175.07,3.0,517.37,1.2374999999998408,-3.0375000000000227,-1.1172619047619037,-5.491666666666666,-0.64625,6.4624999999999995,2.495833333333333,1.7999999999999998,-0.6284603602971762,0.7778416133989898,-0.6284603602971762,0.7778416133989898,-3.225830415312215,4.0133785404485876,0.0,7.0,0.9791666666666677,0.26373626373626347,59.878,6,1.4983608159722224,6.719999999999993,0.37469444444444444,41.67333333333333,18.203361033604487,38.0,-3.4666666666666663,39,2,2022,130
2023-02-09,3.2199999999999998,4.6,15,0.35,-10.2,-3.2,-5.608333333333333,12.7,8.666666666666666,-6.226865680845271,5.7327352272452545,78.70833333333333,106.29166666666667,436.0,91.91666666666667,1030.2708333333333,1026.4,-8.8375,-18.4,-7.091666666666666,-9.5,-3.7,309.9749399293506,0.9671087752769624,-4.8,10.273333333333333,12.7,84.33333333333333,-7.03111593674831,7.407401263865035,316.60468740192744,0.0,0,15,9.799999999999994,9.939999999999992,19.04,85.05000000000001,162.54,3.0,520.59,10.704166666666652,8.395833333333258,8.451190476190504,-0.6291666666666664,-0.7091666666666666,7.091666666666666,3.229166666666667,8.2,-0.7663255127598417,0.6424524951257997,-0.6870280669975642,0.7266308795788894,-4.901062196298632,4.512140351777619,0.0,8.0,0.3239436619718312,0.5220588235294114,40.89399999999999,5,1.0384043833333332,9.939999999999992,0.3332222222222222,33.08013333333333,767.6748157640212,43.33333333333333,-5.716666666666667,40,2,2022,131
2023-02-10,15.26,21.7,16,1.68,-4.0,2.1,-0.6791666666666667,8.4,5.283333333333333,-1.6298152627246878,-3.236785202036264,70.20833333333333,44.791666666666664,198.0,100.0,1020.8208333333333,1013.8,-6.504166666666666,-20.0,-3.0375,-5.1,-1.4,213.37798134647437,0.7005649001448192,0.26249999999999996,5.65,8.4,87.5625,-1.3647265595046982,-3.441331795666129,205.41777683580605,0.0,0,16,18.47999999999999,25.05999999999999,33.879999999999995,91.49,177.79999999999998,3.0,535.85,-9.449999999999932,2.4916666666665606,-0.8666666666666742,4.054166666666665,-0.30375,3.0375,5.824999999999999,16.0,-0.5501598690791423,-0.8350593502589029,-0.429215385459374,-0.9032021661206094,-1.1442661323712913,-2.272492943929627,0.0,0.0,0.6089385474860337,0.7396694214876032,100.0,0,3.4524945273437493,25.05999999999999,0.31055555555555553,86.21900000000001,0.0,0.0,4.929166666666667,41,2,2022,132
2023-02-11,1.33,1.9000000000000001,8,0.42,-0.9,6.6,2.0708333333333333,12.3,6.708333333333333,-3.8735134360672263,2.904667404859343,68.33333333333333,174.04166666666666,600.0,90.91666666666667,1020.4333333333334,1014.8,-3.4958333333333336,-8.4,-1.5666666666666667,-4.1,0.0,283.9360910226574,0.5438826364333539,0.625,10.225,12.3,85.375,-5.860169212459929,8.322131814837338,324.2532416865944,0.0,1,8,16.589999999999993,19.809999999999995,26.740000000000002,85.75,179.13,3.0,537.18,-0.3874999999999318,0.8666666666667879,-1.552380952380986,1.4708333333333334,-0.15666666666666668,1.5666666666666667,5.566666666666666,7.5,-0.9705649676385,0.24083945605501933,-0.584203747384872,0.8116070364046092,-2.6469008479792713,1.9848560599872176,0.0,1.0,0.06713780918727917,0.7408376963350783,16.359,1,0.27187719726562504,19.809999999999995,0.49047222222222214,13.59925,0.0,6.708333333333333,2.75,42,2,2022,133
2023-02-12,0.0,0.0,0,0.0,1.8,8.2,4.941666666666666,5.5,3.108333333333333,-2.311969735686405,-1.2164568762492243,62.916666666666664,174.95833333333334,600.0,60.708333333333336,1020.7583333333333,1017.0,-1.9625000000000001,-9.0,1.0791666666666666,-0.5,3.5,247.86442076277615,0.8203114515225924,0.0,0.0,0.0,0.0,0.0,0.0,,0.20833333333333334,0,0,1.3299999999999912,16.589999999999996,26.53,81.27,175.84,2.0,537.18,0.3249999999999318,-9.512499999999932,-0.9636904761905498,2.645833333333333,0.10791666666666666,0.0,6.904166666666667,10.8,-0.926294826447933,-0.3767995415281095,-0.926294826447933,-0.3767995415281095,-1.4546142920360299,-0.7653541179734702,1.0,2.0,0.0,0.6253298153034299,0.0,2,0.0,8.294999999999998,0.5085833333333333,0.0,-0.0,6.216666666666666,2.870833333333333,43,2,2022,134
2023-02-13,5.04,7.2,20,0.56,-1.9,5.0,2.5166666666666666,12.0,6.366666666666667,-3.4768282642903316,4.813703280626693,80.04166666666667,43.916666666666664,172.0,100.0,1011.8041666666667,1008.4,-0.5916666666666667,-4.6,-4.995833333333334,-9.5,-0.6,313.5341935833145,0.8505734588344288,2.4050000000000002,7.245,12.0,82.15,-3.7959452667116986,5.740856723503229,321.80334974774826,0.0,0,20,5.039999999999991,6.369999999999993,31.57,67.55,180.6,1.0,542.22,-8.954166666666652,-9.016666666666652,-8.479166666666742,-6.075,-0.4995833333333334,4.995833333333334,3.1083333333333334,2.6999999999999997,-0.7249634383139314,0.6887873497009381,-0.618362449863247,0.7858930465394915,-2.78291128987572,3.852968334201616,0.0,3.0,0.7912087912087921,0.20177383592017717,60.480000000000004,3,0.8703044043750001,6.369999999999993,0.4071944444444444,36.5148,0.0,19.1,-2.425,44,2,2022,135
2023-02-14,10.29,14.8,24,1.05,-7.9,-2.7,-5.470833333333334,13.0,11.104166666666666,-6.085905699335437,9.168887577158994,81.16666666666667,88.41666666666667,342.0,100.0,1015.1333333333333,1012.4,-8.183333333333334,-10.6,-10.799999999999999,-13.8,-7.6,326.0518651933918,0.99089089508511,-5.470833333333334,11.104166666666666,13.0,81.16666666666667,-6.085905699335437,9.168887577158994,326.0518651933918,0.0,0,24,15.329999999999991,15.329999999999991,41.72,77.35,187.45999999999998,1.0,552.51,3.3291666666666515,-5.300000000000068,-4.693452380952408,-5.804166666666665,-1.0799999999999998,10.799999999999999,2.7124999999999995,2.6999999999999993,-0.5584422144080056,0.829543424521636,-0.5584422144080056,0.829543424521636,-4.939726792627264,7.442080416794051,0.0,0.0,0.6712328767123291,0.36744966442953,100.0,4,3.4274573673502604,15.329999999999991,0.32950000000000007,114.26187499999999,160.06185568656267,44.416666666666664,-7.987500000000001,45,2,2022,136
2023-02-15,3.85,5.5,22,0.56,-9.6,-5.9,-7.854166666666667,11.3,9.608333333333333,-6.376560654314372,7.044582858214393,77.125,108.5,422.0,100.0,1024.6083333333333,1019.2,-11.179166666666667,-13.1,-12.054166666666667,-13.8,-9.7,317.1836906888112,0.9881319103062101,-7.863636363636363,9.804545454545455,11.3,77.13636363636364,-6.385135516264489,7.324016036162863,318.5574755313891,0.0,0,22,14.139999999999992,19.179999999999993,38.99,64.47,187.74,1.0,556.36,9.475000000000023,3.8500000000000227,4.061309523809541,-1.2541666666666682,-1.2054166666666668,12.054166666666667,3.325,3.5,-0.6796501338033717,0.7335364310114795,-0.6618684095585059,0.7496200427072998,-4.91792240463996,5.433134529397851,0.0,1.0,0.20072992700729936,0.4919210053859962,43.505,5,1.5086538707386363,19.179999999999993,0.32941666666666664,37.7475,580.7919265594194,48.041666666666664,-2.383333333333333,46,2,2022,137
2023-02-16,0.0,0.0,0,0.0,-10.8,-1.8,-6.9375,8.1,5.2749999999999995,-4.577629750877606,2.414613311922717,69.04166666666667,208.29166666666666,600.0,33.0,1029.2833333333333,1027.1,-11.8125,-15.6,-8.508333333333333,-10.1,-5.9,295.0117840294485,0.9743803669541828,0.0,0.0,0.0,0.0,0.0,0.0,,0.6666666666666666,0,0,3.849999999999993,14.139999999999992,35.77,54.81,187.53,1.0,556.36,4.6749999999999545,17.47916666666663,8.877380952381031,3.5458333333333343,-0.8508333333333333,8.508333333333333,4.875,4.799999999999999,-0.9062208479231044,0.42280465322596633,-0.9062208479231044,0.42280465322596633,-3.1604718738350805,1.6670892741066428,1.0,2.0,0.0,0.3953033268101759,0.0,6,0.0,7.069999999999996,0.369,0.0,-0.0,31.65,0.916666666666667,47,2,2022,138
2023-02-17,0.0,0.0,0,0.0,-13.4,0.4,-6.066666666666666,7.9,5.183333333333334,-4.933073262534287,0.7056338258598788,72.875,192.20833333333334,600.0,51.958333333333336,1027.5625,1026.2,-10.270833333333334,-17.0,-3.204166666666667,-5.4,-1.4,280.41249073895256,0.9530323571787497,0.0,0.0,0.0,0.0,0.0,0.0,,0.4166666666666667,1,0,0.0,3.849999999999993,20.51,54.39,184.87,2.0,556.36,-1.720833333333303,12.429166666666674,6.193452380952408,5.304166666666665,-0.3204166666666667,3.204166666666667,4.2041666666666675,3.5999999999999996,-0.9835320934513603,0.18073356398628512,-0.9835320934513603,0.18073356398628512,-3.5949771400718618,0.5142306505953866,2.0,3.0,0.0,0.18771331058020443,0.0,3,0.0,1.283333333333331,0.3799444444444444,0.0,-0.0,15.55,0.8708333333333336,48,2,2022,139
2023-02-18,7.0,12.7,12,1.47,-5.9,5.6,0.03750000000000001,6.9,4.2749999999999995,-3.9626994346880835,-0.10375278013491109,80.0,61.0,282.0,90.20833333333333,1023.0458333333332,1016.1,-3.0416666666666665,-9.3,1.3833333333333335,-1.1,3.5,264.9328084696723,0.8888835675811457,3.266666666666667,3.1333333333333333,5.5,84.25,-2.521204700801914,-0.36359504226623507,256.97586925624955,0.0,0,12,6.999999999999993,6.999999999999993,26.18,52.92,191.87,1.0,563.36,-4.516666666666765,-1.5625000000001137,1.3035714285713311,4.5875,0.13833333333333336,0.0,3.0791666666666666,3.4000000000000004,-0.9960918043931444,-0.08832393345413181,-0.9742752377777305,-0.22536140098327975,-3.1701595477504667,-0.08300222410792887,0.0,4.0,1.000000000000001,0.26737967914438476,48.300000000000004,4,1.1321819444444443,6.999999999999993,0.43177777777777776,21.933333333333334,0.0,17.099999999999998,6.104166666666666,49,2,2022,140
2023-02-19,25.34,84.9,24,2.52,0.7,6.2,4.220833333333333,7.8,3.341666666666667,-2.1977122153843696,2.088395564791586,96.58333333333333,20.0,82.0,100.0,1008.875,1004.3,3.716666666666667,0.3,-1.575,-6.2,4.3,301.13297474147396,0.8970305051571388,4.220833333333333,3.341666666666667,7.8,96.58333333333333,-2.1977122153843696,2.088395564791586,301.13297474147396,0.0,0,24,32.33999999999999,32.33999999999999,51.519999999999996,78.05,205.58999999999997,1.0,588.7,-14.170833333333235,-20.408333333333303,-11.16964285714289,-2.9583333333333335,-0.1575,1.575,0.5041666666666664,0.39999999999999997,-0.8559696686804732,0.5170260402523658,-0.8559696686804732,0.5170260402523658,-2.12262371469207,2.017042049661207,0.0,0.0,0.7835497835497838,0.6277173913043477,100.0,0,3.5081747983940983,32.33999999999999,0.47305555555555556,84.67783333333334,0.0,0.0,4.183333333333334,50,2,2022,141
2023-02-20,18.13,25.9,24,1.68,-7.0,1.0,-3.2083333333333335,11.0,9.141666666666667,-5.198402307659409,7.056511490306273,83.83333333333333,90.29166666666667,370.0,100.0,1016.1208333333334,1011.9,-5.579166666666667,-10.1,-8.258333333333333,-11.8,-4.2,323.91227819948796,0.9618704596835567,-3.2083333333333335,9.141666666666667,11.0,83.83333333333333,-5.198402307659409,7.056511490306273,323.91227819948796,0.0,0,24,43.46999999999999,50.46999999999999,64.61,96.17999999999999,217.56,1.0,606.83,7.245833333333394,-11.441666666666606,-4.54047619047617,-6.683333333333333,-0.8258333333333333,8.258333333333333,2.370833333333333,3.0999999999999996,-0.5890231956279735,0.8081161271823561,-0.5890231956279735,0.8081161271823561,-4.357993934587804,5.915708799373425,0.0,0.0,0.35922330097087385,0.7811484290357529,100.0,1,5.302574504123263,50.46999999999999,0.36186111111111113,165.73841666666667,263.66729704641045,9.141666666666667,-7.429166666666667,51,2,2022,142
2023-02-21,12.39,17.6,22,1.33,-9.4,-6.2,-7.6499999999999995,13.6,10.545833333333333,-6.412036688647217,8.179117924547816,80.95833333333333,77.83333333333333,296.0,100.0,1027.4041666666667,1022.2,-10.358333333333333,-12.6,-11.829166666666666,-14.2,-9.8,321.3478759609127,0.9857677109343956,-7.531818181818181,10.595454545454546,13.6,81.0909090909091,-6.19261519360774,8.495526511506215,323.42771534765,0.0,0,22,30.519999999999992,55.85999999999999,66.71,108.42999999999999,229.81,1.0,619.22,11.283333333333303,4.358333333333462,4.989880952380986,-3.570833333333333,-1.1829166666666666,11.829166666666666,2.708333333333333,3.1999999999999993,-0.624590315831619,0.7809525833041072,-0.5958364630893097,0.8031057895777004,-5.1910780358506425,6.6216775530818355,0.0,0.0,0.22180451127819553,0.8373557187827911,100.0,2,4.711250541516012,55.85999999999999,0.32175,131.27768181818183,656.8094094846805,21.091666666666665,-4.441666666666666,52,2,2022,143
2023-02-22,0.0,0.0,0,0.0,-10.7,1.8,-3.904166666666667,9.3,6.245833333333334,-5.066470712987898,1.452936705714074,55.416666666666664,223.125,600.0,45.791666666666664,1029.9708333333333,1025.7,-12.254166666666668,-15.9,-4.008333333333334,-7.6,-2.1,284.6282570536698,0.8236480360845969,0.0,0.0,0.0,0.0,0.0,0.0,,0.5,1,0,12.389999999999993,30.519999999999992,62.86,101.85,229.10999999999999,2.0,619.22,2.566666666666606,21.095833333333303,6.790476190476284,7.820833333333332,-0.4008333333333334,4.008333333333334,8.350000000000001,5.200000000000001,-0.9675847375822942,0.2525465810455622,-0.9675847375822942,0.2525465810455622,-2.8076691867807932,0.805169091083216,1.0,1.0,0.0,0.485523385300668,0.0,3,0.0,15.259999999999996,0.37347222222222226,0.0,-0.0,18.7375,3.7458333333333327,53,2,2022,144
2023-02-23,0.21000000000000002,0.30000000000000004,3,0.07,-1.0,3.2,1.0916666666666666,6.5,4.333333333333333,-3.813449001394334,-0.7135253126216946,60.583333333333336,107.04166666666667,465.0,99.91666666666667,1021.5041666666666,1020.2,-6.6499999999999995,-15.4,-2.829166666666667,-4.2,-0.7,258.8735438034464,0.9007941650328355,2.6333333333333333,5.2,5.8,71.66666666666667,-5.190580994337988,0.26972503181061724,272.6669074498284,0.0,1,3,0.20999999999999291,12.599999999999994,63.06999999999999,98.84,208.32,3.0,619.43,-8.466666666666697,5.383333333333212,-0.5648809523810314,1.1791666666666667,-0.2829166666666667,2.829166666666667,7.741666666666666,14.4,-0.9812036628017781,-0.19297505565324918,-0.9989169158089889,0.04652951010549588,-2.310314520011401,-0.43227741856331003,0.0,2.0,0.016666666666666677,0.19977802441731402,1.3650000000000002,4,0.03616112500000001,12.599999999999994,0.34441666666666665,1.092,0.0,17.333333333333332,4.995833333333334,54,2,2022,145
2023-02-24,1.12,1.6,5,0.35,-3.6,5.0,1.0,6.0,3.525,-3.101522248638527,-1.2754891237757668,76.375,124.70833333333333,465.0,98.91666666666667,1017.6416666666668,1015.1,-2.7083333333333335,-6.7,-3.4291666666666667,-8.1,0.0,248.00682653924707,0.9473788553424617,2.02,3.8,6.0,80.8,-3.4664955872725556,-1.445484102654967,248.17857633985273,0.0,0,5,1.329999999999993,1.329999999999993,64.19,84.69999999999999,197.75,2.0,620.55,-3.862499999999841,-9.762499999999932,-3.0101190476189004,-0.5999999999999996,-0.34291666666666665,3.4291666666666667,3.7083333333333335,3.1,-0.9272284807079171,-0.3744961208932449,-0.9283469025649858,-0.371714982880697,-2.3687876173976754,-0.974154818283742,0.0,3.0,0.8421052631578992,0.020719738276990078,6.720000000000001,5,0.21282659999999992,1.329999999999993,0.44883333333333336,4.256,0.0,17.625,-0.09166666666666656,55,2,2022,146
2023-02-25,5.32,7.6,22,0.63,-5.4,1.8,-2.8666666666666667,12.9,9.420833333333333,-6.265280232967551,6.9720113948612585,75.0,127.25,500.0,100.0,1023.9250000000001,1018.0,-6.6625000000000005,-9.4,-9.716666666666667,-11.5,-7.5,317.7553765907735,0.9945493271756054,-2.859090909090909,9.313636363636364,12.9,75.27272727272727,-6.096296821894447,6.987766593783073,318.46136836200077,0.0,0,14,6.439999999999993,6.649999999999993,62.51,88.69,190.33,2.0,625.87,6.283333333333303,-6.045833333333235,3.147619047619173,-6.2875,-0.9716666666666667,9.716666666666667,3.795833333333334,4.0,-0.6722973429889637,0.7402812185987023,-0.6631248804143285,0.7485087794912513,-4.698960174725663,5.229008546145945,0.0,4.0,0.8000000000000008,0.10638297872340415,68.628,6,1.511149950154959,6.649999999999993,0.37483333333333335,49.54854545454546,206.8473511668776,56.52499999999999,-3.8666666666666667,56,2,2022,147
2023-02-26,2.94,4.3,21,0.21,-5.9,-2.4,-4.0874999999999995,12.2,8.983333333333333,-5.37383943164409,7.070850518551605,79.5,136.95833333333334,520.0,100.0,1030.5874999999999,1027.8,-7.120833333333334,-8.7,-8.8625,-10.5,-5.3,323.8432505172947,0.9890041092705811,-4.190476190476191,8.67142857142857,12.2,79.80952380952381,-4.99120920627642,6.980430573141829,325.25373619713,0.0,0,11,8.259999999999993,9.379999999999994,40.11,91.63,184.45,2.0,628.81,6.662499999999795,9.083333333333258,6.7083333333332575,0.8541666666666661,-0.8862500000000001,8.8625,3.033333333333334,2.799999999999999,-0.5899963541758905,0.80740590910592,-0.5699431826574227,0.8216841050807346,-4.272202348157051,5.621326162248526,0.0,5.0,0.3134328358208957,0.23385689354275727,35.867999999999995,6,0.9299462499999999,9.379999999999994,0.3563055555555556,25.493999999999996,196.19819488721222,53.89999999999999,-1.2208333333333328,57,2,2022,148
2023-02-27,0.0,0.0,0,0.0,-7.1,7.1,0.6,9.4,3.841666666666667,-2.656623260209509,1.5250928070245349,64.0,229.20833333333334,600.0,29.875,1032.9416666666666,1030.6,-6.1000000000000005,-13.0,0.24583333333333335,-3.9,1.9,294.1727105104335,0.4661117276460414,0.0,0.0,0.0,0.0,0.0,0.0,,0.6666666666666666,0,0,2.939999999999993,8.259999999999994,21.98,86.59,177.38,2.0,628.81,2.3541666666667425,15.29999999999984,6.659523809523762,9.108333333333334,0.024583333333333336,0.0,6.7,5.9,-0.9123152555398228,0.40948855235440673,-0.9123152555398228,0.40948855235440673,-1.7002388865340856,0.9760593964957023,1.0,6.0,0.0,0.3757961783439488,0.0,6,0.0,4.129999999999997,0.5239166666666667,0.0,-0.0,23.05,4.687499999999999,58,2,2022,149
2023-02-28,0.0,0.0,0,0.0,2.3,9.4,5.029166666666667,4.3,2.4166666666666665,-1.351273699742498,-1.3309029341236691,32.333333333333336,236.79166666666666,600.0,5.375,1027.05,1023.6,-10.754166666666668,-18.0,1.2333333333333334,-1.1,3.7,231.32363093267176,0.7706616077983658,0.0,0.0,0.0,0.0,0.0,0.0,,0.875,0,0,0.0,2.939999999999993,9.59,76.3,172.9,2.0,628.81,-5.8916666666666515,3.1249999999998863,0.8184523809522943,0.9875,0.12333333333333334,0.0,15.783333333333335,20.3,-0.7806882145219236,-0.6249207243375522,-0.7806882145219236,-0.6249207243375522,-0.4369118295834077,-0.4303252820333197,2.0,7.0,0.0,0.30656934306569267,0.0,3,0.0,0.9799999999999977,0.4745277777777777,0.0,-0.0,7.25,4.429166666666667,59,2,2022,150
2023-03-01,0.0,0.0,0,0.0,0.4,8.6,4.5249999999999995,6.2,4.1875,-0.25447532513381416,-3.6820963833106393,60.708333333333336,200.875,600.0,70.41666666666667,1019.4291666666667,1013.1,-2.8125,-8.3,1.1875,-2.5,5.3,186.38337095818753,0.8523160465432069,0.0,0.0,0.0,0.0,0.0,0.0,,0.08333333333333333,0,0,0.0,0.0,9.59,72.45,154.14,1.0,628.81,-7.62083333333328,-11.15833333333319,-5.296428571428464,-0.04583333333333339,0.11875,0.0,7.3374999999999995,8.700000000000001,-0.11118050473090273,-0.9938002291043113,-0.11118050473090273,-0.9938002291043113,-0.15448772863331967,-2.235339346034834,3.0,8.0,,0.0,0.0,4,0.0,0.0,0.5273888888888889,0.0,-0.0,16.75,-0.5041666666666673,60,3,2022,151
2023-03-02,16.52,23.6,22,1.54,-2.4,4.1,1.0291666666666666,12.5,7.579166666666667,-4.577769111109442,4.930073857422453,83.29166666666667,102.91666666666667,439.0,99.75,1015.35,1010.6,-1.5250000000000001,-5.2,-7.829166666666667,-12.1,-2.2,304.8402634309799,0.8430732237003659,1.1227272727272728,7.804545454545454,12.5,83.5909090909091,-4.634177327184581,5.099562444914725,305.03718719816425,0.0,0,22,16.519999999999992,16.519999999999992,25.9,88.97,170.17000000000002,0.0,645.33,-4.0791666666666515,-17.591666666666583,-8.496428571428623,-9.016666666666666,-0.7829166666666667,7.829166666666667,2.5541666666666667,2.8000000000000003,-0.8207479491881075,0.5712904724424483,-0.8187795982765945,0.5741079771663329,-3.8129001887949063,4.106340683744786,0.0,0.0,1.0000000000000004,0.6378378378378375,100.0,0,3.3086397435433885,16.519999999999992,0.4373611111111111,128.9310909090909,0.0,0.0,-3.4958333333333327,61,3,2022,152
2023-03-03,0.0,0.0,0,0.0,-5.7,4.8,-0.5750000000000001,6.2,3.6458333333333335,-3.074102973974884,1.0808097108418486,64.91666666666667,237.125,600.0,20.166666666666668,1025.0625,1022.2,-6.5125,-9.1,-4.495833333333334,-6.0,-2.4,287.3126313827872,0.9047591363396456,0.0,0.0,0.0,0.0,0.0,0.0,,0.75,1,0,16.519999999999992,16.519999999999992,24.78,88.97,153.44,1.0,645.33,9.712499999999977,-1.9874999999999545,0.15595238095238528,3.333333333333333,-0.44958333333333333,4.495833333333334,5.9375,3.3999999999999995,-0.954695217269154,0.29758535266945324,-0.954695217269154,0.29758535266945324,-1.9956051806053625,0.7016256372881667,1.0,1.0,0.0,0.6666666666666663,0.0,1,0.0,8.259999999999996,0.48113888888888895,0.0,-0.0,3.6458333333333335,-1.6041666666666665,62,3,2022,153
2023-03-04,0.0,0.0,0,0.0,-5.5,3.9,-0.5333333333333334,9.0,5.245833333333334,-3.962135543935311,2.4986586819083683,75.125,191.625,600.0,72.16666666666667,1027.4291666666666,1025.9,-4.541666666666667,-9.8,-3.9958333333333336,-5.8,-1.4,296.86001163246345,0.8900631367014492,0.0,0.0,0.0,0.0,0.0,0.0,,0.16666666666666666,1,0,0.0,16.519999999999992,19.46,81.97,143.78,2.0,645.33,2.3666666666665606,7.999999999999886,2.0220238095237164,0.5,-0.39958333333333335,3.9958333333333336,4.008333333333334,4.300000000000001,-0.8921130795379721,0.45181218810173307,-0.8921130795379721,0.45181218810173307,-2.976554327381402,1.8771173347836616,2.0,2.0,0.0,0.8489208633093521,0.0,2,0.0,5.506666666666664,0.46483333333333327,0.0,-0.0,10.491666666666667,0.04166666666666663,63,3,2022,154
2023-03-05,0.0,0.0,0,0.0,-6.4,5.5,1.1416666666666666,6.6,3.4125,0.2878704623938828,-1.0509935137043445,75.20833333333333,220.875,600.0,81.16666666666667,1026.2749999999999,1023.1,-2.8333333333333335,-8.6,-1.2916666666666667,-2.5,0.7,182.02520845997375,0.18381101579562062,0.0,0.0,0.0,0.0,0.0,0.0,,0.041666666666666664,0,0,0.0,0.0,16.52,56.629999999999995,143.36,2.0,645.33,-1.154166666666697,10.92499999999984,1.483928571428578,2.7041666666666666,-0.12916666666666668,1.2916666666666667,3.975,2.1999999999999993,-0.035339195918176476,-0.9993753755380691,-0.035339195918176476,-0.9993753755380691,0.21650257692539934,-0.7904347050984757,3.0,3.0,,0.0,0.0,3,0.0,0.0,0.5201666666666666,0.0,-0.0,10.2375,1.675,64,3,2022,155
2023-03-06,0.0,0.0,0,0.0,-3.9,8.3,3.375,5.1,3.0749999999999997,-1.980030741635247,0.24764114710929597,68.04166666666667,242.95833333333334,600.0,10.666666666666666,1022.9583333333334,1019.5,-2.2708333333333335,-6.2,-0.20833333333333334,-1.8,2.2,277.6292963769237,0.666516529737303,0.0,0.0,0.0,0.0,0.0,0.0,,0.6666666666666666,1,0,0.0,0.0,16.52,38.5,134.89000000000001,3.0,645.33,-3.3166666666664923,-2.1041666666666288,-0.4065476190476147,1.0833333333333335,-0.020833333333333336,0.20833333333333334,5.645833333333334,2.3000000000000003,-0.9911477855754587,0.13276319952782287,-0.9911477855754587,0.13276319952782287,-1.3472459171209825,0.1684991638456168,4.0,4.0,,0.0,0.0,4,0.0,0.0,0.5732222222222222,0.0,-0.0,12.299999999999999,2.2333333333333334,65,3,2022,156
2023-03-07,0.0,0.0,0,0.0,-0.9,8.5,3.8874999999999997,6.5,3.966666666666667,-3.721202185010798,-0.07275283102074895,47.083333333333336,246.20833333333334,600.0,12.416666666666666,1022.2125,1020.6,-6.579166666666667,-11.4,2.6625,1.3,4.3,266.24540913558747,0.9188447503172819,0.0,0.0,0.0,0.0,0.0,0.0,,0.7916666666666666,1,0,0.0,0.0,16.52,26.11,134.68,4.0,645.33,-0.745833333333394,-5.216666666666583,-0.4613095238095184,2.8708333333333336,0.26625,0.0,10.466666666666667,10.5,-0.9978536795639384,-0.0654830831643475,-0.9978536795639384,-0.0654830831643475,-1.7520660287759175,-0.034254457938935966,5.0,5.0,,0.0,0.0,5,0.0,0.0,0.5099722222222223,0.0,-0.0,19.833333333333336,0.5124999999999997,66,3,2022,157
2023-03-08,0.0,0.0,0,0.0,3.8,11.6,7.0625,5.6,2.9499999999999997,-1.8251092253074273,-0.9016550261928219,52.416666666666664,246.04166666666666,600.0,9.666666666666666,1022.1999999999999,1020.0,-2.6374999999999997,-10.5,4.254166666666666,2.3,6.8,252.47558508546405,0.6968845304833283,0.0,0.0,0.0,0.0,0.0,0.0,,0.875,0,0,0.0,0.0,16.52,26.11,134.68,4.0,645.33,-0.012500000000045475,-4.074999999999932,-0.8696428571428214,1.5916666666666663,0.42541666666666667,0.0,9.7,14.3,-0.9535887272154004,-0.3011121706735094,-0.9535887272154004,-0.3011121706735094,-0.9566614189319764,-0.47261750956273746,6.0,6.0,,0.0,0.0,6,0.0,0.0,0.5965277777777778,0.0,-0.0,17.7,3.1750000000000003,67,3,2022,158
2023-03-09,0.0,0.0,0,0.0,7.1,11.2,8.858333333333333,7.4,4.354166666666667,-0.2538797105496156,-3.640036680844919,57.0,239.83333333333334,600.0,56.875,1019.7708333333334,1016.0,0.7083333333333334,-1.2,5.304166666666666,0.6,9.1,193.2500092154413,0.795548596534048,0.0,0.0,0.0,0.0,0.0,0.0,,0.375,0,0,0.0,0.0,0.0,25.9,134.54000000000002,4.0,645.33,-2.4291666666665606,-3.1875,-3.9303571428570194,1.0499999999999998,0.5304166666666666,0.0,8.149999999999999,8.299999999999999,-0.22920054748052937,-0.9733792215958925,-0.22920054748052937,-0.9733792215958925,-0.1447114350132809,-2.074820908081604,7.0,7.0,,,0.0,6,0.0,0.0,0.5987777777777777,0.0,-0.0,26.125,1.7958333333333325,68,3,2022,159
2023-03-10,1.26,6.3,3,0.7,1.2,9.4,5.9750000000000005,6.9,4.270833333333333,-2.059269857256902,0.9534719672736626,79.54166666666667,147.95833333333334,600.0,64.125,1020.4875000000001,1017.1,2.4541666666666666,-2.5,3.1875,1.0,4.5,280.00925136831995,0.5005944002906527,5.166666666666667,2.5666666666666664,3.3,89.0,-2.2426203700886567,-1.0748933585196905,246.35680085430627,0.16666666666666666,0,3,1.259999999999993,1.259999999999993,1.26,26.040000000000003,129.22,3.0,646.59,0.716666666666697,-1.724999999999909,-2.5601190476189686,-2.1166666666666663,0.31875,0.0,3.520833333333334,3.7,-0.9847797017525177,0.1738071891960236,-0.9160606190402831,-0.401039826256113,-1.6379775656264275,0.7584074939689258,0.0,8.0,1.0000000000000056,0.9999999999999943,8.694,0,0.1473653125,1.259999999999993,0.5726666666666667,3.2339999999999995,0.0,0.0,-2.883333333333332,69,3,2022,160
2023-03-11,0.0,0.0,0,0.0,2.5,14.2,9.495833333333334,5.6,3.141666666666667,-2.0128513534851216,1.0636032418556784,44.916666666666664,250.125,600.0,1.5,1024.9958333333334,1023.8,-2.1625,-5.7,6.795833333333333,5.4,8.3,301.43885717881847,0.7332625574741085,0.0,0.0,0.0,0.0,0.0,0.0,,1.0,0,0,1.259999999999993,1.259999999999993,1.26,20.72,126.0,2.0,646.59,4.508333333333326,2.795833333333462,2.295833333333462,3.6083333333333334,0.6795833333333333,0.0,11.658333333333333,8.2,-0.8531972597268501,0.5215883779328235,-0.8531972597268501,0.5215883779328235,-0.9041057329404003,0.47773512280017555,1.0,9.0,0.0,0.9999999999999943,0.0,1,0.0,0.6299999999999965,0.6320277777777777,0.0,-0.0,3.141666666666667,3.520833333333333,70,3,2022,161
2023-03-12,0.0,0.0,0,0.0,6.5,14.0,9.445833333333335,9.7,4.804166666666666,0.5763183903593947,-3.7891842162876888,64.16666666666667,204.375,600.0,75.91666666666667,1022.1041666666666,1017.7,2.6458333333333335,-1.6,5.4125000000000005,0.6,9.3,178.68736202057943,0.764059171195886,0.0,0.0,0.0,0.0,0.0,0.0,,0.16666666666666666,0,0,0.0,1.259999999999993,1.26,17.78,110.74,2.0,646.59,-2.891666666666765,2.3333333333332575,-1.1368683772161603e-13,-1.3833333333333329,0.54125,0.0,6.800000000000001,8.1,0.022907850596995655,-0.9997375807585838,0.022907850596995655,-0.9997375807585838,0.3698043004806116,-2.431393205451267,2.0,10.0,0.0,0.9999999999999943,0.0,2,0.0,0.41999999999999765,0.66125,0.0,-0.0,9.608333333333333,-0.049999999999998934,71,3,2022,162
2023-03-13,7.7700000000000005,15.9,6,2.8,-3.1,6.1,3.7291666666666665,9.7,5.716666666666666,-1.9642451672253187,-1.4443386458704843,87.75,118.875,536.0,87.41666666666667,1015.9125,1013.0,1.7833333333333332,-4.8,-4.870833333333334,-7.7,1.0,244.39501740405848,0.5010719547488869,5.3500000000000005,3.766666666666667,5.9,94.16666666666667,-2.7630905212961068,-1.919446011408403,232.0989694736154,0.0,0,6,7.769999999999993,7.769999999999993,9.030000000000001,25.55,117.17999999999999,1.0,654.36,-6.191666666666606,-4.5750000000000455,-5.185119047619082,-10.283333333333335,-0.48708333333333337,4.870833333333334,1.9458333333333333,1.6999999999999997,-0.9017949476498199,-0.4321641729635377,-0.7890730361252639,-0.6142993925278275,-1.7236251342402173,-1.26740716175135,0.0,11.0,1.0000000000000009,0.860465116279069,75.369,0,0.8607338906249997,7.769999999999993,0.5073055555555556,29.267000000000003,0.0,0.0,-5.716666666666669,72,3,2022,163
2023-03-14,0.0,0.0,0,0.0,-2.5,7.5,3.0124999999999997,5.4,3.220833333333333,-1.4841088691818731,0.897399500906876,67.5,255.66666666666666,600.0,28.208333333333332,1022.4041666666667,1019.7,-2.7875,-5.0,0.29583333333333334,-2.7,3.3,305.7074124658826,0.5929211083076019,0.0,0.0,0.0,0.0,0.0,0.0,,0.6666666666666666,0,0,7.769999999999993,7.769999999999993,9.030000000000001,25.55,117.17999999999999,0.0,654.36,6.491666666666674,-2.591666666666697,1.279166666666697,5.166666666666667,0.029583333333333333,0.0,5.8,2.5,-0.8120080262401904,0.5836462672899658,-0.8120080262401904,0.5836462672899658,-1.0017734866977643,0.6057446631121413,1.0,12.0,0.0,0.860465116279069,0.0,1,0.0,3.8849999999999967,0.5621111111111111,0.0,-0.0,3.220833333333333,-0.7166666666666668,73,3,2022,164
2023-03-15,0.0,0.0,0,0.0,3.7,12.8,7.1625000000000005,9.1,3.6625,0.2675495928085498,-2.9044248714931347,52.458333333333336,263.875,600.0,14.541666666666666,1025.5458333333333,1023.4,-2.158333333333333,-6.4,5.054166666666666,3.7,7.1,173.89779475115128,0.7519456621293169,0.0,0.0,0.0,0.0,0.0,0.0,,0.7916666666666666,0,0,0.0,7.769999999999993,9.030000000000001,25.55,112.14,0.0,654.36,3.1416666666666515,3.4416666666667197,3.942857142857065,4.758333333333333,0.5054166666666666,0.0,9.320833333333333,10.100000000000001,0.10630234218471293,-0.9943338534144577,0.10630234218471293,-0.9943338534144577,0.1403520572274851,-1.5236128805041071,2.0,13.0,0.0,0.860465116279069,0.0,2,0.0,2.5899999999999976,0.6352222222222222,0.0,-0.0,7.325,4.15,74,3,2022,165
2023-03-16,0.0,1.7000000000000002,0,0.0,3.3,11.7,7.770833333333333,4.7,3.079166666666667,-2.0233739126562598,-0.4603556356015308,71.20833333333333,198.20833333333334,600.0,92.125,1023.875,1021.3,2.5875,-2.9,2.4833333333333334,-0.7,7.0,248.9208027540976,0.6266730721234232,0.0,0.0,0.0,0.0,0.0,0.0,,0.041666666666666664,0,0,0.0,0.0,9.030000000000001,9.030000000000001,101.85,0.0,654.36,-1.6708333333333485,7.962499999999977,1.685714285714198,-2.570833333333333,0.24833333333333335,0.0,5.183333333333334,6.199999999999999,-0.9330841797295109,-0.3596580508462252,-0.9330841797295109,-0.3596580508462252,-1.440810840303978,-0.3278115755179234,3.0,14.0,,0.0,0.0,3,0.0,0.0,0.6295000000000001,0.0,-0.0,9.2375,0.6083333333333325,75,3,2022,166
2023-03-17,0.14,1.6,2,0.07,4.5,11.3,7.120833333333334,5.5,2.6125000000000003,0.2705361555480331,0.16124845160846116,74.375,176.58333333333334,600.0,99.83333333333333,1021.5416666666666,1018.3,2.0541666666666667,-8.2,1.2874999999999999,-0.1,3.3,3.695752121940711,0.25757190647648337,5.6,3.6,3.6,90.0,1.6256951519669036,-2.873406453336579,150.5,0.0,0,2,0.1399999999999929,0.1399999999999929,7.91,9.17,98.14,0.0,654.5,-2.3333333333333712,-0.8625000000000682,-0.7982142857144936,-1.1958333333333335,0.12874999999999998,0.0,5.066666666666666,12.7,0.06445832315224419,0.997920399919954,0.49242356010346716,-0.8703556959398997,0.20121126568884964,0.11992853588379299,0.0,15.0,1.0000000000000508,0.017699115044246892,0.77,4,0.014706999999999998,0.1399999999999929,0.61675,0.5040000000000001,0.0,10.450000000000001,-0.6499999999999995,76,3,2022,167
2023-03-18,17.5,26.2,21,1.96,0.6,5.0,3.9625,8.4,4.716666666666667,0.8290196239669724,2.6186935120944583,89.25,55.166666666666664,247.0,91.79166666666667,1015.75,1011.7,2.283333333333333,-4.4,-3.8833333333333333,-8.8,0.0,44.59011950116912,0.5979085637139792,4.342857142857143,4.404761904761905,8.4,92.0952380952381,1.5779802310187396,2.2375703468566,56.554051367281374,0.08333333333333333,0,21,17.639999999999993,17.639999999999993,25.41,26.67,115.64,0.0,672.0,-5.791666666666629,-9.795833333333348,-5.269047619047569,-5.170833333333333,-0.3883333333333333,3.8833333333333333,1.6791666666666667,5.0,0.7020302556316079,0.712147119756739,0.8344061341100438,0.551150073355281,0.7399000143905228,2.337183959544304,0.0,0.0,0.9920634920634924,0.6942148760330575,100.0,0,2.338727678571429,17.639999999999993,0.4453888888888889,77.08333333333334,0.0,0.0,-3.1583333333333337,77,3,2022,168
2023-03-19,0.0,0.0,0,0.0,-3.2,7.4,2.7708333333333335,6.9,3.966666666666667,-2.533180691760373,2.743464498833488,58.583333333333336,277.2083333333333,600.0,1.1666666666666667,1018.5749999999999,1016.4,-4.795833333333333,-8.4,-1.5875000000000001,-3.5,1.4,319.94574538353135,0.9257577860160524,0.0,0.0,0.0,0.0,0.0,0.0,,1.0,1,0,17.499999999999993,17.639999999999993,25.41,26.67,115.64,1.0,672.0,2.824999999999932,-5.300000000000068,-1.9398809523810314,2.2958333333333334,-0.15875,1.5875000000000001,7.566666666666666,5.2,-0.6435127054970263,0.7654354302381733,-0.6435127054970263,0.7654354302381733,-1.4840216885896185,1.6072129522332852,1.0,1.0,0.0,0.6942148760330575,0.0,1,0.0,8.819999999999997,0.5445277777777777,0.0,-0.0,3.966666666666667,-1.1916666666666664,78,3,2022,169
2023-03-20,0.0,0.0,0,0.0,3.8,10.9,6.925,4.8,3.4458333333333333,-1.3661402975229935,-2.294999797629196,40.708333333333336,272.0,600.0,36.208333333333336,1018.9708333333333,1015.7,-5.920833333333333,-11.6,2.6416666666666666,1.1,5.2,214.55080400077486,0.7547665865951527,0.0,0.0,0.0,0.0,0.0,0.0,,0.625,0,0,0.0,17.499999999999993,17.64,26.67,108.64,1.0,672.0,0.39583333333337123,-2.5708333333333258,-1.980952380952317,4.229166666666667,0.26416666666666666,0.0,12.845833333333333,15.399999999999999,-0.5671367644563452,-0.8236236339505977,-0.5671367644563452,-0.8236236339505977,-0.556132946116652,-0.9342561676182186,2.0,2.0,0.0,0.9920634920634916,0.0,2,0.0,5.833333333333331,0.55925,0.0,-0.0,6.891666666666667,4.154166666666667,79,3,2022,170
2023-03-21,0.0,0.5,0,0.0,3.2,11.1,7.466666666666666,5.9,3.7583333333333333,-1.8611265246987785,-2.2265429437349193,64.66666666666667,248.125,600.0,71.91666666666667,1017.1541666666667,1013.9,1.0708333333333333,-3.9,5.579166666666667,3.9,8.2,217.8070648976529,0.7957062287058758,0.0,0.0,0.0,0.0,0.0,0.0,,0.125,0,0,0.0,0.0,17.64,26.67,83.3,1.0,672.0,-1.816666666666606,1.404166666666697,-3.047619047619037,2.9375,0.5579166666666666,0.0,6.395833333333332,7.1,-0.6130044796302653,-0.7900794314201754,-0.6130044796302653,-0.7900794314201754,-1.203528485971877,-1.439831103615248,3.0,3.0,,0.0,0.0,3,0.0,0.0,0.627638888888889,0.0,-0.0,11.275,0.5416666666666661,80,3,2022,171
2023-03-22,0.0,0.2,0,0.0,7.1,13.6,10.049999999999999,11.2,5.25,0.12449722582184414,-4.530305744575659,81.66666666666667,271.9166666666667,600.0,38.416666666666664,1016.6666666666666,1014.4,6.9875,4.9,8.795833333333333,5.8,12.6,186.81402059752594,0.8068628483664511,0.0,0.0,0.0,0.0,0.0,0.0,,0.5416666666666666,0,0,0.0,0.0,17.64,26.67,65.17,1.0,672.0,-0.4875000000000682,-1.908333333333303,-2.2666666666666515,3.216666666666666,0.8795833333333333,0.0,3.062499999999999,2.1999999999999993,-0.1186469489694483,-0.9929365042641152,-0.1186469489694483,-0.9929365042641152,0.10167273442117272,-3.6997496914034556,4.0,4.0,,0.0,0.0,4,0.0,0.0,0.7557222222222223,0.0,-0.0,21.0,2.583333333333333,81,3,2022,172
2023-03-23,0.0,14.1,0,0.0,7.4,13.1,10.262500000000001,10.5,6.608333333333333,0.20388382558074014,-6.46131060057503,94.58333333333333,148.83333333333334,600.0,100.0,1012.2166666666667,1004.1,9.395833333333334,7.3,8.5375,6.5,10.7,180.96908248931342,0.9656278558855473,0.0,0.0,0.0,0.0,0.0,0.0,,0.0,0,0,0.0,0.0,17.64,26.67,52.78,1.0,672.0,-4.449999999999932,-6.754166666666606,-5.051190476190413,-0.25833333333333286,0.85375,0.0,0.8666666666666671,0.10000000000000053,-0.016912873750132628,-0.9998569671215539,-0.016912873750132628,-0.9998569671215539,0.19284011836178336,-6.1113229430438825,5.0,5.0,,0.0,0.0,5,0.0,0.0,0.7056111111111111,0.0,-0.0,33.041666666666664,0.21250000000000213,82,3,2022,173
2023-03-24,0.0,12.8,0,0.0,5.9,13.4,9.375,5.9,4.2124999999999995,-2.847380476852065,2.7908995773273393,90.58333333333333,117.25,463.0,99.79166666666667,1009.7833333333333,1002.8,7.9125000000000005,5.2,5.016666666666667,3.4,6.5,310.3591926528215,0.9375488250998789,0.0,0.0,0.0,0.0,0.0,0.0,,0.0,0,0,0.0,0.0,17.5,25.41,52.78,1.0,672.0,-2.433333333333394,-7.370833333333394,-5.80476190476179,-3.520833333333333,0.5016666666666667,0.0,1.4624999999999995,0.7000000000000002,-0.7619997199682165,0.6475773519575555,-0.7619997199682165,0.6475773519575555,-2.5792521486151623,2.5280898671290144,6.0,6.0,,0.0,0.0,6,0.0,0.0,0.6778888888888889,0.0,-0.0,25.275,-0.8875000000000011,83,3,2022,174
2023-03-25,0.35,5.5,2,0.21,4.4,8.5,6.579166666666667,6.7,3.4291666666666667,0.35630234402047906,-0.7850571102544835,93.25,87.66666666666667,304.0,96.45833333333333,1016.9,1014.6,5.541666666666667,4.0,3.1791666666666667,1.8,4.2,145.03547579451458,0.12357080414001965,7.0,1.9,1.9,86.0,1.761649323676896,-1.1102230246251565e-16,90.00000000000001,0.0,0,1,0.3499999999999929,0.3499999999999929,0.35,25.76,52.92,1.0,672.35,7.116666666666674,0.2333333333333485,1.1476190476190595,-1.8375,0.3179166666666667,0.0,1.0374999999999996,0.40000000000000036,0.573069132541869,-0.8195070282357009,1.0,-1.6081226496766366e-16,0.33225193579909673,-0.7320657553123059,0.0,7.0,1.0000000000000202,0.9999999999999797,2.3449999999999998,0,0.02562656249999998,0.3499999999999929,0.5581666666666667,0.6649999999999999,0.0,0.0,-2.7958333333333334,84,3,2022,175
2023-03-26,1.82,24.3,5,0.56,3.9,8.0,6.341666666666666,8.9,5.5,0.03348504760938753,-0.09348659740682781,94.45833333333333,49.916666666666664,184.0,100.0,1013.2916666666666,1008.8,5.5125,2.9,0.22499999999999998,-2.3,3.0,153.6714094092522,0.1570363158678822,4.64,8.24,8.9,91.8,-3.503490909097202,7.438332346436219,335.0027449693822,0.0,0,5,2.169999999999993,2.169999999999993,2.17,27.58,53.62,0.0,674.17,-3.6083333333333485,1.0749999999999318,-1.7059523809523398,-2.9541666666666666,0.0225,0.0,0.8291666666666657,1.0,0.4435184823212783,-0.8962652262803851,-0.4225748411792669,0.906328033110704,0.031629417887700635,-0.08830588180053275,0.0,8.0,0.8387096774193576,0.9999999999999968,16.198,0,0.21876036000000001,2.169999999999993,0.5259166666666667,14.9968,0.0,0.0,-0.2375000000000007,85,3,2022,176
2023-03-27,0.07,0.1,1,0.07,0.1,7.7,4.541666666666667,8.7,5.25,-2.0285396772913473,4.522698110443344,77.79166666666667,255.41666666666666,600.0,93.54166666666667,1018.3541666666666,1014.0,0.6083333333333333,-3.1,-1.5583333333333333,-4.0,-0.1,334.4803854229703,0.9273394393719845,3.8,7.9,7.9,92.0,-3.9500000000000037,6.841600689897064,330.0,0.0,0,1,1.889999999999993,2.239999999999993,2.24,19.88,48.37,0.0,674.24,5.0625,8.570833333333326,3.444642857142753,-1.7833333333333332,-0.15583333333333332,1.5583333333333333,3.9333333333333336,3.2,-0.4308200616742104,0.9024378507459833,-0.5000000000000004,0.8660254037844384,-1.5780348239595607,3.5182822384157184,0.0,9.0,0.0312500000000001,0.9999999999999968,0.609,1,0.009778562500000003,2.239999999999993,0.6006944444444445,0.553,0.0,5.25,-1.799999999999999,86,3,2022,177
2023-03-28,0.0,0.0,0,0.0,-0.4,8.5,4.095833333333333,8.5,3.625,-1.2265492870737151,2.7315944239119196,79.58333333333333,259.875,600.0,50.916666666666664,1023.2541666666666,1021.8,0.5875,-1.0,-0.775,-2.4,1.4,324.1853000903196,0.7929133132963171,0.0,0.0,0.0,0.0,0.0,0.0,,0.16666666666666666,1,0,0.06999999999999312,1.889999999999993,2.24,19.88,45.43,1.0,674.24,4.899999999999977,6.354166666666629,7.473214285714334,0.7833333333333333,-0.0775,0.775,3.5083333333333333,0.6,-0.5851657437453266,0.8109137144893893,-0.5851657437453266,0.8109137144893893,-0.9761288076294983,2.173893895696569,1.0,10.0,0.0,0.8437499999999968,0.0,2,0.0,0.9449999999999965,0.6274166666666666,0.0,-0.0,7.25,-0.44583333333333375,87,3,2022,178
2023-03-29,0.0,0.0,0,0.0,1.4,9.4,5.595833333333334,7.2,3.2416666666666667,-1.8853964610940757,1.5549052732889461,69.20833333333333,282.5,600.0,26.375,1022.4083333333333,1019.5,0.26666666666666666,-1.7,0.26666666666666666,-1.4,2.4,297.5143365192432,0.6706173768403001,0.0,0.0,0.0,0.0,0.0,0.0,,0.4166666666666667,0,0,0.0,0.06999999999999312,2.24,19.88,45.43,1.0,674.24,-0.845833333333303,9.116666666666674,5.807142857142708,1.0416666666666667,0.026666666666666665,0.0,5.3291666666666675,3.0999999999999996,-0.8868952669211123,0.4619705461530302,-0.8868952669211123,0.4619705461530302,-1.304851467448858,1.0761240245553914,2.0,11.0,0.0,0.031249999999996926,0.0,3,0.0,0.02333333333333104,0.6279166666666667,0.0,-0.0,9.725,1.5000000000000009,88,3,2022,179
2023-03-30,0.0,0.0,0,0.0,3.4,11.5,7.183333333333334,6.8,3.525,-1.7112446351695356,-1.5630090791206317,67.91666666666667,290.875,600.0,9.5,1019.9958333333334,1016.4,1.5291666666666666,-1.6,3.875,2.3,6.4,234.1077233558318,0.6622548140373679,0.0,0.0,0.0,0.0,0.0,0.0,,0.875,0,0,0.0,0.0,2.24,19.88,45.43,1.0,674.24,-2.412499999999909,1.6416666666667652,2.2833333333335304,3.6083333333333334,0.3875,0.0,5.654166666666667,5.0,-0.8101206749003669,-0.5862631594249925,-0.8101206749003669,-0.5862631594249925,-1.1622203147193098,-1.0615436662360958,3.0,12.0,,0.0,0.0,4,0.0,0.0,0.6758611111111111,0.0,-0.0,14.1,1.5874999999999995,89,3,2022,180
2023-03-31,0.0,0.0,0,0.0,1.7,13.0,7.729166666666667,5.7,3.266666666666667,-2.6537099713235484,0.04695315887166988,64.70833333333333,282.625,600.0,51.541666666666664,1018.3958333333334,1016.0,1.2208333333333334,-2.3,5.3875,3.1,8.7,263.2821471370265,0.7823627671929325,0.0,0.0,0.0,0.0,0.0,0.0,,0.2916666666666667,0,0,0.0,0.0,2.24,19.74,45.43,1.0,674.24,-1.6000000000000227,-4.858333333333235,-0.5470238095238074,1.5125000000000002,0.5387500000000001,0.0,6.508333333333334,4.0,-0.9931342477464316,-0.11698019470461472,-0.9931342477464316,-0.11698019470461472,-1.717171493943946,0.030382606553209714,4.0,13.0,,0.0,0.0,5,0.0,0.0,0.693,0.0,-0.0,16.333333333333336,0.5458333333333334,90,3,2022,181
2023-04-01,0.0,0.0,0,0.0,4.5,12.7,8.383333333333333,6.3,2.6875,-0.9390346895385777,1.1175387843726277,65.375,294.25,600.0,5.541666666666667,1017.1458333333334,1014.9,1.9458333333333335,-4.7,4.870833333333334,2.2,8.4,313.4418547750109,0.6633489352202309,0.0,0.0,0.0,0.0,0.0,0.0,,0.875,0,0,0.0,0.0,1.8900000000000001,2.2399999999999998,28.91,1.0,674.24,-1.25,-5.262499999999932,-1.8321428571427987,-0.5166666666666666,0.48708333333333337,0.0,6.437499999999999,9.2,-0.7260725572307014,0.6876180928658508,-0.7260725572307014,0.6876180928658508,-0.6138939282858452,0.7305909802836054,5.0,14.0,,0.0,0.0,6,0.0,0.0,0.6963055555555555,0.0,-0.0,16.125,0.6541666666666659,91,4,2022,182
2023-04-02,0.0,0.0,0,0.0,0.1,12.2,7.1875,7.0,3.766666666666667,1.1500963040708012,-1.037896770056063,80.125,293.7916666666667,600.0,51.708333333333336,1018.0541666666667,1014.7,3.7416666666666667,-0.1,3.9875000000000003,1.2,8.0,117.09770215828439,0.1962793751829211,0.0,0.0,0.0,0.0,0.0,0.0,,0.3333333333333333,0,0,0.0,0.0,0.07000000000000023,2.2399999999999998,28.91,1.0,674.24,0.908333333333303,-1.9416666666667197,-1.6041666666667425,-0.8833333333333333,0.39875000000000005,0.0,3.4458333333333333,0.2,0.8902310734798135,-0.4555092049684386,0.8902310734798135,-0.4555092049684386,0.9215146636367295,-0.8316147870074205,6.0,15.0,,0.0,0.0,6,0.0,0.0,0.7340555555555556,0.0,-0.0,22.6,-1.1958333333333329,92,4,2022,183
2023-04-03,0.0,0.0,0,0.0,1.4,12.4,6.991666666666667,7.6,3.6625,-0.6780410325405235,2.505897104987711,63.666666666666664,301.1666666666667,600.0,27.5,1022.1708333333332,1020.5,-0.2125,-8.9,4.75,2.8,7.8,340.0682229119068,0.5483743010656389,0.0,0.0,0.0,0.0,0.0,0.0,,0.625,0,0,0.0,0.0,0.0,2.2399999999999998,28.91,1.0,674.24,4.116666666666561,3.7749999999998636,1.9672619047618127,0.7624999999999997,0.475,0.0,7.2041666666666675,10.3,-0.3409009955609467,0.9400992028640145,-0.3409009955609467,0.9400992028640145,-0.4316861240508,1.5954211568421761,7.0,16.0,,,0.0,6,0.0,0.0,0.6885555555555555,0.0,-0.0,21.975,-0.19583333333333286,93,4,2022,184
2023-04-04,0.0,0.0,0,0.0,3.0,15.2,9.208333333333334,5.9,3.9875000000000003,-1.7296179073715023,-0.18850051846858004,41.791666666666664,297.1666666666667,600.0,49.291666666666664,1023.8000000000001,1021.2,-4.570833333333334,-19.0,7.125,5.2,10.0,264.31981054282016,0.4207767273047216,0.0,0.0,0.0,0.0,0.0,0.0,,0.4583333333333333,0,0,0.0,0.0,0.0,2.2399999999999998,28.91,0.0,674.24,1.6291666666668334,6.654166666666697,3.51845238095234,2.375,0.7125,0.0,13.779166666666669,22.0,-0.995089851198481,-0.09897569419703423,-0.995089851198481,-0.09897569419703423,-0.7228361504556736,-0.0787775083433274,8.0,17.0,,,0.0,6,0.0,0.0,0.67075,0.0,-0.0,23.925,2.216666666666667,94,4,2022,185
2023-04-05,0.0,0.30000000000000004,0,0.0,5.9,13.1,9.1875,8.2,4.333333333333333,-0.16626794229694983,-3.3500920423347247,65.125,133.66666666666666,425.0,100.0,1022.2166666666667,1019.4,2.75,-0.5,6.441666666666666,4.8,8.3,190.39937525136602,0.67427767768172,0.0,0.0,0.0,0.0,0.0,0.0,,0.0,0,0,0.0,0.0,0.0,2.2399999999999998,28.91,0.0,674.24,-1.5833333333333712,4.162500000000023,1.962500000000091,-0.6833333333333336,0.6441666666666667,0.0,6.4375,6.4,-0.18050842045454707,-0.9835734391213523,-0.18050842045454707,-0.9835734391213523,-0.10828199742088858,-2.1817474425704897,9.0,18.0,,,0.0,6,0.0,0.0,0.5973055555555556,0.0,-0.0,26.0,-0.020833333333333925,95,4,2022,186
2023-04-06,0.0,14.8,0,0.0,5.8,11.1,8.129166666666666,7.9,5.1375,2.924550201696857,-4.075000290996102,95.0,95.58333333333333,372.0,99.625,1016.6166666666667,1013.7,7.375,4.7,8.695833333333333,6.4,9.4,145.46207251911417,0.9758744987214569,0.0,0.0,0.0,0.0,0.0,0.0,,0.0,0,0,0.0,0.0,0.0,2.2399999999999998,28.91,0.0,674.24,-5.600000000000023,-5.554166666666561,-3.1547619047618127,2.2541666666666664,0.8695833333333333,0.0,0.7541666666666664,1.0999999999999996,0.56695165088069,-0.8237510701441669,0.56695165088069,-0.8237510701441669,2.778322691612014,-3.8712502764462973,10.0,19.0,,,0.0,6,0.0,0.0,0.6270555555555556,0.0,-0.0,30.825000000000003,-1.0583333333333336,96,4,2022,187
2023-04-07,0.0,31.7,0,0.0,5.5,14.0,9.958333333333334,11.6,7.125,1.2926592929380034,-4.333713526594866,99.0,86.79166666666667,424.0,99.75,1008.8375,1004.2,9.804166666666667,5.2,5.55,1.9,11.2,166.72465706045412,0.5788402021759941,0.0,0.0,0.0,0.0,0.0,0.0,,0.0,0,0,0.0,0.0,0.0,2.2399999999999998,28.91,0.0,674.24,-7.779166666666697,-14.962500000000091,-9.568452380952294,-3.145833333333333,0.5549999999999999,0.0,0.15416666666666679,0.2999999999999998,0.2296309113984714,-0.9732777838470923,0.2296309113984714,-0.9732777838470923,1.2797327000086234,-4.290376391328917,11.0,20.0,,,0.0,6,0.0,0.0,0.6989722222222223,0.0,-0.0,42.75,1.8291666666666675,97,4,2022,188
2023-04-08,5.46,8.0,12,1.33,-0.7,8.8,4.483333333333333,16.9,6.75,-5.8002052063256295,2.5757640976256866,80.91666666666667,155.58333333333334,495.0,98.0,1009.0749999999999,1006.2,1.4333333333333333,-3.1,-3.8833333333333333,-7.4,2.9,293.8529064997848,0.9052269166229884,2.658333333333333,8.158333333333333,16.9,80.41666666666667,-6.541685133612387,3.949165453209917,308.2204052576237,0.0,0,6,5.459999999999993,5.459999999999993,5.46,7.35,34.370000000000005,0.0,679.7,0.23749999999995453,-13.141666666666765,-8.177976190476329,-9.433333333333334,-0.3883333333333333,3.8833333333333333,3.05,2.4000000000000004,-0.9145866470835737,0.4043899911921986,-0.7856366040386219,0.6186882303670093,-4.693332712785155,2.0842224489954515,0.0,21.0,1.0000000000000013,0.9999999999999987,92.27399999999999,0,0.8999403528645837,5.459999999999993,0.5690000000000001,44.5445,1.087555153462851,0.0,-5.4750000000000005,98,4,2022,189
2023-04-09,2.2399999999999998,3.2,6,0.7,-2.3,5.4,1.6208333333333333,10.5,6.858333333333333,-4.755230305684743,4.417779577678232,68.625,306.125,600.0,43.791666666666664,1018.5333333333333,1014.2,-3.8208333333333333,-8.7,-0.22916666666666666,-3.0,4.6,308.64235710479807,0.9195500555804567,-1.5,7.866666666666666,10.0,86.16666666666667,-3.599823804081607,6.961568936426976,332.99480953816084,0.5,0,6,7.699999999999992,7.699999999999992,7.699999999999999,7.77,35.35,0.0,681.9399999999999,9.458333333333371,1.9166666666666288,1.2119047619047478,3.654166666666667,-0.022916666666666665,0.22916666666666666,5.441666666666666,6.3999999999999995,-0.7810590428458424,0.6244571815494931,-0.4540712147356668,0.8909653932384107,-3.263276797276155,3.031701235181687,0.0,22.0,0.2909090909090912,0.9999999999999991,23.519999999999996,1,0.5806733333333333,7.699999999999992,0.5528333333333334,17.62133333333333,78.31116700462559,6.858333333333333,-2.8625,99,4,2022,190
2023-04-10,0.0,0.0,0,0.0,4.1,11.0,7.4125000000000005,7.2,3.7708333333333335,-3.009659253978904,-1.4545764690069414,44.958333333333336,314.375,600.0,13.125,1018.5416666666666,1016.3,-4.675,-14.7,5.45,3.7,9.1,238.49636055530402,0.815944323852872,0.0,0.0,0.0,0.0,0.0,0.0,,0.75,0,0,2.2399999999999927,7.699999999999992,7.699999999999999,7.699999999999999,35.35,0.0,681.9399999999999,0.008333333333325754,9.704166666666652,1.7386904761904134,5.679166666666667,0.545,0.0,12.0875,18.799999999999997,-0.8526069733721215,-0.5225527236147856,-0.8526069733721215,-0.5225527236147856,-1.353092639601349,-0.6539533375243708,1.0,23.0,0.0,0.9999999999999991,0.0,2,0.0,3.849999999999996,0.6038888888888888,0.0,-0.0,7.541666666666667,5.791666666666667,100,4,2022,191
2023-04-11,0.0,0.0,0,0.0,7.1,17.2,11.112499999999999,8.7,4.095833333333333,0.7049172976951533,-3.5380942541725076,55.666666666666664,299.9166666666667,600.0,41.041666666666664,1016.3458333333333,1013.4,2.4791666666666665,-3.4,9.529166666666667,6.2,14.2,184.54780412769583,0.7508464692560415,0.0,0.0,0.0,0.0,0.0,0.0,,0.4583333333333333,0,0,0.0,2.2399999999999927,7.699999999999999,7.699999999999999,35.35,0.0,681.9399999999999,-2.1958333333333258,7.270833333333371,0.6077380952381191,4.079166666666667,0.9529166666666666,0.0,8.633333333333333,10.5,-0.07929083575711977,-0.9968515252357983,-0.07929083575711977,-0.9968515252357983,0.3924039623836353,-1.9695391348226956,2.0,24.0,0.0,0.29090909090909,0.0,3,0.0,0.7466666666666643,0.7188333333333333,0.0,-0.0,12.2875,3.6999999999999984,101,4,2022,192
2023-04-12,0.0,10.1,0,0.0,2.5,12.3,7.808333333333334,7.1,5.004166666666666,-2.6968906552147556,0.255946336648475,87.125,95.95833333333333,299.0,94.58333333333333,1012.7791666666667,1010.5,5.783333333333334,0.4,1.0374999999999999,-2.4,6.9,268.7485569325217,0.5119142302680967,0.0,0.0,0.0,0.0,0.0,0.0,,0.0,0,0,0.0,0.0,7.699999999999999,7.699999999999999,27.580000000000002,0.0,681.9399999999999,-3.566666666666606,-5.754166666666606,-1.6107142857142662,-8.491666666666667,0.10374999999999998,0.0,2.0249999999999995,2.1,-0.9997614773270332,-0.02184006531281193,-0.9997614773270332,-0.02184006531281193,-2.3496659833558557,0.2229932458049838,3.0,25.0,,0.0,0.0,4,0.0,0.0,0.6277222222222223,0.0,-0.0,20.016666666666666,-3.3041666666666654,102,4,2022,193
2023-04-13,0.0,0.0,0,0.0,-0.6,14.3,6.745833333333334,7.6,4.925,-4.577123894619651,-0.017750989645230333,56.666666666666664,314.9583333333333,600.0,23.875,1018.1083333333332,1015.5,-2.216666666666667,-6.4,6.370833333333334,3.9,9.5,270.14377086199704,0.9300485145195678,0.0,0.0,0.0,0.0,0.0,0.0,,0.6666666666666666,1,0,0.0,0.0,7.699999999999999,7.699999999999999,27.580000000000002,1.0,681.9399999999999,5.329166666666538,-0.43333333333339397,3.505357142857065,5.333333333333334,0.6370833333333333,0.0,8.9625,5.800000000000001,-0.9999968517713642,0.002509272277020635,-0.9999968517713642,0.002509272277020635,-2.5937035402844684,-0.01005889413229719,4.0,26.0,,0.0,0.0,5,0.0,0.0,0.7166388888888889,0.0,-0.0,24.625,-1.0625,103,4,2022,194
2023-04-14,0.0,0.0,0,0.0,9.0,18.4,12.674999999999999,6.0,2.9333333333333336,-1.5740155845362802,-1.2104331096558925,52.25,256.4166666666667,600.0,75.33333333333333,1016.8458333333333,1014.9,2.4875000000000003,-6.3,8.204166666666667,4.3,11.6,233.23637795362802,0.58038470410791,0.0,0.0,0.0,0.0,0.0,0.0,,0.08333333333333333,0,0,0.0,0.0,7.699999999999999,7.699999999999999,27.580000000000002,1.0,681.9399999999999,-1.2624999999999318,0.5,1.0988095238094502,1.833333333333334,0.8204166666666668,0.0,10.187499999999998,15.3,-0.801111538636471,-0.5985150814002151,-0.801111538636471,-0.5985150814002151,-0.8224231429202064,-0.6324512997952038,5.0,27.0,,0.0,0.0,6,0.0,0.0,0.6784444444444445,0.0,-0.0,17.6,5.929166666666665,104,4,2022,195
2023-04-15,0.0,16.3,0,0.0,7.6,10.8,8.862499999999999,11.3,6.470833333333334,0.919909809342724,-5.474715710231558,92.66666666666667,67.29166666666667,235.0,100.0,1007.4708333333333,997.4,7.629166666666666,5.0,6.408333333333334,3.7,8.8,184.2098234290795,0.7475085087745871,0.0,0.0,0.0,0.0,0.0,0.0,,0.0,0,0,0.0,0.0,2.2399999999999998,7.699999999999999,27.580000000000002,1.0,681.9399999999999,-9.375,-5.308333333333394,-8.047023809523807,-1.7958333333333334,0.6408333333333334,0.0,1.2333333333333325,2.5999999999999996,-0.07340918679557813,-0.9973019057908251,-0.07340918679557813,-0.9973019057908251,0.852449756657591,-5.073236558147911,6.0,28.0,,0.0,0.0,6,0.0,0.0,0.5937500000000001,0.0,-0.0,38.825,-3.8125,105,4,2022,196
2023-04-16,0.0,5.7,0,0.0,4.8,12.8,8.808333333333334,10.5,5.4375,-5.169154560238864,1.3485658986759868,82.20833333333333,208.66666666666666,600.0,84.33333333333333,998.8541666666666,993.3,5.6625000000000005,0.6,2.3458333333333337,-1.1,7.1,286.38662231618764,0.9820408436117591,0.0,0.0,0.0,0.0,0.0,0.0,,0.0,0,0,0.0,0.0,0.0,7.699999999999999,27.44,1.0,681.9399999999999,-8.616666666666674,-19.254166666666606,-13.85238095238094,-4.0625,0.23458333333333337,0.0,3.145833333333333,4.2,-0.9593798707811739,0.28211746408171556,-0.9593798707811739,0.28211746408171556,-4.249475811396366,1.1086335492032173,7.0,29.0,,,0.0,6,0.0,0.0,0.6975833333333332,0.0,-0.0,32.625,-0.054166666666665364,106,4,2022,197
2023-04-17,3.7800000000000002,5.6,18,0.56,2.3,5.3,4.358333333333333,9.8,6.191666666666666,-2.6171750224562706,5.12106666885128,87.625,112.83333333333333,447.0,99.875,1014.1791666666667,1005.7,2.4541666666666666,-1.1,-0.9125,-2.8,3.6,329.0676369455307,0.900302253357905,4.572222222222222,6.861111111111111,9.8,87.72222222222223,-2.3667237295405394,6.313582155395684,340.17253199913057,0.0,0,18,3.779999999999993,3.779999999999993,3.7800000000000002,11.48,13.72,1.0,685.72,15.325000000000045,-2.6666666666666288,2.0958333333334167,-3.2583333333333337,-0.09125,0.9125,1.9041666666666668,3.4,-0.5140258410850153,0.8577746992636485,-0.33918894617947115,0.9407182674901449,-2.293299613427307,4.487334668580934,0.0,30.0,1.0000000000000018,0.9999999999999981,37.044000000000004,0,0.4689345572916668,3.779999999999993,0.4850833333333333,25.935,0.0,0.0,-4.45,107,4,2022,198
2023-04-18,5.6000000000000005,27.1,8,1.33,-5.5,9.5,4.375,5.0,3.125,-1.6405162830543176,-1.2314750710737814,82.375,82.5,413.0,94.29166666666667,1018.3083333333334,1012.5,1.4791666666666667,-7.2,5.054166666666666,1.7,8.4,229.48050342515896,0.5652295432013668,7.0125,2.6125000000000003,4.0,85.5,-0.9035494201327328,-1.7501619455379083,219.1295951677763,0.0,1,4,9.379999999999994,9.379999999999994,9.38,17.08,19.32,2.0,691.32,4.12916666666672,10.837500000000091,5.944642857142867,5.966666666666666,0.5054166666666666,0.0,2.895833333333333,1.7000000000000002,-0.7601849277728615,-0.6497067612292251,-0.6310765769514709,-0.7757205386111767,-1.3513752881659942,-1.0144275897970274,0.0,31.0,0.5970149253731348,0.9999999999999992,28.000000000000004,0,0.4045915234374995,9.379999999999994,0.5406944444444445,14.630000000000003,20.51998381013968,0.0,0.016666666666666607,108,4,2022,199
2023-04-19,0.21,7.0,1,0.21,3.6,18.8,12.362499999999999,8.6,3.7916666666666665,-2.9971501956015274,1.3630003335692455,78.08333333333333,282.1666666666667,600.0,70.70833333333333,1011.5875,1009.6,8.237499999999999,3.3,9.654166666666667,7.8,13.4,304.24040863938296,0.8178779096388004,7.8,1.9,1.9,91.0,0.7117525274902328,1.761649323676896,22.0,0.20833333333333334,0,1,5.809999999999993,9.589999999999995,9.590000000000002,17.29,19.53,2.0,691.53,-6.720833333333417,12.733333333333348,-0.6059523809523171,4.6000000000000005,0.9654166666666667,0.0,4.125,0.30000000000000027,-0.8266839515527824,0.5626665480060787,0.374606593415912,0.9271838545667874,-2.3402747777321924,1.064276093795319,0.0,32.0,0.021897810218978114,0.9999999999999992,1.8059999999999998,1,0.01127568750000001,9.589999999999995,0.7817222222222222,0.39899999999999997,0.0,3.7916666666666665,7.987499999999999,109,4,2022,200
2023-04-20,0.0,0.0,0,0.0,2.6,22.9,13.408333333333333,4.9,2.9375,-1.6534321206686136,-0.6602939340452536,72.95833333333333,310.75,600.0,25.916666666666668,1010.4499999999999,1007.8,8.012500000000001,-1.6,12.754166666666668,9.5,16.8,246.3208400939077,0.5767802408727889,0.0,0.0,0.0,0.0,0.0,0.0,,0.6666666666666666,0,0,0.2099999999999929,5.809999999999993,9.590000000000002,17.29,19.53,1.0,691.53,-1.1375000000000455,-3.7291666666667425,-0.6494047619048615,3.1000000000000014,1.0,0.0,5.395833333333332,4.2,-0.9158087325295117,-0.4016146977174633,-0.9158087325295117,-0.4016146977174633,-1.2063165180378093,-0.48173944938051627,1.0,33.0,0.0,0.6058394160583934,0.0,2,0.0,2.9049999999999967,0.7836944444444445,0.0,-0.0,5.875,1.0458333333333343,110,4,2022,201
2023-04-21,0.0,0.0,0,0.0,5.3,21.9,12.483333333333334,11.2,5.320833333333334,-3.1177664365117317,3.7867634331197446,85.79166666666667,272.1666666666667,600.0,95.25,1008.7166666666667,1005.0,9.833333333333334,5.3,3.8249999999999997,-2.1,11.7,307.51048920776617,0.8864777599095662,0.0,0.0,0.0,0.0,0.0,0.0,,0.0,0,0,0.0,0.2099999999999929,9.590000000000002,17.29,19.53,1.0,691.53,-1.7333333333332348,-9.591666666666697,-1.2214285714285325,-8.929166666666669,0.38249999999999995,0.0,2.6500000000000004,0.0,-0.7932418803049222,0.6089066589636802,-0.7932418803049222,0.6089066589636802,-2.6747837886573564,3.2487274619973148,2.0,34.0,0.0,0.021897810218977357,0.0,3,0.0,0.06999999999999763,0.80075,0.0,-0.0,15.962500000000002,-0.9249999999999989,111,4,2022,202
2023-04-22,0.0,0.0,0,0.0,2.2,9.7,5.6499999999999995,13.5,9.491666666666667,-4.479686274676415,8.333274265899252,68.04166666666667,315.7083333333333,600.0,47.875,1017.375,1013.2,-0.09583333333333337,-3.2,-0.39999999999999997,-3.1,3.6,330.70905920210697,0.996393604592269,0.0,0.0,0.0,0.0,0.0,0.0,,0.25,0,0,0.0,0.0,9.590000000000002,11.83,19.53,1.0,691.53,8.658333333333303,5.787500000000023,6.022023809523716,-4.225,-0.039999999999999994,0.39999999999999997,5.745833333333333,5.4,-0.48924456022673996,0.8721466392118609,-0.48924456022673996,0.8721466392118609,-3.0480532027277447,5.670098698422283,3.0,35.0,,0.0,0.0,4,0.0,0.0,0.6528333333333333,0.0,-0.0,37.96666666666667,-6.833333333333335,112,4,2022,203
2023-04-23,0.0,0.0,0,0.0,0.2,10.6,5.1499999999999995,13.0,8.004166666666666,-3.95982632736591,6.897171387766179,57.625,294.9166666666667,600.0,71.08333333333333,1022.9541666666668,1021.0,-3.4291666666666667,-9.9,-0.33749999999999997,-3.3,4.0,328.9148751665154,0.9933378963629279,0.0,0.0,0.0,0.0,0.0,0.0,,0.16666666666666666,0,0,0.0,0.0,9.590000000000002,9.590000000000002,19.53,1.0,691.53,5.579166666666765,12.504166666666833,8.158333333333417,0.0625,-0.033749999999999995,0.33749999999999997,8.579166666666666,10.1,-0.5163110068591521,0.8564011584509262,-0.5163110068591521,0.8564011584509262,-2.2818499211446057,3.974495012200261,4.0,36.0,,0.0,0.0,5,0.0,0.0,0.62425,0.0,-0.0,40.02083333333333,-0.5,113,4,2022,204
2023-04-24,0.0,0.0,0,0.0,0.6,9.7,5.2625,9.1,5.45,-2.1473249615806793,4.920523284924757,45.958333333333336,219.41666666666666,600.0,82.5,1024.8458333333333,1022.7,-6.104166666666667,-10.3,0.7625000000000001,-1.4,5.1,338.1248246052305,0.9781743359900171,0.0,0.0,0.0,0.0,0.0,0.0,,0.08333333333333333,0,0,0.0,0.0,5.8100000000000005,9.590000000000002,19.18,1.0,691.53,1.8916666666665378,16.129166666666606,8.52619047619055,1.1,0.07625000000000001,0.0,11.366666666666667,10.9,-0.3725857429476778,0.9279977716310136,-0.3725857429476778,0.9279977716310136,-0.9868747635931205,2.261390493030003,5.0,37.0,,0.0,0.0,6,0.0,0.0,0.5150277777777778,0.0,-0.0,32.7,0.11250000000000071,114,4,2022,205
2023-04-25,0.0,15.2,0,0.0,1.5,13.1,7.470833333333334,14.1,7.666666666666667,2.9130004504260323,-6.290813182434273,71.33333333333333,201.5,600.0,74.5,1021.4625,1018.2,2.125,-5.1,4.620833333333334,2.2,8.6,153.2653554899337,0.762992341410193,0.0,0.0,0.0,0.0,0.0,0.0,,0.16666666666666666,0,0,0.0,0.0,0.21,9.590000000000002,17.36,0.0,691.53,-3.3833333333333258,4.087499999999977,4.692261904761949,3.8583333333333334,0.46208333333333335,0.0,5.345833333333334,6.6,0.4498591030743095,-0.8930995394586081,0.4498591030743095,-0.8930995394586081,2.077940321303903,-4.487446736803115,6.0,38.0,,0.0,0.0,6,0.0,0.0,0.6632222222222222,0.0,-0.0,46.0,2.208333333333334,115,4,2022,206
2023-04-26,0.0,30.900000000000002,0,0.0,5.7,12.0,8.154166666666667,14.0,8.887500000000001,-0.22456550251718624,-2.507678699729446,98.375,65.29166666666667,310.0,100.0,1009.5083333333333,1004.9,7.925,5.5,2.1333333333333333,0.0,4.9,235.25081718198487,0.1847995161404445,0.0,0.0,0.0,0.0,0.0,0.0,,0.0,0,0,0.0,0.0,0.0,9.590000000000002,17.290000000000003,0.0,691.53,-11.954166666666652,-13.44583333333344,-6.964880952381009,-2.4875000000000003,0.21333333333333332,0.0,0.22916666666666696,0.20000000000000018,-0.8216550674466683,-0.5699850437855463,-0.8216550674466683,-0.5699850437855463,-0.22091631310128196,-2.4669289208588423,7.0,39.0,,,0.0,6,0.0,0.0,0.6381111111111112,0.0,-0.0,53.325,0.6833333333333327,116,4,2022,207
2023-04-27,1.26,2.3,4,0.56,4.9,16.3,9.416666666666666,7.7,4.3625,-2.5430920141378395,1.7457980021347366,72.04166666666667,303.7916666666667,600.0,39.041666666666664,1018.8458333333333,1012.6,3.9583333333333335,1.8,6.858333333333333,3.1,10.0,301.9466139438002,0.5792525876645487,5.1,4.7,5.5,95.75,-2.509627585913329,3.9399269554909724,327.7546314549382,0.625,0,4,1.259999999999993,1.259999999999993,1.26,10.850000000000001,18.55,0.0,692.79,9.337499999999977,-6.0,1.1732142857141525,4.725,0.6858333333333333,0.0,5.458333333333332,3.1000000000000005,-0.8485414868300439,0.529128854938245,-0.53354615049302,0.8457709532101937,-1.8320858718518018,1.2577019773712332,0.0,40.0,1.0000000000000056,0.9999999999999943,9.702,0,0.14528193749999993,1.259999999999993,0.7760000000000001,5.922000000000001,0.0,0.0,1.2624999999999993,117,4,2022,208
2023-04-28,0.0,0.0,0,0.0,7.7,21.7,14.666666666666666,7.4,2.983333333333333,-0.5254133474264931,-2.082779750109345,55.291666666666664,315.8333333333333,600.0,24.333333333333332,1020.7208333333333,1018.0,5.441666666666666,-3.5,11.095833333333333,8.6,14.7,203.96034115169658,0.588787548966142,0.0,0.0,0.0,0.0,0.0,0.0,,0.75,0,0,1.259999999999993,1.259999999999993,1.26,10.850000000000001,18.55,0.0,692.79,1.875,-0.7416666666666742,1.3333333333333712,4.2375,1.0,0.0,9.225,11.2,-0.4061042100974271,-0.9138267727207081,-0.4061042100974271,-0.9138267727207081,-0.29050979668123184,-1.1516036368312919,1.0,41.0,0.0,0.9999999999999943,0.0,1,0.0,0.6299999999999965,0.7281944444444445,0.0,-0.0,2.983333333333333,5.25,118,4,2022,209
2023-04-29,0.0,5.1,0,0.0,9.6,20.2,14.433333333333332,10.7,6.8374999999999995,1.5662189495838712,-5.622139452163751,70.20833333333333,298.5,600.0,82.20833333333333,1013.6541666666667,1008.1,8.616666666666667,2.8,12.079166666666666,7.1,15.8,169.44852140084683,0.837443293168091,0.0,0.0,0.0,0.0,0.0,0.0,,0.16666666666666666,0,0,0.0,1.259999999999993,1.26,10.850000000000001,18.55,0.0,692.79,-7.066666666666606,4.145833333333371,-5.201785714285734,0.9833333333333325,1.0,0.0,5.816666666666665,6.8,0.18311887788722175,-0.9830907773757848,0.18311887788722175,-0.9830907773757848,1.0996162208536762,-3.9472104070399663,2.0,42.0,0.0,0.9999999999999943,0.0,2,0.0,0.41999999999999765,0.7663611111111112,0.0,-0.0,13.674999999999999,-0.23333333333333428,119,4,2022,210
2023-04-30,0.0,32.699999999999996,0,0.0,4.6,16.5,12.366666666666667,7.2,4.695833333333334,-3.19807042896294,-0.5997478691077253,87.625,127.375,579.0,97.20833333333333,1006.0375,1002.6,10.208333333333334,3.3,5.5,2.3,10.3,261.1682938643438,0.6738560012987606,0.0,0.0,0.0,0.0,0.0,0.0,,0.0,0,0,0.0,0.0,1.26,10.850000000000001,18.55,0.0,692.79,-7.616666666666674,-12.80833333333328,-10.401785714285666,-6.579166666666666,0.55,0.0,2.158333333333333,1.2999999999999998,-0.9881435713799525,-0.15353267515572327,-0.9881435713799525,-0.15353267515572327,-2.8023092133787757,-0.5255290703056442,3.0,43.0,,0.0,0.0,3,0.0,0.0,0.7103333333333334,0.0,-0.0,14.087500000000002,-2.0666666666666647,120,4,2022,211
2023-05-01,0.0,3.6,0,0.0,2.7,15.7,8.700000000000001,8.6,4.808333333333334,-3.6211931604582404,0.8784995831468358,69.83333333333333,279.3333333333333,600.0,53.75,1013.0875,1010.4,3.0,-1.8,2.766666666666667,-1.2,10.0,280.897878923026,0.7549327259726595,0.0,0.0,0.0,0.0,0.0,0.0,,0.25,0,0,0.0,0.0,1.26,7.069999999999999,18.55,0.0,692.79,7.0499999999999545,-7.633333333333326,-1.6720238095236937,-2.733333333333333,0.2766666666666667,0.0,5.700000000000001,4.5,-0.9819657122946819,0.1890590909678716,-0.9819657122946819,0.1890590909678716,-2.528799890386671,0.6134855422308737,4.0,44.0,,0.0,0.0,4,0.0,0.0,0.7523333333333332,0.0,-0.0,19.233333333333334,-3.666666666666666,121,5,2022,212
2023-05-02,0.0,0.0,0,0.0,3.9,12.0,7.658333333333334,15.1,8.366666666666665,-4.874699025354166,6.05869953535527,73.0,303.875,600.0,44.666666666666664,1024.0249999999999,1019.8,2.8125,0.5,5.670833333333333,2.1,10.1,316.72452977075955,0.9063447619246924,0.0,0.0,0.0,0.0,0.0,0.0,,0.4583333333333333,0,0,0.0,0.0,1.26,1.47,18.55,0.0,692.79,10.937499999999886,10.370833333333167,8.899404761904634,2.9041666666666663,0.5670833333333334,0.0,4.845833333333334,3.4,-0.6855067121802689,0.7280663071148108,-0.6855067121802689,0.7280663071148108,-3.5585302885085417,4.422850660809347,5.0,45.0,,0.0,0.0,5,0.0,0.0,0.7125833333333333,0.0,-0.0,41.83333333333333,-1.041666666666667,122,5,2022,213
2023-05-03,0.0,0.0,0,0.0,2.7,20.4,13.174999999999999,5.6,3.0500000000000003,-1.9361533946495768,-0.7020088238573895,55.833333333333336,291.5416666666667,600.0,75.875,1024.3666666666666,1022.5,3.6958333333333333,-6.2,10.045833333333333,8.1,13.2,246.2872248595757,0.5000898250870118,0.0,0.0,0.0,0.0,0.0,0.0,,0.0,0,0,0.0,0.0,1.26,1.26,18.55,0.0,692.79,0.341666666666697,18.329166666666538,7.1184523809523625,4.374999999999999,1.0,0.0,9.479166666666666,8.9,-0.9155729489817904,-0.40215193036063845,-0.9155729489817904,-0.40215193036063845,-1.0810189786793472,-0.3919549266537091,6.0,46.0,,0.0,0.0,6,0.0,0.0,0.7138055555555556,0.0,-0.0,18.3,5.516666666666665,123,5,2022,214
2023-05-04,0.0,0.0,0,0.0,3.2,22.0,12.816666666666668,5.8,2.970833333333333,-0.7176782148550589,-1.1558585893899107,71.45833333333333,335.4583333333333,600.0,24.041666666666668,1020.5458333333332,1017.6,6.8999999999999995,0.9,11.945833333333333,9.8,15.0,210.61598113070804,0.3923594715770351,0.0,0.0,0.0,0.0,0.0,0.0,,0.7083333333333334,0,0,0.0,0.0,0.0,1.26,18.55,0.0,692.79,-3.8208333333333258,7.4583333333332575,3.05476190476179,1.9000000000000004,1.0,0.0,5.916666666666669,2.3000000000000003,-0.509281476994834,-0.8606000099871952,-0.509281476994834,-0.8606000099871952,-0.5128408910318442,-0.825957283668207,7.0,47.0,,,0.0,6,0.0,0.0,0.7951666666666667,0.0,-0.0,17.825,-0.35833333333333073,124,5,2022,215
2023-05-05,0.0,0.0,0,0.0,5.8,24.1,15.408333333333333,10.0,4.4750000000000005,0.3342648579395839,-3.3120515012862204,69.45833333333333,294.3333333333333,600.0,96.29166666666667,1014.5666666666666,1011.5,9.25,4.7,15.254166666666668,13.5,18.2,185.51707484975404,0.6452649134803297,0.0,0.0,0.0,0.0,0.0,0.0,,0.0,0,0,0.0,0.0,0.0,1.26,18.55,0.0,692.79,-5.979166666666629,-9.458333333333258,-2.045238095238119,3.3083333333333353,1.0,0.0,6.158333333333333,1.0999999999999996,-0.09614238861749648,-0.9953675909486517,-0.09614238861749648,-0.9953675909486517,0.2321747992438693,-2.300495771935054,8.0,48.0,,,0.0,6,0.0,0.0,0.7610833333333332,0.0,-0.0,26.85,2.591666666666665,125,5,2022,216
2023-05-06,0.0,12.5,0,0.0,13.0,22.0,17.004166666666666,7.4,3.841666666666667,2.464932801441653,-2.550198516138742,83.375,146.5,483.0,100.0,1008.75,1006.8,14.070833333333333,8.7,13.1625,11.1,18.3,136.5847856733779,0.8975952412239102,0.0,0.0,0.0,0.0,0.0,0.0,,0.0,0,0,0.0,0.0,0.0,1.26,18.55,0.0,692.79,-5.816666666666606,-15.61666666666656,-7.1613095238093365,-2.0916666666666686,1.0,0.0,2.9333333333333336,4.300000000000001,0.6872804212840788,-0.7263921960756319,0.6872804212840788,-0.7263921960756319,2.0551377232019785,-2.1262280128306763,9.0,49.0,,,0.0,6,0.0,0.0,0.7089166666666666,0.0,-0.0,23.05,1.5958333333333332,126,5,2022,217
2023-05-07,0.0,64.0,0,0.0,13.0,16.7,15.2875,8.1,3.6291666666666664,1.1775798563772322,-1.5272016837929627,98.58333333333333,50.541666666666664,223.0,100.0,1006.1666666666666,1002.2,15.075000000000001,12.9,9.025,2.8,12.2,135.49070840959618,0.39805182712205683,0.0,0.0,0.0,0.0,0.0,0.0,,0.0,0,0,0.0,0.0,0.0,1.26,18.55,0.0,692.79,-2.5833333333333712,-14.379166666666606,-9.763095238095275,-4.137499999999999,0.9025000000000001,0.0,0.21249999999999858,0.09999999999999964,0.701024922084575,-0.7131367741298408,0.701024922084575,-0.7131367741298408,1.1608974750785546,-1.5055663266058956,10.0,50.0,,,0.0,6,0.0,0.0,0.6956388888888889,0.0,-0.0,21.775,-1.7166666666666668,127,5,2022,218
2023-05-08,1.4700000000000002,36.5,4,0.56,1.9,13.1,7.991666666666666,16.6,9.275,-4.16995944733462,7.663288106270225,92.79166666666667,125.0,422.0,95.75,1008.8291666666668,999.2,6.829166666666667,0.0,2.595833333333333,1.2,6.6,330.7706063823256,0.8042417405161177,7.35,14.225000000000001,16.6,97.75,-6.230274745224379,12.770627231388366,333.74929985650147,0.0,0,4,1.469999999999993,1.469999999999993,1.4700000000000002,2.7300000000000004,14.56,0.0,694.26,2.6625000000001364,-5.737499999999841,-6.49226190476179,-6.429166666666667,0.25958333333333333,0.0,1.1624999999999996,1.9,-0.4883074173956435,0.8726716828890444,-0.4422996497998346,0.8968673367822823,-3.8693748705059168,7.110892755276581,0.0,51.0,1.0000000000000049,0.9999999999999951,24.402000000000005,0,0.08007078515624991,1.469999999999993,0.68375,20.910750000000004,0.0,0.0,-7.295833333333333,128,5,2022,219
2023-05-09,0.0,0.0,0,0.0,1.4,18.5,10.645833333333334,5.6,3.4875000000000003,0.10444251312216125,-1.0043524134042643,59.25,328.625,600.0,55.0,1015.1083333333332,1012.5,2.3958333333333335,-5.1,8.0375,5.2,11.5,205.37080991189512,0.1890990957442199,0.0,0.0,0.0,0.0,0.0,0.0,,0.3333333333333333,0,0,1.469999999999993,1.469999999999993,1.4700000000000002,2.7300000000000004,12.32,0.0,694.26,6.27916666666647,6.358333333333235,1.060714285714198,5.441666666666666,0.80375,0.0,8.25,6.5,-0.42847486171688404,-0.9035537022649496,-0.42847486171688404,-0.9035537022649496,0.06188218902488054,-0.5950788049420266,1.0,52.0,0.0,0.9999999999999951,0.0,1,0.0,0.7349999999999965,0.7499166666666666,0.0,-0.0,3.4875000000000003,2.6541666666666677,129,5,2022,220
2023-05-10,0.0,0.0,0,0.0,3.8,17.4,10.825000000000001,9.7,5.829166666666667,-3.386853159816542,4.384296395103289,68.08333333333333,344.2083333333333,600.0,38.875,1015.7541666666666,1014.5,4.575,0.7,6.383333333333333,3.0,11.0,314.2806083819066,0.9139005005614783,0.0,0.0,0.0,0.0,0.0,0.0,,0.5833333333333334,0,0,0.0,1.469999999999993,1.4700000000000002,2.7300000000000004,12.32,0.0,694.26,0.6458333333333712,9.587499999999977,2.936904761904657,-1.6541666666666668,0.6383333333333333,0.0,6.250000000000001,3.0999999999999996,-0.7159290696743777,0.6981730209591173,-0.7159290696743777,0.6981730209591173,-2.305882526308429,2.984975128999489,2.0,53.0,0.0,0.9999999999999951,0.0,2,0.0,0.4899999999999977,0.7897500000000001,0.0,-0.0,11.658333333333333,0.17916666666666714,130,5,2022,221
2023-05-11,0.0,0.2,0,0.0,4.5,14.9,9.975,9.2,4.633333333333334,-2.5940931271565226,3.2541295512029804,64.95833333333333,340.625,600.0,11.041666666666666,1019.2166666666667,1017.9,3.4125,-0.3,4.2625,1.7,7.5,324.0407640744177,0.8396526603036613,0.0,0.0,0.0,0.0,0.0,0.0,,0.875,0,0,0.0,0.0,1.4700000000000002,1.4700000000000002,12.32,0.0,694.26,3.462500000000091,10.387499999999932,6.589285714285779,-2.1208333333333327,0.42625,0.0,6.5625,4.8,-0.58720951442791,0.8094349795785565,-0.58720951442791,0.8094349795785565,-1.6850796605154243,2.113828320968936,3.0,54.0,,0.0,0.0,3,0.0,0.0,0.7747222222222222,0.0,-0.0,13.900000000000002,-0.8500000000000014,131,5,2022,222
2023-05-12,0.0,0.0,0,0.0,6.8,18.2,11.883333333333333,6.6,3.654166666666667,0.9345409035699469,-1.4089920906011262,64.875,328.5416666666667,600.0,61.666666666666664,1020.0124999999999,1017.2,5.108333333333333,-0.6,7.7875000000000005,5.4,10.5,149.61894771611387,0.33672146513930257,0.0,0.0,0.0,0.0,0.0,0.0,,0.375,0,0,0.0,0.0,1.4700000000000002,1.4700000000000002,12.32,0.0,694.26,0.7958333333332348,4.904166666666697,6.60714285714289,3.5250000000000004,0.77875,0.0,6.7749999999999995,7.3999999999999995,0.5057485031578632,-0.8626809674228247,0.5057485031578632,-0.8626809674228247,0.606283411191003,-0.9140836187774807,4.0,55.0,,0.0,0.0,4,0.0,0.0,0.7686111111111112,0.0,-0.0,14.616666666666667,1.9083333333333332,132,5,2022,223
2023-05-13,0.0,6.3,0,0.0,7.5,16.8,11.704166666666666,5.6,4.195833333333334,2.185325278258853,-2.990517826691247,82.875,187.25,600.0,98.45833333333333,1019.4666666666667,1017.1,8.691666666666666,5.0,6.891666666666667,5.7,10.1,142.9801048066832,0.859222954841209,0.0,0.0,0.0,0.0,0.0,0.0,,0.0,0,0,0.0,0.0,1.4700000000000002,1.4700000000000002,12.32,0.0,694.26,-0.5458333333332348,3.712500000000091,4.530357142857156,-0.8958333333333339,0.6891666666666667,0.0,3.0124999999999993,2.5,0.6020923023671396,-0.7984264896847029,0.6020923023671396,-0.7984264896847029,1.8110883243570246,-2.478391648870371,5.0,56.0,,0.0,0.0,5,0.0,0.0,0.7344166666666667,0.0,-0.0,20.979166666666668,-0.17916666666666714,133,5,2022,224
2023-05-14,0.0,10.7,0,0.0,9.7,13.5,11.216666666666667,16.1,9.970833333333333,5.185482547343022,-8.341600295420927,94.375,130.41666666666666,485.0,100.0,1015.0041666666666,1012.3,10.308333333333334,9.2,6.629166666666666,5.8,8.8,147.883803512054,0.9794562693515942,0.0,0.0,0.0,0.0,0.0,0.0,,0.0,0,0,0.0,0.0,1.4700000000000002,1.4700000000000002,12.32,0.0,694.26,-4.462500000000091,-4.212500000000091,-1.1946428571428669,-0.2625000000000002,0.6629166666666666,0.0,0.9083333333333332,0.5,0.5316380244375821,-0.846971670702217,0.5316380244375821,-0.846971670702217,4.893799154054977,-7.872385278803499,6.0,57.0,,0.0,0.0,6,0.0,0.0,0.7015277777777778,0.0,-0.0,59.825,-0.48749999999999893,134,5,2022,225
2023-05-15,0.0,7.6,0,0.0,7.3,16.0,11.666666666666666,7.1,3.983333333333333,0.33954477197614324,-1.1499069271325713,94.29166666666667,130.79166666666666,572.0,95.66666666666667,1012.0333333333333,1010.1,10.725,7.2,7.483333333333333,5.2,10.4,182.62147395414655,0.2358829393814366,0.0,0.0,0.0,0.0,0.0,0.0,,0.0,0,0,0.0,0.0,0.0,1.4700000000000002,12.32,0.0,694.26,-2.970833333333303,-7.979166666666629,-4.623214285714198,0.854166666666667,0.7483333333333333,0.0,0.9416666666666664,0.09999999999999964,-0.04573739031634678,-0.9989534979802864,-0.04573739031634678,-0.9989534979802864,0.32016242457583843,-1.0842664067087537,7.0,58.0,,,0.0,6,0.0,0.0,0.7348333333333333,0.0,-0.0,23.9,0.4499999999999993,135,5,2022,226
2023-05-16,0.0,0.0,0,0.0,4.2,20.9,13.841666666666667,9.2,4.958333333333333,-2.353703325883702,3.271363790133623,72.58333333333333,336.0833333333333,600.0,22.375,1013.3291666666668,1011.9,8.4125,3.8,12.520833333333334,9.9,16.2,317.5615827192087,0.701126763410625,0.0,0.0,0.0,0.0,0.0,0.0,,0.7083333333333334,0,0,0.0,0.0,0.0,1.4700000000000002,12.32,0.0,694.26,1.2958333333334622,-6.137499999999932,-3.07321428571413,5.0375000000000005,1.0,0.0,5.429166666666667,0.40000000000000036,-0.6747973762125273,0.7380030494901013,-0.6747973762125273,0.7380030494901013,-1.7083963307039205,2.3744648843386544,8.0,59.0,,,0.0,6,0.0,0.0,0.7993333333333332,0.0,-0.0,29.75,2.1750000000000007,136,5,2022,227
2023-05-17,0.0,0.0,0,0.0,9.4,25.8,17.8875,8.2,4.725,-4.152032097588954,1.7804340388131934,64.75,344.2083333333333,600.0,0.0,1016.375,1015.1,10.566666666666666,4.3,16.625,15.0,19.1,290.9219922917305,0.9450252858319217,0.0,0.0,0.0,0.0,0.0,0.0,,1.0,0,0,0.0,0.0,0.0,1.4700000000000002,8.54,0.0,694.26,3.045833333333235,1.370833333333394,-0.11607142857144481,4.104166666666666,1.0,0.0,7.320833333333333,5.1000000000000005,-0.934067475940725,0.3570965561157418,-0.934067475940725,0.3570965561157418,-2.688440783188848,1.1528310401315427,9.0,60.0,,,0.0,6,0.0,0.0,0.778638888888889,0.0,-0.0,28.349999999999998,4.0458333333333325,137,5,2022,228
2023-05-18,0.0,0.0,0,0.0,12.7,26.8,19.495833333333334,11.9,5.045833333333333,0.17909437543472317,-2.4366994309198002,60.958333333333336,309.0416666666667,600.0,64.5,1016.5708333333333,1013.9,11.1625,2.8,14.987499999999999,9.2,20.6,225.22607655132052,0.34214477437686747,0.0,0.0,0.0,0.0,0.0,0.0,,0.2916666666666667,0,0,0.0,0.0,0.0,1.4700000000000002,2.9400000000000004,0.0,694.26,0.19583333333332575,4.537500000000023,0.4577380952380281,-1.637500000000001,1.0,0.0,8.333333333333334,9.899999999999999,-0.7098913573408115,-0.7043111959729308,-0.7098913573408115,-0.7043111959729308,0.10917294635875001,-1.4853713614315283,10.0,61.0,,,0.0,6,0.0,0.0,0.7425555555555556,0.0,-0.0,30.275,1.6083333333333343,138,5,2022,229
2023-05-19,0.0,12.9,0,0.0,10.3,18.2,13.391666666666666,8.5,4.129166666666666,1.293074154346202,-2.8952090348618245,85.83333333333333,60.125,234.0,100.0,1012.5916666666667,1009.6,10.845833333333333,6.6,9.316666666666666,7.4,12.8,168.02236478996403,0.5570377878124438,0.0,0.0,0.0,0.0,0.0,0.0,,0.0,0,0,0.0,0.0,0.0,1.4700000000000002,2.7300000000000004,0.0,694.26,-3.9791666666666288,-0.7375000000000682,-2.4613095238095184,-5.6708333333333325,0.9316666666666666,0.0,2.5458333333333325,3.700000000000001,0.20752986561537917,-0.9782286823016705,0.20752986561537917,-0.9782286823016705,1.1098886491471567,-2.4850544215897323,11.0,62.0,,,0.0,6,0.0,0.0,0.6595277777777778,0.0,-0.0,24.775,-6.104166666666668,139,5,2022,230
2023-05-20,0.0,0.0,0,0.0,8.9,23.2,16.3875,9.2,5.104166666666667,1.401881416103838,-2.9846354384599505,84.20833333333333,322.2916666666667,600.0,71.08333333333333,1009.1125000000001,1007.8,13.304166666666667,8.8,13.341666666666667,10.5,15.9,170.2540025282196,0.4548404698855677,0.0,0.0,0.0,0.0,0.0,0.0,,0.08333333333333333,0,0,0.0,0.0,0.0,1.4700000000000002,2.7300000000000004,0.0,694.26,-3.4791666666666288,-7.262499999999932,-4.461309523809405,4.025,1.0,0.0,3.083333333333332,0.09999999999999964,0.1692806551546839,-0.9855678869516807,0.1692806551546839,-0.9855678869516807,1.1805009758107736,-2.51331175880315,12.0,63.0,,,0.0,6,0.0,0.0,0.8288888888888888,0.0,-0.0,30.625,2.9958333333333336,140,5,2022,231
2023-05-21,0.0,0.1,0,0.0,14.4,25.7,19.204166666666666,5.1,3.0625,-1.0054759874635508,-1.6742088455181692,79.58333333333333,315.75,600.0,98.25,1008.4541666666668,1005.3,14.954166666666666,13.2,13.754166666666668,10.7,18.2,214.15255650948689,0.5717016269866232,0.0,0.0,0.0,0.0,0.0,0.0,,0.0,0,0,0.0,0.0,0.0,1.4700000000000002,2.7300000000000004,0.0,694.26,-0.658333333333303,-8.11666666666656,-4.18392857142851,0.4125000000000014,1.0,0.0,4.25,1.200000000000001,-0.5613983251999237,-0.8275457210708788,-0.5613983251999237,-0.8275457210708788,-0.8001913066897424,-1.3323912062248764,13.0,64.0,,,0.0,6,0.0,0.0,0.8091111111111111,0.0,-0.0,18.375,2.8166666666666664,141,5,2022,232
2023-05-22,0.0,6.7,0,0.0,12.4,22.8,16.6125,9.6,3.775,-2.115372295661137,2.020614223223943,83.45833333333333,224.58333333333334,600.0,100.0,1006.8125,1005.0,13.429166666666667,11.4,9.145833333333334,4.8,15.0,307.59374932827996,0.7055687086321731,0.0,0.0,0.0,0.0,0.0,0.0,,0.0,0,0,0.0,0.0,0.0,0.0,2.7300000000000004,0.0,694.26,-1.6416666666667652,-5.779166666666697,-5.079761904761995,-4.608333333333334,0.9145833333333334,0.0,3.1833333333333336,1.0,-0.792356202306104,0.6100587255888144,-0.792356202306104,0.6100587255888144,-1.7654544617538575,1.6863709537989822,14.0,65.0,,,0.0,6,0.0,0.0,0.76125,0.0,-0.0,22.65,-2.591666666666665,142,5,2022,233
2023-05-23,0.0,11.6,0,0.0,8.0,14.7,11.808333333333332,9.7,5.516666666666667,-0.39474309941758906,4.7930246767690745,88.20833333333333,157.79166666666666,600.0,91.625,1005.1041666666666,1002.9,9.795833333333333,6.4,4.004166666666666,1.2,7.4,2.588997726310004,0.6902429668489997,0.0,0.0,0.0,0.0,0.0,0.0,,0.0,0,0,0.0,0.0,0.0,0.0,2.7300000000000004,0.0,694.26,-1.7083333333333712,-4.008333333333439,-5.613095238095184,-5.1416666666666675,0.40041666666666664,0.0,2.0124999999999993,1.5999999999999996,0.04517115907024407,0.9989792622413394,0.04517115907024407,0.9989792622413394,-0.34819630894459835,4.227847183633387,15.0,66.0,,,0.0,6,0.0,0.0,0.7258888888888889,0.0,-0.0,33.1,-4.804166666666669,143,5,2022,234
2023-05-24,0.0,2.8,0,0.0,6.8,14.2,10.125,11.6,7.4750000000000005,-2.7611059729953187,6.203669595988704,80.08333333333333,255.33333333333334,600.0,66.91666666666667,1013.6458333333334,1007.8,6.608333333333333,5.6,7.0,4.7,9.7,330.4155189193954,0.7778853540056315,0.0,0.0,0.0,0.0,0.0,0.0,,0.2916666666666667,0,0,0.0,0.0,0.0,0.0,2.7300000000000004,0.0,694.26,8.541666666666742,5.191666666666606,3.318452380952408,2.9958333333333336,0.7,0.0,3.5166666666666666,1.2000000000000002,-0.49370634034142397,0.8696286848458243,-0.49370634034142397,0.8696286848458243,-2.2111857000404176,4.968105401454287,16.0,67.0,,,0.0,6,0.0,0.0,0.7527222222222223,0.0,-0.0,44.85,-1.6833333333333318,144,5,2022,235
2023-05-25,0.0,0.0,0,0.0,8.4,18.0,13.387500000000001,7.4,5.141666666666667,2.240173608713996,-3.913809467736451,67.08333333333333,216.83333333333334,600.0,94.58333333333333,1021.6416666666668,1018.5,6.9375,-1.8,9.641666666666667,7.2,12.4,152.72306955889732,0.8660384445184243,0.0,0.0,0.0,0.0,0.0,0.0,,0.0,0,0,0.0,0.0,0.0,0.0,2.7300000000000004,0.0,694.26,7.995833333333394,14.829166666666765,10.589880952381009,2.6416666666666675,0.9641666666666667,0.0,6.450000000000001,10.200000000000001,0.45829172468707263,-0.8888018311656138,0.45829172468707263,-0.8888018311656138,1.5027831291789724,-2.625513851273203,17.0,68.0,,,0.0,6,0.0,0.0,0.7014999999999999,0.0,-0.0,30.85,3.262500000000001,145,5,2022,236
2023-05-26,0.0,3.1,0,0.0,12.0,15.8,13.779166666666667,7.9,4.4375,2.254921642401015,-3.184395121504035,91.70833333333333,90.04166666666667,284.0,100.0,1024.1916666666666,1023.0,12.433333333333332,11.0,9.945833333333333,9.2,11.2,142.97407035586346,0.7529524001212655,0.0,0.0,0.0,0.0,0.0,0.0,,0.0,0,0,0.0,0.0,0.0,0.0,2.7300000000000004,0.0,694.26,2.549999999999841,19.087499999999977,11.482738095238005,0.30416666666666536,0.9945833333333333,0.0,1.345833333333335,1.0,0.6021763901321712,-0.7983630722718751,0.6021763901321712,-0.7983630722718751,2.067951056218597,-2.9203556926793253,18.0,69.0,,,0.0,6,0.0,0.0,0.6990555555555554,0.0,-0.0,26.625,0.3916666666666657,146,5,2022,237
2023-05-27,0.0,2.0,0,0.0,12.7,21.2,16.916666666666668,8.9,3.716666666666667,1.5916969168168045,-2.8414305412929592,86.41666666666667,172.83333333333334,600.0,100.0,1023.4333333333334,1021.7,14.475,12.6,12.737499999999999,10.5,15.1,161.80071466165103,0.780070617401238,0.0,0.0,0.0,0.0,0.0,0.0,,0.0,0,0,0.0,0.0,0.0,0.0,1.4700000000000002,0.0,694.26,-0.7583333333332121,9.787500000000023,8.678571428571445,2.791666666666666,1.0,0.0,2.441666666666668,0.09999999999999964,0.31232306929763737,-0.9499759472662996,0.31232306929763737,-0.9499759472662996,1.3754914189491885,-2.455469559433999,19.0,70.0,,,0.0,6,0.0,0.0,0.7366111111111112,0.0,-0.0,22.3,3.137500000000001,147,5,2022,238
2023-05-28,0.0,2.8,0,0.0,15.1,22.4,17.854166666666668,5.6,3.2458333333333336,1.3058556498060256,-2.2471669222796797,84.41666666666667,200.25,600.0,99.95833333333333,1018.8708333333334,1015.7,14.995833333333332,14.0,13.200000000000001,11.2,16.7,147.3572598549075,0.7573481141235476,0.0,0.0,0.0,0.0,0.0,0.0,,0.0,0,0,0.0,0.0,0.0,0.0,1.4700000000000002,0.0,694.26,-4.5625,-2.7708333333333712,2.627976190476261,0.46250000000000213,1.0,0.0,2.858333333333336,1.0999999999999996,0.539399067683676,-0.8420502632159087,0.539399067683676,-0.8420502632159087,1.1023598110445867,-1.8969834102244298,20.0,71.0,,,0.0,6,0.0,0.0,0.7482222222222222,0.0,-0.0,19.475,0.9375,148,5,2022,239
2023-05-29,0.0,68.2,0,0.0,14.5,19.0,16.795833333333334,6.1,2.3125,-0.4233455255227307,-0.3930551606293704,98.70833333333333,56.791666666666664,221.0,99.75,1012.0333333333333,1010.0,16.595833333333335,14.4,12.2125,10.6,13.4,227.69571301603153,0.20524013430385402,0.0,0.0,0.0,0.0,0.0,0.0,,0.0,0,0,0.0,0.0,0.0,0.0,1.4700000000000002,0.0,694.26,-6.837500000000091,-12.158333333333303,-4.955357142857224,-0.9875000000000007,1.0,0.0,0.1999999999999993,0.09999999999999964,-0.7395807367759618,-0.6730678522927132,-0.7395807367759618,-0.6730678522927132,-0.41787731248472876,-0.3879781981379077,21.0,72.0,,,0.0,6,0.0,0.0,0.7002222222222222,0.0,-0.0,13.875,-1.0583333333333336,149,5,2022,240
2023-05-30,0.0,0.1,0,0.0,13.0,21.5,16.779166666666665,10.4,6.445833333333333,-2.72317000427408,5.729744410465744,79.95833333333333,318.6666666666667,600.0,87.25,1010.7541666666666,1009.2,12.929166666666667,10.6,10.387500000000001,7.2,14.8,333.979262906281,0.981058346640734,0.0,0.0,0.0,0.0,0.0,0.0,,0.08333333333333333,0,0,0.0,0.0,0.0,0.0,1.4700000000000002,0.0,694.26,-1.279166666666697,-12.679166666666788,-7.0416666666667425,-1.8249999999999993,1.0,0.0,3.849999999999998,2.4000000000000004,-0.4386964191049599,0.8986353275186133,-0.4386964191049599,0.8986353275186133,-2.1774013492508164,4.5814081348682345,22.0,73.0,,,0.0,6,0.0,0.0,0.8123055555555556,0.0,-0.0,38.675,-0.016666666666669272,150,5,2022,241
2023-05-31,0.0,0.1,0,0.0,9.2,19.5,14.629166666666668,5.5,3.158333333333333,0.04826774308606538,1.0046489416322315,73.58333333333333,288.875,600.0,65.79166666666667,1012.4,1011.1,9.5625,5.7,9.854166666666666,7.5,12.8,2.6594240008834333,0.34905720222362663,0.0,0.0,0.0,0.0,0.0,0.0,,0.16666666666666666,0,0,0.0,0.0,0.0,0.0,1.4700000000000002,0.0,694.26,1.6458333333333712,-6.470833333333417,-5.217857142857156,-0.533333333333335,0.9854166666666666,0.0,5.066666666666668,3.499999999999999,0.046399040348012933,0.998922984546248,0.046399040348012933,0.998922984546248,0.035517014287496436,0.7392541795510503,23.0,74.0,,,0.0,6,0.0,0.0,0.7711944444444444,0.0,-0.0,18.95,-2.149999999999997,151,5,2022,242
2023-06-01,0.0,9.2,0,0.0,8.8,22.4,16.254166666666666,11.2,5.783333333333334,2.3700950102612164,-4.615741062221461,75.20833333333333,270.125,600.0,93.875,1012.9,1010.2,11.645833333333334,5.5,14.358333333333334,11.3,18.0,156.959762713353,0.8568142095370012,0.0,0.0,0.0,0.0,0.0,0.0,,0.041666666666666664,0,0,0.0,0.0,0.0,0.0,1.4700000000000002,0.0,694.26,0.5,0.8666666666666742,-3.4690476190476147,4.504166666666668,1.0,0.0,4.6083333333333325,3.3000000000000007,0.3913774779126268,-0.9202302265100573,0.3913774779126268,-0.9202302265100573,1.7825089556339564,-3.4714219238790567,24.0,75.0,,,0.0,6,0.0,0.0,0.7641111111111111,0.0,-0.0,34.7,1.6249999999999982,152,6,2022,243
2023-06-02,0.0,88.6,0,0.0,14.5,18.2,16.191666666666666,5.5,3.3666666666666667,-0.055200358173899455,-1.8466585848597183,98.5,37.708333333333336,123.0,99.5,1003.9791666666666,998.0,15.954166666666666,14.5,12.604166666666666,8.6,15.0,181.47779853851472,0.5283325621303369,0.0,0.0,0.0,0.0,0.0,0.0,,0.0,0,0,0.0,0.0,0.0,0.0,1.4700000000000002,0.0,694.26,-8.920833333333348,-6.774999999999977,-9.502380952381031,-1.7541666666666682,1.0,0.0,0.2375000000000007,0.0,-0.02578959053335927,-0.999667393196418,-0.02578959053335927,-0.999667393196418,-0.05437235280129096,-1.8189587060868226,25.0,76.0,,,0.0,6,0.0,0.0,0.6868055555555556,0.0,-0.0,20.2,-0.0625,153,6,2022,244
2023-06-03,0.0,0.0,0,0.0,10.3,19.0,14.6,13.3,7.754166666666666,-5.011012285990154,5.459944909481958,80.625,327.7916666666667,600.0,52.5,1003.0458333333332,999.9,11.0375,8.0,8.566666666666666,5.7,12.3,311.79063068923557,0.9367113176244253,0.0,0.0,0.0,0.0,0.0,0.0,,0.25,0,0,0.0,0.0,0.0,0.0,1.4700000000000002,0.0,694.26,-0.933333333333394,-9.354166666666742,-7.523214285714403,-4.0375,0.8566666666666667,0.0,3.5625,2.3000000000000007,-0.7455849846516405,0.6664105571357744,-0.7455849846516405,0.6664105571357744,-4.0401286555795615,4.402080583269829,26.0,77.0,,,0.0,6,0.0,0.0,0.8206111111111111,0.0,-0.0,46.525,-1.5916666666666668,154,6,2022,245
2023-06-04,0.0,0.0,0,0.0,5.8,20.1,14.4,9.0,4.4125000000000005,-4.04573042867917,0.19990135897193362,71.20833333333333,325.5416666666667,600.0,52.791666666666664,1009.6791666666667,1008.5,8.666666666666666,5.5,11.095833333333333,8.2,14.2,272.2182871802393,0.8448043043595093,0.0,0.0,0.0,0.0,0.0,0.0,,0.20833333333333334,0,0,0.0,0.0,0.0,0.0,1.4700000000000002,0.0,694.26,6.633333333333439,-3.220833333333303,0.4232142857143799,2.529166666666667,1.0,0.0,5.733333333333334,0.2999999999999998,-0.9992506132183064,0.038706743376815504,-0.9992506132183064,0.038706743376815504,-2.8808972094219585,0.1423464260345977,27.0,78.0,,,0.0,6,0.0,0.0,0.7877222222222221,0.0,-0.0,26.475,-0.1999999999999993,155,6,2022,246
2023-06-05,0.0,0.0,0,0.0,8.1,20.6,15.620833333333335,10.0,4.658333333333333,-3.951287226835216,1.3517535642311627,66.83333333333333,312.2083333333333,600.0,56.291666666666664,1011.475,1010.8,8.979166666666666,6.9,12.2125,10.1,15.0,285.6920260261161,0.8499208378976164,0.0,0.0,0.0,0.0,0.0,0.0,,0.25,0,0,0.0,0.0,0.0,0.0,1.4700000000000002,0.0,694.26,1.7958333333333485,7.495833333333394,2.2988095238094957,1.1166666666666671,1.0,0.0,6.641666666666669,1.1999999999999993,-0.9627293971352172,0.2704664635248909,-0.9627293971352172,0.2704664635248909,-2.6407769632682028,0.903421965427827,28.0,79.0,,,0.0,6,0.0,0.0,0.76425,0.0,-0.0,27.95,1.220833333333335,156,6,2022,247
2023-06-06,0.0,1.8,0,0.0,9.8,21.4,15.816666666666668,8.4,3.841666666666667,1.4332693579591786,-1.8611334528766716,78.375,215.66666666666666,600.0,93.33333333333333,1010.0916666666667,1007.4,11.9,6.9,12.133333333333333,9.5,17.1,150.07612453259017,0.46214133534239493,0.0,0.0,0.0,0.0,0.0,0.0,,0.0,0,0,0.0,0.0,0.0,0.0,1.4700000000000002,0.0,694.26,-1.3833333333333258,7.045833333333462,1.0101190476191277,-0.0791666666666675,1.0,0.0,3.916666666666668,2.9000000000000004,0.4988489371215391,-0.8666889510849384,0.4988489371215391,-0.8666889510849384,1.1233248593005063,-1.4586633436920915,29.0,80.0,,,0.0,6,0.0,0.0,0.7383611111111111,0.0,-0.0,23.05,0.19583333333333286,157,6,2022,248
2023-06-07,0.0,0.30000000000000004,0,0.0,12.1,24.0,17.466666666666665,6.4,3.420833333333333,-1.0546917537936396,1.424572265018824,78.875,299.75,600.0,85.875,1010.2208333333333,1008.7,13.266666666666666,11.5,13.058333333333332,11.1,16.2,309.70489556237135,0.5271762495291423,0.0,0.0,0.0,0.0,0.0,0.0,,0.041666666666666664,0,0,0.0,0.0,0.0,0.0,0.0,0.0,694.26,0.12916666666660603,0.5416666666666288,1.450595238095275,0.9249999999999989,1.0,0.0,4.199999999999999,0.5999999999999996,-0.7693449735640675,0.6388335555148182,-0.7693449735640675,0.6388335555148182,-0.8318881208047333,1.1236313740335975,30.0,81.0,,,0.0,6,0.0,0.0,0.7960833333333333,0.0,-0.0,20.525,1.6499999999999968,158,6,2022,249
2023-06-08,0.0,11.4,0,0.0,10.5,20.5,15.725,9.7,6.041666666666667,2.159082423998393,-4.700996379693675,90.125,131.91666666666666,600.0,100.0,1012.6750000000001,1010.0,14.004166666666668,10.1,12.270833333333334,9.9,17.1,171.87370446282742,0.6840082122865369,0.0,0.0,0.0,0.0,0.0,0.0,,0.0,0,0,0.0,0.0,0.0,0.0,0.0,0.0,694.26,2.454166666666765,1.2000000000000455,3.9369047619047706,-0.7874999999999979,1.0,0.0,1.7208333333333314,0.40000000000000036,0.14135558220544658,-0.9899588877217878,0.14135558220544658,-0.9899588877217878,1.9458730346285518,-4.236772987198924,31.0,82.0,,,0.0,6,0.0,0.0,0.7216944444444445,0.0,-0.0,36.25,-1.7416666666666654,159,6,2022,250
2023-06-09,0.0,21.400000000000002,0,0.0,14.4,22.7,17.879166666666666,12.4,4.8875,0.35351575135168506,-2.9809846392237684,93.20833333333333,156.54166666666666,518.0,99.125,1006.3166666666666,1004.5,16.695833333333333,14.4,13.866666666666667,11.7,15.8,193.28429016903763,0.4073076579585498,0.0,0.0,0.0,0.0,0.0,0.0,,0.0,0,0,0.0,0.0,0.0,0.0,0.0,0.0,694.26,-6.358333333333462,-3.775000000000091,-2.7553571428571786,1.5958333333333332,1.0,0.0,1.1833333333333336,0.0,-0.2297828943073567,-0.9732419131355442,-0.2297828943073567,-0.9732419131355442,0.3295061399057165,-2.778526099143154,32.0,83.0,,,0.0,6,0.0,0.0,0.7483888888888889,0.0,-0.0,29.325000000000003,2.154166666666667,160,6,2022,251
2023-06-10,0.0,0.30000000000000004,0,0.0,13.4,23.6,18.766666666666666,5.8,3.1458333333333335,0.5371599613926682,-2.010851739766574,82.33333333333333,255.375,600.0,96.20833333333333,1012.5749999999999,1010.5,15.391666666666666,12.0,14.424999999999999,12.3,16.9,171.86820576550346,0.4435395801229889,0.0,0.0,0.0,0.0,0.0,0.0,,0.0,0,0,0.0,0.0,0.0,0.0,0.0,0.0,694.26,6.258333333333326,2.3541666666666288,2.141666666666538,0.5583333333333318,1.0,0.0,3.375,1.4000000000000004,0.1414505882779208,-0.9899453172149612,0.1414505882779208,-0.9899453172149612,0.4422617015466301,-1.6556012657411459,33.0,84.0,,,0.0,6,0.0,0.0,0.7780277777777777,0.0,-0.0,18.875,0.8874999999999993,161,6,2022,252
2023-06-11,0.0,16.2,0,0.0,15.3,18.3,16.625,7.0,4.954166666666667,0.9269206352593291,-3.9557106785181286,97.375,73.875,269.0,100.0,1013.4458333333333,1012.1,16.216666666666665,14.8,13.304166666666667,12.7,14.6,170.70844819990091,0.7834252210465485,0.0,0.0,0.0,0.0,0.0,0.0,,0.0,0,0,0.0,0.0,0.0,0.0,0.0,0.0,694.26,0.870833333333394,0.7708333333332575,2.4744047619046796,-1.1208333333333318,1.0,0.0,0.408333333333335,0.5,0.16145830855323332,-0.9868795339853436,0.16145830855323332,-0.9868795339853436,0.9025889685837717,-3.8518732732070275,34.0,85.0,,,0.0,6,0.0,0.0,0.7071666666666667,0.0,-0.0,29.725,-2.1416666666666657,162,6,2022,253
2023-06-12,0.0,2.2,0,0.0,15.3,21.6,18.675,6.2,3.516666666666667,0.6860654265568953,-2.210992857458806,94.16666666666667,125.79166666666667,401.0,100.0,1010.1374999999999,1007.9,17.679166666666667,15.1,15.083333333333334,13.2,16.8,173.48338170734414,0.5455258097970831,0.0,0.0,0.0,0.0,0.0,0.0,,0.0,0,0,0.0,0.0,0.0,0.0,0.0,0.0,694.26,-3.308333333333394,3.8208333333333258,-0.6428571428571104,1.7791666666666668,1.0,0.0,0.9958333333333336,0.20000000000000107,0.11349138848093718,-0.9935389799804882,0.11349138848093718,-0.9935389799804882,0.6460449433410764,-2.082018274107042,35.0,86.0,,,0.0,6,0.0,0.0,0.7310833333333333,0.0,-0.0,21.1,2.0500000000000007,163,6,2022,254
2023-06-13,0.0,1.3,0,0.0,16.1,24.6,20.175,5.2,2.4499999999999997,-1.4103640628454228,0.6649397673566343,82.33333333333333,287.6666666666667,600.0,89.125,1006.6,1005.1,16.712500000000002,15.7,14.9625,13.3,17.5,302.9022019658022,0.5248608978448449,0.0,0.0,0.0,0.0,0.0,0.0,,0.0,0,0,0.0,0.0,0.0,0.0,0.0,0.0,694.26,-3.537499999999909,-5.974999999999909,-3.6815476190474783,-0.12083333333333357,1.0,0.0,3.4624999999999986,0.40000000000000213,-0.8395989888765604,0.5432067174450786,-0.8395989888765604,0.5432067174450786,-1.1611997450760647,0.5474670751236289,36.0,87.0,,,0.0,6,0.0,0.0,0.7995555555555556,0.0,-0.0,14.7,1.5,164,6,2022,255
2023-06-14,0.0,8.7,0,0.0,16.3,21.1,18.4375,6.7,3.033333333333333,0.08921515405410174,-0.21199471367939837,94.91666666666667,105.75,505.0,99.79166666666667,1008.5416666666666,1007.5,17.616666666666667,15.7,13.679166666666667,12.4,15.4,318.3705806025206,0.08432615256531331,0.0,0.0,0.0,0.0,0.0,0.0,,0.0,0,0,0.0,0.0,0.0,0.0,0.0,0.0,694.26,1.941666666666606,-4.904166666666697,-1.5,-1.2833333333333332,1.0,0.0,0.8208333333333329,0.6000000000000014,-0.664310093522649,0.7474570888311445,-0.664310093522649,0.7474570888311445,0.0846800503896849,-0.20121831573402896,37.0,88.0,,,0.0,6,0.0,0.0,0.7202222222222222,0.0,-0.0,18.2,-1.7375000000000007,165,6,2022,256
2023-06-15,0.0,10.6,0,0.0,16.2,21.3,18.104166666666668,4.8,2.7916666666666665,0.2953683022043981,0.6385736655782158,93.0,135.79166666666666,600.0,99.95833333333333,1009.0458333333332,1008.3,16.925,15.1,13.195833333333333,9.5,16.3,20.226735497298378,0.3207280997810277,0.0,0.0,0.0,0.0,0.0,0.0,,0.0,0,0,0.0,0.0,0.0,0.0,0.0,0.0,694.26,0.504166666666606,-1.091666666666697,-0.47738095238094047,-0.4833333333333343,1.0,0.0,1.1791666666666671,1.0999999999999996,0.34573608330892436,0.9383317966999757,0.34573608330892436,0.9383317966999757,0.27469252105009023,0.5938735089877407,38.0,89.0,,,0.0,6,0.0,0.0,0.7338611111111111,0.0,-0.0,16.75,-0.33333333333333215,166,6,2022,257
2023-06-16,0.0,17.3,0,0.0,12.4,18.9,16.704166666666666,10.6,6.016666666666667,-3.4210089177528524,4.684547377160648,89.91666666666667,168.16666666666666,531.0,73.75,1011.7125,1008.2,14.991666666666667,12.1,11.333333333333334,9.9,15.4,319.6847676931299,0.9508279334378783,0.0,0.0,0.0,0.0,0.0,0.0,,0.08333333333333333,0,0,0.0,0.0,0.0,0.0,0.0,0.0,694.26,2.6666666666667425,5.1124999999999545,1.4184523809524308,-1.862499999999999,1.0,0.0,1.7124999999999986,0.3000000000000007,-0.6469925150066896,0.7624963511554127,-0.6469925150066896,0.7624963511554127,-3.076057185212773,4.212188849963616,39.0,90.0,,,0.0,6,0.0,0.0,0.7451666666666666,0.0,-0.0,36.1,-1.4000000000000021,167,6,2022,258
2023-06-17,0.0,0.0,0,0.0,9.4,26.7,19.183333333333334,4.5,2.6083333333333334,-0.5142058373965603,0.15639730116894124,78.125,348.75,600.0,26.041666666666668,1014.9375,1013.2,14.75,9.3,17.220833333333335,15.1,20.8,285.1756975075534,0.1107717798827182,0.0,0.0,0.0,0.0,0.0,0.0,,0.7083333333333334,0,0,0.0,0.0,0.0,0.0,0.0,0.0,694.26,3.2250000000000227,6.395833333333371,4.3059523809523625,5.887500000000001,1.0,0.0,4.433333333333334,0.09999999999999964,-0.965127617431961,0.26177983510978525,-0.965127617431961,0.26177983510978525,-0.40172331046606274,0.12218539153823535,40.0,91.0,,,0.0,6,0.0,0.0,0.8262499999999999,0.0,-0.0,15.65,2.479166666666668,168,6,2022,259
2023-06-18,0.0,0.0,0,0.0,14.1,26.7,20.695833333333333,8.2,3.404166666666667,-0.719364396643624,1.8136543191713221,76.20833333333333,295.75,600.0,75.91666666666667,1009.9916666666667,1007.0,16.020833333333332,11.6,16.079166666666666,11.2,21.7,335.78861157166926,0.5327764691014881,0.0,0.0,0.0,0.0,0.0,0.0,,0.125,0,0,0.0,0.0,0.0,0.0,0.0,0.0,694.26,-4.945833333333326,0.9458333333334394,-0.14642857142848698,-1.1416666666666693,1.0,0.0,4.675000000000001,2.5,-0.41010432381852036,0.9120386195690149,-0.41010432381852036,0.9120386195690149,-0.5482156172754951,1.3821557290684783,41.0,92.0,,,0.0,6,0.0,0.0,0.7845277777777778,0.0,-0.0,20.425,1.5124999999999993,169,6,2022,260
2023-06-19,0.0,0.0,0,0.0,14.1,23.9,18.329166666666666,7.6,4.608333333333333,0.27169609802146044,3.8938595479269025,71.125,335.2083333333333,600.0,22.75,1007.1,1005.4,12.783333333333333,10.0,12.424999999999999,8.8,16.8,358.9136159718592,0.7901067866939682,0.0,0.0,0.0,0.0,0.0,0.0,,0.5416666666666666,0,0,0.0,0.0,0.0,0.0,0.0,0.0,694.26,-2.8916666666666515,-4.6124999999999545,-2.6041666666666288,-3.654166666666667,1.0,0.0,5.5458333333333325,4.1,-0.01895984211486507,0.9998202460377462,-0.01895984211486507,0.9998202460377462,0.19324384971776376,2.7695076034630093,42.0,93.0,,,0.0,6,0.0,0.0,0.793888888888889,0.0,-0.0,27.65,-2.366666666666667,170,6,2022,261
2023-06-20,0.0,0.1,0,0.0,14.9,23.8,18.908333333333335,8.1,4.333333333333333,2.6640026278541487,-2.6737106535110673,71.45833333333333,312.6666666666667,600.0,78.25,1011.2458333333334,1009.9,13.345833333333333,11.3,14.879166666666668,11.8,18.6,146.25750884773385,0.7679269135356966,0.0,0.0,0.0,0.0,0.0,0.0,,0.041666666666666664,0,0,0.0,0.0,0.0,0.0,0.0,0.0,694.26,4.145833333333371,-3.691666666666606,0.8779761904762609,2.4541666666666693,1.0,0.0,5.562500000000002,3.5999999999999996,0.5554612607338943,-0.831542414927773,0.5554612607338943,-0.831542414927773,1.903651877820777,-1.9105890711547835,43.0,94.0,,,0.0,6,0.0,0.0,0.7799722222222222,0.0,-0.0,26.0,0.5791666666666693,171,6,2022,262
2023-06-21,0.0,0.5,0,0.0,15.6,22.2,18.429166666666667,12.6,7.8125,4.406141489842162,-6.333626527834607,86.16666666666667,181.75,600.0,98.95833333333333,1012.6458333333334,1010.9,15.924999999999999,14.8,14.0375,11.7,16.7,144.32494574656954,0.9852345979701423,0.0,0.0,0.0,0.0,0.0,0.0,,0.0,0,0,0.0,0.0,0.0,0.0,0.0,0.0,694.26,1.3999999999999773,2.654166666666697,1.6916666666668334,-0.8416666666666686,1.0,0.0,2.504166666666668,0.7999999999999989,0.5831875867381802,-0.8123375152450474,0.5831875867381802,-0.8123375152450474,3.7966252504139963,-5.45747485815082,44.0,95.0,,,0.0,6,0.0,0.0,0.7417222222222222,0.0,-0.0,46.875,-0.47916666666666785,172,6,2022,263
2023-06-22,0.0,21.4,0,0.0,14.5,16.4,15.120833333333332,12.1,6.004166666666666,3.139632240661435,-4.904550632731133,97.95833333333333,65.16666666666667,333.0,100.0,1010.1541666666667,1008.1,14.779166666666667,14.1,12.729166666666666,11.9,14.2,146.64948664999406,0.9172840781279523,0.0,0.0,0.0,0.0,0.0,0.0,,0.0,0,0,0.0,0.0,0.0,0.0,0.0,0.0,694.26,-2.4916666666666742,3.0541666666666742,-0.9583333333333712,-1.3083333333333336,1.0,0.0,0.341666666666665,0.40000000000000036,0.5497594725935941,-0.8353230047673853,0.5497594725935941,-0.8353230047673853,3.0755314157479305,-4.8044160573128725,45.0,96.0,,,0.0,6,0.0,0.0,0.7033055555555556,0.0,-0.0,36.025,-3.3083333333333353,173,6,2022,264
2023-06-23,0.0,16.1,0,0.0,15.3,21.3,18.2375,4.2,1.9041666666666668,0.15971866924318268,-0.5242144369478167,94.0,163.20833333333334,600.0,95.375,1009.3166666666666,1006.9,17.233333333333334,14.9,13.554166666666667,11.7,16.4,176.13215498699947,0.13451452297212466,0.0,0.0,0.0,0.0,0.0,0.0,,0.0,0,0,0.0,0.0,0.0,0.0,0.0,0.0,694.26,-0.837500000000091,-1.929166666666788,-1.4535714285715358,0.8250000000000011,1.0,0.0,1.0041666666666664,0.40000000000000036,0.06745536919640067,-0.9977222926078064,0.06745536919640067,-0.9977222926078064,0.15013554908859172,-0.4927615707309477,46.0,97.0,,,0.0,6,0.0,0.0,0.7554722222222222,0.0,-0.0,11.425,3.116666666666669,174,6,2022,265
2023-06-24,0.0,0.7000000000000001,0,0.0,14.4,24.3,19.154166666666665,4.8,2.716666666666667,0.40770539731461874,0.05628945028088509,87.41666666666667,231.0,600.0,99.5,1015.1999999999999,1013.3,16.779166666666665,14.2,13.666666666666666,11.9,16.2,100.79426831528099,0.18318597282373095,0.0,0.0,0.0,0.0,0.0,0.0,,0.0,0,0,0.0,0.0,0.0,0.0,0.0,0.0,694.26,5.883333333333326,2.5541666666665606,4.392261904761881,0.11249999999999893,1.0,0.0,2.375,0.20000000000000107,0.9823059908350843,-0.1872830488044853,0.9823059908350843,-0.1872830488044853,0.35640246815252924,0.04920636112054039,47.0,98.0,,,0.0,6,0.0,0.0,0.7787222222222222,0.0,-0.0,16.3,0.9166666666666643,175,6,2022,266
2023-06-25,0.0,0.5,0,0.0,16.7,26.1,20.875,5.4,2.3000000000000003,0.883930847836578,-0.375087972604053,85.33333333333333,298.5,600.0,64.25,1016.9250000000001,1015.3,18.045833333333334,15.9,15.358333333333333,13.9,18.9,108.23061020139292,0.20297179529906934,0.0,0.0,0.0,0.0,0.0,0.0,,0.16666666666666666,0,0,0.0,0.0,0.0,0.0,0.0,0.0,694.26,1.7250000000001364,6.770833333333371,5.126785714285688,1.6916666666666664,1.0,0.0,2.8291666666666657,0.7999999999999989,0.9498050514061345,-0.31284239534211183,0.9498050514061345,-0.31284239534211183,0.7542876568205465,-0.32007506995545854,48.0,99.0,,,0.0,6,0.0,0.0,0.8167777777777777,0.0,-0.0,13.8,1.720833333333335,176,6,2022,267
2023-06-26,0.0,0.4,0,0.0,16.8,26.5,21.40833333333333,5.6,2.9499999999999997,0.8731902630874352,-1.5742155556767676,83.5,289.5416666666667,600.0,99.95833333333333,1016.5166666666668,1014.6,18.1125,16.6,16.058333333333334,13.4,20.3,160.86033830912336,0.42062727872060207,0.0,0.0,0.0,0.0,0.0,0.0,,0.0,0,0,0.0,0.0,0.0,0.0,0.0,0.0,694.26,-0.408333333333303,7.200000000000159,3.3732142857144254,0.7000000000000011,1.0,0.0,3.2958333333333307,0.1999999999999993,0.3278719397672192,-0.9447221766812087,0.3278719397672192,-0.9447221766812087,0.7291138696780084,-1.3144699889901008,49.0,100.0,,,0.0,6,0.0,0.0,0.8046944444444444,0.0,-0.0,17.7,0.5333333333333314,177,6,2022,268
2023-06-27,0.0,16.0,0,0.0,18.1,26.0,21.25,7.6,3.1208333333333336,0.5400967059102154,-2.234172030825293,89.29166666666667,173.66666666666666,600.0,96.5,1016.725,1015.6,19.333333333333332,17.5,17.529166666666665,15.4,20.4,165.5163457231064,0.5812692413254015,0.0,0.0,0.0,0.0,0.0,0.0,,0.041666666666666664,0,0,0.0,0.0,0.0,0.0,0.0,0.0,694.26,0.20833333333325754,1.525000000000091,2.7988095238094957,1.4708333333333314,1.0,0.0,1.9166666666666679,0.6000000000000014,0.25010379423648027,-0.9682190310609042,0.25010379423648027,-0.9682190310609042,0.48226135031899653,-1.994929442524418,50.0,101.0,,,0.0,6,0.0,0.0,0.74675,0.0,-0.0,18.725,-0.15833333333333144,178,6,2022,269
2023-06-28,0.0,21.3,0,0.0,18.3,26.0,21.629166666666666,6.4,3.1625,-1.0045382463121817,-1.0957583354157256,88.16666666666667,196.875,600.0,99.66666666666667,1013.8833333333333,1011.2,19.508333333333333,17.8,15.625,13.5,19.4,232.84467121404558,0.4861724223917735,0.0,0.0,0.0,0.0,0.0,0.0,,0.0,0,0,0.0,0.0,0.0,0.0,0.0,0.0,694.26,-2.841666666666697,-3.0416666666667425,-0.21964285714295784,-1.904166666666665,1.0,0.0,2.1208333333333336,0.5,-0.7970010574877823,-0.6039779088371997,-0.7970010574877823,-0.6039779088371997,-0.8856678871652403,-0.9660935990581981,51.0,102.0,,,0.0,6,0.0,0.0,0.7584722222222222,0.0,-0.0,18.975,0.37916666666666643,179,6,2022,270
2023-06-29,0.0,1.3,0,0.0,18.7,26.9,21.770833333333332,7.2,4.008333333333334,-3.449243661641054,-0.46527158026549903,81.08333333333333,302.0833333333333,600.0,69.04166666666667,1009.6750000000001,1007.6,18.120833333333334,16.6,17.533333333333335,15.3,20.9,255.21355761933992,0.8459152847801498,0.0,0.0,0.0,0.0,0.0,0.0,,0.08333333333333333,0,0,0.0,0.0,0.0,0.0,0.0,0.0,694.26,-4.2083333333332575,-6.841666666666697,-4.359523809523807,1.908333333333335,1.0,0.0,3.6499999999999986,2.099999999999998,-0.9668838064140294,-0.25521697610918764,-0.9668838064140294,-0.25521697610918764,-2.796761735647288,-0.3772577063319421,52.0,103.0,,,0.0,6,0.0,0.0,0.805,0.0,-0.0,24.050000000000004,0.14166666666666572,180,6,2022,271
2023-06-30,0.0,40.699999999999996,0,0.0,18.7,23.0,20.679166666666667,5.2,3.470833333333333,0.3894415659190656,-2.809364203379168,96.66666666666667,73.79166666666667,304.0,99.95833333333333,1007.9416666666666,1006.2,20.129166666666666,17.6,16.775000000000002,15.9,18.7,179.6409285703142,0.7826673403976132,0.0,0.0,0.0,0.0,0.0,0.0,,0.0,0,0,0.0,0.0,0.0,0.0,0.0,0.0,694.26,-1.7333333333334622,-8.783333333333417,-5.896428571428601,-0.7583333333333329,1.0,0.0,0.5500000000000007,1.0999999999999979,0.006266937675320279,-0.9999803625532722,0.006266937675320279,-0.9999803625532722,0.3764601803884301,-2.7157187299331955,53.0,104.0,,,0.0,6,0.0,0.0,0.7047500000000001,0.0,-0.0,20.825,-1.091666666666665,181,6,2022,272
2023-07-01,0.0,20.4,0,0.0,18.6,24.3,20.675,5.6,3.1750000000000003,-1.5451550173726105,-0.18733573791109,95.66666666666667,92.45833333333333,576.0,100.0,1007.6958333333333,1006.0,19.966666666666665,18.5,15.6625,13.5,17.3,271.20213396166395,0.4226375003946004,0.0,0.0,0.0,0.0,0.0,0.0,,0.0,0,0,0.0,0.0,0.0,0.0,0.0,0.0,694.26,-0.24583333333328028,-6.1875,-5.070238095238096,-1.1125000000000025,1.0,0.0,0.7083333333333357,0.10000000000000142,-0.9997799027881672,0.020979656357601392,-0.9997799027881672,0.020979656357601392,-1.478198299953131,-0.17921785593494277,54.0,105.0,,,0.0,6,0.0,0.0,0.7138611111111111,0.0,-0.0,19.05,-0.00416666666666643,182,7,2022,273
2023-07-02,0.0,0.0,0,0.0,16.2,29.1,22.4375,4.6,2.6750000000000003,-1.3414184032338345,0.4646758729871532,79.25,343.0416666666667,600.0,62.916666666666664,1010.5458333333332,1009.1,17.766666666666666,14.0,18.658333333333335,16.3,22.3,304.47060622306134,0.366281925925146,0.0,0.0,0.0,0.0,0.0,0.0,,0.2916666666666667,0,0,0.0,0.0,0.0,0.0,0.0,0.0,694.26,2.849999999999909,0.8708333333331666,-1.308928571428737,2.9958333333333353,1.0,0.0,4.670833333333334,2.1999999999999993,-0.8244166568602228,0.5659833706845225,-0.8244166568602228,0.5659833706845225,-1.063074084562814,0.3682556293423189,55.0,106.0,,,0.0,6,0.0,0.0,0.8261944444444445,0.0,-0.0,16.05,1.7624999999999993,183,7,2022,274
2023-07-03,0.0,0.6,0,0.0,16.1,28.5,22.204166666666666,7.5,3.7416666666666667,-2.2178602545355033,2.065107478676107,77.04166666666667,325.625,600.0,71.04166666666667,1009.9,1007.9,17.366666666666667,14.5,17.370833333333334,13.8,22.1,309.8049889408916,0.8158092169847077,0.0,0.0,0.0,0.0,0.0,0.0,,0.125,0,0,0.0,0.0,0.0,0.0,0.0,0.0,694.26,-0.6458333333332575,1.9583333333333712,-1.0095238095238983,-1.2875000000000014,1.0,0.0,4.837499999999999,1.6000000000000014,-0.7682277841245646,0.6401765941512243,-0.7682277841245646,0.6401765941512243,-1.7086765044317276,1.590993220030051,56.0,107.0,,,0.0,6,0.0,0.0,0.8072222222222223,0.0,-0.0,22.45,-0.23333333333333428,184,7,2022,275
2023-07-04,0.0,0.6,0,0.0,15.1,27.2,21.599999999999998,6.8,3.9375,-0.8076826452537414,2.0950772445194206,76.41666666666667,343.3333333333333,600.0,12.958333333333334,1007.1916666666666,1005.7,16.833333333333332,14.1,17.845833333333335,14.7,21.6,331.6397650852884,0.527490515140406,0.0,0.0,0.0,0.0,0.0,0.0,,0.8333333333333334,0,0,0.0,0.0,0.0,0.0,0.0,0.0,694.26,-2.7083333333333712,-0.5041666666667197,-2.3559523809524308,0.4750000000000014,1.0,0.0,4.766666666666666,1.0,-0.4750135906057824,0.8799784592476125,-0.4750135906057824,0.8799784592476125,-0.6172041547480674,1.6009881943535909,57.0,108.0,,,0.0,6,0.0,0.0,0.8169444444444444,0.0,-0.0,23.625,-0.6041666666666679,185,7,2022,276
2023-07-05,0.0,7.8999999999999995,0,0.0,17.3,21.6,19.412499999999998,13.0,7.1125,2.4398723414575954,-6.165915930332484,87.25,95.75,328.0,94.91666666666667,1005.1041666666666,1002.1,17.183333333333334,13.8,17.1375,13.8,20.8,163.12492983840474,0.891002038690992,0.0,0.0,0.0,0.0,0.0,0.0,,0.041666666666666664,0,0,0.0,0.0,0.0,0.0,0.0,0.0,694.26,-2.0874999999999773,-5.441666666666606,-3.189285714285802,-0.7083333333333357,1.0,0.0,2.2291666666666643,3.5,0.29028584907634203,-0.9569399802631444,0.29028584907634203,-0.9569399802631444,2.128788617921752,-5.379761649215093,58.0,109.0,,,0.0,6,0.0,0.0,0.6880000000000001,0.0,-0.0,42.675,-2.1875,186,7,2022,277
2023-07-06,0.0,1.4,0,0.0,17.6,29.0,22.400000000000002,7.2,3.404166666666667,-1.6908312638299312,1.0434747340606032,73.5,331.8333333333333,600.0,64.04166666666667,1006.3208333333333,1004.2,16.408333333333335,12.3,19.7625,17.4,23.2,300.10446657066365,0.5577637086969751,0.0,0.0,0.0,0.0,0.0,0.0,,0.08333333333333333,0,0,0.0,0.0,0.0,0.0,0.0,0.0,694.26,1.216666666666697,-3.5791666666666515,-1.4934523809523625,2.625,1.0,0.0,5.991666666666667,5.300000000000001,-0.8651123219871443,0.5015781796948624,-0.8651123219871443,0.5015781796948624,-1.2427609789149994,0.7669539295345433,59.0,110.0,,,0.0,6,0.0,0.0,0.7995555555555556,0.0,-0.0,20.425,2.9875000000000043,187,7,2022,278
2023-07-07,0.0,1.2,0,0.0,17.2,28.0,23.474999999999998,10.0,5.129166666666666,0.9932145179494403,-3.4156325331169666,64.04166666666667,312.0833333333333,600.0,70.91666666666667,1011.475,1010.3,15.845833333333333,8.9,19.525000000000002,15.4,23.8,187.35106419514054,0.5432019154923401,0.0,0.0,0.0,0.0,0.0,0.0,,0.20833333333333334,0,0,0.0,0.0,0.0,0.0,0.0,0.0,694.26,5.154166666666697,4.283333333333417,3.155952380952499,-0.23749999999999716,1.0,0.0,7.629166666666665,8.299999999999999,-0.1279485723718407,-0.9917808038210902,-0.1279485723718407,-0.9917808038210902,0.6360711308701208,-2.187428001416991,60.0,111.0,,,0.0,6,0.0,0.0,0.7548611111111111,0.0,-0.0,30.775,1.0749999999999957,188,7,2022,279
2023-07-08,0.0,60.7,0,0.0,18.7,24.0,21.858333333333334,5.4,3.066666666666667,1.0638209492695714,-2.152758591693578,95.625,68.70833333333333,297.0,100.0,1009.4749999999999,1008.3,21.116666666666667,16.8,18.404166666666665,17.6,19.9,153.73672804489016,0.6806188935945365,0.0,0.0,0.0,0.0,0.0,0.0,,0.0,0,0,0.0,0.0,0.0,0.0,0.0,0.0,694.26,-2.0000000000001137,4.37083333333328,0.9017857142856656,-1.1208333333333371,1.0,0.0,0.7416666666666671,1.8999999999999986,0.4424964293386023,-0.896770266022791,0.4424964293386023,-0.896770266022791,1.0172787827390275,-2.058575403306984,61.0,112.0,,,0.0,6,0.0,0.0,0.6978888888888889,0.0,-0.0,18.400000000000002,-1.6166666666666636,189,7,2022,280
2023-07-09,0.0,31.8,0,0.0,20.8,26.9,23.333333333333332,4.3,2.9583333333333335,-1.250222292084074,-1.3146334099841441,92.875,156.58333333333334,600.0,99.91666666666667,1009.3958333333334,1008.7,22.037499999999998,20.6,18.879166666666666,17.3,21.4,233.52500849310334,0.6268241637479369,0.0,0.0,0.0,0.0,0.0,0.0,,0.0,0,0,0.0,0.0,0.0,0.0,0.0,0.0,694.26,-0.07916666666653782,3.0750000000000455,0.9869047619049525,0.4750000000000014,1.0,0.0,1.2958333333333343,0.1999999999999993,-0.8041164126099785,-0.594471862219953,-0.8041164126099785,-0.594471862219953,-1.1611439537730837,-1.220965779522774,62.0,113.0,,,0.0,6,0.0,0.0,0.7473055555555556,0.0,-0.0,17.75,1.4749999999999979,190,7,2022,281
2023-07-10,0.0,7.4,0,0.0,21.2,28.3,23.858333333333334,3.9,2.3833333333333333,-1.6402283134370645,-0.4202532029987562,87.29166666666667,208.79166666666666,600.0,90.20833333333333,1010.7875,1009.9,21.4375,20.1,19.25,16.8,23.1,249.2346679365894,0.6717736957092905,0.0,0.0,0.0,0.0,0.0,0.0,,0.0,0,0,0.0,0.0,0.0,0.0,0.0,0.0,694.26,1.3916666666666515,-0.6875,2.2517857142856883,0.37083333333333357,1.0,0.0,2.4208333333333343,1.0999999999999979,-0.9350403697000599,-0.3545412628047337,-0.9350403697000599,-0.3545412628047337,-1.4317826319377709,-0.3668460251176643,63.0,114.0,,,0.0,6,0.0,0.0,0.7635000000000001,0.0,-0.0,14.3,0.5250000000000021,191,7,2022,282
2023-07-11,0.0,1.7000000000000002,0,0.0,19.2,27.8,22.983333333333334,6.2,3.6833333333333336,-3.089065443312384,-1.4872279159720507,84.33333333333333,222.45833333333334,600.0,83.54166666666667,1012.2541666666666,1010.8,20.0,18.4,18.970833333333335,16.7,21.6,242.23874553695043,0.932992463659836,0.0,0.0,0.0,0.0,0.0,0.0,,0.041666666666666664,0,0,0.0,0.0,0.0,0.0,0.0,0.0,694.26,1.4666666666665833,2.779166666666697,2.995238095238051,-0.279166666666665,1.0,0.0,2.9833333333333343,0.8000000000000007,-0.8848961609242851,-0.46578834719372453,-0.8848961609242851,-0.46578834719372453,-2.6051118571934437,-1.2542288758030962,64.0,115.0,,,0.0,6,0.0,0.0,0.7627499999999999,0.0,-0.0,22.1,-0.875,192,7,2022,283
2023-07-12,0.0,11.9,0,0.0,20.1,24.6,22.083333333333332,4.8,2.7916666666666665,-1.697442875739534,-1.3659987474691286,90.41666666666667,179.5,600.0,86.625,1010.6,1009.6,20.400000000000002,17.6,16.154166666666665,15.2,18.8,235.0875634016408,0.7783560464348209,0.0,0.0,0.0,0.0,0.0,0.0,,0.125,0,0,0.0,0.0,0.0,0.0,0.0,0.0,694.26,-1.6541666666665833,1.2041666666666515,0.5559523809524762,-2.81666666666667,1.0,0.0,1.68333333333333,2.5,-0.82002766680587,-0.5723238817950208,-0.82002766680587,-0.5723238817950208,-1.5347712668144953,-1.2350905341700038,65.0,116.0,,,0.0,6,0.0,0.0,0.7543888888888889,0.0,-0.0,16.75,-0.9000000000000021,193,7,2022,284
2023-07-13,0.0,8.4,0,0.0,19.1,25.5,21.71666666666667,4.7,3.079166666666667,-2.671402263741694,-0.3906125515887308,88.29166666666667,172.41666666666666,600.0,97.08333333333333,1010.4458333333333,1009.0,19.545833333333334,18.6,16.745833333333334,15.3,19.1,263.2851443987862,0.8813878481923662,0.0,0.0,0.0,0.0,0.0,0.0,,0.0,0,0,0.0,0.0,0.0,0.0,0.0,0.0,694.26,-0.15416666666669698,-0.341666666666697,-0.1875,0.5916666666666686,1.0,0.0,2.1708333333333343,0.5,-0.9931403658655807,-0.11692824162015081,-0.9931403658655807,-0.11692824162015081,-2.358625582028604,-0.34487833200688356,66.0,117.0,,,0.0,6,0.0,0.0,0.7425833333333333,0.0,-0.0,18.475,-0.3666666666666636,194,7,2022,285
2023-07-14,0.0,18.8,0,0.0,19.5,24.9,21.6125,6.3,2.9125,-0.00024615788167398067,-2.0505736770446727,92.08333333333333,105.75,571.0,99.875,1012.1333333333333,1011.4,20.241666666666667,17.8,17.541666666666668,15.8,19.8,184.73932266885592,0.6479901350566933,0.0,0.0,0.0,0.0,0.0,0.0,,0.0,0,0,0.0,0.0,0.0,0.0,0.0,0.0,694.26,1.6875,-0.12083333333328028,1.4059523809522716,0.7958333333333343,1.0,0.0,1.3708333333333336,1.6999999999999993,-0.08262249152595876,-0.9965809168823387,-0.08262249152595876,-0.9965809168823387,-0.00022667038270812387,-1.888236594278636,67.0,118.0,,,0.0,6,0.0,0.0,0.7107777777777778,0.0,-0.0,17.475,-0.10416666666666785,195,7,2022,286
2023-07-15,0.0,9.7,0,0.0,19.0,26.4,22.116666666666664,5.6,3.3125,1.4756995727945863,-2.5112004555884817,93.41666666666667,119.08333333333333,600.0,98.875,1011.7291666666666,1010.7,20.95,19.0,20.708333333333332,19.2,23.1,155.02446186862383,0.7803779669356907,0.0,0.0,0.0,0.0,0.0,0.0,,0.0,0,0,0.0,0.0,0.0,0.0,0.0,0.0,694.26,-0.404166666666697,1.129166666666606,0.6797619047619037,3.1666666666666643,1.0,0.0,1.1666666666666643,0.0,0.42223128405412863,-0.9064881371347348,0.42223128405412863,-0.9064881371347348,1.3785493509189428,-2.345879758928907,68.0,119.0,,,0.0,6,0.0,0.0,0.7241111111111111,0.0,-0.0,19.875,0.5041666666666629,196,7,2022,287
2023-07-16,0.0,1.7000000000000002,0,0.0,19.5,30.0,24.712500000000002,4.2,2.6750000000000003,-1.3775246859521886,-1.1357975076360523,80.70833333333333,296.9583333333333,600.0,63.833333333333336,1014.6791666666667,1013.2,20.883333333333333,18.8,19.979166666666668,18.3,22.7,229.95539851240716,0.6550309361472301,0.0,0.0,0.0,0.0,0.0,0.0,,0.125,0,0,0.0,0.0,0.0,0.0,0.0,0.0,694.26,2.9500000000000455,4.2333333333333485,2.875,-0.7291666666666643,1.0,0.0,3.8291666666666693,0.6999999999999993,-0.7655438376753432,-0.643383736659008,-0.7655438376753432,-0.643383736659008,-1.1117772152872454,-0.9166832384545971,69.0,120.0,,,0.0,6,0.0,0.0,0.8003333333333332,0.0,-0.0,16.05,2.5958333333333385,197,7,2022,288
2023-07-17,0.0,0.30000000000000004,0,0.0,18.2,30.3,24.191666666666666,4.6,2.533333333333333,-0.8053995700592013,1.3928499197099418,82.16666666666667,315.2916666666667,600.0,38.083333333333336,1017.775,1016.6,20.616666666666667,17.0,20.05,18.3,23.3,329.3664580594646,0.47956615468890434,0.0,0.0,0.0,0.0,0.0,0.0,,0.5,0,0,0.0,0.0,0.0,0.0,0.0,0.0,694.26,3.095833333333303,5.6416666666666515,4.972619047618991,0.07083333333333286,1.0,0.0,3.5749999999999993,1.1999999999999993,-0.5095452217672476,0.8604438778759289,-0.5095452217672476,0.8604438778759289,-0.6617699800653104,1.1444583506950021,70.0,121.0,,,0.0,6,0.0,0.0,0.8174166666666668,0.0,-0.0,15.2,-0.5208333333333357,198,7,2022,289
2023-07-18,0.0,1.0,0,0.0,18.5,28.3,23.570833333333336,4.3,2.595833333333333,-1.5862652659299077,1.3164659355980646,86.25,220.25,600.0,96.70833333333333,1016.9041666666667,1014.7,20.970833333333335,17.6,19.0375,17.1,21.8,310.9377610849889,0.786003758922868,0.0,0.0,0.0,0.0,0.0,0.0,,0.0,0,0,0.0,0.0,0.0,0.0,0.0,0.0,694.26,-0.8708333333332803,5.175000000000068,3.4375000000001137,-1.0124999999999993,1.0,0.0,2.6000000000000014,0.8999999999999986,-0.75542179466631,0.6552388206929832,-0.75542179466631,0.6552388206929832,-1.3681537918645454,1.1354518694533307,71.0,122.0,,,0.0,6,0.0,0.0,0.7676666666666666,0.0,-0.0,15.575,-0.62083333333333,199,7,2022,290
2023-07-19,0.0,17.7,0,0.0,20.2,26.1,22.645833333333332,9.8,4.708333333333333,-0.4793087406981374,-2.269074179864085,92.58333333333333,126.45833333333333,551.0,99.70833333333333,1009.0208333333334,1004.9,21.34583333333333,19.7,16.733333333333334,14.7,23.3,205.55631765751644,0.5074060480559401,0.0,0.0,0.0,0.0,0.0,0.0,,0.0,0,0,0.0,0.0,0.0,0.0,0.0,0.0,694.26,-7.883333333333326,-5.658333333333303,-4.220238095238074,-2.304166666666667,1.0,0.0,1.3000000000000007,0.5,-0.4313980655420259,-0.9021616867538755,-0.4313980655420259,-0.9021616867538755,-0.4437600090963588,-2.1007845115241652,72.0,123.0,,,0.0,6,0.0,0.0,0.72625,0.0,-0.0,28.25,-0.9250000000000043,200,7,2022,291
2023-07-20,0.0,2.0,0,0.0,19.7,26.3,22.037499999999998,4.1,3.0416666666666665,0.37954435838197426,2.646914102774527,86.29166666666667,262.2916666666667,600.0,78.25,1010.2041666666668,1008.5,19.4375,18.1,16.175,14.4,19.3,11.250808914586367,0.8618495811337332,0.0,0.0,0.0,0.0,0.0,0.0,,0.0,0,0,0.0,0.0,0.0,0.0,0.0,0.0,694.26,1.183333333333394,-7.570833333333212,-3.002380952380804,-0.5583333333333336,1.0,0.0,2.599999999999998,1.5999999999999979,0.19510416894188998,0.9807825259768317,0.19510416894188998,0.9807825259768317,0.32751515258711195,2.2840662945191856,73.0,124.0,,,0.0,6,0.0,0.0,0.7958333333333334,0.0,-0.0,18.25,-0.6083333333333343,201,7,2022,292
2023-07-21,0.0,1.8,0,0.0,18.2,26.1,21.833333333333332,6.9,4.2,2.3028906409907184,-3.103921811163118,86.16666666666667,272.875,600.0,60.208333333333336,1016.3541666666666,1013.9,19.1875,18.2,16.745833333333334,15.7,18.7,145.592817000003,0.7800921078245465,0.0,0.0,0.0,0.0,0.0,0.0,,0.08333333333333333,0,0,0.0,0.0,0.0,0.0,0.0,0.0,694.26,6.149999999999864,-0.5500000000000682,2.5446428571428896,0.5708333333333329,1.0,0.0,2.645833333333332,0.0,0.5650704409889424,-0.8250426635759888,0.5650704409889424,-0.8250426635759888,1.984324102320336,-2.6745459606188873,74.0,125.0,,,0.0,6,0.0,0.0,0.8024722222222223,0.0,-0.0,25.200000000000003,-0.20416666666666572,202,7,2022,293
2023-07-22,0.0,0.4,0,0.0,17.0,26.7,22.166666666666668,5.8,3.4416666666666664,1.261318663257924,-1.9125152575109603,86.16666666666667,278.7916666666667,600.0,57.083333333333336,1020.2375000000001,1019.0,19.5,17.0,18.016666666666666,17.3,20.5,154.88750015666784,0.575162061181825,0.0,0.0,0.0,0.0,0.0,0.0,,0.125,0,0,0.0,0.0,0.0,0.0,0.0,0.0,694.26,3.8833333333334394,11.216666666666697,5.212500000000091,1.2708333333333321,1.0,0.0,2.666666666666668,0.0,0.42439697463704446,-0.9054762326637424,0.42439697463704446,-0.9054762326637424,1.0868362481739113,-1.647950646888611,75.0,126.0,,,0.0,6,0.0,0.0,0.8064166666666667,0.0,-0.0,20.65,0.3333333333333357,203,7,2022,294
2023-07-23,0.0,2.9,0,0.0,18.0,27.6,23.195833333333336,5.8,3.4791666666666665,0.8099125976551506,-2.097657626940537,86.29166666666667,278.75,600.0,72.29166666666667,1019.0375,1016.7,20.554166666666667,18.0,18.55,16.7,19.9,161.92425127067452,0.4734912337053354,0.0,0.0,0.0,0.0,0.0,0.0,,0.0,0,0,0.0,0.0,0.0,0.0,0.0,0.0,694.26,-1.2000000000000455,8.833333333333258,3.389880952380963,0.533333333333335,1.0,0.0,2.6416666666666693,0.0,0.3102740822275506,-0.9506471447902483,0.3102740822275506,-0.9506471447902483,0.6988870790599238,-1.8101037272474385,76.0,127.0,,,0.0,6,0.0,0.0,0.8068055555555556,0.0,-0.0,20.875,1.0291666666666686,204,7,2022,295
2023-07-24,0.0,1.9000000000000001,0,0.0,20.5,29.0,24.03333333333333,6.2,3.295833333333333,0.8370969117163751,-1.9337522425027902,83.95833333333333,279.375,600.0,59.75,1017.9041666666667,1016.4,20.883333333333333,19.4,19.2875,18.0,22.4,139.80690532131098,0.5401058001064143,0.0,0.0,0.0,0.0,0.0,0.0,,0.20833333333333334,0,0,0.0,0.0,0.0,0.0,0.0,0.0,694.26,-1.1333333333333258,1.5500000000000682,2.238095238095184,0.7375000000000007,1.0,0.0,3.1499999999999986,1.1000000000000014,0.6453656298863304,-0.7638738140304457,0.6453656298863304,-0.7638738140304457,0.7028126154618732,-1.6235461536013007,77.0,128.0,,,0.0,6,0.0,0.0,0.7994444444444443,0.0,-0.0,19.775,0.837499999999995,205,7,2022,296
2023-07-25,0.0,0.30000000000000004,0,0.0,20.0,29.4,24.645833333333332,7.4,3.8375,0.10578944458504043,-0.5590496338467531,78.33333333333333,306.4583333333333,600.0,15.458333333333334,1019.1083333333332,1017.9,20.316666666666666,19.1,19.795833333333334,18.5,22.0,233.0272341541696,0.13236147075010624,0.0,0.0,0.0,0.0,0.0,0.0,,0.625,0,0,0.0,0.0,0.0,0.0,0.0,0.0,694.26,1.2041666666665378,-1.1291666666668334,3.127380952380804,0.5083333333333329,1.0,0.0,4.329166666666666,0.8999999999999986,-0.7989214779395019,-0.6014353432306436,-0.7989214779395019,-0.6014353432306436,0.08286839825828167,-0.43792221317995655,78.0,129.0,,,0.0,6,0.0,0.0,0.79875,0.0,-0.0,23.025,0.6125000000000007,206,7,2022,297
2023-07-26,0.0,1.5,0,0.0,19.3,28.9,23.9375,6.0,3.1166666666666667,-0.5554565060315491,1.25892486305663,84.79166666666667,262.4166666666667,600.0,39.0,1020.2125,1019.0,20.991666666666667,18.0,19.783333333333335,18.8,21.5,337.9666907304084,0.385362395547238,0.0,0.0,0.0,0.0,0.0,0.0,,0.375,0,0,0.0,0.0,0.0,0.0,0.0,0.0,694.26,1.1041666666667425,1.1749999999999545,2.63273809523821,-0.01249999999999929,1.0,0.0,2.945833333333333,1.3000000000000007,-0.3751455543734219,0.9269659179462091,-0.3751455543734219,0.9269659179462091,-0.4709808290725843,1.0674633734667678,79.0,130.0,,,0.0,6,0.0,0.0,0.7909166666666668,0.0,-0.0,18.7,-0.7083333333333321,207,7,2022,298
2023-07-27,0.0,2.5,0,0.0,19.3,29.7,24.525000000000002,4.4,1.9916666666666665,-0.3138751629377341,0.4490532096334831,85.16666666666667,279.5416666666667,600.0,60.333333333333336,1019.225,1017.7,21.599999999999998,19.2,20.425,19.3,23.1,314.02608269663756,0.27977016898915325,0.0,0.0,0.0,0.0,0.0,0.0,,0.16666666666666666,0,0,0.0,0.0,0.0,0.0,0.0,0.0,694.26,-0.9874999999999545,1.3208333333333258,0.3565476190476602,0.6416666666666657,1.0,0.0,2.9250000000000043,0.10000000000000142,-0.7190234972244005,0.6949857627600673,-0.7190234972244005,0.6949857627600673,-0.2673170137686369,0.3824436502045165,80.0,131.0,,,0.0,6,0.0,0.0,0.8035833333333334,0.0,-0.0,11.95,0.5875000000000021,208,7,2022,299
2023-07-28,0.0,3.3,0,0.0,19.5,30.4,24.616666666666664,6.9,2.4250000000000003,0.20299710568538779,-0.4377247323971993,86.58333333333333,272.3333333333333,600.0,69.70833333333333,1019.4916666666667,1017.6,22.020833333333332,19.5,20.974999999999998,19.4,24.0,249.50224501035,0.20310681387339066,0.0,0.0,0.0,0.0,0.0,0.0,,0.125,0,0,0.0,0.0,0.0,0.0,0.0,0.0,694.26,0.2666666666666515,0.38333333333343944,0.17499999999995453,0.5499999999999972,1.0,0.0,2.5958333333333314,0.0,-0.936685910642966,-0.35017067953065045,-0.936685910642966,-0.35017067953065045,0.17576166067259824,-0.3789966641339083,81.0,132.0,,,0.0,6,0.0,0.0,0.8035,0.0,-0.0,14.55,0.09166666666666146,209,7,2022,300
2023-07-29,0.0,0.0,0,0.0,19.1,30.4,24.65416666666667,7.1,3.3625000000000003,1.180256056327404,-0.8705503602944061,85.45833333333333,275.3333333333333,600.0,57.666666666666664,1020.2624999999999,1018.8,21.741666666666664,19.1,21.05,19.4,23.7,198.67571741748554,0.18679917055944273,0.0,0.0,0.0,0.0,0.0,0.0,,0.25,0,0,0.0,0.0,0.0,0.0,0.0,0.0,694.26,0.7708333333332575,0.049999999999954525,0.9422619047618355,0.07500000000000284,1.0,0.0,2.912500000000005,0.0,-0.3202115236541644,-0.9473460719922148,-0.3202115236541644,-0.9473460719922148,1.0086271548031274,-0.7439578287349279,82.0,133.0,,,0.0,6,0.0,0.0,0.8017499999999999,0.0,-0.0,20.175,0.037500000000004974,210,7,2022,301
2023-07-30,0.0,1.8,0,0.0,19.7,29.0,24.55,4.6,2.3208333333333333,-1.0904879248560377,0.6117030880162856,86.41666666666667,257.75,600.0,60.666666666666664,1019.7875,1018.1,21.979166666666668,19.6,20.166666666666668,18.6,22.1,298.3778282749636,0.48303431801645397,0.0,0.0,0.0,0.0,0.0,0.0,,0.125,0,0,0.0,0.0,0.0,0.0,0.0,0.0,694.26,-0.47499999999990905,0.5625,0.3601190476190368,-0.8833333333333329,1.0,0.0,2.570833333333333,0.09999999999999787,-0.8798325591115619,0.4752837762086982,-0.8798325591115619,0.4752837762086982,-0.9423633150630927,0.5286134185607402,83.0,134.0,,,0.0,6,0.0,0.0,0.7932222222222222,0.0,-0.0,13.925,-0.10416666666666785,211,7,2022,302
2023-07-31,0.0,2.4,0,0.0,20.9,28.7,24.479166666666668,5.9,2.8166666666666664,-1.3954803801576425,0.899799175946353,84.58333333333333,246.58333333333334,600.0,67.54166666666667,1018.0875,1016.4,21.53333333333333,20.4,19.3,17.9,22.0,310.9953577865034,0.5554751016209974,0.0,0.0,0.0,0.0,0.0,0.0,,0.125,0,0,0.0,0.0,0.0,0.0,0.0,0.0,694.26,-1.7000000000000455,-1.404166666666697,-1.3660714285713311,-0.8666666666666671,1.0,0.0,2.9458333333333364,0.5,-0.7547627329012141,0.6559978788254507,-0.7547627329012141,0.6559978788254507,-1.180343821550006,0.7610801363212901,84.0,135.0,,,0.0,6,0.0,0.0,0.7796666666666666,0.0,-0.0,16.9,-0.07083333333333286,212,7,2022,303
2023-08-01,0.0,10.9,0,0.0,20.1,28.1,23.429166666666664,7.5,3.108333333333333,-0.7819057052732371,-0.43969583433957776,86.58333333333333,272.875,600.0,52.583333333333336,1016.8625000000001,1015.2,20.891666666666666,19.8,19.591666666666665,17.7,22.6,239.8017693175489,0.19682386526375203,0.0,0.0,0.0,0.0,0.0,0.0,,0.3333333333333333,0,0,0.0,0.0,0.0,0.0,0.0,0.0,694.26,-1.224999999999909,-3.3999999999998636,-2.270238095238028,0.2916666666666643,1.0,0.0,2.537499999999998,0.3000000000000007,-0.8642903350071972,-0.5029932572243356,-0.8642903350071972,-0.5029932572243356,-0.6770000231490778,-0.3807033098990177,85.0,136.0,,,0.0,6,0.0,0.0,0.803861111111111,0.0,-0.0,18.65,-1.0500000000000043,213,8,2022,304
2023-08-02,0.0,0.8,0,0.0,21.8,28.6,24.483333333333334,6.2,3.7583333333333333,0.5132414861071161,-2.4989569584237263,75.95833333333333,248.125,600.0,73.70833333333333,1015.3791666666666,1014.1,19.791666666666668,18.4,19.7625,18.2,22.3,176.6300965531342,0.6564188754586571,0.0,0.0,0.0,0.0,0.0,0.0,,0.16666666666666666,0,0,0.0,0.0,0.0,0.0,0.0,0.0,694.26,-1.4833333333334622,-4.408333333333417,-3.063095238095343,0.17083333333333428,1.0,0.0,4.691666666666666,3.400000000000002,0.05878200606251319,-0.9982708428894769,0.05878200606251319,-0.9982708428894769,0.38984967882219684,-1.8981660563360219,86.0,137.0,,,0.0,6,0.0,0.0,0.7519444444444444,0.0,-0.0,22.55,1.0541666666666707,214,8,2022,305
2023-08-03,0.0,2.6,0,0.0,21.8,28.6,24.662499999999998,6.4,3.3208333333333333,0.08813705068952256,-1.1247499704880701,78.625,246.91666666666666,600.0,67.29166666666667,1013.8000000000001,1012.2,20.591666666666665,17.7,20.3625,18.0,23.7,196.43024718379317,0.17635883692963325,0.0,0.0,0.0,0.0,0.0,0.0,,0.16666666666666666,0,0,0.0,0.0,0.0,0.0,0.0,0.0,694.26,-1.5791666666665378,-4.287499999999909,-3.8672619047619037,0.6000000000000014,1.0,0.0,4.070833333333333,4.100000000000001,-0.28284785174324895,-0.9591647891599384,-0.28284785174324895,-0.9591647891599384,0.0692977561046371,-0.8843346642962452,87.0,138.0,,,0.0,6,0.0,0.0,0.7600277777777777,0.0,-0.0,19.925,0.1791666666666636,215,8,2022,306
2023-08-04,0.0,1.6,0,0.0,22.0,29.6,25.1875,5.6,3.1041666666666665,-0.48770557053951435,-0.43162613089398255,77.58333333333333,281.5416666666667,600.0,13.25,1011.6166666666667,1009.5,20.837500000000002,18.7,20.733333333333334,18.5,24.0,230.11598661660057,0.23445395504371802,0.0,0.0,0.0,0.0,0.0,0.0,,0.75,0,0,0.0,0.0,0.0,0.0,0.0,0.0,694.26,-2.183333333333394,-5.245833333333394,-4.925595238095298,0.37083333333333357,1.0,0.0,4.349999999999998,3.3000000000000007,-0.7673440986467265,-0.6412355528758857,-0.7673440986467265,-0.6412355528758857,-0.3783782384769065,-0.3348699398852481,88.0,139.0,,,0.0,6,0.0,0.0,0.7796388888888889,0.0,-0.0,18.625,0.5250000000000021,216,8,2022,307
2023-08-05,0.0,0.7,0,0.0,22.5,29.9,25.704166666666666,8.4,5.079166666666667,1.0821486533599265,-3.643981618766597,75.5,288.0833333333333,600.0,12.208333333333334,1008.3291666666668,1006.3,20.829166666666666,19.5,20.658333333333335,18.0,24.5,173.67148642637238,0.6984579122403272,0.0,0.0,0.0,0.0,0.0,0.0,,0.6666666666666666,0,0,0.0,0.0,0.0,0.0,0.0,0.0,694.26,-3.287499999999909,-7.049999999999841,-6.508333333333212,-0.07499999999999929,1.0,0.0,4.875,3.0,0.11022894785828216,-0.9939062224647032,0.11022894785828216,-0.9939062224647032,0.8170222332867445,-2.751206122168781,89.0,140.0,,,0.0,6,0.0,0.0,0.7770555555555555,0.0,-0.0,30.475,0.5166666666666657,217,8,2022,308
2023-08-06,0.0,1.0999999999999999,0,0.0,21.9,29.2,24.958333333333332,11.3,7.208333333333333,3.0200711043225126,-6.087982888754003,81.91666666666667,298.0,600.0,25.791666666666668,1006.3041666666667,1003.6,21.454166666666666,20.4,20.645833333333332,18.1,24.9,158.78742295242748,0.9244274421709202,0.0,0.0,0.0,0.0,0.0,0.0,,0.6666666666666666,0,0,0.0,0.0,0.0,0.0,0.0,0.0,694.26,-2.025000000000091,-7.495833333333394,-6.60714285714289,-0.012500000000002842,1.0,0.0,3.5041666666666664,1.5,0.36182921659567496,-0.9322443982227837,0.36182921659567496,-0.9322443982227837,2.4739415796241917,-4.987072649704321,90.0,141.0,,,0.0,6,0.0,0.0,0.8050555555555556,0.0,-0.0,43.25,-0.7458333333333336,218,8,2022,309
2023-08-07,0.0,3.3,0,0.0,21.5,28.7,24.108333333333334,12.2,7.329166666666667,3.4091777859854098,-6.294662103759385,88.83333333333333,217.66666666666666,600.0,89.95833333333333,1008.3874999999999,1007.0,22.0,20.9,19.591666666666665,17.6,22.7,153.24958788017764,0.9766106189330039,0.0,0.0,0.0,0.0,0.0,0.0,,0.0,0,0,0.0,0.0,0.0,0.0,0.0,0.0,694.26,2.0833333333332575,-3.2291666666667425,-3.138095238095275,-1.0541666666666671,1.0,0.0,2.1083333333333343,0.6000000000000014,0.4501048640874316,-0.8929757058984498,0.4501048640874316,-0.8929757058984498,3.028486266550372,-5.591758168839586,91.0,142.0,,,0.0,6,0.0,0.0,0.7745555555555556,0.0,-0.0,43.975,-0.8499999999999979,219,8,2022,310
2023-08-08,0.0,0.1,0,0.0,21.3,29.2,24.462500000000002,11.9,8.325000000000001,4.104730404484015,-7.07230740485861,86.45833333333333,226.45833333333334,600.0,91.04166666666667,1011.3958333333334,1009.6,21.875,21.0,20.045833333333334,18.1,22.9,150.66171660849193,0.97959446821352,0.0,0.0,0.0,0.0,0.0,0.0,,0.0,0,0,0.0,0.0,0.0,0.0,0.0,0.0,694.26,3.0083333333334394,3.066666666666606,0.6511904761905498,0.45416666666666927,1.0,0.0,2.587500000000002,0.3000000000000007,0.4899650340613812,-0.8717420865125358,0.4899650340613812,-0.8717420865125358,3.5488814955434713,-6.114599110450673,92.0,143.0,,,0.0,6,0.0,0.0,0.7725,0.0,-0.0,49.95,0.35416666666666785,220,8,2022,311
2023-08-09,0.0,2.4,0,0.0,21.4,28.1,24.45,12.9,9.495833333333334,4.324251562999824,-8.374800524432231,91.5,220.70833333333334,600.0,86.125,1014.225,1013.2,22.891666666666666,21.1,20.108333333333334,17.7,23.8,153.925796165292,0.9900164290366011,0.0,0.0,0.0,0.0,0.0,0.0,,0.0,0,0,0.0,0.0,0.0,0.0,0.0,0.0,694.26,2.8291666666666515,7.9208333333333485,3.645238095238142,0.0625,1.0,0.0,1.5583333333333336,0.29999999999999716,0.43953480810437817,-0.8982255576772726,0.43953480810437817,-0.8982255576772726,3.9566901801448386,-7.6629424798554915,93.0,144.0,,,0.0,6,0.0,0.0,0.7854722222222222,0.0,-0.0,56.975,-0.012500000000002842,221,8,2022,312
2023-08-10,0.0,1.6,0,0.0,21.3,28.2,24.320833333333336,16.9,12.733333333333334,5.147078081625518,-11.599007372738221,84.29166666666667,300.625,600.0,47.791666666666664,1013.5833333333334,1011.2,21.2375,18.8,19.379166666666666,16.2,24.4,156.49376466446134,0.995417151124137,0.0,0.0,0.0,0.0,0.0,0.0,,0.2916666666666667,0,0,0.0,0.0,0.0,0.0,0.0,0.0,694.26,-0.6416666666666515,5.195833333333439,3.034523809523762,-0.7291666666666679,1.0,0.0,3.0833333333333357,2.5,0.3988488675844126,-0.9170166742358787,0.3988488675844126,-0.9170166742358787,4.338557899636843,-9.776996631270592,94.0,145.0,,,0.0,6,0.0,0.0,0.8147222222222222,0.0,-0.0,76.4,-0.12916666666666288,222,8,2022,313
2023-08-11,0.0,0.0,0,0.0,18.5,30.7,24.5125,7.6,5.345833333333334,2.64990762351055,-3.690565133493878,74.45833333333333,320.375,600.0,6.958333333333333,1011.3916666666668,1008.0,19.004166666666666,16.8,20.695833333333333,17.6,25.1,145.8340485078579,0.7758320169709051,0.0,0.0,0.0,0.0,0.0,0.0,,0.8333333333333334,0,0,0.0,0.0,0.0,0.0,0.0,0.0,694.26,-2.191666666666606,-0.004166666666606034,0.8750000000001137,1.3166666666666664,1.0,0.0,5.508333333333333,1.6999999999999993,0.5615917789158031,-0.8274144510788918,0.5615917789158031,-0.8274144510788918,1.9730770513388969,-2.74793328898065,95.0,146.0,,,0.0,6,0.0,0.0,0.7951111111111112,0.0,-0.0,32.075,0.19166666666666288,223,8,2022,314
2023-08-12,0.0,0.0,0,0.0,18.1,29.9,24.7625,6.3,3.7291666666666665,0.06545006087150439,1.608090724779568,76.41666666666667,291.0,600.0,13.708333333333334,1007.75,1005.8,19.929166666666667,16.5,20.087500000000002,17.6,24.1,345.9796497591307,0.39944073469920865,0.0,0.0,0.0,0.0,0.0,0.0,,0.6666666666666666,0,0,0.0,0.0,0.0,0.0,0.0,0.0,694.26,-3.641666666666765,-6.475000000000023,-2.6839285714286234,-0.6083333333333307,1.0,0.0,4.833333333333332,1.6000000000000014,-0.24226650871418365,0.9702097395694605,-0.24226650871418365,0.9702097395694605,0.050014754849307945,1.2288493288523865,96.0,147.0,,,0.0,6,0.0,0.0,0.7820555555555555,0.0,-0.0,22.375,0.25,224,8,2022,315
2023-08-13,0.0,1.7000000000000002,0,0.0,19.2,31.0,24.795833333333334,9.7,6.341666666666666,2.375114892954875,-4.836461942749,83.625,295.0416666666667,600.0,52.458333333333336,1007.9208333333332,1005.8,21.416666666666668,19.1,20.441666666666666,17.9,24.0,161.4787661251267,0.8058576683141777,0.0,0.0,0.0,0.0,0.0,0.0,,0.375,0,0,0.0,0.0,0.0,0.0,0.0,0.0,694.26,0.1708333333332348,-5.662500000000136,-2.7440476190478194,0.3541666666666643,1.0,0.0,3.3791666666666664,0.09999999999999787,0.31765608432983844,-0.9482059966527498,0.31765608432983844,-0.9482059966527498,1.986189829233514,-4.044491299623851,97.0,148.0,,,0.0,6,0.0,0.0,0.8087777777777778,0.0,-0.0,38.05,0.03333333333333499,225,8,2022,316
2023-08-14,0.0,0.2,0,0.0,21.8,29.0,24.870833333333334,15.8,10.570833333333333,3.287028563002887,-9.93529674505489,86.45833333333333,289.5416666666667,600.0,62.791666666666664,1007.6416666666668,1005.9,22.3,21.5,20.662499999999998,18.0,25.3,163.05722132606857,0.9881435567282505,0.0,0.0,0.0,0.0,0.0,0.0,,0.041666666666666664,0,0,0.0,0.0,0.0,0.0,0.0,0.0,694.26,-0.2791666666664696,-3.75,-2.9166666666666288,0.22083333333333144,1.0,0.0,2.570833333333333,0.3000000000000007,0.2914164969969978,-0.9565962707840747,0.2914164969969978,-0.9565962707840747,2.841910111762912,-8.589891977495373,98.0,149.0,,,0.0,6,0.0,0.0,0.8145555555555556,0.0,-0.0,63.425,0.07499999999999929,226,8,2022,317
2023-08-15,0.0,1.6,0,0.0,21.7,28.2,24.204166666666666,20.2,14.908333333333333,5.828433841601545,-13.575564540875737,87.41666666666667,195.95833333333334,600.0,99.08333333333333,1005.7416666666667,1003.7,21.858333333333334,20.9,18.841666666666665,16.2,22.1,157.91591397702032,0.9876618940676448,0.0,0.0,0.0,0.0,0.0,0.0,,0.0,0,0,0.0,0.0,0.0,0.0,0.0,0.0,694.26,-1.900000000000091,-2.0083333333333258,-4.008928571428669,-1.8208333333333329,1.0,0.0,2.3458333333333314,0.8000000000000007,0.3759669041025268,-0.9266330919083138,0.3759669041025268,-0.9266330919083138,5.095022583200017,-11.867306002815543,99.0,150.0,,,0.0,6,0.0,0.0,0.7553611111111111,0.0,-0.0,89.45,-0.6666666666666679,227,8,2022,318
2023-08-16,0.0,22.0,0,0.0,20.8,28.3,23.05,16.9,11.2875,5.059567587650725,-9.833742180787414,93.70833333333333,176.20833333333334,600.0,75.125,1006.7041666666668,1005.2,21.912499999999998,19.9,19.554166666666667,17.7,23.4,156.60210685318467,0.9725767983377449,0.0,0.0,0.0,0.0,0.0,0.0,,0.08333333333333333,0,0,0.0,0.0,0.0,0.0,0.0,0.0,694.26,0.962500000000091,-1.2166666666664696,-1.9720238095237619,0.7125000000000021,1.0,0.0,1.1375000000000028,0.9000000000000021,0.39711414312919086,-0.91776922879707,0.39711414312919086,-0.91776922879707,4.741236460261033,-9.215035901912872,100.0,151.0,,,0.0,6,0.0,0.0,0.7631666666666667,0.0,-0.0,67.725,-1.154166666666665,228,8,2022,319
2023-08-17,0.0,6.0,0,0.0,19.8,29.2,24.079166666666666,7.2,4.229166666666667,1.0255090810532743,-2.94081217335075,89.33333333333333,221.83333333333334,600.0,54.291666666666664,1011.1208333333334,1009.8,22.075,19.7,19.958333333333332,18.1,23.1,165.46126023171306,0.6831332671313721,0.0,0.0,0.0,0.0,0.0,0.0,,0.4166666666666667,0,0,0.0,0.0,0.0,0.0,0.0,0.0,694.26,4.416666666666629,3.4791666666666288,2.7964285714286916,0.404166666666665,1.0,0.0,2.0041666666666664,0.10000000000000142,0.2510345467374922,-0.9679781280299167,0.2510345467374922,-0.9679781280299167,0.916121445740925,-2.62712554152667,101.0,152.0,,,0.0,6,0.0,0.0,0.7789999999999999,0.0,-0.0,25.375,1.029166666666665,229,8,2022,320
2023-08-18,0.0,1.9000000000000001,0,0.0,22.2,28.7,24.6125,6.2,3.2708333333333335,-0.301492259719367,-0.7205970078861385,86.66666666666667,179.75,600.0,68.25,1013.8791666666666,1012.7,22.070833333333336,20.9,20.304166666666667,18.9,22.6,217.2474091846079,0.2559828111615027,0.0,0.0,0.0,0.0,0.0,0.0,,0.08333333333333333,0,0,0.0,0.0,0.0,0.0,0.0,0.0,694.26,2.758333333333212,8.137499999999932,5.199404761904702,0.345833333333335,1.0,0.0,2.5416666666666643,1.3000000000000007,-0.6052579935994487,-0.7960293720610878,-0.6052579935994487,-0.7960293720610878,-0.26129329175678473,-0.6245174068346534,102.0,153.0,,,0.0,6,0.0,0.0,0.7420555555555556,0.0,-0.0,19.625,0.533333333333335,230,8,2022,321
2023-08-19,0.0,11.6,0,0.0,21.2,29.5,24.97083333333333,4.8,2.6333333333333333,-0.48907261875615177,0.9296948549587052,86.875,214.83333333333334,600.0,57.208333333333336,1016.25,1015.2,22.5,20.8,20.5125,19.1,23.1,305.4010337493586,0.46264796860957363,0.0,0.0,0.0,0.0,0.0,0.0,,0.125,0,0,0.0,0.0,0.0,0.0,0.0,0.0,694.26,2.370833333333394,9.545833333333235,6.355952380952431,0.20833333333333215,1.0,0.0,2.4708333333333314,0.3999999999999986,-0.8151173440138383,0.5792958790530328,-0.8151173440138383,0.5792958790530328,-0.42488183754440684,0.8076724052453751,103.0,154.0,,,0.0,6,0.0,0.0,0.7661388888888889,0.0,-0.0,15.8,0.35833333333333073,231,8,2022,322
2023-08-20,0.0,5.0,0,0.0,20.1,29.8,24.620833333333334,5.1,2.620833333333333,1.1880655850516952,-0.15555330982163698,87.29166666666667,238.375,600.0,58.416666666666664,1016.2708333333334,1014.9,22.241666666666664,19.8,20.3875,18.9,22.9,93.46520566280549,0.1360118960831146,0.0,0.0,0.0,0.0,0.0,0.0,,0.20833333333333334,0,0,0.0,0.0,0.0,0.0,0.0,0.0,694.26,0.02083333333337123,5.149999999999977,5.183928571428623,-0.125,1.0,0.0,2.37916666666667,0.3000000000000007,0.9981716876689396,-0.06044238526184084,0.9981716876689396,-0.06044238526184084,1.037082250284709,-0.13578507669847062,104.0,155.0,,,0.0,6,0.0,0.0,0.7832222222222223,0.0,-0.0,15.724999999999998,-0.34999999999999787,232,8,2022,323
2023-08-21,0.0,0.7,0,0.0,22.2,30.5,25.45,8.0,4.9750000000000005,2.376604289703007,-3.40257582427046,84.625,251.125,600.0,42.291666666666664,1014.9541666666668,1013.2,22.504166666666666,21.4,20.758333333333333,18.2,23.9,153.1456188778439,0.7263008661001776,0.0,0.0,0.0,0.0,0.0,0.0,,0.4583333333333333,0,0,0.0,0.0,0.0,0.0,0.0,0.0,694.26,-1.316666666666606,1.0750000000001592,2.8226190476191277,0.37083333333333357,1.0,0.0,2.945833333333333,0.8000000000000007,0.4517245171262859,-0.8921574752402313,0.4517245171262859,-0.8921574752402313,2.0112013801611694,-2.8794297912888767,105.0,156.0,,,0.0,6,0.0,0.0,0.7828333333333334,0.0,-0.0,29.85,0.8291666666666657,233,8,2022,324
2023-08-22,0.0,0.7000000000000001,0,0.0,20.6,30.0,24.84583333333333,9.7,6.804166666666667,2.0078401586116166,-5.422393440459466,85.125,284.625,600.0,77.125,1014.65,1012.5,21.84166666666667,20.5,20.908333333333335,18.3,24.6,168.39120038155582,0.8355028307957874,0.0,0.0,0.0,0.0,0.0,0.0,,0.0,0,0,0.0,0.0,0.0,0.0,0.0,0.0,694.26,-0.30416666666678793,-1.6000000000000227,1.245833333333394,0.15000000000000213,1.0,0.0,3.004166666666663,0.10000000000000142,0.2012283642082328,-0.9795443560340077,0.2012283642082328,-0.9795443560340077,1.7091739350181385,-4.61581241619112,106.0,157.0,,,0.0,6,0.0,0.0,0.8068333333333334,0.0,-0.0,40.825,-0.6041666666666679,234,8,2022,325
2023-08-23,0.0,4.1000000000000005,0,0.0,21.8,28.6,24.15416666666667,11.0,7.4125000000000005,2.9716888349711343,-6.512745855647097,91.95833333333333,215.75,600.0,89.91666666666667,1015.5749999999999,1014.0,22.670833333333334,21.2,19.845833333333335,17.7,23.1,157.54022040412858,0.965404127715406,0.0,0.0,0.0,0.0,0.0,0.0,,0.041666666666666664,0,0,0.0,0.0,0.0,0.0,0.0,0.0,694.26,0.9249999999999545,-0.6958333333334394,0.9035714285713539,-1.0625,1.0,0.0,1.4833333333333343,0.6000000000000014,0.38203479458160233,-0.9241479403910355,0.38203479458160233,-0.9241479403910355,2.7327155244922055,-5.989012543088808,107.0,158.0,,,0.0,6,0.0,0.0,0.7836944444444445,0.0,-0.0,44.475,-0.6916666666666629,235,8,2022,326
2023-08-24,0.0,1.2,0,0.0,20.8,28.6,24.400000000000002,10.8,6.770833333333333,3.141033154168845,-5.636052194872938,87.83333333333333,209.875,600.0,85.54166666666667,1016.15,1015.0,22.079166666666666,20.4,19.183333333333334,17.0,21.8,152.15027472560817,0.9371094019615552,0.0,0.0,0.0,0.0,0.0,0.0,,0.041666666666666664,0,0,0.0,0.0,0.0,0.0,0.0,0.0,694.26,0.5750000000000455,1.195833333333212,0.760119047619014,-0.6625000000000014,1.0,0.0,2.3208333333333364,0.40000000000000213,0.4671541656811091,-0.8841758792722106,0.4671541656811091,-0.8841758792722106,2.7588741204116354,-4.9503325111633965,108.0,159.0,,,0.0,6,0.0,0.0,0.7660277777777779,0.0,-0.0,40.625,0.24583333333333357,236,8,2022,327
2023-08-25,0.0,1.5,0,0.0,19.1,28.9,24.09166666666667,7.1,5.408333333333334,1.5051591635426371,-3.9314819851655005,84.41666666666667,234.375,600.0,54.25,1014.9625,1012.8,21.075,19.1,19.650000000000002,17.3,22.4,158.70458037511142,0.7742905989387594,0.0,0.0,0.0,0.0,0.0,0.0,,0.08333333333333333,0,0,0.0,0.0,0.0,0.0,0.0,0.0,694.26,-1.1875,0.3125,-0.5821428571429124,0.46666666666666856,1.0,0.0,3.0166666666666693,0.0,0.3631767474683411,-0.9317202638658862,0.3631767474683411,-0.9317202638658862,1.2706051938905762,-3.3188260424772102,109.0,160.0,,,0.0,6,0.0,0.0,0.7709722222222223,0.0,-0.0,32.45,-0.30833333333333357,237,8,2022,328
2023-08-26,0.0,1.9,0,0.0,20.2,28.9,23.974999999999998,8.5,5.695833333333333,2.578789737819472,-3.823515181302666,82.70833333333333,261.5833333333333,600.0,34.125,1014.0166666666668,1011.9,20.625,19.8,19.2375,17.0,22.3,153.16600331671594,0.6802108723462224,0.0,0.0,0.0,0.0,0.0,0.0,,0.4166666666666667,0,0,0.0,0.0,0.0,0.0,0.0,0.0,694.26,-0.9458333333332121,-1.5583333333331666,-1.208928571428487,-0.4125000000000014,1.0,0.0,3.349999999999998,0.3999999999999986,0.4514070807058942,-0.8923181313234548,0.4514070807058942,-0.8923181313234548,2.1328740123215217,-3.162365681202413,110.0,161.0,,,0.0,6,0.0,0.0,0.7834166666666667,0.0,-0.0,34.175,-0.1166666666666707,238,8,2022,329
2023-08-27,0.0,1.2,0,0.0,19.8,28.6,23.629166666666666,6.6,4.2375,1.23606685402608,0.22514016277581828,80.75,248.75,600.0,62.916666666666664,1012.0541666666667,1009.9,19.8625,18.6,18.2375,16.5,20.3,65.11409516580757,0.1761137069551703,0.0,0.0,0.0,0.0,0.0,0.0,,0.16666666666666666,0,0,0.0,0.0,0.0,0.0,0.0,0.0,694.26,-1.962500000000091,-4.095833333333303,-2.5690476190475238,-1.0,1.0,0.0,3.7666666666666657,1.1999999999999993,0.9071475646227237,0.42081266140535895,0.9071475646227237,0.42081266140535895,0.9981239846260596,0.18180068144147327,111.0,162.0,,,0.0,6,0.0,0.0,0.7683333333333334,0.0,-0.0,25.424999999999997,-0.34583333333333144,239,8,2022,330
2023-08-28,0.0,2.2,0,0.0,18.4,28.1,23.400000000000002,6.5,3.9875000000000003,-0.8215447467945438,1.5765046202389537,82.79166666666667,225.58333333333334,600.0,72.29166666666667,1012.5291666666667,1010.4,20.083333333333332,16.9,19.125,18.6,20.0,338.66556731316484,0.3272480581705568,0.0,0.0,0.0,0.0,0.0,0.0,,0.20833333333333334,0,0,0.0,0.0,0.0,0.0,0.0,0.0,694.26,0.47500000000002274,-2.4333333333332803,-1.7476190476189686,0.8874999999999993,1.0,0.0,3.31666666666667,1.5,-0.36381107750300845,0.9314727585314022,-0.36381107750300845,0.9314727585314022,-0.6801705882836494,1.3052144501728338,112.0,163.0,,,0.0,6,0.0,0.0,0.7596944444444444,0.0,-0.0,23.925,-0.2291666666666643,240,8,2022,331
2023-08-29,0.0,1.0,0,0.0,21.5,28.9,25.09583333333333,9.2,4.9624999999999995,1.3870671912521655,-3.2489989067574356,80.16666666666667,224.29166666666666,600.0,29.0,1016.4708333333333,1015.0,21.25,20.0,19.808333333333334,18.3,22.0,153.84935210339555,0.6272939234067622,0.0,0.0,0.0,0.0,0.0,0.0,,0.5,0,0,0.0,0.0,0.0,0.0,0.0,0.0,694.26,3.941666666666606,2.454166666666538,1.9339285714285097,0.6833333333333336,1.0,0.0,3.8458333333333314,1.5,0.4407328295972309,-0.897638330796551,0.4407328295972309,-0.897638330796551,1.1119655316538195,-2.6046141235838776,113.0,164.0,,,0.0,6,0.0,0.0,0.7500833333333334,0.0,-0.0,29.775,1.6958333333333293,241,8,2022,332
2023-08-30,0.0,0.3,0,0.0,20.2,29.6,24.554166666666664,8.3,5.845833333333334,2.550793137950403,-4.677619559011096,79.58333333333333,210.95833333333334,600.0,88.79166666666667,1018.6875,1017.5,20.5125,19.2,20.0625,18.1,22.8,152.90908116475248,0.9136525153469827,0.0,0.0,0.0,0.0,0.0,0.0,,0.0,0,0,0.0,0.0,0.0,0.0,0.0,0.0,694.26,2.216666666666697,6.633333333333326,3.70595238095234,0.25416666666666643,1.0,0.0,4.041666666666664,1.0,0.45540380614338116,-0.8902849955773273,0.45540380614338116,-0.8902849955773273,2.0300062056188626,-3.7226055657129975,114.0,165.0,,,0.0,6,0.0,0.0,0.7392500000000001,0.0,-0.0,35.075,-0.5416666666666679,242,8,2022,333
2023-08-31,0.0,0.0,0,0.0,19.7,29.4,24.0625,10.7,7.016666666666667,2.858092511530469,-5.972418193219791,71.66666666666667,232.08333333333334,600.0,94.125,1019.0916666666667,1017.4,18.224999999999998,16.3,20.066666666666666,17.7,23.3,156.12073938644144,0.9423981274970291,0.0,0.0,0.0,0.0,0.0,0.0,,0.0,0,0,0.0,0.0,0.0,0.0,0.0,0.0,694.26,0.404166666666697,6.5625,3.6898809523810314,0.00416666666666643,1.0,0.0,5.837500000000002,3.3999999999999986,0.4048106272128769,-0.9144005446714898,0.4048106272128769,-0.9144005446714898,2.048299633263503,-4.280233038474183,115.0,166.0,,,0.0,6,0.0,0.0,0.7269444444444444,0.0,-0.0,42.1,-0.4916666666666636,243,8,2022,334
2023-09-01,0.0,0.0,0,0.0,19.2,29.6,24.224999999999998,7.3,4.641666666666667,1.1396573410729702,-2.725047579668324,72.25,256.6666666666667,600.0,72.5,1017.6625,1015.7,18.616666666666667,16.4,19.545833333333334,17.4,22.4,143.9378998838759,0.3919311937855412,0.0,0.0,0.0,0.0,0.0,0.0,,0.08333333333333333,0,0,0.0,0.0,0.0,0.0,0.0,0.0,694.26,-1.4291666666666742,1.1916666666667197,1.8749999999998863,-0.5208333333333321,1.0,0.0,5.608333333333331,2.8000000000000007,0.5886617611517493,-0.8083794473870058,0.5886617611517493,-0.8083794473870058,0.823402428925221,-1.968846876310364,116.0,167.0,,,0.0,6,0.0,0.0,0.7452777777777778,0.0,-0.0,27.85,0.16249999999999787,244,9,2022,335
2023-09-02,0.0,0.2,0,0.0,20.1,29.4,23.8875,7.0,4.083333333333333,1.1388198083343648,-0.6962874017942364,77.125,219.70833333333334,600.0,92.70833333333333,1016.5083333333333,1014.9,19.270833333333332,17.3,19.095833333333335,17.6,21.2,120.45987760285016,0.2894629760565804,0.0,0.0,0.0,0.0,0.0,0.0,,0.0,0,0,0.0,0.0,0.0,0.0,0.0,0.0,694.26,-1.154166666666697,-2.1791666666666742,0.36488095238087226,-0.4499999999999993,1.0,0.0,4.616666666666667,2.8000000000000007,0.8619843619925952,-0.5069348672958082,0.8619843619925952,-0.5069348672958082,0.8783147771778789,-0.5370116586338048,117.0,168.0,,,0.0,6,0.0,0.0,0.7368888888888888,0.0,-0.0,24.5,-0.3374999999999986,245,9,2022,336
2023-09-03,0.0,0.0,0,0.0,20.0,29.6,24.395833333333332,10.2,5.979166666666667,3.214865576573102,-3.825272496045178,76.375,272.125,600.0,56.583333333333336,1016.6,1014.5,19.608333333333334,18.4,19.804166666666667,18.2,22.6,142.89827851751315,0.5882744983549789,0.0,0.0,0.0,0.0,0.0,0.0,,0.20833333333333334,0,0,0.0,0.0,0.0,0.0,0.0,0.0,694.26,0.09166666666669698,-2.4916666666666742,-0.1928571428571786,0.7083333333333321,1.0,0.0,4.787499999999998,1.6000000000000014,0.6032319513107827,-0.7975658047570655,0.6032319513107827,-0.7975658047570655,2.4553535841077063,-2.921551868854505,118.0,169.0,,,0.0,6,0.0,0.0,0.7693333333333333,0.0,-0.0,35.875,0.5083333333333329,246,9,2022,337
2023-09-04,0.0,0.0,0,0.0,19.6,28.9,24.016666666666666,11.2,6.966666666666666,2.4011753723738463,-6.012309034265427,81.75,175.29166666666666,600.0,86.91666666666667,1013.6833333333334,1010.8,20.525000000000002,18.0,19.420833333333334,18.6,20.4,155.79398815878562,0.8806823914521859,0.0,0.0,0.0,0.0,0.0,0.0,,0.0,0,0,0.0,0.0,0.0,0.0,0.0,0.0,694.26,-2.9166666666666288,-3.9791666666666288,-3.274404761904634,-0.38333333333333286,1.0,0.0,3.4916666666666636,1.6000000000000014,0.4100187370862703,-0.9120770993935655,0.4100187370862703,-0.9120770993935655,1.9629608669156193,-4.915062635511987,119.0,170.0,,,0.0,6,0.0,0.0,0.7226944444444444,0.0,-0.0,41.8,-0.37916666666666643,247,9,2022,338
2023-09-05,0.0,10.0,0,0.0,20.8,29.7,24.212500000000002,5.2,3.3249999999999997,-1.6651539798558053,-0.032971634439297015,87.25,195.54166666666666,600.0,50.916666666666664,1012.3583333333332,1010.9,21.866666666666664,20.3,19.3125,18.1,20.5,259.149388476257,0.48060183780953647,0.0,0.0,0.0,0.0,0.0,0.0,,0.041666666666666664,0,0,0.0,0.0,0.0,0.0,0.0,0.0,694.26,-1.3250000000001592,-4.150000000000091,-4.01190476190493,-0.10833333333333428,1.0,0.0,2.3458333333333385,0.5,-0.9821213465331293,-0.18824893275647797,-0.9821213465331293,-0.18824893275647797,-1.4528468474241902,-0.028767751048286647,120.0,171.0,,,0.0,6,0.0,0.0,0.7545277777777778,0.0,-0.0,19.95,0.1958333333333364,248,9,2022,339
2023-09-06,0.0,20.1,0,0.0,19.6,24.0,21.366666666666664,9.6,3.845833333333333,-1.040210411481243,2.560070213604002,95.29166666666667,74.45833333333333,420.0,84.375,1010.7791666666667,1009.6,20.541666666666668,18.8,16.158333333333335,15.0,18.5,317.7234513697207,0.5945956817715113,0.0,0.0,0.0,0.0,0.0,0.0,,0.041666666666666664,0,0,0.0,0.0,0.0,0.0,0.0,0.0,694.26,-1.5791666666665378,-5.820833333333326,-4.461309523809518,-3.154166666666665,1.0,0.0,0.8249999999999957,0.8000000000000007,-0.6727097234620386,0.7399064994711342,-0.6727097234620386,0.7399064994711342,-0.9912338379406678,2.439533574380147,121.0,172.0,,,0.0,6,0.0,0.0,0.7006111111111112,0.0,-0.0,23.075,-2.8458333333333385,249,9,2022,340
2023-09-07,0.0,0.6000000000000001,0,0.0,17.1,25.6,20.966666666666665,10.5,5.979166666666667,2.2725036860265626,-1.7842216831308446,87.54166666666667,203.5,600.0,76.70833333333333,1013.7791666666667,1012.2,18.641666666666666,16.8,16.825,14.8,19.1,122.55246169882814,0.2668392067987153,0.0,0.0,0.0,0.0,0.0,0.0,,0.125,0,0,0.0,0.0,0.0,0.0,0.0,0.0,694.26,3.0,0.09583333333330302,-0.7023809523809632,0.6666666666666643,1.0,0.0,2.3249999999999993,0.3000000000000007,0.8428991250366166,-0.5380716169921121,0.8428991250366166,-0.5380716169921121,1.9893876018090868,-1.5619373984407938,122.0,173.0,,,0.0,6,0.0,0.0,0.7608055555555556,0.0,-0.0,35.875,-0.3999999999999986,250,9,2022,341
2023-09-08,0.0,8.700000000000001,0,0.0,18.3,22.2,20.087500000000002,16.9,11.270833333333334,1.9182085915454328,-10.861536532520127,88.625,134.875,600.0,98.20833333333333,1013.4208333333332,1011.6,18.108333333333334,17.1,15.883333333333333,14.2,17.1,172.5770469356427,0.975628435439078,0.0,0.0,0.0,0.0,0.0,0.0,,0.0,0,0,0.0,0.0,0.0,0.0,0.0,0.0,694.26,-0.3583333333334622,1.0625,-0.4547619047621083,-0.9416666666666664,1.0,0.0,1.9791666666666679,1.1999999999999993,0.12919285619160067,-0.9916194864508545,0.12919285619160067,-0.9916194864508545,1.7000123642571399,-9.626036751945962,123.0,174.0,,,0.0,6,0.0,0.0,0.7186666666666666,0.0,-0.0,67.625,-0.8791666666666629,251,9,2022,342
2023-09-09,0.0,1.3,0,0.0,18.7,27.3,22.849999999999998,6.4,3.345833333333333,0.3737609965221698,-2.031586958655053,87.75,214.54166666666666,600.0,60.291666666666664,1012.125,1010.5,20.545833333333334,17.6,18.354166666666668,17.5,20.2,174.45531713547518,0.3989978318575743,0.0,0.0,0.0,0.0,0.0,0.0,,0.041666666666666664,0,0,0.0,0.0,0.0,0.0,0.0,0.0,694.26,-1.2958333333332348,1.345833333333303,-1.1244047619046569,2.470833333333335,1.0,0.0,2.3041666666666636,1.0999999999999979,0.0966219960656381,-0.9953211491153455,0.0966219960656381,-0.9953211491153455,0.327975274448204,-1.782717556219809,124.0,175.0,,,0.0,6,0.0,0.0,0.7688611111111111,0.0,-0.0,20.075,2.7624999999999957,252,9,2022,343
2023-09-10,0.0,0.30000000000000004,0,0.0,20.2,28.0,23.491666666666664,7.3,4.254166666666666,1.7568803046310741,-2.9829964280729393,86.5,203.79166666666666,600.0,84.41666666666667,1014.6875,1012.7,20.879166666666666,20.0,18.662499999999998,17.4,20.2,152.51462111846135,0.7692174900941386,0.0,0.0,0.0,0.0,0.0,0.0,,0.0,0,0,0.0,0.0,0.0,0.0,0.0,0.0,694.26,2.5625,0.908333333333303,1.7113095238094047,0.30833333333333,1.0,0.0,2.612499999999997,0.1999999999999993,0.46152224487324034,-0.8871286363809731,0.46152224487324034,-0.8871286363809731,1.5197014635058792,-2.5802919102830923,125.0,176.0,,,0.0,6,0.0,0.0,0.7575277777777778,0.0,-0.0,25.525,0.6416666666666657,253,9,2022,344
2023-09-11,0.0,0.7000000000000001,0,0.0,19.2,26.5,22.254166666666666,11.7,7.279166666666666,2.4998925019687417,-6.347004261986542,84.70833333333333,182.95833333333334,600.0,83.75,1015.1541666666667,1013.6,19.329166666666666,18.5,18.875,17.4,20.8,163.1009861777061,0.9335364111999045,0.0,0.0,0.0,0.0,0.0,0.0,,0.0,0,0,0.0,0.0,0.0,0.0,0.0,0.0,694.26,0.466666666666697,1.7333333333334622,1.9678571428571558,0.21250000000000213,1.0,0.0,2.9250000000000007,0.6999999999999993,0.29068572483387456,-0.9568185874959814,0.29068572483387456,-0.9568185874959814,2.117617273542688,-5.376441526924433,126.0,177.0,,,0.0,6,0.0,0.0,0.7376666666666667,0.0,-0.0,43.675,-1.2374999999999972,254,9,2022,345
2023-09-12,0.0,0.8,0,0.0,17.9,26.8,21.854166666666668,6.5,3.908333333333333,1.0286677249622052,-2.5289575933167048,85.91666666666667,169.375,600.0,82.875,1015.6958333333333,1013.7,19.154166666666665,17.3,18.520833333333332,17.4,19.6,147.20839293993785,0.4808143941002234,0.0,0.0,0.0,0.0,0.0,0.0,,0.0,0,0,0.0,0.0,0.0,0.0,0.0,0.0,694.26,0.5416666666666288,3.5708333333333258,2.0327380952380736,-0.35416666666666785,1.0,0.0,2.700000000000003,0.5999999999999979,0.5415850745465798,-0.8406459462986636,0.5415850745465798,-0.8406459462986636,0.8837970203633613,-2.1727960655912693,127.0,178.0,,,0.0,6,0.0,0.0,0.732638888888889,0.0,-0.0,23.45,-0.3999999999999986,255,9,2022,346
2023-09-13,0.0,5.3,0,0.0,18.7,26.4,22.191666666666666,6.6,3.658333333333333,0.5989464737255407,-2.402239177328511,88.5,184.79166666666666,600.0,56.291666666666664,1016.7416666666667,1015.0,20.054166666666667,18.4,18.2625,17.1,20.0,187.7582494159173,0.4938114410628961,0.0,0.0,0.0,0.0,0.0,0.0,,0.041666666666666664,0,0,0.0,0.0,0.0,0.0,0.0,0.0,694.26,1.0458333333333485,2.0541666666666742,2.226785714285711,-0.25833333333333286,1.0,0.0,2.1374999999999993,0.3000000000000007,-0.13499359322137264,-0.9908464713512294,-0.13499359322137264,-0.9908464713512294,0.5300676292471035,-2.1259816719357323,128.0,179.0,,,0.0,6,0.0,0.0,0.7515277777777779,0.0,-0.0,21.95,0.3374999999999986,256,9,2022,347
2023-09-14,0.0,3.9,0,0.0,18.7,27.7,22.745833333333334,5.8,3.6958333333333333,-0.7959775630940281,-0.19416156547784025,88.0,208.125,600.0,94.04166666666667,1016.3541666666666,1014.9,20.45,18.7,18.520833333333332,17.6,19.9,271.28304826301706,0.1952656761404759,0.0,0.0,0.0,0.0,0.0,0.0,,0.0,0,0,0.0,0.0,0.0,0.0,0.0,0.0,694.26,-0.3875000000000455,1.1999999999999318,1.4714285714285325,0.25833333333333286,1.0,0.0,2.2958333333333343,0.0,-0.9997492779229602,0.022391545112379934,-0.9997492779229602,0.022391545112379934,-0.7004602555227447,-0.1708621776204994,129.0,180.0,,,0.0,6,0.0,0.0,0.7654166666666667,0.0,-0.0,22.175,0.5541666666666671,257,9,2022,348
2023-09-15,0.0,4.3,0,0.0,19.5,26.7,22.7,5.8,2.316666666666667,-0.7053348220577232,-0.621433289609871,92.0,179.20833333333334,596.0,95.83333333333333,1017.5124999999999,1015.9,21.2375,19.3,18.070833333333333,17.5,18.8,257.10766117971957,0.3920211489721902,0.0,0.0,0.0,0.0,0.0,0.0,,0.0,0,0,0.0,0.0,0.0,0.0,0.0,0.0,694.26,1.158333333333303,1.816666666666606,2.045238095238119,-0.4499999999999993,1.0,0.0,1.4624999999999986,0.1999999999999993,-0.9747910368776982,-0.22311977595655208,-0.9747910368776982,-0.22311977595655208,-0.6489080362931055,-0.5717186264410813,130.0,181.0,,,0.0,6,0.0,0.0,0.7594722222222222,0.0,-0.0,13.900000000000002,-0.04583333333333428,258,9,2022,349
2023-09-16,0.0,2.1,0,0.0,18.7,28.9,23.370833333333334,4.1,2.316666666666667,-1.2176297025769125,-0.261544595083716,86.83333333333333,218.83333333333334,600.0,81.79166666666667,1017.8375,1015.7,20.808333333333334,18.4,18.870833333333334,18.0,20.3,267.0802223524229,0.5309296235087609,0.0,0.0,0.0,0.0,0.0,0.0,,0.041666666666666664,0,0,0.0,0.0,0.0,0.0,0.0,0.0,694.26,0.3250000000000455,1.095833333333303,1.5541666666665606,0.8000000000000007,1.0,0.0,2.5625,0.3000000000000007,-0.9987018337569769,-0.05093768006546512,-0.9987018337569769,-0.05093768006546512,-1.0573084584042856,-0.22710789006436005,131.0,182.0,,,0.0,6,0.0,0.0,0.7686666666666667,0.0,-0.0,13.900000000000002,0.6708333333333343,259,9,2022,350
2023-09-17,0.0,1.0,0,0.0,19.9,28.8,24.05,7.7,4.25,0.35001273946400785,-3.112283362819904,84.45833333333333,231.0,600.0,46.5,1017.4166666666666,1015.9,21.158333333333335,18.6,19.470833333333335,16.9,23.4,182.19821952203418,0.6837609027702728,0.0,0.0,0.0,0.0,0.0,0.0,,0.3333333333333333,0,0,0.0,0.0,0.0,0.0,0.0,0.0,694.26,-0.4208333333333485,1.0625,0.7434523809522489,0.6000000000000014,1.0,0.0,2.8916666666666657,1.2999999999999972,-0.03835675677124912,-0.9992641088370938,-0.03835675677124912,-0.9992641088370938,0.2956149262056433,-2.6285826568483106,132.0,183.0,,,0.0,6,0.0,0.0,0.7688611111111111,0.0,-0.0,25.5,0.6791666666666671,260,9,2022,351
2023-09-18,0.0,10.8,0,0.0,19.4,27.0,23.045833333333334,7.1,3.329166666666667,-0.6443484277904429,-1.2785698809746946,88.66666666666667,165.29166666666666,600.0,63.875,1018.1166666666667,1017.3,21.008333333333333,18.5,17.995833333333334,16.5,20.2,219.78369398178523,0.3967581639938354,0.0,0.0,0.0,0.0,0.0,0.0,,0.16666666666666666,0,0,0.0,0.0,0.0,0.0,0.0,0.0,694.26,0.7000000000000455,0.6041666666667425,1.020238095238028,-1.4750000000000014,1.0,0.0,2.0375000000000014,0.8999999999999986,-0.6398910249104831,-0.7684656636695042,-0.6398910249104831,-0.7684656636695042,-0.5713222726408594,-1.1336652944642294,133.0,184.0,,,0.0,6,0.0,0.0,0.7390833333333333,0.0,-0.0,19.975,-1.0041666666666664,261,9,2022,352
2023-09-19,0.0,3.2,0,0.0,18.6,25.6,21.95,5.7,2.6833333333333336,-2.244724248426754,-0.25307377243761536,87.66666666666667,173.95833333333334,600.0,59.5,1017.1875,1015.7,19.712500000000002,18.0,17.075,15.3,19.4,265.4499473307555,0.8380667636967394,0.0,0.0,0.0,0.0,0.0,0.0,,0.041666666666666664,0,0,0.0,0.0,0.0,0.0,0.0,0.0,694.26,-0.9291666666666742,-0.6499999999999773,-0.12202380952385283,-0.9208333333333343,1.0,0.0,2.237499999999997,0.6000000000000014,-0.9968484127426518,-0.07932995658927224,-0.9968484127426518,-0.07932995658927224,-1.9678749244541212,-0.2218613405036428,134.0,185.0,,,0.0,6,0.0,0.0,0.7415277777777778,0.0,-0.0,16.1,-1.095833333333335,262,9,2022,353
2023-09-20,0.0,1.0,0,0.0,17.6,25.9,21.1375,6.9,2.858333333333333,-1.8857840586536028,-0.2838095651022277,86.20833333333333,175.25,600.0,98.29166666666667,1016.1166666666667,1014.4,18.508333333333333,16.6,16.5,15.1,18.3,269.1552137439386,0.7624861609169439,0.0,0.0,0.0,0.0,0.0,0.0,,0.0,0,0,0.0,0.0,0.0,0.0,0.0,0.0,694.26,-1.0708333333333258,-1.2999999999999545,-1.1035714285712857,-0.5749999999999993,1.0,0.0,2.6291666666666664,1.0,-0.9998913047536838,-0.014743767428163548,-0.9998913047536838,-0.014743767428163548,-1.6257030072309597,-0.24466749591521214,135.0,186.0,,,0.0,6,0.0,0.0,0.7375277777777778,0.0,-0.0,17.15,-0.8125,263,9,2022,354
2023-09-21,0.0,18.7,0,0.0,18.9,24.3,21.104166666666668,12.4,6.233333333333333,1.5180972841177696,-4.661272370730937,94.58333333333333,109.875,425.0,100.0,1011.8083333333334,1007.9,20.158333333333335,18.2,17.116666666666667,13.8,22.3,176.12025084578315,0.6770373857556946,0.0,0.0,0.0,0.0,0.0,0.0,,0.0,0,0,0.0,0.0,0.0,0.0,0.0,0.0,694.26,-4.30833333333328,-6.30833333333328,-4.762499999999818,0.6166666666666671,1.0,0.0,0.9458333333333329,0.6999999999999993,0.06766266096663763,-0.9977082561104292,0.06766266096663763,-0.9977082561104292,1.4358670145613903,-4.408786783983011,136.0,187.0,,,0.0,6,0.0,0.0,0.7218611111111111,0.0,-0.0,37.4,-0.03333333333333144,264,9,2022,355
2023-09-22,0.0,6.3,0,0.0,18.7,23.4,20.095833333333335,6.6,3.7875,0.15776299436389765,2.5206090611675864,93.66666666666667,113.04166666666667,600.0,97.58333333333333,1014.6166666666667,1011.9,19.020833333333332,18.1,13.479166666666666,11.9,15.9,14.714352084094653,0.5243951306050901,0.0,0.0,0.0,0.0,0.0,0.0,,0.0,0,0,0.0,0.0,0.0,0.0,0.0,0.0,694.26,2.8083333333332803,-2.5708333333333258,-1.5404761904760562,-3.637500000000001,1.0,0.0,1.0750000000000028,0.5999999999999979,0.25400022860579186,0.9672041583182971,0.25400022860579186,0.9672041583182971,0.14777133805418413,2.3609704872936392,137.0,188.0,,,0.0,6,0.0,0.0,0.7209166666666667,0.0,-0.0,22.725,-1.0083333333333329,265,9,2022,356
2023-09-23,0.0,1.0,0,0.0,13.2,19.4,17.233333333333334,8.8,5.316666666666667,0.30445854359031593,5.134504709706052,87.375,94.20833333333333,409.0,90.70833333333333,1018.725,1016.9,15.075000000000001,9.5,9.845833333333333,8.1,12.2,4.548518561981859,0.9538373100584687,0.0,0.0,0.0,0.0,0.0,0.0,,0.0,0,0,0.0,0.0,0.0,0.0,0.0,0.0,694.26,4.1083333333333485,2.6083333333333485,2.4410714285713766,-3.633333333333333,0.9845833333333334,0.0,2.158333333333333,3.6999999999999993,0.07930326572247805,0.9968505364625883,0.07930326572247805,0.9968505364625883,0.26602065246203854,4.4862734901056625,138.0,189.0,,,0.0,6,0.0,0.0,0.6873888888888889,0.0,-0.0,31.900000000000006,-2.8625000000000007,266,9,2022,357
2023-09-24,0.0,0.0,0,0.0,12.0,21.7,16.670833333333334,9.7,6.145833333333333,3.0733228281942533,-3.591451278343129,69.70833333333333,261.5416666666667,600.0,21.708333333333332,1021.4916666666667,1019.9,10.8125,8.4,13.129166666666668,11.0,16.2,130.81518898963333,0.5918975192406264,0.0,0.0,0.0,0.0,0.0,0.0,,0.75,0,0,0.0,0.0,0.0,0.0,0.0,0.0,694.26,2.7666666666666515,9.68333333333328,4.625595238095229,3.283333333333335,1.0,0.0,5.858333333333334,3.5999999999999996,0.7568218086378454,-0.6536212588113551,0.7568218086378454,-0.6536212588113551,2.142362121487077,-2.503540828611689,139.0,190.0,,,0.0,6,0.0,0.0,0.7400555555555556,0.0,-0.0,36.875,-0.5625,267,9,2022,358
2023-09-25,0.0,0.1,0,0.0,10.8,22.9,17.05,8.4,6.183333333333334,1.722515188119117,-5.0078227441036045,72.75,198.5,600.0,63.458333333333336,1020.9666666666667,1019.0,12.0,7.5,14.9125,13.6,17.6,158.94075956720866,0.8533426606710002,0.0,0.0,0.0,0.0,0.0,0.0,,0.25,0,0,0.0,0.0,0.0,0.0,0.0,0.0,694.26,-0.5249999999999773,6.350000000000023,3.6934523809525217,1.7833333333333314,1.0,0.0,5.050000000000001,3.3000000000000007,0.35933302452839033,-0.9332093963753683,0.35933302452839033,-0.9332093963753683,1.2531297993566577,-3.6431910463353723,140.0,191.0,,,0.0,6,0.0,0.0,0.7081666666666667,0.0,-0.0,37.1,0.37916666666666643,268,9,2022,359
2023-09-26,0.0,3.9000000000000004,0,0.0,14.5,23.6,18.7625,5.7,2.9791666666666665,-0.08609794681091286,-2.055888054700284,86.375,101.58333333333333,600.0,92.375,1017.8249999999999,1015.6,16.391666666666666,12.8,14.904166666666667,14.4,15.8,175.14236576912302,0.5707998065318322,0.0,0.0,0.0,0.0,0.0,0.0,,0.0,0,0,0.0,0.0,0.0,0.0,0.0,0.0,694.26,-3.141666666666765,-0.900000000000091,0.46071428571428896,-0.00833333333333286,1.0,0.0,2.3708333333333336,1.6999999999999993,0.08468018006151135,-0.9964081829776139,0.08468018006151135,-0.9964081829776139,-0.07436710155792597,-1.77577330724737,141.0,192.0,,,0.0,6,0.0,0.0,0.6889722222222222,0.0,-0.0,17.875,1.7124999999999986,269,9,2022,360
2023-09-27,0.0,22.3,0,0.0,18.2,25.0,20.683333333333334,6.4,3.2375000000000003,-1.9192989632942403,-0.8270977709216932,91.33333333333333,99.95833333333333,547.0,95.83333333333333,1013.3666666666667,1011.5,19.1375,17.6,15.875,14.7,16.4,241.7364068679421,0.693303682866798,0.0,0.0,0.0,0.0,0.0,0.0,,0.0,0,0,0.0,0.0,0.0,0.0,0.0,0.0,694.26,-4.4583333333332575,-8.125,-3.6047619047617445,0.9708333333333332,1.0,0.0,1.5458333333333343,0.5999999999999979,-0.8807784207340313,-0.4735286407064156,-0.8807784207340313,-0.4735286407064156,-1.7529597198087392,-0.7554159641084798,142.0,193.0,,,0.0,6,0.0,0.0,0.7044166666666666,0.0,-0.0,19.425,1.9208333333333343,270,9,2022,361
2023-09-28,0.0,28.7,0,0.0,19.3,24.4,20.95,5.3,3.1958333333333333,-1.9136238269527126,-0.012533713278108871,95.16666666666667,92.16666666666667,599.0,94.79166666666667,1011.85,1009.9,20.133333333333333,18.8,14.920833333333334,13.5,16.4,254.57981500792738,0.6135907506519518,0.0,0.0,0.0,0.0,0.0,0.0,,0.0,0,0,0.0,0.0,0.0,0.0,0.0,0.0,694.26,-1.5166666666666515,-9.116666666666674,-5.127380952381031,-0.9541666666666657,1.0,0.0,0.8166666666666664,0.5,-0.9640017904298714,-0.26589574657749265,-0.9640017904298714,-0.26589574657749265,-1.821132008649998,-0.01192791713633361,143.0,194.0,,,0.0,6,0.0,0.0,0.7120000000000001,0.0,-0.0,19.175,0.2666666666666657,271,9,2022,362
2023-09-29,0.0,0.9,0,0.0,16.7,24.6,19.837500000000002,5.7,3.9,-0.8664702192415022,2.0970892496712388,85.375,217.08333333333334,600.0,65.91666666666667,1015.1458333333334,1013.6,17.016666666666666,15.1,14.283333333333333,13.5,15.1,338.03402112192884,0.5312395827025262,0.0,0.0,0.0,0.0,0.0,0.0,,0.20833333333333334,0,0,0.0,0.0,0.0,0.0,0.0,0.0,694.26,3.2958333333333485,-2.6791666666665606,-1.9071428571428442,-0.6375000000000011,1.0,0.0,2.8208333333333364,1.5999999999999996,-0.3740559836308577,0.9274061252277513,-0.3740559836308577,0.9274061252277513,-0.7397489496774325,1.79038994690682,144.0,195.0,,,0.0,6,0.0,0.0,0.762638888888889,0.0,-0.0,23.4,-1.1124999999999972,272,9,2022,363
2023-09-30,0.0,6.8,0,0.0,14.3,25.1,19.6875,7.8,3.9250000000000003,-0.04374412778460627,-2.3908903068997582,86.0,166.125,600.0,82.41666666666667,1012.225,1009.1,17.070833333333333,14.0,14.870833333333332,13.2,17.3,198.78403771049307,0.590279585722549,0.0,0.0,0.0,0.0,0.0,0.0,,0.041666666666666664,0,0,0.0,0.0,0.0,0.0,0.0,0.0,694.26,-2.9208333333333485,-1.1416666666666515,-3.899404761904748,0.5874999999999986,1.0,0.0,2.616666666666667,0.3000000000000007,-0.3220019514426927,-0.9467390048303164,-0.3220019514426927,-0.9467390048303164,-0.03761994989476139,-2.056165663933792,145.0,196.0,,,0.0,6,0.0,0.0,0.73075,0.0,-0.0,23.55,-0.15000000000000213,273,9,2022,364
2023-10-01,0.0,7.5,0,0.0,14.1,22.8,18.641666666666666,7.6,3.65,-3.3428592363692498,0.6868859823539758,89.375,134.75,600.0,90.875,1010.0458333333332,1008.0,16.754166666666666,13.4,11.666666666666666,7.7,15.2,272.9491017973935,0.9052293229671333,0.0,0.0,0.0,0.0,0.0,0.0,,0.0,0,0,0.0,0.0,0.0,0.0,0.0,0.0,0.0,0.0,0.0,0.0,-3.2041666666666657,1.0,0.0,1.8874999999999993,0.6999999999999993,-0.9986756329013333,0.051448811931096905,-0.9986756329013333,0.051448811931096905,-2.987680442505017,0.6139043467288658,146.0,197.0,,,0.0,0,0.0,0.0,0.7210833333333334,0.0,-0.0,0.0,-1.0458333333333343,274,10,2023,0
2023-10-02,0.0,0.30000000000000004,0,0.0,9.4,18.9,14.25,8.1,6.6875,-4.196071893206759,4.747542388956636,78.91666666666667,213.33333333333334,600.0,52.125,1015.6958333333333,1013.2,10.391666666666667,7.3,8.504166666666666,7.2,10.3,317.5953430841467,0.9473202712251335,0.0,0.0,0.0,0.0,0.0,0.0,,0.3333333333333333,0,0,0.0,0.0,0.0,0.0,0.0,0.0,0.0,5.650000000000091,0.0,2.8250000000000455,-3.1624999999999996,0.8504166666666666,0.0,3.8583333333333325,2.1000000000000005,-0.6743624059095756,0.7384005318902802,-0.6743624059095756,0.7384005318902802,-3.3114000690556673,3.746602201951612,147.0,198.0,,,0.0,1,0.0,0.0,0.7386111111111111,0.0,-0.0,6.6875,-4.391666666666666,275,10,2023,1
2023-10-03,0.0,0.1,0,0.0,8.5,21.5,14.620833333333332,6.4,3.75,-0.013192844427132764,-0.06814287188412967,78.16666666666667,198.125,600.0,60.125,1019.3249999999999,1017.6,10.641666666666667,6.3,10.512500000000001,8.0,11.7,133.4425277536597,0.08603308838272654,0.0,0.0,0.0,0.0,0.0,0.0,,0.375,0,0,0.0,0.0,0.0,0.0,0.0,0.0,0.0,3.629166666666606,0.0,4.302777777777692,2.0083333333333346,1.0,0.0,3.9791666666666643,2.2,0.7260644806294472,-0.687626621043929,0.7260644806294472,-0.687626621043929,-0.010312406727208779,-0.05326501152276136,148.0,199.0,,,0.0,2,0.0,0.0,0.7259722222222221,0.0,-0.0,7.5,0.3708333333333318,276,10,2023,2
2023-10-04,0.0,7.5,0,0.0,13.2,18.1,15.404166666666667,9.5,4.854166666666667,1.9072336565112724,-3.9019938951682125,91.95833333333333,136.54166666666666,567.0,92.04166666666667,1014.475,1009.5,14.075000000000001,12.4,11.700000000000001,10.0,12.9,159.39859102275392,0.8132132419605773,0.0,0.0,0.0,0.0,0.0,0.0,,0.0,0,0,0.0,0.0,0.0,0.0,0.0,0.0,0.0,-4.849999999999909,4.429166666666788,-0.41041666666660603,1.1875,1.0,0.0,1.3291666666666657,0.7999999999999989,0.3518646672117152,-0.9360508832152176,0.3518646672117152,-0.9360508832152176,1.7538602833001575,-3.588208552765102,149.0,200.0,,,0.0,3,0.0,0.0,0.7308888888888889,0.0,-0.0,14.5625,0.783333333333335,277,10,2023,3
2023-10-05,0.0,23.2,0,0.0,8.3,15.9,12.775,11.7,6.045833333333333,-2.8362462956025176,3.384610911099754,96.41666666666667,59.166666666666664,348.0,99.54166666666667,1006.1583333333333,1003.6,12.2125,8.1,7.354166666666667,5.4,13.4,290.2316304322752,0.5763504514780687,0.0,0.0,0.0,0.0,0.0,0.0,,0.0,0,0,0.0,0.0,0.0,0.0,0.0,0.0,0.0,-8.31666666666672,-9.537500000000023,-6.981666666666683,-4.345833333333334,0.7354166666666667,0.0,0.5625,0.20000000000000107,-0.9383022560975323,0.34581624629603647,-0.9383022560975323,0.34581624629603647,-2.7346141366767607,3.2633290201186798,150.0,201.0,,,0.0,4,0.0,0.0,0.6941666666666667,0.0,-0.0,24.183333333333334,-2.6291666666666664,278,10,2023,4
2023-10-06,0.0,6.9,0,0.0,8.3,12.5,10.137500000000001,12.0,8.0375,-5.28055508316201,5.923051039169068,90.16666666666667,123.16666666666667,453.0,91.83333333333333,1013.0416666666666,1010.4,8.525,7.9,6.1499999999999995,4.8,7.5,318.46688363925523,0.9852427765770055,0.0,0.0,0.0,0.0,0.0,0.0,,0.0,0,0,0.0,0.0,0.0,0.0,0.0,0.0,0.0,6.883333333333326,-6.283333333333303,-0.08194444444450255,-1.2041666666666675,0.615,0.0,1.6125000000000007,0.40000000000000036,-0.6630528260762731,0.7485726082567191,-0.6630528260762731,0.7485726082567191,-4.761300499984412,5.34061768698411,151.0,202.0,,,0.0,5,0.0,0.0,0.6604444444444445,0.0,-0.0,40.1875,-2.6374999999999993,279,10,2023,5
2023-10-07,0.0,0.0,0,0.0,8.3,14.7,10.9625,10.3,6.841666666666666,-4.855831895155387,4.254775162571934,80.45833333333333,155.0,561.0,92.04166666666667,1020.4125,1017.1,7.520833333333333,6.7,5.979166666666667,5.1,6.8,309.7409312560192,0.9469144219914337,0.0,0.0,0.0,0.0,0.0,0.0,,0.0,0,0,0.0,0.0,0.0,0.0,0.0,0.0,0.0,7.370833333333394,5.9375,6.247619047619082,-0.1708333333333325,0.5979166666666667,0.0,3.4416666666666673,1.6000000000000005,-0.7689430324904746,0.6393173021155872,-0.7689430324904746,0.6393173021155872,-3.9069214123104388,3.4233211828860015,152.0,203.0,,,0.0,6,0.0,0.0,0.6981944444444445,0.0,-0.0,41.05,0.8249999999999993,280,10,2023,6
2023-10-08,0.0,2.2,0,0.0,8.1,15.7,11.729166666666666,8.4,5.483333333333333,1.876878020013369,-3.661628908079655,78.91666666666667,134.41666666666666,534.0,95.04166666666667,1025.6833333333334,1024.0,8.041666666666666,4.1,7.170833333333333,6.2,8.3,168.15575014281555,0.5620182056354671,0.0,0.0,0.0,0.0,0.0,0.0,,0.0,0,0,0.0,0.0,0.0,0.0,0.0,0.0,0.0,5.270833333333371,19.52500000000009,9.28452380952399,1.1916666666666664,0.7170833333333333,0.0,3.6875,4.0,0.2052519756454442,-0.9787091633849363,0.2052519756454442,-0.9787091633849363,1.481169570793884,-2.8896354799595283,153.0,204.0,,,0.0,6,0.0,0.0,0.6859999999999999,0.0,-0.0,32.9,0.7666666666666657,281,10,2023,7
2023-10-09,0.0,31.900000000000002,0,0.0,9.6,14.4,12.329166666666666,8.6,4.333333333333333,-0.1955183414787632,-3.68215769659761,97.54166666666667,38.5,201.0,99.95833333333333,1021.1833333333334,1016.0,11.941666666666668,9.1,10.320833333333333,8.0,11.9,192.89443319768193,0.8162027762577321,0.0,0.0,0.0,0.0,0.0,0.0,,0.0,0,0,0.0,0.0,0.0,0.0,0.0,0.0,0.0,-4.5,8.141666666666765,4.000595238095343,3.1499999999999995,1.0,0.0,0.3874999999999975,0.5,-0.22315540810598763,-0.9747828803549281,-0.22315540810598763,-0.9747828803549281,-0.1907118489174103,-3.591637986556252,154.0,205.0,,,0.0,6,0.0,0.0,0.6708055555555555,0.0,-0.0,26.0,0.5999999999999996,282,10,2023,8
2023-10-10,0.0,12.1,0,0.0,11.5,16.9,14.491666666666667,8.8,5.875,-3.75118948823978,3.7312887550716645,91.125,98.66666666666667,450.0,94.33333333333333,1013.025,1010.5,13.012500000000001,11.0,7.925,5.7,10.9,305.5780784388445,0.8487652739057322,0.0,0.0,0.0,0.0,0.0,0.0,,0.0,0,0,0.0,0.0,0.0,0.0,0.0,0.0,0.0,-8.158333333333417,-7.3875000000000455,-3.25773809523821,-2.395833333333333,0.7925,0.0,1.479166666666666,0.5,-0.8133234237674231,0.5818118324262894,-0.8133234237674231,0.5818118324262894,-3.4182714211584995,3.400136878059054,155.0,206.0,,,0.0,6,0.0,0.0,0.702861111111111,0.0,-0.0,35.25,2.1625000000000014,283,10,2023,9
2023-10-11,0.0,1.2,0,0.0,9.8,16.5,12.491666666666667,8.8,5.691666666666666,-1.2848342281611222,4.643807354741809,81.125,170.625,600.0,57.541666666666664,1021.5666666666666,1017.4,9.137500000000001,7.6,6.4375,5.8,7.5,342.46434780370953,0.7728579999128437,0.0,0.0,0.0,0.0,0.0,0.0,,0.16666666666666666,0,0,0.0,0.0,0.0,0.0,0.0,0.0,0.0,8.541666666666629,-4.116666666666788,4.270833333333144,-1.4874999999999998,0.64375,0.0,3.354166666666666,2.200000000000001,-0.30129918991666044,0.9535296524783926,-0.30129918991666044,0.9535296524783926,-1.0423217675957104,3.767288716534293,156.0,207.0,,,0.0,6,0.0,0.0,0.7174999999999999,0.0,-0.0,34.15,-2.0,284,10,2023,10
2023-10-12,0.0,0.7,0,0.0,4.7,17.3,11.012500000000001,7.6,3.829166666666667,-1.8565870272045784,2.0472912384648523,82.75,201.66666666666666,600.0,46.791666666666664,1022.8958333333334,1021.1,7.866666666666667,4.4,6.4875,5.4,8.3,305.7135221618264,0.627736216004481,0.0,0.0,0.0,0.0,0.0,0.0,,0.20833333333333334,0,0,0.0,0.0,0.0,0.0,0.0,0.0,0.0,1.3291666666667652,1.7124999999999773,3.2089285714286007,0.04999999999999982,0.6487499999999999,0.0,3.145833333333334,0.2999999999999998,-0.8119457849063899,0.5837328518875277,-0.8119457849063899,0.5837328518875277,-1.5363257650117885,1.6941334998296653,157.0,208.0,,,0.0,6,0.0,0.0,0.7436111111111111,0.0,-0.0,22.975,-1.479166666666666,285,10,2023,11
2023-10-13,0.0,0.0,0,0.0,2.9,17.7,10.629166666666666,5.2,3.141666666666667,0.0938291474419977,1.2064036864809315,79.41666666666667,199.75,600.0,75.83333333333333,1018.5041666666666,1014.9,6.516666666666667,2.1,8.408333333333333,6.2,9.4,329.47050298729187,0.3663580233887463,0.0,0.0,0.0,0.0,0.0,0.0,,0.08333333333333333,0,0,0.0,0.0,0.0,0.0,0.0,0.0,0.0,-4.391666666666765,5.479166666666629,-1.9630952380952067,1.9208333333333334,0.8408333333333333,0.0,4.1125,0.7999999999999998,-0.5079818795990704,0.8613677553745529,-0.5079818795990704,0.8613677553745529,0.0745159812601865,0.9580855943469399,158.0,209.0,,,0.0,6,0.0,0.0,0.7312222222222222,0.0,-0.0,18.85,-0.38333333333333464,286,10,2023,12
2023-10-14,0.0,0.1,0,0.0,8.5,19.0,13.700000000000001,6.2,3.25,-0.21026457088099715,-1.6161172364525784,72.375,173.45833333333334,600.0,72.875,1011.9083333333333,1009.5,8.558333333333334,6.5,9.191666666666666,7.0,11.1,190.2121533279598,0.4225103676823328,0.0,0.0,0.0,0.0,0.0,0.0,,0.041666666666666664,0,0,0.0,0.0,0.0,0.0,0.0,0.0,0.0,-6.595833333333303,-9.658333333333303,-7.344047619047615,0.7833333333333332,0.9191666666666667,0.0,5.1416666666666675,2.0,-0.177293499564294,-0.9841580233947421,-0.177293499564294,-0.9841580233947421,-0.15217898317512168,-1.1696648498825537,159.0,210.0,,,0.0,6,0.0,0.0,0.6902222222222223,0.0,-0.0,19.5,3.0708333333333346,287,10,2023,13
2023-10-15,0.0,23.2,0,0.0,10.6,15.5,12.391666666666666,7.6,3.920833333333333,-1.5364082787412778,-0.5494927603359399,90.875,88.04166666666667,416.0,95.66666666666667,1006.7875,1002.9,10.875,9.2,8.737499999999999,7.7,9.9,232.10403899811723,0.38853708223246064,0.0,0.0,0.0,0.0,0.0,0.0,,0.0,0,0,0.0,0.0,0.0,0.0,0.0,0.0,0.0,-5.12083333333328,-16.10833333333335,-9.765476190476193,-0.4541666666666675,0.8737499999999999,0.0,1.5166666666666657,1.4000000000000004,-0.7891273861816648,-0.6142295730246905,-0.7891273861816648,-0.6142295730246905,-1.396211023306136,-0.49935154595528536,160.0,211.0,,,0.0,6,0.0,0.0,0.6949444444444444,0.0,-0.0,23.525,-1.3083333333333353,288,10,2023,14
2023-10-16,0.0,3.8,0,0.0,11.0,18.3,13.808333333333332,7.2,4.329166666666667,-3.9931526701728046,1.2297864639674532,83.16666666666667,170.41666666666666,600.0,72.95833333333333,1010.8458333333333,1008.5,10.6875,8.0,8.5375,6.3,11.2,287.82414702766255,0.9605405413919321,0.0,0.0,0.0,0.0,0.0,0.0,,0.08333333333333333,0,0,0.0,0.0,0.0,0.0,0.0,0.0,0.0,4.05833333333328,-7.658333333333303,-4.230357142857201,-0.1999999999999993,0.85375,0.0,3.120833333333332,3.0,-0.9520004743894783,0.30609654810567255,-0.9520004743894783,0.30609654810567255,-3.3209719706937157,1.0227724091995987,161.0,212.0,,,0.0,6,0.0,0.0,0.7241666666666666,0.0,-0.0,25.975,1.416666666666666,289,10,2023,15
2023-10-17,0.0,2.3000000000000003,0,0.0,8.4,17.0,12.2875,7.1,4.683333333333333,-2.9401401681180506,3.342490690447813,80.45833333333333,200.375,600.0,26.541666666666668,1016.9291666666667,1014.0,8.545833333333333,4.6,6.991666666666667,5.7,8.4,317.24561860715914,0.9516092974638015,0.0,0.0,0.0,0.0,0.0,0.0,,0.625,0,0,0.0,0.0,0.0,0.0,0.0,0.0,0.0,6.083333333333371,5.020833333333371,1.295238095238119,-1.5458333333333325,0.6991666666666667,0.0,3.741666666666667,3.8000000000000007,-0.6788568969928901,0.7342705995783739,-0.6788568969928901,0.7342705995783739,-2.365587776931648,2.6893123013561357,162.0,213.0,,,0.0,6,0.0,0.0,0.7351111111111112,0.0,-0.0,28.099999999999994,-1.5208333333333321,290,10,2023,16
2023-10-18,0.0,0.0,0,0.0,8.8,19.2,13.1875,7.2,3.6333333333333333,-0.16090864911464453,-1.5394192968507954,66.875,207.0,600.0,25.375,1021.3791666666666,1019.7,6.966666666666666,4.2,9.6125,7.4,11.0,209.77683263479244,0.3055897149426943,0.0,0.0,0.0,0.0,0.0,0.0,,0.7083333333333334,0,0,0.0,0.0,0.0,0.0,0.0,0.0,0.0,4.449999999999932,14.591666666666583,5.772023809523716,2.6208333333333336,0.96125,0.0,6.220833333333334,4.6000000000000005,-0.4966230422245512,-0.8679663322569785,-0.4966230422245512,-0.8679663322569785,-0.10760765909541853,-1.0294866547689694,163.0,214.0,,,0.0,6,0.0,0.0,0.6942499999999999,0.0,-0.0,21.8,0.9000000000000004,291,10,2023,17
2023-10-19,0.0,0.0,0,0.0,12.0,20.0,15.283333333333333,6.2,3.095833333333333,-0.4889683369369356,-1.5200709036513729,67.125,190.75,600.0,54.083333333333336,1018.3541666666666,1016.0,9.083333333333334,4.2,11.116666666666667,10.0,12.6,192.42178876907863,0.4754239762239,0.0,0.0,0.0,0.0,0.0,0.0,,0.3333333333333333,0,0,0.0,0.0,0.0,0.0,0.0,0.0,0.0,-3.0249999999999773,7.508333333333326,3.3958333333333712,1.5041666666666664,1.0,0.0,6.199999999999999,7.8,-0.21510672619090127,-0.9765905469271309,-0.21510672619090127,-0.9765905469271309,-0.328219996168918,-1.020347594075984,164.0,215.0,,,0.0,6,0.0,0.0,0.68425,0.0,-0.0,18.575,2.095833333333333,292,10,2023,18
2023-10-20,0.0,25.1,0,0.0,8.6,20.5,14.362499999999999,9.0,5.2375,-0.6204547446029306,-2.7171626497208092,78.70833333333333,136.29166666666666,600.0,63.916666666666664,1008.7791666666667,1003.0,10.424999999999999,5.3,8.112499999999999,3.4,13.6,206.83646986135054,0.46653012670888566,0.0,0.0,0.0,0.0,0.0,0.0,,0.20833333333333334,0,0,0.0,0.0,0.0,0.0,0.0,0.0,0.0,-9.574999999999932,-8.149999999999977,-4.7898809523809405,-3.004166666666668,0.8112499999999999,0.0,3.9375,3.3,-0.4514455972869374,-0.8922986454602744,-0.4514455972869374,-0.8922986454602744,-0.48834958856455657,-2.1386334355510868,165.0,216.0,,,0.0,6,0.0,0.0,0.6865555555555556,0.0,-0.0,31.424999999999997,-0.9208333333333343,293,10,2023,19
2023-10-21,3.3600000000000003,14.3,9,0.98,5.0,10.9,7.491666666666667,10.3,6.504166666666666,-4.469597409977962,3.727402244288408,93.08333333333333,69.20833333333333,281.0,95.95833333333333,1013.3583333333332,1008.2,6.404166666666666,3.7,1.575,0.0,5.1,302.95659762622785,0.8890449546928673,5.788888888888889,7.111111111111111,9.5,94.22222222222223,-5.294829466488767,3.9884264620161756,302.50704864142807,0.0,0,9,3.3600000000000003,3.3600000000000003,3.3600000000000003,3.3600000000000003,3.3600000000000003,0.0,3.3600000000000003,4.579166666666538,-8.020833333333371,-0.4178571428572013,-6.537499999999999,0.1575,0.0,1.0875000000000012,1.2999999999999998,-0.8390828991509236,0.544003573841644,-0.8433253397581348,0.5374033599837523,-4.160450255787819,3.4695902557251257,0.0,217.0,1.0,1.0,34.608000000000004,0,0.3222903703703701,3.3600000000000003,0.5986388888888888,23.893333333333334,0.0,0.0,-6.870833333333332,294,10,2023,20
2023-10-22,0.0,0.1,0,0.0,1.3,13.6,7.1875,6.1,3.35,-3.1923068942484885,-0.07862547057141653,74.5,194.125,600.0,43.041666666666664,1021.5708333333333,1019.3,2.529166666666667,-0.0,5.679166666666667,1.3,7.5,264.7030263023936,0.9412078342450235,0.0,0.0,0.0,0.0,0.0,0.0,,0.5416666666666666,0,0,3.3600000000000003,3.3600000000000003,3.3600000000000003,3.3600000000000003,3.3600000000000003,0.0,3.3600000000000003,8.212500000000091,3.216666666666697,5.6827380952381645,4.104166666666667,0.5679166666666667,0.0,4.658333333333333,1.3,-0.9957295757122252,-0.09231799419372166,-0.9957295757122252,-0.09231799419372166,-2.378268636215124,-0.05857597557570531,1.0,218.0,0.0,1.0,0.0,1,0.0,1.6800000000000002,0.6799722222222222,0.0,-0.0,3.35,-0.30416666666666714,295,10,2023,21
2023-10-23,0.0,0.0,0,0.0,4.8,16.8,10.850000000000001,4.5,2.8000000000000003,-1.8587915100758166,-0.19608601360751465,74.70833333333333,144.125,529.0,87.375,1022.8833333333333,1021.2,6.220833333333334,0.6,7.495833333333334,6.9,8.2,266.5485345772808,0.4989213262931254,0.0,0.0,0.0,0.0,0.0,0.0,,0.0,0,0,0.0,3.3600000000000003,3.3600000000000003,3.3600000000000003,3.3600000000000003,0.0,3.3600000000000003,1.3125,14.104166666666629,5.27559523809532,1.8166666666666664,0.7495833333333334,0.0,4.629166666666667,4.2,-0.9981861538016289,-0.06020300954861605,-0.9981861538016289,-0.06020300954861605,-1.3886721573191412,-0.14649259266594739,2.0,219.0,0.0,1.0,0.0,2,0.0,1.12,0.6784444444444445,0.0,-0.0,5.6000000000000005,3.6625000000000014,296,10,2023,22
2023-10-24,0.0,0.4,0,0.0,4.1,17.2,10.441666666666666,6.5,3.095833333333333,-0.6312728264702351,-0.6884865074290727,81.45833333333333,188.04166666666666,600.0,45.708333333333336,1021.3166666666666,1018.8,7.004166666666666,3.4,8.1375,6.6,9.5,220.5189791783391,0.29225735637158473,0.0,0.0,0.0,0.0,0.0,0.0,,0.4583333333333333,0,0,0.0,0.0,3.3600000000000003,3.3600000000000003,3.3600000000000003,0.0,3.3600000000000003,-1.5666666666667197,7.958333333333371,3.0821428571427987,0.6416666666666657,0.81375,0.0,3.4375,0.6999999999999997,-0.6496998965256884,-0.760190794770964,-0.6496998965256884,-0.760190794770964,-0.5142243232288789,-0.5608296341765988,3.0,220.0,,0.0,0.0,3,0.0,0.0,0.7302222222222222,0.0,-0.0,9.2875,-0.408333333333335,297,10,2023,23
2023-10-25,0.0,0.8,0,0.0,6.3,15.9,10.591666666666667,6.5,3.3958333333333335,-1.4598713864484492,1.7849538717242617,79.45833333333333,160.75,581.0,54.0,1017.2291666666666,1014.9,6.9125000000000005,5.4,7.083333333333333,6.3,9.2,305.0867283592156,0.585463700561443,0.0,0.0,0.0,0.0,0.0,0.0,,0.20833333333333334,0,0,0.0,0.0,3.3600000000000003,3.3600000000000003,3.3600000000000003,0.0,3.3600000000000003,-4.087499999999977,-4.341666666666697,-0.41250000000002274,-1.0541666666666663,0.7083333333333333,0.0,3.6791666666666663,0.8999999999999995,-0.8182828861433638,0.5748157254676379,-0.8182828861433638,0.5748157254676379,-1.1599894724821636,1.4182945972409027,4.0,221.0,,0.0,0.0,4,0.0,0.0,0.705361111111111,0.0,-0.0,13.583333333333334,0.15000000000000036,298,10,2023,24
2023-10-26,0.0,0.6000000000000001,0,0.0,4.8,16.5,10.1625,6.3,3.941666666666667,-2.1772363434743593,2.607853696526963,84.25,171.75,600.0,26.333333333333332,1014.9541666666668,1012.8,7.320833333333333,4.3,7.679166666666667,6.8,8.9,311.37984388326566,0.8535017002467576,0.0,0.0,0.0,0.0,0.0,0.0,,0.2916666666666667,0,0,0.0,0.0,3.3600000000000003,3.3600000000000003,3.3600000000000003,0.0,3.3600000000000003,-2.2749999999998636,-7.929166666666561,-2.2017857142857338,0.5958333333333341,0.7679166666666667,0.0,2.841666666666667,0.5,-0.7503436665088888,0.6610479423839071,-0.7503436665088888,0.6610479423839071,-1.8343216193771477,2.1971167393239663,5.0,222.0,,0.0,0.0,5,0.0,0.0,0.7286666666666667,0.0,-0.0,19.708333333333336,-0.42916666666666714,299,10,2023,25
2023-10-27,0.0,1.0,0,0.0,8.3,16.0,12.262500000000001,6.2,3.4791666666666665,-0.6761356124421192,-1.5734238615446932,65.83333333333333,167.5,600.0,56.333333333333336,1011.2624999999999,1008.8,5.75,0.9,7.7625,6.5,9.7,208.339084552664,0.5123652294993526,0.0,0.0,0.0,0.0,0.0,0.0,,0.20833333333333334,0,0,0.0,0.0,3.3600000000000003,3.3600000000000003,3.3600000000000003,0.0,3.3600000000000003,-3.6916666666668334,-10.054166666666674,-6.248214285714312,0.08333333333333304,0.77625,0.0,6.512500000000001,7.4,-0.4746887199594417,-0.8801537474460168,-0.4746887199594417,-0.8801537474460168,-0.4451226115243951,-1.035837375516923,6.0,223.0,,0.0,0.0,6,0.0,0.0,0.6644444444444444,0.0,-0.0,20.875,2.1000000000000014,300,10,2023,26
2023-10-28,0.0,5.3,0,0.0,7.1,14.1,10.591666666666667,9.0,4.483333333333333,-2.3485431028036126,1.1890809779459317,82.29166666666667,95.20833333333333,443.0,89.54166666666667,1012.0749999999999,1010.1,7.575,5.4,4.820833333333334,2.4,7.7,273.56392829853513,0.5133915349298813,0.0,0.0,0.0,0.0,0.0,0.0,,0.0,0,0,0.0,0.0,0.0,3.3600000000000003,3.3600000000000003,0.0,3.3600000000000003,0.8125,-5.154166666666697,-5.252380952381031,-2.9416666666666664,0.48208333333333336,0.0,3.0166666666666666,1.6999999999999993,-0.998066061662265,0.06216217948218915,-0.998066061662265,0.06216217948218915,-1.9326552616821397,0.9785145547680064,7.0,224.0,,,0.0,6,0.0,0.0,0.6511111111111111,0.0,-0.0,26.9,-1.6708333333333343,301,10,2023,27
2023-10-29,0.0,1.9000000000000001,0,0.0,7.4,10.1,8.5875,10.8,7.758333333333333,-4.544522619617471,6.090081987559774,91.0,79.29166666666667,298.0,94.91666666666667,1018.1916666666666,1015.7,7.158333333333334,6.2,4.166666666666667,3.3,4.9,322.1514920997082,0.9775376759901439,0.0,0.0,0.0,0.0,0.0,0.0,,0.0,0,0,0.0,0.0,0.0,3.3600000000000003,3.3600000000000003,0.0,3.3600000000000003,6.116666666666674,3.237499999999841,1.3470238095236482,-0.6541666666666668,0.4166666666666667,0.0,1.4291666666666663,1.2000000000000002,-0.6135757969863468,0.7896358283111079,-0.6135757969863468,0.7896358283111079,-4.135515583851898,5.541974608679394,8.0,225.0,,,0.0,6,0.0,0.0,0.5806388888888888,0.0,-0.0,46.55,-2.0041666666666664,302,10,2023,28
2023-10-30,0.0,0.0,0,0.0,4.4,16.3,10.616666666666667,5.2,3.5708333333333333,0.2746414174746215,0.09336984922044449,85.04166666666667,142.83333333333334,600.0,67.45833333333333,1021.7041666666668,1019.7,7.966666666666666,3.6,6.745833333333334,4.8,7.6,338.18115748043465,0.04407928875705542,0.0,0.0,0.0,0.0,0.0,0.0,,0.041666666666666664,0,0,0.0,0.0,0.0,3.3600000000000003,3.3600000000000003,0.0,3.3600000000000003,3.512500000000159,10.441666666666833,5.027976190476238,2.5791666666666666,0.6745833333333333,0.0,2.6500000000000012,0.8000000000000003,-0.3716731610310751,0.9283636471605125,-0.3716731610310751,0.9283636471605125,0.23355963877737604,0.07940327594121967,9.0,226.0,,,0.0,6,0.0,0.0,0.7120277777777778,0.0,-0.0,21.425,2.029166666666667,303,10,2023,29
2023-10-31,0.0,0.30000000000000004,0,0.0,5.6,17.2,11.454166666666666,5.1,3.0,0.23219154884879797,-1.6428421388832641,85.29166666666667,162.33333333333334,600.0,57.583333333333336,1022.6083333333332,1020.4,8.783333333333333,5.4,7.425,6.3,9.2,183.0865606399543,0.45338718436115477,0.0,0.0,0.0,0.0,0.0,0.0,,0.125,0,0,0.0,0.0,0.0,3.3600000000000003,3.3600000000000003,0.0,3.3600000000000003,0.9041666666664696,10.533333333333303,5.747619047618969,0.6791666666666663,0.7424999999999999,0.0,2.6708333333333325,0.1999999999999993,-0.053844593657278145,-0.9985493276417958,-0.053844593657278145,-0.9985493276417958,0.19804004187228727,-1.4012074409558508,10.0,227.0,,,0.0,6,0.0,0.0,0.7258611111111112,0.0,-0.0,18.0,0.8374999999999986,304,10,2023,30
2023-11-01,0.0,0.0,0,0.0,4.2,18.1,10.966666666666667,4.8,2.125,-1.4405824550459003,-0.3492382922831705,73.91666666666667,180.83333333333334,600.0,27.0,1020.3791666666666,1018.0,5.783333333333334,2.2,10.166666666666666,7.0,11.1,249.94742171603326,0.5748754891183643,0.0,0.0,0.0,0.0,0.0,0.0,,0.7083333333333334,0,0,0.0,0.0,0.0,3.3600000000000003,3.3600000000000003,0.0,3.3600000000000003,-2.2291666666666288,2.1875,3.0684523809522943,2.7416666666666663,1.0,0.0,5.183333333333333,2.0,-0.9393783655378312,-0.3428823214449425,-0.9393783655378312,-0.3428823214449425,-1.0648305313547615,-0.2581453043793102,11.0,228.0,,,0.0,6,0.0,0.0,0.7002777777777779,0.0,-0.0,12.75,-0.48749999999999893,305,11,2023,31
2023-11-02,0.0,1.5,0,0.0,6.0,19.4,13.104166666666666,5.2,3.1916666666666664,-2.90773261745022,0.10330571322393363,74.95833333333333,142.04166666666666,540.0,38.541666666666664,1019.6,1018.5,8.654166666666667,2.1,12.266666666666666,11.0,13.8,268.5043001480371,0.877462719491033,0.0,0.0,0.0,0.0,0.0,0.0,,0.375,0,0,0.0,0.0,0.0,3.3600000000000003,3.3600000000000003,0.0,3.3600000000000003,-0.7791666666665833,-2.1041666666667425,1.6255952380954568,2.0999999999999996,1.0,0.0,4.449999999999999,3.9,-0.999659286785698,-0.026101922211006157,-0.999659286785698,-0.026101922211006157,-2.179587907830394,0.07743624087077357,12.0,229.0,,,0.0,6,0.0,0.0,0.6778888888888889,0.0,-0.0,19.15,2.1374999999999993,306,11,2023,32
2023-11-03,0.0,0.0,0,0.0,13.1,21.5,16.6875,6.4,3.3083333333333336,-2.3558713050897553,-1.3760087337460278,53.0,172.125,600.0,2.2083333333333335,1019.9708333333333,1018.3,6.554166666666667,0.2,13.383333333333333,12.1,14.6,229.83116390074898,0.7546200666636387,0.0,0.0,0.0,0.0,0.0,0.0,,1.0,0,0,0.0,0.0,0.0,3.3600000000000003,3.3600000000000003,0.0,3.3600000000000003,0.3708333333332803,-2.637499999999932,0.7523809523810314,1.1166666666666671,1.0,0.0,10.133333333333333,12.9,-0.7641469882543122,-0.6450421539262873,-0.7641469882543122,-0.6450421539262873,-1.2486117916975703,-0.7292846288853947,13.0,230.0,,,0.0,6,0.0,0.0,0.62475,0.0,-0.0,19.85,3.583333333333334,307,11,2023,33
2023-11-04,0.0,0.0,0,0.0,12.3,19.6,15.637500000000001,4.7,2.7875,-2.1418647924877265,-0.31914199485045697,58.625,136.125,587.0,65.75,1022.8833333333333,1020.7,7.1000000000000005,-0.0,10.620833333333334,9.3,11.5,261.4284226642738,0.7145503151374347,0.0,0.0,0.0,0.0,0.0,0.0,,0.2916666666666667,0,0,0.0,0.0,0.0,0.0,3.3600000000000003,0.0,3.3600000000000003,2.9125000000000227,2.5041666666667197,2.120833333333394,-2.7624999999999993,1.0,0.0,8.537500000000001,12.3,-0.9888304392444608,-0.14904483360253312,-0.9888304392444608,-0.14904483360253312,-1.2556682345959296,-0.18709699448108041,14.0,231.0,,,0.0,6,0.0,0.0,0.6195,0.0,-0.0,16.725,-1.049999999999999,308,11,2023,34
2023-11-05,0.0,0.1,0,0.0,11.3,18.2,14.441666666666668,9.2,5.833333333333333,2.4905249723962357,-4.032710000426456,82.29166666666667,149.83333333333334,581.0,73.45833333333333,1026.9416666666666,1026.0,11.358333333333334,9.3,10.295833333333333,8.6,12.2,157.45782503008274,0.6181305595355031,0.0,0.0,0.0,0.0,0.0,0.0,,0.041666666666666664,0,0,0.0,0.0,0.0,0.0,3.3600000000000003,0.0,3.3600000000000003,4.05833333333328,7.341666666666583,4.929166666666674,-0.32500000000000107,1.0,0.0,3.083333333333334,2.0,0.3833633890419102,-0.9235975919968074,0.3833633890419102,-0.9235975919968074,2.0494945085344027,-3.3185842711842715,15.0,232.0,,,0.0,6,0.0,0.0,0.7075277777777779,0.0,-0.0,35.0,-1.1958333333333329,309,11,2023,35
2023-11-06,0.0,1.8,0,0.0,10.4,18.3,14.2125,14.8,10.420833333333333,4.650532835003971,-8.922926448201357,87.875,105.25,473.0,99.29166666666667,1018.7916666666666,1011.8,12.041666666666666,10.2,12.875,10.0,14.1,155.73874027486423,0.9634305248926047,0.0,0.0,0.0,0.0,0.0,0.0,,0.0,0,0,0.0,0.0,0.0,0.0,3.3600000000000003,0.0,3.3600000000000003,-8.149999999999977,-1.1791666666666742,-2.8047619047620174,2.5791666666666675,1.0,0.0,2.1708333333333343,0.20000000000000107,0.41089802349851234,-0.9116813117998065,0.41089802349851234,-0.9116813117998065,4.08665572875974,-7.841021616356943,16.0,233.0,,,0.0,6,0.0,0.0,0.6964166666666666,0.0,-0.0,62.52499999999999,-0.22916666666666785,310,11,2023,36
2023-11-07,0.0,20.9,0,0.0,8.3,14.7,12.483333333333334,7.8,5.683333333333334,-4.725160217091071,-0.09746807467211759,90.45833333333333,55.833333333333336,245.0,92.125,1012.6291666666666,1008.3,10.950000000000001,6.9,6.283333333333334,2.9,9.5,270.08929530370415,0.839789508285636,0.0,0.0,0.0,0.0,0.0,0.0,,0.0,0,0,0.0,0.0,0.0,0.0,3.3600000000000003,0.0,3.3600000000000003,-6.162500000000023,-10.25416666666672,-7.5416666666667425,-6.591666666666666,0.6283333333333334,0.0,1.5333333333333332,1.4000000000000004,-0.9999987855437087,0.0015584964252970564,-0.9999987855437087,0.0015584964252970564,-4.274301179710298,-0.08816799588048636,17.0,234.0,,,0.0,6,0.0,0.0,0.6654166666666667,0.0,-0.0,34.1,-1.729166666666666,311,11,2023,37
2023-11-08,0.0,0.0,0,0.0,4.6,15.5,10.241666666666667,6.9,4.441666666666666,-0.009588249001830538,0.42266103397049576,81.25,163.41666666666666,600.0,28.208333333333332,1022.4041666666667,1020.1,6.95,4.3,6.470833333333334,3.9,7.4,358.62386968476903,0.13633834175535345,0.0,0.0,0.0,0.0,0.0,0.0,,0.5833333333333334,0,0,0.0,0.0,0.0,0.0,3.3600000000000003,0.0,3.3600000000000003,9.775000000000091,-4.537499999999909,1.9440476190477511,0.1875,0.6470833333333335,0.0,3.291666666666667,0.2999999999999998,-0.024015695814578544,0.9997115815846797,-0.024015695814578544,0.9997115815846797,-0.007790452313987312,0.3434120901010278,18.0,235.0,,,0.0,6,0.0,0.0,0.713111111111111,0.0,-0.0,26.65,-2.241666666666667,312,11,2023,38
2023-11-09,0.0,0.0,0,0.0,9.1,17.3,12.958333333333334,5.4,4.3374999999999995,0.6888415192392934,-3.782994849602058,71.16666666666667,163.125,600.0,42.791666666666664,1024.1083333333333,1022.4,7.7625,3.8,9.329166666666667,7.4,10.3,172.42045032296227,0.8768899365824003,0.0,0.0,0.0,0.0,0.0,0.0,,0.4583333333333333,0,0,0.0,0.0,0.0,0.0,3.3600000000000003,0.0,3.3600000000000003,1.7041666666666515,5.31666666666672,3.004166666666606,2.8583333333333334,0.9329166666666667,0.0,5.195833333333334,5.3,0.13190259176880698,-0.9912626827862893,0.13190259176880698,-0.9912626827862893,0.4902255478586305,-2.6922313346334645,19.0,236.0,,,0.0,6,0.0,0.0,0.6793055555555556,0.0,-0.0,26.025,2.716666666666667,313,11,2023,39
2023-11-10,0.0,26.3,0,0.0,8.2,13.7,11.737499999999999,12.9,4.591666666666667,-0.6542734063460053,-0.4187198582749214,86.70833333333333,22.041666666666668,126.0,97.375,1017.6,1013.0,9.475,5.2,5.158333333333333,-1.3,9.3,186.7401381501791,0.2553950930865088,0.0,0.0,0.0,0.0,0.0,0.0,,0.0,0,0,0.0,0.0,0.0,0.0,3.3600000000000003,0.0,3.3600000000000003,-6.508333333333326,4.970833333333417,-3.16547619047617,-4.170833333333334,0.5158333333333334,0.0,2.2624999999999993,2.999999999999999,-0.1173664670372113,-0.9930886729870617,-0.1173664670372113,-0.9930886729870617,-0.5673095660858487,-0.36306501044587974,20.0,237.0,,,0.0,6,0.0,0.0,0.6081666666666666,0.0,-0.0,27.55,-1.220833333333335,314,11,2023,40
2023-11-11,0.56,2.0,5,0.14,2.1,7.1,4.491666666666666,14.2,9.612499999999999,-4.80458497026144,7.854239454035395,81.45833333333333,84.08333333333333,370.0,68.20833333333333,1022.7125,1019.3,1.4916666666666665,-1.9,-0.7000000000000001,-2.3,2.1,326.9251406095117,0.8931266056565393,5.0600000000000005,12.819999999999999,14.2,83.4,-7.2254977775139535,10.561294491063736,325.39936308131485,0.20833333333333334,0,3,0.56,0.56,0.56,0.56,3.9200000000000004,0.0,3.9200000000000004,5.1124999999999545,0.3083333333332803,1.9714285714285325,-5.858333333333333,-0.07,0.7000000000000001,3.0,4.0,-0.5457343288648813,0.8379582580883117,-0.5678528952719794,0.8231300561461904,-3.913734840358798,6.3979325552663315,0.0,238.0,1.0,1.0,7.952,0,0.058077109999999973,0.56,0.48536111111111113,7.1792,0.0,0.0,-7.245833333333333,315,11,2023,41
2023-11-12,8.4,16.8,9,1.82,2.8,9.9,5.504166666666666,9.5,5.5249999999999995,-0.840733665723425,0.5487934239038853,83.66666666666667,40.625,179.0,96.58333333333333,1016.5124999999999,1013.5,2.8249999999999997,-1.8,-1.0125,-3.9,3.3,276.4337770242073,0.04251414965191022,4.655555555555555,6.722222222222222,9.5,95.22222222222223,-2.0128176160490865,6.310268052753701,344.2354262153592,0.0,0,9,8.96,8.96,8.96,8.96,12.32,0.0,12.32,-6.2000000000000455,-7.595833333333417,-2.738690476190527,-0.3124999999999999,-0.10124999999999999,1.0125,2.6791666666666667,4.6,-0.9937020332836904,0.11205475914863802,-0.27168525170207103,0.962386161583583,-0.7034138336552657,0.45915716466625073,0.0,239.0,0.9375,1.0,79.8,0,1.0280261574074085,8.96,0.5259722222222223,56.46666666666667,0.0,0.0,1.0125000000000002,316,11,2023,42
2023-11-13,3.1500000000000004,4.5,24,0.28,0.7,4.0,2.2875,10.2,6.995833333333334,-4.5323424566195,4.878374335540513,86.375,100.75,454.0,95.33333333333333,1017.625,1015.0,0.22499999999999998,-1.0,-2.0125,-3.1,-1.0,317.5639736600538,0.9449973629338115,2.2875,6.995833333333334,10.2,86.375,-4.5323424566195,4.878374335540513,317.5639736600538,0.0,0,24,11.55,12.110000000000001,12.110000000000001,12.110000000000001,15.47,0.0,15.47,1.1125000000000682,0.024999999999977263,-1.4595238095237164,-1.0000000000000002,-0.20125,2.0125,2.0625,1.7,-0.6747665789127472,0.7380312080003035,-0.6747665789127472,0.7380312080003035,-3.914810796905093,4.213695832323118,0.0,240.0,0.26011560693641617,1.0,32.13,1,0.5542470629882812,12.110000000000001,0.4439722222222222,22.036875000000002,0.0,6.995833333333334,-3.2166666666666663,317,11,2023,43
2023-11-14,0.28,0.4,4,0.07,-0.5,9.4,3.816666666666667,6.1,4.1375,-3.6821290218550584,1.4012013703541089,83.91666666666667,124.41666666666667,520.0,63.458333333333336,1023.3625000000001,1021.3,1.1916666666666667,-1.4,0.5708333333333334,-0.4,1.2,285.71475288059577,0.9405559163558834,1.725,5.725,6.0,89.75,-4.927217953484373,2.906184240478562,300.5003047798862,0.08333333333333333,1,4,3.4300000000000006,11.83,12.39,12.39,15.75,1.0,15.75,5.737500000000068,0.650000000000091,2.744642857142935,2.5833333333333335,0.05708333333333334,0.0,2.625,0.8999999999999999,-0.9626220385958095,0.27084831697769113,-0.861626460623419,0.507542946314457,-3.0899199375067035,1.175841483288823,0.0,241.0,0.02366863905325444,0.9548022598870056,1.708,2,0.053779742187499986,11.83,0.5715555555555556,1.603,14.134956504058463,8.275,1.5291666666666668,318,11,2023,44
2023-11-15,0.0,0.0,0,0.0,-0.2,10.2,4.6375,5.4,2.8166666666666664,-1.7388845496836043,-0.42484413900973106,75.45833333333333,123.04166666666667,554.0,27.333333333333332,1024.9166666666667,1022.7,0.4166666666666667,-4.3,2.1958333333333333,1.3,2.7,252.03533982936892,0.7104872099741645,0.0,0.0,0.0,0.0,0.0,0.0,,0.375,0,0,0.28,3.4300000000000006,12.39,12.39,15.75,1.0,15.75,1.5541666666666742,8.40416666666681,3.9398809523809177,1.625,0.21958333333333332,0.0,4.220833333333333,4.1,-0.9512469359375215,-0.30843032741524773,-0.9512469359375215,-0.30843032741524773,-1.3121332997820863,-0.3205803065610929,1.0,242.0,0.0,0.27683615819209045,0.0,3,0.0,1.7150000000000003,0.5602222222222222,0.0,-0.0,8.45,0.8208333333333333,319,11,2023,45
2023-11-16,0.0,0.0,0,0.0,0.0,11.5,5.379166666666666,8.7,5.229166666666667,1.2761301117725665,-3.90530490550742,78.66666666666667,139.25,600.0,63.75,1024.5041666666666,1020.8,1.5791666666666666,-2.0,3.983333333333333,2.4,5.1,181.89910411756838,0.6423982544069051,0.0,0.0,0.0,0.0,0.0,0.0,,0.25,0,0,0.0,0.28,12.39,12.39,15.75,1.0,15.75,-0.4125000000001364,6.879166666666606,3.4708333333331893,1.7874999999999996,0.3983333333333333,0.0,3.8,2.0,-0.03313955088280895,-0.9994507342372038,-0.03313955088280895,-0.9994507342372038,1.0038890212610858,-3.0721731923325035,2.0,243.0,0.0,0.022598870056497175,0.0,4,0.0,0.09333333333333334,0.6106111111111111,0.0,0.0,20.916666666666668,0.7416666666666663,320,11,2023,46
2023-11-17,1.82,19.6,8,0.91,3.5,7.5,6.175,11.2,7.054166666666666,-1.4794856355640824,-4.602608450573966,94.375,21.333333333333332,119.0,97.875,1009.0,1003.7,5.270833333333333,-0.3,1.6291666666666667,-3.0,4.8,207.45571076279512,0.6700876908323238,6.175,5.6625,8.9,95.0,-1.1124262625559718,-2.6237176995867078,212.23311251612694,0.0,0,3,1.82,1.82,14.21,14.21,17.57,1.0,17.57,-15.504166666666606,-14.362500000000068,-10.804761904761904,-2.354166666666666,0.16291666666666665,0.0,0.9041666666666668,3.8,-0.46106282217573374,-0.8873674965916588,-0.5333652210655286,-0.8458850636804741,-1.3962645685636028,-4.343711725229181,0.0,244.0,1.0,0.12807881773399016,20.384,5,0.16171890820312512,1.82,0.49547222222222215,10.30575,0.0,35.27083333333333,0.7958333333333334,321,11,2023,47
2023-11-18,16.03,23.0,20,3.43,0.1,5.4,2.0749999999999997,6.4,3.233333333333333,-1.9236893844961562,-1.7675658645237897,81.0,49.541666666666664,203.0,79.20833333333333,1003.9708333333333,1001.6,-0.8958333333333334,-3.2,0.4583333333333333,-3.3,2.5,232.84416417243864,0.7753451730429981,2.005,2.955,6.4,82.45,-2.005417897841109,-1.364118599966806,235.51238690257838,0.16666666666666666,0,17,17.85,17.85,29.68,30.240000000000002,33.6,1.0,33.6,-5.029166666666697,-20.94583333333344,-13.156547619047615,-1.1708333333333334,0.04583333333333333,0.0,2.970833333333333,3.3000000000000003,-0.7969957125265973,-0.60398496191066,-0.8242486219913894,-0.5662280540076547,-1.5581884014418863,-1.4317283502642697,0.0,0.0,0.8980392156862745,0.6014150943396227,100.0,0,3.0856486385156243,17.85,0.42302777777777784,47.36865,0.0,0.0,-4.1,322,11,2023,48
2023-11-19,12.39,18.2,7,3.29,1.4,7.5,4.866666666666666,6.8,4.458333333333333,-3.829858214395369,-0.5152133459979981,88.04166666666667,124.5,540.0,82.125,1011.2791666666667,1007.7,2.9916666666666667,0.0,3.295833333333333,2.3,5.1,262.8783088895976,0.8672199334397723,3.4714285714285715,4.271428571428571,4.8,94.57142857142857,-3.5436240361381097,2.1577097708986264,300.91350652509306,0.0,0,7,28.42,30.240000000000002,33.67,42.63,45.99,1.0,45.99,7.308333333333394,-13.224999999999909,-5.100595238095252,2.8374999999999995,0.3295833333333333,0.0,1.8749999999999996,1.4,-0.9922850735670964,-0.1239771461840532,-0.8579438230921704,0.5137435122879808,-3.371871002923923,-0.4536024167057375,0.0,0.0,0.4097222222222222,0.8981288981288982,84.252,1,1.914252629464285,30.240000000000002,0.543138888888889,52.923,0.0,4.458333333333333,2.7916666666666665,323,11,2023,49
2023-11-20,18.34,30.400000000000002,12,2.87,-2.6,7.6,3.3125,10.8,6.158333333333334,-4.2156836546457335,3.3680457258062018,87.91666666666667,44.916666666666664,161.0,89.125,1016.6999999999999,1009.9,1.4791666666666667,-5.3,1.3583333333333334,-1.6,5.9,296.1995358022689,0.800364046464372,4.608333333333333,6.008333333333333,10.8,91.83333333333333,-3.1234776330872336,4.259248372228754,309.97304056802017,0.08333333333333333,0,12,30.73,46.760000000000005,48.86,60.97,60.97,1.0,64.33,5.420833333333235,7.699999999999932,0.4523809523808495,-1.9374999999999996,0.13583333333333333,0.0,1.8333333333333333,2.6999999999999997,-0.897261946627634,0.44149858338842807,-0.7663468097089463,0.6424270909985974,-3.706288546376041,2.961073533937953,0.0,0.0,0.3922155688622754,0.9570200573065903,100.0,0,2.2864157209201386,46.760000000000005,0.4918888888888889,110.19283333333333,44.02281434033618,0.0,-1.5541666666666663,324,11,2023,50
2023-11-21,0.0,0.0,0,0.0,-5.3,14.6,7.008333333333333,7.1,3.4583333333333335,-2.589704293361543,-0.2550695253725762,51.75,157.16666666666666,600.0,0.16666666666666666,1021.0625,1018.5,-2.9125,-12.5,8.4625,6.6,9.4,261.7653385345051,0.740709770505748,0.0,0.0,0.0,0.0,0.0,0.0,,1.0,0,0,18.34,30.73,48.58,60.97,60.97,0.0,64.33,4.362500000000068,17.091666666666697,5.14345238095234,7.104166666666667,0.8462500000000001,0.0,9.920833333333333,7.2,-0.9896897654690118,-0.14322767932872654,-0.9896897654690118,-0.14322767932872654,-1.3401719718145984,-0.1319984793803082,1.0,1.0,0.0,0.6325648414985591,0.0,1,0.0,15.365,0.6017222222222222,0.0,-0.0,3.4583333333333335,3.695833333333333,325,11,2023,51
2023-11-22,0.0,0.0,0,0.0,6.7,16.3,11.295833333333334,6.4,3.6625,-2.9421246943255923,-1.6797328989765175,42.125,158.58333333333334,600.0,0.0,1018.5,1017.0,-1.695833333333333,-11.1,9.883333333333333,8.8,11.2,243.32768556997317,0.9244511747980082,0.0,0.0,0.0,0.0,0.0,0.0,,1.0,0,0,0.0,18.34,48.58,60.97,60.97,0.0,64.33,-2.5625,7.220833333333303,3.4976190476190823,1.4208333333333325,0.9883333333333333,0.0,12.991666666666667,17.8,-0.8935883969195992,-0.44888726523556094,-0.8935883969195992,-0.44888726523556094,-1.2393700274846557,-0.707587483693858,2.0,2.0,0.0,0.37752161383285304,0.0,2,0.0,6.113333333333333,0.5794722222222223,0.0,-0.0,7.325,4.287500000000001,326,11,2023,52
2023-11-23,0.0,0.0,0,0.0,1.5,15.2,9.504166666666666,6.9,3.795833333333333,-3.17287786660612,-1.3068795386778789,53.25,146.54166666666666,563.0,54.791666666666664,1012.7333333333332,1009.5,-1.1416666666666666,-11.4,9.549999999999999,6.3,11.0,250.36783479842774,0.8880750873274954,0.0,0.0,0.0,0.0,0.0,0.0,,0.16666666666666666,0,0,0.0,0.0,48.58,60.97,60.97,0.0,64.33,-5.766666666666765,-3.966666666666697,-0.5874999999999773,-0.3333333333333339,0.9549999999999998,0.0,10.645833333333332,12.9,-0.9418689856378148,-0.335980377244853,-0.9418689856378148,-0.335980377244853,-1.6895574639677589,-0.6959133543459706,3.0,3.0,,0.0,0.0,3,0.0,0.0,0.6085277777777778,0.0,-0.0,11.3875,-1.7916666666666679,327,11,2023,53
2023-11-24,13.72,37.2,12,1.61,-0.2,9.1,4.854166666666667,10.1,5.366666666666667,-3.1693818220494823,1.2800731726521355,89.08333333333333,45.75,189.0,99.20833333333333,1012.3666666666667,1008.1,3.1833333333333336,-2.5,-1.2833333333333334,-5.8,5.6,287.6787869642045,0.6757641687658394,3.0083333333333333,6.058333333333334,10.1,91.5,-3.1244676152486583,4.600028973550377,324.89675415933885,0.0,0,12,13.72,13.72,60.48,74.69,74.69,0.0,78.05,-0.36666666666656056,-8.695833333333326,-1.4351190476189686,-10.833333333333332,-0.12833333333333335,1.2833333333333334,1.6708333333333334,2.3,-0.9527739803430157,0.30368032926307015,-0.5750515997983006,0.818117141715913,-2.8233909731424136,1.1403318513042773,0.0,0.0,1.0,0.2268518518518519,100.0,4,2.2165323967013895,13.72,0.5296666666666666,83.12033333333333,0.0,21.46666666666667,-4.6499999999999995,328,11,2023,54
2023-11-25,4.83,7.1000000000000005,8,1.26,-2.4,3.0,-0.19166666666666665,9.9,7.054166666666667,-5.195393450970509,4.399479745977561,73.375,93.33333333333333,385.0,67.625,1026.3999999999999,1021.8,-4.408333333333333,-6.3,-3.6750000000000003,-5.2,0.4,308.80101849867896,0.9286060673841179,-1.4749999999999999,8.825,9.9,77.75,-7.322784273354783,4.875520749287038,303.49323398550564,0.16666666666666666,1,7,18.55,18.55,49.28,78.96000000000001,79.52000000000001,1.0,82.88,14.03333333333319,7.899999999999864,9.39404761904757,-2.3916666666666666,-0.36750000000000005,3.6750000000000003,4.216666666666667,3.9,-0.7793268262016334,0.626617664898213,-0.8339509940664149,0.5518385085291152,-3.812119944649611,3.2281182636110355,0.0,1.0,0.26037735849056604,0.37642045454545453,47.817,5,1.2327565605468749,18.55,0.3734722222222222,42.62475,246.63137432658652,35.270833333333336,-5.045833333333333,329,11,2023,55
2023-11-26,0.0,0.0,0,0.0,-1.9,8.7,2.5124999999999997,6.6,3.6625,-3.2202213530915387,-0.16566034129238738,64.375,137.0,526.0,40.041666666666664,1022.5208333333334,1019.1,-3.975,-10.8,3.0416666666666665,1.3,4.1,263.3138814473509,0.8969705482023804,0.0,0.0,0.0,0.0,0.0,0.0,,0.5,1,0,4.83,18.55,36.89,70.56,79.52000000000001,2.0,82.88,-3.8791666666664923,9.787500000000136,3.908928571428646,6.716666666666667,0.30416666666666664,0.0,6.4875,8.9,-0.9931988870212289,-0.11643011131057147,-0.9931988870212289,-0.11643011131057147,-2.073017496052678,-0.10664384470697438,1.0,2.0,0.0,0.5028462998102466,0.0,6,0.0,9.275,0.49924999999999997,0.0,-0.0,21.975,2.7041666666666666,330,11,2023,56
2023-11-27,0.0,0.0,0,0.0,-2.0,12.8,5.966666666666666,4.7,2.85,-1.5860041942349243,-1.815781645717081,73.54166666666667,140.54166666666666,575.0,46.75,1014.1791666666667,1010.1,1.4708333333333332,-4.3,6.658333333333334,4.0,8.2,227.71895233977506,0.83993665128934,0.0,0.0,0.0,0.0,0.0,0.0,,0.25,0,0,0.0,4.83,18.549999999999997,67.41,79.52000000000001,2.0,82.88,-8.341666666666697,1.8125,-4.072619047619014,3.6166666666666676,0.6658333333333334,0.0,4.495833333333333,2.3,-0.7398536740813916,-0.6727678209815523,-0.7398536740813916,-0.6727678209815523,-1.1663739178436006,-1.33535608528777,2.0,3.0,0.0,0.2603773584905661,0.0,3,0.0,1.61,0.6232777777777777,0.0,-0.0,8.55,3.454166666666666,331,11,2023,57
2023-11-28,19.88,36.4,15,2.45,0.4,9.3,4.966666666666667,6.4,4.216666666666667,-1.0319067111951299,0.06165626888449779,84.79166666666667,33.75,126.0,92.16666666666667,1010.6041666666666,1007.5,2.5083333333333333,-1.6,-0.9625,-2.7,3.7,279.6692909003363,0.30549113518162785,3.42,4.12,6.4,89.73333333333333,-0.028270411668348466,1.821468908881472,348.1794035737296,0.0,0,13,19.88,19.88,38.42999999999999,87.01,99.4,2.0,102.76,-3.5750000000000455,-15.795833333333235,-6.153571428571354,-7.6208333333333345,-0.09625,0.9625,2.4583333333333335,2.0,-0.9857936335817341,0.16796104307166512,-0.2048479174190304,0.9787938142065907,-0.8749708988675373,0.052279377991647086,0.0,0.0,1.0,0.5173041894353371,100.0,0,3.1018416099999997,19.88,0.5118055555555556,81.90559999999999,0.0,0.0,-0.9999999999999991,332,11,2023,58
2023-11-29,29.19,42.2,24,2.87,0.4,3.8,1.7666666666666666,5.8,3.1875,-2.7711659302089813,-0.8360731095760041,89.33333333333333,29.625,140.0,100.0,1017.0916666666667,1015.3,0.18333333333333332,-1.6,-1.875,-2.9,-0.4,244.99661725423795,0.8862250523556608,1.7666666666666666,3.1875,5.8,89.33333333333333,-2.7711659302089813,-0.8360731095760041,244.99661725423795,0.0,0,24,49.07,49.07,67.62,116.2,128.59,2.0,131.95,6.487500000000068,-5.429166666666674,0.535119047619105,-0.9125,-0.1875,1.875,1.5833333333333333,2.0,-0.9062828340532373,-0.42267176946234813,-0.9062828340532373,-0.42267176946234813,-2.4755748976533565,-0.746891977887897,0.0,0.0,0.594864479315264,0.7256728778467908,100.0,0,5.76888279296875,49.07,0.4019722222222222,93.043125,0.0,0.0,-3.2,333,11,2023,59
2023-11-30,21.56,30.8,23,2.31,-3.4,2.7,-0.26666666666666666,11.1,6.5874999999999995,-5.24386821550613,2.533378270424199,83.33333333333333,47.833333333333336,199.0,99.91666666666667,1017.1541666666667,1013.1,-2.720833333333333,-6.7,-4.833333333333333,-5.6,-2.4,284.71964537711034,0.8524443216002003,-0.13043478260869562,6.447826086956522,11.1,83.56521739130434,-5.064393502769973,2.5189493819086066,284.6024915616019,0.0,1,21,50.75,70.63,89.17999999999999,137.76,150.15,3.0,153.51,0.0625,2.9750000000000227,-0.03392857142853245,-2.958333333333333,-0.4833333333333333,4.833333333333333,2.4541666666666666,3.3000000000000003,-0.967180688280223,0.25408958305643725,-0.9676982080906085,0.25211143976072453,-4.369890179588442,2.1111485586868324,0.0,0.0,0.30525272547076315,0.7919937205651492,100.0,1,5.0202156876181485,70.63,0.36966666666666664,139.0151304347826,1.0761836193386192,6.5874999999999995,-2.033333333333333,334,11,2023,60
2023-12-01,3.08,4.4,12,0.7,-5.0,2.6,-0.5708333333333334,9.4,6.145833333333333,-5.837196653499899,-0.7911333511155743,73.04166666666667,100.66666666666667,536.0,90.58333333333333,1016.9041666666667,1014.2,-4.829166666666667,-9.8,-4.029166666666667,-5.3,-2.8,260.84004905942027,0.9552489853308511,0.24999999999999997,6.933333333333334,9.4,77.0,-6.532427348268638,-1.1545135286088126,257.35999939667187,0.08333333333333333,1,9,24.64,53.830000000000005,78.53999999999999,139.02,153.23,4.0,156.59,-0.25,6.300000000000068,-0.9321428571428214,0.8041666666666663,-0.4029166666666667,4.029166666666667,4.258333333333333,4.800000000000001,-0.9872477789378314,-0.15919115233680145,-0.9757642291097617,-0.2188245168847232,-4.263585722327218,-0.5778569852106674,0.0,1.0,0.057217165149544856,0.6853832442067738,28.952,2,0.6856850000000001,53.830000000000005,0.36836111111111114,21.354666666666667,0.0,12.291666666666666,-0.30416666666666675,335,12,2023,61
2023-12-02,2.45,3.5,11,0.56,-2.5,3.5,0.8624999999999999,7.7,3.6833333333333336,-2.6657152740640346,1.5171358384163522,77.66666666666667,106.5,514.0,67.75,1019.9125,1016.6,-2.6541666666666663,-8.7,-3.1625,-4.6,-1.8,299.60462923206643,0.8590241586259673,0.8181818181818182,4.3999999999999995,7.7,80.0,-2.9438189491889504,1.6138269478775022,302.74846008428807,0.20833333333333334,1,9,5.53,27.09,76.16,125.44000000000001,155.68,4.0,159.04,3.0083333333333258,2.8208333333333258,3.002976190476147,0.8666666666666667,-0.31625000000000003,3.1625,3.516666666666666,6.199999999999999,-0.8694550184655385,0.49401211611162954,-0.8410535522147676,0.5409518669039983,-2.0703721961897337,1.178308834503367,0.0,2.0,0.09043927648578812,0.3556985294117647,18.865000000000002,3,0.5314551136363639,27.09,0.4076666666666667,10.78,22.13997168035851,11.05,1.4333333333333333,336,12,2023,62
2023-12-03,8.540000000000001,12.2,15,1.33,-4.2,3.5,0.37916666666666665,6.5,4.0249999999999995,-2.695450779357733,-0.17741543046898553,74.95833333333333,36.958333333333336,208.0,87.5,1020.25,1016.7,-3.8166666666666664,-10.7,-3.141666666666667,-4.1,-1.8,256.98848323478893,0.7027157375130063,1.34,4.22,6.5,85.06666666666666,-2.903242126457165,0.749668063046051,268.48700688392756,0.08333333333333333,1,15,10.990000000000002,14.07,84.7,121.59,164.22,4.0,167.58,0.33749999999997726,3.095833333333303,3.664880952381054,0.020833333333333037,-0.3141666666666667,3.141666666666667,4.195833333333333,6.499999999999999,-0.974324828708825,-0.22514690351305938,-0.9996513630554186,-0.026403642579077277,-2.0204649800269006,-0.1329876497557104,0.0,3.0,0.6069651741293532,0.16611570247933885,55.510000000000005,4,1.7513799975000006,14.07,0.35227777777777775,36.0388,4.115345714252754,16.099999999999998,-0.4833333333333333,337,12,2023,63
2023-12-04,0.0,0.0,0,0.0,-9.9,4.4,-1.1583333333333334,5.3,3.1458333333333335,-2.9195401749758774,0.383188581477987,65.58333333333333,141.70833333333334,579.0,28.5,1022.8375,1020.6,-7.533333333333334,-17.5,-0.3416666666666666,-3.5,1.7,274.5288276678283,0.9431548203189584,0.0,0.0,0.0,0.0,0.0,0.0,,0.6666666666666666,1,0,8.540000000000001,10.99,84.7,103.25,164.22,5.0,167.58,2.5874999999999773,5.93333333333328,5.015476190476193,2.8000000000000003,-0.034166666666666665,0.3416666666666666,6.375000000000001,7.6,-0.9968777318207178,0.07896067248941789,-0.9968777318207178,0.07896067248941789,-1.9147317647550128,0.2513078446859798,1.0,4.0,0.0,0.12975206611570247,0.0,5,0.0,5.495,0.4108611111111111,0.0,-0.0,15.729166666666668,-1.5375,338,12,2023,64
2023-12-05,0.0,0.0,0,0.0,-3.8,8.8,4.170833333333333,8.2,4.079166666666667,-0.8622017465325933,-2.6110475418477788,37.25,104.625,460.0,92.83333333333333,1018.3416666666667,1015.2,-9.833333333333334,-19.3,3.0500000000000003,2.2,3.6,202.89382721064308,0.5784820011949984,0.0,0.0,0.0,0.0,0.0,0.0,,0.041666666666666664,1,0,0.0,8.54,64.82,103.25,164.22,6.0,167.58,-4.49583333333328,-1.5708333333333258,-0.585714285714289,3.391666666666667,0.30500000000000005,0.0,14.004166666666666,15.5,-0.3890247035134248,-0.9212273226822422,-0.3890247035134248,-0.9212273226822422,-0.321170150583391,-0.9726152093382976,2.0,5.0,0.0,0.13174946004319654,0.0,6,0.0,2.8466666666666662,0.3894722222222222,0.0,-0.0,24.475,5.329166666666667,339,12,2023,65
2023-12-06,0.07,0.1,1,0.07,1.4,10.2,6.595833333333334,8.3,3.5833333333333335,-2.040940756945886,-1.1538724081461191,56.125,138.875,566.0,63.125,1012.375,1009.4,-1.75,-6.5,3.5875,2.4,4.2,259.54708579509236,0.7344430670637949,5.7,3.5,3.5,51.0,-3.1974091017491038,1.4235782507652992,294.0,0.2916666666666667,0,1,0.06999999999999823,0.07,35.69999999999999,103.32000000000001,164.29,6.0,167.65,-5.966666666666697,-7.875,-5.878571428571377,0.5374999999999996,0.35875,0.0,8.345833333333335,7.9,-0.9834043370698157,-0.18142742304369613,-0.9135454576426011,0.40673664307579976,-1.1454779998358786,-0.6476108890720095,0.0,6.0,1.0,0.001960784313725491,0.5810000000000001,6,0.0071957812499999965,0.07,0.5063333333333333,0.24500000000000002,0.0,21.5,2.4250000000000007,340,12,2023,66
2023-12-07,14.07,21.0,14,3.5,-0.1,6.6,2.795833333333333,8.8,5.408333333333334,-1.6200479459747645,-0.9579203477452433,80.375,33.416666666666664,199.0,97.625,1009.2708333333334,1004.9,-0.3375000000000001,-4.5,-0.13333333333333333,-1.8,4.0,241.05816137896682,0.4151647849697976,3.2785714285714285,4.821428571428571,8.8,88.21428571428571,-2.625377960750371,2.745058167266881,301.9007434656876,0.0,1,14,14.139999999999999,14.14,28.209999999999997,117.39,178.36,6.0,181.72,-3.1041666666666288,-13.566666666666606,-7.85654761904766,-3.720833333333333,-0.013333333333333332,0.13333333333333333,3.133333333333333,4.4,-0.8751113903427815,-0.48392153753715467,-0.8489648305819337,0.5284493508700606,-1.302113536577217,-0.7699284795002392,0.0,0.0,0.995049504950495,0.501240694789082,100.0,0,2.221773465401787,14.14,0.4368611111111111,67.83749999999999,0.0,0.0,-3.800000000000001,341,12,2023,67
2023-12-08,0.07,0.1,1,0.07,-1.1,9.8,5.004166666666666,5.7,3.6,-2.8821305129191495,-1.2669278120773986,71.41666666666667,135.45833333333334,560.0,34.125,1020.0916666666667,1018.4,-0.03749999999999996,-3.3,4.3374999999999995,0.8,7.1,248.6726137552256,0.8750564656419443,2.1,4.0,4.0,85.0,-3.5640260967534716,1.8159619989581866,297.0,0.5833333333333334,1,1,14.139999999999999,14.21,25.199999999999996,103.74000000000001,178.43,6.0,181.79,10.820833333333326,1.75,2.508928571428669,4.470833333333333,0.43374999999999997,0.0,5.041666666666666,2.1999999999999997,-0.9315174942883514,-0.36369651886531884,-0.8910065241883679,0.45399049973954664,-2.0583215413097595,-0.9047976124586089,0.0,1.0,0.0049261083743842365,0.563888888888889,0.3990000000000001,1,0.013133750000000001,14.21,0.546138888888889,0.28,42.42230562748182,3.6,2.2083333333333335,342,12,2023,68
2023-12-09,0.0,0.0,0,0.0,0.8,13.6,7.616666666666667,5.2,3.529166666666667,-3.1029122232827473,-0.4306521281531095,50.458333333333336,139.54166666666666,569.0,27.875,1019.8125,1018.3,-3.0833333333333335,-10.3,6.883333333333333,6.2,7.2,263.3212865027237,0.8882605845603636,0.0,0.0,0.0,0.0,0.0,0.0,,0.7083333333333334,0,0,0.06999999999999823,14.14,22.749999999999996,98.91,178.43,5.0,181.79,-0.279166666666697,7.4375,2.2440476190477057,2.5458333333333334,0.6883333333333332,0.0,10.700000000000001,11.100000000000001,-0.9932139264561828,-0.11630174673448491,-0.9932139264561828,-0.11630174673448491,-1.565677792664753,-0.21729988633058983,1.0,2.0,0.0,0.6215384615384617,0.0,2,0.0,7.07,0.5634444444444444,0.0,-0.0,7.058333333333334,2.6125000000000007,343,12,2023,69
2023-12-10,0.0,0.0,0,0.0,-1.6,13.2,4.654166666666667,6.3,4.391666666666667,-2.979884798625364,2.1583298048978468,79.25,131.0,556.0,37.833333333333336,1022.85,1020.6,1.2291666666666667,-7.0,2.983333333333333,0.2,6.2,303.9606842766434,0.839089751920922,0.0,0.0,0.0,0.0,0.0,0.0,,0.5833333333333334,1,0,0.0,0.07,14.209999999999997,98.91,178.43,5.0,181.79,3.0375000000000227,13.579166666666652,4.910119047619105,-3.9,0.2983333333333333,0.0,3.425,5.4,-0.8294210892654491,0.5586238955520216,-0.8294210892654491,0.5586238955520216,-2.361558702910601,1.7104763703815435,2.0,3.0,0.0,0.004926108374384238,0.0,3,0.0,0.023333333333333334,0.6448333333333333,0.0,-0.0,13.175,-2.9625000000000004,344,12,2023,70
2023-12-11,0.07,2.8,1,0.07,3.4,9.7,5.7749999999999995,11.8,4.245833333333334,1.6950014293029432,-1.3279401507884907,88.25,115.16666666666667,506.0,95.33333333333333,1023.7416666666667,1018.3,3.9166666666666665,2.2,3.204166666666667,-0.5,6.4,94.03203024558934,0.3179846299792698,6.0,11.8,11.8,99.0,6.077449283938642,-10.114574148284925,149.0,0.0,0,1,0.06999999999999823,0.07,14.279999999999998,98.97999999999999,177.94,4.0,181.86,0.8916666666666515,3.6499999999999773,5.672619047619037,0.2208333333333341,0.3204166666666667,0.0,1.858333333333333,1.1999999999999997,0.9975248981954842,-0.07031413428386238,0.5150380749100544,-0.8571673007021122,1.4958387613598472,-1.1719071830708432,0.0,4.0,1.0,0.004901960784313727,0.8260000000000002,4,0.0059675,0.07,0.5865,0.8260000000000002,0.0,16.983333333333334,1.1208333333333327,345,12,2023,71
2023-12-12,1.8900000000000001,16.0,11,0.56,3.1,8.7,5.629166666666666,12.3,9.066666666666666,-1.813349004030389,3.509289965643435,93.41666666666667,37.375,176.0,99.83333333333333,1013.7583333333333,1008.0,4.620833333333334,1.7,0.12916666666666668,-3.5,6.3,323.32599553264527,0.35938073240361346,4.318181818181818,10.545454545454545,12.3,94.45454545454545,-1.121095814652305,3.534959169726314,346.86777753240113,0.0,0,7,1.9599999999999984,1.9600000000000002,16.169999999999998,80.99,171.43,3.0,183.75,-9.983333333333348,-6.054166666666674,-3.655952380952499,-3.075,0.012916666666666668,0.0,1.0083333333333329,1.4000000000000001,-0.5972613137455229,0.8020467088037779,-0.2271990241103246,0.9738483472509034,-1.6939701945983885,3.278261709571909,0.0,5.0,0.9642857142857143,0.12121212121212124,23.247000000000003,5,0.23307722107438003,1.9600000000000002,0.5296388888888889,19.93090909090909,0.0,45.33333333333333,-0.14583333333333304,346,12,2023,72
2023-12-13,0.07,0.2,1,0.07,-6.5,3.7,-0.775,10.6,7.125,-5.537012248505527,4.194473612494548,79.58333333333333,131.20833333333334,549.0,57.5,1028.0958333333333,1022.1,-3.904166666666667,-10.8,-0.15833333333333335,-2.2,2.5,304.582278565982,0.9759285261027402,2.3,9.5,9.5,90.0,-4.6056913923402005,8.30888721782426,331.0,0.25,1,1,1.9599999999999984,2.0300000000000002,16.169999999999998,51.87,168.35,4.0,183.82,14.337499999999977,5.24583333333328,8.435714285714084,-0.28750000000000003,-0.015833333333333335,0.15833333333333335,3.129166666666667,4.300000000000001,-0.8233119617369595,0.5675891239804013,-0.4848096202463369,0.8746197071393959,-4.406538914435648,3.338101916610244,0.0,6.0,0.034482758620689655,0.12554112554112556,0.742,6,0.011874843750000008,2.0300000000000002,0.43497222222222226,0.665,429.22165219490387,42.75,-6.404166666666667,347,12,2023,73
2023-12-14,0.0,0.0,0,0.0,-6.3,9.0,2.8208333333333333,4.8,2.7875,-2.3971057992752405,0.43181627514244997,47.875,127.95833333333333,531.0,75.125,1026.8916666666667,1024.2,-7.508333333333333,-16.1,3.091666666666667,1.6,4.6,279.93523499649575,0.8854929325717067,0.0,0.0,0.0,0.0,0.0,0.0,,0.20833333333333334,1,0,0.06999999999999823,1.9600000000000002,2.0999999999999965,30.310000000000002,168.07,4.0,183.82,-1.2041666666666515,3.1499999999999773,4.714285714285666,3.25,0.3091666666666667,0.0,10.329166666666666,9.8,-0.9850034092135633,0.17253487716301716,-0.9850034092135633,0.17253487716301716,-1.1476144014030214,0.20673204172444792,1.0,7.0,0.0,0.933333333333335,0.0,2,0.0,0.9800000000000001,0.4448888888888889,0.0,-0.0,5.575,3.595833333333333,348,12,2023,74
2023-12-15,0.0,49.8,0,0.0,4.4,11.0,7.7749999999999995,7.3,4.8374999999999995,-0.7145592856221684,-3.5579616116979182,80.04166666666667,17.25,80.0,99.45833333333333,1013.6666666666666,1006.1,4.1875,-5.8,9.591666666666667,4.9,12.9,198.0306670657204,0.6435989295253055,0.0,0.0,0.0,0.0,0.0,0.0,,0.0,0,0,0.0,0.07,2.0299999999999967,27.230000000000004,168.07,3.0,183.82,-13.225000000000023,-0.09166666666669698,-7.592857142857156,6.5,0.9591666666666667,0.0,3.5874999999999995,10.2,-0.3095259947829832,-0.9508909814240561,-0.3095259947829832,-0.9508909814240561,-0.5719451615334107,-2.847851773363209,2.0,8.0,0.0,0.03448275862068972,0.0,3,0.0,0.023333333333333334,0.5227499999999999,0.0,-0.0,14.5125,4.954166666666666,349,12,2023,75
2023-12-16,3.64,51.8,4,1.4,4.3,12.5,8.370833333333334,7.3,5.058333333333334,-3.8972863347487543,-0.8890277399486366,88.79166666666667,62.0,439.0,98.79166666666667,1006.5458333333332,1003.7,6.604166666666667,2.8,2.9625000000000004,-6.0,10.0,262.2738731835423,0.8254377565806587,5.275,5.3,6.9,88.5,-5.219799063448985,0.7194916390901615,278.24548279337074,0.0,0,4,3.6399999999999983,3.64,5.669999999999996,28.42,171.70999999999998,3.0,187.46,-7.120833333333394,-21.550000000000068,-12.818452380952522,-6.629166666666666,0.29625,0.0,1.7666666666666666,1.5,-0.9909219991243009,-0.13443805879102483,-0.9896626967207194,0.1434145973026228,-3.4604654913956647,-0.7893825474293936,0.0,9.0,1.0,0.6419753086419757,26.572,0,0.40148915625000015,3.64,0.6150833333333333,19.292,0.0,0.0,0.5958333333333341,350,12,2023,76
2023-12-17,24.22,34.6,24,1.89,-4.8,3.1,-3.170833333333333,8.1,5.958333333333333,-1.716894283788455,4.308800797565675,84.75,31.208333333333332,142.0,99.83333333333333,1016.4541666666668,1009.6,-5.366666666666667,-7.9,-8.091666666666667,-8.9,-6.4,336.0509489549915,0.6762311503942084,-3.170833333333333,5.958333333333333,8.1,84.75,-1.716894283788455,4.308800797565675,336.0509489549915,0.0,0,24,27.859999999999996,27.86,29.889999999999993,44.1,194.10999999999999,2.0,211.68,9.90833333333353,-10.437499999999886,-1.996428571428396,-11.054166666666667,-0.8091666666666667,8.091666666666667,2.195833333333334,3.1000000000000005,-0.40592413307410247,0.9139067776245224,-0.40592413307410247,0.9139067776245224,-1.4550679055107156,3.651708675936909,0.0,0.0,0.8693467336683417,0.9320843091334896,100.0,0,7.380972728949654,27.86,0.37219444444444444,144.3108333333333,81.65549213698056,0.0,-11.541666666666666,351,12,2023,77
2023-12-18,4.69,6.7,17,0.63,-7.3,-3.0,-5.070833333333334,9.4,7.591666666666666,-6.777769729935337,2.6890797116524965,73.83333333333333,64.29166666666667,274.0,100.0,1027.6583333333333,1024.0,-9.083333333333334,-13.3,-7.020833333333333,-8.0,-5.7,291.98355874313086,0.9610917102248154,-5.023529411764706,7.582352941176471,9.4,77.82352941176471,-6.443228123015001,3.610311386481776,299.63523492809577,0.0,0,17,28.909999999999997,32.55,34.50999999999999,48.79,182.76999999999998,2.0,216.37,11.204166666666538,13.991666666666674,8.648214285714289,1.0708333333333337,-0.7020833333333333,7.020833333333333,4.0125,6.000000000000001,-0.9272913112768872,0.37434051881995234,-0.8691910079000548,0.49447648254056215,-5.004253317268923,1.9854371871034262,0.0,1.0,0.14408602150537636,0.9432048681541584,44.086000000000006,1,1.5945540534169553,32.55,0.28897222222222224,35.56123529411765,526.9943128597754,7.591666666666666,-1.9000000000000008,352,12,2023,78
2023-12-19,0.42000000000000004,0.6000000000000001,6,0.07,-7.8,3.6,-1.1291666666666667,6.1,4.420833333333333,-4.024124904384747,-1.2632953548836776,69.95833333333333,94.25,514.0,99.375,1023.0749999999999,1018.5,-5.8999999999999995,-13.5,-2.9916666666666667,-5.1,-1.8,253.88382670170944,0.9524145062983514,1.2666666666666666,4.716666666666666,5.6,77.16666666666667,-3.841174438776252,-2.587799774748159,235.45581525951872,0.0,0,6,5.109999999999997,29.33,33.03999999999999,49.21,170.8,2.0,216.79,-4.583333333333371,16.529166666666697,2.733928571428578,4.029166666666667,-0.2991666666666667,2.9916666666666667,4.770833333333333,5.7,-0.960700836247693,-0.2775858484018653,-0.823689148565693,-0.5670416091744271,-2.8152107143591625,-0.8837803753540393,0.0,2.0,0.014319809069212413,0.8877118644067798,2.5620000000000003,2,0.08629352083333336,29.33,0.3760277777777778,1.9809999999999999,0.0,8.841666666666667,3.9416666666666673,353,12,2023,79
2023-12-20,6.58,9.8,20,0.84,-2.5,2.3,0.3333333333333333,8.6,6.154166666666666,-5.62408514320521,-1.762063835333339,79.41666666666667,49.5,203.0,100.0,1014.8291666666668,1013.0,-2.8375,-5.7,-4.1499999999999995,-6.5,-2.1,252.38286249345725,0.9568845774209529,0.12999999999999995,6.029999999999999,8.6,80.05,-5.55869388665282,-1.4690817106503697,254.65247619008633,0.0,0,20,6.9999999999999964,11.690000000000001,39.54999999999999,55.72,159.04,1.0,223.37,-8.245833333333167,-1.625,-3.616666666666447,-1.1583333333333328,-0.4149999999999999,4.1499999999999995,3.1708333333333334,3.2,-0.9531001845332382,-0.3026549821871553,-0.9643382179856337,-0.2646730083183632,-4.466460951228805,-1.3993723625605603,0.0,3.0,0.562874251497006,0.29557522123893815,56.588,3,1.5012350193750004,11.690000000000001,0.34883333333333333,39.6774,0.0,18.4625,1.4625,354,12,2023,80
2023-12-21,15.82,22.6,24,1.33,-7.8,-2.4,-4.9624999999999995,9.4,4.258333333333334,-3.639435638650346,0.7204197840824923,80.58333333333333,40.958333333333336,182.0,99.83333333333333,1015.3874999999999,1011.9,-7.791666666666667,-12.1,-8.083333333333334,-9.8,-5.9,278.1228667186185,0.8663105100968482,-4.9624999999999995,4.258333333333334,9.4,80.58333333333333,-3.639435638650346,0.7204197840824923,278.1228667186185,0.0,0,24,22.4,22.82,55.36999999999999,57.47,174.86,0.0,239.19,0.5583333333331666,-12.270833333333371,-1.4148809523810542,-3.9333333333333345,-0.8083333333333333,8.083333333333334,2.8291666666666675,4.3,-0.9899673452570478,0.14129633868120264,-0.9899673452570478,0.14129633868120264,-2.932778552145737,0.580538276006475,0.0,0.0,0.6932515337423313,0.4121365360303414,100.0,4,5.602676173828125,22.82,0.29591666666666666,67.36683333333335,15.849742206317524,17.033333333333335,-5.2958333333333325,355,12,2023,81
2023-12-22,17.22,24.6,24,2.45,-7.3,-3.1,-5.308333333333334,11.0,7.8,-7.130988450105708,0.6606507146030706,70.41666666666667,43.958333333333336,182.0,99.91666666666667,1020.8208333333333,1018.1,-9.875,-13.6,-9.304166666666667,-10.3,-8.0,279.50775788741714,0.9170909188003928,-5.308333333333334,7.8,11.0,70.41666666666667,-7.130988450105708,0.6606507146030706,279.50775788741714,0.0,0,24,33.04,39.62,72.58999999999999,74.62,192.08,0.0,256.41,5.433333333333394,-2.254166666666606,2.9964285714285097,-1.2208333333333332,-0.9304166666666667,9.304166666666667,4.566666666666666,6.3,-0.9862632449385368,0.16518114808690396,-0.9862632449385368,0.16518114808690396,-5.021404366949437,0.4652082115329956,0.0,0.0,0.43462897526501765,0.5458052073288332,100.0,5,5.947689343749999,39.62,0.2640277777777778,134.31599999999997,282.8387718926959,39.0,-0.3458333333333341,356,12,2023,82
2023-12-23,5.95,8.5,20,1.12,-5.5,-2.0,-3.983333333333334,8.4,6.175,-5.773146921135564,1.1154736772478506,71.04166666666667,57.625,231.0,99.79166666666667,1029.3125,1026.4,-8.479166666666666,-11.2,-7.120833333333334,-9.2,-4.7,279.43248892684437,0.9570471662741383,-3.9850000000000003,6.235,8.4,72.25,-5.793167029943736,1.5010593088639472,283.10026954267414,0.0,0,20,23.169999999999998,38.99,74.89999999999999,80.57000000000001,198.03,0.0,262.36,8.491666666666674,14.483333333333235,8.235714285714266,2.1833333333333336,-0.7120833333333334,7.120833333333334,4.495833333333332,5.699999999999999,-0.9864793908557429,0.16388536059356404,-0.9739749010082452,0.22665588941384,-4.101339791890058,0.7924510915448273,0.0,1.0,0.15260323159784558,0.5205607476635515,49.980000000000004,6,1.9181378042968746,38.99,0.2752222222222222,37.09825,270.5650384943308,37.05,1.3249999999999997,357,12,2023,83
2023-12-24,2.0300000000000002,2.9,8,0.42,-10.8,5.0,-2.25,6.9,4.370833333333334,-4.035718392282923,-1.1970472721389174,66.91666666666667,87.45833333333333,492.0,93.29166666666667,1026.2333333333333,1023.3,-7.5874999999999995,-17.0,-4.3625,-5.2,-2.8,254.74074535794563,0.9609340017674473,1.6375,5.25,6.0,75.375,-4.894826686082142,-1.622366051894095,251.766288543462,0.0,1,7,7.98,25.2,52.709999999999994,82.6,186.34,1.0,264.39,-3.0791666666666515,10.845833333333417,3.759523809523671,2.7583333333333337,-0.43624999999999997,4.3625,5.3374999999999995,6.199999999999999,-0.9647448253960565,-0.26318704730957465,-0.949788116759045,-0.3128938050893733,-2.7005682241693227,-0.8010241329396256,0.0,2.0,0.08055555555555556,0.47808764940239046,14.007000000000003,2,0.3965458300781251,25.2,0.3924722222222223,10.6575,0.0,8.741666666666667,1.7333333333333338,358,12,2023,84
2023-12-25,6.58,9.4,16,0.98,-3.1,3.6,0.29583333333333334,5.9,3.9625,-3.300080802716724,-1.2855856518170803,79.0,68.95833333333333,298.0,88.625,1022.4708333333333,1019.7,-2.983333333333333,-6.1,-4.695833333333334,-5.3,-3.7,250.58738220802024,0.8947778512797326,0.46875,3.79375,5.3,80.875,-3.5097115267541246,-0.3788120585732434,264.32499868857815,0.041666666666666664,1,11,8.61,14.56,54.599999999999994,89.11000000000001,188.09,2.0,270.97,-3.7625000000000455,1.6499999999999773,0.738095238095184,-0.3333333333333339,-0.46958333333333335,4.695833333333334,3.2791666666666663,2.9999999999999996,-0.9431494858825491,-0.33236884222123364,-0.9950988093903607,-0.09888558818092125,-2.607063834146212,-1.0156126649354933,0.0,3.0,0.4519230769230769,0.2666666666666667,38.822,3,1.4935383117675782,14.56,0.38930555555555557,24.962875,0.0,11.8875,2.5458333333333334,359,12,2023,85
2023-12-26,2.59,3.8,9,0.84,-9.8,5.7,0.3208333333333333,5.9,4.404166666666667,-4.038709887884706,-0.30034415715215984,75.5,127.79166666666667,537.0,69.25,1023.6958333333333,1019.9,-3.6291666666666664,-11.7,-2.029166666666667,-4.7,0.8,265.0518033552141,0.9202308733499326,1.8444444444444446,4.211111111111111,5.5,80.66666666666667,-3.895957646984235,1.076924745300799,283.9517497293567,0.041666666666666664,1,6,9.17,11.2,56.769999999999996,89.81,190.67999999999998,3.0,273.56,1.2250000000000227,-5.616666666666674,1.8744047619047706,2.666666666666667,-0.2029166666666667,2.029166666666667,3.9499999999999997,1.8999999999999986,-0.9962730918184848,-0.08625500865710331,-0.9704991109360185,0.24110469856972455,-3.0492259653529534,-0.2267598386498807,0.0,4.0,0.23125,0.19728729963008632,15.281,4,0.5002750871913579,11.2,0.46352777777777776,10.906777777777778,46.77097155204661,17.616666666666667,0.024999999999999967,360,12,2023,86
2023-12-27,1.47,2.3,5,0.7,-9.2,3.5,-0.16666666666666663,8.2,6.558333333333334,-4.374730387786657,4.646535026027655,76.83333333333333,110.16666666666667,505.0,62.75,1028.2708333333333,1024.5,-3.7708333333333335,-12.6,-5.045833333333333,-5.9,-3.9,316.49623065623996,0.9716050380833591,2.7199999999999998,6.58,7.1,82.0,-4.039969452761812,5.166932263150481,322.19682022607424,0.125,0,5,4.06,10.64,51.66,91.21,192.14999999999998,3.0,275.03,4.574999999999932,2.037499999999909,4.52916666666647,-3.0166666666666666,-0.5045833333333334,5.045833333333333,3.604166666666667,3.4000000000000004,-0.6884022947409998,0.725329084344014,-0.6129509043562221,0.7901209963346686,-3.3612511812827477,3.5700877449979145,0.0,5.0,0.1381578947368421,0.20596205962059624,12.053999999999998,5,0.24553483500000003,10.64,0.4073333333333333,9.6726,170.04231426674212,32.79166666666667,-0.48749999999999993,361,12,2023,87
2023-12-28,0.07,0.1,1,0.07,-8.8,5.6,-2.3625000000000003,6.5,4.120833333333334,-3.9920140433757396,-0.2580474276906937,58.375,135.08333333333334,552.0,18.291666666666668,1025.1708333333333,1021.5,-9.695833333333333,-16.2,-1.3125,-3.4,0.2,265.93805889619614,0.9720652511412943,-1.5,4.7,4.7,81.0,-4.6421352007971475,-0.7352419856890859,261.0,0.75,1,1,1.54,4.13,35.90999999999999,91.28,172.34,4.0,275.1,-3.099999999999909,2.7000000000000455,0.03154761904761472,3.7333333333333334,-0.13125,1.3125,7.333333333333332,7.399999999999999,-0.9974880552713513,-0.07083487552736771,-0.9876883405951377,-0.15643446504023104,-2.330338197820588,-0.15063518591444247,0.0,6.0,0.016949152542372885,0.11500974658869399,0.45500000000000007,6,0.018942656250000002,4.13,0.4090833333333333,0.32900000000000007,0.0,24.725,-2.1958333333333337,362,12,2023,88
2023-12-29,5.32,7.6,9,1.47,-8.1,5.7,1.2750000000000001,5.6,3.9875000000000003,-3.8683458827015023,0.6033167257340378,79.25,119.08333333333333,530.0,51.416666666666664,1022.8083333333334,1021.0,-2.0,-9.9,-2.1374999999999997,-2.7,-1.7,277.6719908926899,0.9836623319408279,1.4444444444444444,4.155555555555555,5.4,85.77777777777777,-4.04969583105534,0.3655679597787109,274.2519885624619,0.2916666666666667,1,9,5.390000000000001,6.86,24.009999999999994,96.6,148.47,5.0,280.42,-2.3624999999999545,-0.8874999999999318,-2.6148809523808723,-0.8249999999999997,-0.21374999999999997,2.1374999999999997,3.2750000000000004,1.8000000000000007,-0.9910485806018088,0.13350172615790443,-0.9972476124182773,0.07414310167537749,-3.0656641120409405,0.478128505144225,0.0,7.0,0.7755102040816326,0.2857142857142858,29.791999999999998,4,1.0787818827160494,6.86,0.47022222222222226,22.107555555555553,0.0,15.950000000000001,3.6375,363,12,2023,89
2023-12-30,0.0,0.0,0,0.0,-10.2,8.2,-0.8625000000000002,7.2,3.9,-2.49073454571395,-1.7558524197750478,56.833333333333336,134.54166666666666,564.0,18.958333333333332,1020.0,1015.1,-8.804166666666667,-14.6,1.5583333333333333,-1.7,3.1,242.29280306264036,0.7603843803747513,0.0,0.0,0.0,0.0,0.0,0.0,,0.7916666666666666,1,0,5.32,5.390000000000001,18.059999999999995,92.96,126.91,6.0,280.42,-2.808333333333394,-8.270833333333258,-4.092857142857156,3.695833333333333,0.15583333333333332,0.0,7.941666666666667,4.4,-0.8853352298427657,-0.46495325657452635,-0.8853352298427657,-0.46495325657452635,-1.415567466814095,-0.9979094585721522,1.0,8.0,0.0,0.29844961240310086,0.0,5,0.0,2.6950000000000003,0.4613611111111111,0.0,-0.0,19.5,-2.1375,364,12,2023,90
2023-12-31,23.939999999999998,40.8,18,4.97,0.1,9.2,5.333333333333333,13.9,5.208333333333333,-3.16824065160793,2.2170939957041895,76.20833333333333,48.75,413.0,99.20833333333333,1008.4666666666667,1002.7,0.8249999999999998,-14.6,-0.7125,-5.4,2.8,281.6915045913621,0.6932251532953784,5.583333333333333,5.661111111111111,13.9,81.88888888888889,-3.282632523445972,3.5707966012894152,297.6905061219502,0.0,0,9,23.939999999999998,29.259999999999998,39.96999999999999,92.68,147.76999999999998,5.0,304.36,-11.533333333333303,-16.70416666666665,-13.088095238095207,-2.2708333333333335,-0.07125000000000001,0.7125,4.508333333333333,14.7,-0.9792528677082667,0.20264210096901375,-0.8854706376616127,0.46469533012409,-2.414463396579543,1.6896103825595676,0.0,0.0,0.8181818181818181,0.7320490367775833,100.0,0,2.456319505208332,29.259999999999998,0.4909722222222222,135.527,0.0,0.0,6.195833333333333,365,12,2023,91
2024-01-01,15.049999999999999,21.5,11,3.01,-3.3,2.6,-0.6083333333333333,14.3,8.179166666666667,-4.025731157486936,6.5538848972308825,82.91666666666667,80.58333333333333,366.0,69.0,1022.6916666666666,1012.2,-3.3166666666666664,-13.0,-4.029166666666667,-6.4,-0.7,323.10214755288564,0.8902609141625756,0.3272727272727272,11.872727272727273,14.3,89.0,-5.180196533613448,10.641674975417045,334.27720233742764,0.2916666666666667,1,11,38.989999999999995,38.989999999999995,48.43999999999999,103.04,160.37,5.0,319.41,14.224999999999909,-0.11666666666678793,1.1053571428570876,-3.316666666666667,-0.4029166666666667,4.029166666666667,2.708333333333333,9.7,-0.6003902512287457,0.7997071627974103,-0.43401758363656157,0.9009043995309826,-3.3380020847495846,5.434262893953941,0.0,0.0,0.38599640933572715,0.8049132947976879,100.0,1,3.0992489876033056,38.989999999999995,0.38788888888888895,178.68454545454546,243.17137577914772,8.179166666666667,-5.941666666666666,1,1,2023,92
2024-01-02,0.0,0.0,0,0.0,-6.2,6.5,0.5416666666666667,6.3,3.4458333333333333,-2.6350138612758918,-0.44652383954481184,61.416666666666664,113.75,499.0,28.041666666666668,1020.3125,1016.8,-7.0,-16.8,-0.3833333333333333,-1.8,0.6,255.37412155604247,0.7691739344381032,0.0,0.0,0.0,0.0,0.0,0.0,,0.5416666666666666,1,0,15.049999999999999,38.989999999999995,45.84999999999999,102.62,151.82999999999998,5.0,319.41,-2.379166666666606,0.3125,-0.7904761904762836,3.6458333333333335,-0.03833333333333333,0.3833333333333333,7.541666666666667,10.600000000000001,-0.9675952211114892,-0.2525064119625645,-0.9675952211114892,-0.2525064119625645,-1.6183376798002769,-0.2742400581204386,1.0,1.0,0.0,0.8503816793893131,0.0,2,0.0,19.494999999999997,0.425,0.0,-0.0,6.891666666666667,1.15,2,1,2023,93
2024-01-03,1.05,1.5,6,0.21,-5.3,7.6,3.658333333333333,4.6,3.029166666666667,-0.7025349926536896,-1.4675379832454458,78.29166666666667,84.91666666666667,420.0,98.20833333333333,1013.0500000000001,1008.8,0.19166666666666674,-8.2,-0.2583333333333333,-2.9,1.3,196.44165275155348,0.5423810015581341,5.483333333333333,2.466666666666667,3.2,80.5,1.3906806128216564,-1.8398899094269396,146.72995282689172,0.0,0,5,1.05,16.099999999999998,45.42999999999999,97.09,152.88,5.0,320.46,-7.262499999999932,4.583333333333371,-5.87857142857149,0.125,-0.02583333333333333,0.2583333333333333,3.4666666666666663,2.8999999999999995,-0.2830387819988698,-0.9591084651302981,0.5485858034265993,-0.8360942627950466,-0.5500263546651178,-1.148959946049247,0.0,2.0,0.06521739130434784,0.3543913713405239,4.83,3,0.11490682291666666,16.099999999999998,0.4864722222222222,2.5900000000000003,0.0,9.0875,3.1166666666666663,3,1,2023,94
2024-01-04,11.34,16.5,15,2.8,-4.7,5.0,0.8250000000000001,13.0,7.545833333333333,-3.7336034776915565,6.000132686942297,86.45833333333333,57.791666666666664,233.0,75.625,1016.65,1008.3,-1.2083333333333333,-8.8,-2.6166666666666667,-4.5,0.4,316.4864934808465,0.8443587912500257,2.3,9.233333333333333,13.0,89.8,-3.9154862533471912,7.894477893930783,328.2018845812086,0.125,0,15,12.39,12.39,56.69999999999999,92.61,164.22,4.0,331.8,3.599999999999909,-6.041666666666629,-1.0613095238095411,-2.3583333333333334,-0.26166666666666666,2.6166666666666667,2.033333333333333,4.1000000000000005,-0.6885255514094144,0.7252120828118915,-0.5269278404161409,0.8499100252346609,-3.2280113400874915,5.18761471891886,0.0,0.0,0.9152542372881355,0.21851851851851858,100.0,4,1.9310011875000013,12.39,0.4378333333333333,104.70599999999999,66.2500274066328,30.183333333333334,-2.833333333333333,4,1,2023,95
2024-01-05,0.14,0.2,2,0.07,-10.5,8.4,-1.4958333333333336,7.6,4.345833333333333,-4.011987868698098,-0.45135808792450743,55.458333333333336,141.79166666666666,578.0,27.083333333333332,1018.8291666666668,1016.0,-10.0375,-20.4,1.6375,0.7,2.9,262.0847287109982,0.9173645699158585,1.2,5.8,6.3,82.5,-5.217479312650349,-2.5253200670713807,244.0,0.7083333333333334,1,2,11.48,12.530000000000001,51.51999999999999,75.53,164.29,4.0,331.94,2.179166666666788,-1.4833333333332348,1.6863095238096548,4.254166666666666,0.16375,0.0,8.541666666666666,9.899999999999999,-0.9904727943732817,-0.13770854587273357,-0.8987940462991668,-0.43837114678907774,-2.2249816055154867,-0.2503156729281331,0.0,1.0,0.0111731843575419,0.24320652173913052,1.064,5,0.028567,12.530000000000001,0.4660555555555555,0.812,119.38244852258744,21.729166666666664,-2.3208333333333337,5,1,2023,96
2024-01-06,5.6000000000000005,9.9,22,0.56,2.4,6.4,4.595833333333333,5.8,4.308333333333334,-3.1105302424507304,-2.5049070522083383,84.16666666666667,52.708333333333336,240.0,99.04166666666667,1014.1875,1011.6,2.1416666666666666,-0.2,-1.0791666666666666,-6.5,2.1,230.87978948821114,0.9299511698977457,4.681818181818182,4.240909090909091,5.8,84.72727272727273,-3.0153299059714085,-2.487093493311409,230.3868143558324,0.0,0,18,5.74,17.08,57.11999999999999,75.17999999999999,155.82,3.0,337.54,-4.641666666666765,1.1374999999999318,-2.125,-2.716666666666667,-0.10791666666666666,1.0791666666666666,2.4541666666666666,2.6,-0.7758238942231231,-0.6309495107791655,-0.7703665301391492,-0.6376012933184556,-2.618029620729365,-2.1082967689420182,0.0,2.0,0.3278688524590165,0.2990196078431373,32.480000000000004,6,0.7050760847107445,17.08,0.4579166666666667,23.749090909090913,0.0,25.85,6.091666666666667,6,1,2023,97
2024-01-07,19.04,27.3,23,1.82,-3.1,3.0,-0.45,10.6,5.325,-4.340770277558834,1.7843318210778143,76.5,66.16666666666667,342.0,98.70833333333333,1012.0416666666666,1009.9,-4.108333333333333,-6.5,-6.9624999999999995,-9.8,-3.9,290.4053708156952,0.8688389443617892,-0.48695652173913045,5.3304347826086955,10.6,77.08695652173913,-4.308353005982444,1.8149053440702259,290.82701685291084,0.0,1,13,24.64,24.779999999999998,52.21999999999999,92.19,174.79000000000002,4.0,356.58,-2.1458333333333712,-4.6083333333333485,-4.781547619047615,-5.883333333333333,-0.6962499999999999,6.9624999999999995,3.658333333333333,3.4,-0.9372493107819764,0.34865990512060646,-0.9346581278116788,0.35554772410404695,-3.320689262332508,1.3650138431245278,0.0,0.0,0.768361581920904,0.47453083109919575,100.0,0,4.659186079395085,24.779999999999998,0.36577777777777776,101.49147826086956,0.0,0.0,-5.045833333333333,7,1,2023,98
2024-01-08,14.21,20.3,13,2.8,-13.9,-2.9,-6.325,11.3,6.754166666666666,-5.363367344063196,3.5811310315347202,75.70833333333333,77.5,335.0,86.75,1020.9250000000001,1013.4,-9.908333333333333,-18.2,-7.3374999999999995,-9.5,-4.6,297.82477419163087,0.9388228707777426,-4.792307692307692,8.238461538461538,11.3,79.61538461538461,-5.847947797634401,5.691906577107858,314.5332208069042,0.041666666666666664,0,13,33.25,38.849999999999994,51.379999999999995,99.82,189.0,3.0,370.79,8.88333333333344,2.095833333333303,4.3541666666667425,-0.375,-0.7337499999999999,7.3374999999999995,3.583333333333333,4.299999999999999,-0.8843792310444168,0.4667690817709394,-0.7128439333605758,0.7013226979579535,-4.060516026734511,2.711214618457744,0.0,0.0,0.36576576576576586,0.7561307901907357,100.0,1,4.71380673206361,38.849999999999994,0.3040277777777778,117.06853846153845,722.0948474722418,6.754166666666666,-5.875,8,1,2023,99
2024-01-09,1.61,2.3,8,0.35,-11.8,4.7,-2.3583333333333334,7.8,3.408333333333333,-3.096365089390068,-0.7743230094302517,59.166666666666664,120.66666666666667,517.0,53.125,1017.6291666666666,1014.5,-9.775,-21.6,-2.275,-3.7,-0.2,255.479892579141,0.9078044600331013,1.9375,3.4375,5.1,83.125,-3.285136278173836,-0.7625491323531912,255.3668359477087,0.4583333333333333,0,8,15.82,34.86,52.989999999999995,98.84,190.61,2.0,372.4,-3.295833333333462,3.441666666666606,1.441666666666606,5.0625,-0.22749999999999998,2.275,7.416666666666667,9.8,-0.968059712228277,-0.2507197510378979,-0.9675631051156705,-0.2526294472521404,-1.8320160112224568,-0.4581411139128989,0.0,1.0,0.0461847389558233,0.6578599735799208,12.558,2,0.31057159423828123,34.86,0.38211111111111107,5.534375000000001,0.0,6.816666666666666,3.966666666666667,9,1,2023,100
2024-01-10,5.32,7.6,15,0.56,-5.4,2.2,0.029166666666666636,11.5,5.6375,-2.2935059498846333,3.6617883043376183,85.95833333333333,50.291666666666664,215.0,99.83333333333333,1015.6625,1012.7,-2.0500000000000003,-6.1,-5.341666666666666,-7.1,-3.0,317.43291630648366,0.7206344600507038,1.1400000000000001,6.3133333333333335,11.5,85.33333333333333,-3.1685390391173454,3.360043778678715,298.14543837056675,0.0,0,15,6.930000000000001,21.139999999999997,57.25999999999999,102.69000000000001,195.85999999999999,2.0,377.72,-1.9666666666665833,3.620833333333394,-0.8982142857141753,-3.066666666666666,-0.5341666666666666,5.341666666666666,2.079166666666667,0.6999999999999993,-0.6764529717555008,0.7364858294652733,-0.8817530530772032,0.4717113030117371,-1.971459489421666,3.147612196603544,0.0,2.0,0.2516556291390729,0.3691931540342298,61.18000000000001,3,1.0853861783333336,21.139999999999997,0.36894444444444446,33.586933333333334,0.0,16.9125,2.3875,10,1,2023,101
2024-01-11,0.0,0.0,0,0.0,-10.9,4.7,-2.2916666666666665,6.3,2.7916666666666665,-1.867373663448299,0.10622733837555802,51.75,129.29166666666666,553.0,61.916666666666664,1013.5291666666667,1011.4,-12.129166666666668,-20.9,-1.820833333333333,-3.5,-0.7,280.5397333736671,0.6937509550526593,0.0,0.0,0.0,0.0,0.0,0.0,,0.3333333333333333,1,0,5.32,6.929999999999997,45.919999999999995,102.62,193.97,3.0,377.72,-2.1333333333333258,-7.395833333333371,-2.585714285714289,3.520833333333333,-0.18208333333333332,1.820833333333333,9.837500000000002,9.999999999999998,-0.9831282947815544,0.18291734745483565,-0.9831282947815544,0.18291734745483565,-0.9663658708344947,0.05497264760935128,1.0,3.0,0.0,0.1509146341463414,0.0,4,0.0,3.4649999999999985,0.3631388888888889,0.0,-0.0,11.166666666666666,-2.3208333333333333,11,1,2023,102
2024-01-12,14.63,21.1,19,1.54,-3.2,4.0,0.6,5.4,3.8208333333333333,-3.0252056531345217,0.3131543713978239,69.95833333333333,38.916666666666664,211.0,89.83333333333333,1011.025,1008.8,-5.383333333333333,-21.3,-3.641666666666667,-6.4,-0.4,270.13705541580697,0.7942608363056688,1.194736842105263,3.952631578947368,5.4,81.89473684210526,-2.985022851398487,0.6054339865439854,274.580575845311,0.08333333333333333,0,19,14.63,19.949999999999996,60.41,111.93,208.53,2.0,392.35,-2.5041666666667197,-6.604166666666629,-3.9750000000000227,-1.820833333333334,-0.3641666666666667,3.641666666666667,5.9833333333333325,18.1,-0.9999971390060756,0.00239206598228991,-0.9968060098498129,0.07986099628288344,-2.1163834548386924,0.21907757899039432,0.0,0.0,0.7333333333333335,0.33024333719582843,79.00200000000001,5,3.0614056398026306,19.949999999999996,0.34802777777777777,57.827,0.0,19.104166666666668,2.8916666666666666,12,1,2023,103
2024-01-13,19.53,28.0,23,2.24,-7.9,0.5,-2.6791666666666667,15.0,7.920833333333333,-4.468747922434134,6.191983477466011,81.58333333333333,37.333333333333336,144.0,99.41666666666667,1015.5375,1010.8,-5.3999999999999995,-9.8,-7.633333333333333,-10.4,-5.2,321.5898975277022,0.973216125848269,-2.4521739130434783,7.773913043478261,15.0,81.34782608695652,-4.20751185138324,6.27715430232976,322.8478106738644,0.0,1,23,34.160000000000004,34.16,74.34,131.46,228.06,3.0,411.88,4.5125000000000455,-0.125,0.34464285714284415,-3.991666666666666,-0.7633333333333333,7.633333333333333,2.7208333333333328,1.9000000000000004,-0.6212859525529381,0.783583923495364,-0.6039342371258682,0.7970341506028431,-3.6457535133858476,5.05162652036602,0.0,0.0,0.5717213114754099,0.45951035781544247,100.0,0,5.488978491493384,34.16,0.3079444444444444,151.82452173913046,149.99253811199978,0.0,-3.279166666666667,13,1,2023,104
2024-01-14,0.21,0.3,1,0.21,-13.8,6.5,-2.5791666666666666,9.6,5.233333333333333,-3.460651037361663,-1.5378681638301304,52.5,148.625,600.0,58.125,1019.3791666666666,1013.2,-11.924999999999999,-25.9,-1.7874999999999999,-6.6,2.4,242.67632654536658,0.7350349642521627,-1.3,3.8,3.8,69.0,-2.4930243101639267,-2.867896404846534,220.99999999999997,0.3333333333333333,1,1,19.740000000000002,34.37,55.51,107.73,228.27,3.0,412.09,3.8416666666665833,5.849999999999909,3.138095238095161,5.845833333333333,-0.17875,1.7874999999999999,9.345833333333331,12.099999999999998,-0.8884276521106124,-0.45901667395120266,-0.6560590289905068,-0.7547095802227725,-1.816841794614873,-0.8073807860108184,0.0,1.0,0.006109979633401222,0.6191677175283733,2.016,1,0.05650706249999999,34.37,0.41852777777777783,0.7979999999999999,132.1676838033377,5.233333333333333,0.10000000000000009,14,1,2023,105
2024-01-15,21.98,31.4,24,3.36,-6.7,0.8,-3.2083333333333335,12.6,9.6625,-6.860533326248503,6.612913376508192,78.5,62.291666666666664,278.0,99.95833333333333,1016.2416666666667,1011.8,-6.416666666666667,-10.1,-9.458333333333334,-11.3,-6.8,312.01755077846525,0.9760309771503436,-3.2083333333333335,9.6625,12.6,78.5,-6.860533326248503,6.612913376508192,312.01755077846525,0.0,1,24,22.19,41.72,63.28,114.66,246.60999999999999,4.0,434.07,-3.137499999999932,5.216666666666697,0.6696428571428896,-7.670833333333334,-0.9458333333333334,9.458333333333334,3.2083333333333335,3.3999999999999995,-0.7429398232839346,0.6693582142461808,-0.7429398232839346,0.6693582142461808,-5.385518661105075,5.191137000558931,0.0,0.0,0.5268456375838927,0.6592920353982301,100.0,0,6.381351370442709,41.72,0.3209722222222222,212.38174999999998,0.0,0.0,-0.6291666666666669,15,1,2023,106
2024-01-16,12.88,18.6,19,1.33,-8.2,-6.1,-6.929166666666667,13.2,10.958333333333334,-7.0438915386886585,8.126065898323795,83.91666666666667,35.708333333333336,147.0,91.08333333333333,1025.1833333333334,1019.0,-9.2125,-12.2,-6.55,-11.1,-1.6,318.8630545551547,0.9802683969948239,-6.973684210526316,11.18421052631579,13.2,85.78947368421052,-6.586905989839008,8.959933101301198,323.91306787166815,0.08333333333333333,0,19,34.86,35.06999999999999,74.55,127.54,235.27,4.0,446.95,8.94166666666672,9.645833333333371,8.532142857142958,2.908333333333334,-0.655,6.55,2.283333333333333,4.0,-0.6578610215821376,0.7531393471880926,-0.5890120578088401,0.8081242452468529,-5.9109989828829,6.819123633010052,0.0,0.0,0.36726546906187635,0.47042253521126753,100.0,1,4.7014313538781165,35.06999999999999,0.3035277777777778,144.05263157894737,482.96292535164866,10.958333333333334,-3.7208333333333337,16,1,2023,107
2024-01-17,0.0,0.0,0,0.0,-11.0,7.3,-2.4875,9.7,6.158333333333334,-5.613743364198117,1.6100856550867129,44.958333333333336,157.75,600.0,25.541666666666668,1026.0625,1023.0,-13.383333333333333,-23.6,0.8208333333333333,-1.4,1.4,281.5539274950553,0.9354305531355884,0.0,0.0,0.0,0.0,0.0,0.0,,0.7083333333333334,1,0,12.88,34.85999999999999,69.22999999999999,126.49000000000001,230.58,5.0,446.95,0.879166666666606,6.683333333333394,7.925595238095184,7.370833333333334,0.08208333333333333,0.0,10.895833333333332,12.600000000000001,-0.9797366230391017,0.2002901632031317,-0.9797366230391017,0.2002901632031317,-2.5238454541540705,0.723867675766068,1.0,1.0,0.0,0.5035389282103134,0.0,2,0.0,17.429999999999996,0.41724999999999995,0.0,-0.0,12.316666666666668,4.441666666666667,17,1,2023,108
2024-01-18,24.92,41.2,19,3.15,-0.2,5.9,4.016666666666667,6.6,3.8249999999999997,-2.5190096059296327,0.22045165804092284,85.29166666666667,18.25,82.0,100.0,1021.1958333333333,1019.0,1.6375,-7.6,-0.03750000000000001,-3.7,2.3,273.95262741952047,0.6696608539306758,4.6684210526315795,3.478947368421052,5.8,90.3157894736842,-2.102843235537911,0.015777880837071143,272.07969063582163,0.0,0,19,24.92,37.8,94.14999999999999,140.07,255.08,4.0,471.87,-4.866666666666674,4.9541666666666515,1.9636904761904361,-0.8583333333333333,-0.003750000000000001,0.03750000000000001,2.3791666666666664,7.3999999999999995,-0.9976213844565497,0.06893165655195772,-0.9993413199200053,0.03628947919909746,-2.148505276390816,0.18802689333740377,0.0,0.0,0.6592592592592593,0.40148698884758366,100.0,0,3.177128933864266,37.8,0.42758333333333337,86.69536842105262,0.0,0.0,6.504166666666666,18,1,2023,109
2024-01-19,0.0,0.1,0,0.0,-1.0,5.8,3.1999999999999997,9.1,4.608333333333333,-0.4095917698131943,4.230113032963312,86.20833333333333,137.20833333333334,589.0,75.16666666666667,1025.6375,1022.6,1.075,-4.0,-2.6458333333333335,-3.7,-0.6,353.4737077115101,0.903524937232348,0.0,0.0,0.0,0.0,0.0,0.0,,0.125,0,0,24.92,24.91999999999999,79.52,139.93,248.5,4.0,471.87,4.44166666666672,0.4541666666666515,4.317857142857065,-2.6083333333333334,-0.26458333333333334,2.6458333333333335,2.125,3.0,-0.11365913904304867,0.9935198035831962,-0.11365913904304867,0.9935198035831962,-0.35310223822645787,3.6467099438337884,1.0,1.0,0.0,0.31338028169014076,0.0,1,0.0,12.459999999999996,0.5077222222222222,0.0,-0.0,4.608333333333333,-0.8166666666666669,19,1,2023,110
2024-01-20,4.9,7.0,13,0.98,1.0,3.6,2.525,7.3,4.766666666666667,1.907082313185389,-3.4949126581773857,79.33333333333333,52.0,360.0,93.0,1026.6208333333334,1025.1,-0.8666666666666667,-4.9,-0.5916666666666667,-1.6,0.6,155.8721197277203,0.7853010500695704,2.9846153846153842,5.238461538461538,7.3,92.23076923076923,3.324678564696089,-3.9390023903183433,139.05546077644945,0.0,0,13,4.9,29.819999999999993,64.89,139.23,237.58,3.0,476.77,0.9833333333333485,0.558333333333394,3.7178571428572695,2.0541666666666667,-0.059166666666666666,0.5916666666666667,3.3916666666666666,5.9,0.40877459945740535,-0.9126353745272193,0.6553281831368416,-0.7553442740807441,1.5129519684604085,-2.772630708820726,0.0,2.0,0.16431924882629112,0.4595469255663429,35.77,2,0.8031114497041425,29.819999999999993,0.3791111111111111,25.668461538461536,0.0,9.533333333333333,-0.6749999999999998,20,1,2023,111
2024-01-21,15.26,24.3,14,2.24,1.9,6.8,4.245833333333334,15.4,8.329166666666667,-2.4940273683765173,-3.2726076728058424,93.79166666666667,38.333333333333336,213.0,99.95833333333333,1016.2541666666666,1011.3,3.3125,1.9,0.5791666666666667,-0.5,1.8,249.52719914823854,0.4982069619755497,3.5,9.385714285714286,15.4,96.57142857142857,-0.06070184943975316,-8.05273294454135,195.6936589751151,0.0,0,14,20.16,20.159999999999993,79.94,135.45,235.62,2.0,492.03000000000003,-10.366666666666788,-4.94166666666672,-6.202380952380963,1.1708333333333334,0.05791666666666667,0.0,0.9333333333333336,0.0,-0.9368383322893311,-0.34976268976742614,-0.27049390152686675,-0.9627216883589845,-2.339189835923142,-3.069433279785813,0.0,0.0,0.7569444444444446,0.25218914185639224,100.0,3,2.1888221874999996,20.159999999999993,0.4893055555555556,143.226,0.0,24.987500000000004,1.7208333333333337,21,1,2023,112
2024-01-22,0.49,0.7,2,0.42,-2.3,6.9,3.7416666666666667,7.6,4.516666666666667,-2.5707703201671013,-1.9116413724111008,85.33333333333333,120.04166666666667,523.0,96.5,1014.4083333333333,1010.8,1.4541666666666666,-3.9,-1.1125,-5.7,1.6,237.01324896317396,0.712871278537959,3.55,6.949999999999999,7.6,83.0,-6.864057936140871,-0.907472454906364,262.0,0.0,1,2,15.75,20.64999999999999,58.449999999999996,121.73,230.16,2.0,492.52,-1.845833333333303,-11.229166666666742,-7.786309523809564,-1.6916666666666669,-0.11125,1.1125,2.2875,1.6,-0.8387964867794561,-0.5444450879257171,-0.9902680687415703,-0.13917310096006583,-2.193724006542593,-1.6312673044574726,0.0,1.0,0.023728813559322045,0.3532934131736526,3.7239999999999998,4,0.07214828906250005,20.64999999999999,0.5178055555555555,3.4054999999999995,0.0,18.066666666666666,-0.5041666666666669,22,1,2023,113
2024-01-23,6.58,9.4,18,1.05,-3.8,2.8,-1.0374999999999999,9.4,6.7875000000000005,-6.660173665801889,-0.21819539230681842,74.33333333333333,70.95833333333333,302.0,99.66666666666667,1008.6083333333332,1004.7,-5.083333333333333,-7.2,-7.529166666666666,-10.5,-4.8,268.1308789140649,0.9685349524606632,-1.0611111111111111,6.433333333333334,9.4,75.77777777777777,-6.281306934669227,-0.22936793126590851,267.89052208940666,0.0,1,11,7.07,22.32999999999999,52.14999999999999,126.7,234.70999999999998,3.0,499.1,-5.800000000000068,-18.01250000000016,-11.218452380952499,-6.416666666666666,-0.7529166666666666,7.529166666666666,4.045833333333333,3.4000000000000004,-0.9994679394026654,-0.03261653117960224,-0.9993223184762284,-0.03680901785290393,-4.9507290915794036,-0.16219190828140168,0.0,2.0,0.2946708463949844,0.42818791946308715,61.852000000000004,5,1.6732304085648144,22.32999999999999,0.35730555555555554,42.33133333333333,0.0,33.9375,-4.779166666666667,23,1,2023,114
2024-01-24,20.51,29.3,24,2.31,-6.9,-4.1,-6.0,10.7,6.345833333333334,-4.156935206367181,4.589354994948557,75.54166666666667,50.25,247.0,99.95833333333333,1008.0958333333333,1004.9,-9.65,-10.9,-9.975,-10.5,-9.5,318.2783608941468,0.9756916785497793,-6.0,6.345833333333334,10.7,75.54166666666667,-4.156935206367181,4.589354994948557,318.2783608941468,0.0,0,24,27.090000000000003,27.58,72.66,141.89,248.64000000000001,2.0,519.61,-0.5124999999999318,-8.158333333333303,-9.164285714285711,-2.4458333333333337,-0.9974999999999999,9.975,3.6500000000000004,4.0,-0.6655122927675969,0.746386889069748,-0.6655122927675969,0.746386889069748,-3.140218137143208,3.466875252434056,0.0,0.0,0.7436548223350254,0.37957610789980734,100.0,6,7.553234791666667,27.58,0.2853055555555556,130.1530416666667,0.0,38.075,-4.9625,24,1,2023,115
2024-01-25,14.77,21.1,24,1.12,-7.5,-5.3,-6.141666666666667,11.6,8.795833333333333,-5.037787337689701,7.142009656731659,80.125,45.166666666666664,228.0,99.66666666666667,1015.0625,1012.1,-9.004166666666666,-10.5,-8.9375,-9.8,-8.0,324.7614783467732,0.9932177304388489,-6.141666666666667,8.795833333333333,11.6,80.125,-5.037787337689701,7.142009656731659,324.7614783467732,0.0,0,24,35.28,41.86,62.50999999999999,156.66,260.82,2.0,534.38,6.966666666666697,0.654166666666697,-1.3214285714285552,1.0374999999999996,-0.89375,8.9375,2.8625,3.0,-0.5769815766166083,0.816757161122578,-0.5769815766166083,0.816757161122578,-4.036527104323873,5.722535237456242,0.0,0.0,0.3528428093645485,0.6696528555431132,100.0,1,5.304986703667535,41.86,0.2971944444444445,129.91445833333333,263.22438839428804,8.795833333333333,-0.1416666666666666,25,1,2023,116
2024-01-26,2.24,3.2,21,0.28,-7.5,-2.1,-4.1000000000000005,11.5,9.487499999999999,-7.9204897567271715,4.941156252357639,81.66666666666667,69.875,308.0,99.95833333333333,1020.0583333333334,1017.7,-6.7625,-10.6,-7.2,-7.7,-6.0,301.69003305788493,0.9843715768131452,-3.8190476190476192,9.557142857142857,11.5,81.9047619047619,-7.797509755700237,5.3807749978433765,304.4196253847276,0.0,0,21,17.009999999999998,37.52,64.75,144.27,261.59000000000003,2.0,536.62,4.995833333333394,11.45000000000016,4.47142857142876,1.7374999999999998,-0.72,7.2,2.6624999999999996,3.0999999999999996,-0.8509025054740829,0.5253236394623113,-0.8249199330980727,0.565249594407171,-6.468399967993857,4.035277606092072,0.0,1.0,0.05970149253731343,0.5794594594594595,25.76,2,0.6814172380952382,37.52,0.3188055555555556,21.408,292.16294365889684,18.974999999999998,2.041666666666666,26,1,2023,117
2024-01-27,0.8400000000000001,1.4000000000000001,12,0.07,-7.5,-1.3,-3.829166666666667,9.3,8.020833333333334,-7.558291184132288,2.112645976626134,78.83333333333333,73.375,307.0,100.0,1023.4875000000001,1022.0,-6.9750000000000005,-10.7,-6.341666666666666,-7.4,-5.7,285.366591383025,0.9789823071975863,-3.533333333333333,7.783333333333334,8.4,78.41666666666667,-7.447825165001618,1.8804114637684168,283.8284160441508,0.0,0,7,3.0799999999999965,17.849999999999998,60.69,125.58,262.35999999999996,2.0,537.46,3.4291666666666742,15.391666666666765,8.348214285714448,0.8583333333333343,-0.6341666666666665,6.341666666666666,3.1458333333333335,3.1999999999999993,-0.9642500835452412,0.2649939176339624,-0.9710158589690796,0.23901506569783532,-5.958452883490953,1.6654692449069355,0.0,2.0,0.04705882352941178,0.2941176470588235,7.812000000000001,3,0.2565497083333333,17.849999999999998,0.31169444444444444,6.538000000000001,191.54875346238578,24.0625,0.2708333333333335,27,1,2023,118
2024-01-28,0.0,0.0,0,0.0,-7.8,2.5,-2.6666666666666665,9.0,5.7625,-5.431755626451178,1.4456409243806148,73.375,137.375,552.0,90.33333333333333,1022.7666666666668,1020.2,-6.858333333333333,-11.0,-6.358333333333333,-7.0,-5.1,284.50794327930225,0.9701436389347746,0.0,0.0,0.0,0.0,0.0,0.0,,0.0,1,0,0.8399999999999965,3.0799999999999965,45.42999999999999,125.37,257.03999999999996,3.0,537.46,-0.720833333333303,7.704166666666765,6.697023809524012,-0.016666666666667496,-0.6358333333333334,6.358333333333333,4.191666666666666,3.2,-0.9681129192976055,0.2505142221293396,-0.9681129192976055,0.2505142221293396,-3.9855506909085516,1.0607390282642761,1.0,3.0,0.0,0.06779661016949146,0.0,4,0.0,1.5399999999999983,0.39172222222222225,0.0,-0.0,23.05,1.1625000000000005,28,1,2023,119
2024-01-29,0.0,0.0,0,0.0,-12.8,3.2,-5.658333333333334,7.4,5.266666666666667,-5.071025697369082,1.1398152813133218,69.45833333333333,171.70833333333334,600.0,11.291666666666666,1028.5291666666667,1026.6,-10.620833333333334,-16.2,-4.920833333333333,-6.9,-4.0,281.19463260175525,0.9857699341346242,0.0,0.0,0.0,0.0,0.0,0.0,,0.875,1,0,0.0,0.8399999999999965,44.94,103.39,257.03999999999996,3.0,537.46,5.762499999999932,8.470833333333303,10.44226190476195,1.4375,-0.4920833333333333,4.920833333333333,4.9624999999999995,3.3999999999999986,-0.9809733466803068,0.1941424556938502,-0.9809733466803068,0.1941424556938502,-3.522249932297608,0.791696697478878,2.0,4.0,0.0,0.01869158878504665,0.0,5,0.0,0.27999999999999886,0.41711111111111115,0.0,-0.0,26.333333333333332,-2.9916666666666676,29,1,2023,120
2024-01-30,0.0,0.0,0,0.0,-10.7,5.8,-4.1499999999999995,7.2,4.520833333333333,-4.152887533454767,0.3999972947015147,64.29166666666667,169.625,600.0,3.1666666666666665,1028.825,1026.4,-10.025,-17.1,-2.191666666666667,-4.3,-1.1,278.0889421080789,0.9313734284765902,0.0,0.0,0.0,0.0,0.0,0.0,,1.0,1,0,0.0,0.0,38.36,90.50999999999999,233.1,3.0,537.46,0.2958333333333485,5.337499999999977,7.850000000000023,2.7291666666666665,-0.21916666666666668,2.191666666666667,5.875000000000001,6.400000000000002,-0.9900508327401879,0.14071015809265688,-0.9900508327401879,0.14071015809265688,-2.6699606100502944,0.25716492738518215,3.0,5.0,,0.0,0.0,6,0.0,0.0,0.4562777777777778,0.0,-0.0,27.125,1.5083333333333346,30,1,2023,121
2024-01-31,1.8900000000000001,3.7,4,0.77,-8.2,7.2,1.2625,5.7,3.8166666666666664,-3.2070926765256194,-1.487328632312048,66.0,62.25,365.0,76.20833333333333,1023.525,1018.0,-4.666666666666667,-16.4,1.6083333333333334,-0.7,3.7,242.89019779896768,0.9216345125377253,5.325,3.75,4.7,83.0,-3.3330039395151276,-1.3339158626609402,244.81280713004054,0.20833333333333334,0,4,1.8899999999999966,1.8899999999999966,19.73999999999999,92.39999999999999,219.94,3.0,539.35,-5.300000000000068,0.7583333333332121,0.34583333333318933,3.8000000000000003,0.16083333333333333,0.0,5.929166666666667,8.2,-0.8901348566504744,-0.4556971987798909,-0.904922202852609,-0.4255770280271028,-2.116681166506909,-0.9816368973259517,0.0,6.0,1.0000000000000018,0.0957446808510637,10.773000000000001,6,0.2105393554687499,1.8899999999999966,0.4215,7.0875,0.0,22.9,5.4125,31,1,2023,122
2024-02-01,1.8900000000000001,7.1000000000000005,12,0.35,-8.1,7.1,-0.012499999999999992,15.5,9.820833333333333,-7.2394272889000035,6.086824205824242,82.625,53.416666666666664,278.0,100.0,1021.5041666666666,1016.4,-2.6166666666666667,-11.3,-7.979166666666667,-10.7,-1.6,305.5269267623854,0.9417402897772543,-0.975,12.475,15.5,84.33333333333333,-8.304407081063552,8.984123921292296,317.9641725352499,0.0,0,12,3.7800000000000002,3.7799999999999967,6.859999999999993,69.36999999999999,221.83,3.0,541.24,-2.0208333333333712,-7.025000000000091,-2.595238095238301,-9.5875,-0.7979166666666667,7.979166666666667,2.6041666666666665,3.200000000000001,-0.8138425209177237,0.5810854938357044,-0.6695951693372519,0.7427262680154896,-5.981576797453628,5.02923850006228,0.0,7.0,0.5000000000000004,0.5510204081632654,29.295,6,0.4377044355468751,3.7799999999999967,0.46880555555555553,23.57775,0.0,58.925,-1.275,32,2,2023,123
2024-02-02,0.0,0.0,0,0.0,-12.1,0.3,-5.958333333333333,12.1,8.512500000000001,-7.467612993051444,4.0505378938509695,65.25,172.75,600.0,58.166666666666664,1025.7,1023.3,-11.545833333333334,-17.9,-8.875,-10.3,-8.1,298.8691468163714,0.9974127092111815,0.0,0.0,0.0,0.0,0.0,0.0,,0.25,1,0,1.8899999999999966,3.7799999999999967,4.619999999999993,69.37,220.78,4.0,541.24,4.195833333333439,-3.125,0.7946428571428896,-0.895833333333333,-0.8875,8.875,5.587500000000001,5.799999999999999,-0.8757246426138557,0.4828108846316896,-0.8757246426138557,0.4828108846316896,-4.872617477966067,2.6429759757377576,1.0,8.0,0.0,0.8181818181818187,0.0,2,0.0,1.8899999999999983,0.3393333333333333,0.0,-0.0,17.025000000000002,-5.945833333333333,33,2,2023,124
2024-02-03,0.0,0.0,0,0.0,-6.0,1.4,-3.1166666666666667,9.3,7.095833333333332,-6.2236286590646985,3.3530916491887077,63.375,177.0,600.0,82.70833333333333,1028.2958333333333,1024.7,-9.1625,-11.6,-6.508333333333333,-8.2,-4.3,298.58212739938347,0.9945359335631209,0.0,0.0,0.0,0.0,0.0,0.0,,0.16666666666666666,1,0,0.0,1.8899999999999966,3.779999999999993,64.47,209.44,5.0,541.24,2.595833333333303,4.770833333333371,2.703571428571422,2.366666666666667,-0.6508333333333333,6.508333333333333,6.0458333333333325,5.6,-0.878132253802526,0.4784179603983279,-0.878132253802526,0.4784179603983279,-3.944224662682253,2.1250218326733434,2.0,9.0,0.0,0.5,0.0,3,0.0,0.6299999999999989,0.36036111111111113,0.0,-0.0,21.287499999999998,2.8416666666666663,34,2,2023,125
2024-02-04,1.26,1.9,9,0.21,-9.7,2.5,-1.8833333333333335,9.5,5.916666666666667,-4.339265474379048,3.7515069110965666,74.16666666666667,157.20833333333334,600.0,72.41666666666667,1025.75,1023.8,-5.904166666666666,-14.3,-6.508333333333333,-7.2,-5.6,308.35884939081456,0.9691903815259184,-1.6,3.822222222222222,4.4,73.66666666666667,-3.0333589498253897,2.2383555941527784,306.08504197322287,0.0,1,9,1.2599999999999965,1.2599999999999965,5.039999999999994,50.47,210.56,5.0,542.5,-2.5458333333333485,4.245833333333394,-0.2684523809525672,0.0,-0.6508333333333333,6.508333333333333,4.020833333333332,4.600000000000001,-0.7841393719563926,0.6205847608085734,-0.8081436759791727,0.5889853979300929,-3.218288560164461,2.7823676257299534,0.0,10.0,1.0000000000000029,0.2499999999999996,11.97,4,0.34794200000000003,1.2599999999999965,0.40758333333333335,4.816,0.0,23.666666666666668,1.2333333333333332,35,2,2023,126
2024-02-05,17.71,25.3,15,2.52,-10.6,2.0,-2.2958333333333334,8.3,4.695833333333334,0.779643486954202,-1.658169676597465,72.41666666666667,27.791666666666668,124.0,99.5,1019.2416666666667,1014.1,-7.033333333333334,-18.8,-4.970833333333333,-6.0,-4.0,181.0436938212053,0.22031497972420974,0.6,5.3933333333333335,8.3,86.66666666666667,3.1392233357433894,-3.012471224595146,131.3693813738135,0.0,1,15,18.97,18.97,22.749999999999993,67.69,222.67000000000002,5.0,560.21,-6.508333333333326,-6.458333333333371,-5.450000000000159,1.5374999999999996,-0.4970833333333333,4.970833333333333,4.737500000000001,8.200000000000001,-0.018214886183542476,-0.9998340951984587,0.7504643648150587,-0.6609109146796794,0.5645918251360014,-1.200791207469331,0.0,0.0,0.9335793357933581,0.833846153846154,100.0,0,3.8812719458333333,18.97,0.30436111111111114,95.51593333333334,0.0,0.0,-0.41249999999999987,36,2,2023,127
2024-02-06,0.49000000000000005,0.7000000000000001,5,0.14,-2.7,1.1,-0.6708333333333334,8.0,6.845833333333334,-4.621960324203523,4.512592121235978,77.70833333333333,123.29166666666667,528.0,90.83333333333333,1018.375,1015.4,-4.125,-6.7,-6.204166666666667,-6.6,-5.4,313.96863054248195,0.943631888954109,-0.3,7.159999999999999,8.0,86.6,-1.8744556593711543,6.834291147915904,344.5949539524125,0.0,1,5,18.199999999999996,19.459999999999997,23.23999999999999,61.60000000000001,204.12,5.0,560.7,-0.8666666666666742,-9.920833333333348,-4.823809523809587,-1.2333333333333334,-0.6204166666666666,6.204166666666667,3.4541666666666666,4.0,-0.7197200181851315,0.6942644275948422,-0.2656410244784993,0.964072012929539,-3.5916483352664876,3.5066601275437916,0.0,1.0,0.02517985611510792,0.8373493975903616,3.9200000000000004,1,0.11488233750000003,19.459999999999997,0.36566666666666664,3.5084,0.0,6.845833333333334,1.625,37,2,2023,128
2024-02-07,0.77,1.1,9,0.14,-4.7,0.5,-2.2916666666666665,8.7,6.658333333333334,-6.522507034440288,0.4972780649165412,74.33333333333333,95.83333333333333,502.0,95.83333333333333,1017.8291666666668,1016.2,-6.270833333333333,-8.4,-5.854166666666667,-6.9,-4.5,273.4697651469588,0.983132066210011,-1.1111111111111112,7.088888888888889,8.7,71.55555555555556,-6.814913288825026,0.27426703207764064,270.36888261152086,0.0,1,6,1.2599999999999965,18.97,22.119999999999994,41.86,190.68,6.0,561.47,-0.5458333333332348,-7.920833333333235,-4.555952380952249,0.34999999999999964,-0.5854166666666667,5.854166666666667,3.9791666666666665,3.7,-0.9981668746236247,0.060521817587586325,-0.9999792747581575,0.006438171646470393,-4.848396895600614,0.3696433615879623,0.0,2.0,0.040590405904059046,0.857594936708861,6.699,2,0.1949359567901235,18.97,0.3227777777777778,5.458444444444444,0.0,13.316666666666668,-1.6208333333333331,38,2,2023,129
2024-02-08,0.0,0.0,0,0.0,-9.6,1.7,-4.641666666666667,9.2,5.008333333333334,-4.76938356336586,1.256652455203464,69.375,186.66666666666666,600.0,41.666666666666664,1018.3166666666666,1016.7,-9.541666666666666,-13.7,-6.220833333333334,-7.2,-4.8,282.743120905966,0.9827106919015428,0.0,0.0,0.0,0.0,0.0,0.0,,0.2916666666666667,1,0,0.7699999999999965,1.2599999999999965,20.229999999999993,27.090000000000003,189.07,7.0,561.47,0.48749999999984084,-0.9250000000000682,-3.6130952380952976,-0.36666666666666714,-0.6220833333333334,6.220833333333334,4.8999999999999995,4.1,-0.9753688110395556,0.22058033106168756,-0.9753688110395556,0.22058033106168756,-3.3087598470850654,0.8718026407974031,1.0,3.0,0.0,0.0622837370242213,0.0,3,0.0,0.6299999999999982,0.3934722222222222,0.0,-0.0,15.025000000000002,-2.35,39,2,2023,130
2024-02-09,0.0,0.0,0,0.0,-11.6,3.3,-3.3249999999999997,7.2,3.970833333333333,-3.2713635976629316,1.0071974730082296,65.29166666666667,185.0,600.0,49.25,1019.4875000000001,1016.9,-9.112499999999999,-15.1,-5.1125,-7.5,-4.1,283.1835020913698,0.8598551175742329,0.0,0.0,0.0,0.0,0.0,0.0,,0.4583333333333333,1,0,0.0,0.7699999999999965,20.229999999999993,24.85,183.75,7.0,561.47,1.1708333333334622,1.1125000000000682,-1.5547619047619037,1.1083333333333343,-0.51125,5.1125,5.7875,3.5,-0.9736446145067145,0.22807052558818575,-0.9736446145067145,0.22807052558818575,-2.135927815640756,0.6576160167516233,2.0,4.0,0.0,0.03806228373702406,0.0,4,0.0,0.2566666666666655,0.41430555555555554,0.0,-0.0,15.883333333333333,1.3166666666666669,40,2,2023,131
2024-02-10,4.97,7.1,10,0.91,-10.7,4.0,-2.8499999999999996,10.3,5.4875,-5.340525683649003,-0.003301666498573006,68.33333333333333,155.25,600.0,49.791666666666664,1016.9250000000001,1014.7,-8.029166666666667,-17.3,-4.929166666666666,-7.1,-2.8,271.6136847490546,0.9687583563004064,0.31,5.720000000000001,10.2,82.3,-5.54091631438728,0.7488601742750591,281.1664613013886,0.4166666666666667,1,10,4.969999999999996,4.969999999999996,25.199999999999992,28.98,188.72,7.0,566.44,-2.5625,-0.904166666666697,-2.492857142857133,0.18333333333333357,-0.4929166666666666,4.929166666666666,5.179166666666667,6.600000000000001,-0.99960341761445,0.028160388731540253,-0.9810686844411629,0.19366010536216777,-3.6493592171601517,-0.0022561387740248876,0.0,5.0,1.0000000000000007,0.19722222222222213,51.191,5,1.1178977512500003,4.969999999999996,0.42016666666666663,28.428400000000003,0.0,27.4375,0.4750000000000001,41,2,2023,132
2024-02-11,2.66,3.8,7,0.7,-3.0,2.0,-1.0,6.9,4.741666666666666,-3.3316135703478325,2.1703097677371646,70.95833333333333,165.33333333333334,600.0,68.0,1019.6958333333333,1017.3,-5.7375,-8.5,-6.533333333333334,-7.0,-5.8,302.59582540351147,0.8162819071731084,-1.457142857142857,5.428571428571429,6.9,83.0,-3.652780108764228,4.005616390360622,317.2868546010418,0.125,1,7,7.629999999999996,7.629999999999996,26.599999999999994,31.64,176.75,7.0,569.1,2.7708333333332575,1.3791666666667197,1.1428571428571104,-1.6041666666666679,-0.6533333333333334,6.533333333333334,4.7375,5.5,-0.8424916498547902,0.538709402113007,-0.678328263836093,0.7347589853013788,-2.3640574626259827,1.5400156393568296,0.0,6.0,0.34862385321100936,0.28684210526315784,18.354000000000003,6,0.7101996428571428,7.629999999999996,0.3911944444444444,14.440000000000001,30.363734654101815,28.449999999999996,1.8499999999999996,42,2,2023,133
2024-02-12,1.6800000000000002,2.4,9,0.49,-9.4,1.2,-3.095833333333333,8.7,4.8374999999999995,-3.5362230220149837,1.9837332767134015,68.20833333333333,144.58333333333334,585.0,54.458333333333336,1025.825,1018.8,-8.299999999999999,-21.0,-2.8874999999999997,-7.0,1.8,293.1913279162963,0.832538387517667,-5.911111111111111,3.8777777777777778,5.0,73.66666666666667,-3.513904924996622,1.1568476036736812,289.28050177966236,0.3333333333333333,1,9,4.339999999999996,9.309999999999997,10.569999999999993,33.32,158.9,7.0,570.78,6.12916666666672,6.337499999999977,6.331547619047683,3.6458333333333344,-0.28874999999999995,2.8874999999999997,5.204166666666666,11.6,-0.9191949543614971,0.39380278805052316,-0.9439133736697138,0.33019319043169126,-2.4119987862660532,1.3530714058249325,0.0,7.0,0.18045112781954895,0.8807947019867552,14.616,2,0.6358742962962964,9.309999999999997,0.35041666666666665,6.514666666666667,202.45070399957797,9.674999999999999,-2.095833333333333,43,2,2023,134
2024-02-13,0.0,0.0,0,0.0,-8.5,9.2,2.0916666666666663,7.4,3.9875000000000003,-3.748872295094909,-0.5832058095947347,38.166666666666664,202.0,600.0,0.0,1026.8708333333334,1024.3,-11.883333333333333,-22.7,3.6208333333333336,2.9,4.5,260.72955341881607,0.8862733975195086,0.0,0.0,0.0,0.0,0.0,0.0,,1.0,1,0,1.6799999999999966,4.339999999999996,10.079999999999993,33.32,158.69,7.0,570.78,1.0458333333333485,9.945833333333326,6.163690476190595,6.508333333333333,0.36208333333333337,0.0,13.975,14.2,-0.9869389410967915,-0.16109477504482853,-0.9869389410967915,-0.16109477504482853,-1.4308195926278902,-0.22259021732865705,1.0,8.0,0.0,0.43055555555555547,0.0,3,0.0,2.169999999999998,0.46633333333333327,0.0,-0.0,11.9625,5.1875,44,2,2023,135
2024-02-14,0.0,0.0,0,0.0,-2.7,9.9,4.5249999999999995,6.5,4.2875000000000005,-3.9522487964495134,-0.9386491790552537,58.291666666666664,192.04166666666666,600.0,27.833333333333332,1024.3625,1021.9,-3.266666666666666,-10.2,4.925,3.4,6.5,257.6791009837658,0.9398913697444283,0.0,0.0,0.0,0.0,0.0,0.0,,0.7083333333333334,1,0,0.0,1.6799999999999966,9.309999999999993,31.430000000000003,136.71,7.0,570.78,-2.5083333333334394,4.666666666666629,2.722023809523762,1.3041666666666663,0.4925,0.0,7.791666666666666,7.499999999999999,-0.9769678051915894,-0.21338675595999052,-0.9769678051915894,-0.21338675595999052,-2.303831694263695,-0.5471542506242916,2.0,9.0,0.0,0.18045112781954864,0.0,4,0.0,0.5599999999999988,0.5423333333333334,0.0,-0.0,17.150000000000002,2.433333333333333,45,2,2023,136
2024-02-15,0.0,12.8,0,0.0,3.0,9.3,6.570833333333333,7.3,4.491666666666666,-0.2509389410480049,-3.2816636203653697,73.54166666666667,101.5,425.0,80.375,1015.6875,1006.7,1.7416666666666665,-4.9,2.1416666666666666,-7.4,8.2,191.5986542114355,0.6786663875408918,0.0,0.0,0.0,0.0,0.0,0.0,,0.125,0,0,0.0,0.0,9.309999999999993,29.540000000000003,123.83,6.0,570.78,-8.674999999999955,-10.137500000000045,-5.577380952380963,-2.783333333333333,0.21416666666666667,0.0,4.829166666666667,7.9,-0.20105491239456708,-0.9795799723361095,-0.20105491239456708,-0.9795799723361095,-0.18454467956238696,-2.413390120810366,3.0,10.0,,0.0,0.0,5,0.0,0.0,0.5194722222222222,0.0,-0.0,22.458333333333332,2.0458333333333334,46,2,2023,137
2024-02-16,6.72,14.5,8,2.87,-8.0,5.5,-1.0125,17.9,9.083333333333334,-3.813936524618096,6.931735219491929,83.0,163.25,600.0,71.41666666666667,1020.6833333333334,1011.3,-3.6,-9.0,-4.8999999999999995,-7.0,-1.1,334.8270002241937,0.7499024828699052,0.08749999999999997,14.65,17.9,86.75,-8.009935349543634,12.076354421797742,325.7007183162696,0.08333333333333333,1,8,6.719999999999996,6.719999999999996,16.029999999999994,36.260000000000005,130.55,6.0,577.5,4.995833333333394,-6.1875,-0.7523809523809177,-7.041666666666666,-0.48999999999999994,4.8999999999999995,2.5875000000000004,1.0,-0.42535285106086373,0.9050275974214238,-0.5635156921122054,0.8261053593478874,-3.1655673154330195,5.753340232178301,0.0,11.0,1.0000000000000004,0.41921397379912656,100.0,0,1.3603419374999999,6.719999999999996,0.5077222222222222,98.448,320.13041613676444,0.0,-7.583333333333333,47,2,2023,138
2024-02-17,0.0,0.0,0,0.0,-1.6,10.1,4.016666666666667,5.9,2.279166666666667,-1.009018563497766,-1.137168126014518,62.833333333333336,200.54166666666666,600.0,13.458333333333334,1022.9625,1019.9,-2.6333333333333333,-7.3,1.5791666666666666,-1.0,2.7,237.3997590753632,0.6123534479351566,0.0,0.0,0.0,0.0,0.0,0.0,,0.8333333333333334,0,0,6.719999999999996,6.719999999999996,11.059999999999993,36.260000000000005,105.63,5.0,577.5,2.2791666666665833,-1.3999999999999773,0.664285714285711,6.479166666666666,0.15791666666666665,0.0,6.65,5.699999999999999,-0.8424501315072532,-0.5387743274539089,-0.8424501315072532,-0.5387743274539089,-0.633999997397763,-0.7145206391791222,1.0,12.0,0.0,0.6075949367088608,0.0,1,0.0,3.359999999999998,0.5675833333333333,0.0,-0.0,2.279166666666667,5.029166666666667,48,2,2023,139
2024-02-18,0.0,0.0,0,0.0,2.2,11.3,5.454166666666667,8.7,4.541666666666667,0.08613830990101363,-3.59184721663576,75.33333333333333,199.625,600.0,18.25,1027.1666666666667,1025.1,1.2666666666666666,-4.6,4.545833333333333,2.5,6.0,188.68750942140295,0.72269178660151,0.0,0.0,0.0,0.0,0.0,0.0,,0.7083333333333334,0,0,0.0,6.719999999999996,8.399999999999991,35.0,105.63,4.0,577.5,4.204166666666765,11.479166666666742,3.801190476190527,2.966666666666667,0.45458333333333334,0.0,4.1875,6.8,-0.15104532328510117,-0.9885268384387443,-0.15104532328510117,-0.9885268384387443,0.06489086012543027,-2.7058582365322725,2.0,13.0,0.0,0.8000000000000004,0.0,2,0.0,2.239999999999999,0.6353055555555556,0.0,-0.0,9.083333333333334,1.4375,49,2,2023,140
2024-02-19,0.0,16.1,0,0.0,0.7,10.1,6.266666666666667,13.4,7.766666666666667,1.7490143604885209,-6.937252683429924,97.125,90.29166666666667,490.0,98.70833333333333,1020.7125,1013.7,5.833333333333333,0.7,7.704166666666667,4.8,9.5,168.1140647728642,0.9046560289878334,0.0,0.0,0.0,0.0,0.0,0.0,,0.0,0,0,0.0,0.0,6.719999999999992,17.29,100.72999999999999,3.0,577.5,-6.454166666666765,0.029166666666583296,-1.9226190476190368,3.158333333333333,0.7704166666666666,0.0,0.43333333333333357,0.0,0.20596397813237358,-0.9785595739207129,0.20596397813237358,-0.9785595739207129,1.698730197624476,-6.737806668781314,3.0,14.0,,0.0,0.0,3,0.0,0.0,0.6083888888888889,0.0,-0.0,23.3,0.8125,50,2,2023,141
2024-02-20,0.0,9.4,0,0.0,3.8,8.5,7.058333333333334,7.3,3.3666666666666667,-1.0737144567115693,2.553363787080611,91.45833333333333,75.04166666666667,337.0,98.20833333333333,1019.1083333333332,1013.3,5.758333333333333,3.1,2.7083333333333335,0.5,4.8,329.77508321120894,0.7304739310592726,0.0,0.0,0.0,0.0,0.0,0.0,,0.0,0,0,0.0,0.0,6.719999999999992,16.8,85.47,2.0,577.5,-1.6041666666667425,-3.8541666666667425,-2.4178571428572013,-4.995833333333334,0.27083333333333337,0.0,1.3000000000000007,0.6999999999999997,-0.5033957548815038,0.8640559669183941,-0.5033957548815038,0.8640559669183941,-0.982001346867456,2.335263963600809,4.0,15.0,,0.0,0.0,4,0.0,0.0,0.5437777777777778,0.0,-0.0,13.466666666666667,0.791666666666667,51,2,2023,142
2024-02-21,0.0,26.8,0,0.0,4.8,8.1,6.5625,6.6,3.7083333333333335,1.315429264581161,-0.0015209068369138785,90.91666666666667,46.958333333333336,205.0,99.91666666666667,1018.1416666666668,1014.0,5.154166666666667,3.5,0.5541666666666667,-6.0,4.7,88.78558676872937,0.4104743730432007,0.0,0.0,0.0,0.0,0.0,0.0,,0.0,0,0,0.0,0.0,6.719999999999992,16.029999999999998,84.97999999999999,1.0,577.5,-0.9666666666664696,-9.024999999999977,-2.4958333333331666,-2.154166666666667,0.05541666666666667,0.0,1.4083333333333332,1.2999999999999998,0.9997753836006276,0.021193922388691902,0.9997753836006276,0.021193922388691902,1.195944439715039,-0.0013827577992275347,5.0,16.0,,0.0,0.0,5,0.0,0.0,0.514361111111111,0.0,-0.0,18.541666666666668,-0.49583333333333357,52,2,2023,143
2024-02-22,6.23,13.8,9,1.4,0.0,5.5,2.8000000000000003,9.0,5.654166666666666,1.2706337470070974,5.411175640339045,86.75,67.54166666666667,427.0,99.08333333333333,1020.2458333333334,1016.5,0.8083333333333332,-1.7,-6.4624999999999995,-7.1,-5.8,14.343165976556053,0.9794726588670888,2.7,6.5,8.7,86.55555555555556,1.7812292611356466,6.171230946850085,17.513246629152974,0.0,0,9,6.229999999999997,6.229999999999997,12.949999999999992,22.259999999999998,84.63,1.0,583.73,2.1041666666666288,-0.4666666666665833,-1.0428571428570876,-7.016666666666666,-0.64625,6.4624999999999995,1.9916666666666671,1.7,0.2477289877828064,0.9688293702257927,0.3009262882434049,0.9536474028927291,1.102274775528657,4.6941948679941214,0.0,17.0,1.0000000000000007,0.4810810810810811,56.07000000000001,6,1.0445957812499993,6.229999999999997,0.4564166666666667,40.495000000000005,-0.0,33.925,-3.7624999999999997,53,2,2023,144
2024-02-23,3.08,4.4,16,0.35,-4.6,0.7,-0.8708333333333332,11.1,7.508333333333333,-1.986920189552613,7.014546889625891,85.25,57.791666666666664,224.0,99.91666666666667,1024.1291666666666,1022.3,-3.0416666666666665,-6.5,-8.041666666666666,-9.3,-6.9,345.84335998341265,0.9679874187236696,0.13749999999999998,7.13125,10.8,85.0625,-0.8963224942808397,6.987332293791704,354.3917334174329,0.0,1,16,9.309999999999997,9.309999999999997,9.309999999999993,25.339999999999996,67.2,1.0,586.8100000000001,3.883333333333212,5.020833333333371,2.348214285714107,-1.5791666666666666,-0.8041666666666666,8.041666666666666,2.1708333333333334,1.9000000000000004,-0.24457366420923704,0.9696307146410263,-0.09772648924031316,0.9952133104519668,-1.6938494615936026,5.979901223406073,0.0,18.0,0.330827067669173,1.0000000000000004,34.188,1,0.6917179951171876,9.309999999999997,0.33825,21.96425,16.011307489502897,7.508333333333333,-3.6708333333333334,54,2,2023,145
2024-02-24,0.0,0.0,0,0.0,-9.0,4.0,-2.25,8.7,5.145833333333333,-1.6738370303216767,2.3857717616683427,75.875,219.25,600.0,73.25,1027.2749999999999,1024.3,-6.216666666666666,-11.9,-5.245833333333334,-8.9,-3.1,339.104466399138,0.44839798241131695,0.0,0.0,0.0,0.0,0.0,0.0,,0.08333333333333333,1,0,3.0799999999999965,9.309999999999997,9.309999999999993,20.369999999999997,52.43,2.0,586.8100000000001,3.1458333333332575,9.133333333333098,4.8779761904760335,2.7958333333333325,-0.5245833333333334,5.245833333333334,3.966666666666666,2.9000000000000004,-0.3566651738481342,0.9342322804120399,-0.3566651738481342,0.9342322804120399,-1.2700238467565723,1.810204324165855,1.0,19.0,0.0,1.0000000000000004,0.0,2,0.0,4.6549999999999985,0.48797222222222225,0.0,-0.0,10.291666666666666,-1.3791666666666669,55,2,2023,146
2024-02-25,6.51,9.6,16,0.84,-1.9,2.3,0.41250000000000003,10.6,5.895833333333333,1.9979343401636382,-3.7073173255438197,86.0,50.375,185.0,98.83333333333333,1020.9,1017.4,-1.6833333333333333,-4.5,-4.016666666666667,-6.4,-2.5,151.68962650449816,0.549769358065942,0.61875,6.40625,10.6,89.8125,2.2060385431449245,-4.72886708316695,158.06990735836024,0.0,1,16,6.509999999999996,9.589999999999996,15.819999999999993,24.22,56.7,3.0,593.32,-6.374999999999886,0.6541666666665833,-0.601785714285711,1.229166666666667,-0.40166666666666667,4.016666666666667,2.095833333333333,2.6,0.47424761315492603,-0.8803915046255589,0.3734750452552407,-0.9276402269045882,1.718223532540729,-3.1882928999676845,0.0,20.0,0.6788321167883214,0.6061946902654868,69.006,0,1.4045352813720708,9.589999999999996,0.3713611111111111,41.7046875,0.0,0.0,2.6625,56,2,2023,147
2024-02-26,7.63,11.0,21,0.7,-3.3,0.7,-1.2666666666666666,16.7,11.987499999999999,-6.077247274474793,10.28712986802657,85.91666666666667,96.25,388.0,100.0,1020.0749999999999,1018.8,-3.329166666666667,-5.6,-7.1499999999999995,-8.3,-5.9,329.7501057977692,0.9963222062798344,-1.5428571428571427,12.561904761904762,16.7,85.42857142857143,-6.504914232803987,10.708106451975365,328.6676867015641,0.0,0,21,14.139999999999997,14.139999999999997,23.449999999999992,30.169999999999998,63.49,3.0,600.95,-0.8250000000000455,-4.054166666666674,-1.3357142857144026,-3.133333333333333,-0.715,7.1499999999999995,2.0625000000000004,2.3,-0.503772381955637,0.8638364354313517,-0.5200009213274855,0.8541656992753609,-5.221368283319594,8.838359078279495,0.0,21.0,0.5396039603960398,0.6029850746268658,100.0,0,1.8560649761904764,14.139999999999997,0.3661111111111111,95.84733333333332,0.0,0.0,-1.6791666666666667,57,2,2023,148
2024-02-27,15.26,21.8,24,1.33,-4.8,-2.5,-3.3125,17.2,13.733333333333334,-6.912571420305017,11.816828584664869,86.41666666666667,75.625,321.0,100.0,1023.3791666666666,1021.3,-5.266666666666667,-6.6,-7.625,-8.2,-7.2,329.5873108311272,0.9968192755557783,-3.3125,13.733333333333334,17.2,86.41666666666667,-6.912571420305017,11.816828584664869,329.5873108311272,0.0,0,24,22.889999999999993,29.399999999999995,38.709999999999994,45.43,78.75,3.0,616.21,3.3041666666666742,-3.8958333333332575,1.3583333333333485,-0.47500000000000053,-0.7625,7.625,1.9541666666666666,1.7999999999999998,-0.5062247706938741,0.8624015778834908,-0.5062247706938741,0.8624015778834908,-5.973613802380253,10.211709368581225,0.0,0.0,0.5190476190476191,0.7594936708860759,100.0,0,4.20687203125,29.399999999999995,0.3384722222222223,209.57066666666668,109.63338272603781,0.0,-2.0458333333333334,58,2,2023,149
2024-02-28,1.19,1.8,7,0.21,-8.9,1.2,-3.0500000000000003,10.6,8.4125,-5.992716472089867,5.547013287211875,76.70833333333333,200.41666666666666,600.0,75.08333333333333,1028.3875,1027.2,-6.675,-13.5,-4.829166666666667,-7.1,-2.2,310.48904810331794,0.965848016177661,-2.814285714285714,9.685714285714285,10.6,87.28571428571429,-5.223168575566709,8.133224006377844,327.14353733092423,0.041666666666666664,1,7,16.449999999999996,24.079999999999995,39.89999999999999,46.62,79.94,4.0,617.4,5.008333333333439,7.487500000000068,4.902976190476238,2.7958333333333334,-0.48291666666666666,4.829166666666667,3.6249999999999996,4.6,-0.760530091530752,0.6493026874087509,-0.5425362914418865,0.840032363941107,-4.596912927132268,4.2550214423987756,0.0,1.0,0.0494186046511628,0.6035087719298246,12.613999999999999,1,0.335069544642857,24.079999999999995,0.41597222222222224,11.525999999999998,232.81838661541138,8.4125,0.26249999999999973,59,2,2023,150
2024-02-29,8.96,12.8,9,1.82,-8.4,8.0,0.3166666666666666,7.7,3.9916666666666667,-0.008403615551419219,-2.0773751472279645,64.875,130.41666666666666,600.0,99.25,1022.1333333333333,1015.0,-6.020833333333333,-15.2,-2.0124999999999997,-2.7,-0.5,214.20118116095853,0.47347923734428804,2.9444444444444446,6.1,7.7,88.33333333333333,2.715597355058832,-4.724543640454712,156.0710108525745,0.0,0,9,10.149999999999995,25.409999999999997,42.62999999999999,55.58,88.9,4.0,626.36,-6.25416666666672,2.058333333333394,-1.620833333333394,2.816666666666667,-0.20124999999999998,2.0124999999999997,6.3374999999999995,6.799999999999999,-0.562100428120908,-0.8270689866669478,0.40560410724181795,-0.9140488543773619,-0.005451845588983218,-1.347697126764142,0.0,2.0,0.35261707988980723,0.5960591133004927,68.992,2,1.459935555555556,25.409999999999997,0.4809722222222222,54.656,0.0,7.983333333333333,3.3666666666666667,60,2,2023,151
2024-03-01,16.240000000000002,23.5,21,2.17,-2.4,3.8,1.95,12.0,5.658333333333334,-3.352268355215438,0.7071412577531699,87.75,109.5,478.0,99.58333333333333,1007.475,1004.8,0.11249999999999998,-4.7,-5.091666666666667,-11.6,0.1,253.50126757941197,0.5266600258086007,1.7952380952380953,5.352380952380953,12.0,88.76190476190476,-2.75302660329137,0.5465627320268138,245.24443021309813,0.0,0,12,25.199999999999996,26.39,55.78999999999999,65.1,103.25,3.0,642.6,-14.658333333333303,-15.904166666666583,-13.899999999999864,-3.079166666666667,-0.5091666666666667,5.091666666666667,1.8375,2.3000000000000003,-0.9588260180283572,-0.28399413224903863,-0.908102471152153,-0.41874801717423454,-2.9416154817015467,0.6205164536784067,0.0,0.0,0.6153846153846154,0.4730238393977416,100.0,0,3.1082646507936516,26.39,0.4499444444444444,86.92266666666669,0.0,0.0,1.6333333333333333,61,3,2023,152
2024-03-02,8.75,12.5,23,1.68,-7.4,-3.5,-5.145833333333333,10.5,7.05,-6.331614072177729,2.298578721839637,70.20833333333333,139.625,511.0,98.5,1015.2791666666667,1012.1,-9.799999999999999,-12.8,-8.475,-10.9,-7.1,284.19902820664504,0.9469146130933279,-5.160869565217391,7.1695652173913045,10.5,70.1304347826087,-6.419945118794152,2.3985169271370124,284.84497491584074,0.0,0,18,24.989999999999995,33.95,64.53999999999999,73.85,110.11,2.0,651.35,7.804166666666674,-13.108333333333348,-4.382142857142867,-3.383333333333333,-0.8474999999999999,8.475,4.654166666666666,5.4,-0.9694495104127209,0.24529094308705307,-0.9666225759700987,0.256204597197105,-4.44532071317478,1.613793810958245,0.0,1.0,0.25773195876288657,0.5260303687635576,91.875,1,3.019222287039224,33.95,0.3271111111111111,62.733695652173914,370.7571805646283,7.05,-7.095833333333333,62,3,2023,153
2024-03-03,12.74,18.2,14,1.96,-9.6,1.5,-2.8083333333333336,7.4,4.083333333333333,-3.250127684651719,-1.3064245400869234,73.16666666666667,100.375,343.0,98.33333333333333,1016.3416666666667,1013.4,-6.970833333333334,-14.3,-5.1499999999999995,-6.2,-3.0,253.27946908845888,0.8212635204217227,-0.028571428571428564,3.557142857142857,7.4,76.85714285714286,-2.6376128910575742,-0.8489556762103503,262.70441567184196,0.0,1,14,21.489999999999995,37.73,70.77,86.59,122.85,2.0,664.09,1.0625,-5.791666666666629,-2.668452380952317,3.325,-0.5149999999999999,5.1499999999999995,4.1625000000000005,4.700000000000001,-0.9577194628832544,-0.287703719848407,-0.9919042322611744,-0.12698816489094597,-2.3780100892701745,-0.9558672884969325,0.0,0.0,0.3376623376623377,0.533135509396637,94.27600000000001,2,3.0520766249999993,37.73,0.34413888888888894,45.318,26.903651488787254,8.166666666666666,2.3374999999999995,63,3,2023,154
2024-03-04,15.82,22.8,20,1.47,-2.5,-0.0,-1.3708333333333333,8.4,5.541666666666667,-3.3571486023510793,3.3080845942276125,82.45833333333333,85.125,408.0,99.95833333333333,1020.2916666666666,1016.7,-4.016666666666667,-7.7,-4.333333333333333,-5.3,-2.9,309.5603368941418,0.8064005920635117,-1.24,5.225,8.4,84.55,-2.7207294485733455,3.4115298628548865,313.6905716976101,0.0,1,20,28.559999999999995,37.309999999999995,78.96,102.41,138.67,3.0,679.91,3.949999999999932,12.816666666666606,1.2505952380951157,0.8166666666666664,-0.4333333333333333,4.333333333333333,2.645833333333333,5.2,-0.7709543160178727,0.6368904478899131,-0.7230808242202789,0.690763433922875,-2.768248785021994,2.727791421656852,0.0,0.0,0.4240150093808631,0.4725177304964539,100.0,3,4.155078506249999,37.309999999999995,0.33161111111111113,82.6595,26.867203304661324,16.625,1.4375000000000002,64,3,2023,155
2024-03-05,11.2,16.1,13,1.75,-7.8,3.8,-0.2708333333333333,7.7,4.766666666666667,1.0345191456155336,-2.6126510216695675,73.45833333333333,70.08333333333333,306.0,98.91666666666667,1019.5124999999999,1014.8,-4.716666666666667,-14.5,-2.85,-4.1,-2.2,175.5691629721676,0.4619822928010552,2.4076923076923076,5.753846153846154,7.7,84.61538461538461,3.6781062309683703,-4.320453559843127,141.59141781480443,0.0,0,13,27.019999999999992,39.76,74.89999999999999,113.61,148.61,3.0,691.11,-0.779166666666697,4.233333333333235,1.0238095238094047,1.483333333333333,-0.28500000000000003,2.85,4.445833333333334,6.7,0.07725563842526376,-0.9970113170528733,0.6212651607062518,-0.7836004084306204,0.7599405223834107,-1.9192098963347697,0.0,0.0,0.28169014084507044,0.5308411214953271,86.24,4,1.97294875739645,39.76,0.3760277777777777,64.44307692307692,0.0,19.066666666666666,1.1,65,3,2023,156
2024-03-06,7.0,10.5,17,1.75,-1.5,3.4,1.1958333333333333,12.3,8.170833333333333,-0.11516394797984957,3.6926948663103656,89.45833333333333,75.95833333333333,331.0,100.0,1010.9791666666666,1008.2,-0.35833333333333334,-3.7,-5.645833333333333,-7.8,-2.5,23.281448785802468,0.28883331847763855,1.3411764705882352,7.029411764705882,11.9,90.3529411764706,0.9163513810195403,0.853123301392746,95.05539708163242,0.0,0,13,18.199999999999992,34.019999999999996,80.71,120.61,137.9,2.0,698.11,-8.533333333333303,-5.362500000000068,-5.0226190476190595,-2.795833333333333,-0.5645833333333333,5.645833333333333,1.5541666666666667,2.2,0.395248107478721,0.918574402829999,0.9961099649434038,-0.08811888413076344,-0.10302374846364043,3.3034232824868144,0.0,1.0,0.20576131687242802,0.42150910667823066,86.10000000000001,5,1.382148788927336,34.019999999999996,0.42438888888888887,49.205882352941174,0.0,40.854166666666664,1.4666666666666666,66,3,2023,157
2024-03-07,0.0,0.0,0,0.0,-4.4,4.6,-0.5291666666666667,9.7,5.141666666666667,-1.6834651751549286,3.146826203392898,77.33333333333333,223.25,600.0,91.375,1014.5666666666666,1010.6,-4.183333333333334,-6.0,-5.345833333333334,-7.5,-4.3,347.74239771059837,0.5471194585813851,0.0,0.0,0.0,0.0,0.0,0.0,,0.0,1,0,6.999999999999993,18.199999999999996,71.74999999999999,114.38,137.41,3.0,698.11,3.5874999999999773,-5.725000000000023,-0.35416666666674246,0.29999999999999893,-0.5345833333333334,5.345833333333334,3.654166666666667,1.5999999999999996,-0.21230733417888667,0.9772029450701909,-0.21230733417888667,0.9772029450701909,-1.3018797354531446,2.4335455972905073,1.0,2.0,0.0,0.25365853658536586,0.0,6,0.0,9.099999999999998,0.5088333333333334,0.0,-0.0,30.85,-1.725,67,3,2023,158
2024-03-08,3.64,5.2,11,1.05,-7.3,4.3,-1.4666666666666668,9.7,3.8958333333333335,-3.2793865896249055,0.6152424034416344,71.91666666666667,216.5,600.0,82.83333333333333,1008.2958333333332,1003.5,-6.116666666666667,-10.8,-4.9125000000000005,-9.3,-2.2,270.1038385907658,0.8027621316599193,0.4,4.5636363636363635,9.7,75.18181818181819,-3.824808490405296,0.10446781753314309,257.924177673022,0.0,1,11,3.639999999999993,10.639999999999997,59.14999999999999,114.94,140.28,4.0,701.75,-6.270833333333371,-11.216666666666697,-6.742261904762017,0.43333333333333357,-0.4912500000000001,4.9125000000000005,4.65,3.500000000000001,-0.999998357738954,0.0018123243073901155,-0.977871604541572,-0.20920593928302209,-2.3584255223719115,0.44246182847510873,0.0,3.0,0.34210526315789486,0.1798816568047337,35.308,4,0.823765090909091,10.639999999999997,0.47961111111111115,16.611636363636364,0.0,15.583333333333334,-0.9375000000000001,68,3,2023,159
2024-03-09,20.23,28.9,24,2.66,-4.8,-1.6,-3.6958333333333333,10.9,7.416666666666667,-5.125523709855654,4.814545544985992,81.04166666666667,95.16666666666667,399.0,99.79166666666667,1013.9166666666666,1006.9,-6.504166666666666,-8.7,-8.4125,-9.4,-7.8,309.6136702549369,0.9074384910253616,-3.6958333333333333,7.416666666666667,10.9,81.04166666666667,-5.125523709855654,4.814545544985992,309.6136702549369,0.0,0,24,23.869999999999994,23.869999999999997,70.63,135.17,160.51000000000002,4.0,721.98,5.620833333333394,2.9375,-0.9267857142856428,-3.499999999999999,-0.8412499999999999,8.4125,2.808333333333333,3.8999999999999995,-0.7703611372457337,0.637607809096987,-0.7703611372457337,0.637607809096987,-4.153809839862186,3.9017879520823984,0.0,0.0,0.8475073313782993,0.3379583746283449,100.0,0,6.28450788953993,23.869999999999997,0.33358333333333334,150.0391666666667,138.28662969190702,0.0,-2.2291666666666665,69,3,2023,160
2024-03-10,3.08,4.4,9,0.7,-11.3,-0.1,-3.7416666666666667,8.2,5.954166666666667,-4.666048324178139,3.5458237078107384,75.91666666666667,187.08333333333334,600.0,70.125,1026.1583333333333,1021.6,-7.4750000000000005,-13.3,-7.3875,-8.6,-5.9,307.3733561196056,0.9837741498476901,-3.988888888888889,5.6000000000000005,6.4,80.77777777777777,-4.360525500414826,3.4696396598197285,308.0001698625835,0.08333333333333333,0,9,23.309999999999995,26.949999999999996,60.96999999999999,131.74,163.59,3.0,725.0600000000001,12.241666666666674,11.591666666666697,9.912500000000023,1.0249999999999995,-0.73875,7.3875,3.733333333333334,2.0,-0.7946969786318141,0.6070063526467132,-0.7880089283754738,0.6156638115079833,-3.542308352771905,2.691871164846319,0.0,1.0,0.11428571428571431,0.44202066590126293,25.255999999999997,1,1.0017443333333331,26.949999999999996,0.3777777777777778,17.248,603.1951262436337,5.954166666666667,-0.04583333333333339,70,3,2023,161
2024-03-11,0.0,0.0,0,0.0,-15.3,6.8,-2.779166666666667,5.7,3.9375,-3.342584966573213,-0.31356466530842125,59.208333333333336,250.125,600.0,47.458333333333336,1023.8666666666667,1019.7,-9.904166666666667,-22.3,-0.7458333333333332,-4.8,1.2,266.4921215744413,0.876342551808425,0.0,0.0,0.0,0.0,0.0,0.0,,0.5416666666666666,1,0,3.079999999999993,23.309999999999995,45.14999999999999,124.11,158.62,3.0,725.0600000000001,-2.2916666666666288,15.57083333333344,7.1101190476191505,6.641666666666667,-0.07458333333333332,0.7458333333333332,7.125,7.0,-0.9981263945389665,-0.06118578694961373,-0.9981263945389665,-0.06118578694961373,-1.9790888489585567,-0.1856564122513611,1.0,2.0,0.0,0.5162790697674419,0.0,2,0.0,11.654999999999998,0.5152222222222221,0.0,-0.0,7.875,0.9624999999999999,71,3,2023,162
2024-03-12,21.84,31.2,22,3.5,-0.6,5.2,2.2375,12.7,6.958333333333333,-1.1457466111640866,1.4596473104499752,85.08333333333333,67.04166666666667,304.0,100.0,1010.0625,1003.7,-0.06666666666666671,-6.0,-2.7375000000000003,-5.8,-1.0,254.48773153020704,0.1845455316450463,2.4681818181818183,7.25,12.7,86.81818181818181,-0.9719868659644851,1.7889760453648862,269.15191952561764,0.0,1,22,21.839999999999993,24.919999999999998,55.78999999999999,130.69,177.8,4.0,746.9,-13.804166666666674,-3.8541666666666288,-5.344047619047501,-1.9916666666666671,-0.27375000000000005,2.7375000000000003,2.3041666666666667,5.4,-0.9635732086494202,-0.26744470750617017,-0.9998904554087698,-0.014801256110314633,-0.9748394083321104,1.2419165866411872,0.0,0.0,0.8764044943820225,0.44667503136762865,100.0,0,3.7396889488636353,24.919999999999998,0.4438611111111111,158.34,0.0,0.0,5.016666666666667,72,3,2023,163
2024-03-13,14.0,20.3,18,2.45,-5.7,1.3,-0.9916666666666667,15.4,10.279166666666667,-6.012932142508496,7.962624619699864,85.91666666666667,107.70833333333333,398.0,98.375,1014.0,1004.2,-3.0625,-8.4,-4.683333333333334,-6.3,-2.8,318.4873346877549,0.9568394255439984,-0.32222222222222224,12.011111111111113,15.4,86.44444444444444,-6.5361775739417185,9.897185258378402,326.2142822815571,0.0,1,18,35.83999999999999,35.839999999999996,62.78999999999999,143.5,190.12,5.0,760.9,3.9375,-12.158333333333303,-1.838095238095093,-1.9458333333333333,-0.4683333333333334,4.683333333333334,2.0708333333333333,2.7,-0.66278558973557,0.7488092294028384,-0.556088456362314,0.8311231128422424,-5.166110865771883,6.8412216524254665,0.0,0.0,0.39062500000000006,0.5707915273132664,100.0,1,3.0703593364197537,35.839999999999996,0.3870833333333334,168.15555555555557,146.69633542515444,10.279166666666667,-3.2291666666666665,73,3,2023,164
2024-03-14,0.8400000000000001,1.2000000000000002,11,0.14,-9.6,4.5,-0.7416666666666667,8.7,4.854166666666667,-4.386524109526625,0.3800219441687121,77.66666666666667,154.16666666666666,600.0,83.0,1018.6416666666668,1016.9,-4.216666666666667,-13.6,-1.2333333333333334,-2.4,0.1,270.87185520192423,0.9054304451363319,1.7272727272727273,5.527272727272727,8.7,78.18181818181819,-4.77883897719687,0.8010099552367677,274.13124954865066,0.125,1,6,14.839999999999993,36.68,63.629999999999995,135.38,190.96,5.0,761.74,4.641666666666765,-5.224999999999909,2.221428571428646,3.45,-0.12333333333333334,1.2333333333333334,3.475,4.0,-0.9998842275868774,0.01521615664329922,-0.9974016393354967,0.0720414453690627,-3.406867058399012,0.2951503766376997,0.0,1.0,0.02290076335877863,0.5764576457645765,7.308,2,0.16172429752066117,36.68,0.46166666666666667,4.642909090909091,212.94506482389704,9.708333333333334,0.25,74,3,2023,165
2024-03-15,0.0,0.0,0,0.0,-8.7,7.1,0.44999999999999996,7.6,5.5625,-5.097956052911558,1.4369146960181975,65.875,268.375,600.0,13.208333333333334,1018.9875000000001,1016.6,-5.533333333333334,-12.0,2.2958333333333334,0.0,4.3,282.5571689057705,0.9462932224979209,0.0,0.0,0.0,0.0,0.0,0.0,,0.8333333333333334,0,0,0.839999999999993,14.84,59.989999999999995,119.14,190.96,4.0,761.74,0.345833333333303,8.925000000000068,1.0398809523809405,3.529166666666667,0.22958333333333333,0.0,5.983333333333334,3.3000000000000007,-0.9760795608295546,0.21741364016727174,-0.9760795608295546,0.21741364016727174,-3.3582785498554886,0.9465675560019876,1.0,2.0,0.0,0.2473745624270712,0.0,3,0.0,7.42,0.5562777777777778,0.0,-0.0,16.6875,1.1916666666666667,75,3,2023,166
2024-03-16,0.0,0.0,0,0.0,0.8,10.8,5.825,9.7,5.195833333333334,-3.820629341818367,3.1263503850248147,56.583333333333336,275.0,600.0,31.416666666666668,1020.2125,1018.3,-3.35,-14.4,4.883333333333334,2.5,5.7,308.39153231942765,0.9230217509317677,0.0,0.0,0.0,0.0,0.0,0.0,,0.625,0,0,0.0,0.8400000000000001,39.75999999999999,110.38999999999999,190.96,4.0,761.74,1.224999999999909,6.212499999999977,1.3654761904761017,2.5875000000000004,0.4883333333333334,0.0,9.175,15.200000000000001,-0.78378524751787,0.6210319522966199,-0.78378524751787,0.6210319522966199,-2.1618394359122264,1.768993259526541,2.0,3.0,0.0,0.021126760563380288,0.0,4,0.0,0.28,0.6119444444444445,0.0,-0.0,20.783333333333335,5.375,76,3,2023,167
2024-03-17,5.88,17.6,9,1.4,2.2,7.5,6.029166666666666,9.4,3.5083333333333333,-2.6362137632726177,0.26573990949591747,61.916666666666664,75.875,332.0,86.08333333333333,1011.125,1006.4,-2.408333333333333,-13.4,0.32499999999999996,-7.7,6.2,262.48844306637704,0.8068765504769347,5.077777777777778,5.411111111111111,9.4,89.88888888888889,-4.052231076522212,2.591201472348983,292.25804871361845,0.08333333333333333,0,9,5.879999999999993,5.88,42.55999999999999,103.53,190.12,4.0,767.62,-9.087499999999977,-7.516666666666765,-5.574404761904816,-4.558333333333334,0.032499999999999994,0.0,8.4375,15.600000000000001,-0.9914185132182355,-0.13072617047914867,-0.925487303632953,0.3787786303557875,-1.6322556884262958,0.16453729396288888,0.0,4.0,1.0,0.13815789473684215,55.272,5,0.6746254212962964,5.88,0.4236388888888889,31.817333333333334,0.0,17.541666666666668,0.20416666666666572,77,3,2023,168
2024-03-18,4.62,7.2,23,0.42,-5.8,1.4,-3.779166666666667,15.4,12.170833333333334,-7.677681778096147,9.350523857812796,86.95833333333333,128.20833333333334,462.0,99.29166666666667,1017.6208333333334,1010.8,-5.629166666666666,-7.5,-7.633333333333333,-8.1,-7.2,320.22037032519273,0.9935852409395033,-3.8130434782608695,12.078260869565218,15.4,86.82608695652173,-7.571858074058256,9.317432418110412,320.4485138156046,0.0,0,19,10.499999999999993,10.5,47.17999999999999,92.33,194.74,3.0,772.24,6.495833333333394,-1.3666666666666742,1.8136904761904589,-7.958333333333333,-0.7633333333333333,7.633333333333333,1.8499999999999996,1.7000000000000002,-0.6398365117748802,0.7685110527505468,-0.6367713478743532,0.7710526898508814,-6.6763841128694414,8.13105970468971,0.0,5.0,0.44,0.2225519287833828,71.14800000000001,6,1.3545348197069944,10.5,0.4064444444444444,55.80156521739131,285.2760628218758,73.025,-9.808333333333334,78,3,2023,169
2024-03-19,5.74,8.2,10,0.98,-7.2,4.4,-0.8791666666666668,11.4,6.104166666666667,-5.381760438482314,-0.018306133390985635,70.79166666666667,194.45833333333334,600.0,99.66666666666667,1017.1333333333333,1010.5,-5.870833333333334,-12.6,-3.1374999999999997,-6.8,-0.7,263.9060819399165,0.8638896502994371,1.65,4.14,5.8,80.1,-2.8015706803271883,-1.3657521791009302,247.850195522734,0.0,0,10,10.359999999999992,16.240000000000002,31.07999999999999,86.87,200.48000000000002,2.0,777.98,-0.4875000000000682,-3.0791666666666515,0.3160714285713766,4.495833333333334,-0.31375,3.1374999999999997,4.991666666666667,5.3999999999999995,-0.9943492184492282,-0.10615852188783044,-0.926201247136118,-0.3770295078684158,-3.8098379104089384,-0.012959216929701915,0.0,6.0,0.35344827586206895,0.5225225225225227,65.436,6,1.1362168562500001,16.240000000000002,0.4633888888888889,23.7636,0.0,36.625,2.9,79,3,2023,170
2024-03-20,34.79,49.7,24,3.78,-4.2,2.5,-0.5875,20.0,8.645833333333334,-4.667346259069926,5.077100200024853,84.41666666666667,89.375,418.0,99.41666666666667,1004.3041666666667,997.8,-2.9416666666666664,-6.5,-6.6375,-10.0,0.0,293.94352573326523,0.7022053428224345,-0.5875,8.645833333333334,20.0,84.41666666666667,-4.667346259069926,5.077100200024853,293.94352573326523,0.0,1,24,40.529999999999994,45.150000000000006,51.86999999999999,114.66,235.27,2.0,812.77,-12.829166666666652,-6.820833333333326,-11.12797619047626,-3.5000000000000004,-0.6637500000000001,6.6375,2.3541666666666665,2.3,-0.9139459186208609,0.40583599869438725,-0.9139459186208609,0.40583599869438725,-3.9400181336981954,4.285918752187647,0.0,0.0,0.7705426356589146,0.8704453441295549,100.0,0,8.213291035970052,45.150000000000006,0.3965277777777778,300.7885416666667,0.0,0.0,0.29166666666666674,80,3,2023,171
2024-03-21,7.56,10.8,22,1.68,-6.4,-2.9,-4.633333333333334,13.2,9.395833333333334,-6.206381653555251,6.824213026740334,78.04166666666667,172.08333333333334,600.0,95.45833333333333,1015.0375,1011.5,-7.945833333333333,-10.1,-8.470833333333333,-9.3,-7.5,314.8241915837828,0.9729324033932681,-4.790909090909091,9.427272727272728,13.2,79.22727272727273,-6.178677529303889,6.876070414957327,314.9011887731694,0.0,0,14,42.349999999999994,48.089999999999996,58.58999999999999,122.22,242.83,1.0,820.33,10.733333333333348,-2.5833333333333712,0.12023809523805085,-1.833333333333333,-0.8470833333333333,8.470833333333333,3.312499999999999,3.6999999999999993,-0.7092731606761856,0.7049337440812533,-0.7083251921445783,0.705886267165856,-4.843563682128744,5.3257295829519355,0.0,1.0,0.1572052401746725,0.8207885304659499,99.79199999999999,1,2.4660596993801653,48.089999999999996,0.37486111111111114,71.27018181818181,424.4339550796491,9.395833333333334,-4.045833333333333,81,3,2023,172
2024-03-22,1.05,1.5,7,0.28,-6.3,-0.0,-2.904166666666667,8.5,5.920833333333333,-5.064389130628391,2.164159889403722,64.79166666666667,256.9583333333333,600.0,79.0,1022.0791666666668,1019.6,-8.945833333333333,-13.3,-3.266666666666667,-8.6,1.6,287.6209915822899,0.8722068376073904,-6.114285714285714,6.1571428571428575,7.0,80.57142857142857,-5.870255616880685,1.8226845280146564,287.1438919437539,0.125,1,7,8.609999999999992,43.4,59.639999999999986,119.63,243.88,2.0,821.38,7.0416666666667425,4.945833333333439,6.720238095238187,5.204166666666666,-0.3266666666666667,3.266666666666667,6.041666666666666,7.000000000000001,-0.9530798238926992,0.30271909303620326,-0.9555674821505986,0.2947724326601206,-3.2813021242196454,1.4021952616761615,0.0,2.0,0.024193548387096777,0.7276995305164321,8.925,2,0.39044410714285716,43.4,0.3872777777777778,6.465000000000001,260.4192148038722,11.841666666666667,1.729166666666667,82,3,2023,173
2024-03-23,12.25,19.8,11,2.31,-1.2,6.7,3.516666666666667,6.9,4.3500000000000005,-1.2004918402988818,-1.5694601655073628,72.875,58.958333333333336,197.0,99.79166666666667,1017.975,1014.9,-1.6125,-12.5,2.4541666666666666,-2.9,4.5,213.89428243821385,0.42298078124575467,3.5,3.872727272727273,5.6,85.9090909090909,0.6821477681964537,-1.6080828793836575,149.9456311359472,0.0,0,11,13.299999999999994,20.86,71.88999999999999,111.64999999999999,249.89999999999998,2.0,833.63,-4.1041666666667425,13.670833333333348,2.935714285714198,5.720833333333333,0.24541666666666667,0.0,5.129166666666667,11.3,-0.5576622790458197,-0.8300679385022784,0.5008215598585521,-0.865550556109143,-0.87485842861781,-1.1437440956134908,0.0,0.0,0.587248322147651,0.29016553067185985,84.525,3,1.8942606534090904,20.86,0.43111111111111117,47.440909090909095,0.0,13.05,6.420833333333334,83,3,2023,174
2024-03-24,0.0,0.0,0,0.0,-1.7,13.7,7.133333333333333,6.2,3.154166666666667,-1.169403276659282,0.43157668802154353,61.25,253.5,600.0,79.875,1018.3916666666668,1016.9,-0.5833333333333334,-8.0,5.6125,4.2,6.9,307.2453342485312,0.3372103313930273,0.0,0.0,0.0,0.0,0.0,0.0,,0.125,1,0,12.249999999999993,13.3,66.00999999999999,108.57,246.82,3.0,833.63,0.41666666666674246,3.3541666666667425,2.314285714285802,3.158333333333333,0.56125,0.0,7.716666666666666,6.3,-0.7960512906343076,0.6052291654236875,-0.7960512906343076,0.6052291654236875,-0.7162595069538102,0.2643407214131954,1.0,1.0,0.0,0.20148462354188762,0.0,4,0.0,6.65,0.6776111111111112,0.0,-0.0,12.616666666666667,3.616666666666666,84,3,2023,175
2024-03-25,0.28,10.2,1,0.28,5.8,10.4,8.954166666666667,5.2,2.6333333333333333,1.119620207834947,-0.6342078283474936,72.25,73.70833333333333,253.0,96.16666666666667,1015.4583333333334,1013.7,4.045833333333333,0.6,2.7416666666666667,-0.4,4.8,109.28440124441386,0.19376714063475925,5.8,2.9,2.9,94.0,-7.102951435054649e-16,2.9,360.0,0.041666666666666664,0,1,0.2799999999999929,12.53,61.66999999999999,108.85,247.1,3.0,833.91,-2.933333333333394,-6.620833333333394,-0.3101190476189686,-2.870833333333333,0.27416666666666667,0.0,4.908333333333334,5.2,0.9438908990307333,-0.3302574309942988,-2.4492935982947064e-16,1.0,0.8089256001607492,-0.4582151559810641,0.0,2.0,0.022346368715083803,0.20317820658342794,1.4560000000000002,5,0.02833425000000003,12.53,0.5210833333333333,0.812,0.0,13.166666666666666,1.8208333333333346,85,3,2023,176
2024-03-26,15.19,45.0,20,1.68,-0.2,5.9,4.116666666666666,16.4,7.9875,0.4770357360865381,-0.22766396199168026,93.375,42.375,198.0,99.875,1010.6708333333332,1002.9,3.141666666666667,-1.9,-1.7083333333333333,-4.6,2.2,143.59996106491718,0.3250307728597085,3.97,8.120000000000001,16.4,93.25,-0.17191812081535804,0.9852186365411277,138.50347213556626,0.0,0,14,15.469999999999992,15.469999999999999,71.11999999999999,102.19999999999999,255.77999999999997,3.0,849.1,-4.787500000000136,-7.304166666666788,-4.1744047619049525,-4.45,-0.17083333333333334,1.7083333333333333,0.9749999999999992,1.7,0.5934194335654337,-0.8048933941006596,0.6625746601343143,-0.7489958743196773,0.44543211857080495,-0.21258122450973144,0.0,0.0,0.9819004524886878,0.21751968503937008,100.0,6,2.0574684112500004,15.469999999999999,0.4706111111111111,123.34280000000001,0.0,47.925,-4.837500000000001,86,3,2023,177
2024-03-27,0.77,1.1,4,0.28,-7.4,4.6,-0.5375000000000001,11.1,7.108333333333333,-5.64602971210619,3.767458209160374,67.70833333333333,282.75,600.0,45.375,1023.0708333333333,1017.9,-6.0625,-20.1,-1.5708333333333335,-4.6,-0.4,301.337028942148,0.954628779749587,-0.7250000000000001,9.925,11.1,87.75,-6.11041518868183,7.653616973474657,320.77545730437794,0.4166666666666667,1,4,15.959999999999992,16.24,37.099999999999994,88.96999999999998,248.92,3.0,849.87,12.400000000000091,4.679166666666561,5.54464285714289,0.13749999999999973,-0.15708333333333335,1.5708333333333335,5.525,12.700000000000001,-0.8541228984818326,0.5200712204006227,-0.6323611927982045,0.7746736873308865,-3.8228326175718994,2.5508831624523363,0.0,1.0,0.04741379310344828,0.4377358490566038,8.547,1,0.18084277148437503,16.24,0.5164166666666666,7.642250000000001,560.6916977134488,7.108333333333333,-4.654166666666667,87,3,2023,178
2024-03-28,4.62,7.9,5,1.4,-6.3,10.0,3.3874999999999997,13.4,7.120833333333334,0.8467846952462921,-5.279859144263085,58.208333333333336,218.625,600.0,91.0,1020.7083333333334,1016.0,-5.883333333333333,-21.8,3.158333333333333,-0.2,6.0,181.43637207061744,0.6639294001652526,4.54,11.32,13.4,98.6,4.482668392200583,-10.368714401969552,156.39787487482835,0.08333333333333333,0,5,5.3899999999999935,20.58,34.16,92.75,238.28,3.0,854.49,-2.3624999999999545,5.25,2.3720238095239665,4.729166666666667,0.3158333333333333,0.0,9.270833333333332,15.5,-0.0250667960771642,-0.9996857784996372,0.4003830205703395,-0.9163478798136497,0.49289925802461254,-3.0733180102231374,0.0,2.0,0.22448979591836737,0.6024590163934427,61.908,2,0.5413958550000003,20.58,0.5619999999999999,52.2984,0.0,14.241666666666667,3.925,88,3,2023,179
2024-03-29,3.64,34.6,5,1.05,3.8,10.2,6.779166666666666,15.8,7.45,0.9670851078680802,-3.7509099471421847,86.25,149.79166666666666,600.0,63.958333333333336,1007.1083333333332,1004.1,4.3999999999999995,0.5,8.0875,5.6,9.9,230.6235610110252,0.3675474416277404,4.36,14.780000000000001,15.8,100.0,9.311962972219874,-11.44877617908256,140.79959011068837,0.25,0,5,8.259999999999994,9.030000000000001,36.749999999999986,96.39,240.73,2.0,858.13,-13.600000000000136,-3.5625,-9.08928571428578,4.929166666666667,0.8087500000000001,0.0,2.3791666666666664,3.3,-0.7729945202710206,-0.6344126981949327,0.6320348465380484,-0.7749399671985087,0.8341109055362191,-3.2351598294101342,0.0,3.0,0.4031007751937984,0.24571428571428583,57.51200000000001,3,0.41841891000000003,9.030000000000001,0.6140277777777777,53.799200000000006,0.0,22.35,3.391666666666666,89,3,2023,180
2024-03-30,0.0,0.4,0,0.0,6.7,10.2,8.454166666666667,8.1,4.816666666666667,-3.143849925716492,-1.760103905929182,69.79166666666667,215.33333333333334,600.0,86.83333333333333,1010.6875,1007.2,3.1291666666666664,0.2,7.270833333333333,5.7,8.8,245.62410142807175,0.759887090218046,0.0,0.0,0.0,0.0,0.0,0.0,,0.0,0,0,3.639999999999993,8.260000000000002,24.499999999999993,96.39,231.76999999999998,2.0,858.13,3.579166666666765,-12.383333333333326,-4.469047619047501,-0.8166666666666673,0.7270833333333333,0.0,5.325000000000001,6.5,-0.9108573523088332,-0.4127213148662692,-0.9108573523088332,-0.4127213148662692,-2.1941452606563017,-1.228405851013075,1.0,4.0,0.0,0.3371428571428573,0.0,4,0.0,4.130000000000001,0.6028611111111112,0.0,-0.0,19.26666666666667,1.6750000000000016,90,3,2023,181
2024-03-31,0.07,9.4,1,0.07,4.5,8.2,6.979166666666667,5.2,3.8000000000000003,-3.3754142112642267,1.0523136787460456,87.95833333333333,128.75,467.0,99.83333333333333,1010.1916666666666,1008.1,5.108333333333333,3.1,5.9624999999999995,3.1,8.2,284.66109958590937,0.9251928262223859,4.8,1.1,1.1,93.0,-1.1,-2.0206672185931328e-16,270.0,0.0,0,1,0.0699999999999929,3.71,24.569999999999993,90.57999999999998,215.59999999999997,1.0,858.2,-0.49583333333339397,-10.516666666666765,-3.7934523809524308,-1.3083333333333336,0.59625,0.0,1.8708333333333336,1.4,-0.9674398163234219,0.25310116908482216,-1.0,-1.8369701987210297e-16,-2.9689580833244924,0.9255975732637093,0.0,5.0,0.01886792452830189,0.15099715099715103,0.36400000000000005,5,0.008974875000000009,3.71,0.5612499999999999,0.07700000000000001,0.0,19.0,-1.4750000000000005,91,3,2023,182
2024-04-01,1.54,2.4,10,0.56,1.5,7.4,4.320833333333334,7.1,5.141666666666667,-2.952508636911217,3.7229754677489884,86.0,169.75,600.0,94.375,1010.6541666666667,1007.3,2.0708333333333333,0.1,1.125,-0.4,2.8,323.534071355603,0.9099555646226635,4.17,5.14,6.5,83.5,-1.4380002756369834,4.60672028534251,346.55341497380573,0.0,0,10,1.609999999999993,1.61,25.82999999999999,87.5,208.39,1.0,859.74,0.46250000000009095,3.545833333333462,-2.6446428571429124,-4.8374999999999995,0.1125,0.0,2.2500000000000004,1.4,-0.594344662230518,0.8042104342012055,-0.23253875399410764,0.9725871312591319,-2.5391574277436466,3.20175890226413,0.0,6.0,0.9565217391304347,0.06233062330623309,10.934,6,0.2100337662499999,1.61,0.5642777777777778,7.9155999999999995,0.0,30.85,-2.658333333333333,92,4,2023,183
2024-04-02,0.0,0.0,0,0.0,-5.2,10.4,3.8625000000000003,9.4,5.466666666666666,-4.888608981065658,2.034645564940499,66.70833333333333,108.83333333333333,383.0,84.25,1017.9041666666667,1016.1,-2.016666666666667,-10.4,7.9624999999999995,2.8,10.3,293.0043772461542,0.9631607481685099,0.0,0.0,0.0,0.0,0.0,0.0,,0.125,1,0,1.539999999999993,1.61,10.639999999999993,81.75999999999999,195.65,2.0,859.74,7.25,7.216666666666697,3.5720238095238983,6.8374999999999995,0.7962499999999999,0.0,5.879166666666667,5.2,-0.9204749999404469,0.39080145148736883,-0.9204749999404469,0.39080145148736883,-3.261109574452549,1.3572781456123912,1.0,7.0,0.0,0.15131578947368432,0.0,5,0.0,0.805,0.5260277777777778,0.0,-0.0,27.33333333333333,-0.4583333333333335,93,4,2023,184
2024-04-03,0.0,31.3,0,0.0,6.1,12.0,8.75,7.6,4.3125,-0.6240684689501413,-3.28458152530189,67.70833333333333,88.54166666666667,368.0,99.75,1012.5583333333334,1004.5,1.7375,-5.8,5.916666666666667,4.8,9.1,200.28258764852495,0.7563569883046466,0.0,0.0,0.0,0.0,0.0,0.0,,0.0,0,0,0.0,1.54,9.869999999999994,46.97,179.83,1.0,859.74,-5.345833333333303,2.366666666666788,-0.2720238095237164,-2.0458333333333325,0.5916666666666667,0.0,7.0125,11.899999999999999,-0.3466506084235721,-0.9379943260380456,-0.3466506084235721,-0.9379943260380456,-0.42254635918499145,-2.223935407756488,2.0,8.0,0.0,0.15602836879432633,0.0,6,0.0,0.5133333333333333,0.5513888888888889,0.0,-0.0,25.875,4.887499999999999,94,4,2023,185
2024-04-04,0.0,9.4,0,0.0,5.4,10.2,7.9750000000000005,7.2,5.320833333333334,-3.110131789610774,4.120743754786546,89.25,147.41666666666666,550.0,100.0,1010.2291666666666,1003.3,6.304166666666667,3.6,2.2666666666666666,-0.4,4.8,319.8454800709686,0.9332939204557766,0.0,0.0,0.0,0.0,0.0,0.0,,0.0,0,0,0.0,0.0,5.249999999999993,39.41,168.63,1.0,859.74,-2.329166666666765,-0.4250000000000682,-1.1041666666666288,-3.6500000000000004,0.22666666666666666,0.0,1.6708333333333334,1.8000000000000003,-0.644851200735215,0.7643081374094819,-0.644851200735215,0.7643081374094819,-2.775792622227616,3.6777638011469924,3.0,9.0,,0.0,0.0,6,0.0,0.0,0.6224444444444445,0.0,-0.0,31.925000000000004,-0.7749999999999995,95,4,2023,186
2024-04-05,0.0,0.1,0,0.0,0.9,13.3,7.0625,5.9,3.2708333333333335,-0.6941174107389867,0.4163366247098806,78.20833333333333,274.625,600.0,94.875,1018.0916666666667,1015.0,3.2125,-1.4,3.6666666666666665,0.0,5.3,331.79964749945873,0.27560871233446765,0.0,0.0,0.0,0.0,0.0,0.0,,0.0,0,0,0.0,0.0,1.609999999999993,38.36,161.63,1.0,859.74,7.862500000000068,0.1875,5.189285714285802,1.4,0.36666666666666664,0.0,3.85,2.3,-0.47255618689898593,0.8813005447765766,-0.47255618689898593,0.8813005447765766,-0.5428576583154492,0.32560993524185244,4.0,10.0,,0.0,0.0,4,0.0,0.0,0.7393333333333333,0.0,-0.0,13.083333333333334,-0.9125000000000005,96,4,2023,187
2024-04-06,0.0,0.1,0,0.0,5.2,14.9,8.424999999999999,5.8,3.9166666666666665,-0.8668390038672816,-1.970236522103531,84.41666666666667,270.0,600.0,92.875,1019.0916666666667,1016.5,5.758333333333333,4.5,7.0249999999999995,4.3,8.7,220.55403874688258,0.5096885294510871,0.0,0.0,0.0,0.0,0.0,0.0,,0.0,0,0,0.0,0.0,1.609999999999993,26.11,161.63,1.0,859.74,1.0,6.533333333333303,4.988690476190413,3.358333333333333,0.7024999999999999,0.0,2.666666666666666,0.7000000000000002,-0.6501649393402428,-0.759793097923835,-0.6501649393402428,-0.759793097923835,-0.731756592431297,-1.663207997409064,5.0,11.0,,0.0,0.0,5,0.0,0.0,0.7925000000000001,0.0,-0.0,19.583333333333332,1.362499999999999,97,4,2023,188
2024-04-07,0.0,0.0,0,0.0,2.4,16.6,8.933333333333334,7.3,4.416666666666667,-3.011393887195524,-0.21050024348550855,74.75,287.25,600.0,58.375,1018.2541666666666,1016.4,4.308333333333334,-1.6,8.945833333333333,7.0,11.2,270.69199260053307,0.7206271815578535,0.0,0.0,0.0,0.0,0.0,0.0,,0.25,0,0,0.0,0.0,1.539999999999993,26.11,157.99,1.0,859.74,-0.837500000000091,8.024999999999977,2.999404761904657,1.9208333333333334,0.8945833333333333,0.0,4.625,4.0,-0.9999270672882571,0.012077255661172527,-0.9999270672882571,0.012077255661172527,-2.251016930678654,-0.15734893200541764,6.0,12.0,,0.0,0.0,6,0.0,0.0,0.774,0.0,-0.0,26.5,0.5083333333333346,98,4,2023,189
2024-04-08,0.0,9.5,0,0.0,3.6,14.8,9.008333333333333,8.4,5.3625,-0.43967953792120623,-4.079504863234144,89.79166666666667,167.54166666666666,600.0,89.875,1018.0083333333333,1014.6,7.366666666666667,2.2,9.245833333333334,4.3,11.8,199.34986717517796,0.7347708246763174,0.0,0.0,0.0,0.0,0.0,0.0,,0.0,0,0,0.0,0.0,0.0,25.83,137.76,1.0,859.74,-0.24583333333328028,-0.08333333333337123,1.7029761904761926,0.3000000000000007,0.9245833333333333,0.0,1.6416666666666657,1.4,-0.3313357011830302,-0.9435129321432483,-0.3313357011830302,-0.9435129321432483,-0.3947955850917498,-3.663055408445658,7.0,13.0,,,0.0,6,0.0,0.0,0.7398888888888889,0.0,-0.0,32.175,0.07499999999999929,99,4,2023,190
2024-04-09,12.39,59.9,11,3.57,0.4,11.4,5.108333333333333,15.0,10.341666666666667,-3.0816236337288494,6.627759894210949,95.0,56.958333333333336,249.0,100.0,1015.0291666666667,1006.9,4.366666666666666,-0.3,-1.3166666666666667,-2.9,1.6,339.6451433545413,0.5364421390774958,3.963636363636364,13.163636363636364,15.0,92.45454545454545,-6.251305199249985,11.55448090132911,331.3612149648062,0.0,0,11,12.389999999999993,12.39,12.389999999999993,23.03,147.07,0.0,872.13,-2.9791666666666288,-4.0625,-0.8654761904761017,-10.5625,-0.13166666666666665,1.3166666666666667,0.7416666666666671,0.7,-0.3478334545629203,0.9375563385134916,-0.4792860782192013,0.8776587350589394,-2.927542452042407,6.296371899500401,0.0,0.0,1.0,1.0000000000000007,100.0,0,1.5621025289256207,12.39,0.6079722222222222,163.09745454545455,0.0,0.0,-3.8999999999999995,100,4,2023,191
2024-04-10,0.0,0.0,0,0.0,-6.9,12.6,4.279166666666667,6.5,4.070833333333334,1.0917943687379053,-1.3221529737704474,54.416666666666664,327.4166666666667,600.0,41.208333333333336,1025.8416666666667,1023.6,-4.779166666666667,-17.0,3.5041666666666664,0.4,5.1,153.22724933904303,0.2714278747860129,0.0,0.0,0.0,0.0,0.0,0.0,,0.4583333333333333,0,0,12.389999999999993,12.39,12.389999999999993,22.26,147.07,0.0,872.13,10.8125,7.587500000000091,8.049404761904725,4.820833333333333,0.35041666666666665,0.0,9.058333333333334,10.1,0.4504529842131477,-0.8928001506571723,0.4504529842131477,-0.8928001506571723,0.5941181023215435,-0.7194715765600851,1.0,1.0,0.0,1.0000000000000007,0.0,1,0.0,6.195,0.6796666666666665,0.0,-0.0,4.070833333333334,-0.8291666666666666,101,4,2023,192
2024-04-11,0.0,0.0,0,0.0,4.4,11.2,7.125,7.1,4.995833333333333,0.7385886335222511,-4.153527783039466,68.91666666666667,269.375,600.0,86.58333333333333,1026.4416666666666,1023.1,1.5125,-6.1,5.2749999999999995,3.9,7.4,175.95298427582642,0.8153029726895415,0.0,0.0,0.0,0.0,0.0,0.0,,0.08333333333333333,0,0,0.0,12.39,12.389999999999993,17.64,125.22999999999999,0.0,872.13,0.599999999999909,8.43333333333328,6.3333333333332575,1.770833333333333,0.5275,0.0,5.6125,10.5,0.0705750304643747,-0.9975064737007738,0.0705750304643747,-0.9975064737007738,0.5090106666024181,-2.8624728971446984,2.0,2.0,0.0,1.0000000000000007,0.0,2,0.0,4.13,0.6581944444444444,0.0,-0.0,9.991666666666665,2.845833333333333,102,4,2023,193
2024-04-12,0.0,0.0,0,0.0,3.3,15.5,9.049999999999999,6.4,4.1375,-1.7665885608839957,-0.8849863813301425,78.5,309.1666666666667,600.0,34.083333333333336,1020.7458333333334,1017.6,5.154166666666667,2.5,7.454166666666667,4.5,9.5,252.63244756501715,0.5259070476871451,0.0,0.0,0.0,0.0,0.0,0.0,,0.5833333333333334,0,0,0.0,0.0,12.389999999999993,14.0,111.22999999999999,0.0,872.13,-5.695833333333212,5.716666666666697,0.25833333333332575,2.179166666666667,0.7454166666666666,0.0,3.895833333333332,0.7999999999999998,-0.9544095273253852,-0.29850034196049907,-0.9544095273253852,-0.29850034196049907,-1.3867720202939366,-0.6947143093441619,3.0,3.0,,0.0,0.0,3,0.0,0.0,0.8011111111111111,0.0,-0.0,12.412500000000001,1.924999999999999,103,4,2023,194
2024-04-13,0.0,0.0,0,0.0,0.3,17.4,9.975,5.4,3.8208333333333333,-2.5371138999255436,1.0533135702348748,68.66666666666667,315.4583333333333,600.0,37.083333333333336,1018.5333333333333,1017.1,3.65,-1.6,10.204166666666667,8.0,12.2,289.87316878374554,0.6915883362711026,0.0,0.0,0.0,0.0,0.0,0.0,,0.4583333333333333,0,0,0.0,0.0,12.389999999999993,14.0,110.38999999999999,0.0,872.13,-2.212500000000091,-7.308333333333394,-1.8744047619046569,2.750000000000001,1.0,0.0,6.324999999999999,1.9000000000000001,-0.9404474212859136,0.3399391824969215,-0.9404474212859136,0.3399391824969215,-1.74215154461554,0.7232753182279474,4.0,4.0,,0.0,0.0,4,0.0,0.0,0.7725277777777778,0.0,-0.0,15.283333333333333,0.9250000000000007,104,4,2023,195
2024-04-14,0.0,0.0,0,0.0,2.1,19.3,11.354166666666666,4.7,2.9166666666666665,-1.619902754708656,0.0896136373443111,70.91666666666667,313.2083333333333,600.0,16.375,1021.9041666666667,1020.3,5.583333333333333,0.2,12.091666666666667,11.0,13.9,280.5475725381068,0.5660206715523513,0.0,0.0,0.0,0.0,0.0,0.0,,0.7916666666666666,0,0,0.0,0.0,12.389999999999993,13.93,110.38999999999999,0.0,872.13,3.370833333333394,-4.537499999999909,0.9750000000000227,1.8874999999999993,1.0,0.0,5.770833333333333,1.9000000000000001,-0.98310325896915,0.183051856598715,-0.98310325896915,0.183051856598715,-1.1487810368808886,0.06355100448334063,5.0,5.0,,0.0,0.0,5,0.0,0.0,0.7785277777777777,0.0,-0.0,14.583333333333332,1.3791666666666664,105,4,2023,196
2024-04-15,0.0,0.0,0,0.0,4.7,17.7,10.891666666666666,9.0,6.154166666666666,-0.017250680578165423,-4.821021775045812,76.875,312.4583333333333,600.0,56.166666666666664,1021.1291666666666,1018.4,6.854166666666667,2.2,12.104166666666666,8.9,15.8,192.45944653887872,0.7088313462113683,0.0,0.0,0.0,0.0,0.0,0.0,,0.4166666666666667,0,0,0.0,0.0,12.389999999999993,12.39,110.38999999999999,0.0,872.13,-0.775000000000091,0.38333333333321207,-0.24583333333339397,0.01249999999999929,1.0,0.0,4.037499999999999,2.5,-0.21574854584419173,-0.9764489566619019,-0.21574854584419173,-0.9764489566619019,-0.013261460694464669,-3.706160489566468,6.0,6.0,,0.0,0.0,6,0.0,0.0,0.7978888888888888,0.0,-0.0,36.925,-0.46250000000000036,106,4,2023,197
2024-04-16,0.0,4.2,0,0.0,7.2,17.0,10.7125,9.0,5.545833333333333,0.03109688004284139,-4.741501935200757,82.41666666666667,206.875,600.0,82.16666666666667,1015.2791666666667,1011.8,7.679166666666667,5.9,9.704166666666667,7.1,12.7,179.69111489994677,0.8074704675525236,0.0,0.0,0.0,0.0,0.0,0.0,,0.08333333333333333,0,0,0.0,0.0,0.0,12.39,104.50999999999999,0.0,872.13,-5.849999999999909,-3.254166666666606,-6.1315476190476375,-2.3999999999999986,0.9704166666666667,0.0,3.033333333333333,1.2999999999999998,0.005391035892419363,-0.9999854682604176,0.005391035892419363,-0.9999854682604176,0.025629011968641778,-3.9077878449279577,7.0,7.0,,,0.0,6,0.0,0.0,0.7459722222222224,0.0,-0.0,33.275,-0.17916666666666536,107,4,2023,198
2024-04-17,0.8400000000000001,15.599999999999998,2,0.77,1.3,10.7,7.341666666666666,7.9,5.133333333333334,-4.29530519990714,1.254584487294191,86.91666666666667,237.54166666666666,600.0,74.25,1011.6041666666666,1010.6,5.233333333333333,0.9,7.008333333333333,6.0,8.8,282.13052306573195,0.881998537366495,5.9,3.55,4.2,92.0,-3.4125464235303244,0.5415317530464416,276.5,0.08333333333333333,0,1,0.839999999999993,0.8400000000000001,0.839999999999993,13.23,100.72999999999999,0.0,872.97,-3.675000000000068,-10.300000000000068,-7.7726190476190595,-2.6958333333333346,0.7008333333333333,0.0,2.1083333333333325,0.4,-0.9776714283401882,0.21013942563749488,-0.9935718556765876,0.11320321376790658,-3.733336102919289,1.090443016873201,0.0,8.0,1.0,1.0000000000000084,6.636000000000001,0,0.08227931250000003,0.8400000000000001,0.685861111111111,2.982,0.0,0.0,-3.3708333333333345,108,4,2023,199
2024-04-18,0.0,0.30000000000000004,0,0.0,0.6,14.4,6.820833333333333,8.9,4.691666666666666,-2.0545995352197823,2.237403388459511,81.54166666666667,213.20833333333334,600.0,99.83333333333333,1007.7166666666667,1004.4,3.6625,-2.3,5.4375,2.9,9.5,308.3702159232817,0.5783351606411985,0.0,0.0,0.0,0.0,0.0,0.0,,0.0,0,0,0.839999999999993,0.8400000000000001,0.839999999999993,13.23,94.99,0.0,872.97,-3.887499999999932,-13.412499999999909,-8.985119047619037,-1.5708333333333329,0.54375,0.0,3.1583333333333328,2.9,-0.784016242802093,0.620740308842989,-0.784016242802093,0.620740308842989,-1.6753547043437975,1.8244160130063596,1.0,9.0,0.0,1.0000000000000084,0.0,1,0.0,0.42000000000000004,0.7339444444444445,0.0,-0.0,4.691666666666666,-0.520833333333333,109,4,2023,200
2024-04-19,0.0,0.0,0,0.0,4.3,10.5,6.933333333333334,13.0,9.0875,-6.377833809547148,6.396467819479761,81.95833333333333,242.25,600.0,51.416666666666664,1010.4916666666667,1007.9,3.9499999999999997,0.8,7.420833333333333,4.3,8.8,314.43623306609345,0.9926010227192884,0.0,0.0,0.0,0.0,0.0,0.0,,0.4166666666666667,0,0,0.0,0.8400000000000001,0.839999999999993,13.23,60.2,0.0,872.97,2.7749999999999773,-4.787500000000023,-4.745238095238051,1.9833333333333334,0.7420833333333333,0.0,2.983333333333334,3.5,-0.7140300792868957,0.7001150233165616,-0.7140300792868957,0.7001150233165616,-5.227166293074683,5.2424384170486205,2.0,10.0,0.0,1.0000000000000084,0.0,2,0.0,0.28,0.6680277777777777,0.0,-0.0,18.175,0.11250000000000071,110,4,2023,201
2024-04-20,0.0,0.6000000000000001,0,0.0,4.2,19.6,11.354166666666666,7.4,5.579166666666667,-3.4288865013736145,4.158781242713119,69.79166666666667,289.5,600.0,60.958333333333336,1013.8583333333332,1012.3,5.4875,-0.2,10.183333333333334,8.7,11.5,320.2558667973162,0.9581363705870521,0.0,0.0,0.0,0.0,0.0,0.0,,0.3333333333333333,0,0,0.0,0.0,0.839999999999993,13.23,52.64,0.0,872.97,3.3666666666665606,2.254166666666606,-0.7107142857144026,2.7625,1.0,0.0,5.866666666666666,4.4,-0.6393602731231959,0.7689073033544631,-0.6393602731231959,0.7689073033544631,-2.3930770374170023,2.902482742310198,3.0,11.0,,0.0,0.0,3,0.0,0.0,0.7589722222222223,0.0,-0.0,16.7375,4.4208333333333325,111,4,2023,202
2024-04-21,0.0,2.8,0,0.0,9.7,14.3,11.9125,4.2,2.3625000000000003,-0.7481770174754324,0.4446537161130477,83.375,73.91666666666667,241.0,100.0,1014.5375,1013.8,9.104166666666666,5.8,9.075000000000001,8.0,10.0,285.58787613024094,0.4344067617928876,0.0,0.0,0.0,0.0,0.0,0.0,,0.0,0,0,0.0,0.0,0.839999999999993,13.23,51.59,0.0,872.97,0.6791666666667879,6.820833333333326,1.0208333333333712,-1.1083333333333325,0.9075000000000001,0.0,2.8083333333333336,3.8999999999999995,-0.963219449057082,0.26871600800505235,-0.963219449057082,0.26871600800505235,-0.6237925883201418,0.3707300358092535,4.0,12.0,,0.0,0.0,4,0.0,0.0,0.6449722222222222,0.0,-0.0,9.450000000000001,0.5583333333333336,112,4,2023,203
2024-04-22,0.0,2.5,0,0.0,10.2,18.3,13.766666666666667,10.0,4.7625,0.7572628787164414,-3.469206352963335,91.79166666666667,188.79166666666666,600.0,99.83333333333333,1012.4166666666666,1010.5,12.362499999999999,10.2,9.920833333333333,8.4,11.6,178.46945108728266,0.5968056907890511,0.0,0.0,0.0,0.0,0.0,0.0,,0.0,0,0,0.0,0.0,0.839999999999993,13.23,39.34,0.0,872.97,-2.120833333333394,1.9249999999999545,0.14464285714291236,0.8458333333333314,0.9920833333333332,0.0,1.4041666666666686,0.0,0.02670994096448624,-0.9996432258829515,0.02670994096448624,-0.9996432258829515,0.6951042174218002,-3.184442331490928,5.0,13.0,,0.0,0.0,5,0.0,0.0,0.7651666666666667,0.0,-0.0,23.8125,1.8541666666666679,113,4,2023,204
2024-04-23,0.0,3.3000000000000003,0,0.0,8.9,18.1,13.416666666666666,10.2,5.733333333333333,2.252742378705451,-4.4078728836210885,93.58333333333333,151.125,600.0,99.04166666666667,1014.9208333333332,1013.7,12.304166666666667,8.9,8.983333333333333,7.1,11.1,169.70886566339564,0.6164165080946981,0.0,0.0,0.0,0.0,0.0,0.0,,0.0,0,0,0.0,0.0,0.839999999999993,0.8400000000000001,39.34,0.0,872.97,2.504166666666606,1.0625,2.699999999999818,-0.9375,0.8983333333333332,0.0,1.112499999999999,0.0,0.1786499715087291,-0.9839126931186173,0.1786499715087291,-0.9839126931186173,2.1081914094051846,-4.125034373588735,6.0,14.0,,0.0,0.0,6,0.0,0.0,0.7460277777777776,0.0,-0.0,34.4,-0.3500000000000014,114,4,2023,205
2024-04-24,0.0,14.7,0,0.0,9.9,11.6,10.5875,15.0,10.424999999999999,3.0125428743378584,-9.627741429685564,99.33333333333333,70.58333333333333,253.0,100.0,1012.2624999999999,1008.5,10.483333333333333,9.9,7.3125,6.8,8.0,166.0231498316312,0.9506468539732028,0.0,0.0,0.0,0.0,0.0,0.0,,0.0,0,0,0.0,0.0,0.0,0.8400000000000001,39.06,0.0,872.97,-2.658333333333303,-2.275000000000091,-0.052380952380985946,-1.6708333333333325,0.73125,0.0,0.10416666666666785,0.0,0.241529836818361,-0.9703933933856392,0.241529836818361,-0.9703933933856392,2.9924592551756057,-9.563556486820993,7.0,15.0,,,0.0,6,0.0,0.0,0.6359444444444444,0.0,-0.0,62.55,-2.8291666666666657,115,4,2023,206
2024-04-25,0.0,1.1,0,0.0,6.7,17.2,12.229166666666666,8.7,5.179166666666666,-5.040349337243365,0.9023481198262457,82.83333333333333,244.58333333333334,600.0,51.416666666666664,1008.5749999999999,1006.3,9.108333333333333,4.7,10.6,8.3,12.2,280.98588007351606,0.9853310682588385,0.0,0.0,0.0,0.0,0.0,0.0,,0.3333333333333333,0,0,0.0,0.0,0.0,0.8400000000000001,23.87,0.0,872.97,-3.6875,-3.841666666666697,-3.8624999999999545,3.2874999999999996,1.0,0.0,3.1208333333333336,2.0,-0.9816741764565216,0.19056707815992308,-0.9816741764565216,0.19056707815992308,-4.1750893676832534,0.7474450259227402,8.0,16.0,,,0.0,6,0.0,0.0,0.7725,0.0,-0.0,31.074999999999996,1.6416666666666657,116,4,2023,207
2024-04-26,0.0,0.0,0,0.0,4.8,23.3,14.929166666666667,7.3,5.175,0.11301800587246186,-2.954255431551052,61.958333333333336,302.625,600.0,73.83333333333333,1013.7458333333334,1011.9,6.825,-4.1,13.920833333333334,11.6,17.3,180.40071253557198,0.507072368598213,0.0,0.0,0.0,0.0,0.0,0.0,,0.20833333333333334,0,0,0.0,0.0,0.0,0.8400000000000001,23.1,0.0,872.97,5.170833333333462,-1.1749999999998408,0.843452380952499,3.3208333333333346,1.0,0.0,8.104166666666668,8.899999999999999,-0.006993696086131306,-0.9999755438084748,-0.006993696086131306,-0.9999755438084748,0.07002407280514616,-1.830407427798506,9.0,17.0,,,0.0,6,0.0,0.0,0.7416111111111111,0.0,-0.0,31.049999999999997,2.700000000000001,117,4,2023,208
2024-04-27,0.0,0.1,0,0.0,10.1,21.6,15.225,6.6,3.7624999999999997,0.25624130670069395,0.5570013360043938,78.5,207.08333333333334,600.0,85.58333333333333,1013.0208333333334,1011.3,11.204166666666666,7.7,11.924999999999999,11.1,13.2,311.146878046069,0.21573521017887165,0.0,0.0,0.0,0.0,0.0,0.0,,0.08333333333333333,0,0,0.0,0.0,0.0,0.8400000000000001,18.48,0.0,872.97,-0.7250000000000227,0.7583333333334394,0.23809523809518396,-1.9958333333333353,1.0,0.0,4.020833333333334,2.3999999999999995,-0.753025291325352,0.657991573368815,-0.753025291325352,0.657991573368815,0.20114942576004474,0.43724604876344914,10.0,18.0,,,0.0,6,0.0,0.0,0.7330555555555556,0.0,-0.0,22.575,0.2958333333333325,118,4,2023,209
2024-04-28,0.0,0.0,0,0.0,7.4,24.6,16.037499999999998,7.3,4.408333333333333,-2.148295358126286,2.8484648566067663,66.25,323.125,600.0,41.583333333333336,1015.5124999999999,1014.0,8.866666666666667,4.3,15.025,13.2,16.8,318.1227873179489,0.80270885516544,0.0,0.0,0.0,0.0,0.0,0.0,,0.5416666666666666,0,0,0.0,0.0,0.0,0.8400000000000001,14.84,0.0,872.97,2.4916666666665606,6.9375,2.5904761904761244,3.1000000000000014,1.0,0.0,7.170833333333331,3.1000000000000005,-0.6675364797429534,0.7445770935318824,-0.6675364797429534,0.7445770935318824,-1.4232456747586644,1.8871079675019826,11.0,19.0,,,0.0,6,0.0,0.0,0.7695833333333333,0.0,-0.0,26.45,0.8124999999999982,119,4,2023,210
2024-04-29,0.0,1.9000000000000001,0,0.0,11.1,22.8,16.666666666666668,9.0,4.0625,0.2992890731745281,-1.9048991351284503,73.58333333333333,221.08333333333334,600.0,99.625,1012.65,1009.0,11.5875,6.5,13.141666666666666,9.8,16.4,192.71032899308213,0.3684296012757454,0.0,0.0,0.0,0.0,0.0,0.0,,0.0,0,0,0.0,0.0,0.0,0.8400000000000001,14.84,0.0,872.97,-2.8624999999999545,-1.0958333333334167,-0.3053571428571331,-1.8833333333333346,1.0,0.0,5.0791666666666675,4.6,-0.22002206520862125,-0.9754948953333037,-0.22002206520862125,-0.9754948953333037,0.2202268763442569,-1.4016882802653512,12.0,20.0,,,0.0,6,0.0,0.0,0.726,0.0,-0.0,24.375,0.62916666666667,120,4,2023,211
2024-04-30,0.0,11.2,0,0.0,12.3,17.8,14.979166666666666,7.9,4.229166666666667,0.1678989634929167,-0.8102067526727071,97.95833333333333,79.25,249.0,100.0,1005.2125,1002.7,14.645833333333334,12.3,9.933333333333334,6.8,12.7,273.6021107783875,0.08463242319819934,0.0,0.0,0.0,0.0,0.0,0.0,,0.0,0,0,0.0,0.0,0.0,0.8400000000000001,14.77,0.0,872.97,-7.4375,-7.808333333333394,-6.355952380952317,-3.208333333333332,0.9933333333333334,0.0,0.33333333333333215,0.0,-0.998024414546228,0.06282728682394839,-0.998024414546228,0.06282728682394839,0.164471026321603,-0.793665031472306,13.0,21.0,,,0.0,6,0.0,0.0,0.7126944444444444,0.0,-0.0,25.375,-1.6875000000000018,121,4,2023,212
2024-05-01,0.0,2.8,0,0.0,8.7,15.0,12.220833333333333,7.4,5.3500000000000005,1.34005588882658,4.544921315897046,93.20833333333333,82.83333333333333,302.0,100.0,1007.7375000000001,1005.4,11.154166666666667,8.2,3.7458333333333336,1.6,6.4,16.707610980481846,0.8706267709178174,0.0,0.0,0.0,0.0,0.0,0.0,,0.0,0,0,0.0,0.0,0.0,0.0,13.23,0.0,872.97,2.525000000000091,-7.774999999999864,-3.184523809523739,-6.1875,0.3745833333333334,0.0,1.0666666666666664,0.5,0.28748775126345005,0.9577843143805836,0.28748775126345005,0.9577843143805836,1.2490437597104416,4.2362454098590385,14.0,22.0,,,0.0,6,0.0,0.0,0.69925,0.0,-0.0,32.1,-2.758333333333333,122,5,2023,213
2024-05-02,0.0,0.0,0,0.0,6.7,17.7,11.862499999999999,7.3,4.929166666666666,3.396711461237352,-0.6029905189716279,71.79166666666667,329.1666666666667,600.0,29.0,1015.7208333333333,1012.5,6.316666666666666,3.8,7.033333333333334,3.6,9.8,95.719061066944,0.6981053932177369,0.0,0.0,0.0,0.0,0.0,0.0,,0.5416666666666666,0,0,0.0,0.0,0.0,0.0,13.23,0.0,872.97,7.983333333333235,3.0708333333333258,3.7779761904761244,3.2875000000000005,0.7033333333333334,0.0,5.5458333333333325,2.9000000000000004,0.9950224733648368,-0.09965077771358578,0.9950224733648368,-0.09965077771358578,2.4385557698799825,-0.43289694341171453,15.0,23.0,,,0.0,6,0.0,0.0,0.7920833333333333,0.0,-0.0,29.574999999999996,-0.3583333333333343,123,5,2023,214
2024-05-03,0.0,0.0,0,0.0,6.1,21.1,13.533333333333333,5.6,3.3000000000000003,-0.564498463834416,1.8160789313092962,72.16666666666667,333.5,600.0,0.0,1019.1708333333332,1017.2,8.083333333333334,4.4,11.658333333333333,8.0,12.8,331.2913080397795,0.46316021989187417,0.0,0.0,0.0,0.0,0.0,0.0,,1.0,0,0,0.0,0.0,0.0,0.0,13.23,0.0,872.97,3.449999999999932,13.958333333333258,6.452976190476193,4.624999999999999,1.0,0.0,5.449999999999999,1.6999999999999993,-0.4803565579057023,0.8770733021116226,-0.4803565579057023,0.8770733021116226,-0.40737972473383693,1.3106036287615421,16.0,24.0,,,0.0,6,0.0,0.0,0.7962222222222222,0.0,-0.0,19.8,1.6708333333333343,124,5,2023,215
2024-05-04,0.0,0.0,0,0.0,7.8,23.4,15.783333333333333,6.9,4.554166666666666,-1.0678018959712132,-0.4045566156814641,57.916666666666664,322.5833333333333,600.0,4.958333333333333,1021.0458333333332,1019.7,6.708333333333333,-0.2,14.512500000000001,12.6,16.9,268.1293021589414,0.3005047104573668,0.0,0.0,0.0,0.0,0.0,0.0,,0.9583333333333334,0,0,0.0,0.0,0.0,0.0,13.23,0.0,872.97,1.875,13.308333333333167,7.181547619047592,2.854166666666668,1.0,0.0,9.075,8.0,-0.9994670414313428,-0.03264403609357283,-0.9994670414313428,-0.03264403609357283,-0.6184352647499943,-0.2343057065821813,17.0,25.0,,,0.0,6,0.0,0.0,0.7414444444444444,0.0,-0.0,27.324999999999996,2.25,125,5,2023,216
2024-05-05,0.0,0.0,0,0.0,10.1,24.3,16.708333333333332,14.6,8.079166666666667,1.5395311586479752,-6.244026210823548,61.041666666666664,319.6666666666667,600.0,58.833333333333336,1022.0208333333334,1019.3,8.475,5.9,14.854166666666666,12.4,18.7,175.11805859613474,0.7443149945166367,0.0,0.0,0.0,0.0,0.0,0.0,,0.20833333333333334,0,0,0.0,0.0,0.0,0.0,13.23,0.0,872.97,0.9750000000001364,6.300000000000068,7.226785714285825,0.341666666666665,1.0,0.0,8.233333333333333,4.199999999999999,0.08510288883579598,-0.9963721685754787,0.08510288883579598,-0.9963721685754787,0.9397554780913682,-3.8114576661902073,18.0,26.0,,,0.0,6,0.0,0.0,0.7499166666666667,0.0,-0.0,48.47500000000001,0.9249999999999989,126,5,2023,217
2024-05-06,0.0,3.9,0,0.0,10.3,15.7,12.85,9.9,6.8374999999999995,4.245787504486654,-5.010407432010621,81.0,86.91666666666667,369.0,100.0,1017.4666666666667,1015.3,9.454166666666667,2.6,11.825000000000001,9.5,14.2,142.2476468998706,0.9587516919346651,0.0,0.0,0.0,0.0,0.0,0.0,,0.0,0,0,0.0,0.0,0.0,0.0,13.23,0.0,872.97,-4.554166666666674,-1.7041666666665378,1.9845238095238074,-3.029166666666665,1.0,0.0,3.395833333333332,7.700000000000001,0.6122497526209322,-0.7906644297144063,0.6122497526209322,-0.7906644297144063,3.4390878786341896,-4.058430019928603,19.0,27.0,,,0.0,6,0.0,0.0,0.6612777777777777,0.0,-0.0,41.025,-3.8583333333333325,127,5,2023,218
2024-05-07,0.0,24.9,0,0.0,11.5,16.3,13.4625,8.4,5.458333333333333,-0.220064874583064,-2.4953839486720417,94.79166666666667,79.625,257.0,99.625,1009.7333333333332,1006.7,12.616666666666667,11.1,7.933333333333334,3.6,11.1,195.71001483531649,0.4021709183955598,0.0,0.0,0.0,0.0,0.0,0.0,,0.0,0,0,0.0,0.0,0.0,0.0,13.23,0.0,872.97,-7.733333333333462,-11.3125,-6.394642857143026,-3.8916666666666675,0.7933333333333333,0.0,0.8458333333333332,0.40000000000000036,-0.2707687125129321,-0.9626444329678997,-0.2707687125129321,-0.9626444329678997,-0.20860316236519608,-2.3654160346787063,20.0,28.0,,,0.0,6,0.0,0.0,0.7023888888888891,0.0,-0.0,32.75,0.6125000000000007,128,5,2023,219
2024-05-08,0.0,0.2,0,0.0,5.3,12.6,8.629166666666666,12.4,9.216666666666667,-2.92517573505218,8.693294549989767,89.95833333333333,106.20833333333333,317.0,100.0,1011.3125,1007.4,7.070833333333333,4.3,1.5125,-0.1,4.2,342.041406830173,0.9952414803838803,0.0,0.0,0.0,0.0,0.0,0.0,,0.0,0,0,0.0,0.0,0.0,0.0,13.23,0.0,872.97,1.5791666666667652,-10.708333333333371,-5.326190476190504,-6.420833333333333,0.15125,0.0,1.5583333333333336,1.0,-0.3083295989665583,0.9512795900265711,-0.3083295989665583,0.9512795900265711,-2.6314393383240233,7.820342888928294,21.0,29.0,,,0.0,6,0.0,0.0,0.6506666666666666,0.0,-0.0,55.3,-4.833333333333334,129,5,2023,220
2024-05-09,0.0,0.0,0,0.0,3.2,10.6,6.620833333333334,11.3,7.783333333333334,-2.971788968575447,6.722513510915621,73.91666666666667,214.20833333333334,600.0,60.916666666666664,1016.0583333333334,1014.0,1.9583333333333333,-6.9,4.141666666666667,0.7,7.6,333.79325060747715,0.9209803472109388,0.0,0.0,0.0,0.0,0.0,0.0,,0.2916666666666667,0,0,0.0,0.0,0.0,0.0,0.8400000000000001,0.0,872.97,4.745833333333394,-1.408333333333303,-0.6285714285713766,2.6291666666666664,0.4141666666666667,0.0,4.6625000000000005,10.100000000000001,-0.4416115459763779,0.8972063544471547,-0.4416115459763779,0.8972063544471547,-2.196647345938685,4.9690579034851305,22.0,30.0,,,0.0,6,0.0,0.0,0.62475,0.0,-0.0,46.7,-2.008333333333333,130,5,2023,221
2024-05-10,0.0,0.0,0,0.0,6.3,21.1,14.741666666666667,6.1,3.4291666666666667,-0.6358581510981297,-1.3230536248663631,51.625,342.375,600.0,9.625,1020.225,1018.6,4.4375,-7.4,11.9125,8.0,12.9,201.71235562233286,0.39183301435937823,0.0,0.0,0.0,0.0,0.0,0.0,,0.875,0,0,0.0,0.0,0.0,0.0,0.8400000000000001,0.0,872.97,4.166666666666629,10.491666666666788,3.3875000000000455,7.770833333333333,1.0,0.0,10.304166666666667,13.7,-0.3699471126678013,-0.9290528154140415,-0.3699471126678013,-0.9290528154140415,-0.32826177050440947,-0.6830264338372599,23.0,31.0,,,0.0,6,0.0,0.0,0.7336666666666667,0.0,-0.0,20.575,8.120833333333334,131,5,2023,222
2024-05-11,0.0,0.0,0,0.0,10.8,24.3,16.904166666666665,10.7,6.641666666666667,1.9411317124755616,-4.829147953642839,55.916666666666664,342.625,600.0,49.291666666666664,1020.4333333333334,1017.4,7.579166666666667,-0.2,13.15,9.5,18.1,170.64071816788365,0.6407126976862836,0.0,0.0,0.0,0.0,0.0,0.0,,0.375,0,0,0.0,0.0,0.0,0.0,0.8400000000000001,0.0,872.97,0.20833333333337123,9.120833333333394,3.683333333333394,1.2375000000000007,1.0,0.0,9.325,11.0,0.16262479767157917,-0.9866879826886906,0.16262479767157917,-0.9866879826886906,1.0854161492259182,-2.700298564078621,24.0,32.0,,,0.0,6,0.0,0.0,0.7481388888888888,0.0,-0.0,39.85,2.162499999999998,132,5,2023,223
2024-05-12,0.0,10.1,0,0.0,8.6,17.4,13.200000000000001,12.0,7.345833333333334,4.314935753201875,-5.496034226638293,89.70833333333333,148.125,600.0,100.0,1016.225,1013.2,11.458333333333334,8.0,10.950000000000001,9.5,13.2,141.9189650393086,0.9491247936170605,0.0,0.0,0.0,0.0,0.0,0.0,,0.0,0,0,0.0,0.0,0.0,0.0,0.8400000000000001,0.0,872.97,-4.208333333333371,0.16666666666662877,0.3029761904762154,-2.1999999999999993,1.0,0.0,1.7416666666666671,0.5999999999999996,0.6167753639793301,-0.7871392191907127,0.6167753639793301,-0.7871392191907127,3.8708569486015154,-4.930400704146768,25.0,33.0,,,0.0,6,0.0,0.0,0.7311111111111112,0.0,-0.0,44.075,-3.704166666666664,133,5,2023,224
2024-05-13,0.0,44.2,0,0.0,5.8,14.6,11.720833333333333,8.1,5.570833333333333,-1.5196563117590685,1.9727898365492003,97.20833333333333,39.916666666666664,180.0,98.91666666666667,1010.8125,1007.8,11.291666666666666,4.3,7.095833333333334,4.1,9.9,321.5153041220763,0.4855382155777588,0.0,0.0,0.0,0.0,0.0,0.0,,0.0,0,0,0.0,0.0,0.0,0.0,0.8400000000000001,0.0,872.97,-5.412500000000023,-9.412500000000023,-4.158928571428646,-3.854166666666667,0.7095833333333335,0.0,0.42916666666666714,1.5,-0.6223055740661562,0.7827744071481846,-0.6223055740661562,0.7827744071481846,-1.4772325730557945,1.9177161202788684,26.0,34.0,,,0.0,6,0.0,0.0,0.6750833333333333,0.0,-0.0,33.425,-1.4791666666666679,134,5,2023,225
2024-05-14,0.0,0.0,0,0.0,4.8,21.3,14.520833333333334,7.7,4.179166666666666,0.576013345698455,-1.5170864284608845,54.916666666666664,349.625,600.0,14.791666666666666,1016.4541666666668,1014.9,4.75,-6.3,11.5375,8.7,13.8,191.5040904245186,0.2085924012967222,0.0,0.0,0.0,0.0,0.0,0.0,,0.875,0,0,0.0,0.0,0.0,0.0,0.8400000000000001,0.0,872.97,5.641666666666765,-3.9791666666666288,0.5226190476191732,4.4416666666666655,1.0,0.0,9.770833333333334,11.1,-0.19943789208177592,-0.9799104689725372,-0.19943789208177592,-0.9799104689725372,0.31632732901273486,-0.8331332969631023,27.0,35.0,,,0.0,6,0.0,0.0,0.7494722222222223,0.0,-0.0,25.074999999999996,2.8000000000000007,135,5,2023,226
2024-05-15,0.0,0.6,0,0.0,6.8,21.8,15.387500000000001,8.6,5.25,2.1478478300017403,-3.0692098296200387,80.0,263.0416666666667,600.0,94.33333333333333,1014.5541666666667,1010.9,11.525,6.6,12.120833333333332,10.6,14.6,161.14268102187282,0.55089929015331,0.0,0.0,0.0,0.0,0.0,0.0,,0.0,0,0,0.0,0.0,0.0,0.0,0.8400000000000001,0.0,872.97,-1.900000000000091,-1.6708333333333485,-1.8404761904761244,0.5833333333333321,1.0,0.0,3.8625000000000007,0.20000000000000018,0.3232125663602164,-0.9463263902834174,0.3232125663602164,-0.9463263902834174,1.7182782640013923,-2.455367863696031,28.0,36.0,,,0.0,6,0.0,0.0,0.7753611111111111,0.0,-0.0,31.5,0.8666666666666671,136,5,2023,227
2024-05-16,0.0,7.3,0,0.0,10.0,21.8,14.625,16.3,8.6625,1.4926565501362903,-8.192211061482203,86.91666666666667,182.54166666666666,600.0,80.375,1004.4833333333332,998.7,12.283333333333333,7.0,9.183333333333334,6.5,13.9,172.1717541894737,0.957866217752683,0.0,0.0,0.0,0.0,0.0,0.0,,0.0,0,0,0.0,0.0,0.0,0.0,0.8400000000000001,0.0,872.97,-10.07083333333344,-6.329166666666765,-10.25773809523821,-2.9374999999999982,0.9183333333333333,0.0,2.341666666666667,3.0,0.13620397716476035,-0.9906808146948751,0.13620397716476035,-0.9906808146948751,1.2973673181601257,-7.1203967809382815,29.0,37.0,,,0.0,6,0.0,0.0,0.7447499999999999,0.0,-0.0,51.974999999999994,-0.7625000000000011,137,5,2023,228
2024-05-17,0.0,0.5,0,0.0,9.7,17.4,13.216666666666667,10.5,6.4375,-5.021044411277431,-0.20622524858795807,68.29166666666667,296.0416666666667,600.0,47.875,1013.3625000000001,1006.8,7.3,4.9,10.6375,8.7,11.7,269.1853906947265,0.7912740314353405,0.0,0.0,0.0,0.0,0.0,0.0,,0.4166666666666667,0,0,0.0,0.0,0.0,0.0,0.0,0.0,872.97,8.879166666666833,-3.091666666666697,-0.39821428571428896,1.4541666666666657,1.0,0.0,5.916666666666667,4.799999999999999,-0.9998989314215664,-0.01421713550648348,-0.9998989314215664,-0.01421713550648348,-3.428954912534879,-0.14083465934819306,30.0,38.0,,,0.0,6,0.0,0.0,0.7583333333333334,0.0,-0.0,38.625,-1.4083333333333332,138,5,2023,229
2024-05-18,0.0,0.0,0,0.0,6.3,23.3,16.025000000000002,6.7,3.525,-0.5161629079762727,-0.6090065769426811,57.625,348.375,600.0,33.0,1019.5916666666667,1018.0,7.154166666666666,0.4,14.391666666666666,11.7,16.2,217.5064564003744,0.13666537557928932,0.0,0.0,0.0,0.0,0.0,0.0,,0.6666666666666666,0,0,0.0,0.0,0.0,0.0,0.0,0.0,872.97,6.229166666666629,5.037500000000023,5.951190476190504,3.7541666666666664,1.0,0.0,8.870833333333337,5.8999999999999995,-0.6088508245171875,-0.7932847367022392,-0.6088508245171875,-0.7932847367022392,-0.29743887572132716,-0.35094003996322004,31.0,39.0,,,0.0,6,0.0,0.0,0.7576666666666667,0.0,-0.0,21.15,2.8083333333333353,139,5,2023,230
2024-05-19,0.0,3.4,0,0.0,11.7,20.8,15.708333333333334,8.1,5.3374999999999995,0.4241855497227487,-3.8769803658646604,72.83333333333333,159.58333333333334,577.0,100.0,1019.7125,1018.0,10.4125,7.5,12.420833333333334,10.5,15.1,187.36095754681588,0.660507561346824,0.0,0.0,0.0,0.0,0.0,0.0,,0.0,0,0,0.0,0.0,0.0,0.0,0.0,0.0,872.97,0.12083333333328028,15.229166666666742,5.573809523809587,-1.9708333333333314,1.0,0.0,5.295833333333334,4.199999999999999,-0.12811982280292614,-0.9917586959563031,-0.12811982280292614,-0.9917586959563031,0.30894847538140197,-2.8237340331380945,32.0,40.0,,,0.0,6,0.0,0.0,0.6825000000000001,0.0,-0.0,32.025,-0.3166666666666682,140,5,2023,231
2024-05-20,0.0,17.4,0,0.0,11.4,20.2,15.283333333333333,5.6,3.8208333333333333,-1.8824177475818964,0.12024132728385623,91.04166666666667,169.25,600.0,81.66666666666667,1014.3291666666668,1012.3,13.766666666666666,8.7,11.379166666666668,8.6,13.3,269.6688774430611,0.4755758374461597,0.0,0.0,0.0,0.0,0.0,0.0,,0.08333333333333333,0,0,0.0,0.0,0.0,0.0,0.0,0.0,872.97,-5.383333333333212,0.966666666666697,-0.3119047619046569,-1.041666666666666,1.0,0.0,1.5166666666666675,2.700000000000001,-0.9999833005924104,-0.0057791466765491645,-0.9999833005924104,-0.0057791466765491645,-1.713784491027685,0.10946970838134412,33.0,41.0,,,0.0,6,0.0,0.0,0.7496388888888889,0.0,-0.0,22.925,-0.4250000000000007,141,5,2023,232
2024-05-21,0.0,0.0,0,0.0,10.9,19.8,15.012500000000001,9.0,5.441666666666666,-1.4666571138884927,3.4747342875099174,81.0,283.0833333333333,600.0,55.458333333333336,1017.7041666666668,1014.8,11.6875,7.8,9.129166666666666,8.1,10.0,334.31057498664796,0.6546598552228048,0.0,0.0,0.0,0.0,0.0,0.0,,0.16666666666666666,0,0,0.0,0.0,0.0,0.0,0.0,0.0,872.97,3.375,-1.8874999999999318,2.8845238095238983,-2.2500000000000018,0.9129166666666666,0.0,3.325000000000001,3.1000000000000005,-0.4334927669162307,0.9011570457091874,-0.4334927669162307,0.9011570457091874,-1.187992262249679,2.814534772883033,34.0,42.0,,,0.0,6,0.0,0.0,0.7920555555555556,0.0,-0.0,32.65,-0.27083333333333215,142,5,2023,233
2024-05-22,0.0,0.0,0,0.0,10.7,22.2,16.095833333333335,8.4,5.241666666666666,1.3319663679788352,-3.366507364799746,80.375,285.875,600.0,62.75,1018.7333333333332,1016.8,12.5,8.8,12.529166666666667,9.8,14.8,166.81926598741703,0.6113500953090852,0.0,0.0,0.0,0.0,0.0,0.0,,0.0,0,0,0.0,0.0,0.0,0.0,0.0,0.0,872.97,1.0291666666664696,-0.9791666666667425,3.3166666666664923,3.4000000000000004,1.0,0.0,3.595833333333335,1.8999999999999986,0.22802348651697868,-0.97365563193392,0.22802348651697868,-0.97365563193392,1.0705679682629887,-2.7058302944577957,35.0,43.0,,,0.0,6,0.0,0.0,0.7918333333333333,0.0,-0.0,31.449999999999996,1.083333333333334,143,5,2023,234
2024-05-23,0.0,0.0,0,0.0,9.3,23.0,16.833333333333332,4.8,2.625,0.3853081904847267,-0.43715009539268374,78.04166666666667,279.2916666666667,600.0,93.125,1013.6083333333332,1010.6,12.604166666666666,7.7,14.516666666666666,13.4,16.3,203.31828348088345,0.10668670735744601,0.0,0.0,0.0,0.0,0.0,0.0,,0.0,0,0,0.0,0.0,0.0,0.0,0.0,0.0,872.97,-5.125,-0.7208333333335304,-3.111904761904725,1.987499999999999,1.0,0.0,4.229166666666666,1.6000000000000005,-0.39583856503337683,-0.9183201132678719,-0.39583856503337683,-0.9183201132678719,0.3007009336574555,-0.34115922027937357,36.0,44.0,,,0.0,6,0.0,0.0,0.7796666666666668,0.0,-0.0,15.75,0.7374999999999972,144,5,2023,235
2024-05-24,0.0,2.5,0,0.0,10.0,23.9,16.516666666666666,10.7,6.25,-4.492049753742117,3.698362363595937,81.45833333333333,261.5416666666667,600.0,78.29166666666667,1009.9791666666666,1008.3,13.058333333333332,8.1,10.4625,4.9,16.5,303.122280186501,0.9325740288660613,0.0,0.0,0.0,0.0,0.0,0.0,,0.041666666666666664,0,0,0.0,0.0,0.0,0.0,0.0,0.0,872.97,-3.629166666666606,-7.725000000000136,-6.257738095238096,-4.054166666666665,1.0,0.0,3.458333333333334,1.9000000000000004,-0.8375062946531404,0.5464276772056547,-0.8375062946531404,0.5464276772056547,-3.659148861902433,3.0126243420125234,37.0,45.0,,,0.0,6,0.0,0.0,0.7792222222222223,0.0,-0.0,37.5,-0.31666666666666643,145,5,2023,236
2024-05-25,0.0,0.0,0,0.0,8.8,18.4,13.575000000000001,8.9,6.629166666666666,-1.9922346386646914,4.106666275187034,78.41666666666667,335.375,600.0,65.375,1015.5708333333333,1013.2,9.6,7.1,7.829166666666667,6.6,8.4,335.4340127404023,0.616563875804469,0.0,0.0,0.0,0.0,0.0,0.0,,0.125,0,0,0.0,0.0,0.0,0.0,0.0,0.0,872.97,5.591666666666697,-3.162499999999909,-0.09166666666669698,-2.6333333333333337,0.7829166666666667,0.0,3.9750000000000014,1.700000000000001,-0.41574096519499687,0.9094830673842875,-0.41574096519499687,0.9094830673842875,-1.5622439958195622,3.2203108041258326,38.0,46.0,,,0.0,6,0.0,0.0,0.8183055555555555,0.0,-0.0,39.775,-2.9416666666666647,146,5,2023,237
2024-05-26,0.0,0.0,0,0.0,9.1,22.2,15.554166666666667,12.2,7.2124999999999995,2.4316863228717067,-6.228502174544101,77.75,285.0833333333333,600.0,87.08333333333333,1015.4708333333333,1012.8,11.408333333333333,8.0,12.595833333333333,8.8,15.1,163.52402089279533,0.9065486037327102,0.0,0.0,0.0,0.0,0.0,0.0,,0.041666666666666664,0,0,0.0,0.0,0.0,0.0,0.0,0.0,872.97,-0.10000000000002274,1.8625000000000682,0.41428571428571104,4.766666666666667,1.0,0.0,4.145833333333334,1.0999999999999996,0.2836133406525626,-0.9589387222361466,0.2836133406525626,-0.9589387222361466,1.890636116032752,-4.8426604407080385,39.0,47.0,,,0.0,6,0.0,0.0,0.7825555555555556,0.0,-0.0,43.275,1.979166666666666,147,5,2023,238
2024-05-27,0.0,9.2,0,0.0,11.0,21.8,16.054166666666667,11.7,6.883333333333333,3.724780385477302,-5.055465619555968,94.45833333333333,147.91666666666666,600.0,99.45833333333333,1006.6916666666666,1003.5,15.120833333333332,10.8,14.362499999999999,11.3,18.1,144.3684436467725,0.8494646454003859,0.0,0.0,0.0,0.0,0.0,0.0,,0.0,0,0,0.0,0.0,0.0,0.0,0.0,0.0,872.97,-8.779166666666697,-3.2875000000000227,-7.273809523809518,1.7666666666666657,1.0,0.0,0.9333333333333353,0.1999999999999993,0.5825707070601353,-0.8127800263758048,0.5825707070601353,-0.8127800263758048,3.518365472448768,-4.7753085664722414,40.0,48.0,,,0.0,6,0.0,0.0,0.7468055555555555,0.0,-0.0,41.3,0.5,148,5,2023,239
2024-05-28,0.0,111.5,0,0.0,12.9,18.1,15.924999999999999,11.5,5.970833333333334,0.08243842231660081,0.6132864112330177,98.54166666666667,29.583333333333332,103.0,100.0,1002.5708333333333,996.4,15.683333333333335,12.5,9.737499999999999,6.3,13.8,272.86719441145044,0.07979229531462402,0.0,0.0,0.0,0.0,0.0,0.0,,0.0,0,0,0.0,0.0,0.0,0.0,0.0,0.0,872.97,-4.12083333333328,-13.0,-9.232738095238119,-4.625,0.9737499999999999,0.0,0.2416666666666636,0.40000000000000036,-0.9987481612505937,0.05002109953367592,-0.9987481612505937,0.05002109953367592,0.08123619532448371,0.6043426510692029,41.0,49.0,,,0.0,6,0.0,0.0,0.6815277777777777,0.0,-0.0,35.825,-0.1291666666666682,149,5,2023,240
2024-05-29,0.0,0.8,0,0.0,11.2,19.7,14.879166666666668,10.9,6.295833333333333,-2.95524024429788,4.5354643382762925,81.91666666666667,303.625,600.0,59.458333333333336,1009.775,1002.5,11.5625,9.5,11.299999999999999,8.2,13.3,325.7445490770735,0.7738320100680575,0.0,0.0,0.0,0.0,0.0,0.0,,0.25,0,0,0.0,0.0,0.0,0.0,0.0,0.0,872.97,7.2041666666666515,-5.695833333333326,-0.7488095238094274,1.5625,1.0,0.0,3.316666666666668,1.6999999999999993,-0.5628835640469184,0.8265362020660915,-0.5628835640469184,0.8265362020660915,-2.42083430012068,3.7153012037713298,42.0,50.0,,,0.0,6,0.0,0.0,0.8088055555555557,0.0,-0.0,37.775,-1.0458333333333307,150,5,2023,241
2024-05-30,0.0,0.0,0,0.0,12.6,22.8,18.029166666666665,7.7,4.120833333333334,0.7273851521898737,-2.3820318779890512,66.58333333333333,290.0,600.0,82.16666666666667,1014.8375,1013.3,11.295833333333334,2.9,14.225,11.3,16.5,170.98237905841575,0.4979373233279451,0.0,0.0,0.0,0.0,0.0,0.0,,0.16666666666666666,0,0,0.0,0.0,0.0,0.0,0.0,0.0,872.97,5.0625,8.145833333333371,4.138095238095275,2.9250000000000007,1.0,0.0,6.733333333333331,9.7,0.15673821471518792,-0.9876401834918908,0.15673821471518792,-0.9876401834918908,0.48431728049975753,-1.5860362254277098,43.0,51.0,,,0.0,6,0.0,0.0,0.7486111111111112,0.0,-0.0,24.725,3.149999999999997,151,5,2023,242
2024-05-31,0.0,9.2,0,0.0,13.3,16.5,15.112499999999999,6.0,3.1458333333333335,-1.27073629425107,1.1812443531798782,96.54166666666667,48.166666666666664,159.0,99.04166666666667,1010.4375,1008.0,14.5625,11.7,10.591666666666667,9.5,12.1,302.9084221877269,0.5418225393845212,0.0,0.0,0.0,0.0,0.0,0.0,,0.0,0,0,0.0,0.0,0.0,0.0,0.0,0.0,872.97,-4.399999999999977,7.866666666666674,-0.3273809523809632,-3.633333333333333,1.0,0.0,0.5499999999999989,1.6000000000000014,-0.8395400115864142,0.5432978639250144,-0.8395400115864142,0.5432978639250144,-1.2267899974082206,1.140392985965741,44.0,52.0,,,0.0,6,0.0,0.0,0.68725,0.0,-0.0,18.875,-2.916666666666666,152,5,2023,243
2024-06-01,0.0,0.5,0,0.0,8.4,21.0,15.079166666666666,6.7,3.7125,-1.1133302123723603,1.473138674527066,80.125,320.8333333333333,600.0,46.416666666666664,1009.3666666666667,1008.4,11.166666666666666,8.1,11.220833333333333,8.9,13.3,329.3205659478889,0.5083541800894991,0.0,0.0,0.0,0.0,0.0,0.0,,0.3333333333333333,0,0,0.0,0.0,0.0,0.0,0.0,0.0,872.97,-1.0708333333333258,-0.408333333333303,-0.5119047619047024,0.6291666666666664,1.0,0.0,3.9124999999999996,0.3000000000000007,-0.5102342466412664,0.8600354722651964,-0.5102342466412664,0.8600354722651964,-0.8920558326633536,1.1803523629648118,45.0,53.0,,,0.0,6,0.0,0.0,0.8143055555555555,0.0,-0.0,22.275,-0.033333333333333215,153,6,2023,244
2024-06-02,0.0,19.4,0,0.0,10.2,15.7,13.191666666666668,8.2,3.7125,-0.2861746175792319,-1.3395904257427838,92.79166666666667,150.125,454.0,78.04166666666667,1008.5916666666667,1007.0,12.012500000000001,10.0,8.770833333333334,7.5,10.4,235.31163748130223,0.26406098862699307,0.0,0.0,0.0,0.0,0.0,0.0,,0.041666666666666664,0,0,0.0,0.0,0.0,0.0,0.0,0.0,872.97,-0.7749999999999773,-6.24583333333328,-0.30416666666656056,-2.4499999999999993,0.8770833333333334,0.0,1.1791666666666671,0.1999999999999993,-0.8222596517818741,-0.5691125240684404,-0.8222596517818741,-0.5691125240684404,-0.26554619722872896,-1.2430282825538248,46.0,54.0,,,0.0,6,0.0,0.0,0.7427222222222222,0.0,-0.0,22.275,-1.8874999999999975,154,6,2023,245
2024-06-03,0.0,6.9,0,0.0,7.3,17.2,12.625,7.2,3.2375000000000003,-0.40588836863259997,1.9059175939698692,87.45833333333333,233.625,600.0,65.79166666666667,1008.7208333333333,1007.6,10.445833333333333,7.1,8.591666666666667,7.5,10.6,348.77654874086346,0.4372512444596436,0.0,0.0,0.0,0.0,0.0,0.0,,0.0,0,0,0.0,0.0,0.0,0.0,0.0,0.0,872.97,0.12916666666660603,-1.716666666666697,-0.464880952380895,-0.17916666666666714,0.8591666666666666,0.0,2.179166666666667,0.20000000000000018,-0.1946358415375802,0.9808755727353791,-0.1946358415375802,0.9808755727353791,-0.354983202399928,1.6668837623928148,47.0,55.0,,,0.0,6,0.0,0.0,0.780611111111111,0.0,-0.0,19.425,-0.5666666666666682,155,6,2023,246
2024-06-04,0.0,1.6,0,0.0,8.4,17.7,13.316666666666668,8.3,3.970833333333333,-1.1428856701325385,2.58015338882156,86.08333333333333,247.58333333333334,600.0,71.375,1012.6999999999999,1011.0,10.854166666666666,8.2,8.65,7.6,10.0,330.01307524526356,0.6394364223664234,0.0,0.0,0.0,0.0,0.0,0.0,,0.08333333333333333,0,0,0.0,0.0,0.0,0.0,0.0,0.0,872.97,3.9791666666666288,3.3333333333332575,2.0672619047618355,0.05833333333333357,0.865,0.0,2.462500000000002,0.20000000000000107,-0.4998023547193263,0.8661394842731838,-0.4998023547193263,0.8661394842731838,-0.9838340810390934,2.2210820422105595,48.0,56.0,,,0.0,6,0.0,0.0,0.7853333333333333,0.0,-0.0,23.825,0.6916666666666682,156,6,2023,247
2024-06-05,0.0,0.0,0,0.0,8.0,21.0,14.766666666666666,7.6,4.8999999999999995,-1.180123961643902,3.4701381389464463,82.20833333333333,333.5416666666667,600.0,51.708333333333336,1018.6125000000001,1016.9,11.383333333333333,7.9,10.704166666666666,8.6,11.7,334.68752195066196,0.7243680460910361,0.0,0.0,0.0,0.0,0.0,0.0,,0.2916666666666667,0,0,0.0,0.0,0.0,0.0,0.0,0.0,872.97,5.912500000000136,10.020833333333371,6.71726190476204,2.0541666666666654,1.0,0.0,3.383333333333333,0.09999999999999964,-0.4275547471017154,0.9039894569245751,-0.4275547471017154,0.9039894569245751,-0.9701602401347579,2.852742728392224,49.0,57.0,,,0.0,6,0.0,0.0,0.8297222222222222,0.0,-0.0,29.4,1.4499999999999975,157,6,2023,248
2024-06-06,0.0,0.9,0,0.0,11.2,22.5,16.925,4.6,2.775,0.5107291310270995,0.9367258991417374,81.5,250.75,600.0,99.70833333333333,1020.3166666666666,1018.7,13.4625,10.7,12.395833333333334,11.1,14.2,359.5896503998607,0.31751729220617997,0.0,0.0,0.0,0.0,0.0,0.0,,0.0,0,0,0.0,0.0,0.0,0.0,0.0,0.0,872.97,1.7041666666665378,11.595833333333303,7.638690476190504,1.6916666666666682,1.0,0.0,3.4625000000000004,0.5,-0.007161890379841704,0.9999743533342178,-0.007161890379841704,0.9999743533342178,0.4162442417870861,0.763431607800516,50.0,58.0,,,0.0,6,0.0,0.0,0.7721666666666667,0.0,-0.0,16.65,2.158333333333335,158,6,2023,249
2024-06-07,0.0,0.2,0,0.0,14.0,22.1,17.679166666666667,9.0,4.283333333333333,1.4011270852202113,-2.7986318540379433,78.08333333333333,269.6666666666667,600.0,75.66666666666667,1018.5208333333334,1016.5,13.595833333333333,11.3,12.820833333333333,11.6,15.0,170.17636347825461,0.5133378727915953,0.0,0.0,0.0,0.0,0.0,0.0,,0.08333333333333333,0,0,0.0,0.0,0.0,0.0,0.0,0.0,872.97,-1.7958333333332348,5.820833333333439,4.688095238095343,0.42499999999999893,1.0,0.0,4.083333333333334,2.6999999999999993,0.17061600004463767,-0.9853375972369918,0.17061600004463767,-0.9853375972369918,1.094046732376115,-2.185265039361294,51.0,59.0,,,0.0,6,0.0,0.0,0.7733888888888889,0.0,-0.0,25.7,0.7541666666666664,159,6,2023,250
2024-06-08,0.0,0.0,0,0.0,11.2,23.1,17.925,13.1,6.3625,2.808610797950061,-4.724301444580222,79.08333333333333,321.5,600.0,81.58333333333333,1017.1083333333332,1014.2,13.795833333333334,11.2,13.924999999999999,11.6,17.3,164.29183159102524,0.6709151589706537,0.0,0.0,0.0,0.0,0.0,0.0,,0.16666666666666666,0,0,0.0,0.0,0.0,0.0,0.0,0.0,872.97,-1.4125000000001364,-1.5041666666668334,2.169642857142776,1.104166666666666,1.0,0.0,4.129166666666666,0.0,0.2707376899819643,-0.9626531583198747,0.2707376899819643,-0.9626531583198747,2.22114303937884,-3.7361350590888587,52.0,60.0,,,0.0,6,0.0,0.0,0.8112777777777778,0.0,-0.0,38.175,0.24583333333333357,160,6,2023,251
2024-06-09,0.0,1.1,0,0.0,14.0,18.8,16.224999999999998,8.6,6.0625,3.361058854664821,-4.758320112151276,87.875,121.16666666666667,487.0,100.0,1014.3833333333333,1012.2,14.1625,13.1,12.570833333333333,11.3,13.9,147.00980002373788,0.9598917186175825,0.0,0.0,0.0,0.0,0.0,0.0,,0.0,0,0,0.0,0.0,0.0,0.0,0.0,0.0,872.97,-2.724999999999909,-5.93333333333328,-1.3827380952380963,-1.354166666666666,1.0,0.0,2.0624999999999982,0.9000000000000004,0.544495578586439,-0.8387637121977911,0.544495578586439,-0.8387637121977911,2.953530468536712,-4.181373798552934,53.0,61.0,,,0.0,6,0.0,0.0,0.7070277777777778,0.0,-0.0,36.375,-1.7000000000000028,161,6,2023,252
2024-06-10,0.0,4.6000000000000005,0,0.0,13.5,22.6,18.083333333333332,4.7,2.4583333333333335,-0.4943272345027719,-0.4061608084648567,82.875,291.4166666666667,600.0,66.5,1010.6291666666666,1008.3,14.870833333333332,12.7,14.174999999999999,12.6,15.2,262.400007127433,0.19901484700525976,0.0,0.0,0.0,0.0,0.0,0.0,,0.041666666666666664,0,0,0.0,0.0,0.0,0.0,0.0,0.0,872.97,-3.7541666666667197,-7.891666666666765,-5.409523809523876,1.604166666666666,1.0,0.0,3.2125000000000004,0.8000000000000007,-0.9912155567038552,-0.13225626695270987,-0.9912155567038552,-0.13225626695270987,-0.4096736955941722,-0.33660577001525,54.0,62.0,,,0.0,6,0.0,0.0,0.803861111111111,0.0,-0.0,14.75,1.8583333333333343,162,6,2023,253
2024-06-11,0.0,0.0,0,0.0,11.3,25.5,18.841666666666665,6.2,2.6416666666666666,-0.6926462484521699,0.055818537147594695,75.91666666666667,329.5416666666667,600.0,45.708333333333336,1011.0958333333333,1009.3,13.766666666666666,10.2,16.212500000000002,14.8,18.8,302.21203721476155,0.2224136601656771,0.0,0.0,0.0,0.0,0.0,0.0,,0.25,0,0,0.0,0.0,0.0,0.0,0.0,0.0,872.97,0.466666666666697,-6.012499999999932,-4.713690476190436,2.037500000000003,1.0,0.0,5.074999999999999,1.1000000000000014,-0.8460811959938634,0.5330540402113032,-0.8460811959938634,0.5330540402113032,-0.5258339436166057,0.042375572784548975,55.0,63.0,,,0.0,6,0.0,0.0,0.8060833333333334,0.0,-0.0,15.85,0.7583333333333329,163,6,2023,254
2024-06-12,0.0,1.1,0,0.0,14.5,24.6,19.662499999999998,5.9,3.8708333333333336,-0.3185209792345503,-2.1708322416340917,80.625,291.625,600.0,66.58333333333333,1010.7083333333334,1009.0,15.958333333333334,13.8,16.775,15.6,19.2,193.11790429397243,0.462583331796566,0.0,0.0,0.0,0.0,0.0,0.0,,0.08333333333333333,0,0,0.0,0.0,0.0,0.0,0.0,0.0,872.97,-0.3874999999999318,-3.6749999999999545,-3.9720238095238756,0.5624999999999964,1.0,0.0,3.704166666666664,0.6999999999999993,-0.2269556530249552,-0.9739050937129429,-0.2269556530249552,-0.9739050937129429,-0.2568075395078562,-1.7502334948174865,56.0,64.0,,,0.0,6,0.0,0.0,0.7965,0.0,-0.0,23.225,0.8208333333333329,164,6,2023,255
2024-06-13,0.0,1.1,0,0.0,14.5,23.7,19.650000000000002,5.5,3.5583333333333336,-0.9449874326618742,1.9005219269371134,79.375,260.3333333333333,600.0,49.291666666666664,1007.7708333333334,1005.9,15.816666666666668,12.8,16.766666666666666,15.9,18.5,335.36667094263277,0.535418872623107,0.0,0.0,0.0,0.0,0.0,0.0,,0.3333333333333333,0,0,0.0,0.0,0.0,0.0,0.0,0.0,872.97,-2.9375,-2.858333333333235,-5.11726190476179,-0.00833333333333286,1.0,0.0,3.833333333333334,1.6999999999999993,-0.4168096260706821,0.9089938039474296,-0.4168096260706821,0.9089938039474296,-0.7500837746753626,1.508539279506334,57.0,65.0,,,0.0,6,0.0,0.0,0.7714722222222221,0.0,-0.0,21.35,-0.012499999999995737,165,6,2023,256
2024-06-14,0.0,0.30000000000000004,0,0.0,13.1,26.6,20.708333333333332,6.9,3.954166666666667,0.183027510335717,-0.4544715859388218,70.83333333333333,312.9166666666667,600.0,14.208333333333334,1010.5,1009.5,14.850000000000001,11.1,17.8875,16.1,20.2,250.15251510428772,0.05869586162258814,0.0,0.0,0.0,0.0,0.0,0.0,,0.75,0,0,0.0,0.0,0.0,0.0,0.0,0.0,872.97,2.7291666666666288,-0.595833333333303,-1.2422619047619037,1.1208333333333336,1.0,0.0,5.858333333333331,2.0,-0.9405997107890496,-0.339517575485506,-0.9405997107890496,-0.339517575485506,0.12964448648779953,-0.3219173733733321,58.0,66.0,,,0.0,6,0.0,0.0,0.7780555555555555,0.0,-0.0,23.725,1.05833333333333,166,6,2023,257
2024-06-15,0.0,0.0,0,0.0,16.9,25.2,20.9875,11.5,6.8374999999999995,1.7663772384418743,-5.520481030948851,75.875,287.875,600.0,77.83333333333333,1009.5,1006.9,16.400000000000002,14.6,17.287499999999998,14.2,21.1,172.7817946497526,0.8087864283011715,0.0,0.0,0.0,0.0,0.0,0.0,,0.125,0,0,0.0,0.0,0.0,0.0,0.0,0.0,872.97,-1.0,-1.2083333333333712,-1.1553571428570422,-0.6000000000000014,1.0,0.0,4.587499999999999,2.299999999999999,0.12564846503457142,-0.9920748274371526,0.12564846503457142,-0.9920748274371526,1.3402387296677722,-4.18866498223244,59.0,67.0,,,0.0,6,0.0,0.0,0.7781666666666668,0.0,-0.0,41.025,0.27916666666666856,167,6,2023,258
2024-06-16,0.0,3.7,0,0.0,16.3,24.4,20.091666666666665,7.8,3.158333333333333,-2.1161908746353597,-0.7193761274691858,84.04166666666667,250.54166666666666,600.0,72.25,1006.2166666666667,1004.6,17.216666666666665,14.4,15.804166666666667,14.4,17.3,255.5949212229599,0.7589084604910693,0.0,0.0,0.0,0.0,0.0,0.0,,0.041666666666666664,0,0,0.0,0.0,0.0,0.0,0.0,0.0,872.97,-3.283333333333303,-1.5541666666666742,-3.2720238095237164,-1.4833333333333307,1.0,0.0,2.875,1.9000000000000004,-0.9685611131083187,-0.24877574273705755,-0.9685611131083187,-0.24877574273705755,-1.7784820808914672,-0.6045756871272282,60.0,68.0,,,0.0,6,0.0,0.0,0.7805,0.0,-0.0,18.95,-0.8958333333333357,168,6,2023,259
2024-06-17,0.0,0.0,0,0.0,13.5,24.6,19.404166666666665,5.5,3.4458333333333333,-0.5820225772897869,-0.19290247404121072,73.70833333333333,278.6666666666667,600.0,99.25,1010.8458333333333,1009.3,13.891666666666666,10.9,15.245833333333332,11.6,17.7,257.2045040870218,0.16554536483290025,0.0,0.0,0.0,0.0,0.0,0.0,,0.0,0,0,0.0,0.0,0.0,0.0,0.0,0.0,872.97,4.629166666666606,0.345833333333303,1.3261904761905043,-0.5583333333333353,1.0,0.0,5.512499999999999,2.5999999999999996,-0.9751667674742818,-0.22147183932446154,-0.9751667674742818,-0.22147183932446154,-0.42899914134401373,-0.1421851985745424,61.0,69.0,,,0.0,6,0.0,0.0,0.7648055555555556,0.0,-0.0,20.675,-0.6875,169,6,2023,260
2024-06-18,0.0,27.3,0,0.0,12.4,20.8,16.224999999999998,7.6,3.983333333333333,-0.32907286444807343,-0.6306938832623412,91.29166666666667,101.66666666666667,499.0,83.95833333333333,1008.8083333333334,1006.2,14.733333333333334,11.8,13.299999999999999,11.2,14.6,206.126991735483,0.14268308099381385,0.0,0.0,0.0,0.0,0.0,0.0,,0.16666666666666666,0,0,0.0,0.0,0.0,0.0,0.0,0.0,872.97,-2.037499999999909,-0.691666666666606,-0.3845238095237846,-1.9458333333333329,1.0,0.0,1.4916666666666636,0.5999999999999996,-0.44036217701336816,-0.8978202231271286,-0.44036217701336816,-0.8978202231271286,-0.30041610250238704,-0.5757709575949124,62.0,70.0,,,0.0,6,0.0,0.0,0.7054166666666667,0.0,-0.0,23.9,-3.179166666666667,170,6,2023,261
2024-06-19,0.0,0.0,0,0.0,11.1,25.2,18.616666666666667,8.4,4.8125,-2.1153047406694916,3.525705562310332,71.70833333333333,359.4583333333333,600.0,5.541666666666667,1011.2041666666668,1009.1,12.549999999999999,9.2,16.954166666666666,14.8,17.7,325.9711676000231,0.8208015872241456,0.0,0.0,0.0,0.0,0.0,0.0,,0.875,0,0,0.0,0.0,0.0,0.0,0.0,0.0,872.97,2.3958333333333712,4.987500000000068,1.9404761904763745,3.654166666666667,1.0,0.0,6.066666666666668,1.9000000000000004,-0.5596100211957079,0.8287560703713364,-0.5596100211957079,0.8287560703713364,-1.516849774455081,2.5282246969733673,63.0,71.0,,,0.0,6,0.0,0.0,0.8119999999999999,0.0,-0.0,28.875,2.3916666666666693,171,6,2023,262
2024-06-20,0.0,1.2000000000000002,0,0.0,17.5,25.4,21.224999999999998,5.8,2.8208333333333333,-0.36078934157014864,-1.119262065695139,70.16666666666667,279.375,600.0,64.29166666666667,1012.6583333333333,1011.5,15.283333333333333,9.6,17.45,15.6,20.4,203.3696101848861,0.3570486469592536,0.0,0.0,0.0,0.0,0.0,0.0,,0.3333333333333333,0,0,0.0,0.0,0.0,0.0,0.0,0.0,872.97,1.4541666666665378,1.8125,2.696428571428555,0.49583333333333357,1.0,0.0,5.941666666666665,7.9,-0.3966610555990563,-0.9179651447473605,-0.3966610555990563,-0.9179651447473605,-0.25315385466838763,-0.7853488827627559,64.0,72.0,,,0.0,6,0.0,0.0,0.7534722222222222,0.0,-0.0,16.925,2.6083333333333307,172,6,2023,263
2024-06-21,0.0,3.5,0,0.0,13.4,20.6,17.425,9.7,5.629166666666666,-0.11613037680856421,-4.502705792918636,85.04166666666667,132.20833333333334,600.0,63.083333333333336,1008.2666666666668,1005.8,14.762500000000001,11.3,15.262500000000001,13.6,16.2,190.23035449873421,0.698741123340845,0.0,0.0,0.0,0.0,0.0,0.0,,0.3333333333333333,0,0,0.0,0.0,0.0,0.0,0.0,0.0,872.97,-4.391666666666538,-0.5416666666666288,-1.3761904761903452,-2.1874999999999982,1.0,0.0,2.6624999999999996,2.0999999999999996,-0.17760612844465332,-0.9841016528483738,-0.17760612844465332,-0.9841016528483738,-0.09875920794428315,-3.829176051394557,65.0,73.0,,,0.0,6,0.0,0.0,0.7049444444444445,0.0,-0.0,33.775,-3.799999999999997,173,6,2023,264
2024-06-22,0.0,4.9,0,0.0,12.7,23.7,18.795833333333334,7.9,5.416666666666667,1.7420953751934214,-3.595852842949821,84.375,213.25,600.0,98.54166666666667,1009.3541666666666,1008.6,15.895833333333334,11.9,16.095833333333335,13.3,19.1,166.09607075781707,0.6205671325429968,0.0,0.0,0.0,0.0,0.0,0.0,,0.0,0,0,0.0,0.0,0.0,0.0,0.0,0.0,872.97,1.0874999999998636,-1.8500000000001364,-0.26785714285722406,0.8333333333333339,1.0,0.0,2.9000000000000004,0.7999999999999989,0.24029461191414944,-0.9707000048856641,0.24029461191414944,-0.9707000048856641,1.4698929728194494,-3.0340008362389113,66.0,74.0,,,0.0,6,0.0,0.0,0.7567499999999999,0.0,-0.0,32.5,1.3708333333333336,174,6,2023,265
2024-06-23,0.0,104.10000000000001,0,0.0,15.5,22.1,19.416666666666668,7.6,3.7083333333333335,0.409653941570668,-1.6473456872768482,97.875,49.75,203.0,100.0,1002.3458333333333,999.5,19.070833333333333,15.4,18.016666666666666,15.9,19.2,171.16562578307148,0.2915341877767188,0.0,0.0,0.0,0.0,0.0,0.0,,0.0,0,0,0.0,0.0,0.0,0.0,0.0,0.0,872.97,-7.008333333333326,-10.3125,-6.723214285714334,1.9208333333333307,1.0,0.0,0.345833333333335,0.09999999999999964,0.15357868967617933,-0.988136420782752,0.15357868967617933,-0.988136420782752,0.4009487953122913,-1.6123395914222152,67.0,75.0,,,0.0,6,0.0,0.0,0.6927499999999999,0.0,-0.0,22.25,0.6208333333333336,175,6,2023,266
2024-06-24,0.0,8.3,0,0.0,17.7,27.5,22.125,6.5,4.129166666666666,-3.9725602377528855,0.1708090306713442,83.375,263.5416666666667,600.0,94.875,1005.6875,1002.1,18.754166666666666,16.6,17.8625,16.5,20.4,273.6153424246495,0.9648606499935528,0.0,0.0,0.0,0.0,0.0,0.0,,0.0,0,0,0.0,0.0,0.0,0.0,0.0,0.0,872.97,3.341666666666697,-2.579166666666765,-2.6446428571427987,-0.154166666666665,1.0,0.0,3.3708333333333336,1.0999999999999979,-0.9980098788640794,0.06305776470590667,-0.9980098788640794,0.06305776470590667,-3.312122098226468,0.14241202932223324,68.0,76.0,,,0.0,6,0.0,0.0,0.7869444444444444,0.0,-0.0,24.775,2.708333333333332,176,6,2023,267
2024-06-25,0.0,5.2,0,0.0,16.5,26.3,20.733333333333334,6.0,2.970833333333333,-1.9288655170693136,-1.229612331120444,86.875,216.79166666666666,600.0,92.04166666666667,1010.4125,1008.9,18.2625,16.2,16.129166666666666,13.2,18.7,246.69151180883546,0.730695458737192,0.0,0.0,0.0,0.0,0.0,0.0,,0.041666666666666664,0,0,0.0,0.0,0.0,0.0,0.0,0.0,872.97,4.725000000000023,1.058333333333394,1.8511904761904816,-1.7333333333333343,1.0,0.0,2.470833333333335,0.3000000000000007,-0.9183877724310694,-0.3956815631907789,-0.9183877724310694,-0.3956815631907789,-1.6757019179539663,-1.0682257126608858,69.0,77.0,,,0.0,6,0.0,0.0,0.7674444444444445,0.0,-0.0,17.825,-1.3916666666666657,177,6,2023,268
2024-06-26,0.0,0.1,0,0.0,15.1,23.2,19.041666666666668,8.2,5.316666666666666,-4.156350011168594,2.6100651173522444,79.45833333333333,313.875,600.0,67.83333333333333,1015.6583333333333,1013.6,15.045833333333334,13.4,13.579166666666666,12.2,15.3,303.1658561179934,0.9151017177457494,0.0,0.0,0.0,0.0,0.0,0.0,,0.041666666666666664,0,0,0.0,0.0,0.0,0.0,0.0,0.0,872.97,5.24583333333328,13.3125,6.460714285714289,-2.5500000000000007,1.0,0.0,3.9958333333333336,1.6999999999999993,-0.8370904704686126,0.547064479061323,-0.8370904704686126,0.547064479061323,-3.3025664463743785,2.073914241162804,70.0,78.0,,,0.0,6,0.0,0.0,0.8074444444444445,0.0,-0.0,31.9,-1.6916666666666664,178,6,2023,269
2024-06-27,0.0,0.0,0,0.0,11.6,24.9,18.7625,5.4,2.6166666666666667,0.5135962710897957,-1.0151771083412886,77.75,287.2916666666667,600.0,99.125,1016.65,1014.8,14.370833333333332,10.6,14.958333333333334,13.2,16.5,144.42781735889105,0.2839714635514081,0.0,0.0,0.0,0.0,0.0,0.0,,0.0,0,0,0.0,0.0,0.0,0.0,0.0,0.0,872.97,0.9916666666666742,10.962499999999977,6.882142857142867,1.3791666666666682,1.0,0.0,4.3916666666666675,1.0,0.5817281374853993,-0.8133832885287037,0.5817281374853993,-0.8133832885287037,0.39932110077231614,-0.7893002017353519,71.0,79.0,,,0.0,6,0.0,0.0,0.7840277777777778,0.0,-0.0,15.7,-0.27916666666666856,179,6,2023,270
2024-06-28,0.0,14.5,0,0.0,16.0,18.3,17.366666666666667,7.2,4.291666666666667,-0.688628544339343,-3.4962050479193816,94.25,52.416666666666664,144.0,99.875,1012.4583333333334,1009.6,16.420833333333334,14.7,14.645833333333334,13.6,15.4,199.7281903356025,0.7150020551370013,0.0,0.0,0.0,0.0,0.0,0.0,,0.0,0,0,0.0,0.0,0.0,0.0,0.0,0.0,872.97,-4.191666666666606,2.0458333333333485,2.091666666666697,-0.3125,1.0,0.0,0.9458333333333329,1.3000000000000007,-0.3375584344547154,-0.9413045752191379,-0.3375584344547154,-0.9413045752191379,-0.6490324030398307,-3.295173257664017,72.0,80.0,,,0.0,6,0.0,0.0,0.6824444444444445,0.0,-0.0,25.75,-1.3958333333333321,180,6,2023,271
2024-06-29,0.0,0.9,0,0.0,16.4,26.5,21.099999999999998,7.0,3.6958333333333333,0.24002829739650644,0.9467075432773302,83.58333333333333,305.7083333333333,600.0,51.833333333333336,1011.8666666666667,1010.7,18.0,15.5,17.154166666666665,16.2,18.5,7.783298803698746,0.35239305395335635,0.0,0.0,0.0,0.0,0.0,0.0,,0.125,0,0,0.0,0.0,0.0,0.0,0.0,0.0,872.97,-0.591666666666697,-3.7916666666666288,1.141071428571422,2.508333333333331,1.0,0.0,3.099999999999998,0.8999999999999986,0.1354267727282272,0.9907873582300175,0.1354267727282272,0.9907873582300175,0.20062365190724663,0.7912897215893018,73.0,81.0,,,0.0,6,0.0,0.0,0.81575,0.0,-0.0,22.175,3.7333333333333307,181,6,2023,272
2024-06-30,0.0,28.9,0,0.0,15.9,22.4,19.766666666666666,7.9,4.608333333333333,0.9813986590801469,-3.6503836089052655,96.91666666666667,66.75,289.0,100.0,1010.0666666666666,1005.5,19.216666666666665,15.6,17.679166666666667,16.3,19.1,174.98040971666774,0.7098512900586196,0.0,0.0,0.0,0.0,0.0,0.0,,0.0,0,0,0.0,0.0,0.0,0.0,0.0,0.0,872.97,-1.8000000000000682,-6.583333333333371,-1.761904761904816,0.5250000000000021,1.0,0.0,0.5500000000000007,0.3000000000000007,0.08749635150246624,-0.9961648400108071,0.08749635150246624,-0.9961648400108071,0.9511388670918425,-3.5378301142973534,74.0,82.0,,,0.0,6,0.0,0.0,0.700888888888889,0.0,-0.0,27.65,-1.3333333333333321,182,6,2023,273
2024-07-01,0.0,34.3,0,0.0,19.8,26.7,22.28333333333333,5.4,2.6916666666666664,-0.8196309866776833,0.7745751033383725,89.41666666666667,179.95833333333334,600.0,96.95833333333333,1005.4791666666666,1002.7,20.216666666666665,18.6,17.229166666666668,15.6,20.3,308.93197681080625,0.39326467321276964,0.0,0.0,0.0,0.0,0.0,0.0,,0.0,0,0,0.0,0.0,0.0,0.0,0.0,0.0,872.97,-4.587499999999977,-6.9791666666667425,-6.319642857142981,-0.4499999999999993,1.0,0.0,2.0666666666666664,1.1999999999999993,-0.777892560762179,0.6283972978226908,-0.777892560762179,0.6283972978226908,-0.7328867072542953,0.6925992382350614,75.0,83.0,,,0.0,6,0.0,0.0,0.7513611111111111,0.0,-0.0,16.15,2.5166666666666657,183,7,2023,274
2024-07-02,0.0,6.0,0,0.0,16.8,26.5,21.78333333333333,5.0,2.4916666666666667,-1.551721756665115,0.34033276891370495,83.125,243.375,600.0,99.70833333333333,1012.3208333333333,1009.8,18.462500000000002,16.6,17.020833333333332,15.9,18.1,272.17914151041543,0.6078884509855966,0.0,0.0,0.0,0.0,0.0,0.0,,0.0,0,0,0.0,0.0,0.0,0.0,0.0,0.0,872.97,6.841666666666697,0.4541666666666515,0.24940476190477057,-0.2083333333333357,1.0,0.0,3.3208333333333293,0.1999999999999993,-0.999276825249007,0.03802402556628624,-0.999276825249007,0.03802402556628624,-1.2898687102278767,0.28290161415951726,76.0,84.0,,,0.0,6,0.0,0.0,0.7726666666666667,0.0,-0.0,14.95,-0.5,184,7,2023,275
2024-07-03,0.0,22.6,0,0.0,19.4,27.9,23.583333333333332,4.9,2.779166666666667,-2.1631743651963915,-0.2734086436767163,85.29166666666667,217.375,600.0,99.375,1014.8833333333333,1012.8,20.695833333333333,18.2,19.983333333333334,18.3,21.5,263.32858531982436,0.7276275684884423,0.0,0.0,0.0,0.0,0.0,0.0,,0.0,0,0,0.0,0.0,0.0,0.0,0.0,0.0,872.97,2.5625,4.81666666666672,2.922619047619037,2.962500000000002,1.0,0.0,2.8874999999999993,1.1999999999999993,-0.9932287338895632,-0.11617522186824192,-0.9932287338895632,-0.11617522186824192,-1.8450074689820888,-0.2331947890025993,77.0,85.0,,,0.0,6,0.0,0.0,0.7625555555555555,0.0,-0.0,16.675,1.8000000000000007,185,7,2023,276
2024-07-04,0.0,28.4,0,0.0,18.6,27.3,23.53333333333333,7.4,4.191666666666666,-3.9939921539006504,0.6440715475933136,83.25,266.5,600.0,47.375,1010.7916666666666,1009.2,20.270833333333332,15.9,20.2375,19.2,22.2,273.12649173873587,0.862926963409647,0.0,0.0,0.0,0.0,0.0,0.0,,0.375,0,0,0.0,0.0,0.0,0.0,0.0,0.0,872.97,-4.091666666666697,5.3125,-0.33214285714291236,0.25416666666666643,1.0,0.0,3.2624999999999993,2.700000000000001,-0.9985115592752636,0.054540498656335014,-0.9985115592752636,0.054540498656335014,-3.324998468122291,0.5361895633714336,78.0,86.0,,,0.0,6,0.0,0.0,0.7885,0.0,-0.0,25.15,-0.05000000000000071,186,7,2023,277
2024-07-05,0.0,1.0,0,0.0,16.4,30.7,24.008333333333336,4.8,3.216666666666667,-2.312496329993056,-1.0776930063528987,76.875,324.625,600.0,45.416666666666664,1009.3166666666666,1007.3,19.304166666666667,14.5,20.533333333333335,18.7,23.1,240.49214356639493,0.7217895547402148,0.0,0.0,0.0,0.0,0.0,0.0,,0.375,0,0,0.0,0.0,0.0,0.0,0.0,0.0,872.97,-1.4750000000000227,-3.0041666666667197,-1.3583333333334622,0.2958333333333343,1.0,0.0,4.704166666666669,1.8999999999999986,-0.8702881663271722,-0.49254289919852495,-0.8702881663271722,-0.49254289919852495,-1.7777315536821618,-0.8284764986337909,79.0,87.0,,,0.0,6,0.0,0.0,0.806,0.0,-0.0,19.3,0.475000000000005,187,7,2023,278
2024-07-06,0.0,6.7,0,0.0,21.0,27.5,23.441666666666666,4.6,3.1041666666666665,-2.4726813622176613,-1.2488435373880507,88.375,179.41666666666666,600.0,98.875,1011.3666666666667,1009.8,21.212500000000002,19.5,20.508333333333333,18.9,22.0,242.50420191715503,0.8876057575339565,0.0,0.0,0.0,0.0,0.0,0.0,,0.0,0,0,0.0,0.0,0.0,0.0,0.0,0.0,872.97,2.050000000000068,-3.5166666666666515,0.7630952380952749,-0.02500000000000213,1.0,0.0,2.2291666666666643,1.5,-0.8870446941844707,-0.46168356102332553,-0.8870446941844707,-0.46168356102332553,-2.1852321538598583,-1.1036654761666898,80.0,88.0,,,0.0,6,0.0,0.0,0.7475277777777777,0.0,-0.0,18.625,-0.56666666666667,188,7,2023,279
2024-07-07,0.0,1.2000000000000002,0,0.0,18.8,30.3,24.78333333333333,8.9,3.3666666666666667,-2.8151382423259315,-0.44863366889273065,76.45833333333333,321.5833333333333,600.0,83.16666666666667,1010.8583333333332,1009.5,19.9375,15.8,21.879166666666666,19.3,24.9,260.8145040942452,0.8110839892993982,0.0,0.0,0.0,0.0,0.0,0.0,,0.0,0,0,0.0,0.0,0.0,0.0,0.0,0.0,872.97,-0.5083333333334394,0.06666666666660603,0.1416666666666515,1.3708333333333336,1.0,0.0,4.845833333333331,3.0,-0.9871767064390188,-0.1596312947520358,-0.9871767064390188,-0.1596312947520358,-2.1524077811117017,-0.343017826007567,81.0,89.0,,,0.0,6,0.0,0.0,0.8025833333333333,0.0,-0.0,20.2,1.341666666666665,189,7,2023,280
2024-07-08,0.0,15.8,0,0.0,21.3,26.1,23.02916666666667,4.5,3.033333333333333,-2.800528921795246,-0.2047672672558797,93.75,132.125,600.0,99.75,1009.8208333333333,1008.7,21.933333333333334,21.0,20.529166666666665,19.9,21.0,264.0339071581089,0.8881495537292938,0.0,0.0,0.0,0.0,0.0,0.0,,0.0,0,0,0.0,0.0,0.0,0.0,0.0,0.0,872.97,-1.037499999999909,0.5041666666667197,-1.5160714285713084,-1.3500000000000014,1.0,0.0,1.095833333333335,0.3000000000000007,-0.9945835802765035,-0.10393989534520365,-0.9945835802765035,-0.10393989534520365,-2.625495864183043,-0.19196931305238724,82.0,90.0,,,0.0,6,0.0,0.0,0.7339166666666667,0.0,-0.0,18.2,-1.7541666666666629,190,7,2023,281
2024-07-09,0.0,14.100000000000001,0,0.0,20.2,23.8,21.95,5.5,2.9,-1.5026495806476978,-0.912207630699172,94.66666666666667,88.375,389.0,98.0,1009.0333333333333,1007.5,21.05,19.2,18.7,16.9,21.2,243.97195722345447,0.6653353075243303,0.0,0.0,0.0,0.0,0.0,0.0,,0.0,0,0,0.0,0.0,0.0,0.0,0.0,0.0,872.97,-0.7875000000000227,-2.3333333333333712,-1.8339285714286007,-1.8291666666666657,1.0,0.0,0.8999999999999986,1.0,-0.8985793828143328,-0.4388109989289383,-0.8985793828143328,-0.4388109989289383,-1.4225082696798208,-0.8635565570618828,83.0,91.0,,,0.0,6,0.0,0.0,0.7078055555555555,0.0,-0.0,17.4,-1.0791666666666693,191,7,2023,282
2024-07-10,0.0,23.7,0,0.0,18.9,24.3,21.295833333333334,7.9,4.0125,-0.2992230264152979,-2.8448165940339742,96.41666666666667,101.41666666666667,495.0,95.375,1007.9541666666668,1002.5,20.658333333333335,18.8,18.154166666666665,17.3,18.9,198.42827674350335,0.6891376650732343,0.0,0.0,0.0,0.0,0.0,0.0,,0.0,0,0,0.0,0.0,0.0,0.0,0.0,0.0,872.97,-1.0791666666665378,-2.9041666666664696,-1.9232142857141525,-0.5458333333333343,1.0,0.0,0.6374999999999993,0.09999999999999787,-0.31611728993647537,-0.9487201162635999,-0.31611728993647537,-0.9487201162635999,-0.28850086796874974,-2.742877332747757,84.0,92.0,,,0.0,6,0.0,0.0,0.7223333333333334,0.0,-0.0,24.075000000000003,-0.654166666666665,192,7,2023,283
2024-07-11,0.0,24.5,0,0.0,20.2,25.3,21.6125,5.7,2.345833333333333,-1.5383634063379956,0.5946080406183704,94.125,157.75,600.0,99.375,1003.6208333333334,1001.3,20.575,19.6,16.979166666666668,15.7,18.6,298.31796104100613,0.6417108663885082,0.0,0.0,0.0,0.0,0.0,0.0,,0.0,0,0,0.0,0.0,0.0,0.0,0.0,0.0,872.97,-4.333333333333371,-6.199999999999932,-5.23214285714289,-1.1749999999999972,1.0,0.0,1.0375000000000014,0.5999999999999979,-0.8803286934084985,0.4743641971752145,-0.8803286934084985,0.4743641971752145,-1.4479845562156384,0.5596748182320411,85.0,93.0,,,0.0,6,0.0,0.0,0.7522500000000001,0.0,-0.0,14.075,0.31666666666666643,193,7,2023,284
2024-07-12,0.0,12.0,0,0.0,19.2,24.3,20.849999999999998,6.8,3.766666666666667,1.3138563985196432,-0.4256803978138633,93.875,140.66666666666666,600.0,95.29166666666667,1005.5333333333333,1004.1,19.758333333333333,18.5,16.2375,15.1,17.6,124.92216320195016,0.24168057860811418,0.0,0.0,0.0,0.0,0.0,0.0,,0.041666666666666664,0,0,0.0,0.0,0.0,0.0,0.0,0.0,872.97,1.912499999999909,-3.5,-2.779166666666697,-0.7416666666666671,1.0,0.0,1.091666666666665,0.6999999999999993,0.8199304965682113,-0.5724630824755483,0.8199304965682113,-0.5724630824755483,1.233382694110315,-0.39960747344776415,86.0,94.0,,,0.0,6,0.0,0.0,0.7400277777777777,0.0,-0.0,22.6,-0.7625000000000028,194,7,2023,285
2024-07-13,0.0,0.0,0,0.0,16.8,26.7,21.766666666666666,5.5,3.7375000000000003,0.7885217873295313,-1.57299178263468,79.58333333333333,285.2916666666667,600.0,89.58333333333333,1011.5124999999999,1008.5,17.729166666666668,15.1,18.075,16.5,20.0,157.15785490153485,0.41804625247383065,0.0,0.0,0.0,0.0,0.0,0.0,,0.0,0,0,0.0,0.0,0.0,0.0,0.0,0.0,872.97,5.979166666666629,3.5583333333331666,3.1791666666665606,1.8374999999999986,1.0,0.0,4.037499999999998,1.700000000000001,0.38819357710856184,-0.9215778570970871,0.38819357710856184,-0.9215778570970871,0.6275319224164186,-1.2518392936800995,87.0,95.0,,,0.0,6,0.0,0.0,0.7888055555555556,0.0,-0.0,22.425,0.9166666666666679,195,7,2023,286
2024-07-14,0.0,23.1,0,0.0,18.9,22.6,20.945833333333333,5.1,2.9875000000000003,-0.30959748428262257,-1.7831704688659549,96.0,63.75,219.0,99.58333333333333,1016.7125,1015.5,20.2625,18.7,16.866666666666667,16.5,17.1,202.47986681179955,0.5427474545806475,0.0,0.0,0.0,0.0,0.0,0.0,,0.0,0,0,0.0,0.0,0.0,0.0,0.0,0.0,872.97,5.2000000000000455,13.091666666666583,7.542857142857088,-1.2083333333333321,1.0,0.0,0.6833333333333336,0.1999999999999993,-0.3823587663260587,-0.9240139467635835,-0.3823587663260587,-0.9240139467635835,-0.29721358491131766,-1.7118436501113166,88.0,96.0,,,0.0,6,0.0,0.0,0.6958333333333333,0.0,-0.0,17.925,-0.8208333333333329,196,7,2023,287
2024-07-15,0.0,33.5,0,0.0,19.5,24.8,21.733333333333334,6.4,2.9333333333333336,0.34188031095498655,-0.6948997657595896,97.04166666666667,157.91666666666666,583.0,99.66666666666667,1017.6625,1015.3,21.208333333333332,19.5,17.083333333333332,16.5,18.0,103.68967919288373,0.22733075983215484,0.0,0.0,0.0,0.0,0.0,0.0,,0.0,0,0,0.0,0.0,0.0,0.0,0.0,0.0,872.97,0.9500000000000455,12.12916666666672,7.372619047618969,0.216666666666665,1.0,0.0,0.5250000000000021,0.0,0.9715917663796895,-0.23666313507429707,0.9715917663796895,-0.23666313507429707,0.3317663517559016,-0.6743423143558683,89.0,97.0,,,0.0,6,0.0,0.0,0.7620833333333333,0.0,-0.0,17.6,0.7875000000000014,197,7,2023,288
2024-07-16,0.0,33.8,0,0.0,19.5,23.8,21.704166666666666,6.9,4.016666666666667,1.4370883409725737,-2.287565817458596,96.125,176.08333333333334,600.0,94.91666666666667,1017.9499999999999,1017.1,21.020833333333332,19.3,17.108333333333334,16.5,17.7,149.33954897916925,0.6200141225391116,0.0,0.0,0.0,0.0,0.0,0.0,,0.0,0,0,0.0,0.0,0.0,0.0,0.0,0.0,872.97,0.28749999999990905,6.4375,6.386309523809473,0.02500000000000213,1.0,0.0,0.6833333333333336,0.1999999999999993,0.5099492747874362,-0.8602044740314758,0.5099492747874362,-0.8602044740314758,1.3814011677598865,-2.1989226420320755,90.0,98.0,,,0.0,6,0.0,0.0,0.7711388888888889,0.0,-0.0,24.1,-0.02916666666666856,198,7,2023,289
2024-07-17,0.0,3.7,0,0.0,19.0,26.5,21.775000000000002,5.4,3.016666666666666,-2.1045574058554473,-0.013941208736113661,92.75,132.45833333333334,600.0,97.75,1015.9958333333334,1014.3,20.491666666666667,18.8,18.345833333333335,16.9,19.4,266.3656654709823,0.6651724834755421,0.0,0.0,0.0,0.0,0.0,0.0,,0.0,0,0,0.0,0.0,0.0,0.0,0.0,0.0,872.97,-1.9541666666665378,-0.7166666666665833,3.2833333333334167,1.2375000000000007,1.0,0.0,1.283333333333335,0.1999999999999993,-0.9979889219790522,-0.06338857631379095,-0.9979889219790522,-0.06338857631379095,-1.9519769939309273,-0.01293047110274542,91.0,99.0,,,0.0,6,0.0,0.0,0.7308055555555555,0.0,-0.0,18.099999999999998,0.07083333333333641,199,7,2023,290
2024-07-18,0.0,0.2,0,0.0,17.5,29.3,24.1375,5.8,3.0833333333333335,0.06972308369720472,-0.9635423379486969,80.29166666666667,311.7916666666667,600.0,75.70833333333333,1014.1750000000001,1012.3,20.195833333333333,16.3,21.099999999999998,20.0,22.9,157.89611120130698,0.23299929439317532,0.0,0.0,0.0,0.0,0.0,0.0,,0.041666666666666664,0,0,0.0,0.0,0.0,0.0,0.0,0.0,872.97,-1.8208333333333258,-3.4874999999999545,-0.04523809523811906,2.754166666666663,1.0,0.0,3.9416666666666664,1.1999999999999993,0.3762871479400605,-0.9265030935162252,0.3762871479400605,-0.9265030935162252,0.05598182595188062,-0.7736442021779746,92.0,100.0,,,0.0,6,0.0,0.0,0.8088333333333333,0.0,-0.0,18.5,2.362499999999997,200,7,2023,291
2024-07-19,0.0,5.300000000000001,0,0.0,20.8,27.7,23.516666666666666,7.3,3.829166666666667,1.1640368000437622,-1.9643013630386676,89.70833333333333,136.45833333333334,600.0,98.0,1013.4291666666667,1012.1,21.691666666666666,19.8,20.666666666666668,19.8,21.6,140.71772111597642,0.543921617389854,0.0,0.0,0.0,0.0,0.0,0.0,,0.0,0,0,0.0,0.0,0.0,0.0,0.0,0.0,872.97,-0.745833333333394,-4.5208333333332575,-1.9190476190476602,-0.43333333333333,1.0,0.0,1.8249999999999993,1.0,0.6331414998887416,-0.774036072233481,0.6331414998887416,-0.774036072233481,1.044238012705925,-1.762142014425938,93.0,101.0,,,0.0,6,0.0,0.0,0.7233333333333333,0.0,-0.0,22.975,-0.6208333333333336,201,7,2023,292
2024-07-20,0.0,6.800000000000001,0,0.0,19.8,28.0,23.920833333333334,5.5,3.295833333333333,-1.7969657821590175,-0.9554755826417419,86.95833333333333,223.375,600.0,76.29166666666667,1013.9958333333334,1013.3,21.508333333333336,18.6,20.233333333333334,19.3,22.2,242.2933746604852,0.5888480216650808,0.0,0.0,0.0,0.0,0.0,0.0,,0.125,0,0,0.0,0.0,0.0,0.0,0.0,0.0,872.97,0.5666666666667197,-2.0,-1.7071428571427987,-0.43333333333333357,1.0,0.0,2.412499999999998,1.1999999999999993,-0.8853398682953251,-0.46494442421306265,-0.8853398682953251,-0.46494442421306265,-1.562611494735779,-0.8308656420722147,94.0,102.0,,,0.0,6,0.0,0.0,0.7721111111111111,0.0,-0.0,19.775,0.40416666666666856,202,7,2023,293
2024-07-21,0.0,0.2,0,0.0,18.1,30.5,24.412499999999998,6.2,3.045833333333333,-2.1208311331836724,-1.459943447396121,79.16666666666667,306.5416666666667,600.0,77.08333333333333,1014.0041666666666,1012.4,20.183333333333334,17.3,21.1875,19.6,23.3,234.8918063551448,0.7699485128367763,0.0,0.0,0.0,0.0,0.0,0.0,,0.16666666666666666,0,0,0.0,0.0,0.0,0.0,0.0,0.0,872.97,0.008333333333212067,-0.17083333333346218,-1.3119047619047706,0.9541666666666657,1.0,0.0,4.229166666666664,0.8000000000000007,-0.8180674798120807,-0.5751222465475587,-0.8180674798120807,-0.5751222465475587,-1.6789913137704073,-1.1557885625219293,95.0,103.0,,,0.0,6,0.0,0.0,0.8015833333333333,0.0,-0.0,18.275,0.4916666666666636,203,7,2023,294
2024-07-22,0.0,2.4,0,0.0,20.8,29.7,24.59166666666667,5.9,3.3125,-3.134527694557621,-0.5732067746471055,80.625,287.875,600.0,38.208333333333336,1013.5666666666666,1012.1,20.779166666666665,18.9,21.608333333333334,20.9,23.3,258.23967215628414,0.9554935371791282,0.0,0.0,0.0,0.0,0.0,0.0,,0.3333333333333333,0,0,0.0,0.0,0.0,0.0,0.0,0.0,872.97,-0.4375,0.1374999999999318,-1.1642857142858247,0.4208333333333343,1.0,0.0,3.8125000000000036,1.9000000000000021,-0.9790087491603975,-0.2038182255525594,-0.9790087491603975,-0.2038182255525594,-2.5272129537370818,-0.4621479620592288,96.0,104.0,,,0.0,6,0.0,0.0,0.794,0.0,-0.0,19.875,0.1791666666666707,204,7,2023,295
2024-07-23,0.0,2.8000000000000003,0,0.0,20.5,30.2,25.03333333333333,5.1,2.9625,-1.3081542663893788,-0.7657685707799725,79.83333333333333,271.5833333333333,600.0,54.416666666666664,1012.0875,1010.5,21.129166666666666,18.0,21.133333333333333,19.8,23.7,243.5019770440209,0.5198862868689429,0.0,0.0,0.0,0.0,0.0,0.0,,0.25,0,0,0.0,0.0,0.0,0.0,0.0,0.0,872.97,-1.4791666666666288,-1.9083333333334167,-1.8059523809523625,-0.4750000000000014,1.0,0.0,3.904166666666665,2.5,-0.894949757538685,-0.44616693230387305,-0.894949757538685,-0.44616693230387305,-1.044343156000854,-0.611338575672678,97.0,105.0,,,0.0,6,0.0,0.0,0.7805,0.0,-0.0,17.775,0.4416666666666629,205,7,2023,296
2024-07-24,0.0,26.0,0,0.0,19.8,23.9,21.97083333333333,6.4,3.5124999999999997,-3.2146825242772574,-0.5662999230805862,92.83333333333333,74.66666666666667,336.0,96.08333333333333,1010.8083333333334,1009.8,20.766666666666666,17.8,19.604166666666668,19.1,20.3,261.1099162925101,0.916192734918691,0.0,0.0,0.0,0.0,0.0,0.0,,0.0,0,0,0.0,0.0,0.0,0.0,0.0,0.0,872.97,-1.2791666666665833,-3.195833333333212,-2.344047619047501,-1.529166666666665,1.0,0.0,1.2041666666666657,2.0,-0.9879866270014735,-0.15453939583889667,-0.9879866270014735,-0.15453939583889667,-2.9842969433707203,-0.5257150952598109,98.0,106.0,,,0.0,6,0.0,0.0,0.6925555555555555,0.0,-0.0,21.075,-3.0625,206,7,2023,297
2024-07-25,0.0,4.1000000000000005,0,0.0,19.3,28.9,23.77916666666667,4.3,2.6666666666666665,-2.3608797207221817,-0.36080047027479667,80.70833333333333,251.20833333333334,600.0,88.125,1012.6708333333332,1010.4,20.0625,18.0,20.333333333333332,19.3,21.6,260.54533278428903,0.8621541222275798,0.0,0.0,0.0,0.0,0.0,0.0,,0.0,0,0,0.0,0.0,0.0,0.0,0.0,0.0,872.97,1.8624999999998408,-0.8958333333333712,-0.2666666666667652,0.7291666666666643,1.0,0.0,3.7166666666666686,1.3000000000000007,-0.9864158795255148,-0.16426719885572108,-0.9864158795255148,-0.16426719885572108,-1.9054266745995272,-0.29119604621761713,99.0,107.0,,,0.0,6,0.0,0.0,0.7698333333333333,0.0,-0.0,16.0,1.8083333333333371,207,7,2023,298
2024-07-26,0.0,3.7,0,0.0,19.8,28.9,24.370833333333334,4.0,2.475,-1.3194521151901855,0.1061285686238201,85.33333333333333,220.16666666666666,600.0,90.0,1019.1041666666666,1015.8,21.59583333333333,18.4,20.337500000000002,19.4,21.7,274.05944129925496,0.46629199581174197,0.0,0.0,0.0,0.0,0.0,0.0,,0.0,0,0,0.0,0.0,0.0,0.0,0.0,0.0,872.97,6.433333333333394,7.0166666666666515,5.355952380952431,0.0041666666666699825,1.0,0.0,2.775000000000002,1.4000000000000021,-0.9974911448348319,0.0707913552356242,-0.9974911448348319,0.0707913552356242,-1.1259324716289583,0.0905630452256598,100.0,108.0,,,0.0,6,0.0,0.0,0.7645555555555555,0.0,-0.0,14.850000000000001,0.591666666666665,208,7,2023,299
2024-07-27,0.0,1.7,0,0.0,21.4,30.6,25.587500000000002,4.7,2.5166666666666666,-1.7526760187620731,1.4367370823687688,82.04166666666667,290.6666666666667,600.0,97.08333333333333,1022.0666666666666,1020.6,22.045833333333334,19.8,20.287499999999998,19.6,20.9,309.99464662540527,0.8519916464471656,0.0,0.0,0.0,0.0,0.0,0.0,,0.0,0,0,0.0,0.0,0.0,0.0,0.0,0.0,872.97,2.9624999999999773,11.258333333333212,7.16547619047617,-0.05000000000000426,1.0,0.0,3.541666666666668,1.5999999999999979,-0.7661044980008714,0.6427160322746219,-0.7661044980008714,0.6427160322746219,-1.4379246170593842,1.1787230479933775,101.0,109.0,,,0.0,6,0.0,0.0,0.8005833333333333,0.0,-0.0,15.1,1.2166666666666686,209,7,2023,300
2024-07-28,0.0,0.7000000000000001,0,0.0,21.1,30.0,25.09583333333333,8.3,5.329166666666667,-4.678620956727701,2.5022455171513704,84.58333333333333,221.29166666666666,600.0,99.20833333333333,1017.8291666666668,1015.2,22.150000000000002,21.0,20.833333333333332,20.2,21.6,298.0839371638217,0.9956160580854652,0.0,0.0,0.0,0.0,0.0,0.0,,0.0,0,0,0.0,0.0,0.0,0.0,0.0,0.0,872.97,-4.237499999999841,5.15833333333353,2.381547619047751,0.5458333333333343,1.0,0.0,2.9458333333333293,0.10000000000000142,-0.8822588792383915,0.4707645589942145,-0.8822588792383915,0.4707645589942145,-3.9573335592321803,2.116482666590534,102.0,110.0,,,0.0,6,0.0,0.0,0.7628055555555555,0.0,-0.0,31.975,-0.4916666666666707,210,7,2023,301
2024-07-29,0.0,0.1,0,0.0,20.7,30.0,25.008333333333336,7.9,5.320833333333334,-5.025580039580456,1.5113060561631813,79.08333333333333,305.9583333333333,600.0,78.625,1010.5625,1007.4,20.875,19.3,21.329166666666666,19.6,24.4,285.98057968542935,0.9858378681241547,0.0,0.0,0.0,0.0,0.0,0.0,,0.041666666666666664,0,0,0.0,0.0,0.0,0.0,0.0,0.0,872.97,-7.266666666666765,-8.541666666666629,-4.455952380952226,0.49583333333333357,1.0,0.0,4.133333333333336,1.3999999999999986,-0.9613550675680438,0.27531152184614793,-0.9613550675680438,0.27531152184614793,-3.974396214634877,1.1951912060823824,103.0,111.0,,,0.0,6,0.0,0.0,0.8009166666666667,0.0,-0.0,31.925000000000004,-0.08749999999999503,211,7,2023,302
2024-07-30,0.0,12.5,0,0.0,21.8,27.0,23.974999999999998,7.7,5.129166666666666,-3.96860454157402,2.92115194634596,92.58333333333333,175.08333333333334,600.0,81.25,1007.1791666666667,1006.3,22.662499999999998,20.7,19.825,18.6,21.1,304.76010616310685,0.9543062394254201,0.0,0.0,0.0,0.0,0.0,0.0,,0.041666666666666664,0,0,0.0,0.0,0.0,0.0,0.0,0.0,872.97,-3.3833333333333258,-14.887499999999932,-7.138095238095161,-1.5041666666666664,1.0,0.0,1.3125,1.1000000000000014,-0.8215463858142484,0.5701416805983808,-0.8215463858142484,0.5701416805983808,-3.6742663714072794,2.7044998436586343,104.0,112.0,,,0.0,6,0.0,0.0,0.7586666666666666,0.0,-0.0,30.775,-1.0333333333333385,212,7,2023,303
2024-07-31,0.0,0.1,0,0.0,19.7,27.4,23.245833333333334,9.5,5.795833333333333,-3.8036595729468377,3.566174248245622,85.29166666666667,260.0,600.0,89.41666666666667,1008.2458333333334,1006.6,20.412499999999998,19.3,18.254166666666666,17.3,19.7,312.5251013619622,0.883376203049947,0.0,0.0,0.0,0.0,0.0,0.0,,0.0,0,0,0.0,0.0,0.0,0.0,0.0,0.0,872.97,1.0666666666667197,-9.583333333333371,-5.705357142856997,-1.5708333333333329,1.0,0.0,2.8333333333333357,0.3999999999999986,-0.7369812890411753,0.6759131450143633,-0.7369812890411753,0.6759131450143633,-3.244204644092574,3.041649452566162,105.0,113.0,,,0.0,6,0.0,0.0,0.7909722222222223,0.0,-0.0,34.775,-0.7291666666666643,213,7,2023,304
2024-08-01,0.0,0.0,0,0.0,16.9,29.6,23.95,6.0,3.4375,-0.24702905176155385,1.3567038365518576,80.66666666666667,317.625,600.0,65.625,1009.5458333333332,1008.4,19.983333333333334,16.7,20.583333333333332,19.1,22.0,333.2329758566204,0.37775624988901924,0.0,0.0,0.0,0.0,0.0,0.0,,0.25,0,0,0.0,0.0,0.0,0.0,0.0,0.0,872.97,1.2999999999998408,-1.0166666666667652,-3.9589285714286007,2.3291666666666657,1.0,0.0,3.966666666666665,0.1999999999999993,-0.45036374963604286,0.8928451674359691,-0.45036374963604286,0.8928451674359691,-0.19927010175432014,1.0944077614851653,106.0,114.0,,,0.0,6,0.0,0.0,0.8139722222222222,0.0,-0.0,20.625,0.7041666666666657,214,8,2023,305
2024-08-02,0.0,0.0,0,0.0,18.8,30.8,25.358333333333334,5.8,3.2875,0.6377749556693969,0.7818330216399771,83.0,302.5416666666667,600.0,57.875,1009.8416666666667,1008.4,21.916666666666668,18.6,21.5625,20.3,24.0,10.210999314938157,0.1886847739866641,0.0,0.0,0.0,0.0,0.0,0.0,,0.2916666666666667,0,0,0.0,0.0,0.0,0.0,0.0,0.0,872.97,0.2958333333334622,2.6625000000000227,-2.3398809523810087,0.9791666666666679,1.0,0.0,3.4416666666666664,0.1999999999999993,0.17727367727992374,0.9841615941214397,0.17727367727992374,0.9841615941214397,0.5293532132055995,0.648921407961181,107.0,115.0,,,0.0,6,0.0,0.0,0.8116944444444445,0.0,-0.0,19.725,1.408333333333335,215,8,2023,306
2024-08-03,0.0,0.30000000000000004,0,0.0,20.2,31.4,25.962500000000002,5.4,2.8375,0.20272386021888797,0.061298544955237864,85.95833333333333,282.25,600.0,54.041666666666664,1011.6374999999999,1010.2,23.108333333333334,20.2,21.599999999999998,20.3,24.0,359.9361404601461,0.08770466369680488,0.0,0.0,0.0,0.0,0.0,0.0,,0.16666666666666666,0,0,0.0,0.0,0.0,0.0,0.0,0.0,872.97,1.7958333333332348,3.391666666666538,0.9458333333332121,0.03749999999999787,1.0,0.0,2.854166666666668,0.0,-0.00111455899850112,0.9999993788789265,-0.00111455899850112,0.9999993788789265,0.17425805151315246,0.05269120760110654,108.0,116.0,,,0.0,6,0.0,0.0,0.8080277777777778,0.0,-0.0,17.025,0.6041666666666679,216,8,2023,307
2024-08-04,0.0,3.7,0,0.0,21.9,29.8,25.224999999999998,5.8,2.8041666666666667,-0.32982090189186486,0.22337854648224087,89.08333333333333,266.0833333333333,600.0,62.833333333333336,1012.3708333333334,1011.2,23.133333333333336,21.7,20.770833333333332,19.7,22.8,285.65375208536176,0.11997806970545226,0.0,0.0,0.0,0.0,0.0,0.0,,0.08333333333333333,0,0,0.0,0.0,0.0,0.0,0.0,0.0,872.97,0.7333333333334622,2.825000000000159,2.458928571428487,-0.8291666666666657,1.0,0.0,2.0916666666666615,0.1999999999999993,-0.962909855618478,0.26982329394031535,-0.962909855618478,0.26982329394031535,-0.29381545343533627,0.19899305515792956,109.0,117.0,,,0.0,6,0.0,0.0,0.8076666666666666,0.0,-0.0,16.825,-0.7375000000000043,217,8,2023,308
2024-08-05,0.0,1.7000000000000002,0,0.0,20.9,30.0,25.09166666666667,5.7,2.6916666666666664,0.4826033331716802,-0.18233589921470292,87.875,266.2083333333333,600.0,67.16666666666667,1011.3874999999999,1009.9,22.72083333333333,20.9,20.400000000000002,19.2,21.8,31.024983242158847,0.13489076113262183,0.0,0.0,0.0,0.0,0.0,0.0,,0.041666666666666664,0,0,0.0,0.0,0.0,0.0,0.0,0.0,872.97,-0.9833333333334622,1.5458333333332348,1.357738095238119,-0.37083333333333,1.0,0.0,2.370833333333337,0.0,0.5154117850230023,0.8569426421058777,0.5154117850230023,0.8569426421058777,0.424087679024614,-0.16022767143492017,110.0,118.0,,,0.0,6,0.0,0.0,0.8037222222222223,0.0,-0.0,16.15,-0.1333333333333293,218,8,2023,309
2024-08-06,0.0,5.3,0,0.0,21.6,28.0,24.1875,6.9,3.4125,1.5030771904684326,-0.8305125071259313,92.58333333333333,188.45833333333334,600.0,90.79166666666667,1010.8958333333334,1009.9,22.816666666666666,21.5,19.625,18.7,21.7,123.41443478852753,0.25480888425161824,0.0,0.0,0.0,0.0,0.0,0.0,,0.0,0,0,0.0,0.0,0.0,0.0,0.0,0.0,872.97,-0.49166666666656056,-0.7416666666665606,0.33511904761905953,-0.7750000000000021,1.0,0.0,1.3708333333333336,0.10000000000000142,0.8347091516328409,-0.5506910496643131,0.8347091516328409,-0.5506910496643131,1.3915989655086904,-0.7689161628474247,111.0,119.0,,,0.0,6,0.0,0.0,0.7675833333333334,0.0,-0.0,20.475,-0.9041666666666686,219,8,2023,310
2024-08-07,0.0,16.4,0,0.0,21.7,27.9,23.912499999999998,6.3,2.7125,0.8992129326949797,1.377018494184295,92.83333333333333,205.54166666666666,600.0,80.79166666666667,1008.75,1006.8,22.620833333333334,21.7,18.895833333333332,18.0,20.2,39.72434240093939,0.5322731740641724,0.0,0.0,0.0,0.0,0.0,0.0,,0.0,0,0,0.0,0.0,0.0,0.0,0.0,0.0,872.97,-2.1458333333333712,-3.620833333333394,-1.8827380952380963,-0.7291666666666679,1.0,0.0,1.2916666666666643,0.0,0.6390946431383838,0.7691281018866896,0.6390946431383838,0.7691281018866896,0.8347693391851727,1.2783321687677536,112.0,120.0,,,0.0,6,0.0,0.0,0.7798055555555555,0.0,-0.0,16.275,-0.27500000000000213,220,8,2023,311
2024-08-08,0.0,1.2000000000000002,0,0.0,21.3,28.6,24.212500000000002,4.1,2.3541666666666665,0.7621973824208886,0.9703385867902439,88.66666666666667,256.0833333333333,600.0,58.916666666666664,1007.5500000000001,1006.1,22.054166666666664,21.2,19.933333333333334,18.8,22.1,21.125963686008536,0.49833030241724297,0.0,0.0,0.0,0.0,0.0,0.0,,0.041666666666666664,0,0,0.0,0.0,0.0,0.0,0.0,0.0,872.97,-1.1999999999999318,-3.8374999999998636,-2.797619047619037,1.0375000000000014,1.0,0.0,2.1583333333333385,0.10000000000000142,0.3604195407234991,0.9327903058376315,0.3604195407234991,0.9327903058376315,0.6758150124131879,0.8603668802873495,113.0,121.0,,,0.0,6,0.0,0.0,0.799611111111111,0.0,-0.0,14.125,0.30000000000000426,221,8,2023,312
2024-08-09,0.0,4.0,0,0.0,20.7,27.9,23.858333333333334,6.8,3.6374999999999997,0.05786268481844831,2.4142098502225275,87.5,257.5833333333333,600.0,70.875,1006.8874999999999,1005.4,21.491666666666664,20.5,19.366666666666667,18.2,21.7,350.4156833713769,0.5765005425906705,0.0,0.0,0.0,0.0,0.0,0.0,,0.0,0,0,0.0,0.0,0.0,0.0,0.0,0.0,872.97,-0.6625000000001364,-4.008333333333439,-3.038095238095366,-0.5666666666666664,1.0,0.0,2.3666666666666707,0.1999999999999993,-0.16649884725877637,0.986041649151545,-0.16649884725877637,0.986041649151545,0.05062984921614227,2.1124336189447117,114.0,122.0,,,0.0,6,0.0,0.0,0.7967222222222222,0.0,-0.0,21.825,-0.35416666666666785,222,8,2023,313
2024-08-10,0.0,1.0,0,0.0,18.8,28.6,23.520833333333332,8.0,4.408333333333333,0.8348340538405129,3.7157991930350143,85.79166666666667,282.5,600.0,60.291666666666664,1006.0583333333334,1004.9,20.754166666666666,18.4,19.05,18.0,20.9,2.4990881090322357,0.795291970743724,0.0,0.0,0.0,0.0,0.0,0.0,,0.16666666666666666,0,0,0.0,0.0,0.0,0.0,0.0,0.0,872.97,-0.8291666666665378,-2.691666666666606,-3.0702380952379826,-0.31666666666666643,1.0,0.0,2.7666666666666657,0.40000000000000213,0.04360348700803476,0.9990489156796779,0.04360348700803476,0.9990489156796779,0.7162180486906735,3.18784605769129,115.0,123.0,,,0.0,6,0.0,0.0,0.8076388888888889,0.0,-0.0,26.45,-0.33750000000000213,223,8,2023,314
2024-08-11,0.0,0.0,0,0.0,18.4,29.8,23.6125,8.6,4.333333333333333,-1.0919844073982905,3.452174965682511,83.125,295.5416666666667,600.0,36.791666666666664,1005.1083333333332,1003.9,20.325,18.2,19.570833333333333,18.2,21.4,332.99029429582816,0.7847388491786285,0.0,0.0,0.0,0.0,0.0,0.0,,0.5,0,0,0.0,0.0,0.0,0.0,0.0,0.0,872.97,-0.9500000000001592,-2.4416666666668334,-2.982738095238119,0.5208333333333321,1.0,0.0,3.2875000000000014,0.1999999999999993,-0.4541414266065065,0.8909296070059671,-0.4541414266065065,0.8909296070059671,-0.907712038649829,2.869620440223587,116.0,124.0,,,0.0,6,0.0,0.0,0.8074444444444445,0.0,-0.0,26.0,0.09166666666666856,224,8,2023,315
2024-08-12,0.0,5.3,0,0.0,19.8,29.8,24.991666666666664,8.1,3.658333333333333,-1.3099917066937328,2.925881757081281,84.16666666666667,261.2083333333333,600.0,43.416666666666664,1006.1125000000001,1005.0,21.983333333333334,18.1,20.104166666666668,19.1,21.8,345.2634437356097,0.7396673100017296,0.0,0.0,0.0,0.0,0.0,0.0,,0.20833333333333334,0,0,0.0,0.0,0.0,0.0,0.0,0.0,872.97,1.0041666666668334,-0.7749999999998636,-1.224999999999909,0.533333333333335,1.0,0.0,3.0083333333333293,1.6999999999999993,-0.2543750360057969,0.9671056514450991,-0.2543750360057969,0.9671056514450991,-1.102576353133892,2.462617145543412,117.0,125.0,,,0.0,6,0.0,0.0,0.7880277777777778,0.0,-0.0,21.95,1.3791666666666629,225,8,2023,316
2024-08-13,0.0,35.199999999999996,0,0.0,23.5,27.6,24.854166666666668,4.4,2.0541666666666667,0.6464082728113799,1.154219980853007,94.75,147.41666666666666,600.0,99.54166666666667,1010.9916666666667,1009.4,23.90416666666667,23.3,19.925,19.1,21.0,30.63840362884151,0.5877436745180609,0.0,0.0,0.0,0.0,0.0,0.0,,0.0,0,0,0.0,0.0,0.0,0.0,0.0,0.0,872.97,4.879166666666606,4.93333333333328,3.640476190476079,-0.17916666666666714,1.0,0.0,0.9499999999999993,0.1999999999999993,0.5096182307195524,0.8604006386087083,0.5096182307195524,0.8604006386087083,0.6124718384887824,1.093623431858224,118.0,126.0,,,0.0,6,0.0,0.0,0.7474444444444445,0.0,-0.0,12.325,-0.13749999999999574,226,8,2023,317
2024-08-14,0.0,3.9,0,0.0,22.7,29.3,25.079166666666666,4.3,2.8125,1.1961814653193283,0.472209296704078,88.625,220.45833333333334,600.0,78.58333333333333,1011.7833333333333,1010.2,22.900000000000002,22.1,19.941666666666666,19.1,21.5,66.3456460935492,0.3815278705037289,0.0,0.0,0.0,0.0,0.0,0.0,,0.0,0,0,0.0,0.0,0.0,0.0,0.0,0.0,872.97,0.7916666666666288,6.675000000000068,3.9988095238094274,0.01666666666666572,1.0,0.0,2.1791666666666636,0.5999999999999979,0.9159825243180248,0.4012181640254826,0.9159825243180248,0.4012181640254826,1.0601158236392547,0.41849548920398916,119.0,127.0,,,0.0,6,0.0,0.0,0.7757222222222223,0.0,-0.0,16.875,0.22499999999999787,227,8,2023,318
2024-08-15,0.0,5.6000000000000005,0,0.0,20.6,29.2,24.162499999999998,6.5,4.6375,2.1861214588879894,-1.0961490006364312,91.79166666666667,229.875,600.0,73.58333333333333,1011.1791666666667,1009.3,22.633333333333336,20.6,20.099999999999998,19.4,21.5,116.98614988890452,0.3463823637770589,0.0,0.0,0.0,0.0,0.0,0.0,,0.0,0,0,0.0,0.0,0.0,0.0,0.0,0.0,872.97,-0.6041666666666288,5.066666666666606,2.876190476190459,0.15833333333333144,1.0,0.0,1.5291666666666615,0.0,0.8911162412968591,-0.4537751034344636,0.8911162412968591,-0.4537751034344636,2.0066773224709338,-1.0061734368341908,120.0,128.0,,,0.0,6,0.0,0.0,0.7925555555555556,0.0,-0.0,27.825000000000003,-0.9166666666666679,228,8,2023,319
2024-08-16,0.0,2.0,0,0.0,20.7,28.4,24.3875,7.8,5.145833333333333,1.921874750039133,-0.5950968962479553,88.16666666666667,226.83333333333334,600.0,57.291666666666664,1009.1583333333333,1007.1,22.208333333333332,19.4,20.295833333333334,19.1,22.0,90.61092448753682,0.3412599204665008,0.0,0.0,0.0,0.0,0.0,0.0,,0.20833333333333334,0,0,0.0,0.0,0.0,0.0,0.0,0.0,872.97,-2.0208333333333712,-1.8333333333333712,0.5309523809523853,0.1958333333333364,1.0,0.0,2.179166666666667,1.3000000000000007,0.9999431545522947,-0.010662441746890914,0.9999431545522947,-0.010662441746890914,1.6944529046178358,-0.524677096858614,121.0,129.0,,,0.0,6,0.0,0.0,0.7784444444444444,0.0,-0.0,30.875,0.22500000000000142,229,8,2023,320
2024-08-17,0.0,1.6,0,0.0,22.1,28.9,24.941666666666666,8.4,4.8999999999999995,-1.8438455268691092,4.137966323597887,88.95833333333333,232.875,600.0,68.41666666666667,1010.9625,1009.1,22.849999999999998,21.9,19.60833333333333,18.7,20.6,337.40223450284236,0.9044430213008147,0.0,0.0,0.0,0.0,0.0,0.0,,0.041666666666666664,0,0,0.0,0.0,0.0,0.0,0.0,0.0,872.97,1.8041666666666742,-0.8208333333333258,1.6345238095237846,-0.6875000000000036,1.0,0.0,2.0916666666666686,0.20000000000000284,-0.38425931769371724,0.9232252037101017,-0.38425931769371724,0.9232252037101017,-1.6402542499439783,3.681065875367287,122.0,130.0,,,0.0,6,0.0,0.0,0.7851111111111111,0.0,-0.0,29.4,0.5541666666666671,230,8,2023,321
2024-08-18,0.0,1.6,0,0.0,20.2,29.5,24.912499999999998,4.9,2.966666666666667,0.6094147702304477,0.13018315189397697,87.66666666666667,249.45833333333334,600.0,60.041666666666664,1013.5333333333333,1012.0,22.474999999999998,20.1,20.4875,19.4,22.3,46.382422016375955,0.19908480535633555,0.0,0.0,0.0,0.0,0.0,0.0,,0.08333333333333333,0,0,0.0,0.0,0.0,0.0,0.0,0.0,872.97,2.5708333333333258,2.3541666666666288,3.001785714285802,0.87916666666667,1.0,0.0,2.4375,0.09999999999999787,0.7239602564358127,0.6898416826355104,0.7239602564358127,0.6898416826355104,0.5342536152353591,0.11412722982705314,123.0,131.0,,,0.0,6,0.0,0.0,0.791861111111111,0.0,-0.0,17.8,-0.02916666666666856,231,8,2023,322
2024-08-19,0.0,11.7,0,0.0,21.2,28.9,24.566666666666666,4.3,2.4833333333333334,-0.0009480075316495307,0.19114689840557,91.83333333333333,188.25,600.0,85.875,1016.1750000000001,1015.1,23.02916666666667,21.1,19.791666666666668,18.5,21.6,324.1889919367648,0.25059433172526063,0.0,0.0,0.0,0.0,0.0,0.0,,0.125,0,0,0.0,0.0,0.0,0.0,0.0,0.0,872.97,2.641666666666765,7.016666666666765,4.205952380952567,-0.6958333333333329,1.0,0.0,1.5374999999999979,0.09999999999999787,-0.5851134914060049,0.8109514178880723,-0.5851134914060049,0.8109514178880723,-0.0008705869165648189,0.1755365683691151,124.0,132.0,,,0.0,6,0.0,0.0,0.7649444444444445,0.0,-0.0,14.9,-0.34583333333333144,232,8,2023,323
2024-08-20,0.0,2.2,0,0.0,20.7,27.7,23.920833333333334,7.9,3.8249999999999997,0.058066393393052224,1.287625819939661,89.33333333333333,220.29166666666666,600.0,79.04166666666667,1017.65,1016.4,21.912499999999998,20.7,18.758333333333333,17.9,19.4,336.48548488459187,0.2177173915910903,0.0,0.0,0.0,0.0,0.0,0.0,,0.0,0,0,0.0,0.0,0.0,0.0,0.0,0.0,872.97,1.474999999999909,6.6875,4.729761904761972,-1.033333333333335,1.0,0.0,2.0083333333333364,0.0,-0.39898138096715785,0.9169590272425152,-0.39898138096715785,0.9169590272425152,0.051872644764459984,1.1502790658127637,125.0,133.0,,,0.0,6,0.0,0.0,0.7779722222222222,0.0,-0.0,22.95,-0.6458333333333321,233,8,2023,324
2024-08-21,0.0,1.6,0,0.0,20.2,28.6,24.474999999999998,5.5,3.204166666666667,0.11890723698010024,0.6095288334681689,86.58333333333333,244.91666666666666,600.0,98.25,1016.2875,1014.8,21.883333333333336,20.1,20.154166666666665,18.5,21.2,323.0557882028819,0.2924665622730082,0.0,0.0,0.0,0.0,0.0,0.0,,0.0,0,0,0.0,0.0,0.0,0.0,0.0,0.0,872.97,-1.3624999999999545,2.7541666666667197,2.723809523809564,1.3958333333333321,1.0,0.0,2.5916666666666615,0.09999999999999787,-0.6010371163221726,0.799221111334734,-0.6010371163221726,0.799221111334734,0.10295384935193677,0.5277503816445228,126.0,134.0,,,0.0,6,0.0,0.0,0.7852222222222222,0.0,-0.0,19.225,0.5541666666666636,234,8,2023,325
2024-08-22,0.0,6.3,0,0.0,20.5,28.8,24.275000000000002,6.8,3.4125,1.313503315114672,-2.1760569992428995,89.70833333333333,204.79166666666666,600.0,98.58333333333333,1015.2125,1014.3,22.354166666666668,20.4,20.25,19.4,21.7,159.5086502208821,0.5084261208430096,0.0,0.0,0.0,0.0,0.0,0.0,,0.0,0,0,0.0,0.0,0.0,0.0,0.0,0.0,872.97,-1.0750000000000455,-0.962500000000091,1.0726190476191277,0.09583333333333499,1.0,0.0,1.9208333333333343,0.10000000000000142,0.3500659633391843,-0.936725051074972,0.3500659633391843,-0.936725051074972,1.1783219322674536,-1.9521044664041511,127.0,135.0,,,0.0,6,0.0,0.0,0.7688888888888888,0.0,-0.0,20.475,-0.19999999999999574,235,8,2023,326
2024-08-23,0.0,1.2,0,0.0,21.4,30.4,25.462500000000002,5.4,2.8625000000000003,0.5226414140305787,-1.6509100870723679,87.29166666666667,262.0416666666667,600.0,56.041666666666664,1015.0833333333334,1013.7,22.97083333333333,21.0,21.254166666666666,19.8,23.7,165.71962550876188,0.47414531825041717,0.0,0.0,0.0,0.0,0.0,0.0,,0.08333333333333333,0,0,0.0,0.0,0.0,0.0,0.0,0.0,872.97,-0.12916666666660603,-2.566666666666606,0.09702380952376188,1.0041666666666664,1.0,0.0,2.4916666666666707,0.3999999999999986,0.24666708152780817,-0.9691002790684531,0.24666708152780817,-0.9691002790684531,0.45622240099752603,-1.441106930173588,128.0,136.0,,,0.0,6,0.0,0.0,0.799,0.0,-0.0,17.175,1.1875,236,8,2023,327
2024-08-24,0.0,10.5,0,0.0,21.6,30.0,25.054166666666664,6.6,2.1625,0.07876377104693093,0.52057361284314,87.25,246.16666666666666,600.0,76.125,1015.7125,1014.4,22.579166666666666,21.2,20.141666666666666,18.7,22.0,326.9021890422477,0.2105404226012426,0.0,0.0,0.0,0.0,0.0,0.0,,0.0,0,0,0.0,0.0,0.0,0.0,0.0,0.0,872.97,0.629166666666606,-0.5750000000000455,0.04761904761903679,-1.1125000000000007,1.0,0.0,2.474999999999998,0.40000000000000213,-0.5460699547390282,0.8377395803776467,-0.5460699547390282,0.8377395803776467,0.06872139023844723,0.45420047720563966,129.0,137.0,,,0.0,6,0.0,0.0,0.7882777777777777,0.0,-0.0,12.975000000000001,-0.40833333333333854,237,8,2023,328
2024-08-25,0.0,23.5,0,0.0,20.4,27.3,23.508333333333336,6.1,3.0833333333333335,0.3309622629339831,-1.9240862492772226,91.5,138.54166666666666,600.0,85.75,1014.9083333333333,1013.5,21.962500000000002,20.0,18.766666666666666,17.5,20.2,182.42132398072286,0.501684364214484,0.0,0.0,0.0,0.0,0.0,0.0,,0.0,0,0,0.0,0.0,0.0,0.0,0.0,0.0,872.97,-0.8041666666666742,-0.30416666666667425,-0.9529761904763063,-1.375,1.0,0.0,1.5458333333333343,0.3999999999999986,-0.042247498034150434,-0.9991071758874793,-0.042247498034150434,-0.9991071758874793,0.30283047058459456,-1.7605389180886588,130.0,138.0,,,0.0,6,0.0,0.0,0.7306944444444445,0.0,-0.0,18.5,-1.5458333333333272,238,8,2023,329
2024-08-26,0.0,0.9,0,0.0,20.6,27.0,23.52916666666667,7.5,5.175,2.121941016267003,-4.379753604410831,89.29166666666667,184.45833333333334,600.0,71.5,1014.5375,1013.3,21.608333333333334,20.1,19.462500000000002,18.5,21.7,158.17168450244628,0.9195221514148101,0.0,0.0,0.0,0.0,0.0,0.0,,0.125,0,0,0.0,0.0,0.0,0.0,0.0,0.0,872.97,-0.3708333333332803,-0.5458333333333485,-1.089880952380895,0.6958333333333364,1.0,0.0,1.9208333333333343,0.5,0.37182664663455234,-0.9283021840179543,0.37182664663455234,-0.9283021840179543,1.8947164991084113,-3.910754989271838,131.0,139.0,,,0.0,6,0.0,0.0,0.7539444444444445,0.0,-0.0,31.049999999999997,0.02083333333333215,239,8,2023,330
2024-08-27,0.0,2.4,0,0.0,20.3,24.6,22.204166666666666,10.4,7.5249999999999995,2.626206592680676,-6.620535119707402,94.875,88.25,392.0,97.54166666666667,1013.7375000000001,1012.5,21.337500000000002,19.8,19.016666666666666,17.9,20.8,160.00015448320758,0.926208558179595,0.0,0.0,0.0,0.0,0.0,0.0,,0.0,0,0,0.0,0.0,0.0,0.0,0.0,0.0,872.97,-0.7999999999999545,-1.974999999999909,-1.3309523809523398,-0.4458333333333364,1.0,0.0,0.8666666666666636,0.5,0.34201760968701944,-0.939693542951093,0.34201760968701944,-0.939693542951093,2.4916135048057915,-6.281232694822397,132.0,140.0,,,0.0,6,0.0,0.0,0.7084166666666666,0.0,-0.0,45.15,-1.3250000000000028,240,8,2023,331
2024-08-28,0.0,0.30000000000000004,0,0.0,20.4,26.0,23.370833333333334,8.2,4.991666666666666,1.863945863019829,-3.975673773461594,87.41666666666667,179.08333333333334,600.0,92.625,1014.4416666666666,1013.6,21.095833333333335,19.5,18.791666666666668,17.9,19.9,156.92466957916596,0.8558572205770049,0.0,0.0,0.0,0.0,0.0,0.0,,0.0,0,0,0.0,0.0,0.0,0.0,0.0,0.0,872.97,0.7041666666665378,-0.466666666666697,-0.36309523809529765,-0.22499999999999787,1.0,0.0,2.2749999999999986,0.8999999999999986,0.39194103695485544,-0.9199903388355514,0.39194103695485544,-0.9199903388355514,1.6293993419231672,-3.47540149030101,133.0,141.0,,,0.0,6,0.0,0.0,0.7441111111111112,0.0,-0.0,29.949999999999996,1.1666666666666679,241,8,2023,332
2024-08-29,0.0,18.0,0,0.0,20.0,21.9,21.033333333333335,10.5,5.758333333333333,0.9412225402531492,-5.549841172281507,96.58333333333333,49.541666666666664,202.0,100.0,1014.5583333333334,1012.9,20.454166666666666,19.2,18.349999999999998,17.9,18.9,170.39995230583068,0.9749621554701684,0.0,0.0,0.0,0.0,0.0,0.0,,0.0,0,0,0.0,0.0,0.0,0.0,0.0,0.0,872.97,0.11666666666678793,0.02083333333337123,-0.15297619047612443,-0.44166666666667,1.0,0.0,0.5791666666666693,0.8000000000000007,0.16676956747915023,-0.985995898248475,0.16676956747915023,-0.985995898248475,0.9090641034611666,-5.3602215988952215,134.0,142.0,,,0.0,6,0.0,0.0,0.6883055555555556,0.0,-0.0,34.55,-2.3374999999999986,242,8,2023,333
2024-08-30,0.0,2.3000000000000003,0,0.0,20.4,27.4,23.320833333333336,12.0,6.8875,2.429038263298554,-6.008087906786916,93.25,185.58333333333334,600.0,99.33333333333333,1009.2541666666666,1007.4,22.09583333333333,20.0,20.154166666666665,18.8,21.2,163.9334893176425,0.9223121602784841,0.0,0.0,0.0,0.0,0.0,0.0,,0.0,0,0,0.0,0.0,0.0,0.0,0.0,0.0,872.97,-5.304166666666788,-4.483333333333462,-4.624404761904771,1.8041666666666671,1.0,0.0,1.225000000000005,0.3999999999999986,0.27675303164607823,-0.9609410801265106,0.27675303164607823,-0.9609410801265106,2.2650781805259017,-5.602541973078799,135.0,143.0,,,0.0,6,0.0,0.0,0.7678888888888888,0.0,-0.0,41.325,2.2875000000000014,243,8,2023,334
2024-08-31,0.0,28.3,0,0.0,20.5,24.3,21.995833333333334,9.7,4.05,0.09352888818867788,-2.9118044163356704,97.08333333333333,46.083333333333336,265.0,99.70833333333333,1007.0500000000001,1005.7,21.508333333333336,20.2,18.6125,17.7,19.9,198.90941431678914,0.5101312492242029,0.0,0.0,0.0,0.0,0.0,0.0,,0.0,0,0,0.0,0.0,0.0,0.0,0.0,0.0,872.97,-2.204166666666538,-7.391666666666538,-5.591071428571354,-1.5416666666666643,1.0,0.0,0.48749999999999716,0.3000000000000007,-0.3240728658905176,-0.9460321229184063,-0.3240728658905176,-0.9460321229184063,0.09080096228317477,-2.82687678752588,136.0,144.0,,,0.0,6,0.0,0.0,0.6876666666666668,0.0,-0.0,24.299999999999997,-1.3250000000000028,244,8,2023,335
2024-09-01,0.0,1.4000000000000001,0,0.0,17.8,28.5,23.570833333333336,12.0,6.879166666666666,3.0413264323259224,-4.812827226144537,89.83333333333333,242.0,600.0,51.041666666666664,1010.475,1009.2,21.6875,17.7,20.070833333333333,18.7,21.5,158.36063594054315,0.6828552521125806,0.0,0.0,0.0,0.0,0.0,0.0,,0.3333333333333333,0,0,0.0,0.0,0.0,0.0,0.0,0.0,872.97,3.4249999999999545,-4.083333333333371,-1.5327380952380736,1.4583333333333321,1.0,0.0,1.8833333333333364,0.10000000000000142,0.36876325236644786,-0.9295233529632914,0.36876325236644786,-0.9295233529632914,2.73212491170612,-4.323523124819842,137.0,145.0,,,0.0,6,0.0,0.0,0.7941111111111111,0.0,-0.0,41.275,1.5750000000000028,245,9,2023,336
2024-09-02,0.0,18.1,0,0.0,20.2,26.3,22.849999999999998,7.9,3.8958333333333335,0.42753700617290785,-0.6411485107891413,93.54166666666667,129.25,600.0,87.16666666666667,1012.4208333333332,1011.2,21.683333333333334,19.9,17.495833333333334,16.3,18.3,153.7571216023596,0.06842051273421457,0.0,0.0,0.0,0.0,0.0,0.0,,0.08333333333333333,0,0,0.0,0.0,0.0,0.0,0.0,0.0,872.97,1.945833333333212,3.1666666666666288,0.7154761904761244,-2.5749999999999993,1.0,0.0,1.1666666666666643,0.3000000000000007,0.44217720963834967,-0.8969277090582289,0.44217720963834967,-0.8969277090582289,0.3999252411909076,-0.5997410028006759,138.0,146.0,,,0.0,6,0.0,0.0,0.7313055555555555,0.0,-0.0,23.375,-0.7208333333333385,246,9,2023,337
2024-09-03,0.0,0.9000000000000001,0,0.0,18.3,24.6,20.995833333333334,5.4,3.6125000000000003,0.7685752787817165,0.12029989877187225,90.83333333333333,144.75,600.0,79.41666666666667,1013.7958333333332,1012.5,19.345833333333335,18.3,16.241666666666667,15.3,17.3,65.6895232774282,0.16927173196411502,0.0,0.0,0.0,0.0,0.0,0.0,,0.041666666666666664,0,0,0.0,0.0,0.0,0.0,0.0,0.0,872.97,1.375,6.745833333333167,2.0821428571427987,-1.2541666666666664,1.0,0.0,1.6499999999999986,0.0,0.9113280146393403,0.41168100482475306,0.9113280146393403,0.41168100482475306,0.6981225448933924,0.10927240805111729,139.0,147.0,,,0.0,6,0.0,0.0,0.732611111111111,0.0,-0.0,21.675,-1.8541666666666643,247,9,2023,338
2024-09-04,0.0,1.0,0,0.0,19.2,26.3,21.870833333333334,8.2,4.7749999999999995,2.3244819877136296,-3.3041833588473195,86.54166666666667,251.41666666666666,600.0,25.25,1012.9708333333333,1011.1,19.345833333333335,18.6,17.570833333333333,16.4,19.7,143.29770522117408,0.7263576558115432,0.0,0.0,0.0,0.0,0.0,0.0,,0.3333333333333333,0,0,0.0,0.0,0.0,0.0,0.0,0.0,872.97,-0.8249999999999318,2.4958333333332803,1.4672619047619264,1.3291666666666657,1.0,0.0,2.5249999999999986,0.5999999999999979,0.5976572587701953,-0.8017517078493165,0.5976572587701953,-0.8017517078493165,2.0116454535338373,-2.859495348469118,140.0,148.0,,,0.0,6,0.0,0.0,0.7894166666666665,0.0,-0.0,28.65,0.875,248,9,2023,339
2024-09-05,0.0,0.2,0,0.0,16.2,27.5,21.991666666666664,6.7,2.9958333333333336,0.05572088330521988,-0.9660857921541001,86.125,233.04166666666666,600.0,54.708333333333336,1011.9458333333333,1010.2,19.329166666666666,15.9,18.320833333333333,17.3,21.1,231.7558674531771,0.2500427243236134,0.0,0.0,0.0,0.0,0.0,0.0,,0.25,0,0,0.0,0.0,0.0,0.0,0.0,0.0,872.97,-1.0249999999999773,-0.47499999999990905,0.8154761904761472,0.75,1.0,0.0,2.662499999999998,0.29999999999999893,-0.7853803259309515,-0.6190135246023243,-0.7853803259309515,-0.6190135246023243,0.04798961074662063,-0.8320413884927187,141.0,149.0,,,0.0,6,0.0,0.0,0.7757777777777778,0.0,-0.0,17.975,0.12083333333333002,249,9,2023,340
2024-09-06,0.0,0.0,0,0.0,16.6,28.3,22.900000000000002,4.0,2.3208333333333333,-0.2267377327049042,0.40236883122996314,81.45833333333333,252.91666666666666,600.0,59.5,1014.2333333333332,1012.4,19.25,15.8,18.554166666666667,17.6,20.3,294.09341064669655,0.29994672041036863,0.0,0.0,0.0,0.0,0.0,0.0,,0.16666666666666666,0,0,0.0,0.0,0.0,0.0,0.0,0.0,872.97,2.287499999999909,0.4375,2.3916666666666515,0.23333333333333428,1.0,0.0,3.650000000000002,0.8000000000000007,-0.9128811316126747,0.4082254763553624,-0.9128811316126747,0.4082254763553624,-0.1846967780992032,0.3277629437727408,142.0,150.0,,,0.0,6,0.0,0.0,0.7734722222222222,0.0,-0.0,13.925,0.9083333333333385,250,9,2023,341
2024-09-07,0.0,1.5,0,0.0,19.2,28.2,23.662499999999998,3.1,1.6458333333333333,-0.3281189988310607,0.8787532882120078,85.5,238.375,600.0,60.0,1017.2375000000001,1015.8,20.841666666666665,18.6,18.666666666666668,17.6,20.0,333.67936058240866,0.5096799938902864,0.0,0.0,0.0,0.0,0.0,0.0,,0.08333333333333333,0,0,0.0,0.0,0.0,0.0,0.0,0.0,872.97,3.0041666666668334,4.266666666666765,3.940476190476261,0.11250000000000071,1.0,0.0,2.820833333333333,0.5999999999999979,-0.44339409960515225,0.8963267665507576,-0.44339409960515225,0.8963267665507576,-0.28054174400055687,0.7513340614212667,143.0,151.0,,,0.0,6,0.0,0.0,0.77725,0.0,-0.0,9.875,0.7624999999999957,251,9,2023,342
2024-09-08,0.0,18.6,0,0.0,19.9,27.7,23.3,5.4,2.2416666666666667,0.5563566249684224,0.31533729263630067,90.33333333333333,208.66666666666666,600.0,65.58333333333333,1017.2125,1015.6,21.4875,19.9,17.995833333333334,17.3,19.4,19.814012495981363,0.22723638634241922,0.0,0.0,0.0,0.0,0.0,0.0,,0.08333333333333333,0,0,0.0,0.0,0.0,0.0,0.0,0.0,872.97,-0.02500000000009095,5.2666666666666515,2.9529761904763063,-0.6708333333333343,1.0,0.0,1.8125,0.0,0.3389680158571281,0.9407978976517123,0.3389680158571281,0.9407978976517123,0.5025754845548083,0.2848546876814583,144.0,152.0,,,0.0,6,0.0,0.0,0.7735555555555557,0.0,-0.0,13.45,-0.36249999999999716,252,9,2023,343
2024-09-09,0.0,8.3,0,0.0,20.6,26.7,22.858333333333334,8.7,5.1,3.121624073994317,-3.3652542174965174,92.25,215.91666666666666,600.0,74.95833333333333,1018.475,1017.2,21.441666666666666,20.3,18.258333333333333,17.1,19.7,136.4709216410207,0.8108614887720613,0.0,0.0,0.0,0.0,0.0,0.0,,0.0,0,0,0.0,0.0,0.0,0.0,0.0,0.0,872.97,1.2625000000000455,4.241666666666788,3.350595238095252,0.2624999999999993,1.0,0.0,1.4166666666666679,0.3000000000000007,0.6887226240278751,-0.7250249286418766,0.6887226240278751,-0.7250249286418766,2.8796982082597578,-3.1044470156405373,145.0,153.0,,,0.0,6,0.0,0.0,0.7847777777777778,0.0,-0.0,30.599999999999998,-0.44166666666666643,253,9,2023,344
2024-09-10,0.0,3.9,0,0.0,19.8,28.2,23.625,6.4,4.583333333333333,-0.19722423487678178,-3.212138643119205,89.45833333333333,217.75,600.0,56.25,1020.8833333333333,1019.3,21.675,19.8,19.75,17.9,21.6,183.71557280021656,0.601859388439483,0.0,0.0,0.0,0.0,0.0,0.0,,0.3333333333333333,0,0,0.0,0.0,0.0,0.0,0.0,0.0,872.97,2.408333333333303,3.6458333333332575,4.746428571428623,1.4916666666666671,1.0,0.0,1.9499999999999993,0.0,-0.06480353597559682,-0.9978980417482838,-0.06480353597559682,-0.9978980417482838,-0.17643351345018768,-2.8735256944903886,146.0,154.0,,,0.0,6,0.0,0.0,0.7766944444444445,0.0,-0.0,27.5,0.7666666666666657,254,9,2023,345
2024-09-11,0.0,0.7,0,0.0,21.2,28.2,24.508333333333336,4.6,2.733333333333333,-0.6581722257709125,0.27113592302434103,85.83333333333333,210.83333333333334,600.0,46.791666666666664,1021.7833333333333,1020.1,21.870833333333334,18.8,19.825,19.1,21.0,314.6724267246505,0.25992000599408127,0.0,0.0,0.0,0.0,0.0,0.0,,0.4166666666666667,0,0,0.0,0.0,0.0,0.0,0.0,0.0,872.97,0.8999999999999773,4.570833333333326,4.3875000000000455,0.07499999999999929,1.0,0.0,2.637500000000003,2.3999999999999986,-0.7111378963408354,0.7030525530768886,-0.7111378963408354,0.7030525530768886,-0.5649311604533666,0.23272500059589268,147.0,155.0,,,0.0,6,0.0,0.0,0.7599999999999999,0.0,-0.0,16.4,0.8833333333333364,255,9,2023,346
2024-09-12,0.0,2.8000000000000003,0,0.0,19.4,28.9,23.9875,4.5,2.6,-0.48176700792765365,0.434995358919755,87.83333333333333,222.04166666666666,600.0,64.16666666666667,1019.1958333333333,1017.0,21.633333333333336,19.3,19.683333333333334,18.8,21.1,318.61081516617696,0.310127579180063,0.0,0.0,0.0,0.0,0.0,0.0,,0.041666666666666664,0,0,0.0,0.0,0.0,0.0,0.0,0.0,872.97,-2.5874999999999773,0.720833333333303,0.7642857142857338,-0.14166666666666572,1.0,0.0,2.3541666666666643,0.09999999999999787,-0.6611702623833419,0.7502358856652639,-0.6611702623833419,0.7502358856652639,-0.4231520219631224,0.3820709235845181,148.0,156.0,,,0.0,6,0.0,0.0,0.7741388888888889,0.0,-0.0,15.600000000000001,-0.5208333333333357,256,9,2023,347
2024-09-13,0.0,1.5,0,0.0,19.8,29.2,23.900000000000002,4.2,1.9958333333333333,-0.6991584700057253,0.22068533429184642,88.16666666666667,225.16666666666666,600.0,55.958333333333336,1014.2166666666667,1011.8,21.625,19.8,19.620833333333334,18.7,20.8,287.4963832751217,0.43874337633964905,0.0,0.0,0.0,0.0,0.0,0.0,,0.16666666666666666,0,0,0.0,0.0,0.0,0.0,0.0,0.0,872.97,-4.979166666666629,-6.666666666666629,-4.212499999999977,-0.0625,1.0,0.0,2.275000000000002,0.0,-0.9537359305280161,0.30064559670791674,-0.9537359305280161,0.30064559670791674,-0.6164247177217145,0.19457090306731128,149.0,157.0,,,0.0,6,0.0,0.0,0.7773333333333333,0.0,-0.0,11.975,-0.08749999999999858,257,9,2023,348
2024-09-14,0.0,0.2,0,0.0,18.9,29.3,23.854166666666668,6.9,3.891666666666667,0.7614180099147504,-2.960984861176422,86.04166666666667,236.375,600.0,61.75,1012.5208333333334,1010.8,21.1375,18.9,20.566666666666666,19.3,22.7,185.10177401803213,0.5414607476474537,0.0,0.0,0.0,0.0,0.0,0.0,,0.16666666666666666,0,0,0.0,0.0,0.0,0.0,0.0,0.0,872.97,-1.6958333333333258,-9.262499999999932,-5.234523809523807,0.9458333333333329,1.0,0.0,2.7166666666666686,0.0,-0.08892513670114023,-0.9960383125476066,-0.08892513670114023,-0.9960383125476066,0.6551367460308165,-2.54768072430388,150.0,158.0,,,0.0,6,0.0,0.0,0.7777222222222222,0.0,-0.0,23.35,-0.04583333333333428,258,9,2023,349
2024-09-15,0.0,27.3,0,0.0,21.4,26.0,23.729166666666668,4.5,2.2625,-0.743720222268205,-0.6774103199144772,92.16666666666667,94.95833333333333,410.0,75.83333333333333,1015.6374999999999,1013.7,22.354166666666668,20.8,18.758333333333333,17.6,19.8,233.61699413320025,0.3833325765283847,0.0,0.0,0.0,0.0,0.0,0.0,,0.08333333333333333,0,0,0.0,0.0,0.0,0.0,0.0,0.0,872.97,3.1166666666665606,-3.558333333333394,-1.8928571428573377,-1.8083333333333336,1.0,0.0,1.375,0.5999999999999979,-0.8050697721135384,-0.5931801261244811,-0.8050697721135384,-0.5931801261244811,-0.6854621381905289,-0.6243465115211765,151.0,159.0,,,0.0,6,0.0,0.0,0.7038611111111112,0.0,-0.0,13.575000000000001,-0.125,259,9,2023,350
2024-09-16,0.0,2.5,0,0.0,19.2,28.2,23.287499999999998,7.9,4.2625,2.069740831774761,-1.7255382073878336,91.16666666666667,193.45833333333334,600.0,83.625,1019.7791666666667,1018.5,21.629166666666666,19.2,18.995833333333334,18.2,20.6,143.73781573849658,0.2930865664797012,0.0,0.0,0.0,0.0,0.0,0.0,,0.0,0,0,0.0,0.0,0.0,0.0,0.0,0.0,872.97,4.141666666666765,5.5625,2.0625000000001137,0.2375000000000007,1.0,0.0,1.6583333333333314,0.0,0.5914811298566249,-0.8063188407965738,0.5914811298566249,-0.8063188407965738,1.8869137249679906,-1.5731156657352416,152.0,160.0,,,0.0,6,0.0,0.0,0.7661944444444444,0.0,-0.0,25.575000000000003,-0.44166666666667,260,9,2023,351
2024-09-17,0.0,0.4,0,0.0,19.6,29.3,23.77916666666667,4.0,2.183333333333333,-1.1510519734036522,1.381612577453744,88.25,201.5,600.0,56.458333333333336,1018.9708333333333,1016.9,21.474999999999998,19.5,19.4375,18.7,20.6,320.0437967003657,0.7410702451392858,0.0,0.0,0.0,0.0,0.0,0.0,,0.20833333333333334,0,0,0.0,0.0,0.0,0.0,0.0,0.0,872.97,-0.808333333333394,6.449999999999932,1.527380952380895,0.44166666666666643,1.0,0.0,2.3041666666666707,0.10000000000000142,-0.6422018601671619,0.7665355639484949,-0.6422018601671619,0.7665355639484949,-1.015803366528723,1.219273099602929,153.0,161.0,,,0.0,6,0.0,0.0,0.7618333333333333,0.0,-0.0,13.099999999999998,0.4916666666666707,261,9,2023,352
2024-09-18,0.0,0.9,0,0.0,19.6,28.8,23.729166666666668,4.2,2.6750000000000003,-2.194345168125476,1.0124807975455206,84.70833333333333,198.79166666666666,600.0,67.95833333333333,1018.4125,1017.1,20.7625,19.4,19.245833333333334,18.6,20.3,295.22547712994486,0.9061956923645115,0.0,0.0,0.0,0.0,0.0,0.0,,0.041666666666666664,0,0,0.0,0.0,0.0,0.0,0.0,0.0,872.97,-0.5583333333332803,2.775000000000091,1.450595238095275,-0.19166666666666643,1.0,0.0,2.9666666666666686,0.20000000000000284,-0.904637636084731,0.42618158967631375,-0.904637636084731,0.42618158967631375,-1.858793219499622,0.8576556089208514,154.0,162.0,,,0.0,6,0.0,0.0,0.7482222222222222,0.0,-0.0,16.05,-0.05000000000000071,262,9,2023,353
2024-09-19,0.0,5.7,0,0.0,19.8,25.6,22.974999999999998,4.7,2.9958333333333336,-2.492710762744621,0.9200543875049764,89.41666666666667,107.375,497.0,92.41666666666667,1019.3791666666666,1018.0,21.075,18.3,20.175,18.5,22.1,288.8903166672142,0.8173641376870769,0.0,0.0,0.0,0.0,0.0,0.0,,0.0,0,0,0.0,0.0,0.0,0.0,0.0,0.0,872.97,0.9666666666665833,-0.40000000000009095,2.391071428571422,0.9291666666666671,1.0,0.0,1.8999999999999986,1.5,-0.9461400893157795,0.3237575194331845,-0.9461400893157795,0.3237575194331845,-2.2288988736874824,0.8226819648273664,155.0,163.0,,,0.0,6,0.0,0.0,0.7029722222222222,0.0,-0.0,17.975,-0.75416666666667,263,9,2023,354
2024-09-20,0.0,0.9,0,0.0,20.6,28.1,24.166666666666668,4.6,2.8625000000000003,-2.453219319450969,-0.14889417878171948,81.41666666666667,170.33333333333334,600.0,86.625,1016.775,1014.5,20.658333333333335,17.8,20.329166666666666,19.3,22.0,269.58331305572466,0.8738733351783043,0.0,0.0,0.0,0.0,0.0,0.0,,0.0,0,0,0.0,0.0,0.0,0.0,0.0,0.0,872.97,-2.6041666666666288,-2.1958333333333258,-0.5785714285715358,0.154166666666665,1.0,0.0,3.508333333333333,2.8000000000000007,-0.9999735550584239,-0.00727249502009885,-0.9999735550584239,-0.00727249502009885,-1.997329395919664,-0.12122467722478328,156.0,164.0,,,0.0,6,0.0,0.0,0.7182777777777778,0.0,-0.0,17.175,1.19166666666667,264,9,2023,355
2024-09-21,0.0,9.5,0,0.0,20.1,23.6,21.895833333333332,6.6,3.783333333333333,0.02426263737772531,-2.8131191824623354,95.125,60.458333333333336,227.0,99.66666666666667,1011.4833333333332,1009.9,21.075,19.3,18.650000000000002,17.0,20.5,190.39919205080517,0.6858238218762203,0.0,0.0,0.0,0.0,0.0,0.0,,0.0,0,0,0.0,0.0,0.0,0.0,0.0,0.0,872.97,-5.2916666666667425,-6.929166666666788,-5.722023809523876,-1.6791666666666636,1.0,0.0,0.8208333333333329,0.8000000000000007,-0.18050527552380197,-0.983574016283511,-0.18050527552380197,-0.983574016283511,0.023079833805561202,-2.6759796223172962,157.0,165.0,,,0.0,6,0.0,0.0,0.6907222222222221,0.0,-0.0,22.7,-2.2708333333333357,265,9,2023,356
2024-09-22,0.0,31.2,0,0.0,18.0,22.1,19.875,9.7,6.7749999999999995,-0.5441103856900034,1.9745299511257575,96.375,47.541666666666664,189.0,100.0,1008.3833333333333,1004.3,19.283333333333335,17.0,13.458333333333334,11.0,17.7,356.41177786365404,0.19198929552673324,0.0,0.0,0.0,0.0,0.0,0.0,,0.0,0,0,0.0,0.0,0.0,0.0,0.0,0.0,872.97,-3.099999999999909,-10.99583333333328,-7.785714285714334,-5.191666666666668,1.0,0.0,0.591666666666665,1.0,-0.06258536133514522,0.9980396147180478,-0.06258536133514522,0.9980396147180478,-0.5243863842087407,1.9029532403974487,158.0,166.0,,,0.0,6,0.0,0.0,0.6862777777777778,0.0,-0.0,40.65,-2.020833333333332,266,9,2023,357
2024-09-23,0.0,0.8,0,0.0,14.1,20.2,17.1875,13.0,6.120833333333334,-1.2177452642656519,3.316569427093089,85.33333333333333,203.20833333333334,600.0,49.25,1015.3791666666666,1012.8,14.5625,13.2,11.916666666666666,10.5,13.4,338.6667895434792,0.43280972302639387,0.0,0.0,0.0,0.0,0.0,0.0,,0.25,0,0,0.0,0.0,0.0,0.0,0.0,0.0,872.97,6.99583333333328,-1.3958333333333712,-0.16130952380967756,-1.5416666666666679,1.0,0.0,2.625,0.9000000000000004,-0.3637912072962534,0.9314805191167094,-0.3637912072962534,0.9314805191167094,-1.0391426255066896,2.830139244452769,159.0,167.0,,,0.0,6,0.0,0.0,0.75325,0.0,-0.0,36.725,-2.6875,267,9,2023,358
2024-09-24,0.0,0.30000000000000004,0,0.0,13.9,21.3,16.787499999999998,8.7,6.420833333333333,3.10721770052591,-5.224850026677742,86.66666666666667,172.16666666666666,600.0,97.79166666666667,1019.4041666666667,1017.3,14.491666666666667,12.5,11.870833333333332,10.3,14.4,153.2248074542578,0.9436659047266861,0.0,0.0,0.0,0.0,0.0,0.0,,0.0,0,0,0.0,0.0,0.0,0.0,0.0,0.0,872.97,4.025000000000091,7.920833333333462,3.8017857142857565,-0.04583333333333428,1.0,0.0,2.2958333333333307,1.4000000000000004,0.45049103399068025,-0.8927809520223916,0.45049103399068025,-0.8927809520223916,2.6929220071224558,-4.528203356454044,160.0,168.0,,,0.0,6,0.0,0.0,0.7370000000000001,0.0,-0.0,38.525,-0.40000000000000213,268,9,2023,359
2024-09-25,0.0,0.0,0,0.0,11.9,21.7,16.6875,9.8,7.0249999999999995,1.3333024939636522,-5.828922148075734,80.5,246.91666666666666,600.0,38.458333333333336,1018.3458333333333,1015.8,12.945833333333333,10.8,14.383333333333333,12.1,15.6,170.66842757471412,0.8377974195133833,0.0,0.0,0.0,0.0,0.0,0.0,,0.4583333333333333,0,0,0.0,0.0,0.0,0.0,0.0,0.0,872.97,-1.058333333333394,9.962499999999977,2.7529761904760335,2.512500000000001,1.0,0.0,3.741666666666667,1.0999999999999996,0.1621475962520754,-0.9867665159649844,0.1621475962520754,-0.9867665159649844,1.07330850764074,-4.6922823292009666,161.0,169.0,,,0.0,6,0.0,0.0,0.7662777777777778,0.0,-0.0,42.15,-0.09999999999999787,269,9,2023,360
2024-09-26,0.0,0.2,0,0.0,17.1,25.4,20.495833333333334,6.4,3.875,0.04500550646651125,-2.2053360848891415,80.91666666666667,221.54166666666666,600.0,47.916666666666664,1016.0833333333334,1013.9,16.954166666666666,13.5,15.9625,14.5,18.0,180.05015537508788,0.38855987295070715,0.0,0.0,0.0,0.0,0.0,0.0,,0.2916666666666667,0,0,0.0,0.0,0.0,0.0,0.0,0.0,872.97,-2.262499999999932,0.7041666666667652,0.9613095238095184,1.5791666666666675,1.0,0.0,3.541666666666668,3.6000000000000014,-0.0008753763210582494,-0.9999996168580748,-0.0008753763210582494,-0.9999996168580748,0.03641695564915202,-1.7844844486894638,162.0,170.0,,,0.0,6,0.0,0.0,0.75075,0.0,-0.0,23.25,3.8083333333333336,270,9,2023,361
2024-09-27,0.0,1.8,0,0.0,17.1,24.8,20.587500000000002,7.3,3.591666666666667,2.428945154017463,-1.0467356313060474,90.0,198.5,600.0,98.66666666666667,1015.1416666666668,1013.1,18.783333333333335,16.9,16.216666666666665,14.2,18.6,115.66947158389608,0.3027404573291527,0.0,0.0,0.0,0.0,0.0,0.0,,0.0,0,0,0.0,0.0,0.0,0.0,0.0,0.0,872.97,-0.941666666666606,-4.262499999999932,0.25297619047637454,0.25416666666666465,1.0,0.0,1.8041666666666671,0.20000000000000284,0.9013079562342529,-0.4331789099538829,0.9013079562342529,-0.4331789099538829,2.1860506386157166,-0.9420620681754427,163.0,171.0,,,0.0,6,0.0,0.0,0.7656666666666667,0.0,-0.0,21.55,0.09166666666666856,271,9,2023,362
2024-09-28,0.0,1.2,0,0.0,15.5,23.5,19.366666666666667,6.0,3.9875000000000003,2.1925281013235796,0.8121129684297584,90.95833333333333,150.125,559.0,99.5,1017.7624999999999,1015.2,17.7375,15.4,13.808333333333332,12.4,15.3,55.425428106684606,0.4691505935254173,0.0,0.0,0.0,0.0,0.0,0.0,,0.0,0,0,0.0,0.0,0.0,0.0,0.0,0.0,872.97,2.6208333333331666,-0.5833333333333712,1.9767857142855974,-2.408333333333333,1.0,0.0,1.6291666666666664,0.09999999999999964,0.8233882988928378,0.5674783777787122,0.8233882988928378,0.5674783777787122,1.9942870188289057,0.7386844208675677,164.0,172.0,,,0.0,6,0.0,0.0,0.7366111111111112,0.0,-0.0,23.925,-1.220833333333335,272,9,2023,363
2024-09-29,0.0,0.2,0,0.0,17.3,23.0,19.316666666666666,7.8,5.108333333333333,3.9931190952402105,-3.002426761539009,90.125,150.875,521.0,99.95833333333333,1021.1583333333333,1019.3,17.533333333333335,16.8,13.625,12.4,15.6,122.65026799090033,0.9590559811077862,0.0,0.0,0.0,0.0,0.0,0.0,,0.0,0,0,0.0,0.0,0.0,0.0,0.0,0.0,872.97,3.3958333333333712,5.074999999999932,3.547619047619037,-0.1833333333333318,1.0,0.0,1.7833333333333314,0.5,0.8419793866269405,-0.5395096963867482,0.8419793866269405,-0.5395096963867482,3.5987985845852397,-2.705937118837032,165.0,173.0,,,0.0,6,0.0,0.0,0.7343333333333333,0.0,-0.0,30.65,-0.05000000000000071,273,9,2023,364
2024-09-30,0.0,3.0,0,0.0,16.3,23.0,18.733333333333334,7.3,4.470833333333333,2.5627227665200953,-2.788501435652597,90.375,161.83333333333334,600.0,79.25,1019.0124999999999,1016.6,17.029166666666665,15.7,14.520833333333334,12.8,15.8,137.57717615456156,0.7533181589505025,0.0,0.0,0.0,0.0,0.0,0.0,,0.16666666666666666,0,0,0.0,0.0,0.0,0.0,0.0,0.0,872.97,-2.1458333333333712,3.8708333333331666,0.8827380952380963,0.8958333333333339,1.0,0.0,1.7041666666666693,0.6000000000000014,0.6745964986841867,-0.7381866728430121,0.6745964986841867,-0.7381866728430121,2.316060700242536,-2.5201081724710344,166.0,174.0,,,0.0,6,0.0,0.0,0.7424722222222222,0.0,-0.0,26.825,-0.5833333333333321,274,9,2023,365
2024-10-01,0.0,0.0,0,0.0,13.2,25.2,18.5125,5.2,3.6750000000000003,-1.1381734486017834,0.5660996427774653,82.91666666666667,212.79166666666666,600.0,16.458333333333332,1012.0333333333333,1009.0,15.283333333333333,12.4,15.858333333333334,15.0,18.0,286.32866143350714,0.30536374377676073,0.0,0.0,0.0,0.0,0.0,0.0,,0.6666666666666666,0,0,0.0,0.0,0.0,0.0,0.0,0.0,0.0,0.0,0.0,0.0,1.3375000000000004,1.0,0.0,3.229166666666666,0.7999999999999989,-0.9596647721926053,0.2811468033119264,-0.9596647721926053,0.2811468033119264,-0.9437354844656454,0.4693909538029816,167.0,175.0,,,0.0,0,0.0,0.0,0.7515833333333334,0.0,-0.0,0.0,-0.220833333333335,275,10,2024,0
2024-10-02,0.0,0.4,0,0.0,13.7,25.6,18.966666666666665,9.6,4.529166666666667,0.0732372120886346,2.369486338485595,76.25,205.875,600.0,57.375,1014.1999999999999,1010.9,14.316666666666668,9.7,13.15,11.0,17.7,349.64394896633866,0.29896496939889794,0.0,0.0,0.0,0.0,0.0,0.0,,0.2916666666666667,0,0,0.0,0.0,0.0,0.0,0.0,0.0,0.0,2.1666666666666288,0.0,1.0833333333333712,-2.708333333333334,1.0,0.0,4.649999999999997,4.0,-0.179764639624619,0.9837096494091286,-0.179764639624619,0.9837096494091286,0.055843374217583876,1.8067333330952662,168.0,176.0,,,0.0,1,0.0,0.0,0.7247499999999999,0.0,-0.0,4.529166666666667,0.4541666666666657,276,10,2024,1
2024-10-03,0.0,14.9,0,0.0,15.6,18.3,16.904166666666665,15.7,9.429166666666667,4.683116021294127,-7.606221918280557,98.125,44.666666666666664,186.0,100.0,1019.7416666666667,1017.8,16.604166666666668,15.2,14.629166666666665,12.6,16.4,143.2505354751904,0.9388319340245727,0.0,0.0,0.0,0.0,0.0,0.0,,0.0,0,0,0.0,0.0,0.0,0.0,0.0,0.0,0.0,5.5416666666667425,0.0,4.4166666666667425,1.4791666666666643,1.0,0.0,0.29999999999999716,0.40000000000000036,0.598317112182532,-0.8012594044811926,0.598317112182532,-0.8012594044811926,4.595307595894862,-7.463605257312796,169.0,177.0,,,0.0,2,0.0,0.0,0.6901944444444444,0.0,-0.0,18.858333333333334,-2.0625,277,10,2024,2
2024-10-04,0.0,22.1,0,0.0,17.1,21.2,19.129166666666666,9.6,6.075,0.8688458212923331,-0.5091948813060237,98.20833333333333,41.875,230.0,100.0,1020.7083333333334,1018.7,18.841666666666665,16.4,13.020833333333334,10.9,16.1,116.14155842571317,0.12064691963228087,0.0,0.0,0.0,0.0,0.0,0.0,,0.0,0,0,0.0,0.0,0.0,0.0,0.0,0.0,0.0,0.966666666666697,8.675000000000068,4.037500000000023,-1.6083333333333307,1.0,0.0,0.2875000000000014,0.7000000000000028,0.8977082378832751,-0.4405904216349979,0.8977082378832751,-0.4405904216349979,0.8532790003275121,-0.5000718063492908,170.0,178.0,,,0.0,3,0.0,0.0,0.6886111111111112,0.0,-0.0,18.225,2.2250000000000014,278,10,2024,3
2024-10-05,0.0,0.7000000000000001,0,0.0,16.3,22.3,18.654166666666665,9.2,5.5,4.018670444898202,-1.1564158722868403,91.33333333333333,125.41666666666667,521.0,100.0,1023.0916666666667,1021.0,17.133333333333333,15.7,13.345833333333333,11.3,13.9,95.83972331456978,0.6766212643273202,0.0,0.0,0.0,0.0,0.0,0.0,,0.0,0,0,0.0,0.0,0.0,0.0,0.0,0.0,0.0,2.3833333333333258,8.891666666666765,5.13666666666677,0.3249999999999993,1.0,0.0,1.5208333333333321,0.6000000000000014,0.9948104071339652,-0.10174602625141932,0.9948104071339652,-0.10174602625141932,3.6703856730070243,-1.056193163355314,171.0,179.0,,,0.0,4,0.0,0.0,0.7213888888888889,0.0,-0.0,22.0,-0.4750000000000014,279,10,2024,4
2024-10-06,0.0,1.1,0,0.0,16.5,23.8,19.224999999999998,9.4,4.183333333333334,1.7813584532294302,-2.1953709415878806,92.16666666666667,152.79166666666666,576.0,88.16666666666667,1021.1125000000001,1018.1,17.8125,16.4,15.1625,14.0,17.0,163.77777001967297,0.39848472598920803,0.0,0.0,0.0,0.0,0.0,0.0,,0.0,0,0,0.0,0.0,0.0,0.0,0.0,0.0,0.0,-1.9791666666666288,1.370833333333394,2.6312500000001364,1.8166666666666664,1.0,0.0,1.4124999999999979,0.10000000000000142,0.2793636658725604,-0.9601853686607833,0.2793636658725604,-0.9601853686607833,1.6418187077264583,-2.0234002178301633,172.0,180.0,,,0.0,5,0.0,0.0,0.7424166666666667,0.0,-0.0,20.916666666666668,0.5708333333333329,280,10,2024,5
2024-10-07,0.0,21.5,0,0.0,16.2,24.0,19.037499999999998,9.6,4.2875000000000005,-0.8048285804032077,-0.7415366356006711,93.875,103.58333333333333,600.0,99.0,1014.7083333333334,1011.1,17.974999999999998,15.3,13.304166666666667,10.6,16.3,228.4852773615968,0.3102586913179703,0.0,0.0,0.0,0.0,0.0,0.0,,0.0,0,0,0.0,0.0,0.0,0.0,0.0,0.0,0.0,-6.404166666666697,-6.0,-3.233928571428578,-1.8583333333333325,1.0,0.0,1.0625,0.8999999999999986,-0.7487854302015613,-0.6628124768875906,-0.7487854302015613,-0.6628124768875906,-0.7555328298535112,-0.69611751667013,173.0,181.0,,,0.0,6,0.0,0.0,0.7153055555555555,0.0,-0.0,25.725,-0.1875,281,10,2024,6
2024-10-08,0.0,29.7,0,0.0,13.7,17.7,16.029166666666665,5.9,4.120833333333334,2.3984348806232214,2.126727710144724,97.79166666666667,29.208333333333332,194.0,99.66666666666667,1013.4333333333334,1011.8,15.695833333333333,13.4,9.479166666666666,8.7,10.5,47.40243141744294,0.7357186492660592,0.0,0.0,0.0,0.0,0.0,0.0,,0.0,0,0,0.0,0.0,0.0,0.0,0.0,0.0,0.0,-1.2749999999999773,-9.658333333333303,-4.708928571428487,-3.825000000000001,0.9479166666666666,0.0,0.33333333333333215,0.29999999999999893,0.7361258105279427,0.6768447318806429,0.7361258105279427,0.6768447318806429,2.345469443676125,2.079762473212362,174.0,182.0,,,0.0,6,0.0,0.0,0.6787777777777778,0.0,-0.0,24.725,-3.008333333333333,282,10,2024,7
2024-10-09,0.0,15.1,0,0.0,11.8,17.4,14.058333333333332,7.5,4.1625000000000005,2.3213390203526294,-0.4737923969149533,88.375,109.91666666666667,600.0,70.83333333333333,1013.6833333333334,1012.7,12.033333333333333,8.9,9.325000000000001,8.2,10.9,93.6377814098447,0.49861252654711635,0.0,0.0,0.0,0.0,0.0,0.0,,0.16666666666666666,0,0,0.0,0.0,0.0,0.0,0.0,0.0,0.0,0.25,-7.429166666666674,-4.385119047619014,-0.154166666666665,0.9325000000000001,0.0,2.0249999999999986,2.9000000000000004,0.997985106753171,-0.0634486146331178,0.997985106753171,-0.0634486146331178,2.051483359236636,-0.41871403077359,175.0,183.0,,,0.0,6,0.0,0.0,0.7011944444444445,0.0,-0.0,24.975,-1.9708333333333332,283,10,2024,8
2024-10-10,0.0,1.0,0,0.0,9.8,18.4,14.216666666666667,10.2,4.791666666666667,1.5234383628084662,-3.6322557807140803,79.75,172.375,600.0,72.0,1013.0625,1010.7,10.633333333333333,5.8,9.616666666666667,8.2,11.8,176.71123994044862,0.6078226014527767,0.0,0.0,0.0,0.0,0.0,0.0,,0.041666666666666664,0,0,0.0,0.0,0.0,0.0,0.0,0.0,0.0,-0.620833333333394,-1.6458333333333712,-4.05178571428587,0.2916666666666661,0.9616666666666667,0.0,3.583333333333334,4.000000000000001,0.05736817717702871,-0.9983530899673647,0.05736817717702871,-0.9983530899673647,1.2149420943397518,-2.896723985119479,176.0,184.0,,,0.0,6,0.0,0.0,0.7140833333333333,0.0,-0.0,28.75,0.158333333333335,284,10,2024,9
2024-10-11,0.0,1.4000000000000001,0,0.0,7.9,19.5,13.945833333333333,6.0,3.3833333333333333,-1.2014250412981113,0.5649535190464166,83.04166666666667,194.95833333333334,600.0,32.625,1016.4541666666668,1014.1,10.825000000000001,7.7,9.775,9.1,11.5,282.58944086143526,0.46685346677154105,0.0,0.0,0.0,0.0,0.0,0.0,,0.20833333333333334,0,0,0.0,0.0,0.0,0.0,0.0,0.0,0.0,3.391666666666765,3.0208333333333712,-0.05238095238087226,0.15833333333333321,0.9775,0.0,3.120833333333332,0.20000000000000018,-0.9759569473620185,0.21796338430068965,-0.9759569473620185,0.21796338430068965,-0.9976833780446399,0.4691468181081284,177.0,185.0,,,0.0,6,0.0,0.0,0.7401111111111112,0.0,-0.0,20.3,-0.2708333333333339,285,10,2024,10
2024-10-12,0.0,0.8,0,0.0,9.8,19.2,14.316666666666668,5.4,3.1833333333333336,-0.27108864515337106,-0.44565552221977583,83.29166666666667,181.33333333333334,600.0,53.625,1023.0625,1021.1,11.229166666666666,9.3,10.35,9.1,12.1,222.35330784861375,0.15594744257542445,0.0,0.0,0.0,0.0,0.0,0.0,,0.20833333333333334,0,0,0.0,0.0,0.0,0.0,0.0,0.0,0.0,6.608333333333235,9.379166666666606,6.560119047618969,0.5749999999999993,1.0,0.0,3.087500000000002,0.5,-0.6737003730209605,-0.739004605798515,-0.6737003730209605,-0.739004605798515,-0.22579425069232864,-0.3711939120488883,178.0,186.0,,,0.0,6,0.0,0.0,0.7318611111111112,0.0,-0.0,19.1,0.37083333333333535,286,10,2024,11
2024-10-13,0.0,0.0,0,0.0,8.8,20.2,14.604166666666666,6.1,3.908333333333333,2.3122672977240026,-1.8640501222698787,80.41666666666667,204.41666666666666,600.0,39.791666666666664,1025.8333333333333,1024.2,10.887500000000001,7.7,10.375,8.9,11.6,151.09756847929927,0.38361177809177593,0.0,0.0,0.0,0.0,0.0,0.0,,0.5416666666666666,0,0,0.0,0.0,0.0,0.0,0.0,0.0,0.0,2.7708333333332575,12.770833333333258,8.656547619047501,0.025000000000000355,1.0,0.0,3.716666666666665,1.1000000000000005,0.4833195358202157,-0.8754440166535672,0.4833195358202157,-0.8754440166535672,1.859448285253052,-1.4990069733253608,179.0,187.0,,,0.0,6,0.0,0.0,0.7376666666666667,0.0,-0.0,23.45,0.28749999999999787,287,10,2024,12
2024-10-14,0.0,0.0,0,0.0,10.9,20.2,15.520833333333334,8.1,5.566666666666666,2.373185167225284,-4.422203006791414,76.79166666666667,193.41666666666666,600.0,53.25,1025.9916666666666,1023.8,11.329166666666666,6.4,10.704166666666667,8.9,11.9,154.79066856167623,0.8986455001794517,0.0,0.0,0.0,0.0,0.0,0.0,,0.2916666666666667,0,0,0.0,0.0,0.0,0.0,0.0,0.0,0.0,0.15833333333330302,9.537499999999795,7.202976190476079,0.3291666666666675,1.0,0.0,4.191666666666668,4.5,0.4259266499626262,-0.9047576962102144,0.4259266499626262,-0.9047576962102144,1.8224084429984162,-3.3958833922985736,180.0,188.0,,,0.0,6,0.0,0.0,0.7182499999999999,0.0,-0.0,33.4,0.9166666666666679,288,10,2024,13
2024-10-15,0.0,0.1,0,0.0,11.9,21.6,16.058333333333334,8.4,5.554166666666667,1.251652752789014,-4.879407330444694,89.66666666666667,162.91666666666666,600.0,77.91666666666667,1023.7416666666667,1021.3,14.225,11.8,13.362499999999999,10.7,14.7,169.9794258173446,0.9016649682772482,0.0,0.0,0.0,0.0,0.0,0.0,,0.041666666666666664,0,0,0.0,0.0,0.0,0.0,0.0,0.0,0.0,-2.2499999999998863,0.6791666666666742,3.4803571428572013,2.6583333333333314,1.0,0.0,1.833333333333334,0.09999999999999964,0.17400179835029844,-0.984745334678394,0.17400179835029844,-0.984745334678394,1.1223153016674825,-4.375201906298742,181.0,189.0,,,0.0,6,0.0,0.0,0.7408333333333333,0.0,-0.0,33.325,0.5374999999999996,289,10,2024,14
2024-10-16,0.0,5.6,0,0.0,13.0,20.6,16.666666666666668,4.5,2.375,-1.5835191831385853,0.43580389647793766,94.66666666666667,71.58333333333333,445.0,99.41666666666667,1022.8000000000001,1021.1,15.775,12.7,12.816666666666668,12.1,13.5,287.2614819112896,0.6873959646248383,0.0,0.0,0.0,0.0,0.0,0.0,,0.0,0,0,0.0,0.0,0.0,0.0,0.0,0.0,0.0,-0.941666666666606,-3.0333333333331893,1.2363095238096093,-0.5458333333333307,1.0,0.0,0.8916666666666675,0.3000000000000007,-0.9549604991928649,0.29673295230107904,-0.9549604991928649,0.29673295230107904,-1.4990648267045277,0.4125610219991143,182.0,190.0,,,0.0,6,0.0,0.0,0.6966111111111112,0.0,-0.0,14.25,0.6083333333333343,290,10,2024,15
2024-10-17,0.0,0.0,0,0.0,10.4,23.0,16.375,5.8,3.5583333333333336,1.1440953061487076,-1.2083412892695862,86.04166666666667,200.33333333333334,600.0,61.458333333333336,1024.6541666666667,1022.6,13.737499999999999,10.1,13.266666666666666,11.6,14.8,170.41640879767502,0.22764006049597196,0.0,0.0,0.0,0.0,0.0,0.0,,0.2916666666666667,0,0,0.0,0.0,0.0,0.0,0.0,0.0,0.0,1.8541666666666288,-1.3374999999998636,1.4345238095239665,0.4499999999999975,1.0,0.0,2.637500000000001,0.3000000000000007,0.16648636289580832,-0.9860437571273017,0.16648636289580832,-0.9860437571273017,0.9843986696654505,-1.0396769843090399,183.0,191.0,,,0.0,6,0.0,0.0,0.7536944444444446,0.0,-0.0,21.35,-0.29166666666666785,291,10,2024,16
2024-10-18,0.0,0.2,0,0.0,15.3,21.8,17.970833333333335,13.1,7.179166666666667,2.4602653499995046,-6.4030139188188935,92.66666666666667,114.33333333333333,546.0,97.16666666666667,1023.6208333333334,1019.2,16.6875,15.2,14.833333333333334,13.0,16.5,164.3005095447349,0.9272380030483925,0.0,0.0,0.0,0.0,0.0,0.0,,0.0,0,0,0.0,0.0,0.0,0.0,0.0,0.0,0.0,-1.033333333333303,-0.12083333333328028,-0.6226190476188549,1.5666666666666682,1.0,0.0,1.283333333333335,0.10000000000000142,0.2705918845228565,-0.9626941529013091,0.2705918845228565,-0.9626941529013091,2.279845890999541,-5.933459564772175,184.0,192.0,,,0.0,6,0.0,0.0,0.7184444444444443,0.0,-0.0,43.075,1.595833333333335,292,10,2024,17
2024-10-19,0.0,21.6,0,0.0,12.3,21.5,17.833333333333332,12.6,6.295833333333333,-0.6778059090413165,1.710670789857832,95.66666666666667,63.333333333333336,290.0,100.0,1015.9583333333334,1011.6,17.104166666666668,11.9,9.454166666666667,1.7,16.9,221.1415160844983,0.18297398191285322,0.0,0.0,0.0,0.0,0.0,0.0,,0.0,0,0,0.0,0.0,0.0,0.0,0.0,0.0,0.0,-7.662500000000023,-6.841666666666697,-7.270238095238142,-5.379166666666666,0.9454166666666668,0.0,0.7291666666666643,0.40000000000000036,-0.6579210994562493,-0.753086865434712,-0.6579210994562493,-0.753086865434712,-0.6484343196495261,1.6365417222973262,185.0,193.0,,,0.0,6,0.0,0.0,0.6944444444444445,0.0,-0.0,37.775,-0.13750000000000284,293,10,2024,18
2024-10-20,0.0,1.0,0,0.0,4.9,12.7,8.8125,13.7,8.254166666666666,0.637202837796173,4.941882854131716,82.66666666666667,150.20833333333334,600.0,52.958333333333336,1029.4375,1022.8,5.870833333333334,1.9,3.8541666666666665,1.6,5.9,24.904278823290483,0.4072206481038848,0.0,0.0,0.0,0.0,0.0,0.0,,0.4583333333333333,0,0,0.0,0.0,0.0,0.0,0.0,0.0,0.0,13.479166666666629,4.783333333333303,5.6940476190476375,-5.600000000000001,0.38541666666666663,0.0,2.9416666666666664,3.0000000000000004,0.42110354983628845,0.9070125689952022,0.42110354983628845,0.9070125689952022,0.526754345911503,4.085289826082219,186.0,194.0,,,0.0,6,0.0,0.0,0.6579166666666666,0.0,-0.0,49.525,-9.020833333333332,294,10,2024,19
2024-10-21,0.0,0.0,0,0.0,3.5,16.0,9.879166666666666,10.1,7.329166666666667,1.7259852777558862,-6.509687502597514,75.70833333333333,204.45833333333334,600.0,16.375,1031.0458333333333,1029.2,5.466666666666666,0.1,7.591666666666666,5.3,9.7,167.66403172422608,0.9171960824844725,0.0,0.0,0.0,0.0,0.0,0.0,,0.8333333333333334,0,0,0.0,0.0,0.0,0.0,0.0,0.0,0.0,1.6083333333333485,7.4249999999999545,6.58035714285711,3.7374999999999994,0.7591666666666665,0.0,4.4125000000000005,3.4,0.21364369911552106,-0.9769116489367075,0.21364369911552106,-0.9769116489367075,1.3067146873676854,-4.928375913424868,187.0,195.0,,,0.0,6,0.0,0.0,0.7220000000000001,0.0,-0.0,43.975,1.0666666666666664,295,10,2024,20
2024-10-22,0.0,2.3,0,0.0,6.8,18.0,12.825000000000001,9.0,6.716666666666666,1.5067422525869274,-6.125569227550418,77.83333333333333,122.54166666666667,507.0,86.70833333333333,1025.2124999999999,1020.4,8.775,4.9,11.516666666666666,9.7,13.6,164.71688691177823,0.9426041898537069,0.0,0.0,0.0,0.0,0.0,0.0,,0.041666666666666664,0,0,0.0,0.0,0.0,0.0,0.0,0.0,0.0,-5.833333333333485,9.254166666666492,0.5369047619046796,3.925,1.0,0.0,4.050000000000001,1.8999999999999995,0.2635887523679469,-0.964635148449977,0.2635887523679469,-0.964635148449977,1.1727477199301584,-4.767734715443408,188.0,196.0,,,0.0,6,0.0,0.0,0.6744722222222223,0.0,-0.0,40.3,2.9458333333333346,296,10,2024,21
2024-10-23,0.0,13.2,0,0.0,12.6,21.1,16.208333333333332,13.5,7.466666666666666,0.8749836210369271,-4.5405408783959595,97.95833333333333,60.5,201.0,99.66666666666667,1015.8375,1012.1,15.870833333333332,12.6,12.895833333333334,10.3,15.1,181.51853671629814,0.540062955634989,0.0,0.0,0.0,0.0,0.0,0.0,,0.0,0,0,0.0,0.0,0.0,0.0,0.0,0.0,0.0,-9.374999999999886,-13.600000000000023,-7.843452380952385,1.3791666666666682,1.0,0.0,0.33750000000000036,0.0,-0.026500362799646637,-0.9996488037163287,-0.026500362799646637,-0.9996488037163287,0.8571193721074231,-4.447838168795375,189.0,197.0,,,0.0,6,0.0,0.0,0.7001944444444445,0.0,-0.0,44.8,3.383333333333331,297,10,2024,22
2024-10-24,0.0,0.0,0,0.0,12.1,21.0,15.879166666666668,6.2,3.725,-0.49705468318559803,0.9150894222568781,90.16666666666667,122.41666666666667,600.0,99.08333333333333,1019.4041666666667,1017.1,14.158333333333333,11.7,9.645833333333334,8.2,11.5,11.291912588955483,0.2278073546301851,0.0,0.0,0.0,0.0,0.0,0.0,,0.0,0,0,0.0,0.0,0.0,0.0,0.0,0.0,0.0,3.5666666666667197,-11.641666666666652,-3.5267857142856656,-3.25,0.9645833333333333,0.0,1.720833333333335,0.40000000000000036,0.1958077266190462,0.98064230695819,0.1958077266190462,0.98064230695819,-0.4481776393390142,0.8251056290682851,190.0,198.0,,,0.0,6,0.0,0.0,0.7155,0.0,-0.0,22.35,-0.32916666666666394,298,10,2024,23
2024-10-25,0.0,0.0,0,0.0,11.9,20.3,15.433333333333332,7.5,4.7,2.685072731719767,-0.3896903043069068,79.75,184.04166666666666,600.0,66.95833333333333,1025.4875,1023.5,11.683333333333332,6.9,11.183333333333332,8.7,12.2,78.89727782109593,0.48901126107093856,0.0,0.0,0.0,0.0,0.0,0.0,,0.2916666666666667,0,0,0.0,0.0,0.0,0.0,0.0,0.0,0.0,6.0833333333332575,0.27500000000009095,2.2898809523809405,1.5374999999999979,1.0,0.0,3.75,5.0,0.9812835159765089,0.19256858848935013,0.9812835159765089,0.19256858848935013,2.141345503546514,-0.3107780176847582,191.0,199.0,,,0.0,6,0.0,0.0,0.7218611111111111,0.0,-0.0,28.200000000000003,-0.4458333333333364,299,10,2024,24
2024-10-26,0.0,0.0,0,0.0,15.0,19.4,16.791666666666668,6.2,3.1125000000000003,0.6186006083617089,-0.7404651902011231,64.16666666666667,118.25,427.0,73.66666666666667,1022.6166666666667,1020.5,9.966666666666667,6.9,11.112499999999999,9.9,12.2,230.04305184624275,0.1401509867598764,0.0,0.0,0.0,0.0,0.0,0.0,,0.25,0,0,0.0,0.0,0.0,0.0,0.0,0.0,0.0,-2.8708333333332803,6.779166666666697,-1.5321428571427305,-0.07083333333333286,1.0,0.0,6.825000000000001,8.1,-0.7665272151587826,-0.642211825195489,-0.7665272151587826,-0.642211825195489,0.39693539036542996,-0.47513183037905404,192.0,200.0,,,0.0,6,0.0,0.0,0.6260555555555555,0.0,-0.0,18.675,1.358333333333336,300,10,2024,25
2024-10-27,0.0,16.6,0,0.0,10.1,20.2,15.6875,5.7,3.15,-0.5169914588295784,-1.8838479959701528,79.54166666666667,126.91666666666667,556.0,74.16666666666667,1014.9041666666667,1010.4,12.012500000000001,7.4,11.295833333333334,8.6,13.4,201.1349889189183,0.4953529462812885,0.0,0.0,0.0,0.0,0.0,0.0,,0.16666666666666666,0,0,0.0,0.0,0.0,0.0,0.0,0.0,0.0,-7.712499999999977,-4.5,-7.168452380952203,0.18333333333333535,1.0,0.0,3.674999999999999,2.6999999999999993,-0.36056646940841747,-0.9327335209685287,-0.36056646940841747,-0.9327335209685287,-0.41122362287736053,-1.4984440934612593,193.0,201.0,,,0.0,6,0.0,0.0,0.6830833333333333,0.0,-0.0,18.9,-1.1041666666666679,301,10,2024,26
2024-10-28,0.0,30.1,0,0.0,10.9,15.7,12.945833333333333,10.0,6.0375000000000005,-2.59228671103901,5.008605863881388,92.875,49.083333333333336,340.0,99.91666666666667,1012.2916666666666,1009.3,11.791666666666666,9.7,6.5625,4.9,8.4,334.59163376794396,0.9145271276666785,0.0,0.0,0.0,0.0,0.0,0.0,,0.0,0,0,0.0,0.0,0.0,0.0,0.0,0.0,0.0,-2.612500000000068,-13.195833333333326,-7.101785714285711,-4.733333333333334,0.65625,0.0,1.1541666666666668,1.200000000000001,-0.4290670323095464,0.9032726508563617,-0.4290670323095464,0.9032726508563617,-2.4075862828774803,4.651742696079839,194.0,202.0,,,0.0,6,0.0,0.0,0.6756388888888889,0.0,-0.0,36.225,-2.741666666666667,302,10,2024,27
2024-10-29,0.0,7.3,0,0.0,9.8,16.6,12.262500000000001,8.2,5.329166666666667,3.4143244350413178,-3.3390067533541754,89.83333333333333,111.0,557.0,99.54166666666667,1019.35,1017.9,10.516666666666667,8.7,8.408333333333333,6.8,9.7,124.09353592824168,0.7102527492023205,0.0,0.0,0.0,0.0,0.0,0.0,,0.0,0,0,0.0,0.0,0.0,0.0,0.0,0.0,0.0,7.058333333333394,-3.2666666666666515,0.7940476190476602,1.8458333333333332,0.8408333333333333,0.0,1.7458333333333336,1.1000000000000014,0.8281235802711924,-0.5605455697789627,0.8281235802711924,-0.5605455697789627,3.067201450812117,-2.9995410667631677,195.0,203.0,,,0.0,6,0.0,0.0,0.7067777777777778,0.0,-0.0,31.975,-0.6833333333333318,303,10,2024,28
2024-10-30,0.0,16.5,0,0.0,7.6,15.1,11.516666666666666,13.0,7.145833333333333,-3.4922161094078437,5.260204015190843,93.20833333333333,51.208333333333336,253.0,97.375,1019.1791666666667,1015.9,10.454166666666667,6.6,6.425,5.1,8.9,316.80306503568556,0.8020003426084674,0.0,0.0,0.0,0.0,0.0,0.0,,0.0,0,0,0.0,0.0,0.0,0.0,0.0,0.0,0.0,-0.1708333333333485,4.274999999999977,0.14583333333325754,-1.9833333333333334,0.6425,0.0,1.0624999999999982,1.0,-0.6845081087984434,0.72900524620141,-0.6845081087984434,0.72900524620141,-3.2550364319772274,4.902948492492465,196.0,204.0,,,0.0,6,0.0,0.0,0.6781666666666667,0.0,-0.0,42.875,-0.7458333333333353,304,10,2024,29
2024-10-31,0.0,0.0,0,0.0,3.6,18.8,12.158333333333333,6.5,3.1166666666666667,-0.40710605717207277,-1.1915583755803916,68.83333333333333,156.75,579.0,81.0,1024.8416666666667,1023.2,6.158333333333334,0.1,10.233333333333333,7.7,11.6,231.71810696548155,0.44144085299424285,0.0,0.0,0.0,0.0,0.0,0.0,,0.08333333333333333,0,0,0.0,0.0,0.0,0.0,0.0,0.0,0.0,5.662500000000023,12.550000000000068,5.031547619047615,3.8083333333333327,1.0,0.0,5.999999999999999,3.5,-0.7849721977317079,-0.6195309909828987,-0.7849721977317079,-0.6195309909828987,-0.2802246693534434,-0.8201893485245029,197.0,205.0,,,0.0,6,0.0,0.0,0.6672777777777776,0.0,-0.0,18.7,0.6416666666666675,305,10,2024,30
2024-11-01,0.0,7.300000000000001,0,0.0,12.7,18.5,15.229166666666666,5.9,3.3958333333333335,0.8760807108400969,-2.6364387626413044,76.5,97.79166666666667,456.0,97.66666666666667,1023.7708333333334,1021.2,10.862499999999999,6.2,10.9375,10.1,12.2,158.8609566989264,0.7293557684500137,0.0,0.0,0.0,0.0,0.0,0.0,,0.0,0,0,0.0,0.0,0.0,0.0,0.0,0.0,0.0,-1.0708333333333258,4.4208333333333485,4.2059523809524535,0.7041666666666675,1.0,0.0,4.366666666666667,6.499999999999999,0.36063247089141026,-0.932708004114233,0.36063247089141026,-0.932708004114233,0.6702017437926742,-2.016875653420598,198.0,206.0,,,0.0,6,0.0,0.0,0.6535277777777778,0.0,-0.0,20.375,3.070833333333333,306,11,2024,31
2024-11-02,0.0,71.6,0,0.0,11.4,15.2,13.775,10.7,5.304166666666666,-0.9332129949248168,1.497263911942758,95.66666666666667,11.666666666666666,61.0,97.54166666666667,1014.15,1009.1,13.070833333333333,11.1,8.358333333333333,4.8,10.6,279.3809056407752,0.17979445412038672,0.0,0.0,0.0,0.0,0.0,0.0,,0.0,0,0,0.0,0.0,0.0,0.0,0.0,0.0,0.0,-9.620833333333394,-5.029166666666697,-4.205357142857224,-2.5791666666666675,0.8358333333333332,0.0,0.7041666666666675,0.3000000000000007,-0.9866265367389258,0.16299716869489864,-0.9866265367389258,0.16299716869489864,-0.8927737651447414,1.432382475758572,199.0,207.0,,,0.0,6,0.0,0.0,0.66,0.0,-0.0,31.824999999999996,-1.4541666666666657,307,11,2024,32
2024-11-03,0.0,0.2,0,0.0,9.3,15.7,11.570833333333333,12.1,7.354166666666667,-2.0075668965036932,4.938128954782947,80.33333333333333,150.16666666666666,600.0,48.0,1020.9291666666667,1017.9,8.108333333333333,3.8,7.470833333333334,4.6,9.4,337.32759433247304,0.47911908067976855,0.0,0.0,0.0,0.0,0.0,0.0,,0.5,0,0,0.0,0.0,0.0,0.0,0.0,0.0,0.0,6.779166666666697,-3.9125000000000227,1.713095238095093,-0.8874999999999984,0.7470833333333334,0.0,3.4625000000000004,5.500000000000001,-0.3854616922117779,0.9227238394217593,-0.3854616922117779,0.9227238394217593,-1.612745406857967,3.966963593675634,200.0,208.0,,,0.0,6,0.0,0.0,0.7012222222222221,0.0,-0.0,44.125,-2.2041666666666675,308,11,2024,33
2024-11-04,0.0,0.0,0,0.0,7.9,19.2,13.141666666666666,6.4,4.1375,-1.1328454817612439,-2.701982046021493,64.04166666666667,171.375,600.0,7.416666666666667,1019.25,1016.5,6.045833333333333,-1.3,8.879166666666666,4.3,11.5,208.73180121750318,0.6790246355521637,0.0,0.0,0.0,0.0,0.0,0.0,,0.9166666666666666,0,0,0.0,0.0,0.0,0.0,0.0,0.0,0.0,-1.6791666666666742,-4.520833333333371,-0.9601190476190595,1.4083333333333323,0.8879166666666667,0.0,7.095833333333332,9.200000000000001,-0.48071027110383163,-0.8768794873044304,-0.48071027110383163,-0.8768794873044304,-0.7254931272779299,-1.7303943353062647,201.0,209.0,,,0.0,6,0.0,0.0,0.6610555555555556,0.0,-0.0,24.825000000000003,1.5708333333333329,309,11,2024,34
2024-11-05,0.0,4.8,0,0.0,8.9,13.3,10.533333333333333,7.7,4.9125000000000005,0.8867022569794529,2.6586130103934966,90.95833333333333,55.958333333333336,298.0,99.04166666666667,1017.975,1016.2,9.058333333333334,7.4,4.4375,2.9,5.4,20.903527018914954,0.5235198162436006,0.0,0.0,0.0,0.0,0.0,0.0,,0.0,0,0,0.0,0.0,0.0,0.0,0.0,0.0,0.0,-1.2749999999999773,3.8250000000000455,-2.038690476190368,-4.441666666666666,0.44375,0.0,1.4749999999999996,1.5,0.356795506489445,0.9341825124401228,0.356795506489445,0.9341825124401228,0.8065295945775607,2.4182300840370847,202.0,210.0,,,0.0,6,0.0,0.0,0.6360555555555556,0.0,-0.0,29.475,-2.6083333333333325,310,11,2024,35
2024-11-06,0.0,5.5,0,0.0,5.9,13.0,9.229166666666666,8.2,4.5625,-1.7341709023367589,3.2816178828114064,87.0,93.625,502.0,81.5,1016.6416666666668,1013.8,7.058333333333334,4.4,1.5916666666666668,-2.5,4.1,331.0399030888127,0.5948085355217636,0.0,0.0,0.0,0.0,0.0,0.0,,0.0,0,0,0.0,0.0,0.0,0.0,0.0,0.0,0.0,-1.3333333333332575,-4.287499999999909,-3.009523809523671,-2.845833333333333,0.15916666666666668,0.0,2.1708333333333325,1.5,-0.48420038232716023,0.8749571359525173,-0.48420038232716023,0.8749571359525173,-1.5087286850329802,2.8550075580459238,203.0,211.0,,,0.0,6,0.0,0.0,0.6413055555555555,0.0,-0.0,27.375,-1.3041666666666671,311,11,2024,36
2024-11-07,4.97,8.2,6,1.33,1.0,6.4,4.020833333333333,11.9,9.795833333333333,-6.6528683200221215,6.900651069410411,83.79166666666667,94.83333333333333,408.0,91.5,1027.9541666666667,1022.2,1.4875,-1.2,-2.0124999999999997,-3.1,-0.4,315.93848438676923,0.9781022247037333,5.1000000000000005,9.983333333333333,11.0,94.66666666666667,-4.162656640753526,9.009740385718564,335.5061914426096,0.0,0,6,4.97,4.97,4.97,4.97,4.97,0.0,4.97,11.312499999999886,8.704166666666652,7.858333333333235,-3.6041666666666665,-0.20124999999999998,2.0124999999999997,2.533333333333333,2.2,-0.6954302891069294,0.7185935659276755,-0.41459490885663763,0.9100060777545149,-5.574549246485203,5.78217054191014,0.0,212.0,1.0,1.0,59.143,0,0.5328487135416664,4.97,0.48475,49.61716666666666,0.0,0.0,-5.208333333333333,312,11,2024,37
2024-11-08,0.0,0.0,0,0.0,-1.0,11.4,4.6625000000000005,7.0,4.216666666666667,-2.783230750879635,2.7492961186071123,71.33333333333333,167.33333333333334,600.0,6.166666666666667,1030.1333333333334,1026.8,-0.4749999999999999,-3.3,1.8791666666666667,-1.4,3.1,317.7337773738329,0.9079451648040571,0.0,0.0,0.0,0.0,0.0,0.0,,0.875,1,0,4.97,4.97,4.97,4.97,4.97,1.0,4.97,2.179166666666788,12.158333333333417,9.12857142857149,3.8916666666666666,0.18791666666666668,0.0,5.1375,2.3,-0.6725763645387507,0.7400277250642961,-0.6725763645387507,0.7400277250642961,-1.9853712689608063,1.9611645646064069,1.0,213.0,0.0,1.0,0.0,1,0.0,2.485,0.6026666666666666,0.0,-0.0,4.216666666666667,0.6416666666666675,313,11,2024,38
2024-11-09,0.0,0.0,0,0.0,4.6,13.7,9.233333333333333,5.8,3.279166666666667,0.36259991254136614,-1.4526384810525281,49.375,167.41666666666666,600.0,5.125,1027.8374999999999,1025.3,-1.5666666666666667,-11.2,4.770833333333333,3.4,6.0,190.6511968184588,0.33119174460421125,0.0,0.0,0.0,0.0,0.0,0.0,,0.9166666666666666,0,0,0.0,4.97,4.97,4.97,4.97,1.0,4.97,-2.295833333333576,11.195833333333098,4.877380952380918,2.8916666666666666,0.4770833333333333,0.0,10.799999999999999,15.799999999999999,-0.1848295819369197,-0.9827705864753093,-0.1848295819369197,-0.9827705864753093,0.17903370681729952,-0.7172402500196857,2.0,214.0,0.0,1.0,0.0,2,0.0,1.6566666666666665,0.5806388888888888,0.0,-0.0,6.558333333333334,4.570833333333332,314,11,2024,39
2024-11-10,0.0,0.0,0,0.0,7.3,15.2,11.220833333333333,6.9,4.741666666666666,-0.4724501461307405,-3.6281563094413714,52.208333333333336,159.29166666666666,600.0,57.166666666666664,1024.1125,1021.1,0.8875000000000001,-7.3,8.533333333333333,5.8,10.0,199.06898572479162,0.7215342797487877,0.0,0.0,0.0,0.0,0.0,0.0,,0.3333333333333333,0,0,0.0,0.0,4.97,4.97,4.97,1.0,4.97,-3.724999999999909,-3.841666666666697,0.697619047619014,3.7625,0.8533333333333333,0.0,10.333333333333334,14.6,-0.32670634906888324,-0.9451258971576649,-0.32670634906888324,-0.9451258971576649,-0.24665834712575743,-1.894199939887516,3.0,215.0,,0.0,0.0,3,0.0,0.0,0.6135555555555555,0.0,-0.0,14.224999999999998,1.9875000000000007,315,11,2024,40
2024-11-11,0.0,2.6,0,0.0,3.8,17.3,11.620833333333332,8.9,4.825,-2.7297041775220277,3.0961570503648352,87.375,135.0,570.0,75.5,1018.5500000000001,1016.2,9.487499999999999,3.7,7.541666666666667,6.5,8.3,308.531613109697,0.8462825533752835,0.0,0.0,0.0,0.0,0.0,0.0,,0.125,0,0,0.0,0.0,4.97,4.97,4.97,1.0,4.97,-5.562499999999886,-11.583333333333371,-4.7648809523808495,-0.9916666666666663,0.7541666666666667,0.0,2.133333333333333,0.09999999999999964,-0.7822645635191126,0.6229463481410357,-0.7822645635191126,0.6229463481410357,-2.3850790251098717,2.705267222756275,4.0,216.0,,0.0,0.0,4,0.0,0.0,0.7145833333333332,0.0,-0.0,19.3,0.3999999999999986,316,11,2024,41
2024-11-12,0.0,0.2,0,0.0,3.6,18.1,9.966666666666667,6.4,3.5583333333333336,-2.7968720861921805,0.7682521795945524,76.95833333333333,142.45833333333334,600.0,45.833333333333336,1016.1083333333332,1012.8,5.7,-1.7,7.216666666666666,3.6,10.4,278.36215064499777,0.6708609092943832,0.0,0.0,0.0,0.0,0.0,0.0,,0.2916666666666667,0,0,0.0,0.0,4.97,4.97,4.97,1.0,4.97,-2.4416666666668334,-11.729166666666629,-6.939880952381145,-0.32500000000000107,0.7216666666666666,0.0,4.266666666666667,5.3,-0.9893686189477846,0.14542948752351884,-0.9893686189477846,0.14542948752351884,-2.152426142998732,0.5912340732129742,5.0,217.0,,0.0,0.0,5,0.0,0.0,0.6848333333333333,0.0,-0.0,17.791666666666668,-1.654166666666665,317,11,2024,42
2024-11-13,0.0,1.2,0,0.0,5.1,15.8,10.104166666666666,9.0,4.379166666666666,-0.39508126101802765,3.072359218613078,84.04166666666667,145.16666666666666,584.0,64.79166666666667,1021.1541666666667,1017.9,7.166666666666667,4.9,4.758333333333334,3.4,5.3,354.32223691206553,0.4926814862136126,0.0,0.0,0.0,0.0,0.0,0.0,,0.3333333333333333,0,0,0.0,0.0,4.97,4.97,4.97,1.0,4.97,5.045833333333462,-2.9583333333332575,-2.538690476190368,-2.458333333333332,0.4758333333333334,0.0,2.937499999999999,0.1999999999999993,-0.09893355391172677,0.995094041741983,-0.09893355391172677,0.995094041741983,-0.3320328764472341,2.5820618933094077,6.0,218.0,,0.0,0.0,6,0.0,0.0,0.7102499999999999,0.0,-0.0,26.275,0.1374999999999993,318,11,2024,43
2024-11-14,0.0,0.0,0,0.0,3.5,17.5,10.5875,8.3,3.454166666666667,1.8541156532544754,-2.07528835676667,82.45833333333333,152.95833333333334,600.0,45.5,1022.0708333333333,1019.4,7.425,2.7,8.295833333333333,5.1,9.3,169.2819933604418,0.4815038161379529,0.0,0.0,0.0,0.0,0.0,0.0,,0.4583333333333333,0,0,0.0,0.0,0.0,4.97,4.97,1.0,4.97,0.9166666666666288,3.5208333333332575,-0.7815476190476147,3.5374999999999988,0.8295833333333332,0.0,3.1625000000000005,0.7999999999999998,0.18597541699303252,-0.982554397615861,0.18597541699303252,-0.982554397615861,1.528872865746086,-1.7112481908505166,7.0,219.0,,,0.0,6,0.0,0.0,0.7101666666666667,0.0,-0.0,20.725,0.4833333333333343,319,11,2024,44
2024-11-15,0.0,2.3,0,0.0,8.5,19.0,13.420833333333334,5.8,2.504166666666667,-1.1041692856943113,1.5799054818309537,82.5,108.375,467.0,86.58333333333333,1019.625,1017.0,10.054166666666667,6.4,8.504166666666666,7.6,9.8,305.80279436947495,0.6692014637094507,0.0,0.0,0.0,0.0,0.0,0.0,,0.0,0,0,0.0,0.0,0.0,4.97,4.97,0.0,4.97,-2.4458333333333258,3.516666666666765,-1.7261904761904816,0.20833333333333393,0.8504166666666666,0.0,3.366666666666667,2.0999999999999996,-0.8110352890844732,0.5849972306427313,-0.8110352890844732,0.5849972306427313,-0.9109396606978067,1.3034220225105368,8.0,220.0,,,0.0,6,0.0,0.0,0.6805833333333333,0.0,-0.0,15.025000000000002,2.833333333333334,320,11,2024,45
2024-11-16,0.0,0.30000000000000004,0,0.0,9.0,16.4,11.987499999999999,11.8,6.25,1.67377875439787,-5.650932605212707,90.66666666666667,92.33333333333333,509.0,99.75,1021.3291666666668,1019.3,10.4,9.0,8.879166666666666,7.8,11.2,172.80455010392038,0.9255766393104111,0.0,0.0,0.0,0.0,0.0,0.0,,0.0,0,0,0.0,0.0,0.0,4.97,4.97,0.0,4.97,1.7041666666667652,0.1750000000000682,0.9077380952381873,0.375,0.8879166666666667,0.0,1.5874999999999986,0.0,0.125254445079887,-0.9921246514363654,0.125254445079887,-0.9921246514363654,1.5175594039874023,-5.123512228726188,9.0,221.0,,,0.0,6,0.0,0.0,0.6971111111111111,0.0,-0.0,37.5,-1.4333333333333353,321,11,2024,46
2024-11-17,0.0,17.6,0,0.0,8.6,18.9,13.549999999999999,12.2,4.820833333333334,-1.2917575383626365,2.3615212093001037,90.91666666666667,82.66666666666667,439.0,89.79166666666667,1015.5916666666667,1012.4,11.983333333333334,7.5,6.304166666666667,0.2,12.1,273.753608343162,0.26384826406738415,0.0,0.0,0.0,0.0,0.0,0.0,,0.041666666666666664,0,0,0.0,0.0,0.0,4.97,4.97,0.0,4.97,-5.737500000000068,-6.479166666666629,-3.6124999999999545,-2.5749999999999993,0.6304166666666667,0.0,1.5666666666666647,1.0999999999999996,-0.9978548023362462,0.06546597172952545,-0.9978548023362462,0.06546597172952545,-1.1744228952946971,2.147016366122011,10.0,222.0,,,0.0,6,0.0,0.0,0.6915,0.0,-0.0,28.925000000000004,1.5625,322,11,2024,47
2024-11-18,5.109999999999999,9.5,18,0.7,0.6,8.2,4.3125,13.5,10.608333333333333,-5.817521732064685,8.817251126250627,84.33333333333333,51.75,214.0,95.41666666666667,1021.8249999999999,1017.7,1.8499999999999999,-1.6,-3.8125,-6.3,0.2,326.1649492216792,0.9959001376594024,3.4222222222222225,10.761111111111111,13.5,83.77777777777777,-6.130067821189927,8.797254652245925,324.6635761107643,0.0,0,12,5.109999999999999,5.109999999999999,5.109999999999999,10.079999999999998,10.079999999999998,0.0,10.079999999999998,6.233333333333235,2.199999999999932,2.1529761904761244,-10.116666666666667,-0.38125,3.8125,2.4625000000000004,2.2,-0.5568038673594207,0.8306439991317537,-0.5783763399539311,0.8157700713935849,-4.906109994041217,7.435881783138028,0.0,223.0,1.0,1.0,68.98499999999999,0,0.7272775956790121,5.109999999999999,0.49783333333333335,54.98927777777777,0.0,0.0,-9.237499999999999,323,11,2024,48
2024-11-19,0.21000000000000002,0.30000000000000004,2,0.14,-1.3,4.5,0.9208333333333334,9.4,4.591666666666667,-2.346880150901561,3.2815189165148344,77.08333333333333,157.75,600.0,64.20833333333333,1028.5625,1026.5,-2.75,-3.6,-2.1083333333333334,-5.7,2.9,327.1134009684162,0.6208018118137901,0.2,9.4,9.4,84.5,-6.042203531053472,7.200817765318392,320.0,0.25,1,2,5.319999999999999,5.319999999999999,5.319999999999999,10.29,10.29,1.0,10.29,6.737500000000068,7.233333333333235,7.111309523809609,1.7041666666666666,-0.21083333333333334,2.1083333333333334,3.6708333333333334,2.3,-0.5429780555472241,0.8397468851946731,-0.6427876096865396,0.7660444431189778,-1.8090534496532866,2.529504164813518,0.0,224.0,0.03947368421052633,1.0,1.9740000000000002,1,0.045404625,5.319999999999999,0.4621111111111111,1.9740000000000002,52.922150177615144,4.591666666666667,-3.3916666666666666,324,11,2024,49
2024-11-20,0.0,0.0,0,0.0,0.3,9.0,5.241666666666666,3.2,1.2333333333333332,0.2724044912495017,-0.7959989998819004,71.25,119.125,490.0,74.29166666666667,1021.0708333333333,1018.3,0.3166666666666667,-4.6,2.2791666666666663,1.6,3.4,180.8492105429907,0.606147324936264,0.0,0.0,0.0,0.0,0.0,0.0,,0.041666666666666664,0,0,0.21000000000000002,5.319999999999999,5.319999999999999,10.29,10.29,1.0,10.29,-7.491666666666674,5.479166666666629,-0.36845238095247623,4.387499999999999,0.22791666666666663,0.0,4.925,4.8999999999999995,-0.014820977364829404,-0.9998901632829233,-0.014820977364829404,-0.9998901632829233,0.19408820001526997,-0.567149287415854,1.0,225.0,0.0,1.0,0.0,2,0.0,2.6599999999999997,0.5169166666666666,0.0,-0.0,2.4666666666666663,4.320833333333333,325,11,2024,50
2024-11-21,0.0,0.0,0,0.0,0.9,11.8,5.920833333333333,6.2,3.8874999999999997,-3.4399039952563086,1.1414013895339785,76.83333333333333,129.33333333333334,587.0,71.04166666666667,1016.225,1013.2,1.6333333333333335,-2.4,3.0375,2.1,3.9,289.3550589576502,0.9373787522170968,0.0,0.0,0.0,0.0,0.0,0.0,,0.20833333333333334,0,0,0.0,0.21000000000000002,5.319999999999999,5.319999999999999,10.29,1.0,10.29,-4.845833333333303,-5.599999999999909,-4.37916666666672,0.7583333333333337,0.30375,0.0,4.2875,3.3,-0.9434829047165454,0.33142119501871065,-0.9434829047165454,0.33142119501871065,-2.64299290302193,0.8769767342919401,2.0,226.0,0.0,0.03947368421052633,0.0,3,0.0,0.07,0.6045555555555556,0.0,-0.0,11.6625,0.6791666666666671,326,11,2024,51
2024-11-22,8.19,18.0,13,1.4,3.8,7.7,6.125,7.5,4.604166666666667,-3.237473370879897,0.7436564382034533,88.33333333333333,31.041666666666668,119.0,99.95833333333333,1014.6999999999999,1012.6,4.283333333333333,2.2,-0.44583333333333336,-3.7,3.3,274.95785031875744,0.75144192741213,5.7846153846153845,4.961538461538462,7.5,93.46153846153847,-3.0425623919211096,3.0811591924913304,308.0440878604707,0.0,0,9,8.19,8.19,13.509999999999998,13.509999999999998,18.479999999999997,1.0,18.479999999999997,-1.525000000000091,-13.862500000000068,-5.200595238095275,-3.4833333333333334,-0.044583333333333336,0.44583333333333336,1.8416666666666668,1.5999999999999996,-0.996258544709253,0.08642286788692716,-0.7875367822030933,0.6162676501952684,-2.859768144277242,0.6568965204130504,0.0,227.0,1.0,0.6062176165803109,61.425,0,0.8095712019230771,8.19,0.48625,40.635,0.0,0.0,0.2041666666666666,327,11,2024,52
2024-11-23,7.63,10.9,19,1.82,1.6,4.0,2.8375,9.5,6.254166666666666,-4.0521999280564165,4.601558698024645,87.45833333333333,59.75,228.0,96.16666666666667,1021.0791666666668,1017.4,0.9333333333333332,-0.3,-2.6625,-2.9,-2.1,319.1177692113953,0.9807567650399501,2.8526315789473684,6.989473684210527,9.5,87.0,-4.564218315505835,5.0952598730824175,318.3982403739356,0.0,0,18,15.82,15.82,21.14,21.14,26.11,1.0,26.11,6.379166666666833,0.008333333333439441,1.2142857142857792,-2.216666666666667,-0.26625,2.6625,1.9041666666666668,1.9000000000000001,-0.6545063684572329,0.7560564883981388,-0.6639491781670231,0.7477777001297475,-3.5439865204126737,4.024446544647387,0.0,228.0,0.4823008849557522,0.7483443708609272,72.485,1,1.244245869806094,15.82,0.42024999999999996,53.32968421052632,0.0,6.254166666666666,-3.2875,328,11,2024,53
2024-11-24,0.0,0.0,0,0.0,-1.1,5.8,2.8874999999999997,6.8,4.745833333333334,-2.1601441406325863,4.0586897099167585,87.625,84.25,412.0,94.95833333333333,1026.7541666666666,1024.6,0.9958333333333332,-1.9,-2.6041666666666665,-3.1,-1.9,330.2929953043525,0.9683881331260216,0.0,0.0,0.0,0.0,0.0,0.0,,0.0,0,0,7.63,15.82,21.14,21.14,26.11,1.0,26.11,5.674999999999841,10.529166666666583,5.294642857142776,0.05833333333333357,-0.26041666666666663,2.6041666666666665,1.8916666666666666,0.7999999999999998,-0.49556485927717425,0.8685709356463607,-0.49556485927717425,0.8685709356463607,-1.8928263032293038,3.5564268583145595,1.0,229.0,0.0,0.7483443708609272,0.0,2,0.0,7.91,0.47713888888888895,0.0,-0.0,9.491666666666667,0.04999999999999982,329,11,2024,54
2024-11-25,0.0,0.0,0,0.0,-3.0,7.2,1.5791666666666666,5.1,3.0083333333333333,-1.227555592159124,0.5359488987832092,80.125,145.41666666666666,587.0,34.25,1030.0249999999999,1027.3,-1.6124999999999998,-4.3,0.4916666666666667,-2.2,1.9,289.03879469343866,0.19804506936774596,0.0,0.0,0.0,0.0,0.0,0.0,,0.5833333333333334,0,0,0.0,7.63,16.03,21.14,26.11,1.0,26.11,3.2708333333332575,15.324999999999932,7.3940476190474556,3.095833333333333,0.04916666666666667,0.0,3.1916666666666664,1.2999999999999998,-0.9452979182631972,0.32620828580412514,-0.9452979182631972,0.32620828580412514,-0.983578918217498,0.4294290551500463,2.0,230.0,0.0,0.47598253275109165,0.0,3,0.0,2.5433333333333334,0.5240277777777779,0.0,-0.0,9.025,-1.3083333333333331,330,11,2024,55
2024-11-26,0.42,16.4,1,0.42,-0.6,7.7,3.779166666666667,14.5,7.520833333333333,2.161371462895778,-6.8116647107224155,77.83333333333333,103.08333333333333,434.0,88.41666666666667,1021.5749999999999,1012.5,0.05833333333333335,-5.7,4.533333333333333,2.4,5.9,172.23551243627116,0.8604183516063795,4.4,14.5,14.5,99.0,5.66560136309447,-13.347320375060386,157.0,0.0,1,1,0.42,0.42,16.24,21.56,26.529999999999998,1.0,26.529999999999998,-8.449999999999932,0.4958333333331666,-0.057738095238050846,4.041666666666666,0.4533333333333333,0.0,3.720833333333333,5.1000000000000005,0.1351014720380019,-0.9908317678865394,0.39073112848927377,-0.9205048534524404,1.6822674552872139,-5.301745699845614,0.0,231.0,1.0,0.025862068965517244,6.09,4,0.048142500000000005,0.42,0.49927777777777776,6.09,0.0,30.083333333333332,2.2,331,11,2024,56
2024-11-27,0.6300000000000001,9.600000000000001,2,0.56,3.5,8.8,6.6875,8.1,3.1875,-2.6901798979116474,-0.8008116707679079,84.20833333333333,42.041666666666664,156.0,89.875,1008.0583333333334,1005.9,4.191666666666666,1.1,2.5208333333333335,-1.9,5.6,258.8262335408769,0.9020430681024155,4.15,7.4,8.1,82.0,-7.216870393641095,-1.0199710713604782,261.0,0.0,0,2,1.05,1.05,16.87,22.19,27.16,1.0,27.16,-13.516666666666538,-18.695833333333212,-11.71547619047601,-2.0124999999999997,0.2520833333333333,0.0,2.4958333333333336,2.4,-0.9810439849867043,-0.19378518911776285,-0.9876883405951377,-0.15643446504023104,-2.265355655699766,-0.6743501610924757,0.0,232.0,0.6000000000000001,0.06224066390041494,5.103000000000001,5,0.08361478125,1.05,0.5042777777777777,4.662000000000001,0.0,15.9375,2.908333333333333,332,11,2024,57
2024-11-28,17.78,25.4,24,2.03,-0.5,4.1,1.8333333333333333,8.0,4.333333333333333,-3.79192093732893,-1.5172311738935467,83.75,48.708333333333336,229.0,98.20833333333333,1008.0166666666668,1006.7,-0.65,-2.8,-0.8333333333333334,-2.5,0.0,249.07521601050064,0.9466998798984656,1.8333333333333333,4.333333333333333,8.0,83.75,-3.79192093732893,-1.5172311738935467,249.07521601050064,0.0,0,24,18.41,18.830000000000002,34.650000000000006,39.97,44.94,1.0,44.94,-0.04166666666662877,-22.0083333333331,-10.58452380952383,-3.354166666666667,-0.08333333333333334,0.8333333333333334,2.4833333333333334,2.3,-0.934050075545885,-0.35714206749237276,-0.934050075545885,-0.35714206749237276,-3.1757337850129788,-1.2706811081358453,0.0,0.0,0.9442379182156133,0.5434343434343434,100.0,0,3.4334538194444457,18.830000000000002,0.40275,77.04666666666667,0.0,0.0,-4.854166666666667,333,11,2024,58
2024-11-29,20.509999999999998,29.2,23,2.1,-1.4,3.5,1.7791666666666668,5.8,4.029166666666667,-3.167848568634243,-1.0986657589404485,83.66666666666667,35.208333333333336,136.0,98.25,1004.4875000000001,1003.1,-0.6916666666666668,-3.6,-1.6875,-2.3,-1.0,249.94473721559103,0.8321142218508708,1.7826086956521738,4.01304347826087,5.8,83.73913043478261,-3.2187307586246887,-0.9759804133974758,251.97287979247938,0.0,0,20,38.29,38.92,46.97,60.480000000000004,65.45,1.0,65.45,-3.529166666666697,-17.087499999999864,-12.654761904761813,-0.8541666666666666,-0.16875,1.6875,2.4708333333333337,2.2,-0.9393622993139739,-0.34292633411210083,-0.9509101406087224,-0.3094671298983138,-2.6504333024239832,-0.9192170183135085,0.0,0.0,0.526978417266187,0.8286140089418779,100.0,0,4.002107043360115,38.92,0.38013888888888886,82.30752173913044,0.0,0.0,-0.054166666666666474,334,11,2024,59
2024-11-30,22.47,32.1,24,2.52,0.8,4.5,2.720833333333333,5.1,2.795833333333333,-1.8342529900803257,0.7878878696033977,88.41666666666667,38.25,159.0,99.875,1006.4,1003.0,0.9791666666666666,-0.7,-0.5958333333333333,-1.3,0.8,285.37467127130867,0.7184798664324736,2.720833333333333,2.795833333333333,5.1,88.41666666666667,-1.8342529900803257,0.7878878696033977,285.37467127130867,0.0,0,24,42.98,60.760000000000005,61.81,82.95,87.92,1.0,87.92,1.912499999999909,-1.6583333333334167,-8.645238095238142,1.0916666666666668,-0.059583333333333335,0.5958333333333333,1.7416666666666667,1.5,-0.9642127043419263,0.2651298941757211,-0.9642127043419263,0.2651298941757211,-1.6217853520626881,0.6966241913743376,0.0,0.0,0.3698156682027649,0.9830124575311439,100.0,0,3.94616733186849,60.760000000000005,0.4202222222222223,62.82237499999999,0.0,0.0,0.9416666666666664,335,11,2024,60
2024-12-01,0.8400000000000001,2.3,7,0.21,0.8,6.5,4.079166666666667,3.5,1.8541666666666667,-1.6394715435616727,0.44896206434445024,85.45833333333333,48.791666666666664,226.0,95.95833333333333,1015.1041666666666,1012.5,1.8416666666666668,-0.1,0.9791666666666666,0.2,1.8,282.64481391011776,0.9071749015509357,3.857142857142857,2.5714285714285716,3.5,84.71428571428571,-2.3163036023111374,0.4245041919968821,273.55360024024003,0.0,0,5,23.31,43.82,62.65,83.79,88.76,1.0,88.76,8.704166666666652,7.087499999999864,1.7232142857143344,1.575,0.09791666666666667,0.0,2.2375,0.9,-0.975745842645368,0.2189064881639665,-0.9980772507158893,0.06198226845971359,-1.4010650566020795,0.38367549748769475,0.0,1.0,0.01916932907348243,0.6994413407821229,2.9400000000000004,1,0.12485357142857154,43.82,0.4618333333333333,2.1600000000000006,0.0,1.8541666666666667,1.3583333333333334,336,12,2024,61
2024-12-02,0.0,0.0,0,0.0,-1.8,9.5,2.8666666666666667,1.8,0.9791666666666666,-0.8051764021934503,-0.15903648465562872,77.33333333333333,135.04166666666666,556.0,24.583333333333332,1017.2375000000001,1015.3,-0.9541666666666666,-3.2,3.525,1.4,4.5,247.8606848133748,0.7496837547925725,0.0,0.0,0.0,0.0,0.0,0.0,,0.6666666666666666,0,0,0.8400000000000001,23.31,62.65,78.68,88.76,1.0,88.76,2.1333333333334394,12.75,5.683333333333394,2.5458333333333334,0.3525,0.0,3.8208333333333333,1.4000000000000001,-0.9262702554087429,-0.37685993942713286,-0.9262702554087429,-0.37685993942713286,-0.6226697510296015,-0.12298821480035287,1.0,2.0,0.0,0.37206703910614525,0.0,2,0.0,11.655,0.5589166666666666,0.0,-0.0,1.9583333333333333,-1.2125,337,12,2024,62
2024-12-03,0.0,5.4,0,0.0,-0.9,9.4,4.8,5.6,2.5166666666666666,-2.1459163209577383,-0.7357180098002482,70.70833333333333,92.0,408.0,65.5,1015.0875,1012.1,-0.21666666666666667,-7.5,3.525,0.7,5.3,244.53921104874803,0.9062669393527943,0.0,0.0,0.0,0.0,0.0,0.0,,0.3333333333333333,1,0,0.0,0.8400000000000001,62.23,78.47000000000001,88.76,1.0,88.76,-2.150000000000091,8.6875,4.460119047618946,0.0,0.3525,0.0,5.016666666666667,6.6,-0.9028796983572378,-0.42989330105776624,-0.9028796983572378,-0.42989330105776624,-1.5173416652772007,-0.5202139427629254,2.0,3.0,0.0,0.013498312710911137,0.0,3,0.0,0.28,0.5059166666666667,0.0,-0.0,7.55,1.9333333333333331,338,12,2024,63
2024-12-04,0.14,1.6,2,0.07,-2.2,7.0,4.554166666666666,6.5,4.075,-4.021107254590587,0.10532304005409239,75.54166666666667,94.20833333333333,435.0,76.83333333333333,1013.3000000000001,1011.1,0.5583333333333332,-5.5,-0.2125,-2.2,1.7,271.311233551822,0.9854069821981722,6.05,4.2,4.9,78.5,-4.165033239693761,0.017665578814652916,271.5,0.0,0,2,0.14,0.14,61.74,78.61,88.89999999999999,1.0,88.89999999999999,-1.787499999999909,-1.8041666666665606,1.9238095238096093,-3.7375,-0.021249999999999998,0.2125,3.995833333333333,3.3,-0.9997381419728617,0.022883345136805622,-0.9996573249755573,0.026176948307873114,-3.037611438571972,0.0795627798408623,0.0,4.0,1.0,0.0022675736961451248,0.9100000000000001,4,0.013099187500000017,0.14,0.4701666666666667,0.5880000000000001,0.0,16.3,-0.24583333333333357,339,12,2024,64
2024-12-05,5.32,7.6,20,0.49,-1.0,4.9,2.5749999999999997,7.2,4.466666666666667,-3.924123687870743,-1.694352473399017,80.20833333333333,54.5,298.0,99.83333333333333,1010.875,1009.1,-0.5333333333333333,-4.4,-0.9625,-2.1,0.2,244.63954241819803,0.9545908951308186,2.9850000000000003,4.2299999999999995,7.2,80.9,-3.625816289955673,-1.8025493466760327,242.11659269089108,0.0,0,20,5.46,5.46,49.279999999999994,83.93,94.22,1.0,94.22,-2.425000000000068,-6.362500000000068,-0.9095238095238756,-0.75,-0.09625,0.9625,3.108333333333333,3.4000000000000004,-0.9036311053158912,-0.4283115986120162,-0.883901104139158,-0.4676738586895545,-3.147474207979658,-1.3590118797054616,0.0,5.0,0.9743589743589745,0.11079545454545456,38.304,5,0.8836628893750004,5.46,0.4125833333333333,22.5036,0.0,22.333333333333336,-1.9791666666666665,340,12,2024,65
2024-12-06,26.18,37.4,24,2.38,-0.3,2.6,1.15,4.8,3.3000000000000003,-3.0098451434310927,-0.08451380932865804,86.58333333333333,21.333333333333332,110.0,99.875,1011.9458333333333,1010.6,-0.8416666666666667,-2.2,-2.9416666666666664,-5.2,-1.4,263.99238246317464,0.9095679774551733,1.15,3.3000000000000003,4.8,86.58333333333333,-3.0098451434310927,-0.08451380932865804,263.99238246317464,0.0,1,24,31.5,31.64,54.95,101.91999999999999,120.4,2.0,120.4,1.0708333333333258,-3.1416666666666515,-0.9041666666668107,-1.9791666666666665,-0.29416666666666663,2.9416666666666664,1.9916666666666667,1.9000000000000001,-0.9945079894047171,-0.10466068512190797,-0.9945079894047171,-0.10466068512190797,-2.6060242533540876,-0.07317487324372975,0.0,0.0,0.827433628318584,0.575796178343949,100.0,0,5.553391593750002,31.64,0.36061111111111105,86.394,0.9669127523272316,0.0,-1.4249999999999998,341,12,2024,66
2024-12-07,13.65,19.5,24,1.96,-1.9,1.8,-0.3125,7.0,5.575,-4.9880649901528455,2.1176965406000945,78.375,44.0,222.0,99.875,1014.9958333333334,1013.5,-3.6374999999999997,-5.6,-4.491666666666666,-5.4,-3.3,292.5818636477862,0.9716795278061514,-0.3125,5.575,7.0,78.375,-4.9880649901528455,2.1176965406000945,292.5818636477862,0.0,1,24,39.83,45.15,46.13,107.94,129.08,3.0,134.05,3.050000000000068,1.6958333333333258,0.9178571428572013,-1.5499999999999998,-0.4491666666666666,4.491666666666666,3.3249999999999997,3.6999999999999997,-0.9233318153398768,0.3840030713173628,-0.9233318153398768,0.3840030713173628,-3.909395936032293,1.659744663695324,0.0,0.0,0.3023255813953489,0.9787556904400606,95.55,1,3.2739005126953122,45.15,0.3305833333333333,76.09875000000001,28.905836617936387,5.575,-1.4625,342,12,2024,67
2024-12-08,13.370000000000001,19.2,24,1.33,-3.1,0.7,-1.0458333333333334,10.0,7.054166666666667,-4.978500406290966,3.827394216003453,82.04166666666667,37.166666666666664,209.0,99.875,1013.9,1011.3,-3.75,-5.5,-5.625,-6.5,-4.2,301.86906610748804,0.8832507417290087,-1.0458333333333334,7.054166666666667,10.0,82.04166666666667,-4.978500406290966,3.827394216003453,301.86906610748804,0.0,1,24,27.020000000000003,53.2,58.66,121.31,142.45,4.0,147.42,-1.0958333333334167,3.0249999999999773,-0.0059523809525217075,-1.1333333333333337,-0.5625,5.625,2.7041666666666666,2.4,-0.8492568668270932,0.5279798993778351,-0.8492568668270932,0.5279798993778351,-4.08444470832788,3.140058004712833,0.0,0.0,0.2513157894736842,0.9069212410501194,100.0,2,3.366513845974392,53.2,0.31380555555555556,94.31420833333334,0.0,14.108333333333334,-0.7333333333333334,343,12,2024,68
2024-12-09,0.21000000000000002,0.30000000000000004,3,0.07,-3.5,3.2,-0.5291666666666667,6.6,5.25,-4.715942619294554,2.122995986669117,76.41666666666667,116.5,547.0,77.75,1019.9333333333334,1018.6,-4.258333333333334,-6.1,-3.85,-4.9,-3.3,294.7096600094991,0.9858366078567482,-1.9000000000000001,4.966666666666666,5.1,85.0,-4.3234114268613295,2.406042725664119,298.9957233079115,0.0,1,3,13.580000000000002,27.23,58.87,121.52,142.66,5.0,147.63,6.033333333333417,7.987500000000068,5.642261904761881,1.775,-0.385,3.85,3.729166666666667,2.5999999999999996,-0.9084377126557243,0.41802024140564736,-0.8746558920361536,0.4847443352185154,-3.6037661515775885,1.6223227664796505,0.0,1.0,0.007712082262210798,0.46254458977407853,1.3860000000000001,3,0.05859634375000001,27.23,0.4035,1.043,91.29603796388967,15.75,0.5166666666666667,344,12,2024,69
2024-12-10,0.07,0.1,1,0.07,-1.4,4.7,0.5375,7.0,5.5625,-5.302287230370331,1.345434045943553,75.29166666666667,123.29166666666667,545.0,73.29166666666667,1018.8583333333332,1016.3,-3.4583333333333335,-4.5,-2.1374999999999997,-3.0,-1.4,285.44219301422737,0.9820379180397432,-0.8,6.3,6.3,83.0,-6.3,-1.1572912251942486e-15,270.0,0.16666666666666666,1,1,0.28,13.65,58.94,121.17,142.73,5.0,147.7,-1.0750000000001592,3.862499999999841,4.028571428571354,1.7125000000000004,-0.21374999999999997,2.1374999999999997,3.9958333333333336,3.1,-0.9638995854505772,0.26626601204097633,-1.0,-1.8369701987210297e-16,-3.9921804271996617,1.012999717091667,0.0,2.0,0.005128205128205128,0.2315914489311164,0.49000000000000005,4,0.017411625000000003,13.65,0.4376111111111111,0.441,0.0,22.25,1.0666666666666667,345,12,2024,70
2024-12-11,5.67,8.3,18,0.84,-3.1,3.4,0.10416666666666663,10.3,6.945833333333333,-5.4295022073302315,3.646372721148035,81.54166666666667,43.875,181.0,99.95833333333333,1016.9291666666667,1015.2,-2.658333333333333,-6.0,-5.745833333333334,-8.1,-2.8,299.7450758581036,0.9409130522128318,0.4833333333333333,7.061111111111111,10.3,81.88888888888889,-5.171760319767369,4.40279870330878,306.142969329754,0.0,1,18,5.74,5.95,64.47,126.21000000000001,148.4,6.0,153.37,-1.9291666666665606,3.029166666666697,1.5809523809523398,-3.608333333333334,-0.5745833333333333,5.745833333333334,2.7624999999999997,2.9,-0.868241457364156,0.49614188667574355,-0.8075477852095166,0.5898021486932753,-4.4273065915605265,2.9733130897027937,0.0,3.0,0.9529411764705882,0.09229098805646037,58.401,5,1.2299206171875,5.95,0.3766111111111112,40.0365,0.0,34.729166666666664,-0.43333333333333335,346,12,2024,71
2024-12-12,0.21000000000000002,0.30000000000000004,3,0.07,-8.4,-0.6,-4.2375,10.9,7.9875,-6.746787281481985,3.842398238718474,73.91666666666667,81.66666666666667,387.0,94.08333333333333,1021.0,1019.7,-8.208333333333334,-12.4,-5.925,-7.5,-4.0,298.30634634705456,0.9727228852852299,-1.0,10.433333333333332,10.9,73.33333333333333,-7.064629230295924,7.663744600346284,317.3336344040273,0.0,0,3,5.88,5.95,59.36,108.64,148.61,6.0,153.58,4.070833333333326,1.066666666666606,4.20535714285711,-0.17916666666666625,-0.5925,5.925,3.970833333333334,4.0,-0.880424835892774,0.4741857319059505,-0.6777281353265939,0.7353125693109959,-4.9870002655621,2.8401726981194053,0.0,4.0,0.03529411764705882,0.10023584905660378,2.289,6,0.05021843750000001,5.95,0.30083333333333334,2.191,241.57499652996867,47.925,-4.341666666666667,347,12,2024,72
2024-12-13,3.0100000000000002,4.3,15,0.84,-8.4,5.1,-0.5375,7.3,4.2124999999999995,-3.6142411623106763,-1.3473920873371925,74.0,51.0,250.0,99.91666666666667,1014.6041666666666,1009.5,-4.620833333333334,-13.2,-3.1458333333333335,-6.5,-0.8,241.4869362052733,0.8894510300851696,1.6266666666666665,3.46,6.5,75.8,-2.710046675369233,-1.6022109542636849,231.61960868072708,0.0,1,9,3.22,8.89,36.190000000000005,91.14,151.62,6.0,156.59,-6.395833333333371,-4.254166666666606,-2.5702380952380963,2.7791666666666663,-0.3145833333333333,3.1458333333333335,4.083333333333334,4.799999999999999,-0.878708294649032,-0.47735912363229216,-0.7839059905834305,-0.6208795357614959,-2.6745384601099005,-0.9970701446295225,0.0,5.0,0.33858267716535434,0.24564796905222436,21.973000000000003,6,0.6028417966666668,8.89,0.39399999999999996,10.4146,0.0,25.275,3.6999999999999997,348,12,2024,73
2024-12-14,11.41,16.3,17,1.75,-8.3,-0.8,-2.75,10.9,8.666666666666666,-6.795253095027557,4.329104637662724,80.75,49.958333333333336,201.0,99.91666666666667,1014.4375,1008.4,-5.6000000000000005,-12.0,-6.375,-7.2,-5.7,301.07483635928867,0.926235381335124,-1.5941176470588236,9.047058823529412,10.9,82.94117647058823,-6.471314683426674,5.919216678186333,312.22797427201,0.0,0,17,14.42,14.63,33.95,80.08,163.03,5.0,168.0,-0.16666666666662877,-2.4916666666666742,-2.6571428571427305,-3.2291666666666665,-0.6375,6.375,2.8500000000000005,3.6999999999999993,-0.8564938574489421,0.5161572165069779,-0.7404765450246942,0.6720822020172027,-5.487166874234752,3.4957519949126494,0.0,0.0,0.7799043062200957,0.43092783505154636,100.0,6,2.9332141524653976,14.63,0.3024722222222222,103.22694117647059,0.0,52.0,-2.2125,349,12,2024,74
2024-12-15,14.14,20.2,19,2.03,-10.6,1.5,-2.8874999999999997,7.3,3.5666666666666664,-2.792294898915389,-0.9561650873145653,79.91666666666667,42.166666666666664,185.0,97.83333333333333,1013.0,1010.9,-5.8999999999999995,-14.8,-3.8208333333333333,-5.3,-2.2,245.33712551174642,0.7740842097928888,-1.1105263157894738,3.0789473684210527,7.3,82.26315789473684,-2.129707411559595,-1.0590856845770509,239.24864455671212,0.0,1,19,25.55,28.560000000000002,34.72,93.38,177.17000000000002,5.0,182.14,-1.4375,-8.0,-3.966071428571354,2.5541666666666667,-0.38208333333333333,3.8208333333333333,3.0124999999999997,4.200000000000001,-0.9087787489456984,-0.41727830696633533,-0.8593943156269189,-0.5113134168669347,-2.2315090067165486,-0.7641352656122234,0.0,0.0,0.49509803921568624,0.8225806451612904,100.0,0,3.776411245671745,28.560000000000002,0.32783333333333337,43.53631578947368,0.0,0.0,-0.13749999999999973,350,12,2024,75
2024-12-16,14.0,20.0,24,1.82,-0.8,2.2,0.5375,6.0,4.470833333333333,-4.140221441299109,-0.013410860013773415,80.375,40.291666666666664,166.0,99.95833333333333,1015.0666666666666,1013.7,-2.470833333333333,-4.2,-3.6041666666666665,-5.1,-2.7,268.7882709757148,0.9160015519616149,0.5375,4.470833333333333,6.0,80.375,-4.140221441299109,-0.013410860013773415,268.7882709757148,0.0,0,24,28.14,39.550000000000004,48.510000000000005,107.38,191.17000000000002,4.0,196.14,2.066666666666606,0.46249999999997726,-1.2041666666666515,0.21666666666666679,-0.36041666666666666,3.6041666666666665,3.0083333333333333,3.4000000000000004,-0.9997763754016626,-0.02114708463863608,-0.9997763754016626,-0.02114708463863608,-3.327702983444159,-0.010778978736070382,0.0,0.0,0.3539823008849557,0.8152958152958153,84.0,1,3.1267894856770835,39.550000000000004,0.3436666666666666,62.59166666666667,6.845166116280993,4.470833333333333,3.425,351,12,2024,76
2024-12-17,13.02,18.5,24,0.98,0.0,2.7,1.3583333333333334,6.8,4.125,-3.6655498134235622,-1.0712995920746735,80.25,40.625,167.0,99.54166666666667,1016.5291666666667,1015.5,-1.6708333333333334,-3.2,-3.5500000000000003,-5.4,-2.3,253.24871742917492,0.9242193513039789,1.3583333333333334,4.125,6.8,80.25,-3.6655498134235622,-1.0712995920746735,253.24871742917492,0.0,0,24,27.02,41.16,61.46,120.39999999999999,204.19,3.0,209.16,1.462500000000091,2.091666666666697,0.5910714285714675,0.05416666666666625,-0.35500000000000004,3.5500000000000003,3.029166666666667,3.2,-0.9575649092672897,-0.28821770337702585,-0.9575649092672897,-0.28821770337702585,-2.941603725272409,-0.8597179226399255,0.0,0.0,0.3163265306122449,0.6697038724373575,88.536,2,2.66782427734375,41.16,0.3545833333333333,53.707499999999996,-0.0,8.25,0.8208333333333334,352,12,2024,77
2024-12-18,5.6000000000000005,8.0,12,1.12,-6.5,2.3,-0.75,11.1,5.158333333333333,-3.092324684694864,3.2684436625415363,78.5,93.45833333333333,495.0,84.41666666666667,1017.3083333333334,1015.2,-4.0874999999999995,-8.6,-6.704166666666667,-7.6,-5.7,307.0754906832031,0.8102774214204275,0.08333333333333333,5.025,11.1,81.16666666666667,-3.362447854767207,2.261743089527116,286.3838978253578,0.0,1,10,18.62,32.62,61.39,125.86000000000001,204.67999999999998,3.0,214.76,0.779166666666697,4.308333333333394,1.3160714285713766,-3.1541666666666663,-0.6704166666666667,6.704166666666667,3.3374999999999995,2.0999999999999996,-0.7978418890848323,0.602866751464655,-0.9593932847586906,0.2820718439687488,-2.4274748774854684,2.565728275095106,0.0,1.0,0.1716738197424893,0.5313568985176739,62.160000000000004,3,1.3011286458333333,32.62,0.37508333333333327,28.140000000000004,17.02939736445708,15.475,-2.1083333333333334,353,12,2024,78
2024-12-19,1.82,2.7,8,0.49,-8.9,0.1,-4.645833333333333,9.6,5.566666666666666,-3.8890263161560803,3.7209855599143857,78.875,87.375,477.0,74.29166666666667,1020.65,1018.1,-7.8125,-12.8,-6.4125000000000005,-7.6,-5.1,308.96365356471296,0.9709382824994849,-1.8625,7.9875,9.6,79.375,-4.23083223369038,6.670230388179489,326.74535936696407,0.08333333333333333,1,8,7.420000000000001,20.439999999999998,63.0,122.36,206.29000000000002,4.0,216.58,3.3416666666665833,5.583333333333371,4.707738095238142,0.2916666666666661,-0.6412500000000001,6.4125000000000005,3.166666666666667,3.9000000000000004,-0.7775450238702621,0.6288272702854047,-0.5483609621548297,0.8362417444642605,-3.067469506868108,2.934927360382472,0.0,2.0,0.08904109589041097,0.3244444444444444,17.472,4,0.4858537099609376,20.439999999999998,0.3233888888888889,14.53725,125.82847632347685,22.266666666666666,-3.895833333333333,354,12,2024,79
2024-12-20,0.0,0.0,0,0.0,-9.9,4.1,-2.2083333333333335,7.2,2.591666666666667,-1.6046411072836504,0.010724628167404873,63.75,125.58333333333333,551.0,79.20833333333333,1021.5333333333333,1017.9,-8.491666666666667,-14.4,-1.3708333333333333,-4.2,0.4,202.98674810093897,0.3642061422271781,0.0,0.0,0.0,0.0,0.0,0.0,,0.041666666666666664,1,0,1.82,7.420000000000001,59.99,96.18,206.29000000000002,4.0,216.58,0.8833333333333258,5.004166666666606,4.601190476190482,5.041666666666667,-0.13708333333333333,1.3708333333333333,6.283333333333333,4.5,-0.39051821514386104,-0.9205952007483273,-0.39051821514386104,-0.9205952007483273,-1.0229587058933272,0.006836950456720606,1.0,3.0,0.0,0.1236872812135356,0.0,5,0.0,3.7100000000000004,0.3873333333333333,0.0,-0.0,12.958333333333334,2.4374999999999996,355,12,2024,80
2024-12-21,10.29,14.7,13,2.31,-5.6,5.1,0.775,8.6,3.275,-1.8731729317734709,-1.5612658495825371,69.0,44.541666666666664,235.0,83.33333333333333,1010.15,1004.0,-4.6375,-18.0,-2.379166666666667,-6.8,0.5,231.17657780745233,0.8123898413210898,2.269230769230769,4.569230769230769,8.6,81.38461538461539,-2.605066573293703,-1.7405090165865595,238.40416966211956,0.16666666666666666,0,11,10.29,12.11,58.87,92.82000000000001,216.58,4.0,226.87,-11.383333333333326,-7.158333333333417,-6.16964285714289,-1.0083333333333335,-0.2379166666666667,2.379166666666667,5.4125000000000005,12.4,-0.7790817477046031,-0.6269223479774357,-0.8517650646122388,-0.5239239207233324,-1.292489322923695,-1.0772734362119507,0.0,0.0,0.8497109826589595,0.2057074910820452,88.49399999999999,6,1.87515271264793,12.11,0.37302777777777774,47.01738461538461,0.0,19.65,2.9833333333333334,356,12,2024,81
2024-12-22,30.87,44.1,24,2.38,-7.1,0.8,-3.775,9.8,8.341666666666667,-3.3646703225712855,7.418849072696699,84.29166666666667,24.458333333333332,113.0,100.0,1011.5208333333334,1004.7,-6.054166666666667,-9.7,-8.641666666666667,-9.8,-7.0,335.4708239866722,0.976325843191823,-3.775,8.341666666666667,9.8,84.29166666666667,-3.3646703225712855,7.418849072696699,335.4708239866722,0.0,0,24,41.16,41.16,75.6,110.32,239.26000000000002,3.0,257.74,1.370833333333394,-9.129166666666606,-4.587499999999977,-6.262500000000001,-0.8641666666666667,8.641666666666667,2.2791666666666672,2.5999999999999996,-0.41515655706978927,0.9097499838537833,-0.41515655706978927,0.9097499838537833,-2.8361366927340463,6.253471530860593,0.0,0.0,0.7500000000000001,0.5444444444444444,100.0,0,9.522368009765627,41.16,0.3150555555555556,257.50725,32.74805586039422,0.0,-4.55,357,12,2024,82
2024-12-23,12.32,17.8,24,0.98,-8.4,-2.8,-5.1125,8.7,6.791666666666667,-5.135758982115658,3.9907219982053057,83.125,43.291666666666664,212.0,99.95833333333333,1018.0749999999999,1015.8,-7.55,-10.5,-6.304166666666667,-7.7,-4.7,306.94649009078523,0.9583922226580871,-5.1125,6.791666666666667,8.7,83.125,-5.135758982115658,3.9907219982053057,306.94649009078523,0.0,0,24,43.19,53.480000000000004,73.92,122.43,243.95000000000002,3.0,270.06,6.554166666666561,-3.4583333333333712,1.5369047619046796,2.3375000000000004,-0.6304166666666667,6.304166666666667,2.4375,2.0999999999999996,-0.799197211227794,0.6010688958561381,-0.799197211227794,0.6010688958561381,-4.26909965388364,3.31728766100816,0.0,0.0,0.23036649214659685,0.7234848484848485,100.0,1,4.259489609375,53.480000000000004,0.30594444444444446,83.67333333333333,282.749210760373,6.791666666666667,-1.3375,358,12,2024,83
2024-12-24,8.33,11.9,21,1.4,-4.0,-1.1,-2.3208333333333333,9.1,6.7375,-4.778413436441305,4.542240468964349,79.70833333333333,42.458333333333336,227.0,99.5,1020.9458333333333,1017.5,-5.366666666666667,-6.6,-5.8875,-6.9,-4.9,312.3980173077645,0.9791132489908425,-2.2142857142857144,6.828571428571429,9.1,79.0952380952381,-4.666256209804624,4.84762137716823,315.0036825702641,0.0,0,20,20.65,51.52,69.23,130.69,252.28000000000003,3.0,278.39,2.870833333333394,10.795833333333348,3.7767857142857792,0.41666666666666696,-0.58875,5.8875,3.045833333333334,2.5999999999999996,-0.73847867408581,0.6742768332965801,-0.7070613318688357,0.7071522275831903,-3.8087937099634233,3.620544173803666,0.0,1.0,0.16168478260869565,0.7441860465116279,75.803,2,2.3265084375,51.52,0.294,56.882000000000005,53.58417547592423,13.475,2.7916666666666665,359,12,2024,84
2024-12-25,0.0,0.0,0,0.0,-10.3,5.6,-1.8791666666666667,7.6,3.5208333333333335,-2.709606604066865,0.05407627609916003,60.5,116.58333333333333,483.0,86.125,1024.3708333333334,1020.3,-8.958333333333334,-14.3,-1.2958333333333334,-5.2,0.2,253.25083744257023,0.6177196643159085,0.0,0.0,0.0,0.0,0.0,0.0,,0.0,1,0,8.33,20.65,63.629999999999995,125.02,252.28000000000003,3.0,278.39,3.425000000000068,12.850000000000023,6.192857142857292,4.591666666666667,-0.12958333333333333,1.2958333333333334,7.0791666666666675,4.0,-0.9575755730166935,-0.28818227211567193,-0.9575755730166935,-0.28818227211567193,-1.6393119954604531,0.032716147039991816,1.0,2.0,0.0,0.32453245324532454,0.0,3,0.0,10.325,0.4038333333333333,0.0,-0.0,10.5625,0.44166666666666665,360,12,2024,85
2024-12-26,25.9,37.0,23,1.96,-3.4,4.0,0.7583333333333333,6.9,3.4291666666666667,-2.5875285174004525,0.660360797111104,83.41666666666667,31.041666666666668,138.0,100.0,1014.5,1011.5,-1.8416666666666668,-13.0,-3.016666666666667,-5.6,-0.1,268.2578909980812,0.7699704991407307,0.9391304347826086,3.5043478260869563,6.9,85.0,-2.637347941484562,0.7282400817331715,269.89639265361296,0.0,1,23,25.9,34.23,87.71,150.71,277.76,3.0,304.29,-9.870833333333394,-3.574999999999932,-2.799404761904725,-1.7208333333333337,-0.3016666666666667,3.016666666666667,2.6,9.6,-0.9995377872402589,-0.03040085325853476,-0.9999983650453064,-0.001808288338217394,-2.1584300382648776,0.5508509649235126,0.0,0.0,0.7566462167689162,0.39026336791699917,100.0,4,5.609916743856334,34.23,0.3876388888888889,90.76260869565216,0.0,13.716666666666667,2.6375,361,12,2024,86
2024-12-27,22.47,32.1,24,1.96,-5.7,-1.2,-3.6791666666666667,9.4,6.9624999999999995,-6.124866410337616,2.81551081734882,82.08333333333333,27.458333333333332,118.0,100.0,1014.2125,1013.0,-6.295833333333333,-8.9,-6.425,-7.0,-5.2,295.5929665426428,0.9679945529249246,-3.6791666666666667,6.9624999999999995,9.4,82.08333333333333,-6.124866410337616,2.81551081734882,295.5929665426428,0.0,0,24,48.37,48.37,110.17999999999999,170.17000000000002,299.6,2.0,326.76,-0.28750000000002274,-6.7333333333333485,-2.041071428571513,-3.4083333333333328,-0.6425,6.425,2.6166666666666667,3.2,-0.9018855611553733,0.43197503930141307,-0.9018855611553733,0.43197503930141307,-5.027494511818793,2.3110651292404896,0.0,0.0,0.4645441389290883,0.4390088945362135,100.0,5,7.015500088378907,48.37,0.29191666666666666,156.447375,0.0,34.8125,-4.4375,362,12,2024,87
2024-12-28,12.67,18.1,24,1.54,-6.6,-0.7,-3.595833333333333,9.0,6.545833333333333,-6.405025938545631,0.5415075592140175,76.25,75.375,396.0,98.08333333333333,1013.5791666666668,1011.6,-7.220833333333334,-9.2,-6.866666666666667,-7.6,-6.3,276.05266616348183,0.9812678279628576,-3.595833333333333,6.545833333333333,9.0,76.25,-6.405025938545631,0.5415075592140175,276.05266616348183,0.0,0,24,35.14,61.04,112.56,171.42999999999998,294.48999999999995,2.0,339.43,-0.6333333333332121,-10.791666666666629,-3.1642857142855974,-0.4416666666666673,-0.6866666666666668,6.866666666666667,3.625000000000001,2.5999999999999996,-0.9944253928837847,0.10544258147413825,-0.9944253928837847,0.10544258147413825,-4.8838322781410435,0.41289951390068835,0.0,0.0,0.20756880733944955,0.5422885572139303,100.0,6,3.954111437120225,61.04,0.3044166666666666,82.93570833333334,0.0,39.275,0.08333333333333348,363,12,2024,88
2024-12-29,13.16,18.7,16,1.96,-8.8,0.2,-3.0833333333333335,8.7,4.570833333333334,-2.9236027587365787,1.4947432706087909,77.83333333333333,29.833333333333332,136.0,90.04166666666667,1018.4208333333332,1014.9,-6.4125000000000005,-12.8,-6.108333333333333,-7.2,-4.9,275.46234789654187,0.6975783400952397,-2.04375,4.93125,8.7,78.75,-2.6855503337654563,2.1329725801799784,281.9443221664116,0.041666666666666664,1,16,25.83,48.3,94.85,170.45,287.14,3.0,352.59,4.84166666666647,3.920833333333235,0.6916666666664923,0.7583333333333337,-0.6108333333333333,6.108333333333333,3.329166666666667,4.0,-0.9954589687722224,0.09519160409901456,-0.9783491794396207,0.20696106660389213,-2.27553748054997,1.163408512290509,0.0,0.0,0.27246376811594203,0.5092250922509225,100.0,3,3.7181493227539053,48.3,0.28377777777777774,64.89525,114.42234788729556,13.712500000000002,0.5124999999999997,364,12,2024,89
2024-12-30,0.21000000000000002,0.30000000000000004,3,0.07,-7.0,4.8,-0.7083333333333334,5.7,3.8208333333333333,-3.2370822419311835,-1.1279083152479974,72.33333333333333,104.16666666666667,540.0,82.08333333333333,1020.4166666666666,1015.9,-5.120833333333334,-11.5,-1.8166666666666667,-5.2,-0.5,247.11296376990174,0.874780166083048,0.39999999999999997,3.233333333333333,5.7,79.66666666666667,-2.0450524920256536,-1.6753664763769567,209.12938826903599,0.0,0,2,13.370000000000001,26.04,82.74000000000001,156.66,264.88,3.0,352.8,1.995833333333394,6.2041666666666515,2.35297619047617,4.291666666666667,-0.18166666666666667,1.8166666666666667,4.4125000000000005,4.5,-0.921273425352648,-0.3889155123404039,-0.4867834934743242,-0.8735226559631597,-2.3414894883302226,-0.8158536813627181,0.0,1.0,0.00806451612903226,0.31472081218274106,1.197,4,0.048363,26.04,0.41722222222222216,0.6789999999999999,28.571087524009272,15.283333333333333,2.375,365,12,2024,90
2024-12-31,28.63,41.0,23,3.01,-3.9,3.7,0.7374999999999999,10.2,4.916666666666667,-1.9113526201415514,2.6019699237873137,85.45833333333333,25.208333333333332,207.0,99.91666666666667,1009.2166666666667,1004.2,-1.4416666666666667,-5.5,-4.9375,-7.5,0.1,264.092154506319,0.37818431480118797,0.6869565217391304,5.034782608695652,10.2,85.56521739130434,-1.97131455274252,2.807909946465336,270.2352183694827,0.0,0,23,28.84,42.0,103.03999999999999,172.26999999999998,292.66999999999996,3.0,381.43,-11.199999999999932,-4.362500000000068,-7.171428571428578,-3.1208333333333336,-0.49375,4.9375,2.1791666666666667,1.6,-0.9946887324411761,-0.10292874017768985,-0.9999915731240688,0.004105323476922818,-1.6334100932959674,2.223600130703242,0.0,0.0,0.6816666666666666,0.40760869565217395,100.0,0,6.246299511578449,42.0,0.3838888888888889,144.1458260869565,0.0,0.0,1.4458333333333333,366,12,2024,91
2025-01-01,2.73,4.1,13,0.42,-4.7,1.1,-2.1750000000000003,11.3,6.7250000000000005,-5.826814646830928,2.640495477148581,79.58333333333333,81.70833333333333,380.0,98.75,1018.525,1016.3,-5.245833333333334,-7.8,-3.8833333333333333,-7.1,-2.5,287.8281721572517,0.9408238865673807,-1.7538461538461538,6.123076923076923,11.3,81.23076923076923,-5.069679682259277,2.262732022959505,281.7543369525802,0.0,0,8,31.36,31.569999999999997,105.76999999999998,169.39999999999998,295.4,2.0,384.15999999999997,9.30833333333328,0.10416666666674246,2.9720238095238756,1.0541666666666667,-0.3883333333333333,3.8833333333333333,3.0708333333333333,3.0999999999999996,-0.9519789682177827,0.3061634270630735,-0.9790300552003426,0.20371585852459803,-4.637173323102947,2.1013943172307457,0.0,1.0,0.08647450110864746,0.29847782925215094,30.849,1,0.7408008461538461,31.569999999999997,0.3441944444444444,16.715999999999998,221.79426136577356,6.7250000000000005,-2.9125,1,1,2024,92
2025-01-02,7.07,10.2,24,0.56,-1.8,2.4,0.5583333333333333,7.1,5.625,-5.327002659696284,1.3152602316305384,80.33333333333333,46.458333333333336,218.0,99.91666666666667,1017.9083333333333,1016.5,-2.4625,-4.2,-4.820833333333334,-6.9,-3.4,284.7494493492492,0.9762700029138058,0.5583333333333333,5.625,7.1,80.33333333333333,-5.327002659696284,1.3152602316305384,284.7494493492492,0.0,0,24,9.8,38.42999999999999,86.94,174.65,302.46999999999997,1.0,391.23,-0.6166666666666742,-2.5083333333333258,1.8684523809523625,-0.9375000000000004,-0.48208333333333336,4.820833333333334,3.020833333333333,2.4000000000000004,-0.9670483857642395,0.2545926542356998,-0.9670483857642395,0.2545926542356998,-4.279358803289348,1.0565923860765325,0.0,2.0,0.1839708561020037,0.4420289855072463,50.197,2,1.5514760579427087,38.42999999999999,0.3520833333333333,39.768750000000004,0.0,11.25,2.7333333333333334,2,1,2024,93
2025-01-03,9.870000000000001,14.200000000000001,20,1.82,-4.4,0.2,-2.7708333333333335,9.3,7.129166666666666,-6.892299582705949,-0.1410091093666753,77.91666666666667,64.04166666666667,409.0,99.75,1017.1166666666667,1014.9,-6.104166666666667,-8.3,-6.4875,-8.9,-4.2,268.5596492831174,0.9679928305858775,-3.105,7.0200000000000005,9.3,78.3,-6.840384124406325,0.3767759076270497,272.48264410301914,0.0,1,11,16.94,19.669999999999998,74.34,184.52,312.2,2.0,401.1,-0.7916666666666288,7.899999999999977,0.6619047619047933,-1.666666666666666,-0.6487499999999999,6.4875,3.3333333333333335,3.9000000000000004,-0.9996840354391274,-0.025136214674081142,-0.9990613888236234,0.043316756132158386,-5.370250091525052,-0.10986959771486784,0.0,3.0,0.501779359430605,0.2645951035781544,91.79100000000001,3,2.949905194687501,19.669999999999998,0.3068611111111111,69.2874,0.0,21.3875,-3.3291666666666666,3,1,2024,94
2025-01-04,2.52,3.6,11,0.77,-10.5,-0.2,-4.083333333333333,6.9,4.541666666666667,-3.7517905176972524,2.2644765473730657,68.83333333333333,113.0,526.0,61.791666666666664,1021.1333333333333,1017.5,-9.070833333333333,-14.0,-7.1875,-8.9,-5.8,296.85770485572823,0.9579967415681775,-3.472727272727273,5.827272727272727,6.9,76.9090909090909,-4.496932973632668,3.481728377172682,307.4910570112804,0.20833333333333334,0,11,12.39,19.459999999999997,64.19,176.75,309.4,2.0,403.62,4.0166666666666515,2.6083333333333485,3.5994047619046796,-0.7000000000000002,-0.71875,7.1875,4.9875,3.5,-0.892131269157282,0.45177627050545405,-0.793448348909854,0.6086375913564873,-2.582482473014942,1.55871469010846,0.0,4.0,0.12949640287769787,0.3031624863685932,17.388,4,0.7869557789256197,19.459999999999997,0.30477777777777776,14.684727272727272,189.65814816295705,18.166666666666668,-1.3124999999999996,4,1,2024,95
2025-01-05,0.0,0.0,0,0.0,-9.8,3.5,-2.7541666666666664,6.7,4.266666666666667,-3.817179333986491,-1.1753365610444535,69.58333333333333,76.125,328.0,94.33333333333333,1022.5291666666667,1020.7,-7.583333333333333,-14.0,-3.125,-5.4,-1.3,251.36118184178827,0.9338296984898785,0.0,0.0,0.0,0.0,0.0,0.0,,0.0,1,0,2.52,12.389999999999997,51.03,145.88,283.21999999999997,2.0,403.62,1.3958333333333712,4.620833333333394,4.408333333333417,4.0625,-0.3125,3.125,4.829166666666667,4.199999999999999,-0.9475520960856123,-0.31960135356997865,-0.9475520960856123,-0.31960135356997865,-2.6561206198989327,-0.8178383570600988,1.0,5.0,0.0,0.24279835390946497,0.0,5,0.0,6.1949999999999985,0.36047222222222225,0.0,-0.0,21.333333333333332,1.3291666666666666,5,1,2024,96
2025-01-06,7.98,11.7,14,1.12,-6.1,3.7,-0.2333333333333333,5.9,2.9625,-1.0584848832202705,-1.2761991684706595,77.66666666666667,28.083333333333332,120.0,91.29166666666667,1014.1791666666667,1005.1,-3.8083333333333336,-13.0,-1.1666666666666667,-3.0,0.0,227.34550413342737,0.5456054747308339,2.1142857142857143,3.1285714285714286,5.9,85.64285714285714,-0.04618531821676904,-1.7294901496272341,183.89877788856384,0.0,0,14,7.98,10.499999999999996,58.8,141.54000000000002,277.55,2.0,411.6,-8.350000000000023,-2.9375,-3.0505952380952976,1.9583333333333333,-0.11666666666666667,1.1666666666666667,3.575,6.9,-0.7354529556625937,-0.677575789124106,-0.06799401017541774,-0.9976857293658485,-0.8220899259677433,-0.991181354178879,0.0,6.0,0.7600000000000003,0.17857142857142852,47.08200000000001,6,1.511676642857143,10.499999999999996,0.3598333333333334,24.966,0.0,17.775,2.520833333333333,6,1,2024,97
2025-01-07,14.28,20.5,22,2.03,-2.6,3.9,1.1833333333333333,10.3,3.3874999999999997,-2.6790523355958356,-1.0713602771592787,84.45833333333333,45.25,213.0,99.875,1004.3333333333334,1002.1,-1.1583333333333334,-4.6,-4.625,-7.2,-1.6,257.25794205654097,0.8219437848272437,0.9409090909090909,3.5181818181818185,10.3,83.95454545454545,-2.775156354245379,-1.267062616408702,252.7568708746611,0.0,0,22,22.259999999999998,22.259999999999998,44.45,147.49,278.46000000000004,2.0,425.88,-9.845833333333303,-16.799999999999955,-12.198809523809587,-3.458333333333333,-0.4625,4.625,2.341666666666667,1.9999999999999996,-0.9753729031211434,-0.22056223579079098,-0.9550554986735887,-0.29642704743889814,-2.262682951771983,-0.9048530340841074,0.0,0.0,0.6415094339622642,0.5007874015748031,100.0,0,3.0918687567148755,22.259999999999998,0.3983611111111111,50.239636363636365,0.0,0.0,1.4166666666666667,7,1,2024,98
2025-01-08,19.67,28.1,24,1.96,-5.1,-2.1,-3.6791666666666667,9.0,3.9250000000000003,-1.882416125774619,0.5133382083815493,80.75,44.583333333333336,224.0,99.625,1011.1791666666667,1007.9,-6.541666666666667,-9.2,-6.558333333333334,-7.4,-5.3,287.2662630948517,0.281585202390509,-3.6791666666666667,3.9250000000000003,9.0,80.75,-1.882416125774619,0.5133382083815493,287.2662630948517,0.0,0,24,33.95,41.93,61.39000000000001,167.16,297.91999999999996,2.0,445.55,6.845833333333303,-11.350000000000023,-4.3035714285715585,-1.9333333333333336,-0.6558333333333334,6.558333333333334,2.8625000000000003,4.1,-0.9549357342760056,0.2968126402341147,-0.9549357342760056,0.2968126402341147,-1.520051021563005,0.41452060326810103,0.0,0.0,0.4691151919866445,0.6830102622576966,100.0,0,6.396700007486981,41.93,0.2988888888888889,77.20475000000002,65.72220601126331,0.0,-4.8625,8,1,2024,99
2025-01-09,19.46,27.8,24,1.19,-8.3,-1.6,-4.716666666666667,3.6,2.2624999999999997,-0.8474677675061888,-0.2642257082596194,81.04166666666667,38.083333333333336,162.0,99.54166666666667,1010.0458333333332,1008.3,-7.5,-10.2,-8.55,-10.3,-5.9,240.71226084705768,0.4125058812645405,-4.716666666666667,2.2624999999999997,3.6,81.04166666666667,-0.8474677675061888,-0.2642257082596194,240.71226084705768,0.0,0,24,39.129999999999995,53.410000000000004,73.78,160.72,317.31,2.0,465.01,-1.1333333333334394,-4.133333333333439,-4.3136904761905726,-1.9916666666666671,-0.8550000000000001,8.55,2.783333333333333,1.8999999999999986,-0.8721739764672833,-0.4891958245664478,-0.8721739764672833,-0.4891958245664478,-0.6868020032498072,-0.21413291773539989,0.0,0.0,0.36435124508519,0.7239089184060722,70.05600000000001,1,6.95717424609375,53.410000000000004,0.2955277777777778,44.02825,0.0,2.2624999999999997,-1.0375,9,1,2024,100
2025-01-10,6.44,9.2,24,0.84,-8.6,-2.5,-5.016666666666667,10.5,5.4750000000000005,-4.430045052801247,2.8616440860035173,77.875,69.08333333333333,310.0,97.25,1016.5666666666666,1012.0,-8.275,-11.0,-7.733333333333333,-9.2,-7.2,299.8200189399791,0.936082366936177,-5.016666666666667,5.4750000000000005,10.5,77.875,-4.430045052801247,2.8616440860035173,299.8200189399791,0.0,0,24,25.9,45.57,70.35000000000001,144.69,318.08000000000004,1.0,471.45,6.520833333333371,12.233333333333235,2.2857142857143344,0.8166666666666673,-0.7733333333333333,7.733333333333333,3.2583333333333337,2.4000000000000004,-0.8675917594844621,0.4972771248254391,-0.8675917594844621,0.4972771248254391,-3.4498975848689706,2.228505331975239,0.0,1.0,0.14132104454685102,0.6477611940298507,67.62,2,2.2522231302083333,45.57,0.3056388888888889,35.25900000000001,248.4332348568847,10.950000000000001,-0.2999999999999998,10,1,2024,101
2025-01-11,0.77,1.1,9,0.14,-10.4,1.3,-3.9125,5.7,3.2875,-3.1610815445226397,0.566028814665403,68.91666666666667,135.875,547.0,41.291666666666664,1022.8333333333334,1021.0,-8.954166666666667,-14.8,-6.054166666666667,-7.1,-5.7,278.76580834838217,0.9753884536080849,-3.1555555555555554,3.566666666666667,5.7,75.33333333333333,-3.387767134670483,0.6737772157115359,278.04204126157543,0.5416666666666666,1,7,7.209999999999997,26.67,68.60000000000001,132.79,318.64,2.0,472.21999999999997,6.266666666666765,11.654166666666697,8.309523809523967,1.6791666666666663,-0.6054166666666667,6.054166666666667,5.041666666666668,4.4,-0.9883195008308004,0.15239607697561486,-0.9901656827329481,0.13989968097888825,-2.178512031100186,0.39008819144024026,0.0,2.0,0.028871391076115485,0.38877551020408163,4.389,3,0.24195396296296295,26.67,0.3491944444444444,2.7463333333333337,220.7920767235944,9.8625,1.1041666666666665,11,1,2024,102
2025-01-12,0.98,1.4,7,0.49,-11.2,2.3,-3.733333333333333,3.4,1.5541666666666665,-0.3818224466228748,-0.47699688722716554,67.45833333333333,97.66666666666667,514.0,77.45833333333333,1019.125,1015.0,-9.0375,-16.6,-5.070833333333334,-6.0,-4.5,250.9609856873908,0.49248113880267336,-0.35714285714285715,1.157142857142857,2.7,75.0,0.03817893803314338,0.006413441694703021,291.18745135941174,0.125,1,4,1.7499999999999964,8.190000000000001,69.58000000000001,120.61,316.61,2.0,473.2,-3.7083333333333712,9.079166666666765,5.087499999999864,0.9833333333333334,-0.5070833333333333,5.070833333333334,5.304166666666667,5.400000000000002,-0.9452966678745709,-0.32621190920202947,-0.9324029800937459,0.3614203684247772,-0.2575710587843476,-0.3217741501753254,0.0,3.0,0.11965811965811964,0.11770623742454728,3.332,4,0.2500796875,8.190000000000001,0.34108333333333335,1.134,0.0,6.216666666666666,0.17916666666666714,12,1,2024,103
2025-01-13,1.75,2.5,6,0.56,-8.2,0.3,-3.8041666666666667,7.6,4.729166666666667,-4.3847016871048865,1.167126408573334,76.625,81.125,428.0,79.125,1019.9208333333332,1015.6,-7.325,-11.9,-4.795833333333333,-5.6,-3.6,282.4295409133831,0.9639607518701946,-1.9166666666666667,6.466666666666666,7.6,80.5,-6.175758793651206,1.2442702640254526,280.7537942917106,0.041666666666666664,1,6,2.7299999999999964,3.5,63.35,122.15,306.95000000000005,3.0,474.95,0.7958333333332348,3.3541666666666288,5.063095238095116,0.27500000000000036,-0.47958333333333336,4.795833333333333,3.5208333333333335,3.700000000000001,-0.9765614339532097,0.21523885735445364,-0.9824380434118274,0.18658909629756038,-3.3597776677441193,0.8943106105693172,0.0,4.0,0.5,0.055248618784530384,13.299999999999999,5,0.4792113715277779,3.5,0.31616666666666665,11.316666666666665,40.3019725942305,23.645833333333336,-0.07083333333333375,13,1,2024,104
2025-01-14,12.25,17.6,21,1.33,-9.1,1.9,-1.4166666666666667,5.4,4.004166666666666,-3.643449163182366,-1.0176515793073406,78.58333333333333,49.791666666666664,270.0,93.79166666666667,1020.1458333333334,1018.5,-4.666666666666667,-14.3,-3.845833333333333,-4.8,-3.3,253.38979253836277,0.9259851949545399,-0.3571428571428571,4.042857142857143,5.4,80.42857142857143,-3.6322362495382072,-1.1293401720557867,251.39819794989512,0.041666666666666664,1,21,13.999999999999996,14.98,61.32000000000001,105.77000000000001,305.06,4.0,487.2,0.22500000000013642,-2.6875,3.0291666666668107,0.9500000000000002,-0.38458333333333333,3.845833333333333,3.25,5.200000000000001,-0.958271662785184,-0.2858590916919007,-0.9477583777258788,-0.31898911807522595,-2.863143800734142,-0.7997045327390184,0.0,0.0,0.8177570093457943,0.24429223744292236,66.15,6,3.0115820312499997,14.98,0.33736111111111106,49.525,7.437003720933989,24.025,2.3875,14,1,2024,105
2025-01-15,31.009999999999998,44.3,24,2.31,-4.1,0.5,-1.945833333333333,9.8,6.308333333333334,-4.737700780303364,2.604128728853817,79.125,29.625,131.0,99.875,1016.0208333333334,1012.6,-5.066666666666666,-8.1,-7.9624999999999995,-9.9,-4.5,295.0779412142046,0.865198738065772,-1.945833333333333,6.308333333333334,9.8,79.125,-4.737700780303364,2.604128728853817,295.0779412142046,0.0,1,24,43.25999999999999,45.01,72.66,134.05,322.07,5.0,518.21,-4.125,-3.1041666666666288,-1.787499999999909,-4.116666666666666,-0.7962499999999999,7.9624999999999995,3.1208333333333336,4.0,-0.9057320480101636,0.42385074873983025,-0.9057320480101636,0.42385074873983025,-3.748705742415037,2.0605168567055827,0.0,0.0,0.6889580093312597,0.6194605009633911,100.0,0,8.530738279188364,45.01,0.2946111111111111,195.62141666666668,0.0,0.0,-0.5291666666666663,15,1,2024,106
2025-01-16,2.66,3.8000000000000003,11,0.77,-7.1,0.4,-2.8625000000000003,7.6,2.1125000000000003,-1.392025961605026,0.8148987006117157,69.75,138.95833333333334,556.0,57.708333333333336,1018.3125,1015.3,-7.745833333333334,-10.2,-6.75,-9.3,-4.2,265.9445055301543,0.692284637140791,-3.063636363636364,3.4545454545454546,7.6,76.18181818181819,-2.151685824048707,2.0503723114721724,279.7420530187596,0.4166666666666667,1,6,33.669999999999995,45.92,55.86,129.64000000000001,311.71,6.0,520.87,2.2916666666666288,-1.6083333333332348,-0.6767857142857565,1.2124999999999995,-0.675,6.75,4.883333333333333,3.0999999999999996,-0.9974960189426103,-0.07072264272242368,-0.9855795385214982,0.16921280462113603,-0.9709381082195055,0.5683918436766716,0.0,1.0,0.057926829268292686,0.8220551378446116,20.216,1,0.8312183987603304,45.92,0.3340277777777778,9.18909090909091,35.00972142879192,2.1125000000000003,-0.9166666666666672,16,1,2024,107
2025-01-17,7.07,10.2,13,1.47,-8.2,-0.8,-3.841666666666667,11.2,7.595833333333334,-4.814447053272821,5.820527593330401,79.5,71.66666666666667,302.0,83.5,1021.9166666666666,1015.6,-6.875,-11.1,-9.033333333333333,-9.7,-8.3,320.6667852553037,0.9943037878565882,-2.3615384615384616,7.923076923076923,11.2,81.15384615384616,-4.773599017578072,6.279984641411047,323.30725684182613,0.0,0,13,9.729999999999997,40.739999999999995,56.49,126.84,313.17999999999995,6.0,527.94,3.6041666666666288,1.7708333333332575,2.163095238095252,-2.283333333333333,-0.9033333333333333,9.033333333333333,3.033333333333333,2.9000000000000004,-0.633829366495109,0.773472904611667,-0.5975235926601925,0.8018513304936622,-3.827485407351893,4.627319436697669,0.0,2.0,0.17353951890034366,0.7211895910780668,79.184,2,1.9685125980029592,40.739999999999995,0.31277777777777777,56.01615384615385,141.07974096533712,15.191666666666668,-0.9791666666666665,17,1,2024,108
2025-01-18,0.0,0.0,0,0.0,-9.8,1.9,-3.7624999999999997,5.6,2.4250000000000003,-0.8856789362440964,1.0628653333104492,74.41666666666667,149.54166666666666,591.0,30.791666666666668,1025.0583333333334,1022.4,-7.770833333333333,-11.2,-4.5874999999999995,-8.4,-1.9,359.36380913438103,0.28904955079496714,0.0,0.0,0.0,0.0,0.0,0.0,,0.5833333333333334,1,0,7.069999999999997,9.73,55.72,124.32,311.36,6.0,527.94,3.141666666666765,9.037500000000023,4.986904761904839,4.445833333333334,-0.45874999999999994,4.5874999999999995,4.008333333333333,1.3999999999999986,-0.01110339711566226,0.9999383553862168,-0.01110339711566226,0.9999383553862168,-0.6590927417216484,0.7909489522051927,1.0,3.0,0.0,0.17462311557788945,0.0,3,0.0,4.865,0.3899722222222222,0.0,-0.0,7.275,0.07916666666666705,18,1,2024,109
2025-01-19,0.0,0.0,0,0.0,-5.2,6.5,-0.2916666666666666,4.4,1.75,0.20635445390225707,-1.3171162388540458,60.0,150.83333333333334,600.0,79.25,1018.7458333333334,1014.6,-7.325,-14.7,-0.04583333333333334,-1.8,1.4,191.2930901727749,0.7266410267542387,0.0,0.0,0.0,0.0,0.0,0.0,,0.041666666666666664,1,0,0.0,7.07,54.74,124.32,311.36,6.0,527.94,-6.3125,0.43333333333339397,-1.2714285714283733,4.541666666666666,-0.004583333333333333,0.04583333333333334,7.033333333333333,9.5,-0.19582788143941007,-0.9806382823706977,-0.19582788143941007,-0.9806382823706977,0.12381267234135424,-0.7902697433124275,2.0,4.0,0.0,0.12915601023017903,0.0,4,0.0,2.356666666666667,0.445,0.0,-0.0,7.0,3.470833333333333,19,1,2024,110
2025-01-20,1.75,2.6,7,0.77,-2.1,6.3,1.6041666666666667,4.4,1.6624999999999999,-0.4201475983951201,1.3139073089221924,74.5,115.33333333333333,514.0,86.75,1013.6958333333333,1010.2,-2.6125,-8.5,-1.8791666666666667,-4.7,0.2,316.1505397288618,0.7280165622621441,3.085714285714286,2.7857142857142856,4.2,89.28571428571429,-0.17242793748991653,2.758179736032986,357.14333437104426,0.0,0,7,1.7499999999999964,1.75,54.74,118.09,302.82000000000005,5.0,529.69,-5.050000000000068,-8.220833333333303,-5.432142857142935,-1.8333333333333333,-0.18791666666666668,1.8791666666666667,4.216666666666667,6.4,-0.6927659715087126,0.7211624704042701,-0.049837566809675826,0.9987573363607855,-0.3130099608043645,0.9788609451470333,0.0,5.0,1.0,0.0319693094629156,7.700000000000001,5,0.2919665178571428,1.75,0.4652222222222222,4.875,0.0,8.3125,1.8958333333333333,20,1,2024,111
2025-01-21,0.0,0.0,0,0.0,-5.3,4.4,0.37500000000000006,5.2,3.5541666666666667,-1.6978800446105362,2.9199598413464716,80.0,130.58333333333334,553.0,50.083333333333336,1017.9458333333333,1015.5,-2.8625000000000003,-7.6,-4.220833333333333,-5.1,-2.8,329.8614763182006,0.9501319626486074,0.0,0.0,0.0,0.0,0.0,0.0,,0.375,0,0,1.7499999999999964,1.75,42.489999999999995,103.81,271.95000000000005,4.0,529.69,4.25,-7.112500000000068,-0.8678571428571331,-2.341666666666667,-0.4220833333333333,4.220833333333333,3.2375000000000003,2.3,-0.502092321365945,0.8648140267279184,-0.502092321365945,0.8648140267279184,-1.3583040356884288,2.3359678730771773,1.0,6.0,0.0,0.04118616144975289,0.0,6,0.0,0.875,0.4515,0.0,-0.0,21.325,-1.2291666666666667,21,1,2024,112
2025-01-22,0.14,0.2,2,0.07,-8.5,3.5,-2.5541666666666667,4.1,2.9625,-2.317653835501869,1.4304699067261435,73.0,111.375,534.0,57.208333333333336,1022.1,1020.5,-6.8374999999999995,-11.3,-3.2875,-4.5,-2.4,305.6323783462242,0.9097727045302098,3.25,2.55,2.8,64.0,-0.6225021370583523,2.4679930505661556,345.5,0.25,1,1,0.13999999999999646,1.8900000000000001,11.620000000000001,84.28,259.77,4.0,529.83,4.154166666666697,3.3541666666666288,2.4178571428572013,0.9333333333333331,-0.32875,3.2875,4.283333333333333,2.8000000000000007,-0.812771668450705,0.5825823675360053,-0.2503800040544419,0.9681476403781076,-1.6918872999163646,1.0442430319100848,0.0,7.0,0.07407407407407407,0.16265060240963855,0.574,5,0.022871953124999997,1.8900000000000001,0.3953611111111111,0.357,21.980809835421024,14.8125,-2.9291666666666667,22,1,2024,113
2025-01-23,3.15,4.5,16,0.42,-8.6,4.5,-0.85,2.7,1.875,-1.4351923575658045,-0.3949965487371077,76.04166666666667,58.416666666666664,208.0,88.0,1022.475,1020.1,-4.570833333333334,-13.2,-3.1,-4.8,-2.1,254.34025221870402,0.7709605812684962,1.875,1.7562499999999999,2.5,78.1875,-1.1060105798140105,-0.5703215999119011,243.5230155089049,0.0,0,14,3.2899999999999965,3.29,12.11,67.97,254.58999999999997,3.0,532.98,0.375,8.779166666666697,2.198214285714357,0.1875,-0.31,3.1,3.7208333333333337,4.6,-0.9628816147862486,-0.2699240558131609,-0.8951135254533129,-0.4458382852005213,-1.091344188565664,-0.300361958935509,0.0,8.0,0.9574468085106382,0.2716763005780347,8.505,6,0.6257971801757811,3.29,0.3924166666666667,5.532187499999999,3.5668841199001835,11.25,1.7041666666666666,23,1,2024,114
2025-01-24,0.21000000000000002,0.30000000000000004,2,0.14,-5.1,4.2,-0.4083333333333334,7.8,3.829166666666667,-1.8364292291189308,3.143766397315773,79.5,144.25,600.0,68.625,1024.2,1021.0,-3.65,-7.4,-5.658333333333334,-7.4,-3.5,324.7055471350605,0.9452866048037317,-0.30000000000000004,2.05,2.6,89.0,-1.7779341641944555,0.9957267366709464,297.5,0.041666666666666664,1,2,3.3599999999999963,3.5,5.25,61.74,254.79999999999998,4.0,533.19,1.7250000000000227,6.25416666666672,3.597023809523762,-2.558333333333334,-0.5658333333333334,5.658333333333334,3.2416666666666667,2.3000000000000007,-0.5777786066855037,0.8161935319864756,-0.8870108331782216,0.4617486132350341,-1.4599612371495498,2.4992942858660396,0.0,9.0,0.060000000000000005,0.6666666666666666,1.6380000000000001,1,0.05268932812500002,3.5,0.45450000000000007,0.4305,15.641375809500927,3.829166666666667,0.4416666666666666,24,1,2024,115
2025-01-25,1.33,1.9,8,0.42,-8.6,0.5,-3.154166666666667,9.5,6.2375,-4.38929657469696,4.029089510222161,76.91666666666667,137.70833333333334,600.0,76.45833333333333,1024.1916666666666,1022.9,-6.7375,-11.9,-6.516666666666667,-8.0,-5.9,310.0312767501754,0.9549770990303632,-1.675,5.8875,6.3,85.25,-3.785182165214022,4.408447365265354,318.9832085648248,0.041666666666666664,1,8,1.5399999999999965,4.6899999999999995,6.58,62.3,230.23000000000002,4.0,534.52,-0.008333333333439441,2.0916666666665833,3.7124999999998636,-0.8583333333333325,-0.6516666666666666,6.516666666666667,3.583333333333333,3.3000000000000007,-0.7656934426411622,0.6432056839738944,-0.6562801804031736,0.7545172793316121,-3.3761006153710786,3.0990413482792127,0.0,10.0,0.28358208955223885,0.7127659574468084,12.635000000000002,2,0.3596251162109375,4.6899999999999995,0.35930555555555554,7.830375000000001,0.0,12.475,-2.7458333333333336,25,1,2024,116
2025-01-26,0.28,0.4,2,0.21,-8.0,0.7,-3.608333333333333,11.4,6.320833333333333,-4.3619504246969045,4.211691088505506,81.875,140.08333333333334,562.0,67.25,1021.8083333333334,1019.9,-6.3500000000000005,-10.1,-5.229166666666667,-6.4,-4.5,309.6341504995328,0.9647564743471255,-2.1500000000000004,6.15,6.8,86.5,-4.121622424329588,4.51952306388469,317.0,0.16666666666666666,1,2,1.6099999999999965,1.82,6.86,61.6,208.04000000000002,4.0,534.8,-2.383333333333212,-0.6666666666666288,0.8916666666666515,1.2874999999999996,-0.5229166666666667,5.229166666666667,2.7416666666666676,2.0999999999999996,-0.7701331765917625,0.6378831321744456,-0.6819983600624984,0.7313537016191707,-3.57134691022059,3.4483220787138835,0.0,11.0,0.15384615384615385,0.2653061224489796,3.1920000000000006,3,0.07851178125,1.82,0.38186111111111104,1.7220000000000002,0.0,18.9625,-0.45416666666666616,26,1,2024,117
2025-01-27,0.0,0.0,0,0.0,-10.1,4.8,-1.875,4.2,2.5375,-1.6576694248927175,-1.0968809373305648,67.08333333333333,95.91666666666667,544.0,82.875,1013.9041666666667,1010.3,-7.329166666666667,-13.8,-2.0625,-3.7,-1.0,239.4120643164402,0.7940485162314563,0.0,0.0,0.0,0.0,0.0,0.0,,0.041666666666666664,1,0,0.2799999999999965,1.61,5.11,59.85,195.37,5.0,534.8,-7.904166666666697,-10.295833333333348,-7.042261904761858,3.166666666666667,-0.20625,2.0625,5.454166666666667,3.700000000000001,-0.8608491927229832,-0.5088601648667227,-0.8608491927229832,-0.5088601648667227,-1.1120199058655311,-0.7358242954592538,1.0,12.0,0.0,0.3150684931506849,0.0,4,0.0,0.805,0.3942222222222222,0.0,-0.0,10.15,1.733333333333333,27,1,2024,118
2025-01-28,3.29,4.8999999999999995,15,0.42,-3.4,2.2,-0.7749999999999999,8.5,4.841666666666667,-4.585921432019995,-0.6588432661099953,75.125,70.91666666666667,312.0,90.79166666666667,1009.4375,1007.7,-4.658333333333333,-6.6,-5.0249999999999995,-7.0,-3.4,255.02140504820125,0.9384369749905742,0.1,5.986666666666666,8.5,74.06666666666666,-5.795948341951685,-0.3212151893707451,263.4299751254321,0.0,1,14,3.2899999999999965,3.5700000000000003,8.4,50.88999999999999,185.5,6.0,538.09,-4.466666666666697,-14.754166666666606,-10.29345238095243,-2.9624999999999995,-0.5025,5.0249999999999995,3.8833333333333333,3.1999999999999997,-0.966022450716793,-0.25845816820352424,-0.9934327607060782,-0.11441743728951402,-3.445173475805021,-0.494956003665134,0.0,13.0,0.9215686274509803,0.425,27.965,0,0.7533400874999999,3.5700000000000003,0.3465833333333333,19.696133333333332,0.0,0.0,1.1,28,1,2024,119
2025-01-29,24.43,35.1,24,2.17,-3.6,-1.5,-2.620833333333333,6.0,2.6416666666666666,-0.5226495615571133,0.7451528818508165,81.125,43.541666666666664,191.0,99.125,1010.9625,1008.5,-5.416666666666667,-7.9,-6.654166666666666,-7.7,-5.6,269.4036636554088,0.1268520389625976,-2.620833333333333,2.6416666666666666,6.0,81.125,-0.5226495615571133,0.7451528818508165,269.4036636554088,0.0,0,24,27.719999999999995,27.72,32.69,44.31,209.71999999999997,5.0,562.52,1.5249999999999773,-10.845833333333417,-7.177380952380986,-1.6291666666666664,-0.6654166666666665,6.654166666666666,2.795833333333334,4.300000000000001,-0.9999458369169959,-0.010407844751366503,-0.9999458369169959,-0.010407844751366503,-0.42399945681320816,0.6045052754014749,0.0,0.0,0.8813131313131314,0.84796573875803,100.0,0,7.453643630750869,27.72,0.29944444444444446,64.53591666666667,2.8693460929485095,0.0,-1.8458333333333332,29,1,2024,120
2025-01-30,22.33,31.900000000000002,24,1.75,-4.0,-2.8,-3.454166666666667,9.6,4.125,-2.387101879208979,2.740256293814785,80.66666666666667,37.333333333333336,180.0,99.79166666666667,1016.2541666666666,1013.5,-6.3,-7.1,-8.191666666666666,-8.9,-7.4,299.3486399232145,0.8079015615833952,-3.454166666666667,4.125,9.6,80.66666666666667,-2.387101879208979,2.740256293814785,299.3486399232145,0.0,0,24,46.75999999999999,50.05,51.87,63.980000000000004,203.42,5.0,584.85,5.291666666666629,2.349999999999909,-0.9970238095238528,-1.5375000000000005,-0.8191666666666666,8.191666666666666,2.8458333333333328,3.0999999999999996,-0.8716535083593676,0.49012259830047206,-0.8716535083593676,0.49012259830047206,-1.9255955158952431,2.2104734103439267,0.0,0.0,0.4461538461538461,0.9649122807017544,100.0,1,7.123513507486978,50.05,0.2937777777777778,92.11125,50.526989776589694,4.125,-0.8333333333333339,30,1,2024,121
2025-01-31,4.41,6.4,20,0.42,-4.8,-2.0,-3.358333333333333,10.2,6.816666666666666,-4.775398647484466,4.3537114640981835,76.70833333333333,66.16666666666667,299.0,99.95833333333333,1023.4708333333333,1021.8,-6.8875,-9.1,-6.741666666666667,-7.8,-6.3,308.7772025527405,0.9493682202973583,-3.45,7.290000000000001,10.2,77.4,-4.879072369352478,4.968342166370414,313.2681630324115,0.0,0,20,26.739999999999995,51.17,56.06999999999999,61.31999999999999,205.1,4.0,589.26,7.216666666666697,14.033333333333303,6.323809523809473,1.4499999999999993,-0.6741666666666667,6.741666666666667,3.5291666666666672,4.3,-0.7795872229473866,0.6262936705868756,-0.728153727047874,0.6854138529284991,-3.6631287125078758,3.3396595022519815,0.0,1.0,0.08618331053351573,0.9126092384519352,44.982,2,1.3477366546874998,51.17,0.29980555555555555,32.148900000000005,169.01106687437056,13.633333333333333,0.0958333333333341,31,1,2024,122
2025-02-01,0.14,0.2,2,0.07,-6.0,4.4,-0.9958333333333332,7.4,3.9458333333333333,-3.1018111180958834,1.0144185680233169,68.33333333333333,142.04166666666666,600.0,94.125,1022.2125,1018.4,-6.199999999999999,-10.1,-4.191666666666666,-5.3,-3.6,290.8403282616176,0.3793665559658354,-0.25,1.8,2.7,77.5,1.171836260776547,-1.3489746989822673,135.00000000000003,0.0,1,2,4.549999999999996,26.88,54.879999999999995,61.459999999999994,198.17000000000002,4.0,589.4,-1.2583333333333258,11.25,5.348214285714221,2.5500000000000007,-0.41916666666666663,4.191666666666666,5.204166666666666,4.1,-0.9345754989280975,0.3557648616759355,0.7071067811865472,-0.7071067811865478,-2.1195709306988535,0.6931860214825999,0.0,2.0,0.005208333333333334,0.489795918367347,1.0360000000000003,3,0.0350678125,26.88,0.42024999999999996,0.25200000000000006,0.0,11.8375,2.3625,32,2,2024,123
2025-02-02,1.4700000000000002,2.3000000000000003,15,0.28,-1.2,4.2,1.0125,6.1,2.2666666666666666,1.3443995799422792,-0.62136784535093,85.08333333333333,70.45833333333333,311.0,97.375,1016.3041666666667,1012.9,-1.2208333333333334,-3.5,-3.454166666666667,-4.7,-1.9,152.09393024103977,0.21869186700136367,0.48666666666666664,2.0733333333333333,6.1,84.13333333333334,1.41245443291349,-0.5956214286836199,166.20308024806187,0.0,0,13,1.6099999999999968,6.0200000000000005,56.07,62.92999999999999,189.77,3.0,590.87,-5.908333333333303,0.05000000000006821,0.2261904761904816,0.7374999999999994,-0.3454166666666667,3.454166666666667,2.2333333333333334,2.3,0.46802343536050195,-0.8837160539185389,0.2384812485981371,-0.9711471021771488,1.1438599759342225,-0.528680475086083,0.0,3.0,0.24418604651162792,0.1073657927590512,8.967,4,0.3405541445833334,6.0200000000000005,0.42391666666666666,3.0478,0.0,9.066666666666666,2.0083333333333333,33,2,2024,124
2025-02-03,9.94,14.2,18,1.26,-0.6,5.1,2.1791666666666667,7.4,3.725,-2.8426074721271846,-1.7939854632880925,80.79166666666667,57.291666666666664,324.0,99.91666666666667,1006.7791666666667,1003.3,-0.7916666666666666,-3.3,-3.5875,-8.2,-0.6,234.4064550737288,0.8956892920937921,2.5055555555555555,4.055555555555555,7.4,80.77777777777777,-3.199152059298661,-1.9022711622988189,234.17006614716394,0.0,0,13,11.409999999999997,11.55,66.00999999999999,71.11999999999999,197.19,2.0,600.81,-9.524999999999977,-16.691666666666606,-8.280952380952272,-0.13333333333333286,-0.35875,3.5875,2.970833333333333,2.6999999999999997,-0.8131663391935245,-0.5820313606693387,-0.8107581005170237,-0.5853813307973083,-2.2965899535227545,-1.4493907555481715,0.0,4.0,0.8606060606060605,0.17497348886532346,73.556,5,1.7679576601080254,11.55,0.42083333333333334,40.31222222222222,0.0,18.625,1.1666666666666667,34,2,2024,125
2025-02-04,10.01,14.3,24,0.84,-5.7,-1.3,-3.4125,7.4,4.854166666666667,-4.150935360461844,1.853871932328777,74.91666666666667,105.70833333333333,477.0,96.41666666666667,1002.9541666666668,1000.8,-7.279166666666666,-9.9,-8.683333333333334,-10.5,-6.6,297.75675403517033,0.9271568177517697,-3.4125,4.854166666666667,7.4,74.91666666666667,-4.150935360461844,1.853871932328777,297.75675403517033,0.0,0,24,19.949999999999996,21.419999999999998,72.73,81.13,207.2,1.0,610.82,-3.824999999999932,-19.258333333333212,-11.17976190476179,-5.095833333333333,-0.8683333333333334,8.683333333333334,3.866666666666666,4.2,-0.8849327446041894,0.4657188395666388,-0.8849327446041894,0.4657188395666388,-3.109742407545998,1.3888590559696423,0.0,0.0,0.4673202614379085,0.2945139557266602,74.074,6,3.152816822102865,21.419999999999998,0.3201944444444445,48.59020833333334,0.0,29.125,-5.591666666666667,35,2,2024,126
2025-02-05,20.58,29.6,24,1.4,-8.0,-4.6,-5.991666666666667,8.8,4.083333333333333,-2.724881699520985,0.15747570533530655,73.0,56.416666666666664,258.0,100.0,1003.3416666666667,1000.9,-10.066666666666666,-11.8,-9.9625,-11.1,-8.0,274.2952367639112,0.6533134625487657,-5.991666666666667,4.083333333333333,8.8,73.0,-2.724881699520985,0.15747570533530655,274.2952367639112,0.0,0,24,30.589999999999996,40.53,68.88,101.57,219.8,1.0,631.4,0.3874999999999318,-12.962499999999977,-9.703571428571422,-1.2791666666666668,-0.9962500000000001,9.9625,4.074999999999999,3.8000000000000007,-0.9971913633721248,0.0748958264260635,-0.9971913633721248,0.0748958264260635,-1.989163640650319,0.11495726489477379,0.0,0.0,0.5077720207253885,0.5884146341463415,100.0,6,7.807756341145833,40.53,0.28094444444444444,84.03499999999998,8.447133268513566,24.5,-2.579166666666667,36,2,2024,127
2025-02-06,18.41,26.3,24,1.26,-10.0,-4.8,-7.3500000000000005,8.1,3.9291666666666667,-2.7149761961939975,2.052733080279538,80.125,56.333333333333336,229.0,99.66666666666667,1010.6625,1007.4,-10.2125,-11.9,-9.237499999999999,-9.9,-8.4,295.06763794276856,0.798655472200563,-7.3500000000000005,3.9291666666666667,8.1,80.125,-2.7149761961939975,2.052733080279538,295.06763794276856,0.0,0,24,38.989999999999995,49.0,64.96,116.83,223.93,1.0,649.81,7.320833333333326,3.8833333333333258,-1.5839285714286007,0.7250000000000014,-0.9237499999999998,9.237499999999999,2.8625,1.9000000000000004,-0.9058082527543481,0.4236878677070126,-0.9058082527543481,0.4236878677070126,-2.1753746772004403,1.6447523805739797,0.0,0.0,0.3757142857142857,0.7543103448275863,100.0,1,7.59314097591146,49.0,0.3046388888888889,72.33595833333334,198.75888236303535,3.9291666666666667,-1.3583333333333334,37,2,2024,128
2025-02-07,21.0,30.0,24,1.68,-10.6,-6.7,-8.924999999999999,8.2,5.0125,-3.9184775566186247,0.44998567105527637,80.75,58.25,307.0,100.0,1009.7875,1003.2,-11.65,-13.1,-9.104166666666666,-10.7,-7.1,273.3703819246728,0.7791668885646463,-8.924999999999999,5.0125,8.2,80.75,-3.9184775566186247,0.44998567105527637,273.3703819246728,0.0,0,24,39.41,59.989999999999995,81.55,137.62,225.26,1.0,670.81,-0.875,6.8333333333332575,-0.504166666666606,0.13333333333333286,-0.9104166666666667,9.104166666666666,2.7250000000000014,2.5,-0.9982703519653631,0.058790342633379684,-0.9982703519653631,0.058790342633379684,-3.1641706269695398,0.36336342937713567,0.0,0.0,0.3500583430571762,0.7356223175965665,100.0,0,9.313095996093748,59.989999999999995,0.308,105.2625,0.0,0.0,-1.5749999999999984,38,2,2024,129
2025-02-08,19.39,28.0,24,2.38,-11.0,-4.8,-7.266666666666667,13.5,7.583333333333333,-6.176297205965305,3.7649318214543253,79.91666666666667,59.541666666666664,268.0,100.0,1011.5124999999999,1005.7,-10.1625,-13.9,-8.658333333333333,-9.3,-8.1,299.81616156629184,0.9575391511461109,-7.266666666666667,7.583333333333333,13.5,79.91666666666667,-6.176297205965305,3.7649318214543253,299.81616156629184,0.0,0,24,40.39,58.8,100.8,155.68,225.19,0.0,690.2,1.724999999999909,8.170833333333235,2.749404761904657,0.44583333333333286,-0.8658333333333333,8.658333333333333,2.895833333333333,2.9000000000000004,-0.8676252361394186,0.49721871406255225,-0.8676252361394186,0.49721871406255225,-4.93589085043394,3.008808013978915,0.0,0.0,0.3297619047619048,0.5833333333333334,100.0,1,7.576608836805556,58.8,0.3060833333333333,147.04083333333332,117.19523948318549,7.583333333333333,1.6583333333333323,39,2,2024,130
2025-02-09,3.85,5.6,24,0.28,-6.2,-2.9,-4.3999999999999995,11.5,7.533333333333334,-5.965187040500246,3.8681133254060085,75.45833333333333,77.5,307.0,99.91666666666667,1018.3125,1017.0,-8.083333333333334,-10.4,-8.708333333333334,-9.2,-8.1,300.797726747429,0.9484996980558859,-4.3999999999999995,7.533333333333334,11.5,75.45833333333333,-5.965187040500246,3.8681133254060085,300.797726747429,0.0,0,24,23.240000000000002,44.24,103.18,159.25,222.6,0.0,694.05,6.800000000000068,7.649999999999977,9.262499999999932,-0.05000000000000071,-0.8708333333333333,8.708333333333334,3.6833333333333345,4.2,-0.8589802119352343,0.5120087845962215,-0.8589802119352343,0.5120087845962215,-4.501230720977477,2.9188138467959504,0.0,1.0,0.0870253164556962,0.4287652645861601,44.275,2,1.2554849999999997,44.24,0.30319444444444443,29.003333333333337,251.4922856274929,15.066666666666668,2.866666666666667,40,2,2024,131
2025-02-10,4.41,6.3,19,0.98,-4.6,-0.6,-3.3041666666666667,7.9,5.641666666666667,-5.152429794882653,1.8003297272869692,73.875,106.08333333333333,557.0,97.25,1019.1458333333334,1017.9,-7.341666666666668,-9.0,-7.679166666666667,-9.3,-6.8,288.1256849974899,0.9711576627343935,-3.6736842105263157,5.242105263157894,7.1,75.42105263157895,-4.825483731345867,1.4728598363433765,286.3840829817033,0.0,0,10,8.26,27.65,97.65,163.66,226.23999999999998,0.0,698.46,0.8333333333333712,9.358333333333348,8.329166666666652,1.0291666666666668,-0.7679166666666667,7.679166666666667,4.037500000000001,4.4,-0.9503763636784637,0.31110250298141384,-0.9593923732137345,0.28207494433096747,-3.8063575109695598,1.3299935860332486,0.0,2.0,0.15949367088607597,0.28315412186379924,34.839000000000006,3,1.4087412112188364,27.65,0.3169722222222222,23.117684210526313,18.49768763682666,16.925,1.0958333333333328,41,2,2024,132
2025-02-11,8.75,12.5,15,1.33,-7.3,-3.4,-5.066666666666666,15.2,9.145833333333334,-6.706810444580672,5.962610626518206,81.70833333333333,70.29166666666667,299.0,100.0,1025.5166666666667,1019.8,-7.708333333333333,-10.0,-7.295833333333333,-9.3,-2.8,309.7591540717741,0.9794493527001507,-5.0,9.06,15.2,81.13333333333334,-6.09634130268071,6.5363561794076075,314.44276249377026,0.0,0,15,13.16,17.009999999999998,96.39,169.11999999999998,234.01,0.0,707.21,6.37083333333328,14.00416666666672,11.476785714285711,0.38333333333333375,-0.7295833333333334,7.295833333333333,2.6416666666666666,2.7,-0.7687396599279224,0.6395618306730806,-0.713950289534635,0.7001963896460841,-5.480023034092791,4.871949766084251,0.0,3.0,0.5144032921810701,0.1764705882352941,100.0,4,2.9096484375,17.009999999999998,0.31922222222222224,79.275,283.52305299221126,36.583333333333336,-1.7624999999999997,42,2,2024,133
2025-02-12,17.43,24.9,11,2.59,-12.6,6.2,-1.7291666666666667,6.6,2.9499999999999997,-1.4274973059701683,-1.2016948584460332,66.83333333333333,88.75,498.0,90.375,1015.8625000000001,1004.3,-7.858333333333333,-23.7,-0.8875000000000001,-5.4,2.4,239.14918815544064,0.639903896611052,3.272727272727273,2.690909090909091,6.1,87.18181818181819,0.22393239589297992,-2.1283008957223077,188.0873294441961,0.041666666666666664,0,11,26.18,30.589999999999996,93.24000000000001,162.12,249.69,0.0,724.64,-9.654166666666583,-2.449999999999932,0.03392857142864614,6.408333333333333,-0.08875000000000001,0.8875000000000001,6.129166666666666,11.1,-0.8585054622000239,-0.5128044182461022,-0.14068229177463282,-0.9900547928175678,-0.9540440328233957,-0.8031327303947654,0.0,0.0,0.5697940503432495,0.328078078078078,100.0,5,2.832807148760331,30.589999999999996,0.4197222222222223,46.902545454545454,0.0,14.749999999999998,3.3374999999999995,43,2,2024,134
2025-02-13,29.61,44.1,21,3.5,-6.9,4.7,-2.5083333333333333,16.1,9.3375,-4.7544606128276,6.560401342704114,87.20833333333333,54.791666666666664,250.0,100.0,1010.9791666666666,999.7,-4.3625,-10.6,-7.466666666666666,-8.4,-6.2,316.6771996585361,0.749164075653975,-1.9142857142857144,9.380952380952381,16.1,88.71428571428571,-4.16315681759083,7.278724548724705,323.2799237226687,0.0,0,21,47.04,55.78999999999999,104.44,169.4,267.05,0.0,754.25,-4.883333333333439,-8.166666666666742,-4.894642857142912,-6.579166666666666,-0.7466666666666666,7.466666666666666,1.8541666666666665,3.6999999999999993,-0.6861079092577937,0.7274997847792802,-0.597906050175562,0.8015661888848971,-4.146285859436736,5.721216670949879,0.0,0.0,0.5307402760351319,0.5341823056300268,100.0,0,7.785352767857142,55.78999999999999,0.43166666666666664,277.77,0.0,0.0,-0.7791666666666666,44,2,2024,135
2025-02-14,2.1,3.3,17,0.21,-6.5,0.2,-2.1958333333333333,9.1,6.908333333333334,-5.812615401622413,3.3433422389435457,80.875,93.45833333333333,389.0,100.0,1018.5458333333332,1016.9,-5.054166666666666,-10.1,-4.3999999999999995,-5.4,-3.3,298.80637834136115,0.9734735298413478,-2.6588235294117646,6.647058823529412,9.1,80.47058823529412,-5.5031525403902535,3.2640445397837263,299.04052416421194,0.0,1,10,31.71,49.13999999999999,85.54,167.09,238.14,1.0,756.35,7.566666666666606,-6.970833333333417,1.4208333333333485,3.0666666666666664,-0.43999999999999995,4.3999999999999995,2.858333333333333,3.5999999999999996,-0.8762530443220218,0.48185122425535976,-0.8742765922130026,0.4854281000399743,-4.700952706062126,2.7039280357455926,0.0,1.0,0.04273504273504274,0.5744680851063828,19.11,1,0.6093687716262977,49.13999999999999,0.3363333333333333,13.958823529411767,270.6633857781918,6.908333333333334,0.3125,45,2,2024,136
2025-02-15,0.07,0.30000000000000004,1,0.07,-5.8,7.9,1.633333333333333,7.7,3.4499999999999997,-2.63025075677103,0.009493812168388441,63.5,205.45833333333334,600.0,61.791666666666664,1018.1416666666668,1013.5,-5.083333333333333,-8.3,-0.7208333333333333,-3.7,1.3,244.63087963702029,0.5394134949012036,1.7,2.3,2.3,65.0,-2.0116253264206105,-1.1150621265665746,241.0,0.3333333333333333,0,1,2.17,31.779999999999998,66.22,167.01999999999998,235.54999999999998,1.0,756.42,-0.4041666666664696,2.279166666666697,0.06964285714298057,3.6791666666666663,-0.07208333333333333,0.7208333333333333,6.716666666666666,2.500000000000001,-0.9035663368208563,-0.42844821736604155,-0.874619707139396,-0.48480962024633684,-1.6702092305496041,0.00602857072692666,0.0,2.0,0.0022026431718061676,0.4799154334038055,0.539,2,0.014107406250000003,31.779999999999998,0.5241944444444445,0.161,0.0,6.8999999999999995,3.8291666666666666,46,2,2024,137
2025-02-16,1.96,2.8,9,0.49,-0.2,8.3,3.5,6.7,3.6208333333333336,-3.3284467336485086,-0.3525561351251972,71.66666666666667,168.54166666666666,600.0,89.91666666666667,1012.0,1007.4,-1.3166666666666667,-3.9,-0.7208333333333333,-2.4,2.2,263.97949071885085,0.9160019824585683,2.088888888888889,3.5444444444444443,4.6,75.77777777777777,-3.0898141550021383,-0.9537087220462911,253.34012504103933,0.041666666666666664,0,8,2.0300000000000002,4.129999999999996,64.33,167.51,230.44,1.0,758.38,-6.141666666666765,1.0208333333333712,-5.170238095238119,0.0,-0.07208333333333333,0.7208333333333333,4.816666666666666,3.6999999999999997,-0.9944844152222696,-0.10488445013451891,-0.9580235025694286,-0.28668967286005276,-2.3853868257814312,-0.25266523017305803,0.0,3.0,0.4745762711864411,0.06420021762785631,13.132,3,0.3704696419753087,4.129999999999996,0.5356944444444444,6.947111111111111,0.0,10.8625,1.866666666666667,47,2,2024,138
2025-02-17,20.16,28.8,15,2.94,-8.8,1.9,-2.9250000000000003,10.4,7.0249999999999995,-3.134914408004119,4.250969531165623,82.375,51.333333333333336,214.0,94.75,1009.2666666666668,1005.9,-5.554166666666667,-10.7,-8.416666666666666,-11.3,-2.3,310.3685044194216,0.6639575169661651,-3.3333333333333335,7.7266666666666675,10.4,83.73333333333333,-1.543764027632058,7.0013581955859685,343.3829936451052,0.0,1,15,22.12,22.189999999999998,80.08,177.73,250.6,2.0,778.54,-2.733333333333235,-9.27916666666647,-6.49226190476179,-7.695833333333333,-0.8416666666666666,8.416666666666666,2.629166666666667,1.8999999999999986,-0.7618944649953262,0.6477011843508438,-0.28597280113917173,0.9582377351203697,-2.5823857435933935,3.501736151297682,0.0,0.0,0.9085173501577288,0.2770979020979021,100.0,4,6.070959999999999,22.189999999999998,0.35102777777777777,155.76960000000003,0.0,28.099999999999998,-6.425000000000001,48,2,2024,139
2025-02-18,10.5,15.1,24,0.91,-10.9,-4.1,-6.9875,9.9,7.9624999999999995,-5.297766637870994,5.534800492966621,76.375,94.875,384.0,99.54166666666667,1014.75,1012.3,-10.487499999999999,-14.5,-10.4125,-11.9,-8.7,316.348249868115,0.9624067287670807,-6.9875,7.9624999999999995,9.9,76.375,-5.297766637870994,5.534800492966621,316.348249868115,0.0,0,24,30.66,32.62,81.83,178.22,261.1,2.0,789.04,5.483333333333235,-3.391666666666765,0.5291666666665833,-1.9958333333333336,-1.04125,10.4125,3.499999999999999,3.5999999999999996,-0.6902733417592296,0.7235486947376423,-0.6902733417592296,0.7235486947376423,-4.046169269673972,4.227203876503257,0.0,0.0,0.3218884120171674,0.3986313088109495,100.0,5,4.015387133789062,32.62,0.31783333333333336,83.60624999999999,316.6386823344805,39.8125,-4.0625,49,2,2024,140
2025-02-19,10.85,15.5,24,1.19,-8.0,-5.3,-6.6000000000000005,9.9,7.591666666666666,-5.111337824708067,5.437579391976057,75.91666666666667,111.08333333333333,510.0,99.45833333333333,1017.1999999999999,1014.0,-10.15,-11.3,-10.633333333333333,-11.5,-10.0,317.049923374559,0.9828692198528708,-6.6000000000000005,7.591666666666666,9.9,75.91666666666667,-5.111337824708067,5.437579391976057,317.049923374559,0.0,0,24,21.35,41.51,75.25,168.48999999999998,270.2,2.0,799.89,2.449999999999932,5.199999999999932,2.7880952380951385,-0.22083333333333321,-1.0633333333333332,10.633333333333333,3.55,3.3000000000000007,-0.6813608528360069,0.7319476676802716,-0.6813608528360069,0.7319476676802716,-3.8803572985908743,4.128029021741823,0.0,0.0,0.26138279932546377,0.5516279069767441,100.0,6,4.075457786458333,41.51,0.32711111111111113,82.36958333333332,100.18222136427532,45.55,0.3874999999999993,50,2,2024,141
2025-02-20,4.34,6.2,24,0.42,-9.6,-4.1,-7.058333333333334,9.8,8.541666666666666,-7.731502728321524,2.7706371555036777,73.75,106.25,434.0,99.45833333333333,1023.2083333333334,1021.6,-10.950000000000001,-13.7,-10.658333333333333,-11.3,-9.7,289.9199130498222,0.9618113431718699,-7.058333333333334,8.541666666666666,9.8,73.75,-7.731502728321524,2.7706371555036777,289.9199130498222,0.0,0,24,15.19,25.689999999999998,49.98,154.42,274.54,2.0,804.23,6.008333333333439,13.941666666666606,7.049404761904725,-0.025000000000000355,-1.0658333333333334,10.658333333333333,3.8916666666666675,4.1,-0.9401697718957704,0.34070632517382926,-0.9401697718957704,0.34070632517382926,-5.701983262137123,2.0433449021839625,0.0,1.0,0.16893732970027248,0.5140056022408963,42.532000000000004,3,1.6532145941840277,25.689999999999998,0.3166666666666667,37.07083333333333,445.95307736959336,25.625,-0.45833333333333304,51,2,2024,142
2025-02-21,1.4000000000000001,2.1,17,0.14,-11.6,-3.6,-7.2625,10.5,8.299999999999999,-8.073045239538104,0.9842651438243419,73.29166666666667,112.95833333333333,431.0,95.58333333333333,1024.5625,1022.8,-11.266666666666666,-15.7,-10.1875,-11.0,-9.2,279.37279019226435,0.9775990100654487,-6.823529411764706,8.941176470588236,10.5,72.70588235294117,-8.711983182228675,1.0679578809064383,278.41668669494095,0.0,0,16,5.74,16.589999999999996,49.279999999999994,134.82,275.8,1.0,805.63,1.3541666666666288,9.8125,7.5440476190475465,0.4708333333333332,-1.01875,10.1875,4.0041666666666655,4.1,-0.9866496139722182,0.1628574199982083,-0.9892297461136481,0.1463711358291907,-5.916869406811469,0.721384328327924,0.0,2.0,0.08438818565400846,0.33664772727272724,14.700000000000001,4,0.5230138408304499,16.589999999999996,0.3196111111111111,12.517647058823531,136.85073582083828,33.199999999999996,-0.2041666666666666,52,2,2024,143
2025-02-22,2.3800000000000003,3.5,18,0.28,-11.6,-4.0,-7.483333333333333,9.6,6.9750000000000005,-6.017976054846425,2.945871442310734,70.16666666666667,120.875,477.0,93.95833333333333,1023.2875,1021.0,-12.054166666666667,-17.6,-10.487499999999999,-11.2,-9.4,290.9948772543772,0.9544836357972293,-6.488888888888889,7.911111111111111,9.6,71.83333333333333,-6.66532836895149,3.764137458538734,296.3579345968265,0.0,0,18,3.7800000000000002,8.119999999999997,51.589999999999996,117.81,275.03,1.0,808.01,-1.2749999999999773,6.087500000000091,5.533928571428646,-0.29999999999999893,-1.0487499999999998,10.487499999999999,4.570833333333334,6.000000000000002,-0.9336124640060641,0.35828447782805994,-0.8960379609677885,0.44397744594144406,-4.222613198483909,2.0670197953546987,0.0,3.0,0.2931034482758622,0.1573948439620081,22.848000000000003,5,0.8840700987654321,8.119999999999997,0.3144722222222222,18.828444444444447,0.0,34.875,-0.22083333333333321,53,2,2024,144
2025-02-23,3.29,4.7,22,0.35,-10.9,-4.3,-7.420833333333333,10.4,7.783333333333332,-7.514593996585847,0.812012780251071,76.125,100.625,397.0,98.33333333333333,1024.3208333333334,1020.8,-10.954166666666666,-14.1,-9.720833333333333,-10.5,-8.8,277.19945661186995,0.9685364545036038,-7.177272727272728,8.031818181818181,10.4,76.18181818181819,-7.742622840103386,0.8267550472132407,277.17117412794045,0.0,0,22,5.67,7.069999999999997,52.919999999999995,117.25,278.11,1.0,811.3,1.0333333333334167,1.1125000000000682,4.807142857143049,0.7666666666666657,-0.9720833333333333,9.720833333333333,3.5333333333333323,3.1999999999999993,-0.9921158899192162,0.12532382443016105,-0.9921776317008357,0.12483407849029314,-5.720484679900976,0.6181447289661278,0.0,4.0,0.4653465346534656,0.13359788359788355,34.216,6,1.270985692342459,7.069999999999997,0.32083333333333336,26.424681818181817,87.20774192237151,46.699999999999996,0.0625,54,2,2024,145
2025-02-24,0.77,1.1,7,0.21,-13.4,-1.9,-6.491666666666667,12.1,5.945833333333333,-4.9456615689177115,2.979516417326144,73.66666666666667,140.08333333333334,562.0,92.5,1021.4,1018.7,-10.4625,-17.8,-8.370833333333334,-10.0,-7.5,295.7512455740631,0.9669952341346327,-6.371428571428572,5.6571428571428575,8.4,72.57142857142857,-4.923108224112779,2.2951994702936664,291.02139969208025,0.0,0,6,4.0600000000000005,6.439999999999996,33.53,113.61,277.55,0.0,812.0699999999999,-2.920833333333462,-3.1625000000000227,0.15297619047612443,1.3499999999999996,-0.8370833333333334,8.370833333333334,3.970833333333333,4.4,-0.9006887945442192,0.4344648379126683,-0.9334465127157106,0.3587166122426989,-3.643304022436048,2.1949104274302598,0.0,5.0,0.11956521739130442,0.19206680584551136,9.317,5,0.2928643928571429,6.439999999999996,0.3389444444444445,4.356000000000001,0.0,29.729166666666664,0.9291666666666663,55,2,2024,146
2025-02-25,0.0,0.0,0,0.0,-11.2,6.2,-2.216666666666667,6.8,3.7583333333333333,-3.3677345883953773,0.4511858874432171,64.58333333333333,230.875,600.0,42.458333333333336,1024.2458333333332,1019.4,-8.579166666666667,-13.3,-3.25,-8.0,-1.0,268.6403479212969,0.8340263298972153,0.0,0.0,0.0,0.0,0.0,0.0,,0.375,1,0,0.77,4.059999999999997,23.03,104.86,277.27,1.0,812.0699999999999,2.8458333333331893,0.9583333333331439,1.6422619047616536,5.120833333333334,-0.325,3.25,6.362500000000001,2.1000000000000014,-0.9997184471414658,-0.02372817829198508,-0.9997184471414658,-0.02372817829198508,-2.1749952550053475,0.29139088564041105,1.0,6.0,0.0,0.17629179331306977,0.0,6,0.0,2.0299999999999985,0.5069722222222222,0.0,-0.0,22.55,4.275,56,2,2024,147
2025-02-26,11.2,16.0,19,1.26,-6.5,1.0,-1.9708333333333332,6.5,3.6208333333333336,-2.887002296526113,1.2330052018488376,79.66666666666667,74.33333333333333,317.0,99.91666666666667,1019.1958333333333,1017.7,-5.083333333333333,-11.6,-4.0874999999999995,-4.7,-3.1,286.06898486260934,0.8752403918653151,-1.1631578947368422,3.9842105263157896,6.5,84.26315789473684,-3.0653865070745625,1.5585786133232693,290.95236381490224,0.0,1,19,11.2,11.969999999999995,23.38,98.63000000000001,288.46999999999997,2.0,823.27,-5.049999999999841,-5.125000000000114,-3.6928571428571786,-0.8374999999999995,-0.40874999999999995,4.0874999999999995,3.1125,5.1,-0.960929128317401,0.2767945273143238,-0.9338780538770061,0.35759163928550636,-2.29997849623247,0.982294144139574,0.0,0.0,0.9356725146198833,0.5119760479041915,72.8,0,2.9700169113573396,11.969999999999995,0.3373333333333333,44.62315789473684,0.0,0.0,0.24583333333333357,57,2,2024,148
2025-02-27,1.75,2.5,7,0.49,-7.2,5.4,-0.19583333333333333,6.7,5.245833333333334,-4.813076925642758,1.290843394715329,71.95833333333333,223.79166666666666,600.0,51.875,1021.8000000000001,1019.9,-4.8875,-12.8,-0.19583333333333333,-3.7,2.2,285.24542636933535,0.9501111015984598,-1.8142857142857143,4.985714285714286,5.8,84.57142857142857,-4.11565667947688,2.7971524403244623,304.1435744182412,0.4166666666666667,1,7,12.95,12.949999999999996,20.79,70.77000000000001,286.93,3.0,825.02,2.6041666666667425,0.40000000000009095,-0.8874999999999318,3.891666666666666,-0.019583333333333335,0.19583333333333333,4.691666666666666,5.6000000000000005,-0.9648083171990088,0.2629541995550112,-0.8276337196699444,0.5612685863873836,-3.4634099377437675,0.9288693927805721,0.0,1.0,0.13513513513513517,0.6228956228956227,11.725,1,0.48466261160714286,12.949999999999996,0.5090555555555555,8.725,77.16856274019375,5.245833333333334,1.775,58,2,2024,149
2025-02-28,0.14,0.2,2,0.07,-7.0,8.3,1.7666666666666666,4.8,2.1625,-2.0654489127822653,-0.1486299153608712,55.291666666666664,134.04166666666666,564.0,69.33333333333333,1019.6291666666666,1016.5,-6.683333333333334,-17.1,2.3874999999999997,1.3,3.4,260.69719378097966,0.9374559361889396,6.050000000000001,3.15,4.8,67.5,-3.056090560147294,0.1891656267447327,265.0,0.25,0,1,1.8900000000000001,13.089999999999996,19.53,68.81,262.64,3.0,825.16,-2.170833333333462,-4.616666666666561,-2.3535714285713993,2.583333333333333,0.23874999999999996,0.0,8.45,10.100000000000001,-0.9868478002297679,-0.16165215489336388,-0.9961946980917455,-0.08715574274765825,-1.1420211280258608,-0.08217995736828171,0.0,2.0,0.010695187165775406,0.6702508960573474,0.672,2,0.013280640625000017,13.089999999999996,0.45811111111111114,0.441,0.0,4.325,1.9625,59,2,2024,150
2025-03-01,0.0,0.0,0,0.0,-5.0,11.6,4.095833333333333,3.7,1.5125000000000002,-0.9656462973210759,0.2654962883067011,61.208333333333336,233.5,600.0,54.458333333333336,1019.1166666666667,1016.1,-3.5541666666666667,-10.4,5.5375000000000005,3.3,6.8,277.32562612275746,0.6338915548066136,0.0,0.0,0.0,0.0,0.0,0.0,,0.25,1,0,0.14,1.8899999999999966,17.15,68.74000000000001,240.31,4.0,825.16,-0.5124999999999318,-0.07916666666665151,-2.270238095238028,3.150000000000001,0.5537500000000001,0.0,7.65,5.4,-0.9918375124374301,0.12750823080072413,-0.9918375124374301,0.12750823080072413,-0.5910560044852752,0.1625058531343933,1.0,3.0,0.0,0.11020408163265287,0.0,3,0.0,0.9449999999999983,0.6174722222222222,0.0,-0.0,4.5375000000000005,2.3291666666666666,60,3,2024,151
2025-03-02,0.0,10.5,0,0.0,1.6,9.4,6.345833333333334,4.2,2.4583333333333335,-1.4018585247591127,1.4094041290886974,80.58333333333333,61.75,253.0,85.125,1016.0208333333334,1014.2,3.1166666666666667,-5.1,1.5374999999999999,-3.3,5.2,308.2331772461658,0.8280100440318,0.0,0.0,0.0,0.0,0.0,0.0,,0.125,0,0,0.0,0.13999999999999646,13.86,66.78,235.9,4.0,825.16,-3.095833333333303,-5.779166666666697,-4.180357142857019,-4.000000000000001,0.15375,0.0,3.2291666666666674,6.699999999999999,-0.7854986707150392,0.6188633438045159,-0.7854986707150392,0.6188633438045159,-1.1296643278683849,1.1357448273573085,2.0,4.0,0.0,0.010101010101009847,0.0,4,0.0,0.04666666666666549,0.5186666666666667,0.0,-0.0,9.833333333333334,2.250000000000001,61,3,2024,152
2025-03-03,17.85,27.6,13,3.01,-4.0,6.0,1.6916666666666667,11.4,6.1000000000000005,1.5379851838752252,5.721535422205477,87.54166666666667,46.5,249.0,99.875,1018.6,1013.7,-0.15416666666666665,-6.2,-6.895833333333333,-8.8,-4.1,16.229667830217416,0.9639338129892903,3.1692307692307695,6.115384615384615,9.4,89.0,2.442868419787238,5.492842583447725,26.851832837194394,0.0,0,13,17.85,17.849999999999998,30.94,64.47,253.60999999999999,4.0,843.01,2.5791666666666515,-1.0291666666665833,-1.2011904761903907,-8.433333333333334,-0.6895833333333333,6.895833333333333,1.8458333333333332,2.2,0.2794883099529916,0.9601490949845344,0.45168483711678337,0.8921775652406784,1.3463778630507701,5.0087274675223785,0.0,0.0,1.0000000000000002,0.5769230769230769,100.0,0,2.8152169748520697,17.849999999999998,0.45613888888888887,109.15961538461539,0.0,0.0,-4.654166666666668,62,3,2024,153
2025-03-04,6.44,9.5,9,1.19,-5.3,2.7,-1.2541666666666667,13.1,6.141666666666667,2.4034899136483956,-4.551769126511166,72.45833333333333,75.375,377.0,99.95833333333333,1023.9499999999999,1021.9,-5.854166666666667,-9.3,-3.9,-5.7,-1.1,142.86084129979562,0.641314215049189,-0.9222222222222223,10.066666666666666,13.1,87.44444444444444,2.9897796460766703,-9.023235035501529,158.46425542284462,0.0,1,9,24.290000000000003,24.29,37.38,60.41,258.58,4.0,849.45,5.349999999999909,4.8333333333332575,4.191071428571377,2.995833333333333,-0.39,3.9,4.6000000000000005,4.000000000000001,0.6037529541630497,-0.7971714811377727,0.367081606191156,-0.9301887412757268,1.7415287332643998,-3.2981360462512157,0.0,1.0,0.2651296829971182,0.6498127340823969,84.364,1,1.5372026574074071,24.29,0.35177777777777774,64.82933333333334,0.0,6.141666666666667,-2.9458333333333333,63,3,2024,154
2025-03-05,4.97,10.1,10,1.19,-1.0,6.8,3.595833333333333,13.4,6.75,-1.0268788874397912,-4.8235630969653505,91.20833333333333,59.291666666666664,244.0,99.95833333333333,1016.3916666666668,1011.6,2.2708333333333335,-2.0,-1.0708333333333333,-4.5,1.0,207.9552388793455,0.39678824588938555,2.96,8.05,13.4,91.0,-0.3580209640721973,-7.729525673037214,181.95809681268636,0.0,0,5,11.41,29.259999999999998,31.150000000000002,54.53,253.60999999999999,3.0,854.42,-7.558333333333167,0.37083333333339397,-2.9666666666665833,2.8291666666666666,-0.10708333333333334,1.0708333333333333,1.3249999999999997,1.0,-0.4687816353871896,-0.8833140881496865,-0.03416858436639273,-0.999416083441925,-0.9365991185857095,-4.3994915080238135,0.0,2.0,0.16985645933014354,0.9393258426966291,66.598,2,0.7867012999999997,29.259999999999998,0.49466666666666664,40.008500000000005,0.0,13.5,4.85,64,3,2024,155
2025-03-06,3.01,4.5,14,0.7,-2.2,3.8,0.6541666666666667,12.7,10.033333333333333,-6.601289992491691,7.444854139675775,79.70833333333333,108.25,429.0,99.91666666666667,1016.6999999999999,1013.9,-2.475,-4.6,-6.8,-9.3,-4.6,318.8274230259435,0.9908174165438836,-0.35000000000000003,9.771428571428572,12.7,80.57142857142857,-5.954614117437311,7.641266181531344,322.5877163550165,0.0,0,11,7.9799999999999995,14.419999999999996,32.410000000000004,53.2,246.60999999999999,2.0,857.43,0.3083333333331666,-1.900000000000091,-1.9297619047620174,-5.729166666666666,-0.6799999999999999,6.8,3.129166666666667,2.3999999999999995,-0.658329262287502,0.7527300860308384,-0.6075461403530552,0.7942843869434334,-5.261778231515252,5.934169153833233,0.0,3.0,0.20873786407766995,0.44492440604751604,38.227,3,0.6837080625,14.419999999999996,0.4223055555555555,29.412,4.039213242992791,30.1,-2.9416666666666664,65,3,2024,156
2025-03-07,6.859999999999999,10.1,19,0.7,-7.8,-2.4,-3.9875000000000003,13.2,9.25,-4.997707834093486,7.6159608515060215,82.625,88.70833333333333,327.0,99.58333333333333,1025.3583333333333,1020.4,-6.516666666666667,-12.6,-9.416666666666666,-10.9,-7.5,326.95446404764743,0.981737149859128,-3.3736842105263154,9.878947368421052,13.2,84.57894736842105,-5.002720987225057,8.381856551462176,330.5843235880506,0.0,0,19,9.87,14.839999999999996,39.13,58.660000000000004,232.89,2.0,864.29,8.658333333333417,1.4083333333334167,5.910119047618991,-2.6166666666666663,-0.9416666666666667,9.416666666666666,2.5291666666666663,4.8,-0.5453053982993137,0.8382374500018637,-0.49114210369548084,0.8710794647892794,-4.129356097919743,6.29268765355685,0.0,4.0,0.4622641509433963,0.37924865831842564,90.55199999999999,4,2.010359045879501,14.839999999999996,0.33455555555555555,67.76957894736842,337.8587618722475,37.0,-4.641666666666667,66,3,2024,157
2025-03-08,3.6399999999999997,5.3,7,1.19,-10.5,4.8,-2.0500000000000003,6.2,2.733333333333333,0.789209793398455,-0.07836399106981523,65.125,179.25,600.0,98.08333333333333,1026.0541666666666,1022.1,-8.0375,-18.1,-5.5375000000000005,-7.1,-3.3,319.82161857793443,0.10464868515670721,0.8285714285714286,2.042857142857143,3.4,88.57142857142857,-0.2805826972095546,1.8054586971745157,340.18155531200796,0.0,0,7,10.5,13.509999999999996,42.77,59.92,218.11999999999998,1.0,867.93,0.6958333333332121,9.662499999999795,5.614880952380759,3.8791666666666655,-0.5537500000000001,5.5375000000000005,5.987499999999999,7.600000000000001,-0.6451694498078993,0.7640395153619821,-0.3390407915283546,0.9407716735105425,0.5139728779507439,-0.05103454918421717,0.0,5.0,0.26943005181347157,0.3158756137479541,22.567999999999998,5,0.8132878928571429,13.509999999999996,0.44325,7.436000000000001,2.050007331486951,13.666666666666664,1.9375,67,3,2024,158
2025-03-09,0.28,0.4,3,0.14,-6.4,2.7,-0.9958333333333332,9.8,5.629166666666666,-3.7481998995664227,4.082775199189486,76.16666666666667,205.58333333333334,600.0,50.833333333333336,1028.4291666666666,1025.7,-4.829166666666667,-8.6,-5.25,-6.8,-4.0,316.33063833889616,0.9837019359303555,-0.10000000000000002,3.466666666666667,4.0,88.33333333333333,-2.3406270755114966,2.464849007991354,318.6274967436906,0.16666666666666666,1,3,3.92,10.779999999999996,43.05,56.91,197.39999999999998,2.0,868.21,2.375,11.729166666666629,6.217261904761926,0.28750000000000053,-0.525,5.25,3.8333333333333335,2.1999999999999993,-0.6904957129446365,0.7233364849121591,-0.6609518043468036,0.750428352563191,-2.854878923503092,3.109713776715992,0.0,6.0,0.025974025974025986,0.25040650406504056,2.7440000000000007,6,0.06763633333333335,10.779999999999996,0.4509444444444444,0.9706666666666668,35.577531547774754,33.775,1.0541666666666671,68,3,2024,159
2025-03-10,0.0,0.0,0,0.0,-11.6,8.3,-1.0083333333333333,5.9,3.65,0.21188865072827223,-1.2087340034760574,58.916666666666664,260.1666666666667,600.0,52.25,1029.1083333333333,1025.4,-8.708333333333334,-15.6,-0.2125,-5.1,2.3,172.32695623509883,0.3701390739899245,0.0,0.0,0.0,0.0,0.0,0.0,,0.375,0,0,0.28,3.9199999999999964,25.2,56.13999999999999,178.01,2.0,868.21,0.6791666666667879,3.75,5.395238095238142,5.0375,-0.021249999999999998,0.2125,7.700000000000001,4.0,0.13351993772999357,-0.9910461271951869,0.13351993772999357,-0.9910461271951869,0.12483773005407371,-0.7121457837146439,1.0,7.0,0.0,0.15555555555555542,0.0,3,0.0,1.9599999999999982,0.5542777777777778,0.0,-0.0,10.95,-0.012500000000000067,69,3,2024,160
2025-03-11,1.47,3.8,8,0.35,-0.0,5.9,3.4166666666666665,4.6,2.1,0.782842771646944,-1.812395039759948,84.70833333333333,77.33333333333333,304.0,95.66666666666667,1024.1791666666666,1021.6,1.0458333333333334,-4.1,1.0958333333333334,-0.4,2.8,164.45889340488395,0.8291507656623816,4.9875,3.0875,4.6,87.25,1.570895334636559,-2.546653012949384,144.07347787901904,0.0,0,7,1.47,1.7499999999999964,20.229999999999997,57.61,175.63,1.0,869.68,-4.929166666666788,-1.875,0.4333333333332803,1.3083333333333333,0.10958333333333334,0.0,2.370833333333333,4.1,0.2679296595053772,-0.9634384762699343,0.5867472608272039,-0.8097701228816565,0.6631330644825988,-1.535249631596656,0.0,8.0,0.8400000000000017,0.08650519031141853,6.762,4,0.1771000444335938,1.7499999999999964,0.4650277777777778,4.538625,0.0,8.4,4.425,70,3,2024,161
2025-03-12,0.0,0.0,0,0.0,1.4,11.1,6.620833333333334,3.8,1.7750000000000001,-0.0672685431226729,-1.3274181077855862,79.0,191.83333333333334,600.0,72.875,1016.8666666666667,1013.3,3.045833333333333,-0.6,5.304166666666666,3.3,6.9,195.83508733550897,0.6786754849474662,0.0,0.0,0.0,0.0,0.0,0.0,,0.20833333333333334,0,0,1.47,1.4699999999999964,15.259999999999998,46.410000000000004,171.22,1.0,869.68,-7.312499999999886,-11.562499999999886,-6.947023809523785,4.208333333333333,0.5304166666666666,0.0,3.5750000000000006,2.0,-0.27286944817353276,-0.9620510715411483,-0.27286944817353276,-0.9620510715411483,-0.053142149066911594,-1.0486603051506131,1.0,9.0,0.0,0.09633027522935758,0.0,5,0.0,0.7349999999999982,0.637888888888889,0.0,-0.0,8.875,3.204166666666667,71,3,2024,162
2025-03-13,0.0,1.1,0,0.0,1.2,8.8,6.041666666666667,7.3,4.583333333333333,-3.916602972308277,1.801940779017506,77.83333333333333,211.04166666666666,600.0,75.70833333333333,1016.5416666666666,1012.8,2.3125,-0.8,0.31249999999999994,-2.1,4.1,290.39091627952655,0.9314537911085897,0.0,0.0,0.0,0.0,0.0,0.0,,0.125,0,0,0.0,1.4699999999999964,12.25,44.660000000000004,162.47,1.0,869.68,-0.3250000000000455,-12.56666666666672,-7.249404761904771,-4.991666666666666,0.031249999999999993,0.0,3.729166666666667,2.0,-0.9373372406141811,0.34842344547661086,-0.9373372406141811,0.34842344547661086,-3.048422646779942,1.4025105730019587,2.0,10.0,0.0,0.1199999999999997,0.0,6,0.0,0.4899999999999988,0.5956944444444444,0.0,-0.0,27.5,-0.5791666666666666,72,3,2024,163
2025-03-14,0.0,0.0,0,0.0,-4.3,7.4,1.4458333333333335,10.2,7.55,-5.954635191532851,4.430503083148703,65.25,262.625,600.0,59.25,1025.5625,1023.2,-4.979166666666667,-12.1,-2.3208333333333333,-5.1,0.8,305.7502446801816,0.9816683018178513,0.0,0.0,0.0,0.0,0.0,0.0,,0.3333333333333333,1,0,0.0,0.0,5.39,44.52,145.04,2.0,869.68,9.020833333333371,1.3833333333334394,1.7422619047620174,-2.6333333333333333,-0.23208333333333334,2.3208333333333333,6.425000000000001,7.8,-0.811571486934148,0.5842531314383312,-0.811571486934148,0.5842531314383312,-3.8853994624751853,2.8909032617545285,3.0,11.0,,0.0,0.0,6,0.0,0.0,0.5570277777777778,0.0,-0.0,45.3,-4.595833333333333,73,3,2024,164
2025-03-15,2.1,3.0,8,0.49,-4.4,6.0,1.3333333333333333,9.3,4.3500000000000005,0.37220878322478795,-0.27683662146392835,70.875,88.5,309.0,99.54166666666667,1025.9291666666666,1023.0,-3.525,-9.6,-2.15,-3.0,-0.6,106.8083497801174,0.2537904806063717,3.3375,4.4125,7.5,76.0,3.1358402243117673,-3.0048349359865263,128.65305057368286,0.0,0,4,2.1,2.0999999999999965,3.85,46.62,117.52999999999999,2.0,871.78,0.36666666666656056,9.062499999999886,2.1267857142855746,0.1708333333333334,-0.215,2.15,4.858333333333333,5.199999999999999,0.9572773664290849,-0.2891713051507626,0.7809424829024533,-0.6246029445961262,0.26380297511056844,-0.1962079554625592,0.0,12.0,1.0000000000000018,0.5454545454545445,19.53,0,0.33048862792968764,2.0999999999999965,0.4285833333333333,9.26625,0.0,0.0,-0.11250000000000027,74,3,2024,165
2025-03-16,13.58,20.9,22,1.68,0.3,5.4,2.595833333333333,18.0,8.924999999999999,3.070934187370384,-7.476992289581399,95.25,53.708333333333336,306.0,100.0,1008.2958333333332,997.4,1.9124999999999999,-0.2,-1.0083333333333333,-3.9,0.8,180.33182012561718,0.5212153769783773,2.4545454545454546,8.827272727272726,18.0,95.5909090909091,3.0968235550600114,-7.28376486609179,183.37124252104232,0.0,0,14,15.68,15.679999999999996,17.15,60.2,129.01,1.0,885.36,-17.633333333333326,-8.245833333333394,-12.630357142857292,1.1416666666666666,-0.10083333333333333,1.0083333333333333,0.6833333333333333,0.5,-0.005791321343002237,-0.9999832301579372,-0.0588053368871968,-0.9982694688076879,2.925064813470291,-7.1218351558262825,0.0,0.0,0.8660714285714288,0.9142857142857141,100.0,0,2.2790235175619844,15.679999999999996,0.4733055555555556,119.87436363636363,0.0,0.0,1.2625,75,3,2024,166
2025-03-17,19.11,27.5,24,1.61,-1.5,3.6,0.7166666666666667,11.1,7.683333333333334,-4.788487742253964,5.599445896352045,83.79166666666667,73.41666666666667,295.0,99.95833333333333,1004.5291666666667,996.1,-1.6958333333333335,-4.0,-5.883333333333333,-7.5,-3.6,318.5382641153548,0.9559487597805008,0.7166666666666667,7.683333333333334,11.1,83.79166666666667,-4.788487742253964,5.599445896352045,318.5382641153548,0.0,0,24,32.69,34.78999999999999,36.26,61.46,148.05,1.0,904.47,-3.766666666666538,-21.033333333333303,-12.885714285714243,-4.875,-0.5883333333333333,5.883333333333333,2.4125,2.5,-0.662119721794821,0.7493980744639986,-0.662119721794821,0.7493980744639986,-4.012353687363634,4.6918690406516514,0.0,0.0,0.5492957746478875,0.9594594594594593,100.0,0,4.0091569036458345,34.78999999999999,0.40825000000000006,146.8285,0.0,0.0,-1.8791666666666664,76,3,2024,167
2025-03-18,0.49000000000000005,0.7000000000000001,6,0.14,-7.4,4.8,-0.7666666666666667,4.9,2.8375,-0.3011465705274257,-0.30215769860499625,64.75,261.875,600.0,48.125,1013.0416666666666,1009.2,-7.1625000000000005,-11.0,-3.6666666666666665,-7.1,-1.6,254.96737905658307,0.18776420368608185,-2.0833333333333335,3.3333333333333335,4.9,80.0,-0.20083630638992858,-0.4636548699544642,225.43109335899004,0.3333333333333333,1,3,19.599999999999998,33.17999999999999,35.28,55.510000000000005,146.57999999999998,2.0,904.96,8.512499999999932,-12.887499999999932,-2.782142857142844,2.2166666666666663,-0.36666666666666664,3.6666666666666665,6.395833333333334,3.5999999999999996,-0.9657783129666145,-0.25936894610450173,-0.7124069865902453,-0.7017665462654986,-0.19499240441650817,-0.19564710984673506,0.0,1.0,0.014767932489451482,0.9404761904761902,2.4010000000000002,1,0.1418532986111111,33.17999999999999,0.4970833333333333,1.6333333333333335,12.651181030267475,2.8375,-1.4833333333333334,77,3,2024,168
2025-03-19,16.73,23.9,24,1.68,-2.6,0.6,-1.0958333333333334,14.4,7.270833333333333,-4.235007884680866,4.840663850129666,85.79166666666667,84.41666666666667,332.0,99.91666666666667,1013.4333333333334,1007.1,-3.1916666666666664,-4.1,-6.395833333333333,-7.6,-4.8,307.6765529215259,0.7461898323423014,-1.0958333333333334,7.270833333333333,14.4,85.79166666666667,-4.235007884680866,4.840663850129666,307.6765529215259,0.0,1,24,17.22,36.33,52.01,67.27000000000001,143.15,3.0,921.6899999999999,0.3916666666667652,5.137500000000159,-1.8999999999998636,-2.7291666666666665,-0.6395833333333333,6.395833333333333,2.095833333333333,1.4999999999999996,-0.7914737211356383,0.611203197596107,-0.7914737211356383,0.611203197596107,-3.6332838477324594,4.152886194757077,0.0,0.0,0.46050096339113683,0.6985195154777927,100.0,2,4.219048315158422,36.33,0.35558333333333336,121.64104166666667,4.3126496959011,14.541666666666666,-0.3291666666666667,78,3,2024,169
2025-03-20,0.07,0.1,1,0.07,-7.1,5.6,-0.8791666666666668,2.8,1.4666666666666668,-1.2199889976817457,-0.35188580118780366,67.0,268.2916666666667,600.0,19.041666666666668,1018.5041666666666,1014.5,-6.495833333333334,-10.7,-2.5416666666666665,-6.8,-0.8,246.88126673605436,0.8755211590854056,-1.8,2.8,2.8,85.0,-2.66295824562643,0.8652475842498522,288.0,0.7083333333333334,1,1,16.8,17.289999999999996,52.08,64.33,132.72,4.0,921.76,5.070833333333212,13.974999999999909,2.890476190476079,3.8541666666666665,-0.25416666666666665,2.5416666666666665,5.616666666666667,3.5999999999999996,-0.9196931707393255,-0.3926378378295269,-0.9510565162951536,0.30901699437494723,-0.8173926284467696,-0.23576348679582845,0.0,1.0,0.004048582995951419,0.3319892473118279,0.196,3,0.019927250000000004,17.289999999999996,0.5266388888888889,0.196,95.87426380409893,4.4,0.21666666666666667,79,3,2024,170
2025-03-21,0.14,0.2,1,0.14,-6.5,7.7,1.3333333333333333,14.1,3.841666666666667,-3.260116065558916,-1.4062084449984706,65.83333333333333,231.70833333333334,600.0,36.958333333333336,1012.4125,1009.3,-4.504166666666666,-10.6,4.3125,0.0,5.4,226.43237568569802,0.8488244947684879,-2.9,1.5,1.5,71.0,-0.8816778784387096,-1.2135254915624212,216.0,0.5,0,1,0.21000000000000002,16.939999999999998,52.22,57.61,122.01,3.0,921.9,-6.091666666666583,-0.629166666666606,-1.322619047619014,6.854166666666666,0.43125,0.0,5.8374999999999995,4.1,-0.7245614238188428,-0.6892102314342201,-0.587785252292473,-0.8090169943749475,-2.146243076492953,-0.9257538929573265,0.0,2.0,0.008264462809917357,0.324396782841823,1.9740000000000002,4,0.0443034375,16.939999999999998,0.5450277777777778,0.21000000000000002,0.0,15.366666666666667,2.2125,80,3,2024,171
2025-03-22,0.0,0.0,0,0.0,0.2,10.1,5.404166666666666,7.9,2.154166666666667,-1.8277486837086514,0.104545096707703,63.958333333333336,274.5833333333333,600.0,23.0,1007.5875,1005.5,-0.9625,-4.7,7.545833333333333,6.2,8.3,257.50025826987394,0.6405167080330268,0.0,0.0,0.0,0.0,0.0,0.0,,0.6666666666666666,0,0,0.14,0.20999999999999647,50.12,53.97,117.67,3.0,921.9,-4.8250000000000455,-5.845833333333417,-3.5273809523810087,3.2333333333333334,0.7545833333333334,0.0,6.366666666666666,4.9,-0.9762969827461311,-0.2164352131257775,-0.9762969827461311,-0.2164352131257775,-1.1689975956219916,0.06686530143596837,1.0,3.0,0.0,0.004189944134078142,0.0,5,0.0,0.10499999999999823,0.6206944444444444,0.0,-0.0,10.770833333333334,4.070833333333333,81,3,2024,172
2025-03-23,0.0,0.0,0,0.0,1.7,10.9,6.029166666666666,7.9,3.6,-2.432064454254944,2.5230032920282093,73.66666666666667,246.625,600.0,27.083333333333332,1009.1583333333333,1005.4,1.5791666666666666,-1.7,6.2124999999999995,4.6,7.5,317.5562161491122,0.9517162954834444,0.0,0.0,0.0,0.0,0.0,0.0,,0.4583333333333333,0,0,0.0,0.13999999999999646,36.54,53.690000000000005,116.27,3.0,921.9,1.5708333333333258,-9.345833333333303,-2.079761904761881,-1.333333333333334,0.62125,0.0,4.449999999999999,3.4,-0.6748664978045342,0.7379398418170974,-0.6748664978045342,0.7379398418170974,-1.7916208146344754,1.8586124251274476,2.0,4.0,0.0,0.003831417624520976,0.0,6,0.0,0.04666666666666549,0.6521944444444445,0.0,-0.0,21.6,0.625,82,3,2024,173
2025-03-24,0.0,1.1,0,0.0,2.3,11.2,6.691666666666666,4.8,2.3291666666666666,-0.12795941300643585,-1.350118158072864,62.75,184.08333333333334,600.0,79.5,1008.9041666666667,1005.1,-0.11249999999999993,-5.7,6.9875,5.1,10.3,220.70766611906228,0.5161056580462391,0.0,0.0,0.0,0.0,0.0,0.0,,0.125,0,0,0.0,0.0,17.43,53.690000000000005,113.89,3.0,921.9,-0.25416666666660603,-3.5083333333333258,-2.9589285714286007,0.7750000000000004,0.69875,0.0,6.804166666666666,8.0,-0.6521998356231631,-0.7580470792853957,-0.6521998356231631,-0.7580470792853957,-0.08029453166153849,-0.8471991441907223,3.0,5.0,,0.0,0.0,5,0.0,0.0,0.5807777777777777,0.0,-0.0,11.645833333333332,0.6625000000000005,83,3,2024,174
2025-03-25,1.19,4.4,3,0.63,3.3,12.4,7.941666666666666,6.1,3.2291666666666665,-1.734500980187498,-2.2195363882641197,70.79166666666667,245.0,600.0,54.5,1004.3166666666666,1002.1,2.5875,-0.1,10.004166666666666,5.6,12.4,219.29173664996432,0.8832270458761814,5.3999999999999995,2.566666666666667,2.7,89.0,-2.0665649581879717,-1.3630266416845747,236.03759427170422,0.3333333333333333,0,2,1.19,1.1899999999999964,18.13,53.41,111.78999999999999,2.0,923.09,-4.587500000000091,-3.2708333333333712,-6.300000000000068,3.0166666666666666,1.0,0.0,5.354166666666666,3.4,-0.6332692607431047,-0.7739315495558258,-0.8294043050365698,-0.5586488152558857,-1.2278821522243997,-1.5712468015253083,0.0,6.0,1.0000000000000029,0.06563706563706544,7.2589999999999995,6,0.1324593958333333,1.1899999999999964,0.674861111111111,3.0543333333333336,0.0,19.375,1.25,84,3,2024,175
2025-03-26,0.0,1.6,0,0.0,4.5,9.8,7.370833333333334,6.8,4.2,-2.1086642005941996,0.6474973012111546,69.16666666666667,244.66666666666666,600.0,72.91666666666667,1006.375,1000.0,1.9041666666666668,-5.4,9.291666666666666,6.3,12.9,283.83246631582483,0.6186731439745244,0.0,0.0,0.0,0.0,0.0,0.0,,0.20833333333333334,0,0,1.19,1.1899999999999964,1.4,53.41,111.02,1.0,923.09,2.058333333333394,-2.783333333333303,-3.2333333333333485,-0.7125000000000004,0.9291666666666666,0.0,5.466666666666667,9.9,-0.9709989604301925,0.23908370677125937,-0.9709989604301925,0.23908370677125937,-1.4584927387443216,0.4478523000043819,1.0,7.0,0.0,0.8499999999999974,0.0,1,0.0,0.5949999999999982,0.6114444444444445,0.0,-0.0,4.2,-0.5708333333333329,85,3,2024,176
2025-03-27,0.0,0.2,0,0.0,7.3,16.5,11.091666666666667,6.4,3.654166666666667,0.9142688040566104,-3.1811479462540952,55.583333333333336,276.625,600.0,67.5,1006.2125,1002.8,1.5374999999999999,-7.5,13.470833333333333,10.6,18.5,174.83127535561286,0.8001671895063625,0.0,0.0,0.0,0.0,0.0,0.0,,0.125,0,0,0.0,1.1899999999999964,1.3299999999999998,53.41,111.02,0.0,923.09,-0.16250000000002274,-2.6916666666667197,-1.6398809523809632,4.179166666666667,1.0,0.0,9.554166666666667,14.8,0.09008895532577132,-0.9959337227588546,0.09008895532577132,-0.9959337227588546,0.508181076921466,-1.7681880667929013,2.0,8.0,0.0,0.8947368421052605,0.0,2,0.0,0.39666666666666545,0.7030277777777778,0.0,-0.0,7.308333333333334,3.720833333333333,86,3,2024,177
2025-03-28,0.0,14.1,0,0.0,3.6,13.3,8.7125,9.8,4.495833333333334,-2.4893602320805592,2.972902330006887,89.79166666666667,106.875,507.0,100.0,1003.4916666666667,999.0,7.1125,1.6,0.37083333333333335,-5.4,11.2,301.2053576419667,0.7218204147195652,0.0,0.0,0.0,0.0,0.0,0.0,,0.0,0,0,0.0,0.0,1.19,53.41,99.82,0.0,923.09,-2.720833333333303,-0.8249999999999318,-3.0863095238095184,-13.1,0.037083333333333336,0.0,1.6000000000000005,2.0,-0.855315816496293,0.5181069909307148,-0.855315816496293,0.5181069909307148,-2.2352380417223356,2.669418550485351,3.0,9.0,,0.0,0.0,3,0.0,0.0,0.6661111111111112,0.0,-0.0,13.4875,-2.3791666666666664,87,3,2024,178
2025-03-29,1.96,2.8,6,0.49,-0.9,4.8,2.1958333333333333,8.6,5.720833333333334,-3.650704411754695,3.893311697619169,74.125,200.375,600.0,91.625,1016.375,1014.0,-2.095833333333333,-6.0,-4.2,-5.6,-3.1,309.464889940071,0.865345010884233,1.6333333333333335,6.25,6.7,87.16666666666667,-2.5945855337243775,5.66218946688996,335.1718340786298,0.0,0,6,1.96,1.9599999999999964,3.15,53.27,100.03,0.0,925.05,12.883333333333326,10.0,8.541666666666742,-4.570833333333334,-0.42000000000000004,4.2,4.291666666666666,5.1,-0.772014218409539,0.6356052600266211,-0.4198982843199676,0.9075711712175236,-2.7060846452131675,2.885917295860209,0.0,10.0,1.0000000000000018,0.6222222222222211,16.855999999999998,0,0.37793802083333344,1.9599999999999964,0.48733333333333334,12.25,30.08421926353414,0.0,-6.5166666666666675,88,3,2024,179
2025-03-30,0.9100000000000001,1.3,11,0.14,-5.0,2.5,-1.0958333333333334,10.2,7.279166666666666,-6.580657755216815,1.4096050941340463,68.66666666666667,140.95833333333334,479.0,92.0,1021.5375,1018.2,-6.154166666666668,-10.4,-6.820833333333333,-8.6,-3.7,275.9938626121482,0.9115051253150376,0.9272727272727272,8.909090909090908,10.2,68.27272727272727,-8.213771094684827,2.8548099285520054,288.26801199329907,0.0,1,11,2.87,2.8699999999999966,4.0600000000000005,40.6,100.8,1.0,925.96,5.162500000000023,15.325000000000045,11.935714285714198,-2.6208333333333327,-0.6820833333333333,6.820833333333333,5.0583333333333345,5.4,-0.9945330865033685,0.10442193184424144,-0.9496006304116213,0.3134623465774658,-4.51871832524888,0.9679288313053785,0.0,11.0,0.31707317073170777,0.706896551724137,9.282,1,0.18341858471074382,2.8699999999999966,0.3784166666666667,8.107272727272727,212.017966381553,7.279166666666666,-3.291666666666667,89,3,2024,180
2025-03-31,0.07,0.1,1,0.07,-8.6,7.0,0.15,8.4,4.154166666666667,-0.046036453853450864,0.47751004418820114,72.83333333333333,254.83333333333334,600.0,72.20833333333333,1026.2958333333333,1021.2,-4.3875,-12.2,-3.7541666666666664,-7.8,-2.3,107.63961656934657,0.16056661676117204,2.6,1.7,1.7,90.0,1.6564291101348998,0.3824167923845704,77.0,0.08333333333333333,0,1,0.9800000000000002,2.9399999999999964,4.13,21.56,100.86999999999999,1.0,926.03,4.758333333333326,22.804166666666674,14.209523809523944,3.0666666666666664,-0.3754166666666666,3.7541666666666664,4.5375000000000005,3.5999999999999996,0.952981369446497,-0.3030288921668678,0.9743700647852352,0.22495105434386492,-0.03352988388993004,0.3477864821837398,0.0,12.0,0.02380952380952384,0.7118644067796601,0.5880000000000001,2,0.012674812499999999,2.9399999999999964,0.5682222222222223,0.11900000000000001,0.0,8.308333333333334,1.2458333333333333,90,3,2024,181
2025-04-01,0.8400000000000001,1.9000000000000001,9,0.28,1.3,6.3,4.004166666666666,12.1,6.704166666666667,2.554214891233442,-5.6739041071097285,88.83333333333333,114.375,600.0,99.625,1025.8291666666667,1023.6,2.3125,-0.0,0.5,-1.8,2.9,156.65147917942164,0.9358417324226768,4.477777777777778,7.855555555555556,11.7,89.55555555555556,3.3307926418733778,-6.440599664817954,152.09724863529604,0.0,0,5,0.9100000000000001,1.8199999999999967,3.7800000000000002,21.91,101.71,1.0,926.87,-0.466666666666697,9.454166666666652,10.669642857142776,4.254166666666666,0.05,0.0,1.6916666666666664,1.3,0.39632314518685535,-0.9181110851031038,0.4679722524762522,-0.8837431589055176,2.268994228379041,-5.040318148482475,0.0,13.0,0.4615384615384624,0.48148148148148057,10.164000000000001,3,0.1045793842592593,1.8199999999999967,0.5123611111111112,6.598666666666667,0.0,20.1125,3.8541666666666665,91,4,2024,182
2025-04-02,0.7,4.0,2,0.42,4.6,9.9,6.545833333333333,9.7,5.5,-0.17493624840732594,-4.8626700298636525,91.08333333333333,145.625,600.0,96.41666666666667,1016.475,1011.3,5.1625000000000005,3.7,2.9416666666666664,0.6,5.2,183.73622454303614,0.7638332535889663,6.65,5.4,6.6,90.5,1.147853685355113,-5.247814560670683,169.00000000000003,0.0,0,2,1.54,1.6099999999999965,4.48,5.88,84.56,1.0,927.5699999999999,-9.354166666666629,-5.0625,-0.12738095238091773,2.4416666666666664,0.29416666666666663,0.0,1.3833333333333329,0.8999999999999995,-0.06516321503498232,-0.9978746190811272,0.19080899537654453,-0.981627183447664,-0.1593377662576727,-4.42908195220081,0.0,14.0,0.4347826086956531,0.35937499999999917,6.789999999999999,4,0.05466781249999999,1.6099999999999965,0.6206944444444444,3.78,0.0,22.0,2.541666666666667,92,4,2024,183
2025-04-03,0.6300000000000001,2.8,5,0.28,3.6,7.9,5.6625000000000005,4.8,2.25,-1.0701948631009321,0.7784382506952098,87.29166666666667,165.91666666666666,600.0,91.54166666666667,1013.2833333333333,1011.0,3.6166666666666667,1.8,-0.46249999999999997,-2.4,1.7,301.47252412844614,0.46944370904630095,6.14,2.0200000000000005,4.0,81.8,-0.8990097415513185,1.6828479803876384,330.9720092763296,0.0,0,3,1.33,2.1699999999999964,5.11,6.4399999999999995,78.75,1.0,928.2,-3.1916666666667197,-13.012500000000045,-4.329166666666765,-3.4041666666666663,-0.04625,0.46249999999999997,2.045833333333334,1.8,-0.8528906275796886,0.522089625817948,-0.4852368405940396,0.8743827585962081,-0.9341909325818554,0.6795117230026936,0.0,15.0,0.2903225806451618,0.4246575342465746,3.0240000000000005,5,0.05925992625000003,2.1699999999999964,0.5771388888888889,1.2726000000000006,0.0,11.25,-0.8833333333333329,93,4,2024,184
2025-04-04,0.21000000000000002,0.30000000000000004,3,0.07,0.5,4.7,3.154166666666667,10.8,6.645833333333333,-2.4707330518913553,6.096529895917904,86.79166666666667,146.08333333333334,492.0,97.70833333333333,1018.5541666666667,1016.3,1.1125,-0.4,-2.5833333333333335,-3.3,-1.4,337.4557727810916,0.9895546364695644,4.133333333333333,10.3,10.8,80.66666666666667,-4.97371875444824,9.008810008633251,331.0,0.0,0,3,0.8400000000000001,1.5399999999999965,5.32,6.510000000000001,73.99000000000001,1.0,928.41,5.270833333333371,-7.274999999999977,-1.2101190476190595,-2.1208333333333336,-0.25833333333333336,2.5833333333333335,2.041666666666667,0.9,-0.38339647067814725,0.9235838599020343,-0.4848096202463369,0.8746197071393959,-2.1443903946207055,5.291279905498747,0.0,16.0,0.1363636363636367,0.28947368421052566,2.2680000000000002,6,0.02683450000000001,1.5399999999999965,0.49113888888888885,2.1630000000000003,0.0,39.875,-2.5083333333333337,94,4,2024,185
2025-04-05,0.0,0.0,0,0.0,-5.9,10.5,3.529166666666667,5.1,2.558333333333333,0.25282300614544134,-0.984684352849841,71.375,300.5,600.0,64.5,1018.6083333333332,1014.2,-1.6500000000000001,-7.8,2.5124999999999997,-2.2,4.9,174.1684207813067,0.2409533114585135,0.0,0.0,0.0,0.0,0.0,0.0,,0.25,0,0,0.21000000000000002,0.8399999999999965,3.3600000000000003,6.510000000000001,70.98,1.0,928.41,0.05416666666656056,2.133333333333212,-1.4750000000000227,5.095833333333333,0.25125,0.0,5.179166666666667,1.8999999999999995,0.10160462159181921,-0.9948248593954532,0.10160462159181921,-0.9948248593954532,0.18045242063630876,-0.702818456846574,1.0,17.0,0.0,0.24999999999999895,0.0,6,0.0,0.41999999999999826,0.6715833333333333,0.0,-0.0,15.349999999999998,0.375,95,4,2024,186
2025-04-06,1.33,4.7,10,0.28,3.6,10.5,6.05,11.1,4.208333333333333,1.0880595426879156,-2.702658560893155,85.79166666666667,157.41666666666666,600.0,90.625,1015.3249999999999,1010.6,3.716666666666667,2.1,2.091666666666667,-0.8,5.4,165.68597582057413,0.44238364078856063,5.6,4.470000000000001,8.1,88.6,1.7344636441939254,-2.9717837505057174,140.27287512260608,0.0,0,4,1.33,1.5399999999999965,3.7800000000000002,7.84,65.45,0.0,929.74,-3.283333333333303,2.0416666666666288,-3.8708333333332803,-0.42083333333333295,0.20916666666666667,0.0,2.333333333333333,1.5,0.2472361894664796,-0.96895524489942,0.6391319938415607,-0.7690970643866164,0.9334644159976743,-2.318655823699586,0.0,18.0,0.8636363636363656,0.40740740740740644,14.763,0,0.13812548749999998,1.5399999999999965,0.62425,5.945100000000001,0.0,0.0,2.520833333333333,96,4,2024,187
2025-04-07,0.28,0.4,4,0.07,-0.7,7.5,4.004166666666666,7.3,4.666666666666667,-3.5316991139942098,2.811345167693972,83.25,218.08333333333334,600.0,72.875,1016.7708333333334,1015.2,1.2041666666666666,-1.4,1.9291666666666665,-0.1,4.6,306.80801654176724,0.9633466327446344,6.275,6.2,7.3,70.75,-4.1011662247525535,4.625530000405473,318.7497567963762,0.125,0,2,1.61,1.6099999999999965,3.99,8.120000000000001,62.089999999999996,0.0,930.02,1.4458333333334394,-1.783333333333303,-1.0642857142855746,-0.1625000000000003,0.19291666666666665,0.0,2.8,0.7,-0.8006475506955439,0.5991356270204822,-0.6593490064315589,0.7518370087443927,-2.9401395124001795,2.3404448521052315,0.0,19.0,0.17391304347826125,0.40350877192982365,2.044,1,0.024054187500000008,1.6099999999999965,0.5895555555555556,1.7360000000000002,4.150721983301952,4.666666666666667,-2.0458333333333334,97,4,2024,188
2025-04-08,3.71,8.3,7,1.47,-2.9,11.5,4.558333333333334,5.6,2.9125,-1.9560411036970897,-0.8443208763100629,70.0,169.20833333333334,600.0,64.375,1012.5375,1008.2,-0.9291666666666667,-9.1,4.183333333333334,0.5,9.8,244.9205599347793,0.7205723110104783,5.442857142857143,2.6714285714285713,3.4,87.57142857142857,-2.3891922576857145,-0.6290885812551084,252.78703307128458,0.3333333333333333,0,6,3.99,5.319999999999997,6.859999999999999,10.64,65.52000000000001,0.0,933.73,-4.2333333333333485,-6.070833333333212,-3.3988095238095184,2.2541666666666673,0.41833333333333333,0.0,5.487500000000001,6.199999999999999,-0.9057209598133098,-0.423874442441222,-0.9552114143140754,-0.2959242368649512,-1.3692287725879628,-0.591024613417044,0.0,20.0,0.697368421052632,0.7755102040816323,20.776,0,0.4085606741071427,5.319999999999997,0.6016944444444444,9.911,0.0,0.0,0.5541666666666671,98,4,2024,189
2025-04-09,1.19,1.9,7,0.42,3.5,9.4,6.029166666666666,8.3,5.058333333333334,-2.640981851424718,2.831872164383281,77.125,267.25,600.0,70.83333333333333,1012.9541666666668,1010.2,2.1083333333333334,0.3,4.25,1.7,5.1,306.92892965146365,0.5053071530927266,4.614285714285714,6.042857142857143,7.3,91.0,-4.477806049938041,3.9341675192693777,309.8833956421838,0.25,0,7,4.9,5.179999999999996,7.35,11.83,66.71000000000001,0.0,934.92,0.41666666666674246,-2.3708333333331666,-2.4791666666666288,0.06666666666666643,0.425,0.0,3.9208333333333325,3.2,-0.7993813937825407,0.600823923686701,-0.7673510121589943,0.6412272796275647,-2.0368572529113136,2.184081406780605,0.0,21.0,0.22972972972972988,0.7047619047619043,9.877,1,0.14812229017857145,5.179999999999996,0.6441388888888889,7.191,0.0,5.058333333333334,1.4708333333333323,99,4,2024,190
2025-04-10,0.0,3.3,0,0.0,3.3,10.6,6.8500000000000005,5.6,2.920833333333333,0.45489420175436357,-2.7003440159119214,77.45833333333333,136.29166666666666,469.0,93.16666666666667,1010.6708333333332,1007.4,3.0541666666666667,-1.5,6.566666666666666,5.1,8.3,177.62653888739845,0.9213670946347655,0.0,0.0,0.0,0.0,0.0,0.0,,0.0,0,0,1.19,4.899999999999997,6.72,11.83,65.24000000000001,0.0,934.92,-2.2833333333335304,-6.100000000000136,-4.3892857142858475,2.3166666666666664,0.6566666666666666,0.0,3.795833333333334,4.8,0.04141286458587729,-0.9991421193437857,0.04141286458587729,-0.9991421193437857,0.35235346710890075,-2.0916414689917757,1.0,22.0,0.0,0.7291666666666662,0.0,2,0.0,2.4499999999999984,0.5846111111111111,0.0,-0.0,5.841666666666666,0.8208333333333346,100,4,2024,191
2025-04-11,0.0,1.4,0,0.0,3.6,12.0,8.204166666666667,7.1,2.5708333333333333,-1.2836039782861584,1.7570820381200765,82.08333333333333,257.7083333333333,600.0,68.375,1008.9625,1006.3,5.1625000000000005,3.5,4.7749999999999995,2.9,6.9,309.7879163240066,0.6210647204868861,0.0,0.0,0.0,0.0,0.0,0.0,,0.0,0,0,0.0,1.1899999999999964,6.51,11.83,65.24000000000001,0.0,934.92,-1.7083333333332575,-3.5750000000000455,-4.7273809523809405,-1.791666666666667,0.4774999999999999,0.0,3.041666666666667,0.10000000000000009,-0.76841850559835,0.6399476543077555,-0.76841850559835,0.6399476543077555,-1.053624932176555,1.4422715062902294,2.0,23.0,0.0,0.18279569892473063,0.0,3,0.0,0.39666666666666545,0.7120833333333333,0.0,-0.0,7.7125,1.354166666666667,101,4,2024,192
2025-04-12,0.0,0.0,0,0.0,1.2,13.8,7.604166666666667,5.8,2.9416666666666664,-0.6525937659640969,0.6111071319122415,77.25,313.4166666666667,600.0,38.0,1013.0541666666667,1010.8,3.5083333333333333,0.2,6.954166666666667,4.0,9.5,4.93072055693114,0.2719134002572107,0.0,0.0,0.0,0.0,0.0,0.0,,0.4166666666666667,0,0,0.0,0.0,6.51,9.87,65.24000000000001,0.0,934.92,4.091666666666697,0.09999999999990905,0.15773809523807358,2.179166666666667,0.6954166666666667,0.0,4.095833333333333,1.0,0.08595112613996178,0.9962993545693344,0.08595112613996178,0.9962993545693344,-0.5041286842072649,0.4720802594022066,3.0,24.0,,0.0,0.0,4,0.0,0.0,0.7731111111111111,0.0,-0.0,11.766666666666666,-0.6000000000000005,102,4,2024,193
2025-04-13,0.0,31.0,0,0.0,5.9,8.0,7.195833333333333,13.6,8.5,4.214040447980355,-6.954914292272825,98.54166666666667,45.833333333333336,167.0,100.0,1007.7875,1003.2,6.991666666666667,5.9,4.308333333333334,0.5,6.0,149.737594449102,0.938711293506812,0.0,0.0,0.0,0.0,0.0,0.0,,0.0,0,0,0.0,0.0,5.18,8.959999999999999,65.24000000000001,0.0,934.92,-5.2666666666666515,-2.883333333333212,-4.032142857142844,-2.645833333333333,0.43083333333333335,0.0,0.20416666666666572,0.0,0.5039610009198988,-0.8637264089697697,0.5039610009198988,-0.8637264089697697,4.1525856914473085,-6.853488458843847,4.0,25.0,,0.0,0.0,5,0.0,0.0,0.5368055555555555,0.0,-0.0,42.5,-0.4083333333333341,103,4,2024,194
2025-04-14,0.14,5.9,2,0.07,4.1,11.8,6.866666666666667,6.4,2.9,0.05357008690385282,0.8903230963031445,82.25,251.625,600.0,70.70833333333333,1001.8375,998.0,3.766666666666667,2.7,4.029166666666667,0.8,6.5,8.35893436691462,0.3308044580158518,4.8,6.2,6.4,90.0,-3.6863578767920595,4.98476091214171,323.5,0.16666666666666666,0,2,0.14,0.13999999999999646,5.039999999999999,9.03,63.28,0.0,935.06,-5.9500000000000455,-7.125,-7.848809523809564,-0.2791666666666668,0.4029166666666667,0.0,3.1,1.3999999999999995,0.14537394944097803,0.9893767810212305,-0.594822786751341,0.8038568606172175,0.044061396478418946,0.7322907467093365,0.0,26.0,1.0000000000000253,0.02777777777777708,0.8960000000000001,6,0.016789500000000016,0.13999999999999646,0.7041388888888888,0.8680000000000001,0.0,17.4,-0.3291666666666657,104,4,2024,195
2025-04-15,16.169999999999998,25.7,14,3.01,1.8,8.3,4.791666666666667,9.6,5.3500000000000005,-1.7705515703118586,-1.6004634406659886,85.41666666666667,172.0,600.0,96.20833333333333,996.225,991.5,2.3916666666666666,-0.5,0.3833333333333333,-2.4,4.1,214.61239599457494,0.42572904452330645,3.757142857142857,5.478571428571429,9.6,89.0,-3.069160663871988,0.3300434119142155,268.8659452185968,0.0,0,9,16.31,16.309999999999995,17.499999999999996,24.36,65.87,0.0,951.23,-5.6124999999999545,-16.82916666666665,-11.130952380952294,-3.6458333333333335,0.03833333333333333,0.0,2.4000000000000004,2.3,-0.5680218180720937,-0.8230134957545188,-0.9998041251715515,-0.01979169750043221,-1.5123461329747128,-1.3670625222355322,0.0,0.0,0.9914163090128757,0.9319999999999999,100.0,0,2.350848328124999,16.309999999999995,0.5838333333333333,88.5885,0.0,0.0,-2.075,105,4,2024,196
2025-04-16,4.48,6.4,16,0.63,-0.8,6.0,2.7708333333333335,9.0,3.9875000000000003,-3.1779816307979076,1.8974235545752807,84.5,146.20833333333334,539.0,76.45833333333333,1008.2083333333334,1003.1,0.3916666666666666,-3.6,4.970833333333333,1.3,9.2,301.7910373272991,0.9291152842729422,3.41875,4.0875,9.0,84.625,-3.29025436990687,1.9162648430856772,301.7673098034261,0.16666666666666666,0,8,20.65,20.789999999999996,20.789999999999996,28.139999999999997,51.239999999999995,0.0,955.71,11.983333333333348,0.4208333333333485,1.5303571428571558,4.5875,0.4970833333333333,0.0,2.379166666666667,2.8,-0.8499751133075736,0.5268228419096664,-0.8501932100910908,0.5264708021486152,-2.685394478024232,1.6033229036161123,0.0,1.0,0.21548821548821556,1.0,40.32000000000001,1,0.6994387968749997,20.789999999999996,0.5124722222222222,18.312000000000005,31.542571892840567,3.9875000000000003,-2.0208333333333335,106,4,2024,197
2025-04-17,0.0,0.0,0,0.0,-0.2,14.4,8.549999999999999,6.6,2.783333333333333,-2.5094618129298722,-0.17821689006338895,66.20833333333333,307.5,600.0,59.916666666666664,1013.2125,1011.3,2.225,-3.6,11.4625,10.3,13.5,261.55656455812704,0.858411960322356,0.0,0.0,0.0,0.0,0.0,0.0,,0.2916666666666667,0,0,4.48,20.649999999999995,20.789999999999996,27.509999999999998,50.75,0.0,955.71,5.004166666666606,11.375,6.171428571428464,6.491666666666667,1.0,0.0,6.324999999999999,3.4,-0.989161304406613,-0.14683294543326406,-0.989161304406613,-0.14683294543326406,-1.6614728419773195,-0.11799443262946875,1.0,2.0,0.0,0.9932659932659932,0.0,2,0.0,10.324999999999998,0.7456944444444445,0.0,-0.0,5.566666666666666,5.779166666666665,107,4,2024,198
2025-04-18,0.0,0.5,0,0.0,7.6,16.5,11.1875,6.3,2.004166666666667,-1.1099949563640557,-0.6110615366645075,67.91666666666667,256.1666666666667,600.0,80.16666666666667,1013.9208333333332,1011.5,5.2875,1.1,12.633333333333333,11.3,14.8,234.38267317755975,0.589387117632804,0.0,0.0,0.0,0.0,0.0,0.0,,0.041666666666666664,0,0,0.0,4.479999999999997,20.789999999999996,27.299999999999997,34.019999999999996,0.0,955.71,0.7083333333332575,17.695833333333212,6.171428571428464,1.1708333333333325,1.0,0.0,5.9,6.5,-0.8129246840040159,-0.5823688334182823,-0.8129246840040159,-0.5823688334182823,-0.753871574530588,-0.41501262698464464,2.0,3.0,0.0,0.2154882154882154,0.0,3,0.0,1.4933333333333323,0.7305,0.0,-0.0,6.012500000000001,2.637500000000001,108,4,2024,199
2025-04-19,0.0,1.1,0,0.0,6.9,18.4,11.9125,5.2,2.279166666666667,-1.8135898554542766,-0.17685433830765698,79.125,298.0416666666667,600.0,75.375,1014.4499999999999,1012.3,8.0,5.9,14.354166666666666,11.5,16.8,267.201635650196,0.5526149422620932,0.0,0.0,0.0,0.0,0.0,0.0,,0.125,0,0,0.0,0.0,20.789999999999996,27.299999999999997,33.95,0.0,955.71,0.529166666666697,6.241666666666561,6.501190476190459,1.7208333333333332,1.0,0.0,3.9124999999999996,1.0,-0.9988075314723323,-0.048821256376152776,-0.9988075314723323,-0.048821256376152776,-1.4350029731281964,-0.13993599518593358,3.0,4.0,,0.0,0.0,4,0.0,0.0,0.7957777777777778,0.0,-0.0,9.116666666666667,0.7249999999999996,109,4,2024,200
2025-04-20,0.0,4.2,0,0.0,7.8,15.8,10.970833333333333,5.0,2.2791666666666663,-1.7500010041862462,0.7388691004870912,78.54166666666667,181.375,600.0,97.95833333333333,1013.0666666666666,1012.1,7.308333333333334,5.6,8.404166666666667,4.3,12.1,268.9996803282859,0.7013864315562133,0.0,0.0,0.0,0.0,0.0,0.0,,0.0,0,0,0.0,0.0,20.789999999999996,25.969999999999995,33.81,0.0,955.71,-1.3833333333333258,-0.14583333333337123,4.363690476190413,-5.949999999999999,0.8404166666666667,0.0,3.6624999999999996,2.2,-0.9998475977682002,-0.01745798491119085,-0.9998475977682002,-0.01745798491119085,-1.374479955371281,0.5803201060075696,4.0,5.0,,0.0,0.0,5,0.0,0.0,0.7160555555555557,0.0,-0.0,11.395833333333332,-0.9416666666666664,110,4,2024,201
2025-04-21,0.0,0.0,0,0.0,3.1,13.6,8.991666666666667,8.7,4.445833333333334,-1.7256433469404298,3.508670863175268,68.83333333333333,330.7916666666667,600.0,26.208333333333332,1017.5208333333334,1014.1,2.9458333333333333,-0.1,8.9625,5.6,10.5,333.97843056366844,0.7981313462665972,0.0,0.0,0.0,0.0,0.0,0.0,,0.75,0,0,0.0,0.0,20.65,25.689999999999998,33.81,0.0,955.71,4.454166666666765,3.6000000000001364,6.577380952381077,0.5583333333333336,0.89625,0.0,6.045833333333334,3.2,-0.438709473641094,0.8986289544286642,-0.438709473641094,0.8986289544286642,-1.1878178371439958,2.415135110818976,5.0,6.0,,0.0,0.0,6,0.0,0.0,0.7521944444444445,0.0,-0.0,26.675000000000004,-1.979166666666666,111,4,2024,202
2025-04-22,0.0,0.1,0,0.0,6.6,16.7,11.216666666666667,6.8,3.2083333333333335,0.907391034718051,-2.5945696888241403,65.0,296.2916666666667,600.0,68.20833333333333,1013.8958333333334,1010.1,4.666666666666667,-1.3,11.629166666666668,9.2,15.2,183.83844417387337,0.651803515039298,0.0,0.0,0.0,0.0,0.0,0.0,,0.2916666666666667,0,0,0.0,0.0,4.48,21.979999999999997,33.81,0.0,955.71,-3.625,-0.5541666666665606,0.4279761904761017,2.666666666666668,1.0,0.0,6.55,7.8999999999999995,-0.06694338767833836,-0.997756775394759,-0.06694338767833836,-0.997756775394759,0.5898041725667332,-1.6864702977356913,6.0,7.0,,0.0,0.0,6,0.0,0.0,0.7475277777777777,0.0,-0.0,19.25,2.2249999999999996,112,4,2024,203
2025-04-23,0.0,17.6,0,0.0,8.5,14.0,10.487499999999999,8.1,4.058333333333334,-0.6713720474290555,-2.381076469650275,94.16666666666667,103.54166666666667,508.0,100.0,1004.2291666666666,1001.6,9.549999999999999,8.0,10.145833333333334,7.4,12.4,217.28996791065734,0.44270724620535973,0.0,0.0,0.0,0.0,0.0,0.0,,0.0,0,0,0.0,0.0,0.0,20.789999999999996,33.81,0.0,955.71,-9.666666666666742,-8.837499999999977,-8.670238095238005,-1.4833333333333343,1.0,0.0,0.9375,0.5,-0.6058491091472253,-0.795579572981555,-0.6058491091472253,-0.795579572981555,-0.632208677995694,-2.242180342254009,7.0,8.0,,,0.0,6,0.0,0.0,0.6940277777777778,0.0,-0.0,24.35,-0.7291666666666679,113,4,2024,204
2025-04-24,0.0,0.0,0,0.0,8.0,16.0,11.116666666666667,4.4,2.0875,-0.937264775183345,0.5919108982690485,85.25,290.9166666666667,600.0,78.25,1004.4208333333332,1003.1,8.658333333333333,6.5,10.566666666666666,8.7,12.1,298.05381781499995,0.44961124463030677,0.0,0.0,0.0,0.0,0.0,0.0,,0.041666666666666664,0,0,0.0,0.0,0.0,20.789999999999996,32.620000000000005,0.0,955.71,0.19166666666660603,-13.100000000000136,-7.222619047619105,0.4208333333333325,1.0,0.0,2.458333333333334,1.5,-0.8825062296880227,0.4703007065291641,-0.8825062296880227,0.4703007065291641,-0.7990182208438016,0.5046040407743638,8.0,9.0,,,0.0,6,0.0,0.0,0.8114444444444445,0.0,-0.0,12.524999999999999,0.6291666666666682,114,4,2024,205
2025-04-25,0.0,0.0,0,0.0,5.3,12.0,9.275,5.5,3.483333333333333,-2.709513116147871,1.6850313991976724,71.625,267.1666666666667,600.0,94.04166666666667,1008.7541666666666,1005.2,4.2124999999999995,1.2,3.7458333333333336,0.1,9.7,294.63338050183285,0.9130320940669696,0.0,0.0,0.0,0.0,0.0,0.0,,0.0,0,0,0.0,0.0,0.0,20.789999999999996,32.620000000000005,0.0,955.71,4.333333333333371,-5.141666666666765,-2.151190476190436,-6.820833333333333,0.3745833333333334,0.0,5.062500000000001,4.1,-0.9089934297039927,0.4168104422336041,-0.9089934297039927,0.4168104422336041,-1.9406887694409127,1.2069037396753328,9.0,10.0,,,0.0,6,0.0,0.0,0.6835277777777778,0.0,-0.0,20.9,-1.8416666666666668,115,4,2024,206
2025-04-26,0.0,0.0,0,0.0,-0.6,9.8,5.283333333333333,8.8,4.554166666666666,-3.822749055824582,2.1247507596897197,64.83333333333333,338.7916666666667,600.0,25.791666666666668,1016.1374999999999,1014.6,-1.3625,-4.8,4.1875,2.1,7.4,304.2708742052952,0.9259290302302565,0.0,0.0,0.0,0.0,0.0,0.0,,0.7083333333333334,0,0,0.0,0.0,0.0,20.789999999999996,32.620000000000005,0.0,955.71,7.383333333333326,11.908333333333303,4.991071428571445,0.44166666666666643,0.41875,0.0,6.645833333333333,4.2,-0.8263846511507724,0.5631060364997131,-0.8263846511507724,0.5631060364997131,-2.478415637859604,1.3775467425321681,10.0,11.0,,,0.0,6,0.0,0.0,0.6597500000000002,0.0,-0.0,27.324999999999996,-3.991666666666667,116,4,2024,207
2025-04-27,0.0,0.0,0,0.0,-1.6,14.9,7.204166666666667,5.9,3.879166666666667,-3.5870782329137394,-0.6889972127951339,61.583333333333336,329.7083333333333,600.0,34.666666666666664,1015.5749999999999,1012.7,-0.004166666666666689,-9.4,11.554166666666667,8.9,13.9,260.57920741147655,0.9325590118219459,0.0,0.0,0.0,0.0,0.0,0.0,,0.5833333333333334,0,0,0.0,0.0,0.0,20.789999999999996,32.620000000000005,0.0,955.71,-0.5625,11.154166666666697,4.070238095238096,7.366666666666667,1.0,0.0,7.208333333333333,7.800000000000001,-0.9865128257950142,-0.16368397765797327,-0.9865128257950142,-0.16368397765797327,-2.209042345102711,-0.4243074502130033,11.0,12.0,,,0.0,6,0.0,0.0,0.7561944444444445,0.0,-0.0,23.275000000000002,1.9208333333333334,117,4,2024,208
2025-04-28,0.0,6.8,0,0.0,6.7,13.0,9.691666666666666,2.8,1.1208333333333333,-0.16298766412004698,0.017880815932667063,69.41666666666667,130.58333333333334,508.0,99.5,1008.9333333333334,1005.1,3.9375,0.2,5.841666666666666,1.9,10.0,292.187240729341,0.28884862099282294,0.0,0.0,0.0,0.0,0.0,0.0,,0.0,0,0,0.0,0.0,0.0,20.65,30.66,0.0,955.71,-6.641666666666538,0.17916666666678793,-1.3446428571427305,-5.712500000000001,0.5841666666666666,0.0,5.754166666666666,6.5,-0.9259547037013307,0.37763459414277833,-0.9259547037013307,0.37763459414277833,-0.11314060350999929,0.012412266393259722,12.0,13.0,,,0.0,6,0.0,0.0,0.6073333333333334,0.0,-0.0,6.725,2.4875,118,4,2024,209
2025-04-29,3.36,7.0,17,0.42,4.4,6.8,5.554166666666667,10.7,6.858333333333333,-5.63467911208323,3.8316510006220903,83.0,151.79166666666666,509.0,97.625,1007.5541666666667,1002.4,2.8708333333333336,0.6,2.4458333333333333,1.0,3.5,303.05409776119063,0.9930003086050447,5.464705882352941,7.6,10.7,81.76470588235294,-6.161135979904129,4.394412941263016,304.4753270026633,0.0,0,12,3.36,3.3599999999999963,3.36,7.84,33.11,0.0,959.0699999999999,-1.3791666666667197,-8.583333333333258,-1.817857142857065,-3.3958333333333326,0.24458333333333332,0.0,2.6833333333333336,3.8000000000000003,-0.8381559547010938,0.5454306515031017,-0.824370020910707,0.566051295046377,-4.676783663029081,3.180270330516335,0.0,14.0,1.000000000000001,0.9999999999999989,35.952,0,0.3447730588235291,3.3599999999999963,0.5289722222222223,25.535999999999998,0.0,0.0,-4.137499999999999,119,4,2024,210
2025-04-30,0.0,0.0,0,0.0,0.1,12.4,7.154166666666666,5.9,3.6291666666666664,-2.6593146009580186,2.0127453980974788,69.0,341.5416666666667,600.0,6.75,1018.1208333333334,1015.5,1.4833333333333334,-3.2,8.654166666666667,4.3,10.4,304.4924171007442,0.8368449274227441,0.0,0.0,0.0,0.0,0.0,0.0,,0.9166666666666666,0,0,3.36,3.3599999999999963,3.36,3.36,33.04,0.0,959.0699999999999,10.56666666666672,2.545833333333462,6.764285714285734,6.208333333333334,0.8654166666666667,0.0,5.6708333333333325,3.3000000000000003,-0.824201143320634,0.5662971616995441,-0.824201143320634,0.5662971616995441,-1.8349270746610329,1.3887943246872603,1.0,15.0,0.0,0.9999999999999989,0.0,1,0.0,1.6799999999999982,0.73325,0.0,-0.0,3.6291666666666664,1.5999999999999988,120,4,2024,211
2025-05-01,0.0,0.0,0,0.0,6.2,16.5,10.5625,9.0,4.683333333333334,1.5868287469358184,-3.9429219097951607,63.708333333333336,329.6666666666667,600.0,18.583333333333332,1018.9458333333333,1016.0,3.5083333333333333,-3.5,10.116666666666667,6.9,14.6,174.641123524306,0.7952922282009453,0.0,0.0,0.0,0.0,0.0,0.0,,0.75,0,0,0.0,3.3599999999999963,3.36,3.36,32.199999999999996,0.0,959.0699999999999,0.8249999999999318,10.012499999999932,5.514285714285734,1.4625000000000004,1.0,0.0,7.054166666666667,9.7,0.09339373360017598,-0.9956292535498439,0.09339373360017598,-0.9956292535498439,1.0109421475270277,-2.5119698333653337,2.0,16.0,0.0,0.9999999999999989,0.0,2,0.0,1.1199999999999988,0.7654722222222222,0.0,-0.0,9.366666666666667,3.408333333333334,121,5,2024,212
2025-05-02,0.0,3.8,0,0.0,6.5,10.2,8.566666666666666,16.4,7.2625,1.3022101458427404,-5.52518162677488,94.0,85.45833333333333,265.0,99.25,1010.0958333333333,1006.0,7.633333333333333,4.7,5.595833333333334,3.0,7.8,183.2107656415809,0.5127662428184124,0.0,0.0,0.0,0.0,0.0,0.0,,0.0,0,0,0.0,0.0,3.36,3.36,31.5,0.0,959.0699999999999,-8.850000000000023,2.5416666666666288,-3.5273809523810087,-4.520833333333333,0.5595833333333334,0.0,0.9333333333333336,1.7999999999999998,-0.05600910692434648,-0.9984302579256786,-0.05600910692434648,-0.9984302579256786,1.224077537092176,-5.193670729168388,3.0,17.0,,0.0,0.0,3,0.0,0.0,0.5969722222222221,0.0,-0.0,21.7875,-1.9958333333333336,122,5,2024,213
2025-05-03,0.0,2.0,0,0.0,2.2,13.8,8.704166666666667,7.0,2.6,-1.2909327460218194,0.04746213947122633,73.5,257.5,600.0,64.95833333333333,1007.1999999999999,1004.6,3.920833333333334,0.1,8.320833333333333,4.0,10.6,276.003619278565,0.2559540076296469,0.0,0.0,0.0,0.0,0.0,0.0,,0.25,0,0,0.0,0.0,3.36,3.36,30.869999999999997,0.0,959.0699999999999,-2.8958333333333712,-10.920833333333462,-5.146428571428714,2.7249999999999988,0.8320833333333333,0.0,4.783333333333333,2.1,-0.994515290495887,0.10459128534386354,-0.994515290495887,0.10459128534386354,-0.9488355683260373,0.034884672511351356,4.0,18.0,,0.0,0.0,4,0.0,0.0,0.7233333333333333,0.0,-0.0,10.4,0.13750000000000107,123,5,2024,214
2025-05-04,0.0,4.1,0,0.0,2.2,11.4,7.9624999999999995,5.5,3.1,-2.6697273436439395,0.35270097006656526,83.0,161.79166666666666,600.0,97.125,1007.3958333333334,1003.8,5.1625000000000005,1.7,5.4375,3.6,7.4,268.8862670988547,0.8183195693412207,0.0,0.0,0.0,0.0,0.0,0.0,,0.0,0,0,0.0,0.0,3.36,3.36,30.66,0.0,959.0699999999999,0.19583333333343944,-11.549999999999955,-3.782142857142844,-2.883333333333333,0.54375,0.0,2.799999999999999,0.5000000000000002,-0.999811082076363,-0.019437082015879563,-0.999811082076363,-0.019437082015879563,-2.2158736952244698,0.29274180515524917,5.0,19.0,,0.0,0.0,5,0.0,0.0,0.6378611111111111,0.0,-0.0,15.5,-0.741666666666668,124,5,2024,215
2025-05-05,0.0,0.30000000000000004,0,0.0,0.5,13.9,8.091666666666667,4.5,2.2291666666666665,-1.4236347657947306,0.3478084242260791,68.375,335.875,600.0,62.375,1012.8916666666668,1010.7,2.1374999999999997,-0.8,7.6499999999999995,5.4,9.5,292.6421348855703,0.661443182564618,0.0,0.0,0.0,0.0,0.0,0.0,,0.2916666666666667,0,0,0.0,0.0,3.36,3.36,30.66,0.0,959.0699999999999,5.495833333333394,2.795833333333462,1.1482142857144026,2.2124999999999995,0.7649999999999999,0.0,5.9541666666666675,1.3,-0.922927359609856,0.3849741405387896,-0.922927359609856,0.3849741405387896,-0.973410271112147,0.23781401006458158,6.0,20.0,,0.0,0.0,6,0.0,0.0,0.7607222222222222,0.0,-0.0,13.375,0.12916666666666732,125,5,2024,216
2025-05-06,0.0,17.7,0,0.0,7.2,8.9,7.941666666666666,8.2,3.141666666666666,1.2119770787779107,-2.601890342311157,91.79166666666667,101.04166666666667,305.0,99.54166666666667,1008.2083333333334,1001.0,6.683333333333334,5.2,6.2124999999999995,4.0,7.7,168.6667464152237,0.7798440519551847,0.0,0.0,0.0,0.0,0.0,0.0,,0.0,0,0,0.0,0.0,0.0,3.36,29.33,0.0,959.0699999999999,-4.683333333333394,1.0083333333334394,-3.6285714285713766,-1.4375,0.62125,0.0,1.2583333333333329,2.0,0.19651524479861626,-0.9805007692815646,0.19651524479861626,-0.9805007692815646,1.112493960228224,-2.3883185100464495,7.0,21.0,,,0.0,6,0.0,0.0,0.5711111111111111,0.0,-0.0,18.849999999999998,-0.15000000000000036,126,5,2024,217
2025-05-07,0.0,17.9,0,0.0,3.1,10.1,7.029166666666666,9.9,5.933333333333334,-3.652198482916416,4.5982390321979825,81.33333333333333,244.83333333333334,600.0,59.708333333333336,1009.8916666666668,1002.4,3.9166666666666665,0.9,3.9458333333333333,3.3,5.2,318.88157273396416,0.9827122851727969,0.0,0.0,0.0,0.0,0.0,0.0,,0.3333333333333333,0,0,0.0,0.0,0.0,3.36,29.049999999999997,0.0,959.0699999999999,1.683333333333394,2.495833333333394,-0.7696428571427987,-2.266666666666666,0.39458333333333334,0.0,3.1124999999999994,2.2,-0.6576175701853904,0.753351930629678,-0.6576175701853904,0.753351930629678,-2.9704547661053518,3.7399010795210255,8.0,22.0,,,0.0,6,0.0,0.0,0.6587777777777778,0.0,-0.0,35.6,-0.9125000000000005,127,5,2024,218
2025-05-08,0.0,0.0,0,0.0,0.7,13.6,7.983333333333333,3.7,1.9208333333333334,0.3223245484943738,-0.7979617687864272,64.25,353.625,600.0,15.666666666666666,1020.6541666666667,1017.5,1.375,-6.6,7.970833333333334,4.6,10.5,177.65396715650496,0.31758000067606934,0.0,0.0,0.0,0.0,0.0,0.0,,0.8333333333333334,0,0,0.0,0.0,0.0,3.36,25.34,0.0,959.0699999999999,10.762499999999932,7.762499999999932,9.748809523809427,4.025,0.7970833333333334,0.0,6.608333333333333,7.3,0.04093455693402998,-0.9991618297596314,0.04093455693402998,-0.9991618297596314,0.20709352240763518,-0.5126904364452795,9.0,23.0,,,0.0,6,0.0,0.0,0.7521388888888888,0.0,-0.0,11.525,0.9541666666666675,128,5,2024,219
2025-05-09,0.0,8.600000000000001,0,0.0,6.2,16.1,10.137500000000001,11.1,5.8125,2.187396082708404,-5.140653625384192,85.83333333333333,223.83333333333334,600.0,100.0,1020.525,1015.4,7.75,5.1,8.895833333333334,6.9,11.1,163.8198228816406,0.9319153058765105,0.0,0.0,0.0,0.0,0.0,0.0,,0.0,0,0,0.0,0.0,0.0,3.36,24.15,0.0,959.0699999999999,-0.12916666666671972,12.316666666666606,8.12976190476195,0.9249999999999998,0.8895833333333334,0.0,2.387500000000001,1.1000000000000005,0.27865885217090686,-0.9603901520250989,0.27865885217090686,-0.9603901520250989,1.8775149709913799,-4.412394361788098,10.0,24.0,,,0.0,6,0.0,0.0,0.7686666666666667,0.0,-0.0,34.875,2.1541666666666677,129,5,2024,220
2025-05-10,0.0,30.6,0,0.0,8.1,17.7,11.112499999999999,8.1,4.116666666666666,1.1079180145898684,-2.4574084521914092,92.08333333333333,206.04166666666666,600.0,97.625,1003.9416666666666,997.3,9.7875,7.0,11.695833333333333,7.2,18.6,150.57099865324855,0.5909111579314187,0.0,0.0,0.0,0.0,0.0,0.0,,0.0,0,0,0.0,0.0,0.0,3.36,24.15,0.0,959.0699999999999,-16.58333333333337,-5.950000000000159,-7.988095238095298,2.799999999999999,1.0,0.0,1.3249999999999993,1.0999999999999996,0.4913446721232016,-0.8709652192689118,0.4913446721232016,-0.8709652192689118,1.0202078384348372,-2.2628636163929228,11.0,25.0,,,0.0,6,0.0,0.0,0.7776388888888889,0.0,-0.0,24.699999999999996,0.9749999999999979,130,5,2024,221
2025-05-11,0.0,12.7,0,0.0,7.0,12.8,9.479166666666666,6.7,2.7916666666666665,-2.4033697550678568,1.1106861145748212,83.70833333333333,211.45833333333334,600.0,97.54166666666667,1005.2041666666668,1001.5,6.779166666666666,5.7,7.9624999999999995,6.4,10.1,287.19755127056317,0.879975706815052,0.0,0.0,0.0,0.0,0.0,0.0,,0.0,0,0,0.0,0.0,0.0,3.36,24.15,0.0,959.0699999999999,1.2625000000001592,-15.449999999999932,-6.412500000000023,-3.7333333333333334,0.7962499999999999,0.0,2.7,1.2999999999999998,-0.9552909993362113,0.2956672227136833,-0.9552909993362113,0.2956672227136833,-2.0118207658047185,0.9297368350753399,12.0,26.0,,,0.0,6,0.0,0.0,0.7044444444444444,0.0,-0.0,16.75,-1.6333333333333329,131,5,2024,222
2025-05-12,0.0,8.200000000000001,0,0.0,6.2,12.1,9.341666666666667,4.8,1.9749999999999999,-1.7280417804773869,0.7680499245371276,82.79166666666667,138.41666666666666,498.0,99.08333333333333,1008.9916666666667,1006.6,6.520833333333333,5.0,7.766666666666667,6.9,9.1,298.43615528617755,0.9534806153849639,0.0,0.0,0.0,0.0,0.0,0.0,,0.0,0,0,0.0,0.0,0.0,3.36,24.15,0.0,959.0699999999999,3.787499999999909,-11.533333333333303,-2.0678571428571786,-0.19583333333333286,0.7766666666666666,0.0,2.8208333333333337,1.2000000000000002,-0.879348265182539,0.47617919790816066,-0.879348265182539,0.47617919790816066,-1.4306745907535698,0.6358813333563637,13.0,27.0,,,0.0,6,0.0,0.0,0.6371388888888889,0.0,-0.0,11.85,-0.1374999999999993,132,5,2024,223
2025-05-13,0.0,0.0,0,0.0,4.0,16.4,10.833333333333334,4.6,2.0333333333333337,-1.2362091077094004,0.2638940832766717,75.16666666666667,353.2916666666667,600.0,35.375,1017.6333333333333,1014.0,6.204166666666667,2.3,11.924999999999999,8.8,13.0,295.7507732410127,0.47550572994097406,0.0,0.0,0.0,0.0,0.0,0.0,,0.5833333333333334,0,0,0.0,0.0,0.0,0.0,24.15,0.0,959.0699999999999,8.641666666666652,13.69166666666672,5.227380952380827,4.158333333333332,1.0,0.0,4.629166666666667,1.7000000000000002,-0.9006923761404617,0.4344574128294383,-0.9006923761404617,0.4344574128294383,-0.9292171792948993,0.19836038592963157,14.0,28.0,,,0.0,6,0.0,0.0,0.8194166666666667,0.0,-0.0,12.200000000000003,1.4916666666666671,133,5,2024,224
2025-05-14,0.0,0.0,0,0.0,9.3,16.8,12.604166666666666,5.2,1.7416666666666665,-0.15136973499065087,-0.763119927102995,74.875,272.9583333333333,600.0,67.25,1021.1208333333334,1019.6,8.083333333333334,4.8,12.520833333333334,10.7,14.5,194.9183356434131,0.29245702298654475,0.0,0.0,0.0,0.0,0.0,0.0,,0.3333333333333333,0,0,0.0,0.0,0.0,0.0,24.009999999999998,0.0,959.0699999999999,3.487500000000068,15.916666666666629,7.11071428571438,0.595833333333335,1.0,0.0,4.520833333333332,4.500000000000001,-0.2574420370928954,-0.9662937428843572,-0.2574420370928954,-0.9662937428843572,-0.11333808907424985,-0.5713860454183676,15.0,29.0,,,0.0,6,0.0,0.0,0.7648888888888888,0.0,-0.0,10.45,1.7708333333333321,134,5,2024,225
2025-05-15,0.0,0.0,0,0.0,6.5,16.0,11.683333333333332,5.5,2.5875,-0.37730023174719035,-1.4128166593134368,86.70833333333333,251.29166666666666,600.0,89.625,1021.1166666666667,1019.3,9.441666666666666,6.1,11.970833333333333,10.6,14.2,213.3727929801138,0.5791581994602553,0.0,0.0,0.0,0.0,0.0,0.0,,0.0,0,0,0.0,0.0,0.0,0.0,7.84,0.0,959.0699999999999,-0.0041666666667197205,12.125,7.040476190476284,-0.5500000000000007,1.0,0.0,2.2416666666666654,0.40000000000000036,-0.5500842487958848,-0.8351091660535568,-0.5500842487958848,-0.8351091660535568,-0.32715074261079297,-1.225029778346359,16.0,30.0,,,0.0,6,0.0,0.0,0.789888888888889,0.0,-0.0,15.524999999999999,-0.9208333333333343,135,5,2024,226
2025-05-16,0.0,1.3,0,0.0,6.9,16.5,12.0875,5.6,3.2416666666666667,0.4104805641616693,-2.2062482533920957,83.0,287.9583333333333,600.0,99.54166666666667,1020.8375,1018.8,9.116666666666667,5.7,12.416666666666666,10.3,15.1,188.66172624302513,0.6200383212186195,0.0,0.0,0.0,0.0,0.0,0.0,,0.0,0,0,0.0,0.0,0.0,0.0,3.36,0.0,959.0699999999999,-0.279166666666697,3.2041666666666515,6.716666666666583,0.44583333333333286,1.0,0.0,2.970833333333333,1.2000000000000002,-0.1506004695906029,-0.9885947089475494,-0.1506004695906029,-0.9885947089475494,0.3406988682541855,-1.8311860503154396,17.0,31.0,,,0.0,6,0.0,0.0,0.8019722222222222,0.0,-0.0,19.45,0.40416666666666856,136,5,2024,227
2025-05-17,0.0,16.3,0,0.0,10.4,15.4,12.145833333333334,10.1,4.508333333333334,1.0932281159661426,-3.893656431977645,96.5,120.91666666666667,510.0,96.5,1011.3125,1005.9,11.5875,10.4,15.616666666666667,10.9,17.7,169.06712298164956,0.8485734993447099,0.0,0.0,0.0,0.0,0.0,0.0,,0.0,0,0,0.0,0.0,0.0,0.0,3.36,0.0,959.0699999999999,-9.524999999999977,-9.808333333333394,-3.8613095238096093,3.200000000000001,1.0,0.0,0.5583333333333336,0.0,0.18965887173550725,-0.9818500457666712,0.18965887173550725,-0.9818500457666712,1.0549651319073277,-3.7573784568584276,18.0,32.0,,,0.0,6,0.0,0.0,0.7356111111111111,0.0,-0.0,27.050000000000004,0.05833333333333357,137,5,2024,228
2025-05-18,0.0,2.1,0,0.0,10.1,20.0,13.954166666666666,3.7,2.0208333333333335,-1.7409474136021583,0.15022487227826653,87.04166666666667,257.2916666666667,600.0,99.0,1008.275,1006.5,11.666666666666666,8.9,12.120833333333332,8.3,16.9,272.68660525611267,0.8325812665158155,0.0,0.0,0.0,0.0,0.0,0.0,,0.0,0,0,0.0,0.0,0.0,0.0,3.36,0.0,959.0699999999999,-3.0375000000000227,-12.841666666666697,-7.337500000000091,-3.4958333333333353,1.0,0.0,2.2874999999999996,1.1999999999999993,-0.9989008603234204,0.04687292656886903,-0.9989008603234204,0.04687292656886903,-1.5153496445895454,0.1307582325788745,19.0,33.0,,,0.0,6,0.0,0.0,0.795,0.0,-0.0,12.125,1.8083333333333318,138,5,2024,229
2025-05-19,0.0,0.7000000000000001,0,0.0,9.9,21.2,13.654166666666667,6.1,1.9541666666666666,-0.9079598838170749,-0.565981047974356,79.08333333333333,286.7916666666667,600.0,62.291666666666664,1010.4583333333334,1008.8,9.766666666666667,8.4,14.741666666666667,9.8,16.5,233.77485820670387,0.5866732389085498,0.0,0.0,0.0,0.0,0.0,0.0,,0.125,0,0,0.0,0.0,0.0,0.0,3.36,0.0,959.0699999999999,2.183333333333394,-10.379166666666606,-5.363690476190527,2.6208333333333353,1.0,0.0,3.8874999999999993,1.5,-0.8067010725171209,-0.5909597106400122,-0.8067010725171209,-0.5909597106400122,-0.7180449414520034,-0.4475966787730532,20.0,34.0,,,0.0,6,0.0,0.0,0.7881388888888888,0.0,-0.0,11.725,-0.29999999999999893,139,5,2024,230
2025-05-20,0.0,0.4,0,0.0,10.8,22.5,16.283333333333335,4.8,2.4,-2.127311832165166,0.3251353472726866,75.875,270.875,600.0,42.458333333333336,1012.1916666666666,1009.9,11.762500000000001,4.3,17.545833333333334,15.6,19.3,278.85769627885065,0.9137630798681422,0.0,0.0,0.0,0.0,0.0,0.0,,0.3333333333333333,0,0,0.0,0.0,0.0,0.0,3.36,0.0,959.0699999999999,1.7333333333332348,0.879166666666606,-2.8529761904762836,2.804166666666667,1.0,0.0,4.520833333333334,6.500000000000001,-0.9880738252143604,0.15398089467937756,-0.9880738252143604,0.15398089467937756,-1.6140978526553196,0.24669644474315094,21.0,35.0,,,0.0,6,0.0,0.0,0.7668333333333334,0.0,-0.0,14.399999999999999,2.629166666666668,140,5,2024,231
2025-05-21,0.0,0.3,0,0.0,11.2,27.5,19.3,5.7,2.558333333333333,-0.7749388665673654,-0.19025798620424175,76.0,309.8333333333333,600.0,90.75,1011.7375000000001,1008.7,14.416666666666666,8.6,17.579166666666666,14.5,21.4,265.57190581600634,0.3280682070744891,0.0,0.0,0.0,0.0,0.0,0.0,,0.041666666666666664,0,0,0.0,0.0,0.0,0.0,3.36,0.0,959.0699999999999,-0.4541666666665378,3.462500000000091,-1.9666666666664696,0.03333333333333144,1.0,0.0,4.883333333333335,2.5999999999999996,-0.9970150142657842,-0.07720790975410584,-0.9970150142657842,-0.07720790975410584,-0.5889535385911977,-0.14459606951522372,22.0,36.0,,,0.0,6,0.0,0.0,0.7932222222222222,0.0,-0.0,15.349999999999998,3.0166666666666657,141,5,2024,232
2025-05-22,0.0,3.3,0,0.0,12.4,23.7,17.654166666666665,10.1,6.550000000000001,-3.1696206832793945,4.834677292847841,88.08333333333333,252.375,600.0,96.125,1005.625,1003.4,15.450000000000001,11.9,10.950000000000001,7.7,15.4,320.8859583777699,0.8748568093485714,0.0,0.0,0.0,0.0,0.0,0.0,,0.0,0,0,0.0,0.0,0.0,0.0,3.36,0.0,959.0699999999999,-6.112500000000068,-4.833333333333371,-5.866071428571445,-6.629166666666665,1.0,0.0,2.204166666666664,0.5,-0.6308659761543361,0.7758918224410131,-0.6308659761543361,0.7758918224410131,-2.7919075518552665,4.25854491545014,23.0,37.0,,,0.0,6,0.0,0.0,0.7951944444444444,0.0,-0.0,39.300000000000004,-1.6458333333333357,142,5,2024,233
2025-05-23,0.0,0.0,0,0.0,8.8,20.9,14.791666666666666,8.8,4.216666666666667,0.4704157154145962,1.9220153389277905,74.04166666666667,296.5416666666667,600.0,90.66666666666667,1012.375,1009.5,9.775,5.8,9.908333333333333,8.4,12.2,41.08216345913635,0.3650440665376161,0.0,0.0,0.0,0.0,0.0,0.0,,0.0,0,0,0.0,0.0,0.0,0.0,3.36,0.0,959.0699999999999,6.75,0.18333333333339397,2.0928571428572695,-1.0416666666666679,0.9908333333333333,0.0,5.016666666666666,3.000000000000001,0.657140624863591,0.7537680008821608,0.657140624863591,0.7537680008821608,0.3483036359548906,1.4230921905311182,24.0,38.0,,,0.0,6,0.0,0.0,0.7778333333333333,0.0,-0.0,25.3,-2.862499999999999,143,5,2024,234
2025-05-24,0.0,23.2,0,0.0,8.9,15.6,12.4,11.1,6.283333333333334,2.1495224830788504,-5.440887033809464,95.95833333333333,123.79166666666667,600.0,99.16666666666667,1013.5291666666667,1009.3,11.737499999999999,8.9,10.116666666666667,8.7,12.6,168.0277994637766,0.7653926134485839,0.0,0.0,0.0,0.0,0.0,0.0,,0.0,0,0,0.0,0.0,0.0,0.0,3.36,0.0,959.0699999999999,1.154166666666697,1.7916666666666288,2.930357142857133,0.20833333333333393,1.0,0.0,0.6625000000000014,0.0,0.20743707680388349,-0.9782483627213795,0.20743707680388349,-0.9782483627213795,2.062645949387747,-5.220984516192998,25.0,39.0,,,0.0,6,0.0,0.0,0.7357222222222223,0.0,-0.0,37.7,-2.3916666666666657,144,5,2024,235
2025-05-25,0.0,20.9,0,0.0,10.7,18.2,13.549999999999999,11.4,7.195833333333333,-4.38209546734566,1.3580936841679099,92.79166666666667,103.75,459.0,99.79166666666667,1006.5083333333333,1002.0,12.329166666666666,9.6,7.6125,4.1,13.3,286.45911232121125,0.6851930944818092,0.0,0.0,0.0,0.0,0.0,0.0,,0.0,0,0,0.0,0.0,0.0,0.0,3.36,0.0,959.0699999999999,-7.020833333333371,0.8833333333333258,-3.8380952380953204,-2.5041666666666673,0.76125,0.0,1.2208333333333332,1.0999999999999996,-0.9590221710486588,0.2833310350757874,-0.9590221710486588,0.2833310350757874,-4.066219419074494,1.2601977644341398,26.0,40.0,,,0.0,6,0.0,0.0,0.7118055555555557,0.0,-0.0,43.175,1.1499999999999986,145,5,2024,236
2025-05-26,0.0,0.0,0,0.0,8.5,16.4,12.683333333333332,7.1,4.0249999999999995,0.07989798354786531,1.9456132164808138,78.29166666666667,233.08333333333334,600.0,97.875,1018.0791666666668,1014.4,8.758333333333333,6.1,7.266666666666667,4.9,8.3,15.485892902161684,0.35331630973445605,0.0,0.0,0.0,0.0,0.0,0.0,,0.0,0,0,0.0,0.0,0.0,0.0,3.36,0.0,959.0699999999999,11.57083333333344,5.704166666666765,6.644047619047683,-0.3458333333333332,0.7266666666666667,0.0,3.924999999999999,2.4000000000000004,0.2670011074142777,0.9636962221776888,0.2670011074142777,0.9636962221776888,0.0625534629526829,1.5232530140697704,27.0,41.0,,,0.0,6,0.0,0.0,0.7496944444444443,0.0,-0.0,24.15,-0.8666666666666671,146,5,2024,237
2025-05-27,0.0,2.2,0,0.0,9.3,18.7,13.65,7.3,4.004166666666666,2.196069027359732,-2.509888602733558,82.04166666666667,232.54166666666666,600.0,99.16666666666667,1021.6791666666667,1019.7,10.458333333333334,7.3,9.408333333333333,8.0,11.7,158.24183995987957,0.6983734063901292,0.0,0.0,0.0,0.0,0.0,0.0,,0.0,0,0,0.0,0.0,0.0,0.0,3.36,0.0,959.0699999999999,3.599999999999909,8.149999999999977,8.888690476190504,2.1416666666666666,0.9408333333333333,0.0,3.1916666666666664,2.000000000000001,0.370689714405847,-0.9287567688225543,0.370689714405847,-0.9287567688225543,1.80169163119638,-2.0591544411593232,28.0,42.0,,,0.0,6,0.0,0.0,0.7618333333333333,0.0,-0.0,24.025,0.9666666666666686,147,5,2024,238
2025-05-28,0.0,3.8000000000000003,0,0.0,10.9,19.4,14.845833333333333,5.9,2.816666666666667,-0.03641407372725198,1.3932943291045978,82.5,275.375,600.0,80.58333333333333,1019.9333333333334,1017.9,11.570833333333333,10.1,10.6,10.1,11.5,322.8279745516887,0.3528846087470309,0.0,0.0,0.0,0.0,0.0,0.0,,0.0,0,0,0.0,0.0,0.0,0.0,3.36,0.0,959.0699999999999,-1.7458333333332803,13.425000000000068,5.972023809523876,1.1916666666666664,1.0,0.0,3.2750000000000004,0.8000000000000007,-0.604210138647514,0.7968250174006536,-0.604210138647514,0.7968250174006536,-0.03004161082498288,1.1494678215112932,29.0,43.0,,,0.0,6,0.0,0.0,0.7919166666666667,0.0,-0.0,16.900000000000002,1.1958333333333329,148,5,2024,239
2025-05-29,0.0,1.7000000000000002,0,0.0,9.7,20.2,14.695833333333333,3.9,2.0124999999999997,0.5279012316819068,-0.2835906513663236,86.0,206.70833333333334,600.0,100.0,1017.9,1016.3,11.966666666666667,9.6,10.645833333333334,8.4,12.8,180.28437117220903,0.1474715787723815,0.0,0.0,0.0,0.0,0.0,0.0,,0.0,0,0,0.0,0.0,0.0,0.0,0.0,0.0,959.0699999999999,-2.0333333333334167,-0.17916666666678793,2.185119047618855,0.04583333333333428,1.0,0.0,2.729166666666666,0.09999999999999964,-0.004963192875954584,-0.9999876832823873,-0.004963192875954584,-0.9999876832823873,0.4539950592464399,-0.24388796017503828,30.0,44.0,,,0.0,6,0.0,0.0,0.7578055555555556,0.0,-0.0,12.075,-0.15000000000000036,149,5,2024,240
2025-05-30,0.0,3.4,0,0.0,9.9,17.2,12.491666666666667,12.3,6.220833333333334,1.9384067064411317,-5.077582106188097,89.66666666666667,178.875,600.0,89.75,1012.3791666666666,1008.7,10.779166666666667,8.6,8.845833333333333,8.0,10.3,170.17819144084237,0.7633664950266424,0.0,0.0,0.0,0.0,0.0,0.0,,0.0,0,0,0.0,0.0,0.0,0.0,0.0,0.0,959.0699999999999,-5.520833333333371,-9.300000000000068,-3.3363095238097458,-1.8000000000000007,0.8845833333333333,0.0,1.7125000000000004,1.3000000000000007,0.17058456378084694,-0.985343040062545,0.17058456378084694,-0.985343040062545,1.7381046801088815,-4.552898621881994,31.0,45.0,,,0.0,6,0.0,0.0,0.7514722222222222,0.0,-0.0,37.325,-2.2041666666666657,150,5,2024,241
2025-05-31,0.0,5.2,0,0.0,9.2,17.4,13.200000000000001,10.3,5.5,-0.8478593631005035,4.882495281990487,89.375,135.875,485.0,75.125,1003.0583333333334,1000.1,11.433333333333332,7.9,8.820833333333333,8.1,10.5,343.4775030395836,0.8641792549048395,0.0,0.0,0.0,0.0,0.0,0.0,,0.08333333333333333,0,0,0.0,0.0,0.0,0.0,0.0,0.0,959.0699999999999,-9.320833333333212,-16.875,-11.161309523809564,-0.025000000000000355,0.8820833333333333,0.0,1.7666666666666693,1.299999999999999,-0.2843917995640966,0.9587081434621773,-0.2843917995640966,0.9587081434621773,-0.757774305771075,4.363730158278998,32.0,46.0,,,0.0,6,0.0,0.0,0.7218333333333332,0.0,-0.0,33.0,0.7083333333333339,151,5,2024,242
